Ticker,Precio,Cierre_Confirmado,Fecha_Cierre_Confirmado,Precio_Es_Intradiario,Low,High,Change (%),RS 20D,Credit Stress,Market Cap,P/E,Forward P/E,P/Book,ROE,ROA,Operating Margin,Net Margin,FCF Yield,EV/EBITDA,Debt/Equity,Current Ratio,Piotroski,Fund Source,Grain_IS,ZC_Surprise,ZS_Surprise,SPX_Quarterly_Divisor,SPX_ROC_63d,z_MOVE_inv,MOVE_price,Earnings_Next_Date,Earnings_Days_To_Next,Earnings_Last_Date,Earnings_Days_Since,Earnings_Source,piotroski_roa_positive,piotroski_d_roa,piotroski_cfo_positive,piotroski_cfo_gt_ni,piotroski_d_leverage,piotroski_d_liquidity,piotroski_no_dilution,piotroski_d_margin,piotroski_d_turnover,roc_5d,roc_10d,roc_42d,roc_63d,vol_5d,vol_60d,high_20d,high_60d,high_252d,drawdown_20d,drawdown_60d,drawdown_252d
^GSPC,7764.7001953125,7764.7002,2026-09-21,False,7691.18994140625,7779.22021484375,1.49,2.34,BAJO,,,,,,,,,,,,,,NONE,1.2561,1.4372,1.1353,0.057369,3.9063,-0.6476,81.2,,999,,,none,,,,,,,,,,1.8992,0.5973,3.5437,3.9063,14.1099,11.4444,7764.7002,7798.9902,,0.0,-0.4397,
^DJI,52048.828125,52048.8281,2026-09-21,False,51747.6796875,52128.578125,0.71,-0.92,BAJO,,,,,,,,,,,,,,NONE,1.2561,1.4372,1.1353,0.057369,3.9063,-0.6476,81.2,,999,,,none,,,,,,,,,,-0.7103,-2.5563,-0.3251,0.65,14.14,11.8325,53686.1094,54349.1211,,-3.0497,-4.2324,
^IXIC,27122.09375,27122.0938,2026-09-21,False,26707.41796875,27183.927734375,2.26,2.09,BAJO,,,,,,,,,,,,,,NONE,1.2561,1.4372,1.1353,0.057369,3.9063,-0.6476,81.2,,999,,,none,,,,,,,,,,3.5732,2.3205,5.5708,3.6516,16.9794,17.9294,27122.0938,27122.0938,,0.0,0.0,
^RUT,2875.360107421875,2875.3601,2026-09-21,False,2860.396484375,2883.4638671875,0.52,-5.86,BAJO,,,,,,,,,,,,,,NONE,1.2561,1.4372,1.1353,0.057369,3.9063,-0.6476,81.2,,999,,,none,,,,,,,,,,-0.5836,-3.3703,-2.8575,-4.295,9.057,13.1072,3014.3401,3068.4199,,-4.6106,-6.2918,
^VIX,14.869999885559082,14.87,2026-09-21,False,14.600000381469727,15.130000114440918,0.41,-15.51,BAJO,,,,,,,,,,,,,,NONE,1.2561,1.4372,1.1353,0.057369,3.9063,-0.6476,81.2,,999,,,none,,,,,,,,,,-13.0409,-2.8105,-20.4813,-23.7045,110.0378,102.0088,17.84,20.66,,-16.648,-28.0252,
^MOVE,81.19740295410156,81.1974,2026-09-21,False,80.63500213623047,81.19740295410156,0.69,14.4,BAJO,,,,,,,,,,,,,,NONE,1.2561,1.4372,1.1353,0.057369,3.9063,-0.6476,81.2,,999,,,none,,,,,,,,,,-3.2212,11.0772,6.4047,15.9632,80.0179,69.4746,83.9,83.9,,-3.2212,-3.2212,
^TNX,4.963000297546387,4.963,2026-09-21,False,4.950999736785889,4.97599983215332,-0.7,8.5,BAJO,,,,,,,,,,,,,,NONE,1.2561,1.4372,1.1353,0.057369,3.9063,-0.6476,81.2,,999,,,none,,,,,,,,,,0.0403,3.7416,6.5708,10.0688,15.5468,13.2567,5.006,5.006,,-0.859,-0.859,
^IRX,3.9819998741149902,3.982,2026-09-21,False,3.9730000495910645,3.986999988555908,0.1,6.64,BAJO,,,,,,,,,,,,,,NONE,1.2561,1.4372,1.1353,0.057369,3.9063,-0.6476,81.2,,999,,,none,,,,,,,,,,1.1944,5.9888,6.3284,8.2065,3.178,11.4984,3.982,3.982,,0.0,0.0,
DX-Y.NYB,100.42500305175781,100.425,2026-09-21,False,100.17900085449219,100.45099639892578,0.2,-2.15,BAJO,,,,,,,,,,,,,,NONE,1.2561,1.4372,1.1353,0.057369,3.9063,-0.6476,81.2,,999,,,none,,,,,,,,,,0.9702,1.2757,-0.7069,-0.589,5.325,4.6606,100.425,101.51,,0.0,-1.0689,
^N225,65018.94921875,65018.9492,2026-09-18,False,64403.8515625,65436.5703125,1.38,-10.06,BAJO,,,,,,,,,,,,,,NONE,1.2561,1.4372,1.1353,0.057369,3.9063,-0.6476,81.2,,999,,,none,,,,,,,,,,1.5741,-0.0031,-1.8318,-8.7454,9.4311,28.5359,66405.5625,72366.3438,,-2.0881,-10.1531,
^MERV,2998955.75,2998955.75,2026-09-21,False,2978481.75,3029973.0,-0.76,-10.06,BAJO,,,,,,,,,,,,,,NONE,1.2561,1.4372,1.1353,0.057369,3.9063,-0.6476,81.2,,999,,,none,,,,,,,,,,-2.7748,-1.1746,-11.2675,-8.499,19.2603,23.6749,3157852.0,3379772.0,,-5.0318,-11.2675,
^NYA,24086.6640625,24086.6641,2026-09-21,False,23998.7578125,24144.642578125,0.37,0.51,BAJO,,,,,,,,,,,,,,NONE,1.2561,1.4372,1.1353,0.057369,3.9063,-0.6476,81.2,,999,,,none,,,,,,,,,,-0.4905,-2.2427,0.698,2.0785,10.6074,8.3039,24768.6504,24821.6797,,-2.7534,-2.9612,
^HSI,24750.779296875,24750.7793,2026-09-18,False,24703.919921875,24862.98046875,0.6,2.57,BAJO,,,,,,,,,,,,,,NONE,1.2561,1.4372,1.1353,0.057369,3.9063,-0.6476,81.2,,999,,,none,,,,,,,,,,-0.2211,-3.509,-0.57,4.1326,11.1715,16.2115,25652.9707,26009.4609,,-3.5169,-4.8393,
^TWII,47180.75,47180.75,2026-09-18,False,46449.55859375,47180.75,1.93,-2.74,BAJO,,,,,,,,,,,,,,NONE,1.2561,1.4372,1.1353,0.057369,3.9063,-0.6476,81.2,,999,,,none,,,,,,,,,,2.1563,1.3525,5.2536,-1.1746,17.6871,31.9442,47326.2695,47326.2695,,-0.3075,-0.3075,
^KS11,6894.22998046875,6894.23,2026-09-18,False,6830.9501953125,6914.080078125,2.66,-25.93,BAJO,,,,,,,,,,,,,,NONE,1.2561,1.4372,1.1353,0.057369,3.9063,-0.6476,81.2,,999,,,none,,,,,,,,,,-0.2269,3.0958,2.1678,,24.6474,71.0128,7051.6401,8930.2998,,-2.2322,-22.7996,
^GDAXI,25304.060546875,25304.0605,2026-09-18,False,25285.900390625,25656.220703125,-1.6,-0.91,BAJO,,,,,,,,,,,,,,NONE,1.2561,1.4372,1.1353,0.057369,3.9063,-0.6476,81.2,,999,,,none,,,,,,,,,,-1.0345,-2.8501,0.5909,1.6489,16.6621,13.099,26569.9902,26569.9902,,-4.7645,-4.7645,
^FTSE,10659.099609375,10659.0996,2026-09-18,False,10650.2001953125,10815.900390625,-1.45,0.55,BAJO,,,,,,,,,,,,,,NONE,1.2561,1.4372,1.1353,0.057369,3.9063,-0.6476,81.2,,999,,,none,,,,,,,,,,0.0817,-1.588,0.6915,2.1192,17.6786,9.3336,10886.2002,10908.4004,,-2.0861,-2.2854,
^AEX,1095.0899658203125,1095.09,2026-09-18,False,1090.0400390625,1102.6500244140625,-0.52,-0.44,BAJO,,,,,,,,,,,,,,NONE,1.2561,1.4372,1.1353,0.057369,3.9063,-0.6476,81.2,,999,,,none,,,,,,,,,,-0.334,-1.6533,-0.5196,2.7646,6.3477,8.9865,1116.05,1119.59,,-1.8781,-2.1883,
^IBEX,19513.80078125,19513.8008,2026-09-18,False,19485.0,19809.099609375,-1.6,-1.71,BAJO,,,,,,,,,,,,,,NONE,1.2561,1.4372,1.1353,0.057369,3.9063,-0.6476,81.2,,999,,,none,,,,,,,,,,-1.6367,-2.6777,-0.2938,0.1915,17.6813,13.5762,20098.5996,20213.5996,,-2.9096,-3.462,
FTSEMIB.MI,51545.0,51545.0,2026-09-17,False,51447.0,52342.0,-1.61,20.27,BAJO,,,,,,,,,,,,,,YAHOO,1.2561,1.4372,1.1353,0.057369,3.9063,-0.6476,81.2,,999,,,none,,,,,,,,,,-1.8415,-1.0653,-2.3621,-0.9207,18.0565,13.4767,52883.0,53717.0,53717.0,-2.5301,-4.0434,-4.0434
^SSMI,13786.7197265625,13786.7197,2026-09-18,False,13786.7197265625,13964.2998046875,-1.15,-2.01,BAJO,,,,,,,,,,,,,,NONE,1.2561,1.4372,1.1353,0.057369,3.9063,-0.6476,81.2,,999,,,none,,,,,,,,,,0.0831,-4.2319,-3.6963,-0.8913,12.8969,10.5769,14542.9004,14633.7002,,-5.1997,-5.7879,
^OMXC25,1858.5416259765625,1858.5416,2026-09-21,False,1851.4930419921875,1882.1280517578125,-0.62,2.16,BAJO,,,,,,,,,,,,,,NONE,1.2561,1.4372,1.1353,0.057369,3.9063,-0.6476,81.2,,999,,,none,,,,,,,,,,-0.0967,-2.8031,0.4715,3.7272,17.62,13.8024,1935.0699,1935.0699,,-3.9548,-3.9548,
^GSPTSE,36009.3984375,36009.3984,2026-09-21,False,35744.58984375,36013.109375,0.57,1.31,BAJO,,,,,,,,,,,,,,NONE,1.2561,1.4372,1.1353,0.057369,3.9063,-0.6476,81.2,,999,,,none,,,,,,,,,,0.8596,-1.3814,1.8103,,10.1426,10.4857,36957.6016,36957.6016,,-2.5657,-2.5657,
^AXJO,8731.2001953125,8731.2002,2026-09-18,False,8717.0,8771.599609375,-0.01,-2.53,BAJO,,,,,,,,,,,,,,NONE,1.2561,1.4372,1.1353,0.057369,3.9063,-0.6476,81.2,,999,,,none,,,,,,,,,,-0.1144,-3.0502,-1.0405,-0.635,9.2508,9.3384,9164.5996,9271.5996,,-4.7291,-5.8285,
^MXX,63536.9609375,63536.9609,2026-09-21,False,63059.3203125,63741.55078125,0.25,-6.91,BAJO,,,,,,,,,,,,,,NONE,1.2561,1.4372,1.1353,0.057369,3.9063,-0.6476,81.2,,999,,,none,,,,,,,,,,-0.6067,-2.0498,-5.5968,-4.9537,12.792,12.2131,66293.0703,67640.5938,,-4.1575,-6.0668,
^BVSP,186595.59375,186595.5938,2026-09-21,False,185246.8125,187434.25,0.74,7.96,BAJO,,,,,,,,,,,,,,NONE,1.2561,1.4372,1.1353,0.057369,3.9063,-0.6476,81.2,,999,,,none,,,,,,,,,,0.5901,0.7824,5.0959,8.9552,9.3076,17.2558,188269.0,188269.0,,-0.8888,-0.8888,
HYG,78.68000030517578,78.68,2026-09-21,False,78.62000274658203,78.75,0.19,1.08,BAJO,,,,,,,,,,,,,,YAHOO,1.2561,1.4372,1.1353,0.057369,3.9063,-0.6476,81.2,,999,,,none,,,,,,,,,,0.191,-0.6064,-0.0311,-0.0954,4.1697,2.8635,79.4844,79.4844,79.4844,-1.012,-1.012,-1.012
LQD,105.08999633789062,105.09,2026-09-21,False,104.88999938964844,105.11000061035156,0.37,-2.88,BAJO,,,,,,,,,,,,,,YAHOO,1.2561,1.4372,1.1353,0.057369,3.9063,-0.6476,81.2,,999,,,none,,,,,,,,,,0.7574,-0.3697,-0.6393,-2.2242,7.4879,5.52,106.4133,108.3896,108.7168,-1.2435,-3.0442,-3.336
TLT,81.80000305175781,81.8,2026-09-21,False,81.54000091552734,81.81999969482422,0.68,-5.12,BAJO,,,-4090.0,0.55,,,,,,,,,,YAHOO,1.2561,1.4372,1.1353,0.057369,3.9063,-0.6476,81.2,,999,,,none,,,,,,,,,,1.075,-0.4987,-1.1934,-3.8811,11.9629,9.5587,83.1514,86.4474,88.4493,-1.6252,-5.376,-7.5176
GC=F,4400.2998046875,4400.2998,2026-09-21,False,4382.0,4403.7001953125,-0.56,3.14,BAJO,,,,,,,,,,,,,,NONE,1.2561,1.4372,1.1353,0.057369,3.9063,-0.6476,81.2,,999,,,none,,,,,,,,,,1.1122,-1.7044,5.9828,4.7017,11.9567,21.6591,4697.7998,4697.7998,,-6.3328,-6.3328,
HG=F,6.797500133514404,6.7975,2026-09-21,False,6.7845001220703125,6.801000118255615,2.76,5.37,BAJO,,,,,,,,,,,,,,NONE,1.2561,1.4372,1.1353,0.057369,3.9063,-0.6476,81.2,,999,,,none,,,,,,,,,,7.3855,3.0393,5.3713,6.9378,17.6906,22.8809,6.8035,6.8035,,-0.0882,-0.0882,
CL=F,92.08999633789062,92.09,2026-09-21,False,91.75,92.18000030517578,-8.19,21.52,BAJO,,,,,,,,,,,,,,NONE,1.2561,1.4372,1.1353,0.057369,3.9063,-0.6476,81.2,,999,,,none,,,,,,,,,,-9.1725,0.6668,6.0578,23.0821,53.9196,53.0688,105.83,105.83,,-12.9831,-12.9831,
ZS=F,1327.0,1327.0,2026-09-21,False,1303.5,1328.5,1.8,17.37,BAJO,,,,,,,,,,,,,,NONE,1.2561,1.4372,1.1353,0.057369,3.9063,-0.6476,81.2,,999,,,none,,,,,,,,,,3.2484,2.57,7.6237,18.9335,19.8322,21.014,1327.0,1327.0,,0.0,0.0,
ZC=F,543.0,543.0,2026-09-21,False,526.25,543.5,2.94,30.39,BAJO,,,,,,,,,,,,,,NONE,1.2561,1.4372,1.1353,0.057369,3.9063,-0.6476,81.2,,999,,,none,,,,,,,,,,6.0547,6.0547,17.5325,31.9563,27.5585,26.7164,543.0,543.0,,0.0,0.0,
BTC-USD,86532.1171875,86532.1172,2026-09-21,False,80933.0703125,87281.15625,6.64,-26.52,BAJO,1739206688768.0,,,,,,,,,,,,,YAHOO,1.2561,1.4372,1.1353,0.057369,3.9063,-0.6476,81.2,,999,,,none,,,,,,,,,,13.6333,12.1263,35.3956,32.6569,56.3611,36.3509,86532.1172,86532.1172,96929.3281,0.0,0.0,-10.7266
ETH-USD,2776.550048828125,2776.55,2026-09-21,False,2644.798583984375,2804.964111328125,5.05,-39.19,BAJO,339341901824.0,,,,,,,,,,,,,YAHOO,1.2561,1.4372,1.1353,0.057369,3.9063,-0.6476,81.2,,999,,,none,,,,,,,,,,14.9177,10.4113,48.3772,45.8457,49.6113,51.1638,2776.55,2776.55,3354.7227,0.0,0.0,-17.2346
IBIT,49.0099983215332,49.01,2026-09-21,False,47.9900016784668,49.220001220703125,6.5,-24.57,BAJO,,,,,,,,,,,,,,YAHOO,1.2561,1.4372,1.1353,0.057369,3.9063,-0.6476,81.2,,999,,,none,,,,,,,,,,9.544,8.3573,31.2533,34.274,56.7712,39.7732,49.01,49.01,71.29,0.0,0.0,-31.2526
SPY,773.5,773.5,2026-09-21,False,766.030029296875,774.8900146484375,1.55,15.68,BAJO,,24.99,,1.8,,,,,,,,,,YAHOO,1.2561,1.4372,1.1353,0.057369,3.9063,-0.6476,81.2,,999,,,none,,,,,,,,,,1.911,0.6791,3.7477,4.1686,14.4742,11.6845,773.5,775.9532,775.9532,0.0,-0.3162,-0.3162
QQQ,741.469970703125,741.47,2026-09-21,False,727.8200073242188,743.219970703125,2.77,22.01,BAJO,,30.22,,2.07,,,,,,,,,,YAHOO,1.2561,1.4372,1.1353,0.057369,3.9063,-0.6476,81.2,,999,,,none,,,,,,,,,,4.5531,3.1309,5.1209,0.477,19.2942,20.9333,741.47,741.47,745.3409,0.0,0.0,-0.5193
DIA,519.780029296875,519.78,2026-09-21,False,516.780029296875,520.52001953125,0.76,12.19,BAJO,,21.11,,,,,,,,,,,,YAHOO,1.2561,1.4372,1.1353,0.057369,3.9063,-0.6476,81.2,,999,,,none,,,,,,,,,,-0.6696,-2.4532,-0.0115,0.866,13.9925,11.7504,535.6953,541.1131,541.1131,-2.9709,-3.9424,-3.9424
IWM,285.5799865722656,285.58,2026-09-21,False,284.8999938964844,286.447998046875,0.52,16.48,BAJO,,16.81,,1.31,,,,,,,,,,YAHOO,1.2561,1.4372,1.1353,0.057369,3.9063,-0.6476,81.2,,999,,,none,,,,,,,,,,-0.5502,-3.2716,-2.5406,-3.9755,8.9241,12.9887,299.029,304.2953,304.2953,-4.4976,-6.1504,-6.1504
GLD,398.3800048828125,398.38,2026-09-21,False,396.3399963378906,400.2200012207031,-0.7,13.89,BAJO,,,,2.34,,,,,,,,,,YAHOO,1.2561,1.4372,1.1353,0.057369,3.9063,-0.6476,81.2,,999,,,none,,,,,,,,,,1.4102,-2.0626,5.0802,3.5856,18.1339,23.9826,428.07,428.07,495.9,-6.9358,-6.9358,-19.6653
SLV,59.630001068115234,59.63,2026-09-21,False,59.35499954223633,60.150001525878906,-0.5,47.36,BAJO,,,,,,,,,,,,,,YAHOO,1.2561,1.4372,1.1353,0.057369,3.9063,-0.6476,81.2,,999,,,none,,,,,,,,,,4.9085,-0.3176,10.5898,1.2222,31.1847,37.4842,62.77,62.77,105.6,-5.0024,-5.0024,-43.5322
XLY,112.2300033569336,112.23,2026-09-21,False,111.12000274658203,112.61000061035156,1.08,-7.55,BAJO,,24.52,,,,,,,,,,,,YAHOO,1.2561,1.4372,1.1353,0.057369,3.9063,-0.6476,81.2,,999,,,none,,,,,,,,,,-0.5494,-2.3323,-1.5699,-2.3578,14.4981,20.0294,118.3,119.86,124.0232,-5.131,-6.3658,-9.5089
XLV,169.00999450683594,169.01,2026-09-21,False,166.85000610351562,169.52499389648438,0.37,23.72,BAJO,,30.2,,,,,,,,,,,,YAHOO,1.2561,1.4372,1.1353,0.057369,3.9063,-0.6476,81.2,,999,,,none,,,,,,,,,,0.7511,-1.4232,6.0089,12.6283,5.9684,18.2139,175.29,175.68,175.68,-3.5826,-3.7967,-3.7967
XLRE,42.59000015258789,42.59,2026-09-21,False,42.290000915527344,42.6349983215332,0.14,3.37,BAJO,,30.35,,,,,,,,,,,,YAHOO,1.2561,1.4372,1.1353,0.057369,3.9063,-0.6476,81.2,,999,,,none,,,,,,,,,,-1.2291,-3.0503,-5.3766,-3.2485,9.5163,13.353,45.36,46.01,46.01,-6.1067,-7.4332,-7.4332
XLK,194.85000610351562,194.85,2026-09-21,False,190.97000122070312,195.0802001953125,2.77,36.85,BAJO,,34.49,,,,,,,,,,,,YAHOO,1.2561,1.4372,1.1353,0.057369,3.9063,-0.6476,81.2,,999,,,none,,,,,,,,,,5.7358,4.0421,8.0879,1.4052,19.613,28.8708,194.85,194.85,197.974,0.0,0.0,-1.578
XLI,169.97999572753906,169.98,2026-09-21,False,168.55999755859375,170.69000244140625,0.14,10.5,BAJO,,27.6,,1.73,,,,,,,,,,YAHOO,1.2561,1.4372,1.1353,0.057369,3.9063,-0.6476,81.2,,999,,,none,,,,,,,,,,0.0294,-3.0182,-4.9595,-6.5017,3.3914,15.0378,180.34,186.51,186.51,-5.7447,-8.8628,-8.8628
XLF,55.900001525878906,55.9,2026-09-21,False,55.720001220703125,56.20500183105469,0.07,3.21,BAJO,,15.85,,1.64,,,,,,,,,,YAHOO,1.2561,1.4372,1.1353,0.057369,3.9063,-0.6476,81.2,,999,,,none,,,,,,,,,,-1.9814,-3.7866,-0.2676,4.0968,12.7474,13.0545,58.56,58.56,58.56,-4.5423,-4.5423,-4.5423
XLE,62.459999084472656,62.46,2026-09-21,False,62.3650016784668,63.70000076293945,-2.88,44.12,BAJO,,17.33,,1.2,,,,,,,,,,YAHOO,1.2561,1.4372,1.1353,0.057369,3.9063,-0.6476,81.2,,999,,,none,,,,,,,,,,-3.2078,-2.4977,5.5068,15.5383,29.0838,22.1718,65.93,65.93,65.93,-5.2632,-5.2632,-5.2632
XLC,114.75,114.75,2026-09-21,False,111.62000274658203,115.51000213623047,3.56,-3.92,BAJO,,15.83,,,,,,,,,,,,YAHOO,1.2561,1.4372,1.1353,0.057369,3.9063,-0.6476,81.2,,999,,,none,,,,,,,,,,-0.2781,2.4279,5.0824,7.3835,36.1338,21.1101,115.07,115.07,119.3874,-0.2781,-0.2781,-3.8844
XLB,49.709999084472656,49.71,2026-09-21,False,49.654998779296875,50.16999816894531,-0.56,9.92,BAJO,,23.2,,0.63,,,,,,,,,,YAHOO,1.2561,1.4372,1.1353,0.057369,3.9063,-0.6476,81.2,,999,,,none,,,,,,,,,,-1.5449,-5.2059,-2.1842,-3.7001,13.9908,17.419,53.67,53.67,53.67,-7.3784,-7.3784,-7.3784
XLP,81.91999816894531,81.92,2026-09-21,False,81.73500061035156,82.30500030517578,-1.06,5.69,BAJO,,24.23,,1.2,,,,,,,,,,YAHOO,1.2561,1.4372,1.1353,0.057369,3.9063,-0.6476,81.2,,999,,,none,,,,,,,,,,-2.9614,-3.145,-2.9154,-0.3164,8.6708,16.333,87.45,87.45,88.8894,-6.3236,-6.3236,-7.8406
XLU,40.65999984741211,40.66,2026-09-21,False,40.57500076293945,40.93000030517578,-1.07,-4.11,BAJO,,18.31,,0.64,,,,,,,,,,YAHOO,1.2561,1.4372,1.1353,0.057369,3.9063,-0.6476,81.2,,999,,,none,,,,,,,,,,-2.7738,-5.6175,-11.474,-9.0787,16.6958,14.5715,43.51,46.29,47.0979,-6.5502,-12.1625,-13.6691
PSQ,24.979999542236328,24.98,2026-09-21,False,24.920000076293945,25.46500015258789,-2.88,-18.55,BAJO,,,,,,,,,,,,,,YAHOO,1.2561,1.4372,1.1353,0.057369,3.9063,-0.6476,81.2,,999,,,none,,,,,,,,,,-4.4376,-3.0656,-4.5837,-0.0732,20.3974,21.0875,26.32,27.91,33.0172,-5.0912,-10.498,-24.3424
EWZ,38.06999969482422,38.07,2026-09-21,False,37.67499923706055,38.179901123046875,1.47,27.63,BAJO,,11.07,,1.04,,,,,,,,,,YAHOO,1.2561,1.4372,1.1353,0.057369,3.9063,-0.6476,81.2,,999,,,none,,,,,,,,,,0.9279,0.5547,3.9596,11.0884,17.0168,22.0553,38.61,38.61,41.3365,-1.3986,-1.3986,-7.9022
FXI,34.90999984741211,34.91,2026-09-21,False,34.6349983215332,34.95000076293945,1.72,-14.1,BAJO,,9.25,,,,,,,,,,,,YAHOO,1.2561,1.4372,1.1353,0.057369,3.9063,-0.6476,81.2,,999,,,none,,,,,,,,,,0.2009,-2.7035,1.3941,4.4272,20.7345,17.3408,35.88,36.52,40.9939,-2.7035,-4.4085,-14.8409
COPX,87.48999786376953,87.49,2026-09-21,False,86.53500366210938,88.29000091552734,0.24,64.23,BAJO,,16.09,,,,,,,,,,,,YAHOO,1.2561,1.4372,1.1353,0.057369,3.9063,-0.6476,81.2,,999,,,none,,,,,,,,,,2.1841,-3.4966,9.3762,3.413,22.8679,42.4218,96.45,96.45,96.45,-9.2898,-9.2898,-9.2898
URA,42.97999954223633,42.98,2026-09-21,False,42.5099983215332,43.43000030517578,3.19,-12.22,BAJO,,27.07,,,,,,,,,,,,YAHOO,1.2561,1.4372,1.1353,0.057369,3.9063,-0.6476,81.2,,999,,,none,,,,,,,,,,1.8725,-6.6869,4.906,-8.1624,45.5792,44.5421,48.37,48.37,61.81,-11.1433,-11.1433,-30.4643
ARKK,90.72000122070312,90.72,2026-09-21,False,89.86000061035156,90.98500061035156,2.82,5.55,BAJO,,58.55,,,,,,,,,,,,YAHOO,1.2561,1.4372,1.1353,0.057369,3.9063,-0.6476,81.2,,999,,,none,,,,,,,,,,7.0822,5.2192,19.3213,15.67,32.6898,37.8755,90.72,90.72,92.53,0.0,0.0,-1.9561
ITA,216.13999938964844,216.14,2026-09-21,False,213.7550048828125,217.0189971923828,1.08,4.5,BAJO,,32.81,,,,,,,,,,,,YAHOO,1.2561,1.4372,1.1353,0.057369,3.9063,-0.6476,81.2,,999,,,none,,,,,,,,,,-0.175,-4.0865,-6.369,-8.1183,11.8582,21.5491,236.1063,252.9268,252.9268,-8.4565,-14.5444,-14.5444
SMH,596.030029296875,596.03,2026-09-21,False,578.5551147460938,598.6199951171875,4.02,84.02,BAJO,,40.71,,,,,,,,,,,,YAHOO,1.2561,1.4372,1.1353,0.057369,3.9063,-0.6476,81.2,,999,,,none,,,,,,,,,,10.0702,5.1181,1.5539,-10.8953,22.2557,43.7423,596.03,655.89,668.91,0.0,-9.1265,-10.8953
EEM,68.83000183105469,68.83,2026-09-21,False,68.13500213623047,68.93000030517578,2.69,30.17,BAJO,,14.64,,,,,,,,,,,,YAHOO,1.2561,1.4372,1.1353,0.057369,3.9063,-0.6476,81.2,,999,,,none,,,,,,,,,,4.3037,0.1892,5.9086,-3.3422,20.9041,25.4531,68.83,68.83,71.21,0.0,0.0,-3.3422
AAPL,338.9800109863281,338.98,2026-09-21,False,333.04998779296875,339.6400146484375,0.85,31.3,BAJO,4947135430656.0,38.92,35.35,46.06,148.75,27.08,32.62,27.62,2.18,29.59,0.78,1.0,8.0,YAHOO,1.2561,1.4372,1.1353,0.057369,3.9063,-0.6476,81.2,2026-10-29,38,,,yahoo,1.0,1.0,1.0,0.0,1.0,1.0,1.0,1.0,1.0,1.7714,5.9412,4.1064,14.2293,11.1555,28.943,338.98,339.7869,339.7869,0.0,-0.2375,-0.2375
MSFT,501.6099853515625,501.61,2026-09-21,False,491.3299865722656,501.8699951171875,1.59,-3.26,BAJO,3724727812096.0,27.91,21.19,8.42,34.04,14.09,45.11,40.3,0.44,19.14,0.29,1.23,6.0,YAHOO,1.2561,1.4372,1.1353,0.057369,3.9063,-0.6476,81.2,2026-10-28,37,,,yahoo,1.0,1.0,1.0,1.0,1.0,0.0,1.0,0.0,0.0,-0.7519,0.3822,28.7478,36.809,24.4603,40.5299,513.53,513.53,537.6464,-2.3212,-2.3212,-6.7026
NVDA,227.3800048828125,227.38,2026-09-21,False,221.55999755859375,228.5,2.3,22.57,BAJO,5490544738304.0,28.75,14.5,23.98,117.21,53.57,66.24,63.66,0.76,27.11,0.17,4.59,4.0,YAHOO,1.2561,1.4372,1.1353,0.057369,3.9063,-0.6476,81.2,2026-11-17,57,2026-08-26,26.0,yahoo,1.0,0.0,1.0,0.0,1.0,0.0,1.0,0.0,0.0,7.7835,-1.1832,7.3444,9.0987,12.8824,39.9408,230.1025,230.1025,235.2024,-1.1832,-1.1832,-3.3258
META,741.2449951171875,741.245,2026-09-21,False,679.5999755859375,753.0,11.34,-4.44,BAJO,1888326254592.0,27.91,21.28,7.23,29.85,14.59,34.83,29.83,1.14,17.42,0.43,2.23,5.0,YAHOO,1.2561,1.4372,1.1353,0.057369,3.9063,-0.6476,81.2,2026-10-28,37,,,yahoo,1.0,0.0,1.0,1.0,0.0,0.0,1.0,1.0,0.0,11.3649,20.1817,18.1889,31.4614,95.166,50.9938,741.245,741.245,775.8372,0.0,0.0,-4.4587
GOOGL,354.9700012207031,354.97,2026-09-21,False,349.1000061035156,357.5799865722656,1.55,39.37,BAJO,4341260091392.0,17.82,23.85,6.97,48.68,12.96,34.03,54.77,0.52,24.47,0.19,2.72,6.0,YAHOO,1.2561,1.4372,1.1353,0.057369,3.9063,-0.6476,81.2,2026-10-28,37,,,yahoo,1.0,0.0,1.0,1.0,0.0,1.0,1.0,1.0,0.0,1.5971,4.878,3.8318,1.5781,15.3697,35.5156,354.97,377.4074,402.1212,0.0,-5.9451,-11.7256
AMZN,258.45001220703125,258.45,2026-09-21,False,253.60000610351562,259.489990234375,1.87,11.97,BAJO,2787722657792.0,20.79,24.88,5.05,30.56,6.59,13.69,17.44,0.12,17.27,0.46,1.03,6.0,YAHOO,1.2561,1.4372,1.1353,0.057369,3.9063,-0.6476,81.2,2026-10-29,38,,,yahoo,1.0,1.0,1.0,1.0,1.0,0.0,0.0,1.0,0.0,1.9366,-0.0232,5.5544,11.0228,22.4194,42.4987,266.43,284.02,284.02,-2.9952,-9.0029,-9.0029
TSLA,375.29998779296875,375.3,2026-09-21,False,371.1000061035156,378.3599853515625,3.03,-15.13,BAJO,1482265198592.0,344.31,170.81,17.06,4.67,1.93,1.41,3.67,0.33,135.3,0.18,1.94,5.0,YAHOO,1.2561,1.4372,1.1353,0.057369,3.9063,-0.6476,81.2,2026-10-21,30,,,yahoo,1.0,0.0,1.0,1.0,0.0,1.0,0.0,1.0,0.0,4.5491,5.993,0.3449,-7.3448,25.9772,56.8299,376.37,425.3,489.88,-0.2843,-11.7564,-23.3894
MSTR,168.5,168.5,2026-09-21,False,164.5500030517578,169.5,9.47,-51.41,BAJO,66941960192.0,,3.4,2.03,-63.56,-38.73,-6808.11,0.0,-33.74,-2.3,0.15,5.39,3.0,YAHOO,1.2561,1.4372,1.1353,0.057369,3.9063,-0.6476,81.2,2026-10-29,38,,,yahoo,0.0,0.0,0.0,1.0,1.0,1.0,0.0,0.0,0.0,23.0466,17.9972,68.4831,53.9375,126.9645,91.061,168.5,168.5,359.69,0.0,0.0,-53.1541
PLTR,183.08999633789062,183.09,2026-09-21,False,176.75999450683594,183.3800048828125,3.07,0.53,BAJO,439975968768.0,156.49,78.82,45.01,38.1,17.29,47.12,49.01,0.49,156.91,0.02,7.23,8.0,YAHOO,1.2561,1.4372,1.1353,0.057369,3.9063,-0.6476,81.2,2026-11-02,42,,,yahoo,1.0,1.0,1.0,1.0,1.0,1.0,0.0,1.0,1.0,5.6431,5.0249,46.9776,53.2134,16.7604,78.9939,186.38,186.38,207.18,-1.7652,-1.7652,-11.6276
SNOW,339.3900146484375,339.39,2026-09-21,False,329.1300048828125,339.5299987792969,2.09,46.29,BAJO,119736795136.0,,112.6,55.65,-48.06,-9.02,-17.0,-20.07,1.45,-115.82,1.29,0.94,5.0,YAHOO,1.2561,1.4372,1.1353,0.057369,3.9063,-0.6476,81.2,2026-12-02,72,2026-09-02,19.0,yahoo,0.0,0.0,1.0,1.0,1.0,0.0,0.0,1.0,1.0,2.1183,0.6554,26.7326,49.7816,32.1022,49.2494,356.47,356.47,356.47,-4.7914,-4.7914,-4.7914
CRWD,249.35000610351562,249.35,2026-09-21,False,230.85000610351562,250.30999755859375,4.92,100.69,BAJO,255318163456.0,4987.0,155.27,50.04,1.46,-0.78,-2.26,0.83,0.78,2350.36,0.16,1.57,4.0,YAHOO,1.2561,1.4372,1.1353,0.057369,3.9063,-0.6476,81.2,2026-12-01,71,2026-08-26,26.0,yahoo,0.0,0.0,1.0,1.0,1.0,1.0,0.0,0.0,0.0,5.9351,17.0108,32.3373,47.6667,55.1468,75.12,249.35,249.35,249.35,0.0,0.0,0.0
PANW,371.760009765625,371.76,2026-09-21,False,357.5899963378906,374.55999755859375,2.25,77.01,BAJO,304099688448.0,929.4,76.19,11.02,1.74,1.4,5.4,2.67,1.39,194.61,0.09,0.87,3.0,YAHOO,1.2561,1.4372,1.1353,0.057369,3.9063,-0.6476,81.2,2026-11-19,59,2026-09-01,20.0,yahoo,1.0,0.0,1.0,1.0,0.0,0.0,0.0,0.0,0.0,-0.583,11.5525,10.8805,29.8045,34.6704,63.899,382.85,396.0,396.0,-2.8967,-6.1212,-6.1212
ADBE,249.52000427246094,249.52,2026-09-21,False,244.22999572753906,251.47999572753906,0.24,-33.03,BAJO,99184197632.0,13.92,9.02,8.38,61.9,19.73,34.82,28.05,9.2,10.22,0.57,0.77,7.0,YAHOO,1.2561,1.4372,1.1353,0.057369,3.9063,-0.6476,81.2,2026-12-09,79,2026-09-10,11.0,yahoo,1.0,1.0,1.0,1.0,0.0,0.0,1.0,1.0,1.0,-6.0542,-6.375,14.27,28.0246,26.555,48.3169,292.79,292.79,365.9,-14.7785,-14.7785,-31.8065
CRM,236.4199981689453,236.42,2026-09-21,False,236.2899932861328,241.3350067138672,-0.63,-6.08,BAJO,194573664256.0,21.65,-124.43,5.07,19.38,5.7,21.38,21.99,9.11,17.49,1.1,0.84,7.0,YAHOO,1.2561,1.4372,1.1353,0.057369,3.9063,-0.6476,81.2,2026-12-02,72,2026-08-26,26.0,yahoo,1.0,1.0,1.0,1.0,0.0,0.0,1.0,1.0,1.0,-8.7091,-8.6387,45.2981,57.7644,14.8793,62.2989,263.9656,263.9656,264.417,-10.4353,-10.4353,-10.5882
MU,1043.9599609375,1043.96,2026-09-21,False,1030.6800537109375,1064.489990234375,2.77,533.62,BAJO,1179041267712.0,23.57,6.57,11.7,66.64,34.87,80.37,55.91,0.65,16.99,0.06,3.42,7.0,YAHOO,1.2561,1.4372,1.1353,0.057369,3.9063,-0.6476,81.2,2026-09-30,9,,,yahoo,1.0,1.0,1.0,1.0,1.0,0.0,0.0,1.0,1.0,12.979,2.6923,8.8048,-13.8074,37.5994,80.8536,1043.96,1154.1125,1213.3734,0.0,-9.5444,-13.9622
INTC,121.77999877929688,121.78,2026-09-21,False,114.93000030517578,124.72699737548828,12.14,321.87,BAJO,643741843456.0,,59.06,7.02,-10.71,1.41,12.19,-19.79,0.76,34.69,0.49,1.6,6.0,YAHOO,1.2561,1.4372,1.1353,0.057369,3.9063,-0.6476,81.2,2026-10-22,31,,,yahoo,0.0,1.0,1.0,1.0,1.0,1.0,0.0,1.0,0.0,25.301,27.119,18.6708,-13.5944,83.2717,77.7038,121.78,139.63,140.94,0.0,-12.7838,-13.5944
AMAT,464.239990234375,464.24,2026-09-21,False,452.6549987792969,468.510009765625,4.42,131.23,BAJO,368419667968.0,40.02,25.16,14.38,41.07,15.48,33.74,30.05,0.83,36.09,0.29,2.42,6.0,YAHOO,1.2561,1.4372,1.1353,0.057369,3.9063,-0.6476,81.2,2026-11-12,52,,,yahoo,1.0,0.0,1.0,1.0,0.0,1.0,1.0,1.0,0.0,9.4364,2.0958,-16.1004,-27.4054,57.1237,73.5276,484.19,722.2277,722.2277,-4.1203,-35.7211,-35.7211
TXN,270.8699951171875,270.87,2026-09-21,False,262.2200012207031,271.7749938964844,1.59,53.14,BAJO,247371399168.0,41.1,25.45,13.73,35.18,13.06,42.58,31.11,1.43,26.73,0.78,4.86,7.0,YAHOO,1.2561,1.4372,1.1353,0.057369,3.9063,-0.6476,81.2,2026-10-27,36,,,yahoo,1.0,1.0,1.0,1.0,0.0,1.0,1.0,0.0,1.0,2.8282,4.8096,-7.4554,-18.064,33.4906,34.9884,270.87,309.8734,330.5874,0.0,-12.5869,-18.064
TSM,445.1400146484375,445.14,2026-09-21,False,437.07000732421875,445.7200012207031,2.41,63.44,BAJO,2308707188736.0,33.24,20.3,91.09,39.97,19.0,60.34,49.92,31.66,5.07,0.17,2.46,9.0,YAHOO,1.2561,1.4372,1.1353,0.057369,3.9063,-0.6476,81.2,2026-10-15,24,,,yahoo,1.0,1.0,1.0,1.0,1.0,1.0,1.0,1.0,1.0,6.776,4.0624,5.9648,-4.5621,15.0215,41.1763,445.14,476.2923,476.2923,0.0,-6.5406,-6.5406
AMD,615.52001953125,615.52,2026-09-21,False,582.27001953125,616.6799926757812,9.95,283.64,BAJO,1004821020672.0,157.02,39.53,14.94,10.2,5.13,17.25,15.58,0.88,104.16,0.06,2.61,7.0,YAHOO,1.2561,1.4372,1.1353,0.057369,3.9063,-0.6476,81.2,2026-11-03,43,,,yahoo,1.0,1.0,1.0,1.0,0.0,1.0,0.0,1.0,1.0,24.7482,28.8858,11.4406,11.582,59.9358,72.2499,615.52,615.52,615.52,0.0,0.0,0.0
ASML,1711.3199462890625,1711.3199,2026-09-21,False,1677.0899658203125,1722.3199462890625,1.87,78.28,BAJO,657318019072.0,58.89,28.83,1457.74,53.94,16.45,37.06,30.11,1.28,2706.92,0.09,1.33,8.0,YAHOO,1.2561,1.4372,1.1353,0.057369,3.9063,-0.6476,81.2,2026-10-14,23,,,yahoo,1.0,1.0,1.0,1.0,1.0,0.0,1.0,1.0,1.0,8.6449,-0.2076,-4.902,-11.1814,15.6629,47.4542,1764.85,1986.8704,1986.8704,-3.0331,-13.8686,-13.8686
MRVL,257.3800048828125,257.38,2026-09-21,False,245.0,261.17999267578125,5.38,239.93,BAJO,231308607488.0,84.94,38.07,12.37,16.52,4.12,16.68,27.93,1.04,75.62,0.29,3.17,8.0,YAHOO,1.2561,1.4372,1.1353,0.057369,3.9063,-0.6476,81.2,2026-12-01,71,2026-08-27,25.0,yahoo,1.0,1.0,1.0,0.0,1.0,1.0,1.0,1.0,1.0,17.6218,15.1331,21.9868,-16.3764,27.5907,87.5722,257.38,297.8165,316.352,0.0,-13.5777,-18.6412
QCOM,194.22999572753906,194.23,2026-09-21,False,179.25,195.30999755859375,9.29,15.26,BAJO,207449374720.0,22.22,19.03,7.42,33.75,11.61,18.53,21.01,4.94,17.58,0.55,2.02,6.0,YAHOO,1.2561,1.4372,1.1353,0.057369,3.9063,-0.6476,81.2,2026-10-29,38,,,yahoo,1.0,0.0,1.0,1.0,0.0,1.0,1.0,0.0,1.0,7.8157,15.1061,11.1923,-11.9932,101.6954,46.0082,194.23,194.23,248.7425,0.0,0.0,-21.9152
COIN,201.0500030517578,201.05,2026-09-21,False,200.65499877929688,208.3300018310547,3.5,-41.0,BAJO,53044416512.0,,70.98,4.05,-7.85,1.12,-13.92,-16.34,5.03,72.8,0.51,2.42,4.0,YAHOO,1.2561,1.4372,1.1353,0.057369,3.9063,-0.6476,81.2,2026-10-29,38,,,yahoo,1.0,0.0,1.0,1.0,0.0,1.0,0.0,0.0,0.0,5.0144,8.8876,21.027,21.9668,105.5826,79.9047,201.05,201.05,387.27,0.0,0.0,-48.0853
SHOP,137.9199981689453,137.92,2026-09-21,False,126.38999938964844,138.02999877929688,7.33,-13.79,BAJO,178972524544.0,93.19,56.29,14.02,15.54,10.19,17.55,14.53,0.89,72.1,0.01,5.35,5.0,YAHOO,1.2561,1.4372,1.1353,0.057369,3.9063,-0.6476,81.2,2026-11-03,43,,,yahoo,1.0,0.0,1.0,1.0,0.0,1.0,0.0,0.0,1.0,3.0099,-4.9418,16.4668,27.7274,61.4654,63.9432,154.33,158.53,179.01,-10.6331,-13.0007,-22.954
RBLX,51.25,51.25,2026-09-21,False,49.66999816894531,51.54499816894531,7.17,-64.11,BAJO,36611768320.0,,-41.14,240.61,-432.28,-7.73,-13.27,-17.61,4.03,-39.08,14.23,0.82,6.0,YAHOO,1.2561,1.4372,1.1353,0.057369,3.9063,-0.6476,81.2,2026-10-29,38,,,yahoo,0.0,1.0,1.0,1.0,1.0,0.0,0.0,1.0,1.0,-0.078,18.3329,3.2434,8.4197,82.8755,83.9848,51.29,57.95,141.56,-0.078,-11.5617,-63.7963
UBER,70.83999633789062,70.84,2026-09-21,False,70.11080169677734,71.38999938964844,0.48,-30.29,BAJO,144694951936.0,15.54,16.08,5.29,37.16,6.88,13.32,17.34,5.01,20.75,0.52,0.84,6.0,YAHOO,1.2561,1.4372,1.1353,0.057369,3.9063,-0.6476,81.2,2026-11-03,43,,,yahoo,1.0,0.0,1.0,1.0,0.0,1.0,1.0,1.0,0.0,-2.4645,-6.4942,0.7251,-0.826,8.0408,37.4435,80.35,80.35,100.1,-11.8357,-11.8357,-29.2308
HPQ,32.95000076293945,32.95,2026-09-21,False,32.625,34.90999984741211,-4.22,20.97,BAJO,29714014208.0,12.58,10.5,-323.04,,5.63,5.4,4.14,11.41,7.74,,0.79,5.0,YAHOO,1.2561,1.4372,1.1353,0.057369,3.9063,-0.6476,81.2,2026-11-24,64,2026-08-26,26.0,yahoo,1.0,0.0,1.0,1.0,0.0,1.0,1.0,0.0,0.0,-3.1452,1.9308,32.5507,41.3348,73.2757,51.9236,35.48,35.48,35.48,-7.1308,-7.1308,-7.1308
BIDU,92.20999908447266,92.21,2026-09-21,False,90.31999969482422,92.69000244140625,2.54,-34.08,BAJO,31443476480.0,,11.9,0.77,-1.39,1.2,9.65,-2.9,-6.66,0.06,0.38,2.33,2.0,YAHOO,1.2561,1.4372,1.1353,0.057369,3.9063,-0.6476,81.2,2026-11-18,58,,,yahoo,1.0,0.0,0.0,0.0,0.0,0.0,1.0,0.0,0.0,0.3373,-7.2987,-14.2392,-17.4781,32.1649,46.3266,99.47,117.94,162.52,-7.2987,-21.8162,-43.2624
SPOT,516.77001953125,516.77,2026-09-21,False,503.44000244140625,520.489990234375,1.44,-31.59,BAJO,106239754240.0,28.33,29.19,10.85,44.48,12.19,13.71,18.43,1.45,37.17,0.06,2.11,5.0,YAHOO,1.2561,1.4372,1.1353,0.057369,3.9063,-0.6476,81.2,2026-11-03,43,,,yahoo,1.0,1.0,1.0,1.0,0.0,0.0,0.0,1.0,0.0,-7.1075,-4.7306,8.9864,12.5027,37.2223,39.1354,560.11,560.11,738.53,-7.7378,-7.7378,-30.0272
AVGO,362.6600036621094,362.66,2026-09-21,False,353.5,363.9700012207031,1.41,6.08,BAJO,1731204612096.0,46.32,18.71,17.37,44.25,15.37,54.31,42.94,1.77,33.8,0.6,2.5,8.0,YAHOO,1.2561,1.4372,1.1353,0.057369,3.9063,-0.6476,81.2,2026-12-09,79,2026-09-02,19.0,yahoo,1.0,1.0,1.0,1.0,1.0,1.0,0.0,1.0,1.0,5.2042,1.33,-8.6061,-7.5154,19.8683,40.3268,371.54,427.76,480.8091,-2.3901,-15.2188,-24.573
ACN,186.11000061035156,186.11,2026-09-21,False,184.98500061035156,193.75,2.66,-22.42,BAJO,113888542720.0,14.85,12.68,3.57,24.41,10.9,16.96,10.66,10.62,8.79,0.25,1.34,5.0,YAHOO,1.2561,1.4372,1.1353,0.057369,3.9063,-0.6476,81.2,2026-10-01,10,,,yahoo,1.0,0.0,1.0,1.0,0.0,1.0,1.0,0.0,0.0,-4.559,-0.3267,32.8503,50.8835,50.1694,47.7427,195.0,195.0,282.7143,-4.559,-4.559,-34.1703
NFLX,73.36000061035156,73.36,2026-09-21,False,71.79000091552734,73.87000274658203,2.19,-41.8,BAJO,305466605568.0,23.07,19.21,10.13,49.54,16.08,33.38,28.22,8.31,21.25,0.55,1.14,7.0,YAHOO,1.2561,1.4372,1.1353,0.057369,3.9063,-0.6476,81.2,2026-10-20,29,,,yahoo,1.0,1.0,1.0,0.0,1.0,0.0,1.0,1.0,1.0,-8.6653,-6.2492,7.048,0.6586,44.7456,37.7981,82.73,82.73,124.135,-11.326,-11.326,-40.903
NIO,3.6700000762939453,3.67,2026-09-21,False,3.6050000190734863,3.680000066757202,0.27,-48.45,BAJO,9195798528.0,,28.86,15.12,-45.32,-2.02,-1.08,-4.17,,1.55,2.03,1.02,6.0,YAHOO,1.2561,1.4372,1.1353,0.057369,3.9063,-0.6476,81.2,2026-11-24,64,2026-09-01,20.0,yahoo,0.0,1.0,1.0,1.0,1.0,0.0,0.0,1.0,1.0,0.0,-3.421,-21.4133,-27.3267,12.6725,35.2816,4.45,5.06,7.89,-17.5281,-27.4704,-53.4854
BABA,115.75,115.75,2026-09-21,False,113.3499984741211,116.19999694824219,2.22,-30.45,BAJO,287710937088.0,26.13,12.47,1.73,6.36,1.56,7.29,7.04,-28.72,2.17,0.24,1.36,3.0,YAHOO,1.2561,1.4372,1.1353,0.057369,3.9063,-0.6476,81.2,2026-11-24,64,,,yahoo,1.0,0.0,1.0,0.0,0.0,0.0,1.0,0.0,0.0,5.9691,2.2165,-0.6949,10.2696,41.1212,43.675,119.83,132.32,187.6169,-3.4048,-12.5227,-38.3051
PDD,79.29499816894531,79.295,2026-09-21,False,78.19999694824219,79.83999633789062,0.5,-39.89,BAJO,112868220928.0,8.54,6.39,1.67,22.75,10.01,24.71,20.43,66.13,-3.43,0.01,2.62,4.0,YAHOO,1.2561,1.4372,1.1353,0.057369,3.9063,-0.6476,81.2,2026-11-18,58,2026-08-24,28.0,yahoo,1.0,0.0,1.0,1.0,0.0,1.0,0.0,0.0,0.0,-0.1071,-3.5458,-5.1382,1.5171,19.1584,32.0262,87.75,93.0,138.13,-9.6353,-14.7366,-42.5939
SAP,209.22000122070312,209.22,2026-09-21,False,209.00999450683594,212.58999633789062,-0.11,-21.36,BAJO,241482629120.0,27.28,21.59,65.85,18.32,9.54,27.62,20.41,3.76,289.11,0.22,1.15,7.0,YAHOO,1.2561,1.4372,1.1353,0.057369,3.9063,-0.6476,81.2,2026-10-21,30,,,yahoo,1.0,1.0,1.0,1.0,1.0,1.0,0.0,0.0,1.0,-4.1506,-2.7381,40.6521,39.9371,15.8432,42.0195,221.54,221.54,275.6678,-5.5611,-5.5611,-24.1043
SE,102.6500015258789,102.65,2026-09-21,False,100.19999694824219,103.37999725341797,0.84,-48.37,BAJO,62871539712.0,39.63,19.78,5.06,14.73,4.97,8.35,5.91,0.11,22.54,0.32,1.49,8.0,YAHOO,1.2561,1.4372,1.1353,0.057369,3.9063,-0.6476,81.2,2026-11-10,50,,,yahoo,1.0,1.0,1.0,1.0,1.0,1.0,0.0,1.0,1.0,-5.5484,-8.4218,-2.1262,15.2853,23.0138,51.6728,123.18,131.51,192.96,-16.6667,-21.9451,-46.8024
IBM,231.92999267578125,231.93,2026-09-21,False,228.35000610351562,234.6999969482422,1.04,-13.88,BAJO,218509230080.0,20.58,17.62,6.34,34.46,5.3,16.55,15.52,5.51,16.74,1.89,0.79,6.0,YAHOO,1.2561,1.4372,1.1353,0.057369,3.9063,-0.6476,81.2,2026-10-21,30,,,yahoo,1.0,1.0,1.0,1.0,1.0,0.0,0.0,1.0,0.0,-6.8891,-1.2602,13.5218,-7.3849,42.0053,62.5438,249.09,303.9496,326.8851,-6.8891,-23.6946,-29.0485
ZM,90.9000015258789,90.9,2026-09-21,False,87.80999755859375,91.58000183105469,2.4,7.26,BAJO,26523140096.0,8.44,14.34,2.68,32.14,6.11,24.61,65.19,7.45,14.5,0.01,3.83,7.0,YAHOO,1.2561,1.4372,1.1353,0.057369,3.9063,-0.6476,81.2,2026-11-24,64,2026-08-25,27.0,yahoo,1.0,1.0,1.0,1.0,1.0,0.0,1.0,1.0,0.0,-4.677,-10.2931,5.9317,7.778,40.5236,42.5799,104.83,109.84,111.88,-13.2882,-17.2433,-18.7522
CSCO,111.45999908447266,111.46,2026-09-21,False,108.83000183105469,111.48999786376953,1.78,66.36,BAJO,439440736256.0,33.47,19.9,8.75,27.32,7.98,27.72,20.95,2.54,24.39,0.62,0.93,7.0,YAHOO,1.2561,1.4372,1.1353,0.057369,3.9063,-0.6476,81.2,2026-11-12,52,,,yahoo,1.0,1.0,1.0,1.0,1.0,0.0,1.0,0.0,1.0,1.272,2.0696,-0.6684,-7.9429,33.0931,34.5634,112.36,123.88,129.5155,-0.801,-10.0258,-13.9408
DOCU,68.56999969482422,68.57,2026-09-21,False,67.96499633789062,69.87000274658203,-0.72,-20.76,BAJO,12815900672.0,41.81,13.18,7.51,17.8,6.35,13.43,9.82,10.24,27.67,0.11,0.64,6.0,YAHOO,1.2561,1.4372,1.1353,0.057369,3.9063,-0.6476,81.2,2026-12-03,73,2026-09-03,18.0,yahoo,1.0,0.0,1.0,1.0,0.0,0.0,1.0,1.0,1.0,-1.7059,0.2339,43.1823,60.5479,19.0232,52.9981,71.85,71.85,84.86,-4.5651,-4.5651,-19.1963
ARM,322.8999938964844,322.9,2026-09-21,False,293.0799865722656,324.1600036621094,17.16,121.93,BAJO,344856723456.0,326.16,105.7,39.96,13.35,5.42,7.6,20.25,0.39,321.01,0.06,5.25,6.0,YAHOO,1.2561,1.4372,1.1353,0.057369,3.9063,-0.6476,81.2,2026-11-04,44,,,yahoo,1.0,0.0,1.0,1.0,0.0,1.0,0.0,1.0,1.0,35.099,28.0892,13.9379,-20.8035,112.243,86.535,322.9,354.57,439.46,0.0,-8.9319,-26.5235
GRMN,280.30999755859375,280.31,2026-09-21,False,272.7049865722656,280.57000732421875,2.28,18.98,BAJO,54058496000.0,28.9,25.47,5.99,21.89,12.17,30.44,24.47,1.93,22.33,0.03,3.03,6.0,YAHOO,1.2561,1.4372,1.1353,0.057369,3.9063,-0.6476,81.2,2026-10-28,37,,,yahoo,1.0,1.0,1.0,0.0,0.0,1.0,0.0,1.0,1.0,-0.025,1.5758,16.9995,19.0638,22.8495,42.4122,290.1265,311.952,311.952,-3.3835,-10.1432,-10.1432
MSI,461.3599853515625,461.36,2026-09-21,False,457.75,462.4800109863281,0.59,-2.57,BAJO,76352217088.0,36.3,23.84,28.58,91.57,11.25,27.35,17.44,2.59,22.69,3.58,1.1,6.0,YAHOO,1.2561,1.4372,1.1353,0.057369,3.9063,-0.6476,81.2,2026-11-05,45,,,yahoo,1.0,1.0,1.0,1.0,0.0,0.0,1.0,1.0,0.0,-2.4417,-1.1744,14.3999,17.929,14.3098,26.7246,489.973,489.973,489.973,-5.8397,-5.8397,-5.8397
SNAP,5.699999809265137,5.7,2026-09-21,False,5.53000020980835,5.869999885559082,3.07,-34.74,BAJO,9639826432.0,,7.35,4.97,-15.58,-2.72,-2.64,-4.9,7.41,-76.61,2.19,2.94,6.0,YAHOO,1.2561,1.4372,1.1353,0.057369,3.9063,-0.6476,81.2,2026-11-04,44,,,yahoo,0.0,1.0,1.0,1.0,1.0,0.0,0.0,1.0,1.0,-2.3973,4.2048,27.5168,23.1101,38.7243,59.6095,5.92,5.92,9.09,-3.7162,-3.7162,-37.2937
PINS,19.360000610351562,19.36,2026-09-21,False,18.618999481201172,19.5,4.09,-46.74,BAJO,10963820544.0,56.94,8.07,3.78,6.46,3.51,-3.46,5.46,10.91,34.39,0.41,3.81,6.0,YAHOO,1.2561,1.4372,1.1353,0.057369,3.9063,-0.6476,81.2,2026-11-09,49,,,yahoo,1.0,0.0,1.0,1.0,0.0,0.0,1.0,1.0,1.0,-1.676,-5.098,-14.1083,-0.7179,41.2064,48.7157,23.66,25.58,35.81,-18.1741,-24.3159,-45.9369
PATH,13.59000015258789,13.59,2026-09-21,False,13.440099716186523,13.789999961853027,1.49,1.86,BAJO,7082502144.0,20.28,14.76,3.63,20.03,3.66,8.92,21.03,6.7,31.84,0.04,2.39,8.0,YAHOO,1.2561,1.4372,1.1353,0.057369,3.9063,-0.6476,81.2,2026-12-02,72,2026-09-03,18.0,yahoo,1.0,1.0,1.0,1.0,1.0,0.0,1.0,1.0,1.0,-7.2988,-10.5332,27.0093,33.7598,44.1273,70.8432,18.67,18.67,19.29,-27.2094,-27.2094,-29.549
VZ,47.68000030517578,47.68,2026-09-21,False,47.560001373291016,48.349998474121094,-0.85,16.45,BAJO,198099681280.0,12.42,9.03,1.91,15.84,5.05,23.0,11.64,8.82,7.66,1.84,0.6,4.0,YAHOO,1.2561,1.4372,1.1353,0.057369,3.9063,-0.6476,81.2,2026-10-20,29,,,yahoo,1.0,0.0,1.0,1.0,0.0,1.0,0.0,0.0,0.0,-7.0384,-4.9063,7.6541,6.9065,22.3192,26.9703,51.45,51.45,51.45,-7.3275,-7.3275,-7.3275
T,25.450000762939453,25.45,2026-09-21,False,25.315000534057617,25.799999237060547,0.2,-9.41,BAJO,174393229312.0,8.4,9.91,1.59,18.34,4.16,24.79,16.94,5.82,7.58,1.29,0.97,6.0,YAHOO,1.2561,1.4372,1.1353,0.057369,3.9063,-0.6476,81.2,2026-10-21,30,,,yahoo,1.0,1.0,1.0,1.0,0.0,1.0,1.0,0.0,0.0,-3.9985,-0.8956,10.4601,16.7003,25.8307,28.8466,26.72,26.72,28.4181,-4.753,-4.753,-10.4443
AMX,22.450000762939453,22.45,2026-09-21,False,22.174999237060547,22.559999465942383,0.09,8.99,BAJO,67147616256.0,13.05,10.77,3.09,21.58,6.36,21.49,9.37,228.21,2.36,1.58,0.71,9.0,YAHOO,1.2561,1.4372,1.1353,0.057369,3.9063,-0.6476,81.2,2026-10-13,22,,,yahoo,1.0,1.0,1.0,1.0,1.0,1.0,1.0,1.0,1.0,-2.8979,-2.3913,-14.0505,-12.888,20.7113,18.4876,23.8,26.4335,27.4216,-5.6723,-15.0698,-18.1304
TCOM,40.650001525878906,40.65,2026-09-21,False,40.39500045776367,41.130001068115234,-0.07,-49.33,BAJO,25597517824.0,7.86,9.89,1.08,15.65,2.59,-9.33,36.91,,-2.21,0.17,1.33,7.0,YAHOO,1.2561,1.4372,1.1353,0.057369,3.9063,-0.6476,81.2,2026-11-16,56,2026-09-15,6.0,finnhub,1.0,1.0,1.0,0.0,1.0,1.0,1.0,0.0,1.0,4.0174,-0.9261,-4.5326,-12.43,23.4519,28.3977,46.02,47.3,78.96,-11.6688,-14.0592,-48.5182
TRIP,8.800000190734863,8.8,2026-09-21,False,8.729999542236328,9.0,-0.45,-54.51,BAJO,1023978304.0,,8.19,1.54,-0.23,1.92,9.44,0.27,-9.91,9.85,1.35,1.56,7.0,YAHOO,1.2561,1.4372,1.1353,0.057369,3.9063,-0.6476,81.2,2026-11-05,45,,,yahoo,1.0,1.0,1.0,1.0,1.0,0.0,1.0,0.0,1.0,-4.6587,-5.6806,-36.4162,-28.8026,3.6021,65.1921,10.19,14.93,18.83,-13.6408,-41.0583,-53.2661
ABNB,166.83999633789062,166.84,2026-09-21,False,164.70010375976562,167.97000122070312,0.37,31.44,BAJO,99901399040.0,38.0,26.97,12.62,34.54,6.14,21.01,20.45,3.21,32.16,0.32,1.41,5.0,YAHOO,1.2561,1.4372,1.1353,0.057369,3.9063,-0.6476,81.2,2026-11-05,45,,,yahoo,1.0,0.0,1.0,1.0,0.0,0.0,1.0,0.0,1.0,-2.2326,-8.2994,19.1289,19.8649,9.6072,47.2954,190.5,190.5,190.5,-12.4199,-12.4199,-12.4199
ORCL,148.55999755859375,148.56,2026-09-21,False,146.1699981689453,149.97000122070312,0.64,-55.78,BAJO,449206222848.0,23.29,13.51,7.27,41.19,6.36,35.63,26.36,-10.21,17.04,2.52,1.17,5.0,YAHOO,1.2561,1.4372,1.1353,0.057369,3.9063,-0.6476,81.2,2026-12-10,80,2026-09-10,11.0,yahoo,1.0,0.0,1.0,1.0,1.0,1.0,0.0,0.0,0.0,2.6038,-6.4366,18.0547,-14.8473,47.3574,55.0996,162.52,162.52,324.452,-8.5897,-8.5897,-54.212
TMUS,165.27000427246094,165.27,2026-09-21,False,161.85000610351562,167.9600067138672,-1.73,-30.49,BAJO,177280450560.0,17.31,11.57,3.16,17.99,5.97,25.22,11.46,6.39,8.58,2.14,0.92,6.0,YAHOO,1.2561,1.4372,1.1353,0.057369,3.9063,-0.6476,81.2,2026-10-28,37,,,yahoo,1.0,0.0,1.0,1.0,0.0,1.0,1.0,0.0,1.0,-9.6391,-8.9522,-12.9445,-7.6842,43.0353,42.145,188.02,194.5173,234.5354,-12.0998,-15.0359,-29.533
ANET,205.4199981689453,205.42,2026-09-21,False,200.7550048828125,205.9499969482422,3.02,39.71,BAJO,259080781824.0,65.21,39.6,17.51,31.48,14.12,45.39,38.37,1.5,52.97,,2.96,4.0,YAHOO,1.2561,1.4372,1.1353,0.057369,3.9063,-0.6476,81.2,2026-11-03,43,,,yahoo,1.0,0.0,1.0,1.0,0.0,0.0,1.0,0.0,0.0,9.3765,6.0068,17.4701,17.6787,22.2055,56.1599,205.42,210.5,210.5,0.0,-2.4133,-2.4133
LRCX,302.2799987792969,302.28,2026-09-21,False,290.0400085449219,305.69000244140625,4.92,128.35,BAJO,378249314304.0,52.48,25.94,30.33,65.07,22.84,37.39,31.27,0.82,43.6,0.33,2.63,8.0,YAHOO,1.2561,1.4372,1.1353,0.057369,3.9063,-0.6476,81.2,2026-10-21,30,,,yahoo,1.0,1.0,1.0,0.0,1.0,1.0,1.0,1.0,1.0,10.5269,-1.7455,-5.3274,-26.1904,58.8528,78.904,320.42,433.33,433.33,-5.6613,-30.2425,-30.2425
ADI,383.0,383.0,2026-09-21,False,370.9700012207031,384.1199951171875,1.94,55.22,BAJO,185588580352.0,45.49,23.43,5.53,12.23,6.41,39.5,29.79,2.23,27.8,0.27,1.25,8.0,YAHOO,1.2561,1.4372,1.1353,0.057369,3.9063,-0.6476,81.2,2026-11-24,64,,,yahoo,1.0,1.0,1.0,1.0,0.0,1.0,1.0,1.0,1.0,6.0883,5.7281,-0.6628,-13.7634,26.0886,32.9003,383.0,395.9636,444.1269,0.0,-3.2739,-13.7634
SNDK,1766.6400146484375,1766.64,2026-09-21,False,1737.0101318359375,1834.489990234375,-1.41,1614.95,BAJO,258669674496.0,23.93,6.67,16.73,91.64,43.91,78.47,56.46,2.98,20.14,0.01,2.29,7.0,YAHOO,1.2561,1.4372,1.1353,0.057369,3.9063,-0.6476,81.2,2026-11-06,46,,,yahoo,1.0,1.0,1.0,1.0,0.0,0.0,1.0,1.0,1.0,13.8306,1.531,10.4654,-22.3021,93.9084,124.737,1791.8199,2273.73,2335.0,-1.4053,-22.3021,-24.3409
NOW,137.67999267578125,137.68,2026-09-21,False,135.6199951171875,140.16000366210938,1.63,-28.93,BAJO,142342111232.0,86.05,27.51,11.37,14.24,4.25,4.06,11.34,3.62,50.44,0.68,0.7,4.0,YAHOO,1.2561,1.4372,1.1353,0.057369,3.9063,-0.6476,81.2,2026-10-28,37,,,yahoo,1.0,0.0,1.0,1.0,1.0,0.0,0.0,0.0,0.0,-3.2807,-2.5343,44.2279,48.0271,26.3025,58.299,147.99,147.99,192.23,-6.9667,-6.9667,-28.3775
NBIS,232.8000030517578,232.8,2026-09-21,False,221.3000030517578,237.9600067138672,4.14,116.82,BAJO,63287898112.0,,-70.81,6.17,0.6,-1.92,-0.22,3.13,-15.19,255.68,0.99,4.03,6.0,YAHOO,1.2561,1.4372,1.1353,0.057369,3.9063,-0.6476,81.2,2026-11-10,50,,,yahoo,1.0,1.0,1.0,1.0,0.0,0.0,0.0,1.0,1.0,9.713,2.8314,6.7107,-17.9154,24.0565,141.7325,243.88,277.68,286.69,-4.5432,-16.1625,-18.7973
OXY,57.25,57.25,2026-09-21,False,57.0,58.290000915527344,-2.7,26.04,BAJO,57229238272.0,16.89,14.25,1.71,10.63,4.68,45.44,30.32,6.62,5.59,0.35,1.41,4.0,YAHOO,1.2561,1.4372,1.1353,0.057369,3.9063,-0.6476,81.2,2026-11-09,49,,,yahoo,1.0,0.0,1.0,1.0,1.0,0.0,0.0,0.0,0.0,-7.3325,-4.2094,0.0221,10.6013,45.9517,34.8894,63.52,63.52,65.6343,-9.8709,-9.8709,-12.7742
XOM,158.3000030517578,158.3,2026-09-21,False,157.9499969482422,161.9499053955078,-3.2,43.84,BAJO,650915676160.0,20.37,14.67,2.51,12.58,5.52,15.86,9.07,3.18,10.15,0.16,1.14,5.0,YAHOO,1.2561,1.4372,1.1353,0.057369,3.9063,-0.6476,81.2,2026-10-30,39,,,yahoo,1.0,0.0,1.0,1.0,1.0,0.0,1.0,0.0,0.0,-4.1071,-0.7337,3.1564,15.061,31.6414,26.341,169.32,169.32,169.32,-6.5084,-6.5084,-6.5084
CVX,203.6699981689453,203.67,2026-09-21,False,203.5,208.9499969482422,-2.79,34.09,BAJO,399519744000.0,19.6,15.02,2.1,12.23,5.86,21.87,9.83,5.49,8.56,0.19,1.25,5.0,YAHOO,1.2561,1.4372,1.1353,0.057369,3.9063,-0.6476,81.2,2026-10-30,39,,,yahoo,1.0,0.0,1.0,1.0,0.0,1.0,0.0,1.0,0.0,-4.0062,-2.3634,6.4605,17.3583,22.4253,25.1933,217.77,217.77,217.77,-6.4747,-6.4747,-6.4747
PSX,261.75,261.75,2026-09-21,False,259.5,275.9649963378906,-4.17,106.43,BAJO,104944738304.0,14.95,10.51,3.32,23.45,6.04,8.53,4.66,4.33,12.3,0.63,1.32,7.0,YAHOO,1.2561,1.4372,1.1353,0.057369,3.9063,-0.6476,81.2,2026-10-28,37,,,yahoo,1.0,1.0,1.0,1.0,0.0,1.0,1.0,1.0,0.0,1.8245,2.6108,24.4687,56.2492,50.4964,31.9576,274.21,274.21,274.21,-4.544,-4.544,-4.544
YPF,53.18000030517578,53.18,2026-09-21,False,52.56999969482422,54.87969970703125,-3.24,95.98,BAJO,20850552832.0,28.14,9.7,1.99,7.26,8.34,27.51,4.0,5966.84,1.33,0.85,0.93,4.0,YAHOO,1.2561,1.4372,1.1353,0.057369,3.9063,-0.6476,81.2,2026-10-29,38,,,yahoo,0.0,0.0,1.0,1.0,0.0,1.0,1.0,0.0,0.0,-5.592,1.0642,1.276,7.4995,43.4983,35.4649,57.61,57.61,57.61,-7.6896,-7.6896,-7.6896
VIST,70.33000183105469,70.33,2026-09-21,False,69.5,71.7499008178711,-2.68,91.07,BAJO,7779722752.0,9.25,7.12,2.35,29.79,10.0,44.24,23.56,1.58,5.2,1.07,0.69,3.0,YAHOO,1.2561,1.4372,1.1353,0.057369,3.9063,-0.6476,81.2,2026-10-28,37,,,yahoo,1.0,0.0,1.0,1.0,0.0,0.0,0.0,0.0,0.0,-7.9571,-4.6114,4.9388,3.1837,29.0758,45.1688,78.95,78.95,79.25,-10.9183,-10.9183,-11.2555
VST,140.77999877929688,140.78,2026-09-21,False,138.9499969482422,142.3800048828125,0.08,-36.69,BAJO,47250722816.0,23.7,13.58,15.73,42.96,5.89,13.77,11.55,0.08,10.5,3.73,0.97,5.0,YAHOO,1.2561,1.4372,1.1353,0.057369,3.9063,-0.6476,81.2,2026-11-05,45,,,yahoo,1.0,0.0,1.0,1.0,1.0,0.0,1.0,0.0,0.0,0.0355,-5.7066,-15.5692,-15.8316,28.615,41.4179,151.72,168.98,217.0162,-7.2107,-16.6884,-35.1293
BP,43.15999984741211,43.16,2026-09-21,False,43.130001068115234,44.70000076293945,-3.19,30.48,BAJO,111154462720.0,20.55,8.84,7.64,8.87,5.04,13.15,2.55,11.59,12.76,0.95,1.27,7.0,YAHOO,1.2561,1.4372,1.1353,0.057369,3.9063,-0.6476,81.2,2026-10-30,39,,,yahoo,1.0,0.0,1.0,1.0,0.0,1.0,1.0,1.0,1.0,-6.0309,-1.4837,0.8551,9.8302,25.3093,31.826,46.96,46.96,46.96,-8.092,-8.092,-8.092
E,54.040000915527344,54.04,2026-09-21,False,54.040000915527344,54.7599983215332,-1.06,56.26,BAJO,77595475968.0,12.28,8.68,1.48,10.9,3.07,10.66,5.87,-11.58,7.98,0.65,1.48,6.0,YAHOO,1.2561,1.4372,1.1353,0.057369,3.9063,-0.6476,81.2,2026-10-23,32,,,yahoo,1.0,1.0,1.0,1.0,0.0,1.0,1.0,0.0,0.0,-2.4549,0.8585,5.7948,9.3927,17.5009,31.9229,56.66,57.35,57.35,-4.6241,-5.7716,-5.7716
SHEL,93.2699966430664,93.27,2026-09-21,False,93.19000244140625,95.0199966430664,-1.34,34.59,BAJO,266359341056.0,10.32,9.13,1.44,14.34,6.4,16.69,8.76,8.06,5.25,0.4,1.44,5.0,YAHOO,1.2561,1.4372,1.1353,0.057369,3.9063,-0.6476,81.2,2026-10-29,38,,,yahoo,1.0,1.0,1.0,1.0,0.0,0.0,1.0,0.0,0.0,-3.297,0.3443,7.1977,18.1112,22.2078,22.9956,98.95,98.95,98.95,-5.7403,-5.7403,-5.7403
HAL,33.38999938964844,33.39,2026-09-21,False,32.834999084472656,33.75,-0.74,49.1,BAJO,27818221568.0,17.48,11.5,2.53,14.92,7.26,12.79,7.16,7.38,8.22,0.74,2.02,4.0,YAHOO,1.2561,1.4372,1.1353,0.057369,3.9063,-0.6476,81.2,2026-10-20,29,,,yahoo,1.0,0.0,1.0,1.0,0.0,0.0,1.0,0.0,0.0,-4.6272,-9.9272,1.5591,-4.6205,17.6505,33.0953,37.63,37.63,42.6002,-11.2676,-11.2676,-21.6201
SLB,51.7599983215332,51.76,2026-09-21,False,50.47420120239258,52.3849983215332,1.25,54.76,BAJO,76819251200.0,25.25,16.0,2.95,12.91,6.17,12.71,8.53,3.85,11.74,0.47,1.44,4.0,YAHOO,1.2561,1.4372,1.1353,0.057369,3.9063,-0.6476,81.2,2026-10-23,32,,,yahoo,1.0,0.0,1.0,1.0,1.0,0.0,0.0,0.0,0.0,-2.9257,-9.9983,9.1432,8.5059,32.1812,40.1303,59.7898,59.7898,59.7898,-13.43,-13.43,-13.43
COP,127.52999877929688,127.53,2026-09-21,False,127.26249694824219,130.9499969482422,-3.26,41.41,BAJO,153206571008.0,16.89,13.26,2.34,14.18,7.53,31.51,14.4,5.02,6.3,0.36,1.54,7.0,YAHOO,1.2561,1.4372,1.1353,0.057369,3.9063,-0.6476,81.2,2026-11-05,45,,,yahoo,1.0,0.0,1.0,1.0,1.0,1.0,1.0,0.0,1.0,-6.6876,-5.0127,8.0736,17.0288,45.831,31.6583,141.22,141.22,141.22,-9.6941,-9.6941,-9.6941
GPRK,10.779999732971191,10.78,2026-09-21,False,10.75,10.989999771118164,-2.36,77.81,BAJO,699576192.0,7.59,6.06,1.59,28.57,7.81,27.52,16.0,13.19,3.44,1.81,1.17,3.0,YAHOO,1.2561,1.4372,1.1353,0.057369,3.9063,-0.6476,81.2,2026-11-04,44,,,yahoo,1.0,0.0,1.0,0.0,0.0,1.0,0.0,0.0,0.0,-6.0157,-6.7474,4.816,9.2672,24.4425,43.7774,11.97,11.97,11.97,-9.9415,-9.9415,-9.9415
CEG,262.1099853515625,262.11,2026-09-21,False,250.5500030517578,265.8500061035156,2.91,-25.63,BAJO,92867502080.0,25.6,19.7,2.91,15.06,3.89,8.66,11.08,-7.13,14.74,0.76,1.46,6.0,YAHOO,1.2561,1.4372,1.1353,0.057369,3.9063,-0.6476,81.2,2026-11-09,49,,,yahoo,1.0,0.0,1.0,1.0,1.0,0.0,1.0,0.0,1.0,-0.9298,-12.3261,-4.506,-4.7244,40.2629,38.9376,299.05,299.05,401.7044,-12.3525,-12.3525,-34.7505
FSLR,199.83999633789062,199.84,2026-09-21,False,193.72999572753906,201.13499450683594,1.98,-10.4,BAJO,21476763648.0,12.31,8.6,2.08,18.51,8.62,42.64,32.46,7.44,8.36,0.02,2.52,7.0,YAHOO,1.2561,1.4372,1.1353,0.057369,3.9063,-0.6476,81.2,2026-10-29,38,,,yahoo,1.0,1.0,1.0,1.0,1.0,1.0,0.0,0.0,1.0,-3.4776,-2.2548,-4.3187,-24.047,76.3036,47.1862,213.25,250.05,318.25,-6.2884,-20.08,-37.2066
CCJ,93.2300033569336,93.23,2026-09-21,False,91.6449966430664,94.63819885253906,1.76,6.66,BAJO,40604741632.0,160.74,50.15,7.97,5.11,2.98,9.11,10.21,0.12,50.99,0.17,3.06,8.0,YAHOO,1.2561,1.4372,1.1353,0.057369,3.9063,-0.6476,81.2,2026-10-30,39,,,yahoo,1.0,1.0,1.0,1.0,1.0,1.0,0.0,1.0,1.0,-0.0322,-7.4548,3.1648,-12.9261,25.8245,42.0412,107.36,107.36,134.09,-13.1613,-13.1613,-30.4721
PBR,20.6299991607666,20.63,2026-09-21,False,20.54050064086914,20.937999725341797,-0.82,67.65,BAJO,132947271680.0,5.21,5.17,1.42,30.27,10.07,44.68,24.32,70.89,1.84,0.76,0.85,7.0,YAHOO,1.2561,1.4372,1.1353,0.057369,3.9063,-0.6476,81.2,2026-11-10,50,,,yahoo,1.0,1.0,1.0,1.0,1.0,1.0,1.0,0.0,0.0,-2.4586,2.5348,12.4144,24.8388,28.6002,32.9339,21.77,21.77,21.77,-5.2366,-5.2366,-5.2366
NEE,79.62999725341797,79.63,2026-09-21,False,79.55000305175781,80.54499816894531,-1.04,11.66,BAJO,166106447872.0,17.89,18.11,2.91,11.68,2.44,31.52,32.4,-10.7,19.49,1.62,0.53,5.0,YAHOO,1.2561,1.4372,1.1353,0.057369,3.9063,-0.6476,81.2,2026-10-27,36,,,yahoo,1.0,0.0,1.0,1.0,0.0,1.0,0.0,1.0,0.0,-2.4501,-4.5547,-10.2686,-6.7974,16.714,14.1607,84.06,89.1198,96.443,-5.27,-10.6484,-17.4331
PAAS,48.75,48.75,2026-09-21,False,48.310001373291016,50.250301361083984,-2.48,30.11,BAJO,20212627456.0,14.42,10.54,2.76,22.41,11.77,37.81,32.03,6.52,9.17,0.11,2.94,7.0,YAHOO,1.2561,1.4372,1.1353,0.057369,3.9063,-0.6476,81.2,2026-11-16,56,,,yahoo,1.0,1.0,1.0,1.0,1.0,1.0,0.0,1.0,0.0,0.2262,-5.0448,8.0142,0.0197,48.8907,50.6945,54.89,54.89,68.0597,-11.186,-11.186,-28.3717
HMY,19.0,19.0,2026-09-21,False,18.979999542236328,19.93000030517578,-4.62,8.4,BAJO,11874570240.0,6.71,5.8,2.56,48.05,25.06,47.17,29.57,82.95,0.29,0.13,0.84,,YAHOO,1.2561,1.4372,1.1353,0.057369,3.9063,-0.6476,81.2,,999,2026-08-27,25.0,yahoo,,,,,,,,,,-3.2094,-6.2654,19.6474,17.72,56.5315,59.3847,22.95,23.54,25.5485,-17.2113,-19.2863,-25.6316
B,42.689998626708984,42.69,2026-09-21,False,42.38010025024414,43.369998931884766,-1.48,21.69,BAJO,70262800384.0,11.03,9.74,2.57,27.01,13.44,51.34,31.6,7.24,6.09,0.13,3.01,9.0,YAHOO,1.2561,1.4372,1.1353,0.057369,3.9063,-0.6476,81.2,2026-11-09,49,,,yahoo,1.0,1.0,1.0,1.0,1.0,1.0,1.0,1.0,1.0,0.6128,-4.6034,14.2476,6.762,29.2165,44.0254,48.6827,48.6827,52.117,-12.3096,-12.3096,-18.0881
VALE,14.149999618530273,14.15,2026-09-21,False,14.135000228881836,14.40999984741211,-0.42,39.54,BAJO,60219039744.0,28.3,7.28,1.62,4.11,7.92,21.95,4.75,22.1,1.88,0.55,1.19,4.0,YAHOO,1.2561,1.4372,1.1353,0.057369,3.9063,-0.6476,81.2,2026-10-29,38,,,yahoo,1.0,0.0,1.0,1.0,0.0,1.0,0.0,0.0,0.0,-3.1485,-7.3346,-1.9952,-7.3602,33.7356,30.3033,15.73,15.73,17.3257,-10.0445,-10.0445,-18.3294
LAC,2.9600000381469727,2.96,2026-09-21,False,2.9000000953674316,3.049999952316284,3.5,-11.87,BAJO,1074607104.0,,-20.31,0.76,-3.7,-1.66,0.0,0.0,-125.53,-30.09,0.6,5.47,1.0,YAHOO,1.2561,1.4372,1.1353,0.057369,3.9063,-0.6476,81.2,2026-11-13,53,,,yahoo,0.0,0.0,0.0,1.0,0.0,0.0,0.0,0.0,0.0,2.4221,-1.3333,-1.0033,-31.1628,43.9069,54.2688,3.25,3.85,10.05,-8.9231,-23.1169,-70.5473
RIO,97.04000091552734,97.04,2026-09-21,False,96.73500061035156,98.29000091552734,-0.34,58.6,BAJO,157821927424.0,13.15,11.22,2.41,19.31,8.11,28.05,19.58,2.28,7.74,0.32,1.42,4.0,YAHOO,1.2561,1.4372,1.1353,0.057369,3.9063,-0.6476,81.2,,999,2026-07-28,55.0,yahoo,1.0,0.0,1.0,1.0,0.0,0.0,0.0,1.0,0.0,-0.6145,-6.0327,7.4673,-0.1904,26.5236,28.1589,106.81,106.81,109.6326,-9.1471,-9.1471,-11.4862
GFI,41.9900016784668,41.99,2026-09-21,False,41.79999923706055,42.95000076293945,-1.22,2.91,BAJO,37408747520.0,8.55,8.25,8.34,58.68,28.52,55.0,38.65,11.16,10.59,0.29,1.87,9.0,YAHOO,1.2561,1.4372,1.1353,0.057369,3.9063,-0.6476,81.2,,999,2026-08-25,27.0,yahoo,1.0,1.0,1.0,1.0,1.0,1.0,1.0,1.0,1.0,-2.6206,-9.4024,27.8073,24.0059,40.8004,51.4299,47.7852,47.7852,58.4424,-12.1276,-12.1276,-28.1515
GGB,5.0,5.0,2026-09-21,False,4.985000133514404,5.070000171661377,1.21,63.55,BAJO,9809010688.0,22.73,8.55,0.94,4.18,5.03,12.75,3.22,26.99,1.97,0.28,2.87,5.0,YAHOO,1.2561,1.4372,1.1353,0.057369,3.9063,-0.6476,81.2,2026-10-26,35,,,yahoo,1.0,0.0,1.0,1.0,0.0,0.0,1.0,0.0,1.0,2.2495,0.6036,5.9226,18.8826,38.6541,36.9133,5.15,5.15,5.15,-2.9126,-2.9126,-2.9126
FCX,72.16000366210938,72.16,2026-09-21,False,70.80999755859375,73.27999877929688,0.87,59.94,BAJO,103623032832.0,35.37,17.42,5.15,14.75,7.58,33.4,11.39,2.08,12.77,0.32,2.07,6.0,YAHOO,1.2561,1.4372,1.1353,0.057369,3.9063,-0.6476,81.2,2026-10-22,31,,,yahoo,1.0,1.0,1.0,1.0,1.0,0.0,1.0,0.0,0.0,4.0669,-0.7837,11.0154,4.5155,16.443,47.1515,79.91,79.91,79.91,-9.6984,-9.6984,-9.6984
HL,18.350000381469727,18.35,2026-09-21,False,17.860000610351562,19.040000915527344,-3.01,61.99,BAJO,12326950912.0,22.11,17.56,4.6,22.17,15.3,44.27,19.15,2.78,12.24,0.01,5.2,8.0,YAHOO,1.2561,1.4372,1.1353,0.057369,3.9063,-0.6476,81.2,2026-11-05,45,,,yahoo,1.0,1.0,1.0,1.0,1.0,1.0,0.0,1.0,1.0,-2.4973,-11.2669,16.9758,14.853,65.616,64.9144,21.43,21.43,31.7903,-14.3724,-14.3724,-42.278
NEM,123.05000305175781,123.05,2026-09-21,False,121.30000305175781,124.45500183105469,-0.29,46.79,BAJO,129656840192.0,15.5,12.02,3.7,25.91,15.75,51.57,33.36,6.8,7.41,0.16,2.55,9.0,YAHOO,1.2561,1.4372,1.1353,0.057369,3.9063,-0.6476,81.2,2026-10-22,31,,,yahoo,1.0,1.0,1.0,1.0,1.0,1.0,1.0,1.0,1.0,-0.0162,-3.9347,28.7793,21.1259,27.5076,43.7453,134.8593,134.8593,134.8593,-8.7567,-8.7567,-8.7567
GOLD,43.79999923706055,43.8,2026-09-21,False,43.560001373291016,45.540000915527344,-3.65,66.95,BAJO,1276978304.0,14.5,11.74,1.46,10.8,2.82,0.45,0.32,32.03,9.33,0.96,1.15,6.0,YAHOO,1.2561,1.4372,1.1353,0.057369,3.9063,-0.6476,81.2,2026-11-05,45,2026-09-02,19.0,yahoo,1.0,1.0,1.0,1.0,1.0,0.0,0.0,0.0,1.0,-5.0552,-2.6059,11.7331,7.4573,33.5169,55.4652,48.0916,48.0916,62.0025,-8.9238,-8.9238,-29.3577
MUX,18.8799991607666,18.88,2026-09-21,False,18.510000228881836,19.0049991607666,-0.63,24.39,BAJO,1127892864.0,14.98,4.74,1.6,13.54,-0.43,-5.92,32.46,-1.65,41.81,0.18,2.04,5.0,YAHOO,1.2561,1.4372,1.1353,0.057369,3.9063,-0.6476,81.2,2026-11-04,44,,,yahoo,1.0,1.0,1.0,0.0,0.0,1.0,0.0,1.0,0.0,1.5054,-5.9293,4.9472,-0.9963,34.3081,53.7068,21.66,21.66,29.05,-12.8347,-12.8347,-35.0086
NXE,9.800000190734863,9.8,2026-09-21,False,9.560600280761719,9.930000305175781,4.81,8.18,BAJO,6570959872.0,,-61.23,4.91,-17.67,-3.39,0.0,0.0,-4.54,-57.33,0.34,1.46,2.0,YAHOO,1.2561,1.4372,1.1353,0.057369,3.9063,-0.6476,81.2,2026-11-03,43,,,yahoo,0.0,0.0,0.0,1.0,0.0,1.0,0.0,0.0,0.0,3.4847,-8.6673,3.8136,-6.2201,43.1979,48.9797,11.21,11.21,13.92,-12.5781,-12.5781,-29.5977
MP,50.0,50.0,2026-09-21,False,48.584999084472656,50.650001525878906,5.8,-33.28,BAJO,8905078784.0,,57.21,4.55,-3.58,-1.52,-14.72,-14.56,-4.86,217.52,0.41,9.51,4.0,YAHOO,1.2561,1.4372,1.1353,0.057369,3.9063,-0.6476,81.2,2026-11-05,45,,,yahoo,0.0,1.0,0.0,0.0,1.0,1.0,0.0,1.0,0.0,-1.3418,-8.3074,9.4571,-17.0675,66.0131,65.1289,60.17,60.17,98.65,-16.9021,-16.9021,-49.3158
JPM,352.0400085449219,352.04,2026-09-21,False,350.0799865722656,354.5,0.68,13.26,BAJO,935787888640.0,15.1,14.09,2.65,17.79,1.36,50.39,34.92,,,,,3.0,YAHOO,1.2561,1.4372,1.1353,0.057369,3.9063,-0.6476,81.2,2026-10-13,22,,,yahoo,1.0,0.0,0.0,0.0,1.0,0.0,1.0,0.0,0.0,0.5455,-1.8403,1.0999,6.6809,11.2423,17.7041,362.06,365.18,365.18,-2.7675,-3.5982,-3.5982
AXP,313.5899963378906,313.59,2026-09-21,False,310.7699890136719,315.31170654296875,0.65,-8.61,BAJO,211770408960.0,19.03,15.59,6.17,34.38,3.79,20.32,16.14,,,1.72,1.55,4.0,YAHOO,1.2561,1.4372,1.1353,0.057369,3.9063,-0.6476,81.2,2026-10-23,32,,,yahoo,1.0,0.0,1.0,1.0,0.0,0.0,1.0,0.0,0.0,-4.3291,-3.8539,-10.0791,-6.9872,31.1072,24.5297,337.33,361.57,381.7816,-7.0376,-13.2699,-17.8614
MA,567.6500244140625,567.65,2026-09-21,False,562.4000244140625,568.7100219726562,0.43,-3.84,BAJO,497267048448.0,31.19,24.65,88.75,241.2,24.06,61.11,46.34,3.41,22.98,4.4,1.06,9.0,YAHOO,1.2561,1.4372,1.1353,0.057369,3.9063,-0.6476,81.2,2026-10-29,38,,,yahoo,1.0,1.0,1.0,1.0,1.0,1.0,1.0,1.0,1.0,-1.1786,-1.9958,6.7051,17.4578,9.1811,21.0415,599.86,599.86,599.86,-5.3696,-5.3696,-5.3696
V,369.95001220703125,369.95,2026-09-21,False,366.0899963378906,370.60400390625,0.45,6.73,BAJO,694527590400.0,31.49,24.66,19.61,61.19,19.11,66.13,50.78,2.94,22.21,0.68,0.98,6.0,YAHOO,1.2561,1.4372,1.1353,0.057369,3.9063,-0.6476,81.2,2026-10-27,36,,,yahoo,1.0,0.0,1.0,1.0,1.0,0.0,1.0,0.0,1.0,-1.4203,-1.3651,4.8716,13.4836,11.0772,20.0085,384.14,384.14,384.14,-3.694,-3.694,-3.694
PYPL,52.619998931884766,52.62,2026-09-21,False,52.2400016784668,53.060001373291016,0.4,-22.95,BAJO,45014347776.0,9.95,9.1,2.29,24.5,4.62,16.97,14.36,9.83,7.43,0.72,1.29,9.0,YAHOO,1.2561,1.4372,1.1353,0.057369,3.9063,-0.6476,81.2,2026-10-27,36,,,yahoo,1.0,1.0,1.0,1.0,1.0,1.0,1.0,1.0,1.0,-2.6097,-4.2576,-4.9721,24.5866,19.0338,52.429,62.1166,62.1465,75.2904,-15.2883,-15.3291,-30.1106
PAGS,9.470000267028809,9.47,2026-09-21,False,9.180000305175781,9.510000228881836,2.27,-3.83,BAJO,2610367744.0,6.49,5.02,0.89,14.54,6.36,36.2,10.86,-71.11,0.32,0.12,1.55,7.0,YAHOO,1.2561,1.4372,1.1353,0.057369,3.9063,-0.6476,81.2,2026-11-10,50,,,yahoo,1.0,0.0,1.0,1.0,1.0,0.0,1.0,1.0,1.0,-1.7734,0.2456,0.8676,10.7139,38.1091,33.8535,9.8352,9.8352,11.3776,-3.7128,-3.7128,-16.7661
NU,14.0600004196167,14.06,2026-09-21,False,13.694999694824219,14.095000267028809,3.0,-15.31,BAJO,67919486976.0,19.26,12.49,5.13,31.63,4.96,50.15,42.73,,,,,4.0,YAHOO,1.2561,1.4372,1.1353,0.057369,3.9063,-0.6476,81.2,2026-11-12,52,,,yahoo,1.0,0.0,1.0,1.0,1.0,0.0,0.0,0.0,0.0,-2.4289,-8.5231,-3.1013,9.9296,38.8337,39.9103,15.68,15.68,18.76,-10.3316,-10.3316,-25.0533
XP,20.780000686645508,20.78,2026-09-21,False,20.239999771118164,20.860000610351562,3.85,7.58,BAJO,10544665600.0,10.55,8.78,2.29,22.56,1.36,31.18,28.54,,,6.42,1.49,7.0,YAHOO,1.2561,1.4372,1.1353,0.057369,3.9063,-0.6476,81.2,2026-11-16,56,,,yahoo,1.0,1.0,1.0,1.0,1.0,0.0,1.0,1.0,0.0,6.0475,4.6324,20.1156,29.9562,31.4431,40.8093,20.78,20.78,22.6565,0.0,0.0,-8.2825
AIG,74.54000091552734,74.54,2026-09-21,False,74.44499969482422,75.66999816894531,-1.05,-1.77,BAJO,38976458752.0,13.6,8.48,0.96,7.22,1.76,19.41,11.09,18.9,4.62,0.22,0.61,5.0,YAHOO,1.2561,1.4372,1.1353,0.057369,3.9063,-0.6476,81.2,2026-11-04,44,,,yahoo,1.0,1.0,1.0,1.0,0.0,0.0,1.0,0.0,0.0,-1.6467,-1.5434,-4.1102,-1.7497,12.3023,20.3356,76.8708,80.5266,84.9512,-3.0321,-7.4343,-12.2555
BRK-B,502.010009765625,502.01,2026-09-21,False,502.010009765625,510.5,-1.52,0.12,BAJO,1074657755136.0,12.63,22.62,0.0,12.12,6.01,32.56,22.3,6.7,-1.79,0.17,2.89,4.0,YAHOO,1.2561,1.4372,1.1353,0.057369,3.9063,-0.6476,81.2,2026-11-07,47,,,yahoo,1.0,0.0,1.0,0.0,1.0,0.0,1.0,0.0,0.0,-2.5129,-0.7944,2.5787,2.7257,20.0539,14.6979,519.8,529.42,529.42,-3.4225,-5.1774,-5.1774
BBD,3.5199999809265137,3.52,2026-09-21,False,3.490000009536743,3.5299999713897705,2.62,9.18,BAJO,37208907776.0,8.38,6.47,1.06,13.76,1.07,34.52,26.07,,,,,4.0,YAHOO,1.2561,1.4372,1.1353,0.057369,3.9063,-0.6476,81.2,2026-11-04,44,,,yahoo,1.0,1.0,0.0,0.0,1.0,0.0,1.0,0.0,0.0,-0.565,1.4409,-5.4121,4.9901,27.7705,30.0217,3.6,3.7214,4.1061,-2.2222,-5.4121,-14.2748
AEG,9.09000015258789,9.09,2026-09-21,False,9.09000015258789,9.14799976348877,0.55,19.96,BAJO,13453115392.0,12.12,9.71,1.31,11.07,0.1,5.82,8.62,-32.07,,0.43,1.16,6.0,YAHOO,1.2561,1.4372,1.1353,0.057369,3.9063,-0.6476,81.2,,999,2026-08-20,32.0,yahoo,1.0,1.0,1.0,0.0,1.0,0.0,1.0,0.0,1.0,0.3311,-0.547,1.9471,9.3484,13.1472,17.949,9.2,9.2766,9.2766,-1.1956,-2.011,-2.011
SAN,14.619999885559082,14.62,2026-09-21,False,14.529999732971191,14.640000343322754,2.17,44.39,BAJO,212117274624.0,14.48,10.21,1.66,13.11,0.78,43.44,33.46,,,,,4.0,YAHOO,1.2561,1.4372,1.1353,0.057369,3.9063,-0.6476,81.2,2026-10-28,37,,,yahoo,1.0,1.0,0.0,0.0,1.0,0.0,1.0,0.0,0.0,-0.8141,-2.0764,6.4047,6.6375,48.457,30.2354,15.05,15.05,15.05,-2.8571,-2.8571,-2.8571
GGAL,41.7599983215332,41.76,2026-09-21,False,41.33000183105469,42.20000076293945,0.0,34.57,BAJO,7076375552.0,119.31,5.96,11.02,1.09,0.2,17.32,1.5,,,,,1.0,YAHOO,1.2561,1.4372,1.1353,0.057369,3.9063,-0.6476,81.2,2026-11-24,64,2026-08-25,27.0,yahoo,1.0,0.0,0.0,0.0,0.0,0.0,0.0,0.0,0.0,-2.7933,-5.8611,-21.3944,-21.5271,19.7811,43.793,45.01,53.6149,58.6267,-7.2206,-22.1113,-28.7697
MELI,1820.469970703125,1820.47,2026-09-21,False,1787.2840576171875,1834.530029296875,1.85,-27.58,BAJO,92292005888.0,49.44,32.25,11.78,27.5,4.31,6.72,5.3,0.38,25.63,1.69,1.12,5.0,YAHOO,1.2561,1.4372,1.1353,0.057369,3.9063,-0.6476,81.2,2026-11-04,44,,,yahoo,1.0,0.0,1.0,1.0,1.0,0.0,1.0,0.0,0.0,-4.1979,-7.9809,1.1816,14.5346,26.9439,34.471,2006.58,2006.58,2510.97,-9.275,-9.275,-27.4993
WFC,86.54000091552734,86.54,2026-09-21,False,86.2300033569336,87.1500015258789,0.49,2.27,BAJO,261696897024.0,12.58,10.95,1.63,12.57,1.08,37.39,27.23,,,,,3.0,YAHOO,1.2561,1.4372,1.1353,0.057369,3.9063,-0.6476,81.2,2026-10-13,22,,,yahoo,1.0,0.0,0.0,0.0,1.0,0.0,1.0,0.0,0.0,-2.4462,-3.8124,0.7138,3.813,23.8079,23.73,90.29,90.29,94.8289,-4.1533,-4.1533,-8.7409
BNY,153.88999938964844,153.89,2026-09-21,False,153.24099731445312,155.26499938964844,0.07,41.6,BAJO,104415002624.0,17.96,15.02,2.62,14.12,1.26,40.05,29.41,,,,,6.0,YAHOO,1.2561,1.4372,1.1353,0.057369,3.9063,-0.6476,81.2,2026-10-15,24,,,yahoo,1.0,1.0,1.0,1.0,1.0,0.0,1.0,0.0,0.0,-2.3912,-6.6428,-3.6707,5.5057,8.6105,21.9034,164.84,164.84,164.84,-6.6428,-6.6428,-6.6428
BCS,25.299999237060547,25.3,2026-09-21,False,25.1299991607666,25.475000381469727,1.73,22.14,BAJO,84723425280.0,9.77,7.58,0.96,10.09,0.47,42.95,27.87,,,,,6.0,YAHOO,1.2561,1.4372,1.1353,0.057369,3.9063,-0.6476,81.2,2026-10-22,31,,,yahoo,1.0,1.0,1.0,1.0,0.0,0.0,1.0,0.0,1.0,-2.1655,-6.2963,-9.0502,-6.2508,33.6822,30.3113,27.23,28.2428,28.2428,-7.0878,-10.4196,-10.4196
HSBC,103.20999908447266,103.21,2026-09-21,False,102.62000274658203,103.76000213623047,1.36,52.72,BAJO,353202044928.0,14.74,10.9,8.19,13.1,0.78,58.77,37.8,,,,,5.0,YAHOO,1.2561,1.4372,1.1353,0.057369,3.9063,-0.6476,81.2,2026-10-27,36,,,yahoo,1.0,0.0,1.0,1.0,1.0,0.0,1.0,0.0,0.0,-0.7023,-3.6411,0.5803,7.4587,26.4111,21.0181,107.11,107.3417,107.3417,-3.6411,-3.8491,-3.8491
BHP,86.08999633789062,86.09,2026-09-21,False,85.44999694824219,87.38500213623047,-0.21,67.2,BAJO,218795737088.0,22.3,18.38,4.29,24.0,13.43,43.34,16.73,4.38,7.82,0.5,1.89,7.0,YAHOO,1.2561,1.4372,1.1353,0.057369,3.9063,-0.6476,81.2,,999,2026-08-17,35.0,yahoo,1.0,0.0,1.0,1.0,1.0,1.0,0.0,1.0,1.0,1.5931,-4.7888,4.0558,2.5516,26.4822,33.6531,96.5823,96.5823,96.5823,-10.8636,-10.8636,-10.8636
LYG,5.889999866485596,5.89,2026-09-21,False,5.860000133514404,5.909999847412109,1.38,35.26,BAJO,85067915264.0,13.7,9.17,1.54,11.34,0.56,44.96,26.43,,,,,6.0,YAHOO,1.2561,1.4372,1.1353,0.057369,3.9063,-0.6476,81.2,2026-10-29,38,,,yahoo,1.0,1.0,1.0,1.0,0.0,0.0,1.0,0.0,1.0,-0.1695,-3.125,-2.6125,4.0044,25.4588,26.5727,6.1,6.21,6.21,-3.4426,-5.153,-5.153
ING,36.90999984741211,36.91,2026-09-21,False,36.81999969482422,37.03499984741211,1.4,50.03,BAJO,105157468160.0,13.93,11.53,1.82,17.12,0.8,49.1,34.49,,,,,2.0,YAHOO,1.2561,1.4372,1.1353,0.057369,3.9063,-0.6476,81.2,2026-10-29,38,,,yahoo,1.0,0.0,0.0,0.0,0.0,0.0,1.0,0.0,0.0,-0.1353,-0.7262,12.1811,16.1179,25.241,25.4922,37.27,37.27,37.27,-0.9659,-0.9659,-0.9659
IBN,28.31999969482422,28.32,2026-09-21,False,28.149999618530273,28.3700008392334,0.6,-11.62,BAJO,101637185536.0,17.59,15.22,2.56,16.07,2.11,38.51,27.53,,,,,4.0,YAHOO,1.2561,1.4372,1.1353,0.057369,3.9063,-0.6476,81.2,2026-10-17,26,,,yahoo,1.0,0.0,1.0,1.0,1.0,0.0,0.0,0.0,0.0,-3.2126,-6.5347,-3.0319,0.095,9.7995,19.4724,30.58,30.58,32.6665,-7.3905,-7.3905,-13.3057
MUFG,23.420000076293945,23.42,2026-09-21,False,23.280000686645508,23.459999084472656,1.25,44.35,BAJO,263610023936.0,15.41,22.74,1.81,9.46,0.51,45.6,27.45,,,,,1.0,YAHOO,1.2561,1.4372,1.1353,0.057369,3.9063,-0.6476,81.2,2026-11-12,52,,,yahoo,1.0,0.0,0.0,0.0,0.0,0.0,0.0,0.0,0.0,-1.9673,-2.7812,4.5069,12.2723,29.8508,29.0117,24.13,24.13,24.13,-2.9424,-2.9424,-2.9424
GS,959.3900146484375,959.39,2026-09-21,False,942.7589721679688,962.219970703125,1.85,19.87,BAJO,279346937856.0,14.82,12.96,2.65,16.9,1.07,42.18,31.04,,,7.25,1.56,4.0,YAHOO,1.2561,1.4372,1.1353,0.057369,3.9063,-0.6476,81.2,2026-10-13,22,,,yahoo,1.0,1.0,0.0,0.0,0.0,0.0,1.0,0.0,1.0,-2.94,-7.6275,-12.2119,-12.8602,42.4581,36.5235,1053.7192,1146.4551,1146.4551,-8.952,-16.3168,-16.3168
BX,126.41000366210938,126.41,2026-09-21,False,124.55000305175781,127.08000183105469,1.16,-30.71,BAJO,151097606144.0,28.28,16.89,11.22,31.37,14.33,54.36,22.73,,,0.68,0.87,5.0,YAHOO,1.2561,1.4372,1.1353,0.057369,3.9063,-0.6476,81.2,2026-10-22,31,,,yahoo,1.0,0.0,1.0,1.0,1.0,0.0,0.0,0.0,1.0,-1.4654,-7.1539,3.9729,3.6017,29.7946,35.0942,143.64,149.32,180.3059,-11.9953,-15.3429,-29.8914
ITUB,8.449999809265137,8.45,2026-09-21,False,8.329999923706055,8.460000038146973,3.05,28.39,BAJO,93134815232.0,10.3,8.55,2.19,21.48,1.58,39.07,32.58,,,,,4.0,YAHOO,1.2561,1.4372,1.1353,0.057369,3.9063,-0.6476,81.2,2026-11-03,43,,,yahoo,1.0,1.0,1.0,0.0,0.0,0.0,1.0,0.0,0.0,2.6732,3.681,-0.2796,6.6761,27.8787,30.1256,8.45,8.6136,9.3754,0.0,-1.8992,-9.8707
BAC,57.959999084472656,57.96,2026-09-21,False,57.46500015258789,58.279998779296875,0.4,12.45,BAJO,405299691520.0,13.39,10.95,1.47,11.2,0.97,38.3,29.52,,,,,5.0,YAHOO,1.2561,1.4372,1.1353,0.057369,3.9063,-0.6476,81.2,2026-10-14,23,,,yahoo,1.0,1.0,1.0,0.0,0.0,0.0,1.0,0.0,1.0,-2.5391,-7.5303,-5.4597,1.5439,23.7086,21.0696,62.72,64.481,64.481,-7.5893,-10.1131,-10.1131
RACE,416.1300048828125,416.13,2026-09-21,False,414.4313049316406,418.79998779296875,2.32,-13.46,BAJO,73076482048.0,39.04,33.0,17.26,45.44,13.61,31.06,22.25,1.37,30.34,0.86,2.43,9.0,YAHOO,1.2561,1.4372,1.1353,0.057369,3.9063,-0.6476,81.2,2026-11-03,43,,,yahoo,1.0,1.0,1.0,1.0,1.0,1.0,1.0,1.0,1.0,1.7234,1.5075,11.9803,19.4334,27.6944,27.0163,424.44,436.54,498.3386,-1.9579,-4.6754,-16.4965
C,135.0500030517578,135.05,2026-09-21,False,132.6199951171875,135.72999572753906,2.49,31.69,BAJO,226537848832.0,14.55,10.47,1.18,8.53,0.66,36.23,21.83,,,,,3.0,YAHOO,1.2561,1.4372,1.1353,0.057369,3.9063,-0.6476,81.2,2026-10-13,22,,,yahoo,1.0,0.0,0.0,0.0,1.0,0.0,1.0,0.0,0.0,-0.8298,-1.9387,2.6364,-6.8191,31.9708,27.8345,138.82,143.1323,144.9331,-2.7157,-5.6467,-6.8191
SCHW,106.87999725341797,106.88,2026-09-21,False,105.3302993774414,107.41000366210938,1.55,13.07,BAJO,184831393792.0,19.47,13.65,4.2,20.27,2.07,52.28,38.79,,,1.51,0.66,7.0,YAHOO,1.2561,1.4372,1.1353,0.057369,3.9063,-0.6476,81.2,2026-10-15,24,,,yahoo,1.0,1.0,1.0,1.0,1.0,0.0,1.0,0.0,1.0,-0.4007,-2.2051,6.3409,16.4747,27.1817,21.788,113.65,113.65,113.65,-5.9569,-5.9569,-5.9569
PG,146.0800018310547,146.08,2026-09-21,False,145.6300048828125,146.80499267578125,-0.21,-3.33,BAJO,339295993856.0,22.07,19.74,6.37,30.29,10.72,22.08,18.44,3.91,14.77,0.64,0.68,6.0,YAHOO,1.2561,1.4372,1.1353,0.057369,3.9063,-0.6476,81.2,2026-10-22,31,,,yahoo,1.0,0.0,1.0,1.0,1.0,0.0,1.0,0.0,1.0,-0.0342,-0.2458,-1.314,-0.345,8.2489,18.026,147.64,151.6182,164.7207,-1.0566,-3.6527,-11.3166
KO,87.12000274658203,87.12,2026-09-21,False,87.12000274658203,88.5,-1.28,33.51,BAJO,374838067200.0,26.16,24.71,10.37,42.05,9.4,34.87,28.56,1.39,23.82,1.16,1.3,7.0,YAHOO,1.2561,1.4372,1.1353,0.057369,3.9063,-0.6476,81.2,2026-10-20,29,,,yahoo,1.0,1.0,1.0,0.0,1.0,1.0,1.0,1.0,0.0,-1.914,-0.4884,6.6178,10.1972,12.3769,21.8065,91.4443,91.4443,91.4443,-4.7289,-4.7289,-4.7289
PEP,129.58999633789062,129.59,2026-09-21,False,127.9800033569336,130.22000122070312,-0.12,-5.95,BAJO,177019928576.0,16.98,14.44,8.01,51.51,8.93,16.84,10.79,4.42,11.63,2.39,0.93,5.0,YAHOO,1.2561,1.4372,1.1353,0.057369,3.9063,-0.6476,81.2,2026-10-08,17,,,yahoo,1.0,0.0,1.0,1.0,0.0,1.0,1.0,0.0,0.0,-4.9509,-5.8418,-3.4468,-6.9189,19.865,22.5163,143.1409,143.4476,165.4535,-9.4668,-9.6604,-21.6759
MO,68.52999877929688,68.53,2026-09-21,False,68.44660186767578,69.54000091552734,-1.42,13.13,BAJO,114427543552.0,14.43,11.69,-42.88,,29.49,76.12,39.0,7.88,8.69,,0.52,6.0,YAHOO,1.2561,1.4372,1.1353,0.057369,3.9063,-0.6476,81.2,2026-10-29,38,,,yahoo,1.0,0.0,1.0,1.0,0.0,1.0,1.0,1.0,0.0,-1.3957,1.0809,-3.5271,0.1647,12.1198,30.676,70.1,73.7422,73.7422,-2.2397,-7.0682,-7.0682
WMT,107.44000244140625,107.44,2026-09-21,False,106.12000274658203,107.75990295410156,0.67,3.81,BAJO,855016013824.0,38.93,33.26,9.07,22.31,6.41,3.45,3.0,0.83,20.93,0.72,0.77,7.0,YAHOO,1.2561,1.4372,1.1353,0.057369,3.9063,-0.6476,81.2,2026-11-19,59,,,yahoo,1.0,1.0,1.0,1.0,1.0,0.0,1.0,1.0,0.0,-1.5035,0.28,-1.4934,-8.0925,9.5716,28.4228,109.08,115.7329,133.8795,-1.5035,-7.1656,-19.7487
TGT,157.7100067138672,157.71,2026-09-21,False,157.55819702148438,159.49000549316406,-0.3,88.01,BAJO,71647141888.0,16.38,16.52,4.02,26.41,5.69,6.04,4.08,4.79,9.94,1.08,0.99,6.0,YAHOO,1.2561,1.4372,1.1353,0.057369,3.9063,-0.6476,81.2,2026-11-18,58,,,yahoo,1.0,0.0,1.0,1.0,1.0,1.0,1.0,0.0,0.0,-0.6238,-4.0927,15.2266,22.501,30.4989,31.5415,169.89,169.89,169.89,-7.1693,-7.1693,-7.1693
MCD,247.8800048828125,247.88,2026-09-21,False,246.52090454101562,250.36000061035156,-0.15,-17.65,BAJO,175410184192.0,20.14,17.77,-171.42,,13.25,46.48,31.72,3.57,15.35,,1.08,6.0,YAHOO,1.2561,1.4372,1.1353,0.057369,3.9063,-0.6476,81.2,2026-11-05,45,,,yahoo,1.0,0.0,1.0,1.0,1.0,0.0,1.0,1.0,0.0,-3.7322,-3.0545,-5.2844,-7.5743,12.5478,20.9635,270.6165,280.2182,334.503,-8.4017,-11.5404,-25.896
SBUX,94.9000015258789,94.9,2026-09-21,False,93.625,96.44000244140625,-0.97,12.54,BAJO,108186001408.0,54.86,30.39,-14.09,,8.02,12.92,5.17,2.83,22.52,,0.76,5.0,YAHOO,1.2561,1.4372,1.1353,0.057369,3.9063,-0.6476,81.2,2026-10-28,37,,,yahoo,1.0,0.0,1.0,1.0,1.0,0.0,0.0,0.0,1.0,-4.2091,-9.1605,-8.2082,-4.6978,13.0655,21.5644,108.49,108.49,108.49,-12.5265,-12.5265,-12.5265
NKE,36.099998474121094,36.1,2026-09-21,False,35.349998474121094,36.35499954223633,1.66,-49.25,BAJO,53554302976.0,17.19,15.84,3.6,22.14,6.97,12.69,6.7,3.53,11.27,0.74,1.96,4.0,YAHOO,1.2561,1.4372,1.1353,0.057369,3.9063,-0.6476,81.2,2026-10-01,10,,,yahoo,1.0,0.0,1.0,0.0,1.0,0.0,0.0,1.0,0.0,-2.5641,-5.9896,-13.568,-15.5292,32.1576,31.5039,40.3223,44.1022,72.1898,-10.4713,-18.1446,-49.9929
MDLZ,60.16999816894531,60.17,2026-09-21,False,60.095001220703125,61.150001525878906,-1.12,-3.52,BAJO,76795453440.0,22.04,17.91,2.89,13.34,4.12,21.98,8.86,2.93,15.98,0.83,0.6,5.0,YAHOO,1.2561,1.4372,1.1353,0.057369,3.9063,-0.6476,81.2,2026-10-27,36,,,yahoo,1.0,0.0,1.0,1.0,0.0,0.0,1.0,0.0,1.0,-3.5583,-1.8114,-1.1338,1.9566,15.654,25.9067,64.7,64.99,64.99,-7.0015,-7.4165,-7.4165
HSY,167.89999389648438,167.9,2026-09-21,False,167.08999633789062,170.46499633789062,-1.11,-11.64,BAJO,33735417856.0,22.94,17.01,7.39,32.81,9.92,23.12,12.24,5.17,14.28,1.3,1.18,4.0,YAHOO,1.2561,1.4372,1.1353,0.057369,3.9063,-0.6476,81.2,2026-11-05,45,,,yahoo,1.0,0.0,1.0,1.0,0.0,1.0,0.0,0.0,0.0,-3.328,-3.0321,-1.8046,-0.9771,17.3258,24.0721,189.94,189.94,232.6481,-11.6037,-11.6037,-27.8309
ANF,136.75999450683594,136.76,2026-09-21,False,135.1699981689453,139.23500061035156,0.74,54.25,BAJO,5803324928.0,11.81,10.65,4.28,40.61,13.63,19.94,10.04,7.51,7.06,0.94,1.41,5.0,YAHOO,1.2561,1.4372,1.1353,0.057369,3.9063,-0.6476,81.2,2026-11-25,65,2026-08-26,26.0,yahoo,1.0,0.0,1.0,1.0,0.0,1.0,1.0,0.0,0.0,-2.745,-8.6256,42.399,58.8939,38.2197,88.3542,152.08,152.08,152.08,-10.0737,-10.0737,-10.0737
EBAY,108.30000305175781,108.3,2026-09-21,False,108.06999969482422,112.24500274658203,-3.17,19.51,BAJO,48193503232.0,22.75,16.13,10.33,46.61,9.15,21.57,18.57,3.28,16.8,1.53,1.02,5.0,YAHOO,1.2561,1.4372,1.1353,0.057369,3.9063,-0.6476,81.2,2026-11-04,44,,,yahoo,1.0,1.0,1.0,0.0,0.0,0.0,1.0,0.0,1.0,-0.6331,4.7287,-2.0917,3.5156,44.5748,33.0475,112.9,117.084,118.2715,-4.0744,-7.5023,-8.431
ABEV,2.9800000190734863,2.98,2026-09-21,False,2.9700000286102295,3.009999990463257,1.36,30.09,BAJO,45941133312.0,14.9,13.93,2.68,18.4,10.3,23.74,18.41,43.23,1.17,0.03,1.02,8.0,YAHOO,1.2561,1.4372,1.1353,0.057369,3.9063,-0.6476,81.2,2026-10-29,38,,,yahoo,1.0,1.0,1.0,1.0,1.0,0.0,1.0,1.0,1.0,-1.6502,-1.3245,-5.0955,-4.8245,19.0554,19.4603,3.04,3.23,3.4202,-1.9737,-7.7399,-12.8714
UL,62.16999816894531,62.17,2026-09-21,False,61.86000061035156,62.380001068115234,0.57,-7.12,BAJO,133868462080.0,21.29,15.93,7.2,31.87,8.29,20.34,18.32,5.03,14.91,1.75,0.74,7.0,YAHOO,1.2561,1.4372,1.1353,0.057369,3.9063,-0.6476,81.2,2026-10-28,37,2026-07-28,55.0,finnhub,1.0,1.0,1.0,0.0,0.0,1.0,1.0,1.0,1.0,-2.2023,-3.162,1.3956,8.6533,8.2586,27.6493,65.32,66.3122,72.7099,-4.8224,-6.2466,-14.4958
URBN,74.20999908447266,74.21,2026-09-21,False,74.16999816894531,75.66999816894531,-1.07,1.33,BAJO,6356841984.0,11.61,10.73,2.43,20.94,8.02,11.62,8.79,1.53,8.83,0.43,1.58,8.0,YAHOO,1.2561,1.4372,1.1353,0.057369,3.9063,-0.6476,81.2,2026-11-25,65,2026-08-26,26.0,yahoo,1.0,1.0,1.0,1.0,0.0,1.0,1.0,1.0,1.0,-3.6359,-8.3488,0.6783,2.0069,22.5571,40.8786,82.95,82.95,82.95,-10.5365,-10.5365,-10.5365
CL,86.26000213623047,86.26,2026-09-21,False,86.02999877929688,87.27339935302734,-1.38,9.85,BAJO,68764131328.0,33.96,21.03,291.42,267.37,15.84,20.97,9.68,5.03,15.15,13.88,1.03,5.0,YAHOO,1.2561,1.4372,1.1353,0.057369,3.9063,-0.6476,81.2,2026-10-30,39,,,yahoo,1.0,0.0,1.0,1.0,1.0,0.0,1.0,0.0,0.0,-1.8546,-2.8275,-5.8605,-2.1602,14.4651,20.6672,92.55,94.5877,97.966,-6.7963,-8.8042,-11.9491
COST,898.47998046875,898.48,2026-09-21,False,885.5,899.4400024414062,0.35,-5.76,BAJO,398456848384.0,45.2,39.72,11.89,29.15,8.67,3.99,3.01,1.75,28.04,0.25,1.07,6.0,YAHOO,1.2561,1.4372,1.1353,0.057369,3.9063,-0.6476,81.2,2026-09-24,3,,,yahoo,1.0,0.0,1.0,1.0,1.0,1.0,0.0,1.0,0.0,-2.2233,-1.8848,-2.9549,-5.4072,8.3886,20.1702,971.4,974.03,1092.5829,-7.5067,-7.7564,-17.7655
KMB,97.73999786376953,97.74,2026-09-21,False,96.81999969482422,98.26000213623047,-0.12,-18.75,BAJO,32506273792.0,19.32,13.07,18.57,104.91,10.2,19.0,11.79,2.9,10.98,3.49,0.91,4.0,YAHOO,1.2561,1.4372,1.1353,0.057369,3.9063,-0.6476,81.2,2026-11-03,43,,,yahoo,1.0,0.0,1.0,1.0,1.0,0.0,0.0,0.0,0.0,-1.3624,-6.8788,-9.1543,-1.5793,4.619,25.7681,110.0495,113.3795,118.551,-11.1854,-13.7939,-17.5545
ORLY,82.87999725341797,82.88,2026-09-21,False,82.83999633789062,84.88999938964844,-2.16,-21.45,BAJO,67046666240.0,26.31,22.69,-36.85,,13.67,20.15,14.27,2.34,18.32,,0.75,7.0,YAHOO,1.2561,1.4372,1.1353,0.057369,3.9063,-0.6476,81.2,2026-10-28,37,,,yahoo,1.0,0.0,1.0,1.0,1.0,1.0,1.0,1.0,0.0,-4.9759,-5.7003,-4.2182,-3.2115,26.0015,30.7567,90.68,93.53,107.81,-8.6017,-11.3867,-23.124
PM,187.47999572753906,187.48,2026-09-21,False,185.83999633789062,188.47999572753906,-0.6,18.37,BAJO,292208836608.0,25.75,20.41,-34.04,,14.59,40.0,25.56,3.32,18.72,,0.98,7.0,YAHOO,1.2561,1.4372,1.1353,0.057369,3.9063,-0.6476,81.2,2026-10-21,30,,,yahoo,1.0,1.0,1.0,1.0,1.0,1.0,0.0,1.0,0.0,-3.7873,2.7119,-3.51,9.1611,4.7464,27.1909,194.86,200.17,200.17,-3.7873,-6.3396,-6.3396
ETSY,73.4800033569336,73.48,2026-09-21,False,71.66999816894531,73.66000366210938,1.21,17.58,BAJO,6744122880.0,23.25,10.66,-4.87,,10.53,18.74,7.11,2.52,18.47,,1.48,5.0,YAHOO,1.2561,1.4372,1.1353,0.057369,3.9063,-0.6476,81.2,2026-11-04,44,,,yahoo,1.0,0.0,1.0,1.0,1.0,0.0,1.0,0.0,0.0,-1.3161,-3.9603,-8.6978,1.2958,19.0911,44.8498,87.03,87.03,87.03,-15.5693,-15.5693,-15.5693
TM,192.5,192.5,2026-09-21,False,192.39999389648438,193.72900390625,0.51,-5.64,BAJO,227955310592.0,8.55,12.2,15.65,12.4,2.34,7.86,8.63,-1579.24,6.28,1.15,1.17,3.0,YAHOO,1.2561,1.4372,1.1353,0.057369,3.9063,-0.6476,81.2,2026-11-05,45,,,yahoo,1.0,0.0,1.0,1.0,0.0,0.0,0.0,0.0,0.0,-2.5612,-2.3388,6.9801,13.4154,19.998,22.8876,199.87,199.87,248.29,-3.6874,-3.6874,-22.4697
HMC,32.529998779296875,32.53,2026-09-21,False,32.415000915527344,32.72999954223633,1.02,-5.27,BAJO,42213273600.0,,,0.54,-0.76,-0.15,8.76,-0.75,634.29,7.16,1.14,1.29,3.0,YAHOO,1.2561,1.4372,1.1353,0.057369,3.9063,-0.6476,81.2,2026-11-05,45,,,yahoo,0.0,0.0,1.0,1.0,0.0,0.0,1.0,0.0,0.0,0.1231,-0.4285,14.0203,25.1635,17.4683,30.385,33.04,33.37,33.88,-1.5436,-2.5172,-3.9847
NSANY,4.039999961853027,4.04,2026-09-21,False,4.010000228881836,4.090000152587891,0.75,-20.93,BAJO,7062692352.0,,4.7,0.22,-7.65,0.69,2.63,-3.37,-19250.21,15.32,1.72,1.54,4.0,YAHOO,1.2561,1.4372,1.1353,0.057369,3.9063,-0.6476,81.2,2026-11-05,45,,,yahoo,0.0,1.0,1.0,1.0,0.0,1.0,0.0,0.0,0.0,-1.4634,-0.9804,-0.9804,1.0,26.6359,34.8456,4.23,4.51,6.05,-4.4917,-10.4213,-33.2231
GM,83.94999694824219,83.95,2026-09-21,False,82.25,84.87999725341797,2.13,42.24,BAJO,75928698880.0,37.48,5.6,1.19,3.16,2.25,3.2,1.05,28.89,10.89,2.02,1.14,5.0,YAHOO,1.2561,1.4372,1.1353,0.057369,3.9063,-0.6476,81.2,2026-10-20,29,,,yahoo,1.0,0.0,1.0,1.0,0.0,1.0,1.0,0.0,0.0,-3.6829,-4.3414,2.4274,4.5923,57.4331,31.7942,87.76,90.1136,90.1136,-4.3414,-6.8399,-6.8399
ARCO,7.519999980926514,7.52,2026-09-21,False,7.4695000648498535,7.574999809265137,-0.13,10.05,BAJO,1584186240.0,6.11,8.75,1.91,36.36,6.91,5.56,5.16,8.14,5.74,2.64,0.88,6.0,YAHOO,1.2561,1.4372,1.1353,0.057369,3.9063,-0.6476,81.2,2026-11-18,58,,,yahoo,1.0,1.0,1.0,1.0,0.0,1.0,1.0,0.0,0.0,-5.2897,-7.9559,-11.0059,-9.3976,8.5386,22.2815,8.25,8.47,9.4222,-8.8485,-11.2161,-20.1887
HD,297.20001220703125,297.2,2026-09-21,False,295.3900146484375,301.7406921386719,-0.93,-27.39,BAJO,296513372160.0,20.81,18.55,17.85,104.3,12.14,12.86,8.41,3.63,14.51,3.8,1.08,4.0,YAHOO,1.2561,1.4372,1.1353,0.057369,3.9063,-0.6476,81.2,2026-11-17,57,,,yahoo,1.0,0.0,1.0,1.0,1.0,0.0,0.0,0.0,0.0,-4.3973,-7.4287,-9.6726,-8.3369,7.4405,23.8361,335.4083,355.2818,404.2424,-11.3916,-16.3481,-26.4797
DIS,104.2300033569336,104.23,2026-09-21,False,103.18000030517578,104.58999633789062,1.52,-7.62,BAJO,179972571136.0,21.49,13.94,1.64,8.01,4.81,19.3,8.7,2.7,10.86,0.39,0.71,8.0,YAHOO,1.2561,1.4372,1.1353,0.057369,3.9063,-0.6476,81.2,2026-11-12,52,,,yahoo,1.0,1.0,1.0,1.0,1.0,0.0,1.0,1.0,1.0,-4.0151,-1.0255,8.7201,2.517,29.5494,27.1473,111.25,111.25,114.9988,-6.3101,-6.3101,-9.3643
JNJ,269.4700012207031,269.47,2026-09-21,False,268.5899963378906,273.7300109863281,-0.19,56.6,BAJO,649395372032.0,31.3,22.2,7.64,25.74,8.6,29.19,21.48,2.6,19.43,0.58,1.09,3.0,YAHOO,1.2561,1.4372,1.1353,0.057369,3.9063,-0.6476,81.2,2026-10-13,22,,,yahoo,1.0,1.0,1.0,0.0,0.0,0.0,0.0,0.0,0.0,1.1828,-2.0928,5.934,17.082,9.4965,22.7426,278.43,278.43,278.43,-3.218,-3.218,-3.218
LLY,1164.8900146484375,1164.89,2026-09-21,False,1134.6400146484375,1170.89990234375,1.04,53.71,BAJO,1038780596224.0,39.16,24.6,30.65,102.29,20.36,54.22,33.53,1.07,26.0,1.62,1.35,7.0,YAHOO,1.2561,1.4372,1.1353,0.057369,3.9063,-0.6476,81.2,2026-10-29,38,,,yahoo,1.0,1.0,1.0,0.0,0.0,1.0,1.0,1.0,1.0,2.3377,1.3512,0.3052,5.8507,9.9131,30.4766,1246.9301,1280.34,1280.34,-6.5794,-9.0171,-9.0171
NVO,39.79999923706055,39.8,2026-09-21,False,39.540000915527344,41.16999816894531,-7.96,-32.74,BAJO,175831416832.0,9.88,11.94,5.16,59.81,18.73,42.54,35.35,21.43,1.56,0.63,0.87,4.0,YAHOO,1.2561,1.4372,1.1353,0.057369,3.9063,-0.6476,81.2,2026-11-04,44,,,yahoo,1.0,0.0,1.0,1.0,0.0,1.0,0.0,0.0,0.0,-8.4005,-14.5923,-16.3549,-12.1435,76.6494,39.6042,48.66,50.9588,60.9379,-18.208,-21.8977,-34.6876
AMGN,393.1600036621094,393.16,2026-09-21,False,381.8999938964844,394.5,1.95,39.72,BAJO,212554874880.0,24.45,16.11,18.19,91.47,8.67,35.55,22.95,4.07,14.82,4.9,1.37,7.0,YAHOO,1.2561,1.4372,1.1353,0.057369,3.9063,-0.6476,81.2,2026-11-03,43,,,yahoo,1.0,1.0,1.0,1.0,1.0,0.0,0.0,1.0,1.0,3.0564,-10.0794,8.0338,14.7185,12.2205,33.4721,444.12,444.12,444.12,-11.4744,-11.4744,-11.4744
UNH,377.55999755859375,377.56,2026-09-21,False,373.82000732421875,378.95001220703125,0.18,12.0,BAJO,338895896576.0,24.25,16.7,3.47,14.15,4.87,7.13,3.14,7.16,14.55,0.69,0.78,6.0,YAHOO,1.2561,1.4372,1.1353,0.057369,3.9063,-0.6476,81.2,2026-10-13,22,,,yahoo,1.0,0.0,1.0,1.0,1.0,0.0,1.0,0.0,1.0,-1.5617,-4.3449,-11.923,-6.5888,4.2831,22.8286,398.5559,433.6796,433.6796,-5.268,-12.9403,-12.9403
PFE,27.739999771118164,27.74,2026-09-21,False,27.530000686645508,27.920000076293945,0.29,21.92,BAJO,158108942336.0,36.5,9.58,1.86,5.01,5.78,27.88,6.8,7.9,8.28,0.74,1.27,5.0,YAHOO,1.2561,1.4372,1.1353,0.057369,3.9063,-0.6476,81.2,2026-11-03,43,,,yahoo,1.0,0.0,1.0,1.0,0.0,0.0,0.0,1.0,1.0,0.0722,-2.4956,13.7199,12.541,6.5203,19.8602,29.02,29.02,29.02,-4.4108,-4.4108,-4.4108
ABT,102.9800033569336,102.98,2026-09-21,False,101.83999633789062,103.19999694824219,0.36,-24.45,BAJO,178194890752.0,33.33,16.98,3.49,10.58,5.33,14.71,11.65,4.05,17.63,0.63,1.38,5.0,YAHOO,1.2561,1.4372,1.1353,0.057369,3.9063,-0.6476,81.2,2026-10-14,23,,,yahoo,1.0,0.0,1.0,1.0,1.0,0.0,0.0,1.0,0.0,-0.1067,-4.9386,2.3963,18.0855,3.8153,32.1507,116.67,116.67,133.5335,-11.7339,-11.7339,-22.8808
CVS,87.5999984741211,87.6,2026-09-21,False,87.19000244140625,88.91000366210938,-1.4,18.73,BAJO,112037806080.0,23.11,10.27,1.4,6.21,2.97,3.86,1.18,7.21,10.47,0.96,0.87,6.0,YAHOO,1.2561,1.4372,1.1353,0.057369,3.9063,-0.6476,81.2,2026-10-28,37,,,yahoo,1.0,0.0,1.0,1.0,1.0,1.0,0.0,0.0,1.0,-8.3203,-9.448,-18.4471,-12.9888,11.2884,25.7225,97.6,109.9195,109.9195,-10.2459,-20.3053,-20.3053
ABBV,264.4800109863281,264.48,2026-09-21,False,261.2300109863281,266.59979248046875,0.2,20.94,BAJO,467367198720.0,74.71,16.26,-78.74,,10.51,40.03,9.8,3.61,17.29,,0.81,7.0,YAHOO,1.2561,1.4372,1.1353,0.057369,3.9063,-0.6476,81.2,2026-10-29,38,,,yahoo,1.0,0.0,1.0,1.0,1.0,1.0,0.0,1.0,1.0,1.0353,3.1272,4.4137,15.8048,5.3104,23.7612,265.79,265.97,265.97,-0.4929,-0.5602,-0.5602
TMO,658.760009765625,658.76,2026-09-21,False,649.1201171875,660.4349975585938,1.12,37.61,BAJO,243574734848.0,35.47,23.92,4.62,13.51,5.13,18.75,15.04,2.56,24.04,0.81,1.55,5.0,YAHOO,1.2561,1.4372,1.1353,0.057369,3.9063,-0.6476,81.2,2026-10-21,30,,,yahoo,1.0,0.0,1.0,1.0,0.0,1.0,1.0,0.0,0.0,7.4386,7.4106,25.226,42.0799,18.4556,29.4086,658.76,658.76,658.76,0.0,0.0,0.0
AZN,168.10000610351562,168.1,2026-09-21,False,167.11000061035156,169.0,1.22,8.02,BAJO,260705599488.0,25.16,14.52,5.18,21.96,8.02,23.46,17.02,1.88,14.48,0.64,0.89,7.0,YAHOO,1.2561,1.4372,1.1353,0.057369,3.9063,-0.6476,81.2,2026-10-30,39,,,yahoo,1.0,1.0,1.0,1.0,1.0,1.0,0.0,1.0,0.0,2.6377,3.319,-0.9603,-4.7214,13.6872,33.9946,169.66,195.15,208.62,-0.9195,-13.8611,-19.4229
CAH,225.75,225.75,2026-09-21,False,223.5399932861328,227.5800018310547,0.16,53.11,BAJO,52503969792.0,31.22,16.04,-18.25,,3.72,1.33,0.67,9.05,13.62,,0.88,8.0,YAHOO,1.2561,1.4372,1.1353,0.057369,3.9063,-0.6476,81.2,2026-11-05,45,,,yahoo,1.0,1.0,1.0,1.0,1.0,0.0,1.0,1.0,1.0,-3.8912,-8.6698,2.3624,1.572,20.7128,22.3663,248.61,248.61,248.61,-9.1951,-9.1951,-9.1951
ISRG,401.6499938964844,401.65,2026-09-21,False,391.0400085449219,403.4800109863281,2.12,-11.22,BAJO,143902375936.0,46.01,33.22,7.82,17.42,10.51,33.6,28.45,1.82,32.73,,4.96,7.0,YAHOO,1.2561,1.4372,1.1353,0.057369,3.9063,-0.6476,81.2,2026-10-20,29,,,yahoo,1.0,1.0,1.0,1.0,0.0,1.0,1.0,0.0,1.0,6.2735,9.5309,17.8931,-0.3226,15.4737,49.0031,401.65,432.83,592.85,0.0,-7.2038,-32.251
MRNA,172.94000244140625,172.94,2026-09-21,False,159.05999755859375,176.86000061035156,12.27,549.56,BAJO,69043855360.0,,-38.7,10.21,-39.0,-13.26,-557.93,-141.43,0.43,-29.7,0.19,2.29,3.0,YAHOO,1.2561,1.4372,1.1353,0.057369,3.9063,-0.6476,81.2,2026-11-05,45,,,yahoo,0.0,1.0,0.0,1.0,0.0,0.0,0.0,1.0,0.0,17.8949,18.8183,197.813,191.4146,106.954,377.4532,172.94,174.38,174.38,0.0,-0.8258,-0.8258
NVS,140.97999572753906,140.98,2026-09-21,False,140.9600067138672,142.17999267578125,0.43,16.2,BAJO,267962777600.0,21.26,14.33,6.45,30.35,10.25,34.62,22.5,4.44,13.41,1.17,0.86,8.0,YAHOO,1.2561,1.4372,1.1353,0.057369,3.9063,-0.6476,81.2,2026-10-27,36,,,yahoo,1.0,1.0,1.0,1.0,0.0,1.0,1.0,1.0,1.0,1.4318,-11.882,-7.9044,-5.3381,13.5374,38.9357,163.09,163.09,163.6393,-13.5569,-13.5569,-13.8471
PHG,24.899999618530273,24.9,2026-09-21,False,24.719999313354492,24.969999313354492,0.89,-9.34,BAJO,24337942528.0,19.01,13.08,1.83,10.15,4.07,13.99,6.31,6.28,12.44,0.65,1.26,7.0,YAHOO,1.2561,1.4372,1.1353,0.057369,3.9063,-0.6476,81.2,2026-11-03,43,,,yahoo,1.0,1.0,1.0,1.0,0.0,1.0,0.0,1.0,1.0,-0.7177,-3.8239,-5.2151,-7.7094,10.4563,23.2577,27.52,28.23,31.6757,-9.5204,-11.796,-21.3909
MRK,149.5,149.5,2026-09-21,False,145.61000061035156,150.49000549316406,1.79,89.84,BAJO,368842145792.0,119.6,15.65,8.8,6.96,11.87,-0.24,4.77,4.11,14.4,1.28,1.32,4.0,YAHOO,1.2561,1.4372,1.1353,0.057369,3.9063,-0.6476,81.2,2026-10-29,38,,,yahoo,1.0,0.0,1.0,0.0,0.0,1.0,1.0,0.0,0.0,3.8194,0.0349,17.9748,30.2238,14.1611,35.8856,155.5319,155.5319,155.5319,-3.8783,-3.8783,-3.8783
GILD,150.55999755859375,150.56,2026-09-21,False,148.22000122070312,152.09500122070312,0.3,35.59,BAJO,186687651840.0,,15.22,15.8,-20.68,14.09,33.68,-10.64,5.23,14.24,2.23,1.26,8.0,YAHOO,1.2561,1.4372,1.1353,0.057369,3.9063,-0.6476,81.2,2026-10-29,38,,,yahoo,1.0,1.0,1.0,1.0,1.0,0.0,1.0,1.0,1.0,3.4137,0.2702,16.1639,21.2525,18.0285,28.5382,150.89,150.89,153.0467,-0.2187,-0.2187,-1.6248
BMY,62.619998931884766,62.62,2026-09-21,False,62.619998931884766,63.38999938964844,-0.7,44.33,BAJO,127914786816.0,13.79,9.54,5.73,46.6,10.72,34.42,18.87,6.34,8.55,2.02,1.53,8.0,YAHOO,1.2561,1.4372,1.1353,0.057369,3.9063,-0.6476,81.2,2026-10-29,38,,,yahoo,1.0,1.0,1.0,1.0,1.0,1.0,0.0,1.0,1.0,-2.3089,-6.2855,3.0612,15.7712,10.5153,27.2308,68.09,68.09,68.09,-8.0335,-8.0335,-8.0335
HIMS,29.350000381469727,29.35,2026-09-21,False,28.18000030517578,29.524999618530273,4.86,-50.7,BAJO,6847748608.0,,35.92,21.13,-32.03,-2.21,-12.75,-5.51,12.4,-742.16,4.77,0.93,4.0,YAHOO,1.2561,1.4372,1.1353,0.057369,3.9063,-0.6476,81.2,2026-11-09,49,,,yahoo,1.0,0.0,1.0,1.0,0.0,1.0,0.0,0.0,0.0,1.8744,5.9184,-7.3548,-12.4925,37.7787,85.7209,31.75,38.28,62.76,-7.5591,-23.3281,-53.2345
CAT,816.5,816.5,2026-09-21,False,805.2473754882812,824.9000244140625,0.93,72.94,BAJO,375324540928.0,35.16,25.22,19.35,56.97,9.03,22.18,14.51,1.35,25.51,2.33,1.37,6.0,YAHOO,1.2561,1.4372,1.1353,0.057369,3.9063,-0.6476,81.2,2026-10-29,38,,,yahoo,1.0,0.0,1.0,1.0,1.0,1.0,1.0,0.0,0.0,4.1454,0.3145,-8.1872,-19.9813,14.0889,38.367,822.48,1062.9282,1062.9282,-0.7271,-23.1839,-23.1839
GE,319.010009765625,319.01,2026-09-21,False,313.80999755859375,322.1400146484375,1.51,4.95,BAJO,330992812032.0,37.57,35.1,18.76,48.23,5.07,20.57,17.72,1.99,29.74,1.13,0.98,6.0,YAHOO,1.2561,1.4372,1.1353,0.057369,3.9063,-0.6476,81.2,2026-10-20,29,,,yahoo,1.0,1.0,1.0,0.0,0.0,0.0,1.0,1.0,1.0,0.4566,-5.372,-6.5008,-10.0564,13.8869,29.3719,354.39,381.22,381.22,-9.9834,-16.3187,-16.3187
LMT,535.4000244140625,535.4,2026-09-21,False,530.010009765625,537.8200073242188,0.38,12.77,BAJO,123565375488.0,19.76,16.35,14.04,89.17,8.64,11.96,8.16,4.5,14.49,2.34,1.19,6.0,YAHOO,1.2561,1.4372,1.1353,0.057369,3.9063,-0.6476,81.2,2026-10-20,29,,,yahoo,1.0,0.0,1.0,1.0,1.0,0.0,1.0,1.0,0.0,1.1372,1.9266,4.7343,9.1393,10.8619,33.1165,562.4114,604.9383,668.166,-4.8028,-11.4951,-19.8702
RTX,194.33999633789062,194.34,2026-09-21,False,192.86000061035156,195.1699981689453,0.18,22.14,BAJO,261923307520.0,34.21,24.75,3.95,12.27,4.21,12.7,8.28,3.77,18.51,0.57,1.01,8.0,YAHOO,1.2561,1.4372,1.1353,0.057369,3.9063,-0.6476,81.2,2026-10-20,29,,,yahoo,1.0,1.0,1.0,1.0,1.0,1.0,0.0,1.0,1.0,-0.5119,-3.2123,0.0542,7.2351,16.549,25.4962,212.08,225.49,225.49,-8.3648,-13.8144,-13.8144
UAL,114.38999938964844,114.39,2026-09-21,False,110.58499908447266,114.6500015258789,5.22,8.24,BAJO,37127532544.0,10.71,7.86,2.22,23.25,3.38,5.53,5.56,2.45,7.64,2.02,0.78,7.0,YAHOO,1.2561,1.4372,1.1353,0.057369,3.9063,-0.6476,81.2,2026-10-21,30,,,yahoo,1.0,1.0,1.0,1.0,1.0,0.0,1.0,0.0,1.0,4.9835,2.7025,-2.4476,-3.6148,39.2197,37.5902,117.41,136.11,136.11,-2.5722,-15.9577,-15.9577
F,13.170000076293945,13.17,2026-09-21,False,13.170000076293945,13.449999809265137,-0.3,16.65,BAJO,52516638720.0,,6.74,1.47,-18.25,0.35,1.88,-3.94,-15.12,25.35,4.57,1.09,2.0,YAHOO,1.2561,1.4372,1.1353,0.057369,3.9063,-0.6476,81.2,2026-10-22,31,,,yahoo,0.0,0.0,1.0,1.0,0.0,0.0,0.0,0.0,0.0,-4.9784,-9.9179,-7.6794,-5.6511,32.1573,31.8313,14.62,15.1163,17.2531,-9.9179,-12.8754,-23.6661
AAL,13.569999694824219,13.57,2026-09-21,False,13.109999656677246,13.59000015258789,4.71,8.49,BAJO,8982931456.0,,6.26,-2.26,,1.12,2.81,-0.56,5.78,10.78,,0.53,4.0,YAHOO,1.2561,1.4372,1.1353,0.057369,3.9063,-0.6476,81.2,2026-10-22,31,,,yahoo,1.0,0.0,1.0,1.0,0.0,0.0,0.0,0.0,1.0,3.5878,3.3511,-8.2488,-15.6095,37.1503,43.5256,13.95,18.15,18.15,-2.724,-25.2342,-25.2342
UNP,269.6300048828125,269.63,2026-09-21,False,268.260009765625,279.20001220703125,-3.49,20.34,BAJO,160180584448.0,21.83,19.03,8.24,39.7,9.27,40.98,28.85,2.95,14.69,1.51,0.99,8.0,YAHOO,1.2561,1.4372,1.1353,0.057369,3.9063,-0.6476,81.2,2026-10-22,31,,,yahoo,1.0,1.0,1.0,1.0,1.0,1.0,1.0,1.0,0.0,-5.4195,-6.9021,-7.41,4.2212,26.4177,21.9762,309.1852,309.1852,309.1852,-12.7934,-12.7934,-12.7934
FDX,295.7900085449219,295.79,2026-09-21,False,291.25,303.17999267578125,-2.59,60.66,BAJO,70004752384.0,15.95,14.18,2.24,14.85,5.01,11.13,4.68,8.08,8.39,1.36,1.48,5.0,YAHOO,1.2561,1.4372,1.1353,0.057369,3.9063,-0.6476,81.2,2026-10-28,37,2026-09-16,5.0,yahoo,1.0,0.0,1.0,1.0,0.0,1.0,0.0,1.0,0.0,-5.3684,-7.9278,-7.4976,-9.6809,28.2672,24.1184,334.6761,338.023,338.023,-11.619,-12.4941,-12.4941
PCAR,114.7300033569336,114.73,2026-09-21,False,113.7699966430664,116.69999694824219,-1.15,19.54,BAJO,60389855232.0,24.15,15.88,2.97,12.76,4.12,12.02,9.0,3.22,20.34,0.73,5.52,4.0,YAHOO,1.2561,1.4372,1.1353,0.057369,3.9063,-0.6476,81.2,2026-10-27,36,,,yahoo,1.0,0.0,1.0,1.0,0.0,1.0,0.0,0.0,0.0,-6.6173,-7.9952,-12.2616,-4.2343,19.8224,25.5242,129.94,137.845,137.845,-11.7054,-16.7688,-16.7688
MMM,164.97000122070312,164.97,2026-09-21,False,164.8350067138672,166.68499755859375,-0.55,7.63,BAJO,85078728704.0,29.35,16.86,28.82,81.89,8.74,20.35,11.9,7.46,14.33,4.38,1.24,5.0,YAHOO,1.2561,1.4372,1.1353,0.057369,3.9063,-0.6476,81.2,2026-10-20,29,,,yahoo,1.0,0.0,1.0,0.0,0.0,1.0,1.0,0.0,1.0,1.8208,-2.1298,-2.9678,1.5146,18.145,24.722,180.0,182.979,182.979,-8.35,-9.8421,-9.8421
PAC,208.0,208.0,2026-09-21,False,200.11000061035156,208.57000732421875,2.57,-20.11,BAJO,12376378368.0,19.42,16.42,578.91,28.03,10.47,44.16,30.83,55.73,81.87,1.18,0.74,7.0,YAHOO,1.2561,1.4372,1.1353,0.057369,3.9063,-0.6476,81.2,2026-10-19,28,,,yahoo,1.0,1.0,1.0,1.0,0.0,1.0,1.0,0.0,1.0,3.2719,-0.0817,-4.3854,-16.439,27.4297,26.3471,214.87,254.56,300.41,-3.1973,-18.2904,-30.7613
GT,5.019999980926514,5.02,2026-09-21,False,4.909999847412109,5.119999885559082,-0.59,-41.73,BAJO,1445251712.0,,9.53,0.51,-61.53,0.51,-0.96,-14.37,34.4,9.12,2.74,1.09,5.0,YAHOO,1.2561,1.4372,1.1353,0.057369,3.9063,-0.6476,81.2,2026-11-03,43,,,yahoo,0.0,0.0,1.0,1.0,1.0,1.0,0.0,0.0,1.0,-5.6391,-19.68,-32.6174,-15.9129,13.478,45.2336,6.35,7.45,10.54,-20.9449,-32.6174,-52.3719
BA,201.14999389648438,201.15,2026-09-21,False,198.13999938964844,202.1999969482422,1.49,-6.72,BAJO,158982930432.0,72.62,49.18,26.07,173.54,-1.98,0.0,2.59,3.54,-64.85,7.91,1.14,6.0,YAHOO,1.2561,1.4372,1.1353,0.057369,3.9063,-0.6476,81.2,2026-10-28,37,,,yahoo,1.0,1.0,1.0,0.0,1.0,0.0,0.0,1.0,1.0,-4.3373,-5.2297,-3.5945,-8.9118,39.011,33.6815,212.25,240.19,252.15,-5.2297,-16.2538,-20.2261
HON,206.47999572753906,206.48,2026-09-21,False,204.29100036621094,207.625,0.01,0.34,BAJO,65441771520.0,7.94,20.77,3.53,46.58,5.72,20.25,21.58,3.99,10.75,1.85,1.21,5.0,YAHOO,1.2561,1.4372,1.1353,0.057369,3.9063,-0.6476,81.2,2026-10-22,31,,,yahoo,1.0,0.0,1.0,1.0,0.0,0.0,1.0,0.0,1.0,2.5325,-1.4933,-11.1123,-13.4324,18.4525,30.8737,220.67,248.0457,257.9406,-6.4304,-16.7573,-19.9505
MOS,24.06999969482422,24.07,2026-09-21,False,23.030000686645508,24.940000534057617,-1.67,-26.92,BAJO,7651748352.0,,15.39,0.67,-5.07,1.24,-0.12,-5.21,-9.75,7.92,0.52,1.34,7.0,YAHOO,1.2561,1.4372,1.1353,0.057369,3.9063,-0.6476,81.2,2026-11-03,43,,,yahoo,1.0,1.0,1.0,1.0,0.0,1.0,0.0,1.0,1.0,-3.9122,-6.0977,6.5573,10.3352,41.9532,38.6043,26.3073,26.3073,34.6571,-8.5045,-8.5045,-30.5481
BG,112.61000061035156,112.61,2026-09-21,False,112.0,116.94000244140625,-2.57,48.16,BAJO,21634533376.0,24.32,10.0,1.36,7.18,3.47,4.62,1.1,-29.93,12.59,0.98,1.57,3.0,YAHOO,1.2561,1.4372,1.1353,0.057369,3.9063,-0.6476,81.2,2026-11-04,44,,,yahoo,1.0,0.0,1.0,1.0,0.0,0.0,0.0,0.0,0.0,-7.1105,-5.1386,-8.5243,1.7053,40.698,35.9499,124.59,124.59,130.5866,-9.6155,-9.6155,-13.7661
RKLB,69.88999938964844,69.89,2026-09-21,False,65.33999633789062,70.01000213623047,8.24,38.75,BAJO,44688433152.0,,1534.02,11.97,-7.92,-4.62,-24.57,-21.51,-0.56,-263.42,0.04,5.48,5.0,YAHOO,1.2561,1.4372,1.1353,0.057369,3.9063,-0.6476,81.2,2026-11-09,49,,,yahoo,0.0,1.0,0.0,1.0,1.0,1.0,0.0,1.0,0.0,11.7346,8.7613,0.2007,-30.3121,94.7942,79.2647,69.89,101.65,150.23,0.0,-31.2445,-53.478
ONDS,7.380000114440918,7.38,2026-09-21,False,7.340000152587891,7.670000076293945,-0.14,0.09,BAJO,4297306624.0,,-369.0,2.49,19.32,-8.37,-166.3,96.25,-1.61,-15.91,0.03,9.85,5.0,YAHOO,1.2561,1.4372,1.1353,0.057369,3.9063,-0.6476,81.2,2026-11-12,52,,,yahoo,0.0,1.0,0.0,1.0,1.0,1.0,0.0,1.0,0.0,2.0747,-3.1496,-7.75,-16.9854,23.0693,80.3477,8.75,9.77,14.01,-15.6571,-24.4626,-47.3233
SMSN.IL,4636.0,4636.0,2026-09-17,False,4634.0,4724.0,-1.7,224.6,BAJO,1361252110080.0,51.95,79.88,0.0,10.64,2.3,6.08,13.13,-988.79,-1.44,0.03,2.88,6.0,YAHOO,1.2561,1.4372,1.1353,0.057369,3.9063,-0.6476,81.2,2026-10-28,37,,,yahoo,1.0,1.0,1.0,1.0,0.0,0.0,0.0,1.0,1.0,-6.1158,-5.542,1.1344,-20.1075,29.1234,76.8246,5065.0,5463.2207,6002.5513,-8.4699,-15.1416,-22.7662
ADS.DE,142.25,142.25,2026-09-17,False,140.60000610351562,143.25,-0.11,-21.63,BAJO,25060249600.0,18.35,12.32,4.21,24.32,6.7,8.51,5.3,3.8,11.21,0.94,1.39,6.0,YAHOO,1.2561,1.4372,1.1353,0.057369,3.9063,-0.6476,81.2,2026-10-29,38,,,yahoo,1.0,1.0,1.0,0.0,0.0,1.0,0.0,1.0,1.0,-0.3503,-4.6262,-20.6416,-16.8615,25.6109,35.2083,155.25,187.9,191.3097,-8.3736,-24.2948,-25.6441
BAYN.DE,48.09000015258789,48.09,2026-09-17,False,47.630001068115234,49.13999938964844,-1.94,73.49,BAJO,48168251392.0,,10.16,1.63,-5.69,3.18,9.19,-3.83,13.63,8.06,1.29,1.04,6.0,YAHOO,1.2561,1.4372,1.1353,0.057369,3.9063,-0.6476,81.2,2026-11-03,43,,,yahoo,0.0,0.0,1.0,1.0,1.0,0.0,1.0,1.0,1.0,-0.1661,-1.5558,2.3845,24.5855,18.4912,30.9444,49.41,53.36,53.36,-2.6715,-9.8763,-9.8763
RIOT,23.75,23.75,2026-09-18,False,22.20199966430664,24.09000015258789,8.55,34.07,BAJO,9073761280.0,,-25.86,4.17,-48.24,-21.2,-122.33,-196.28,-7.92,-10.55,0.4,1.58,2.0,YAHOO,1.2561,1.4372,1.1353,0.057369,3.9063,-0.6476,81.2,2026-10-29,38,,,yahoo,0.0,0.0,0.0,0.0,0.0,0.0,0.0,1.0,1.0,10.6195,12.3463,10.5165,-15.4804,104.9728,99.6236,23.75,28.57,28.69,0.0,-16.8708,-17.2185
OKLO,38.0,38.0,2026-09-18,False,37.5099983215332,40.29999923706055,-4.16,-65.36,BAJO,7474189312.0,,-39.92,2.27,-7.7,-6.65,-6048.76,0.0,-3.2,-23.12,0.0,48.46,4.0,YAHOO,1.2561,1.4372,1.1353,0.057369,3.9063,-0.6476,81.2,2026-11-10,50,,,yahoo,0.0,1.0,0.0,1.0,1.0,1.0,0.0,0.0,0.0,4.9144,-4.6185,-13.8908,-37.878,108.1011,85.0954,44.27,52.76,174.14,-14.1631,-27.9757,-78.1785
SATL,5.110000133514404,5.11,2026-09-18,False,4.994999885559082,5.519999980926514,-7.26,42.38,BAJO,857868672.0,,-186.0,25.36,,-9.86,1.67,0.0,-2.2,-54.04,2.85,2.34,4.0,YAHOO,1.2561,1.4372,1.1353,0.057369,3.9063,-0.6476,81.2,2026-11-12,52,,,yahoo,0.0,1.0,0.0,0.0,1.0,1.0,0.0,1.0,0.0,6.6806,10.3672,31.0256,-15.257,128.6995,103.1307,5.72,5.98,10.74,-10.6643,-14.5485,-52.4209
JMIA,6.949999809265137,6.95,2026-09-18,False,6.894999980926514,7.15500020980835,-2.25,-43.26,BAJO,931372096.0,,-20.5,995.71,-216.21,-25.23,-23.8,-27.54,-2.98,-15.49,37.95,0.88,3.0,YAHOO,1.2561,1.4372,1.1353,0.057369,3.9063,-0.6476,81.2,2026-11-11,51,,,yahoo,0.0,1.0,0.0,1.0,0.0,0.0,0.0,0.0,1.0,-6.7114,-2.2504,10.6688,-1.2784,14.8184,52.5557,7.52,7.52,14.6,-7.5798,-7.5798,-52.3973
LAR,5.769999980926514,5.77,2026-09-18,False,5.559999942779541,5.860000133514404,0.0,73.81,BAJO,971472000.0,,17.29,1.23,-6.58,-2.05,0.0,0.0,-1.68,-31.58,0.3,0.47,1.0,YAHOO,1.2561,1.4372,1.1353,0.057369,3.9063,-0.6476,81.2,2026-11-09,49,,,yahoo,0.0,0.0,0.0,1.0,0.0,0.0,0.0,0.0,0.0,-1.3675,-15.3959,-8.2671,-36.7325,55.6412,64.6539,6.91,8.27,11.79,-16.4978,-30.2298,-51.0602
NG,7.269999980926514,7.27,2026-09-18,False,7.179999828338623,7.480000019073486,-2.15,-1.29,BAJO,3229425408.0,,-37.14,7.67,-24.63,-4.36,0.0,0.0,-0.74,-93.73,0.41,112.82,4.0,YAHOO,1.2561,1.4372,1.1353,0.057369,3.9063,-0.6476,81.2,2026-09-30,9,,,yahoo,0.0,1.0,0.0,1.0,1.0,1.0,0.0,0.0,0.0,-3.0667,-12.6202,29.1297,-6.7949,69.2106,72.263,9.77,9.77,14.2,-25.5885,-25.5885,-48.8028
PBI,16.850000381469727,16.85,2026-09-18,False,16.770000457763672,17.3700008392334,-2.71,48.12,BAJO,2267472128.0,13.45,9.08,-2.63,,8.41,21.68,10.04,10.31,7.9,,0.73,7.0,YAHOO,1.2561,1.4372,1.1353,0.057369,3.9063,-0.6476,81.2,2026-11-05,45,,,yahoo,1.0,1.0,1.0,1.0,0.0,0.0,1.0,1.0,1.0,-1.2309,-4.1524,-8.1945,-3.1584,21.4036,28.7952,17.58,18.4037,18.4037,-4.1524,-8.4425,-8.4425
TEM,77.83999633789062,77.84,2026-09-18,False,75.98999786376953,81.83000183105469,-3.14,-12.17,BAJO,14079323136.0,,-9609.6,31.58,-67.44,-8.55,-20.11,-17.77,-0.66,-76.06,3.25,3.3,4.0,YAHOO,1.2561,1.4372,1.1353,0.057369,3.9063,-0.6476,81.2,2026-11-03,43,,,yahoo,0.0,1.0,0.0,1.0,0.0,1.0,0.0,1.0,0.0,31.9098,20.3835,58.922,53.1078,130.4998,94.6887,80.36,80.36,103.25,-3.1359,-3.1359,-24.6102
MRSH,175.00999450683594,175.01,2026-09-18,False,172.6300048828125,176.24000549316406,0.25,-10.51,BAJO,82423930880.0,21.09,15.14,5.44,25.9,7.24,26.32,14.24,5.81,13.32,1.45,1.14,6.0,YAHOO,1.2561,1.4372,1.1353,0.057369,3.9063,-0.6476,81.2,2026-10-15,24,,,yahoo,1.0,0.0,1.0,1.0,1.0,0.0,1.0,0.0,1.0,-1.074,-7.1368,-3.0783,8.3677,13.6366,27.9325,194.67,197.59,203.7672,-10.0991,-11.4277,-14.1128
CEPU,13.460000038146973,13.46,2026-09-18,False,13.420000076293945,14.4399995803833,-7.04,72.34,BAJO,2006815872.0,6.22,7.97,1.05,19.03,7.21,24.84,28.78,-2090.44,1.24,0.33,1.28,7.0,YAHOO,1.2561,1.4372,1.1353,0.057369,3.9063,-0.6476,81.2,2026-11-11,51,,,yahoo,1.0,1.0,1.0,1.0,0.0,1.0,1.0,0.0,1.0,-4.7417,-4.0627,-10.1469,-14.1034,85.3571,40.8092,14.48,15.5,17.95,-7.0442,-13.1613,-25.0139
BMA,75.05999755859375,75.06,2026-09-18,False,74.25,76.86000061035156,-2.23,91.35,BAJO,4808854528.0,18.99,6.84,1.19,5.36,1.31,26.07,8.39,,,,,5.0,YAHOO,1.2561,1.4372,1.1353,0.057369,3.9063,-0.6476,81.2,2026-11-25,65,,,yahoo,,,,,,,,,,-3.5466,-5.2033,-19.0902,-25.7441,21.9307,42.6612,79.18,97.63,101.1279,-5.2033,-23.1179,-25.7771
SUPV,8.039999961853027,8.04,2026-09-18,False,8.0,8.359000205993652,-4.06,54.55,BAJO,755120576.0,,6.51,0.92,-8.01,-1.15,3.31,-11.23,,,,,2.0,YAHOO,1.2561,1.4372,1.1353,0.057369,3.9063,-0.6476,81.2,2026-11-17,57,,,yahoo,0.0,0.0,1.0,1.0,0.0,0.0,0.0,0.0,0.0,-5.4118,-8.4282,-17.0279,-29.3497,32.3069,51.9506,8.86,10.29,12.86,-9.2551,-21.8659,-37.4806
EDN,23.420000076293945,23.42,2026-09-18,False,23.329999923706055,23.93000030517578,-1.72,50.32,BAJO,1120847822.1599998,7.05,17.3,0.57,9.59,3.09,5.14,7.2,-10172.39,0.83,0.62,1.46,6.0,YAHOO,1.2561,1.4372,1.1353,0.057369,3.9063,-0.6476,81.2,2026-11-06,46,,,yahoo,1.0,0.0,1.0,0.0,0.0,1.0,1.0,1.0,1.0,-4.3301,-4.2518,-11.7891,-15.9368,16.4826,42.1303,25.07,27.27,35.71,-6.5816,-14.1181,-34.4161
TGS,28.31999969482422,28.32,2026-09-18,False,28.25,28.90999984741211,-2.81,39.19,BAJO,4198900992.0,12.23,10.65,1.79,15.98,9.91,40.71,28.02,8555.75,-0.48,0.43,3.67,6.0,YAHOO,1.2561,1.4372,1.1353,0.057369,3.9063,-0.6476,81.2,2026-11-03,43,,,yahoo,1.0,0.0,1.0,1.0,0.0,1.0,1.0,1.0,0.0,-4.5179,-1.8711,-8.7041,-10.3797,25.4065,34.5473,30.74,31.83,35.32,-7.8725,-11.0273,-19.8188
TEO,13.699999809265137,13.7,2026-09-18,False,13.550000190734863,14.0,-2.21,108.56,BAJO,6069092812.18,11.55,14.87,1.04,10.83,3.12,13.95,8.91,13354.95,1.98,0.67,0.58,6.0,YAHOO,1.2561,1.4372,1.1353,0.057369,3.9063,-0.6476,81.2,2026-11-09,49,,,yahoo,,,,,,,,,,3.3962,5.6284,0.7353,-0.3636,27.6989,31.8542,14.01,14.3,15.98,-2.2127,-4.1958,-14.2678
IRS,15.470000267028809,15.47,2026-09-18,False,15.449999809265137,16.399999618530273,-3.43,32.72,BAJO,1319752192.0,4.67,60.23,0.84,18.09,4.08,39.09,56.48,12646.48,3.32,0.42,0.74,2.0,YAHOO,1.2561,1.4372,1.1353,0.057369,3.9063,-0.6476,81.2,2026-11-04,44,2026-08-31,21.0,yahoo,1.0,0.0,1.0,0.0,0.0,0.0,0.0,0.0,0.0,-0.4504,2.5862,0.6506,-6.9194,48.4314,26.9864,16.02,16.1,18.41,-3.4332,-3.913,-15.9696
LOMA,9.510000228881836,9.51,2026-09-18,False,9.385000228881836,9.579999923706055,-0.42,31.81,BAJO,1122621568.0,38.48,12.5,1.3,3.82,2.65,6.84,5.13,-3063.98,1.63,0.24,2.25,5.0,YAHOO,1.2561,1.4372,1.1353,0.057369,3.9063,-0.6476,81.2,2026-11-05,45,,,yahoo,1.0,0.0,1.0,1.0,0.0,1.0,1.0,0.0,0.0,-2.4615,-6.213,-17.4479,-21.3399,12.0689,36.6136,10.41,12.19,13.12,-8.6455,-21.9852,-27.5152
GLOB,35.59000015258789,35.59,2026-09-18,False,35.5,37.72999954223633,-5.67,-39.4,BAJO,1547555328.0,14.0,5.78,0.73,5.48,4.67,4.86,4.63,,4.97,0.24,1.84,4.0,YAHOO,1.2561,1.4372,1.1353,0.057369,3.9063,-0.6476,81.2,2026-11-19,59,,,yahoo,1.0,0.0,1.0,1.0,0.0,0.0,1.0,0.0,0.0,-5.7219,-11.7968,10.8723,15.7775,35.1321,63.5959,40.71,40.99,71.21,-12.5768,-13.1739,-50.0211
BBAR,14.25,14.25,2026-09-18,False,14.170000076293945,14.6899995803833,-2.6,73.01,BAJO,2920584704.0,13.0,13.01,1.08,8.12,1.24,19.02,8.62,,,,,4.0,YAHOO,1.2561,1.4372,1.1353,0.057369,3.9063,-0.6476,81.2,2026-11-24,64,2026-08-27,25.0,yahoo,1.0,0.0,1.0,1.0,0.0,0.0,1.0,0.0,0.0,-4.2982,-5.5666,-28.6768,-34.4083,23.7052,49.5304,15.34,21.075,21.7253,-7.1056,-32.3845,-34.4083
LND,3.569999933242798,3.57,2026-09-18,False,3.569999933242798,3.5999999046325684,-0.56,-9.08,BAJO,359611799.77,,,0.91,-4.28,-1.3,-8.06,-10.07,-15.83,-31.41,0.71,1.54,2.0,YAHOO,1.2561,1.4372,1.1353,0.057369,3.9063,-0.6476,81.2,2026-11-05,45,2026-09-03,18.0,finnhub,0.0,0.0,1.0,1.0,0.0,0.0,0.0,0.0,0.0,-3.7736,-7.7519,-5.5556,0.0,8.0509,21.6907,3.87,3.87,4.37,-7.7519,-7.7519,-18.3066
AGRO,11.460000038146973,11.46,2026-09-18,False,11.449999809265137,11.8100004196167,-3.13,42.05,BAJO,1607590784.0,29.32,8.01,0.92,3.69,2.47,17.0,3.0,-7.98,8.92,1.24,1.73,2.0,YAHOO,1.2561,1.4372,1.1353,0.057369,3.9063,-0.6476,81.2,2026-11-11,51,,,yahoo,0.0,0.0,1.0,1.0,0.0,0.0,0.0,0.0,0.0,-2.6338,-1.2069,6.308,24.026,34.3024,48.4518,12.46,12.46,15.18,-8.0257,-8.0257,-24.5059
USB,60.060001373291016,60.06,2026-09-18,False,59.650001525878906,60.34000015258789,-0.32,22.82,BAJO,94168629248.0,12.06,10.45,1.55,12.62,1.16,39.65,29.9,,,,,6.0,YAHOO,1.2561,1.4372,1.1353,0.057369,3.9063,-0.6476,81.2,2026-10-15,24,,,yahoo,1.0,1.0,1.0,1.0,0.0,0.0,1.0,0.0,1.0,-4.4239,-5.462,-5.7291,4.1865,33.0989,20.2256,63.53,65.42,65.42,-5.462,-8.1932,-8.1932
IBKR,90.69000244140625,90.69,2026-09-18,False,88.75,91.05999755859375,2.61,38.72,BAJO,158812651520.0,36.99,29.25,7.11,24.02,2.28,76.53,16.47,,,2.06,1.09,4.0,YAHOO,1.2561,1.4372,1.1353,0.057369,3.9063,-0.6476,81.2,2026-10-20,29,,,yahoo,1.0,0.0,1.0,1.0,0.0,0.0,0.0,1.0,0.0,-0.7442,-2.4314,-3.8635,-5.4457,41.4004,43.0777,98.1012,98.1012,98.1012,-7.5546,-7.5546,-7.5546
DAL,79.62000274658203,79.62,2026-09-18,False,78.94000244140625,80.33000183105469,0.24,33.78,BAJO,54253899776.0,13.68,9.72,2.47,20.12,4.02,7.92,5.78,5.19,9.38,0.97,0.42,6.0,YAHOO,1.2561,1.4372,1.1353,0.057369,3.9063,-0.6476,81.2,2026-10-09,18,,,yahoo,1.0,1.0,1.0,1.0,1.0,1.0,0.0,0.0,0.0,-0.3629,1.1048,-5.9199,-5.1834,24.3068,29.3885,83.62,93.4293,93.4293,-4.7835,-14.7805,-14.7805
BIIB,215.5,215.5,2026-09-18,False,215.25999450683594,220.1699981689453,-1.62,48.29,BAJO,32368470016.0,38.98,13.25,1.72,4.58,5.21,25.06,8.32,3.91,11.74,0.44,1.86,4.0,YAHOO,1.2561,1.4372,1.1353,0.057369,3.9063,-0.6476,81.2,2026-10-28,37,,,yahoo,1.0,0.0,1.0,1.0,0.0,1.0,0.0,0.0,0.0,-0.7598,-4.0132,6.074,9.6246,19.9499,39.4962,224.51,224.51,224.51,-4.0132,-4.0132,-4.0132
SYY,79.05000305175781,79.05,2026-09-18,False,78.4800033569336,79.76000213623047,-0.08,-2.34,BAJO,37612539904.0,21.43,14.6,14.08,77.69,7.97,4.84,2.08,5.09,11.31,5.65,1.28,6.0,YAHOO,1.2561,1.4372,1.1353,0.057369,3.9063,-0.6476,81.2,2026-11-03,43,,,yahoo,1.0,0.0,1.0,1.0,1.0,1.0,0.0,1.0,0.0,-4.9994,-2.5037,-2.6718,1.1105,37.1863,20.5966,84.1,85.32,89.8822,-6.0048,-7.3488,-12.0515
MDT,92.12999725341797,92.13,2026-09-18,False,92.04000091552734,93.02999877929688,-0.69,-2.05,BAJO,117360902144.0,22.6,14.32,2.34,10.65,5.12,19.33,13.93,4.61,13.19,0.55,2.07,7.0,YAHOO,1.2561,1.4372,1.1353,0.057369,3.9063,-0.6476,81.2,2026-11-17,57,2026-09-01,20.0,yahoo,1.0,1.0,1.0,1.0,0.0,1.0,1.0,0.0,1.0,1.2863,-1.0419,11.8761,17.1682,10.1212,27.1187,94.17,94.17,102.8065,-2.1663,-2.1663,-10.385
MS,202.5800018310547,202.58,2026-09-18,False,200.85000610351562,203.0500030517578,-0.46,28.54,BAJO,323725099008.0,16.65,15.11,3.04,17.97,1.34,41.57,25.9,,,5.17,2.0,3.0,YAHOO,1.2561,1.4372,1.1353,0.057369,3.9063,-0.6476,81.2,2026-10-14,23,,,yahoo,1.0,1.0,0.0,0.0,0.0,0.0,1.0,0.0,0.0,-5.5042,-6.7096,-5.871,-8.7265,16.1247,28.5248,217.72,227.2988,227.2988,-6.9539,-10.875,-10.875
O,56.65999984741211,56.66,2026-09-18,False,56.54999923706055,57.349998474121094,-1.15,-0.48,BAJO,53603254272.0,41.35,36.48,1.36,3.23,2.36,46.97,20.9,2.95,16.19,0.75,1.53,5.0,YAHOO,1.2561,1.4372,1.1353,0.057369,3.9063,-0.6476,81.2,2026-11-02,42,,,yahoo,1.0,1.0,1.0,1.0,0.0,0.0,0.0,0.0,1.0,-4.7731,-8.2281,-12.0646,-4.7212,19.2326,17.0567,62.8938,65.1872,65.8234,-9.9116,-13.0811,-13.9212
DOW,28.729999542236328,28.73,2026-09-18,False,28.440000534057617,29.3700008392334,-2.58,23.48,BAJO,20420573184.0,,15.89,1.29,-5.54,1.3,11.59,-3.13,1.16,9.37,1.12,1.75,3.0,YAHOO,1.2561,1.4372,1.1353,0.057369,3.9063,-0.6476,81.2,2026-10-22,31,,,yahoo,0.0,0.0,1.0,1.0,0.0,1.0,0.0,0.0,0.0,-1.0334,-5.3689,-4.6163,-8.404,42.8224,37.1209,31.9789,32.5226,40.973,-10.1595,-11.6614,-29.8807
AVY,167.7100067138672,167.71,2026-09-18,False,167.69000244140625,171.5,-1.98,2.38,BAJO,12833206272.0,18.53,15.14,5.53,31.16,8.39,13.59,7.62,7.83,10.85,1.59,1.13,5.0,YAHOO,1.2561,1.4372,1.1353,0.057369,3.9063,-0.6476,81.2,2026-10-21,30,,,yahoo,1.0,0.0,1.0,1.0,0.0,1.0,1.0,0.0,0.0,-0.9859,-3.0746,8.3048,6.3049,17.9208,27.2423,182.6485,182.6485,194.0973,-8.1788,-8.1788,-13.5949
SWKS,88.76000213623047,88.76,2026-09-18,False,87.4800033569336,92.05000305175781,-2.8,17.4,BAJO,13352954880.0,45.98,17.88,2.33,5.09,3.44,8.82,7.23,3.36,15.04,0.12,3.1,6.0,YAHOO,1.2561,1.4372,1.1353,0.057369,3.9063,-0.6476,81.2,2026-11-03,43,,,yahoo,1.0,0.0,1.0,1.0,1.0,0.0,1.0,0.0,1.0,0.4641,24.1399,41.0008,22.5121,136.2423,62.4713,91.32,91.32,91.32,-2.8033,-2.8033,-2.8033
IP,34.529998779296875,34.53,2026-09-18,False,34.04999923706055,35.040000915527344,-2.87,-24.64,BAJO,18709704704.0,,11.75,1.29,-16.48,1.59,2.3,-14.21,8.8,7.09,0.69,1.1,4.0,YAHOO,1.2561,1.4372,1.1353,0.057369,3.9063,-0.6476,81.2,2026-10-28,37,,,yahoo,0.0,0.0,1.0,1.0,1.0,0.0,0.0,1.0,0.0,0.4948,-5.2415,-3.9251,-5.1515,48.2906,42.7829,41.49,43.5936,47.4479,-16.7751,-20.7911,-27.2254
LVS,39.97999954223633,39.98,2026-09-18,False,39.72999954223633,40.790000915527344,-1.7,-24.8,BAJO,26076448768.0,15.6,11.47,44.88,122.87,9.55,19.66,12.59,8.49,8.26,17.04,1.0,8.0,YAHOO,1.2561,1.4372,1.1353,0.057369,3.9063,-0.6476,81.2,2026-10-21,30,,,yahoo,1.0,1.0,1.0,1.0,0.0,1.0,1.0,1.0,1.0,-6.6542,-10.1775,-11.5124,-17.4152,14.9847,24.8171,47.27,49.5536,68.2933,-15.422,-19.3196,-41.4584
KLAC,176.99000549316406,176.99,2026-09-18,False,169.72000122070312,177.13999938964844,4.74,68.44,BAJO,240365420544.0,50.27,27.44,37.87,87.5,20.8,42.49,35.57,1.09,39.91,0.97,2.88,7.0,YAHOO,1.2561,1.4372,1.1353,0.057369,3.9063,-0.6476,81.2,2026-10-28,37,,,yahoo,1.0,1.0,1.0,0.0,1.0,1.0,1.0,1.0,0.0,-2.0206,2.3419,-18.5558,-31.7345,39.3991,71.6793,188.98,301.3694,301.3694,-6.3446,-41.2714,-41.2714
DECK,78.43000030517578,78.43,2026-09-18,False,78.22000122070312,80.47000122070312,-1.61,-33.62,BAJO,10925871104.0,11.41,9.64,4.77,42.56,20.32,15.23,18.36,7.98,7.4,0.21,2.75,6.0,YAHOO,1.2561,1.4372,1.1353,0.057369,3.9063,-0.6476,81.2,2026-10-22,31,,,yahoo,1.0,1.0,1.0,1.0,0.0,0.0,1.0,0.0,1.0,-3.4945,-7.1834,-24.0829,-28.1184,41.4887,38.0743,92.08,109.03,120.94,-14.8241,-28.0657,-35.1497
IFF,82.95999908447266,82.96,2026-09-18,False,82.69999694824219,84.05000305175781,-1.83,32.35,BAJO,21330536448.0,,21.11,1.53,-5.55,2.27,8.49,2.57,-8.07,14.17,0.45,2.06,5.0,YAHOO,1.2561,1.4372,1.1353,0.057369,3.9063,-0.6476,81.2,2026-11-03,43,,,yahoo,0.0,0.0,1.0,1.0,1.0,0.0,0.0,1.0,1.0,-0.3078,-3.594,9.3006,8.6453,19.8834,33.5278,87.5357,87.6551,87.6551,-5.2272,-5.3563,-5.3563
SNA,372.1499938964844,372.15,2026-09-18,False,369.8900146484375,373.5400085449219,0.14,11.02,BAJO,19126104064.0,18.86,17.33,3.17,17.93,9.85,25.4,19.6,5.8,13.29,0.22,3.43,6.0,YAHOO,1.2561,1.4372,1.1353,0.057369,3.9063,-0.6476,81.2,2026-10-15,24,,,yahoo,1.0,0.0,1.0,1.0,1.0,1.0,1.0,0.0,0.0,-0.8763,-3.1339,-7.3121,-3.303,6.1369,17.3016,397.48,416.7245,416.7245,-6.3727,-10.6964,-10.6964
NUE,248.3800048828125,248.38,2026-09-18,False,246.64999389648438,259.0,-6.32,85.86,BAJO,54994665472.0,19.36,12.26,2.49,14.55,7.32,15.67,7.99,1.24,10.66,0.31,2.51,6.0,YAHOO,1.2561,1.4372,1.1353,0.057369,3.9063,-0.6476,81.2,2026-10-26,35,,,yahoo,1.0,0.0,1.0,1.0,0.0,1.0,1.0,0.0,1.0,-4.2593,-5.3682,6.5094,2.1162,61.3775,37.7183,265.14,274.74,274.74,-6.3212,-9.5945,-9.5945
PLD,134.83999633789062,134.84,2026-09-18,False,133.25,134.91000366210938,-0.25,19.2,BAJO,132029456384.0,30.25,39.89,2.36,7.75,2.52,43.03,43.58,4.1,24.72,0.64,0.65,4.0,YAHOO,1.2561,1.4372,1.1353,0.057369,3.9063,-0.6476,81.2,2026-10-15,24,,,yahoo,1.0,0.0,1.0,1.0,0.0,0.0,0.0,0.0,1.0,0.1183,-1.7633,-9.3567,-3.294,12.8457,21.4461,142.2308,148.878,148.878,-5.1963,-9.4292,-9.4292
EFX,158.8699951171875,158.87,2026-09-18,False,157.63999938964844,161.3800048828125,-1.43,-39.93,BAJO,18635454464.0,27.88,15.6,4.26,14.27,6.16,17.3,10.73,5.08,12.51,1.21,0.6,8.0,YAHOO,1.2561,1.4372,1.1353,0.057369,3.9063,-0.6476,81.2,2026-10-20,29,,,yahoo,1.0,1.0,1.0,1.0,1.0,0.0,1.0,1.0,1.0,-5.9941,-15.9818,-7.9023,3.5075,11.3498,43.0498,194.0692,194.0692,257.7737,-18.1374,-18.1374,-38.3684
DE,683.989990234375,683.99,2026-09-18,False,679.6300048828125,688.0,-0.24,43.89,BAJO,184620597248.0,38.06,30.15,6.6,18.24,3.76,13.37,10.17,2.45,28.18,2.3,2.13,5.0,YAHOO,1.2561,1.4372,1.1353,0.057369,3.9063,-0.6476,81.2,2026-11-25,65,,,yahoo,1.0,0.0,1.0,1.0,0.0,1.0,1.0,0.0,0.0,1.2209,-1.5006,16.5468,16.3809,29.7258,33.8669,698.37,698.37,698.37,-2.0591,-2.0591,-2.0591
DHR,211.80999755859375,211.81,2026-09-18,False,210.10000610351562,214.97999572753906,-0.32,7.71,BAJO,151732502528.0,38.47,23.21,2.89,7.61,3.95,19.78,15.95,2.85,21.83,0.53,1.65,5.0,YAHOO,1.2561,1.4372,1.1353,0.057369,3.9063,-0.6476,81.2,2026-10-20,29,,,yahoo,1.0,0.0,1.0,1.0,0.0,1.0,1.0,0.0,0.0,5.8309,0.3696,18.323,19.7999,27.3851,38.1151,218.85,218.85,241.0351,-3.2168,-3.2168,-12.1248
LIN,460.3999938964844,460.4,2026-09-18,False,454.19000244140625,461.70001220703125,0.42,-3.53,BAJO,210898419712.0,29.48,23.4,5.4,18.4,7.16,28.12,20.43,1.97,17.04,0.69,0.88,5.0,YAHOO,1.2561,1.4372,1.1353,0.057369,3.9063,-0.6476,81.2,2026-10-30,39,,,yahoo,1.0,0.0,1.0,1.0,0.0,0.0,1.0,1.0,0.0,-1.2483,-4.519,-8.5369,-9.8084,7.8439,20.7145,488.7206,544.8458,544.8458,-5.7948,-15.499,-15.499
SPGI,405.32000732421875,405.32,2026-09-18,False,400.8299865722656,408.0799865722656,0.3,-16.45,BAJO,119237754880.0,24.63,20.0,3.79,14.26,7.03,44.79,30.54,4.57,16.7,0.43,0.95,7.0,YAHOO,1.2561,1.4372,1.1353,0.057369,3.9063,-0.6476,81.2,2026-10-29,38,,,yahoo,1.0,1.0,1.0,1.0,0.0,0.0,1.0,1.0,1.0,-1.3124,-10.0448,-5.8039,4.4936,12.9413,34.2748,450.58,456.3554,513.3385,-10.0448,-11.1833,-21.0424
TJX,127.23999786376953,127.24,2026-09-18,False,126.06999969482422,129.47000122070312,0.55,-9.52,BAJO,144052600832.0,24.3,22.68,13.91,62.17,13.54,10.91,9.73,3.05,17.11,1.34,1.15,7.0,YAHOO,1.2561,1.4372,1.1353,0.057369,3.9063,-0.6476,81.2,2026-11-18,58,,,yahoo,1.0,1.0,1.0,1.0,1.0,0.0,1.0,1.0,0.0,0.9681,-3.7446,-17.6772,-22.0796,32.2163,22.4027,140.71,161.5503,167.8803,-9.5729,-21.2381,-24.2079
JCI,143.27999877929688,143.28,2026-09-18,False,140.49000549316406,143.52000427246094,1.57,31.29,BAJO,87941537792.0,40.9,23.91,6.52,14.33,5.4,15.88,14.32,3.39,22.38,0.7,1.0,6.0,YAHOO,1.2561,1.4372,1.1353,0.057369,3.9063,-0.6476,81.2,2026-11-04,44,,,yahoo,1.0,1.0,1.0,0.0,0.0,0.0,1.0,1.0,1.0,-1.8697,0.7382,1.1079,-1.0634,10.7507,30.2575,146.37,154.76,154.76,-2.1111,-7.4179,-7.4179
ADP,271.2200012207031,271.22,2026-09-18,False,268.989990234375,272.239990234375,-0.37,-5.64,BAJO,107237105664.0,24.7,20.15,17.8,72.24,6.25,23.46,20.11,4.89,16.93,0.91,1.05,6.0,YAHOO,1.2561,1.4372,1.1353,0.057369,3.9063,-0.6476,81.2,2026-10-28,37,,,yahoo,1.0,0.0,1.0,1.0,0.0,1.0,1.0,1.0,0.0,1.1034,-3.7295,10.8585,24.974,7.9625,30.3463,285.6519,285.6519,285.6519,-5.0523,-5.0523,-5.0523
ECL,269.4599914550781,269.46,2026-09-18,False,267.9100036621094,271.6400146484375,-0.82,1.29,BAJO,75683119104.0,36.29,28.67,7.53,21.96,7.23,18.52,12.57,1.95,20.43,1.38,1.84,6.0,YAHOO,1.2561,1.4372,1.1353,0.057369,3.9063,-0.6476,81.2,2026-10-27,36,,,yahoo,1.0,0.0,1.0,1.0,1.0,0.0,1.0,1.0,0.0,-2.174,-3.1524,2.2619,0.3923,6.6488,20.3265,289.83,289.83,305.8773,-7.0283,-7.0283,-11.9059
SHW,320.7300109863281,320.73,2026-09-18,False,314.3800048828125,321.3900146484375,-0.07,-8.94,BAJO,78000619520.0,29.64,23.62,20.12,65.12,9.52,18.12,11.01,3.21,19.6,3.9,0.73,6.0,YAHOO,1.2561,1.4372,1.1353,0.057369,3.9063,-0.6476,81.2,2026-10-27,36,,,yahoo,1.0,0.0,1.0,1.0,0.0,1.0,1.0,1.0,0.0,-0.798,-3.4702,0.9456,0.2124,3.4605,31.0904,350.45,368.8774,369.9613,-8.4805,-13.0524,-13.3072
ROST,226.61000061035156,226.61,2026-09-18,False,226.38999938964844,230.24000549316406,-1.25,54.84,BAJO,74180624384.0,27.96,25.86,10.96,42.63,12.78,13.58,10.85,2.7,20.32,0.7,1.61,6.0,YAHOO,1.2561,1.4372,1.1353,0.057369,3.9063,-0.6476,81.2,2026-11-19,59,,,yahoo,1.0,0.0,1.0,1.0,1.0,0.0,1.0,0.0,1.0,-1.7899,-1.9951,-3.7157,-2.4708,26.6952,25.1688,241.0541,254.7377,254.7377,-5.9921,-11.0418,-11.0418
VRTX,508.3399963378906,508.34,2026-09-18,False,505.010009765625,518.0999755859375,-1.55,29.75,BAJO,129447567360.0,29.73,25.42,6.39,23.54,11.93,38.05,35.0,2.03,24.23,0.1,3.19,6.0,YAHOO,1.2561,1.4372,1.1353,0.057369,3.9063,-0.6476,81.2,2026-11-02,42,,,yahoo,1.0,1.0,1.0,0.0,0.0,1.0,1.0,1.0,0.0,-1.3775,-8.8931,5.4647,12.5567,14.6444,30.3057,557.96,557.96,557.96,-8.8931,-8.8931,-8.8931
DD,129.00999450683594,129.01,2026-09-18,False,127.7699966430664,129.27999877929688,0.43,32.35,BAJO,17527226368.0,55.47,16.3,1.27,1.79,2.07,14.24,0.79,10.47,12.05,0.23,2.43,6.0,YAHOO,1.2561,1.4372,1.1353,0.057369,3.9063,-0.6476,81.2,2026-11-05,45,,,yahoo,0.0,0.0,1.0,1.0,1.0,0.0,1.0,1.0,1.0,1.5907,-1.6167,-6.6377,-9.4686,23.0838,22.7343,138.192,146.7245,152.6918,-6.6444,-12.0733,-15.5095
HOOD,119.81999969482422,119.82,2026-09-18,False,111.05999755859375,120.56999969482422,9.12,-2.47,BAJO,110856847360.0,54.56,36.43,11.69,23.62,4.53,43.88,42.01,,,2.4,1.12,4.0,YAHOO,1.2561,1.4372,1.1353,0.057369,3.9063,-0.6476,81.2,2026-11-04,44,,,yahoo,1.0,0.0,1.0,0.0,0.0,0.0,0.0,1.0,1.0,6.4404,-3.9288,12.6551,10.7906,109.8704,75.6356,124.72,124.72,152.46,-3.9288,-3.9288,-21.4089
GEV,940.3300170898438,940.33,2026-09-18,False,926.2000122070312,949.510009765625,1.66,52.68,BAJO,252010151936.0,27.12,37.38,21.08,82.58,2.54,7.47,23.04,6.24,62.18,0.28,0.85,7.0,YAHOO,1.2561,1.4372,1.1353,0.057369,3.9063,-0.6476,81.2,2026-10-28,37,,,yahoo,1.0,1.0,1.0,1.0,1.0,0.0,1.0,1.0,0.0,-1.7696,-0.1603,-12.8364,-15.265,33.0762,54.9369,971.31,1174.86,1174.86,-3.1895,-19.9624,-19.9624
DELL,568.0599975585938,568.06,2026-09-18,False,568.0599975585938,595.510009765625,-3.46,333.9,BAJO,365789413376.0,33.43,19.76,-257.99,,8.64,12.02,7.52,1.65,21.97,,0.96,7.0,YAHOO,1.2561,1.4372,1.1353,0.057369,3.9063,-0.6476,81.2,2026-11-27,67,2026-09-01,20.0,yahoo,1.0,1.0,1.0,1.0,1.0,1.0,1.0,0.0,0.0,0.1357,10.006,40.5567,38.9496,56.4331,83.2067,588.4,588.4,588.4,-3.4568,-3.4568,-3.4568
GLW,150.1300048828125,150.13,2026-09-18,False,148.67999267578125,153.77000427246094,1.58,88.64,BAJO,136943517696.0,72.93,36.55,11.47,16.81,5.37,15.65,11.2,0.54,35.34,0.71,1.81,7.0,YAHOO,1.2561,1.4372,1.1353,0.057369,3.9063,-0.6476,81.2,2026-10-27,36,,,yahoo,1.0,1.0,1.0,1.0,1.0,0.0,0.0,1.0,1.0,-9.7776,2.8288,-7.3871,-22.8336,18.2997,88.0499,168.46,255.2094,255.2094,-10.8809,-41.1738,-41.1738
WDC,441.3599853515625,441.36,2026-09-18,False,424.54998779296875,448.8500061035156,4.13,318.96,BAJO,161583628288.0,16.65,14.12,22.45,130.85,20.76,43.61,72.95,1.4,32.23,13.44,1.33,6.0,YAHOO+FINNHUB,1.2561,1.4372,1.1353,0.057369,3.9063,-0.6476,81.2,2026-11-05,45,,,yahoo,1.0,1.0,1.0,0.0,0.0,1.0,0.0,1.0,1.0,-1.3015,-0.0155,-19.4913,-40.8357,50.6261,91.6193,482.28,675.1733,745.9905,-8.4847,-34.6301,-40.8357
FISV,47.189998626708984,47.19,2026-09-18,False,47.13999938964844,49.380001068115234,-4.28,-66.05,BAJO,24711200768.0,8.9,5.77,0.92,10.77,3.49,23.07,,,,1.04,1.04,5.0,YAHOO+FINNHUB,1.2561,1.4372,1.1353,0.057369,3.9063,-0.6476,81.2,2026-10-28,37,,,yahoo,1.0,1.0,1.0,1.0,0.0,0.0,1.0,0.0,0.0,-8.5111,-10.5064,-6.7576,-1.3999,27.1751,40.0258,53.31,55.78,134.18,-11.48,-15.3998,-64.8308
BKR,57.25,57.25,2026-09-18,False,56.060001373291016,57.56999969482422,1.2,21.42,BAJO,57406341120.0,18.59,18.59,2.88,16.46,4.85,12.83,11.17,7.69,11.74,0.81,2.1,7.0,YAHOO,1.2561,1.4372,1.1353,0.057369,3.9063,-0.6476,81.2,2026-10-22,31,,,yahoo,1.0,0.0,1.0,1.0,1.0,1.0,1.0,1.0,0.0,-3.0647,-10.0409,1.9167,-1.6254,12.8839,31.9436,64.63,64.9,69.1833,-11.4188,-11.7874,-17.2488
CCL,21.84000015258789,21.84,2026-09-18,False,21.809999465942383,22.209999084472656,-1.49,-31.01,BAJO,30556872704.0,10.05,8.57,2.36,26.69,5.37,12.79,11.24,6.22,7.46,2.02,0.33,8.0,YAHOO,1.2561,1.4372,1.1353,0.057369,3.9063,-0.6476,81.2,2026-09-29,8,,,yahoo,1.0,1.0,1.0,1.0,1.0,1.0,0.0,1.0,1.0,-4.0,-6.9847,-16.0765,-28.8812,21.4087,33.6861,26.14,29.5154,33.4524,-16.4499,-26.0048,-34.7133
BKNG,167.89999389648438,167.9,2026-09-18,False,166.89999389648438,169.92999267578125,-1.54,-23.74,BAJO,126622638080.0,18.72,13.62,-11.85,,20.38,34.41,25.53,6.1,12.52,,1.09,6.0,YAHOO,1.2561,1.4372,1.1353,0.057369,3.9063,-0.6476,81.2,2026-10-27,36,,,yahoo,1.0,0.0,1.0,1.0,0.0,1.0,1.0,0.0,1.0,-3.4614,-13.747,-6.1842,-2.0227,16.6061,39.9408,213.265,213.9034,221.006,-21.2716,-21.5066,-24.0292
HWM,229.6699981689453,229.67,2026-09-18,False,224.24000549316406,230.36000061035156,1.73,18.4,BAJO,90675470336.0,49.0,35.21,15.87,34.73,12.81,28.5,20.52,1.31,33.92,0.81,1.82,8.0,YAHOO,1.2561,1.4372,1.1353,0.057369,3.9063,-0.6476,81.2,2026-11-05,45,,,yahoo,1.0,1.0,1.0,1.0,1.0,0.0,1.0,1.0,1.0,0.0261,-11.8315,-17.6412,-17.2437,23.2726,38.0295,271.68,292.65,292.65,-15.463,-21.5206,-21.5206
WELL,228.8699951171875,228.87,2026-09-18,False,228.0,231.86000061035156,-1.46,37.89,BAJO,167720337408.0,104.85,73.19,3.61,3.84,0.83,16.56,12.15,1.64,55.91,0.41,1.32,7.0,YAHOO,1.2561,1.4372,1.1353,0.057369,3.9063,-0.6476,81.2,2026-10-26,35,,,yahoo,1.0,0.0,1.0,1.0,1.0,1.0,0.0,1.0,1.0,-2.8648,-5.0805,-6.7524,11.1706,14.9986,21.1875,241.56,251.122,251.122,-5.2534,-8.861,-8.861
XYZ,76.27999877929688,76.28,2026-09-18,False,75.86000061035156,76.89900207519531,-0.25,-2.97,BAJO,46807941120.0,139.12,15.02,2.12,1.61,2.01,7.0,1.43,-0.06,30.5,0.33,2.21,6.0,YAHOO,1.2561,1.4372,1.1353,0.057369,3.9063,-0.6476,81.2,2026-11-09,49,,,yahoo,1.0,0.0,1.0,1.0,1.0,0.0,1.0,1.0,0.0,-3.699,-8.5043,-5.1008,2.0059,15.1582,37.2976,84.85,84.85,84.85,-10.1002,-10.1002,-10.1002
A,156.47000122070312,156.47,2026-09-18,False,154.60000610351562,156.72999572753906,0.08,22.02,BAJO,45661544448.0,31.94,23.97,6.2,20.97,8.63,25.56,19.53,2.32,23.1,0.56,2.05,,YAHOO,1.2561,1.4372,1.1353,0.057369,3.9063,-0.6476,81.2,2026-11-25,65,2026-08-26,26.0,yahoo,1.0,0.0,1.0,1.0,1.0,0.0,1.0,0.0,0.0,6.4929,4.3272,17.7706,23.3834,16.7897,27.4361,159.0,159.0,159.0,-1.5912,-1.5912,-1.5912
ACGL,96.88999938964844,96.89,2026-09-18,False,95.69000244140625,97.8499984741211,0.2,8.3,BAJO,32682924032.0,7.49,9.82,1.4,19.94,4.12,26.58,24.4,13.16,5.97,0.18,0.59,,YAHOO,1.2561,1.4372,1.1353,0.057369,3.9063,-0.6476,81.2,2026-10-26,35,,,yahoo,1.0,0.0,1.0,1.0,1.0,0.0,1.0,0.0,1.0,0.8326,-2.945,-3.64,6.2623,7.6196,23.0865,101.14,106.48,106.48,-4.2021,-9.0064,-9.0064
ADM,85.18000030517578,85.18,2026-09-18,False,84.31999969482422,87.93000030517578,-3.3,42.56,BAJO,40185790464.0,22.78,14.71,1.7,7.64,2.26,4.01,2.16,2.9,16.27,0.39,1.39,,YAHOO,1.2561,1.4372,1.1353,0.057369,3.9063,-0.6476,81.2,2026-11-03,43,,,yahoo,1.0,0.0,1.0,1.0,1.0,0.0,0.0,0.0,0.0,-1.7758,0.9481,-0.5561,14.142,47.7818,28.4335,88.09,88.09,88.09,-3.3034,-3.3034,-3.3034
ADSK,216.9499969482422,216.95,2026-09-18,False,216.07000732421875,220.86000061035156,-0.77,-34.41,BAJO,45739651072.0,28.35,15.41,13.52,53.85,11.47,29.23,21.08,6.9,19.81,1.1,0.85,,YAHOO,1.2561,1.4372,1.1353,0.057369,3.9063,-0.6476,81.2,2026-11-27,67,2026-08-27,25.0,yahoo,1.0,0.0,1.0,1.0,0.0,1.0,1.0,1.0,1.0,2.1422,-8.6603,2.7469,11.9337,14.9975,47.7059,270.58,270.58,324.86,-19.8204,-19.8204,-33.2174
AEE,102.2300033569336,102.23,2026-09-18,False,102.20999908447266,103.08000183105469,-1.61,5.0,BAJO,28190949376.0,17.93,17.5,2.06,11.94,3.06,25.24,18.58,-6.34,12.82,1.58,0.53,,YAHOO,1.2561,1.4372,1.1353,0.057369,3.9063,-0.6476,81.2,2026-11-04,44,,,yahoo,1.0,1.0,1.0,1.0,1.0,0.0,0.0,0.0,1.0,-2.5453,-3.2466,-6.3532,-5.2588,16.9509,18.7902,106.991,117.4865,117.4865,-4.4499,-12.9858,-12.9858
AEP,120.0,120.0,2026-09-18,False,119.70999908447266,121.12000274658203,-1.33,14.67,BAJO,65344016384.0,20.8,17.51,2.04,10.13,2.98,23.25,13.78,-9.18,13.23,1.61,0.5,,YAHOO,1.2561,1.4372,1.1353,0.057369,3.9063,-0.6476,81.2,2026-10-29,38,,,yahoo,1.0,1.0,1.0,1.0,0.0,1.0,0.0,0.0,0.0,-2.7001,-3.7768,-7.3317,-5.3069,16.6506,17.7693,125.42,137.6421,137.6421,-4.3215,-12.8174,-12.8174
AES,14.829999923706055,14.83,2026-09-18,False,14.829999923706055,14.869999885559082,-0.13,18.65,BAJO,10580295680.0,5.55,6.26,2.14,9.57,2.96,18.67,14.34,-29.2,12.18,2.57,0.75,,YAHOO,1.2561,1.4372,1.1353,0.057369,3.9063,-0.6476,81.2,2026-11-04,44,,,yahoo,1.0,0.0,1.0,1.0,1.0,0.0,0.0,0.0,0.0,0.2705,0.3383,1.2677,2.653,2.6776,3.0719,14.85,14.85,16.8672,-0.1347,-0.1347,-12.078
AFL,116.33000183105469,116.33,2026-09-18,False,115.0999984741211,116.81999969482422,-0.23,8.4,BAJO,57744719872.0,12.43,15.27,1.91,16.91,3.13,25.72,26.91,8.92,10.71,0.53,0.89,,YAHOO,1.2561,1.4372,1.1353,0.057369,3.9063,-0.6476,81.2,2026-11-04,44,,,yahoo,1.0,0.0,1.0,0.0,0.0,0.0,1.0,0.0,0.0,0.9108,-1.7151,-5.4002,1.2522,7.1659,18.1146,118.36,128.9008,128.9008,-1.7151,-9.7523,-9.7523
AIZ,282.2300109863281,282.23,2026-09-18,False,279.7300109863281,284.760009765625,-0.56,35.39,BAJO,13681427456.0,13.28,11.84,2.25,18.34,2.56,11.73,7.9,15.71,7.98,0.36,0.38,,YAHOO,1.2561,1.4372,1.1353,0.057369,3.9063,-0.6476,81.2,2026-11-03,43,,,yahoo,1.0,1.0,1.0,1.0,0.0,0.0,1.0,0.0,1.0,-0.0814,-1.9047,2.6327,8.9441,13.235,21.767,287.71,300.641,300.641,-1.9047,-6.1239,-6.1239
AJG,239.47999572753906,239.48,2026-09-18,False,238.75,241.92999267578125,-0.8,-19.91,BAJO,60652843008.0,39.24,15.89,2.56,6.72,2.32,19.16,10.38,3.43,17.12,0.59,1.05,,YAHOO,1.2561,1.4372,1.1353,0.057369,3.9063,-0.6476,81.2,2026-10-29,38,,,yahoo,1.0,0.0,1.0,1.0,1.0,0.0,0.0,1.0,1.0,-0.3495,-9.9528,-3.2633,12.1741,9.6209,36.145,271.2652,271.2652,306.8697,-11.7174,-11.7174,-21.9604
AKAM,104.5199966430664,104.52,2026-09-18,False,102.61000061035156,107.25,-2.39,34.02,BAJO,16873767936.0,42.54,16.28,3.55,8.92,2.52,7.63,9.51,4.21,21.17,1.97,1.64,,YAHOO,1.2561,1.4372,1.1353,0.057369,3.9063,-0.6476,81.2,2026-11-05,45,,,yahoo,1.0,0.0,1.0,1.0,0.0,1.0,1.0,0.0,0.0,-2.1257,-1.8592,-16.3238,-16.3238,32.374,51.1504,111.24,129.52,161.14,-6.041,-19.302,-35.1371
ALB,110.91000366210938,110.91,2026-09-18,False,110.41999816894531,115.12999725341797,-3.6,37.05,BAJO,13325130752.0,418.22,10.0,1.66,2.65,3.16,27.71,3.79,10.01,10.92,0.19,2.09,,YAHOO,1.2561,1.4372,1.1353,0.057369,3.9063,-0.6476,81.2,2026-11-04,44,,,yahoo,0.0,1.0,1.0,1.0,0.0,1.0,0.0,1.0,0.0,-5.6246,-15.7963,-6.1847,-30.5995,64.9782,43.4787,142.769,142.769,214.3488,-22.3151,-22.3151,-48.2572
ALGN,147.61000061035156,147.61,2026-09-18,False,146.1999969482422,150.77999877929688,-1.4,9.78,BAJO,10434334720.0,25.46,11.7,2.47,10.15,7.56,18.25,9.99,5.69,10.21,0.03,1.4,,YAHOO,1.2561,1.4372,1.1353,0.057369,3.9063,-0.6476,81.2,2026-10-28,37,,,yahoo,1.0,0.0,1.0,1.0,1.0,1.0,1.0,0.0,1.0,-2.1284,-7.663,-16.8394,-18.9312,41.0774,38.7376,162.55,188.39,197.51,-9.191,-21.6466,-25.2645
ALL,249.8300018310547,249.83,2026-09-18,False,247.77999877929688,251.41000366210938,-0.94,22.25,BAJO,61409083392.0,4.86,8.79,1.95,46.11,8.68,22.83,18.97,24.68,3.81,0.22,0.36,,YAHOO,1.2561,1.4372,1.1353,0.057369,3.9063,-0.6476,81.2,2026-11-04,44,,,yahoo,1.0,1.0,1.0,0.0,1.0,0.0,1.0,0.0,0.0,-1.5293,-5.0473,-0.3457,13.4285,3.8504,28.9324,263.11,273.9698,273.9698,-5.0473,-8.8111,-8.8111
ALLE,152.27999877929688,152.28,2026-09-18,False,151.14999389648438,154.0800018310547,-0.88,-15.41,BAJO,12871168000.0,19.89,15.49,6.08,33.73,11.03,22.1,15.36,3.76,14.08,1.05,1.93,,YAHOO,1.2561,1.4372,1.1353,0.057369,3.9063,-0.6476,81.2,2026-10-22,31,,,yahoo,1.0,0.0,1.0,1.0,1.0,0.0,1.0,1.0,0.0,-0.345,-1.7608,11.3044,14.4126,12.0898,31.0011,162.0544,168.342,177.7256,-6.0315,-9.5413,-14.3173
AMCR,41.900001525878906,41.9,2026-09-18,False,41.81999969482422,42.290000915527344,-1.13,5.41,BAJO,19487870976.0,17.71,9.67,1.65,9.4,3.57,9.69,4.71,7.72,9.48,1.28,1.25,,YAHOO,1.2561,1.4372,1.1353,0.057369,3.9063,-0.6476,81.2,2026-11-05,45,,,yahoo,1.0,1.0,1.0,1.0,0.0,1.0,0.0,1.0,1.0,-0.9924,-7.3828,-2.1593,3.4616,17.5119,28.5396,47.9018,47.9018,48.4112,-12.5293,-12.5293,-13.4498
AME,237.63999938964844,237.64,2026-09-18,False,233.6199951171875,237.94000244140625,1.42,25.14,BAJO,55304691712.0,35.27,25.17,4.91,14.56,8.16,26.18,20.04,2.7,22.84,0.21,1.21,,YAHOO,1.2561,1.4372,1.1353,0.057369,3.9063,-0.6476,81.2,2026-10-29,38,,,yahoo,1.0,0.0,1.0,1.0,1.0,0.0,1.0,1.0,0.0,-1.6057,1.6167,0.0952,0.2385,16.2746,23.0622,244.8432,258.1438,258.1438,-2.942,-7.9428,-7.9428
AMP,544.3300170898438,544.33,2026-09-18,False,537.0800170898438,547.1199951171875,-0.25,10.68,BAJO,47321866240.0,12.95,10.37,7.44,63.43,2.28,30.72,19.9,6.13,,0.68,2.18,,YAHOO,1.2561,1.4372,1.1353,0.057369,3.9063,-0.6476,81.2,2026-10-29,38,,,yahoo,1.0,0.0,1.0,1.0,0.0,0.0,1.0,0.0,1.0,-2.3816,-3.672,3.3425,16.8155,29.2948,23.7409,565.08,570.68,570.68,-3.672,-4.6173,-4.6173
AMT,173.97999572753906,173.98,2026-09-18,False,172.82000732421875,175.57000732421875,-0.91,-7.95,BAJO,81356627968.0,24.02,24.91,21.87,33.91,4.89,45.41,31.08,3.59,18.61,4.39,0.35,,YAHOO,1.2561,1.4372,1.1353,0.057369,3.9063,-0.6476,81.2,2026-10-27,36,,,yahoo,1.0,1.0,1.0,1.0,1.0,0.0,1.0,0.0,1.0,-2.176,-2.121,6.4814,-1.1758,9.5177,27.696,178.57,179.26,192.2845,-2.5704,-2.9454,-9.5195
AON,295.6400146484375,295.64,2026-09-18,False,293.0,297.7300109863281,-0.14,-17.35,BAJO,61690322944.0,16.02,14.34,6.42,44.7,5.83,23.46,22.27,5.17,12.98,1.63,1.03,,YAHOO,1.2561,1.4372,1.1353,0.057369,3.9063,-0.6476,81.2,2026-10-30,39,,,yahoo,1.0,1.0,1.0,0.0,1.0,1.0,1.0,1.0,1.0,-2.3291,-9.5902,-17.5532,-6.7433,13.6314,34.6645,359.1,380.3929,380.3929,-17.672,-22.2804,-22.2804
AOS,56.95000076293945,56.95,2026-09-18,False,56.4900016784668,57.22999954223633,0.04,-21.89,BAJO,7741352448.0,15.87,13.94,4.2,27.13,12.54,18.93,13.15,6.26,10.51,0.37,1.59,,YAHOO,1.2561,1.4372,1.1353,0.057369,3.9063,-0.6476,81.2,2026-10-27,36,,,yahoo,1.0,1.0,1.0,1.0,1.0,0.0,1.0,1.0,1.0,-0.7667,-5.9144,-2.4934,-1.589,4.8139,28.4791,63.08,63.98,79.5335,-9.7178,-10.9878,-28.3949
APA,44.869998931884766,44.87,2026-09-18,False,44.63999938964844,45.470001220703125,-1.3,92.72,BAJO,15348900864.0,9.24,9.8,2.19,26.66,11.6,56.33,19.56,13.99,3.45,0.49,0.95,,YAHOO,1.2561,1.4372,1.1353,0.057369,3.9063,-0.6476,81.2,2026-11-04,44,,,yahoo,1.0,1.0,1.0,1.0,1.0,0.0,1.0,0.0,1.0,0.313,1.5618,26.3232,36.8023,72.3967,43.0607,47.41,47.41,47.41,-5.3575,-5.3575,-5.3575
APD,284.17999267578125,284.18,2026-09-18,False,281.2300109863281,286.0299987792969,-0.68,-1.8,BAJO,62231699456.0,,19.36,4.48,0.02,4.73,25.54,-0.38,-2.41,17.67,1.1,1.08,,YAHOO,1.2561,1.4372,1.1353,0.057369,3.9063,-0.6476,81.2,2026-11-05,45,,,yahoo,0.0,0.0,1.0,1.0,0.0,0.0,0.0,0.0,0.0,-2.4877,-6.5873,-4.1196,2.0468,16.3315,27.8382,309.46,314.19,314.19,-8.1691,-9.5515,-9.5515
APH,77.55000305175781,77.55,2026-09-18,False,77.4000015258789,79.30000305175781,-1.05,26.18,BAJO,199052853248.0,40.36,24.66,12.85,38.12,14.47,29.78,17.73,1.92,22.46,1.2,1.89,,YAHOO,1.2561,1.4372,1.1353,0.057369,3.9063,-0.6476,81.2,2026-10-28,37,,,yahoo,1.0,1.0,1.0,1.0,0.0,1.0,0.0,1.0,0.0,-7.5906,-5.5075,-1.7172,-5.261,19.0682,43.2834,83.92,88.16,88.16,-7.5906,-12.0349,-12.0349
APO,125.91000366210938,125.91,2026-09-18,False,124.2300033569336,126.88999938964844,-0.07,-12.37,BAJO,75536375808.0,45.52,11.91,3.76,11.41,0.94,21.95,5.27,,,1.01,1.95,,YAHOO,1.2561,1.4372,1.1353,0.057369,3.9063,-0.6476,81.2,2026-11-03,43,,,yahoo,1.0,0.0,1.0,1.0,0.0,0.0,0.0,0.0,1.0,-2.3802,-6.3797,6.7921,-8.0423,21.2219,34.0449,136.58,142.9761,150.8032,-7.8123,-11.9363,-16.5071
APP,308.05999755859375,308.06,2026-09-18,False,307.760009765625,328.1499938964844,-4.21,-52.0,BAJO,110917156864.0,25.4,15.74,35.0,203.69,46.46,77.68,64.58,2.87,20.49,1.11,4.3,,YAHOO,1.2561,1.4372,1.1353,0.057369,3.9063,-0.6476,81.2,2026-11-04,44,,,yahoo,1.0,1.0,1.0,1.0,1.0,1.0,1.0,1.0,1.0,-4.908,-1.7603,-28.1392,-34.4149,23.8172,69.0083,334.24,564.61,733.6,-7.8327,-45.4384,-58.0071
APTV,43.59000015258789,43.59,2026-09-18,False,43.0,43.84000015258789,-0.07,-50.51,BAJO,9046584320.0,19.71,6.66,1.04,5.16,6.72,12.68,1.07,17.86,4.32,0.65,2.02,,YAHOO,1.2561,1.4372,1.1353,0.057369,3.9063,-0.6476,81.2,2026-10-29,38,,,yahoo,1.0,0.0,1.0,1.0,1.0,1.0,1.0,1.0,1.0,-4.282,-6.3185,-24.728,-31.5484,20.275,48.4907,48.28,61.97,88.67,-9.7142,-29.6595,-50.8402
ARE,53.29999923706055,53.3,2026-09-18,False,53.209999084472656,57.279998779296875,-5.4,-36.9,BAJO,9179561984.0,,-65.85,0.59,-4.08,0.93,17.28,-36.08,14.65,14.37,0.69,2.35,,YAHOO,1.2561,1.4372,1.1353,0.057369,3.9063,-0.6476,81.2,2026-10-26,35,,,yahoo,0.0,0.0,1.0,1.0,0.0,1.0,1.0,0.0,1.0,4.2237,1.1577,5.3152,5.8189,70.7369,45.4678,56.34,56.34,82.4287,-5.3958,-5.3958,-35.338
ARES,123.80000305175781,123.8,2026-09-18,False,122.86000061035156,125.95999908447266,-1.21,-31.28,BAJO,42026057728.0,58.11,17.61,11.43,14.94,2.59,19.38,10.63,5.14,33.52,1.72,0.54,,YAHOO,1.2561,1.4372,1.1353,0.057369,3.9063,-0.6476,81.2,2026-11-02,42,,,yahoo,1.0,0.0,1.0,1.0,1.0,0.0,0.0,0.0,1.0,-4.9618,-11.5968,3.5836,-3.2718,24.69,38.3063,141.6729,147.8872,176.1346,-12.6156,-16.2875,-29.7128
ATO,160.3000030517578,160.3,2026-09-18,False,159.97999572753906,161.1199951171875,-1.07,-0.6,BAJO,26745819136.0,18.89,17.55,1.75,9.79,3.89,37.22,28.5,-8.3,13.93,0.68,0.81,,YAHOO,1.2561,1.4372,1.1353,0.057369,3.9063,-0.6476,81.2,2026-11-04,44,,,yahoo,1.0,1.0,1.0,1.0,0.0,0.0,0.0,1.0,1.0,-1.7709,-5.2152,-7.874,-5.1987,9.9194,16.3714,169.46,178.4242,190.0626,-5.4054,-10.1579,-15.6593
AVB,68.13999938964844,68.14,2026-08-24,False,67.36000061035156,68.62000274658203,2.02,-2.72,BAJO,26283393024.0,25.25,36.58,2.17,8.49,2.63,30.63,33.32,5.36,19.14,0.75,0.34,,YAHOO,1.2561,1.4372,1.1353,0.057369,3.9063,-0.6476,81.2,2026-10-28,37,,,yahoo,1.0,0.0,1.0,1.0,0.0,0.0,1.0,0.0,0.0,7.0374,3.5221,,,14.1797,,68.9044,,,-1.1094,,
AWK,135.89999389648438,135.9,2026-09-18,False,135.44000244140625,137.32000732421875,-1.69,1.55,BAJO,26623723520.0,23.18,20.4,2.28,10.1,3.52,40.66,21.35,-6.71,14.58,1.38,0.52,,YAHOO,1.2561,1.4372,1.1353,0.057369,3.9063,-0.6476,81.2,2026-10-28,37,,,yahoo,1.0,0.0,1.0,1.0,1.0,1.0,0.0,1.0,1.0,-1.3,-3.5418,4.0097,9.3819,13.7576,22.8937,140.89,140.89,141.5679,-3.5418,-3.5418,-4.0036
AXON,447.760009765625,447.76,2026-09-18,False,446.3699951171875,458.0,-1.27,-43.15,BAJO,36724187136.0,186.8,42.84,9.99,6.22,0.51,5.17,6.19,0.6,229.44,0.5,2.15,,YAHOO,1.2561,1.4372,1.1353,0.057369,3.9063,-0.6476,81.2,2026-11-03,43,,,yahoo,1.0,0.0,1.0,1.0,0.0,1.0,0.0,0.0,0.0,-6.5882,-16.7964,-12.4049,5.7534,102.9978,77.8682,627.75,645.72,777.58,-28.6722,-30.6572,-42.4162
AZO,2855.31005859375,2855.3101,2026-09-18,False,2815.0,2873.52001953125,0.39,-32.48,BAJO,45764051403.75,19.29,16.05,-16.48,,11.39,19.08,12.4,1.97,13.74,,0.89,,YAHOO,1.2561,1.4372,1.1353,0.057369,3.9063,-0.6476,81.2,2026-09-22,1,,,yahoo,1.0,0.0,1.0,1.0,1.0,1.0,1.0,0.0,0.0,-0.7453,-3.7981,-5.2346,-6.8256,28.2048,30.0886,3027.3401,3218.1499,4290.2402,-5.6825,-11.2748,-33.4464
BAX,22.799999237060547,22.8,2026-09-18,False,22.709999084472656,23.15999984741211,-0.96,-5.14,BAJO,11854717952.0,,11.26,1.91,-14.37,2.85,14.43,-9.27,8.44,10.27,1.56,1.95,,YAHOO,1.2561,1.4372,1.1353,0.057369,3.9063,-0.6476,81.2,2026-10-29,38,,,yahoo,0.0,0.0,1.0,1.0,0.0,1.0,0.0,0.0,1.0,-4.2017,-10.833,2.6961,14.6747,11.2081,40.8173,26.4898,28.3391,28.3391,-13.9291,-19.5457,-19.5457
BBY,92.8499984741211,92.85,2026-09-18,False,92.80000305175781,94.52999877929688,-1.81,31.07,BAJO,19550816256.0,15.51,12.92,6.16,43.13,7.25,3.9,3.01,7.18,8.13,1.3,1.12,,YAHOO,1.2561,1.4372,1.1353,0.057369,3.9063,-0.6476,81.2,2026-11-24,64,2026-08-27,25.0,yahoo,1.0,1.0,1.0,1.0,0.0,1.0,1.0,0.0,1.0,3.3307,7.24,10.0965,25.551,38.6902,36.0003,94.56,94.56,94.56,-1.8084,-1.8084,-1.8084
BDX,180.94000244140625,180.94,2026-09-18,False,179.4199981689453,182.6199951171875,-0.24,23.67,BAJO,49220296704.0,31.32,13.59,2.02,6.61,4.34,15.73,4.19,9.1,10.67,0.69,0.86,,YAHOO,1.2561,1.4372,1.1353,0.057369,3.9063,-0.6476,81.2,2026-11-05,45,,,yahoo,1.0,1.0,1.0,1.0,0.0,0.0,1.0,1.0,1.0,1.7374,-2.9917,18.3093,26.4113,24.8528,28.6298,190.8744,190.8744,190.8744,-5.2047,-5.2047,-5.2047
BEN,33.0099983215332,33.01,2026-09-18,False,32.66999816894531,33.2400016784668,-0.18,40.93,BAJO,17091706880.0,22.88,10.58,1.45,7.89,2.64,12.98,8.72,-17.5,11.48,0.25,5.49,,YAHOO,1.2561,1.4372,1.1353,0.057369,3.9063,-0.6476,81.2,2026-11-06,46,,,yahoo,1.0,1.0,1.0,1.0,0.0,0.0,1.0,1.0,1.0,-1.9019,-1.6095,1.1646,0.8814,18.1795,23.8757,35.03,35.77,35.77,-5.7665,-7.716,-7.716
BLDR,58.119998931884766,58.12,2026-09-18,False,56.560001373291016,58.90999984741211,0.76,-56.49,BAJO,6296544768.0,63.61,13.24,1.57,2.51,2.39,3.33,0.71,7.38,11.22,1.31,1.79,,YAHOO,1.2561,1.4372,1.1353,0.057369,3.9063,-0.6476,81.2,2026-10-29,38,,,yahoo,1.0,0.0,1.0,1.0,0.0,0.0,1.0,0.0,0.0,-3.727,-9.4422,-16.6619,-27.8819,27.846,51.0232,70.22,90.51,129.54,-17.2316,-35.7861,-55.1335
BLK,1069.780029296875,1069.78,2026-09-18,False,1041.9100341796875,1070.1099853515625,1.5,-5.48,BAJO,177142923264.0,26.13,16.95,2.93,12.28,3.74,35.08,24.09,4.28,15.91,0.23,2.45,,YAHOO,1.2561,1.4372,1.1353,0.057369,3.9063,-0.6476,81.2,2026-10-14,23,,,yahoo,1.0,0.0,1.0,0.0,1.0,0.0,0.0,0.0,0.0,-0.9142,-4.5181,3.5666,2.3979,27.9821,27.4522,1170.6326,1176.8008,1177.4277,-8.6152,-9.0942,-9.1426
BR,163.1300048828125,163.13,2026-09-18,False,162.2899932861328,164.92999267578125,-0.72,-32.77,BAJO,18770268160.0,17.17,14.22,6.61,40.92,9.29,24.61,15.04,6.36,12.1,1.24,1.24,,YAHOO,1.2561,1.4372,1.1353,0.057369,3.9063,-0.6476,81.2,2026-11-03,43,,,yahoo,1.0,1.0,1.0,1.0,0.0,1.0,1.0,1.0,1.0,-2.7483,-8.8201,13.1886,19.284,10.9796,34.6925,184.3148,184.3148,237.1403,-11.4938,-11.4938,-31.2095
BRO,65.0199966430664,65.02,2026-09-18,False,64.4000015258789,65.83000183105469,-0.15,-30.11,BAJO,21515448320.0,20.54,13.33,1.69,10.02,5.38,41.84,18.08,7.64,9.92,0.64,1.13,,YAHOO,1.2561,1.4372,1.1353,0.057369,3.9063,-0.6476,81.2,2026-10-26,35,,,yahoo,1.0,0.0,1.0,1.0,0.0,0.0,0.0,1.0,0.0,-1.7676,-10.3914,-2.2051,10.2716,12.6802,36.0339,74.62,74.6971,95.0407,-12.8652,-12.9551,-31.5872
BSX,43.34000015258789,43.34,2026-09-18,False,43.04999923706055,43.900001525878906,-0.48,-57.44,BAJO,63360319488.0,17.7,12.79,2.54,15.34,6.19,22.9,17.5,3.87,13.25,0.5,1.24,,YAHOO,1.2561,1.4372,1.1353,0.057369,3.9063,-0.6476,81.2,2026-10-28,37,,,yahoo,1.0,1.0,1.0,1.0,0.0,1.0,0.0,1.0,1.0,0.8376,-7.689,0.3473,-4.3056,18.5721,36.8669,50.37,52.01,104.98,-13.9567,-16.6699,-58.7159
BXP,63.16999816894531,63.17,2026-09-18,False,63.16999816894531,63.959999084472656,-1.19,-16.7,BAJO,11599668224.0,34.48,28.85,1.98,5.31,1.68,28.75,9.3,7.59,17.73,2.12,0.51,,YAHOO,1.2561,1.4372,1.1353,0.057369,3.9063,-0.6476,81.2,2026-10-27,36,,,yahoo,1.0,1.0,1.0,1.0,0.0,0.0,0.0,0.0,1.0,-2.3648,-7.4161,-7.5245,-1.335,11.2853,26.9316,72.13,72.97,74.4344,-12.422,-13.4302,-15.1334
CAG,15.130000114440918,15.13,2026-09-18,False,14.960000038146973,15.25,-0.33,-14.49,BAJO,7111484928.0,,9.55,1.12,-25.06,4.4,13.77,-16.98,12.08,8.25,1.18,0.9,,YAHOO,1.2561,1.4372,1.1353,0.057369,3.9063,-0.6476,81.2,2026-09-30,9,,,yahoo,0.0,0.0,1.0,1.0,0.0,1.0,0.0,0.0,1.0,3.6301,-3.137,3.049,15.9301,14.0483,33.8727,16.67,16.67,19.3071,-9.2382,-9.2382,-21.6351
CARR,53.880001068115234,53.88,2026-09-18,False,52.959999084472656,54.86000061035156,-0.94,-12.03,BAJO,45024632832.0,39.01,16.51,3.43,8.97,2.98,13.07,5.52,1.91,18.23,0.92,1.02,,YAHOO,1.2561,1.4372,1.1353,0.057369,3.9063,-0.6476,81.2,2026-10-27,36,,,yahoo,1.0,0.0,1.0,1.0,0.0,0.0,1.0,0.0,0.0,-6.2304,-8.8016,-19.2083,-24.6989,22.9154,32.0792,60.37,75.7277,75.7277,-10.7504,-28.8503,-28.8503
CB,340.6400146484375,340.64,2026-09-18,False,338.2900085449219,341.739990234375,-0.37,23.76,BAJO,130114871296.0,11.96,11.59,1.73,14.82,3.36,23.53,18.07,8.06,10.26,0.31,0.41,,YAHOO,1.2561,1.4372,1.1353,0.057369,3.9063,-0.6476,81.2,2026-10-27,36,,,yahoo,1.0,1.0,1.0,1.0,1.0,0.0,1.0,0.0,0.0,0.7066,-1.8897,-3.7009,5.6491,3.2479,23.4596,347.2011,362.4052,362.4052,-1.8897,-6.0058,-6.0058
CBOE,272.8599853515625,272.86,2026-09-18,False,265.1700134277344,273.82000732421875,2.32,15.68,BAJO,28345710592.0,21.17,17.83,5.04,26.3,11.58,34.63,26.73,2.39,14.28,0.28,1.56,,YAHOO,1.2561,1.4372,1.1353,0.057369,3.9063,-0.6476,81.2,2026-10-30,39,,,yahoo,1.0,1.0,1.0,1.0,1.0,1.0,1.0,1.0,0.0,-2.9106,-8.5896,-0.285,9.8426,48.2498,38.7495,313.0803,313.0803,364.9193,-12.8467,-12.8467,-25.2273
CCI,73.05999755859375,73.06,2026-09-18,False,72.47000122070312,73.94000244140625,-0.92,-18.93,BAJO,31997140992.0,29.89,25.36,-9.54,,4.72,46.83,20.72,3.24,19.89,,0.52,,YAHOO,1.2561,1.4372,1.1353,0.057369,3.9063,-0.6476,81.2,2026-10-21,30,,,yahoo,1.0,1.0,1.0,1.0,1.0,0.0,0.0,0.0,0.0,-1.9805,-4.0612,-2.7266,-9.662,10.8205,31.1891,76.1527,81.4359,94.028,-4.0612,-10.2853,-22.2997
CDNS,282.8999938964844,282.9,2026-09-18,False,280.489990234375,284.9800109863281,0.76,-24.03,BAJO,81213390848.0,58.51,30.89,11.84,23.23,10.61,28.57,23.61,1.98,38.19,0.39,1.74,,YAHOO,1.2561,1.4372,1.1353,0.057369,3.9063,-0.6476,81.2,2026-10-26,35,,,yahoo,1.0,0.0,1.0,1.0,1.0,0.0,1.0,1.0,1.0,-2.2359,-7.2094,-17.9144,-26.9728,26.276,39.1723,347.55,385.95,416.39,-18.6016,-26.7004,-32.0589
CDW,146.19000244140625,146.19,2026-09-18,False,144.69000244140625,149.1999969482422,-2.02,-9.98,BAJO,18303801344.0,17.6,12.19,7.51,44.01,6.59,7.34,4.6,3.7,12.12,2.63,1.17,,YAHOO,1.2561,1.4372,1.1353,0.057369,3.9063,-0.6476,81.2,2026-11-03,43,,,yahoo,1.0,0.0,1.0,1.0,1.0,0.0,1.0,0.0,0.0,-4.9418,-5.0221,13.2349,14.4258,27.2983,50.5099,153.92,153.92,161.2956,-5.0221,-5.0221,-9.3652
CF,127.69999694824219,127.7,2026-09-18,False,127.51000213623047,132.86000061035156,-4.57,53.42,BAJO,18655451136.0,9.14,11.52,3.25,29.87,12.93,49.33,27.12,6.84,5.93,0.41,4.86,,YAHOO,1.2561,1.4372,1.1353,0.057369,3.9063,-0.6476,81.2,2026-11-04,44,,,yahoo,1.0,1.0,1.0,1.0,0.0,1.0,1.0,1.0,1.0,-4.0355,-7.3362,4.39,24.7041,57.1135,39.4565,139.27,139.27,139.27,-8.3076,-8.3076,-8.3076
CFG,67.04000091552734,67.04,2026-09-18,False,66.5999984741211,67.45999908447266,-0.52,27.18,BAJO,28370468864.0,14.68,10.31,1.18,8.27,0.94,35.13,26.05,,,,,,YAHOO,1.2561,1.4372,1.1353,0.057369,3.9063,-0.6476,81.2,2026-10-16,25,,,yahoo,1.0,1.0,1.0,1.0,1.0,0.0,1.0,0.0,1.0,-4.8808,-5.3508,-6.2844,0.5892,39.3167,25.4859,70.83,74.73,74.73,-5.3508,-10.2904,-10.2904
CHD,94.75,94.75,2026-09-18,False,94.01000213623047,95.38999938964844,-0.32,2.68,BAJO,22650599424.0,30.61,23.66,5.21,17.04,7.87,18.07,11.96,4.15,18.32,0.56,1.15,,YAHOO,1.2561,1.4372,1.1353,0.057369,3.9063,-0.6476,81.2,2026-10-30,39,,,yahoo,1.0,1.0,1.0,1.0,1.0,0.0,1.0,0.0,1.0,0.6373,-3.8949,-0.7427,-0.6181,11.0283,21.8549,102.86,103.3249,104.5985,-7.8845,-8.299,-9.4156
CHRW,152.99000549316406,152.99,2026-09-18,False,151.97999572753906,153.85000610351562,-0.54,11.73,BAJO,17859545088.0,29.11,20.38,11.0,37.12,9.96,5.34,3.73,2.69,21.1,1.21,1.58,,YAHOO,1.2561,1.4372,1.1353,0.057369,3.9063,-0.6476,81.2,2026-10-28,37,,,yahoo,1.0,1.0,1.0,1.0,0.0,1.0,1.0,1.0,0.0,0.1375,4.7446,-26.6307,-16.964,21.421,49.4763,157.63,208.5206,208.5206,-2.9436,-26.6307,-26.6307
CHTR,128.1699981689453,128.17,2026-09-18,False,128.0500030517578,132.14999389648438,-3.9,-52.68,BAJO,16030269440.0,3.21,2.95,0.87,27.2,5.31,23.5,9.05,13.71,5.31,4.42,0.36,,YAHOO,1.2561,1.4372,1.1353,0.057369,3.9063,-0.6476,81.2,2026-10-30,39,,,yahoo,1.0,0.0,1.0,1.0,1.0,1.0,1.0,1.0,0.0,-12.0738,-15.3323,0.2974,1.5369,25.8503,57.9631,158.97,158.97,282.74,-19.3747,-19.3747,-54.6686
CI,275.2799987792969,275.28,2026-09-18,False,273.739990234375,277.7200012207031,-0.26,-5.73,BAJO,72526086144.0,11.36,8.21,1.7,16.76,4.46,3.98,2.27,11.0,7.64,0.74,0.85,,YAHOO,1.2561,1.4372,1.1353,0.057369,3.9063,-0.6476,81.2,2026-11-05,45,,,yahoo,1.0,1.0,1.0,1.0,0.0,1.0,1.0,0.0,1.0,-1.9518,-3.3017,-4.7098,-0.8814,19.6962,28.9488,290.05,302.8186,304.1076,-5.0922,-9.0941,-9.4794
CINF,169.0,169.0,2026-09-18,False,167.6300048828125,170.11000061035156,-0.53,9.24,BAJO,25607813120.0,7.87,18.47,1.54,21.48,6.41,37.2,23.84,11.66,5.63,0.05,1.15,,YAHOO,1.2561,1.4372,1.1353,0.057369,3.9063,-0.6476,81.2,2026-10-26,35,,,yahoo,1.0,0.0,1.0,1.0,1.0,0.0,1.0,0.0,0.0,-0.4711,-3.2738,-6.3764,-0.1609,2.5252,24.7287,174.72,192.03,192.03,-3.2738,-11.9929,-11.9929
CLX,83.0999984741211,83.1,2026-09-18,False,83.08999633789062,84.70999908447266,-2.24,-31.49,BAJO,10264624128.0,17.65,13.56,114.09,163.76,8.32,12.88,8.73,1.08,13.93,22.21,0.66,,YAHOO,1.2561,1.4372,1.1353,0.057369,3.9063,-0.6476,81.2,2026-11-03,43,,,yahoo,1.0,0.0,1.0,1.0,0.0,0.0,1.0,0.0,0.0,-5.3099,-11.8676,-12.1426,-12.2434,20.7411,31.1216,107.17,107.9,124.127,-22.4596,-22.9842,-33.0524
CMCSA,22.739999771118164,22.74,2026-09-18,False,22.360000610351562,22.90999984741211,-0.74,-21.16,BAJO,81370243072.0,7.35,6.4,0.91,11.49,4.31,17.23,8.97,15.6,4.82,1.0,0.8,,YAHOO,1.2561,1.4372,1.1353,0.057369,3.9063,-0.6476,81.2,2026-10-22,31,,,yahoo,1.0,1.0,1.0,1.0,1.0,1.0,1.0,1.0,0.0,-9.7619,-14.6717,-4.4939,2.7634,18.8173,36.7978,27.2,27.2,31.6751,-16.3971,-16.3971,-28.2086
CME,276.010009765625,276.01,2026-09-18,False,270.9800109863281,277.489990234375,1.79,8.46,BAJO,99074875392.0,23.37,21.32,3.73,15.8,1.48,65.04,63.44,2.94,21.1,0.15,1.02,,YAHOO,1.2561,1.4372,1.1353,0.057369,3.9063,-0.6476,81.2,2026-10-21,30,,,yahoo,1.0,0.0,1.0,1.0,1.0,1.0,1.0,0.0,0.0,0.1706,-1.6821,16.8193,12.552,24.9591,24.7527,285.1116,285.1116,315.7112,-3.1923,-3.1923,-12.5752
CMG,33.43000030517578,33.43,2026-09-18,False,32.86000061035156,33.61000061035156,-0.24,-17.59,BAJO,41935949824.0,30.69,24.19,19.1,49.56,13.08,16.11,11.43,2.66,20.52,2.46,0.71,,YAHOO,1.2561,1.4372,1.1353,0.057369,3.9063,-0.6476,81.2,2026-10-28,37,,,yahoo,1.0,1.0,1.0,1.0,0.0,0.0,1.0,0.0,1.0,-7.6519,-11.0194,0.3301,2.8932,42.5745,50.7983,38.52,38.52,42.36,-13.2139,-13.2139,-21.0812
CMI,532.22998046875,532.23,2026-09-18,False,522.8699951171875,532.6400146484375,1.59,25.08,BAJO,73620217856.0,27.3,15.5,5.73,21.11,7.0,11.9,7.82,3.03,15.74,0.6,1.73,,YAHOO,1.2561,1.4372,1.1353,0.057369,3.9063,-0.6476,81.2,2026-11-05,45,,,yahoo,1.0,0.0,1.0,1.0,0.0,1.0,0.0,1.0,0.0,-4.4041,-2.4326,-19.1141,-25.479,23.3757,32.8101,587.68,724.8918,724.8918,-9.4354,-26.578,-26.578
CMS,65.33999633789062,65.34,2026-09-18,False,65.13999938964844,65.86000061035156,-1.3,-5.55,BAJO,20288440320.0,19.43,15.57,2.12,9.16,2.97,17.17,11.64,-10.84,13.32,1.86,0.94,,YAHOO,1.2561,1.4372,1.1353,0.057369,3.9063,-0.6476,81.2,2026-10-29,38,,,yahoo,1.0,0.0,1.0,1.0,0.0,1.0,0.0,0.0,1.0,-2.6955,-4.7383,-9.1485,-10.2381,14.1408,16.8967,69.23,78.1791,78.6889,-5.619,-16.4227,-16.9641
CNC,65.11000061035156,65.11,2026-09-18,False,65.02999877929688,67.7300033569336,-2.97,100.83,BAJO,32104734720.0,,12.15,1.42,-20.36,2.48,3.76,-2.83,30.03,4.61,0.71,1.15,,YAHOO,1.2561,1.4372,1.1353,0.057369,3.9063,-0.6476,81.2,2026-10-27,36,,,yahoo,0.0,0.0,1.0,1.0,0.0,0.0,1.0,0.0,1.0,-1.9723,-4.2781,-3.6692,6.7027,34.2732,38.0735,69.41,69.41,69.41,-6.1951,-6.1951,-6.1951
CNP,38.220001220703125,38.22,2026-09-18,False,38.04999923706055,38.4900016784668,-0.88,1.11,BAJO,25024784384.0,22.61,18.2,2.14,9.83,3.0,24.49,11.61,-20.75,12.77,2.1,1.12,,YAHOO,1.2561,1.4372,1.1353,0.057369,3.9063,-0.6476,81.2,2026-10-22,31,,,yahoo,1.0,0.0,1.0,1.0,1.0,0.0,0.0,0.0,1.0,-2.2756,-4.4022,-9.999,-10.2092,19.8544,19.4047,40.12,44.7724,44.7724,-4.7358,-14.635,-14.635
COF,202.42999267578125,202.43,2026-09-18,False,200.27999877929688,202.97000122070312,0.19,-12.08,BAJO,125715316736.0,11.28,8.52,1.22,9.03,1.52,33.63,21.87,,,,,,YAHOO,1.2561,1.4372,1.1353,0.057369,3.9063,-0.6476,81.2,2026-10-20,29,,,yahoo,1.0,0.0,1.0,1.0,1.0,0.0,0.0,0.0,1.0,-2.8181,-8.195,-1.4912,0.8013,14.2992,27.4871,220.5,226.54,254.9582,-8.195,-10.6427,-20.6027
COO,55.290000915527344,55.29,2026-09-18,False,54.099998474121094,55.91999816894531,2.81,-19.31,BAJO,10291204096.0,18.6,11.53,1.24,6.84,2.73,20.82,13.46,5.27,13.88,0.34,1.22,,YAHOO,1.2561,1.4372,1.1353,0.057369,3.9063,-0.6476,81.2,2026-12-02,72,2026-09-09,12.0,finnhub,1.0,0.0,1.0,1.0,1.0,0.0,1.0,0.0,1.0,2.5598,-21.7299,-22.1377,-16.1129,39.4625,42.1883,76.22,76.82,84.32,-27.46,-28.0266,-34.4284
COR,308.7799987792969,308.78,2026-09-18,False,304.45001220703125,311.80999755859375,-0.2,5.41,BAJO,60394889216.0,23.51,15.98,19.8,96.87,3.56,1.41,0.79,3.38,13.02,4.47,0.94,,YAHOO,1.2561,1.4372,1.1353,0.057369,3.9063,-0.6476,81.2,2026-11-04,44,,,yahoo,1.0,0.0,1.0,1.0,0.0,1.0,1.0,1.0,0.0,-3.9774,-8.4337,2.0816,13.8133,17.8534,27.7359,337.22,337.22,372.5275,-8.4337,-8.4337,-17.1122
CPB,20.690000534057617,20.69,2026-09-18,False,20.649999618530273,21.299999237060547,-2.31,-36.02,BAJO,5943250432.0,15.21,10.86,1.54,10.05,4.95,10.34,4.08,12.58,8.0,1.72,0.81,,YAHOO,1.2561,1.4372,1.1353,0.057369,3.9063,-0.6476,81.2,2026-12-07,77,2026-09-03,18.0,finnhub,,,,,,,,,,-1.4762,-6.507,-7.3859,-0.5219,20.2157,36.2202,24.16,24.16,31.7348,-14.3626,-14.3626,-34.8035
CPRT,29.280000686645508,29.28,2026-09-18,False,29.170000076293945,29.639999389648438,-1.28,-37.16,BAJO,26765209600.0,18.65,16.33,2.95,16.16,10.27,32.01,31.81,3.31,11.91,0.01,7.91,,YAHOO,1.2561,1.4372,1.1353,0.057369,3.9063,-0.6476,81.2,2026-11-19,59,2026-09-10,11.0,yahoo,1.0,0.0,1.0,1.0,0.0,1.0,0.0,1.0,0.0,-2.2371,-12.8052,7.7659,-3.1426,21.1477,44.957,33.8,34.33,45.85,-13.3728,-14.7102,-36.1396
CPT,99.12000274658203,99.12,2026-09-18,False,99.0999984741211,101.02999877929688,-1.79,-5.44,BAJO,11436693504.0,32.61,90.66,2.67,7.89,1.87,16.1,20.62,1.22,16.82,1.26,0.35,,YAHOO,1.2561,1.4372,1.1353,0.057369,3.9063,-0.6476,81.2,2026-11-05,45,,,yahoo,1.0,1.0,1.0,1.0,0.0,1.0,1.0,1.0,0.0,-3.7763,-6.1364,-11.5711,-8.2225,9.9939,19.2111,109.15,117.58,117.58,-9.1892,-15.6999,-15.6999
CRH,86.1500015258789,86.15,2026-09-18,False,85.58999633789062,86.45999908447266,-0.63,-24.1,BAJO,57972887552.0,15.4,13.41,2.41,15.81,6.06,19.02,9.94,3.48,9.86,0.78,1.58,,YAHOO,1.2561,1.4372,1.1353,0.057369,3.9063,-0.6476,81.2,2026-10-29,38,,,yahoo,1.0,0.0,1.0,1.0,0.0,1.0,1.0,1.0,0.0,-2.7103,-6.3994,-13.2793,-22.2445,10.0308,29.6047,97.05,112.5987,129.9237,-11.2313,-23.4894,-33.6919
CRL,278.05999755859375,278.06,2026-09-18,False,276.0,283.0,-1.28,75.55,BAJO,13439278080.0,,21.95,4.69,-7.52,4.11,15.11,-5.96,3.49,19.09,1.05,1.35,,YAHOO,1.2561,1.4372,1.1353,0.057369,3.9063,-0.6476,81.2,2026-11-04,44,,,yahoo,0.0,0.0,1.0,1.0,0.0,0.0,1.0,1.0,1.0,-0.0719,-5.2122,26.7366,50.3027,28.9238,40.057,298.58,298.58,298.58,-6.8725,-6.8725,-6.8725
CSGP,29.09000015258789,29.09,2026-09-18,False,28.959999084472656,29.90999984741211,-0.72,-68.98,BAJO,11766938624.0,161.33,16.37,1.48,0.89,0.47,8.22,2.08,3.51,29.62,0.15,2.21,,YAHOO,1.2561,1.4372,1.1353,0.057369,3.9063,-0.6476,81.2,2026-10-27,36,,,yahoo,1.0,0.0,1.0,1.0,1.0,0.0,0.0,0.0,1.0,-4.4977,-8.1755,2.0702,-3.4197,31.2688,50.3224,32.84,33.73,89.26,-11.419,-13.7563,-67.4098
CSX,47.099998474121094,47.1,2026-09-18,False,47.0,47.880001068115234,-1.67,41.14,BAJO,85195325440.0,26.74,20.25,6.05,24.36,7.38,38.42,22.21,2.29,15.12,1.38,0.82,,YAHOO,1.2561,1.4372,1.1353,0.057369,3.9063,-0.6476,81.2,2026-10-21,30,,,yahoo,1.0,0.0,1.0,1.0,1.0,0.0,1.0,0.0,0.0,-3.7794,-3.8579,-5.3339,3.5041,12.9202,21.3647,51.6187,53.0847,53.0847,-8.754,-11.2738,-11.2738
CTAS,197.63999938964844,197.64,2026-09-18,False,195.10000610351562,198.89999389648438,-0.16,-1.51,BAJO,78785388544.0,40.18,32.19,15.33,40.71,16.1,23.69,17.75,1.86,27.11,0.53,1.43,,YAHOO,1.2561,1.4372,1.1353,0.057369,3.9063,-0.6476,81.2,2026-09-23,2,,,yahoo,1.0,1.0,1.0,1.0,1.0,0.0,1.0,1.0,1.0,-1.9156,-1.6961,-1.126,15.9809,8.6641,27.5843,207.4,215.969,215.969,-4.7059,-8.4869,-8.4869
CTSH,59.869998931884766,59.87,2026-09-18,False,59.7599983215332,61.88999938964844,-3.25,-14.43,BAJO,26747377664.0,12.74,9.4,1.86,14.92,10.73,17.48,10.26,8.28,6.89,0.14,2.18,,YAHOO,1.2561,1.4372,1.1353,0.057369,3.9063,-0.6476,81.2,2026-10-28,37,,,yahoo,1.0,0.0,1.0,1.0,1.0,1.0,1.0,0.0,1.0,-0.2167,-7.3793,38.0267,37.8056,22.3445,49.1912,64.64,64.64,85.1577,-7.3793,-7.3793,-29.6952
CTVA,80.52999877929688,80.53,2026-09-18,False,80.0,80.97000122070312,-1.23,13.47,BAJO,52781879296.0,47.95,19.18,2.1,4.26,4.55,30.13,5.66,4.58,12.99,0.19,1.52,,YAHOO,1.2561,1.4372,1.1353,0.057369,3.9063,-0.6476,81.2,2026-11-03,43,,,yahoo,1.0,1.0,1.0,1.0,1.0,0.0,1.0,1.0,0.0,-4.0167,-9.1289,-7.1755,2.6869,28.5033,35.4359,89.97,90.3175,90.3175,-10.4924,-10.8368,-10.8368
CVNA,65.11000061035156,65.11,2026-09-18,False,64.75,66.56600189208984,-1.11,-15.48,BAJO,74466590720.0,35.54,29.7,11.99,58.77,11.7,9.22,6.26,0.57,20.73,1.11,3.93,,YAHOO,1.2561,1.4372,1.1353,0.057369,3.9063,-0.6476,81.2,2026-10-28,37,,,yahoo,1.0,1.0,1.0,0.0,1.0,1.0,0.0,0.0,0.0,-5.856,-11.3305,-0.7167,-2.1785,41.9501,57.4984,75.77,75.77,95.69,-14.0689,-14.0689,-31.9574
D,63.58000183105469,63.58,2026-09-18,False,63.45000076293945,64.19999694824219,-1.1,9.41,BAJO,55251820544.0,21.74,16.47,1.98,8.28,3.04,29.22,13.98,-16.62,13.73,1.6,0.81,,YAHOO,1.2561,1.4372,1.1353,0.057369,3.9063,-0.6476,81.2,2026-10-30,39,,,yahoo,1.0,1.0,1.0,1.0,0.0,1.0,0.0,1.0,1.0,-1.2119,-3.8444,-8.0568,-6.1214,16.9601,15.0379,66.2606,70.973,70.973,-4.0455,-10.4166,-10.4166
DASH,192.94000244140625,192.94,2026-09-18,False,192.35000610351562,196.00999450683594,-0.83,-29.59,BAJO,83986145280.0,101.48,23.8,8.46,8.89,2.97,3.86,5.29,6.13,57.07,0.33,1.37,,YAHOO,1.2561,1.4372,1.1353,0.057369,3.9063,-0.6476,81.2,2026-11-04,44,,,yahoo,1.0,1.0,1.0,1.0,0.0,0.0,0.0,1.0,0.0,-4.4615,-13.0901,2.6058,11.2303,13.6523,39.317,236.93,236.93,281.74,-18.5667,-18.5667,-31.5184
DDOG,229.9199981689453,229.92,2026-09-18,False,228.60000610351562,238.9600067138672,-2.58,66.49,BAJO,87991328768.0,480.49,82.41,20.14,4.7,0.18,0.67,4.48,1.19,1016.73,0.29,3.21,,YAHOO,1.2561,1.4372,1.1353,0.057369,3.9063,-0.6476,81.2,2026-11-05,45,,,yahoo,1.0,0.0,1.0,1.0,1.0,1.0,0.0,0.0,1.0,3.9374,7.059,-9.761,3.1031,31.4746,69.2036,242.93,288.15,288.15,-5.3555,-20.2082,-20.2082
DG,122.41000366210938,122.41,2026-09-18,False,122.22000122070312,125.73999786376953,-2.03,15.27,BAJO,26895392768.0,15.83,14.75,2.9,19.69,4.89,6.81,3.9,6.46,11.47,1.7,1.21,,YAHOO,1.2561,1.4372,1.1353,0.057369,3.9063,-0.6476,81.2,2026-12-02,72,2026-08-27,25.0,finnhub,1.0,1.0,1.0,1.0,1.0,0.0,0.0,1.0,1.0,-1.7419,-6.7423,-0.6412,8.4481,33.6556,34.9009,133.21,133.21,154.7135,-8.1075,-8.1075,-20.8796
DGX,246.4499969482422,246.45,2026-09-18,False,244.88999938964844,247.6300048828125,-0.4,35.22,BAJO,27028228096.0,26.02,20.31,3.58,14.6,6.4,15.25,9.19,3.37,14.65,0.81,1.59,,YAHOO,1.2561,1.4372,1.1353,0.057369,3.9063,-0.6476,81.2,2026-10-20,29,,,yahoo,1.0,1.0,1.0,1.0,1.0,0.0,1.0,1.0,1.0,4.8634,2.9449,19.1501,26.8985,31.5549,25.9789,247.45,247.45,247.45,-0.4041,-0.4041,-0.4041
DHI,138.02000427246094,138.02,2026-09-18,False,136.32000732421875,140.58999633789062,-1.68,-19.21,BAJO,38948405248.0,13.27,11.88,1.64,12.63,6.88,12.99,9.15,6.2,10.82,0.29,6.01,,YAHOO,1.2561,1.4372,1.1353,0.057369,3.9063,-0.6476,81.2,2026-10-29,38,,,yahoo,1.0,0.0,1.0,0.0,0.0,1.0,1.0,0.0,0.0,0.0943,-4.4249,-3.5456,-12.2797,24.1274,32.782,150.8,166.4539,172.875,-8.4748,-17.0822,-20.162
DLR,182.1199951171875,182.12,2026-09-18,False,181.41000366210938,184.55999755859375,-1.16,7.76,BAJO,70370082816.0,90.45,67.44,2.58,2.91,1.48,25.88,11.82,5.36,28.02,0.68,0.89,,YAHOO,1.2561,1.4372,1.1353,0.057369,3.9063,-0.6476,81.2,2026-10-22,31,,,yahoo,1.0,1.0,1.0,1.0,0.0,0.0,0.0,1.0,1.0,-2.7634,-2.3543,2.2636,-2.5412,19.743,36.3071,192.1127,198.7869,201.18,-5.2015,-8.3843,-9.4741
DLTR,111.95999908447266,111.96,2026-09-18,False,111.69999694824219,114.73999786376953,-2.13,12.38,BAJO,21076512768.0,13.77,14.2,6.15,46.03,8.26,6.21,8.04,4.98,11.06,2.24,1.13,,YAHOO,1.2561,1.4372,1.1353,0.057369,3.9063,-0.6476,81.2,2026-12-01,71,2026-08-27,25.0,finnhub,1.0,1.0,1.0,1.0,0.0,1.0,1.0,1.0,1.0,-5.2551,-14.5604,-10.9591,0.2777,47.92,35.3075,136.75,136.75,141.21,-18.128,-18.128,-20.7138
DOC,20.329999923706055,20.33,2026-09-18,False,20.299999237060547,20.579999923706055,-0.83,16.06,BAJO,14689386496.0,59.2,148.0,1.82,3.04,1.51,15.99,8.25,11.2,15.67,1.09,2.29,,YAHOO,1.2561,1.4372,1.1353,0.057369,3.9063,-0.6476,81.2,2026-10-22,31,,,yahoo,1.0,0.0,1.0,1.0,0.0,0.0,1.0,0.0,1.0,0.6535,-2.8404,-9.1442,5.4544,16.3281,19.3788,21.5512,22.5939,22.5939,-5.6664,-10.0201,-10.0201
DOV,187.4199981689453,187.42,2026-09-18,False,186.47999572753906,190.1699981689453,-0.96,8.01,BAJO,25062641664.0,22.5,16.0,3.25,14.91,7.06,18.69,13.48,3.62,13.92,0.42,1.98,,YAHOO,1.2561,1.4372,1.1353,0.057369,3.9063,-0.6476,81.2,2026-10-22,31,,,yahoo,1.0,0.0,1.0,1.0,1.0,0.0,1.0,1.0,0.0,-0.8622,-1.9103,-11.1169,-15.9473,9.3839,26.3643,204.1192,230.1203,231.5927,-8.1811,-18.5556,-19.0734
DPZ,294.20001220703125,294.2,2026-09-18,False,293.3699951171875,298.2300109863281,-1.16,-31.68,BAJO,9790209024.0,16.77,14.19,-2.46,,33.89,19.08,11.86,5.43,14.41,,1.54,,YAHOO,1.2561,1.4372,1.1353,0.057369,3.9063,-0.6476,81.2,2026-10-13,22,,,yahoo,1.0,1.0,1.0,1.0,0.0,1.0,1.0,1.0,1.0,-5.0002,-14.6992,-9.2911,-5.2647,18.9157,38.6489,347.8488,365.3704,430.8719,-15.423,-19.479,-31.7198
DRI,209.27999877929688,209.28,2026-09-18,False,205.6999969482422,210.39999389648438,1.23,10.46,BAJO,23992508416.0,20.24,17.04,10.92,53.72,7.72,14.14,9.13,3.3,15.1,3.65,0.31,,YAHOO,1.2561,1.4372,1.1353,0.057369,3.9063,-0.6476,81.2,2026-09-24,3,,,yahoo,1.0,1.0,1.0,1.0,1.0,0.0,1.0,0.0,1.0,-0.2906,-4.0176,8.2166,-1.1606,37.0913,30.6632,225.56,227.68,227.68,-7.2176,-8.0815,-8.0815
DTE,128.52000427246094,128.52,2026-09-18,False,128.17999267578125,129.52000427246094,-1.47,-4.06,BAJO,26246146048.0,19.96,15.08,2.16,11.03,2.77,13.62,8.0,-9.89,14.94,2.29,0.8,,YAHOO,1.2561,1.4372,1.1353,0.057369,3.9063,-0.6476,81.2,2026-10-29,38,,,yahoo,1.0,0.0,1.0,1.0,0.0,1.0,0.0,0.0,1.0,-3.0623,-6.2377,-11.3838,-12.2101,11.4895,16.8122,137.71,154.43,154.43,-6.6734,-16.7778,-16.7778
DUK,117.52999877929688,117.53,2026-09-18,False,117.04000091552734,118.0199966430664,-0.85,-0.51,BAJO,91022434304.0,17.58,16.28,1.69,9.86,2.84,27.5,16.0,-4.92,11.17,1.62,0.66,,YAHOO,1.2561,1.4372,1.1353,0.057369,3.9063,-0.6476,81.2,2026-11-05,45,,,yahoo,1.0,1.0,1.0,1.0,1.0,0.0,0.0,1.0,1.0,-1.5826,-3.1878,-5.8349,-4.2763,12.5604,18.0821,121.97,129.3824,131.1634,-3.6402,-9.1608,-10.3942
DVA,183.86000061035156,183.86,2026-09-18,False,181.27000427246094,185.85000610351562,0.42,39.62,BAJO,11633291264.0,15.45,10.57,-15.24,88.48,7.51,16.06,6.05,8.96,9.27,12.42,1.47,,YAHOO,1.2561,1.4372,1.1353,0.057369,3.9063,-0.6476,81.2,2026-10-28,37,,,yahoo,1.0,0.0,1.0,1.0,0.0,1.0,1.0,0.0,1.0,1.2724,1.2111,-22.5135,-11.5675,52.0491,45.3465,193.86,240.96,240.96,-5.1584,-23.6969,-23.6969
DVN,48.61000061035156,48.61,2026-09-18,False,48.18000030517578,49.0,-0.23,40.82,BAJO,52349001728.0,10.35,8.89,1.31,11.52,5.91,41.08,17.46,1.5,7.09,0.28,0.72,,YAHOO,1.2561,1.4372,1.1353,0.057369,3.9063,-0.6476,81.2,2026-11-04,44,,,yahoo,1.0,0.0,1.0,1.0,1.0,0.0,1.0,0.0,1.0,-2.5984,0.2763,10.9406,16.1558,62.6323,34.8471,51.33,51.33,51.3696,-5.299,-5.299,-5.372
DXCM,89.3499984741211,89.35,2026-09-18,False,87.38999938964844,89.91999816894531,1.61,16.34,BAJO,33649258496.0,35.25,28.54,12.84,38.49,10.33,24.33,20.12,3.03,23.59,0.53,1.73,,YAHOO,1.2561,1.4372,1.1353,0.057369,3.9063,-0.6476,81.2,2026-10-29,38,,,yahoo,1.0,1.0,1.0,1.0,0.0,1.0,1.0,0.0,1.0,7.6117,-0.4013,19.5318,23.2924,9.9378,42.4858,92.34,92.34,92.34,-3.238,-3.238,-3.238
ED,105.43000030517578,105.43,2026-09-18,False,105.33999633789062,106.5999984741211,-1.54,11.49,BAJO,38410403840.0,17.08,16.0,1.49,8.96,3.24,16.54,12.53,-2.2,10.59,1.1,1.27,,YAHOO,1.2561,1.4372,1.1353,0.057369,3.9063,-0.6476,81.2,2026-11-05,45,,,yahoo,1.0,1.0,1.0,1.0,1.0,0.0,0.0,0.0,1.0,-0.9675,-3.0529,-3.2013,-0.0614,20.7392,16.9123,108.75,113.0627,113.5695,-3.0529,-6.7509,-7.1669
EIX,55.310001373291016,55.31,2026-09-18,False,54.83000183105469,55.54999923706055,-0.34,3.43,BAJO,21145528320.0,5.67,8.45,1.21,19.73,4.09,26.9,19.28,0.39,7.4,2.28,0.66,,YAHOO,1.2561,1.4372,1.1353,0.057369,3.9063,-0.6476,81.2,2026-10-27,36,,,yahoo,1.0,1.0,1.0,1.0,1.0,0.0,0.0,1.0,0.0,-1.2321,-1.7584,-29.244,-22.1497,27.8444,62.1208,74.78,80.38,80.38,-26.0364,-31.1893,-31.1893
EL,93.43000030517578,93.43,2026-09-18,False,93.0,94.6500015258789,-0.46,6.12,BAJO,34855673856.0,192.68,24.62,9.16,4.75,5.23,7.0,1.21,5.2,16.54,2.43,1.22,,YAHOO,1.2561,1.4372,1.1353,0.057369,3.9063,-0.6476,81.2,2026-11-02,42,,,yahoo,1.0,1.0,1.0,1.0,1.0,0.0,0.0,1.0,1.0,-3.7994,-7.3666,13.8125,10.5381,12.476,45.2625,105.8504,105.8504,118.3745,-11.734,-11.734,-21.0726
EME,750.0900268554688,750.09,2026-09-18,False,729.9099731445312,754.739990234375,2.86,17.94,BAJO,33422514176.0,23.6,20.62,8.22,40.35,12.03,10.62,7.74,2.93,16.6,0.13,1.28,,YAHOO,1.2561,1.4372,1.1353,0.057369,3.9063,-0.6476,81.2,2026-10-29,38,,,yahoo,1.0,1.0,1.0,1.0,0.0,0.0,1.0,1.0,0.0,-3.9159,1.183,-1.339,-10.2933,34.1972,55.9149,780.66,862.54,943.2628,-3.9159,-13.0371,-20.4792
EMR,149.9199981689453,149.92,2026-09-18,False,147.1199951171875,149.99000549316406,1.71,13.87,BAJO,84629413888.0,33.2,20.94,4.15,12.8,6.9,26.92,13.83,4.38,15.89,0.68,0.9,,YAHOO,1.2561,1.4372,1.1353,0.057369,3.9063,-0.6476,81.2,2026-11-04,44,,,yahoo,1.0,1.0,1.0,1.0,0.0,0.0,1.0,1.0,1.0,-1.4916,-0.1931,8.0198,-0.1537,20.8469,29.1038,158.29,163.8244,163.8244,-5.2878,-8.4874,-8.4874
EOG,144.22999572753906,144.23,2026-09-18,False,143.88999938964844,145.67999267578125,-0.85,24.57,BAJO,74157940736.0,11.0,9.54,2.33,22.51,11.02,40.72,25.73,6.04,5.35,0.26,1.85,,YAHOO,1.2561,1.4372,1.1353,0.057369,3.9063,-0.6476,81.2,2026-11-05,45,,,yahoo,1.0,0.0,1.0,1.0,0.0,0.0,1.0,0.0,0.0,-2.1241,-1.1853,0.5507,11.7867,60.88,34.5672,153.74,153.74,153.74,-6.1858,-6.1858,-6.1858
EPAM,114.0,114.0,2026-09-18,False,113.20999908447266,116.81999969482422,-2.65,-28.43,BAJO,5836035072.0,15.37,8.05,1.66,11.18,8.45,10.94,7.15,11.14,6.9,0.04,2.75,,YAHOO,1.2561,1.4372,1.1353,0.057369,3.9063,-0.6476,81.2,2026-11-05,45,,,yahoo,1.0,0.0,1.0,1.0,1.0,0.0,1.0,0.0,1.0,-3.3161,-4.9049,27.774,48.7474,38.5393,56.6802,123.61,123.61,221.4,-7.7745,-7.7745,-48.5095
EQIX,1021.3400268554688,1021.34,2026-09-18,False,1014.3499755859375,1030.4200439453125,-0.45,31.28,BAJO,104321630208.0,68.12,56.78,7.25,10.73,3.68,27.02,15.48,3.62,27.91,1.62,1.13,,YAHOO,1.2561,1.4372,1.1353,0.057369,3.9063,-0.6476,81.2,2026-10-28,37,,,yahoo,1.0,1.0,1.0,1.0,0.0,0.0,0.0,1.0,0.0,-1.5785,-1.8725,-0.1615,-6.0401,10.7419,28.5283,1079.61,1096.8591,1110.6332,-5.3973,-6.885,-8.0398
EQT,50.0,50.0,2026-09-18,False,49.90999984741211,50.52000045776367,-0.7,0.86,BAJO,31357118464.0,11.63,13.14,1.24,11.08,6.63,23.37,29.18,7.85,5.79,0.2,0.67,,YAHOO,1.2561,1.4372,1.1353,0.057369,3.9063,-0.6476,81.2,2026-10-20,29,,,yahoo,1.0,1.0,1.0,1.0,1.0,1.0,0.0,1.0,1.0,-7.5273,-10.0881,0.7165,-1.1104,38.1167,29.5498,55.75,55.75,67.5273,-10.3139,-10.3139,-25.9559
ERIE,239.0500030517578,239.05,2026-09-18,False,238.80999755859375,244.2899932861328,-2.19,-25.19,BAJO,12337794048.0,21.41,16.84,5.0,24.81,14.15,19.1,14.01,3.9,14.49,0.03,1.25,,YAHOO,1.2561,1.4372,1.1353,0.057369,3.9063,-0.6476,81.2,2026-10-29,38,,,yahoo,1.0,0.0,1.0,1.0,0.0,0.0,1.0,0.0,0.0,-2.4405,-7.4776,10.7636,8.7175,12.3037,49.0805,268.64,268.64,324.5125,-11.0147,-11.0147,-26.3357
ES,67.72000122070312,67.72,2026-09-18,False,67.66999816894531,68.66999816894531,-1.84,9.3,BAJO,25195773952.0,17.37,13.61,1.54,9.02,3.3,23.92,10.35,3.22,10.81,1.81,0.8,,YAHOO,1.2561,1.4372,1.1353,0.057369,3.9063,-0.6476,81.2,2026-11-04,44,,,yahoo,1.0,1.0,1.0,1.0,1.0,0.0,0.0,1.0,1.0,-1.1675,-5.247,-7.2964,-2.6872,28.403,19.6943,71.67,75.39,75.39,-5.5114,-10.1738,-10.1738
ESS,270.04998779296875,270.05,2026-09-18,False,268.0299987792969,272.1099853515625,-0.28,2.97,BAJO,18707697664.0,42.21,43.08,3.28,7.71,2.96,33.98,20.89,5.58,19.76,1.22,0.25,,YAHOO,1.2561,1.4372,1.1353,0.057369,3.9063,-0.6476,81.2,2026-10-27,36,,,yahoo,1.0,0.0,1.0,1.0,0.0,1.0,0.0,0.0,1.0,-1.048,-3.0863,-8.1494,-0.4661,12.876,20.5112,293.61,298.33,298.33,-8.0242,-9.4794,-9.4794
ETN,424.7699890136719,424.77,2026-09-18,False,410.92999267578125,425.3399963378906,3.74,14.12,BAJO,169121005568.0,44.39,26.99,8.35,19.68,7.05,16.56,12.75,1.84,28.59,1.05,1.24,,YAHOO,1.2561,1.4372,1.1353,0.057369,3.9063,-0.6476,81.2,2026-11-03,43,,,yahoo,1.0,1.0,1.0,1.0,1.0,0.0,1.0,0.0,1.0,-0.1411,6.9626,5.6744,0.9591,27.6261,47.8941,425.37,459.96,459.96,-0.1411,-7.6507,-7.6507
ETR,102.01000213623047,102.01,2026-09-18,False,101.6500015258789,103.18000030517578,-1.26,17.47,BAJO,48532635648.0,25.98,19.9,2.6,10.25,2.68,24.46,13.33,-9.07,14.17,1.87,0.91,,YAHOO,1.2561,1.4372,1.1353,0.057369,3.9063,-0.6476,81.2,2026-10-29,38,,,yahoo,1.0,1.0,1.0,1.0,1.0,1.0,0.0,0.0,0.0,-3.152,-5.3535,-8.5556,-7.642,15.1351,18.3041,108.53,115.6397,116.6636,-6.0076,-11.7863,-12.5605
EVRG,79.77999877929688,79.78,2026-09-18,False,79.6500015258789,80.80000305175781,-1.31,14.26,BAJO,18274754560.0,20.17,17.36,1.79,9.25,2.91,25.24,15.19,-7.9,12.25,1.61,0.36,,YAHOO,1.2561,1.4372,1.1353,0.057369,3.9063,-0.6476,81.2,2026-11-05,45,,,yahoo,1.0,0.0,1.0,1.0,0.0,0.0,0.0,1.0,0.0,-2.2544,-2.6242,-5.2683,-2.4895,13.9367,15.8184,82.24,87.4002,87.4002,-2.9912,-8.7188,-8.7188
EW,88.26000213623047,88.26,2026-09-18,False,87.47000122070312,88.7699966430664,0.01,16.83,BAJO,50919174144.0,52.58,26.16,4.8,9.18,8.37,29.84,15.43,2.42,23.78,0.07,4.52,,YAHOO,1.2561,1.4372,1.1353,0.057369,3.9063,-0.6476,81.2,2026-10-29,38,,,yahoo,1.0,0.0,1.0,1.0,1.0,0.0,1.0,0.0,1.0,4.6106,-1.693,4.3879,1.0302,36.4464,23.9577,90.87,95.18,95.18,-2.8722,-7.2704,-7.2704
EXC,42.06999969482422,42.07,2026-09-18,False,42.0099983215332,42.540000915527344,-1.34,-0.39,BAJO,43250061312.0,15.43,13.82,1.46,9.71,2.81,16.59,10.99,-6.21,11.27,1.77,1.09,,YAHOO,1.2561,1.4372,1.1353,0.057369,3.9063,-0.6476,81.2,2026-11-03,43,,,yahoo,1.0,1.0,1.0,1.0,0.0,1.0,0.0,1.0,0.0,-2.5255,-4.6248,-7.4513,-7.2897,16.5,19.2408,44.11,47.4284,49.3516,-4.6248,-11.2979,-14.7545
EXPD,190.94000244140625,190.94,2026-09-18,False,186.72000122070312,191.02000427246094,0.98,53.96,BAJO,24977696768.0,27.97,24.24,11.79,42.67,15.23,10.71,7.63,3.19,19.4,0.27,1.57,,YAHOO,1.2561,1.4372,1.1353,0.057369,3.9063,-0.6476,81.2,2026-11-03,43,,,yahoo,1.0,0.0,1.0,1.0,1.0,1.0,1.0,1.0,1.0,-0.8619,2.036,6.9213,18.361,23.9279,24.6231,193.9,193.9,193.9,-1.5266,-1.5266,-1.5266
EXPE,279.3500061035156,279.35,2026-09-18,False,276.67999267578125,287.489990234375,-1.83,25.25,BAJO,33728604160.0,17.67,11.49,27.89,89.49,6.11,18.98,12.97,10.18,11.61,2.3,0.8,,YAHOO,1.2561,1.4372,1.1353,0.057369,3.9063,-0.6476,81.2,2026-11-05,45,,,yahoo,1.0,0.0,1.0,1.0,1.0,1.0,1.0,1.0,0.0,-0.527,-7.8479,5.591,16.1281,28.2804,44.6755,338.6418,338.6418,338.6418,-17.5087,-17.5087,-17.5087
EXR,136.7100067138672,136.71,2026-09-18,False,136.7100067138672,139.5399932861328,-1.67,-1.23,BAJO,30337773568.0,30.34,28.57,2.19,6.95,3.36,45.88,27.28,4.94,18.9,1.02,0.89,,YAHOO,1.2561,1.4372,1.1353,0.057369,3.9063,-0.6476,81.2,2026-10-28,37,,,yahoo,1.0,1.0,1.0,1.0,0.0,1.0,1.0,0.0,1.0,0.4922,-1.8886,-4.9691,-4.8253,23.9008,20.4432,145.1039,151.0737,151.0737,-5.7847,-9.5077,-9.5077
FANG,192.4199981689453,192.42,2026-09-18,False,191.9600067138672,196.94000244140625,-2.3,38.55,BAJO,52999344128.0,36.05,10.14,1.4,3.49,1.31,48.47,9.03,9.5,6.05,0.29,0.47,,YAHOO,1.2561,1.4372,1.1353,0.057369,3.9063,-0.6476,81.2,2026-11-02,42,,,yahoo,1.0,0.0,1.0,1.0,0.0,0.0,1.0,0.0,1.0,-6.1228,-5.1838,-3.1633,5.4385,76.3807,37.2101,211.53,211.53,211.53,-9.0342,-9.0342,-9.0342
FAST,49.0099983215332,49.01,2026-09-18,False,48.56999969482422,49.290000915527344,-0.35,4.48,BAJO,56973258752.0,42.44,35.39,14.0,34.33,21.52,21.02,15.45,1.61,29.27,0.11,4.18,,YAHOO,1.2561,1.4372,1.1353,0.057369,3.9063,-0.6476,81.2,2026-10-14,23,,,yahoo,1.0,1.0,1.0,1.0,1.0,1.0,0.0,0.0,1.0,-0.6286,-0.4469,9.4844,7.3849,7.2123,22.8139,51.28,52.38,52.38,-4.4267,-6.4338,-6.4338
FDS,283.8299865722656,283.83,2026-09-18,False,273.4599914550781,286.67999267578125,1.79,-5.65,BAJO,10104171520.0,18.72,14.4,5.0,27.03,11.08,30.54,23.21,6.15,12.19,0.77,0.68,,YAHOO,1.2561,1.4372,1.1353,0.057369,3.9063,-0.6476,81.2,2026-09-30,9,,,yahoo,1.0,1.0,1.0,1.0,0.0,1.0,1.0,0.0,0.0,9.2873,-9.3079,15.3673,28.7449,14.4722,53.3487,313.55,313.55,313.55,-9.4786,-9.4786,-9.4786
FE,45.2599983215332,45.26,2026-09-18,False,45.13999938964844,45.599998474121094,-1.03,6.84,BAJO,26021439488.0,24.05,15.25,2.01,9.49,3.68,19.3,6.94,-7.74,10.41,2.01,0.54,,YAHOO,1.2561,1.4372,1.1353,0.057369,3.9063,-0.6476,81.2,2026-10-21,30,,,yahoo,1.0,0.0,1.0,1.0,0.0,1.0,0.0,0.0,1.0,-1.886,-3.784,-5.541,-1.5959,14.4068,16.3707,47.04,49.43,50.8757,-3.784,-8.4361,-11.0381
FFIV,432.0299987792969,432.03,2026-09-18,False,423.82000732421875,439.8299865722656,-0.6,28.64,BAJO,25487896576.0,35.92,24.9,6.63,19.83,7.98,24.65,21.95,2.81,26.14,0.07,1.67,,YAHOO,1.2561,1.4372,1.1353,0.057369,3.9063,-0.6476,81.2,2026-10-26,35,,,yahoo,1.0,1.0,1.0,1.0,0.0,1.0,1.0,1.0,0.0,4.9355,10.1696,5.698,12.0729,46.6267,37.911,434.62,434.62,434.62,-0.5959,-0.5959,-0.5959
FICO,949.6799926757812,949.68,2026-09-18,False,941.8200073242188,970.4600219726562,-1.72,-39.17,BAJO,19967447040.0,26.74,17.41,-4.87,,39.98,53.79,34.05,3.88,20.04,,1.18,,YAHOO,1.2561,1.4372,1.1353,0.057369,3.9063,-0.6476,81.2,2026-11-04,44,,,yahoo,1.0,1.0,1.0,1.0,0.0,0.0,1.0,1.0,1.0,-3.6239,-15.1261,-22.6229,-13.3883,20.8079,66.698,1172.67,1373.08,1879.55,-19.0156,-30.8358,-49.473
FIS,35.619998931884766,35.62,2026-09-18,False,35.529998779296875,36.45000076293945,-2.22,-45.74,BAJO,18147690496.0,5.41,5.25,1.13,22.35,4.28,20.67,27.65,14.62,10.97,1.33,0.54,,YAHOO,1.2561,1.4372,1.1353,0.057369,3.9063,-0.6476,81.2,2026-11-04,44,,,yahoo,1.0,0.0,1.0,1.0,1.0,0.0,1.0,0.0,1.0,-6.6072,-14.7787,-13.344,-5.7012,9.1049,38.1601,41.7971,46.2753,66.0466,-14.7787,-23.0259,-46.0684
FITB,52.90999984741211,52.91,2026-09-18,False,52.720001220703125,53.59000015258789,-0.68,16.64,BAJO,48346443776.0,17.95,10.8,1.5,8.44,0.92,39.08,23.24,,,,,,YAHOO,1.2561,1.4372,1.1353,0.057369,3.9063,-0.6476,81.2,2026-10-19,28,,,yahoo,1.0,1.0,1.0,1.0,1.0,0.0,1.0,0.0,1.0,-3.3078,-3.7475,-8.2379,1.0341,39.7246,21.3563,55.1,59.37,59.37,-3.9746,-10.8809,-10.8809
FIX,1651.3699951171875,1651.37,2026-09-18,False,1581.0,1679.8199462890625,4.92,105.44,BAJO,57457905664.0,40.19,27.13,17.83,55.29,17.04,17.06,12.78,3.21,27.88,0.11,1.21,,YAHOO,1.2561,1.4372,1.1353,0.057369,3.9063,-0.6476,81.2,2026-10-22,31,,,yahoo,1.0,1.0,1.0,1.0,0.0,1.0,1.0,1.0,0.0,-2.3332,4.5045,-6.8387,-16.0203,41.7306,61.5024,1690.8199,2016.5256,2065.4404,-2.3332,-18.1082,-20.0476
FOX,57.7400016784668,57.74,2026-09-18,False,57.05500030517578,58.28499984741211,-1.18,6.43,BAJO,24414904320.0,15.08,10.08,2.09,14.29,9.5,25.21,9.84,2.27,7.17,0.64,3.17,,YAHOO,1.2561,1.4372,1.1353,0.057369,3.9063,-0.6476,81.2,2026-10-29,38,,,yahoo,1.0,0.0,1.0,1.0,0.0,1.0,1.0,0.0,1.0,-1.2147,-4.5146,12.7357,23.5891,5.9085,34.5502,62.382,62.382,67.0667,-7.4413,-7.4413,-13.9066
FOXA,64.44999694824219,64.45,2026-09-18,False,63.56999969482422,64.9000015258789,-0.82,7.15,BAJO,27320233984.0,16.87,11.1,2.34,14.29,9.5,25.21,9.84,2.03,7.92,0.64,3.17,,YAHOO,1.2561,1.4372,1.1353,0.057369,3.9063,-0.6476,81.2,2026-10-29,38,,,yahoo,1.0,0.0,1.0,1.0,0.0,1.0,1.0,0.0,1.0,-2.2596,-4.8147,12.4453,23.9417,8.6993,34.6986,70.0207,70.0207,75.4053,-7.9557,-7.9557,-14.5286
FRT,110.91000366210938,110.91,2026-09-18,False,110.6500015258789,111.83999633789062,-0.76,13.89,BAJO,9671090176.0,22.35,34.68,3.0,12.55,3.26,35.03,32.66,4.72,17.62,1.34,0.56,,YAHOO,1.2561,1.4372,1.1353,0.057369,3.9063,-0.6476,81.2,2026-10-30,39,,,yahoo,1.0,1.0,1.0,1.0,0.0,0.0,0.0,0.0,0.0,-3.0168,-5.3346,-11.6888,-7.0233,5.7904,14.3144,117.94,127.13,127.13,-5.9607,-12.7586,-12.7586
FTNT,169.83999633789062,169.84,2026-09-18,False,166.08999633789062,172.94000244140625,-1.59,108.14,BAJO,128568639488.0,61.7,46.38,82.89,117.44,14.17,33.6,28.17,1.76,48.18,0.36,1.28,,YAHOO,1.2561,1.4372,1.1353,0.057369,3.9063,-0.6476,81.2,2026-11-04,44,,,yahoo,1.0,0.0,1.0,1.0,1.0,0.0,1.0,0.0,1.0,8.823,8.6211,7.4257,17.3495,19.469,46.2113,172.78,172.78,172.78,-1.7016,-1.7016,-1.7016
FTV,55.0,55.0,2026-09-18,False,54.380001068115234,55.099998474121094,-0.13,11.57,BAJO,16638119936.0,29.15,16.96,2.75,7.32,3.29,19.14,12.38,5.64,16.09,0.59,1.24,,YAHOO,1.2561,1.4372,1.1353,0.057369,3.9063,-0.6476,81.2,2026-10-28,37,,,yahoo,1.0,1.0,1.0,1.0,0.0,0.0,1.0,0.0,1.0,0.5668,-4.3478,-9.2353,-9.6819,28.2927,26.5799,60.3865,64.0121,64.0121,-8.92,-14.0787,-14.0787
GD,353.04998779296875,353.05,2026-09-18,False,349.8399963378906,355.7200012207031,-0.81,9.13,BAJO,95750184960.0,21.55,19.04,3.56,17.8,6.08,10.38,8.18,4.6,15.19,0.35,1.44,,YAHOO,1.2561,1.4372,1.1353,0.057369,3.9063,-0.6476,81.2,2026-10-28,37,,,yahoo,1.0,1.0,1.0,1.0,1.0,1.0,0.0,0.0,1.0,-0.8008,-3.504,-3.9921,1.3125,13.1516,18.4331,384.29,395.97,395.97,-8.1293,-10.8392,-10.8392
GDDY,97.45999908447266,97.46,2026-09-18,False,95.8030014038086,98.5,-0.7,-34.98,BAJO,13268879360.0,15.57,9.5,1976.79,442.86,9.88,27.06,17.83,9.08,11.54,573.34,0.63,,YAHOO,1.2561,1.4372,1.1353,0.057369,3.9063,-0.6476,81.2,2026-10-29,38,,,yahoo,1.0,0.0,1.0,1.0,0.0,0.0,1.0,0.0,1.0,-0.622,-5.9539,5.5676,26.5057,18.189,64.2988,104.47,105.1,147.83,-6.7101,-7.2693,-34.0729
GEHC,64.12999725341797,64.13,2026-09-18,False,63.88999938964844,64.69999694824219,-0.49,-14.74,BAJO,29273784320.0,14.93,11.98,2.67,19.38,5.13,14.98,9.33,5.37,10.57,0.94,1.26,,YAHOO,1.2561,1.4372,1.1353,0.057369,3.9063,-0.6476,81.2,2026-10-28,37,,,yahoo,1.0,0.0,1.0,0.0,0.0,1.0,1.0,0.0,0.0,0.3128,-8.0178,3.4272,4.1829,16.8803,38.2216,74.82,74.82,88.0324,-14.2876,-14.2876,-27.1518
GIS,36.31999969482422,36.32,2026-09-18,False,36.290000915527344,36.95000076293945,-0.93,-24.17,BAJO,18931228672.0,,11.11,3.42,-1.03,5.74,16.12,-0.47,12.19,9.39,1.89,0.68,,YAHOO,1.2561,1.4372,1.1353,0.057369,3.9063,-0.6476,81.2,2026-09-23,2,2026-09-15,6.0,yahoo,0.0,0.0,1.0,1.0,0.0,1.0,1.0,0.0,1.0,1.311,-7.4885,-2.2342,10.5586,11.1182,37.1206,41.55,41.55,48.1163,-12.5872,-12.5872,-24.5162
GNRC,207.44000244140625,207.44,2026-09-18,False,201.5800018310547,214.85000610351562,0.1,11.15,BAJO,12105744384.0,47.01,16.47,4.2,9.49,4.72,17.93,5.82,2.39,20.8,0.49,2.04,,YAHOO,1.2561,1.4372,1.1353,0.057369,3.9063,-0.6476,81.2,2026-10-28,37,,,yahoo,1.0,0.0,1.0,1.0,1.0,1.0,1.0,0.0,0.0,10.9364,13.3428,-3.7892,-25.6887,148.3785,62.9898,207.44,295.16,295.54,0.0,-29.7195,-29.8098
GOOG,344.4100036621094,344.41,2026-09-18,False,343.8699951171875,355.1300048828125,0.21,35.28,BAJO,4291117187072.0,17.6,23.58,6.89,48.68,12.96,34.03,54.77,0.53,24.18,0.19,2.72,,YAHOO,1.2561,1.4372,1.1353,0.057369,3.9063,-0.6476,81.2,2026-10-28,37,,,yahoo,1.0,0.0,1.0,1.0,0.0,1.0,1.0,1.0,0.0,2.671,1.6379,-0.4496,-6.2119,17.2288,35.0594,345.71,375.1065,398.5413,-0.376,-8.1834,-13.5823
GPC,128.0800018310547,128.08,2026-09-18,False,127.58000183105469,130.44000244140625,-2.14,-5.32,BAJO,17432367104.0,486.35,15.23,3.85,0.71,4.48,6.56,0.13,5.26,11.47,1.46,1.16,,YAHOO,1.2561,1.4372,1.1353,0.057369,3.9063,-0.6476,81.2,2026-10-20,29,,,yahoo,1.0,0.0,1.0,1.0,1.0,0.0,1.0,1.0,0.0,-4.1891,-6.2077,8.3588,18.7461,17.7226,38.2159,138.4126,138.4126,145.181,-7.465,-7.465,-11.7791
GPN,85.05999755859375,85.06,2026-09-18,False,84.13999938964844,85.66000366210938,-0.4,-1.45,BAJO,22569302016.0,40.42,5.33,0.98,2.43,2.33,16.11,-9.15,34.86,9.28,0.98,0.82,,YAHOO,1.2561,1.4372,1.1353,0.057369,3.9063,-0.6476,81.2,2026-11-03,43,,,yahoo,1.0,0.0,1.0,1.0,0.0,1.0,1.0,0.0,0.0,-3.6584,-7.0493,6.5328,27.5431,15.8011,39.9822,94.0338,94.5623,94.5623,-9.5431,-10.0487,-10.0487
GWW,1266.6099853515625,1266.61,2026-09-18,False,1252.0999755859375,1270.6400146484375,0.32,25.48,BAJO,60185116672.0,32.55,25.03,14.57,46.09,19.93,16.07,9.92,2.07,19.52,0.62,2.81,,YAHOO,1.2561,1.4372,1.1353,0.057369,3.9063,-0.6476,81.2,2026-11-04,44,,,yahoo,1.0,0.0,1.0,1.0,0.0,1.0,1.0,0.0,1.0,-1.0461,-3.5214,-6.7954,-7.0548,10.1132,21.4886,1335.39,1399.2974,1399.2974,-5.1506,-9.4824,-9.4824
HAS,87.56999969482422,87.57,2026-09-18,False,87.0199966430664,88.80000305175781,-1.34,19.15,BAJO,12372420608.0,15.61,13.47,17.57,159.56,13.08,22.16,15.97,5.56,11.46,5.31,1.66,,YAHOO,1.2561,1.4372,1.1353,0.057369,3.9063,-0.6476,81.2,2026-10-22,31,,,yahoo,0.0,0.0,1.0,1.0,1.0,0.0,0.0,0.0,1.0,-4.3369,-5.8387,-0.6228,4.115,5.6444,31.9815,96.74,96.74,103.5827,-9.479,-9.479,-15.4588
HBAN,15.880000114440918,15.88,2026-09-18,False,15.6899995803833,15.9399995803833,0.0,-9.28,BAJO,32407455744.0,12.34,8.84,1.09,9.0,0.98,41.93,26.13,,,,,,YAHOO,1.2561,1.4372,1.1353,0.057369,3.9063,-0.6476,81.2,2026-10-22,31,,,yahoo,1.0,1.0,1.0,1.0,1.0,0.0,0.0,0.0,0.0,-4.8806,-5.9957,-11.7384,-4.8806,48.5883,24.5892,16.8928,18.3782,18.72,-5.9957,-13.5931,-15.1709
HCA,427.7099914550781,427.71,2026-09-18,False,425.3699951171875,436.1400146484375,-0.31,5.81,BAJO,92223143936.0,14.29,13.3,-13.98,,12.29,15.16,8.77,4.05,9.28,,0.99,,YAHOO,1.2561,1.4372,1.1353,0.057369,3.9063,-0.6476,81.2,2026-10-23,32,,,yahoo,1.0,1.0,1.0,1.0,0.0,0.0,1.0,1.0,1.0,0.3651,4.7162,14.8513,14.2145,16.5883,36.5893,430.43,430.43,542.2319,-0.6319,-0.6319,-21.1205
HIG,131.88999938964844,131.89,2026-09-18,False,131.16000366210938,132.77999877929688,-0.94,0.6,BAJO,35411095552.0,9.03,9.56,1.84,22.06,3.85,17.61,14.89,15.55,6.47,0.22,1.77,,YAHOO,1.2561,1.4372,1.1353,0.057369,3.9063,-0.6476,81.2,2026-10-29,38,,,yahoo,1.0,1.0,1.0,1.0,1.0,0.0,1.0,0.0,1.0,-3.2781,-5.7929,-6.6991,3.2893,3.687,20.5672,140.0,145.0437,145.0437,-5.7929,-9.0688,-9.0688
HII,272.8599853515625,272.86,2026-09-18,False,270.1499938964844,277.1400146484375,-1.54,-0.58,BAJO,10879609856.0,16.45,13.25,2.05,12.97,4.28,7.08,5.01,-2.76,11.8,0.55,1.23,,YAHOO,1.2561,1.4372,1.1353,0.057369,3.9063,-0.6476,81.2,2026-10-29,38,,,yahoo,1.0,1.0,1.0,1.0,1.0,1.0,0.0,1.0,1.0,-2.442,-6.1466,1.999,-3.9581,9.7256,40.6597,296.8158,329.2744,449.6816,-8.0709,-17.1329,-39.3215
HLT,305.7300109863281,305.73,2026-09-18,False,302.1099853515625,305.7900085449219,1.05,13.47,BAJO,69112930304.0,45.03,29.37,-11.0,,11.03,62.99,31.03,2.02,26.61,,0.65,,YAHOO,1.2561,1.4372,1.1353,0.057369,3.9063,-0.6476,81.2,2026-10-28,37,,,yahoo,1.0,0.0,1.0,1.0,0.0,0.0,1.0,1.0,1.0,-0.1502,-2.7422,-5.5784,-12.3182,15.4293,23.0046,332.56,340.9648,350.0606,-8.0677,-10.3338,-12.6637
HPE,60.7599983215332,60.76,2026-09-18,False,59.64500045776367,61.779998779296875,-0.46,143.5,BAJO,81970954240.0,31.83,13.43,3.09,10.94,2.64,12.56,6.67,5.78,13.95,0.76,1.11,,YAHOO,1.2561,1.4372,1.1353,0.057369,3.9063,-0.6476,81.2,2026-12-02,72,2026-09-02,19.0,finnhub,1.0,0.0,1.0,1.0,0.0,0.0,0.0,0.0,1.0,-1.8945,11.8914,30.3803,28.4828,59.7321,69.6653,61.9333,61.9333,61.9333,-1.8945,-1.8945,-1.8945
HRL,20.829999923706055,20.83,2026-09-18,False,20.639999389648438,21.110000610351562,0.34,-13.73,BAJO,11260176384.0,33.0,13.17,1.44,4.29,4.63,8.62,2.82,5.52,10.48,0.36,1.88,,YAHOO,1.2561,1.4372,1.1353,0.057369,3.9063,-0.6476,81.2,2026-12-02,72,2026-08-27,25.0,finnhub,1.0,0.0,1.0,1.0,0.0,1.0,0.0,0.0,1.0,1.264,-3.9207,-17.045,-12.7494,7.5996,30.6142,24.09,26.1959,26.1959,-13.5326,-20.4838,-20.4838
HSIC,84.83999633789062,84.84,2026-09-18,False,84.41000366210938,85.95999908447266,-0.24,22.2,BAJO,9495244800.0,24.84,14.2,3.02,8.85,4.39,5.76,2.96,4.7,13.63,0.81,1.32,,YAHOO,1.2561,1.4372,1.1353,0.057369,3.9063,-0.6476,81.2,2026-11-03,43,,,yahoo,1.0,0.0,1.0,1.0,0.0,0.0,1.0,0.0,0.0,-3.9837,-6.6256,-1.188,6.1562,12.375,19.409,90.86,90.86,90.86,-6.6256,-6.6256,-6.6256
HUBB,446.9200134277344,446.92,2026-09-18,False,443.5199890136719,449.2900085449219,0.83,1.22,BAJO,24170373120.0,27.09,19.97,6.18,24.44,8.43,21.67,14.49,2.05,19.36,1.42,1.61,,YAHOO,1.2561,1.4372,1.1353,0.057369,3.9063,-0.6476,81.2,2026-10-27,36,,,yahoo,1.0,0.0,1.0,1.0,0.0,0.0,1.0,1.0,0.0,-2.9279,-2.8751,-6.5895,-14.395,13.271,33.5233,471.0005,534.384,554.4603,-5.1126,-16.3673,-19.3955
HUM,386.2200012207031,386.22,2026-09-18,False,380.0400085449219,386.2200012207031,0.44,46.36,BAJO,45460000768.0,35.78,22.85,2.37,6.89,3.9,3.46,0.88,4.27,10.12,0.76,1.74,,YAHOO,1.2561,1.4372,1.1353,0.057369,3.9063,-0.6476,81.2,2026-11-06,46,,,yahoo,1.0,0.0,1.0,0.0,0.0,0.0,1.0,0.0,1.0,-5.754,-4.9936,-4.4814,7.3426,27.5851,33.8416,409.8,409.8,409.8,-5.754,-5.754,-5.754
ICE,155.47000122070312,155.47,2026-09-18,False,152.0800018310547,156.0500030517578,1.42,-9.51,BAJO,87223861248.0,21.91,17.65,2.95,14.09,2.17,52.63,38.25,4.17,15.9,0.69,1.01,,YAHOO,1.2561,1.4372,1.1353,0.057369,3.9063,-0.6476,81.2,2026-10-29,38,,,yahoo,1.0,1.0,1.0,1.0,0.0,1.0,1.0,1.0,1.0,-0.8977,-5.2269,12.4879,16.5125,19.1955,23.9895,164.0445,164.0445,173.314,-5.2269,-5.2269,-10.2958
IDXX,511.6499938964844,511.65,2026-09-18,False,505.2099914550781,516.4299926757812,1.02,-23.51,BAJO,40595910656.0,36.24,30.78,25.2,74.21,27.08,34.98,25.03,2.24,25.59,0.68,1.17,,YAHOO,1.2561,1.4372,1.1353,0.057369,3.9063,-0.6476,81.2,2026-11-02,42,,,yahoo,1.0,1.0,1.0,1.0,1.0,0.0,1.0,1.0,1.0,1.3771,-3.3328,-7.387,-8.9737,16.6542,28.9297,559.51,595.76,766.68,-8.5539,-14.1181,-33.2642
IEX,223.72000122070312,223.72,2026-09-18,False,220.94000244140625,223.8699951171875,0.82,38.53,BAJO,16404888576.0,31.97,23.12,4.11,12.96,6.84,22.17,14.49,3.39,18.26,0.47,3.05,,YAHOO,1.2561,1.4372,1.1353,0.057369,3.9063,-0.6476,81.2,2026-10-28,37,,,yahoo,1.0,0.0,1.0,1.0,1.0,1.0,1.0,1.0,1.0,-0.2185,0.2779,1.1438,-0.2125,9.3665,18.1427,234.89,240.52,240.52,-4.7554,-6.9849,-6.9849
INCY,125.30999755859375,125.31,2026-09-18,False,125.2300033569336,128.72000122070312,-1.81,44.14,BAJO,25266274304.0,15.9,14.03,3.95,30.67,16.83,41.9,27.71,4.67,10.69,0.01,4.59,,YAHOO,1.2561,1.4372,1.1353,0.057369,3.9063,-0.6476,81.2,2026-10-27,36,,,yahoo,1.0,1.0,1.0,1.0,1.0,1.0,0.0,1.0,0.0,3.1613,-2.1016,6.7467,27.5809,33.2163,33.5812,129.72,129.93,129.93,-3.3996,-3.5558,-3.5558
INTU,303.19000244140625,303.19,2026-09-18,False,300.6700134277344,313.3800048828125,-3.17,-56.14,BAJO,81271808000.0,18.48,11.23,4.3,23.6,10.47,17.64,21.29,7.82,12.04,0.44,1.51,,YAHOO,1.2561,1.4372,1.1353,0.057369,3.9063,-0.6476,81.2,2026-11-19,59,2026-08-25,27.0,yahoo,1.0,1.0,1.0,1.0,0.0,1.0,1.0,1.0,1.0,-5.7157,-11.9402,4.5771,14.0573,12.9476,47.4775,369.92,369.92,694.2903,-18.039,-18.039,-56.3309
INVH,26.90999984741211,26.91,2026-09-18,False,26.84000015258789,27.239999771118164,-0.88,-6.37,BAJO,15994077184.0,24.84,38.09,1.77,7.05,2.48,25.11,23.2,7.31,16.33,0.94,0.43,,YAHOO,1.2561,1.4372,1.1353,0.057369,3.9063,-0.6476,81.2,2026-10-28,37,,,yahoo,1.0,1.0,1.0,1.0,0.0,1.0,1.0,0.0,1.0,-2.2876,-5.413,-9.8492,-4.3113,12.1133,17.2892,30.46,30.59,30.59,-11.6546,-12.0301,-12.0301
IQV,266.4200134277344,266.42,2026-09-18,False,264.8800048828125,269.45001220703125,-1.12,38.51,BAJO,44422250496.0,33.53,18.66,7.2,22.82,5.06,13.03,8.1,4.84,19.27,2.58,0.71,,YAHOO,1.2561,1.4372,1.1353,0.057369,3.9063,-0.6476,81.2,2026-11-03,43,,,yahoo,1.0,0.0,1.0,1.0,1.0,0.0,1.0,0.0,0.0,1.7764,-1.9144,32.1397,58.8007,17.5177,40.6153,271.62,271.62,271.62,-1.9144,-1.9144,-1.9144
IR,71.83000183105469,71.83,2026-09-18,False,71.55999755859375,72.78299713134766,-1.13,-13.38,BAJO,28056238080.0,29.88,18.46,2.76,9.47,5.1,16.88,12.08,3.95,15.81,0.48,1.62,,YAHOO,1.2561,1.4372,1.1353,0.057369,3.9063,-0.6476,81.2,2026-10-29,38,,,yahoo,1.0,0.0,1.0,1.0,1.0,0.0,1.0,0.0,1.0,-1.5083,-4.7347,-11.1904,-7.7821,19.7086,29.629,80.51,89.9788,98.6875,-10.7813,-20.17,-27.2147
IRM,114.33999633789062,114.34,2026-09-18,False,112.61000061035156,114.7300033569336,0.3,17.91,BAJO,34798481408.0,82.9,42.85,-27.16,,4.63,19.06,5.54,-1.25,21.53,,0.73,,YAHOO,1.2561,1.4372,1.1353,0.057369,3.9063,-0.6476,81.2,2026-11-04,44,,,yahoo,1.0,0.0,1.0,1.0,0.0,1.0,0.0,0.0,0.0,0.042,0.2161,-8.2284,-9.8581,10.9552,30.5888,121.744,131.4189,132.0341,-6.0816,-12.9958,-13.4012
IT,185.77999877929688,185.78,2026-09-18,False,183.4199981689453,189.38999938964844,-1.08,-28.14,BAJO,11576470528.0,16.47,11.21,-70.56,113.58,10.17,22.62,12.0,9.09,9.7,,0.88,,YAHOO,1.2561,1.4372,1.1353,0.057369,3.9063,-0.6476,81.2,2026-11-03,43,,,yahoo,1.0,0.0,1.0,1.0,0.0,0.0,1.0,1.0,1.0,3.4467,-4.9524,37.8497,45.7212,10.4609,74.8099,202.78,202.78,264.09,-8.3835,-8.3835,-29.6528
ITW,269.4200134277344,269.42,2026-09-18,False,266.4200134277344,270.260009765625,0.71,3.23,BAJO,76189696000.0,24.21,21.57,26.33,104.62,16.92,26.9,19.39,3.19,17.7,3.35,1.11,,YAHOO,1.2561,1.4372,1.1353,0.057369,3.9063,-0.6476,81.2,2026-10-23,32,,,yahoo,1.0,0.0,1.0,1.0,1.0,0.0,1.0,0.0,0.0,0.4699,-0.8209,-0.9449,2.6361,7.9867,21.1968,285.51,297.32,297.32,-5.6355,-9.3838,-9.3838
IVZ,30.530000686645508,30.53,2026-09-18,False,29.90999984741211,30.6299991607666,1.03,37.51,BAJO,13854262272.0,,9.6,1.39,-0.57,2.92,19.95,-0.93,8.23,12.51,0.12,0.71,,YAHOO,1.2561,1.4372,1.1353,0.057369,3.9063,-0.6476,81.2,2026-10-27,36,,,yahoo,0.0,0.0,1.0,1.0,0.0,1.0,1.0,1.0,1.0,-5.4213,-6.6646,2.107,9.2189,28.109,33.066,33.31,33.31,33.31,-8.3458,-8.3458,-8.3458
JBHT,234.25,234.25,2026-09-18,False,232.92999267578125,237.75,-1.08,73.3,BAJO,22179891200.0,33.64,23.52,6.06,18.45,7.38,7.42,5.31,4.07,14.09,0.38,1.25,,YAHOO,1.2561,1.4372,1.1353,0.057369,3.9063,-0.6476,81.2,2026-10-15,24,,,yahoo,1.0,1.0,1.0,1.0,1.0,0.0,1.0,1.0,1.0,-13.3851,-12.0287,-19.9873,-13.4853,101.2042,42.8423,275.45,297.9075,297.9075,-14.9573,-21.3682,-21.3682
JBL,299.57000732421875,299.57,2026-09-18,False,295.0299987792969,302.0,1.23,32.75,BAJO,31820695552.0,37.96,18.04,24.06,65.88,5.01,5.21,2.57,3.81,14.35,2.97,0.98,,YAHOO,1.2561,1.4372,1.1353,0.057369,3.9063,-0.6476,81.2,2026-09-30,9,,,yahoo,1.0,0.0,1.0,1.0,1.0,0.0,1.0,0.0,0.0,-5.8193,-2.0757,-6.05,-19.427,14.8752,52.3216,318.08,385.3968,385.5467,-5.8193,-22.2697,-22.2999
JKHY,154.85000610351562,154.85,2026-09-18,False,153.97999572753906,156.8699951171875,-0.87,0.2,BAJO,10626267136.0,21.71,19.3,5.18,24.04,12.99,22.5,19.76,3.31,15.23,0.04,1.17,,YAHOO,1.2561,1.4372,1.1353,0.057369,3.9063,-0.6476,81.2,2026-11-03,43,,,yahoo,1.0,1.0,1.0,1.0,0.0,0.0,1.0,1.0,1.0,-3.8915,-7.6955,4.3741,23.119,62.2401,35.6618,172.991,172.991,190.3516,-10.4867,-10.4867,-18.6505
KEY,20.809999465942383,20.81,2026-09-18,False,20.700000762939453,21.010000228881836,-0.67,11.69,BAJO,22270973952.0,12.2,9.77,1.29,10.33,1.08,34.71,27.54,,,,,,YAHOO,1.2561,1.4372,1.1353,0.057369,3.9063,-0.6476,81.2,2026-10-20,29,,,yahoo,1.0,1.0,1.0,1.0,1.0,0.0,1.0,0.0,1.0,-4.7161,-5.9222,-8.4562,-6.9973,37.3558,21.3599,22.18,23.7624,23.7624,-6.1767,-12.4247,-12.4247
KEYS,335.0,335.0,2026-09-18,False,331.760009765625,336.5950012207031,1.07,87.48,BAJO,58228813824.0,46.22,24.66,8.86,20.9,7.23,25.68,19.14,3.21,34.39,0.42,2.02,,YAHOO,1.2561,1.4372,1.1353,0.057369,3.9063,-0.6476,81.2,2026-11-24,64,,,yahoo,1.0,1.0,1.0,1.0,0.0,0.0,1.0,0.0,0.0,-1.0749,3.8373,2.0999,-7.8835,25.6351,47.2038,338.64,361.15,373.34,-1.0749,-7.2408,-10.2695
KHC,24.43000030517578,24.43,2026-09-18,False,24.149999618530273,24.68000030517578,-1.21,-1.48,BAJO,28898525184.0,,11.67,0.8,-8.76,3.63,15.49,-13.64,11.25,8.26,0.53,1.06,,YAHOO,1.2561,1.4372,1.1353,0.057369,3.9063,-0.6476,81.2,2026-10-28,37,,,yahoo,0.0,0.0,1.0,1.0,0.0,1.0,1.0,0.0,1.0,-0.6911,-2.3581,-3.7589,8.7667,20.3861,31.7255,25.8468,27.1854,27.1854,-5.4815,-10.1355,-10.1355
KIM,22.530000686645508,22.53,2026-09-18,False,22.420000076293945,22.6299991607666,-0.18,4.91,BAJO,15119593472.0,26.21,25.61,1.47,5.81,2.37,36.56,27.76,5.76,17.59,0.85,0.97,,YAHOO,1.2561,1.4372,1.1353,0.057369,3.9063,-0.6476,81.2,2026-10-29,38,,,yahoo,1.0,1.0,1.0,1.0,1.0,0.0,1.0,1.0,1.0,-2.8461,-4.6954,-12.6557,-6.4936,12.3077,16.0179,23.9365,26.0712,26.0712,-5.8759,-13.5828,-13.5828
KMI,31.84000015258789,31.84,2026-09-18,False,31.15999984741211,32.189998626708984,1.69,18.13,BAJO,70634160128.0,20.46,20.51,2.23,10.99,4.45,30.06,19.3,1.52,13.65,0.99,0.46,,YAHOO,1.2561,1.4372,1.1353,0.057369,3.9063,-0.6476,81.2,2026-10-28,37,,,yahoo,1.0,1.0,1.0,1.0,0.0,1.0,0.0,0.0,1.0,3.1756,0.7595,-0.7486,1.7335,20.1004,21.8029,32.24,32.8826,33.9923,-1.2407,-3.1708,-6.3317
KR,60.0,60.0,2026-09-18,False,59.9900016784668,61.0,-1.23,-8.58,BAJO,35575238656.0,32.26,10.83,6.09,14.44,5.8,2.98,0.73,7.13,7.22,4.13,0.7,,YAHOO,1.2561,1.4372,1.1353,0.057369,3.9063,-0.6476,81.2,2026-12-03,73,2026-09-11,10.0,yahoo,1.0,0.0,1.0,1.0,1.0,0.0,1.0,1.0,1.0,2.5816,2.5466,4.5547,6.7156,28.1308,27.65,62.25,62.25,74.6913,-3.6145,-3.6145,-19.6694
KVUE,17.809999465942383,17.81,2026-09-18,False,17.760000228881836,17.969999313354492,-0.34,1.57,BAJO,33940068352.0,20.79,14.25,3.22,15.58,6.99,19.42,10.76,5.62,11.91,0.82,1.0,,YAHOO,1.2561,1.4372,1.1353,0.057369,3.9063,-0.6476,81.2,2026-11-05,45,,,yahoo,1.0,1.0,1.0,1.0,1.0,0.0,0.0,1.0,0.0,0.1687,-6.0158,-5.2682,-0.6152,5.3491,21.3221,19.43,19.6114,19.6114,-8.3376,-9.1855,-9.1855
L,107.7699966430664,107.77,2026-09-18,False,107.02999877929688,108.43000030517578,-0.54,9.75,BAJO,21822658560.0,13.1,36.81,1.14,9.31,1.91,14.53,9.02,5.78,7.81,0.45,0.51,,YAHOO,1.2561,1.4372,1.1353,0.057369,3.9063,-0.6476,81.2,2026-11-02,42,,,yahoo,1.0,1.0,1.0,1.0,1.0,0.0,1.0,0.0,1.0,-0.9376,-2.0629,-5.8989,0.5131,3.7595,14.2006,111.45,119.3331,119.3331,-3.3019,-9.6898,-9.6898
LDOS,127.69000244140625,127.69,2026-09-18,False,127.25,130.83999633789062,-2.5,-32.55,BAJO,16091865088.0,11.97,10.06,3.05,27.78,8.91,11.72,7.8,7.13,9.22,1.23,1.63,,YAHOO,1.2561,1.4372,1.1353,0.057369,3.9063,-0.6476,81.2,2026-11-03,43,,,yahoo,1.0,1.0,1.0,1.0,0.0,1.0,1.0,1.0,0.0,-0.5861,-3.2149,22.0975,19.5899,29.4572,39.1228,140.9323,145.8363,197.2656,-9.3962,-12.443,-35.27
LH,320.7099914550781,320.71,2026-09-18,False,319.3800048828125,322.70001220703125,-0.63,15.32,BAJO,26032287744.0,26.55,16.18,3.02,11.73,5.53,12.24,6.99,3.43,14.11,0.79,1.8,,YAHOO,1.2561,1.4372,1.1353,0.057369,3.9063,-0.6476,81.2,2026-10-27,36,,,yahoo,1.0,1.0,1.0,1.0,1.0,0.0,1.0,1.0,1.0,2.9434,-3.2549,15.0314,25.6343,25.113,25.0158,338.614,338.614,338.614,-5.2874,-5.2874,-5.2874
LII,359.2300109863281,359.23,2026-09-18,False,356.8999938964844,361.7699890136719,0.04,-34.56,BAJO,12567645184.0,16.15,13.91,9.69,71.76,15.99,22.86,14.87,2.21,12.42,1.56,1.57,,YAHOO,1.2561,1.4372,1.1353,0.057369,3.9063,-0.6476,81.2,2026-10-28,37,,,yahoo,1.0,0.0,1.0,0.0,0.0,1.0,1.0,1.0,0.0,-1.8605,-6.9545,-32.2054,-32.3684,6.3283,50.7946,402.87,572.95,572.95,-10.8323,-37.3017,-37.3017
LNT,65.61000061035156,65.61,2026-09-18,False,65.55999755859375,66.5,-1.55,4.5,BAJO,16845727744.0,20.56,17.63,2.24,11.13,2.45,19.05,18.45,-6.76,15.82,1.61,0.47,,YAHOO,1.2561,1.4372,1.1353,0.057369,3.9063,-0.6476,81.2,2026-11-05,45,,,yahoo,1.0,1.0,1.0,1.0,0.0,1.0,0.0,1.0,0.0,-2.4532,-3.5147,-9.5761,-9.4398,18.4301,17.8872,68.92,77.4411,77.4411,-4.8027,-15.2776,-15.2776
LOW,192.49000549316406,192.49,2026-09-18,False,192.08999633789062,194.63999938964844,-0.88,-28.15,BAJO,107150090240.0,16.13,14.66,-14.41,,12.52,13.36,7.35,4.31,11.47,,1.1,,YAHOO,1.2561,1.4372,1.1353,0.057369,3.9063,-0.6476,81.2,2026-11-18,58,,,yahoo,1.0,0.0,1.0,1.0,1.0,0.0,0.0,1.0,0.0,-2.2,-4.6607,-4.8304,-12.8355,12.8961,25.8621,216.98,226.1026,284.2603,-11.2868,-14.8661,-32.2839
LULU,98.05999755859375,98.06,2026-09-18,False,97.13999938964844,100.91999816894531,-1.34,-43.8,BAJO,11214925824.0,8.34,11.72,2.36,30.9,14.4,13.21,12.78,10.24,5.02,0.45,2.19,,YAHOO,1.2561,1.4372,1.1353,0.057369,3.9063,-0.6476,81.2,2026-12-09,79,2026-09-03,18.0,finnhub,1.0,0.0,1.0,1.0,0.0,1.0,1.0,0.0,0.0,-0.9195,-19.4711,-15.9221,-12.2663,43.8347,51.7828,122.78,128.58,215.88,-20.1336,-23.7362,-54.5766
LUV,40.97999954223633,40.98,2026-09-18,False,40.4900016784668,41.34000015258789,1.59,27.69,BAJO,20434227200.0,26.11,8.92,2.89,11.1,2.32,3.38,2.78,-4.09,10.06,0.97,0.49,,YAHOO,1.2561,1.4372,1.1353,0.057369,3.9063,-0.6476,81.2,2026-10-21,30,,,yahoo,1.0,1.0,1.0,1.0,0.0,0.0,1.0,1.0,1.0,4.4342,5.8095,-15.4407,-14.1715,27.2413,33.8484,40.98,51.8472,54.0738,0.0,-20.96,-24.2147
LW,46.66999816894531,46.67,2026-09-18,False,45.77000045776367,46.79999923706055,0.45,-16.36,BAJO,6501578240.0,22.74,14.02,3.56,16.28,6.03,9.77,4.39,6.97,9.48,2.21,1.42,,YAHOO,1.2561,1.4372,1.1353,0.057369,3.9063,-0.6476,81.2,2026-10-06,15,,,yahoo,1.0,0.0,1.0,1.0,1.0,1.0,1.0,0.0,1.0,-2.466,-7.4742,-0.5222,4.3347,27.9772,31.1788,55.36,55.36,64.5724,-15.6973,-15.6973,-27.7245
LYB,61.93000030517578,61.93,2026-09-18,False,61.689998626708984,63.619998931884766,-3.61,23.38,BAJO,19459807232.0,,9.36,1.82,-2.27,4.11,17.92,-1.13,6.31,8.76,1.33,1.64,,YAHOO,1.2561,1.4372,1.1353,0.057369,3.9063,-0.6476,81.2,2026-10-30,39,,,yahoo,0.0,0.0,1.0,1.0,0.0,0.0,1.0,0.0,0.0,-2.7634,-4.37,2.2541,4.1607,52.3353,35.0524,66.84,67.4042,80.6941,-7.3459,-8.1214,-23.2534
LYV,167.1199951171875,167.12,2026-09-18,False,166.39999389648438,168.6699981689453,-0.72,-0.08,BAJO,39412088832.0,,89.6,473.89,17.68,2.1,6.7,0.51,4.3,27.96,6.2,0.85,,YAHOO,1.2561,1.4372,1.1353,0.057369,3.9063,-0.6476,81.2,2026-11-03,43,,,yahoo,1.0,0.0,1.0,1.0,0.0,1.0,0.0,1.0,0.0,-1.7808,-5.8426,-6.0226,-2.406,14.0438,24.6764,186.77,188.46,188.46,-10.521,-11.3234,-11.3234
MAA,118.93000030517578,118.93,2026-09-18,False,118.91000366210938,121.44999694824219,-1.85,-12.92,BAJO,14140036096.0,34.65,36.24,2.54,7.05,3.13,25.36,18.17,6.51,15.83,1.02,0.05,,YAHOO,1.2561,1.4372,1.1353,0.057369,3.9063,-0.6476,81.2,2026-10-28,37,,,yahoo,1.0,0.0,1.0,1.0,1.0,1.0,1.0,0.0,0.0,-4.6959,-7.4907,-10.065,-9.2023,11.4613,18.8826,133.16,140.5626,140.5626,-10.6864,-15.39,-15.39
MAR,338.9200134277344,338.92,2026-09-18,False,332.3500061035156,340.6400146484375,1.47,27.91,BAJO,89354174464.0,35.47,26.04,-19.83,,9.76,65.28,35.03,2.31,22.16,,0.54,,YAHOO,1.2561,1.4372,1.1353,0.057369,3.9063,-0.6476,81.2,2026-11-03,43,,,yahoo,1.0,1.0,1.0,1.0,0.0,1.0,1.0,1.0,0.0,1.2639,0.848,-7.6673,-14.2835,17.278,26.5094,360.2,382.7422,401.7236,-5.9078,-11.4495,-15.6335
MAS,68.05999755859375,68.06,2026-09-18,False,67.41999816894531,68.16999816894531,-0.25,-6.59,BAJO,13357475840.0,15.61,14.55,-36.6,5862.5,15.86,23.64,11.61,6.72,10.97,,1.86,,YAHOO,1.2561,1.4372,1.1353,0.057369,3.9063,-0.6476,81.2,2026-10-29,38,,,yahoo,1.0,0.0,1.0,1.0,1.0,1.0,1.0,0.0,0.0,-0.6713,-4.7046,-11.0148,-8.0956,6.1603,36.854,73.6,82.4086,82.4086,-7.5272,-17.4115,-17.4115
MCHP,73.2699966430664,73.27,2026-09-18,False,71.05999755859375,73.4000015258789,3.46,11.91,BAJO,40606191616.0,109.97,16.38,6.29,7.19,3.54,23.96,9.34,3.36,30.36,0.84,1.92,,YAHOO,1.2561,1.4372,1.1353,0.057369,3.9063,-0.6476,81.2,2026-11-05,45,,,yahoo,1.0,1.0,1.0,1.0,0.0,0.0,0.0,1.0,1.0,-1.2534,0.2188,-11.5965,-26.1192,41.4842,55.1969,75.625,93.5571,102.0957,-3.1141,-21.6842,-28.234
MCK,874.6500244140625,874.65,2026-09-18,False,864.1199951171875,881.0499877929688,-0.56,25.67,BAJO,103353851904.0,23.79,17.56,-24.25,,4.74,1.35,1.12,6.58,15.97,,0.89,,YAHOO,1.2561,1.4372,1.1353,0.057369,3.9063,-0.6476,81.2,2026-11-04,44,,,yahoo,1.0,1.0,1.0,1.0,0.0,0.0,1.0,0.0,1.0,-0.7782,-5.0717,5.6392,16.646,5.838,32.4187,924.78,924.78,993.5342,-5.4207,-5.4207,-11.9658
MCO,468.5899963378906,468.59,2026-09-18,False,456.9700012207031,470.989990234375,1.45,-3.57,BAJO,80913620992.0,29.68,24.69,26.75,76.93,15.62,49.47,34.25,3.19,21.51,2.41,1.19,,YAHOO,1.2561,1.4372,1.1353,0.057369,3.9063,-0.6476,81.2,2026-10-21,30,,,yahoo,1.0,1.0,1.0,1.0,0.0,1.0,1.0,1.0,1.0,-1.3391,-7.0811,-4.3177,4.196,24.1661,27.6296,514.95,517.9255,536.0317,-9.0028,-9.5256,-12.5817
MET,97.04000091552734,97.04,2026-09-18,False,96.23999786376953,97.29000091552734,-0.32,24.66,BAJO,61412491264.0,18.51,8.85,2.25,13.09,0.45,5.52,4.57,-34.12,14.06,1.8,2.03,,YAHOO,1.2561,1.4372,1.1353,0.057369,3.9063,-0.6476,81.2,2026-11-09,49,,,yahoo,1.0,0.0,1.0,1.0,1.0,0.0,1.0,0.0,0.0,-0.1029,-2.207,4.5745,14.0935,10.1786,21.6818,99.23,99.95,99.95,-2.207,-2.9115,-2.9115
MGM,37.810001373291016,37.81,2026-09-18,False,37.5,38.33000183105469,-1.31,3.64,BAJO,9909117952.0,23.47,18.75,3.88,18.92,1.77,6.79,2.4,8.87,16.98,8.93,1.33,,YAHOO,1.2561,1.4372,1.1353,0.057369,3.9063,-0.6476,81.2,2026-10-28,37,,,yahoo,1.0,0.0,1.0,1.0,1.0,0.0,1.0,0.0,1.0,-5.2143,-8.072,-17.2104,-19.2784,12.6704,21.269,43.74,49.69,50.69,-13.5574,-23.9082,-25.4093
MKC,48.720001220703125,48.72,2026-09-18,False,48.70000076293945,49.540000915527344,-1.97,-25.65,BAJO,13144152064.0,8.13,14.83,1.88,24.73,5.14,17.42,21.91,5.43,12.62,0.65,0.78,,YAHOO,1.2561,1.4372,1.1353,0.057369,3.9063,-0.6476,81.2,2026-10-01,10,,,yahoo,1.0,0.0,1.0,1.0,1.0,0.0,0.0,0.0,1.0,-5.0662,-7.3412,-6.9341,5.4063,15.556,30.6118,56.2,56.48,70.3792,-13.3096,-13.7394,-30.775
MLM,490.6400146484375,490.64,2026-09-18,False,488.739990234375,494.94000244140625,-0.77,-22.04,BAJO,35486257152.0,32.53,24.08,2.6,8.89,4.57,20.18,36.74,1.67,17.05,0.55,1.41,,YAHOO,1.2561,1.4372,1.1353,0.057369,3.9063,-0.6476,81.2,2026-11-03,43,,,yahoo,1.0,0.0,1.0,1.0,1.0,1.0,1.0,1.0,1.0,-3.7885,-3.5957,-10.2122,-19.3204,20.6581,31.3601,534.0537,627.9214,705.0884,-8.1291,-21.8628,-30.4144
MNST,44.709999084472656,44.71,2026-09-18,False,44.36000061035156,45.08000183105469,0.45,36.77,BAJO,86198280192.0,40.74,33.61,9.21,25.7,17.48,29.18,23.08,1.95,28.25,0.01,3.73,,YAHOO,1.2561,1.4372,1.1353,0.057369,3.9063,-0.6476,81.2,2026-11-05,45,,,yahoo,1.0,0.0,1.0,1.0,0.0,1.0,0.0,1.0,0.0,3.0184,1.4292,-5.3356,-2.102,8.4604,24.546,48.92,49.97,49.97,-8.6059,-10.5263,-10.5263
MOH,200.7899932861328,200.79,2026-09-18,False,200.5800018310547,205.7899932861328,-2.1,10.16,BAJO,10325159936.0,1236.25,20.3,2.47,-0.16,1.16,1.4,-0.02,6.78,13.75,0.95,1.68,,YAHOO,1.2561,1.4372,1.1353,0.057369,3.9063,-0.6476,81.2,2026-10-21,30,,,yahoo,1.0,0.0,0.0,0.0,0.0,1.0,1.0,0.0,1.0,-1.6844,-1.0448,-11.3666,2.7742,32.7526,40.6521,214.07,242.88,242.88,-6.2036,-17.3295,-17.3295
MPC,424.8900146484375,424.89,2026-09-18,False,419.1499938964844,428.0,0.69,131.9,BAJO,112998268928.0,13.95,9.25,5.97,42.1,8.74,13.56,5.55,8.19,9.49,1.33,1.25,,YAHOO,1.2561,1.4372,1.1353,0.057369,3.9063,-0.6476,81.2,2026-11-03,43,,,yahoo,1.0,1.0,1.0,1.0,0.0,1.0,1.0,1.0,0.0,7.3144,9.5896,33.2416,75.3956,21.8531,32.7129,424.89,424.89,424.89,0.0,0.0,0.0
MPWR,1217.800048828125,1217.8,2026-09-18,False,1176.2099609375,1221.510009765625,4.12,32.05,BAJO,62789029888.0,77.72,36.64,16.12,21.98,13.57,30.99,24.5,0.71,61.38,0.0,4.97,,YAHOO,1.2561,1.4372,1.1353,0.057369,3.9063,-0.6476,81.2,2026-10-29,38,,,yahoo,1.0,0.0,1.0,1.0,0.0,1.0,0.0,0.0,1.0,-1.3496,0.3419,-11.9616,-22.0018,29.7934,55.5182,1316.28,1436.1088,1687.3154,-7.4817,-15.2014,-27.8262
MSCI,552.8699951171875,552.87,2026-09-18,False,544.1799926757812,555.4000244140625,0.62,-0.7,BAJO,40637116416.0,30.54,24.85,-15.11,,21.13,56.3,40.73,2.94,23.86,,0.89,,YAHOO,1.2561,1.4372,1.1353,0.057369,3.9063,-0.6476,81.2,2026-10-20,29,,,yahoo,1.0,1.0,1.0,1.0,0.0,1.0,1.0,1.0,1.0,-0.3137,-3.7901,-1.227,-4.5325,22.9579,33.0402,574.65,634.9691,641.5356,-3.7901,-12.9296,-13.8208
MTB,227.30999755859375,227.31,2026-09-18,False,225.0,227.86000061035156,0.42,15.1,BAJO,32776714240.0,12.01,10.76,1.29,10.74,1.41,45.11,32.09,,,,,,YAHOO,1.2561,1.4372,1.1353,0.057369,3.9063,-0.6476,81.2,2026-10-16,25,,,yahoo,1.0,1.0,1.0,1.0,1.0,0.0,1.0,0.0,1.0,-5.2204,-5.3112,-7.9961,1.6244,31.9655,20.2024,240.2397,252.4608,252.4608,-5.382,-9.9623,-9.9623
MTCH,43.20000076293945,43.2,2026-09-18,False,42.650001525878906,43.90999984741211,-1.3,13.04,BAJO,10067783680.0,15.3,9.43,-41.86,,17.36,28.77,20.17,9.24,10.93,,1.72,,YAHOO,1.2561,1.4372,1.1353,0.057369,3.9063,-0.6476,81.2,2026-11-03,43,,,yahoo,1.0,1.0,1.0,1.0,1.0,0.0,1.0,1.0,1.0,1.9108,1.8148,11.4839,22.5122,33.8989,36.759,44.4,44.4,44.4,-2.7027,-2.7027,-2.7027
MTD,1392.3199462890625,1392.3199,2026-09-18,False,1385.1300048828125,1415.6300048828125,-1.28,6.61,BAJO,28661096448.0,32.2,27.67,2235.06,,21.1,31.2,21.91,2.42,24.1,166.68,1.12,,YAHOO,1.2561,1.4372,1.1353,0.057369,3.9063,-0.6476,81.2,2026-11-05,45,,,yahoo,1.0,0.0,1.0,1.0,1.0,1.0,1.0,0.0,0.0,7.6381,2.6611,7.2525,21.617,36.3179,25.7689,1410.4399,1445.0,1506.02,-1.2847,-3.6457,-7.5497
NCLH,14.119999885559082,14.12,2026-09-18,False,14.069999694824219,14.470000267028809,-1.88,-46.0,BAJO,6538834944.0,8.63,8.42,2.54,36.73,4.25,14.04,7.49,-25.7,8.6,6.21,0.2,,YAHOO,1.2561,1.4372,1.1353,0.057369,3.9063,-0.6476,81.2,2026-11-04,44,,,yahoo,1.0,0.0,1.0,1.0,0.0,1.0,0.0,1.0,0.0,-4.7233,-9.4291,-27.4036,-30.9198,32.1313,46.3423,17.26,21.92,25.57,-18.1924,-35.5839,-44.779
NDAQ,93.54000091552734,93.54,2026-09-18,False,91.43000030517578,93.86000061035156,2.44,5.08,BAJO,52929564672.0,27.61,20.24,4.44,16.52,5.85,49.33,35.04,3.2,18.4,0.78,1.01,,YAHOO,1.2561,1.4372,1.1353,0.057369,3.9063,-0.6476,81.2,2026-10-22,31,,,yahoo,1.0,1.0,1.0,1.0,1.0,1.0,1.0,1.0,1.0,2.577,-4.9172,4.0073,14.1248,40.7609,27.5774,99.1349,99.1349,99.9635,-5.6437,-5.6437,-6.4259
NDSN,311.57000732421875,311.57,2026-09-18,False,309.1499938964844,312.2699890136719,-0.05,37.01,BAJO,17509097472.0,31.82,24.21,5.36,17.76,8.47,27.4,18.63,3.51,20.06,0.56,1.82,,YAHOO,1.2561,1.4372,1.1353,0.057369,3.9063,-0.6476,81.2,2026-12-08,78,2026-08-19,33.0,finnhub,1.0,1.0,1.0,1.0,1.0,0.0,1.0,0.0,1.0,-0.9222,-1.5699,7.7346,5.6048,7.0835,25.3488,333.5782,333.6978,333.6978,-6.5976,-6.6311,-6.6311
NI,40.58000183105469,40.58,2026-09-18,False,40.439998626708984,40.689998626708984,-0.81,2.19,BAJO,19431776256.0,21.55,17.98,2.03,8.55,3.24,17.16,13.15,-9.12,12.93,1.47,0.5,,YAHOO,1.2561,1.4372,1.1353,0.057369,3.9063,-0.6476,81.2,2026-10-28,37,,,yahoo,1.0,1.0,1.0,1.0,0.0,1.0,0.0,0.0,1.0,-2.0043,-2.5924,-9.9583,-13.5592,13.1912,19.326,41.9,48.7533,48.7533,-3.1504,-16.7646,-16.7646
NOC,527.3900146484375,527.39,2026-09-18,False,519.9000244140625,528.27001953125,0.65,-8.15,BAJO,74818912256.0,16.72,17.3,4.18,26.96,7.15,11.6,10.48,3.31,12.35,0.95,1.17,,YAHOO,1.2561,1.4372,1.1353,0.057369,3.9063,-0.6476,81.2,2026-10-20,29,,,yahoo,1.0,0.0,1.0,1.0,1.0,1.0,1.0,0.0,0.0,1.6225,-0.1609,3.4158,1.5894,14.7604,25.9808,548.5353,586.4728,761.1927,-3.8549,-10.0743,-30.7153
NRG,103.66000366210938,103.66,2026-09-18,False,103.48999786376953,107.0999984741211,-2.42,-37.65,BAJO,21710538752.0,26.9,9.23,5.17,23.77,4.06,12.77,2.56,3.56,14.04,4.83,0.97,,YAHOO,1.2561,1.4372,1.1353,0.057369,3.9063,-0.6476,81.2,2026-11-05,45,,,yahoo,1.0,0.0,1.0,1.0,0.0,1.0,1.0,0.0,0.0,-8.6374,-7.314,-20.9514,-22.9765,27.4385,56.1441,119.64,148.8317,182.8192,-13.3567,-30.3509,-43.2992
NSC,314.1600036621094,314.16,2026-09-18,False,314.0,318.8800048828125,-1.51,11.53,BAJO,69419712512.0,26.37,21.58,4.27,16.98,5.95,35.3,21.02,1.99,15.1,1.06,0.83,,YAHOO,1.2561,1.4372,1.1353,0.057369,3.9063,-0.6476,81.2,2026-10-22,31,,,yahoo,1.0,1.0,1.0,1.0,1.0,0.0,1.0,0.0,0.0,-1.9078,-4.1698,-4.7983,5.1064,15.4147,20.6618,352.98,352.98,352.98,-10.9978,-10.9978,-10.9978
NTAP,197.7899932861328,197.79,2026-09-18,False,193.14999389648438,198.50999450683594,0.44,57.7,BAJO,38920425472.0,27.99,17.82,25.98,114.82,11.66,26.67,19.18,3.01,18.08,1.69,1.24,,YAHOO,1.2561,1.4372,1.1353,0.057369,3.9063,-0.6476,81.2,2026-12-01,71,2026-09-02,19.0,yahoo,1.0,1.0,1.0,1.0,0.0,1.0,1.0,1.0,1.0,-0.7477,6.6944,19.3231,24.2194,17.1236,44.0187,199.28,207.08,207.08,-0.7477,-4.4862,-4.4862
NTRS,177.88999938964844,177.89,2026-09-18,False,175.5,178.52999877929688,0.54,35.82,BAJO,32739911680.0,15.37,14.12,2.62,17.07,1.28,42.5,24.67,,,,,,YAHOO,1.2561,1.4372,1.1353,0.057369,3.9063,-0.6476,81.2,2026-10-21,30,,,yahoo,1.0,0.0,1.0,1.0,1.0,0.0,1.0,0.0,0.0,-5.9728,-4.6524,-3.421,3.8458,16.5576,21.7556,189.19,190.5711,190.5711,-5.9728,-6.6543,-6.6543
NVR,6150.47021484375,6150.4702,2026-09-18,False,6142.14990234375,6250.0,-1.47,-26.36,BAJO,16574955520.0,16.07,15.11,4.89,31.54,16.55,13.89,11.85,5.54,10.73,0.32,5.67,,YAHOO,1.2561,1.4372,1.1353,0.057369,3.9063,-0.6476,81.2,2026-10-21,30,,,yahoo,1.0,0.0,1.0,0.0,0.0,1.0,1.0,0.0,1.0,-0.167,-3.5061,-2.7655,-5.2452,16.6581,26.5215,6433.7402,6828.6201,8178.48,-4.4029,-9.931,-24.7969
NWS,32.68000030517578,32.68,2026-09-18,False,32.4900016784668,33.130001068115234,-2.07,-3.53,BAJO,17614815232.0,31.9,21.74,2.09,7.98,4.66,12.54,6.35,5.93,14.43,0.32,1.62,,YAHOO,1.2561,1.4372,1.1353,0.057369,3.9063,-0.6476,81.2,2026-11-05,45,,,yahoo,1.0,0.0,1.0,1.0,0.0,0.0,1.0,0.0,1.0,-0.0917,-5.5924,5.025,14.0115,13.872,29.644,35.2141,35.2141,35.2141,-7.1962,-7.1962,-7.1962
NWSA,29.780000686645508,29.78,2026-09-18,False,29.530000686645508,30.219999313354492,-1.33,-3.03,BAJO,15920876544.0,28.83,19.65,1.89,7.98,4.66,12.54,6.35,6.56,13.15,0.32,1.62,,YAHOO,1.2561,1.4372,1.1353,0.057369,3.9063,-0.6476,81.2,2026-11-05,45,,,yahoo,1.0,0.0,1.0,1.0,0.0,0.0,1.0,0.0,1.0,1.1549,-3.4565,8.5369,18.197,8.8483,27.6474,31.0854,31.0854,31.0854,-4.1994,-4.1994,-4.1994
NXPI,227.99000549316406,227.99,2026-09-18,False,224.86000061035156,231.36000061035156,0.02,0.87,BAJO,58605477888.0,19.83,12.84,5.14,27.92,10.46,30.41,22.56,6.07,13.16,0.93,2.04,,YAHOO,1.2561,1.4372,1.1353,0.057369,3.9063,-0.6476,81.2,2026-10-26,35,,,yahoo,1.0,0.0,1.0,1.0,1.0,0.0,1.0,0.0,0.0,-3.2136,1.7894,-16.1574,-26.647,45.2512,42.9198,235.56,297.3022,330.0601,-3.2136,-23.3137,-30.9247
ODFL,173.0,173.0,2026-09-18,False,171.6300048828125,175.7100067138672,-1.19,20.69,BAJO,36469317632.0,33.66,26.37,8.0,24.82,15.78,28.84,19.44,2.66,20.13,0.0,1.89,,YAHOO,1.2561,1.4372,1.1353,0.057369,3.9063,-0.6476,81.2,2026-10-28,37,,,yahoo,1.0,0.0,1.0,1.0,1.0,1.0,1.0,0.0,0.0,-3.7766,-6.8641,-26.2027,-21.6121,27.5918,30.2564,206.1498,236.7822,248.3443,-16.0805,-26.9371,-30.3386
OKE,93.45999908447266,93.46,2026-09-18,False,92.27999877929688,95.01000213623047,0.26,32.35,BAJO,57871568896.0,15.85,14.72,2.52,16.28,5.77,13.25,9.29,1.55,11.85,1.43,0.74,,YAHOO,1.2561,1.4372,1.1353,0.057369,3.9063,-0.6476,81.2,2026-10-27,36,,,yahoo,1.0,1.0,1.0,1.0,1.0,0.0,0.0,0.0,1.0,-3.2705,-2.3916,2.9885,11.2247,24.2667,25.7021,97.51,97.51,97.51,-4.1534,-4.1534,-4.1534
OMC,76.56999969482422,76.57,2026-09-18,False,75.66000366210938,77.45999908447266,-1.58,3.31,BAJO,20737810432.0,204.3,6.44,2.15,6.05,5.09,15.38,1.74,20.55,8.09,1.08,0.92,,YAHOO,1.2561,1.4372,1.1353,0.057369,3.9063,-0.6476,81.2,2026-10-20,29,,,yahoo,0.0,0.0,1.0,1.0,1.0,0.0,0.0,0.0,0.0,-2.0917,-8.7014,-2.3389,8.4195,7.1726,36.3399,88.0348,88.0348,88.0348,-13.023,-13.023,-13.023
ON,69.9800033569336,69.98,2026-09-18,False,68.5199966430664,70.81999969482422,2.46,33.45,BAJO,27921932288.0,46.88,15.84,3.87,8.31,6.75,19.53,10.17,5.93,13.77,0.65,3.46,,YAHOO,1.2561,1.4372,1.1353,0.057369,3.9063,-0.6476,81.2,2026-11-02,42,,,yahoo,1.0,0.0,1.0,1.0,0.0,0.0,1.0,0.0,0.0,-8.0904,-4.983,-23.1496,-42.4601,90.5885,73.895,76.14,118.74,133.93,-8.0904,-41.0645,-47.7488
OTIS,68.5199966430664,68.52,2026-09-18,False,68.31500244140625,69.13999938964844,-0.26,-24.09,BAJO,25367803904.0,17.13,14.68,-4.41,,14.25,15.13,10.17,5.66,12.76,,0.83,,YAHOO,1.2561,1.4372,1.1353,0.057369,3.9063,-0.6476,81.2,2026-10-28,37,,,yahoo,1.0,0.0,1.0,1.0,0.0,0.0,1.0,1.0,1.0,-0.8394,-4.141,-4.19,-5.916,22.8982,22.7298,72.36,74.5481,92.4955,-5.3068,-8.0862,-25.9207
PAYC,226.27999877929688,226.28,2026-09-18,False,222.02999877929688,227.5,0.1,3.91,BAJO,10197003264.0,23.92,16.22,17.22,41.09,8.78,31.72,22.78,4.16,14.7,1.72,1.07,,YAHOO,1.2561,1.4372,1.1353,0.057369,3.9063,-0.6476,81.2,2026-11-04,44,,,yahoo,1.0,0.0,1.0,1.0,0.0,0.0,1.0,1.0,0.0,3.3667,-5.9205,57.1565,81.5387,16.0758,63.789,240.52,240.52,240.52,-5.9205,-5.9205,-5.9205
PAYX,116.13999938964844,116.14,2026-09-18,False,114.79000091552734,116.58999633789062,-0.32,-9.08,BAJO,40941314048.0,23.52,17.99,10.95,44.77,9.82,38.32,27.03,5.12,14.72,1.24,1.26,,YAHOO,1.2561,1.4372,1.1353,0.057369,3.9063,-0.6476,81.2,2026-09-23,2,,,yahoo,1.0,1.0,1.0,1.0,0.0,0.0,1.0,1.0,1.0,0.2936,-7.1474,4.8136,19.4516,8.877,31.7405,127.34,127.34,127.34,-8.7953,-8.7953,-8.7953
PCG,13.199999809265137,13.2,2026-09-18,False,13.15999984741211,13.390000343322754,-1.35,-12.04,BAJO,38850625536.0,9.31,7.18,0.88,9.32,2.57,24.79,11.83,-15.83,9.0,1.89,1.22,,YAHOO,1.2561,1.4372,1.1353,0.057369,3.9063,-0.6476,81.2,2026-10-22,31,,,yahoo,1.0,1.0,1.0,1.0,0.0,0.0,0.0,1.0,0.0,-4.3478,-5.4441,-24.5283,-19.6699,33.0544,55.5632,18.36,18.36,19.0001,-28.1046,-28.1046,-30.5266
PEG,69.7699966430664,69.77,2026-09-18,False,69.72000122070312,70.61000061035156,-1.7,-12.69,BAJO,34545491968.0,17.24,14.83,1.99,11.83,3.24,18.87,16.04,0.31,13.23,1.42,0.88,,YAHOO,1.2561,1.4372,1.1353,0.057369,3.9063,-0.6476,81.2,2026-11-02,42,,,yahoo,1.0,1.0,1.0,1.0,0.0,1.0,1.0,1.0,1.0,-3.6193,-4.6127,-9.0722,-11.8721,17.0386,15.5502,73.57,82.8257,84.7417,-5.1652,-15.7629,-17.6674
PFG,117.66999816894531,117.67,2026-09-18,False,114.68000030517578,118.13999938964844,1.49,47.28,BAJO,24936767488.0,16.57,11.21,2.06,12.95,0.35,12.34,9.93,4.24,11.09,0.35,1.59,,YAHOO,1.2561,1.4372,1.1353,0.057369,3.9063,-0.6476,81.2,2026-10-26,35,,,yahoo,1.0,0.0,1.0,1.0,1.0,0.0,1.0,0.0,0.0,1.2912,-0.7088,8.2091,8.2091,22.7946,23.3713,118.51,118.51,118.51,-0.7088,-0.7088,-0.7088
PGR,213.47999572753906,213.48,2026-09-18,False,212.38999938964844,215.13999938964844,-1.3,-7.62,BAJO,123184095232.0,10.64,13.04,3.59,34.94,7.84,18.21,12.85,12.27,8.42,0.24,0.29,,YAHOO,1.2561,1.4372,1.1353,0.057369,3.9063,-0.6476,81.2,2026-10-14,23,,,yahoo,1.0,1.0,1.0,1.0,1.0,0.0,0.0,0.0,0.0,-1.9024,-4.6411,3.6814,4.2489,14.9385,33.8802,223.92,234.48,234.48,-4.6624,-8.956,-8.956
PH,943.5399780273438,943.54,2026-09-18,False,923.1500244140625,943.8900146484375,1.97,24.33,BAJO,120837128192.0,33.63,24.38,7.84,25.08,9.79,23.46,16.97,2.45,22.78,0.57,1.26,,YAHOO,1.2561,1.4372,1.1353,0.057369,3.9063,-0.6476,81.2,2026-11-05,45,,,yahoo,1.0,0.0,1.0,1.0,1.0,1.0,1.0,1.0,1.0,-0.704,-2.1752,-1.4735,-0.8214,19.1955,26.7621,1037.4006,1071.7115,1071.7115,-9.0477,-11.9595,-11.9595
PHM,117.26000213623047,117.26,2026-09-18,False,116.51000213623047,118.87999725341797,-1.33,-13.38,BAJO,22662162432.0,12.15,10.6,1.72,14.9,9.21,15.69,11.62,4.76,8.51,0.19,7.27,,YAHOO,1.2561,1.4372,1.1353,0.057369,3.9063,-0.6476,81.2,2026-10-22,31,,,yahoo,1.0,0.0,1.0,0.0,1.0,1.0,1.0,0.0,0.0,-0.6284,-5.4646,-5.4266,-7.4379,21.792,30.8685,130.5739,137.6385,141.6452,-10.1965,-14.8058,-17.2157
PKG,232.77000427246094,232.77,2026-09-18,False,231.3300018310547,235.2899932861328,-1.19,9.98,BAJO,21233014784.0,30.95,18.16,4.53,14.89,8.28,13.12,7.26,2.04,12.46,0.94,2.94,,YAHOO,1.2561,1.4372,1.1353,0.057369,3.9063,-0.6476,81.2,2026-10-21,30,,,yahoo,1.0,0.0,1.0,1.0,0.0,0.0,1.0,0.0,0.0,-0.0527,-0.1251,2.6583,2.2952,19.6488,28.3786,251.1644,255.7746,255.7746,-7.3237,-8.9941,-8.9941
PNC,233.1699981689453,233.17,2026-09-18,False,230.0500030517578,233.1999969482422,0.5,15.2,BAJO,93053616128.0,12.84,10.9,1.6,12.62,1.31,38.69,31.37,,,,,,YAHOO,1.2561,1.4372,1.1353,0.057369,3.9063,-0.6476,81.2,2026-10-15,24,,,yahoo,1.0,1.0,1.0,0.0,1.0,0.0,1.0,0.0,1.0,-4.5324,-4.8984,-6.8736,1.2881,31.6943,18.0101,245.6,256.97,256.97,-5.0611,-9.2618,-9.2618
PNR,55.91999816894531,55.92,2026-09-18,False,55.34000015258789,56.08000183105469,0.36,-50.81,BAJO,8902488064.0,14.38,10.79,2.38,17.13,8.66,23.44,16.24,6.27,10.22,0.47,1.45,,YAHOO,1.2561,1.4372,1.1353,0.057369,3.9063,-0.6476,81.2,2026-10-20,29,,,yahoo,1.0,0.0,1.0,1.0,1.0,1.0,1.0,1.0,0.0,-1.1665,-6.8311,-8.6462,-24.4291,14.0426,41.5459,64.4,76.3863,111.0012,-13.1677,-26.7931,-49.6221
PNW,94.20999908447266,94.21,2026-09-18,False,93.88999938964844,94.88999938964844,-1.44,12.39,BAJO,11308913664.0,17.91,16.76,1.61,9.37,2.33,21.34,11.53,-8.22,12.96,2.33,0.59,,YAHOO,1.2561,1.4372,1.1353,0.057369,3.9063,-0.6476,81.2,2026-11-03,43,,,yahoo,1.0,0.0,1.0,1.0,1.0,0.0,0.0,0.0,0.0,-1.9667,-3.8673,-10.0174,-7.0889,14.1441,16.2918,98.69,108.3845,108.3845,-4.5395,-13.078,-13.078
PODD,140.60000610351562,140.6,2026-09-18,False,139.9600067138672,142.1699981689453,-0.67,-59.41,BAJO,9746345984.0,26.37,18.22,6.85,26.02,9.71,16.18,12.29,2.43,16.52,0.67,2.48,,YAHOO,1.2561,1.4372,1.1353,0.057369,3.9063,-0.6476,81.2,2026-11-05,45,,,yahoo,1.0,0.0,1.0,1.0,1.0,0.0,0.0,1.0,1.0,6.5474,-6.6277,-14.1217,-3.5401,12.7212,55.4166,150.58,170.62,346.36,-6.6277,-17.5946,-59.4064
POOL,167.9600067138672,167.96,2026-09-18,False,165.6300048828125,168.66000366210938,0.18,-48.6,BAJO,6102338560.0,15.43,14.21,4.84,31.25,9.9,15.14,7.41,3.49,12.08,1.35,2.67,,YAHOO,1.2561,1.4372,1.1353,0.057369,3.9063,-0.6476,81.2,2026-10-22,31,,,yahoo,1.0,0.0,1.0,0.0,0.0,1.0,1.0,1.0,0.0,-2.9357,-8.7521,-13.9019,-15.0399,24.7025,35.676,188.38,218.0392,317.1392,-10.8398,-22.968,-47.039
PPG,104.5199966430664,104.52,2026-09-18,False,103.69999694824219,105.0999984741211,-0.88,-3.18,BAJO,23325939712.0,15.05,12.11,2.76,19.3,6.05,14.02,9.57,4.74,10.87,0.87,1.58,,YAHOO,1.2561,1.4372,1.1353,0.057369,3.9063,-0.6476,81.2,2026-10-27,36,,,yahoo,1.0,1.0,1.0,1.0,0.0,1.0,1.0,0.0,0.0,-0.9289,-5.6253,-9.1089,-11.0613,9.0888,29.4118,114.42,124.5553,129.1576,-8.6523,-16.0855,-19.0756
PPL,33.34000015258789,33.34,2026-09-18,False,33.209999084472656,33.47999954223633,-0.77,-4.83,BAJO,24871606272.0,19.56,15.61,1.65,8.63,3.2,23.59,13.47,-7.79,11.95,1.35,0.91,,YAHOO,1.2561,1.4372,1.1353,0.057369,3.9063,-0.6476,81.2,2026-11-04,44,,,yahoo,1.0,1.0,1.0,1.0,0.0,1.0,0.0,1.0,0.0,-2.1714,-4.2515,-5.0627,-4.9822,17.2104,18.469,34.8204,36.7146,39.1669,-4.2515,-9.1915,-14.877
PRU,118.4000015258789,118.4,2026-09-18,False,116.2699966430664,118.5999984741211,0.4,18.46,BAJO,40892850176.0,10.75,7.98,1.3,12.01,0.43,7.52,6.01,18.41,11.8,1.64,0.78,,YAHOO,1.2561,1.4372,1.1353,0.057369,3.9063,-0.6476,81.2,2026-10-28,37,,,yahoo,1.0,1.0,1.0,1.0,1.0,0.0,1.0,0.0,0.0,-0.7045,-3.8961,0.9924,12.4255,18.735,20.6859,123.2,123.7019,123.7019,-3.8961,-4.286,-4.286
PSA,296.30999755859375,296.31,2026-09-18,False,295.2900085449219,302.05999755859375,-1.48,7.17,BAJO,55433469952.0,28.28,29.01,10.76,21.93,6.98,45.7,41.63,4.21,19.34,1.1,0.22,,YAHOO,1.2561,1.4372,1.1353,0.057369,3.9063,-0.6476,81.2,2026-10-28,37,,,yahoo,1.0,0.0,1.0,1.0,0.0,0.0,0.0,0.0,1.0,0.9613,-2.0868,-3.3575,-5.9003,26.8333,21.9169,321.6697,327.1138,327.1138,-7.8838,-9.4169,-9.4169
PTC,135.88999938964844,135.89,2026-09-18,False,132.75,136.17999267578125,1.08,-35.66,BAJO,14678727680.0,13.12,15.18,4.32,35.05,11.54,28.23,41.43,7.03,12.49,0.46,1.02,,YAHOO,1.2561,1.4372,1.1353,0.057369,3.9063,-0.6476,81.2,2026-11-11,51,,,yahoo,1.0,1.0,1.0,1.0,1.0,1.0,1.0,1.0,1.0,3.9073,-9.455,12.5197,18.4227,37.7234,44.8541,158.95,158.95,206.19,-14.5077,-14.5077,-34.0948
PWR,636.7100219726562,636.71,2026-09-18,False,617.6400146484375,637.969970703125,3.27,61.56,BAJO,96612163584.0,73.69,32.59,10.02,15.34,5.23,7.22,4.03,2.02,33.76,0.68,1.1,,YAHOO,1.2561,1.4372,1.1353,0.057369,3.9063,-0.6476,81.2,2026-10-29,38,,,yahoo,1.0,0.0,1.0,1.0,1.0,0.0,0.0,1.0,0.0,-2.1319,2.6852,-0.3895,-9.319,32.1873,53.4732,650.58,722.31,785.1201,-2.1319,-11.8509,-18.9028
Q,120.05000305175781,120.05,2026-09-18,False,118.08000183105469,120.72000122070312,2.49,24.73,BAJO,25485785088.0,43.51,22.65,3.51,6.72,5.3,22.32,11.25,3.03,19.23,0.6,2.01,,YAHOO,1.2561,1.4372,1.1353,0.057369,3.9063,-0.6476,81.2,2026-11-16,56,,,yahoo,1.0,0.0,1.0,1.0,0.0,1.0,0.0,1.0,0.0,-5.0237,1.3337,-13.4386,-28.9088,33.9772,50.4634,128.7943,167.3786,,-6.7893,-28.2764,
RCL,245.80999755859375,245.81,2026-09-18,False,245.05999755859375,251.4600067138672,-1.57,-24.37,BAJO,66929881088.0,15.45,12.33,6.54,44.67,7.68,27.07,23.54,-2.27,12.96,2.25,0.21,,YAHOO,1.2561,1.4372,1.1353,0.057369,3.9063,-0.6476,81.2,2026-10-27,36,,,yahoo,1.0,1.0,1.0,1.0,1.0,1.0,0.0,1.0,0.0,-4.9471,-6.8836,-14.1123,-20.8759,29.2086,30.3722,291.2691,325.4858,342.3655,-15.6073,-24.4791,-28.2025
REGN,784.8499755859375,784.85,2026-09-18,False,779.6500244140625,794.72998046875,-0.58,30.2,BAJO,82175582208.0,19.75,13.17,2.52,14.04,6.53,33.11,27.87,3.73,15.82,0.09,3.33,,YAHOO,1.2561,1.4372,1.1353,0.057369,3.9063,-0.6476,81.2,2026-10-28,37,,,yahoo,1.0,0.0,1.0,1.0,1.0,0.0,1.0,0.0,0.0,0.4299,-6.9499,16.3771,28.8268,28.7516,31.1386,852.03,852.03,852.03,-7.8847,-7.8847,-7.8847
RF,28.5,28.5,2026-09-18,False,28.290000915527344,28.760000228881836,0.07,6.65,BAJO,24322586624.0,11.61,10.03,1.39,11.87,1.39,39.31,30.84,,,,,,YAHOO,1.2561,1.4372,1.1353,0.057369,3.9063,-0.6476,81.2,2026-10-16,25,,,yahoo,1.0,1.0,1.0,1.0,1.0,0.0,1.0,0.0,1.0,-5.4099,-6.3732,-6.5897,0.5907,30.9287,21.3286,30.44,32.0747,32.0747,-6.3732,-11.1449,-11.1449
RJF,164.75,164.75,2026-09-18,False,163.02999877929688,164.89999389648438,0.6,-5.55,BAJO,31733000192.0,14.4,11.64,2.5,18.42,2.58,19.3,15.13,,,0.48,2.11,,YAHOO,1.2561,1.4372,1.1353,0.057369,3.9063,-0.6476,81.2,2026-10-28,37,,,yahoo,1.0,0.0,1.0,1.0,0.0,0.0,1.0,0.0,1.0,-5.0213,-9.0282,-1.8936,6.0806,20.4803,23.5141,181.1,181.18,181.18,-9.0282,-9.0683,-9.0683
RL,335.1000061035156,335.1,2026-09-18,False,330.92999267578125,335.1000061035156,0.61,6.31,BAJO,20247236608.0,21.4,16.25,7.44,37.54,11.0,18.39,11.76,4.35,13.38,1.1,2.04,,YAHOO,1.2561,1.4372,1.1353,0.057369,3.9063,-0.6476,81.2,2026-11-05,45,,,yahoo,1.0,1.0,1.0,1.0,0.0,1.0,1.0,1.0,1.0,-1.1767,-2.6438,-12.4905,-18.6656,22.6903,30.0378,372.59,411.16,413.2399,-10.062,-18.4989,-18.9091
RMD,224.99000549316406,224.99,2026-09-18,False,224.55999755859375,228.38999938964844,-1.5,-18.37,BAJO,32256258048.0,21.42,16.9,4.9,24.27,14.0,30.86,26.95,2.91,15.08,0.13,3.1,,YAHOO,1.2561,1.4372,1.1353,0.057369,3.9063,-0.6476,81.2,2026-10-29,38,,,yahoo,1.0,0.0,1.0,1.0,1.0,0.0,1.0,1.0,1.0,3.0788,-1.8325,15.2378,19.6181,29.9406,36.861,240.33,240.33,280.3143,-6.3829,-6.3829,-19.7365
ROK,415.6199951171875,415.62,2026-09-18,False,407.4700012207031,415.6400146484375,1.36,19.27,BAJO,47279190016.0,39.78,28.6,13.5,30.63,9.99,20.97,13.39,2.76,24.05,1.03,1.07,,YAHOO,1.2561,1.4372,1.1353,0.057369,3.9063,-0.6476,81.2,2026-11-05,45,,,yahoo,1.0,0.0,1.0,1.0,0.0,1.0,1.0,1.0,1.0,-2.9809,-2.956,-10.3093,-12.0074,17.2048,28.2307,437.08,493.5596,493.5596,-4.9099,-15.7913,-15.7913
ROL,32.43000030517578,32.43,2026-09-18,False,32.41999816894531,33.11000061035156,-1.73,-42.53,BAJO,15565052928.0,29.41,24.87,10.89,37.01,14.06,18.8,13.55,3.22,19.16,0.78,0.63,,YAHOO,1.2561,1.4372,1.1353,0.057369,3.9063,-0.6476,81.2,2026-10-28,37,,,yahoo,1.0,1.0,1.0,1.0,0.0,0.0,1.0,1.0,0.0,-6.6225,-9.1851,-25.6999,-27.5178,25.0202,30.471,37.26,45.2396,64.8632,-12.963,-28.315,-50.0025
ROP,372.739990234375,372.74,2026-09-18,False,368.69000244140625,375.07000732421875,-0.54,-27.69,BAJO,36138377216.0,15.22,15.04,1.93,13.07,4.23,27.73,30.24,6.27,14.54,0.61,0.55,,YAHOO,1.2561,1.4372,1.1353,0.057369,3.9063,-0.6476,81.2,2026-10-22,31,,,yahoo,1.0,0.0,1.0,1.0,0.0,1.0,1.0,0.0,1.0,-4.0616,-11.7462,6.2876,13.1456,18.7875,34.9592,426.2,426.2,516.3226,-12.5434,-12.5434,-27.8087
RSG,218.07000732421875,218.07,2026-09-18,False,216.4600067138672,219.6999969482422,-0.39,-4.27,BAJO,65508143104.0,30.26,26.55,5.44,18.15,6.17,20.43,12.94,2.97,15.16,1.19,0.64,,YAHOO,1.2561,1.4372,1.1353,0.057369,3.9063,-0.6476,81.2,2026-10-29,38,,,yahoo,1.0,0.0,1.0,1.0,0.0,1.0,1.0,1.0,0.0,-2.0966,-3.1317,1.6028,6.7174,8.8483,20.2656,225.85,225.85,230.9379,-3.4448,-3.4448,-5.572
SBAC,178.58999633789062,178.59,2026-09-18,False,178.27999877929688,181.9199981689453,-1.4,-9.45,BAJO,18701211648.0,19.02,21.54,-4.04,,8.41,52.16,34.51,4.02,18.36,,0.17,,YAHOO,1.2561,1.4372,1.1353,0.057369,3.9063,-0.6476,81.2,2026-11-02,42,,,yahoo,1.0,1.0,1.0,1.0,1.0,0.0,1.0,0.0,1.0,-3.7095,-6.7513,1.6978,-3.7715,17.7446,31.0666,191.52,191.52,220.8819,-6.7513,-6.7513,-19.1468
SJM,122.94999694824219,122.95,2026-09-18,False,121.8499984741211,123.27999877929688,-0.65,18.43,BAJO,12805962752.0,56.02,11.01,2.23,3.93,6.26,17.9,2.51,11.43,8.7,1.21,0.87,,YAHOO,1.2561,1.4372,1.1353,0.057369,3.9063,-0.6476,81.2,2026-11-24,64,2026-08-26,26.0,yahoo,0.0,1.0,1.0,1.0,1.0,0.0,0.0,0.0,1.0,1.4941,-4.3265,7.2158,11.945,14.2578,29.4238,132.34,132.34,132.34,-7.0954,-7.0954,-7.0954
SMCI,39.09000015258789,39.09,2026-09-18,False,38.31999969482422,40.40999984741211,-3.12,-16.48,BAJO,27066974208.0,12.64,7.74,2.64,21.47,7.88,13.38,5.71,-30.48,11.69,0.64,3.87,,YAHOO,1.2561,1.4372,1.1353,0.057369,3.9063,-0.6476,81.2,2026-11-03,43,,,yahoo,1.0,0.0,0.0,0.0,1.0,0.0,0.0,0.0,0.0,-2.5187,3.2216,53.2941,27.4951,95.6753,92.0297,40.35,40.35,58.68,-3.1227,-3.1227,-33.3845
SNPS,384.9700012207031,384.97,2026-09-18,False,380.3800048828125,386.2699890136719,1.0,-21.38,BAJO,77009182720.0,70.01,22.93,2.47,3.66,1.35,14.52,11.43,4.45,40.59,0.35,1.34,,YAHOO,1.2561,1.4372,1.1353,0.057369,3.9063,-0.6476,81.2,2026-12-08,78,2026-08-26,26.0,finnhub,1.0,0.0,1.0,1.0,0.0,0.0,0.0,0.0,0.0,-3.123,-7.528,-1.0538,-15.4859,43.7331,47.48,464.89,464.89,534.56,-17.1912,-17.1912,-27.9838
SO,85.5199966430664,85.52,2026-09-18,False,85.43000030517578,86.3499984741211,-1.43,-4.96,BAJO,98310021120.0,20.59,17.36,2.48,11.48,3.27,29.61,15.43,-3.98,12.29,1.82,0.79,,YAHOO,1.2561,1.4372,1.1353,0.057369,3.9063,-0.6476,81.2,2026-10-29,38,,,yahoo,1.0,0.0,1.0,1.0,0.0,0.0,0.0,0.0,1.0,-1.8929,-3.6611,-8.1234,-7.3733,16.5592,16.3587,90.1,97.1776,97.4911,-5.0832,-11.9962,-12.2792
SOLV,88.83999633789062,88.84,2026-09-18,False,86.52999877929688,89.52999877929688,1.5,17.89,BAJO,15122675712.0,10.86,12.29,3.15,33.96,2.7,9.78,17.26,3.23,17.57,1.1,1.02,,YAHOO,1.2561,1.4372,1.1353,0.057369,3.9063,-0.6476,81.2,2026-11-05,45,,,yahoo,1.0,1.0,1.0,0.0,1.0,1.0,0.0,0.0,1.0,1.5895,-3.8944,13.028,17.7781,22.5145,31.0091,92.44,92.44,92.44,-3.8944,-3.8944,-3.8944
SPG,205.32000732421875,205.32,2026-09-18,False,202.94000244140625,205.5500030517578,0.42,17.73,BAJO,77815218176.0,14.47,30.16,15.09,120.51,5.63,46.02,66.57,3.34,18.77,5.04,0.27,,YAHOO,1.2561,1.4372,1.1353,0.057369,3.9063,-0.6476,81.2,2026-11-02,42,,,yahoo,1.0,1.0,1.0,0.0,1.0,0.0,1.0,0.0,0.0,0.2392,-1.8893,-8.4952,-1.8011,10.1918,17.5101,218.386,234.1864,234.1864,-5.983,-12.3263,-12.3263
SRE,81.30999755859375,81.31,2026-09-18,False,81.0,81.83000183105469,-1.06,-0.13,BAJO,53096706048.0,23.54,14.65,1.62,6.68,1.96,28.33,16.82,-52.09,17.08,0.85,1.64,,YAHOO,1.2561,1.4372,1.1353,0.057369,3.9063,-0.6476,81.2,2026-11-04,44,,,yahoo,1.0,0.0,1.0,1.0,1.0,1.0,0.0,1.0,0.0,-2.4358,-3.8548,-10.244,-9.7022,21.4648,22.8826,85.47,95.33,99.0422,-4.8672,-14.7068,-17.9037
STE,205.0399932861328,205.04,2026-09-18,False,205.0,207.6999969482422,-1.44,-19.01,BAJO,20179597312.0,25.3,16.9,2.8,11.39,6.8,19.15,13.33,3.96,13.26,0.28,1.91,,YAHOO,1.2561,1.4372,1.1353,0.057369,3.9063,-0.6476,81.2,2026-11-04,44,,,yahoo,1.0,1.0,1.0,1.0,1.0,1.0,1.0,1.0,1.0,-2.714,-9.3305,-2.8734,1.5081,10.1074,27.6716,237.2062,238.1833,266.3608,-13.5604,-13.915,-23.0217
STLD,235.25999450683594,235.26,2026-09-18,False,232.41000366210938,244.97999572753906,-4.11,68.68,BAJO,32964030464.0,20.89,11.75,3.51,17.57,7.87,11.5,7.83,0.71,13.73,0.47,3.18,,YAHOO,1.2561,1.4372,1.1353,0.057369,3.9063,-0.6476,81.2,2026-10-19,28,,,yahoo,1.0,0.0,1.0,1.0,0.0,1.0,1.0,0.0,0.0,-1.8892,-4.3775,0.7451,-5.6486,50.1677,38.7847,247.64,268.6,282.1202,-4.9992,-12.4125,-16.61
STT,182.8699951171875,182.87,2026-09-18,False,180.50999450683594,183.10000610351562,-0.11,64.11,BAJO,50655002624.0,16.26,12.04,2.12,12.44,0.87,34.31,23.0,,,,,,YAHOO,1.2561,1.4372,1.1353,0.057369,3.9063,-0.6476,81.2,2026-10-14,23,,,yahoo,1.0,1.0,1.0,1.0,0.0,0.0,1.0,0.0,1.0,-5.4447,-5.708,-0.2346,9.1915,13.157,23.2252,194.26,194.26,194.26,-5.8633,-5.8633,-5.8633
STX,858.7899780273438,858.79,2026-09-18,False,807.030029296875,872.0,6.93,298.12,BAJO,199497580544.0,63.07,15.84,91.82,371.53,29.35,43.07,26.11,0.97,44.66,1.8,1.67,,YAHOO,1.2561,1.4372,1.1353,0.057369,3.9063,-0.6476,81.2,2026-10-27,36,,,yahoo,1.0,1.0,1.0,1.0,1.0,1.0,0.0,1.0,1.0,3.4475,7.5356,-3.7047,-19.6993,72.6304,83.3553,904.38,1025.36,1093.2605,-5.041,-16.245,-21.4469
STZ,118.97000122070312,118.97,2026-09-18,False,118.91000366210938,122.01000213623047,-2.84,-9.51,BAJO,20221528064.0,11.26,9.6,2.46,23.69,8.57,35.93,20.14,10.93,8.96,1.23,0.91,,YAHOO,1.2561,1.4372,1.1353,0.057369,3.9063,-0.6476,81.2,2026-10-06,15,,,yahoo,1.0,1.0,1.0,1.0,0.0,1.0,1.0,0.0,0.0,-2.842,-7.8395,-8.2294,-15.0677,17.7629,30.5733,137.6,145.1562,164.2807,-13.5392,-18.04,-27.5813
SW,44.33000183105469,44.33,2026-09-18,False,44.18000030517578,45.3849983215332,-2.53,1.77,BAJO,23818586112.0,48.31,13.31,1.32,2.71,2.62,5.47,1.59,5.1,8.15,0.78,1.45,,YAHOO,1.2561,1.4372,1.1353,0.057369,3.9063,-0.6476,81.2,2026-10-28,37,,,yahoo,1.0,1.0,1.0,1.0,0.0,1.0,0.0,0.0,1.0,2.5683,-2.0548,3.8881,1.2087,34.2401,43.7121,49.56,50.341,50.7913,-10.5529,-11.9405,-12.7214
SWK,89.58000183105469,89.58,2026-09-18,False,88.30999755859375,89.61000061035156,0.52,16.14,BAJO,13392155648.0,21.68,13.9,1.49,6.89,3.8,8.44,4.07,10.6,10.06,0.58,1.43,,YAHOO,1.2561,1.4372,1.1353,0.057369,3.9063,-0.6476,81.2,2026-11-03,43,,,yahoo,1.0,1.0,1.0,1.0,1.0,0.0,0.0,1.0,1.0,0.381,-6.3631,2.4601,4.1609,6.6406,30.9348,99.157,103.1027,103.1027,-9.6585,-13.1158,-13.1158
SYK,275.1199951171875,275.12,2026-09-18,False,274.3699951171875,279.260009765625,-1.79,-28.01,BAJO,105171894272.0,28.38,16.39,4.38,16.51,8.16,27.02,14.43,3.91,15.88,0.64,2.16,,YAHOO,1.2561,1.4372,1.1353,0.057369,3.9063,-0.6476,81.2,2026-10-29,38,,,yahoo,1.0,0.0,1.0,1.0,0.0,0.0,0.0,1.0,0.0,-0.1597,-10.6724,-12.5437,-10.3787,22.026,42.34,330.69,352.25,385.3856,-16.8043,-21.8964,-28.6118
TAP,37.529998779296875,37.53,2026-09-18,False,37.310001373291016,38.849998474121094,-3.97,-17.94,BAJO,7003210240.0,,7.68,0.69,-19.47,3.79,11.3,-20.81,13.35,5.78,0.76,0.88,,YAHOO,1.2561,1.4372,1.1353,0.057369,3.9063,-0.6476,81.2,2026-11-03,43,,,yahoo,0.0,0.0,1.0,1.0,1.0,0.0,1.0,0.0,1.0,-3.5962,-7.4932,-7.0792,-3.6359,32.0263,32.4142,42.4947,42.8703,52.5761,-11.6831,-12.4569,-28.6178
TDG,1086.050048828125,1086.05,2026-09-18,False,1076.5400390625,1090.8599853515625,0.93,-17.12,BAJO,61337595904.0,33.61,22.95,-6.61,,11.82,46.01,21.28,2.38,18.08,,3.02,,YAHOO,1.2561,1.4372,1.1353,0.057369,3.9063,-0.6476,81.2,2026-11-05,45,,,yahoo,1.0,1.0,1.0,0.0,0.0,1.0,0.0,1.0,1.0,-4.7592,-6.1995,-9.908,-18.2382,21.5179,25.2564,1207.0601,1348.49,1450.0,-10.0252,-19.4618,-25.1
TDY,603.4600219726562,603.46,2026-09-18,False,597.9400024414062,606.0,0.25,5.69,BAJO,28234313728.0,29.42,22.76,2.59,9.15,5.14,20.2,15.29,3.23,18.79,0.19,2.18,,YAHOO,1.2561,1.4372,1.1353,0.057369,3.9063,-0.6476,81.2,2026-10-21,30,,,yahoo,1.0,1.0,1.0,1.0,1.0,0.0,1.0,0.0,1.0,-0.0546,-0.7255,-6.7987,-2.6018,1.9115,22.3302,636.15,691.3,691.3,-5.1387,-12.7065,-12.7065
TECH,72.37000274658203,72.37,2026-09-18,False,72.26000213623047,72.44000244140625,-0.06,35.78,BAJO,11364618240.0,62.47,31.42,5.37,9.03,6.67,27.87,14.97,2.02,34.09,0.14,4.55,,YAHOO,1.2561,1.4372,1.1353,0.057369,3.9063,-0.6476,81.2,2026-11-09,49,,,yahoo,1.0,1.0,1.0,1.0,1.0,1.0,0.0,1.0,0.0,0.3466,-0.1104,1.145,25.0434,1.2984,4.0385,72.47,72.47,72.47,-0.138,-0.138,-0.138
TEL,205.4199981689453,205.42,2026-09-18,False,204.44000244140625,207.91000366210938,-0.57,-6.01,BAJO,60800667648.0,20.57,16.26,4.6,23.29,9.69,20.77,15.61,3.84,13.23,0.43,1.88,,YAHOO,1.2561,1.4372,1.1353,0.057369,3.9063,-0.6476,81.2,2026-10-28,37,,,yahoo,1.0,0.0,1.0,1.0,0.0,0.0,1.0,1.0,0.0,-3.0855,-1.9054,-1.3339,-5.2462,22.1939,31.5049,211.96,217.8394,246.3216,-3.0855,-5.7012,-16.605
TER,371.4700012207031,371.47,2026-09-18,False,356.9700012207031,371.7099914550781,5.19,211.67,BAJO,59650252800.0,52.41,32.74,19.0,36.46,19.75,33.16,25.77,0.73,39.49,0.03,2.12,,YAHOO,1.2561,1.4372,1.1353,0.057369,3.9063,-0.6476,81.2,2026-10-21,30,,,yahoo,1.0,0.0,1.0,1.0,0.0,0.0,1.0,0.0,1.0,-2.1727,9.753,-0.6489,-15.1414,27.3163,88.0922,383.69,483.6542,483.6542,-3.1849,-23.1951,-23.1951
TKO,189.25999450683594,189.26,2026-09-18,False,185.47999572753906,190.07000732421875,-0.02,-6.76,BAJO,36173225984.0,66.83,40.83,4.18,7.06,4.5,32.39,4.33,2.37,14.38,0.59,1.28,,YAHOO,1.2561,1.4372,1.1353,0.057369,3.9063,-0.6476,81.2,2026-11-04,44,,,yahoo,1.0,1.0,1.0,1.0,0.0,1.0,1.0,1.0,0.0,-0.1445,0.3247,4.5872,-4.3994,21.1463,33.3739,194.5235,214.9996,222.2776,-2.7058,-11.9719,-14.8542
TPL,352.6700134277344,352.67,2026-09-18,False,346.0799865722656,360.5899963378906,1.58,15.0,BAJO,25299912704.0,46.85,5.02,15.13,36.57,25.81,78.18,60.32,-0.13,33.8,0.01,4.55,,YAHOO,1.2561,1.4372,1.1353,0.057369,3.9063,-0.6476,81.2,2026-11-04,44,,,yahoo,1.0,0.0,1.0,1.0,0.0,0.0,0.0,0.0,0.0,-4.4514,-3.7735,-15.6773,-0.5277,59.0277,44.8733,383.0251,436.9385,538.102,-7.9251,-19.2861,-34.4604
TRGP,292.19000244140625,292.19,2026-09-18,False,284.4100036621094,296.6300048828125,2.5,73.88,BAJO,62047756288.0,27.66,23.95,19.81,70.84,9.24,27.8,13.54,0.11,14.85,5.16,0.77,,YAHOO,1.2561,1.4372,1.1353,0.057369,3.9063,-0.6476,81.2,2026-11-05,45,,,yahoo,1.0,1.0,1.0,1.0,0.0,0.0,1.0,1.0,0.0,0.6684,-0.4599,4.7596,13.5268,22.2515,32.1958,299.1,302.25,302.25,-2.3103,-3.3284,-3.3284
TRMB,57.560001373291016,57.56,2026-09-18,False,57.04999923706055,57.970001220703125,0.4,-31.08,BAJO,13466135552.0,,14.01,2.37,-1.94,4.8,15.13,-2.77,5.1,16.71,0.29,0.95,,YAHOO,1.2561,1.4372,1.1353,0.057369,3.9063,-0.6476,81.2,2026-11-04,44,,,yahoo,1.0,0.0,1.0,0.0,0.0,0.0,1.0,1.0,0.0,-0.1734,-4.2263,11.0125,17.0871,21.5152,33.4998,61.54,61.54,83.52,-6.4673,-6.4673,-31.0824
TROW,104.16000366210938,104.16,2026-09-18,False,102.18000030517578,104.7699966430664,1.28,2.07,BAJO,22319237120.0,10.51,10.14,2.03,19.4,10.66,28.69,29.26,9.07,6.99,0.04,4.04,,YAHOO,1.2561,1.4372,1.1353,0.057369,3.9063,-0.6476,81.2,2026-10-30,39,,,yahoo,1.0,0.0,1.0,0.0,0.0,1.0,1.0,0.0,0.0,-0.7849,-4.892,-10.3343,-2.0383,20.4094,26.9545,111.4831,120.1849,120.1849,-6.5688,-13.3335,-13.3335
TRV,374.6199951171875,374.62,2026-09-18,False,372.5299987792969,376.95001220703125,-1.28,35.3,BAJO,77408452608.0,9.98,12.27,2.34,26.51,4.78,23.7,16.95,19.09,7.09,0.27,0.32,,YAHOO,1.2561,1.4372,1.1353,0.057369,3.9063,-0.6476,81.2,2026-10-16,25,,,yahoo,1.0,1.0,1.0,1.0,0.0,0.0,1.0,0.0,0.0,-0.1546,0.417,1.6965,22.1211,11.3344,28.3663,379.49,395.8665,395.8665,-1.2833,-5.3671,-5.3671
TSCO,32.209999084472656,32.21,2026-09-18,False,32.150001525878906,32.900001525878906,-1.86,-46.47,BAJO,16845228032.0,16.84,15.78,6.43,39.51,7.82,12.07,6.42,0.61,11.99,2.49,1.33,,YAHOO,1.2561,1.4372,1.1353,0.057369,3.9063,-0.6476,81.2,2026-10-22,31,,,yahoo,1.0,0.0,1.0,1.0,1.0,0.0,1.0,1.0,0.0,-2.4235,-6.9075,9.4215,7.2504,17.7097,30.9659,35.92,36.18,58.4625,-10.3285,-10.973,-44.9048
TSN,52.77000045776367,52.77,2026-09-18,False,52.029998779296875,53.40999984741211,0.98,-0.43,BAJO,18300715008.0,32.11,12.6,1.01,3.26,2.56,2.71,1.03,6.51,9.26,0.44,1.43,,YAHOO,1.2561,1.4372,1.1353,0.057369,3.9063,-0.6476,81.2,2026-11-09,49,,,yahoo,1.0,0.0,1.0,1.0,1.0,0.0,1.0,0.0,1.0,-0.3964,1.9513,-6.6387,-3.9621,15.5558,27.7254,57.9391,60.6141,67.5448,-8.9216,-12.9411,-21.8741
TTD,13.920000076293945,13.92,2026-09-18,False,13.890000343322754,14.5,-2.38,-69.88,BAJO,6562396160.0,16.52,13.75,2.53,15.44,6.25,14.21,13.61,8.88,7.84,0.17,1.72,,YAHOO,1.2561,1.4372,1.1353,0.057369,3.9063,-0.6476,81.2,2026-11-05,45,,,yahoo,1.0,1.0,1.0,1.0,0.0,0.0,1.0,0.0,1.0,-2.9289,-7.7535,-23.726,-24.7974,24.1585,67.6761,15.09,19.79,54.13,-7.7535,-29.6614,-74.2841
TTWO,205.4499969482422,205.45,2026-09-18,False,205.19000244140625,211.8000030517578,-2.45,-19.3,BAJO,39250935808.0,,20.4,11.09,-9.04,-0.62,0.51,-4.79,3.2,52.67,0.82,1.06,,YAHOO,1.2561,1.4372,1.1353,0.057369,3.9063,-0.6476,81.2,2026-11-09,49,,,yahoo,0.0,1.0,1.0,1.0,1.0,1.0,0.0,1.0,1.0,-4.6503,-4.0536,-12.9191,-14.1382,35.1411,34.8109,239.62,258.41,262.29,-14.2601,-20.4946,-21.6707
TYL,337.5,337.5,2026-09-18,False,333.8500061035156,342.0400085449219,-1.19,-37.89,BAJO,13614992384.0,43.8,21.66,4.48,9.73,4.18,14.74,13.36,4.37,30.75,0.48,1.55,,YAHOO,1.2561,1.4372,1.1353,0.057369,3.9063,-0.6476,81.2,2026-10-28,37,,,yahoo,1.0,1.0,1.0,1.0,0.0,0.0,0.0,1.0,1.0,0.2465,-11.0133,12.5976,21.0068,5.191,45.9708,379.27,379.27,536.16,-11.0133,-11.0133,-37.0524
UDR,33.900001525878906,33.9,2026-09-18,False,33.869998931884766,34.22999954223633,-0.91,-6.22,BAJO,12449973248.0,21.45,60.52,3.76,13.74,2.24,20.18,29.56,6.26,17.12,1.56,0.18,,YAHOO,1.2561,1.4372,1.1353,0.057369,3.9063,-0.6476,81.2,2026-10-28,37,,,yahoo,1.0,1.0,1.0,1.0,1.0,0.0,1.0,1.0,1.0,-3.0765,-6.4076,-13.6463,-8.6989,5.9689,19.3409,38.2326,40.7677,40.7677,-11.3322,-16.846,-16.846
UHS,176.69000244140625,176.69,2026-09-18,False,176.61000061035156,182.1199951171875,-2.25,-7.23,BAJO,10298566656.0,7.13,7.28,1.37,20.95,8.32,11.14,8.42,4.84,5.76,0.69,1.12,,YAHOO,1.2561,1.4372,1.1353,0.057369,3.9063,-0.6476,81.2,2026-10-26,35,,,yahoo,1.0,1.0,1.0,1.0,1.0,0.0,1.0,1.0,1.0,1.0639,4.4205,18.0026,25.3083,34.854,31.6337,181.21,181.21,243.1212,-2.4943,-2.4943,-27.3243
ULTA,540.97998046875,540.98,2026-09-18,False,536.5499877929688,547.5800170898438,-0.51,-0.41,BAJO,23852683264.0,20.3,17.39,8.79,46.12,14.84,12.51,9.34,3.83,13.53,0.95,1.34,,YAHOO,1.2561,1.4372,1.1353,0.057369,3.9063,-0.6476,81.2,2026-12-03,73,2026-08-27,25.0,yahoo,1.0,0.0,1.0,1.0,1.0,0.0,1.0,0.0,0.0,-1.0608,-2.8953,10.5236,18.6021,33.1182,35.1238,564.12,565.15,706.82,-4.102,-4.2767,-23.4628
UPS,99.05999755859375,99.06,2026-09-18,False,98.69999694824219,100.0,-1.11,22.56,BAJO,80611557376.0,17.61,11.74,5.35,29.6,7.28,9.05,5.08,6.94,8.66,1.9,1.18,,YAHOO,1.2561,1.4372,1.1353,0.057369,3.9063,-0.6476,81.2,2026-10-27,36,,,yahoo,1.0,0.0,1.0,1.0,0.0,1.0,1.0,1.0,0.0,-1.2166,-4.2899,-13.4954,-4.025,32.7487,27.8301,105.68,115.8725,115.8725,-6.2642,-14.5095,-14.5095
URI,1013.9099731445312,1013.91,2026-09-18,False,991.1400146484375,1015.9600219726562,1.14,6.86,BAJO,64104787968.0,24.78,17.97,6.96,28.89,8.77,25.99,15.67,2.66,16.92,1.67,0.76,,YAHOO,1.2561,1.4372,1.1353,0.057369,3.9063,-0.6476,81.2,2026-10-21,30,,,yahoo,1.0,0.0,1.0,1.0,1.0,0.0,1.0,0.0,0.0,2.5063,2.0164,0.2091,-5.6789,17.4263,36.777,1098.51,1164.8199,1164.8199,-7.7013,-12.9556,-12.9556
VICI,23.719999313354492,23.72,2026-09-18,False,23.719999313354492,24.100000381469727,-1.62,-22.54,BAJO,26480912384.0,9.32,8.04,0.91,9.85,4.82,70.18,67.5,1.01,12.22,0.6,11.24,,YAHOO,1.2561,1.4372,1.1353,0.057369,3.9063,-0.6476,81.2,2026-10-29,38,,,yahoo,1.0,1.0,1.0,0.0,1.0,0.0,0.0,1.0,1.0,-2.6447,-5.7571,-9.0545,-8.0163,11.9413,20.5126,26.2778,26.6997,30.7538,-9.7337,-11.1602,-22.8714
VLO,413.2799987792969,413.28,2026-09-18,False,409.1499938964844,416.6600036621094,0.18,156.01,BAJO,113233223680.0,16.41,10.54,4.53,27.64,10.56,12.27,5.45,7.43,8.97,0.4,1.64,,YAHOO,1.2561,1.4372,1.1353,0.057369,3.9063,-0.6476,81.2,2026-10-22,31,,,yahoo,1.0,0.0,1.0,1.0,0.0,1.0,1.0,1.0,0.0,5.8552,11.4894,31.7907,75.5722,23.1446,32.8063,413.28,413.28,413.28,0.0,0.0,0.0
VLTO,94.48999786376953,94.49,2026-09-18,False,94.19000244140625,95.20999908447266,-0.8,-12.84,BAJO,23204249600.0,23.97,19.95,7.51,34.31,10.31,21.37,17.35,3.48,17.75,1.16,1.77,,YAHOO,1.2561,1.4372,1.1353,0.057369,3.9063,-0.6476,81.2,2026-10-21,30,,,yahoo,1.0,0.0,1.0,1.0,1.0,0.0,0.0,1.0,0.0,0.4145,-3.4634,4.7793,12.6271,8.3118,24.3029,99.37,100.1,106.6836,-4.9109,-5.6044,-11.4297
VMC,240.8300018310547,240.83,2026-09-18,False,240.69000244140625,243.97000122070312,-1.5,-20.3,BAJO,31902283776.0,29.03,23.14,3.76,13.23,6.04,21.61,13.75,2.64,15.67,0.58,1.76,,YAHOO,1.2561,1.4372,1.1353,0.057369,3.9063,-0.6476,81.2,2026-10-29,38,,,yahoo,1.0,1.0,1.0,1.0,1.0,1.0,1.0,1.0,1.0,-4.7124,-7.4549,-12.8175,-20.3284,14.6927,29.3139,276.04,312.3896,328.4807,-12.7554,-22.9072,-26.6837
VRSK,175.41000366210938,175.41,2026-09-18,False,173.69000244140625,178.3699951171875,-0.61,-29.35,BAJO,22389438464.0,26.42,19.78,-19.3,,18.96,45.11,28.24,4.71,17.45,,1.0,,YAHOO,1.2561,1.4372,1.1353,0.057369,3.9063,-0.6476,81.2,2026-10-28,37,,,yahoo,1.0,0.0,1.0,1.0,1.0,1.0,1.0,1.0,0.0,-0.1815,-7.7229,-9.9205,1.1969,32.3812,40.2974,193.8304,212.5802,249.0065,-9.5034,-17.4852,-29.5561
VRSN,303.1199951171875,303.12,2026-09-18,False,300.3900146484375,307.20001220703125,0.35,5.79,BAJO,27859470336.0,33.46,27.85,-12.36,,45.12,68.18,49.77,2.99,24.57,,0.59,,YAHOO,1.2561,1.4372,1.1353,0.057369,3.9063,-0.6476,81.2,2026-10-22,31,,,yahoo,1.0,1.0,1.0,1.0,0.0,1.0,1.0,1.0,1.0,3.5564,3.3305,14.225,14.8767,10.7084,29.1972,303.12,303.12,309.0927,0.0,0.0,-1.9323
VTR,86.69000244140625,86.69,2026-09-18,False,86.55000305175781,87.66000366210938,-1.16,29.24,BAJO,44641722368.0,158.24,110.16,3.05,2.01,2.17,14.81,4.09,3.33,24.33,0.85,0.29,,YAHOO,1.2561,1.4372,1.1353,0.057369,3.9063,-0.6476,81.2,2026-10-28,37,,,yahoo,1.0,1.0,1.0,1.0,1.0,0.0,0.0,0.0,1.0,-3.6671,-5.8843,-11.1965,6.86,5.2854,26.1856,93.83,100.53,100.53,-7.6095,-13.767,-13.767
VTRS,16.950000762939453,16.95,2026-09-18,False,16.90999984741211,17.200000762939453,-1.05,76.44,BAJO,19640903680.0,,6.43,1.36,-2.75,2.67,12.55,-2.79,13.63,7.4,0.96,1.58,,YAHOO,1.2561,1.4372,1.1353,0.057369,3.9063,-0.6476,81.2,2026-11-05,45,,,yahoo,0.0,0.0,1.0,1.0,1.0,0.0,1.0,0.0,1.0,2.6651,0.059,-2.9157,11.1069,21.8649,28.9146,17.13,17.727,17.727,-1.0508,-4.3834,-4.3834
WAB,280.2300109863281,280.23,2026-09-18,False,276.3699951171875,280.3800048828125,0.51,46.33,BAJO,47865958400.0,38.14,22.75,4.27,11.55,6.17,19.19,10.59,2.3,20.43,0.62,1.12,,YAHOO,1.2561,1.4372,1.1353,0.057369,3.9063,-0.6476,81.2,2026-10-21,30,,,yahoo,1.0,0.0,1.0,1.0,0.0,0.0,1.0,1.0,0.0,-1.0557,-0.2136,6.4468,2.4429,10.6166,30.6054,300.54,305.4747,305.4747,-6.7578,-8.2641,-8.2641
WAT,421.6300048828125,421.63,2026-09-18,False,420.79998779296875,430.6400146484375,-1.88,36.05,BAJO,41622949888.0,107.05,25.62,2.74,1.92,3.56,9.42,3.59,-0.34,32.08,0.36,1.86,,YAHOO,1.2561,1.4372,1.1353,0.057369,3.9063,-0.6476,81.2,2026-10-30,39,,,yahoo,1.0,0.0,1.0,1.0,1.0,0.0,0.0,0.0,0.0,3.2546,1.9514,14.7136,18.622,31.243,27.1242,429.72,429.72,429.72,-1.8826,-1.8826,-1.8826
WDAY,193.8699951171875,193.87,2026-09-18,False,193.22999572753906,199.5,-2.71,-18.54,BAJO,46252720128.0,39.17,14.5,7.15,16.01,4.51,11.82,12.32,6.59,29.4,0.58,0.91,,YAHOO,1.2561,1.4372,1.1353,0.057369,3.9063,-0.6476,81.2,2026-11-23,63,2026-08-27,25.0,finnhub,1.0,1.0,1.0,1.0,1.0,0.0,1.0,1.0,1.0,4.3996,-6.3068,37.3309,65.8,65.2368,69.3128,206.92,206.92,247.69,-6.3068,-6.3068,-21.7288
WEC,103.16999816894531,103.17,2026-09-18,False,103.16999816894531,104.11000061035156,-1.49,-4.1,BAJO,33718894592.0,20.09,17.25,,11.99,3.03,21.8,16.69,-6.98,14.41,1.58,0.53,,YAHOO,1.2561,1.4372,1.1353,0.057369,3.9063,-0.6476,81.2,2026-10-29,38,,,yahoo,1.0,0.0,1.0,1.0,1.0,0.0,0.0,0.0,1.0,-2.0507,-3.3083,-6.9314,-7.2218,21.5728,17.4521,107.58,117.8229,117.8229,-4.0993,-12.4364,-12.4364
WM,211.10000610351562,211.1,2026-09-18,False,211.0,212.99000549316406,-1.05,-2.16,BAJO,82757033984.0,29.28,22.71,8.34,29.84,6.57,18.99,11.12,2.84,13.58,2.35,0.91,,YAHOO,1.2561,1.4372,1.1353,0.057369,3.9063,-0.6476,81.2,2026-10-26,35,,,yahoo,1.0,0.0,1.0,1.0,1.0,1.0,0.0,1.0,1.0,-1.1056,-4.369,-9.069,-1.1962,8.9488,21.4271,225.4636,241.1841,243.3986,-6.3707,-12.4735,-13.2698
WMB,72.05000305175781,72.05,2026-09-18,False,71.25,73.29000091552734,0.33,21.4,BAJO,87639949312.0,28.55,27.59,6.66,21.5,5.03,39.54,24.94,-1.73,17.12,2.0,0.48,,YAHOO,1.2561,1.4372,1.1353,0.057369,3.9063,-0.6476,81.2,2026-11-02,42,,,yahoo,1.0,1.0,1.0,1.0,0.0,1.0,0.0,1.0,1.0,-1.0981,-1.9943,-1.0725,-0.7478,15.8468,27.3017,75.2833,77.3582,78.2497,-4.2948,-6.8619,-7.923
WSM,224.1999969482422,224.2,2026-09-18,False,217.5500030517578,224.42999267578125,2.41,12.33,BAJO,26754717696.0,23.3,21.61,14.3,54.96,16.64,17.27,14.73,4.0,16.42,0.71,1.45,,YAHOO,1.2561,1.4372,1.1353,0.057369,3.9063,-0.6476,81.2,2026-11-18,58,2026-08-26,26.0,yahoo,1.0,0.0,1.0,1.0,0.0,0.0,1.0,0.0,0.0,-0.8973,0.6464,1.3883,-0.8688,39.8747,28.3833,238.4,251.78,251.78,-5.9564,-10.954,-10.954
WST,362.30999755859375,362.31,2026-09-18,False,359.5199890136719,366.8599853515625,-1.17,40.97,BAJO,25460541440.0,46.2,36.26,8.52,19.09,11.38,22.47,16.98,1.09,27.78,0.11,2.82,,YAHOO,1.2561,1.4372,1.1353,0.057369,3.9063,-0.6476,81.2,2026-10-22,31,,,yahoo,1.0,0.0,1.0,1.0,1.0,1.0,1.0,1.0,0.0,4.6443,5.7129,0.9205,10.5494,29.3031,24.9649,366.6,366.6,366.6,-1.1702,-1.1702,-1.1702
WTW,309.9800109863281,309.98,2026-09-18,False,307.0299987792969,312.9200134277344,-0.32,-6.95,BAJO,28494968832.0,19.0,13.43,3.71,19.76,5.08,17.56,15.49,4.97,12.08,0.91,1.1,,YAHOO,1.2561,1.4372,1.1353,0.057369,3.9063,-0.6476,81.2,2026-10-29,38,,,yahoo,1.0,1.0,1.0,1.0,0.0,1.0,1.0,0.0,0.0,-1.7838,-9.3785,7.3264,21.9077,18.5319,31.7104,350.75,350.75,350.75,-11.6237,-11.6237,-11.6237
WY,21.219999313354492,21.22,2026-09-18,False,21.200000762939453,21.600000381469727,-2.03,-11.94,BAJO,15142663168.0,31.83,31.24,1.6,4.97,0.67,8.03,6.89,0.09,29.16,0.58,1.82,,YAHOO,1.2561,1.4372,1.1353,0.057369,3.9063,-0.6476,81.2,2026-10-29,38,,,yahoo,1.0,0.0,1.0,1.0,0.0,0.0,1.0,0.0,0.0,-3.8078,-7.0521,-9.2961,-11.9441,18.3614,29.5806,24.2073,25.6045,26.396,-12.3406,-17.1239,-19.6091
WYNN,81.68000030517578,81.68,2026-09-18,False,81.4000015258789,83.23999786376953,-1.54,-37.5,BAJO,8579784192.0,19.98,16.17,-50.1,,5.73,16.54,6.05,5.55,9.93,,0.91,,YAHOO,1.2561,1.4372,1.1353,0.057369,3.9063,-0.6476,81.2,2026-11-05,45,,,yahoo,1.0,0.0,1.0,1.0,1.0,0.0,1.0,0.0,0.0,-6.8643,-10.7907,-13.4736,-22.4107,11.7279,24.257,100.28,104.5341,132.1289,-18.5481,-21.8628,-38.1816
XEL,72.30000305175781,72.3,2026-09-18,False,72.16999816894531,73.26000213623047,-1.81,1.73,BAJO,44879974400.0,19.68,15.82,1.86,9.92,2.37,22.7,15.28,-17.62,13.81,1.73,0.7,,YAHOO,1.2561,1.4372,1.1353,0.057369,3.9063,-0.6476,81.2,2026-10-29,38,,,yahoo,1.0,0.0,1.0,1.0,0.0,1.0,0.0,1.0,0.0,-3.4665,-4.5287,-7.4152,-5.8484,23.1415,18.0259,77.0589,81.5725,82.0098,-6.1756,-11.3672,-11.8398
XYL,107.55999755859375,107.56,2026-09-18,False,106.80000305175781,108.26000213623047,-0.04,-24.85,BAJO,25039126528.0,25.59,17.17,2.28,9.18,5.11,17.0,11.15,4.73,13.68,0.29,1.61,,YAHOO,1.2561,1.4372,1.1353,0.057369,3.9063,-0.6476,81.2,2026-11-03,43,,,yahoo,1.0,1.0,1.0,1.0,1.0,0.0,0.0,1.0,0.0,0.561,-0.3059,-7.7185,-3.097,3.4391,25.9443,113.7471,124.825,150.8356,-5.4394,-13.8313,-28.6906
YUM,137.99000549316406,137.99,2026-09-18,False,134.25999450683594,138.32000732421875,1.65,-4.73,BAJO,38023307264.0,17.57,19.91,-5.27,,22.69,32.78,25.41,2.19,16.54,,0.59,,YAHOO,1.2561,1.4372,1.1353,0.057369,3.9063,-0.6476,81.2,2026-11-03,43,,,yahoo,1.0,0.0,1.0,1.0,1.0,0.0,1.0,0.0,0.0,-2.0444,-9.0824,-5.765,-8.7534,36.0274,31.1527,156.5607,166.6498,166.6498,-11.8616,-17.1976,-17.1976
ZBH,95.36000061035156,95.36,2026-09-18,False,93.72000122070312,96.16999816894531,1.18,-5.4,BAJO,17990379520.0,22.89,10.4,1.42,6.41,3.88,17.96,9.48,5.96,9.96,0.6,1.69,,YAHOO,1.2561,1.4372,1.1353,0.057369,3.9063,-0.6476,81.2,2026-11-05,45,,,yahoo,1.0,0.0,1.0,1.0,0.0,1.0,1.0,0.0,0.0,2.0002,-3.5989,7.2425,8.6886,34.7582,33.5299,101.38,101.38,103.1494,-5.9381,-5.9381,-7.5516
ZBRA,346.6300048828125,346.63,2026-09-18,False,342.07000732421875,349.989990234375,-0.34,5.79,BAJO,16598471680.0,32.13,15.8,4.84,15.29,7.32,21.26,9.22,3.47,16.39,0.86,0.52,,YAHOO,1.2561,1.4372,1.1353,0.057369,3.9063,-0.6476,81.2,2026-11-03,43,,,yahoo,1.0,0.0,1.0,1.0,0.0,0.0,1.0,0.0,1.0,-1.0674,-3.0406,32.0999,46.8896,29.3377,62.8596,368.51,383.06,383.06,-5.9374,-9.5103,-9.5103
ZTS,71.4000015258789,71.4,2026-09-18,False,71.4000015258789,73.05000305175781,-2.22,-52.09,BAJO,29475241984.0,11.64,10.92,,64.91,15.35,40.72,27.68,6.84,9.11,2.94,3.08,,YAHOO,1.2561,1.4372,1.1353,0.057369,3.9063,-0.6476,81.2,2026-11-03,43,,,yahoo,1.0,0.0,1.0,1.0,0.0,1.0,1.0,1.0,0.0,-2.1516,-6.4098,-5.2422,-8.6549,15.7827,31.8283,77.73,77.93,144.7499,-8.1436,-8.3793,-50.6736
