Ticker,Precio,Cierre_Confirmado,Fecha_Cierre_Confirmado,Precio_Es_Intradiario,Low,High,Change (%),RS 20D,Credit Stress,Market Cap,P/E,Forward P/E,P/Book,ROE,ROA,Operating Margin,Net Margin,FCF Yield,EV/EBITDA,Debt/Equity,Current Ratio,Piotroski,Fund Source,Grain_IS,ZC_Surprise,ZS_Surprise,SPX_Quarterly_Divisor,SPX_ROC_63d,z_MOVE_inv,MOVE_price,Earnings_Next_Date,Earnings_Days_To_Next,Earnings_Last_Date,Earnings_Days_Since,Earnings_Source,piotroski_roa_positive,piotroski_d_roa,piotroski_cfo_positive,piotroski_cfo_gt_ni,piotroski_d_leverage,piotroski_d_liquidity,piotroski_no_dilution,piotroski_d_margin,piotroski_d_turnover,roc_5d,roc_10d,roc_42d,roc_63d,vol_5d,vol_60d,high_20d,high_60d,high_252d,drawdown_20d,drawdown_60d,drawdown_252d
^GSPC,7674.3701171875,7641.1602,2026-08-20,True,7660.06005859375,7697.10986328125,0.43,0.24,BAJO,,,,,,,,,,,,,,NONE,1.8505,2.9856,1.0937,0.067323,3.0709,0.2421,73.4,,999,,,none,,,,,,,,,,-1.4307,-1.0734,4.194,,10.2536,13.793,7798.9902,7798.9902,,-1.5979,-1.5979,
^DJI,53277.01171875,52759.2109,2026-08-20,True,52768.87109375,53355.921875,0.98,2.88,BAJO,,,,,,,,,,,,,,NONE,1.8505,2.9856,1.0937,0.067323,3.0709,0.2421,73.4,,999,,,none,,,,,,,,,,-0.8475,-1.4063,3.1165,,15.2459,13.062,54349.1211,54349.1211,,-1.9726,-1.9726,
^IXIC,26180.455078125,26067.1699,2026-08-20,True,26049.294921875,26269.845703125,0.43,-3.07,BAJO,,,,,,,,,,,,,,NONE,1.8505,2.9856,1.0937,0.067323,3.0709,0.2421,73.4,,999,,,none,,,,,,,,,,-2.0528,-1.9114,2.3192,,13.7034,21.9399,26803.0293,27093.9004,,-2.3228,-3.3714,
^RUT,3017.870849609375,2992.4299,2026-08-20,True,3000.04833984375,3020.242431640625,0.85,2.73,BAJO,,,,,,,,,,,,,,NONE,1.8505,2.9856,1.0937,0.067323,3.0709,0.2421,73.4,,999,,,none,,,,,,,,,,-1.6474,-0.5477,1.4247,,18.3882,16.9225,3068.4199,3068.4199,,-1.6474,-1.6474,
^VIX,15.130000114440918,16.01,2026-08-20,True,15.079999923706055,15.880000114440918,-5.5,-12.18,BAJO,,,,,,,,,,,,,,NONE,1.8505,2.9856,1.0937,0.067323,3.0709,0.2421,73.4,,999,,,none,,,,,,,,,,6.1754,1.5436,-22.3704,-9.4012,108.8484,138.3352,20.66,22.22,,-26.7667,-31.9082,
^MOVE,73.3988037109375,73.18,2026-08-20,True,73.177001953125,73.3988037109375,0.3,-8.86,BAJO,,,,,,,,,,,,,,NONE,1.8505,2.9856,1.0937,0.067323,3.0709,0.2421,73.4,,999,,,none,,,,,,,,,,5.4884,1.9003,6.7153,,50.785,69.83,83.02,83.02,,-11.589,-11.589,
^TNX,4.73799991607666,4.696,2026-08-20,True,4.691999912261963,4.74399995803833,0.89,0.86,BAJO,,,,,,,,,,,,,,NONE,1.8505,2.9856,1.0937,0.067323,3.0709,0.2421,73.4,,999,,,none,,,,,,,,,,0.8944,1.6738,5.4529,3.3144,15.9886,13.4978,4.745,4.745,,-0.1475,-0.1475,
^IRX,3.7099997997283936,3.703,2026-08-20,True,3.697000026702881,3.7179999351501465,0.19,1.12,BAJO,,,,,,,,,,,,,,NONE,1.8505,2.9856,1.0937,0.067323,3.0709,0.2421,73.4,,999,,,none,,,,,,,,,,0.3516,-0.0,0.542,3.5734,2.1394,10.0456,3.797,3.805,,-2.2913,-2.4967,
DX-Y.NYB,98.83899688720703,98.9,2026-08-20,True,98.56199645996094,98.91100311279297,-0.06,-2.8,BAJO,,,,,,,,,,,,,,NONE,1.8505,2.9856,1.0937,0.067323,3.0709,0.2421,73.4,,999,,,none,,,,,,,,,,-0.8338,-0.7641,-2.5353,-0.3539,6.6381,4.7094,101.51,101.61,,-2.6313,-2.7271,
^N225,66016.359375,66216.7891,2026-08-20,True,65260.21875,66125.8828125,-0.3,4.57,BAJO,,,,,,,,,,,,,,NONE,1.8505,2.9856,1.0937,0.067323,3.0709,0.2421,73.4,,999,,,none,,,,,,,,,,-3.9256,0.5071,-8.7592,4.2269,33.0773,34.6763,69220.25,72366.3438,,-4.6285,-8.7748,
^MERV,2913183.5,2875950.0,2026-08-20,True,2875949.5,2946378.5,1.29,-1.21,BAJO,,,,,,,,,,,,,,NONE,1.8505,2.9856,1.0937,0.067323,3.0709,0.2421,73.4,,999,,,none,,,,,,,,,,-2.9127,-6.0485,-11.116,,21.0566,29.0364,3305316.0,3379772.0,,-11.8637,-13.8053,
^NYA,24728.666015625,24548.2598,2026-08-20,True,24548.255859375,24756.794921875,0.73,4.02,BAJO,,,,,,,,,,,,,,NONE,1.8505,2.9856,1.0937,0.067323,3.0709,0.2421,73.4,,999,,,none,,,,,,,,,,-0.3747,0.5425,5.3915,,9.9684,9.5388,24821.6797,24821.6797,,-0.3747,-0.3747,
^HSI,26009.4609375,25698.4902,2026-08-20,True,25807.609375,26009.4609375,1.21,0.0,BAJO,,,,,,,,,,,,,,NONE,1.8505,2.9856,1.0937,0.067323,3.0709,0.2421,73.4,,999,,,none,,,,,,,,,,3.5538,1.3302,11.455,2.4538,8.8622,18.9612,26009.4609,26038.3203,,0.0,-0.1108,
^TWII,45224.2890625,44933.7383,2026-08-20,True,44583.87109375,45254.83984375,0.65,6.87,BAJO,,,,,,,,,,,,,,NONE,1.8505,2.9856,1.0937,0.067323,3.0709,0.2421,73.4,,999,,,none,,,,,,,,,,-1.2807,2.2575,-3.9837,6.9942,16.6518,36.1477,46021.4805,47741.5117,,-1.7322,-5.2726,
^KS11,6912.9501953125,6852.5801,2026-08-20,True,6742.43994140625,6954.1201171875,0.88,-14.0,BAJO,,,,,,,,,,,,,,NONE,1.8505,2.9856,1.0937,0.067323,3.0709,0.2421,73.4,,999,,,none,,,,,,,,,,1.462,9.7925,-24.1548,,77.5026,80.751,6977.9399,9114.5498,,-0.9314,-24.1548,
^GDAXI,26136.560546875,25983.0391,2026-08-20,True,25969.51953125,26166.25,0.59,3.77,BAJO,,,,,,,,,,,,,,NONE,1.8505,2.9856,1.0937,0.067323,3.0709,0.2421,73.4,,999,,,none,,,,,,,,,,-1.1488,-0.6949,5.6434,3.7787,9.3137,13.2983,26440.3105,26440.3105,,-1.1488,-1.1488,
^FTSE,10816.599609375,10748.2002,2026-08-20,True,10734.900390625,10831.599609375,0.64,1.12,BAJO,,,,,,,,,,,,,,NONE,1.8505,2.9856,1.0937,0.067323,3.0709,0.2421,73.4,,999,,,none,,,,,,,,,,0.6186,-0.7752,3.3934,3.0997,4.413,9.3413,10908.4004,10908.4004,,-0.8416,-0.8416,
^AEX,1105.969970703125,1102.78,2026-08-20,True,1101.6300048828125,1107.52001953125,0.29,4.41,BAJO,,,,,,,,,,,,,,NONE,1.8505,2.9856,1.0937,0.067323,3.0709,0.2421,73.4,,999,,,none,,,,,,,,,,-1.0601,-0.4948,3.8128,6.1208,6.9393,10.408,1119.59,1119.59,,-1.2165,-1.2165,
^IBEX,19961.5,19811.0,2026-08-20,True,19863.0,20020.80078125,0.76,8.6,BAJO,,,,,,,,,,,,,,NONE,1.8505,2.9856,1.0937,0.067323,3.0709,0.2421,73.4,,999,,,none,,,,,,,,,,-0.9679,-1.0631,2.9501,9.1335,8.48,13.7156,20213.5996,20213.5996,,-1.2472,-1.2472,
FTSEMIB.MI,52668.0,52668.0,2026-08-20,False,52653.0,52989.0,0.0,20.0,BAJO,,,,,,,,,,,,,,YAHOO,1.8505,2.9856,1.0937,0.067323,3.0709,0.2421,73.4,,999,,,none,,,,,,,,,,-1.7095,-1.9528,1.9927,5.5492,9.0002,13.6416,53717.0,53717.0,53717.0,-1.9528,-1.9528,-1.9528
^SSMI,14456.98046875,14368.1602,2026-08-20,True,14279.58984375,14473.7998046875,0.62,5.07,BAJO,,,,,,,,,,,,,,NONE,1.8505,2.9856,1.0937,0.067323,3.0709,0.2421,73.4,,999,,,none,,,,,,,,,,0.4608,-0.6045,2.4029,6.8854,5.3047,9.6772,14633.7002,14633.7002,,-1.2076,-1.2076,
^OMXC25,1906.8497314453125,1890.53,2026-08-20,True,1890.796142578125,1907.9708251953125,0.86,4.29,BAJO,,,,,,,,,,,,,,NONE,1.8505,2.9856,1.0937,0.067323,3.0709,0.2421,73.4,,999,,,none,,,,,,,,,,0.4007,3.289,6.4994,,10.489,15.1372,1906.8497,1912.84,,0.0,-0.3132,
^GSPTSE,36620.23046875,36365.3984,2026-08-20,True,36474.75,36717.75,0.7,3.97,BAJO,,,,,,,,,,,,,,NONE,1.8505,2.9856,1.0937,0.067323,3.0709,0.2421,73.4,,999,,,none,,,,,,,,,,-0.2997,0.657,4.6227,6.2337,9.9359,11.3283,36759.3008,36759.3008,,-0.3783,-0.3783,
^AXJO,9058.900390625,9083.7998,2026-08-20,True,9045.0,9083.7998046875,-0.27,2.62,BAJO,,,,,,,,,,,,,,NONE,1.8505,2.9856,1.0937,0.067323,3.0709,0.2421,73.4,,999,,,none,,,,,,,,,,-0.6176,-2.2097,2.8439,4.2211,4.2194,10.0799,9271.5996,9271.5996,,-2.2941,-2.2941,
^MXX,65729.1796875,64349.8008,2026-08-20,True,64559.7890625,66082.1484375,2.14,-6.33,BAJO,,,,,,,,,,,,,,NONE,1.8505,2.9856,1.0937,0.067323,3.0709,0.2421,73.4,,999,,,none,,,,,,,,,,2.068,-1.8068,-0.8281,-5.0123,17.96,15.2403,67307.5391,68890.3281,,-2.345,-4.5887,
^BVSP,171031.734375,167927.0,2026-08-20,True,167928.328125,171979.78125,1.85,-6.18,BAJO,,,,,,,,,,,,,,NONE,1.8505,2.9856,1.0937,0.067323,3.0709,0.2421,73.4,,999,,,none,,,,,,,,,,2.4547,-0.8586,0.3077,-3.5675,15.0426,16.597,178000.0,178000.0,,-3.9148,-3.9148,
HYG,79.61000061035156,79.56,2026-08-20,True,79.55000305175781,79.6500015258789,0.06,2.78,BAJO,,,,,,,,,,,,,,YAHOO,1.8505,2.9856,1.0937,0.067323,3.0709,0.2421,73.4,,999,,,none,,,,,,,,,,-0.1255,0.0,0.6227,1.0998,2.9082,3.0795,79.79,79.79,79.79,-0.2256,-0.2256,-0.2256
LQD,105.91999816894531,106.06,2026-08-20,True,105.81500244140625,106.0198974609375,-0.13,-1.1,BAJO,,,,,,,,,,,,,,YAHOO,1.8505,2.9856,1.0937,0.067323,3.0709,0.2421,73.4,,999,,,none,,,,,,,,,,-0.1885,-0.5913,-1.9811,-0.9364,7.8227,5.2803,106.76,108.8446,109.1732,-0.7868,-2.6869,-2.9799
TLT,82.05000305175781,82.34,2026-08-20,True,81.90010070800781,82.2699966430664,-0.35,-3.15,BAJO,,,-4102.5,0.55,,,,,,,,,,YAHOO,1.8505,2.9856,1.0937,0.067323,3.0709,0.2421,73.4,,999,,,none,,,,,,,,,,0.0122,-0.8579,-4.078,-1.4367,17.201,9.6007,83.902,86.7786,88.7882,-2.2074,-5.4491,-7.5891
GC=F,4661.60009765625,4516.2998,2026-08-20,True,4565.5,4690.2998046875,3.22,0.23,BAJO,,,,,,,,,,,,,,NONE,1.8505,2.9856,1.0937,0.067323,3.0709,0.2421,73.4,,999,,,none,,,,,,,,,,6.4195,7.3928,12.8744,2.6829,32.5226,26.3892,4661.6001,4661.6001,,0.0,0.0,
HG=F,6.579999923706055,6.46,2026-08-20,True,6.479000091552734,6.618500232696533,1.86,2.71,BAJO,,,,,,,,,,,,,,NONE,1.8505,2.9856,1.0937,0.067323,3.0709,0.2421,73.4,,999,,,none,,,,,,,,,,-0.2955,0.1446,7.1487,5.1622,24.2384,24.3017,6.703,6.703,,-1.835,-1.835,
CL=F,86.63999938964844,87.83,2026-08-20,True,85.80000305175781,87.51000213623047,-1.35,-12.53,BAJO,,,,,,,,,,,,,,NONE,1.8505,2.9856,1.0937,0.067323,3.0709,0.2421,73.4,,999,,,none,,,,,,,,,,5.1456,10.8212,18.3445,-10.0778,24.2778,52.8648,87.83,96.02,,-1.3549,-9.7688,
ZS=F,1240.25,1220.75,2026-08-20,True,1224.5,1240.25,1.6,1.4,BAJO,,,,,,,,,,,,,,NONE,1.8505,2.9856,1.0937,0.067323,3.0709,0.2421,73.4,,999,,,none,,,,,,,,,,5.6656,7.2417,11.034,3.8518,16.245,19.3149,1240.25,1248.0,,0.0,-0.621,
ZC=F,508.25,478.75,2026-08-20,True,499.0,509.0,6.16,7.5,BAJO,,,,,,,,,,,,,,NONE,1.8505,2.9856,1.0937,0.067323,3.0709,0.2421,73.4,,999,,,none,,,,,,,,,,10.7298,15.7745,24.039,9.9513,44.2295,28.7579,508.25,508.25,,0.0,0.0,
BTC-USD,77830.5234375,73032.7578,2026-08-20,True,77750.5859375,78326.96875,6.57,-35.86,BAJO,1560572329984.0,,,,,,,,,,,,,YAHOO,1.8505,2.9856,1.0937,0.067323,3.0709,0.2421,73.4,,999,,,none,,,,,,,,,,23.8972,22.4677,21.3691,22.489,49.6008,31.7429,77830.5234,77830.5234,96929.3281,0.0,0.0,-19.7038
ETH-USD,2514.669921875,2326.3848,2026-08-20,True,2498.55712890625,2515.973876953125,8.09,-50.4,BAJO,303631958016.0,,,,,,,,,,,,,YAHOO,1.8505,2.9856,1.0937,0.067323,3.0709,0.2421,73.4,,999,,,none,,,,,,,,,,34.1914,33.6614,40.0389,46.9723,119.544,50.2847,2514.6699,2514.6699,3354.7227,0.0,0.0,-25.0409
IBIT,43.68000030517578,41.2,2026-08-20,True,43.165000915527344,44.125,6.02,-33.87,BAJO,,,,,,,,,,,,,,YAHOO,1.8505,2.9856,1.0937,0.067323,3.0709,0.2421,73.4,,999,,,none,,,,,,,,,,22.5933,18.6957,23.7043,-0.7273,44.3144,42.2441,43.68,43.68,71.29,0.0,0.0,-38.7291
SPY,765.719970703125,762.6,2026-08-20,True,764.1699829101562,767.8499755859375,0.41,19.37,BAJO,,25.79,,1.78,,,,,,,,,,YAHOO,1.8505,2.9856,1.0937,0.067323,3.0709,0.2421,73.4,,999,,,none,,,,,,,,,,-1.368,-0.9751,4.3812,3.3623,9.9237,14.0706,777.88,777.88,777.88,-1.5632,-1.5632,-1.5632
QQQ,713.4400024414062,710.93,2026-08-20,True,709.2050170898438,715.673828125,0.35,24.82,BAJO,,30.51,,1.99,,,,,,,,,,YAHOO,1.8505,2.9856,1.0937,0.067323,3.0709,0.2421,73.4,,999,,,none,,,,,,,,,,-2.4115,-1.3264,-0.0294,-0.04,13.8201,26.2243,732.07,745.3409,745.3409,-2.5448,-4.28,-4.28
DIA,532.219970703125,527.073,2026-08-20,True,529.4299926757812,532.9000244140625,0.98,18.18,BAJO,,22.11,,,,,,,,,,,,YAHOO,1.8505,2.9856,1.0937,0.067323,3.0709,0.2421,73.4,,999,,,none,,,,,,,,,,-0.771,-1.2896,3.1343,6.1928,14.9434,12.9699,542.3603,542.3603,542.3603,-1.8697,-1.8697,-1.8697
IWM,299.9599914550781,297.67,2026-08-20,True,298.1700134277344,300.3299865722656,0.77,31.67,BAJO,,18.6,,1.37,,,,,,,,,,YAHOO,1.8505,2.9856,1.0937,0.067323,3.0709,0.2421,73.4,,999,,,none,,,,,,,,,,-1.6815,-0.5306,1.5712,6.4368,17.8193,16.9779,305.09,305.09,305.09,-1.6815,-1.6815,-1.6815
GLD,423.3599853515625,415.26,2026-08-20,True,419.4200134277344,424.8800048828125,1.95,35.32,BAJO,,,,2.49,,,,,,,,,,YAHOO,1.8505,2.9856,1.0937,0.067323,3.0709,0.2421,73.4,,999,,,none,,,,,,,,,,5.4498,6.2464,12.2018,1.5276,37.4414,26.8706,423.36,423.36,495.9,0.0,0.0,-14.628
SLV,62.720001220703125,61.66,2026-08-20,True,62.2599983215332,63.20000076293945,1.72,78.77,BAJO,,,,,,,,,,,,,,YAHOO,1.8505,2.9856,1.0937,0.067323,3.0709,0.2421,73.4,,999,,,none,,,,,,,,,,7.2503,9.0783,12.5426,-9.6904,55.0805,45.0407,62.72,68.36,105.6,0.0,-8.2504,-40.6061
XLY,118.0199966430664,116.68,2026-08-20,True,116.73999786376953,118.41999816894531,1.15,2.7,BAJO,,26.86,,,,,,,,,,,,YAHOO,1.8505,2.9856,1.0937,0.067323,3.0709,0.2421,73.4,,999,,,none,,,,,,,,,,-0.1523,-1.5351,3.7447,-0.3747,24.9042,22.2749,119.86,121.8173,124.0232,-1.5351,-3.1172,-4.8404
XLV,174.6199951171875,172.39,2026-08-20,True,171.83999633789062,175.60000610351562,1.29,27.2,BAJO,,31.12,,,,,,,,,,,,YAHOO,1.8505,2.9856,1.0937,0.067323,3.0709,0.2421,73.4,,999,,,none,,,,,,,,,,4.3317,5.3959,14.7457,18.3869,35.3914,20.167,175.68,175.68,175.68,-0.6034,-0.6034,-0.6034
XLRE,45.08000183105469,45.08,2026-08-20,True,44.935001373291016,45.255001068115234,0.0,9.44,BAJO,,32.68,,,,,,,,,,,,YAHOO,1.8505,2.9856,1.0937,0.067323,3.0709,0.2421,73.4,,999,,,none,,,,,,,,,,-0.4197,0.2223,0.9857,2.1911,8.2545,16.3003,46.01,46.01,46.01,-2.0213,-2.0213,-2.0213
XLK,183.30999755859375,183.1,2026-08-20,True,181.89999389648438,184.5,0.11,39.89,BAJO,,35.21,,,,,,,,,,,,YAHOO,1.8505,2.9856,1.0937,0.067323,3.0709,0.2421,73.4,,999,,,none,,,,,,,,,,-3.5261,-2.4791,-0.4778,2.7596,18.064,35.6685,190.77,197.974,197.974,-3.9105,-7.407,-7.407
XLI,180.25,179.77,2026-08-20,True,179.8000030517578,181.24000549316406,0.27,18.72,BAJO,,29.88,,1.83,,,,,,,,,,YAHOO,1.8505,2.9856,1.0937,0.067323,3.0709,0.2421,73.4,,999,,,none,,,,,,,,,,-3.3564,-2.6623,1.1788,5.9599,12.1545,18.8414,186.51,186.51,186.51,-3.3564,-3.3564,-3.3564
XLF,57.47999954223633,56.95,2026-08-20,True,57.244998931884766,57.69499969482422,0.93,8.31,BAJO,,16.82,,1.69,,,,,,,,,,YAHOO,1.8505,2.9856,1.0937,0.067323,3.0709,0.2421,73.4,,999,,,none,,,,,,,,,,-1.1692,-0.2083,6.6815,11.5046,13.9026,13.3744,58.26,58.26,58.26,-1.3388,-1.3388,-1.3388
XLE,63.63999938964844,63.75,2026-08-20,True,63.349998474121094,64.30000305175781,-0.17,49.49,BAJO,,21.45,,1.22,,,,,,,,,,YAHOO,1.8505,2.9856,1.0937,0.067323,3.0709,0.2421,73.4,,999,,,none,,,,,,,,,,2.7944,10.6783,16.8564,8.4034,14.4823,22.9982,63.75,63.75,63.75,-0.1725,-0.1725,-0.1725
XLC,111.4000015258789,110.68,2026-08-20,True,110.79000091552734,112.0199966430664,0.65,0.35,BAJO,,16.13,,,,,,,,,,,,YAHOO,1.8505,2.9856,1.0937,0.067323,3.0709,0.2421,73.4,,999,,,none,,,,,,,,,,-1.3723,0.1348,3.8501,-3.7986,10.6723,20.1422,112.95,116.3673,119.3874,-1.3723,-4.2686,-6.6904
XLB,53.540000915527344,52.42,2026-08-20,True,52.95000076293945,53.71500015258789,2.14,18.17,BAJO,,26.21,,0.68,,,,,,,,,,YAHOO,1.8505,2.9856,1.0937,0.067323,3.0709,0.2421,73.4,,999,,,none,,,,,,,,,,1.9033,1.2864,5.2487,7.4374,22.1924,19.9371,53.54,53.54,53.54,0.0,0.0,0.0
XLP,85.98999786376953,85.32,2026-08-20,True,85.27999877929688,86.0,0.79,4.71,BAJO,,26.42,,1.26,,,,,,,,,,YAHOO,1.8505,2.9856,1.0937,0.067323,3.0709,0.2421,73.4,,999,,,none,,,,,,,,,,-0.1162,1.0221,2.7114,2.2757,19.189,17.6244,87.36,87.36,88.8894,-1.5682,-1.5682,-3.2618
XLU,42.77000045776367,43.77,2026-08-20,True,42.75,43.95000076293945,-2.28,0.29,BAJO,,19.47,,0.67,,,,,,,,,,YAHOO,1.8505,2.9856,1.0937,0.067323,3.0709,0.2421,73.4,,999,,,none,,,,,,,,,,-3.4755,-1.9262,-5.1032,-4.3487,16.1102,16.2599,45.68,46.29,47.0979,-6.3704,-7.6042,-9.1891
PSQ,25.90999984741211,26.0,2026-08-20,True,25.829999923706055,26.069900512695312,-0.35,-21.52,BAJO,,,,,,,,,,,,,,YAHOO,1.8505,2.9856,1.0937,0.067323,3.0709,0.2421,73.4,,999,,,none,,,,,,,,,,2.5732,1.4884,0.3447,0.1524,13.8852,26.0833,27.91,27.91,33.0172,-7.1659,-7.1659,-21.5257
EWZ,35.060001373291016,34.14,2026-08-20,True,34.439998626708984,35.279998779296875,2.69,29.99,BAJO,,11.03,,0.96,,,,,,,,,,YAHOO,1.8505,2.9856,1.0937,0.067323,3.0709,0.2421,73.4,,999,,,none,,,,,,,,,,3.3304,-0.7923,2.6647,-4.367,26.2439,21.864,36.65,36.65,41.3365,-4.3383,-4.3383,-15.1839
FXI,35.86000061035156,35.67,2026-08-20,True,35.820098876953125,36.119998931884766,0.53,-7.27,BAJO,,9.73,,,,,,,,,,,,YAHOO,1.8505,2.9856,1.0937,0.067323,3.0709,0.2421,73.4,,999,,,none,,,,,,,,,,2.7802,-0.8571,9.2294,0.6666,13.7762,19.697,36.52,36.52,40.9939,-1.8072,-1.8072,-12.5235
COPX,94.58999633789062,89.93,2026-08-20,True,92.83820343017578,94.84500122070312,5.18,105.86,BAJO,,20.34,,,,,,,,,,,,YAHOO,1.8505,2.9856,1.0937,0.067323,3.0709,0.2421,73.4,,999,,,none,,,,,,,,,,10.3734,7.452,19.4155,14.3236,48.243,52.0341,94.59,94.59,95.3759,0.0,0.0,-0.824
URA,46.06999969482422,43.84,2026-08-20,True,44.61000061035156,46.189998626708984,5.09,27.38,BAJO,,30.43,,,,,,,,,,,,YAHOO,1.8505,2.9856,1.0937,0.067323,3.0709,0.2421,73.4,,999,,,none,,,,,,,,,,2.5373,2.5829,1.075,-5.7102,67.778,50.2358,46.07,53.42,61.81,0.0,-13.7589,-25.4651
ARKK,86.20999908447266,83.27,2026-08-20,True,84.11499786376953,86.44999694824219,3.53,14.83,BAJO,,55.64,,,,,,,,,,,,YAHOO,1.8505,2.9856,1.0937,0.067323,3.0709,0.2421,73.4,,999,,,none,,,,,,,,,,6.3009,8.5358,12.4283,12.5163,59.7382,39.8997,86.21,86.21,92.53,0.0,0.0,-6.8302
ITA,237.33999633789062,237.56,2026-08-20,True,237.10350036621094,239.24000549316406,-0.09,19.91,BAJO,,36.3,,,,,,,,,,,,YAHOO,1.8505,2.9856,1.0937,0.067323,3.0709,0.2421,73.4,,999,,,none,,,,,,,,,,-6.2712,-5.348,0.5976,6.4336,29.299,25.462,253.22,253.22,253.22,-6.2712,-6.2712,-6.2712
SMH,560.4199829101562,562.65,2026-08-20,True,556.0999755859375,569.14501953125,-0.4,93.11,BAJO,,39.76,,,,,,,,,,,,YAHOO,1.8505,2.9856,1.0937,0.067323,3.0709,0.2421,73.4,,999,,,none,,,,,,,,,,-4.6613,-3.8236,-9.9076,-1.3137,30.65,54.431,594.07,668.91,668.91,-5.6643,-16.2189,-16.2189
EEM,67.12000274658203,66.62,2026-08-20,True,66.97000122070312,67.48999786376953,0.75,35.41,BAJO,,17.42,,,,,,,,,,,,YAHOO,1.8505,2.9856,1.0937,0.067323,3.0709,0.2421,73.4,,999,,,none,,,,,,,,,,0.7657,2.2547,-0.0744,2.1791,30.6495,32.992,67.32,71.21,71.21,-0.2971,-5.7436,-5.7436
AAPL,309.3500061035156,311.3,2026-08-20,True,307.010009765625,312.3800048828125,-0.63,35.61,BAJO,4514709504000.0,35.48,32.43,42.03,148.75,27.08,32.62,27.62,2.39,27.01,0.78,1.0,8.0,YAHOO,1.8505,2.9856,1.0937,0.067323,3.0709,0.2421,73.4,2026-10-29,69,2026-07-30,22.0,yahoo,1.0,1.0,1.0,0.0,1.0,1.0,1.0,1.0,1.0,1.1179,-1.1851,5.2045,1.517,28.9167,33.0124,339.7869,339.7869,339.7869,-8.9576,-8.9576,-8.9576
MSFT,483.239990234375,481.15,2026-08-20,True,478.5299987792969,486.3599853515625,0.43,-5.83,BAJO,3588320657408.0,26.82,20.5,8.11,34.04,14.09,45.11,40.3,0.46,18.66,0.29,1.23,6.0,YAHOO,1.8505,2.9856,1.0937,0.067323,3.0709,0.2421,73.4,2026-10-28,68,2026-07-29,23.0,yahoo,1.0,1.0,1.0,1.0,1.0,0.0,1.0,0.0,0.0,-2.271,-3.1681,29.4726,15.524,7.2701,47.4013,505.1091,505.1091,537.6464,-4.3296,-4.3296,-10.1194
NVDA,214.72000122070312,216.85,2026-08-20,True,214.5,218.74000549316406,-0.98,20.42,BAJO,5200733011968.0,32.88,16.48,26.61,114.29,52.73,65.6,62.97,0.89,31.16,0.07,3.44,4.0,YAHOO,1.8505,2.9856,1.0937,0.067323,3.0709,0.2421,73.4,2026-08-26,5,,,yahoo,1.0,0.0,1.0,0.0,1.0,0.0,1.0,0.0,0.0,-4.6367,-4.1257,7.3385,-2.0681,13.4455,40.4519,225.3,225.3,235.4656,-4.696,-4.696,-8.8104
META,549.9000244140625,545.83,2026-08-20,True,543.22998046875,553.873291015625,0.75,-27.8,BAJO,1400873680896.0,20.73,15.85,5.36,29.85,14.59,34.83,29.83,1.54,12.98,0.43,2.23,5.0,YAHOO,1.8505,2.9856,1.0937,0.067323,3.0709,0.2421,73.4,2026-10-28,68,2026-07-29,23.0,yahoo,1.0,0.0,1.0,1.0,0.0,0.0,1.0,1.0,0.0,-6.7729,-7.1272,-2.1878,-9.3797,38.657,48.8854,599.12,681.31,777.7011,-8.2154,-19.2878,-29.2916
GOOGL,344.82000732421875,340.67,2026-08-20,True,340.3999938964844,346.20001220703125,1.22,70.67,BAJO,4217126256640.0,17.1,23.28,6.77,48.68,12.96,34.03,54.77,0.54,23.75,0.19,2.72,6.0,YAHOO,1.8505,2.9856,1.0937,0.067323,3.0709,0.2421,73.4,2026-10-28,68,,,yahoo,1.0,0.0,1.0,1.0,0.0,1.0,1.0,1.0,0.0,-0.3122,-2.6757,-0.3785,-10.9978,15.539,38.2845,377.65,389.8971,402.3797,-8.6932,-11.5613,-14.3048
AMZN,258.6300048828125,260.11,2026-08-20,True,257.0350036621094,261.0799865722656,-0.57,14.08,BAJO,2789664358400.0,20.92,24.89,5.06,30.56,6.59,13.69,17.44,0.12,17.28,0.46,1.03,6.0,YAHOO,1.8505,2.9856,1.0937,0.067323,3.0709,0.2421,73.4,2026-10-29,69,2026-07-30,22.0,yahoo,1.0,1.0,1.0,1.0,1.0,0.0,0.0,1.0,0.0,-1.5305,-5.7746,10.4737,-3.6616,30.8163,45.5242,284.02,284.02,284.02,-8.9395,-8.9395,-8.9395
TSLA,362.8599853515625,345.13,2026-08-20,True,346.8999938964844,366.5,5.14,10.9,BAJO,1433132728320.0,323.98,168.1,16.5,4.67,1.93,1.41,3.67,0.34,130.76,0.18,1.94,5.0,YAHOO,1.8505,2.9856,1.0937,0.067323,3.0709,0.2421,73.4,2026-10-21,61,,,yahoo,1.0,0.0,1.0,1.0,0.0,1.0,0.0,1.0,0.0,6.0157,10.4328,-4.9134,-13.1602,54.7222,57.4681,362.86,442.1,489.88,0.0,-17.9236,-25.9288
MSTR,119.25,112.39,2026-08-20,True,115.8499984741211,121.9000015258789,6.1,-67.12,BAJO,47375839232.0,,2.41,1.43,-63.56,-38.73,-6808.11,0.0,-47.68,-1.78,0.15,5.39,3.0,YAHOO,1.8505,2.9856,1.0937,0.067323,3.0709,0.2421,73.4,2026-10-29,69,2026-07-30,22.0,yahoo,0.0,0.0,0.0,1.0,1.0,1.0,0.0,0.0,0.0,28.1707,19.2381,14.8401,-27.6615,120.6757,84.825,119.25,159.09,359.69,0.0,-25.0424,-66.8465
PLTR,179.94000244140625,173.96,2026-08-20,True,172.5500030517578,182.44000244140625,3.44,12.76,BAJO,432406331392.0,148.71,77.75,44.23,38.1,17.29,47.12,49.01,0.5,153.59,0.02,7.23,8.0,YAHOO,1.8505,2.9856,1.0937,0.067323,3.0709,0.2421,73.4,2026-11-02,73,2026-08-03,18.0,yahoo,1.0,1.0,1.0,1.0,1.0,1.0,0.0,1.0,1.0,3.39,4.6102,54.1902,30.9464,32.5392,84.0749,179.94,179.94,207.18,0.0,0.0,-13.148
SNOW,332.7799987792969,321.29,2026-08-20,True,314.20001220703125,333.2749938964844,3.58,68.49,BAJO,115341549568.0,,122.96,59.47,-54.87,-9.68,-22.17,-23.79,1.51,-102.21,1.43,1.05,5.0,YAHOO,1.8505,2.9856,1.0937,0.067323,3.0709,0.2421,73.4,2026-09-02,12,,,yahoo,0.0,0.0,1.0,1.0,1.0,0.0,0.0,1.0,1.0,1.1735,0.6929,44.4295,101.0269,36.6718,48.5599,337.38,337.38,337.38,-1.3634,-1.3634,-1.3634
CRWD,191.9499969482422,190.34,2026-08-20,True,187.00999450683594,192.85000610351562,0.85,82.98,BAJO,195454861312.0,,122.47,42.18,-0.25,-1.0,-2.21,-0.6,0.99,3232.77,0.18,1.53,4.0,YAHOO,1.8505,2.9856,1.0937,0.067323,3.0709,0.2421,73.4,2026-08-26,5,,,yahoo,0.0,0.0,1.0,1.0,1.0,1.0,0.0,0.0,0.0,-11.5234,-10.4794,12.7592,18.4456,52.4561,57.5194,225.53,225.53,225.53,-14.8894,-14.8894,-14.8894
PANW,357.8699951171875,349.56,2026-08-20,True,343.010009765625,360.489990234375,2.38,92.77,BAJO,291664035840.0,311.19,86.93,10.52,4.83,1.77,-2.46,7.95,1.23,196.04,0.08,0.86,5.0,YAHOO,1.8505,2.9856,1.0937,0.067323,3.0709,0.2421,73.4,2026-09-01,11,,,yahoo,1.0,0.0,1.0,1.0,1.0,1.0,0.0,0.0,0.0,-6.8702,-1.6462,23.0132,41.4953,44.0012,54.427,396.0,396.0,396.0,-9.6288,-9.6288,-9.6288
ADBE,275.29998779296875,272.22,2026-08-20,True,269.9200134277344,277.0994873046875,1.13,-24.56,BAJO,109431742464.0,15.75,10.01,9.54,62.95,19.93,35.33,28.69,8.42,11.4,0.61,0.75,7.0,YAHOO,1.8505,2.9856,1.0937,0.067323,3.0709,0.2421,73.4,2026-09-10,20,,,yahoo,1.0,1.0,1.0,1.0,0.0,0.0,1.0,1.0,1.0,4.2724,3.8045,39.4418,12.7816,29.0044,53.5231,275.3,275.3,367.46,0.0,0.0,-25.0803
CRM,209.1699981689453,205.43,2026-08-20,True,204.72610473632812,211.05999755859375,1.82,-16.64,BAJO,,23.8,13.48,5.0,16.91,5.7,21.8,18.73,,15.67,1.24,0.79,7.0,YAHOO,1.8505,2.9856,1.0937,0.067323,3.0709,0.2421,73.4,2026-08-26,5,,,yahoo,1.0,1.0,1.0,1.0,0.0,0.0,1.0,1.0,1.0,6.6052,8.5244,36.3382,18.9438,35.4358,52.487,209.17,209.17,264.8822,0.0,0.0,-21.0328
MU,966.780029296875,974.33,2026-08-20,True,958.260009765625,989.9600219726562,-0.77,733.83,BAJO,,21.86,6.24,10.84,66.64,34.87,80.37,55.91,,15.72,0.06,3.42,7.0,YAHOO,1.8505,2.9856,1.0937,0.067323,3.0709,0.2421,73.4,2026-09-23,33,,,yahoo,1.0,1.0,1.0,1.0,1.0,0.0,0.0,1.0,1.0,-0.5022,10.1656,-8.0665,26.8769,71.7767,106.4944,1011.75,1213.3734,1213.3734,-4.4448,-20.323,-20.323
INTC,90.06999969482422,92.13,2026-08-20,True,89.75,92.76799774169922,-2.24,280.83,BAJO,476119498752.0,,44.15,5.19,-10.71,1.41,12.19,-19.79,1.02,29.76,0.49,1.6,6.0,YAHOO,1.8505,2.9856,1.0937,0.067323,3.0709,0.2421,73.4,2026-10-22,62,2026-07-23,29.0,yahoo,0.0,1.0,1.0,1.0,1.0,1.0,0.0,1.0,0.0,-12.1268,-11.392,-31.9096,-23.9916,39.916,85.442,104.56,140.94,140.94,-13.8581,-36.0934,-36.0934
AMAT,492.32000732421875,496.21,2026-08-20,True,483.1300048828125,503.5,-0.78,207.26,BAJO,390882099200.0,42.4,26.84,15.25,41.07,15.48,33.74,30.05,0.82,38.23,0.26,2.42,6.0,YAHOO,1.8505,2.9856,1.0937,0.067323,3.0709,0.2421,73.4,2026-11-12,83,2026-08-13,8.0,yahoo,1.0,0.0,1.0,1.0,0.0,1.0,1.0,1.0,0.0,-2.8261,-8.5866,-15.8793,15.3235,31.7163,87.7211,547.5645,722.2277,722.2277,-10.0891,-31.8331,-31.8331
TXN,264.3599853515625,265.6,2026-08-20,True,261.6300048828125,269.7900085449219,-0.47,32.67,BAJO,241426137088.0,40.12,25.15,13.4,35.18,13.06,42.58,31.11,1.47,26.1,0.78,4.86,7.0,YAHOO,1.8505,2.9856,1.0937,0.067323,3.0709,0.2421,73.4,2026-10-27,67,,,yahoo,1.0,1.0,1.0,1.0,0.0,1.0,1.0,0.0,1.0,-5.4439,-7.5923,-12.6976,-10.9509,23.9506,50.324,286.08,330.5874,330.5874,-7.5923,-20.0332,-20.0332
TSM,418.95001220703125,416.0,2026-08-20,True,416.75,425.67999267578125,0.71,83.88,BAJO,2172873342976.0,31.26,19.23,86.24,39.97,19.0,60.34,49.92,33.63,4.73,0.17,2.46,9.0,YAHOO,1.8505,2.9856,1.0937,0.067323,3.0709,0.2421,73.4,2026-10-15,55,,,yahoo,1.0,1.0,1.0,1.0,1.0,1.0,1.0,1.0,1.0,-1.7357,-0.2595,-3.9964,3.1392,36.9296,49.7365,430.97,477.57,477.57,-2.7891,-12.2746,-12.2746
AMD,473.25,469.46,2026-08-20,True,462.1109924316406,477.32000732421875,0.81,186.63,BAJO,772568776704.0,118.91,30.56,11.49,10.2,5.13,17.25,15.58,1.14,79.22,0.06,2.61,7.0,YAHOO,1.8505,2.9856,1.0937,0.067323,3.0709,0.2421,73.4,2026-11-03,74,2026-08-04,17.0,yahoo,1.0,1.0,1.0,1.0,0.0,1.0,0.0,1.0,1.0,-7.9978,-2.0916,-8.9641,5.2626,43.4221,77.395,518.58,580.91,580.91,-8.7412,-18.533,-18.533
ASML,1763.760009765625,1750.3101,2026-08-20,True,1741.010009765625,1771.0,0.77,138.97,BAJO,677460246528.0,59.97,29.2,1475.48,53.94,16.45,37.06,30.11,1.25,2789.89,0.09,1.33,8.0,YAHOO,1.8505,2.9856,1.0937,0.067323,3.0709,0.2421,73.4,2026-10-14,54,,,yahoo,1.0,1.0,1.0,1.0,1.0,0.0,1.0,1.0,1.0,-4.3556,1.3079,-0.6983,10.9322,37.244,56.9412,1883.12,1986.8704,1986.8704,-6.3384,-11.2292,-11.2292
MRVL,237.0399932861328,251.01,2026-08-20,True,233.27999877929688,252.52000427246094,-5.57,231.13,BAJO,212753924096.0,81.46,37.95,11.39,16.03,3.81,14.48,28.99,1.07,81.5,0.29,3.28,8.0,YAHOO,1.8505,2.9856,1.0937,0.067323,3.0709,0.2421,73.4,2026-08-27,6,,,yahoo,1.0,1.0,1.0,0.0,1.0,1.0,1.0,1.0,1.0,6.7652,8.376,-15.0307,24.3371,136.3728,123.1941,251.01,316.352,316.352,-5.5655,-25.0708,-25.0708
QCOM,160.75,160.74,2026-08-20,True,159.1699981689453,163.3300018310547,0.01,4.04,BAJO,168825110528.0,18.39,15.76,6.14,33.75,11.61,18.53,21.01,6.07,14.65,0.55,2.02,6.0,YAHOO,1.8505,2.9856,1.0937,0.067323,3.0709,0.2421,73.4,2026-10-29,69,2026-07-29,23.0,yahoo,1.0,0.0,1.0,1.0,0.0,1.0,1.0,0.0,1.0,-3.04,-4.2357,-21.2512,-24.3973,15.8523,61.6988,170.04,250.0963,250.0963,-5.4634,-35.7248,-35.7248
COIN,186.49000549316406,172.35,2026-08-20,True,179.1999969482422,191.35499572753906,8.2,-40.34,BAJO,49202950144.0,,61.79,3.76,-7.85,1.12,-13.92,-16.34,5.42,67.3,0.51,2.42,4.0,YAHOO,1.8505,2.9856,1.0937,0.067323,3.0709,0.2421,73.4,2026-10-29,69,2026-07-30,22.0,yahoo,1.0,0.0,1.0,1.0,0.0,1.0,0.0,0.0,0.0,25.6079,21.4128,17.8973,-3.6526,90.7674,70.4397,186.49,189.03,387.27,0.0,-1.3437,-51.845
SHOP,149.25,147.18,2026-08-20,True,145.08999633789062,149.4600067138672,1.41,6.75,BAJO,193674952704.0,100.17,60.85,15.53,15.54,10.19,17.55,14.53,0.82,78.19,0.01,5.35,5.0,YAHOO,1.8505,2.9856,1.0937,0.067323,3.0709,0.2421,73.4,2026-11-03,74,2026-08-05,16.0,yahoo,1.0,0.0,1.0,1.0,0.0,1.0,0.0,0.0,1.0,-3.2854,-1.5307,38.6051,42.3326,18.4217,63.2937,158.53,158.53,179.01,-5.8538,-5.8538,-16.6248
RBLX,38.369998931884766,38.63,2026-08-20,True,38.060001373291016,39.375,-0.67,-69.04,BAJO,27410604032.0,,-31.37,180.14,-432.28,-7.73,-13.27,-17.61,5.39,-31.29,14.23,0.82,6.0,YAHOO,1.8505,2.9856,1.0937,0.067323,3.0709,0.2421,73.4,2026-10-29,69,2026-07-30,22.0,yahoo,0.0,1.0,1.0,1.0,1.0,0.0,0.0,1.0,1.0,0.3662,1.5348,-18.5523,-16.8401,25.7967,83.0736,50.13,57.95,141.56,-23.459,-33.7878,-72.8949
UBER,78.80000305175781,78.55,2026-08-20,True,77.86000061035156,80.22000122070312,0.32,-18.82,BAJO,160953745408.0,17.28,17.96,5.88,37.16,6.88,13.32,17.34,4.5,22.93,0.52,0.84,6.0,YAHOO,1.8505,2.9856,1.0937,0.067323,3.0709,0.2421,73.4,2026-11-03,74,2026-08-05,16.0,yahoo,1.0,0.0,1.0,1.0,0.0,1.0,1.0,1.0,0.0,3.7525,5.0387,13.1046,7.0507,35.282,42.7999,78.8,78.8,100.1,0.0,0.0,-21.2787
HPQ,29.709999084472656,29.47,2026-08-20,True,29.3700008392334,30.100000381469727,0.81,15.06,BAJO,,11.0,9.88,-189.24,,5.88,7.11,4.45,,7.29,,0.79,5.0,YAHOO,1.8505,2.9856,1.0937,0.067323,3.0709,0.2421,73.4,2026-08-26,5,,,yahoo,1.0,0.0,1.0,1.0,0.0,1.0,1.0,0.0,0.0,-1.3285,-1.1314,25.5175,37.3138,23.3074,51.8284,31.3,31.3,31.3,-5.0799,-5.0799,-5.0799
BIDU,93.20999908447266,91.97,2026-08-20,True,92.5199966430664,95.22000122070312,1.35,3.94,BAJO,31615576064.0,,11.57,0.79,-1.39,1.2,9.65,-2.9,,0.07,0.38,2.33,2.0,YAHOO,1.8505,2.9856,1.0937,0.067323,3.0709,0.2421,73.4,2026-11-18,89,2026-08-18,3.0,yahoo,1.0,0.0,0.0,0.0,0.0,0.0,1.0,0.0,0.0,-10.0897,-15.0397,-15.3713,-28.945,109.9097,48.7519,113.06,136.72,162.52,-17.557,-31.8242,-42.6471
SPOT,533.719970703125,533.13,2026-08-20,True,524.076171875,540.219970703125,0.11,-25.04,BAJO,109724393472.0,29.02,29.51,11.87,44.48,12.19,13.71,18.43,1.4,38.47,0.06,2.11,5.0,YAHOO,1.8505,2.9856,1.0937,0.067323,3.0709,0.2421,73.4,2026-11-03,74,2026-08-04,17.0,yahoo,1.0,1.0,1.0,1.0,0.0,0.0,0.0,1.0,0.0,4.0755,9.3375,17.1723,8.938,38.3333,37.4599,533.72,533.72,738.53,0.0,0.0,-27.7321
AVGO,368.45001220703125,364.03,2026-08-20,True,365.04998779296875,375.1199951171875,1.21,25.71,BAJO,1752930451456.0,60.6,18.89,19.99,37.28,12.12,48.99,38.85,1.55,42.73,0.74,2.24,8.0,YAHOO,1.8505,2.9856,1.0937,0.067323,3.0709,0.2421,73.4,2026-09-02,12,,,yahoo,1.0,1.0,1.0,1.0,1.0,1.0,0.0,1.0,1.0,-6.2444,-13.8653,-3.0777,-10.9841,44.4614,55.9662,427.76,480.8091,480.8091,-13.8653,-23.3687,-23.3687
ACN,185.27999877929688,181.35,2026-08-20,True,180.02000427246094,188.4499969482422,2.17,-28.0,BAJO,113380630528.0,14.5,12.63,3.55,24.41,10.9,16.96,10.66,10.66,8.75,0.25,1.34,5.0,YAHOO,1.8505,2.9856,1.0937,0.067323,3.0709,0.2421,73.4,2026-10-01,41,,,yahoo,1.0,0.0,1.0,1.0,0.0,1.0,1.0,0.0,0.0,4.7431,5.4405,47.6323,5.4185,45.1472,62.8333,185.28,194.2542,282.7142,0.0,-4.6198,-34.4639
NFLX,79.58999633789062,80.14,2026-08-20,True,79.16999816894531,80.48999786376953,-0.69,-36.47,BAJO,331407949824.0,25.03,20.83,10.99,49.54,16.08,33.38,28.22,7.66,23.02,0.55,1.14,7.0,YAHOO,1.8505,2.9856,1.0937,0.067323,3.0709,0.2421,73.4,2026-10-20,60,,,yahoo,1.0,1.0,1.0,0.0,1.0,0.0,1.0,1.0,1.0,1.8296,7.351,9.2969,-10.8735,29.3588,36.4491,80.22,86.36,126.325,-0.7853,-7.8393,-36.9958
NIO,4.630000114440918,4.53,2026-08-20,True,4.539999961853027,4.639999866485596,2.21,-18.88,BAJO,,,26.51,17.85,-83.96,-4.42,-1.21,-9.09,,-35.17,1.83,1.01,6.0,YAHOO,1.8505,2.9856,1.0937,0.067323,3.0709,0.2421,73.4,2026-09-01,11,,,yahoo,0.0,1.0,1.0,1.0,1.0,0.0,0.0,1.0,1.0,2.4336,-2.3207,-9.0373,-17.3214,28.2148,38.0595,4.88,6.01,7.89,-5.123,-22.9617,-41.3181
BABA,119.33999633789062,130.53,2026-08-20,True,119.2300033569336,125.61000061035156,-8.57,-0.46,BAJO,286042914816.0,27.06,13.09,1.76,6.36,1.56,7.29,7.04,-28.89,2.25,0.24,1.36,3.0,YAHOO,1.8505,2.9856,1.0937,0.067323,3.0709,0.2421,73.4,,999,2026-08-20,1.0,yahoo,1.0,0.0,1.0,0.0,0.0,0.0,1.0,0.0,0.0,-3.6104,-7.0633,16.3158,-8.3928,81.5198,45.9709,132.32,132.32,187.6169,-9.8096,-9.8096,-36.3917
PDD,88.37999725341797,89.52,2026-08-20,True,87.81199645996094,90.13999938964844,-1.27,-30.57,BAJO,125799776256.0,9.24,7.2,1.98,25.4,10.33,18.42,21.62,56.95,-3.16,0.01,2.54,4.0,YAHOO,1.8505,2.9856,1.0937,0.067323,3.0709,0.2421,73.4,2026-08-24,3,,,yahoo,1.0,0.0,1.0,1.0,0.0,1.0,0.0,0.0,0.0,4.234,-3.6835,15.4389,-9.6227,32.8868,35.1098,93.0,93.0,138.13,-4.9677,-4.9677,-36.0168
SAP,218.67999267578125,217.09,2026-08-20,True,215.38499450683594,220.26499938964844,0.73,-19.81,BAJO,252401385472.0,28.29,22.72,68.83,18.32,9.54,27.62,20.41,3.6,302.19,0.22,1.15,7.0,YAHOO,1.8505,2.9856,1.0937,0.067323,3.0709,0.2421,73.4,2026-10-21,61,2026-07-23,29.0,yahoo,1.0,1.0,1.0,1.0,1.0,1.0,0.0,0.0,1.0,5.1498,6.0729,42.574,24.0526,12.9175,48.9949,218.68,218.68,275.6678,0.0,0.0,-20.6727
SE,117.52999877929688,117.24,2026-08-20,True,116.01000213623047,118.69999694824219,0.25,-37.01,BAJO,,45.2,22.87,5.59,14.73,4.97,8.35,5.91,,26.0,0.32,1.49,8.0,YAHOO,1.8505,2.9856,1.0937,0.067323,3.0709,0.2421,73.4,2026-11-10,81,2026-08-11,10.0,yahoo,1.0,1.0,1.0,1.0,1.0,1.0,0.0,1.0,1.0,-3.6165,3.6146,28.0423,32.1156,35.5021,54.2018,131.51,131.51,196.5,-10.6304,-10.6304,-40.1883
IBM,235.67999267578125,233.69,2026-08-20,True,233.1199951171875,238.72000122070312,0.85,-1.44,BAJO,222042226688.0,20.75,17.91,6.44,34.46,5.3,16.55,15.52,5.43,16.95,1.89,0.79,6.0,YAHOO,1.8505,2.9856,1.0937,0.067323,3.0709,0.2421,73.4,2026-10-21,61,,,yahoo,1.0,1.0,1.0,1.0,1.0,0.0,0.0,1.0,0.0,0.5804,0.0382,-10.4059,-6.1665,24.4988,72.6452,238.42,326.8851,326.8851,-1.1492,-27.9013,-27.9013
ZM,107.43000030517578,106.3,2026-08-20,True,104.87999725341797,108.62999725341797,1.06,44.37,BAJO,31501938688.0,15.82,17.03,3.16,21.95,6.55,25.06,41.99,6.29,17.78,0.01,4.22,7.0,YAHOO,1.8505,2.9856,1.0937,0.067323,3.0709,0.2421,73.4,2026-08-25,4,,,yahoo,1.0,1.0,1.0,1.0,1.0,0.0,1.0,1.0,0.0,1.3873,2.8038,24.2756,11.0388,27.643,45.0112,109.84,111.88,111.88,-2.1941,-3.9775,-3.9775
CSCO,111.04000091552734,109.59,2026-08-20,True,110.44999694824219,112.18000030517578,1.32,66.66,BAJO,437656911872.0,32.85,20.04,8.72,27.32,7.98,27.7,20.95,2.64,24.27,0.59,0.93,8.0,YAHOO,1.8505,2.9856,1.0937,0.067323,3.0709,0.2421,73.4,2026-11-12,83,2026-08-12,9.0,yahoo,1.0,1.0,1.0,1.0,0.0,1.0,1.0,1.0,1.0,-0.5731,-8.5564,-8.0021,-5.7061,18.4259,39.7928,123.88,129.5155,129.5155,-10.3649,-14.2651,-14.2651
DOCU,62.0,62.28,2026-08-20,True,60.790000915527344,62.650001525878906,-0.45,-14.8,BAJO,11838565376.0,40.52,12.16,6.58,16.44,5.51,13.41,9.59,10.56,29.07,0.1,0.67,6.0,YAHOO,1.8505,2.9856,1.0937,0.067323,3.0709,0.2421,73.4,2026-09-03,13,,,yahoo,1.0,0.0,1.0,1.0,0.0,0.0,1.0,1.0,1.0,-0.0645,2.8875,45.3012,26.6081,27.964,58.7151,64.09,64.09,85.01,-3.261,-3.261,-27.0674
ARM,243.32000732421875,250.72,2026-08-20,True,242.5,255.92999267578125,-2.95,80.11,BAJO,259865427968.0,248.29,79.49,30.11,13.35,5.42,7.6,20.25,0.51,248.53,0.06,5.25,6.0,YAHOO,1.8505,2.9856,1.0937,0.067323,3.0709,0.2421,73.4,2026-11-04,75,2026-07-29,23.0,yahoo,1.0,0.0,1.0,1.0,0.0,1.0,0.0,1.0,1.0,-12.9258,-13.8904,-33.5899,-18.412,48.2313,97.9023,286.68,439.46,439.46,-15.1249,-44.632,-44.632
GRMN,294.8500061035156,293.09,2026-08-20,True,291.4200134277344,295.739990234375,0.6,28.08,BAJO,56862572544.0,30.4,26.84,6.3,21.89,12.17,30.44,24.47,1.84,23.55,0.03,3.03,6.0,YAHOO,1.8505,2.9856,1.0937,0.067323,3.0709,0.2421,73.4,2026-10-28,68,2026-07-29,23.0,yahoo,1.0,1.0,1.0,0.0,0.0,1.0,0.0,1.0,1.0,-4.9484,-5.1594,24.7198,23.5116,25.7554,42.417,313.16,313.16,313.16,-5.8469,-5.8469,-5.8469
MSI,480.4700012207031,473.63,2026-08-20,True,471.54998779296875,483.7099914550781,1.44,2.62,BAJO,79514804224.0,37.3,25.18,29.76,91.57,11.25,27.35,17.44,2.49,23.53,3.58,1.1,6.0,YAHOO,1.8505,2.9856,1.0937,0.067323,3.0709,0.2421,73.4,2026-11-05,76,2026-08-05,16.0,yahoo,1.0,1.0,1.0,1.0,0.0,0.0,1.0,1.0,0.0,2.9924,2.7633,23.3746,20.4053,30.5442,27.7078,480.84,480.84,484.8296,-0.0769,-0.0769,-0.8992
SNAP,5.239999771118164,5.21,2026-08-20,True,5.130000114440918,5.28000020980835,0.58,-28.12,BAJO,8861875200.0,,6.76,4.57,-15.58,-2.72,-2.64,-4.9,8.06,-71.29,2.19,2.94,6.0,YAHOO,1.8505,2.9856,1.0937,0.067323,3.0709,0.2421,73.4,2026-11-03,74,2026-08-03,18.0,finnhub,0.0,1.0,1.0,1.0,1.0,0.0,0.0,1.0,1.0,-3.1423,-1.6886,17.4888,-7.9086,26.8774,63.7445,5.79,6.07,9.09,-9.4991,-13.6738,-42.3542
PINS,23.399999618530273,23.23,2026-08-20,True,23.020000457763672,23.59000015258789,0.73,-35.34,BAJO,13251724288.0,68.82,9.74,4.57,6.46,3.51,-3.46,5.46,9.03,41.62,0.41,3.81,6.0,YAHOO,1.8505,2.9856,1.0937,0.067323,3.0709,0.2421,73.4,2026-11-02,73,2026-08-04,17.0,finnhub,1.0,0.0,1.0,1.0,0.0,0.0,1.0,1.0,1.0,-2.7431,-1.1824,19.8157,24.1379,14.6014,49.5344,25.58,25.58,37.95,-8.5223,-8.5223,-38.3399
EA,209.6999969482422,209.7,2026-08-10,False,209.6999969482422,209.6999969482422,0.0,-2.07,BAJO,52925640704.0,59.74,21.72,7.77,16.46,7.23,25.88,13.8,3.2,30.36,0.26,1.21,6.0,YAHOO,1.8505,2.9856,1.0937,0.067323,3.0709,0.2421,73.4,2026-11-03,74,2026-07-27,25.0,yahoo,1.0,0.0,1.0,1.0,1.0,1.0,1.0,0.0,0.0,0.383,,,,0.0,,,,,,,
PATH,16.389999389648438,15.92,2026-08-20,True,15.65999984741211,16.415000915527344,2.95,48.06,BAJO,8491990528.0,27.32,18.08,4.48,18.18,2.37,7.27,19.58,6.02,58.79,0.04,2.31,8.0,YAHOO,1.8505,2.9856,1.0937,0.067323,3.0709,0.2421,73.4,2026-09-03,13,,,yahoo,1.0,1.0,1.0,1.0,1.0,0.0,1.0,1.0,1.0,2.3735,8.9036,61.3189,55.0615,36.7616,62.9814,16.68,16.68,19.29,-1.7386,-1.7386,-15.0337
VZ,49.45000076293945,49.19,2026-08-20,True,49.16999816894531,49.709999084472656,0.53,14.87,BAJO,205453639680.0,12.88,9.36,1.98,15.84,5.05,23.0,11.64,8.5,7.8,1.84,0.6,4.0,YAHOO,1.8505,2.9856,1.0937,0.067323,3.0709,0.2421,73.4,2026-10-20,60,2026-07-24,28.0,yahoo,1.0,0.0,1.0,1.0,0.0,1.0,0.0,0.0,0.0,2.0008,5.0786,7.6246,4.191,13.5536,29.1299,49.45,49.45,49.7702,0.0,0.0,-0.6434
T,25.290000915527344,25.15,2026-08-20,True,25.170000076293945,25.545000076293945,0.56,-12.5,BAJO,173296844800.0,8.35,9.86,1.58,18.34,4.16,24.79,16.94,5.85,7.55,1.29,0.97,6.0,YAHOO,1.8505,2.9856,1.0937,0.067323,3.0709,0.2421,73.4,2026-10-21,61,,,yahoo,1.0,1.0,1.0,1.0,0.0,1.0,1.0,0.0,0.0,1.6071,6.3052,12.357,1.139,5.7784,31.5137,25.29,25.29,28.4181,0.0,0.0,-11.0073
AMX,23.790000915527344,23.39,2026-08-20,True,23.434999465942383,23.895000457763672,1.71,21.52,BAJO,71271276544.0,13.44,11.41,3.22,21.58,6.36,21.49,9.37,215.01,2.37,1.58,0.71,9.0,YAHOO,1.8505,2.9856,1.0937,0.067323,3.0709,0.2421,73.4,2026-10-13,53,,,yahoo,1.0,1.0,1.0,1.0,1.0,1.0,1.0,1.0,1.0,1.4499,0.1684,-6.8671,-8.5649,17.1158,27.1759,25.71,27.4216,27.4216,-7.4679,-13.2437,-13.2437
TCOM,46.11000061035156,46.43,2026-08-20,True,45.900001525878906,46.529998779296875,-0.69,-29.97,BAJO,29035708416.0,6.92,10.86,1.22,20.14,3.95,24.34,48.65,,-1.05,0.19,1.53,7.0,YAHOO,1.8505,2.9856,1.0937,0.067323,3.0709,0.2421,73.4,2026-08-26,5,,,yahoo,1.0,1.0,1.0,0.0,1.0,1.0,1.0,0.0,1.0,2.5122,-0.065,1.3407,-4.0574,39.1531,38.1256,47.3,48.47,78.96,-2.5159,-4.869,-41.6033
TRIP,10.0,10.03,2026-08-20,True,9.9350004196167,10.145000457763672,-0.3,-43.45,BAJO,1163611648.0,,9.3,1.75,-0.23,1.92,9.44,0.27,-8.72,11.13,1.35,1.56,7.0,YAHOO,1.8505,2.9856,1.0937,0.067323,3.0709,0.2421,73.4,2026-11-05,76,2026-08-06,15.0,yahoo,1.0,1.0,1.0,1.0,1.0,0.0,1.0,0.0,1.0,-6.8901,-7.2356,-19.2898,1.0101,35.7466,71.1802,14.93,14.93,19.14,-33.0208,-33.0208,-47.7534
ABNB,187.3000030517578,185.0,2026-08-20,True,184.30999755859375,188.59500122070312,1.24,45.7,BAJO,112152559616.0,42.76,30.51,14.17,34.54,6.14,21.01,20.45,2.86,36.53,0.32,1.41,5.0,YAHOO,1.8505,2.9856,1.0937,0.067323,3.0709,0.2421,73.4,2026-11-05,76,2026-08-06,15.0,yahoo,1.0,0.0,1.0,1.0,0.0,0.0,1.0,0.0,1.0,1.7603,5.1834,34.8938,39.5158,20.5611,47.8778,187.3,187.3,187.3,0.0,0.0,0.0
ORCL,146.47000122070312,142.07,2026-08-20,True,142.60000610351562,148.3249969482422,3.1,-38.91,BAJO,421902581760.0,25.17,13.42,11.23,53.38,6.5,36.2,25.37,-5.82,18.46,3.89,1.11,5.0,YAHOO,1.8505,2.9856,1.0937,0.067323,3.0709,0.2421,73.4,2026-09-10,20,,,yahoo,1.0,0.0,1.0,1.0,1.0,1.0,0.0,0.0,0.0,-2.6907,-0.3741,-11.0078,-22.5486,39.4142,67.6229,156.22,247.2897,324.63,-6.2412,-40.7699,-54.8809
TMUS,183.0399932861328,181.22,2026-08-20,True,181.77999877929688,185.8350067138672,1.0,-30.21,BAJO,196341809152.0,18.95,12.68,3.5,17.99,5.97,25.22,11.46,5.77,9.13,2.14,0.92,6.0,YAHOO,1.8505,2.9856,1.0937,0.067323,3.0709,0.2421,73.4,2026-10-22,62,2026-07-23,29.0,yahoo,1.0,0.0,1.0,1.0,0.0,1.0,1.0,0.0,1.0,0.2355,3.3015,-0.829,-3.5971,15.6509,40.6715,183.38,195.64,253.3853,-0.1854,-6.4404,-27.7622
ANET,188.64999389648438,183.75,2026-08-20,True,183.58999633789062,190.44000244140625,2.67,40.43,BAJO,237930037248.0,58.23,36.56,16.08,31.48,14.12,45.39,38.37,1.64,47.07,,2.96,4.0,YAHOO,1.8505,2.9856,1.0937,0.067323,3.0709,0.2421,73.4,2026-11-03,74,2026-08-04,17.0,yahoo,1.0,0.0,1.0,1.0,0.0,0.0,1.0,0.0,0.0,-5.1152,-0.0106,16.307,26.9601,49.2781,60.9097,210.5,210.5,210.5,-10.3801,-10.3801,-10.3801
LRCX,314.0,310.53,2026-08-20,True,303.8500061035156,319.1000061035156,1.12,218.39,BAJO,392914796544.0,54.7,27.17,31.5,65.07,22.84,37.39,31.27,0.79,44.8,0.33,2.63,8.0,YAHOO,1.8505,2.9856,1.0937,0.067323,3.0709,0.2421,73.4,2026-10-21,61,2026-07-29,23.0,yahoo,1.0,1.0,1.0,0.0,1.0,1.0,1.0,1.0,1.0,-5.5241,0.8511,-15.4391,3.9641,61.3434,88.337,343.84,433.33,433.33,-8.6785,-27.5379,-27.5379
ADI,373.0899963378906,370.24,2026-08-20,True,371.4599914550781,378.6400146484375,0.77,50.66,BAJO,,44.42,22.81,5.4,12.23,6.41,39.5,29.79,,27.1,0.27,1.25,8.0,YAHOO,1.8505,2.9856,1.0937,0.067323,3.0709,0.2421,73.4,,999,2026-08-19,2.0,yahoo,1.0,1.0,1.0,1.0,0.0,1.0,1.0,1.0,1.0,-4.186,-4.3187,-8.3902,-2.6283,28.0557,45.1726,390.28,445.48,445.48,-4.4045,-16.2499,-16.2499
SNDK,1596.0799560546875,1600.62,2026-08-20,True,1570.010009765625,1614.0,-0.28,3405.42,BAJO,233696444416.0,21.63,6.03,17.15,91.64,43.91,78.47,56.46,3.3,18.16,0.01,2.29,7.0,YAHOO,1.8505,2.9856,1.0937,0.067323,3.0709,0.2421,73.4,2026-11-06,77,2026-08-05,16.0,yahoo,1.0,1.0,1.0,1.0,0.0,0.0,1.0,1.0,1.0,-2.7439,31.667,-18.7166,3.491,75.9448,141.8427,1786.85,2335.0,2335.0,-10.6763,-31.6454,-31.6454
NOW,128.47999572753906,129.75,2026-08-20,True,127.47000122070312,131.1649932861328,-0.98,-29.2,BAJO,132830584832.0,81.32,25.67,10.61,14.24,4.25,4.06,11.34,3.88,47.61,0.68,0.7,4.0,YAHOO,1.8505,2.9856,1.0937,0.067323,3.0709,0.2421,73.4,2026-10-28,68,,,yahoo,1.0,0.0,1.0,1.0,1.0,0.0,0.0,0.0,0.0,3.6129,2.8828,33.917,28.8795,49.0806,70.6055,129.75,135.86,192.23,-0.9788,-5.4321,-33.1634
NBIS,219.1300048828125,220.11,2026-08-20,True,217.85000610351562,230.80999755859375,-0.45,228.66,BAJO,59571638272.0,,-73.1,5.81,0.6,-1.92,-0.22,3.13,-16.14,242.19,0.99,4.03,6.0,YAHOO,1.8505,2.9856,1.0937,0.067323,3.0709,0.2421,73.4,2026-11-10,81,2026-08-12,9.0,yahoo,1.0,1.0,1.0,1.0,0.0,0.0,0.0,1.0,1.0,-21.0854,16.5771,-20.3887,-0.3637,72.2462,147.8456,277.68,286.69,286.69,-21.0854,-23.5655,-23.5655
OXY,61.29999923706055,61.52,2026-08-20,True,61.20000076293945,61.77980041503906,-0.36,37.96,BAJO,61277769728.0,18.14,16.06,1.83,10.63,4.68,45.44,30.32,6.18,5.88,0.35,1.41,4.0,YAHOO,1.8505,2.9856,1.0937,0.067323,3.0709,0.2421,73.4,2026-11-09,80,2026-08-05,16.0,finnhub,1.0,0.0,1.0,1.0,1.0,0.0,0.0,0.0,0.0,5.0377,9.6405,17.3655,4.6798,18.5219,35.09,61.52,61.52,65.9354,-0.3576,-0.3576,-7.0303
XOM,165.11000061035156,166.15,2026-08-20,True,164.6199951171875,168.0,-0.63,53.09,BAJO,678917767168.0,21.22,15.46,2.62,12.58,5.52,15.86,9.07,3.04,10.56,0.16,1.14,5.0,YAHOO,1.8505,2.9856,1.0937,0.067323,3.0709,0.2421,73.4,2026-10-30,70,2026-07-31,21.0,yahoo,1.0,0.0,1.0,1.0,1.0,0.0,1.0,0.0,0.0,3.7971,8.5854,18.9287,7.0121,23.3246,26.191,166.15,166.15,169.2183,-0.6259,-0.6259,-2.4278
CVX,205.27000427246094,205.77,2026-08-20,True,205.00509643554688,207.82400512695312,-0.24,34.71,BAJO,402658328576.0,19.79,15.55,2.12,12.23,5.86,21.87,9.83,5.45,8.64,0.19,1.25,5.0,YAHOO,1.8505,2.9856,1.0937,0.067323,3.0709,0.2421,73.4,2026-10-30,70,2026-07-31,21.0,yahoo,1.0,0.0,1.0,1.0,0.0,1.0,0.0,1.0,0.0,3.5307,10.9892,17.6619,8.4035,12.7584,25.4186,205.77,205.77,207.4234,-0.243,-0.243,-1.0382
PSX,242.8699951171875,240.0,2026-08-20,True,240.28500366210938,244.47000122070312,1.2,98.48,BAJO,97375084544.0,13.86,11.43,3.08,23.45,6.04,8.53,4.66,4.67,11.54,0.63,1.32,7.0,YAHOO,1.8505,2.9856,1.0937,0.067323,3.0709,0.2421,73.4,2026-10-29,69,2026-08-05,16.0,yahoo,1.0,1.0,1.0,1.0,0.0,1.0,1.0,1.0,0.0,4.5157,19.7386,43.3363,40.281,20.67,31.7736,243.49,243.49,243.49,-0.2546,-0.2546,-0.2546
YPF,51.18000030517578,50.92,2026-08-20,True,50.71910095214844,51.939998626708984,0.51,59.15,BAJO,20066402304.0,,9.0,1.91,7.26,8.34,27.51,4.0,6200.01,1.33,0.85,0.93,4.0,YAHOO,1.8505,2.9856,1.0937,0.067323,3.0709,0.2421,73.4,2026-10-29,69,2026-08-10,11.0,yahoo,0.0,0.0,1.0,1.0,0.0,1.0,1.0,0.0,0.0,2.2577,4.109,6.5362,6.7585,38.2325,37.4513,52.7,56.35,56.35,-2.8843,-9.1748,-9.1748
VIST,69.58000183105469,70.5,2026-08-20,True,69.27999877929688,71.52999877929688,-1.3,69.4,BAJO,7696759296.0,9.28,6.59,2.32,29.79,10.0,44.24,23.56,1.6,5.21,1.07,0.69,3.0,YAHOO,1.8505,2.9856,1.0937,0.067323,3.0709,0.2421,73.4,2026-10-28,68,,,yahoo,1.0,0.0,1.0,1.0,0.0,0.0,0.0,0.0,0.0,1.8592,5.4882,4.3178,-7.8899,43.6593,40.5785,72.16,76.72,79.25,-3.5754,-9.3066,-12.2019
VST,136.2100067138672,138.94,2026-08-20,True,136.18499755859375,140.3157958984375,-1.96,-30.49,BAJO,45716873216.0,22.97,13.14,15.22,42.96,5.89,13.77,11.55,0.08,10.27,3.73,0.97,5.0,YAHOO,1.8505,2.9856,1.0937,0.067323,3.0709,0.2421,73.4,2026-11-05,76,2026-08-07,14.0,yahoo,1.0,0.0,1.0,1.0,1.0,0.0,1.0,0.0,0.0,-8.047,-3.1154,-16.1217,-8.505,36.6991,45.0825,157.08,168.98,217.0162,-13.2862,-19.3928,-37.2351
BP,44.7599983215332,45.14,2026-08-20,True,44.68000030517578,45.43000030517578,-0.84,35.78,BAJO,115272318976.0,21.42,10.12,7.93,8.87,5.04,13.15,2.55,11.17,13.18,0.95,1.27,7.0,YAHOO,1.8505,2.9856,1.0937,0.067323,3.0709,0.2421,73.4,2026-10-30,70,2026-08-04,17.0,yahoo,1.0,0.0,1.0,1.0,0.0,1.0,1.0,1.0,1.0,5.2434,8.84,15.205,0.9809,26.6543,31.9171,45.14,45.14,46.5196,-0.8418,-0.8418,-3.7824
E,56.470001220703125,57.35,2026-08-20,True,56.33000183105469,56.84000015258789,-1.53,60.52,BAJO,81532248064.0,12.72,10.59,1.53,10.9,3.07,10.66,5.87,-11.02,8.24,0.65,1.48,6.0,YAHOO,1.8505,2.9856,1.0937,0.067323,3.0709,0.2421,73.4,2026-10-23,63,2026-07-29,23.0,yahoo,1.0,1.0,1.0,1.0,0.0,1.0,1.0,0.0,0.0,2.1527,5.3348,15.9072,2.412,26.4058,31.7647,57.35,57.35,57.35,-1.5344,-1.5344,-1.5344
SHEL,93.33000183105469,93.65,2026-08-20,True,93.06999969482422,94.0199966430664,-0.34,31.09,BAJO,257493204992.0,10.32,10.58,1.44,14.34,6.4,16.69,8.76,8.33,5.27,0.4,1.44,5.0,YAHOO,1.8505,2.9856,1.0937,0.067323,3.0709,0.2421,73.4,2026-10-29,69,2026-07-30,22.0,yahoo,1.0,1.0,1.0,1.0,0.0,0.0,1.0,0.0,0.0,3.1613,6.3819,18.4102,9.2852,9.2404,23.8367,93.65,93.65,93.65,-0.3417,-0.3417,-0.3417
HAL,35.34000015258789,35.69,2026-08-20,True,35.1150016784668,35.99020004272461,-0.98,67.47,BAJO,29442828288.0,18.5,12.15,2.68,14.92,7.26,12.79,7.16,6.97,8.61,0.74,2.02,4.0,YAHOO,1.8505,2.9856,1.0937,0.067323,3.0709,0.2421,73.4,2026-10-20,60,,,yahoo,1.0,0.0,1.0,1.0,0.0,0.0,1.0,0.0,0.0,2.6729,10.8184,0.6551,-15.4186,20.4087,35.6666,35.69,41.22,42.7979,-0.9807,-14.2649,-17.4259
SLB,53.869998931884766,53.55,2026-08-20,True,53.19499969482422,54.150001525878906,0.6,61.23,BAJO,79950790656.0,26.15,16.67,3.07,12.91,6.17,12.71,8.53,3.7,12.16,0.47,1.44,4.0,YAHOO,1.8505,2.9856,1.0937,0.067323,3.0709,0.2421,73.4,2026-10-23,63,2026-07-24,28.0,yahoo,1.0,0.0,1.0,1.0,1.0,0.0,0.0,0.0,0.0,0.186,6.6099,12.7223,-5.4106,13.6607,40.6589,53.87,58.01,58.01,0.0,-7.1367,-7.1367
COP,134.8699951171875,134.89,2026-08-20,True,134.44500732421875,135.8800048828125,-0.01,44.33,BAJO,162024374272.0,17.86,14.27,2.48,14.18,7.53,31.51,14.4,4.75,6.63,0.36,1.54,7.0,YAHOO,1.8505,2.9856,1.0937,0.067323,3.0709,0.2421,73.4,2026-11-05,76,2026-08-06,15.0,yahoo,1.0,0.0,1.0,1.0,1.0,1.0,1.0,0.0,1.0,7.0907,15.4405,23.4605,12.6251,22.9001,31.5697,134.89,134.89,134.89,-0.0148,-0.0148,-0.0148
GPRK,9.789999961853027,9.78,2026-08-20,True,9.699999809265137,9.84000015258789,0.1,50.13,BAJO,635329408.0,6.85,5.5,1.45,28.57,7.81,27.52,16.0,14.52,3.24,1.81,1.17,3.0,YAHOO,1.8505,2.9856,1.0937,0.067323,3.0709,0.2421,73.4,2026-11-04,75,2026-08-12,9.0,yahoo,1.0,0.0,1.0,0.0,0.0,1.0,0.0,0.0,0.0,3.6335,4.0731,1.4901,1.072,34.9729,47.9365,9.79,11.7511,11.7511,0.0,-16.6885,-16.6885
CEG,272.8800048828125,272.92,2026-08-20,True,270.57000732421875,277.2099914550781,-0.01,-14.65,BAJO,96683401216.0,26.67,20.53,3.03,15.06,3.89,8.66,11.08,-6.85,15.22,0.76,1.46,6.0,YAHOO,1.8505,2.9856,1.0937,0.067323,3.0709,0.2421,73.4,2026-11-09,80,2026-08-06,15.0,yahoo,1.0,0.0,1.0,1.0,1.0,0.0,1.0,0.0,1.0,-3.2568,1.2633,1.1247,-4.3839,43.5773,39.3598,282.0664,287.3083,401.7044,-3.2568,-5.0219,-32.0695
FSLR,214.27999877929688,214.06,2026-08-20,True,211.52999877929688,221.39999389648438,0.1,9.15,BAJO,23028627456.0,13.2,9.28,2.23,18.51,8.62,42.64,32.46,6.94,9.01,0.02,2.52,7.0,YAHOO,1.8505,2.9856,1.0937,0.067323,3.0709,0.2421,73.4,2026-10-29,69,2026-07-30,22.0,yahoo,1.0,1.0,1.0,1.0,1.0,1.0,0.0,0.0,1.0,-5.0009,-14.3051,-14.0266,-13.9023,36.2232,55.097,250.05,318.25,318.25,-14.3051,-32.6693,-32.6693
CCJ,102.51000213623047,95.59,2026-08-20,True,97.5,102.77999877929688,7.24,41.34,BAJO,44646486016.0,176.74,54.2,8.63,5.11,2.98,9.11,10.21,0.11,56.05,0.17,3.06,8.0,YAHOO,1.8505,2.9856,1.0937,0.067323,3.0709,0.2421,73.4,2026-10-30,70,2026-07-31,21.0,yahoo,1.0,1.0,1.0,1.0,1.0,1.0,0.0,1.0,1.0,4.8803,5.2572,-5.8591,-2.6773,73.7034,50.589,102.51,120.51,134.09,0.0,-14.9365,-23.5513
PBR,19.149999618530273,19.01,2026-08-20,True,19.030000686645508,19.279499053955078,0.74,63.3,BAJO,123409612800.0,4.8,4.8,1.43,30.27,10.07,44.68,24.32,76.36,1.79,0.76,0.85,7.0,YAHOO,1.8505,2.9856,1.0937,0.067323,3.0709,0.2421,73.4,2026-11-10,81,2026-08-06,15.0,yahoo,1.0,1.0,1.0,1.0,1.0,1.0,1.0,0.0,0.0,7.1029,6.6258,12.4486,-3.6575,20.7231,29.9646,19.4,19.4,21.8617,-1.2887,-1.2887,-12.404
NEE,83.6500015258789,85.03,2026-08-20,True,83.5999984741211,85.2699966430664,-1.62,10.68,BAJO,174492090368.0,18.8,18.95,3.05,11.68,2.44,31.52,32.4,-10.18,20.26,1.62,0.53,5.0,YAHOO,1.8505,2.9856,1.0937,0.067323,3.0709,0.2421,73.4,2026-10-27,67,2026-07-24,28.0,yahoo,1.0,0.0,1.0,1.0,0.0,1.0,0.0,1.0,0.0,-2.947,-1.1813,-3.2165,-6.0512,11.4188,17.7469,89.28,89.79,97.1683,-6.306,-6.8382,-13.9122
PAAS,53.06999969482422,51.92,2026-08-20,True,52.150001525878906,53.290199279785156,2.21,64.17,BAJO,22003775488.0,15.7,11.27,3.04,22.41,11.77,37.81,32.03,5.99,10.02,0.11,2.94,7.0,YAHOO,1.8505,2.9856,1.0937,0.067323,3.0709,0.2421,73.4,2026-11-16,87,2026-08-12,9.0,yahoo,1.0,1.0,1.0,1.0,1.0,1.0,0.0,1.0,0.0,11.9148,3.6119,14.8204,-3.1569,72.1511,57.3083,53.07,56.99,68.2965,0.0,-6.8784,-22.2947
HMY,23.540000915527344,22.02,2026-08-20,True,23.25,23.649999618530273,6.9,48.35,BAJO,,14.9,7.05,4.57,33.49,17.3,33.34,20.05,,0.65,0.25,0.54,,YAHOO,1.8505,2.9856,1.0937,0.067323,3.0709,0.2421,73.4,2026-08-27,6,,,yahoo,,,,,,,,,,21.0905,19.4924,52.758,36.9401,90.4389,65.6755,23.54,23.54,25.5485,0.0,0.0,-7.8615
B,47.599998474121094,46.27,2026-08-20,True,46.93000030517578,47.790000915527344,2.87,88.26,BAJO,78344093696.0,11.96,10.82,2.87,27.01,13.44,51.34,31.6,6.5,6.54,0.13,3.01,9.0,YAHOO,1.8505,2.9856,1.0937,0.067323,3.0709,0.2421,73.4,2026-11-09,80,,,yahoo,1.0,1.0,1.0,1.0,1.0,1.0,1.0,1.0,1.0,14.4231,8.9744,24.6726,15.7961,53.5387,50.0561,47.6,47.6,52.3175,0.0,0.0,-9.0171
VALE,14.59000015258789,14.23,2026-08-20,True,14.420000076293945,14.6899995803833,2.53,58.61,BAJO,62091579392.0,28.61,7.25,1.67,4.11,7.92,21.95,4.75,21.43,1.9,0.55,1.19,4.0,YAHOO,1.8505,2.9856,1.0937,0.067323,3.0709,0.2421,73.4,2026-10-29,69,2026-07-30,22.0,yahoo,1.0,0.0,1.0,1.0,0.0,1.0,0.0,0.0,0.0,7.0433,2.014,-1.9839,-8.8873,22.2107,31.8154,14.6422,16.3534,17.3257,-0.3568,-10.7832,-15.7898
LAC,3.140000104904175,2.97,2026-08-20,True,3.052799940109253,3.2300000190734863,5.72,11.73,BAJO,1139954944.0,,-22.31,0.8,-3.7,-1.66,0.0,0.0,-118.33,-30.15,0.6,5.47,1.0,YAHOO,1.8505,2.9856,1.0937,0.067323,3.0709,0.2421,73.4,2026-11-13,84,2026-08-12,9.0,yahoo,0.0,0.0,0.0,1.0,0.0,0.0,0.0,0.0,0.0,-7.1006,-2.7864,-24.3373,-37.0741,77.7531,62.5791,3.43,5.75,10.05,-8.4548,-45.3913,-68.7562
RIO,105.30000305175781,102.17,2026-08-20,True,104.13999938964844,105.37999725341797,3.06,78.01,BAJO,171312955392.0,14.25,11.9,2.62,19.31,8.11,28.05,19.58,2.1,8.33,0.32,1.42,4.0,YAHOO,1.8505,2.9856,1.0937,0.067323,3.0709,0.2421,73.4,,999,2026-07-28,24.0,yahoo,1.0,0.0,1.0,1.0,0.0,0.0,0.0,1.0,0.0,10.0544,6.4414,12.5887,2.7226,30.615,33.2195,105.3,109.2706,109.6326,0.0,-3.6337,-3.9519
GFI,47.810001373291016,45.45,2026-08-20,True,47.29999923706055,48.380001068115234,5.19,60.15,BAJO,,12.13,8.9,10.14,51.93,21.41,51.78,40.76,,16.86,0.37,1.79,9.0,YAHOO,1.8505,2.9856,1.0937,0.067323,3.0709,0.2421,73.4,2026-08-25,4,,,yahoo,1.0,1.0,1.0,1.0,1.0,1.0,1.0,1.0,1.0,18.8121,17.124,42.2493,19.3162,58.0957,61.0056,47.81,47.81,59.7691,0.0,0.0,-20.0089
GGB,4.329999923706055,4.285,2026-08-20,True,4.320000171661377,4.440000057220459,1.05,50.4,BAJO,8496007680.0,19.68,7.84,0.82,4.18,5.03,12.75,3.22,31.17,1.84,0.28,2.87,5.0,YAHOO,1.8505,2.9856,1.0937,0.067323,3.0709,0.2421,73.4,2026-10-26,66,2026-08-04,17.0,yahoo,1.0,0.0,1.0,1.0,0.0,0.0,1.0,0.0,1.0,-7.6904,-11.4277,4.9274,-6.9048,37.3305,38.8257,5.0866,5.0866,5.0866,-14.8741,-14.8741,-14.8741
FCX,76.66000366210938,71.22,2026-08-20,True,74.40149688720703,77.33000183105469,7.64,83.27,BAJO,110085111808.0,35.0,18.59,5.47,14.75,7.58,33.4,11.39,1.96,13.45,0.32,2.07,6.0,YAHOO,1.8505,2.9856,1.0937,0.067323,3.0709,0.2421,73.4,2026-10-22,62,2026-07-23,29.0,yahoo,1.0,1.0,1.0,1.0,1.0,0.0,1.0,0.0,0.0,15.2955,10.112,19.3262,23.3286,70.4306,53.7758,76.66,76.66,76.66,0.0,0.0,0.0
HL,20.719999313354492,20.82,2026-08-20,True,20.485000610351562,21.450000762939453,-0.48,167.33,BAJO,13919041536.0,24.96,19.48,5.2,22.17,15.3,44.27,19.15,2.46,13.95,0.01,5.2,8.0,YAHOO,1.8505,2.9856,1.0937,0.067323,3.0709,0.2421,73.4,2026-11-03,74,2026-08-04,17.0,finnhub,1.0,1.0,1.0,1.0,1.0,1.0,0.0,1.0,1.0,12.7926,22.9674,37.4917,19.7965,130.6121,70.5597,20.82,20.82,31.7964,-0.4803,-0.4803,-34.8354
NEM,131.5800018310547,127.64,2026-08-20,True,129.8000946044922,132.3300018310547,3.09,87.28,BAJO,138644832256.0,16.11,12.44,3.95,25.91,15.75,51.57,33.36,6.36,7.7,0.16,2.55,9.0,YAHOO,1.8505,2.9856,1.0937,0.067323,3.0709,0.2421,73.4,2026-10-22,62,2026-07-23,29.0,yahoo,1.0,1.0,1.0,1.0,1.0,1.0,1.0,1.0,1.0,11.7357,16.4631,34.4849,21.7458,74.6971,50.3779,131.58,131.58,131.58,0.0,0.0,0.0
GOLD,46.209999084472656,45.66,2026-08-20,True,45.099998474121094,46.836700439453125,1.2,105.2,BAJO,1340292096.0,14.86,12.73,1.55,10.82,2.76,0.86,0.35,-55.5,16.63,1.82,1.18,4.0,YAHOO,1.8505,2.9856,1.0937,0.067323,3.0709,0.2421,73.4,2026-09-02,12,,,yahoo,1.0,0.0,1.0,1.0,0.0,0.0,0.0,1.0,0.0,5.0227,6.2055,9.0373,10.6032,108.0301,49.1904,46.21,46.21,63.5992,0.0,0.0,-27.3418
MUX,20.780000686645508,20.27,2026-08-20,True,20.309999465942383,21.06999969482422,2.52,87.32,BAJO,1241399040.0,16.49,5.11,1.76,13.54,-0.43,-5.92,32.46,-1.5,45.89,0.18,2.04,5.0,YAHOO,1.8505,2.9856,1.0937,0.067323,3.0709,0.2421,73.4,2026-11-04,75,2026-08-05,16.0,yahoo,1.0,1.0,1.0,0.0,0.0,1.0,0.0,1.0,0.0,10.5319,8.2856,14.6799,-2.6698,86.6025,64.1319,20.78,22.31,29.05,0.0,-6.8579,-28.4682
NXE,10.859999656677246,10.22,2026-08-20,True,10.520000457763672,10.925000190734863,6.26,62.35,BAJO,7281696256.0,,-61.33,5.95,-17.67,-3.39,0.0,0.0,-4.1,-63.88,0.34,1.46,2.0,YAHOO,1.8505,2.9856,1.0937,0.067323,3.0709,0.2421,73.4,2026-11-03,74,2026-08-04,17.0,yahoo,0.0,0.0,0.0,1.0,0.0,1.0,0.0,0.0,0.0,4.5236,4.1227,4.8263,3.1339,81.1581,59.4292,10.86,12.44,13.92,0.0,-12.701,-21.9828
MP,60.04999923706055,55.04,2026-08-20,True,55.85100173950195,60.59000015258789,9.1,-14.5,BAJO,10695000064.0,,69.19,5.46,-3.58,-1.52,-14.72,-14.56,-4.05,261.52,0.41,9.51,4.0,YAHOO,1.8505,2.9856,1.0937,0.067323,3.0709,0.2421,73.4,2026-11-05,76,2026-08-06,15.0,yahoo,0.0,1.0,0.0,0.0,1.0,1.0,0.0,1.0,0.0,2.2302,17.4917,1.9525,-2.7373,91.0733,71.6837,60.05,72.24,98.65,0.0,-16.8743,-39.1282
JPM,351.5799865722656,351.55,2026-08-20,True,350.3666076660156,356.8599853515625,0.01,20.48,BAJO,934565052416.0,15.06,14.06,2.64,17.79,1.36,50.39,34.92,,,,,3.0,YAHOO,1.8505,2.9856,1.0937,0.067323,3.0709,0.2421,73.4,2026-10-13,53,,,yahoo,1.0,0.0,0.0,0.0,1.0,0.0,1.0,0.0,0.0,-3.1033,-1.6614,5.6934,16.5557,18.2859,21.3645,365.18,365.18,365.18,-3.7242,-3.7242,-3.7242
AXP,336.0,331.15,2026-08-20,True,333.4200134277344,337.1600036621094,1.46,7.75,BAJO,226904096768.0,20.08,16.71,6.62,34.38,3.79,20.32,16.14,,,1.72,1.55,4.0,YAHOO,1.8505,2.9856,1.0937,0.067323,3.0709,0.2421,73.4,2026-10-23,63,2026-07-24,28.0,yahoo,1.0,0.0,1.0,1.0,0.0,0.0,1.0,0.0,0.0,-1.8921,-1.4403,-0.2547,8.7891,28.115,26.9727,348.99,361.57,381.7816,-3.7222,-7.0719,-11.9916
MA,580.6300048828125,573.85,2026-08-20,True,573.0401000976562,582.2750244140625,1.18,-3.75,BAJO,508637642752.0,31.92,25.22,90.78,241.2,24.06,61.11,46.34,3.33,23.23,4.4,1.06,9.0,YAHOO,1.8505,2.9856,1.0937,0.067323,3.0709,0.2421,73.4,2026-10-29,69,2026-07-30,22.0,yahoo,1.0,1.0,1.0,1.0,1.0,1.0,1.0,1.0,1.0,1.992,3.1406,19.1639,16.4091,16.8206,23.1975,580.63,580.63,595.2507,0.0,0.0,-2.4562
V,371.0400085449219,365.73,2026-08-20,True,366.656005859375,371.79998779296875,1.45,6.37,BAJO,692749271040.0,31.15,24.76,19.66,61.19,19.11,66.13,50.78,2.95,22.27,0.68,0.98,6.0,YAHOO,1.8505,2.9856,1.0937,0.067323,3.0709,0.2421,73.4,2026-10-27,67,2026-07-28,24.0,yahoo,1.0,0.0,1.0,1.0,1.0,0.0,1.0,0.0,1.0,1.8921,2.546,13.1665,12.2642,11.8694,20.9849,371.04,371.04,371.04,0.0,0.0,0.0
PYPL,61.54999923706055,62.3,2026-08-20,True,61.459999084472656,62.68000030517578,-1.2,-10.54,BAJO,52653617152.0,11.77,10.62,2.68,24.5,4.62,16.97,14.36,8.4,8.71,0.72,1.29,9.0,YAHOO,1.8505,2.9856,1.0937,0.067323,3.0709,0.2421,73.4,2026-10-27,67,2026-07-28,24.0,yahoo,1.0,1.0,1.0,1.0,1.0,1.0,1.0,1.0,1.0,-0.1784,4.1984,47.6019,39.397,21.3424,45.4846,62.3,62.3,75.4763,-1.2039,-1.2039,-18.4513
PAGS,8.619999885559082,8.44,2026-08-20,True,8.46049976348877,8.6899995803833,2.13,2.88,BAJO,2376068608.0,5.86,4.67,0.82,14.54,6.36,36.2,10.86,-78.13,0.3,0.12,1.55,7.0,YAHOO,1.8505,2.9856,1.0937,0.067323,3.0709,0.2421,73.4,2026-11-11,82,2026-08-11,10.0,yahoo,1.0,0.0,1.0,1.0,1.0,0.0,1.0,1.0,1.0,-1.1468,-5.6893,-1.5982,-7.5107,37.9825,29.903,9.84,9.84,11.7187,-12.3984,-12.3984,-26.4421
NU,14.579999923706055,14.21,2026-08-20,True,14.260000228881836,14.819999694824219,2.6,4.21,BAJO,70431440896.0,19.97,12.75,5.63,31.63,4.96,50.15,42.73,,,,,4.0,YAHOO,1.8505,2.9856,1.0937,0.067323,3.0709,0.2421,73.4,2026-11-12,83,2026-08-13,8.0,yahoo,1.0,0.0,1.0,1.0,1.0,0.0,0.0,0.0,0.0,-4.2679,5.3468,15.8062,10.7903,45.2025,43.2099,15.23,15.23,18.76,-4.2679,-4.2679,-22.2815
XP,16.809999465942383,15.99,2026-08-20,True,16.15399932861328,16.979999542236328,5.13,3.91,BAJO,8332571136.0,8.66,7.23,1.85,22.56,1.36,31.18,28.54,,,6.42,1.49,7.0,YAHOO,1.8505,2.9856,1.0937,0.067323,3.0709,0.2421,73.4,2026-11-16,87,2026-08-18,3.0,yahoo,1.0,1.0,1.0,1.0,1.0,0.0,1.0,1.0,0.0,6.2579,3.5099,6.9338,-4.9791,60.8677,38.8878,17.2,17.3,22.6565,-2.2674,-2.8324,-25.805
AIG,76.12000274658203,75.75,2026-08-20,True,75.80500030517578,76.80999755859375,0.49,-8.08,BAJO,39802630144.0,13.84,8.67,0.98,7.22,1.76,19.41,11.09,18.5,4.72,0.22,0.61,5.0,YAHOO,1.8505,2.9856,1.0937,0.067323,3.0709,0.2421,73.4,2026-11-04,75,2026-08-06,15.0,yahoo,1.0,1.0,1.0,1.0,0.0,0.0,1.0,0.0,0.0,-0.6785,-3.3765,-0.5357,-2.5364,7.5146,22.2519,80.83,81.06,85.514,-5.827,-6.0942,-10.9853
BRK-B,495.82000732421875,496.86,2026-08-20,True,495.67999267578125,501.0,-0.21,-0.97,BAJO,1061406703616.0,12.47,22.34,0.0,12.12,6.01,32.56,22.3,6.78,-1.79,0.17,2.89,4.0,YAHOO,1.8505,2.9856,1.0937,0.067323,3.0709,0.2421,73.4,2026-11-07,78,2026-08-03,18.0,yahoo,1.0,0.0,1.0,0.0,1.0,0.0,1.0,0.0,0.0,-1.6289,-4.9789,0.6108,3.3001,11.7174,15.477,529.42,529.42,529.42,-6.3466,-6.3466,-6.3466
BBD,3.109999895095825,2.98,2026-08-20,True,3.0199999809265137,3.130000114440918,4.36,9.83,BAJO,33873106944.0,7.4,5.56,0.95,13.76,1.07,34.52,26.07,,,,,4.0,YAHOO,1.8505,2.9856,1.0937,0.067323,3.0709,0.2421,73.4,2026-11-04,75,2026-08-05,16.0,yahoo,1.0,1.0,0.0,0.0,1.0,0.0,1.0,0.0,0.0,-0.9554,-7.7151,-7.3464,-10.628,47.5115,29.0387,3.6358,3.7257,4.1109,-14.4624,-16.5263,-24.3477
AEG,8.989999771118164,9.01,2026-08-20,True,8.979999542236328,9.050000190734863,-0.22,12.79,BAJO,13292756992.0,11.99,9.6,1.55,11.07,0.1,5.8,8.62,-32.46,,0.43,1.16,6.0,YAHOO,1.8505,2.9856,1.0937,0.067323,3.0709,0.2421,73.4,,999,2026-08-20,1.0,yahoo,1.0,1.0,1.0,0.0,1.0,0.0,1.0,0.0,1.0,-4.8677,-5.6663,5.1462,7.1058,19.8481,20.0549,9.53,9.53,9.53,-5.6663,-5.6663,-5.6663
SAN,14.59000015258789,14.21,2026-08-20,True,14.529999732971191,14.6899995803833,2.67,51.89,BAJO,212657782784.0,13.9,10.21,1.66,13.11,0.78,43.44,33.46,,,,,4.0,YAHOO,1.8505,2.9856,1.0937,0.067323,3.0709,0.2421,73.4,2026-10-28,68,,,yahoo,1.0,1.0,0.0,0.0,1.0,0.0,1.0,0.0,0.0,-1.1518,-0.7483,7.2794,18.3293,33.3317,31.7025,14.82,14.82,14.82,-1.552,-1.552,-1.552
GGAL,41.45000076293945,41.0,2026-08-20,True,41.130001068115234,42.439998626708984,1.1,-8.34,BAJO,7023845376.0,115.14,6.47,11.62,0.9,0.17,1.78,1.14,,,,,1.0,YAHOO,1.8505,2.9856,1.0937,0.067323,3.0709,0.2421,73.4,2026-08-25,4,,,yahoo,1.0,0.0,0.0,0.0,0.0,0.0,0.0,0.0,0.0,-4.427,-10.2425,-19.1999,-5.724,26.8878,52.7927,51.5592,56.3145,58.6947,-19.607,-26.3955,-29.3803
MELI,1922.72998046875,1921.96,2026-08-20,True,1911.010009765625,1962.56494140625,0.04,-20.19,BAJO,97476255744.0,52.36,33.9,12.44,27.5,4.31,6.72,5.3,0.36,26.96,1.69,1.12,5.0,YAHOO,1.8505,2.9856,1.0937,0.067323,3.0709,0.2421,73.4,2026-11-04,75,2026-08-05,16.0,yahoo,1.0,0.0,1.0,1.0,1.0,0.0,1.0,0.0,0.0,4.2367,5.6045,21.4105,14.5915,57.578,36.9921,1940.0,1940.0,2510.97,-0.8902,-0.8902,-23.4268
WFC,83.83999633789062,83.7,2026-08-20,True,83.5,84.9800033569336,0.17,7.62,BAJO,253532078080.0,12.17,10.61,1.58,12.57,1.08,37.39,27.23,,,,,3.0,YAHOO,1.8505,2.9856,1.0937,0.067323,3.0709,0.2421,73.4,2026-10-13,53,,,yahoo,1.0,0.0,0.0,0.0,1.0,0.0,1.0,0.0,0.0,-5.6068,-3.9083,0.2274,11.066,20.6579,24.5645,88.93,88.93,94.8289,-5.7236,-5.7236,-11.5881
BNY,158.49000549316406,157.24,2026-08-20,True,158.1199951171875,160.1999969482422,0.79,55.98,BAJO,107536121856.0,18.34,15.47,2.69,14.12,1.26,40.05,29.41,,,,,6.0,YAHOO,1.8505,2.9856,1.0937,0.067323,3.0709,0.2421,73.4,2026-10-15,55,,,yahoo,1.0,1.0,1.0,1.0,1.0,0.0,1.0,0.0,0.0,-2.9098,0.5583,8.0323,14.4919,23.3897,23.7299,164.27,164.27,164.27,-3.5186,-3.5186,-3.5186
BCS,26.829999923706055,26.49,2026-08-20,True,26.725000381469727,26.95549964904785,1.28,33.34,BAJO,90232766464.0,10.12,7.89,1.01,10.09,0.47,42.95,27.87,,,,,6.0,YAHOO,1.8505,2.9856,1.0937,0.067323,3.0709,0.2421,73.4,2026-10-22,62,2026-07-28,24.0,yahoo,1.0,1.0,1.0,1.0,0.0,0.0,1.0,0.0,1.0,-4.6553,-3.9384,0.4121,13.1888,23.0173,33.6191,28.2428,28.2428,28.2428,-5.0023,-5.0023,-5.0023
HSBC,104.1500015258789,102.33,2026-08-20,True,103.56009674072266,104.44999694824219,1.78,64.5,BAJO,357006835712.0,14.88,11.0,8.27,13.1,0.78,58.77,37.8,,,,,5.0,YAHOO,1.8505,2.9856,1.0937,0.067323,3.0709,0.2421,73.4,2026-10-27,67,2026-08-04,17.0,yahoo,1.0,0.0,1.0,1.0,1.0,0.0,1.0,0.0,0.0,0.3469,0.8897,9.481,13.6914,18.8194,25.9216,107.3417,107.3417,107.3417,-2.9734,-2.9734,-2.9734
BHP,97.02999877929688,93.63,2026-08-20,True,95.44000244140625,97.25,3.63,79.09,BAJO,246464118784.0,24.2,20.24,4.84,24.0,13.43,43.34,16.73,3.89,8.75,0.5,1.89,7.0,YAHOO,1.8505,2.9856,1.0937,0.067323,3.0709,0.2421,73.4,,999,2026-08-17,4.0,yahoo,1.0,0.0,1.0,1.0,1.0,1.0,0.0,1.0,1.0,11.8115,7.3222,17.9696,14.2336,23.0873,39.8085,97.03,97.03,97.03,0.0,0.0,0.0
LYG,6.019999980926514,5.9,2026-08-20,True,6.0,6.050000190734863,2.03,34.94,BAJO,87279091712.0,14.0,9.45,1.55,11.34,0.56,44.96,26.43,,,,,6.0,YAHOO,1.8505,2.9856,1.0937,0.067323,3.0709,0.2421,73.4,2026-10-29,69,2026-07-30,22.0,yahoo,1.0,1.0,1.0,1.0,0.0,0.0,1.0,0.0,1.0,-3.0596,-2.8405,6.4854,12.784,28.35,30.12,6.21,6.21,6.21,-3.0596,-3.0596,-3.0596
ING,34.84000015258789,34.5,2026-08-20,True,34.72999954223633,34.93550109863281,0.99,43.98,BAJO,99454066688.0,13.05,10.92,1.7,17.12,0.8,49.1,34.49,,,,,2.0,YAHOO,1.8505,2.9856,1.0937,0.067323,3.0709,0.2421,73.4,2026-10-29,69,2026-07-30,22.0,yahoo,1.0,0.0,0.0,0.0,0.0,0.0,1.0,0.0,0.0,-2.409,-1.0845,11.5104,15.111,21.0731,27.9466,35.7,35.7,35.7,-2.409,-2.409,-2.409
IBN,29.90999984741211,29.67,2026-08-20,True,29.850000381469727,30.114999771118164,0.81,-11.96,BAJO,,18.35,16.18,2.7,16.07,2.11,38.51,27.53,,,,,4.0,YAHOO,1.8505,2.9856,1.0937,0.067323,3.0709,0.2421,73.4,2026-10-17,57,,,yahoo,1.0,0.0,1.0,1.0,1.0,0.0,0.0,0.0,0.0,0.5716,-1.0258,6.4986,16.4945,11.3684,20.0231,30.48,30.48,33.0533,-1.8701,-1.8701,-9.5097
MUFG,22.040000915527344,21.56,2026-08-20,True,21.954999923706055,22.190000534057617,2.23,41.6,BAJO,248542281728.0,16.21,21.4,1.74,9.46,0.51,45.6,27.45,,,,,1.0,YAHOO,1.8505,2.9856,1.0937,0.067323,3.0709,0.2421,73.4,2026-11-12,83,2026-08-03,18.0,yahoo,1.0,0.0,0.0,0.0,0.0,0.0,0.0,0.0,0.0,-4.4232,-2.0009,9.2712,13.7255,48.8191,28.6697,23.1,23.1,23.1,-4.5887,-4.5887,-4.5887
GS,1039.280029296875,1001.95,2026-08-20,True,1008.85400390625,1043.6600341796875,3.73,45.63,BAJO,302608613376.0,16.06,14.04,2.87,16.9,1.07,42.18,31.04,,,7.25,1.56,4.0,YAHOO,1.8505,2.9856,1.0937,0.067323,3.0709,0.2421,73.4,2026-10-13,53,,,yahoo,1.0,1.0,0.0,0.0,0.0,0.0,1.0,0.0,1.0,-0.0135,-0.0317,-5.04,5.6357,42.6574,39.8672,1060.38,1152.0699,1152.0699,-1.9899,-9.7902,-9.7902
BX,143.3800048828125,141.35,2026-08-20,True,141.79330444335938,145.0,1.44,-11.16,BAJO,171381800960.0,31.65,19.14,12.72,31.37,14.33,54.36,22.73,,,0.68,0.87,5.0,YAHOO,1.8505,2.9856,1.0937,0.067323,3.0709,0.2421,73.4,2026-10-22,62,2026-07-23,29.0,yahoo,1.0,0.0,1.0,1.0,1.0,0.0,0.0,0.0,1.0,-0.3821,4.5577,20.6318,22.1579,38.752,41.1745,149.32,149.32,181.3246,-3.978,-3.978,-20.9263
ITUB,7.480000019073486,7.17,2026-08-20,True,7.269999980926514,7.519999980926514,4.32,22.99,BAJO,82443599872.0,9.23,7.47,1.97,21.48,1.58,39.07,32.58,,,,,4.0,YAHOO,1.8505,2.9856,1.0937,0.067323,3.0709,0.2421,73.4,2026-11-03,74,2026-08-04,17.0,yahoo,1.0,1.0,1.0,0.0,0.0,0.0,1.0,0.0,0.0,1.0811,-5.7935,-5.7254,-5.5232,49.0726,29.3579,8.487,8.617,9.3791,-11.8652,-13.1944,-20.2481
BAC,61.689998626708984,61.86,2026-08-20,True,61.52000045776367,62.52000045776367,-0.27,28.16,BAJO,431382659072.0,14.28,11.65,1.57,11.2,0.97,38.3,29.52,,,,,5.0,YAHOO,1.8505,2.9856,1.0937,0.067323,3.0709,0.2421,73.4,2026-10-14,54,,,yahoo,1.0,1.0,1.0,0.0,0.0,0.0,1.0,0.0,1.0,-4.3418,-2.3429,6.5274,20.4322,19.1774,19.1128,64.81,64.81,64.81,-4.8141,-4.8141,-4.8141
RACE,436.5400085449219,428.37,2026-08-20,True,432.17999267578125,437.1000061035156,1.91,-7.9,BAJO,76728377344.0,39.83,34.09,18.12,45.44,13.61,31.06,22.25,1.31,31.21,0.86,2.43,9.0,YAHOO,1.8505,2.9856,1.0937,0.067323,3.0709,0.2421,73.4,2026-11-03,74,2026-07-30,22.0,finnhub,1.0,1.0,1.0,1.0,1.0,1.0,1.0,1.0,1.0,5.2284,5.8895,26.581,24.9435,28.4457,33.5441,436.54,436.54,498.3386,0.0,0.0,-12.4009
C,131.64999389648438,129.67,2026-08-20,True,130.33999633789062,132.22999572753906,1.53,42.74,BAJO,220834545664.0,13.96,10.22,1.15,8.53,0.66,36.23,21.83,,,,,3.0,YAHOO,1.8505,2.9856,1.0937,0.067323,3.0709,0.2421,73.4,2026-10-13,53,,,yahoo,1.0,0.0,0.0,0.0,1.0,0.0,1.0,0.0,0.0,-5.5121,-2.4815,-8.7264,5.6695,34.7293,30.0927,139.33,144.9331,144.9331,-5.5121,-9.165,-9.165
SCHW,112.30000305175781,109.79,2026-08-20,True,110.16500091552734,112.4000015258789,2.29,16.25,BAJO,194204401664.0,19.98,14.39,4.42,20.27,2.07,52.28,38.79,,,1.51,0.66,7.0,YAHOO,1.8505,2.9856,1.0937,0.067323,3.0709,0.2421,73.4,2026-10-15,55,,,yahoo,1.0,1.0,1.0,1.0,1.0,0.0,1.0,0.0,1.0,1.0892,4.6724,20.8838,24.5741,24.3703,22.6936,112.3,112.3,112.3,0.0,0.0,0.0
PG,144.67999267578125,142.97,2026-08-20,True,142.14500427246094,145.27000427246094,1.2,-8.62,BAJO,336298967040.0,21.85,19.56,6.3,30.29,10.72,22.08,18.44,3.95,14.64,0.64,0.68,6.0,YAHOO,1.8505,2.9856,1.0937,0.067323,3.0709,0.2421,73.4,2026-10-22,62,2026-07-29,23.0,yahoo,1.0,0.0,1.0,1.0,1.0,0.0,1.0,0.0,1.0,0.0899,-0.7614,-3.3806,1.6458,14.6532,21.8823,148.88,151.6182,164.7207,-2.8211,-4.5761,-12.1665
KO,91.0999984741211,90.5,2026-08-20,True,90.31999969482422,91.12000274658203,0.66,30.13,BAJO,391962198016.0,27.19,25.83,10.84,42.05,9.4,34.87,28.56,1.33,24.83,1.16,1.3,7.0,YAHOO,1.8505,2.9856,1.0937,0.067323,3.0709,0.2421,73.4,2026-10-20,60,2026-07-28,24.0,yahoo,1.0,1.0,1.0,0.0,1.0,1.0,1.0,1.0,0.0,3.865,4.6525,13.4354,12.9582,14.3872,24.735,91.1,91.1,91.1,0.0,0.0,0.0
PEP,143.47999572753906,142.08,2026-08-20,True,141.63999938964844,143.55999755859375,0.99,-2.33,BAJO,195993681920.0,18.8,15.98,8.87,51.51,8.93,16.84,10.79,4.0,12.63,2.39,0.93,5.0,YAHOO,1.8505,2.9856,1.0937,0.067323,3.0709,0.2421,73.4,2026-10-08,48,,,yahoo,1.0,0.0,1.0,1.0,0.0,1.0,1.0,0.0,0.0,1.9106,3.2082,1.0067,-2.5935,14.5025,23.481,143.5,146.25,167.221,-0.0139,-1.894,-14.1974
MO,66.08999633789062,66.94,2026-08-20,True,65.7699966430664,67.11000061035156,-1.27,1.82,BAJO,110353367040.0,13.91,11.27,-41.36,,29.55,61.46,39.0,8.19,8.41,,0.52,6.0,YAHOO,1.8505,2.9856,1.0937,0.067323,3.0709,0.2421,73.4,2026-10-29,69,2026-07-30,22.0,yahoo,1.0,0.0,1.0,1.0,0.0,1.0,1.0,1.0,0.0,0.5936,-3.3065,-7.7084,-8.9969,22.6636,31.841,74.92,74.92,74.92,-11.7859,-11.7859,-11.7859
WMT,103.69999694824219,103.592,2026-08-20,True,102.16000366210938,104.27999877929688,0.1,4.3,BAJO,825252773888.0,37.57,32.16,8.75,22.31,7.14,4.99,3.0,1.11,18.86,0.7,0.77,7.0,YAHOO,1.8505,2.9856,1.0937,0.067323,3.0709,0.2421,73.4,2026-11-19,90,2026-08-20,1.0,yahoo,1.0,1.0,1.0,1.0,1.0,0.0,1.0,1.0,0.0,-9.8219,-7.0646,-12.9557,-14.3331,73.5462,29.2769,115.7329,120.7509,133.8795,-10.3972,-14.1207,-22.5423
TGT,165.44000244140625,158.25,2026-08-20,True,160.22999572753906,165.47999572753906,4.54,74.9,BAJO,,16.41,17.44,4.58,26.41,5.71,5.9,4.08,,10.31,1.07,0.99,6.0,YAHOO,1.8505,2.9856,1.0937,0.067323,3.0709,0.2421,73.4,2026-11-18,89,2026-08-19,2.0,yahoo,1.0,0.0,1.0,1.0,1.0,1.0,1.0,0.0,0.0,7.0948,11.3626,24.3083,32.1521,39.2884,33.3314,165.44,165.44,165.44,0.0,0.0,0.0
MCD,270.95001220703125,269.13,2026-08-20,True,268.17498779296875,271.25,0.68,-13.85,BAJO,191735480320.0,22.03,19.36,-187.38,,13.25,46.48,31.72,3.27,16.45,,1.08,6.0,YAHOO,1.8505,2.9856,1.0937,0.067323,3.0709,0.2421,73.4,2026-11-05,76,2026-08-04,17.0,yahoo,1.0,0.0,1.0,1.0,1.0,0.0,1.0,1.0,0.0,-0.6891,-1.2861,-0.2614,-4.0089,3.6337,22.8816,276.26,287.93,336.8806,-1.9221,-5.8973,-19.5709
SBUX,107.08000183105469,103.99,2026-08-20,True,103.37000274658203,107.41000366210938,2.97,21.55,BAJO,122071203840.0,60.16,34.37,-15.9,,8.02,12.92,5.17,2.51,24.98,,0.76,5.0,YAHOO,1.8505,2.9856,1.0937,0.067323,3.0709,0.2421,73.4,2026-10-28,68,2026-07-29,23.0,yahoo,1.0,0.0,1.0,1.0,1.0,0.0,0.0,0.0,1.0,-0.5664,2.0033,6.5761,3.4237,33.8838,23.3892,107.93,107.93,107.93,-0.7875,-0.7875,-0.7875
NKE,40.7599983215332,40.21,2026-08-20,True,40.2400016784668,41.125,1.37,-47.48,BAJO,60467404800.0,19.14,17.79,4.07,22.14,6.97,12.69,6.7,3.12,12.68,0.74,1.96,4.0,YAHOO,1.8505,2.9856,1.0937,0.067323,3.0709,0.2421,73.4,2026-09-29,39,,,yahoo,1.0,0.0,1.0,0.0,1.0,0.0,0.0,1.0,0.0,0.0737,-2.2542,-3.8226,-7.3559,33.9924,34.8766,43.22,46.9499,77.0555,-5.6918,-13.184,-47.1031
MDLZ,64.44999694824219,64.14,2026-08-20,True,63.970001220703125,64.73500061035156,0.48,3.51,BAJO,82258051072.0,23.44,19.17,3.1,13.34,4.12,21.98,8.86,2.74,16.88,0.83,0.6,5.0,YAHOO,1.8505,2.9856,1.0937,0.067323,3.0709,0.2421,73.4,2026-10-27,67,2026-07-28,24.0,yahoo,1.0,0.0,1.0,1.0,0.0,0.0,1.0,0.0,1.0,1.3205,2.9388,6.4367,5.6752,16.6208,27.5222,64.99,64.99,64.99,-0.8309,-0.8309,-0.8309
HSY,186.4600067138672,188.31,2026-08-20,True,185.4600067138672,188.72500610351562,-0.98,4.64,BAJO,37464600576.0,25.72,18.89,8.21,32.81,9.92,23.12,12.24,4.65,15.65,1.3,1.18,4.0,YAHOO,1.8505,2.9856,1.0937,0.067323,3.0709,0.2421,73.4,2026-11-05,76,2026-07-30,22.0,yahoo,1.0,0.0,1.0,1.0,0.0,1.0,0.0,0.0,0.0,1.2159,3.0579,4.8285,-1.2941,27.5016,30.6069,188.79,195.5028,232.6481,-1.2342,-4.6254,-19.8532
ANF,109.01000213623047,105.02,2026-08-20,True,105.3949966430664,109.52999877929688,3.8,14.9,BAJO,4843501056.0,10.54,9.26,3.61,39.22,12.73,7.98,9.34,5.85,6.7,0.95,1.45,5.0,YAHOO,1.8505,2.9856,1.0937,0.067323,3.0709,0.2421,73.4,2026-08-26,5,,,yahoo,1.0,0.0,1.0,1.0,0.0,1.0,1.0,0.0,0.0,0.8138,-3.2055,29.4348,42.5154,38.939,51.2856,118.53,118.53,129.85,-8.0317,-8.0317,-16.0493
EBAY,104.12999725341797,104.61,2026-08-20,True,103.69000244140625,105.62000274658203,-0.46,4.23,BAJO,46337847296.0,21.88,15.47,10.13,46.61,9.15,21.57,18.57,3.41,16.2,1.53,1.02,5.0,YAHOO,1.8505,2.9856,1.0937,0.067323,3.0709,0.2421,73.4,2026-11-04,75,2026-08-05,16.0,yahoo,1.0,1.0,1.0,0.0,0.0,0.0,1.0,0.0,1.0,0.9599,-7.0102,-4.4416,-10.8523,16.6409,31.0785,117.44,117.44,118.6311,-11.3335,-11.3335,-12.2237
ABEV,2.880000114440918,2.83,2026-08-20,True,2.8299999237060547,2.880000114440918,1.77,29.43,BAJO,44409597952.0,14.4,13.43,2.63,18.4,10.3,23.74,18.41,44.72,1.11,0.03,1.02,8.0,YAHOO,1.8505,2.9856,1.0937,0.067323,3.0709,0.2421,73.4,2026-10-29,69,2026-07-30,22.0,yahoo,1.0,1.0,1.0,1.0,1.0,0.0,1.0,1.0,1.0,2.8571,-4.0,-8.6004,-11.675,11.6956,21.5598,3.13,3.2407,3.4202,-7.9872,-11.1315,-15.7952
UL,64.13999938964844,63.4,2026-08-20,True,63.220001220703125,64.17500305175781,1.17,-9.3,BAJO,138110369792.0,21.38,16.14,7.37,31.87,8.29,20.34,18.32,4.87,15.3,1.75,0.74,7.0,YAHOO,1.8505,2.9856,1.0937,0.067323,3.0709,0.2421,73.4,2026-10-28,68,2026-07-28,24.0,finnhub,1.0,1.0,1.0,0.0,0.0,1.0,1.0,1.0,1.0,3.3017,1.8742,9.1637,12.0573,9.8787,28.9672,66.3122,66.3122,72.7099,-3.2758,-3.2758,-11.7864
URBN,74.23999786376953,72.65,2026-08-20,True,71.98400115966797,75.29750061035156,2.19,-1.98,BAJO,6357548032.0,14.28,10.92,2.43,18.73,8.36,8.96,7.48,0.07,9.45,0.46,1.48,8.0,YAHOO,1.8505,2.9856,1.0937,0.067323,3.0709,0.2421,73.4,2026-08-26,5,,,yahoo,1.0,1.0,1.0,1.0,0.0,1.0,1.0,1.0,1.0,-4.5881,-3.4841,4.5634,0.6508,35.5449,39.9823,79.49,79.49,82.7,-6.6046,-6.6046,-10.2297
CL,91.08000183105469,89.7,2026-08-20,True,89.16000366210938,91.30999755859375,1.54,5.75,BAJO,72606498816.0,35.86,22.17,307.7,267.37,15.84,20.97,9.68,4.76,15.92,13.88,1.03,5.0,YAHOO,1.8505,2.9856,1.0937,0.067323,3.0709,0.2421,73.4,2026-10-30,70,2026-07-31,21.0,yahoo,1.0,0.0,1.0,1.0,1.0,0.0,1.0,0.0,0.0,-0.9462,-2.348,0.1883,1.285,22.6643,25.8626,93.49,94.5877,97.966,-2.5778,-3.7084,-7.029
COST,947.739990234375,933.51,2026-08-20,True,933.8200073242188,949.89990234375,1.52,-4.14,BAJO,420302618624.0,47.67,41.83,25.42,29.15,8.67,3.67,3.01,1.65,30.36,0.6,1.07,6.0,YAHOO,1.8505,2.9856,1.0937,0.067323,3.0709,0.2421,73.4,2026-09-24,34,,,yahoo,1.0,0.0,1.0,1.0,1.0,1.0,0.0,1.0,0.0,-1.3901,-0.0084,-0.8806,-9.6343,27.7216,21.3069,974.03,993.6202,1092.5829,-2.6991,-4.6175,-13.2569
KMB,109.30999755859375,108.69,2026-08-20,True,108.06999969482422,109.88249969482422,0.57,-16.22,BAJO,36354215936.0,21.6,14.58,20.77,104.91,10.2,19.0,11.79,2.59,12.08,3.49,0.91,4.0,YAHOO,1.8505,2.9856,1.0937,0.067323,3.0709,0.2421,73.4,2026-11-03,74,2026-08-04,17.0,yahoo,1.0,0.0,1.0,1.0,1.0,0.0,0.0,0.0,0.0,-0.9784,-0.3373,5.1563,12.2368,20.7318,30.6508,113.21,114.74,127.2593,-3.4449,-4.7324,-14.1045
ORLY,89.11000061035156,89.08,2026-08-20,True,88.38500213623047,90.01499938964844,0.03,-15.83,BAJO,72086495232.0,28.29,24.4,-39.62,,13.67,20.15,14.27,2.18,19.52,,0.75,7.0,YAHOO,1.8505,2.9856,1.0937,0.067323,3.0709,0.2421,73.4,2026-10-28,68,2026-07-29,23.0,yahoo,1.0,0.0,1.0,1.0,1.0,1.0,1.0,1.0,0.0,-2.1307,-4.7258,1.7935,-3.4979,21.7147,31.6919,93.53,93.53,107.82,-4.7258,-4.7258,-17.353
PM,188.22999572753906,191.52,2026-08-20,True,187.99000549316406,191.08999633789062,-1.72,9.33,BAJO,293377802240.0,25.86,20.53,-34.18,,14.59,40.0,25.56,3.31,18.79,,0.98,7.0,YAHOO,1.8505,2.9856,1.0937,0.067323,3.0709,0.2421,73.4,2026-10-21,61,,,yahoo,1.0,1.0,1.0,1.0,1.0,1.0,0.0,1.0,0.0,-1.1345,-0.7069,6.2122,0.706,24.1783,29.1147,200.17,200.17,200.17,-5.9649,-5.9649,-5.9649
ETSY,81.02999877929688,81.21,2026-08-20,True,80.2699966430664,82.13999938964844,-0.22,26.33,BAJO,7437074432.0,25.64,11.76,-5.37,,10.53,18.74,7.11,2.28,19.95,,1.48,5.0,YAHOO,1.8505,2.9856,1.0937,0.067323,3.0709,0.2421,73.4,2026-11-04,75,2026-08-05,16.0,yahoo,1.0,0.0,1.0,1.0,1.0,0.0,1.0,0.0,0.0,1.4143,-5.2835,8.1987,33.4047,14.414,39.9901,86.47,86.47,86.47,-6.2912,-6.2912,-6.2912
TM,197.35000610351562,192.24,2026-08-20,True,196.6501007080078,197.9095001220703,2.66,-2.41,BAJO,233683173376.0,8.96,12.51,15.95,12.4,2.34,7.86,8.63,-1540.53,6.3,1.15,1.17,3.0,YAHOO,1.8505,2.9856,1.0937,0.067323,3.0709,0.2421,73.4,2026-11-05,76,2026-08-04,17.0,yahoo,1.0,0.0,1.0,1.0,0.0,0.0,0.0,0.0,0.0,3.2651,3.8192,18.0111,4.0546,22.7553,25.9565,197.35,197.35,248.29,0.0,0.0,-20.5163
HMC,33.369998931884766,32.6,2026-08-20,True,33.0,33.439998626708984,2.36,-4.07,BAJO,43303321600.0,,,0.56,-0.76,-0.15,8.76,-0.75,618.33,7.16,1.14,1.29,3.0,YAHOO,1.8505,2.9856,1.0937,0.067323,3.0709,0.2421,73.4,2026-11-05,76,2026-08-05,16.0,yahoo,0.0,0.0,1.0,1.0,0.0,0.0,1.0,0.0,0.0,5.6681,4.8711,30.4535,27.0754,20.7097,33.0676,33.37,33.37,34.85,0.0,0.0,-4.2468
NSANY,4.269999980926514,4.25,2026-08-20,True,4.260000228881836,4.289999961853027,0.47,-13.86,BAJO,7464776704.0,,4.97,0.24,-7.65,0.69,2.63,-3.37,-18213.32,15.32,1.72,1.54,4.0,YAHOO,1.8505,2.9856,1.0937,0.067323,3.0709,0.2421,73.4,2026-11-04,75,2026-08-03,18.0,finnhub,0.0,1.0,1.0,1.0,0.0,1.0,0.0,0.0,0.0,2.8916,-1.8391,12.0735,-6.7686,36.9486,43.098,4.51,5.08,6.05,-5.3215,-15.9449,-29.4215
GM,87.93000030517578,86.15,2026-08-20,True,85.79000091552734,88.36000061035156,2.07,54.57,BAJO,79528419328.0,38.4,5.92,1.24,3.16,2.25,3.2,1.05,27.58,11.11,2.02,1.14,5.0,YAHOO,1.8505,2.9856,1.0937,0.067323,3.0709,0.2421,73.4,2026-10-20,60,,,yahoo,1.0,0.0,1.0,1.0,0.0,1.0,1.0,0.0,0.0,1.3369,0.3996,11.3743,14.1311,19.8888,31.5845,90.3,90.3,90.3,-2.6246,-2.6246,-2.6246
ARCO,7.960000038146973,7.8,2026-08-20,True,7.800000190734863,7.96999979019165,2.05,15.36,BAJO,1676877952.0,6.32,9.35,2.02,36.36,6.91,5.56,5.16,7.69,5.89,2.64,0.88,6.0,YAHOO,1.8505,2.9856,1.0937,0.067323,3.0709,0.2421,73.4,2026-11-10,81,2026-08-13,8.0,finnhub,1.0,1.0,1.0,1.0,0.0,1.0,1.0,0.0,0.0,0.6321,-3.3981,-1.8496,-12.2873,27.5975,26.6206,8.47,8.7974,9.4222,-6.0213,-9.5185,-15.5189
HD,335.6099853515625,334.49,2026-08-20,True,333.010009765625,338.510009765625,0.33,-15.82,BAJO,,23.42,20.92,20.08,104.3,12.55,14.29,8.41,,15.56,3.77,1.08,4.0,YAHOO,1.8505,2.9856,1.0937,0.067323,3.0709,0.2421,73.4,2026-11-17,88,2026-08-18,3.0,yahoo,1.0,0.0,1.0,1.0,1.0,0.0,0.0,0.0,0.0,-0.9591,-5.6268,3.4397,7.7593,32.041,28.6354,355.62,357.9,414.7939,-5.6268,-6.228,-19.0899
DIS,107.77999877929688,107.32,2026-08-20,True,106.97000122070312,108.41000366210938,0.43,-8.36,BAJO,186102300672.0,22.13,14.49,1.69,8.01,4.81,19.3,8.7,2.61,11.15,0.39,0.71,8.0,YAHOO,1.8505,2.9856,1.0937,0.067323,3.0709,0.2421,73.4,2026-11-12,83,2026-08-05,16.0,yahoo,1.0,1.0,1.0,1.0,1.0,0.0,1.0,1.0,1.0,0.8704,2.7357,4.9028,4.8522,19.5114,26.9429,107.78,107.78,117.1635,0.0,0.0,-8.0089
JNJ,270.239990234375,267.37,2026-08-20,True,267.0400085449219,272.6549987792969,1.07,52.36,BAJO,651250958336.0,31.39,21.96,7.66,25.74,8.6,29.19,21.48,2.59,19.49,0.58,1.09,3.0,YAHOO,1.8505,2.9856,1.0937,0.067323,3.0709,0.2421,73.4,2026-10-13,53,,,yahoo,1.0,1.0,1.0,0.0,0.0,0.0,0.0,0.0,0.0,3.7987,4.2432,13.0333,17.2892,36.1213,26.1225,273.41,273.41,273.41,-1.1594,-1.1594,-1.1594
LLY,1255.4000244140625,1244.4,2026-08-20,True,1230.0,1271.219970703125,0.88,75.53,BAJO,1119492112384.0,42.21,26.58,33.04,102.29,20.36,54.22,33.53,0.99,27.93,1.62,1.35,7.0,YAHOO,1.8505,2.9856,1.0937,0.067323,3.0709,0.2421,73.4,2026-10-29,69,2026-08-05,16.0,yahoo,1.0,1.0,1.0,0.0,0.0,1.0,1.0,1.0,1.0,6.3754,6.0292,13.5599,20.693,51.8957,34.9427,1280.34,1280.34,1280.34,-1.9479,-1.9479,-1.9479
NVO,46.7400016784668,46.14,2026-08-20,True,46.34000015258789,47.165000915527344,1.3,-13.95,BAJO,206687780864.0,11.51,13.59,6.67,59.81,18.73,42.54,35.35,18.23,1.74,0.63,0.87,4.0,YAHOO,1.8505,2.9856,1.0937,0.067323,3.0709,0.2421,73.4,2026-11-04,75,2026-08-04,17.0,yahoo,1.0,0.0,1.0,1.0,0.0,1.0,0.0,0.0,0.0,3.1538,0.1635,-0.1745,6.6395,18.9515,38.8131,50.9588,50.9588,60.9379,-8.2789,-8.2789,-23.2989
AMGN,439.3299865722656,431.21,2026-08-20,True,429.3800048828125,440.510009765625,1.88,51.45,BAJO,237677527040.0,26.95,18.01,20.32,91.47,8.67,35.55,22.95,3.64,16.26,4.9,1.37,7.0,YAHOO,1.8505,2.9856,1.0937,0.067323,3.0709,0.2421,73.4,2026-11-03,74,2026-08-04,17.0,yahoo,1.0,1.0,1.0,1.0,1.0,0.0,0.0,1.0,1.0,6.4275,7.5307,27.3443,30.9636,39.1978,28.1073,439.7898,439.7898,439.7898,-0.1046,-0.1046,-0.1046
UNH,390.1099853515625,384.85,2026-08-20,True,386.1600036621094,393.6549987792969,1.37,29.59,BAJO,350160715776.0,25.09,17.39,3.59,14.15,4.87,7.13,3.14,6.93,14.97,0.69,0.78,6.0,YAHOO,1.8505,2.9856,1.0937,0.067323,3.0709,0.2421,73.4,2026-10-27,67,,,yahoo,1.0,0.0,1.0,1.0,1.0,0.0,1.0,0.0,1.0,-2.8925,-4.1687,-4.6769,2.5774,19.0835,25.3769,428.79,436.35,436.35,-9.0207,-10.597,-10.597
PFE,28.06999969482422,27.79,2026-08-20,True,27.655000686645508,28.420000076293945,1.01,14.25,BAJO,159989841920.0,36.93,9.69,1.88,5.01,5.78,27.88,6.8,7.8,8.36,0.74,1.27,5.0,YAHOO,1.8505,2.9856,1.0937,0.067323,3.0709,0.2421,73.4,2026-11-03,74,2026-08-04,17.0,yahoo,1.0,0.0,1.0,1.0,0.0,0.0,0.0,1.0,1.0,4.7779,4.8954,15.5382,10.0619,34.0191,22.4728,28.24,28.24,28.24,-0.602,-0.602,-0.602
ABT,116.63999938964844,114.14,2026-08-20,True,113.45010375976562,116.66000366210938,2.19,-12.04,BAJO,201831907328.0,37.75,19.23,3.95,10.58,5.33,14.71,11.65,3.57,19.66,0.63,1.38,5.0,YAHOO,1.8505,2.9856,1.0937,0.067323,3.0709,0.2421,73.4,2026-10-14,54,,,yahoo,1.0,0.0,1.0,1.0,1.0,0.0,0.0,1.0,0.0,4.8449,8.1903,29.7602,33.8406,18.0112,33.3773,116.64,116.64,133.5335,0.0,0.0,-12.6512
CVS,93.0199966430664,93.65,2026-08-20,True,92.3499984741211,94.38999938964844,-0.67,31.91,BAJO,118969819136.0,24.67,10.93,1.49,6.21,2.97,3.86,1.18,6.79,10.88,0.96,0.87,6.0,YAHOO,1.8505,2.9856,1.0937,0.067323,3.0709,0.2421,73.4,2026-10-28,68,2026-08-05,16.0,yahoo,1.0,0.0,1.0,1.0,1.0,1.0,0.0,0.0,1.0,-4.261,-2.8004,-7.8509,0.2956,15.4986,27.3421,109.34,109.9195,109.9195,-14.9259,-15.3744,-15.3744
ABBV,264.9599914550781,261.83,2026-08-20,True,260.10101318359375,266.8299865722656,1.2,27.95,BAJO,468215398400.0,74.01,16.32,-78.88,,10.51,40.03,9.8,3.6,17.13,,0.81,7.0,YAHOO,1.8505,2.9856,1.0937,0.067323,3.0709,0.2421,73.4,2026-10-29,69,2026-07-31,21.0,yahoo,1.0,0.0,1.0,1.0,1.0,1.0,0.0,1.0,1.0,6.2134,7.6898,13.6676,24.4037,35.0807,30.0726,265.97,265.97,265.97,-0.3797,-0.3797,-0.3797
TMO,629.27001953125,627.55,2026-08-20,True,616.27001953125,629.489990234375,0.27,28.1,BAJO,232670887936.0,33.78,22.87,4.42,13.51,5.13,18.75,15.04,2.68,23.11,0.81,1.55,5.0,YAHOO,1.8505,2.9856,1.0937,0.067323,3.0709,0.2421,73.4,2026-10-21,61,2026-07-23,29.0,yahoo,1.0,0.0,1.0,1.0,0.0,1.0,1.0,0.0,0.0,6.966,5.9377,34.0727,40.1742,28.335,32.6613,629.27,629.27,638.1788,0.0,0.0,-1.396
AZN,165.97999572753906,164.49,2026-08-20,True,163.9600067138672,167.25,0.91,1.77,BAJO,257416036352.0,24.63,14.61,5.12,21.96,8.02,23.46,17.02,1.91,14.2,0.64,0.89,7.0,YAHOO,1.8505,2.9856,1.0937,0.067323,3.0709,0.2421,73.4,2026-10-30,70,2026-07-27,25.0,yahoo,1.0,1.0,1.0,1.0,1.0,1.0,0.0,1.0,0.0,6.0914,2.8249,-8.3085,-12.527,22.6961,35.7023,173.3,195.15,208.62,-4.2239,-14.9475,-20.4391
CAH,229.50999450683594,228.46,2026-08-20,True,228.22500610351562,231.25999450683594,0.46,50.55,BAJO,53378453504.0,31.66,16.31,-18.55,,3.72,1.33,0.67,8.9,13.83,,0.88,6.0,YAHOO,1.8505,2.9856,1.0937,0.067323,3.0709,0.2421,73.4,2026-11-05,76,2026-08-11,10.0,yahoo,1.0,1.0,1.0,1.0,0.0,0.0,1.0,1.0,0.0,-2.4068,-2.9146,0.4804,14.6551,22.4575,24.0154,240.26,240.26,240.26,-4.4743,-4.4743,-4.4743
ISRG,378.80999755859375,374.48,2026-08-20,True,367.239990234375,382.0400085449219,1.16,-21.83,BAJO,135719305216.0,43.39,31.38,7.38,17.42,10.51,33.6,28.45,1.93,30.79,,4.96,7.0,YAHOO,1.8505,2.9856,1.0937,0.067323,3.0709,0.2421,73.4,2026-10-20,60,,,yahoo,1.0,1.0,1.0,1.0,0.0,1.0,1.0,0.0,1.0,-3.9796,0.0,-6.0444,-13.8677,55.2708,48.8422,401.27,432.83,592.85,-5.5972,-12.4806,-36.1036
MRNA,145.1300048828125,133.32,2026-08-20,True,132.42999267578125,159.47000122070312,8.86,451.06,BAJO,57941106688.0,,-31.69,8.56,-39.0,-13.26,-557.93,-141.43,0.52,-24.63,0.19,2.29,3.0,YAHOO,1.8505,2.9856,1.0937,0.067323,3.0709,0.2421,73.4,2026-11-05,76,2026-07-31,21.0,yahoo,0.0,1.0,0.0,1.0,0.0,0.0,0.0,1.0,0.0,129.2009,145.2763,137.918,207.0885,1465.2826,376.5987,174.38,174.38,174.38,-16.7737,-16.7737,-16.7737
NVS,158.86000061035156,156.24,2026-08-20,True,156.11000061035156,159.71499633789062,1.68,26.63,BAJO,301947551744.0,24.0,16.2,7.27,30.35,10.25,34.62,22.5,3.94,14.88,1.17,0.86,8.0,YAHOO,1.8505,2.9856,1.0937,0.067323,3.0709,0.2421,73.4,2026-10-27,67,,,yahoo,1.0,1.0,1.0,1.0,0.0,1.0,1.0,1.0,1.0,5.289,1.6184,3.5728,4.6784,41.825,26.874,160.31,160.31,163.6393,-0.9045,-0.9045,-2.9207
PHG,27.420000076293945,27.5,2026-08-20,True,27.15999984741211,27.6200008392334,-0.29,1.37,BAJO,26801061888.0,20.77,14.4,2.02,10.15,4.07,13.99,6.31,5.7,13.49,0.65,1.26,7.0,YAHOO,1.8505,2.9856,1.0937,0.067323,3.0709,0.2421,73.4,2026-11-03,74,2026-07-27,25.0,finnhub,1.0,1.0,1.0,1.0,0.0,1.0,0.0,1.0,1.0,0.4764,2.5814,3.044,0.9945,17.8513,26.1918,27.62,28.23,31.6757,-0.7241,-2.8693,-13.4353
MRK,152.5500030517578,148.99,2026-08-20,True,148.58999633789062,154.49000549316406,2.39,80.69,BAJO,376367022080.0,122.04,15.99,8.98,6.96,11.87,-0.24,4.77,4.03,14.66,1.28,1.32,4.0,YAHOO,1.8505,2.9856,1.0937,0.067323,3.0709,0.2421,73.4,2026-10-29,69,2026-08-04,17.0,yahoo,1.0,0.0,1.0,0.0,0.0,1.0,1.0,0.0,0.0,12.3012,18.6421,27.5502,32.5915,105.0881,37.9814,152.55,152.55,152.55,0.0,0.0,0.0
GILD,146.1199951171875,143.44,2026-08-20,True,143.5,147.90499877929688,1.87,26.64,BAJO,181182251008.0,,14.77,15.33,-20.68,14.09,33.68,-10.64,5.39,13.87,2.23,1.26,8.0,YAHOO,1.8505,2.9856,1.0937,0.067323,3.0709,0.2421,73.4,2026-10-29,69,2026-08-04,17.0,yahoo,1.0,1.0,1.0,1.0,1.0,0.0,1.0,1.0,1.0,5.6086,9.6915,16.8493,12.7052,44.5825,31.2091,147.6,147.6,153.9087,-1.0027,-1.0027,-5.0606
BMY,67.01000213623047,65.47,2026-08-20,True,65.12999725341797,67.55000305175781,2.35,42.56,BAJO,136882315264.0,14.44,10.22,6.13,46.6,10.72,34.42,18.87,5.93,9.03,2.02,1.53,8.0,YAHOO,1.8505,2.9856,1.0937,0.067323,3.0709,0.2421,73.4,2026-10-29,69,2026-07-30,22.0,yahoo,1.0,1.0,1.0,1.0,1.0,1.0,0.0,1.0,1.0,4.982,3.5383,22.0357,13.7975,43.4249,31.1541,67.61,67.61,67.61,-0.8874,-0.8874,-0.8874
HIMS,33.779998779296875,31.86,2026-08-20,True,31.600000381469727,34.45560073852539,6.03,-25.61,BAJO,7881326592.0,,30.32,24.32,-32.03,-2.21,-12.75,-5.51,10.78,-843.72,4.77,0.93,4.0,YAHOO,1.8505,2.9856,1.0937,0.067323,3.0709,0.2421,73.4,2026-11-09,80,2026-08-10,11.0,yahoo,1.0,0.0,1.0,1.0,0.0,1.0,0.0,0.0,0.0,20.0,6.9326,2.4879,40.6914,117.505,91.6663,33.78,38.28,62.76,0.0,-11.7555,-46.1759
CAT,827.9000244140625,815.39,2026-08-20,True,812.52001953125,832.0,1.53,97.45,BAJO,380564832256.0,35.08,25.65,19.62,56.97,9.03,22.18,14.51,1.33,25.83,2.33,1.37,6.0,YAHOO,1.8505,2.9856,1.0937,0.067323,3.0709,0.2421,73.4,2026-10-29,69,2026-08-04,17.0,yahoo,1.0,0.0,1.0,1.0,1.0,1.0,1.0,0.0,0.0,-3.3471,-1.6968,-15.7283,-4.2167,43.9768,47.8838,881.65,1062.9282,1062.9282,-6.0965,-22.1114,-22.1114
GE,348.3699951171875,344.64,2026-08-20,True,346.4100036621094,351.8599853515625,1.08,27.85,BAJO,361455648768.0,41.08,38.39,20.49,48.23,5.07,20.57,17.72,1.82,32.39,1.13,0.98,6.0,YAHOO,1.8505,2.9856,1.0937,0.067323,3.0709,0.2421,73.4,2026-10-20,60,,,yahoo,1.0,1.0,1.0,0.0,0.0,0.0,1.0,1.0,1.0,-5.4319,-5.8663,-2.1505,15.5899,51.322,31.7135,381.22,381.22,381.22,-8.6171,-8.6171,-8.6171
LMT,563.5700073242188,571.48,2026-08-20,True,563.2999877929688,572.9520874023438,-1.38,26.97,BAJO,130066743296.0,20.76,17.23,14.78,89.17,8.64,11.96,8.16,4.28,15.17,2.34,1.19,6.0,YAHOO,1.8505,2.9856,1.0937,0.067323,3.0709,0.2421,73.4,2026-10-20,60,2026-07-23,29.0,yahoo,1.0,0.0,1.0,1.0,1.0,0.0,1.0,1.0,0.0,-7.4111,-4.1466,11.8927,8.5062,39.272,36.4796,608.68,608.68,672.2988,-7.4111,-7.4111,-16.1727
RTX,209.91000366210938,212.29,2026-08-20,True,209.86000061035156,213.5198974609375,-1.12,33.83,BAJO,282907901952.0,37.28,26.72,4.26,12.27,4.21,12.7,8.28,3.49,19.83,0.57,1.01,8.0,YAHOO,1.8505,2.9856,1.0937,0.067323,3.0709,0.2421,73.4,2026-10-20,60,2026-07-23,29.0,yahoo,1.0,1.0,1.0,1.0,1.0,1.0,0.0,1.0,1.0,-5.8573,-5.57,12.9928,20.1754,36.397,30.5977,225.49,225.49,225.49,-6.9094,-6.9094,-6.9094
UAL,113.16999816894531,111.71,2026-08-20,True,112.4000015258789,114.5,1.31,13.99,BAJO,36731555840.0,10.6,7.33,2.2,23.25,3.38,5.53,5.56,2.48,7.58,2.02,0.78,7.0,YAHOO,1.8505,2.9856,1.0937,0.067323,3.0709,0.2421,73.4,2026-10-21,61,,,yahoo,1.0,1.0,1.0,1.0,1.0,0.0,1.0,0.0,1.0,-9.7096,-12.6505,-6.8943,13.5789,34.5574,46.4238,132.76,136.11,136.11,-14.7559,-16.854,-16.854
F,14.40999984741211,13.99,2026-08-20,True,14.125,14.545000076293945,3.0,30.66,BAJO,57461256192.0,,7.53,1.61,-18.25,0.35,1.88,-3.94,-13.82,25.99,4.57,1.09,2.0,YAHOO,1.8505,2.9856,1.0937,0.067323,3.0709,0.2421,73.4,2026-10-22,62,2026-07-28,24.0,yahoo,0.0,0.0,1.0,1.0,0.0,0.0,0.0,0.0,0.0,0.2784,4.1922,4.0433,6.555,55.7522,34.0942,15.1163,17.2531,17.2531,-4.6723,-16.479,-16.479
AAL,13.819999694824219,13.52,2026-08-20,True,13.649999618530273,13.859999656677246,2.22,7.49,BAJO,9148424192.0,,5.66,-2.3,,1.12,2.81,-0.56,5.68,10.83,,0.53,4.0,YAHOO,1.8505,2.9856,1.0937,0.067323,3.0709,0.2421,73.4,2026-10-22,62,2026-07-23,29.0,yahoo,1.0,0.0,1.0,1.0,0.0,0.0,0.0,0.0,1.0,-6.8105,-13.2999,-14.3742,1.6924,35.7946,52.309,16.58,18.15,18.15,-16.6466,-23.8567,-23.8567
UNP,308.04998779296875,303.97,2026-08-20,True,303.8699951171875,308.260009765625,1.34,37.38,BAJO,183004954624.0,24.96,21.76,9.42,39.7,9.27,40.98,28.85,2.58,16.46,1.51,0.99,8.0,YAHOO,1.8505,2.9856,1.0937,0.067323,3.0709,0.2421,73.4,2026-10-22,62,2026-07-23,29.0,yahoo,1.0,1.0,1.0,1.0,1.0,1.0,1.0,1.0,0.0,4.8931,5.0899,19.1176,16.6555,11.9378,23.0987,308.05,308.05,308.05,0.0,0.0,0.0
FDX,325.0799865722656,326.04,2026-08-20,True,324.6549987792969,330.6299133300781,-0.29,80.12,BAJO,76936822784.0,17.52,15.6,2.47,14.85,5.01,11.13,4.68,7.35,8.97,1.36,1.48,5.0,YAHOO,1.8505,2.9856,1.0937,0.067323,3.0709,0.2421,73.4,2026-10-28,68,,,yahoo,1.0,0.0,1.0,1.0,0.0,1.0,0.0,1.0,0.0,-2.8568,2.0435,2.4713,4.1215,6.6641,29.395,339.35,339.35,339.35,-4.2051,-4.2051,-4.2051
PCAR,131.02999877929688,128.94,2026-08-20,True,129.3699951171875,132.30999755859375,1.62,35.2,BAJO,68969603072.0,27.64,18.36,3.39,12.76,4.12,12.02,9.0,2.82,22.96,0.73,5.52,4.0,YAHOO,1.8505,2.9856,1.0937,0.067323,3.0709,0.2421,73.4,2026-10-27,67,2026-07-28,24.0,yahoo,1.0,0.0,1.0,1.0,0.0,1.0,0.0,0.0,0.0,0.1835,-1.302,12.4995,20.1545,27.1545,30.6924,137.845,137.845,137.845,-4.944,-4.944,-4.944
MMM,178.9600067138672,178.09,2026-08-20,True,178.02000427246094,181.02999877929688,0.49,15.64,BAJO,92293693440.0,31.79,18.3,31.26,81.89,8.74,20.35,11.9,6.88,15.44,4.38,1.24,5.0,YAHOO,1.8505,2.9856,1.0937,0.067323,3.0709,0.2421,73.4,2026-10-20,60,,,yahoo,1.0,0.0,1.0,0.0,0.0,1.0,1.0,0.0,1.0,-2.0203,-2.1542,10.5784,18.658,14.0006,24.8519,183.78,183.78,183.78,-2.6227,-2.6227,-2.6227
PAC,212.17999267578125,209.45,2026-08-20,True,211.01499938964844,214.19000244140625,1.3,-16.7,BAJO,12625095680.0,19.63,19.59,595.56,28.03,10.47,44.16,30.83,54.64,83.47,1.18,0.74,7.0,YAHOO,1.8505,2.9856,1.0937,0.067323,3.0709,0.2421,73.4,2026-10-19,59,,,yahoo,1.0,1.0,1.0,1.0,0.0,1.0,1.0,0.0,1.0,2.5123,-4.7238,-13.0766,-13.0802,14.4252,30.5444,222.7,254.56,300.41,-4.7238,-16.6483,-29.3699
GT,5.96999979019165,5.84,2026-08-20,True,5.860000133514404,6.0,2.23,-30.09,BAJO,1718755456.0,,10.58,0.6,-61.53,0.65,-0.96,-14.37,30.6,8.98,2.74,1.09,5.0,YAHOO,1.8505,2.9856,1.0937,0.067323,3.0709,0.2421,73.4,2026-11-03,74,2026-08-05,16.0,yahoo,0.0,0.0,1.0,1.0,1.0,1.0,0.0,0.0,1.0,-2.2913,-7.2981,1.1864,1.7036,36.4232,48.8537,7.36,7.45,10.54,-18.8859,-19.8658,-43.3586
BA,214.1999969482422,215.1,2026-08-20,True,212.75,216.4600067138672,-0.42,-7.02,BAJO,169297264640.0,77.33,51.98,27.76,173.54,-1.98,0.0,2.59,3.32,-68.41,7.91,1.14,6.0,YAHOO,1.8505,2.9856,1.0937,0.067323,3.0709,0.2421,73.4,2026-10-28,68,2026-07-28,24.0,yahoo,1.0,1.0,1.0,0.0,1.0,0.0,0.0,1.0,1.0,-7.5409,-8.6255,-1.1582,-2.4635,20.9089,38.0179,240.19,240.19,252.15,-10.8206,-10.8206,-15.0506
HON,215.89999389648438,218.32,2026-08-20,True,215.77999877929688,219.8300018310547,-1.11,-0.02,BAJO,68427345920.0,8.3,21.6,3.69,46.58,5.72,20.25,21.58,3.81,11.1,1.85,1.21,5.0,YAHOO,1.8505,2.9856,1.0937,0.067323,3.0709,0.2421,73.4,2026-10-22,62,2026-07-23,29.0,yahoo,1.0,0.0,1.0,1.0,0.0,0.0,1.0,0.0,1.0,-7.7193,-12.0475,-7.1465,-7.7398,12.873,37.5802,248.0457,248.7136,257.9406,-12.9596,-13.1933,-16.2986
MOS,24.40999984741211,23.35,2026-08-20,True,23.549999237060547,24.760000228881836,4.54,-24.97,BAJO,7759832576.0,,15.2,0.68,-5.07,1.24,-0.12,-5.21,-9.62,7.98,0.52,1.34,7.0,YAHOO,1.8505,2.9856,1.0937,0.067323,3.0709,0.2421,73.4,2026-11-03,74,2026-08-04,17.0,yahoo,1.0,1.0,1.0,1.0,0.0,1.0,0.0,1.0,1.0,12.957,5.8543,14.8706,11.258,42.5591,47.798,24.41,24.41,34.9505,0.0,0.0,-30.1583
BG,113.11000061035156,116.57,2026-08-20,True,110.76000213623047,118.73999786376953,-2.97,36.65,BAJO,21730592768.0,25.14,9.97,1.36,7.18,3.47,4.62,1.1,-29.8,12.62,0.98,1.57,3.0,YAHOO,1.8505,2.9856,1.0937,0.067323,3.0709,0.2421,73.4,2026-11-03,74,2026-07-29,23.0,finnhub,1.0,0.0,1.0,1.0,0.0,0.0,0.0,0.0,0.0,0.1172,5.0223,2.6729,-4.9414,34.0718,35.1629,116.7638,130.5866,130.5866,-3.1292,-13.3832,-13.3832
RKLB,72.56999969482422,72.95,2026-08-20,True,71.44999694824219,74.94000244140625,-0.52,72.29,BAJO,46402056192.0,,1451.4,12.43,-7.92,-4.62,-24.57,-21.51,-0.54,-274.07,0.04,5.48,5.0,YAHOO,1.8505,2.9856,1.0937,0.067323,3.0709,0.2421,73.4,2026-11-09,80,2026-08-10,11.0,yahoo,0.0,1.0,0.0,1.0,1.0,1.0,0.0,1.0,0.0,-9.5701,-12.3868,-23.7069,-42.1523,26.7803,94.4761,82.83,148.03,150.23,-12.3868,-50.9762,-51.6941
ONDS,8.710000038146973,8.38,2026-08-20,True,8.380000114440918,8.829999923706055,3.94,126.76,BAJO,4969510912.0,,-435.5,2.94,19.32,-8.37,-166.3,96.25,-1.39,-20.11,0.03,9.85,5.0,YAHOO,1.8505,2.9856,1.0937,0.067323,3.0709,0.2421,73.4,2026-11-12,83,2026-08-13,8.0,yahoo,0.0,1.0,0.0,1.0,1.0,1.0,0.0,1.0,0.0,-5.7359,-4.3908,2.1102,-5.1198,65.4212,88.2112,9.77,13.58,14.01,-10.8495,-35.8616,-37.8301
SMSN.IL,4822.0,4822.0,2026-08-19,False,4706.0,4906.0,5.05,283.29,BAJO,,50.33,77.39,0.0,10.64,2.3,6.08,13.13,,-1.44,0.03,2.88,6.0,YAHOO,1.8505,2.9856,1.0937,0.067323,3.0709,0.2421,73.4,2026-10-28,68,,,yahoo,1.0,1.0,1.0,1.0,0.0,0.0,0.0,1.0,1.0,-0.8227,13.8338,-4.9852,0.7943,117.9098,87.1321,5075.0,6010.0,6010.0,-4.9852,-19.7671,-19.7671
ADS.DE,151.0,151.0,2026-08-19,False,148.5,156.0500030517578,-3.14,-12.07,BAJO,27038461952.0,19.78,13.24,4.54,24.32,6.7,8.51,5.3,3.52,11.96,0.94,1.39,6.0,YAHOO,1.8505,2.9856,1.0937,0.067323,3.0709,0.2421,73.4,2026-10-29,69,,,yahoo,1.0,1.0,1.0,0.0,0.0,1.0,0.0,1.0,1.0,-5.1805,-8.3738,-11.7475,-4.3396,38.8573,36.9379,182.25,187.9,191.3097,-17.1468,-19.6381,-21.0704
BAYN.DE,48.61000061035156,48.61,2026-08-19,False,48.06999969482422,48.83000183105469,-0.82,71.94,BAJO,47195652096.0,,10.07,1.6,-5.69,3.18,9.19,-3.83,13.91,7.96,1.29,1.04,6.0,YAHOO,1.8505,2.9856,1.0937,0.067323,3.0709,0.2421,73.4,2026-11-03,74,,,yahoo,0.0,0.0,1.0,1.0,1.0,0.0,1.0,1.0,1.0,1.1444,-1.5992,25.9326,26.5556,16.8006,51.5722,49.81,53.36,53.36,-2.4092,-8.9018,-8.9018
RIOT,19.829999923706055,20.98,2026-08-20,True,19.559999465942383,22.200000762939453,-5.48,59.16,BAJO,7441384960.0,,-21.21,3.14,-48.24,-21.2,-122.33,-196.28,-9.66,-8.73,0.4,1.58,2.0,YAHOO,1.8505,2.9856,1.0937,0.067323,3.0709,0.2421,73.4,2026-10-29,69,2026-08-05,16.0,yahoo,0.0,0.0,0.0,0.0,0.0,0.0,0.0,1.0,1.0,4.2861,-3.3626,-30.8818,-18.962,106.9394,92.381,22.12,28.69,28.69,-10.3526,-30.8818,-30.8818
OKLO,42.09000015258789,41.66,2026-08-20,True,41.38999938964844,43.68000030517578,1.03,-39.81,BAJO,7829483008.0,,-41.91,2.38,-7.7,-6.65,-6048.76,0.0,-3.06,-24.76,0.0,48.46,4.0,YAHOO,1.8505,2.9856,1.0937,0.067323,3.0709,0.2421,73.4,2026-11-09,80,2026-08-07,14.0,finnhub,0.0,1.0,0.0,1.0,1.0,1.0,0.0,0.0,0.0,-5.16,-13.0731,-26.4032,-35.3357,67.2115,85.2903,48.42,73.47,174.14,-13.0731,-42.7113,-75.8298
SATL,5.71999979019165,5.3,2026-08-20,True,5.44189977645874,5.78000020980835,7.92,58.68,BAJO,879392192.0,,-190.67,12.83,,-9.86,1.67,0.0,-2.14,-55.42,2.85,2.34,4.0,YAHOO,1.8505,2.9856,1.0937,0.067323,3.0709,0.2421,73.4,2026-11-09,80,2026-08-05,16.0,finnhub,0.0,1.0,0.0,0.0,1.0,1.0,0.0,1.0,0.0,-1.3793,3.6232,2.8777,-40.6639,89.1574,112.79,5.98,9.85,10.74,-4.3478,-41.9289,-46.7412
JMIA,6.739999771118164,6.64,2026-08-20,True,6.631999969482422,6.900000095367432,1.51,-8.71,BAJO,839587456.0,,-19.82,962.86,-216.21,-25.23,-23.8,-27.54,-3.31,-14.96,37.95,0.88,3.0,YAHOO,1.8505,2.9856,1.0937,0.067323,3.0709,0.2421,73.4,2026-11-11,82,2026-08-12,9.0,yahoo,0.0,1.0,0.0,1.0,0.0,0.0,0.0,0.0,1.0,8.1862,8.8853,6.8146,-5.0704,51.382,58.98,6.74,7.4,14.6,0.0,-8.9189,-53.8356
LAR,6.829999923706055,5.98,2026-08-20,True,6.239999771118164,6.860000133514404,14.21,115.07,BAJO,1120802944.0,,21.19,1.42,-6.58,-2.05,0.0,0.0,-1.46,-35.6,0.3,0.47,1.0,YAHOO,1.8505,2.9856,1.0937,0.067323,3.0709,0.2421,73.4,2026-11-09,80,2026-08-11,10.0,yahoo,0.0,0.0,0.0,1.0,0.0,0.0,0.0,0.0,0.0,0.1466,-1.585,-19.0758,-28.4067,145.7356,74.0722,7.1,10.86,11.79,-3.8028,-37.1087,-42.0696
NG,8.720000267028809,8.66,2026-08-20,True,8.654999732971191,9.073100090026855,0.69,44.1,BAJO,3826167040.0,,-36.61,9.08,-24.63,-4.36,0.0,0.0,-0.62,-112.17,0.41,112.82,4.0,YAHOO,1.8505,2.9856,1.0937,0.067323,3.0709,0.2421,73.4,2026-09-30,40,,,yahoo,0.0,1.0,0.0,1.0,1.0,1.0,0.0,0.0,0.0,9.8237,14.888,20.7756,12.3711,124.6225,79.9909,8.72,8.72,14.2,0.0,0.0,-38.5915
PBI,16.479999542236328,16.17,2026-08-20,True,15.989999771118164,16.479999542236328,1.92,47.84,BAJO,2259246592.0,13.18,9.05,-2.62,,8.41,21.68,10.04,10.35,7.89,,0.73,7.0,YAHOO,1.8505,2.9856,1.0937,0.067323,3.0709,0.2421,73.4,2026-10-27,67,2026-07-29,23.0,finnhub,1.0,1.0,1.0,1.0,0.0,0.0,1.0,1.0,1.0,0.3654,-4.8499,-2.785,6.9364,15.8877,29.894,18.2844,18.4037,18.4037,-9.8687,-10.453,-10.453
AXIA,9.529999732971191,9.53,2026-08-14,False,9.267999649047852,9.600000381469727,-0.31,-5.11,BAJO,23290886144.0,10.02,10.99,1.22,10.01,3.05,43.79,27.05,16.97,4.39,0.63,2.05,6.0,YAHOO,1.8505,2.9856,1.0937,0.067323,3.0709,0.2421,73.4,2026-11-04,75,2026-08-05,16.0,yahoo,1.0,0.0,1.0,1.0,0.0,0.0,1.0,1.0,1.0,-2.6558,,,,59.054,,,,,,,
TEM,72.69000244140625,66.65,2026-08-20,True,65.25,72.95999908447266,9.06,-7.69,BAJO,13115802624.0,,-4782.24,29.42,-67.44,-8.55,-20.11,-17.77,-0.71,-71.08,3.25,3.3,4.0,YAHOO,1.8505,2.9856,1.0937,0.067323,3.0709,0.2421,73.4,2026-11-03,74,2026-07-30,22.0,yahoo,0.0,1.0,0.0,1.0,0.0,1.0,0.0,1.0,0.0,39.5202,39.6542,49.5371,56.3562,184.9137,93.5654,72.69,72.69,103.25,0.0,0.0,-29.5981
MRSH,192.00999450683594,190.21,2026-08-20,True,189.4801025390625,193.72999572753906,0.95,-9.63,BAJO,91629330432.0,23.19,16.83,6.04,25.9,7.24,26.32,14.24,5.22,14.51,1.45,1.14,6.0,YAHOO,1.8505,2.9856,1.0937,0.067323,3.0709,0.2421,73.4,2026-10-15,55,,,yahoo,1.0,0.0,1.0,1.0,1.0,0.0,1.0,0.0,1.0,2.2309,0.1878,17.8566,16.943,6.5547,28.8147,197.59,197.59,206.8638,-2.824,-2.824,-7.1805
CEPU,12.979999542236328,12.89,2026-08-20,True,12.960000038146973,13.3100004196167,0.7,14.49,BAJO,1946821376.0,5.9,7.78,0.98,18.83,7.51,25.61,28.69,-33918.22,1.58,0.33,1.28,7.0,YAHOO,1.8505,2.9856,1.0937,0.067323,3.0709,0.2421,73.4,2026-11-11,82,2026-08-11,10.0,yahoo,1.0,1.0,1.0,1.0,0.0,1.0,1.0,0.0,1.0,-1.0671,-7.1531,-14.0397,-10.2972,22.579,40.6173,15.5,16.01,17.95,-16.2581,-18.9257,-27.688
BMA,72.83999633789062,72.87,2026-08-20,True,72.41999816894531,75.7249984741211,-0.04,11.73,BAJO,4657318912.0,18.77,6.64,13.33,5.36,1.31,25.74,8.41,,,,,5.0,YAHOO,1.8505,2.9856,1.0937,0.067323,3.0709,0.2421,73.4,2026-08-25,4,2026-08-19,2.0,finnhub,,,,,,,,,,-6.1461,-12.9229,-22.0611,-5.9149,26.0216,52.5515,94.23,101.0828,101.1279,-22.6998,-27.9403,-27.9724
SUPV,7.900000095367432,7.65,2026-08-20,True,7.730000019073486,8.300000190734863,3.27,-16.95,BAJO,746614848.0,,6.44,0.88,-8.01,-1.15,3.31,-11.23,,,,,2.0,YAHOO,1.8505,2.9856,1.0937,0.067323,3.0709,0.2421,73.4,,999,2026-08-10,11.0,yahoo,0.0,0.0,1.0,1.0,0.0,0.0,0.0,0.0,0.0,-1.8634,-8.1395,-21.9368,-5.5024,42.9065,62.3583,10.05,11.38,12.86,-21.393,-30.58,-38.5692
PAMP,5055.0,5030.0,2026-08-20,True,4990.0,5160.0,0.5,32.17,BAJO,,,,,,,,,,,,,,YAHOO,1.8505,2.9856,1.0937,0.067323,3.0709,0.2421,73.4,,999,,,none,,,,,,,,,,1.3026,-2.8818,1.7614,5.5324,11.5259,26.5634,5555.0,5630.0,5630.0,-9.0009,-10.2131,-10.2131
EDN,22.299999237060547,22.12,2026-08-20,True,22.110000610351562,23.040000915527344,0.81,-10.87,BAJO,,6.6,8.35,0.57,9.59,3.09,5.14,7.2,,0.83,0.62,1.46,6.0,YAHOO,1.8505,2.9856,1.0937,0.067323,3.0709,0.2421,73.4,2026-11-06,77,2026-08-07,14.0,yahoo,1.0,0.0,1.0,0.0,0.0,1.0,1.0,1.0,1.0,-3.6301,-8.2305,-12.3772,-10.8,20.0737,50.3992,27.25,28.74,35.71,-18.1651,-22.4078,-37.5525
TGS,28.100000381469727,28.12,2026-08-20,True,27.920000076293945,28.764999389648438,-0.07,-2.56,BAJO,4230516992.0,12.22,10.73,1.8,15.98,9.91,40.71,28.02,8491.81,-0.48,0.43,3.67,6.0,YAHOO,1.8505,2.9856,1.0937,0.067323,3.0709,0.2421,73.4,2026-11-03,74,2026-08-05,16.0,yahoo,1.0,0.0,1.0,1.0,0.0,1.0,1.0,1.0,0.0,0.0,-2.3967,-7.6569,-6.2083,26.1957,39.5486,31.83,33.36,35.32,-11.7185,-15.7674,-20.4417
TEO,13.140000343322754,13.2,2026-08-20,True,13.079999923706055,13.614999771118164,-0.45,37.19,BAJO,,10.6,14.52,1.05,10.83,3.12,13.95,8.91,,1.98,0.67,0.58,6.0,YAHOO,1.8505,2.9856,1.0937,0.067323,3.0709,0.2421,73.4,2026-11-09,80,2026-08-07,14.0,finnhub,,,,,,,,,,-1.4992,-4.9892,0.8442,10.6992,16.3823,46.7078,14.3,15.98,15.98,-8.1119,-17.7722,-17.7722
IRS,14.819999694824219,14.54,2026-08-20,True,14.609999656677246,15.199999809265137,1.93,-3.98,BAJO,1253943808.0,4.73,162.86,0.88,22.48,4.07,44.36,72.51,13743.91,3.93,0.45,0.6,5.0,YAHOO,1.8505,2.9856,1.0937,0.067323,3.0709,0.2421,73.4,2026-09-01,11,,,yahoo,0.0,0.0,1.0,1.0,1.0,0.0,1.0,1.0,0.0,0.8163,-0.8032,-8.3488,4.809,34.9608,38.9272,15.51,17.28,18.41,-4.4487,-14.2361,-19.5003
CRES,1769.0,1734.0,2026-08-20,True,1732.0,1779.0,2.02,29.06,BAJO,,,,,,,,,,,,,,YAHOO,1.8505,2.9856,1.0937,0.067323,3.0709,0.2421,73.4,,999,,,none,,,,,,,,,,6.1825,2.9686,1.3173,5.235,48.5316,36.468,1844.0,1890.0,2120.0,-4.0672,-6.4021,-16.5566
LOMA,9.3100004196167,9.32,2026-08-20,True,9.260000228881836,9.549500465393066,-0.11,-12.06,BAJO,1086445696.0,37.24,12.1,1.25,3.82,2.68,5.99,5.13,-3114.7,1.61,0.24,2.25,5.0,YAHOO,1.8505,2.9856,1.0937,0.067323,3.0709,0.2421,73.4,2026-11-05,76,2026-08-06,15.0,yahoo,1.0,0.0,1.0,1.0,0.0,1.0,1.0,0.0,0.0,-1.3771,-10.8237,-23.6885,-17.5376,25.0568,48.2461,11.85,12.59,13.12,-21.4346,-26.0524,-29.0396
GLOB,39.619998931884766,39.63,2026-08-20,True,38.81999969482422,41.05500030517578,-0.03,-43.74,BAJO,1710774016.0,15.48,6.33,0.8,5.48,4.67,4.86,4.63,,5.39,0.24,1.84,4.0,YAHOO,1.8505,2.9856,1.0937,0.067323,3.0709,0.2421,73.4,2026-11-11,82,2026-08-13,8.0,finnhub,1.0,0.0,1.0,1.0,0.0,0.0,1.0,0.0,0.0,5.9925,5.9358,35.3142,-2.4859,43.929,69.7517,40.99,44.44,71.21,-3.3423,-10.8461,-44.3617
BBAR,14.050000190734863,14.08,2026-08-20,True,14.0,14.579999923706055,-0.21,-1.29,BAJO,2869525504.0,14.79,12.78,1.1,7.15,1.16,14.41,7.13,,,,,4.0,YAHOO,1.8505,2.9856,1.0937,0.067323,3.0709,0.2421,73.4,2026-08-27,6,,,yahoo,1.0,0.0,1.0,1.0,0.0,0.0,1.0,0.0,0.0,-8.4094,-17.8843,-30.5396,-12.8408,21.3157,62.3921,19.7006,21.7253,21.7253,-28.6823,-35.3289,-35.3289
LND,3.7699999809265137,3.72,2026-08-20,True,3.700000047683716,3.7780001163482666,1.34,-2.71,BAJO,,,,0.96,-0.7,-1.96,-7.33,-1.57,,-11.26,0.71,1.47,,YAHOO,1.8505,2.9856,1.0937,0.067323,3.0709,0.2421,73.4,2026-09-03,13,,,finnhub,,,,,,,,,,5.3073,4.7222,6.7989,-2.8351,17.6899,20.9635,3.77,3.84,4.37,0.0,-1.8229,-13.73
AGRO,11.069999694824219,10.94,2026-08-20,True,10.649999618530273,11.170000076293945,1.19,27.86,BAJO,1597489152.0,29.13,8.87,0.92,3.69,2.47,17.0,3.0,-8.03,8.9,1.24,1.73,2.0,YAHOO,1.8505,2.9856,1.0937,0.067323,3.0709,0.2421,73.4,2026-11-11,82,2026-08-11,10.0,yahoo,0.0,0.0,1.0,1.0,0.0,0.0,0.0,0.0,0.0,24.2424,17.1429,18.143,-18.7225,45.4093,52.9226,11.07,12.63,15.18,0.0,-12.3515,-27.0751
