Ticker,Precio,Cierre_Confirmado,Fecha_Cierre_Confirmado,Precio_Es_Intradiario,Low,High,Change (%),RS 20D,Credit Stress,Market Cap,P/E,Forward P/E,P/Book,ROE,ROA,Operating Margin,Net Margin,FCF Yield,EV/EBITDA,Debt/Equity,Current Ratio,Piotroski,Fund Source,Grain_IS,ZC_Surprise,ZS_Surprise,SPX_Quarterly_Divisor,SPX_ROC_63d,z_MOVE_inv,MOVE_price,Earnings_Next_Date,Earnings_Days_To_Next,Earnings_Last_Date,Earnings_Days_Since,Earnings_Source,piotroski_roa_positive,piotroski_d_roa,piotroski_cfo_positive,piotroski_cfo_gt_ni,piotroski_d_leverage,piotroski_d_liquidity,piotroski_no_dilution,piotroski_d_margin,piotroski_d_turnover,roc_5d,roc_10d,roc_42d,roc_63d,vol_5d,vol_60d,high_20d,high_60d,high_252d,drawdown_20d,drawdown_60d,drawdown_252d
^GSPC,7764.64013671875,7764.6401,2026-09-22,False,7756.259765625,7782.18994140625,-0.0,3.87,BAJO,,,,,,,,,,,,,,NONE,-0.6449,-1.0202,-0.3947,0.055293,5.4196,-0.346,78.56,,999,,,none,,,,,,,,,,2.3585,1.1875,4.81,5.4196,11.5776,11.2179,7764.7002,7798.9902,,-0.0008,-0.4404,
^DJI,51863.69140625,51863.6914,2026-09-22,False,51726.078125,52319.01171875,-0.36,-1.17,BAJO,,,,,,,,,,,,,,NONE,-0.6449,-1.0202,-0.3947,0.055293,5.4196,-0.346,78.56,,999,,,none,,,,,,,,,,-0.4404,-1.7474,0.294,0.381,8.63,11.7916,53686.1094,54349.1211,,-3.3946,-4.5731,
^IXIC,27244.27734375,27244.2773,2026-09-22,False,27161.197265625,27288.791015625,0.45,4.93,BAJO,,,,,,,,,,,,,,NONE,-0.6449,-1.0202,-0.3947,0.055293,5.4196,-0.346,78.56,,999,,,none,,,,,,,,,,4.86,3.1144,8.3802,6.4769,14.717,17.4746,27244.2773,27244.2773,,0.0,0.0,
^RUT,2889.9189453125,2889.9189,2026-09-22,False,2882.12939453125,2905.867919921875,0.51,-4.43,BAJO,,,,,,,,,,,,,,NONE,-0.6449,-1.0202,-0.3947,0.055293,5.4196,-0.346,78.56,,999,,,none,,,,,,,,,,0.6839,-2.3742,-1.7088,-2.8755,8.1224,13.161,3014.3401,3068.4199,,-4.1276,-5.8174,
^VIX,14.210000038146973,14.21,2026-09-22,False,14.1899995803833,14.949999809265137,-4.44,-19.32,BAJO,,,,,,,,,,,,,,NONE,-0.6449,-1.0202,-0.3947,0.055293,5.4196,-0.346,78.56,,999,,,none,,,,,,,,,,-17.3837,-9.6056,-23.5199,-23.7252,87.5619,101.4491,17.84,20.66,,-20.3475,-31.2197,
^MOVE,78.56089782714844,78.5609,2026-09-22,False,78.56089782714844,81.19740295410156,-3.25,12.67,BAJO,,,,,,,,,,,,,,NONE,-0.6449,-1.0202,-0.3947,0.055293,5.4196,-0.346,78.56,,999,,,none,,,,,,,,,,-6.1511,3.1795,-1.897,14.2206,79.1131,69.8019,83.9,83.9,,-6.3637,-6.3637,
^TNX,4.9679999351501465,4.968,2026-09-22,False,4.925999641418457,4.98199987411499,0.1,8.63,BAJO,,,,,,,,,,,,,,NONE,-0.6449,-1.0202,-0.3947,0.055293,5.4196,-0.346,78.56,,999,,,none,,,,,,,,,,-0.5604,3.3708,5.6347,10.572,15.3714,13.2541,5.006,5.006,,-0.7591,-0.7591,
^IRX,4.005000114440918,4.005,2026-09-22,False,4.002999782562256,4.009999752044678,0.58,7.28,BAJO,,,,,,,,,,,,,,NONE,-0.6449,-1.0202,-0.3947,0.055293,5.4196,-0.346,78.56,,999,,,none,,,,,,,,,,1.1364,6.0927,5.3947,8.5366,4.7928,11.5145,4.005,4.005,,0.0,0.0,
DX-Y.NYB,100.54100036621094,100.541,2026-09-22,False,100.30699920654297,100.7030029296875,0.11,-2.02,BAJO,,,,,,,,,,,,,,NONE,-0.6449,-1.0202,-0.3947,0.055293,5.4196,-0.346,78.56,,999,,,none,,,,,,,,,,0.8941,1.721,-0.8765,-0.8569,2.0679,4.643,100.541,101.51,,0.0,-0.9546,
^N225,65018.94921875,65018.9492,2026-09-18,False,64403.8515625,65436.5703125,1.38,-10.04,BAJO,,,,,,,,,,,,,,NONE,-0.6449,-1.0202,-0.3947,0.055293,5.4196,-0.346,78.56,,999,,,none,,,,,,,,,,1.5741,-0.0031,-1.8318,-8.7454,9.4311,28.5359,66405.5625,72366.3438,,-2.0881,-10.1531,
^MERV,2997659.5,2997659.5,2026-09-22,False,2960134.0,3012913.5,-0.04,-10.09,BAJO,,,,,,,,,,,,,,NONE,-0.6449,-1.0202,-0.3947,0.055293,5.4196,-0.346,78.56,,999,,,none,,,,,,,,,,-2.6664,-2.5463,-9.696,-7.7197,16.2755,23.3822,3157852.0,3379772.0,,-5.0728,-11.3059,
^NYA,24029.064453125,24029.0645,2026-09-22,False,23982.72265625,24109.150390625,-0.24,0.86,BAJO,,,,,,,,,,,,,,NONE,-0.6449,-1.0202,-0.3947,0.055293,5.4196,-0.346,78.56,,999,,,none,,,,,,,,,,-0.4119,-1.8142,0.6484,2.4098,7.7503,8.2675,24768.6504,24821.6797,,-2.986,-3.1932,
^HSI,25042.7109375,25042.7109,2026-09-21,False,24736.919921875,25042.7109375,1.18,3.81,BAJO,,,,,,,,,,,,,,NONE,-0.6449,-1.0202,-0.3947,0.055293,5.4196,-0.346,78.56,,999,,,none,,,,,,,,,,0.5021,-1.4575,-0.6668,7.3124,10.8426,16.0848,25652.9707,26009.4609,,-2.3789,-3.7169,
^TWII,47718.83984375,47718.8398,2026-09-21,False,47207.30078125,47750.98046875,1.14,-1.6,BAJO,,,,,,,,,,,,,,NONE,-0.6449,-1.0202,-0.3947,0.055293,5.4196,-0.346,78.56,,999,,,none,,,,,,,,,,4.0476,0.8295,6.3946,1.3125,8.2145,31.967,47718.8398,47718.8398,,0.0,0.0,
^KS11,7007.72021484375,7007.7202,2026-09-21,False,6938.33984375,7027.580078125,1.65,-24.66,BAJO,,,,,,,,,,,,,,NONE,-0.6449,-1.0202,-0.3947,0.055293,5.4196,-0.346,78.56,,999,,,none,,,,,,,,,,4.8374,0.1763,3.0896,-23.115,17.6868,70.1838,7051.6401,8476.4805,,-0.6228,-17.3275,
^GDAXI,25575.009765625,25575.0098,2026-09-21,False,25434.16015625,25617.990234375,1.07,0.18,BAJO,,,,,,,,,,,,,,NONE,-0.6449,-1.0202,-0.3947,0.055293,5.4196,-0.346,78.56,,999,,,none,,,,,,,,,,0.5275,-1.6593,3.2786,3.3736,19.1685,12.9223,26569.9902,26569.9902,,-3.7448,-3.7448,
^FTSE,10708.330078125,10708.3301,2026-09-22,False,10708.330078125,10771.6396484375,-0.29,1.04,BAJO,,,,,,,,,,,,,,NONE,-0.6449,-1.0202,-0.3947,0.055293,5.4196,-0.346,78.56,,999,,,none,,,,,,,,,,0.4713,-0.9561,0.6498,2.3584,18.7044,9.459,10886.2002,10908.4004,,-1.6339,-1.8341,
^AEX,1102.3499755859375,1102.35,2026-09-21,False,1099.4000244140625,1106.47998046875,0.66,0.24,BAJO,,,,,,,,,,,,,,NONE,-0.6449,-1.0202,-0.3947,0.055293,5.4196,-0.346,78.56,,999,,,none,,,,,,,,,,0.3642,-1.1718,1.4429,3.473,8.2064,8.6321,1116.05,1119.59,,-1.2276,-1.5398,
^IBEX,19724.400390625,19724.4004,2026-09-21,False,19599.80078125,19771.900390625,1.08,-0.62,BAJO,,,,,,,,,,,,,,NONE,-0.6449,-1.0202,-0.3947,0.055293,5.4196,-0.346,78.56,,999,,,none,,,,,,,,,,0.8121,-1.4854,2.374,1.7272,19.8791,13.7272,20067.3008,20213.5996,,-1.7088,-2.4201,
FTSEMIB.MI,52372.0,52372.0,2026-09-20,False,51788.0,52407.0,1.6,21.9,BAJO,,,,,,,,,,,,,,YAHOO,-0.6449,-1.0202,-0.3947,0.055293,5.4196,-0.346,78.56,,999,,,none,,,,,,,,,,1.4391,0.2719,2.0578,1.4195,22.0661,13.7196,52883.0,53717.0,53717.0,-0.9663,-2.5039,-2.5039
^SSMI,13956.580078125,13956.5801,2026-09-21,False,13849.6796875,13983.5595703125,1.23,-0.77,BAJO,,,,,,,,,,,,,,NONE,-0.6449,-1.0202,-0.3947,0.055293,5.4196,-0.346,78.56,,999,,,none,,,,,,,,,,0.5623,-2.2606,-1.8176,-1.1416,16.0345,10.8975,14542.9004,14633.7002,,-4.0317,-4.6271,
^OMXC25,1862.3631591796875,1862.3632,2026-09-22,False,1846.5172119140625,1865.8077392578125,0.21,2.47,BAJO,,,,,,,,,,,,,,NONE,-0.6449,-1.0202,-0.3947,0.055293,5.4196,-0.346,78.56,,999,,,none,,,,,,,,,,0.6781,-2.4665,1.8698,4.0147,17.6238,13.8008,1935.0699,1935.0699,,-3.7573,-3.7573,
^GSPTSE,36335.609375,36335.6094,2026-09-22,False,36141.4609375,36410.62109375,0.91,2.26,BAJO,,,,,,,,,,,,,,NONE,-0.6449,-1.0202,-0.3947,0.055293,5.4196,-0.346,78.56,,999,,,none,,,,,,,,,,2.1177,0.5883,2.3968,3.8095,8.9123,10.6125,36957.6016,36957.6016,,-1.683,-1.683,
^AXJO,8731.900390625,8731.9004,2026-09-21,False,8681.099609375,8736.5,0.01,-2.5,BAJO,,,,,,,,,,,,,,NONE,-0.6449,-1.0202,-0.3947,0.055293,5.4196,-0.346,78.56,,999,,,none,,,,,,,,,,-0.2057,-3.0962,-1.2117,-0.8685,3.309,9.2813,9164.5996,9271.5996,,-4.7214,-5.821,
^MXX,64456.58984375,64456.5898,2026-09-22,False,63505.33984375,64477.58984375,1.45,-5.53,BAJO,,,,,,,,,,,,,,NONE,-0.6449,-1.0202,-0.3947,0.055293,5.4196,-0.346,78.56,,999,,,none,,,,,,,,,,0.3731,-0.4186,-2.7305,-2.7481,14.5964,12.4779,66293.0703,67466.4609,,-2.7702,-4.4613,
^BVSP,187422.921875,187422.9219,2026-09-22,False,184976.8125,187671.734375,0.44,8.46,BAJO,,,,,,,,,,,,,,NONE,-0.6449,-1.0202,-0.3947,0.055293,5.4196,-0.346,78.56,,999,,,none,,,,,,,,,,0.4932,0.0298,6.054,9.921,7.7306,17.1817,188269.0,188269.0,,-0.4494,-0.4494,
HYG,78.66999816894531,78.67,2026-09-22,False,78.5999984741211,78.74500274658203,-0.01,1.08,BAJO,,,,,,,,,,,,,,YAHOO,-0.6449,-1.0202,-0.3947,0.055293,5.4196,-0.346,78.56,,999,,,none,,,,,,,,,,0.37,-0.5688,0.322,-0.0205,4.257,2.8244,79.4844,79.4844,79.4844,-1.0246,-1.0246,-1.0246
LQD,105.08999633789062,105.09,2026-09-22,False,104.88500213623047,105.18499755859375,0.0,-2.87,BAJO,,,,,,,,,,,,,,YAHOO,-0.6449,-1.0202,-0.3947,0.055293,5.4196,-0.346,78.56,,999,,,none,,,,,,,,,,0.7768,-0.3697,-0.256,-2.3409,7.6553,5.4996,106.4133,108.3896,108.7168,-1.2435,-3.0442,-3.336
TLT,81.75,81.75,2026-09-22,False,81.54000091552734,81.93499755859375,-0.06,-5.16,BAJO,,,-4087.5,0.55,,,,,,,,,,YAHOO,-0.6449,-1.0202,-0.3947,0.055293,5.4196,-0.346,78.56,,999,,,none,,,,,,,,,,1.2886,-0.5474,-0.9332,-4.0625,12.3928,9.5503,83.1514,86.4474,88.4493,-1.6853,-5.4338,-7.5742
GC=F,4401.10009765625,4401.1001,2026-09-22,False,4394.7001953125,4402.7998046875,0.39,3.17,BAJO,,,,,,,,,,,,,,NONE,-0.6449,-1.0202,-0.3947,0.055293,5.4196,-0.346,78.56,,999,,,none,,,,,,,,,,1.5764,-0.8538,8.6638,6.0659,10.8164,21.4913,4694.5,4697.7998,,-6.2499,-6.3157,
HG=F,6.89900016784668,6.899,2026-09-22,False,6.886000156402588,6.9095001220703125,3.18,6.98,BAJO,,,,,,,,,,,,,,NONE,-0.6449,-1.0202,-0.3947,0.055293,5.4196,-0.346,78.56,,999,,,none,,,,,,,,,,8.3301,2.3742,9.4211,12.3433,19.775,23.0937,6.899,6.899,,0.0,0.0,
CL=F,89.63999938964844,89.64,2026-09-22,False,89.62999725341797,90.0,-6.41,18.26,BAJO,,,,,,,,,,,,,,NONE,-0.6449,-1.0202,-0.3947,0.055293,5.4196,-0.346,78.56,,999,,,none,,,,,,,,,,-15.2981,-3.644,-2.766,22.4423,42.8686,52.8427,105.83,105.83,,-15.2981,-15.2981,
ZS=F,1325.0,1325.0,2026-09-22,False,1318.5,1331.5,-0.23,17.2,BAJO,,,,,,,,,,,,,,NONE,-0.6449,-1.0202,-0.3947,0.055293,5.4196,-0.346,78.56,,999,,,none,,,,,,,,,,0.4739,1.7274,7.0707,18.6213,20.6362,20.7099,1328.0,1328.0,,-0.2259,-0.2259,
ZC=F,536.25,536.25,2026-09-22,False,535.5,544.5,-1.24,28.77,BAJO,,,,,,,,,,,,,,NONE,-0.6449,-1.0202,-0.3947,0.055293,5.4196,-0.346,78.56,,999,,,none,,,,,,,,,,0.0933,4.9413,15.5711,30.8725,30.3228,26.1763,543.0,543.0,,-1.2431,-1.2431,
BTC-USD,86178.109375,86178.1094,2026-09-22,False,85158.6875,86597.8203125,-0.49,-25.12,BAJO,1731125968896.0,,,,,,,,,,,,,YAHOO,-0.6449,-1.0202,-0.3947,0.055293,5.4196,-0.346,78.56,,999,,,none,,,,,,,,,,12.793,11.5279,35.6028,29.5812,54.2379,36.4747,86602.9141,86602.9141,96929.3281,-0.4905,-0.4905,-11.0918
ETH-USD,2746.8701171875,2746.8701,2026-09-22,False,2718.927001953125,2776.607666015625,-1.07,-36.19,BAJO,335280766976.0,,,,,,,,,,,,,YAHOO,-0.6449,-1.0202,-0.3947,0.055293,5.4196,-0.346,78.56,,999,,,none,,,,,,,,,,12.2497,8.7463,46.0034,42.4442,41.6957,51.2971,2776.4683,2776.4683,3354.7227,-1.066,-1.066,-18.1193
IBIT,48.83000183105469,48.83,2026-09-22,False,48.3849983215332,49.119998931884766,-0.37,-24.83,BAJO,,,,,,,,,,,,,,YAHOO,-0.6449,-1.0202,-0.3947,0.055293,5.4196,-0.346,78.56,,999,,,none,,,,,,,,,,13.2684,10.0023,33.2333,38.2894,57.8357,39.8236,49.01,49.01,71.29,-0.3673,-0.3673,-31.5051
SPY,773.3800048828125,773.38,2026-09-22,False,772.5900268554688,775.1400146484375,-0.02,15.68,BAJO,,24.99,,1.8,,,,,,,,,,YAHOO,-0.6449,-1.0202,-0.3947,0.055293,5.4196,-0.346,78.56,,999,,,none,,,,,,,,,,2.3648,1.2194,5.0286,5.6872,12.1242,11.2287,773.5,775.9532,775.9532,-0.0155,-0.3316,-0.3316
QQQ,747.4600219726562,747.46,2026-09-22,False,741.0,748.3489990234375,0.81,23.16,BAJO,,30.47,,2.09,,,,,,,,,,YAHOO,-0.6449,-1.0202,-0.3947,0.055293,5.4196,-0.346,78.56,,999,,,none,,,,,,,,,,6.2025,4.1593,8.1333,4.8468,16.3836,20.4422,747.46,747.46,747.46,0.0,0.0,0.0
DIA,518.0,518.0,2026-09-22,False,516.510009765625,522.469970703125,-0.34,11.82,BAJO,,21.03,,,,,,,,,,,,YAHOO,-0.6449,-1.0202,-0.3947,0.055293,5.4196,-0.346,78.56,,999,,,none,,,,,,,,,,-0.3906,-1.6734,0.6517,0.6101,9.0229,11.6677,535.6953,541.1131,541.1131,-3.3032,-4.2714,-4.2714
IWM,287.2099914550781,287.21,2026-09-22,False,286.05999755859375,288.9200134277344,0.57,17.17,BAJO,,16.91,,1.31,,,,,,,,,,YAHOO,-0.6449,-1.0202,-0.3947,0.055293,5.4196,-0.346,78.56,,999,,,none,,,,,,,,,,0.726,-2.2771,-1.4139,-2.4922,8.0011,13.0487,299.029,304.2953,304.2953,-3.9525,-5.6147,-5.6147
GLD,400.07000732421875,400.07,2026-09-22,False,395.5899963378906,400.7650146484375,0.42,14.4,BAJO,,,,2.35,,,,,,,,,,YAHOO,-0.6449,-1.0202,-0.3947,0.055293,5.4196,-0.346,78.56,,999,,,none,,,,,,,,,,1.502,0.0876,7.6847,6.0294,15.5783,23.7892,428.07,428.07,495.9,-6.541,-6.541,-19.3245
SLV,60.72999954223633,60.73,2026-09-22,False,59.04999923706055,61.0,1.84,50.12,BAJO,,,,,,,,,,,,,,YAHOO,-0.6449,-1.0202,-0.3947,0.055293,5.4196,-0.346,78.56,,999,,,none,,,,,,,,,,5.5623,2.2907,16.6539,8.9718,25.2483,37.524,62.77,62.77,105.6,-3.25,-3.25,-42.4905
XLY,112.33000183105469,112.33,2026-09-22,False,111.9749984741211,113.29000091552734,0.09,-7.24,BAJO,,24.55,,,,,,,,,,,,YAHOO,-0.6449,-1.0202,-0.3947,0.055293,5.4196,-0.346,78.56,,999,,,none,,,,,,,,,,1.5309,-1.2392,3.5099,-1.0396,12.4416,19.4329,117.6908,119.5966,123.7507,-4.555,-6.0759,-9.2288
XLV,169.88999938964844,169.89,2026-09-22,False,167.8699951171875,170.72000122070312,0.52,24.87,BAJO,,30.35,,,,,,,,,,,,YAHOO,-0.6449,-1.0202,-0.3947,0.055293,5.4196,-0.346,78.56,,999,,,none,,,,,,,,,,1.7179,2.0404,5.6369,12.0648,7.1435,18.2742,174.6217,175.0102,175.0102,-2.7097,-2.9257,-2.9257
XLRE,42.5,42.5,2026-09-22,False,42.41999816894531,42.66999816894531,-0.21,4.04,BAJO,,30.29,,,,,,,,,,,,YAHOO,-0.6449,-1.0202,-0.3947,0.055293,5.4196,-0.346,78.56,,999,,,none,,,,,,,,,,-0.4928,-2.3742,-4.6547,-3.9925,13.0039,13.4708,44.9814,45.6259,45.6259,-5.5165,-6.8513,-6.8513
XLK,196.27000427246094,196.27,2026-09-22,False,194.47000122070312,196.5050048828125,0.73,38.04,BAJO,,34.74,,,,,,,,,,,,YAHOO,-0.6449,-1.0202,-0.3947,0.055293,5.4196,-0.346,78.56,,999,,,none,,,,,,,,,,6.9441,4.5931,10.1143,6.6828,16.9672,28.5652,196.27,196.27,197.7432,0.0,0.0,-0.745
XLI,170.27000427246094,170.27,2026-09-22,False,169.1300048828125,170.7100067138672,0.17,11.01,BAJO,,27.64,,1.73,,,,,,,,,,YAHOO,-0.6449,-1.0202,-0.3947,0.055293,5.4196,-0.346,78.56,,999,,,none,,,,,,,,,,1.112,-2.1169,-6.1627,-4.1664,2.2747,14.9425,179.8566,186.0101,186.0101,-5.3301,-8.4619,-8.4619
XLF,54.79999923706055,54.8,2026-09-22,False,54.54999923706055,56.04999923706055,-1.97,1.53,BAJO,,15.54,,1.61,,,,,,,,,,YAHOO,-0.6449,-1.0202,-0.3947,0.055293,5.4196,-0.346,78.56,,999,,,none,,,,,,,,,,-3.2648,-4.0245,-1.4975,2.0675,16.8198,13.7349,58.3535,58.3535,58.3535,-6.0896,-6.0896,-6.0896
XLE,61.779998779296875,61.78,2026-09-22,False,61.41999816894531,62.66999816894531,-1.09,43.41,BAJO,,17.14,,1.19,,,,,,,,,,YAHOO,-0.6449,-1.0202,-0.3947,0.055293,5.4196,-0.346,78.56,,999,,,none,,,,,,,,,,-5.7376,-4.0494,4.6602,14.1154,20.2087,21.9729,65.5404,65.5404,65.5404,-5.7376,-5.7376,-5.7376
XLC,113.52999877929688,113.53,2026-09-22,False,113.44000244140625,115.61000061035156,-1.06,-4.62,BAJO,,15.66,,,,,,,,,,,,YAHOO,-0.6449,-1.0202,-0.3947,0.055293,5.4196,-0.346,78.56,,999,,,none,,,,,,,,,,-0.1104,2.1379,8.089,6.1845,39.2384,21.2814,114.75,114.75,118.9953,-1.0632,-1.0632,-4.5928
XLB,50.529998779296875,50.53,2026-09-22,False,49.90999984741211,50.6349983215332,1.65,12.3,BAJO,,23.58,,0.64,,,,,,,,,,YAHOO,-0.6449,-1.0202,-0.3947,0.055293,5.4196,-0.346,78.56,,999,,,none,,,,,,,,,,0.0641,-2.267,0.9396,-0.2112,20.6195,17.3299,53.4241,53.4241,53.4241,-5.4173,-5.4173,-5.4173
XLP,82.7300033569336,82.73,2026-09-22,False,82.28949737548828,82.9000015258789,0.99,7.48,BAJO,,24.47,,1.21,,,,,,,,,,YAHOO,-0.6449,-1.0202,-0.3947,0.055293,5.4196,-0.346,78.56,,999,,,none,,,,,,,,,,-0.5445,-0.8878,0.077,-0.5326,12.5216,16.3326,85.9547,86.8786,88.3086,-3.7516,-4.7752,-6.3172
XLU,40.529998779296875,40.53,2026-09-22,False,40.45000076293945,40.81999969482422,-0.32,-3.7,BAJO,,18.25,,0.63,,,,,,,,,,YAHOO,-0.6449,-1.0202,-0.3947,0.055293,5.4196,-0.346,78.56,,999,,,none,,,,,,,,,,-1.1907,-6.0345,-11.6085,-9.412,14.9899,14.4592,43.1924,45.9521,46.7541,-6.1641,-11.7995,-13.3124
PSQ,24.780000686645508,24.78,2026-09-22,False,24.75,25.010000228881836,-0.8,-19.19,BAJO,,,,,,,,,,,,,,YAHOO,-0.6449,-1.0202,-0.3947,0.055293,5.4196,-0.346,78.56,,999,,,none,,,,,,,,,,-5.8511,-3.879,-7.0518,-4.0316,16.8141,20.5072,26.32,27.91,33.0172,-5.8511,-11.2146,-24.9482
EWZ,38.2599983215332,38.26,2026-09-22,False,37.51499938964844,38.349998474121094,0.5,28.29,BAJO,,11.13,,1.05,,,,,,,,,,YAHOO,-0.6449,-1.0202,-0.3947,0.055293,5.4196,-0.346,78.56,,999,,,none,,,,,,,,,,1.2705,-0.9065,5.7783,12.0351,13.413,22.0388,38.61,38.61,41.3365,-0.9065,-0.9065,-7.4425
FXI,35.0,35.0,2026-09-22,False,34.900001525878906,35.28499984741211,0.26,-13.86,BAJO,,9.27,,,,,,,,,,,,YAHOO,-0.6449,-1.0202,-0.3947,0.055293,5.4196,-0.346,78.56,,999,,,none,,,,,,,,,,1.7442,0.0,1.567,6.6098,10.5077,17.3363,35.88,36.52,40.9939,-2.4526,-4.1621,-14.6214
COPX,89.9800033569336,89.98,2026-09-22,False,88.22000122070312,90.38999938964844,2.85,68.97,BAJO,,16.55,,,,,,,,,,,,YAHOO,-0.6449,-1.0202,-0.3947,0.055293,5.4196,-0.346,78.56,,999,,,none,,,,,,,,,,6.3719,-4.662,14.8143,13.5956,21.8426,42.7371,96.45,96.45,96.45,-6.7081,-6.7081,-6.7081
URA,43.7400016784668,43.74,2026-09-22,False,42.77000045776367,43.904998779296875,1.77,-10.62,BAJO,,27.55,,,,,,,,,,,,YAHOO,-0.6449,-1.0202,-0.3947,0.055293,5.4196,-0.346,78.56,,999,,,none,,,,,,,,,,4.7163,-7.9158,6.3457,-4.0369,42.0101,44.6625,48.37,48.37,61.81,-9.572,-9.572,-29.2348
ARKK,91.61000061035156,91.61,2026-09-22,False,90.4800033569336,91.94000244140625,0.98,6.62,BAJO,,59.13,,,,,,,,,,,,YAHOO,-0.6449,-1.0202,-0.3947,0.055293,5.4196,-0.346,78.56,,999,,,none,,,,,,,,,,9.7257,6.4243,24.0823,19.4705,24.8856,37.4074,91.61,91.61,92.53,0.0,0.0,-0.9943
ITA,214.0,214.0,2026-09-22,False,211.42999267578125,217.75999450683594,-0.99,3.47,BAJO,,32.48,,,,,,,,,,,,YAHOO,-0.6449,-1.0202,-0.3947,0.055293,5.4196,-0.346,78.56,,999,,,none,,,,,,,,,,0.0,-4.1524,-10.0667,-9.19,14.406,21.4844,236.1063,252.9268,252.9268,-9.3629,-15.3905,-15.3905
SMH,607.4600219726562,607.46,2026-09-22,False,591.0120239257812,608.6649780273438,1.92,87.59,BAJO,,41.49,,,,,,,,,,,,YAHOO,-0.6449,-1.0202,-0.3947,0.055293,5.4196,-0.346,78.56,,999,,,none,,,,,,,,,,12.0548,5.8791,4.7038,-2.3455,14.7584,43.3699,607.46,655.89,668.91,0.0,-7.3839,-9.1866
EEM,69.0999984741211,69.1,2026-09-22,False,68.49500274658203,69.2300033569336,0.39,30.71,BAJO,,14.7,,,,,,,,,,,,YAHOO,-0.6449,-1.0202,-0.3947,0.055293,5.4196,-0.346,78.56,,999,,,none,,,,,,,,,,5.0791,0.3923,6.9659,2.8733,18.9068,25.455,69.1,69.1,71.21,0.0,0.0,-2.9631
AAPL,339.75,339.75,2026-09-22,False,338.75,345.3399963378906,0.23,31.61,BAJO,4958372495360.0,39.01,35.43,46.16,148.75,27.08,32.62,27.62,2.17,29.59,0.78,1.0,8.0,YAHOO,-0.6449,-1.0202,-0.3947,0.055293,5.4196,-0.346,78.56,2026-10-29,37,,,yahoo,1.0,1.0,1.0,0.0,1.0,1.0,1.0,1.0,1.0,2.5382,7.441,5.715,15.543,11.3602,28.8614,339.75,339.7869,339.7869,0.0,-0.0109,-0.0109
MSFT,498.0,498.0,2026-09-22,False,493.6499938964844,508.5,-0.72,-3.95,BAJO,3697921753088.0,27.73,21.03,8.36,34.04,14.09,45.11,40.3,0.45,19.44,0.29,1.23,6.0,YAHOO,-0.6449,-1.0202,-0.3947,0.055293,5.4196,-0.346,78.56,2026-10-28,36,,,yahoo,1.0,1.0,1.0,1.0,1.0,0.0,1.0,0.0,0.0,0.177,0.8199,30.7557,33.4272,21.1932,40.4564,513.53,513.53,537.6464,-3.0242,-3.0242,-7.3741
NVDA,228.8699951171875,228.87,2026-09-22,False,226.5,229.97999572753906,0.66,23.4,BAJO,5526523478016.0,28.93,14.59,24.13,117.21,53.57,66.24,63.66,0.76,27.11,0.17,4.59,4.0,YAHOO,-0.6449,-1.0202,-0.3947,0.055293,5.4196,-0.346,78.56,2026-11-17,56,2026-08-26,27.0,yahoo,1.0,0.0,1.0,0.0,1.0,0.0,1.0,0.0,0.0,7.871,1.5045,9.7557,14.5401,13.8804,39.8974,230.1025,230.1025,235.2024,-0.5356,-0.5356,-2.6923
META,736.594970703125,736.595,2026-09-22,False,730.0,757.27001953125,-0.63,-4.96,BAJO,1876480229376.0,27.75,21.14,7.18,29.85,14.59,34.83,29.83,1.15,17.42,0.43,2.23,5.0,YAHOO,-0.6449,-1.0202,-0.3947,0.055293,5.4196,-0.346,78.56,2026-10-28,36,,,yahoo,1.0,0.0,1.0,1.0,0.0,0.0,1.0,1.0,0.0,9.9869,20.1631,21.6262,31.1235,98.3322,51.0082,741.25,741.25,762.5733,-0.628,-0.628,-3.4067
GOOGL,351.1600036621094,351.16,2026-09-22,False,350.2200012207031,364.1700134277344,-1.07,37.87,BAJO,4294663995392.0,17.64,23.6,6.9,48.68,12.96,34.03,54.77,0.53,24.47,0.19,2.72,6.0,YAHOO,-0.6449,-1.0202,-0.3947,0.055293,5.4196,-0.346,78.56,2026-10-28,36,,,yahoo,1.0,0.0,1.0,1.0,0.0,1.0,1.0,1.0,0.0,1.7914,3.783,10.6065,1.5184,18.7863,34.1851,354.97,377.4074,402.1212,-1.0733,-6.9547,-12.6731
AMZN,254.97999572753906,254.98,2026-09-22,False,253.7899932861328,259.0,-1.34,10.47,BAJO,2750293999616.0,20.51,24.54,4.98,30.56,6.59,13.69,17.44,0.12,17.27,0.46,1.03,6.0,YAHOO,-0.6449,-1.0202,-0.3947,0.055293,5.4196,-0.346,78.56,2026-10-29,37,,,yahoo,1.0,1.0,1.0,1.0,1.0,0.0,0.0,1.0,0.0,2.6407,-0.7744,9.1244,8.9146,25.0676,42.1458,266.43,284.02,284.02,-4.2976,-10.2246,-10.2246
TSLA,378.8999938964844,378.9,2026-09-22,False,372.8800048828125,380.4175109863281,0.96,-14.29,BAJO,1496483495936.0,347.61,172.44,17.23,4.67,1.93,1.41,3.67,0.32,135.33,0.18,1.94,5.0,YAHOO,-0.6449,-1.0202,-0.3947,0.055293,5.4196,-0.346,78.56,2026-10-21,29,,,yahoo,1.0,0.0,1.0,1.0,0.0,1.0,0.0,1.0,0.0,6.2595,2.9172,18.5211,-0.7101,24.7744,54.0492,378.9,425.3,489.88,0.0,-10.9099,-22.6545
MSTR,167.3300018310547,167.33,2026-09-22,False,167.25,171.1699981689453,-0.69,-51.74,BAJO,66477142016.0,,3.38,2.01,-63.56,-38.73,-6808.11,0.0,-33.98,-2.3,0.15,5.39,3.0,YAHOO,-0.6449,-1.0202,-0.3947,0.055293,5.4196,-0.346,78.56,2026-10-29,37,,,yahoo,0.0,0.0,0.0,1.0,1.0,1.0,0.0,0.0,0.0,29.1126,22.5681,78.7141,61.1421,114.9214,88.0374,168.5,168.5,359.69,-0.6944,-0.6944,-53.4794
PLTR,184.99000549316406,184.99,2026-09-22,False,182.02999877929688,185.5399932861328,1.04,1.61,BAJO,444541796352.0,158.11,79.63,45.47,38.1,17.29,47.12,49.01,0.49,161.83,0.02,7.23,8.0,YAHOO,-0.6449,-1.0202,-0.3947,0.055293,5.4196,-0.346,78.56,2026-11-02,41,,,yahoo,1.0,1.0,1.0,1.0,1.0,1.0,0.0,1.0,1.0,7.2033,8.626,49.9473,58.5176,16.746,78.9296,186.38,186.38,207.18,-0.7458,-0.7458,-10.7105
SNOW,336.5899963378906,336.59,2026-09-22,False,333.67999267578125,346.79119873046875,-0.83,45.09,BAJO,118748954624.0,,111.67,55.19,-48.06,-9.02,-17.0,-20.07,1.46,-115.82,1.29,0.94,5.0,YAHOO,-0.6449,-1.0202,-0.3947,0.055293,5.4196,-0.346,78.56,2026-12-02,71,2026-09-02,20.0,yahoo,0.0,0.0,1.0,1.0,1.0,0.0,0.0,1.0,1.0,4.2139,0.3249,26.9528,46.0831,32.2372,49.3213,356.47,356.47,356.47,-5.5769,-5.5769,-5.5769
CRWD,250.05999755859375,250.06,2026-09-22,False,244.7100067138672,250.79989624023438,0.28,101.28,BAJO,256045137920.0,5001.2,155.71,50.18,1.46,-0.78,-2.26,0.83,0.78,2350.36,0.16,1.57,4.0,YAHOO,-0.6449,-1.0202,-0.3947,0.055293,5.4196,-0.346,78.56,2026-12-01,70,2026-08-26,27.0,yahoo,0.0,0.0,1.0,1.0,1.0,1.0,0.0,0.0,0.0,3.1218,19.0648,36.3319,46.8954,54.0737,74.3043,250.06,250.06,250.06,0.0,0.0,0.0
PANW,374.57000732421875,374.57,2026-09-22,False,363.5799865722656,377.9100036621094,0.76,78.38,BAJO,306398265344.0,913.59,76.77,11.1,1.74,1.4,5.4,2.67,1.38,194.61,0.09,0.87,3.0,YAHOO,-0.6449,-1.0202,-0.3947,0.055293,5.4196,-0.346,78.56,2026-11-19,58,2026-09-01,21.0,yahoo,1.0,0.0,1.0,1.0,0.0,0.0,0.0,0.0,0.0,-0.1386,11.155,15.0293,28.7536,35.5147,61.2208,382.85,396.0,396.0,-2.1627,-5.4116,-5.4116
ADBE,238.25,238.25,2026-09-22,False,237.69000244140625,254.6699981689453,-4.52,-36.11,BAJO,94704377856.0,13.3,8.61,8.0,61.9,19.73,34.82,28.05,9.64,10.22,0.57,0.77,7.0,YAHOO,-0.6449,-1.0202,-0.3947,0.055293,5.4196,-0.346,78.56,2026-12-09,78,2026-09-10,12.0,yahoo,1.0,1.0,1.0,1.0,0.0,0.0,1.0,1.0,1.0,-7.5691,-7.3894,12.292,20.6757,38.2583,49.2713,292.79,292.79,364.08,-18.6277,-18.6277,-34.5611
CRM,233.27999877929688,233.28,2026-09-22,False,229.80999755859375,242.4199981689453,-1.33,-7.33,BAJO,191989432320.0,21.36,14.58,5.0,19.38,5.7,21.38,21.99,9.24,17.49,1.1,0.84,7.0,YAHOO,-0.6449,-1.0202,-0.3947,0.055293,5.4196,-0.346,78.56,2026-12-02,71,2026-08-26,27.0,yahoo,1.0,1.0,1.0,1.0,0.0,0.0,1.0,1.0,1.0,-8.5897,-6.1936,48.9138,52.3207,15.4084,62.4123,263.9656,263.9656,264.417,-11.6249,-11.6249,-11.7757
MU,1096.1600341796875,1096.16,2026-09-22,False,1030.0150146484375,1097.25,5.0,565.39,BAJO,1237995618304.0,24.77,6.9,12.29,66.64,34.87,80.37,55.91,0.62,16.99,0.06,3.42,7.0,YAHOO,-0.6449,-1.0202,-0.3947,0.055293,5.4196,-0.346,78.56,2026-09-30,8,,,yahoo,1.0,1.0,1.0,1.0,1.0,0.0,0.0,1.0,1.0,18.1716,9.5875,10.6998,4.2365,19.2416,81.4834,1096.16,1154.1125,1213.3734,0.0,-5.0214,-9.6601
INTC,123.86000061035156,123.86,2026-09-22,False,120.07499694824219,124.08999633789062,1.71,329.12,BAJO,654736949248.0,,60.07,7.14,-10.71,1.41,12.19,-19.79,0.74,38.64,0.49,1.6,6.0,YAHOO,-0.6449,-1.0202,-0.3947,0.055293,5.4196,-0.346,78.56,2026-10-22,30,,,yahoo,0.0,1.0,1.0,1.0,1.0,1.0,0.0,1.0,0.0,27.5067,18.5604,23.5758,-6.3653,89.481,77.5901,123.86,139.63,140.94,0.0,-11.2941,-12.1186
AMAT,472.4599914550781,472.46,2026-09-22,False,453.5,472.4800109863281,1.77,135.37,BAJO,374943055872.0,40.69,25.6,14.63,41.07,15.48,33.74,30.05,0.82,36.09,0.29,2.42,6.0,YAHOO,-0.6449,-1.0202,-0.3947,0.055293,5.4196,-0.346,78.56,2026-11-12,51,,,yahoo,1.0,0.0,1.0,1.0,0.0,1.0,1.0,1.0,0.0,12.178,-0.0698,-15.9621,-19.2727,42.8124,69.8143,482.36,722.2277,722.2277,-2.0524,-34.583,-34.583
TXN,271.4100036621094,271.41,2026-09-22,False,267.42999267578125,271.635009765625,0.2,53.47,BAJO,247864557568.0,41.25,25.5,13.76,35.18,13.06,42.58,31.11,1.43,26.73,0.78,4.86,7.0,YAHOO,-0.6449,-1.0202,-0.3947,0.055293,5.4196,-0.346,78.56,2026-10-27,35,,,yahoo,1.0,1.0,1.0,1.0,0.0,1.0,1.0,0.0,1.0,3.0293,4.8239,-4.2775,-10.3694,29.159,34.992,271.41,309.8734,330.5874,0.0,-12.4126,-17.9007
TSM,452.0,452.0,2026-09-22,False,441.20001220703125,452.8800048828125,1.54,66.0,BAJO,2344286158848.0,33.63,20.62,92.5,39.97,19.0,60.34,49.92,31.17,5.07,0.17,2.46,9.0,YAHOO,-0.6449,-1.0202,-0.3947,0.055293,5.4196,-0.346,78.56,2026-10-15,23,,,yahoo,1.0,1.0,1.0,1.0,1.0,1.0,1.0,1.0,1.0,9.5378,3.2375,9.0554,3.8549,13.9968,39.8409,452.0,476.2923,476.2923,0.0,-5.1003,-5.1003
AMD,623.77001953125,623.77,2026-09-22,False,606.3125,624.52001953125,1.34,288.82,BAJO,1018288996352.0,158.32,40.06,15.14,10.2,5.13,17.25,15.58,0.87,104.16,0.06,2.61,7.0,YAHOO,-0.6449,-1.0202,-0.3947,0.055293,5.4196,-0.346,78.56,2026-11-03,42,,,yahoo,1.0,1.0,1.0,1.0,0.0,1.0,0.0,1.0,1.0,23.7148,23.3381,15.5793,19.9904,61.4732,71.9947,623.77,623.77,623.77,0.0,0.0,0.0
ASML,1747.9000244140625,1747.9,2026-09-22,False,1694.2900390625,1749.699951171875,2.14,82.14,BAJO,671368413184.0,60.09,29.44,1488.9,53.94,16.45,37.06,30.11,1.26,2706.92,0.09,1.33,8.0,YAHOO,-0.6449,-1.0202,-0.3947,0.055293,5.4196,-0.346,78.56,2026-10-14,22,,,yahoo,1.0,1.0,1.0,1.0,1.0,0.0,1.0,1.0,1.0,9.8286,-0.9604,-2.9306,-1.5912,9.746,46.5264,1764.85,1986.8704,1986.8704,-0.9604,-12.0275,-12.0275
MRVL,262.3599853515625,262.36,2026-09-22,False,254.0,266.0,1.93,246.55,BAJO,235784142848.0,87.16,38.81,12.61,16.52,4.12,16.68,27.93,1.02,79.66,0.29,3.17,8.0,YAHOO,-0.6449,-1.0202,-0.3947,0.055293,5.4196,-0.346,78.56,2026-12-01,70,2026-08-27,26.0,yahoo,1.0,1.0,1.0,0.0,1.0,1.0,1.0,1.0,1.0,18.3401,16.3923,25.3392,-5.9545,31.5405,87.2519,262.36,297.8165,316.352,0.0,-11.9055,-17.0671
QCOM,198.27000427246094,198.27,2026-09-22,False,191.66000366210938,199.14999389648438,2.08,17.71,BAJO,211764363264.0,22.69,19.43,7.58,33.75,11.61,18.53,21.01,4.84,17.58,0.55,2.02,6.0,YAHOO,-0.6449,-1.0202,-0.3947,0.055293,5.4196,-0.346,78.56,2026-11-04,43,,,yahoo,1.0,0.0,1.0,1.0,0.0,1.0,1.0,0.0,1.0,5.5751,13.8894,16.5035,-2.3421,98.0013,46.1802,198.27,198.27,248.7425,0.0,0.0,-20.2911
COIN,201.07000732421875,201.07,2026-09-22,False,197.1999969482422,203.0,0.01,-40.98,BAJO,53049692160.0,,70.99,4.06,-7.85,1.12,-13.92,-16.34,5.03,72.8,0.51,2.42,4.0,YAHOO,-0.6449,-1.0202,-0.3947,0.055293,5.4196,-0.346,78.56,2026-10-29,37,,,yahoo,1.0,0.0,1.0,1.0,0.0,1.0,0.0,0.0,0.0,16.8265,12.3673,24.7642,27.1147,77.6711,79.8805,201.07,201.07,387.27,0.0,0.0,-48.0801
SHOP,147.74000549316406,147.74,2026-09-22,False,144.25,150.17999267578125,7.12,-7.52,BAJO,191715508224.0,99.82,60.29,15.02,15.54,10.19,17.55,14.53,0.83,72.1,0.01,5.35,5.0,YAHOO,-0.6449,-1.0202,-0.3947,0.055293,5.4196,-0.346,78.56,2026-11-03,42,,,yahoo,1.0,0.0,1.0,1.0,0.0,1.0,0.0,0.0,1.0,13.7687,10.1715,31.9107,37.2028,71.6624,65.1993,154.33,158.53,179.01,-4.2701,-6.8063,-17.4683
RBLX,49.869998931884766,49.87,2026-09-22,False,49.459999084472656,51.959999084472656,-2.69,-65.11,BAJO,35625926656.0,,-40.03,234.13,-432.28,-7.73,-13.27,-17.61,4.14,-41.98,14.23,0.82,6.0,YAHOO,-0.6449,-1.0202,-0.3947,0.055293,5.4196,-0.346,78.56,2026-10-29,37,,,yahoo,0.0,1.0,1.0,1.0,1.0,0.0,0.0,1.0,1.0,-0.7365,11.2673,4.8791,5.8586,66.185,78.8757,51.29,57.95,141.56,-2.7686,-13.9431,-64.7711
UBER,69.88999938964844,69.89,2026-09-22,False,69.54000091552734,71.9000015258789,-1.34,-31.23,BAJO,142754529280.0,15.33,15.86,5.22,37.16,6.88,13.32,17.34,5.07,20.75,0.52,0.84,6.0,YAHOO,-0.6449,-1.0202,-0.3947,0.055293,5.4196,-0.346,78.56,2026-11-03,42,,,yahoo,1.0,0.0,1.0,1.0,0.0,1.0,1.0,1.0,0.0,-2.156,-4.4305,1.4221,0.3158,12.1052,37.4939,80.35,80.35,100.1,-13.018,-13.018,-30.1798
HPQ,32.040000915527344,32.04,2026-09-22,False,31.829999923706055,33.34000015258789,-2.76,17.6,BAJO,28893384704.0,12.23,10.21,-314.12,,5.63,5.4,4.14,11.73,7.74,,0.79,5.0,YAHOO,-0.6449,-1.0202,-0.3947,0.055293,5.4196,-0.346,78.56,2026-11-24,63,2026-08-26,27.0,yahoo,1.0,0.0,1.0,1.0,0.0,1.0,1.0,0.0,0.0,-5.2632,3.7901,31.9925,36.6767,71.6601,52.2919,35.48,35.48,35.48,-9.6956,-9.6956,-9.6956
BIDU,92.43000030517578,92.43,2026-09-22,False,91.7300033569336,93.82499694824219,0.24,-33.9,BAJO,31512029184.0,,11.93,0.77,-1.39,1.2,9.65,-2.9,-6.65,0.06,0.38,2.33,2.0,YAHOO,-0.6449,-1.0202,-0.3947,0.055293,5.4196,-0.346,78.56,2026-11-18,57,,,yahoo,1.0,0.0,0.0,0.0,0.0,0.0,1.0,0.0,0.0,2.2569,-0.1297,-13.9305,-16.0795,19.6447,43.3399,99.47,117.94,162.52,-7.0775,-21.6296,-43.127
SPOT,501.29998779296875,501.3,2026-09-22,False,495.5899963378906,523.0,-2.99,-33.67,BAJO,103059357696.0,27.48,28.34,10.52,44.48,12.19,13.71,18.43,1.5,37.17,0.06,2.11,5.0,YAHOO,-0.6449,-1.0202,-0.3947,0.055293,5.4196,-0.346,78.56,2026-11-03,42,,,yahoo,1.0,1.0,1.0,1.0,0.0,0.0,0.0,1.0,0.0,-10.2031,-5.1718,6.8893,10.0549,38.2628,39.6918,560.11,560.11,738.53,-10.4997,-10.4997,-32.1219
AVGO,364.5400085449219,364.54,2026-09-22,False,359.29010009765625,366.5400085449219,0.52,6.85,BAJO,1740179111936.0,46.56,18.81,17.46,44.25,15.37,54.31,42.94,1.76,33.8,0.6,2.5,8.0,YAHOO,-0.6449,-1.0202,-0.3947,0.055293,5.4196,-0.346,78.56,2026-12-09,78,2026-09-02,20.0,yahoo,1.0,1.0,1.0,1.0,1.0,1.0,0.0,1.0,1.0,7.644,-0.9106,-6.9473,-3.9317,16.614,40.149,370.8647,426.9825,479.9351,-1.7054,-14.6241,-24.0439
ACN,183.72000122070312,183.72,2026-09-22,False,182.15499877929688,190.24000549316406,-1.28,-23.42,BAJO,112426000384.0,14.66,12.52,3.52,24.41,10.9,16.96,10.66,10.75,8.79,0.25,1.34,5.0,YAHOO,-0.6449,-1.0202,-0.3947,0.055293,5.4196,-0.346,78.56,2026-10-01,9,,,yahoo,1.0,0.0,1.0,1.0,0.0,1.0,1.0,0.0,0.0,-5.0052,2.6197,32.4204,46.3893,49.3016,47.1944,195.0,195.0,282.7143,-5.7846,-5.7846,-35.0157
NFLX,72.16000366210938,72.16,2026-09-22,False,71.5801010131836,73.76000213623047,-1.64,-42.76,BAJO,300469911552.0,22.69,18.92,9.97,49.54,16.08,33.38,28.22,8.45,21.25,0.55,1.14,7.0,YAHOO,-0.6449,-1.0202,-0.3947,0.055293,5.4196,-0.346,78.56,2026-10-20,28,,,yahoo,1.0,1.0,1.0,0.0,1.0,0.0,1.0,1.0,1.0,-7.3684,-6.0049,4.7467,-0.9063,44.5638,37.9522,82.73,82.73,124.135,-12.7765,-12.7765,-41.8697
NIO,3.7200000286102295,3.72,2026-09-22,False,3.680000066757202,3.7850000858306885,1.36,-47.71,BAJO,9321081856.0,,29.26,15.33,-45.32,-2.02,-1.08,-4.17,,1.55,2.03,1.02,6.0,YAHOO,-0.6449,-1.0202,-0.3947,0.055293,5.4196,-0.346,78.56,2026-11-24,63,2026-09-01,21.0,yahoo,0.0,1.0,1.0,1.0,1.0,0.0,0.0,1.0,1.0,3.3333,-1.847,-19.8276,-26.9155,7.5537,35.1571,4.45,5.06,7.89,-16.4045,-26.4822,-52.8517
BABA,116.30999755859375,116.31,2026-09-22,False,116.05999755859375,120.4000015258789,0.48,-30.09,BAJO,289102856192.0,26.26,12.54,1.74,6.36,1.56,7.29,7.04,-28.59,2.17,0.24,1.36,3.0,YAHOO,-0.6449,-1.0202,-0.3947,0.055293,5.4196,-0.346,78.56,2026-11-24,63,,,yahoo,1.0,0.0,1.0,0.0,0.0,0.0,1.0,0.0,0.0,6.3746,3.2398,1.9726,13.3626,26.6106,43.669,119.83,132.32,187.6169,-2.9375,-12.0995,-38.0067
PDD,80.3499984741211,80.35,2026-09-22,False,79.28500366210938,80.76000213623047,1.32,-39.05,BAJO,114369904640.0,8.65,6.51,1.69,22.75,10.01,24.71,20.43,65.26,-3.43,0.01,2.62,4.0,YAHOO,-0.6449,-1.0202,-0.3947,0.055293,5.4196,-0.346,78.56,2026-11-18,57,2026-08-24,29.0,yahoo,1.0,0.0,1.0,1.0,0.0,1.0,0.0,0.0,0.0,2.9073,0.7523,-3.5414,4.9504,20.4065,32.1288,87.75,93.0,138.13,-8.4331,-13.6022,-41.8302
SAP,210.67999267578125,210.68,2026-09-22,False,207.77000427246094,214.4199981689453,0.7,-20.78,BAJO,243167756288.0,27.5,21.74,66.31,18.32,9.54,27.62,20.41,3.74,289.11,0.22,1.15,7.0,YAHOO,-0.6449,-1.0202,-0.3947,0.055293,5.4196,-0.346,78.56,2026-10-21,29,,,yahoo,1.0,1.0,1.0,1.0,1.0,1.0,0.0,0.0,1.0,-2.3137,-0.383,43.9268,37.3582,18.5306,41.9973,221.54,221.54,275.6678,-4.902,-4.902,-23.5747
SE,103.66999816894531,103.67,2026-09-22,False,102.33000183105469,105.38999938964844,0.99,-47.82,BAJO,63496269824.0,40.03,19.97,5.11,14.73,4.97,8.35,5.91,0.1,22.54,0.32,1.49,8.0,YAHOO,-0.6449,-1.0202,-0.3947,0.055293,5.4196,-0.346,78.56,2026-11-10,49,,,yahoo,1.0,1.0,1.0,1.0,1.0,1.0,0.0,1.0,1.0,0.9937,-8.5238,4.191,12.9426,23.541,51.5979,123.18,131.51,192.96,-15.8386,-21.1695,-46.2738
IBM,231.3800048828125,231.38,2026-09-22,False,230.0800018310547,236.1999969482422,-0.24,-14.07,BAJO,217991069696.0,20.57,17.58,6.33,34.46,5.3,16.55,15.52,5.53,16.74,1.89,0.79,6.0,YAHOO,-0.6449,-1.0202,-0.3947,0.055293,5.4196,-0.346,78.56,2026-10-21,29,,,yahoo,1.0,1.0,1.0,1.0,1.0,0.0,0.0,1.0,0.0,-6.8406,-0.3059,12.7703,-12.0405,30.9805,62.3203,249.09,303.9496,326.8851,-7.1099,-23.8755,-29.2167
ZM,90.94999694824219,90.95,2026-09-22,False,89.70999908447266,92.12000274658203,0.06,7.33,BAJO,26537728000.0,8.44,14.35,2.68,32.14,6.11,24.61,65.19,7.44,14.5,0.01,3.83,7.0,YAHOO,-0.6449,-1.0202,-0.3947,0.055293,5.4196,-0.346,78.56,2026-11-24,63,2026-08-25,28.0,yahoo,1.0,1.0,1.0,1.0,1.0,0.0,1.0,1.0,0.0,-2.2779,-5.6927,8.1322,5.2114,40.0612,42.5666,101.33,109.84,111.88,-10.2438,-17.1977,-18.7075
CSCO,106.44000244140625,106.44,2026-09-22,False,104.51000213623047,110.43000030517578,-4.5,58.81,BAJO,419648962560.0,31.96,18.93,8.35,27.32,7.98,27.72,20.95,2.66,24.39,0.62,0.93,7.0,YAHOO,-0.6449,-1.0202,-0.3947,0.055293,5.4196,-0.346,78.56,2026-11-12,51,,,yahoo,1.0,1.0,1.0,1.0,1.0,0.0,1.0,0.0,1.0,-3.2979,-2.5007,-5.6048,-11.8133,49.3513,35.0131,112.36,123.88,129.5155,-5.2688,-14.0781,-17.8168
DOCU,66.76000213623047,66.76,2026-09-22,False,65.58000183105469,69.91000366210938,-2.64,-22.88,BAJO,12477607936.0,40.71,12.83,7.31,17.8,6.35,13.43,9.82,10.52,27.67,0.11,0.64,6.0,YAHOO,-0.6449,-1.0202,-0.3947,0.055293,5.4196,-0.346,78.56,2026-12-03,72,2026-09-03,19.0,yahoo,1.0,0.0,1.0,1.0,0.0,0.0,1.0,1.0,1.0,-7.0842,2.5814,41.9218,56.4565,21.8232,53.4142,71.85,71.85,84.86,-7.0842,-7.0842,-21.3292
ARM,333.20001220703125,333.2,2026-09-22,False,318.68499755859375,334.6600036621094,3.19,129.07,BAJO,355857137664.0,343.51,109.08,41.23,13.35,5.42,7.6,20.25,0.38,321.01,0.06,5.25,6.0,YAHOO,-0.6449,-1.0202,-0.3947,0.055293,5.4196,-0.346,78.56,2026-11-04,43,,,yahoo,1.0,0.0,1.0,1.0,0.0,1.0,0.0,1.0,1.0,37.7827,27.4041,17.7219,-9.0587,101.55,86.5939,333.2,354.57,439.46,0.0,-6.027,-24.1797
GRMN,284.6700134277344,284.67,2026-09-22,False,273.2340087890625,284.92999267578125,1.56,20.87,BAJO,54899335168.0,29.35,25.87,6.08,21.89,12.17,30.44,24.47,1.9,22.33,0.03,3.03,6.0,YAHOO,-0.6449,-1.0202,-0.3947,0.055293,5.4196,-0.346,78.56,2026-10-28,36,,,yahoo,1.0,1.0,1.0,0.0,0.0,1.0,0.0,1.0,1.0,2.0432,3.6609,19.0222,20.88,22.8384,42.4831,288.7518,311.952,311.952,-1.4136,-8.7456,-8.7456
MSI,456.70001220703125,456.7,2026-09-22,False,453.3699951171875,462.4750061035156,-1.01,-3.56,BAJO,75581014016.0,35.99,23.5,28.29,91.57,11.25,27.35,17.44,2.62,22.69,3.58,1.1,6.0,YAHOO,-0.6449,-1.0202,-0.3947,0.055293,5.4196,-0.346,78.56,2026-11-05,44,,,yahoo,1.0,1.0,1.0,1.0,0.0,0.0,1.0,1.0,0.0,-2.3999,-1.1013,12.4959,17.5742,10.3495,26.4558,489.973,489.973,489.973,-6.7908,-6.7908,-6.7908
SNAP,5.619999885559082,5.62,2026-09-22,False,5.599999904632568,5.840000152587891,-1.4,-35.66,BAJO,9504530432.0,,7.25,4.9,-15.58,-2.72,-2.64,-4.9,7.51,-76.61,2.19,2.94,6.0,YAHOO,-0.6449,-1.0202,-0.3947,0.055293,5.4196,-0.346,78.56,2026-11-04,43,,,yahoo,0.0,1.0,1.0,1.0,1.0,0.0,0.0,1.0,1.0,-3.6021,3.4991,27.4376,26.009,37.4826,59.7375,5.92,5.92,9.09,-5.0676,-5.0676,-38.1738
PINS,18.389999389648438,18.39,2026-09-22,False,18.25,19.770000457763672,-5.01,-49.47,BAJO,10414495744.0,54.09,7.66,3.59,6.46,3.51,-3.46,5.46,11.49,34.39,0.41,3.81,6.0,YAHOO,-0.6449,-1.0202,-0.3947,0.055293,5.4196,-0.346,78.56,2026-11-09,48,,,yahoo,1.0,0.0,1.0,1.0,0.0,0.0,1.0,1.0,1.0,-1.9723,-8.6892,-15.989,-5.8372,63.0285,48.5331,23.66,25.58,35.31,-22.2739,-28.1079,-47.9184
PATH,13.25,13.25,2026-09-22,False,13.1899995803833,13.9399995803833,-2.5,-0.71,BAJO,6905309184.0,19.78,14.37,3.54,20.03,3.66,8.92,21.03,6.87,31.84,0.04,2.39,8.0,YAHOO,-0.6449,-1.0202,-0.3947,0.055293,5.4196,-0.346,78.56,2026-12-02,71,2026-09-03,19.0,yahoo,1.0,1.0,1.0,1.0,1.0,0.0,1.0,1.0,1.0,-6.8869,-5.4247,29.902,30.4134,35.1981,71.093,18.67,18.67,19.29,-29.0305,-29.0305,-31.3116
VZ,46.45000076293945,46.45,2026-09-22,False,46.170101165771484,47.790000915527344,-2.58,13.42,BAJO,192989315072.0,12.1,8.8,1.86,15.84,5.05,23.0,11.64,9.05,7.66,1.84,0.6,4.0,YAHOO,-0.6449,-1.0202,-0.3947,0.055293,5.4196,-0.346,78.56,2026-10-20,28,,,yahoo,1.0,0.0,1.0,1.0,0.0,1.0,0.0,0.0,0.0,-9.7182,-7.8556,6.0018,1.0953,19.045,25.1877,51.45,51.45,51.45,-9.7182,-9.7182,-9.7182
T,25.100000381469727,25.1,2026-09-22,False,24.979999542236328,25.610000610351562,-1.38,-10.67,BAJO,171994890240.0,8.28,9.77,1.56,18.34,4.16,24.79,16.94,5.9,7.58,1.29,0.97,6.0,YAHOO,-0.6449,-1.0202,-0.3947,0.055293,5.4196,-0.346,78.56,2026-10-21,29,,,yahoo,1.0,1.0,1.0,1.0,0.0,1.0,1.0,0.0,0.0,-6.0629,-1.9531,9.3206,11.5129,16.0053,27.6852,26.72,26.72,28.4181,-6.0629,-6.0629,-11.6759
AMX,22.290000915527344,22.29,2026-09-22,False,21.934999465942383,22.395000457763672,-0.71,8.22,BAJO,66667384832.0,12.88,10.69,3.07,21.58,6.36,21.49,9.37,229.86,2.36,1.58,0.71,9.0,YAHOO,-0.6449,-1.0202,-0.3947,0.055293,5.4196,-0.346,78.56,2026-10-13,21,,,yahoo,1.0,1.0,1.0,1.0,1.0,1.0,1.0,1.0,1.0,-3.9224,-3.087,-14.104,-12.7392,20.6652,18.2261,23.75,26.4335,27.4216,-6.1474,-15.6751,-18.7139
TCOM,40.849998474121094,40.85,2026-09-22,False,40.683998107910156,41.4900016784668,0.49,-49.06,BAJO,25723457536.0,7.89,9.94,1.09,15.65,2.59,-9.33,36.91,,-2.21,0.17,1.33,7.0,YAHOO,-0.6449,-1.0202,-0.3947,0.055293,5.4196,-0.346,78.56,2026-11-16,55,2026-09-15,7.0,finnhub,1.0,1.0,1.0,0.0,1.0,1.0,1.0,0.0,1.0,4.0764,0.8642,-5.0442,-10.2198,7.3135,28.0054,45.98,47.3,78.96,-11.157,-13.6364,-48.2649
TRIP,8.550000190734863,8.55,2026-09-22,False,8.5,8.989999771118164,-2.84,-55.83,BAJO,994888000.0,,7.95,1.5,-0.23,1.92,9.44,0.27,-10.2,9.85,1.35,1.56,7.0,YAHOO,-0.6449,-1.0202,-0.3947,0.055293,5.4196,-0.346,78.56,2026-11-05,44,,,yahoo,1.0,1.0,1.0,1.0,1.0,0.0,1.0,0.0,1.0,-5.1054,-5.9406,-36.6197,-30.9927,18.6276,65.1081,10.1,14.93,18.7,-15.3465,-42.7328,-54.2781
ABNB,161.80999755859375,161.81,2026-09-22,False,160.7100067138672,169.60000610351562,-3.01,27.44,BAJO,96889503744.0,36.86,26.15,12.24,34.54,6.14,21.01,20.45,3.31,32.16,0.32,1.41,5.0,YAHOO,-0.6449,-1.0202,-0.3947,0.055293,5.4196,-0.346,78.56,2026-11-05,44,,,yahoo,1.0,0.0,1.0,1.0,0.0,0.0,1.0,0.0,1.0,-3.8676,-7.2935,17.6201,16.5358,24.6629,47.7445,190.5,190.5,190.5,-15.0604,-15.0604,-15.0604
ORCL,149.1999969482422,149.2,2026-09-22,False,148.60000610351562,153.60000610351562,0.43,-55.56,BAJO,451141402624.0,23.42,13.57,7.3,41.19,6.36,35.63,26.36,-10.16,17.04,2.52,1.17,5.0,YAHOO,-0.6449,-1.0202,-0.3947,0.055293,5.4196,-0.346,78.56,2026-12-10,79,2026-09-10,12.0,yahoo,1.0,0.0,1.0,1.0,1.0,1.0,0.0,0.0,0.0,6.3057,-8.1959,24.2919,-9.3491,47.5002,55.0908,162.52,162.52,324.452,-8.1959,-8.1959,-54.0148
TMUS,162.41000366210938,162.41,2026-09-22,False,161.2100067138672,166.49000549316406,-1.73,-31.7,BAJO,174212595712.0,17.01,11.25,3.1,17.99,5.97,25.22,11.46,6.51,8.58,2.14,0.92,6.0,YAHOO,-0.6449,-1.0202,-0.3947,0.055293,5.4196,-0.346,78.56,2026-10-28,36,,,yahoo,1.0,0.0,1.0,1.0,0.0,1.0,1.0,0.0,1.0,-10.0072,-10.6115,-4.1501,-11.4984,43.0828,41.1467,188.02,194.5173,234.5354,-13.6209,-16.5062,-30.7525
ANET,205.19000244140625,205.19,2026-09-22,False,203.25999450683594,208.25999450683594,-0.11,39.57,BAJO,258790703104.0,64.93,39.56,17.49,31.48,14.12,45.39,38.37,1.5,52.97,,2.96,4.0,YAHOO,-0.6449,-1.0202,-0.3947,0.055293,5.4196,-0.346,78.56,2026-11-03,42,,,yahoo,1.0,0.0,1.0,1.0,0.0,0.0,1.0,0.0,0.0,6.4043,5.2472,16.1826,26.5043,23.3191,55.6559,205.42,210.5,210.5,-0.112,-2.5226,-2.5226
LRCX,310.9599914550781,310.96,2026-09-22,False,296.0799865722656,311.30999755859375,2.87,134.97,BAJO,389110759424.0,53.89,26.69,31.2,65.07,22.84,37.39,31.27,0.79,43.6,0.33,2.63,8.0,YAHOO,-0.6449,-1.0202,-0.3947,0.055293,5.4196,-0.346,78.56,2026-10-21,29,,,yahoo,1.0,1.0,1.0,0.0,1.0,1.0,1.0,1.0,1.0,14.8005,-2.9524,-2.7581,-16.2578,47.0961,77.0757,320.42,433.33,433.33,-2.9524,-28.2394,-28.2394
ADI,390.3699951171875,390.37,2026-09-22,False,380.5799865722656,390.5450134277344,1.92,58.25,BAJO,189159817216.0,46.31,23.88,5.64,12.23,6.41,39.5,29.79,2.19,27.8,0.27,1.25,8.0,YAHOO,-0.6449,-1.0202,-0.3947,0.055293,5.4196,-0.346,78.56,2026-11-24,63,,,yahoo,1.0,1.0,1.0,1.0,0.0,1.0,1.0,1.0,1.0,8.031,7.4807,2.9877,-3.8552,22.2688,33.0386,390.37,395.9636,444.1269,0.0,-1.4127,-12.1039
SNDK,1887.0400390625,1887.04,2026-09-22,False,1758.1400146484375,1909.47998046875,6.82,1731.95,BAJO,276298530816.0,25.55,7.13,17.87,91.64,43.91,78.47,56.46,2.79,20.14,0.01,2.29,7.0,YAHOO,-0.6449,-1.0202,-0.3947,0.055293,5.4196,-0.346,78.56,2026-11-06,45,,,yahoo,1.0,1.0,1.0,1.0,0.0,0.0,1.0,1.0,1.0,23.2638,8.576,17.1834,-3.899,81.961,125.4526,1887.04,2273.73,2335.0,0.0,-17.0069,-19.1846
NOW,137.0,137.0,2026-09-22,False,135.25,142.10000610351562,-0.49,-29.28,BAJO,141639090176.0,85.62,27.37,11.32,14.24,4.25,4.06,11.34,3.64,50.44,0.68,0.7,4.0,YAHOO,-0.6449,-1.0202,-0.3947,0.055293,5.4196,-0.346,78.56,2026-10-28,36,,,yahoo,1.0,0.0,1.0,1.0,1.0,0.0,0.0,0.0,0.0,-3.4531,2.0788,49.0102,42.7976,25.1612,58.305,147.99,147.99,189.556,-7.4262,-7.4262,-27.7258
NBIS,236.1199951171875,236.12,2026-09-22,False,231.7550048828125,246.61000061035156,1.43,119.95,BAJO,64190455808.0,,-71.82,6.26,0.6,-1.92,-0.22,3.13,-14.98,255.68,0.99,4.03,6.0,YAHOO,-0.6449,-1.0202,-0.3947,0.055293,5.4196,-0.346,78.56,2026-11-10,49,,,yahoo,1.0,1.0,1.0,1.0,0.0,0.0,0.0,1.0,1.0,13.8641,-3.1819,6.8561,-14.2162,20.9458,140.6625,243.88,277.68,286.69,-3.1819,-14.9669,-17.6393
OXY,56.310001373291016,56.31,2026-09-22,False,56.18000030517578,57.36000061035156,-1.64,23.96,BAJO,56289583104.0,16.61,14.01,1.68,10.63,4.68,45.44,30.32,6.73,5.59,0.35,1.41,4.0,YAHOO,-0.6449,-1.0202,-0.3947,0.055293,5.4196,-0.346,78.56,2026-11-09,48,,,yahoo,1.0,0.0,1.0,1.0,1.0,0.0,0.0,0.0,0.0,-11.3508,-6.7298,-1.791,8.3063,17.8028,34.8502,63.52,63.52,65.6343,-11.3508,-11.3508,-14.2064
XOM,158.7100067138672,158.71,2026-09-22,False,155.85000610351562,159.97000122070312,0.26,44.24,BAJO,652601589760.0,20.43,14.68,2.52,12.58,5.52,15.86,9.07,3.17,10.15,0.16,1.14,5.0,YAHOO,-0.6449,-1.0202,-0.3947,0.055293,5.4196,-0.346,78.56,2026-10-30,38,,,yahoo,1.0,0.0,1.0,1.0,1.0,0.0,1.0,0.0,0.0,-6.2662,-1.2137,1.8151,14.3188,26.5428,26.308,169.32,169.32,169.32,-6.2662,-6.2662,-6.2662
CVX,202.41000366210938,202.41,2026-09-22,False,200.77999877929688,204.44000244140625,-0.62,33.27,BAJO,397048152064.0,19.48,14.92,2.09,12.23,5.86,21.87,9.83,5.52,8.56,0.19,1.25,5.0,YAHOO,-0.6449,-1.0202,-0.3947,0.055293,5.4196,-0.346,78.56,2026-10-30,38,,,yahoo,1.0,0.0,1.0,1.0,0.0,1.0,0.0,1.0,0.0,-7.0533,-3.5224,5.0182,16.0225,19.0853,24.9766,217.77,217.77,217.77,-7.0533,-7.0533,-7.0533
PSX,256.7799987792969,256.78,2026-09-22,False,254.57000732421875,264.5899963378906,-1.9,102.5,BAJO,102952091648.0,14.66,10.31,3.25,23.45,6.04,8.53,4.66,4.42,12.3,0.63,1.32,7.0,YAHOO,-0.6449,-1.0202,-0.3947,0.055293,5.4196,-0.346,78.56,2026-10-28,36,,,yahoo,1.0,1.0,1.0,1.0,0.0,1.0,1.0,1.0,0.0,-3.0763,-0.9107,24.7188,51.5457,52.0164,32.389,274.21,274.21,274.21,-6.3564,-6.3564,-6.3564
YPF,53.349998474121094,53.35,2026-09-22,False,52.709999084472656,54.209999084472656,0.32,96.63,BAJO,20917204992.0,28.23,9.73,1.99,7.26,8.34,27.51,4.0,5947.83,1.33,0.85,0.93,4.0,YAHOO,-0.6449,-1.0202,-0.3947,0.055293,5.4196,-0.346,78.56,2026-10-29,37,,,yahoo,0.0,0.0,1.0,1.0,0.0,1.0,1.0,0.0,0.0,-7.3946,0.4897,2.7542,11.0533,29.1056,35.451,57.61,57.61,57.61,-7.3946,-7.3946,-7.3946
VIST,69.41999816894531,69.42,2026-09-22,False,68.6500015258789,70.55000305175781,-1.29,88.59,BAJO,7679060480.0,9.13,7.03,2.32,29.79,10.0,44.24,23.56,1.6,5.2,1.07,0.69,3.0,YAHOO,-0.6449,-1.0202,-0.3947,0.055293,5.4196,-0.346,78.56,2026-10-28,36,,,yahoo,1.0,0.0,1.0,1.0,0.0,0.0,0.0,0.0,0.0,-11.4089,-8.4893,0.5213,4.078,10.7909,45.2412,78.95,78.95,79.25,-12.0709,-12.0709,-12.4038
VST,140.41000366210938,140.41,2026-09-22,False,140.0,142.63999938964844,-0.26,-36.74,BAJO,47126540288.0,23.64,13.55,15.69,42.96,5.89,13.77,11.55,0.08,10.5,3.73,0.97,5.0,YAHOO,-0.6449,-1.0202,-0.3947,0.055293,5.4196,-0.346,78.56,2026-11-05,44,,,yahoo,1.0,0.0,1.0,1.0,1.0,0.0,1.0,0.0,0.0,-0.6289,-7.303,-16.7712,-13.3937,27.8991,41.4132,151.4719,168.7037,216.6614,-7.303,-16.7712,-35.1938
BP,43.099998474121094,43.1,2026-09-22,False,42.470001220703125,43.595001220703125,-0.14,30.31,BAJO,110999928832.0,20.62,8.83,7.63,8.87,5.04,13.15,2.55,11.6,12.76,0.95,1.27,7.0,YAHOO,-0.6449,-1.0202,-0.3947,0.055293,5.4196,-0.346,78.56,2026-10-30,38,,,yahoo,1.0,0.0,1.0,1.0,0.0,1.0,1.0,1.0,1.0,-8.2198,-3.9661,-0.6836,10.9324,24.4689,31.8323,46.96,46.96,46.96,-8.2198,-8.2198,-8.2198
E,53.2599983215332,53.26,2026-09-22,False,52.79999923706055,53.650001525878906,-1.44,54.0,BAJO,76475482112.0,12.08,8.56,1.46,10.9,3.07,10.66,5.87,-11.75,7.98,0.65,1.48,6.0,YAHOO,-0.6449,-1.0202,-0.3947,0.055293,5.4196,-0.346,78.56,2026-10-23,31,,,yahoo,1.0,1.0,1.0,1.0,0.0,1.0,1.0,0.0,0.0,-6.0007,-3.0579,2.4428,9.3185,12.9039,32.0716,56.66,57.35,57.35,-6.0007,-7.1316,-7.1316
SHEL,93.93000030517578,93.93,2026-09-22,False,92.47000122070312,94.18000030517578,0.71,35.57,BAJO,268244172800.0,10.39,9.19,1.45,14.34,6.4,16.69,8.76,8.0,5.25,0.4,1.44,5.0,YAHOO,-0.6449,-1.0202,-0.3947,0.055293,5.4196,-0.346,78.56,2026-10-29,37,,,yahoo,1.0,1.0,1.0,1.0,0.0,0.0,1.0,0.0,0.0,-5.0733,-1.4582,7.7353,19.1714,16.5314,23.0058,98.95,98.95,98.95,-5.0733,-5.0733,-5.0733
HAL,32.849998474121094,32.85,2026-09-22,False,32.70500183105469,33.43199920654297,-1.62,46.68,BAJO,27368331264.0,17.2,11.32,2.49,14.92,7.26,12.79,7.16,7.5,8.22,0.74,2.02,4.0,YAHOO,-0.6449,-1.0202,-0.3947,0.055293,5.4196,-0.346,78.56,2026-10-20,28,,,yahoo,1.0,0.0,1.0,1.0,0.0,0.0,1.0,0.0,0.0,-7.9058,-10.7337,0.8941,-6.0027,5.9382,33.2548,37.63,37.63,42.6002,-12.7026,-12.7026,-22.8877
SLB,52.119998931884766,52.12,2026-09-22,False,50.900001525878906,52.904998779296875,0.7,55.86,BAJO,77353541632.0,25.42,16.11,2.97,12.91,6.17,12.71,8.53,3.82,11.74,0.47,1.44,4.0,YAHOO,-0.6449,-1.0202,-0.3947,0.055293,5.4196,-0.346,78.56,2026-10-23,31,,,yahoo,1.0,0.0,1.0,1.0,1.0,0.0,0.0,0.0,0.0,-3.8376,-8.7215,10.9497,9.6263,21.6904,40.0141,59.7898,59.7898,59.7898,-12.8279,-12.8279,-12.8279
COP,125.2699966430664,125.27,2026-09-22,False,124.49259948730469,127.26000213623047,-1.77,38.89,BAJO,150491545600.0,16.57,13.02,2.3,14.18,7.53,31.51,14.4,5.11,6.3,0.36,1.54,7.0,YAHOO,-0.6449,-1.0202,-0.3947,0.055293,5.4196,-0.346,78.56,2026-11-05,44,,,yahoo,1.0,0.0,1.0,1.0,1.0,1.0,1.0,0.0,1.0,-11.2944,-7.2349,4.9131,14.6727,24.7996,31.6898,141.22,141.22,141.22,-11.2944,-11.2944,-11.2944
GPRK,10.899999618530273,10.9,2026-09-22,False,10.529999732971191,10.989999771118164,1.11,79.82,BAJO,707363648.0,7.62,6.12,1.61,28.57,7.81,27.52,16.0,13.04,3.44,1.81,1.17,3.0,YAHOO,-0.6449,-1.0202,-0.3947,0.055293,5.4196,-0.346,78.56,2026-11-04,43,,,yahoo,1.0,0.0,1.0,0.0,0.0,1.0,0.0,0.0,0.0,-7.5488,-8.7866,6.4992,12.9971,22.875,43.7884,11.97,11.97,11.97,-8.939,-8.939,-8.939
CEG,263.4599914550781,263.46,2026-09-22,False,259.6099853515625,266.2749938964844,0.52,-25.23,BAJO,93345824768.0,25.78,19.88,2.93,15.06,3.89,8.66,11.08,-7.1,14.74,0.76,1.46,6.0,YAHOO,-0.6449,-1.0202,-0.3947,0.055293,5.4196,-0.346,78.56,2026-11-09,48,,,yahoo,1.0,0.0,1.0,1.0,1.0,0.0,1.0,0.0,1.0,1.3736,-11.901,-4.258,-2.3662,40.0845,38.7651,299.05,299.05,401.7044,-11.901,-11.901,-34.4145
FSLR,200.77999877929688,200.78,2026-09-22,False,198.52999877929688,202.4550018310547,0.47,-9.95,BAJO,21577785344.0,12.37,8.64,2.09,18.51,8.62,42.64,32.46,7.41,8.36,0.02,2.52,7.0,YAHOO,-0.6449,-1.0202,-0.3947,0.055293,5.4196,-0.346,78.56,2026-10-29,37,,,yahoo,1.0,1.0,1.0,1.0,1.0,1.0,0.0,0.0,1.0,-0.771,-5.8476,-2.4961,-19.4431,51.9187,46.9457,213.25,250.05,318.25,-5.8476,-19.7041,-36.9112
CCJ,94.58999633789062,94.59,2026-09-22,False,92.25,95.36000061035156,1.46,8.26,BAJO,41197064192.0,163.09,50.88,8.08,5.11,2.98,9.11,10.21,0.12,50.99,0.17,3.06,8.0,YAHOO,-0.6449,-1.0202,-0.3947,0.055293,5.4196,-0.346,78.56,2026-10-30,38,,,yahoo,1.0,1.0,1.0,1.0,1.0,1.0,0.0,1.0,1.0,3.7057,-7.2374,5.8883,-13.1325,24.4764,42.1366,107.36,107.36,134.09,-11.8946,-11.8946,-29.4578
PBR,20.760000228881836,20.76,2026-09-22,False,20.240699768066406,20.81999969482422,0.63,68.73,BAJO,133785042944.0,5.24,5.21,1.43,30.27,10.07,44.68,24.32,70.44,1.84,0.76,0.85,7.0,YAHOO,-0.6449,-1.0202,-0.3947,0.055293,5.4196,-0.346,78.56,2026-11-10,49,,,yahoo,1.0,1.0,1.0,1.0,1.0,1.0,1.0,0.0,0.0,-4.6394,-0.3361,12.4679,25.478,10.867,32.9163,21.77,21.77,21.77,-4.6394,-4.6394,-4.6394
NEE,79.26000213623047,79.26,2026-09-22,False,79.20999908447266,79.80500030517578,-0.46,11.15,BAJO,165334646784.0,17.81,18.03,2.89,11.68,2.44,31.52,32.4,-10.75,19.49,1.62,0.53,5.0,YAHOO,-0.6449,-1.0202,-0.3947,0.055293,5.4196,-0.346,78.56,2026-10-27,35,,,yahoo,1.0,0.0,1.0,1.0,0.0,1.0,0.0,1.0,0.0,-2.2326,-5.4515,-11.0636,-7.6061,16.1617,14.1621,84.06,89.1198,96.443,-5.7102,-11.0636,-17.8168
PAAS,50.849998474121094,50.85,2026-09-22,False,48.560001373291016,51.23500061035156,4.31,35.8,BAJO,21083324416.0,15.04,11.0,2.88,22.41,11.77,37.81,32.03,6.25,9.17,0.11,2.94,7.0,YAHOO,-0.6449,-1.0202,-0.3947,0.055293,5.4196,-0.346,78.56,2026-11-16,55,,,yahoo,1.0,1.0,1.0,1.0,1.0,1.0,0.0,1.0,0.0,5.0186,-0.2941,15.4716,10.4001,51.9339,51.2439,54.89,54.89,68.0597,-7.3602,-7.3602,-25.2862
HMY,19.81999969482422,19.82,2026-09-22,False,19.06999969482422,19.94499969482422,4.32,13.17,BAJO,12409544704.0,6.95,6.05,2.67,48.05,25.06,47.17,29.57,79.38,0.29,0.13,0.84,,YAHOO,-0.6449,-1.0202,-0.3947,0.055293,5.4196,-0.346,78.56,,999,2026-08-27,26.0,yahoo,,,,,,,,,,1.433,-2.0267,27.9535,28.6178,66.6444,59.6558,22.95,23.54,25.5485,-13.6383,-15.8029,-22.4221
B,43.880001068115234,43.88,2026-09-22,False,42.66999816894531,44.18000030517578,2.79,25.14,BAJO,72221409280.0,11.34,10.01,2.64,27.01,13.44,51.34,31.6,7.05,6.09,0.13,3.01,9.0,YAHOO,-0.6449,-1.0202,-0.3947,0.055293,5.4196,-0.346,78.56,2026-11-09,48,,,yahoo,1.0,1.0,1.0,1.0,1.0,1.0,1.0,1.0,1.0,2.7635,-0.4989,18.5384,15.3716,35.854,44.2492,48.6827,48.6827,52.117,-9.8652,-9.8652,-15.8048
VALE,14.1899995803833,14.19,2026-09-22,False,13.979999542236328,14.25,0.28,39.95,BAJO,60389269504.0,28.38,7.3,1.62,4.11,7.92,21.95,4.75,22.04,1.88,0.55,1.19,4.0,YAHOO,-0.6449,-1.0202,-0.3947,0.055293,5.4196,-0.346,78.56,2026-10-29,37,,,yahoo,1.0,0.0,1.0,1.0,0.0,1.0,0.0,0.0,0.0,-1.935,-8.8046,-1.5856,-4.6711,27.8318,30.3069,15.73,15.73,17.3257,-9.7902,-9.7902,-18.0985
LAC,3.0,3.0,2026-09-22,False,2.9000000953674316,3.009999990463257,1.35,-10.64,BAJO,1089128832.0,,-20.58,0.77,-3.7,-1.66,0.0,0.0,-123.85,-30.09,0.6,5.47,1.0,YAHOO,-0.6449,-1.0202,-0.3947,0.055293,5.4196,-0.346,78.56,2026-11-13,52,,,yahoo,0.0,0.0,0.0,1.0,0.0,0.0,0.0,0.0,0.0,6.7616,0.0,3.0928,-27.7108,36.3219,54.3825,3.25,3.85,10.05,-7.6923,-22.0779,-70.1493
RIO,97.48999786376953,97.49,2026-09-22,False,96.4000015258789,97.93000030517578,0.46,59.36,BAJO,158553784320.0,13.21,11.27,2.42,19.31,8.11,28.05,19.58,2.27,7.74,0.32,1.42,4.0,YAHOO,-0.6449,-1.0202,-0.3947,0.055293,5.4196,-0.346,78.56,,999,2026-07-28,56.0,yahoo,1.0,0.0,1.0,1.0,0.0,0.0,0.0,1.0,0.0,0.2365,-6.1061,8.8742,4.2381,21.5194,28.151,106.81,106.81,109.6326,-8.7258,-8.7258,-11.0757
GFI,42.959999084472656,42.96,2026-09-22,False,41.68000030517578,43.185001373291016,2.31,5.34,BAJO,38272913408.0,8.75,8.44,8.53,58.68,28.52,55.0,38.65,10.91,10.59,0.29,1.87,9.0,YAHOO,-0.6449,-1.0202,-0.3947,0.055293,5.4196,-0.346,78.56,,999,2026-08-25,28.0,yahoo,1.0,1.0,1.0,1.0,1.0,1.0,1.0,1.0,1.0,0.1165,-6.8971,36.1068,30.7208,40.7856,51.5157,47.7852,47.7852,58.4424,-10.0977,-10.0977,-26.4917
GGB,5.019999980926514,5.02,2026-09-22,False,4.914999961853027,5.050000190734863,0.4,64.22,BAJO,9848247296.0,22.82,8.53,0.94,4.18,5.03,12.75,3.22,26.89,1.97,0.28,2.87,5.0,YAHOO,-0.6449,-1.0202,-0.3947,0.055293,5.4196,-0.346,78.56,2026-10-26,34,,,yahoo,1.0,0.0,1.0,1.0,0.0,0.0,1.0,0.0,1.0,-0.7905,-0.7905,6.3463,21.6479,36.9127,36.8708,5.15,5.15,5.15,-2.5243,-2.5243,-2.5243
FCX,74.3499984741211,74.35,2026-09-22,False,72.13999938964844,74.9000015258789,3.03,64.86,BAJO,106767900672.0,36.45,17.95,5.31,14.75,7.58,33.4,11.39,2.02,12.77,0.32,2.07,6.0,YAHOO,-0.6449,-1.0202,-0.3947,0.055293,5.4196,-0.346,78.56,2026-10-22,30,,,yahoo,1.0,1.0,1.0,1.0,1.0,0.0,1.0,0.0,0.0,7.1634,-2.9627,17.0866,15.7305,16.7862,47.3616,79.91,79.91,79.91,-6.9578,-6.9578,-6.9578
HL,19.030000686645508,19.03,2026-09-22,False,18.260000228881836,19.290000915527344,3.71,68.06,BAJO,12783754240.0,22.93,18.21,4.77,22.17,15.3,44.27,19.15,2.68,12.24,0.01,5.2,8.0,YAHOO,-0.6449,-1.0202,-0.3947,0.055293,5.4196,-0.346,78.56,2026-11-05,44,,,yahoo,1.0,1.0,1.0,1.0,1.0,1.0,0.0,1.0,1.0,1.8737,-6.9892,24.2405,26.3015,60.309,65.2222,21.43,21.43,31.7903,-11.1993,-11.1993,-40.139
NEM,127.26000213623047,127.26,2026-09-22,False,123.11000061035156,128.08999633789062,3.42,51.88,BAJO,134092881920.0,16.07,12.43,3.82,25.91,15.75,51.57,33.36,6.57,7.41,0.16,2.55,9.0,YAHOO,-0.6449,-1.0202,-0.3947,0.055293,5.4196,-0.346,78.56,2026-10-22,30,,,yahoo,1.0,1.0,1.0,1.0,1.0,1.0,1.0,1.0,1.0,2.472,0.1338,34.6336,30.3403,31.763,43.9301,134.8593,134.8593,134.8593,-5.635,-5.635,-5.635
GOLD,44.650001525878906,44.65,2026-09-22,False,43.560001373291016,45.30500030517578,1.94,70.23,BAJO,1301759872.0,14.78,11.97,1.48,10.8,2.82,0.45,0.32,31.42,9.33,0.96,1.15,6.0,YAHOO,-0.6449,-1.0202,-0.3947,0.055293,5.4196,-0.346,78.56,2026-11-05,44,2026-09-02,20.0,yahoo,1.0,1.0,1.0,1.0,1.0,0.0,0.0,0.0,1.0,-4.1845,-3.5185,15.8608,8.0693,41.8424,55.4028,48.0916,48.0916,62.0025,-7.1563,-7.1563,-27.9868
MUX,20.09000015258789,20.09,2026-09-22,False,18.700000762939453,20.26799964904785,6.41,32.47,BAJO,1200178432.0,15.94,5.04,1.7,13.54,-0.43,-5.92,32.46,-1.55,41.81,0.18,2.04,5.0,YAHOO,-0.6449,-1.0202,-0.3947,0.055293,5.4196,-0.346,78.56,2026-11-04,43,,,yahoo,1.0,1.0,1.0,0.0,0.0,1.0,0.0,1.0,0.0,8.1852,-0.888,14.2126,10.872,46.0259,55.2362,21.66,21.66,29.05,-7.2484,-7.2484,-30.8434
NXE,9.970000267028809,9.97,2026-09-22,False,9.620100021362305,10.0649995803833,1.73,10.1,BAJO,6684945920.0,,-62.46,4.99,-17.67,-3.39,0.0,0.0,-4.46,-57.33,0.34,1.46,2.0,YAHOO,-0.6449,-1.0202,-0.3947,0.055293,5.4196,-0.346,78.56,2026-11-03,42,,,yahoo,0.0,0.0,0.0,1.0,0.0,1.0,0.0,0.0,0.0,5.3911,-6.7353,6.4034,-3.7645,39.023,49.0865,11.21,11.21,13.92,-11.0616,-11.0616,-28.3764
MP,51.040000915527344,51.04,2026-09-22,False,48.672298431396484,51.33000183105469,2.08,-31.84,BAJO,9090305024.0,,58.4,4.64,-3.58,-1.52,-14.72,-14.56,-4.76,217.52,0.41,9.51,4.0,YAHOO,-0.6449,-1.0202,-0.3947,0.055293,5.4196,-0.346,78.56,2026-11-05,44,,,yahoo,0.0,1.0,0.0,0.0,1.0,1.0,0.0,1.0,0.0,3.8031,-7.8201,14.3113,-13.3447,66.2231,65.1936,60.17,60.17,98.65,-15.1737,-15.1737,-48.2615
JPM,340.0,340.0,2026-09-22,False,337.29998779296875,352.1025085449219,-3.42,9.35,BAJO,903783317504.0,14.57,13.61,2.56,17.79,1.36,50.39,34.92,,,,,3.0,YAHOO,-0.6449,-1.0202,-0.3947,0.055293,5.4196,-0.346,78.56,2026-10-13,21,,,yahoo,1.0,0.0,0.0,0.0,1.0,0.0,1.0,0.0,0.0,-3.5434,-3.8217,-2.8294,2.2121,29.8147,19.1631,362.06,365.18,365.18,-6.0929,-6.8952,-6.8952
AXP,305.07000732421875,305.07,2026-09-22,False,305.07000732421875,316.739990234375,-2.72,-11.12,BAJO,206016774144.0,18.5,15.13,6.01,34.38,3.79,20.32,16.14,,,1.72,1.55,4.0,YAHOO,-0.6449,-1.0202,-0.3947,0.055293,5.4196,-0.346,78.56,2026-10-23,31,,,yahoo,1.0,0.0,1.0,1.0,0.0,0.0,1.0,0.0,0.0,-5.9674,-6.4489,-10.4947,-9.4366,23.5666,25.1002,336.15,361.57,381.7816,-9.2459,-15.6263,-20.093
MA,555.8900146484375,555.89,2026-09-22,False,553.114990234375,571.3499755859375,-2.07,-5.85,BAJO,486965182464.0,30.61,24.14,86.91,241.2,24.06,61.11,46.34,3.48,22.98,4.4,1.06,9.0,YAHOO,-0.6449,-1.0202,-0.3947,0.055293,5.4196,-0.346,78.56,2026-10-29,37,,,yahoo,1.0,1.0,1.0,1.0,1.0,1.0,1.0,1.0,1.0,-3.0317,-2.6275,4.8276,14.0865,17.1909,21.1851,599.37,599.86,599.86,-7.2543,-7.33,-7.33
V,362.0400085449219,362.04,2026-09-22,False,359.79998779296875,372.0,-2.14,4.43,BAJO,679677722624.0,30.79,24.13,19.19,61.19,19.11,66.13,50.78,3.0,22.21,0.68,0.98,6.0,YAHOO,-0.6449,-1.0202,-0.3947,0.055293,5.4196,-0.346,78.56,2026-10-27,35,,,yahoo,1.0,0.0,1.0,1.0,1.0,0.0,1.0,0.0,1.0,-3.6154,-1.7904,3.1606,10.4215,17.3983,20.3351,384.14,384.14,384.14,-5.7531,-5.7531,-5.7531
PYPL,52.88999938964844,52.89,2026-09-22,False,52.140098571777344,55.119998931884766,0.51,-22.53,BAJO,45245325312.0,10.0,9.14,2.3,24.5,4.62,16.97,14.36,9.78,7.43,0.72,1.29,9.0,YAHOO,-0.6449,-1.0202,-0.3947,0.055293,5.4196,-0.346,78.56,2026-10-27,35,,,yahoo,1.0,1.0,1.0,1.0,1.0,1.0,1.0,1.0,1.0,-1.7097,-0.5453,-5.3203,27.1478,11.5424,52.4292,62.1166,62.1465,75.2904,-14.8536,-14.8946,-29.752
PAGS,9.399999618530273,9.4,2026-09-22,False,9.100000381469727,9.550000190734863,-0.74,-4.54,BAJO,2591072512.0,6.44,4.95,0.88,14.54,6.36,36.2,10.86,-71.64,0.32,0.12,1.55,7.0,YAHOO,-0.6449,-1.0202,-0.3947,0.055293,5.4196,-0.346,78.56,2026-11-10,49,,,yahoo,1.0,0.0,1.0,1.0,1.0,0.0,1.0,1.0,1.0,0.6424,-0.6995,2.3446,10.5228,37.0385,33.9028,9.8352,9.8352,11.3776,-4.4245,-4.4245,-17.3814
NU,14.15999984741211,14.16,2026-09-22,False,13.75,14.1899995803833,0.71,-14.68,BAJO,68402552832.0,19.4,12.57,5.16,31.63,4.96,50.15,42.73,,,,,4.0,YAHOO,-0.6449,-1.0202,-0.3947,0.055293,5.4196,-0.346,78.56,2026-11-12,51,,,yahoo,1.0,0.0,1.0,1.0,1.0,0.0,0.0,0.0,0.0,-0.2114,-7.6321,-0.2114,12.4702,28.724,39.9163,15.68,15.68,18.76,-9.6939,-9.6939,-24.5203
XP,21.209999084472656,21.21,2026-09-22,False,20.28499984741211,21.309999465942383,2.07,9.85,BAJO,10762864640.0,10.77,8.91,2.34,22.56,1.36,31.18,28.54,,,6.42,1.49,7.0,YAHOO,-0.6449,-1.0202,-0.3947,0.055293,5.4196,-0.346,78.56,2026-11-16,55,,,yahoo,1.0,1.0,1.0,1.0,1.0,0.0,1.0,1.0,0.0,8.6021,6.103,26.025,34.9237,31.2865,40.923,21.21,21.21,22.6565,0.0,0.0,-6.3846
AIG,75.18000030517578,75.18,2026-09-22,False,73.95500183105469,75.69000244140625,0.86,-0.89,BAJO,39311110144.0,13.72,8.56,0.97,7.22,1.76,19.41,11.09,18.74,4.62,0.22,0.61,5.0,YAHOO,-0.6449,-1.0202,-0.3947,0.055293,5.4196,-0.346,78.56,2026-11-04,43,,,yahoo,1.0,1.0,1.0,1.0,0.0,0.0,1.0,0.0,0.0,-0.3975,1.3364,-3.1755,-1.1133,12.8778,20.3739,76.4635,80.5266,84.9512,-1.6786,-6.6395,-11.5022
BRK-B,503.489990234375,503.49,2026-09-22,False,501.5,505.55999755859375,0.29,0.43,BAJO,1077825961984.0,12.66,22.69,0.0,12.12,6.01,32.56,22.3,6.68,-1.79,0.17,2.89,4.0,YAHOO,-0.6449,-1.0202,-0.3947,0.055293,5.4196,-0.346,78.56,2026-11-07,46,,,yahoo,1.0,0.0,1.0,0.0,1.0,0.0,1.0,0.0,0.0,-2.5679,-0.4626,2.5751,2.1672,18.5288,14.6632,519.8,529.42,529.42,-3.1377,-4.8978,-4.8978
BBD,3.569999933242798,3.57,2026-09-22,False,3.4800000190734863,3.5799999237060547,1.42,10.77,BAJO,37737443328.0,8.3,6.56,1.06,13.76,1.07,34.52,26.07,,,,,4.0,YAHOO,-0.6449,-1.0202,-0.3947,0.055293,5.4196,-0.346,78.56,2026-11-04,43,,,yahoo,1.0,1.0,0.0,0.0,1.0,0.0,1.0,0.0,0.0,2.0,0.5634,-2.2337,6.4815,29.3528,30.1059,3.6,3.7214,4.1061,-0.8333,-4.0685,-13.0571
AEG,8.949999809265137,8.95,2026-09-22,False,8.904999732971191,9.085000038146973,-1.54,18.1,BAJO,13245916160.0,11.93,9.56,1.29,11.07,0.1,5.82,8.62,-32.57,,0.43,1.16,6.0,YAHOO,-0.6449,-1.0202,-0.3947,0.055293,5.4196,-0.346,78.56,,999,2026-08-20,33.0,yahoo,1.0,1.0,1.0,0.0,1.0,0.0,1.0,0.0,1.0,-1.2141,-1.864,1.822,7.5383,18.6043,18.2682,9.2,9.2766,9.2766,-2.7174,-3.5202,-3.5202
SAN,14.489999771118164,14.49,2026-09-22,False,14.430000305175781,14.710000038146973,-0.89,43.11,BAJO,210231148544.0,14.35,10.12,1.64,13.11,0.78,43.44,33.46,,,,,4.0,YAHOO,-0.6449,-1.0202,-0.3947,0.055293,5.4196,-0.346,78.56,2026-10-28,36,,,yahoo,1.0,1.0,0.0,0.0,1.0,0.0,1.0,0.0,0.0,-1.0921,-2.4899,9.6896,6.5441,46.4552,30.0791,15.05,15.05,15.05,-3.7209,-3.7209,-3.7209
GGAL,41.25,41.25,2026-09-22,False,40.275001525878906,41.917999267578125,-1.22,32.92,BAJO,6989954560.0,121.32,5.89,10.88,1.09,0.2,17.32,1.5,,,,,1.0,YAHOO,-0.6449,-1.0202,-0.3947,0.055293,5.4196,-0.346,78.56,2026-11-24,63,2026-08-25,28.0,yahoo,1.0,0.0,0.0,0.0,0.0,0.0,0.0,0.0,0.0,-2.112,-6.505,-17.5702,-19.4965,20.0702,43.6063,45.01,53.6149,58.6267,-8.3537,-23.0625,-29.6396
MELI,1826.5799560546875,1826.58,2026-09-22,False,1790.219970703125,1842.489990234375,0.34,-27.32,BAJO,92601761792.0,49.61,32.36,11.82,27.5,4.31,6.72,5.3,0.38,25.63,1.69,1.12,5.0,YAHOO,-0.6449,-1.0202,-0.3947,0.055293,5.4196,-0.346,78.56,2026-11-04,43,,,yahoo,1.0,0.0,1.0,1.0,1.0,0.0,1.0,0.0,0.0,-0.129,-5.1743,1.55,15.3391,26.4667,34.4666,2006.58,2006.58,2510.97,-8.9705,-8.9705,-27.256
WFC,83.1500015258789,83.15,2026-09-22,False,82.7938003540039,86.62000274658203,-3.92,-1.78,BAJO,251445542912.0,12.09,10.52,1.56,12.57,1.08,37.39,27.23,,,,,3.0,YAHOO,-0.6449,-1.0202,-0.3947,0.055293,5.4196,-0.346,78.56,2026-10-13,21,,,yahoo,1.0,0.0,0.0,0.0,1.0,0.0,1.0,0.0,0.0,-7.3228,-5.4684,-2.9732,-0.5974,30.8641,25.1073,90.29,90.29,94.8289,-7.9079,-7.9079,-12.3157
BNY,150.1699981689453,150.17,2026-09-22,False,148.8800048828125,153.13999938964844,-2.42,38.15,BAJO,101890965504.0,17.52,14.65,2.55,14.12,1.26,40.05,29.41,,,,,6.0,YAHOO,-0.6449,-1.0202,-0.3947,0.055293,5.4196,-0.346,78.56,2026-10-15,23,,,yahoo,1.0,1.0,1.0,1.0,1.0,0.0,1.0,0.0,0.0,-2.9094,-7.7863,-5.8349,2.3611,20.5746,22.5287,164.84,164.84,164.84,-8.8995,-8.8995,-8.8995
BCS,24.969999313354492,24.97,2026-09-22,False,24.850000381469727,25.415000915527344,-1.3,20.54,BAJO,83518136320.0,9.64,7.48,0.95,10.09,0.47,42.95,27.87,,,,,6.0,YAHOO,-0.6449,-1.0202,-0.3947,0.055293,5.4196,-0.346,78.56,2026-10-22,30,,,yahoo,1.0,1.0,1.0,1.0,0.0,0.0,1.0,0.0,1.0,-1.8475,-6.8284,-8.7113,-6.549,35.0497,30.3948,27.23,28.2428,28.2428,-8.2997,-11.588,-11.588
HSBC,101.58999633789062,101.59,2026-09-22,False,100.91999816894531,102.73999786376953,-1.57,50.31,BAJO,347657928704.0,14.51,10.73,8.06,13.1,0.78,58.77,37.8,,,,,5.0,YAHOO,-0.6449,-1.0202,-0.3947,0.055293,5.4196,-0.346,78.56,2026-10-27,35,,,yahoo,1.0,0.0,1.0,1.0,1.0,0.0,1.0,0.0,0.0,-0.6163,-4.3949,0.3248,6.79,27.5621,21.1597,107.11,107.3417,107.3417,-5.1536,-5.3583,-5.3583
BHP,87.83000183105469,87.83,2026-09-22,False,86.33999633789062,88.30999755859375,2.02,70.63,BAJO,223217909760.0,22.7,18.75,4.38,24.0,13.43,43.34,16.73,4.3,7.82,0.5,1.89,7.0,YAHOO,-0.6449,-1.0202,-0.3947,0.055293,5.4196,-0.346,78.56,,999,2026-08-17,36.0,yahoo,1.0,0.0,1.0,1.0,1.0,1.0,0.0,1.0,1.0,3.6098,-4.5222,7.2884,9.1145,25.5551,33.8402,96.5823,96.5823,96.5823,-9.062,-9.062,-9.062
LYG,5.78000020980835,5.78,2026-09-22,False,5.744999885559082,5.889999866485596,-1.87,32.72,BAJO,83479216128.0,13.44,8.99,1.51,11.34,0.56,44.96,26.43,,,,,6.0,YAHOO,-0.6449,-1.0202,-0.3947,0.055293,5.4196,-0.346,78.56,2026-10-29,37,,,yahoo,1.0,1.0,1.0,1.0,0.0,0.0,1.0,0.0,1.0,-1.7007,-3.6667,-2.1977,2.2401,29.7365,26.7995,6.1,6.21,6.21,-5.2459,-6.9243,-6.9243
ING,36.40999984741211,36.41,2026-09-22,False,36.165000915527344,36.95000076293945,-1.35,47.99,BAJO,103732953088.0,13.74,11.37,1.8,17.12,0.8,49.1,34.49,,,,,2.0,YAHOO,-0.6449,-1.0202,-0.3947,0.055293,5.4196,-0.346,78.56,2026-10-29,37,,,yahoo,1.0,0.0,0.0,0.0,0.0,0.0,1.0,0.0,0.0,-1.006,-2.0183,13.6974,16.5354,26.1584,25.649,37.27,37.27,37.27,-2.3075,-2.3075,-2.3075
IBN,28.040000915527344,28.04,2026-09-22,False,27.860000610351562,28.308700561523438,-0.99,-12.5,BAJO,100632305664.0,17.42,15.07,2.54,16.07,2.11,38.51,27.53,,,,,4.0,YAHOO,-0.6449,-1.0202,-0.3947,0.055293,5.4196,-0.346,78.56,2026-10-17,25,,,yahoo,1.0,0.0,1.0,1.0,1.0,0.0,0.0,0.0,0.0,-1.2676,-5.0457,-3.3011,-0.1597,10.5615,19.5311,30.58,30.58,32.6665,-8.3061,-8.3061,-14.1628
MUFG,23.09000015258789,23.09,2026-09-22,False,23.010000228881836,23.3799991607666,-1.41,42.31,BAJO,259895607296.0,15.29,22.42,1.8,9.46,0.51,45.6,27.45,,,,,1.0,YAHOO,-0.6449,-1.0202,-0.3947,0.055293,5.4196,-0.346,78.56,2026-11-12,51,,,yahoo,1.0,0.0,0.0,0.0,0.0,0.0,0.0,0.0,0.0,-2.6149,-2.161,2.0778,14.4769,25.7794,29.1211,24.13,24.13,24.13,-4.31,-4.31,-4.31
GS,949.489990234375,949.49,2026-09-22,False,936.7750244140625,966.3499755859375,-1.03,18.64,BAJO,276464336896.0,14.66,12.83,2.62,16.9,1.07,42.18,31.04,,,7.25,1.56,4.0,YAHOO,-0.6449,-1.0202,-0.3947,0.055293,5.4196,-0.346,78.56,2026-10-13,21,,,yahoo,1.0,1.0,0.0,0.0,0.0,0.0,1.0,0.0,1.0,-2.7829,-8.3973,-11.2196,-12.8193,24.4845,36.5764,1053.7192,1146.4551,1146.4551,-9.8916,-17.1804,-17.1804
BX,124.01000213623047,124.01,2026-09-22,False,123.2699966430664,127.63999938964844,-1.9,-32.04,BAJO,148228882432.0,27.74,16.57,11.0,31.37,14.33,54.36,22.73,,,0.68,0.87,5.0,YAHOO,-0.6449,-1.0202,-0.3947,0.055293,5.4196,-0.346,78.56,2026-10-22,30,,,yahoo,1.0,0.0,1.0,1.0,1.0,0.0,0.0,0.0,1.0,-2.1231,-7.4345,0.6225,4.335,25.1674,35.3368,143.64,149.32,178.4031,-13.6661,-16.9502,-30.4889
ITUB,8.430000305175781,8.43,2026-09-22,False,8.280099868774414,8.489999771118164,-0.24,28.1,BAJO,92914384896.0,10.28,8.53,2.19,21.48,1.58,39.07,32.58,,,,,4.0,YAHOO,-0.6449,-1.0202,-0.3947,0.055293,5.4196,-0.346,78.56,2026-11-03,42,,,yahoo,1.0,1.0,1.0,0.0,0.0,0.0,1.0,0.0,0.0,2.0581,1.444,1.0332,6.2895,28.6688,30.1296,8.45,8.6136,9.3754,-0.2367,-2.1314,-10.084
BAC,56.20000076293945,56.2,2026-09-22,False,56.064998626708984,58.11000061035156,-3.04,9.0,BAJO,392992489472.0,12.98,10.63,1.43,11.2,0.97,38.3,29.52,,,,,5.0,YAHOO,-0.6449,-1.0202,-0.3947,0.055293,5.4196,-0.346,78.56,2026-10-14,22,,,yahoo,1.0,1.0,1.0,0.0,0.0,0.0,1.0,0.0,1.0,-5.578,-9.9215,-7.8219,-2.4577,26.0333,21.9961,62.72,64.481,64.481,-10.3954,-12.8426,-12.8426
RACE,413.32000732421875,413.32,2026-09-22,False,412.2300109863281,417.0400085449219,-0.68,-14.04,BAJO,72560820224.0,38.81,32.78,17.14,45.44,13.61,31.06,22.25,1.38,30.34,0.86,2.43,9.0,YAHOO,-0.6449,-1.0202,-0.3947,0.055293,5.4196,-0.346,78.56,2026-11-03,42,,,yahoo,1.0,1.0,1.0,1.0,1.0,1.0,1.0,1.0,1.0,1.5728,1.818,14.99,19.8481,27.6533,27.0763,422.6,436.54,498.3386,-2.1959,-5.3191,-17.0604
C,132.47000122070312,132.47,2026-09-22,False,130.7100067138672,135.07000732421875,-1.91,29.16,BAJO,222210048000.0,14.27,10.27,1.15,8.53,0.66,36.23,21.83,,,,,3.0,YAHOO,-0.6449,-1.0202,-0.3947,0.055293,5.4196,-0.346,78.56,2026-10-13,21,,,yahoo,1.0,0.0,0.0,0.0,1.0,0.0,1.0,0.0,0.0,-2.7172,-3.1227,0.9581,-8.1579,29.483,28.0678,138.82,143.1323,144.9331,-4.5743,-7.4492,-8.5992
SCHW,100.3499984741211,100.35,2026-09-22,False,99.30000305175781,106.42500305175781,-6.11,6.08,BAJO,173538836480.0,18.28,12.82,3.95,20.27,2.07,52.28,38.79,,,1.51,0.66,7.0,YAHOO,-0.6449,-1.0202,-0.3947,0.055293,5.4196,-0.346,78.56,2026-10-15,23,,,yahoo,1.0,1.0,1.0,1.0,1.0,0.0,1.0,0.0,1.0,-6.9023,-6.1009,-0.9521,8.0204,54.4775,25.4839,112.27,113.65,113.65,-10.6173,-11.7026,-11.7026
PG,148.22000122070312,148.22,2026-09-22,False,146.9499969482422,148.24000549316406,1.46,-1.87,BAJO,344266506240.0,22.39,20.03,6.46,30.29,10.72,22.08,18.44,3.86,14.77,0.64,0.68,6.0,YAHOO,-0.6449,-1.0202,-0.3947,0.055293,5.4196,-0.346,78.56,2026-10-22,30,,,yahoo,1.0,0.0,1.0,1.0,1.0,0.0,1.0,0.0,1.0,1.0568,1.8134,1.6034,-1.0165,15.2477,18.265,148.22,151.6182,164.7207,0.0,-2.2413,-10.0174
KO,88.61000061035156,88.61,2026-09-22,False,87.45500183105469,88.97000122070312,1.71,35.84,BAJO,381248864256.0,26.61,25.13,10.55,42.05,9.4,34.87,28.56,1.37,23.82,1.16,1.3,7.0,YAHOO,-0.6449,-1.0202,-0.3947,0.055293,5.4196,-0.346,78.56,2026-10-20,28,,,yahoo,1.0,1.0,1.0,0.0,1.0,1.0,1.0,1.0,0.0,-0.1127,0.8813,9.8174,10.9933,19.3822,22.055,91.0964,91.4443,91.4443,-2.7294,-3.0995,-3.0995
PEP,131.19000244140625,131.19,2026-09-22,False,129.92999267578125,131.41000366210938,1.23,-4.76,BAJO,179205537792.0,17.19,14.62,8.11,51.51,8.93,16.84,10.79,4.37,11.63,2.39,0.93,5.0,YAHOO,-0.6449,-1.0202,-0.3947,0.055293,5.4196,-0.346,78.56,2026-10-08,16,,,yahoo,1.0,0.0,1.0,1.0,0.0,1.0,1.0,0.0,0.0,-3.1808,-5.2438,-1.7477,-6.6586,27.5071,22.365,140.7662,143.4476,165.4534,-6.8029,-8.545,-20.7088
MO,68.63999938964844,68.64,2026-09-22,False,68.22000122070312,69.02999877929688,0.16,13.33,BAJO,114611216384.0,14.45,11.71,-42.95,,29.54,76.36,39.0,7.88,8.67,,0.52,6.0,YAHOO,-0.6449,-1.0202,-0.3947,0.055293,5.4196,-0.346,78.56,2026-10-29,37,,,yahoo,1.0,0.0,1.0,1.0,0.0,1.0,1.0,1.0,0.0,-1.676,2.2976,-3.2516,-2.6166,10.6546,30.6668,70.1,73.7422,73.7422,-2.0827,-6.919,-6.919
WMT,110.12000274658203,110.12,2026-09-22,False,107.61000061035156,110.18689727783203,2.49,6.45,BAJO,876343656448.0,39.9,34.09,9.29,22.31,6.41,3.45,3.0,0.81,20.93,0.72,0.77,7.0,YAHOO,-0.6449,-1.0202,-0.3947,0.055293,5.4196,-0.346,78.56,2026-11-19,58,,,yahoo,1.0,1.0,1.0,1.0,1.0,0.0,1.0,1.0,0.0,1.8781,3.8378,1.8299,-7.5669,21.7118,28.867,110.12,115.7329,133.8795,0.0,-4.8499,-17.7469
TGT,159.02000427246094,159.02,2026-09-22,False,157.25999450683594,160.0399932861328,0.83,89.6,BAJO,72242266112.0,16.5,16.66,4.05,26.41,5.69,6.04,4.08,4.75,9.94,1.08,0.99,6.0,YAHOO,-0.6449,-1.0202,-0.3947,0.055293,5.4196,-0.346,78.56,2026-11-18,57,,,yahoo,1.0,0.0,1.0,1.0,1.0,1.0,1.0,0.0,0.0,2.9922,-2.2678,19.1557,19.4844,30.2827,29.8755,165.93,169.89,169.89,-4.1644,-6.3983,-6.3983
MCD,250.35000610351562,250.35,2026-09-22,False,249.3699951171875,252.0449981689453,1.0,-16.8,BAJO,177158062080.0,20.32,17.95,-173.13,,13.25,46.48,31.72,3.53,15.35,,1.08,6.0,YAHOO,-0.6449,-1.0202,-0.3947,0.055293,5.4196,-0.346,78.56,2026-11-05,44,,,yahoo,1.0,0.0,1.0,1.0,1.0,0.0,1.0,1.0,0.0,-0.9613,-2.1344,-4.0603,-7.1893,8.6646,21.0145,266.2078,280.2182,334.503,-5.9569,-10.6589,-25.1576
SBUX,95.11000061035156,95.11,2026-09-22,False,94.62999725341797,96.04000091552734,0.22,12.81,BAJO,108425404416.0,54.98,30.46,-14.13,,8.02,12.92,5.17,2.83,22.52,,0.76,5.0,YAHOO,-0.6449,-1.0202,-0.3947,0.055293,5.4196,-0.346,78.56,2026-10-28,36,,,yahoo,1.0,0.0,1.0,1.0,1.0,0.0,0.0,0.0,1.0,-1.5221,-6.764,-7.3187,-5.3376,8.6449,21.5633,108.49,108.49,108.49,-12.3329,-12.3329,-12.3329
NKE,36.099998474121094,36.1,2026-09-22,False,35.940101623535156,37.03499984741211,0.0,-49.23,BAJO,53554302976.0,17.19,15.89,3.6,22.14,6.97,12.69,6.7,3.53,11.27,0.74,1.96,4.0,YAHOO,-0.6449,-1.0202,-0.3947,0.055293,5.4196,-0.346,78.56,2026-10-01,9,,,yahoo,1.0,0.0,1.0,0.0,1.0,0.0,0.0,1.0,0.0,-0.3313,-5.2493,-10.9955,-13.9147,29.882,31.2362,39.1843,44.1022,72.1898,-7.8713,-18.1446,-49.9929
MDLZ,61.08000183105469,61.08,2026-09-22,False,60.33000183105469,61.26499938964844,1.51,-2.02,BAJO,77956898816.0,22.37,18.18,2.94,13.34,4.12,21.98,8.86,2.89,15.98,0.83,0.6,5.0,YAHOO,-0.6449,-1.0202,-0.3947,0.055293,5.4196,-0.346,78.56,2026-10-27,35,,,yahoo,1.0,0.0,1.0,1.0,0.0,0.0,1.0,0.0,1.0,-1.6425,-0.8924,1.7152,0.8713,23.262,25.9919,63.01,64.99,64.99,-3.063,-6.0163,-6.0163
HSY,168.4600067138672,168.46,2026-09-22,False,168.0500030517578,169.57000732421875,0.33,-11.32,BAJO,33847939072.0,23.01,17.07,7.42,32.81,9.92,23.12,12.24,5.15,14.28,1.3,1.18,4.0,YAHOO,-0.6449,-1.0202,-0.3947,0.055293,5.4196,-0.346,78.56,2026-11-05,44,,,yahoo,1.0,0.0,1.0,1.0,0.0,1.0,0.0,0.0,0.0,-1.1501,-2.776,-1.3683,-5.2911,17.6767,23.8922,187.18,189.94,232.6481,-10.0011,-11.3088,-27.5902
ANF,136.2100067138672,136.21,2026-09-22,False,134.9199981689453,141.74000549316406,-0.4,53.64,BAJO,5779986432.0,11.76,10.61,4.27,40.61,13.63,19.94,10.04,7.54,7.06,0.94,1.41,5.0,YAHOO,-0.6449,-1.0202,-0.3947,0.055293,5.4196,-0.346,78.56,2026-11-25,64,2026-08-26,27.0,yahoo,1.0,0.0,1.0,1.0,0.0,1.0,1.0,0.0,0.0,0.7694,-10.0508,49.8625,61.7312,18.3651,88.1476,152.08,152.08,152.08,-10.4353,-10.4353,-10.4353
EBAY,109.27999877929688,109.28,2026-09-22,False,107.13999938964844,110.25499725341797,0.9,20.62,BAJO,48629600256.0,22.91,16.27,10.42,46.61,9.15,21.57,18.57,3.25,16.8,1.53,1.02,5.0,YAHOO,-0.6449,-1.0202,-0.3947,0.055293,5.4196,-0.346,78.56,2026-11-04,43,,,yahoo,1.0,1.0,1.0,0.0,0.0,0.0,1.0,0.0,1.0,1.1571,4.4842,0.2673,0.5894,44.3171,32.6178,112.9,117.084,118.2715,-3.2064,-6.6653,-7.6024
ABEV,3.009999990463257,3.01,2026-09-22,False,2.950000047683716,3.0299999713897705,1.01,31.43,BAJO,46403624960.0,15.05,14.07,2.71,18.4,10.3,23.74,18.41,42.8,1.17,0.03,1.02,8.0,YAHOO,-0.6449,-1.0202,-0.3947,0.055293,5.4196,-0.346,78.56,2026-10-29,37,,,yahoo,1.0,1.0,1.0,1.0,1.0,0.0,1.0,1.0,1.0,-0.3311,-0.9868,-2.589,-4.4748,19.7825,19.367,3.04,3.18,3.4202,-0.9868,-5.3459,-11.9943
UL,62.93000030517578,62.93,2026-09-22,False,62.709999084472656,63.244998931884766,1.22,-5.95,BAJO,135504945152.0,21.48,16.14,7.3,31.87,8.29,20.34,18.32,4.97,14.91,1.75,0.74,7.0,YAHOO,-0.6449,-1.0202,-0.3947,0.055293,5.4196,-0.346,78.56,2026-10-28,36,2026-07-28,56.0,finnhub,1.0,1.0,1.0,0.0,0.0,1.0,1.0,1.0,1.0,0.7848,-0.96,5.3967,7.1044,13.5787,27.6744,65.15,66.3122,72.7099,-3.4075,-5.1005,-13.4506
URBN,75.0199966430664,75.02,2026-09-22,False,75.01000213623047,77.2699966430664,1.09,2.47,BAJO,6426226688.0,11.74,10.85,2.46,20.94,8.02,11.62,8.79,1.51,8.83,0.43,1.58,8.0,YAHOO,-0.6449,-1.0202,-0.3947,0.055293,5.4196,-0.346,78.56,2026-11-25,64,2026-08-26,27.0,yahoo,1.0,1.0,1.0,1.0,0.0,1.0,1.0,1.0,1.0,-1.1725,-5.5521,7.7719,5.662,19.0525,40.4812,82.95,82.95,82.95,-9.56,-9.56,-9.56
CL,87.05000305175781,87.05,2026-09-22,False,86.86499786376953,87.55000305175781,0.92,10.88,BAJO,69393891328.0,34.27,21.22,294.09,267.37,15.84,20.97,9.68,4.98,15.15,13.88,1.03,5.0,YAHOO,-0.6449,-1.0202,-0.3947,0.055293,5.4196,-0.346,78.56,2026-10-30,38,,,yahoo,1.0,0.0,1.0,1.0,1.0,0.0,1.0,0.0,0.0,0.0575,-1.5383,-3.3637,-4.2447,17.1592,20.7519,92.06,94.5877,97.966,-5.4421,-7.969,-11.1427
COST,899.4099731445312,899.41,2026-09-22,False,895.8400268554688,903.3599853515625,0.1,-5.64,BAJO,398869266432.0,45.29,39.76,11.9,29.15,8.67,3.99,3.01,1.74,28.04,0.25,1.07,6.0,YAHOO,-0.6449,-1.0202,-0.3947,0.055293,5.4196,-0.346,78.56,2026-09-24,2,,,yahoo,1.0,0.0,1.0,1.0,1.0,1.0,0.0,1.0,0.0,-0.2152,-1.1833,-2.7234,-5.9352,2.2473,20.1433,960.01,974.03,1092.5829,-6.3124,-7.661,-17.6804
KMB,98.91000366210938,98.91,2026-09-22,False,98.6500015258789,99.91999816894531,1.2,-17.75,BAJO,32895393792.0,19.55,13.22,18.8,104.91,10.2,19.0,11.79,2.86,10.98,3.49,0.91,4.0,YAHOO,-0.6449,-1.0202,-0.3947,0.055293,5.4196,-0.346,78.56,2026-11-03,42,,,yahoo,1.0,0.0,1.0,1.0,1.0,0.0,0.0,0.0,0.0,0.2331,-3.9056,-6.7218,-3.7067,10.8331,25.886,109.7036,113.3795,118.2847,-9.8389,-12.762,-16.3797
ORLY,85.81999969482422,85.82,2026-09-22,False,83.93000030517578,87.0199966430664,3.55,-18.59,BAJO,69425012736.0,27.24,23.5,-38.16,,13.67,20.15,14.27,2.26,18.32,,0.75,7.0,YAHOO,-0.6449,-1.0202,-0.3947,0.055293,5.4196,-0.346,78.56,2026-10-28,36,,,yahoo,1.0,0.0,1.0,1.0,1.0,1.0,1.0,1.0,0.0,0.775,-0.0815,-0.3368,-1.9648,38.5251,31.6359,90.32,93.53,107.81,-4.9823,-8.2433,-20.397
PM,190.22999572753906,190.23,2026-09-22,False,186.69500732421875,191.9530029296875,1.47,20.14,BAJO,296495022080.0,26.17,20.71,-34.54,,14.59,40.0,25.56,3.28,18.72,,0.98,7.0,YAHOO,-0.6449,-1.0202,-0.3947,0.055293,5.4196,-0.346,78.56,2026-10-21,29,,,yahoo,1.0,1.0,1.0,1.0,1.0,1.0,0.0,1.0,0.0,-1.9989,2.9773,-0.4657,7.3407,17.7228,27.2511,194.86,200.17,200.17,-2.3761,-4.9658,-4.9658
ETSY,75.13999938964844,75.14,2026-09-22,False,72.58000183105469,75.5199966430664,2.26,20.29,BAJO,6896480256.0,23.78,10.9,-4.98,,10.53,18.74,7.11,2.46,18.47,,1.48,5.0,YAHOO,-0.6449,-1.0202,-0.3947,0.055293,5.4196,-0.346,78.56,2026-11-04,43,,,yahoo,1.0,0.0,1.0,1.0,1.0,0.0,1.0,0.0,0.0,1.5405,3.1859,-7.1314,0.3338,25.4275,44.8893,84.43,87.03,87.03,-11.0032,-13.662,-13.662
TM,192.05999755859375,192.06,2026-09-22,False,191.60000610351562,193.67709350585938,-0.23,-5.84,BAJO,227434266624.0,8.59,12.17,15.62,12.4,2.34,7.86,8.63,-1582.86,6.28,1.15,1.17,3.0,YAHOO,-0.6449,-1.0202,-0.3947,0.055293,5.4196,-0.346,78.56,2026-11-05,44,,,yahoo,1.0,0.0,1.0,1.0,0.0,0.0,0.0,0.0,0.0,-1.7445,0.3186,8.6312,14.8478,14.7681,22.8983,199.87,199.87,248.29,-3.9075,-3.9075,-22.6469
HMC,32.41999816894531,32.42,2026-09-22,False,32.415000915527344,32.63999938964844,-0.34,-5.58,BAJO,42070532096.0,,,0.54,-0.76,-0.15,8.76,-0.75,636.44,7.16,1.14,1.29,3.0,YAHOO,-0.6449,-1.0202,-0.3947,0.055293,5.4196,-0.346,78.56,2026-11-05,44,,,yahoo,0.0,0.0,1.0,1.0,0.0,0.0,1.0,0.0,0.0,0.652,4.3786,15.8271,26.7396,17.5444,30.2864,33.04,33.37,33.88,-1.8765,-2.8469,-4.3093
NSANY,4.039999961853027,4.04,2026-09-22,False,4.039999961853027,4.130000114440918,-0.25,-20.91,BAJO,7062692352.0,,4.7,0.22,-7.65,0.69,2.63,-3.37,-19250.21,15.32,1.72,1.54,4.0,YAHOO,-0.6449,-1.0202,-0.3947,0.055293,5.4196,-0.346,78.56,2026-11-05,44,,,yahoo,0.0,1.0,1.0,1.0,0.0,1.0,0.0,0.0,0.0,-1.2225,2.0202,0.2481,6.0367,21.1371,34.7883,4.18,4.51,6.05,-3.3493,-10.4213,-33.2231
GM,83.44999694824219,83.45,2026-09-22,False,82.94999694824219,85.19999694824219,-0.6,41.4,BAJO,75476475904.0,37.25,5.56,1.18,3.16,2.25,3.2,1.05,29.06,10.89,2.02,1.14,5.0,YAHOO,-0.6449,-1.0202,-0.3947,0.055293,5.4196,-0.346,78.56,2026-10-20,28,,,yahoo,1.0,0.0,1.0,1.0,0.0,1.0,1.0,0.0,0.0,-2.249,-2.7276,3.6601,5.9184,56.7976,31.746,87.76,90.1136,90.1136,-4.9111,-7.3947,-7.3947
ARCO,7.619999885559082,7.62,2026-09-22,False,7.554999828338623,7.670000076293945,1.33,12.61,BAJO,1605252480.0,6.2,8.86,1.93,36.36,6.91,5.56,5.16,8.03,5.74,2.64,0.88,6.0,YAHOO,-0.6449,-1.0202,-0.3947,0.055293,5.4196,-0.346,78.56,2026-11-18,57,,,yahoo,1.0,1.0,1.0,1.0,0.0,1.0,1.0,0.0,0.0,-1.1375,-5.9719,-7.1075,-5.1603,21.1019,22.0088,8.1733,8.3913,9.3346,-6.7697,-9.1913,-18.3685
HD,305.3500061035156,305.35,2026-09-22,False,300.18011474609375,306.30999755859375,2.74,-25.34,BAJO,304644521984.0,21.35,19.05,18.34,104.3,12.14,12.86,8.41,3.53,14.51,3.8,1.08,4.0,YAHOO,-0.6449,-1.0202,-0.3947,0.055293,5.4196,-0.346,78.56,2026-11-17,56,,,yahoo,1.0,0.0,1.0,1.0,1.0,0.0,0.0,0.0,0.0,-0.0426,-2.6618,-5.2693,-5.1933,27.238,24.5729,335.4083,355.2818,400.654,-8.9617,-14.0541,-23.7871
DIS,103.81999969482422,103.82,2026-09-22,False,103.33000183105469,104.95999908447266,-0.39,-7.98,BAJO,179264634880.0,21.41,13.88,1.63,8.01,4.81,19.3,8.7,2.71,10.86,0.39,0.71,8.0,YAHOO,-0.6449,-1.0202,-0.3947,0.055293,5.4196,-0.346,78.56,2026-11-12,51,,,yahoo,1.0,1.0,1.0,1.0,1.0,0.0,1.0,1.0,1.0,-2.4431,-1.1803,11.8388,1.0485,27.6597,27.1619,111.25,111.25,114.9988,-6.6787,-6.6787,-9.7208
JNJ,269.19000244140625,269.19,2026-09-22,False,265.0400085449219,270.1000061035156,-0.1,56.45,BAJO,648720613376.0,31.23,22.18,7.63,25.74,8.6,29.19,21.48,2.6,19.43,0.58,1.09,3.0,YAHOO,-0.6449,-1.0202,-0.3947,0.055293,5.4196,-0.346,78.56,2026-10-13,21,,,yahoo,1.0,1.0,1.0,0.0,0.0,0.0,0.0,0.0,0.0,0.7448,0.026,4.3382,13.1494,9.7688,22.5556,278.43,278.43,278.43,-3.3186,-3.3186,-3.3186
LLY,1170.1400146484375,1170.14,2026-09-22,False,1139.3341064453125,1180.469970703125,0.45,54.42,BAJO,1043462291456.0,39.24,24.72,30.79,102.29,20.36,54.22,33.53,1.06,26.0,1.62,1.35,7.0,YAHOO,-0.6449,-1.0202,-0.3947,0.055293,5.4196,-0.346,78.56,2026-10-29,37,,,yahoo,1.0,1.0,1.0,0.0,0.0,1.0,1.0,1.0,1.0,2.9953,4.1133,-1.1851,5.8475,8.9345,30.2478,1233.66,1280.34,1280.34,-5.1489,-8.6071,-8.6071
NVO,39.400001525878906,39.4,2026-09-22,False,39.10499954223633,39.88999938964844,-1.01,-33.41,BAJO,174021328896.0,9.78,11.66,5.1,59.81,18.73,42.54,35.35,21.65,1.56,0.63,0.87,4.0,YAHOO,-0.6449,-1.0202,-0.3947,0.055293,5.4196,-0.346,78.56,2026-11-04,43,,,yahoo,1.0,0.0,1.0,1.0,0.0,1.0,0.0,0.0,0.0,-7.3595,-12.7546,-17.1784,-15.851,76.6221,39.5942,48.66,50.9588,60.9379,-19.03,-22.6827,-35.344
AMGN,410.239990234375,410.24,2026-09-22,False,398.5299987792969,412.9949951171875,4.34,45.87,BAJO,221788864512.0,25.45,16.81,18.98,91.47,8.67,35.55,22.95,3.9,14.82,4.9,1.37,7.0,YAHOO,-0.6449,-1.0202,-0.3947,0.055293,5.4196,-0.346,78.56,2026-11-03,42,,,yahoo,1.0,1.0,1.0,1.0,1.0,0.0,0.0,1.0,1.0,9.208,4.3416,11.0733,18.9123,23.8115,34.5478,444.12,444.12,444.12,-7.6286,-7.6286,-7.6286
UNH,372.95001220703125,372.95,2026-09-22,False,372.4100036621094,381.0,-1.22,10.63,BAJO,334757986304.0,23.97,16.49,3.43,14.15,4.87,7.13,3.14,7.25,14.55,0.69,0.78,6.0,YAHOO,-0.6449,-1.0202,-0.3947,0.055293,5.4196,-0.346,78.56,2026-10-13,21,,,yahoo,1.0,0.0,1.0,1.0,1.0,0.0,1.0,0.0,1.0,-0.7927,-6.385,-11.4065,-8.3087,11.708,22.6548,398.5559,433.6796,433.6796,-6.4247,-14.0033,-14.0033
PFE,27.93000030517578,27.93,2026-09-22,False,27.4950008392334,27.989999771118164,0.68,22.78,BAJO,159191891968.0,36.75,9.64,1.87,5.01,5.78,27.88,6.8,7.84,8.28,0.74,1.27,5.0,YAHOO,-0.6449,-1.0202,-0.3947,0.055293,5.4196,-0.346,78.56,2026-11-03,42,,,yahoo,1.0,0.0,1.0,1.0,0.0,0.0,0.0,1.0,1.0,1.3793,0.5038,13.629,14.962,4.7045,19.879,29.02,29.02,29.02,-3.756,-3.756,-3.756
ABT,103.69000244140625,103.69,2026-09-22,False,102.8949966430664,104.54000091552734,0.69,-23.9,BAJO,179423461376.0,33.56,17.1,3.51,10.58,5.33,14.71,11.65,4.02,17.63,0.63,1.38,5.0,YAHOO,-0.6449,-1.0202,-0.3947,0.055293,5.4196,-0.346,78.56,2026-10-14,22,,,yahoo,1.0,0.0,1.0,1.0,1.0,0.0,0.0,1.0,0.0,1.627,-1.7343,2.9181,15.3535,5.3486,31.9707,116.13,116.67,133.5335,-10.7121,-11.1254,-22.3491
CVS,87.0999984741211,87.1,2026-09-22,False,86.68000030517578,88.27999877929688,-0.57,18.06,BAJO,111398313984.0,22.98,10.21,1.4,6.21,2.97,3.86,1.18,7.25,10.47,0.96,0.87,6.0,YAHOO,-0.6449,-1.0202,-0.3947,0.055293,5.4196,-0.346,78.56,2026-10-28,36,,,yahoo,1.0,0.0,1.0,1.0,1.0,1.0,0.0,0.0,1.0,-7.8209,-9.3369,-18.5144,-13.7154,7.6649,25.7124,97.6,109.9195,109.9195,-10.7582,-20.7602,-20.7602
ABBV,265.2099914550781,265.21,2026-09-22,False,262.2099914550781,266.82000732421875,0.28,21.29,BAJO,468657176576.0,74.92,16.3,-78.96,,10.51,40.03,9.8,3.6,17.29,,0.81,7.0,YAHOO,-0.6449,-1.0202,-0.3947,0.055293,5.4196,-0.346,78.56,2026-10-29,37,,,yahoo,1.0,0.0,1.0,1.0,1.0,1.0,0.0,1.0,1.0,0.825,6.6042,3.2267,13.7748,3.9257,23.7569,265.79,265.97,265.97,-0.2182,-0.2858,-0.2858
TMO,658.52001953125,658.52,2026-09-22,False,651.8200073242188,662.8699951171875,-0.04,37.58,BAJO,243485999104.0,35.44,23.91,4.62,13.51,5.13,18.75,15.04,2.56,24.04,0.81,1.55,5.0,YAHOO,-0.6449,-1.0202,-0.3947,0.055293,5.4196,-0.346,78.56,2026-10-21,29,,,yahoo,1.0,0.0,1.0,1.0,0.0,1.0,1.0,0.0,0.0,2.6708,9.2874,15.1497,40.4122,18.471,29.2015,658.76,658.76,658.76,-0.0364,-0.0364,-0.0364
AZN,168.3699951171875,168.37,2026-09-22,False,166.74000549316406,169.35000610351562,0.16,8.21,BAJO,261124325376.0,25.24,14.54,5.19,21.96,8.02,23.46,17.02,1.88,14.48,0.64,0.89,7.0,YAHOO,-0.6449,-1.0202,-0.3947,0.055293,5.4196,-0.346,78.56,2026-10-30,38,,,yahoo,1.0,1.0,1.0,1.0,1.0,1.0,0.0,1.0,0.0,4.0284,5.205,0.0594,-6.9882,15.0741,33.8524,169.66,195.15,208.62,-0.7603,-13.7228,-19.2935
CAH,222.0399932861328,222.04,2026-09-22,False,221.2949981689453,228.44000244140625,-1.64,50.58,BAJO,51641114624.0,30.75,15.77,-17.95,,3.72,1.33,0.67,9.2,13.62,,0.88,8.0,YAHOO,-0.6449,-1.0202,-0.3947,0.055293,5.4196,-0.346,78.56,2026-11-05,44,,,yahoo,1.0,1.0,1.0,1.0,1.0,0.0,1.0,1.0,1.0,-4.5605,-7.6718,-1.7435,-2.79,20.0715,22.5631,248.61,248.61,248.61,-10.6874,-10.6874,-10.6874
ISRG,402.0899963378906,402.09,2026-09-22,False,397.7200012207031,403.9700012207031,0.11,-11.1,BAJO,144060022784.0,46.11,33.25,7.83,17.42,10.51,33.6,28.45,1.82,32.72,,4.96,7.0,YAHOO,-0.6449,-1.0202,-0.3947,0.055293,5.4196,-0.346,78.56,2026-10-20,28,,,yahoo,1.0,1.0,1.0,1.0,0.0,1.0,1.0,0.0,1.0,6.6099,14.8304,21.1042,-0.2703,19.6467,48.9999,402.09,432.83,592.85,0.0,-7.1021,-32.1768
MRNA,182.55999755859375,182.56,2026-09-22,False,168.3000030517578,187.1999969482422,5.56,585.8,BAJO,72884502528.0,,-40.85,10.77,-39.0,-13.26,-557.93,-141.43,0.41,-29.7,0.19,2.29,3.0,YAHOO,-0.6449,-1.0202,-0.3947,0.055293,5.4196,-0.346,78.56,2026-11-05,44,,,yahoo,0.0,1.0,0.0,1.0,0.0,0.0,0.0,1.0,0.0,26.9806,30.0933,220.1684,199.2787,100.0163,377.4874,182.56,182.56,182.56,0.0,0.0,0.0
NVS,141.27999877929688,141.28,2026-09-22,False,140.0,141.8000030517578,0.21,16.46,BAJO,268532989952.0,21.31,14.36,6.46,30.35,10.25,34.62,22.5,4.43,13.41,1.17,0.86,8.0,YAHOO,-0.6449,-1.0202,-0.3947,0.055293,5.4196,-0.346,78.56,2026-10-27,35,,,yahoo,1.0,1.0,1.0,1.0,0.0,1.0,1.0,1.0,1.0,1.9189,2.5999,-9.5171,-7.8889,13.2359,38.8091,163.09,163.09,163.6393,-13.373,-13.373,-13.6638
PHG,24.969999313354492,24.97,2026-09-22,False,24.860000610351562,25.084999084472656,0.28,-9.06,BAJO,24406362112.0,19.06,13.12,1.86,10.15,4.07,13.99,6.31,6.26,12.44,0.65,1.26,7.0,YAHOO,-0.6449,-1.0202,-0.3947,0.055293,5.4196,-0.346,78.56,2026-11-03,42,,,yahoo,1.0,1.0,1.0,1.0,0.0,1.0,0.0,1.0,1.0,0.2811,-1.2653,-4.0722,-6.1631,7.5529,23.2466,27.43,28.23,31.6757,-8.9683,-11.548,-21.1699
MRK,150.91000366210938,150.91,2026-09-22,False,148.0399932861328,153.57000732421875,0.94,91.66,BAJO,372320862208.0,119.77,15.83,8.88,6.96,11.87,-0.24,4.77,4.07,14.4,1.28,1.32,4.0,YAHOO,-0.6449,-1.0202,-0.3947,0.055293,5.4196,-0.346,78.56,2026-10-29,37,,,yahoo,1.0,0.0,1.0,0.0,0.0,1.0,1.0,0.0,0.0,4.9517,2.2503,16.3403,26.9237,14.0233,35.9069,155.5319,155.5319,155.5319,-2.9717,-2.9717,-2.9717
GILD,152.6699981689453,152.67,2026-09-22,False,148.64999389648438,153.28070068359375,1.4,37.52,BAJO,189303963648.0,,15.44,16.02,-20.68,14.09,33.68,-10.64,5.16,14.24,2.23,1.26,8.0,YAHOO,-0.6449,-1.0202,-0.3947,0.055293,5.4196,-0.346,78.56,2026-10-29,37,,,yahoo,1.0,1.0,1.0,1.0,1.0,0.0,1.0,1.0,1.0,4.3541,4.6985,17.3238,22.7748,18.8429,28.4466,152.67,152.67,153.0467,0.0,0.0,-0.2461
BMY,62.25,62.25,2026-09-22,False,62.040000915527344,63.08000183105469,-0.59,43.49,BAJO,127158984704.0,13.71,9.48,5.7,46.6,10.72,34.42,18.87,6.38,8.55,2.02,1.53,8.0,YAHOO,-0.6449,-1.0202,-0.3947,0.055293,5.4196,-0.346,78.56,2026-10-29,37,,,yahoo,1.0,1.0,1.0,1.0,1.0,1.0,0.0,1.0,1.0,-2.3223,-3.7718,1.2031,13.367,10.241,27.0575,68.09,68.09,68.09,-8.5769,-8.5769,-8.5769
HIMS,30.43000030517578,30.43,2026-09-22,False,29.229999542236328,31.809999465942383,3.68,-48.81,BAJO,7099726848.0,,37.24,21.91,-32.03,-2.21,-12.75,-5.51,11.96,-742.16,4.77,0.93,4.0,YAHOO,-0.6449,-1.0202,-0.3947,0.055293,5.4196,-0.346,78.56,2026-11-09,48,,,yahoo,1.0,0.0,1.0,1.0,0.0,1.0,0.0,0.0,0.0,9.2639,8.0227,-7.0556,-7.676,40.3175,86.0121,31.75,38.28,62.76,-4.1575,-20.5068,-51.5137
CAT,808.010009765625,808.01,2026-09-22,False,802.6099853515625,812.45947265625,-1.04,71.14,BAJO,371421904896.0,34.84,24.96,19.15,56.97,9.03,22.18,14.51,1.36,25.51,2.33,1.37,6.0,YAHOO,-0.6449,-1.0202,-0.3947,0.055293,5.4196,-0.346,78.56,2026-10-29,37,,,yahoo,1.0,0.0,1.0,1.0,1.0,1.0,1.0,0.0,0.0,3.123,-1.7593,-9.6731,-17.7529,20.8126,37.5116,822.48,1062.9282,1062.9282,-1.7593,-23.9826,-23.9826
GE,319.2200012207031,319.22,2026-09-22,False,314.3599853515625,322.5,0.07,5.04,BAJO,331210686464.0,37.6,35.12,18.78,48.23,5.07,20.57,17.72,1.99,29.74,1.13,0.98,6.0,YAHOO,-0.6449,-1.0202,-0.3947,0.055293,5.4196,-0.346,78.56,2026-10-20,28,,,yahoo,1.0,1.0,1.0,0.0,0.0,0.0,1.0,1.0,1.0,3.9635,-4.6848,-8.533,-10.3381,10.7119,29.2087,354.39,381.22,381.22,-9.9241,-16.2636,-16.2636
LMT,522.3400268554688,522.34,2026-09-22,False,515.5980224609375,536.8699951171875,-2.44,9.99,BAJO,120551243776.0,19.25,15.95,13.7,89.17,8.64,11.96,8.16,4.61,14.49,2.34,1.19,6.0,YAHOO,-0.6449,-1.0202,-0.3947,0.055293,5.4196,-0.346,78.56,2026-10-20,28,,,yahoo,1.0,0.0,1.0,1.0,1.0,0.0,1.0,1.0,0.0,-2.0845,-2.5758,-7.5659,4.3482,20.3969,33.4529,562.4114,604.9383,668.166,-7.1249,-13.654,-21.8248
RTX,190.99000549316406,190.99,2026-09-22,False,187.0399932861328,194.8699951171875,-1.72,20.02,BAJO,257408319488.0,33.68,24.33,3.88,12.27,4.21,12.7,8.28,3.84,18.51,0.57,1.01,8.0,YAHOO,-0.6449,-1.0202,-0.3947,0.055293,5.4196,-0.346,78.56,2026-10-20,28,,,yahoo,1.0,1.0,1.0,1.0,1.0,1.0,0.0,1.0,1.0,-2.3069,-3.9334,-8.3838,2.8083,17.4594,25.7523,212.08,225.49,225.49,-9.9444,-15.3,-15.3
UAL,115.20999908447266,115.21,2026-09-22,False,114.14520263671875,118.26000213623047,0.72,9.04,BAJO,37393678336.0,10.79,7.91,2.24,23.25,3.38,5.53,5.56,2.43,7.64,2.02,0.78,7.0,YAHOO,-0.6449,-1.0202,-0.3947,0.055293,5.4196,-0.346,78.56,2026-10-21,29,,,yahoo,1.0,1.0,1.0,1.0,1.0,0.0,1.0,0.0,1.0,7.7535,6.4394,-0.1214,-5.216,33.7939,37.6346,117.41,135.99,136.11,-1.8738,-15.2805,-15.3552
F,13.100000381469727,13.1,2026-09-22,False,12.979999542236328,13.305000305175781,-0.53,16.04,BAJO,52237504512.0,,6.7,1.46,-18.25,0.35,1.88,-3.94,-15.2,25.35,4.57,1.09,2.0,YAHOO,-0.6449,-1.0202,-0.3947,0.055293,5.4196,-0.346,78.56,2026-10-22,30,,,yahoo,0.0,0.0,1.0,1.0,0.0,0.0,0.0,0.0,0.0,-2.963,-6.4286,-6.4178,-5.4152,31.7115,31.8119,14.62,15.1163,17.2531,-10.3967,-13.3385,-24.0718
AAL,13.609999656677246,13.61,2026-09-22,False,13.475000381469727,14.053000450134277,0.29,8.83,BAJO,9009410048.0,,6.28,-2.27,,1.12,2.81,-0.56,5.76,10.78,,0.53,4.0,YAHOO,-0.6449,-1.0202,-0.3947,0.055293,5.4196,-0.346,78.56,2026-10-22,30,,,yahoo,1.0,0.0,1.0,1.0,0.0,0.0,0.0,0.0,1.0,6.5779,5.4222,0.3687,-15.6753,33.5809,43.5267,13.95,18.15,18.15,-2.4373,-25.0138,-25.0138
UNP,274.4100036621094,274.41,2026-09-22,False,269.45001220703125,274.7099914550781,1.77,22.51,BAJO,163020259328.0,22.22,19.37,8.39,39.7,9.27,40.98,28.85,2.9,14.69,1.51,0.99,8.0,YAHOO,-0.6449,-1.0202,-0.3947,0.055293,5.4196,-0.346,78.56,2026-10-22,30,,,yahoo,1.0,1.0,1.0,1.0,1.0,1.0,1.0,1.0,0.0,-3.3734,-4.8674,-9.413,6.602,36.1325,22.0262,309.1852,309.1852,309.1852,-11.2474,-11.2474,-11.2474
FDX,295.94000244140625,295.94,2026-09-22,False,294.07830810546875,298.5,0.05,60.75,BAJO,70040248320.0,15.95,14.19,2.24,14.85,5.01,11.13,4.68,8.08,8.39,1.36,1.48,5.0,YAHOO,-0.6449,-1.0202,-0.3947,0.055293,5.4196,-0.346,78.56,2026-10-28,36,2026-09-16,6.0,yahoo,1.0,0.0,1.0,1.0,0.0,1.0,0.0,1.0,0.0,-3.9966,-5.4208,-5.8672,-6.3479,26.3156,23.6475,334.6761,338.023,338.023,-11.5742,-12.4497,-12.4497
PCAR,113.9000015258789,113.9,2026-09-22,False,111.9000015258789,115.77999877929688,-0.72,18.68,BAJO,59952971776.0,23.98,15.77,2.95,12.76,4.12,12.02,9.0,3.24,20.34,0.73,5.52,4.0,YAHOO,-0.6449,-1.0202,-0.3947,0.055293,5.4196,-0.346,78.56,2026-10-27,35,,,yahoo,1.0,0.0,1.0,1.0,0.0,1.0,0.0,0.0,0.0,-6.99,-7.0204,-12.6565,-2.2079,3.6872,25.5025,129.23,137.845,137.845,-11.8626,-17.371,-17.371
MMM,169.3000030517578,169.3,2026-09-22,False,165.0,169.30999755859375,2.62,10.52,BAJO,87311810560.0,30.07,17.3,29.58,81.89,8.74,20.35,11.9,7.27,14.33,4.38,1.24,5.0,YAHOO,-0.6449,-1.0202,-0.3947,0.055293,5.4196,-0.346,78.56,2026-10-20,28,,,yahoo,1.0,0.0,1.0,0.0,0.0,1.0,1.0,0.0,1.0,2.8117,1.0626,0.266,5.0674,20.9142,25.2037,180.0,182.979,182.979,-5.9444,-7.4757,-7.4757
PAC,207.4499969482422,207.45,2026-09-22,False,205.875,210.0,-0.26,-20.31,BAJO,12343652352.0,19.37,16.38,577.38,28.03,10.47,44.16,30.83,55.88,81.87,1.18,0.74,7.0,YAHOO,-0.6449,-1.0202,-0.3947,0.055293,5.4196,-0.346,78.56,2026-10-19,27,,,yahoo,1.0,1.0,1.0,1.0,0.0,1.0,1.0,0.0,1.0,2.303,1.0079,-3.7132,-15.0143,26.5275,26.2679,214.87,254.56,300.41,-3.4533,-18.5064,-30.9444
GT,5.489999771118164,5.49,2026-09-22,False,5.150000095367432,5.550000190734863,9.36,-36.11,BAJO,1580564096.0,,10.42,0.56,-61.53,0.51,-0.96,-14.37,31.45,9.12,2.74,1.09,5.0,YAHOO,-0.6449,-1.0202,-0.3947,0.055293,5.4196,-0.346,78.56,2026-11-03,42,,,yahoo,0.0,0.0,1.0,1.0,1.0,1.0,0.0,0.0,1.0,4.5714,-6.1538,-21.9061,-6.9492,82.3942,49.2971,6.35,7.45,10.54,-13.5433,-26.3087,-47.9127
BA,197.72000122070312,197.72,2026-09-22,False,197.1699981689453,203.3292999267578,-1.71,-8.32,BAJO,156271968256.0,71.12,48.34,25.62,173.54,-1.98,0.0,2.59,3.6,-64.85,7.91,1.14,6.0,YAHOO,-0.6449,-1.0202,-0.3947,0.055293,5.4196,-0.346,78.56,2026-10-28,36,,,yahoo,1.0,1.0,1.0,0.0,1.0,0.0,0.0,1.0,1.0,-5.7084,-6.1738,-5.5011,-8.7629,29.6434,33.7717,212.25,240.19,252.15,-6.8457,-17.6818,-21.5864
HON,211.85000610351562,211.85,2026-09-22,False,206.48500061035156,212.24000549316406,2.6,3.01,BAJO,67143741440.0,8.14,21.32,3.62,46.58,5.72,20.25,21.58,3.89,10.75,1.85,1.21,5.0,YAHOO,-0.6449,-1.0202,-0.3947,0.055293,5.4196,-0.346,78.56,2026-10-22,30,,,yahoo,1.0,0.0,1.0,1.0,0.0,0.0,1.0,0.0,1.0,4.1339,1.7336,-13.7184,-8.8883,22.5412,28.5533,220.67,248.0457,257.9406,-3.9969,-14.5924,-17.8687
MOS,24.729999542236328,24.73,2026-09-22,False,23.854999542236328,24.989999771118164,2.74,-24.86,BAJO,7861559296.0,,15.81,0.69,-5.07,1.24,-0.12,-5.21,-9.49,7.92,0.52,1.34,7.0,YAHOO,-0.6449,-1.0202,-0.3947,0.055293,5.4196,-0.346,78.56,2026-11-03,42,,,yahoo,1.0,1.0,1.0,1.0,0.0,1.0,0.0,1.0,1.0,-2.8672,-5.9957,11.936,17.3616,49.3771,38.9694,26.3073,26.3073,34.6571,-5.9957,-5.9957,-28.6438
BG,110.0,110.0,2026-09-22,False,109.9800033569336,113.55500030517578,-2.32,44.71,BAJO,21133103104.0,23.71,9.77,1.32,7.18,3.47,4.62,1.1,-30.64,12.59,0.98,1.57,3.0,YAHOO,-0.6449,-1.0202,-0.3947,0.055293,5.4196,-0.346,78.56,2026-11-04,43,,,yahoo,1.0,0.0,1.0,1.0,0.0,0.0,0.0,0.0,0.0,-9.6583,-11.2116,-9.4901,-0.1501,36.3724,36.1784,124.59,124.59,130.5866,-11.7104,-11.7104,-15.7647
RKLB,71.9800033569336,71.98,2026-09-22,False,70.0999984741211,72.5,2.99,42.96,BAJO,46024806400.0,,1579.89,12.33,-7.92,-4.62,-24.57,-21.51,-0.55,-263.42,0.04,5.48,5.0,YAHOO,-0.6449,-1.0202,-0.3947,0.055293,5.4196,-0.346,78.56,2026-11-09,48,,,yahoo,0.0,1.0,0.0,1.0,1.0,1.0,0.0,1.0,0.0,13.2652,9.2758,2.8433,-24.3272,91.6452,71.9988,71.98,101.65,150.23,0.0,-29.1884,-52.0868
ONDS,7.71999979019165,7.72,2026-09-22,False,7.389999866485596,7.744999885559082,4.61,4.79,BAJO,4495285248.0,,-386.0,2.61,19.32,-8.37,-166.3,96.25,-1.54,-15.91,0.03,9.85,5.0,YAHOO,-0.6449,-1.0202,-0.3947,0.055293,5.4196,-0.346,78.56,2026-11-12,51,,,yahoo,0.0,1.0,0.0,1.0,1.0,1.0,0.0,1.0,0.0,6.6298,1.3123,-2.6482,-9.4959,36.1607,80.7561,8.75,9.77,14.01,-11.7714,-20.9826,-44.8965
SMSN.IL,5010.0,5010.0,2026-09-20,False,4924.0,5050.0,8.07,236.59,BAJO,1385705740800.0,52.88,81.31,0.0,10.64,2.3,6.08,13.13,-971.35,-1.44,0.03,2.88,6.0,YAHOO,-0.6449,-1.0202,-0.3947,0.055293,5.4196,-0.346,78.56,2026-10-28,36,,,yahoo,1.0,1.0,1.0,1.0,0.0,0.0,0.0,1.0,1.0,10.4497,-0.6938,10.5472,-1.1583,64.275,77.5459,5065.0,5390.0,6002.5513,-1.0859,-7.0501,-16.5355
ADS.DE,143.14999389648438,143.15,2026-09-20,False,140.0500030517578,144.5500030517578,0.63,-20.05,BAJO,25707984896.0,18.83,12.63,4.32,24.32,6.7,8.51,5.3,3.7,11.46,0.94,1.39,6.0,YAHOO,-0.6449,-1.0202,-0.3947,0.055293,5.4196,-0.346,78.56,2026-10-29,37,,,yahoo,1.0,1.0,1.0,0.0,0.0,1.0,0.0,1.0,1.0,-0.5212,-3.0149,-18.8952,-18.6648,23.1494,35.2571,154.2,187.9,191.3097,-7.166,-23.8159,-25.1737
BAYN.DE,49.029998779296875,49.03,2026-09-20,False,47.97999954223633,49.2599983215332,1.95,77.51,BAJO,48679112704.0,,10.27,1.65,-5.69,3.18,9.19,-3.83,13.48,8.11,1.29,1.04,6.0,YAHOO,-0.6449,-1.0202,-0.3947,0.055293,5.4196,-0.346,78.56,2026-11-03,42,,,yahoo,0.0,0.0,1.0,1.0,1.0,0.0,1.0,1.0,1.0,-0.6082,0.6569,6.1255,23.8444,25.5561,29.3227,49.41,53.36,53.36,-0.7691,-8.1147,-8.1147
RIOT,24.93000030517578,24.93,2026-09-22,False,23.700000762939453,25.389999389648438,3.1,40.91,BAJO,9355205632.0,,-26.66,4.3,-48.24,-21.2,-122.33,-196.28,-7.68,-10.55,0.4,1.58,2.0,YAHOO,-0.6449,-1.0202,-0.3947,0.055293,5.4196,-0.346,78.56,2026-10-29,37,,,yahoo,0.0,0.0,0.0,0.0,0.0,0.0,0.0,1.0,1.0,26.5482,11.9946,4.4845,-13.1056,52.2159,99.5465,24.93,27.75,28.69,0.0,-10.1622,-13.1056
OKLO,40.45000076293945,40.45,2026-09-22,False,39.334800720214844,41.290000915527344,0.67,-72.72,BAJO,7524413952.0,,-40.19,2.29,-7.7,-6.65,-6048.76,0.0,-3.18,-23.12,0.0,48.46,4.0,YAHOO,-0.6449,-1.0202,-0.3947,0.055293,5.4196,-0.346,78.56,2026-11-10,49,,,yahoo,0.0,1.0,0.0,1.0,1.0,1.0,0.0,0.0,0.0,12.4236,-6.6036,-8.0682,-29.2708,105.5812,85.1182,44.27,52.76,174.14,-8.6289,-23.3321,-76.7716
SATL,5.739999771118164,5.74,2026-09-22,False,5.389999866485596,5.769999980926514,2.87,56.14,BAJO,882467008.0,,-191.33,26.09,,-9.86,1.67,0.0,-2.13,-54.04,2.85,2.34,4.0,YAHOO,-0.6449,-1.0202,-0.3947,0.055293,5.4196,-0.346,78.56,2026-11-12,51,,,yahoo,0.0,1.0,0.0,0.0,1.0,1.0,0.0,1.0,0.0,13.215,7.2897,50.6562,3.2374,132.3576,94.5823,5.74,5.98,10.74,0.0,-4.0134,-46.5549
JMIA,7.019999980926514,7.02,2026-09-22,False,6.789999961853027,7.130000114440918,0.72,-42.31,BAJO,938053376.0,,-20.65,1002.86,-216.21,-25.23,-23.8,-27.54,-2.96,-15.49,37.95,0.88,3.0,YAHOO,-0.6449,-1.0202,-0.3947,0.055293,5.4196,-0.346,78.56,2026-11-11,50,,,yahoo,0.0,1.0,0.0,1.0,0.0,0.0,0.0,0.0,1.0,-3.9672,-3.0387,18.3811,11.252,20.9095,51.9794,7.52,7.52,14.6,-6.6489,-6.6489,-51.9178
LAR,6.070000171661377,6.07,2026-09-22,False,5.885000228881836,6.107999801635742,2.53,76.98,BAJO,996087040.0,,17.73,1.26,-6.58,-2.05,0.0,0.0,-1.64,-31.58,0.3,0.47,1.0,YAHOO,-0.6449,-1.0202,-0.3947,0.055293,5.4196,-0.346,78.56,2026-11-09,48,,,yahoo,0.0,0.0,0.0,1.0,0.0,0.0,0.0,0.0,0.0,7.0547,-9.403,0.0,-28.0806,25.2582,64.7635,6.91,8.27,11.79,-12.1563,-26.6022,-48.5157
NG,7.769999980926514,7.77,2026-09-22,False,7.329999923706055,7.839900016784668,5.57,0.15,BAJO,3409325312.0,,-39.21,8.09,-24.63,-4.36,0.0,0.0,-0.7,-93.73,0.41,112.82,4.0,YAHOO,-0.6449,-1.0202,-0.3947,0.055293,5.4196,-0.346,78.56,2026-09-30,8,,,yahoo,0.0,1.0,0.0,1.0,1.0,1.0,0.0,0.0,0.0,7.1724,-1.6456,31.25,7.6177,62.7329,71.7337,9.77,9.77,14.2,-20.4708,-20.4708,-45.2817
PBI,16.579999923706055,16.58,2026-09-22,False,16.420000076293945,16.7549991607666,0.24,43.37,BAJO,2272955648.0,13.48,9.1,-2.63,,8.41,21.68,10.04,10.29,7.9,,0.73,7.0,YAHOO,-0.6449,-1.0202,-0.3947,0.055293,5.4196,-0.346,78.56,2026-11-05,44,,,yahoo,1.0,1.0,1.0,1.0,0.0,0.0,1.0,1.0,1.0,-4.2725,-2.4132,-6.5786,-2.1951,22.9799,27.9598,17.58,18.4037,18.4037,-5.6883,-9.9096,-9.9096
TEM,77.19000244140625,77.19,2026-09-22,False,75.80999755859375,79.0,-1.08,-11.66,BAJO,13927758848.0,,-9506.16,31.24,-67.44,-8.55,-20.11,-17.77,-0.67,-76.06,3.25,3.3,4.0,YAHOO,-0.6449,-1.0202,-0.3947,0.055293,5.4196,-0.346,78.56,2026-11-03,42,,,yahoo,0.0,1.0,0.0,1.0,0.0,1.0,0.0,1.0,0.0,12.1133,20.0653,67.7679,58.7945,130.2461,94.4764,80.36,80.36,103.25,-3.9447,-3.9447,-25.2397
MRSH,170.00999450683594,170.01,2026-09-22,False,167.94000244140625,172.90499877929688,-1.57,-13.5,BAJO,81130684416.0,20.76,14.9,5.35,25.9,7.24,26.32,14.24,5.9,13.32,1.45,1.14,6.0,YAHOO,-0.6449,-1.0202,-0.3947,0.055293,5.4196,-0.346,78.56,2026-10-15,23,,,yahoo,1.0,0.0,1.0,1.0,1.0,0.0,1.0,0.0,1.0,-5.4239,-5.8221,-3.6224,4.3529,13.0328,26.8149,193.4,197.59,203.7672,-12.0941,-13.9582,-16.5665
CEPU,13.550000190734863,13.55,2026-09-22,False,13.220000267028809,13.65999984741211,1.27,54.74,BAJO,2032313600.0,6.45,8.07,1.06,19.03,7.21,24.84,28.78,-2064.22,1.24,0.33,1.28,7.0,YAHOO,-0.6449,-1.0202,-0.3947,0.055293,5.4196,-0.346,78.56,2026-11-11,50,,,yahoo,1.0,1.0,1.0,1.0,0.0,1.0,1.0,0.0,1.0,-2.0246,-3.6958,-11.2058,-10.2649,86.2407,40.1304,14.48,15.5,17.95,-6.4226,-12.5806,-24.5125
BMA,74.5999984741211,74.6,2026-09-22,False,72.93499755859375,75.58499908447266,-0.81,62.65,BAJO,4769851904.0,19.33,6.78,1.18,5.36,1.31,26.07,8.39,,,,,5.0,YAHOO,-0.6449,-1.0202,-0.3947,0.055293,5.4196,-0.346,78.56,2026-11-25,64,,,yahoo,,,,,,,,,,-1.8679,-4.7254,-18.5856,-20.1779,21.0947,42.4631,79.18,97.63,101.1279,-5.7843,-23.5891,-26.232
SUPV,7.920000076293945,7.92,2026-09-22,False,7.75,8.079999923706055,-0.88,25.78,BAJO,748505024.0,,6.45,0.89,-8.01,-1.15,3.31,-11.23,,,,,2.0,YAHOO,-0.6449,-1.0202,-0.3947,0.055293,5.4196,-0.346,78.56,2026-11-17,56,,,yahoo,0.0,0.0,1.0,1.0,0.0,0.0,0.0,0.0,0.0,-5.036,-8.9655,-18.0972,-21.7391,29.333,51.7515,8.86,10.29,12.86,-10.6095,-23.0321,-38.4137
EDN,23.280000686645508,23.28,2026-09-22,False,23.15999984741211,24.225000381469727,-1.19,26.29,BAJO,1107527082.746601,7.14,17.1,0.56,9.59,3.09,5.14,7.2,-10294.74,0.83,0.62,1.46,6.0,YAHOO,-0.6449,-1.0202,-0.3947,0.055293,5.4196,-0.346,78.56,2026-11-06,45,,,yahoo,1.0,0.0,1.0,0.0,0.0,1.0,1.0,1.0,1.0,-2.5941,-5.7108,-12.4483,-8.5265,17.7104,40.9162,25.07,27.27,35.71,-7.14,-14.6315,-34.8082
TGS,27.790000915527344,27.79,2026-09-22,False,27.520000457763672,28.0,-0.36,21.14,BAJO,4183845888.0,12.52,10.62,1.78,15.98,9.91,40.71,28.02,8586.54,-0.48,0.43,3.67,6.0,YAHOO,-0.6449,-1.0202,-0.3947,0.055293,5.4196,-0.346,78.56,2026-11-03,42,,,yahoo,1.0,0.0,1.0,1.0,0.0,1.0,1.0,1.0,0.0,-6.3679,-6.1466,-11.7778,-8.6756,21.5993,34.6081,30.74,31.83,35.32,-9.5966,-12.6924,-21.3194
TEO,14.180000305175781,14.18,2026-09-22,False,13.760000228881836,14.350000381469727,0.64,89.3,BAJO,6107859327.810684,11.92,14.96,1.04,10.83,3.12,13.95,8.91,13270.19,1.98,0.67,0.58,6.0,YAHOO,-0.6449,-1.0202,-0.3947,0.055293,5.4196,-0.346,78.56,2026-11-09,48,,,yahoo,,,,,,,,,,1.7217,8.4098,4.1116,8.8258,34.0116,32.339,14.18,14.3,15.98,0.0,-0.8392,-11.2641
IRS,15.390000343322754,15.39,2026-09-22,False,15.045900344848633,15.84000015258789,-1.35,17.29,BAJO,1301986304.0,4.74,59.42,0.83,18.09,4.08,39.09,56.48,12819.05,3.32,0.42,0.74,2.0,YAHOO,-0.6449,-1.0202,-0.3947,0.055293,5.4196,-0.346,78.56,2026-11-04,43,2026-09-04,18.0,yahoo,1.0,0.0,1.0,0.0,0.0,0.0,0.0,0.0,0.0,0.1953,1.8531,1.5842,-4.8237,50.626,26.9154,16.02,16.1,18.41,-3.9326,-4.4099,-16.4041
LOMA,9.59000015258789,9.59,2026-09-22,False,9.25,9.709799766540527,-0.31,16.41,BAJO,1119120768.0,39.96,12.46,1.34,3.82,2.65,6.84,5.13,-3073.57,1.63,0.24,2.25,5.0,YAHOO,-0.6449,-1.0202,-0.3947,0.055293,5.4196,-0.346,78.56,2026-11-05,44,,,yahoo,1.0,0.0,1.0,1.0,0.0,1.0,1.0,0.0,0.0,-1.032,-5.5172,-19.547,-21.3934,12.5653,36.7281,10.41,12.19,13.12,-7.877,-21.329,-26.9055
GLOB,35.0099983215332,35.01,2026-09-22,False,34.685001373291016,36.75,-2.32,-40.65,BAJO,1511716224.0,13.68,5.65,0.71,5.48,4.67,4.86,4.63,,4.97,0.24,1.84,4.0,YAHOO,-0.6449,-1.0202,-0.3947,0.055293,5.4196,-0.346,78.56,2026-11-19,58,,,yahoo,1.0,0.0,1.0,1.0,0.0,0.0,1.0,0.0,0.0,-12.6933,-5.6843,14.3744,19.5697,41.7681,61.7037,40.71,40.99,71.21,-14.0015,-14.5889,-50.8356
BBAR,14.130000114440918,14.13,2026-09-22,False,13.800100326538086,14.425000190734863,-1.19,44.49,BAJO,2885864448.0,13.21,12.86,1.07,8.12,1.24,19.02,8.62,,,,,4.0,YAHOO,-0.6449,-1.0202,-0.3947,0.055293,5.4196,-0.346,78.56,2026-11-24,63,2026-08-27,26.0,yahoo,1.0,0.0,1.0,1.0,0.0,0.0,1.0,0.0,0.0,-2.9533,-5.2949,-24.7775,-30.1441,24.7052,49.2292,15.34,21.075,21.7253,-7.8879,-32.9539,-34.9607
LND,3.609999895095825,3.61,2026-09-22,False,3.559999942779541,3.6500000953674316,0.0,-7.78,BAJO,359611789.3199227,,,0.91,-4.28,-1.3,-8.06,-10.07,-15.83,-31.41,0.71,1.54,2.0,YAHOO,-0.6449,-1.0202,-0.3947,0.055293,5.4196,-0.346,78.56,2026-11-05,44,2026-09-03,19.0,finnhub,0.0,0.0,1.0,1.0,0.0,0.0,0.0,0.0,0.0,0.838,-5.2493,-1.9022,2.2663,11.1741,21.4592,3.87,3.87,4.37,-6.7183,-6.7183,-17.3913
AGRO,10.930000305175781,10.93,2026-09-22,False,10.920000076293945,11.201000213623047,-1.89,33.08,BAJO,1577286144.0,28.76,7.86,0.91,3.69,2.47,17.0,3.0,-8.14,8.92,1.24,1.73,2.0,YAHOO,-0.6449,-1.0202,-0.3947,0.055293,5.4196,-0.346,78.56,2026-11-11,50,,,yahoo,0.0,0.0,1.0,1.0,0.0,0.0,0.0,0.0,0.0,-5.4498,-10.7026,1.4856,16.6489,35.9729,48.8304,12.46,12.46,15.18,-12.2793,-12.2793,-27.9974
USB,59.439998626708984,59.44,2026-09-22,False,58.86000061035156,60.68000030517578,-1.65,23.34,BAJO,92610576384.0,11.86,10.27,1.53,12.62,1.16,39.65,29.9,,,,,6.0,YAHOO,-0.6449,-1.0202,-0.3947,0.055293,5.4196,-0.346,78.56,2026-10-15,23,,,yahoo,1.0,1.0,1.0,1.0,0.0,0.0,1.0,0.0,1.0,-4.468,-4.8808,-6.1424,-0.1687,18.194,20.4907,63.53,65.42,65.42,-6.4379,-9.1409,-9.1409
IBKR,91.87999725341797,91.88,2026-09-22,False,89.73500061035156,93.19999694824219,-1.43,42.13,BAJO,156546564096.0,36.46,28.74,7.01,24.02,2.28,76.53,16.47,,,2.06,1.09,4.0,YAHOO,-0.6449,-1.0202,-0.3947,0.055293,5.4196,-0.346,78.56,2026-10-20,28,,,yahoo,1.0,0.0,1.0,1.0,0.0,0.0,0.0,1.0,0.0,3.4685,1.0003,0.2214,-2.89,31.2014,43.0469,98.1012,98.1012,98.1012,-6.3416,-6.3416,-6.3416
DAL,83.91999816894531,83.92,2026-09-22,False,82.45999908447266,84.87999725341797,1.72,42.51,BAJO,55187726336.0,13.92,9.89,2.52,20.12,4.02,7.92,5.78,5.11,9.38,0.97,0.42,6.0,YAHOO,-0.6449,-1.0202,-0.3947,0.055293,5.4196,-0.346,78.56,2026-10-09,17,,,yahoo,1.0,1.0,1.0,1.0,1.0,1.0,0.0,0.0,0.0,6.376,6.2817,2.3789,-2.9898,21.9763,30.6174,83.92,93.4293,93.4293,0.0,-10.1781,-10.1781
BIIB,225.36000061035156,225.36,2026-09-22,False,219.0,226.3800048828125,2.87,58.67,BAJO,33297842176.0,40.03,13.63,1.77,4.58,5.21,25.06,8.32,3.81,11.74,0.44,1.86,4.0,YAHOO,-0.6449,-1.0202,-0.3947,0.055293,5.4196,-0.346,78.56,2026-10-28,36,,,yahoo,1.0,0.0,1.0,1.0,0.0,1.0,0.0,0.0,0.0,4.2513,6.0518,12.3318,14.2857,30.3165,37.4066,225.36,225.36,225.36,0.0,0.0,0.0
SYY,78.66999816894531,78.67,2026-09-22,False,78.30500030517578,79.16999816894531,0.31,-2.12,BAJO,37727637504.0,21.49,14.65,14.12,77.69,7.97,4.84,2.08,5.07,11.31,5.65,1.28,6.0,YAHOO,-0.6449,-1.0202,-0.3947,0.055293,5.4196,-0.346,78.56,2026-11-03,42,,,yahoo,1.0,0.0,1.0,1.0,1.0,1.0,0.0,1.0,0.0,-1.1683,-1.4654,-3.744,-0.1117,9.0372,19.9455,83.54,85.32,89.8822,-5.8295,-7.7942,-12.4743
MDT,90.7699966430664,90.77,2026-09-22,False,90.55999755859375,92.61499786376953,-1.07,-2.5,BAJO,116107345920.0,22.36,14.17,2.31,10.65,5.12,19.33,13.93,4.66,13.19,0.55,2.07,7.0,YAHOO,-0.6449,-1.0202,-0.3947,0.055293,5.4196,-0.346,78.56,2026-11-17,56,2026-09-01,21.0,yahoo,1.0,1.0,1.0,1.0,0.0,1.0,1.0,0.0,1.0,-3.1787,-1.7534,10.6816,13.5917,8.3686,27.1567,94.17,94.17,102.8065,-3.6105,-3.6105,-11.7079
MS,200.17999267578125,200.18,2026-09-22,False,198.2100067138672,206.7530059814453,-2.88,25.83,BAJO,314395951104.0,16.16,14.67,2.95,17.97,1.34,41.57,25.9,,,5.17,2.0,3.0,YAHOO,-0.6449,-1.0202,-0.3947,0.055293,5.4196,-0.346,78.56,2026-10-14,22,,,yahoo,1.0,1.0,0.0,0.0,0.0,0.0,1.0,0.0,0.0,-2.9571,-7.4269,-6.4588,-10.949,31.2019,28.1658,217.72,227.2988,227.2988,-8.0562,-11.9309,-11.9309
O,56.529998779296875,56.53,2026-09-22,False,56.45500183105469,56.95000076293945,-0.21,-0.61,BAJO,53489704960.0,41.26,36.4,1.35,3.23,2.36,46.97,20.9,2.96,16.19,0.75,1.53,5.0,YAHOO,-0.6449,-1.0202,-0.3947,0.055293,5.4196,-0.346,78.56,2026-11-02,41,,,yahoo,1.0,1.0,1.0,1.0,0.0,0.0,0.0,0.0,1.0,-3.7132,-7.3582,-11.9004,-6.9328,9.8966,16.6018,62.5553,65.1872,65.8234,-9.6319,-13.2805,-14.1187
DOW,28.200000762939453,28.2,2026-09-22,False,27.8799991607666,28.670000076293945,-0.25,26.17,BAJO,20370010112.0,,15.85,1.28,-5.54,1.3,11.59,-3.13,1.17,9.36,1.12,1.75,3.0,YAHOO,-0.6449,-1.0202,-0.3947,0.055293,5.4196,-0.346,78.56,2026-10-22,30,,,yahoo,0.0,0.0,1.0,1.0,0.0,1.0,0.0,0.0,0.0,-5.5276,-4.6331,-7.6788,-5.9438,15.6463,36.3333,31.28,32.5226,40.973,-9.8465,-13.291,-31.1743
AVY,172.08999633789062,172.09,2026-09-22,False,169.9300994873047,172.83999633789062,1.63,6.31,BAJO,13042381824.0,18.83,15.38,5.62,31.16,8.39,13.59,7.62,7.7,10.85,1.59,1.13,5.0,YAHOO,-0.6449,-1.0202,-0.3947,0.055293,5.4196,-0.346,78.56,2026-10-21,29,,,yahoo,1.0,0.0,1.0,1.0,0.0,1.0,1.0,0.0,0.0,0.3323,0.8143,11.5271,9.6479,25.8719,27.2715,181.2765,182.6485,194.0973,-5.0677,-5.7808,-11.3383
SWKS,89.95999908447266,89.96,2026-09-22,False,88.11000061035156,90.83499908447266,1.37,10.39,BAJO,13536531456.0,46.61,18.13,2.36,5.09,3.44,8.82,7.23,3.32,15.24,0.12,3.1,6.0,YAHOO,-0.6449,-1.0202,-0.3947,0.055293,5.4196,-0.346,78.56,2026-11-03,42,,,yahoo,1.0,0.0,1.0,1.0,1.0,0.0,1.0,0.0,1.0,-0.0444,19.342,48.768,22.4945,63.2956,62.098,91.32,91.32,91.32,-1.4893,-1.4893,-1.4893
IP,35.709999084472656,35.71,2026-09-22,False,35.415000915527344,36.099998474121094,1.08,-20.36,BAJO,18910941184.0,,11.88,1.31,-16.48,1.59,2.3,-14.21,8.71,7.09,0.69,1.1,4.0,YAHOO,-0.6449,-1.0202,-0.3947,0.055293,5.4196,-0.346,78.56,2026-10-28,36,,,yahoo,0.0,0.0,1.0,1.0,1.0,0.0,0.0,1.0,0.0,5.0603,-2.1376,-4.7305,-1.2126,48.4082,43.0547,41.39,43.5936,47.4479,-13.7231,-18.0842,-24.7385
LVS,39.70000076293945,39.7,2026-09-22,False,39.59000015258789,41.02000045776367,-1.39,-24.82,BAJO,25713737728.0,15.39,11.31,44.26,122.87,9.55,19.66,12.59,8.61,8.26,17.04,1.0,8.0,YAHOO,-0.6449,-1.0202,-0.3947,0.055293,5.4196,-0.346,78.56,2026-10-21,29,,,yahoo,1.0,1.0,1.0,1.0,0.0,1.0,1.0,1.0,1.0,-3.8042,-9.7317,-13.2011,-16.3452,16.954,24.4798,47.27,49.5536,68.2933,-16.0144,-19.8847,-41.8684
KLAC,188.32000732421875,188.32,2026-09-22,False,179.72000122070312,188.60000610351562,2.36,75.19,BAJO,246048899072.0,51.45,28.08,38.76,87.5,20.8,42.49,35.57,1.07,39.91,0.97,2.88,7.0,YAHOO,-0.6449,-1.0202,-0.3947,0.055293,5.4196,-0.346,78.56,2026-10-28,36,,,yahoo,1.0,1.0,1.0,0.0,1.0,1.0,1.0,1.0,0.0,12.0819,-0.3492,-13.8057,-22.8873,26.645,67.3237,188.98,301.3694,301.3694,-0.3492,-37.5119,-37.5119
DECK,79.83000183105469,79.83,2026-09-22,False,79.58499908447266,83.0,-0.5,-31.04,BAJO,10871397376.0,11.36,9.59,4.74,42.56,20.32,15.23,18.36,8.02,7.36,0.21,2.75,6.0,YAHOO,-0.6449,-1.0202,-0.3947,0.055293,5.4196,-0.346,78.56,2026-10-22,30,,,yahoo,1.0,1.0,1.0,1.0,0.0,0.0,1.0,0.0,1.0,2.9932,-3.3535,-17.0425,-22.9663,31.2833,37.7535,89.47,109.03,120.94,-10.7746,-26.7816,-33.9921
IFF,85.79000091552734,85.79,2026-09-22,False,84.16000366210938,86.0999984741211,2.62,40.38,BAJO,21889316864.0,,21.66,1.57,-5.55,2.27,8.49,2.57,-7.86,14.17,0.45,2.06,5.0,YAHOO,-0.6449,-1.0202,-0.3947,0.055293,5.4196,-0.346,78.56,2026-11-03,42,,,yahoo,0.0,0.0,1.0,1.0,1.0,0.0,0.0,1.0,1.0,2.322,0.6728,16.8443,15.3742,29.0101,33.781,87.5357,87.6551,87.6551,-1.9942,-2.1278,-2.1278
SNA,371.79998779296875,371.8,2026-09-22,False,368.625,378.2900085449219,0.55,11.59,BAJO,19232143360.0,18.97,17.42,3.18,17.93,9.85,25.4,19.6,5.77,13.37,0.22,3.43,6.0,YAHOO,-0.6449,-1.0202,-0.3947,0.055293,5.4196,-0.346,78.56,2026-10-15,23,,,yahoo,1.0,0.0,1.0,1.0,1.0,1.0,1.0,0.0,0.0,-0.8057,-2.127,-5.3876,-3.0435,8.4606,17.2786,397.48,416.7245,416.7245,-6.4607,-10.7804,-10.7804
NUE,245.66000366210938,245.66,2026-09-22,False,241.2100067138672,246.4199981689453,1.34,83.3,BAJO,55734280192.0,19.61,12.43,2.52,14.55,7.32,15.67,7.99,1.23,10.79,0.31,2.51,6.0,YAHOO,-0.6449,-1.0202,-0.3947,0.055293,5.4196,-0.346,78.56,2026-10-26,34,,,yahoo,1.0,0.0,1.0,1.0,0.0,1.0,1.0,0.0,1.0,-5.0846,-4.1888,1.8702,2.7682,59.7103,36.0142,265.14,274.74,274.74,-7.3471,-10.5845,-10.5845
PLD,135.8800048828125,135.88,2026-09-22,False,134.61000061035156,136.27000427246094,0.04,21.46,BAJO,132087783424.0,30.2,39.91,2.36,7.75,2.52,43.03,43.58,4.09,24.72,0.64,0.65,4.0,YAHOO,-0.6449,-1.0202,-0.3947,0.055293,5.4196,-0.346,78.56,2026-10-15,23,,,yahoo,1.0,0.0,1.0,1.0,0.0,0.0,0.0,0.0,1.0,0.8236,-1.0985,-5.6237,-5.7082,9.6813,21.4357,142.201,148.878,148.878,-4.4451,-8.7306,-8.7306
EFX,159.77999877929688,159.78,2026-09-22,False,157.97000122070312,162.52999877929688,0.73,-38.66,BAJO,18771736576.0,28.08,15.72,4.29,14.27,6.16,17.3,10.73,5.05,12.51,1.21,0.6,8.0,YAHOO,-0.6449,-1.0202,-0.3947,0.055293,5.4196,-0.346,78.56,2026-10-20,28,,,yahoo,1.0,1.0,1.0,1.0,1.0,0.0,1.0,1.0,1.0,-4.3692,-6.899,-3.8857,5.0559,17.5406,42.1632,193.79,194.0692,254.6691,-17.5499,-17.6685,-37.2598
DE,703.1199951171875,703.12,2026-09-22,False,684.10498046875,704.5900268554688,2.69,50.24,BAJO,189579018240.0,39.04,30.96,6.77,18.24,3.76,13.37,10.17,2.38,28.18,2.3,2.13,5.0,YAHOO,-0.6449,-1.0202,-0.3947,0.055293,5.4196,-0.346,78.56,2026-11-25,64,,,yahoo,1.0,0.0,1.0,1.0,0.0,1.0,1.0,0.0,0.0,2.7893,3.2891,15.2618,19.0902,24.1395,33.4432,703.12,703.12,703.12,0.0,0.0,0.0
DHR,221.08999633789062,221.09,2026-09-22,False,214.2801055908203,222.4199981689453,2.43,15.39,BAJO,155423178752.0,39.41,23.78,2.96,7.61,3.95,19.78,15.95,2.78,21.83,0.53,1.65,5.0,YAHOO,-0.6449,-1.0202,-0.3947,0.055293,5.4196,-0.346,78.56,2026-10-21,29,,,yahoo,1.0,0.0,1.0,1.0,0.0,1.0,1.0,0.0,0.0,5.6028,7.7279,14.8519,23.791,19.653,38.2005,221.09,221.09,241.0351,0.0,0.0,-8.2748
LIN,464.9100036621094,464.91,2026-09-22,False,455.2799987792969,465.95001220703125,1.62,-2.92,BAJO,214314287104.0,29.97,23.77,5.48,18.4,7.16,28.12,20.43,1.94,17.29,0.69,0.88,5.0,YAHOO,-0.6449,-1.0202,-0.3947,0.055293,5.4196,-0.346,78.56,2026-10-30,38,,,yahoo,1.0,0.0,1.0,1.0,0.0,0.0,1.0,1.0,0.0,0.4212,-0.7409,-7.8762,-8.9445,17.6471,20.8331,488.7206,544.8458,544.8458,-4.872,-14.6713,-14.6713
SPGI,402.44000244140625,402.44,2026-09-22,False,401.95001220703125,409.989990234375,-0.5,-16.66,BAJO,118639312896.0,24.51,19.9,3.77,14.26,7.03,44.79,30.54,4.59,16.63,0.43,0.95,7.0,YAHOO,-0.6449,-1.0202,-0.3947,0.055293,5.4196,-0.346,78.56,2026-10-29,37,,,yahoo,1.0,1.0,1.0,1.0,0.0,0.0,1.0,1.0,1.0,-2.4435,-6.2589,-3.9658,6.5409,6.6542,33.6664,450.58,456.3554,513.3384,-10.684,-11.8143,-21.6034
TJX,130.7899932861328,130.79,2026-09-22,False,129.92999267578125,132.49000549316406,-0.13,-6.59,BAJO,143865593856.0,24.22,22.65,13.89,62.17,13.54,10.91,9.73,3.06,17.11,1.34,1.15,7.0,YAHOO,-0.6449,-1.0202,-0.3947,0.055293,5.4196,-0.346,78.56,2026-11-18,57,,,yahoo,1.0,1.0,1.0,1.0,1.0,0.0,1.0,1.0,0.0,4.9679,1.4505,-14.5148,-20.1688,25.7169,22.8047,139.48,161.5503,167.8803,-6.2303,-19.0407,-22.0933
JCI,146.44000244140625,146.44,2026-09-22,False,144.29849243164062,146.9340057373047,0.87,33.6,BAJO,88704778240.0,41.13,24.11,6.58,14.33,5.4,15.88,14.32,3.36,22.38,0.7,1.0,6.0,YAHOO,-0.6449,-1.0202,-0.3947,0.055293,5.4196,-0.346,78.56,2026-11-04,43,,,yahoo,1.0,1.0,1.0,0.0,0.0,0.0,1.0,1.0,1.0,6.1899,0.3279,2.4845,3.9425,9.1618,28.5487,146.44,154.3279,154.3279,0.0,-5.1112,-5.1112
ADP,269.6400146484375,269.64,2026-09-22,False,266.2974853515625,273.0,-0.11,-7.06,BAJO,107117936640.0,24.67,20.12,17.79,72.24,6.25,23.46,20.11,4.89,16.93,0.91,1.05,6.0,YAHOO,-0.6449,-1.0202,-0.3947,0.055293,5.4196,-0.346,78.56,2026-10-28,36,,,yahoo,1.0,0.0,1.0,1.0,0.0,1.0,1.0,1.0,0.0,-2.4916,1.271,11.7283,23.0683,2.4302,29.7714,285.6519,285.6519,285.6519,-5.6054,-5.6054,-5.6054
ECL,276.2200012207031,276.22,2026-09-22,False,271.0,277.1099853515625,2.31,3.0,BAJO,77432365056.0,37.08,29.33,7.7,21.96,7.23,18.52,12.57,1.9,20.85,1.38,1.84,6.0,YAHOO,-0.6449,-1.0202,-0.3947,0.055293,5.4196,-0.346,78.56,2026-10-27,35,,,yahoo,1.0,0.0,1.0,1.0,1.0,0.0,1.0,1.0,0.0,0.5899,-0.4157,5.2496,3.0871,23.6332,20.5032,289.83,289.83,305.8774,-4.6959,-4.6959,-9.6958
SHW,328.3500061035156,328.35,2026-09-22,False,324.6099853515625,329.3699951171875,2.19,-5.86,BAJO,79709634560.0,30.32,24.14,20.56,65.12,9.52,18.12,11.01,3.14,19.6,3.9,0.73,6.0,YAHOO,-0.6449,-1.0202,-0.3947,0.055293,5.4196,-0.346,78.56,2026-10-27,35,,,yahoo,1.0,0.0,1.0,1.0,0.0,1.0,1.0,1.0,0.0,1.5872,0.6931,5.9796,1.9229,17.6625,31.2834,350.45,368.8774,369.9614,-6.3062,-10.9867,-11.2475
ROST,232.50999450683594,232.51,2026-09-22,False,230.52999877929688,234.80999755859375,0.54,60.51,BAJO,74584809472.0,28.08,26.0,11.02,42.63,12.78,13.58,10.85,2.68,20.32,0.7,1.61,6.0,YAHOO,-0.6449,-1.0202,-0.3947,0.055293,5.4196,-0.346,78.56,2026-11-19,58,,,yahoo,1.0,0.0,1.0,1.0,1.0,0.0,1.0,0.0,1.0,2.7623,1.3955,0.245,1.7068,25.0283,24.9738,240.7247,254.7377,254.7377,-3.4125,-8.7257,-8.7257
VRTX,514.989990234375,514.99,2026-09-22,False,508.1426086425781,525.969970703125,0.84,32.87,BAJO,130529837056.0,29.98,25.63,6.44,23.54,11.93,38.05,35.0,2.01,24.23,0.1,3.19,6.0,YAHOO,-0.6449,-1.0202,-0.3947,0.055293,5.4196,-0.346,78.56,2026-11-02,41,,,yahoo,1.0,1.0,1.0,0.0,0.0,1.0,1.0,1.0,0.0,0.07,-2.63,8.8567,9.9419,17.5037,29.8108,557.96,557.96,557.96,-7.7013,-7.7013,-7.7013
DD,131.8000030517578,131.8,2026-09-22,False,129.94500732421875,132.22000122070312,1.55,34.98,BAJO,17798664192.0,56.32,16.55,1.29,1.79,2.07,14.24,0.79,10.31,12.22,0.23,2.43,6.0,YAHOO,-0.6449,-1.0202,-0.3947,0.055293,5.4196,-0.346,78.56,2026-11-05,44,,,yahoo,0.0,0.0,1.0,1.0,1.0,0.0,1.0,1.0,1.0,2.9366,0.3655,-3.6537,-5.4497,7.9154,22.9137,138.192,146.7245,152.6918,-4.6255,-10.1718,-13.6823
HOOD,124.25,124.25,2026-09-22,False,122.45999908447266,126.16000366210938,0.77,-2.06,BAJO,111710978048.0,54.98,36.71,11.78,23.62,4.53,43.88,42.01,,,2.4,1.12,4.0,YAHOO,-0.6449,-1.0202,-0.3947,0.055293,5.4196,-0.346,78.56,2026-11-04,43,,,yahoo,1.0,0.0,1.0,0.0,0.0,0.0,0.0,1.0,1.0,12.4943,5.8889,22.3174,20.339,56.6448,74.8466,124.72,124.72,152.46,-0.3768,-0.3768,-18.5032
GEV,950.280029296875,950.28,2026-09-22,False,932.1900024414062,958.989990234375,0.43,46.26,BAJO,253091479552.0,27.21,37.82,21.17,82.58,2.54,7.47,23.04,6.21,62.18,0.28,0.85,7.0,YAHOO,-0.6449,-1.0202,-0.3947,0.055293,5.4196,-0.346,78.56,2026-10-28,36,,,yahoo,1.0,1.0,1.0,1.0,1.0,0.0,1.0,1.0,0.0,7.6426,-2.1651,-7.8463,-8.1837,11.3077,53.1857,971.31,1174.86,1174.86,-2.1651,-19.1155,-19.1155
DELL,548.9199829101562,548.92,2026-09-22,False,547.7100219726562,574.5999755859375,-4.59,308.15,BAJO,349010329600.0,31.91,18.85,-246.15,,8.64,12.02,7.52,1.73,21.97,,0.96,7.0,YAHOO,-0.6449,-1.0202,-0.3947,0.055293,5.4196,-0.346,78.56,2026-11-27,66,2026-09-01,21.0,yahoo,1.0,1.0,1.0,1.0,1.0,1.0,1.0,0.0,0.0,0.9954,2.8171,24.942,28.5303,66.8225,83.4286,588.4,588.4,588.4,-6.7097,-6.7097,-6.7097
GLW,159.69000244140625,159.69,2026-09-22,False,155.14999389648438,160.70899963378906,0.45,101.94,BAJO,137555116032.0,73.93,36.71,11.52,16.81,5.37,15.65,11.2,0.53,35.34,0.71,1.81,7.0,YAHOO,-0.6449,-1.0202,-0.3947,0.055293,5.4196,-0.346,78.56,2026-10-27,35,,,yahoo,1.0,1.0,1.0,1.0,1.0,0.0,0.0,1.0,1.0,11.228,-3.778,2.5187,-17.5603,37.2811,82.2456,168.46,255.2094,255.2094,-5.206,-37.4279,-37.4279
WDC,464.6000061035156,464.6,2026-09-22,False,438.0,474.5400085449219,3.67,312.53,BAJO,167507312640.0,17.25,14.63,22.45,130.85,20.76,43.61,72.95,1.35,32.23,13.44,1.33,6.0,YAHOO+FINNHUB,-0.6449,-1.0202,-0.3947,0.055293,5.4196,-0.346,78.56,2026-11-05,44,,,yahoo,1.0,1.0,1.0,0.0,0.0,1.0,0.0,1.0,1.0,12.7779,-2.6608,-16.7564,-30.712,21.2773,84.8496,482.28,651.6708,745.9905,-3.6659,-28.7063,-37.7204
FISV,46.099998474121094,46.1,2026-09-22,False,45.76499938964844,47.25,-0.8,-66.22,BAJO,24514445312.0,8.83,5.73,0.91,10.77,3.49,23.07,,,,1.04,1.04,5.0,YAHOO+FINNHUB,-0.6449,-1.0202,-0.3947,0.055293,5.4196,-0.346,78.56,2026-10-28,36,,,yahoo,1.0,1.0,1.0,1.0,0.0,0.0,1.0,0.0,0.0,-7.8369,-9.359,-7.7447,-2.537,28.176,39.1934,53.31,55.78,131.8,-13.5247,-17.3539,-65.0228
BKR,57.2599983215332,57.26,2026-09-22,False,56.56999969482422,57.560001373291016,-0.99,20.45,BAJO,56840515584.0,18.41,18.41,2.85,16.46,4.85,12.83,11.17,7.77,11.62,0.81,2.1,7.0,YAHOO,-0.6449,-1.0202,-0.3947,0.055293,5.4196,-0.346,78.56,2026-10-22,30,,,yahoo,1.0,0.0,1.0,1.0,1.0,1.0,1.0,1.0,0.0,0.952,-10.4193,2.4615,-2.0609,15.7144,32.0288,64.63,64.9,69.1833,-11.4034,-11.772,-17.2344
CCL,22.280000686645508,22.28,2026-09-22,False,22.1299991607666,23.344999313354492,-0.13,-27.83,BAJO,30515783680.0,10.04,8.56,2.36,26.69,5.37,12.79,11.24,6.22,7.46,2.02,0.33,8.0,YAHOO,-0.6449,-1.0202,-0.3947,0.055293,5.4196,-0.346,78.56,2026-09-29,7,,,yahoo,1.0,1.0,1.0,1.0,1.0,1.0,0.0,1.0,1.0,0.7689,-3.9655,-11.3704,-22.0171,25.0904,33.6494,26.14,29.5154,33.4524,-14.7666,-24.514,-33.398
BKNG,164.22000122070312,164.22,2026-09-22,False,160.58999633789062,173.2899932861328,-2.55,-25.63,BAJO,123391705088.0,18.25,13.27,-11.54,,20.38,34.41,25.53,6.26,12.52,,1.09,6.0,YAHOO,-0.6449,-1.0202,-0.3947,0.055293,5.4196,-0.346,78.56,2026-10-27,35,,,yahoo,1.0,0.0,1.0,1.0,0.0,1.0,1.0,0.0,1.0,-4.1443,-8.6985,-4.7523,-2.5591,20.0664,39.8941,213.265,213.9034,221.006,-22.9972,-23.227,-25.6943
HWM,225.36000061035156,225.36,2026-09-22,False,223.27999877929688,227.93499755859375,-0.88,15.98,BAJO,89873883136.0,48.57,34.9,15.73,34.73,12.81,28.5,20.52,1.32,33.92,0.81,1.82,8.0,YAHOO,-0.6449,-1.0202,-0.3947,0.055293,5.4196,-0.346,78.56,2026-11-05,44,,,yahoo,1.0,1.0,1.0,1.0,1.0,0.0,1.0,1.0,1.0,0.3071,-2.6649,-21.464,-18.05,21.0457,37.9847,269.34,292.65,292.65,-16.3288,-22.9933,-22.9933
WELL,230.38999938964844,230.39,2026-09-22,False,229.0,231.63999938964844,-1.02,38.09,BAJO,166012583936.0,103.31,72.45,3.57,3.84,0.83,16.56,12.15,1.66,55.4,0.41,1.32,7.0,YAHOO,-0.6449,-1.0202,-0.3947,0.055293,5.4196,-0.346,78.56,2026-10-26,34,,,yahoo,1.0,0.0,1.0,1.0,1.0,1.0,0.0,1.0,1.0,-1.0182,-2.8915,-6.3915,6.2433,22.8528,21.3308,241.56,251.122,251.122,-4.6241,-8.2558,-8.2558
XYZ,77.52999877929688,77.53,2026-09-22,False,77.05999755859375,79.80000305175781,-0.49,-1.39,BAJO,46579638272.0,138.45,14.95,2.11,1.61,2.01,7.0,1.43,-0.06,30.35,0.33,2.21,6.0,YAHOO,-0.6449,-1.0202,-0.3947,0.055293,5.4196,-0.346,78.56,2026-11-09,48,,,yahoo,1.0,0.0,1.0,1.0,1.0,0.0,1.0,1.0,0.0,-0.996,-3.2085,1.3597,7.13,19.5592,36.0888,84.85,84.85,84.85,-8.627,-8.627,-8.627
A,167.25999450683594,167.26,2026-09-22,False,161.03500366210938,167.58999633789062,3.29,31.91,BAJO,47161602048.0,32.99,24.75,6.41,20.97,8.63,25.56,19.53,2.25,23.1,0.56,2.05,,YAHOO,-0.6449,-1.0202,-0.3947,0.055293,5.4196,-0.346,78.56,2026-11-25,64,2026-08-26,27.0,yahoo,1.0,0.0,1.0,1.0,1.0,0.0,1.0,0.0,0.0,11.3063,13.8985,19.6937,32.2979,25.1884,28.3343,167.26,167.26,167.26,0.0,0.0,0.0
ACGL,94.94999694824219,94.95,2026-09-22,False,94.73999786376953,95.83000183105469,-0.87,6.31,BAJO,32399704064.0,7.43,9.74,1.39,19.94,4.12,26.58,24.4,13.28,5.97,0.18,0.59,,YAHOO,-0.6449,-1.0202,-0.3947,0.055293,5.4196,-0.346,78.56,2026-10-26,34,,,yahoo,1.0,0.0,1.0,1.0,1.0,0.0,1.0,0.0,1.0,-2.1538,-0.7941,-5.1449,1.3232,9.5387,22.1513,100.72,106.48,106.48,-5.7288,-10.8283,-10.8283
ADM,82.33999633789062,82.34,2026-09-22,False,82.30000305175781,83.83000183105469,-1.25,40.02,BAJO,39684550656.0,22.5,14.52,1.68,7.64,2.26,4.01,2.16,2.93,16.27,0.39,1.39,,YAHOO,-0.6449,-1.0202,-0.3947,0.055293,5.4196,-0.346,78.56,2026-11-03,42,,,yahoo,1.0,0.0,1.0,1.0,1.0,0.0,0.0,0.0,0.0,-4.9302,-2.5562,-4.0387,9.2598,48.3727,28.9811,88.09,88.09,88.09,-6.5274,-6.5274,-6.5274
ADSK,219.6199951171875,219.62,2026-09-22,False,215.25,222.0,0.35,-33.85,BAJO,45900578816.0,28.41,15.47,13.57,53.85,11.47,29.23,21.08,6.88,19.81,1.1,0.85,,YAHOO,-0.6449,-1.0202,-0.3947,0.055293,5.4196,-0.346,78.56,2026-11-27,66,2026-08-27,26.0,yahoo,1.0,0.0,1.0,1.0,0.0,1.0,1.0,1.0,1.0,-3.0375,3.4918,6.996,16.3365,13.0899,47.2321,270.58,270.58,324.86,-18.8336,-18.8336,-32.3955
AEE,101.66000366210938,101.66,2026-09-22,False,101.23999786376953,102.19999694824219,-0.17,3.96,BAJO,28143886336.0,17.9,17.47,2.06,11.94,3.06,25.24,18.58,-6.35,12.82,1.58,0.53,,YAHOO,-0.6449,-1.0202,-0.3947,0.055293,5.4196,-0.346,78.56,2026-11-04,43,,,yahoo,1.0,1.0,1.0,1.0,1.0,0.0,0.0,0.0,1.0,-1.3201,-4.7503,-9.6131,-8.3427,15.9226,16.1859,106.991,114.2098,117.4865,-4.9826,-10.9883,-13.4709
AEP,120.2699966430664,120.27,2026-09-22,False,119.15499877929688,120.73999786376953,0.2,14.29,BAJO,65474670592.0,20.84,17.54,2.04,10.13,2.98,23.25,13.78,-9.16,13.25,1.61,0.5,,YAHOO,-0.6449,-1.0202,-0.3947,0.055293,5.4196,-0.346,78.56,2026-10-29,37,,,yahoo,1.0,1.0,1.0,1.0,0.0,1.0,0.0,0.0,0.0,-0.2819,-4.1062,-10.1796,-9.3871,14.1403,17.5286,125.42,137.4634,137.6421,-4.1062,-12.5076,-12.6212
AES,14.819999694824219,14.82,2026-09-22,False,14.819999694824219,14.859999656677246,-0.07,16.94,BAJO,10573160448.0,5.55,6.25,2.14,9.57,2.96,18.67,14.34,-29.22,12.17,2.57,0.75,,YAHOO,-0.6449,-1.0202,-0.3947,0.055293,5.4196,-0.346,78.56,2026-11-04,43,,,yahoo,1.0,0.0,1.0,1.0,1.0,0.0,0.0,0.0,0.0,0.1351,-0.0674,1.1312,2.0255,2.8171,3.0107,14.85,14.85,16.8672,-0.202,-0.202,-12.1373
AFL,114.5999984741211,114.6,2026-09-22,False,114.125,115.05999755859375,-0.5,7.39,BAJO,57453940736.0,12.36,15.2,1.9,16.91,3.13,25.72,26.91,8.97,10.71,0.53,0.89,,YAHOO,-0.6449,-1.0202,-0.3947,0.055293,5.4196,-0.346,78.56,2026-11-04,43,,,yahoo,1.0,0.0,1.0,0.0,0.0,0.0,1.0,0.0,0.0,-2.5096,-0.4863,-7.3692,-3.0414,5.8756,17.9163,118.36,128.9008,128.9008,-3.1768,-11.0944,-11.0944
AIZ,271.0799865722656,271.08,2026-09-22,False,270.7200012207031,281.42999267578125,-2.27,28.67,BAJO,13370686464.0,12.98,11.57,2.2,18.34,2.56,11.73,7.9,16.08,7.98,0.36,0.38,,YAHOO,-0.6449,-1.0202,-0.3947,0.055293,5.4196,-0.346,78.56,2026-11-03,42,,,yahoo,1.0,1.0,1.0,1.0,0.0,0.0,1.0,0.0,1.0,-5.2532,-3.5337,-0.6875,2.4944,17.0491,22.3159,287.71,300.641,300.641,-5.7801,-9.8327,-9.8327
AJG,230.4499969482422,230.45,2026-09-22,False,226.7899932861328,236.60000610351562,-2.6,-23.84,BAJO,59073781760.0,38.22,15.48,2.49,6.72,2.32,19.16,10.38,3.52,17.12,0.59,1.05,,YAHOO,-0.6449,-1.0202,-0.3947,0.055293,5.4196,-0.346,78.56,2026-10-29,37,,,yahoo,1.0,0.0,1.0,1.0,1.0,0.0,0.0,1.0,1.0,-7.0916,-8.3516,-4.6011,7.0839,13.066,35.9003,267.7945,271.2652,306.8697,-13.9452,-15.0462,-24.903
AKAM,118.33999633789062,118.34,2026-09-22,False,116.0999984741211,122.79000091552734,0.79,52.78,BAJO,17007422464.0,42.88,16.41,3.58,8.92,2.52,7.63,9.51,4.18,21.17,1.97,1.64,,YAHOO,-0.6449,-1.0202,-0.3947,0.055293,5.4196,-0.346,78.56,2026-11-05,44,,,yahoo,1.0,0.0,1.0,1.0,0.0,1.0,1.0,0.0,0.0,12.277,12.0538,0.8264,-1.2764,100.7833,57.2351,118.34,129.52,161.14,0.0,-8.6319,-26.5608
ALB,116.80000305175781,116.8,2026-09-22,False,112.80000305175781,117.58999633789062,3.44,45.43,BAJO,13782990848.0,432.59,10.34,1.71,2.65,3.16,27.71,3.79,9.68,10.92,0.19,2.09,,YAHOO,-0.6449,-1.0202,-0.3947,0.055293,5.4196,-0.346,78.56,2026-11-04,43,,,yahoo,0.0,1.0,1.0,1.0,0.0,1.0,0.0,1.0,0.0,2.9528,-9.552,0.2425,-21.8606,59.8484,42.7635,137.2875,142.769,214.3488,-14.9231,-18.1895,-45.5094
ALGN,153.2899932861328,153.29,2026-09-22,False,147.61500549316406,154.10000610351562,4.36,15.31,BAJO,10889699328.0,26.61,12.22,2.58,10.15,7.56,18.25,9.99,5.46,10.21,0.03,1.4,,YAHOO,-0.6449,-1.0202,-0.3947,0.055293,5.4196,-0.346,78.56,2026-10-28,36,,,yahoo,1.0,0.0,1.0,1.0,1.0,1.0,1.0,0.0,1.0,4.2789,-0.1303,-8.8861,-9.0213,41.5216,39.3672,159.86,188.39,197.51,-4.1099,-18.6316,-22.3887
ALL,229.5,229.5,2026-09-22,False,227.2899932861328,242.16000366210938,-5.5,11.76,BAJO,58030899200.0,4.6,8.3,1.84,46.11,8.68,22.83,18.97,26.12,3.81,0.22,0.36,,YAHOO,-0.6449,-1.0202,-0.3947,0.055293,5.4196,-0.346,78.56,2026-11-04,43,,,yahoo,1.0,1.0,1.0,0.0,1.0,0.0,1.0,0.0,0.0,-10.7733,-9.4532,-9.455,-0.4728,33.8468,30.8713,263.11,273.9698,273.9698,-12.7741,-16.2316,-16.2316
ALLE,153.9499969482422,153.95,2026-09-22,False,152.41000366210938,154.31500244140625,1.71,-13.97,BAJO,13091412992.0,20.23,15.75,6.18,33.73,11.03,22.1,15.36,3.7,14.29,1.05,1.93,,YAHOO,-0.6449,-1.0202,-0.3947,0.055293,5.4196,-0.346,78.56,2026-10-22,30,,,yahoo,1.0,0.0,1.0,1.0,1.0,0.0,1.0,1.0,0.0,-0.4204,-0.9953,-0.0473,19.9882,18.7984,30.9803,159.8024,168.342,177.7255,-3.6623,-8.5493,-13.3777
AMCR,43.2400016784668,43.24,2026-09-22,False,42.65999984741211,43.32500076293945,2.59,9.65,BAJO,19991828480.0,18.17,9.93,1.69,9.4,3.57,9.69,4.71,7.52,9.62,1.28,1.25,,YAHOO,-0.6449,-1.0202,-0.3947,0.055293,5.4196,-0.346,78.56,2026-11-05,44,,,yahoo,1.0,1.0,1.0,1.0,0.0,1.0,0.0,1.0,1.0,1.837,-2.4808,2.8883,8.4869,24.2313,29.0437,46.6005,47.9018,48.4112,-7.2112,-9.7319,-10.6819
AME,245.41000366210938,245.41,2026-09-22,False,241.7949981689453,246.47999572753906,1.73,29.47,BAJO,56263004160.0,35.83,25.6,5.0,14.56,8.16,26.18,20.04,2.65,23.23,0.21,1.21,,YAHOO,-0.6449,-1.0202,-0.3947,0.055293,5.4196,-0.346,78.56,2026-10-29,37,,,yahoo,1.0,0.0,1.0,1.0,1.0,0.0,1.0,1.0,0.0,4.6748,3.368,1.9191,4.993,5.4693,23.3423,245.41,258.1438,258.1438,0.0,-4.9328,-4.9328
AMP,512.3699951171875,512.37,2026-09-22,False,498.7950134277344,535.6950073242188,-4.36,3.47,BAJO,45259288576.0,12.37,9.92,7.12,63.43,2.28,30.72,19.9,6.41,,0.68,2.18,,YAHOO,-0.6449,-1.0202,-0.3947,0.055293,5.4196,-0.346,78.56,2026-10-29,37,,,yahoo,1.0,0.0,1.0,1.0,0.0,0.0,1.0,0.0,1.0,-8.3974,-7.958,-1.1804,10.2681,35.9082,25.7025,565.08,570.68,570.68,-9.3279,-10.2176,-10.2176
AMT,175.25,175.25,2026-09-22,False,172.83999633789062,177.03900146484375,0.37,-7.34,BAJO,81659502592.0,24.14,25.0,21.95,33.91,4.89,45.41,31.08,3.58,18.61,4.39,0.35,,YAHOO,-0.6449,-1.0202,-0.3947,0.055293,5.4196,-0.346,78.56,2026-10-27,35,,,yahoo,1.0,1.0,1.0,1.0,1.0,0.0,1.0,0.0,1.0,-1.3843,-0.2731,6.4379,-2.3024,10.0562,25.0666,178.57,179.26,192.2845,-1.8592,-2.237,-8.859
AON,286.1000061035156,286.1,2026-09-22,False,282.760009765625,293.54998779296875,-1.62,-20.21,BAJO,60689088512.0,15.76,14.11,6.32,44.7,5.83,23.46,22.27,5.26,12.98,1.63,1.03,,YAHOO,-0.6449,-1.0202,-0.3947,0.055293,5.4196,-0.346,78.56,2026-10-30,38,,,yahoo,1.0,1.0,1.0,0.0,1.0,1.0,1.0,1.0,1.0,-6.0951,-9.4018,-19.4018,-10.5967,11.524,33.8349,355.4,380.3929,380.3929,-19.4992,-24.7883,-24.7883
AOS,58.15999984741211,58.16,2026-09-22,False,57.314998626708984,58.220001220703125,2.11,-19.27,BAJO,7904442880.0,16.2,14.23,4.29,27.13,12.54,18.93,13.15,6.13,10.72,0.37,1.59,,YAHOO,-0.6449,-1.0202,-0.3947,0.055293,5.4196,-0.346,78.56,2026-10-27,35,,,yahoo,1.0,1.0,1.0,1.0,1.0,0.0,1.0,1.0,1.0,1.6428,-1.1221,-1.6437,1.8666,16.4,28.7605,62.48,63.98,79.5335,-6.9142,-9.0966,-26.8736
APA,42.29999923706055,42.3,2026-09-22,False,42.26499938964844,43.45000076293945,-3.45,83.86,BAJO,14819868672.0,8.92,9.46,2.11,26.66,11.6,56.33,19.56,14.49,3.45,0.49,0.95,,YAHOO,-0.6449,-1.0202,-0.3947,0.055293,5.4196,-0.346,78.56,2026-11-04,43,,,yahoo,1.0,1.0,1.0,1.0,1.0,0.0,1.0,0.0,1.0,-10.7783,-2.8703,16.145,24.4819,33.6894,44.0808,47.41,47.41,47.41,-10.7783,-10.7783,-10.7783
APD,287.8599853515625,287.86,2026-09-22,False,279.7200012207031,288.3699951171875,3.01,1.25,BAJO,64102256640.0,,19.94,4.62,0.02,4.73,25.54,-0.38,-2.34,17.67,1.1,1.08,,YAHOO,-0.6449,-1.0202,-0.3947,0.055293,5.4196,-0.346,78.56,2026-11-05,44,,,yahoo,0.0,0.0,1.0,1.0,0.0,0.0,0.0,0.0,0.0,-0.9292,-3.3086,-2.1849,2.5485,32.1922,28.2296,309.46,314.19,314.19,-6.9799,-8.3803,-8.3803
APH,82.83999633789062,82.84,2026-09-22,False,79.51000213623047,83.37000274658203,2.63,33.12,BAJO,204280692736.0,41.42,25.27,13.18,38.12,14.47,29.78,17.73,1.87,22.46,1.2,1.89,,YAHOO,-0.6449,-1.0202,-0.3947,0.055293,5.4196,-0.346,78.56,2026-10-28,36,,,yahoo,1.0,1.0,1.0,1.0,0.0,1.0,0.0,1.0,0.0,6.6838,1.3209,5.2404,4.3982,34.4731,44.2939,83.92,88.16,88.16,-1.2869,-6.0345,-6.0345
APO,124.1500015258789,124.15,2026-09-22,False,124.1500015258789,129.89999389648438,-2.94,-13.88,BAJO,73315934208.0,44.18,11.56,3.65,11.41,0.94,21.95,5.27,,,1.01,1.95,,YAHOO,-0.6449,-1.0202,-0.3947,0.055293,5.4196,-0.346,78.56,2026-11-03,42,,,yahoo,1.0,0.0,1.0,1.0,0.0,0.0,0.0,0.0,1.0,-2.2441,-5.8114,4.7684,-4.5445,32.466,33.6937,136.58,142.9761,150.8032,-9.1009,-13.1673,-17.6741
APP,328.7300109863281,328.73,2026-09-22,False,323.67999267578125,333.57000732421875,-0.44,-50.46,BAJO,110433402880.0,25.27,15.67,34.85,203.69,46.46,77.68,64.58,2.88,20.49,1.11,4.3,,YAHOO,-0.6449,-1.0202,-0.3947,0.055293,5.4196,-0.346,78.56,2026-11-04,43,,,yahoo,1.0,1.0,1.0,1.0,1.0,1.0,1.0,1.0,1.0,-0.8236,5.3588,-17.5826,-29.6111,77.4869,68.2748,334.24,564.61,733.6,-1.6485,-41.7775,-55.1895
APTV,44.61000061035156,44.61,2026-09-22,False,43.709999084472656,44.97999954223633,2.39,-49.31,BAJO,9262523392.0,20.19,6.81,1.06,5.16,6.72,12.68,1.07,17.45,4.32,0.65,2.02,,YAHOO,-0.6449,-1.0202,-0.3947,0.055293,5.4196,-0.346,78.56,2026-10-29,37,,,yahoo,1.0,0.0,1.0,1.0,1.0,1.0,1.0,1.0,1.0,1.9657,-2.4492,-20.4813,-27.3689,18.3134,48.5801,47.95,61.38,88.67,-6.9656,-27.3216,-49.6899
ARE,53.849998474121094,53.85,2026-09-22,False,53.369998931884766,54.69499969482422,0.96,-35.03,BAJO,9267331072.0,,-66.48,0.59,-4.08,0.93,17.28,-36.08,14.51,14.37,0.69,2.35,,YAHOO,-0.6449,-1.0202,-0.3947,0.055293,5.4196,-0.346,78.56,2026-10-26,34,,,yahoo,0.0,0.0,1.0,1.0,0.0,1.0,1.0,0.0,1.0,1.7381,6.0666,7.4421,5.7299,69.5544,44.8706,56.34,56.34,81.9762,-4.4196,-4.4196,-34.3102
ARES,124.72000122070312,124.72,2026-09-22,False,124.19999694824219,130.64999389648438,-1.54,-30.18,BAJO,41379094528.0,57.21,17.34,11.25,14.94,2.59,19.38,10.63,5.22,33.52,1.72,0.54,,YAHOO,-0.6449,-1.0202,-0.3947,0.055293,5.4196,-0.346,78.56,2026-11-02,41,,,yahoo,1.0,0.0,1.0,1.0,1.0,0.0,0.0,0.0,1.0,-2.3718,-9.0766,3.9231,4.3534,28.9263,37.985,141.6729,147.8872,174.7614,-11.9662,-15.6654,-28.6341
ATO,157.33999633789062,157.34,2026-09-22,False,157.25999450683594,158.875,-0.59,-2.76,BAJO,26588659712.0,18.75,17.44,1.74,9.79,3.89,37.22,28.5,-8.35,13.93,0.68,0.81,,YAHOO,-0.6449,-1.0202,-0.3947,0.055293,5.4196,-0.346,78.56,2026-11-04,43,,,yahoo,1.0,1.0,1.0,1.0,0.0,0.0,0.0,1.0,1.0,-2.9005,-6.3843,-11.0938,-7.4822,9.2538,16.4311,169.46,178.4242,190.0626,-7.1521,-11.8169,-17.2167
AVB,68.13999938964844,68.14,2026-08-24,False,67.36000061035156,68.62000274658203,2.02,-2.7,BAJO,26283393024.0,25.25,36.58,2.17,8.49,2.63,30.63,33.32,5.36,19.14,0.75,0.34,,YAHOO,-0.6449,-1.0202,-0.3947,0.055293,5.4196,-0.346,78.56,2026-10-28,36,,,yahoo,1.0,0.0,1.0,1.0,0.0,0.0,1.0,0.0,0.0,7.0374,3.5221,,,14.1797,,68.9044,,,-1.1094,,
AWK,133.82000732421875,133.82,2026-09-22,False,133.51499938964844,135.0749969482422,-0.11,0.24,BAJO,26593914880.0,23.19,20.38,2.28,10.1,3.52,40.66,21.35,-6.71,14.57,1.38,0.52,,YAHOO,-0.6449,-1.0202,-0.3947,0.055293,5.4196,-0.346,78.56,2026-10-28,36,,,yahoo,1.0,0.0,1.0,1.0,1.0,1.0,0.0,1.0,1.0,-3.043,-4.673,0.2233,6.4061,15.7354,22.7248,140.89,140.89,141.5679,-5.0181,-5.0181,-5.4729
AXON,459.32000732421875,459.32,2026-09-22,False,444.7049865722656,462.0,1.61,-42.35,BAJO,37313970176.0,191.38,43.53,10.15,6.22,0.51,5.17,6.19,0.6,229.44,0.5,2.15,,YAHOO,-0.6449,-1.0202,-0.3947,0.055293,5.4196,-0.346,78.56,2026-11-03,42,,,yahoo,1.0,0.0,1.0,1.0,0.0,1.0,0.0,0.0,0.0,3.8998,-9.1229,-6.6233,6.0687,34.7321,74.6445,613.26,645.72,777.58,-25.1019,-28.867,-40.9296
AZO,2894.72998046875,2894.73,2026-09-22,False,2844.800048828125,2998.0,3.26,-31.31,BAJO,47257494560.29541,19.9,16.57,-17.02,,11.39,19.08,12.4,1.91,13.74,,0.89,,YAHOO,-0.6449,-1.0202,-0.3947,0.055293,5.4196,-0.346,78.56,2026-09-22,0,,,yahoo,1.0,0.0,1.0,1.0,1.0,1.0,1.0,0.0,0.0,1.2055,-1.9271,-0.9841,-4.9805,33.6267,30.6456,3027.3401,3218.1499,4290.2402,-4.3804,-10.0499,-32.5276
BAX,23.68000030517578,23.68,2026-09-22,False,23.263999938964844,23.864999771118164,3.27,2.46,BAJO,12242465792.0,,11.63,1.97,-14.37,2.85,14.43,-9.27,8.17,10.47,1.56,1.95,,YAHOO,-0.6449,-1.0202,-0.3947,0.055293,5.4196,-0.346,78.56,2026-10-29,37,,,yahoo,0.0,0.0,1.0,1.0,0.0,1.0,0.0,0.0,1.0,-0.1265,-4.7466,9.3177,17.8564,37.2355,41.1023,26.4898,28.3391,28.3391,-10.607,-16.4404,-16.4404
BBY,94.81999969482422,94.82,2026-09-22,False,94.38999938964844,95.66000366210938,1.72,36.53,BAJO,19886381056.0,15.78,13.15,6.27,43.13,7.25,3.9,3.01,7.06,8.13,1.3,1.12,,YAHOO,-0.6449,-1.0202,-0.3947,0.055293,5.4196,-0.346,78.56,2026-11-24,63,2026-08-27,26.0,yahoo,1.0,1.0,1.0,1.0,0.0,1.0,1.0,0.0,1.0,2.7616,7.2595,13.4845,27.4983,34.6366,36.0672,94.82,94.82,94.82,0.0,0.0,0.0
BDX,183.0,183.0,2026-09-22,False,180.75010681152344,183.83009338378906,1.27,26.35,BAJO,49846788096.0,31.66,13.77,2.04,6.61,4.34,15.73,4.19,8.98,10.77,0.69,0.86,,YAHOO,-0.6449,-1.0202,-0.3947,0.055293,5.4196,-0.346,78.56,2026-11-05,44,,,yahoo,1.0,1.0,1.0,1.0,0.0,0.0,1.0,1.0,1.0,-1.5706,2.7801,20.3368,27.9038,11.8128,28.1172,189.0949,190.8744,190.8744,-3.2232,-4.1254,-4.1254
BEN,33.130001068115234,33.13,2026-09-22,False,32.64500045776367,33.790000915527344,-1.52,42.41,BAJO,16832587776.0,22.54,10.42,1.43,7.89,2.64,12.98,8.72,-17.77,11.48,0.25,5.49,,YAHOO,-0.6449,-1.0202,-0.3947,0.055293,5.4196,-0.346,78.56,2026-11-06,45,,,yahoo,1.0,1.0,1.0,1.0,0.0,0.0,1.0,1.0,1.0,-0.4806,-4.3867,2.6014,-0.9692,23.7374,24.0881,35.03,35.77,35.77,-5.4239,-7.3805,-7.3805
BLDR,60.869998931884766,60.87,2026-09-22,False,59.630001068115234,61.2599983215332,4.02,-51.58,BAJO,6549395968.0,66.16,13.77,1.64,2.51,2.39,3.33,0.71,7.09,11.22,1.31,1.79,,YAHOO,-0.6449,-1.0202,-0.3947,0.055293,5.4196,-0.346,78.56,2026-10-29,37,,,yahoo,1.0,0.0,1.0,1.0,0.0,0.0,1.0,0.0,0.0,1.113,-2.7325,-13.7208,-20.6699,47.551,51.7615,69.36,90.51,129.54,-12.2405,-32.7478,-53.0107
BLK,1066.6600341796875,1066.66,2026-09-22,False,1065.050048828125,1093.06005859375,-2.17,-5.66,BAJO,173306855424.0,25.54,16.59,2.87,12.28,3.74,35.08,24.09,4.37,15.91,0.23,2.45,,YAHOO,-0.6449,-1.0202,-0.3947,0.055293,5.4196,-0.346,78.56,2026-10-14,22,,,yahoo,1.0,0.0,1.0,0.0,1.0,0.0,0.0,0.0,0.0,0.7557,-2.621,3.3721,5.5946,30.6184,27.8236,1170.6326,1176.8008,1177.4279,-8.8817,-9.3593,-9.4076
BR,163.02000427246094,163.02,2026-09-22,False,162.1999969482422,166.0399932861328,-0.97,-32.53,BAJO,18587834368.0,16.98,14.08,6.54,40.92,9.29,24.61,15.04,6.43,12.1,1.24,1.24,,YAHOO,-0.6449,-1.0202,-0.3947,0.055293,5.4196,-0.346,78.56,2026-11-03,42,,,yahoo,1.0,1.0,1.0,1.0,0.0,1.0,1.0,1.0,1.0,-4.2467,-3.3211,13.5901,20.314,17.3263,34.4827,183.6886,184.3148,236.2018,-11.252,-11.5535,-30.9827
BRO,62.439998626708984,62.44,2026-09-22,False,61.45000076293945,64.59500122070312,-2.89,-33.47,BAJO,20893071360.0,19.95,12.94,1.64,10.02,5.38,41.84,18.08,7.86,9.92,0.64,1.13,,YAHOO,-0.6449,-1.0202,-0.3947,0.055293,5.4196,-0.346,78.56,2026-10-26,34,,,yahoo,1.0,0.0,1.0,1.0,0.0,0.0,0.0,1.0,0.0,-7.1248,-8.4189,-4.7999,3.6168,18.1152,34.7793,73.34,74.6971,95.0407,-14.8623,-16.4091,-34.3018
BSX,44.91999816894531,44.92,2026-09-22,False,44.040000915527344,45.08000183105469,2.74,-55.25,BAJO,65099390976.0,18.19,13.14,2.61,15.34,6.19,22.9,17.5,3.77,13.25,0.5,1.24,,YAHOO,-0.6449,-1.0202,-0.3947,0.055293,5.4196,-0.346,78.56,2026-10-28,36,,,yahoo,1.0,1.0,1.0,1.0,0.0,1.0,0.0,1.0,1.0,2.3934,-0.1334,3.0748,-1.4912,25.6985,37.1618,49.86,52.01,104.98,-9.9077,-13.632,-57.2109
BXP,64.30999755859375,64.31,2026-09-22,False,63.3849983215332,64.6449966430664,0.28,-12.74,BAJO,11632226304.0,34.58,28.93,1.99,5.31,1.68,28.75,9.3,7.57,17.73,2.12,0.51,,YAHOO,-0.6449,-1.0202,-0.3947,0.055293,5.4196,-0.346,78.56,2026-10-27,35,,,yahoo,1.0,1.0,1.0,1.0,0.0,0.0,0.0,0.0,1.0,0.7362,-2.1752,-5.2034,1.0076,17.8254,26.5402,72.13,72.97,73.7504,-10.8415,-11.8679,-12.8005
CAG,14.779999732971191,14.78,2026-09-22,False,14.720100402832031,15.039899826049805,-0.54,-14.49,BAJO,7073200128.0,,9.5,1.11,-25.06,4.4,13.77,-16.98,12.14,8.25,1.18,0.9,,YAHOO,-0.6449,-1.0202,-0.3947,0.055293,5.4196,-0.346,78.56,2026-09-30,8,,,yahoo,0.0,0.0,1.0,1.0,0.0,1.0,0.0,0.0,1.0,-1.5979,-3.1455,4.0277,11.3088,12.3789,33.8408,16.27,16.67,19.3071,-9.158,-11.3377,-23.4479
CARR,55.2599983215332,55.26,2026-09-22,False,54.849998474121094,55.58000183105469,1.17,-8.51,BAJO,45552201728.0,39.47,16.7,3.47,8.97,2.98,13.07,5.52,1.89,18.23,0.92,1.02,,YAHOO,-0.6449,-1.0202,-0.3947,0.055293,5.4196,-0.346,78.56,2026-10-27,35,,,yahoo,1.0,0.0,1.0,1.0,0.0,0.0,1.0,0.0,0.0,-0.5041,-6.5133,-20.0868,-21.6131,16.7573,32.0211,59.71,73.1669,75.7277,-7.4527,-24.474,-27.028
CB,335.7699890136719,335.77,2026-09-22,False,333.1400146484375,337.635009765625,-0.44,22.56,BAJO,129540022272.0,11.89,11.54,1.72,14.82,3.36,23.53,18.07,8.1,10.26,0.31,0.41,,YAHOO,-0.6449,-1.0202,-0.3947,0.055293,5.4196,-0.346,78.56,2026-10-27,35,,,yahoo,1.0,1.0,1.0,1.0,1.0,0.0,1.0,0.0,0.0,-1.7814,0.0429,-4.6612,1.4075,7.1564,22.5919,347.2011,362.4052,362.4052,-3.2924,-7.3496,-7.3496
CBOE,266.8299865722656,266.83,2026-09-22,False,264.7300109863281,272.2900085449219,-1.69,12.05,BAJO,27865327616.0,20.78,17.53,4.96,26.3,11.58,34.63,26.73,2.43,14.28,0.28,1.56,,YAHOO,-0.6449,-1.0202,-0.3947,0.055293,5.4196,-0.346,78.56,2026-10-30,38,,,yahoo,1.0,1.0,1.0,1.0,1.0,1.0,1.0,1.0,0.0,-1.3349,-9.0342,-6.0692,3.9434,29.0597,37.6532,313.0803,313.0803,364.9193,-14.7727,-14.7727,-26.8797
CCI,72.37000274658203,72.37,2026-09-22,False,72.22000122070312,74.11000061035156,-1.16,-20.84,BAJO,31625691136.0,29.54,25.06,-9.43,,4.72,46.83,20.72,3.28,19.89,,0.52,,YAHOO,-0.6449,-1.0202,-0.3947,0.055293,5.4196,-0.346,78.56,2026-10-21,29,,,yahoo,1.0,1.0,1.0,1.0,1.0,0.0,0.0,0.0,0.0,-1.2014,-3.3536,-1.5391,-12.9346,14.2503,28.4939,76.1527,78.6957,94.028,-4.9673,-8.0382,-23.0335
CDNS,302.95001220703125,302.95,2026-09-22,False,294.0,303.8500061035156,2.73,-20.41,BAJO,83430309888.0,60.11,31.74,12.17,23.23,10.61,28.57,23.61,1.93,39.22,0.39,1.74,,YAHOO,-0.6449,-1.0202,-0.3947,0.055293,5.4196,-0.346,78.56,2026-10-26,34,,,yahoo,1.0,0.0,1.0,1.0,1.0,0.0,1.0,1.0,1.0,10.5818,6.6312,-8.3248,-20.0786,28.9177,40.3826,347.55,385.95,416.39,-12.8327,-21.5054,-27.2437
CDW,147.42999267578125,147.43,2026-09-22,False,145.05250549316406,150.33999633789062,0.7,-9.91,BAJO,18431318016.0,17.72,12.27,7.56,44.01,6.59,7.34,4.6,3.67,12.12,2.63,1.17,,YAHOO,-0.6449,-1.0202,-0.3947,0.055293,5.4196,-0.346,78.56,2026-11-03,42,,,yahoo,1.0,0.0,1.0,1.0,1.0,0.0,1.0,0.0,0.0,-4.1043,2.0418,13.7919,13.8969,18.6296,48.8956,153.92,153.92,161.2956,-4.2165,-4.2165,-8.5964
CF,120.58999633789062,120.59,2026-09-22,False,118.285400390625,122.4000015258789,-2.17,42.17,BAJO,18249865216.0,8.94,11.27,3.18,29.87,12.93,49.33,27.12,7.0,5.93,0.41,4.86,,YAHOO,-0.6449,-1.0202,-0.3947,0.055293,5.4196,-0.346,78.56,2026-11-04,43,,,yahoo,1.0,1.0,1.0,1.0,0.0,1.0,1.0,1.0,1.0,-11.03,-10.2285,-4.3396,18.6369,41.0967,40.5511,139.27,139.27,139.27,-13.4128,-13.4128,-13.4128
CFG,65.48999786376953,65.49,2026-09-22,False,65.37000274658203,67.61499786376953,-2.78,26.82,BAJO,27582867456.0,14.27,10.03,1.15,8.27,0.94,35.13,26.05,,,,,,YAHOO,-0.6449,-1.0202,-0.3947,0.055293,5.4196,-0.346,78.56,2026-10-16,24,,,yahoo,1.0,1.0,1.0,1.0,1.0,0.0,1.0,0.0,1.0,-6.7625,-6.4295,-8.1961,-4.4569,25.7381,26.1152,70.83,74.73,74.73,-7.5392,-12.3645,-12.3645
CHD,96.12000274658203,96.12,2026-09-22,False,95.80999755859375,96.66000366210938,0.66,10.78,BAJO,22800039936.0,30.81,23.82,5.24,17.04,7.87,18.07,11.96,4.12,18.32,0.56,1.15,,YAHOO,-0.6449,-1.0202,-0.3947,0.055293,5.4196,-0.346,78.56,2026-10-30,38,,,yahoo,1.0,1.0,1.0,1.0,1.0,0.0,1.0,0.0,1.0,1.7035,-0.4351,0.2319,-0.0694,10.342,21.4718,102.86,103.3249,104.5985,-6.5526,-6.9731,-8.1058
CHRW,149.55999755859375,149.56,2026-09-22,False,148.0449981689453,154.1199951171875,-2.15,11.78,BAJO,17476274176.0,28.54,19.94,10.76,37.12,9.96,5.34,3.73,2.75,21.1,1.21,1.58,,YAHOO,-0.6449,-1.0202,-0.3947,0.055293,5.4196,-0.346,78.56,2026-10-28,36,,,yahoo,1.0,1.0,1.0,1.0,0.0,1.0,1.0,1.0,0.0,-5.1196,-0.3598,-26.9111,-16.0115,16.7134,49.1553,157.63,208.5206,208.5206,-5.1196,-28.2757,-28.2757
CHTR,117.26000213623047,117.26,2026-09-22,False,117.05500030517578,126.4800033569336,-4.94,-57.49,BAJO,15238828032.0,3.05,2.82,0.83,27.2,5.31,23.5,9.05,14.43,5.31,4.42,0.36,,YAHOO,-0.6449,-1.0202,-0.3947,0.055293,5.4196,-0.346,78.56,2026-10-30,38,,,yahoo,1.0,0.0,1.0,1.0,1.0,1.0,1.0,1.0,0.0,-16.9547,-19.5417,-7.3043,-10.9981,25.1648,55.4923,158.97,158.97,282.74,-26.2377,-26.2377,-58.5273
CI,273.739990234375,273.74,2026-09-22,False,272.7300109863281,277.92498779296875,-0.27,-4.56,BAJO,72333189120.0,11.32,8.18,1.69,16.76,4.46,3.98,2.27,11.03,7.64,0.74,0.85,,YAHOO,-0.6449,-1.0202,-0.3947,0.055293,5.4196,-0.346,78.56,2026-11-05,44,,,yahoo,1.0,1.0,1.0,1.0,0.0,1.0,1.0,0.0,1.0,-5.2475,-0.7577,-3.8528,-2.7625,10.4246,28.7991,290.05,302.8186,304.1076,-5.6232,-9.6027,-9.9858
CINF,165.8300018310547,165.83,2026-09-22,False,164.22000122070312,167.5,-0.61,7.44,BAJO,25451264000.0,7.83,18.36,1.53,21.48,6.41,37.2,23.84,11.73,5.6,0.05,1.15,,YAHOO,-0.6449,-1.0202,-0.3947,0.055293,5.4196,-0.346,78.56,2026-10-26,34,,,yahoo,1.0,0.0,1.0,1.0,1.0,0.0,1.0,0.0,0.0,-3.4019,-1.957,-7.5538,-5.6766,5.7733,23.4897,174.72,192.03,192.03,-5.0881,-13.6437,-13.6437
CLX,87.1500015258789,87.15,2026-09-22,False,86.54000091552734,87.6500015258789,2.67,-25.5,BAJO,10539137024.0,18.12,13.92,117.14,163.76,8.32,12.88,8.73,1.05,14.17,22.21,0.66,,YAHOO,-0.6449,-1.0202,-0.3947,0.055293,5.4196,-0.346,78.56,2026-11-03,42,,,yahoo,1.0,0.0,1.0,1.0,0.0,0.0,1.0,0.0,0.0,-0.0115,-4.8581,-6.0042,-4.8272,35.353,31.5944,104.93,107.9,124.127,-16.9446,-19.2308,-29.7896
CMCSA,22.420000076293945,22.42,2026-09-22,False,22.350000381469727,23.1299991607666,-2.22,-21.9,BAJO,79560433664.0,7.19,6.26,0.89,11.49,4.31,17.23,8.97,15.96,4.82,1.0,0.8,,YAHOO,-0.6449,-1.0202,-0.3947,0.055293,5.4196,-0.346,78.56,2026-10-22,30,,,yahoo,1.0,1.0,1.0,1.0,1.0,1.0,1.0,1.0,0.0,-8.19,-14.85,2.281,-0.3269,29.4642,35.6216,27.2,27.2,31.6751,-17.5735,-17.5735,-29.2188
CME,267.2099914550781,267.21,2026-09-22,False,266.95001220703125,274.7012023925781,-3.02,4.77,BAJO,96083173376.0,22.66,20.67,3.62,15.8,1.48,65.04,63.44,3.03,20.47,0.15,1.02,,YAHOO,-0.6449,-1.0202,-0.3947,0.055293,5.4196,-0.346,78.56,2026-10-21,29,,,yahoo,1.0,0.0,1.0,1.0,1.0,1.0,1.0,0.0,0.0,-2.8645,-3.5099,5.5616,10.8166,31.3587,25.1896,285.1116,285.1116,315.7112,-6.2788,-6.2788,-15.3625
CMG,32.630001068115234,32.63,2026-09-22,False,32.57500076293945,33.74879837036133,-1.54,-20.24,BAJO,41290588160.0,30.21,23.81,18.81,49.56,13.08,16.11,11.43,2.7,20.52,2.46,0.71,,YAHOO,-0.6449,-1.0202,-0.3947,0.055293,5.4196,-0.346,78.56,2026-10-28,36,,,yahoo,1.0,1.0,1.0,1.0,0.0,0.0,1.0,0.0,1.0,-6.3164,-11.7154,1.9369,5.4281,8.9431,50.4443,38.52,38.52,42.36,-15.2908,-15.2908,-22.9698
CMI,526.1300048828125,526.13,2026-09-22,False,520.97998046875,532.2899780273438,-1.62,24.1,BAJO,72429412352.0,26.88,15.25,5.64,21.11,7.0,11.9,7.82,3.08,15.74,0.6,1.73,,YAHOO,-0.6449,-1.0202,-0.3947,0.055293,5.4196,-0.346,78.56,2026-11-05,44,,,yahoo,1.0,0.0,1.0,1.0,0.0,1.0,0.0,1.0,0.0,-2.21,-6.3075,-20.5918,-24.4563,22.156,30.9696,578.14,710.5651,724.8918,-8.9961,-25.9561,-27.4195
CMS,64.2699966430664,64.27,2026-09-22,False,64.19000244140625,65.01000213623047,-0.66,-7.46,BAJO,20153602048.0,19.3,15.47,2.11,9.16,2.97,17.17,11.64,-10.91,13.32,1.86,0.94,,YAHOO,-0.6449,-1.0202,-0.3947,0.055293,5.4196,-0.346,78.56,2026-10-29,37,,,yahoo,1.0,0.0,1.0,1.0,0.0,1.0,0.0,0.0,1.0,-2.503,-6.5707,-12.6249,-13.9935,11.1024,16.0629,69.23,77.3061,78.6889,-7.1645,-16.863,-18.3239
CNC,63.29999923706055,63.3,2026-09-22,False,62.48500061035156,65.30000305175781,-2.6,92.03,BAJO,31269883904.0,,11.84,1.39,-20.36,2.48,3.76,-2.83,30.83,4.61,0.71,1.15,,YAHOO,-0.6449,-1.0202,-0.3947,0.055293,5.4196,-0.346,78.56,2026-10-27,35,,,yahoo,0.0,0.0,1.0,1.0,0.0,0.0,1.0,0.0,1.0,-6.444,-1.982,-0.6903,0.2534,34.4363,38.1533,69.41,69.41,69.41,-8.8028,-8.8028,-8.8028
CNP,37.849998474121094,37.85,2026-09-22,False,37.7400016784668,38.084999084472656,-0.37,-0.13,BAJO,24932560896.0,22.53,18.13,2.13,9.83,3.0,24.49,11.61,-20.82,12.77,2.1,1.12,,YAHOO,-0.6449,-1.0202,-0.3947,0.055293,5.4196,-0.346,78.56,2026-10-22,30,,,yahoo,1.0,0.0,1.0,1.0,1.0,0.0,0.0,0.0,1.0,-0.3423,-5.658,-13.9132,-12.4685,10.2207,18.9083,40.12,44.5239,44.7724,-5.658,-14.9895,-15.4614
COF,200.5500030517578,200.55,2026-09-22,False,199.55999755859375,206.99000549316406,-2.13,-11.2,BAJO,123034394624.0,11.04,8.34,1.19,9.03,1.52,33.63,21.87,,,,,,YAHOO,-0.6449,-1.0202,-0.3947,0.055293,5.4196,-0.346,78.56,2026-10-20,28,,,yahoo,1.0,0.0,1.0,1.0,1.0,0.0,0.0,0.0,1.0,-3.0457,-6.2675,0.6492,1.7432,22.4718,27.8915,220.5,226.54,254.9582,-9.0476,-11.4726,-21.34
COO,55.290000915527344,55.29,2026-09-22,False,54.07500076293945,55.4900016784668,2.16,-20.24,BAJO,10513686528.0,19.0,11.78,1.26,6.84,2.73,20.82,13.46,5.16,13.88,0.34,1.22,,YAHOO,-0.6449,-1.0202,-0.3947,0.055293,5.4196,-0.346,78.56,2026-12-02,71,2026-09-09,13.0,finnhub,1.0,0.0,1.0,1.0,1.0,0.0,1.0,0.0,1.0,3.792,-18.3188,-21.273,-16.4172,39.8451,42.5885,73.04,76.82,84.32,-24.3018,-28.0266,-34.4284
COR,314.42999267578125,314.43,2026-09-22,False,313.8900146484375,320.0,-0.65,8.16,BAJO,60001783808.0,23.33,15.87,19.67,96.87,3.56,1.41,0.79,3.41,13.02,4.47,0.94,,YAHOO,-0.6449,-1.0202,-0.3947,0.055293,5.4196,-0.346,78.56,2026-11-04,43,,,yahoo,1.0,0.0,1.0,1.0,0.0,1.0,1.0,1.0,0.0,-2.7406,-3.1599,3.2714,12.0739,34.8735,27.9573,337.22,337.22,372.5275,-6.7582,-6.7582,-15.5955
CPB,20.209999084472656,20.21,2026-09-22,False,20.0,20.559999465942383,1.4,-36.89,BAJO,6026747904.0,15.43,11.01,1.56,10.05,4.95,10.34,4.08,12.4,8.0,1.72,0.81,,YAHOO,-0.6449,-1.0202,-0.3947,0.055293,5.4196,-0.346,78.56,2026-12-07,76,2026-09-03,19.0,finnhub,,,,,,,,,,-5.3839,-7.1232,-5.6049,-3.1047,34.3472,36.8036,23.78,24.16,31.7348,-15.0126,-16.3493,-36.316
CPRT,28.795000076293945,28.795,2026-09-22,False,28.700000762939453,29.34749984741211,-0.4,-38.1,BAJO,26658740224.0,18.58,16.26,2.93,16.16,10.27,32.01,31.81,3.32,11.91,0.01,7.91,,YAHOO,-0.6449,-1.0202,-0.3947,0.055293,5.4196,-0.346,78.56,2026-11-19,58,2026-09-10,12.0,yahoo,1.0,0.0,1.0,1.0,0.0,1.0,0.0,1.0,0.0,-7.2326,-11.6718,5.864,-2.7196,23.0383,41.6637,33.72,34.33,45.76,-14.6056,-16.1229,-37.0739
CPT,99.30999755859375,99.31,2026-09-22,False,98.69999694824219,100.16000366210938,0.5,-6.01,BAJO,11493401600.0,32.78,91.11,2.68,7.89,1.87,16.1,20.62,1.22,16.82,1.26,0.35,,YAHOO,-0.6449,-1.0202,-0.3947,0.055293,5.4196,-0.346,78.56,2026-11-05,44,,,yahoo,1.0,1.0,1.0,1.0,0.0,1.0,1.0,1.0,0.0,-3.4325,-5.1571,-11.9904,-9.3032,15.1189,18.4361,108.28,117.58,117.58,-8.2841,-15.5384,-15.5384
CRH,88.04000091552734,88.04,2026-09-22,False,86.9000015258789,88.94989776611328,1.03,-23.95,BAJO,58571644928.0,15.55,13.56,2.44,15.81,6.06,19.02,9.94,3.45,9.86,0.78,1.58,,YAHOO,-0.6449,-1.0202,-0.3947,0.055293,5.4196,-0.346,78.56,2026-10-29,37,,,yahoo,1.0,0.0,1.0,1.0,0.0,1.0,1.0,1.0,0.0,0.3991,-2.8363,-9.8216,-19.8469,13.5661,29.39,97.05,108.4354,129.9237,-9.2839,-18.8088,-32.2372
CRL,285.1099853515625,285.11,2026-09-22,False,277.4100036621094,290.1099853515625,2.19,83.72,BAJO,13733100544.0,,22.43,4.79,-7.52,4.11,15.11,-5.96,3.41,19.09,1.05,1.35,,YAHOO,-0.6449,-1.0202,-0.3947,0.055293,5.4196,-0.346,78.56,2026-11-04,43,,,yahoo,0.0,0.0,1.0,1.0,0.0,0.0,1.0,1.0,1.0,4.4818,1.5494,24.3447,52.7921,30.554,39.2509,297.64,298.58,298.58,-4.2098,-4.5114,-4.5114
CSGP,28.770000457763672,28.77,2026-09-22,False,28.315000534057617,29.6299991607666,-0.93,-68.22,BAJO,11657535488.0,159.83,16.22,1.47,0.89,0.47,8.22,2.08,3.54,29.62,0.15,2.21,,YAHOO,-0.6449,-1.0202,-0.3947,0.055293,5.4196,-0.346,78.56,2026-10-27,35,,,yahoo,1.0,0.0,1.0,1.0,1.0,0.0,0.0,0.0,1.0,-8.8403,-5.1747,6.0059,-4.924,23.4552,48.5722,32.81,33.73,86.31,-12.3133,-14.705,-66.6667
CSX,46.59000015258789,46.59,2026-09-22,False,45.952301025390625,46.68000030517578,1.3,40.59,BAJO,86306807808.0,27.09,20.51,6.13,24.36,7.38,38.42,22.21,2.26,15.28,1.38,0.82,,YAHOO,-0.6449,-1.0202,-0.3947,0.055293,5.4196,-0.346,78.56,2026-10-21,29,,,yahoo,1.0,0.0,1.0,1.0,1.0,0.0,1.0,0.0,0.0,-4.254,-4.9184,-11.5366,1.2079,26.2335,22.0079,51.6187,53.0847,53.0847,-9.742,-12.2346,-12.2346
CTAS,198.8000030517578,198.8,2026-09-22,False,196.0,198.80999755859375,0.98,-2.43,BAJO,79553708032.0,40.57,32.48,15.48,40.71,16.1,23.69,17.75,1.84,27.37,0.53,1.43,,YAHOO,-0.6449,-1.0202,-0.3947,0.055293,5.4196,-0.346,78.56,2026-09-23,1,,,yahoo,1.0,1.0,1.0,1.0,1.0,0.0,1.0,1.0,1.0,-0.0754,-0.8479,-1.9353,18.0784,11.8245,27.213,205.78,215.969,215.969,-3.392,-7.9497,-7.9497
CTSH,58.68000030517578,58.68,2026-09-22,False,58.349998474121094,60.869998931884766,-1.18,-13.52,BAJO,26432067584.0,12.59,9.29,1.83,14.92,10.73,17.48,10.26,8.38,6.81,0.14,2.18,,YAHOO,-0.6449,-1.0202,-0.3947,0.055293,5.4196,-0.346,78.56,2026-10-28,36,,,yahoo,1.0,0.0,1.0,1.0,1.0,1.0,1.0,0.0,1.0,-7.2693,-2.0694,37.2334,44.1369,22.1877,48.6671,64.64,64.64,85.1577,-9.2203,-9.2203,-31.0926
CTVA,80.33999633789062,80.34,2026-09-22,False,78.58999633789062,81.48500061035156,1.55,14.72,BAJO,53602525184.0,48.69,19.48,2.13,4.26,4.55,30.13,5.66,4.51,12.99,0.19,1.52,,YAHOO,-0.6449,-1.0202,-0.3947,0.055293,5.4196,-0.346,78.56,2026-11-03,42,,,yahoo,1.0,1.0,1.0,1.0,1.0,0.0,1.0,1.0,0.0,-3.6575,-6.4726,-9.3138,1.7712,24.7388,35.6277,89.97,90.3175,90.3175,-10.7036,-11.0471,-11.0471
CVNA,65.4000015258789,65.4,2026-09-22,False,65.27999877929688,69.19999694824219,-2.65,-17.89,BAJO,72493531136.0,34.6,28.91,11.67,58.77,11.7,9.22,6.26,0.59,20.22,1.11,3.93,,YAHOO,-0.6449,-1.0202,-0.3947,0.055293,5.4196,-0.346,78.56,2026-10-28,36,,,yahoo,1.0,1.0,1.0,0.0,1.0,1.0,0.0,0.0,0.0,-2.2422,-12.4732,8.6559,0.8792,39.7472,56.6566,75.77,75.77,95.69,-13.6861,-13.6861,-31.6543
D,62.43000030517578,62.43,2026-09-22,False,62.404998779296875,62.994998931884766,-0.62,7.27,BAJO,54908805120.0,21.6,16.37,1.97,8.28,3.04,29.22,13.98,-16.72,13.69,1.6,0.81,,YAHOO,-0.6449,-1.0202,-0.3947,0.055293,5.4196,-0.346,78.56,2026-10-30,38,,,yahoo,1.0,1.0,1.0,1.0,0.0,1.0,0.0,1.0,1.0,-2.2546,-5.7233,-11.7538,-7.8733,17.9277,15.2266,66.2606,70.973,70.973,-5.7811,-12.037,-12.037
DASH,192.2100067138672,192.21,2026-09-22,False,191.97999572753906,200.5850067138672,-0.84,-28.4,BAJO,83284205568.0,100.11,23.6,8.39,8.89,2.97,3.86,5.29,6.18,57.07,0.33,1.37,,YAHOO,-0.6449,-1.0202,-0.3947,0.055293,5.4196,-0.346,78.56,2026-11-04,43,,,yahoo,1.0,1.0,1.0,1.0,0.0,0.0,0.0,1.0,0.0,-3.0515,-4.106,13.2179,12.0627,11.2365,38.7117,236.93,236.93,281.74,-18.8748,-18.8748,-31.7775
DDOG,247.47500610351562,247.475,2026-09-22,False,244.1300048828125,249.91000366210938,0.99,77.33,BAJO,88862089216.0,505.05,83.23,20.34,4.7,0.18,0.67,4.48,1.18,1027.23,0.29,3.21,,YAHOO,-0.6449,-1.0202,-0.3947,0.055293,5.4196,-0.346,78.56,2026-11-05,44,,,yahoo,1.0,0.0,1.0,1.0,1.0,1.0,0.0,0.0,1.0,7.4717,17.7163,1.2623,12.1979,60.0096,67.9151,247.475,288.15,288.15,0.0,-14.1159,-14.1159
DG,122.62999725341797,122.63,2026-09-22,False,122.46499633789062,125.02999877929688,0.59,21.29,BAJO,27054235648.0,15.93,14.84,2.91,19.69,4.89,6.81,3.9,6.42,11.47,1.7,1.21,,YAHOO,-0.6449,-1.0202,-0.3947,0.055293,5.4196,-0.346,78.56,2026-12-02,71,2026-08-27,26.0,finnhub,1.0,1.0,1.0,1.0,1.0,0.0,0.0,1.0,1.0,-1.66,-4.0979,6.4866,7.5715,24.4497,34.5854,133.21,133.21,154.7135,-7.9424,-7.9424,-20.7374
DGX,234.75999450683594,234.76,2026-09-22,False,227.24000549316406,237.28500366210938,-4.13,27.79,BAJO,25911248896.0,24.9,19.47,3.44,14.6,6.4,15.25,9.19,3.51,14.15,0.81,1.59,,YAHOO,-0.6449,-1.0202,-0.3947,0.055293,5.4196,-0.346,78.56,2026-10-22,30,,,yahoo,1.0,1.0,1.0,1.0,1.0,0.0,1.0,1.0,1.0,-4.9862,-0.3142,3.0101,19.5428,30.8908,27.3359,247.45,247.45,247.45,-5.1283,-5.1283,-5.1283
DHI,144.11000061035156,144.11,2026-09-22,False,141.07000732421875,144.83999633789062,3.49,-12.75,BAJO,40307752960.0,13.74,12.39,1.7,12.63,6.88,12.99,9.15,5.99,11.15,0.29,6.01,,YAHOO,-0.6449,-1.0202,-0.3947,0.055293,5.4196,-0.346,78.56,2026-10-29,37,,,yahoo,1.0,0.0,1.0,0.0,0.0,1.0,1.0,0.0,0.0,2.7889,4.0581,1.7024,-7.394,33.8386,33.7119,150.8,163.742,172.875,-4.4363,-11.9896,-16.6392
DLR,185.64999389648438,185.65,2026-09-22,False,184.64500427246094,186.88999938964844,-0.36,7.77,BAJO,70113263616.0,90.56,67.19,2.57,2.91,1.48,25.88,11.82,5.37,28.02,0.68,0.89,,YAHOO,-0.6449,-1.0202,-0.3947,0.055293,5.4196,-0.346,78.56,2026-10-22,30,,,yahoo,1.0,1.0,1.0,1.0,0.0,0.0,0.0,1.0,1.0,3.5589,-1.3599,4.2283,-4.1421,26.4168,36.546,192.1127,198.7869,201.18,-3.364,-6.6085,-7.7194
DLTR,115.04000091552734,115.04,2026-09-22,False,112.87000274658203,117.37999725341797,2.41,20.21,BAJO,21584990208.0,14.1,14.55,6.3,46.03,8.26,6.21,8.04,4.86,11.06,2.24,1.13,,YAHOO,-0.6449,-1.0202,-0.3947,0.055293,5.4196,-0.346,78.56,2026-12-01,70,2026-08-27,26.0,finnhub,1.0,1.0,1.0,1.0,0.0,1.0,1.0,1.0,1.0,1.9949,-7.2557,-2.2184,1.4373,32.0353,34.1711,134.48,136.75,141.21,-14.4557,-15.8757,-18.5327
DOC,20.600000381469727,20.6,2026-09-22,False,20.524999618530273,20.850000381469727,-0.58,17.44,BAJO,14604313600.0,58.86,147.14,1.81,3.04,1.51,15.99,8.25,11.26,15.62,1.09,2.29,,YAHOO,-0.6449,-1.0202,-0.3947,0.055293,5.4196,-0.346,78.56,2026-10-22,30,,,yahoo,1.0,0.0,1.0,1.0,0.0,0.0,1.0,0.0,1.0,2.1825,0.946,-5.7694,1.6577,20.2001,19.3064,21.5512,22.5939,22.5939,-4.4135,-8.8251,-8.8251
DOV,186.5399932861328,186.54,2026-09-22,False,185.74000549316406,187.4149932861328,0.24,9.15,BAJO,25123248128.0,22.58,16.04,3.26,14.91,7.06,18.69,13.48,3.61,13.95,0.42,1.98,,YAHOO,-0.6449,-1.0202,-0.3947,0.055293,5.4196,-0.346,78.56,2026-10-22,30,,,yahoo,1.0,0.0,1.0,1.0,1.0,0.0,1.0,1.0,0.0,-1.2859,-4.2107,-5.4428,-16.3308,11.1263,26.1224,204.1192,223.6873,231.5927,-8.6122,-16.6068,-19.4534
DPZ,297.114990234375,297.115,2026-09-22,False,296.510009765625,304.989990234375,0.4,-30.12,BAJO,9829080064.0,16.84,14.24,-2.47,,33.89,19.08,11.86,5.41,14.45,,1.54,,YAHOO,-0.6449,-1.0202,-0.3947,0.055293,5.4196,-0.346,78.56,2026-10-13,21,,,yahoo,1.0,1.0,1.0,1.0,0.0,1.0,1.0,1.0,1.0,-4.4093,-10.8696,-7.5166,5.6257,15.4479,37.4483,347.8488,365.3704,430.8719,-14.585,-18.6812,-31.0433
DRI,213.5399932861328,213.54,2026-09-22,False,213.06500244140625,215.6199951171875,1.06,17.4,BAJO,24245706752.0,20.45,17.22,11.04,53.72,7.72,14.14,9.13,3.26,15.22,3.65,0.31,,YAHOO,-0.6449,-1.0202,-0.3947,0.055293,5.4196,-0.346,78.56,2026-09-24,2,,,yahoo,1.0,1.0,1.0,1.0,1.0,0.0,1.0,0.0,1.0,2.1136,0.2912,10.0041,2.2209,13.8264,29.7458,220.41,227.68,227.68,-3.1169,-6.2105,-6.2105
DTE,125.41000366210938,125.41,2026-09-22,False,125.12999725341797,126.7699966430664,-0.57,-6.26,BAJO,26096324608.0,19.84,14.99,2.15,11.03,2.77,13.62,8.0,-9.95,14.94,2.29,0.8,,YAHOO,-0.6449,-1.0202,-0.3947,0.055293,5.4196,-0.346,78.56,2026-10-29,37,,,yahoo,1.0,0.0,1.0,1.0,0.0,1.0,0.0,0.0,1.0,-2.9469,-7.7974,-14.5634,-15.1704,8.6537,16.6338,136.4617,152.6635,153.0301,-8.0988,-17.852,-18.0488
DUK,116.30999755859375,116.31,2026-09-22,False,116.06009674072266,117.01000213623047,-0.37,-2.53,BAJO,90687160320.0,17.52,16.22,1.69,9.86,2.84,27.5,16.0,-4.94,11.15,1.62,0.66,,YAHOO,-0.6449,-1.0202,-0.3947,0.055293,5.4196,-0.346,78.56,2026-11-05,44,,,yahoo,1.0,1.0,1.0,1.0,1.0,0.0,0.0,1.0,1.0,-1.2397,-4.0663,-9.2274,-6.1714,10.7426,17.9664,121.89,129.3824,131.1634,-4.5779,-10.1037,-11.3244
DVA,183.72000122070312,183.72,2026-09-22,False,182.94000244140625,185.85000610351562,0.76,38.53,BAJO,11721335808.0,15.57,10.65,-15.36,88.48,7.51,16.06,6.05,8.89,9.3,12.42,1.47,,YAHOO,-0.6449,-1.0202,-0.3947,0.055293,5.4196,-0.346,78.56,2026-10-28,36,,,yahoo,1.0,0.0,1.0,1.0,0.0,1.0,1.0,0.0,1.0,-3.7611,2.0327,-21.5777,-12.9,46.3041,45.124,193.86,240.96,240.96,-5.2306,-23.755,-23.755
DVN,46.93000030517578,46.93,2026-09-22,False,46.5,47.810001373291016,-1.39,41.17,BAJO,51623002112.0,10.2,8.76,1.29,11.52,5.91,41.08,17.46,1.52,7.09,0.28,0.72,,YAHOO,-0.6449,-1.0202,-0.3947,0.055293,5.4196,-0.346,78.56,2026-11-04,43,,,yahoo,1.0,0.0,1.0,1.0,1.0,0.0,1.0,0.0,1.0,-8.572,-2.4092,4.2922,8.859,18.9115,35.2318,51.33,51.33,51.3696,-8.572,-8.572,-8.6424
DXCM,89.52999877929688,89.53,2026-09-22,False,88.18000030517578,90.38500213623047,0.4,27.25,BAJO,33785108480.0,35.39,28.66,12.89,38.49,10.33,24.33,20.12,3.02,23.59,0.53,1.73,,YAHOO,-0.6449,-1.0202,-0.3947,0.055293,5.4196,-0.346,78.56,2026-10-29,37,,,yahoo,1.0,1.0,1.0,1.0,0.0,1.0,1.0,0.0,1.0,3.5628,5.9151,27.0289,29.9042,12.0006,42.3356,91.06,92.34,92.34,-1.6802,-3.0431,-3.0431
ED,103.83999633789062,103.84,2026-09-22,False,103.30500030517578,104.62000274658203,-0.02,9.49,BAJO,38403006464.0,17.08,16.0,1.49,8.96,3.24,16.54,12.53,-2.2,10.59,1.1,1.27,,YAHOO,-0.6449,-1.0202,-0.3947,0.055293,5.4196,-0.346,78.56,2026-11-05,44,,,yahoo,1.0,1.0,1.0,1.0,1.0,0.0,0.0,0.0,1.0,-1.3303,-4.0916,-7.18,-3.7318,23.4173,16.949,108.75,113.0627,113.5694,-4.5149,-8.1572,-8.567
EIX,55.04999923706055,55.05,2026-09-22,False,54.79499816894531,55.81999969482422,0.18,5.5,BAJO,21184010240.0,5.68,8.47,1.21,19.73,4.09,26.9,19.28,0.39,7.4,2.28,0.66,,YAHOO,-0.6449,-1.0202,-0.3947,0.055293,5.4196,-0.346,78.56,2026-10-27,35,,,yahoo,1.0,1.0,1.0,1.0,1.0,0.0,0.0,1.0,0.0,0.8981,-7.2139,-30.8764,-23.6311,13.3089,62.0395,74.78,80.38,80.38,-26.3841,-31.5128,-31.5128
EL,100.29000091552734,100.29,2026-09-22,False,97.86940002441406,100.8550033569336,4.1,15.0,BAJO,36284776448.0,200.58,25.63,9.53,4.75,5.23,7.0,1.21,4.99,16.54,2.43,1.22,,YAHOO,-0.6449,-1.0202,-0.3947,0.055293,5.4196,-0.346,78.56,2026-11-02,41,,,yahoo,1.0,1.0,1.0,1.0,1.0,0.0,0.0,1.0,1.0,4.1974,-1.3767,25.9142,20.1417,44.8454,46.0216,105.8504,105.8504,118.3745,-5.2531,-5.2531,-15.2774
EME,756.5,756.5,2026-09-22,False,752.1900024414062,762.2999877929688,-0.16,14.03,BAJO,33369139200.0,23.54,20.59,8.21,40.35,12.03,10.62,7.74,2.93,16.6,0.13,1.28,,YAHOO,-0.6449,-1.0202,-0.3947,0.055293,5.4196,-0.346,78.56,2026-10-29,37,,,yahoo,1.0,1.0,1.0,1.0,0.0,0.0,1.0,1.0,0.0,2.8524,-2.1548,-1.6344,-9.7446,28.6298,53.6321,780.66,862.54,943.2628,-3.0948,-12.2939,-19.7997
EMR,154.19000244140625,154.19,2026-09-22,False,152.5,155.11000061035156,1.63,16.35,BAJO,86007185408.0,33.74,21.28,4.22,12.8,6.9,26.92,13.83,4.31,16.12,0.68,0.9,,YAHOO,-0.6449,-1.0202,-0.3947,0.055293,5.4196,-0.346,78.56,2026-11-04,43,,,yahoo,1.0,1.0,1.0,1.0,0.0,0.0,1.0,1.0,1.0,4.8912,1.3408,6.7722,8.085,4.9538,29.1944,158.29,163.8244,163.8244,-2.5902,-5.8809,-5.8809
EOG,139.52000427246094,139.52,2026-09-22,False,138.0601043701172,141.22999572753906,-1.32,23.54,BAJO,73182314496.0,10.86,9.41,2.3,22.51,11.02,40.72,25.73,6.12,5.28,0.26,1.85,,YAHOO,-0.6449,-1.0202,-0.3947,0.055293,5.4196,-0.346,78.56,2026-11-05,44,,,yahoo,1.0,0.0,1.0,1.0,0.0,0.0,1.0,0.0,0.0,-9.2494,-4.0176,-4.1034,4.1923,15.7282,34.9073,153.74,153.74,153.74,-9.2494,-9.2494,-9.2494
EPAM,111.54000091552734,111.54,2026-09-22,False,110.9800033569336,115.98999786376953,-1.41,-30.25,BAJO,5754011648.0,15.15,7.93,1.64,11.18,8.45,10.94,7.15,11.3,6.9,0.04,2.75,,YAHOO,-0.6449,-1.0202,-0.3947,0.055293,5.4196,-0.346,78.56,2026-11-05,44,,,yahoo,1.0,0.0,1.0,1.0,1.0,0.0,1.0,0.0,1.0,-9.6915,-3.2694,29.4869,45.0644,17.4535,56.343,123.61,123.61,221.4,-9.7646,-9.7646,-49.6206
EQIX,1059.260009765625,1059.26,2026-09-22,False,1047.7149658203125,1066.510009765625,0.19,34.02,BAJO,104518975488.0,68.16,56.89,7.27,10.73,3.68,27.02,15.48,3.61,27.91,1.62,1.13,,YAHOO,-0.6449,-1.0202,-0.3947,0.055293,5.4196,-0.346,78.56,2026-10-28,36,,,yahoo,1.0,1.0,1.0,1.0,0.0,0.0,0.0,1.0,0.0,5.1918,1.7336,2.9772,-4.6247,27.6166,29.4545,1079.61,1096.8591,1110.6332,-1.8849,-3.4279,-4.6256
EQT,50.810001373291016,50.81,2026-09-22,False,49.564998626708984,51.45500183105469,1.36,1.33,BAJO,31782469632.0,11.79,13.32,1.26,11.08,6.63,23.37,29.18,7.74,5.79,0.2,0.67,,YAHOO,-0.6449,-1.0202,-0.3947,0.055293,5.4196,-0.346,78.56,2026-10-20,28,,,yahoo,1.0,1.0,1.0,1.0,1.0,1.0,0.0,1.0,1.0,-4.3486,-7.8193,-4.5339,-1.3369,13.7296,29.2585,55.75,55.75,67.5273,-8.861,-8.861,-24.7564
ERIE,234.3800048828125,234.38,2026-09-22,False,225.49000549316406,237.4600067138672,-0.67,-26.99,BAJO,12255699968.0,21.27,16.73,4.97,24.81,14.15,19.1,14.01,3.93,14.49,0.03,1.25,,YAHOO,-0.6449,-1.0202,-0.3947,0.055293,5.4196,-0.346,78.56,2026-10-29,37,,,yahoo,1.0,0.0,1.0,1.0,0.0,0.0,1.0,0.0,0.0,-6.4762,-3.686,9.2579,6.6033,12.1942,48.5563,260.4,268.64,324.5125,-9.9923,-12.7531,-27.7747
ES,66.37999725341797,66.38,2026-09-22,False,66.29000091552734,67.06500244140625,-0.76,1.09,BAJO,25003669504.0,17.24,13.5,1.53,9.02,3.3,23.92,10.35,3.25,10.77,1.81,0.8,,YAHOO,-0.6449,-1.0202,-0.3947,0.055293,5.4196,-0.346,78.56,2026-11-04,43,,,yahoo,1.0,1.0,1.0,1.0,1.0,0.0,0.0,1.0,1.0,-0.0722,-6.0547,-9.9953,-5.4463,23.3601,19.233,70.836,74.5127,74.5127,-6.2906,-10.9146,-10.9146
ESS,274.760009765625,274.76,2026-09-22,False,270.9549865722656,275.9150085449219,1.24,5.7,BAJO,18940000256.0,42.73,43.62,3.32,7.71,2.96,33.98,20.89,5.51,19.76,1.22,0.25,,YAHOO,-0.6449,-1.0202,-0.3947,0.055293,5.4196,-0.346,78.56,2026-10-27,35,,,yahoo,1.0,0.0,1.0,1.0,0.0,1.0,0.0,0.0,1.0,-0.4673,-0.9553,-6.2892,-0.7569,11.2487,19.3912,292.0,298.33,298.33,-5.9041,-7.9006,-7.9006
ETN,442.489990234375,442.49,2026-09-22,False,433.45001220703125,443.5799865722656,1.62,16.72,BAJO,171863113728.0,44.97,27.4,8.49,19.68,7.05,16.56,12.75,1.81,28.59,1.05,1.24,,YAHOO,-0.6449,-1.0202,-0.3947,0.055293,5.4196,-0.346,78.56,2026-11-03,42,,,yahoo,1.0,1.0,1.0,1.0,1.0,0.0,1.0,0.0,1.0,12.765,4.8232,6.853,9.4499,13.9982,47.3702,442.49,459.96,459.96,0.0,-3.7982,-3.7982
ETR,101.16000366210938,101.16,2026-09-22,False,100.91500091552734,102.05999755859375,-0.41,14.63,BAJO,48331972608.0,25.87,19.82,2.59,10.25,2.68,24.46,13.33,-9.11,14.17,1.87,0.91,,YAHOO,-0.6449,-1.0202,-0.3947,0.055293,5.4196,-0.346,78.56,2026-10-29,37,,,yahoo,1.0,1.0,1.0,1.0,1.0,1.0,0.0,0.0,0.0,-1.7101,-6.7907,-12.121,-10.5844,14.6395,18.2237,108.53,115.6397,116.6636,-6.7907,-12.5214,-13.2891
EVRG,79.2699966430664,79.27,2026-09-22,False,78.98999786376953,80.0999984741211,0.01,12.04,BAJO,18277058560.0,20.17,17.36,1.79,9.25,2.91,25.24,15.19,-7.9,12.25,1.61,0.36,,YAHOO,-0.6449,-1.0202,-0.3947,0.055293,5.4196,-0.346,78.56,2026-11-05,44,,,yahoo,1.0,0.0,1.0,1.0,0.0,0.0,0.0,1.0,0.0,-1.1596,-3.6114,-7.7532,-5.7851,12.8775,15.7769,82.24,87.4002,87.4002,-3.6114,-9.3023,-9.3023
EW,88.77999877929688,88.78,2026-09-22,False,88.49500274658203,89.66000366210938,0.5,18.83,BAJO,51172790272.0,52.85,26.29,4.82,9.18,8.37,29.84,15.43,2.41,23.9,0.07,4.52,,YAHOO,-0.6449,-1.0202,-0.3947,0.055293,5.4196,-0.346,78.56,2026-10-29,37,,,yahoo,1.0,0.0,1.0,1.0,1.0,0.0,1.0,0.0,1.0,3.5456,2.3755,5.9174,2.1047,11.2652,23.8316,90.87,95.18,95.18,-2.3,-6.7241,-6.7241
EXC,41.79999923706055,41.8,2026-09-22,False,41.720001220703125,42.079898834228516,-0.43,-1.7,BAJO,43064614912.0,15.37,13.76,1.45,9.71,2.81,16.59,10.99,-6.24,11.27,1.77,1.09,,YAHOO,-0.6449,-1.0202,-0.3947,0.055293,5.4196,-0.346,78.56,2026-11-03,42,,,yahoo,1.0,1.0,1.0,1.0,0.0,1.0,0.0,1.0,0.0,-0.9479,-4.8919,-10.7487,-9.4852,11.8439,18.9578,44.11,47.4284,49.3516,-5.2369,-11.8672,-15.3016
EXPD,187.50999450683594,187.51,2026-09-22,False,185.5200958251953,192.7100067138672,-2.41,57.03,BAJO,24374540288.0,27.25,23.65,11.51,42.67,15.23,10.71,7.63,3.27,18.92,0.27,1.57,,YAHOO,-0.6449,-1.0202,-0.3947,0.055293,5.4196,-0.346,78.56,2026-11-03,42,,,yahoo,1.0,0.0,1.0,1.0,1.0,1.0,1.0,1.0,1.0,-3.2955,0.8335,6.4309,16.2204,24.3356,25.1808,193.9,193.9,193.9,-3.2955,-3.2955,-3.2955
EXPE,280.70001220703125,280.7,2026-09-22,False,263.17999267578125,287.0400085449219,-0.11,24.97,BAJO,33690200064.0,17.65,11.47,27.86,89.49,6.11,18.98,12.97,10.19,11.61,2.3,0.8,,YAHOO,-0.6449,-1.0202,-0.3947,0.055293,5.4196,-0.346,78.56,2026-11-05,44,,,yahoo,1.0,0.0,1.0,1.0,1.0,1.0,1.0,1.0,0.0,-4.2241,2.24,9.1202,14.7038,16.4604,43.6445,337.4835,338.6418,338.6418,-16.8256,-17.1101,-17.1101
EXR,134.99000549316406,134.99,2026-09-22,False,134.72000122070312,138.30499267578125,-1.8,0.45,BAJO,29792636928.0,29.73,28.05,2.15,6.95,3.36,45.88,27.28,5.03,18.9,1.02,0.89,,YAHOO,-0.6449,-1.0202,-0.3947,0.055293,5.4196,-0.346,78.56,2026-10-28,36,,,yahoo,1.0,1.0,1.0,1.0,0.0,1.0,1.0,0.0,1.0,-1.6824,-1.856,-6.0809,-7.5682,28.5308,20.5268,143.1864,151.0737,151.0737,-5.7243,-10.6463,-10.6463
FANG,184.5,184.5,2026-09-22,False,184.2899932861328,188.72000122070312,-2.52,34.55,BAJO,51663646720.0,35.14,9.88,1.37,3.49,1.31,48.47,9.03,9.75,5.93,0.29,0.47,,YAHOO,-0.6449,-1.0202,-0.3947,0.055293,5.4196,-0.346,78.56,2026-11-02,41,,,yahoo,1.0,0.0,1.0,1.0,0.0,0.0,1.0,0.0,1.0,-12.7783,-7.5883,-9.7201,-1.274,27.5141,37.6413,211.53,211.53,211.53,-12.7783,-12.7783,-12.7783
FAST,50.08000183105469,50.08,2026-09-22,False,49.56999969482422,50.19499969482422,0.87,7.04,BAJO,57466683392.0,42.8,35.7,14.12,34.33,21.52,21.02,15.45,1.59,29.27,0.11,4.18,,YAHOO,-0.6449,-1.0202,-0.3947,0.055293,5.4196,-0.346,78.56,2026-10-14,22,,,yahoo,1.0,1.0,1.0,1.0,1.0,1.0,0.0,0.0,1.0,1.356,1.4176,9.1112,10.4272,11.3436,22.9719,51.15,52.38,52.38,-2.0919,-4.391,-4.391
FDS,276.4200134277344,276.42,2026-09-22,False,276.3699951171875,288.8999938964844,-2.7,-6.37,BAJO,9831027712.0,18.22,14.01,4.87,27.03,11.08,30.54,23.21,6.32,11.9,0.77,0.68,,YAHOO,-0.6449,-1.0202,-0.3947,0.055293,5.4196,-0.346,78.56,2026-09-30,8,,,yahoo,1.0,1.0,1.0,1.0,0.0,1.0,1.0,0.0,0.0,-0.2418,-4.3529,13.7324,27.1885,30.7879,49.0935,313.55,313.55,313.55,-11.8418,-11.8418,-11.8418
FE,44.72999954223633,44.73,2026-09-22,False,44.70500183105469,45.27000045776367,-0.53,5.83,BAJO,25882564608.0,23.92,15.17,2.0,9.49,3.68,19.3,6.94,-7.78,10.38,2.01,0.54,,YAHOO,-0.6449,-1.0202,-0.3947,0.055293,5.4196,-0.346,78.56,2026-10-21,29,,,yahoo,1.0,0.0,1.0,1.0,0.0,1.0,0.0,0.0,1.0,-1.3236,-3.7029,-8.7221,-4.7978,12.4141,16.2151,47.04,49.43,50.8757,-4.9107,-9.5083,-12.0799
FFIV,453.3299865722656,453.33,2026-09-22,False,442.010009765625,454.0,0.72,35.74,BAJO,25670801408.0,36.09,25.08,6.68,19.83,7.98,24.65,21.95,2.79,26.34,0.07,1.67,,YAHOO,-0.6449,-1.0202,-0.3947,0.055293,5.4196,-0.346,78.56,2026-10-26,34,,,yahoo,1.0,1.0,1.0,1.0,0.0,1.0,1.0,1.0,0.0,5.2103,16.3518,16.8135,16.3787,33.3159,37.75,453.33,453.33,453.33,0.0,0.0,0.0
FICO,914.47998046875,914.48,2026-09-22,False,909.1599731445312,941.969970703125,-1.09,-42.13,BAJO,19750604800.0,26.45,17.25,-4.82,,39.98,53.79,34.05,3.92,19.87,,1.18,,YAHOO,-0.6449,-1.0202,-0.3947,0.055293,5.4196,-0.346,78.56,2026-11-04,43,,,yahoo,1.0,1.0,1.0,1.0,0.0,0.0,1.0,1.0,1.0,-7.2498,-2.0165,-24.1844,-16.8208,11.64,66.451,1157.0601,1373.08,1879.55,-20.9652,-33.3994,-51.3458
FIS,34.959999084472656,34.96,2026-09-22,False,34.81999969482422,35.685001373291016,-0.65,-45.41,BAJO,18029078528.0,5.37,5.22,1.12,22.35,4.28,20.67,27.65,14.72,10.94,1.33,0.54,,YAHOO,-0.6449,-1.0202,-0.3947,0.055293,5.4196,-0.346,78.56,2026-11-04,43,,,yahoo,1.0,0.0,1.0,1.0,1.0,0.0,1.0,0.0,1.0,-6.3739,-10.2893,-11.6785,-7.0104,10.4689,38.02,41.7971,46.2753,66.0466,-16.3577,-24.4522,-47.0677
FITB,52.7599983215332,52.76,2026-09-22,False,52.349998474121094,53.994998931884766,-1.03,19.81,BAJO,47847649280.0,17.76,10.68,1.48,8.44,0.92,39.08,23.24,,,,,,YAHOO,-0.6449,-1.0202,-0.3947,0.055293,5.4196,-0.346,78.56,2026-10-19,27,,,yahoo,1.0,1.0,1.0,1.0,1.0,0.0,1.0,0.0,1.0,-3.4937,-3.2104,-7.6815,-2.809,19.7985,21.4304,55.1,59.37,59.37,-4.2468,-11.1336,-11.1336
FIX,1625.1300048828125,1625.13,2026-09-22,False,1596.31005859375,1633.5,-0.46,96.65,BAJO,57195360256.0,39.98,27.01,17.75,55.29,17.04,17.06,12.78,3.22,27.88,0.11,1.21,,YAHOO,-0.6449,-1.0202,-0.3947,0.055293,5.4196,-0.346,78.56,2026-10-22,30,,,yahoo,1.0,1.0,1.0,1.0,0.0,1.0,1.0,1.0,0.0,3.0664,-1.4159,-11.2049,-14.7845,45.7009,58.2634,1690.8199,1980.9241,2065.4404,-3.8851,-17.961,-21.318
FOX,57.31999969482422,57.32,2026-09-22,False,57.13999938964844,58.33000183105469,-1.0,1.83,BAJO,24170332160.0,14.93,9.98,2.07,14.29,9.5,25.21,9.84,2.3,7.17,0.64,3.17,,YAHOO,-0.6449,-1.0202,-0.3947,0.055293,5.4196,-0.346,78.56,2026-10-29,37,,,yahoo,1.0,0.0,1.0,1.0,0.0,1.0,1.0,0.0,1.0,-5.005,-1.5797,17.1269,29.2996,11.2941,34.0742,62.382,62.382,67.0667,-8.1145,-8.1145,-14.5328
FOXA,64.25,64.25,2026-09-22,False,63.900001525878906,65.38500213623047,-0.83,2.34,BAJO,27092531200.0,16.73,11.01,2.32,14.29,9.5,25.21,9.84,2.05,7.92,0.64,3.17,,YAHOO,-0.6449,-1.0202,-0.3947,0.055293,5.4196,-0.346,78.56,2026-10-29,37,,,yahoo,1.0,0.0,1.0,1.0,0.0,1.0,1.0,0.0,1.0,-4.9134,-1.5024,17.1426,32.2686,15.086,34.5373,70.0207,70.0207,75.4053,-8.2414,-8.2414,-14.7938
FRT,110.45999908447266,110.46,2026-09-22,False,110.0,111.43329620361328,-0.15,14.14,BAJO,9656228864.0,22.32,34.62,2.99,12.55,3.26,35.03,32.66,4.72,17.62,1.34,0.56,,YAHOO,-0.6449,-1.0202,-0.3947,0.055293,5.4196,-0.346,78.56,2026-10-30,38,,,yahoo,1.0,1.0,1.0,1.0,0.0,0.0,0.0,0.0,0.0,-3.0457,-5.791,-11.5117,-9.8637,4.5044,14.2263,117.94,127.13,127.13,-6.3422,-13.1126,-13.1126
FTNT,174.25999450683594,174.26,2026-09-22,False,170.24000549316406,176.0850067138672,-0.55,103.44,BAJO,127856943104.0,61.36,46.13,82.43,117.44,14.17,33.6,28.17,1.77,47.9,0.36,1.28,,YAHOO,-0.6449,-1.0202,-0.3947,0.055293,5.4196,-0.346,78.56,2026-11-04,43,,,yahoo,1.0,0.0,1.0,1.0,1.0,0.0,1.0,0.0,1.0,1.0965,10.6623,14.9927,17.7432,32.4757,46.3401,175.23,175.23,175.23,-0.5536,-0.5536,-0.5536
FTV,55.95000076293945,55.95,2026-09-22,False,55.34000015258789,56.11000061035156,1.56,14.75,BAJO,16897854464.0,29.6,17.23,2.79,7.32,3.29,19.14,12.38,5.56,16.09,0.59,1.24,,YAHOO,-0.6449,-1.0202,-0.3947,0.055293,5.4196,-0.346,78.56,2026-10-28,36,,,yahoo,1.0,1.0,1.0,1.0,0.0,0.0,1.0,0.0,1.0,-0.8857,-0.991,-7.5914,-7.1626,13.9111,26.7103,60.1767,64.0121,64.0121,-7.0239,-12.5946,-12.5946
GD,343.3900146484375,343.39,2026-09-22,False,342.2149963378906,354.6700134277344,-2.97,6.75,BAJO,92906635264.0,20.95,18.47,3.46,17.8,6.08,10.38,8.18,4.74,14.76,0.35,1.44,,YAHOO,-0.6449,-1.0202,-0.3947,0.055293,5.4196,-0.346,78.56,2026-10-28,36,,,yahoo,1.0,1.0,1.0,1.0,1.0,1.0,0.0,0.0,1.0,-4.2415,-3.699,-10.0579,-1.5524,21.2141,19.4153,382.02,395.97,395.97,-10.112,-13.2788,-13.2788
GDDY,98.23999786376953,98.24,2026-09-22,False,97.5199966430664,105.98799896240234,-6.23,-35.09,BAJO,12441870336.0,14.6,8.91,1853.58,442.86,9.88,27.06,17.83,9.68,11.54,573.34,0.63,,YAHOO,-0.6449,-1.0202,-0.3947,0.055293,5.4196,-0.346,78.56,2026-10-29,37,,,yahoo,1.0,0.0,1.0,1.0,0.0,0.0,1.0,0.0,1.0,-4.0438,5.7709,12.1205,29.0933,90.0154,66.1683,104.77,105.1,147.83,-6.2327,-6.5271,-33.5453
GEHC,66.2699966430664,66.27,2026-09-22,False,65.99500274658203,67.08000183105469,2.25,-12.75,BAJO,29933246464.0,15.27,12.24,2.73,19.38,5.13,14.98,9.33,5.26,10.57,0.94,1.26,,YAHOO,-0.6449,-1.0202,-0.3947,0.055293,5.4196,-0.346,78.56,2026-10-28,36,,,yahoo,1.0,0.0,1.0,0.0,0.0,1.0,1.0,0.0,0.0,3.4337,-0.7563,6.9647,4.0606,18.3686,38.4046,73.91,74.82,88.0324,-10.3369,-11.4274,-24.7209
GIS,35.45000076293945,35.45,2026-09-22,False,35.38100051879883,36.130001068115234,0.11,-26.34,BAJO,18952615936.0,,11.12,2.57,-1.03,5.74,16.12,-0.47,12.18,9.4,1.89,0.68,,YAHOO,-0.6449,-1.0202,-0.3947,0.055293,5.4196,-0.346,78.56,2026-09-23,1,2026-09-15,7.0,yahoo,0.0,0.0,1.0,1.0,0.0,1.0,1.0,0.0,1.0,-3.0891,-5.9432,-0.2813,4.7448,17.967,37.2863,41.55,41.55,48.1163,-14.6811,-14.6811,-26.3243
GNRC,206.1699981689453,206.17,2026-09-22,False,201.2899932861328,208.5500030517578,0.59,9.38,BAJO,12177211392.0,47.4,16.57,4.23,9.49,4.72,17.93,5.82,2.37,20.91,0.49,2.04,,YAHOO,-0.6449,-1.0202,-0.3947,0.055293,5.4196,-0.346,78.56,2026-10-28,36,,,yahoo,1.0,0.0,1.0,1.0,1.0,1.0,1.0,0.0,0.0,17.7912,8.3907,-2.057,-24.9035,147.4102,61.9467,207.44,292.81,295.54,-0.6122,-29.5892,-30.2396
GOOG,347.4100036621094,347.41,2026-09-22,False,345.739990234375,359.9800109863281,-0.99,36.19,BAJO,4248801902592.0,17.43,23.34,6.83,48.68,12.96,34.03,54.77,0.53,24.18,0.19,2.72,,YAHOO,-0.6449,-1.0202,-0.3947,0.055293,5.4196,-0.346,78.56,2026-10-28,36,,,yahoo,1.0,0.0,1.0,1.0,0.0,1.0,1.0,1.0,0.0,1.7515,3.587,9.2026,0.4495,19.9667,33.487,350.87,375.1065,398.5413,-0.9861,-7.3836,-12.8296
GPC,129.58999633789062,129.59,2026-09-22,False,127.83999633789062,131.4506072998047,2.48,-4.21,BAJO,17865246720.0,518.36,15.6,3.95,0.71,4.48,6.56,0.13,5.13,11.47,1.46,1.16,,YAHOO,-0.6449,-1.0202,-0.3947,0.055293,5.4196,-0.346,78.56,2026-10-20,28,,,yahoo,1.0,0.0,1.0,1.0,1.0,0.0,1.0,1.0,0.0,-1.0839,-3.3343,8.787,22.6625,32.1855,38.2581,138.4126,138.4126,145.181,-6.3741,-6.3741,-10.739
GPN,84.77999877929688,84.78,2026-09-22,False,84.37000274658203,86.24600219726562,-0.6,-2.77,BAJO,22434347008.0,40.18,5.3,0.98,2.43,2.33,16.11,-9.15,35.07,9.25,0.98,0.82,,YAHOO,-0.6449,-1.0202,-0.3947,0.055293,5.4196,-0.346,78.56,2026-11-03,42,,,yahoo,1.0,0.0,1.0,1.0,0.0,1.0,1.0,0.0,0.0,-4.7202,-4.9206,9.196,32.2651,10.004,39.683,93.5551,94.5623,94.5623,-9.3796,-10.3448,-10.3448
GWW,1268.6199951171875,1268.62,2026-09-22,False,1260.3199462890625,1289.93994140625,-0.72,29.08,BAJO,59753197568.0,32.34,24.85,14.46,46.09,19.93,16.07,9.92,2.09,19.52,0.62,2.81,,YAHOO,-0.6449,-1.0202,-0.3947,0.055293,5.4196,-0.346,78.56,2026-11-04,43,,,yahoo,1.0,0.0,1.0,1.0,0.0,1.0,1.0,0.0,1.0,-0.0717,-1.5941,-7.0468,-3.7397,10.6206,21.4186,1335.39,1399.2974,1399.2974,-5.0,-9.3388,-9.3388
HAS,86.91000366210938,86.91,2026-09-22,False,86.9000015258789,89.66000366210938,-0.92,18.53,BAJO,12258174976.0,15.46,13.34,17.41,159.56,13.08,22.16,15.97,5.61,11.37,5.31,1.66,,YAHOO,-0.6449,-1.0202,-0.3947,0.055293,5.4196,-0.346,78.56,2026-10-22,30,,,yahoo,0.0,0.0,1.0,1.0,1.0,0.0,0.0,0.0,1.0,-3.6581,-3.7648,0.2429,5.662,10.1481,31.9511,96.74,96.74,103.5827,-10.1613,-10.1613,-16.096
HBAN,15.6899995803833,15.69,2026-09-22,False,15.574999809265137,16.145000457763672,-2.18,-7.53,BAJO,31700307968.0,12.07,8.85,1.07,9.0,0.98,41.93,26.13,,,,,,YAHOO,-0.6449,-1.0202,-0.3947,0.055293,5.4196,-0.346,78.56,2026-10-22,30,,,yahoo,1.0,1.0,1.0,1.0,1.0,0.0,0.0,0.0,0.0,-5.4015,-5.4579,-8.9354,-8.9354,25.3503,25.0364,16.8928,18.3782,18.72,-7.1205,-14.6269,-16.1858
HCA,438.1199951171875,438.12,2026-09-22,False,428.32000732421875,442.5199890136719,2.85,6.77,BAJO,94853636096.0,14.69,13.68,-14.38,,12.29,15.16,8.77,3.94,9.28,,0.99,,YAHOO,-0.6449,-1.0202,-0.3947,0.055293,5.4196,-0.346,78.56,2026-10-23,31,,,yahoo,1.0,1.0,1.0,1.0,0.0,0.0,1.0,1.0,1.0,3.5647,9.1806,16.5811,13.4415,25.3996,36.9634,438.12,438.12,542.2319,0.0,0.0,-19.2006
HIG,128.72999572753906,128.73,2026-09-22,False,128.60000610351562,130.72999572753906,-1.53,-1.3,BAJO,34869350400.0,8.89,9.41,1.81,22.06,3.85,17.61,14.89,15.79,6.37,0.22,1.77,,YAHOO,-0.6449,-1.0202,-0.3947,0.055293,5.4196,-0.346,78.56,2026-10-29,37,,,yahoo,1.0,1.0,1.0,1.0,1.0,0.0,1.0,0.0,1.0,-5.3665,-5.1084,-9.0627,-1.5498,4.971,20.106,140.0,145.0437,145.0437,-8.05,-11.2475,-11.2475
HII,270.95001220703125,270.95,2026-09-22,False,268.0899963378906,278.7799987792969,-1.87,-1.81,BAJO,10676676608.0,16.14,13.0,2.01,12.97,4.28,7.08,5.01,-2.81,11.8,0.55,1.23,,YAHOO,-0.6449,-1.0202,-0.3947,0.055293,5.4196,-0.346,78.56,2026-10-29,37,,,yahoo,1.0,1.0,1.0,1.0,1.0,1.0,0.0,1.0,1.0,-3.0452,-5.8122,-5.1818,-3.9743,21.9728,40.721,295.91,329.2744,449.6816,-8.435,-17.713,-39.7463
HLT,308.44000244140625,308.44,2026-09-22,False,307.260009765625,314.0,0.44,14.38,BAJO,69419024384.0,45.23,29.5,-11.04,,11.03,62.99,31.03,2.01,26.7,,0.65,,YAHOO,-0.6449,-1.0202,-0.3947,0.055293,5.4196,-0.346,78.56,2026-10-28,36,,,yahoo,1.0,0.0,1.0,1.0,0.0,0.0,1.0,1.0,1.0,0.2112,1.3039,-3.6228,-10.252,13.9294,22.6445,332.56,340.9648,350.0606,-7.2528,-9.539,-11.8895
HPE,61.029998779296875,61.03,2026-09-22,False,60.44499969482422,62.9900016784668,-1.17,145.39,BAJO,81015177216.0,31.46,13.28,3.06,10.94,2.64,12.56,6.67,5.85,13.81,0.76,1.11,,YAHOO,-0.6449,-1.0202,-0.3947,0.055293,5.4196,-0.346,78.56,2026-12-02,71,2026-09-02,20.0,finnhub,1.0,0.0,1.0,1.0,0.0,0.0,0.0,0.0,1.0,9.4924,9.1993,28.4307,25.0702,65.9532,68.2059,61.9333,61.9333,61.9333,-1.4586,-1.4586,-1.4586
HRL,20.329999923706055,20.33,2026-09-22,False,20.295000076293945,20.721099853515625,-0.64,-13.53,BAJO,11188631552.0,32.79,13.09,1.43,4.29,4.63,8.62,2.82,5.56,10.43,0.36,1.88,,YAHOO,-0.6449,-1.0202,-0.3947,0.055293,5.4196,-0.346,78.56,2026-12-02,71,2026-08-27,26.0,finnhub,1.0,0.0,1.0,1.0,0.0,1.0,0.0,0.0,1.0,-2.2126,-4.149,-18.745,-16.7728,14.5025,30.3893,23.78,26.05,26.1959,-14.508,-21.9578,-22.3925
HSIC,87.43000030517578,87.43,2026-09-22,False,85.58000183105469,87.63999938964844,2.62,27.18,BAJO,9743771648.0,25.49,14.58,3.1,8.85,4.39,5.76,2.96,4.58,13.63,0.81,1.32,,YAHOO,-0.6449,-1.0202,-0.3947,0.055293,5.4196,-0.346,78.56,2026-11-03,42,,,yahoo,1.0,0.0,1.0,1.0,0.0,0.0,1.0,0.0,0.0,-0.1028,-1.6093,3.4307,9.1511,30.2533,19.8439,90.86,90.86,90.86,-3.775,-3.775,-3.775
HUBB,458.8299865722656,458.83,2026-09-22,False,454.6000061035156,459.30999755859375,0.29,4.37,BAJO,24241168384.0,27.18,20.02,6.2,24.44,8.43,21.67,14.49,2.05,19.36,1.42,1.61,,YAHOO,-0.6449,-1.0202,-0.3947,0.055293,5.4196,-0.346,78.56,2026-10-27,35,,,yahoo,1.0,0.0,1.0,1.0,0.0,0.0,1.0,1.0,0.0,4.6291,-1.2738,-5.7595,-9.7475,14.0387,33.2546,471.0005,521.5837,554.4603,-2.584,-12.0314,-17.2475
HUM,372.0,372.0,2026-09-22,False,370.0,379.625,-1.74,44.79,BAJO,44669874176.0,35.23,22.45,2.32,6.89,3.9,3.46,0.88,4.35,9.9,0.76,1.74,,YAHOO,-0.6449,-1.0202,-0.3947,0.055293,5.4196,-0.346,78.56,2026-11-06,45,,,yahoo,1.0,0.0,1.0,0.0,0.0,0.0,1.0,0.0,1.0,-6.2075,-7.7129,-5.7034,3.828,19.1515,33.8369,409.8,409.8,409.8,-9.224,-9.224,-9.224
ICE,152.92999267578125,152.93,2026-09-22,False,152.5050048828125,155.6999969482422,-1.57,-10.46,BAJO,85854052352.0,21.6,17.38,2.9,14.09,2.17,52.63,38.25,4.23,15.9,0.69,1.01,,YAHOO,-0.6449,-1.0202,-0.3947,0.055293,5.4196,-0.346,78.56,2026-10-29,37,,,yahoo,1.0,1.0,1.0,1.0,0.0,1.0,1.0,1.0,1.0,-2.2062,-2.7393,7.1423,15.3673,19.6728,24.1617,164.0445,164.0445,173.314,-6.7753,-6.7753,-11.7613
IDXX,521.5,521.5,2026-09-22,False,511.7300109863281,523.9450073242188,1.2,-20.58,BAJO,41084354560.0,36.67,31.15,25.51,74.21,27.08,34.98,25.03,2.21,25.89,0.68,1.17,,YAHOO,-0.6449,-1.0202,-0.3947,0.055293,5.4196,-0.346,78.56,2026-11-02,41,,,yahoo,1.0,1.0,1.0,1.0,1.0,0.0,1.0,1.0,1.0,2.1087,0.248,-3.3131,-3.6596,19.077,28.5072,556.69,595.76,766.68,-6.3213,-12.4648,-31.9794
IEX,225.69000244140625,225.69,2026-09-22,False,223.9199981689453,227.77000427246094,1.42,41.07,BAJO,16637843456.0,32.52,23.45,4.17,12.96,6.84,22.17,14.49,3.34,18.5,0.47,3.05,,YAHOO,-0.6449,-1.0202,-0.3947,0.055293,5.4196,-0.346,78.56,2026-10-28,36,,,yahoo,1.0,0.0,1.0,1.0,1.0,1.0,1.0,1.0,1.0,1.2789,0.0133,1.5615,2.3776,13.3403,18.366,234.89,240.52,240.52,-3.9167,-6.1658,-6.1658
INCY,126.93000030517578,126.93,2026-09-22,False,124.0199966430664,127.69000244140625,1.83,48.26,BAJO,25728423936.0,16.17,14.29,4.02,30.67,16.83,41.9,27.71,4.59,10.69,0.01,4.59,,YAHOO,-0.6449,-1.0202,-0.3947,0.055293,5.4196,-0.346,78.56,2026-10-27,35,,,yahoo,1.0,1.0,1.0,1.0,1.0,1.0,0.0,1.0,0.0,4.2632,2.0338,8.7754,21.5805,30.9295,31.7197,129.72,129.93,129.93,-2.1508,-2.3089,-2.3089
INTU,292.3500061035156,292.35,2026-09-22,False,288.25,310.4949951171875,-3.87,-59.44,BAJO,78126448640.0,17.76,10.8,4.13,23.6,10.47,17.64,21.29,8.13,11.59,0.44,1.51,,YAHOO,-0.6449,-1.0202,-0.3947,0.055293,5.4196,-0.346,78.56,2026-11-19,58,2026-08-25,28.0,yahoo,1.0,1.0,1.0,1.0,0.0,1.0,1.0,1.0,1.0,-11.2127,-8.3341,3.8433,13.7938,29.496,47.2331,359.3,369.92,694.2903,-18.6334,-20.9694,-57.8923
INVH,27.139999389648438,27.14,2026-09-22,False,27.0049991607666,27.280000686645508,0.22,-6.09,BAJO,16029513728.0,24.9,38.18,1.77,7.05,2.48,25.11,23.2,7.29,16.36,0.94,0.43,,YAHOO,-0.6449,-1.0202,-0.3947,0.055293,5.4196,-0.346,78.56,2026-10-28,36,,,yahoo,1.0,1.0,1.0,1.0,0.0,1.0,1.0,0.0,1.0,-1.809,-3.8271,-7.8125,-5.6196,10.2978,16.8259,30.21,30.59,30.59,-10.1622,-11.2782,-11.2782
IQV,270.0899963378906,270.09,2026-09-22,False,267.260009765625,272.44000244140625,0.08,42.25,BAJO,44456812544.0,33.59,18.68,7.2,22.82,5.06,13.03,8.1,4.84,19.27,2.58,0.71,,YAHOO,-0.6449,-1.0202,-0.3947,0.055293,5.4196,-0.346,78.56,2026-11-03,42,,,yahoo,1.0,0.0,1.0,1.0,1.0,0.0,1.0,0.0,0.0,0.1557,4.1974,30.2769,57.6892,15.723,40.4472,271.62,271.62,271.62,-0.5633,-0.5633,-0.5633
IR,73.8499984741211,73.85,2026-09-22,False,73.08000183105469,74.07350158691406,2.13,-11.18,BAJO,28653756416.0,30.52,18.85,2.82,9.47,5.1,16.88,12.08,3.86,15.81,0.48,1.62,,YAHOO,-0.6449,-1.0202,-0.3947,0.055293,5.4196,-0.346,78.56,2026-10-29,37,,,yahoo,1.0,0.0,1.0,1.0,1.0,0.0,1.0,0.0,1.0,2.6978,-1.6775,-12.3859,-3.6177,22.9998,30.0539,79.97,89.9788,98.6875,-7.6529,-17.9251,-25.1678
IRM,118.12999725341797,118.13,2026-09-22,False,116.44999694824219,118.46499633789062,1.06,15.34,BAJO,35167633408.0,83.78,43.28,-27.45,,4.63,19.06,5.54,-1.24,21.68,,0.73,,YAHOO,-0.6449,-1.0202,-0.3947,0.055293,5.4196,-0.346,78.56,2026-11-04,43,,,yahoo,1.0,0.0,1.0,1.0,0.0,1.0,0.0,0.0,0.0,5.4356,2.5567,-4.4176,-10.5307,13.1155,30.7916,121.744,128.9679,132.0341,-2.9686,-8.4036,-10.5307
IT,178.75,178.75,2026-09-22,False,178.1750030517578,186.27999877929688,-2.49,-32.83,BAJO,11287879680.0,16.06,10.93,-68.8,113.58,10.17,22.62,12.0,9.32,9.7,,0.88,,YAHOO,-0.6449,-1.0202,-0.3947,0.055293,5.4196,-0.346,78.56,2026-11-03,42,,,yahoo,1.0,0.0,1.0,1.0,0.0,0.0,1.0,1.0,1.0,-8.6239,3.5692,33.7048,38.3728,10.1676,74.0533,198.39,202.78,264.09,-9.8997,-11.8503,-32.3147
ITW,270.4700012207031,270.47,2026-09-22,False,267.7900085449219,270.55499267578125,1.1,4.74,BAJO,77029859328.0,24.48,21.81,26.62,104.62,16.92,26.9,19.39,3.16,17.7,3.35,1.11,,YAHOO,-0.6449,-1.0202,-0.3947,0.055293,5.4196,-0.346,78.56,2026-10-23,31,,,yahoo,1.0,0.0,1.0,1.0,1.0,0.0,1.0,0.0,0.0,0.6962,0.6625,-2.3257,4.0009,12.5675,21.2467,285.51,297.32,297.32,-5.2678,-9.0307,-9.0307
IVZ,30.850000381469727,30.85,2026-09-22,False,30.350000381469727,31.6299991607666,-1.69,39.48,BAJO,13620268032.0,,9.44,1.37,-0.57,2.92,19.95,-0.93,8.38,12.51,0.12,0.71,,YAHOO,-0.6449,-1.0202,-0.3947,0.055293,5.4196,-0.346,78.56,2026-10-27,35,,,yahoo,0.0,0.0,1.0,1.0,0.0,1.0,1.0,1.0,1.0,0.2274,-4.6073,4.2159,14.9383,29.272,33.6784,33.31,33.31,33.31,-7.3852,-7.3852,-7.3852
JBHT,237.41000366210938,237.41,2026-09-22,False,234.36000061035156,239.9600067138672,0.53,81.65,BAJO,22296344576.0,33.72,23.65,6.1,18.45,7.38,7.42,5.31,4.05,14.15,0.38,1.25,,YAHOO,-0.6449,-1.0202,-0.3947,0.055293,5.4196,-0.346,78.56,2026-10-15,23,,,yahoo,1.0,1.0,1.0,1.0,1.0,0.0,1.0,1.0,1.0,-13.0525,-13.6,-17.8179,-11.6734,13.2368,42.2123,274.99,297.9075,297.9075,-13.6659,-20.3075,-20.3075
JBL,308.9800109863281,308.98,2026-09-22,False,300.7950134277344,309.0199890136719,1.75,31.08,BAJO,32377114624.0,38.67,18.35,24.48,65.88,5.01,5.21,2.57,3.74,14.35,2.97,0.98,,YAHOO,-0.6449,-1.0202,-0.3947,0.055293,5.4196,-0.346,78.56,2026-09-30,8,,,yahoo,1.0,0.0,1.0,1.0,1.0,0.0,1.0,0.0,0.0,4.3675,-1.0726,-4.0347,-17.1434,15.3676,51.106,318.08,385.3968,385.5467,-2.8609,-19.8281,-19.8592
JKHY,149.10000610351562,149.1,2026-09-22,False,148.85000610351562,153.56500244140625,-1.62,-1.61,BAJO,10453790720.0,21.33,18.99,5.09,24.04,12.99,22.5,19.76,3.37,14.98,0.04,1.17,,YAHOO,-0.6449,-1.0202,-0.3947,0.055293,5.4196,-0.346,78.56,2026-11-03,42,,,yahoo,1.0,1.0,1.0,1.0,0.0,0.0,1.0,1.0,1.0,-3.2258,-6.7134,0.9527,19.4748,8.338,34.8482,172.991,172.991,190.3516,-13.8105,-13.8105,-21.6713
KEY,20.479999542236328,20.48,2026-09-22,False,20.450000762939453,20.96500015258789,-1.87,12.35,BAJO,21854793728.0,11.98,9.58,1.27,10.33,1.08,34.71,27.54,,,,,,YAHOO,-0.6449,-1.0202,-0.3947,0.055293,5.4196,-0.346,78.56,2026-10-20,28,,,yahoo,1.0,1.0,1.0,1.0,1.0,0.0,1.0,0.0,1.0,-5.6221,-6.0119,-8.9959,-10.1818,20.3498,21.6402,22.18,23.7624,23.7624,-7.6646,-13.8135,-13.8135
KEYS,347.32000732421875,347.32,2026-09-22,False,338.9801025390625,348.6000061035156,1.55,93.77,BAJO,59129409536.0,47.0,25.04,9.0,20.9,7.23,25.68,19.14,3.16,34.39,0.42,2.02,,YAHOO,-0.6449,-1.0202,-0.3947,0.055293,5.4196,-0.346,78.56,2026-11-24,63,,,yahoo,1.0,1.0,1.0,1.0,0.0,0.0,1.0,0.0,0.0,10.8374,4.1689,6.825,-1.4919,12.5805,43.2965,347.32,361.15,373.34,0.0,-3.8294,-6.9695
KHC,24.0,24.0,2026-09-22,False,23.94499969482422,24.510000228881836,-1.52,-4.34,BAJO,28459769856.0,,11.5,0.79,-8.76,3.63,15.49,-13.64,11.42,8.18,0.53,1.06,,YAHOO,-0.6449,-1.0202,-0.3947,0.055293,5.4196,-0.346,78.56,2026-10-28,36,,,yahoo,0.0,0.0,1.0,1.0,0.0,1.0,1.0,0.0,1.0,-2.9519,-3.6145,-3.8498,8.5167,11.6707,31.5772,25.8468,27.1854,27.1854,-7.1451,-11.7173,-11.7173
KIM,22.549999237060547,22.55,2026-09-22,False,22.460100173950195,22.6299991607666,0.04,6.98,BAJO,15126299648.0,26.22,25.62,1.47,5.81,2.37,36.56,27.76,5.76,17.59,0.85,0.97,,YAHOO,-0.6449,-1.0202,-0.3947,0.055293,5.4196,-0.346,78.56,2026-10-29,37,,,yahoo,1.0,1.0,1.0,1.0,1.0,0.0,1.0,1.0,1.0,-1.9139,-5.0926,-11.3555,-9.4201,1.7232,15.6622,23.8377,26.0712,26.0712,-5.4018,-13.5061,-13.5061
KMI,31.270000457763672,31.27,2026-09-22,False,31.1299991607666,31.899999618530273,-1.42,18.12,BAJO,69632106496.0,20.17,20.24,2.2,10.99,4.45,30.06,19.3,1.54,13.65,0.99,0.46,,YAHOO,-0.6449,-1.0202,-0.3947,0.055293,5.4196,-0.346,78.56,2026-10-28,36,,,yahoo,1.0,1.0,1.0,1.0,0.0,1.0,0.0,0.0,1.0,1.625,-2.2201,-3.6854,-3.0047,25.5741,21.2173,32.24,32.87,33.9923,-3.0087,-4.8677,-8.0085
KR,58.560001373291016,58.56,2026-09-22,False,58.529998779296875,60.188499450683594,-1.89,-8.73,BAJO,34584875008.0,31.65,10.62,5.97,14.44,5.8,2.98,0.73,7.33,7.18,4.13,0.7,,YAHOO,-0.6449,-1.0202,-0.3947,0.055293,5.4196,-0.346,78.56,2026-12-03,72,2026-09-11,11.0,yahoo,1.0,0.0,1.0,1.0,1.0,0.0,1.0,1.0,1.0,-5.9277,2.3776,5.7421,3.3511,10.0294,27.1543,62.25,62.25,74.6913,-5.9277,-5.9277,-21.5973
KVUE,17.860000610351562,17.86,2026-09-22,False,17.84000015258789,17.986000061035156,1.08,10.08,BAJO,34305015808.0,21.01,14.41,3.25,15.58,6.99,19.42,10.76,5.56,11.91,0.82,1.0,,YAHOO,-0.6449,-1.0202,-0.3947,0.055293,5.4196,-0.346,78.56,2026-11-05,44,,,yahoo,1.0,1.0,1.0,1.0,1.0,0.0,0.0,1.0,0.0,0.8544,-1.7232,-3.3092,-0.7357,9.229,21.3768,19.1021,19.3802,19.3802,-6.5023,-7.8439,-7.8439
L,105.91000366210938,105.91,2026-09-22,False,105.38999938964844,106.66999816894531,-0.79,7.62,BAJO,21650939904.0,13.0,36.52,1.13,9.31,1.91,14.53,9.02,5.83,7.81,0.45,0.51,,YAHOO,-0.6449,-1.0202,-0.3947,0.055293,5.4196,-0.346,78.56,2026-11-02,41,,,yahoo,1.0,1.0,1.0,1.0,1.0,0.0,1.0,0.0,1.0,-3.0217,-2.1617,-8.3548,-4.1695,3.9026,13.6067,110.96,119.3331,119.3331,-4.5512,-11.2484,-11.2484
LDOS,123.30999755859375,123.31,2026-09-22,False,122.79000091552734,129.25,-3.84,-35.15,BAJO,15474444288.0,11.51,9.67,2.93,27.78,8.91,11.72,7.8,7.41,9.22,1.23,1.63,,YAHOO,-0.6449,-1.0202,-0.3947,0.055293,5.4196,-0.346,78.56,2026-11-03,42,,,yahoo,1.0,1.0,1.0,1.0,0.0,1.0,1.0,1.0,0.0,-4.5884,-4.2785,12.1277,16.587,38.0557,39.8574,140.2047,145.8363,197.2656,-12.05,-15.4463,-37.4904
LH,311.5400085449219,311.54,2026-09-22,False,303.4599914550781,316.52899169921875,-2.94,11.28,BAJO,25265895424.0,25.75,15.7,2.93,11.73,5.53,12.24,6.99,3.53,13.78,0.79,1.8,,YAHOO,-0.6449,-1.0202,-0.3947,0.055293,5.4196,-0.346,78.56,2026-10-27,35,,,yahoo,1.0,1.0,1.0,1.0,1.0,0.0,1.0,1.0,1.0,-3.8368,-4.1002,7.2806,20.7347,21.1096,25.0299,336.9576,338.614,338.614,-7.5432,-7.9955,-7.9955
LII,371.67999267578125,371.68,2026-09-22,False,363.04998779296875,372.44000244140625,2.21,-31.19,BAJO,12845511680.0,16.51,14.22,9.9,71.76,15.99,22.86,14.87,2.16,12.42,1.56,1.57,,YAHOO,-0.6449,-1.0202,-0.3947,0.055293,5.4196,-0.346,78.56,2026-10-28,36,,,yahoo,1.0,0.0,1.0,0.0,0.0,1.0,1.0,1.0,0.0,2.6202,-3.5049,-30.9004,-28.843,19.5171,51.1935,393.72,572.95,572.95,-5.5979,-35.1287,-35.1287
LNT,64.62000274658203,64.62,2026-09-22,False,64.56999969482422,65.33000183105469,-0.54,2.2,BAJO,16754977792.0,20.45,17.53,2.23,11.13,2.45,19.05,18.45,-6.8,15.77,1.61,0.47,,YAHOO,-0.6449,-1.0202,-0.3947,0.055293,5.4196,-0.346,78.56,2026-11-05,44,,,yahoo,1.0,1.0,1.0,1.0,0.0,1.0,0.0,1.0,0.0,-2.0761,-5.8155,-12.5082,-12.6842,15.8709,17.6236,68.92,77.4411,77.4411,-6.2391,-16.556,-16.556
LOW,196.0800018310547,196.08,2026-09-22,False,192.6199951171875,196.75,2.67,-24.7,BAJO,110011473920.0,16.59,15.05,-14.79,,12.52,13.36,7.35,4.2,11.47,,1.1,,YAHOO,-0.6449,-1.0202,-0.3947,0.055293,5.4196,-0.346,78.56,2026-11-18,57,,,yahoo,1.0,0.0,1.0,1.0,1.0,0.0,0.0,1.0,0.0,0.7554,-2.3506,-2.8922,-7.609,26.3024,26.4591,214.6,226.1026,284.2603,-8.63,-13.2783,-31.021
LULU,103.7300033569336,103.73,2026-09-22,False,101.80000305175781,103.76000213623047,2.4,-41.73,BAJO,11483951104.0,8.54,12.0,2.42,30.9,14.4,13.21,12.78,10.0,5.02,0.45,2.19,,YAHOO,-0.6449,-1.0202,-0.3947,0.055293,5.4196,-0.346,78.56,2026-12-09,78,2026-09-03,19.0,finnhub,1.0,0.0,1.0,1.0,0.0,1.0,1.0,0.0,0.0,5.4488,0.5233,-6.237,-4.765,35.9814,51.1799,121.77,128.58,215.88,-14.8148,-19.3265,-51.9502
LUV,42.08000183105469,42.08,2026-09-22,False,41.630001068115234,43.19499969482422,0.74,31.05,BAJO,20585881600.0,26.3,8.9,2.91,11.1,2.32,3.38,2.78,-4.05,10.13,0.97,0.49,,YAHOO,-0.6449,-1.0202,-0.3947,0.055293,5.4196,-0.346,78.56,2026-10-21,29,,,yahoo,1.0,1.0,1.0,1.0,0.0,0.0,1.0,1.0,1.0,7.1283,8.8182,-5.4415,-14.4362,15.1022,34.2492,42.08,51.3594,54.0738,0.0,-18.0676,-22.1804
LW,46.36000061035156,46.36,2026-09-22,False,46.06999969482422,47.955101013183594,-1.97,-15.23,BAJO,6373719040.0,22.29,13.74,3.49,16.28,6.03,9.77,4.39,7.11,9.48,2.21,1.42,,YAHOO,-0.6449,-1.0202,-0.3947,0.055293,5.4196,-0.346,78.56,2026-10-06,14,,,yahoo,1.0,0.0,1.0,1.0,1.0,1.0,1.0,0.0,1.0,-1.5502,-6.1538,-5.0408,4.0574,28.1289,31.1047,55.36,55.36,64.5724,-16.2572,-16.2572,-28.2046
LYB,59.2400016784668,59.24,2026-09-22,False,59.04999923706055,60.650001525878906,-1.66,21.69,BAJO,19136768000.0,,9.2,1.79,-2.27,4.11,17.92,-1.13,6.42,8.76,1.33,1.64,,YAHOO,-0.6449,-1.0202,-0.3947,0.055293,5.4196,-0.346,78.56,2026-10-30,38,,,yahoo,0.0,0.0,1.0,1.0,0.0,0.0,1.0,0.0,0.0,-9.4605,-8.283,-3.0273,3.9089,18.303,34.8037,66.57,67.4042,80.6941,-11.011,-12.1123,-26.587
LYV,169.83999633789062,169.84,2026-09-22,False,167.47000122070312,171.22799682617188,0.39,1.29,BAJO,39565840384.0,,89.95,475.74,17.68,2.1,6.7,0.51,4.28,27.96,6.2,0.85,,YAHOO,-0.6449,-1.0202,-0.3947,0.055293,5.4196,-0.346,78.56,2026-11-03,42,,,yahoo,1.0,0.0,1.0,1.0,0.0,1.0,0.0,1.0,0.0,-0.235,-0.3579,-3.5329,0.7355,19.9135,23.9668,186.77,188.46,188.46,-9.0646,-9.8801,-9.8801
MAA,119.1500015258789,119.15,2026-09-22,False,118.48500061035156,120.2300033569336,0.24,-13.19,BAJO,14174535680.0,34.84,36.33,2.54,7.05,3.13,25.36,18.17,6.5,15.83,1.02,0.05,,YAHOO,-0.6449,-1.0202,-0.3947,0.055293,5.4196,-0.346,78.56,2026-10-28,36,,,yahoo,1.0,0.0,1.0,1.0,1.0,1.0,1.0,0.0,0.0,-4.2895,-6.834,-10.2448,-9.9787,14.6629,18.3692,131.98,140.5626,140.5626,-9.7212,-15.2335,-15.2335
MAR,348.05999755859375,348.06,2026-09-22,False,343.1499938964844,349.3399963378906,1.58,31.34,BAJO,90762313728.0,36.03,26.45,-20.14,,9.76,65.28,35.03,2.27,22.45,,0.54,,YAHOO,-0.6449,-1.0202,-0.3947,0.055293,5.4196,-0.346,78.56,2026-11-03,42,,,yahoo,1.0,1.0,1.0,1.0,0.0,1.0,1.0,1.0,0.0,3.2084,5.8609,-4.3084,-9.8396,13.6695,26.8478,358.67,382.7422,401.7236,-2.9582,-9.0615,-13.3583
MAS,69.95999908447266,69.96,2026-09-22,False,68.40499877929688,70.26000213623047,3.28,-1.22,BAJO,13795231744.0,16.12,15.03,-37.8,5862.5,15.86,23.64,11.61,6.5,11.27,,1.86,,YAHOO,-0.6449,-1.0202,-0.3947,0.055293,5.4196,-0.346,78.56,2026-10-29,37,,,yahoo,1.0,0.0,1.0,1.0,1.0,1.0,1.0,0.0,0.0,1.5679,-1.3675,-9.1456,-4.0202,28.2272,37.5096,73.6,82.4086,82.4086,-4.9457,-15.106,-15.106
MCHP,75.81999969482422,75.82,2026-09-22,False,74.44000244140625,76.55000305175781,1.39,17.42,BAJO,41170919424.0,111.5,16.54,6.38,7.19,3.54,23.96,9.34,3.31,30.74,0.84,1.92,,YAHOO,-0.6449,-1.0202,-0.3947,0.055293,5.4196,-0.346,78.56,2026-11-05,44,,,yahoo,1.0,1.0,1.0,1.0,0.0,0.0,0.0,1.0,1.0,6.0568,3.3252,-6.237,-18.2113,14.3278,53.8499,75.82,90.6546,102.0957,0.0,-16.3638,-25.7364
MCK,891.22998046875,891.23,2026-09-22,False,882.8800048828125,897.4600219726562,0.54,26.82,BAJO,103908827136.0,23.88,17.66,-24.38,,4.74,1.35,1.12,6.55,16.05,,0.89,,YAHOO,-0.6449,-1.0202,-0.3947,0.055293,5.4196,-0.346,78.56,2026-11-04,43,,,yahoo,1.0,1.0,1.0,1.0,0.0,0.0,1.0,0.0,1.0,-0.926,0.2373,8.2096,16.7909,16.2195,32.1112,924.78,924.78,993.5342,-3.6279,-3.6279,-10.297
MCO,469.25,469.25,2026-09-22,False,466.54998779296875,474.9999084472656,0.43,-4.62,BAJO,81265180672.0,29.79,24.8,26.86,76.93,15.62,49.47,34.25,3.17,21.6,2.41,1.19,,YAHOO,-0.6449,-1.0202,-0.3947,0.055293,5.4196,-0.346,78.56,2026-10-21,29,,,yahoo,1.0,1.0,1.0,1.0,0.0,1.0,1.0,1.0,1.0,0.4474,-2.4935,-0.4232,5.9174,15.1714,27.1592,514.95,517.9255,536.0317,-8.8747,-9.3982,-12.4585
MET,95.91999816894531,95.92,2026-09-22,False,95.0259017944336,97.71499633789062,-0.75,20.28,BAJO,60954947584.0,18.38,8.78,2.23,13.09,0.45,5.52,4.57,-34.38,13.98,1.8,2.03,,YAHOO,-0.6449,-1.0202,-0.3947,0.055293,5.4196,-0.346,78.56,2026-11-09,48,,,yahoo,1.0,0.0,1.0,1.0,1.0,0.0,1.0,0.0,0.0,-2.3417,0.4398,4.2946,9.6379,5.6829,21.6369,99.23,99.95,99.95,-3.3357,-4.032,-4.032
MGM,38.900001525878906,38.9,2026-09-22,False,38.435001373291016,39.43000030517578,0.44,11.24,BAJO,9952613376.0,23.58,18.83,3.89,18.92,1.77,6.79,2.4,8.83,16.98,8.93,1.33,,YAHOO,-0.6449,-1.0202,-0.3947,0.055293,5.4196,-0.346,78.56,2026-10-28,36,,,yahoo,1.0,0.0,1.0,1.0,1.0,0.0,1.0,0.0,1.0,-0.8159,-4.5164,-13.5363,-17.0929,24.9295,19.7303,43.46,49.69,50.69,-10.4924,-21.7146,-23.259
MKC,49.41999816894531,49.42,2026-09-22,False,49.09000015258789,49.59000015258789,1.08,-22.61,BAJO,13286643712.0,8.22,14.99,1.9,24.73,5.14,17.42,21.91,5.37,12.72,0.65,0.78,,YAHOO,-0.6449,-1.0202,-0.3947,0.055293,5.4196,-0.346,78.56,2026-10-01,9,,,yahoo,1.0,0.0,1.0,1.0,1.0,0.0,0.0,0.0,1.0,-0.8825,-4.7784,-1.5342,5.2508,21.1129,28.1056,55.33,56.48,70.3792,-10.6814,-12.5,-29.7804
MLM,499.3399963378906,499.34,2026-09-22,False,493.7749938964844,510.80999755859375,-0.07,-20.54,BAJO,35462819840.0,32.45,23.35,2.6,8.89,4.57,20.18,36.74,1.67,17.04,0.55,1.41,,YAHOO,-0.6449,-1.0202,-0.3947,0.055293,5.4196,-0.346,78.56,2026-11-03,42,,,yahoo,1.0,0.0,1.0,1.0,1.0,1.0,1.0,1.0,1.0,-1.4739,-2.4688,-8.5432,-17.2184,18.6209,29.4491,531.3182,604.3197,705.0884,-6.0186,-17.3716,-29.1805
MNST,44.27000045776367,44.27,2026-09-22,False,44.1349983215332,44.845001220703125,0.61,36.84,BAJO,86727221248.0,40.99,33.82,9.26,25.7,17.48,29.18,23.08,1.94,28.43,0.01,3.73,,YAHOO,-0.6449,-1.0202,-0.3947,0.055293,5.4196,-0.346,78.56,2026-11-05,44,,,yahoo,1.0,0.0,1.0,1.0,0.0,1.0,0.0,1.0,0.0,-0.8066,2.5956,-5.3655,-5.4969,15.8998,24.5565,48.73,49.97,49.97,-9.1525,-11.4068,-11.4068
MOH,191.19000244140625,191.19,2026-09-22,False,190.43499755859375,199.77000427246094,-3.34,3.57,BAJO,9980118016.0,1194.94,19.62,2.38,-0.16,1.16,1.4,-0.02,7.02,12.87,0.95,1.68,,YAHOO,-0.6449,-1.0202,-0.3947,0.055293,5.4196,-0.346,78.56,2026-10-21,29,,,yahoo,1.0,0.0,0.0,0.0,0.0,1.0,1.0,0.0,1.0,-7.6332,-2.6032,-4.5434,-2.732,32.0252,38.9632,214.07,242.88,242.88,-10.6881,-21.2821,-21.2821
MPC,389.67999267578125,389.68,2026-09-22,False,386.9543151855469,404.6549987792969,-3.16,110.03,BAJO,109431791616.0,13.51,8.27,5.78,42.1,8.74,13.56,5.55,8.45,9.49,1.33,1.25,,YAHOO,-0.6449,-1.0202,-0.3947,0.055293,5.4196,-0.346,78.56,2026-11-03,42,,,yahoo,1.0,1.0,1.0,1.0,0.0,1.0,1.0,1.0,0.0,-5.1504,-2.0338,25.1311,57.2296,53.3029,35.9554,424.89,424.89,424.89,-8.2869,-8.2869,-8.2869
MPWR,1380.6199951171875,1380.62,2026-09-22,False,1271.199951171875,1387.4549560546875,8.06,49.11,BAJO,67847806976.0,84.44,39.59,17.42,21.98,13.57,30.99,24.5,0.65,61.38,0.0,4.97,,YAHOO,-0.6449,-1.0202,-0.3947,0.055293,5.4196,-0.346,78.56,2026-10-29,37,,,yahoo,1.0,0.0,1.0,1.0,0.0,1.0,0.0,0.0,1.0,20.8462,13.3049,-1.1831,-2.882,40.3648,56.1056,1380.62,1426.03,1687.3154,0.0,-3.1844,-18.1765
MSCI,548.8800048828125,548.88,2026-09-22,False,547.8499755859375,559.3524780273438,-1.81,-3.54,BAJO,39903576064.0,29.99,24.4,-14.84,,21.13,56.3,40.73,2.99,23.49,,0.89,,YAHOO,-0.6449,-1.0202,-0.3947,0.055293,5.4196,-0.346,78.56,2026-10-20,28,,,yahoo,1.0,1.0,1.0,1.0,0.0,1.0,1.0,1.0,1.0,0.7859,-0.4552,-0.3017,-5.2737,24.1434,33.0896,574.65,634.9691,641.5356,-4.4845,-13.558,-14.4428
MTB,223.4199981689453,223.42,2026-09-22,False,222.42999267578125,228.0399932861328,-1.56,14.0,BAJO,32265480192.0,11.83,10.6,1.27,10.74,1.41,45.11,32.09,,,,,,YAHOO,-0.6449,-1.0202,-0.3947,0.055293,5.4196,-0.346,78.56,2026-10-16,24,,,yahoo,1.0,1.0,1.0,1.0,1.0,0.0,1.0,0.0,1.0,-5.0771,-6.2993,-8.5816,-2.7583,13.9966,20.3463,240.06,252.4608,252.4608,-6.9316,-11.5031,-11.5031
MTCH,41.709999084472656,41.71,2026-09-22,False,41.625,43.689998626708984,-3.36,15.6,BAJO,9729546240.0,14.79,9.11,-40.46,,17.36,28.77,20.17,9.57,10.93,,1.72,,YAHOO,-0.6449,-1.0202,-0.3947,0.055293,5.4196,-0.346,78.56,2026-11-03,42,,,yahoo,1.0,1.0,1.0,1.0,1.0,0.0,1.0,1.0,1.0,-6.0586,1.3609,11.5241,18.7557,26.7508,34.359,44.4,44.4,44.4,-6.0586,-6.0586,-6.0586
MTD,1490.760009765625,1490.76,2026-09-22,False,1424.8199462890625,1506.64501953125,4.22,16.95,BAJO,29869703168.0,33.62,28.84,2329.31,,21.1,31.2,21.91,2.32,25.05,166.68,1.12,,YAHOO,-0.6449,-1.0202,-0.3947,0.055293,5.4196,-0.346,78.56,2026-11-05,44,,,yahoo,1.0,0.0,1.0,1.0,1.0,1.0,1.0,0.0,0.0,12.0535,12.4661,11.9298,28.8871,37.048,27.3684,1490.76,1490.76,1506.02,0.0,0.0,-1.0133
NCLH,14.220000267028809,14.22,2026-09-22,False,14.170000076293945,14.979999542236328,-0.14,-45.54,BAJO,6529651200.0,8.62,8.4,2.54,36.73,4.25,14.04,7.49,-25.73,8.6,6.21,0.2,,YAHOO,-0.6449,-1.0202,-0.3947,0.055293,5.4196,-0.346,78.56,2026-11-04,43,,,yahoo,1.0,0.0,1.0,1.0,0.0,1.0,0.0,1.0,0.0,-0.4202,-7.6023,-23.9979,-30.2599,18.4587,45.5881,17.26,21.92,25.57,-17.613,-35.1277,-44.388
NDAQ,94.5,94.5,2026-09-22,False,93.47000122070312,95.23999786376953,-0.2,4.92,BAJO,52823359488.0,27.55,20.19,4.43,16.52,5.85,49.33,35.04,3.2,18.37,0.78,1.01,,YAHOO,-0.6449,-1.0202,-0.3947,0.055293,5.4196,-0.346,78.56,2026-10-22,30,,,yahoo,1.0,1.0,1.0,1.0,1.0,1.0,1.0,1.0,1.0,5.9061,-0.232,4.8656,14.9466,21.8979,27.1007,99.1349,99.1349,99.9635,-4.6753,-4.6753,-5.4655
NDSN,319.6700134277344,319.67,2026-09-22,False,314.3577880859375,320.2699890136719,1.69,42.08,BAJO,17805418496.0,32.39,24.62,5.45,17.76,8.47,27.4,18.63,3.45,20.06,0.56,1.82,,YAHOO,-0.6449,-1.0202,-0.3947,0.055293,5.4196,-0.346,78.56,2026-12-08,77,2026-08-19,34.0,finnhub,1.0,1.0,1.0,1.0,1.0,0.0,1.0,0.0,1.0,3.3694,1.209,9.7672,10.1556,11.3383,25.5156,333.5782,333.6978,333.6978,-4.1694,-4.2038,-4.2038
NI,39.880001068115234,39.88,2026-09-22,False,39.875,40.529998779296875,-1.58,-2.4,BAJO,19124856832.0,21.21,17.7,2.0,8.55,3.24,17.16,13.15,-9.27,12.83,1.47,0.5,,YAHOO,-0.6449,-1.0202,-0.3947,0.055293,5.4196,-0.346,78.56,2026-10-28,36,,,yahoo,1.0,1.0,1.0,1.0,0.0,1.0,0.0,0.0,1.0,-1.7492,-4.821,-14.1236,-15.0503,14.848,18.224,41.9,47.8295,48.7533,-4.821,-16.6205,-18.2004
NOC,509.8599853515625,509.86,2026-09-22,False,505.75048828125,529.0,-3.19,-11.61,BAJO,72432254976.0,16.22,16.74,4.05,26.96,7.15,11.6,10.48,3.42,12.35,0.95,1.17,,YAHOO,-0.6449,-1.0202,-0.3947,0.055293,5.4196,-0.346,78.56,2026-10-20,28,,,yahoo,1.0,0.0,1.0,1.0,1.0,1.0,1.0,0.0,0.0,-4.0264,-1.6815,-3.9929,-0.2029,26.4474,26.8052,547.4601,586.4728,761.1927,-6.8681,-13.0633,-33.0183
NRG,102.75,102.75,2026-09-22,False,102.51000213623047,104.7300033569336,-0.51,-40.71,BAJO,21599127552.0,26.76,9.18,5.14,23.77,4.06,12.77,2.56,3.58,14.04,4.83,0.97,,YAHOO,-0.6449,-1.0202,-0.3947,0.055293,5.4196,-0.346,78.56,2026-11-05,44,,,yahoo,1.0,0.0,1.0,1.0,0.0,1.0,1.0,0.0,0.0,-3.0569,-14.1174,-27.8868,-25.0946,14.8447,55.9737,119.64,148.5826,182.8192,-14.1174,-30.8465,-43.7969
NSC,314.0,314.0,2026-09-22,False,309.3999938964844,314.8900146484375,1.6,8.43,BAJO,70527025152.0,26.81,21.93,4.34,16.98,5.95,35.3,21.02,1.96,15.29,1.06,0.83,,YAHOO,-0.6449,-1.0202,-0.3947,0.055293,5.4196,-0.346,78.56,2026-10-22,30,,,yahoo,1.0,1.0,1.0,1.0,1.0,0.0,1.0,0.0,0.0,-1.9424,-4.2449,-9.556,3.9068,25.3028,21.0416,352.68,352.98,352.98,-10.9674,-11.0431,-11.0431
NTAP,192.91000366210938,192.91,2026-09-22,False,190.88999938964844,198.97999572753906,-2.64,55.97,BAJO,37891190784.0,27.29,17.35,25.29,114.82,11.66,26.67,19.18,3.09,18.08,1.69,1.24,,YAHOO,-0.6449,-1.0202,-0.3947,0.055293,5.4196,-0.346,78.56,2026-12-01,70,2026-09-02,20.0,yahoo,1.0,1.0,1.0,1.0,0.0,1.0,1.0,1.0,1.0,1.569,1.9986,17.1708,22.6054,35.6103,44.2462,199.28,207.08,207.08,-3.1965,-6.8428,-6.8428
NTRS,173.39999389648438,173.4,2026-09-22,False,172.94000244140625,178.3000030517578,-3.1,32.82,BAJO,31724509184.0,14.9,13.68,2.53,17.07,1.28,42.5,24.67,,,,,,YAHOO,-0.6449,-1.0202,-0.3947,0.055293,5.4196,-0.346,78.56,2026-10-21,29,,,yahoo,1.0,0.0,1.0,1.0,1.0,0.0,1.0,0.0,0.0,-2.9876,-6.2094,-2.0973,-1.1586,28.2223,22.566,189.19,190.5711,190.5711,-8.3461,-9.0104,-9.0104
NVR,6338.919921875,6338.9199,2026-09-22,False,6211.5400390625,6377.990234375,2.42,-21.57,BAJO,16976596992.0,16.47,15.82,5.01,31.54,16.55,13.89,11.85,5.41,10.73,0.32,5.67,,YAHOO,-0.6449,-1.0202,-0.3947,0.055293,5.4196,-0.346,78.56,2026-10-21,29,,,yahoo,1.0,0.0,1.0,0.0,0.0,1.0,1.0,0.0,1.0,1.302,3.6303,2.9878,-0.7927,25.4307,27.0892,6433.7402,6821.0298,8178.0,-1.4738,-7.068,-22.4881
NWS,32.380001068115234,32.38,2026-09-22,False,32.220001220703125,33.16999816894531,-1.46,-6.1,BAJO,17354790912.0,31.44,21.42,2.06,7.98,4.66,12.54,6.35,6.02,14.23,0.32,1.62,,YAHOO,-0.6449,-1.0202,-0.3947,0.055293,5.4196,-0.346,78.56,2026-11-05,44,,,yahoo,1.0,0.0,1.0,1.0,0.0,0.0,1.0,0.0,1.0,-4.1445,-2.5872,9.1678,14.7612,18.8214,29.7201,35.2141,35.2141,35.2141,-8.0481,-8.0481,-8.0481
NWSA,29.25,29.25,2026-09-22,False,29.100000381469727,30.184999465942383,-1.52,-5.9,BAJO,15677196288.0,28.4,19.35,1.86,7.98,4.66,12.54,6.35,6.67,12.97,0.32,1.62,,YAHOO,-0.6449,-1.0202,-0.3947,0.055293,5.4196,-0.346,78.56,2026-11-05,44,,,yahoo,1.0,0.0,1.0,1.0,0.0,0.0,1.0,0.0,1.0,-3.9093,-1.5814,11.4638,17.4877,11.7981,27.7494,31.0854,31.0854,31.0854,-5.9044,-5.9044,-5.9044
NXPI,237.57000732421875,237.57,2026-09-22,False,231.22999572753906,238.94000244140625,2.22,5.55,BAJO,59906646016.0,20.29,13.13,5.26,27.92,10.46,30.41,22.56,5.93,13.16,0.93,2.04,,YAHOO,-0.6449,-1.0202,-0.3947,0.055293,5.4196,-0.346,78.56,2026-10-26,34,,,yahoo,1.0,0.0,1.0,1.0,1.0,0.0,1.0,0.0,0.0,5.4292,6.5972,-13.9388,-20.1678,26.4968,41.0057,237.57,290.9507,330.0601,0.0,-18.347,-28.0222
ODFL,177.30999755859375,177.31,2026-09-22,False,174.8000030517578,178.19000244140625,1.11,26.87,BAJO,36874858496.0,34.03,26.66,8.09,24.82,15.78,28.84,19.44,2.63,20.13,0.0,1.89,,YAHOO,-0.6449,-1.0202,-0.3947,0.055293,5.4196,-0.346,78.56,2026-10-28,36,,,yahoo,1.0,0.0,1.0,1.0,1.0,1.0,1.0,0.0,0.0,-2.017,-5.1869,-23.0266,-18.3816,18.2709,30.5783,199.7498,236.7822,248.3443,-11.2339,-25.1169,-28.6031
OKE,90.08999633789062,90.09,2026-09-22,False,90.08999633789062,92.80500030517578,-1.86,31.07,BAJO,56793563136.0,15.56,14.45,2.48,16.28,5.77,13.25,9.29,1.58,11.71,1.43,0.74,,YAHOO,-0.6449,-1.0202,-0.3947,0.055293,5.4196,-0.346,78.56,2026-10-27,35,,,yahoo,1.0,1.0,1.0,1.0,1.0,0.0,0.0,0.0,1.0,-4.8881,-7.6095,-2.2159,3.5251,20.5281,26.2594,97.51,97.51,97.51,-7.6095,-7.6095,-7.6095
OMC,75.33999633789062,75.34,2026-09-22,False,74.7136001586914,76.37000274658203,-0.33,3.73,BAJO,20669222912.0,203.62,6.42,2.14,6.05,5.09,15.38,1.74,20.61,8.09,1.08,0.92,,YAHOO,-0.6449,-1.0202,-0.3947,0.055293,5.4196,-0.346,78.56,2026-10-20,28,,,yahoo,0.0,0.0,1.0,1.0,1.0,0.0,0.0,0.0,0.0,-4.6779,-6.1818,-2.2918,4.3239,8.5341,36.3786,87.3815,88.0348,88.0348,-13.7804,-14.4202,-14.4202
ON,73.5999984741211,73.6,2026-09-22,False,71.18000030517578,73.83000183105469,2.62,41.36,BAJO,28653850624.0,48.1,16.25,3.97,8.31,6.75,19.53,10.17,5.78,14.12,0.65,3.46,,YAHOO,-0.6449,-1.0202,-0.3947,0.055293,5.4196,-0.346,78.56,2026-11-02,41,,,yahoo,1.0,0.0,1.0,1.0,0.0,0.0,1.0,0.0,0.0,0.5465,3.5453,-18.3402,-37.1263,1.1477,56.5813,76.14,97.87,133.93,-3.336,-24.7982,-45.0459
OTIS,68.08000183105469,68.08,2026-09-22,False,67.26000213623047,68.25,2.16,-23.7,BAJO,25915969536.0,17.5,14.99,-4.51,,14.25,15.13,10.17,5.54,12.76,,0.83,,YAHOO,-0.6449,-1.0202,-0.3947,0.055293,5.4196,-0.346,78.56,2026-10-28,36,,,yahoo,1.0,0.0,1.0,1.0,0.0,0.0,1.0,1.0,1.0,-0.6131,-2.8261,-3.2179,-4.5398,32.0455,23.829,72.36,74.5481,92.4955,-5.9149,-8.6765,-26.3964
PAYC,224.61000061035156,224.61,2026-09-22,False,223.5500030517578,229.05999755859375,-0.72,1.46,BAJO,10123536384.0,23.74,16.1,17.1,41.09,8.78,31.72,22.78,4.19,14.6,1.72,1.07,,YAHOO,-0.6449,-1.0202,-0.3947,0.055293,5.4196,-0.346,78.56,2026-11-04,43,,,yahoo,1.0,0.0,1.0,1.0,0.0,0.0,1.0,1.0,0.0,-0.9481,2.4868,62.205,81.0253,6.7955,63.4547,240.52,240.52,240.52,-6.6148,-6.6148,-6.6148
PAYX,114.52999877929688,114.53,2026-09-22,False,113.31999969482422,115.91000366210938,-0.42,-9.85,BAJO,40770445312.0,23.42,17.91,10.9,44.77,9.82,38.32,27.03,5.14,14.72,1.24,1.26,,YAHOO,-0.6449,-1.0202,-0.3947,0.055293,5.4196,-0.346,78.56,2026-09-23,1,,,yahoo,1.0,1.0,1.0,1.0,0.0,0.0,1.0,1.0,1.0,-3.1868,-2.0525,4.5748,18.0962,5.5228,31.2673,127.34,127.34,127.34,-10.0597,-10.0597,-10.0597
PCG,12.880000114440918,12.88,2026-09-22,False,12.770000457763672,13.149999618530273,-0.46,-12.82,BAJO,38670487552.0,9.27,7.15,0.88,9.32,2.57,24.79,11.83,-15.9,9.0,1.89,1.22,,YAHOO,-0.6449,-1.0202,-0.3947,0.055293,5.4196,-0.346,78.56,2026-10-22,30,,,yahoo,1.0,1.0,1.0,1.0,0.0,0.0,0.0,1.0,0.0,-2.0532,-13.0904,-26.5678,-22.9728,15.3291,55.4729,18.36,18.36,19.0001,-29.8475,-29.8475,-32.2108
PEG,69.12000274658203,69.12,2026-09-22,False,68.9000015258789,69.62999725341797,-0.27,-14.08,BAJO,34450792448.0,17.19,14.79,1.99,11.83,3.24,18.87,16.04,0.31,13.21,1.42,0.88,,YAHOO,-0.6449,-1.0202,-0.3947,0.055293,5.4196,-0.346,78.56,2026-11-02,41,,,yahoo,1.0,1.0,1.0,1.0,0.0,1.0,1.0,1.0,1.0,-1.8461,-6.0487,-12.5618,-14.3022,16.6707,15.1123,73.57,81.6861,84.7417,-6.0487,-15.3834,-18.4344
PFG,113.58999633789062,113.59,2026-09-22,False,112.73999786376953,116.88999938964844,-2.47,41.38,BAJO,24320145408.0,16.18,10.93,2.01,12.95,0.35,12.34,9.93,4.34,10.81,0.35,1.59,,YAHOO,-0.6449,-1.0202,-0.3947,0.055293,5.4196,-0.346,78.56,2026-10-26,34,,,yahoo,1.0,0.0,1.0,1.0,1.0,0.0,1.0,0.0,0.0,-4.0382,-1.2604,6.6472,1.8634,26.0045,23.7257,118.51,118.51,118.51,-4.1516,-4.1516,-4.1516
PGR,206.94000244140625,206.94,2026-09-22,False,203.64559936523438,211.24000549316406,-2.5,-10.16,BAJO,120107974656.0,10.38,12.71,3.5,34.94,7.84,18.21,12.85,12.58,8.42,0.24,0.29,,YAHOO,-0.6449,-1.0202,-0.3947,0.055293,5.4196,-0.346,78.56,2026-10-14,22,,,yahoo,1.0,1.0,1.0,1.0,1.0,0.0,0.0,0.0,0.0,-6.4932,-3.704,-0.0628,-4.0141,15.454,32.9399,223.87,234.48,234.48,-7.5624,-11.7451,-11.7451
PH,964.8499755859375,964.85,2026-09-22,False,954.3099975585938,969.4199829101562,0.7,26.47,BAJO,121679560704.0,33.9,24.55,7.9,25.08,9.79,23.46,16.97,2.43,22.78,0.57,1.26,,YAHOO,-0.6449,-1.0202,-0.3947,0.055293,5.4196,-0.346,78.56,2026-11-05,44,,,yahoo,1.0,0.0,1.0,1.0,1.0,1.0,1.0,1.0,1.0,4.3081,0.9395,-1.8962,2.0276,10.0659,26.6265,1037.4006,1071.7115,1071.7115,-6.9935,-9.9711,-9.9711
PHM,122.29000091552734,122.29,2026-09-22,False,120.2300033569336,122.68000030517578,2.79,-6.12,BAJO,23294576640.0,12.49,11.01,1.76,14.9,9.21,15.69,11.62,4.63,8.74,0.19,7.27,,YAHOO,-0.6449,-1.0202,-0.3947,0.055293,5.4196,-0.346,78.56,2026-10-22,30,,,yahoo,1.0,0.0,1.0,0.0,1.0,1.0,1.0,0.0,0.0,2.3604,2.0721,-1.6941,-3.1546,27.2691,31.5087,130.5739,137.6385,141.6452,-6.3443,-11.1513,-13.6646
PKG,238.22999572753906,238.23,2026-09-22,False,238.0749969482422,241.34500122070312,-0.03,13.29,BAJO,21225885696.0,30.94,18.16,4.53,14.89,8.28,13.12,7.26,2.04,12.45,0.94,2.94,,YAHOO,-0.6449,-1.0202,-0.3947,0.055293,5.4196,-0.346,78.56,2026-10-21,29,,,yahoo,1.0,0.0,1.0,1.0,0.0,0.0,1.0,0.0,0.0,3.0362,3.3544,2.5104,2.9815,26.0672,28.6097,245.0937,255.7746,255.7746,-2.8004,-6.8594,-6.8594
PNC,227.9600067138672,227.96,2026-09-22,False,226.20399475097656,234.2949981689453,-2.27,14.37,BAJO,90943201280.0,12.55,10.65,1.57,12.62,1.31,38.69,31.37,,,,,,YAHOO,-0.6449,-1.0202,-0.3947,0.055293,5.4196,-0.346,78.56,2026-10-15,23,,,yahoo,1.0,1.0,1.0,0.0,1.0,0.0,1.0,0.0,1.0,-5.3244,-6.1545,-8.5453,-3.7259,20.238,18.5002,245.6,256.97,256.97,-7.1824,-11.2893,-11.2893
PNR,55.4900016784668,55.49,2026-09-22,False,55.47999954223633,56.97999954223633,-0.52,-50.53,BAJO,8856204288.0,14.3,10.74,2.36,17.13,8.66,23.44,16.24,6.3,10.22,0.47,1.45,,YAHOO,-0.6449,-1.0202,-0.3947,0.055293,5.4196,-0.346,78.56,2026-10-20,28,,,yahoo,1.0,0.0,1.0,1.0,1.0,1.0,1.0,1.0,0.0,-1.9265,-5.3395,-10.2104,-23.8212,10.9918,41.4868,62.86,76.3863,111.0011,-11.7245,-27.3561,-50.0095
PNW,93.16000366210938,93.16,2026-09-22,False,92.9000015258789,93.9186019897461,-0.16,10.63,BAJO,11290734592.0,17.88,16.74,1.6,9.37,2.33,21.34,11.53,-8.23,12.96,2.33,0.59,,YAHOO,-0.6449,-1.0202,-0.3947,0.055293,5.4196,-0.346,78.56,2026-11-03,42,,,yahoo,1.0,0.0,1.0,1.0,1.0,0.0,0.0,0.0,0.0,-1.8335,-4.9776,-10.8346,-9.652,14.4688,16.2428,98.69,108.3845,108.3845,-5.6034,-14.0467,-14.0467
PODD,139.3800048828125,139.38,2026-09-22,False,137.60000610351562,141.97000122070312,-0.82,-59.96,BAJO,9666588672.0,26.15,18.08,6.8,26.02,9.71,16.18,12.29,2.45,16.52,0.67,2.48,,YAHOO,-0.6449,-1.0202,-0.3947,0.055293,5.4196,-0.346,78.56,2026-11-05,44,,,yahoo,1.0,0.0,1.0,1.0,1.0,0.0,0.0,1.0,1.0,0.1005,-2.0382,-11.9965,-3.1411,10.8159,55.0815,150.58,170.62,346.36,-7.4379,-18.3097,-59.7586
POOL,168.60000610351562,168.6,2026-09-22,False,167.55999755859375,171.2899932861328,0.4,-46.26,BAJO,6127050240.0,15.48,14.27,4.86,31.25,9.9,15.14,7.41,3.48,12.08,1.35,2.67,,YAHOO,-0.6449,-1.0202,-0.3947,0.055293,5.4196,-0.346,78.56,2026-10-22,30,,,yahoo,1.0,0.0,1.0,0.0,0.0,1.0,1.0,1.0,0.0,1.0428,-4.9284,-7.4312,-12.8996,3.4346,35.3635,188.38,218.0392,305.2581,-10.5001,-22.6745,-44.7681
PPG,107.7699966430664,107.77,2026-09-22,False,106.3949966430664,107.98500061035156,2.71,-0.54,BAJO,23957270528.0,15.46,12.44,2.84,19.3,6.05,14.02,9.57,4.61,11.11,0.87,1.58,,YAHOO,-0.6449,-1.0202,-0.3947,0.055293,5.4196,-0.346,78.56,2026-10-27,35,,,yahoo,1.0,1.0,1.0,1.0,0.0,1.0,1.0,0.0,0.0,2.7457,-1.7773,-4.6679,-7.8672,23.6925,29.7922,114.42,124.5553,129.1576,-5.8119,-13.4762,-16.5593
PPL,33.04999923706055,33.05,2026-09-21,False,33.0,33.40999984741211,-0.87,-5.95,BAJO,24743673856.0,19.46,15.53,1.64,8.63,3.2,23.59,13.47,-7.83,11.95,1.35,0.91,,YAHOO,-0.6449,-1.0202,-0.3947,0.055293,5.4196,-0.346,78.56,2026-11-04,43,,,yahoo,1.0,1.0,1.0,1.0,0.0,1.0,0.0,1.0,0.0,-2.19,-5.0843,-7.6873,-6.3644,12.637,18.522,34.8204,36.7146,39.1669,-5.0843,-9.9814,-15.6175
PRU,118.52999877929688,118.53,2026-09-21,False,118.44999694824219,119.7699966430664,0.11,19.8,BAJO,40592699392.0,10.66,7.92,1.29,12.01,0.43,7.52,6.01,18.54,11.8,1.64,0.78,,YAHOO,-0.6449,-1.0202,-0.3947,0.055293,5.4196,-0.346,78.56,2026-10-28,36,,,yahoo,1.0,1.0,1.0,1.0,1.0,0.0,1.0,0.0,0.0,-0.8117,-2.8602,0.8821,10.7504,18.9357,20.5917,123.2,123.7019,123.7019,-3.7906,-4.181,-4.181
PSA,296.6700134277344,296.67,2026-09-21,False,294.8999938964844,298.9200134277344,0.12,8.92,BAJO,54132973568.0,27.67,28.33,10.51,21.93,6.98,45.7,41.63,4.31,19.34,1.1,0.22,,YAHOO,-0.6449,-1.0202,-0.3947,0.055293,5.4196,-0.346,78.56,2026-10-28,36,,,yahoo,1.0,0.0,1.0,1.0,0.0,0.0,0.0,0.0,1.0,1.4603,-0.7603,-3.8454,-6.4038,24.1014,21.7661,321.6697,327.1138,327.1138,-7.7718,-9.3068,-9.3068
PTC,135.27999877929688,135.28,2026-09-21,False,133.97000122070312,137.2100067138672,-0.45,-35.86,BAJO,15190877184.0,13.58,15.71,4.47,35.05,11.54,28.23,41.43,6.79,12.49,0.46,1.02,,YAHOO,-0.6449,-1.0202,-0.3947,0.055293,5.4196,-0.346,78.56,2026-11-11,50,,,yahoo,1.0,1.0,1.0,1.0,1.0,1.0,1.0,1.0,1.0,-1.0026,-4.0703,19.6004,17.6348,26.1156,44.5837,158.95,158.95,205.95,-14.8915,-14.8915,-34.3142
PWR,642.6099853515625,642.61,2026-09-21,False,629.9000244140625,648.780029296875,0.93,60.86,BAJO,96615178240.0,73.53,32.6,10.02,15.34,5.23,7.22,4.03,2.02,33.76,0.68,1.1,,YAHOO,-0.6449,-1.0202,-0.3947,0.055293,5.4196,-0.346,78.56,2026-10-29,37,,,yahoo,1.0,0.0,1.0,1.0,1.0,0.0,0.0,1.0,0.0,3.3102,2.9148,-0.0824,-13.164,24.4494,52.8067,650.58,722.31,785.1201,-1.2251,-11.034,-18.1514
Q,121.81999969482422,121.82,2026-09-21,False,119.5999984741211,122.54000091552734,1.47,26.61,BAJO,26121779200.0,44.59,23.22,3.6,6.72,5.3,22.32,11.25,2.96,19.23,0.6,2.01,,YAHOO,-0.6449,-1.0202,-0.3947,0.055293,5.4196,-0.346,78.56,2026-11-16,55,,,yahoo,1.0,0.0,1.0,1.0,0.0,1.0,0.0,1.0,0.0,3.9154,1.1206,-12.137,-30.5961,15.3475,49.4966,126.5358,163.2014,,-3.7268,-25.356,
RCL,250.25,250.25,2026-09-21,False,246.3000030517578,252.14999389648438,1.81,-23.78,BAJO,62821818368.0,14.51,11.58,6.14,44.67,7.68,27.07,23.54,-2.41,12.96,2.25,0.21,,YAHOO,-0.6449,-1.0202,-0.3947,0.055293,5.4196,-0.346,78.56,2026-10-27,35,,,yahoo,1.0,1.0,1.0,1.0,1.0,1.0,0.0,1.0,0.0,-1.411,-5.0729,-11.9338,-18.6265,29.0382,30.6497,291.2691,325.4858,342.3655,-14.0829,-23.1149,-26.9056
REGN,798.1699829101562,798.17,2026-09-21,False,779.9600219726562,801.4400024414062,1.7,33.13,BAJO,82765520896.0,19.9,13.26,2.54,14.04,6.53,33.11,27.87,3.7,15.82,0.09,3.33,,YAHOO,-0.6449,-1.0202,-0.3947,0.055293,5.4196,-0.346,78.56,2026-10-28,36,,,yahoo,1.0,0.0,1.0,1.0,1.0,0.0,1.0,0.0,0.0,0.5581,-3.57,22.716,30.4656,19.4417,31.0651,852.03,852.03,852.03,-6.3214,-6.3214,-6.3214
RF,28.549999237060547,28.55,2026-09-21,False,28.469999313354492,28.719999313354492,0.18,10.29,BAJO,23777353728.0,11.35,9.81,1.36,11.87,1.39,39.31,30.84,,,,,,YAHOO,-0.6449,-1.0202,-0.3947,0.055293,5.4196,-0.346,78.56,2026-10-16,24,,,yahoo,1.0,1.0,1.0,1.0,1.0,0.0,1.0,0.0,1.0,-4.9284,-6.1473,-6.5471,0.3115,33.1152,21.3234,30.44,32.0747,32.0747,-6.2089,-10.989,-10.989
RJF,165.19000244140625,165.19,2026-09-21,False,164.36000061035156,167.2899932861328,0.27,-6.04,BAJO,30618818560.0,13.91,11.23,2.41,18.42,2.58,19.3,15.13,,,0.48,2.11,,YAHOO,-0.6449,-1.0202,-0.3947,0.055293,5.4196,-0.346,78.56,2026-10-28,36,,,yahoo,1.0,0.0,1.0,1.0,0.0,0.0,1.0,0.0,1.0,-3.2845,-7.3476,-1.6785,5.8275,21.8841,23.4858,181.1,181.18,181.18,-8.7852,-8.8255,-8.8255
RL,339.82000732421875,339.82,2026-09-21,False,333.5199890136719,340.45001220703125,1.41,10.1,BAJO,20619030528.0,21.81,16.55,7.58,37.54,11.0,18.39,11.76,4.27,13.61,1.1,2.04,,YAHOO,-0.6449,-1.0202,-0.3947,0.055293,5.4196,-0.346,78.56,2026-11-05,44,,,yahoo,1.0,1.0,1.0,1.0,0.0,1.0,1.0,1.0,1.0,-0.4715,-3.2403,-12.223,-17.1005,20.8531,30.2037,370.82,411.16,413.2399,-8.3599,-17.3509,-17.7669
RMD,223.61000061035156,223.61,2026-09-21,False,223.33999633789062,226.52000427246094,-0.61,-19.2,BAJO,32019683328.0,21.3,16.78,4.86,24.27,14.0,30.86,26.95,2.93,14.97,0.13,3.1,,YAHOO,-0.6449,-1.0202,-0.3947,0.055293,5.4196,-0.346,78.56,2026-10-29,37,,,yahoo,1.0,0.0,1.0,1.0,1.0,0.0,1.0,1.0,1.0,0.278,-2.0758,16.2468,18.998,10.3217,36.8803,240.33,240.33,280.3143,-6.9571,-6.9571,-20.2288
ROK,424.8900146484375,424.89,2026-09-21,False,413.7900085449219,425.2099914550781,2.23,23.12,BAJO,47535120384.0,40.07,28.75,13.58,30.63,9.99,20.97,13.39,2.74,24.05,1.03,1.07,,YAHOO,-0.6449,-1.0202,-0.3947,0.055293,5.4196,-0.346,78.56,2026-11-05,44,,,yahoo,1.0,0.0,1.0,1.0,0.0,1.0,1.0,1.0,1.0,1.442,-2.0562,-6.9841,-10.852,25.1471,28.6719,433.81,493.5596,493.5596,-2.0562,-13.9131,-13.9131
ROL,32.349998474121094,32.35,2026-09-21,False,31.8799991607666,32.709999084472656,-0.25,-42.48,BAJO,15810438144.0,29.87,25.27,11.06,37.01,14.06,18.8,13.55,3.17,19.44,0.78,0.63,,YAHOO,-0.6449,-1.0202,-0.3947,0.055293,5.4196,-0.346,78.56,2026-10-28,36,,,yahoo,1.0,1.0,1.0,1.0,0.0,0.0,1.0,1.0,0.0,-8.3829,-9.7881,-25.2183,-26.8011,11.2238,30.3018,37.26,45.2396,64.8632,-13.1777,-28.4918,-50.1258
ROP,365.3999938964844,365.4,2026-09-21,False,364.3299865722656,374.1499938964844,-1.97,-29.22,BAJO,35985084416.0,15.15,14.98,1.92,13.07,4.23,27.73,30.24,6.3,14.5,0.61,0.55,,YAHOO,-0.6449,-1.0202,-0.3947,0.055293,5.4196,-0.346,78.56,2026-10-22,30,,,yahoo,1.0,0.0,1.0,1.0,0.0,1.0,1.0,0.0,1.0,-7.4022,-10.2829,8.5207,12.6815,15.0752,35.0934,426.2,426.2,516.3226,-14.2656,-14.2656,-29.2303
RSG,213.92999267578125,213.93,2026-09-21,False,213.86000061035156,217.02999877929688,-1.9,-5.91,BAJO,65492836352.0,30.29,26.54,5.44,18.15,6.17,20.43,12.94,2.97,15.16,1.19,0.64,,YAHOO,-0.6449,-1.0202,-0.3947,0.055293,5.4196,-0.346,78.56,2026-10-29,37,,,yahoo,1.0,0.0,1.0,1.0,0.0,1.0,1.0,1.0,0.0,-5.2778,-3.9424,-1.1962,4.9885,12.0931,20.4693,225.85,225.85,230.9379,-5.2778,-5.2778,-7.3647
SBAC,176.27999877929688,176.28,2026-09-21,False,176.0,181.10000610351562,-1.29,-10.25,BAJO,18654533632.0,18.99,21.48,-4.03,,8.41,52.16,34.51,4.03,18.36,,0.17,,YAHOO,-0.6449,-1.0202,-0.3947,0.055293,5.4196,-0.346,78.56,2026-11-02,41,,,yahoo,1.0,1.0,1.0,1.0,1.0,0.0,1.0,0.0,1.0,-3.709,-6.9468,-0.2942,-5.3808,16.7616,31.0085,191.52,191.52,220.8819,-7.9574,-7.9574,-20.1926
SJM,119.87999725341797,119.88,2026-09-21,False,119.37000274658203,123.13999938964844,-2.5,13.94,BAJO,12937356288.0,56.33,11.13,2.25,3.93,6.26,17.9,2.51,11.32,8.76,1.21,0.87,,YAHOO,-0.6449,-1.0202,-0.3947,0.055293,5.4196,-0.346,78.56,2026-11-24,63,2026-08-26,27.0,yahoo,0.0,1.0,1.0,1.0,1.0,0.0,0.0,0.0,1.0,-1.1707,-4.9175,2.5019,12.8869,26.6867,29.4171,132.34,132.34,132.34,-9.4151,-9.4151,-9.4151
SMCI,41.20000076293945,41.2,2026-09-21,False,40.0,41.720001220703125,5.4,-13.65,BAJO,27290341376.0,12.74,7.8,2.66,21.47,7.88,13.38,5.71,-30.23,11.69,0.64,3.87,,YAHOO,-0.6449,-1.0202,-0.3947,0.055293,5.4196,-0.346,78.56,2026-11-03,42,,,yahoo,1.0,0.0,0.0,0.0,1.0,0.0,0.0,0.0,0.0,12.1394,4.0667,34.8168,16.1873,83.5523,92.2158,41.2,41.2,58.68,0.0,0.0,-29.7887
SNPS,401.8500061035156,401.85,2026-09-21,False,385.9200134277344,404.05999755859375,4.38,-23.49,BAJO,78425374720.0,71.17,23.35,2.52,3.66,1.35,14.52,11.43,4.37,40.59,0.35,1.34,,YAHOO,-0.6449,-1.0202,-0.3947,0.055293,5.4196,-0.346,78.56,2026-12-08,77,2026-08-26,27.0,finnhub,1.0,0.0,1.0,1.0,0.0,0.0,0.0,0.0,0.0,5.3535,2.0338,6.4193,-13.5025,27.4181,48.4327,464.89,464.89,534.56,-13.5602,-13.5602,-24.826
SO,85.45999908447266,85.46,2026-09-21,False,85.18000030517578,86.1500015258789,-0.07,-5.93,BAJO,97953415168.0,20.52,17.29,2.48,11.48,3.27,29.61,15.43,-4.0,12.29,1.82,0.79,,YAHOO,-0.6449,-1.0202,-0.3947,0.055293,5.4196,-0.346,78.56,2026-10-29,37,,,yahoo,1.0,0.0,1.0,1.0,0.0,0.0,0.0,0.0,1.0,-1.7701,-3.0076,-10.0567,-7.7752,14.3558,16.063,90.1,97.1776,97.4911,-5.1498,-12.0579,-12.3407
SOLV,88.83999633789062,88.84,2026-09-21,False,88.4000015258789,89.61499786376953,0.0,18.9,BAJO,15107355648.0,10.85,12.27,3.15,33.96,2.7,9.78,17.26,3.24,17.57,1.1,1.02,,YAHOO,-0.6449,-1.0202,-0.3947,0.055293,5.4196,-0.346,78.56,2026-11-05,44,,,yahoo,1.0,1.0,1.0,0.0,1.0,1.0,0.0,0.0,1.0,-1.0911,-3.1083,14.4256,20.7722,22.0783,30.7738,92.44,92.44,92.44,-3.8944,-3.8944,-3.8944
SPG,204.97999572753906,204.98,2026-09-21,False,204.69000244140625,206.3800048828125,-0.17,16.85,BAJO,78183456768.0,14.54,30.3,15.16,120.51,5.63,46.02,66.57,3.32,18.77,5.04,0.27,,YAHOO,-0.6449,-1.0202,-0.3947,0.055293,5.4196,-0.346,78.56,2026-11-02,41,,,yahoo,1.0,1.0,1.0,0.0,1.0,0.0,1.0,0.0,0.0,0.0049,-1.079,-8.4165,-3.4441,9.3655,17.4379,218.386,234.1864,234.1864,-6.1387,-12.4714,-12.4714
SRE,81.19999694824219,81.2,2026-09-21,False,80.81999969482422,81.61000061035156,-0.14,-0.12,BAJO,52952854528.0,23.47,14.62,1.62,6.68,1.96,28.33,16.82,-52.23,17.08,0.85,1.64,,YAHOO,-0.6449,-1.0202,-0.3947,0.055293,5.4196,-0.346,78.56,2026-11-04,43,,,yahoo,1.0,0.0,1.0,1.0,1.0,1.0,0.0,1.0,0.0,-2.1569,-3.3793,-12.7351,-10.7397,12.5109,22.7613,85.47,95.33,99.0422,-4.9959,-14.8222,-18.0147
STE,206.97000122070312,206.97,2026-09-21,False,203.32000732421875,207.4600067138672,0.94,-17.95,BAJO,20357048320.0,25.52,17.05,2.82,11.39,6.8,19.15,13.33,3.92,13.26,0.28,1.91,,YAHOO,-0.6449,-1.0202,-0.3947,0.055293,5.4196,-0.346,78.56,2026-11-04,43,,,yahoo,1.0,1.0,1.0,1.0,1.0,1.0,1.0,1.0,1.0,-3.1311,-7.8454,-1.4097,3.5936,16.3156,27.2747,237.1464,238.1833,266.3608,-12.7248,-13.1047,-22.2971
STLD,229.99000549316406,229.99,2026-09-21,False,229.24000549316406,235.91000366210938,-2.24,65.81,BAJO,33537341440.0,21.23,11.96,3.57,17.57,7.87,11.5,7.83,0.7,13.73,0.47,3.18,,YAHOO,-0.6449,-1.0202,-0.3947,0.055293,5.4196,-0.346,78.56,2026-10-19,27,,,yahoo,1.0,0.0,1.0,1.0,0.0,1.0,1.0,0.0,0.0,-1.9358,-4.9864,-3.6247,-8.1554,48.0331,38.7955,247.64,268.6,282.1202,-7.1273,-14.3745,-18.478
STT,184.39999389648438,184.4,2026-09-21,False,183.0500030517578,185.4600067138672,0.84,65.37,BAJO,49514991616.0,15.92,11.77,2.07,12.44,0.87,34.31,23.0,,,,,,YAHOO,-0.6449,-1.0202,-0.3947,0.055293,5.4196,-0.346,78.56,2026-10-14,22,,,yahoo,1.0,1.0,1.0,1.0,0.0,0.0,1.0,0.0,1.0,-1.9983,-5.0757,-0.4535,6.6823,13.3907,23.1765,194.26,194.26,194.26,-5.0757,-5.0757,-5.0757
STX,877.3300170898438,877.33,2026-09-21,False,861.9600219726562,914.8200073242188,2.16,284.17,BAJO,209165189120.0,66.37,16.61,96.27,371.53,29.35,43.07,26.11,0.93,46.8,1.8,1.67,,YAHOO,-0.6449,-1.0202,-0.3947,0.055293,5.4196,-0.346,78.56,2026-10-27,35,,,yahoo,1.0,1.0,1.0,1.0,1.0,1.0,0.0,1.0,1.0,8.9107,3.3028,-3.3884,-19.7511,39.2967,79.5175,904.38,994.79,1093.2605,-2.991,-11.8075,-19.7511
STZ,118.38999938964844,118.39,2026-09-21,False,116.93000030517578,119.12000274658203,-0.49,-10.26,BAJO,20084883456.0,11.2,9.54,2.44,23.69,8.57,35.93,20.14,11.01,8.96,1.23,0.91,,YAHOO,-0.6449,-1.0202,-0.3947,0.055293,5.4196,-0.346,78.56,2026-10-06,14,,,yahoo,1.0,1.0,1.0,1.0,0.0,1.0,1.0,0.0,0.0,-5.288,-7.6377,-9.6587,-15.6789,18.7579,30.3948,137.6,145.1562,164.2807,-13.9608,-18.4396,-27.9343
SW,45.40999984741211,45.41,2026-09-21,False,45.400001525878906,46.45000076293945,2.44,5.99,BAJO,24364089344.0,49.41,13.62,1.35,2.71,2.62,5.47,1.59,4.99,8.27,0.78,1.45,,YAHOO,-0.6449,-1.0202,-0.3947,0.055293,5.4196,-0.346,78.56,2026-10-28,36,,,yahoo,1.0,1.0,1.0,1.0,0.0,1.0,0.0,0.0,1.0,3.7943,-0.9164,2.9523,0.9563,37.2639,44.0065,49.56,50.341,50.7913,-8.3737,-9.7951,-10.595
SWK,88.68000030517578,88.68,2026-09-21,False,88.30000305175781,90.37999725341797,-1.0,21.73,BAJO,13913162752.0,22.53,14.44,1.55,6.89,3.8,8.44,4.07,10.2,10.35,0.58,1.43,,YAHOO,-0.6449,-1.0202,-0.3947,0.055293,5.4196,-0.346,78.56,2026-11-03,42,,,yahoo,1.0,1.0,1.0,1.0,1.0,0.0,0.0,1.0,1.0,-0.2362,-8.1227,0.2261,3.6401,11.4469,30.9946,98.8993,103.1027,103.1027,-10.333,-13.9887,-13.9887
SYK,274.19000244140625,274.19,2026-09-21,False,272.0,276.8699951171875,-0.34,-28.32,BAJO,105517113344.0,28.51,16.45,4.4,16.51,8.16,27.02,14.43,3.89,15.93,0.64,2.16,,YAHOO,-0.6449,-1.0202,-0.3947,0.055293,5.4196,-0.346,78.56,2026-10-29,37,,,yahoo,1.0,0.0,1.0,1.0,0.0,0.0,0.0,1.0,0.0,-2.7247,-9.5471,-11.3342,-9.7699,21.7178,40.7624,330.69,352.25,385.3856,-17.0855,-22.1604,-28.8531
TAP,37.560001373291016,37.56,2026-09-21,False,37.20000076293945,38.119998931884766,0.08,-14.49,BAJO,6876421120.0,,7.54,0.68,-19.47,3.79,11.3,-20.81,13.6,5.78,0.76,0.88,,YAHOO,-0.6449,-1.0202,-0.3947,0.055293,5.4196,-0.346,78.56,2026-11-03,42,,,yahoo,0.0,0.0,1.0,1.0,1.0,0.0,1.0,0.0,1.0,-3.8895,-7.2593,-7.4128,-4.1428,30.5821,32.019,42.4947,42.8703,52.5761,-11.6125,-12.3869,-28.5607
TDG,1109.6500244140625,1109.65,2026-09-21,False,1088.530029296875,1113.0899658203125,2.17,-15.88,BAJO,61490712576.0,33.75,23.0,-6.62,,11.82,46.01,21.28,2.37,18.08,,3.02,,YAHOO,-0.6449,-1.0202,-0.3947,0.055293,5.4196,-0.346,78.56,2026-11-05,44,,,yahoo,1.0,1.0,1.0,0.0,0.0,1.0,0.0,1.0,1.0,-0.1413,-4.5093,-7.1189,-14.3723,19.753,25.7742,1207.0601,1348.49,1450.0,-8.07,-17.7117,-23.4724
TDY,609.0800170898438,609.08,2026-09-21,False,603.989990234375,612.0,0.93,5.7,BAJO,28403974144.0,29.67,22.89,2.6,9.15,5.14,20.2,15.29,3.21,18.9,0.19,2.18,,YAHOO,-0.6449,-1.0202,-0.3947,0.055293,5.4196,-0.346,78.56,2026-10-21,29,,,yahoo,1.0,1.0,1.0,1.0,1.0,0.0,1.0,0.0,1.0,2.0047,-0.2571,-6.3674,-1.2276,5.5395,22.4056,633.56,691.3,691.3,-3.8639,-11.8935,-11.8935
TECH,72.47000122070312,72.47,2026-09-21,False,72.44000244140625,72.54000091552734,0.14,35.86,BAJO,11377164288.0,62.54,31.46,5.37,9.03,6.67,27.87,14.97,2.02,34.09,0.14,4.55,,YAHOO,-0.6449,-1.0202,-0.3947,0.055293,5.4196,-0.346,78.56,2026-11-09,48,,,yahoo,1.0,1.0,1.0,1.0,1.0,1.0,0.0,1.0,0.0,0.2767,0.0552,1.0731,30.4626,1.4918,3.9634,72.47,72.47,72.47,0.0,0.0,0.0
TEL,210.00999450683594,210.01,2026-09-21,False,206.5800018310547,211.10000610351562,2.23,-4.43,BAJO,61805281280.0,20.91,16.53,4.67,23.29,9.69,20.77,15.61,3.78,13.23,0.43,1.88,,YAHOO,-0.6449,-1.0202,-0.3947,0.055293,5.4196,-0.346,78.56,2026-10-28,36,,,yahoo,1.0,0.0,1.0,1.0,0.0,0.0,1.0,1.0,0.0,3.265,0.6518,5.2676,-0.8745,21.9546,31.7083,211.96,217.8394,246.3216,-0.92,-3.5941,-14.7416
TER,381.5400085449219,381.54,2026-09-21,False,370.8800048828125,384.989990234375,2.71,181.24,BAJO,62331494400.0,54.69,34.22,19.85,36.46,19.75,33.16,25.77,0.7,41.27,0.03,2.12,,YAHOO,-0.6449,-1.0202,-0.3947,0.055293,5.4196,-0.346,78.56,2026-10-21,29,,,yahoo,1.0,0.0,1.0,1.0,0.0,0.0,1.0,0.0,1.0,15.8991,6.865,3.3093,-16.48,19.4461,86.9852,383.69,483.6542,483.6542,-0.5603,-21.1131,-21.1131
TKO,191.1199951171875,191.12,2026-09-21,False,188.35000610351562,193.41000366210938,0.98,-4.31,BAJO,35747368960.0,66.27,40.35,4.13,7.06,4.5,32.39,4.33,2.39,14.28,0.59,1.28,,YAHOO,-0.6449,-1.0202,-0.3947,0.055293,5.4196,-0.346,78.56,2026-11-04,43,,,yahoo,1.0,1.0,1.0,1.0,0.0,1.0,1.0,1.0,0.0,-0.9382,3.1679,5.6441,-2.7159,20.4963,30.9742,194.5235,214.9996,222.2776,-1.7497,-11.1068,-14.0174
TPL,366.79998779296875,366.8,2026-09-21,False,343.3999938964844,369.4599914550781,4.01,24.7,BAJO,24502564864.0,45.25,4.86,14.65,36.57,25.81,78.18,60.32,-0.13,32.73,0.01,4.55,,YAHOO,-0.6449,-1.0202,-0.3947,0.055293,5.4196,-0.346,78.56,2026-11-04,43,,,yahoo,1.0,0.0,1.0,1.0,0.0,0.0,0.0,0.0,0.0,0.4189,1.2085,-15.1723,1.7388,69.1555,45.6026,381.9,436.9385,538.1021,-3.9539,-16.0523,-31.8345
TRGP,289.3599853515625,289.36,2026-09-21,False,287.5,292.1199951171875,-0.97,77.35,BAJO,60501712896.0,27.0,23.36,19.32,70.84,9.24,27.8,13.54,0.11,14.57,5.16,0.77,,YAHOO,-0.6449,-1.0202,-0.3947,0.055293,5.4196,-0.346,78.56,2026-11-05,44,,,yahoo,1.0,1.0,1.0,1.0,0.0,0.0,1.0,1.0,0.0,0.7345,-0.2379,2.2022,9.9067,23.9979,32.2647,296.06,302.25,302.25,-2.2631,-4.2647,-4.2647
TRMB,57.75,57.75,2026-09-21,False,56.77000045776367,58.45000076293945,0.33,-31.25,BAJO,13827564544.0,,14.38,2.44,-1.94,4.8,15.13,-2.77,4.96,16.71,0.29,0.95,,YAHOO,-0.6449,-1.0202,-0.3947,0.055293,5.4196,-0.346,78.56,2026-11-04,43,,,yahoo,1.0,0.0,1.0,0.0,0.0,0.0,1.0,1.0,0.0,-1.6854,-2.8922,15.2695,17.3065,22.1179,33.4713,61.54,61.54,83.52,-6.1586,-6.1586,-30.8549
TROW,104.62999725341797,104.63,2026-09-21,False,103.37999725341797,104.93000030517578,0.45,3.05,BAJO,22221113344.0,10.46,10.09,2.02,19.4,10.66,28.69,29.26,9.11,6.95,0.04,4.04,,YAHOO,-0.6449,-1.0202,-0.3947,0.055293,5.4196,-0.346,78.56,2026-10-30,38,,,yahoo,1.0,0.0,1.0,0.0,0.0,1.0,1.0,0.0,0.0,0.1244,-3.5055,-8.6875,-1.9061,20.6502,25.8324,111.4831,120.1849,120.1849,-6.1472,-12.9425,-12.9425
TRV,371.1300048828125,371.13,2026-09-21,False,370.67999267578125,376.6600036621094,-0.93,34.92,BAJO,75506245632.0,9.73,11.97,2.28,26.51,4.78,23.7,16.95,19.57,6.93,0.27,0.32,,YAHOO,-0.6449,-1.0202,-0.3947,0.055293,5.4196,-0.346,78.56,2026-10-16,24,,,yahoo,1.0,1.0,1.0,1.0,0.0,0.0,1.0,0.0,0.0,-1.8304,0.8255,0.0857,19.8928,12.2233,27.9606,379.49,395.8665,395.8665,-2.203,-6.2487,-6.2487
TSCO,32.33000183105469,32.33,2026-09-21,False,31.8700008392334,32.70000076293945,0.37,-44.6,BAJO,17110958080.0,17.1,16.03,6.54,39.51,7.82,12.07,6.42,0.6,12.13,2.49,1.33,,YAHOO,-0.6449,-1.0202,-0.3947,0.055293,5.4196,-0.346,78.56,2026-10-22,30,,,yahoo,1.0,0.0,1.0,1.0,1.0,0.0,1.0,1.0,0.0,-4.4339,-7.6022,10.8765,9.2028,16.0233,30.834,35.92,36.18,58.2574,-9.9944,-10.6414,-44.5049
TSN,52.02000045776367,52.02,2026-09-21,False,51.869998931884766,53.08000183105469,-1.42,-1.2,BAJO,18230353920.0,31.99,12.55,1.01,3.26,2.56,2.71,1.03,6.53,9.26,0.44,1.43,,YAHOO,-0.6449,-1.0202,-0.3947,0.055293,5.4196,-0.346,78.56,2026-11-09,48,,,yahoo,1.0,0.0,1.0,1.0,1.0,0.0,1.0,0.0,1.0,-2.1445,1.1669,-7.9817,-5.4123,17.0643,27.6894,57.3347,60.6141,67.5448,-9.2697,-14.1784,-22.9845
TTD,13.880000114440918,13.88,2026-09-21,False,13.819999694824219,14.229999542236328,-0.29,-71.47,BAJO,6231439360.0,15.69,13.06,2.4,15.44,6.25,14.21,13.61,9.36,7.37,0.17,1.72,,YAHOO,-0.6449,-1.0202,-0.3947,0.055293,5.4196,-0.346,78.56,2026-11-05,44,,,yahoo,1.0,1.0,1.0,1.0,0.0,0.0,1.0,0.0,1.0,-7.2812,-3.8115,-21.0466,-22.9745,20.8637,66.3777,15.09,19.79,54.13,-8.0186,-29.8636,-74.358
TTWO,209.9199981689453,209.92,2026-09-21,False,204.0,210.5,2.18,-18.13,BAJO,38430089216.0,,19.97,10.85,-9.04,-0.62,0.51,-4.79,3.27,51.6,0.82,1.06,,YAHOO,-0.6449,-1.0202,-0.3947,0.055293,5.4196,-0.346,78.56,2026-11-09,48,,,yahoo,0.0,1.0,1.0,1.0,1.0,1.0,0.0,1.0,1.0,-5.8275,-2.2218,-10.1293,-12.3763,30.2309,35.1636,235.39,258.41,262.29,-10.8203,-18.7648,-19.9665
TYL,332.4599914550781,332.46,2026-09-21,False,328.6700134277344,342.5799865722656,-1.49,-39.54,BAJO,13557249024.0,43.5,21.56,4.46,9.73,4.18,14.74,13.36,4.38,30.62,0.48,1.55,,YAHOO,-0.6449,-1.0202,-0.3947,0.055293,5.4196,-0.346,78.56,2026-10-28,36,,,yahoo,1.0,1.0,1.0,1.0,0.0,0.0,0.0,1.0,1.0,-7.5319,-8.6724,16.9316,20.776,4.67,45.1857,379.27,379.27,536.16,-12.3421,-12.3421,-37.9924
UDR,33.88999938964844,33.89,2026-09-21,False,33.68000030517578,34.0099983215332,-0.03,-6.49,BAJO,12527119360.0,21.58,60.89,3.78,13.74,2.24,20.18,29.56,6.23,17.19,1.56,0.18,,YAHOO,-0.6449,-1.0202,-0.3947,0.055293,5.4196,-0.346,78.56,2026-10-28,36,,,yahoo,1.0,1.0,1.0,1.0,1.0,0.0,1.0,1.0,1.0,-3.7899,-6.461,-13.6063,-9.1611,9.5568,18.6394,38.2326,40.7677,40.7677,-11.3584,-16.8705,-16.8705
UHS,174.74000549316406,174.74,2026-09-21,False,174.22000122070312,180.02000427246094,-1.1,-11.16,BAJO,10566727680.0,7.32,7.47,1.41,20.95,8.32,11.14,8.42,4.72,5.86,0.69,1.12,,YAHOO,-0.6449,-1.0202,-0.3947,0.055293,5.4196,-0.346,78.56,2026-10-26,34,,,yahoo,1.0,1.0,1.0,1.0,1.0,0.0,1.0,1.0,1.0,0.86,3.0003,17.1457,22.6482,31.8572,31.7605,181.21,181.21,243.1212,-3.5704,-3.5704,-28.1264
ULTA,557.8599853515625,557.86,2026-09-21,False,544.4299926757812,561.469970703125,3.12,6.11,BAJO,23681652736.0,20.18,17.27,8.73,46.12,14.84,12.51,9.34,3.86,13.44,0.95,1.34,,YAHOO,-0.6449,-1.0202,-0.3947,0.055293,5.4196,-0.346,78.56,2026-12-03,72,2026-08-27,26.0,yahoo,1.0,0.0,1.0,1.0,1.0,0.0,1.0,0.0,0.0,1.6787,-1.1097,15.3748,19.9544,41.9693,35.6286,564.12,565.15,706.82,-1.1097,-1.2899,-21.0747
UPS,94.75,94.75,2026-09-21,False,94.2300033569336,98.80999755859375,-4.35,18.33,BAJO,81564434432.0,17.82,11.88,5.41,29.6,7.28,9.05,5.08,6.86,8.66,1.9,1.18,,YAHOO,-0.6449,-1.0202,-0.3947,0.055293,5.4196,-0.346,78.56,2026-10-27,35,,,yahoo,1.0,0.0,1.0,1.0,0.0,1.0,1.0,1.0,0.0,-7.5249,-7.3712,-16.902,-10.2381,41.1835,29.1108,105.68,115.8725,115.8725,-10.3425,-18.2291,-18.2291
URI,1029.9200439453125,1029.92,2026-09-21,False,1010.0,1033.0,1.58,8.51,BAJO,64921407488.0,25.07,18.2,7.05,28.89,8.77,25.99,15.67,2.63,17.09,1.67,0.76,,YAHOO,-0.6449,-1.0202,-0.3947,0.055293,5.4196,-0.346,78.56,2026-10-21,29,,,yahoo,1.0,0.0,1.0,1.0,1.0,0.0,1.0,0.0,0.0,3.6345,1.9864,-0.3249,-5.581,15.2325,36.8321,1083.5601,1164.8199,1164.8199,-4.9503,-11.5812,-11.5812
VICI,24.049999237060547,24.05,2026-09-21,False,23.780000686645508,24.089000701904297,1.39,-19.67,BAJO,26403837952.0,9.29,8.02,0.91,9.85,4.82,70.18,67.5,1.01,12.22,0.6,11.24,,YAHOO,-0.6449,-1.0202,-0.3947,0.055293,5.4196,-0.346,78.56,2026-10-29,37,,,yahoo,1.0,1.0,1.0,0.0,1.0,0.0,0.0,1.0,1.0,-2.1181,-3.5814,-7.7892,-6.0574,20.8959,19.9753,26.2778,26.6997,30.7538,-8.4779,-9.9242,-21.7984
VLO,393.2699890136719,393.27,2026-09-21,False,391.0,419.0400085449219,-4.84,139.74,BAJO,108588965888.0,15.72,10.12,4.34,27.64,10.56,12.27,5.45,7.75,8.97,0.4,1.64,,YAHOO,-0.6449,-1.0202,-0.3947,0.055293,5.4196,-0.346,78.56,2026-10-22,30,,,yahoo,1.0,0.0,1.0,1.0,0.0,1.0,1.0,1.0,0.0,2.6949,6.0828,26.9747,61.9451,51.0696,34.7955,413.28,413.28,413.28,-4.8418,-4.8418,-4.8418
VLTO,95.18000030517578,95.18,2026-09-21,False,93.9749984741211,95.37000274658203,0.73,-11.12,BAJO,23352965120.0,24.13,20.08,7.55,34.31,10.31,21.37,17.35,3.46,17.86,1.16,1.77,,YAHOO,-0.6449,-1.0202,-0.3947,0.055293,5.4196,-0.346,78.56,2026-10-21,29,,,yahoo,1.0,0.0,1.0,1.0,1.0,0.0,0.0,1.0,0.0,-1.163,-1.1733,4.4213,14.913,11.2211,24.0233,99.37,100.1,106.6836,-4.2166,-4.9151,-10.7829
VMC,246.1999969482422,246.2,2026-09-21,False,241.1699981689453,247.7100067138672,2.23,-18.56,BAJO,32118681600.0,29.26,23.3,3.79,13.23,6.04,21.61,13.75,2.63,15.76,0.58,1.76,,YAHOO,-0.6449,-1.0202,-0.3947,0.055293,5.4196,-0.346,78.56,2026-10-29,37,,,yahoo,1.0,1.0,1.0,1.0,1.0,1.0,1.0,1.0,1.0,-1.7323,-6.256,-11.22,-18.9666,30.0697,29.821,275.94,310.7726,328.4807,-10.7777,-20.7781,-25.0489
VRSK,172.02000427246094,172.02,2026-09-21,False,170.8800048828125,175.14999389648438,-1.93,-30.39,BAJO,22379026432.0,26.41,19.77,-19.29,,18.96,45.11,28.24,4.72,17.45,,1.0,,YAHOO,-0.6449,-1.0202,-0.3947,0.055293,5.4196,-0.346,78.56,2026-10-28,36,,,yahoo,1.0,0.0,1.0,1.0,1.0,1.0,1.0,1.0,0.0,-7.7789,-7.1634,-10.2969,2.0659,26.3769,40.0328,193.8304,212.5802,249.0066,-11.2523,-19.0799,-30.9175
VRSN,308.17999267578125,308.18,2026-09-21,False,302.1000061035156,308.2799987792969,1.67,8.81,BAJO,27067570176.0,32.51,27.07,-12.01,,45.12,68.18,49.77,3.08,23.9,,0.59,,YAHOO,-0.6449,-1.0202,-0.3947,0.055293,5.4196,-0.346,78.56,2026-10-22,30,,,yahoo,1.0,1.0,1.0,1.0,0.0,1.0,1.0,1.0,1.0,3.2083,5.5122,17.7062,24.7869,10.1543,29.1473,308.18,308.18,309.0927,0.0,0.0,-0.2953
VTR,87.02999877929688,87.03,2026-09-21,False,86.55000305175781,87.80999755859375,0.39,31.42,BAJO,44554522624.0,157.93,109.95,3.04,2.01,2.17,14.81,4.09,3.34,24.33,0.85,0.29,,YAHOO,-0.6449,-1.0202,-0.3947,0.055293,5.4196,-0.346,78.56,2026-10-28,36,,,yahoo,1.0,1.0,1.0,1.0,1.0,0.0,0.0,0.0,1.0,-2.3232,-3.5892,-10.4445,5.4188,10.1773,25.9113,93.83,100.53,100.53,-7.2472,-13.4288,-13.4288
VTRS,17.100000381469727,17.1,2026-09-21,False,16.8700008392334,17.350000381469727,0.88,79.31,BAJO,19732791296.0,,6.46,1.36,-2.75,2.67,12.55,-2.79,13.57,7.42,0.96,1.58,,YAHOO,-0.6449,-1.0202,-0.3947,0.055293,5.4196,-0.346,78.56,2026-11-05,44,,,yahoo,0.0,0.0,1.0,1.0,1.0,0.0,1.0,0.0,1.0,2.6411,1.3033,1.2831,12.0172,21.3316,28.789,17.13,17.727,17.727,-0.1751,-3.5372,-3.5372
WAB,283.3800048828125,283.38,2026-09-21,False,280.57000732421875,285.0299987792969,1.12,42.27,BAJO,48935161856.0,39.04,23.26,4.37,11.55,6.17,19.19,10.59,2.25,20.84,0.62,1.12,,YAHOO,-0.6449,-1.0202,-0.3947,0.055293,5.4196,-0.346,78.56,2026-10-21,29,,,yahoo,1.0,0.0,1.0,1.0,0.0,0.0,1.0,1.0,0.0,1.7815,0.1838,-2.1819,2.5014,12.3333,29.1302,300.54,305.4747,305.4747,-5.7097,-7.2329,-7.2329
WAT,423.9200134277344,423.92,2026-09-21,False,420.75,427.760009765625,0.54,38.6,BAJO,41801646080.0,108.06,25.73,2.75,1.92,3.56,9.42,3.59,-0.34,32.21,0.36,1.86,,YAHOO,-0.6449,-1.0202,-0.3947,0.055293,5.4196,-0.346,78.56,2026-10-30,38,,,yahoo,1.0,0.0,1.0,1.0,1.0,0.0,0.0,0.0,0.0,3.3926,3.5517,14.3196,18.3308,29.3823,27.0718,429.72,429.72,429.72,-1.3497,-1.3497,-1.3497
WDAY,191.9199981689453,191.92,2026-09-21,False,191.64999389648438,196.47999572753906,-1.01,-22.46,BAJO,45363429376.0,38.34,14.22,7.01,16.01,4.51,11.82,12.32,6.72,28.84,0.58,0.91,,YAHOO,-0.6449,-1.0202,-0.3947,0.055293,5.4196,-0.346,78.56,2026-11-23,62,2026-08-27,26.0,finnhub,1.0,1.0,1.0,1.0,1.0,0.0,1.0,1.0,1.0,-1.1791,-1.9766,44.9328,69.7806,63.6023,67.2566,206.92,206.92,247.69,-7.2492,-7.2492,-22.516
WEC,103.4800033569336,103.48,2026-09-21,False,102.88999938964844,103.61000061035156,0.3,-4.14,BAJO,33507092480.0,19.97,17.14,,11.99,3.03,21.8,16.69,-7.02,14.35,1.58,0.53,,YAHOO,-0.6449,-1.0202,-0.3947,0.055293,5.4196,-0.346,78.56,2026-10-29,37,,,yahoo,1.0,0.0,1.0,1.0,1.0,0.0,0.0,0.0,1.0,-1.6069,-2.3221,-8.001,-7.6592,18.3991,17.1103,107.58,117.8229,117.8229,-3.8111,-12.1733,-12.1733
WM,207.0399932861328,207.04,2026-09-21,False,206.8800048828125,210.3800048828125,-1.92,-4.54,BAJO,83012853760.0,29.42,22.78,8.37,29.84,6.57,18.99,11.12,2.83,13.58,2.35,0.91,,YAHOO,-0.6449,-1.0202,-0.3947,0.055293,5.4196,-0.346,78.56,2026-10-26,34,,,yahoo,1.0,0.0,1.0,1.0,1.0,1.0,0.0,1.0,1.0,-5.0667,-5.039,-12.0251,-2.5104,10.9259,21.6161,225.4636,241.1841,243.3986,-8.1714,-14.1569,-14.9379
WMB,71.6500015258789,71.65,2026-09-21,False,71.37999725341797,72.45999908447266,-0.56,21.18,BAJO,86820429824.0,28.28,27.33,6.6,21.5,5.03,39.54,24.94,-1.75,17.12,2.0,0.48,,YAHOO,-0.6449,-1.0202,-0.3947,0.055293,5.4196,-0.346,78.56,2026-11-02,41,,,yahoo,1.0,1.0,1.0,1.0,0.0,1.0,0.0,1.0,1.0,-0.4169,-2.6698,-3.1141,-3.7087,16.151,27.2881,75.2833,77.3582,78.2497,-4.8262,-7.379,-8.4342
WSM,227.16000366210938,227.16,2026-09-21,False,222.77000427246094,228.88999938964844,1.32,15.59,BAJO,27406036992.0,23.87,22.13,14.65,54.96,16.64,17.27,14.73,3.9,16.81,0.71,1.45,,YAHOO,-0.6449,-1.0202,-0.3947,0.055293,5.4196,-0.346,78.56,2026-11-18,57,2026-08-26,27.0,yahoo,1.0,0.0,1.0,1.0,0.0,0.0,1.0,0.0,0.0,-0.9894,-0.1143,2.1679,0.8221,26.2093,28.5269,238.4,251.78,251.78,-4.7148,-9.7784,-9.7784
WST,361.7799987792969,361.78,2026-09-21,False,361.04998779296875,366.1199951171875,-0.15,42.34,BAJO,26115739648.0,47.51,37.17,8.74,19.09,11.38,22.47,16.98,1.06,28.5,0.11,2.82,,YAHOO,-0.6449,-1.0202,-0.3947,0.055293,5.4196,-0.346,78.56,2026-10-22,30,,,yahoo,1.0,0.0,1.0,1.0,1.0,1.0,1.0,1.0,0.0,1.8525,6.4153,1.0062,9.7984,17.1004,24.8518,366.6,366.6,366.6,-1.3148,-1.3148,-1.3148
WTW,306.82000732421875,306.82,2026-09-21,False,306.44000244140625,311.45001220703125,-1.02,-9.87,BAJO,28022249472.0,18.67,13.2,3.65,19.76,5.08,17.56,15.49,5.05,11.91,0.91,1.1,,YAHOO,-0.6449,-1.0202,-0.3947,0.055293,5.4196,-0.346,78.56,2026-10-29,37,,,yahoo,1.0,1.0,1.0,1.0,0.0,1.0,1.0,0.0,0.0,-5.2176,-8.3408,7.0888,21.7286,17.7413,31.3294,350.75,350.75,350.75,-12.5246,-12.5246,-12.5246
WY,21.010000228881836,21.01,2026-09-21,False,20.979999542236328,21.3799991607666,-0.99,-11.79,BAJO,15524654080.0,32.64,32.03,1.65,4.97,0.67,8.03,6.89,0.09,29.72,0.58,1.82,,YAHOO,-0.6449,-1.0202,-0.3947,0.055293,5.4196,-0.346,78.56,2026-10-29,37,,,yahoo,1.0,0.0,1.0,1.0,0.0,0.0,1.0,0.0,0.0,-5.4881,-8.7315,-10.9855,-12.5639,11.6827,29.4603,24.2073,25.6045,26.396,-13.2081,-17.944,-20.4046
WYNN,83.31999969482422,83.32,2026-09-21,False,81.3499984741211,84.37000274658203,2.01,-34.83,BAJO,8496375808.0,19.79,16.01,-49.62,,5.73,16.54,6.05,5.6,9.88,,0.91,,YAHOO,-0.6449,-1.0202,-0.3947,0.055293,5.4196,-0.346,78.56,2026-11-05,44,,,yahoo,1.0,0.0,1.0,1.0,1.0,0.0,1.0,0.0,0.0,-5.0593,-8.9797,-11.4931,-19.394,33.1182,24.5661,99.41,104.5341,132.1289,-16.1855,-20.2939,-36.9404
XEL,71.8499984741211,71.85,2026-09-21,False,71.66999816894531,72.43000030517578,-0.62,0.84,BAJO,45011144704.0,19.74,15.87,1.87,9.92,2.37,22.7,15.28,-17.57,13.82,1.73,0.7,,YAHOO,-0.6449,-1.0202,-0.3947,0.055293,5.4196,-0.346,78.56,2026-10-29,37,,,yahoo,1.0,0.0,1.0,1.0,0.0,1.0,0.0,1.0,0.0,-2.3339,-4.3461,-9.6781,-8.0965,20.816,17.9732,77.0589,81.5725,82.0098,-6.7596,-11.9188,-12.3885
XYL,107.23999786376953,107.24,2026-09-21,False,106.9800033569336,108.36000061035156,-0.3,-25.79,BAJO,25181552640.0,25.68,17.27,2.29,9.18,5.11,17.0,11.15,4.7,13.68,0.29,1.61,,YAHOO,-0.6449,-1.0202,-0.3947,0.055293,5.4196,-0.346,78.56,2026-11-03,42,,,yahoo,1.0,1.0,1.0,1.0,1.0,0.0,0.0,1.0,0.0,-0.2326,1.4665,-7.3118,-3.6878,4.2575,25.9367,113.7471,124.825,150.8356,-5.7207,-14.0877,-28.9027
YUM,139.3300018310547,139.33,2026-09-21,False,137.7899932861328,139.9499969482422,0.97,-6.4,BAJO,38127013888.0,17.6,19.97,-5.28,,22.69,32.78,25.41,2.19,16.58,,0.59,,YAHOO,-0.6449,-1.0202,-0.3947,0.055293,5.4196,-0.346,78.56,2026-11-03,42,,,yahoo,1.0,0.0,1.0,1.0,1.0,0.0,1.0,0.0,0.0,-4.7837,-7.0848,-5.1078,-7.1033,28.9509,30.3072,156.5607,166.6498,166.6498,-11.0058,-16.3935,-16.3935
ZBH,94.31999969482422,94.32,2026-09-21,False,93.63999938964844,95.66000366210938,-1.09,-7.87,BAJO,17925529600.0,22.81,10.36,1.42,6.41,3.88,17.96,9.48,5.98,9.93,0.6,1.69,,YAHOO,-0.6449,-1.0202,-0.3947,0.055293,5.4196,-0.346,78.56,2026-11-05,44,,,yahoo,1.0,0.0,1.0,1.0,0.0,1.0,1.0,0.0,0.0,-2.2996,-3.8238,6.3599,8.5895,25.5617,33.2799,101.38,101.38,103.1494,-6.9639,-6.9639,-8.5598
ZBRA,350.8399963378906,350.84,2026-09-21,False,346.44000244140625,353.5799865722656,1.21,9.68,BAJO,17108006912.0,33.14,16.29,4.99,15.29,7.32,21.26,9.22,3.37,16.82,0.86,0.52,,YAHOO,-0.6449,-1.0202,-0.3947,0.055293,5.4196,-0.346,78.56,2026-11-03,42,,,yahoo,1.0,0.0,1.0,1.0,0.0,0.0,1.0,0.0,1.0,-0.2757,-3.2806,33.5262,42.7978,18.7184,62.6195,363.3,383.06,383.06,-3.4297,-8.4112,-8.4112
ZTS,71.33000183105469,71.33,2026-09-21,False,70.26000213623047,72.4800033569336,-0.1,-51.29,BAJO,30107473920.0,11.89,11.16,,64.91,15.35,40.72,27.68,6.7,9.27,2.94,3.08,,YAHOO,-0.6449,-1.0202,-0.3947,0.055293,5.4196,-0.346,78.56,2026-11-03,42,,,yahoo,1.0,0.0,1.0,1.0,0.0,1.0,1.0,1.0,0.0,-3.1763,-5.9095,-3.855,-5.3535,16.4186,31.5181,77.52,77.93,144.75,-7.985,-8.4691,-50.7219
