Ticker,Precio,Cierre_Confirmado,Fecha_Cierre_Confirmado,Precio_Es_Intradiario,Low,High,Change (%),RS 20D,Credit Stress,Market Cap,P/E,Forward P/E,P/Book,ROE,ROA,Operating Margin,Net Margin,FCF Yield,EV/EBITDA,Debt/Equity,Current Ratio,Piotroski,Fund Source,Grain_IS,ZC_Surprise,ZS_Surprise,SPX_Quarterly_Divisor,SPX_ROC_63d,z_MOVE_inv,MOVE_price,Earnings_Next_Date,Earnings_Days_To_Next,Earnings_Last_Date,Earnings_Days_Since,Earnings_Source,piotroski_roa_positive,piotroski_d_roa,piotroski_cfo_positive,piotroski_cfo_gt_ni,piotroski_d_leverage,piotroski_d_liquidity,piotroski_no_dilution,piotroski_d_margin,piotroski_d_turnover,roc_5d,roc_10d,roc_42d,roc_63d,vol_5d,vol_60d,high_20d,high_60d,high_252d,drawdown_20d,drawdown_60d,drawdown_252d
^GSPC,7591.7001953125,7591.7002,2026-09-10,False,7580.06005859375,7612.85986328125,-0.58,5.25,BAJO,,,,,,,,,,,,,,NONE,0.8174,0.5344,1.0061,0.060917,4.4683,-0.6451,82.09,,999,,,none,,,,,,,,,,-0.977,-1.0944,1.0161,,1.5807,11.528,7798.9902,7798.9902,,-2.6579,-2.6579,
^DJI,52064.1015625,52064.1016,2026-09-10,False,51962.7109375,52291.8515625,-0.6,4.97,BAJO,,,,,,,,,,,,,,NONE,0.8174,0.5344,1.0061,0.060917,4.4683,-0.6451,82.09,,999,,,none,,,,,,,,,,-1.8805,-2.6182,-0.8277,,4.6882,11.3453,53839.9883,54349.1211,,-3.2985,-4.2043,
^IXIC,26081.720703125,26081.7207,2026-09-10,False,25979.5390625,26178.25,-0.65,3.63,BAJO,,,,,,,,,,,,,,NONE,0.8174,0.5344,1.0061,0.060917,4.4683,-0.6451,82.09,,999,,,none,,,,,,,,,,-0.5191,-0.1855,0.806,,3.1121,18.3468,26803.0293,26803.0293,,-2.6911,-2.6911,
^RUT,2890.949951171875,2890.95,2026-09-10,False,2886.9599609375,2908.52001953125,-1.04,1.55,BAJO,,,,,,,,,,,,,,NONE,0.8174,0.5344,1.0061,0.060917,4.4683,-0.6451,82.09,,999,,,none,,,,,,,,,,-2.1069,-3.8241,-2.1069,,10.9135,14.0095,3068.4199,3068.4199,,-5.7838,-5.7838,
^VIX,17.84000015258789,17.84,2026-09-10,False,0.0,0.0,8.38,-5.65,BAJO,,,,,,,,,,,,,,NONE,0.8174,0.5344,1.0061,0.060917,4.4683,-0.6451,82.09,,999,,,none,,,,,,,,,,24.581,22.9497,8.1212,-8.2305,37.1031,101.5754,17.84,20.66,,0.0,-13.6496,
^MOVE,82.08999633789062,82.09,2026-09-10,False,76.73999786376953,82.08999633789062,6.97,20.78,BAJO,,,,,,,,,,,,,,NONE,0.8174,0.5344,1.0061,0.060917,4.4683,-0.6451,82.09,,999,,,none,,,,,,,,,,2.9858,18.2172,5.5548,,62.8145,71.3173,82.09,83.02,,0.0,-1.1202,
^TNX,4.943999767303467,4.944,2026-09-10,False,4.879000186920166,4.952000141143799,2.21,13.36,BAJO,,,,,,,,,,,,,,NONE,0.8174,0.5344,1.0061,0.060917,4.4683,-0.6451,82.09,,999,,,none,,,,,,,,,,3.0859,6.0034,7.2684,,13.4831,13.8343,4.944,4.944,,0.0,0.0,
^IRX,3.8450000286102295,3.845,2026-09-10,False,3.802999973297119,3.8480000495910645,1.05,8.71,BAJO,,,,,,,,,,,,,,NONE,0.8174,0.5344,1.0061,0.060917,4.4683,-0.6451,82.09,,999,,,none,,,,,,,,,,1.9353,4.2005,3.1384,,4.5019,11.0407,3.845,3.845,,0.0,0.0,
DX-Y.NYB,99.08999633789062,99.09,2026-09-10,False,98.70999908447266,99.19999694824219,0.32,1.81,BAJO,,,,,,,,,,,,,,NONE,0.8174,0.5344,1.0061,0.060917,4.4683,-0.6451,82.09,,999,,,none,,,,,,,,,,-0.4721,-0.0807,-2.1623,,4.4725,4.8888,99.96,101.61,,-0.8704,-2.4801,
^N225,65270.94921875,65270.9492,2026-09-10,False,64186.6796875,65270.94921875,0.2,4.22,BAJO,,,,,,,,,,,,,,NONE,0.8174,0.5344,1.0061,0.060917,4.4683,-0.6451,82.09,,999,,,none,,,,,,,,,,1.6452,-1.302,-4.7942,1.6408,24.9793,31.0171,69220.25,72366.3438,,-5.7054,-9.8048,
^MERV,3157852.0,3157852.0,2026-09-10,False,3095848.0,3171925.0,1.53,-3.24,BAJO,,,,,,,,,,,,,,NONE,0.8174,0.5344,1.0061,0.060917,4.4683,-0.6451,82.09,,999,,,none,,,,,,,,,,3.2621,5.2193,-2.3937,,14.6464,24.8658,3157852.0,3379772.0,,0.0,-6.5661,
^NYA,24140.640625,24140.6406,2026-09-10,False,24121.23046875,24311.150390625,-0.7,5.69,BAJO,,,,,,,,,,,,,,NONE,0.8174,0.5344,1.0061,0.060917,4.4683,-0.6451,82.09,,999,,,none,,,,,,,,,,-1.4489,-2.4308,1.0236,,2.8053,8.1724,24821.6797,24821.6797,,-2.7437,-2.7437,
^HSI,24954.470703125,24954.4707,2026-09-10,False,24889.640625,25021.810546875,-1.27,5.49,BAJO,,,,,,,,,,,,,,NONE,0.8174,0.5344,1.0061,0.060917,4.4683,-0.6451,82.09,,999,,,none,,,,,,,,,,-1.0266,-2.391,2.5215,2.9081,7.998,17.575,26009.4609,26009.4609,,-4.0562,-4.0562,
^TWII,46940.48828125,46940.4883,2026-09-10,False,46573.46875,47130.9609375,-0.51,11.36,BAJO,,,,,,,,,,,,,,NONE,0.8174,0.5344,1.0061,0.060917,4.4683,-0.6451,82.09,,999,,,none,,,,,,,,,,2.3613,2.0995,4.9232,8.7858,16.1409,33.3557,47326.2695,47741.5117,,-0.8152,-1.6778,
^KS11,7033.919921875,7033.9199,2026-09-10,False,6898.4501953125,7072.7900390625,-0.25,-6.83,BAJO,,,,,,,,,,,,,,NONE,0.8174,0.5344,1.0061,0.060917,4.4683,-0.6451,82.09,,999,,,none,,,,,,,,,,6.9069,1.7584,-5.9126,-9.4028,37.6911,74.7114,7051.6401,9114.5498,,-0.2513,-22.8276,
^GDAXI,25361.150390625,25361.1504,2026-09-10,False,25361.150390625,25612.08984375,-0.84,7.33,BAJO,,,,,,,,,,,,,,NONE,0.8174,0.5344,1.0061,0.060917,4.4683,-0.6451,82.09,,999,,,none,,,,,,,,,,-2.4696,-3.8157,0.8515,1.8765,12.0445,13.1464,26569.9902,26569.9902,,-4.5496,-4.5496,
^FTSE,10608.900390625,10608.9004,2026-09-10,False,10594.2998046875,10688.0,-0.57,5.54,BAJO,,,,,,,,,,,,,,NONE,0.8174,0.5344,1.0061,0.060917,4.4683,-0.6451,82.09,,999,,,none,,,,,,,,,,-2.0551,-2.4747,1.0535,1.3102,9.1514,8.628,10886.2002,10908.4004,,-2.5473,-2.7456,
^AEX,1093.27001953125,1093.27,2026-09-10,False,1091.77001953125,1102.510009765625,-0.78,5.42,BAJO,,,,,,,,,,,,,,NONE,0.8174,0.5344,1.0061,0.060917,4.4683,-0.6451,82.09,,999,,,none,,,,,,,,,,-1.0275,-0.9163,0.3129,1.6504,10.9393,9.6302,1117.8199,1119.59,,-2.1962,-2.3509,
^IBEX,19659.80078125,19659.8008,2026-09-10,False,19614.5,19833.099609375,-0.18,10.07,BAJO,,,,,,,,,,,,,,NONE,0.8174,0.5344,1.0061,0.060917,4.4683,-0.6451,82.09,,999,,,none,,,,,,,,,,-1.702,-1.1156,1.5664,3.2987,10.8008,12.8329,20156.5996,20213.5996,,-2.4647,-2.7397,
FTSEMIB.MI,51807.0,51807.0,2026-09-10,False,51717.0,52229.0,-0.13,22.91,BAJO,,,,,,,,,,,,,,YAHOO,0.8174,0.5344,1.0061,0.060917,4.4683,-0.6451,82.09,,999,,,none,,,,,,,,,,-0.8384,-0.8763,-1.9976,-0.0559,5.3898,12.6816,53587.0,53717.0,53717.0,-3.3217,-3.5557,-3.5557
^SSMI,13740.099609375,13740.0996,2026-09-10,False,13740.099609375,13849.330078125,-0.47,4.13,BAJO,,,,,,,,,,,,,,NONE,0.8174,0.5344,1.0061,0.060917,4.4683,-0.6451,82.09,,999,,,none,,,,,,,,,,-4.548,-4.479,-3.5225,0.1645,9.8906,10.8015,14542.9004,14633.7002,,-5.5202,-6.1065,
^OMXC25,1880.4300537109375,1880.4301,2026-09-10,False,1878.6500244140625,1888.550048828125,-0.18,9.57,BAJO,,,,,,,,,,,,,,NONE,0.8174,0.5344,1.0061,0.060917,4.4683,-0.6451,82.09,,999,,,none,,,,,,,,,,-1.8503,-1.9332,-0.6257,6.1544,9.8514,14.3711,1935.0699,1935.0699,,-2.8237,-2.8237,
^GSPTSE,35506.30078125,35506.3008,2026-09-10,False,35427.5,35739.3984375,-1.11,4.99,BAJO,,,,,,,,,,,,,,NONE,0.8174,0.5344,1.0061,0.060917,4.4683,-0.6451,82.09,,999,,,none,,,,,,,,,,-1.6217,-3.5514,0.5693,,6.0466,10.365,36957.6016,36957.6016,,-3.9269,-3.9269,
^AXJO,8819.400390625,8819.4004,2026-09-10,False,8742.599609375,8911.400390625,-1.03,4.73,BAJO,,,,,,,,,,,,,,NONE,0.8174,0.5344,1.0061,0.060917,4.4683,-0.6451,82.09,,999,,,none,,,,,,,,,,-2.225,-2.4208,0.1237,-1.0612,9.1468,9.1801,9164.5996,9271.5996,,-3.7667,-4.8773,
^MXX,64106.8203125,64106.8203,2026-09-10,False,0.0,0.0,-1.09,-1.71,BAJO,,,,,,,,,,,,,,NONE,0.8174,0.5344,1.0061,0.060917,4.4683,-0.6451,82.09,,999,,,none,,,,,,,,,,-2.0315,-2.6176,-3.6195,-6.0122,10.5242,12.6812,66293.0703,67705.3672,,-3.2979,-5.315,
^BVSP,188269.0,188269.0,2026-09-10,False,184601.0,188539.0,1.42,12.36,BAJO,,,,,,,,,,,,,,NONE,0.8174,0.5344,1.0061,0.060917,4.4683,-0.6451,82.09,,999,,,none,,,,,,,,,,1.6544,7.8374,7.1299,10.0133,17.4446,17.1612,188269.0,188269.0,,0.0,0.0,
HYG,78.62000274658203,78.62,2026-09-10,False,78.61000061035156,78.81999969482422,-0.46,5.5,BAJO,,,,,,,,,,,,,,YAHOO,0.8174,0.5344,1.0061,0.060917,4.4683,-0.6451,82.09,,999,,,none,,,,,,,,,,-0.6194,-1.0628,-0.1073,0.4189,2.9886,2.8598,79.4844,79.4844,79.4844,-1.0875,-1.0875,-1.0875
LQD,104.36000061035156,104.36,2026-09-10,False,104.33000183105469,104.83000183105469,-0.9,-0.05,BAJO,,,,,,,,,,,,,,YAHOO,0.8174,0.5344,1.0061,0.060917,4.4683,-0.6451,82.09,,999,,,none,,,,,,,,,,-0.9397,-1.8561,-1.5971,-2.3468,6.7804,5.37,106.4133,108.3896,108.7168,-1.9295,-3.7177,-4.0075
TLT,80.77999877929688,80.78,2026-09-10,False,80.66999816894531,81.36000061035156,-1.16,-3.91,BAJO,,,-4086.5,0.55,,,,,,,,,,YAHOO,0.8174,0.5344,1.0061,0.060917,4.4683,-0.6451,82.09,,999,,,none,,,,,,,,,,-1.4277,-2.6536,-3.0413,-3.7266,9.5535,9.6712,83.1514,86.4474,88.4493,-2.8519,-6.5559,-8.6708
GC=F,4364.5,4364.5,2026-09-10,False,4330.7001953125,4420.0,-1.17,9.28,BAJO,,,,,,,,,,,,,,NONE,0.8174,0.5344,1.0061,0.060917,4.4683,-0.6451,82.09,,999,,,none,,,,,,,,,,-0.0412,-5.0824,9.1944,,13.3944,24.0014,4640.7998,4640.7998,,-5.9537,-5.9537,
HG=F,6.4670000076293945,6.467,2026-09-10,False,6.441500186920166,6.752500057220459,-4.95,5.9,BAJO,,,,,,,,,,,,,,NONE,0.8174,0.5344,1.0061,0.060917,4.4683,-0.6451,82.09,,999,,,none,,,,,,,,,,-0.523,-1.9334,3.7542,,49.7943,24.0865,6.8035,6.8035,,-4.946,-4.946,
CL=F,102.4800033569336,102.48,2026-09-10,False,95.37000274658203,104.04000091552734,6.69,19.42,BAJO,,,,,,,,,,,,,,NONE,0.8174,0.5344,1.0061,0.060917,4.4683,-0.6451,82.09,,999,,,none,,,,,,,,,,12.603,24.626,31.1492,,44.2052,50.4543,102.48,102.48,,0.0,0.0,
ZS=F,1316.0,1316.0,2026-09-10,False,1300.75,1318.25,1.6,20.6,BAJO,,,,,,,,,,,,,,NONE,0.8174,0.5344,1.0061,0.060917,4.4683,-0.6451,82.09,,999,,,none,,,,,,,,,,1.0947,4.9233,9.4842,,18.5652,19.5231,1316.0,1316.0,,0.0,0.0,
ZC=F,514.0,514.0,2026-09-10,False,508.75,520.75,1.23,27.41,BAJO,,,,,,,,,,,,,,NONE,0.8174,0.5344,1.0061,0.060917,4.4683,-0.6451,82.09,,999,,,none,,,,,,,,,,-0.9157,0.0,17.4186,,14.0269,25.3517,521.5,521.5,,-1.4382,-1.4382,
BTC-USD,78259.5234375,78259.5234,2026-09-09,False,77768.1484375,79737.296875,-0.23,-10.41,BAJO,1568614907904.0,,,,,,,,,,,,,YAHOO,0.8174,0.5344,1.0061,0.060917,4.4683,-0.6451,82.09,,999,,,none,,,,,,,,,,-1.7728,0.7622,22.4562,25.7028,14.8273,33.1329,81271.7422,81271.7422,96929.3281,-3.7064,-3.7064,-19.2613
ETH-USD,2466.913818359375,2466.9138,2026-09-09,False,2443.702392578125,2522.36962890625,-0.73,-18.47,BAJO,300850085888.0,,,,,,,,,,,,,YAHOO,0.8174,0.5344,1.0061,0.060917,4.4683,-0.6451,82.09,,999,,,none,,,,,,,,,,0.4412,2.0255,29.258,41.5588,16.5207,49.9751,2515.2817,2515.2817,3354.7227,-1.923,-1.923,-26.4644
IBIT,43.68000030517578,43.68,2026-09-10,False,43.41999816894531,43.89500045776367,-1.38,-30.25,BAJO,,,,,,,,,,,,,,YAHOO,0.8174,0.5344,1.0061,0.060917,4.4683,-0.6451,82.09,,999,,,none,,,,,,,,,,-0.2512,-1.7544,24.0204,24.5154,14.7883,37.7732,46.35,46.35,71.29,-5.7605,-5.7605,-38.7291
SPY,757.8300170898438,757.83,2026-09-10,False,756.6400146484375,760.1099853515625,-0.6,19.09,BAJO,,24.63,,1.78,,,,,,,,,,YAHOO,0.8174,0.5344,1.0061,0.060917,4.4683,-0.6451,82.09,,999,,,none,,,,,,,,,,-0.958,-1.0769,1.156,4.7354,1.4969,11.8696,777.88,777.88,777.88,-2.5775,-2.5775,-2.5775
QQQ,708.6900024414062,708.69,2026-09-10,False,706.8599853515625,712.0599975585938,-1.06,24.5,BAJO,,29.2,,2.0,,,,,,,,,,YAHOO,0.8174,0.5344,1.0061,0.060917,4.4683,-0.6451,82.09,,999,,,none,,,,,,,,,,-0.0775,-0.3767,-0.4285,2.2746,8.4991,21.788,732.07,739.807,745.3409,-3.1937,-4.2061,-4.9173
DIA,520.75,520.75,2026-09-10,False,519.7999877929688,523.02001953125,-0.63,17.04,BAJO,,21.28,,,,,,,,,,,,YAHOO,0.8174,0.5344,1.0061,0.060917,4.4683,-0.6451,82.09,,999,,,none,,,,,,,,,,-1.8601,-2.5233,-0.5987,4.4982,4.1759,11.3022,537.4644,542.3603,542.3603,-3.1099,-3.9845,-3.9845
IWM,287.70001220703125,287.7,2026-09-10,False,287.17999267578125,289.8299865722656,-1.01,23.3,BAJO,,17.11,,1.33,,,,,,,,,,YAHOO,0.8174,0.5344,1.0061,0.060917,4.4683,-0.6451,82.09,,999,,,none,,,,,,,,,,-2.1462,-3.7567,-1.9695,2.2458,11.3918,13.8893,305.09,305.09,305.09,-5.7,-5.7,-5.7
GLD,396.3599853515625,396.36,2026-09-10,False,395.45001220703125,401.1499938964844,-1.73,20.98,BAJO,,,,2.37,,,,,,,,,,YAHOO,0.8174,0.5344,1.0061,0.060917,4.4683,-0.6451,82.09,,999,,,none,,,,,,,,,,-1.5939,-5.9242,7.9618,5.8145,19.7653,25.2691,428.07,428.07,495.9,-7.4077,-7.4077,-20.0726
SLV,57.5,57.5,2026-09-10,False,57.380001068115234,58.72999954223633,-5.3,54.73,BAJO,,,,,,,,,,,,,,YAHOO,0.8174,0.5344,1.0061,0.060917,4.4683,-0.6451,82.09,,999,,,none,,,,,,,,,,-2.6579,-6.6407,10.2377,-0.2775,49.4362,42.2094,62.77,63.39,105.6,-8.3957,-9.2917,-45.5492
XLY,111.95999908447266,111.96,2026-09-10,False,111.0199966430664,112.6500015258789,-0.44,-2.37,BAJO,,24.58,,,,,,,,,,,,YAHOO,0.8174,0.5344,1.0061,0.060917,4.4683,-0.6451,82.09,,999,,,none,,,,,,,,,,-2.5248,-4.4384,-3.516,-1.1516,6.9388,21.0428,118.59,119.86,124.0232,-5.5907,-6.591,-9.7266
XLV,165.66000366210938,165.66,2026-09-10,False,165.5800018310547,167.0800018310547,-0.55,23.21,BAJO,,29.76,,,,,,,,,,,,YAHOO,0.8174,0.5344,1.0061,0.060917,4.4683,-0.6451,82.09,,999,,,none,,,,,,,,,,-4.2151,-4.5407,2.633,8.8587,15.6408,19.8258,175.68,175.68,175.68,-5.7035,-5.7035,-5.7035
XLRE,43.04999923706055,43.05,2026-09-10,False,42.939998626708984,43.61000061035156,-0.83,7.27,BAJO,,30.94,,,,,,,,,,,,YAHOO,0.8174,0.5344,1.0061,0.060917,4.4683,-0.6451,82.09,,999,,,none,,,,,,,,,,-1.555,-4.5243,-3.6913,-3.4736,7.0311,14.8712,45.36,46.01,46.01,-5.0926,-6.4334,-6.4334
XLK,185.22000122070312,185.22,2026-09-10,False,184.57000732421875,186.52000427246094,-1.41,39.96,BAJO,,33.26,,,,,,,,,,,,YAHOO,0.8174,0.5344,1.0061,0.060917,4.4683,-0.6451,82.09,,999,,,none,,,,,,,,,,0.8824,1.3017,2.1734,4.9883,14.6265,29.9047,190.77,192.15,197.974,-2.9093,-3.6066,-6.4422
XLI,170.5500030517578,170.55,2026-09-10,False,170.0,171.67999267578125,-0.72,15.63,BAJO,,27.89,,1.75,,,,,,,,,,YAHOO,0.8174,0.5344,1.0061,0.060917,4.4683,-0.6451,82.09,,999,,,none,,,,,,,,,,-1.2907,-5.4286,-5.4444,0.7719,12.512,16.4384,186.51,186.51,186.51,-8.5572,-8.5572,-8.5572
XLF,56.869998931884766,56.87,2026-09-10,False,56.689998626708984,57.11000061035156,-0.33,9.47,BAJO,,16.18,,1.68,,,,,,,,,,YAHOO,0.8174,0.5344,1.0061,0.060917,4.4683,-0.6451,82.09,,999,,,none,,,,,,,,,,-1.3701,-2.3859,1.4268,9.2652,7.5357,12.8063,58.56,58.56,58.56,-2.8859,-2.8859,-2.8859
XLE,64.93000030517578,64.93,2026-09-10,False,64.33999633789062,66.16999816894531,-0.58,52.81,BAJO,,18.12,,1.25,,,,,,,,,,YAHOO,0.8174,0.5344,1.0061,0.060917,4.4683,-0.6451,82.09,,999,,,none,,,,,,,,,,-0.2611,4.0045,14.4343,12.2717,15.7474,20.8006,65.31,65.31,65.31,-0.5818,-0.5818,-0.5818
XLC,111.5,111.5,2026-09-10,False,110.37000274658203,111.8949966430664,0.6,-0.41,BAJO,,15.29,,,,,,,,,,,,YAHOO,0.8174,0.5344,1.0061,0.060917,4.4683,-0.6451,82.09,,999,,,none,,,,,,,,,,-0.8184,-0.9857,-0.0806,0.7027,11.8944,20.3629,113.38,113.38,119.3874,-1.6581,-1.6581,-6.6066
XLB,50.7599983215332,50.76,2026-09-10,False,50.58000183105469,51.04999923706055,-1.23,14.2,BAJO,,23.98,,0.65,,,,,,,,,,YAHOO,0.8174,0.5344,1.0061,0.060917,4.4683,-0.6451,82.09,,999,,,none,,,,,,,,,,-4.136,-5.422,0.3559,2.7214,6.1175,17.6485,53.67,53.67,53.67,-5.422,-5.422,-5.422
XLP,83.08999633789062,83.09,2026-09-10,False,83.05999755859375,83.80999755859375,0.05,8.54,BAJO,,24.57,,1.22,,,,,,,,,,YAHOO,0.8174,0.5344,1.0061,0.060917,4.4683,-0.6451,82.09,,999,,,none,,,,,,,,,,-2.8528,-3.6861,-1.7733,-2.133,8.0086,17.2055,87.45,87.45,88.8894,-4.9857,-4.9857,-6.5243
XLU,42.52000045776367,42.52,2026-09-10,False,42.5099983215332,43.25,-0.98,5.33,BAJO,,19.33,,0.67,,,,,,,,,,YAHOO,0.8174,0.5344,1.0061,0.060917,4.4683,-0.6451,82.09,,999,,,none,,,,,,,,,,-0.3515,-2.2753,-6.9991,-2.7466,15.1692,14.607,44.31,46.29,47.0979,-4.0397,-8.1443,-9.7199
PSQ,26.15999984741211,26.16,2026-09-10,False,26.030000686645508,26.219999313354492,1.12,-13.02,BAJO,,,,,,,,,,,,,,YAHOO,0.8174,0.5344,1.0061,0.060917,4.4683,-0.6451,82.09,,999,,,none,,,,,,,,,,0.1915,0.6154,0.887,-1.8155,8.5674,21.8037,26.18,27.91,33.0172,-0.0764,-6.2702,-20.7685
EWZ,38.560001373291016,38.56,2026-09-10,False,37.61000061035156,38.84000015258789,1.29,36.66,BAJO,,11.07,,1.04,,,,,,,,,,YAHOO,0.8174,0.5344,1.0061,0.060917,4.4683,-0.6451,82.09,,999,,,none,,,,,,,,,,1.2339,7.9507,8.9573,15.2371,25.4343,22.2168,38.61,38.61,41.3365,-0.1295,-0.1295,-6.7168
FXI,34.349998474121094,34.35,2026-09-10,False,34.33000183105469,34.529998779296875,-0.58,-11.55,BAJO,,9.15,,,,,,,,,,,,YAHOO,0.8174,0.5344,1.0061,0.060917,4.4683,-0.6451,82.09,,999,,,none,,,,,,,,,,-3.3483,-3.3755,2.7213,-0.4089,26.5528,18.7002,35.88,36.52,40.9939,-4.2642,-5.942,-16.207
COPX,88.61000061035156,88.61,2026-09-10,False,88.19999694824219,89.69999694824219,-6.99,74.27,BAJO,,17.52,,,,,,,,,,,,YAHOO,0.8174,0.5344,1.0061,0.060917,4.4683,-0.6451,82.09,,999,,,none,,,,,,,,,,-1.4349,-7.2535,19.1796,14.7981,74.0819,45.464,96.45,96.45,96.45,-8.1286,-8.1286,-8.1286
URA,45.0,45.0,2026-09-10,False,44.849998474121094,46.0,-3.97,13.12,BAJO,,29.51,,,,,,,,,,,,YAHOO,0.8174,0.5344,1.0061,0.060917,4.4683,-0.6451,82.09,,999,,,none,,,,,,,,,,1.5343,-6.3476,10.5108,6.2574,48.0392,43.2873,48.37,48.37,61.81,-6.9671,-6.9671,-27.1962
ARKK,83.05999755859375,83.06,2026-09-10,False,82.41999816894531,84.27999877929688,-1.77,8.66,BAJO,,54.58,,,,,,,,,,,,YAHOO,0.8174,0.5344,1.0061,0.060917,4.4683,-0.6451,82.09,,999,,,none,,,,,,,,,,-0.3957,-3.1709,6.1605,13.7652,12.1122,37.2054,87.38,87.38,92.53,-4.9439,-4.9439,-10.2345
ITA,218.32000732421875,218.32,2026-09-10,False,217.4600067138672,220.75999450683594,-0.51,12.25,BAJO,,33.31,,,,,,,,,,,,YAHOO,0.8174,0.5344,1.0061,0.060917,4.4683,-0.6451,82.09,,999,,,none,,,,,,,,,,-2.2608,-7.6402,-7.1176,-2.8446,11.3714,21.7794,253.22,253.22,253.22,-13.7825,-13.7825,-13.7825
SMH,560.280029296875,560.28,2026-09-10,False,557.0900268554688,565.1500244140625,-2.44,87.5,BAJO,,39.22,,,,,,,,,,,,YAHOO,0.8174,0.5344,1.0061,0.060917,4.4683,-0.6451,82.09,,999,,,none,,,,,,,,,,1.7803,0.8115,-4.327,-1.8619,33.848,46.4168,594.07,668.91,668.91,-5.6879,-16.2398,-16.2398
EEM,67.0,67.0,2026-09-10,False,66.95999908447266,67.51000213623047,-2.16,33.22,BAJO,,14.57,,,,,,,,,,,,YAHOO,0.8174,0.5344,1.0061,0.060917,4.4683,-0.6451,82.09,,999,,,none,,,,,,,,,,-0.2234,-0.2531,3.876,4.1575,26.214,27.5845,68.83,71.21,71.21,-2.6587,-5.9121,-5.9121
AAPL,326.57000732421875,326.57,2026-09-10,False,316.510009765625,326.739990234375,3.56,45.07,BAJO,4602128760832.0,36.12,32.92,42.85,148.75,27.08,32.62,27.62,2.34,27.53,0.78,1.0,8.0,YAHOO,0.8174,0.5344,1.0061,0.060917,4.4683,-0.6451,82.09,2026-10-29,49,,,yahoo,1.0,1.0,1.0,0.0,1.0,1.0,1.0,1.0,1.0,0.4955,4.1857,3.007,12.0967,41.3921,32.3602,328.21,339.7869,339.7869,-0.4997,-3.8898,-3.8898
MSFT,492.44000244140625,492.44,2026-09-10,False,486.0,494.5199890136719,0.16,1.68,BAJO,3650769387520.0,27.42,20.86,8.25,34.04,14.09,45.11,40.3,0.45,19.06,0.29,1.23,6.0,YAHOO,0.8174,0.5344,1.0061,0.060917,4.4683,-0.6451,82.09,2026-10-28,48,,,yahoo,1.0,1.0,1.0,1.0,1.0,0.0,1.0,0.0,0.0,-0.8816,-0.7917,26.1841,24.1612,15.003,44.1074,513.53,513.53,537.6464,-4.1069,-4.1069,-8.4082
NVDA,218.36000061035156,218.36,2026-09-10,False,217.1999969482422,220.99000549316406,-2.26,26.12,BAJO,5400959123456.0,28.31,14.41,23.59,117.21,53.57,66.24,63.66,0.77,26.91,0.17,4.59,4.0,YAHOO,0.8174,0.5344,1.0061,0.060917,4.4683,-0.6451,82.09,2026-11-17,68,2026-08-26,15.0,yahoo,1.0,0.0,1.0,0.0,1.0,0.0,1.0,0.0,0.0,-2.5871,4.2661,7.4064,9.0731,22.3892,40.6565,230.1025,230.1025,235.2024,-5.1032,-5.1032,-7.1608
META,644.3800048828125,644.38,2026-09-10,False,642.1400146484375,663.5,-1.42,-11.33,BAJO,1665279328256.0,24.61,18.7,6.38,29.85,14.59,34.83,29.83,1.29,15.39,0.43,2.23,5.0,YAHOO,0.8174,0.5344,1.0061,0.060917,4.4683,-0.6451,82.09,2026-10-28,48,,,yahoo,1.0,0.0,1.0,1.0,0.0,0.0,1.0,1.0,0.0,8.6919,11.8443,-1.8805,12.9597,56.8273,47.4384,653.69,681.31,777.7011,-1.4242,-5.4204,-17.143
GOOGL,332.6000061035156,332.6,2026-09-10,False,327.739990234375,333.2300109863281,0.59,41.31,BAJO,4043827838976.0,16.59,22.26,6.5,48.68,12.96,34.03,54.77,0.56,22.75,0.19,2.72,6.0,YAHOO,0.8174,0.5344,1.0061,0.060917,4.4683,-0.6451,82.09,2026-10-28,48,,,yahoo,1.0,0.0,1.0,1.0,0.0,1.0,1.0,1.0,0.0,-1.2774,-2.686,-5.5874,-6.6127,20.0236,36.5061,347.8364,377.4074,402.1212,-4.3803,-11.8724,-17.2886
AMZN,251.88999938964844,251.89,2026-09-10,False,249.5800018310547,253.14999389648438,-0.2,12.12,BAJO,2722465316864.0,20.29,24.27,4.93,30.56,6.59,13.69,17.44,0.12,16.88,0.46,1.03,6.0,YAHOO,0.8174,0.5344,1.0061,0.060917,4.4683,-0.6451,82.09,2026-10-29,49,,,yahoo,1.0,1.0,1.0,1.0,1.0,0.0,0.0,1.0,0.0,-1.2119,-3.2235,1.8519,5.8361,12.0279,44.5904,266.43,284.02,284.02,-5.4573,-11.3126,-11.3126
TSLA,363.55999755859375,363.56,2026-09-10,False,357.67999267578125,369.2099914550781,-1.16,1.15,BAJO,1452683034624.0,343.75,170.39,16.72,4.67,1.93,1.41,3.67,0.33,132.58,0.18,1.94,5.0,YAHOO,0.8174,0.5344,1.0061,0.060917,4.4683,-0.6451,82.09,2026-10-21,41,,,yahoo,1.0,0.0,1.0,1.0,0.0,1.0,0.0,1.0,0.0,1.8347,5.1298,-7.9035,-4.725,64.5977,57.7711,376.37,425.3,489.88,-3.4036,-14.5168,-25.7859
MSTR,128.55999755859375,128.56,2026-09-10,False,126.91000366210938,131.8800048828125,-3.12,-57.99,BAJO,52719276032.0,,2.68,1.6,-63.56,-38.73,-6808.11,0.0,-42.84,-1.96,0.15,5.39,3.0,YAHOO,0.8174,0.5344,1.0061,0.060917,4.4683,-0.6451,82.09,2026-10-29,49,,,yahoo,0.0,0.0,0.0,1.0,1.0,1.0,0.0,0.0,0.0,4.3591,4.3591,39.5874,11.4521,19.5809,89.2888,144.82,144.82,359.69,-11.2277,-11.2277,-64.2581
PLTR,165.86000061035156,165.86,2026-09-10,False,164.5500030517578,169.0,-2.16,3.49,BAJO,407390486528.0,143.67,72.89,41.67,38.1,17.29,47.12,49.01,0.53,149.59,0.02,7.23,8.0,YAHOO,0.8174,0.5344,1.0061,0.060917,4.4683,-0.6451,82.09,2026-11-02,53,,,yahoo,1.0,1.0,1.0,1.0,1.0,1.0,0.0,1.0,1.0,-2.1244,-6.5577,27.5454,27.3788,26.2889,82.6725,186.38,186.38,207.18,-11.0098,-11.0098,-19.944
SNOW,329.7200012207031,329.72,2026-09-10,False,325.010009765625,341.45001220703125,-0.53,49.43,BAJO,116946149376.0,,111.02,54.35,-48.06,-9.02,-17.0,-20.07,1.49,-114.5,1.29,0.94,5.0,YAHOO,0.8174,0.5344,1.0061,0.060917,4.4683,-0.6451,82.09,2026-12-02,83,2026-09-02,8.0,yahoo,0.0,0.0,1.0,1.0,1.0,0.0,0.0,1.0,1.0,7.808,4.5502,22.7322,37.4406,37.4105,52.6379,356.47,356.47,356.47,-7.5041,-7.5041,-7.5041
CRWD,208.86000061035156,208.86,2026-09-10,False,204.27000427246094,214.67999267578125,0.51,95.35,BAJO,212773666816.0,5195.0,129.51,41.7,1.46,-0.78,-2.26,0.83,0.94,1973.51,0.16,1.57,4.0,YAHOO,0.8174,0.5344,1.0061,0.060917,4.4683,-0.6451,82.09,2026-12-01,82,2026-08-26,15.0,yahoo,0.0,0.0,1.0,1.0,1.0,1.0,0.0,0.0,0.0,2.6743,10.4028,11.149,28.9777,13.5174,68.8814,231.0,231.0,231.0,-9.5844,-9.5844,-9.5844
PANW,338.489990234375,338.49,2026-09-10,False,330.29998779296875,344.7900085449219,1.01,73.25,BAJO,273106501632.0,291.39,68.69,9.85,1.74,1.75,5.04,2.67,1.64,147.63,0.09,0.87,5.0,YAHOO,0.8174,0.5344,1.0061,0.060917,4.4683,-0.6451,82.09,2026-11-19,70,2026-09-01,9.0,yahoo,1.0,0.0,1.0,1.0,1.0,1.0,0.0,0.0,0.0,3.0474,-0.2417,2.4796,28.5958,12.1965,58.3228,396.0,396.0,396.0,-14.5227,-14.5227,-14.5227
ADBE,248.8300018310547,248.83,2026-09-10,False,247.19000244140625,255.0,-2.37,-26.44,BAJO,101306851328.0,14.59,9.27,8.83,62.95,19.93,35.33,28.69,9.1,10.56,0.61,0.75,7.0,YAHOO,0.8174,0.5344,1.0061,0.060917,4.4683,-0.6451,82.09,2026-09-10,0,,,yahoo,1.0,1.0,1.0,1.0,0.0,0.0,1.0,1.0,1.0,-11.0654,-9.0101,7.9008,6.6201,39.1731,48.7032,292.79,292.79,367.46,-15.0142,-15.0142,-32.2838
CRM,243.0,243.0,2026-09-10,False,241.75,248.5,-0.48,2.08,BAJO,200943681536.0,22.38,15.25,5.24,19.38,5.7,21.38,21.99,8.82,17.98,1.1,0.84,7.0,YAHOO,0.8174,0.5344,1.0061,0.060917,4.4683,-0.6451,82.09,2026-12-02,83,2026-08-26,15.0,yahoo,1.0,1.0,1.0,1.0,0.0,0.0,1.0,1.0,1.0,-5.4217,18.1792,41.9227,42.5387,22.2789,62.7916,264.43,264.43,264.8822,-8.1042,-8.1042,-8.2611
MU,977.4099731445312,977.41,2026-09-10,False,973.5,999.0,-4.9,552.76,BAJO,1160756461568.0,23.25,6.63,11.52,66.64,34.87,80.37,55.91,0.66,16.27,0.06,3.42,7.0,YAHOO,0.8174,0.5344,1.0061,0.060917,4.4683,-0.6451,82.09,2026-09-30,20,,,yahoo,1.0,1.0,1.0,1.0,1.0,0.0,0.0,1.0,1.0,2.231,4.1571,4.3127,9.6067,76.6646,93.6014,1027.77,1213.3734,1213.3734,-4.8999,-19.4469,-19.4469
INTC,100.31999969482422,100.32,2026-09-10,False,99.33999633789062,103.2300033569336,-5.57,310.22,BAJO,561595809792.0,,52.01,6.12,-10.71,1.41,12.19,-19.79,0.87,33.98,0.49,1.6,6.0,YAHOO,0.8174,0.5344,1.0061,0.060917,4.4683,-0.6451,82.09,2026-10-22,42,,,yahoo,0.0,1.0,1.0,1.0,1.0,1.0,0.0,1.0,0.0,11.4048,13.6899,-2.7153,-6.278,97.3018,76.0393,106.24,140.94,140.94,-5.5723,-28.8208,-28.8208
AMAT,454.010009765625,454.01,2026-09-10,False,450.55999755859375,460.8599853515625,-3.17,170.88,BAJO,372078149632.0,40.49,25.38,14.52,41.07,15.48,33.74,30.05,0.83,36.76,0.29,2.42,6.0,YAHOO,0.8174,0.5344,1.0061,0.060917,4.4683,-0.6451,82.09,2026-11-12,63,2026-08-13,28.0,yahoo,1.0,0.0,1.0,1.0,0.0,1.0,1.0,1.0,0.0,3.5465,-5.3673,-21.0109,-8.5541,58.3419,80.0497,534.7382,722.2277,722.2277,-15.0968,-37.1376,-37.1376
TXN,258.82000732421875,258.82,2026-09-10,False,255.82000732421875,261.7200012207031,-1.06,46.61,BAJO,238896463872.0,39.76,24.57,13.26,35.18,13.06,42.58,31.11,1.48,25.58,0.78,4.86,7.0,YAHOO,0.8174,0.5344,1.0061,0.060917,4.4683,-0.6451,82.09,2026-10-27,47,,,yahoo,1.0,1.0,1.0,1.0,0.0,1.0,1.0,0.0,1.0,1.5777,-1.1269,-12.8696,-7.7532,19.5355,44.4056,282.91,330.5874,330.5874,-8.5151,-21.709,-21.709
TSM,428.0299987792969,428.03,2026-09-10,False,424.04998779296875,432.5299987792969,-1.68,69.73,BAJO,2257983111168.0,32.2,19.86,89.09,39.97,19.0,60.34,49.92,32.37,4.99,0.17,2.46,9.0,YAHOO,0.8174,0.5344,1.0061,0.060917,4.4683,-0.6451,82.09,2026-10-15,35,,,yahoo,1.0,1.0,1.0,1.0,1.0,1.0,1.0,1.0,1.0,3.0156,2.4755,1.53,4.962,35.9505,44.6048,439.0,477.57,477.57,-2.4989,-10.3734,-10.3734
AMD,503.6000061035156,503.6,2026-09-10,False,502.80999755859375,516.3300170898438,-3.36,226.08,BAJO,850674515968.0,132.26,33.59,12.65,10.2,5.13,17.25,15.58,1.04,88.04,0.06,2.61,7.0,YAHOO,0.8174,0.5344,1.0061,0.060917,4.4683,-0.6451,82.09,2026-11-03,54,,,yahoo,1.0,1.0,1.0,1.0,0.0,1.0,0.0,1.0,1.0,10.1825,4.7138,-5.7617,11.3174,65.4212,69.2917,521.1,580.91,580.91,-3.3583,-13.3084,-13.3084
ASML,1687.4300537109375,1687.4301,2026-09-10,False,1681.5799560546875,1716.6300048828125,-2.43,113.8,BAJO,664308613120.0,58.69,28.76,1454.34,53.94,16.45,37.06,30.11,1.27,2735.72,0.09,1.33,8.0,YAHOO,0.8174,0.5344,1.0061,0.060917,4.4683,-0.6451,82.09,2026-10-14,34,,,yahoo,1.0,1.0,1.0,1.0,1.0,0.0,1.0,1.0,1.0,0.3049,-3.3346,-2.1105,-2.5705,53.5004,49.2931,1883.12,1986.8704,1986.8704,-10.3918,-15.071,-15.071
MRVL,226.9600067138672,226.96,2026-09-10,False,226.14999389648438,234.49000549316406,-3.43,244.14,BAJO,211204571136.0,77.82,34.97,11.3,16.52,4.12,16.68,27.93,1.14,72.78,0.29,3.17,8.0,YAHOO,0.8174,0.5344,1.0061,0.060917,4.4683,-0.6451,82.09,2026-12-01,82,2026-08-27,14.0,yahoo,1.0,1.0,1.0,0.0,1.0,1.0,1.0,1.0,1.0,9.9186,-7.4048,4.335,-10.1247,71.737,88.7047,251.01,310.5034,316.352,-9.5813,-26.9058,-28.2571
QCOM,176.8800048828125,176.88,2026-09-10,False,171.0,182.39999389648438,0.27,14.37,BAJO,188405858304.0,20.14,17.26,6.74,33.75,11.61,18.53,21.01,5.44,16.02,0.55,2.02,6.0,YAHOO,0.8174,0.5344,1.0061,0.060917,4.4683,-0.6451,82.09,2026-10-29,49,,,yahoo,1.0,0.0,1.0,1.0,0.0,1.0,1.0,0.0,1.0,4.638,8.6261,-3.3359,-6.986,22.3882,47.4161,176.88,224.886,248.7425,0.0,-21.3468,-28.8903
COIN,172.27999877929688,172.28,2026-09-10,False,170.38999938964844,174.4600067138672,-1.4,-44.24,BAJO,46097588224.0,,63.82,3.52,-7.85,1.12,-13.92,-16.34,5.79,62.86,0.51,2.42,4.0,YAHOO,0.8174,0.5344,1.0061,0.060917,4.4683,-0.6451,82.09,2026-10-29,49,,,yahoo,1.0,0.0,1.0,1.0,0.0,1.0,0.0,0.0,0.0,-1.5318,-5.2261,9.4745,11.8919,18.6738,72.1609,192.7,192.7,387.27,-10.5968,-10.5968,-55.5142
SHOP,126.5999984741211,126.6,2026-09-10,False,124.02999877929688,128.99000549316406,-0.15,-10.13,BAJO,164529635328.0,85.67,51.55,12.89,15.54,10.19,17.55,14.53,0.97,70.05,0.01,5.35,5.0,YAHOO,0.8174,0.5344,1.0061,0.060917,4.4683,-0.6451,82.09,2026-11-03,54,,,yahoo,1.0,0.0,1.0,1.0,0.0,1.0,0.0,0.0,1.0,-10.7634,-15.7629,1.4911,17.0055,58.2296,64.1452,158.53,158.53,179.01,-20.1413,-20.1413,-29.2777
RBLX,44.880001068115234,44.88,2026-09-10,False,44.11000061035156,45.77000045776367,0.81,-63.67,BAJO,31804016640.0,,-36.85,209.01,-432.28,-7.73,-13.27,-17.61,4.64,-36.28,14.23,0.82,6.0,YAHOO,0.8174,0.5344,1.0061,0.060917,4.4683,-0.6451,82.09,2026-10-29,49,,,yahoo,0.0,1.0,1.0,1.0,1.0,0.0,0.0,1.0,1.0,8.9056,19.4888,-18.4445,8.1446,36.9031,81.4151,44.88,57.95,141.56,0.0,-22.5539,-68.2961
UBER,72.55999755859375,72.56,2026-09-10,False,69.23999786376953,73.4800033569336,2.08,-20.79,BAJO,145185177600.0,15.59,16.14,5.31,37.16,6.88,13.32,17.34,4.99,20.82,0.52,0.84,6.0,YAHOO,0.8174,0.5344,1.0061,0.060917,4.4683,-0.6451,82.09,2026-11-03,54,,,yahoo,1.0,0.0,1.0,1.0,0.0,1.0,1.0,1.0,0.0,-5.0883,-7.5551,-2.2893,5.7572,40.3166,41.9092,80.35,80.35,100.1,-9.6951,-9.6951,-27.5125
HPQ,32.72999954223633,32.73,2026-09-10,False,31.729999542236328,33.16999816894531,1.05,23.95,BAJO,29209010176.0,12.36,10.31,-317.55,,5.63,5.4,4.14,11.61,7.39,,0.79,5.0,YAHOO,0.8174,0.5344,1.0061,0.060917,4.4683,-0.6451,82.09,2026-11-24,75,2026-08-26,15.0,yahoo,1.0,0.0,1.0,1.0,0.0,1.0,1.0,0.0,0.0,3.3075,8.2833,33.4198,33.8521,62.9423,46.8311,32.73,32.73,32.73,0.0,0.0,0.0
BIDU,90.58999633789062,90.59,2026-09-10,False,89.81999969482422,91.22000122070312,-1.56,-16.41,BAJO,31427338240.0,,11.9,0.77,-1.39,1.2,9.65,-2.9,,0.06,0.38,2.33,2.0,YAHOO,0.8174,0.5344,1.0061,0.060917,4.4683,-0.6451,82.09,2026-11-18,69,2026-08-18,23.0,yahoo,1.0,0.0,0.0,0.0,0.0,0.0,1.0,0.0,0.0,-3.975,-2.863,-20.1076,-22.889,71.841,46.2446,104.68,117.94,162.52,-13.4601,-23.1898,-44.2592
SPOT,521.72998046875,521.73,2026-09-10,False,507.8299865722656,530.3699951171875,-0.24,-21.84,BAJO,107520540672.0,28.27,28.99,10.98,44.48,12.19,13.71,18.43,1.43,37.65,0.06,2.11,5.0,YAHOO,0.8174,0.5344,1.0061,0.060917,4.4683,-0.6451,82.09,2026-11-03,54,,,yahoo,1.0,1.0,1.0,1.0,0.0,0.0,0.0,1.0,0.0,-6.7273,-5.1452,8.73,3.703,21.1875,38.2057,560.11,560.11,738.53,-6.8522,-6.8522,-29.3556
AVGO,360.8299865722656,360.83,2026-09-10,False,357.75,365.2699890136719,-0.97,3.65,BAJO,1733567184896.0,46.42,18.8,17.42,44.25,15.3,54.31,42.94,1.76,34.04,0.6,2.5,8.0,YAHOO,0.8174,0.5344,1.0061,0.060917,4.4683,-0.6451,82.09,2026-12-09,90,2026-09-02,8.0,yahoo,1.0,1.0,1.0,1.0,1.0,1.0,0.0,1.0,1.0,-1.7455,1.4736,-6.0461,-2.8753,30.2028,42.59,417.82,427.76,480.8091,-13.6398,-15.6466,-24.9536
ACN,177.91000366210938,177.91,2026-09-10,False,175.49000549316406,179.38999938964844,1.2,-23.05,BAJO,107579416576.0,14.05,12.0,3.37,24.41,10.9,16.96,10.66,11.24,8.3,0.25,1.34,5.0,YAHOO,0.8174,0.5344,1.0061,0.060917,4.4683,-0.6451,82.09,2026-10-01,21,,,yahoo,1.0,0.0,1.0,1.0,0.0,1.0,1.0,0.0,0.0,-5.2057,-1.9131,28.4363,5.6007,37.2222,60.7235,193.12,193.12,282.7142,-7.8759,-7.8759,-37.0707
NFLX,76.01000213623047,76.01,2026-09-10,False,75.02999877929688,76.30000305175781,-0.03,-34.27,BAJO,316584329216.0,23.91,19.9,10.5,49.54,16.08,33.38,28.22,8.02,22.22,0.55,1.14,7.0,YAHOO,0.8174,0.5344,1.0061,0.060917,4.4683,-0.6451,82.09,2026-10-20,40,,,yahoo,1.0,1.0,1.0,0.0,1.0,0.0,1.0,1.0,1.0,-8.1228,-6.6904,2.9527,-7.3049,36.8516,37.8232,82.73,82.73,124.771,-8.1228,-8.1228,-39.0804
NIO,3.5799999237060547,3.58,2026-09-10,False,3.569999933242798,3.640000104904175,-3.24,-38.44,BAJO,9270968320.0,,28.44,14.79,-45.32,-2.02,-1.08,-4.17,,1.63,2.03,1.02,6.0,YAHOO,0.8174,0.5344,1.0061,0.060917,4.4683,-0.6451,82.09,2026-11-24,75,2026-09-01,9.0,yahoo,0.0,1.0,1.0,1.0,1.0,0.0,0.0,1.0,1.0,-7.2539,-18.0778,-27.3834,-30.888,20.1249,36.1267,4.63,5.09,7.89,-22.6782,-29.666,-54.6261
BABA,108.55999755859375,108.56,2026-09-10,False,107.72000122070312,109.19000244140625,-0.77,-26.94,BAJO,271927214080.0,24.7,11.78,1.63,6.36,1.56,7.29,7.04,-30.39,2.02,0.24,1.36,3.0,YAHOO,0.8174,0.5344,1.0061,0.060917,4.4683,-0.6451,82.09,2026-11-24,75,2026-08-20,21.0,yahoo,1.0,0.0,1.0,0.0,0.0,0.0,1.0,0.0,0.0,-2.9067,-9.405,-3.3734,-5.0468,27.1358,45.0681,130.53,132.32,187.6169,-16.8314,-17.9565,-42.1374
PDD,77.83999633789062,77.84,2026-09-10,False,77.44000244140625,78.45999908447266,-0.98,-35.51,BAJO,111893200896.0,8.48,6.33,1.66,22.75,10.01,24.71,20.43,66.7,-3.42,0.01,2.62,4.0,YAHOO,0.8174,0.5344,1.0061,0.060917,4.4683,-0.6451,82.09,2026-11-18,69,2026-08-24,17.0,yahoo,1.0,0.0,1.0,1.0,0.0,1.0,0.0,0.0,0.0,-5.3617,-10.2606,-7.947,-4.8643,24.1808,34.0973,90.2,93.0,138.13,-13.7029,-16.3011,-43.6473
SAP,205.9499969482422,205.95,2026-09-10,False,203.74000549316406,208.10000610351562,-1.53,-16.27,BAJO,241390288896.0,26.95,21.63,65.83,18.32,9.54,27.62,20.41,3.77,289.0,0.22,1.15,7.0,YAHOO,0.8174,0.5344,1.0061,0.060917,4.4683,-0.6451,82.09,2026-10-21,41,,,yahoo,1.0,1.0,1.0,1.0,1.0,1.0,0.0,0.0,1.0,-1.7836,-2.7069,28.7429,20.9336,5.8362,44.0796,221.54,221.54,275.6678,-7.0371,-7.0371,-25.2905
SE,107.69000244140625,107.69,2026-09-10,False,107.1709976196289,108.9800033569336,-0.94,-42.62,BAJO,66583195648.0,41.81,20.94,5.36,14.73,4.97,8.35,5.91,0.1,23.98,0.32,1.49,8.0,YAHOO,0.8174,0.5344,1.0061,0.060917,4.4683,-0.6451,82.09,2026-11-10,61,2026-08-11,30.0,yahoo,1.0,1.0,1.0,1.0,1.0,1.0,0.0,1.0,1.0,-4.5386,-9.5954,-2.6839,30.6283,33.9931,52.1203,123.32,131.51,196.5,-12.6743,-18.1127,-45.1959
IBM,234.02000427246094,234.02,2026-09-10,False,231.8300018310547,242.30999755859375,-2.47,-4.0,BAJO,226055733248.0,21.31,18.23,6.56,34.46,5.3,16.55,15.52,5.33,17.2,1.89,0.79,6.0,YAHOO,0.8174,0.5344,1.0061,0.060917,4.4683,-0.6451,82.09,2026-10-21,41,,,yahoo,1.0,1.0,1.0,1.0,1.0,0.0,0.0,1.0,0.0,1.0013,1.8054,-18.789,-13.4606,39.8914,63.9036,239.94,303.9496,326.8851,-2.4673,-23.007,-28.4091
ZM,95.45999908447266,95.46,2026-09-10,False,94.78500366210938,96.80000305175781,-0.75,15.21,BAJO,28063758336.0,8.93,15.18,2.83,32.14,6.11,24.61,65.19,7.04,15.65,0.01,3.83,7.0,YAHOO,0.8174,0.5344,1.0061,0.060917,4.4683,-0.6451,82.09,2026-11-24,75,2026-08-25,16.0,yahoo,1.0,1.0,1.0,1.0,1.0,0.0,1.0,1.0,0.0,-0.4173,1.7372,3.8964,1.5964,52.4944,44.6644,109.84,109.84,111.88,-13.0918,-13.0918,-14.6764
CSCO,107.44000244140625,107.44,2026-09-10,False,107.36000061035156,109.88999938964844,-1.82,64.59,BAJO,431437283328.0,32.86,19.51,8.59,27.32,7.98,27.72,20.95,2.59,23.96,0.62,0.93,7.0,YAHOO,0.8174,0.5344,1.0061,0.060917,4.4683,-0.6451,82.09,2026-11-12,63,2026-08-12,29.0,yahoo,1.0,1.0,1.0,1.0,1.0,0.0,1.0,0.0,1.0,-1.8454,-4.3788,-9.9036,-9.224,16.8405,34.1532,113.47,123.88,129.5155,-5.3142,-13.2709,-17.0447
DOCU,65.80000305175781,65.8,2026-09-10,False,63.81999969482422,65.83999633789062,2.09,-15.42,BAJO,12045861888.0,39.3,12.42,7.06,17.8,6.35,13.43,9.82,10.9,25.93,0.11,0.64,6.0,YAHOO,0.8174,0.5344,1.0061,0.060917,4.4683,-0.6451,82.09,2026-12-03,84,2026-09-03,7.0,yahoo,1.0,0.0,1.0,1.0,0.0,0.0,1.0,1.0,1.0,0.627,10.9051,31.9431,45.801,59.8891,54.6857,68.41,68.41,85.01,-3.8152,-3.8152,-22.5973
ARM,254.17999267578125,254.18,2026-09-10,False,251.2899932861328,257.9200134277344,-3.8,66.88,BAJO,282197295104.0,272.4,86.24,32.7,13.35,5.42,7.6,20.25,0.47,262.1,0.06,5.25,6.0,YAHOO,0.8174,0.5344,1.0061,0.060917,4.4683,-0.6451,82.09,2026-11-04,55,,,yahoo,1.0,0.0,1.0,1.0,0.0,1.0,0.0,1.0,1.0,8.2262,1.2427,-14.9871,-17.321,57.173,79.1595,279.44,439.46,439.46,-9.0395,-42.1608,-42.1608
GRMN,272.20001220703125,272.2,2026-09-10,False,269.7099914550781,273.55999755859375,0.01,17.29,BAJO,52490604544.0,28.12,24.73,5.82,21.89,12.17,30.44,24.47,1.99,21.95,0.03,3.03,6.0,YAHOO,0.8174,0.5344,1.0061,0.060917,4.4683,-0.6451,82.09,2026-10-28,48,,,yahoo,1.0,1.0,1.0,0.0,0.0,1.0,0.0,1.0,1.0,-1.3911,-5.8197,11.736,17.9897,9.3422,41.8277,311.93,313.16,313.16,-12.7368,-13.0796,-13.0796
MSI,463.8800048828125,463.88,2026-09-10,False,460.42999267578125,466.95001220703125,0.87,-1.74,BAJO,76108939264.0,36.24,24.07,28.48,91.57,11.25,27.35,17.44,2.6,22.63,3.58,1.1,6.0,YAHOO,0.8174,0.5344,1.0061,0.060917,4.4683,-0.6451,82.09,2026-11-05,56,,,yahoo,1.0,1.0,1.0,1.0,0.0,0.0,1.0,1.0,0.0,-3.1404,-4.8022,10.9602,13.0284,14.1197,27.3254,491.24,491.24,491.24,-5.5696,-5.5696,-5.5696
SNAP,5.519999980926514,5.52,2026-09-10,False,5.215000152587891,5.550000190734863,3.95,-21.7,BAJO,8980259840.0,,6.85,4.63,-15.58,-2.72,-2.64,-4.9,7.95,-73.48,2.19,2.94,6.0,YAHOO,0.8174,0.5344,1.0061,0.060917,4.4683,-0.6451,82.09,2026-11-04,55,,,yahoo,0.0,1.0,1.0,1.0,1.0,0.0,0.0,1.0,1.0,-1.2522,1.845,18.4549,2.6022,54.2672,62.5655,5.92,5.92,9.09,-6.7568,-6.7568,-39.2739
PINS,18.780000686645508,18.78,2026-09-10,False,18.045000076293945,18.920000076293945,2.74,-43.7,BAJO,10352202752.0,53.76,7.6,3.57,6.46,3.51,-3.46,5.46,11.56,35.78,0.41,3.81,6.0,YAHOO,0.8174,0.5344,1.0061,0.060917,4.4683,-0.6451,82.09,2026-11-09,60,,,yahoo,1.0,0.0,1.0,1.0,0.0,0.0,1.0,1.0,1.0,-11.4986,-19.4337,-16.9027,-13.7345,79.0491,49.7395,24.06,25.58,36.49,-21.9451,-26.5833,-48.5338
EA,209.6999969482422,209.7,2026-08-10,False,209.6999969482422,209.6999969482422,0.0,2.96,BAJO,52925640704.0,59.74,21.72,7.77,16.46,7.23,25.88,13.8,3.2,30.36,0.26,1.21,6.0,YAHOO,0.8174,0.5344,1.0061,0.060917,4.4683,-0.6451,82.09,2026-11-03,54,,,yahoo,1.0,0.0,1.0,1.0,1.0,1.0,1.0,0.0,0.0,0.383,,,,0.0,,,,,,,
PATH,13.869999885559082,13.87,2026-09-10,False,13.25,14.09000015258789,2.21,21.23,BAJO,7072078848.0,20.25,14.73,3.62,20.03,3.67,9.12,21.03,6.85,32.81,0.04,2.39,8.0,YAHOO,0.8174,0.5344,1.0061,0.060917,4.4683,-0.6451,82.09,2026-12-02,83,2026-09-03,7.0,yahoo,1.0,1.0,1.0,1.0,1.0,0.0,1.0,1.0,1.0,-22.9016,-17.2434,17.0464,29.0233,126.7567,70.1538,18.67,18.67,19.29,-25.7097,-25.7097,-28.0975
VZ,49.970001220703125,49.97,2026-09-10,False,49.779998779296875,50.61000061035156,0.46,23.52,BAJO,206658535424.0,12.95,9.42,1.99,15.84,5.05,23.0,11.64,8.45,7.83,1.84,0.6,4.0,YAHOO,0.8174,0.5344,1.0061,0.060917,4.4683,-0.6451,82.09,2026-10-20,40,,,yahoo,1.0,0.0,1.0,1.0,0.0,1.0,0.0,0.0,0.0,-0.4978,-0.4383,17.0806,8.2467,15.0342,26.6486,50.59,50.59,50.59,-1.2255,-1.2255,-1.2255
T,25.549999237060547,25.55,2026-09-10,False,25.200000762939453,25.770000457763672,1.59,-6.7,BAJO,172337496064.0,8.3,9.81,1.57,18.34,4.16,24.79,16.94,5.88,7.6,1.29,0.97,6.0,YAHOO,0.8174,0.5344,1.0061,0.060917,4.4683,-0.6451,82.09,2026-10-21,41,,,yahoo,1.0,1.0,1.0,1.0,0.0,1.0,1.0,0.0,0.0,-1.5414,-1.237,18.5615,11.5558,25.9827,29.4974,26.19,26.19,28.4181,-2.4437,-2.4437,-10.0924
AMX,22.81999969482422,22.82,2026-09-10,False,22.700000762939453,23.049999237060547,-1.21,16.73,BAJO,69107924992.0,13.12,11.08,3.12,21.58,6.36,21.49,9.37,221.74,2.36,1.58,0.71,9.0,YAHOO,0.8174,0.5344,1.0061,0.060917,4.4683,-0.6451,82.09,2026-10-13,33,,,yahoo,1.0,1.0,1.0,1.0,1.0,1.0,1.0,1.0,1.0,-0.2622,-3.387,-11.2822,-9.189,11.8001,18.118,23.8,26.4631,27.4216,-4.1176,-13.7668,-16.7811
TCOM,38.70000076293945,38.7,2026-09-10,False,38.66999816894531,39.400001525878906,-1.25,-45.71,BAJO,24678146048.0,5.81,9.28,1.04,20.14,3.95,24.34,48.65,,-1.33,0.19,1.53,7.0,YAHOO,0.8174,0.5344,1.0061,0.060917,4.4683,-0.6451,82.09,2026-09-15,5,2026-08-31,10.0,yahoo,1.0,1.0,1.0,0.0,1.0,1.0,1.0,0.0,1.0,-11.2996,-14.2667,-8.6402,-19.3246,16.8242,39.4444,46.51,47.3,78.96,-16.7921,-18.1818,-50.9878
TRIP,8.829999923706055,8.83,2026-09-10,False,8.40999984741211,8.899999618530273,0.11,-48.09,BAJO,1026305472.0,,8.21,1.54,-0.23,1.92,9.44,0.27,-9.89,9.87,1.35,1.56,7.0,YAHOO,0.8174,0.5344,1.0061,0.060917,4.4683,-0.6451,82.09,2026-11-05,56,,,yahoo,1.0,1.0,1.0,1.0,1.0,0.0,1.0,0.0,1.0,-8.1165,-10.537,-38.6806,-23.6819,28.0866,68.5955,10.97,14.93,19.14,-19.5078,-40.8573,-53.8662
ABNB,167.64999389648438,167.65,2026-09-10,False,165.8300018310547,170.1300048828125,-1.17,38.82,BAJO,101572018176.0,38.73,27.58,12.83,34.54,6.14,21.01,20.45,3.16,33.8,0.32,1.41,5.0,YAHOO,0.8174,0.5344,1.0061,0.060917,4.4683,-0.6451,82.09,2026-11-05,56,,,yahoo,1.0,0.0,1.0,1.0,0.0,0.0,1.0,0.0,1.0,-8.518,-10.8577,14.5698,29.8606,20.1476,48.4375,190.5,190.5,190.5,-11.9948,-11.9948,-11.9948
ORCL,152.94000244140625,152.94,2026-09-10,False,152.52000427246094,159.24000549316406,-5.38,-47.18,BAJO,465570562048.0,27.72,14.74,12.39,53.38,6.5,36.2,25.37,-5.27,19.89,3.89,1.11,5.0,YAHOO,0.8174,0.5344,1.0061,0.060917,4.4683,-0.6451,82.09,2026-09-10,0,,,yahoo,1.0,0.0,1.0,1.0,1.0,1.0,0.0,0.0,0.0,4.9331,2.7339,16.2688,-23.7444,60.9072,56.5209,162.52,187.6771,324.63,-5.8947,-18.509,-52.8879
TMUS,177.16000366210938,177.16,2026-09-10,False,174.64999389648438,179.22999572753906,-0.1,-22.48,BAJO,190227578880.0,18.55,12.28,3.39,17.99,5.97,25.22,11.46,5.96,8.96,2.14,0.92,6.0,YAHOO,0.8174,0.5344,1.0061,0.060917,4.4683,-0.6451,82.09,2026-10-22,42,,,yahoo,1.0,0.0,1.0,1.0,0.0,1.0,1.0,0.0,1.0,-5.4138,-0.7948,-5.4283,-3.9706,27.6786,40.2787,188.02,194.5173,236.7193,-5.776,-8.9233,-25.1603
ANET,188.99000549316406,188.99,2026-09-10,False,187.89300537109375,193.0399932861328,-2.04,26.07,BAJO,243328073728.0,61.05,37.39,16.44,31.48,14.12,45.39,38.37,1.6,49.57,,2.96,4.0,YAHOO,0.8174,0.5344,1.0061,0.060917,4.4683,-0.6451,82.09,2026-11-03,54,,,yahoo,1.0,0.0,1.0,1.0,0.0,0.0,1.0,0.0,0.0,1.5529,-6.5562,4.3279,24.5322,23.7722,56.9166,203.62,210.5,210.5,-7.1849,-10.2185,-10.2185
LRCX,298.010009765625,298.01,2026-09-10,False,297.010009765625,307.0299987792969,-5.65,161.84,BAJO,395217207296.0,54.74,27.11,31.69,65.07,22.84,37.39,31.27,0.78,45.57,0.33,2.63,8.0,YAHOO,0.8174,0.5344,1.0061,0.060917,4.4683,-0.6451,82.09,2026-10-21,41,,,yahoo,1.0,1.0,1.0,0.0,1.0,1.0,1.0,1.0,1.0,3.3608,-4.7526,-9.672,-7.3275,79.9883,80.9474,343.84,433.33,433.33,-13.3289,-31.2279,-31.2279
ADI,361.25,361.25,2026-09-10,False,356.1199951171875,363.3599853515625,-1.05,49.92,BAJO,176900325376.0,43.31,22.35,5.27,12.23,6.41,39.5,29.79,2.34,26.41,0.27,1.25,8.0,YAHOO,0.8174,0.5344,1.0061,0.060917,4.4683,-0.6451,82.09,2026-11-24,75,2026-08-19,22.0,yahoo,1.0,1.0,1.0,1.0,0.0,1.0,1.0,1.0,1.0,1.5575,-2.5415,-6.1292,-7.7213,17.3386,38.7919,389.0945,444.1269,444.1269,-7.1562,-18.6606,-18.6606
SNDK,1692.5899658203125,1692.59,2026-09-10,False,1674.0,1733.949951171875,-4.06,1910.39,BAJO,258308030464.0,23.94,6.66,16.7,91.64,43.91,78.47,56.46,2.99,20.11,0.01,2.29,7.0,YAHOO,0.8174,0.5344,1.0061,0.060917,4.4683,-0.6451,82.09,2026-11-06,57,,,yahoo,1.0,1.0,1.0,1.0,0.0,0.0,1.0,1.0,1.0,8.9603,12.8867,1.1123,3.0038,108.0554,136.9483,1786.85,2335.0,2335.0,-5.2752,-27.5122,-27.5122
NOW,131.1699981689453,131.17,2026-09-10,False,130.63999938964844,134.6999969482422,0.05,-27.52,BAJO,135549648896.0,81.94,26.19,10.83,14.24,4.25,4.06,11.34,3.8,48.1,0.68,0.7,4.0,YAHOO,0.8174,0.5344,1.0061,0.060917,4.4683,-0.6451,82.09,2026-10-28,48,,,yahoo,1.0,0.0,1.0,1.0,1.0,0.0,0.0,0.0,0.0,-4.0594,4.2687,17.895,23.6753,32.9599,62.3612,147.99,147.99,192.23,-11.3656,-11.3656,-31.764
NBIS,228.11000061035156,228.11,2026-09-10,False,226.02999877929688,238.3300018310547,-5.09,158.33,BAJO,65340407808.0,,-76.52,6.37,0.6,-1.92,-0.22,3.13,-14.71,263.7,0.99,4.03,6.0,YAHOO,0.8174,0.5344,1.0061,0.060917,4.4683,-0.6451,82.09,2026-11-10,61,2026-08-12,29.0,yahoo,1.0,1.0,1.0,1.0,0.0,0.0,0.0,1.0,1.0,11.7693,6.6283,8.3607,7.7566,102.4352,142.4853,277.68,286.69,286.69,-17.8515,-20.4332,-20.4332
OXY,61.15999984741211,61.16,2026-09-10,False,60.189998626708984,62.2400016784668,0.23,38.12,BAJO,61277769728.0,18.08,15.85,1.83,10.63,4.68,45.44,30.32,6.18,5.88,0.35,1.41,4.0,YAHOO,0.8174,0.5344,1.0061,0.060917,4.4683,-0.6451,82.09,2026-11-09,60,,,yahoo,1.0,0.0,1.0,1.0,1.0,0.0,0.0,0.0,0.0,0.8712,4.8117,12.0975,7.6018,14.903,32.2098,61.239,61.239,65.6343,-0.129,-0.129,-6.817
XOM,165.22999572753906,165.23,2026-09-10,False,163.17999267578125,167.3699951171875,0.61,54.19,BAJO,675299262464.0,21.11,15.22,2.6,12.58,5.52,15.86,9.07,3.06,10.51,0.16,1.14,5.0,YAHOO,0.8174,0.5344,1.0061,0.060917,4.4683,-0.6451,82.09,2026-10-30,50,,,yahoo,1.0,0.0,1.0,1.0,1.0,0.0,1.0,0.0,0.0,0.6579,4.4503,15.0785,10.4102,25.6418,24.6995,166.15,166.15,169.2183,-0.5537,-0.5537,-2.3569
CVX,212.75999450683594,212.76,2026-09-10,False,211.33999633789062,217.39999389648438,-0.49,42.32,BAJO,419410411520.0,20.58,15.87,2.21,12.23,5.86,21.87,9.83,5.23,8.95,0.19,1.25,5.0,YAHOO,0.8174,0.5344,1.0061,0.060917,4.4683,-0.6451,82.09,2026-10-30,50,,,yahoo,1.0,0.0,1.0,1.0,0.0,1.0,0.0,1.0,0.0,0.4627,6.2684,17.7919,13.0752,21.9899,24.3774,213.81,213.81,213.81,-0.4911,-0.4911,-0.4911
PSX,258.510009765625,258.51,2026-09-10,False,257.8599853515625,263.760009765625,-0.87,103.43,BAJO,104555831296.0,14.88,12.25,3.3,23.45,6.04,8.53,4.66,4.35,12.2,0.63,1.32,7.0,YAHOO,0.8174,0.5344,1.0061,0.060917,4.4683,-0.6451,82.09,2026-10-29,49,,,yahoo,1.0,1.0,1.0,1.0,0.0,1.0,1.0,1.0,0.0,0.945,6.7209,31.0616,43.0124,16.2165,30.3661,260.78,260.78,260.78,-0.8705,-0.8705,-0.8705
YPF,56.060001373291016,56.06,2026-09-10,False,54.900001525878906,56.939998626708984,2.66,101.37,BAJO,21411219456.0,28.89,9.96,2.04,7.26,8.34,27.51,4.0,5810.6,1.33,0.85,0.93,4.0,YAHOO,0.8174,0.5344,1.0061,0.060917,4.4683,-0.6451,82.09,2026-10-29,49,2026-08-11,30.0,yahoo,0.0,0.0,1.0,1.0,0.0,1.0,1.0,0.0,0.0,3.9881,11.5178,13.2525,3.2983,19.6661,35.2972,56.06,56.06,56.35,0.0,0.0,-0.5146
VIST,78.94999694824219,78.95,2026-09-10,False,74.9000015258789,79.7699966430664,5.87,114.47,BAJO,8248739840.0,9.81,7.41,2.49,29.79,10.0,44.24,23.56,1.49,5.42,1.07,0.69,3.0,YAHOO,0.8174,0.5344,1.0061,0.060917,4.4683,-0.6451,82.09,2026-10-28,48,,,yahoo,1.0,0.0,1.0,1.0,0.0,0.0,0.0,0.0,0.0,2.4925,14.9869,20.5896,8.8965,56.8516,43.2386,78.95,78.95,79.25,0.0,0.0,-0.3786
VST,147.0500030517578,147.05,2026-09-10,False,147.02999877929688,152.8000030517578,-2.68,-24.98,BAJO,50714480640.0,25.48,14.58,16.89,42.96,5.89,13.77,11.55,0.07,11.06,3.73,0.97,5.0,YAHOO,0.8174,0.5344,1.0061,0.060917,4.4683,-0.6451,82.09,2026-11-05,56,,,yahoo,1.0,0.0,1.0,1.0,1.0,0.0,1.0,0.0,0.0,2.5024,5.0132,-7.001,6.2913,42.3295,41.6158,151.72,168.98,217.0162,-3.078,-12.9779,-32.2401
BP,46.08000183105469,46.08,2026-09-10,False,45.459999084472656,46.29999923706055,0.88,43.15,BAJO,117644476416.0,21.86,9.47,8.09,8.87,5.04,13.15,2.55,10.95,13.42,0.95,1.27,7.0,YAHOO,0.8174,0.5344,1.0061,0.060917,4.4683,-0.6451,82.09,2026-10-30,50,,,yahoo,1.0,0.0,1.0,1.0,0.0,1.0,1.0,1.0,1.0,4.8942,8.4235,14.2453,8.6061,13.8038,32.1991,46.08,46.08,46.5196,0.0,0.0,-0.9449
E,56.41999816894531,56.42,2026-09-10,False,55.650001525878906,56.41999816894531,0.64,67.36,BAJO,80584654848.0,12.57,9.09,1.53,10.9,3.07,10.66,5.87,-11.15,8.2,0.65,1.48,6.0,YAHOO,0.8174,0.5344,1.0061,0.060917,4.4683,-0.6451,82.09,2026-10-23,43,,,yahoo,1.0,1.0,1.0,1.0,0.0,1.0,1.0,0.0,0.0,2.1916,5.3201,14.1181,4.0192,38.3041,32.5698,57.35,57.35,57.35,-1.6216,-1.6216,-1.6216
SHEL,95.95999908447266,95.96,2026-09-10,False,95.66000366210938,96.98999786376953,0.38,40.78,BAJO,273490247680.0,10.58,9.51,1.47,14.34,6.4,16.69,8.76,7.85,5.36,0.4,1.44,5.0,YAHOO,0.8174,0.5344,1.0061,0.060917,4.4683,-0.6451,82.09,2026-10-29,49,,,yahoo,1.0,1.0,1.0,1.0,0.0,0.0,1.0,0.0,0.0,3.4052,5.3232,15.2667,12.4939,16.8853,22.7651,95.96,95.96,95.96,0.0,0.0,0.0
HAL,36.06999969482422,36.07,2026-09-10,False,35.7599983215332,37.56999969482422,-2.85,67.53,BAJO,30934130688.0,19.44,12.79,2.81,14.92,7.26,12.79,7.16,6.63,8.97,0.74,2.02,4.0,YAHOO,0.8174,0.5344,1.0061,0.060917,4.4683,-0.6451,82.09,2026-10-20,40,,,yahoo,1.0,0.0,1.0,1.0,0.0,0.0,1.0,0.0,0.0,-4.1456,5.2189,2.9179,-8.7908,24.5056,34.0818,37.63,37.63,42.6002,-4.1456,-4.1456,-15.3291
SLB,56.0099983215332,56.01,2026-09-10,False,55.150001525878906,57.560001373291016,-1.82,61.83,BAJO,84670373888.0,27.83,17.64,3.25,12.91,6.17,12.71,8.53,3.49,12.8,0.47,1.44,4.0,YAHOO,0.8174,0.5344,1.0061,0.060917,4.4683,-0.6451,82.09,2026-10-23,43,,,yahoo,1.0,0.0,1.0,1.0,1.0,0.0,0.0,0.0,0.0,-3.647,5.0385,18.878,1.4243,14.1088,40.8767,59.7898,59.7898,59.7898,-6.3218,-6.3218,-6.3218
COP,137.0399932861328,137.04,2026-09-10,False,134.6999969482422,138.88999938964844,0.37,52.75,BAJO,164018601984.0,18.06,14.34,2.51,14.18,7.53,31.51,14.4,4.69,6.71,0.36,1.54,7.0,YAHOO,0.8174,0.5344,1.0061,0.060917,4.4683,-0.6451,82.09,2026-11-05,56,,,yahoo,1.0,0.0,1.0,1.0,1.0,1.0,1.0,0.0,1.0,-0.1166,4.923,22.2455,15.0384,14.8084,28.6818,137.2,137.2,137.2,-0.1166,-0.1166,-0.1166
GPRK,11.970000267028809,11.97,2026-09-10,False,11.680000305175781,12.140000343322754,0.5,90.88,BAJO,772908416.0,8.39,6.69,1.76,28.57,7.81,27.52,16.0,11.94,3.66,1.81,1.17,3.0,YAHOO,0.8174,0.5344,1.0061,0.060917,4.4683,-0.6451,82.09,2026-11-04,55,2026-08-12,29.0,yahoo,1.0,0.0,1.0,0.0,0.0,1.0,0.0,0.0,0.0,2.3952,23.275,19.9945,9.5841,40.7755,43.147,11.97,11.97,11.97,0.0,0.0,0.0
CEG,285.9700012207031,285.97,2026-09-10,False,285.82000732421875,294.8399963378906,-2.7,-6.99,BAJO,104132714496.0,28.73,22.03,3.27,15.06,3.89,8.66,11.08,-6.36,16.15,0.76,1.46,6.0,YAHOO,0.8174,0.5344,1.0061,0.060917,4.4683,-0.6451,82.09,2026-11-09,60,,,yahoo,1.0,0.0,1.0,1.0,1.0,0.0,1.0,0.0,1.0,-1.4033,2.3075,11.1968,18.2045,53.4439,35.4542,299.05,299.05,401.7044,-4.3738,-4.3738,-28.8108
FSLR,207.1699981689453,207.17,2026-09-10,False,197.10000610351562,208.75,2.0,4.48,BAJO,21827115008.0,12.51,8.77,2.11,18.51,8.62,42.64,32.46,7.32,8.96,0.02,2.52,7.0,YAHOO,0.8174,0.5344,1.0061,0.060917,4.4683,-0.6451,82.09,2026-10-29,49,,,yahoo,1.0,1.0,1.0,1.0,1.0,1.0,0.0,0.0,1.0,2.2557,0.6021,-6.2706,-16.8893,62.9957,46.3044,225.56,264.36,318.25,-8.153,-21.6334,-34.9034
CCJ,97.41999816894531,97.42,2026-09-10,False,97.26000213623047,99.5999984741211,-2.98,24.76,BAJO,43731869696.0,173.12,52.94,8.48,5.11,2.98,9.11,10.21,0.11,54.91,0.17,3.06,8.0,YAHOO,0.8174,0.5344,1.0061,0.060917,4.4683,-0.6451,82.09,2026-10-30,50,,,yahoo,1.0,1.0,1.0,1.0,1.0,1.0,0.0,1.0,1.0,1.0791,-9.2586,8.0044,2.515,29.2777,41.756,107.36,108.89,134.09,-9.2586,-10.5336,-27.3473
PBR,21.3799991607666,21.38,2026-09-10,False,20.829999923706055,21.59000015258789,2.15,78.77,BAJO,134880591872.0,5.29,5.25,1.45,30.27,10.07,44.68,24.32,69.87,1.85,0.76,0.85,7.0,YAHOO,0.8174,0.5344,1.0061,0.060917,4.4683,-0.6451,82.09,2026-11-10,61,,,yahoo,1.0,1.0,1.0,1.0,1.0,1.0,1.0,0.0,0.0,2.4928,20.3829,23.0821,21.5189,37.1047,32.494,21.38,21.38,21.38,0.0,0.0,0.0
NEE,82.44000244140625,82.44,2026-09-10,False,82.23999786376953,83.3499984741211,-0.25,21.49,BAJO,172406112256.0,18.57,18.83,3.02,11.68,2.44,31.52,32.4,-10.31,19.92,1.62,0.53,5.0,YAHOO,0.8174,0.5344,1.0061,0.060917,4.4683,-0.6451,82.09,2026-10-27,47,,,yahoo,1.0,0.0,1.0,1.0,0.0,1.0,0.0,1.0,0.0,-0.7942,-1.3774,-6.0195,-2.4202,12.6486,14.3827,85.5765,89.1198,96.443,-3.6651,-7.4953,-14.5195
PAAS,50.650001525878906,50.65,2026-09-10,False,50.470001220703125,51.599998474121094,-4.25,41.43,BAJO,21933291520.0,15.65,11.23,3.0,22.41,11.77,37.81,32.03,6.01,9.61,0.11,2.94,7.0,YAHOO,0.8174,0.5344,1.0061,0.060917,4.4683,-0.6451,82.09,2026-11-16,67,2026-08-12,29.0,yahoo,1.0,1.0,1.0,1.0,1.0,1.0,0.0,1.0,0.0,-1.7268,-3.7621,19.031,15.0696,54.1696,51.8088,54.89,54.89,68.0597,-7.7245,-7.7245,-25.5801
HMY,20.190000534057617,20.19,2026-09-10,False,20.09000015258789,20.530000686645508,-2.93,36.9,BAJO,12999529472.0,7.17,6.35,2.8,48.05,25.06,47.17,29.57,75.77,0.31,0.13,0.84,,YAHOO,0.8174,0.5344,1.0061,0.060917,4.4683,-0.6451,82.09,,999,2026-08-27,14.0,yahoo,,,,,,,,,,3.8046,-9.9866,34.6898,40.0139,41.3587,61.0648,23.54,23.54,25.5485,-14.2311,-14.2311,-20.9738
B,43.459999084472656,43.46,2026-09-10,False,43.06999969482422,43.959999084472656,-2.53,53.49,BAJO,73389989888.0,11.52,10.17,2.69,27.01,13.44,51.34,31.6,6.93,6.33,0.13,3.01,9.0,YAHOO,0.8174,0.5344,1.0061,0.060917,4.4683,-0.6451,82.09,2026-11-09,60,,,yahoo,1.0,1.0,1.0,1.0,1.0,1.0,1.0,1.0,1.0,-1.5182,-7.1761,21.3891,17.3091,26.2122,46.4041,48.6827,48.6827,52.117,-10.728,-10.728,-16.6106
VALE,15.279999732971191,15.28,2026-09-10,False,14.960000038146973,15.399999618530273,-1.04,58.25,BAJO,65708974080.0,30.88,7.88,1.77,4.11,7.92,21.95,4.75,20.25,1.95,0.55,1.19,4.0,YAHOO,0.8174,0.5344,1.0061,0.060917,4.4683,-0.6451,82.09,2026-10-29,49,,,yahoo,1.0,0.0,1.0,1.0,0.0,1.0,0.0,0.0,0.0,-2.8608,0.7916,10.8318,5.2642,21.1722,30.2547,15.73,15.73,17.3257,-2.8608,-2.8608,-11.8073
LAC,3.0199999809265137,3.02,2026-09-10,False,3.0,3.109999895095825,-5.33,8.92,BAJO,1158107008.0,,-22.66,0.81,-3.7,-1.66,0.0,0.0,-116.48,-31.39,0.6,5.47,1.0,YAHOO,0.8174,0.5344,1.0061,0.060917,4.4683,-0.6451,82.09,2026-11-13,64,2026-08-13,28.0,yahoo,0.0,0.0,0.0,1.0,0.0,0.0,0.0,0.0,0.0,0.3322,-5.919,-3.8217,-27.2289,75.8645,53.6545,3.43,4.45,10.05,-11.9534,-32.1348,-69.9502
RIO,99.38999938964844,99.39,2026-09-10,False,98.9000015258789,99.98999786376953,-4.19,69.53,BAJO,168718516224.0,14.06,11.99,2.58,19.31,8.11,28.05,19.58,2.13,8.22,0.32,1.42,4.0,YAHOO,0.8174,0.5344,1.0061,0.060917,4.4683,-0.6451,82.09,,999,2026-07-28,44.0,yahoo,1.0,0.0,1.0,1.0,0.0,0.0,0.0,1.0,0.0,-3.2701,-5.0716,13.0467,2.5363,35.8548,29.8174,106.81,106.81,109.6326,-6.9469,-6.9469,-9.3427
GFI,45.68000030517578,45.68,2026-09-10,False,45.540000915527344,46.400001525878906,-2.87,26.22,BAJO,41898860544.0,9.58,8.99,9.34,58.68,28.52,55.0,38.65,9.97,11.89,0.29,1.87,9.0,YAHOO,0.8174,0.5344,1.0061,0.060917,4.4683,-0.6451,82.09,,999,2026-08-25,16.0,yahoo,1.0,1.0,1.0,1.0,1.0,1.0,1.0,1.0,1.0,1.6919,-4.4751,36.2362,36.2362,18.786,56.4519,48.87,48.87,59.7691,-6.5275,-6.5275,-23.5726
GGB,5.099999904632568,5.1,2026-09-10,False,4.900000095367432,5.119999885559082,1.8,69.91,BAJO,9830253568.0,22.77,8.48,0.94,4.18,5.03,12.75,3.22,26.94,1.98,0.28,2.87,5.0,YAHOO,0.8174,0.5344,1.0061,0.060917,4.4683,-0.6451,82.09,2026-10-26,46,,,yahoo,1.0,0.0,1.0,1.0,0.0,0.0,1.0,0.0,1.0,2.6157,14.3498,14.7786,14.0168,21.221,38.0448,5.1,5.1,5.1,0.0,0.0,0.0
FCX,71.20999908447266,71.21,2026-09-10,False,68.8499984741211,71.5999984741211,-6.59,59.32,BAJO,109467623424.0,37.37,18.43,5.44,14.75,7.58,33.4,11.39,1.97,13.38,0.32,2.07,6.0,YAHOO,0.8174,0.5344,1.0061,0.060917,4.4683,-0.6451,82.09,2026-10-22,42,,,yahoo,1.0,1.0,1.0,1.0,1.0,0.0,1.0,0.0,0.0,-3.6792,-9.8608,19.0309,14.9852,77.6156,49.9136,79.91,79.91,79.91,-10.8873,-10.8873,-10.8873
HL,20.020000457763672,20.02,2026-09-10,False,19.75,20.530000686645508,-3.98,82.29,BAJO,14006372352.0,25.12,19.6,5.23,22.17,15.3,44.27,19.15,2.44,13.97,0.01,5.2,8.0,YAHOO,0.8174,0.5344,1.0061,0.060917,4.4683,-0.6451,82.09,2026-11-05,56,,,yahoo,1.0,1.0,1.0,1.0,1.0,1.0,0.0,1.0,1.0,-3.611,-3.285,31.3038,42.5184,39.8567,65.2056,21.43,21.43,31.7903,-6.5796,-6.5796,-37.0249
NEM,126.13999938964844,126.14,2026-09-10,False,123.73999786376953,127.27999877929688,-2.0,62.43,BAJO,135620739072.0,16.23,12.76,3.87,25.91,15.75,51.57,33.36,6.5,7.76,0.16,2.55,9.0,YAHOO,0.8174,0.5344,1.0061,0.060917,4.4683,-0.6451,82.09,2026-10-22,42,,,yahoo,1.0,1.0,1.0,1.0,1.0,1.0,1.0,1.0,1.0,0.9928,-3.9494,35.7708,36.2537,23.7636,45.4189,134.8593,134.8593,134.8593,-6.4655,-6.4655,-6.4655
GOLD,45.880001068115234,45.88,2026-09-10,False,44.75,48.349998474121094,-6.99,89.04,BAJO,1436553344.0,16.33,13.23,1.64,10.8,2.81,0.44,0.32,29.3,10.09,0.93,1.15,4.0,YAHOO,0.8174,0.5344,1.0061,0.060917,4.4683,-0.6451,82.09,2026-11-05,56,2026-09-02,8.0,yahoo,1.0,0.0,1.0,1.0,0.0,0.0,0.0,1.0,0.0,4.7011,0.8573,20.6099,12.5613,118.7599,54.0677,49.33,49.33,63.5992,-6.9937,-6.9937,-27.8607
MUX,19.549999237060547,19.55,2026-09-10,False,19.3799991607666,19.885000228881836,-3.5,44.14,BAJO,1210334208.0,16.08,4.98,1.71,13.54,-0.43,-5.92,32.46,-1.54,44.78,0.18,2.04,5.0,YAHOO,0.8174,0.5344,1.0061,0.060917,4.4683,-0.6451,82.09,2026-11-04,55,,,yahoo,1.0,1.0,1.0,0.0,0.0,1.0,0.0,1.0,0.0,-2.833,-7.0818,11.9061,13.0711,32.5884,56.0553,21.66,21.66,29.05,-9.7415,-9.7415,-32.7022
NXE,10.210000038146973,10.21,2026-09-10,False,10.210000038146973,10.520000457763672,-4.04,32.31,BAJO,7134185472.0,,-55.09,5.33,-17.67,-3.39,0.0,0.0,-4.18,-62.83,0.34,1.46,2.0,YAHOO,0.8174,0.5344,1.0061,0.060917,4.4683,-0.6451,82.09,2026-11-03,54,,,yahoo,0.0,0.0,0.0,1.0,0.0,1.0,0.0,0.0,0.0,-0.0978,-7.7687,13.3185,10.1402,32.1981,48.16,11.21,11.21,13.92,-8.9206,-8.9206,-26.6523
MP,51.31999969482422,51.32,2026-09-10,False,51.119998931884766,53.72600173950195,-5.49,-16.0,BAJO,9670916096.0,,60.63,4.94,-3.58,-1.52,-14.72,-14.56,-4.48,236.34,0.41,9.51,4.0,YAHOO,0.8174,0.5344,1.0061,0.060917,4.4683,-0.6451,82.09,2026-11-05,56,,,yahoo,0.0,1.0,0.0,0.0,1.0,1.0,0.0,1.0,0.0,-6.1792,-13.4716,3.6768,-3.985,52.7619,65.6002,60.17,60.88,98.65,-14.7083,-15.703,-47.9777
JPM,353.55999755859375,353.56,2026-09-10,False,351.1199951171875,354.2200012207031,-0.32,20.5,BAJO,942885240832.0,15.2,14.18,2.67,17.79,1.36,50.39,34.92,,,,,3.0,YAHOO,0.8174,0.5344,1.0061,0.060917,4.4683,-0.6451,82.09,2026-10-13,33,,,yahoo,1.0,0.0,0.0,0.0,1.0,0.0,1.0,0.0,0.0,-0.7467,-0.8247,5.6886,14.8841,12.1815,18.787,363.25,365.18,365.18,-2.6676,-3.182,-3.182
AXP,320.7099914550781,320.71,2026-09-10,False,318.3500061035156,321.95001220703125,-0.34,1.0,BAJO,217314689024.0,19.54,16.0,6.34,34.38,3.79,20.32,16.14,,,1.72,1.55,4.0,YAHOO,0.8174,0.5344,1.0061,0.060917,4.4683,-0.6451,82.09,2026-10-23,43,,,yahoo,1.0,0.0,1.0,1.0,0.0,0.0,1.0,0.0,0.0,-2.8093,-4.5932,-9.5139,2.6322,9.8097,23.2198,343.65,361.57,381.7815,-6.6754,-11.3007,-15.9965
MA,565.3699951171875,565.37,2026-09-10,False,563.1699829101562,568.72998046875,-0.38,-0.79,BAJO,497135616000.0,31.27,24.65,88.73,241.2,24.06,61.11,46.34,3.41,22.98,4.4,1.06,9.0,YAHOO,0.8174,0.5344,1.0061,0.060917,4.4683,-0.6451,82.09,2026-10-29,49,,,yahoo,1.0,1.0,1.0,1.0,1.0,1.0,1.0,1.0,1.0,-3.8715,-5.5308,5.146,15.7925,7.6627,22.0681,599.86,599.86,599.86,-5.7497,-5.7497,-5.7497
V,367.2099914550781,367.21,2026-09-10,False,365.5199890136719,368.0,-0.05,10.34,BAJO,685934510080.0,31.24,24.49,19.47,61.19,19.11,66.13,50.78,2.97,22.06,0.68,0.98,6.0,YAHOO,0.8174,0.5344,1.0061,0.060917,4.4683,-0.6451,82.09,2026-10-27,47,,,yahoo,1.0,0.0,1.0,1.0,1.0,0.0,1.0,0.0,1.0,-2.9572,-4.3475,2.835,13.9126,11.7298,20.2155,384.14,384.14,384.14,-4.4073,-4.4073,-4.4073
PYPL,53.310001373291016,53.31,2026-09-10,False,50.801998138427734,53.375,2.19,-17.29,BAJO,44629393408.0,9.86,9.02,2.27,24.5,4.62,16.97,14.36,9.91,7.37,0.72,1.29,9.0,YAHOO,0.8174,0.5344,1.0061,0.060917,4.4683,-0.6451,82.09,2026-10-27,47,,,yahoo,1.0,1.0,1.0,1.0,1.0,1.0,1.0,1.0,1.0,-2.2468,-13.5388,12.1546,31.3063,40.0737,53.7176,62.1465,62.1465,75.2904,-14.2188,-14.2188,-29.1941
PAGS,10.130000114440918,10.13,2026-09-10,False,9.545000076293945,10.154999732971191,5.41,12.0,BAJO,2648958208.0,6.58,5.04,0.9,14.54,6.36,36.2,10.86,-70.08,0.33,0.12,1.55,7.0,YAHOO,0.8174,0.5344,1.0061,0.060917,4.4683,-0.6451,82.09,2026-11-11,62,2026-08-11,30.0,yahoo,1.0,0.0,1.0,1.0,1.0,0.0,1.0,1.0,1.0,2.9472,12.0575,9.1595,18.4795,54.8689,32.7773,10.13,10.13,11.7187,0.0,0.0,-13.5567
NU,15.020000457763672,15.02,2026-09-10,False,14.741000175476074,15.4399995803833,0.13,-1.26,BAJO,72460328960.0,20.55,13.09,5.47,31.63,4.96,50.15,42.73,,,,,4.0,YAHOO,0.8174,0.5344,1.0061,0.060917,4.4683,-0.6451,82.09,2026-11-12,63,2026-08-13,28.0,yahoo,1.0,0.0,1.0,1.0,1.0,0.0,0.0,0.0,0.0,-2.4675,-0.9888,9.8756,29.2599,18.5544,40.2301,15.68,15.68,18.76,-4.2092,-4.2092,-19.936
XP,19.969999313354492,19.97,2026-09-10,False,18.790000915527344,20.139999389648438,4.88,10.63,BAJO,9661714432.0,9.62,8.02,2.1,22.56,1.36,31.18,28.54,,,6.42,1.49,7.0,YAHOO,0.8174,0.5344,1.0061,0.060917,4.4683,-0.6451,82.09,2026-11-16,67,2026-08-17,24.0,yahoo,1.0,1.0,1.0,1.0,1.0,0.0,1.0,1.0,0.0,-0.1001,12.128,21.9914,33.668,63.0729,41.4207,20.0,20.0,22.6565,-0.15,-0.15,-11.8576
AIG,75.02999877929688,75.03,2026-09-10,False,74.44999694824219,75.75,0.0,0.17,BAJO,39232675840.0,13.69,8.54,0.97,7.22,1.76,19.41,11.09,18.77,4.65,0.22,0.61,5.0,YAHOO,0.8174,0.5344,1.0061,0.060917,4.4683,-0.6451,82.09,2026-11-04,55,,,yahoo,1.0,1.0,1.0,1.0,0.0,0.0,1.0,0.0,0.0,-1.4449,-2.5205,-6.0951,0.7854,17.2532,21.518,77.38,81.06,85.514,-3.037,-7.4389,-12.2599
BRK-B,507.0,507.0,2026-09-10,False,504.739990234375,510.5799865722656,0.06,4.61,BAJO,1084740468736.0,12.74,22.83,0.0,12.12,6.01,32.56,22.3,6.64,-1.79,0.17,2.89,4.0,YAHOO,0.8174,0.5344,1.0061,0.060917,4.4683,-0.6451,82.09,2026-11-07,58,,,yahoo,1.0,0.0,1.0,0.0,1.0,0.0,1.0,0.0,0.0,0.3484,0.4139,2.0429,4.8214,4.0379,14.7312,508.13,529.42,529.42,-0.2224,-4.2348,-4.2348
BBD,3.5799999237060547,3.58,2026-09-10,False,3.4000000953674316,3.619999885559082,4.37,20.91,BAJO,36320878592.0,7.98,6.3,1.03,13.76,1.07,34.52,26.07,,,,,4.0,YAHOO,0.8174,0.5344,1.0061,0.060917,4.4683,-0.6451,82.09,2026-11-04,55,,,yahoo,1.0,1.0,0.0,0.0,1.0,0.0,1.0,0.0,0.0,3.8886,9.9434,-0.602,10.9862,52.4358,30.6986,3.58,3.7214,4.1061,0.0,-3.7998,-12.8136
AEG,9.050000190734863,9.05,2026-09-10,False,9.0,9.100000381469727,-0.11,27.35,BAJO,13408715776.0,11.92,9.68,1.3,11.07,0.1,5.82,8.62,-32.18,,0.43,1.16,6.0,YAHOO,0.8174,0.5344,1.0061,0.060917,4.4683,-0.6451,82.09,,999,2026-08-20,21.0,yahoo,1.0,1.0,1.0,0.0,1.0,0.0,1.0,0.0,1.0,0.5109,0.9474,6.2544,15.0267,4.5496,19.2287,9.2,9.2766,9.2766,-1.6304,-2.4422,-2.4422
SAN,14.630000114440918,14.63,2026-09-10,False,14.569999694824219,14.699999809265137,-0.34,49.51,BAJO,213185970176.0,14.25,10.26,1.65,13.11,0.78,43.44,33.46,,,,,4.0,YAHOO,0.8174,0.5344,1.0061,0.060917,4.4683,-0.6451,82.09,2026-10-28,48,,,yahoo,1.0,1.0,0.0,0.0,1.0,0.0,1.0,0.0,0.0,-0.8136,-0.4762,7.101,22.7349,6.1715,28.1613,15.05,15.05,15.05,-2.7907,-2.7907,-2.7907
GGAL,44.720001220703125,44.72,2026-09-10,False,43.630001068115234,45.720001220703125,0.52,51.91,BAJO,7538983936.0,127.11,6.35,11.72,1.09,0.2,17.32,1.5,,,,,1.0,YAHOO,0.8174,0.5344,1.0061,0.060917,4.4683,-0.6451,82.09,2026-11-24,75,2026-08-25,16.0,yahoo,1.0,0.0,0.0,0.0,0.0,0.0,0.0,0.0,0.0,-0.6443,1.8447,-12.8264,-9.6816,11.6591,46.3414,45.01,56.2493,58.6267,-0.6443,-20.4968,-23.7208
MELI,1906.239990234375,1906.24,2026-09-10,False,1840.0,1946.8399658203125,1.59,-15.9,BAJO,95123922944.0,51.0,33.02,12.14,27.5,4.31,6.72,5.3,0.37,26.36,1.69,1.12,5.0,YAHOO,0.8174,0.5344,1.0061,0.060917,4.4683,-0.6451,82.09,2026-11-04,55,,,yahoo,1.0,0.0,1.0,1.0,1.0,0.0,1.0,0.0,0.0,-5.0005,-2.2662,2.0854,20.0184,31.8088,36.3215,2006.58,2006.58,2510.97,-5.0005,-5.0005,-24.0835
WFC,89.44999694824219,89.45,2026-09-10,False,88.6500015258789,89.98999786376953,-0.25,15.07,BAJO,271161999360.0,13.03,11.35,1.69,12.57,1.08,37.39,27.23,,,,,3.0,YAHOO,0.8174,0.5344,1.0061,0.060917,4.4683,-0.6451,82.09,2026-10-13,33,,,yahoo,1.0,0.0,0.0,0.0,1.0,0.0,1.0,0.0,0.0,0.2016,4.9513,2.6161,9.7518,28.348,23.3439,89.97,89.97,94.8289,-0.578,-0.578,-5.6722
BNY,162.58999633789062,162.59,2026-09-10,False,162.0,163.50999450683594,0.05,59.36,BAJO,110263705600.0,18.96,15.86,2.76,14.12,1.26,40.05,29.41,,,,,6.0,YAHOO,0.8174,0.5344,1.0061,0.060917,4.4683,-0.6451,82.09,2026-10-15,35,,,yahoo,1.0,1.0,1.0,1.0,1.0,0.0,1.0,0.0,0.0,0.3394,-0.3005,7.9111,16.8065,10.5328,22.1268,164.84,164.84,164.84,-1.365,-1.365,-1.365
BCS,26.209999084472656,26.21,2026-09-10,False,26.049999237060547,26.3799991607666,-0.87,31.59,BAJO,88629248000.0,10.13,7.97,1.0,10.09,0.47,42.95,27.87,,,,,6.0,YAHOO,0.8174,0.5344,1.0061,0.060917,4.4683,-0.6451,82.09,2026-10-22,42,,,yahoo,1.0,1.0,1.0,1.0,0.0,0.0,1.0,0.0,1.0,0.0382,-3.3911,-2.8788,12.1167,11.5245,30.3799,28.14,28.2428,28.2428,-6.8586,-7.1975,-7.1975
HSBC,103.69999694824219,103.7,2026-09-10,False,103.33999633789062,104.19999694824219,-1.34,59.43,BAJO,359977156608.0,15.02,11.1,8.34,13.1,0.78,58.77,37.8,,,,,5.0,YAHOO,0.8174,0.5344,1.0061,0.060917,4.4683,-0.6451,82.09,2026-10-27,47,,,yahoo,1.0,0.0,1.0,1.0,1.0,0.0,1.0,0.0,0.0,-1.1816,0.0482,6.2297,20.9386,13.8226,20.593,107.11,107.3417,107.3417,-3.1836,-3.3926,-3.3926
BHP,87.3499984741211,87.35,2026-09-10,False,86.58999633789062,88.26000213623047,-5.31,70.47,BAJO,234451238912.0,23.9,19.7,4.6,24.0,13.43,43.34,16.73,4.09,8.35,0.5,1.89,7.0,YAHOO,0.8174,0.5344,1.0061,0.060917,4.4683,-0.6451,82.09,,999,2026-08-17,24.0,yahoo,1.0,0.0,1.0,1.0,1.0,1.0,0.0,1.0,1.0,-4.4673,-7.3433,9.6918,7.6025,48.6039,35.178,96.5823,96.5823,96.5823,-9.559,-9.559,-9.559
LYG,5.889999866485596,5.89,2026-09-10,False,5.860000133514404,5.940000057220459,-0.51,38.19,BAJO,85666013184.0,13.77,9.25,1.53,11.34,0.56,44.96,26.43,,,,,6.0,YAHOO,0.8174,0.5344,1.0061,0.060917,4.4683,-0.6451,82.09,2026-10-29,49,,,yahoo,1.0,1.0,1.0,1.0,0.0,0.0,1.0,0.0,1.0,-1.505,-2.4834,1.3557,15.6948,8.3962,27.2942,6.21,6.21,6.21,-5.153,-5.153,-5.153
ING,36.66999816894531,36.67,2026-09-10,False,36.54999923706055,36.900001525878906,0.05,55.04,BAJO,104467308544.0,13.68,11.44,1.8,17.12,0.8,49.1,34.49,,,,,2.0,YAHOO,0.8174,0.5344,1.0061,0.060917,4.4683,-0.6451,82.09,2026-10-29,49,,,yahoo,1.0,0.0,0.0,0.0,0.0,0.0,1.0,0.0,0.0,0.8249,3.0925,15.0057,29.3864,11.7001,25.8724,37.18,37.18,37.18,-1.3717,-1.3717,-1.3717
IBN,28.850000381469727,28.85,2026-09-10,False,28.760000228881836,29.040000915527344,-0.59,-6.45,BAJO,104148434944.0,17.7,15.44,2.59,16.07,2.11,38.51,27.53,,,,,4.0,YAHOO,0.8174,0.5344,1.0061,0.060917,4.4683,-0.6451,82.09,2026-10-17,37,,,yahoo,1.0,0.0,1.0,1.0,1.0,0.0,0.0,0.0,0.0,-5.6573,-4.3118,-0.5757,8.6722,14.5879,19.4815,30.58,30.58,32.6665,-5.6573,-5.6573,-11.6832
MUFG,23.290000915527344,23.29,2026-09-10,False,23.260000228881836,23.549999237060547,0.65,51.4,BAJO,260458397696.0,15.32,22.47,1.77,9.46,0.51,45.6,27.45,,,,,1.0,YAHOO,0.8174,0.5344,1.0061,0.060917,4.4683,-0.6451,82.09,2026-11-12,63,,,yahoo,1.0,0.0,0.0,0.0,0.0,0.0,0.0,0.0,0.0,-0.5551,3.7879,6.1531,18.4037,21.1404,29.5127,24.13,24.13,24.13,-3.4811,-3.4811,-3.4811
GS,1019.77001953125,1019.77,2026-09-10,False,1011.6799926757812,1027.22998046875,-0.88,35.09,BAJO,299551326208.0,15.88,13.9,2.84,16.9,1.07,42.18,31.04,,,7.25,1.56,4.0,YAHOO,0.8174,0.5344,1.0061,0.060917,4.4683,-0.6451,82.09,2026-10-13,33,,,yahoo,1.0,1.0,0.0,0.0,0.0,0.0,1.0,0.0,1.0,1.5282,-1.5085,-2.0217,2.3444,7.0851,35.585,1053.7192,1146.4551,1146.4551,-3.2218,-11.0502,-11.0502
BX,125.41000366210938,125.41,2026-09-10,False,125.02999877929688,128.25999450683594,-2.84,-26.47,BAJO,154277101568.0,28.87,17.23,11.45,31.37,14.33,54.36,22.73,,,0.68,0.87,5.0,YAHOO,0.8174,0.5344,1.0061,0.060917,4.4683,-0.6451,82.09,2026-10-22,42,,,yahoo,1.0,0.0,1.0,1.0,1.0,0.0,0.0,0.0,1.0,-8.3394,-12.4232,3.8096,6.9288,18.4018,37.131,149.32,149.32,181.3246,-16.0126,-16.0126,-30.8367
ITUB,8.300000190734863,8.3,2026-09-10,False,8.010000228881836,8.390000343322754,2.72,33.11,BAJO,89056722944.0,9.85,8.18,2.11,21.48,1.58,39.07,32.58,,,,,4.0,YAHOO,0.8174,0.5344,1.0061,0.060917,4.4683,-0.6451,82.09,2026-11-03,54,,,yahoo,1.0,1.0,1.0,0.0,0.0,0.0,1.0,0.0,0.0,2.7228,9.1096,-1.9341,10.0625,40.3359,30.8631,8.31,8.6136,9.3754,-0.1203,-3.6406,-11.4707
BAC,62.560001373291016,62.56,2026-09-10,False,62.220001220703125,63.0099983215332,-0.18,28.48,BAJO,438235529216.0,14.47,11.83,1.59,11.2,0.97,38.3,29.52,,,,,5.0,YAHOO,0.8174,0.5344,1.0061,0.060917,4.4683,-0.6451,82.09,2026-10-14,34,,,yahoo,1.0,1.0,1.0,0.0,0.0,0.0,1.0,0.0,1.0,0.446,1.0432,5.6793,15.29,6.0401,17.7337,64.1626,64.481,64.481,-2.4978,-2.9792,-2.9792
RACE,408.6400146484375,408.64,2026-09-10,False,406.1700134277344,411.3399963378906,1.57,-11.19,BAJO,70670245888.0,37.39,31.51,16.69,45.44,13.61,31.06,22.25,1.42,29.35,0.86,2.43,9.0,YAHOO,0.8174,0.5344,1.0061,0.060917,4.4683,-0.6451,82.09,2026-11-03,54,,,yahoo,1.0,1.0,1.0,1.0,1.0,1.0,1.0,1.0,1.0,-1.1108,-1.0149,9.5608,17.9132,23.6061,30.1217,436.54,436.54,498.3386,-6.3912,-6.3912,-17.9995
C,138.5,138.5,2026-09-10,False,136.57000732421875,138.85000610351562,0.51,45.7,BAJO,231150796800.0,14.85,10.7,1.2,8.53,0.66,36.23,21.83,,,,,3.0,YAHOO,0.8174,0.5344,1.0061,0.060917,4.4683,-0.6451,82.09,2026-10-13,33,,,yahoo,1.0,0.0,0.0,0.0,1.0,0.0,1.0,0.0,0.0,3.0966,3.6987,-1.0702,4.3666,10.9977,27.4456,139.33,144.9331,144.9331,-0.5957,-4.4387,-4.4387
SCHW,107.33000183105469,107.33,2026-09-10,False,106.52999877929688,107.6500015258789,0.74,18.29,BAJO,184243421184.0,19.41,13.65,4.19,20.27,2.07,52.28,38.79,,,1.51,0.66,7.0,YAHOO,0.8174,0.5344,1.0061,0.060917,4.4683,-0.6451,82.09,2026-10-15,35,,,yahoo,1.0,1.0,1.0,1.0,1.0,0.0,1.0,0.0,1.0,-0.8407,-1.8832,5.1406,20.5814,19.6709,23.1168,113.65,113.65,113.65,-5.5609,-5.5609,-5.5609
PG,142.97000122070312,142.97,2026-09-10,False,141.86000061035156,143.50999450683594,0.23,-4.64,BAJO,331305975808.0,21.55,19.28,6.22,30.29,10.72,22.08,18.44,4.01,14.45,0.64,0.68,6.0,YAHOO,0.8174,0.5344,1.0061,0.060917,4.4683,-0.6451,82.09,2026-10-22,42,,,yahoo,1.0,0.0,1.0,1.0,1.0,0.0,1.0,0.0,1.0,-3.1631,-1.4,-2.9202,-3.3631,15.2213,19.3342,147.64,151.6182,164.7207,-3.1631,-5.7039,-13.2046
KO,87.83000183105469,87.83,2026-09-10,False,87.80000305175781,88.95999908447266,0.32,36.14,BAJO,376688181248.0,26.29,24.83,10.42,42.05,9.4,34.87,28.56,1.39,23.93,1.16,1.3,7.0,YAHOO,0.8174,0.5344,1.0061,0.060917,4.4683,-0.6451,82.09,2026-10-20,40,,,yahoo,1.0,1.0,1.0,0.0,1.0,1.0,1.0,1.0,0.0,-0.4646,-2.4978,4.2493,5.7508,11.0072,22.2174,91.99,91.99,91.99,-4.5222,-4.5222,-4.5222
PEP,136.64999389648438,136.65,2026-09-10,False,136.47999572753906,137.7899932861328,-0.03,1.16,BAJO,186718535680.0,17.91,15.23,8.45,51.51,8.93,16.84,10.79,4.19,12.27,2.39,0.93,5.0,YAHOO,0.8174,0.5344,1.0061,0.060917,4.4683,-0.6451,82.09,2026-10-08,28,,,yahoo,1.0,0.0,1.0,1.0,0.0,1.0,1.0,0.0,0.0,-1.7152,-2.8695,-0.2745,-4.3031,12.765,23.2228,143.1409,144.5755,165.4534,-4.5346,-5.4819,-17.4088
MO,68.79000091552734,68.79,2026-09-10,False,68.43000030517578,69.18000030517578,1.33,13.27,BAJO,113358913536.0,14.29,11.58,-42.48,,29.55,61.46,39.0,7.97,8.6,,0.52,6.0,YAHOO,0.8174,0.5344,1.0061,0.060917,4.4683,-0.6451,82.09,2026-10-29,49,,,yahoo,1.0,0.0,1.0,1.0,0.0,1.0,1.0,1.0,0.0,-1.107,-0.4774,-4.2855,-4.5279,17.1767,31.2429,69.57,74.92,74.92,-1.1212,-8.1821,-8.1821
WMT,105.7300033569336,105.73,2026-09-10,False,105.58999633789062,107.16000366210938,-0.09,6.45,BAJO,842203529216.0,38.34,32.76,8.93,22.31,6.41,3.45,3.0,0.85,20.64,0.72,0.77,7.0,YAHOO,0.8174,0.5344,1.0061,0.060917,4.4683,-0.6451,82.09,2026-11-19,70,2026-08-20,21.0,yahoo,1.0,1.0,1.0,1.0,1.0,0.0,1.0,1.0,0.0,-0.3393,1.3322,-7.6641,-12.1128,8.7833,29.0686,115.4436,120.7409,133.8795,-8.4142,-12.4324,-21.026
TGT,155.72999572753906,155.73,2026-09-10,False,154.6699981689453,158.49000549316406,-1.14,79.63,BAJO,71560822784.0,16.36,16.51,4.01,26.41,5.69,6.04,4.08,4.8,9.93,1.08,0.99,6.0,YAHOO,0.8174,0.5344,1.0061,0.060917,4.4683,-0.6451,82.09,2026-11-18,69,2026-08-19,22.0,yahoo,1.0,0.0,1.0,1.0,1.0,1.0,1.0,0.0,0.0,-4.6707,-5.0658,16.4393,22.617,22.6325,34.1411,169.89,169.89,169.89,-8.3348,-8.3348,-8.3348
MCD,253.0500030517578,253.05,2026-09-10,False,252.5399932861328,255.55999755859375,-0.17,-13.27,BAJO,179372965888.0,20.61,18.13,-175.3,,13.25,46.48,31.72,3.49,15.62,,1.08,6.0,YAHOO,0.8174,0.5344,1.0061,0.060917,4.4683,-0.6451,82.09,2026-11-05,56,,,yahoo,1.0,0.0,1.0,1.0,1.0,0.0,1.0,1.0,0.0,-3.0274,-4.526,-6.5153,-9.7945,11.3608,22.9247,270.9044,285.8979,334.5029,-6.5907,-11.4894,-24.3504
SBUX,99.22000122070312,99.22,2026-09-10,False,98.77999877929688,101.66999816894531,-0.82,26.12,BAJO,114045599744.0,57.83,32.05,-14.86,,8.02,12.92,5.17,2.69,23.55,,0.76,5.0,YAHOO,0.8174,0.5344,1.0061,0.060917,4.4683,-0.6451,82.09,2026-10-28,48,,,yahoo,1.0,0.0,1.0,1.0,1.0,0.0,0.0,0.0,1.0,-7.0277,-8.5446,-7.0338,1.0429,10.8183,22.0592,108.49,108.49,108.49,-8.5446,-8.5446,-8.5446
NKE,36.619998931884766,36.62,2026-09-10,False,36.54999923706055,37.15999984741211,-1.95,-46.53,BAJO,55408676864.0,17.79,16.3,3.73,22.14,6.97,12.69,6.7,3.41,11.65,0.74,1.96,4.0,YAHOO,0.8174,0.5344,1.0061,0.060917,4.4683,-0.6451,82.09,2026-10-01,21,,,yahoo,1.0,0.0,1.0,0.0,1.0,0.0,0.0,1.0,0.0,-4.2364,-4.0983,-15.4285,-15.8133,10.0868,32.634,40.7972,44.7256,72.1898,-10.239,-18.1229,-49.2726
MDLZ,62.470001220703125,62.47,2026-09-10,False,61.83000183105469,62.619998931884766,0.08,6.75,BAJO,79667150848.0,22.86,18.57,3.0,13.34,4.12,21.98,8.86,2.83,16.46,0.83,0.6,5.0,YAHOO,0.8174,0.5344,1.0061,0.060917,4.4683,-0.6451,82.09,2026-10-27,47,,,yahoo,1.0,0.0,1.0,1.0,0.0,0.0,1.0,0.0,1.0,0.032,-0.857,4.3602,-1.8485,10.7131,26.7637,64.7,64.99,64.99,-3.4467,-3.8775,-3.8775
HSY,174.33999633789062,174.34,2026-09-10,False,173.22000122070312,176.1999969482422,1.25,-0.63,BAJO,34597392384.0,23.56,17.45,7.58,32.81,9.92,23.12,12.24,5.04,14.6,1.3,1.18,4.0,YAHOO,0.8174,0.5344,1.0061,0.060917,4.4683,-0.6451,82.09,2026-11-05,56,,,yahoo,1.0,0.0,1.0,1.0,0.0,1.0,0.0,0.0,0.0,-1.7415,-5.9401,0.2687,-0.5092,16.146,28.506,189.94,189.94,232.6481,-8.2131,-8.2131,-25.0628
ANF,142.92999267578125,142.93,2026-09-10,False,142.5,150.0,-6.02,54.24,BAJO,6453420032.0,13.13,11.84,4.91,40.61,13.63,19.94,10.04,6.75,7.77,0.94,1.41,5.0,YAHOO,0.8174,0.5344,1.0061,0.060917,4.4683,-0.6451,82.09,2026-11-25,76,2026-08-26,15.0,yahoo,1.0,0.0,1.0,1.0,0.0,1.0,1.0,0.0,0.0,4.634,-3.2623,56.0542,67.5026,68.5852,88.774,152.08,152.08,152.08,-6.0166,-6.0166,-6.0166
EBAY,105.02999877929688,105.03,2026-09-10,False,102.94000244140625,106.0,1.47,17.62,BAJO,46061948928.0,21.75,15.37,9.87,46.61,9.15,21.57,18.57,3.43,16.11,1.53,1.02,5.0,YAHOO,0.8174,0.5344,1.0061,0.060917,4.4683,-0.6451,82.09,2026-11-04,55,,,yahoo,1.0,1.0,1.0,0.0,0.0,0.0,1.0,0.0,1.0,-1.5651,1.103,-8.4635,-0.9968,28.6109,32.7365,106.7554,117.084,118.2715,-1.6162,-10.2952,-11.1959
ABEV,3.0399999618530273,3.04,2026-09-10,False,2.9700000286102295,3.059999942779541,1.0,35.71,BAJO,46414192640.0,15.05,14.09,2.7,18.4,10.3,23.74,18.41,42.79,1.18,0.03,1.02,8.0,YAHOO,0.8174,0.5344,1.0061,0.060917,4.4683,-0.6451,82.09,2026-10-29,49,,,yahoo,1.0,1.0,1.0,1.0,1.0,0.0,1.0,1.0,1.0,1.6722,4.8276,-0.6536,-1.9716,15.4415,20.4145,3.04,3.23,3.4202,0.0,-5.8824,-11.1171
UL,61.630001068115234,61.63,2026-09-10,False,61.52000045776367,62.47999954223633,-1.38,-8.22,BAJO,134557507584.0,21.11,15.81,7.13,31.87,8.29,20.34,18.32,5.0,14.97,1.75,0.74,7.0,YAHOO,0.8174,0.5344,1.0061,0.060917,4.4683,-0.6451,82.09,2026-10-28,48,2026-07-28,44.0,finnhub,1.0,1.0,1.0,0.0,0.0,1.0,1.0,1.0,1.0,-4.5532,-5.1262,1.0872,5.9829,11.013,28.1053,65.32,66.3122,72.7099,-5.6491,-7.0609,-15.2385
URBN,75.5999984741211,75.6,2026-09-10,False,74.18000030517578,76.56999969482422,-2.55,8.02,BAJO,6644757504.0,12.14,11.24,2.54,20.94,8.11,11.62,8.79,1.52,9.12,0.43,1.58,8.0,YAHOO,0.8174,0.5344,1.0061,0.060917,4.4683,-0.6451,82.09,2026-11-25,76,2026-08-26,15.0,yahoo,1.0,1.0,1.0,1.0,0.0,1.0,1.0,1.0,1.0,-4.0,-8.8608,8.2319,4.0033,22.2053,44.2943,82.95,82.95,82.95,-8.8608,-8.8608,-8.8608
CL,87.9000015258789,87.9,2026-09-10,False,87.7699966430664,88.81999969482422,-0.15,9.76,BAJO,70175121408.0,34.66,21.43,297.4,267.37,15.84,20.97,9.68,4.93,15.43,13.88,1.03,5.0,YAHOO,0.8174,0.5344,1.0061,0.060917,4.4683,-0.6451,82.09,2026-10-30,50,,,yahoo,1.0,0.0,1.0,1.0,1.0,0.0,1.0,0.0,0.0,-2.4417,-4.5188,-5.1562,-1.7188,9.2535,21.4775,92.93,94.5877,97.966,-5.4127,-7.0704,-10.275
COST,902.3800048828125,902.38,2026-09-10,False,899.0,912.0999755859375,-0.02,-3.3,BAJO,400283959296.0,45.49,39.89,24.21,29.15,8.67,3.67,3.01,1.74,28.91,0.6,1.07,6.0,YAHOO,0.8174,0.5344,1.0061,0.060917,4.4683,-0.6451,82.09,2026-09-24,14,,,yahoo,1.0,0.0,1.0,1.0,1.0,1.0,0.0,1.0,0.0,-2.811,-5.6206,-2.4411,-8.0901,6.9835,20.6595,971.4,985.1138,1092.5829,-7.1052,-8.3984,-17.4086
KMB,98.4800033569336,98.48,2026-09-10,False,98.27999877929688,99.54000091552734,-0.22,-17.46,BAJO,32825550848.0,19.51,13.16,18.76,104.91,10.2,19.0,11.79,2.87,11.07,3.49,0.91,4.0,YAHOO,0.8174,0.5344,1.0061,0.060917,4.4683,-0.6451,82.09,2026-11-03,54,,,yahoo,1.0,0.0,1.0,1.0,1.0,0.0,0.0,0.0,0.0,-8.8098,-9.6776,-9.5464,-1.8884,25.5413,28.4884,110.0495,113.3795,123.1648,-10.513,-13.1413,-20.0421
ORLY,85.51000213623047,85.51,2026-09-10,False,85.0199966430664,86.44999694824219,-0.66,-18.11,BAJO,69635342336.0,27.33,23.58,-38.27,,13.67,20.15,14.27,2.26,18.9,,0.75,7.0,YAHOO,0.8174,0.5344,1.0061,0.060917,4.4683,-0.6451,82.09,2026-10-28,48,,,yahoo,1.0,0.0,1.0,1.0,1.0,1.0,1.0,1.0,0.0,-1.6787,-4.5114,-2.028,-5.472,20.2237,31.3878,92.58,93.53,107.82,-7.6366,-8.5748,-20.6919
PM,189.77000427246094,189.77,2026-09-10,False,188.4199981689453,192.4499969482422,2.19,19.7,BAJO,289450098688.0,25.51,20.24,-33.72,,14.59,40.0,25.56,3.36,18.57,,0.98,7.0,YAHOO,0.8174,0.5344,1.0061,0.060917,4.4683,-0.6451,82.09,2026-10-21,41,,,yahoo,1.0,1.0,1.0,1.0,1.0,1.0,0.0,1.0,0.0,0.9737,-2.2308,5.3166,4.5878,28.054,28.6997,194.1,200.17,200.17,-2.2308,-5.1956,-5.1956
ETSY,71.58999633789062,71.59,2026-09-10,False,70.02999877929688,72.28500366210938,0.56,22.72,BAJO,6533942784.0,22.53,10.33,-4.71,,10.53,18.74,7.11,2.6,18.03,,1.48,5.0,YAHOO,0.8174,0.5344,1.0061,0.060917,4.4683,-0.6451,82.09,2026-11-04,55,,,yahoo,1.0,0.0,1.0,1.0,1.0,0.0,1.0,0.0,0.0,-12.396,-12.4174,-11.1015,4.1612,50.2997,45.9064,87.03,87.03,87.03,-17.741,-17.741,-17.741
TM,192.47999572753906,192.48,2026-09-10,False,191.8300018310547,193.3000030517578,0.79,-0.03,BAJO,226143502336.0,8.49,12.1,15.53,12.4,2.34,7.86,8.63,-1591.89,6.28,1.15,1.17,3.0,YAHOO,0.8174,0.5344,1.0061,0.060917,4.4683,-0.6451,82.09,2026-11-05,56,,,yahoo,1.0,0.0,1.0,1.0,0.0,0.0,0.0,0.0,0.0,-2.935,0.3336,10.1459,11.8875,24.9233,24.1159,199.87,199.87,248.29,-3.6974,-3.6974,-22.4777
HMC,31.6200008392334,31.62,2026-09-10,False,31.510000228881836,31.799999237060547,1.02,-4.31,BAJO,40617140224.0,,,0.51,-0.76,-0.15,8.76,-0.75,659.22,7.16,1.14,1.29,3.0,YAHOO,0.8174,0.5344,1.0061,0.060917,4.4683,-0.6451,82.09,2026-11-05,56,,,yahoo,0.0,0.0,1.0,1.0,0.0,0.0,1.0,0.0,0.0,-2.5277,0.6686,13.5776,21.103,43.6289,30.9801,33.37,33.37,34.12,-5.2442,-5.2442,-7.3271
NSANY,3.9600000381469727,3.96,2026-09-10,False,3.950000047683716,4.110000133514404,-1.0,-17.42,BAJO,7010247168.0,,4.66,0.22,-7.65,0.69,2.63,-3.37,-19394.23,15.32,1.72,1.54,4.0,YAHOO,0.8174,0.5344,1.0061,0.060917,4.4683,-0.6451,82.09,2026-11-05,56,,,yahoo,0.0,1.0,1.0,1.0,0.0,1.0,0.0,0.0,0.0,-2.7027,-1.4925,3.937,-2.9412,25.6835,38.0376,4.26,4.51,6.05,-7.0423,-12.1951,-34.5455
GM,86.12000274658203,86.12,2026-09-10,False,82.86000061035156,86.18000030517578,2.82,50.53,BAJO,75756863488.0,37.39,5.64,1.18,3.16,2.25,3.2,1.05,28.95,10.88,2.02,1.14,5.0,YAHOO,0.8174,0.5344,1.0061,0.060917,4.4683,-0.6451,82.09,2026-10-20,40,,,yahoo,1.0,0.0,1.0,1.0,0.0,1.0,1.0,0.0,0.0,1.6827,-0.037,12.4845,8.6878,39.979,29.8135,87.76,90.1136,90.1136,-1.8687,-4.4318,-4.4318
ARCO,8.0600004196167,8.06,2026-09-10,False,7.949999809265137,8.079999923706055,-0.37,20.85,BAJO,1704264192.0,6.58,9.41,2.05,36.36,6.91,5.56,5.16,7.56,5.93,2.64,0.88,6.0,YAHOO,0.8174,0.5344,1.0061,0.060917,4.4683,-0.6451,82.09,2026-11-18,69,2026-08-13,28.0,yahoo,1.0,1.0,1.0,1.0,0.0,1.0,1.0,0.0,0.0,-1.827,0.6242,-2.7744,-3.0247,8.9783,23.3832,8.25,8.6189,9.4222,-2.303,-6.4841,-14.4575
HD,305.69000244140625,305.69,2026-09-10,False,304.29998779296875,308.2799987792969,-1.53,-23.18,BAJO,309732737024.0,21.71,19.37,18.65,104.3,12.14,12.86,8.41,3.47,15.04,3.8,1.08,4.0,YAHOO,0.8174,0.5344,1.0061,0.060917,4.4683,-0.6451,82.09,2026-11-17,68,2026-08-18,23.0,yahoo,1.0,0.0,1.0,1.0,1.0,0.0,0.0,0.0,0.0,-3.3177,-8.0356,-8.6522,-3.442,21.8779,27.8273,341.7813,355.2818,411.7595,-10.5598,-13.9584,-25.7601
DIS,105.81999969482422,105.82,2026-09-10,False,103.56999969482422,106.12000274658203,1.57,-5.73,BAJO,179886243840.0,21.48,13.94,1.64,8.01,4.81,19.3,8.7,2.7,10.86,0.39,0.71,8.0,YAHOO,0.8174,0.5344,1.0061,0.060917,4.4683,-0.6451,82.09,2026-11-12,63,,,yahoo,1.0,1.0,1.0,1.0,1.0,0.0,1.0,1.0,1.0,-2.0004,-3.4753,10.2292,8.1339,22.1486,27.7872,111.25,111.25,115.4089,-4.8809,-4.8809,-8.3086
JNJ,266.3500061035156,266.35,2026-09-10,False,265.7200012207031,271.2699890136719,-0.27,55.16,BAJO,643635675136.0,31.02,21.7,7.57,25.74,8.6,29.19,21.48,2.62,19.27,0.58,1.09,3.0,YAHOO,0.8174,0.5344,1.0061,0.060917,4.4683,-0.6451,82.09,2026-10-13,33,,,yahoo,1.0,1.0,1.0,0.0,0.0,0.0,0.0,0.0,0.0,-3.2194,-1.3518,3.8382,12.2326,13.1452,25.831,278.43,278.43,278.43,-4.3386,-4.3386,-4.3386
LLY,1123.0,1123.0,2026-09-10,False,1120.52001953125,1133.7900390625,-0.11,52.0,BAJO,1002504519680.0,37.75,23.79,29.58,102.29,20.36,54.22,33.53,1.1,25.13,1.62,1.35,7.0,YAHOO,0.8174,0.5344,1.0061,0.060917,4.4683,-0.6451,82.09,2026-10-29,49,,,yahoo,1.0,1.0,1.0,0.0,0.0,1.0,1.0,1.0,1.0,-3.1963,-5.5834,-4.8449,-1.0349,16.3174,33.724,1280.34,1280.34,1280.34,-12.2889,-12.2889,-12.2889
NVO,44.0099983215332,44.01,2026-09-10,False,44.0099983215332,44.81999969482422,-1.23,-12.33,BAJO,196907302912.0,10.92,13.04,5.75,59.81,18.73,42.54,35.35,19.13,1.68,0.63,0.87,4.0,YAHOO,0.8174,0.5344,1.0061,0.060917,4.4683,-0.6451,82.09,2026-11-04,55,,,yahoo,1.0,0.0,1.0,1.0,0.0,1.0,0.0,0.0,0.0,-5.9012,-6.7387,-9.5528,4.1167,13.5509,37.7036,48.66,50.9588,60.9379,-9.5561,-13.6362,-27.7789
AMGN,382.4700012207031,382.47,2026-09-10,False,381.510009765625,391.6700134277344,-2.25,41.61,BAJO,211533070336.0,24.33,16.04,18.1,91.47,8.67,35.55,22.95,4.09,14.76,4.9,1.37,7.0,YAHOO,0.8174,0.5344,1.0061,0.060917,4.4683,-0.6451,82.09,2026-11-03,54,,,yahoo,1.0,1.0,1.0,1.0,1.0,0.0,0.0,1.0,1.0,-13.6325,-13.1421,6.7291,13.9091,69.6117,33.5493,444.12,444.12,444.12,-13.8814,-13.8814,-13.8814
UNH,388.2799987792969,388.28,2026-09-10,False,387.6000061035156,399.2699890136719,-1.22,15.32,BAJO,352808632320.0,25.28,17.52,3.61,14.15,4.87,7.13,3.14,6.88,15.07,0.69,0.78,6.0,YAHOO,0.8174,0.5344,1.0061,0.060917,4.4683,-0.6451,82.09,2026-10-27,47,,,yahoo,1.0,0.0,1.0,1.0,1.0,0.0,1.0,0.0,1.0,-2.8474,-3.1745,-9.5108,-4.163,19.4317,23.82,401.73,436.35,436.35,-3.348,-11.0164,-11.0164
PFE,27.649999618530273,27.65,2026-09-10,False,27.399999618530273,27.75,-0.47,21.6,BAJO,158336942080.0,36.55,9.59,1.86,5.01,5.78,27.88,6.8,7.89,8.29,0.74,1.27,5.0,YAHOO,0.8174,0.5344,1.0061,0.060917,4.4683,-0.6451,82.09,2026-11-03,54,,,yahoo,1.0,0.0,1.0,1.0,0.0,0.0,0.0,1.0,1.0,-4.7209,-2.2968,14.9253,9.8973,15.9151,22.7805,29.02,29.02,29.02,-4.7209,-4.7209,-4.7209
ABT,103.36000061035156,103.36,2026-09-10,False,103.18000030517578,105.19000244140625,-1.78,-17.7,BAJO,182088253440.0,34.06,17.35,3.56,10.58,5.33,14.71,11.65,3.96,17.97,0.63,1.38,5.0,YAHOO,0.8174,0.5344,1.0061,0.060917,4.4683,-0.6451,82.09,2026-10-14,34,,,yahoo,1.0,0.0,1.0,1.0,1.0,0.0,0.0,1.0,0.0,-6.4361,-9.4128,13.014,16.7402,17.6722,33.4136,116.67,116.67,133.5335,-11.4082,-11.4082,-22.5962
CVS,95.29000091552734,95.29,2026-09-10,False,94.87999725341797,97.31999969482422,-0.09,34.24,BAJO,121988186112.0,25.17,11.19,1.53,6.21,2.97,3.86,1.18,6.62,11.06,0.96,0.87,6.0,YAHOO,0.8174,0.5344,1.0061,0.060917,4.4683,-0.6451,82.09,2026-10-28,48,,,yahoo,1.0,0.0,1.0,1.0,1.0,1.0,0.0,0.0,1.0,-1.9953,1.0284,-9.4618,-2.1833,4.5813,26.2282,97.6,109.9195,109.9195,-2.3668,-13.3093,-13.3093
ABBV,255.0,255.0,2026-09-10,False,249.74000549316406,255.30999755859375,1.63,21.96,BAJO,443387412480.0,71.08,15.41,-74.7,,10.51,40.03,9.8,3.8,16.5,,0.81,7.0,YAHOO,0.8174,0.5344,1.0061,0.060917,4.4683,-0.6451,82.09,2026-10-29,49,,,yahoo,1.0,0.0,1.0,1.0,1.0,1.0,0.0,1.0,1.0,-2.5676,-3.0049,3.5545,14.1654,33.6557,29.4798,265.97,265.97,265.97,-4.1245,-4.1245,-4.1245
TMO,603.1799926757812,603.18,2026-09-10,False,594.8200073242188,606.6300048828125,-0.41,25.77,BAJO,223952240640.0,32.62,22.0,4.25,13.51,5.13,18.75,15.04,2.79,22.37,0.81,1.55,5.0,YAHOO,0.8174,0.5344,1.0061,0.060917,4.4683,-0.6451,82.09,2026-10-21,41,,,yahoo,1.0,0.0,1.0,1.0,0.0,1.0,1.0,0.0,0.0,-0.8808,-4.8177,14.1284,25.2561,14.4129,30.3043,633.71,633.71,638.1788,-4.8177,-4.8177,-5.4842
AZN,159.63999938964844,159.64,2026-09-10,False,157.22999572753906,160.3000030517578,1.72,2.03,BAJO,243397607424.0,23.53,13.82,4.84,21.96,8.02,23.46,17.02,2.02,13.61,0.64,0.89,7.0,YAHOO,0.8174,0.5344,1.0061,0.060917,4.4683,-0.6451,82.09,2026-10-30,50,,,yahoo,1.0,1.0,1.0,1.0,1.0,1.0,0.0,1.0,0.0,-1.2312,-3.9875,-5.8004,-10.7957,26.7967,34.2221,169.66,195.15,208.62,-5.9059,-18.1963,-23.4781
CAH,236.02000427246094,236.02,2026-09-10,False,235.6699981689453,242.1199951171875,-1.66,58.99,BAJO,55818174464.0,33.15,17.05,-19.4,,3.72,1.33,0.67,8.51,14.4,,0.88,8.0,YAHOO,0.8174,0.5344,1.0061,0.060917,4.4683,-0.6451,82.09,2026-11-05,56,2026-08-11,30.0,yahoo,1.0,1.0,1.0,1.0,1.0,0.0,1.0,1.0,1.0,-3.8576,-0.9983,1.01,9.3545,17.9436,23.2434,248.61,248.61,248.61,-5.0642,-5.0642,-5.0642
ISRG,360.4599914550781,360.46,2026-09-10,False,345.25,362.4800109863281,2.04,-18.35,BAJO,126558134272.0,40.51,29.26,6.88,17.42,10.51,33.6,28.45,2.07,28.63,,4.96,7.0,YAHOO,0.8174,0.5344,1.0061,0.060917,4.4683,-0.6451,82.09,2026-10-20,40,,,yahoo,1.0,1.0,1.0,1.0,0.0,1.0,1.0,0.0,1.0,-3.0709,-2.6888,-11.461,-12.514,45.3948,48.5655,401.27,432.83,592.85,-10.1702,-16.7202,-39.1988
MRNA,136.6199951171875,136.62,2026-09-10,False,130.3800048828125,137.1300048828125,0.74,440.66,BAJO,54140383232.0,,-29.53,8.0,-39.0,-13.26,-557.93,-141.43,0.55,-22.91,0.19,2.29,3.0,YAHOO,0.8174,0.5344,1.0061,0.060917,4.4683,-0.6451,82.09,2026-11-05,56,,,yahoo,0.0,1.0,0.0,1.0,0.0,0.0,0.0,1.0,0.0,-9.4092,-8.7131,103.88,197.0646,31.6366,378.1435,174.38,174.38,174.38,-21.6539,-21.6539,-21.6539
NVS,137.47999572753906,137.48,2026-09-10,False,137.4600067138672,139.42999267578125,0.0,13.51,BAJO,261310267392.0,20.77,14.02,6.29,30.35,10.25,34.62,22.5,4.55,13.12,1.17,0.86,8.0,YAHOO,0.8174,0.5344,1.0061,0.060917,4.4683,-0.6451,82.09,2026-10-27,47,,,yahoo,1.0,1.0,1.0,1.0,0.0,1.0,1.0,1.0,1.0,-15.3761,-12.7333,-10.3606,-7.1834,106.0156,39.7057,163.09,163.09,163.6393,-15.703,-15.703,-15.986
PHG,24.600000381469727,24.6,2026-09-10,False,24.56999969482422,24.84000015258789,-1.68,-8.12,BAJO,24455235584.0,18.95,13.14,1.83,10.15,4.07,13.99,6.31,6.25,12.48,0.65,1.26,7.0,YAHOO,0.8174,0.5344,1.0061,0.060917,4.4683,-0.6451,82.09,2026-11-03,54,,,yahoo,1.0,1.0,1.0,1.0,0.0,1.0,0.0,1.0,1.0,-6.7122,-8.8551,-10.0219,-4.1683,11.7581,24.2021,27.62,28.23,31.6757,-10.9341,-12.8587,-22.338
MRK,144.7100067138672,144.71,2026-09-10,False,144.10000610351562,148.0,-1.91,78.21,BAJO,363981832192.0,118.02,15.45,8.69,6.96,11.87,-0.24,4.77,4.17,14.23,1.28,1.32,4.0,YAHOO,0.8174,0.5344,1.0061,0.060917,4.4683,-0.6451,82.09,2026-10-29,49,,,yahoo,1.0,0.0,1.0,0.0,0.0,1.0,1.0,0.0,0.0,-4.57,-5.4801,16.6734,22.387,8.3431,37.5363,156.45,156.45,156.45,-7.504,-7.504,-7.504
GILD,144.80999755859375,144.81,2026-09-10,False,143.6699981689453,145.91000366210938,-0.58,28.64,BAJO,180599472128.0,,14.73,15.28,-20.68,14.09,33.68,-10.64,5.41,13.83,2.23,1.26,8.0,YAHOO,0.8174,0.5344,1.0061,0.060917,4.4683,-0.6451,82.09,2026-10-29,49,,,yahoo,1.0,1.0,1.0,1.0,1.0,0.0,1.0,1.0,1.0,-3.2083,-2.2149,10.2055,19.9882,19.5649,29.1549,151.22,151.22,153.9087,-4.2389,-4.2389,-5.9117
BMY,63.75,63.75,2026-09-10,False,63.72999954223633,64.91999816894531,-1.02,43.11,BAJO,131571253248.0,14.19,9.82,5.9,46.6,10.72,34.42,18.87,6.17,8.75,2.02,1.53,8.0,YAHOO,0.8174,0.5344,1.0061,0.060917,4.4683,-0.6451,82.09,2026-10-29,49,,,yahoo,1.0,1.0,1.0,1.0,1.0,1.0,0.0,1.0,1.0,-5.7789,-5.6534,7.4317,15.9526,18.9637,28.9202,68.09,68.09,68.09,-6.3739,-6.3739,-6.3739
HIMS,27.440000534057617,27.44,2026-09-10,False,27.121000289916992,28.0,-1.65,-44.41,BAJO,6509444096.0,,36.6,20.09,-32.03,-2.21,-12.75,-5.51,13.05,-708.92,4.77,0.93,4.0,YAHOO,0.8174,0.5344,1.0061,0.060917,4.4683,-0.6451,82.09,2026-11-09,60,,,yahoo,1.0,0.0,1.0,1.0,0.0,1.0,0.0,0.0,0.0,-4.3236,-8.0121,-20.1862,-1.2239,22.6335,88.6544,33.78,38.28,62.76,-18.7685,-28.3177,-56.2779
CAT,805.0,805.0,2026-09-10,False,797.5,811.9500122070312,-1.29,90.87,BAJO,374892429312.0,35.17,25.19,19.33,56.97,9.03,22.18,14.51,1.35,25.48,2.33,1.37,6.0,YAHOO,0.8174,0.5344,1.0061,0.060917,4.4683,-0.6451,82.09,2026-10-29,49,,,yahoo,1.0,0.0,1.0,1.0,1.0,1.0,1.0,0.0,0.0,1.6055,-2.0598,-13.4171,-5.8011,23.1103,42.9565,881.65,1062.9282,1062.9282,-8.6939,-24.2658,-24.2658
GE,324.1499938964844,324.15,2026-09-10,False,321.79998779296875,327.5,-0.39,18.29,BAJO,337643601920.0,38.42,35.79,19.14,48.23,5.07,20.57,17.72,1.95,30.32,1.13,0.98,6.0,YAHOO,0.8174,0.5344,1.0061,0.060917,4.4683,-0.6451,82.09,2026-10-20,40,,,yahoo,1.0,1.0,1.0,0.0,0.0,0.0,1.0,1.0,1.0,-1.6237,-8.533,-8.2819,1.8337,25.6945,28.9419,375.09,381.22,381.22,-13.5807,-14.9704,-14.9704
LMT,530.1199951171875,530.12,2026-09-10,False,524.0900268554688,531.0,1.08,18.1,BAJO,121040519168.0,19.33,16.03,13.76,89.17,8.64,11.96,8.16,4.6,14.23,2.34,1.19,6.0,YAHOO,0.8174,0.5344,1.0061,0.060917,4.4683,-0.6451,82.09,2026-10-20,40,,,yahoo,1.0,0.0,1.0,1.0,1.0,0.0,1.0,1.0,0.0,-0.269,-5.6966,2.4428,1.5959,32.0344,35.778,604.9383,604.9383,668.1661,-12.3679,-12.3679,-20.6604
RTX,198.1199951171875,198.12,2026-09-10,False,196.67999267578125,198.86000061035156,0.29,30.11,BAJO,266249617408.0,34.72,25.15,4.01,12.27,4.21,12.7,8.28,3.71,18.78,0.57,1.01,8.0,YAHOO,0.8174,0.5344,1.0061,0.060917,4.4683,-0.6451,82.09,2026-10-20,40,,,yahoo,1.0,1.0,1.0,1.0,1.0,1.0,0.0,1.0,1.0,-1.3248,-6.5428,1.216,12.0445,8.707,27.9085,225.49,225.49,225.49,-12.138,-12.138,-12.138
UAL,106.48999786376953,106.49,2026-09-10,False,104.63999938964844,107.88999938964844,-0.59,-0.05,BAJO,34767908864.0,10.03,7.07,2.08,23.25,3.38,5.53,5.56,2.62,7.3,2.02,0.78,7.0,YAHOO,0.8174,0.5344,1.0061,0.060917,4.4683,-0.6451,82.09,2026-10-21,41,,,yahoo,1.0,1.0,1.0,1.0,1.0,0.0,1.0,0.0,1.0,-1.7167,-7.2629,-12.108,3.6097,35.1285,39.8401,126.35,136.11,136.11,-15.7182,-21.7618,-21.7618
F,13.880000114440918,13.88,2026-09-10,False,13.149999618530273,13.949999809265137,3.2,26.11,BAJO,53633163264.0,,6.98,1.5,-18.25,0.35,1.88,-3.94,-14.8,25.49,4.57,1.09,2.0,YAHOO,0.8174,0.5344,1.0061,0.060917,4.4683,-0.6451,82.09,2026-10-22,42,,,yahoo,0.0,0.0,1.0,1.0,0.0,0.0,0.0,0.0,0.0,-1.8388,-0.1439,1.302,-1.8858,59.8715,31.4839,14.62,15.1163,17.2531,-5.0616,-8.1785,-19.5509
AAL,12.850000381469727,12.85,2026-09-10,False,12.609999656677246,13.0600004196167,-0.7,1.81,BAJO,8565890560.0,,5.73,-2.16,,1.12,2.81,-0.56,6.06,10.66,,0.53,4.0,YAHOO,0.8174,0.5344,1.0061,0.060917,4.4683,-0.6451,82.09,2026-10-22,42,,,yahoo,1.0,0.0,1.0,1.0,0.0,0.0,0.0,0.0,1.0,-1.9832,-7.1532,-21.214,-4.2474,19.7896,46.2844,15.06,18.15,18.15,-14.6746,-29.2011,-29.2011
UNP,285.7799987792969,285.78,2026-09-10,False,283.8900146484375,288.6700134277344,0.37,37.65,BAJO,169157050368.0,23.06,20.12,8.71,39.7,9.27,40.98,28.85,2.79,15.38,1.51,0.99,8.0,YAHOO,0.8174,0.5344,1.0061,0.060917,4.4683,-0.6451,82.09,2026-10-22,42,,,yahoo,1.0,1.0,1.0,1.0,1.0,1.0,1.0,1.0,0.0,-1.3633,-7.57,-0.7,7.5183,11.7355,22.6782,309.1852,309.1852,309.1852,-7.57,-7.57,-7.57
FDX,311.79998779296875,311.8,2026-09-10,False,306.7900085449219,313.8399963378906,0.84,73.89,BAJO,73176129536.0,16.65,14.82,2.34,14.85,5.01,11.13,4.68,7.73,8.66,1.36,1.48,5.0,YAHOO,0.8174,0.5344,1.0061,0.060917,4.4683,-0.6451,82.09,2026-10-28,48,,,yahoo,1.0,0.0,1.0,1.0,0.0,1.0,0.0,1.0,0.0,-1.4974,-7.1996,-0.6183,-1.967,23.3494,26.9446,339.35,339.35,339.35,-8.1185,-8.1185,-8.1185
PCAR,122.56999969482422,122.57,2026-09-10,False,121.83000183105469,123.37000274658203,0.57,26.0,BAJO,64153358336.0,25.66,16.95,3.16,12.76,4.12,12.02,9.0,3.03,21.49,0.73,5.52,4.0,YAHOO,0.8174,0.5344,1.0061,0.060917,4.4683,-0.6451,82.09,2026-10-27,47,,,yahoo,1.0,0.0,1.0,1.0,0.0,1.0,0.0,0.0,0.0,0.3603,-5.1536,-1.0989,7.8117,16.1644,27.2869,131.03,137.845,137.845,-6.4565,-11.0813,-11.0813
MMM,162.86000061035156,162.86,2026-09-10,False,161.3000030517578,164.4499969482422,-0.94,6.59,BAJO,84784766976.0,29.2,16.81,28.72,81.89,8.74,20.35,11.9,7.49,14.29,4.38,1.24,5.0,YAHOO,0.8174,0.5344,1.0061,0.060917,4.4683,-0.6451,82.09,2026-10-20,40,,,yahoo,1.0,0.0,1.0,0.0,0.0,1.0,1.0,0.0,1.0,-3.4904,-9.5222,3.7241,4.2862,13.2169,25.4368,181.8539,182.979,182.979,-10.4446,-10.9952,-10.9952
PAC,204.55999755859375,204.56,2026-09-10,False,203.1300048828125,209.1699981689453,-1.63,-17.82,BAJO,12373403648.0,19.03,16.42,578.77,28.03,10.47,44.16,30.83,55.75,81.85,1.18,0.74,7.0,YAHOO,0.8174,0.5344,1.0061,0.060917,4.4683,-0.6451,82.09,2026-10-19,39,,,yahoo,1.0,1.0,1.0,1.0,0.0,1.0,1.0,0.0,1.0,-1.8662,-4.7982,-12.1193,-7.7478,20.9675,27.0802,214.87,254.56,300.41,-4.7982,-19.6417,-31.9064
GT,5.539999961853027,5.54,2026-09-10,False,5.5,5.699999809265137,-3.65,-32.78,BAJO,1655417856.0,,10.19,0.58,-61.53,0.51,-0.96,-14.37,30.03,9.34,2.74,1.09,5.0,YAHOO,0.8174,0.5344,1.0061,0.060917,4.4683,-0.6451,82.09,2026-11-03,54,,,yahoo,0.0,0.0,1.0,1.0,1.0,1.0,0.0,0.0,1.0,-10.7891,-11.5016,-16.5663,-5.6218,58.0011,49.8378,6.35,7.45,10.54,-12.7559,-25.6376,-47.4383
BA,204.8000030517578,204.8,2026-09-10,False,204.6699981689453,208.82000732421875,-0.78,-4.33,BAJO,163148185600.0,74.25,50.46,26.75,173.54,-1.98,0.0,2.59,3.45,-66.29,7.91,1.14,6.0,YAHOO,0.8174,0.5344,1.0061,0.060917,4.4683,-0.6451,82.09,2026-10-28,48,,,yahoo,1.0,1.0,1.0,0.0,1.0,0.0,0.0,1.0,1.0,-1.9486,-3.4372,-4.9696,-2.0096,18.6618,32.3403,231.67,240.19,252.15,-11.5984,-14.7342,-18.7785
HON,202.17999267578125,202.18,2026-09-10,False,201.0800018310547,204.2100067138672,-1.34,-0.56,BAJO,64950513664.0,7.88,20.59,3.5,46.58,5.72,20.25,21.58,4.02,10.69,1.85,1.21,5.0,YAHOO,0.8174,0.5344,1.0061,0.060917,4.4683,-0.6451,82.09,2026-10-22,42,,,yahoo,1.0,0.0,1.0,1.0,0.0,0.0,1.0,0.0,1.0,-1.8877,-8.379,-8.7574,-6.0826,18.1757,31.4623,233.96,248.0457,257.9406,-13.5835,-18.4908,-21.6176
MOS,25.399999618530273,25.4,2026-09-10,False,25.399999618530273,26.5,-2.27,-19.24,BAJO,8332044800.0,,16.84,0.73,-5.07,1.24,-0.12,-5.21,-8.96,8.31,0.52,1.34,7.0,YAHOO,0.8174,0.5344,1.0061,0.060917,4.4683,-0.6451,82.09,2026-11-03,54,,,yahoo,1.0,1.0,1.0,1.0,0.0,1.0,0.0,1.0,1.0,-0.64,6.0224,14.814,29.2382,36.0162,40.6745,26.3073,26.3073,34.6571,-3.4489,-3.4489,-26.7105
BG,124.58999633789062,124.59,2026-09-10,False,124.30000305175781,127.47000122070312,0.88,58.53,BAJO,23726710784.0,26.56,10.89,1.49,7.18,3.47,4.62,1.1,-27.29,13.26,0.98,1.57,3.0,YAHOO,0.8174,0.5344,1.0061,0.060917,4.4683,-0.6451,82.09,2026-11-04,55,,,yahoo,1.0,0.0,1.0,1.0,0.0,0.0,0.0,0.0,0.0,1.4081,10.0132,6.7935,-2.2108,38.6319,35.251,124.59,124.59,130.5866,0.0,0.0,-4.5921
RKLB,61.959999084472656,61.96,2026-09-10,False,61.529998779296875,64.9000015258789,-1.76,30.51,BAJO,40327651328.0,,1384.33,10.8,-7.92,-4.62,-24.57,-21.51,-0.62,-236.31,0.04,5.48,5.0,YAHOO,0.8174,0.5344,1.0061,0.060917,4.4683,-0.6451,82.09,2026-11-09,60,,,yahoo,0.0,1.0,0.0,1.0,1.0,1.0,0.0,1.0,0.0,-1.8067,-6.3766,-19.2493,-41.0186,46.7164,81.0847,82.08,107.98,150.23,-24.5127,-42.619,-58.7566
ONDS,7.25,7.25,2026-09-10,False,7.144999980926514,7.539999961853027,-0.55,15.51,BAJO,4165904384.0,,-364.5,2.46,19.32,-8.37,-166.3,96.25,-1.66,-15.63,0.03,9.85,5.0,YAHOO,0.8174,0.5344,1.0061,0.060917,4.4683,-0.6451,82.09,2026-11-12,63,2026-08-13,28.0,yahoo,0.0,1.0,0.0,1.0,1.0,1.0,0.0,1.0,0.0,-4.7306,-11.8005,4.1667,-22.1267,32.7865,83.7546,9.24,9.77,14.01,-21.5368,-25.7932,-48.2512
SMSN.IL,4988.0,4988.0,2026-09-09,False,4952.0,5080.0,-1.52,277.47,BAJO,,51.72,79.53,0.0,10.64,2.3,6.08,13.13,,-1.44,0.03,2.88,6.0,YAHOO,0.8174,0.5344,1.0061,0.060917,4.4683,-0.6451,82.09,2026-10-28,48,,,yahoo,1.0,1.0,1.0,1.0,0.0,0.0,0.0,1.0,1.0,8.2465,10.5007,2.0458,1.6732,55.9051,83.1133,5075.0,6002.5513,6002.5513,-1.7143,-16.902,-16.902
ADS.DE,146.4499969482422,146.45,2026-09-09,False,145.9499969482422,148.8000030517578,-0.95,-13.98,BAJO,25637957632.0,18.75,12.55,4.3,24.32,6.7,8.51,5.3,3.71,11.43,0.94,1.39,6.0,YAHOO,0.8174,0.5344,1.0061,0.060917,4.4683,-0.6451,82.09,2026-10-29,49,,,yahoo,1.0,1.0,1.0,0.0,0.0,1.0,0.0,1.0,1.0,-1.0139,-4.0302,-19.4666,-15.4934,9.0958,36.2895,159.25,187.9,191.3097,-8.0377,-22.0596,-23.4487
BAYN.DE,49.2599983215332,49.26,2026-09-09,False,48.849998474121094,49.68000030517578,-0.3,73.93,BAJO,48394207232.0,,10.2,1.64,-5.69,3.18,9.19,-3.83,13.56,8.08,1.29,1.04,6.0,YAHOO,0.8174,0.5344,1.0061,0.060917,4.4683,-0.6451,82.09,2026-11-03,54,,,yahoo,0.0,0.0,1.0,1.0,1.0,0.0,1.0,1.0,1.0,0.7774,0.0,-1.7159,37.6362,14.4646,49.3551,49.41,53.36,53.36,-0.3036,-7.6837,-7.6837
RIOT,20.950000762939453,20.95,2026-09-10,False,20.780000686645508,21.809999465942383,-5.07,36.44,BAJO,8281964544.0,,-23.6,3.81,-48.24,-21.2,-122.33,-196.28,-8.68,-9.66,0.4,1.58,2.0,YAHOO,0.8174,0.5344,1.0061,0.060917,4.4683,-0.6451,82.09,2026-10-29,49,,,yahoo,0.0,0.0,0.0,0.0,0.0,0.0,0.0,1.0,1.0,12.4229,1.6497,3.7642,-12.9983,58.37,96.0344,22.26,28.69,28.69,-5.885,-26.978,-26.978
OKLO,39.880001068115234,39.88,2026-09-10,False,39.77000045776367,41.77000045776367,-6.32,-47.55,BAJO,7918771200.0,,-42.36,2.41,-7.7,-6.65,-6048.76,0.0,-3.02,-25.17,0.0,48.46,4.0,YAHOO,0.8174,0.5344,1.0061,0.060917,4.4683,-0.6451,82.09,2026-11-10,61,,,yahoo,0.0,1.0,0.0,1.0,1.0,1.0,0.0,0.0,0.0,0.9109,-4.1346,-12.9448,-26.1755,82.0282,81.7306,46.45,61.17,174.14,-14.1442,-34.8046,-77.0989
SATL,4.699999809265137,4.7,2026-09-10,False,4.679999828338623,5.210000038146973,-5.81,28.25,BAJO,767162112.0,,-166.33,22.68,,-9.86,1.67,0.0,-2.46,-48.22,2.85,2.34,4.0,YAHOO,0.8174,0.5344,1.0061,0.060917,4.4683,-0.6451,82.09,2026-11-12,63,,,yahoo,0.0,1.0,0.0,0.0,1.0,1.0,0.0,1.0,0.0,-0.6343,-8.3821,8.545,-25.1592,161.6364,103.2959,5.89,6.17,10.74,-20.2037,-23.825,-56.2384
JMIA,7.28000020980835,7.28,2026-09-10,False,7.230000019073486,7.459000110626221,-3.19,-22.6,BAJO,1004866304.0,,-22.12,1074.29,-216.21,-25.23,-23.8,-27.54,-2.77,-16.77,37.95,0.88,3.0,YAHOO,0.8174,0.5344,1.0061,0.060917,4.4683,-0.6451,82.09,2026-11-11,62,2026-08-12,29.0,yahoo,0.0,1.0,0.0,1.0,0.0,0.0,0.0,0.0,1.0,1.5342,6.5886,8.4948,5.3546,50.56,55.6698,7.52,7.52,14.6,-3.1915,-3.1915,-50.137
LAR,6.409999847412109,6.41,2026-09-10,False,6.28000020980835,6.570000171661377,-5.18,108.03,BAJO,1109316096.0,,19.75,1.41,-6.58,-2.05,0.0,0.0,-1.48,-35.29,0.3,0.47,1.0,YAHOO,0.8174,0.5344,1.0061,0.060917,4.4683,-0.6451,82.09,2026-11-09,60,2026-08-11,30.0,yahoo,0.0,0.0,0.0,1.0,0.0,0.0,0.0,0.0,0.0,-6.5598,-4.4709,-9.4633,-20.8642,41.4123,62.6952,6.91,9.62,11.79,-7.2359,-33.368,-45.6319
NG,7.610000133514404,7.61,2026-09-10,False,7.599999904632568,7.849999904632568,-6.05,11.6,BAJO,3554123008.0,,-34.31,8.44,-24.63,-4.36,0.0,0.0,-0.67,-103.76,0.41,112.82,4.0,YAHOO,0.8174,0.5344,1.0061,0.060917,4.4683,-0.6451,82.09,2026-09-30,20,,,yahoo,0.0,1.0,0.0,1.0,1.0,1.0,0.0,0.0,0.0,-6.8543,-18.3476,30.3082,11.9118,56.3902,77.6986,9.77,9.77,14.2,-22.1085,-22.1085,-46.4084
PBI,16.969999313354492,16.97,2026-09-10,False,16.68000030517578,17.059999465942383,-1.16,55.58,BAJO,2353838848.0,13.96,9.43,-2.73,,8.41,21.68,10.04,9.93,8.07,,0.73,7.0,YAHOO,0.8174,0.5344,1.0061,0.060917,4.4683,-0.6451,82.09,2026-11-05,56,,,yahoo,1.0,1.0,1.0,1.0,0.0,0.0,1.0,1.0,1.0,-2.4713,-0.2352,-5.8578,0.9342,22.5294,28.7638,17.58,18.4037,18.4037,-3.4699,-7.7905,-7.7905
AXIA,9.529999732971191,9.53,2026-08-14,False,9.267999649047852,9.600000381469727,-0.31,-0.08,BAJO,23290886144.0,10.02,10.99,1.22,10.01,3.05,43.79,27.05,16.97,4.39,0.63,2.05,6.0,YAHOO,0.8174,0.5344,1.0061,0.060917,4.4683,-0.6451,82.09,2026-11-04,55,,,yahoo,1.0,0.0,1.0,1.0,0.0,0.0,1.0,1.0,1.0,-2.6558,,,,59.054,,,,,,,
TEM,58.7400016784668,58.74,2026-09-10,False,58.02000045776367,61.11000061035156,-4.14,-31.26,BAJO,11057041408.0,,15320.0,24.8,-67.44,-8.55,-20.11,-17.77,-0.85,-60.43,3.25,3.3,4.0,YAHOO,0.8174,0.5344,1.0061,0.060917,4.4683,-0.6451,82.09,2026-11-03,54,,,yahoo,0.0,1.0,0.0,1.0,0.0,1.0,0.0,1.0,0.0,-5.1663,-14.2231,5.0241,18.7146,38.0968,89.8316,72.69,72.69,103.25,-19.1911,-19.1911,-43.109
MRSH,177.2899932861328,177.29,2026-09-10,False,176.39999389648438,178.5,0.25,-8.5,BAJO,84390035456.0,21.57,15.5,5.57,25.9,7.24,26.32,14.24,5.67,13.58,1.45,1.14,6.0,YAHOO,0.8174,0.5344,1.0061,0.060917,4.4683,-0.6451,82.09,2026-10-15,35,,,yahoo,1.0,0.0,1.0,1.0,1.0,0.0,1.0,0.0,1.0,-5.6165,-8.2635,-1.7832,6.6664,20.6738,28.6675,194.67,197.59,203.7672,-8.9279,-10.2738,-12.9938
CEPU,14.479999542236328,14.48,2026-09-10,False,14.0,14.640000343322754,2.33,63.82,BAJO,2122305280.0,6.55,8.43,1.08,19.03,7.21,24.84,28.78,-1976.69,1.24,0.33,1.28,7.0,YAHOO,0.8174,0.5344,1.0061,0.060917,4.4683,-0.6451,82.09,2026-11-11,62,2026-08-11,30.0,yahoo,1.0,1.0,1.0,1.0,0.0,1.0,1.0,0.0,1.0,1.1173,5.6163,-2.0298,-4.106,16.5882,38.506,14.48,15.85,17.95,0.0,-8.6435,-19.3315
BMA,78.83000183105469,78.83,2026-09-10,False,77.47000122070312,80.70999908447266,-0.43,79.95,BAJO,5062052864.0,19.94,7.01,1.21,5.36,1.31,26.07,8.39,,,,,5.0,YAHOO,0.8174,0.5344,1.0061,0.060917,4.4683,-0.6451,82.09,2026-11-25,76,2026-08-19,22.0,yahoo,,,,,,,,,,-0.3035,0.9994,-13.0679,-9.5314,13.2304,45.3373,80.43,101.0828,101.1279,-1.9893,-22.0144,-22.0492
SUPV,8.729999542236328,8.73,2026-09-10,False,8.529999732971191,8.90999984741211,-0.46,50.04,BAJO,828837056.0,,7.15,0.98,-8.01,-1.15,3.31,-11.23,,,,,2.0,YAHOO,0.8174,0.5344,1.0061,0.060917,4.4683,-0.6451,82.09,2026-11-17,68,,,yahoo,0.0,0.0,1.0,1.0,0.0,0.0,0.0,0.0,0.0,-1.4673,-0.7955,-8.3945,-9.6273,12.4252,56.9231,8.86,11.38,12.86,-1.4673,-23.2865,-32.1151
PAMP,5655.0,5655.0,2026-09-10,False,5450.0,5665.0,3.1,60.54,BAJO,,,,,,,,,,,,,,YAHOO,0.8174,0.5344,1.0061,0.060917,4.4683,-0.6451,82.09,,999,,,none,,,,,,,,,,5.0139,8.4372,8.1262,6.8998,23.1669,24.3334,5655.0,5655.0,5655.0,0.0,0.0,0.0
EDN,25.06999969482422,25.07,2026-09-10,False,24.3700008392334,25.420000076293945,0.97,41.62,BAJO,,7.39,18.24,0.6,9.59,3.09,5.14,7.2,,0.83,0.62,1.46,6.0,YAHOO,0.8174,0.5344,1.0061,0.060917,4.4683,-0.6451,82.09,2026-11-06,57,,,yahoo,1.0,0.0,1.0,0.0,0.0,1.0,1.0,1.0,1.0,0.6423,5.6914,1.9935,-3.3166,3.9925,45.2725,25.07,27.86,35.71,0.0,-10.0144,-29.7956
TGS,30.739999771118164,30.74,2026-09-10,False,29.530000686645508,30.969999313354492,3.05,38.54,BAJO,4490972160.0,13.03,11.4,1.91,15.98,9.91,40.71,28.02,7999.33,-0.48,0.43,3.67,6.0,YAHOO,0.8174,0.5344,1.0061,0.060917,4.4683,-0.6451,82.09,2026-11-03,54,,,yahoo,1.0,0.0,1.0,1.0,0.0,1.0,1.0,1.0,0.0,3.6063,8.4686,1.1184,0.0651,17.943,34.4396,30.74,31.83,35.32,0.0,-3.4244,-12.9672
TEO,13.539999961853027,13.54,2026-09-10,False,12.920000076293945,13.609999656677246,3.83,85.06,BAJO,,10.69,13.76,0.95,10.83,3.12,13.95,8.91,,1.98,0.67,0.58,6.0,YAHOO,0.8174,0.5344,1.0061,0.060917,4.4683,-0.6451,82.09,2026-11-09,60,,,yahoo,,,,,,,,,,1.728,1.3473,0.5197,-4.8489,29.5171,33.6956,13.55,14.87,15.98,-0.0738,-8.9442,-15.2691
IRS,15.569999694824219,15.57,2026-09-10,False,15.399999618530273,15.949999809265137,0.71,26.54,BAJO,1307908224.0,4.61,59.69,0.84,22.48,4.07,44.36,72.51,13176.83,3.93,0.45,0.6,2.0,YAHOO,0.8174,0.5344,1.0061,0.060917,4.4683,-0.6451,82.09,2026-11-04,55,2026-08-31,10.0,yahoo,1.0,0.0,1.0,0.0,0.0,0.0,0.0,0.0,0.0,1.8313,3.5239,2.9081,2.9081,17.5245,26.209,15.57,16.81,18.41,0.0,-7.3766,-15.4264
CRES,2011.0,2011.0,2026-09-10,False,1875.0,2034.0,6.29,69.27,BAJO,,,,,,,,,,,,,,YAHOO,0.8174,0.5344,1.0061,0.060917,4.4683,-0.6451,82.09,,999,,,none,,,,,,,,,,7.1962,12.2836,18.4335,9.0564,57.1612,34.5288,2011.0,2011.0,2120.0,0.0,0.0,-5.1415
LOMA,10.09000015258789,10.09,2026-09-10,False,10.0,10.239999771118164,-0.3,30.3,BAJO,1180969856.0,40.48,13.15,1.36,3.82,2.65,6.84,5.13,-2912.6,1.63,0.24,2.25,5.0,YAHOO,0.8174,0.5344,1.0061,0.060917,4.4683,-0.6451,82.09,2026-11-05,56,,,yahoo,1.0,0.0,1.0,1.0,0.0,1.0,1.0,0.0,0.0,-3.074,4.5596,-9.5067,-11.1796,16.207,39.0955,10.41,12.2,13.12,-3.074,-17.2951,-23.0945
GLOB,36.70000076293945,36.7,2026-09-10,False,35.900001525878906,37.06999969482422,1.55,-34.69,BAJO,1560509184.0,14.12,5.82,0.73,5.48,4.67,4.86,4.63,,5.01,0.24,1.84,4.0,YAHOO,0.8174,0.5344,1.0061,0.060917,4.4683,-0.6451,82.09,2026-11-19,70,2026-08-13,28.0,yahoo,1.0,0.0,1.0,1.0,0.0,0.0,1.0,0.0,0.0,-5.607,-5.388,14.259,-0.407,44.4339,66.5713,40.99,40.99,71.21,-10.466,-10.466,-48.4623
BBAR,15.34000015258789,15.34,2026-09-10,False,15.0,15.680000305175781,1.19,65.43,BAJO,3096228096.0,13.66,13.79,1.12,8.12,1.24,19.02,8.62,,,,,4.0,YAHOO,0.8174,0.5344,1.0061,0.060917,4.4683,-0.6451,82.09,2026-11-24,75,2026-08-27,14.0,yahoo,1.0,0.0,1.0,1.0,0.0,0.0,1.0,0.0,0.0,0.5242,2.815,-22.9137,-12.3822,24.1572,52.8528,16.02,21.7253,21.7253,-4.2447,-29.3911,-29.3911
LND,3.819999933242798,3.82,2026-09-10,False,3.75,3.859999895095825,0.79,1.8,BAJO,,,,0.94,-4.28,-0.88,4.64,-10.07,,61.02,0.71,1.54,2.0,YAHOO,0.8174,0.5344,1.0061,0.060917,4.4683,-0.6451,82.09,2026-11-05,56,2026-09-03,7.0,finnhub,0.0,0.0,1.0,1.0,0.0,0.0,0.0,0.0,0.0,-0.2611,2.965,5.5249,3.2432,20.5936,20.8143,3.87,3.87,4.37,-1.292,-1.292,-12.5858
IBKR,89.41999816894531,89.42,2026-09-10,False,88.73999786376953,90.23999786376953,-0.95,44.35,BAJO,153820463104.0,35.83,28.33,6.89,24.02,2.28,76.53,16.47,,,2.06,1.09,4.0,YAHOO,0.8174,0.5344,1.0061,0.060917,4.4683,-0.6451,82.09,2026-10-20,40,,,yahoo,1.0,0.0,1.0,1.0,0.0,0.0,0.0,1.0,0.0,0.3366,-7.75,-4.3384,4.7775,9.5311,42.5635,98.1012,98.1012,98.1012,-8.8492,-8.8492,-8.8492
DAL,78.23999786376953,78.24,2026-09-10,False,77.1500015258789,79.30000305175781,-0.65,33.44,BAJO,51787812864.0,13.06,9.11,2.36,20.12,4.02,7.92,5.78,5.44,9.05,0.97,0.42,6.0,YAHOO,0.8174,0.5344,1.0061,0.060917,4.4683,-0.6451,82.09,2026-10-08,28,,,yahoo,1.0,1.0,1.0,1.0,1.0,1.0,0.0,0.0,0.0,0.128,-5.8257,-9.2238,2.5673,22.3064,31.2469,91.31,93.4293,93.4293,-14.3139,-16.2575,-16.2575
BIIB,215.42999267578125,215.43,2026-09-10,False,208.92999267578125,216.6999969482422,2.23,47.32,BAJO,31136200704.0,37.43,12.74,1.65,4.58,5.21,25.06,8.32,4.07,11.37,0.44,1.86,4.0,YAHOO,0.8174,0.5344,1.0061,0.060917,4.4683,-0.6451,82.09,2026-10-29,49,,,yahoo,1.0,0.0,1.0,1.0,0.0,1.0,0.0,0.0,0.0,-3.2515,-2.5512,3.0618,10.9092,39.4806,39.7126,224.51,224.51,224.51,-4.0444,-4.0444,-4.0444
SYY,82.30999755859375,82.31,2026-09-10,False,81.20999908447266,82.41999816894531,0.91,7.03,BAJO,39079862272.0,22.29,15.16,14.64,77.69,7.97,4.84,2.08,4.9,11.65,5.65,1.28,6.0,YAHOO,0.8174,0.5344,1.0061,0.060917,4.4683,-0.6451,82.09,2026-11-03,54,,,yahoo,1.0,0.0,1.0,1.0,1.0,1.0,0.0,1.0,0.0,0.6727,-1.1529,-1.3779,5.4947,23.5579,18.5373,84.1,85.32,89.8822,-2.1284,-3.5279,-8.4245
MDT,91.62000274658203,91.62,2026-09-10,False,90.58000183105469,92.54000091552734,-0.29,2.95,BAJO,117539979264.0,22.63,14.36,2.38,10.65,5.12,19.33,13.93,4.6,13.21,0.55,2.07,7.0,YAHOO,0.8174,0.5344,1.0061,0.060917,4.4683,-0.6451,82.09,2026-11-17,68,2026-09-01,9.0,yahoo,1.0,1.0,1.0,1.0,0.0,1.0,1.0,0.0,1.0,-0.6075,-0.4347,9.6326,15.1983,19.768,27.8828,94.17,94.17,102.8065,-2.7079,-2.7079,-10.8811
MS,212.66000366210938,212.66,2026-09-10,False,212.50999450683594,216.27000427246094,-1.25,41.56,BAJO,338221465600.0,17.38,15.79,3.18,17.97,1.34,41.57,25.9,,,5.17,2.0,3.0,YAHOO,0.8174,0.5344,1.0061,0.060917,4.4683,-0.6451,82.09,2026-10-14,34,,,yahoo,1.0,1.0,0.0,0.0,0.0,0.0,1.0,0.0,0.0,0.3966,-0.6633,-3.2834,3.4698,9.961,28.3756,218.38,227.2988,227.2988,-2.6193,-6.4403,-6.4403
O,59.56999969482422,59.57,2026-09-10,False,59.47999954223633,60.470001220703125,-0.9,7.0,BAJO,56877166592.0,43.88,38.57,1.44,3.23,2.36,46.97,20.9,2.78,16.8,0.75,1.53,5.0,YAHOO,0.8174,0.5344,1.0061,0.060917,4.4683,-0.6451,82.09,2026-11-02,53,,,yahoo,1.0,1.0,1.0,1.0,0.0,0.0,0.0,0.0,1.0,-3.1382,-3.9004,-6.3669,-2.8438,7.3071,17.2534,62.8938,65.1872,65.8234,-5.2848,-8.617,-9.5003
DOW,29.639999389648438,29.64,2026-09-10,False,29.594999313354492,30.260000228881836,0.82,26.89,BAJO,21236817920.0,,16.01,1.34,-5.54,1.3,11.59,-3.13,1.12,9.57,1.12,1.75,3.0,YAHOO,0.8174,0.5344,1.0061,0.060917,4.4683,-0.6451,82.09,2026-10-22,42,,,yahoo,0.0,0.0,1.0,1.0,0.0,1.0,0.0,0.0,0.0,-5.243,-1.1409,-1.2711,-12.43,27.4911,37.1836,32.5226,32.5819,40.973,-8.8633,-9.0292,-27.6598
AVY,168.77000427246094,168.77,2026-09-10,False,167.69000244140625,170.4600067138672,-0.6,5.0,BAJO,12868068352.0,18.6,15.18,5.55,31.16,8.39,13.59,7.62,7.81,10.88,1.59,1.13,5.0,YAHOO,0.8174,0.5344,1.0061,0.060917,4.4683,-0.6451,82.09,2026-10-21,41,,,yahoo,1.0,0.0,1.0,1.0,0.0,1.0,1.0,0.0,0.0,-3.2393,-6.8991,6.6006,8.7658,23.763,27.958,182.6485,182.6485,194.0973,-7.5985,-7.5985,-13.0488
SWKS,84.02999877929688,84.03,2026-09-10,False,74.79000091552734,85.88999938964844,9.79,18.75,BAJO,11517187072.0,39.66,15.42,2.01,5.09,3.44,8.82,7.23,3.9,12.95,0.12,3.1,6.0,YAHOO,0.8174,0.5344,1.0061,0.060917,4.4683,-0.6451,82.09,2026-11-03,54,,,yahoo,1.0,0.0,1.0,1.0,1.0,0.0,1.0,0.0,1.0,17.2457,26.1333,44.2823,19.5476,61.0135,50.7181,84.03,84.03,84.03,0.0,0.0,0.0
IP,34.290000915527344,34.29,2026-09-10,False,33.81999969482422,34.779998779296875,-1.01,-20.08,BAJO,18344300544.0,,11.59,1.27,-16.48,1.59,2.3,-14.21,8.98,7.0,0.69,1.1,4.0,YAHOO,0.8174,0.5344,1.0061,0.060917,4.4683,-0.6451,82.09,2026-10-28,48,,,yahoo,0.0,0.0,1.0,1.0,1.0,0.0,0.0,1.0,0.0,-5.5372,-17.1539,-6.2689,8.887,47.5365,42.9615,41.49,43.5936,47.4479,-17.3536,-21.3416,-27.7312
LVS,42.599998474121094,42.6,2026-09-10,False,42.11000061035156,43.33000183105469,-1.68,-17.87,BAJO,28064892928.0,16.79,12.31,48.31,122.87,9.55,19.66,12.59,7.88,8.69,17.04,1.0,8.0,YAHOO,0.8174,0.5344,1.0061,0.060917,4.4683,-0.6451,82.09,2026-10-21,41,,,yahoo,1.0,1.0,1.0,1.0,0.0,1.0,1.0,1.0,1.0,-4.3556,-7.852,-6.5969,-15.6229,9.829,25.2784,47.27,49.5536,68.2933,-9.8794,-14.0324,-37.622
KLAC,177.17999267578125,177.18,2026-09-10,False,174.17999267578125,180.63999938964844,-3.13,88.27,BAJO,238980481024.0,49.84,27.28,37.65,87.5,20.8,42.49,35.57,1.1,39.68,0.97,2.88,7.0,YAHOO,0.8174,0.5344,1.0061,0.060917,4.4683,-0.6451,82.09,2026-10-28,48,,,yahoo,1.0,1.0,1.0,0.0,1.0,1.0,1.0,1.0,0.0,2.8561,-3.6175,-20.1889,-16.9428,79.4151,76.8003,209.1336,301.3694,301.3694,-15.279,-41.2084,-41.2084
DECK,79.87999725341797,79.88,2026-09-10,False,79.33999633789062,80.45999908447266,-0.44,-29.65,BAJO,10925871104.0,11.41,9.64,4.77,42.56,20.32,15.23,18.36,7.98,7.4,0.21,2.75,6.0,YAHOO,0.8174,0.5344,1.0061,0.060917,4.4683,-0.6451,82.09,2026-10-22,42,,,yahoo,1.0,1.0,1.0,1.0,0.0,0.0,1.0,0.0,1.0,-4.6323,-10.7187,-25.8998,-28.1525,38.0861,39.3295,93.3,110.17,120.94,-14.3837,-27.4939,-33.9507
IFF,84.05000305175781,84.05,2026-09-10,False,82.5999984741211,84.41999816894531,-0.31,32.32,BAJO,21511692288.0,,21.31,1.54,-5.55,2.27,8.49,2.57,-8.0,14.26,0.45,2.06,5.0,YAHOO,0.8174,0.5344,1.0061,0.060917,4.4683,-0.6451,82.09,2026-11-03,54,,,yahoo,0.0,0.0,1.0,1.0,1.0,0.0,0.0,1.0,1.0,-3.3241,-3.5239,11.9174,13.8279,10.0042,34.1706,87.95,88.07,88.07,-4.4343,-4.5645,-4.5645
SNA,374.8299865722656,374.83,2026-09-10,False,372.3999938964844,387.5199890136719,-0.69,18.54,BAJO,19522850816.0,19.26,17.69,3.23,17.93,9.85,25.4,19.6,5.68,13.57,0.22,3.43,6.0,YAHOO,0.8174,0.5344,1.0061,0.060917,4.4683,-0.6451,82.09,2026-10-15,35,,,yahoo,1.0,0.0,1.0,1.0,1.0,1.0,1.0,0.0,0.0,-1.5134,-5.6984,-5.972,-0.342,3.4191,19.2089,402.135,416.7245,416.7245,-6.79,-10.0533,-10.0533
NUE,255.4600067138672,255.46,2026-09-10,False,252.00999450683594,256.7799987792969,-0.95,82.67,BAJO,58513506304.0,20.57,13.37,2.65,14.55,7.32,15.67,7.99,1.17,11.28,0.31,2.51,6.0,YAHOO,0.8174,0.5344,1.0061,0.060917,4.4683,-0.6451,82.09,2026-10-26,46,,,yahoo,1.0,0.0,1.0,1.0,0.0,1.0,1.0,0.0,1.0,-3.2238,1.0522,9.6395,2.2346,15.6979,36.7582,272.68,274.74,274.74,-6.3151,-7.0175,-7.0175
PLD,134.41000366210938,134.41,2026-09-10,False,134.32000732421875,136.47999572753906,-0.92,23.43,BAJO,131873923072.0,30.21,39.84,2.36,7.75,2.52,43.03,43.58,4.1,24.69,0.64,0.65,4.0,YAHOO,0.8174,0.5344,1.0061,0.060917,4.4683,-0.6451,82.09,2026-10-15,35,,,yahoo,1.0,0.0,1.0,1.0,0.0,0.0,0.0,0.0,1.0,-1.596,-5.7367,-5.4516,-7.1239,18.7295,23.7698,143.36,150.06,150.06,-6.243,-10.4292,-10.4292
EFX,168.0399932861328,168.04,2026-09-10,False,166.32000732421875,171.77999877929688,-0.03,-32.11,BAJO,19748036608.0,29.49,16.53,4.51,14.27,6.16,17.3,10.73,4.8,13.09,1.21,0.6,8.0,YAHOO,0.8174,0.5344,1.0061,0.060917,4.4683,-0.6451,82.09,2026-10-20,40,,,yahoo,1.0,1.0,1.0,1.0,1.0,0.0,1.0,1.0,1.0,-9.4026,-11.563,-2.3663,1.4848,41.9979,45.8771,194.0692,194.0692,259.3654,-13.4123,-13.4123,-35.2111
DE,677.9400024414062,677.94,2026-09-10,False,671.4000244140625,682.0,0.11,46.65,BAJO,182593028096.0,37.69,29.85,6.52,18.24,3.76,17.48,10.17,2.47,25.84,3.76,2.13,5.0,YAHOO,0.8174,0.5344,1.0061,0.060917,4.4683,-0.6451,82.09,2026-11-25,76,2026-08-20,21.0,yahoo,1.0,0.0,1.0,1.0,0.0,1.0,1.0,0.0,0.0,-2.9254,6.8396,15.7605,21.3637,13.8493,34.9339,698.37,698.37,698.37,-2.9254,-2.9254,-2.9254
DHR,200.52999877929688,200.53,2026-09-10,False,200.33999633789062,203.10000610351562,-2.11,6.09,BAJO,144006692864.0,36.58,22.03,2.74,7.61,3.95,19.78,15.95,3.0,20.87,0.53,1.65,5.0,YAHOO,0.8174,0.5344,1.0061,0.060917,4.4683,-0.6451,82.09,2026-10-20,40,,,yahoo,1.0,0.0,1.0,1.0,0.0,1.0,1.0,0.0,0.0,-4.4686,-6.8861,0.1848,9.4298,12.9529,39.4744,218.85,218.85,241.0351,-8.371,-8.371,-16.8046
LIN,461.6199951171875,461.62,2026-09-10,False,460.20001220703125,467.1300048828125,-1.08,-0.67,BAJO,215116382208.0,30.11,23.86,5.5,18.4,7.16,28.12,20.43,1.93,17.35,0.69,0.88,5.0,YAHOO,0.8174,0.5344,1.0061,0.060917,4.4683,-0.6451,82.09,2026-10-30,50,,,yahoo,1.0,0.0,1.0,1.0,0.0,0.0,1.0,1.0,0.0,-4.9871,-5.5452,-11.6246,-9.0384,10.1759,20.9921,488.7206,544.8458,544.8458,-5.5452,-15.2751,-15.2751
SPGI,410.4200134277344,410.42,2026-09-10,False,410.260009765625,420.20001220703125,-1.9,-17.97,BAJO,123332526080.0,25.45,20.69,3.92,14.26,7.03,44.79,30.54,4.42,17.2,0.43,0.95,7.0,YAHOO,0.8174,0.5344,1.0061,0.060917,4.4683,-0.6451,82.09,2026-10-29,49,,,yahoo,1.0,1.0,1.0,1.0,0.0,0.0,1.0,1.0,1.0,-4.9315,-5.9726,-6.0521,1.9719,11.4904,35.274,450.58,456.3554,516.5792,-8.913,-10.0657,-20.5504
TJX,126.41999816894531,126.42,2026-09-10,False,125.55999755859375,127.08000183105469,0.24,-6.56,BAJO,138728718336.0,23.36,21.84,13.4,62.17,13.54,10.91,9.73,3.17,16.52,1.34,1.15,7.0,YAHOO,0.8174,0.5344,1.0061,0.060917,4.4683,-0.6451,82.09,2026-11-18,69,2026-08-19,22.0,yahoo,1.0,1.0,1.0,1.0,1.0,0.0,1.0,1.0,0.0,-3.724,-7.608,-15.7518,-24.3595,21.7722,24.2782,153.81,165.7969,167.8803,-17.8077,-23.7501,-24.6964
JCI,142.80999755859375,142.81,2026-09-10,False,142.42999267578125,144.52000427246094,-1.46,35.81,BAJO,87784046592.0,40.71,23.95,6.51,14.33,5.4,15.88,14.32,3.4,22.35,0.7,1.0,6.0,YAHOO,0.8174,0.5344,1.0061,0.060917,4.4683,-0.6451,82.09,2026-11-04,55,,,yahoo,1.0,1.0,1.0,0.0,0.0,0.0,1.0,1.0,1.0,2.5566,-1.0531,-0.7782,2.7592,25.3586,29.6511,153.92,154.76,154.76,-7.218,-7.7216,-7.7216
ADP,267.3299865722656,267.33,2026-09-10,False,265.1499938964844,268.7300109863281,0.8,-5.23,BAJO,105362030592.0,24.27,19.79,17.49,72.24,6.25,23.46,20.11,4.98,16.63,0.91,1.05,6.0,YAHOO,0.8174,0.5344,1.0061,0.060917,4.4683,-0.6451,82.09,2026-10-28,48,,,yahoo,1.0,0.0,1.0,1.0,0.0,1.0,1.0,1.0,0.0,-4.9189,-4.9966,6.4848,16.5548,28.6137,30.8076,287.48,287.48,289.9717,-7.0092,-7.0092,-7.8083
ECL,271.6000061035156,271.6,2026-09-10,False,268.5199890136719,272.239990234375,-0.22,2.44,BAJO,76308250624.0,36.54,28.9,7.59,21.96,7.23,18.52,12.57,1.93,20.58,1.38,1.84,6.0,YAHOO,0.8174,0.5344,1.0061,0.060917,4.4683,-0.6451,82.09,2026-10-27,47,,,yahoo,1.0,0.0,1.0,1.0,1.0,0.0,1.0,1.0,0.0,-2.9653,-6.5382,-0.092,5.9731,15.8177,21.39,290.6,290.6,306.69,-6.5382,-6.5382,-11.4415
SHW,317.44000244140625,317.44,2026-09-10,False,315.4200134277344,320.0,-1.0,-10.5,BAJO,77837975552.0,29.61,23.55,20.07,65.12,9.52,18.12,11.01,3.22,19.56,3.9,0.73,6.0,YAHOO,0.8174,0.5344,1.0061,0.060917,4.4683,-0.6451,82.09,2026-10-27,47,,,yahoo,1.0,0.0,1.0,1.0,0.0,1.0,1.0,1.0,0.0,-4.1691,-8.9543,-3.2818,4.6934,18.5454,32.9026,360.7162,368.8774,369.9614,-11.9973,-13.9443,-14.1964
ROST,225.47999572753906,225.48,2026-09-10,False,222.72999572753906,228.4199981689453,0.09,53.05,BAJO,72262361088.0,27.21,25.19,10.68,42.63,12.78,13.58,10.85,2.77,19.8,0.7,1.61,6.0,YAHOO,0.8174,0.5344,1.0061,0.060917,4.4683,-0.6451,82.09,2026-11-19,70,2026-08-20,21.0,yahoo,1.0,0.0,1.0,1.0,1.0,0.0,1.0,0.0,1.0,-2.1374,-4.3824,2.9417,-2.5889,12.6229,28.0554,244.8867,254.7377,254.7377,-7.9248,-11.4854,-11.4854
VRTX,514.5599975585938,514.56,2026-09-10,False,514.3200073242188,522.5999755859375,-1.26,32.07,BAJO,132083556352.0,30.32,25.76,6.52,23.54,11.93,38.05,35.0,1.99,24.74,0.1,3.19,6.0,YAHOO,0.8174,0.5344,1.0061,0.060917,4.4683,-0.6451,82.09,2026-11-02,53,,,yahoo,1.0,1.0,1.0,0.0,0.0,1.0,1.0,1.0,0.0,-7.5779,-5.9804,7.1442,18.0969,13.513,31.1519,557.96,557.96,557.96,-7.7783,-7.7783,-7.7783
DD,127.31999969482422,127.32,2026-09-10,False,126.44000244140625,128.30999755859375,-0.47,34.92,BAJO,17274697728.0,55.14,16.06,1.25,1.79,2.07,14.24,0.79,10.62,11.89,0.23,2.43,6.0,YAHOO,0.8174,0.5344,1.0061,0.060917,4.4683,-0.6451,82.09,2026-11-05,56,,,yahoo,0.0,0.0,1.0,1.0,1.0,0.0,1.0,1.0,1.0,-4.2203,-7.3198,-3.6031,-5.4001,20.428,22.4974,145.6193,146.7245,152.6918,-12.5666,-13.2251,-16.6163
HOOD,113.33000183105469,113.33,2026-09-10,False,111.94999694824219,116.30000305175781,-1.69,-1.18,BAJO,103646208000.0,51.01,34.11,10.93,23.62,4.53,43.88,42.01,,,2.4,1.12,4.0,YAHOO,0.8174,0.5344,1.0061,0.060917,4.4683,-0.6451,82.09,2026-11-04,55,,,yahoo,1.0,0.0,1.0,0.0,0.0,0.0,0.0,1.0,1.0,5.9258,4.4131,3.1586,31.2297,16.5854,75.5997,124.72,124.72,152.46,-9.1325,-9.1325,-25.6658
GEV,923.9099731445312,923.91,2026-09-10,False,918.5999755859375,951.6060180664062,-2.85,48.6,BAJO,253293887488.0,27.27,37.63,21.18,82.58,2.54,7.47,23.04,6.21,62.5,0.28,0.85,7.0,YAHOO,0.8174,0.5344,1.0061,0.060917,4.4683,-0.6451,82.09,2026-10-28,48,,,yahoo,1.0,1.0,1.0,1.0,1.0,0.0,1.0,1.0,0.0,0.2137,-3.0616,-11.384,6.6074,42.3865,56.8525,1079.0,1174.86,1174.86,-14.3735,-21.36,-21.36
DELL,506.6199951171875,506.62,2026-09-10,False,506.25,530.510009765625,-5.35,311.83,BAJO,340318781440.0,31.14,18.71,-241.98,,8.55,11.46,7.52,0.05,21.03,,0.96,7.0,YAHOO,0.8174,0.5344,1.0061,0.060917,4.4683,-0.6451,82.09,2026-11-27,78,2026-09-01,9.0,yahoo,1.0,1.0,1.0,1.0,1.0,1.0,1.0,0.0,0.0,2.9297,9.2277,18.8118,37.2136,53.1509,79.2344,535.25,535.25,535.25,-5.3489,-5.3489,-5.3489
GLW,163.1199951171875,163.12,2026-09-10,False,162.8800048828125,168.49000549316406,-3.17,120.6,BAJO,145109483520.0,77.63,38.76,12.15,16.81,5.37,15.65,11.2,0.51,37.34,0.71,1.81,7.0,YAHOO,0.8174,0.5344,1.0061,0.060917,4.4683,-0.6451,82.09,2026-10-27,47,,,yahoo,1.0,1.0,1.0,1.0,1.0,0.0,0.0,1.0,1.0,13.1756,6.9689,-10.7492,-2.8203,75.7035,93.0836,172.8845,255.2094,255.2094,-5.648,-36.0839,-36.0839
WDC,460.92999267578125,460.93,2026-09-10,False,456.75,471.2300109863281,-4.43,382.86,BAJO,173881671680.0,17.92,15.19,22.45,130.85,20.76,43.61,72.95,1.3,34.69,13.44,1.33,6.0,YAHOO+FINNHUB,0.8174,0.5344,1.0061,0.060917,4.4683,-0.6451,82.09,2026-11-05,56,,,yahoo,1.0,1.0,1.0,0.0,0.0,1.0,0.0,1.0,1.0,2.7128,-1.664,-17.0051,-5.9197,67.5383,93.9536,535.838,745.9905,745.9905,-13.9796,-38.2123,-38.2123
FISV,48.93000030517578,48.93,2026-09-10,False,48.369998931884766,49.779998779296875,0.58,-60.39,BAJO,25870452736.0,9.32,6.02,0.96,10.77,3.49,23.07,,,,1.04,1.04,5.0,YAHOO+FINNHUB,0.8174,0.5344,1.0061,0.060917,4.4683,-0.6451,82.09,2026-10-28,48,,,yahoo,1.0,1.0,1.0,1.0,0.0,0.0,1.0,0.0,0.0,-5.8676,-6.7112,-4.3962,-8.1644,43.4473,37.882,55.5,55.78,136.41,-11.8378,-12.2804,-64.1302
A,143.1199951171875,143.12,2026-09-10,False,141.25,144.14999389648438,-1.13,16.42,BAJO,40814551040.0,28.55,21.42,5.54,20.97,8.63,25.56,19.53,2.6,20.77,0.56,2.05,,YAHOO,0.8174,0.5344,1.0061,0.060917,4.4683,-0.6451,82.09,2026-11-25,76,2026-08-26,15.0,yahoo,1.0,0.0,1.0,1.0,1.0,0.0,1.0,0.0,0.0,-5.4627,-7.7122,6.7741,8.9464,21.2375,28.944,159.0,159.0,159.0,-9.9874,-9.9874,-9.9874
ACGL,96.19999694824219,96.2,2026-09-10,False,95.81999969482422,97.20999908447266,0.08,6.81,BAJO,32797235200.0,7.52,9.85,1.41,19.94,4.12,26.58,24.4,13.12,5.99,0.18,0.59,,YAHOO,0.8174,0.5344,1.0061,0.060917,4.4683,-0.6451,82.09,2026-10-26,46,,,yahoo,1.0,0.0,1.0,1.0,1.0,0.0,1.0,0.0,1.0,-2.0466,-4.4877,-6.6563,5.3554,22.0431,23.3715,101.14,106.48,106.48,-4.8843,-9.6544,-9.6544
ADM,86.91000366210938,86.91,2026-09-10,False,86.37999725341797,88.75,0.42,48.21,BAJO,41713602560.0,23.65,15.21,1.77,7.64,2.26,4.01,2.16,2.79,16.78,0.39,1.39,,YAHOO,0.8174,0.5344,1.0061,0.060917,4.4683,-0.6451,82.09,2026-11-03,54,,,yahoo,1.0,0.0,1.0,1.0,1.0,0.0,0.0,0.0,0.0,1.792,8.5154,6.6085,7.6053,18.153,27.4224,86.91,86.91,86.91,0.0,0.0,0.0
ADSK,211.61000061035156,211.61,2026-09-10,False,206.4199981689453,213.88999938964844,2.42,-32.22,BAJO,43183579136.0,26.76,14.54,12.76,53.85,11.47,29.23,21.08,7.31,18.69,1.1,0.85,,YAHOO,0.8174,0.5344,1.0061,0.060917,4.4683,-0.6451,82.09,2026-11-27,78,2026-08-27,14.0,yahoo,1.0,0.0,1.0,1.0,0.0,1.0,1.0,1.0,1.0,-12.4602,-16.9408,-0.2874,-4.37,69.2394,46.1648,270.58,270.58,324.86,-21.7939,-21.7939,-34.8612
AEE,104.94999694824219,104.95,2026-09-10,False,104.94000244140625,107.08000183105469,-1.22,10.18,BAJO,29414596608.0,18.71,18.29,2.15,11.94,3.06,25.24,18.58,-6.07,13.13,1.58,0.53,,YAHOO,0.8174,0.5344,1.0061,0.060917,4.4683,-0.6451,82.09,2026-11-04,55,,,yahoo,1.0,1.0,1.0,1.0,1.0,0.0,0.0,0.0,1.0,-0.1846,-1.9076,-6.8196,-2.8275,14.5081,19.4844,108.967,117.4865,117.4865,-3.6864,-10.6706,-10.6706
AEP,123.47000122070312,123.47,2026-09-10,False,123.33999633789062,125.73999786376953,-0.96,19.65,BAJO,67870019584.0,21.61,18.18,2.12,10.13,2.98,23.25,13.78,-8.83,13.51,1.61,0.5,,YAHOO,0.8174,0.5344,1.0061,0.060917,4.4683,-0.6451,82.09,2026-10-29,49,,,yahoo,1.0,1.0,1.0,1.0,0.0,1.0,0.0,0.0,0.0,-0.0809,0.0892,-8.2725,-3.2055,11.6418,19.3021,126.53,137.6421,137.6421,-2.4184,-10.2963,-10.2963
AES,14.800000190734863,14.8,2026-09-10,False,14.800000190734863,14.850000381469727,-0.13,23.49,BAJO,10573160448.0,5.55,6.25,2.14,9.57,2.96,18.67,14.34,-29.22,12.17,2.57,0.75,,YAHOO,0.8174,0.5344,1.0061,0.060917,4.4683,-0.6451,82.09,2026-11-04,55,,,yahoo,1.0,0.0,1.0,1.0,1.0,0.0,0.0,0.0,0.0,0.0,0.4752,1.4737,2.3753,2.8379,3.1713,14.83,14.83,16.8672,-0.2023,-0.2023,-12.2559
AFL,114.47000122070312,114.47,2026-09-10,False,113.5999984741211,115.94999694824219,-0.24,10.1,BAJO,57524129792.0,12.38,15.21,1.9,16.91,3.13,25.72,26.91,8.96,10.68,0.53,0.89,,YAHOO,0.8174,0.5344,1.0061,0.060917,4.4683,-0.6451,82.09,2026-11-04,55,,,yahoo,1.0,0.0,1.0,0.0,0.0,0.0,1.0,0.0,0.0,-2.3627,-2.5372,-6.6938,-1.762,10.9781,18.5236,121.12,128.9008,128.9008,-5.4904,-11.1953,-11.1953
AIZ,280.9700012207031,280.97,2026-09-10,False,279.2099914550781,284.92999267578125,0.19,36.21,BAJO,13832357888.0,13.43,11.97,2.27,18.34,2.56,11.73,7.9,15.54,8.06,0.36,0.38,,YAHOO,0.8174,0.5344,1.0061,0.060917,4.4683,-0.6451,82.09,2026-11-03,54,,,yahoo,1.0,1.0,1.0,1.0,0.0,0.0,1.0,0.0,1.0,-1.0913,-2.3125,0.6997,9.5198,12.6354,22.0493,287.71,300.641,300.641,-2.3426,-6.543,-6.543
AJG,243.30999755859375,243.31,2026-09-10,False,242.6999969482422,247.5500030517578,-0.4,-15.53,BAJO,62618976256.0,40.51,16.4,2.64,6.72,2.32,19.16,10.38,3.33,17.57,0.59,1.05,,YAHOO,0.8174,0.5344,1.0061,0.060917,4.4683,-0.6451,82.09,2026-10-29,49,,,yahoo,1.0,0.0,1.0,1.0,1.0,0.0,0.0,1.0,1.0,-7.7516,-7.95,-6.611,10.8204,25.1062,35.1131,271.2652,271.2652,306.8697,-10.3055,-10.3055,-20.7123
AKAM,107.12999725341797,107.13,2026-09-10,False,106.62999725341797,111.18000030517578,-3.27,37.84,BAJO,15916614656.0,40.13,15.41,3.35,8.92,2.52,7.63,9.51,4.46,20.28,1.97,1.64,,YAHOO,0.8174,0.5344,1.0061,0.060917,4.4683,-0.6451,82.09,2026-11-05,56,,,yahoo,1.0,0.0,1.0,1.0,0.0,1.0,1.0,0.0,0.0,1.9412,-0.8606,-14.385,-17.5733,54.8425,52.8086,125.29,132.31,161.14,-14.4944,-19.0311,-33.5174
ALB,122.11000061035156,122.11,2026-09-10,False,122.0,125.56999969482422,-3.02,67.49,BAJO,14858016768.0,466.33,11.15,1.85,2.65,3.16,27.71,3.79,8.98,11.95,0.19,2.09,,YAHOO,0.8174,0.5344,1.0061,0.060917,4.4683,-0.6451,82.09,2026-11-04,55,,,yahoo,0.0,1.0,1.0,1.0,0.0,1.0,0.0,1.0,0.0,-11.3539,-9.2186,-2.9255,-16.8444,49.2702,42.7333,143.25,166.56,215.071,-14.7574,-26.6871,-43.2234
ALGN,150.72000122070312,150.72,2026-09-10,False,148.5,151.22000122070312,-1.44,13.47,BAJO,10863414272.0,26.55,12.19,2.57,10.15,7.4,18.25,9.99,5.38,10.86,0.03,1.4,,YAHOO,0.8174,0.5344,1.0061,0.060917,4.4683,-0.6451,82.09,2026-10-28,48,,,yahoo,1.0,0.0,1.0,1.0,1.0,1.0,1.0,0.0,1.0,-5.2969,-5.2909,-16.5402,-11.6012,20.2092,41.466,181.31,188.39,197.51,-16.8717,-19.9958,-23.6899
ALL,251.7899932861328,251.79,2026-09-10,False,250.3300018310547,258.4700012207031,-0.71,29.34,BAJO,64119717888.0,5.08,9.19,2.03,46.11,8.68,22.83,18.97,23.64,3.97,0.22,0.36,,YAHOO,0.8174,0.5344,1.0061,0.060917,4.4683,-0.6451,82.09,2026-11-04,55,,,yahoo,1.0,1.0,1.0,0.0,1.0,0.0,1.0,0.0,0.0,-2.9112,-3.4269,-1.4085,13.2076,16.1467,29.651,263.11,273.9698,273.9698,-4.3024,-8.0957,-8.0957
ALLE,151.27000427246094,151.27,2026-09-10,False,150.69000244140625,152.39999389648438,-0.3,-11.37,BAJO,12902630400.0,19.91,15.52,6.09,33.73,11.03,22.1,15.36,3.75,14.11,1.05,1.93,,YAHOO,0.8174,0.5344,1.0061,0.060917,4.4683,-0.6451,82.09,2026-10-22,42,,,yahoo,1.0,0.0,1.0,1.0,1.0,0.0,1.0,1.0,0.0,-2.4505,-5.6214,10.9343,17.4284,24.822,33.7329,166.44,168.94,178.3569,-9.1144,-10.4593,-15.1869
AMCR,43.0,43.0,2026-09-10,False,42.5099983215332,43.18000030517578,-0.3,12.1,BAJO,19940970496.0,18.12,9.9,1.69,9.4,3.57,9.69,4.71,7.54,9.6,1.28,1.25,,YAHOO,0.8174,0.5344,1.0061,0.060917,4.4683,-0.6451,82.09,2026-11-05,56,2026-08-12,29.0,yahoo,1.0,1.0,1.0,1.0,0.0,1.0,0.0,1.0,1.0,-6.5599,-7.4914,2.7995,14.2725,19.4153,29.6594,47.9018,47.9018,48.4112,-10.2329,-10.2329,-11.1776
AME,234.24000549316406,234.24,2026-09-10,False,232.5,235.9199981689453,-0.86,25.33,BAJO,54167556096.0,34.49,24.64,4.81,14.56,8.16,26.18,20.04,2.75,22.39,0.21,1.21,,YAHOO,0.8174,0.5344,1.0061,0.060917,4.4683,-0.6451,82.09,2026-10-29,49,,,yahoo,1.0,0.0,1.0,1.0,1.0,0.0,1.0,1.0,0.0,0.4503,-4.4698,0.922,5.7765,16.8746,23.0083,256.22,258.52,258.52,-8.5786,-9.3919,-9.3919
AMP,553.530029296875,553.53,2026-09-10,False,552.5,563.6500244140625,0.3,14.54,BAJO,48749334528.0,13.32,10.68,7.67,63.43,2.28,30.72,19.9,5.96,,0.68,2.18,,YAHOO,0.8174,0.5344,1.0061,0.060917,4.4683,-0.6451,82.09,2026-10-29,49,,,yahoo,1.0,0.0,1.0,1.0,0.0,0.0,1.0,0.0,1.0,0.3044,-1.2048,7.1454,23.2212,8.6711,23.3661,570.68,570.68,570.68,-3.0052,-3.0052,-3.0052
AMT,172.97999572753906,172.98,2026-09-10,False,171.75,176.85000610351562,-1.4,-6.01,BAJO,81743372288.0,24.1,25.03,21.98,33.91,4.89,45.41,31.08,3.57,18.67,4.39,0.35,,YAHOO,0.8174,0.5344,1.0061,0.060917,4.4683,-0.6451,82.09,2026-10-27,47,,,yahoo,1.0,1.0,1.0,1.0,1.0,0.0,1.0,0.0,1.0,0.0347,-1.5649,2.0531,-9.2825,10.4429,29.3775,178.57,184.47,192.2845,-3.1304,-6.2287,-10.0396
AON,307.7699890136719,307.77,2026-09-10,False,304.20001220703125,310.0400085449219,1.01,-14.34,BAJO,64632500224.0,16.81,14.98,6.73,44.7,5.83,23.46,22.27,4.94,13.48,1.63,1.03,,YAHOO,0.8174,0.5344,1.0061,0.060917,4.4683,-0.6451,82.09,2026-10-30,50,,,yahoo,1.0,1.0,1.0,0.0,1.0,1.0,1.0,1.0,1.0,-6.9844,-13.0544,-16.0279,-8.2831,30.4437,35.0866,359.1,380.3929,380.3929,-14.2941,-19.0916,-19.0916
AOS,56.709999084472656,56.71,2026-09-10,False,56.5,57.279998779296875,-1.94,-19.4,BAJO,7859593216.0,16.11,14.14,4.27,27.13,12.54,18.93,13.15,6.17,10.66,0.37,1.59,,YAHOO,0.8174,0.5344,1.0061,0.060917,4.4683,-0.6451,82.09,2026-10-27,47,,,yahoo,1.0,1.0,1.0,1.0,1.0,0.0,1.0,1.0,1.0,-4.3031,-9.235,-4.1602,-0.2911,17.707,31.6912,63.8,63.98,79.5335,-11.1129,-11.3629,-28.6967
APA,44.529998779296875,44.53,2026-09-10,False,43.939998626708984,46.099998474121094,-0.69,103.11,BAJO,15709762560.0,9.46,10.33,2.24,26.66,11.6,56.33,19.56,13.67,3.51,0.49,0.95,,YAHOO,0.8174,0.5344,1.0061,0.060917,4.4683,-0.6451,82.09,2026-11-04,55,,,yahoo,1.0,1.0,1.0,1.0,1.0,0.0,1.0,0.0,1.0,-0.3803,8.1088,29.3436,18.009,43.5318,41.4074,44.84,44.84,44.84,-0.6914,-0.6914,-0.6914
APD,293.6499938964844,293.65,2026-09-10,False,292.4800109863281,297.2799987792969,-0.54,4.94,BAJO,65745674240.0,,20.45,4.74,0.02,4.73,25.54,-0.38,-2.28,18.43,1.1,1.08,,YAHOO,0.8174,0.5344,1.0061,0.060917,4.4683,-0.6451,82.09,2026-11-05,56,,,yahoo,0.0,0.0,1.0,1.0,0.0,0.0,0.0,0.0,0.0,-5.1058,-4.2425,-2.752,6.8584,4.2809,27.5949,309.46,314.19,314.19,-5.1089,-6.5374,-6.5374
APH,80.25,80.25,2026-09-10,False,79.2300033569336,80.8499984741211,-1.34,37.84,BAJO,200581726208.0,40.67,24.85,12.94,38.12,14.47,29.78,17.73,1.9,22.62,1.2,1.89,,YAHOO,0.8174,0.5344,1.0061,0.060917,4.4683,-0.6451,82.09,2026-10-28,48,,,yahoo,1.0,1.0,1.0,1.0,0.0,1.0,0.0,1.0,0.0,0.2624,-0.5206,2.8912,7.7216,16.1195,41.5873,85.435,88.16,88.16,-6.0689,-8.9723,-8.9723
APO,127.91000366210938,127.91,2026-09-10,False,127.7300033569336,131.27000427246094,-2.34,-2.1,BAJO,77349339136.0,46.61,12.2,3.85,11.41,0.94,21.95,5.27,,,1.01,1.95,,YAHOO,0.8174,0.5344,1.0061,0.060917,4.4683,-0.6451,82.09,2026-11-03,54,,,yahoo,1.0,0.0,1.0,1.0,0.0,0.0,0.0,0.0,1.0,-3.3109,-4.3091,8.0958,-2.051,12.9975,36.8966,142.9761,142.9761,150.8032,-10.5375,-10.5375,-15.1808
APP,314.489990234375,314.49,2026-09-10,False,300.0899963378906,317.6600036621094,3.09,-42.38,BAJO,102481707008.0,23.45,14.54,32.34,203.69,46.46,77.68,64.58,3.1,18.94,1.11,4.3,,YAHOO,0.8174,0.5344,1.0061,0.060917,4.4683,-0.6451,82.09,2026-11-04,55,,,yahoo,1.0,1.0,1.0,1.0,1.0,1.0,1.0,1.0,1.0,-1.4292,2.0707,-28.985,-36.2063,47.2172,69.3836,320.56,564.61,733.6,-1.8936,-44.2996,-57.1306
APTV,45.689998626708984,45.69,2026-09-10,False,43.83000183105469,45.709999084472656,2.65,-42.85,BAJO,9241758720.0,20.14,6.81,1.06,5.16,6.72,12.68,1.07,17.48,4.38,0.65,2.02,,YAHOO,0.8174,0.5344,1.0061,0.060917,4.4683,-0.6451,82.09,2026-10-29,49,,,yahoo,1.0,0.0,1.0,1.0,1.0,1.0,1.0,1.0,1.0,1.4657,-1.2535,-22.86,-29.9233,60.9731,49.821,50.04,65.68,88.67,-8.693,-30.4354,-48.4719
ARE,49.560001373291016,49.56,2026-09-10,False,49.2400016784668,50.81999969482422,-1.55,-35.37,BAJO,8663276544.0,,-62.15,0.55,-4.08,0.93,17.28,-36.08,15.53,14.08,0.69,2.35,,YAHOO,0.8174,0.5344,1.0061,0.060917,4.4683,-0.6451,82.09,2026-10-26,46,,,yahoo,0.0,0.0,1.0,1.0,0.0,1.0,1.0,0.0,1.0,-5.9939,-6.4376,3.0782,-4.0139,23.802,44.6779,54.04,54.87,82.4287,-8.2902,-9.6774,-39.8753
ARES,130.6300048828125,130.63,2026-09-10,False,130.2100067138672,133.89999389648438,-2.78,-24.09,BAJO,44321488896.0,61.64,18.68,12.18,14.94,2.59,19.38,10.63,4.87,34.75,1.72,0.54,,YAHOO,0.8174,0.5344,1.0061,0.060917,4.4683,-0.6451,82.09,2026-11-02,53,,,yahoo,1.0,0.0,1.0,1.0,1.0,0.0,0.0,0.0,1.0,-5.3817,-7.9941,8.4516,2.8337,17.4805,42.1504,149.45,149.45,178.1319,-12.5928,-12.5928,-26.6667
ATO,164.80999755859375,164.81,2026-09-10,False,164.6699981689453,168.05999755859375,-1.07,3.92,BAJO,28151803904.0,19.86,18.47,1.85,9.79,3.89,37.22,28.5,-7.89,14.46,0.68,0.81,,YAHOO,0.8174,0.5344,1.0061,0.060917,4.4683,-0.6451,82.09,2026-11-04,55,,,yahoo,1.0,1.0,1.0,1.0,0.0,0.0,0.0,1.0,1.0,-1.7116,-2.744,-7.6302,-2.0478,10.0945,16.2948,170.2833,178.4242,190.0626,-3.2142,-7.6302,-13.2864
AVB,68.13999938964844,68.14,2026-08-24,False,67.36000061035156,68.62000274658203,2.02,1.43,BAJO,26283393024.0,25.25,36.58,2.17,8.49,2.63,30.63,33.32,5.36,19.14,0.75,0.34,,YAHOO,0.8174,0.5344,1.0061,0.060917,4.4683,-0.6451,82.09,2026-10-28,48,,,yahoo,1.0,0.0,1.0,1.0,0.0,0.0,1.0,0.0,0.0,7.0374,3.5221,,,14.1797,,68.9044,,,-1.1094,,
AWK,139.83999633789062,139.84,2026-09-10,False,139.72000122070312,142.3699951171875,-0.35,5.46,BAJO,27887640576.0,24.32,21.37,2.39,10.1,3.52,40.66,21.35,-6.4,15.01,1.38,0.52,,YAHOO,0.8174,0.5344,1.0061,0.060917,4.4683,-0.6451,82.09,2026-10-28,48,,,yahoo,1.0,0.0,1.0,1.0,1.0,1.0,0.0,1.0,1.0,0.2509,1.7092,7.0251,11.3159,2.1213,23.432,140.89,140.89,141.5679,-0.7453,-0.7453,-1.2205
AXON,478.8500061035156,478.85,2026-09-10,False,476.04998779296875,492.19000244140625,-2.28,-33.67,BAJO,39806332928.0,205.88,46.34,10.83,6.22,0.51,5.17,6.19,0.56,248.11,0.5,2.15,,YAHOO,0.8174,0.5344,1.0061,0.060917,4.4683,-0.6451,82.09,2026-11-03,54,,,yahoo,1.0,0.0,1.0,1.0,0.0,1.0,0.0,0.0,0.0,-5.5485,-21.1744,-12.4637,6.9841,15.5475,76.0127,645.72,645.72,777.58,-25.8425,-25.8425,-38.4179
AZO,2881.469970703125,2881.47,2026-09-10,False,2876.25,2917.070068359375,-1.01,-31.25,BAJO,,20.01,16.62,-17.11,,11.39,19.08,12.4,,14.15,,0.89,,YAHOO,0.8174,0.5344,1.0061,0.060917,4.4683,-0.6451,82.09,2026-09-22,12,,,yahoo,1.0,0.0,1.0,1.0,1.0,1.0,1.0,0.0,0.0,-1.8078,-3.919,-6.4148,-7.3497,13.4572,30.7891,3076.8899,3218.1499,4354.54,-6.3512,-10.4619,-33.8284
BAX,24.18000030517578,24.18,2026-09-10,False,23.920000076293945,24.3799991607666,-0.86,1.5,BAJO,12609531904.0,,11.98,2.03,-14.37,2.85,14.43,-9.27,7.93,10.67,1.56,1.95,,YAHOO,0.8174,0.5344,1.0061,0.060917,4.4683,-0.6451,82.09,2026-10-29,49,,,yahoo,0.0,0.0,1.0,1.0,0.0,1.0,0.0,0.0,1.0,-5.9144,-8.7195,7.1747,19.1006,31.6387,43.5904,27.0396,28.3391,28.3391,-10.5755,-14.6761,-14.6761
BBY,88.08999633789062,88.09,2026-09-10,False,86.7699966430664,89.66000366210938,0.07,21.11,BAJO,18462328832.0,14.65,12.21,5.82,43.13,7.25,3.9,3.01,7.6,7.71,1.3,1.12,,YAHOO,0.8174,0.5344,1.0061,0.060917,4.4683,-0.6451,82.09,2026-11-24,75,2026-08-27,14.0,yahoo,1.0,1.0,1.0,1.0,0.0,1.0,1.0,0.0,1.0,1.2529,0.7434,7.8873,18.0093,33.2521,35.6766,90.27,90.27,90.27,-2.415,-2.415,-2.415
BDX,176.4199981689453,176.42,2026-09-10,False,175.6699981689453,178.94000244140625,-1.88,23.28,BAJO,48975151104.0,31.11,13.53,2.01,6.61,4.34,15.73,4.19,9.14,10.63,0.69,0.86,,YAHOO,0.8174,0.5344,1.0061,0.060917,4.4683,-0.6451,82.09,2026-11-05,56,,,yahoo,1.0,1.0,1.0,1.0,0.0,0.0,1.0,1.0,1.0,-5.3646,-6.7029,15.3614,20.076,26.964,29.7237,190.8744,190.8744,190.8744,-7.5727,-7.5727,-7.5727
BEN,33.65999984741211,33.66,2026-09-10,False,33.65999984741211,34.18000030517578,-1.35,45.19,BAJO,17335582720.0,23.21,10.69,1.48,7.89,2.64,12.98,8.72,-17.25,11.62,0.25,5.49,,YAHOO,0.8174,0.5344,1.0061,0.060917,4.4683,-0.6451,82.09,2026-11-06,57,,,yahoo,1.0,1.0,1.0,1.0,0.0,0.0,1.0,1.0,1.0,1.9691,-3.856,2.5282,9.1774,37.2727,25.523,35.03,35.77,35.77,-3.9109,-5.8988,-5.8988
BKR,59.400001525878906,59.4,2026-09-10,False,59.040000915527344,63.68000030517578,-6.66,31.02,BAJO,63173775360.0,20.46,20.08,3.17,16.46,4.85,12.83,11.17,6.99,12.93,0.81,2.1,,YAHOO,0.8174,0.5344,1.0061,0.060917,4.4683,-0.6451,82.09,2026-10-22,42,,,yahoo,1.0,0.0,1.0,1.0,1.0,1.0,1.0,1.0,0.0,-8.0922,-4.1935,3.3967,-5.3975,53.4262,32.9089,64.9,64.9,69.1833,-8.4746,-8.4746,-14.1411
BLDR,58.970001220703125,58.97,2026-09-10,False,58.130001068115234,61.2599983215332,-3.94,-57.19,BAJO,6605346304.0,66.73,13.75,1.65,2.51,2.39,3.33,0.71,7.03,11.52,1.31,1.79,,YAHOO,0.8174,0.5344,1.0061,0.060917,4.4683,-0.6451,82.09,2026-10-29,49,,,yahoo,1.0,0.0,1.0,1.0,0.0,0.0,1.0,0.0,0.0,-6.5304,-14.1255,-19.7796,-20.9729,52.158,59.0183,73.56,90.51,146.56,-19.8341,-34.847,-59.7639
BLK,1062.4000244140625,1062.4,2026-09-10,False,1061.550048828125,1074.52001953125,-0.9,-1.75,BAJO,174179352576.0,25.69,16.67,2.88,12.28,3.74,35.08,24.09,4.35,15.66,0.23,2.45,,YAHOO,0.8174,0.5344,1.0061,0.060917,4.4683,-0.6451,82.09,2026-10-14,34,,,yahoo,1.0,0.0,1.0,0.0,1.0,0.0,0.0,0.0,0.0,-3.5434,-8.9803,3.5182,5.6568,13.3573,28.4273,1176.8008,1176.8008,1177.4277,-9.7213,-9.7213,-9.7694
BR,168.24000549316406,168.24,2026-09-10,False,167.22000122070312,169.69000244140625,0.08,-29.89,BAJO,19167066112.0,17.53,14.52,6.75,40.92,9.29,24.61,15.04,6.23,12.32,1.24,1.24,,YAHOO,0.8174,0.5344,1.0061,0.060917,4.4683,-0.6451,82.09,2026-11-03,54,,,yahoo,1.0,1.0,1.0,1.0,0.0,1.0,1.0,1.0,1.0,-4.933,-6.7862,12.0738,16.3776,26.4901,34.7143,184.3148,184.3148,249.1264,-8.7214,-8.7214,-32.468
BRO,66.33000183105469,66.33,2026-09-10,False,66.16000366210938,67.63999938964844,-0.3,-26.36,BAJO,22261626880.0,21.26,13.79,1.74,10.02,5.38,41.84,18.08,7.38,10.18,0.64,1.13,,YAHOO,0.8174,0.5344,1.0061,0.060917,4.4683,-0.6451,82.09,2026-10-26,46,,,yahoo,1.0,0.0,1.0,1.0,0.0,0.0,0.0,1.0,0.0,-7.9262,-8.8623,-3.9394,10.4745,28.265,36.34,74.62,74.6971,95.0407,-11.1096,-11.2013,-30.2089
BSX,43.099998474121094,43.1,2026-09-10,False,42.779998779296875,44.41999816894531,-4.14,-56.12,BAJO,65157361664.0,18.2,13.11,2.61,15.34,6.19,22.9,17.5,3.76,13.57,0.5,1.24,,YAHOO,0.8174,0.5344,1.0061,0.060917,4.4683,-0.6451,82.09,2026-10-28,48,,,yahoo,1.0,1.0,1.0,1.0,0.0,1.0,0.0,1.0,1.0,-10.8952,-10.5252,-3.4715,-10.8399,56.5712,37.1981,52.01,52.01,105.23,-17.1313,-17.1313,-59.0421
BXP,63.720001220703125,63.72,2026-09-10,False,63.189998626708984,64.52999877929688,-0.89,-10.11,BAJO,11628609536.0,34.56,28.92,1.99,5.31,1.68,28.75,9.3,7.57,17.75,2.12,0.51,,YAHOO,0.8174,0.5344,1.0061,0.060917,4.4683,-0.6451,82.09,2026-10-27,47,,,yahoo,1.0,1.0,1.0,1.0,0.0,0.0,0.0,0.0,1.0,-5.0373,-9.3599,-4.9523,-1.6615,16.2322,28.8723,72.13,72.97,75.5641,-11.6595,-12.6764,-15.6743
CAG,14.699999809265137,14.7,2026-09-10,False,14.619999885559082,15.229999542236328,-2.71,-15.82,BAJO,7231126528.0,,9.74,1.14,-25.06,4.4,13.77,-16.98,11.88,8.32,1.18,0.9,,YAHOO,0.8174,0.5344,1.0061,0.060917,4.4683,-0.6451,82.09,2026-09-30,20,,,yahoo,0.0,0.0,1.0,1.0,0.0,1.0,0.0,0.0,1.0,-9.1471,-9.2032,3.7534,11.4532,13.3143,35.9968,16.67,16.67,19.3071,-11.8176,-11.8176,-23.8623
CARR,56.63999938964844,56.64,2026-09-10,False,55.970001220703125,57.31999969482422,-2.26,-5.11,BAJO,47769636864.0,41.39,17.52,3.64,8.97,2.98,13.07,5.52,1.8,19.12,0.92,1.02,,YAHOO,0.8174,0.5344,1.0061,0.060917,4.4683,-0.6451,82.09,2026-10-27,47,,,yahoo,1.0,0.0,1.0,1.0,0.0,0.0,1.0,0.0,0.0,-1.6325,-3.5751,-17.1496,-16.3695,23.8622,34.7377,63.35,75.7277,75.7277,-10.5919,-25.2057,-25.2057
CB,338.6700134277344,338.67,2026-09-10,False,337.2200012207031,342.8999938964844,0.31,23.02,BAJO,130253750272.0,11.97,11.6,1.73,14.82,3.36,23.53,18.07,8.05,10.27,0.31,0.41,,YAHOO,0.8174,0.5344,1.0061,0.060917,4.4683,-0.6451,82.09,2026-10-27,47,,,yahoo,1.0,1.0,1.0,1.0,1.0,0.0,1.0,0.0,0.0,-0.221,-1.4835,-4.5301,2.7669,18.4106,24.1941,348.25,363.5,363.5,-2.7509,-6.8308,-6.8308
CBOE,287.489990234375,287.49,2026-09-10,False,283.3800048828125,295.8999938964844,-1.5,25.1,BAJO,30480279552.0,22.77,19.16,5.42,26.3,11.58,34.63,26.73,2.23,15.39,0.28,1.56,,YAHOO,0.8174,0.5344,1.0061,0.060917,4.4683,-0.6451,82.09,2026-10-30,50,,,yahoo,1.0,1.0,1.0,1.0,1.0,1.0,1.0,1.0,0.0,-2.2542,-7.656,4.0265,-4.2485,12.5854,38.9733,313.0803,313.0803,364.9193,-8.1737,-8.1737,-21.2182
CCI,73.87000274658203,73.87,2026-09-10,False,73.4000015258789,75.62000274658203,-1.74,-16.42,BAJO,32853659648.0,30.69,26.04,-9.79,,4.72,46.83,20.72,3.15,20.2,,0.52,,YAHOO,0.8174,0.5344,1.0061,0.060917,4.4683,-0.6451,82.09,2026-10-21,41,,,yahoo,1.0,1.0,1.0,1.0,1.0,0.0,0.0,0.0,0.0,-2.0032,-2.2107,-7.4774,-19.97,14.8631,33.3453,77.26,88.13,95.3952,-4.3878,-16.1806,-22.5642
CCL,22.469999313354492,22.47,2026-09-10,False,22.280000686645508,22.799999237060547,-1.01,-27.11,BAJO,31091036160.0,10.23,8.62,2.4,26.69,5.37,12.79,11.24,6.11,7.54,2.02,0.33,,YAHOO,0.8174,0.5344,1.0061,0.060917,4.4683,-0.6451,82.09,2026-09-28,18,,,yahoo,1.0,1.0,1.0,1.0,1.0,1.0,0.0,1.0,1.0,-5.3496,-12.1923,-15.1158,-13.0909,14.992,35.9905,28.42,30.739,33.4524,-20.936,-26.9007,-32.83
CDNS,284.95001220703125,284.95,2026-09-10,False,282.2799987792969,289.1400146484375,0.12,-17.09,BAJO,78376845312.0,56.58,29.82,11.43,23.23,10.61,28.57,23.61,2.05,36.87,0.39,1.74,,YAHOO,0.8174,0.5344,1.0061,0.060917,4.4683,-0.6451,82.09,2026-10-26,46,,,yahoo,1.0,0.0,1.0,1.0,1.0,0.0,1.0,1.0,1.0,-7.0825,-14.859,-24.6004,-26.012,33.8171,38.2577,347.55,389.6,416.39,-18.0118,-26.8609,-31.5666
CDW,142.60000610351562,142.6,2026-09-10,False,141.0,145.3000030517578,0.16,-9.63,BAJO,17798729728.0,17.11,11.82,7.3,44.01,6.59,7.34,4.6,3.8,11.87,2.63,1.17,,YAHOO,0.8174,0.5344,1.0061,0.060917,4.4683,-0.6451,82.09,2026-11-03,54,,,yahoo,1.0,0.0,1.0,1.0,1.0,0.0,1.0,0.0,0.0,-4.0829,0.8059,-0.7473,10.813,36.7022,49.6175,153.92,153.92,167.3621,-7.3545,-7.3545,-14.7955
CF,135.11000061035156,135.11,2026-09-10,False,134.60000610351562,141.66000366210938,-2.17,62.69,BAJO,20901308416.0,10.25,13.32,3.64,29.87,12.93,49.33,27.12,6.11,6.51,0.41,4.86,,YAHOO,0.8174,0.5344,1.0061,0.060917,4.4683,-0.6451,82.09,2026-11-04,55,,,yahoo,1.0,1.0,1.0,1.0,0.0,1.0,1.0,1.0,1.0,-2.987,7.4861,12.3107,24.2963,43.7497,37.6076,139.27,139.27,139.27,-2.987,-2.987,-2.987
CFG,69.62999725341797,69.63,2026-09-10,False,68.625,69.70999908447266,0.37,41.15,BAJO,29217036288.0,15.11,10.62,1.22,8.27,0.94,35.13,26.05,,,,,,YAHOO,0.8174,0.5344,1.0061,0.060917,4.4683,-0.6451,82.09,2026-10-16,36,,,yahoo,1.0,1.0,1.0,1.0,1.0,0.0,1.0,0.0,1.0,-0.215,-1.22,-0.395,7.885,11.0565,23.9022,74.73,74.73,74.73,-6.8246,-6.8246,-6.8246
CHD,93.94000244140625,93.94,2026-09-10,False,93.61000061035156,95.29000091552734,-1.31,3.36,BAJO,22579439616.0,30.51,23.56,5.19,17.04,7.87,18.07,11.96,4.16,18.27,0.56,1.15,,YAHOO,0.8174,0.5344,1.0061,0.060917,4.4683,-0.6451,82.09,2026-10-30,50,,,yahoo,1.0,1.0,1.0,1.0,1.0,0.0,1.0,0.0,1.0,-5.4168,-8.672,-3.0193,-4.0366,13.2857,23.8006,102.86,103.3249,104.5985,-8.672,-9.0829,-10.1899
CHRW,152.4199981689453,152.42,2026-09-10,False,150.2100067138672,152.83999633789062,1.31,20.68,BAJO,17580271616.0,28.71,20.06,10.83,37.12,9.96,5.34,3.73,2.73,20.8,1.21,1.58,,YAHOO,0.8174,0.5344,1.0061,0.060917,4.4683,-0.6451,82.09,2026-10-28,48,,,yahoo,1.0,1.0,1.0,1.0,0.0,1.0,1.0,1.0,0.0,5.4252,0.888,-22.098,-17.2554,9.6699,49.9251,152.42,208.5206,208.5206,0.0,-26.9041,-26.9041
CHTR,140.55999755859375,140.56,2026-09-10,False,133.49000549316406,141.25999450683594,4.98,-44.16,BAJO,18045358080.0,3.48,3.04,0.94,27.2,5.31,23.5,9.05,12.18,5.37,4.42,0.36,,YAHOO,0.8174,0.5344,1.0061,0.060917,4.4683,-0.6451,82.09,2026-10-30,50,,,yahoo,1.0,0.0,1.0,1.0,1.0,1.0,1.0,1.0,0.0,-11.5808,-8.662,6.9955,2.0103,89.9128,59.3923,158.97,158.97,282.74,-11.5808,-11.5808,-50.2865
CI,280.9100036621094,280.91,2026-09-10,False,278.94000244140625,285.5,0.99,-3.5,BAJO,73503776768.0,11.5,8.31,1.72,16.76,4.46,3.98,2.27,10.86,7.71,0.74,0.85,,YAHOO,0.8174,0.5344,1.0061,0.060917,4.4683,-0.6451,82.09,2026-11-05,56,,,yahoo,1.0,1.0,1.0,1.0,0.0,1.0,1.0,0.0,1.0,-0.1309,0.5696,-7.2349,-4.5097,23.0206,28.2472,284.6794,302.8186,304.1076,-1.3241,-7.2349,-7.6281
CINF,169.58999633789062,169.59,2026-09-10,False,168.5399932861328,171.52000427246094,0.22,13.19,BAJO,25970022400.0,7.99,18.74,1.56,21.48,6.41,37.2,23.84,11.49,5.72,0.05,1.15,,YAHOO,0.8174,0.5344,1.0061,0.060917,4.4683,-0.6451,82.09,2026-10-26,46,,,yahoo,1.0,0.0,1.0,1.0,1.0,0.0,1.0,0.0,0.0,-1.2231,-1.6185,-7.1605,2.4571,17.0957,25.4864,174.72,192.03,192.03,-2.9361,-11.6857,-11.6857
CLX,88.7699966430664,88.77,2026-09-10,False,88.44000244140625,89.66999816894531,-0.95,-22.74,BAJO,10837836800.0,18.63,14.25,120.46,163.76,8.32,12.88,8.73,1.02,14.43,22.21,0.66,,YAHOO,0.8174,0.5344,1.0061,0.060917,4.4683,-0.6451,82.09,2026-11-03,54,,,yahoo,1.0,0.0,1.0,1.0,0.0,0.0,1.0,0.0,0.0,-5.8343,-14.8326,-5.516,-9.5781,8.1192,33.1511,107.9,107.9,124.127,-17.7294,-17.7294,-28.4845
CMCSA,25.170000076293945,25.17,2026-09-10,False,24.510000228881836,25.34000015258789,2.36,-13.12,BAJO,87260979200.0,7.88,6.79,0.97,11.49,4.31,17.23,8.97,14.55,4.99,1.0,0.8,,YAHOO,0.8174,0.5344,1.0061,0.060917,4.4683,-0.6451,82.09,2026-10-29,49,,,yahoo,1.0,1.0,1.0,1.0,1.0,1.0,1.0,1.0,0.0,-6.1171,-7.4632,5.0063,6.437,59.7657,36.6066,27.2,27.2,31.6751,-7.4632,-7.4632,-20.5369
CME,274.07000732421875,274.07,2026-09-10,False,272.57000732421875,277.6700134277344,-0.23,11.09,BAJO,98776424448.0,23.28,21.27,3.72,15.8,1.48,65.04,63.44,2.95,21.04,0.15,1.02,,YAHOO,0.8174,0.5344,1.0061,0.060917,4.4683,-0.6451,82.09,2026-10-21,41,,,yahoo,1.0,0.0,1.0,1.0,1.0,1.0,1.0,0.0,0.0,-0.8689,-2.0014,12.3446,4.3808,6.6519,28.2616,285.1116,285.1116,315.7113,-3.8727,-3.8727,-13.1897
CMG,36.130001068115234,36.13,2026-09-10,False,35.689998626708984,36.630001068115234,0.28,-4.69,BAJO,45593010176.0,33.36,26.31,20.77,49.56,13.08,16.11,11.43,2.45,22.12,2.46,0.71,,YAHOO,0.8174,0.5344,1.0061,0.060917,4.4683,-0.6451,82.09,2026-10-28,48,,,yahoo,1.0,1.0,1.0,1.0,0.0,0.0,1.0,0.0,1.0,-6.2046,-3.2405,-1.365,18.7705,21.1302,50.8899,38.52,38.52,42.36,-6.2046,-6.2046,-14.7073
CMI,550.030029296875,550.03,2026-09-10,False,544.8099975585938,557.6699829101562,-0.85,38.35,BAJO,76370747392.0,28.39,16.08,5.94,21.11,7.0,11.9,7.82,2.92,16.29,0.6,1.73,,YAHOO,0.8174,0.5344,1.0061,0.060917,4.4683,-0.6451,82.09,2026-11-05,56,,,yahoo,1.0,0.0,1.0,1.0,0.0,1.0,0.0,1.0,0.0,-0.1579,-4.8621,-16.9046,-12.4409,28.7392,34.9197,638.7823,724.8918,724.8918,-13.894,-24.1225,-24.1225
CMS,67.68000030517578,67.68,2026-09-10,False,67.66999816894531,68.7300033569336,-0.72,-0.04,BAJO,21376552960.0,20.53,16.4,2.24,9.16,2.97,17.17,11.64,-10.29,13.68,1.86,0.94,,YAHOO,0.8174,0.5344,1.0061,0.060917,4.4683,-0.6451,82.09,2026-10-29,49,,,yahoo,1.0,0.0,1.0,1.0,0.0,1.0,0.0,0.0,1.0,-0.5583,-2.2389,-9.9324,-7.1247,9.8569,17.787,71.4,78.1791,78.6889,-5.2101,-13.4295,-13.9904
CNC,65.4000015258789,65.4,2026-09-10,False,65.26000213623047,68.20999908447266,2.09,94.48,BAJO,31645319168.0,,12.06,1.4,-20.36,2.48,3.76,-2.83,30.46,4.51,0.71,1.15,,YAHOO,0.8174,0.5344,1.0061,0.060917,4.4683,-0.6451,82.09,2026-10-27,47,,,yahoo,0.0,0.0,1.0,1.0,0.0,0.0,1.0,0.0,1.0,-2.8809,-0.1069,-4.232,0.0918,37.6883,37.0526,68.02,68.72,68.72,-3.8518,-4.8312,-4.8312
CNP,39.119998931884766,39.12,2026-09-10,False,39.06999969482422,40.16999816894531,-1.63,7.21,BAJO,26197305344.0,23.67,19.06,2.24,9.83,3.0,24.49,11.61,-19.82,13.07,2.1,1.12,,YAHOO,0.8174,0.5344,1.0061,0.060917,4.4683,-0.6451,82.09,2026-10-22,42,,,yahoo,1.0,0.0,1.0,1.0,1.0,0.0,0.0,0.0,1.0,-0.9871,-1.1872,-10.8231,-7.9228,18.7091,19.5019,40.5874,44.7724,44.7724,-3.6155,-12.6248,-12.6248
COF,207.11000061035156,207.11,2026-09-10,False,205.3000030517578,209.99000549316406,-1.78,-3.67,BAJO,129359421440.0,11.62,8.78,1.26,9.03,1.52,33.63,21.87,,,,,,YAHOO,0.8174,0.5344,1.0061,0.060917,4.4683,-0.6451,82.09,2026-10-20,40,,,yahoo,1.0,0.0,1.0,1.0,1.0,0.0,0.0,0.0,1.0,-4.3814,-4.6499,2.3748,17.008,14.2079,27.8239,226.54,226.54,254.9582,-8.5768,-8.5768,-18.7671
COO,54.16999816894531,54.17,2026-09-10,False,51.0099983215332,55.43000030517578,-14.67,-18.3,BAJO,12380544000.0,53.8,12.71,1.5,2.85,2.52,-2.87,5.57,3.43,16.89,0.33,1.27,,YAHOO,0.8174,0.5344,1.0061,0.060917,4.4683,-0.6451,82.09,2026-09-09,999,,,yahoo,1.0,0.0,1.0,1.0,1.0,0.0,1.0,0.0,1.0,-22.3146,-25.4678,-24.0466,-19.9734,94.3202,43.2248,76.73,76.82,84.32,-29.4018,-29.4845,-35.7566
COR,320.95001220703125,320.95,2026-09-10,False,320.9100036621094,327.8999938964844,-0.73,9.38,BAJO,61698240512.0,24.0,16.32,20.22,96.87,3.56,1.41,0.79,3.31,13.26,4.47,0.94,,YAHOO,0.8174,0.5344,1.0061,0.060917,4.4683,-0.6451,82.09,2026-11-04,55,,,yahoo,1.0,0.0,1.0,1.0,0.0,1.0,1.0,1.0,0.0,-4.5814,-2.0867,5.0444,14.3409,12.0673,28.1852,337.22,337.22,372.5274,-4.8247,-4.8247,-13.8453
CPB,20.940000534057617,20.94,2026-09-10,False,20.799999237060547,21.899999618530273,-4.3,-31.46,BAJO,6524752384.0,16.7,11.93,1.69,10.05,4.95,10.34,4.08,11.45,8.36,1.72,0.81,,YAHOO,0.8174,0.5344,1.0061,0.060917,4.4683,-0.6451,82.09,2026-12-07,88,2026-09-03,7.0,finnhub,,,,,,,,,,-11.9428,-9.8579,-5.4627,-6.9325,46.9423,39.3057,24.16,24.16,31.7442,-13.3278,-13.3278,-34.0353
CPRT,30.75,30.75,2026-09-10,False,30.540000915527344,32.2599983215332,-4.0,-34.54,BAJO,29653739520.0,19.89,19.07,3.38,17.61,11.34,37.53,33.48,3.37,13.04,0.01,7.61,,YAHOO,0.8174,0.5344,1.0061,0.060917,4.4683,-0.6451,82.09,2026-09-10,0,,,yahoo,1.0,0.0,1.0,1.0,0.0,1.0,0.0,1.0,0.0,-4.3843,-5.8769,12.0219,-1.9452,31.122,43.6465,34.33,34.33,48.9,-10.4282,-10.4282,-37.1166
CPT,102.5,102.5,2026-09-10,False,102.20999908447266,104.70999908447266,-1.55,-1.11,BAJO,12048918528.0,34.36,95.51,2.81,7.89,1.87,16.1,20.62,1.16,17.43,1.26,0.35,,YAHOO,0.8174,0.5344,1.0061,0.060917,4.4683,-0.6451,82.09,2026-11-05,56,,,yahoo,1.0,1.0,1.0,1.0,0.0,1.0,1.0,1.0,0.0,-2.8804,-4.7486,-10.2373,-10.2947,10.8223,20.1202,110.47,117.58,117.58,-7.2146,-12.8253,-12.8253
CRH,87.66000366210938,87.66,2026-09-10,False,86.83999633789062,88.68000030517578,-1.89,-19.99,BAJO,59443167232.0,15.79,13.54,2.48,15.81,6.06,19.02,9.94,3.4,10.05,0.78,1.58,,YAHOO,0.8174,0.5344,1.0061,0.060917,4.4683,-0.6451,82.09,2026-10-29,49,,,yahoo,1.0,0.0,1.0,1.0,0.0,1.0,1.0,1.0,0.0,-5.4063,-9.6754,-14.3108,-11.9711,41.7,30.5256,97.31,112.5987,129.9237,-9.9168,-22.1483,-32.5296
CRL,273.0,273.0,2026-09-10,False,272.05999755859375,275.8800048828125,-1.92,73.48,BAJO,13407486976.0,,21.94,4.68,-7.52,4.11,15.11,-5.96,3.5,19.05,1.05,1.35,,YAHOO,0.8174,0.5344,1.0061,0.060917,4.4683,-0.6451,82.09,2026-11-04,55,,,yahoo,0.0,0.0,1.0,1.0,0.0,0.0,1.0,1.0,1.0,-6.4299,-7.489,18.8248,46.5457,11.9524,44.1153,298.58,298.58,298.58,-8.5672,-8.5672,-8.5672
CSGP,29.489999771118164,29.49,2026-09-10,False,28.790000915527344,30.139999389648438,-0.3,-63.55,BAJO,11985744896.0,164.33,17.07,1.51,0.89,0.47,8.22,2.08,3.44,30.17,0.15,2.21,,YAHOO,0.8174,0.5344,1.0061,0.060917,4.4683,-0.6451,82.09,2026-10-27,47,,,yahoo,1.0,0.0,1.0,1.0,1.0,0.0,0.0,0.0,1.0,-5.6622,-8.2452,2.5026,-13.8475,16.2157,50.8611,33.73,33.73,89.26,-12.5704,-12.5704,-66.9617
CSX,49.040000915527344,49.04,2026-09-10,False,48.150001525878906,49.5,1.39,53.78,BAJO,89604210688.0,28.12,21.29,6.36,24.36,7.38,38.42,22.21,2.18,15.76,1.38,0.82,,YAHOO,0.8174,0.5344,1.0061,0.060917,4.4683,-0.6451,82.09,2026-10-22,42,,,yahoo,1.0,0.0,1.0,1.0,1.0,0.0,1.0,0.0,0.0,0.8016,-4.9956,-0.9382,5.9562,20.476,22.6135,51.6187,53.0847,53.0847,-4.9956,-7.6193,-7.6193
CTAS,198.44000244140625,198.44,2026-09-10,False,197.60000610351562,201.0,-0.8,0.59,BAJO,80049913856.0,40.74,32.72,15.57,40.71,16.1,23.69,17.75,1.83,27.54,0.53,1.43,,YAHOO,0.8174,0.5344,1.0061,0.060917,4.4683,-0.6451,82.09,2026-09-23,13,,,yahoo,1.0,1.0,1.0,1.0,1.0,0.0,1.0,1.0,1.0,0.1767,-3.5669,8.2751,10.2857,5.4339,28.9698,207.4,215.969,215.969,-4.3202,-8.1164,-8.1164
CTSH,58.31999969482422,58.32,2026-09-10,False,57.88999938964844,59.02000045776367,0.21,-12.89,BAJO,26215854080.0,12.49,9.21,1.82,14.92,10.73,17.48,10.26,8.45,6.75,0.14,2.18,,YAHOO,0.8174,0.5344,1.0061,0.060917,4.4683,-0.6451,82.09,2026-10-28,48,,,yahoo,1.0,0.0,1.0,1.0,1.0,1.0,1.0,0.0,1.0,-8.0126,-6.0718,32.8396,13.2252,29.6448,55.1116,64.64,64.64,85.1577,-9.7772,-9.7772,-31.5153
CTVA,84.48999786376953,84.49,2026-09-10,False,84.20999908447266,86.125,-0.31,19.42,BAJO,56544862208.0,51.36,20.57,2.25,4.26,4.55,30.13,5.66,4.27,13.87,0.19,1.52,,YAHOO,0.8174,0.5344,1.0061,0.060917,4.4683,-0.6451,82.09,2026-11-03,54,,,yahoo,1.0,1.0,1.0,1.0,1.0,0.0,1.0,1.0,0.0,-6.0909,2.1599,-1.6265,13.7122,12.948,34.9404,89.97,90.3175,90.3175,-6.0909,-6.4522,-6.4522
CVNA,70.27999877929688,70.28,2026-09-10,False,69.98500061035156,72.87999725341797,-4.26,1.78,BAJO,81372323840.0,38.84,32.45,13.1,58.77,11.7,9.22,6.26,0.52,22.52,1.11,3.93,,YAHOO,0.8174,0.5344,1.0061,0.060917,4.4683,-0.6451,82.09,2026-10-28,48,,,yahoo,1.0,1.0,1.0,0.0,1.0,1.0,0.0,0.0,0.0,-5.2319,-4.9628,8.1397,4.5056,40.1973,62.1897,75.77,75.77,95.69,-7.2456,-7.2456,-26.5545
D,65.05000305175781,65.05,2026-09-10,False,64.8499984741211,65.80999755859375,-0.08,15.61,BAJO,57257136128.0,22.53,17.06,2.05,8.28,3.04,29.22,13.98,-16.03,13.98,1.6,0.81,,YAHOO,0.8174,0.5344,1.0061,0.060917,4.4683,-0.6451,82.09,2026-10-30,50,,,yahoo,1.0,1.0,1.0,1.0,0.0,1.0,0.0,1.0,1.0,-0.519,-1.7977,-7.1933,-1.5918,15.1363,14.8497,68.0822,70.973,70.973,-4.4537,-8.3454,-8.3454
DASH,201.02999877929688,201.03,2026-09-10,False,191.7449951171875,202.5399932861328,1.92,-20.16,BAJO,85465849856.0,103.81,24.22,8.61,8.89,2.97,3.86,5.29,6.02,58.1,0.33,1.37,,YAHOO,0.8174,0.5344,1.0061,0.060917,4.4683,-0.6451,82.09,2026-11-04,55,,,yahoo,1.0,1.0,1.0,1.0,0.0,0.0,0.0,1.0,0.0,-11.143,-15.1522,6.0453,33.1324,52.5351,40.9232,236.93,236.93,281.74,-15.1522,-15.1522,-28.647
DDOG,221.72000122070312,221.72,2026-09-10,False,219.30999755859375,227.5800018310547,-1.58,61.92,BAJO,80888832000.0,450.54,75.89,18.52,4.7,0.18,0.67,4.48,1.3,930.62,0.29,3.21,,YAHOO,0.8174,0.5344,1.0061,0.060917,4.4683,-0.6451,82.09,2026-11-05,56,,,yahoo,1.0,0.0,1.0,1.0,1.0,1.0,0.0,0.0,1.0,5.9695,-2.6134,-14.8017,-2.5963,66.7287,68.6428,255.46,288.15,288.15,-13.2075,-23.054,-23.054
DG,122.98999786376953,122.99,2026-09-10,False,122.4000015258789,126.05999755859375,-1.27,21.65,BAJO,27482232832.0,16.18,15.1,2.96,19.69,4.89,6.81,3.9,6.32,11.63,1.7,1.21,,YAHOO,0.8174,0.5344,1.0061,0.060917,4.4683,-0.6451,82.09,2026-12-02,83,2026-08-27,14.0,finnhub,1.0,1.0,1.0,1.0,1.0,0.0,0.0,1.0,1.0,-6.0356,0.171,-0.3646,12.4202,37.1099,36.3901,133.21,133.21,154.7135,-7.6721,-7.6721,-20.5047
DGX,231.13999938964844,231.14,2026-09-10,False,228.57000732421875,236.47999572753906,-1.83,30.78,BAJO,25988511744.0,25.0,19.53,3.45,14.6,6.4,15.25,9.19,3.5,14.19,0.81,1.59,,YAHOO,0.8174,0.5344,1.0061,0.060917,4.4683,-0.6451,82.09,2026-10-20,40,,,yahoo,1.0,1.0,1.0,1.0,1.0,0.0,1.0,1.0,1.0,-4.0116,-5.6571,11.4734,13.8874,11.9344,26.2145,245.0,245.0,245.0,-5.6571,-5.6571,-5.6571
DHI,135.57000732421875,135.57,2026-09-10,False,133.8800048828125,137.60000610351562,-2.42,-21.63,BAJO,38858895360.0,13.26,11.84,1.64,12.63,6.88,12.99,9.15,6.21,10.79,0.29,6.01,,YAHOO,0.8174,0.5344,1.0061,0.060917,4.4683,-0.6451,82.09,2026-10-29,49,,,yahoo,1.0,0.0,1.0,0.0,0.0,1.0,1.0,0.0,0.0,-4.7026,-9.1658,-8.6503,-7.3178,23.2941,36.2838,151.86,166.4539,178.8631,-10.727,-18.554,-24.2046
DLR,185.3699951171875,185.37,2026-09-10,False,185.2899932861328,190.6699981689453,-1.96,11.77,BAJO,71408656384.0,92.23,65.4,2.62,2.91,1.48,25.88,11.82,5.28,28.34,0.68,0.89,,YAHOO,0.8174,0.5344,1.0061,0.060917,4.4683,-0.6451,82.09,2026-10-22,42,,,yahoo,1.0,1.0,1.0,1.0,0.0,0.0,0.0,1.0,1.0,0.8761,-4.1669,4.1873,3.2227,18.1967,35.4687,200.15,200.15,202.5595,-7.3845,-7.3845,-8.4861
DLTR,118.66000366210938,118.66,2026-09-10,False,117.80000305175781,120.36000061035156,0.23,21.97,BAJO,22213552128.0,14.51,14.97,6.49,46.03,8.26,6.21,8.04,4.72,11.51,2.24,1.13,,YAHOO,0.8174,0.5344,1.0061,0.060917,4.4683,-0.6451,82.09,2026-12-01,82,2026-08-27,14.0,finnhub,1.0,1.0,1.0,1.0,0.0,1.0,1.0,1.0,1.0,-10.0447,-10.2285,-6.1086,7.5598,49.463,37.3362,136.75,136.75,141.21,-13.2285,-13.2285,-15.9691
DOC,20.3700008392334,20.37,2026-09-10,False,20.290000915527344,20.59000015258789,-0.1,22.63,BAJO,14455434240.0,58.26,145.64,1.79,3.04,1.51,15.99,8.25,11.38,15.53,1.09,2.29,,YAHOO,0.8174,0.5344,1.0061,0.060917,4.4683,-0.6451,82.09,2026-10-22,42,,,yahoo,1.0,0.0,1.0,1.0,0.0,0.0,1.0,0.0,1.0,-3.1384,-5.607,-5.3676,0.955,11.4746,22.1928,21.66,22.708,22.708,-5.9557,-10.2961,-10.2961
DOV,187.3699951171875,187.37,2026-09-10,False,186.3300018310547,190.13999938964844,-2.12,8.86,BAJO,25780488192.0,23.12,16.44,3.35,14.91,7.06,18.69,13.48,3.52,14.29,0.42,1.98,,YAHOO,0.8174,0.5344,1.0061,0.060917,4.4683,-0.6451,82.09,2026-10-22,42,,,yahoo,1.0,0.0,1.0,1.0,1.0,0.0,1.0,1.0,0.0,-0.81,-8.2056,-12.3226,-12.1134,26.4033,28.2768,206.5228,230.1203,231.5927,-9.274,-18.5774,-19.095
DPZ,317.29998779296875,317.3,2026-09-10,False,316.44000244140625,323.1099853515625,-1.29,-26.59,BAJO,10634455040.0,18.22,15.4,-2.67,,33.89,19.08,11.86,5.0,15.23,,1.54,,YAHOO,0.8174,0.5344,1.0061,0.060917,4.4683,-0.6451,82.09,2026-10-13,33,,,yahoo,1.0,1.0,1.0,1.0,0.0,1.0,1.0,1.0,1.0,-8.4747,-7.9115,2.4044,1.427,20.866,39.3767,350.88,367.63,447.9829,-9.5702,-13.6904,-29.1714
DRI,207.52999877929688,207.53,2026-09-10,False,206.8300018310547,209.5800018310547,-0.9,2.91,BAJO,23777914880.0,20.08,16.9,10.82,53.72,7.72,14.14,9.13,3.33,15.0,3.65,0.31,,YAHOO,0.8174,0.5344,1.0061,0.060917,4.4683,-0.6451,82.09,2026-09-24,14,,,yahoo,1.0,1.0,1.0,1.0,1.0,0.0,1.0,0.0,1.0,-5.681,-5.1552,5.5112,2.7345,9.7026,28.1339,225.56,227.68,227.68,-7.9934,-8.8501,-8.8501
DTE,134.33999633789062,134.34,2026-09-10,False,134.3000030517578,137.0,-1.26,4.08,BAJO,28312461312.0,21.56,16.26,2.33,11.03,2.77,13.62,8.0,-9.17,15.51,2.29,0.8,,YAHOO,0.8174,0.5344,1.0061,0.060917,4.4683,-0.6451,82.09,2026-10-29,49,,,yahoo,1.0,0.0,1.0,1.0,0.0,1.0,0.0,0.0,1.0,-1.2569,-2.4472,-10.8205,-7.2985,14.8985,17.4322,141.15,154.43,154.43,-4.8247,-13.0091,-13.0091
DUK,119.37000274658203,119.37,2026-09-10,False,119.2699966430664,121.26000213623047,-0.88,3.76,BAJO,93899538432.0,18.14,16.79,1.75,9.86,2.84,27.5,16.0,-4.77,11.35,1.62,0.66,,YAHOO,0.8174,0.5344,1.0061,0.060917,4.4683,-0.6451,82.09,2026-11-05,56,,,yahoo,1.0,1.0,1.0,1.0,1.0,0.0,0.0,1.0,1.0,-0.9871,-2.0674,-5.0768,-3.6952,13.5537,18.6387,123.99,129.3824,131.1634,-3.7261,-7.7386,-8.9914
DVA,181.3300018310547,181.33,2026-09-10,False,180.47000122070312,184.41000366210938,-0.92,38.67,BAJO,11676038144.0,15.52,10.61,-15.3,88.48,7.51,16.06,6.05,8.93,9.28,12.42,1.47,,YAHOO,0.8174,0.5344,1.0061,0.060917,4.4683,-0.6451,82.09,2026-10-28,48,,,yahoo,1.0,0.0,1.0,1.0,0.0,1.0,1.0,0.0,1.0,1.0814,0.7109,-23.0283,-8.6683,28.5888,42.9858,183.99,240.96,240.96,-1.4457,-24.7468,-24.7468
DVN,50.02000045776367,50.02,2026-09-10,False,48.5,50.04999923706055,2.12,48.0,BAJO,53877997568.0,10.65,9.15,1.35,11.52,5.91,41.08,17.46,1.45,7.26,0.28,0.72,,YAHOO,0.8174,0.5344,1.0061,0.060917,4.4683,-0.6451,82.09,2026-11-04,55,,,yahoo,1.0,0.0,1.0,1.0,1.0,0.0,1.0,0.0,1.0,2.0192,6.8119,14.3837,8.1025,24.3864,32.2887,50.02,50.02,51.7023,0.0,0.0,-3.2537
DXCM,84.51000213623047,84.51,2026-09-10,False,82.29000091552734,84.81999969482422,0.75,13.77,BAJO,31653019648.0,33.15,26.85,12.08,38.49,10.33,24.33,20.12,3.23,22.17,0.53,1.73,,YAHOO,0.8174,0.5344,1.0061,0.060917,4.4683,-0.6451,82.09,2026-10-29,49,,,yahoo,1.0,1.0,1.0,1.0,0.0,1.0,1.0,0.0,1.0,-5.7754,-5.0022,10.6876,13.0266,30.8262,43.9686,92.34,92.34,92.34,-8.4795,-8.4795,-8.4795
ED,106.7300033569336,106.73,2026-09-10,False,106.69999694824219,108.5,-0.71,15.44,BAJO,39752880128.0,17.68,16.56,1.55,8.96,3.24,16.54,12.53,-2.13,10.81,1.1,1.27,,YAHOO,0.8174,0.5344,1.0061,0.060917,4.4683,-0.6451,82.09,2026-11-05,56,,,yahoo,1.0,1.0,1.0,1.0,1.0,0.0,0.0,0.0,1.0,-0.873,-1.2217,-3.7691,0.005,15.3195,17.2964,108.75,113.0627,113.5695,-1.8575,-5.6011,-6.0223
EIX,56.75,56.75,2026-09-10,False,56.349998474121094,58.7400016784668,-1.2,9.08,BAJO,22103713792.0,5.93,8.83,1.27,19.73,4.09,26.9,19.28,0.37,7.51,2.28,0.66,,YAHOO,0.8174,0.5344,1.0061,0.060917,4.4683,-0.6451,82.09,2026-10-27,47,,,yahoo,1.0,1.0,1.0,1.0,1.0,0.0,0.0,1.0,0.0,2.8266,-23.8357,-25.2995,-19.6872,52.1638,62.1987,74.78,80.38,80.38,-24.1107,-29.3979,-29.3979
EL,96.47000122070312,96.47,2026-09-10,False,96.26000213623047,98.48999786376953,-2.33,15.29,BAJO,35734843392.0,197.54,25.24,9.39,4.75,5.23,7.0,1.21,5.07,16.9,2.43,1.22,,YAHOO,0.8174,0.5344,1.0061,0.060917,4.4683,-0.6451,82.09,2026-11-02,53,2026-08-19,22.0,yahoo,1.0,1.0,1.0,1.0,1.0,0.0,0.0,1.0,1.0,-4.6268,-7.8644,19.2824,13.3595,43.2082,47.1527,105.8504,105.8504,118.3745,-8.862,-8.862,-18.5044
EME,748.3300170898438,748.33,2026-09-10,False,740.0,756.8900146484375,-0.79,19.74,BAJO,33271656448.0,23.51,20.53,8.18,40.35,12.03,10.62,7.74,2.94,16.53,0.13,1.28,,YAHOO,0.8174,0.5344,1.0061,0.060917,4.4683,-0.6451,82.09,2026-10-29,49,,,yahoo,1.0,1.0,1.0,1.0,0.0,0.0,1.0,1.0,0.0,1.9162,-1.9985,-2.1158,-3.6053,36.2779,55.3673,862.54,868.4314,943.2628,-13.2411,-13.8297,-20.6658
EMR,148.3699951171875,148.37,2026-09-10,False,146.50999450683594,150.14999389648438,-1.31,12.2,BAJO,83859652608.0,32.97,20.75,4.11,12.8,6.9,26.92,13.83,4.42,15.76,0.68,0.9,,YAHOO,0.8174,0.5344,1.0061,0.060917,4.4683,-0.6451,82.09,2026-11-04,55,,,yahoo,1.0,1.0,1.0,1.0,0.0,0.0,1.0,1.0,1.0,-0.4095,-6.267,9.9669,8.5794,22.4183,30.1435,163.655,163.8244,163.8244,-9.3398,-9.4335,-9.4335
EOG,147.4600067138672,147.46,2026-09-10,False,144.33999633789062,148.99000549316406,0.31,29.73,BAJO,77111033856.0,11.44,10.2,2.42,22.51,11.02,40.72,25.73,5.81,5.55,0.26,1.85,,YAHOO,0.8174,0.5344,1.0061,0.060917,4.4683,-0.6451,82.09,2026-11-05,56,,,yahoo,1.0,0.0,1.0,1.0,0.0,0.0,1.0,0.0,0.0,-1.007,1.8089,6.4067,5.8985,10.8775,32.4109,153.05,153.05,153.05,-3.6524,-3.6524,-3.6524
EPAM,114.5199966430664,114.52,2026-09-10,False,112.12999725341797,116.01000213623047,-0.14,-24.87,BAJO,5915995136.0,15.56,8.16,1.68,11.18,8.45,10.94,7.15,10.99,7.01,0.04,2.75,,YAHOO,0.8174,0.5344,1.0061,0.060917,4.4683,-0.6451,82.09,2026-11-05,56,,,yahoo,1.0,0.0,1.0,1.0,1.0,0.0,1.0,0.0,1.0,-2.2867,4.7184,32.577,23.0868,15.8163,62.4239,119.88,119.88,221.4,-4.4711,-4.4711,-48.2746
EQIX,1023.8099975585938,1023.81,2026-09-10,False,1023.0,1049.6500244140625,-1.85,33.71,BAJO,102920495104.0,67.25,55.8,7.16,10.73,3.68,27.02,15.48,3.67,27.6,1.62,1.13,,YAHOO,0.8174,0.5344,1.0061,0.060917,4.4683,-0.6451,82.09,2026-10-28,48,,,yahoo,1.0,1.0,1.0,1.0,0.0,0.0,0.0,1.0,0.0,0.4484,-5.1685,-1.0416,-0.9273,16.513,27.7908,1096.8591,1110.6332,1110.6332,-6.6598,-7.8174,-7.8174
EQR,63.65999984741211,63.66,2026-08-21,False,63.65999984741211,63.65999984741211,0.0,-5.16,BAJO,24611481600.0,28.68,41.36,2.27,8.02,2.67,27.88,27.97,5.78,17.34,0.79,0.13,,YAHOO,0.8174,0.5344,1.0061,0.060917,4.4683,-0.6451,82.09,2026-10-21,41,,,yahoo,1.0,1.0,1.0,1.0,0.0,0.0,1.0,0.0,1.0,-3.5016,-6.7799,,,0.0,,,,,,,
EQT,54.959999084472656,54.96,2026-09-10,False,53.83000183105469,55.369998931884766,0.6,11.7,BAJO,34171940864.0,12.68,13.88,1.35,11.08,6.63,23.37,29.18,7.2,6.19,0.2,0.67,,YAHOO,0.8174,0.5344,1.0061,0.060917,4.4683,-0.6451,82.09,2026-10-20,40,,,yahoo,1.0,1.0,1.0,1.0,1.0,1.0,0.0,1.0,1.0,-1.417,0.3103,10.8857,4.7945,11.0328,27.5236,55.75,55.75,67.5273,-1.417,-1.417,-18.6107
ERIE,240.39999389648438,240.4,2026-09-10,False,240.0,246.5800018310547,-1.41,-24.77,BAJO,12749838336.0,22.13,17.4,5.17,24.81,14.15,19.1,14.01,3.77,14.98,0.03,1.25,,YAHOO,0.8174,0.5344,1.0061,0.060917,4.4683,-0.6451,82.09,2026-10-29,49,,,yahoo,1.0,0.0,1.0,1.0,0.0,0.0,1.0,0.0,0.0,-6.9695,-6.5573,-2.739,4.2226,25.9623,50.3013,268.64,268.64,331.6343,-10.5122,-10.5122,-27.5105
ES,68.98999786376953,68.99,2026-09-10,False,68.94000244140625,70.8499984741211,-2.06,13.49,BAJO,26532970496.0,18.3,14.33,1.62,9.02,3.3,23.92,10.35,3.06,11.08,1.81,0.8,,YAHOO,0.8174,0.5344,1.0061,0.060917,4.4683,-0.6451,82.09,2026-11-04,55,,,yahoo,1.0,1.0,1.0,1.0,1.0,0.0,0.0,1.0,1.0,-2.0585,-3.7394,-7.8413,-0.2746,18.4868,19.1822,72.36,75.39,75.39,-4.6573,-8.4892,-8.4892
ESS,271.3699951171875,271.37,2026-09-10,False,270.45001220703125,276.3900146484375,-1.09,7.55,BAJO,18913116160.0,42.8,43.55,3.31,7.71,2.96,33.98,20.89,5.52,19.91,1.22,0.25,,YAHOO,0.8174,0.5344,1.0061,0.060917,4.4683,-0.6451,82.09,2026-10-27,47,,,yahoo,1.0,0.0,1.0,1.0,0.0,1.0,0.0,0.0,1.0,-2.135,-5.8299,-8.7771,-3.8203,8.4361,21.0767,293.61,298.33,298.33,-7.5747,-9.037,-9.037
ETN,409.1499938964844,409.15,2026-09-10,False,405.70001220703125,414.3699951171875,-1.46,17.47,BAJO,161271447552.0,42.2,25.74,7.96,19.68,7.05,16.56,12.75,1.93,27.41,1.05,1.24,,YAHOO,0.8174,0.5344,1.0061,0.060917,4.4683,-0.6451,82.09,2026-11-03,54,,,yahoo,1.0,1.0,1.0,1.0,1.0,0.0,1.0,0.0,1.0,4.6821,-2.4533,1.8137,9.2411,42.8899,47.2481,455.4,459.96,459.96,-10.1559,-11.0466,-11.0466
ETR,105.7300033569336,105.73,2026-09-10,False,105.72000122070312,107.79000091552734,-1.34,23.17,BAJO,51203411968.0,27.41,21.0,2.74,10.25,2.68,24.46,13.33,-8.59,14.64,1.87,0.91,,YAHOO,0.8174,0.5344,1.0061,0.060917,4.4683,-0.6451,82.09,2026-10-29,49,,,yahoo,1.0,1.0,1.0,1.0,1.0,1.0,0.0,0.0,0.0,-0.9555,-1.3989,-7.3832,-3.7281,18.5155,18.4877,108.53,115.6397,116.6636,-2.5799,-8.5694,-9.3719
EVRG,81.36000061035156,81.36,2026-09-10,False,80.94000244140625,81.98999786376953,0.17,19.03,BAJO,18726666240.0,20.67,17.79,1.83,9.25,2.91,25.24,15.19,-7.71,12.41,1.61,0.36,,YAHOO,0.8174,0.5344,1.0061,0.060917,4.4683,-0.6451,82.09,2026-11-05,56,,,yahoo,1.0,0.0,1.0,1.0,0.0,0.0,0.0,1.0,0.0,0.7305,-1.058,-5.102,-0.9546,14.2402,16.5955,83.58,87.4002,87.4002,-2.6561,-6.911,-6.911
EW,86.7699966430664,86.77,2026-09-10,False,85.0,87.2699966430664,0.68,13.81,BAJO,49674153984.0,51.3,25.52,4.68,9.18,8.37,29.84,15.43,2.48,23.15,0.07,4.52,,YAHOO,0.8174,0.5344,1.0061,0.060917,4.4683,-0.6451,82.09,2026-10-29,49,,,yahoo,1.0,0.0,1.0,1.0,1.0,0.0,1.0,0.0,1.0,-4.4594,-4.4173,-5.469,0.9188,29.8323,23.1634,92.56,95.18,95.18,-6.2554,-8.8359,-8.8359
EXC,43.38999938964844,43.39,2026-09-10,False,43.31999969482422,43.97999954223633,-0.71,5.99,BAJO,45022097408.0,16.07,14.38,1.52,9.71,2.81,16.59,10.99,-5.96,11.49,1.77,1.09,,YAHOO,0.8174,0.5344,1.0061,0.060917,4.4683,-0.6451,82.09,2026-11-03,54,,,yahoo,1.0,1.0,1.0,1.0,0.0,1.0,0.0,1.0,0.0,-0.3795,-1.4331,-6.9799,-3.9615,12.2955,19.6495,45.4275,47.4284,49.3516,-4.4851,-8.5147,-12.0798
EXPD,189.32000732421875,189.32,2026-09-10,False,187.8800048828125,190.8300018310547,0.54,57.66,BAJO,24478533632.0,27.45,23.75,11.56,42.67,15.23,10.71,7.63,3.26,19.0,0.27,1.57,,YAHOO,0.8174,0.5344,1.0061,0.060917,4.4683,-0.6451,82.09,2026-11-03,54,,,yahoo,1.0,0.0,1.0,1.0,1.0,1.0,1.0,1.0,1.0,1.6975,-0.4522,7.8746,14.9414,19.6374,24.5503,190.97,190.97,190.97,-0.864,-0.864,-0.864
EXPE,276.8800048828125,276.88,2026-09-10,False,267.82000732421875,283.7200012207031,1.57,28.59,BAJO,32718020608.0,17.16,11.18,27.06,89.49,6.11,18.98,12.97,10.5,11.26,2.3,0.8,,YAHOO,0.8174,0.5344,1.0061,0.060917,4.4683,-0.6451,82.09,2026-11-05,56,,,yahoo,1.0,0.0,1.0,1.0,1.0,1.0,1.0,1.0,0.0,-10.1214,-16.8429,4.3855,26.6462,64.1415,47.4602,338.6418,338.6418,338.6418,-18.2381,-18.2381,-18.2381
EXR,136.4499969482422,136.45,2026-09-10,False,135.16000366210938,137.14999389648438,0.6,-1.13,BAJO,29933887488.0,29.87,28.22,2.16,6.95,3.36,45.88,27.28,5.01,18.74,1.02,0.89,,YAHOO,0.8174,0.5344,1.0061,0.060917,4.4683,-0.6451,82.09,2026-10-28,48,,,yahoo,1.0,1.0,1.0,1.0,0.0,1.0,1.0,0.0,1.0,-2.487,-5.3022,-6.1038,-7.7983,21.9042,20.272,149.4,152.85,152.85,-8.668,-10.7295,-10.7295
FANG,205.38999938964844,205.39,2026-09-10,False,200.97999572753906,207.57000732421875,1.36,54.53,BAJO,56740409344.0,38.6,11.2,1.5,3.49,1.31,48.47,9.03,8.87,6.37,0.29,0.47,,YAHOO,0.8174,0.5344,1.0061,0.060917,4.4683,-0.6451,82.09,2026-11-02,53,,,yahoo,1.0,0.0,1.0,1.0,0.0,0.0,1.0,0.0,1.0,0.9684,2.7772,7.7876,5.0731,24.4334,33.1332,211.02,211.02,211.3572,-2.668,-2.668,-2.8233
FAST,49.0099983215332,49.01,2026-09-10,False,48.060001373291016,49.13999938964844,0.45,8.38,BAJO,55986409472.0,41.7,34.83,13.76,34.33,21.52,21.02,15.45,1.64,28.76,0.11,4.18,,YAHOO,0.8174,0.5344,1.0061,0.060917,4.4683,-0.6451,82.09,2026-10-14,34,,,yahoo,1.0,1.0,1.0,1.0,1.0,1.0,0.0,0.0,1.0,2.2533,-4.1838,4.7374,7.0583,14.0349,24.2429,51.44,52.38,52.38,-4.724,-6.4338,-6.4338
FDS,262.92999267578125,262.93,2026-09-10,False,262.2900085449219,283.1600036621094,-5.82,-25.19,BAJO,9928833024.0,18.4,14.16,4.91,27.03,11.08,30.54,23.21,6.26,12.01,0.77,0.68,,YAHOO,0.8174,0.5344,1.0061,0.060917,4.4683,-0.6451,82.09,2026-09-30,20,,,yahoo,1.0,1.0,1.0,1.0,0.0,1.0,1.0,0.0,0.0,-14.0948,-10.6716,0.3082,5.9583,17.6736,53.6083,313.55,313.55,363.9821,-16.1442,-16.1442,-27.7629
FE,46.25,46.25,2026-09-10,False,46.0099983215332,46.689998626708984,0.09,12.94,BAJO,26738950144.0,24.71,15.67,2.07,9.49,3.68,19.3,6.94,-7.53,10.54,2.01,0.54,,YAHOO,0.8174,0.5344,1.0061,0.060917,4.4683,-0.6451,82.09,2026-10-21,41,,,yahoo,1.0,0.0,1.0,1.0,0.0,1.0,0.0,0.0,1.0,-0.0864,-1.0272,-3.5546,0.5998,5.4949,17.8316,47.42,49.43,50.8757,-2.4673,-6.4333,-9.0922
FFIV,398.4800109863281,398.48,2026-09-10,False,396.8800048828125,412.010009765625,-1.52,21.67,BAJO,22913056768.0,32.24,22.38,5.96,19.83,7.98,24.65,21.95,3.13,23.35,0.07,1.67,,YAHOO,0.8174,0.5344,1.0061,0.060917,4.4683,-0.6451,82.09,2026-10-26,46,,,yahoo,1.0,1.0,1.0,1.0,0.0,1.0,1.0,1.0,0.0,1.8922,-0.2778,-5.3379,1.973,37.422,35.8157,416.0,431.26,431.26,-4.2115,-7.601,-7.601
FICO,960.6699829101562,960.67,2026-09-10,False,947.9099731445312,982.989990234375,-2.29,-37.25,BAJO,21234579456.0,28.47,18.53,-5.18,,39.98,53.79,34.05,3.65,21.04,,1.18,,YAHOO,0.8174,0.5344,1.0061,0.060917,4.4683,-0.6451,82.09,2026-11-04,55,,,yahoo,1.0,1.0,1.0,1.0,0.0,0.0,1.0,1.0,1.0,-12.6227,-15.2624,-24.8449,-21.2662,149.614,67.4961,1172.67,1373.08,1879.55,-18.0784,-30.0354,-48.8883
FIS,38.52000045776367,38.52,2026-09-10,False,37.880001068115234,38.619998931884766,1.18,-39.03,BAJO,19632924672.0,5.85,5.68,1.22,22.35,4.28,20.67,27.65,13.51,11.39,1.33,0.54,,YAHOO,0.8174,0.5344,1.0061,0.060917,4.4683,-0.6451,82.09,2026-11-04,55,,,yahoo,1.0,0.0,1.0,1.0,1.0,0.0,1.0,0.0,1.0,-8.001,-5.2165,-8.1326,-0.026,48.6845,38.3317,44.13,46.81,66.8098,-12.7124,-17.7099,-42.3438
FITB,54.43000030517578,54.43,2026-09-10,False,53.77000045776367,54.45000076293945,0.44,26.89,BAJO,49144504320.0,18.25,10.97,1.52,8.44,0.92,39.08,23.24,,,,,,YAHOO,0.8174,0.5344,1.0061,0.060917,4.4683,-0.6451,82.09,2026-10-19,39,,,yahoo,1.0,1.0,1.0,1.0,1.0,0.0,1.0,0.0,1.0,0.0551,-1.216,-4.8094,4.1143,8.0066,20.9099,58.06,59.37,59.37,-6.2522,-8.3207,-8.3207
FIX,1590.81005859375,1590.8101,2026-09-10,False,1578.56005859375,1629.969970703125,-1.51,110.98,BAJO,56843767808.0,39.83,26.84,87.99,55.29,17.04,7.89,12.78,3.24,29.47,0.45,1.21,,YAHOO,0.8174,0.5344,1.0061,0.060917,4.4683,-0.6451,82.09,2026-10-22,42,,,yahoo,1.0,1.0,1.0,1.0,0.0,1.0,1.0,1.0,0.0,1.9665,-1.5399,-8.1059,-7.4352,36.0418,61.492,1881.1801,2065.4404,2065.4404,-15.4355,-22.9796,-22.9796
FOX,58.060001373291016,58.06,2026-09-10,False,56.209999084472656,58.290000915527344,1.68,13.59,BAJO,24006979584.0,14.87,9.94,2.06,14.29,9.5,25.21,9.84,2.31,7.09,0.64,3.17,,YAHOO,0.8174,0.5344,1.0061,0.060917,4.4683,-0.6451,82.09,2026-10-29,49,,,yahoo,1.0,0.0,1.0,1.0,0.0,1.0,1.0,0.0,1.0,-3.6668,-6.2403,16.1821,-4.3968,34.6548,35.1626,62.382,62.382,67.0667,-6.9283,-6.9283,-13.4294
FOXA,65.18000030517578,65.18,2026-09-10,False,62.93000030517578,65.48999786376953,2.07,14.6,BAJO,26849136640.0,16.63,10.98,2.3,14.29,9.5,25.21,9.84,2.07,7.82,0.64,3.17,,YAHOO,0.8174,0.5344,1.0061,0.060917,4.4683,-0.6451,82.09,2026-10-29,49,,,yahoo,1.0,0.0,1.0,1.0,0.0,1.0,1.0,0.0,1.0,-3.4656,-5.9368,17.1162,-3.7236,37.5361,36.1704,70.0207,70.0207,75.4053,-6.9132,-6.9132,-13.5605
FRT,114.83999633789062,114.84,2026-09-10,False,114.26000213623047,115.69999694824219,-0.28,20.27,BAJO,10067095552.0,23.26,36.1,3.12,12.55,3.26,35.03,32.66,4.53,18.09,1.34,0.56,,YAHOO,0.8174,0.5344,1.0061,0.060917,4.4683,-0.6451,82.09,2026-10-30,50,,,yahoo,1.0,1.0,1.0,1.0,0.0,0.0,0.0,0.0,0.0,-2.6285,-2.3303,-5.7452,-6.2441,13.8792,15.4829,118.89,127.13,127.13,-3.4065,-9.6673,-9.6673
FTNT,158.85000610351562,158.85,2026-09-10,False,154.0,161.97999572753906,1.04,98.96,BAJO,115354460160.0,55.55,41.69,74.37,117.44,14.17,33.6,28.17,1.96,43.09,0.36,1.28,,YAHOO,0.8174,0.5344,1.0061,0.060917,4.4683,-0.6451,82.09,2026-11-04,55,,,yahoo,1.0,0.0,1.0,1.0,1.0,0.0,1.0,0.0,1.0,2.7889,0.8315,-1.102,14.3793,9.3534,42.9895,172.78,172.78,172.78,-8.0623,-8.0623,-8.0623
FTV,54.5099983215332,54.51,2026-09-10,False,54.132999420166016,55.46500015258789,-2.33,13.16,BAJO,16855572480.0,29.53,17.18,2.79,7.32,3.29,19.14,12.38,5.57,16.27,0.59,1.24,,YAHOO,0.8174,0.5344,1.0061,0.060917,4.4683,-0.6451,82.09,2026-10-28,48,,,yahoo,1.0,1.0,1.0,1.0,0.0,0.0,1.0,0.0,1.0,-3.5753,-9.4168,-12.4116,-9.0408,11.0898,26.7525,61.7348,64.0121,64.0121,-11.703,-14.8442,-14.8442
GD,354.25,354.25,2026-09-10,False,352.2900085449219,355.739990234375,0.45,11.95,BAJO,95417409536.0,21.5,18.97,3.55,17.8,6.08,10.38,8.18,4.61,15.14,0.35,1.44,,YAHOO,0.8174,0.5344,1.0061,0.060917,4.4683,-0.6451,82.09,2026-10-28,48,,,yahoo,1.0,1.0,1.0,1.0,1.0,1.0,0.0,0.0,1.0,-2.6973,-7.2693,-4.9708,4.3214,14.7466,20.7422,395.78,395.97,395.97,-10.4932,-10.5362,-10.5362
GDDY,96.37000274658203,96.37,2026-09-10,False,94.0,97.94999694824219,2.96,-32.57,BAJO,11854225408.0,13.91,8.49,1766.04,442.86,9.88,27.06,17.83,10.16,10.51,573.34,0.63,,YAHOO,0.8174,0.5344,1.0061,0.060917,4.4683,-0.6451,82.09,2026-10-29,49,,,yahoo,1.0,0.0,1.0,1.0,0.0,0.0,1.0,0.0,1.0,-5.399,0.8687,6.0643,20.0424,77.7496,64.7888,103.63,105.1,148.59,-7.0057,-8.3064,-35.1437
GEHC,64.23999786376953,64.24,2026-09-10,False,63.630001068115234,64.9469985961914,-1.43,-14.86,BAJO,29436391424.0,15.02,12.05,2.68,19.38,5.13,14.98,9.33,5.34,10.62,0.94,1.26,,YAHOO,0.8174,0.5344,1.0061,0.060917,4.4683,-0.6451,82.09,2026-10-28,48,,,yahoo,1.0,0.0,1.0,0.0,0.0,1.0,1.0,0.0,0.0,-8.9569,-12.3721,-1.5828,0.8097,13.3859,40.3643,74.82,74.82,88.0324,-14.1406,-14.1406,-27.0269
GIS,35.959999084472656,35.96,2026-09-10,False,35.75,37.45000076293945,-3.05,-21.95,BAJO,19829407744.0,,11.55,3.58,-1.03,5.74,19.19,-0.47,11.64,6.59,2.18,0.68,,YAHOO,0.8174,0.5344,1.0061,0.060917,4.4683,-0.6451,82.09,2026-09-23,13,,,yahoo,0.0,0.0,1.0,1.0,0.0,1.0,1.0,0.0,1.0,-11.3849,-10.2794,-1.7486,8.1681,11.4352,38.2159,41.55,41.55,48.1163,-13.4537,-13.4537,-25.2644
GNRC,181.6699981689453,181.67,2026-09-10,False,181.00999450683594,184.39999389648438,-2.58,-0.72,BAJO,11003505664.0,42.77,15.78,3.82,9.49,4.72,17.93,5.82,2.63,19.09,0.49,2.04,,YAHOO,0.8174,0.5344,1.0061,0.060917,4.4683,-0.6451,82.09,2026-10-28,48,,,yahoo,1.0,0.0,1.0,1.0,1.0,1.0,1.0,0.0,0.0,0.5034,-12.0753,-19.9515,-24.0224,39.23,53.7085,221.25,295.54,295.54,-17.8893,-38.5295,-38.5295
GOOG,330.3900146484375,330.39,2026-09-10,False,325.6510009765625,330.8900146484375,0.61,40.15,BAJO,4016066265088.0,16.48,22.11,6.45,48.68,12.96,34.03,54.77,0.56,22.59,0.19,2.72,,YAHOO,0.8174,0.5344,1.0061,0.060917,4.4683,-0.6451,82.09,2026-10-28,48,,,yahoo,1.0,0.0,1.0,1.0,0.0,1.0,1.0,1.0,0.0,-0.9514,-2.5053,-5.722,-6.4292,18.9259,36.181,344.3664,375.1065,398.5413,-4.0586,-11.921,-17.1002
GPC,134.16000366210938,134.16,2026-09-10,False,133.0500030517578,135.36000061035156,-0.8,-0.04,BAJO,18644154368.0,540.96,16.28,4.12,0.71,4.48,6.56,0.13,4.92,12.06,1.46,1.16,,YAHOO,0.8174,0.5344,1.0061,0.060917,4.4683,-0.6451,82.09,2026-10-20,40,,,yahoo,1.0,0.0,1.0,1.0,1.0,0.0,1.0,1.0,0.0,-1.4186,-3.0724,9.4595,37.3609,29.5533,39.6275,138.4126,138.4126,145.181,-3.0724,-3.0724,-7.5912
GPN,88.55000305175781,88.55,2026-09-10,False,86.18000030517578,88.97000122070312,1.76,6.08,BAJO,23027091456.0,41.24,5.44,1.0,2.43,2.33,16.11,-9.15,34.17,9.38,0.98,0.82,,YAHOO,0.8174,0.5344,1.0061,0.060917,4.4683,-0.6451,82.09,2026-11-03,54,,,yahoo,1.0,0.0,1.0,1.0,0.0,1.0,1.0,0.0,0.0,-4.59,-4.744,15.2245,42.2916,40.3437,41.1381,94.83,94.83,94.83,-6.6224,-6.6224,-6.6224
GWW,1271.489990234375,1271.49,2026-09-10,False,1263.5699462890625,1283.3499755859375,-0.57,28.92,BAJO,60234096640.0,32.63,25.05,14.58,46.09,19.93,16.07,9.92,2.07,19.54,0.62,2.81,,YAHOO,0.8174,0.5344,1.0061,0.060917,4.4683,-0.6451,82.09,2026-11-04,55,,,yahoo,1.0,0.0,1.0,1.0,0.0,1.0,1.0,0.0,1.0,-1.0398,-4.7851,-8.4579,-3.3133,23.1543,24.3854,1335.39,1399.2974,1399.2974,-4.7851,-9.1337,-9.1337
HAS,90.16000366210938,90.16,2026-09-10,False,87.72000122070312,90.19999694824219,1.34,18.99,BAJO,12548725760.0,15.83,13.63,17.82,159.56,13.08,22.16,15.97,5.48,11.59,5.31,1.66,,YAHOO,0.8174,0.5344,1.0061,0.060917,4.4683,-0.6451,82.09,2026-10-22,42,,,yahoo,0.0,0.0,1.0,1.0,1.0,0.0,0.0,0.0,1.0,-3.5722,-6.3662,14.2167,10.3858,25.3915,32.3531,96.74,96.74,103.5827,-6.8017,-6.8017,-12.9584
HBAN,16.729999542236328,16.73,2026-09-10,False,16.420000076293945,16.739999771118164,0.6,0.42,BAJO,33599498240.0,12.79,8.86,1.13,9.0,0.98,41.93,26.13,,,,,,YAHOO,0.8174,0.5344,1.0061,0.060917,4.4683,-0.6451,82.09,2026-10-22,42,,,yahoo,1.0,1.0,1.0,1.0,1.0,0.0,0.0,0.0,0.0,-0.8886,-1.8193,-6.6927,0.2439,14.6961,22.8821,17.95,18.56,18.9052,-6.7967,-9.8599,-11.5059
HCA,421.2099914550781,421.21,2026-09-10,False,415.0400085449219,426.80999755859375,-0.15,7.84,BAJO,91326824448.0,14.14,13.16,-13.84,,12.29,15.16,8.77,4.09,9.22,,0.99,,YAHOO,0.8174,0.5344,1.0061,0.060917,4.4683,-0.6451,82.09,2026-10-23,43,,,yahoo,1.0,1.0,1.0,1.0,0.0,0.0,1.0,1.0,1.0,4.763,-1.3929,7.798,13.0482,44.5432,37.7201,429.24,429.24,543.2316,-1.8707,-1.8707,-22.4622
HIG,136.8000030517578,136.8,2026-09-10,False,135.63999938964844,138.5,0.18,7.11,BAJO,36990279680.0,9.44,9.98,1.92,22.06,3.85,17.61,14.89,14.89,6.75,0.22,1.77,,YAHOO,0.8174,0.5344,1.0061,0.060917,4.4683,-0.6451,82.09,2026-10-29,49,,,yahoo,1.0,1.0,1.0,1.0,1.0,0.0,1.0,0.0,1.0,-0.2988,-1.7588,-2.4008,6.2975,19.1343,20.7823,140.0,145.0437,145.0437,-2.2857,-5.6836,-5.6836
HII,281.6700134277344,281.67,2026-09-10,False,279.6199951171875,285.1600036621094,0.29,6.3,BAJO,11066781696.0,16.72,13.48,2.08,12.97,4.28,7.08,5.01,-2.71,11.96,0.55,1.23,,YAHOO,0.8174,0.5344,1.0061,0.060917,4.4683,-0.6451,82.09,2026-10-29,49,,,yahoo,1.0,1.0,1.0,1.0,1.0,1.0,0.0,1.0,1.0,-2.4418,-4.5264,-0.6587,-2.1258,23.1253,41.9043,326.1888,329.2744,449.6816,-13.6482,-14.4574,-37.3623
HLT,306.239990234375,306.24,2026-09-10,False,305.3999938964844,310.760009765625,-0.24,12.86,BAJO,69092671488.0,45.01,29.36,-10.99,,11.03,62.99,31.03,2.02,26.6,,0.65,,YAHOO,0.8174,0.5344,1.0061,0.060917,4.4683,-0.6451,82.09,2026-10-28,48,,,yahoo,1.0,0.0,1.0,1.0,0.0,0.0,1.0,1.0,1.0,-1.6918,-7.9144,-4.9839,-9.4142,19.9654,22.7381,334.5777,350.0606,350.0606,-8.4697,-12.518,-12.518
HPE,55.220001220703125,55.22,2026-09-10,False,55.130001068115234,57.91999816894531,-6.25,129.33,BAJO,78187683840.0,30.36,12.81,2.95,10.94,2.64,12.56,6.67,6.06,13.4,0.76,1.11,,YAHOO,0.8174,0.5344,1.0061,0.060917,4.4683,-0.6451,82.09,2026-12-02,83,2026-09-02,8.0,finnhub,1.0,0.0,1.0,1.0,0.0,0.0,0.0,0.0,1.0,6.5406,-0.0181,16.8925,21.7445,110.0875,59.6268,59.82,59.82,59.82,-7.6897,-7.6897,-7.6897
HRL,20.84000015258789,20.84,2026-09-10,False,20.75,21.040000915527344,-0.62,-11.14,BAJO,11540855808.0,33.82,13.5,1.47,4.29,4.63,11.06,2.82,5.39,8.87,0.04,1.88,,YAHOO,0.8174,0.5344,1.0061,0.060917,4.4683,-0.6451,82.09,2026-12-02,83,2026-08-27,14.0,finnhub,1.0,0.0,1.0,1.0,0.0,1.0,0.0,0.0,1.0,-5.4875,-12.1046,-14.7997,-13.1747,6.9139,32.0315,24.54,26.1959,26.1959,-15.0774,-20.4456,-20.4456
HSIC,87.30000305175781,87.3,2026-09-10,False,87.11000061035156,88.22000122070312,-0.76,28.1,BAJO,9803952128.0,25.65,14.67,3.12,8.85,4.39,5.76,2.96,4.55,13.91,0.81,1.32,,YAHOO,0.8174,0.5344,1.0061,0.060917,4.4683,-0.6451,82.09,2026-11-03,54,,,yahoo,1.0,0.0,1.0,1.0,0.0,0.0,1.0,0.0,0.0,-3.4185,-3.4078,1.7601,10.7166,2.6603,20.5608,90.86,90.86,90.86,-3.9181,-3.9181,-3.9181
HUBB,452.4100036621094,452.41,2026-09-10,False,446.989990234375,456.6199951171875,-0.56,4.13,BAJO,24037234688.0,26.97,19.86,6.14,24.44,8.43,21.67,14.49,2.06,19.27,1.42,1.61,,YAHOO,0.8174,0.5344,1.0061,0.060917,4.4683,-0.6451,82.09,2026-10-27,47,,,yahoo,1.0,0.0,1.0,1.0,0.0,0.0,1.0,1.0,0.0,0.5177,-3.947,-4.8672,-2.9466,20.1414,36.3709,509.8102,537.7237,554.4603,-11.2591,-15.8657,-18.4053
HUM,400.7300109863281,400.73,2026-09-10,False,400.0899963378906,413.3399963378906,0.18,48.43,BAJO,48034521088.0,37.88,24.14,2.5,6.89,3.9,3.46,0.88,4.04,10.84,0.76,1.74,,YAHOO,0.8174,0.5344,1.0061,0.060917,4.4683,-0.6451,82.09,2026-11-06,57,,,yahoo,1.0,0.0,1.0,0.0,0.0,0.0,1.0,0.0,1.0,-0.0599,2.4728,-1.298,10.2111,12.1414,33.7199,406.52,409.42,409.42,-1.4243,-2.1225,-2.1225
ICE,155.80999755859375,155.81,2026-09-10,False,155.27999877929688,157.75,-0.44,-7.85,BAJO,87858241536.0,22.1,17.78,2.97,14.09,2.17,52.63,38.25,4.14,16.0,0.69,1.01,,YAHOO,0.8174,0.5344,1.0061,0.060917,4.4683,-0.6451,82.09,2026-10-29,49,,,yahoo,1.0,1.0,1.0,1.0,0.0,1.0,1.0,1.0,1.0,-1.2924,-3.7735,13.1764,11.4356,13.7674,28.3436,164.59,164.59,173.9465,-5.3345,-5.3345,-10.4265
IDXX,506.5299987792969,506.53,2026-09-10,False,504.7699890136719,514.2999877929688,-1.67,-18.91,BAJO,40584097792.0,36.15,30.77,25.2,74.21,27.08,34.98,25.03,2.24,25.58,0.68,1.17,,YAHOO,0.8174,0.5344,1.0061,0.060917,4.4683,-0.6451,82.09,2026-11-02,53,,,yahoo,1.0,1.0,1.0,1.0,1.0,0.0,1.0,1.0,1.0,-6.0224,-8.4761,-10.2231,-9.0512,26.585,31.6087,566.93,595.76,766.68,-10.6539,-14.9775,-33.932
IEX,221.4600067138672,221.46,2026-09-10,False,219.75,224.57000732421875,-1.62,39.21,BAJO,16594349056.0,32.39,23.38,4.16,12.96,6.84,22.17,14.49,3.35,18.45,0.47,3.05,,YAHOO,0.8174,0.5344,1.0061,0.060917,4.4683,-0.6451,82.09,2026-10-28,48,,,yahoo,1.0,0.0,1.0,1.0,1.0,1.0,1.0,1.0,1.0,-1.4024,-5.7176,-0.009,3.5826,16.8137,19.0239,240.39,240.52,240.52,-7.8747,-7.9245,-7.9245
INCY,123.27999877929688,123.28,2026-09-10,False,122.58000183105469,126.30999755859375,-2.17,45.64,BAJO,25541943296.0,16.05,14.18,3.99,30.67,16.83,41.9,27.71,4.62,10.84,0.01,4.59,,YAHOO,0.8174,0.5344,1.0061,0.060917,4.4683,-0.6451,82.09,2026-10-27,47,,,yahoo,1.0,1.0,1.0,1.0,1.0,1.0,0.0,1.0,0.0,-4.308,-3.7777,7.9226,16.975,24.8171,35.2786,129.72,129.93,129.93,-4.9645,-5.1181,-5.1181
INTU,312.7699890136719,312.77,2026-09-10,False,309.79998779296875,317.3900146484375,-0.37,-49.54,BAJO,85874204672.0,19.07,11.49,4.5,23.6,10.47,17.64,21.29,7.5,12.63,0.44,1.51,,YAHOO,0.8174,0.5344,1.0061,0.060917,4.4683,-0.6451,82.09,2026-11-19,70,2026-08-25,16.0,yahoo,1.0,1.0,1.0,1.0,1.0,1.0,1.0,1.0,1.0,-8.7975,-9.5727,7.941,10.5325,27.1338,46.2825,369.92,369.92,694.2903,-15.4493,-15.4493,-54.9511
INVH,27.559999465942383,27.56,2026-09-10,False,27.479999542236328,28.3799991607666,-2.2,-3.43,BAJO,16643763200.0,25.85,41.25,1.84,7.05,2.48,25.11,23.2,7.02,16.77,0.94,0.43,,YAHOO,0.8174,0.5344,1.0061,0.060917,4.4683,-0.6451,82.09,2026-10-28,48,,,yahoo,1.0,1.0,1.0,1.0,0.0,1.0,1.0,0.0,1.0,-4.4383,-7.7952,-8.469,-6.2881,15.2831,18.9558,30.46,30.59,30.59,-9.5207,-9.9052,-9.9052
IQV,257.29998779296875,257.3,2026-09-10,False,252.52999877929688,258.92999267578125,0.12,37.51,BAJO,42298908672.0,31.96,17.77,6.85,22.82,5.06,13.03,8.1,5.08,18.57,2.58,0.71,,YAHOO,0.8174,0.5344,1.0061,0.060917,4.4683,-0.6451,82.09,2026-11-03,54,,,yahoo,1.0,0.0,1.0,1.0,1.0,0.0,1.0,0.0,0.0,-2.4788,-1.6099,23.9701,41.2417,22.1268,45.1658,271.62,271.62,271.62,-5.2721,-5.2721,-5.2721
IR,73.08999633789062,73.09,2026-09-10,False,71.6500015258789,73.19999694824219,-0.67,-7.12,BAJO,28548999168.0,30.4,18.78,2.81,9.47,5.1,16.88,12.08,3.88,16.05,0.48,1.62,,YAHOO,0.8174,0.5344,1.0061,0.060917,4.4683,-0.6451,82.09,2026-10-29,49,,,yahoo,1.0,0.0,1.0,1.0,1.0,0.0,1.0,0.0,1.0,-2.5467,-8.6032,-6.9409,3.7276,23.4428,31.5035,84.28,89.9788,98.6875,-13.2772,-18.7697,-25.9379
IRM,112.9000015258789,112.9,2026-09-10,False,112.54000091552734,115.44000244140625,-2.01,20.71,BAJO,34301319168.0,82.3,42.23,-26.78,,4.63,19.06,5.54,-1.27,21.34,,0.73,,YAHOO,0.8174,0.5344,1.0061,0.060917,4.4683,-0.6451,82.09,2026-11-04,55,,,yahoo,1.0,0.0,1.0,1.0,0.0,1.0,0.0,0.0,0.0,0.9478,-7.0246,-7.7388,-7.8535,24.1167,31.1453,129.9,133.06,133.06,-13.087,-15.1511,-15.1511
IT,170.6199951171875,170.62,2026-09-10,False,169.0800018310547,172.4199981689453,0.55,-26.66,BAJO,10715750400.0,15.27,10.37,-65.32,113.58,10.17,22.62,12.0,9.82,9.07,,0.88,,YAHOO,0.8174,0.5344,1.0061,0.060917,4.4683,-0.6451,82.09,2026-11-03,54,,,yahoo,1.0,0.0,1.0,1.0,0.0,0.0,1.0,1.0,1.0,-8.6372,-11.5775,20.7416,10.1414,55.1057,73.8881,202.78,202.78,264.09,-15.8596,-15.8596,-35.3932
ITW,265.20001220703125,265.2,2026-09-10,False,261.3500061035156,265.5400085449219,0.46,4.65,BAJO,75184349184.0,23.91,21.3,25.98,104.62,16.92,26.9,19.39,3.24,17.49,3.35,1.11,,YAHOO,0.8174,0.5344,1.0061,0.060917,4.4683,-0.6451,82.09,2026-10-23,43,,,yahoo,1.0,0.0,1.0,1.0,1.0,0.0,1.0,0.0,0.0,-1.4456,-7.1136,-2.3204,6.6499,14.3373,22.1955,290.98,297.32,297.32,-8.8597,-10.8032,-10.8032
IVZ,31.93000030517578,31.93,2026-09-10,False,31.6299991607666,32.41999816894531,-0.5,48.67,BAJO,14167728128.0,,9.82,1.42,-0.57,2.92,19.95,-0.93,8.05,12.72,0.12,0.71,,YAHOO,0.8174,0.5344,1.0061,0.060917,4.4683,-0.6451,82.09,2026-10-27,47,,,yahoo,0.0,0.0,1.0,1.0,0.0,1.0,1.0,1.0,1.0,0.662,-3.1837,13.1816,17.0559,21.5253,36.196,33.31,33.31,33.31,-4.1429,-4.1429,-4.1429
JBHT,267.8299865722656,267.83,2026-09-10,False,265.2699890136719,270.20001220703125,0.01,93.47,BAJO,25150418944.0,38.09,26.47,6.88,18.45,7.38,7.42,5.31,3.59,15.86,0.38,1.25,,YAHOO,0.8174,0.5344,1.0061,0.060917,4.4683,-0.6451,82.09,2026-10-15,35,,,yahoo,1.0,1.0,1.0,1.0,1.0,0.0,1.0,1.0,1.0,2.9244,1.5893,-5.2008,-4.4411,34.7726,34.4373,283.37,297.9075,297.9075,-5.484,-10.0963,-10.0963
JBL,302.79998779296875,302.8,2026-09-10,False,302.32000732421875,309.5400085449219,-2.75,44.05,BAJO,32627554304.0,38.92,18.49,24.67,65.88,5.01,5.21,2.57,3.71,14.69,2.97,0.98,,YAHOO,0.8174,0.5344,1.0061,0.060917,4.4683,-0.6451,82.09,2026-09-30,20,,,yahoo,1.0,0.0,1.0,1.0,1.0,0.0,1.0,0.0,0.0,1.139,-2.6085,-5.9307,-14.0466,29.0765,49.7642,370.28,385.3968,385.5467,-18.224,-21.4316,-21.4622
JKHY,161.4199981689453,161.42,2026-09-10,False,158.75,162.52999877929688,1.86,4.1,BAJO,11111445504.0,22.7,20.23,5.41,24.04,12.99,22.5,19.76,3.17,15.92,0.04,1.17,,YAHOO,0.8174,0.5344,1.0061,0.060917,4.4683,-0.6451,82.09,2026-11-03,54,2026-08-18,23.0,yahoo,1.0,1.0,1.0,1.0,0.0,0.0,1.0,1.0,1.0,-3.0073,-6.023,7.4815,26.9746,34.923,33.7008,172.991,172.991,190.3516,-6.6888,-6.6888,-15.199
KEY,21.729999542236328,21.73,2026-09-10,False,21.489999771118164,21.780000686645508,0.0,20.66,BAJO,23188703232.0,12.71,10.17,1.35,10.33,1.08,34.71,27.54,,,,,,YAHOO,0.8174,0.5344,1.0061,0.060917,4.4683,-0.6451,82.09,2026-10-20,40,,,yahoo,1.0,1.0,1.0,1.0,1.0,0.0,1.0,0.0,1.0,-0.3211,-0.6876,-5.5206,-0.1906,14.3884,19.4474,23.0889,23.7624,23.7624,-5.8854,-8.5531,-8.5531
KEYS,325.6499938964844,325.65,2026-09-10,False,325.30999755859375,330.6499938964844,-1.62,91.5,BAJO,56352718848.0,44.73,24.25,8.58,20.9,7.23,25.68,19.14,3.31,33.28,0.42,2.02,,YAHOO,0.8174,0.5344,1.0061,0.060917,4.4683,-0.6451,82.09,2026-11-24,75,2026-08-18,23.0,yahoo,1.0,1.0,1.0,1.0,0.0,0.0,1.0,0.0,0.0,1.2656,1.1744,1.5024,0.5093,26.7699,46.0664,361.15,373.34,373.34,-9.8297,-12.7739,-12.7739
KHC,24.389999389648438,24.39,2026-09-10,False,24.239999771118164,24.899999618530273,-0.89,0.84,BAJO,29183123456.0,,11.76,0.81,-8.76,3.63,15.49,-13.64,11.14,8.31,0.53,1.06,,YAHOO,0.8174,0.5344,1.0061,0.060917,4.4683,-0.6451,82.09,2026-10-28,48,,,yahoo,0.0,0.0,1.0,1.0,0.0,1.0,1.0,0.0,1.0,-5.6362,-0.0406,-1.7839,3.035,9.3861,33.55,25.8468,27.1854,27.1854,-5.6362,-10.2827,-10.2827
KIM,23.290000915527344,23.29,2026-09-10,False,23.149999618530273,23.719999313354492,-1.19,11.22,BAJO,15810505728.0,27.41,26.78,1.54,5.81,2.37,36.56,27.76,5.51,18.11,0.85,0.97,,YAHOO,0.8174,0.5344,1.0061,0.060917,4.4683,-0.6451,82.09,2026-10-29,49,,,yahoo,1.0,1.0,1.0,1.0,1.0,0.0,1.0,1.0,1.0,-2.1351,-1.9315,-6.1495,-7.1479,12.9362,17.322,24.1243,26.0712,26.0712,-3.4582,-10.6677,-10.6677
KMI,30.950000762939453,30.95,2026-09-10,False,30.950000762939453,31.739999771118164,-1.46,19.35,BAJO,69943853056.0,20.26,20.44,2.21,10.99,4.45,30.06,19.3,1.54,13.56,0.99,0.46,,YAHOO,0.8174,0.5344,1.0061,0.060917,4.4683,-0.6451,82.09,2026-10-28,48,,,yahoo,1.0,1.0,1.0,1.0,0.0,1.0,0.0,0.0,1.0,-3.1905,-3.3417,-3.1039,-1.8867,26.0863,21.8761,32.87,32.8826,33.9923,-5.8412,-5.8774,-8.9499
KR,56.95000076293945,56.95,2026-09-10,False,56.529998779296875,57.380001068115234,0.9,-10.79,BAJO,34577813504.0,33.01,10.24,6.1,13.78,5.77,3.22,0.71,8.66,8.21,3.73,0.79,,YAHOO,0.8174,0.5344,1.0061,0.060917,4.4683,-0.6451,82.09,2026-09-11,1,,,yahoo,1.0,0.0,1.0,1.0,1.0,0.0,1.0,1.0,1.0,-2.1814,-2.6662,-3.3203,-11.0444,23.293,32.2748,59.08,63.693,74.6913,-3.6053,-10.5867,-23.7529
KVUE,17.790000915527344,17.79,2026-09-10,False,17.719999313354492,17.916000366210938,0.23,1.5,BAJO,34093729792.0,20.88,14.3,3.23,15.58,6.99,19.42,10.76,5.59,11.95,0.82,1.0,,YAHOO,0.8174,0.5344,1.0061,0.060917,4.4683,-0.6451,82.09,2026-11-05,56,,,yahoo,1.0,1.0,1.0,1.0,1.0,0.0,0.0,1.0,0.0,-7.0047,-7.4402,-6.4571,-0.3418,24.5469,23.4263,19.43,19.6114,19.6114,-8.4406,-9.2875,-9.2875
L,109.08000183105469,109.08,2026-09-10,False,108.13999938964844,109.69000244140625,0.37,14.08,BAJO,22217203712.0,13.33,37.48,1.16,9.31,1.91,14.53,9.02,5.68,7.93,0.45,0.51,,YAHOO,0.8174,0.5344,1.0061,0.060917,4.4683,-0.6451,82.09,2026-11-02,53,,,yahoo,1.0,1.0,1.0,1.0,1.0,0.0,1.0,0.0,1.0,0.1285,-1.6943,-6.3166,1.0098,11.1501,15.4161,112.9667,119.3331,119.3331,-3.4405,-8.592,-8.592
LDOS,129.5500030517578,129.55,2026-09-10,False,128.07000732421875,130.7899932861328,1.1,-26.71,BAJO,16080571392.0,11.96,10.05,3.04,27.78,8.91,11.72,7.8,7.13,9.22,1.23,1.63,,YAHOO,0.8174,0.5344,1.0061,0.060917,4.4683,-0.6451,82.09,2026-11-03,54,,,yahoo,1.0,1.0,1.0,1.0,0.0,1.0,1.0,1.0,0.0,-3.1619,-5.7338,21.5519,6.8351,27.9678,40.8373,146.31,146.31,197.9062,-11.4551,-11.4551,-34.5397
LH,306.9599914550781,306.96,2026-09-10,False,305.45001220703125,320.6199951171875,-4.4,13.43,BAJO,26041210880.0,26.58,16.2,3.02,11.73,5.53,12.24,6.99,3.43,14.11,0.79,1.8,,YAHOO,0.8174,0.5344,1.0061,0.060917,4.4683,-0.6451,82.09,2026-11-03,54,,,yahoo,1.0,1.0,1.0,1.0,1.0,0.0,1.0,1.0,1.0,-7.4474,-8.3706,11.1819,14.5137,27.056,25.522,338.614,338.614,338.614,-9.3481,-9.3481,-9.3481
LII,372.6199951171875,372.62,2026-09-10,False,365.70001220703125,375.2900085449219,-0.84,-31.05,BAJO,12987210752.0,16.71,14.34,10.01,71.76,15.99,22.86,14.87,2.14,12.78,1.56,1.57,,YAHOO,0.8174,0.5344,1.0061,0.060917,4.4683,-0.6451,82.09,2026-10-28,48,,,yahoo,1.0,0.0,1.0,0.0,0.0,1.0,1.0,1.0,0.0,-0.369,-5.3591,-32.396,-26.0077,23.9136,53.7907,422.01,572.95,572.95,-11.7035,-34.9647,-34.9647
LNT,67.25,67.25,2026-09-10,False,67.16000366210938,68.43000030517578,-0.9,9.82,BAJO,17595060224.0,21.47,18.41,2.34,11.13,2.45,19.05,18.45,-6.47,16.23,1.61,0.47,,YAHOO,0.8174,0.5344,1.0061,0.060917,4.4683,-0.6451,82.09,2026-11-05,56,,,yahoo,1.0,1.0,1.0,1.0,0.0,1.0,0.0,1.0,0.0,-0.7234,-2.4231,-11.5733,-7.1762,14.7556,18.4663,70.6,77.4411,77.4411,-4.745,-13.1598,-13.1598
LOW,196.58999633789062,196.59,2026-09-10,False,195.05999755859375,198.10000610351562,-1.01,-23.77,BAJO,111425331200.0,16.79,15.24,-14.98,,12.52,13.36,7.35,4.14,11.81,,1.1,,YAHOO,0.8174,0.5344,1.0061,0.060917,4.4683,-0.6451,82.09,2026-11-18,69,2026-08-19,22.0,yahoo,1.0,0.0,1.0,1.0,1.0,0.0,0.0,1.0,0.0,-1.6263,-6.5459,-4.7641,-8.5041,21.0557,28.7641,220.0,226.1026,284.2603,-10.6409,-13.0528,-30.8416
LULU,96.87999725341797,96.88,2026-09-10,False,95.66999816894531,99.62000274658203,-2.85,-38.98,BAJO,11040004096.0,8.21,10.95,2.36,30.9,14.4,13.21,12.78,10.4,4.95,0.45,2.19,,YAHOO,0.8174,0.5344,1.0061,0.060917,4.4683,-0.6451,82.09,,999,2026-09-03,7.0,yahoo,1.0,0.0,1.0,1.0,0.0,1.0,1.0,0.0,0.0,-19.3137,-16.734,-19.468,-18.5403,135.1542,53.3114,122.78,128.58,215.88,-21.0946,-24.6539,-55.1232
LUV,38.689998626708984,38.69,2026-09-10,False,38.099998474121094,39.029998779296875,0.03,26.73,BAJO,18922573824.0,24.18,8.08,2.67,11.1,2.32,3.38,2.78,-4.41,9.42,0.97,0.49,,YAHOO,0.8174,0.5344,1.0061,0.060917,4.4683,-0.6451,82.09,2026-10-21,41,,,yahoo,1.0,1.0,1.0,1.0,0.0,0.0,1.0,1.0,1.0,0.6766,-4.4229,-18.8831,-5.6982,30.4398,34.9558,44.6608,51.8472,54.0738,-13.3693,-25.3768,-28.4496
LW,47.31999969482422,47.32,2026-09-10,False,47.20000076293945,48.22999954223633,-1.68,-12.02,BAJO,6617064448.0,23.14,14.27,3.63,16.28,6.03,9.77,4.39,6.84,9.59,2.21,1.42,,YAHOO,0.8174,0.5344,1.0061,0.060917,4.4683,-0.6451,82.09,2026-10-06,26,,,yahoo,1.0,0.0,1.0,1.0,1.0,1.0,1.0,0.0,1.0,-9.7119,-14.3684,1.4645,8.0172,11.5978,32.6688,55.36,55.36,64.5724,-14.5231,-14.5231,-26.7179
LYB,64.30000305175781,64.3,2026-09-10,False,64.26000213623047,66.0999984741211,-0.33,25.8,BAJO,20839178240.0,,9.97,1.95,-2.27,4.11,17.92,-1.13,5.89,9.15,1.33,1.64,,YAHOO,0.8174,0.5344,1.0061,0.060917,4.4683,-0.6451,82.09,2026-10-30,50,,,yahoo,0.0,0.0,1.0,1.0,0.0,0.0,1.0,0.0,0.0,-3.4099,2.6829,11.3919,-0.2858,23.3841,34.5391,67.4042,67.4042,80.6941,-4.6053,-4.6053,-20.3164
LYV,170.0800018310547,170.08,2026-09-10,False,168.47000122070312,172.47999572753906,0.05,0.29,BAJO,39600787456.0,,90.03,476.16,17.68,2.1,6.7,0.51,4.28,28.08,6.2,0.85,,YAHOO,0.8174,0.5344,1.0061,0.060917,4.4683,-0.6451,82.09,2026-11-03,54,,,yahoo,1.0,0.0,1.0,1.0,0.0,1.0,0.0,1.0,0.0,-5.2954,-6.8769,-7.1869,1.5403,17.7751,25.261,188.46,188.46,188.46,-9.7527,-9.7527,-9.7527
MAA,124.4800033569336,124.48,2026-09-10,False,124.19000244140625,128.24000549316406,-2.35,-6.93,BAJO,15165504512.0,37.38,38.87,2.72,7.05,3.13,25.36,18.17,6.07,16.64,1.02,0.05,,YAHOO,0.8174,0.5344,1.0061,0.060917,4.4683,-0.6451,82.09,2026-10-28,48,,,yahoo,1.0,0.0,1.0,1.0,1.0,1.0,1.0,0.0,0.0,-3.2113,-5.3384,-7.3359,-9.9147,16.4843,19.8114,134.2,140.5626,140.5626,-7.2429,-11.4416,-11.4416
MAR,329.07000732421875,329.07,2026-09-10,False,328.6000061035156,334.1199951171875,-0.74,26.42,BAJO,86449233920.0,34.28,25.21,-19.18,,9.76,65.28,35.03,2.38,21.55,,0.54,,YAHOO,0.8174,0.5344,1.0061,0.060917,4.4683,-0.6451,82.09,2026-11-03,54,,,yahoo,1.0,1.0,1.0,1.0,0.0,1.0,1.0,1.0,0.0,-1.2217,-8.2527,-9.1303,-14.6263,21.3816,26.4995,360.2,398.2906,401.7236,-8.6424,-17.3794,-18.0855
MAS,67.63999938964844,67.64,2026-09-10,False,67.19000244140625,68.98999786376953,-2.51,-5.83,BAJO,13680863232.0,15.99,14.89,-37.48,5862.5,15.86,23.64,11.61,6.56,11.19,,1.86,,YAHOO,0.8174,0.5344,1.0061,0.060917,4.4683,-0.6451,82.09,2026-10-29,49,,,yahoo,1.0,0.0,1.0,1.0,1.0,1.0,1.0,0.0,0.0,-4.6518,-8.0978,-10.8209,-4.1391,33.1563,40.3149,74.9214,82.4086,82.4086,-9.7188,-17.9212,-17.9212
MCHP,71.58000183105469,71.58,2026-09-10,False,70.94000244140625,72.5999984741211,-1.96,15.55,BAJO,39645065216.0,107.37,15.99,6.15,7.19,3.54,23.96,9.34,3.44,29.73,0.84,1.92,,YAHOO,0.8174,0.5344,1.0061,0.060917,4.4683,-0.6451,82.09,2026-11-05,56,,,yahoo,1.0,1.0,1.0,1.0,0.0,0.0,0.0,1.0,1.0,-1.6218,-3.3356,-14.5071,-18.0859,22.9082,58.4176,79.78,102.0957,102.0957,-10.2783,-29.8893,-29.8893
MCK,880.8599853515625,880.86,2026-09-10,False,879.239990234375,904.8300170898438,-1.21,25.43,BAJO,103961288704.0,23.94,17.67,-24.39,,4.74,1.35,1.12,6.54,16.06,,0.89,,YAHOO,0.8174,0.5344,1.0061,0.060917,4.4683,-0.6451,82.09,2026-11-04,55,,,yahoo,1.0,1.0,1.0,1.0,0.0,0.0,1.0,0.0,1.0,-4.7492,-1.6566,8.5582,11.5576,15.9276,32.8979,924.78,924.78,993.5343,-4.7492,-4.7492,-11.3408
MCO,467.3599853515625,467.36,2026-09-10,False,466.42999267578125,474.5,-1.52,-6.54,BAJO,82186502144.0,30.15,25.07,27.17,76.93,15.62,49.47,34.25,3.14,21.82,2.41,1.19,,YAHOO,0.8174,0.5344,1.0061,0.060917,4.4683,-0.6451,82.09,2026-10-21,41,,,yahoo,1.0,1.0,1.0,1.0,0.0,1.0,1.0,1.0,1.0,-4.6204,-9.1711,-5.5217,3.9179,8.2495,28.1792,514.95,517.9255,536.0317,-9.2417,-9.7631,-12.8111
MET,96.77999877929688,96.78,2026-09-10,False,96.0199966430664,96.91000366210938,1.14,26.48,BAJO,60808790016.0,18.33,8.76,2.22,13.09,0.45,5.52,4.57,-34.46,13.96,1.8,2.03,,YAHOO,0.8174,0.5344,1.0061,0.060917,4.4683,-0.6451,82.09,2026-11-09,60,,,yahoo,1.0,0.0,1.0,1.0,1.0,0.0,1.0,0.0,0.0,0.3734,0.2694,4.6755,13.0612,24.5545,23.937,99.23,99.95,99.95,-2.469,-3.1716,-3.1716
MGM,40.72999954223633,40.73,2026-09-10,False,40.459999084472656,41.119998931884766,0.17,17.83,BAJO,10402911232.0,24.64,19.65,4.07,18.92,1.77,6.79,2.4,8.45,17.2,8.93,1.33,,YAHOO,0.8174,0.5344,1.0061,0.060917,4.4683,-0.6451,82.09,2026-10-28,48,,,yahoo,1.0,0.0,1.0,1.0,1.0,0.0,1.0,0.0,1.0,-1.7133,-6.2816,-13.7807,-13.1742,10.1933,20.9231,44.1,49.69,50.69,-7.6417,-18.0318,-19.6488
MKC,51.099998474121094,51.1,2026-09-10,False,50.81999969482422,51.849998474121094,-0.74,-21.86,BAJO,13840478208.0,8.57,15.61,1.98,24.73,5.14,17.42,21.91,5.16,13.1,0.65,0.78,,YAHOO,0.8174,0.5344,1.0061,0.060917,4.4683,-0.6451,82.09,2026-10-01,21,,,yahoo,1.0,0.0,1.0,1.0,1.0,0.0,0.0,0.0,1.0,-5.0186,-7.2595,-4.9302,3.7695,4.1137,31.391,56.48,56.48,70.3792,-9.5255,-9.5255,-27.3934
MLM,502.4700012207031,502.47,2026-09-10,False,491.6199951171875,503.2699890136719,-0.1,-17.36,BAJO,35722039296.0,32.75,23.17,2.62,8.89,4.57,20.18,36.74,1.66,17.14,0.55,1.41,,YAHOO,0.8174,0.5344,1.0061,0.060917,4.4683,-0.6451,82.09,2026-11-03,54,,,yahoo,1.0,0.0,1.0,1.0,1.0,1.0,1.0,1.0,1.0,-2.8236,-5.4295,-11.6036,-8.9686,19.0179,32.4307,547.0427,627.9214,705.0884,-8.1479,-19.9788,-28.7366
MNST,43.09000015258789,43.09,2026-09-10,False,42.52000045776367,43.529998779296875,0.58,37.66,BAJO,83925778432.0,39.67,32.72,8.96,25.7,17.48,29.18,23.08,2.0,27.48,0.01,3.73,,YAHOO,0.8174,0.5344,1.0061,0.060917,4.4683,-0.6451,82.09,2026-11-05,56,,,yahoo,1.0,0.0,1.0,1.0,0.0,1.0,0.0,1.0,0.0,-2.9941,-9.8724,-11.2187,-5.5147,13.8166,24.8361,48.92,49.97,49.97,-11.9174,-13.7683,-13.7683
MOH,200.27999877929688,200.28,2026-09-10,False,196.19000244140625,207.5,3.17,8.86,BAJO,10133585920.0,1213.31,19.93,2.42,-0.16,1.16,1.4,-0.02,6.91,13.26,0.95,1.68,,YAHOO,0.8174,0.5344,1.0061,0.060917,4.4683,-0.6451,82.09,2026-10-21,41,,,yahoo,1.0,0.0,0.0,0.0,0.0,1.0,1.0,0.0,1.0,-1.1549,-1.0621,-17.5395,1.2077,37.7784,41.51,212.43,242.88,242.88,-5.7195,-17.5395,-17.5395
MPC,392.4200134277344,392.42,2026-09-10,False,392.2200012207031,405.1300048828125,-1.76,121.42,BAJO,112172646400.0,13.85,12.18,5.93,42.1,8.74,13.56,5.55,8.25,9.44,1.33,1.25,,YAHOO,0.8174,0.5344,1.0061,0.060917,4.4683,-0.6451,82.09,2026-11-03,54,,,yahoo,1.0,1.0,1.0,1.0,0.0,1.0,1.0,1.0,0.0,1.4005,8.3225,32.5433,49.4586,26.1977,33.4272,399.44,399.44,399.44,-1.7575,-1.7575,-1.7575
MPWR,1186.0799560546875,1186.08,2026-09-10,False,1175.949951171875,1205.199951171875,-1.47,44.7,BAJO,59155886080.0,73.18,34.52,15.19,21.98,13.57,30.99,24.5,0.75,57.74,0.0,4.97,,YAHOO,0.8174,0.5344,1.0061,0.060917,4.4683,-0.6451,82.09,2026-10-29,49,,,yahoo,1.0,0.0,1.0,1.0,0.0,1.0,0.0,0.0,1.0,-2.7293,-9.0346,-8.1541,-19.358,16.4605,56.9754,1415.99,1561.3176,1687.3154,-16.2367,-24.0334,-29.7061
MSCI,547.5999755859375,547.6,2026-09-10,False,545.1199951171875,555.7999877929688,-1.25,-2.55,BAJO,40315056128.0,30.29,24.65,-14.99,,21.13,56.3,40.73,2.96,23.7,,0.89,,YAHOO,0.8174,0.5344,1.0061,0.060917,4.4683,-0.6451,82.09,2026-10-20,40,,,yahoo,1.0,1.0,1.0,1.0,0.0,1.0,1.0,1.0,1.0,-2.3242,-2.9457,-11.3944,-9.6893,29.8343,35.2044,574.65,634.9691,641.5356,-4.7072,-13.7596,-14.6423
MTB,239.02000427246094,239.02,2026-09-10,False,236.13999938964844,239.30999755859375,0.43,26.86,BAJO,34371067904.0,12.61,11.29,1.35,10.74,1.41,45.11,32.09,,,,,,YAHOO,0.8174,0.5344,1.0061,0.060917,4.4683,-0.6451,82.09,2026-10-16,36,,,yahoo,1.0,1.0,1.0,1.0,1.0,0.0,1.0,0.0,1.0,1.5033,-0.4047,-0.8194,7.4275,6.6113,19.0705,252.4608,252.4608,252.4608,-5.3239,-5.3239,-5.3239
MTCH,41.81999969482422,41.82,2026-09-10,False,41.2400016784668,41.9900016784668,0.94,15.12,BAJO,9664232448.0,14.69,9.05,-40.18,,17.36,28.77,20.17,9.63,10.59,,1.72,,YAHOO,0.8174,0.5344,1.0061,0.060917,4.4683,-0.6451,82.09,2026-11-03,54,,,yahoo,1.0,1.0,1.0,1.0,1.0,0.0,1.0,1.0,1.0,-1.4609,-0.5942,8.5106,22.3966,21.5492,36.7082,42.44,42.44,42.44,-1.4609,-1.4609,-1.4609
MTD,1280.5799560546875,1280.58,2026-09-10,False,1266.550048828125,1296.6500244140625,-0.76,2.41,BAJO,25854375936.0,29.06,24.96,2016.19,,21.1,31.2,21.91,2.68,21.9,166.68,1.12,,YAHOO,0.8174,0.5344,1.0061,0.060917,4.4683,-0.6451,82.09,2026-11-05,56,,,yahoo,1.0,0.0,1.0,1.0,1.0,1.0,1.0,0.0,0.0,-6.3726,-8.4293,-1.4582,13.0226,13.9997,26.0043,1430.76,1445.0,1506.02,-10.4965,-11.3785,-14.9693
NCLH,14.569999694824219,14.57,2026-09-10,False,14.449999809265137,14.829999923706055,-1.89,-43.34,BAJO,6818939392.0,9.0,8.78,2.65,36.73,4.25,14.04,7.49,-24.64,8.7,6.21,0.2,,YAHOO,0.8174,0.5344,1.0061,0.060917,4.4683,-0.6451,82.09,2026-11-04,55,,,yahoo,1.0,0.0,1.0,1.0,0.0,1.0,0.0,1.0,0.0,-6.4226,-14.7455,-25.7769,-18.6942,22.5778,47.2282,19.55,21.92,26.94,-25.4731,-33.531,-45.9169
NDAQ,92.01000213623047,92.01,2026-09-10,False,91.7300033569336,94.45999908447266,-2.35,-0.25,BAJO,52666847232.0,27.47,20.14,4.42,16.52,5.85,49.33,35.04,3.21,18.32,0.78,1.01,,YAHOO,0.8174,0.5344,1.0061,0.060917,4.4683,-0.6451,82.09,2026-10-22,42,,,yahoo,1.0,1.0,1.0,1.0,1.0,1.0,1.0,1.0,1.0,-3.8759,-7.4997,3.1387,6.4806,9.9329,31.7193,99.47,99.47,100.3015,-7.4997,-7.4997,-8.2666
NDSN,307.45001220703125,307.45,2026-09-10,False,306.9200134277344,310.04998779296875,-1.77,39.11,BAJO,17486260224.0,31.78,24.26,5.35,17.76,8.47,27.4,18.63,3.51,20.03,0.56,1.82,,YAHOO,0.8174,0.5344,1.0061,0.060917,4.4683,-0.6451,82.09,2026-12-08,89,2026-08-19,22.0,finnhub,1.0,1.0,1.0,1.0,1.0,0.0,1.0,0.0,1.0,-2.6077,-7.8327,7.6009,11.0123,13.543,26.0859,333.6978,333.6978,333.6978,-7.8657,-7.8657,-7.8657
NI,41.41999816894531,41.42,2026-09-10,False,41.36000061035156,42.0,-0.6,5.98,BAJO,19983267840.0,22.16,18.49,2.09,8.55,3.24,17.16,13.15,-8.87,13.11,1.47,0.5,,YAHOO,0.8174,0.5344,1.0061,0.060917,4.4683,-0.6451,82.09,2026-10-28,48,,,yahoo,1.0,1.0,1.0,1.0,0.0,1.0,0.0,0.0,1.0,0.6561,0.7051,-11.4137,-10.5779,14.5488,19.8818,42.5,48.7533,48.7533,-2.5412,-15.0417,-15.0417
NOC,518.9500122070312,518.95,2026-09-10,False,516.0,523.3800048828125,0.66,-6.95,BAJO,73243435008.0,16.38,16.94,4.1,26.96,7.15,11.6,10.48,3.38,12.13,0.95,1.17,,YAHOO,0.8174,0.5344,1.0061,0.060917,4.4683,-0.6451,82.09,2026-10-20,40,,,yahoo,1.0,0.0,1.0,1.0,1.0,1.0,1.0,0.0,0.0,-0.9297,-5.2077,-3.7854,-3.8422,23.9054,28.8006,586.4728,586.4728,761.1927,-11.5134,-11.5134,-31.8241
NRG,111.6500015258789,111.65,2026-09-10,False,111.47000122070312,114.95999908447266,-3.22,-25.85,BAJO,24251983872.0,30.04,10.3,5.77,23.77,4.06,12.77,2.56,3.18,14.82,4.83,0.97,,YAHOO,0.8174,0.5344,1.0061,0.060917,4.4683,-0.6451,82.09,2026-11-05,56,,,yahoo,1.0,0.0,1.0,1.0,0.0,1.0,1.0,0.0,0.0,0.5041,-3.866,-19.6685,-7.1311,73.6731,56.6878,126.24,148.8317,182.8192,-11.5573,-24.9824,-38.9287
NSC,323.29998779296875,323.3,2026-09-10,False,321.8399963378906,325.8900146484375,0.0,22.65,BAJO,72615878656.0,27.61,22.58,4.47,16.98,5.95,35.3,21.02,1.9,15.66,1.06,0.83,,YAHOO,0.8174,0.5344,1.0061,0.060917,4.4683,-0.6451,82.09,2026-10-22,42,,,yahoo,1.0,1.0,1.0,1.0,1.0,0.0,1.0,0.0,0.0,-2.0481,-8.3305,-0.919,5.0657,12.8808,22.216,352.98,352.98,352.98,-8.4084,-8.4084,-8.4084
NTAP,183.60000610351562,183.6,2026-09-10,False,182.22999572753906,186.16000366210938,-0.62,51.92,BAJO,36286447616.0,26.13,16.79,24.22,114.82,11.66,26.67,19.18,3.23,16.82,1.69,1.24,,YAHOO,0.8174,0.5344,1.0061,0.060917,4.4683,-0.6451,82.09,2026-12-01,82,2026-09-02,8.0,yahoo,1.0,1.0,1.0,1.0,0.0,1.0,1.0,1.0,1.0,1.5655,-5.2876,11.999,14.6257,27.8132,40.1417,207.08,207.08,207.08,-11.3386,-11.3386,-11.3386
NTRS,187.19000244140625,187.19,2026-09-10,False,183.74000549316406,187.8000030517578,1.35,50.21,BAJO,33790078976.0,15.85,14.57,2.7,17.07,1.28,42.5,24.67,,,,,,YAHOO,0.8174,0.5344,1.0061,0.060917,4.4683,-0.6451,82.09,2026-10-21,41,,,yahoo,1.0,0.0,1.0,1.0,1.0,0.0,1.0,0.0,0.0,2.2247,0.22,2.1525,13.2083,15.0412,20.506,190.5711,190.5711,190.5711,-1.7742,-1.7742,-1.7742
NVR,6088.27978515625,6088.2798,2026-09-10,False,6057.83984375,6258.97998046875,-1.6,-26.07,BAJO,16570535936.0,16.08,15.03,4.89,31.54,16.55,13.89,11.85,5.54,10.73,0.32,5.67,,YAHOO,0.8174,0.5344,1.0061,0.060917,4.4683,-0.6451,82.09,2026-10-21,41,,,yahoo,1.0,0.0,1.0,0.0,0.0,1.0,1.0,0.0,1.0,-3.7723,-4.3944,-5.432,-3.4379,26.7587,30.192,6433.7402,6828.6201,8532.9805,-5.3695,-10.8417,-28.65
NWS,32.779998779296875,32.78,2026-09-10,False,32.4900016784668,33.02000045776367,-0.91,4.84,BAJO,17748678656.0,32.12,21.88,2.11,7.98,4.66,12.54,6.35,5.89,14.52,0.32,1.62,,YAHOO,0.8174,0.5344,1.0061,0.060917,4.4683,-0.6451,82.09,2026-11-05,56,,,yahoo,1.0,0.0,1.0,1.0,0.0,0.0,1.0,0.0,1.0,-4.4504,-6.7009,4.6756,6.4033,13.1727,29.9036,35.2141,35.2141,35.2141,-6.9122,-6.9122,-6.9122
NWSA,29.3799991607666,29.38,2026-09-10,False,29.06999969482422,29.670000076293945,-0.78,2.86,BAJO,15886892032.0,28.75,19.59,1.89,7.98,4.66,12.54,6.35,6.58,13.11,0.32,1.62,,YAHOO,0.8174,0.5344,1.0061,0.060917,4.4683,-0.6451,82.09,2026-11-05,56,,,yahoo,1.0,0.0,1.0,1.0,0.0,0.0,1.0,0.0,1.0,-3.821,-4.7841,6.3067,9.3024,11.9336,27.9432,31.0854,31.0854,31.0854,-5.4862,-5.4862,-5.4862
NXPI,226.47000122070312,226.47,2026-09-10,False,218.4499969482422,226.92999267578125,1.41,5.84,BAJO,56313307136.0,19.04,12.34,4.94,27.92,10.46,30.41,22.56,6.31,12.71,0.93,2.04,,YAHOO,0.8174,0.5344,1.0061,0.060917,4.4683,-0.6451,82.09,2026-10-26,46,,,yahoo,1.0,0.0,1.0,1.0,1.0,0.0,1.0,0.0,0.0,-0.8884,1.4878,-18.6501,-20.4236,23.4956,43.9294,234.71,322.1472,331.5454,-3.5107,-29.6998,-31.6926
ODFL,180.5500030517578,180.55,2026-09-10,False,180.27999877929688,182.9499969482422,-0.77,24.18,BAJO,37841911808.0,34.99,27.36,8.3,24.82,15.78,28.84,19.44,2.57,20.89,0.0,1.89,,YAHOO,0.8174,0.5344,1.0061,0.060917,4.4683,-0.6451,82.09,2026-10-28,48,,,yahoo,1.0,0.0,1.0,1.0,1.0,1.0,1.0,0.0,0.0,-3.7631,-9.3264,-22.3571,-23.3607,23.0346,31.5857,215.3955,236.7822,248.3443,-16.1774,-23.7485,-27.2985
OKE,95.72000122070312,95.72,2026-09-10,False,94.95999908447266,96.66999816894531,-0.1,40.25,BAJO,60402020352.0,16.55,15.41,2.63,16.28,5.77,13.25,9.29,1.49,12.18,1.43,0.74,,YAHOO,0.8174,0.5344,1.0061,0.060917,4.4683,-0.6451,82.09,2026-10-27,47,,,yahoo,1.0,1.0,1.0,1.0,1.0,0.0,0.0,0.0,1.0,-0.3021,0.8641,5.067,6.9463,25.7231,25.8227,97.51,97.51,97.51,-1.8357,-1.8357,-1.8357
OMC,79.44999694824219,79.45,2026-09-10,False,77.97000122070312,79.80999755859375,1.47,7.8,BAJO,21481289728.0,211.62,6.5,2.22,6.05,5.09,15.38,1.74,19.83,8.29,1.08,0.92,,YAHOO,0.8174,0.5344,1.0061,0.060917,4.4683,-0.6451,82.09,2026-10-20,40,,,yahoo,0.0,0.0,1.0,1.0,1.0,0.0,0.0,0.0,0.0,-2.8253,-9.6029,-3.7553,7.3939,34.0648,38.409,88.94,88.94,88.94,-10.6701,-10.6701,-10.6701
ON,70.16999816894531,70.17,2026-09-10,False,68.79000091552734,70.55000305175781,-1.14,45.72,BAJO,27633838080.0,46.39,15.67,3.83,8.31,6.75,19.53,10.17,6.0,13.64,0.65,3.46,,YAHOO,0.8174,0.5344,1.0061,0.060917,4.4683,-0.6451,82.09,2026-11-02,53,,,yahoo,1.0,0.0,1.0,1.0,0.0,0.0,1.0,0.0,0.0,-2.9997,-4.1655,-22.3526,-36.3075,37.1178,75.9696,83.38,131.55,133.93,-15.8431,-46.6591,-47.607
OTIS,67.88999938964844,67.89,2026-09-10,False,67.63999938964844,69.32499694824219,-2.03,-19.83,BAJO,26380386304.0,17.81,15.25,-4.59,,14.25,15.13,10.17,5.44,13.15,,0.83,,YAHOO,0.8174,0.5344,1.0061,0.060917,4.4683,-0.6451,82.09,2026-10-28,48,,,yahoo,1.0,0.0,1.0,1.0,0.0,0.0,1.0,1.0,1.0,-4.1508,-6.1774,-6.9715,-1.9502,11.3509,22.1376,72.63,74.5481,92.4955,-6.5262,-8.9313,-26.6019
PAYC,216.0399932861328,216.04,2026-09-10,False,214.99000549316406,219.1199951171875,0.21,-1.08,BAJO,9716540416.0,22.81,15.45,16.41,41.09,8.78,31.72,22.78,4.36,14.05,1.72,1.07,,YAHOO,0.8174,0.5344,1.0061,0.060917,4.4683,-0.6451,82.09,2026-11-04,55,,,yahoo,1.0,0.0,1.0,1.0,0.0,0.0,1.0,1.0,0.0,-8.5545,-7.0036,47.7094,58.2755,38.7239,65.0658,240.52,240.52,240.52,-10.178,-10.178,-10.178
PAYX,115.18000030517578,115.18,2026-09-10,False,114.51000213623047,115.80999755859375,0.37,-8.65,BAJO,40848760832.0,23.47,17.96,10.92,,,38.32,26.63,,27.55,1.24,1.15,,YAHOO,0.8174,0.5344,1.0061,0.060917,4.4683,-0.6451,82.09,2026-09-23,13,,,yahoo,1.0,1.0,1.0,1.0,0.0,0.0,1.0,1.0,1.0,-7.1129,-7.7675,5.0829,15.113,28.7666,32.8185,127.34,127.34,129.7454,-9.5492,-9.5492,-11.2262
PCG,14.029999732971191,14.03,2026-09-10,False,13.850000381469727,14.34000015258789,-1.13,-7.28,BAJO,31251587072.0,10.21,7.88,0.97,9.32,2.57,24.79,11.83,-19.68,9.26,1.89,1.22,,YAHOO,0.8174,0.5344,1.0061,0.060917,4.4683,-0.6451,82.09,2026-10-22,42,,,yahoo,1.0,1.0,1.0,1.0,0.0,0.0,0.0,1.0,0.0,5.2513,-22.9967,-19.2286,-15.8444,56.7775,55.3318,18.36,18.36,19.0001,-23.5839,-23.5839,-26.1582
PEG,72.4800033569336,72.48,2026-09-10,False,72.25,73.27999877929688,-0.17,-6.04,BAJO,36185292800.0,18.06,15.54,2.09,11.83,3.24,18.87,16.04,0.3,13.59,1.42,0.88,,YAHOO,0.8174,0.5344,1.0061,0.060917,4.4683,-0.6451,82.09,2026-11-02,53,,,yahoo,1.0,1.0,1.0,1.0,0.0,1.0,1.0,1.0,1.0,-0.2454,-1.2021,-9.5808,-6.9346,13.3517,15.6837,75.3538,82.8257,84.7417,-3.8137,-12.4909,-14.4694
PFG,114.95999908447266,114.96,2026-09-10,False,114.2300033569336,115.31999969482422,0.82,47.46,BAJO,24412211200.0,16.24,11.0,2.02,12.95,0.35,12.34,9.93,4.33,10.85,0.35,1.59,,YAHOO,0.8174,0.5344,1.0061,0.060917,4.4683,-0.6451,82.09,2026-10-26,46,,,yahoo,1.0,0.0,1.0,1.0,1.0,0.0,1.0,0.0,0.0,4.0644,3.2298,1.9577,6.0655,17.2877,25.6371,118.51,118.51,118.51,-2.9955,-2.9955,-2.9955
PGR,216.19000244140625,216.19,2026-09-10,False,215.1300048828125,219.0,0.32,-4.88,BAJO,125227057152.0,10.82,13.23,3.65,34.94,7.84,18.21,12.85,12.07,8.54,0.24,0.29,,YAHOO,0.8174,0.5344,1.0061,0.060917,4.4683,-0.6451,82.09,2026-10-14,34,,,yahoo,1.0,1.0,1.0,1.0,1.0,0.0,0.0,0.0,0.0,-2.3444,-2.8403,-7.8002,5.9187,21.4152,35.0362,223.92,234.48,234.48,-3.4521,-7.8002,-7.8002
PH,934.3400268554688,934.34,2026-09-10,False,929.239990234375,944.4600219726562,-1.59,24.98,BAJO,119678287872.0,33.34,24.25,7.77,25.08,9.79,23.46,16.97,2.47,22.59,0.57,1.26,,YAHOO,0.8174,0.5344,1.0061,0.060917,4.4683,-0.6451,82.09,2026-11-05,56,,,yahoo,1.0,0.0,1.0,1.0,1.0,1.0,1.0,1.0,1.0,-1.5842,-9.9345,-1.5809,6.9235,9.2408,26.9769,1056.7417,1071.7115,1071.7115,-11.5829,-12.818,-12.818
PHM,116.41000366210938,116.41,2026-09-10,False,114.77999877929688,117.58000183105469,-2.12,-12.8,BAJO,22654541824.0,12.15,10.59,1.72,14.9,9.21,15.69,11.62,4.76,8.51,0.19,7.27,,YAHOO,0.8174,0.5344,1.0061,0.060917,4.4683,-0.6451,82.09,2026-10-22,42,,,yahoo,1.0,0.0,1.0,0.0,1.0,1.0,1.0,0.0,0.0,-5.8933,-10.4745,-5.9313,-1.547,24.7774,35.4798,130.86,137.94,141.9555,-11.0423,-15.6082,-17.9954
PKG,232.41000366210938,232.41,2026-09-10,False,225.3300018310547,233.4499969482422,2.26,12.31,BAJO,20250261504.0,29.52,17.57,4.32,14.89,8.28,13.12,7.26,2.14,11.97,0.94,2.94,,YAHOO,0.8174,0.5344,1.0061,0.060917,4.4683,-0.6451,82.09,2026-10-21,41,,,yahoo,1.0,0.0,1.0,1.0,0.0,0.0,1.0,0.0,0.0,-0.4839,-5.7848,2.9,7.9891,35.8001,28.8302,257.05,257.43,257.43,-9.5857,-9.7191,-9.7191
PNC,242.97999572753906,242.98,2026-09-10,False,239.72000122070312,243.02000427246094,0.95,26.36,BAJO,96021757952.0,13.25,11.27,1.65,12.62,1.31,38.69,31.37,,,,,,YAHOO,0.8174,0.5344,1.0061,0.060917,4.4683,-0.6451,82.09,2026-10-15,35,,,yahoo,1.0,1.0,1.0,0.0,1.0,0.0,1.0,0.0,1.0,0.2145,-0.6907,-3.1374,5.2773,15.2621,17.2096,256.97,256.97,256.97,-5.4442,-5.4442,-5.4442
PNR,56.72999954223633,56.73,2026-09-10,False,56.25,57.29999923706055,-1.37,-46.42,BAJO,9180191744.0,14.82,11.13,2.45,17.13,8.66,23.44,16.24,6.08,10.49,0.47,1.45,,YAHOO,0.8174,0.5344,1.0061,0.060917,4.4683,-0.6451,82.09,2026-10-20,40,,,yahoo,1.0,0.0,1.0,1.0,1.0,1.0,1.0,1.0,0.0,-5.1972,-9.7518,-25.5483,-20.1991,19.8984,42.3696,66.87,76.3863,111.2284,-15.1638,-25.7327,-48.9968
PNW,96.58999633789062,96.59,2026-09-10,False,96.37999725341797,97.68000030517578,-0.61,16.11,BAJO,11777946624.0,18.65,17.46,1.67,9.37,2.33,21.34,11.53,-7.89,13.18,2.33,0.59,,YAHOO,0.8174,0.5344,1.0061,0.060917,4.4683,-0.6451,82.09,2026-11-03,54,,,yahoo,1.0,0.0,1.0,1.0,1.0,0.0,0.0,0.0,0.0,-0.8113,-2.1279,-10.275,-5.4624,9.7997,17.2753,101.48,108.3845,108.3845,-4.8187,-10.8821,-10.8821
PODD,134.67999267578125,134.68,2026-09-10,False,134.11000061035156,138.66000366210938,-2.35,-57.57,BAJO,9565331456.0,25.83,17.89,6.73,26.02,9.71,16.18,12.29,2.48,16.23,0.67,2.48,,YAHOO,0.8174,0.5344,1.0061,0.060917,4.4683,-0.6451,82.09,2026-11-05,56,,,yahoo,1.0,0.0,1.0,1.0,1.0,0.0,0.0,1.0,1.0,-9.086,-6.0678,-16.895,-10.6363,10.607,57.0034,151.51,170.62,346.36,-11.1082,-21.0644,-61.1156
POOL,175.75999450683594,175.76,2026-09-10,False,173.47000122070312,177.9499969482422,-1.21,-42.79,BAJO,6465745920.0,16.34,15.06,5.13,31.25,9.9,15.14,7.41,3.29,12.64,1.35,2.67,,YAHOO,0.8174,0.5344,1.0061,0.060917,4.4683,-0.6451,82.09,2026-10-22,42,,,yahoo,1.0,0.0,1.0,0.0,0.0,1.0,1.0,1.0,0.0,-3.951,-6.6992,-16.0832,-6.8338,35.4623,37.7778,200.57,218.0392,321.7043,-12.3698,-19.3906,-45.366
PPG,105.05000305175781,105.05,2026-09-10,False,104.18000030517578,106.16000366210938,-1.97,-1.03,BAJO,23821668352.0,15.37,12.36,2.82,19.3,6.05,14.02,9.57,4.64,11.06,0.87,1.58,,YAHOO,0.8174,0.5344,1.0061,0.060917,4.4683,-0.6451,82.09,2026-10-27,47,,,yahoo,1.0,1.0,1.0,1.0,0.0,1.0,1.0,0.0,0.0,-5.6239,-8.1891,-7.1474,-6.4324,30.9453,30.8145,114.73,124.5553,129.1576,-8.4372,-15.66,-18.6653
PPL,34.209999084472656,34.21,2026-09-10,False,34.150001525878906,34.459999084472656,-0.16,0.74,BAJO,26000422912.0,20.44,16.32,1.73,8.63,3.2,23.59,13.47,-7.46,12.25,1.35,0.91,,YAHOO,0.8174,0.5344,1.0061,0.060917,4.4683,-0.6451,82.09,2026-11-04,55,,,yahoo,1.0,1.0,1.0,1.0,0.0,1.0,0.0,1.0,0.0,-0.1316,-1.5005,-4.3678,-3.0508,11.3889,19.8117,35.7229,36.7146,39.1669,-4.235,-6.8219,-12.6558
PRU,118.4800033569336,118.48,2026-09-10,False,117.41000366210938,118.95999908447266,0.76,19.18,BAJO,40568549376.0,10.66,7.92,1.29,12.01,0.43,7.52,6.01,18.56,11.74,1.64,0.78,,YAHOO,0.8174,0.5344,1.0061,0.060917,4.4683,-0.6451,82.09,2026-10-28,48,,,yahoo,1.0,1.0,1.0,1.0,1.0,0.0,1.0,0.0,0.0,-1.1348,-1.4637,3.1659,13.9563,19.8423,21.4405,123.7019,123.7019,123.7019,-4.2214,-4.2214,-4.2214
PSA,294.6000061035156,294.6,2026-09-10,False,292.6099853515625,296.05999755859375,0.0,6.61,BAJO,55046684672.0,28.14,29.12,10.69,21.93,6.98,45.7,41.63,4.24,19.23,1.1,0.22,,YAHOO,0.8174,0.5344,1.0061,0.060917,4.4683,-0.6451,82.09,2026-10-28,48,,,yahoo,1.0,0.0,1.0,1.0,0.0,0.0,0.0,0.0,1.0,-2.2334,-7.1746,-8.4695,-8.1926,17.1762,22.0416,328.72,330.47,330.47,-10.3797,-10.8542,-10.8542
PTC,128.72000122070312,128.72,2026-09-10,False,126.79000091552734,130.88999938964844,-0.13,-35.25,BAJO,13985372160.0,12.5,14.47,4.11,35.05,11.54,28.23,41.43,7.38,11.95,0.46,1.02,,YAHOO,0.8174,0.5344,1.0061,0.060917,4.4683,-0.6451,82.09,2026-11-11,62,,,yahoo,1.0,1.0,1.0,1.0,1.0,1.0,1.0,1.0,1.0,-13.686,-15.0979,2.6312,-4.7083,42.6088,43.6958,158.95,158.95,207.03,-19.0186,-19.0186,-37.8254
PWR,618.72998046875,618.73,2026-09-10,False,615.469970703125,630.5599975585938,-1.32,61.51,BAJO,94262296576.0,71.65,31.99,9.78,15.34,5.23,7.22,4.03,2.07,32.99,0.68,1.1,,YAHOO,0.8174,0.5344,1.0061,0.060917,4.4683,-0.6451,82.09,2026-10-29,49,,,yahoo,1.0,0.0,1.0,1.0,1.0,0.0,0.0,1.0,0.0,1.3016,0.3243,-4.325,-4.9308,30.7844,53.6291,722.31,740.0269,785.1201,-14.3401,-16.3909,-21.1929
Q,123.31999969482422,123.32,2026-09-10,False,121.51000213623047,125.7699966430664,-1.71,32.31,BAJO,26249396224.0,44.81,23.33,3.62,6.72,5.3,22.32,11.25,2.94,19.73,0.6,2.01,,YAHOO,0.8174,0.5344,1.0061,0.060917,4.4683,-0.6451,82.09,2026-11-16,67,,,yahoo,1.0,0.0,1.0,1.0,0.0,1.0,0.0,1.0,0.0,4.7838,-2.217,-12.4684,-11.6917,29.2909,55.4693,142.4951,175.5232,,-13.4567,-29.7415,
RCL,259.010009765625,259.01,2026-09-10,False,256.7099914550781,263.4700012207031,-0.29,-22.2,BAJO,69473353728.0,16.04,12.8,6.79,44.67,7.68,27.07,23.54,-2.18,13.33,2.25,0.21,,YAHOO,0.8174,0.5344,1.0061,0.060917,4.4683,-0.6451,82.09,2026-10-27,47,,,yahoo,1.0,1.0,1.0,1.0,1.0,1.0,0.0,1.0,0.0,-2.4812,-10.6862,-10.256,-3.617,12.4579,32.5168,309.88,327.42,344.4,-16.416,-20.8937,-24.7938
REGN,793.260009765625,793.26,2026-09-10,False,792.0,806.1400146484375,-1.78,42.9,BAJO,83151601664.0,19.98,13.4,2.55,14.04,6.53,33.11,27.87,3.69,16.03,0.09,3.33,,YAHOO,0.8174,0.5344,1.0061,0.060917,4.4683,-0.6451,82.09,2026-10-28,48,,,yahoo,1.0,0.0,1.0,1.0,1.0,0.0,1.0,0.0,0.0,-6.8976,-2.6424,19.7705,32.0014,12.7973,30.2131,852.03,852.03,852.03,-6.8976,-6.8976,-6.8976
RF,29.950000762939453,29.95,2026-09-10,False,29.559999465942383,30.010000228881836,0.2,17.82,BAJO,25464172544.0,12.15,10.49,1.46,11.87,1.39,39.31,30.84,,,,,,YAHOO,0.8174,0.5344,1.0061,0.060917,4.4683,-0.6451,82.09,2026-10-16,36,,,yahoo,1.0,1.0,1.0,1.0,1.0,0.0,1.0,0.0,1.0,0.0668,-1.4536,-2.6271,5.8564,9.5043,20.2639,31.5797,32.0747,32.0747,-5.1606,-6.6242,-6.6242
RJF,173.52999877929688,173.53,2026-09-10,False,173.49000549316406,176.3300018310547,-1.11,5.39,BAJO,33707786240.0,15.28,12.36,2.65,18.42,2.58,19.3,15.13,,,0.48,2.11,,YAHOO,0.8174,0.5344,1.0061,0.060917,4.4683,-0.6451,82.09,2026-10-28,48,,,yahoo,1.0,0.0,1.0,1.0,0.0,0.0,1.0,0.0,1.0,-1.3754,-1.7884,3.9226,15.6442,6.1604,23.8642,181.1,181.18,181.18,-4.18,-4.2223,-4.2223
RL,336.6700134277344,336.67,2026-09-10,False,331.3500061035156,340.1700134277344,0.32,10.15,BAJO,19996395520.0,21.15,16.05,7.35,37.54,11.0,18.39,11.76,4.4,13.22,1.1,2.04,,YAHOO,0.8174,0.5344,1.0061,0.060917,4.4683,-0.6451,82.09,2026-11-05,56,,,yahoo,1.0,1.0,1.0,1.0,0.0,1.0,1.0,1.0,1.0,0.0505,-7.0794,-10.0991,-10.3438,36.1776,30.3127,388.92,413.2399,413.2399,-13.4346,-18.5292,-18.5292
RMD,219.5800018310547,219.58,2026-09-10,False,215.8000030517578,221.25,-0.17,-16.62,BAJO,31728293888.0,21.09,16.64,4.82,24.27,14.0,30.86,26.95,2.96,14.83,0.13,3.1,,YAHOO,0.8174,0.5344,1.0061,0.060917,4.4683,-0.6451,82.09,2026-10-29,49,,,yahoo,1.0,0.0,1.0,1.0,1.0,0.0,1.0,1.0,1.0,-4.8902,-6.8352,10.9371,13.7625,22.7447,37.5666,240.33,240.33,280.3143,-8.634,-8.634,-21.6665
ROK,421.3699951171875,421.37,2026-09-10,False,414.7799987792969,423.95001220703125,-1.11,24.39,BAJO,47411605504.0,39.86,28.7,13.54,30.63,9.99,20.97,13.39,2.75,24.12,1.03,1.07,,YAHOO,0.8174,0.5344,1.0061,0.060917,4.4683,-0.6451,82.09,2026-11-05,56,,,yahoo,1.0,0.0,1.0,1.0,0.0,1.0,1.0,1.0,1.0,-0.938,-2.4042,-8.2055,-3.9544,18.1349,31.366,447.99,493.5596,493.5596,-5.9421,-14.6263,-14.6263
ROL,34.560001373291016,34.56,2026-09-10,False,34.470001220703125,35.33000183105469,0.06,-37.2,BAJO,16618763264.0,31.4,26.56,11.63,37.01,14.06,18.8,13.55,3.02,20.38,0.78,0.63,,YAHOO,0.8174,0.5344,1.0061,0.060917,4.4683,-0.6451,82.09,2026-10-28,48,,,yahoo,1.0,1.0,1.0,1.0,0.0,0.0,1.0,1.0,0.0,-3.2204,-5.8311,-22.6883,-27.3008,21.2641,30.4286,37.26,46.5631,64.8632,-7.2464,-25.7782,-46.7186
ROP,388.5799865722656,388.58,2026-09-10,False,387.5899963378906,394.0,-0.45,-21.66,BAJO,38605955072.0,16.25,16.07,2.06,13.07,4.23,27.73,30.24,5.87,15.31,0.61,0.55,,YAHOO,0.8174,0.5344,1.0061,0.060917,4.4683,-0.6451,82.09,2026-10-22,42,,,yahoo,1.0,0.0,1.0,1.0,0.0,1.0,1.0,0.0,1.0,-6.5442,-5.9766,7.7623,16.5982,22.4635,34.5608,426.2,426.2,516.3226,-8.8268,-8.8268,-24.7408
RSG,221.0800018310547,221.08,2026-09-10,False,221.0,224.25999450683594,-0.62,-1.12,BAJO,68123205632.0,31.47,27.61,5.66,18.15,6.17,20.43,12.94,2.85,15.66,1.19,0.64,,YAHOO,0.8174,0.5344,1.0061,0.060917,4.4683,-0.6451,82.09,2026-10-29,49,,,yahoo,1.0,0.0,1.0,1.0,0.0,1.0,1.0,1.0,0.0,-0.6471,-0.4951,-1.0296,4.2972,9.6304,20.7992,225.12,225.12,230.9379,-1.7946,-1.7946,-4.2686
SBAC,181.4199981689453,181.42,2026-09-10,False,179.52000427246094,188.3000030517578,-2.85,-4.14,BAJO,19810893824.0,20.17,22.82,-4.28,,8.41,52.16,34.51,3.8,18.97,,0.17,,YAHOO,0.8174,0.5344,1.0061,0.060917,4.4683,-0.6451,82.09,2026-11-02,53,,,yahoo,1.0,1.0,1.0,1.0,1.0,0.0,1.0,0.0,1.0,-2.6821,-2.4519,-2.3668,-11.8933,16.7161,31.7592,191.52,194.3889,220.8819,-5.2736,-6.6716,-17.8656
SJM,121.06999969482422,121.07,2026-09-10,False,120.87000274658203,124.41999816894531,-1.82,16.28,BAJO,13172366336.0,57.62,11.33,2.37,3.93,6.26,17.9,2.51,11.12,8.87,1.21,0.87,,YAHOO,0.8174,0.5344,1.0061,0.060917,4.4683,-0.6451,82.09,2026-11-24,75,2026-08-26,15.0,yahoo,0.0,1.0,1.0,1.0,1.0,0.0,0.0,0.0,1.0,-7.8895,-7.5095,10.5624,4.4038,6.8884,31.6094,132.34,132.34,132.34,-8.5159,-8.5159,-8.5159
SMCI,37.380001068115234,37.38,2026-09-10,False,37.369998931884766,39.2599983215332,-3.98,-12.37,BAJO,25575661568.0,11.94,7.31,2.49,21.47,7.88,13.38,5.71,-32.25,11.16,0.64,3.87,,YAHOO,0.8174,0.5344,1.0061,0.060917,4.4683,-0.6451,82.09,2026-11-03,54,2026-08-11,30.0,yahoo,1.0,0.0,0.0,0.0,1.0,0.0,0.0,0.0,0.0,1.027,-0.0267,35.141,27.7076,64.7958,96.1229,40.26,40.26,58.68,-7.1535,-7.1535,-36.2986
SNPS,397.1700134277344,397.17,2026-09-10,False,390.510009765625,401.4700012207031,1.0,-6.77,BAJO,75355357184.0,68.74,22.45,2.42,3.66,1.35,14.52,11.43,4.55,39.79,0.35,1.34,,YAHOO,0.8174,0.5344,1.0061,0.060917,4.4683,-0.6451,82.09,2026-12-08,89,2026-08-26,15.0,finnhub,1.0,0.0,1.0,1.0,0.0,0.0,0.0,0.0,0.0,-4.5196,-3.1293,-8.4482,-13.7599,46.0738,46.6364,464.89,464.89,534.56,-14.5669,-14.5669,-25.7015
SO,87.75,87.75,2026-09-10,False,87.66999816894531,89.05000305175781,-0.67,0.97,BAJO,101623062528.0,21.29,17.94,2.57,11.48,3.27,29.61,15.43,-3.85,12.52,1.82,0.79,,YAHOO,0.8174,0.5344,1.0061,0.060917,4.4683,-0.6451,82.09,2026-10-29,49,,,yahoo,1.0,0.0,1.0,1.0,0.0,0.0,0.0,0.0,1.0,-0.6341,-2.2393,-8.288,-5.8981,13.604,16.9056,92.29,97.1776,97.4911,-4.9193,-9.7014,-9.9918
SOLV,87.6500015258789,87.65,2026-09-10,False,87.58999633789062,90.05999755859375,-2.64,21.36,BAJO,15325242368.0,11.01,12.46,3.19,33.96,2.7,9.78,17.26,3.19,17.75,1.1,1.02,,YAHOO,0.8174,0.5344,1.0061,0.060917,4.4683,-0.6451,82.09,2026-11-05,56,,,yahoo,1.0,1.0,1.0,0.0,1.0,1.0,0.0,0.0,1.0,-4.6246,-4.239,13.2136,8.2901,17.6032,32.0357,92.44,92.44,92.44,-5.1817,-5.1817,-5.1817
SPG,204.6699981689453,204.67,2026-09-10,False,204.42999267578125,206.75,0.07,19.03,BAJO,77644390400.0,14.43,30.56,15.06,120.51,5.63,46.02,66.57,3.34,18.74,5.04,0.27,,YAHOO,0.8174,0.5344,1.0061,0.060917,4.4683,-0.6451,82.09,2026-11-02,53,,,yahoo,1.0,1.0,1.0,0.0,1.0,0.0,1.0,0.0,0.0,-1.5857,-4.718,-5.7512,-2.7973,24.3466,19.637,220.81,234.1864,234.1864,-7.3095,-12.6038,-12.6038
SRE,84.0,84.0,2026-09-10,False,83.81999969482422,85.80999755859375,-1.19,6.12,BAJO,55588069376.0,24.64,15.36,1.7,6.68,1.96,28.33,16.82,-49.75,17.5,0.85,1.64,,YAHOO,0.8174,0.5344,1.0061,0.060917,4.4683,-0.6451,82.09,2026-11-04,55,,,yahoo,1.0,0.0,1.0,1.0,1.0,1.0,0.0,1.0,0.0,0.2506,-1.5009,-11.0264,-7.0633,20.2532,23.0441,87.38,95.33,99.0422,-3.8682,-11.885,-15.1877
STE,212.4499969482422,212.45,2026-09-10,False,211.35000610351562,214.52000427246094,-1.23,-12.54,BAJO,20971298816.0,26.33,17.56,2.91,11.39,6.8,19.15,13.33,3.81,13.74,0.28,1.91,,YAHOO,0.8174,0.5344,1.0061,0.060917,4.4683,-0.6451,82.09,2026-11-04,55,,,yahoo,1.0,1.0,1.0,1.0,1.0,1.0,1.0,1.0,1.0,-7.4894,-9.9978,-1.8207,2.4018,13.7901,28.898,237.2062,238.1833,266.3608,-10.4366,-10.804,-20.2398
STLD,237.0800018310547,237.08,2026-09-10,False,236.22000122070312,239.80999755859375,-1.5,81.63,BAJO,34497638400.0,21.82,12.58,3.67,17.57,7.87,11.5,7.83,0.68,14.31,0.47,3.18,,YAHOO,0.8174,0.5344,1.0061,0.060917,4.4683,-0.6451,82.09,2026-10-19,39,,,yahoo,1.0,0.0,1.0,1.0,0.0,1.0,1.0,0.0,0.0,-4.2643,0.5002,1.2557,-11.449,13.0214,41.2359,260.53,273.6693,282.1202,-9.0009,-13.3699,-15.9649
STT,191.3000030517578,191.3,2026-09-10,False,190.8300018310547,192.89999389648438,-0.31,76.32,BAJO,52712521728.0,16.95,12.53,2.21,12.44,0.87,27.82,23.0,,,,,,YAHOO,0.8174,0.5344,1.0061,0.060917,4.4683,-0.6451,82.09,2026-10-14,34,,,yahoo,1.0,1.0,1.0,1.0,0.0,0.0,1.0,0.0,1.0,0.663,-1.1982,7.3694,18.8209,9.8658,23.8784,194.26,194.26,194.26,-1.5237,-1.5237,-1.5237
STX,862.3300170898438,862.33,2026-09-10,False,848.239990234375,880.969970703125,-2.66,344.35,BAJO,201452011520.0,63.6,16.0,92.72,371.53,29.35,43.07,26.11,0.96,45.09,1.8,1.67,,YAHOO,0.8174,0.5344,1.0061,0.060917,4.4683,-0.6451,82.09,2026-10-27,47,,,yahoo,1.0,1.0,1.0,1.0,1.0,1.0,0.0,1.0,1.0,6.6527,1.8857,0.194,5.7543,80.4689,82.676,994.79,1093.2605,1093.2605,-13.3154,-21.1231,-21.1231
STZ,123.80999755859375,123.81,2026-09-10,False,121.5,125.76000213623047,1.86,-8.3,BAJO,20761270272.0,11.58,9.81,2.52,23.69,8.57,35.93,20.14,10.65,9.11,1.23,0.91,,YAHOO,0.8174,0.5344,1.0061,0.060917,4.4683,-0.6451,82.09,2026-10-05,25,,,yahoo,1.0,1.0,1.0,1.0,0.0,1.0,1.0,0.0,0.0,-4.283,-7.9137,-7.2295,-12.2896,51.6386,30.9341,139.18,145.1562,164.2807,-11.0433,-14.7057,-24.6351
SW,42.209999084472656,42.21,2026-09-10,False,41.70000076293945,42.83000183105469,0.02,-2.19,BAJO,22134867968.0,44.89,12.38,1.23,2.71,2.62,5.47,1.59,5.49,7.78,0.78,1.45,,YAHOO,0.8174,0.5344,1.0061,0.060917,4.4683,-0.6451,82.09,2026-10-28,48,,,yahoo,1.0,1.0,1.0,1.0,0.0,1.0,0.0,0.0,1.0,-6.9444,-14.8305,-1.2864,9.3579,44.3684,44.7455,49.568,50.341,50.7913,-14.8443,-16.1518,-16.8953
SWK,89.2300033569336,89.23,2026-09-10,False,87.94999694824219,90.91999816894531,-2.67,19.6,BAJO,13845206016.0,22.42,14.37,1.55,6.89,3.8,8.44,4.07,10.25,10.31,0.58,1.43,,YAHOO,0.8174,0.5344,1.0061,0.060917,4.4683,-0.6451,82.09,2026-11-03,54,,,yahoo,1.0,1.0,1.0,1.0,1.0,0.0,0.0,1.0,1.0,-7.1044,-9.7769,4.0177,16.1825,27.8165,37.1658,101.3282,103.1027,103.1027,-11.9396,-13.4552,-13.4552
SYK,270.010009765625,270.01,2026-09-10,False,269.6400146484375,278.0,-1.95,-27.27,BAJO,105632186368.0,28.54,16.45,4.4,16.51,8.16,27.02,14.43,3.89,15.94,0.64,2.16,,YAHOO,0.8174,0.5344,1.0061,0.060917,4.4683,-0.6451,82.09,2026-10-29,49,,,yahoo,1.0,0.0,1.0,1.0,0.0,0.0,0.0,1.0,0.0,-13.511,-18.0969,-18.5367,-12.3395,60.5229,42.5188,341.09,352.25,385.3856,-20.8391,-23.3471,-29.9377
TAP,38.439998626708984,38.44,2026-09-10,False,37.7599983215332,38.83000183105469,-0.1,-15.65,BAJO,7174747136.0,,7.83,0.71,-19.47,3.79,11.3,-20.81,13.03,5.85,0.76,0.88,,YAHOO,0.8174,0.5344,1.0061,0.060917,4.4683,-0.6451,82.09,2026-11-03,54,,,yahoo,0.0,0.0,1.0,1.0,1.0,0.0,1.0,0.0,1.0,-5.1801,-7.6074,-2.4873,-4.9192,29.9399,32.5783,42.4947,42.8703,52.5761,-9.5416,-10.3342,-26.887
TDG,1126.8800048828125,1126.88,2026-09-10,False,1119.6199951171875,1141.5699462890625,0.11,-10.29,BAJO,62223679488.0,34.13,23.25,-6.7,,11.82,46.01,21.28,2.34,18.26,,3.02,,YAHOO,0.8174,0.5344,1.0061,0.060917,4.4683,-0.6451,82.09,2026-11-05,56,,,yahoo,1.0,1.0,1.0,0.0,0.0,1.0,0.0,1.0,1.0,-2.3289,-6.6426,-8.7547,-7.0507,16.7733,25.3543,1256.9,1348.49,1450.0,-10.3445,-16.4339,-22.2841
TDY,596.5,596.5,2026-09-10,False,590.0999755859375,605.5700073242188,0.21,7.95,BAJO,27592286208.0,28.77,22.27,2.53,9.15,5.14,20.2,15.29,3.31,18.39,0.19,2.18,,YAHOO,0.8174,0.5344,1.0061,0.060917,4.4683,-0.6451,82.09,2026-10-21,41,,,yahoo,1.0,1.0,1.0,1.0,1.0,0.0,1.0,0.0,1.0,-1.6261,-5.8495,-4.3887,-0.8065,15.5081,23.2172,679.67,691.3,691.3,-12.2368,-13.7133,-13.7133
TECH,72.08000183105469,72.08,2026-09-10,False,72.08000183105469,72.33000183105469,-0.24,38.81,BAJO,11330117632.0,62.28,31.33,5.35,9.03,6.67,27.87,14.97,2.03,33.98,0.14,4.55,,YAHOO,0.8174,0.5344,1.0061,0.060917,4.4683,-0.6451,82.09,2026-11-09,60,2026-08-12,29.0,yahoo,1.0,1.0,1.0,1.0,1.0,1.0,0.0,1.0,0.0,-0.3043,-0.4145,1.1208,37.4473,1.4503,44.9573,72.47,72.47,72.47,-0.5382,-0.5382,-0.5382
TEL,204.6300048828125,204.63,2026-09-10,False,200.5,205.1300048828125,-0.02,-0.03,BAJO,59257561088.0,20.05,15.86,4.48,23.29,9.69,20.77,15.61,3.94,12.92,0.43,1.88,,YAHOO,0.8174,0.5344,1.0061,0.060917,4.4683,-0.6451,82.09,2026-10-28,48,,,yahoo,1.0,0.0,1.0,1.0,0.0,0.0,1.0,1.0,0.0,1.1968,-0.1951,3.6578,1.6975,12.6931,32.0026,216.5345,217.8394,246.3216,-5.4977,-6.0638,-16.9257
TER,370.19000244140625,370.19,2026-09-10,False,365.82000732421875,375.0,-3.52,223.54,BAJO,59986382848.0,52.63,32.93,19.11,36.46,19.75,33.16,25.77,0.73,39.72,0.03,2.12,,YAHOO,0.8174,0.5344,1.0061,0.060917,4.4683,-0.6451,82.09,2026-10-21,41,,,yahoo,1.0,0.0,1.0,1.0,0.0,0.0,1.0,0.0,1.0,8.4047,1.9918,8.5668,6.5428,63.7195,88.6263,442.9698,483.6542,483.6542,-16.43,-23.4598,-23.4598
TKO,189.63999938964844,189.64,2026-09-10,False,187.6699981689453,191.5,-0.75,-2.2,BAJO,36165656576.0,67.05,47.92,4.18,7.06,4.5,32.39,4.33,2.37,14.38,0.59,1.28,,YAHOO,0.8174,0.5344,1.0061,0.060917,4.4683,-0.6451,82.09,2026-11-04,55,,,yahoo,1.0,1.0,1.0,1.0,0.0,1.0,1.0,1.0,0.0,-0.079,0.926,4.7966,-7.7752,53.0888,34.1101,201.69,215.88,223.1878,-5.9745,-12.1549,-15.0312
TPL,366.1000061035156,366.1,2026-09-10,False,365.010009765625,377.6000061035156,-2.13,20.26,BAJO,25800669184.0,47.77,5.12,16.58,36.57,25.81,78.18,60.32,-0.13,34.48,0.01,4.55,,YAHOO,0.8174,0.5344,1.0061,0.060917,4.4683,-0.6451,82.09,2026-11-04,55,,,yahoo,1.0,0.0,1.0,1.0,0.0,0.0,0.0,0.0,0.0,-0.3321,-0.7342,-10.3278,-2.2635,57.1414,43.934,383.0251,436.9385,538.1021,-4.4188,-16.2125,-31.9646
TRGP,291.9100036621094,291.91,2026-09-10,False,289.3599853515625,296.8699951171875,0.18,83.03,BAJO,62480912384.0,27.88,24.12,19.95,70.84,9.24,27.8,13.54,0.11,14.93,5.16,0.77,,YAHOO,0.8174,0.5344,1.0061,0.060917,4.4683,-0.6451,82.09,2026-11-05,56,,,yahoo,1.0,1.0,1.0,1.0,0.0,0.0,1.0,1.0,0.0,-0.5282,-0.721,4.9664,7.6085,19.4207,32.6441,302.25,302.25,302.25,-3.421,-3.421,-3.421
TRMB,56.84000015258789,56.84,2026-09-10,False,56.619998931884766,57.54999923706055,-0.98,-28.82,BAJO,13384522752.0,,13.92,2.36,-1.94,4.8,15.13,-2.77,5.13,16.62,0.29,0.95,,YAHOO,0.8174,0.5344,1.0061,0.060917,4.4683,-0.6451,82.09,2026-11-04,55,2026-08-12,29.0,yahoo,1.0,0.0,1.0,0.0,0.0,0.0,1.0,1.0,0.0,-3.8403,-4.7587,8.7015,12.332,10.2811,33.968,61.54,61.54,83.52,-7.6373,-7.6373,-31.9444
TROW,107.55000305175781,107.55,2026-09-10,False,106.75,108.1500015258789,-0.18,9.66,BAJO,22982649856.0,10.82,10.44,2.09,19.4,10.66,28.69,29.26,8.81,7.21,0.04,4.04,,YAHOO,0.8174,0.5344,1.0061,0.060917,4.4683,-0.6451,82.09,2026-10-30,50,,,yahoo,1.0,0.0,1.0,0.0,0.0,1.0,1.0,0.0,0.0,-1.6731,-4.4425,-5.3674,2.2649,9.9659,26.9081,112.87,121.68,121.68,-4.7134,-11.6124,-11.6124
TRV,367.55999755859375,367.56,2026-09-10,False,364.6000061035156,370.5199890136719,0.54,36.13,BAJO,76515745792.0,9.86,12.14,2.31,26.51,4.78,23.7,16.95,19.31,7.01,0.27,0.32,,YAHOO,0.8174,0.5344,1.0061,0.060917,4.4683,-0.6451,82.09,2026-10-15,35,,,yahoo,1.0,1.0,1.0,1.0,0.0,0.0,1.0,0.0,0.0,0.7201,-0.6287,7.9959,21.5772,14.857,28.3635,373.0645,395.8665,395.8665,-1.4755,-7.1505,-7.1505
TSCO,33.52000045776367,33.52,2026-09-10,False,33.25,33.970001220703125,-1.41,-40.23,BAJO,17715363840.0,17.71,16.57,6.77,39.51,7.82,12.07,6.42,0.58,12.44,2.49,1.33,,YAHOO,0.8174,0.5344,1.0061,0.060917,4.4683,-0.6451,82.09,2026-10-22,42,,,yahoo,1.0,0.0,1.0,1.0,1.0,0.0,1.0,1.0,0.0,-3.8439,-4.2559,11.6123,9.6899,35.479,30.5579,35.9218,36.18,59.1851,-6.6863,-7.3523,-43.3641
TSN,52.459999084472656,52.46,2026-09-10,False,51.63999938964844,53.02000045776367,1.39,-0.59,BAJO,18202210304.0,31.94,12.39,1.01,3.26,2.56,2.71,1.03,6.54,9.23,0.44,1.43,,YAHOO,0.8174,0.5344,1.0061,0.060917,4.4683,-0.6451,82.09,2026-11-09,60,,,yahoo,1.0,0.0,1.0,1.0,1.0,0.0,1.0,0.0,1.0,-6.0025,-6.3665,-8.5812,-5.6659,21.9962,28.7519,58.0679,60.6141,67.5448,-9.6575,-13.4525,-22.3331
TTD,13.970000267028809,13.97,2026-09-10,False,13.710000038146973,14.0649995803833,0.65,-66.54,BAJO,6521936896.0,16.52,13.8,2.66,15.44,6.25,14.21,13.61,8.94,7.84,0.17,1.72,,YAHOO,0.8174,0.5344,1.0061,0.060917,4.4683,-0.6451,82.09,2026-11-05,56,,,yahoo,1.0,1.0,1.0,1.0,0.0,0.0,1.0,0.0,1.0,-3.9863,7.2141,-29.4088,-27.5791,34.6731,67.1158,15.09,19.79,54.13,-7.4221,-29.4088,-74.1918
TTWO,216.9600067138672,216.96,2026-09-10,False,209.25,219.5800018310547,2.76,-9.42,BAJO,39479050240.0,,20.5,11.15,-9.04,-0.62,0.51,-4.79,3.18,52.96,0.82,1.06,,YAHOO,0.8174,0.5344,1.0061,0.060917,4.4683,-0.6451,82.09,2026-11-09,60,,,yahoo,0.0,1.0,1.0,1.0,1.0,1.0,0.0,1.0,1.0,0.3794,-7.0636,-11.1184,3.0885,26.9507,34.5603,246.95,258.41,262.29,-12.1442,-16.0404,-17.2824
TYL,335.4800109863281,335.48,2026-09-10,False,335.1300048828125,346.0,-2.1,-36.87,BAJO,14033524736.0,44.97,22.32,4.62,9.73,4.18,14.74,13.36,4.24,31.66,0.48,1.55,,YAHOO,0.8174,0.5344,1.0061,0.060917,4.4683,-0.6451,82.09,2026-10-28,48,,,yahoo,1.0,1.0,1.0,1.0,0.0,0.0,0.0,1.0,1.0,-10.51,-4.8688,6.766,10.7889,22.9539,45.1182,379.27,379.27,553.99,-11.5459,-11.5459,-39.4429
UDR,35.13999938964844,35.14,2026-09-10,False,34.83000183105469,35.650001525878906,-0.73,-3.12,BAJO,13004694528.0,22.41,63.21,3.93,13.74,2.24,20.18,29.56,6.0,17.59,1.56,0.18,,YAHOO,0.8174,0.5344,1.0061,0.060917,4.4683,-0.6451,82.09,2026-10-28,48,,,yahoo,1.0,1.0,1.0,1.0,1.0,0.0,1.0,1.0,1.0,-3.9628,-7.3557,-11.8931,-9.9661,13.0932,20.3302,38.39,40.9356,40.9356,-8.4657,-14.1578,-14.1578
UHS,172.72000122070312,172.72,2026-09-10,False,171.66000366210938,177.8800048828125,-1.74,-6.5,BAJO,10359860224.0,7.18,7.32,1.38,20.95,8.32,11.14,8.42,4.81,5.79,0.69,1.12,,YAHOO,0.8174,0.5344,1.0061,0.060917,4.4683,-0.6451,82.09,2026-10-26,46,,,yahoo,1.0,1.0,1.0,1.0,1.0,0.0,1.0,1.0,1.0,3.1226,-3.2273,13.1918,19.4055,27.2771,32.056,178.4802,178.4802,243.1212,-3.2273,-3.2273,-28.9572
ULTA,535.6300048828125,535.63,2026-09-10,False,530.7999877929688,542.7999877929688,-1.15,5.21,BAJO,23168563200.0,19.73,16.91,8.54,46.12,14.84,12.51,9.34,3.95,13.17,0.95,1.34,,YAHOO,0.8174,0.5344,1.0061,0.060917,4.4683,-0.6451,82.09,2026-12-03,84,2026-08-27,14.0,yahoo,1.0,0.0,1.0,1.0,1.0,0.0,1.0,0.0,0.0,-2.9199,-1.3918,13.1621,13.7823,25.7981,36.0356,564.12,565.15,706.82,-5.0503,-5.2234,-24.2197
UPS,99.97000122070312,99.97,2026-09-10,False,98.80999755859375,100.51000213623047,0.76,28.43,BAJO,84414545920.0,18.44,12.29,5.6,29.6,7.28,9.05,5.08,6.63,8.98,1.9,1.18,,YAHOO,0.8174,0.5344,1.0061,0.060917,4.4683,-0.6451,82.09,2026-10-27,47,,,yahoo,1.0,0.0,1.0,1.0,0.0,1.0,1.0,1.0,0.0,-2.9512,-5.3762,-10.0328,-1.6425,17.6033,29.0138,105.68,115.8725,115.8725,-5.4031,-13.7242,-13.7242
URI,989.0800170898438,989.08,2026-09-10,False,979.0999755859375,1013.75,-3.86,6.49,BAJO,64033206272.0,24.78,17.99,6.95,28.89,8.77,25.99,15.67,2.66,16.91,1.67,0.76,,YAHOO,0.8174,0.5344,1.0061,0.060917,4.4683,-0.6451,82.09,2026-10-21,41,,,yahoo,1.0,0.0,1.0,1.0,1.0,0.0,1.0,0.0,0.0,0.9451,-6.4841,-8.7119,-6.2066,40.4795,39.4444,1164.8199,1164.8199,1164.8199,-15.0873,-15.0873,-15.0873
VICI,24.729999542236328,24.73,2026-09-10,False,24.65999984741211,25.350000381469727,-1.9,-17.99,BAJO,27758161920.0,9.77,8.43,0.95,9.85,4.82,70.18,67.5,0.96,12.57,0.6,11.24,,YAHOO,0.8174,0.5344,1.0061,0.060917,4.4683,-0.6451,82.09,2026-10-29,49,,,yahoo,1.0,1.0,1.0,0.0,1.0,0.0,0.0,1.0,1.0,-3.4362,-4.8846,-6.3258,-11.4905,11.3842,21.5898,26.78,27.5471,31.3416,-7.655,-10.2265,-21.0952
VLO,385.42999267578125,385.43,2026-09-10,False,382.1499938964844,393.5400085449219,-0.91,152.34,BAJO,111989391360.0,16.23,11.92,4.48,27.64,10.56,12.27,5.45,7.52,8.87,0.4,1.64,,YAHOO,0.8174,0.5344,1.0061,0.060917,4.4683,-0.6451,82.09,2026-10-22,42,,,yahoo,1.0,0.0,1.0,1.0,0.0,1.0,1.0,1.0,0.0,5.2829,10.7462,30.8089,49.9746,29.1658,34.1203,388.95,388.95,388.95,-0.905,-0.905,-0.905
VLTO,93.44999694824219,93.45,2026-09-10,False,92.91999816894531,94.70999908447266,-1.34,-11.31,BAJO,23092105216.0,23.86,19.86,7.47,34.31,10.31,21.37,17.35,3.5,17.67,1.16,1.77,,YAHOO,0.8174,0.5344,1.0061,0.060917,4.4683,-0.6451,82.09,2026-10-21,41,,,yahoo,1.0,0.0,1.0,1.0,1.0,0.0,0.0,1.0,0.0,-3.8679,-5.3096,0.5812,13.2749,6.1445,25.0905,100.1,100.1,108.5215,-6.6434,-6.6434,-13.888
VMC,250.60000610351562,250.6,2026-09-10,False,246.1999969482422,251.02999877929688,0.28,-13.73,BAJO,32380430336.0,29.5,23.19,3.82,13.23,6.04,21.61,13.75,2.61,15.88,0.58,1.76,,YAHOO,0.8174,0.5344,1.0061,0.060917,4.4683,-0.6451,82.09,2026-10-29,49,,,yahoo,1.0,1.0,1.0,1.0,1.0,1.0,1.0,1.0,1.0,-5.0506,-8.4533,-14.2477,-7.9233,30.1632,31.0008,282.0,312.3896,328.4807,-11.1347,-19.7796,-23.7094
VRSK,175.86000061035156,175.86,2026-09-10,False,174.0500030517578,178.47999572753906,-1.2,-30.77,BAJO,23166470144.0,27.34,20.47,-19.97,,18.96,45.11,28.24,4.56,17.96,,1.0,,YAHOO,0.8174,0.5344,1.0061,0.060917,4.4683,-0.6451,82.09,2026-10-28,48,,,yahoo,1.0,0.0,1.0,1.0,1.0,1.0,1.0,1.0,0.0,-6.537,-6.3927,-9.2242,-3.7079,46.0086,39.1128,194.35,213.15,263.8429,-9.5138,-17.4947,-33.3467
VRSN,288.8500061035156,288.85,2026-09-10,False,286.010009765625,290.7200012207031,0.67,3.64,BAJO,25939376128.0,31.19,26.11,-11.51,,45.12,68.18,49.77,3.21,22.95,,0.59,,YAHOO,0.8174,0.5344,1.0061,0.060917,4.4683,-0.6451,82.09,2026-10-22,42,,,yahoo,1.0,1.0,1.0,1.0,0.0,1.0,1.0,1.0,1.0,-0.3828,-1.413,7.1725,0.5581,34.7231,32.9853,294.73,298.3243,309.0927,-1.995,-3.1758,-6.5491
VTR,90.44000244140625,90.44,2026-09-10,False,89.7699966430664,91.08999633789062,1.19,36.14,BAJO,45847146496.0,162.51,113.14,3.13,2.01,2.17,14.81,4.09,3.24,24.84,0.85,0.29,,YAHOO,0.8174,0.5344,1.0061,0.060917,4.4683,-0.6451,82.09,2026-10-28,48,,,yahoo,1.0,1.0,1.0,1.0,1.0,0.0,0.0,0.0,1.0,-1.7597,-3.2727,-1.7597,7.8479,20.6584,27.3158,93.83,100.53,100.53,-3.6129,-10.0368,-10.0368
VTRS,16.3799991607666,16.38,2026-09-10,False,16.149999618530273,16.510000228881836,-0.73,69.35,BAJO,18951749632.0,,6.2,1.31,-2.75,2.67,12.55,-2.79,14.13,7.24,0.96,1.58,,YAHOO,0.8174,0.5344,1.0061,0.060917,4.4683,-0.6451,82.09,2026-11-05,56,,,yahoo,0.0,0.0,1.0,1.0,1.0,0.0,1.0,0.0,1.0,-4.1545,-2.7893,0.6885,4.6471,8.4851,29.6209,17.09,17.727,17.727,-4.1545,-7.5988,-7.5988
WAB,280.2699890136719,280.27,2026-09-10,False,275.0899963378906,281.1099853515625,-0.07,49.1,BAJO,47374426112.0,37.8,22.54,4.23,11.55,6.17,19.19,10.59,2.32,20.25,0.62,1.12,,YAHOO,0.8174,0.5344,1.0061,0.060917,4.4683,-0.6451,82.09,2026-10-21,41,,,yahoo,1.0,0.0,1.0,1.0,0.0,0.0,1.0,1.0,0.0,0.1644,-6.7445,7.5517,9.3713,15.3163,31.6871,300.54,305.4747,305.4747,-6.7445,-8.251,-8.251
WAT,401.6400146484375,401.64,2026-09-10,False,392.95001220703125,403.489990234375,-0.78,35.37,BAJO,39746617344.0,102.48,24.46,2.62,1.92,3.56,9.42,3.59,-0.36,30.79,0.36,1.86,,YAHOO,0.8174,0.5344,1.0061,0.060917,4.4683,-0.6451,82.09,2026-10-30,50,,,yahoo,1.0,0.0,1.0,1.0,1.0,0.0,0.0,0.0,0.0,-2.5619,-3.0253,7.6148,10.5898,13.7433,27.2062,421.26,421.26,421.26,-4.6575,-4.6575,-4.6575
WDAY,185.08999633789062,185.09,2026-09-10,False,183.74000549316406,188.05999755859375,-0.52,-15.77,BAJO,44838051840.0,37.82,14.07,6.93,16.01,4.51,11.82,12.32,6.79,28.5,0.58,0.91,,YAHOO,0.8174,0.5344,1.0061,0.060917,4.4683,-0.6451,82.09,2026-11-23,74,2026-08-27,14.0,finnhub,1.0,1.0,1.0,1.0,1.0,0.0,1.0,1.0,1.0,-7.8558,-2.9672,27.7628,34.6403,44.1805,69.9642,206.92,206.92,247.69,-10.55,-10.55,-25.2735
WEC,105.3499984741211,105.35,2026-09-10,False,105.19000244140625,107.04000091552734,-0.75,1.88,BAJO,34588913664.0,20.61,17.69,,11.99,3.03,21.8,16.69,-6.8,14.63,1.58,0.53,,YAHOO,0.8174,0.5344,1.0061,0.060917,4.4683,-0.6451,82.09,2026-10-29,49,,,yahoo,1.0,0.0,1.0,1.0,1.0,0.0,0.0,0.0,1.0,-0.3594,-2.0182,-8.2866,-6.7903,14.5474,17.8489,111.05,117.8229,117.8229,-5.1328,-10.5862,-10.5862
WM,214.77000427246094,214.77,2026-09-10,False,214.2100067138672,218.99000549316406,-0.77,1.54,BAJO,86514360320.0,30.57,23.73,8.72,29.84,6.57,18.99,11.12,2.71,14.06,2.35,0.91,,YAHOO,0.8174,0.5344,1.0061,0.060917,4.4683,-0.6451,82.09,2026-10-26,46,,,yahoo,1.0,0.0,1.0,1.0,1.0,1.0,0.0,1.0,1.0,-1.9494,-2.9244,-9.2687,-4.2402,4.8666,21.9371,226.46,242.25,244.4743,-5.1621,-11.3437,-12.1503
WMB,72.81999969482422,72.82,2026-09-10,False,72.56999969482422,75.2699966430664,-3.1,29.21,BAJO,91921039360.0,29.94,28.9,6.99,21.5,5.03,39.54,24.94,-1.65,17.73,2.0,0.48,,YAHOO,0.8174,0.5344,1.0061,0.060917,4.4683,-0.6451,82.09,2026-11-02,53,,,yahoo,1.0,1.0,1.0,1.0,0.0,1.0,0.0,1.0,1.0,-3.1134,-2.1368,-2.2025,1.5192,35.4152,28.4417,75.83,77.92,78.818,-3.9694,-6.5452,-7.6099
WSM,223.74000549316406,223.74,2026-09-10,False,221.14999389648438,227.11000061035156,-1.66,14.06,BAJO,26797119488.0,23.34,21.64,14.33,54.96,16.64,17.27,14.73,3.99,16.45,0.71,1.45,,YAHOO,0.8174,0.5344,1.0061,0.060917,4.4683,-0.6451,82.09,2026-11-18,69,2026-08-26,15.0,yahoo,1.0,0.0,1.0,1.0,0.0,0.0,1.0,0.0,0.0,0.9111,-5.7659,3.6174,8.4793,24.4747,29.3133,242.44,251.78,251.78,-7.7132,-11.1367,-11.1367
WST,344.25,344.25,2026-09-10,False,331.989990234375,344.9200134277344,2.17,33.51,BAJO,23712409600.0,43.2,33.77,7.93,19.09,11.38,22.47,16.98,1.17,25.86,0.11,2.82,,YAHOO,0.8174,0.5344,1.0061,0.060917,4.4683,-0.6451,82.09,2026-10-22,42,,,yahoo,1.0,0.0,1.0,1.0,1.0,1.0,1.0,1.0,0.0,0.4728,-1.6204,-4.2327,4.0961,22.0416,24.6073,353.77,365.5013,365.5013,-2.691,-5.8143,-5.8143
WTW,315.4100036621094,315.41,2026-09-10,False,312.6099853515625,317.2200012207031,0.54,-3.62,BAJO,29135783936.0,19.44,13.73,3.8,19.76,5.08,17.56,15.49,4.86,12.31,0.91,1.1,,YAHOO,0.8174,0.5344,1.0061,0.060917,4.4683,-0.6451,82.09,2026-10-29,49,,,yahoo,1.0,1.0,1.0,1.0,0.0,1.0,1.0,0.0,0.0,-6.6088,-8.0759,6.7197,19.9493,28.3789,31.4379,350.75,350.75,350.75,-10.0756,-10.0756,-10.0756
WY,21.989999771118164,21.99,2026-09-10,False,21.829999923706055,22.549999237060547,-2.66,-9.19,BAJO,16281425920.0,34.23,33.59,1.73,4.97,0.67,8.03,6.89,0.08,30.82,0.58,1.82,,YAHOO,0.8174,0.5344,1.0061,0.060917,4.4683,-0.6451,82.09,2026-10-29,49,,,yahoo,1.0,0.0,1.0,1.0,0.0,0.0,1.0,0.0,0.0,-4.3024,-7.8394,-5.2017,-8.1446,23.5055,30.541,24.5938,25.6045,26.396,-10.5871,-14.1166,-16.692
WYNN,88.41999816894531,88.42,2026-09-10,False,88.2699966430664,90.19999694824219,-2.01,-25.37,BAJO,9291334656.0,21.64,17.44,-54.26,,5.73,16.54,6.05,5.13,10.31,,0.91,,YAHOO,0.8174,0.5344,1.0061,0.060917,4.4683,-0.6451,82.09,2026-11-05,56,,,yahoo,1.0,0.0,1.0,1.0,1.0,0.0,1.0,0.0,0.0,-3.3872,-9.0048,-8.7445,-15.7928,22.9484,26.0095,102.79,105.2723,132.1289,-13.98,-16.0083,-33.0805
XEL,75.41000366210938,75.41,2026-09-10,False,75.3499984741211,76.72000122070312,-1.02,9.28,BAJO,47590887424.0,20.87,16.77,1.98,9.92,2.37,22.7,15.28,-16.62,14.24,1.73,0.7,,YAHOO,0.8174,0.5344,1.0061,0.060917,4.4683,-0.6451,82.09,2026-10-29,49,,,yahoo,1.0,0.0,1.0,1.0,0.0,1.0,0.0,1.0,0.0,-0.1324,-2.9222,-6.2997,-2.7161,19.4404,18.5429,79.41,82.23,82.6708,-5.0371,-8.2938,-8.7828
XYL,106.55000305175781,106.55,2026-09-10,False,105.69999694824219,107.47000122070312,-1.01,-21.23,BAJO,25132521472.0,25.63,17.23,2.28,9.18,5.11,17.0,11.15,4.71,13.73,0.29,1.61,,YAHOO,0.8174,0.5344,1.0061,0.060917,4.4683,-0.6451,82.09,2026-11-03,54,,,yahoo,1.0,1.0,1.0,1.0,1.0,0.0,0.0,1.0,0.0,-0.178,-5.6996,-11.7602,-0.1629,35.1504,28.1135,119.8638,124.825,150.8356,-11.1075,-14.6405,-29.3602
YUM,143.88999938964844,143.89,2026-09-10,False,143.4199981689453,147.00999450683594,-0.87,0.93,BAJO,39614324736.0,18.28,19.46,-5.49,,22.69,32.78,25.41,2.1,17.06,,0.59,,YAHOO,0.8174,0.5344,1.0061,0.060917,4.4683,-0.6451,82.09,2026-11-03,54,,,yahoo,1.0,0.0,1.0,1.0,1.0,0.0,1.0,0.0,0.0,-4.3991,-6.3432,-10.5545,-4.2789,11.939,28.7771,156.5607,166.6498,166.6498,-8.0931,-13.6573,-13.6573
ZBH,92.44000244140625,92.44,2026-09-10,False,91.44999694824219,94.05000305175781,-2.29,-7.83,BAJO,18045693952.0,22.96,10.43,1.43,6.41,3.96,17.96,9.48,6.05,9.86,0.6,1.69,,YAHOO,0.8174,0.5344,1.0061,0.060917,4.4683,-0.6451,82.09,2026-11-05,56,,,yahoo,1.0,0.0,1.0,1.0,0.0,1.0,1.0,0.0,0.0,-7.0955,-8.8183,-1.7432,5.1215,29.6664,33.1243,101.38,101.38,103.1746,-8.8183,-8.8183,-10.4043
ZBRA,344.010009765625,344.01,2026-09-10,False,336.3999938964844,346.8699951171875,-0.24,11.44,BAJO,16314134528.0,31.66,15.55,4.76,15.29,7.32,21.26,9.22,3.54,16.15,0.86,0.52,,YAHOO,0.8174,0.5344,1.0061,0.060917,4.4683,-0.6451,82.09,2026-11-03,54,,,yahoo,1.0,0.0,1.0,1.0,0.0,0.0,1.0,0.0,1.0,-2.0222,-4.3992,28.9828,58.6835,30.8632,64.1127,379.63,383.06,383.06,-9.3828,-10.1942,-10.1942
ZTS,72.86000061035156,72.86,2026-09-10,False,72.3499984741211,73.4000015258789,-0.61,-48.12,BAJO,30293422080.0,11.96,11.22,,64.91,15.35,40.72,27.68,6.66,9.31,2.94,3.08,,YAHOO,0.8174,0.5344,1.0061,0.060917,4.4683,-0.6451,82.09,2026-11-03,54,,,yahoo,1.0,0.0,1.0,1.0,0.0,1.0,1.0,1.0,0.0,-4.3455,-6.0113,-2.6822,-9.7455,19.4841,33.2741,77.73,78.7808,147.7719,-6.2653,-7.5156,-50.6943
AGRO,12.329999923706055,12.33,2026-09-10,False,12.289999961853027,12.789999961853027,-1.04,53.89,BAJO,,,,,,,,,,,,,,,0.8174,0.5344,1.0061,0.060917,4.4683,-0.6451,82.09,,999,,,,,,,,,,,,,4.6689,11.2816,18.7861,9.3085,32.7427,48.8039,12.46,12.46,15.18,-1.0433,-1.0433,-18.7747
USB,62.40999984741211,62.41,2026-09-10,False,61.709999084472656,62.41999816894531,0.48,34.16,BAJO,,,,,,,,,,,,,,,0.8174,0.5344,1.0061,0.060917,4.4683,-0.6451,82.09,,999,,,,,,,,,,,,,-0.5735,-0.621,0.1123,10.7976,12.3494,19.5482,65.42,65.42,65.42,-4.601,-4.601,-4.601
BKNG,174.3300018310547,174.33,2026-09-10,False,171.10000610351562,176.91000366210938,0.52,-17.62,BAJO,,,,,,,,,,,,,,,0.8174,0.5344,1.0061,0.060917,4.4683,-0.6451,82.09,,999,,,,,,,,,,,,,-12.6603,-16.5446,-0.8362,8.5222,50.8973,43.1508,213.78,214.42,221.5397,-18.4535,-18.6969,-21.3098
HWM,227.91000366210938,227.91,2026-09-10,False,227.57000732421875,232.38999938964844,-2.02,26.56,BAJO,,,,,,,,,,,,,,,0.8174,0.5344,1.0061,0.060917,4.4683,-0.6451,82.09,,999,,,,,,,,,,,,,-9.9028,-15.382,-15.9466,-8.6055,81.232,38.2637,292.65,292.65,292.65,-22.122,-22.122,-22.122
WELL,235.7100067138672,235.71,2026-09-10,False,234.82000732421875,239.92999267578125,-0.08,44.55,BAJO,,,,,,,,,,,,,,,0.8174,0.5344,1.0061,0.060917,4.4683,-0.6451,82.09,,999,,,,,,,,,,,,,-1.2071,-2.4218,0.8739,11.9416,17.1309,23.3825,241.56,251.122,251.122,-2.4218,-6.1373,-6.1373
XYZ,79.06999969482422,79.07,2026-09-10,False,77.69999694824219,79.94999694824219,-0.42,9.1,BAJO,,,,,,,,,,,,,,,0.8174,0.5344,1.0061,0.060917,4.4683,-0.6451,82.09,,999,,,,,,,,,,,,,-4.1111,-4.8496,0.4446,18.6703,20.3916,39.3952,84.85,84.85,84.85,-6.812,-6.812,-6.812
