Ticker,Precio,Cierre_Confirmado,Fecha_Cierre_Confirmado,Precio_Es_Intradiario,Low,High,Change (%),RS 20D,Credit Stress,Market Cap,P/E,Forward P/E,P/Book,ROE,ROA,Operating Margin,Net Margin,FCF Yield,EV/EBITDA,Debt/Equity,Current Ratio,Piotroski,Fund Source,Grain_IS,ZC_Surprise,ZS_Surprise,SPX_Quarterly_Divisor,SPX_ROC_63d,z_MOVE_inv,MOVE_price,Earnings_Next_Date,Earnings_Days_To_Next,Earnings_Last_Date,Earnings_Days_Since,Earnings_Source,piotroski_roa_positive,piotroski_d_roa,piotroski_cfo_positive,piotroski_cfo_gt_ni,piotroski_d_leverage,piotroski_d_liquidity,piotroski_no_dilution,piotroski_d_margin,piotroski_d_turnover,roc_5d,roc_10d,roc_42d,roc_63d,vol_5d,vol_60d,high_20d,high_60d,high_252d,drawdown_20d,drawdown_60d,drawdown_252d
^GSPC,7551.81005859375,7551.8101,2026-09-16,False,7507.77001953125,7626.7900390625,-0.45,4.18,BAJO,,,,,,,,,,,,,,NONE,-0.2708,-0.5198,-0.1048,0.056942,0.5387,-0.5287,80.73,,999,,,none,,,,,,,,,,-1.1072,-1.0438,1.2621,,10.4791,10.8344,7747.71,7798.9902,,-2.5285,-3.1694,
^DJI,51461.8984375,51461.8984,2026-09-16,False,51186.671875,52173.69921875,-1.21,2.35,BAJO,,,,,,,,,,,,,,NONE,-0.2708,-0.5198,-0.1048,0.056942,0.5387,-0.5287,80.73,,999,,,none,,,,,,,,,,-1.754,-2.4731,-1.3127,,14.6932,11.6922,53686.1094,54349.1211,,-4.143,-5.3124,
^IXIC,25978.423828125,25978.4238,2026-09-16,False,25802.962890625,26225.09375,-0.01,2.24,BAJO,,,,,,,,,,,,,,NONE,-0.2708,-0.5198,-0.1048,0.056942,0.5387,-0.5287,80.73,,999,,,none,,,,,,,,,,-1.0472,-0.4649,1.7954,,12.3408,17.0831,26584.0605,26803.0293,,-2.2782,-3.0765,
^RUT,2858.811279296875,2858.8113,2026-09-16,False,2832.370849609375,2887.815673828125,-0.4,0.38,BAJO,,,,,,,,,,,,,,NONE,-0.2708,-0.5198,-0.1048,0.056942,0.5387,-0.5287,80.73,,999,,,none,,,,,,,,,,-2.1371,-2.0999,-3.4909,,8.1501,13.0917,3032.9399,3068.4199,,-5.7412,-6.8312,
^VIX,17.709999084472656,17.71,2026-09-16,False,16.399999618530273,18.940000534057617,2.97,10.33,BAJO,,,,,,,,,,,,,,NONE,-0.2708,-0.5198,-0.1048,0.056942,0.5387,-0.5287,80.73,,999,,,none,,,,,,,,,,7.5942,16.5132,-5.0402,-3.9588,128.9873,98.634,17.84,20.66,,-0.7287,-14.2788,
^MOVE,80.72760009765625,80.7276,2026-09-16,False,80.72760009765625,83.70870208740234,-3.56,16.66,BAJO,,,,,,,,,,,,,,NONE,-0.2708,-0.5198,-0.1048,0.056942,0.5387,-0.5287,80.73,,999,,,none,,,,,,,,,,5.1963,3.6564,13.8933,,37.0731,67.7691,83.9,83.9,,-3.7812,-3.7812,
^TNX,5.00600004196167,5.006,2026-09-16,False,4.939000129699707,5.00600004196167,0.2,15.46,BAJO,,,,,,,,,,,,,,NONE,-0.2708,-0.5198,-0.1048,0.056942,0.5387,-0.5287,80.73,,999,,,none,,,,,,,,,,3.4939,4.3786,10.24,13.0533,7.2092,13.6082,5.006,5.006,,0.0,0.0,
^IRX,3.9700000286102295,3.97,2026-09-16,False,3.9200000762939453,3.9700000286102295,0.25,11.78,BAJO,,,,,,,,,,,,,,NONE,-0.2708,-0.5198,-0.1048,0.056942,0.5387,-0.5287,80.73,,999,,,none,,,,,,,,,,4.3364,5.2492,7.0947,9.3664,10.5353,11.5801,3.97,3.97,,0.0,0.0,
DX-Y.NYB,100.33999633789062,100.34,2026-09-16,False,99.53700256347656,100.35399627685547,0.69,3.21,BAJO,,,,,,,,,,,,,,NONE,-0.2708,-0.5198,-0.1048,0.056942,0.5387,-0.5287,80.73,,999,,,none,,,,,,,,,,1.5896,0.6722,-0.407,0.8037,4.4868,4.6892,100.34,101.61,,0.0,-1.2499,
^N225,63484.1015625,63484.1016,2026-09-15,False,63067.1796875,64101.0,-0.01,-6.12,BAJO,,,,,,,,,,,,,,NONE,-0.2708,-0.5198,-0.1048,0.056942,0.5387,-0.5287,80.73,,999,,,none,,,,,,,,,,-2.7352,-4.1248,-7.6615,-8.5303,15.2937,30.829,66405.5625,72366.3438,,-4.3994,-12.274,
^MERV,3028870.75,3028870.75,2026-09-16,False,3013285.75,3079778.75,-1.65,-4.53,BAJO,,,,,,,,,,,,,,NONE,-0.2708,-0.5198,-0.1048,0.056942,0.5387,-0.5287,80.73,,999,,,none,,,,,,,,,,-2.6138,-2.49,-5.3459,-7.9897,13.5203,25.0262,3157852.0,3379772.0,,-4.0845,-10.3824,
^NYA,23934.14453125,23934.1445,2026-09-16,False,23791.611328125,24188.1328125,-0.81,4.39,BAJO,,,,,,,,,,,,,,NONE,-0.2708,-0.5198,-0.1048,0.056942,0.5387,-0.5287,80.73,,999,,,none,,,,,,,,,,-1.5508,-1.7049,0.492,,11.0855,8.2137,24768.6504,24821.6797,,-3.3692,-3.5756,
^HSI,24667.240234375,24667.2402,2026-09-15,False,24657.009765625,24934.060546875,-1.0,3.12,BAJO,,,,,,,,,,,,,,NONE,-0.2708,-0.5198,-0.1048,0.056942,0.5387,-0.5287,80.73,,999,,,none,,,,,,,,,,-2.5672,-2.6155,0.4275,0.7075,12.0039,16.9278,26009.4609,26009.4609,,-5.1605,-5.1605,
^TWII,45511.48828125,45511.4883,2026-09-15,False,45491.96875,46009.8515625,-0.77,1.76,BAJO,,,,,,,,,,,,,,NONE,-0.2708,-0.5198,-0.1048,0.056942,0.5387,-0.5287,80.73,,999,,,none,,,,,,,,,,-3.3845,-3.0613,6.656,-0.6499,7.7288,32.8841,47326.2695,47326.2695,,-3.8346,-3.8346,
^KS11,6627.259765625,6627.2598,2026-09-15,False,6582.2001953125,6715.4599609375,-0.85,-21.65,BAJO,,,,,,,,,,,,,,NONE,-0.2708,-0.5198,-0.1048,0.056942,0.5387,-0.5287,80.73,,999,,,none,,,,,,,,,,-4.7057,-3.0507,-9.0213,-24.0568,20.8043,74.7908,7051.6401,9114.5498,,-6.0182,-27.2892,
^GDAXI,25402.279296875,25402.2793,2026-09-15,False,25172.890625,25478.98046875,-0.15,4.38,BAJO,,,,,,,,,,,,,,NONE,-0.2708,-0.5198,-0.1048,0.056942,0.5387,-0.5287,80.73,,999,,,none,,,,,,,,,,-2.3276,-2.1865,2.3008,1.5003,11.3592,13.0031,26569.9902,26569.9902,,-4.3948,-4.3948,
^FTSE,10658.099609375,10658.0996,2026-09-15,False,10586.400390625,10697.7998046875,-0.37,3.97,BAJO,,,,,,,,,,,,,,NONE,-0.2708,-0.5198,-0.1048,0.056942,0.5387,-0.5287,80.73,,999,,,none,,,,,,,,,,-1.4207,-1.216,0.8125,1.4226,8.2577,8.5837,10886.2002,10908.4004,,-2.0953,-2.2946,
^AEX,1095.8699951171875,1095.87,2026-09-15,False,1089.4100341796875,1097.1199951171875,-0.23,4.82,BAJO,,,,,,,,,,,,,,NONE,-0.2708,-0.5198,-0.1048,0.056942,0.5387,-0.5287,80.73,,999,,,none,,,,,,,,,,-1.8082,-0.549,0.3572,1.3371,8.4137,9.0366,1116.05,1119.59,,-1.8082,-2.1186,
^IBEX,19555.900390625,19555.9004,2026-09-15,False,19392.599609375,19665.0,-0.05,4.46,BAJO,,,,,,,,,,,,,,NONE,-0.2708,-0.5198,-0.1048,0.056942,0.5387,-0.5287,80.73,,999,,,none,,,,,,,,,,-2.2063,-1.3524,1.7641,0.7823,14.8733,13.0728,20098.5996,20213.5996,,-2.7002,-3.2537,
FTSEMIB.MI,51555.0,51555.0,2026-09-14,False,50819.0,51790.0,-0.14,22.15,BAJO,,,,,,,,,,,,,,YAHOO,-0.2708,-0.5198,-0.1048,0.056942,0.5387,-0.5287,80.73,,999,,,none,,,,,,,,,,-1.1921,-0.6934,-0.6303,-2.1504,19.7179,13.0288,52883.0,53717.0,53717.0,-2.5112,-4.0248,-4.0248
^SSMI,13808.8701171875,13808.8701,2026-09-15,False,13680.9501953125,13829.7802734375,-0.5,2.75,BAJO,,,,,,,,,,,,,,NONE,-0.2708,-0.5198,-0.1048,0.056942,0.5387,-0.5287,80.73,,999,,,none,,,,,,,,,,-1.7694,-3.6688,-3.7287,0.3127,9.6047,10.4116,14542.9004,14633.7002,,-5.0473,-5.6365,
^OMXC25,1851.3299560546875,1851.33,2026-09-16,False,1850.598876953125,1865.193359375,0.08,7.51,BAJO,,,,,,,,,,,,,,NONE,-0.2708,-0.5198,-0.1048,0.056942,0.5387,-0.5287,80.73,,999,,,none,,,,,,,,,,-1.7268,-2.4548,-2.6625,,6.1837,13.4378,1935.0699,1935.0699,,-4.3275,-4.3275,
^GSPTSE,35491.26953125,35491.2695,2026-09-16,False,35243.3203125,35781.75,-0.26,2.7,BAJO,,,,,,,,,,,,,,NONE,-0.2708,-0.5198,-0.1048,0.056942,0.5387,-0.5287,80.73,,999,,,none,,,,,,,,,,-1.1567,-0.9335,0.4275,0.2873,6.2743,10.2955,36957.6016,36957.6016,,-3.9676,-3.9676,
^AXJO,8672.5,8672.5,2026-09-15,False,8657.099609375,8749.900390625,-0.88,-0.34,BAJO,,,,,,,,,,,,,,NONE,-0.2708,-0.5198,-0.1048,0.056942,0.5387,-0.5287,80.73,,999,,,none,,,,,,,,,,-2.7834,-4.3478,-1.4119,-2.6776,8.2809,9.4951,9164.5996,9271.5996,,-5.3696,-6.4617,
^MXX,63507.109375,63507.1094,2026-09-15,False,63375.51953125,64375.8515625,-1.11,-4.48,BAJO,,,,,,,,,,,,,,NONE,-0.2708,-0.5198,-0.1048,0.056942,0.5387,-0.5287,80.73,,999,,,none,,,,,,,,,,-2.3952,-1.5611,-4.693,-6.9699,11.8803,12.6929,66293.0703,67640.5938,,-4.2025,-6.111,
^BVSP,185547.65625,185547.6562,2026-09-16,False,184753.984375,186738.25,-0.51,11.78,BAJO,,,,,,,,,,,,,,NONE,-0.2708,-0.5198,-0.1048,0.056942,0.5387,-0.5287,80.73,,999,,,none,,,,,,,,,,-0.0438,3.2409,6.8121,10.2626,9.9518,17.2912,188269.0,188269.0,,-1.4455,-1.4455,
HYG,78.41999816894531,78.42,2026-09-16,False,78.36000061035156,78.70999908447266,0.05,4.95,BAJO,,,,,,,,,,,,,,YAHOO,-0.2708,-0.5198,-0.1048,0.056942,0.5387,-0.5287,80.73,,999,,,none,,,,,,,,,,-0.709,-0.8597,-0.5241,-0.5375,1.6261,2.6778,79.4844,79.4844,79.4844,-1.3391,-1.3391,-1.3391
LQD,104.44999694824219,104.45,2026-09-16,False,104.38500213623047,105.04000091552734,0.16,-0.18,BAJO,,,,,,,,,,,,,,YAHOO,-0.2708,-0.5198,-0.1048,0.056942,0.5387,-0.5287,80.73,,999,,,none,,,,,,,,,,-0.8166,-0.7318,-2.0616,-3.1224,1.5037,5.286,106.4133,108.3896,108.7168,-1.845,-3.6346,-3.9247
TLT,80.87999725341797,80.88,2026-09-16,False,80.86000061035156,81.55999755859375,0.21,-3.97,BAJO,,,-4044.0,0.54,,,,,,,,,,YAHOO,-0.2708,-0.5198,-0.1048,0.056942,0.5387,-0.5287,80.73,,999,,,none,,,,,,,,,,-1.04,-1.2092,-3.553,-5.0725,3.3338,9.512,83.1514,86.4474,88.4493,-2.7316,-6.4402,-8.5578
GC=F,4308.7998046875,4308.7998,2026-09-16,False,4294.5,4314.0,-0.55,1.36,BAJO,,,,,,,,,,,,,,NONE,-0.2708,-0.5198,-0.1048,0.056942,0.5387,-0.5287,80.73,,999,,,none,,,,,,,,,,-3.4053,-1.9925,7.2161,-1.0472,8.7301,22.8828,4697.7998,4697.7998,,-8.2805,-8.2805,
HG=F,6.448999881744385,6.449,2026-09-16,False,6.439499855041504,6.449999809265137,1.26,1.79,BAJO,,,,,,,,,,,,,,NONE,-0.2708,-0.5198,-0.1048,0.056942,0.5387,-0.5287,80.73,,999,,,none,,,,,,,,,,-5.2106,-0.8837,3.6817,-0.6164,23.5522,23.3344,6.8035,6.8035,,-5.2106,-5.2106,
CL=F,102.0,102.0,2026-09-16,False,101.87000274658203,102.23999786376953,-3.62,36.53,BAJO,,,,,,,,,,,,,,NONE,-0.2708,-0.5198,-0.1048,0.056942,0.5387,-0.5287,80.73,,999,,,none,,,,,,,,,,6.1947,13.057,23.6514,34.1223,57.7273,51.5017,105.83,105.83,,-3.619,-3.619,
ZS=F,1321.5,1321.5,2026-09-16,False,1313.5,1332.25,0.21,19.36,BAJO,,,,,,,,,,,,,,NONE,-0.2708,-0.5198,-0.1048,0.056942,0.5387,-0.5287,80.73,,999,,,none,,,,,,,,,,2.0266,1.1288,9.7136,16.9469,34.6702,20.8521,1321.5,1321.5,,0.0,0.0,
ZC=F,534.0,534.0,2026-09-16,False,529.0,539.25,-0.33,31.47,BAJO,,,,,,,,,,,,,,NONE,-0.2708,-0.5198,-0.1048,0.056942,0.5387,-0.5287,80.73,,999,,,none,,,,,,,,,,5.1699,2.3969,20.0675,29.0634,39.3372,26.3729,535.75,535.75,,-0.3266,-0.3266,
BTC-USD,76010.296875,76010.2969,2026-09-16,False,75288.46875,76249.796875,0.53,-32.54,BAJO,1527367073792.0,,,,,,,,,,,,,YAHOO,-0.2708,-0.5198,-0.1048,0.056942,0.5387,-0.5287,80.73,,999,,,none,,,,,,,,,,-1.5076,-5.4011,17.6676,17.4587,33.7956,32.7049,81271.7422,81271.7422,96929.3281,-6.4739,-6.4739,-21.5817
ETH-USD,2411.179931640625,2411.1799,2026-09-16,False,2370.10888671875,2424.099365234375,0.5,-44.05,BAJO,294600933376.0,,,,,,,,,,,,,YAHOO,-0.2708,-0.5198,-0.1048,0.056942,0.5387,-0.5287,80.73,,999,,,none,,,,,,,,,,-4.1179,-4.1108,26.4698,25.7825,43.2161,49.3846,2525.9446,2525.9446,3354.7227,-4.5434,-4.5434,-28.1258
IBIT,43.040000915527344,43.04,2026-09-16,False,42.43000030517578,43.310001373291016,-0.16,-32.74,BAJO,,,,,,,,,,,,,,YAHOO,-0.2708,-0.5198,-0.1048,0.056942,0.5387,-0.5287,80.73,,999,,,none,,,,,,,,,,-2.8223,-1.6453,18.4044,15.7923,38.6407,37.2068,46.35,46.35,71.29,-7.1413,-7.1413,-39.6269
SPY,754.0499877929688,754.05,2026-09-16,False,749.5999755859375,761.6500244140625,-0.44,17.93,BAJO,,24.36,,1.76,,,,,,,,,,YAHOO,-0.2708,-0.5198,-0.1048,0.056942,0.5387,-0.5287,80.73,,999,,,none,,,,,,,,,,-1.0952,-1.0147,1.4476,0.7547,10.3274,11.1863,773.17,777.88,777.88,-2.4729,-3.0635,-3.0635
QQQ,704.719970703125,704.72,2026-09-16,False,700.0,711.8499755859375,0.03,22.19,BAJO,,28.72,,1.97,,,,,,,,,,YAHOO,-0.2708,-0.5198,-0.1048,0.056942,0.5387,-0.5287,80.73,,999,,,none,,,,,,,,,,-1.618,-0.4126,1.3504,-3.3384,12.1279,20.0974,721.11,736.4,745.3409,-2.2729,-4.302,-5.45
DIA,515.219970703125,515.22,2026-09-16,False,512.2899780273438,522.2999877929688,-1.15,16.43,BAJO,,20.92,,,,,,,,,,,,YAHOO,-0.2708,-0.5198,-0.1048,0.056942,0.5387,-0.5287,80.73,,999,,,none,,,,,,,,,,-1.6887,-2.3742,-0.9913,-0.8129,14.3045,11.6113,536.93,542.3603,542.3603,-4.0434,-5.0041,-5.0041
IWM,283.9200134277344,283.92,2026-09-16,False,281.0299987792969,287.0400085449219,-0.43,22.77,BAJO,,16.71,,1.3,,,,,,,,,,YAHOO,-0.2708,-0.5198,-0.1048,0.056942,0.5387,-0.5287,80.73,,999,,,none,,,,,,,,,,-2.057,-2.0334,-3.1895,-2.5399,7.5844,13.026,300.934,304.2953,304.2953,-5.6537,-6.6959,-6.6959
GLD,391.739990234375,391.74,2026-09-16,False,388.3900146484375,400.5899963378906,-0.61,17.77,BAJO,,,,2.3,,,,,,,,,,YAHOO,-0.2708,-0.5198,-0.1048,0.056942,0.5387,-0.5287,80.73,,999,,,none,,,,,,,,,,-2.8784,-1.2628,6.3326,-1.4813,15.1474,24.6979,428.07,428.07,495.9,-8.4869,-8.4869,-21.0042
SLV,57.04999923706055,57.05,2026-09-16,False,56.279998779296875,58.630001068115234,-0.83,50.21,BAJO,,,,,,,,,,,,,,YAHOO,-0.2708,-0.5198,-0.1048,0.056942,0.5387,-0.5287,80.73,,999,,,none,,,,,,,,,,-6.0441,-1.5021,12.3474,-10.0016,25.9944,39.8915,62.77,62.77,105.6,-9.1126,-9.1126,-45.9754
XLY,110.18000030517578,110.18,2026-09-16,False,109.62999725341797,111.45999908447266,-0.63,-5.89,BAJO,,24.08,,,,,,,,,,,,YAHOO,-0.2708,-0.5198,-0.1048,0.056942,0.5387,-0.5287,80.73,,999,,,none,,,,,,,,,,-2.0274,-3.8485,-4.5565,-6.8044,17.4575,20.2237,118.59,119.86,124.0232,-7.0917,-8.0761,-11.1618
XLV,167.77000427246094,167.77,2026-09-16,False,167.41000366210938,168.8000030517578,0.07,27.07,BAJO,,29.97,,,,,,,,,,,,YAHOO,-0.2708,-0.5198,-0.1048,0.056942,0.5387,-0.5287,80.73,,999,,,none,,,,,,,,,,0.7144,-2.2718,4.1468,10.1804,12.0262,19.3878,175.68,175.68,175.68,-4.5025,-4.5025,-4.5025
XLRE,42.810001373291016,42.81,2026-09-16,False,42.61000061035156,43.48500061035156,-0.6,7.73,BAJO,,30.51,,,,,,,,,,,,YAHOO,-0.2708,-0.5198,-0.1048,0.056942,0.5387,-0.5287,80.73,,999,,,none,,,,,,,,,,-1.3822,-2.7929,-5.7464,-4.2458,11.2921,13.5991,45.36,46.01,46.01,-5.6217,-6.955,-6.955
XLK,183.92999267578125,183.93,2026-09-16,False,182.4199981689453,186.1300048828125,0.1,38.18,BAJO,,32.56,,,,,,,,,,,,YAHOO,-0.2708,-0.5198,-0.1048,0.056942,0.5387,-0.5287,80.73,,999,,,none,,,,,,,,,,-2.0972,0.1579,4.7497,-1.2286,20.4854,28.2897,188.61,190.77,197.974,-2.4813,-3.5855,-7.0938
XLI,168.7100067138672,168.71,2026-09-16,False,167.49000549316406,170.6699981689453,-0.08,14.96,BAJO,,27.39,,1.71,,,,,,,,,,YAHOO,-0.2708,-0.5198,-0.1048,0.056942,0.5387,-0.5287,80.73,,999,,,none,,,,,,,,,,-1.7929,-2.3273,-5.964,-5.9633,16.5705,16.2202,181.95,186.51,186.51,-7.2767,-9.5437,-9.5437
XLF,55.93000030517578,55.93,2026-09-16,False,55.44499969482422,56.84000015258789,-1.62,8.46,BAJO,,15.86,,1.64,,,,,,,,,,YAHOO,-0.2708,-0.5198,-0.1048,0.056942,0.5387,-0.5287,80.73,,999,,,none,,,,,,,,,,-1.9804,-2.2203,-0.5866,3.2676,14.8691,13.1293,58.56,58.56,58.56,-4.4911,-4.4911,-4.4911
XLE,64.02999877929688,64.03,2026-09-16,False,63.68000030517578,65.13999938964844,-2.88,49.49,BAJO,,17.76,,1.23,,,,,,,,,,YAHOO,-0.2708,-0.5198,-0.1048,0.056942,0.5387,-0.5287,80.73,,999,,,none,,,,,,,,,,-1.9599,-1.1425,11.009,16.4952,33.7426,21.6033,65.93,65.93,65.93,-2.8818,-2.8818,-2.8818
XLC,113.0,113.0,2026-09-16,False,112.48999786376953,114.51000213623047,-0.9,-1.05,BAJO,,15.59,,,,,,,,,,,,YAHOO,-0.2708,-0.5198,-0.1048,0.056942,0.5387,-0.5287,80.73,,999,,,none,,,,,,,,,,1.958,1.912,2.1238,0.8671,24.156,19.7672,115.07,115.07,119.3874,-1.7989,-1.7989,-5.3502
XLB,50.36000061035156,50.36,2026-09-16,False,49.90950012207031,51.11000061035156,-0.73,15.53,BAJO,,23.5,,0.64,,,,,,,,,,YAHOO,-0.2708,-0.5198,-0.1048,0.056942,0.5387,-0.5287,80.73,,999,,,none,,,,,,,,,,-2.0043,-3.284,-0.3364,-4.1193,11.4474,17.379,53.67,53.67,53.67,-6.1673,-6.1673,-6.1673
XLP,83.33000183105469,83.33,2026-09-16,False,83.31500244140625,84.05500030517578,-0.48,9.78,BAJO,,24.65,,1.22,,,,,,,,,,YAHOO,-0.2708,-0.5198,-0.1048,0.056942,0.5387,-0.5287,80.73,,999,,,none,,,,,,,,,,0.3371,-2.2522,-2.1834,-1.965,14.6389,16.3647,87.45,87.45,88.8894,-4.7113,-4.7113,-6.2543
XLU,41.31999969482422,41.32,2026-09-16,False,41.150001525878906,41.65999984741211,0.0,3.37,BAJO,,18.61,,0.65,,,,,,,,,,YAHOO,-0.2708,-0.5198,-0.1048,0.056942,0.5387,-0.5287,80.73,,999,,,none,,,,,,,,,,-3.7727,-2.9135,-8.5234,-7.7145,10.4744,14.5163,44.02,46.29,47.0979,-6.1336,-10.7367,-12.2678
PSQ,26.31999969482422,26.32,2026-09-16,False,26.050100326538086,26.498300552368164,0.0,-11.74,BAJO,,,,,,,,,,,,,,YAHOO,-0.2708,-0.5198,-0.1048,0.056942,0.5387,-0.5287,80.73,,999,,,none,,,,,,,,,,1.7395,0.6116,-0.8289,4.0903,12.3209,20.2195,26.32,27.91,33.0172,0.0,-5.6969,-20.2839
EWZ,37.47999954223633,37.48,2026-09-16,False,37.2400016784668,37.814998626708984,-0.79,30.02,BAJO,,10.9,,1.02,,,,,,,,,,YAHOO,-0.2708,-0.5198,-0.1048,0.056942,0.5387,-0.5287,80.73,,999,,,none,,,,,,,,,,-1.5498,2.4884,6.3866,8.9218,9.5935,22.1362,38.61,38.61,41.3365,-2.9267,-2.9267,-9.3295
FXI,33.91999816894531,33.92,2026-09-16,False,33.82500076293945,34.23500061035156,-1.4,-13.44,BAJO,,8.99,,,,,,,,,,,,YAHOO,-0.2708,-0.5198,-0.1048,0.056942,0.5387,-0.5287,80.73,,999,,,none,,,,,,,,,,-1.8234,-4.0181,-0.6153,-1.8519,19.1286,17.8839,35.88,36.52,40.9939,-5.4627,-7.1194,-17.2559
COPX,84.19000244140625,84.19,2026-09-16,False,83.0999984741211,86.12000274658203,-0.47,63.32,BAJO,,15.48,,,,,,,,,,,,YAHOO,-0.2708,-0.5198,-0.1048,0.056942,0.5387,-0.5287,80.73,,999,,,none,,,,,,,,,,-11.6301,-5.6589,14.7785,-5.9181,22.6359,43.3459,96.45,96.45,96.45,-12.7112,-12.7112,-12.7112
URA,41.369998931884766,41.37,2026-09-16,False,40.709999084472656,42.375,-0.96,0.12,BAJO,,26.05,,,,,,,,,,,,YAHOO,-0.2708,-0.5198,-0.1048,0.056942,0.5387,-0.5287,80.73,,999,,,none,,,,,,,,,,-11.7158,-5.8489,6.8164,-13.5784,20.1646,43.5725,48.37,48.37,61.81,-14.4718,-14.4718,-33.0691
ARKK,83.18000030517578,83.18,2026-09-16,False,82.04000091552734,84.56999969482422,-0.37,5.06,BAJO,,53.69,,,,,,,,,,,,YAHOO,-0.2708,-0.5198,-0.1048,0.056942,0.5387,-0.5287,80.73,,999,,,none,,,,,,,,,,-1.632,0.1204,10.6117,5.1846,19.423,36.5328,87.38,87.38,92.53,-4.8066,-4.8066,-10.1048
ITA,215.27000427246094,215.27,2026-09-16,False,213.7100067138672,217.82000732421875,0.59,9.31,BAJO,,32.68,,,,,,,,,,,,YAHOO,-0.2708,-0.5198,-0.1048,0.056942,0.5387,-0.5287,80.73,,999,,,none,,,,,,,,,,-1.791,-4.409,-6.5923,-10.0202,14.3288,21.4218,245.865,252.9268,252.9268,-12.4438,-14.8884,-14.8884
SMH,545.5599975585938,545.56,2026-09-16,False,540.4500122070312,553.1199951171875,0.64,80.55,BAJO,,37.26,,,,,,,,,,,,YAHOO,-0.2708,-0.5198,-0.1048,0.056942,0.5387,-0.5287,80.73,,999,,,none,,,,,,,,,,-5.0027,0.0624,-1.9711,-11.4351,44.5111,43.4306,574.29,655.89,668.91,-5.0027,-16.8214,-18.4404
EEM,65.72000122070312,65.72,2026-09-16,False,65.29000091552734,66.57499694824219,-0.06,28.77,BAJO,,13.98,,,,,,,,,,,,YAHOO,-0.2708,-0.5198,-0.1048,0.056942,0.5387,-0.5287,80.73,,999,,,none,,,,,,,,,,-4.0304,-1.5726,3.8395,-4.2541,26.3208,24.7629,68.83,68.83,71.21,-4.5184,-4.5184,-7.7096
AAPL,332.4100036621094,332.41,2026-09-16,False,330.70001220703125,335.4800109863281,0.32,42.51,BAJO,4851251544064.0,38.16,34.69,45.16,148.75,27.08,32.62,27.62,2.22,28.92,0.78,1.0,8.0,YAHOO,-0.2708,-0.5198,-0.1048,0.056942,0.5387,-0.5287,80.73,2026-10-29,43,,,yahoo,1.0,1.0,1.0,0.0,1.0,1.0,1.0,1.0,1.0,5.4132,2.2391,-0.3126,11.1806,15.0104,32.3247,333.08,339.7869,339.7869,-0.2011,-2.171,-2.171
MSFT,490.29998779296875,490.3,2026-09-16,False,487.2300109863281,495.9200134277344,-1.37,-0.48,BAJO,3640745000960.0,27.31,20.78,8.23,34.04,14.09,45.11,40.3,0.45,19.01,0.29,1.23,6.0,YAHOO,-0.2708,-0.5198,-0.1048,0.056942,0.5387,-0.5287,80.73,2026-10-28,42,,,yahoo,1.0,1.0,1.0,1.0,1.0,0.0,1.0,0.0,0.0,-0.2746,-2.1396,24.7329,24.7297,27.2617,42.9558,513.53,513.53,537.6464,-4.5236,-4.5236,-8.8062
NVDA,213.89999389648438,213.9,2026-09-16,False,212.5,216.75999450683594,0.82,25.02,BAJO,5165043154944.0,27.04,13.7,22.56,117.21,53.57,66.24,63.66,0.81,25.29,0.17,4.59,4.0,YAHOO,-0.2708,-0.5198,-0.1048,0.056942,0.5387,-0.5287,80.73,2026-11-17,62,2026-08-26,21.0,yahoo,1.0,0.0,1.0,0.0,1.0,0.0,1.0,0.0,0.0,-4.261,-1.518,5.5862,3.2445,30.7673,39.7613,230.1025,230.1025,235.2024,-7.0414,-7.0414,-9.0571
META,673.3099975585938,673.31,2026-09-16,False,671.9141845703125,685.3099975585938,0.46,-10.87,BAJO,1715261407232.0,25.37,19.26,6.57,29.85,14.59,34.83,29.83,1.26,15.77,0.43,2.23,5.0,YAHOO,-0.2708,-0.5198,-0.1048,0.056942,0.5387,-0.5287,80.73,2026-10-28,42,,,yahoo,1.0,0.0,1.0,1.0,0.0,0.0,1.0,1.0,0.0,3.0014,16.3809,4.2259,12.1791,17.036,45.8061,673.31,681.31,777.701,0.0,-1.1742,-13.423
GOOGL,342.8699951171875,342.87,2026-09-16,False,340.6400146484375,348.3999938964844,-0.61,39.28,BAJO,4193277706240.0,17.2,23.08,6.74,48.68,12.96,34.03,54.77,0.54,23.77,0.19,2.72,6.0,YAHOO,-0.2708,-0.5198,-0.1048,0.056942,0.5387,-0.5287,80.73,2026-10-28,42,,,yahoo,1.0,0.0,1.0,1.0,0.0,1.0,1.0,1.0,0.0,3.6958,2.4089,-1.0611,-8.0803,33.0895,35.5077,349.39,377.4074,402.1212,-1.8661,-9.1512,-14.7347
AMZN,245.9600067138672,245.96,2026-09-16,False,244.3000030517578,249.25999450683594,-0.99,7.5,BAJO,2653001613312.0,19.8,23.71,4.81,30.56,6.59,13.69,17.44,0.12,16.62,0.46,1.03,6.0,YAHOO,-0.2708,-0.5198,-0.1048,0.056942,0.5387,-0.5287,80.73,2026-10-29,43,,,yahoo,1.0,1.0,1.0,1.0,1.0,0.0,0.0,1.0,0.0,-2.5515,-3.5148,-0.5137,-0.0163,27.5901,42.9397,266.43,284.02,284.02,-7.6831,-13.4005,-13.4005
TSLA,358.0799865722656,358.08,2026-09-16,False,354.89129638671875,365.0498962402344,0.42,-12.66,BAJO,1414253903872.0,334.65,165.89,16.28,4.67,1.93,1.41,3.67,0.34,128.46,0.18,1.94,5.0,YAHOO,-0.2708,-0.5198,-0.1048,0.056942,0.5387,-0.5287,80.73,2026-10-21,35,,,yahoo,1.0,0.0,1.0,1.0,0.0,1.0,0.0,1.0,0.0,-2.6454,0.5588,-5.9763,-11.5109,17.0502,56.4256,376.37,425.3,489.88,-4.8596,-15.8053,-26.9046
MSTR,126.18000030517578,126.18,2026-09-16,False,123.32849884033203,130.4199981689453,-2.64,-59.93,BAJO,50129002496.0,,2.55,1.52,-63.56,-38.73,-6808.11,0.0,-45.06,-1.89,0.15,5.39,3.0,YAHOO,-0.2708,-0.5198,-0.1048,0.056942,0.5387,-0.5287,80.73,2026-10-29,43,,,yahoo,0.0,0.0,0.0,1.0,1.0,1.0,0.0,0.0,0.0,-4.9133,1.041,33.0311,2.7441,70.6208,88.7473,144.82,144.82,359.69,-12.8712,-12.8712,-64.9198
PLTR,174.33999633789062,174.34,2026-09-16,False,168.9600067138672,174.76510620117188,1.03,4.81,BAJO,418949201920.0,149.01,75.05,42.86,38.1,17.29,47.12,49.01,0.52,153.93,0.02,7.23,8.0,YAHOO,-0.2708,-0.5198,-0.1048,0.056942,0.5387,-0.5287,80.73,2026-11-02,47,,,yahoo,1.0,1.0,1.0,1.0,1.0,1.0,0.0,1.0,1.0,2.8373,-3.1014,31.6966,30.8368,27.1107,80.8407,186.38,186.38,207.18,-6.4599,-6.4599,-15.8509
SNOW,331.0199890136719,331.02,2026-09-16,False,317.45001220703125,338.0,2.49,55.7,BAJO,116783849472.0,,109.83,54.27,-48.06,-9.02,-17.0,-20.07,1.49,-110.24,1.29,0.94,5.0,YAHOO,-0.2708,-0.5198,-0.1048,0.056942,0.5387,-0.5287,80.73,2026-12-02,77,2026-09-02,14.0,yahoo,0.0,0.0,1.0,1.0,1.0,0.0,0.0,1.0,1.0,-0.1388,3.5084,23.1015,38.8973,35.7113,52.5603,356.47,356.47,356.47,-7.1395,-7.1395,-7.1395
CRWD,241.36000061035156,241.36,2026-09-16,False,235.64999389648438,245.19000244140625,-0.47,119.37,BAJO,247136911360.0,4827.2,150.29,48.44,1.46,-0.78,-2.26,0.83,0.81,2284.63,0.16,1.57,4.0,YAHOO,-0.2708,-0.5198,-0.1048,0.056942,0.5387,-0.5287,80.73,2026-12-01,76,2026-08-26,21.0,yahoo,0.0,0.0,1.0,1.0,1.0,1.0,0.0,0.0,0.0,16.1501,12.2239,18.8497,42.083,109.6173,74.4058,242.49,242.49,242.49,-0.466,-0.466,-0.466
PANW,375.6499938964844,375.65,2026-09-16,False,367.3851013183594,381.9599914550781,0.15,88.98,BAJO,307281690624.0,916.22,77.0,11.14,1.74,1.4,5.4,2.67,1.38,196.36,0.09,0.87,3.0,YAHOO,-0.2708,-0.5198,-0.1048,0.056942,0.5387,-0.5287,80.73,2026-11-19,64,2026-09-01,15.0,yahoo,1.0,0.0,1.0,1.0,0.0,0.0,0.0,0.0,0.0,12.1009,3.7449,4.7312,34.2086,110.495,64.1048,382.85,396.0,396.0,-1.8806,-5.1389,-5.1389
ADBE,250.5,250.5,2026-09-16,False,249.3000030517578,254.97999572753906,-2.82,-26.57,BAJO,99573751808.0,13.99,9.05,8.41,61.9,19.73,34.82,28.05,9.17,10.55,0.57,0.77,7.0,YAHOO,-0.2708,-0.5198,-0.1048,0.056942,0.5387,-0.5287,80.73,2026-12-09,84,2026-09-10,6.0,yahoo,1.0,1.0,1.0,1.0,0.0,0.0,1.0,1.0,1.0,-1.7107,-12.4371,5.5848,20.8277,62.4368,49.2214,292.79,292.79,367.46,-14.4438,-14.4438,-31.8293
CRM,250.5399932861328,250.54,2026-09-16,False,249.60000610351562,256.3999938964844,-2.0,7.99,BAJO,206194409472.0,22.94,15.64,5.37,19.38,5.7,21.38,21.99,8.6,18.39,1.1,0.84,7.0,YAHOO,-0.2708,-0.5198,-0.1048,0.056942,0.5387,-0.5287,80.73,2026-12-02,77,2026-08-26,21.0,yahoo,1.0,1.0,1.0,1.0,0.0,0.0,1.0,1.0,1.0,2.613,-2.9329,46.7119,54.9317,49.91,62.4728,264.43,264.43,264.8822,-5.2528,-5.2528,-5.4146
MU,926.5499877929688,926.55,2026-09-16,False,917.6500244140625,941.2000122070312,-0.11,486.74,BAJO,1046439198720.0,20.94,5.93,10.39,66.64,34.87,80.37,55.91,0.73,15.07,0.06,3.42,7.0,YAHOO,-0.2708,-0.5198,-0.1048,0.056942,0.5387,-0.5287,80.73,2026-09-30,14,,,yahoo,1.0,1.0,1.0,1.0,1.0,0.0,0.0,1.0,1.0,-9.8485,-0.7381,9.1407,-9.2154,42.0446,87.042,1027.77,1213.3734,1213.3734,-9.8485,-23.6385,-23.6385
INTC,101.05000305175781,101.05,2026-09-16,False,99.29000091552734,104.41999816894531,4.03,302.29,BAJO,534160932864.0,,49.0,5.82,-10.71,1.41,12.19,-19.79,0.91,32.43,0.49,1.6,6.0,YAHOO,-0.2708,-0.5198,-0.1048,0.056942,0.5387,-0.5287,80.73,2026-10-22,36,,,yahoo,0.0,1.0,1.0,1.0,1.0,1.0,0.0,1.0,0.0,-4.8852,13.5776,6.3237,-13.6694,67.3349,71.8732,106.24,139.63,140.94,-4.8852,-27.6302,-28.3028
AMAT,415.3800048828125,415.38,2026-09-16,False,411.510009765625,430.739990234375,-1.37,143.09,BAJO,329644507136.0,35.87,22.51,12.86,41.07,15.48,33.74,30.05,0.93,32.73,0.29,2.42,6.0,YAHOO,-0.2708,-0.5198,-0.1048,0.056942,0.5387,-0.5287,80.73,2026-11-12,57,,,yahoo,1.0,0.0,1.0,1.0,0.0,1.0,1.0,1.0,0.0,-11.4045,-5.9907,-21.4922,-26.8211,53.5553,77.9161,496.21,722.2277,722.2277,-16.2895,-42.4863,-42.4863
TXN,260.6700134277344,260.67,2026-09-16,False,258.1400146484375,267.9700012207031,-1.05,52.96,BAJO,238056292352.0,39.56,24.49,13.22,35.18,13.06,42.58,31.11,1.49,26.01,0.78,4.86,7.0,YAHOO,-0.2708,-0.5198,-0.1048,0.056942,0.5387,-0.5287,80.73,2026-10-27,41,,,yahoo,1.0,1.0,1.0,1.0,0.0,1.0,1.0,0.0,1.0,-0.3517,2.8934,-7.7513,-14.2963,40.3346,38.6974,268.7,310.2216,330.5874,-2.9885,-15.973,-21.1494
TSM,417.7200012207031,417.72,2026-09-16,False,413.8800048828125,419.8500061035156,0.96,63.06,BAJO,2166493937664.0,30.67,19.05,85.48,39.97,19.0,60.34,49.92,33.73,4.66,0.17,2.46,9.0,YAHOO,-0.2708,-0.5198,-0.1048,0.056942,0.5387,-0.5287,80.73,2026-10-15,29,,,yahoo,1.0,1.0,1.0,1.0,1.0,1.0,1.0,1.0,1.0,-4.0518,0.8986,4.8573,-1.9045,34.7901,40.4868,439.0,477.57,477.57,-4.8474,-12.5322,-12.5322
AMD,512.5,512.5,2026-09-16,False,506.04998779296875,527.25,1.65,221.8,BAJO,836643454976.0,130.41,32.91,12.44,10.2,5.13,17.25,15.58,1.06,85.16,0.06,2.61,7.0,YAHOO,-0.2708,-0.5198,-0.1048,0.056942,0.5387,-0.5287,80.73,2026-11-03,48,,,yahoo,1.0,1.0,1.0,1.0,0.0,1.0,0.0,1.0,1.0,-1.6504,11.5076,3.3766,1.027,51.9588,68.2912,521.1,580.91,580.91,-1.6504,-11.7763,-11.7763
ASML,1602.219970703125,1602.22,2026-09-16,False,1584.5400390625,1626.27001953125,0.67,86.01,BAJO,615412662272.0,54.42,26.72,1351.21,53.94,16.45,37.06,30.11,1.37,2517.34,0.09,1.33,8.0,YAHOO,-0.2708,-0.5198,-0.1048,0.056942,0.5387,-0.5287,80.73,2026-10-14,28,,,yahoo,1.0,1.0,1.0,1.0,1.0,0.0,1.0,1.0,1.0,-7.3604,-3.7787,-8.1992,-11.0649,63.8514,47.9144,1764.85,1986.8704,1986.8704,-9.2149,-19.3596,-19.3596
MRVL,229.7100067138672,229.71,2026-09-16,False,224.5800018310547,233.7698974609375,3.61,236.71,BAJO,206441447424.0,76.06,33.98,11.04,16.52,4.12,16.68,27.93,1.17,71.11,0.29,3.17,8.0,YAHOO,-0.2708,-0.5198,-0.1048,0.056942,0.5387,-0.5287,80.73,2026-12-01,76,2026-08-27,20.0,yahoo,1.0,1.0,1.0,0.0,1.0,1.0,1.0,1.0,1.0,-2.2552,9.1829,21.7458,-17.5488,83.9502,86.9339,251.01,297.8165,316.352,-8.4857,-22.8686,-27.3878
QCOM,184.83999633789062,184.84,2026-09-16,False,183.3699951171875,191.27850341796875,-1.58,17.37,BAJO,197420302336.0,21.12,18.11,7.06,33.75,11.61,18.53,21.01,5.19,17.02,0.55,2.02,6.0,YAHOO,-0.2708,-0.5198,-0.1048,0.056942,0.5387,-0.5287,80.73,2026-10-29,43,,,yahoo,1.0,0.0,1.0,1.0,0.0,1.0,1.0,0.0,1.0,4.7846,11.5455,8.1884,-13.1845,45.4829,43.9591,187.8,203.7909,248.7425,-1.5761,-9.2992,-25.6902
COIN,164.50999450683594,164.51,2026-09-16,False,161.2100067138672,173.97000122070312,-4.42,-47.42,BAJO,43403812864.0,,58.08,3.32,-7.85,1.12,-13.92,-16.34,6.15,61.88,0.51,2.42,4.0,YAHOO,-0.2708,-0.5198,-0.1048,0.056942,0.5387,-0.5287,80.73,2026-10-29,43,,,yahoo,1.0,0.0,1.0,1.0,0.0,1.0,0.0,0.0,0.0,-5.8436,-6.9619,4.7034,-2.8121,131.7752,77.5033,192.7,192.7,387.27,-14.629,-14.629,-57.5206
SHOP,129.9600067138672,129.96,2026-09-16,False,128.61000061035156,132.6699981689453,0.08,-9.31,BAJO,168643215360.0,87.81,53.04,13.21,15.54,10.19,17.55,14.53,0.94,67.77,0.01,5.35,5.0,YAHOO,-0.2708,-0.5198,-0.1048,0.056942,0.5387,-0.5287,80.73,2026-11-03,48,,,yahoo,1.0,0.0,1.0,1.0,0.0,1.0,0.0,0.0,1.0,2.5002,-7.0519,5.1797,14.7752,46.5884,64.1734,154.33,158.53,179.01,-15.7908,-18.0218,-27.4007
RBLX,47.43000030517578,47.43,2026-09-16,False,47.244998931884766,50.34479904174805,-5.59,-62.67,BAJO,33882851328.0,,-38.07,222.68,-432.28,-7.73,-13.27,-17.61,4.36,-38.74,14.23,0.82,6.0,YAHOO,-0.2708,-0.5198,-0.1048,0.056942,0.5387,-0.5287,80.73,2026-10-29,43,,,yahoo,0.0,1.0,1.0,1.0,1.0,0.0,0.0,1.0,1.0,6.5364,16.6216,-8.2237,-3.8711,125.9539,83.2314,51.29,57.95,141.56,-7.5258,-18.1536,-66.4948
UBER,70.97000122070312,70.97,2026-09-16,False,70.5708999633789,71.95999908447266,-0.64,-25.05,BAJO,144960487424.0,15.56,16.11,5.3,37.16,6.88,13.32,17.34,5.0,20.92,0.52,0.84,6.0,YAHOO,-0.2708,-0.5198,-0.1048,0.056942,0.5387,-0.5287,80.73,2026-11-03,48,,,yahoo,1.0,0.0,1.0,1.0,0.0,1.0,1.0,1.0,0.0,-0.1548,-5.6752,-2.0563,-3.1126,21.0029,41.3243,80.35,80.35,100.1,-11.6739,-11.6739,-29.1009
HPQ,32.70000076293945,32.7,2026-09-16,False,32.650001525878906,34.060001373291016,-3.31,26.39,BAJO,29488566272.0,12.48,10.42,-320.59,,5.63,5.4,4.14,11.5,7.91,,0.79,5.0,YAHOO,-0.2708,-0.5198,-0.1048,0.056942,0.5387,-0.5287,80.73,2026-11-24,69,2026-08-26,21.0,yahoo,1.0,0.0,1.0,1.0,0.0,1.0,1.0,0.0,0.0,0.9571,5.4208,32.9218,35.9316,91.1014,50.075,35.48,35.48,35.48,-7.8354,-7.8354,-7.8354
BIDU,88.55000305175781,88.55,2026-09-16,False,88.2300033569336,89.75,-2.04,-26.06,BAJO,30214264832.0,,11.45,0.74,-1.39,1.2,9.65,-2.9,,0.03,0.38,2.33,2.0,YAHOO,-0.2708,-0.5198,-0.1048,0.056942,0.5387,-0.5287,80.73,2026-11-18,63,2026-08-18,29.0,yahoo,1.0,0.0,0.0,0.0,0.0,0.0,1.0,0.0,0.0,-3.7814,-6.6519,-17.4282,-21.4425,23.7068,46.4763,99.47,117.94,162.52,-10.9782,-24.9194,-45.5144
SPOT,547.4299926757812,547.43,2026-09-16,False,546.010009765625,564.8900146484375,-1.94,-19.84,BAJO,112542957568.0,29.72,30.74,11.49,44.48,12.19,13.71,18.43,1.37,40.35,0.06,2.11,5.0,YAHOO,-0.2708,-0.5198,-0.1048,0.056942,0.5387,-0.5287,80.73,2026-11-03,48,,,yahoo,1.0,1.0,1.0,1.0,0.0,0.0,0.0,1.0,0.0,4.6711,0.6028,14.4916,16.5216,51.8723,38.941,560.11,560.11,738.53,-2.2638,-2.2638,-25.8757
AVGO,339.510009765625,339.51,2026-09-16,False,335.814697265625,344.1499938964844,0.07,-2.59,BAJO,1620695187456.0,43.3,17.52,16.26,44.25,15.37,54.31,42.94,1.89,31.69,0.6,2.5,8.0,YAHOO,-0.2708,-0.5198,-0.1048,0.056942,0.5387,-0.5287,80.73,2026-12-09,84,2026-09-02,14.0,yahoo,1.0,1.0,1.0,1.0,1.0,1.0,0.0,1.0,1.0,-6.8253,-8.1611,-8.4459,-9.7323,37.2173,40.1552,371.54,427.76,480.8091,-8.6209,-20.6307,-29.3878
ACN,189.63999938964844,189.64,2026-09-16,False,188.17999267578125,191.99989318847656,-1.94,-15.86,BAJO,116048699392.0,15.16,12.92,3.64,24.41,10.9,16.96,10.66,10.42,9.13,0.25,1.34,5.0,YAHOO,-0.2708,-0.5198,-0.1048,0.056942,0.5387,-0.5287,80.73,2026-10-01,15,,,yahoo,1.0,0.0,1.0,1.0,0.0,1.0,1.0,0.0,0.0,7.8726,0.8241,32.0889,15.9499,58.8319,46.8909,195.0,195.0,282.7143,-2.7487,-2.7487,-32.9217
NFLX,76.41000366210938,76.41,2026-09-16,False,76.30999755859375,77.80000305175781,-1.91,-33.94,BAJO,318166630400.0,24.03,20.0,10.55,49.54,16.08,33.38,28.22,7.98,22.54,0.55,1.14,7.0,YAHOO,-0.2708,-0.5198,-0.1048,0.056942,0.5387,-0.5287,80.73,2026-10-20,34,,,yahoo,1.0,1.0,1.0,0.0,1.0,0.0,1.0,1.0,1.0,0.4998,-5.4449,10.8194,-2.9344,50.3657,37.2765,82.73,82.73,124.135,-7.6393,-7.6393,-38.446
NIO,3.5799999237060547,3.58,2026-09-16,False,3.559999942779541,3.6449999809265137,-0.56,-46.59,BAJO,8970288128.0,,28.2,14.75,-45.32,-2.02,-1.08,-4.17,,1.5,2.03,1.02,6.0,YAHOO,-0.2708,-0.5198,-0.1048,0.056942,0.5387,-0.5287,80.73,2026-11-24,69,2026-09-01,15.0,yahoo,0.0,1.0,1.0,1.0,1.0,0.0,0.0,1.0,1.0,-3.2432,-11.8227,-26.6393,-28.5429,33.8991,36.7238,4.63,5.09,7.89,-22.6782,-29.666,-54.6261
BABA,107.2699966430664,107.27,2026-09-16,False,106.63999938964844,108.61000061035156,-1.89,-30.85,BAJO,266632822784.0,24.21,11.55,1.6,6.36,1.56,7.29,7.04,-31.0,2.02,0.24,1.36,3.0,YAHOO,-0.2708,-0.5198,-0.1048,0.056942,0.5387,-0.5287,80.73,2026-11-24,69,2026-08-20,27.0,yahoo,1.0,0.0,1.0,0.0,0.0,0.0,1.0,0.0,0.0,-1.947,-4.9446,-6.6974,-3.3342,17.6722,44.2917,130.53,132.32,187.6169,-17.8197,-18.9314,-42.825
PDD,78.76000213623047,78.76,2026-09-16,False,77.4000015258789,79.02999877929688,0.87,-36.56,BAJO,112106708992.0,8.49,6.35,1.66,22.75,10.01,24.71,20.43,66.58,-3.45,0.01,2.62,4.0,YAHOO,-0.2708,-0.5198,-0.1048,0.056942,0.5387,-0.5287,80.73,2026-11-18,63,2026-08-24,23.0,yahoo,1.0,0.0,1.0,1.0,0.0,1.0,0.0,0.0,0.0,0.1908,-5.3024,-6.3941,-3.4686,24.4998,33.8107,90.2,93.0,138.13,-12.6829,-15.3118,-42.9813
SAP,213.1999969482422,213.2,2026-09-16,False,212.97999572753906,215.9759063720703,-1.15,-12.06,BAJO,246076358656.0,27.55,22.02,67.1,18.32,9.54,27.62,20.41,3.69,298.03,0.22,1.15,7.0,YAHOO,-0.2708,-0.5198,-0.1048,0.056942,0.5387,-0.5287,80.73,2026-10-21,35,,,yahoo,1.0,1.0,1.0,1.0,1.0,1.0,0.0,0.0,1.0,1.9413,0.5471,34.0543,28.8918,52.5256,43.2744,221.54,221.54,275.6678,-3.7646,-3.7646,-22.6605
SE,103.5,103.5,2026-09-16,False,102.45999908447266,105.3499984741211,0.83,-42.85,BAJO,63392149504.0,39.96,19.94,5.1,14.73,4.97,8.35,5.91,0.1,22.74,0.32,1.49,8.0,YAHOO,-0.2708,-0.5198,-0.1048,0.056942,0.5387,-0.5287,80.73,2026-11-10,55,,,yahoo,1.0,1.0,1.0,1.0,1.0,1.0,0.0,1.0,1.0,-4.7926,-8.1225,-0.5286,19.2259,54.2254,52.4373,123.18,131.51,192.96,-15.9766,-21.2988,-46.3619
IBM,237.49000549316406,237.49,2026-09-16,False,235.41000366210938,243.33990478515625,-4.38,-2.97,BAJO,223747506176.0,21.11,18.04,6.49,34.46,5.3,16.55,15.52,5.39,17.68,1.89,0.79,6.0,YAHOO,-0.2708,-0.5198,-0.1048,0.056942,0.5387,-0.5287,80.73,2026-10-21,35,,,yahoo,1.0,1.0,1.0,1.0,1.0,0.0,0.0,1.0,0.0,-1.0211,2.6318,12.4717,-11.6747,57.9259,63.1922,249.09,303.9496,326.8851,-4.6569,-21.8653,-27.3476
ZM,91.94000244140625,91.94,2026-09-16,False,91.58000183105469,93.30000305175781,-1.21,10.32,BAJO,26826594304.0,8.54,14.51,2.71,32.14,6.11,24.61,65.19,7.36,14.97,0.01,3.83,7.0,YAHOO,-0.2708,-0.5198,-0.1048,0.056942,0.5387,-0.5287,80.73,2026-11-24,69,2026-08-25,22.0,yahoo,1.0,1.0,1.0,1.0,1.0,0.0,1.0,1.0,0.0,-4.4084,-3.1191,0.8888,-0.1412,17.9666,43.0699,107.47,109.84,111.88,-14.4505,-16.2964,-17.8227
CSCO,107.73999786376953,107.74,2026-09-16,False,107.55000305175781,110.98999786376953,-2.12,66.72,BAJO,424774303744.0,32.26,19.23,8.45,27.32,7.98,27.72,20.95,2.63,24.1,0.62,0.93,7.0,YAHOO,-0.2708,-0.5198,-0.1048,0.056942,0.5387,-0.5287,80.73,2026-11-12,57,,,yahoo,1.0,1.0,1.0,1.0,1.0,0.0,1.0,0.0,1.0,-1.5444,-1.8225,-3.752,-9.5567,47.5369,35.2003,112.36,123.88,129.5155,-4.1118,-13.0287,-16.813
DOCU,70.4000015258789,70.4,2026-09-16,False,70.13999938964844,71.81999969482422,-2.02,-11.43,BAJO,13157933056.0,42.93,13.53,7.71,17.8,6.35,13.43,9.82,9.98,29.06,0.11,0.64,6.0,YAHOO,-0.2708,-0.5198,-0.1048,0.056942,0.5387,-0.5287,80.73,2026-12-03,78,2026-09-03,13.0,yahoo,1.0,0.0,1.0,1.0,0.0,0.0,1.0,1.0,1.0,9.232,8.9109,33.485,58.4515,57.9711,55.0677,71.85,71.85,85.01,-2.0181,-2.0181,-17.1862
ARM,243.97999572753906,243.98,2026-09-16,False,240.4499969482422,252.7949981689453,0.89,60.99,BAJO,260570284032.0,246.44,80.01,30.19,13.35,5.42,7.6,20.25,0.51,239.61,0.06,5.25,6.0,YAHOO,-0.2708,-0.5198,-0.1048,0.056942,0.5387,-0.5287,80.73,2026-11-04,49,,,yahoo,1.0,0.0,1.0,1.0,0.0,1.0,0.0,1.0,1.0,-7.6638,3.9009,-8.6867,-38.4417,96.7115,76.5626,264.79,366.39,439.46,-7.8591,-33.4098,-44.4819
GRMN,276.92999267578125,276.93,2026-09-16,False,274.239990234375,280.8999938964844,-0.73,21.35,BAJO,53406654464.0,28.82,25.16,5.92,21.89,12.17,30.44,24.47,1.95,22.05,0.03,3.03,6.0,YAHOO,-0.2708,-0.5198,-0.1048,0.056942,0.5387,-0.5287,80.73,2026-10-28,42,,,yahoo,1.0,1.0,1.0,0.0,0.0,1.0,0.0,1.0,1.0,2.1392,1.0293,11.397,18.319,39.1853,42.6012,294.5295,311.952,311.952,-5.9755,-11.2267,-11.2267
MSI,460.5299987792969,460.53,2026-09-16,False,460.1499938964844,469.8500061035156,-1.84,-0.14,BAJO,76214853632.0,36.35,23.8,28.52,91.57,11.25,27.35,17.44,2.6,22.66,3.58,1.1,6.0,YAHOO,-0.2708,-0.5198,-0.1048,0.056942,0.5387,-0.5287,80.73,2026-11-05,50,,,yahoo,1.0,1.0,1.0,1.0,0.0,0.0,1.0,1.0,0.0,0.1392,-6.2515,11.4248,14.0716,25.1379,27.5255,491.24,491.24,491.24,-6.2515,-6.2515,-6.2515
SNAP,5.71999979019165,5.72,2026-09-16,False,5.670000076293945,5.880000114440918,-1.89,-23.69,BAJO,9673650176.0,,7.38,4.99,-15.58,-2.72,-2.64,-4.9,7.38,-76.84,2.19,2.94,6.0,YAHOO,-0.2708,-0.5198,-0.1048,0.056942,0.5387,-0.5287,80.73,2026-11-04,49,,,yahoo,0.0,1.0,1.0,1.0,1.0,0.0,0.0,1.0,1.0,7.7213,6.9159,26.2693,10.8527,37.3211,59.8979,5.92,5.92,9.09,-3.3784,-3.3784,-37.0737
PINS,18.649999618530273,18.65,2026-09-16,False,18.479999542236328,18.96500015258789,-0.59,-46.14,BAJO,10561737728.0,54.85,7.77,3.64,6.46,3.51,-3.46,5.46,11.33,33.31,0.41,3.81,6.0,YAHOO,-0.2708,-0.5198,-0.1048,0.056942,0.5387,-0.5287,80.73,2026-11-09,54,,,yahoo,1.0,0.0,1.0,1.0,0.0,0.0,1.0,1.0,1.0,2.0241,-12.2353,-19.6121,-11.862,54.9456,50.1051,23.66,25.58,36.49,-21.175,-27.0915,-48.8901
PATH,13.630000114440918,13.63,2026-09-16,False,13.510000228881836,14.079999923706055,-4.22,20.21,BAJO,7103348736.0,21.3,14.8,3.64,20.03,3.66,8.92,21.03,6.68,31.95,0.04,2.39,8.0,YAHOO,-0.2708,-0.5198,-0.1048,0.056942,0.5387,-0.5287,80.73,2026-12-02,77,2026-09-03,13.0,yahoo,1.0,1.0,1.0,1.0,1.0,0.0,1.0,1.0,1.0,0.4422,-24.8622,12.1811,29.5627,76.9234,71.977,18.67,18.67,19.29,-26.9952,-26.9952,-29.3416
VZ,49.7599983215332,49.76,2026-09-16,False,49.32500076293945,51.560001373291016,-3.28,23.94,BAJO,206741618688.0,12.96,9.42,1.99,15.84,5.05,23.0,11.64,8.45,7.96,1.84,0.6,4.0,YAHOO,-0.2708,-0.5198,-0.1048,0.056942,0.5387,-0.5287,80.73,2026-10-20,34,,,yahoo,1.0,0.0,1.0,1.0,0.0,1.0,0.0,0.0,0.0,0.0402,-1.0736,14.1546,8.2993,34.661,26.7023,51.45,51.45,51.45,-3.2847,-3.2847,-3.2847
T,25.860000610351562,25.86,2026-09-16,False,25.649999618530273,26.834999084472656,-3.22,-5.26,BAJO,177202708480.0,8.53,10.09,1.61,18.34,4.16,24.79,16.94,5.72,7.77,1.29,0.97,6.0,YAHOO,-0.2708,-0.5198,-0.1048,0.056942,0.5387,-0.5287,80.73,2026-10-21,35,,,yahoo,1.0,1.0,1.0,1.0,0.0,1.0,1.0,0.0,0.0,2.8231,-0.5385,18.5695,13.1531,38.3762,28.9691,26.72,26.72,28.4181,-3.2186,-3.2186,-9.0016
AMX,22.979999542236328,22.98,2026-09-16,False,22.875,23.25,-0.95,16.35,BAJO,68736860160.0,13.13,11.02,3.15,21.58,6.36,21.49,9.37,222.94,2.36,1.58,0.71,9.0,YAHOO,-0.2708,-0.5198,-0.1048,0.056942,0.5387,-0.5287,80.73,2026-10-13,27,,,yahoo,1.0,1.0,1.0,1.0,1.0,1.0,1.0,1.0,1.0,-0.5195,0.0,-12.5238,-13.1622,14.5139,18.1222,23.8,26.4335,27.4216,-3.4454,-13.0648,-16.1976
TCOM,40.43000030517578,40.43,2026-09-16,False,39.439998626708984,41.079898834228516,3.01,-44.8,BAJO,25458982912.0,5.99,9.79,1.07,15.65,2.59,-9.33,36.91,,-2.22,0.17,1.33,7.0,YAHOO,-0.2708,-0.5198,-0.1048,0.056942,0.5387,-0.5287,80.73,2026-11-16,61,2026-09-15,1.0,finnhub,1.0,1.0,1.0,0.0,1.0,1.0,1.0,0.0,1.0,3.1641,-7.7783,-4.7585,-12.546,20.5886,38.7042,46.51,47.3,78.96,-13.0725,-14.5243,-48.7969
TRIP,8.9399995803833,8.94,2026-09-16,False,8.789999961853027,9.029999732971191,-0.78,-48.09,BAJO,1040268800.0,,8.32,1.57,-0.23,1.92,9.44,0.27,-9.76,9.99,1.35,1.56,7.0,YAHOO,-0.2708,-0.5198,-0.1048,0.056942,0.5387,-0.5287,80.73,2026-11-05,50,,,yahoo,1.0,1.0,1.0,1.0,1.0,0.0,1.0,0.0,1.0,1.3605,-5.4968,-38.6831,-30.2108,37.6649,68.2445,10.4,14.93,19.14,-14.0385,-40.1206,-53.2915
ABNB,167.50999450683594,167.51,2026-09-16,False,166.60000610351562,170.52999877929688,-0.48,40.1,BAJO,100302585856.0,38.24,27.08,12.67,34.54,6.14,21.01,20.45,3.2,32.48,0.32,1.41,5.0,YAHOO,-0.2708,-0.5198,-0.1048,0.056942,0.5387,-0.5287,80.73,2026-11-05,50,,,yahoo,1.0,0.0,1.0,1.0,0.0,0.0,1.0,0.0,1.0,-1.2498,-8.2363,14.7486,18.6331,19.3629,48.2669,190.5,190.5,190.5,-12.0682,-12.0682,-12.0682
ORCL,143.16000366210938,143.16,2026-09-16,False,139.0,146.5,2.0,-50.37,BAJO,432878059520.0,21.99,13.02,10.98,41.19,6.36,35.63,26.36,-10.59,16.32,2.52,1.17,5.0,YAHOO,-0.2708,-0.5198,-0.1048,0.056942,0.5387,-0.5287,80.73,2026-12-10,85,2026-09-10,6.0,yahoo,1.0,0.0,1.0,1.0,1.0,1.0,0.0,0.0,0.0,-11.4273,1.302,13.2505,-23.72,40.3268,55.3153,162.52,164.5874,324.452,-11.9124,-13.0189,-55.8764
TMUS,176.25999450683594,176.26,2026-09-16,False,173.1699981689453,180.9250030517578,-2.33,-21.85,BAJO,189069099008.0,18.44,12.21,3.37,17.99,5.97,25.22,11.46,6.0,9.05,2.14,0.92,6.0,YAHOO,-0.2708,-0.5198,-0.1048,0.056942,0.5387,-0.5287,80.73,2026-10-22,36,,,yahoo,1.0,0.0,1.0,1.0,0.0,1.0,1.0,0.0,1.0,-0.609,-3.2389,-7.8744,-3.8418,36.4017,40.5983,188.02,194.5173,234.5354,-6.2547,-9.386,-24.8472
ANET,197.5399932861328,197.54,2026-09-16,False,195.0800018310547,200.25,2.44,41.37,BAJO,249142312960.0,62.51,38.28,16.84,31.48,14.12,45.39,38.37,1.56,50.82,,2.96,4.0,YAHOO,-0.2708,-0.5198,-0.1048,0.056942,0.5387,-0.5287,80.73,2026-11-03,48,,,yahoo,1.0,0.0,1.0,1.0,0.0,0.0,1.0,0.0,0.0,2.3895,4.3749,17.1579,17.5763,78.6244,57.0721,202.25,210.5,210.5,-2.3288,-6.1568,-6.1568
LRCX,269.2300109863281,269.23,2026-09-16,False,265.7799987792969,277.7799987792969,-0.61,127.13,BAJO,336893149184.0,46.66,23.11,27.01,65.07,22.84,37.39,31.27,0.92,38.82,0.33,2.63,8.0,YAHOO,-0.2708,-0.5198,-0.1048,0.056942,0.5387,-0.5287,80.73,2026-10-21,35,,,yahoo,1.0,1.0,1.0,0.0,1.0,1.0,1.0,1.0,1.0,-14.7575,-7.2261,-14.0664,-27.0538,62.2397,79.0536,320.42,433.33,433.33,-15.9759,-37.8695,-37.8695
ADI,362.0400085449219,362.04,2026-09-16,False,358.6619873046875,367.489990234375,0.19,52.58,BAJO,175432089600.0,43.0,22.15,5.23,12.23,6.41,39.5,29.79,2.36,26.28,0.27,1.25,8.0,YAHOO,-0.2708,-0.5198,-0.1048,0.056942,0.5387,-0.5287,80.73,2026-11-24,69,2026-08-19,28.0,yahoo,1.0,1.0,1.0,1.0,0.0,1.0,1.0,1.0,1.0,-0.83,2.1212,-3.2547,-12.706,61.8407,35.4469,378.78,416.6605,444.1269,-4.4194,-13.1091,-18.4827
SNDK,1519.969970703125,1519.97,2026-09-16,False,1504.199951171875,1560.5799560546875,-0.71,1562.67,BAJO,222552489984.0,20.6,5.74,14.39,91.64,43.91,78.47,56.46,3.47,17.4,0.01,2.29,7.0,YAHOO,-0.2708,-0.5198,-0.1048,0.056942,0.5387,-0.5287,80.73,2026-11-06,51,,,yahoo,1.0,1.0,1.0,1.0,0.0,0.0,1.0,1.0,1.0,-13.8422,-1.0996,12.1898,-23.679,31.1775,132.117,1764.17,2335.0,2335.0,-13.8422,-34.9049,-34.9049
NOW,139.82000732421875,139.82,2026-09-16,False,138.3300018310547,141.64999389648438,-1.47,-22.58,BAJO,144554590208.0,87.39,27.93,11.55,14.24,4.25,4.06,11.34,3.56,51.21,0.68,0.7,4.0,YAHOO,-0.2708,-0.5198,-0.1048,0.056942,0.5387,-0.5287,80.73,2026-10-28,42,,,yahoo,1.0,0.0,1.0,1.0,1.0,0.0,0.0,0.0,0.0,6.6433,-2.1553,35.432,37.9848,62.9149,62.2079,147.99,147.99,192.23,-5.5206,-5.5206,-27.2642
NBIS,209.3699951171875,209.37,2026-09-16,False,208.47999572753906,220.39999389648438,0.96,136.53,BAJO,56918327296.0,,-66.65,5.55,0.6,-1.92,-0.22,3.13,-16.89,230.78,0.99,4.03,6.0,YAHOO,-0.2708,-0.5198,-0.1048,0.056942,0.5387,-0.5287,80.73,2026-11-10,55,,,yahoo,1.0,1.0,1.0,1.0,0.0,0.0,0.0,1.0,1.0,-12.8895,4.9263,17.8155,-21.0223,42.2995,142.3259,243.88,277.68,286.69,-14.1504,-24.6003,-26.9699
OXY,59.36000061035156,59.36,2026-09-16,False,59.30500030517578,62.400001525878906,-6.55,29.17,BAJO,59338473472.0,17.51,14.71,1.77,10.63,4.68,45.44,30.32,6.38,6.04,0.35,1.41,4.0,YAHOO,-0.2708,-0.5198,-0.1048,0.056942,0.5387,-0.5287,80.73,2026-11-09,54,,,yahoo,1.0,0.0,1.0,1.0,1.0,0.0,0.0,0.0,0.0,-2.7204,-2.1618,8.6992,11.1093,64.4717,35.0748,63.52,63.52,65.6343,-6.5491,-6.5491,-9.5594
XOM,163.32000732421875,163.32,2026-09-16,False,162.55999755859375,167.4949951171875,-3.54,48.95,BAJO,671557484544.0,21.02,15.14,2.59,12.58,5.52,15.86,9.07,3.08,10.45,0.16,1.14,5.0,YAHOO,-0.2708,-0.5198,-0.1048,0.056942,0.5387,-0.5287,80.73,2026-10-30,44,,,yahoo,1.0,0.0,1.0,1.0,1.0,0.0,1.0,0.0,0.0,-0.5541,-0.7475,11.5483,15.8731,40.351,25.8523,169.32,169.32,169.32,-3.5436,-3.5436,-3.5436
CVX,211.5399932861328,211.54,2026-09-16,False,210.36500549316406,215.27499389648438,-2.86,40.23,BAJO,414957568000.0,20.36,15.6,2.19,12.23,5.86,21.87,9.83,5.29,8.87,0.19,1.25,5.0,YAHOO,-0.2708,-0.5198,-0.1048,0.056942,0.5387,-0.5287,80.73,2026-10-30,44,,,yahoo,1.0,0.0,1.0,1.0,0.0,1.0,0.0,1.0,0.0,-1.0617,0.2322,13.8788,18.4755,36.9377,25.0169,217.77,217.77,217.77,-2.8608,-2.8608,-2.8608
PSX,264.6300048828125,264.63,2026-09-16,False,259.3550109863281,267.2900085449219,-0.11,107.21,BAJO,106099433472.0,14.64,10.77,3.35,23.45,6.04,8.53,4.66,4.28,12.43,0.63,1.32,7.0,YAHOO,-0.2708,-0.5198,-0.1048,0.056942,0.5387,-0.5287,80.73,2026-10-28,42,,,yahoo,1.0,1.0,1.0,1.0,0.0,1.0,1.0,1.0,0.0,1.4763,5.0036,28.6061,54.6712,27.4303,29.9339,264.93,264.93,264.93,-0.1132,-0.1132,-0.1132
YPF,54.650001525878906,54.65,2026-09-16,False,54.275001525878906,56.93000030517578,-5.14,99.63,BAJO,21426903040.0,28.92,9.96,2.04,7.26,8.34,27.51,4.0,5806.34,1.33,0.85,0.93,4.0,YAHOO,-0.2708,-0.5198,-0.1048,0.056942,0.5387,-0.5287,80.73,2026-10-29,43,,,yahoo,0.0,0.0,1.0,1.0,0.0,1.0,1.0,0.0,0.0,0.0732,4.1746,10.004,6.655,52.6146,36.4683,57.61,57.61,57.61,-5.138,-5.138,-5.138
VIST,74.26000213623047,74.26,2026-09-16,False,73.46080017089844,77.38999938964844,-5.23,105.03,BAJO,8214449152.0,9.77,7.48,2.48,29.79,10.0,44.24,23.56,1.5,5.41,1.07,0.69,3.0,YAHOO,-0.2708,-0.5198,-0.1048,0.056942,0.5387,-0.5287,80.73,2026-10-28,42,,,yahoo,1.0,0.0,1.0,1.0,0.0,0.0,0.0,0.0,0.0,-0.4157,-0.6023,15.995,7.2192,55.5754,45.2241,78.95,78.95,79.25,-5.9405,-5.9405,-6.2965
VST,140.38999938964844,140.39,2026-09-16,False,139.6199951171875,143.6999053955078,-0.81,-30.2,BAJO,47119826944.0,23.67,13.54,15.69,42.96,5.89,13.77,11.55,0.08,10.54,3.73,0.97,5.0,YAHOO,-0.2708,-0.5198,-0.1048,0.056942,0.5387,-0.5287,80.73,2026-11-05,50,,,yahoo,1.0,0.0,1.0,1.0,1.0,0.0,1.0,0.0,0.0,-7.088,1.6729,-9.6822,-11.3633,44.2735,41.7666,151.72,168.98,217.0162,-7.4677,-16.9192,-35.309
BP,45.380001068115234,45.38,2026-09-16,False,45.23500061035156,46.779998779296875,-3.36,41.0,BAJO,116871864320.0,22.47,9.32,8.04,8.87,5.04,13.15,2.55,11.02,13.76,0.95,1.27,7.0,YAHOO,-0.2708,-0.5198,-0.1048,0.056942,0.5387,-0.5287,80.73,2026-10-30,44,,,yahoo,1.0,0.0,1.0,1.0,0.0,1.0,1.0,1.0,1.0,-0.6567,2.0463,9.6366,11.6348,36.6186,32.0572,46.96,46.96,46.96,-3.3646,-3.3646,-3.3646
E,55.29999923706055,55.3,2026-09-16,False,55.25,56.47999954223633,-2.4,61.56,BAJO,79492169728.0,12.71,8.96,1.52,10.9,3.07,10.66,5.87,-11.3,8.27,0.65,1.48,6.0,YAHOO,-0.2708,-0.5198,-0.1048,0.056942,0.5387,-0.5287,80.73,2026-10-23,37,,,yahoo,1.0,1.0,1.0,1.0,0.0,1.0,1.0,0.0,0.0,-1.3557,-0.4142,11.1111,8.6657,31.439,32.6578,57.35,57.35,57.35,-3.5745,-3.5745,-3.5745
SHEL,95.69999694824219,95.7,2026-09-16,False,95.3499984741211,97.93000030517578,-3.28,39.64,BAJO,273530175488.0,10.59,9.26,1.47,14.34,6.4,16.69,8.76,7.84,5.37,0.4,1.44,5.0,YAHOO,-0.2708,-0.5198,-0.1048,0.056942,0.5387,-0.5287,80.73,2026-10-29,43,,,yahoo,1.0,1.0,1.0,1.0,0.0,0.0,1.0,0.0,0.0,0.1046,2.342,10.5574,17.3723,39.2288,23.3462,98.95,98.95,98.95,-3.2845,-3.2845,-3.2845
HAL,34.5099983215332,34.51,2026-09-16,False,34.1150016784668,35.560001373291016,-3.25,59.45,BAJO,28751327232.0,18.65,11.89,2.61,14.92,7.26,12.79,7.16,7.14,8.44,0.74,2.02,4.0,YAHOO,-0.2708,-0.5198,-0.1048,0.056942,0.5387,-0.5287,80.73,2026-10-20,34,,,yahoo,1.0,0.0,1.0,1.0,0.0,0.0,1.0,0.0,0.0,-7.0563,-5.7876,-1.5612,-6.8006,35.7711,34.066,37.63,37.63,42.6002,-8.2913,-8.2913,-18.991
SLB,52.29999923706055,52.3,2026-09-16,False,51.560001373291016,54.290000915527344,-3.51,54.45,BAJO,77620690944.0,25.51,16.17,2.98,12.91,6.17,12.71,8.53,3.81,12.23,0.47,1.44,4.0,YAHOO,-0.2708,-0.5198,-0.1048,0.056942,0.5387,-0.5287,80.73,2026-10-23,37,,,yahoo,1.0,0.0,1.0,1.0,1.0,0.0,0.0,0.0,0.0,-8.326,-8.0116,11.8778,-0.9396,48.3607,40.4,59.7898,59.7898,59.7898,-12.5268,-12.5268,-12.5268
COP,132.5399932861328,132.54,2026-09-16,False,132.3800048828125,139.19000244140625,-6.15,47.02,BAJO,159225266176.0,17.53,13.78,2.44,14.18,7.53,31.51,14.4,4.83,6.92,0.36,1.54,7.0,YAHOO,-0.2708,-0.5198,-0.1048,0.056942,0.5387,-0.5287,80.73,2026-11-05,50,,,yahoo,1.0,0.0,1.0,1.0,1.0,1.0,1.0,0.0,1.0,-2.9224,-2.6801,16.3142,19.8348,62.6842,31.3892,141.22,141.22,141.22,-6.1464,-6.1464,-6.1464
GPRK,11.279999732971191,11.28,2026-09-16,False,11.210000038146973,11.59000015258789,-4.33,75.53,BAJO,732024064.0,7.94,6.34,1.67,28.57,7.81,27.52,16.0,12.6,3.54,1.81,1.17,3.0,YAHOO,-0.2708,-0.5198,-0.1048,0.056942,0.5387,-0.5287,80.73,2026-11-04,49,,,yahoo,1.0,0.0,1.0,0.0,0.0,1.0,0.0,0.0,0.0,-5.2897,0.4452,16.8157,8.8331,54.2918,44.5201,11.97,11.97,11.97,-5.7644,-5.7644,-5.7644
CEG,259.5299987792969,259.53,2026-09-16,False,254.7100067138672,263.260009765625,-0.14,-16.77,BAJO,91953397760.0,25.34,19.56,2.88,15.06,3.89,8.66,11.08,-7.2,14.62,0.76,1.46,6.0,YAHOO,-0.2708,-0.5198,-0.1048,0.056942,0.5387,-0.5287,80.73,2026-11-09,54,,,yahoo,1.0,0.0,1.0,1.0,1.0,0.0,1.0,0.0,1.0,-11.696,-7.4132,2.987,-3.0116,51.3297,38.0485,299.05,299.05,401.7044,-13.2152,-13.2152,-35.3928
FSLR,191.07000732421875,191.07,2026-09-16,False,189.39999389648438,205.7299041748047,-5.57,-4.5,BAJO,20534253568.0,11.77,8.22,1.99,18.51,8.62,42.64,32.46,7.79,8.47,0.02,2.52,7.0,YAHOO,-0.2708,-0.5198,-0.1048,0.056942,0.5387,-0.5287,80.73,2026-10-29,43,,,yahoo,1.0,1.0,1.0,1.0,1.0,1.0,0.0,0.0,1.0,-5.9232,-4.2975,-9.8684,-27.7236,43.2896,45.8125,222.4,250.05,318.25,-14.0872,-23.5873,-39.9623
CCJ,90.9000015258789,90.9,2026-09-16,False,89.75,92.92990112304688,-0.34,15.93,BAJO,39589949440.0,156.72,48.34,7.71,5.11,2.98,9.11,10.21,0.13,49.72,0.17,3.06,8.0,YAHOO,-0.2708,-0.5198,-0.1048,0.056942,0.5387,-0.5287,80.73,2026-10-30,44,,,yahoo,1.0,1.0,1.0,1.0,1.0,1.0,0.0,1.0,1.0,-9.4712,-5.5683,6.1668,-15.7397,23.1106,42.111,107.36,108.89,134.09,-15.3316,-16.5213,-32.2097
PBR,20.90999984741211,20.91,2026-09-16,False,20.809999465942383,21.420000076293945,-3.95,71.0,BAJO,134751698944.0,5.28,5.24,1.44,30.27,10.07,44.68,24.32,69.94,1.84,0.76,0.85,7.0,YAHOO,-0.2708,-0.5198,-0.1048,0.056942,0.5387,-0.5287,80.73,2026-11-10,55,,,yahoo,1.0,1.0,1.0,1.0,1.0,1.0,1.0,0.0,0.0,-0.0956,2.8529,19.7735,26.2363,44.7728,33.9272,21.77,21.77,21.77,-3.9504,-3.9504,-3.9504
NEE,80.37000274658203,80.37,2026-09-16,False,79.95999908447266,81.97440338134766,-0.86,20.81,BAJO,167650082816.0,18.06,18.29,2.93,11.68,2.44,31.52,32.4,-10.6,19.6,1.62,0.53,5.0,YAHOO,-0.2708,-0.5198,-0.1048,0.056942,0.5387,-0.5287,80.73,2026-10-27,41,,,yahoo,1.0,0.0,1.0,1.0,0.0,1.0,0.0,1.0,0.0,-2.7586,-3.0869,-8.8126,-6.0949,5.1776,14.223,85.2688,89.1198,96.443,-5.7451,-9.818,-16.6658
PAAS,47.560001373291016,47.56,2026-09-16,False,46.74359893798828,49.279998779296875,-1.78,34.99,BAJO,19719231488.0,14.07,10.1,2.7,22.41,11.77,37.81,32.03,6.68,9.1,0.11,2.94,7.0,YAHOO,-0.2708,-0.5198,-0.1048,0.056942,0.5387,-0.5287,80.73,2026-11-16,61,,,yahoo,1.0,1.0,1.0,1.0,1.0,1.0,0.0,1.0,0.0,-10.0945,-4.88,14.2578,-8.0788,21.443,50.4472,54.89,54.89,68.0597,-13.354,-13.354,-30.1202
HMY,19.219999313354492,19.22,2026-09-16,False,18.889999389648438,19.81999969482422,-1.64,33.1,BAJO,12012065792.0,6.72,5.87,2.59,48.05,25.06,47.17,29.57,82.0,0.29,0.13,0.84,,YAHOO,-0.2708,-0.5198,-0.1048,0.056942,0.5387,-0.5287,80.73,,999,2026-08-27,20.0,yahoo,,,,,,,,,,-7.5962,-0.052,31.1945,8.099,46.8582,59.7535,23.54,23.54,25.5485,-18.3517,-18.3517,-24.7705
B,42.54999923706055,42.55,2026-09-16,False,41.959999084472656,43.459999084472656,-0.35,53.03,BAJO,70032384000.0,10.99,9.7,2.56,27.01,13.44,51.34,31.6,7.27,6.07,0.13,3.01,9.0,YAHOO,-0.2708,-0.5198,-0.1048,0.056942,0.5387,-0.5287,80.73,2026-11-09,54,,,yahoo,1.0,1.0,1.0,1.0,1.0,1.0,1.0,1.0,1.0,-4.575,-1.2761,22.2838,-0.1315,25.7643,44.7286,48.6827,48.6827,52.117,-12.5972,-12.5972,-18.3567
VALE,14.130000114440918,14.13,2026-09-16,False,13.989999771118164,14.5,-2.35,42.67,BAJO,60133928960.0,28.26,7.21,1.62,4.11,7.92,21.95,4.75,22.13,1.9,0.55,1.19,4.0,YAHOO,-0.2708,-0.5198,-0.1048,0.056942,0.5387,-0.5287,80.73,2026-10-29,43,,,yahoo,1.0,0.0,1.0,1.0,0.0,1.0,0.0,0.0,0.0,-8.4845,-6.5476,2.4182,-9.0542,26.3612,30.568,15.73,15.73,17.3257,-10.1716,-10.1716,-18.4448
LAC,2.7799999713897705,2.78,2026-09-16,False,2.7200000286102295,2.869999885559082,-1.07,-11.25,BAJO,1009259392.0,,-19.75,0.71,-3.7,-1.66,0.0,0.0,-133.66,-29.08,0.6,5.47,1.0,YAHOO,-0.2708,-0.5198,-0.1048,0.056942,0.5387,-0.5287,80.73,2026-11-13,58,,,yahoo,0.0,0.0,0.0,1.0,0.0,0.0,0.0,0.0,0.0,-12.8527,-6.3973,-5.7627,-37.5281,22.2115,53.8374,3.25,4.15,10.05,-14.4615,-33.0121,-72.3383
RIO,95.79000091552734,95.79,2026-09-16,False,94.9655990600586,98.18499755859375,-1.51,61.03,BAJO,155788967936.0,12.98,11.07,2.38,19.31,8.11,28.05,19.58,2.31,7.76,0.32,1.42,4.0,YAHOO,-0.2708,-0.5198,-0.1048,0.056942,0.5387,-0.5287,80.73,,999,2026-07-28,50.0,yahoo,1.0,0.0,1.0,1.0,0.0,0.0,0.0,1.0,0.0,-7.6634,-5.9592,8.5895,-7.4206,20.1309,28.1948,106.81,106.81,109.6326,-10.3174,-10.3174,-12.6264
GFI,41.959999084472656,41.96,2026-09-16,False,41.34000015258789,43.630001068115234,-2.21,17.51,BAJO,37382017024.0,8.74,8.11,8.33,58.68,28.52,55.0,38.65,11.17,10.82,0.29,1.87,9.0,YAHOO,-0.2708,-0.5198,-0.1048,0.056942,0.5387,-0.5287,80.73,,999,2026-08-25,22.0,yahoo,1.0,1.0,1.0,1.0,1.0,1.0,1.0,1.0,1.0,-8.7549,-3.9127,34.1437,8.283,36.6547,52.4365,47.7852,47.7852,58.4424,-12.1904,-12.1904,-28.2028
GGB,4.989999771118164,4.99,2026-09-16,False,4.909999847412109,5.099999904632568,-1.38,65.09,BAJO,9789392896.0,22.68,8.53,0.94,4.18,5.03,12.75,3.22,27.05,1.97,0.28,2.87,5.0,YAHOO,-0.2708,-0.5198,-0.1048,0.056942,0.5387,-0.5287,80.73,2026-10-26,40,,,yahoo,1.0,0.0,1.0,1.0,0.0,0.0,1.0,0.0,1.0,-0.3992,6.3966,6.8306,9.1429,57.5828,36.2948,5.15,5.15,5.15,-3.1068,-3.1068,-3.1068
FCX,69.23999786376953,69.24,2026-09-16,False,67.80000305175781,70.29499816894531,-0.2,56.9,BAJO,99429851136.0,33.94,16.69,4.94,14.75,7.58,33.4,11.39,2.17,12.35,0.32,2.07,6.0,YAHOO,-0.2708,-0.5198,-0.1048,0.056942,0.5387,-0.5287,80.73,2026-10-22,36,,,yahoo,1.0,1.0,1.0,1.0,1.0,0.0,1.0,0.0,0.0,-9.1696,-4.457,18.6023,-1.0577,18.5197,47.8253,79.91,79.91,79.91,-13.3525,-13.3525,-13.3525
HL,17.989999771118164,17.99,2026-09-16,False,17.590499877929688,19.139999389648438,-3.69,61.06,BAJO,12085113856.0,21.67,16.91,4.51,22.17,15.3,44.27,19.15,2.83,11.99,0.01,5.2,8.0,YAHOO,-0.2708,-0.5198,-0.1048,0.056942,0.5387,-0.5287,80.73,2026-11-05,50,,,yahoo,1.0,1.0,1.0,1.0,1.0,1.0,0.0,1.0,1.0,-13.717,-5.8608,25.5648,7.6163,31.3237,64.9065,21.43,21.43,31.7903,-16.0523,-16.0523,-43.4105
NEM,121.76000213623047,121.76,2026-09-16,False,120.0000991821289,126.0,-1.96,57.94,BAJO,128297574400.0,15.34,11.94,3.66,25.91,15.75,51.57,33.36,6.87,7.48,0.16,2.55,9.0,YAHOO,-0.2708,-0.5198,-0.1048,0.056942,0.5387,-0.5287,80.73,2026-10-22,36,,,yahoo,1.0,1.0,1.0,1.0,1.0,1.0,1.0,1.0,1.0,-5.3997,-0.5028,36.0239,12.517,29.8903,44.4706,134.8593,134.8593,134.8593,-9.7133,-9.7133,-9.7133
GOLD,46.81999969482422,46.82,2026-09-16,False,46.455299377441406,48.415000915527344,-2.05,74.28,BAJO,1365025664.0,15.5,12.55,1.56,10.8,2.82,0.45,0.32,29.96,9.82,0.96,1.15,6.0,YAHOO,-0.2708,-0.5198,-0.1048,0.056942,0.5387,-0.5287,80.73,2026-11-05,50,2026-09-02,14.0,yahoo,1.0,1.0,1.0,1.0,1.0,0.0,0.0,0.0,1.0,-5.0882,8.4801,22.2135,7.0661,53.0636,54.9941,49.33,49.33,63.5992,-5.0882,-5.0882,-26.3827
MUX,18.18000030517578,18.18,2026-09-16,False,17.709999084472656,19.0,-2.1,37.08,BAJO,1086074880.0,14.78,4.47,1.54,13.54,-0.43,-5.92,32.46,-1.71,40.31,0.18,2.04,5.0,YAHOO,-0.2708,-0.5198,-0.1048,0.056942,0.5387,-0.5287,80.73,2026-11-04,49,,,yahoo,1.0,1.0,1.0,0.0,0.0,1.0,0.0,1.0,0.0,-10.2665,-5.0653,11.0568,-10.4433,34.8145,55.4635,21.66,21.66,29.05,-16.0665,-16.0665,-37.4182
NXE,9.380000114440918,9.38,2026-09-16,False,9.270000457763672,9.65999984741211,-0.85,17.08,BAJO,6289347584.0,,-58.21,4.7,-17.67,-3.39,0.0,0.0,-4.74,-55.23,0.34,1.46,2.0,YAHOO,-0.2708,-0.5198,-0.1048,0.056942,0.5387,-0.5287,80.73,2026-11-03,48,,,yahoo,0.0,0.0,0.0,1.0,0.0,1.0,0.0,0.0,0.0,-11.8421,-5.5388,6.5909,-11.6761,29.9427,49.0144,11.21,11.21,13.92,-16.3247,-16.3247,-32.6149
MP,48.9900016784668,48.99,2026-09-16,False,47.88999938964844,49.70000076293945,-0.37,-23.34,BAJO,8725196800.0,,56.06,4.46,-3.58,-1.52,-14.72,-14.56,-4.96,213.09,0.41,9.51,4.0,YAHOO,-0.2708,-0.5198,-0.1048,0.056942,0.5387,-0.5287,80.73,2026-11-05,50,,,yahoo,0.0,1.0,0.0,0.0,1.0,1.0,0.0,1.0,0.0,-9.779,-8.8389,8.2891,-14.128,23.1043,64.2143,60.17,60.17,98.65,-18.5807,-18.5807,-50.3396
JPM,348.9200134277344,348.92,2026-09-16,False,344.68499755859375,355.6000061035156,-1.01,17.42,BAJO,927494373376.0,15.1,13.96,2.62,17.79,1.36,50.39,34.92,,,,,3.0,YAHOO,-0.2708,-0.5198,-0.1048,0.056942,0.5387,-0.5287,80.73,2026-10-13,27,,,yahoo,1.0,0.0,0.0,0.0,1.0,0.0,1.0,0.0,0.0,-1.6323,-1.6988,2.2926,5.844,19.5772,18.1419,362.06,365.18,365.18,-3.6292,-4.4526,-4.4526
AXP,312.42999267578125,312.43,2026-09-16,False,309.5899963378906,322.32000732421875,-3.7,-1.04,BAJO,210987040768.0,18.96,15.5,6.15,34.38,3.79,20.32,16.14,,,1.72,1.55,4.0,YAHOO,-0.2708,-0.5198,-0.1048,0.056942,0.5387,-0.5287,80.73,2026-10-23,37,,,yahoo,1.0,0.0,1.0,1.0,0.0,0.0,1.0,0.0,0.0,-2.9117,-3.6275,-12.0782,-8.0574,36.1687,24.6949,339.9,361.57,381.7815,-8.0818,-13.5907,-18.1652
MA,567.75,567.75,2026-09-16,False,565.3200073242188,573.0399780273438,-0.96,-0.17,BAJO,497354637312.0,31.25,24.66,88.77,241.2,24.06,61.11,46.34,3.41,22.99,4.4,1.06,9.0,YAHOO,-0.2708,-0.5198,-0.1048,0.056942,0.5387,-0.5287,80.73,2026-10-29,43,,,yahoo,1.0,1.0,1.0,1.0,1.0,1.0,1.0,1.0,1.0,0.0441,-2.2974,4.4426,13.4386,13.6605,21.6259,599.86,599.86,599.86,-5.3529,-5.3529,-5.3529
V,370.92999267578125,370.93,2026-09-16,False,368.1199951171875,376.474609375,-1.25,12.37,BAJO,692543815680.0,31.54,24.72,19.66,61.19,19.11,66.13,50.78,2.95,22.54,0.68,0.98,6.0,YAHOO,-0.2708,-0.5198,-0.1048,0.056942,0.5387,-0.5287,80.73,2026-10-27,41,,,yahoo,1.0,0.0,1.0,1.0,1.0,0.0,1.0,0.0,1.0,0.9635,-0.4669,3.6421,11.5571,17.8224,20.3379,384.14,384.14,384.14,-3.4389,-3.4389,-3.4389
PYPL,52.709999084472656,52.71,2026-09-16,False,52.347198486328125,53.834999084472656,-2.04,-17.86,BAJO,45091340288.0,9.96,9.11,2.29,24.5,4.62,16.97,14.36,9.81,7.44,0.72,1.29,9.0,YAHOO,-0.2708,-0.5198,-0.1048,0.056942,0.5387,-0.5287,80.73,2026-10-27,41,,,yahoo,1.0,1.0,1.0,1.0,1.0,1.0,1.0,1.0,1.0,1.0351,0.8401,-6.5767,21.0543,20.4195,53.1466,62.1465,62.1465,75.2904,-15.1843,-15.1843,-29.991
PAGS,9.470000267028809,9.47,2026-09-16,False,9.197999954223633,9.484999656677246,-1.56,-7.3,BAJO,2610367744.0,6.44,5.02,0.89,14.54,6.36,36.2,10.86,-71.11,0.33,0.12,1.55,7.0,YAHOO,-0.2708,-0.5198,-0.1048,0.056942,0.5387,-0.5287,80.73,2026-11-11,56,,,yahoo,1.0,0.0,1.0,1.0,1.0,0.0,1.0,1.0,1.0,-1.4568,3.6105,4.7566,5.4566,19.7253,33.7785,10.13,10.13,11.7187,-6.5153,-6.5153,-19.1888
NU,13.8100004196167,13.81,2026-09-16,False,13.579999923706055,14.0,-2.68,-10.68,BAJO,66711814144.0,19.45,12.05,5.03,31.63,4.96,50.15,42.73,,,,,4.0,YAHOO,-0.2708,-0.5198,-0.1048,0.056942,0.5387,-0.5287,80.73,2026-11-12,57,,,yahoo,1.0,0.0,1.0,1.0,1.0,0.0,0.0,0.0,0.0,-7.9333,-4.4952,1.6188,8.5692,10.9133,41.0719,15.68,15.68,18.76,-11.926,-11.926,-26.3859
XP,19.760000228881836,19.76,2026-09-16,False,19.260000228881836,19.844999313354492,1.18,8.04,BAJO,10027073536.0,9.88,8.34,2.18,22.56,1.36,31.18,28.54,,,6.42,1.49,7.0,YAHOO,-0.2708,-0.5198,-0.1048,0.056942,0.5387,-0.5287,80.73,2026-11-16,61,2026-08-17,30.0,yahoo,1.0,1.0,1.0,1.0,1.0,0.0,1.0,1.0,0.0,3.7815,5.5556,18.5363,26.0204,16.6767,40.2647,20.0,20.0,22.6565,-1.2,-1.2,-12.7845
AIG,76.06999969482422,76.07,2026-09-16,False,75.1500015258789,76.5875015258789,0.12,3.84,BAJO,39776485376.0,13.88,8.66,0.98,7.22,1.76,19.41,11.09,18.52,4.72,0.22,0.61,5.0,YAHOO,-0.2708,-0.5198,-0.1048,0.056942,0.5387,-0.5287,80.73,2026-11-04,49,,,yahoo,1.0,1.0,1.0,1.0,0.0,0.0,1.0,0.0,0.0,1.3861,0.2504,-5.5031,1.1435,11.1597,20.5357,77.38,81.06,85.514,-1.6929,-6.1559,-11.0438
BRK-B,519.7999877929688,519.8,2026-09-16,False,515.2999877929688,523.739990234375,0.59,8.28,BAJO,1112740855808.0,13.06,23.42,0.0,12.12,6.01,32.56,22.3,6.47,-1.79,0.17,2.89,4.0,YAHOO,-0.2708,-0.5198,-0.1048,0.056942,0.5387,-0.5287,80.73,2026-11-07,52,,,yahoo,1.0,0.0,1.0,0.0,1.0,0.0,1.0,0.0,0.0,2.5813,3.4778,5.885,5.0207,3.5724,14.7143,519.8,529.42,529.42,0.0,-1.8171,-1.8171
BBD,3.5,3.5,2026-09-16,False,3.440000057220459,3.509999990463257,0.0,16.3,BAJO,36997492736.0,8.14,6.43,1.04,13.76,1.07,34.52,26.07,,,,,4.0,YAHOO,-0.2708,-0.5198,-0.1048,0.056942,0.5387,-0.5287,80.73,2026-11-04,49,,,yahoo,1.0,1.0,0.0,0.0,1.0,0.0,1.0,0.0,0.0,2.0408,5.5441,-0.9016,3.4885,16.1747,30.3714,3.6,3.7214,4.1061,-2.7778,-5.9495,-14.7619
AEG,9.020000457763672,9.02,2026-09-16,False,8.9399995803833,9.130000114440918,-0.44,26.45,BAJO,13349516288.0,12.03,9.64,1.3,11.07,0.1,5.82,8.62,-32.32,,0.43,1.16,6.0,YAHOO,-0.2708,-0.5198,-0.1048,0.056942,0.5387,-0.5287,80.73,,999,2026-08-20,27.0,yahoo,1.0,1.0,1.0,0.0,1.0,0.0,1.0,0.0,1.0,-0.4415,0.9416,2.8461,7.1265,3.8857,18.5743,9.2,9.2766,9.2766,-1.9565,-2.7656,-2.7656
SAN,14.399999618530273,14.4,2026-09-16,False,14.300000190734863,14.6899995803833,-1.71,48.04,BAJO,209007427584.0,13.98,10.06,1.63,13.11,0.78,43.44,33.46,,,,,4.0,YAHOO,-0.2708,-0.5198,-0.1048,0.056942,0.5387,-0.5287,80.73,2026-10-28,42,,,yahoo,1.0,1.0,0.0,0.0,1.0,0.0,1.0,0.0,0.0,-1.9074,0.1391,6.2731,7.6233,28.9083,28.6657,15.05,15.05,15.05,-4.3189,-4.3189,-4.3189
GGAL,42.27000045776367,42.27,2026-09-16,False,41.58000183105469,42.86000061035156,0.31,48.32,BAJO,7162797056.0,124.32,6.04,11.12,1.09,0.2,17.32,1.5,,,,,1.0,YAHOO,-0.2708,-0.5198,-0.1048,0.056942,0.5387,-0.5287,80.73,2026-11-24,69,2026-08-25,22.0,yahoo,1.0,0.0,0.0,0.0,0.0,0.0,0.0,0.0,0.0,-4.9899,-4.5608,-15.1768,-22.1883,18.0447,44.5465,45.01,53.6149,58.6267,-6.0875,-21.16,-27.8997
MELI,1839.7099609375,1839.71,2026-09-16,False,1794.719970703125,1853.5,0.59,-20.62,BAJO,93267410944.0,50.05,32.59,11.91,27.5,4.31,6.72,5.3,0.38,25.88,1.69,1.12,5.0,YAHOO,-0.2708,-0.5198,-0.1048,0.056942,0.5387,-0.5287,80.73,2026-11-04,49,,,yahoo,1.0,0.0,1.0,1.0,1.0,0.0,1.0,0.0,0.0,-1.9517,-6.3041,1.4223,9.8938,31.2717,36.2769,2006.58,2006.58,2510.97,-8.3161,-8.3161,-26.7331
WFC,87.05000305175781,87.05,2026-09-16,False,86.09500122070312,89.72000122070312,-2.98,11.7,BAJO,263239139328.0,12.65,11.02,1.64,12.57,1.08,37.39,27.23,,,,,3.0,YAHOO,-0.2708,-0.5198,-0.1048,0.056942,0.5387,-0.5287,80.73,2026-10-13,27,,,yahoo,1.0,0.0,0.0,0.0,1.0,0.0,1.0,0.0,0.0,-2.9218,0.0115,0.0454,2.9392,32.1998,23.7569,90.29,90.29,94.8289,-3.5884,-3.5884,-8.2031
BNY,153.47000122070312,153.47,2026-09-16,False,152.35499572753906,156.04989624023438,-0.78,50.55,BAJO,104130027520.0,17.91,14.97,2.61,14.12,1.26,40.05,29.41,,,,,6.0,YAHOO,-0.2708,-0.5198,-0.1048,0.056942,0.5387,-0.5287,80.73,2026-10-15,29,,,yahoo,1.0,1.0,1.0,1.0,1.0,0.0,1.0,0.0,0.0,-5.5627,-4.386,-1.9405,6.6673,21.5289,22.8771,164.84,164.84,164.84,-6.8976,-6.8976,-6.8976
BCS,25.34000015258789,25.34,2026-09-16,False,24.969999313354492,25.725000381469727,-0.39,28.11,BAJO,84857380864.0,9.71,7.6,0.96,10.09,0.47,42.95,27.87,,,,,6.0,YAHOO,-0.2708,-0.5198,-0.1048,0.056942,0.5387,-0.5287,80.73,2026-10-22,36,,,yahoo,1.0,1.0,1.0,1.0,0.0,0.0,1.0,0.0,1.0,-4.1604,-3.0975,-7.8914,-1.3679,33.6412,30.3345,27.23,28.2428,28.2428,-6.9409,-10.2779,-10.2779
HSBC,100.83999633789062,100.84,2026-09-16,False,99.87000274658203,102.5999984741211,-1.35,55.4,BAJO,345269305344.0,14.41,10.65,8.0,13.1,0.78,58.77,37.8,,,,,5.0,YAHOO,-0.2708,-0.5198,-0.1048,0.056942,0.5387,-0.5287,80.73,2026-10-27,41,,,yahoo,1.0,0.0,1.0,1.0,1.0,0.0,1.0,0.0,0.0,-4.0624,-2.4758,0.7126,7.281,23.7486,21.1588,107.11,107.3417,107.3417,-5.8538,-6.057,-6.057
BHP,84.13999938964844,84.14,2026-09-16,False,83.26499938964844,86.30999755859375,-0.74,64.43,BAJO,213839855616.0,21.74,17.97,4.2,24.0,13.43,43.34,16.73,4.49,7.71,0.5,1.89,7.0,YAHOO,-0.2708,-0.5198,-0.1048,0.056942,0.5387,-0.5287,80.73,,999,2026-08-17,30.0,yahoo,1.0,0.0,1.0,1.0,1.0,1.0,0.0,1.0,1.0,-8.7913,-7.3732,6.6173,-7.0628,20.1358,33.4165,96.5823,96.5823,96.5823,-12.8826,-12.8826,-12.8826
LYG,5.880000114440918,5.88,2026-09-16,False,5.800000190734863,5.9899001121521,0.0,36.31,BAJO,84923490304.0,13.67,9.15,1.52,11.34,0.56,44.96,26.43,,,,,6.0,YAHOO,-0.2708,-0.5198,-0.1048,0.056942,0.5387,-0.5287,80.73,2026-10-29,43,,,yahoo,1.0,1.0,1.0,1.0,0.0,0.0,1.0,0.0,1.0,-0.6757,-0.5076,-0.0048,7.1891,25.2854,26.9078,6.1,6.21,6.21,-3.6066,-5.314,-5.314
ING,36.36000061035156,36.36,2026-09-16,False,35.994998931884766,37.040000915527344,-1.14,51.74,BAJO,103640686592.0,13.72,11.35,1.79,17.12,0.8,49.1,34.49,,,,,2.0,YAHOO,-0.2708,-0.5198,-0.1048,0.056942,0.5387,-0.5287,80.73,2026-10-29,43,,,yahoo,1.0,0.0,0.0,0.0,0.0,0.0,1.0,0.0,0.0,-0.7913,3.1489,13.9276,18.3193,19.9545,25.5361,37.27,37.27,37.27,-2.4416,-2.4416,-2.4416
IBN,28.149999618530273,28.15,2026-09-16,False,28.06220054626465,28.639999389648438,-0.88,-9.55,BAJO,101026127872.0,17.27,14.97,2.55,16.07,2.11,38.51,27.53,,,,,4.0,YAHOO,-0.2708,-0.5198,-0.1048,0.056942,0.5387,-0.5287,80.73,2026-10-17,31,,,yahoo,1.0,0.0,1.0,1.0,1.0,0.0,0.0,0.0,0.0,-2.9979,-6.7572,-4.618,0.9448,31.329,20.3168,30.58,30.58,32.6665,-7.9464,-7.9464,-13.8261
MUFG,23.18000030517578,23.18,2026-09-16,False,22.90999984741211,23.68000030517578,-2.24,51.77,BAJO,260908630016.0,15.05,22.5,1.77,9.46,0.51,45.6,27.45,,,,,1.0,YAHOO,-0.2708,-0.5198,-0.1048,0.056942,0.5387,-0.5287,80.73,2026-11-12,57,,,yahoo,1.0,0.0,0.0,0.0,0.0,0.0,0.0,0.0,0.0,0.1729,1.5331,8.7242,14.1872,31.9583,28.9674,24.13,24.13,24.13,-3.937,-3.937,-3.937
GS,937.97998046875,937.98,2026-09-16,False,932.3701171875,984.6599731445312,-3.96,24.17,BAJO,273112940544.0,14.49,12.67,2.59,16.9,1.07,42.18,31.04,,,7.25,1.56,4.0,YAHOO,-0.2708,-0.5198,-0.1048,0.056942,0.5387,-0.5287,80.73,2026-10-13,27,,,yahoo,1.0,1.0,0.0,0.0,0.0,0.0,1.0,0.0,1.0,-8.826,-6.4415,-11.5137,-13.5785,37.6397,37.2773,1053.7192,1146.4551,1146.4551,-10.9839,-18.1843,-18.1843
BX,123.44999694824219,123.45,2026-09-16,False,121.41580200195312,127.875,-2.57,-27.67,BAJO,147559514112.0,27.62,16.49,10.95,31.37,14.33,54.36,22.73,,,0.68,0.87,5.0,YAHOO,-0.2708,-0.5198,-0.1048,0.056942,0.5387,-0.5287,80.73,2026-10-22,36,,,yahoo,1.0,0.0,1.0,1.0,1.0,0.0,0.0,0.0,1.0,-4.3542,-9.6663,-1.7341,-2.4718,33.9111,37.1857,145.09,149.32,181.3246,-14.9149,-17.3252,-31.9177
ITUB,8.260000228881836,8.26,2026-09-15,False,8.170000076293945,8.300000190734863,0.36,31.23,BAJO,91371323392.0,10.11,8.39,2.16,21.48,1.58,39.07,32.58,,,,,4.0,YAHOO,-0.2708,-0.5198,-0.1048,0.056942,0.5387,-0.5287,80.73,2026-11-03,48,,,yahoo,1.0,1.0,1.0,0.0,0.0,0.0,1.0,0.0,0.0,-0.6017,8.5838,-0.4078,4.9854,25.6862,30.0959,8.33,8.6136,9.3754,-0.8403,-4.105,-11.8973
BAC,59.52000045776367,59.52,2026-09-15,False,58.77000045776367,59.91999816894531,0.08,22.57,BAJO,404880162816.0,13.37,10.94,1.47,11.2,0.97,38.3,29.52,,,,,5.0,YAHOO,-0.2708,-0.5198,-0.1048,0.056942,0.5387,-0.5287,80.73,2026-10-14,28,,,yahoo,1.0,1.0,1.0,0.0,0.0,0.0,1.0,0.0,1.0,-4.6001,-3.4167,-2.7099,7.0766,41.1548,20.3516,63.904,64.481,64.481,-6.8602,-7.6938,-7.6938
RACE,406.9200134277344,406.92,2026-09-15,False,404.6600036621094,408.1300048828125,-0.53,-11.65,BAJO,72428527616.0,38.39,32.51,17.1,45.44,13.61,31.06,22.25,1.38,30.07,0.86,2.43,9.0,YAHOO,-0.2708,-0.5198,-0.1048,0.056942,0.5387,-0.5287,80.73,2026-11-03,48,,,yahoo,1.0,1.0,1.0,1.0,1.0,1.0,1.0,1.0,1.0,0.2414,-3.7104,6.3621,10.2585,21.0463,27.9761,436.54,436.54,498.3386,-6.7852,-6.7852,-18.3447
C,136.1699981689453,136.17,2026-09-15,False,133.92999267578125,139.72000122070312,-0.01,41.75,BAJO,223015223296.0,14.31,10.32,1.16,8.53,0.66,36.23,21.83,,,,,3.0,YAHOO,-0.2708,-0.5198,-0.1048,0.056942,0.5387,-0.5287,80.73,2026-10-13,27,,,yahoo,1.0,0.0,0.0,0.0,1.0,0.0,1.0,0.0,0.0,-0.4169,3.4569,3.9119,-3.0789,17.3555,27.3944,138.82,144.9331,144.9331,-1.909,-6.0463,-6.0463
SCHW,107.79000091552734,107.79,2026-09-15,False,106.91000366210938,109.55999755859375,0.45,20.94,BAJO,181856944128.0,19.15,13.47,4.14,20.27,2.07,52.28,38.79,,,1.51,0.66,7.0,YAHOO,-0.2708,-0.5198,-0.1048,0.056942,0.5387,-0.5287,80.73,2026-10-15,29,,,yahoo,1.0,1.0,1.0,1.0,1.0,0.0,1.0,0.0,1.0,0.8609,-1.8485,5.1598,18.8613,5.9131,22.0884,113.65,113.65,113.65,-5.1562,-5.1562,-5.1562
PG,146.6699981689453,146.67,2026-09-15,False,143.9199981689453,147.22000122070312,0.37,-1.32,BAJO,341479292928.0,22.24,19.87,6.41,30.29,10.72,22.08,18.44,3.89,14.83,0.64,0.68,6.0,YAHOO,-0.2708,-0.5198,-0.1048,0.056942,0.5387,-0.5287,80.73,2026-10-22,36,,,yahoo,1.0,0.0,1.0,1.0,1.0,0.0,1.0,0.0,1.0,0.7487,1.0681,-2.4654,-1.7912,9.8979,19.1878,147.64,151.6182,164.7207,-0.657,-3.2636,-10.9584
KO,88.70999908447266,88.71,2026-09-15,False,87.80000305175781,88.9000015258789,-0.12,39.95,BAJO,378064994304.0,26.39,24.92,10.46,42.05,9.4,34.87,28.56,1.38,24.01,1.16,1.3,7.0,YAHOO,-0.2708,-0.5198,-0.1048,0.056942,0.5387,-0.5287,80.73,2026-10-20,34,,,yahoo,1.0,1.0,1.0,0.0,1.0,1.0,1.0,1.0,0.0,0.9952,0.6421,5.0864,10.2946,8.7499,22.2294,91.4443,91.4443,91.4443,-2.9902,-2.9902,-2.9902
PEP,135.5,135.5,2026-09-15,False,134.75,136.02999877929688,-0.62,2.66,BAJO,183508434944.0,17.77,14.97,8.3,51.51,8.93,16.84,10.79,4.27,12.05,2.39,0.93,5.0,YAHOO,-0.2708,-0.5198,-0.1048,0.056942,0.5387,-0.5287,80.73,2026-10-08,22,,,yahoo,1.0,0.0,1.0,1.0,0.0,1.0,1.0,0.0,0.0,-2.1307,-2.4173,-1.7804,-6.3607,4.5715,22.2904,143.1409,143.4476,165.4534,-5.338,-5.5404,-18.1039
MO,69.80999755859375,69.81,2026-09-15,False,68.44000244140625,70.5199966430664,0.45,17.27,BAJO,117049040896.0,14.76,11.95,-43.87,,29.49,76.12,39.0,7.7,8.85,,0.52,6.0,YAHOO,-0.2708,-0.5198,-0.1048,0.056942,0.5387,-0.5287,80.73,2026-10-29,43,,,yahoo,1.0,0.0,1.0,1.0,0.0,1.0,1.0,1.0,0.0,4.0413,3.5703,-2.8824,1.9183,15.2052,31.3955,69.81,73.7422,73.7422,0.0,-5.3324,-5.3324
WMT,108.08999633789062,108.09,2026-09-15,False,107.86000061035156,109.23999786376953,-0.91,7.53,BAJO,855493509120.0,38.95,33.28,9.07,22.31,6.41,3.45,3.0,0.83,20.94,0.72,0.77,7.0,YAHOO,-0.2708,-0.5198,-0.1048,0.056942,0.5387,-0.5287,80.73,2026-11-19,64,2026-08-20,27.0,yahoo,1.0,1.0,1.0,1.0,1.0,0.0,1.0,1.0,0.0,1.9236,3.0705,-5.7427,-10.3222,19.9404,29.1613,114.9249,119.1348,133.8795,-5.9473,-9.2708,-19.2632
TGT,154.39999389648438,154.4,2026-09-15,False,153.72999572753906,159.1999969482422,-2.71,83.81,BAJO,70270615552.0,16.06,16.21,3.94,26.41,5.69,6.04,4.08,4.89,9.77,1.08,0.99,6.0,YAHOO,-0.2708,-0.5198,-0.1048,0.056942,0.5387,-0.5287,80.73,2026-11-18,63,2026-08-19,28.0,yahoo,1.0,0.0,1.0,1.0,1.0,1.0,1.0,0.0,0.0,-5.1073,-4.0279,10.9658,16.8319,30.5189,33.2484,169.89,169.89,169.89,-9.1177,-9.1177,-9.1177
MCD,252.77999877929688,252.78,2026-09-15,False,252.6999969482422,257.7799987792969,-1.83,-11.76,BAJO,175891382272.0,20.19,17.78,-171.89,,13.25,46.48,31.72,3.56,15.38,,1.08,6.0,YAHOO,-0.2708,-0.5198,-0.1048,0.056942,0.5387,-0.5287,80.73,2026-11-05,50,,,yahoo,1.0,0.0,1.0,1.0,1.0,0.0,1.0,1.0,0.0,-1.1845,-3.4011,-6.9053,-11.0245,24.6954,22.3781,270.6165,280.2182,334.5029,-6.5911,-9.7917,-24.4312
SBUX,96.58000183105469,96.58,2026-09-15,False,96.04000091552734,98.9000015258789,-2.51,22.2,BAJO,110967595008.0,56.27,31.17,-14.46,,8.02,12.92,5.17,2.76,22.85,,0.76,5.0,YAHOO,-0.2708,-0.5198,-0.1048,0.056942,0.5387,-0.5287,80.73,2026-10-28,42,,,yahoo,1.0,0.0,1.0,1.0,1.0,0.0,0.0,0.0,1.0,-5.323,-9.1012,-10.3674,-4.3855,19.0108,22.2849,108.49,108.49,108.49,-10.978,-10.978,-10.978
NKE,36.220001220703125,36.22,2026-09-15,False,36.16999816894531,36.880001068115234,-2.24,-46.36,BAJO,53079584768.0,17.04,15.63,3.57,22.14,6.97,12.69,6.7,3.56,11.31,0.74,1.96,4.0,YAHOO,-0.2708,-0.5198,-0.1048,0.056942,0.5387,-0.5287,80.73,2026-10-01,15,,,yahoo,1.0,0.0,1.0,0.0,1.0,0.0,0.0,1.0,0.0,-4.9344,-6.2872,-17.8725,-19.0172,24.6878,31.1955,40.6191,44.1022,72.1898,-10.8301,-17.8725,-49.8267
MDLZ,62.099998474121094,62.1,2026-09-15,False,61.709999084472656,62.33000183105469,-0.46,6.72,BAJO,79590572032.0,22.84,18.55,3.0,13.34,4.12,21.98,8.86,2.83,16.45,0.83,0.6,5.0,YAHOO,-0.2708,-0.5198,-0.1048,0.056942,0.5387,-0.5287,80.73,2026-10-27,41,,,yahoo,1.0,0.0,1.0,1.0,0.0,0.0,1.0,0.0,1.0,0.7626,0.0483,1.1071,1.822,3.728,26.1812,64.7,64.99,64.99,-4.0185,-4.4468,-4.4468
HSY,170.4199981689453,170.42,2026-09-15,False,169.4199981689453,173.66000366210938,-1.88,-2.98,BAJO,34316093440.0,23.3,17.31,7.52,32.81,9.92,23.12,12.24,5.08,14.49,1.3,1.18,4.0,YAHOO,-0.2708,-0.5198,-0.1048,0.056942,0.5387,-0.5287,80.73,2026-11-05,50,,,yahoo,1.0,0.0,1.0,1.0,0.0,1.0,0.0,0.0,0.0,-1.6448,-3.2859,-1.6942,-5.1626,20.9294,27.3437,189.94,189.94,232.6481,-10.2769,-10.2769,-26.7477
ANF,135.1699981689453,135.17,2026-09-15,False,134.6999969482422,141.0,-3.88,56.68,BAJO,5936144896.0,11.67,10.89,4.38,40.61,13.63,19.94,10.04,7.34,6.98,0.94,1.41,5.0,YAHOO,-0.2708,-0.5198,-0.1048,0.056942,0.5387,-0.5287,80.73,2026-11-25,70,2026-08-26,21.0,yahoo,1.0,0.0,1.0,1.0,0.0,1.0,1.0,0.0,0.0,-10.7376,-5.5284,38.821,48.3754,51.0852,88.7045,152.08,152.08,152.08,-11.1192,-11.1192,-11.1192
EBAY,108.02999877929688,108.03,2026-09-15,False,106.5199966430664,109.52999877929688,-0.88,23.49,BAJO,48580648960.0,22.93,16.24,10.41,46.61,9.15,21.57,18.57,3.25,16.77,1.53,1.02,5.0,YAHOO,-0.2708,-0.5198,-0.1048,0.056942,0.5387,-0.5287,80.73,2026-11-04,49,,,yahoo,1.0,1.0,1.0,0.0,0.0,0.0,1.0,0.0,1.0,3.289,4.3163,-2.3006,-0.7525,22.9678,32.5678,108.99,117.084,118.2715,-0.8808,-7.7329,-8.6593
ABEV,3.0199999809265137,3.02,2026-09-15,False,3.009999990463257,3.0399999618530273,-0.33,32.39,BAJO,46095294464.0,14.95,13.95,2.68,18.4,10.3,23.74,18.41,43.08,1.19,0.03,1.02,8.0,YAHOO,-0.2708,-0.5198,-0.1048,0.056942,0.5387,-0.5287,80.73,2026-10-29,43,,,yahoo,1.0,1.0,1.0,1.0,1.0,0.0,1.0,1.0,1.0,-0.6579,5.2265,-0.9836,-6.8115,11.6505,20.0357,3.04,3.23,3.4202,-0.6579,-6.5015,-11.7019
UL,62.439998626708984,62.44,2026-09-15,False,62.41999816894531,62.97999954223633,-1.78,-5.52,BAJO,134449840128.0,21.17,15.92,7.16,31.87,8.29,20.34,18.32,5.01,14.96,1.75,0.74,7.0,YAHOO,-0.2708,-0.5198,-0.1048,0.056942,0.5387,-0.5287,80.73,2026-10-28,42,2026-07-28,50.0,finnhub,1.0,1.0,1.0,0.0,0.0,1.0,1.0,1.0,1.0,-1.7312,-3.7163,0.407,7.2844,31.3497,28.2312,65.32,66.3122,72.7099,-4.4091,-5.8394,-14.1245
URBN,75.91000366210938,75.91,2026-09-15,False,75.16999816894531,77.7699966430664,-1.43,7.88,BAJO,6602686976.0,12.06,11.14,2.53,20.94,8.02,11.62,8.79,1.47,9.15,0.43,1.58,8.0,YAHOO,-0.2708,-0.5198,-0.1048,0.056942,0.5387,-0.5287,80.73,2026-11-25,70,2026-08-26,21.0,yahoo,1.0,1.0,1.0,1.0,0.0,1.0,1.0,1.0,1.0,-4.4316,-5.9239,0.6497,-1.4284,47.6646,41.5319,82.95,82.95,82.95,-8.487,-8.487,-8.487
CL,87.0,87.0,2026-09-15,False,86.47000122070312,87.83999633789062,-1.01,10.99,BAJO,69369970688.0,34.26,21.18,293.99,267.37,15.84,20.97,9.68,4.99,15.27,13.88,1.03,5.0,YAHOO,-0.2708,-0.5198,-0.1048,0.056942,0.5387,-0.5287,80.73,2026-10-30,44,,,yahoo,1.0,0.0,1.0,1.0,1.0,0.0,1.0,0.0,0.0,-1.5948,-3.1396,-6.9855,-3.4017,17.9977,21.6711,92.55,94.5877,97.966,-5.9968,-8.0219,-11.1937
COST,901.3499755859375,901.35,2026-09-15,False,900.25,916.9199829101562,-1.91,-3.16,BAJO,396354748416.0,44.87,39.5,23.97,29.15,8.67,3.99,3.01,1.75,28.13,0.25,1.07,6.0,YAHOO,-0.2708,-0.5198,-0.1048,0.056942,0.5387,-0.5287,80.73,2026-09-24,8,,,yahoo,1.0,0.0,1.0,1.0,1.0,1.0,0.0,1.0,0.0,-0.9701,-4.5069,-4.525,-7.8276,22.7511,20.6836,971.4,974.03,1092.5829,-7.2112,-7.4618,-17.5028
KMB,98.68000030517578,98.68,2026-09-15,False,97.19000244140625,98.81999969482422,-0.41,-14.92,BAJO,32626003968.0,19.39,13.11,18.64,104.91,10.2,19.0,11.79,2.88,11.07,3.49,0.91,4.0,YAHOO,-0.2708,-0.5198,-0.1048,0.056942,0.5387,-0.5287,80.73,2026-11-03,48,,,yahoo,1.0,0.0,1.0,1.0,1.0,0.0,0.0,0.0,0.0,-4.129,-7.4904,-8.3731,-3.1761,10.2483,27.6345,110.0495,113.3795,119.4738,-10.3312,-12.9649,-17.4045
ORLY,85.16000366210938,85.16,2026-09-15,False,84.98999786376953,86.97000122070312,-2.36,-17.48,BAJO,67693838336.0,26.57,22.92,-37.21,,13.67,20.15,14.27,2.32,18.76,,0.75,7.0,YAHOO,-0.2708,-0.5198,-0.1048,0.056942,0.5387,-0.5287,80.73,2026-10-28,42,,,yahoo,1.0,0.0,1.0,1.0,1.0,1.0,1.0,1.0,0.0,-0.8499,-4.0991,-1.2638,-5.6503,26.79,31.205,91.2,93.53,107.81,-6.6228,-8.949,-21.0092
PM,194.11000061035156,194.11,2026-09-15,False,190.7899932861328,195.22999572753906,-0.38,26.85,BAJO,298801790976.0,26.33,20.9,-34.81,,14.59,40.0,25.56,3.25,19.3,,0.98,7.0,YAHOO,-0.2708,-0.5198,-0.1048,0.056942,0.5387,-0.5287,80.73,2026-10-21,35,,,yahoo,1.0,1.0,1.0,1.0,1.0,1.0,0.0,1.0,0.0,5.0777,3.6359,2.2493,7.6505,19.116,27.683,194.86,200.17,200.17,-0.3849,-3.0274,-3.0274
ETSY,74.0,74.0,2026-09-15,False,73.54000091552734,76.43499755859375,-0.62,30.44,BAJO,6742286848.0,23.25,10.66,-4.86,,10.53,18.74,7.11,2.52,18.58,,1.48,5.0,YAHOO,-0.2708,-0.5198,-0.1048,0.056942,0.5387,-0.5287,80.73,2026-11-04,49,,,yahoo,1.0,0.0,1.0,1.0,1.0,0.0,1.0,0.0,0.0,1.6204,-9.0127,-11.356,2.5073,20.4853,45.9866,87.03,87.03,87.03,-14.9718,-14.9718,-14.9718
TM,195.47000122070312,195.47,2026-09-15,False,195.13999938964844,196.6300048828125,-1.06,1.49,BAJO,227611901952.0,8.53,12.18,15.63,12.4,2.34,7.86,8.63,-1581.62,6.29,1.15,1.17,3.0,YAHOO,-0.2708,-0.5198,-0.1048,0.056942,0.5387,-0.5287,80.73,2026-11-05,50,,,yahoo,1.0,0.0,1.0,1.0,0.0,0.0,0.0,0.0,0.0,2.0998,-0.5444,8.7394,8.4619,27.8925,23.3826,199.87,199.87,248.29,-2.2014,-2.2014,-21.2735
HMC,32.209999084472656,32.21,2026-09-15,False,32.20000076293945,32.380001068115234,-0.86,-2.1,BAJO,41668255744.0,,,0.52,-0.76,-0.15,8.76,-0.75,642.59,7.16,1.14,1.29,3.0,YAHOO,-0.2708,-0.5198,-0.1048,0.056942,0.5387,-0.5287,80.73,2026-11-05,50,,,yahoo,0.0,0.0,1.0,1.0,0.0,0.0,1.0,0.0,0.0,3.7025,0.7822,11.9569,19.429,25.5544,30.8544,33.37,33.37,34.12,-3.4762,-3.4762,-5.5979
NSANY,4.039999961853027,4.04,2026-09-16,False,4.039999961853027,4.139999866485596,-1.22,-16.63,BAJO,7062692352.0,,4.7,0.22,-7.65,0.69,2.63,-3.37,-19250.21,15.32,1.72,1.54,4.0,YAHOO,-0.2708,-0.5198,-0.1048,0.056942,0.5387,-0.5287,80.73,2026-11-05,50,,,yahoo,0.0,1.0,1.0,1.0,0.0,1.0,0.0,0.0,0.0,1.0,-3.3493,-0.7371,-8.8036,35.356,34.5021,4.26,4.51,6.05,-5.1643,-10.4213,-33.2231
GM,85.37000274658203,85.37,2026-09-15,False,84.9000015258789,87.6500015258789,-2.05,48.48,BAJO,76236218368.0,37.63,5.62,1.19,3.16,2.25,3.2,1.05,28.77,10.97,2.02,1.14,5.0,YAHOO,-0.2708,-0.5198,-0.1048,0.056942,0.5387,-0.5287,80.73,2026-10-20,34,,,yahoo,1.0,0.0,1.0,1.0,0.0,1.0,1.0,0.0,0.0,-0.4896,-0.896,10.0702,1.7563,35.1953,29.2713,87.76,90.1136,90.1136,-2.7233,-5.2641,-5.2641
ARCO,7.78000020980835,7.78,2026-09-15,False,7.710000038146973,7.949999809265137,-2.02,20.77,BAJO,1624212224.0,6.27,8.97,1.95,36.36,6.91,5.56,5.16,7.94,5.8,2.64,0.88,6.0,YAHOO,-0.2708,-0.5198,-0.1048,0.056942,0.5387,-0.5287,80.73,2026-11-18,63,,,yahoo,1.0,1.0,1.0,1.0,0.0,1.0,1.0,0.0,0.0,-4.89,-1.7677,-6.2651,-10.6581,11.5305,23.2432,8.25,8.47,9.4222,-5.697,-8.1464,-17.4292
HD,305.4800109863281,305.48,2026-09-15,False,304.32000732421875,311.1300048828125,-1.73,-23.28,BAJO,301771161600.0,21.15,18.88,18.17,104.3,12.14,12.86,8.41,3.57,14.72,3.8,1.08,4.0,YAHOO,-0.2708,-0.5198,-0.1048,0.056942,0.5387,-0.5287,80.73,2026-11-17,62,2026-08-18,29.0,yahoo,1.0,0.0,1.0,1.0,1.0,0.0,0.0,0.0,0.0,-2.6203,-6.1309,-11.5766,-6.6972,22.83,26.8311,341.7813,355.2818,411.069,-10.6212,-14.0176,-25.6864
DIS,106.41999816894531,106.42,2026-09-15,False,105.91999816894531,108.31999969482422,-2.0,-4.21,BAJO,184738217984.0,22.06,14.31,1.68,8.01,4.81,19.3,8.7,2.63,11.09,0.39,0.71,8.0,YAHOO,-0.2708,-0.5198,-0.1048,0.056942,0.5387,-0.5287,80.73,2026-11-12,57,,,yahoo,1.0,1.0,1.0,1.0,1.0,0.0,1.0,1.0,1.0,1.2945,-1.0507,6.7295,5.4533,28.1365,27.5621,111.25,111.25,114.9988,-4.3416,-4.3416,-7.4599
JNJ,267.20001220703125,267.2,2026-09-15,False,260.67999267578125,267.20001220703125,0.33,56.42,BAJO,644117692416.0,30.97,21.76,7.58,25.74,8.6,29.19,21.48,2.62,19.28,0.58,1.09,3.0,YAHOO,-0.2708,-0.5198,-0.1048,0.056942,0.5387,-0.5287,80.73,2026-10-13,27,,,yahoo,1.0,1.0,1.0,0.0,0.0,0.0,0.0,0.0,0.0,-0.7134,0.5078,7.42,13.9429,5.3799,25.0938,278.43,278.43,278.43,-4.0333,-4.0333,-4.0333
LLY,1136.1099853515625,1136.11,2026-09-15,False,1131.5899658203125,1161.0,-0.19,55.22,BAJO,1014641131520.0,38.17,24.05,29.94,102.29,20.36,54.22,33.53,1.09,25.42,1.62,1.35,7.0,YAHOO,-0.2708,-0.5198,-0.1048,0.056942,0.5387,-0.5287,80.73,2026-10-29,43,,,yahoo,1.0,1.0,1.0,0.0,0.0,1.0,1.0,1.0,1.0,1.0855,-1.7826,-2.6884,0.7427,18.955,33.8407,1280.34,1280.34,1280.34,-11.265,-11.265,-11.265
NVO,42.529998779296875,42.53,2026-09-15,False,42.400001525878906,43.0,-2.12,-17.31,BAJO,184269553664.0,10.25,12.33,5.4,59.81,18.73,42.54,35.35,20.44,1.61,0.63,0.87,4.0,YAHOO,-0.2708,-0.5198,-0.1048,0.056942,0.5387,-0.5287,80.73,2026-11-04,49,,,yahoo,1.0,0.0,1.0,1.0,0.0,1.0,0.0,0.0,0.0,-5.8237,-6.1769,-16.3297,-1.9275,22.5341,35.9535,48.66,50.9588,60.9379,-12.5976,-16.5405,-30.2076
AMGN,375.6499938964844,375.65,2026-09-15,False,375.1499938964844,381.0400085449219,-1.53,43.11,BAJO,203466850304.0,23.3,15.42,17.41,91.47,8.67,35.55,22.95,4.25,14.27,4.9,1.37,7.0,YAHOO,-0.2708,-0.5198,-0.1048,0.056942,0.5387,-0.5287,80.73,2026-11-03,48,,,yahoo,1.0,1.0,1.0,1.0,1.0,0.0,0.0,1.0,1.0,-4.4561,-12.6152,1.6861,7.7926,23.1288,33.3334,444.12,444.12,444.12,-15.417,-15.417,-15.417
UNH,375.92999267578125,375.93,2026-09-15,False,375.5,383.79998779296875,-1.99,13.35,BAJO,336831447040.0,24.15,16.6,3.45,14.15,4.87,7.13,3.14,7.21,14.47,0.69,0.78,6.0,YAHOO,-0.2708,-0.5198,-0.1048,0.056942,0.5387,-0.5287,80.73,2026-10-13,27,,,yahoo,1.0,0.0,1.0,1.0,1.0,0.0,1.0,0.0,1.0,-5.637,-2.8672,-10.6607,-7.9786,29.9976,24.3813,398.5559,433.6796,433.6796,-5.677,-13.3162,-13.3162
PFE,27.549999237060547,27.55,2026-09-15,False,27.25,27.65999984741211,-0.61,25.41,BAJO,156513026048.0,36.13,9.48,1.84,5.01,5.78,27.88,6.8,7.98,8.22,0.74,1.27,5.0,YAHOO,-0.2708,-0.5198,-0.1048,0.056942,0.5387,-0.5287,80.73,2026-11-03,48,,,yahoo,1.0,0.0,1.0,1.0,0.0,0.0,0.0,1.0,1.0,-0.8636,-3.1975,11.5034,7.8152,6.4009,21.9372,29.02,29.02,29.02,-5.0655,-5.0655,-5.0655
ABT,102.02999877929688,102.03,2026-09-15,False,101.47000122070312,103.05999755859375,-1.03,-18.1,BAJO,177122033664.0,33.02,16.88,3.47,10.58,5.33,14.71,11.65,4.07,17.54,0.63,1.38,5.0,YAHOO,-0.2708,-0.5198,-0.1048,0.056942,0.5387,-0.5287,80.73,2026-10-14,28,,,yahoo,1.0,0.0,1.0,1.0,1.0,0.0,0.0,1.0,0.0,-3.3074,-7.548,3.2379,15.8878,20.4918,33.2352,116.67,116.67,133.5335,-12.5482,-12.5482,-23.5922
CVS,94.48999786376953,94.49,2026-09-15,False,93.83999633789062,95.75,-1.11,35.12,BAJO,117307162624.0,24.2,10.75,1.47,6.21,2.97,3.86,1.18,6.88,10.99,0.96,0.87,6.0,YAHOO,-0.2708,-0.5198,-0.1048,0.056942,0.5387,-0.5287,80.73,2026-10-28,42,,,yahoo,1.0,0.0,1.0,1.0,1.0,1.0,0.0,0.0,1.0,-1.6446,0.6176,-10.7277,-5.5672,14.0408,25.3871,97.6,109.9195,109.9195,-3.1865,-14.0371,-14.0371
ABBV,263.0400085449219,263.04,2026-09-15,False,257.79998779296875,264.80999755859375,0.49,27.04,BAJO,463885991936.0,73.95,16.14,-78.15,,10.51,40.03,9.8,3.64,17.17,,0.81,7.0,YAHOO,-0.2708,-0.5198,-0.1048,0.056942,0.5387,-0.5287,80.73,2026-10-29,43,,,yahoo,1.0,0.0,1.0,1.0,1.0,1.0,0.0,1.0,1.0,5.732,2.5817,3.4003,19.5507,10.0466,26.41,265.97,265.97,265.97,-1.1016,-1.1016,-1.1016
TMO,641.3900146484375,641.39,2026-09-15,False,613.9500122070312,641.969970703125,4.61,38.07,BAJO,239755231232.0,34.86,23.55,4.55,13.51,5.13,18.75,15.04,2.6,23.49,0.81,1.55,5.0,YAHOO,-0.2708,-0.5198,-0.1048,0.056942,0.5387,-0.5287,80.73,2026-10-21,35,,,yahoo,1.0,0.0,1.0,1.0,0.0,1.0,1.0,0.0,0.0,6.4445,4.0158,18.1689,35.4981,34.5817,30.9347,641.39,641.39,641.39,0.0,0.0,0.0
AZN,161.85000610351562,161.85,2026-09-15,False,160.7100067138672,163.89999389648438,-1.18,7.17,BAJO,252625420288.0,24.38,14.34,5.02,21.96,8.02,23.46,17.02,1.94,14.07,0.64,0.89,7.0,YAHOO,-0.2708,-0.5198,-0.1048,0.056942,0.5387,-0.5287,80.73,2026-10-30,44,,,yahoo,1.0,1.0,1.0,1.0,1.0,1.0,0.0,1.0,0.0,1.131,-0.1727,-4.3948,-8.6986,24.4087,34.4525,169.66,195.15,208.62,-4.6033,-17.0638,-22.4187
CAH,232.64999389648438,232.65,2026-09-15,False,230.33999633789062,234.8300018310547,-0.95,58.84,BAJO,54083158016.0,32.12,16.52,-18.79,,3.72,1.33,0.67,8.79,13.99,,0.88,8.0,YAHOO,-0.2708,-0.5198,-0.1048,0.056942,0.5387,-0.5287,80.73,2026-11-05,50,,,yahoo,1.0,1.0,1.0,1.0,1.0,0.0,1.0,1.0,1.0,-3.26,-0.8397,1.7183,2.9843,11.8392,22.9252,248.61,248.61,248.61,-6.4197,-6.4197,-6.4197
ISRG,377.1600036621094,377.16,2026-09-15,False,368.8500061035156,379.1099853515625,-0.21,-10.68,BAJO,136966119424.0,43.89,31.62,7.45,17.42,10.51,33.6,28.45,1.91,31.09,,4.96,7.0,YAHOO,-0.2708,-0.5198,-0.1048,0.056942,0.5387,-0.5287,80.73,2026-10-20,34,,,yahoo,1.0,1.0,1.0,1.0,0.0,1.0,1.0,0.0,1.0,7.7108,0.0796,-6.2561,-9.4562,19.9003,48.5065,397.72,432.83,592.85,-5.1695,-12.8619,-36.3819
MRNA,143.77000427246094,143.77,2026-09-15,False,141.16000366210938,148.6999969482422,-1.99,504.46,BAJO,58136731648.0,,-32.58,8.59,-39.0,-13.26,-557.93,-141.43,0.51,-24.39,0.19,2.29,3.0,YAHOO,-0.2708,-0.5198,-0.1048,0.056942,0.5387,-0.5287,80.73,2026-11-05,50,,,yahoo,0.0,1.0,0.0,1.0,0.0,0.0,0.0,1.0,0.0,2.4514,2.4441,127.6643,175.7913,48.4624,377.3032,174.38,174.38,174.38,-17.5536,-17.5536,-17.5536
NVS,138.6199951171875,138.62,2026-09-15,False,137.3699951171875,139.11000061035156,-0.27,18.25,BAJO,263629144064.0,20.92,14.1,6.35,30.35,10.25,34.62,22.5,4.51,13.22,1.17,0.86,8.0,YAHOO,-0.2708,-0.5198,-0.1048,0.056942,0.5387,-0.5287,80.73,2026-10-27,41,,,yahoo,1.0,1.0,1.0,1.0,0.0,1.0,1.0,1.0,1.0,0.6681,-8.8386,-9.2385,-8.5379,12.0575,39.4002,163.09,163.09,163.6393,-15.004,-15.004,-15.2893
PHG,24.899999618530273,24.9,2026-09-15,False,24.729999542236328,24.940000534057617,-0.72,-5.75,BAJO,24171780096.0,18.73,12.99,1.82,10.15,4.07,13.99,6.31,6.32,12.37,0.65,1.26,7.0,YAHOO,-0.2708,-0.5198,-0.1048,0.056942,0.5387,-0.5287,80.73,2026-11-03,48,,,yahoo,1.0,1.0,1.0,1.0,0.0,1.0,0.0,1.0,1.0,-1.5421,-6.2853,-8.7578,-6.7066,24.6882,23.7913,27.62,28.23,31.6757,-9.8479,-11.796,-21.3909
MRK,143.7899932861328,143.79,2026-09-15,False,142.32000732421875,144.14999389648438,-0.15,85.1,BAJO,357517852672.0,115.93,15.17,8.53,6.96,11.87,-0.24,4.77,4.24,14.01,1.28,1.32,4.0,YAHOO,-0.2708,-0.5198,-0.1048,0.056942,0.5387,-0.5287,80.73,2026-10-29,43,,,yahoo,1.0,0.0,1.0,0.0,0.0,1.0,1.0,0.0,0.0,-2.5739,-2.1124,13.3266,25.8823,16.9408,37.3676,155.5319,155.5319,155.5319,-7.5495,-7.5495,-7.5495
GILD,146.3000030517578,146.3,2026-09-15,False,142.94000244140625,146.35000610351562,0.49,35.62,BAJO,183116578816.0,,14.93,15.49,-20.68,14.09,33.68,-10.64,5.33,13.88,2.23,1.26,8.0,YAHOO,-0.2708,-0.5198,-0.1048,0.056942,0.5387,-0.5287,80.73,2026-10-29,43,,,yahoo,1.0,1.0,1.0,1.0,1.0,0.0,1.0,1.0,1.0,0.3301,0.5357,7.9413,18.362,19.1705,28.9978,150.3731,150.3731,153.0467,-2.7086,-2.7086,-4.4083
BMY,63.72999954223633,63.73,2026-09-15,False,63.150001525878906,64.12999725341797,-0.58,46.51,BAJO,129916649472.0,14.01,9.69,5.82,46.6,10.72,34.42,18.87,6.25,8.66,2.02,1.53,8.0,YAHOO,-0.2708,-0.5198,-0.1048,0.056942,0.5387,-0.5287,80.73,2026-10-29,43,,,yahoo,1.0,1.0,1.0,1.0,1.0,1.0,0.0,1.0,1.0,-1.484,-4.6101,5.3214,14.5971,11.8046,28.2633,68.09,68.09,68.09,-6.4033,-6.4033,-6.4033
HIMS,27.850000381469727,27.85,2026-09-15,False,27.799999237060547,29.15999984741211,-3.33,-45.98,BAJO,6532775424.0,,34.27,20.16,-32.03,-2.21,-12.75,-5.51,13.0,-707.77,4.77,0.93,4.0,YAHOO,-0.2708,-0.5198,-0.1048,0.056942,0.5387,-0.5287,80.73,2026-11-09,54,,,yahoo,1.0,0.0,1.0,1.0,0.0,1.0,0.0,0.0,0.0,-1.136,-5.8485,-17.31,-7.6898,55.1569,85.5298,33.78,38.28,62.76,-17.5548,-27.2466,-55.6246
CAT,783.5399780273438,783.54,2026-09-15,False,776.5,791.2000122070312,-0.06,83.76,BAJO,359796703232.0,33.75,24.17,18.55,56.97,9.03,22.18,14.51,1.4,24.55,2.33,1.37,6.0,YAHOO,-0.2708,-0.5198,-0.1048,0.056942,0.5387,-0.5287,80.73,2026-10-29,43,,,yahoo,1.0,0.0,1.0,1.0,1.0,1.0,1.0,0.0,0.0,-4.7345,-1.7468,-10.5084,-15.9473,39.4977,42.4074,840.87,1062.9282,1062.9282,-6.8179,-26.2848,-26.2848
GE,307.04998779296875,307.05,2026-09-15,False,306.79998779296875,320.3599853515625,-3.31,10.02,BAJO,324653285376.0,36.22,34.43,18.4,48.23,5.07,20.57,17.72,2.03,28.66,1.13,0.98,6.0,YAHOO,-0.2708,-0.5198,-0.1048,0.056942,0.5387,-0.5287,80.73,2026-10-20,34,,,yahoo,1.0,1.0,1.0,0.0,0.0,0.0,1.0,1.0,1.0,-8.3187,-8.5371,-11.1879,-10.1757,23.2876,29.6495,375.09,381.22,381.22,-18.1396,-19.456,-19.456
LMT,533.4600219726562,533.46,2026-09-15,False,525.8800048828125,537.1900024414062,0.77,18.05,BAJO,123992334336.0,19.69,16.4,14.09,89.17,8.64,11.96,8.16,4.49,14.45,2.34,1.19,6.0,YAHOO,-0.2708,-0.5198,-0.1048,0.056942,0.5387,-0.5287,80.73,2026-10-20,34,,,yahoo,1.0,0.0,1.0,1.0,1.0,0.0,1.0,1.0,0.0,-0.5017,-4.3601,4.5255,1.2067,16.5213,34.1084,603.4376,604.9383,668.166,-11.5965,-11.8158,-20.1606
RTX,195.5,195.5,2026-09-15,False,193.0500030517578,197.2100067138672,0.08,27.69,BAJO,265279225856.0,34.59,25.06,4.0,12.27,4.21,12.7,8.28,3.72,18.61,0.57,1.01,8.0,YAHOO,-0.2708,-0.5198,-0.1048,0.056942,0.5387,-0.5287,80.73,2026-10-20,34,,,yahoo,1.0,1.0,1.0,1.0,1.0,1.0,0.0,1.0,1.0,-1.6649,-5.8874,0.9207,6.8119,10.3387,25.822,225.49,225.49,225.49,-13.2999,-13.2999,-13.2999
UAL,106.91999816894531,106.92,2026-09-15,False,105.18000030517578,109.58000183105469,-1.87,4.68,BAJO,34501763072.0,10.01,7.28,2.07,23.25,3.38,5.53,5.56,2.64,7.27,2.02,0.78,7.0,YAHOO,-0.2708,-0.5198,-0.1048,0.056942,0.5387,-0.5287,80.73,2026-10-21,35,,,yahoo,1.0,1.0,1.0,1.0,1.0,0.0,1.0,0.0,1.0,-1.2195,-0.9908,-10.0076,-10.8777,34.585,40.0659,118.72,136.11,136.11,-9.9394,-21.4459,-21.4459
F,13.5,13.5,2026-09-15,False,13.479999542236328,13.890000343322754,-2.6,23.38,BAJO,53234405376.0,,6.83,1.49,-18.25,0.35,1.88,-3.94,-14.92,25.44,4.57,1.09,2.0,YAHOO,-0.2708,-0.5198,-0.1048,0.056942,0.5387,-0.5287,80.73,2026-10-22,36,,,yahoo,0.0,0.0,1.0,1.0,0.0,0.0,0.0,0.0,0.0,-3.5714,-3.1564,-3.8322,-7.6086,38.8357,31.3006,14.62,15.1163,17.2531,-7.6607,-10.6923,-21.7534
AAL,12.770000457763672,12.77,2026-09-15,False,12.630000114440918,13.109999656677246,-2.52,4.33,BAJO,8407017984.0,,5.83,-2.12,,1.12,2.81,-0.56,6.18,10.62,,0.53,4.0,YAHOO,-0.2708,-0.5198,-0.1048,0.056942,0.5387,-0.5287,80.73,2026-10-22,36,,,yahoo,1.0,0.0,1.0,1.0,0.0,0.0,0.0,0.0,1.0,-1.0844,-4.9144,-18.141,-17.3997,26.6426,45.7674,14.05,18.15,18.15,-9.1103,-29.6419,-29.6419
UNP,283.989990234375,283.99,2026-09-15,False,282.69000244140625,286.30999755859375,-0.38,36.5,BAJO,166887702528.0,22.99,19.84,8.59,39.7,9.27,40.98,28.85,2.83,15.35,1.51,0.99,8.0,YAHOO,-0.2708,-0.5198,-0.1048,0.056942,0.5387,-0.5287,80.73,2026-10-22,36,,,yahoo,1.0,1.0,1.0,1.0,1.0,1.0,1.0,1.0,0.0,-1.5462,-5.5476,-4.7132,6.729,6.8151,21.279,309.1852,309.1852,309.1852,-8.1489,-8.1489,-8.1489
FDX,308.260009765625,308.26,2026-09-15,False,307.07000732421875,314.04998779296875,-1.38,74.79,BAJO,71408205824.0,16.61,14.46,2.29,14.85,5.01,11.13,4.68,7.92,8.51,1.36,1.48,5.0,YAHOO,-0.2708,-0.5198,-0.1048,0.056942,0.5387,-0.5287,80.73,2026-10-28,42,,,yahoo,1.0,0.0,1.0,1.0,0.0,1.0,0.0,1.0,0.0,-1.4834,-5.4764,-2.7435,-8.3005,15.7426,26.3338,334.6761,338.023,338.023,-7.893,-8.805,-8.805
PCAR,122.45999908447266,122.46,2026-09-15,False,121.43000030517578,123.19999694824219,-0.33,25.22,BAJO,62226866176.0,24.89,16.36,3.06,12.76,4.12,12.02,9.0,3.12,21.58,0.73,5.52,4.0,YAHOO,-0.2708,-0.5198,-0.1048,0.056942,0.5387,-0.5287,80.73,2026-10-27,41,,,yahoo,1.0,0.0,1.0,1.0,0.0,1.0,0.0,0.0,0.0,-0.0327,-1.3454,-3.0676,1.7352,5.7812,26.3046,131.03,137.845,137.845,-6.5405,-11.1611,-11.1611
MMM,164.6699981689453,164.67,2026-09-15,False,160.67999267578125,166.25,1.64,9.46,BAJO,83882254336.0,29.25,16.62,28.42,81.89,8.74,20.35,11.9,7.57,14.15,4.38,1.24,5.0,YAHOO,-0.2708,-0.5198,-0.1048,0.056942,0.5387,-0.5287,80.73,2026-10-20,34,,,yahoo,1.0,0.0,1.0,0.0,0.0,1.0,1.0,0.0,1.0,-1.7013,-4.1669,2.2383,4.5256,26.592,25.6015,180.1514,182.979,182.979,-8.5935,-10.0061,-10.0061
PAC,202.77999877929688,202.78,2026-09-15,False,197.6199951171875,203.5800018310547,0.68,-16.87,BAJO,12001516544.0,18.59,15.93,561.38,28.03,10.47,44.16,30.83,57.48,79.45,1.18,0.74,7.0,YAHOO,-0.2708,-0.5198,-0.1048,0.056942,0.5387,-0.5287,80.73,2026-10-19,33,,,yahoo,1.0,1.0,1.0,1.0,0.0,1.0,1.0,0.0,1.0,-1.2659,-1.5822,-9.9836,-18.0521,15.5212,26.3654,214.87,254.56,300.41,-5.6267,-20.341,-32.4989
GT,5.25,5.25,2026-09-15,False,5.179999828338623,5.349999904632568,-1.32,-35.97,BAJO,1485557504.0,,9.15,0.52,-61.53,0.51,-0.96,-14.37,33.46,9.17,2.74,1.09,5.0,YAHOO,-0.2708,-0.5198,-0.1048,0.056942,0.5387,-0.5287,80.73,2026-11-03,48,,,yahoo,0.0,0.0,1.0,1.0,1.0,1.0,0.0,0.0,1.0,-10.2564,-16.2679,-26.0563,-20.3338,20.9964,49.5553,6.35,7.45,10.54,-17.3228,-29.5302,-50.1898
BA,209.69000244140625,209.69,2026-09-15,False,208.64999389648438,212.39999389648438,-0.28,-0.4,BAJO,159623135232.0,75.08,49.37,26.17,173.54,-1.98,0.0,2.59,3.52,-65.07,7.91,1.14,6.0,YAHOO,-0.2708,-0.5198,-0.1048,0.056942,0.5387,-0.5287,80.73,2026-10-28,42,,,yahoo,1.0,1.0,1.0,0.0,1.0,0.0,0.0,1.0,1.0,-0.4935,0.9192,-2.1694,-8.4123,25.3663,32.7307,223.06,240.19,252.15,-5.9939,-12.6983,-16.8392
HON,203.44000244140625,203.44,2026-09-15,False,199.91000366210938,205.22000122070312,1.02,1.51,BAJO,65815760896.0,7.98,20.89,3.55,46.58,5.72,20.25,21.58,3.97,10.8,1.85,1.21,5.0,YAHOO,-0.2708,-0.5198,-0.1048,0.056942,0.5387,-0.5287,80.73,2026-10-22,36,,,yahoo,1.0,0.0,1.0,1.0,0.0,0.0,1.0,0.0,1.0,-2.305,-4.7253,-9.8438,-14.4444,15.7739,31.5724,227.71,248.0457,257.9406,-10.6583,-17.9829,-21.1291
MOS,25.459999084472656,25.46,2026-09-15,False,24.610000610351562,25.649999618530273,1.64,-20.07,BAJO,7880633344.0,,15.83,0.69,-5.07,1.24,-0.12,-5.21,-9.47,8.05,0.52,1.34,7.0,YAHOO,-0.2708,-0.5198,-0.1048,0.056942,0.5387,-0.5287,80.73,2026-11-03,48,,,yahoo,1.0,1.0,1.0,1.0,0.0,1.0,0.0,1.0,1.0,-3.2208,6.4491,13.9614,14.012,25.6111,39.1358,26.3073,26.3073,34.6571,-3.2208,-3.2208,-26.5374
BG,121.76000213623047,121.76,2026-09-15,False,120.37000274658203,123.4000015258789,0.44,57.93,BAJO,22502912000.0,25.24,10.33,1.41,7.18,3.47,4.62,1.1,-28.78,13.15,0.98,1.57,3.0,YAHOO,-0.2708,-0.5198,-0.1048,0.056942,0.5387,-0.5287,80.73,2026-11-04,49,,,yahoo,1.0,0.0,1.0,1.0,0.0,0.0,0.0,0.0,0.0,-1.7193,4.7758,5.7824,-0.384,19.3884,34.3047,124.59,124.59,130.5866,-2.2714,-2.2714,-6.7592
RKLB,63.54999923706055,63.55,2026-09-15,False,62.02000045776367,65.72000122070312,1.6,20.01,BAJO,40730480640.0,,1398.16,10.91,-7.92,-4.62,-24.57,-21.51,-0.62,-238.81,0.04,5.48,5.0,YAHOO,-0.2708,-0.5198,-0.1048,0.056942,0.5387,-0.5287,80.73,2026-11-09,54,,,yahoo,0.0,1.0,0.0,1.0,1.0,1.0,0.0,1.0,0.0,-3.5221,-0.5788,-5.6422,-41.8307,26.6415,80.0586,79.16,101.65,150.23,-19.7196,-37.4816,-57.6982
ONDS,7.239999771118164,7.24,2026-09-15,False,7.130000114440918,7.429999828338623,0.14,15.89,BAJO,4192494336.0,,-360.0,2.43,19.32,-8.37,-166.3,96.25,-1.65,-15.47,0.03,9.85,5.0,YAHOO,-0.2708,-0.5198,-0.1048,0.056942,0.5387,-0.5287,80.73,2026-11-12,57,,,yahoo,0.0,1.0,0.0,1.0,1.0,1.0,0.0,1.0,0.0,-4.9869,-5.4213,8.8722,-23.8696,4.8373,83.2658,9.06,9.77,14.01,-20.0883,-25.8956,-48.3226
SMSN.IL,4530.0,4530.0,2026-09-14,False,4520.0,4610.0,-0.13,234.26,BAJO,1259633689088.0,48.07,73.92,0.0,10.64,2.3,6.08,13.13,-1068.56,-1.44,0.03,2.88,6.0,YAHOO,-0.2708,-0.5198,-0.1048,0.056942,0.5387,-0.5287,80.73,2026-10-28,42,,,yahoo,1.0,1.0,1.0,1.0,0.0,0.0,0.0,1.0,1.0,-10.5627,-4.7919,2.9078,-16.317,68.7987,82.5944,5075.0,5802.7993,6002.5513,-10.7389,-21.9342,-24.5321
ADS.DE,141.89999389648438,141.9,2026-09-14,False,141.4499969482422,144.85000610351562,-1.39,-16.51,BAJO,25322844160.0,18.54,12.42,4.25,24.32,6.7,8.51,5.3,3.76,11.31,0.94,1.39,6.0,YAHOO,-0.2708,-0.5198,-0.1048,0.056942,0.5387,-0.5287,80.73,2026-10-29,43,,,yahoo,1.0,1.0,1.0,0.0,0.0,1.0,0.0,1.0,1.0,-4.0244,-6.2748,-22.4378,-18.0243,23.7603,35.8921,155.9,187.9,191.3097,-8.9801,-24.4811,-25.8271
BAYN.DE,48.709999084472656,48.71,2026-09-14,False,48.150001525878906,50.040000915527344,-1.26,80.04,BAJO,48119132160.0,,10.15,1.63,-5.69,3.18,9.19,-3.83,13.64,8.05,1.29,1.04,6.0,YAHOO,-0.2708,-0.5198,-0.1048,0.056942,0.5387,-0.5287,80.73,2026-11-03,48,,,yahoo,0.0,0.0,1.0,1.0,1.0,0.0,1.0,1.0,1.0,-1.4167,-0.6729,2.0746,29.0673,28.3488,49.5789,49.41,53.36,53.36,-1.4167,-8.7144,-8.7144
RIOT,19.700000762939453,19.7,2026-09-15,False,19.514999389648438,20.719999313354492,-5.97,20.52,BAJO,7636519424.0,,-21.76,3.51,-48.24,-21.2,-122.33,-196.28,-9.41,-8.95,0.4,1.58,2.0,YAHOO,-0.2708,-0.5198,-0.1048,0.056942,0.5387,-0.5287,80.73,2026-10-29,43,,,yahoo,0.0,0.0,0.0,0.0,0.0,0.0,0.0,1.0,1.0,-11.5004,3.7115,4.6759,-28.0497,60.2627,96.7241,22.26,28.69,28.69,-11.5004,-31.335,-31.335
OKLO,35.97999954223633,35.98,2026-09-15,False,35.27000045776367,36.470001220703125,-0.64,-59.99,BAJO,6625948672.0,,-35.22,2.01,-7.7,-6.65,-6048.76,0.0,-3.61,-19.21,0.0,48.46,4.0,YAHOO,-0.2708,-0.5198,-0.1048,0.056942,0.5387,-0.5287,80.73,2026-11-10,55,,,yahoo,0.0,1.0,0.0,1.0,1.0,1.0,0.0,0.0,0.0,-16.9245,-11.3138,-13.717,-40.7639,70.5658,82.491,44.27,58.4,174.14,-18.726,-38.3904,-79.3385
SATL,5.070000171661377,5.07,2026-09-15,False,4.769999980926514,5.199999809265137,4.54,38.33,BAJO,761012480.0,,-165.0,22.5,,-9.86,1.67,0.0,-2.48,-47.82,2.85,2.34,4.0,YAHOO,-0.2708,-0.5198,-0.1048,0.056942,0.5387,-0.5287,80.73,2026-11-12,57,,,yahoo,0.0,1.0,0.0,0.0,1.0,1.0,0.0,1.0,0.0,-5.2336,4.1068,42.0168,-24.2152,70.2149,103.0746,5.74,5.98,10.74,-11.6725,-15.2174,-52.7933
JMIA,7.309999942779541,7.31,2026-09-15,False,7.199999809265137,7.34499979019165,-0.41,-22.92,BAJO,956761024.0,,-21.06,1022.86,-216.21,-25.23,-23.8,-27.54,-2.9,-15.93,37.95,0.88,3.0,YAHOO,-0.2708,-0.5198,-0.1048,0.056942,0.5387,-0.5287,80.73,2026-11-11,56,,,yahoo,0.0,1.0,0.0,1.0,0.0,0.0,0.0,0.0,1.0,0.9669,6.0958,12.2888,-1.2162,36.7826,53.0248,7.52,7.52,14.6,-2.7926,-2.7926,-49.9315
LAR,5.670000076293945,5.67,2026-09-15,False,5.570000171661377,5.929999828338623,-4.55,79.05,BAJO,912395968.0,,16.24,1.16,-6.58,-2.05,0.0,0.0,-1.79,-30.48,0.3,0.47,1.0,YAHOO,-0.2708,-0.5198,-0.1048,0.056942,0.5387,-0.5287,80.73,2026-11-09,54,,,yahoo,0.0,0.0,0.0,1.0,0.0,0.0,0.0,0.0,0.0,-15.3731,-16.4948,-12.2291,-41.9652,67.7104,65.1681,6.91,8.97,11.79,-17.945,-36.7893,-51.9084
NG,7.25,7.25,2026-09-15,False,6.900000095367432,7.320000171661377,0.28,1.72,BAJO,3067076352.0,,-29.87,7.28,-24.63,-4.36,0.0,0.0,-0.78,-88.71,0.41,112.82,4.0,YAHOO,-0.2708,-0.5198,-0.1048,0.056942,0.5387,-0.5287,80.73,2026-09-30,14,,,yahoo,0.0,1.0,0.0,1.0,1.0,1.0,0.0,0.0,0.0,-8.2278,-15.6977,36.0225,-10.7143,43.4378,77.2578,9.77,9.77,14.2,-25.7932,-25.7932,-48.9437
PBI,17.31999969482422,17.32,2026-09-15,False,17.030000686645508,17.459999084472656,-0.06,59.25,BAJO,2373031424.0,14.07,9.5,-2.75,,8.41,21.68,10.04,9.85,8.11,,0.73,7.0,YAHOO,-0.2708,-0.5198,-0.1048,0.056942,0.5387,-0.5287,80.73,2026-11-05,50,,,yahoo,1.0,1.0,1.0,1.0,0.0,0.0,1.0,1.0,1.0,1.9423,1.1092,-5.8887,1.0441,18.2107,28.5651,17.58,18.4037,18.4037,-1.479,-5.8887,-5.8887
TEM,68.8499984741211,68.85,2026-09-15,False,61.880001068115234,68.93900299072266,10.67,-16.71,BAJO,12625019904.0,,17492.5,28.32,-67.44,-8.55,-20.11,-17.77,-0.74,-68.54,3.25,3.3,4.0,YAHOO,-0.2708,-0.5198,-0.1048,0.056942,0.5387,-0.5287,80.73,2026-11-03,48,,,yahoo,0.0,1.0,0.0,1.0,0.0,1.0,0.0,1.0,0.0,7.0929,9.199,28.4755,31.594,101.3211,91.1147,72.69,72.69,103.25,-5.2827,-5.2827,-33.3172
MRSH,179.75999450683594,179.76,2026-09-15,False,178.27999877929688,181.39999389648438,-0.37,-4.99,BAJO,84351860736.0,21.56,15.49,5.56,25.9,7.24,26.32,14.24,5.67,13.57,1.45,1.14,6.0,YAHOO,-0.2708,-0.5198,-0.1048,0.056942,0.5387,-0.5287,80.73,2026-10-15,29,,,yahoo,1.0,0.0,1.0,1.0,1.0,0.0,1.0,0.0,1.0,-0.421,-5.2898,-0.7538,8.7773,17.195,28.4142,194.67,197.59,203.7672,-7.6591,-9.0237,-11.7817
CEPU,13.829999923706055,13.83,2026-09-15,False,13.640000343322754,13.899999618530273,-1.21,67.05,BAJO,2047312128.0,6.5,8.13,1.07,19.03,7.21,24.84,28.78,-2049.09,1.24,0.33,1.28,7.0,YAHOO,-0.2708,-0.5198,-0.1048,0.056942,0.5387,-0.5287,80.73,2026-11-11,56,,,yahoo,1.0,1.0,1.0,1.0,0.0,1.0,1.0,0.0,1.0,-1.7058,1.5419,-3.8916,-12.7995,32.2362,38.8405,14.48,15.55,17.95,-4.4889,-11.0611,-22.9526
BMA,76.0199966430664,76.02,2026-09-15,False,75.16000366210938,77.05999755859375,-1.3,88.49,BAJO,4868957184.0,19.78,6.72,1.2,5.36,1.31,26.07,8.39,,,,,5.0,YAHOO,-0.2708,-0.5198,-0.1048,0.056942,0.5387,-0.5287,80.73,2026-11-25,70,2026-08-19,28.0,yahoo,,,,,,,,,,-2.9119,-3.3808,-16.3328,-23.4926,6.4423,43.8399,79.18,97.63,101.1279,-3.9909,-22.1346,-24.8278
SUPV,8.34000015258789,8.34,2026-09-15,False,8.1899995803833,8.399999618530273,-1.53,58.01,BAJO,791033664.0,,6.82,0.94,-8.01,-1.15,3.31,-11.23,,,,,2.0,YAHOO,-0.2708,-0.5198,-0.1048,0.056942,0.5387,-0.5287,80.73,2026-11-17,62,,,yahoo,0.0,0.0,1.0,1.0,0.0,0.0,0.0,0.0,0.0,-4.1379,-4.5767,-13.6646,-26.1293,16.9817,53.7326,8.86,10.32,12.86,-5.8691,-19.186,-35.1477
EDN,23.899999618530273,23.9,2026-09-15,False,23.790000915527344,24.399999618530273,-1.97,45.52,BAJO,1130838401.22,7.34,17.46,0.57,9.59,3.09,5.14,7.2,-10082.52,0.83,0.62,1.46,6.0,YAHOO,-0.2708,-0.5198,-0.1048,0.056942,0.5387,-0.5287,80.73,2026-11-06,51,,,yahoo,1.0,0.0,1.0,0.0,0.0,1.0,1.0,1.0,1.0,-3.1997,1.2283,-3.9775,-16.8406,24.2031,44.6331,25.07,27.27,35.71,-4.6669,-12.3579,-33.072
TGS,29.68000030517578,29.68,2026-09-15,False,29.1299991607666,29.950000762939453,0.27,42.54,BAJO,4375047168.0,13.09,11.1,1.86,15.98,9.91,40.71,28.02,8211.28,-0.48,0.43,3.67,6.0,YAHOO,-0.2708,-0.5198,-0.1048,0.056942,0.5387,-0.5287,80.73,2026-11-03,48,,,yahoo,1.0,0.0,1.0,1.0,0.0,1.0,1.0,1.0,0.0,0.2364,2.699,-0.3358,-8.3951,42.7187,35.1804,30.74,31.83,35.32,-3.4483,-6.7546,-15.9683
TEO,13.9399995803833,13.94,2026-09-15,False,13.5,14.079999923706055,1.01,98.47,BAJO,5944178907.6,11.6,14.56,1.01,10.83,3.12,13.95,8.91,13635.6,1.98,0.67,0.58,6.0,YAHOO,-0.2708,-0.5198,-0.1048,0.056942,0.5387,-0.5287,80.73,2026-11-09,54,,,yahoo,,,,,,,,,,6.5749,4.9699,4.7333,-7.7432,46.5452,31.761,13.94,14.3,15.98,0.0,-2.5175,-12.766
IRS,15.359999656677246,15.36,2026-09-15,False,15.0,15.4399995803833,0.66,32.8,BAJO,1302832256.0,4.74,59.46,0.83,22.48,4.07,44.36,72.51,13228.17,3.93,0.45,0.6,2.0,YAHOO,-0.2708,-0.5198,-0.1048,0.056942,0.5387,-0.5287,80.73,2026-11-04,49,2026-08-31,16.0,yahoo,1.0,0.0,1.0,0.0,0.0,0.0,0.0,0.0,0.0,1.6545,2.6738,1.4531,-11.1111,18.605,25.6987,15.57,16.3,18.41,-1.3487,-5.7669,-16.5671
LOMA,9.6899995803833,9.69,2026-09-15,False,9.494999885559082,9.8100004196167,0.83,30.92,BAJO,1120287744.0,40.0,12.47,1.3,3.82,2.65,6.84,5.13,-3070.37,1.63,0.24,2.25,5.0,YAHOO,-0.2708,-0.5198,-0.1048,0.056942,0.5387,-0.5287,80.73,2026-11-05,50,,,yahoo,1.0,0.0,1.0,1.0,0.0,1.0,1.0,0.0,0.0,-4.532,-3.5821,-14.5503,-20.9625,28.4565,39.2686,10.41,12.2,13.12,-6.9164,-20.5738,-26.1433
GLOB,40.099998474121094,40.1,2026-09-15,False,39.48699951171875,41.189998626708984,-0.96,-25.47,BAJO,1656799488.0,14.99,6.18,0.78,5.48,4.67,4.86,4.63,,5.25,0.24,1.84,4.0,YAHOO,-0.2708,-0.5198,-0.1048,0.056942,0.5387,-0.5287,80.73,2026-11-19,64,,,yahoo,1.0,0.0,1.0,1.0,0.0,0.0,1.0,0.0,0.0,8.028,-1.4984,24.5342,8.7605,54.6418,62.5799,40.71,40.99,71.21,-1.4984,-2.1713,-43.6877
BBAR,14.5600004196167,14.56,2026-09-15,False,14.359999656677246,14.800000190734863,-1.62,71.62,BAJO,2963474432.0,13.56,13.2,1.07,8.12,1.24,19.02,8.62,,,,,4.0,YAHOO,-0.2708,-0.5198,-0.1048,0.056942,0.5387,-0.5287,80.73,2026-11-24,69,2026-08-27,20.0,yahoo,1.0,0.0,1.0,1.0,0.0,0.0,1.0,0.0,0.0,-2.4129,-3.8309,-25.2241,-29.062,27.5954,51.4126,15.34,21.075,21.7253,-5.0847,-30.9136,-32.9814
LND,3.5799999237060547,3.58,2026-09-15,False,3.559999942779541,3.5999999046325684,-0.83,-6.26,BAJO,357619490.63,,,0.9,-4.28,-0.88,4.64,-10.07,-96.8,60.23,0.71,1.54,2.0,YAHOO,-0.2708,-0.5198,-0.1048,0.056942,0.5387,-0.5287,80.73,2026-11-05,50,2026-09-03,13.0,finnhub,0.0,0.0,1.0,1.0,0.0,0.0,0.0,0.0,0.0,-6.0367,-5.7895,-3.7634,-3.7634,27.4861,21.9448,3.87,3.87,4.37,-7.4935,-7.4935,-18.0778
AGRO,11.5600004196167,11.56,2026-09-15,False,11.4399995803833,11.779999732971191,-1.37,46.02,BAJO,1676858624.0,30.58,8.35,0.96,3.69,2.47,17.0,3.0,-7.65,9.09,1.24,1.73,2.0,YAHOO,-0.2708,-0.5198,-0.1048,0.056942,0.5387,-0.5287,80.73,2026-11-11,56,,,yahoo,0.0,0.0,1.0,1.0,0.0,0.0,0.0,0.0,0.0,-5.5556,1.5817,16.4149,6.0551,29.2171,48.559,12.46,12.46,15.18,-7.2231,-7.2231,-23.8472
USB,62.220001220703125,62.22,2026-09-15,False,61.86000061035156,63.18000030517578,-0.73,33.67,BAJO,93062414336.0,12.42,10.32,1.54,12.62,1.16,39.65,29.9,,,,,6.0,YAHOO,-0.2708,-0.5198,-0.1048,0.056942,0.5387,-0.5287,80.73,2026-10-15,29,,,yahoo,1.0,1.0,1.0,1.0,0.0,0.0,1.0,0.0,1.0,-0.4321,1.0393,-2.7964,8.5871,10.462,19.2434,64.79,65.42,65.42,-3.9667,-4.8915,-4.8915
IBKR,88.80000305175781,88.8,2026-09-15,False,87.5,90.4800033569336,-2.15,45.66,BAJO,147788955648.0,34.42,27.22,6.62,24.02,2.28,76.53,16.47,,,2.06,1.09,4.0,YAHOO,-0.2708,-0.5198,-0.1048,0.056942,0.5387,-0.5287,80.73,2026-10-20,34,,,yahoo,1.0,0.0,1.0,1.0,0.0,0.0,0.0,1.0,0.0,-2.3854,-8.6439,-3.6109,-4.1824,29.1291,42.7149,98.1012,98.1012,98.1012,-9.4812,-9.4812,-9.4812
DAL,78.88999938964844,78.89,2026-09-15,False,77.98999786376953,80.08000183105469,-1.14,38.93,BAJO,51209109504.0,12.91,9.1,2.33,20.12,4.02,7.92,5.78,5.5,9.06,0.97,0.42,6.0,YAHOO,-0.2708,-0.5198,-0.1048,0.056942,0.5387,-0.5287,80.73,2026-10-08,22,,,yahoo,1.0,1.0,1.0,1.0,1.0,1.0,0.0,0.0,0.0,-0.0887,1.141,-9.0081,-5.9298,22.9748,30.8586,85.7,93.4293,93.4293,-7.9463,-15.5618,-15.5618
BIIB,216.1699981689453,216.17,2026-09-15,False,213.5399932861328,216.7100067138672,-0.55,53.24,BAJO,31916341248.0,38.44,13.06,1.69,4.58,5.21,25.06,8.32,3.97,11.61,0.44,1.86,4.0,YAHOO,-0.2708,-0.5198,-0.1048,0.056942,0.5387,-0.5287,80.73,2026-10-29,43,,,yahoo,1.0,0.0,1.0,1.0,0.0,1.0,0.0,0.0,0.0,1.7271,-0.2216,3.4702,8.825,18.9155,39.4651,224.51,224.51,224.51,-3.7148,-3.7148,-3.7148
SYY,79.5999984741211,79.6,2026-09-15,False,79.1500015258789,82.12000274658203,-4.72,4.9,BAJO,37746819072.0,21.51,14.65,14.13,77.69,7.97,4.84,2.08,5.07,11.35,5.65,1.28,6.0,YAHOO,-0.2708,-0.5198,-0.1048,0.056942,0.5387,-0.5287,80.73,2026-11-03,48,,,yahoo,1.0,0.0,1.0,1.0,1.0,1.0,0.0,1.0,0.0,-0.3006,-1.8254,-3.2219,0.5491,44.026,21.0084,84.1,85.32,89.8822,-5.3508,-6.7042,-11.4396
MDT,93.75,93.75,2026-09-15,False,92.7300033569336,94.69999694824219,-0.05,6.01,BAJO,118448168960.0,22.81,14.45,2.36,10.65,5.12,19.33,13.93,4.57,13.3,0.55,2.07,7.0,YAHOO,-0.2708,-0.5198,-0.1048,0.056942,0.5387,-0.5287,80.73,2026-11-17,62,2026-09-01,15.0,yahoo,1.0,1.0,1.0,1.0,0.0,1.0,1.0,0.0,1.0,1.472,3.4197,12.1948,17.6858,27.9516,27.0909,94.17,94.17,102.8065,-0.446,-0.446,-8.8093
MS,206.27999877929688,206.28,2026-09-15,False,200.39999389648438,207.13999938964844,-0.15,37.09,BAJO,317914021888.0,16.35,14.84,2.99,17.97,1.34,41.57,25.9,,,5.17,2.0,3.0,YAHOO,-0.2708,-0.5198,-0.1048,0.056942,0.5387,-0.5287,80.73,2026-10-14,28,,,yahoo,1.0,1.0,0.0,0.0,0.0,0.0,1.0,0.0,0.0,-4.606,-3.3002,-5.0165,-4.8465,30.4155,28.8068,217.72,227.2988,227.2988,-5.2545,-9.2472,-9.2472
O,58.709999084472656,58.71,2026-09-15,False,58.52000045776367,59.41999816894531,-0.94,5.23,BAJO,54076362752.0,41.72,36.8,1.37,3.23,2.36,46.97,20.9,2.93,16.56,0.75,1.53,5.0,YAHOO,-0.2708,-0.5198,-0.1048,0.056942,0.5387,-0.5287,80.73,2026-11-02,47,,,yahoo,1.0,1.0,1.0,1.0,0.0,0.0,0.0,0.0,1.0,-3.7856,-4.1939,-9.9363,-4.2926,6.3866,16.4669,62.8938,65.1872,65.8234,-6.6522,-9.9363,-10.8068
DOW,29.850000381469727,29.85,2026-09-15,False,28.8700008392334,29.899999618530273,3.29,32.01,BAJO,21728010240.0,,16.57,1.37,-5.54,1.3,11.59,-3.13,1.09,9.7,1.12,1.75,3.0,YAHOO,-0.2708,-0.5198,-0.1048,0.056942,0.5387,-0.5287,80.73,2026-10-22,36,,,yahoo,0.0,0.0,1.0,1.0,0.0,1.0,0.0,0.0,0.0,0.9469,-2.1953,3.0594,-9.1291,35.8144,37.1808,32.5226,32.5226,40.973,-8.2176,-8.2176,-27.1472
AVY,171.52000427246094,171.52,2026-09-15,False,169.1999969482422,171.61000061035156,0.35,8.83,BAJO,13056781312.0,18.77,15.4,5.63,31.16,8.39,13.59,7.62,7.69,11.0,1.59,1.13,5.0,YAHOO,-0.2708,-0.5198,-0.1048,0.056942,0.5387,-0.5287,80.73,2026-10-21,35,,,yahoo,1.0,0.0,1.0,1.0,0.0,1.0,1.0,0.0,0.0,0.4804,-0.915,5.7996,7.9444,9.9593,27.7166,182.6485,182.6485,194.0973,-6.0929,-6.0929,-11.6319
SWKS,90.0,90.0,2026-09-15,False,79.43000030517578,90.30999755859375,13.55,29.92,BAJO,12878964736.0,44.35,17.25,2.24,5.09,3.44,8.82,7.23,3.48,14.5,0.12,3.1,6.0,YAHOO,-0.2708,-0.5198,-0.1048,0.056942,0.5387,-0.5287,80.73,2026-11-03,48,,,yahoo,1.0,0.0,1.0,1.0,1.0,0.0,1.0,0.0,1.0,19.3951,34.3083,56.1687,18.0173,166.2289,60.8621,90.0,90.0,90.0,0.0,0.0,0.0
IP,33.9900016784668,33.99,2026-09-15,False,33.63999938964844,34.599998474121094,-0.76,-19.31,BAJO,18037151744.0,,11.33,1.25,-16.48,1.59,2.3,-14.21,9.13,6.92,0.69,1.1,4.0,YAHOO,-0.2708,-0.5198,-0.1048,0.056942,0.5387,-0.5287,80.73,2026-10-28,42,,,yahoo,0.0,0.0,1.0,1.0,1.0,0.0,0.0,1.0,0.0,-6.8512,-10.3876,-9.2234,-5.5315,8.4624,42.8097,41.49,43.5936,47.4479,-18.0766,-22.0298,-28.3635
LVS,41.27000045776367,41.27,2026-09-15,False,41.2599983215332,42.459999084472656,-2.67,-18.17,BAJO,26594611200.0,15.98,11.7,45.77,122.87,9.55,19.66,12.59,8.32,8.4,17.04,1.0,8.0,YAHOO,-0.2708,-0.5198,-0.1048,0.056942,0.5387,-0.5287,80.73,2026-10-21,35,,,yahoo,1.0,1.0,1.0,1.0,0.0,1.0,1.0,1.0,1.0,-6.1619,-5.7978,-9.117,-16.4987,21.3907,25.299,47.27,49.5536,68.2933,-12.693,-16.7164,-39.5695
KLAC,168.02000427246094,168.02,2026-09-15,False,165.92999267578125,172.07000732421875,-0.63,73.23,BAJO,218663682048.0,45.73,24.96,34.45,87.5,20.8,42.49,35.57,1.2,36.46,0.97,2.88,7.0,YAHOO,-0.2708,-0.5198,-0.1048,0.056942,0.5387,-0.5287,80.73,2026-10-28,42,,,yahoo,1.0,1.0,1.0,0.0,1.0,1.0,1.0,1.0,0.0,-11.0911,-4.2348,-23.3214,-34.4006,56.552,74.9618,194.79,301.3694,301.3694,-13.743,-44.2478,-44.2478
DECK,77.51000213623047,77.51,2026-09-15,False,77.37000274658203,80.54000091552734,-3.76,-32.27,BAJO,10616737792.0,11.09,9.36,4.63,42.56,20.32,15.23,18.36,8.21,7.16,0.21,2.75,6.0,YAHOO,-0.2708,-0.5198,-0.1048,0.056942,0.5387,-0.5287,80.73,2026-10-22,36,,,yahoo,1.0,1.0,1.0,1.0,0.0,0.0,1.0,0.0,1.0,-6.1622,-10.9899,-28.9095,-31.1022,35.9223,38.324,92.08,109.03,120.94,-15.8232,-28.9095,-35.9104
IFF,84.23999786376953,84.24,2026-09-15,False,82.91000366210938,84.69000244140625,0.97,36.44,BAJO,21534658560.0,,21.31,1.54,-5.55,2.27,8.49,2.57,-7.99,14.25,0.45,2.06,5.0,YAHOO,-0.2708,-0.5198,-0.1048,0.056942,0.5387,-0.5287,80.73,2026-11-03,48,,,yahoo,0.0,0.0,1.0,1.0,1.0,0.0,0.0,1.0,1.0,-1.6118,-2.4209,8.5567,8.0722,10.6751,33.6674,87.95,88.07,88.07,-4.2183,-4.3488,-4.3488
SNA,374.82000732421875,374.82,2026-09-15,False,374.2799987792969,379.739990234375,-0.78,15.73,BAJO,19293184000.0,19.03,17.48,3.19,17.93,9.85,25.4,19.6,5.75,13.41,0.22,3.43,6.0,YAHOO,-0.2708,-0.5198,-0.1048,0.056942,0.5387,-0.5287,80.73,2026-10-15,29,,,yahoo,1.0,0.0,1.0,1.0,1.0,1.0,1.0,0.0,0.0,-1.332,-2.9743,-9.115,-2.4531,10.778,18.4439,397.48,416.7245,416.7245,-5.7009,-10.0557,-10.0557
NUE,258.82000732421875,258.82,2026-09-15,False,255.11000061035156,261.0,1.65,87.68,BAJO,59141951488.0,20.8,13.08,2.68,14.55,7.32,15.67,7.99,1.16,11.39,0.31,2.51,6.0,YAHOO,-0.2708,-0.5198,-0.1048,0.056942,0.5387,-0.5287,80.73,2026-10-26,40,,,yahoo,1.0,0.0,1.0,1.0,0.0,1.0,1.0,0.0,1.0,0.9438,3.6773,9.8231,0.0523,28.1127,36.1108,264.19,274.74,274.74,-2.0326,-5.7946,-5.7946
PLD,135.83999633789062,135.84,2026-09-15,False,133.6699981689453,136.0,0.48,25.14,BAJO,130007506944.0,30.19,39.28,2.33,7.75,2.52,43.03,43.58,4.16,24.43,0.64,0.65,4.0,YAHOO,-0.2708,-0.5198,-0.1048,0.056942,0.5387,-0.5287,80.73,2026-10-15,29,,,yahoo,1.0,0.0,1.0,1.0,0.0,0.0,0.0,0.0,1.0,-1.9064,-2.916,-9.4762,-7.8614,13.7144,22.2422,143.36,150.06,150.06,-5.2455,-9.4762,-9.4762
EFX,167.0800018310547,167.08,2026-09-15,False,166.5,172.10000610351562,-3.02,-31.8,BAJO,19244025856.0,29.3,16.1,4.4,14.27,6.16,17.3,10.73,4.92,13.03,1.21,0.6,8.0,YAHOO,-0.2708,-0.5198,-0.1048,0.056942,0.5387,-0.5287,80.73,2026-10-20,34,,,yahoo,1.0,1.0,1.0,1.0,1.0,0.0,1.0,1.0,1.0,-2.6454,-11.6727,-6.7126,1.4733,33.2857,43.7884,194.0692,194.0692,259.3654,-13.907,-13.907,-35.5812
DE,684.0399780273438,684.04,2026-09-15,False,680.5900268554688,689.3699951171875,0.38,50.05,BAJO,180506116096.0,37.21,29.48,6.45,18.24,3.76,13.37,10.17,2.5,28.15,2.3,2.13,5.0,YAHOO,-0.2708,-0.5198,-0.1048,0.056942,0.5387,-0.5287,80.73,2026-11-25,70,2026-08-20,27.0,yahoo,1.0,0.0,1.0,1.0,0.0,1.0,1.0,0.0,0.0,0.4862,4.4479,14.2027,19.1744,7.7909,34.8628,698.37,698.37,698.37,-2.0519,-2.0519,-2.0519
DHR,209.36000061035156,209.36,2026-09-15,False,202.6199951171875,209.5500030517578,3.01,14.27,BAJO,146474172416.0,37.34,22.41,2.79,7.61,3.95,19.78,15.95,2.95,21.26,0.53,1.65,5.0,YAHOO,-0.2708,-0.5198,-0.1048,0.056942,0.5387,-0.5287,80.73,2026-10-20,34,,,yahoo,1.0,0.0,1.0,1.0,0.0,1.0,1.0,0.0,0.0,2.0124,-1.9667,2.1219,15.8445,35.0961,39.6938,218.85,218.85,241.0351,-4.3363,-4.3363,-13.1413
LIN,462.9599914550781,462.96,2026-09-15,False,459.5799865722656,464.0400085449219,-0.31,0.84,BAJO,213014315008.0,29.79,23.63,5.45,18.4,7.16,28.12,20.43,1.95,17.2,0.69,0.88,5.0,YAHOO,-0.2708,-0.5198,-0.1048,0.056942,0.5387,-0.5287,80.73,2026-10-30,44,,,yahoo,1.0,0.0,1.0,1.0,0.0,0.0,1.0,1.0,0.0,-1.1572,-5.1259,-10.803,-10.9295,13.7484,20.9854,488.7206,544.8458,544.8458,-5.271,-15.0292,-15.0292
SPGI,412.5199890136719,412.52,2026-09-15,False,411.6400146484375,416.6000061035156,-1.44,-16.72,BAJO,119912849408.0,24.77,20.12,3.81,14.26,7.03,44.79,30.54,4.54,16.78,0.43,0.95,7.0,YAHOO,-0.2708,-0.5198,-0.1048,0.056942,0.5387,-0.5287,80.73,2026-10-29,43,,,yahoo,1.0,1.0,1.0,1.0,0.0,0.0,1.0,1.0,1.0,-3.9109,-5.3506,-9.6055,3.052,27.2631,34.5642,450.58,456.3554,513.3384,-8.4469,-9.6055,-19.6398
TJX,124.5999984741211,124.6,2026-09-15,False,123.83999633789062,127.02999877929688,-1.1,-8.25,BAJO,135120805888.0,22.75,21.28,13.05,62.17,13.54,10.91,9.73,3.25,16.33,1.34,1.15,7.0,YAHOO,-0.2708,-0.5198,-0.1048,0.056942,0.5387,-0.5287,80.73,2026-11-18,63,2026-08-19,28.0,yahoo,1.0,1.0,1.0,1.0,1.0,0.0,1.0,1.0,0.0,-3.3509,-6.9524,-19.2499,-25.3014,9.2158,24.221,150.85,164.6505,167.8803,-17.4014,-24.3246,-25.7805
JCI,138.2899932861328,138.29,2026-09-15,False,137.1300048828125,140.42999267578125,0.38,31.43,BAJO,85088501760.0,38.91,23.13,6.31,14.33,5.4,15.88,14.32,3.51,21.42,0.7,1.0,6.0,YAHOO,-0.2708,-0.5198,-0.1048,0.056942,0.5387,-0.5287,80.73,2026-11-04,49,,,yahoo,1.0,1.0,1.0,0.0,0.0,0.0,1.0,1.0,1.0,-5.5203,0.0362,-2.1025,-5.3197,53.5948,31.7199,149.68,154.76,154.76,-7.6096,-10.6423,-10.6423
ADP,276.5299987792969,276.53,2026-09-15,False,273.5400085449219,278.5199890136719,-0.04,0.24,BAJO,108528214016.0,25.25,20.39,18.02,72.24,6.25,23.46,20.11,4.83,17.34,0.91,1.05,6.0,YAHOO,-0.2708,-0.5198,-0.1048,0.056942,0.5387,-0.5287,80.73,2026-10-28,42,,,yahoo,1.0,0.0,1.0,1.0,0.0,1.0,1.0,1.0,0.0,3.8587,-2.7468,8.4736,24.6751,21.3398,30.7804,285.6519,285.6519,285.6519,-3.1934,-3.1934,-3.1934
ECL,274.6000061035156,274.6,2026-09-15,False,272.57000732421875,277.45001220703125,-0.07,5.24,BAJO,76832464896.0,36.84,29.11,7.64,21.96,7.23,18.52,12.57,1.92,20.71,1.38,1.84,6.0,YAHOO,-0.2708,-0.5198,-0.1048,0.056942,0.5387,-0.5287,80.73,2026-10-27,41,,,yahoo,1.0,0.0,1.0,1.0,1.0,0.0,1.0,1.0,0.0,-0.9998,-2.7791,-0.138,2.7924,14.8463,21.3586,289.83,289.83,305.8773,-5.2548,-5.2548,-10.2255
SHW,323.2200012207031,323.22,2026-09-15,False,318.9200134277344,325.54998779296875,-0.39,-6.21,BAJO,78037032960.0,29.85,23.64,20.13,65.12,9.52,18.12,11.01,3.21,19.69,3.9,0.73,6.0,YAHOO,-0.2708,-0.5198,-0.1048,0.056942,0.5387,-0.5287,80.73,2026-10-27,41,,,yahoo,1.0,0.0,1.0,1.0,0.0,1.0,1.0,1.0,0.0,-0.8801,-4.6014,-4.1914,1.1638,19.5208,32.2291,352.7746,368.8774,369.9613,-8.3778,-12.3774,-12.6341
ROST,226.25999450683594,226.26,2026-09-15,False,224.89999389648438,230.99000549316406,-1.64,57.56,BAJO,72111587328.0,27.31,25.14,10.66,42.63,12.78,13.58,10.85,2.78,19.89,0.7,1.61,6.0,YAHOO,-0.2708,-0.5198,-0.1048,0.056942,0.5387,-0.5287,80.73,2026-11-19,64,2026-08-20,27.0,yahoo,1.0,0.0,1.0,1.0,1.0,0.0,1.0,0.0,1.0,-1.3301,-0.8063,-2.588,-4.2542,26.2215,28.4121,241.0541,254.7377,254.7377,-6.1373,-11.1792,-11.1792
VRTX,514.6300048828125,514.63,2026-09-15,False,511.0,519.9400024414062,-0.94,33.29,BAJO,130091360256.0,29.86,25.49,6.42,23.54,11.93,38.05,35.0,2.02,24.35,0.1,3.19,6.0,YAHOO,-0.2708,-0.5198,-0.1048,0.056942,0.5387,-0.5287,80.73,2026-11-02,47,,,yahoo,1.0,1.0,1.0,0.0,0.0,1.0,1.0,1.0,0.0,-2.6981,-5.4892,5.8844,14.2454,15.1624,30.2538,557.96,557.96,557.96,-7.7658,-7.7658,-7.7658
DD,128.0399932861328,128.04,2026-09-15,False,123.01000213623047,128.2899932861328,3.02,37.02,BAJO,17227431936.0,54.75,16.02,1.25,1.79,2.07,14.24,0.79,10.65,11.86,0.23,2.43,6.0,YAHOO,-0.2708,-0.5198,-0.1048,0.056942,0.5387,-0.5287,80.73,2026-11-05,50,,,yahoo,0.0,0.0,1.0,1.0,1.0,0.0,1.0,1.0,1.0,-2.4977,-4.8666,-4.2346,-11.6857,34.1753,23.6748,139.0682,146.7245,152.6918,-7.93,-12.7344,-16.1448
HOOD,110.44999694824219,110.45,2026-09-15,False,105.85900115966797,112.8499984741211,-3.39,-1.4,BAJO,93882171392.0,48.79,30.85,9.9,23.62,4.53,43.88,42.01,,,2.4,1.12,4.0,YAHOO,-0.2708,-0.5198,-0.1048,0.056942,0.5387,-0.5287,80.73,2026-11-04,49,,,yahoo,1.0,0.0,1.0,0.0,0.0,0.0,0.0,1.0,1.0,-5.8718,5.3812,4.1785,12.5662,32.8908,73.5884,124.72,124.72,152.46,-11.4416,-11.4416,-27.5548
GEV,882.8099975585938,882.81,2026-09-15,False,875.239990234375,894.7899780273438,0.92,43.15,BAJO,246382542848.0,26.53,36.55,20.61,82.58,2.54,7.47,23.04,6.38,60.74,0.28,0.85,7.0,YAHOO,-0.2708,-0.5198,-0.1048,0.056942,0.5387,-0.5287,80.73,2026-10-28,42,,,yahoo,1.0,1.0,1.0,1.0,1.0,0.0,1.0,1.0,0.0,-9.1114,-1.7495,-14.8048,-9.7857,84.135,56.8115,1004.53,1174.86,1174.86,-12.1171,-24.8583,-24.8583
DELL,543.510009765625,543.51,2026-09-15,False,539.0,568.6699829101562,1.73,336.51,BAJO,358146932736.0,31.65,19.65,-254.65,,8.64,12.02,7.52,1.68,20.83,,0.96,7.0,YAHOO,-0.2708,-0.5198,-0.1048,0.056942,0.5387,-0.5287,80.73,2026-11-27,72,2026-09-01,15.0,yahoo,1.0,1.0,1.0,1.0,1.0,1.0,1.0,0.0,0.0,1.8038,19.1882,39.0996,33.0843,131.946,83.2696,567.29,567.29,567.29,-4.1919,-4.1919,-4.1919
GLW,143.57000732421875,143.57,2026-09-15,False,142.60000610351562,147.24000549316406,-0.02,88.13,BAJO,124177752064.0,66.43,33.14,10.4,16.81,5.37,15.65,11.2,0.59,32.1,0.71,1.81,7.0,YAHOO,-0.2708,-0.5198,-0.1048,0.056942,0.5387,-0.5287,80.73,2026-10-27,41,,,yahoo,1.0,1.0,1.0,1.0,1.0,0.0,0.0,1.0,1.0,-13.4912,-3.4694,-9.186,-23.4403,110.9198,92.9731,168.46,255.2094,255.2094,-14.775,-43.7442,-43.7442
WDC,411.9599914550781,411.96,2026-09-15,False,407.1199951171875,430.25,-3.51,305.5,BAJO,150334750720.0,15.31,13.13,22.45,130.85,20.76,43.61,72.95,1.51,29.98,13.44,1.33,6.0,YAHOO+FINNHUB,-0.2708,-0.5198,-0.1048,0.056942,0.5387,-0.5287,80.73,2026-11-05,50,,,yahoo,1.0,1.0,1.0,0.0,0.0,1.0,0.0,1.0,1.0,-13.6895,-8.5357,-11.7216,-36.9436,11.7995,93.2761,496.0008,732.3849,745.9905,-16.9437,-43.7509,-44.7768
FISV,50.02000045776367,50.02,2026-09-15,False,49.93000030517578,51.130001068115234,-1.9,-59.88,BAJO,26295865344.0,9.58,6.12,0.98,10.77,3.49,23.07,,,,1.04,1.04,5.0,YAHOO+FINNHUB,-0.2708,-0.5198,-0.1048,0.056942,0.5387,-0.5287,80.73,2026-10-28,42,,,yahoo,1.0,1.0,1.0,1.0,0.0,0.0,1.0,0.0,0.0,-1.6516,-6.1715,-3.2869,4.4041,52.1866,39.1929,53.31,55.78,134.32,-6.1715,-10.3263,-62.7606
BKR,56.720001220703125,56.72,2026-09-15,False,56.029998779296875,57.47999954223633,-0.11,26.88,BAJO,55907401728.0,18.11,18.1,2.81,16.46,4.85,12.83,11.17,7.9,11.43,0.81,2.1,7.0,YAHOO,-0.2708,-0.5198,-0.1048,0.056942,0.5387,-0.5287,80.73,2026-10-22,36,,,yahoo,1.0,0.0,1.0,1.0,1.0,1.0,1.0,1.0,0.0,-11.2641,-10.7474,0.6874,-8.8558,48.7264,32.9349,64.63,64.9,69.1833,-12.2389,-12.604,-18.0149
CCL,22.110000610351562,22.11,2026-09-15,False,21.93000030517578,22.81999969482422,-1.99,-25.68,BAJO,30611658752.0,9.98,8.55,2.36,26.69,5.37,12.79,11.24,6.2,7.43,2.02,0.33,8.0,YAHOO,-0.2708,-0.5198,-0.1048,0.056942,0.5387,-0.5287,80.73,2026-09-29,13,,,yahoo,1.0,1.0,1.0,1.0,1.0,1.0,0.0,1.0,1.0,-4.6983,-7.4508,-17.2532,-26.2092,21.6298,34.8511,27.27,30.0327,33.4524,-18.9219,-26.3803,-33.9062
BKNG,171.32000732421875,171.32,2026-09-15,False,169.89999389648438,175.0,-2.3,-19.85,BAJO,128786612224.0,19.04,13.85,-12.05,,20.38,34.41,25.53,6.0,12.72,,1.09,6.0,YAHOO,-0.2708,-0.5198,-0.1048,0.056942,0.5387,-0.5287,80.73,2026-10-27,41,,,yahoo,1.0,0.0,1.0,1.0,0.0,1.0,1.0,0.0,1.0,-4.7511,-13.7406,-6.9748,-1.6641,22.452,42.8872,213.265,213.9034,221.006,-19.668,-19.9078,-22.4817
HWM,224.6699981689453,224.67,2026-09-15,False,223.27999877929688,232.1699981689453,-1.08,21.37,BAJO,90819043328.0,48.35,35.26,15.89,34.73,12.81,28.5,20.52,1.31,33.54,0.81,1.82,8.0,YAHOO,-0.2708,-0.5198,-0.1048,0.056942,0.5387,-0.5287,80.73,2026-11-05,50,,,yahoo,1.0,1.0,1.0,1.0,1.0,0.0,1.0,1.0,1.0,-2.9629,-8.2792,-17.114,-16.8841,18.4076,37.8107,292.65,292.65,292.65,-23.2291,-23.2291,-23.2291
WELL,232.75999450683594,232.76,2026-09-15,False,229.74000549316406,234.3699951171875,-0.62,42.23,BAJO,168974139392.0,105.16,73.74,3.63,3.84,0.83,16.56,12.15,1.63,56.28,0.41,1.32,7.0,YAHOO,-0.2708,-0.5198,-0.1048,0.056942,0.5387,-0.5287,80.73,2026-10-26,40,,,yahoo,1.0,0.0,1.0,1.0,1.0,1.0,0.0,1.0,1.0,-1.8925,-1.4731,-3.2512,9.7823,5.0446,21.9332,241.56,251.122,251.122,-3.643,-7.312,-7.312
XYZ,78.30999755859375,78.31,2026-09-15,False,77.87000274658203,80.2699966430664,-1.48,7.34,BAJO,46038921216.0,136.84,14.83,2.09,1.61,2.01,7.0,1.43,-0.06,30.0,0.33,2.21,6.0,YAHOO,-0.2708,-0.5198,-0.1048,0.056942,0.5387,-0.5287,80.73,2026-11-09,54,,,yahoo,1.0,0.0,1.0,1.0,1.0,0.0,1.0,1.0,0.0,-2.2347,-4.5233,-3.9377,5.3262,13.1665,38.4835,84.85,84.85,84.85,-7.7077,-7.7077,-7.7077
A,150.27000427246094,150.27,2026-09-15,False,147.0,150.9600067138672,2.36,22.98,BAJO,43335327744.0,29.67,22.74,5.89,20.97,8.63,25.56,19.53,2.45,21.98,0.56,2.05,,YAHOO,-0.2708,-0.5198,-0.1048,0.056942,0.5387,-0.5287,80.73,2026-11-25,70,2026-08-26,21.0,yahoo,1.0,0.0,1.0,1.0,1.0,0.0,1.0,0.0,0.0,2.3289,-2.1425,10.4115,15.2914,29.4407,28.5388,159.0,159.0,159.0,-5.4906,-5.4906,-5.4906
ACGL,97.04000091552734,97.04,2026-09-15,False,95.91999816894531,98.38999938964844,-0.93,10.4,BAJO,33088989184.0,7.59,9.94,1.42,19.94,4.12,26.58,24.4,13.0,6.04,0.18,0.59,,YAHOO,-0.2708,-0.5198,-0.1048,0.056942,0.5387,-0.5287,80.73,2026-10-26,40,,,yahoo,1.0,0.0,1.0,1.0,1.0,0.0,1.0,0.0,1.0,1.3896,-1.0503,-2.9988,6.0546,19.2077,23.5349,101.14,106.48,106.48,-4.0538,-8.8655,-8.8655
ADM,86.61000061035156,86.61,2026-09-15,False,86.01000213623047,88.12000274658203,0.2,49.68,BAJO,40966565888.0,23.61,14.82,1.74,7.64,2.26,4.01,2.16,2.84,16.53,0.39,1.39,,YAHOO,-0.2708,-0.5198,-0.1048,0.056942,0.5387,-0.5287,80.73,2026-11-03,48,,,yahoo,1.0,0.0,1.0,1.0,1.0,0.0,0.0,0.0,0.0,2.497,6.5445,5.0117,9.9529,5.5179,26.5945,86.91,86.91,86.91,-0.3452,-0.3452,-0.3452
ADSK,226.5,226.5,2026-09-15,False,222.5399932861328,232.63999938964844,-1.06,-27.04,BAJO,46044790784.0,28.54,15.5,13.61,53.85,11.47,29.23,21.08,6.86,20.51,1.1,0.85,,YAHOO,-0.2708,-0.5198,-0.1048,0.056942,0.5387,-0.5287,80.73,2026-11-27,72,2026-08-27,20.0,yahoo,1.0,0.0,1.0,1.0,0.0,1.0,1.0,1.0,1.0,6.7339,-12.3893,4.349,14.0483,61.5216,47.4607,270.58,270.58,324.86,-16.2909,-16.2909,-30.2777
AEE,103.0199966430664,103.02,2026-09-15,False,102.62000274658203,104.83000183105469,-0.91,7.86,BAJO,28525930496.0,18.14,17.74,2.08,11.94,3.06,25.24,18.58,-6.26,12.9,1.58,0.53,,YAHOO,-0.2708,-0.5198,-0.1048,0.056942,0.5387,-0.5287,80.73,2026-11-04,49,,,yahoo,1.0,1.0,1.0,1.0,1.0,0.0,0.0,0.0,1.0,-3.4761,-2.1311,-8.2663,-5.3109,7.9991,19.3164,108.8975,117.4865,117.4865,-5.3972,-12.3134,-12.3134
AEP,120.61000061035156,120.61,2026-09-15,False,120.41000366210938,122.77999877929688,-1.33,16.39,BAJO,65703321600.0,20.92,17.6,2.05,10.13,2.98,23.25,13.78,-9.13,13.27,1.61,0.5,,YAHOO,-0.2708,-0.5198,-0.1048,0.056942,0.5387,-0.5287,80.73,2026-10-29,43,,,yahoo,1.0,1.0,1.0,1.0,0.0,1.0,0.0,0.0,0.0,-3.8351,-1.4866,-8.7146,-6.0179,8.0952,18.8919,126.35,137.6421,137.6421,-4.5429,-12.3742,-12.3742
AES,14.800000190734863,14.8,2026-09-15,False,14.800000190734863,14.829999923706055,0.0,21.65,BAJO,10566027264.0,5.55,6.25,2.14,9.57,2.96,18.67,14.34,-29.24,12.17,2.57,0.75,,YAHOO,-0.2708,-0.5198,-0.1048,0.056942,0.5387,-0.5287,80.73,2026-11-04,49,,,yahoo,1.0,0.0,1.0,1.0,1.0,0.0,0.0,0.0,0.0,-0.2023,0.4071,1.1994,2.0266,1.3839,3.1199,14.83,14.83,16.8672,-0.2023,-0.2023,-12.2559
AFL,117.55000305175781,117.55,2026-09-15,False,116.02999877929688,117.7699966430664,0.46,13.11,BAJO,58561908736.0,12.6,15.49,1.94,16.91,3.13,25.72,26.91,8.8,10.85,0.53,0.89,,YAHOO,-0.2708,-0.5198,-0.1048,0.056942,0.5387,-0.5287,80.73,2026-11-04,49,,,yahoo,1.0,0.0,1.0,0.0,0.0,0.0,1.0,0.0,0.0,2.0754,1.4674,-3.9652,1.0106,11.3717,18.6,121.12,128.9008,128.9008,-2.9475,-8.8059,-8.8059
AIZ,286.1099853515625,286.11,2026-09-15,False,281.2799987792969,286.55999755859375,1.0,41.63,BAJO,13986247680.0,13.7,12.1,2.3,18.34,2.56,11.73,7.9,15.37,8.15,0.36,0.38,,YAHOO,-0.2708,-0.5198,-0.1048,0.056942,0.5387,-0.5287,80.73,2026-11-03,48,,,yahoo,1.0,1.0,1.0,1.0,0.0,0.0,1.0,0.0,1.0,1.8149,1.5078,4.1948,10.6121,5.7652,21.9876,287.71,300.641,300.641,-0.5561,-4.8333,-4.8333
AJG,248.0399932861328,248.04,2026-09-15,False,247.8699951171875,254.58999633789062,-2.08,-10.87,BAJO,62490808320.0,40.43,16.37,2.63,6.72,2.32,19.16,10.38,3.33,17.8,0.59,1.05,,YAHOO,-0.2708,-0.5198,-0.1048,0.056942,0.5387,-0.5287,80.73,2026-10-29,43,,,yahoo,1.0,0.0,1.0,1.0,1.0,0.0,0.0,1.0,1.0,-1.3561,-5.1296,-2.8239,15.2789,53.7792,36.6735,271.2652,271.2652,306.8697,-8.5618,-8.5618,-19.1709
AKAM,105.4000015258789,105.4,2026-09-15,False,103.93000030517578,107.41999816894531,-0.16,40.26,BAJO,15015512064.0,37.86,14.49,3.16,8.92,2.52,7.63,9.51,4.73,19.57,1.97,1.64,,YAHOO,-0.2708,-0.5198,-0.1048,0.056942,0.5387,-0.5287,80.73,2026-11-05,50,,,yahoo,1.0,0.0,1.0,1.0,0.0,1.0,1.0,0.0,0.0,-0.1988,-2.9645,-11.2869,-21.4605,22.7085,51.8625,115.2,129.52,161.14,-8.5069,-18.6226,-34.591
ALB,113.44999694824219,113.45,2026-09-15,False,112.5,115.75,-1.37,44.01,BAJO,12918013952.0,405.44,9.69,1.61,2.65,3.16,27.71,3.79,10.33,10.96,0.19,2.09,,YAHOO,-0.2708,-0.5198,-0.1048,0.056942,0.5387,-0.5287,80.73,2026-11-04,49,,,yahoo,0.0,1.0,1.0,1.0,0.0,1.0,0.0,1.0,0.0,-12.1462,-15.6611,-4.711,-32.6038,14.6511,42.6221,142.769,156.1639,214.3488,-20.536,-27.352,-47.0723
ALGN,147.0,147.0,2026-09-15,False,146.82000732421875,152.49000549316406,-3.92,14.57,BAJO,10687945728.0,26.12,11.99,2.53,10.15,7.56,18.25,9.99,5.56,10.22,0.03,1.4,,YAHOO,-0.2708,-0.5198,-0.1048,0.056942,0.5387,-0.5287,80.73,2026-10-28,42,,,yahoo,1.0,0.0,1.0,1.0,1.0,1.0,1.0,0.0,1.0,-4.2283,-8.0043,-17.6055,-17.5362,36.4762,39.3961,167.91,188.39,197.51,-12.4531,-21.9704,-25.5734
ALL,257.2099914550781,257.21,2026-09-15,False,255.27000427246094,258.2900085449219,-0.49,35.57,BAJO,64440852480.0,5.15,9.23,2.04,46.11,8.68,22.83,18.97,23.52,4.02,0.22,0.36,,YAHOO,-0.2708,-0.5198,-0.1048,0.056942,0.5387,-0.5287,80.73,2026-11-04,49,,,yahoo,1.0,1.0,1.0,0.0,1.0,0.0,1.0,0.0,0.0,1.4795,-0.2289,6.7892,16.4422,19.0795,29.8199,263.11,273.9698,273.9698,-2.2424,-6.1174,-6.1174
ALLE,154.60000610351562,154.6,2026-09-15,False,153.75999450683594,155.00999450683594,-0.15,-8.84,BAJO,12994470912.0,20.05,15.63,6.14,33.73,11.03,22.1,15.36,3.73,14.2,1.05,1.93,,YAHOO,-0.2708,-0.5198,-0.1048,0.056942,0.5387,-0.5287,80.73,2026-10-22,36,,,yahoo,1.0,0.0,1.0,1.0,1.0,0.0,1.0,1.0,0.0,-0.5773,-0.065,11.234,16.0428,14.5315,32.2899,162.1839,168.342,177.7256,-4.6761,-8.1632,-13.0119
AMCR,42.459999084472656,42.46,2026-09-15,False,41.97999954223633,42.65999984741211,0.5,11.21,BAJO,19404648448.0,17.63,9.63,1.64,9.4,3.57,9.69,4.71,7.75,9.45,1.28,1.25,,YAHOO,-0.2708,-0.5198,-0.1048,0.056942,0.5387,-0.5287,80.73,2026-11-05,50,,,yahoo,1.0,1.0,1.0,1.0,0.0,1.0,0.0,1.0,1.0,-4.24,-6.145,-3.9472,4.7678,13.7921,29.5618,47.9018,47.9018,48.4112,-11.3602,-11.3602,-12.2931
AME,234.4499969482422,234.45,2026-09-15,False,232.00999450683594,235.22000122070312,0.49,26.85,BAJO,53232168960.0,33.9,24.22,4.73,14.56,8.16,26.18,20.04,2.8,22.01,0.21,1.21,,YAHOO,-0.2708,-0.5198,-0.1048,0.056942,0.5387,-0.5287,80.73,2026-10-29,43,,,yahoo,1.0,0.0,1.0,1.0,1.0,0.0,1.0,1.0,0.0,-1.2485,-0.1609,-1.057,1.884,44.023,24.132,249.6262,258.1438,258.1438,-6.0796,-9.1785,-9.1785
AMP,559.3400268554688,559.34,2026-09-15,False,552.3900146484375,560.1799926757812,0.14,18.63,BAJO,47775903744.0,13.07,10.47,7.51,63.43,2.28,30.72,19.9,6.08,,0.68,2.18,,YAHOO,-0.2708,-0.5198,-0.1048,0.056942,0.5387,-0.5287,80.73,2026-10-29,43,,,yahoo,1.0,0.0,1.0,1.0,0.0,0.0,1.0,0.0,1.0,0.4796,1.1264,5.2282,22.0074,4.3765,23.2089,565.08,570.68,570.68,-1.0158,-1.9871,-1.9871
AMT,177.7100067138672,177.71,2026-09-15,False,174.69000244140625,178.6999969482422,0.44,-1.71,BAJO,82190696448.0,24.26,25.16,22.1,33.91,4.89,45.41,31.08,3.55,18.82,4.39,0.35,,YAHOO,-0.2708,-0.5198,-0.1048,0.056942,0.5387,-0.5287,80.73,2026-10-27,41,,,yahoo,1.0,1.0,1.0,1.0,1.0,0.0,1.0,0.0,1.0,1.1267,1.144,5.2037,-4.3335,28.8045,29.2053,178.57,179.38,192.2845,-0.4816,-0.931,-7.5797
AON,304.6700134277344,304.67,2026-09-15,False,304.5899963378906,311.9800109863281,-2.21,-13.43,BAJO,63758544896.0,16.81,14.83,6.64,44.7,5.83,23.46,22.27,5.0,13.48,1.63,1.03,,YAHOO,-0.2708,-0.5198,-0.1048,0.056942,0.5387,-0.5287,80.73,2026-10-30,44,,,yahoo,1.0,1.0,1.0,0.0,1.0,1.0,1.0,1.0,1.0,-3.5213,-5.2407,-17.1623,-7.3277,37.9619,35.4212,359.1,380.3929,380.3929,-15.1573,-19.9065,-19.9065
AOS,57.220001220703125,57.22,2026-09-15,False,56.630001068115234,57.47999954223633,-0.28,-17.73,BAJO,7731838976.0,15.85,13.91,4.2,27.13,12.54,18.93,13.15,6.27,10.5,0.37,1.59,,YAHOO,-0.2708,-0.5198,-0.1048,0.056942,0.5387,-0.5287,80.73,2026-10-27,41,,,yahoo,1.0,1.0,1.0,1.0,1.0,0.0,1.0,1.0,1.0,-2.7202,-3.2302,-4.8959,-4.0878,20.4929,30.679,63.8,63.98,79.5335,-10.3135,-10.5658,-28.0554
APA,47.40999984741211,47.41,2026-09-15,False,45.25,47.439998626708984,5.29,116.57,BAJO,15692244992.0,9.45,10.2,2.24,26.66,11.6,56.33,19.56,13.68,3.51,0.49,0.95,,YAHOO,-0.2708,-0.5198,-0.1048,0.056942,0.5387,-0.5287,80.73,2026-11-04,49,,,yahoo,1.0,1.0,1.0,1.0,1.0,0.0,1.0,0.0,1.0,8.8634,9.8725,39.2756,37.3129,41.9025,41.4604,47.41,47.41,47.41,0.0,0.0,0.0
APD,290.55999755859375,290.56,2026-09-15,False,286.57000732421875,290.6099853515625,1.19,5.44,BAJO,63928561664.0,,19.89,4.6,0.02,4.73,25.54,-0.38,-2.34,18.2,1.1,1.08,,YAHOO,-0.2708,-0.5198,-0.1048,0.056942,0.5387,-0.5287,80.73,2026-11-05,50,,,yahoo,0.0,0.0,1.0,1.0,0.0,0.0,0.0,0.0,0.0,-2.4017,-6.1074,-2.2638,3.3238,17.9719,27.8254,309.46,314.19,314.19,-6.1074,-7.5209,-7.5209
APH,77.6500015258789,77.65,2026-09-15,False,77.08999633789062,79.13999938964844,-1.15,33.54,BAJO,190520606720.0,38.82,23.6,12.29,38.12,14.47,29.78,17.73,2.0,21.66,1.2,1.89,,YAHOO,-0.2708,-0.5198,-0.1048,0.056942,0.5387,-0.5287,80.73,2026-10-28,42,,,yahoo,1.0,1.0,1.0,1.0,0.0,1.0,0.0,1.0,0.0,-5.0269,-2.0498,1.4105,-1.9268,71.1831,44.4326,83.92,88.16,88.16,-7.4714,-11.9215,-11.9215
APO,127.0,127.0,2026-09-15,False,126.43000030517578,129.52999877929688,-1.02,-4.36,BAJO,73540337664.0,45.28,11.6,3.66,11.41,0.94,21.95,5.27,,,1.01,1.95,,YAHOO,-0.2708,-0.5198,-0.1048,0.056942,0.5387,-0.5287,80.73,2026-11-03,48,,,yahoo,1.0,0.0,1.0,1.0,0.0,0.0,0.0,0.0,1.0,-3.6492,-7.0142,3.4023,-6.299,20.8665,36.8023,136.58,142.9761,150.8032,-7.0142,-11.1739,-15.7843
APP,331.4599914550781,331.46,2026-09-15,False,323.8030090332031,334.4599914550781,-0.83,-41.71,BAJO,109704404992.0,25.45,15.57,34.62,203.69,46.46,77.68,64.58,2.9,20.27,1.11,4.3,,YAHOO,-0.2708,-0.5198,-0.1048,0.056942,0.5387,-0.5287,80.73,2026-11-04,49,,,yahoo,1.0,1.0,1.0,1.0,1.0,1.0,1.0,1.0,1.0,6.2338,6.2168,-23.7111,-36.3629,31.1605,68.9197,334.24,564.61,733.6,-0.8317,-41.294,-54.8173
APTV,43.75,43.75,2026-09-15,False,43.54999923706055,44.36000061035156,-2.32,-44.75,BAJO,8998828032.0,19.79,6.62,1.03,5.16,6.72,12.68,1.07,17.96,4.33,0.65,2.02,,YAHOO,-0.2708,-0.5198,-0.1048,0.056942,0.5387,-0.5287,80.73,2026-10-29,43,,,yahoo,1.0,0.0,1.0,1.0,1.0,1.0,1.0,1.0,1.0,-4.3298,-2.2565,-26.1728,-34.329,34.9749,49.2473,48.92,63.57,88.67,-10.5683,-31.1782,-50.6597
ARE,52.93000030517578,52.93,2026-09-15,False,51.43000030517578,53.279998779296875,1.87,-31.97,BAJO,9210539008.0,,-66.07,0.59,-4.08,0.93,17.28,-36.08,14.6,14.33,0.69,2.35,,YAHOO,-0.2708,-0.5198,-0.1048,0.056942,0.5387,-0.5287,80.73,2026-10-26,40,,,yahoo,0.0,0.0,1.0,1.0,0.0,1.0,1.0,0.0,1.0,4.2545,3.1975,5.5644,2.376,31.875,43.5414,54.04,54.87,82.4287,-2.054,-3.5356,-35.7869
ARES,129.10000610351562,129.1,2026-09-15,False,128.08999633789062,131.7519989013672,-1.84,-23.19,BAJO,41209888768.0,56.98,17.27,11.26,14.94,2.59,19.38,10.63,5.24,33.13,1.72,0.54,,YAHOO,-0.2708,-0.5198,-0.1048,0.056942,0.5387,-0.5287,80.73,2026-11-02,47,,,yahoo,1.0,0.0,1.0,1.0,1.0,0.0,0.0,0.0,1.0,-6.8677,-9.8275,2.9259,-3.6639,25.6874,40.6761,143.17,149.45,177.9959,-9.8275,-13.6166,-27.4702
ATO,162.0399932861328,162.04,2026-09-15,False,161.99000549316406,164.25,-1.1,2.4,BAJO,27369388032.0,19.3,17.96,1.79,9.79,3.89,37.22,28.5,-8.11,14.17,0.68,0.81,,YAHOO,-0.2708,-0.5198,-0.1048,0.056942,0.5387,-0.5287,80.73,2026-11-04,49,,,yahoo,1.0,1.0,1.0,1.0,0.0,0.0,0.0,1.0,1.0,-3.5878,-2.4619,-8.438,-3.8815,11.522,16.5598,170.2833,178.4242,190.0626,-4.8409,-9.1827,-14.7439
AVB,68.13999938964844,68.14,2026-08-24,False,67.36000061035156,68.62000274658203,2.02,1.26,BAJO,26283393024.0,25.25,36.58,2.17,8.49,2.63,30.63,33.32,5.36,19.14,0.75,0.34,,YAHOO,-0.2708,-0.5198,-0.1048,0.056942,0.5387,-0.5287,80.73,2026-10-28,42,,,yahoo,1.0,0.0,1.0,1.0,0.0,0.0,1.0,0.0,0.0,7.0374,3.5221,,,14.1797,,68.9044,,,-1.1094,,
AWK,138.02000427246094,138.02,2026-09-15,False,137.5500030517578,139.33999633789062,-0.65,5.47,BAJO,27376904192.0,23.88,20.98,2.35,10.1,3.52,40.66,21.35,-6.52,14.84,1.38,0.52,,YAHOO,-0.2708,-0.5198,-0.1048,0.056942,0.5387,-0.5287,80.73,2026-10-28,42,,,yahoo,1.0,0.0,1.0,1.0,1.0,1.0,0.0,1.0,1.0,-1.6812,-0.1519,3.4304,9.5121,15.9539,23.1796,140.89,140.89,141.5679,-2.037,-2.037,-2.5061
AXON,442.0799865722656,442.08,2026-09-15,False,434.4599914550781,471.4100036621094,-9.81,-39.48,BAJO,38053232640.0,195.99,44.3,10.36,6.22,0.51,5.17,6.19,0.58,224.53,0.5,2.15,,YAHOO,-0.2708,-0.5198,-0.1048,0.056942,0.5387,-0.5287,80.73,2026-11-03,48,,,yahoo,1.0,0.0,1.0,1.0,0.0,1.0,0.0,0.0,0.0,-12.5339,-21.9712,-18.3978,-0.255,83.4737,78.3809,645.72,645.72,777.58,-31.5369,-31.5369,-43.1467
AZO,2860.25,2860.25,2026-09-15,False,2855.0,2966.3701171875,-3.55,-30.02,BAJO,46511589409.2,19.61,16.28,-16.75,,11.39,19.08,12.4,1.94,13.91,,0.89,,YAHOO,-0.2708,-0.5198,-0.1048,0.056942,0.5387,-0.5287,80.73,2026-09-22,6,,,yahoo,1.0,0.0,1.0,1.0,1.0,1.0,1.0,0.0,0.0,-3.0953,-4.3791,-6.5937,-7.8967,43.4775,31.0687,3076.8899,3218.1499,4290.2402,-7.0409,-11.1213,-33.3312
BAX,23.709999084472656,23.71,2026-09-15,False,23.15999984741211,23.940000534057617,-0.63,2.22,BAJO,12164916224.0,,11.55,1.96,-14.37,2.85,14.43,-9.27,8.22,10.43,1.56,1.95,,YAHOO,-0.2708,-0.5198,-0.1048,0.056942,0.5387,-0.5287,80.73,2026-10-29,43,,,yahoo,0.0,0.0,1.0,1.0,0.0,1.0,0.0,0.0,1.0,-4.6259,-8.8077,1.5809,13.9796,11.9397,41.8793,26.6297,28.3391,28.3391,-10.9642,-16.3346,-16.3346
BBY,93.23999786376953,93.24,2026-09-15,False,92.9800033569336,95.80999755859375,-1.68,34.46,BAJO,19389325312.0,15.38,12.82,6.11,43.13,7.25,3.9,3.01,7.24,8.07,1.3,1.12,,YAHOO,-0.2708,-0.5198,-0.1048,0.056942,0.5387,-0.5287,80.73,2026-11-24,69,2026-08-27,20.0,yahoo,1.0,1.0,1.0,1.0,0.0,1.0,1.0,0.0,1.0,4.377,16.3319,9.3211,22.0524,44.2005,35.8462,94.83,94.83,94.83,-1.6767,-1.6767,-1.6767
BDX,185.9199981689453,185.92,2026-09-15,False,181.27999877929688,186.6300048828125,1.65,32.92,BAJO,49533542400.0,31.46,13.68,2.03,6.61,4.34,15.73,4.19,9.04,10.72,0.69,0.86,,YAHOO,-0.2708,-0.5198,-0.1048,0.056942,0.5387,-0.5287,80.73,2026-11-05,50,,,yahoo,1.0,1.0,1.0,1.0,0.0,0.0,1.0,1.0,1.0,4.4201,-0.5814,16.9364,28.5159,31.8376,29.0107,190.8744,190.8744,190.8744,-2.5956,-2.5956,-2.5956
BEN,33.290000915527344,33.29,2026-09-15,False,32.939998626708984,33.470001220703125,-0.54,46.35,BAJO,16624276480.0,22.26,10.3,1.41,7.89,2.64,12.98,8.72,-17.99,11.38,0.25,5.49,,YAHOO,-0.2708,-0.5198,-0.1048,0.056942,0.5387,-0.5287,80.73,2026-11-06,51,,,yahoo,1.0,1.0,1.0,1.0,0.0,0.0,1.0,1.0,1.0,-3.925,-2.5183,-0.12,3.427,8.6584,24.9225,35.03,35.77,35.77,-4.9672,-6.9332,-6.9332
BLDR,60.20000076293945,60.2,2026-09-15,False,59.04999923706055,60.630001068115234,-0.07,-54.64,BAJO,6418128896.0,65.55,13.49,1.6,2.51,2.39,3.33,0.71,7.24,11.39,1.31,1.79,,YAHOO,-0.2708,-0.5198,-0.1048,0.056942,0.5387,-0.5287,80.73,2026-10-29,43,,,yahoo,1.0,0.0,1.0,1.0,0.0,0.0,1.0,0.0,0.0,-3.8031,-9.3374,-23.0179,-22.632,41.3664,57.0369,72.55,90.51,140.17,-17.0227,-33.488,-57.0521
BLK,1058.6600341796875,1058.66,2026-09-15,False,1049.75,1067.5899658203125,-0.65,-0.62,BAJO,168526807040.0,25.38,16.13,2.79,12.28,3.74,35.08,24.09,4.5,15.18,0.23,2.45,,YAHOO,-0.2708,-0.5198,-0.1048,0.056942,0.5387,-0.5287,80.73,2026-10-14,28,,,yahoo,1.0,0.0,1.0,0.0,1.0,0.0,0.0,0.0,0.0,-3.3514,-7.9194,-2.1119,2.035,20.8684,28.7341,1170.6326,1176.8008,1177.4276,-9.5651,-10.0391,-10.087
BR,170.25,170.25,2026-09-15,False,169.83999633789062,172.38999938964844,-2.37,-27.88,BAJO,19051902976.0,17.74,14.43,6.71,40.92,9.29,24.61,15.04,6.27,12.26,1.24,1.24,,YAHOO,-0.2708,-0.5198,-0.1048,0.056942,0.5387,-0.5287,80.73,2026-11-03,48,,,yahoo,1.0,1.0,1.0,1.0,0.0,1.0,1.0,1.0,1.0,0.9667,-6.076,11.916,19.9738,41.9743,35.0148,184.3148,184.3148,244.2088,-7.6308,-7.6308,-30.2851
BRO,67.2300033569336,67.23,2026-09-15,False,67.1500015258789,68.48999786376953,-1.61,-22.9,BAJO,22044129280.0,21.05,13.65,1.73,10.02,5.38,41.84,18.08,7.45,10.26,0.64,1.13,,YAHOO,-0.2708,-0.5198,-0.1048,0.056942,0.5387,-0.5287,80.73,2026-10-26,40,,,yahoo,1.0,0.0,1.0,1.0,0.0,0.0,0.0,1.0,0.0,-1.3934,-6.8449,-2.9585,13.6735,32.8805,36.8077,74.62,74.6971,95.0407,-9.9035,-9.9965,-29.2619
BSX,43.869998931884766,43.87,2026-09-15,False,43.68000030517578,44.9900016784668,-2.62,-53.66,BAJO,63635668992.0,17.78,12.81,2.55,15.34,6.19,22.9,17.5,3.85,13.29,0.5,1.24,,YAHOO,-0.2708,-0.5198,-0.1048,0.056942,0.5387,-0.5287,80.73,2026-10-28,42,,,yahoo,1.0,1.0,1.0,1.0,0.0,1.0,0.0,1.0,1.0,-2.4678,-9.1718,-1.6809,-6.1805,62.1735,37.6761,52.01,52.01,104.98,-15.6508,-15.6508,-58.2111
BXP,63.84000015258789,63.84,2026-09-15,False,63.779998779296875,64.62999725341797,-1.02,-11.89,BAJO,11583390720.0,34.43,28.81,1.98,5.31,1.68,28.75,9.3,7.6,17.72,2.12,0.51,,YAHOO,-0.2708,-0.5198,-0.1048,0.056942,0.5387,-0.5287,80.73,2026-10-27,41,,,yahoo,1.0,1.0,1.0,1.0,0.0,0.0,0.0,0.0,1.0,-2.8902,-6.1038,-9.6391,-2.2229,18.7339,27.3386,72.13,72.97,75.5641,-11.4931,-12.512,-15.5155
CAG,15.020000457763672,15.02,2026-09-15,False,14.619999885559082,15.079999923706055,1.56,-10.78,BAJO,7264626688.0,,9.75,1.14,-25.06,4.4,13.77,-16.98,11.82,8.34,1.18,0.9,,YAHOO,-0.2708,-0.5198,-0.1048,0.056942,0.5387,-0.5287,80.73,2026-09-30,14,,,yahoo,0.0,0.0,1.0,1.0,0.0,1.0,0.0,0.0,1.0,-1.5727,-6.2422,4.9863,11.6203,31.5703,35.0856,16.67,16.67,19.3071,-9.898,-9.898,-22.2049
CARR,55.540000915527344,55.54,2026-09-15,False,54.779998779296875,58.189998626708984,-3.0,-5.5,BAJO,44727877632.0,38.76,16.43,3.41,8.97,2.98,13.07,5.52,1.93,18.14,0.92,1.02,,YAHOO,-0.2708,-0.5198,-0.1048,0.056942,0.5387,-0.5287,80.73,2026-10-27,41,,,yahoo,1.0,0.0,1.0,1.0,0.0,0.0,1.0,0.0,0.0,-6.0396,-4.6032,-19.6139,-21.6368,31.7676,34.2583,61.42,75.7277,75.7277,-9.5734,-26.6583,-26.6583
CB,341.8599853515625,341.86,2026-09-15,False,339.6700134277344,342.7200012207031,0.0,28.16,BAJO,131762233344.0,12.12,11.73,1.75,14.82,3.36,23.53,18.07,7.96,10.38,0.31,0.41,,YAHOO,-0.2708,-0.5198,-0.1048,0.056942,0.5387,-0.5287,80.73,2026-10-27,41,,,yahoo,1.0,1.0,1.0,1.0,1.0,0.0,1.0,0.0,0.0,1.8574,1.2678,-0.2349,4.8762,7.4222,24.0553,347.2011,362.4052,362.4052,-1.5383,-5.6691,-5.6691
CBOE,270.44000244140625,270.44,2026-09-15,False,270.04998779296875,282.7099914550781,-4.94,18.79,BAJO,28241278976.0,21.09,17.76,5.03,26.3,11.58,34.63,26.73,2.4,14.27,0.28,1.56,,YAHOO,-0.2708,-0.5198,-0.1048,0.056942,0.5387,-0.5287,80.73,2026-10-30,44,,,yahoo,1.0,1.0,1.0,1.0,1.0,1.0,1.0,1.0,0.0,-7.8035,-9.9134,-2.4106,-7.4148,40.2955,39.166,313.0803,313.0803,364.9193,-13.6196,-13.6196,-25.8905
CCI,73.25,73.25,2026-09-15,False,71.36000061035156,73.83000183105469,0.2,-15.28,BAJO,31997140992.0,29.89,25.36,-9.54,,4.72,46.83,20.72,3.24,19.89,,0.52,,YAHOO,-0.2708,-0.5198,-0.1048,0.056942,0.5387,-0.5287,80.73,2026-10-21,35,,,yahoo,1.0,1.0,1.0,1.0,1.0,0.0,0.0,0.0,0.0,-2.1784,-2.3968,-5.6077,-16.2553,31.8331,32.3184,76.1527,83.1214,94.028,-3.8117,-11.8759,-22.0976
CDNS,273.9599914550781,273.96,2026-09-15,False,273.07000732421875,279.0,-1.83,-19.65,BAJO,77082492928.0,54.35,29.32,11.24,23.23,10.61,28.57,23.61,2.09,36.27,0.39,1.74,,YAHOO,-0.2708,-0.5198,-0.1048,0.056942,0.5387,-0.5287,80.73,2026-10-26,40,,,yahoo,1.0,0.0,1.0,1.0,1.0,0.0,1.0,1.0,1.0,-3.5726,-19.1334,-24.8704,-30.5551,35.4997,39.0088,347.55,389.04,416.39,-21.1739,-29.5805,-34.2059
CDW,153.74000549316406,153.74,2026-09-15,False,150.94000244140625,154.35000610351562,1.34,-1.43,BAJO,18747613184.0,18.49,12.45,7.69,44.01,6.59,7.34,4.6,3.61,12.57,2.63,1.17,,YAHOO,-0.2708,-0.5198,-0.1048,0.056942,0.5387,-0.5287,80.73,2026-11-03,48,,,yahoo,1.0,0.0,1.0,1.0,1.0,0.0,1.0,0.0,0.0,6.4092,1.425,14.9877,17.65,64.3396,51.1043,153.92,153.92,163.9515,-0.1169,-0.1169,-6.2284
CF,135.5399932861328,135.54,2026-09-15,False,130.08999633789062,137.0399932861328,3.28,64.5,BAJO,19975120896.0,10.05,12.35,3.48,29.87,12.93,49.33,27.12,6.39,6.41,0.41,4.86,,YAHOO,-0.2708,-0.5198,-0.1048,0.056942,0.5387,-0.5287,80.73,2026-11-04,49,,,yahoo,1.0,1.0,1.0,1.0,0.0,1.0,1.0,1.0,1.0,0.9008,4.2375,14.814,27.4447,39.7724,37.8768,139.27,139.27,139.27,-2.6783,-2.6783,-2.6783
CFG,70.23999786376953,70.24,2026-09-15,False,69.58000183105469,71.11000061035156,-0.43,43.34,BAJO,28151455744.0,15.33,10.23,1.17,8.27,0.94,35.13,26.05,,,,,,YAHOO,-0.2708,-0.5198,-0.1048,0.056942,0.5387,-0.5287,80.73,2026-10-16,30,,,yahoo,1.0,1.0,1.0,1.0,1.0,0.0,1.0,0.0,1.0,0.3572,1.9892,-4.9784,6.0706,10.9401,23.8236,73.46,74.73,74.73,-4.3833,-6.0083,-6.0083
CHD,94.51000213623047,94.51,2026-09-15,False,93.37999725341797,94.94000244140625,-0.07,7.32,BAJO,22655344640.0,30.32,23.64,5.21,17.04,7.87,18.07,11.96,4.15,18.33,0.56,1.15,,YAHOO,-0.2708,-0.5198,-0.1048,0.056942,0.5387,-0.5287,80.73,2026-10-30,44,,,yahoo,1.0,1.0,1.0,1.0,1.0,0.0,1.0,0.0,1.0,-2.1028,-5.2816,-4.3602,-3.582,12.5114,23.0727,102.86,103.3249,104.5985,-8.1178,-8.5313,-9.645
CHRW,157.6300048828125,157.63,2026-09-15,False,155.4600067138672,158.07000732421875,0.2,22.49,BAJO,17933162496.0,30.03,20.46,11.04,37.12,9.96,5.34,3.73,2.68,21.18,1.21,1.58,,YAHOO,-0.2708,-0.5198,-0.1048,0.056942,0.5387,-0.5287,80.73,2026-10-28,42,,,yahoo,1.0,1.0,1.0,1.0,0.0,1.0,1.0,1.0,0.0,5.0167,5.7797,-23.0572,-16.7885,20.5912,50.153,157.63,208.5206,208.5206,0.0,-24.4055,-24.4055
CHTR,141.1999969482422,141.2,2026-09-15,False,139.13999938964844,144.0,-1.5,-43.43,BAJO,18194960384.0,3.67,3.23,0.95,27.2,5.31,23.5,9.05,12.08,5.41,4.42,0.36,,YAHOO,-0.2708,-0.5198,-0.1048,0.056942,0.5387,-0.5287,80.73,2026-10-30,44,,,yahoo,1.0,0.0,1.0,1.0,1.0,1.0,1.0,1.0,0.0,-3.1151,-7.3734,5.9026,-1.7466,54.9307,57.4526,158.97,158.97,282.74,-11.1782,-11.1782,-50.0601
CI,288.8999938964844,288.9,2026-09-15,False,286.7200012207031,290.7200012207031,-0.4,1.84,BAJO,74106249216.0,11.95,8.38,1.74,16.76,4.46,3.98,2.27,10.77,7.76,0.74,0.85,,YAHOO,-0.2708,-0.5198,-0.1048,0.056942,0.5387,-0.5287,80.73,2026-11-05,50,,,yahoo,1.0,1.0,1.0,1.0,0.0,1.0,1.0,0.0,1.0,4.7384,5.2246,2.355,-1.1319,26.5391,28.2748,290.05,302.8186,304.1076,-0.3965,-4.5964,-5.0007
CINF,171.6699981689453,171.67,2026-09-15,False,170.14999389648438,172.07000732421875,-0.2,15.55,BAJO,26209447936.0,8.06,18.91,1.57,21.48,6.41,37.2,23.84,11.39,5.77,0.05,1.15,,YAHOO,-0.2708,-0.5198,-0.1048,0.056942,0.5387,-0.5287,80.73,2026-10-26,40,,,yahoo,1.0,0.0,1.0,1.0,1.0,0.0,1.0,0.0,0.0,1.4958,1.0418,-2.6207,1.9315,10.4063,25.4358,174.72,192.03,192.03,-1.7457,-10.6025,-10.6025
CLX,87.16000366210938,87.16,2026-09-15,False,87.06999969482422,89.30000305175781,-2.41,-23.32,BAJO,10262205440.0,17.64,13.55,114.06,163.76,8.32,12.88,8.73,1.08,13.93,22.21,0.66,,YAHOO,-0.2708,-0.5198,-0.1048,0.056942,0.5387,-0.5287,80.73,2026-11-03,48,,,yahoo,1.0,0.0,1.0,1.0,0.0,0.0,1.0,0.0,0.0,-4.8472,-10.7699,-10.6694,-8.1285,27.8733,31.3994,107.9,107.9,124.127,-19.2215,-19.2215,-29.7816
CMCSA,24.420000076293945,24.42,2026-09-15,False,24.3700008392334,24.770000457763672,-1.85,-13.84,BAJO,84209147904.0,7.83,6.63,0.94,11.49,4.31,17.23,8.97,15.08,4.91,1.0,0.8,,YAHOO,-0.2708,-0.5198,-0.1048,0.056942,0.5387,-0.5287,80.73,2026-10-22,36,,,yahoo,1.0,1.0,1.0,1.0,1.0,1.0,1.0,1.0,0.0,-7.2541,-8.2645,1.3278,3.2654,29.7066,35.7487,27.2,27.2,31.6751,-10.2206,-10.2206,-22.9047
CME,275.0899963378906,275.09,2026-09-15,False,273.8999938964844,277.9200134277344,-1.91,12.82,BAJO,97970962432.0,23.09,21.08,3.69,15.8,1.48,65.04,63.44,2.97,20.87,0.15,1.02,,YAHOO,-0.2708,-0.5198,-0.1048,0.056942,0.5387,-0.5287,80.73,2026-10-21,35,,,yahoo,1.0,0.0,1.0,1.0,1.0,1.0,1.0,0.0,0.0,-0.6644,-3.1939,12.227,3.8715,24.5701,27.2277,285.1116,285.1116,315.7113,-3.515,-3.515,-12.8666
CMG,34.83000183105469,34.83,2026-09-15,False,34.459999084472656,36.810001373291016,-5.94,-7.31,BAJO,42619277312.0,31.19,24.58,19.41,49.56,13.08,16.11,11.43,2.62,20.82,2.46,0.71,,YAHOO,-0.2708,-0.5198,-0.1048,0.056942,0.5387,-0.5287,80.73,2026-10-28,42,,,yahoo,1.0,1.0,1.0,1.0,0.0,0.0,1.0,0.0,1.0,-5.763,-8.4144,1.8421,6.4161,56.6056,50.6307,38.52,38.52,42.36,-9.5794,-9.5794,-17.7762
CMI,538.02001953125,538.02,2026-09-15,False,531.8900146484375,546.4099731445312,-0.57,34.2,BAJO,72618016768.0,27.47,15.29,5.65,21.11,7.0,11.9,7.82,3.07,15.55,0.6,1.73,,YAHOO,-0.2708,-0.5198,-0.1048,0.056942,0.5387,-0.5287,80.73,2026-11-05,50,,,yahoo,1.0,0.0,1.0,1.0,0.0,1.0,0.0,1.0,0.0,-4.1902,-4.674,-16.6413,-20.551,26.2106,34.7391,618.5078,724.8918,724.8918,-13.0132,-25.7793,-25.7793
CMS,65.91999816894531,65.92,2026-09-15,False,65.75,66.91999816894531,-1.35,-2.62,BAJO,20692955136.0,19.82,15.88,2.17,9.16,2.97,17.17,11.64,-10.63,13.45,1.86,0.94,,YAHOO,-0.2708,-0.5198,-0.1048,0.056942,0.5387,-0.5287,80.73,2026-10-29,43,,,yahoo,1.0,0.0,1.0,1.0,0.0,1.0,0.0,0.0,1.0,-4.1721,-3.1443,-10.6708,-9.7733,5.7695,17.8702,71.06,78.1791,78.6889,-7.2333,-15.6808,-16.227
CNC,67.66000366210938,67.66,2026-09-15,False,67.05000305175781,68.62000274658203,-2.52,109.7,BAJO,32608612352.0,,12.34,1.45,-20.36,2.48,3.76,-2.83,29.56,4.72,0.71,1.15,,YAHOO,-0.2708,-0.5198,-0.1048,0.056942,0.5387,-0.5287,80.73,2026-10-27,41,,,yahoo,0.0,0.0,1.0,1.0,0.0,0.0,1.0,0.0,1.0,4.7693,5.1601,5.9008,6.7192,46.2821,37.5318,69.41,69.41,69.41,-2.5213,-2.5213,-2.5213
CNP,37.97999954223633,37.98,2026-09-15,False,37.84000015258789,38.70000076293945,-1.73,3.86,BAJO,25248749568.0,22.68,18.37,2.15,9.83,3.0,24.49,11.61,-20.56,12.83,2.1,1.12,,YAHOO,-0.2708,-0.5198,-0.1048,0.056942,0.5387,-0.5287,80.73,2026-10-22,36,,,yahoo,1.0,0.0,1.0,1.0,1.0,0.0,0.0,0.0,1.0,-5.334,-4.0909,-11.8436,-11.291,12.4321,19.5113,40.2992,44.7724,44.7724,-5.7549,-15.171,-15.171
COF,206.85000610351562,206.85,2026-09-15,False,203.0,208.82000732421875,0.08,-4.86,BAJO,124653993984.0,11.2,8.45,1.21,9.03,1.52,33.63,21.87,,,,,,YAHOO,-0.2708,-0.5198,-0.1048,0.056942,0.5387,-0.5287,80.73,2026-10-20,34,,,yahoo,1.0,0.0,1.0,1.0,1.0,0.0,0.0,0.0,1.0,-3.3231,-3.5709,-2.0523,6.6594,16.4021,27.8763,221.47,226.54,254.9582,-6.6013,-8.6916,-18.869
COO,53.27000045776367,53.27,2026-09-15,False,52.970001220703125,54.79999923706055,-1.75,-16.24,BAJO,10384380928.0,18.33,11.63,1.25,6.84,2.73,20.82,13.46,5.23,13.71,0.34,1.22,,YAHOO,-0.2708,-0.5198,-0.1048,0.056942,0.5387,-0.5287,80.73,2026-12-02,77,2026-09-09,7.0,finnhub,1.0,0.0,1.0,1.0,1.0,0.0,1.0,0.0,1.0,-21.303,-23.9977,-27.1272,-21.3843,113.0375,42.7408,76.73,76.82,84.32,-30.5747,-30.6561,-36.824
COR,323.2900085449219,323.29,2026-09-15,False,318.0799865722656,325.8800048828125,-0.9,14.2,BAJO,60778455040.0,23.98,16.08,19.92,96.87,3.56,1.41,0.79,3.36,13.26,4.47,0.94,,YAHOO,-0.2708,-0.5198,-0.1048,0.056942,0.5387,-0.5287,80.73,2026-11-04,49,,,yahoo,1.0,0.0,1.0,1.0,0.0,1.0,1.0,1.0,0.0,-0.4312,-0.0958,5.1713,15.0968,17.1141,27.7536,337.22,337.22,372.5274,-4.1308,-4.1308,-13.2171
CPB,21.360000610351562,21.36,2026-09-15,False,21.010000228881836,21.389999389648438,0.52,-28.48,BAJO,6378631168.0,16.33,11.65,1.66,10.05,4.95,10.34,4.08,11.72,8.27,1.72,0.81,,YAHOO,-0.2708,-0.5198,-0.1048,0.056942,0.5387,-0.5287,80.73,2026-12-07,82,2026-09-03,13.0,finnhub,,,,,,,,,,-1.8382,-9.7973,-5.6954,-2.6404,39.8447,38.1214,24.16,24.16,31.7348,-11.5894,-11.5894,-32.6923
CPRT,31.040000915527344,31.04,2026-09-15,False,30.989999771118164,31.829999923706055,-2.17,-32.38,BAJO,28533508096.0,20.01,17.14,3.14,16.16,10.27,32.01,31.81,3.1,12.85,0.01,7.91,,YAHOO,-0.2708,-0.5198,-0.1048,0.056942,0.5387,-0.5287,80.73,2026-11-19,64,2026-09-10,6.0,yahoo,1.0,0.0,1.0,1.0,0.0,1.0,0.0,1.0,0.0,-4.7853,-5.9109,9.7207,2.4422,71.4577,44.547,34.33,34.33,47.6,-9.5835,-9.5835,-34.7899
CPT,102.83999633789062,102.84,2026-09-15,False,102.55000305175781,103.97000122070312,-0.95,1.17,BAJO,11723710464.0,33.88,92.94,2.73,7.89,1.87,16.1,20.62,1.19,17.11,1.26,0.35,,YAHOO,-0.2708,-0.5198,-0.1048,0.056942,0.5387,-0.5287,80.73,2026-11-05,50,,,yahoo,1.0,1.0,1.0,1.0,0.0,1.0,1.0,1.0,0.0,-1.7859,-2.7977,-10.2383,-8.5618,17.9086,19.5953,109.15,117.58,117.58,-5.781,-12.5362,-12.5362
CRH,87.69000244140625,87.69,2026-09-15,False,87.5199966430664,89.5199966430664,-1.45,-19.28,BAJO,57680162816.0,15.51,13.35,2.4,15.81,6.06,19.02,9.94,3.5,9.91,0.78,1.58,,YAHOO,-0.2708,-0.5198,-0.1048,0.056942,0.5387,-0.5287,80.73,2026-10-29,43,,,yahoo,1.0,0.0,1.0,1.0,0.0,1.0,1.0,1.0,0.0,-3.2226,-6.9997,-16.6195,-19.6629,22.6349,29.9821,97.05,112.5987,129.9237,-9.6445,-22.1217,-32.5065
CRL,272.8800048828125,272.88,2026-09-15,False,269.92999267578125,276.0899963378906,-0.08,81.65,BAJO,13169539072.0,,21.55,4.6,-7.52,4.11,15.11,-5.96,3.56,18.78,1.05,1.35,,YAHOO,-0.2708,-0.5198,-0.1048,0.056942,0.5387,-0.5287,80.73,2026-11-04,49,,,yahoo,0.0,0.0,1.0,1.0,0.0,0.0,1.0,1.0,1.0,-2.8067,-5.3289,19.0784,44.787,28.8486,43.9843,298.58,298.58,298.58,-8.6074,-8.6074,-8.6074
CSGP,31.559999465942383,31.56,2026-09-15,False,30.700000762939453,31.790000915527344,0.13,-62.12,BAJO,12301799424.0,178.59,17.12,1.55,0.89,0.47,8.22,2.08,3.35,30.98,0.15,2.21,,YAHOO,-0.2708,-0.5198,-0.1048,0.056942,0.5387,-0.5287,80.73,2026-10-27,41,,,yahoo,1.0,0.0,1.0,1.0,1.0,0.0,0.0,0.0,1.0,4.0211,-1.5903,3.9183,-1.4981,31.9796,50.3895,33.73,33.73,89.26,-6.4334,-6.4334,-64.6426
CSX,48.65999984741211,48.66,2026-09-15,False,48.400001525878906,49.0,-0.51,54.06,BAJO,88733548544.0,27.85,21.09,6.3,24.36,7.38,38.42,22.21,2.2,15.64,1.38,0.82,,YAHOO,-0.2708,-0.5198,-0.1048,0.056942,0.5387,-0.5287,80.73,2026-10-22,36,,,yahoo,1.0,0.0,1.0,1.0,1.0,0.0,1.0,0.0,0.0,-0.6939,-3.6626,-4.1202,2.961,13.3687,21.6868,51.6187,53.0847,53.0847,-5.7318,-8.3351,-8.3351
CTAS,198.9499969482422,198.95,2026-09-15,False,198.69000244140625,201.6199951171875,-0.93,3.03,BAJO,79817826304.0,40.62,32.61,15.53,40.71,16.1,23.69,17.75,1.83,27.46,0.53,1.43,,YAHOO,-0.2708,-0.5198,-0.1048,0.056942,0.5387,-0.5287,80.73,2026-09-23,7,,,yahoo,1.0,1.0,1.0,1.0,1.0,0.0,1.0,1.0,1.0,-0.7731,-1.4074,-3.2888,14.1506,18.1676,27.7395,207.4,215.969,215.969,-4.0743,-7.8803,-7.8803
CTSH,63.279998779296875,63.28,2026-09-15,False,62.56999969482422,64.61000061035156,-1.28,-3.25,BAJO,27859974144.0,13.27,9.79,1.93,14.92,10.73,17.48,10.26,7.95,7.16,0.14,2.18,,YAHOO,-0.2708,-0.5198,-0.1048,0.056942,0.5387,-0.5287,80.73,2026-10-28,42,,,yahoo,1.0,0.0,1.0,1.0,1.0,1.0,1.0,0.0,1.0,5.6075,-2.013,42.8434,25.248,56.5017,50.1635,64.64,64.64,85.1577,-2.104,-2.104,-25.6908
CTVA,83.38999938964844,83.39,2026-09-15,False,81.19999694824219,85.19000244140625,1.03,22.54,BAJO,54049550336.0,50.63,19.68,2.15,4.26,4.55,30.13,5.66,4.47,13.66,0.19,1.52,,YAHOO,-0.2708,-0.5198,-0.1048,0.056942,0.5387,-0.5287,80.73,2026-11-03,48,,,yahoo,1.0,1.0,1.0,1.0,1.0,0.0,1.0,1.0,0.0,-2.922,-1.2552,-3.5571,10.3787,17.4687,35.0864,89.97,90.3175,90.3175,-7.3136,-7.6702,-7.6702
CVNA,66.9000015258789,66.9,2026-09-15,False,66.58000183105469,71.16999816894531,-5.6,-6.03,BAJO,72493531136.0,34.6,28.91,11.67,58.77,11.7,9.22,6.26,0.59,20.22,1.11,3.93,,YAHOO,-0.2708,-0.5198,-0.1048,0.056942,0.5387,-0.5287,80.73,2026-10-28,42,,,yahoo,1.0,1.0,1.0,0.0,1.0,1.0,0.0,0.0,0.0,-10.4657,-8.93,-5.3213,-2.9028,56.5147,58.6055,75.77,75.77,95.69,-11.7065,-11.7065,-30.0867
D,63.869998931884766,63.87,2026-09-15,False,63.77000045776367,64.70999908447266,-0.92,12.35,BAJO,55858692096.0,21.98,16.65,2.0,8.28,3.04,29.22,13.98,-16.44,13.81,1.6,0.81,,YAHOO,-0.2708,-0.5198,-0.1048,0.056942,0.5387,-0.5287,80.73,2026-10-30,44,,,yahoo,1.0,1.0,1.0,1.0,0.0,1.0,0.0,1.0,1.0,-3.5488,-2.2644,-10.008,-5.3335,9.5813,14.9517,67.9238,70.973,70.973,-5.9682,-10.008,-10.008
DASH,198.25999450683594,198.26,2026-09-15,False,197.58999633789062,203.82000732421875,-2.59,-20.77,BAJO,85255700480.0,103.56,24.16,8.59,8.89,2.97,3.86,5.29,6.04,57.96,0.33,1.37,,YAHOO,-0.2708,-0.5198,-0.1048,0.056942,0.5387,-0.5287,80.73,2026-11-04,49,,,yahoo,1.0,1.0,1.0,1.0,0.0,0.0,0.0,1.0,0.0,-1.0876,-14.4472,6.3855,17.9487,30.6173,39.8329,236.93,236.93,281.74,-16.3213,-16.3213,-29.6302
DDOG,230.27000427246094,230.27,2026-09-15,False,224.05999755859375,232.78500366210938,0.1,68.49,BAJO,82870919168.0,452.53,77.66,18.97,4.7,0.18,0.67,4.48,1.27,954.96,0.29,3.21,,YAHOO,-0.2708,-0.5198,-0.1048,0.056942,0.5387,-0.5287,80.73,2026-11-05,50,,,yahoo,1.0,0.0,1.0,1.0,1.0,1.0,0.0,0.0,1.0,9.5324,-2.8561,-12.2179,-1.2098,38.0202,68.8845,246.0,288.15,288.15,-6.3943,-20.0868,-20.0868
DG,124.69999694824219,124.7,2026-09-15,False,124.47000122070312,130.75999450683594,-3.46,24.14,BAJO,27138070528.0,16.0,14.87,2.92,19.69,4.89,6.81,3.9,6.4,11.64,1.7,1.21,,YAHOO,-0.2708,-0.5198,-0.1048,0.056942,0.5387,-0.5287,80.73,2026-12-02,77,2026-08-27,20.0,finnhub,1.0,1.0,1.0,1.0,1.0,0.0,0.0,1.0,1.0,-2.4791,-1.6174,-1.9346,7.6862,49.1979,35.5794,133.21,133.21,154.7135,-6.3884,-6.3884,-19.3994
DGX,247.0800018310547,247.08,2026-09-15,False,237.2100067138672,248.64999389648438,3.86,41.61,BAJO,27271049216.0,26.26,20.49,3.62,14.6,6.4,15.25,9.19,3.34,14.75,0.81,1.59,,YAHOO,-0.2708,-0.5198,-0.1048,0.056942,0.5387,-0.5287,80.73,2026-10-20,34,,,yahoo,1.0,1.0,1.0,1.0,1.0,0.0,1.0,1.0,1.0,4.9172,2.8215,17.9886,22.7048,37.2597,26.7736,247.08,247.08,247.08,0.0,0.0,0.0
DHI,140.1999969482422,140.2,2026-09-15,False,138.16000366210938,140.67999267578125,0.57,-15.14,BAJO,38688284672.0,13.19,11.8,1.63,12.63,6.88,12.99,9.15,6.24,10.75,0.29,6.01,,YAHOO,-0.2708,-0.5198,-0.1048,0.056942,0.5387,-0.5287,80.73,2026-10-29,43,,,yahoo,1.0,0.0,1.0,0.0,0.0,1.0,1.0,0.0,0.0,1.2347,-3.016,-8.9381,-9.3315,29.1021,35.439,151.86,166.4539,172.875,-7.6781,-15.7725,-18.9009
DLR,179.27000427246094,179.27,2026-09-15,False,175.47000122070312,179.3699951171875,0.76,7.76,BAJO,68383571968.0,87.9,62.63,2.51,2.91,1.48,25.88,11.82,5.51,27.21,0.68,0.89,,YAHOO,-0.2708,-0.5198,-0.1048,0.056942,0.5387,-0.5287,80.73,2026-10-22,36,,,yahoo,1.0,1.0,1.0,1.0,0.0,0.0,0.0,1.0,1.0,-4.7497,-2.743,3.9742,-2.3801,48.0369,36.0188,193.9203,198.7869,201.18,-7.5548,-9.818,-10.8907
DLTR,112.79000091552734,112.79,2026-09-15,False,112.05999755859375,118.5,-5.35,18.38,BAJO,21089646592.0,13.83,14.21,6.16,46.03,8.26,6.21,8.04,4.98,11.06,2.24,1.13,,YAHOO,-0.2708,-0.5198,-0.1048,0.056942,0.5387,-0.5287,80.73,2026-12-01,76,2026-08-27,20.0,finnhub,1.0,1.0,1.0,1.0,0.0,1.0,1.0,1.0,1.0,-9.0697,-10.9013,-12.1915,-0.0797,44.9898,36.5758,136.75,136.75,141.21,-17.521,-17.521,-20.1261
DOC,20.15999984741211,20.16,2026-09-15,False,20.030000686645508,20.399999618530273,-1.03,21.1,BAJO,14427076608.0,58.14,145.36,1.79,3.04,1.51,15.99,8.25,11.4,15.51,1.09,2.29,,YAHOO,-0.2708,-0.5198,-0.1048,0.056942,0.5387,-0.5287,80.73,2026-10-22,36,,,yahoo,1.0,0.0,1.0,1.0,0.0,0.0,1.0,0.0,1.0,-1.2101,-2.681,-8.3995,0.1194,12.362,20.6541,21.5512,22.5939,22.5939,-6.4552,-10.7725,-10.7725
DOV,188.97000122070312,188.97,2026-09-15,False,187.6699981689453,190.6300048828125,-0.1,13.44,BAJO,25368367104.0,22.75,16.2,3.29,14.91,7.06,18.69,13.48,3.57,14.08,0.42,1.98,,YAHOO,-0.2708,-0.5198,-0.1048,0.056942,0.5387,-0.5287,80.73,2026-10-22,36,,,yahoo,1.0,0.0,1.0,1.0,1.0,0.0,1.0,1.0,0.0,-2.9629,-2.7081,-12.8911,-14.1385,20.2765,27.5357,204.1192,230.1203,231.5927,-7.4217,-17.8821,-18.4042
DPZ,310.82000732421875,310.82,2026-09-15,False,310.3999938964844,322.8900146484375,-3.41,-27.02,BAJO,9967526912.0,17.61,14.44,-2.5,,33.89,19.08,11.86,5.33,14.58,,1.54,,YAHOO,-0.2708,-0.5198,-0.1048,0.056942,0.5387,-0.5287,80.73,2026-10-13,27,,,yahoo,1.0,1.0,1.0,1.0,0.0,1.0,1.0,1.0,1.0,-6.7582,-8.5709,-5.1348,-1.1935,50.2655,39.0563,347.8488,365.3704,440.4211,-10.6451,-14.9302,-29.4266
DRI,209.1199951171875,209.12,2026-09-15,False,208.22000122070312,216.69000244140625,-4.32,4.1,BAJO,23625768960.0,19.93,16.78,10.75,53.72,7.72,14.14,9.13,3.35,14.92,3.65,0.31,,YAHOO,-0.2708,-0.5198,-0.1048,0.056942,0.5387,-0.5287,80.73,2026-09-24,8,,,yahoo,1.0,1.0,1.0,1.0,1.0,0.0,1.0,0.0,1.0,-1.7847,-2.399,3.9312,0.9826,56.4254,30.6785,225.56,227.68,227.68,-7.2885,-8.1518,-8.1518
DTE,130.39999389648438,130.4,2026-09-15,False,129.6199951171875,131.99000549316406,-0.56,0.37,BAJO,27197110272.0,20.62,15.62,2.24,11.03,2.77,13.62,8.0,-9.55,15.19,2.29,0.8,,YAHOO,-0.2708,-0.5198,-0.1048,0.056942,0.5387,-0.5287,80.73,2026-10-29,43,,,yahoo,1.0,0.0,1.0,1.0,0.0,1.0,0.0,0.0,1.0,-4.9978,-3.8561,-12.4303,-11.2147,5.4884,17.5553,140.21,154.43,154.43,-6.9967,-15.5604,-15.5604
DUK,117.7699966430664,117.77,2026-09-15,False,117.56999969482422,119.2699966430664,-1.05,2.03,BAJO,91817730048.0,17.73,16.42,1.71,9.86,2.84,27.5,16.0,-4.88,11.22,1.62,0.66,,YAHOO,-0.2708,-0.5198,-0.1048,0.056942,0.5387,-0.5287,80.73,2026-11-05,50,,,yahoo,1.0,1.0,1.0,1.0,1.0,0.0,0.0,1.0,1.0,-2.8621,-1.7847,-5.7922,-5.1681,7.9673,18.3807,123.99,129.3824,131.1634,-5.0165,-8.9753,-10.2112
DVA,190.89999389648438,190.9,2026-09-15,False,186.35000610351562,191.39999389648438,0.83,48.19,BAJO,12368268288.0,16.18,11.24,-16.2,88.48,7.51,16.06,6.05,8.43,9.53,12.42,1.47,,YAHOO,-0.2708,-0.5198,-0.1048,0.056942,0.5387,-0.5287,80.73,2026-10-28,42,,,yahoo,1.0,0.0,1.0,1.0,0.0,1.0,1.0,0.0,1.0,6.0202,8.4597,-18.4223,-8.9869,35.7441,43.8697,190.9,240.96,240.96,0.0,-20.7752,-20.7752
DVN,51.33000183105469,51.33,2026-09-15,False,49.93000030517578,51.560001373291016,3.89,58.28,BAJO,53283999744.0,11.16,9.04,1.33,11.52,5.91,41.08,17.46,1.47,7.55,0.28,0.72,,YAHOO,-0.2708,-0.5198,-0.1048,0.056942,0.5387,-0.5287,80.73,2026-11-04,49,,,yahoo,1.0,0.0,1.0,1.0,1.0,0.0,1.0,0.0,1.0,6.7406,6.4985,20.0614,18.6824,33.5431,32.8175,51.33,51.33,51.3696,0.0,0.0,-0.077
DXCM,86.44999694824219,86.45,2026-09-15,False,83.26000213623047,87.36000061035156,2.09,16.79,BAJO,32958687232.0,34.12,27.96,12.57,38.49,10.33,24.33,20.12,3.1,23.1,0.53,1.73,,YAHOO,-0.2708,-0.5198,-0.1048,0.056942,0.5387,-0.5287,80.73,2026-10-29,43,,,yahoo,1.0,1.0,1.0,1.0,0.0,1.0,1.0,0.0,1.0,2.2714,-5.0626,10.8618,16.478,28.3703,42.6578,92.34,92.34,92.34,-6.3786,-6.3786,-6.3786
ED,105.23999786376953,105.24,2026-09-15,False,105.04000091552734,106.19000244140625,-0.51,14.5,BAJO,38987333632.0,17.34,16.24,1.52,8.96,3.24,16.54,12.53,-2.17,10.68,1.1,1.27,,YAHOO,-0.2708,-0.5198,-0.1048,0.056942,0.5387,-0.5287,80.73,2026-11-05,50,,,yahoo,1.0,1.0,1.0,1.0,1.0,0.0,0.0,0.0,1.0,-2.7986,-1.6632,-5.5938,-1.501,3.1783,17.1126,108.75,113.0627,113.5694,-3.2276,-6.9189,-7.3342
EIX,54.560001373291016,54.56,2026-09-15,False,54.47999954223633,56.95000076293945,-2.8,5.47,BAJO,21091655680.0,5.63,8.43,1.21,19.73,4.09,26.9,19.28,0.39,7.38,2.28,0.66,,YAHOO,-0.2708,-0.5198,-0.1048,0.056942,0.5387,-0.5287,80.73,2026-10-27,41,,,yahoo,1.0,1.0,1.0,1.0,1.0,0.0,0.0,1.0,0.0,-8.0398,1.0745,-30.0961,-23.4715,19.648,62.2735,74.78,80.38,80.38,-27.0393,-32.1224,-32.1224
EL,96.25,96.25,2026-09-15,False,95.94000244140625,97.98999786376953,-2.01,14.1,BAJO,34587942912.0,191.2,24.43,9.09,4.75,5.23,7.0,1.21,5.24,16.43,2.43,1.22,,YAHOO,-0.2708,-0.5198,-0.1048,0.056942,0.5387,-0.5287,80.73,2026-11-02,47,2026-08-19,28.0,yahoo,1.0,1.0,1.0,1.0,1.0,0.0,0.0,1.0,1.0,-5.3496,-5.914,16.5825,7.3077,28.3744,45.3618,105.8504,105.8504,118.3745,-9.0698,-9.0698,-18.6903
EME,735.52001953125,735.52,2026-09-15,False,732.5700073242188,760.719970703125,-1.89,19.62,BAJO,32617506816.0,22.89,20.12,8.02,40.35,12.03,10.62,7.74,3.0,16.2,0.13,1.28,,YAHOO,-0.2708,-0.5198,-0.1048,0.056942,0.5387,-0.5287,80.73,2026-10-29,43,,,yahoo,1.0,1.0,1.0,1.0,0.0,0.0,1.0,1.0,0.0,-4.8683,0.1334,-1.9359,-12.6321,55.9306,56.1131,824.53,868.4314,943.2628,-10.7952,-15.3048,-22.0238
EMR,147.0,147.0,2026-09-15,False,145.8300018310547,149.02999877929688,-0.88,12.47,BAJO,81343971328.0,32.12,20.12,3.99,12.8,6.9,26.92,13.83,4.56,15.35,0.68,0.9,,YAHOO,-0.2708,-0.5198,-0.1048,0.056942,0.5387,-0.5287,80.73,2026-11-04,49,,,yahoo,1.0,1.0,1.0,1.0,0.0,0.0,1.0,1.0,1.0,-3.3848,-3.5686,6.053,0.6678,34.8663,31.038,158.29,163.8244,163.8244,-7.1325,-10.2698,-10.2698
EOG,153.74000549316406,153.74,2026-09-15,False,149.32000732421875,154.16000366210938,3.5,37.75,BAJO,76020006912.0,11.28,9.84,2.39,22.51,11.02,40.72,25.73,5.89,5.47,0.26,1.85,,YAHOO,-0.2708,-0.5198,-0.1048,0.056942,0.5387,-0.5287,80.73,2026-11-05,50,,,yahoo,1.0,0.0,1.0,1.0,0.0,0.0,1.0,0.0,0.0,5.765,6.0568,11.8597,17.3519,25.6662,32.3739,153.74,153.74,153.74,0.0,0.0,0.0
EPAM,123.51000213623047,123.51,2026-09-15,False,122.0,126.5,-0.08,-17.67,BAJO,6044446208.0,16.74,8.33,1.72,11.18,8.45,10.94,7.15,10.76,7.18,0.04,2.75,,YAHOO,-0.2708,-0.5198,-0.1048,0.056942,0.5387,-0.5287,80.73,2026-11-05,50,,,yahoo,1.0,0.0,1.0,1.0,1.0,0.0,1.0,0.0,1.0,7.1113,4.8205,40.8806,33.2075,38.6862,55.0437,123.61,123.61,221.4,-0.0809,-0.0809,-44.2141
EQIX,1006.97998046875,1006.98,2026-09-15,False,987.7899780273438,1010.0499877929688,0.83,32.33,BAJO,100266221568.0,64.93,54.36,6.97,10.73,3.68,27.02,15.48,3.77,26.82,1.62,1.13,,YAHOO,-0.2708,-0.5198,-0.1048,0.056942,0.5387,-0.5287,80.73,2026-10-28,42,,,yahoo,1.0,1.0,1.0,1.0,0.0,0.0,0.0,1.0,0.0,-3.2875,-3.7966,0.2627,-4.9408,37.9436,28.6111,1082.61,1110.6332,1110.6332,-6.9859,-9.3328,-9.3328
EQR,63.65999984741211,63.66,2026-08-21,False,63.65999984741211,63.65999984741211,0.0,-5.33,BAJO,24611481600.0,28.68,41.36,2.27,8.02,2.67,27.88,27.97,5.78,17.34,0.79,0.13,,YAHOO,-0.2708,-0.5198,-0.1048,0.056942,0.5387,-0.5287,80.73,2026-10-21,35,,,yahoo,1.0,1.0,1.0,1.0,0.0,0.0,1.0,0.0,1.0,-3.5016,-6.7799,,,0.0,,,,,,,
EQT,53.119998931884766,53.12,2026-09-15,False,52.52000045776367,53.84000015258789,-0.17,9.95,BAJO,31532263424.0,12.33,13.02,1.25,11.08,6.63,23.37,29.18,7.8,5.82,0.2,0.67,,YAHOO,-0.2708,-0.5198,-0.1048,0.056942,0.5387,-0.5287,80.73,2026-10-20,34,,,yahoo,1.0,1.0,1.0,1.0,1.0,1.0,0.0,1.0,1.0,-3.6284,-1.9564,7.8676,4.9983,17.4391,27.5462,55.75,55.75,67.5273,-4.7175,-4.7175,-21.3355
ERIE,250.61000061035156,250.61,2026-09-15,False,247.57000732421875,252.77000427246094,-1.29,-18.07,BAJO,12841346048.0,22.31,17.53,5.21,24.81,14.15,19.1,14.01,3.75,15.1,0.03,1.25,,YAHOO,-0.2708,-0.5198,-0.1048,0.056942,0.5387,-0.5287,80.73,2026-10-29,43,,,yahoo,1.0,0.0,1.0,1.0,0.0,0.0,1.0,0.0,0.0,2.9834,-1.9369,10.9188,12.4996,39.2838,49.9283,268.64,268.64,324.5125,-6.7116,-6.7116,-22.7734
ES,67.20999908447266,67.21,2026-09-15,False,67.05999755859375,68.36000061035156,-1.64,9.69,BAJO,25561149440.0,17.63,13.8,1.56,9.02,3.3,23.92,10.35,3.18,10.89,1.81,0.8,,YAHOO,-0.2708,-0.5198,-0.1048,0.056942,0.5387,-0.5287,80.73,2026-11-04,49,,,yahoo,1.0,1.0,1.0,1.0,1.0,0.0,0.0,1.0,1.0,-5.9868,-4.1774,-10.4344,-2.9599,13.107,19.2584,72.22,75.39,75.39,-6.9371,-10.8502,-10.8502
ESS,276.04998779296875,276.05,2026-09-15,False,272.7799987792969,276.4700012207031,0.12,10.88,BAJO,18704248832.0,42.93,43.07,3.28,7.71,2.96,33.98,20.89,5.58,19.75,1.22,0.25,,YAHOO,-0.2708,-0.5198,-0.1048,0.056942,0.5387,-0.5287,80.73,2026-10-27,41,,,yahoo,1.0,0.0,1.0,1.0,0.0,1.0,0.0,0.0,1.0,-0.4903,-2.442,-7.1851,-1.0316,14.4961,20.6259,293.61,298.33,298.33,-5.9807,-7.4682,-7.4682
ETN,392.3999938964844,392.4,2026-09-15,False,389.3999938964844,400.2699890136719,-0.19,8.06,BAJO,154505510912.0,39.98,24.66,7.63,19.68,7.05,16.56,12.75,2.01,26.39,1.05,1.24,,YAHOO,-0.2708,-0.5198,-0.1048,0.056942,0.5387,-0.5287,80.73,2026-11-03,48,,,yahoo,1.0,1.0,1.0,1.0,1.0,0.0,1.0,0.0,1.0,-7.0429,-2.3589,-0.733,-3.3643,75.7465,49.5949,431.33,459.96,459.96,-9.0256,-14.6882,-14.6882
ETR,102.91999816894531,102.92,2026-09-15,False,102.44999694824219,104.06999969482422,-0.69,19.37,BAJO,48886190080.0,26.17,20.05,2.62,10.25,2.68,24.46,13.33,-9.0,14.23,1.87,0.91,,YAHOO,-0.2708,-0.5198,-0.1048,0.056942,0.5387,-0.5287,80.73,2026-10-29,43,,,yahoo,1.0,1.0,1.0,1.0,1.0,1.0,0.0,0.0,0.0,-5.1691,-3.1888,-9.8682,-6.7929,8.9943,18.4628,108.53,115.6397,116.6636,-5.1691,-10.9994,-11.7805
EVRG,80.19999694824219,80.2,2026-09-15,False,79.88999938964844,81.19000244140625,-0.82,17.35,BAJO,18535294976.0,20.4,17.61,1.81,9.25,2.91,25.24,15.19,-7.79,12.35,1.61,0.36,,YAHOO,-0.2708,-0.5198,-0.1048,0.056942,0.5387,-0.5287,80.73,2026-11-05,50,,,yahoo,1.0,0.0,1.0,1.0,0.0,0.0,0.0,1.0,0.0,-2.4805,-1.0121,-6.5739,-3.0805,10.333,16.4385,83.58,87.4002,87.4002,-4.044,-8.2382,-8.2382
EW,85.73999786376953,85.74,2026-09-15,False,84.47000122070312,86.02999877929688,0.26,15.15,BAJO,51460993024.0,53.14,26.44,4.85,9.18,8.37,29.84,15.43,2.39,24.05,0.07,4.52,,YAHOO,-0.2708,-0.5198,-0.1048,0.056942,0.5387,-0.5287,80.73,2026-10-29,43,,,yahoo,1.0,0.0,1.0,1.0,1.0,0.0,1.0,0.0,1.0,-1.1301,-5.5207,-2.3907,-0.6259,28.9682,23.3055,92.28,95.18,95.18,-7.0871,-9.9181,-9.9181
EXC,42.20000076293945,42.2,2026-09-15,False,42.13999938964844,42.95000076293945,-1.22,3.15,BAJO,43723976704.0,15.49,13.97,1.48,9.71,2.81,16.59,10.99,-6.14,11.33,1.77,1.09,,YAHOO,-0.2708,-0.5198,-0.1048,0.056942,0.5387,-0.5287,80.73,2026-11-03,48,,,yahoo,1.0,1.0,1.0,1.0,0.0,1.0,0.0,1.0,0.0,-3.9818,-2.5576,-8.951,-7.7483,4.8864,19.3409,44.8826,47.4284,49.3516,-5.977,-11.0238,-14.491
EXPD,193.89999389648438,193.9,2026-09-15,False,192.39999389648438,194.58999633789062,0.15,60.19,BAJO,24573427712.0,28.26,23.85,11.6,42.67,15.23,10.71,7.63,3.25,19.08,0.27,1.57,,YAHOO,-0.2708,-0.5198,-0.1048,0.056942,0.5387,-0.5287,80.73,2026-11-03,48,,,yahoo,1.0,0.0,1.0,1.0,1.0,1.0,1.0,1.0,1.0,4.2697,2.241,6.5619,18.7894,10.9266,24.1818,193.9,193.9,193.9,0.0,0.0,0.0
EXPE,293.0799865722656,293.08,2026-09-15,False,284.7300109863281,294.8399963378906,1.81,31.77,BAJO,34442735616.0,18.45,11.73,28.48,89.49,6.11,18.98,12.97,9.97,11.86,2.3,0.8,,YAHOO,-0.2708,-0.5198,-0.1048,0.056942,0.5387,-0.5287,80.73,2026-11-05,50,,,yahoo,1.0,0.0,1.0,1.0,1.0,1.0,1.0,1.0,0.0,6.7492,-7.5807,8.3235,23.8512,7.5793,47.5362,338.6418,338.6418,338.6418,-13.4543,-13.4543,-13.4543
EXR,137.3000030517578,137.3,2026-09-15,False,136.4600067138672,139.2100067138672,-0.35,2.45,BAJO,30110445568.0,30.32,28.4,2.17,6.95,3.36,45.88,27.28,4.98,18.81,1.02,0.89,,YAHOO,-0.2708,-0.5198,-0.1048,0.056942,0.5387,-0.5287,80.73,2026-10-28,42,,,yahoo,1.0,1.0,1.0,1.0,0.0,1.0,1.0,0.0,1.0,-0.1765,-1.549,-7.5937,-5.2749,10.9757,20.1428,146.1911,151.0737,151.0737,-6.0818,-9.1172,-9.1172
FANG,211.52999877929688,211.53,2026-09-15,False,206.77999877929688,213.30999755859375,2.82,63.43,BAJO,54475046912.0,37.06,10.5,1.44,3.49,1.31,48.47,9.03,9.24,6.17,0.29,0.47,,YAHOO,-0.2708,-0.5198,-0.1048,0.056942,0.5387,-0.5287,80.73,2026-11-02,47,,,yahoo,1.0,0.0,1.0,1.0,0.0,0.0,1.0,0.0,1.0,5.9504,5.5118,11.8682,11.9683,21.063,33.0195,211.53,211.53,211.53,0.0,0.0,0.0
FAST,49.40999984741211,49.41,2026-09-15,False,48.709999084472656,49.689998626708984,-0.06,8.11,BAJO,56261804032.0,42.27,34.95,13.83,34.33,21.52,21.02,15.45,1.63,28.91,0.11,4.18,,YAHOO,-0.2708,-0.5198,-0.1048,0.056942,0.5387,-0.5287,80.73,2026-10-14,28,,,yahoo,1.0,1.0,1.0,1.0,1.0,1.0,0.0,0.0,1.0,0.0608,0.2028,6.452,7.7682,4.723,23.1926,51.44,52.38,52.38,-3.9463,-5.6701,-5.6701
FDS,277.0899963378906,277.09,2026-09-15,False,270.6000061035156,284.8900146484375,0.06,-15.7,BAJO,9830672384.0,18.21,14.01,4.87,27.03,11.08,30.54,23.21,6.32,11.9,0.77,0.68,,YAHOO,-0.2708,-0.5198,-0.1048,0.056942,0.5387,-0.5287,80.73,2026-09-30,14,,,yahoo,1.0,1.0,1.0,1.0,0.0,1.0,1.0,0.0,0.0,-4.1211,-11.6281,5.972,17.9234,81.6035,54.0063,313.55,313.55,339.1173,-11.6281,-11.6281,-18.2908
FE,45.33000183105469,45.33,2026-09-15,False,45.11000061035156,45.900001525878906,-1.09,10.58,BAJO,26258681856.0,24.27,15.39,2.03,9.49,3.68,19.3,6.94,-7.67,10.45,2.01,0.54,,YAHOO,-0.2708,-0.5198,-0.1048,0.056942,0.5387,-0.5287,80.73,2026-10-21,35,,,yahoo,1.0,0.0,1.0,1.0,0.0,1.0,0.0,0.0,1.0,-2.4112,-1.1557,-6.7819,-3.2966,8.0525,16.5796,47.26,49.43,50.8757,-4.0838,-8.2945,-10.9005
FFIV,430.8800048828125,430.88,2026-09-15,False,412.05999755859375,431.6700134277344,4.71,35.36,BAJO,23986708480.0,33.75,23.43,6.24,19.83,7.98,24.65,21.95,2.99,24.52,0.07,1.67,,YAHOO,-0.2708,-0.5198,-0.1048,0.056942,0.5387,-0.5287,80.73,2026-10-26,40,,,yahoo,1.0,1.0,1.0,1.0,0.0,1.0,1.0,1.0,0.0,10.5898,5.8335,6.8094,8.586,45.9274,37.477,430.88,431.26,431.26,0.0,-0.0881,-0.0881
FICO,985.9600219726562,985.96,2026-09-15,False,975.8300170898438,1009.0,-1.55,-34.19,BAJO,21410816000.0,28.73,18.66,-5.23,,39.98,53.79,34.05,3.62,21.18,,1.18,,YAHOO,-0.2708,-0.5198,-0.1048,0.056942,0.5387,-0.5287,80.73,2026-11-04,49,,,yahoo,1.0,1.0,1.0,1.0,0.0,0.0,1.0,1.0,1.0,5.6423,-14.0558,-20.5652,-16.5586,37.6941,66.9404,1172.67,1373.08,1879.55,-15.9218,-28.1935,-47.5428
FIS,37.34000015258789,37.34,2026-09-15,False,37.290000915527344,38.22999954223633,-2.2,-39.67,BAJO,19003762688.0,5.66,5.5,1.19,22.35,4.28,20.67,27.65,13.96,11.21,1.33,0.54,,YAHOO,-0.2708,-0.5198,-0.1048,0.056942,0.5387,-0.5287,80.73,2026-11-04,49,,,yahoo,1.0,0.0,1.0,1.0,1.0,0.0,1.0,0.0,1.0,-4.182,-7.3548,-11.3762,-3.0756,22.6933,38.1523,41.7971,46.2753,66.0466,-10.6636,-19.309,-43.4642
FITB,54.66999816894531,54.67,2026-09-15,False,54.38999938964844,55.47999954223633,0.53,27.02,BAJO,47530237952.0,18.39,10.61,1.47,8.44,0.92,39.08,23.24,,,,,,YAHOO,-0.2708,-0.5198,-0.1048,0.056942,0.5387,-0.5287,80.73,2026-10-19,33,,,yahoo,1.0,1.0,1.0,1.0,1.0,0.0,1.0,0.0,1.0,0.2935,1.6738,-7.9165,3.8828,8.9496,20.4413,57.29,59.37,59.37,-4.5732,-7.9165,-7.9165
FIX,1576.780029296875,1576.78,2026-09-15,False,1567.3599853515625,1630.18994140625,-0.38,104.44,BAJO,55865716736.0,38.76,26.38,86.48,55.29,17.04,17.06,12.78,3.3,27.08,0.11,1.21,,YAHOO,-0.2708,-0.5198,-0.1048,0.056942,0.5387,-0.5287,80.73,2026-10-22,36,,,yahoo,1.0,1.0,1.0,1.0,0.0,1.0,1.0,1.0,0.0,-4.3489,2.016,-6.129,-19.1813,82.8737,63.0867,1739.08,2065.4404,2065.4404,-9.3325,-23.6589,-23.6589
FOX,60.34000015258789,60.34,2026-09-15,False,59.75,61.060001373291016,-1.31,17.26,BAJO,24868876288.0,15.73,10.3,2.13,14.29,9.5,25.21,9.84,2.23,7.31,0.64,3.17,,YAHOO,-0.2708,-0.5198,-0.1048,0.056942,0.5387,-0.5287,80.73,2026-10-29,43,,,yahoo,1.0,0.0,1.0,1.0,0.0,1.0,1.0,0.0,1.0,3.6058,0.694,18.7116,21.385,39.0988,34.4724,62.382,62.382,67.0667,-3.2734,-3.2734,-10.0298
FOXA,67.56999969482422,67.57,2026-09-15,False,67.12000274658203,68.41999816894531,-1.4,18.46,BAJO,27816144896.0,17.23,11.34,2.39,14.29,9.5,25.21,9.84,2.0,8.07,0.64,3.17,,YAHOO,-0.2708,-0.5198,-0.1048,0.056942,0.5387,-0.5287,80.73,2026-10-29,43,,,yahoo,1.0,0.0,1.0,1.0,0.0,1.0,1.0,0.0,1.0,3.5873,0.7699,19.4658,23.9381,35.173,34.525,70.0207,70.0207,75.4053,-3.4999,-3.4999,-10.3909
FRT,113.93000030517578,113.93,2026-09-15,False,113.43000030517578,115.48999786376953,-0.52,20.0,BAJO,9827569664.0,22.76,35.24,3.05,12.55,3.26,35.03,32.66,4.64,17.81,1.34,0.56,,YAHOO,-0.2708,-0.5198,-0.1048,0.056942,0.5387,-0.5287,80.73,2026-10-30,44,,,yahoo,1.0,1.0,1.0,1.0,0.0,0.0,0.0,0.0,0.0,-2.8316,-1.8099,-9.1177,-7.8,4.6882,14.5904,117.94,127.13,127.13,-3.4,-10.3831,-10.3831
FTNT,172.3699951171875,172.37,2026-09-15,False,167.39999389648438,174.0500030517578,1.29,115.21,BAJO,126029996032.0,60.7,45.47,81.25,117.44,14.17,33.6,28.17,1.8,47.2,0.36,1.28,,YAHOO,-0.2708,-0.5198,-0.1048,0.056942,0.5387,-0.5287,80.73,2026-11-04,49,,,yahoo,1.0,0.0,1.0,1.0,1.0,0.0,1.0,0.0,1.0,9.4621,0.8425,7.2086,15.3054,73.5619,46.7387,172.78,172.78,172.78,-0.2373,-0.2373,-0.2373
FTV,56.45000076293945,56.45,2026-09-15,False,54.9900016784668,56.82500076293945,2.28,19.17,BAJO,16701543424.0,29.89,17.02,2.76,7.32,3.29,19.14,12.38,5.62,16.15,0.59,1.24,,YAHOO,-0.2708,-0.5198,-0.1048,0.056942,0.5387,-0.5287,80.73,2026-10-28,42,,,yahoo,1.0,1.0,1.0,1.0,0.0,0.0,1.0,0.0,1.0,-0.1062,-3.9451,-9.4976,-6.1474,30.7053,27.0734,60.3865,64.0121,64.0121,-6.5188,-11.8135,-11.8135
GD,358.6000061035156,358.6,2026-09-15,False,353.1199951171875,360.260009765625,0.5,14.01,BAJO,97400586240.0,21.88,19.37,3.63,17.8,6.08,10.38,8.18,4.52,15.44,0.35,1.44,,YAHOO,-0.2708,-0.5198,-0.1048,0.056942,0.5387,-0.5287,80.73,2026-10-28,42,,,yahoo,1.0,1.0,1.0,1.0,1.0,1.0,0.0,0.0,1.0,0.5665,-3.4334,-2.771,0.1803,1.7517,18.9828,393.48,395.97,395.97,-8.8645,-9.4376,-9.4376
GDDY,102.37999725341797,102.38,2026-09-15,False,101.5999984741211,104.48999786376953,-2.0,-27.25,BAJO,12549520384.0,15.22,8.99,1869.62,442.86,9.88,27.06,17.83,9.6,11.01,573.34,0.63,,YAHOO,-0.2708,-0.5198,-0.1048,0.056942,0.5387,-0.5287,80.73,2026-10-29,43,,,yahoo,1.0,0.0,1.0,1.0,0.0,0.0,1.0,0.0,1.0,10.2283,4.5975,6.4131,32.1203,55.806,65.3822,104.47,105.1,147.83,-2.0006,-2.588,-30.7448
GEHC,64.06999969482422,64.07,2026-09-15,False,63.61000061035156,64.63500213623047,-0.28,-15.04,BAJO,28677560320.0,14.77,11.74,2.61,19.38,5.13,14.98,9.33,5.49,10.4,0.94,1.26,,YAHOO,-0.2708,-0.5198,-0.1048,0.056942,0.5387,-0.5287,80.73,2026-10-28,42,,,yahoo,1.0,0.0,1.0,0.0,0.0,1.0,1.0,0.0,0.0,-4.0509,-10.0519,-2.4259,-1.0096,12.5833,39.6114,74.82,74.82,88.0324,-14.3678,-14.3678,-27.22
GIS,36.58000183105469,36.58,2026-09-15,False,35.869998931884766,36.790000915527344,0.3,-18.31,BAJO,19679711232.0,,11.47,3.56,-1.03,5.74,16.12,-0.47,11.73,9.61,1.89,0.68,,YAHOO,-0.2708,-0.5198,-0.1048,0.056942,0.5387,-0.5287,80.73,2026-09-23,7,2026-09-15,1.0,yahoo,0.0,0.0,1.0,1.0,0.0,1.0,1.0,0.0,1.0,-2.9451,-11.2136,-5.478,8.5883,31.7767,37.7745,41.55,41.55,48.1163,-11.9615,-11.9615,-23.9759
GNRC,175.02999877929688,175.03,2026-09-15,False,173.83999633789062,180.0,-1.1,-3.34,BAJO,10332603392.0,40.16,14.81,3.59,9.49,4.72,17.93,5.82,2.8,18.03,0.49,2.04,,YAHOO,-0.2708,-0.5198,-0.1048,0.056942,0.5387,-0.5287,80.73,2026-10-28,42,,,yahoo,1.0,0.0,1.0,1.0,1.0,1.0,1.0,0.0,0.0,-7.9807,-5.5831,-18.7343,-35.1981,54.8217,52.3136,211.56,295.54,295.54,-17.267,-40.7762,-40.7762
GOOG,341.42999267578125,341.43,2026-09-15,False,339.17999267578125,344.3599853515625,-1.24,38.38,BAJO,4150350577664.0,17.12,22.84,6.67,48.68,12.96,34.03,54.77,0.55,23.37,0.19,2.72,,YAHOO,-0.2708,-0.5198,-0.1048,0.056942,0.5387,-0.5287,80.73,2026-10-28,42,,,yahoo,1.0,0.0,1.0,1.0,0.0,1.0,1.0,1.0,0.0,1.8039,1.8609,-3.4364,-6.9348,28.514,35.0227,345.71,375.1065,398.5413,-1.238,-8.9778,-14.3301
GPC,131.00999450683594,131.01,2026-09-15,False,129.9199981689453,133.7899932861328,-1.65,0.05,BAJO,17993455616.0,522.08,15.72,3.98,0.71,4.48,6.56,0.13,5.1,11.74,1.46,1.16,,YAHOO,-0.2708,-0.5198,-0.1048,0.056942,0.5387,-0.5287,80.73,2026-10-20,34,,,yahoo,1.0,0.0,1.0,1.0,1.0,0.0,1.0,1.0,0.0,-2.2751,-2.6831,5.0691,26.1753,9.7053,38.8167,138.4126,138.4126,145.181,-5.3482,-5.3482,-9.7609
GPN,88.9800033569336,88.98,2026-09-15,False,88.38999938964844,90.0199966430664,-1.34,9.52,BAJO,22886844416.0,42.19,5.41,0.99,2.43,2.33,16.11,-9.15,34.38,9.35,0.98,0.82,,YAHOO,-0.2708,-0.5198,-0.1048,0.056942,0.5387,-0.5287,80.73,2026-11-03,48,,,yahoo,1.0,0.0,1.0,1.0,0.0,1.0,1.0,0.0,0.0,-0.2103,-1.9968,10.8609,32.2346,25.7402,40.2286,94.0338,94.5623,94.5623,-5.3744,-5.9033,-5.9033
GWW,1269.530029296875,1269.53,2026-09-15,False,1258.699951171875,1280.030029296875,-0.62,28.82,BAJO,59265232896.0,32.36,24.65,14.35,46.09,19.93,16.07,9.92,2.11,19.4,0.62,2.81,,YAHOO,-0.2708,-0.5198,-0.1048,0.056942,0.5387,-0.5287,80.73,2026-11-04,49,,,yahoo,1.0,0.0,1.0,1.0,0.0,1.0,1.0,0.0,1.0,-1.5235,-3.0516,-9.2737,-3.1898,9.5001,22.5297,1335.39,1399.2974,1399.2974,-4.9319,-9.2737,-9.2737
HAS,90.20999908447266,90.21,2026-09-15,False,89.22000122070312,91.0199966430664,-0.61,24.94,BAJO,12595270656.0,15.89,13.68,17.89,159.56,13.08,22.16,15.97,5.46,11.63,5.31,1.66,,YAHOO,-0.2708,-0.5198,-0.1048,0.056942,0.5387,-0.5287,80.73,2026-10-22,36,,,yahoo,0.0,0.0,1.0,1.0,1.0,0.0,0.0,0.0,1.0,-0.1107,-4.1339,10.7162,6.9383,19.9286,32.1965,96.74,96.74,103.5827,-6.7501,-6.7501,-12.9101
HBAN,16.75,16.75,2026-09-15,False,16.639999389648438,16.950000762939453,-0.12,0.98,BAJO,31962961920.0,12.17,8.5,1.07,9.0,0.98,41.93,26.13,,,,,,YAHOO,-0.2708,-0.5198,-0.1048,0.056942,0.5387,-0.5287,80.73,2026-10-22,36,,,yahoo,1.0,1.0,1.0,1.0,1.0,0.0,0.0,0.0,0.0,-0.0597,0.3595,-9.7522,-1.794,9.7559,22.5284,17.66,18.56,18.9052,-5.1529,-9.7522,-11.4001
HCA,423.82000732421875,423.82,2026-09-15,False,409.739990234375,426.2200012207031,-0.39,8.25,BAJO,93188743168.0,14.21,13.44,-14.12,,12.29,15.16,8.77,4.01,9.34,,0.99,,YAHOO,-0.2708,-0.5198,-0.1048,0.056942,0.5387,-0.5287,80.73,2026-10-23,37,,,yahoo,1.0,1.0,1.0,1.0,0.0,0.0,1.0,1.0,1.0,5.4226,2.2608,9.8719,8.898,13.2299,36.7747,429.24,429.24,543.2316,-1.2627,-1.2627,-21.9817
HIG,136.02999877929688,136.03,2026-09-15,False,135.5,137.50999450683594,-1.13,7.74,BAJO,36551467008.0,9.33,9.86,1.9,22.06,3.85,17.61,14.89,15.07,6.67,0.22,1.77,,YAHOO,-0.2708,-0.5198,-0.1048,0.056942,0.5387,-0.5287,80.73,2026-10-29,43,,,yahoo,1.0,1.0,1.0,1.0,1.0,0.0,1.0,0.0,1.0,0.2727,-0.5483,-0.017,5.2432,13.5874,20.665,140.0,145.0437,145.0437,-2.8357,-6.2145,-6.2145
HII,279.4599914550781,279.46,2026-09-15,False,272.8800048828125,280.9800109863281,-0.2,6.47,BAJO,10958024704.0,16.64,13.35,2.06,12.97,4.28,7.08,5.01,-2.74,11.86,0.55,1.23,,YAHOO,-0.2708,-0.5198,-0.1048,0.056942,0.5387,-0.5287,80.73,2026-10-29,43,,,yahoo,1.0,1.0,1.0,1.0,1.0,1.0,0.0,1.0,1.0,-2.854,-4.0316,3.5836,-6.306,6.9214,40.8003,316.1357,329.2744,449.6816,-11.6012,-15.1285,-37.8538
HLT,307.7900085449219,307.79,2026-09-15,False,305.8599853515625,311.45001220703125,-0.9,16.1,BAJO,68786593792.0,44.95,29.23,-10.94,,11.03,62.99,31.03,2.03,26.5,,0.65,,YAHOO,-0.2708,-0.5198,-0.1048,0.056942,0.5387,-0.5287,80.73,2026-10-28,42,,,yahoo,1.0,0.0,1.0,1.0,0.0,0.0,1.0,1.0,1.0,1.0904,-2.6843,-4.7246,-11.2874,15.6988,22.8286,334.5777,343.6735,350.0606,-8.0064,-10.4412,-12.0752
HPE,55.880001068115234,55.88,2026-09-15,False,55.4900016784668,57.7400016784668,0.85,132.06,BAJO,75240710144.0,28.77,12.33,2.84,10.94,2.64,12.56,6.67,6.3,12.98,0.76,1.11,,YAHOO,-0.2708,-0.5198,-0.1048,0.056942,0.5387,-0.5287,80.73,2026-12-02,77,2026-09-02,14.0,finnhub,1.0,0.0,1.0,1.0,0.0,0.0,0.0,0.0,1.0,-0.2677,6.9678,23.8201,14.3278,160.542,68.5271,62.09,62.09,62.09,-10.0016,-10.0016,-10.0016
HRL,20.790000915527344,20.79,2026-09-15,False,20.6200008392334,20.93000030517578,-0.81,-9.11,BAJO,11436290048.0,33.52,13.38,1.46,4.29,4.63,8.62,2.82,5.43,10.62,0.36,1.88,,YAHOO,-0.2708,-0.5198,-0.1048,0.056942,0.5387,-0.5287,80.73,2026-12-02,77,2026-08-27,20.0,finnhub,1.0,0.0,1.0,1.0,0.0,1.0,0.0,0.0,1.0,-1.9802,-4.8513,-19.1365,-14.4049,22.7157,32.3432,24.41,26.1959,26.1959,-14.83,-20.6365,-20.6365
HSIC,87.5199966430664,87.52,2026-09-15,False,87.26000213623047,88.93000030517578,-1.59,29.6,BAJO,9670216704.0,25.52,14.47,3.08,8.85,4.39,5.76,2.96,4.61,13.79,0.81,1.32,,YAHOO,-0.2708,-0.5198,-0.1048,0.056942,0.5387,-0.5287,80.73,2026-11-03,48,,,yahoo,1.0,0.0,1.0,1.0,0.0,0.0,1.0,0.0,0.0,-1.508,-2.539,-0.8384,7.9295,20.3393,20.4045,90.86,90.86,90.86,-3.676,-3.676,-3.676
HUBB,439.07000732421875,439.07,2026-09-16,False,435.9725036621094,445.2200012207031,0.12,4.47,BAJO,23197198336.0,25.98,19.16,5.93,24.44,8.43,21.67,14.49,2.14,18.72,1.42,1.61,,YAHOO,-0.2708,-0.5198,-0.1048,0.056942,0.5387,-0.5287,80.73,2026-10-27,41,,,yahoo,1.0,0.0,1.0,1.0,0.0,0.0,1.0,1.0,0.0,-3.4947,-0.9564,-9.8716,-12.3783,37.9172,34.4529,474.1707,534.384,554.4604,-7.4025,-17.8362,-20.8113
HUM,396.6199951171875,396.62,2026-09-15,False,393.55999755859375,405.2900085449219,-2.56,48.49,BAJO,46197293056.0,37.46,23.22,2.4,6.89,3.9,3.46,0.88,4.2,10.33,0.76,1.74,,YAHOO,-0.2708,-0.5198,-0.1048,0.056942,0.5387,-0.5287,80.73,2026-11-06,51,,,yahoo,1.0,0.0,1.0,0.0,0.0,0.0,1.0,0.0,1.0,-1.6051,3.494,2.6237,4.5484,31.7308,34.1912,409.8,409.8,409.8,-3.2162,-3.2162,-3.2162
ICE,156.89999389648438,156.9,2026-09-15,False,155.5,157.5,-0.54,-5.33,BAJO,86510895104.0,22.11,17.51,2.93,14.09,2.17,52.63,38.25,4.2,15.8,0.69,1.01,,YAHOO,-0.2708,-0.5198,-0.1048,0.056942,0.5387,-0.5287,80.73,2026-10-29,43,,,yahoo,1.0,1.0,1.0,1.0,0.0,1.0,1.0,1.0,1.0,-0.5451,-2.3647,10.68,11.9914,11.4408,26.0406,164.59,164.59,173.8904,-4.6722,-4.6722,-9.7707
IDXX,510.7300109863281,510.73,2026-09-15,False,502.3999938964844,516.02001953125,0.23,-18.28,BAJO,40463556608.0,35.84,30.68,25.12,74.21,27.08,34.98,25.03,2.25,25.51,0.68,1.17,,YAHOO,-0.2708,-0.5198,-0.1048,0.056942,0.5387,-0.5287,80.73,2026-11-02,47,,,yahoo,1.0,1.0,1.0,1.0,1.0,0.0,1.0,1.0,1.0,-1.8223,-8.2559,-11.3424,-10.3982,17.7084,28.997,562.2,595.76,766.68,-9.1551,-14.2725,-33.3842
IEX,222.83999633789062,222.84,2026-09-15,False,220.72000122070312,223.69000244140625,0.32,42.74,BAJO,16328956928.0,32.05,23.01,4.09,12.96,6.84,22.17,14.49,3.4,18.18,0.47,3.05,,YAHOO,-0.2708,-0.5198,-0.1048,0.056942,0.5387,-0.5287,80.73,2026-10-28,42,,,yahoo,1.0,0.0,1.0,1.0,1.0,1.0,1.0,1.0,1.0,-1.2497,-2.5367,-2.673,0.6887,20.219,19.2674,234.89,240.52,240.52,-5.1301,-7.3507,-7.3507
INCY,121.73999786376953,121.74,2026-09-15,False,119.97000122070312,122.19000244140625,-0.37,48.84,BAJO,25286543360.0,15.5,14.04,3.95,30.67,16.83,41.9,27.71,4.67,10.7,0.01,4.59,,YAHOO,-0.2708,-0.5198,-0.1048,0.056942,0.5387,-0.5287,80.73,2026-10-27,41,,,yahoo,1.0,1.0,1.0,1.0,1.0,1.0,0.0,1.0,0.0,-2.1383,-1.2011,4.3635,19.3763,19.2879,33.6611,129.72,129.93,129.93,-6.1517,-6.3034,-6.3034
INTU,329.2699890136719,329.27,2026-09-15,False,328.6600036621094,338.9700012207031,-2.91,-46.47,BAJO,85015789568.0,20.0,11.63,4.56,23.6,10.47,17.64,21.29,7.47,12.59,0.44,1.51,,YAHOO,-0.2708,-0.5198,-0.1048,0.056942,0.5387,-0.5287,80.73,2026-11-19,64,2026-08-25,22.0,yahoo,1.0,1.0,1.0,1.0,0.0,1.0,1.0,1.0,1.0,3.2421,-8.3579,11.6965,17.3754,58.1047,46.5702,369.92,369.92,694.2903,-10.9889,-10.9889,-52.5746
INVH,27.639999389648438,27.64,2026-09-15,False,27.489999771118164,27.78499984741211,0.18,-0.24,BAJO,16070857728.0,24.96,38.28,1.77,7.05,2.48,25.11,23.2,7.27,16.38,0.94,0.43,,YAHOO,-0.2708,-0.5198,-0.1048,0.056942,0.5387,-0.5287,80.73,2026-10-28,42,,,yahoo,1.0,1.0,1.0,1.0,0.0,1.0,1.0,0.0,1.0,-2.0553,-5.1476,-9.1387,-4.2763,18.3297,18.6182,30.46,30.59,30.59,-9.258,-9.6437,-9.6437
IQV,269.6700134277344,269.67,2026-09-15,False,262.95001220703125,272.3500061035156,1.51,47.42,BAJO,44247773184.0,33.56,18.59,7.17,22.82,5.06,13.03,8.1,4.86,19.21,2.58,0.71,,YAHOO,-0.2708,-0.5198,-0.1048,0.056942,0.5387,-0.5287,80.73,2026-11-03,48,,,yahoo,1.0,0.0,1.0,1.0,1.0,0.0,1.0,0.0,0.0,4.0353,3.2467,28.1154,51.1688,11.6723,43.471,271.62,271.62,271.62,-0.7179,-0.7179,-0.7179
IR,71.91000366210938,71.91,2026-09-15,False,71.19999694824219,72.6500015258789,-0.3,-6.53,BAJO,27718680576.0,29.52,18.24,2.72,9.47,5.1,16.88,12.08,4.0,15.64,0.48,1.62,,YAHOO,-0.2708,-0.5198,-0.1048,0.056942,0.5387,-0.5287,80.73,2026-10-29,43,,,yahoo,1.0,0.0,1.0,1.0,1.0,0.0,1.0,0.0,1.0,-4.2604,-6.671,-15.1604,-6.3085,6.3522,31.2659,81.14,89.9788,98.6875,-11.3754,-20.0811,-27.1336
IRM,112.04000091552734,112.04,2026-09-15,False,109.12999725341797,113.2300033569336,0.76,18.43,BAJO,33387370496.0,79.54,41.11,-26.06,,4.63,19.06,5.54,-1.31,20.98,,0.73,,YAHOO,-0.2708,-0.5198,-0.1048,0.056942,0.5387,-0.5287,80.73,2026-11-04,49,,,yahoo,1.0,0.0,1.0,1.0,0.0,1.0,0.0,0.0,0.0,-2.7304,-2.1148,-7.1917,-10.5871,35.6167,30.6183,125.6934,132.0341,132.0341,-10.8624,-15.1431,-15.1431
IT,195.6199951171875,195.62,2026-09-15,False,191.25999450683594,202.97999572753906,-0.74,-18.36,BAJO,12097449984.0,17.61,11.71,-73.74,113.58,10.17,22.62,12.0,8.7,10.07,,0.88,,YAHOO,-0.2708,-0.5198,-0.1048,0.056942,0.5387,-0.5287,80.73,2026-11-03,48,,,yahoo,1.0,0.0,1.0,1.0,0.0,0.0,1.0,1.0,1.0,13.3438,-1.2569,36.9025,37.0176,75.8201,74.7619,202.78,202.78,264.09,-3.5309,-3.5309,-25.9268
ITW,268.6000061035156,268.6,2026-09-15,False,266.2900085449219,270.260009765625,-0.16,6.78,BAJO,76135579648.0,24.32,21.56,26.31,104.62,16.92,26.9,19.39,3.2,17.68,3.35,1.11,,YAHOO,-0.2708,-0.5198,-0.1048,0.056942,0.5387,-0.5287,80.73,2026-10-23,37,,,yahoo,1.0,0.0,1.0,1.0,1.0,0.0,1.0,0.0,0.0,-0.0335,-2.4585,-5.0783,2.9395,8.3708,22.0588,285.51,297.32,297.32,-5.9227,-9.6596,-9.6596
IVZ,30.780000686645508,30.78,2026-09-15,False,30.6200008392334,31.56999969482422,-2.32,44.57,BAJO,13280313344.0,,9.2,1.33,-0.57,2.92,19.95,-0.93,8.59,12.11,0.12,0.71,,YAHOO,-0.2708,-0.5198,-0.1048,0.056942,0.5387,-0.5287,80.73,2026-10-27,41,,,yahoo,0.0,0.0,1.0,1.0,0.0,1.0,1.0,1.0,1.0,-4.8237,-6.1013,2.2636,6.4807,26.3974,36.2422,33.31,33.31,33.31,-7.5953,-7.5953,-7.5953
JBHT,273.04998779296875,273.05,2026-09-15,False,271.19000244140625,275.7799987792969,-0.71,104.31,BAJO,22232481792.0,38.81,23.46,6.08,18.45,7.38,7.42,5.31,4.06,14.12,0.38,1.25,,YAHOO,-0.2708,-0.5198,-0.1048,0.056942,0.5387,-0.5287,80.73,2026-10-15,29,,,yahoo,1.0,1.0,1.0,1.0,1.0,0.0,1.0,1.0,1.0,-0.6296,2.8553,-8.344,-3.4078,16.6739,33.234,275.45,297.9075,297.9075,-0.8713,-8.344,-8.344
JBL,296.04998779296875,296.05,2026-09-15,False,294.6000061035156,305.0,-0.89,39.59,BAJO,31146913792.0,37.02,17.65,23.55,65.88,5.01,5.21,2.57,3.89,14.07,2.97,0.98,,YAHOO,-0.2708,-0.5198,-0.1048,0.056942,0.5387,-0.5287,80.73,2026-09-30,14,,,yahoo,1.0,0.0,1.0,1.0,1.0,0.0,1.0,0.0,0.0,-5.2124,-3.0171,-3.5648,-23.2129,74.1153,52.2728,338.62,385.3968,385.5467,-12.5716,-23.1831,-23.2129
JKHY,154.07000732421875,154.07,2026-09-15,False,153.82000732421875,166.4600067138672,-6.37,1.14,BAJO,11146502144.0,22.78,20.23,5.43,24.04,12.99,22.5,19.76,3.16,15.97,0.04,1.17,,YAHOO,-0.2708,-0.5198,-0.1048,0.056942,0.5387,-0.5287,80.73,2026-11-03,48,2026-08-18,29.0,yahoo,1.0,1.0,1.0,1.0,0.0,0.0,1.0,1.0,1.0,-3.6038,-7.9089,0.5137,18.6269,62.7786,35.0962,172.991,172.991,190.3516,-10.9375,-10.9375,-19.0603
KEY,21.700000762939453,21.7,2026-09-15,False,21.639999389648438,22.06999969482422,-1.05,22.33,BAJO,22110904320.0,12.71,9.7,1.28,10.33,1.08,34.71,27.54,,,,,,YAHOO,-0.2708,-0.5198,-0.1048,0.056942,0.5387,-0.5287,80.73,2026-10-20,34,,,yahoo,1.0,1.0,1.0,1.0,1.0,0.0,1.0,0.0,1.0,-0.413,1.3782,-8.6793,-2.2844,11.3061,19.4367,22.5738,23.7624,23.7624,-3.8709,-8.6793,-8.6793
KEYS,313.3599853515625,313.36,2026-09-15,False,311.43499755859375,319.45001220703125,-0.51,84.85,BAJO,54825619456.0,42.37,23.22,8.35,20.9,7.23,25.68,19.14,3.41,32.38,0.42,2.02,,YAHOO,-0.2708,-0.5198,-0.1048,0.056942,0.5387,-0.5287,80.73,2026-11-24,69,2026-08-18,29.0,yahoo,1.0,1.0,1.0,1.0,0.0,0.0,1.0,0.0,0.0,-6.0164,-2.8943,0.1918,-12.2093,71.6453,47.9604,341.0,373.34,373.34,-8.1056,-16.0658,-16.0658
KHC,24.729999542236328,24.73,2026-09-15,False,23.75,24.954999923706055,1.9,5.5,BAJO,29325420544.0,,11.85,0.81,-8.76,3.63,15.49,-13.64,11.08,8.33,0.53,1.06,,YAHOO,-0.2708,-0.5198,-0.1048,0.056942,0.5387,-0.5287,80.73,2026-10-28,42,,,yahoo,0.0,0.0,1.0,1.0,0.0,1.0,1.0,0.0,1.0,-0.6827,-2.1217,-4.2114,4.7326,24.0128,32.3698,25.8468,27.1854,27.1854,-4.3208,-9.032,-9.032
KIM,22.989999771118164,22.99,2026-09-15,False,22.940000534057617,23.209999084472656,-0.99,10.23,BAJO,15153132544.0,26.89,25.67,1.47,5.81,2.37,36.56,27.76,5.75,17.62,0.85,0.97,,YAHOO,-0.2708,-0.5198,-0.1048,0.056942,0.5387,-0.5287,80.73,2026-10-29,43,,,yahoo,1.0,1.0,1.0,1.0,1.0,0.0,1.0,1.0,1.0,-3.2407,-1.8882,-10.6327,-8.2355,9.426,16.4893,24.0353,26.0712,26.0712,-4.3491,-11.8184,-11.8184
KMI,30.770000457763672,30.77,2026-09-15,False,30.600000381469727,31.18000030517578,-0.61,19.39,BAJO,68429631488.0,19.83,19.9,2.16,10.99,4.45,30.06,19.3,1.57,13.36,0.99,0.46,,YAHOO,-0.2708,-0.5198,-0.1048,0.056942,0.5387,-0.5287,80.73,2026-10-28,42,,,yahoo,1.0,1.0,1.0,1.0,0.0,1.0,0.0,0.0,1.0,-3.7836,-4.5596,-4.5556,-1.2791,11.828,21.3953,32.87,32.8826,33.9923,-6.3888,-6.4248,-9.4794
KR,62.25,62.25,2026-09-15,False,60.349998474121094,62.54999923706055,2.2,-3.15,BAJO,36439441408.0,33.59,11.08,6.61,14.44,5.8,2.98,0.73,6.96,7.33,4.13,0.7,,YAHOO,-0.2708,-0.5198,-0.1048,0.056942,0.5387,-0.5287,80.73,2026-12-03,78,2026-09-11,5.0,yahoo,1.0,0.0,1.0,1.0,1.0,0.0,1.0,1.0,1.0,8.8287,8.1856,6.9393,-2.1587,21.2201,28.101,62.25,62.25,74.6913,0.0,0.0,-16.657
KVUE,17.920000076293945,17.92,2026-09-15,False,17.700000762939453,17.93600082397461,0.06,5.33,BAJO,34247391232.0,20.98,14.38,3.24,15.58,6.99,19.42,10.76,5.57,11.99,0.82,1.0,,YAHOO,-0.2708,-0.5198,-0.1048,0.056942,0.5387,-0.5287,80.73,2026-11-05,50,,,yahoo,1.0,1.0,1.0,1.0,1.0,0.0,0.0,1.0,0.0,-2.5557,-5.0847,-4.7332,-0.7137,5.5227,22.7583,19.43,19.6114,19.6114,-7.7715,-8.6246,-8.6246
L,109.20999908447266,109.21,2026-09-15,False,108.0,109.25,0.01,15.35,BAJO,22239690752.0,13.4,37.51,1.16,9.31,1.91,14.53,9.02,5.67,7.94,0.45,0.51,,YAHOO,-0.2708,-0.5198,-0.1048,0.056942,0.5387,-0.5287,80.73,2026-11-02,47,,,yahoo,1.0,1.0,1.0,1.0,1.0,0.0,1.0,0.0,1.0,0.8868,0.8496,-4.0555,0.9154,4.9243,15.2218,112.387,119.3331,119.3331,-2.8268,-8.4831,-8.4831
LDOS,129.24000549316406,129.24,2026-09-15,False,127.58000183105469,133.92999267578125,-2.39,-26.04,BAJO,16232418304.0,12.07,10.14,3.07,27.78,8.91,11.72,7.8,7.06,9.28,1.23,1.63,,YAHOO,-0.2708,-0.5198,-0.1048,0.056942,0.5387,-0.5287,80.73,2026-11-03,48,,,yahoo,1.0,1.0,1.0,1.0,0.0,1.0,1.0,1.0,0.0,0.3248,-7.5246,19.7338,13.1411,36.9849,40.0325,145.8363,145.8363,197.2656,-11.3801,-11.3801,-34.4843
LH,323.9700012207031,323.97,2026-09-15,False,309.6300048828125,327.95001220703125,2.75,21.24,BAJO,26317762560.0,26.82,16.36,3.05,11.73,5.53,12.24,6.99,3.39,14.23,0.79,1.8,,YAHOO,-0.2708,-0.5198,-0.1048,0.056942,0.5387,-0.5287,80.73,2026-10-27,41,,,yahoo,1.0,1.0,1.0,1.0,1.0,0.0,1.0,1.0,1.0,-0.274,-2.6123,15.1538,22.5011,50.4938,25.3928,338.614,338.614,338.614,-4.3247,-4.3247,-4.3247
LII,362.19000244140625,362.19,2026-09-15,False,355.69000244140625,366.4200134277344,-0.91,-31.27,BAJO,12477787136.0,16.05,13.81,9.62,71.76,15.99,22.86,14.87,2.23,12.34,1.56,1.57,,YAHOO,-0.2708,-0.5198,-0.1048,0.056942,0.5387,-0.5287,80.73,2026-10-28,42,,,yahoo,1.0,0.0,1.0,0.0,0.0,1.0,1.0,1.0,0.0,-5.9686,-5.3445,-35.1576,-30.7366,10.5409,53.1112,419.34,572.95,572.95,-13.6286,-36.7851,-36.7851
LNT,65.98999786376953,65.99,2026-09-15,False,65.91000366210938,67.12999725341797,-1.39,7.53,BAJO,17141311488.0,20.85,17.94,2.28,11.13,2.45,19.05,18.45,-6.64,15.98,1.61,0.47,,YAHOO,-0.2708,-0.5198,-0.1048,0.056942,0.5387,-0.5287,80.73,2026-11-05,50,,,yahoo,1.0,1.0,1.0,1.0,0.0,1.0,0.0,1.0,0.0,-3.8187,-2.9273,-12.222,-9.5965,9.4541,18.4463,70.15,77.4411,77.4411,-5.9302,-14.7869,-14.7869
LOW,194.61000061035156,194.61,2026-09-15,False,194.08999633789062,197.75999450683594,-1.8,-24.6,BAJO,108900589568.0,16.45,14.9,-14.64,,12.52,13.36,7.35,4.24,11.61,,1.1,,YAHOO,-0.2708,-0.5198,-0.1048,0.056942,0.5387,-0.5287,80.73,2026-11-18,63,2026-08-19,28.0,yahoo,1.0,0.0,1.0,1.0,1.0,0.0,0.0,1.0,0.0,-3.0827,-4.9292,-9.4131,-11.071,17.7009,27.0717,220.0,226.1026,284.2603,-11.5409,-13.9285,-31.5381
LULU,98.37000274658203,98.37,2026-09-15,False,96.83000183105469,100.04000091552734,-1.92,-36.1,BAJO,10625948672.0,8.1,10.93,2.24,30.9,14.4,13.21,12.78,10.81,4.77,0.45,2.19,,YAHOO,-0.2708,-0.5198,-0.1048,0.056942,0.5387,-0.5287,80.73,2026-12-09,84,2026-09-03,13.0,finnhub,1.0,0.0,1.0,1.0,0.0,1.0,1.0,0.0,0.0,-4.671,-18.2022,-17.19,-15.3515,38.7434,52.1016,122.78,128.58,215.88,-19.8811,-23.4951,-54.433
LUV,39.279998779296875,39.28,2026-09-15,False,38.650001525878906,39.7599983215332,-0.61,29.62,BAJO,19152500736.0,24.62,8.36,2.7,11.1,2.32,3.38,2.78,-4.36,9.52,0.97,0.49,,YAHOO,-0.2708,-0.5198,-0.1048,0.056942,0.5387,-0.5287,80.73,2026-10-21,35,,,yahoo,1.0,1.0,1.0,1.0,0.0,0.0,1.0,1.0,1.0,1.5775,2.424,-20.1619,-14.3577,13.8875,34.3436,42.2919,51.8472,54.0738,-7.1217,-24.2389,-27.3585
LW,47.09000015258789,47.09,2026-09-15,False,46.900001525878906,48.064998626708984,-2.42,-11.04,BAJO,6534574080.0,22.63,14.09,3.58,16.28,6.03,9.77,4.39,6.93,9.51,2.21,1.42,,YAHOO,-0.2708,-0.5198,-0.1048,0.056942,0.5387,-0.5287,80.73,2026-10-06,20,,,yahoo,1.0,0.0,1.0,1.0,1.0,1.0,1.0,0.0,1.0,-4.6761,-13.6439,1.1004,4.4393,28.3436,31.7911,55.36,55.36,64.5724,-14.9386,-14.9386,-27.0741
LYB,65.43000030517578,65.43,2026-09-15,False,63.0,65.47000122070312,4.27,34.69,BAJO,20965163008.0,,10.08,1.96,-2.27,4.11,17.92,-1.13,5.86,9.18,1.33,1.64,,YAHOO,-0.2708,-0.5198,-0.1048,0.056942,0.5387,-0.5287,80.73,2026-10-30,44,,,yahoo,0.0,0.0,1.0,1.0,0.0,0.0,1.0,0.0,0.0,1.3005,0.5378,14.3693,4.432,41.8465,34.6958,67.4042,67.4042,80.6941,-2.9289,-2.9289,-18.916
LYV,170.24000549316406,170.24,2026-09-15,False,168.4199981689453,171.36000061035156,-0.73,1.17,BAJO,39866359808.0,,90.64,479.36,17.68,2.1,6.7,0.51,4.25,28.25,6.2,0.85,,YAHOO,-0.2708,-0.5198,-0.1048,0.056942,0.5387,-0.5287,80.73,2026-11-03,48,,,yahoo,1.0,0.0,1.0,1.0,0.0,1.0,0.0,1.0,0.0,-0.1232,-5.3644,-5.3433,-3.1902,9.8294,25.1585,186.77,188.46,188.46,-8.8505,-9.6678,-9.6678
MAA,124.48999786376953,124.49,2026-09-15,False,124.29000091552734,125.33000183105469,-0.88,-4.85,BAJO,14501686272.0,35.96,37.17,2.6,7.05,3.13,25.36,18.17,6.35,16.12,1.02,0.05,,YAHOO,-0.2708,-0.5198,-0.1048,0.056942,0.5387,-0.5287,80.73,2026-10-28,42,,,yahoo,1.0,0.0,1.0,1.0,1.0,1.0,1.0,0.0,0.0,-2.6585,-3.3838,-7.6895,-8.3002,21.3663,19.3302,133.16,140.5626,140.5626,-6.511,-11.4345,-11.4345
MAR,337.239990234375,337.24,2026-09-15,False,335.44000244140625,342.30999755859375,-0.95,30.66,BAJO,87348887552.0,34.97,25.46,-19.38,,9.76,65.28,35.03,2.36,21.74,,0.54,,YAHOO,-0.2708,-0.5198,-0.1048,0.056942,0.5387,-0.5287,80.73,2026-11-03,48,,,yahoo,1.0,1.0,1.0,1.0,0.0,1.0,1.0,1.0,0.0,2.57,-1.3226,-8.9494,-15.6515,23.4858,26.4474,360.2,386.0455,401.7236,-6.3742,-12.6424,-16.0517
MAS,68.87999725341797,68.88,2026-09-15,False,68.1500015258789,69.31999969482422,-0.76,-2.08,BAJO,13463957504.0,15.73,14.65,-36.89,5862.5,15.86,23.64,11.61,6.66,11.04,,1.86,,YAHOO,-0.2708,-0.5198,-0.1048,0.056942,0.5387,-0.5287,80.73,2026-10-29,43,,,yahoo,1.0,0.0,1.0,1.0,1.0,1.0,1.0,0.0,0.0,-2.8902,-4.5455,-13.6735,-6.9258,29.1845,39.7249,74.9214,82.4086,82.4086,-8.0637,-16.4165,-16.4165
MCHP,71.48999786376953,71.49,2026-09-15,False,70.43000030517578,72.4000015258789,0.01,18.54,BAJO,37787975680.0,105.44,15.24,5.86,7.19,3.54,23.96,9.34,3.61,28.49,0.84,1.92,,YAHOO,-0.2708,-0.5198,-0.1048,0.056942,0.5387,-0.5287,80.73,2026-11-05,50,,,yahoo,1.0,1.0,1.0,1.0,0.0,0.0,0.0,1.0,1.0,-2.5756,-2.6685,-11.9489,-28.3093,49.9654,57.3835,77.7224,102.0957,102.0957,-8.0188,-29.9775,-29.9775
MCK,899.5599975585938,899.56,2026-09-15,False,883.5900268554688,907.5,-1.25,30.9,BAJO,103449460736.0,23.83,17.58,-24.27,,4.74,1.35,1.12,6.57,15.98,,0.89,,YAHOO,-0.2708,-0.5198,-0.1048,0.056942,0.5387,-0.5287,80.73,2026-11-04,49,,,yahoo,1.0,1.0,1.0,1.0,0.0,0.0,1.0,0.0,1.0,1.1742,1.7165,7.0374,15.4834,34.2555,32.4649,924.78,924.78,993.5343,-2.7271,-2.7271,-9.4586
MCO,467.1600036621094,467.16,2026-09-15,False,466.0299987792969,474.510009765625,-2.25,-4.97,BAJO,80581115904.0,29.56,24.59,26.64,76.93,15.62,49.47,34.25,3.2,21.43,2.41,1.19,,YAHOO,-0.2708,-0.5198,-0.1048,0.056942,0.5387,-0.5287,80.73,2026-10-21,35,,,yahoo,1.0,1.0,1.0,1.0,0.0,1.0,1.0,1.0,1.0,-2.9278,-7.4271,-9.8017,3.1025,28.7483,28.0878,514.95,517.9255,536.0317,-9.2805,-9.8017,-12.8484
MET,98.22000122070312,98.22,2026-09-15,False,96.91999816894531,98.54000091552734,0.48,27.97,BAJO,61787422720.0,18.84,8.9,2.26,13.09,0.45,5.52,4.57,-33.91,14.12,1.8,2.03,,YAHOO,-0.2708,-0.5198,-0.1048,0.056942,0.5387,-0.5287,80.73,2026-11-09,54,,,yahoo,1.0,0.0,1.0,1.0,1.0,0.0,1.0,0.0,0.0,2.8482,3.2048,5.4733,12.7407,5.3873,23.167,99.23,99.95,99.95,-1.0178,-1.7309,-1.7309
MGM,39.220001220703125,39.22,2026-09-15,False,39.16999816894531,39.779998779296875,-1.53,12.45,BAJO,9822129152.0,23.7,18.58,3.84,18.92,1.77,6.79,2.4,8.95,16.95,8.93,1.33,,YAHOO,-0.2708,-0.5198,-0.1048,0.056942,0.5387,-0.5287,80.73,2026-10-28,42,,,yahoo,1.0,0.0,1.0,1.0,1.0,0.0,1.0,0.0,1.0,-3.731,-5.1741,-16.3753,-19.3336,17.0509,21.0383,43.74,49.69,50.69,-10.3338,-21.0706,-22.6277
MKC,49.86000061035156,49.86,2026-09-15,False,49.54999923706055,50.43000030517578,-1.05,-19.55,BAJO,13458709504.0,8.3,15.18,1.92,24.73,5.14,17.42,21.91,5.31,12.84,0.65,0.78,,YAHOO,-0.2708,-0.5198,-0.1048,0.056942,0.5387,-0.5287,80.73,2026-10-01,15,,,yahoo,1.0,0.0,1.0,1.0,1.0,0.0,0.0,0.0,1.0,-3.9306,-8.0413,-5.7467,5.1009,14.7945,31.268,56.48,56.48,70.3792,-11.721,-11.721,-29.1552
MLM,506.80999755859375,506.81,2026-09-15,False,495.7300109863281,509.6700134277344,1.18,-14.19,BAJO,35279589376.0,32.34,22.91,2.58,8.89,4.57,20.18,36.74,1.68,16.97,0.55,1.41,,YAHOO,-0.2708,-0.5198,-0.1048,0.056942,0.5387,-0.5287,80.73,2026-11-03,48,,,yahoo,1.0,0.0,1.0,1.0,1.0,1.0,1.0,1.0,1.0,-1.0098,-2.1338,-12.0115,-13.7985,23.5483,31.9591,534.6628,627.9214,705.0884,-5.2094,-19.2877,-28.1211
MNST,44.630001068115234,44.63,2026-09-15,False,43.86000061035156,44.939998626708984,0.97,41.12,BAJO,87314939904.0,41.27,34.05,9.32,25.7,17.48,29.18,23.08,1.93,28.64,0.01,3.73,,YAHOO,-0.2708,-0.5198,-0.1048,0.056942,0.5387,-0.5287,80.73,2026-11-05,50,,,yahoo,1.0,0.0,1.0,1.0,0.0,1.0,0.0,1.0,0.0,3.4299,-2.8092,-10.6864,-4.2583,8.9823,24.8386,48.92,49.97,49.97,-8.7694,-10.6864,-10.6864
MOH,206.99000549316406,206.99,2026-09-15,False,206.72999572753906,212.9499969482422,-3.31,19.94,BAJO,10555884544.0,1263.88,20.76,2.52,-0.16,1.16,1.4,-0.02,6.63,14.34,0.95,1.68,,YAHOO,-0.2708,-0.5198,-0.1048,0.056942,0.5387,-0.5287,80.73,2026-10-21,35,,,yahoo,1.0,0.0,0.0,0.0,0.0,1.0,1.0,0.0,1.0,5.4457,4.1354,-7.9308,2.5363,55.7641,43.0886,214.07,242.88,242.88,-3.3073,-14.7768,-14.7768
MPC,410.8399963378906,410.84,2026-09-15,False,396.760009765625,413.2799987792969,3.63,134.54,BAJO,116238991360.0,14.24,9.7,6.14,42.1,8.74,13.56,5.55,7.96,9.7,1.33,1.25,,YAHOO,-0.2708,-0.5198,-0.1048,0.056942,0.5387,-0.5287,80.73,2026-11-03,48,,,yahoo,1.0,1.0,1.0,1.0,0.0,1.0,1.0,1.0,0.0,3.2858,10.0504,34.6951,64.2211,35.4741,33.0937,410.84,410.84,410.84,0.0,0.0,0.0
MPWR,1142.4599609375,1142.46,2026-09-15,False,1136.6500244140625,1171.1800537109375,-0.07,37.8,BAJO,56396996608.0,70.23,32.91,14.48,21.98,13.57,30.99,24.5,0.79,55.01,0.0,4.97,,YAHOO,-0.2708,-0.5198,-0.1048,0.056942,0.5387,-0.5287,80.73,2026-10-29,43,,,yahoo,1.0,0.0,1.0,1.0,0.0,1.0,0.0,0.0,1.0,-6.2405,-9.8843,-12.4988,-30.7505,75.3157,56.5425,1333.1801,1535.5371,1687.3154,-14.3057,-25.5987,-32.2913
MSCI,544.5999755859375,544.6,2026-09-15,False,543.47998046875,553.6500244140625,-1.63,-1.79,BAJO,39302344704.0,29.54,24.03,-14.61,,21.13,56.3,40.73,3.04,23.18,,0.89,,YAHOO,-0.2708,-0.5198,-0.1048,0.056942,0.5387,-0.5287,80.73,2026-10-20,34,,,yahoo,1.0,1.0,1.0,1.0,0.0,1.0,1.0,1.0,1.0,-1.2314,-4.5633,-14.232,-10.5735,20.7295,34.8876,574.65,634.9691,641.5356,-5.2293,-14.232,-15.1099
MTB,235.3699951171875,235.37,2026-09-15,False,234.41000366210938,239.94000244140625,-1.03,25.58,BAJO,32639516672.0,12.45,10.72,1.28,10.74,1.41,45.11,32.09,,,,,,YAHOO,-0.2708,-0.5198,-0.1048,0.056942,0.5387,-0.5287,80.73,2026-10-16,30,,,yahoo,1.0,1.0,1.0,1.0,1.0,0.0,1.0,0.0,1.0,-1.2875,1.2605,-6.7513,4.8459,12.1564,19.0073,249.8874,252.4608,252.4608,-5.8096,-6.7697,-6.7697
MTCH,44.400001525878906,44.4,2026-09-15,False,42.54999923706055,44.935001373291016,2.9,23.65,BAJO,10165755904.0,15.73,9.52,-42.27,,17.36,28.77,20.17,9.15,11.01,,1.72,,YAHOO,-0.2708,-0.5198,-0.1048,0.056942,0.5387,-0.5287,80.73,2026-11-03,48,,,yahoo,1.0,1.0,1.0,1.0,1.0,0.0,1.0,1.0,1.0,7.8979,9.2251,10.201,24.1986,13.3473,36.4323,44.4,44.4,44.4,0.0,0.0,0.0
MTD,1330.4000244140625,1330.4,2026-09-15,False,1284.72998046875,1335.8399658203125,3.47,7.99,BAJO,27624204288.0,30.03,26.67,2154.2,,21.1,31.2,21.91,2.51,23.29,166.68,1.12,,YAHOO,-0.2708,-0.5198,-0.1048,0.056942,0.5387,-0.5287,80.73,2026-11-05,50,,,yahoo,1.0,0.0,1.0,1.0,1.0,1.0,1.0,0.0,0.0,0.3682,-5.319,-0.3513,15.239,31.182,26.33,1425.09,1445.0,1506.02,-6.6445,-7.9308,-11.6612
NCLH,14.279999732971191,14.28,2026-09-15,False,14.1899995803833,14.850000381469727,-2.99,-42.69,BAJO,6671998976.0,8.81,8.59,2.59,36.73,4.25,14.04,7.49,-25.18,8.65,6.21,0.2,,YAHOO,-0.2708,-0.5198,-0.1048,0.056942,0.5387,-0.5287,80.73,2026-11-04,49,,,yahoo,1.0,0.0,1.0,1.0,0.0,1.0,0.0,1.0,0.0,-7.2125,-11.5242,-27.18,-29.0963,32.0329,46.8752,17.61,21.92,26.01,-18.9097,-34.854,-45.098
NDAQ,89.2300033569336,89.23,2026-09-15,False,89.08000183105469,91.43000030517578,-2.56,-0.23,BAJO,49614831616.0,25.88,18.97,4.16,16.52,5.85,49.33,35.04,3.41,17.41,0.78,1.01,,YAHOO,-0.2708,-0.5198,-0.1048,0.056942,0.5387,-0.5287,80.73,2026-10-22,36,,,yahoo,1.0,1.0,1.0,1.0,1.0,1.0,1.0,1.0,1.0,-5.7958,-9.2063,-5.0062,-1.6568,22.7534,28.7737,99.1349,99.1349,99.9635,-9.9913,-9.9913,-10.7375
NDSN,309.25,309.25,2026-09-15,False,306.79998779296875,311.3599853515625,0.3,41.0,BAJO,17212217344.0,31.21,23.8,5.27,17.76,8.47,27.4,18.63,3.57,19.75,0.56,1.82,,YAHOO,-0.2708,-0.5198,-0.1048,0.056942,0.5387,-0.5287,80.73,2026-12-08,83,2026-08-19,28.0,finnhub,1.0,1.0,1.0,1.0,1.0,0.0,1.0,0.0,1.0,-2.09,-3.5874,5.7331,6.4391,31.6967,26.3536,333.6978,333.6978,333.6978,-7.3263,-7.3263,-7.3263
NI,40.59000015258789,40.59,2026-09-15,False,40.52000045776367,41.20000076293945,-1.17,5.21,BAJO,19498913792.0,21.63,18.05,2.04,8.55,3.24,17.16,13.15,-9.09,12.95,1.47,0.5,,YAHOO,-0.2708,-0.5198,-0.1048,0.056942,0.5387,-0.5287,80.73,2026-10-28,42,,,yahoo,1.0,1.0,1.0,1.0,0.0,1.0,0.0,0.0,1.0,-3.1265,-0.8064,-11.6879,-13.9204,7.627,19.3829,42.12,48.7533,48.7533,-3.6325,-16.7441,-16.7441
NOC,531.25,531.25,2026-09-15,False,524.3599853515625,536.6199951171875,0.73,-3.62,BAJO,75404214272.0,16.88,17.43,4.22,26.96,7.15,11.6,10.48,3.29,12.43,0.95,1.17,,YAHOO,-0.2708,-0.5198,-0.1048,0.056942,0.5387,-0.5287,80.73,2026-10-20,34,,,yahoo,1.0,0.0,1.0,1.0,1.0,1.0,1.0,0.0,0.0,2.4432,-1.5657,2.8952,-2.0311,10.5583,26.3099,586.4728,586.4728,761.1927,-9.4161,-9.4161,-30.2082
NRG,105.98999786376953,105.99,2026-09-15,False,105.12999725341797,109.6500015258789,-2.29,-32.98,BAJO,22572400640.0,27.6,9.59,5.37,23.77,4.06,12.77,2.56,3.42,14.3,4.83,0.97,,YAHOO,-0.2708,-0.5198,-0.1048,0.056942,0.5387,-0.5287,80.73,2026-11-05,50,,,yahoo,1.0,0.0,1.0,1.0,0.0,1.0,1.0,0.0,0.0,-11.4092,-3.7505,-19.8748,-18.4308,41.4196,56.9959,120.58,148.8317,182.8192,-12.0999,-28.7853,-42.0247
NSC,320.2200012207031,320.22,2026-09-15,False,318.2300109863281,322.6400146484375,0.05,19.98,BAJO,71200849920.0,27.05,22.14,4.38,16.98,5.95,35.3,21.02,1.94,15.41,1.06,0.83,,YAHOO,-0.2708,-0.5198,-0.1048,0.056942,0.5387,-0.5287,80.73,2026-10-22,36,,,yahoo,1.0,1.0,1.0,1.0,1.0,0.0,1.0,0.0,0.0,-2.3481,-6.5842,-4.9023,3.612,7.4399,20.9947,352.98,352.98,352.98,-9.281,-9.281,-9.281
NTAP,189.92999267578125,189.93,2026-09-15,False,188.9199981689453,193.8000030517578,0.88,58.06,BAJO,37612277760.0,26.82,17.22,25.1,114.82,11.66,26.67,19.18,3.11,17.46,1.69,1.24,,YAHOO,-0.2708,-0.5198,-0.1048,0.056942,0.5387,-0.5287,80.73,2026-12-01,76,2026-09-02,14.0,yahoo,1.0,1.0,1.0,1.0,0.0,1.0,1.0,1.0,1.0,0.423,2.5042,18.9367,17.7276,92.5024,43.9634,204.71,207.08,207.08,-7.22,-8.2818,-8.2818
NTRS,178.74000549316406,178.74,2026-09-15,False,175.61000061035156,180.77999877929688,-1.63,42.53,BAJO,32317286400.0,15.36,13.93,2.58,17.07,1.28,42.5,24.67,,,,,,YAHOO,-0.2708,-0.5198,-0.1048,0.056942,0.5387,-0.5287,80.73,2026-10-21,35,,,yahoo,1.0,0.0,1.0,1.0,1.0,0.0,1.0,0.0,0.0,-3.3211,-3.221,-4.7406,3.9735,39.7085,21.9074,189.6853,190.5711,190.5711,-5.7702,-6.2082,-6.2082
NVR,6257.4501953125,6257.4502,2026-09-15,False,6230.0,6311.56005859375,-0.67,-22.0,BAJO,16568206336.0,16.26,15.11,4.89,31.54,16.55,13.89,11.85,5.54,10.73,0.32,5.67,,YAHOO,-0.2708,-0.5198,-0.1048,0.056942,0.5387,-0.5287,80.73,2026-10-21,35,,,yahoo,1.0,0.0,1.0,0.0,0.0,1.0,1.0,0.0,1.0,2.2984,-0.9149,-6.6206,-1.2241,27.7331,29.0702,6433.7402,6828.6201,8277.9502,-2.7401,-8.3644,-24.4082
NWS,33.779998779296875,33.78,2026-09-15,False,33.349998474121094,33.90999984741211,-0.24,5.93,BAJO,17933594624.0,32.78,22.12,2.13,7.98,4.66,12.54,6.35,5.83,14.66,0.32,1.62,,YAHOO,-0.2708,-0.5198,-0.1048,0.056942,0.5387,-0.5287,80.73,2026-11-05,50,,,yahoo,1.0,0.0,1.0,1.0,0.0,0.0,1.0,0.0,1.0,1.6246,-1.5355,4.123,15.8346,31.9061,29.2534,35.2141,35.2141,35.2141,-4.0724,-4.0724,-4.0724
NWSA,30.440000534057617,30.44,2026-09-15,False,30.0,30.610000610351562,-0.39,5.02,BAJO,16190648320.0,29.31,19.97,1.92,7.98,4.66,12.54,6.35,6.46,13.35,0.32,1.62,,YAHOO,-0.2708,-0.5198,-0.1048,0.056942,0.5387,-0.5287,80.73,2026-11-05,50,,,yahoo,1.0,0.0,1.0,1.0,0.0,0.0,1.0,0.0,1.0,2.4226,-0.5457,6.4567,18.8421,33.3706,27.5487,31.0854,31.0854,31.0854,-2.0762,-2.0762,-2.0762
NXPI,226.35000610351562,226.35,2026-09-15,False,224.3000030517578,228.97999572753906,0.95,7.47,BAJO,55218909184.0,19.31,12.1,4.85,27.92,10.46,30.41,22.56,6.44,12.5,0.93,2.04,,YAHOO,-0.2708,-0.5198,-0.1048,0.056942,0.5387,-0.5287,80.73,2026-10-26,40,,,yahoo,1.0,0.0,1.0,1.0,1.0,0.0,1.0,0.0,0.0,1.1078,0.7612,-16.3711,-28.1,64.6434,44.1169,236.62,322.1472,331.5454,-4.3403,-29.7371,-31.7288
ODFL,180.9600067138672,180.96,2026-09-15,False,179.25,183.08999633789062,-0.52,27.77,BAJO,36261351424.0,34.87,26.22,7.96,24.82,15.78,28.84,19.44,2.68,20.01,0.0,1.89,,YAHOO,-0.2708,-0.5198,-0.1048,0.056942,0.5387,-0.5287,80.73,2026-10-28,42,,,yahoo,1.0,0.0,1.0,1.0,1.0,1.0,1.0,0.0,0.0,-3.2351,-9.3613,-23.5753,-23.6623,14.1042,29.5176,207.6774,236.7822,248.3443,-12.8649,-23.5753,-27.1334
OKE,94.72000122070312,94.72,2026-09-15,False,94.41999816894531,97.66000366210938,-2.32,39.94,BAJO,58435264512.0,16.38,14.89,2.55,16.28,5.77,13.25,9.29,1.54,11.92,1.43,0.74,,YAHOO,-0.2708,-0.5198,-0.1048,0.056942,0.5387,-0.5287,80.73,2026-10-27,41,,,yahoo,1.0,1.0,1.0,1.0,1.0,0.0,0.0,0.0,1.0,-2.8612,-1.3436,3.0638,9.6048,22.6273,26.1138,97.51,97.51,97.51,-2.8612,-2.8612,-2.8612
OMC,79.8499984741211,79.85,2026-09-15,False,79.66000366210938,81.04000091552734,-1.5,9.52,BAJO,21763864576.0,214.41,6.75,2.25,6.05,5.09,15.38,1.74,19.58,8.37,1.08,0.92,,YAHOO,-0.2708,-0.5198,-0.1048,0.056942,0.5387,-0.5287,80.73,2026-10-20,34,,,yahoo,0.0,0.0,1.0,1.0,1.0,0.0,0.0,0.0,0.0,-1.5777,-8.7741,-5.1325,4.3654,29.711,36.1149,88.94,88.94,88.94,-10.2204,-10.2204,-10.2204
ON,73.19999694824219,73.2,2026-09-15,False,71.3499984741211,74.75,2.16,54.56,BAJO,25928620032.0,47.91,14.69,3.59,8.31,6.75,19.53,10.17,6.39,12.82,0.65,3.46,,YAHOO,-0.2708,-0.5198,-0.1048,0.056942,0.5387,-0.5287,80.73,2026-11-02,47,,,yahoo,1.0,0.0,1.0,1.0,0.0,0.0,1.0,0.0,0.0,2.9825,-1.2012,-16.9315,-41.8586,96.0558,74.6646,79.42,131.55,133.93,-7.8318,-44.3558,-45.3446
OTIS,68.5,68.5,2026-09-15,False,68.44000244140625,70.05000305175781,-2.39,-19.52,BAJO,26361352192.0,17.62,15.24,-4.59,,14.25,15.13,10.17,5.45,13.14,,0.83,,YAHOO,-0.2708,-0.5198,-0.1048,0.056942,0.5387,-0.5287,80.73,2026-10-28,42,,,yahoo,1.0,0.0,1.0,1.0,0.0,0.0,1.0,1.0,1.0,-2.2267,-3.6975,-8.1131,-4.0312,35.728,22.995,72.36,74.5481,92.4955,-5.3344,-8.1131,-25.9424
PAYC,226.75999450683594,226.76,2026-09-15,False,220.4600067138672,231.49000549316406,1.75,7.31,BAJO,10257849344.0,23.98,16.31,17.32,41.09,8.78,31.72,22.78,4.13,14.78,1.72,1.07,,YAHOO,-0.2708,-0.5198,-0.1048,0.056942,0.5387,-0.5287,80.73,2026-11-04,49,,,yahoo,1.0,0.0,1.0,1.0,0.0,0.0,1.0,1.0,0.0,3.4678,-5.161,50.9382,68.633,11.7203,64.0564,240.52,240.52,240.52,-5.7209,-5.7209,-5.7209
PAYX,118.30000305175781,118.3,2026-09-15,False,116.93000030517578,119.61000061035156,-0.18,-4.0,BAJO,41550041088.0,24.22,18.25,11.11,44.77,9.82,38.32,27.03,5.04,14.93,1.24,1.26,,YAHOO,-0.2708,-0.5198,-0.1048,0.056942,0.5387,-0.5287,80.73,2026-09-23,7,,,yahoo,1.0,1.0,1.0,1.0,0.0,0.0,1.0,1.0,1.0,1.1716,-7.0991,4.2125,18.4656,17.3238,32.0039,127.34,127.34,127.34,-7.0991,-7.0991,-7.0991
PCG,13.149999618530273,13.15,2026-09-15,False,13.079999923706055,13.739999771118164,-3.31,-10.96,BAJO,29401600000.0,9.47,7.41,0.91,9.32,2.57,24.79,11.83,-20.92,9.09,1.89,1.22,,YAHOO,-0.2708,-0.5198,-0.1048,0.056942,0.5387,-0.5287,80.73,2026-10-22,36,,,yahoo,1.0,1.0,1.0,1.0,0.0,0.0,0.0,1.0,0.0,-11.2686,-0.9043,-24.9857,-20.4569,15.4757,55.6622,18.36,18.36,19.0001,-28.3769,-28.3769,-30.7897
PEG,70.41999816894531,70.42,2026-09-15,False,70.13999938964844,70.94999694824219,-0.71,-9.81,BAJO,35083784192.0,17.51,15.06,2.02,11.83,3.24,18.87,16.04,0.31,13.35,1.42,0.88,,YAHOO,-0.2708,-0.5198,-0.1048,0.056942,0.5387,-0.5287,80.73,2026-11-02,47,,,yahoo,1.0,1.0,1.0,1.0,0.0,1.0,1.0,1.0,1.0,-4.2816,-3.0938,-10.6484,-11.3396,14.126,15.5642,74.9177,82.8257,84.7417,-6.0036,-14.9781,-16.9004
PFG,118.37000274658203,118.37,2026-09-15,False,116.5199966430664,118.4800033569336,1.26,50.03,BAJO,24973164544.0,16.86,11.23,2.06,12.95,0.35,12.34,9.93,4.23,11.11,0.35,1.59,,YAHOO,-0.2708,-0.5198,-0.1048,0.056942,0.5387,-0.5287,80.73,2026-10-26,40,,,yahoo,1.0,0.0,1.0,1.0,1.0,0.0,1.0,0.0,0.0,2.8946,8.2699,5.4368,7.8489,4.337,25.5606,118.51,118.51,118.51,-0.1181,-0.1181,-0.1181
PGR,221.30999755859375,221.31,2026-09-15,False,219.2100067138672,221.57000732421875,0.13,-1.65,BAJO,126092902400.0,10.88,13.32,3.67,34.94,7.84,18.21,12.85,11.99,8.6,0.24,0.29,,YAHOO,-0.2708,-0.5198,-0.1048,0.056942,0.5387,-0.5287,80.73,2026-10-14,28,,,yahoo,1.0,1.0,1.0,1.0,1.0,0.0,0.0,0.0,0.0,2.9828,1.4811,7.5364,8.8001,10.0777,35.1026,223.92,234.48,234.48,-1.1656,-5.6167,-5.6167
PH,925.0,925.0,2026-09-15,False,919.9500122070312,939.5999755859375,-0.41,25.14,BAJO,115806117888.0,32.25,23.46,7.52,25.08,9.79,23.46,16.97,2.56,21.9,0.57,1.26,,YAHOO,-0.2708,-0.5198,-0.1048,0.056942,0.5387,-0.5287,80.73,2026-11-05,50,,,yahoo,1.0,0.0,1.0,1.0,1.0,1.0,1.0,1.0,1.0,-3.2295,-5.5583,-3.2845,0.871,27.5542,27.4484,1039.7559,1071.7115,1071.7115,-11.0368,-13.6895,-13.6895
PHM,119.47000122070312,119.47,2026-09-15,False,117.44999694824219,120.16999816894531,0.67,-8.09,BAJO,22391670784.0,12.21,10.46,1.7,14.9,9.21,15.69,11.62,4.82,8.42,0.19,7.27,,YAHOO,-0.2708,-0.5198,-0.1048,0.056942,0.5387,-0.5287,80.73,2026-10-22,36,,,yahoo,1.0,0.0,1.0,0.0,1.0,1.0,1.0,0.0,0.0,-0.2817,-5.2155,-7.1991,-2.3236,25.3705,34.22,130.5739,137.6385,141.6452,-8.5039,-13.2001,-15.6555
PKG,231.2100067138672,231.21,2026-09-15,False,229.47000122070312,231.85000610351562,-0.24,14.33,BAJO,20621799424.0,30.06,17.64,4.4,14.89,8.28,13.12,7.26,2.1,12.15,0.94,2.94,,YAHOO,-0.2708,-0.5198,-0.1048,0.056942,0.5387,-0.5287,80.73,2026-10-21,35,,,yahoo,1.0,0.0,1.0,1.0,0.0,0.0,1.0,0.0,0.0,0.3088,-0.5273,-0.5698,1.1943,19.8547,28.5494,251.2836,255.7746,255.7746,-7.9884,-9.604,-9.604
PNC,240.77999877929688,240.78,2026-09-15,False,239.66000366210938,244.8000030517578,-0.8,25.25,BAJO,92351471616.0,13.27,10.82,1.59,12.62,1.31,38.69,31.37,,,,,,YAHOO,-0.2708,-0.5198,-0.1048,0.056942,0.5387,-0.5287,80.73,2026-10-15,29,,,yahoo,1.0,1.0,1.0,0.0,1.0,0.0,1.0,0.0,1.0,-0.8769,0.4799,-4.8983,5.2653,13.5932,17.1388,254.28,256.97,256.97,-5.3091,-6.3003,-6.3003
PNR,56.58000183105469,56.58,2026-09-15,False,56.119998931884766,57.689998626708984,0.71,-45.83,BAJO,9011015680.0,14.59,10.92,2.4,17.13,8.66,23.44,16.24,6.2,10.33,0.47,1.45,,YAHOO,-0.2708,-0.5198,-0.1048,0.056942,0.5387,-0.5287,80.73,2026-10-20,34,,,yahoo,1.0,0.0,1.0,1.0,1.0,1.0,1.0,1.0,0.0,-3.48,-6.4175,-13.4919,-23.4238,13.889,42.0916,65.59,76.3863,111.0011,-13.7368,-25.9291,-49.0275
PNW,94.9000015258789,94.9,2026-09-15,False,94.56999969482422,95.55999755859375,-0.52,15.17,BAJO,11512524800.0,18.23,17.06,1.64,9.37,2.33,21.34,11.53,-8.07,13.05,2.33,0.59,,YAHOO,-0.2708,-0.5198,-0.1048,0.056942,0.5387,-0.5287,80.73,2026-11-03,48,,,yahoo,1.0,0.0,1.0,1.0,1.0,0.0,0.0,0.0,0.0,-3.2028,-2.8062,-12.3773,-7.2694,1.6037,17.1442,100.15,108.3845,108.3845,-5.2421,-12.4413,-12.4413
PODD,139.24000549316406,139.24,2026-09-15,False,136.16000366210938,140.27999877929688,1.04,-56.67,BAJO,9751200768.0,26.09,18.23,6.86,26.02,9.71,16.18,12.29,2.43,16.53,0.67,2.48,,YAHOO,-0.2708,-0.5198,-0.1048,0.056942,0.5387,-0.5287,80.73,2026-11-05,50,,,yahoo,1.0,0.0,1.0,1.0,1.0,0.0,0.0,1.0,1.0,-2.1366,-6.3366,-15.3196,-6.0078,50.176,56.7284,151.51,170.62,346.36,-8.0985,-18.3917,-59.799
POOL,166.86000061035156,166.86,2026-09-15,False,165.3699951171875,171.97000122070312,-2.85,-44.92,BAJO,6096523776.0,15.32,14.2,4.84,31.25,9.9,15.14,7.41,3.49,12.07,1.35,2.67,,YAHOO,-0.2708,-0.5198,-0.1048,0.056942,0.5387,-0.5287,80.73,2026-10-22,36,,,yahoo,1.0,0.0,1.0,0.0,0.0,1.0,1.0,1.0,0.0,-5.9095,-10.5404,-19.2214,-12.0793,14.3774,37.6251,195.99,218.0392,320.2216,-14.863,-23.4725,-47.8923
PPG,104.88999938964844,104.89,2026-09-15,False,104.08000183105469,105.97000122070312,-0.34,0.75,BAJO,23337054208.0,15.04,12.12,2.76,19.3,6.05,14.02,9.57,4.73,10.88,0.87,1.58,,YAHOO,-0.2708,-0.5198,-0.1048,0.056942,0.5387,-0.5287,80.73,2026-10-27,41,,,yahoo,1.0,1.0,1.0,1.0,0.0,1.0,1.0,0.0,0.0,-4.4021,-6.4901,-11.0698,-13.1553,16.164,30.1847,114.42,124.5553,129.1576,-8.329,-15.7884,-18.7891
PPL,33.22999954223633,33.23,2026-09-15,False,33.22999954223633,33.869998931884766,-1.66,-2.22,BAJO,25142521856.0,19.65,15.78,1.67,8.63,3.2,23.59,13.47,-7.71,12.02,1.35,0.91,,YAHOO,-0.2708,-0.5198,-0.1048,0.056942,0.5387,-0.5287,80.73,2026-11-04,49,,,yahoo,1.0,1.0,1.0,1.0,0.0,1.0,0.0,1.0,0.0,-4.4858,-1.8272,-7.8989,-7.3641,10.5187,19.231,35.3262,36.7146,39.1669,-5.9338,-9.4911,-15.1579
PRU,119.30999755859375,119.31,2026-09-15,False,118.26000213623047,119.72000122070312,-0.16,21.55,BAJO,40378802176.0,10.62,7.88,1.28,12.01,0.43,7.52,6.01,18.64,11.71,1.64,0.78,,YAHOO,-0.2708,-0.5198,-0.1048,0.056942,0.5387,-0.5287,80.73,2026-10-28,42,,,yahoo,1.0,1.0,1.0,1.0,1.0,0.0,1.0,0.0,0.0,-0.0586,1.4541,2.0612,11.0382,6.6481,20.743,123.2,123.7019,123.7019,-3.1575,-3.5504,-3.5504
PSA,296.67999267578125,296.68,2026-09-15,False,290.8399963378906,298.25,1.46,10.23,BAJO,55061630976.0,28.33,29.21,10.69,21.93,6.98,45.7,41.63,4.24,19.24,1.1,0.22,,YAHOO,-0.2708,-0.5198,-0.1048,0.056942,0.5387,-0.5287,80.73,2026-10-28,42,,,yahoo,1.0,0.0,1.0,1.0,0.0,0.0,0.0,0.0,1.0,-0.6221,-2.3669,-7.6352,-6.6222,12.7697,21.4311,321.8281,327.1138,327.1138,-7.8141,-9.3037,-9.3037
PTC,132.75,132.75,2026-09-15,False,132.7100067138672,137.66000366210938,-2.85,-32.56,BAJO,14231682048.0,12.87,14.72,4.19,35.05,11.54,28.23,41.43,7.25,12.14,0.46,1.02,,YAHOO,-0.2708,-0.5198,-0.1048,0.056942,0.5387,-0.5287,80.73,2026-11-11,56,,,yahoo,1.0,1.0,1.0,1.0,1.0,1.0,1.0,1.0,1.0,-0.3827,-14.7618,4.2321,15.5855,48.8968,44.8459,158.95,158.95,206.19,-16.4832,-16.4832,-35.6176
PWR,613.3499755859375,613.35,2026-09-15,False,609.530029296875,626.5,-1.39,61.58,BAJO,93104660480.0,70.45,31.41,9.66,15.34,5.23,7.22,4.03,2.1,32.61,0.68,1.1,,YAHOO,-0.2708,-0.5198,-0.1048,0.056942,0.5387,-0.5287,80.73,2026-10-29,43,,,yahoo,1.0,0.0,1.0,1.0,1.0,0.0,0.0,1.0,0.0,-4.0216,1.0311,-2.8002,-15.3111,63.8223,54.1699,696.15,740.0269,785.1201,-11.894,-17.1179,-21.8782
Q,114.58999633789062,114.59,2026-09-15,False,111.75,120.0,-2.25,22.96,BAJO,24029693952.0,41.02,21.36,3.31,6.72,5.3,22.32,11.25,3.21,18.27,0.6,2.01,,YAHOO,-0.2708,-0.5198,-0.1048,0.056942,0.5387,-0.5287,80.73,2026-11-16,61,,,yahoo,1.0,0.0,1.0,1.0,0.0,1.0,0.0,1.0,0.0,-7.049,-4.0526,-15.3567,-28.7876,63.4023,53.7889,133.4911,175.5232,,-14.1591,-34.7152,
RCL,249.3000030517578,249.3,2026-09-15,False,248.63999938964844,257.1300048828125,-2.37,-20.7,BAJO,67911430144.0,15.41,12.51,6.63,44.67,7.68,27.07,23.54,-2.23,12.93,2.25,0.21,,YAHOO,-0.2708,-0.5198,-0.1048,0.056942,0.5387,-0.5287,80.73,2026-10-27,41,,,yahoo,1.0,1.0,1.0,1.0,1.0,1.0,0.0,1.0,0.0,-5.7467,-7.2338,-15.1897,-20.5216,20.7922,31.1347,300.56,327.42,344.4,-17.0548,-23.8593,-27.6132
REGN,774.1099853515625,774.11,2026-09-15,False,769.5700073242188,788.5800170898438,-2.47,38.3,BAJO,79749963776.0,19.16,12.78,2.45,14.04,6.53,33.11,27.87,3.84,15.32,0.09,3.33,,YAHOO,-0.2708,-0.5198,-0.1048,0.056942,0.5387,-0.5287,80.73,2026-10-28,42,,,yahoo,1.0,0.0,1.0,1.0,1.0,0.0,1.0,0.0,0.0,-4.4674,-3.1248,14.1506,26.0226,28.3971,30.9965,852.03,852.03,852.03,-9.1452,-9.1452,-9.1452
RF,29.68000030517578,29.68,2026-09-15,False,29.670000076293945,30.290000915527344,-1.17,17.21,BAJO,24254433280.0,12.06,10.01,1.39,11.87,1.39,39.31,30.84,,,,,,YAHOO,-0.2708,-0.5198,-0.1048,0.056942,0.5387,-0.5287,80.73,2026-10-16,30,,,yahoo,1.0,1.0,1.0,1.0,1.0,0.0,1.0,0.0,1.0,-1.297,0.3381,-7.466,4.8287,12.1211,20.2813,31.3817,32.0747,32.0747,-5.4227,-7.466,-7.466
RJF,164.57000732421875,164.57,2026-09-16,False,162.17999267578125,168.17999267578125,-2.48,1.08,BAJO,31613898752.0,14.71,11.59,2.49,18.42,2.58,19.3,15.13,,,0.48,2.11,,YAHOO,-0.2708,-0.5198,-0.1048,0.056942,0.5387,-0.5287,80.73,2026-10-28,42,,,yahoo,1.0,0.0,1.0,1.0,0.0,0.0,1.0,0.0,1.0,-6.2119,-5.147,-2.2511,4.3248,15.9694,24.5133,181.1,181.18,181.18,-9.1276,-9.1677,-9.1677
RL,338.3599853515625,338.36,2026-09-16,False,335.2200012207031,345.45001220703125,0.93,11.1,BAJO,20160245760.0,21.15,16.18,7.41,37.54,11.0,18.39,11.76,4.37,13.32,1.1,2.04,,YAHOO,-0.2708,-0.5198,-0.1048,0.056942,0.5387,-0.5287,80.73,2026-11-05,50,,,yahoo,1.0,1.0,1.0,1.0,0.0,1.0,1.0,1.0,1.0,0.8194,-0.7218,-11.0632,-16.6104,20.6831,30.2122,377.96,413.2399,413.2399,-10.4773,-18.1202,-18.1202
RMD,228.25,228.25,2026-09-16,False,224.25999450683594,229.3300018310547,-0.52,-12.97,BAJO,32925587456.0,21.97,17.26,5.0,24.27,14.0,30.86,26.95,2.85,15.4,0.13,3.1,,YAHOO,-0.2708,-0.5198,-0.1048,0.056942,0.5387,-0.5287,80.73,2026-10-29,43,,,yahoo,1.0,0.0,1.0,1.0,1.0,0.0,1.0,1.0,1.0,3.7736,-1.3442,15.0334,18.0288,28.673,37.0595,240.33,240.33,280.3143,-5.0264,-5.0264,-18.5736
ROK,414.9200134277344,414.92,2026-09-16,False,411.760009765625,425.6600036621094,-0.5,25.26,BAJO,46169788416.0,39.07,27.93,13.19,30.63,9.99,20.97,13.39,2.82,23.52,1.03,1.07,,YAHOO,-0.2708,-0.5198,-0.1048,0.056942,0.5387,-0.5287,80.73,2026-11-05,50,,,yahoo,1.0,0.0,1.0,1.0,0.0,1.0,1.0,1.0,1.0,-2.6192,-0.6251,-9.8846,-10.7465,25.2917,29.4623,437.08,493.5596,493.5596,-5.07,-15.9332,-15.9332
ROL,33.529998779296875,33.53,2026-09-16,False,33.529998779296875,34.40999984741211,-0.71,-36.0,BAJO,16132804608.0,30.76,25.78,11.29,37.01,14.06,18.8,13.55,3.11,19.81,0.78,0.63,,YAHOO,-0.2708,-0.5198,-0.1048,0.056942,0.5387,-0.5287,80.73,2026-10-28,42,,,yahoo,1.0,1.0,1.0,1.0,0.0,0.0,1.0,1.0,0.0,-2.9242,-7.3501,-25.3084,-27.9902,41.4366,31.1123,37.26,45.2396,64.8632,-10.0107,-25.8835,-48.3066
ROP,375.82000732421875,375.82,2026-09-16,False,373.2900085449219,380.9800109863281,-2.11,-22.13,BAJO,37168926720.0,15.66,15.47,1.99,13.07,4.23,27.73,30.24,6.1,14.86,0.61,0.55,,YAHOO,-0.2708,-0.5198,-0.1048,0.056942,0.5387,-0.5287,80.73,2026-10-22,36,,,yahoo,1.0,0.0,1.0,1.0,0.0,1.0,1.0,0.0,1.0,-3.7223,-10.1575,3.4918,11.6896,31.1795,34.9144,426.2,426.2,516.3226,-11.8207,-11.8207,-27.2122
RSG,219.8000030517578,219.8,2026-09-16,False,219.7100067138672,225.1199951171875,-1.45,1.08,BAJO,67305615360.0,31.54,27.27,5.59,18.15,6.17,20.43,12.94,2.89,15.5,1.19,0.64,,YAHOO,-0.2708,-0.5198,-0.1048,0.056942,0.5387,-0.5287,80.73,2026-10-29,43,,,yahoo,1.0,0.0,1.0,1.0,0.0,1.0,1.0,1.0,0.0,-1.2002,-1.563,-1.1291,5.4594,22.6288,20.6748,225.85,225.85,230.9379,-2.6788,-2.6788,-4.8229
SBAC,180.02000427246094,180.02,2026-09-16,False,179.6999969482422,185.74000549316406,-1.7,-4.9,BAJO,19097982976.0,19.76,22.0,-4.12,,8.41,52.16,34.51,3.94,18.58,,0.17,,YAHOO,-0.2708,-0.5198,-0.1048,0.056942,0.5387,-0.5287,80.73,2026-11-02,47,,,yahoo,1.0,1.0,1.0,1.0,1.0,0.0,1.0,0.0,1.0,-3.5986,-4.6555,-2.3846,-7.3918,28.1441,31.6297,191.52,191.52,220.8819,-6.0046,-6.0046,-18.4994
SJM,123.55999755859375,123.56,2026-09-16,False,121.58000183105469,123.94000244140625,1.53,25.47,BAJO,13199072256.0,56.94,11.35,2.3,3.93,6.26,17.9,2.51,11.09,8.88,1.21,0.87,,YAHOO,-0.2708,-0.5198,-0.1048,0.056942,0.5387,-0.5287,80.73,2026-11-24,69,2026-08-26,21.0,yahoo,0.0,1.0,1.0,1.0,1.0,0.0,0.0,0.0,1.0,0.2027,-5.9808,11.3454,7.5247,10.9092,29.4479,132.34,132.34,132.34,-6.6344,-6.6344,-6.6344
SMCI,36.849998474121094,36.85,2026-09-16,False,35.36000061035156,37.119998931884766,3.4,-15.54,BAJO,24209172480.0,10.93,6.92,2.36,21.47,7.88,13.38,5.71,-34.07,10.68,0.64,3.87,,YAHOO,-0.2708,-0.5198,-0.1048,0.056942,0.5387,-0.5287,80.73,2026-11-03,48,,,yahoo,1.0,0.0,0.0,0.0,1.0,0.0,0.0,0.0,0.0,-5.3429,0.3814,52.3987,26.1122,109.8003,90.1696,40.26,40.26,58.68,-8.4699,-8.4699,-37.2018
SNPS,378.4700012207031,378.47,2026-09-16,False,367.45001220703125,379.94000244140625,2.93,-8.74,BAJO,72528715776.0,64.15,21.59,2.33,3.66,1.35,14.52,11.43,4.72,38.43,0.35,1.34,,YAHOO,-0.2708,-0.5198,-0.1048,0.056942,0.5387,-0.5287,80.73,2026-12-08,83,2026-08-26,21.0,finnhub,1.0,0.0,1.0,1.0,0.0,0.0,0.0,0.0,0.0,-3.7511,-8.7628,-1.5119,-15.5917,52.0778,47.5171,464.89,464.89,534.56,-18.5893,-18.5893,-29.1997
SO,86.2300033569336,86.23,2026-09-16,False,85.87000274658203,86.83000183105469,0.33,-0.09,BAJO,99195805696.0,20.73,17.51,2.51,11.48,3.27,29.61,15.43,-3.95,12.35,1.82,0.79,,YAHOO,-0.2708,-0.5198,-0.1048,0.056942,0.5387,-0.5287,80.73,2026-10-29,43,,,yahoo,1.0,0.0,1.0,1.0,0.0,0.0,0.0,0.0,1.0,-2.3885,-2.1115,-8.7702,-7.8125,10.3824,16.2237,92.19,97.1776,97.4911,-6.4649,-11.2655,-11.5509
SOLV,90.05999755859375,90.06,2026-09-15,False,89.37999725341797,91.86000061035156,0.27,25.43,BAJO,15120973824.0,11.01,12.28,3.15,33.96,2.7,9.78,17.26,3.23,17.57,1.1,1.02,,YAHOO,-0.2708,-0.5198,-0.1048,0.056942,0.5387,-0.5287,80.73,2026-11-05,50,,,yahoo,1.0,1.0,1.0,0.0,1.0,1.0,0.0,0.0,1.0,-0.0555,-1.0982,10.2326,17.1131,34.8443,31.2845,92.44,92.44,92.44,-2.5746,-2.5746,-2.5746
SPG,202.94000244140625,202.94,2026-09-16,False,200.3699951171875,205.75999450683594,-0.57,19.39,BAJO,77040795648.0,14.33,29.52,14.94,120.51,5.63,46.02,66.57,3.37,18.64,5.04,0.27,,YAHOO,-0.2708,-0.5198,-0.1048,0.056942,0.5387,-0.5287,80.73,2026-11-02,47,,,yahoo,1.0,1.0,1.0,0.0,1.0,0.0,1.0,0.0,0.0,-0.7774,-3.1868,-10.3112,-4.6981,5.3041,18.5201,220.81,234.1864,234.1864,-8.0929,-13.3425,-13.3425
SRE,81.69999694824219,81.7,2026-09-16,False,81.3499984741211,82.4800033569336,0.62,4.06,BAJO,53423656960.0,23.54,14.74,1.63,6.68,1.96,28.33,16.82,-51.77,17.14,0.85,1.64,,YAHOO,-0.2708,-0.5198,-0.1048,0.056942,0.5387,-0.5287,80.73,2026-11-04,49,,,yahoo,1.0,0.0,1.0,1.0,1.0,1.0,0.0,1.0,0.0,-3.8937,-3.0382,-11.4363,-10.3368,18.1896,23.0648,87.38,95.33,99.0422,-6.5003,-14.2977,-17.5099
STE,209.89999389648438,209.9,2026-09-16,False,208.33999633789062,213.47999572753906,-0.18,-12.22,BAJO,20465272832.0,25.66,17.14,2.84,11.39,6.8,19.15,13.33,3.9,13.44,0.28,1.91,,YAHOO,-0.2708,-0.5198,-0.1048,0.056942,0.5387,-0.5287,80.73,2026-11-04,49,,,yahoo,1.0,1.0,1.0,1.0,1.0,1.0,1.0,1.0,1.0,-2.4129,-8.3212,-3.3509,1.9517,19.8948,27.9356,237.2062,238.1833,266.3608,-11.5116,-11.8746,-21.1971
STLD,238.22999572753906,238.23,2026-09-16,False,235.0800018310547,243.63999938964844,-0.41,75.02,BAJO,34145052672.0,21.7,12.17,3.63,17.57,7.87,11.5,7.83,0.69,14.18,0.47,3.18,,YAHOO,-0.2708,-0.5198,-0.1048,0.056942,0.5387,-0.5287,80.73,2026-10-19,33,,,yahoo,1.0,0.0,1.0,1.0,0.0,1.0,1.0,0.0,0.0,-1.0221,1.7686,1.1549,-12.9497,29.2955,38.2812,247.64,268.6,282.1202,-3.7999,-11.3068,-15.5573
STT,182.89999389648438,182.9,2026-09-16,False,180.4600067138672,187.11000061035156,-1.2,72.21,BAJO,50242949120.0,16.14,11.94,2.1,12.44,0.87,34.31,23.0,,,,,,YAHOO,-0.2708,-0.5198,-0.1048,0.056942,0.5387,-0.5287,80.73,2026-10-14,28,,,yahoo,1.0,1.0,1.0,1.0,0.0,0.0,1.0,0.0,1.0,-4.685,-2.604,0.2192,7.3095,25.4182,24.0125,194.26,194.26,194.26,-5.8478,-5.8478,-5.8478
STX,783.1799926757812,783.18,2026-09-16,False,772.010009765625,798.8800048828125,1.47,276.42,BAJO,178089656320.0,55.54,14.14,81.97,371.53,29.35,43.07,26.11,1.09,39.91,1.8,1.67,,YAHOO,-0.2708,-0.5198,-0.1048,0.056942,0.5387,-0.5287,80.73,2026-10-27,41,,,yahoo,1.0,1.0,1.0,1.0,1.0,1.0,0.0,1.0,1.0,-11.597,-4.0973,-0.5688,-24.0078,41.272,82.5454,904.38,1037.85,1093.2605,-13.4014,-24.5382,-28.3629
STZ,123.02999877929688,123.03,2026-09-16,False,122.76000213623047,124.75,-0.48,-3.57,BAJO,21014059008.0,11.77,9.94,2.56,23.69,8.57,35.93,20.14,10.52,9.18,1.23,0.91,,YAHOO,-0.2708,-0.5198,-0.1048,0.056942,0.5387,-0.5287,80.73,2026-10-06,20,,,yahoo,1.0,1.0,1.0,1.0,0.0,1.0,1.0,0.0,0.0,1.2176,-5.818,-6.6761,-13.955,24.0762,30.2083,137.6,145.1562,164.2807,-10.5887,-15.2431,-25.1099
SW,43.709999084472656,43.71,2026-09-15,False,43.279998779296875,44.20000076293945,-0.09,3.62,BAJO,23383232512.0,46.44,13.07,1.29,2.71,2.62,5.47,1.59,5.2,8.06,0.78,1.45,,YAHOO,-0.2708,-0.5198,-0.1048,0.056942,0.5387,-0.5287,80.73,2026-10-28,42,,,yahoo,1.0,1.0,1.0,1.0,0.0,1.0,0.0,0.0,1.0,-1.2427,-6.8017,-1.4774,-0.9019,18.5244,44.4889,49.56,50.341,50.7913,-11.8039,-13.1721,-13.942
SWK,89.05000305175781,89.05,2026-09-16,False,88.04000091552734,90.29000091552734,0.53,21.77,BAJO,13448032256.0,21.67,13.96,1.5,6.89,3.8,8.44,4.07,10.55,10.09,0.58,1.43,,YAHOO,-0.2708,-0.5198,-0.1048,0.056942,0.5387,-0.5287,80.73,2026-11-03,48,,,yahoo,1.0,1.0,1.0,1.0,1.0,0.0,0.0,1.0,1.0,-2.8687,-4.9572,-0.3826,6.151,6.7796,34.6471,99.157,103.1027,103.1027,-10.193,-13.6298,-13.6298
SYK,284.760009765625,284.76,2026-09-16,False,279.8800048828125,290.510009765625,1.16,-21.21,BAJO,109226270720.0,29.15,17.02,4.55,16.51,8.16,27.02,14.43,3.76,16.43,0.64,2.16,,YAHOO,-0.2708,-0.5198,-0.1048,0.056942,0.5387,-0.5287,80.73,2026-10-29,43,,,yahoo,1.0,0.0,1.0,1.0,0.0,0.0,0.0,1.0,0.0,3.4024,-10.2835,-10.9763,-8.0687,17.4183,42.2257,339.98,352.25,385.3856,-16.2421,-19.1597,-26.1104
TAP,39.11000061035156,39.11,2026-09-16,False,38.93000030517578,39.43000030517578,-0.41,-11.41,BAJO,7292213760.0,,7.99,0.72,-19.47,3.79,11.3,-20.81,12.82,5.91,0.76,0.88,,YAHOO,-0.2708,-0.5198,-0.1048,0.056942,0.5387,-0.5287,80.73,2026-11-03,48,,,yahoo,0.0,0.0,1.0,1.0,1.0,0.0,1.0,0.0,1.0,1.6372,-1.6348,-3.3328,-2.5471,10.9212,31.6684,42.4947,42.8703,52.5761,-7.9649,-8.7713,-25.6126
TDG,1080.1099853515625,1080.11,2026-09-16,False,1071.25,1108.3699951171875,-0.45,-13.32,BAJO,59704725504.0,32.75,22.31,-6.43,,11.82,46.01,21.28,2.44,17.76,,3.02,,YAHOO,-0.2708,-0.5198,-0.1048,0.056942,0.5387,-0.5287,80.73,2026-11-05,50,,,yahoo,1.0,1.0,1.0,0.0,0.0,1.0,0.0,1.0,1.0,-4.0482,-6.5455,-11.0603,-16.9912,28.0388,25.6483,1222.91,1348.49,1450.0,-11.6771,-19.9023,-25.5097
TDY,601.0999755859375,601.1,2026-09-16,False,596.7100219726562,605.3400268554688,0.43,10.74,BAJO,27864393728.0,28.98,22.46,2.55,9.15,5.14,20.2,15.29,3.28,18.56,0.19,2.18,,YAHOO,-0.2708,-0.5198,-0.1048,0.056942,0.5387,-0.5287,80.73,2026-10-21,35,,,yahoo,1.0,1.0,1.0,1.0,1.0,0.0,1.0,0.0,1.0,0.9862,-1.5413,-5.416,-4.5979,15.3542,22.9165,648.63,691.3,691.3,-7.3278,-13.0479,-13.0479
TECH,72.33000183105469,72.33,2026-09-16,False,72.22000122070312,72.37000274658203,-0.01,42.89,BAJO,11342663680.0,62.35,31.36,5.36,9.03,6.67,27.87,14.97,2.02,34.02,0.14,4.55,,YAHOO,-0.2708,-0.5198,-0.1048,0.056942,0.5387,-0.5287,80.73,2026-11-09,54,,,yahoo,1.0,1.0,1.0,1.0,1.0,1.0,0.0,1.0,0.0,0.1107,0.2078,0.4022,29.2345,1.4747,42.516,72.47,72.47,72.47,-0.1932,-0.1932,-0.1932
TEL,202.1999969482422,202.2,2026-09-16,False,200.42999267578125,205.72000122070312,0.39,-1.43,BAJO,58539573248.0,19.73,15.67,4.43,23.29,9.69,20.77,15.61,3.99,12.78,0.43,1.88,,YAHOO,-0.2708,-0.5198,-0.1048,0.056942,0.5387,-0.5287,80.73,2026-10-28,42,,,yahoo,1.0,0.0,1.0,1.0,0.0,0.0,1.0,1.0,0.0,-1.2116,-2.7885,-0.1576,-6.4564,50.244,31.5538,211.96,217.8394,246.3216,-4.6046,-7.1793,-17.9122
TER,341.1499938964844,341.15,2026-09-16,False,336.57000732421875,347.0,2.49,202.43,BAJO,53335646208.0,46.8,29.28,16.99,36.46,19.75,33.16,25.77,0.82,35.3,0.03,2.12,,YAHOO,-0.2708,-0.5198,-0.1048,0.056942,0.5387,-0.5287,80.73,2026-10-21,35,,,yahoo,1.0,0.0,1.0,1.0,0.0,0.0,1.0,0.0,1.0,-11.0871,1.7352,5.8695,-16.6286,122.4102,89.919,383.69,483.6542,483.6542,-11.0871,-29.4641,-29.4641
TKO,192.42999267578125,192.43,2026-09-16,False,190.27000427246094,195.33999633789062,1.21,0.01,BAJO,36421169152.0,66.58,41.11,4.21,7.06,4.5,32.39,4.33,2.35,14.44,0.59,1.28,,YAHOO,-0.2708,-0.5198,-0.1048,0.056942,0.5387,-0.5287,80.73,2026-11-04,49,,,yahoo,1.0,1.0,1.0,1.0,0.0,1.0,1.0,1.0,0.0,1.1189,6.0064,4.3688,-3.4055,22.4485,33.2354,200.8675,214.9996,222.2776,-4.2005,-10.4975,-13.4281
TPL,348.57000732421875,348.57,2026-09-16,False,347.2699890136719,367.6400146484375,-6.21,14.86,BAJO,24042504192.0,47.42,4.77,14.38,36.57,25.81,78.18,60.32,-0.14,32.11,0.01,4.55,,YAHOO,-0.2708,-0.5198,-0.1048,0.056942,0.5387,-0.5287,80.73,2026-11-04,49,,,yahoo,1.0,0.0,1.0,1.0,0.0,0.0,0.0,0.0,0.0,-6.8144,-5.7741,-16.0141,-2.0262,56.3508,45.6054,383.0251,436.9385,538.102,-8.9955,-20.2245,-35.2223
TRGP,284.7699890136719,284.77,2026-09-16,False,281.0899963378906,288.6099853515625,-0.32,80.94,BAJO,61063520256.0,27.33,23.57,19.5,70.84,9.24,27.8,13.54,0.11,14.67,5.16,0.77,,YAHOO,-0.2708,-0.5198,-0.1048,0.056942,0.5387,-0.5287,80.73,2026-11-05,50,,,yahoo,1.0,1.0,1.0,1.0,0.0,0.0,1.0,1.0,0.0,-2.2685,-3.8134,1.1285,10.1751,4.7617,32.3261,302.25,302.25,302.25,-5.7833,-5.7833,-5.7833
TRMB,57.31999969482422,57.32,2026-09-16,False,57.040000915527344,58.709999084472656,-2.52,-26.73,BAJO,13365868544.0,,13.9,2.36,-1.94,4.8,15.13,-2.77,5.13,16.6,0.29,0.95,,YAHOO,-0.2708,-0.5198,-0.1048,0.056942,0.5387,-0.5287,80.73,2026-11-04,49,,,yahoo,1.0,0.0,1.0,0.0,0.0,0.0,1.0,1.0,0.0,-0.1394,-2.7486,8.7253,12.8791,31.3931,33.6741,61.54,61.54,83.52,-6.8573,-6.8573,-31.3697
TROW,102.4000015258789,102.4,2026-09-16,False,101.44999694824219,104.61000061035156,-1.76,6.36,BAJO,21843544064.0,10.46,9.93,1.99,19.4,10.66,28.69,29.26,9.27,6.83,0.04,4.04,,YAHOO,-0.2708,-0.5198,-0.1048,0.056942,0.5387,-0.5287,80.73,2026-10-30,44,,,yahoo,1.0,0.0,1.0,0.0,0.0,1.0,1.0,0.0,0.0,-3.774,-4.8689,-11.6541,-4.834,10.8826,26.9448,111.4831,120.1849,120.1849,-8.1475,-14.7979,-14.7979
TRV,378.9200134277344,378.92,2026-09-16,False,375.3399963378906,380.94000244140625,0.25,43.87,BAJO,79033253888.0,10.16,12.54,2.39,26.51,4.78,23.7,16.95,18.69,7.23,0.27,0.32,,YAHOO,-0.2708,-0.5198,-0.1048,0.056942,0.5387,-0.5287,80.73,2026-10-16,30,,,yahoo,1.0,1.0,1.0,1.0,0.0,0.0,1.0,0.0,0.0,3.6433,4.4778,3.045,23.6433,14.7993,28.3177,378.92,395.8665,395.8665,0.0,-4.2809,-4.2809
TSCO,32.779998779296875,32.78,2026-09-16,False,32.7599983215332,33.869998931884766,-0.76,-40.68,BAJO,17079694336.0,17.25,15.99,6.52,39.51,7.82,12.07,6.42,0.6,12.11,2.49,1.33,,YAHOO,-0.2708,-0.5198,-0.1048,0.056942,0.5387,-0.5287,80.73,2026-10-22,36,,,yahoo,1.0,0.0,1.0,1.0,1.0,0.0,1.0,1.0,0.0,-3.5882,-5.5604,8.1824,9.2567,33.6567,31.0921,35.92,36.18,58.4625,-8.7416,-9.3976,-43.9299
TSN,52.119998931884766,52.12,2026-09-16,False,52.119998931884766,52.9900016784668,-0.82,1.7,BAJO,18335893504.0,32.17,12.49,1.01,3.26,2.56,2.71,1.03,6.5,9.27,0.44,1.43,,YAHOO,-0.2708,-0.5198,-0.1048,0.056942,0.5387,-0.5287,80.73,2026-11-09,54,,,yahoo,1.0,0.0,1.0,1.0,1.0,0.0,1.0,0.0,1.0,0.7344,-5.3396,-8.9379,-8.0947,15.8308,27.6695,58.0085,60.6141,67.5448,-10.151,-14.0135,-22.8364
TTD,15.0,15.0,2026-09-15,False,14.510000228881836,15.305000305175781,0.2,-64.65,BAJO,6808563712.0,17.89,14.56,2.64,15.44,6.25,14.21,13.61,8.56,8.25,0.17,1.72,,YAHOO,-0.2708,-0.5198,-0.1048,0.056942,0.5387,-0.5287,80.73,2026-11-05,50,,,yahoo,1.0,1.0,1.0,1.0,0.0,0.0,1.0,0.0,1.0,6.99,9.3294,-21.5481,-22.1588,30.6873,67.2968,15.09,19.79,54.13,-0.5964,-24.2041,-72.2889
TTWO,211.80999755859375,211.81,2026-09-16,False,210.72000122070312,215.0,-0.05,-12.09,BAJO,39604326400.0,,20.58,11.18,-9.04,-0.62,0.51,-4.79,3.17,53.13,0.82,1.06,,YAHOO,-0.2708,-0.5198,-0.1048,0.056942,0.5387,-0.5287,80.73,2026-11-09,54,,,yahoo,0.0,1.0,1.0,1.0,1.0,1.0,0.0,1.0,1.0,0.3173,-2.2476,-10.5079,-7.8967,54.6236,35.0514,240.15,258.41,262.29,-11.801,-18.0334,-19.2459
TYL,346.44000244140625,346.44,2026-09-16,False,344.0199890136719,350.42999267578125,-1.89,-32.8,BAJO,14187505664.0,46.32,22.57,4.67,9.73,4.18,14.74,13.36,4.19,32.0,0.48,1.55,,YAHOO,-0.2708,-0.5198,-0.1048,0.056942,0.5387,-0.5287,80.73,2026-10-28,42,,,yahoo,1.0,1.0,1.0,1.0,0.0,0.0,0.0,1.0,1.0,1.0972,-7.967,8.4285,16.1498,64.8251,46.1191,379.27,379.27,536.38,-8.6561,-8.6561,-35.4115
UDR,34.400001525878906,34.4,2026-09-16,False,34.31999969482422,35.13999938964844,-1.46,-0.89,BAJO,12637329408.0,22.05,61.43,3.82,13.74,2.24,20.18,29.56,6.17,17.28,1.56,0.18,,YAHOO,-0.2708,-0.5198,-0.1048,0.056942,0.5387,-0.5287,80.73,2026-10-28,42,,,yahoo,1.0,1.0,1.0,1.0,1.0,0.0,1.0,1.0,1.0,-2.4248,-6.3151,-12.7914,-9.8718,15.1188,19.7523,38.2326,40.7677,40.7677,-10.0245,-15.6195,-15.6195
UHS,181.2100067138672,181.21,2026-09-16,False,175.3699951171875,182.19000244140625,2.47,0.12,BAJO,10679886848.0,7.22,7.57,1.42,20.95,8.32,11.14,8.42,4.67,5.91,0.69,1.12,,YAHOO,-0.2708,-0.5198,-0.1048,0.056942,0.5387,-0.5287,80.73,2026-10-26,40,,,yahoo,1.0,1.0,1.0,1.0,1.0,0.0,1.0,1.0,1.0,3.0891,6.1259,20.0205,23.501,23.8948,31.236,181.21,181.21,243.1212,0.0,0.0,-25.4651
ULTA,530.52001953125,530.52,2026-09-16,False,529.010009765625,542.1400146484375,-2.54,3.42,BAJO,22683695104.0,19.84,16.54,8.36,46.12,14.84,12.51,9.34,4.03,12.92,0.95,1.34,,YAHOO,-0.2708,-0.5198,-0.1048,0.056942,0.5387,-0.5287,80.73,2026-12-03,78,2026-08-27,20.0,yahoo,1.0,0.0,1.0,1.0,1.0,0.0,1.0,0.0,0.0,-2.0928,-2.7746,10.6241,14.4151,30.8062,35.8523,564.12,565.15,706.82,-5.9562,-6.1276,-24.9427
UPS,98.7699966430664,98.77,2026-09-16,False,98.1500015258789,102.0999984741211,-3.5,25.95,BAJO,84031692800.0,18.36,12.23,5.58,29.6,7.28,9.05,5.08,6.66,8.94,1.9,1.18,,YAHOO,-0.2708,-0.5198,-0.1048,0.056942,0.5387,-0.5287,80.73,2026-10-27,41,,,yahoo,1.0,0.0,1.0,1.0,0.0,1.0,1.0,1.0,0.0,-0.4535,-3.7892,-14.7598,-8.794,37.5144,28.3222,105.68,115.8725,115.8725,-6.5386,-14.7598,-14.7598
URI,1006.25,1006.25,2026-09-16,False,987.5,1025.530029296875,1.73,8.23,BAJO,62631501824.0,23.81,17.56,6.8,28.89,8.77,25.99,15.67,2.72,16.61,1.67,0.76,,YAHOO,-0.2708,-0.5198,-0.1048,0.056942,0.5387,-0.5287,80.73,2026-10-21,35,,,yahoo,1.0,0.0,1.0,1.0,1.0,0.0,1.0,0.0,0.0,-2.189,1.626,-3.5613,-5.7789,15.0185,38.5242,1117.04,1164.8199,1164.8199,-9.9182,-13.6133,-13.6133
VICI,24.760000228881836,24.76,2026-09-15,False,24.68000030517578,25.100000381469727,-1.12,-17.9,BAJO,27009431552.0,9.58,8.2,0.93,9.85,4.82,70.18,67.5,0.99,12.36,0.6,11.24,,YAHOO,-0.2708,-0.5198,-0.1048,0.056942,0.5387,-0.5287,80.73,2026-10-29,43,,,yahoo,1.0,1.0,1.0,0.0,1.0,0.0,0.0,1.0,1.0,-2.0182,-3.4698,-8.8029,-10.0534,20.431,20.7446,26.78,27.21,31.3416,-7.5429,-9.004,-20.9995
VLO,403.2799987792969,403.28,2026-09-16,False,388.0,407.2699890136719,1.57,155.63,BAJO,116115382272.0,16.56,10.8,4.64,27.64,10.56,12.27,5.45,7.25,9.18,0.4,1.64,,YAHOO,-0.2708,-0.5198,-0.1048,0.056942,0.5387,-0.5287,80.73,2026-10-22,36,,,yahoo,1.0,0.0,1.0,1.0,0.0,1.0,1.0,1.0,0.0,3.6843,11.4064,30.7407,65.8291,36.6376,33.9938,403.28,403.28,403.28,0.0,0.0,0.0
VLTO,95.4800033569336,95.48,2026-09-15,False,95.22000122070312,96.54000091552734,-0.85,-8.55,BAJO,23343212544.0,24.06,20.07,7.55,34.31,10.31,21.37,17.35,3.46,17.86,1.16,1.77,,YAHOO,-0.2708,-0.5198,-0.1048,0.056942,0.5387,-0.5287,80.73,2026-10-21,35,,,yahoo,1.0,0.0,1.0,1.0,1.0,0.0,0.0,1.0,0.0,-0.0523,-3.1348,1.3481,15.6516,26.3977,25.019,100.1,100.1,107.2284,-4.6154,-4.6154,-10.9564
VMC,244.3000030517578,244.3,2026-09-16,False,242.5,250.7899932861328,-1.97,-13.29,BAJO,31656085504.0,29.4,22.95,3.73,13.23,6.04,21.61,13.75,2.66,15.56,0.58,1.76,,YAHOO,-0.2708,-0.5198,-0.1048,0.056942,0.5387,-0.5287,80.73,2026-10-29,43,,,yahoo,1.0,1.0,1.0,1.0,1.0,1.0,1.0,1.0,1.0,-2.237,-5.9263,-15.1133,-18.6404,18.4551,30.2726,276.3,312.3896,328.4807,-11.5816,-21.7964,-25.6273
VRSK,181.75,181.75,2026-09-16,False,177.9499969482422,182.89999389648438,0.93,-24.69,BAJO,23655856128.0,27.88,20.9,-20.39,,18.96,45.11,28.24,4.46,18.29,,1.0,,YAHOO,-0.2708,-0.5198,-0.1048,0.056942,0.5387,-0.5287,80.73,2026-10-28,42,,,yahoo,1.0,0.0,1.0,1.0,1.0,1.0,1.0,1.0,0.0,2.3862,-6.2325,-9.1902,1.4627,62.8367,40.4392,193.8304,212.5802,249.3234,-6.2325,-14.5028,-27.1027
VRSN,298.4599914550781,298.46,2026-09-16,False,294.67999267578125,301.8299865722656,0.4,7.53,BAJO,26980784128.0,32.27,26.98,-11.97,,45.12,68.18,49.77,3.09,23.83,,0.59,,YAHOO,-0.2708,-0.5198,-0.1048,0.056942,0.5387,-0.5287,80.73,2026-10-22,36,,,yahoo,1.0,1.0,1.0,1.0,0.0,1.0,1.0,1.0,1.0,4.0148,3.499,7.8067,9.2986,17.0751,29.3889,298.6,298.6,309.0927,-0.0469,-0.0469,-3.44
VTR,88.20999908447266,88.21,2026-09-16,False,87.87000274658203,89.77999877929688,-0.4,35.32,BAJO,45247000576.0,160.38,111.66,3.09,2.01,2.17,14.81,4.09,3.29,24.58,0.85,0.29,,YAHOO,-0.2708,-0.5198,-0.1048,0.056942,0.5387,-0.5287,80.73,2026-10-28,42,,,yahoo,1.0,1.0,1.0,1.0,1.0,0.0,0.0,0.0,1.0,-1.309,-4.1925,-8.2102,5.7655,4.1178,26.2623,93.83,100.53,100.53,-5.9896,-12.255,-12.255
VTRS,17.020000457763672,17.02,2026-09-16,False,16.670000076293945,17.049999237060547,2.22,86.76,BAJO,19549016064.0,,6.4,1.35,-2.75,2.67,12.55,-2.79,13.7,7.38,0.96,1.58,,YAHOO,-0.2708,-0.5198,-0.1048,0.056942,0.5387,-0.5287,80.73,2026-11-05,50,,,yahoo,0.0,0.0,1.0,1.0,1.0,0.0,1.0,0.0,1.0,3.1515,2.3452,-0.8233,6.9055,14.9587,28.9054,17.09,17.727,17.727,-0.4096,-3.9885,-3.9885
WAB,276.3699951171875,276.37,2026-09-16,False,273.010009765625,280.5299987792969,-0.63,50.38,BAJO,46681890816.0,37.45,22.21,4.17,11.55,6.17,19.19,10.59,2.36,19.99,0.62,1.12,,YAHOO,-0.2708,-0.5198,-0.1048,0.056942,0.5387,-0.5287,80.73,2026-10-21,35,,,yahoo,1.0,0.0,1.0,1.0,0.0,0.0,1.0,1.0,0.0,-1.4618,-1.2259,5.5614,1.6666,18.128,31.5023,300.54,305.4747,305.4747,-8.0422,-9.5277,-9.5277
WAT,418.6400146484375,418.64,2026-09-16,False,415.94000244140625,424.7300109863281,0.37,40.54,BAJO,41104527360.0,105.19,25.3,2.71,1.92,3.56,9.42,3.59,-0.35,31.73,0.36,1.86,,YAHOO,-0.2708,-0.5198,-0.1048,0.056942,0.5387,-0.5287,80.73,2026-10-30,44,,,yahoo,1.0,0.0,1.0,1.0,1.0,0.0,0.0,0.0,0.0,3.4164,3.154,13.4587,16.1147,11.9889,27.3456,421.26,421.26,421.26,-0.6219,-0.6219,-0.6219
WDAY,190.6699981689453,190.67,2026-09-15,False,190.19000244140625,194.75999450683594,-1.82,-11.99,BAJO,45250158592.0,38.16,14.2,7.0,16.01,4.51,11.82,12.32,6.73,28.76,0.58,0.91,,YAHOO,-0.2708,-0.5198,-0.1048,0.056942,0.5387,-0.5287,80.73,2026-11-23,68,2026-08-27,20.0,finnhub,1.0,1.0,1.0,1.0,1.0,0.0,1.0,1.0,1.0,2.3567,-3.4338,31.1078,47.1219,43.9951,68.6295,206.92,206.92,247.69,-7.8533,-7.8533,-23.0207
WEC,103.37999725341797,103.38,2026-09-16,False,102.86000061035156,104.45999908447266,-0.13,0.78,BAJO,33686306816.0,20.07,17.23,,11.99,3.03,21.8,16.69,-6.99,14.4,1.58,0.53,,YAHOO,-0.2708,-0.5198,-0.1048,0.056942,0.5387,-0.5287,80.73,2026-10-29,43,,,yahoo,1.0,0.0,1.0,1.0,1.0,0.0,0.0,0.0,1.0,-2.6095,-2.6554,-8.0007,-9.0598,11.7791,17.4845,109.34,117.8229,117.8229,-5.4509,-12.2582,-12.2582
WM,214.0,214.0,2026-09-16,False,213.6999969482422,218.77000427246094,-1.5,4.14,BAJO,85539053568.0,30.75,23.47,8.62,29.84,6.57,18.99,11.12,2.75,13.94,2.35,0.91,,YAHOO,-0.2708,-0.5198,-0.1048,0.056942,0.5387,-0.5287,80.73,2026-10-26,40,,,yahoo,1.0,0.0,1.0,1.0,1.0,1.0,0.0,1.0,1.0,-0.6904,-2.1951,-10.181,-1.6672,24.4499,21.751,225.4636,241.1841,243.3986,-5.0844,-11.2711,-12.0784
WMB,70.9000015258789,70.9,2026-09-16,False,69.8499984741211,71.9800033569336,-1.02,28.48,BAJO,86722576384.0,28.59,27.3,6.59,21.5,5.03,39.54,24.94,-1.75,17.0,2.0,0.48,,YAHOO,-0.2708,-0.5198,-0.1048,0.056942,0.5387,-0.5287,80.73,2026-11-02,47,,,yahoo,1.0,1.0,1.0,1.0,0.0,1.0,0.0,1.0,1.0,-4.9702,-5.0713,-2.678,-0.0911,14.2554,27.5522,75.2833,77.3582,78.2497,-5.8224,-8.3485,-9.3927
WSM,218.1999969482422,218.2,2026-09-16,False,216.67999267578125,224.6699981689453,-1.48,15.27,BAJO,25699416064.0,22.73,20.75,13.74,54.96,16.64,17.27,14.73,4.16,15.79,0.71,1.45,,YAHOO,-0.2708,-0.5198,-0.1048,0.056942,0.5387,-0.5287,80.73,2026-11-18,63,2026-08-26,21.0,yahoo,1.0,0.0,1.0,1.0,0.0,0.0,1.0,0.0,0.0,-4.0963,-1.7648,-4.47,-3.6321,36.6539,29.5623,242.31,251.78,251.78,-9.9501,-13.337,-13.337
WST,362.010009765625,362.01,2026-09-16,False,361.05999755859375,367.3299865722656,-0.82,42.97,BAJO,25476728832.0,46.71,36.29,8.52,19.09,11.38,22.47,16.98,1.09,27.8,0.11,2.82,,YAHOO,-0.2708,-0.5198,-0.1048,0.056942,0.5387,-0.5287,80.73,2026-10-22,36,,,yahoo,1.0,0.0,1.0,1.0,1.0,1.0,1.0,1.0,0.0,7.4405,6.898,1.1184,9.9116,27.2019,25.0566,365.0,365.5013,365.5013,-0.8192,-0.9552,-0.9552
WTW,312.9100036621094,312.91,2026-09-16,False,310.3800048828125,322.19000244140625,-2.81,-1.79,BAJO,29060558848.0,19.92,13.69,3.79,19.76,5.08,17.56,15.49,4.87,12.28,0.91,1.1,,YAHOO,-0.2708,-0.5198,-0.1048,0.056942,0.5387,-0.5287,80.73,2026-10-29,43,,,yahoo,1.0,1.0,1.0,1.0,0.0,1.0,1.0,0.0,0.0,-0.2582,-6.446,6.6387,20.9509,35.1011,31.9348,350.75,350.75,350.75,-10.7883,-10.7883,-10.7883
WY,21.809999465942383,21.81,2026-09-16,False,21.709999084472656,22.440000534057617,-2.15,-6.95,BAJO,15719251968.0,33.55,32.43,1.67,4.97,0.67,8.03,6.89,0.09,30.0,0.58,1.82,,YAHOO,-0.2708,-0.5198,-0.1048,0.056942,0.5387,-0.5287,80.73,2026-10-29,43,,,yahoo,1.0,0.0,1.0,1.0,0.0,0.0,1.0,0.0,0.0,-3.4529,-5.8571,-10.1241,-11.2117,20.995,30.6449,24.3956,25.6045,26.396,-10.5986,-14.8196,-17.3739
WYNN,84.2300033569336,84.23,2026-09-16,False,84.0199966430664,87.41999816894531,-2.86,-27.14,BAJO,8672975872.0,20.2,16.35,-50.65,,5.73,16.54,6.05,5.49,9.98,,0.91,,YAHOO,-0.2708,-0.5198,-0.1048,0.056942,0.5387,-0.5287,80.73,2026-11-05,50,,,yahoo,1.0,0.0,1.0,1.0,1.0,0.0,1.0,0.0,0.0,-6.6497,-7.0309,-12.6281,-18.5529,19.4716,25.3275,100.28,104.5341,132.1289,-16.0052,-19.4234,-36.2517
XEL,72.70999908447266,72.71,2026-09-16,False,72.38999938964844,73.48999786376953,0.3,6.37,BAJO,45417160704.0,19.87,16.01,1.89,9.92,2.37,22.7,15.28,-17.41,13.89,1.73,0.7,,YAHOO,-0.2708,-0.5198,-0.1048,0.056942,0.5387,-0.5287,80.73,2026-10-29,43,,,yahoo,1.0,0.0,1.0,1.0,0.0,1.0,0.0,1.0,0.0,-3.7983,-3.418,-6.9492,-7.1967,16.9424,17.7887,78.775,81.5725,82.0098,-7.6992,-10.8645,-11.3399
XYL,107.2699966430664,107.27,2026-09-16,False,106.30000305175781,109.83999633789062,-0.21,-20.29,BAJO,25046130688.0,25.6,17.18,2.28,9.18,5.11,17.0,11.15,4.73,13.69,0.29,1.61,,YAHOO,-0.2708,-0.5198,-0.1048,0.056942,0.5387,-0.5287,80.73,2026-11-03,48,,,yahoo,1.0,1.0,1.0,1.0,1.0,0.0,0.0,1.0,0.0,-0.3437,0.3555,-12.2999,-3.8845,5.2276,27.7689,115.7694,124.825,150.8356,-7.3417,-14.0637,-28.8828
YUM,137.9600067138672,137.96,2026-09-16,False,137.77999877929688,141.35000610351562,-2.0,-2.57,BAJO,37649436672.0,17.73,19.72,-5.22,,22.69,32.78,25.41,2.21,16.42,,0.59,,YAHOO,-0.2708,-0.5198,-0.1048,0.056942,0.5387,-0.5287,80.73,2026-11-03,48,,,yahoo,1.0,0.0,1.0,1.0,1.0,0.0,1.0,0.0,0.0,-4.96,-8.7972,-6.2631,-12.0596,53.2937,30.9435,156.5607,166.6498,166.6498,-11.8808,-17.2156,-17.2156
ZBH,96.77999877929688,96.78,2026-09-16,False,96.38999938964844,98.41000366210938,-1.66,1.08,BAJO,18459594752.0,23.84,10.67,1.46,6.41,3.88,17.96,9.48,5.81,10.14,0.6,1.69,,YAHOO,-0.2708,-0.5198,-0.1048,0.056942,0.5387,-0.5287,80.73,2026-11-05,50,,,yahoo,1.0,0.0,1.0,1.0,0.0,1.0,1.0,0.0,0.0,2.2936,-2.6358,6.2116,8.6277,32.9892,33.6773,101.38,101.38,103.1494,-4.5374,-4.5374,-6.1749
ZBRA,341.17999267578125,341.18,2026-09-16,False,338.6700134277344,347.5199890136719,-0.45,9.56,BAJO,16141450240.0,31.33,15.37,4.71,15.29,7.32,21.26,9.22,3.57,16.0,0.86,0.52,,YAHOO,-0.2708,-0.5198,-0.1048,0.056942,0.5387,-0.5287,80.73,2026-11-03,48,,,yahoo,1.0,0.0,1.0,1.0,0.0,0.0,1.0,0.0,1.0,-1.0585,-0.7332,27.5916,43.7213,29.4187,63.4101,368.51,383.06,383.06,-7.4164,-10.933,-10.933
ZTS,73.43000030517578,73.43,2026-09-15,False,72.72000122070312,73.77999877929688,-0.33,-46.42,BAJO,30165323776.0,11.97,11.18,,64.91,15.35,40.72,27.68,6.69,9.28,2.94,3.08,,YAHOO,-0.2708,-0.5198,-0.1048,0.056942,0.5387,-0.5287,80.73,2026-11-03,48,,,yahoo,1.0,0.0,1.0,1.0,0.0,1.0,1.0,1.0,0.0,-0.1767,-4.76,-3.8592,-7.5148,10.9164,31.8442,77.73,77.93,144.75,-5.532,-5.7744,-49.2711
