Ticker,Precio,Cierre_Confirmado,Fecha_Cierre_Confirmado,Precio_Es_Intradiario,Low,High,Change (%),RS 20D,Credit Stress,Market Cap,P/E,Forward P/E,P/Book,ROE,ROA,Operating Margin,Net Margin,FCF Yield,EV/EBITDA,Debt/Equity,Current Ratio,Piotroski,Fund Source,Grain_IS,ZC_Surprise,ZS_Surprise,SPX_Quarterly_Divisor,SPX_ROC_63d,z_MOVE_inv,MOVE_price,Earnings_Next_Date,Earnings_Days_To_Next,Earnings_Last_Date,Earnings_Days_Since,Earnings_Source,piotroski_roa_positive,piotroski_d_roa,piotroski_cfo_positive,piotroski_cfo_gt_ni,piotroski_d_leverage,piotroski_d_liquidity,piotroski_no_dilution,piotroski_d_margin,piotroski_d_turnover,roc_5d,roc_10d,roc_42d,roc_63d,vol_5d,vol_60d,high_20d,high_60d,high_252d,drawdown_20d,drawdown_60d,drawdown_252d
^GSPC,7706.02978515625,7706.0298,2026-09-23,False,7694.89013671875,7761.93994140625,-0.76,3.91,BAJO,,,,,,,,,,,,,,NONE,-0.8279,-1.0979,-0.6479,0.055926,4.6239,-2.2862,95.45,,999,,,none,,,,,,,,,,1.5859,0.4237,4.0189,,16.0843,11.3477,7764.7002,7798.9902,,-0.7556,-1.192,
^DJI,51511.58984375,51511.5898,2026-09-23,False,51477.53125,51846.80859375,-1.03,-1.47,BAJO,,,,,,,,,,,,,,NONE,-0.8279,-1.0979,-0.6479,0.055926,4.6239,-2.2862,95.45,,999,,,none,,,,,,,,,,-1.1163,-2.4144,-0.3869,,12.8832,11.96,53686.1094,54349.1211,,-4.0504,-5.2209,
^IXIC,26936.037109375,26936.0371,2026-09-23,False,26873.54296875,27217.330078125,-0.69,4.91,BAJO,,,,,,,,,,,,,,NONE,-0.8279,-1.0979,-0.6479,0.055926,4.6239,-2.2862,95.45,,999,,,none,,,,,,,,,,3.6736,1.9478,7.154,,21.0001,17.5325,27122.0898,27122.0898,,-0.686,-0.686,
^RUT,2838.660400390625,2838.6604,2026-09-23,False,2838.370849609375,2884.49169921875,-1.28,-5.77,BAJO,,,,,,,,,,,,,,NONE,-0.8279,-1.0979,-0.6479,0.055926,4.6239,-2.2862,95.45,,999,,,none,,,,,,,,,,-1.102,-4.1058,-3.4522,,13.9994,13.3388,3014.3401,3068.4199,,-5.8281,-7.4879,
^VIX,15.180000305175781,15.18,2026-09-23,False,14.119999885559082,15.449999809265137,2.08,-22.93,BAJO,,,,,,,,,,,,,,NONE,-0.8279,-1.0979,-0.6479,0.055926,4.6239,-2.2862,95.45,,999,,,none,,,,,,,,,,-11.7442,-3.4351,-18.2992,-18.5185,105.917,101.1173,17.84,20.66,,-14.9103,-26.5247,
^MOVE,95.45269775390625,95.4527,2026-09-23,False,78.56089782714844,95.45269775390625,17.55,37.4,BAJO,,,,,,,,,,,,,,NONE,-0.8279,-1.0979,-0.6479,0.055926,4.6239,-2.2862,95.45,,999,,,none,,,,,,,,,,14.0278,25.3647,19.1967,,155.5985,77.9259,95.4527,95.4527,,0.0,0.0,
^TNX,5.113999843597412,5.114,2026-09-23,False,4.984000205993652,5.134999752044678,3.04,13.0,BAJO,,,,,,,,,,,,,,NONE,-0.8279,-1.0979,-0.6479,0.055926,4.6239,-2.2862,95.45,,999,,,none,,,,,,,,,,2.3619,6.4086,8.7391,13.8215,30.3907,14.4775,5.114,5.114,,0.0,0.0,
^IRX,4.0279998779296875,4.028,2026-09-23,False,4.002999782562256,4.029999732971191,1.16,8.34,BAJO,,,,,,,,,,,,,,NONE,-0.8279,-1.0979,-0.6479,0.055926,4.6239,-2.2862,95.45,,999,,,none,,,,,,,,,,1.7172,6.702,6.0,9.1599,8.8705,11.6694,4.028,4.028,,0.0,0.0,
DX-Y.NYB,101.11499786376953,101.115,2026-09-23,False,100.54399871826172,101.23100280761719,0.68,-1.11,BAJO,,,,,,,,,,,,,,NONE,-0.8279,-1.0979,-0.6479,0.055926,4.6239,-2.2862,95.45,,999,,,none,,,,,,,,,,1.4701,2.3017,-0.3106,-0.2909,5.4716,4.8525,101.115,101.51,,0.0,-0.3891,
^N225,65018.94921875,65018.9492,2026-09-18,False,64403.8515625,65436.5703125,1.38,-9.31,BAJO,,,,,,,,,,,,,,NONE,-0.8279,-1.0979,-0.6479,0.055926,4.6239,-2.2862,95.45,,999,,,none,,,,,,,,,,1.5741,-0.0031,-1.8318,-8.7454,9.4311,28.5359,66405.5625,72366.3438,,-2.0881,-10.1531,
^MERV,2969545.5,2969545.5,2026-09-23,False,2947163.75,3032276.25,-0.98,-9.4,BAJO,,,,,,,,,,,,,,NONE,-0.8279,-1.0979,-0.6479,0.055926,4.6239,-2.2862,95.45,,999,,,none,,,,,,,,,,-3.5793,-3.4602,-10.543,-8.5852,16.9398,23.4547,3157852.0,3379772.0,,-5.9631,-12.1377,
^NYA,23848.24609375,23848.2461,2026-09-23,False,23842.54296875,24029.064453125,-0.99,0.69,BAJO,,,,,,,,,,,,,,NONE,-0.8279,-1.0979,-0.6479,0.055926,4.6239,-2.2862,95.45,,999,,,none,,,,,,,,,,-1.1613,-2.5531,-0.109,,11.7612,8.5107,24768.6504,24821.6797,,-3.716,-3.9217,
^HSI,25042.7109375,25042.7109,2026-09-21,False,24736.919921875,25042.7109375,1.18,6.49,BAJO,,,,,,,,,,,,,,NONE,-0.8279,-1.0979,-0.6479,0.055926,4.6239,-2.2862,95.45,,999,,,none,,,,,,,,,,0.5021,-1.4575,-0.6668,7.3124,10.8426,16.0848,25652.9707,26009.4609,,-2.3789,-3.7169,
^TWII,47718.83984375,47718.8398,2026-09-21,False,47207.30078125,47750.98046875,1.14,0.49,BAJO,,,,,,,,,,,,,,NONE,-0.8279,-1.0979,-0.6479,0.055926,4.6239,-2.2862,95.45,,999,,,none,,,,,,,,,,4.0476,0.8295,6.3946,1.3125,8.2145,31.967,47718.8398,47718.8398,,0.0,0.0,
^KS11,7007.72021484375,7007.7202,2026-09-21,False,6938.33984375,7027.580078125,1.65,-15.4,BAJO,,,,,,,,,,,,,,NONE,-0.8279,-1.0979,-0.6479,0.055926,4.6239,-2.2862,95.45,,999,,,none,,,,,,,,,,4.8374,0.1763,3.0896,,17.6868,70.1838,7051.6401,8476.4805,,-0.6228,-17.3275,
^GDAXI,25575.009765625,25575.0098,2026-09-21,False,25434.16015625,25617.990234375,1.07,1.92,BAJO,,,,,,,,,,,,,,NONE,-0.8279,-1.0979,-0.6479,0.055926,4.6239,-2.2862,95.45,,999,,,none,,,,,,,,,,0.5275,-1.6593,3.2786,3.3736,19.1685,12.9223,26569.9902,26569.9902,,-3.7448,-3.7448,
^FTSE,10705.259765625,10705.2598,2026-09-23,False,10682.73046875,10762.51953125,-0.31,1.83,BAJO,,,,,,,,,,,,,,NONE,-0.8279,-1.0979,-0.6479,0.055926,4.6239,-2.2862,95.45,,999,,,none,,,,,,,,,,0.4425,-0.9845,0.6209,2.3291,18.7491,9.4634,10886.2002,10908.4004,,-1.6621,-1.8622,
^AEX,1102.3499755859375,1102.35,2026-09-21,False,1099.4000244140625,1106.47998046875,0.66,2.63,BAJO,,,,,,,,,,,,,,NONE,-0.8279,-1.0979,-0.6479,0.055926,4.6239,-2.2862,95.45,,999,,,none,,,,,,,,,,0.3642,-1.1718,1.4429,3.473,8.2064,8.6321,1116.05,1119.59,,-1.2276,-1.5398,
^IBEX,19724.400390625,19724.4004,2026-09-21,False,19599.80078125,19771.900390625,1.08,0.45,BAJO,,,,,,,,,,,,,,NONE,-0.8279,-1.0979,-0.6479,0.055926,4.6239,-2.2862,95.45,,999,,,none,,,,,,,,,,0.8121,-1.4854,2.374,1.7272,19.8791,13.7272,20067.3008,20213.5996,,-1.7088,-2.4201,
FTSEMIB.MI,52372.0,52372.0,2026-09-20,False,51788.0,52407.0,1.6,22.63,BAJO,,,,,,,,,,,,,,YAHOO,-0.8279,-1.0979,-0.6479,0.055926,4.6239,-2.2862,95.45,,999,,,none,,,,,,,,,,1.4391,0.2719,2.0578,1.4195,22.0661,13.7196,52883.0,53717.0,53717.0,-0.9663,-2.5039,-2.5039
^SSMI,13956.580078125,13956.5801,2026-09-21,False,13849.6796875,13983.5595703125,1.23,-0.49,BAJO,,,,,,,,,,,,,,NONE,-0.8279,-1.0979,-0.6479,0.055926,4.6239,-2.2862,95.45,,999,,,none,,,,,,,,,,0.5623,-2.2606,-1.8176,-1.1416,16.0345,10.8975,14542.9004,14633.7002,,-4.0317,-4.6271,
^OMXC25,1849.849609375,1849.8496,2026-09-23,False,1848.9384765625,1863.9742431640625,-0.47,2.17,BAJO,,,,,,,,,,,,,,NONE,-0.8279,-1.0979,-0.6479,0.055926,4.6239,-2.2862,95.45,,999,,,none,,,,,,,,,,0.0016,-3.1218,1.1853,,18.2545,13.8393,1935.0699,1935.0699,,-4.404,-4.404,
^GSPTSE,35751.4296875,35751.4297,2026-09-23,False,35751.23046875,36193.30078125,-0.72,1.54,BAJO,,,,,,,,,,,,,,NONE,-0.8279,-1.0979,-0.6479,0.055926,4.6239,-2.2862,95.45,,999,,,none,,,,,,,,,,0.4759,-1.0289,0.7505,,12.6222,10.5847,36957.6016,36957.6016,,-3.2637,-3.2637,
^AXJO,8731.900390625,8731.9004,2026-09-21,False,8681.099609375,8736.5,0.01,-1.45,BAJO,,,,,,,,,,,,,,NONE,-0.8279,-1.0979,-0.6479,0.055926,4.6239,-2.2862,95.45,,999,,,none,,,,,,,,,,-0.2057,-3.0962,-1.2117,-0.8685,3.309,9.2813,9164.5996,9271.5996,,-4.7214,-5.821,
^MXX,64276.71875,64276.7188,2026-09-23,False,64003.7890625,64525.30078125,1.16,-4.67,BAJO,,,,,,,,,,,,,,NONE,-0.8279,-1.0979,-0.6479,0.055926,4.6239,-2.2862,95.45,,999,,,none,,,,,,,,,,0.093,-0.6965,-3.002,-3.0195,12.9265,12.3421,66293.0703,67466.4609,,-3.0416,-4.7279,
^BVSP,185814.09375,185814.0938,2026-09-23,False,185676.375,188772.328125,-0.42,7.68,BAJO,,,,,,,,,,,,,,NONE,-0.8279,-1.0979,-0.6479,0.055926,4.6239,-2.2862,95.45,,999,,,none,,,,,,,,,,-0.3694,-0.8288,5.1437,8.9774,8.8874,17.2105,188269.0,188269.0,,-1.3039,-1.3039,
HYG,78.0999984741211,78.1,2026-09-23,False,78.06999969482422,78.58999633789062,-0.74,1.14,BAJO,,,,,,,,,,,,,,YAHOO,-0.8279,-1.0979,-0.6479,0.055926,4.6239,-2.2862,95.45,,999,,,none,,,,,,,,,,-0.3572,-1.2892,-0.4048,-0.7449,7.9028,3.2061,79.4844,79.4844,79.4844,-1.7417,-1.7417,-1.7417
LQD,103.88999938964844,103.89,2026-09-23,False,103.68000030517578,104.88999938964844,-1.14,-3.45,BAJO,,,,,,,,,,,,,,YAHOO,-0.8279,-1.0979,-0.6479,0.055926,4.6239,-2.2862,95.45,,999,,,none,,,,,,,,,,-0.374,-1.5074,-1.3949,-3.456,13.0474,5.9414,106.4133,108.3896,108.7168,-2.3712,-4.1513,-4.4398
TLT,80.45999908447266,80.46,2026-09-23,False,80.2249984741211,81.50499725341797,-1.58,-6.61,BAJO,,,-4023.0,0.54,,,,,,,,,,YAHOO,-0.8279,-1.0979,-0.6479,0.055926,4.6239,-2.2862,95.45,,999,,,none,,,,,,,,,,-0.5193,-1.5539,-2.5902,-6.8515,15.126,9.7809,82.982,85.4292,88.4493,-3.0392,-5.8167,-9.0326
GC=F,4323.5,4323.5,2026-09-23,False,4320.89990234375,4328.7998046875,-1.21,3.38,BAJO,,,,,,,,,,,,,,NONE,-0.8279,-1.0979,-0.6479,0.055926,4.6239,-2.2862,95.45,,999,,,none,,,,,,,,,,-1.4587,-3.0758,6.2076,7.8502,12.718,21.6754,4664.0,4697.7998,,-7.3006,-7.9676,
HG=F,6.788000106811523,6.788,2026-09-23,False,6.7729997634887695,6.796999931335449,0.42,9.72,BAJO,,,,,,,,,,,,,,NONE,-0.8279,-1.0979,-0.6479,0.055926,4.6239,-2.2862,95.45,,999,,,none,,,,,,,,,,5.543,-0.2278,7.4051,14.2184,6.0421,22.1412,6.8035,6.8035,,-0.2278,-0.2278,
CL=F,92.44999694824219,92.45,2026-09-23,False,92.44999694824219,92.79000091552734,-2.26,25.46,BAJO,,,,,,,,,,,,,,NONE,-0.8279,-1.0979,-0.6479,0.055926,4.6239,-2.2862,95.45,,999,,,none,,,,,,,,,,-9.7432,-3.7481,3.5158,31.433,23.3106,51.0789,105.83,105.83,,-12.6429,-12.6429,
ZS=F,1317.5,1317.5,2026-09-23,False,1311.0,1327.25,-0.6,17.13,BAJO,,,,,,,,,,,,,,NONE,-0.8279,-1.0979,-0.6479,0.055926,4.6239,-2.2862,95.45,,999,,,none,,,,,,,,,,-0.2272,1.7178,5.5689,18.8275,21.3832,20.7728,1328.0,1328.0,,-0.7907,-0.7907,
ZC=F,528.75,528.75,2026-09-23,False,527.5,536.25,-1.49,28.22,BAJO,,,,,,,,,,,,,,NONE,-0.8279,-1.0979,-0.6479,0.055926,4.6239,-2.2862,95.45,,999,,,none,,,,,,,,,,-1.0295,4.1359,13.8934,29.914,32.3806,26.0652,543.0,543.0,,-2.6243,-2.6243,
BTC-USD,84475.203125,84475.2031,2026-09-23,False,83785.375,87243.359375,-1.97,-25.4,BAJO,1697315160064.0,,,,,,,,,,,,,YAHOO,-0.8279,-1.0979,-0.6479,0.055926,4.6239,-2.2862,95.45,,999,,,none,,,,,,,,,,4.4174,9.9391,33.2365,27.7976,61.56,36.7623,86602.9141,86602.9141,95551.1875,-2.4569,-2.4569,-11.5917
ETH-USD,2684.919921875,2684.9199,2026-09-23,False,2650.816162109375,2785.629638671875,-2.46,-36.36,BAJO,327561871360.0,,,,,,,,,,,,,YAHOO,-0.8279,-1.0979,-0.6479,0.055926,4.6239,-2.2862,95.45,,999,,,none,,,,,,,,,,2.8174,8.3931,42.9567,38.8639,51.2837,51.1164,2776.4683,2776.4683,3317.1013,-3.2973,-3.2973,-19.0582
IBIT,47.880001068115234,47.88,2026-09-23,False,47.29389953613281,48.68000030517578,-1.95,-25.31,BAJO,,,,,,,,,,,,,,YAHOO,-0.8279,-1.0979,-0.6479,0.055926,4.6239,-2.2862,95.45,,999,,,none,,,,,,,,,,11.2454,8.1057,31.7194,41.364,69.9252,39.6135,49.01,49.01,71.29,-2.3056,-2.3056,-32.8377
SPY,767.8099975585938,767.81,2026-09-23,False,766.5,773.02001953125,-0.72,16.2,BAJO,,24.81,,1.79,,,,,,,,,,YAHOO,-0.8279,-1.0979,-0.6479,0.055926,4.6239,-2.2862,95.45,,999,,,none,,,,,,,,,,2.0777,0.9597,4.1664,4.9747,15.1073,11.2502,773.5,775.9532,775.9532,-0.7356,-1.0494,-1.0494
QQQ,741.2100219726562,741.21,2026-09-23,False,738.1909790039062,747.1199951171875,-0.84,23.67,BAJO,,30.21,,2.07,,,,,,,,,,YAHOO,-0.8279,-1.0979,-0.6479,0.055926,4.6239,-2.2862,95.45,,999,,,none,,,,,,,,,,5.2876,3.584,8.4405,4.4134,24.2832,20.2306,747.46,747.46,747.46,-0.8362,-0.8362,-0.8362
DIA,514.2999877929688,514.3,2026-09-23,False,513.9550170898438,517.6599731445312,-1.05,11.93,BAJO,,20.88,,,,,,,,,,,,YAHOO,-0.8279,-1.0979,-0.6479,0.055926,4.6239,-2.2862,95.45,,999,,,none,,,,,,,,,,-1.1021,-2.3757,-0.0673,-0.1085,13.3202,11.8489,535.6953,541.1131,541.1131,-3.9939,-4.9552,-4.9552
IWM,281.9200134277344,281.92,2026-09-23,False,281.8399963378906,286.1700134277344,-1.84,15.97,BAJO,,16.6,,1.29,,,,,,,,,,YAHOO,-0.8279,-1.0979,-0.6479,0.055926,4.6239,-2.2862,95.45,,999,,,none,,,,,,,,,,-0.7044,-2.7469,-2.924,-4.7301,17.9528,13.5025,299.029,304.2953,304.2953,-5.7215,-7.3531,-7.3531
GLD,392.8800048828125,392.88,2026-09-23,False,391.8700866699219,395.5,-1.8,12.58,BAJO,,,,2.31,,,,,,,,,,YAHOO,-0.8279,-1.0979,-0.6479,0.055926,4.6239,-2.2862,95.45,,999,,,none,,,,,,,,,,0.291,-2.5958,5.6413,7.3677,18.1614,24.1246,422.6,428.07,495.9,-7.0327,-8.2206,-20.7743
SLV,58.15999984741211,58.16,2026-09-23,False,58.02000045776367,59.029998779296875,-4.23,44.73,BAJO,,,,,,,,,,,,,,YAHOO,-0.8279,-1.0979,-0.6479,0.055926,4.6239,-2.2862,95.45,,999,,,none,,,,,,,,,,1.9457,-4.2161,10.5914,12.3214,44.727,38.5624,62.77,62.77,105.6,-7.3443,-7.3443,-44.9242
XLY,110.6500015258789,110.65,2026-09-23,False,110.36000061035156,112.08000183105469,-1.41,-7.04,BAJO,,24.18,,,,,,,,,,,,YAHOO,-0.8279,-1.0979,-0.6479,0.055926,4.6239,-2.2862,95.45,,999,,,none,,,,,,,,,,0.0124,-2.7163,1.9618,-2.5196,20.2443,19.6284,117.6908,119.5966,123.7507,-5.9824,-7.4806,-10.5863
XLV,168.8000030517578,168.8,2026-09-23,False,168.19000244140625,171.02000427246094,-0.12,24.51,BAJO,,30.16,,,,,,,,,,,,YAHOO,-0.8279,-1.0979,-0.6479,0.055926,4.6239,-2.2862,95.45,,999,,,none,,,,,,,,,,1.0653,1.3858,4.9591,11.3458,8.0841,18.2593,174.6217,175.0102,175.0102,-3.3339,-3.5485,-3.5485
XLRE,41.84000015258789,41.84,2026-09-23,False,41.81010055541992,42.42499923706055,-1.76,2.32,BAJO,,29.82,,,,,,,,,,,,YAHOO,-0.8279,-1.0979,-0.6479,0.055926,4.6239,-2.2862,95.45,,999,,,none,,,,,,,,,,-2.0381,-3.8903,-6.1353,-5.4835,19.5785,13.9119,44.9814,45.6259,45.6259,-6.9837,-8.2978,-8.2978
XLK,195.33999633789062,195.34,2026-09-23,False,193.8249969482422,196.67999267578125,0.25,39.32,BAJO,,34.58,,,,,,,,,,,,YAHOO,-0.8279,-1.0979,-0.6479,0.055926,4.6239,-2.2862,95.45,,999,,,none,,,,,,,,,,6.4373,4.0975,9.5926,6.1773,19.4358,28.5376,195.34,195.34,197.7432,0.0,0.0,-1.2153
XLI,170.10000610351562,170.1,2026-09-23,False,169.5800018310547,171.1300048828125,0.07,11.6,BAJO,,27.62,,1.73,,,,,,,,,,YAHOO,-0.8279,-1.0979,-0.6479,0.055926,4.6239,-2.2862,95.45,,999,,,none,,,,,,,,,,1.0111,-2.2147,-6.2564,-4.262,2.8178,14.9358,179.8566,186.0101,186.0101,-5.4247,-8.5533,-8.5533
XLF,54.540000915527344,54.54,2026-09-23,False,54.46500015258789,55.080501556396484,-0.47,2.23,BAJO,,15.47,,1.6,,,,,,,,,,YAHOO,-0.8279,-1.0979,-0.6479,0.055926,4.6239,-2.2862,95.45,,999,,,none,,,,,,,,,,-2.1401,-4.0781,-2.8005,1.8858,16.4641,13.7673,58.3535,58.3535,58.3535,-6.5351,-6.5351,-6.5351
XLE,62.369998931884766,62.37,2026-09-23,False,62.04999923706055,62.970001220703125,0.96,43.04,BAJO,,17.3,,1.2,,,,,,,,,,YAHOO,-0.8279,-1.0979,-0.6479,0.055926,4.6239,-2.2862,95.45,,999,,,none,,,,,,,,,,-2.0135,-3.934,5.2344,17.1191,21.7581,21.8866,65.5404,65.5404,65.5404,-4.8374,-4.8374,-4.8374
XLC,112.55999755859375,112.56,2026-09-23,False,112.2750015258789,113.54000091552734,-1.91,-4.58,BAJO,,15.53,,,,,,,,,,,,YAHOO,-0.8279,-1.0979,-0.6479,0.055926,4.6239,-2.2862,95.45,,999,,,none,,,,,,,,,,-0.9638,1.2652,7.1655,5.2773,42.0377,21.5523,114.75,114.75,118.9953,-1.9085,-1.9085,-5.408
XLB,50.279998779296875,50.28,2026-09-23,False,50.04499816894531,50.540000915527344,1.15,12.83,BAJO,,23.46,,0.64,,,,,,,,,,YAHOO,-0.8279,-1.0979,-0.6479,0.055926,4.6239,-2.2862,95.45,,999,,,none,,,,,,,,,,-0.4309,-2.7505,0.4402,-0.705,17.8632,17.1534,53.4241,53.4241,53.4241,-5.8852,-5.8852,-5.8852
XLP,82.43000030517578,82.43,2026-09-23,False,82.25,82.9749984741211,0.62,7.28,BAJO,,24.38,,1.21,,,,,,,,,,YAHOO,-0.8279,-1.0979,-0.6479,0.055926,4.6239,-2.2862,95.45,,999,,,none,,,,,,,,,,-0.9051,-1.2472,-0.2859,-0.8933,10.1743,16.2519,85.9547,86.8786,88.3086,-4.1006,-5.1205,-6.6569
XLU,39.75,39.75,2026-09-23,False,39.709999084472656,40.40999984741211,-2.24,-5.34,BAJO,,17.9,,0.62,,,,,,,,,,YAHOO,-0.8279,-1.0979,-0.6479,0.055926,4.6239,-2.2862,95.45,,999,,,none,,,,,,,,,,-3.0923,-7.8429,-13.3096,-11.1554,21.5476,15.06,43.1924,45.9521,46.7541,-7.9699,-13.4969,-14.9807
PSQ,24.729999542236328,24.73,2026-09-23,False,24.549999237060547,24.834999084472656,-0.2,-19.2,BAJO,,,,,,,,,,,,,,YAHOO,-0.8279,-1.0979,-0.6479,0.055926,4.6239,-2.2862,95.45,,999,,,none,,,,,,,,,,-6.041,-4.4067,-8.3735,-4.7014,19.1518,20.2431,26.32,27.91,33.0172,-6.041,-11.3938,-25.0996
EWZ,37.369998931884766,37.37,2026-09-23,False,37.345001220703125,38.38999938964844,-1.84,23.86,BAJO,,10.87,,1.02,,,,,,,,,,YAHOO,-0.8279,-1.0979,-0.6479,0.055926,4.6239,-2.2862,95.45,,999,,,none,,,,,,,,,,-1.0852,-3.2116,3.3177,9.429,23.0656,22.4192,38.61,38.61,41.3365,-3.2116,-3.2116,-9.5956
FXI,34.36000061035156,34.36,2026-09-23,False,34.279998779296875,34.55500030517578,-1.58,-13.55,BAJO,,9.1,,,,,,,,,,,,YAHOO,-0.8279,-1.0979,-0.6479,0.055926,4.6239,-2.2862,95.45,,999,,,none,,,,,,,,,,-0.1163,-1.8286,-0.2902,4.6604,22.0348,17.7076,35.88,36.52,40.9939,-4.2363,-5.9146,-16.1826
COPX,87.02999877929688,87.03,2026-09-23,False,86.16999816894531,87.7699966430664,-0.53,64.32,BAJO,,16.0,,,,,,,,,,,,YAHOO,-0.8279,-1.0979,-0.6479,0.055926,4.6239,-2.2862,95.45,,999,,,none,,,,,,,,,,2.8845,-7.7877,11.0501,9.8713,23.1282,42.441,96.45,96.45,96.45,-9.7667,-9.7667,-9.7667
URA,41.9900016784668,41.99,2026-09-23,False,41.96500015258789,42.99599838256836,-2.3,-13.46,BAJO,,26.44,,,,,,,,,,,,YAHOO,-0.8279,-1.0979,-0.6479,0.055926,4.6239,-2.2862,95.45,,999,,,none,,,,,,,,,,0.5267,-11.6,2.0909,-7.8763,50.7643,44.7672,48.37,48.37,61.81,-13.19,-13.19,-32.066
ARKK,89.7699966430664,89.77,2026-09-23,False,89.66999816894531,92.02999877929688,-1.05,6.59,BAJO,,57.94,,,,,,,,,,,,YAHOO,-0.8279,-1.0979,-0.6479,0.055926,4.6239,-2.2862,95.45,,999,,,none,,,,,,,,,,7.5219,4.2867,21.5901,17.0709,37.1424,37.4685,90.72,90.72,92.53,-1.0472,-1.0472,-2.9828
ITA,213.9199981689453,213.92,2026-09-23,False,213.35000610351562,216.92990112304688,-1.03,3.21,BAJO,,32.47,,,,,,,,,,,,YAHOO,-0.8279,-1.0979,-0.6479,0.055926,4.6239,-2.2862,95.45,,999,,,none,,,,,,,,,,-0.0374,-4.1883,-10.1003,-9.2239,14.5903,21.4907,236.1063,252.9268,252.9268,-9.3967,-15.4222,-15.4222
SMH,601.4099731445312,601.41,2026-09-23,False,593.7899780273438,606.2849731445312,-1.0,86.71,BAJO,,41.08,,,,,,,,,,,,YAHOO,-0.8279,-1.0979,-0.6479,0.055926,4.6239,-2.2862,95.45,,999,,,none,,,,,,,,,,10.2372,4.7224,7.1669,-2.8291,32.9483,42.6629,607.46,655.89,668.91,-0.996,-8.3063,-10.091
EEM,67.70999908447266,67.71,2026-09-23,False,67.53399658203125,68.52999877929688,-1.63,28.71,BAJO,,14.4,,,,,,,,,,,,YAHOO,-0.8279,-1.0979,-0.6479,0.055926,4.6239,-2.2862,95.45,,999,,,none,,,,,,,,,,2.9653,-1.6272,4.8142,0.8039,30.1851,25.6796,68.83,68.83,71.21,-1.6272,-1.6272,-4.915
AAPL,337.0199890136719,337.02,2026-09-23,False,335.6099853515625,341.79998779296875,-0.8,32.13,BAJO,4918530277376.0,38.6,35.26,45.79,148.75,27.08,32.62,27.62,2.19,29.41,0.78,1.0,8.0,YAHOO,-0.8279,-1.0979,-0.6479,0.055926,4.6239,-2.2862,95.45,2026-10-29,36,,,yahoo,1.0,1.0,1.0,0.0,1.0,1.0,1.0,1.0,1.0,1.3868,6.8751,1.2884,15.0917,11.1604,28.519,339.75,339.7869,339.7869,-0.8035,-0.8143,-0.8143
MSFT,500.5899963378906,500.59,2026-09-23,False,495.8999938964844,509.44000244140625,0.52,-1.71,BAJO,3717153947648.0,28.08,21.14,8.4,34.04,14.09,45.11,40.3,0.45,19.31,0.29,1.23,6.0,YAHOO,-0.8279,-1.0979,-0.6479,0.055926,4.6239,-2.2862,95.45,2026-10-28,35,,,yahoo,1.0,1.0,1.0,1.0,1.0,0.0,1.0,0.0,0.0,2.0987,1.8184,31.3944,37.2332,17.9892,40.4324,513.53,513.53,537.6464,-2.5198,-2.5198,-6.8923
NVDA,225.50999450683594,225.51,2026-09-23,False,224.02000427246094,228.9499969482422,-1.47,25.87,BAJO,5445389910016.0,28.51,14.38,23.78,117.21,53.57,66.24,63.66,0.77,27.29,0.17,4.59,4.0,YAHOO,-0.8279,-1.0979,-0.6479,0.055926,4.6239,-2.2862,95.45,2026-11-17,55,2026-08-26,28.0,yahoo,1.0,0.0,1.0,0.0,1.0,0.0,1.0,0.0,0.0,5.4278,0.9355,9.1483,13.4484,25.372,39.7594,230.1025,230.1025,235.2024,-1.9959,-1.9959,-4.1209
META,744.0999755859375,744.1,2026-09-23,False,739.510009765625,763.9000244140625,1.02,-1.98,BAJO,1895599308800.0,28.06,21.36,7.26,29.85,14.59,34.83,29.83,1.14,17.49,0.43,2.23,5.0,YAHOO,-0.8279,-1.0979,-0.6479,0.055926,4.6239,-2.2862,95.45,2026-10-28,35,,,yahoo,1.0,0.0,1.0,1.0,0.0,0.0,1.0,1.0,0.0,10.6009,13.9205,25.1176,33.5355,98.6592,51.0123,744.1,744.1,758.0884,0.0,0.0,-1.8452
GOOGL,337.8299865722656,337.83,2026-09-23,False,337.45001220703125,350.0,-3.8,33.77,BAJO,4131638738944.0,16.93,22.7,6.64,48.68,12.96,34.03,54.77,0.55,23.26,0.19,2.72,6.0,YAHOO,-0.8279,-1.0979,-0.6479,0.055926,4.6239,-2.2862,95.45,2026-10-28,35,,,yahoo,1.0,0.0,1.0,1.0,0.0,1.0,1.0,1.0,0.0,-1.4699,2.1715,5.7256,-2.0976,37.3245,35.0028,354.97,377.4074,402.1212,-4.8286,-10.4867,-15.988
AMZN,249.27000427246094,249.27,2026-09-23,False,247.75999450683594,253.80999755859375,-2.24,12.12,BAJO,2688704315392.0,20.07,23.99,4.87,30.56,6.59,13.69,17.44,0.12,16.68,0.46,1.03,6.0,YAHOO,-0.8279,-1.0979,-0.6479,0.055926,4.6239,-2.2862,95.45,2026-10-29,36,,,yahoo,1.0,1.0,1.0,1.0,1.0,0.0,0.0,1.0,0.0,1.3457,-1.2401,7.393,6.4029,30.6563,42.3933,266.43,284.02,284.02,-6.4407,-12.235,-12.235
TSLA,380.1199951171875,380.12,2026-09-23,False,377.57501220703125,386.70001220703125,0.32,-11.56,BAJO,1501301964800.0,345.56,173.0,17.28,4.67,1.93,1.41,3.67,0.32,137.14,0.18,1.94,5.0,YAHOO,-0.8279,-1.0979,-0.6479,0.055926,4.6239,-2.2862,95.45,2026-10-21,28,,,yahoo,1.0,0.0,1.0,1.0,0.0,1.0,0.0,1.0,0.0,6.1551,3.3468,21.4324,1.2223,24.0645,53.857,380.12,425.3,489.88,0.0,-10.6231,-22.4055
MSTR,162.1999969482422,162.2,2026-09-23,False,161.83700561523438,169.5,-3.07,-51.33,BAJO,64439083008.0,,3.28,1.95,-63.56,-38.73,-6808.11,0.0,-35.05,-2.29,0.15,5.39,3.0,YAHOO,-0.8279,-1.0979,-0.6479,0.055926,4.6239,-2.2862,95.45,2026-10-29,36,,,yahoo,0.0,0.0,0.0,1.0,1.0,1.0,0.0,0.0,0.0,28.5465,22.2306,76.939,72.3149,143.7551,87.1324,168.5,168.5,359.69,-3.7389,-3.7389,-54.9056
PLTR,191.7899932861328,191.79,2026-09-23,False,182.9499969482422,193.7899932861328,3.68,4.24,BAJO,460882575360.0,163.92,82.56,47.15,38.1,17.29,47.12,49.01,0.47,163.54,0.02,7.23,8.0,YAHOO,-0.8279,-1.0979,-0.6479,0.055926,4.6239,-2.2862,95.45,2026-11-02,40,,,yahoo,1.0,1.0,1.0,1.0,1.0,1.0,0.0,1.0,1.0,10.0092,13.1304,56.0283,68.978,22.905,79.1363,191.79,191.79,207.18,0.0,0.0,-7.4283
SNOW,334.80999755859375,334.81,2026-09-23,False,333.1700134277344,348.6099853515625,-1.35,48.96,BAJO,118120964096.0,,111.08,54.9,-48.06,-9.02,-17.0,-20.07,1.47,-114.87,1.29,0.94,5.0,YAHOO,-0.8279,-1.0979,-0.6479,0.055926,4.6239,-2.2862,95.45,2026-12-02,70,2026-09-02,21.0,yahoo,0.0,0.0,1.0,1.0,1.0,0.0,0.0,1.0,1.0,3.6628,-0.2057,26.2814,45.3105,34.168,49.3962,356.47,356.47,356.47,-6.0762,-6.0762,-6.0762
CRWD,262.489990234375,262.49,2026-09-23,False,248.50999450683594,263.19000244140625,5.27,116.07,BAJO,268772655104.0,8749.67,163.45,52.68,1.46,-0.78,-2.26,0.83,0.74,2357.17,0.16,1.57,4.0,YAHOO,-0.8279,-1.0979,-0.6479,0.055926,4.6239,-2.2862,95.45,2026-12-01,69,2026-08-26,28.0,yahoo,0.0,0.0,1.0,1.0,1.0,1.0,0.0,0.0,0.0,8.2478,24.9833,43.1087,54.1973,62.8258,74.9219,262.49,262.49,262.49,0.0,0.0,0.0
PANW,393.29998779296875,393.3,2026-09-23,False,374.2200012207031,393.5199890136719,5.79,92.69,BAJO,321719402496.0,959.27,80.61,11.66,1.74,1.4,5.4,2.67,1.32,196.09,0.09,0.87,3.0,YAHOO,-0.8279,-1.0979,-0.6479,0.055926,4.6239,-2.2862,95.45,2026-11-19,57,2026-09-01,22.0,yahoo,1.0,0.0,1.0,1.0,0.0,0.0,0.0,0.0,0.0,4.8548,16.7132,20.7812,35.1918,59.5409,62.2689,393.3,396.0,396.0,0.0,-0.6818,-0.6818
ADBE,240.69000244140625,240.69,2026-09-23,False,237.50999450683594,241.74000549316406,1.02,-34.29,BAJO,95674277888.0,13.43,8.7,8.08,61.9,19.73,34.82,28.05,9.54,9.86,0.57,0.77,7.0,YAHOO,-0.8279,-1.0979,-0.6479,0.055926,4.6239,-2.2862,95.45,2026-12-09,77,2026-09-10,13.0,yahoo,1.0,1.0,1.0,1.0,0.0,0.0,1.0,1.0,1.0,-3.9162,-5.5599,6.9211,22.4449,38.996,49.251,292.79,292.79,361.78,-17.7943,-17.7943,-33.4706
CRM,237.5800018310547,237.58,2026-09-23,False,234.24000549316406,241.1199951171875,0.49,-2.85,BAJO,195528343552.0,22.04,14.84,5.09,19.38,5.7,21.38,21.99,9.07,17.29,1.1,0.84,7.0,YAHOO,-0.8279,-1.0979,-0.6479,0.055926,4.6239,-2.2862,95.45,2026-12-02,70,2026-08-26,28.0,yahoo,1.0,1.0,1.0,1.0,0.0,0.0,1.0,1.0,1.0,-6.9048,-4.4645,51.6587,55.1284,23.7935,62.2638,263.9656,263.9656,264.417,-9.9958,-9.9958,-10.1495
MU,1071.8800048828125,1071.88,2026-09-23,False,1064.25,1105.4998779296875,-2.22,544.34,BAJO,1210573914112.0,24.21,6.74,12.01,66.64,34.87,80.37,55.91,0.63,17.86,0.06,3.42,7.0,YAHOO,-0.8279,-1.0979,-0.6479,0.055926,4.6239,-2.2862,95.45,2026-09-30,7,,,yahoo,1.0,1.0,1.0,1.0,1.0,0.0,0.0,1.0,1.0,15.6851,4.2918,16.3885,2.2446,50.6152,81.6022,1096.16,1154.1125,1213.3734,-2.215,-7.1252,-11.6612
INTC,122.5999984741211,122.6,2026-09-23,False,119.44000244140625,124.25,-1.02,317.04,BAJO,648076460032.0,,59.45,7.06,-10.71,1.41,12.19,-19.79,0.75,39.26,0.49,1.6,6.0,YAHOO,-0.8279,-1.0979,-0.6479,0.055926,4.6239,-2.2862,95.45,2026-10-22,29,,,yahoo,0.0,1.0,1.0,1.0,1.0,1.0,0.0,1.0,0.0,21.3261,15.3991,32.799,-6.8743,96.6968,76.5841,123.86,139.63,140.94,-1.0173,-12.1965,-13.0126
AMAT,474.3800048828125,474.38,2026-09-23,False,461.0,474.8999938964844,0.41,136.65,BAJO,376466767872.0,40.97,25.7,14.69,41.07,15.48,33.74,30.05,0.82,36.74,0.29,2.42,6.0,YAHOO,-0.8279,-1.0979,-0.6479,0.055926,4.6239,-2.2862,95.45,2026-11-12,50,,,yahoo,1.0,0.0,1.0,1.0,0.0,1.0,1.0,1.0,0.0,14.2039,1.1795,-11.4429,-19.3699,43.2556,69.1636,482.36,722.2277,722.2277,-1.6544,-34.3171,-34.3171
TXN,272.6199951171875,272.62,2026-09-23,False,266.6000061035156,272.8999938964844,0.65,52.82,BAJO,248969576448.0,41.49,25.61,13.82,35.18,13.06,42.58,31.11,1.42,26.78,0.78,4.86,7.0,YAHOO,-0.8279,-1.0979,-0.6479,0.055926,4.6239,-2.2862,95.45,2026-10-27,34,,,yahoo,1.0,1.0,1.0,1.0,0.0,1.0,1.0,0.0,1.0,3.4886,5.2912,-3.8507,-9.9698,28.2968,35.0182,272.62,309.8734,330.5874,0.0,-12.0221,-17.5347
TSM,446.57000732421875,446.57,2026-09-23,False,442.8800048828125,450.87249755859375,-1.2,58.81,BAJO,2316123766784.0,33.28,20.37,91.39,39.97,19.0,60.34,49.92,31.55,5.16,0.17,2.46,9.0,YAHOO,-0.8279,-1.0979,-0.6479,0.055926,4.6239,-2.2862,95.45,2026-10-15,22,,,yahoo,1.0,1.0,1.0,1.0,1.0,1.0,1.0,1.0,1.0,6.9065,2.8501,10.9958,1.5739,24.44,38.5505,452.0,476.2923,476.2923,-1.2013,-6.2403,-6.2403
AMD,614.6099853515625,614.61,2026-09-23,False,608.0900268554688,624.6898803710938,-1.47,281.16,BAJO,1003335450624.0,156.39,39.47,14.92,10.2,5.13,17.25,15.58,0.88,105.57,0.06,2.61,7.0,YAHOO,-0.8279,-1.0979,-0.6479,0.055926,4.6239,-2.2862,95.45,2026-11-03,41,,,yahoo,1.0,1.0,1.0,1.0,0.0,1.0,0.0,1.0,1.0,19.9239,17.9447,17.7527,18.2534,77.2483,70.4119,623.77,623.77,623.77,-1.4685,-1.4685,-1.4685
ASML,1744.6099853515625,1744.61,2026-09-23,False,1704.300048828125,1746.4300537109375,1.95,81.44,BAJO,670104682496.0,59.77,29.42,1487.88,53.94,16.45,37.06,30.11,1.26,2759.59,0.09,1.33,8.0,YAHOO,-0.8279,-1.0979,-0.6479,0.055926,4.6239,-2.2862,95.45,2026-10-14,21,,,yahoo,1.0,1.0,1.0,1.0,1.0,0.0,1.0,1.0,1.0,9.6219,-1.1468,-3.1133,-1.7765,9.9679,46.4883,1764.85,1986.8704,1986.8704,-1.1468,-12.1931,-12.1931
MRVL,260.8999938964844,260.9,2026-09-23,False,256.2200012207031,264.95001220703125,-0.56,249.56,BAJO,234472030208.0,86.39,38.61,12.54,16.52,4.12,16.68,27.93,1.03,81.19,0.29,3.17,8.0,YAHOO,-0.8279,-1.0979,-0.6479,0.055926,4.6239,-2.2862,95.45,2026-12-01,69,2026-08-27,27.0,yahoo,1.0,1.0,1.0,0.0,1.0,1.0,1.0,1.0,1.0,13.578,11.0166,34.3253,-5.6869,39.1293,85.9354,262.36,297.8165,316.352,-0.5565,-12.3957,-17.5286
QCOM,197.24000549316406,197.24,2026-09-23,False,193.22999572753906,199.61300659179688,-0.52,17.95,BAJO,210664259584.0,22.57,19.33,7.54,33.75,11.61,18.53,21.01,4.86,17.84,0.55,2.02,6.0,YAHOO,-0.8279,-1.0979,-0.6479,0.055926,4.6239,-2.2862,95.45,2026-11-04,42,,,yahoo,1.0,0.0,1.0,1.0,0.0,1.0,1.0,0.0,1.0,6.7085,11.8141,18.7719,0.4577,99.7688,45.9668,198.27,198.27,248.7425,-0.5195,-0.5195,-20.7051
COIN,198.1300048828125,198.13,2026-09-23,False,195.63999938964844,204.5,-1.46,-38.92,BAJO,52274012160.0,,69.88,4.0,-7.85,1.12,-13.92,-16.34,5.1,71.69,0.51,2.42,4.0,YAHOO,-0.8279,-1.0979,-0.6479,0.055926,4.6239,-2.2862,95.45,2026-10-29,36,,,yahoo,1.0,0.0,1.0,1.0,0.0,1.0,0.0,0.0,0.0,20.4365,13.3986,25.169,31.9899,93.1612,79.5131,201.07,201.07,387.27,-1.4622,-1.4622,-48.8393
SHOP,142.33999633789062,142.34,2026-09-23,False,135.67999267578125,151.25999450683594,-3.66,-5.89,BAJO,184708153344.0,90.09,58.09,14.47,15.54,10.19,17.55,14.53,0.86,77.38,0.01,5.35,5.0,YAHOO,-0.8279,-1.0979,-0.6479,0.055926,4.6239,-2.2862,95.45,2026-11-03,41,,,yahoo,1.0,0.0,1.0,1.0,0.0,1.0,0.0,0.0,1.0,9.526,12.2644,25.1341,24.6737,86.5037,65.7596,154.33,158.53,179.01,-7.7691,-10.2126,-20.4849
RBLX,48.9900016784668,48.99,2026-09-23,False,48.79999923706055,50.400001525878906,-1.76,-63.77,BAJO,34997276672.0,,-39.33,230.0,-432.28,-7.73,-13.27,-17.61,4.22,-40.81,14.23,0.82,6.0,YAHOO,-0.8279,-1.0979,-0.6479,0.055926,4.6239,-2.2862,95.45,2026-10-29,36,,,yahoo,0.0,1.0,1.0,1.0,1.0,0.0,0.0,1.0,1.0,3.2891,10.0404,3.0284,2.1902,70.6339,78.9585,51.29,57.95,141.56,-4.4843,-15.4616,-65.3928
UBER,69.41999816894531,69.42,2026-09-23,False,68.55000305175781,70.02999877929688,-0.67,-29.84,BAJO,141794525184.0,15.22,15.74,5.18,37.16,6.88,13.32,17.34,5.11,20.37,0.52,0.84,6.0,YAHOO,-0.8279,-1.0979,-0.6479,0.055926,4.6239,-2.2862,95.45,2026-11-03,41,,,yahoo,1.0,0.0,1.0,1.0,0.0,1.0,1.0,1.0,0.0,-2.184,-2.3354,5.2775,-5.9986,11.956,36.4014,78.82,80.35,100.1,-11.9259,-13.603,-30.6494
HPQ,32.15999984741211,32.16,2026-09-23,False,31.604999542236328,32.720001220703125,-2.4,17.65,BAJO,29001596928.0,12.27,10.25,-315.29,,5.63,5.4,4.14,11.69,7.56,,0.79,5.0,YAHOO,-0.8279,-1.0979,-0.6479,0.055926,4.6239,-2.2862,95.45,2026-11-24,62,2026-08-26,28.0,yahoo,1.0,0.0,1.0,1.0,0.0,1.0,1.0,0.0,0.0,-4.9083,4.1788,32.4869,37.1886,70.7182,52.1937,35.48,35.48,35.48,-9.3574,-9.3574,-9.3574
BIDU,89.77999877929688,89.78,2026-09-23,False,89.05000305175781,90.2699966430664,-2.64,-29.32,BAJO,30602366976.0,,11.58,0.75,-1.39,1.2,9.65,-2.9,-6.85,0.07,0.38,2.33,2.0,YAHOO,-0.8279,-1.0979,-0.6479,0.055926,4.6239,-2.2862,95.45,2026-11-18,56,,,yahoo,1.0,0.0,0.0,0.0,0.0,0.0,1.0,0.0,0.0,-0.6749,-2.993,-16.3982,-18.4856,36.2518,43.594,99.47,117.94,162.52,-9.7416,-23.8766,-44.7576
SPOT,510.3999938964844,510.4,2026-09-23,False,488.9700012207031,513.2999877929688,-1.23,-29.82,BAJO,104930181120.0,27.97,28.9,10.71,44.48,12.19,13.71,18.43,1.47,36.68,0.06,2.11,5.0,YAHOO,-0.8279,-1.0979,-0.6479,0.055926,4.6239,-2.2862,95.45,2026-11-03,41,,,yahoo,1.0,1.0,1.0,1.0,0.0,0.0,0.0,1.0,0.0,-8.5731,-3.4504,8.8296,12.0527,37.5665,39.2468,560.11,560.11,738.53,-8.875,-8.875,-30.8897
AVGO,354.989990234375,354.99,2026-09-23,False,354.010009765625,362.8999938964844,-2.62,4.7,BAJO,1694590828544.0,45.34,18.31,17.0,44.25,15.37,54.31,42.94,1.81,33.98,0.6,2.5,8.0,YAHOO,-0.8279,-1.0979,-0.6479,0.055926,4.6239,-2.2862,95.45,2026-12-09,77,2026-09-02,21.0,yahoo,1.0,1.0,1.0,1.0,1.0,1.0,0.0,1.0,1.0,4.7499,-2.3996,-6.882,-6.9185,37.7626,40.3942,370.8647,426.9825,479.9351,-4.2805,-16.8608,-26.0338
ACN,183.52000427246094,183.52,2026-09-23,False,182.59669494628906,188.27499389648438,-1.39,-21.28,BAJO,112303611904.0,14.67,12.51,3.52,24.41,10.9,16.96,10.66,10.76,8.66,0.25,1.34,5.0,YAHOO,-0.8279,-1.0979,-0.6479,0.055926,4.6239,-2.2862,95.45,2026-10-01,8,,,yahoo,1.0,0.0,1.0,1.0,0.0,1.0,1.0,0.0,0.0,-5.1086,2.508,32.2762,46.23,49.4061,47.2148,195.0,195.0,282.7143,-5.8872,-5.8872,-35.0864
NFLX,71.36000061035156,71.36,2026-09-23,False,71.06999969482422,72.36949920654297,-1.11,-42.25,BAJO,297138716672.0,22.44,18.71,9.85,49.54,16.08,33.38,28.22,8.54,20.91,0.55,1.14,7.0,YAHOO,-0.8279,-1.0979,-0.6479,0.055926,4.6239,-2.2862,95.45,2026-10-20,27,,,yahoo,1.0,1.0,1.0,0.0,1.0,0.0,1.0,1.0,1.0,-6.6091,-6.1423,1.812,-0.6681,44.6106,37.4211,82.73,82.73,124.135,-13.7435,-13.7435,-42.5142
NIO,3.6700000762939453,3.67,2026-09-23,False,3.6600000858306885,3.719899892807007,-1.34,-47.86,BAJO,9195798528.0,,28.87,15.12,-45.32,-2.02,-1.08,-4.17,,1.58,2.03,1.02,6.0,YAHOO,-0.8279,-1.0979,-0.6479,0.055926,4.6239,-2.2862,95.45,2026-11-24,62,2026-09-01,22.0,yahoo,0.0,1.0,1.0,1.0,1.0,0.0,0.0,1.0,1.0,2.514,-0.8108,-18.2628,-25.102,19.3789,34.7456,4.37,5.06,7.89,-16.0183,-27.4704,-53.4854
BABA,110.80000305175781,110.8,2026-09-23,False,110.59100341796875,112.27999877929688,-4.74,-32.25,BAJO,275407110144.0,25.01,12.02,1.65,6.36,1.56,7.29,7.04,-30.01,2.05,0.24,1.36,3.0,YAHOO,-0.8279,-1.0979,-0.6479,0.055926,4.6239,-2.2862,95.45,2026-11-24,62,,,yahoo,1.0,0.0,1.0,0.0,0.0,0.0,1.0,0.0,0.0,3.2908,1.2797,-1.1949,11.022,61.499,44.9255,119.83,132.32,187.6169,-7.5357,-16.2636,-40.9435
PDD,79.19999694824219,79.2,2026-09-23,False,78.69999694824219,79.5199966430664,-0.13,-39.19,BAJO,112732995584.0,8.52,6.43,1.67,22.75,10.01,24.71,20.43,66.21,-3.42,0.01,2.62,4.0,YAHOO,-0.8279,-1.0979,-0.6479,0.055926,4.6239,-2.2862,95.45,2026-11-18,56,2026-08-24,30.0,yahoo,1.0,0.0,1.0,1.0,0.0,1.0,0.0,0.0,0.0,1.4344,-0.6897,-4.922,3.4483,18.7051,32.0288,87.75,93.0,138.13,-9.7436,-14.8387,-42.6627
SAP,210.6199951171875,210.62,2026-09-23,False,210.0800018310547,213.9499969482422,0.67,-20.04,BAJO,243098501120.0,27.46,21.73,66.29,18.32,9.54,27.62,20.41,3.74,291.05,0.22,1.15,7.0,YAHOO,-0.8279,-1.0979,-0.6479,0.055926,4.6239,-2.2862,95.45,2026-10-21,28,,,yahoo,1.0,1.0,1.0,1.0,1.0,1.0,0.0,0.0,1.0,-2.3415,-0.4114,43.8858,37.3191,18.4029,41.9969,221.54,221.54,275.6678,-4.9291,-4.9291,-23.5965
SE,103.29000091552734,103.29,2026-09-23,False,101.37999725341797,103.79499816894531,0.62,-45.06,BAJO,63263531008.0,39.88,19.9,5.09,14.73,4.97,8.35,5.91,0.1,22.78,0.32,1.49,8.0,YAHOO,-0.8279,-1.0979,-0.6479,0.055926,4.6239,-2.2862,95.45,2026-11-10,48,,,yahoo,1.0,1.0,1.0,1.0,1.0,1.0,0.0,1.0,1.0,0.6235,-8.8591,3.809,12.5286,22.4518,51.58,123.18,131.51,192.96,-16.1471,-21.4584,-46.4708
IBM,232.75999450683594,232.76,2026-09-23,False,232.52999877929688,237.86000061035156,0.36,-13.1,BAJO,219291205632.0,20.65,17.7,6.37,34.46,5.3,16.55,15.52,5.49,16.79,1.89,0.79,6.0,YAHOO,-0.8279,-1.0979,-0.6479,0.055926,4.6239,-2.2862,95.45,2026-10-21,28,,,yahoo,1.0,1.0,1.0,1.0,1.0,0.0,0.0,1.0,0.0,-6.285,0.2887,13.4429,-11.5159,31.9666,62.3313,249.09,303.9496,326.8851,-6.5559,-23.4215,-28.7946
ZM,91.9000015258789,91.9,2026-09-23,False,90.75,93.33000183105469,1.1,10.47,BAJO,26814922752.0,8.53,14.5,2.7,32.14,6.11,24.61,65.19,7.37,14.71,0.01,3.83,7.0,YAHOO,-0.8279,-1.0979,-0.6479,0.055926,4.6239,-2.2862,95.45,2026-11-24,62,2026-08-25,29.0,yahoo,1.0,1.0,1.0,1.0,1.0,0.0,1.0,1.0,0.0,-1.2571,-4.7076,9.2617,6.3104,41.5522,42.6136,101.33,109.84,111.88,-9.3062,-16.3328,-17.8584
CSCO,106.43000030517578,106.43,2026-09-23,False,105.91000366210938,106.87000274658203,-0.01,60.03,BAJO,419609509888.0,31.96,18.93,8.35,27.32,7.98,27.72,20.95,2.67,23.33,0.62,0.93,7.0,YAHOO,-0.8279,-1.0979,-0.6479,0.055926,4.6239,-2.2862,95.45,2026-11-12,50,,,yahoo,1.0,1.0,1.0,1.0,1.0,0.0,1.0,0.0,1.0,-1.2159,-2.7415,-6.7794,-10.7758,42.0129,35.0139,112.36,123.88,129.5155,-5.2777,-14.0862,-17.8245
DOCU,69.48999786376953,69.49,2026-09-23,False,66.94000244140625,69.62000274658203,1.34,-18.89,BAJO,12987850752.0,42.37,13.34,7.61,17.8,6.35,13.43,9.82,10.11,26.91,0.11,0.64,6.0,YAHOO,-0.8279,-1.0979,-0.6479,0.055926,4.6239,-2.2862,95.45,2026-12-03,71,2026-09-03,20.0,yahoo,1.0,0.0,1.0,1.0,0.0,0.0,1.0,1.0,1.0,-3.2846,6.7763,47.7253,62.8545,24.2153,52.9566,71.85,71.85,84.86,-3.2846,-3.2846,-18.1122
ARM,332.55999755859375,332.56,2026-09-23,False,324.55999755859375,336.9798889160156,-0.19,135.06,BAJO,355173597184.0,342.85,108.87,41.15,13.35,5.42,7.6,20.25,0.38,331.35,0.06,5.25,6.0,YAHOO,-0.8279,-1.0979,-0.6479,0.055926,4.6239,-2.2862,95.45,2026-11-04,42,,,yahoo,1.0,0.0,1.0,1.0,0.0,1.0,0.0,1.0,1.0,36.3063,25.86,27.9028,-7.3855,121.0933,86.3483,333.2,354.57,439.46,-0.1921,-6.2075,-24.3253
GRMN,287.5799865722656,287.58,2026-09-23,False,283.0899963378906,288.2200012207031,2.59,22.33,BAJO,55460532224.0,29.71,26.13,6.14,21.89,12.17,30.44,24.47,1.88,22.7,0.03,3.03,6.0,YAHOO,-0.8279,-1.0979,-0.6479,0.055926,4.6239,-2.2862,95.45,2026-10-28,35,,,yahoo,1.0,1.0,1.0,0.0,0.0,1.0,0.0,1.0,1.0,3.0863,4.7205,20.2389,22.1156,27.1812,42.6623,288.7518,311.952,311.952,-0.4058,-7.8127,-7.8127
MSI,460.44000244140625,460.44,2026-09-23,False,457.94500732421875,465.0050048828125,-0.2,-1.87,BAJO,76199960576.0,36.26,23.7,28.52,91.57,11.25,27.35,17.44,2.6,22.49,3.58,1.1,6.0,YAHOO,-0.8279,-1.0979,-0.6479,0.055926,4.6239,-2.2862,95.45,2026-11-05,43,,,yahoo,1.0,1.0,1.0,1.0,0.0,0.0,1.0,1.0,0.0,-1.6007,-0.2915,13.4172,18.537,6.2564,26.3488,489.973,489.973,489.973,-6.0275,-6.0275,-6.0275
SNAP,5.289999961853027,5.29,2026-09-23,False,5.25,5.550000190734863,-5.87,-37.99,BAJO,8946436096.0,,6.82,4.62,-15.58,-2.72,-2.64,-4.9,7.98,-75.68,2.19,2.94,6.0,YAHOO,-0.8279,-1.0979,-0.6479,0.055926,4.6239,-2.2862,95.45,2026-11-04,42,,,yahoo,0.0,1.0,1.0,1.0,1.0,0.0,0.0,1.0,1.0,-7.5175,-0.3766,21.6092,16.777,58.2605,61.1613,5.84,5.92,9.09,-9.4178,-10.6419,-41.8042
PINS,18.450000762939453,18.45,2026-09-23,False,17.840099334716797,18.600000381469727,-4.7,-48.51,BAJO,10448476160.0,54.26,7.68,3.61,6.46,3.51,-3.46,5.46,11.45,32.65,0.41,3.81,6.0,YAHOO,-0.8279,-1.0979,-0.6479,0.055926,4.6239,-2.2862,95.45,2026-11-09,47,,,yahoo,1.0,0.0,1.0,1.0,0.0,0.0,1.0,1.0,1.0,-1.6524,-8.3913,-15.7149,-5.53,61.0975,48.405,23.66,25.58,35.31,-22.0203,-27.8733,-47.7485
PATH,13.039999961853027,13.04,2026-09-23,False,12.654999732971191,13.369999885559082,-1.58,3.25,BAJO,6795866624.0,19.46,14.14,3.49,20.03,3.66,8.92,21.03,6.98,30.88,0.04,2.39,8.0,YAHOO,-0.8279,-1.0979,-0.6479,0.055926,4.6239,-2.2862,95.45,2026-12-02,70,2026-09-03,20.0,yahoo,1.0,1.0,1.0,1.0,1.0,0.0,1.0,1.0,1.0,-4.3287,-3.9057,20.2952,26.4791,30.7512,71.1632,18.67,18.67,19.29,-30.1553,-30.1553,-32.4002
VZ,46.52000045776367,46.52,2026-09-23,False,46.165000915527344,47.10499954223633,0.15,13.82,BAJO,193280147456.0,12.11,8.82,1.86,15.84,5.05,23.0,11.64,9.04,7.56,1.84,0.6,4.0,YAHOO,-0.8279,-1.0979,-0.6479,0.055926,4.6239,-2.2862,95.45,2026-10-20,27,,,yahoo,1.0,0.0,1.0,1.0,0.0,1.0,0.0,0.0,0.0,-6.5112,-6.4737,0.3019,3.5749,18.5182,23.6519,51.45,51.45,51.45,-9.5821,-9.5821,-9.5821
T,25.299999237060547,25.3,2026-09-23,False,24.942800521850586,25.59000015258789,0.8,-8.8,BAJO,173365362688.0,8.46,9.85,1.58,18.34,4.16,24.79,16.94,5.85,7.53,1.29,0.97,6.0,YAHOO,-0.8279,-1.0979,-0.6479,0.055926,4.6239,-2.2862,95.45,2026-10-21,28,,,yahoo,1.0,1.0,1.0,1.0,0.0,1.0,1.0,0.0,0.0,-2.1655,0.5964,4.8487,14.6122,14.5989,25.2584,26.72,26.72,28.4181,-5.3144,-5.3144,-10.9722
AMX,22.079999923706055,22.08,2026-09-23,False,21.90999984741211,22.200000762939453,-1.65,4.09,BAJO,66039291904.0,12.76,10.59,3.04,21.58,6.36,21.49,9.37,232.04,2.35,1.58,0.71,9.0,YAHOO,-0.8279,-1.0979,-0.6479,0.055926,4.6239,-2.2862,95.45,2026-10-13,20,,,yahoo,1.0,1.0,1.0,1.0,1.0,1.0,1.0,1.0,1.0,-4.8276,-4.0,-14.9133,-13.5614,21.8145,18.4236,23.75,26.4335,27.4216,-7.0316,-16.4696,-19.4797
TCOM,40.630001068115234,40.63,2026-09-23,False,40.11000061035156,41.08000183105469,-0.05,-47.85,BAJO,25584922624.0,7.81,9.89,1.08,15.65,2.59,-9.33,36.91,,-2.2,0.17,1.33,7.0,YAHOO,-0.8279,-1.0979,-0.6479,0.055926,4.6239,-2.2862,95.45,2026-11-16,54,2026-09-15,8.0,finnhub,1.0,1.0,1.0,0.0,1.0,1.0,1.0,0.0,1.0,3.5159,0.321,-5.5556,-10.7033,7.1275,27.9909,45.98,47.3,78.96,-11.6355,-14.1015,-48.5436
TRIP,8.039999961853027,8.04,2026-09-23,False,8.020000457763672,8.479999542236328,-8.64,-56.96,BAJO,935543808.0,,7.48,1.41,-0.23,1.92,9.44,0.27,-10.85,9.58,1.35,1.56,7.0,YAHOO,-0.8279,-1.0979,-0.6479,0.055926,4.6239,-2.2862,95.45,2026-11-05,43,,,yahoo,1.0,1.0,1.0,1.0,1.0,0.0,1.0,0.0,1.0,-10.7658,-11.5512,-40.4003,-35.109,64.455,66.9941,10.1,14.93,18.7,-20.396,-46.1487,-57.0053
ABNB,149.5800018310547,149.58,2026-09-23,False,149.0,160.1999969482422,-10.35,20.3,BAJO,89566363648.0,34.07,24.18,11.32,34.54,6.14,21.01,20.45,3.58,31.09,0.32,1.41,5.0,YAHOO,-0.8279,-1.0979,-0.6479,0.055926,4.6239,-2.2862,95.45,2026-11-05,43,,,yahoo,1.0,0.0,1.0,1.0,0.0,0.0,1.0,0.0,1.0,-11.1336,-14.3004,8.7301,7.7278,81.5867,52.0961,190.5,190.5,190.5,-21.4803,-21.4803,-21.4803
ORCL,144.55999755859375,144.56,2026-09-23,False,144.22999572753906,148.66200256347656,-3.11,-54.23,BAJO,437111291904.0,22.62,13.15,7.07,41.19,6.36,35.63,26.36,-10.49,17.09,2.52,1.17,5.0,YAHOO,-0.8279,-1.0979,-0.6479,0.055926,4.6239,-2.2862,95.45,2026-12-10,78,2026-09-10,13.0,yahoo,1.0,0.0,1.0,1.0,1.0,1.0,0.0,0.0,0.0,0.9779,-10.5612,25.7153,-7.9141,29.2115,55.4557,162.52,162.52,310.2934,-11.051,-11.051,-53.4118
TMUS,165.66000366210938,165.66,2026-09-23,False,161.13999938964844,166.7050018310547,0.24,-30.18,BAJO,177698783232.0,17.31,11.47,3.16,17.99,5.97,25.22,11.46,6.38,8.59,2.14,0.92,6.0,YAHOO,-0.8279,-1.0979,-0.6479,0.055926,4.6239,-2.2862,95.45,2026-10-28,35,,,yahoo,1.0,0.0,1.0,1.0,0.0,1.0,1.0,0.0,1.0,-8.2063,-8.8227,-2.2321,-9.7274,46.773,41.003,188.02,194.5173,234.5354,-11.8924,-14.8354,-29.3667
ANET,203.47000122070312,203.47,2026-09-23,False,200.75,206.47999572753906,-0.95,40.39,BAJO,256621395968.0,64.39,39.22,17.34,31.48,14.12,45.39,38.37,1.52,52.9,,2.96,4.0,YAHOO,-0.8279,-1.0979,-0.6479,0.055926,4.6239,-2.2862,95.45,2026-11-03,41,,,yahoo,1.0,0.0,1.0,1.0,0.0,0.0,1.0,0.0,0.0,5.5123,4.365,15.2087,25.4439,27.1859,55.7188,205.42,210.5,210.5,-0.9493,-3.3397,-3.3397
LRCX,307.2799987792969,307.28,2026-09-23,False,298.55999755859375,309.7499084472656,-1.18,133.38,BAJO,384505905152.0,51.73,26.17,30.83,65.07,22.84,37.39,31.27,0.8,44.86,0.33,2.63,8.0,YAHOO,-0.8279,-1.0979,-0.6479,0.055926,4.6239,-2.2862,95.45,2026-10-21,28,,,yahoo,1.0,1.0,1.0,0.0,1.0,1.0,1.0,1.0,1.0,14.1329,-2.7102,0.6782,-18.0149,55.3065,76.1154,320.42,433.33,433.33,-4.1009,-29.0887,-29.0887
ADI,385.2300109863281,385.23,2026-09-23,False,379.0,390.05999755859375,0.58,57.24,BAJO,186669154304.0,45.7,23.56,5.56,12.23,6.41,39.5,29.79,2.22,28.31,0.27,1.25,8.0,YAHOO,-0.8279,-1.0979,-0.6479,0.055926,4.6239,-2.2862,95.45,2026-11-24,62,,,yahoo,1.0,1.0,1.0,1.0,0.0,1.0,1.0,1.0,1.0,6.6086,6.0655,1.6317,-5.1211,24.6136,32.8182,385.23,395.9636,444.1269,0.0,-2.7107,-13.2613
SNDK,1816.5699462890625,1816.5699,2026-09-23,False,1803.6700439453125,1902.219970703125,-3.73,1606.48,BAJO,265980362752.0,24.62,6.89,17.2,91.64,43.91,78.47,56.46,2.9,20.71,0.01,2.29,7.0,YAHOO,-0.8279,-1.0979,-0.6479,0.055926,4.6239,-2.2862,95.45,2026-11-06,44,,,yahoo,1.0,1.0,1.0,1.0,0.0,0.0,1.0,1.0,1.0,19.5135,2.9702,26.4528,-5.1132,109.6193,123.6453,1887.04,2273.73,2335.0,-3.7344,-20.1062,-22.2026
NOW,140.77999877929688,140.78,2026-09-23,False,136.14999389648438,141.5399932861328,2.76,-24.94,BAJO,145547100160.0,88.54,28.13,11.63,14.24,4.25,4.06,11.34,3.54,50.2,0.68,0.7,4.0,YAHOO,-0.8279,-1.0979,-0.6479,0.055926,4.6239,-2.2862,95.45,2026-10-28,35,,,yahoo,1.0,0.0,1.0,1.0,1.0,0.0,0.0,0.0,0.0,0.6866,7.3755,42.5187,50.0853,34.856,58.4089,147.99,147.99,189.258,-4.872,-4.872,-25.6148
NBIS,226.61000061035156,226.61,2026-09-23,False,226.38999938964844,236.568603515625,-4.03,109.4,BAJO,61605113856.0,,-64.53,6.01,0.6,-1.92,-0.22,3.13,-15.61,259.2,0.99,4.03,6.0,YAHOO,-0.8279,-1.0979,-0.6479,0.055926,4.6239,-2.2862,95.45,2026-11-10,48,,,yahoo,1.0,1.0,1.0,1.0,0.0,0.0,0.0,1.0,1.0,8.2342,-5.7167,20.6849,-12.7282,56.2904,140.4356,243.88,277.68,286.69,-7.0814,-18.3917,-20.9564
OXY,57.36000061035156,57.36,2026-09-23,False,56.494998931884766,57.939998626708984,0.19,25.21,BAJO,57339199488.0,16.92,14.27,1.71,10.63,4.68,45.44,30.32,6.61,5.59,0.35,1.41,4.0,YAHOO,-0.8279,-1.0979,-0.6479,0.055926,4.6239,-2.2862,95.45,2026-11-09,47,,,yahoo,1.0,0.0,1.0,1.0,1.0,0.0,0.0,0.0,0.0,-9.6977,-4.9906,0.0403,10.3259,20.6186,34.6197,63.52,63.52,65.6343,-9.6977,-9.6977,-12.6066
XOM,161.22999572753906,161.23,2026-09-23,False,159.42059326171875,162.11990356445312,1.85,44.77,BAJO,662963552256.0,20.72,14.88,2.56,12.58,5.52,15.86,9.07,3.12,10.17,0.16,1.14,5.0,YAHOO,-0.8279,-1.0979,-0.6479,0.055926,4.6239,-2.2862,95.45,2026-10-30,37,,,yahoo,1.0,0.0,1.0,1.0,1.0,0.0,1.0,0.0,0.0,-4.7779,0.3548,3.4317,16.134,33.4864,26.506,169.32,169.32,169.32,-4.7779,-4.7779,-4.7779
CVX,205.50999450683594,205.51,2026-09-23,False,203.47999572753906,207.0,0.9,34.87,BAJO,403129073664.0,19.91,15.14,2.12,12.23,5.86,21.87,9.83,5.44,8.51,0.19,1.25,5.0,YAHOO,-0.8279,-1.0979,-0.6479,0.055926,4.6239,-2.2862,95.45,2026-10-30,37,,,yahoo,1.0,0.0,1.0,1.0,0.0,1.0,0.0,1.0,0.0,-5.6298,-2.0448,6.6266,17.7995,25.1214,24.9212,217.77,217.77,217.77,-5.6298,-5.6298,-5.6298
PSX,256.4800109863281,256.48,2026-09-23,False,250.25999450683594,263.5799865722656,-2.01,98.82,BAJO,102831816704.0,14.65,10.3,3.25,23.45,6.04,8.53,4.66,4.42,12.1,0.63,1.32,7.0,YAHOO,-0.8279,-1.0979,-0.6479,0.055926,4.6239,-2.2862,95.45,2026-10-28,35,,,yahoo,1.0,1.0,1.0,1.0,0.0,1.0,1.0,1.0,0.0,-3.1895,-1.0265,24.573,51.3686,52.2439,32.4296,274.21,274.21,274.21,-6.4658,-6.4658,-6.4658
YPF,53.93000030517578,53.93,2026-09-23,False,53.029998779296875,55.599998474121094,1.41,95.65,BAJO,21144608768.0,28.53,9.83,2.02,7.26,8.34,27.51,4.0,5883.86,1.33,0.85,0.93,4.0,YAHOO,-0.8279,-1.0979,-0.6479,0.055926,4.6239,-2.2862,95.45,2026-10-29,36,,,yahoo,0.0,0.0,1.0,1.0,0.0,1.0,1.0,0.0,0.0,-6.3878,1.5822,3.8713,12.2606,32.9886,35.5247,57.61,57.61,57.61,-6.3878,-6.3878,-6.3878
VIST,70.25,70.25,2026-09-23,False,68.36000061035156,71.55999755859375,-0.11,87.32,BAJO,7770872832.0,9.37,7.15,2.35,29.79,10.0,44.24,23.56,1.59,5.16,1.07,0.69,3.0,YAHOO,-0.8279,-1.0979,-0.6479,0.055926,4.6239,-2.2862,95.45,2026-10-28,35,,,yahoo,1.0,0.0,1.0,1.0,0.0,0.0,0.0,0.0,0.0,-10.3497,-7.3952,1.7231,5.3223,16.6903,45.1407,78.95,78.95,79.25,-11.0196,-11.0196,-11.3565
VST,137.97000122070312,137.97,2026-09-23,False,137.64999389648438,140.5,-1.74,-32.87,BAJO,46307590144.0,23.27,13.31,15.42,42.96,5.89,13.77,11.55,0.08,10.49,3.73,0.97,5.0,YAHOO,-0.8279,-1.0979,-0.6479,0.055926,4.6239,-2.2862,95.45,2026-11-05,43,,,yahoo,1.0,0.0,1.0,1.0,1.0,0.0,1.0,0.0,0.0,-1.5628,-8.5401,-15.4144,-15.1495,17.4952,41.3039,151.4719,168.7037,209.6322,-8.9138,-18.2176,-34.1847
BP,44.4900016784668,44.49,2026-09-23,False,43.630001068115234,44.56999969482422,3.23,33.84,BAJO,114579750912.0,21.29,9.11,7.88,8.87,5.04,13.15,2.55,11.24,12.74,0.95,1.27,7.0,YAHOO,-0.8279,-1.0979,-0.6479,0.055926,4.6239,-2.2862,95.45,2026-10-30,37,,,yahoo,1.0,0.0,1.0,1.0,0.0,1.0,1.0,1.0,1.0,-1.9612,-2.6051,2.7768,18.9561,43.9903,32.2732,46.96,46.96,46.96,-5.2598,-5.2598,-5.2598
E,54.83000183105469,54.83,2026-09-23,False,53.97999954223633,54.970001220703125,2.65,61.11,BAJO,78729830400.0,12.43,8.81,1.51,10.9,3.07,10.66,5.87,-11.41,7.89,0.65,1.48,6.0,YAHOO,-0.8279,-1.0979,-0.6479,0.055926,4.6239,-2.2862,95.45,2026-10-23,30,,,yahoo,1.0,1.0,1.0,1.0,0.0,1.0,1.0,0.0,0.0,-2.092,0.9732,6.7026,13.8643,29.5479,32.2513,56.0016,56.6835,56.6835,-2.092,-3.27,-3.27
SHEL,95.41000366210938,95.41,2026-09-23,False,94.0999984741211,95.49500274658203,1.58,37.51,BAJO,272288284672.0,10.48,9.21,1.47,14.34,6.4,16.69,8.76,7.88,5.28,0.4,1.44,5.0,YAHOO,-0.8279,-1.0979,-0.6479,0.055926,4.6239,-2.2862,95.45,2026-10-29,36,,,yahoo,1.0,1.0,1.0,1.0,0.0,0.0,1.0,0.0,0.0,-0.303,-0.1987,8.9004,23.8689,23.4263,23.1213,98.95,98.95,98.95,-3.5776,-3.5776,-3.5776
HAL,33.0099983215332,33.01,2026-09-23,False,32.76499938964844,33.45000076293945,-1.14,37.95,BAJO,27501631488.0,17.28,11.37,2.5,14.92,7.26,12.79,7.16,7.46,8.11,0.74,2.02,4.0,YAHOO,-0.8279,-1.0979,-0.6479,0.055926,4.6239,-2.2862,95.45,2026-10-20,27,,,yahoo,1.0,0.0,1.0,1.0,0.0,0.0,1.0,0.0,0.0,-7.4572,-10.2989,1.3855,-5.5449,4.2541,33.1703,37.63,37.63,42.6002,-12.2774,-12.2774,-22.5121
SLB,51.869998931884766,51.87,2026-09-23,False,51.685001373291016,53.209999084472656,0.21,53.25,BAJO,76982509568.0,25.3,16.04,2.95,12.91,6.17,12.71,8.53,3.84,11.76,0.47,1.44,4.0,YAHOO,-0.8279,-1.0979,-0.6479,0.055926,4.6239,-2.2862,95.45,2026-10-23,30,,,yahoo,1.0,0.0,1.0,1.0,1.0,0.0,0.0,0.0,0.0,-4.2989,-9.1594,10.4175,9.1005,20.5503,40.0025,59.7898,59.7898,59.7898,-13.246,-13.246,-13.246
COP,128.08999633789062,128.09,2026-09-23,False,125.875,129.05999755859375,0.44,40.54,BAJO,153879314432.0,16.97,13.26,2.35,14.18,7.53,31.51,14.4,5.0,6.33,0.36,1.54,7.0,YAHOO,-0.8279,-1.0979,-0.6479,0.055926,4.6239,-2.2862,95.45,2026-11-05,43,,,yahoo,1.0,0.0,1.0,1.0,1.0,1.0,1.0,0.0,1.0,-9.2976,-5.1466,7.2748,17.2541,27.9559,31.3763,141.22,141.22,141.22,-9.2976,-9.2976,-9.2976
GPRK,11.109999656677246,11.11,2026-09-23,False,10.920000076293945,11.289999961853027,3.06,79.29,BAJO,720991808.0,7.82,6.24,1.64,28.57,7.81,27.52,16.0,12.8,3.46,1.81,1.17,3.0,YAHOO,-0.8279,-1.0979,-0.6479,0.055926,4.6239,-2.2862,95.45,2026-11-04,42,,,yahoo,1.0,0.0,1.0,0.0,0.0,1.0,0.0,0.0,0.0,-5.7676,-7.0293,8.551,15.1741,37.4603,44.1238,11.97,11.97,11.97,-7.1846,-7.1846,-7.1846
CEG,263.8800048828125,263.88,2026-09-23,False,258.1099853515625,264.2300109863281,0.68,-22.0,BAJO,93494632448.0,25.82,19.91,2.93,15.06,3.89,8.66,11.08,-7.09,14.82,0.76,1.46,6.0,YAHOO,-0.8279,-1.0979,-0.6479,0.055926,4.6239,-2.2862,95.45,2026-11-09,47,,,yahoo,1.0,0.0,1.0,1.0,1.0,0.0,1.0,0.0,1.0,1.5353,-11.7606,-4.1054,-2.2106,40.1431,38.7747,299.05,299.05,401.7044,-11.7606,-11.7606,-34.3099
FSLR,191.97000122070312,191.97,2026-09-23,False,191.14999389648438,201.48989868164062,-3.94,-11.83,BAJO,20630976512.0,11.84,8.26,2.0,18.51,8.62,42.64,32.46,7.75,8.4,0.02,2.52,7.0,YAHOO,-0.8279,-1.0979,-0.6479,0.055926,4.6239,-2.2862,95.45,2026-10-29,36,,,yahoo,1.0,1.0,1.0,1.0,1.0,1.0,0.0,0.0,1.0,-5.125,-9.9789,-6.7745,-22.9779,67.2639,47.5492,213.25,250.05,318.25,-9.9789,-23.2274,-39.6795
CCJ,90.80000305175781,90.8,2026-09-23,False,90.7699966430664,93.69000244140625,-2.61,3.89,BAJO,39546396672.0,156.55,48.85,7.76,5.11,2.98,9.11,10.21,0.13,51.73,0.17,3.06,8.0,YAHOO,-0.8279,-1.0979,-0.6479,0.055926,4.6239,-2.2862,95.45,2026-10-30,37,,,yahoo,1.0,1.0,1.0,1.0,1.0,1.0,0.0,1.0,1.0,-0.4495,-10.9542,1.6456,-16.6131,36.5081,42.3131,107.36,107.36,134.09,-15.4247,-15.4247,-32.2843
PBR,21.139999389648438,21.14,2026-09-23,False,20.979999542236328,21.43000030517578,2.47,66.78,BAJO,136233902080.0,5.34,5.3,1.45,30.27,10.07,44.68,24.32,69.18,1.85,0.76,0.85,7.0,YAHOO,-0.8279,-1.0979,-0.6479,0.055926,4.6239,-2.2862,95.45,2026-11-10,48,,,yahoo,1.0,1.0,1.0,1.0,1.0,1.0,1.0,0.0,0.0,-2.8939,1.4882,14.5265,27.7748,24.1236,33.1712,21.77,21.77,21.77,-2.8939,-2.8939,-2.8939
NEE,77.0199966430664,77.02,2026-09-23,False,76.87000274658203,79.0,-3.28,8.74,BAJO,160662044672.0,17.31,17.52,2.81,11.68,2.44,31.52,32.4,-11.06,19.12,1.62,0.53,5.0,YAHOO,-0.8279,-1.0979,-0.6479,0.055926,4.6239,-2.2862,95.45,2026-10-27,34,,,yahoo,1.0,0.0,1.0,1.0,0.0,1.0,0.0,1.0,0.0,-4.9957,-8.1236,-13.577,-10.2173,28.5852,15.5398,84.06,89.1198,96.443,-8.375,-13.577,-20.1394
PAAS,48.11000061035156,48.11,2026-09-23,False,47.79999923706055,49.387001037597656,-1.31,27.76,BAJO,19947272192.0,14.23,10.4,2.73,22.41,11.77,37.81,32.03,6.61,9.58,0.11,2.94,7.0,YAHOO,-0.8279,-1.0979,-0.6479,0.055926,4.6239,-2.2862,95.45,2026-11-16,54,,,yahoo,1.0,1.0,1.0,1.0,1.0,1.0,0.0,1.0,0.0,-0.6402,-5.6667,9.2496,4.4513,47.4301,50.6359,54.89,54.89,68.0597,-12.352,-12.352,-29.3121
HMY,18.729999542236328,18.73,2026-09-23,False,18.584999084472656,19.09000015258789,-5.5,4.89,BAJO,11727082496.0,6.57,5.72,2.53,48.05,25.06,47.17,29.57,84.0,0.28,0.13,0.84,,YAHOO,-0.8279,-1.0979,-0.6479,0.055926,4.6239,-2.2862,95.45,,999,2026-08-27,27.0,yahoo,,,,,,,,,,-2.5494,-9.9519,18.0214,28.3756,71.5709,60.9383,22.43,23.54,25.5485,-16.4958,-20.4333,-26.6885
B,42.4900016784668,42.49,2026-09-23,False,42.130001068115234,43.0,-3.17,24.77,BAJO,69933629440.0,10.98,9.69,2.56,27.01,13.44,51.34,31.6,7.28,6.06,0.13,3.01,9.0,YAHOO,-0.8279,-1.0979,-0.6479,0.055926,4.6239,-2.2862,95.45,2026-11-09,47,,,yahoo,1.0,1.0,1.0,1.0,1.0,1.0,1.0,1.0,1.0,-0.141,-4.7096,14.9381,16.9872,39.8113,44.8051,47.1386,48.6827,52.117,-9.8615,-12.7205,-18.4718
VALE,13.819999694824219,13.82,2026-09-23,False,13.795000076293945,14.100000381469727,-2.33,35.86,BAJO,58814640128.0,27.64,7.11,1.58,4.11,7.92,21.95,4.75,22.63,1.86,0.55,1.19,4.0,YAHOO,-0.8279,-1.0979,-0.6479,0.055926,4.6239,-2.2862,95.45,2026-10-29,36,,,yahoo,1.0,0.0,1.0,1.0,0.0,1.0,0.0,0.0,0.0,-4.4921,-11.1825,-4.1518,-7.1568,33.6568,30.6686,15.73,15.73,17.3257,-12.1424,-12.1424,-20.234
LAC,2.9000000953674316,2.9,2026-09-23,False,2.869999885559082,2.956199884414673,-3.33,-6.36,BAJO,1052824576.0,,-19.9,0.74,-3.7,-1.66,0.0,0.0,-128.13,-30.32,0.6,5.47,1.0,YAHOO,-0.8279,-1.0979,-0.6479,0.055926,4.6239,-2.2862,95.45,2026-11-13,51,,,yahoo,0.0,0.0,0.0,1.0,0.0,0.0,0.0,0.0,0.0,4.3166,-9.0909,3.2029,-26.3959,46.898,54.4829,3.21,3.85,10.05,-9.6573,-24.6753,-71.1443
RIO,95.25,95.25,2026-09-23,False,94.87999725341797,95.95999908447266,-1.84,56.59,BAJO,154910736384.0,12.91,11.01,2.37,19.31,8.11,28.05,19.58,2.32,7.77,0.32,1.42,4.0,YAHOO,-0.8279,-1.0979,-0.6479,0.055926,4.6239,-2.2862,95.45,,999,2026-07-28,57.0,yahoo,1.0,0.0,1.0,1.0,0.0,0.0,0.0,1.0,0.0,-2.0666,-8.2635,6.3726,1.843,28.1515,28.4274,106.81,106.81,109.6326,-10.823,-10.823,-13.1189
GFI,40.81999969482422,40.82,2026-09-23,False,40.310001373291016,41.369998931884766,-2.79,1.99,BAJO,36366393344.0,8.31,8.02,8.1,58.68,28.52,55.0,38.65,11.48,10.83,0.29,1.87,9.0,YAHOO,-0.8279,-1.0979,-0.6479,0.055926,4.6239,-2.2862,95.45,,999,2026-08-25,29.0,yahoo,1.0,1.0,1.0,1.0,1.0,1.0,1.0,1.0,1.0,-4.8707,-11.5349,29.3268,24.2091,42.9956,51.8224,47.7852,47.7852,58.4424,-14.576,-14.576,-30.1534
GGB,4.880000114440918,4.88,2026-09-23,False,4.869999885559082,5.019999980926514,-2.4,57.27,BAJO,9573595136.0,22.18,8.28,0.92,4.18,5.03,12.75,3.22,27.66,1.95,0.28,2.87,5.0,YAHOO,-0.8279,-1.0979,-0.6479,0.055926,4.6239,-2.2862,95.45,2026-10-26,33,,,yahoo,1.0,0.0,1.0,1.0,0.0,0.0,1.0,0.0,1.0,-3.5573,-3.5573,3.3805,18.2554,41.8148,37.3142,5.15,5.15,5.15,-5.2427,-5.2427,-5.2427
FCX,72.58000183105469,72.58,2026-09-23,False,71.25,72.93000030517578,0.58,60.91,BAJO,104226152448.0,35.58,17.52,5.18,14.75,7.58,33.4,11.39,2.07,12.83,0.32,2.07,6.0,YAHOO,-0.8279,-1.0979,-0.6479,0.055926,4.6239,-2.2862,95.45,2026-10-22,29,,,yahoo,1.0,1.0,1.0,1.0,1.0,0.0,1.0,0.0,0.0,4.6123,-5.2728,14.2992,12.9754,12.3292,47.0313,79.91,79.91,79.91,-9.1728,-9.1728,-9.1728
HL,18.270000457763672,18.27,2026-09-23,False,17.860000610351562,18.479999542236328,-3.99,62.9,BAJO,12273209344.0,21.24,17.48,4.58,22.17,15.3,44.27,19.15,2.79,12.71,0.01,5.2,8.0,YAHOO,-0.8279,-1.0979,-0.6479,0.055926,4.6239,-2.2862,95.45,2026-11-05,43,,,yahoo,1.0,1.0,1.0,1.0,1.0,1.0,0.0,1.0,1.0,1.5564,-12.3741,20.6968,25.8505,54.7766,65.8622,21.43,21.43,31.7903,-14.7457,-14.7457,-42.5297
NEM,123.55000305175781,123.55,2026-09-23,False,121.06999969482422,124.2249984741211,0.41,46.47,BAJO,130183684096.0,15.58,12.06,3.71,25.91,15.75,51.57,33.36,6.77,7.44,0.16,2.55,9.0,YAHOO,-0.8279,-1.0979,-0.6479,0.055926,4.6239,-2.2862,95.45,2026-10-22,29,,,yahoo,1.0,1.0,1.0,1.0,1.0,1.0,1.0,1.0,1.0,-0.5153,-2.7854,30.7086,26.5405,20.4607,43.5127,134.8593,134.8593,134.8593,-8.386,-8.386,-8.386
GOLD,43.47999954223633,43.48,2026-09-23,False,42.3650016784668,43.689998626708984,-0.73,66.83,BAJO,1267648768.0,14.4,11.66,1.45,10.8,2.82,0.45,0.32,32.26,9.47,0.96,1.15,6.0,YAHOO,-0.8279,-1.0979,-0.6479,0.055926,4.6239,-2.2862,95.45,2026-11-05,43,2026-09-02,21.0,yahoo,1.0,1.0,1.0,1.0,1.0,0.0,0.0,0.0,1.0,-6.6953,-6.0467,12.8248,5.2375,28.4947,55.3221,48.0916,48.0916,62.0025,-9.5892,-9.5892,-29.8738
MUX,18.81999969482422,18.82,2026-09-23,False,18.614999771118164,19.5,-0.32,26.17,BAJO,1124308480.0,14.94,4.72,1.59,13.54,-0.43,-5.92,32.46,-1.66,44.41,0.18,2.04,5.0,YAHOO,-0.8279,-1.0979,-0.6479,0.055926,4.6239,-2.2862,95.45,2026-11-04,42,,,yahoo,1.0,1.0,1.0,0.0,0.0,1.0,0.0,1.0,0.0,1.3463,-7.1534,6.9926,3.8631,24.8775,53.7062,21.66,21.66,29.05,-13.1117,-13.1117,-35.2151
NXE,9.630000114440918,9.63,2026-09-23,False,9.630000114440918,9.971400260925293,-1.73,5.24,BAJO,6456973824.0,,-60.48,4.82,-17.67,-3.39,0.0,0.0,-4.62,-58.38,0.34,1.46,2.0,YAHOO,-0.8279,-1.0979,-0.6479,0.055926,4.6239,-2.2862,95.45,2026-11-03,41,,,yahoo,0.0,0.0,0.0,1.0,0.0,1.0,0.0,0.0,0.0,1.797,-9.9158,2.7748,-7.0463,46.6759,49.1062,11.21,11.21,13.92,-14.0946,-14.0946,-30.819
MP,48.88999938964844,48.89,2026-09-23,False,48.720001220703125,50.7599983215332,-4.21,-35.37,BAJO,8707386368.0,,55.94,4.45,-3.58,-1.52,-14.72,-14.56,-4.97,222.07,0.41,9.51,4.0,YAHOO,-0.8279,-1.0979,-0.6479,0.055926,4.6239,-2.2862,95.45,2026-11-05,43,,,yahoo,0.0,1.0,0.0,0.0,1.0,1.0,0.0,1.0,0.0,-0.2041,-9.9632,18.3777,-13.4843,78.8509,65.5645,59.31,60.17,98.65,-17.5687,-18.7469,-50.441
JPM,337.5299987792969,337.53,2026-09-23,False,336.9809875488281,341.42999267578125,-0.73,9.17,BAJO,897217593344.0,14.47,13.51,2.54,17.79,1.36,50.39,34.92,,,,,3.0,YAHOO,-0.8279,-1.0979,-0.6479,0.055926,4.6239,-2.2862,95.45,2026-10-13,20,,,yahoo,1.0,0.0,0.0,0.0,1.0,0.0,1.0,0.0,0.0,-3.2644,-4.8434,-4.4393,1.6796,28.783,19.1801,362.06,365.18,365.18,-6.7751,-7.5716,-7.5716
AXP,301.9599914550781,301.96,2026-09-23,False,301.2900085449219,305.6700134277344,-3.71,-11.44,BAJO,203916541952.0,18.33,14.98,5.95,34.38,3.79,20.32,16.14,,,1.72,1.55,4.0,YAHOO,-0.8279,-1.0979,-0.6479,0.055926,4.6239,-2.2862,95.45,2026-10-23,30,,,yahoo,1.0,0.0,1.0,1.0,0.0,0.0,1.0,0.0,0.0,-6.926,-7.4026,-11.4071,-10.3598,31.1836,25.6157,336.15,361.57,381.7816,-10.1711,-16.4864,-20.9077
MA,559.9199829101562,559.92,2026-09-23,False,554.260009765625,565.75,-1.36,-1.97,BAJO,490495475712.0,30.8,24.32,87.54,241.2,24.06,61.11,46.34,3.46,22.68,4.4,1.06,9.0,YAHOO,-0.8279,-1.0979,-0.6479,0.055926,4.6239,-2.2862,95.45,2026-10-29,36,,,yahoo,1.0,1.0,1.0,1.0,1.0,1.0,1.0,1.0,1.0,-2.3288,-1.9216,5.5875,14.9136,11.9348,20.9094,599.37,599.86,599.86,-6.5819,-6.6582,-6.6582
V,361.5199890136719,361.52,2026-09-23,False,360.0,366.3299865722656,-2.28,6.77,BAJO,678701432832.0,30.72,24.09,19.16,61.19,19.11,66.13,50.78,3.01,21.71,0.68,0.98,6.0,YAHOO,-0.8279,-1.0979,-0.6479,0.055926,4.6239,-2.2862,95.45,2026-10-27,34,,,yahoo,1.0,0.0,1.0,1.0,1.0,0.0,1.0,0.0,1.0,-3.7538,-1.9314,3.0124,10.2629,18.4463,20.4046,384.14,384.14,384.14,-5.8885,-5.8885,-5.8885
PYPL,52.5099983215332,52.51,2026-09-23,False,51.81060028076172,53.09000015258789,-0.72,-21.94,BAJO,44920250368.0,9.87,9.08,2.28,24.5,4.62,16.97,14.36,9.85,7.47,0.72,1.29,9.0,YAHOO,-0.8279,-1.0979,-0.6479,0.055926,4.6239,-2.2862,95.45,2026-10-27,34,,,yahoo,1.0,1.0,1.0,1.0,1.0,1.0,1.0,1.0,1.0,-0.3794,0.6517,-6.2516,23.9164,12.2277,52.0854,61.6577,62.1465,75.2904,-14.8363,-15.5061,-30.2567
PAGS,9.09000015258789,9.09,2026-09-23,False,9.0600004196167,9.444999694824219,-4.01,-6.64,BAJO,2505622272.0,6.23,4.79,0.85,14.54,6.36,36.2,10.86,-74.09,0.31,0.12,1.55,7.0,YAHOO,-0.8279,-1.0979,-0.6479,0.055926,4.6239,-2.2862,95.45,2026-11-10,48,,,yahoo,1.0,0.0,1.0,1.0,1.0,0.0,1.0,1.0,1.0,-2.6767,-3.9743,-1.0306,6.8779,48.609,34.9274,9.8352,9.8352,11.3776,-7.5765,-7.5765,-20.106
NU,13.619999885559082,13.62,2026-09-23,False,13.5600004196167,14.25,-3.13,-16.48,BAJO,65793982464.0,18.66,12.09,4.97,31.63,4.96,50.15,42.73,,,,,4.0,YAHOO,-0.8279,-1.0979,-0.6479,0.055926,4.6239,-2.2862,95.45,2026-11-12,50,,,yahoo,1.0,0.0,1.0,1.0,1.0,0.0,0.0,0.0,0.0,-4.0169,-11.1546,-4.0169,8.1811,41.3315,40.4706,15.68,15.68,18.76,-13.1378,-13.1378,-27.3987
XP,20.8799991607666,20.88,2026-09-23,False,20.854999542236328,21.56999969482422,0.48,8.79,BAJO,10595408896.0,10.6,8.75,2.3,22.56,1.36,31.18,28.54,,,6.42,1.49,7.0,YAHOO,-0.8279,-1.0979,-0.6479,0.055926,4.6239,-2.2862,95.45,2026-11-16,54,,,yahoo,1.0,1.0,1.0,1.0,1.0,0.0,1.0,1.0,0.0,6.9124,4.4522,24.0642,32.8244,32.6499,40.7862,20.88,20.88,22.6565,0.0,0.0,-7.8411
AIG,75.58000183105469,75.58,2026-09-23,False,74.87999725341797,76.44000244140625,1.4,0.15,BAJO,39520268288.0,13.79,8.6,0.98,7.22,1.76,19.41,11.09,18.64,4.69,0.22,0.61,5.0,YAHOO,-0.8279,-1.0979,-0.6479,0.055926,4.6239,-2.2862,95.45,2026-11-04,42,,,yahoo,1.0,1.0,1.0,1.0,0.0,0.0,1.0,0.0,0.0,0.1325,1.8755,-2.6604,-0.5871,16.9602,20.4996,76.4635,80.5266,84.9512,-1.1554,-6.1428,-11.0313
BRK-B,507.1700134277344,507.17,2026-09-23,False,503.0,511.2799987792969,1.03,1.83,BAJO,1085703782400.0,12.75,22.85,0.0,12.12,6.01,32.56,22.3,6.63,-1.79,0.17,2.89,4.0,YAHOO,-0.8279,-1.0979,-0.6479,0.055926,4.6239,-2.2862,95.45,2026-11-07,45,,,yahoo,1.0,0.0,1.0,0.0,1.0,0.0,1.0,0.0,0.0,-1.8558,0.2649,3.3248,2.9139,22.5966,14.7984,519.8,529.42,529.42,-2.4298,-4.2027,-4.2027
BBD,3.4600000381469727,3.46,2026-09-23,False,3.444999933242798,3.609999895095825,-1.7,5.79,BAJO,36638552064.0,8.05,6.36,1.03,13.76,1.07,34.52,26.07,,,,,4.0,YAHOO,-0.8279,-1.0979,-0.6479,0.055926,4.6239,-2.2862,95.45,2026-11-04,42,,,yahoo,1.0,1.0,0.0,0.0,1.0,0.0,1.0,0.0,0.0,-1.1429,-2.5352,-5.2461,3.2005,31.5963,30.2006,3.6,3.7214,4.1061,-3.8889,-7.0244,-15.7361
AEG,8.75,8.75,2026-09-23,False,8.75,8.917799949645996,-3.74,14.41,BAJO,12949918720.0,11.67,9.35,1.26,11.07,0.1,5.82,8.62,-33.32,,0.43,1.16,6.0,YAHOO,-0.8279,-1.0979,-0.6479,0.055926,4.6239,-2.2862,95.45,,999,2026-08-20,34.0,yahoo,1.0,1.0,1.0,0.0,1.0,0.0,1.0,0.0,1.0,-3.4216,-4.057,-0.4534,5.1352,33.9173,19.6729,9.2,9.2766,9.2766,-4.8913,-5.6762,-5.6762
SAN,14.199999809265137,14.2,2026-09-23,False,14.1899995803833,14.444999694824219,-2.87,39.43,BAJO,206003748864.0,14.06,9.92,1.61,13.11,0.78,43.44,33.46,,,,,4.0,YAHOO,-0.8279,-1.0979,-0.6479,0.055926,4.6239,-2.2862,95.45,2026-10-28,35,,,yahoo,1.0,1.0,0.0,0.0,1.0,0.0,1.0,0.0,0.0,-3.0717,-4.4415,7.4943,4.4118,52.583,30.642,15.05,15.05,15.05,-5.6478,-5.6478,-5.6478
GGAL,39.9900016784668,39.99,2026-09-23,False,39.93000030517578,42.0099983215332,-4.24,31.7,BAJO,6776443392.0,117.62,5.71,10.55,1.09,0.2,17.32,1.5,,,,,1.0,YAHOO,-0.8279,-1.0979,-0.6479,0.055926,4.6239,-2.2862,95.45,2026-11-24,62,2026-08-25,29.0,yahoo,1.0,0.0,0.0,0.0,0.0,0.0,0.0,0.0,0.0,-5.102,-9.3608,-20.0881,-21.9556,35.9146,44.3187,45.01,53.6149,58.6267,-11.1531,-25.4126,-31.7887
MELI,1799.239990234375,1799.24,2026-09-23,False,1788.1241455078125,1836.0699462890625,-1.17,-28.69,BAJO,91215708160.0,48.76,31.87,11.64,27.5,4.31,6.72,5.3,0.39,25.71,1.69,1.12,5.0,YAHOO,-0.8279,-1.0979,-0.6479,0.055926,4.6239,-2.2862,95.45,2026-11-04,42,,,yahoo,1.0,0.0,1.0,1.0,1.0,0.0,1.0,0.0,0.0,-1.6239,-6.5936,0.03,13.6128,26.7468,34.5733,2006.58,2006.58,2510.97,-10.333,-10.333,-28.3448
WFC,81.9000015258789,81.9,2026-09-23,False,81.80999755859375,83.3949966430664,-5.36,-1.63,BAJO,247665541120.0,11.9,10.36,1.54,12.57,1.08,37.39,27.23,,,,,3.0,YAHOO,-0.8279,-1.0979,-0.6479,0.055926,4.6239,-2.2862,95.45,2026-10-13,20,,,yahoo,1.0,0.0,0.0,0.0,1.0,0.0,1.0,0.0,0.0,-8.716,-6.8895,-4.4318,-2.0918,41.9718,26.2419,90.29,90.29,94.8289,-9.2923,-9.2923,-13.6339
BNY,149.50999450683594,149.51,2026-09-23,False,149.2100067138672,152.24000549316406,-2.85,39.29,BAJO,101443149824.0,17.88,14.59,2.54,14.12,1.26,40.05,29.41,,,,,6.0,YAHOO,-0.8279,-1.0979,-0.6479,0.055926,4.6239,-2.2862,95.45,2026-10-15,22,,,yahoo,1.0,1.0,1.0,1.0,1.0,0.0,1.0,0.0,0.0,-3.3361,-8.1916,-6.2488,1.9113,23.8848,22.7524,164.84,164.84,164.84,-9.2999,-9.2999,-9.2999
BCS,24.290000915527344,24.29,2026-09-23,False,24.280000686645508,24.700000762939453,-3.99,17.72,BAJO,81243717632.0,9.38,7.28,0.93,10.09,0.47,42.95,27.87,,,,,6.0,YAHOO,-0.8279,-1.0979,-0.6479,0.055926,4.6239,-2.2862,95.45,2026-10-22,29,,,yahoo,1.0,1.0,1.0,1.0,0.0,0.0,1.0,0.0,1.0,-4.5204,-9.3657,-11.1973,-9.0939,45.9905,31.355,27.23,28.2428,28.2428,-10.7969,-13.9957,-13.9957
HSBC,100.25,100.25,2026-09-23,False,100.16999816894531,101.51000213623047,-2.87,48.57,BAJO,343072243712.0,14.32,10.59,7.96,13.1,0.78,58.77,37.8,,,,,5.0,YAHOO,-0.8279,-1.0979,-0.6479,0.055926,4.6239,-2.2862,95.45,2026-10-27,34,,,yahoo,1.0,0.0,1.0,1.0,1.0,0.0,1.0,0.0,0.0,-1.9272,-5.6559,-0.9985,5.3814,35.3713,21.7738,107.11,107.3417,107.3417,-6.4046,-6.6067,-6.6067
BHP,84.94999694824219,84.95,2026-09-23,False,84.37999725341797,86.02999877929688,-1.32,65.28,BAJO,215898456064.0,22.01,18.14,4.24,24.0,13.43,43.34,16.73,4.44,7.73,0.5,1.89,7.0,YAHOO,-0.8279,-1.0979,-0.6479,0.055926,4.6239,-2.2862,95.45,,999,2026-08-17,37.0,yahoo,1.0,0.0,1.0,1.0,1.0,1.0,0.0,1.0,1.0,0.2123,-7.653,3.7703,5.5366,28.8773,33.756,96.5823,96.5823,96.5823,-12.0439,-12.0439,-12.0439
LYG,5.639999866485596,5.64,2026-09-23,False,5.619999885559082,5.724999904632568,-4.24,30.2,BAJO,81457225728.0,13.12,8.78,1.48,11.34,0.56,44.96,26.43,,,,,6.0,YAHOO,-0.8279,-1.0979,-0.6479,0.055926,4.6239,-2.2862,95.45,2026-10-29,36,,,yahoo,1.0,1.0,1.0,1.0,0.0,0.0,1.0,0.0,1.0,-4.0816,-6.0,-4.5666,-0.2363,42.6656,27.9617,6.1,6.21,6.21,-7.541,-9.1787,-9.1787
ING,35.91999816894531,35.92,2026-09-23,False,35.8650016784668,36.30500030517578,-2.68,45.1,BAJO,102288441344.0,13.55,11.22,1.77,17.12,0.8,49.1,34.49,,,,,2.0,YAHOO,-0.8279,-1.0979,-0.6479,0.055926,4.6239,-2.2862,95.45,2026-10-29,36,,,yahoo,1.0,0.0,0.0,0.0,0.0,0.0,1.0,0.0,0.0,-2.3382,-3.3369,12.1673,14.9671,33.2769,26.1622,37.27,37.27,37.27,-3.6222,-3.6222,-3.6222
IBN,27.90999984741211,27.91,2026-09-23,False,27.75,28.014999389648438,-1.45,-11.05,BAJO,100170735616.0,17.34,15.0,2.53,16.07,2.11,38.51,27.53,,,,,4.0,YAHOO,-0.8279,-1.0979,-0.6479,0.055926,4.6239,-2.2862,95.45,2026-10-17,24,,,yahoo,1.0,0.0,1.0,1.0,1.0,0.0,0.0,0.0,0.0,-1.7254,-5.4859,-3.7494,-0.6226,13.9159,19.649,30.58,30.58,32.6665,-8.7312,-8.7312,-14.5608
MUFG,22.81999969482422,22.82,2026-09-23,False,22.764999389648438,23.010000228881836,-2.56,41.72,BAJO,256856555520.0,15.42,22.16,1.78,9.46,0.51,45.6,27.45,,,,,1.0,YAHOO,-0.8279,-1.0979,-0.6479,0.055926,4.6239,-2.2862,95.45,2026-11-12,50,,,yahoo,1.0,0.0,0.0,0.0,0.0,0.0,0.0,0.0,0.0,-3.7537,-3.3051,0.8842,13.1383,31.6908,29.5035,24.13,24.13,24.13,-5.4289,-5.4289,-5.4289
GS,936.3599853515625,936.36,2026-09-23,False,933.6749877929688,954.530029296875,-2.4,17.59,BAJO,272641245184.0,14.46,12.65,2.59,16.9,1.07,42.18,31.04,,,7.25,1.56,4.0,YAHOO,-0.8279,-1.0979,-0.6479,0.055926,4.6239,-2.2862,95.45,2026-10-13,20,,,yahoo,1.0,1.0,0.0,0.0,0.0,0.0,1.0,0.0,1.0,-4.1273,-9.664,-12.4473,-14.0249,32.0469,36.8384,1053.7192,1146.4551,1146.4551,-11.1376,-18.3256,-18.3256
BX,119.2699966430664,119.27,2026-09-23,False,118.76000213623047,122.4800033569336,-5.65,-33.7,BAJO,142563164160.0,26.74,15.93,10.58,31.37,14.33,54.36,22.73,,,0.68,0.87,5.0,YAHOO,-0.8279,-1.0979,-0.6479,0.055926,4.6239,-2.2862,95.45,2026-10-22,29,,,yahoo,1.0,0.0,1.0,1.0,1.0,0.0,0.0,0.0,1.0,-5.8642,-10.9726,-3.2236,0.347,52.844,37.097,143.64,149.32,178.4031,-16.966,-20.1246,-33.1458
ITUB,8.180000305175781,8.18,2026-09-23,False,8.170000076293945,8.5,-3.2,22.1,BAJO,90158915584.0,9.98,8.28,2.12,21.48,1.58,39.07,32.58,,,,,4.0,YAHOO,-0.8279,-1.0979,-0.6479,0.055926,4.6239,-2.2862,95.45,2026-11-03,41,,,yahoo,1.0,1.0,1.0,0.0,0.0,0.0,1.0,0.0,0.0,-0.9685,-1.5644,-1.963,3.1374,41.298,30.8686,8.45,8.6136,9.3754,-3.1953,-5.0338,-12.7506
BAC,56.0,56.0,2026-09-23,False,55.73500061035156,56.474998474121094,-0.36,9.81,BAJO,391593918464.0,12.93,10.58,1.42,11.2,0.97,38.3,29.52,,,,,5.0,YAHOO,-0.8279,-1.0979,-0.6479,0.055926,4.6239,-2.2862,95.45,2026-10-14,21,,,yahoo,1.0,1.0,1.0,0.0,0.0,0.0,1.0,0.0,1.0,-3.2815,-10.643,-9.2897,-2.5018,23.4669,21.7738,62.72,64.481,64.481,-10.7143,-13.1527,-13.1527
RACE,413.04998779296875,413.05,2026-09-23,False,410.9049987792969,417.0299987792969,-0.74,-14.94,BAJO,72513413120.0,39.04,32.8,17.13,45.44,13.61,31.06,22.25,1.38,30.13,0.86,2.43,9.0,YAHOO,-0.8279,-1.0979,-0.6479,0.055926,4.6239,-2.2862,95.45,2026-11-03,41,,,yahoo,1.0,1.0,1.0,1.0,1.0,1.0,1.0,1.0,1.0,1.5064,1.7515,14.9149,19.7698,27.8047,27.0858,422.6,436.54,498.3386,-2.2598,-5.381,-17.1146
C,131.92999267578125,131.93,2026-09-23,False,131.1999969482422,133.58999633789062,-2.31,29.98,BAJO,221304225792.0,14.2,10.23,1.15,8.53,0.66,36.23,21.83,,,,,3.0,YAHOO,-0.8279,-1.0979,-0.6479,0.055926,4.6239,-2.2862,95.45,2026-10-13,20,,,yahoo,1.0,0.0,0.0,0.0,1.0,0.0,1.0,0.0,0.0,-3.1138,-3.5176,0.5465,-8.5323,31.6614,28.1917,138.82,143.1323,144.9331,-4.9633,-7.8265,-8.9718
SCHW,99.5,99.5,2026-09-23,False,99.44999694824219,101.33999633789062,-0.85,6.49,BAJO,172068896768.0,18.12,12.71,3.91,20.27,2.07,52.28,38.79,,,1.51,0.66,7.0,YAHOO,-0.8279,-1.0979,-0.6479,0.055926,4.6239,-2.2862,95.45,2026-10-15,22,,,yahoo,1.0,1.0,1.0,1.0,1.0,0.0,1.0,0.0,1.0,-5.3823,-6.6078,-2.1377,9.1915,54.2201,25.316,110.38,113.65,113.65,-9.8569,-12.4505,-12.4505
PG,147.38999938964844,147.39,2026-09-23,False,147.1475067138672,148.92999267578125,0.9,-1.33,BAJO,342338666496.0,22.23,19.92,6.42,30.29,10.72,22.08,18.44,3.88,14.89,0.64,0.68,6.0,YAHOO,-0.8279,-1.0979,-0.6479,0.055926,4.6239,-2.2862,95.45,2026-10-22,29,,,yahoo,1.0,0.0,1.0,1.0,1.0,0.0,1.0,0.0,1.0,0.4909,1.2433,1.0344,-1.5708,11.5213,18.1063,147.64,151.6182,164.7207,-0.1693,-2.7887,-10.5213
KO,88.08999633789062,88.09,2026-09-23,False,87.60980224609375,88.99500274658203,1.11,34.74,BAJO,379011530752.0,26.45,24.98,10.49,42.05,9.4,34.87,28.56,1.38,24.2,1.16,1.3,7.0,YAHOO,-0.8279,-1.0979,-0.6479,0.055926,4.6239,-2.2862,95.45,2026-10-20,27,,,yahoo,1.0,1.0,1.0,0.0,1.0,1.0,1.0,1.0,0.0,-0.6989,0.2893,9.1729,10.342,15.7549,21.904,91.0964,91.4443,91.4443,-3.3003,-3.6682,-3.6682
PEP,130.17999267578125,130.18,2026-09-23,False,129.21499633789062,131.38999938964844,0.46,-5.36,BAJO,177825873920.0,17.04,14.52,8.05,51.51,8.93,16.84,10.79,4.4,11.74,2.39,0.93,5.0,YAHOO,-0.8279,-1.0979,-0.6479,0.055926,4.6239,-2.2862,95.45,2026-10-08,15,,,yahoo,1.0,0.0,1.0,1.0,0.0,1.0,1.0,0.0,0.0,-3.9262,-5.9733,-2.5041,-7.3772,23.6071,22.2256,140.7662,143.4476,165.4535,-7.5204,-9.2491,-21.3193
MO,68.94999694824219,68.95,2026-09-23,False,68.43450164794922,69.55000305175781,0.61,12.66,BAJO,115128836096.0,14.52,11.76,-43.15,,29.54,76.36,39.0,7.85,8.68,,0.52,6.0,YAHOO,-0.8279,-1.0979,-0.6479,0.055926,4.6239,-2.2862,95.45,2026-10-29,36,,,yahoo,1.0,0.0,1.0,1.0,0.0,1.0,1.0,1.0,0.0,-1.2319,2.7596,-2.8146,-2.1768,13.3553,30.6967,70.1,73.7422,73.7422,-1.6405,-6.4987,-6.4987
WMT,110.52999877929688,110.53,2026-09-23,False,109.48999786376953,111.2300033569336,0.37,7.9,BAJO,879606431744.0,40.05,34.22,9.33,22.31,6.41,3.45,3.0,0.81,21.49,0.72,0.77,7.0,YAHOO,-0.8279,-1.0979,-0.6479,0.055926,4.6239,-2.2862,95.45,2026-11-19,57,,,yahoo,1.0,1.0,1.0,1.0,1.0,0.0,1.0,1.0,0.0,2.8186,4.4411,1.21,-6.8953,17.8336,28.7822,110.53,115.7329,133.8795,0.0,-4.4956,-17.4407
TGT,156.25999450683594,156.26,2026-09-23,False,155.92999267578125,159.9499969482422,-0.92,85.96,BAJO,70988406784.0,16.21,16.37,3.98,26.41,5.69,6.04,4.08,4.84,9.87,1.08,0.99,6.0,YAHOO,-0.8279,-1.0979,-0.6479,0.055926,4.6239,-2.2862,95.45,2026-11-18,56,,,yahoo,1.0,0.0,1.0,1.0,1.0,1.0,1.0,0.0,0.0,1.2047,-3.9641,17.0876,17.4106,32.7693,29.9649,165.93,169.89,169.89,-5.8278,-8.0228,-8.0228
MCD,238.32000732421875,238.32,2026-09-23,False,234.0399932861328,250.32000732421875,-4.81,-20.19,BAJO,168645132288.0,19.34,17.09,-164.81,,13.25,46.48,31.72,3.71,15.47,,1.08,6.0,YAHOO,-0.8279,-1.0979,-0.6479,0.055926,4.6239,-2.2862,95.45,2026-11-05,43,,,yahoo,1.0,0.0,1.0,1.0,1.0,0.0,1.0,1.0,0.0,-4.1197,-5.9807,-9.3466,-12.3653,41.0005,22.9931,265.0461,280.2182,334.503,-10.0836,-14.952,-28.754
SBUX,94.13999938964844,94.14,2026-09-23,False,93.1500015258789,95.5,-0.8,11.85,BAJO,107319599104.0,54.42,30.15,-13.98,,8.02,12.92,5.17,2.86,22.37,,0.76,5.0,YAHOO,-0.8279,-1.0979,-0.6479,0.055926,4.6239,-2.2862,95.45,2026-10-28,35,,,yahoo,1.0,0.0,1.0,1.0,1.0,0.0,0.0,0.0,1.0,-2.5264,-7.7149,-8.2639,-6.303,1.8818,21.5937,108.49,108.49,108.49,-13.227,-13.227,-13.227
NKE,36.04999923706055,36.05,2026-09-23,False,35.60499954223633,36.619998931884766,-0.14,-48.32,BAJO,53480128512.0,17.17,16.37,3.6,22.14,6.97,12.69,6.7,3.53,11.26,0.74,1.96,4.0,YAHOO,-0.8279,-1.0979,-0.6479,0.055926,4.6239,-2.2862,95.45,2026-10-01,8,,,yahoo,1.0,0.0,1.0,0.0,1.0,0.0,0.0,1.0,0.0,0.7546,-3.4806,-12.6321,-12.8828,26.0504,31.1865,39.1843,44.1022,72.1898,-7.9989,-18.258,-50.0622
MDLZ,61.439998626708984,61.44,2026-09-23,False,60.790000915527344,61.67499923706055,2.11,-1.2,BAJO,78416371712.0,22.51,18.28,2.95,13.34,4.12,21.98,8.86,2.87,16.25,0.83,0.6,5.0,YAHOO,-0.8279,-1.0979,-0.6479,0.055926,4.6239,-2.2862,95.45,2026-10-27,34,,,yahoo,1.0,0.0,1.0,1.0,0.0,0.0,1.0,0.0,1.0,-1.0628,-0.3083,2.3147,1.4658,27.6923,26.1666,63.01,64.99,64.99,-2.4917,-5.4624,-5.4624
HSY,168.4499969482422,168.45,2026-09-23,False,167.47500610351562,169.7050018310547,0.33,-9.84,BAJO,33845927936.0,22.98,17.07,7.42,32.81,9.92,23.12,12.24,5.15,14.32,1.3,1.18,4.0,YAHOO,-0.8279,-1.0979,-0.6479,0.055926,4.6239,-2.2862,95.45,2026-11-05,43,,,yahoo,1.0,0.0,1.0,1.0,0.0,1.0,0.0,0.0,0.0,-1.156,-2.7818,-1.3742,-5.2968,17.6578,23.8917,187.18,189.94,232.6481,-10.0064,-11.3141,-27.5945
ANF,132.25,132.25,2026-09-23,False,130.80499267578125,135.84500122070312,-3.3,50.72,BAJO,5611945984.0,11.42,10.3,4.14,40.61,13.63,19.94,10.04,7.77,7.03,0.94,1.41,5.0,YAHOO,-0.8279,-1.0979,-0.6479,0.055926,4.6239,-2.2862,95.45,2026-11-25,63,2026-08-26,28.0,yahoo,1.0,0.0,1.0,1.0,0.0,1.0,1.0,0.0,0.0,-2.1602,-12.6659,45.5056,57.0292,27.2113,88.5284,152.08,152.08,152.08,-13.0392,-13.0392,-13.0392
EBAY,109.08999633789062,109.09,2026-09-23,False,106.43679809570312,110.86000061035156,0.73,20.51,BAJO,48545046528.0,22.92,16.25,10.41,46.61,9.15,21.57,18.57,3.25,16.95,1.53,1.02,5.0,YAHOO,-0.8279,-1.0979,-0.6479,0.055926,4.6239,-2.2862,95.45,2026-11-04,42,,,yahoo,1.0,1.0,1.0,0.0,0.0,0.0,1.0,0.0,1.0,0.9812,4.3025,0.093,0.4145,44.0553,32.5987,112.9,117.084,118.2715,-3.3747,-6.8276,-7.7631
ABEV,2.930000066757202,2.93,2026-09-23,False,2.930000066757202,3.0,-1.68,25.84,BAJO,45170307072.0,14.65,13.7,2.64,18.4,10.3,23.74,18.41,43.96,1.14,0.03,1.02,8.0,YAHOO,-0.8279,-1.0979,-0.6479,0.055926,4.6239,-2.2862,95.45,2026-10-29,36,,,yahoo,1.0,1.0,1.0,1.0,1.0,0.0,1.0,1.0,1.0,-2.9801,-3.6184,-5.178,-7.0136,21.6612,19.5033,3.04,3.18,3.4202,-3.6184,-7.8616,-14.3333
UL,62.15999984741211,62.16,2026-09-23,False,62.0,62.95000076293945,-0.02,-6.53,BAJO,133846933504.0,21.22,15.97,7.22,31.87,8.29,20.34,18.32,5.03,14.91,1.75,0.74,7.0,YAHOO,-0.8279,-1.0979,-0.6479,0.055926,4.6239,-2.2862,95.45,2026-10-28,35,2026-07-28,57.0,finnhub,1.0,1.0,1.0,0.0,0.0,1.0,1.0,1.0,1.0,-0.4484,-2.1719,4.107,5.7938,8.242,27.5697,65.15,66.3122,72.7099,-4.5894,-6.2616,-14.5096
URBN,74.81999969482422,74.82,2026-09-23,False,73.62000274658203,75.21499633789062,0.82,3.03,BAJO,6409095168.0,11.71,10.82,2.45,20.94,8.02,11.62,8.79,1.52,8.92,0.43,1.58,8.0,YAHOO,-0.8279,-1.0979,-0.6479,0.055926,4.6239,-2.2862,95.45,2026-11-25,63,2026-08-26,28.0,yahoo,1.0,1.0,1.0,1.0,0.0,1.0,1.0,1.0,1.0,-1.4359,-5.8039,7.4846,5.3803,16.9659,40.4567,82.95,82.95,82.95,-9.8011,-9.8011,-9.8011
CL,85.93000030517578,85.93,2026-09-23,False,85.7699966430664,87.4000015258789,-0.38,9.07,BAJO,68501057536.0,33.83,20.95,290.3,267.37,15.84,20.97,9.68,5.05,15.28,13.88,1.03,5.0,YAHOO,-0.8279,-1.0979,-0.6479,0.055926,4.6239,-2.2862,95.45,2026-10-30,37,,,yahoo,1.0,0.0,1.0,1.0,1.0,0.0,1.0,0.0,0.0,-1.2299,-2.8051,-4.607,-5.4767,14.2728,20.6537,92.06,94.5877,97.966,-6.6587,-9.1531,-12.2859
COST,904.7000122070312,904.7,2026-09-23,False,893.3599853515625,905.5900268554688,0.69,-4.38,BAJO,401215291392.0,45.51,39.99,11.97,29.15,8.67,3.99,3.01,1.73,28.24,0.25,1.07,6.0,YAHOO,-0.8279,-1.0979,-0.6479,0.055926,4.6239,-2.2862,95.45,2026-09-24,1,,,yahoo,1.0,0.0,1.0,1.0,1.0,1.0,0.0,1.0,0.0,0.3717,-0.6021,-2.1512,-5.3819,4.6335,20.2027,960.01,974.03,1092.5829,-5.7614,-7.1179,-17.1962
KMB,97.69999694824219,97.7,2026-09-23,False,97.41999816894531,99.12000274658203,-0.04,-17.87,BAJO,32492972032.0,19.31,13.06,18.57,104.91,10.2,19.0,11.79,2.9,10.97,3.49,0.91,4.0,YAHOO,-0.8279,-1.0979,-0.6479,0.055926,4.6239,-2.2862,95.45,2026-11-03,41,,,yahoo,1.0,0.0,1.0,1.0,1.0,0.0,0.0,0.0,0.0,-0.9931,-5.0811,-7.8629,-4.8847,2.8469,25.7331,109.7036,113.3795,118.2847,-10.9418,-13.8292,-17.4026
ORLY,85.9000015258789,85.9,2026-09-23,False,84.70999908447266,86.43000030517578,3.64,-18.01,BAJO,69489729536.0,27.27,23.52,-38.19,,13.67,20.15,14.27,2.26,18.89,,0.75,7.0,YAHOO,-0.8279,-1.0979,-0.6479,0.055926,4.6239,-2.2862,95.45,2026-10-28,35,,,yahoo,1.0,0.0,1.0,1.0,1.0,1.0,1.0,1.0,0.0,0.869,0.0116,-0.2439,-1.8734,39.1365,31.6844,90.32,93.53,107.81,-4.8937,-8.1578,-20.3228
PM,190.83999633789062,190.84,2026-09-23,False,188.55999755859375,193.0,1.79,19.93,BAJO,297445785600.0,26.18,20.76,-34.65,,14.59,40.0,25.56,3.27,18.96,,0.98,7.0,YAHOO,-0.8279,-1.0979,-0.6479,0.055926,4.6239,-2.2862,95.45,2026-10-21,28,,,yahoo,1.0,1.0,1.0,1.0,1.0,1.0,0.0,1.0,0.0,-1.6846,3.3075,-0.1465,7.6849,20.2799,27.3311,194.86,200.17,200.17,-2.063,-4.661,-4.661
ETSY,73.69999694824219,73.7,2026-09-23,False,71.0,75.76000213623047,0.3,16.85,BAJO,6764314112.0,23.32,10.69,-4.88,,10.53,18.74,7.11,2.51,18.52,,1.48,5.0,YAHOO,-0.8279,-1.0979,-0.6479,0.055926,4.6239,-2.2862,95.45,2026-11-04,42,,,yahoo,1.0,0.0,1.0,1.0,1.0,0.0,1.0,0.0,0.0,-0.4054,1.2085,-8.9111,-1.589,18.2905,44.6315,84.43,87.03,87.03,-12.7088,-15.3166,-15.3166
TM,190.36000061035156,190.36,2026-09-23,False,190.27999877929688,192.58999633789062,-1.11,-5.95,BAJO,225421164544.0,8.51,12.06,15.48,12.4,2.34,7.86,8.63,-1596.99,6.28,1.15,1.17,3.0,YAHOO,-0.8279,-1.0979,-0.6479,0.055926,4.6239,-2.2862,95.45,2026-11-05,43,,,yahoo,1.0,0.0,1.0,1.0,0.0,0.0,0.0,0.0,0.0,-2.6142,-0.5693,7.6697,13.8313,17.2837,23.043,199.87,199.87,248.29,-4.7581,-4.7581,-23.3316
HMC,32.150001525878906,32.15,2026-09-23,False,32.10499954223633,32.41999816894531,-1.17,-5.92,BAJO,41720164352.0,,,0.53,-0.76,-0.15,8.76,-0.75,641.79,7.16,1.14,1.29,3.0,YAHOO,-0.8279,-1.0979,-0.6479,0.055926,4.6239,-2.2862,95.45,2026-11-05,43,,,yahoo,0.0,0.0,1.0,1.0,0.0,0.0,1.0,0.0,0.0,-0.1863,3.5093,14.8625,25.6841,20.7973,30.412,33.04,33.37,33.88,-2.6937,-3.656,-5.1063
NSANY,3.9800000190734863,3.98,2026-09-23,False,3.9700000286102295,4.110000133514404,-1.73,-20.9,BAJO,6957800960.0,,4.63,0.22,-7.65,0.69,2.63,-3.37,-19540.42,15.32,1.72,1.54,4.0,YAHOO,-0.8279,-1.0979,-0.6479,0.055926,4.6239,-2.2862,95.45,2026-11-05,43,,,yahoo,0.0,1.0,1.0,1.0,0.0,1.0,0.0,0.0,0.0,-2.6895,0.5051,-1.2407,4.4619,26.3549,34.9901,4.18,4.51,6.05,-4.7847,-11.7517,-34.2149
GM,83.7699966430664,83.77,2026-09-23,False,82.76000213623047,84.56500244140625,-0.21,43.42,BAJO,75765899264.0,37.4,5.57,1.18,3.16,2.25,3.2,1.05,28.95,10.89,2.02,1.14,5.0,YAHOO,-0.8279,-1.0979,-0.6479,0.055926,4.6239,-2.2862,95.45,2026-10-20,27,,,yahoo,1.0,0.0,1.0,1.0,0.0,1.0,1.0,0.0,0.0,-1.8742,-2.3546,4.0576,6.3246,56.6557,31.7167,87.76,90.1136,90.1136,-4.5465,-7.0396,-7.0396
ARCO,7.409999847412109,7.41,2026-09-23,False,7.385000228881836,7.610000133514404,-1.46,9.08,BAJO,1561013248.0,6.02,8.62,1.88,36.36,6.91,5.56,5.16,8.26,5.7,2.64,0.88,6.0,YAHOO,-0.8279,-1.0979,-0.6479,0.055926,4.6239,-2.2862,95.45,2026-11-18,56,,,yahoo,1.0,1.0,1.0,1.0,0.0,1.0,1.0,0.0,0.0,-3.8621,-8.5632,-9.6675,-7.774,16.9606,21.9869,8.1733,8.3913,9.3346,-9.339,-11.6939,-20.6182
HD,296.7200012207031,296.72,2026-09-23,False,296.67999267578125,304.1299133300781,-0.16,-26.56,BAJO,296034467840.0,20.75,18.52,17.82,104.3,12.14,12.86,8.41,3.64,14.84,3.8,1.08,4.0,YAHOO,-0.8279,-1.0979,-0.6479,0.055926,4.6239,-2.2862,95.45,2026-11-17,55,,,yahoo,1.0,0.0,1.0,1.0,1.0,0.0,0.0,0.0,0.0,-2.8676,-5.4128,-7.9466,-7.8728,7.5089,23.7766,335.4083,355.2818,400.654,-11.5347,-16.4832,-25.9411
DIS,103.45999908447266,103.46,2026-09-23,False,102.70500183105469,104.62000274658203,-0.74,-7.31,BAJO,178643025920.0,21.33,13.84,1.63,8.01,4.81,19.3,8.7,2.72,10.8,0.39,0.71,8.0,YAHOO,-0.8279,-1.0979,-0.6479,0.055926,4.6239,-2.2862,95.45,2026-11-12,50,,,yahoo,1.0,1.0,1.0,1.0,1.0,0.0,1.0,1.0,1.0,-2.7814,-1.5229,11.451,0.6981,27.4335,27.1993,111.25,111.25,114.9988,-7.0022,-7.0022,-10.0339
JNJ,269.1700134277344,269.17,2026-09-23,False,266.5400085449219,272.1400146484375,-0.11,55.05,BAJO,648672378880.0,31.26,22.18,7.63,25.74,8.6,29.19,21.48,2.6,19.41,0.58,1.09,3.0,YAHOO,-0.8279,-1.0979,-0.6479,0.055926,4.6239,-2.2862,95.45,2026-10-13,20,,,yahoo,1.0,1.0,1.0,0.0,0.0,0.0,0.0,0.0,0.0,0.7373,0.0186,4.3304,13.141,9.787,22.5558,278.43,278.43,278.43,-3.3258,-3.3258,-3.3258
LLY,1150.989990234375,1150.99,2026-09-23,False,1145.97998046875,1188.8800048828125,-1.19,54.24,BAJO,1026385379328.0,38.57,24.31,30.29,102.29,20.36,54.22,33.53,1.08,26.11,1.62,1.35,7.0,YAHOO,-0.8279,-1.0979,-0.6479,0.055926,4.6239,-2.2862,95.45,2026-10-29,36,,,yahoo,1.0,1.0,1.0,0.0,0.0,1.0,1.0,1.0,1.0,1.3097,2.4094,-2.8022,4.1153,17.8888,30.3169,1233.66,1280.34,1280.34,-6.7012,-10.1028,-10.1028
NVO,38.16999816894531,38.17,2026-09-23,False,38.15999984741211,39.13999938964844,-3.12,-33.51,BAJO,168588673024.0,9.57,11.29,4.94,59.81,18.73,42.54,35.35,22.35,1.55,0.63,0.87,4.0,YAHOO,-0.8279,-1.0979,-0.6479,0.055926,4.6239,-2.2862,95.45,2026-11-04,42,,,yahoo,1.0,0.0,1.0,1.0,0.0,1.0,0.0,0.0,0.0,-8.4872,-14.3402,-20.7346,-18.4608,56.6912,40.0104,47.51,50.9588,60.9379,-19.659,-25.0964,-37.3624
AMGN,406.0899963378906,406.09,2026-09-23,False,404.3399963378906,415.760009765625,3.29,44.7,BAJO,219545239552.0,25.25,16.62,18.78,91.47,8.67,35.55,22.95,3.94,15.22,4.9,1.37,7.0,YAHOO,-0.8279,-1.0979,-0.6479,0.055926,4.6239,-2.2862,95.45,2026-11-03,41,,,yahoo,1.0,1.0,1.0,1.0,1.0,0.0,0.0,1.0,1.0,8.1033,3.2861,9.9497,17.7093,15.9579,34.0703,444.12,444.12,444.12,-8.563,-8.563,-8.563
UNH,371.2900085449219,371.29,2026-09-23,False,366.0,372.6099853515625,-1.66,8.81,BAJO,333267992576.0,23.88,16.42,3.41,14.15,4.87,7.13,3.14,7.28,14.4,0.69,0.78,6.0,YAHOO,-0.8279,-1.0979,-0.6479,0.055926,4.6239,-2.2862,95.45,2026-10-13,20,,,yahoo,1.0,0.0,1.0,1.0,1.0,0.0,1.0,0.0,1.0,-1.2343,-6.8017,-11.8009,-8.7169,15.1064,22.7606,398.5559,433.6796,433.6796,-6.8412,-14.3861,-14.3861
PFE,28.18000030517578,28.18,2026-09-23,False,27.84000015258789,28.229999542236328,1.59,24.16,BAJO,160616808448.0,36.6,9.73,1.89,5.01,5.78,27.88,6.8,7.77,8.38,0.74,1.27,5.0,YAHOO,-0.8279,-1.0979,-0.6479,0.055926,4.6239,-2.2862,95.45,2026-11-03,41,,,yahoo,1.0,0.0,1.0,1.0,0.0,0.0,0.0,1.0,1.0,2.2868,1.4034,14.6461,15.991,10.6104,20.0475,29.02,29.02,29.02,-2.8946,-2.8946,-2.8946
ABT,103.48999786376953,103.49,2026-09-23,False,102.66000366210938,104.30999755859375,0.5,-22.9,BAJO,179077365760.0,33.49,17.06,3.5,10.58,5.33,14.71,11.65,4.03,17.74,0.63,1.38,5.0,YAHOO,-0.8279,-1.0979,-0.6479,0.055926,4.6239,-2.2862,95.45,2026-10-14,21,,,yahoo,1.0,0.0,1.0,1.0,1.0,0.0,0.0,1.0,0.0,1.431,-1.9238,2.7196,15.131,4.3646,31.9609,116.13,116.67,133.5335,-10.8844,-11.2968,-22.4989
CVS,85.86000061035156,85.86,2026-09-23,False,85.66999816894531,86.9800033569336,-1.99,14.98,BAJO,109812400128.0,22.65,10.07,1.38,6.21,2.97,3.86,1.18,7.35,10.33,0.96,0.87,6.0,YAHOO,-0.8279,-1.0979,-0.6479,0.055926,4.6239,-2.2862,95.45,2026-10-28,35,,,yahoo,1.0,0.0,1.0,1.0,1.0,1.0,0.0,0.0,1.0,-9.1332,-10.6277,-19.6744,-14.9438,3.9543,25.9497,97.6,109.9195,109.9195,-12.0287,-21.8883,-21.8883
ABBV,265.0799865722656,265.08,2026-09-23,False,263.5885009765625,269.3900146484375,0.23,21.95,BAJO,468427440128.0,74.67,16.3,-78.92,,10.51,40.03,9.8,3.6,17.33,,0.81,7.0,YAHOO,-0.8279,-1.0979,-0.6479,0.055926,4.6239,-2.2862,95.45,2026-10-29,36,,,yahoo,1.0,0.0,1.0,1.0,1.0,1.0,0.0,1.0,1.0,0.7755,6.552,3.1761,13.719,3.9244,23.7555,265.79,265.97,265.97,-0.2671,-0.3346,-0.3346
TMO,665.2999877929688,665.3,2026-09-23,False,655.7802734375,671.469970703125,0.99,41.31,BAJO,245992865792.0,35.83,24.15,4.67,13.51,5.13,18.75,15.04,2.54,24.24,0.81,1.55,5.0,YAHOO,-0.8279,-1.0979,-0.6479,0.055926,4.6239,-2.2862,95.45,2026-10-21,28,,,yahoo,1.0,0.0,1.0,1.0,0.0,1.0,1.0,0.0,0.0,3.7278,10.4126,16.3353,41.8579,18.2719,29.2024,665.3,665.3,665.3,0.0,0.0,0.0
AZN,163.3300018310547,163.33,2026-09-23,False,163.3300018310547,167.58999633789062,-2.84,7.8,BAJO,253307830272.0,24.45,14.1,5.04,21.96,8.02,23.46,17.02,1.94,14.11,0.64,0.89,7.0,YAHOO,-0.8279,-1.0979,-0.6479,0.055926,4.6239,-2.2862,95.45,2026-10-30,37,,,yahoo,1.0,1.0,1.0,1.0,1.0,1.0,0.0,1.0,0.0,0.9144,2.0557,-2.9358,-9.7724,33.6562,34.2816,169.66,195.15,208.62,-3.731,-16.3054,-21.7093
CAH,221.27000427246094,221.27,2026-09-23,False,220.9600067138672,225.63999938964844,-1.98,43.78,BAJO,51237138432.0,30.56,15.72,-17.88,,3.72,1.33,0.67,9.28,13.38,,0.88,8.0,YAHOO,-0.8279,-1.0979,-0.6479,0.055926,4.6239,-2.2862,95.45,2026-11-05,43,,,yahoo,1.0,1.0,1.0,1.0,1.0,0.0,1.0,1.0,1.0,-4.8915,-7.992,-2.0843,-3.1271,20.95,22.6758,248.61,248.61,248.61,-10.9971,-10.9971,-10.9971
ISRG,398.29998779296875,398.3,2026-09-23,False,396.04998779296875,404.44000244140625,-0.83,-11.86,BAJO,142702149632.0,45.62,32.94,7.76,17.42,10.51,33.6,28.45,1.83,32.44,,4.96,7.0,YAHOO,-0.8279,-1.0979,-0.6479,0.055926,4.6239,-2.2862,95.45,2026-10-20,27,,,yahoo,1.0,1.0,1.0,1.0,0.0,1.0,1.0,0.0,1.0,5.605,13.748,19.9627,-1.2104,25.0403,49.0323,401.65,432.83,592.85,-0.8341,-7.9777,-32.8161
MRNA,182.11000061035156,182.11,2026-09-23,False,181.3000030517578,192.30999755859375,-0.25,605.31,BAJO,72704851968.0,,-40.75,10.75,-39.0,-13.26,-557.93,-141.43,0.41,-31.37,0.19,2.29,3.0,YAHOO,-0.8279,-1.0979,-0.6479,0.055926,4.6239,-2.2862,95.45,2026-11-05,43,,,yahoo,0.0,1.0,0.0,1.0,0.0,0.0,0.0,1.0,0.0,25.0584,34.2895,236.8041,201.4068,105.1094,377.5119,182.56,182.56,182.56,-0.2465,-0.2465,-0.2465
NVS,142.7100067138672,142.71,2026-09-23,False,142.02499389648438,143.94000244140625,1.23,18.91,BAJO,271251030016.0,21.52,14.51,6.53,30.35,10.25,34.62,22.5,4.39,13.55,1.17,0.86,8.0,YAHOO,-0.8279,-1.0979,-0.6479,0.055926,4.6239,-2.2862,95.45,2026-10-27,34,,,yahoo,1.0,1.0,1.0,1.0,0.0,1.0,1.0,1.0,1.0,2.9505,3.6384,-8.6013,-6.9566,14.0404,38.9073,163.09,163.09,163.6393,-12.4962,-12.4962,-12.7899
PHG,24.450000762939453,24.45,2026-09-23,False,24.440000534057617,24.81999969482422,-1.81,-9.44,BAJO,23898101760.0,18.66,12.84,1.82,10.15,4.07,13.99,6.31,6.39,12.25,0.65,1.26,7.0,YAHOO,-0.8279,-1.0979,-0.6479,0.055926,4.6239,-2.2862,95.45,2026-11-03,41,,,yahoo,1.0,1.0,1.0,1.0,0.0,1.0,0.0,1.0,1.0,-1.8072,-3.3215,-6.0699,-8.1172,17.8404,23.4836,27.43,28.23,31.6757,-10.864,-13.39,-22.8115
MRK,148.0800018310547,148.08,2026-09-23,False,146.88999938964844,151.52000427246094,-0.95,89.81,BAJO,365338787840.0,118.46,15.53,8.72,6.96,11.87,-0.24,4.77,4.15,14.28,1.28,1.32,4.0,YAHOO,-0.8279,-1.0979,-0.6479,0.055926,4.6239,-2.2862,95.45,2026-10-29,36,,,yahoo,1.0,0.0,1.0,0.0,0.0,1.0,1.0,0.0,0.0,2.9835,0.3328,14.1586,24.5435,21.1563,35.9716,155.5319,155.5319,155.5319,-4.7912,-4.7912,-4.7912
GILD,151.3699951171875,151.37,2026-09-23,False,150.05999755859375,154.1999053955078,0.54,34.77,BAJO,187692007424.0,,15.31,15.88,-20.68,14.09,33.68,-10.64,5.2,14.31,2.23,1.26,8.0,YAHOO,-0.8279,-1.0979,-0.6479,0.055926,4.6239,-2.2862,95.45,2026-10-29,36,,,yahoo,1.0,1.0,1.0,1.0,1.0,0.0,1.0,1.0,1.0,3.4655,3.807,16.3247,21.7293,17.9027,28.3633,151.37,151.37,153.0467,0.0,0.0,-1.0955
BMY,61.150001525878906,61.15,2026-09-23,False,61.07500076293945,62.650001525878906,-2.35,41.88,BAJO,124912001024.0,13.47,9.31,5.6,46.6,10.72,34.42,18.87,6.5,8.39,2.02,1.53,8.0,YAHOO,-0.8279,-1.0979,-0.6479,0.055926,4.6239,-2.2862,95.45,2026-10-29,36,,,yahoo,1.0,1.0,1.0,1.0,1.0,1.0,0.0,1.0,1.0,-4.0483,-5.4723,-0.5853,11.3637,17.7833,27.5027,68.09,68.09,68.09,-10.1924,-10.1924,-10.1924
HIMS,28.389999389648438,28.39,2026-09-23,False,28.31999969482422,30.954999923706055,-6.7,-50.12,BAJO,6623767552.0,,34.75,20.44,-32.03,-2.21,-12.75,-5.51,12.82,-766.92,4.77,0.93,4.0,YAHOO,-0.8279,-1.0979,-0.6479,0.055926,4.6239,-2.2862,95.45,2026-11-09,47,,,yahoo,1.0,0.0,1.0,1.0,0.0,1.0,0.0,0.0,0.0,1.3929,1.7563,1.068,-13.1804,82.4953,86.7197,31.66,38.28,62.76,-10.3285,-25.8359,-54.7642
CAT,812.02001953125,812.02,2026-09-23,False,798.530029296875,816.760009765625,-0.55,73.04,BAJO,373265203200.0,35.02,25.08,19.25,56.97,9.03,22.18,14.51,1.35,25.38,2.33,1.37,6.0,YAHOO,-0.8279,-1.0979,-0.6479,0.055926,4.6239,-2.2862,95.45,2026-10-29,36,,,yahoo,1.0,0.0,1.0,1.0,1.0,1.0,1.0,0.0,0.0,3.6348,-1.2718,-9.2248,-17.3447,17.21,37.4881,822.48,1062.9282,1062.9282,-1.2718,-23.6054,-23.6054
GE,319.79998779296875,319.8,2026-09-23,False,317.6199951171875,325.9200134277344,0.25,4.35,BAJO,331812470784.0,37.67,35.2,18.81,48.23,5.07,20.57,17.72,1.99,29.76,1.13,0.98,6.0,YAHOO,-0.8279,-1.0979,-0.6479,0.055926,4.6239,-2.2862,95.45,2026-10-20,27,,,yahoo,1.0,1.0,1.0,0.0,0.0,0.0,1.0,1.0,1.0,4.1524,-4.5117,-8.3668,-10.1752,10.1724,29.2196,354.39,381.22,381.22,-9.7604,-16.1114,-16.1114
LMT,524.6799926757812,524.68,2026-09-23,False,523.2100219726562,534.9299926757812,-2.0,9.78,BAJO,121091293184.0,19.35,16.02,13.76,89.17,8.64,11.96,8.16,4.59,14.18,2.34,1.19,6.0,YAHOO,-0.8279,-1.0979,-0.6479,0.055926,4.6239,-2.2862,95.45,2026-10-20,27,,,yahoo,1.0,0.0,1.0,1.0,1.0,0.0,1.0,1.0,0.0,-1.6459,-2.1393,-7.1519,4.8157,17.3201,33.3207,562.4114,604.9383,668.1661,-6.7089,-13.2672,-21.4746
RTX,192.19000244140625,192.19,2026-09-23,False,190.72999572753906,195.0699005126953,-1.11,20.67,BAJO,259025633280.0,33.9,24.48,3.9,12.27,4.21,12.7,8.28,3.81,18.33,0.57,1.01,8.0,YAHOO,-0.8279,-1.0979,-0.6479,0.055926,4.6239,-2.2862,95.45,2026-10-20,27,,,yahoo,1.0,1.0,1.0,1.0,1.0,1.0,0.0,1.0,1.0,-1.6931,-3.3298,-7.8082,3.4543,15.079,25.5985,212.08,225.49,225.49,-9.3785,-14.7678,-14.7678
UAL,110.72000122070312,110.72,2026-09-23,False,110.47000122070312,114.29779815673828,-3.21,5.51,BAJO,35936362496.0,10.37,7.6,2.15,23.25,3.38,5.53,5.56,2.53,7.67,2.02,0.78,7.0,YAHOO,-0.8279,-1.0979,-0.6479,0.055926,4.6239,-2.2862,95.45,2026-10-21,28,,,yahoo,1.0,1.0,1.0,1.0,1.0,0.0,1.0,0.0,1.0,3.5541,2.2912,-4.0139,-8.9099,54.6918,38.0713,117.41,135.99,136.11,-5.698,-18.5823,-18.654
F,12.9399995803833,12.94,2026-09-23,False,12.869999885559082,13.100000381469727,-1.22,14.64,BAJO,51599486976.0,,6.62,1.44,-18.25,0.35,1.88,-3.94,-15.39,25.23,4.57,1.09,2.0,YAHOO,-0.8279,-1.0979,-0.6479,0.055926,4.6239,-2.2862,95.45,2026-10-22,29,,,yahoo,0.0,0.0,1.0,1.0,0.0,0.0,0.0,0.0,0.0,-3.0712,-3.7918,-8.976,-5.4903,18.9322,31.8597,14.62,15.1163,17.2531,-11.4911,-14.397,-24.9992
AAL,13.350000381469727,13.35,2026-09-23,False,13.300000190734863,13.529999732971191,-1.91,8.7,BAJO,8837298176.0,,6.16,-2.22,,1.12,2.81,-0.56,5.88,10.74,,0.53,4.0,YAHOO,-0.8279,-1.0979,-0.6479,0.055926,4.6239,-2.2862,95.45,2026-10-22,29,,,yahoo,1.0,0.0,1.0,1.0,0.0,0.0,0.0,0.0,1.0,5.1181,3.1685,-7.8039,-23.4518,44.2216,43.5501,13.84,18.15,18.15,-3.5405,-26.4463,-26.4463
UNP,275.5299987792969,275.53,2026-09-23,False,273.92999267578125,277.3800048828125,2.19,22.59,BAJO,163685629952.0,22.31,19.44,8.42,39.7,9.27,40.98,28.85,2.88,14.91,1.51,0.99,8.0,YAHOO,-0.8279,-1.0979,-0.6479,0.055926,4.6239,-2.2862,95.45,2026-10-22,29,,,yahoo,1.0,1.0,1.0,1.0,1.0,1.0,1.0,1.0,0.0,-2.979,-4.4791,-9.0433,7.0371,38.465,22.1853,309.1852,309.1852,309.1852,-10.8851,-10.8851,-10.8851
FDX,291.5,291.5,2026-09-23,False,291.3999938964844,295.9898986816406,-1.45,56.6,BAJO,68989427712.0,15.71,13.97,2.21,14.85,5.01,11.13,4.68,8.2,8.39,1.36,1.48,5.0,YAHOO,-0.8279,-1.0979,-0.6479,0.055926,4.6239,-2.2862,95.45,2026-10-28,35,,,yahoo,1.0,0.0,1.0,1.0,0.0,1.0,0.0,1.0,0.0,-5.437,-6.8397,-7.2795,-7.753,26.5074,23.7971,334.6761,338.023,338.023,-12.9009,-13.7633,-13.7633
PCAR,112.08999633789062,112.09,2026-09-23,False,111.9000015258789,113.88999938964844,-2.3,16.68,BAJO,59000246272.0,23.6,15.52,2.9,12.76,4.12,12.02,9.0,3.29,20.2,0.73,5.52,4.0,YAHOO,-0.8279,-1.0979,-0.6479,0.055926,4.6239,-2.2862,95.45,2026-10-27,34,,,yahoo,1.0,0.0,1.0,1.0,0.0,1.0,0.0,0.0,0.0,-8.4681,-8.498,-14.0445,-3.7619,10.8015,25.8849,129.23,137.845,137.845,-13.2632,-18.684,-18.684
MMM,170.3000030517578,170.3,2026-09-23,False,167.83999633789062,170.42999267578125,3.23,10.16,BAJO,87827529728.0,30.2,17.4,29.75,81.89,8.74,20.35,11.9,7.23,14.68,4.38,1.24,5.0,YAHOO,-0.8279,-1.0979,-0.6479,0.055926,4.6239,-2.2862,95.45,2026-10-20,27,,,yahoo,1.0,0.0,1.0,0.0,0.0,1.0,1.0,0.0,1.0,3.419,1.6595,0.8583,5.688,24.9932,25.498,180.0,182.979,182.979,-5.3889,-6.9292,-6.9292
PAC,207.41000366210938,207.41,2026-09-23,False,206.1649932861328,209.5,-0.28,-19.54,BAJO,12341272576.0,19.38,16.38,577.27,28.03,10.47,44.16,30.83,55.89,81.64,1.18,0.74,7.0,YAHOO,-0.8279,-1.0979,-0.6479,0.055926,4.6239,-2.2862,95.45,2026-10-19,26,,,yahoo,1.0,1.0,1.0,1.0,0.0,1.0,1.0,0.0,1.0,2.2833,0.9884,-3.7317,-15.0307,26.5875,26.2677,214.87,254.56,300.41,-3.4719,-18.5222,-30.9577
GT,5.340000152587891,5.34,2026-09-23,False,5.275000095367432,5.440000057220459,6.37,-36.01,BAJO,1537379328.0,,10.13,0.54,-61.53,0.51,-0.96,-14.37,32.34,9.26,2.74,1.09,5.0,YAHOO,-0.8279,-1.0979,-0.6479,0.055926,4.6239,-2.2862,95.45,2026-11-03,41,,,yahoo,0.0,0.0,1.0,1.0,1.0,1.0,0.0,0.0,1.0,1.7143,-8.7179,-24.0398,-9.4915,59.0237,47.0968,6.35,7.45,10.54,-15.9055,-28.3221,-49.3359
BA,199.92999267578125,199.93,2026-09-23,False,198.2053985595703,204.06500244140625,1.12,-8.4,BAJO,158018682880.0,71.66,48.88,25.91,173.54,-1.98,0.0,2.59,3.56,-63.92,7.91,1.14,6.0,YAHOO,-0.8279,-1.0979,-0.6479,0.055926,4.6239,-2.2862,95.45,2026-10-28,35,,,yahoo,1.0,1.0,1.0,0.0,1.0,0.0,0.0,1.0,1.0,-1.0052,-3.1441,-4.5771,-9.2259,22.7718,33.8121,212.25,240.19,252.15,-5.8045,-16.7617,-20.7099
HON,212.57000732421875,212.57,2026-09-23,False,209.6199951171875,213.0050048828125,2.95,3.94,BAJO,67371937792.0,8.17,21.39,3.63,46.58,5.72,20.25,21.58,3.87,10.98,1.85,1.21,5.0,YAHOO,-0.8279,-1.0979,-0.6479,0.055926,4.6239,-2.2862,95.45,2026-10-22,29,,,yahoo,1.0,0.0,1.0,1.0,0.0,0.0,1.0,0.0,1.0,4.4878,2.0793,-13.4252,-8.5786,25.2657,28.7054,220.67,248.0457,257.9406,-3.6706,-14.3021,-17.5895
MOS,24.3700008392334,24.37,2026-09-23,False,24.295000076293945,25.065000534057617,1.25,-26.44,BAJO,7747117056.0,,15.58,0.68,-5.07,1.24,-0.12,-5.21,-9.63,7.97,0.52,1.34,7.0,YAHOO,-0.8279,-1.0979,-0.6479,0.055926,4.6239,-2.2862,95.45,2026-11-03,41,,,yahoo,1.0,1.0,1.0,1.0,0.0,1.0,0.0,1.0,1.0,-4.2812,-7.3642,10.3065,15.6531,43.4049,38.6684,26.3073,26.3073,34.6571,-7.3642,-7.3642,-29.6825
BG,111.4800033569336,111.48,2026-09-23,False,109.7699966430664,112.61499786376953,-1.0,44.91,BAJO,21417439232.0,24.03,9.9,1.34,7.18,3.47,4.62,1.1,-30.23,12.52,0.98,1.57,3.0,YAHOO,-0.8279,-1.0979,-0.6479,0.055926,4.6239,-2.2862,95.45,2026-11-04,42,,,yahoo,1.0,0.0,1.0,1.0,0.0,0.0,0.0,0.0,0.0,-8.4428,-10.0169,-8.2724,1.1933,35.4914,35.9056,124.59,124.59,130.5866,-10.5225,-10.5225,-14.6314
RKLB,70.30999755859375,70.31,2026-09-23,False,70.08000183105469,73.56999969482422,-2.32,32.07,BAJO,44956987392.0,,1543.24,12.04,-7.92,-4.62,-24.57,-21.51,-0.56,-265.05,0.04,5.48,5.0,YAHOO,-0.8279,-1.0979,-0.6479,0.055926,4.6239,-2.2862,95.45,2026-11-09,47,,,yahoo,0.0,1.0,0.0,1.0,1.0,1.0,0.0,1.0,0.0,10.3768,11.4793,10.0141,-17.6794,92.0788,71.5722,71.98,101.65,150.23,-2.3201,-30.8313,-53.1984
ONDS,7.400000095367432,7.4,2026-09-23,False,7.380000114440918,7.980000019073486,-4.15,-6.91,BAJO,4308952576.0,,-370.0,2.5,19.32,-8.37,-166.3,96.25,-1.6,-15.94,0.03,9.85,5.0,YAHOO,-0.8279,-1.0979,-0.6479,0.055926,4.6239,-2.2862,95.45,2026-11-12,50,,,yahoo,0.0,1.0,0.0,1.0,1.0,1.0,0.0,1.0,0.0,2.7778,1.5089,-5.1282,-3.6458,56.793,81.0171,8.75,9.77,14.01,-15.4286,-24.2579,-47.1806
SMSN.IL,5100.0,5100.0,2026-09-21,False,4974.0,5175.0,1.8,243.4,BAJO,1377554530560.0,52.57,80.84,0.0,10.64,2.3,6.08,13.13,-977.09,-1.44,0.03,2.88,6.0,YAHOO,-0.8279,-1.0979,-0.6479,0.055926,4.6239,-2.2862,95.45,2026-10-28,35,,,yahoo,1.0,1.0,1.0,1.0,0.0,0.0,0.0,1.0,1.0,12.5828,0.691,13.7377,-6.1337,64.6101,76.8336,5100.0,5390.0,6002.5513,0.0,-5.3803,-15.0361
ADS.DE,146.85000610351562,146.85,2026-09-21,False,143.5500030517578,148.75,2.58,-17.22,BAJO,25287831552.0,18.52,12.42,4.25,24.32,6.7,8.51,5.3,3.77,11.3,0.94,1.39,6.0,YAHOO,-0.8279,-1.0979,-0.6479,0.055926,4.6239,-2.2862,95.45,2026-10-29,36,,,yahoo,1.0,1.0,1.0,0.0,0.0,1.0,0.0,1.0,1.0,3.4884,-0.6764,-15.409,-17.4536,27.3513,35.6885,154.2,187.9,191.3097,-4.7665,-21.8467,-23.2397
BAYN.DE,49.54999923706055,49.55,2026-09-21,False,48.54999923706055,49.54999923706055,1.06,80.14,BAJO,48443330560.0,,10.22,1.64,-5.69,3.18,9.19,-3.83,13.55,8.08,1.29,1.04,6.0,YAHOO,-0.8279,-1.0979,-0.6479,0.055926,4.6239,-2.2862,95.45,2026-11-03,41,,,yahoo,0.0,0.0,1.0,1.0,1.0,0.0,1.0,1.0,1.0,1.7245,0.2833,7.5771,5.4255,26.4886,29.2969,49.55,53.36,53.36,0.0,-7.1402,-7.1402
RIOT,24.690000534057617,24.69,2026-09-23,False,24.420000076293945,25.269899368286133,-0.96,43.82,BAJO,9265143808.0,,-26.4,4.26,-48.24,-21.2,-122.33,-196.28,-7.76,-10.86,0.4,1.58,2.0,YAHOO,-0.8279,-1.0979,-0.6479,0.055926,4.6239,-2.2862,95.45,2026-10-29,36,,,yahoo,0.0,0.0,0.0,0.0,0.0,0.0,0.0,1.0,1.0,21.3268,11.8713,9.5872,-9.9562,63.3866,99.5277,24.93,27.38,28.69,-0.9627,-9.8247,-13.9421
OKLO,38.81999969482422,38.82,2026-09-23,False,38.7599983215332,40.36750030517578,-4.03,-73.6,BAJO,7221204992.0,,-38.46,2.19,-7.7,-6.65,-6048.76,0.0,-3.31,-21.96,0.0,48.46,4.0,YAHOO,-0.8279,-1.0979,-0.6479,0.055926,4.6239,-2.2862,95.45,2026-11-10,48,,,yahoo,0.0,1.0,0.0,1.0,1.0,1.0,0.0,0.0,0.0,8.9837,-8.809,-3.5528,-28.1909,74.5282,85.4596,43.31,52.45,174.14,-10.3671,-25.9867,-77.7076
SATL,5.510000228881836,5.51,2026-09-23,False,5.460000038146973,5.739999771118164,-4.01,46.51,BAJO,847106880.0,,-183.67,25.05,,-9.86,1.67,0.0,-2.22,-53.35,2.85,2.34,4.0,YAHOO,-0.8279,-1.0979,-0.6479,0.055926,4.6239,-2.2862,95.45,2026-11-12,50,,,yahoo,0.0,1.0,0.0,0.0,1.0,1.0,0.0,1.0,0.0,11.3131,10.4209,53.4819,9.3254,116.4428,94.9427,5.74,5.98,10.74,-4.007,-7.8595,-48.6965
JMIA,6.940000057220459,6.94,2026-09-23,False,6.840000152587891,7.0,-0.43,-39.56,BAJO,927363328.0,,-20.41,991.43,-216.21,-25.23,-23.8,-27.54,-3.0,-15.42,37.95,0.88,3.0,YAHOO,-0.8279,-1.0979,-0.6479,0.055926,4.6239,-2.2862,95.45,2026-11-11,49,,,yahoo,0.0,1.0,0.0,1.0,0.0,0.0,0.0,0.0,1.0,-5.0616,-4.1436,17.032,9.9842,16.976,51.98,7.52,7.52,14.6,-7.7128,-7.7128,-52.4658
LAR,5.78000020980835,5.78,2026-09-23,False,5.760000228881836,5.940000057220459,-2.36,79.81,BAJO,948498048.0,,16.88,1.2,-6.58,-2.05,0.0,0.0,-1.73,-30.96,0.3,0.47,1.0,YAHOO,-0.8279,-1.0979,-0.6479,0.055926,4.6239,-2.2862,95.45,2026-11-09,47,,,yahoo,0.0,0.0,0.0,1.0,0.0,0.0,0.0,0.0,0.0,1.94,-13.7313,-4.7776,-31.5166,43.5637,64.5973,6.91,8.27,11.79,-16.3531,-30.1088,-50.9754
NG,7.260000228881836,7.26,2026-09-23,False,7.099999904632568,7.550000190734863,-1.36,-6.9,BAJO,3185547264.0,,-36.74,7.56,-24.63,-4.36,0.0,0.0,-0.75,-92.37,0.41,112.82,4.0,YAHOO,-0.8279,-1.0979,-0.6479,0.055926,4.6239,-2.2862,95.45,2026-09-30,7,,,yahoo,0.0,1.0,0.0,1.0,1.0,1.0,0.0,0.0,0.0,0.1379,-8.1013,22.6351,0.554,60.5164,71.046,9.77,9.77,14.2,-25.6909,-25.6909,-48.8732
PBI,16.270000457763672,16.27,2026-09-23,False,16.2450008392334,16.549999237060547,-1.63,39.37,BAJO,2230457856.0,13.23,8.93,-2.58,,8.41,21.68,10.04,10.48,7.83,,0.73,7.0,YAHOO,-0.8279,-1.0979,-0.6479,0.055926,4.6239,-2.2862,95.45,2026-11-05,43,,,yahoo,1.0,1.0,1.0,1.0,0.0,0.0,1.0,1.0,1.0,-6.0624,-4.2378,-8.3253,-4.0238,18.3953,28.1262,17.58,18.4037,18.4037,-7.4516,-11.5941,-11.5941
TEM,76.58999633789062,76.59,2026-09-23,False,75.88999938964844,78.97000122070312,-0.78,-9.78,BAJO,13819497472.0,,-9432.27,31.0,-67.44,-8.55,-20.11,-17.77,-0.68,-75.28,3.25,3.3,4.0,YAHOO,-0.8279,-1.0979,-0.6479,0.055926,4.6239,-2.2862,95.45,2026-11-03,41,,,yahoo,0.0,1.0,0.0,1.0,0.0,1.0,0.0,1.0,0.0,9.4612,24.9837,79.4097,47.4586,22.499,94.4842,80.36,80.36,103.25,-4.6914,-4.6914,-25.8208
MRSH,170.3800048828125,170.38,2026-09-23,False,169.4600067138672,171.51499938964844,-1.35,-12.76,BAJO,81307254784.0,21.14,14.93,5.36,25.9,7.24,26.32,14.24,5.89,13.18,1.45,1.14,6.0,YAHOO,-0.8279,-1.0979,-0.6479,0.055926,4.6239,-2.2862,95.45,2026-10-15,22,,,yahoo,1.0,0.0,1.0,1.0,1.0,0.0,1.0,0.0,1.0,-5.2181,-5.6171,-3.4127,4.58,12.2901,26.762,193.4,197.59,203.7672,-11.9028,-13.7709,-16.385
CEPU,13.430000305175781,13.43,2026-09-23,False,13.270000457763672,13.65999984741211,0.37,51.1,BAJO,2014315264.0,6.4,8.0,1.03,19.03,7.21,24.84,28.78,-2082.66,1.24,0.33,1.28,7.0,YAHOO,-0.8279,-1.0979,-0.6479,0.055926,4.6239,-2.2862,95.45,2026-11-11,49,,,yahoo,1.0,1.0,1.0,1.0,0.0,1.0,1.0,0.0,1.0,-2.8923,-4.5487,-11.9921,-11.0596,85.3573,40.0355,14.48,15.5,17.95,-7.2514,-13.3548,-25.1811
BMA,72.0,72.0,2026-09-23,False,72.0,75.58999633789062,-4.27,55.57,BAJO,4603610112.0,18.65,6.39,1.11,5.36,1.31,26.07,8.39,,,,,5.0,YAHOO,-0.8279,-1.0979,-0.6479,0.055926,4.6239,-2.2862,95.45,2026-11-25,63,,,yahoo,,,,,,,,,,-5.2881,-8.046,-21.4231,-22.9599,37.0808,43.2313,79.18,97.63,101.1279,-9.0679,-26.2522,-28.803
SUPV,7.610000133514404,7.61,2026-09-23,False,7.600100040435791,8.079999923706055,-4.76,23.53,BAJO,719207488.0,,6.2,0.86,-8.01,-1.15,3.31,-11.23,,,,,2.0,YAHOO,-0.8279,-1.0979,-0.6479,0.055926,4.6239,-2.2862,95.45,2026-11-17,55,,,yahoo,0.0,0.0,1.0,1.0,0.0,0.0,0.0,0.0,0.0,-8.753,-12.5287,-21.303,-24.8024,38.6529,52.5569,8.86,10.29,12.86,-14.1083,-26.0447,-40.8243
EDN,22.690000534057617,22.69,2026-09-23,False,22.555200576782227,23.579999923706055,-3.69,20.65,BAJO,1079458305.7473564,6.96,16.67,0.55,9.59,3.09,5.14,7.2,-10562.43,0.83,0.62,1.46,6.0,YAHOO,-0.8279,-1.0979,-0.6479,0.055926,4.6239,-2.2862,95.45,2026-11-06,44,,,yahoo,1.0,0.0,1.0,0.0,0.0,1.0,1.0,1.0,1.0,-5.0628,-8.1004,-14.6672,-10.8448,31.4993,41.5193,25.07,27.27,35.71,-9.4934,-16.795,-36.4604
TGS,27.40999984741211,27.41,2026-09-23,False,27.274999618530273,28.2450008392334,-1.72,21.0,BAJO,4126636032.0,12.35,10.47,1.76,15.98,9.91,40.71,28.02,8705.58,-0.48,0.43,3.67,6.0,YAHOO,-0.8279,-1.0979,-0.6479,0.055926,4.6239,-2.2862,95.45,2026-11-03,41,,,yahoo,1.0,0.0,1.0,1.0,0.0,1.0,1.0,1.0,0.0,-7.6482,-7.4299,-12.9841,-9.9244,20.3193,34.7654,30.74,31.83,35.32,-10.8328,-13.8863,-22.3952
TEO,13.979999542236328,13.98,2026-09-23,False,13.899999618530273,14.220000267028809,-0.78,87.34,BAJO,6021711478.783974,11.65,14.75,1.03,10.83,3.12,13.95,8.91,13460.03,1.98,0.67,0.58,6.0,YAHOO,-0.8279,-1.0979,-0.6479,0.055926,4.6239,-2.2862,95.45,2026-11-09,47,,,yahoo,,,,,,,,,,0.2869,6.8807,2.6432,7.2909,36.0278,32.3852,14.09,14.3,15.98,-0.7807,-2.2378,-12.5156
IRS,15.109999656677246,15.11,2026-09-23,False,14.920000076293945,15.380000114440918,-3.14,18.63,BAJO,1278298368.0,4.65,58.34,0.82,18.09,4.08,39.09,56.48,13056.6,3.32,0.42,0.74,2.0,YAHOO,-0.8279,-1.0979,-0.6479,0.055926,4.6239,-2.2862,95.45,2026-11-04,42,2026-09-04,19.0,yahoo,1.0,0.0,1.0,0.0,0.0,0.0,0.0,0.0,0.0,-1.6276,0.0,-0.264,-6.5554,56.3775,27.5593,16.02,16.1,18.41,-5.6804,-6.1491,-17.925
LOMA,9.460000038146973,9.46,2026-09-23,False,9.390000343322754,9.65999984741211,-1.66,19.08,BAJO,1103950080.0,39.42,12.29,1.29,3.82,2.65,6.84,5.13,-3115.81,1.63,0.24,2.25,5.0,YAHOO,-0.8279,-1.0979,-0.6479,0.055926,4.6239,-2.2862,95.45,2026-11-05,43,,,yahoo,1.0,0.0,1.0,1.0,0.0,1.0,1.0,0.0,0.0,-2.3736,-6.798,-20.6376,-22.459,18.3942,36.8379,10.41,12.19,13.12,-9.1258,-22.3954,-27.8963
GLOB,34.45000076293945,34.45,2026-09-23,False,34.45000076293945,35.619998931884766,-3.88,-40.09,BAJO,1487535744.0,13.46,5.56,0.7,5.48,4.67,4.86,4.63,,4.88,0.24,1.84,4.0,YAHOO,-0.8279,-1.0979,-0.6479,0.055926,4.6239,-2.2862,95.45,2026-11-19,57,,,yahoo,1.0,0.0,1.0,1.0,0.0,0.0,1.0,0.0,0.0,-14.0898,-7.1929,12.5449,17.6571,43.8034,62.0783,40.71,40.99,71.21,-15.3771,-15.9551,-51.622
BBAR,13.670000076293945,13.67,2026-09-23,False,13.670000076293945,14.3100004196167,-4.41,37.11,BAJO,2791915520.0,12.78,12.44,1.01,8.12,1.24,19.02,8.62,,,,,4.0,YAHOO,-0.8279,-1.0979,-0.6479,0.055926,4.6239,-2.2862,95.45,2026-11-24,62,2026-08-27,27.0,yahoo,1.0,0.0,1.0,1.0,0.0,0.0,1.0,0.0,0.0,-6.1126,-8.378,-27.2264,-32.4183,39.3994,49.8711,15.34,21.075,21.7253,-10.8866,-35.1366,-37.078
LND,3.5399999618530273,3.54,2026-09-23,False,3.5399999618530273,3.640000104904175,-1.94,-10.74,BAJO,352638713.9799719,,,0.9,-4.28,-1.3,-8.06,-10.07,-16.14,-31.27,0.71,1.54,2.0,YAHOO,-0.8279,-1.0979,-0.6479,0.055926,4.6239,-2.2862,95.45,2026-11-05,43,2026-09-03,20.0,finnhub,0.0,0.0,1.0,1.0,0.0,0.0,0.0,0.0,0.0,-1.1173,-7.0866,-3.8044,0.2833,20.1895,21.8355,3.87,3.87,4.37,-8.5271,-8.5271,-18.9931
AGRO,10.850000381469727,10.85,2026-09-23,False,10.739999771118164,11.138500213623047,-2.6,34.31,BAJO,1565741568.0,28.55,7.8,0.9,3.69,2.47,17.0,3.0,-8.2,8.85,1.24,1.73,2.0,YAHOO,-0.8279,-1.0979,-0.6479,0.055926,4.6239,-2.2862,95.45,2026-11-11,49,,,yahoo,0.0,0.0,1.0,1.0,0.0,0.0,0.0,0.0,0.0,-6.1419,-11.3562,0.7428,15.7951,37.0549,48.9894,12.46,12.46,15.18,-12.9213,-12.9213,-28.5244
USB,58.47999954223633,58.48,2026-09-23,False,58.41999816894531,59.380001068115234,-3.24,22.41,BAJO,91114848256.0,11.67,10.1,1.5,12.62,1.16,39.65,29.9,,,,,6.0,YAHOO,-0.8279,-1.0979,-0.6479,0.055926,4.6239,-2.2862,95.45,2026-10-15,22,,,yahoo,1.0,1.0,1.0,1.0,0.0,0.0,1.0,0.0,1.0,-6.0109,-6.417,-7.6583,-1.781,30.0056,21.2857,63.53,65.42,65.42,-7.949,-10.6084,-10.6084
IBKR,91.55999755859375,91.56,2026-09-23,False,90.9219970703125,93.5250015258789,-1.77,39.58,BAJO,156001353728.0,36.33,28.64,6.99,24.02,2.28,76.53,16.47,,,2.06,1.09,4.0,YAHOO,-0.8279,-1.0979,-0.6479,0.055926,4.6239,-2.2862,95.45,2026-10-20,27,,,yahoo,1.0,0.0,1.0,1.0,0.0,0.0,0.0,1.0,0.0,3.1081,0.6486,-0.1276,-3.2282,33.8776,43.1059,98.1012,98.1012,98.1012,-6.6678,-6.6678,-6.6678
DAL,81.75,81.75,2026-09-23,False,81.568603515625,83.12999725341797,-0.91,39.85,BAJO,53760684032.0,13.56,9.63,2.45,20.12,4.02,7.92,5.78,5.24,9.31,0.97,0.42,6.0,YAHOO,-0.8279,-1.0979,-0.6479,0.055926,4.6239,-2.2862,95.45,2026-10-09,16,,,yahoo,1.0,1.0,1.0,1.0,1.0,1.0,0.0,0.0,0.0,3.6253,3.5334,-0.2684,-5.4983,31.555,30.399,83.62,93.4293,93.4293,-2.2363,-12.5007,-12.5007
BIIB,227.52999877929688,227.53,2026-09-23,False,222.35499572753906,229.00999450683594,3.86,62.51,BAJO,33618466816.0,39.3,13.76,1.78,4.58,5.21,25.06,8.32,3.77,12.11,0.44,1.86,4.0,YAHOO,-0.8279,-1.0979,-0.6479,0.055926,4.6239,-2.2862,95.45,2026-10-28,35,,,yahoo,1.0,0.0,1.0,1.0,0.0,1.0,0.0,0.0,0.0,5.2551,7.0729,13.4134,15.3862,35.7661,37.7802,227.53,227.53,227.53,0.0,0.0,0.0
SYY,77.13999938964844,77.14,2026-09-23,False,77.04000091552734,78.97000122070312,-1.64,-4.33,BAJO,36993896448.0,21.02,14.36,13.85,77.69,7.97,4.84,2.08,5.17,11.18,5.65,1.28,6.0,YAHOO,-0.8279,-1.0979,-0.6479,0.055926,4.6239,-2.2862,95.45,2026-11-03,41,,,yahoo,1.0,0.0,1.0,1.0,1.0,1.0,0.0,1.0,0.0,-3.0905,-3.3818,-5.6161,-2.0544,14.7434,20.1875,83.54,85.32,89.8822,-7.661,-9.5874,-14.1765
MDT,89.30000305175781,89.3,2026-09-23,False,88.60900115966797,91.14559936523438,-2.67,-3.72,BAJO,114227019776.0,22.21,13.94,2.28,10.65,5.12,19.33,13.93,4.74,12.89,0.55,2.07,7.0,YAHOO,-0.8279,-1.0979,-0.6479,0.055926,4.6239,-2.2862,95.45,2026-11-17,55,2026-09-01,22.0,yahoo,1.0,1.0,1.0,1.0,0.0,1.0,1.0,0.0,1.0,-4.7467,-3.3445,8.8892,11.7521,19.6355,27.6809,94.17,94.17,102.8065,-5.1715,-5.1715,-13.1378
MS,198.38999938964844,198.39,2026-09-23,False,197.94000244140625,201.1199951171875,-3.75,25.39,BAJO,311584653312.0,16.04,14.54,2.93,17.97,1.34,41.57,25.9,,,5.17,2.0,3.0,YAHOO,-0.8279,-1.0979,-0.6479,0.055926,4.6239,-2.2862,95.45,2026-10-14,21,,,yahoo,1.0,1.0,0.0,0.0,0.0,0.0,1.0,0.0,0.0,-3.8249,-8.2547,-7.2952,-11.7453,37.4582,28.5964,217.72,227.2988,227.2988,-8.8784,-12.7184,-12.7184
O,55.61000061035156,55.61,2026-09-23,False,55.275001525878906,56.15999984741211,-1.84,-2.34,BAJO,52619186176.0,40.59,35.81,1.33,3.23,2.36,46.97,20.9,3.01,16.01,0.75,1.53,5.0,YAHOO,-0.8279,-1.0979,-0.6479,0.055926,4.6239,-2.2862,95.45,2026-11-02,40,,,yahoo,1.0,1.0,1.0,1.0,0.0,0.0,0.0,0.0,1.0,-5.2802,-8.8659,-13.3342,-8.4474,15.7478,16.9603,62.5553,65.1872,65.8234,-11.1026,-14.6918,-15.5164
DOW,28.649999618530273,28.65,2026-09-23,False,28.440000534057617,28.924999237060547,1.34,30.7,BAJO,20695062528.0,,16.1,1.3,-5.54,1.3,11.59,-3.13,1.15,9.44,1.12,1.75,3.0,YAHOO,-0.8279,-1.0979,-0.6479,0.055926,4.6239,-2.2862,95.45,2026-10-22,29,,,yahoo,0.0,0.0,1.0,1.0,0.0,1.0,0.0,0.0,0.0,-4.0201,-3.1113,-6.2056,-4.4429,27.663,36.4231,31.28,32.5226,40.973,-8.4079,-11.9074,-30.076
AVY,172.66000366210938,172.66,2026-09-23,False,170.99000549316406,173.85499572753906,1.97,7.32,BAJO,13085581312.0,18.89,15.44,5.64,31.16,8.39,13.59,7.62,7.68,10.99,1.59,1.13,5.0,YAHOO,-0.8279,-1.0979,-0.6479,0.055926,4.6239,-2.2862,95.45,2026-10-21,28,,,yahoo,1.0,0.0,1.0,1.0,0.0,1.0,1.0,0.0,0.0,0.6646,1.1482,11.8965,10.011,27.7429,27.3616,181.2765,182.6485,194.0973,-4.7532,-5.4687,-11.0446
SWKS,91.44999694824219,91.45,2026-09-23,False,89.4000015258789,92.79989624023438,3.05,15.37,BAJO,13760735232.0,46.9,18.43,2.4,5.09,3.44,8.82,7.23,3.26,15.5,0.12,3.1,6.0,YAHOO,-0.8279,-1.0979,-0.6479,0.055926,4.6239,-2.2862,95.45,2026-11-03,41,,,yahoo,1.0,0.0,1.0,1.0,1.0,0.0,1.0,0.0,1.0,1.6111,21.3187,51.232,24.5234,64.8226,62.2908,91.45,91.45,91.45,0.0,0.0,0.0
IP,35.70000076293945,35.7,2026-09-23,False,35.68000030517578,36.279998779296875,1.05,-20.01,BAJO,18905645056.0,,11.87,1.31,-16.48,1.59,2.3,-14.21,8.71,7.14,0.69,1.1,4.0,YAHOO,-0.8279,-1.0979,-0.6479,0.055926,4.6239,-2.2862,95.45,2026-10-28,35,,,yahoo,0.0,0.0,1.0,1.0,1.0,0.0,0.0,1.0,0.0,5.0309,-2.165,-4.7572,-1.2403,48.416,43.0514,41.39,43.5936,47.4479,-13.7473,-18.1072,-24.7595
LVS,39.189998626708984,39.19,2026-09-23,False,39.005001068115234,39.775001525878906,-2.66,-25.37,BAJO,25383407616.0,15.19,11.16,43.69,122.87,9.55,19.66,12.59,8.72,8.11,17.04,1.0,8.0,YAHOO,-0.8279,-1.0979,-0.6479,0.055926,4.6239,-2.2862,95.45,2026-10-21,28,,,yahoo,1.0,1.0,1.0,1.0,0.0,1.0,1.0,1.0,1.0,-5.04,-10.8913,-14.3162,-17.4199,22.5169,24.8752,47.27,49.5536,68.2933,-17.0933,-20.9139,-42.6152
KLAC,187.86000061035156,187.86,2026-09-23,False,181.72999572753906,188.0,2.11,75.5,BAJO,245447884800.0,51.47,28.02,38.67,87.5,20.8,42.49,35.57,1.07,40.74,0.97,2.88,7.0,YAHOO,-0.8279,-1.0979,-0.6479,0.055926,4.6239,-2.2862,95.45,2026-10-28,35,,,yahoo,1.0,1.0,1.0,0.0,1.0,1.0,1.0,1.0,0.0,11.8081,-0.5927,-14.0162,-23.0757,27.217,67.2784,188.98,301.3694,301.3694,-0.5927,-37.6645,-37.6645
DECK,78.58999633789062,78.59,2026-09-23,False,77.97000122070312,79.93710327148438,-2.04,-30.67,BAJO,10702531584.0,11.24,9.44,4.67,42.56,20.32,15.23,18.36,8.14,7.23,0.21,2.75,6.0,YAHOO,-0.8279,-1.0979,-0.6479,0.055926,4.6239,-2.2862,95.45,2026-10-22,29,,,yahoo,1.0,1.0,1.0,1.0,0.0,0.0,1.0,0.0,1.0,1.3934,-4.8547,-18.3311,-24.1629,37.6388,37.9103,89.47,109.03,120.94,-12.1605,-27.9189,-35.0174
IFF,85.70999908447266,85.71,2026-09-23,False,85.04000091552734,85.9800033569336,2.52,40.55,BAJO,21868904448.0,,21.64,1.57,-5.55,2.27,8.49,2.57,-7.87,14.45,0.45,2.06,5.0,YAHOO,-0.8279,-1.0979,-0.6479,0.055926,4.6239,-2.2862,95.45,2026-11-03,41,,,yahoo,0.0,0.0,1.0,1.0,1.0,0.0,0.0,1.0,1.0,2.2266,0.5789,16.7354,15.2666,28.4383,33.752,87.5357,87.6551,87.6551,-2.0856,-2.2191,-2.2191
SNA,370.25,370.25,2026-09-23,False,369.0,372.8599853515625,0.14,10.98,BAJO,19151968256.0,18.78,17.35,3.17,17.93,9.85,25.4,19.6,5.79,13.31,0.22,3.43,6.0,YAHOO,-0.8279,-1.0979,-0.6479,0.055926,4.6239,-2.2862,95.45,2026-10-15,22,,,yahoo,1.0,0.0,1.0,1.0,1.0,1.0,1.0,0.0,0.0,-1.2193,-2.535,-5.7821,-3.4477,6.173,17.2312,397.48,416.7245,416.7245,-6.8507,-11.1523,-11.1523
NUE,246.97999572753906,246.98,2026-09-23,False,243.00010681152344,249.44000244140625,1.89,84.23,BAJO,56033755136.0,19.45,12.49,2.53,14.55,7.32,15.67,7.99,1.22,10.84,0.31,2.51,6.0,YAHOO,-0.8279,-1.0979,-0.6479,0.055926,4.6239,-2.2862,95.45,2026-10-26,33,,,yahoo,1.0,0.0,1.0,1.0,0.0,1.0,1.0,0.0,1.0,-4.5746,-3.6739,2.4176,3.3204,61.9418,36.11,265.14,274.74,274.74,-6.8492,-10.1041,-10.1041
PLD,133.9600067138672,133.96,2026-09-23,False,133.8300018310547,135.6199951171875,-1.37,19.91,BAJO,130221367296.0,29.9,39.34,2.33,7.75,2.52,43.03,43.58,4.15,24.72,0.64,0.65,4.0,YAHOO,-0.8279,-1.0979,-0.6479,0.055926,4.6239,-2.2862,95.45,2026-10-15,22,,,yahoo,1.0,0.0,1.0,1.0,0.0,0.0,0.0,0.0,1.0,-0.601,-2.496,-6.9573,-7.0406,17.4328,21.6171,142.201,148.878,148.878,-5.7953,-10.0203,-10.0203
EFX,155.32000732421875,155.32,2026-09-23,False,154.67999267578125,160.15499877929688,-2.08,-39.83,BAJO,18247755776.0,27.3,15.29,4.17,14.27,6.16,17.3,10.73,5.19,12.31,1.21,0.6,8.0,YAHOO,-0.8279,-1.0979,-0.6479,0.055926,4.6239,-2.2862,95.45,2026-10-20,27,,,yahoo,1.0,1.0,1.0,1.0,1.0,0.0,1.0,1.0,1.0,-7.0385,-9.4977,-6.5686,2.1234,13.0358,42.3664,193.79,194.0692,254.6691,-19.8514,-19.9667,-39.0111
DE,709.47998046875,709.48,2026-09-23,False,701.7150268554688,721.10498046875,3.61,51.48,BAJO,191293833216.0,39.42,31.24,6.83,18.24,3.76,13.37,10.17,2.36,28.95,2.3,2.13,5.0,YAHOO,-0.8279,-1.0979,-0.6479,0.055926,4.6239,-2.2862,95.45,2026-11-25,63,,,yahoo,1.0,0.0,1.0,1.0,0.0,1.0,1.0,0.0,0.0,3.7191,4.2234,16.3044,20.1674,29.3655,33.7939,709.48,709.48,709.48,0.0,0.0,0.0
DHR,221.55999755859375,221.56,2026-09-23,False,219.9199981689453,223.2949981689453,2.65,16.83,BAJO,155753594880.0,39.42,23.83,2.96,7.61,3.95,19.78,15.95,2.78,22.29,0.53,1.65,5.0,YAHOO,-0.8279,-1.0979,-0.6479,0.055926,4.6239,-2.2862,95.45,2026-10-21,28,,,yahoo,1.0,0.0,1.0,1.0,0.0,1.0,1.0,0.0,0.0,5.8273,7.9569,15.0961,24.0541,20.5757,38.2568,221.56,221.56,241.0351,0.0,0.0,-8.0798
LIN,469.7200012207031,469.72,2026-09-23,False,463.0101013183594,472.5899963378906,2.67,-1.62,BAJO,216531599360.0,30.34,24.02,5.54,18.4,7.16,28.12,20.43,1.92,17.45,0.69,0.88,5.0,YAHOO,-0.8279,-1.0979,-0.6479,0.055926,4.6239,-2.2862,95.45,2026-10-30,37,,,yahoo,1.0,0.0,1.0,1.0,0.0,0.0,1.0,1.0,0.0,1.4602,0.2861,-6.9231,-8.0024,25.2872,21.3278,488.7206,544.8458,544.8458,-3.8878,-13.7884,-13.7884
SPGI,406.5,406.5,2026-09-23,False,401.3599853515625,409.9100036621094,0.5,-13.55,BAJO,119836196864.0,24.88,20.1,3.8,14.26,7.03,44.79,30.54,4.55,16.77,0.43,0.95,7.0,YAHOO,-0.8279,-1.0979,-0.6479,0.055926,4.6239,-2.2862,95.45,2026-10-29,36,,,yahoo,1.0,1.0,1.0,1.0,0.0,0.0,1.0,1.0,1.0,-1.4593,-5.3132,-2.997,7.6158,8.244,33.6531,450.58,456.3554,513.3384,-9.7829,-10.9247,-20.8125
TJX,131.58999633789062,131.59,2026-09-23,False,130.14010620117188,132.22999572753906,0.48,-5.49,BAJO,144745578496.0,24.37,22.79,13.98,62.17,13.54,10.91,9.73,3.04,17.19,1.34,1.15,7.0,YAHOO,-0.8279,-1.0979,-0.6479,0.055926,4.6239,-2.2862,95.45,2026-11-18,56,,,yahoo,1.0,1.0,1.0,1.0,1.0,0.0,1.0,1.0,0.0,5.61,2.0711,-13.9919,-19.6804,22.5474,22.8513,139.48,161.5503,167.8803,-5.6567,-18.5455,-21.6168
JCI,145.89999389648438,145.9,2026-09-23,False,145.30999755859375,147.22999572753906,0.5,35.08,BAJO,88377671680.0,41.21,24.03,6.56,14.33,5.4,15.88,14.32,3.38,22.48,0.7,1.0,6.0,YAHOO,-0.8279,-1.0979,-0.6479,0.055926,4.6239,-2.2862,95.45,2026-11-04,42,,,yahoo,1.0,1.0,1.0,0.0,0.0,0.0,1.0,1.0,1.0,5.7983,-0.042,2.1065,3.5592,10.4056,28.5151,145.9614,154.3279,154.3279,-0.042,-5.4611,-5.4611
ADP,263.67999267578125,263.68,2026-09-23,False,262.510009765625,269.6300048828125,-2.32,-7.0,BAJO,104750235648.0,24.08,19.68,17.39,72.24,6.25,23.46,20.11,5.01,16.54,0.91,1.05,6.0,YAHOO,-0.8279,-1.0979,-0.6479,0.055926,4.6239,-2.2862,95.45,2026-10-28,35,,,yahoo,1.0,0.0,1.0,1.0,0.0,1.0,1.0,1.0,0.0,-4.6469,-0.9675,9.2587,20.3481,15.2703,30.2609,285.6519,285.6519,285.6519,-7.6918,-7.6918,-7.6918
ECL,276.7200012207031,276.72,2026-09-23,False,273.6600036621094,277.80999755859375,2.5,4.42,BAJO,77572530176.0,36.31,29.39,7.71,21.96,7.23,18.52,12.57,1.9,20.89,1.38,1.84,6.0,YAHOO,-0.8279,-1.0979,-0.6479,0.055926,4.6239,-2.2862,95.45,2026-10-27,34,,,yahoo,1.0,0.0,1.0,1.0,1.0,0.0,1.0,1.0,0.0,0.772,-0.2355,5.4401,3.2737,25.0257,20.5973,289.83,289.83,305.8774,-4.5233,-4.5233,-9.5324
SHW,326.4599914550781,326.46,2026-09-23,False,323.1499938964844,327.9200134277344,1.6,-5.14,BAJO,79250825216.0,30.12,24.0,20.44,65.12,9.52,18.12,11.01,3.16,19.86,3.9,0.73,6.0,YAHOO,-0.8279,-1.0979,-0.6479,0.055926,4.6239,-2.2862,95.45,2026-10-27,34,,,yahoo,1.0,0.0,1.0,1.0,0.0,1.0,1.0,1.0,0.0,1.0024,0.1135,5.3695,1.3362,13.0471,31.1229,350.45,368.8774,369.9613,-6.8455,-11.4991,-11.7583
ROST,233.97999572753906,233.98,2026-09-23,False,233.19000244140625,236.33999633789062,1.18,61.13,BAJO,75056357376.0,28.26,26.17,11.09,42.63,12.78,13.58,10.85,2.67,20.57,0.7,1.61,6.0,YAHOO,-0.8279,-1.0979,-0.6479,0.055926,4.6239,-2.2862,95.45,2026-11-19,57,,,yahoo,1.0,0.0,1.0,1.0,1.0,0.0,1.0,0.0,1.0,3.412,2.0365,0.8788,2.3498,24.8728,25.0466,240.7247,254.7377,254.7377,-2.8019,-8.1486,-8.1486
VRTX,516.3400268554688,516.34,2026-09-23,False,509.55999755859375,525.4296264648438,1.1,35.16,BAJO,130872025088.0,29.85,25.7,6.46,23.54,11.93,38.05,35.0,2.01,24.51,0.1,3.19,6.0,YAHOO,-0.8279,-1.0979,-0.6479,0.055926,4.6239,-2.2862,95.45,2026-11-02,40,,,yahoo,1.0,1.0,1.0,0.0,0.0,1.0,1.0,1.0,0.0,0.3323,-2.3747,9.142,10.2301,18.5464,29.8453,557.96,557.96,557.96,-7.4593,-7.4593,-7.4593
DD,130.8800048828125,130.88,2026-09-23,False,130.52999877929688,131.88999938964844,0.84,36.14,BAJO,17674426368.0,55.22,16.43,1.28,1.79,2.07,14.24,0.79,10.38,12.14,0.23,2.43,6.0,YAHOO,-0.8279,-1.0979,-0.6479,0.055926,4.6239,-2.2862,95.45,2026-11-05,43,,,yahoo,0.0,0.0,1.0,1.0,1.0,0.0,1.0,1.0,1.0,2.2181,-0.3351,-4.3262,-6.1097,2.7399,22.7474,138.192,146.7245,152.6918,-5.2912,-10.7988,-14.2848
HOOD,122.69999694824219,122.7,2026-09-23,False,122.27999877929688,126.7300033569336,-1.25,-3.59,BAJO,110317395968.0,54.29,36.25,11.64,23.62,4.53,43.88,42.01,,,2.4,1.12,4.0,YAHOO,-0.8279,-1.0979,-0.6479,0.055926,4.6239,-2.2862,95.45,2026-11-04,42,,,yahoo,1.0,0.0,1.0,0.0,0.0,0.0,0.0,1.0,1.0,17.5062,6.4365,29.2804,26.2476,71.2123,74.8174,124.72,124.72,152.46,-1.6196,-1.6196,-19.5199
GEV,951.8200073242188,951.82,2026-09-23,False,934.75,954.77001953125,0.59,49.79,BAJO,253501636608.0,27.29,37.88,21.2,82.58,2.54,7.47,23.04,6.2,62.56,0.28,0.85,7.0,YAHOO,-0.8279,-1.0979,-0.6479,0.055926,4.6239,-2.2862,95.45,2026-10-28,35,,,yahoo,1.0,1.0,1.0,1.0,1.0,0.0,1.0,1.0,0.0,7.8171,-2.0066,-7.6969,-8.0349,11.081,53.1951,971.31,1174.86,1174.86,-2.0066,-18.9844,-18.9844
DELL,549.8300170898438,549.83,2026-09-23,False,542.2302856445312,570.719970703125,0.17,313.68,BAJO,349588914176.0,32.0,18.88,-246.56,,8.64,12.02,7.52,1.73,21.06,,0.96,7.0,YAHOO,-0.8279,-1.0979,-0.6479,0.055926,4.6239,-2.2862,95.45,2026-11-27,65,2026-09-01,22.0,yahoo,1.0,1.0,1.0,1.0,1.0,1.0,1.0,0.0,0.0,-2.3895,2.724,25.6754,26.8808,44.6667,83.1164,588.4,588.4,588.4,-6.5551,-6.5551,-6.5551
GLW,154.47999572753906,154.48,2026-09-23,False,153.6260986328125,160.52999877929688,-3.26,91.56,BAJO,133067268096.0,71.19,35.51,11.14,16.81,5.37,15.65,11.2,0.55,34.4,0.71,1.81,7.0,YAHOO,-0.8279,-1.0979,-0.6479,0.055926,4.6239,-2.2862,95.45,2026-10-27,34,,,yahoo,1.0,1.0,1.0,1.0,1.0,0.0,0.0,1.0,1.0,7.1587,-8.2987,5.5376,-24.8065,59.8623,82.4123,168.46,254.9499,255.2094,-8.2987,-39.4077,-39.4693
WDC,473.69000244140625,473.69,2026-09-23,False,445.0199890136719,475.659912109375,1.96,329.63,BAJO,170784636928.0,17.61,14.92,22.45,130.85,20.76,43.61,72.95,1.33,33.41,13.44,1.33,6.0,YAHOO+FINNHUB,-0.8279,-1.0979,-0.6479,0.055926,4.6239,-2.2862,95.45,2026-11-05,43,,,yahoo,1.0,1.0,1.0,0.0,0.0,1.0,0.0,1.0,1.0,13.6029,-1.7811,-8.8415,-26.4026,20.0766,84.9241,482.28,638.515,745.9905,-1.7811,-25.8138,-36.5019
FISV,45.95000076293945,45.95,2026-09-23,False,45.130001068115234,46.220001220703125,-1.12,-65.42,BAJO,24434681856.0,8.8,5.71,0.91,10.77,3.49,23.07,,,,1.04,1.04,5.0,YAHOO+FINNHUB,-0.8279,-1.0979,-0.6479,0.055926,4.6239,-2.2862,95.45,2026-10-28,35,,,yahoo,1.0,1.0,1.0,1.0,0.0,0.0,1.0,0.0,0.0,-8.1367,-9.654,-8.0448,-2.8541,27.3864,39.2251,53.31,55.78,131.8,-13.806,-17.6228,-65.1366
BKR,58.029998779296875,58.03,2026-09-23,False,57.0,58.15999984741211,0.35,19.63,BAJO,57604874240.0,18.66,18.65,2.89,16.46,4.85,12.83,11.17,7.66,11.78,0.81,2.1,7.0,YAHOO,-0.8279,-1.0979,-0.6479,0.055926,4.6239,-2.2862,95.45,2026-10-22,29,,,yahoo,1.0,0.0,1.0,1.0,1.0,1.0,1.0,1.0,0.0,2.3096,-9.2146,3.8393,-0.7439,6.6762,31.959,64.63,64.9,69.1833,-10.212,-10.5855,-16.1214
CCL,21.799999237060547,21.8,2026-09-23,False,21.520000457763672,22.15999984741211,-2.15,-28.69,BAJO,29858351104.0,9.82,8.37,2.31,26.69,5.37,12.79,11.24,6.36,7.37,2.02,0.33,8.0,YAHOO,-0.8279,-1.0979,-0.6479,0.055926,4.6239,-2.2862,95.45,2026-09-29,6,,,yahoo,1.0,1.0,1.0,1.0,1.0,1.0,0.0,1.0,1.0,-2.4609,-3.9648,-16.7711,-24.1986,30.1837,33.6561,25.59,29.5154,33.4524,-14.8105,-26.1403,-34.8328
BKNG,155.89999389648438,155.9,2026-09-23,False,155.36500549316406,162.24000549316406,-5.07,-29.42,BAJO,117140209664.0,17.32,12.6,-10.96,,20.38,34.41,25.53,6.6,12.21,,1.09,6.0,YAHOO,-0.8279,-1.0979,-0.6479,0.055926,4.6239,-2.2862,95.45,2026-10-27,34,,,yahoo,1.0,0.0,1.0,1.0,0.0,1.0,1.0,0.0,1.0,-9.0432,-9.8907,-11.9371,-13.7785,35.9446,40.9431,208.3867,213.9034,221.006,-25.1872,-27.1166,-29.4589
HWM,228.77999877929688,228.78,2026-09-23,False,224.24000549316406,230.36500549316406,0.62,17.61,BAJO,91237785600.0,49.31,35.43,15.97,34.73,12.81,28.5,20.52,1.3,34.12,0.81,1.82,8.0,YAHOO,-0.8279,-1.0979,-0.6479,0.055926,4.6239,-2.2862,95.45,2026-11-05,43,,,yahoo,1.0,1.0,1.0,1.0,1.0,0.0,1.0,1.0,1.0,1.8293,-1.1878,-20.2722,-16.8064,20.6499,38.0057,269.34,292.65,292.65,-15.059,-21.8247,-21.8247
WELL,229.8699951171875,229.87,2026-09-23,False,229.0,231.94000244140625,-1.24,34.36,BAJO,165637881856.0,104.01,72.29,3.56,3.84,0.83,16.56,12.15,1.66,55.28,0.41,1.32,7.0,YAHOO,-0.8279,-1.0979,-0.6479,0.055926,4.6239,-2.2862,95.45,2026-10-26,33,,,yahoo,1.0,0.0,1.0,1.0,1.0,1.0,0.0,1.0,1.0,-1.2416,-3.1106,-6.6028,6.0035,23.3954,21.3837,241.56,251.122,251.122,-4.8394,-8.4628,-8.4628
XYZ,74.68000030517578,74.68,2026-09-23,False,74.36000061035156,76.8550033569336,-4.15,-3.25,BAJO,44867371008.0,133.36,14.4,2.03,1.61,2.01,7.0,1.43,-0.06,29.24,0.33,2.21,6.0,YAHOO,-0.8279,-1.0979,-0.6479,0.055926,4.6239,-2.2862,95.45,2026-11-09,47,,,yahoo,1.0,0.0,1.0,1.0,1.0,0.0,1.0,1.0,0.0,-4.6354,-6.7665,-2.3663,3.1919,41.3335,37.0881,84.85,84.85,84.85,-11.9859,-11.9859,-11.9859
A,165.32000732421875,165.32,2026-09-23,False,163.27000427246094,168.94000244140625,2.09,31.5,BAJO,46614593536.0,32.61,24.47,6.33,20.97,8.63,25.56,19.53,2.27,23.82,0.56,2.05,,YAHOO,-0.8279,-1.0979,-0.6479,0.055926,4.6239,-2.2862,95.45,2026-11-25,63,2026-08-26,28.0,yahoo,1.0,0.0,1.0,1.0,1.0,0.0,1.0,0.0,0.0,10.0153,12.5775,18.3054,30.7634,22.2672,27.9111,165.32,165.32,165.32,0.0,0.0,0.0
ACGL,95.16000366210938,95.16,2026-09-23,False,93.69000244140625,95.98999786376953,-0.65,6.76,BAJO,32471363584.0,7.45,9.76,1.39,19.94,4.12,26.58,24.4,13.25,5.93,0.18,0.59,,YAHOO,-0.8279,-1.0979,-0.6479,0.055926,4.6239,-2.2862,95.45,2026-10-26,33,,,yahoo,1.0,0.0,1.0,1.0,1.0,0.0,1.0,0.0,1.0,-1.9373,-0.5746,-4.9351,1.5473,9.0211,22.1205,100.72,106.48,106.48,-5.5203,-10.6311,-10.6311
ADM,82.1500015258789,82.15,2026-09-23,False,81.54000091552734,82.99500274658203,-1.48,38.47,BAJO,39592980480.0,22.45,14.49,1.68,7.64,2.26,4.01,2.16,2.94,16.1,0.39,1.39,,YAHOO,-0.8279,-1.0979,-0.6479,0.055926,4.6239,-2.2862,95.45,2026-11-03,41,,,yahoo,1.0,0.0,1.0,1.0,1.0,0.0,0.0,0.0,0.0,-5.1495,-2.7811,-4.2601,9.0076,48.5999,29.0324,88.09,88.09,88.09,-6.7431,-6.7431,-6.7431
ADSK,217.14999389648438,217.15,2026-09-23,False,216.11000061035156,220.57000732421875,-0.78,-33.97,BAJO,45384347648.0,28.09,15.29,13.42,53.85,11.47,29.23,21.08,6.96,19.66,1.1,0.85,,YAHOO,-0.8279,-1.0979,-0.6479,0.055926,4.6239,-2.2862,95.45,2026-11-27,65,2026-08-27,27.0,yahoo,1.0,0.0,1.0,1.0,0.0,1.0,1.0,1.0,1.0,-4.128,2.3279,5.7927,15.0281,13.0577,47.2784,270.58,270.58,324.86,-19.7465,-19.7465,-33.1558
AEE,99.73999786376953,99.74,2026-09-23,False,99.56999969482422,101.125,-2.05,0.83,BAJO,27612346368.0,17.56,17.14,2.02,11.94,3.06,25.24,18.58,-6.47,12.8,1.58,0.53,,YAHOO,-0.8279,-1.0979,-0.6479,0.055926,4.6239,-2.2862,95.45,2026-11-04,42,,,yahoo,1.0,1.0,1.0,1.0,1.0,0.0,0.0,0.0,1.0,-3.1838,-6.5492,-11.3202,-10.0738,20.6152,16.6392,106.991,114.2098,117.4865,-6.7772,-12.6695,-15.1052
AEP,118.4000015258789,118.4,2026-09-23,False,117.94999694824219,119.63999938964844,-1.36,12.07,BAJO,64456650752.0,20.48,17.27,2.01,10.13,2.98,23.25,13.78,-9.3,13.13,1.61,0.5,,YAHOO,-0.8279,-1.0979,-0.6479,0.055926,4.6239,-2.2862,95.45,2026-10-29,36,,,yahoo,1.0,1.0,1.0,1.0,0.0,1.0,0.0,0.0,0.0,-1.8324,-5.5972,-11.5762,-10.796,16.6886,17.6641,125.42,137.4634,137.6421,-5.5972,-13.868,-13.9798
AES,14.8100004196167,14.81,2026-09-23,False,14.800000190734863,14.835000038146973,-0.13,17.5,BAJO,10566027264.0,5.55,6.25,2.14,9.57,2.96,18.67,14.34,-29.24,12.17,2.57,0.75,,YAHOO,-0.8279,-1.0979,-0.6479,0.055926,4.6239,-2.2862,95.45,2026-11-04,42,,,yahoo,1.0,0.0,1.0,1.0,1.0,0.0,0.0,0.0,0.0,0.0676,-0.1349,1.0629,1.9567,3.0297,3.0246,14.85,14.85,16.8672,-0.2694,-0.2694,-12.1966
AFL,115.2300033569336,115.23,2026-09-23,False,114.04000091552734,116.16000366210938,0.04,7.88,BAJO,57769791488.0,12.43,15.28,1.91,16.91,3.13,25.72,26.91,8.92,10.72,0.53,0.89,,YAHOO,-0.8279,-1.0979,-0.6479,0.055926,4.6239,-2.2862,95.45,2026-11-04,42,,,yahoo,1.0,0.0,1.0,0.0,0.0,0.0,1.0,0.0,0.0,-1.9736,0.0608,-6.8599,-2.5083,7.1293,17.8937,118.36,128.9008,128.9008,-2.6445,-10.6057,-10.6057
AIZ,266.9700012207031,266.97,2026-09-23,False,266.2799987792969,274.0150146484375,-3.75,26.64,BAJO,13167966208.0,12.77,11.39,2.16,18.34,2.56,11.73,7.9,16.32,7.8,0.36,0.38,,YAHOO,-0.8279,-1.0979,-0.6479,0.055926,4.6239,-2.2862,95.45,2026-11-03,41,,,yahoo,1.0,1.0,1.0,1.0,0.0,0.0,1.0,0.0,1.0,-6.6897,-4.9963,-2.1932,0.9404,26.7754,23.1746,287.71,300.641,300.641,-7.2086,-11.1997,-11.1997
AJG,229.63999938964844,229.64,2026-09-23,False,227.91000366210938,231.30999755859375,-2.95,-24.48,BAJO,58866143232.0,38.02,15.42,2.48,6.72,2.32,19.16,10.38,3.54,16.7,0.59,1.05,,YAHOO,-0.8279,-1.0979,-0.6479,0.055926,4.6239,-2.2862,95.45,2026-10-29,36,,,yahoo,1.0,0.0,1.0,1.0,1.0,0.0,0.0,1.0,1.0,-7.4182,-8.6737,-4.9364,6.7076,15.7384,36.0171,267.7945,271.2652,306.8697,-14.2477,-15.3448,-25.1669
AKAM,118.44000244140625,118.44,2026-09-23,False,113.76000213623047,119.4800033569336,0.88,56.54,BAJO,17021795328.0,42.91,16.42,3.58,8.92,2.52,7.63,9.51,4.17,21.3,1.97,1.64,,YAHOO,-0.8279,-1.0979,-0.6479,0.055926,4.6239,-2.2862,95.45,2026-11-05,43,,,yahoo,1.0,0.0,1.0,1.0,0.0,1.0,1.0,0.0,0.0,12.3719,12.1485,0.9116,-1.193,100.607,57.2397,118.44,129.52,161.14,0.0,-8.5547,-26.4987
ALB,113.47000122070312,113.47,2026-09-23,False,112.30750274658203,115.07499694824219,0.49,42.43,BAJO,13390033920.0,420.26,10.04,1.67,2.65,3.16,27.71,3.79,9.97,10.96,0.19,2.09,,YAHOO,-0.8279,-1.0979,-0.6479,0.055926,4.6239,-2.2862,95.45,2026-11-04,42,,,yahoo,0.0,1.0,1.0,1.0,0.0,1.0,0.0,1.0,0.0,0.0176,-12.1307,-2.6155,-24.0884,57.1233,42.1226,137.2875,142.769,214.3488,-17.3486,-20.522,-47.0629
ALGN,148.1699981689453,148.17,2026-09-23,False,147.07000732421875,153.14999389648438,0.88,14.04,BAJO,10525975552.0,25.68,11.81,2.49,10.15,7.56,18.25,9.99,5.64,10.31,0.03,1.4,,YAHOO,-0.8279,-1.0979,-0.6479,0.055926,4.6239,-2.2862,95.45,2026-10-28,35,,,yahoo,1.0,0.0,1.0,1.0,1.0,1.0,1.0,0.0,1.0,0.7959,-3.466,-11.9294,-12.0601,14.9332,38.2631,159.86,188.39,197.51,-7.3127,-21.3493,-24.981
ALL,225.66000366210938,225.66,2026-09-23,False,225.6199951171875,232.77999877929688,-7.08,9.91,BAJO,57059926016.0,4.52,8.13,1.81,46.11,8.68,22.83,18.97,26.57,3.55,0.22,0.36,,YAHOO,-0.8279,-1.0979,-0.6479,0.055926,4.6239,-2.2862,95.45,2026-11-04,42,,,yahoo,1.0,1.0,1.0,0.0,1.0,0.0,1.0,0.0,0.0,-12.2662,-10.9682,-10.97,-2.1381,45.6327,32.2254,263.11,273.9698,273.9698,-14.2336,-17.6332,-17.6332
ALLE,154.08999633789062,154.09,2026-09-23,False,153.6199951171875,155.6199951171875,1.8,-12.98,BAJO,13103318016.0,20.22,15.77,6.19,33.73,11.03,22.1,15.36,3.7,14.3,1.05,1.93,,YAHOO,-0.8279,-1.0979,-0.6479,0.055926,4.6239,-2.2862,95.45,2026-10-22,29,,,yahoo,1.0,0.0,1.0,1.0,1.0,0.0,1.0,1.0,0.0,-0.3299,-0.9053,0.0436,20.0973,19.4303,31.0007,159.8024,168.342,177.7255,-3.5746,-8.4661,-13.2989
AMCR,42.79999923706055,42.8,2026-09-23,False,42.75,43.2400016784668,1.54,11.42,BAJO,19788394496.0,17.54,9.82,1.68,9.4,3.57,9.69,4.71,7.6,9.56,1.28,1.25,,YAHOO,-0.8279,-1.0979,-0.6479,0.055926,4.6239,-2.2862,95.45,2026-11-05,43,,,yahoo,1.0,1.0,1.0,1.0,0.0,1.0,0.0,1.0,1.0,0.8008,-3.4732,1.8413,7.383,18.303,28.7264,46.6005,47.9018,48.4112,-8.1554,-10.6505,-11.5908
AME,246.4499969482422,246.45,2026-09-23,False,244.38499450683594,248.5749969482422,2.16,32.01,BAJO,56501432320.0,35.98,25.71,5.02,14.56,8.16,26.18,20.04,2.64,23.32,0.21,1.21,,YAHOO,-0.8279,-1.0979,-0.6479,0.055926,4.6239,-2.2862,95.45,2026-10-29,36,,,yahoo,1.0,0.0,1.0,1.0,1.0,0.0,1.0,1.0,0.0,5.1184,3.806,2.351,5.438,8.132,23.4925,246.45,258.1438,258.1438,0.0,-4.53,-4.53
AMP,502.7900085449219,502.79,2026-09-23,False,501.3800048828125,516.219970703125,-6.15,2.29,BAJO,44413059072.0,12.69,9.73,6.99,63.43,2.28,30.72,19.9,6.54,,0.68,2.18,,YAHOO,-0.8279,-1.0979,-0.6479,0.055926,4.6239,-2.2862,95.45,2026-10-29,36,,,yahoo,1.0,0.0,1.0,1.0,0.0,0.0,1.0,0.0,1.0,-10.1101,-9.679,-3.028,8.2064,49.0152,27.3111,565.08,570.68,570.68,-11.0232,-11.8963,-11.8963
AMT,170.77999877929688,170.78,2026-09-23,False,170.48500061035156,175.96949768066406,-2.19,-9.52,BAJO,79576662016.0,23.49,24.36,21.39,33.91,4.89,45.41,31.08,3.67,18.36,4.39,0.35,,YAHOO,-0.8279,-1.0979,-0.6479,0.055926,4.6239,-2.2862,95.45,2026-10-27,34,,,yahoo,1.0,1.0,1.0,1.0,1.0,0.0,1.0,0.0,1.0,-3.8996,-2.8168,3.7231,-4.7943,16.8795,25.4904,178.57,179.26,192.2845,-4.3624,-4.7306,-11.1837
AON,281.6000061035156,281.6,2026-09-23,False,281.17999267578125,286.7998962402344,-3.17,-20.67,BAJO,59734523904.0,15.52,13.88,6.22,44.7,5.83,23.46,22.27,5.34,12.65,1.63,1.03,,YAHOO,-0.8279,-1.0979,-0.6479,0.055926,4.6239,-2.2862,95.45,2026-10-30,37,,,yahoo,1.0,1.0,1.0,0.0,1.0,1.0,1.0,1.0,1.0,-7.5721,-10.8268,-20.6695,-12.0029,19.6821,34.2655,355.4,380.3929,380.3929,-20.7653,-25.9713,-25.9713
AOS,57.7400016784668,57.74,2026-09-23,False,57.63999938964844,58.400001525878906,1.37,-19.03,BAJO,7847361536.0,15.78,14.13,4.26,27.13,12.54,18.93,13.15,6.18,10.65,0.37,1.59,,YAHOO,-0.8279,-1.0979,-0.6479,0.055926,4.6239,-2.2862,95.45,2026-10-27,34,,,yahoo,1.0,1.0,1.0,1.0,1.0,0.0,1.0,1.0,1.0,0.9088,-1.8361,-2.3539,1.131,10.5495,28.5573,62.48,63.98,79.5335,-7.5864,-9.753,-27.4016
APA,43.70000076293945,43.7,2026-09-23,False,42.29999923706055,44.189998626708984,-0.25,87.69,BAJO,15310361600.0,9.54,9.78,2.18,26.66,11.6,56.33,19.56,14.02,3.44,0.49,0.95,,YAHOO,-0.8279,-1.0979,-0.6479,0.055926,4.6239,-2.2862,95.45,2026-11-04,42,,,yahoo,1.0,1.0,1.0,1.0,1.0,0.0,1.0,0.0,1.0,-7.8254,0.3444,19.989,28.6019,26.0962,43.3345,47.41,47.41,47.41,-7.8254,-7.8254,-7.8254
APD,286.9700012207031,286.97,2026-09-23,False,286.1199951171875,289.8800048828125,2.69,5.7,BAJO,63904067584.0,,19.88,4.6,0.02,4.73,25.54,-0.38,-2.34,18.03,1.1,1.08,,YAHOO,-0.8279,-1.0979,-0.6479,0.055926,4.6239,-2.2862,95.45,2026-11-05,43,,,yahoo,0.0,0.0,1.0,1.0,0.0,0.0,0.0,0.0,0.0,-1.2355,-3.6075,-2.4873,2.2314,29.7718,28.0958,309.46,314.19,314.19,-7.2675,-8.6635,-8.6635
APH,82.19000244140625,82.19,2026-09-23,False,81.375,83.3895034790039,1.98,31.18,BAJO,202677813248.0,41.09,25.06,13.08,38.12,14.47,29.78,17.73,1.88,22.84,1.2,1.89,,YAHOO,-0.8279,-1.0979,-0.6479,0.055926,4.6239,-2.2862,95.45,2026-10-28,35,,,yahoo,1.0,1.0,1.0,1.0,0.0,1.0,0.0,1.0,0.0,6.0109,0.6818,4.5766,3.7397,33.5013,44.1491,83.79,88.0235,88.0235,-1.9096,-6.6272,-6.6272
APO,124.36000061035156,124.36,2026-09-23,False,123.31500244140625,126.20999908447266,-2.78,-13.57,BAJO,73439944704.0,44.26,11.58,3.65,11.41,0.94,21.95,5.27,,,1.01,1.95,,YAHOO,-0.8279,-1.0979,-0.6479,0.055926,4.6239,-2.2862,95.45,2026-11-03,41,,,yahoo,1.0,0.0,1.0,1.0,0.0,0.0,0.0,0.0,1.0,-2.0787,-5.6521,4.9456,-4.3831,31.2462,33.6297,136.58,142.9761,150.8032,-8.9471,-13.0204,-17.5349
APP,315.25,315.25,2026-09-23,False,304.7699890136719,316.5,-4.52,-52.41,BAJO,105904930816.0,24.21,15.03,33.42,203.69,46.46,77.68,64.58,3.0,20.4,1.11,4.3,,YAHOO,-0.8279,-1.0979,-0.6479,0.055926,4.6239,-2.2862,95.45,2026-11-04,42,,,yahoo,1.0,1.0,1.0,1.0,1.0,1.0,1.0,1.0,1.0,-4.8905,1.0384,-20.9622,-32.4975,86.7585,68.7499,334.24,564.61,733.6,-5.6815,-44.165,-57.027
APTV,45.16999816894531,45.17,2026-09-23,False,43.880001068115234,45.380001068115234,3.67,-47.96,BAJO,9378796544.0,20.44,6.9,1.08,5.16,6.72,12.68,1.07,17.23,4.42,0.65,2.02,,YAHOO,-0.8279,-1.0979,-0.6479,0.055926,4.6239,-2.2862,95.45,2026-10-29,36,,,yahoo,1.0,0.0,1.0,1.0,1.0,1.0,1.0,1.0,1.0,3.2457,-1.2246,-19.4831,-26.4572,28.237,48.975,47.95,61.38,88.67,-5.7977,-26.4093,-49.0583
ARE,51.86000061035156,51.86,2026-09-23,False,51.529998779296875,53.929901123046875,-2.77,-37.56,BAJO,8924861440.0,,-64.02,0.57,-4.08,0.93,17.28,-36.08,15.07,14.23,0.69,2.35,,YAHOO,-0.8279,-1.0979,-0.6479,0.055926,4.6239,-2.2862,95.45,2026-10-26,33,,,yahoo,0.0,0.0,1.0,1.0,0.0,1.0,1.0,0.0,1.0,-2.0215,2.1469,3.4717,1.8227,72.5061,45.1891,56.34,56.34,81.9762,-7.9517,-7.9517,-36.7378
ARES,121.4800033569336,121.48,2026-09-23,False,121.21499633789062,123.95500183105469,-4.1,-30.98,BAJO,40304140288.0,55.72,16.89,10.96,14.94,2.59,19.38,10.63,5.36,32.7,1.72,0.54,,YAHOO,-0.8279,-1.0979,-0.6479,0.055926,4.6239,-2.2862,95.45,2026-11-02,40,,,yahoo,1.0,0.0,1.0,1.0,1.0,0.0,0.0,0.0,1.0,-4.908,-11.4386,1.2234,1.6424,44.2695,38.8794,141.6729,147.8872,174.7614,-14.2532,-17.8563,-30.4881
ATO,156.24000549316406,156.24,2026-09-23,False,155.02000427246094,157.2899932861328,-1.28,-4.71,BAJO,26402772992.0,18.62,17.32,1.73,9.79,3.89,37.22,28.5,-8.41,13.8,0.68,0.81,,YAHOO,-0.8279,-1.0979,-0.6479,0.055926,4.6239,-2.2862,95.45,2026-11-04,42,,,yahoo,1.0,1.0,1.0,1.0,0.0,0.0,0.0,1.0,1.0,-3.5794,-7.0387,-11.7153,-8.129,10.0325,16.5713,169.46,178.4242,190.0626,-7.8013,-12.4334,-17.7955
AVB,68.13999938964844,68.14,2026-08-24,False,67.36000061035156,68.62000274658203,2.02,-1.97,BAJO,26283393024.0,25.25,36.58,2.17,8.49,2.63,30.63,33.32,5.36,19.14,0.75,0.34,,YAHOO,-0.8279,-1.0979,-0.6479,0.055926,4.6239,-2.2862,95.45,2026-10-28,35,,,yahoo,1.0,0.0,1.0,1.0,0.0,0.0,1.0,0.0,0.0,7.0374,3.5221,,,14.1797,,68.9044,,,-1.1094,,
AWK,133.05999755859375,133.06,2026-09-23,False,132.08999633789062,134.31500244140625,-0.68,-1.18,BAJO,26442878976.0,23.06,20.27,2.27,10.1,3.52,40.66,21.35,-6.75,14.52,1.38,0.52,,YAHOO,-0.8279,-1.0979,-0.6479,0.055926,4.6239,-2.2862,95.45,2026-10-28,35,,,yahoo,1.0,0.0,1.0,1.0,1.0,1.0,0.0,1.0,1.0,-3.5937,-5.2144,-0.3459,5.8018,14.4919,22.7713,140.89,140.89,141.5679,-5.5575,-5.5575,-6.0097
AXON,450.6099853515625,450.61,2026-09-23,False,448.1700134277344,459.57000732421875,-0.32,-42.87,BAJO,36606390272.0,188.54,42.7,9.96,6.22,0.51,5.17,6.19,0.61,228.73,0.5,2.15,,YAHOO,-0.8279,-1.0979,-0.6479,0.055926,4.6239,-2.2862,95.45,2026-11-03,41,,,yahoo,1.0,0.0,1.0,1.0,0.0,1.0,0.0,0.0,0.0,1.9295,-10.8462,-8.394,4.0574,27.71,74.5628,613.26,645.72,777.58,-26.5222,-30.2159,-42.0497
AZO,2843.340087890625,2843.3401,2026-09-23,False,2766.219970703125,2920.0,1.43,-31.81,BAJO,45985337344.0,18.93,14.62,-18.38,,11.39,19.08,12.4,1.97,13.74,,0.89,,YAHOO,-0.8279,-1.0979,-0.6479,0.055926,4.6239,-2.2862,95.45,2026-12-08,76,2026-09-22,1.0,yahoo,1.0,0.0,1.0,1.0,1.0,1.0,1.0,0.0,0.0,-0.5912,-3.6682,-2.7419,-6.6674,21.5708,29.9917,3027.3401,3218.1499,4290.2402,-6.0779,-11.6467,-33.7254
BAX,23.489999771118164,23.49,2026-09-23,False,23.450000762939453,24.270000457763672,2.44,2.14,BAJO,12144235520.0,,11.54,1.96,-14.37,2.85,14.43,-9.27,8.24,10.42,1.56,1.95,,YAHOO,-0.8279,-1.0979,-0.6479,0.055926,4.6239,-2.2862,95.45,2026-10-29,36,,,yahoo,0.0,0.0,1.0,1.0,0.0,1.0,0.0,0.0,1.0,-0.9279,-5.5109,8.4405,16.9108,31.6133,40.8645,26.4898,28.3391,28.3391,-11.3243,-17.1109,-17.1109
BBY,90.80000305175781,90.8,2026-09-23,False,90.12000274658203,96.52999877929688,-2.6,30.17,BAJO,19043274752.0,15.11,12.59,6.0,43.13,7.25,3.9,3.01,7.37,7.93,1.3,1.12,,YAHOO,-0.8279,-1.0979,-0.6479,0.055926,4.6239,-2.2862,95.45,2026-11-24,62,2026-08-27,27.0,yahoo,1.0,1.0,1.0,1.0,0.0,1.0,1.0,0.0,1.0,-1.5951,2.7121,8.6732,22.0928,42.3211,36.4731,94.56,94.56,94.56,-3.9763,-3.9763,-3.9763
BDX,182.52000427246094,182.52,2026-09-23,False,181.30999755859375,184.3000030517578,1.01,26.77,BAJO,49716043776.0,31.58,13.73,2.04,6.61,4.34,15.73,4.19,9.01,10.75,0.69,0.86,,YAHOO,-0.8279,-1.0979,-0.6479,0.055926,4.6239,-2.2862,95.45,2026-11-05,43,,,yahoo,1.0,1.0,1.0,1.0,0.0,0.0,1.0,1.0,1.0,-1.8287,2.5105,20.0212,27.5683,9.7117,28.0828,189.0949,190.8744,190.8744,-3.477,-4.3769,-4.3769
BEN,32.709999084472656,32.71,2026-09-23,False,32.66999816894531,33.310001373291016,-2.76,42.56,BAJO,16619194368.0,22.25,10.29,1.41,7.89,2.64,12.98,8.72,-18.0,11.22,0.25,5.49,,YAHOO,-0.8279,-1.0979,-0.6479,0.055926,4.6239,-2.2862,95.45,2026-11-06,44,,,yahoo,1.0,1.0,1.0,1.0,0.0,0.0,1.0,1.0,1.0,-1.7423,-5.5989,1.3007,-2.2247,32.3546,24.5651,35.03,35.77,35.77,-6.6229,-8.5547,-8.5547
BLDR,59.15999984741211,59.16,2026-09-23,False,59.130001068115234,60.724998474121094,1.09,-52.01,BAJO,6365406208.0,64.3,13.38,1.59,2.51,2.39,3.33,0.71,7.3,11.28,1.31,1.79,,YAHOO,-0.8279,-1.0979,-0.6479,0.055926,4.6239,-2.2862,95.45,2026-10-29,36,,,yahoo,1.0,0.0,1.0,1.0,0.0,0.0,1.0,0.0,0.0,-1.7276,-5.465,-16.1446,-22.8985,33.0647,50.9712,69.36,90.51,129.54,-14.7059,-34.6371,-54.3307
BLK,1060.8900146484375,1060.89,2026-09-23,False,1056.3199462890625,1073.35498046875,-2.69,-5.08,BAJO,172369362944.0,25.43,16.5,2.85,12.28,3.74,35.08,24.09,4.4,15.51,0.23,2.45,,YAHOO,-0.8279,-1.0979,-0.6479,0.055926,4.6239,-2.2862,95.45,2026-10-14,21,,,yahoo,1.0,0.0,1.0,0.0,1.0,0.0,0.0,0.0,0.0,0.2106,-3.1478,2.8129,5.0234,34.8038,28.0414,1170.6326,1176.8008,1177.4277,-9.3746,-9.8497,-9.8977
BR,163.4499969482422,163.45,2026-09-23,False,161.97000122070312,165.25,-0.71,-30.81,BAJO,18636863488.0,17.03,14.12,6.56,40.92,9.29,24.61,15.04,6.41,12.03,1.24,1.24,,YAHOO,-0.8279,-1.0979,-0.6479,0.055926,4.6239,-2.2862,95.45,2026-11-03,41,,,yahoo,1.0,1.0,1.0,1.0,0.0,1.0,1.0,1.0,1.0,-3.9941,-3.0661,13.8897,20.6314,16.9888,34.4435,183.6886,184.3148,236.2018,-11.0179,-11.3202,-30.8007
BRO,61.70000076293945,61.7,2026-09-23,False,61.65999984741211,62.474998474121094,-4.04,-33.24,BAJO,20645459968.0,19.71,12.79,1.62,10.02,5.38,41.84,18.08,7.96,9.62,0.64,1.13,,YAHOO,-0.8279,-1.0979,-0.6479,0.055926,4.6239,-2.2862,95.45,2026-10-26,33,,,yahoo,1.0,0.0,1.0,1.0,0.0,0.0,0.0,1.0,0.0,-8.2255,-9.5043,-5.9281,2.3888,26.7274,35.2711,73.34,74.6971,95.0407,-15.8713,-17.3997,-35.0804
BSX,44.619998931884766,44.62,2026-09-23,False,43.9900016784668,45.72999954223633,2.06,-55.14,BAJO,64664621056.0,18.06,13.05,2.59,15.34,6.19,22.9,17.5,3.79,13.48,0.5,1.24,,YAHOO,-0.8279,-1.0979,-0.6479,0.055926,4.6239,-2.2862,95.45,2026-10-28,35,,,yahoo,1.0,1.0,1.0,1.0,0.0,1.0,0.0,1.0,1.0,1.7096,-0.8004,2.3864,-2.1491,20.9884,36.9748,49.86,52.01,104.98,-10.5094,-14.2088,-57.4967
BXP,62.36000061035156,62.36,2026-09-23,False,62.27000045776367,64.19000244140625,-2.76,-15.32,BAJO,11279516672.0,33.53,28.05,1.93,5.31,1.68,28.75,9.3,7.81,17.56,2.12,0.51,,YAHOO,-0.8279,-1.0979,-0.6479,0.055926,4.6239,-2.2862,95.45,2026-10-27,34,,,yahoo,1.0,1.0,1.0,1.0,0.0,0.0,0.0,0.0,1.0,-2.3183,-5.1415,-8.0778,-2.0552,28.5135,27.1184,72.13,72.97,73.7504,-13.545,-14.5402,-15.4445
CAG,14.779999732971191,14.78,2026-09-23,False,14.510000228881836,14.930000305175781,-0.54,-13.18,BAJO,7073200128.0,,9.5,1.11,-25.06,4.4,13.77,-16.98,12.14,8.23,1.18,0.9,,YAHOO,-0.8279,-1.0979,-0.6479,0.055926,4.6239,-2.2862,95.45,2026-09-30,7,,,yahoo,0.0,0.0,1.0,1.0,0.0,1.0,0.0,0.0,1.0,-1.5979,-3.1455,4.0277,11.3088,12.3789,33.8408,16.27,16.67,19.3071,-9.158,-11.3377,-23.4479
CARR,55.099998474121094,55.1,2026-09-23,False,54.7400016784668,55.73500061035156,0.88,-7.17,BAJO,45420310528.0,39.36,16.65,3.46,8.97,2.98,13.07,5.52,1.9,18.36,0.92,1.02,,YAHOO,-0.8279,-1.0979,-0.6479,0.055926,4.6239,-2.2862,95.45,2026-10-27,34,,,yahoo,1.0,0.0,1.0,1.0,0.0,0.0,1.0,0.0,0.0,-0.7922,-6.784,-20.3182,-21.8401,15.8516,31.9621,59.71,73.1669,75.7277,-7.7207,-24.6927,-27.2393
CB,335.2099914550781,335.21,2026-09-23,False,334.30999755859375,339.6549987792969,-0.61,21.79,BAJO,129323974656.0,11.89,11.52,1.72,14.82,3.36,23.53,18.07,8.11,10.2,0.31,0.41,,YAHOO,-0.8279,-1.0979,-0.6479,0.055926,4.6239,-2.2862,95.45,2026-10-27,34,,,yahoo,1.0,1.0,1.0,1.0,1.0,0.0,1.0,0.0,0.0,-1.9452,-0.124,-4.8202,1.2383,7.3116,22.6079,347.2011,362.4052,362.4052,-3.4537,-7.5041,-7.5041
CBOE,268.8699951171875,268.87,2026-09-23,False,265.7749938964844,273.3399963378906,-0.94,11.89,BAJO,28078366720.0,20.96,17.66,5.0,26.3,11.58,34.63,26.73,2.42,14.14,0.28,1.56,,YAHOO,-0.8279,-1.0979,-0.6479,0.055926,4.6239,-2.2862,95.45,2026-10-30,37,,,yahoo,1.0,1.0,1.0,1.0,1.0,1.0,1.0,1.0,0.0,-0.5805,-8.3387,-5.3511,4.7381,26.5843,37.5143,313.0803,313.0803,364.9193,-14.1211,-14.1211,-26.3207
CCI,70.2300033569336,70.23,2026-09-23,False,70.08000183105469,72.47000122070312,-4.08,-22.55,BAJO,30690510848.0,28.67,24.32,-9.15,,4.72,46.83,20.72,3.38,19.42,,0.52,,YAHOO,-0.8279,-1.0979,-0.6479,0.055926,4.6239,-2.2862,95.45,2026-10-21,28,,,yahoo,1.0,1.0,1.0,1.0,1.0,0.0,0.0,0.0,0.0,-4.1229,-6.2114,-4.4506,-15.5091,34.1994,29.5859,76.1527,78.6957,94.028,-7.7774,-10.7575,-25.3094
CDNS,309.0899963378906,309.09,2026-09-23,False,305.7900085449219,315.69000244140625,4.81,-16.44,BAJO,85121220608.0,61.45,32.38,12.41,23.23,10.61,28.57,23.61,1.89,40.0,0.39,1.74,,YAHOO,-0.8279,-1.0979,-0.6479,0.055926,4.6239,-2.2862,95.45,2026-10-26,33,,,yahoo,1.0,0.0,1.0,1.0,1.0,0.0,1.0,1.0,1.0,12.823,8.7924,-6.4667,-18.4588,36.8918,41.2846,347.55,385.95,416.39,-11.066,-19.9145,-25.7691
CDW,146.16000366210938,146.16,2026-09-23,False,145.85000610351562,150.3415069580078,-0.17,-10.2,BAJO,18272546816.0,17.57,12.16,7.5,44.01,6.59,7.34,4.6,3.7,12.1,2.63,1.17,,YAHOO,-0.8279,-1.0979,-0.6479,0.055926,4.6239,-2.2862,95.45,2026-11-03,41,,,yahoo,1.0,0.0,1.0,1.0,1.0,0.0,1.0,0.0,0.0,-4.9304,1.1628,12.8117,12.9157,15.2264,48.886,153.92,153.92,161.2956,-5.0416,-5.0416,-9.3838
CF,120.63999938964844,120.64,2026-09-23,False,120.45500183105469,122.61000061035156,-2.13,40.49,BAJO,18257432576.0,8.95,11.27,3.18,29.87,12.93,49.33,27.12,6.99,5.83,0.41,4.86,,YAHOO,-0.8279,-1.0979,-0.6479,0.055926,4.6239,-2.2862,95.45,2026-11-04,42,,,yahoo,1.0,1.0,1.0,1.0,0.0,1.0,1.0,1.0,1.0,-10.9931,-10.1913,-4.2999,18.6861,41.1007,40.5406,139.27,139.27,139.27,-13.3769,-13.3769,-13.3769
CFG,64.61000061035156,64.61,2026-09-23,False,64.54000091552734,65.73999786376953,-4.08,24.49,BAJO,27212232704.0,14.08,9.89,1.13,8.27,0.94,35.13,26.05,,,,,,YAHOO,-0.8279,-1.0979,-0.6479,0.055926,4.6239,-2.2862,95.45,2026-10-16,23,,,yahoo,1.0,1.0,1.0,1.0,1.0,0.0,1.0,0.0,1.0,-8.0154,-7.6868,-9.4297,-5.7407,35.6341,26.8269,70.83,74.73,74.73,-8.7816,-13.5421,-13.5421
CHD,96.0199966430664,96.02,2026-09-23,False,95.69000244140625,96.79000091552734,0.56,10.74,BAJO,22776317952.0,30.78,23.8,5.24,17.04,7.87,18.07,11.96,4.12,18.42,0.56,1.15,,YAHOO,-0.8279,-1.0979,-0.6479,0.055926,4.6239,-2.2862,95.45,2026-10-30,37,,,yahoo,1.0,1.0,1.0,1.0,1.0,0.0,1.0,0.0,1.0,1.5977,-0.5386,0.1276,-0.1733,9.9434,21.4586,102.86,103.3249,104.5985,-6.6498,-7.0699,-8.2014
CHRW,149.6699981689453,149.67,2026-09-23,False,147.38999938964844,151.36000061035156,-2.07,12.38,BAJO,17489127424.0,28.62,19.95,10.77,37.12,9.96,5.34,3.73,2.75,20.7,1.21,1.58,,YAHOO,-0.8279,-1.0979,-0.6479,0.055926,4.6239,-2.2862,95.45,2026-10-28,35,,,yahoo,1.0,1.0,1.0,1.0,0.0,1.0,1.0,1.0,0.0,-5.0498,-0.2865,-26.8573,-15.9497,16.1692,49.1438,157.63,208.5206,208.5206,-5.0498,-28.2229,-28.2229
CHTR,116.61000061035156,116.61,2026-09-23,False,112.65010070800781,120.64990234375,-5.46,-57.15,BAJO,15154356224.0,3.03,2.79,0.82,27.2,5.31,23.5,9.05,14.51,5.27,4.42,0.36,,YAHOO,-0.8279,-1.0979,-0.6479,0.055926,4.6239,-2.2862,95.45,2026-10-30,37,,,yahoo,1.0,0.0,1.0,1.0,1.0,1.0,1.0,1.0,0.0,-17.415,-19.9877,-7.8182,-11.4915,27.9701,55.6934,158.97,158.97,282.74,-26.6465,-26.6465,-58.7572
CI,268.2699890136719,268.27,2026-09-23,False,267.0191955566406,274.75,-2.26,-6.24,BAJO,70887792640.0,11.1,8.02,1.66,16.76,4.46,3.98,2.27,11.26,7.51,0.74,0.85,,YAHOO,-0.8279,-1.0979,-0.6479,0.055926,4.6239,-2.2862,95.45,2026-11-05,43,,,yahoo,1.0,1.0,1.0,1.0,0.0,1.0,1.0,0.0,1.0,-7.1409,-2.7408,-5.774,-4.7055,15.6972,29.1696,290.05,302.8186,304.1076,-7.5091,-11.409,-11.7845
CINF,162.57000732421875,162.57,2026-09-23,False,162.3800048828125,165.61000061035156,-2.57,6.2,BAJO,24950927360.0,7.73,18.0,1.5,21.48,6.41,37.2,23.84,11.96,5.48,0.05,1.15,,YAHOO,-0.8279,-1.0979,-0.6479,0.055926,4.6239,-2.2862,95.45,2026-10-26,33,,,yahoo,1.0,0.0,1.0,1.0,1.0,0.0,1.0,0.0,0.0,-5.3009,-3.8844,-9.3712,-7.5309,15.3186,23.9856,174.72,192.03,192.03,-6.954,-15.3413,-15.3413
CLX,83.94000244140625,83.94,2026-09-23,False,83.83999633789062,87.31999969482422,-1.11,-27.84,BAJO,10150948864.0,16.99,13.41,112.82,163.76,8.32,12.88,8.73,1.09,13.83,22.21,0.66,,YAHOO,-0.8279,-1.0979,-0.6479,0.055926,4.6239,-2.2862,95.45,2026-11-03,41,,,yahoo,1.0,0.0,1.0,1.0,0.0,0.0,1.0,0.0,0.0,-3.6944,-8.3624,-9.4663,-8.3327,29.7975,31.0914,104.93,107.9,124.127,-20.0038,-22.2057,-32.3757
CMCSA,22.549999237060547,22.55,2026-09-23,False,22.03499984741211,22.8700008392334,0.58,-21.04,BAJO,80021757952.0,7.23,6.29,0.89,11.49,4.31,17.23,8.97,15.87,4.78,1.0,0.8,,YAHOO,-0.8279,-1.0979,-0.6479,0.055926,4.6239,-2.2862,95.45,2026-10-22,29,,,yahoo,1.0,1.0,1.0,1.0,1.0,1.0,1.0,1.0,0.0,-4.9726,-8.2961,1.1211,0.9596,22.3197,35.5202,27.2,27.2,31.6751,-17.0956,-17.0956,-28.8084
CME,270.79998779296875,270.8,2026-09-23,False,267.3901062011719,274.1700134277344,-1.72,6.57,BAJO,97374060544.0,22.99,20.95,3.67,15.8,1.48,65.04,63.44,2.99,20.74,0.15,1.02,,YAHOO,-0.8279,-1.0979,-0.6479,0.055926,4.6239,-2.2862,95.45,2026-10-21,28,,,yahoo,1.0,0.0,1.0,1.0,1.0,1.0,1.0,0.0,0.0,-1.5595,-2.2136,6.9799,12.3055,23.0722,24.566,285.1116,285.1116,315.7113,-5.0197,-5.0197,-14.2254
CMG,32.709999084472656,32.71,2026-09-23,False,32.099998474121094,32.93000030517578,0.25,-18.38,BAJO,41391820800.0,30.86,23.87,18.85,49.56,13.08,16.11,11.43,2.7,20.28,2.46,0.71,,YAHOO,-0.8279,-1.0979,-0.6479,0.055926,4.6239,-2.2862,95.45,2026-10-28,35,,,yahoo,1.0,1.0,1.0,1.0,0.0,0.0,1.0,0.0,1.0,-2.8801,-9.2145,2.894,3.2187,12.2893,50.0267,38.52,38.52,42.36,-15.0831,-15.0831,-22.7809
CMI,524.6500244140625,524.65,2026-09-23,False,515.0700073242188,525.125,-1.89,24.68,BAJO,72225669120.0,26.81,15.18,5.62,21.11,7.0,11.9,7.82,3.09,15.47,0.6,1.73,,YAHOO,-0.8279,-1.0979,-0.6479,0.055926,4.6239,-2.2862,95.45,2026-11-05,43,,,yahoo,1.0,0.0,1.0,1.0,0.0,1.0,0.0,1.0,0.0,-2.485,-6.5711,-20.8152,-24.6688,23.8376,31.0207,578.14,710.5651,724.8918,-9.2521,-26.1644,-27.6237
CMS,63.150001525878906,63.15,2026-09-23,False,62.93000030517578,64.0199966430664,-2.4,-9.72,BAJO,19802396672.0,19.02,15.2,2.07,9.16,2.97,17.17,11.64,-11.1,13.16,1.86,0.94,,YAHOO,-0.8279,-1.0979,-0.6479,0.055926,4.6239,-2.2862,95.45,2026-10-29,36,,,yahoo,1.0,0.0,1.0,1.0,0.0,1.0,0.0,0.0,1.0,-4.2021,-8.1989,-14.1475,-15.4923,17.7336,16.6189,69.23,77.3061,78.6889,-8.7823,-18.3118,-19.7472
CNC,62.08000183105469,62.08,2026-09-23,False,61.869998931884766,63.66999816894531,-4.48,88.74,BAJO,30667210752.0,,11.61,1.36,-20.36,2.48,3.76,-2.83,31.43,4.3,0.71,1.15,,YAHOO,-0.8279,-1.0979,-0.6479,0.055926,4.6239,-2.2862,95.45,2026-10-27,34,,,yahoo,0.0,0.0,1.0,1.0,0.0,0.0,1.0,0.0,1.0,-8.2471,-3.8712,-2.6043,-1.6788,43.6437,38.8982,69.41,69.41,69.41,-10.5604,-10.5604,-10.5604
CNP,37.15999984741211,37.16,2026-09-23,False,37.040000915527344,37.70000076293945,-2.18,-2.87,BAJO,24478044160.0,22.12,17.8,2.09,9.83,3.0,24.49,11.61,-21.21,12.63,2.1,1.12,,YAHOO,-0.8279,-1.0979,-0.6479,0.055926,4.6239,-2.2862,95.45,2026-10-22,29,,,yahoo,1.0,0.0,1.0,1.0,1.0,0.0,0.0,0.0,1.0,-2.159,-7.3779,-15.4825,-14.0642,18.1447,19.3184,40.12,44.5239,44.7724,-7.3779,-16.5392,-17.0025
COF,196.10000610351562,196.1,2026-09-23,False,195.83999633789062,199.80999755859375,-4.3,-11.52,BAJO,120304386048.0,11.04,8.14,1.17,9.03,1.52,33.63,21.87,,,,,,YAHOO,-0.8279,-1.0979,-0.6479,0.055926,4.6239,-2.2862,95.45,2026-10-20,27,,,yahoo,1.0,0.0,1.0,1.0,1.0,0.0,0.0,0.0,1.0,-5.197,-8.3474,-1.5841,-0.5144,38.259,28.9559,220.5,226.54,254.9582,-11.0658,-13.4369,-23.0854
COO,56.06999969482422,56.07,2026-09-23,False,54.560001373291016,56.08000183105469,3.6,-17.75,BAJO,10662007808.0,19.27,11.95,1.28,6.84,2.73,20.82,13.46,5.09,14.28,0.34,1.22,,YAHOO,-0.8279,-1.0979,-0.6479,0.055926,4.6239,-2.2862,95.45,2026-12-02,70,2026-09-09,14.0,finnhub,1.0,0.0,1.0,1.0,1.0,0.0,1.0,0.0,1.0,5.2562,-17.1665,-20.1623,-15.2381,46.4889,43.0659,73.04,76.82,84.32,-23.2338,-27.0112,-33.5033
COR,312.2799987792969,312.28,2026-09-23,False,310.739990234375,320.239990234375,-1.33,3.24,BAJO,59591507968.0,23.2,15.77,19.53,96.87,3.56,1.41,0.79,3.43,12.88,4.47,0.94,,YAHOO,-0.8279,-1.0979,-0.6479,0.055926,4.6239,-2.2862,95.45,2026-11-04,42,,,yahoo,1.0,0.0,1.0,1.0,0.0,1.0,1.0,1.0,0.0,-3.4056,-3.8221,2.5653,11.3076,35.8461,28.0827,337.22,337.22,372.5274,-7.3958,-7.3958,-16.1726
CPB,20.34000015258789,20.34,2026-09-23,False,20.030000686645508,20.5,2.06,-36.72,BAJO,6065515008.0,15.53,11.08,1.57,10.05,4.95,10.34,4.08,12.32,8.08,1.72,0.81,,YAHOO,-0.8279,-1.0979,-0.6479,0.055926,4.6239,-2.2862,95.45,2026-12-07,75,2026-09-03,20.0,finnhub,,,,,,,,,,-4.7753,-6.5257,-4.9977,-2.4814,38.8962,36.9488,23.78,24.16,31.7348,-14.4659,-15.8113,-35.9064
CPRT,28.864999771118164,28.865,2026-09-23,False,28.315000534057617,28.8700008392334,-0.16,-37.07,BAJO,26723547136.0,18.62,16.3,2.94,16.16,10.27,32.01,31.81,3.31,11.89,0.01,7.91,,YAHOO,-0.8279,-1.0979,-0.6479,0.055926,4.6239,-2.2862,95.45,2026-11-19,57,2026-09-10,13.0,yahoo,1.0,0.0,1.0,1.0,0.0,1.0,0.0,1.0,0.0,-7.0071,-11.4571,6.1213,-2.4831,24.2172,41.6548,33.72,34.33,45.76,-14.398,-15.919,-36.9209
CPT,97.68000030517578,97.68,2026-09-23,False,97.62000274658203,99.66500091552734,-1.15,-6.72,BAJO,11304758272.0,32.24,89.61,2.63,7.89,1.87,16.1,20.62,1.24,16.69,1.26,0.35,,YAHOO,-0.8279,-1.0979,-0.6479,0.055926,4.6239,-2.2862,95.45,2026-11-05,43,,,yahoo,1.0,1.0,1.0,1.0,0.0,1.0,1.0,1.0,0.0,-5.0175,-6.7138,-13.4349,-10.7918,11.2438,18.4607,108.28,117.58,117.58,-9.7894,-16.9246,-16.9246
CRH,85.2300033569336,85.23,2026-09-23,False,85.05000305175781,87.0,-2.19,-25.28,BAJO,56702197760.0,15.06,13.12,2.36,15.81,6.06,19.02,9.94,3.56,9.7,0.78,1.58,,YAHOO,-0.8279,-1.0979,-0.6479,0.055926,4.6239,-2.2862,95.45,2026-10-29,36,,,yahoo,1.0,0.0,1.0,1.0,0.0,1.0,1.0,1.0,0.0,-2.8053,-5.9375,-12.6999,-22.4052,22.1185,29.4931,97.05,108.4354,129.9237,-12.1793,-21.4002,-34.4
CRL,277.3299865722656,277.33,2026-09-23,False,276.6400146484375,290.385009765625,-0.6,83.76,BAJO,13358355456.0,,21.82,4.66,-7.52,4.11,15.11,-5.96,3.51,19.0,1.05,1.35,,YAHOO,-0.8279,-1.0979,-0.6479,0.055926,4.6239,-2.2862,95.45,2026-11-04,42,,,yahoo,0.0,0.0,1.0,1.0,0.0,0.0,1.0,1.0,1.0,1.6307,-1.2217,20.9516,48.6227,29.983,39.1307,297.64,298.58,298.58,-6.8237,-7.117,-7.117
CSGP,28.260000228881836,28.26,2026-09-23,False,27.889999389648438,28.690000534057617,-2.69,-67.69,BAJO,11450884096.0,157.0,15.93,1.44,0.89,0.47,8.22,2.08,3.6,28.81,0.15,2.21,,YAHOO,-0.8279,-1.0979,-0.6479,0.055926,4.6239,-2.2862,95.45,2026-10-27,34,,,yahoo,1.0,0.0,1.0,1.0,1.0,0.0,0.0,0.0,1.0,-10.4563,-6.8556,4.1268,-6.6094,25.0423,48.8552,32.81,33.73,86.31,-13.8677,-16.217,-67.2576
CSX,47.189998626708984,47.19,2026-09-23,False,46.2599983215332,47.59000015258789,2.61,39.47,BAJO,87418290176.0,27.12,20.77,6.21,24.36,7.38,38.42,22.21,2.23,15.44,1.38,0.82,,YAHOO,-0.8279,-1.0979,-0.6479,0.055926,4.6239,-2.2862,95.45,2026-10-21,28,,,yahoo,1.0,0.0,1.0,1.0,1.0,0.0,1.0,0.0,0.0,-3.021,-3.6939,-10.3973,2.5112,35.0789,22.5128,51.6187,53.0847,53.0847,-8.5796,-11.1043,-11.1043
CTAS,191.97000122070312,191.97,2026-09-23,False,191.2899932861328,198.75,-2.49,-4.15,BAJO,76820553728.0,39.1,31.29,14.95,40.71,16.1,23.69,17.75,1.91,27.37,0.53,1.43,,YAHOO,-0.8279,-1.0979,-0.6479,0.055926,4.6239,-2.2862,95.45,2026-09-23,0,,,yahoo,1.0,1.0,1.0,1.0,1.0,0.0,1.0,1.0,1.0,-3.5084,-4.2544,-5.3045,14.0217,16.8102,27.7741,205.78,215.969,215.969,-6.711,-11.1122,-11.1122
CTSH,59.13999938964844,59.14,2026-09-23,False,58.459999084472656,59.959999084472656,-0.4,-11.45,BAJO,26639271936.0,12.69,9.36,1.85,14.92,10.73,17.48,10.26,8.32,6.86,0.14,2.18,,YAHOO,-0.8279,-1.0979,-0.6479,0.055926,4.6239,-2.2862,95.45,2026-10-28,35,,,yahoo,1.0,0.0,1.0,1.0,1.0,1.0,1.0,0.0,1.0,-6.5424,-1.3017,38.3092,45.2668,23.3617,48.5591,64.64,64.64,85.1577,-8.5087,-8.5087,-30.5524
CTVA,80.41999816894531,80.42,2026-09-23,False,79.61000061035156,82.26000213623047,1.66,16.01,BAJO,53655904256.0,48.74,19.5,2.13,4.26,4.55,30.13,5.66,4.51,13.2,0.19,1.52,,YAHOO,-0.8279,-1.0979,-0.6479,0.055926,4.6239,-2.2862,95.45,2026-11-03,41,,,yahoo,1.0,1.0,1.0,1.0,1.0,0.0,1.0,1.0,0.0,-3.5616,-6.3795,-9.2235,1.8726,25.3463,35.6479,89.97,90.3175,90.3175,-10.6147,-10.9586,-10.9586
CVNA,63.95000076293945,63.95,2026-09-23,False,62.150001525878906,64.93000030517578,-4.81,-16.25,BAJO,70886260736.0,34.76,28.27,11.42,58.77,11.7,9.22,6.26,0.6,19.81,1.11,3.93,,YAHOO,-0.8279,-1.0979,-0.6479,0.055926,4.6239,-2.2862,95.45,2026-10-28,35,,,yahoo,1.0,1.0,1.0,0.0,1.0,1.0,0.0,0.0,0.0,-4.4096,-14.4138,6.2469,-1.3574,53.3159,57.285,75.77,75.77,95.69,-15.5998,-15.5998,-33.1696
D,61.16999816894531,61.17,2026-09-23,False,61.04499816894531,62.27000045776367,-2.63,3.54,BAJO,53800599552.0,21.31,16.04,1.93,8.28,3.04,29.22,13.98,-17.07,13.56,1.6,0.81,,YAHOO,-0.8279,-1.0979,-0.6479,0.055926,4.6239,-2.2862,95.45,2026-10-30,37,,,yahoo,1.0,1.0,1.0,1.0,0.0,1.0,0.0,1.0,1.0,-4.2273,-7.6261,-13.5349,-9.7327,25.3274,16.0374,66.2606,70.973,70.973,-7.6827,-13.8123,-13.8123
DASH,189.27000427246094,189.27,2026-09-23,False,184.86000061035156,190.97999572753906,-2.35,-29.6,BAJO,82010308608.0,99.62,23.24,8.27,8.89,2.97,3.86,5.29,6.28,55.7,0.33,1.37,,YAHOO,-0.8279,-1.0979,-0.6479,0.055926,4.6239,-2.2862,95.45,2026-11-04,42,,,yahoo,1.0,1.0,1.0,1.0,0.0,0.0,0.0,1.0,0.0,-4.5344,-5.5727,11.4861,10.3486,18.3315,38.9962,236.93,236.93,281.74,-20.1156,-20.1156,-32.821
DDOG,251.49000549316406,251.49,2026-09-23,False,247.60000610351562,256.7099914550781,2.63,82.1,BAJO,90303774720.0,513.24,84.58,20.67,4.7,0.18,0.67,4.48,1.16,1044.62,0.29,3.21,,YAHOO,-0.8279,-1.0979,-0.6479,0.055926,4.6239,-2.2862,95.45,2026-11-05,43,,,yahoo,1.0,0.0,1.0,1.0,1.0,1.0,0.0,0.0,1.0,9.2153,19.6261,2.9052,14.0182,59.5287,68.094,251.49,288.15,288.15,0.0,-12.7225,-12.7225
DG,120.5999984741211,120.6,2026-09-23,False,120.05000305175781,122.78500366210938,-1.07,17.87,BAJO,26606383104.0,15.66,14.59,2.86,19.69,4.89,6.81,3.9,6.53,11.39,1.7,1.21,,YAHOO,-0.8279,-1.0979,-0.6479,0.055926,4.6239,-2.2862,95.45,2026-12-02,70,2026-08-27,27.0,finnhub,1.0,1.0,1.0,1.0,1.0,0.0,0.0,1.0,1.0,-3.2879,-5.6855,4.7239,5.7908,24.2512,34.6547,133.21,133.21,154.7135,-9.4663,-9.4663,-22.0495
DGX,233.0,233.0,2026-09-23,False,231.92250061035156,238.4149932861328,-4.85,25.99,BAJO,25716992000.0,25.77,19.32,3.41,14.6,6.4,15.25,9.19,3.54,14.07,0.81,1.59,,YAHOO,-0.8279,-1.0979,-0.6479,0.055926,4.6239,-2.2862,95.45,2026-10-22,29,,,yahoo,1.0,1.0,1.0,1.0,1.0,0.0,1.0,1.0,1.0,-5.6986,-1.0616,2.2378,18.6466,36.5256,27.8648,247.45,247.45,247.45,-5.8396,-5.8396,-5.8396
DHI,140.1699981689453,140.17,2026-09-23,False,139.86000061035156,142.82000732421875,0.66,-15.5,BAJO,39205728256.0,12.92,12.05,1.65,12.63,6.88,12.99,9.15,6.16,10.88,0.29,6.01,,YAHOO,-0.8279,-1.0979,-0.6479,0.055926,4.6239,-2.2862,95.45,2026-10-29,36,,,yahoo,1.0,0.0,1.0,0.0,0.0,1.0,1.0,0.0,0.0,-0.0214,1.2131,-1.0781,-9.9259,22.0965,32.865,150.8,163.742,172.875,-7.0491,-14.3958,-18.9183
DLR,181.4499969482422,181.45,2026-09-23,False,181.03500366210938,184.55499267578125,-2.62,6.38,BAJO,68527079424.0,88.95,65.69,2.51,2.91,1.48,25.88,11.82,5.5,27.46,0.68,0.89,,YAHOO,-0.8279,-1.0979,-0.6479,0.055926,4.6239,-2.2862,95.45,2026-10-22,29,,,yahoo,1.0,1.0,1.0,1.0,0.0,0.0,0.0,1.0,1.0,1.216,-3.5914,1.8703,-6.3107,37.3801,36.9366,192.1127,198.7869,201.18,-5.5502,-8.7214,-9.8071
DLTR,113.16000366210938,113.16,2026-09-23,False,112.1500015258789,115.2750015258789,0.74,18.74,BAJO,21232246784.0,13.87,14.31,6.2,46.03,8.26,6.21,8.04,4.94,11.12,2.24,1.13,,YAHOO,-0.8279,-1.0979,-0.6479,0.055926,4.6239,-2.2862,95.45,2026-12-01,69,2026-08-27,27.0,finnhub,1.0,1.0,1.0,1.0,0.0,1.0,1.0,1.0,1.0,0.328,-8.7714,-3.8164,-0.2204,26.3126,33.8128,134.48,136.75,141.21,-15.8537,-17.2505,-19.864
DOC,20.479999542236328,20.48,2026-09-23,False,20.3700008392334,20.8799991607666,-1.16,15.03,BAJO,14519239680.0,58.51,146.29,1.8,3.04,1.51,15.99,8.25,11.33,15.57,1.09,2.29,,YAHOO,-0.8279,-1.0979,-0.6479,0.055926,4.6239,-2.2862,95.45,2026-10-22,29,,,yahoo,1.0,0.0,1.0,1.0,0.0,0.0,1.0,0.0,1.0,1.5873,0.358,-6.3184,1.0655,22.7126,19.4096,21.5512,22.5939,22.5939,-4.9703,-9.3562,-9.3562
DOV,189.02999877929688,189.03,2026-09-23,False,185.2100067138672,190.6999969482422,1.58,12.12,BAJO,25458601984.0,22.83,16.26,3.3,14.91,7.06,18.69,13.48,3.56,14.12,0.42,1.98,,YAHOO,-0.8279,-1.0979,-0.6479,0.055926,4.6239,-2.2862,95.45,2026-10-22,29,,,yahoo,1.0,0.0,1.0,1.0,1.0,0.0,1.0,1.0,0.0,0.0317,-2.9321,-4.1806,-15.2139,18.5751,26.3862,204.1192,223.6873,231.5927,-7.3923,-15.4937,-18.3783
DPZ,296.42999267578125,296.43,2026-09-23,False,288.7300109863281,297.7900085449219,0.17,-29.37,BAJO,9806418944.0,16.79,14.23,-2.46,,33.89,19.08,11.86,5.42,14.43,,1.54,,YAHOO,-0.8279,-1.0979,-0.6479,0.055926,4.6239,-2.2862,95.45,2026-10-13,20,,,yahoo,1.0,1.0,1.0,1.0,0.0,1.0,1.0,1.0,1.0,-4.6297,-11.075,-7.7299,5.3822,14.5992,37.4422,347.8488,365.3704,430.8719,-14.7819,-18.8686,-31.2023
DRI,213.69000244140625,213.69,2026-09-23,False,212.32000732421875,216.1699981689453,1.13,17.38,BAJO,24262739968.0,20.25,17.24,11.04,53.72,7.72,14.14,9.13,3.26,15.23,3.65,0.31,,YAHOO,-0.8279,-1.0979,-0.6479,0.055926,4.6239,-2.2862,95.45,2026-09-24,1,,,yahoo,1.0,1.0,1.0,1.0,1.0,0.0,1.0,0.0,1.0,2.1854,0.3616,10.0814,2.2928,14.0104,29.7561,220.41,227.68,227.68,-3.0489,-6.1446,-6.1446
DTE,122.88999938964844,122.89,2026-09-23,False,122.5,125.29000091552734,-2.57,-8.68,BAJO,25571942400.0,19.44,14.69,2.1,11.03,2.77,13.62,8.0,-10.15,14.76,2.29,0.8,,YAHOO,-0.8279,-1.0979,-0.6479,0.055926,4.6239,-2.2862,95.45,2026-10-29,36,,,yahoo,1.0,0.0,1.0,1.0,0.0,1.0,0.0,0.0,1.0,-4.8971,-9.6502,-16.2802,-16.875,15.7844,17.2618,136.4617,152.6635,153.0301,-9.9454,-19.5027,-19.6955
DUK,114.16999816894531,114.17,2026-09-23,False,114.1011962890625,116.01000213623047,-2.2,-4.82,BAJO,89018597376.0,17.19,15.92,1.66,9.86,2.84,27.5,16.0,-5.03,11.05,1.62,0.66,,YAHOO,-0.8279,-1.0979,-0.6479,0.055926,4.6239,-2.2862,95.45,2026-11-05,43,,,yahoo,1.0,1.0,1.0,1.0,1.0,0.0,0.0,1.0,1.0,-3.0568,-5.8314,-10.8976,-7.8978,18.5965,18.4579,121.89,129.3824,131.1634,-6.3336,-11.7577,-12.9559
DVA,183.13999938964844,183.14,2026-09-23,False,182.47999572753906,186.1699981689453,0.44,37.06,BAJO,11684331520.0,15.53,10.68,-15.31,88.48,7.51,16.06,6.05,8.92,9.29,12.42,1.47,,YAHOO,-0.8279,-1.0979,-0.6479,0.055926,4.6239,-2.2862,95.45,2026-10-28,35,,,yahoo,1.0,0.0,1.0,1.0,0.0,1.0,1.0,0.0,1.0,-4.065,1.7105,-21.8252,-13.175,45.1715,45.0976,193.86,240.96,240.96,-5.5298,-23.9957,-23.9957
DVN,48.040000915527344,48.04,2026-09-23,False,47.0,48.79999923706055,0.95,42.06,BAJO,52843999232.0,10.44,8.97,1.32,11.52,5.91,41.08,17.46,1.48,7.15,0.28,0.72,,YAHOO,-0.8279,-1.0979,-0.6479,0.055926,4.6239,-2.2862,95.45,2026-11-04,42,,,yahoo,1.0,0.0,1.0,1.0,1.0,0.0,1.0,0.0,1.0,-6.4095,-0.101,6.7589,11.4338,21.5372,35.098,51.33,51.33,51.3696,-6.4095,-6.4095,-6.4816
DXCM,87.7300033569336,87.73,2026-09-23,False,87.36000061035156,90.04499816894531,-1.61,27.82,BAJO,33105860608.0,34.68,28.08,12.63,38.49,10.33,24.33,20.12,3.08,23.2,0.53,1.73,,YAHOO,-0.8279,-1.0979,-0.6479,0.055926,4.6239,-2.2862,95.45,2026-10-29,36,,,yahoo,1.0,1.0,1.0,1.0,0.0,1.0,1.0,0.0,1.0,1.4806,3.7856,24.475,27.2925,21.7979,42.5507,91.06,92.34,92.34,-3.6569,-4.9924,-4.9924
ED,102.61000061035156,102.61,2026-09-23,False,102.33999633789062,103.8499984741211,-1.2,6.75,BAJO,37948116992.0,16.9,15.81,1.48,8.96,3.24,16.54,12.53,-2.23,10.52,1.1,1.27,,YAHOO,-0.8279,-1.0979,-0.6479,0.055926,4.6239,-2.2862,95.45,2026-11-05,43,,,yahoo,1.0,1.0,1.0,1.0,1.0,0.0,0.0,0.0,1.0,-2.499,-5.2277,-8.2795,-4.8721,23.8162,17.0966,108.75,113.0627,113.5695,-5.646,-9.2451,-9.65
EIX,53.5099983215332,53.51,2026-09-23,False,53.470001220703125,55.0099983215332,-2.62,1.2,BAJO,20591394816.0,5.52,8.23,1.18,19.73,4.09,26.9,19.28,0.4,7.34,2.28,0.66,,YAHOO,-0.8279,-1.0979,-0.6479,0.055926,4.6239,-2.2862,95.45,2026-10-27,34,,,yahoo,1.0,1.0,1.0,1.0,1.0,0.0,0.0,1.0,0.0,-1.9245,-9.8095,-32.8101,-25.7675,25.2776,62.1895,74.78,80.38,80.38,-28.4434,-33.4287,-33.4287
EL,98.83000183105469,98.83,2026-09-23,False,97.80000305175781,100.58000183105469,2.58,13.45,BAJO,35756552192.0,197.66,25.25,9.39,4.75,5.23,7.0,1.21,5.07,16.91,2.43,1.22,,YAHOO,-0.8279,-1.0979,-0.6479,0.055926,4.6239,-2.2862,95.45,2026-11-02,40,,,yahoo,1.0,1.0,1.0,1.0,1.0,0.0,0.0,1.0,1.0,2.6805,-2.8125,24.0812,18.3927,37.7642,45.6029,105.8504,105.8504,118.3745,-6.6324,-6.6324,-16.5108
EME,751.7999877929688,751.8,2026-09-23,False,750.0650024414062,761.0081787109375,-0.78,16.03,BAJO,33161822208.0,23.38,20.46,8.15,40.35,12.03,10.62,7.74,2.95,16.47,0.13,1.28,,YAHOO,-0.8279,-1.0979,-0.6479,0.055926,4.6239,-2.2862,95.45,2026-10-29,36,,,yahoo,1.0,1.0,1.0,1.0,0.0,0.0,1.0,1.0,0.0,2.2134,-2.7627,-2.2456,-10.3053,30.3534,53.6518,780.66,862.54,943.2628,-3.6969,-12.8388,-20.2979
EMR,154.58999633789062,154.59,2026-09-23,False,153.5,156.00509643554688,1.89,18.62,BAJO,86230302720.0,33.9,21.33,4.23,12.8,6.9,26.92,13.83,4.3,16.16,0.68,0.9,,YAHOO,-0.8279,-1.0979,-0.6479,0.055926,4.6239,-2.2862,95.45,2026-11-04,42,,,yahoo,1.0,1.0,1.0,1.0,0.0,0.0,1.0,1.0,1.0,5.1633,1.6037,7.0492,8.3654,6.2332,29.2573,158.29,163.8244,163.8244,-2.3375,-5.6368,-5.6368
EOG,141.83999633789062,141.84,2026-09-23,False,139.72000122070312,142.82000732421875,0.33,26.07,BAJO,74399219712.0,11.04,9.51,2.34,22.51,11.02,40.72,25.73,6.02,5.36,0.26,1.85,,YAHOO,-0.8279,-1.0979,-0.6479,0.055926,4.6239,-2.2862,95.45,2026-11-05,43,,,yahoo,1.0,0.0,1.0,1.0,0.0,0.0,1.0,0.0,0.0,-7.7403,-2.4216,-2.5088,5.9249,17.7273,34.7763,153.74,153.74,153.74,-7.7403,-7.7403,-7.7403
EPAM,110.05999755859375,110.06,2026-09-23,False,109.66999816894531,113.97989654541016,-2.71,-29.37,BAJO,5677662720.0,14.93,7.83,1.61,11.18,8.45,10.94,7.15,11.45,6.69,0.04,2.75,,YAHOO,-0.8279,-1.0979,-0.6479,0.055926,4.6239,-2.2862,95.45,2026-11-05,43,,,yahoo,1.0,0.0,1.0,1.0,1.0,0.0,1.0,0.0,1.0,-10.8898,-4.5529,27.7687,43.1395,21.2943,56.6124,123.61,123.61,221.4,-10.9619,-10.9619,-50.2891
EQIX,1037.6600341796875,1037.66,2026-09-23,False,1036.1600341796875,1060.9749755859375,-1.85,31.12,BAJO,102387671040.0,66.64,55.73,7.12,10.73,3.68,27.02,15.48,3.69,27.48,1.62,1.13,,YAHOO,-0.8279,-1.0979,-0.6479,0.055926,4.6239,-2.2862,95.45,2026-10-28,35,,,yahoo,1.0,1.0,1.0,1.0,0.0,0.0,0.0,1.0,0.0,3.0467,-0.3409,0.8774,-6.5696,36.3707,29.6944,1079.61,1096.8591,1110.6332,-3.8857,-5.3971,-6.5704
EQT,51.060001373291016,51.06,2026-09-23,False,50.77000045776367,52.095001220703125,1.86,0.58,BAJO,31938848768.0,11.85,13.36,1.26,11.08,6.63,23.37,29.18,7.71,5.87,0.2,0.67,,YAHOO,-0.8279,-1.0979,-0.6479,0.055926,4.6239,-2.2862,95.45,2026-10-20,27,,,yahoo,1.0,1.0,1.0,1.0,1.0,1.0,0.0,1.0,1.0,-3.878,-7.3657,-4.0641,-0.8514,17.3497,29.3781,55.75,55.75,67.5273,-8.4126,-8.4126,-24.3861
ERIE,225.77000427246094,225.77,2026-09-23,False,224.8350067138672,234.5,-4.31,-28.16,BAJO,11805484032.0,20.49,16.11,4.79,24.81,14.15,19.1,14.01,4.08,13.85,0.03,1.25,,YAHOO,-0.8279,-1.0979,-0.6479,0.055926,4.6239,-2.2862,95.45,2026-10-29,36,,,yahoo,1.0,0.0,1.0,1.0,0.0,0.0,1.0,0.0,0.0,-9.9118,-7.2242,5.2443,2.6872,26.1846,49.3636,260.4,268.64,324.5125,-13.2988,-15.9582,-30.4279
ES,64.91000366210938,64.91,2026-09-23,False,64.72000122070312,66.0999984741211,-2.96,-2.99,BAJO,24449959936.0,16.86,13.2,1.5,9.02,3.3,23.92,10.35,3.32,10.66,1.81,0.8,,YAHOO,-0.8279,-1.0979,-0.6479,0.055926,4.6239,-2.2862,95.45,2026-11-04,42,,,yahoo,1.0,1.0,1.0,1.0,1.0,0.0,0.0,1.0,1.0,-2.2851,-8.1351,-11.9885,-7.5402,32.2347,20.0549,70.836,74.5127,74.5127,-8.3658,-12.8874,-12.8874
ESS,273.4700012207031,273.47,2026-09-23,False,273.1499938964844,276.7449951171875,0.77,5.35,BAJO,18851076096.0,42.53,43.41,3.3,7.71,2.96,33.98,20.89,5.54,19.87,1.22,0.25,,YAHOO,-0.8279,-1.0979,-0.6479,0.055926,4.6239,-2.2862,95.45,2026-10-27,34,,,yahoo,1.0,0.0,1.0,1.0,0.0,1.0,0.0,0.0,1.0,-0.9346,-1.4203,-6.7292,-1.2229,8.1731,19.2724,292.0,298.33,298.33,-6.3459,-8.333,-8.333
ETN,438.760009765625,438.76,2026-09-23,False,436.0950012207031,443.489990234375,0.76,19.57,BAJO,170414391296.0,44.68,27.2,8.41,19.68,7.05,16.56,12.75,1.82,28.78,1.05,1.24,,YAHOO,-0.8279,-1.0979,-0.6479,0.055926,4.6239,-2.2862,95.45,2026-11-03,41,,,yahoo,1.0,1.0,1.0,1.0,1.0,0.0,1.0,0.0,1.0,11.8145,3.9395,5.9522,8.5273,19.9361,47.2903,438.76,459.96,459.96,0.0,-4.6091,-4.6091
ETR,99.2300033569336,99.23,2026-09-23,False,98.83999633789062,100.79499816894531,-2.31,11.13,BAJO,47409860608.0,25.38,19.44,2.54,10.25,2.68,24.46,13.33,-9.28,13.97,1.87,0.91,,YAHOO,-0.8279,-1.0979,-0.6479,0.055926,4.6239,-2.2862,95.45,2026-10-29,36,,,yahoo,1.0,1.0,1.0,1.0,1.0,1.0,0.0,0.0,0.0,-3.5853,-8.5691,-13.7976,-12.2903,21.9973,18.7274,108.53,115.6397,116.6636,-8.5691,-14.1904,-14.9435
EVRG,78.41999816894531,78.42,2026-09-23,False,78.36499786376953,79.19999694824219,-1.06,9.91,BAJO,18081077248.0,19.95,17.18,1.77,9.25,2.91,25.24,15.19,-7.98,12.19,1.61,0.36,,YAHOO,-0.8279,-1.0979,-0.6479,0.055926,4.6239,-2.2862,95.45,2026-11-05,43,,,yahoo,1.0,0.0,1.0,1.0,0.0,0.0,0.0,1.0,0.0,-2.2194,-4.6449,-8.7423,-6.7954,13.1673,15.8875,82.24,87.4002,87.4002,-4.6449,-10.2748,-10.2748
EW,86.81999969482422,86.82,2026-09-23,False,86.05999755859375,88.79000091552734,-1.72,15.61,BAJO,50043047936.0,51.37,25.71,4.71,9.18,8.37,29.84,15.43,2.46,23.34,0.07,4.52,,YAHOO,-0.8279,-1.0979,-0.6479,0.055926,4.6239,-2.2862,95.45,2026-10-29,36,,,yahoo,1.0,0.0,1.0,1.0,1.0,0.0,1.0,0.0,1.0,1.2596,0.1153,3.5791,-0.1495,14.1345,24.0564,90.87,95.18,95.18,-4.4569,-8.7834,-8.7834
EXC,40.689998626708984,40.69,2026-09-23,False,40.6150016784668,41.61000061035156,-3.07,-5.44,BAJO,41921032192.0,14.96,13.39,1.41,9.71,2.81,16.59,10.99,-6.41,11.12,1.77,1.09,,YAHOO,-0.8279,-1.0979,-0.6479,0.055926,4.6239,-2.2862,95.45,2026-11-03,41,,,yahoo,1.0,1.0,1.0,1.0,0.0,1.0,0.0,1.0,0.0,-3.5782,-7.4175,-13.1188,-11.8888,24.5705,19.8735,44.11,47.4284,49.3516,-7.7533,-14.2075,-17.5507
EXPD,188.02999877929688,188.03,2026-09-23,False,186.36000061035156,189.17999267578125,-2.14,56.03,BAJO,24442136576.0,27.41,23.72,11.54,42.67,15.23,10.71,7.63,3.26,18.98,0.27,1.57,,YAHOO,-0.8279,-1.0979,-0.6479,0.055926,4.6239,-2.2862,95.45,2026-11-03,41,,,yahoo,1.0,0.0,1.0,1.0,1.0,1.0,1.0,1.0,1.0,-3.0273,1.1131,6.7261,16.5427,22.2681,25.0618,193.9,193.9,193.9,-3.0273,-3.0273,-3.0273
EXPE,259.0400085449219,259.04,2026-09-23,False,257.69000244140625,276.9049987792969,-7.82,17.15,BAJO,31090520064.0,16.3,10.59,25.71,89.49,6.11,18.98,12.97,11.05,10.7,2.3,0.8,,YAHOO,-0.8279,-1.0979,-0.6479,0.055926,4.6239,-2.2862,95.45,2026-11-05,43,,,yahoo,1.0,0.0,1.0,1.0,1.0,1.0,1.0,1.0,0.0,-11.6146,-5.6492,0.7001,5.8528,58.7636,46.6399,337.4835,338.6418,338.6418,-23.2437,-23.5062,-23.5062
EXR,133.83999633789062,133.84,2026-09-23,False,132.97999572753906,135.0399932861328,-2.63,0.34,BAJO,29538828288.0,29.48,27.81,2.13,6.95,3.36,45.88,27.28,5.08,18.57,1.02,0.89,,YAHOO,-0.8279,-1.0979,-0.6479,0.055926,4.6239,-2.2862,95.45,2026-10-28,35,,,yahoo,1.0,1.0,1.0,1.0,0.0,1.0,1.0,0.0,1.0,-2.52,-2.6921,-6.881,-8.3557,32.7891,20.8915,143.1864,151.0737,151.0737,-6.5275,-11.4075,-11.4075
FANG,185.64999389648438,185.65,2026-09-23,False,183.50999450683594,188.1999969482422,-1.91,32.9,BAJO,51985670144.0,36.33,9.94,1.37,3.49,1.31,48.47,9.03,9.69,5.96,0.29,0.47,,YAHOO,-0.8279,-1.0979,-0.6479,0.055926,4.6239,-2.2862,95.45,2026-11-02,40,,,yahoo,1.0,0.0,1.0,1.0,0.0,0.0,1.0,0.0,1.0,-12.2347,-7.0123,-9.1574,-0.6586,25.6166,37.4799,211.53,211.53,211.53,-12.2347,-12.2347,-12.2347
FAST,50.9900016784668,50.99,2026-09-23,False,49.939998626708984,51.040000915527344,2.7,7.74,BAJO,58510905344.0,43.58,36.35,14.38,34.33,21.52,21.02,15.45,1.57,30.05,0.11,4.18,,YAHOO,-0.8279,-1.0979,-0.6479,0.055926,4.6239,-2.2862,95.45,2026-10-14,21,,,yahoo,1.0,1.0,1.0,1.0,1.0,1.0,0.0,0.0,1.0,3.1977,3.2604,11.0938,12.4338,21.044,23.5383,51.15,52.38,52.38,-0.3128,-2.6537,-2.6537
FDS,279.42999267578125,279.43,2026-09-23,False,275.82501220703125,283.69000244140625,-1.64,-2.2,BAJO,9938079744.0,18.41,14.16,4.92,27.03,11.08,30.54,23.21,6.25,12.02,0.77,0.68,,YAHOO,-0.8279,-1.0979,-0.6479,0.055926,4.6239,-2.2862,95.45,2026-09-30,7,,,yahoo,1.0,1.0,1.0,1.0,0.0,1.0,1.0,0.0,0.0,0.8445,-3.3114,14.9709,28.5735,23.1249,48.8565,313.55,313.55,313.55,-10.8818,-10.8818,-10.8818
FE,43.650001525878906,43.65,2026-09-23,False,43.630001068115234,44.57500076293945,-2.94,2.84,BAJO,25257633792.0,23.34,14.8,1.95,9.49,3.68,19.3,6.94,-7.98,10.27,2.01,0.54,,YAHOO,-0.8279,-1.0979,-0.6479,0.055926,4.6239,-2.2862,95.45,2026-10-21,28,,,yahoo,1.0,0.0,1.0,1.0,0.0,1.0,0.0,0.0,1.0,-3.7062,-6.028,-10.926,-7.0965,24.2583,17.2227,47.04,49.43,50.8757,-7.2066,-11.6932,-14.2027
FFIV,455.989990234375,455.99,2026-09-23,False,452.1700134277344,461.9100036621094,1.31,39.62,BAJO,25821429760.0,36.05,25.23,6.72,19.83,7.98,24.65,21.95,2.78,26.5,0.07,1.67,,YAHOO,-0.8279,-1.0979,-0.6479,0.055926,4.6239,-2.2862,95.45,2026-10-26,33,,,yahoo,1.0,1.0,1.0,1.0,0.0,1.0,1.0,1.0,0.0,5.8276,17.0345,17.499,17.0616,32.1206,37.8052,455.99,455.99,455.99,0.0,0.0,0.0
FICO,879.6199951171875,879.62,2026-09-23,False,875.4500122070312,913.0800170898438,-4.86,-43.51,BAJO,18997712896.0,25.44,16.59,-4.64,,39.98,53.79,34.05,4.08,19.27,,1.18,,YAHOO,-0.8279,-1.0979,-0.6479,0.055926,4.6239,-2.2862,95.45,2026-11-04,42,,,yahoo,1.0,1.0,1.0,1.0,0.0,0.0,1.0,1.0,1.0,-10.7854,-5.7516,-27.0745,-19.9916,21.3313,67.0898,1157.0601,1373.08,1879.55,-23.978,-35.9382,-53.2005
FIS,34.66999816894531,34.67,2026-09-23,False,34.220001220703125,35.150001525878906,-1.48,-44.02,BAJO,17879523328.0,5.36,5.17,1.12,22.35,4.28,20.67,27.65,14.84,10.89,1.33,0.54,,YAHOO,-0.8279,-1.0979,-0.6479,0.055926,4.6239,-2.2862,95.45,2026-11-04,42,,,yahoo,1.0,0.0,1.0,1.0,1.0,0.0,1.0,0.0,1.0,-7.1505,-11.0335,-12.4111,-7.7818,7.8778,38.108,41.7971,46.2753,66.0466,-17.0516,-25.0788,-47.5068
FITB,51.689998626708984,51.69,2026-09-23,False,51.65999984741211,52.720001220703125,-3.04,17.58,BAJO,46877274112.0,17.4,10.45,1.45,8.44,0.92,39.08,23.24,,,,,,YAHOO,-0.8279,-1.0979,-0.6479,0.055926,4.6239,-2.2862,95.45,2026-10-19,26,,,yahoo,1.0,1.0,1.0,1.0,1.0,0.0,1.0,0.0,1.0,-5.4509,-5.1734,-9.5538,-4.7801,32.4312,22.196,55.1,59.37,59.37,-6.1887,-12.9358,-12.9358
FIX,1625.9000244140625,1625.9,2026-09-23,False,1604.6500244140625,1637.0,-0.41,101.76,BAJO,57222459392.0,40.02,27.02,17.76,55.29,17.04,17.06,12.78,3.22,27.76,0.11,1.21,,YAHOO,-0.8279,-1.0979,-0.6479,0.055926,4.6239,-2.2862,95.45,2026-10-22,29,,,yahoo,1.0,1.0,1.0,1.0,0.0,1.0,1.0,1.0,0.0,3.1152,-1.3691,-11.1628,-14.7441,45.6089,58.2627,1690.8199,1980.9241,2065.4404,-3.8396,-17.9221,-21.2807
FOX,56.959999084472656,56.96,2026-09-23,False,56.439998626708984,57.31999969482422,-1.62,3.0,BAJO,24018530304.0,14.83,9.91,2.06,14.29,9.5,25.21,9.84,2.31,7.07,0.64,3.17,,YAHOO,-0.8279,-1.0979,-0.6479,0.055926,4.6239,-2.2862,95.45,2026-10-29,36,,,yahoo,1.0,0.0,1.0,1.0,0.0,1.0,1.0,0.0,1.0,-5.6016,-2.1978,16.3912,28.4876,13.2288,34.2105,62.382,62.382,67.0667,-8.6916,-8.6916,-15.0696
FOXA,63.959999084472656,63.96,2026-09-23,False,63.09000015258789,64.11000061035156,-1.28,3.97,BAJO,26970245120.0,16.66,10.94,2.31,14.29,9.5,25.21,9.84,2.06,7.83,0.64,3.17,,YAHOO,-0.8279,-1.0979,-0.6479,0.055926,4.6239,-2.2862,95.45,2026-10-29,36,,,yahoo,1.0,0.0,1.0,1.0,0.0,1.0,1.0,0.0,1.0,-5.3426,-1.947,16.6139,31.6716,15.7566,34.6215,70.0207,70.0207,75.4053,-8.6555,-8.6555,-15.1784
FRT,109.38999938964844,109.39,2026-09-23,False,109.30999755859375,110.66000366210938,-1.12,13.24,BAJO,9562691584.0,22.1,34.29,2.97,12.55,3.26,35.03,32.66,4.77,17.49,1.34,0.56,,YAHOO,-0.8279,-1.0979,-0.6479,0.055926,4.6239,-2.2862,95.45,2026-10-30,37,,,yahoo,1.0,1.0,1.0,1.0,0.0,0.0,0.0,0.0,0.0,-3.9849,-6.7036,-12.3688,-10.7369,5.7402,14.3538,117.94,127.13,127.13,-7.2495,-13.9542,-13.9542
FTNT,178.74000549316406,178.74,2026-09-23,False,173.3699951171875,179.35000610351562,2.0,108.8,BAJO,131143983104.0,63.38,47.31,84.55,117.44,14.17,33.6,28.17,1.73,49.17,0.36,1.28,,YAHOO,-0.8279,-1.0979,-0.6479,0.055926,4.6239,-2.2862,95.45,2026-11-04,42,,,yahoo,1.0,0.0,1.0,1.0,1.0,0.0,1.0,0.0,1.0,3.6955,13.5073,17.9491,20.7703,32.6683,46.4521,178.74,178.74,178.74,0.0,0.0,0.0
FTV,56.2599983215332,56.26,2026-09-23,False,55.619998931884766,56.404998779296875,2.12,15.84,BAJO,16991478784.0,29.77,17.32,2.81,7.32,3.29,19.14,12.38,5.53,16.38,0.59,1.24,,YAHOO,-0.8279,-1.0979,-0.6479,0.055926,4.6239,-2.2862,95.45,2026-10-28,35,,,yahoo,1.0,1.0,1.0,1.0,0.0,0.0,1.0,0.0,1.0,-0.3366,-0.4424,-7.0794,-6.6482,18.2515,26.889,60.1767,64.0121,64.0121,-6.5087,-12.1103,-12.1103
GD,343.3299865722656,343.33,2026-09-23,False,343.04998779296875,348.760009765625,-2.99,7.28,BAJO,92890390528.0,20.92,18.47,3.46,17.8,6.08,10.38,8.18,4.74,14.76,0.35,1.44,,YAHOO,-0.8279,-1.0979,-0.6479,0.055926,4.6239,-2.2862,95.45,2026-10-28,35,,,yahoo,1.0,1.0,1.0,1.0,1.0,1.0,0.0,0.0,1.0,-4.2582,-3.7159,-10.0736,-1.5696,21.3352,19.4266,382.02,395.97,395.97,-10.1277,-13.2939,-13.2939
GDDY,96.37999725341797,96.38,2026-09-23,False,92.4000015258789,98.02999877929688,-8.01,-33.41,BAJO,12206305280.0,14.32,8.74,1818.49,442.86,9.88,27.06,17.83,9.87,10.77,573.34,0.63,,YAHOO,-0.8279,-1.0979,-0.6479,0.055926,4.6239,-2.2862,95.45,2026-10-29,36,,,yahoo,1.0,0.0,1.0,1.0,0.0,0.0,1.0,0.0,1.0,-5.8605,3.7683,9.9977,26.6491,100.656,67.0293,104.77,105.1,147.83,-8.008,-8.2969,-34.8035
GEHC,66.08999633789062,66.09,2026-09-23,False,65.625,66.45999908447266,1.98,-12.06,BAJO,29851942912.0,15.23,12.21,2.72,19.38,5.13,14.98,9.33,5.27,10.73,0.94,1.26,,YAHOO,-0.8279,-1.0979,-0.6479,0.055926,4.6239,-2.2862,95.45,2026-10-28,35,,,yahoo,1.0,0.0,1.0,0.0,0.0,1.0,1.0,0.0,0.0,3.1528,-1.0258,6.6742,3.778,16.96,38.3399,73.91,74.82,88.0324,-10.5804,-11.668,-24.9254
GIS,35.81999969482422,35.82,2026-09-23,False,34.54999923706055,36.0,1.04,-25.56,BAJO,19150428160.0,,11.25,2.59,-1.03,5.74,16.12,-0.47,12.05,9.4,1.89,0.68,,YAHOO,-0.8279,-1.0979,-0.6479,0.055926,4.6239,-2.2862,95.45,2026-09-23,0,2026-09-15,8.0,yahoo,0.0,0.0,1.0,1.0,0.0,1.0,1.0,0.0,1.0,-2.6895,-3.4241,-0.5828,4.7128,24.1524,36.1987,41.55,41.55,48.1163,-13.7906,-13.7906,-25.5554
GNRC,199.4199981689453,199.42,2026-09-23,False,198.77999877929688,206.22000122070312,-2.7,18.76,BAJO,11778530304.0,45.63,16.03,4.09,9.49,4.72,17.93,5.82,2.45,20.29,0.49,2.04,,YAHOO,-0.8279,-1.0979,-0.6479,0.055926,4.6239,-2.2862,95.45,2026-10-28,35,,,yahoo,1.0,0.0,1.0,1.0,1.0,1.0,1.0,0.0,0.0,13.9348,4.842,-5.2637,-27.3621,156.6969,62.076,207.44,292.81,295.54,-3.8662,-31.8944,-32.5235
GOOG,334.9800109863281,334.98,2026-09-23,False,334.20001220703125,346.2799987792969,-3.58,32.28,BAJO,4096783810560.0,16.8,22.51,6.58,48.68,12.96,34.03,54.77,0.55,23.06,0.19,2.72,,YAHOO,-0.8279,-1.0979,-0.6479,0.055926,4.6239,-2.2862,95.45,2026-10-28,35,,,yahoo,1.0,0.0,1.0,1.0,0.0,1.0,1.0,1.0,0.0,-1.2907,2.0099,5.0479,-2.8526,36.4359,34.2694,350.87,375.1065,398.5413,-4.5287,-10.6974,-15.9485
GPC,128.75999450683594,128.76,2026-09-23,False,127.47000122070312,130.41000366210938,1.83,-4.59,BAJO,17750822912.0,515.04,15.5,3.92,0.71,4.48,6.56,0.13,5.17,11.62,1.46,1.16,,YAHOO,-0.8279,-1.0979,-0.6479,0.055926,4.6239,-2.2862,95.45,2026-10-20,27,,,yahoo,1.0,0.0,1.0,1.0,1.0,0.0,1.0,1.0,0.0,-1.7174,-3.9535,8.0902,21.8769,27.7709,38.1125,138.4126,138.4126,145.181,-6.9738,-6.9738,-11.3107
GPN,84.0,84.0,2026-09-23,False,83.19000244140625,85.44000244140625,-1.51,-1.99,BAJO,22227943424.0,39.81,5.26,0.97,2.43,2.33,16.11,-9.15,35.4,9.2,0.98,0.82,,YAHOO,-0.8279,-1.0979,-0.6479,0.055926,4.6239,-2.2862,95.45,2026-11-03,41,,,yahoo,1.0,0.0,1.0,1.0,0.0,1.0,1.0,0.0,0.0,-5.5968,-5.7953,8.1914,31.0483,12.9754,39.821,93.5551,94.5623,94.5623,-10.2134,-11.1696,-11.1696
GWW,1270.6700439453125,1270.67,2026-09-23,False,1262.3499755859375,1276.4200439453125,-0.56,30.48,BAJO,59849756672.0,32.42,24.89,14.49,46.09,19.93,16.07,9.92,2.08,19.41,0.62,2.81,,YAHOO,-0.8279,-1.0979,-0.6479,0.055926,4.6239,-2.2862,95.45,2026-11-04,42,,,yahoo,1.0,0.0,1.0,1.0,0.0,1.0,1.0,0.0,1.0,0.0898,-1.435,-6.8966,-3.5842,9.4604,21.4009,1335.39,1399.2974,1399.2974,-4.8465,-9.1923,-9.1923
HAS,86.5199966430664,86.52,2026-09-23,False,85.41000366210938,86.83000183105469,-1.37,18.55,BAJO,12203166720.0,15.53,13.28,17.33,159.56,13.08,22.16,15.97,5.64,11.33,5.31,1.66,,YAHOO,-0.8279,-1.0979,-0.6479,0.055926,4.6239,-2.2862,95.45,2026-10-22,29,,,yahoo,0.0,0.0,1.0,1.0,1.0,0.0,0.0,0.0,1.0,-4.0905,-4.1967,-0.207,5.1879,11.5775,32.025,96.74,96.74,103.5827,-10.5644,-10.5644,-16.4725
HBAN,15.380000114440918,15.38,2026-09-23,False,15.380000114440918,15.664999961853027,-4.11,-8.76,BAJO,31073980416.0,12.11,8.66,1.04,9.0,0.98,41.93,26.13,,,,,,YAHOO,-0.8279,-1.0979,-0.6479,0.055926,4.6239,-2.2862,95.45,2026-10-22,29,,,yahoo,1.0,1.0,1.0,1.0,1.0,0.0,0.0,0.0,0.0,-7.2706,-7.3259,-10.7346,-10.7346,40.0314,26.0056,16.8928,18.3782,18.72,-8.9556,-16.3137,-17.8418
HCA,436.4800109863281,436.48,2026-09-23,False,433.8299865722656,446.3599853515625,2.47,6.51,BAJO,94498578432.0,14.63,13.63,-14.32,,12.29,15.16,8.77,3.96,9.42,,0.99,,YAHOO,-0.8279,-1.0979,-0.6479,0.055926,4.6239,-2.2862,95.45,2026-10-23,30,,,yahoo,1.0,1.0,1.0,1.0,0.0,0.0,1.0,1.0,1.0,3.177,8.7719,16.1447,13.0168,22.345,36.8526,436.48,436.48,542.2319,0.0,0.0,-19.5031
HIG,126.58999633789062,126.59,2026-09-23,False,126.5,129.68499755859375,-3.17,-3.06,BAJO,34289684480.0,8.88,9.25,1.78,22.06,3.85,17.61,14.89,16.06,6.27,0.22,1.77,,YAHOO,-0.8279,-1.0979,-0.6479,0.055926,4.6239,-2.2862,95.45,2026-10-29,36,,,yahoo,1.0,1.0,1.0,1.0,1.0,0.0,1.0,0.0,1.0,-6.9396,-6.6858,-10.5744,-3.1864,17.0981,20.8998,140.0,145.0437,145.0437,-9.5786,-12.7229,-12.7229
HII,269.79998779296875,269.8,2026-09-23,False,268.0740966796875,274.32000732421875,-2.28,-1.44,BAJO,10631360512.0,16.06,12.95,2.0,12.97,4.28,7.08,5.01,-2.82,11.59,0.55,1.23,,YAHOO,-0.8279,-1.0979,-0.6479,0.055926,4.6239,-2.2862,95.45,2026-10-29,36,,,yahoo,1.0,1.0,1.0,1.0,1.0,1.0,0.0,1.0,1.0,-3.4567,-6.212,-5.5842,-4.3819,24.0709,40.8129,295.91,329.2744,449.6816,-8.8236,-18.0623,-40.002
HLT,307.2200012207031,307.22,2026-09-23,False,305.82000732421875,310.4700012207031,0.05,15.91,BAJO,69144444928.0,45.05,29.38,-11.0,,11.03,62.99,31.03,2.02,26.62,,0.65,,YAHOO,-0.8279,-1.0979,-0.6479,0.055926,4.6239,-2.2862,95.45,2026-10-28,35,,,yahoo,1.0,0.0,1.0,1.0,0.0,0.0,1.0,1.0,1.0,-0.1852,0.9032,-4.004,-10.607,13.7802,22.6167,332.56,340.9648,350.0606,-7.6197,-9.8968,-12.2381
HPE,62.33000183105469,62.33,2026-09-23,False,61.30009841918945,63.36000061035156,2.13,156.08,BAJO,82740887552.0,32.13,13.56,3.12,10.94,2.64,12.56,6.67,5.73,14.06,0.76,1.11,,YAHOO,-0.8279,-1.0979,-0.6479,0.055926,4.6239,-2.2862,95.45,2026-12-02,70,2026-09-02,21.0,finnhub,1.0,0.0,1.0,1.0,0.0,0.0,0.0,0.0,1.0,10.2464,6.0911,31.0288,28.1798,25.3045,68.2487,62.33,62.33,62.33,0.0,0.0,0.0
HRL,19.920000076293945,19.92,2026-09-23,False,19.834999084472656,20.6299991607666,-2.64,-15.04,BAJO,10962988032.0,32.13,12.82,1.4,4.29,4.63,8.62,2.82,5.67,10.25,0.36,1.88,,YAHOO,-0.8279,-1.0979,-0.6479,0.055926,4.6239,-2.2862,95.45,2026-12-02,70,2026-08-27,27.0,finnhub,1.0,0.0,1.0,1.0,0.0,1.0,0.0,0.0,1.0,-4.1847,-6.082,-20.3837,-18.4513,22.2377,30.7378,23.78,26.05,26.1959,-16.2321,-23.5317,-23.9576
HSIC,85.05000305175781,85.05,2026-09-23,False,84.80000305175781,87.9800033569336,-0.18,22.07,BAJO,9478529024.0,24.8,14.18,3.01,8.85,4.39,5.76,2.96,4.71,13.61,0.81,1.32,,YAHOO,-0.8279,-1.0979,-0.6479,0.055926,4.6239,-2.2862,95.45,2026-11-03,41,,,yahoo,1.0,0.0,1.0,1.0,0.0,0.0,1.0,0.0,0.0,-2.8222,-4.2876,0.6152,6.1798,16.5499,19.112,90.86,90.86,90.86,-6.3945,-6.3945,-6.3945
HUBB,463.70001220703125,463.7,2026-09-23,False,452.6300048828125,470.3599853515625,1.06,7.02,BAJO,24498464768.0,27.47,20.24,6.26,24.44,8.43,21.67,14.49,2.02,19.58,1.42,1.61,,YAHOO,-0.8279,-1.0979,-0.6479,0.055926,4.6239,-2.2862,95.45,2026-10-27,34,,,yahoo,1.0,0.0,1.0,1.0,0.0,0.0,1.0,1.0,0.0,5.6096,1.9188,-4.3105,-10.2364,13.9572,33.137,471.0005,521.5837,554.4604,-1.55,-11.0977,-16.3691
HUM,374.7799987792969,374.78,2026-09-23,False,369.1322021484375,377.6700134277344,-1.0,46.36,BAJO,45003698176.0,36.11,22.62,2.34,6.89,3.9,3.46,0.88,4.31,9.99,0.76,1.74,,YAHOO,-0.8279,-1.0979,-0.6479,0.055926,4.6239,-2.2862,95.45,2026-11-06,44,,,yahoo,1.0,0.0,1.0,0.0,0.0,0.0,1.0,0.0,1.0,-5.5065,-7.0232,-4.9987,4.604,16.9974,33.7118,409.8,409.8,409.8,-8.5456,-8.5456,-8.5456
ICE,156.35000610351562,156.35,2026-09-23,False,151.4188995361328,157.76730346679688,0.63,-6.56,BAJO,87774035968.0,22.02,17.77,2.97,14.09,2.17,52.63,38.25,4.14,15.99,0.69,1.01,,YAHOO,-0.8279,-1.0979,-0.6479,0.055926,4.6239,-2.2862,95.45,2026-10-29,36,,,yahoo,1.0,1.0,1.0,1.0,0.0,1.0,1.0,1.0,1.0,-0.0192,-0.5642,9.5384,17.9473,13.4083,23.8122,164.0445,164.0445,173.314,-4.6905,-4.6905,-9.788
IDXX,522.02001953125,522.02,2026-09-23,False,516.8800048828125,523.219970703125,1.3,-20.31,BAJO,41125322752.0,36.28,31.18,25.53,74.21,27.08,34.98,25.03,2.21,25.91,0.68,1.17,,YAHOO,-0.8279,-1.0979,-0.6479,0.055926,4.6239,-2.2862,95.45,2026-11-02,40,,,yahoo,1.0,1.0,1.0,1.0,1.0,0.0,1.0,1.0,1.0,2.2106,0.3479,-3.2167,-3.5636,19.4529,28.5269,556.69,595.76,766.68,-6.2279,-12.3775,-31.9116
IEX,229.6699981689453,229.67,2026-09-23,False,224.1199951171875,230.58999633789062,3.21,45.41,BAJO,16931248128.0,32.62,23.86,4.24,12.96,6.84,22.17,14.49,3.28,18.8,0.47,3.05,,YAHOO,-0.8279,-1.0979,-0.6479,0.055926,4.6239,-2.2862,95.45,2026-10-28,35,,,yahoo,1.0,0.0,1.0,1.0,1.0,1.0,1.0,1.0,1.0,3.065,1.777,3.3525,4.183,25.7736,19.3102,234.89,240.52,240.52,-2.2223,-4.5111,-4.5111
INCY,124.63999938964844,124.64,2026-09-23,False,123.88999938964844,128.1699981689453,-0.01,46.61,BAJO,25264246784.0,15.88,14.03,3.95,30.67,16.83,41.9,27.71,4.67,10.69,0.01,4.59,,YAHOO,-0.8279,-1.0979,-0.6479,0.055926,4.6239,-2.2862,95.45,2026-10-27,34,,,yahoo,1.0,1.0,1.0,1.0,1.0,1.0,0.0,1.0,0.0,2.3821,0.1929,6.8129,19.387,27.2593,31.5343,129.72,129.93,129.93,-3.9161,-4.0714,-4.0714
INTU,286.79998779296875,286.8,2026-09-23,False,286.20001220703125,294.20001220703125,-5.7,-59.34,BAJO,76643278848.0,17.42,10.59,4.05,23.6,10.47,17.64,21.29,8.29,11.37,0.44,1.51,,YAHOO,-0.8279,-1.0979,-0.6479,0.055926,4.6239,-2.2862,95.45,2026-11-19,57,2026-08-25,29.0,yahoo,1.0,1.0,1.0,1.0,0.0,1.0,1.0,1.0,1.0,-12.8982,-10.0743,1.8719,11.6336,40.3669,48.0611,359.3,369.92,694.2903,-20.1781,-22.4697,-58.6916
INVH,26.93000030517578,26.93,2026-09-23,False,26.899999618530273,27.21500015258789,-0.55,-6.1,BAJO,15905483776.0,24.71,37.88,1.76,7.05,2.48,25.11,23.2,7.35,16.27,0.94,0.43,,YAHOO,-0.8279,-1.0979,-0.6479,0.055926,4.6239,-2.2862,95.45,2026-10-28,35,,,yahoo,1.0,1.0,1.0,1.0,0.0,1.0,1.0,0.0,1.0,-2.5687,-4.5712,-8.5258,-6.3499,10.3385,16.8183,30.21,30.59,30.59,-10.8573,-11.9647,-11.9647
IQV,269.8800048828125,269.88,2026-09-21,False,265.25,270.8599853515625,1.3,42.86,BAJO,44089753600.0,33.27,18.52,7.14,22.82,5.06,13.03,8.1,4.88,19.16,2.58,0.71,,YAHOO,-0.8279,-1.0979,-0.6479,0.055926,4.6239,-2.2862,95.45,2026-11-03,41,,,yahoo,1.0,0.0,1.0,1.0,1.0,0.0,1.0,0.0,0.0,1.5847,0.788,35.946,60.8247,16.1194,40.4462,271.62,271.62,271.62,-0.6406,-0.6406,-0.6406
IR,72.30999755859375,72.31,2026-09-21,False,71.62000274658203,72.9000015258789,0.67,-12.33,BAJO,29573316608.0,31.5,19.46,2.91,9.47,5.1,16.88,12.08,3.74,16.56,0.48,1.62,,YAHOO,-0.8279,-1.0979,-0.6479,0.055926,4.6239,-2.2862,95.45,2026-10-29,36,,,yahoo,1.0,0.0,1.0,1.0,1.0,0.0,1.0,0.0,1.0,0.2495,-5.3038,-13.4222,-7.1182,20.3549,29.6798,79.99,89.9788,98.6875,-9.6012,-19.6366,-26.7283
IRM,116.88999938964844,116.89,2026-09-21,False,114.38999938964844,117.13999938964844,2.23,14.85,BAJO,34262616064.0,81.62,42.16,-26.75,,4.63,19.06,5.54,-1.27,21.32,,0.73,,YAHOO,-0.8279,-1.0979,-0.6479,0.055926,4.6239,-2.2862,95.45,2026-11-04,42,,,yahoo,1.0,0.0,1.0,1.0,0.0,1.0,0.0,0.0,0.0,5.1207,0.8029,-5.3905,-10.6642,16.4514,30.8935,121.744,131.4189,132.0341,-3.9871,-11.0554,-11.4698
IT,183.32000732421875,183.32,2026-09-21,False,183.22999572753906,192.91000366210938,-1.32,-30.35,BAJO,11273355264.0,16.05,10.91,-68.71,113.58,10.17,22.62,12.0,9.34,9.48,,0.88,,YAHOO,-0.8279,-1.0979,-0.6479,0.055926,4.6239,-2.2862,95.45,2026-11-03,41,,,yahoo,1.0,0.0,1.0,1.0,0.0,0.0,1.0,1.0,1.0,-6.9772,-1.6629,38.7737,45.8045,7.7081,73.9148,202.78,202.78,264.09,-9.5966,-9.5966,-30.5843
ITW,267.5199890136719,267.52,2026-09-21,False,266.8399963378906,270.6499938964844,-0.71,4.31,BAJO,77870022656.0,24.77,22.05,26.91,104.62,16.92,26.9,19.39,3.12,18.05,3.35,1.11,,YAHOO,-0.8279,-1.0979,-0.6479,0.055926,4.6239,-2.2862,95.45,2026-10-23,30,,,yahoo,1.0,0.0,1.0,1.0,1.0,0.0,1.0,0.0,0.0,-0.565,-0.9625,-2.34,1.4436,10.0227,21.1297,285.51,297.32,297.32,-6.301,-10.0229,-10.0229
IVZ,31.3799991607666,31.38,2026-09-21,False,30.8799991607666,31.459999084472656,2.78,42.63,BAJO,13571702784.0,,9.4,1.36,-0.57,2.92,19.95,-0.93,8.41,12.31,0.12,0.71,,YAHOO,-0.8279,-1.0979,-0.6479,0.055926,4.6239,-2.2862,95.45,2026-10-27,34,,,yahoo,0.0,0.0,1.0,1.0,0.0,1.0,1.0,1.0,1.0,-0.4126,-5.1104,3.5734,9.7633,33.2875,33.4192,33.31,33.31,33.31,-5.7941,-5.7941,-5.7941
JBHT,236.1699981689453,236.17,2026-09-21,False,230.36000061035156,236.49000549316406,0.82,81.43,BAJO,22035261440.0,33.38,23.37,6.03,18.45,7.38,7.42,5.31,4.1,14.0,0.38,1.25,,YAHOO,-0.8279,-1.0979,-0.6479,0.055926,4.6239,-2.2862,95.45,2026-10-15,22,,,yahoo,1.0,1.0,1.0,1.0,1.0,0.0,1.0,1.0,1.0,-14.1169,-13.7342,-19.05,-13.497,105.6995,42.6338,274.99,297.9075,297.9075,-14.1169,-20.7237,-20.7237
JBL,303.6700134277344,303.67,2026-09-21,False,295.5,306.69000244140625,1.37,29.53,BAJO,32353013760.0,38.59,18.34,24.46,65.88,5.01,5.21,2.57,3.75,14.58,2.97,0.98,,YAHOO,-0.8279,-1.0979,-0.6479,0.055926,4.6239,-2.2862,95.45,2026-09-30,7,,,yahoo,1.0,0.0,1.0,1.0,1.0,0.0,1.0,0.0,0.0,1.6571,-2.2217,-4.5727,-19.4848,13.2574,51.7649,318.08,385.3968,385.5467,-4.5303,-21.2059,-21.2365
JKHY,151.55999755859375,151.56,2026-09-21,False,151.39999389648438,155.92999267578125,-2.12,0.77,BAJO,10399803392.0,21.56,18.89,5.07,24.04,12.99,22.5,19.76,3.39,14.9,0.04,1.17,,YAHOO,-0.8279,-1.0979,-0.6479,0.055926,4.6239,-2.2862,95.45,2026-11-03,41,,,yahoo,1.0,1.0,1.0,1.0,0.0,0.0,1.0,1.0,1.0,-7.8943,-8.5004,4.0716,23.2467,38.7359,34.7131,172.991,172.991,190.3516,-12.3885,-12.3885,-20.3789
KEY,20.8700008392334,20.87,2026-09-21,False,20.75,21.0,0.29,15.25,BAJO,21598683136.0,11.84,9.47,1.25,10.33,1.08,34.71,27.54,,,,,,YAHOO,-0.8279,-1.0979,-0.6479,0.055926,4.6239,-2.2862,95.45,2026-10-20,27,,,yahoo,1.0,1.0,1.0,1.0,1.0,0.0,1.0,0.0,1.0,-4.8336,-5.9062,-8.8279,-7.7097,39.4995,21.358,22.18,23.7624,23.7624,-5.9062,-12.1722,-12.1722
KEYS,342.0299987792969,342.03,2026-09-21,False,335.42498779296875,342.9700012207031,2.1,91.53,BAJO,60157681664.0,47.75,25.47,9.16,20.9,7.23,25.68,19.14,3.1,35.52,0.42,2.02,,YAHOO,-0.8279,-1.0979,-0.6479,0.055926,4.6239,-2.2862,95.45,2026-11-24,62,,,yahoo,1.0,1.0,1.0,1.0,0.0,0.0,1.0,0.0,0.0,8.5947,4.5292,4.4271,-8.3865,13.3405,43.7677,342.03,361.15,373.34,0.0,-5.2942,-8.3865
KHC,24.3700008392334,24.37,2026-09-21,False,24.235000610351562,24.799999237060547,-0.25,-2.11,BAJO,28210747392.0,,11.4,0.78,-8.76,3.63,15.49,-13.64,11.52,8.13,0.53,1.06,,YAHOO,-0.8279,-1.0979,-0.6479,0.055926,4.6239,-2.2862,95.45,2026-10-28,35,,,yahoo,0.0,0.0,1.0,1.0,0.0,1.0,1.0,0.0,1.0,0.412,-1.9316,-4.624,12.3904,9.165,31.6813,25.8468,27.1854,27.1854,-5.7136,-10.3562,-10.3562
KIM,22.540000915527344,22.54,2026-09-21,False,22.389999389648438,22.56999969482422,0.04,7.66,BAJO,14898231296.0,25.83,25.24,1.45,5.81,2.37,36.56,27.76,5.85,17.43,0.85,0.97,,YAHOO,-0.8279,-1.0979,-0.6479,0.055926,4.6239,-2.2862,95.45,2026-10-29,36,,,yahoo,1.0,1.0,1.0,1.0,1.0,0.0,1.0,1.0,1.0,-2.9285,-4.4915,-12.7507,-7.6267,13.303,15.6535,23.9365,26.0712,26.0712,-5.8341,-13.5445,-13.5445
KMI,31.719999313354492,31.72,2026-09-21,False,31.549999237060547,31.920000076293945,-0.38,20.58,BAJO,69854789632.0,20.24,20.31,2.21,10.99,4.45,30.06,19.3,1.54,13.55,0.99,0.46,,YAHOO,-0.8279,-1.0979,-0.6479,0.055926,4.6239,-2.2862,95.45,2026-10-28,35,,,yahoo,1.0,1.0,1.0,1.0,0.0,1.0,0.0,0.0,1.0,2.4548,1.0191,-1.4574,-0.7241,18.8397,21.7794,32.24,32.8826,33.9923,-1.6129,-3.5357,-6.6847
KR,59.689998626708984,59.69,2026-09-21,False,59.459999084472656,60.61000061035156,-0.52,-6.21,BAJO,34041530368.0,31.16,10.46,5.88,14.44,5.8,2.98,0.73,7.45,7.03,4.13,0.7,,YAHOO,-0.8279,-1.0979,-0.6479,0.055926,4.6239,-2.2862,95.45,2026-12-03,71,2026-09-11,12.0,yahoo,1.0,0.0,1.0,1.0,1.0,0.0,1.0,1.0,1.0,-2.003,1.8775,4.4483,7.7826,9.2819,27.6766,62.25,62.25,74.6913,-4.1125,-4.1125,-20.0845
KVUE,17.670000076293945,17.67,2026-09-21,False,17.489999771118164,17.729999542236328,0.4,9.62,BAJO,33940068352.0,20.79,14.25,3.22,15.58,6.99,19.42,10.76,5.62,11.91,0.82,1.0,,YAHOO,-0.8279,-1.0979,-0.6479,0.055926,4.6239,-2.2862,95.45,2026-11-05,43,,,yahoo,1.0,1.0,1.0,1.0,1.0,0.0,0.0,1.0,0.0,-0.1628,-4.5847,-5.488,1.2326,6.8698,21.2478,19.2009,19.3802,19.3802,-7.9731,-8.8243,-8.8243
L,106.75,106.75,2026-09-21,False,106.72000122070312,109.27999877929688,-0.95,9.21,BAJO,21473087488.0,12.87,36.22,1.12,9.31,1.91,14.53,9.02,5.88,7.7,0.45,0.51,,YAHOO,-0.8279,-1.0979,-0.6479,0.055926,4.6239,-2.2862,95.45,2026-11-02,40,,,yahoo,1.0,1.0,1.0,1.0,1.0,0.0,1.0,0.0,1.0,-2.2436,-2.333,-6.879,-1.2209,4.1726,13.5715,111.45,119.3331,119.3331,-4.2171,-10.5445,-10.5445
LDOS,128.22999572753906,128.23,2026-09-21,False,126.94000244140625,129.16000366210938,0.42,-31.77,BAJO,15647624192.0,11.63,9.78,2.96,27.78,8.91,11.72,7.8,7.33,9.04,1.23,1.63,,YAHOO,-0.8279,-1.0979,-0.6479,0.055926,4.6239,-2.2862,95.45,2026-11-03,41,,,yahoo,1.0,1.0,1.0,1.0,0.0,1.0,1.0,1.0,0.0,-3.1495,-3.3097,19.9389,22.7074,25.6487,39.0257,140.2047,145.8363,197.2656,-8.5408,-12.0727,-34.9963
LH,320.989990234375,320.99,2026-09-21,False,318.94000244140625,323.8399963378906,0.09,15.44,BAJO,24652779520.0,25.87,15.32,2.86,11.73,5.53,12.24,6.99,3.62,13.51,0.79,1.8,,YAHOO,-0.8279,-1.0979,-0.6479,0.055926,4.6239,-2.2862,95.45,2026-10-27,34,,,yahoo,1.0,1.0,1.0,1.0,1.0,0.0,1.0,1.0,1.0,1.8014,-1.8049,14.2891,26.4309,6.5852,24.7941,338.614,338.614,338.614,-5.2048,-5.2048,-5.2048
LII,363.6400146484375,363.64,2026-09-21,False,357.7900085449219,366.7900085449219,1.23,-31.98,BAJO,12868322304.0,16.53,14.25,9.92,71.76,15.99,22.86,14.87,2.16,12.68,1.56,1.57,,YAHOO,-0.8279,-1.0979,-0.6479,0.055926,4.6239,-2.2862,95.45,2026-10-28,35,,,yahoo,1.0,0.0,1.0,0.0,0.0,1.0,1.0,1.0,0.0,-0.5116,-6.8855,-31.7467,-31.9992,12.5081,50.9427,399.1,572.95,572.95,-8.885,-36.532,-36.532
LNT,64.97000122070312,64.97,2026-09-21,False,64.76000213623047,65.69999694824219,-0.98,3.5,BAJO,16513842176.0,20.28,17.28,2.19,11.13,2.45,19.05,18.45,-6.89,15.64,1.61,0.47,,YAHOO,-0.8279,-1.0979,-0.6479,0.055926,4.6239,-2.2862,95.45,2026-11-05,43,,,yahoo,1.0,1.0,1.0,1.0,0.0,1.0,0.0,1.0,0.0,-2.9139,-4.4137,-11.559,-10.5805,16.9623,17.6196,68.92,77.4411,77.4411,-5.7313,-16.104,-16.104
LOW,190.97999572753906,190.98,2026-09-21,False,188.22000122070312,193.08999633789062,-0.78,-25.97,BAJO,107363295232.0,16.19,14.69,-14.43,,12.52,13.36,7.35,4.3,11.49,,1.1,,YAHOO,-0.8279,-1.0979,-0.6479,0.055926,4.6239,-2.2862,95.45,2026-11-18,56,,,yahoo,1.0,0.0,1.0,1.0,1.0,0.0,0.0,1.0,0.0,-3.6282,-6.5884,-6.5427,-10.373,6.9385,25.8694,216.98,226.1026,284.2603,-11.9827,-15.5339,-32.8151
LULU,103.7300033569336,103.73,2026-09-22,False,101.80000305175781,103.76000213623047,2.4,-41.0,BAJO,11323420672.0,8.42,11.83,2.38,30.9,14.4,13.21,12.78,10.14,5.07,0.45,2.19,,YAHOO,-0.8279,-1.0979,-0.6479,0.055926,4.6239,-2.2862,95.45,2026-12-09,77,2026-09-03,20.0,finnhub,1.0,0.0,1.0,1.0,0.0,1.0,1.0,0.0,0.0,5.4488,0.5233,-6.237,-4.765,35.9814,51.1799,121.77,128.58,215.88,-14.8148,-19.3265,-51.9502
LUV,41.77000045776367,41.77,2026-09-21,False,40.93000030517578,41.779998779296875,1.93,30.81,BAJO,20077105152.0,25.49,8.68,2.84,11.1,2.32,3.38,2.78,-4.16,9.91,0.97,0.49,,YAHOO,-0.8279,-1.0979,-0.6479,0.055926,4.6239,-2.2862,95.45,2026-10-21,28,,,yahoo,1.0,1.0,1.0,1.0,0.0,0.0,1.0,1.0,1.0,5.6933,5.4266,-11.9479,-13.5976,22.2635,34.1815,41.77,51.668,54.0738,0.0,-19.1569,-22.7537
LW,47.290000915527344,47.29,2026-09-21,False,46.220001220703125,47.44499969482422,1.33,-12.77,BAJO,6192241152.0,21.65,13.35,3.39,16.28,6.03,9.77,4.39,7.31,9.2,2.21,1.42,,YAHOO,-0.8279,-1.0979,-0.6479,0.055926,4.6239,-2.2862,95.45,2026-10-06,13,,,yahoo,1.0,0.0,1.0,1.0,1.0,1.0,1.0,0.0,1.0,-2.0099,-5.1734,-0.7546,9.0609,25.6893,31.2176,55.36,55.36,64.5724,-14.5773,-14.5773,-26.7643
LYB,60.2400016784668,60.24,2026-09-21,False,60.20000076293945,61.63999938964844,-2.73,24.5,BAJO,19372587008.0,,9.42,1.82,-2.27,4.11,17.92,-1.13,6.34,8.74,1.33,1.64,,YAHOO,-0.8279,-1.0979,-0.6479,0.055926,4.6239,-2.2862,95.45,2026-10-30,37,,,yahoo,0.0,0.0,1.0,1.0,0.0,0.0,1.0,0.0,0.0,-4.0,-5.1637,-2.3397,4.0018,21.5595,35.5691,66.57,67.4042,80.6941,-9.5088,-10.6287,-25.3477
LYV,169.17999267578125,169.18,2026-09-21,False,167.6699981689453,170.22000122070312,1.23,1.62,BAJO,39377145856.0,,89.52,473.47,17.68,2.1,6.7,0.51,4.3,27.94,6.2,0.85,,YAHOO,-0.8279,-1.0979,-0.6479,0.055926,4.6239,-2.2862,95.45,2026-11-03,41,,,yahoo,1.0,0.0,1.0,1.0,0.0,1.0,0.0,1.0,0.0,-1.347,-2.4899,-4.9123,-0.8091,20.2591,24.246,186.77,188.46,188.46,-9.418,-10.2303,-10.2303
MAA,118.86000061035156,118.86,2026-09-21,False,117.9800033569336,119.58999633789062,-0.06,-12.68,BAJO,14011554816.0,34.44,35.91,2.51,7.05,3.13,25.36,18.17,6.57,15.73,1.02,0.05,,YAHOO,-0.8279,-1.0979,-0.6479,0.055926,4.6239,-2.2862,95.45,2026-10-28,35,,,yahoo,1.0,0.0,1.0,1.0,1.0,1.0,1.0,0.0,0.0,-5.3662,-7.3722,-9.6603,-9.0016,15.4677,18.3446,133.16,140.5626,140.5626,-10.739,-15.4398,-15.4398
MAR,342.6600036621094,342.66,2026-09-21,False,337.0199890136719,343.1499938964844,1.1,30.01,BAJO,91701075968.0,36.33,26.73,-20.35,,9.76,65.28,35.03,2.25,22.64,,0.54,,YAHOO,-0.8279,-1.0979,-0.6479,0.055926,4.6239,-2.2862,95.45,2026-11-03,41,,,yahoo,1.0,1.0,1.0,1.0,0.0,1.0,1.0,1.0,0.0,0.6462,1.8276,-7.1508,-10.6285,16.5821,26.6339,360.2,382.7422,401.7236,-4.8695,-10.4724,-14.7026
MAS,67.73999786376953,67.74,2026-09-21,False,67.44000244140625,68.80000305175781,-0.47,-3.68,BAJO,13440295936.0,15.71,14.64,-36.82,5862.5,15.86,23.64,11.61,6.67,11.03,,1.86,,YAHOO,-0.8279,-1.0979,-0.6479,0.055926,4.6239,-2.2862,95.45,2026-10-29,36,,,yahoo,1.0,0.0,1.0,1.0,1.0,1.0,1.0,0.0,0.0,-2.406,-6.8226,-12.7842,-7.5332,5.4635,36.8391,73.6,82.4086,82.4086,-7.962,-17.7999,-17.7999
MCHP,74.77999877929688,74.78,2026-09-21,False,72.73999786376953,75.16999816894531,2.06,16.52,BAJO,41013448704.0,111.07,16.48,6.36,7.19,3.54,23.96,9.34,3.33,30.64,0.84,1.92,,YAHOO,-0.8279,-1.0979,-0.6479,0.055926,4.6239,-2.2862,95.45,2026-11-05,43,,,yahoo,1.0,1.0,1.0,1.0,0.0,0.0,0.0,1.0,1.0,4.6167,0.8224,-11.515,-26.755,42.0431,53.8367,75.49,90.6546,102.0957,-0.9405,-17.5111,-26.755
MCK,886.469970703125,886.47,2026-09-21,False,873.3499755859375,895.3400268554688,1.35,26.87,BAJO,102657810432.0,23.47,17.45,-24.09,,4.74,1.35,1.12,6.63,15.87,,0.89,,YAHOO,-0.8279,-1.0979,-0.6479,0.055926,4.6239,-2.2862,95.45,2026-11-04,42,,,yahoo,1.0,1.0,1.0,1.0,0.0,0.0,1.0,0.0,1.0,-2.6873,-2.3701,9.0133,19.1397,18.8651,32.4918,924.78,924.78,993.5342,-4.1426,-4.1426,-10.7761
MCO,467.2200012207031,467.22,2026-09-21,False,466.3900146484375,474.1499938964844,-0.29,-4.3,BAJO,82061811712.0,30.09,25.04,27.13,76.93,15.62,49.47,34.25,3.14,21.79,2.41,1.19,,YAHOO,-0.8279,-1.0979,-0.6479,0.055926,4.6239,-2.2862,95.45,2026-10-21,28,,,yahoo,1.0,1.0,1.0,1.0,0.0,1.0,1.0,1.0,1.0,-2.2409,-5.3348,-4.3889,4.6671,15.593,27.1712,514.95,517.9255,536.0317,-9.2689,-9.7901,-12.8372
MET,96.63999938964844,96.64,2026-09-21,False,96.54000091552734,97.83999633789062,-0.41,21.93,BAJO,61768355840.0,18.76,8.89,2.26,13.09,0.45,5.52,4.57,-33.92,14.12,1.8,2.03,,YAHOO,-0.8279,-1.0979,-0.6479,0.055926,4.6239,-2.2862,95.45,2026-11-09,47,,,yahoo,1.0,0.0,1.0,1.0,1.0,0.0,1.0,0.0,0.0,-1.1356,-1.0039,4.2551,11.0538,7.3909,21.5476,99.23,99.95,99.95,-2.6101,-3.3117,-3.3117
MGM,38.72999954223633,38.73,2026-09-21,False,37.52000045776367,38.779998779296875,2.43,11.48,BAJO,9683969024.0,22.94,18.32,3.79,18.92,1.77,6.79,2.4,9.08,16.89,8.93,1.33,,YAHOO,-0.8279,-1.0979,-0.6479,0.055926,4.6239,-2.2862,95.45,2026-10-28,35,,,yahoo,1.0,0.0,1.0,1.0,1.0,0.0,1.0,0.0,1.0,-2.7617,-6.0408,-14.8604,-16.8349,31.4673,19.8734,43.69,49.69,50.69,-11.3527,-22.0568,-23.5944
MKC,48.88999938964844,48.89,2026-09-21,False,48.560001373291016,49.470001220703125,0.35,-22.73,BAJO,13197922304.0,8.17,14.89,1.89,24.73,5.14,17.42,21.91,5.41,12.66,0.65,0.78,,YAHOO,-0.8279,-1.0979,-0.6479,0.055926,4.6239,-2.2862,95.45,2026-10-01,8,,,yahoo,1.0,0.0,1.0,1.0,1.0,0.0,0.0,0.0,1.0,-2.9768,-6.1252,-6.0169,7.8789,17.7391,28.3234,56.2,56.48,70.3792,-13.0071,-13.4384,-30.5335
MLM,499.6700134277344,499.67,2026-09-21,False,490.57000732421875,501.25,1.84,-19.75,BAJO,34831458304.0,31.89,22.97,2.55,8.89,4.57,20.18,36.74,1.7,16.79,0.55,1.41,,YAHOO,-0.8279,-1.0979,-0.6479,0.055926,4.6239,-2.2862,95.45,2026-11-03,41,,,yahoo,1.0,0.0,1.0,1.0,1.0,1.0,1.0,1.0,1.0,-0.2495,-2.9333,-9.1126,-17.9379,25.3553,31.5006,532.2466,615.0623,705.0883,-6.1206,-18.7611,-29.1337
MNST,44.0,44.0,2026-09-21,False,43.849998474121094,44.61000061035156,-1.59,36.72,BAJO,86021963776.0,40.66,33.54,9.19,25.7,17.48,29.18,23.08,1.95,28.19,0.01,3.73,,YAHOO,-0.8279,-1.0979,-0.6479,0.055926,4.6239,-2.2862,95.45,2026-11-05,43,,,yahoo,1.0,0.0,1.0,1.0,0.0,1.0,0.0,1.0,0.0,-0.4525,0.4108,-8.0171,-5.3967,13.7918,24.6922,48.92,49.97,49.97,-10.0572,-11.9472,-11.9472
MOH,197.8000030517578,197.8,2026-09-21,False,197.05999755859375,202.7899932861328,-1.49,7.94,BAJO,9885113344.0,1262.47,19.43,2.36,-0.16,1.16,1.4,-0.02,7.08,12.62,0.95,1.68,,YAHOO,-0.8279,-1.0979,-0.6479,0.055926,4.6239,-2.2862,95.45,2026-10-21,28,,,yahoo,1.0,0.0,0.0,0.0,0.0,1.0,1.0,0.0,1.0,-7.6003,-1.494,-10.7964,0.1925,27.4048,38.4287,214.07,242.88,242.88,-7.6003,-18.5606,-18.5606
MPC,402.3800048828125,402.38,2026-09-21,False,399.54998779296875,431.0799865722656,-5.3,117.66,BAJO,109066723328.0,13.47,8.24,5.76,42.1,8.74,13.56,5.55,8.48,9.24,1.33,1.25,,YAHOO,-0.8279,-1.0979,-0.6479,0.055926,4.6239,-2.2862,95.45,2026-11-03,41,,,yahoo,1.0,1.0,1.0,1.0,0.0,1.0,1.0,1.0,0.0,1.4958,3.4662,27.7569,63.1614,51.8224,35.1121,424.89,424.89,424.89,-5.2978,-5.2978,-5.2978
MPWR,1277.6800537109375,1277.6801,2026-09-21,False,1217.239990234375,1283.8299560546875,4.92,38.61,BAJO,66611859456.0,82.5,38.87,17.1,21.98,13.57,30.99,24.5,0.67,65.2,0.0,4.97,,YAHOO,-0.8279,-1.0979,-0.6479,0.055926,4.6239,-2.2862,95.45,2026-10-29,36,,,yahoo,1.0,0.0,1.0,1.0,0.0,1.0,0.0,0.0,1.0,11.7596,4.3976,-8.636,-16.7926,32.4354,53.5862,1311.08,1426.03,1687.3154,-2.5475,-10.403,-24.2773
MSCI,558.969970703125,558.97,2026-09-21,False,552.3300170898438,559.9299926757812,1.1,-1.01,BAJO,40399392768.0,30.96,24.7,-15.02,,21.13,56.3,40.73,2.96,23.74,,0.89,,YAHOO,-0.8279,-1.0979,-0.6479,0.055926,4.6239,-2.2862,95.45,2026-10-20,27,,,yahoo,1.0,1.0,1.0,1.0,0.0,1.0,1.0,1.0,1.0,0.9609,-2.4502,-1.7481,-3.4227,16.1262,32.89,574.65,634.9691,641.5356,-2.7286,-11.9689,-12.87
MTB,226.9600067138672,226.96,2026-09-21,False,226.02999877929688,228.77000427246094,-0.15,16.56,BAJO,31710922752.0,11.63,10.42,1.25,10.74,1.41,45.11,32.09,,,,,,YAHOO,-0.8279,-1.0979,-0.6479,0.055926,4.6239,-2.2862,95.45,2026-10-16,23,,,yahoo,1.0,1.0,1.0,1.0,1.0,0.0,1.0,0.0,1.0,-4.5665,-5.3702,-8.8962,0.305,32.8882,20.1962,240.2397,252.4608,252.4608,-5.5277,-10.1009,-10.1009
MTCH,43.15999984741211,43.16,2026-09-21,False,42.85499954223633,43.75,-0.09,20.4,BAJO,9442628608.0,14.35,8.84,-39.26,,17.36,28.77,20.17,9.86,10.41,,1.72,,YAHOO,-0.8279,-1.0979,-0.6479,0.055926,4.6239,-2.2862,95.45,2026-11-03,41,,,yahoo,1.0,1.0,1.0,1.0,1.0,0.0,1.0,1.0,1.0,0.0232,3.1056,13.4894,23.1282,16.7433,34.5465,44.4,44.4,44.4,-2.7928,-2.7928,-2.7928
MTD,1430.43994140625,1430.4399,2026-09-21,False,1396.1099853515625,1436.0899658203125,2.74,12.88,BAJO,29901359104.0,33.6,28.87,2331.78,,21.1,31.2,21.91,2.32,25.07,166.68,1.12,,YAHOO,-0.8279,-1.0979,-0.6479,0.055926,4.6239,-2.2862,95.45,2026-11-05,43,,,yahoo,1.0,0.0,1.0,1.0,1.0,1.0,1.0,0.0,0.0,11.2533,6.3319,11.2404,22.8826,34.2772,26.1331,1430.4399,1445.0,1506.02,0.0,-1.0076,-5.0185
NCLH,14.220000267028809,14.22,2026-09-22,False,14.170000076293945,14.979999542236328,-0.14,-44.81,BAJO,6511283712.0,8.59,8.38,2.53,36.73,4.25,14.04,7.49,-25.81,8.59,6.21,0.2,,YAHOO,-0.8279,-1.0979,-0.6479,0.055926,4.6239,-2.2862,95.45,2026-11-04,42,,,yahoo,1.0,0.0,1.0,1.0,0.0,1.0,0.0,1.0,0.0,-0.4202,-7.6023,-23.9979,-30.2599,18.4587,45.5881,17.26,21.92,25.57,-17.613,-35.1277,-44.388
NDAQ,94.69000244140625,94.69,2026-09-21,False,93.4800033569336,94.88999938964844,1.23,5.86,BAJO,53348798464.0,27.83,20.4,4.47,16.52,5.85,49.33,35.04,3.17,18.52,0.78,1.01,,YAHOO,-0.8279,-1.0979,-0.6479,0.055926,4.6239,-2.2862,95.45,2026-10-22,29,,,yahoo,1.0,1.0,1.0,1.0,1.0,1.0,1.0,1.0,1.0,3.4072,-1.9301,4.5216,15.0104,24.168,27.5852,99.1349,99.1349,99.9635,-4.4837,-4.4837,-5.2755
NDSN,314.3500061035156,314.35,2026-09-21,False,310.5,315.989990234375,0.89,40.42,BAJO,17902891008.0,32.53,24.76,5.48,17.76,8.47,27.4,18.63,3.43,20.47,0.56,1.82,,YAHOO,-0.8279,-1.0979,-0.6479,0.055926,4.6239,-2.2862,95.45,2026-12-08,76,2026-08-19,35.0,finnhub,1.0,1.0,1.0,1.0,1.0,0.0,1.0,0.0,1.0,1.9591,-0.963,8.1292,6.8576,8.7144,25.3004,333.5782,333.6978,333.6978,-5.7642,-5.798,-5.798
NI,40.52000045776367,40.52,2026-09-21,False,40.310001373291016,40.7599983215332,-0.15,-0.08,BAJO,18822733824.0,21.22,17.42,1.97,8.55,3.24,17.16,13.15,-9.42,12.73,1.47,0.5,,YAHOO,-0.8279,-1.0979,-0.6479,0.055926,4.6239,-2.2862,95.45,2026-10-28,35,,,yahoo,1.0,1.0,1.0,1.0,0.0,1.0,0.0,0.0,1.0,-1.3392,-2.102,-12.4082,-14.3575,9.4953,18.3314,41.9,48.7533,48.7533,-3.2936,-16.8877,-16.8877
NOC,526.6599731445312,526.66,2026-09-21,False,517.469970703125,527.030029296875,-0.14,-7.92,BAJO,73080061952.0,16.35,16.89,4.09,26.96,7.15,11.6,10.48,3.39,12.11,0.95,1.17,,YAHOO,-0.8279,-1.0979,-0.6479,0.055926,4.6239,-2.2862,95.45,2026-10-20,27,,,yahoo,1.0,0.0,1.0,1.0,1.0,1.0,1.0,0.0,0.0,-0.1384,2.268,0.7187,4.2823,12.6115,25.9859,547.4601,586.4728,761.1927,-3.7994,-10.1987,-30.8112
NRG,103.27999877929688,103.28,2026-09-21,False,101.33000183105469,104.81999969482422,-0.37,-39.66,BAJO,21172400128.0,26.23,9.0,5.04,23.77,4.06,12.77,2.56,3.65,13.87,4.83,0.97,,YAHOO,-0.8279,-1.0979,-0.6479,0.055926,4.6239,-2.2862,95.45,2026-11-05,43,,,yahoo,1.0,0.0,1.0,1.0,0.0,1.0,1.0,0.0,0.0,-4.7847,-13.2247,-25.9561,-25.3858,24.6513,55.9795,119.64,148.8317,182.8192,-13.6744,-30.6062,-43.507
NSC,309.07000732421875,309.07,2026-09-21,False,308.44000244140625,317.17999267578125,-1.62,7.43,BAJO,70753886208.0,26.47,22.01,4.35,16.98,5.95,35.3,21.02,1.95,15.33,1.06,0.83,,YAHOO,-0.8279,-1.0979,-0.6479,0.055926,4.6239,-2.2862,95.45,2026-10-22,29,,,yahoo,1.0,1.0,1.0,1.0,1.0,0.0,1.0,0.0,0.0,-3.4307,-6.1889,-6.2388,2.0131,16.4267,20.934,352.98,352.98,352.98,-12.4398,-12.4398,-12.4398
NTAP,198.14999389648438,198.15,2026-09-21,False,195.19000244140625,200.83999633789062,0.18,60.98,BAJO,38562942976.0,28.49,17.65,25.74,114.82,11.66,26.67,19.18,3.04,17.91,1.69,1.24,,YAHOO,-0.8279,-1.0979,-0.6479,0.055926,4.6239,-2.2862,95.45,2026-12-01,69,2026-09-02,21.0,yahoo,1.0,1.0,1.0,1.0,0.0,1.0,1.0,1.0,1.0,5.2422,6.7676,18.9804,25.546,19.1429,43.8521,199.28,207.08,207.08,-0.567,-4.3123,-4.3123
NTRS,178.9499969482422,178.95,2026-09-21,False,177.57000732421875,179.85000610351562,0.6,37.85,BAJO,31832455168.0,14.96,13.73,2.54,17.07,1.28,42.5,24.67,,,,,,YAHOO,-0.8279,-1.0979,-0.6479,0.055926,4.6239,-2.2862,95.45,2026-10-21,28,,,yahoo,1.0,0.0,1.0,1.0,1.0,0.0,1.0,0.0,0.0,-1.5189,-4.1151,0.6348,2.4117,13.1176,21.6304,189.19,190.5711,190.5711,-5.4126,-6.0981,-6.0981
NVR,6188.9501953125,6188.9502,2026-09-21,False,6128.93017578125,6257.52001953125,0.63,-22.73,BAJO,16715985920.0,16.22,15.58,4.93,31.54,16.55,13.89,11.85,5.49,10.82,0.32,5.67,,YAHOO,-0.8279,-1.0979,-0.6479,0.055926,4.6239,-2.2862,95.45,2026-10-21,28,,,yahoo,1.0,0.0,1.0,0.0,0.0,1.0,1.0,0.0,1.0,-1.7558,-1.7448,-2.5252,-2.5753,19.1458,26.5607,6433.7402,6828.6201,8178.0,-3.8048,-9.3675,-24.322
NWS,32.86000061035156,32.86,2026-09-21,False,32.599998474121094,32.95000076293945,0.55,-3.95,BAJO,16730440704.0,30.31,20.65,1.99,7.98,4.66,12.54,6.35,6.25,13.77,0.32,1.62,,YAHOO,-0.8279,-1.0979,-0.6479,0.055926,4.6239,-2.2862,95.45,2026-11-05,43,,,yahoo,1.0,0.0,1.0,1.0,0.0,0.0,1.0,0.0,1.0,-2.9533,-2.7762,6.4907,18.0475,17.7925,29.5584,35.2141,35.2141,35.2141,-6.685,-6.685,-6.685
NWSA,29.700000762939453,29.7,2026-09-21,False,29.600000381469727,29.959999084472656,-0.27,-3.69,BAJO,15069187072.0,27.3,18.6,1.79,7.98,4.66,12.54,6.35,6.94,12.51,0.32,1.62,,YAHOO,-0.8279,-1.0979,-0.6479,0.055926,4.6239,-2.2862,95.45,2026-11-05,43,,,yahoo,1.0,0.0,1.0,1.0,0.0,0.0,1.0,0.0,1.0,-2.8141,-1.9416,8.9976,21.0887,9.1913,27.5562,31.0854,31.0854,31.0854,-4.4568,-4.4568,-4.4568
NXPI,232.41000366210938,232.41,2026-09-21,False,226.14999389648438,233.05999755859375,1.94,3.96,BAJO,59369533440.0,20.11,13.01,5.21,27.92,10.46,30.41,22.56,5.99,13.32,0.93,2.04,,YAHOO,-0.8279,-1.0979,-0.6479,0.055926,4.6239,-2.2862,95.45,2026-10-26,33,,,yahoo,1.0,0.0,1.0,1.0,1.0,0.0,1.0,0.0,0.0,4.1145,2.4648,-16.264,-27.5313,46.6283,40.7115,235.56,290.9507,330.0601,-1.3372,-20.1205,-29.5856
ODFL,175.36000061035156,175.36,2026-09-21,False,169.64999389648438,175.52999877929688,1.36,26.19,BAJO,36960124928.0,34.18,26.72,8.11,24.82,15.78,28.84,19.44,2.63,20.41,0.0,1.89,,YAHOO,-0.8279,-1.0979,-0.6479,0.055926,4.6239,-2.2862,95.45,2026-10-28,35,,,yahoo,1.0,0.0,1.0,1.0,1.0,1.0,1.0,0.0,0.0,-3.6007,-5.6545,-24.5565,-19.9925,34.8099,30.4677,201.1676,236.7822,248.3443,-12.8289,-25.9404,-29.3883
OKE,91.80000305175781,91.8,2026-09-21,False,91.62999725341797,93.11000061035156,-1.78,34.32,BAJO,57077252096.0,15.64,14.52,2.49,16.28,5.77,13.25,9.29,1.58,11.74,1.43,0.74,,YAHOO,-0.8279,-1.0979,-0.6479,0.055926,4.6239,-2.2862,95.45,2026-10-27,34,,,yahoo,1.0,1.0,1.0,1.0,1.0,0.0,0.0,0.0,1.0,-5.3315,-3.8038,1.2475,7.6539,21.874,25.9805,97.51,97.51,97.51,-5.8558,-5.8558,-5.8558
OMC,75.58999633789062,75.59,2026-09-21,False,74.97000122070312,77.33999633789062,-1.28,4.81,BAJO,20710375424.0,204.03,6.43,2.14,6.05,5.09,15.38,1.74,20.57,8.08,1.08,0.92,,YAHOO,-0.8279,-1.0979,-0.6479,0.055926,4.6239,-2.2862,95.45,2026-10-20,27,,,yahoo,0.0,0.0,1.0,1.0,1.0,0.0,0.0,0.0,0.0,-5.8008,-7.5681,-3.7953,5.2616,6.4624,36.4354,88.0348,88.0348,88.0348,-14.1362,-14.1362,-14.1362
ON,71.72000122070312,71.72,2026-09-21,False,68.16999816894531,72.05000305175781,2.49,38.44,BAJO,28848508928.0,47.2,16.36,4.0,8.31,6.75,19.53,10.17,5.74,14.22,0.65,3.46,,YAHOO,-0.8279,-1.0979,-0.6479,0.055926,4.6239,-2.2862,95.45,2026-11-02,40,,,yahoo,1.0,0.0,1.0,1.0,0.0,0.0,1.0,0.0,0.0,0.0977,-3.5762,-22.3221,-45.4808,91.4072,56.4091,76.14,97.87,133.93,-5.8051,-26.7191,-46.4496
OTIS,66.63999938964844,66.64,2026-09-21,False,66.56999969482422,68.58000183105469,-2.74,-24.61,BAJO,26007328768.0,17.56,15.05,-4.52,,14.25,15.13,10.17,5.52,13.01,,0.83,,YAHOO,-0.8279,-1.0979,-0.6479,0.055926,4.6239,-2.2862,95.45,2026-10-28,35,,,yahoo,1.0,0.0,1.0,1.0,0.0,0.0,1.0,1.0,1.0,-5.0442,-6.4176,-4.7807,-7.5001,25.2614,23.3574,72.36,74.5481,92.4955,-7.9049,-10.6081,-27.9533
PAYC,226.24000549316406,226.24,2026-09-21,False,224.63999938964844,228.38999938964844,-0.02,2.94,BAJO,9991476224.0,23.43,15.89,16.87,41.09,8.78,31.72,22.78,4.24,14.42,1.72,1.07,,YAHOO,-0.8279,-1.0979,-0.6479,0.055926,4.6239,-2.2862,95.45,2026-11-04,42,,,yahoo,1.0,0.0,1.0,1.0,0.0,0.0,1.0,1.0,0.0,1.5212,-2.3438,62.6784,83.2384,6.9971,63.5776,240.52,240.52,240.52,-5.9371,-5.9371,-5.9371
PAYX,115.01000213623047,115.01,2026-09-21,False,114.18000030517578,116.26000213623047,-0.97,-8.74,BAJO,37196398592.0,21.37,16.35,9.95,44.77,9.82,38.32,27.03,5.63,14.67,1.24,1.26,,YAHOO,-0.8279,-1.0979,-0.6479,0.055926,4.6239,-2.2862,95.45,2026-09-23,0,,,yahoo,1.0,1.0,1.0,1.0,0.0,0.0,1.0,1.0,1.0,-2.9533,-5.5049,4.9372,21.1378,8.6717,31.2434,127.34,127.34,127.34,-9.6827,-9.6827,-9.6827
PCG,12.880000114440918,12.88,2026-09-22,False,12.770000457763672,13.149999618530273,-0.46,-12.09,BAJO,37259374592.0,8.93,6.89,0.85,9.32,2.57,24.79,11.83,-16.51,8.89,1.89,1.22,,YAHOO,-0.8279,-1.0979,-0.6479,0.055926,4.6239,-2.2862,95.45,2026-10-22,29,,,yahoo,1.0,1.0,1.0,1.0,0.0,0.0,0.0,1.0,0.0,-2.0532,-13.0904,-26.5678,-22.9728,15.3291,55.4729,18.36,18.36,19.0001,-29.8475,-29.8475,-32.2108
PEG,69.30999755859375,69.31,2026-09-21,False,69.25,70.16999816894531,-0.66,-13.11,BAJO,33548650496.0,16.74,14.41,1.93,11.83,3.24,18.87,16.04,0.32,13.0,1.42,0.88,,YAHOO,-0.8279,-1.0979,-0.6479,0.055926,4.6239,-2.2862,95.45,2026-11-02,40,,,yahoo,1.0,1.0,1.0,1.0,0.0,1.0,1.0,1.0,1.0,-2.2702,-5.1001,-12.1121,-13.2351,16.9744,15.2816,73.57,82.8257,84.7417,-5.7904,-16.3183,-18.2102
PFG,116.47000122070312,116.47,2026-09-21,False,116.2300033569336,118.48999786376953,-1.02,45.74,BAJO,24390799360.0,16.23,10.97,2.01,12.95,0.35,12.34,9.93,4.33,10.84,0.35,1.59,,YAHOO,-0.8279,-1.0979,-0.6479,0.055926,4.6239,-2.2862,95.45,2026-10-26,33,,,yahoo,1.0,0.0,1.0,1.0,1.0,0.0,1.0,0.0,0.0,-0.3678,-0.18,8.4117,5.5072,20.7611,23.1294,118.51,118.51,118.51,-1.7214,-1.7214,-1.7214
PGR,212.24000549316406,212.24,2026-09-21,False,211.83999633789062,215.55999755859375,-0.58,-7.09,BAJO,117896650752.0,10.19,12.47,3.44,34.94,7.84,18.21,12.85,12.82,8.07,0.24,0.29,,YAHOO,-0.8279,-1.0979,-0.6479,0.055926,4.6239,-2.2862,95.45,2026-10-14,21,,,yahoo,1.0,1.0,1.0,1.0,1.0,0.0,0.0,0.0,0.0,-3.9725,-3.0646,3.7646,2.389,11.6812,32.7964,223.92,234.48,234.48,-5.2161,-9.4848,-9.4848
PH,958.1699829101562,958.17,2026-09-21,False,943.3099975585938,964.4299926757812,1.55,26.31,BAJO,122481639424.0,34.13,24.71,7.95,25.08,9.79,23.46,16.97,2.42,23.07,0.57,1.26,,YAHOO,-0.8279,-1.0979,-0.6479,0.055926,4.6239,-2.2862,95.45,2026-11-05,43,,,yahoo,1.0,0.0,1.0,1.0,1.0,1.0,1.0,1.0,1.0,3.1588,-0.4592,-1.0992,-0.2121,18.5374,26.6115,1037.4006,1071.7115,1071.7115,-7.6374,-10.5944,-10.5944
PHM,118.97000122070312,118.97,2026-09-21,False,116.55999755859375,119.4000015258789,1.46,-7.98,BAJO,22612635648.0,12.11,10.69,1.71,14.9,9.21,15.69,11.62,4.77,8.5,0.19,7.27,,YAHOO,-0.8279,-1.0979,-0.6479,0.055926,4.6239,-2.2862,95.45,2026-10-22,29,,,yahoo,1.0,0.0,1.0,0.0,1.0,1.0,1.0,0.0,0.0,0.2444,-4.1939,-5.9324,-5.0863,25.3413,30.8987,130.5739,137.6385,141.6452,-8.8869,-13.5634,-16.0084
PKG,238.30999755859375,238.31,2026-09-21,False,237.4600067138672,242.6300048828125,2.38,14.06,BAJO,21470906368.0,31.34,17.85,4.58,14.89,8.28,13.12,7.26,2.02,12.57,0.94,2.94,,YAHOO,-0.8279,-1.0979,-0.6479,0.055926,4.6239,-2.2862,95.45,2026-10-21,28,,,yahoo,1.0,0.0,1.0,1.0,0.0,0.0,1.0,0.0,0.0,2.8262,1.0969,5.1108,2.4879,25.7481,28.811,247.2796,255.7746,255.7746,-3.6273,-6.8281,-6.8281
PNC,233.25,233.25,2026-09-21,False,232.47999572753906,235.32000732421875,0.03,17.79,BAJO,89375350784.0,12.33,10.46,1.54,12.62,1.31,38.69,31.37,,,,,,YAHOO,-0.8279,-1.0979,-0.6479,0.055926,4.6239,-2.2862,95.45,2026-10-15,22,,,yahoo,1.0,1.0,1.0,0.0,1.0,0.0,1.0,0.0,1.0,-3.9016,-5.0285,-7.6274,0.1703,32.7729,18.0109,245.6,256.97,256.97,-5.0285,-9.2306,-9.2306
PNR,55.779998779296875,55.78,2026-09-21,False,55.27000045776367,56.68000030517578,-0.25,-49.53,BAJO,8817899520.0,14.24,10.69,2.35,17.13,8.66,23.44,16.24,6.33,10.14,0.47,1.45,,YAHOO,-0.8279,-1.0979,-0.6479,0.055926,4.6239,-2.2862,95.45,2026-10-20,27,,,yahoo,1.0,0.0,1.0,1.0,1.0,1.0,1.0,1.0,0.0,-0.712,-7.3576,-11.1017,-24.323,11.0528,41.4926,63.31,76.3863,111.0011,-11.8939,-26.9764,-49.7483
PNW,93.30999755859375,93.31,2026-09-21,False,92.9800033569336,94.47000122070312,-0.96,11.54,BAJO,11156205568.0,17.67,16.54,1.59,9.37,2.33,21.34,11.53,-8.33,12.89,2.33,0.59,,YAHOO,-0.8279,-1.0979,-0.6479,0.055926,4.6239,-2.2862,95.45,2026-11-03,41,,,yahoo,1.0,0.0,1.0,1.0,1.0,0.0,0.0,0.0,0.0,-2.1908,-4.3171,-11.422,-8.0753,15.075,16.2422,98.69,108.3845,108.3845,-5.4514,-13.9083,-13.9083
PODD,140.52999877929688,140.53,2026-09-21,False,138.58999633789062,141.49000549316406,-0.05,-58.88,BAJO,9466155008.0,25.61,17.7,6.66,26.02,9.71,16.18,12.29,2.5,16.07,0.67,2.48,,YAHOO,-0.8279,-1.0979,-0.6479,0.055926,4.6239,-2.2862,95.45,2026-11-05,43,,,yahoo,1.0,0.0,1.0,1.0,1.0,0.0,0.0,1.0,1.0,1.9811,-4.7125,-11.5774,1.1225,11.7605,55.0647,150.58,170.62,346.36,-6.6742,-17.6357,-59.4266
POOL,167.9199981689453,167.92,2026-09-21,False,166.5,170.32000732421875,-0.02,-45.75,BAJO,6054732288.0,15.3,14.1,4.81,31.25,9.9,15.14,7.41,3.52,12.0,1.35,2.67,,YAHOO,-0.8279,-1.0979,-0.6479,0.055926,4.6239,-2.2862,95.45,2026-10-22,29,,,yahoo,1.0,0.0,1.0,0.0,0.0,1.0,1.0,1.0,0.0,-2.2357,-9.3402,-13.8479,-13.5924,4.3879,35.336,188.38,218.0392,310.1159,-10.861,-22.9863,-45.8525
PPG,104.93000030517578,104.93,2026-09-21,False,104.05000305175781,105.80999755859375,0.39,-2.47,BAJO,23830558720.0,15.38,12.37,2.82,19.3,6.05,14.02,9.57,4.64,11.06,0.87,1.58,,YAHOO,-0.8279,-1.0979,-0.6479,0.055926,4.6239,-2.2862,95.45,2026-10-27,34,,,yahoo,1.0,1.0,1.0,1.0,0.0,1.0,1.0,0.0,0.0,-0.304,-6.7538,-10.0583,-11.2154,9.7814,29.3778,114.42,124.5553,129.1576,-8.294,-15.7563,-18.7582
PPL,33.04999923706055,33.05,2026-09-21,False,33.0,33.40999984741211,-0.87,-5.22,BAJO,24269570048.0,19.08,15.23,1.61,8.63,3.2,23.59,13.47,-7.99,11.79,1.35,0.91,,YAHOO,-0.8279,-1.0979,-0.6479,0.055926,4.6239,-2.2862,95.45,2026-11-04,42,,,yahoo,1.0,1.0,1.0,1.0,0.0,1.0,0.0,1.0,0.0,-2.19,-5.0843,-7.6873,-6.3644,12.637,18.522,34.8204,36.7146,39.1669,-5.0843,-9.9814,-15.6175
PRU,118.52999877929688,118.53,2026-09-21,False,118.44999694824219,119.7699966430664,0.11,20.53,BAJO,40568549376.0,10.67,7.91,1.29,12.01,0.43,7.52,6.01,18.56,11.74,1.64,0.78,,YAHOO,-0.8279,-1.0979,-0.6479,0.055926,4.6239,-2.2862,95.45,2026-10-28,35,,,yahoo,1.0,1.0,1.0,1.0,1.0,0.0,1.0,0.0,0.0,-0.8117,-2.8602,0.8821,10.7504,18.9357,20.5917,123.2,123.7019,123.7019,-3.7906,-4.181,-4.181
PSA,296.6700134277344,296.67,2026-09-21,False,294.8999938964844,298.9200134277344,0.12,9.65,BAJO,53576159232.0,27.33,28.04,10.4,21.93,6.98,45.7,41.63,4.36,18.83,1.1,0.22,,YAHOO,-0.8279,-1.0979,-0.6479,0.055926,4.6239,-2.2862,95.45,2026-10-28,35,,,yahoo,1.0,0.0,1.0,1.0,0.0,0.0,0.0,0.0,1.0,1.4603,-0.7603,-3.8454,-6.4038,24.1014,21.7661,321.6697,327.1138,327.1138,-7.7718,-9.3068,-9.3068
PTC,135.27999877929688,135.28,2026-09-21,False,133.97000122070312,137.2100067138672,-0.45,-35.13,BAJO,15234278400.0,13.63,15.76,4.48,35.05,11.54,28.23,41.43,6.77,12.92,0.46,1.02,,YAHOO,-0.8279,-1.0979,-0.6479,0.055926,4.6239,-2.2862,95.45,2026-11-11,49,,,yahoo,1.0,1.0,1.0,1.0,1.0,1.0,1.0,1.0,1.0,-1.0026,-4.0703,19.6004,17.6348,26.1156,44.5837,158.95,158.95,205.95,-14.8915,-14.8915,-34.3142
PWR,642.6099853515625,642.61,2026-09-21,False,629.9000244140625,648.780029296875,0.93,61.59,BAJO,95453020160.0,72.64,32.2,9.9,15.34,5.23,7.22,4.03,2.05,33.38,0.68,1.1,,YAHOO,-0.8279,-1.0979,-0.6479,0.055926,4.6239,-2.2862,95.45,2026-10-29,36,,,yahoo,1.0,0.0,1.0,1.0,1.0,0.0,0.0,1.0,0.0,3.3102,2.9148,-0.0824,-13.164,24.4494,52.8067,650.58,722.31,785.1201,-1.2251,-11.034,-18.1514
Q,121.81999969482422,121.82,2026-09-21,False,119.5999984741211,122.54000091552734,1.47,27.34,BAJO,26046464000.0,44.46,23.15,3.59,6.72,5.3,22.32,11.25,2.96,19.59,0.6,2.01,,YAHOO,-0.8279,-1.0979,-0.6479,0.055926,4.6239,-2.2862,95.45,2026-11-16,54,,,yahoo,1.0,0.0,1.0,1.0,0.0,1.0,0.0,1.0,0.0,3.9154,1.1206,-12.137,-30.5961,15.3475,49.4966,126.5358,163.2014,,-3.7268,-25.356,
RCL,234.88999938964844,234.89,2026-09-22,False,231.02999877929688,261.6600036621094,-6.14,-27.82,BAJO,61594214400.0,14.23,11.35,6.02,44.67,7.68,27.07,23.54,-2.46,12.2,2.25,0.21,,YAHOO,-0.8279,-1.0979,-0.6479,0.055926,4.6239,-2.2862,95.45,2026-10-27,34,,,yahoo,1.0,1.0,1.0,1.0,1.0,1.0,0.0,1.0,0.0,-5.2203,-10.667,-16.6276,-23.663,52.173,32.7266,290.5634,325.4858,342.3655,-19.1605,-27.834,-31.392
REGN,798.1699829101562,798.17,2026-09-21,False,779.9600219726562,801.4400024414062,1.7,33.86,BAJO,82551373824.0,19.83,13.17,2.54,14.04,6.53,33.11,27.87,3.71,15.9,0.09,3.33,,YAHOO,-0.8279,-1.0979,-0.6479,0.055926,4.6239,-2.2862,95.45,2026-10-28,35,,,yahoo,1.0,0.0,1.0,1.0,1.0,0.0,1.0,0.0,0.0,0.5581,-3.57,22.716,30.4656,19.4417,31.0651,852.03,852.03,852.03,-6.3214,-6.3214,-6.3214
RF,28.549999237060547,28.55,2026-09-21,False,28.469999313354492,28.719999313354492,0.18,11.02,BAJO,23334348800.0,11.13,9.63,1.34,11.87,1.39,39.31,30.84,,,,,,YAHOO,-0.8279,-1.0979,-0.6479,0.055926,4.6239,-2.2862,95.45,2026-10-16,23,,,yahoo,1.0,1.0,1.0,1.0,1.0,0.0,1.0,0.0,1.0,-4.9284,-6.1473,-6.5471,0.3115,33.1152,21.3234,30.44,32.0747,32.0747,-6.2089,-10.989,-10.989
RJF,165.19000244140625,165.19,2026-09-21,False,164.36000061035156,167.2899932861328,0.27,-5.31,BAJO,30395981824.0,13.78,11.15,2.39,18.42,2.58,19.3,15.13,,,0.48,2.11,,YAHOO,-0.8279,-1.0979,-0.6479,0.055926,4.6239,-2.2862,95.45,2026-10-28,35,,,yahoo,1.0,0.0,1.0,1.0,0.0,0.0,1.0,0.0,1.0,-3.2845,-7.3476,-1.6785,5.8275,21.8841,23.4858,181.1,181.18,181.18,-8.7852,-8.8255,-8.8255
RL,339.82000732421875,339.82,2026-09-21,False,333.5199890136719,340.45001220703125,1.41,10.83,BAJO,20107218944.0,21.26,16.14,7.39,37.54,11.0,18.39,11.76,4.38,13.29,1.1,2.04,,YAHOO,-0.8279,-1.0979,-0.6479,0.055926,4.6239,-2.2862,95.45,2026-11-05,43,,,yahoo,1.0,1.0,1.0,1.0,0.0,1.0,1.0,1.0,1.0,-0.4715,-3.2403,-12.223,-17.1005,20.8531,30.2037,370.82,411.16,413.2399,-8.3599,-17.3509,-17.7669
RMD,223.61000061035156,223.61,2026-09-21,False,223.33999633789062,226.52000427246094,-0.61,-18.47,BAJO,32067287040.0,21.31,16.8,4.87,24.27,14.0,30.86,26.95,2.93,14.99,0.13,3.1,,YAHOO,-0.8279,-1.0979,-0.6479,0.055926,4.6239,-2.2862,95.45,2026-10-29,36,,,yahoo,1.0,0.0,1.0,1.0,1.0,0.0,1.0,1.0,1.0,0.278,-2.0758,16.2468,18.998,10.3217,36.8803,240.33,240.33,280.3143,-6.9571,-6.9571,-20.2288
ROK,424.8900146484375,424.89,2026-09-21,False,413.7900085449219,425.2099914550781,2.23,23.86,BAJO,48169381888.0,40.53,29.14,13.76,30.63,9.99,20.97,13.39,2.71,24.48,1.03,1.07,,YAHOO,-0.8279,-1.0979,-0.6479,0.055926,4.6239,-2.2862,95.45,2026-11-05,43,,,yahoo,1.0,0.0,1.0,1.0,0.0,1.0,1.0,1.0,1.0,1.442,-2.0562,-6.9841,-10.852,25.1471,28.6719,433.81,493.5596,493.5596,-2.0562,-13.9131,-13.9131
ROL,32.349998474121094,32.35,2026-09-21,False,31.8799991607666,32.709999084472656,-0.25,-41.75,BAJO,15632414720.0,29.54,24.98,10.94,37.01,14.06,18.8,13.55,3.21,19.23,0.78,0.63,,YAHOO,-0.8279,-1.0979,-0.6479,0.055926,4.6239,-2.2862,95.45,2026-10-28,35,,,yahoo,1.0,1.0,1.0,1.0,0.0,0.0,1.0,1.0,0.0,-8.3829,-9.7881,-25.2183,-26.8011,11.2238,30.3018,37.26,45.2396,64.8632,-13.1777,-28.4918,-50.1258
ROP,365.3999938964844,365.4,2026-09-21,False,364.3299865722656,374.1499938964844,-1.97,-28.49,BAJO,36233322496.0,15.26,15.08,1.94,13.07,4.23,27.73,30.24,6.25,14.57,0.61,0.55,,YAHOO,-0.8279,-1.0979,-0.6479,0.055926,4.6239,-2.2862,95.45,2026-10-22,29,,,yahoo,1.0,0.0,1.0,1.0,0.0,1.0,1.0,0.0,1.0,-7.4022,-10.2829,8.5207,12.6815,15.0752,35.0934,426.2,426.2,516.3226,-14.2656,-14.2656,-29.2303
RSG,213.92999267578125,213.93,2026-09-21,False,213.86000061035156,217.02999877929688,-1.9,-5.18,BAJO,65253990400.0,30.18,26.44,5.42,18.15,6.17,20.43,12.94,2.98,15.11,1.19,0.64,,YAHOO,-0.8279,-1.0979,-0.6479,0.055926,4.6239,-2.2862,95.45,2026-10-29,36,,,yahoo,1.0,0.0,1.0,1.0,0.0,1.0,1.0,1.0,0.0,-5.2778,-3.9424,-1.1962,4.9885,12.0931,20.4693,225.85,225.85,230.9379,-5.2778,-5.2778,-7.3647
SBAC,176.27999877929688,176.28,2026-09-21,False,176.0,181.10000610351562,-1.29,-9.51,BAJO,18091204608.0,18.42,20.84,-3.91,,8.41,52.16,34.51,4.16,18.03,,0.17,,YAHOO,-0.8279,-1.0979,-0.6479,0.055926,4.6239,-2.2862,95.45,2026-11-02,40,,,yahoo,1.0,1.0,1.0,1.0,1.0,0.0,1.0,0.0,1.0,-3.709,-6.9468,-0.2942,-5.3808,16.7616,31.0085,191.52,191.52,220.8819,-7.9574,-7.9574,-20.1926
SJM,119.87999725341797,119.88,2026-09-21,False,119.37000274658203,123.13999938964844,-2.5,14.67,BAJO,13076226048.0,56.41,11.22,2.27,3.93,6.26,17.9,2.51,11.2,8.82,1.21,0.87,,YAHOO,-0.8279,-1.0979,-0.6479,0.055926,4.6239,-2.2862,95.45,2026-11-24,62,2026-08-26,28.0,yahoo,0.0,1.0,1.0,1.0,1.0,0.0,0.0,0.0,1.0,-1.1707,-4.9175,2.5019,12.8869,26.6867,29.4171,132.34,132.34,132.34,-9.4151,-9.4151,-9.4151
SMCI,41.540000915527344,41.54,2026-09-22,False,40.45000076293945,41.7400016784668,0.83,-12.19,BAJO,27224643584.0,12.71,7.78,2.65,21.47,7.88,13.38,5.71,-30.3,11.74,0.64,3.87,,YAHOO,-0.8279,-1.0979,-0.6479,0.055926,4.6239,-2.2862,95.45,2026-11-03,41,,,yahoo,1.0,0.0,0.0,0.0,1.0,0.0,0.0,0.0,0.0,16.5544,3.1793,33.141,24.6699,86.9966,90.3584,41.54,41.54,58.68,0.0,0.0,-29.2093
SNPS,401.8500061035156,401.85,2026-09-21,False,385.9200134277344,404.05999755859375,4.38,-22.76,BAJO,79157428224.0,72.09,23.57,2.54,3.66,1.35,14.52,11.43,4.33,41.63,0.35,1.34,,YAHOO,-0.8279,-1.0979,-0.6479,0.055926,4.6239,-2.2862,95.45,2026-12-08,76,2026-08-26,28.0,finnhub,1.0,0.0,1.0,1.0,0.0,0.0,0.0,0.0,0.0,5.3535,2.0338,6.4193,-13.5025,27.4181,48.4327,464.89,464.89,534.56,-13.5602,-13.5602,-24.826
SO,85.45999908447266,85.46,2026-09-21,False,85.18000030517578,86.1500015258789,-0.07,-5.2,BAJO,96020799488.0,20.11,16.95,2.43,11.48,3.27,29.61,15.43,-4.08,12.13,1.82,0.79,,YAHOO,-0.8279,-1.0979,-0.6479,0.055926,4.6239,-2.2862,95.45,2026-10-29,36,,,yahoo,1.0,0.0,1.0,1.0,0.0,0.0,0.0,0.0,1.0,-1.7701,-3.0076,-10.0567,-7.7752,14.3558,16.063,90.1,97.1776,97.4911,-5.1498,-12.0579,-12.3407
SOLV,88.83999633789062,88.84,2026-09-21,False,88.4000015258789,89.61499786376953,0.0,19.63,BAJO,15042671616.0,10.8,12.22,3.13,33.96,2.7,9.78,17.26,3.25,17.5,1.1,1.02,,YAHOO,-0.8279,-1.0979,-0.6479,0.055926,4.6239,-2.2862,95.45,2026-11-05,43,,,yahoo,1.0,1.0,1.0,0.0,1.0,1.0,0.0,0.0,1.0,-1.0911,-3.1083,14.4256,20.7722,22.0783,30.7738,92.44,92.44,92.44,-3.8944,-3.8944,-3.8944
SPG,204.97999572753906,204.98,2026-09-21,False,204.69000244140625,206.3800048828125,-0.17,17.59,BAJO,77503930368.0,14.41,30.04,15.03,120.51,5.63,46.02,66.57,3.35,18.72,5.04,0.27,,YAHOO,-0.8279,-1.0979,-0.6479,0.055926,4.6239,-2.2862,95.45,2026-11-02,40,,,yahoo,1.0,1.0,1.0,0.0,1.0,0.0,1.0,0.0,0.0,0.0049,-1.079,-8.4165,-3.4441,9.3655,17.4379,218.386,234.1864,234.1864,-6.1387,-12.4714,-12.4714
SRE,81.19999694824219,81.2,2026-09-21,False,80.81999969482422,81.61000061035156,-0.14,0.61,BAJO,51658129408.0,22.9,14.27,1.58,6.68,1.96,28.33,16.82,-53.54,16.84,0.85,1.64,,YAHOO,-0.8279,-1.0979,-0.6479,0.055926,4.6239,-2.2862,95.45,2026-11-04,42,,,yahoo,1.0,0.0,1.0,1.0,1.0,1.0,0.0,1.0,0.0,-2.1569,-3.3793,-12.7351,-10.7397,12.5109,22.7613,85.47,95.33,99.0422,-4.9959,-14.8222,-18.0147
STE,206.97000122070312,206.97,2026-09-21,False,203.32000732421875,207.4600067138672,0.94,-17.22,BAJO,20473073664.0,25.67,17.15,2.84,11.39,6.8,19.15,13.33,3.9,13.44,0.28,1.91,,YAHOO,-0.8279,-1.0979,-0.6479,0.055926,4.6239,-2.2862,95.45,2026-11-04,42,,,yahoo,1.0,1.0,1.0,1.0,1.0,1.0,1.0,1.0,1.0,-3.1311,-7.8454,-1.4097,3.5936,16.3156,27.2747,237.1464,238.1833,266.3608,-12.7248,-13.1047,-22.2971
STLD,229.99000549316406,229.99,2026-09-21,False,229.24000549316406,235.91000366210938,-2.24,66.54,BAJO,33580339200.0,21.24,11.97,3.57,17.57,7.87,11.5,7.83,0.7,13.96,0.47,3.18,,YAHOO,-0.8279,-1.0979,-0.6479,0.055926,4.6239,-2.2862,95.45,2026-10-19,26,,,yahoo,1.0,0.0,1.0,1.0,0.0,1.0,1.0,0.0,0.0,-1.9358,-4.9864,-3.6247,-8.1554,48.0331,38.7955,247.64,268.6,282.1202,-7.1273,-14.3745,-18.478
STT,184.39999389648438,184.4,2026-09-21,False,183.0500030517578,185.4600067138672,0.84,66.1,BAJO,49432580096.0,15.87,11.75,2.07,12.44,0.87,34.31,23.0,,,,,,YAHOO,-0.8279,-1.0979,-0.6479,0.055926,4.6239,-2.2862,95.45,2026-10-14,21,,,yahoo,1.0,1.0,1.0,1.0,0.0,0.0,1.0,0.0,1.0,-1.9983,-5.0757,-0.4535,6.6823,13.3907,23.1765,194.26,194.26,194.26,-5.0757,-5.0757,-5.0757
STX,877.3300170898438,877.33,2026-09-21,False,861.9600219726562,914.8200073242188,2.16,284.9,BAJO,210079301632.0,66.51,16.68,96.69,371.53,29.35,43.07,26.11,0.93,47.0,1.8,1.67,,YAHOO,-0.8279,-1.0979,-0.6479,0.055926,4.6239,-2.2862,95.45,2026-10-27,34,,,yahoo,1.0,1.0,1.0,1.0,1.0,1.0,0.0,1.0,1.0,8.9107,3.3028,-3.3884,-19.7511,39.2967,79.5175,904.38,994.79,1093.2605,-2.991,-11.8075,-19.7511
STZ,118.38999938964844,118.39,2026-09-21,False,116.93000030517578,119.12000274658203,-0.49,-9.53,BAJO,19910664192.0,11.1,9.49,2.42,23.69,8.57,35.93,20.14,11.1,8.87,1.23,0.91,,YAHOO,-0.8279,-1.0979,-0.6479,0.055926,4.6239,-2.2862,95.45,2026-10-06,13,,,yahoo,1.0,1.0,1.0,1.0,0.0,1.0,1.0,0.0,0.0,-5.288,-7.6377,-9.6587,-15.6789,18.7579,30.3948,137.6,145.1562,164.2807,-13.9608,-18.4396,-27.9343
SW,45.40999984741211,45.41,2026-09-21,False,45.400001525878906,46.45000076293945,2.44,6.72,BAJO,24385071104.0,49.46,13.55,1.35,2.71,2.62,5.47,1.59,4.98,8.27,0.78,1.45,,YAHOO,-0.8279,-1.0979,-0.6479,0.055926,4.6239,-2.2862,95.45,2026-10-28,35,,,yahoo,1.0,1.0,1.0,1.0,0.0,1.0,0.0,0.0,1.0,3.7943,-0.9164,2.9523,0.9563,37.2639,44.0065,49.56,50.341,50.7913,-8.3737,-9.7951,-10.595
SWK,88.68000030517578,88.68,2026-09-21,False,88.30000305175781,90.37999725341797,-1.0,22.46,BAJO,13857287168.0,22.44,14.38,1.55,6.89,3.8,8.44,4.07,10.24,10.32,0.58,1.43,,YAHOO,-0.8279,-1.0979,-0.6479,0.055926,4.6239,-2.2862,95.45,2026-11-04,42,,,yahoo,1.0,1.0,1.0,1.0,1.0,0.0,0.0,1.0,1.0,-0.2362,-8.1227,0.2261,3.6401,11.4469,30.9946,98.8993,103.1027,103.1027,-10.333,-13.9887,-13.9887
SYK,274.19000244140625,274.19,2026-09-21,False,272.0,276.8699951171875,-0.34,-27.59,BAJO,104868872192.0,28.3,16.35,4.37,16.51,8.16,27.02,14.43,3.92,15.84,0.64,2.16,,YAHOO,-0.8279,-1.0979,-0.6479,0.055926,4.6239,-2.2862,95.45,2026-10-29,36,,,yahoo,1.0,0.0,1.0,1.0,0.0,0.0,0.0,1.0,0.0,-2.7247,-9.5471,-11.3342,-9.7699,21.7178,40.7624,330.69,352.25,385.3856,-17.0855,-22.1604,-28.8531
TAP,37.560001373291016,37.56,2026-09-21,False,37.20000076293945,38.119998931884766,0.08,-13.76,BAJO,6827942912.0,,7.49,0.68,-19.47,3.79,11.3,-20.81,13.7,5.7,0.76,0.88,,YAHOO,-0.8279,-1.0979,-0.6479,0.055926,4.6239,-2.2862,95.45,2026-11-03,41,,,yahoo,0.0,0.0,1.0,1.0,1.0,0.0,1.0,0.0,1.0,-3.8895,-7.2593,-7.4128,-4.1428,30.5821,32.019,42.4947,42.8703,52.5761,-11.6125,-12.3869,-28.5607
TDG,1109.6500244140625,1109.65,2026-09-21,False,1088.530029296875,1113.0899658203125,2.17,-15.15,BAJO,61096038400.0,33.56,22.86,-6.58,,11.82,46.01,21.28,2.39,18.04,,3.02,,YAHOO,-0.8279,-1.0979,-0.6479,0.055926,4.6239,-2.2862,95.45,2026-11-05,43,,,yahoo,1.0,1.0,1.0,0.0,0.0,1.0,0.0,1.0,1.0,-0.1413,-4.5093,-7.1189,-14.3723,19.753,25.7742,1207.0601,1348.49,1450.0,-8.07,-17.7117,-23.4724
TDY,609.0800170898438,609.08,2026-09-21,False,603.989990234375,612.0,0.93,6.43,BAJO,28789188608.0,30.08,23.2,2.64,9.15,5.14,20.2,15.29,3.17,19.14,0.19,2.18,,YAHOO,-0.8279,-1.0979,-0.6479,0.055926,4.6239,-2.2862,95.45,2026-10-21,28,,,yahoo,1.0,1.0,1.0,1.0,1.0,0.0,1.0,0.0,1.0,2.0047,-0.2571,-6.3674,-1.2276,5.5395,22.4056,633.56,691.3,691.3,-3.8639,-11.8935,-11.8935
TECH,72.47000122070312,72.47,2026-09-21,False,72.44000244140625,72.54000091552734,0.14,36.59,BAJO,11372457984.0,62.52,31.44,5.37,9.03,6.67,27.87,14.97,2.02,34.11,0.14,4.55,,YAHOO,-0.8279,-1.0979,-0.6479,0.055926,4.6239,-2.2862,95.45,2026-11-09,47,,,yahoo,1.0,1.0,1.0,1.0,1.0,1.0,0.0,1.0,0.0,0.2767,0.0552,1.0731,30.4626,1.4918,3.9634,72.47,72.47,72.47,0.0,0.0,0.0
TEL,210.00999450683594,210.01,2026-09-21,False,206.5800018310547,211.10000610351562,2.23,-3.7,BAJO,62068740096.0,21.02,16.6,4.69,23.29,9.69,20.77,15.61,3.76,13.49,0.43,1.88,,YAHOO,-0.8279,-1.0979,-0.6479,0.055926,4.6239,-2.2862,95.45,2026-10-28,35,,,yahoo,1.0,0.0,1.0,1.0,0.0,0.0,1.0,1.0,0.0,3.265,0.6518,5.2676,-0.8745,21.9546,31.7083,211.96,217.8394,246.3216,-0.92,-3.5941,-14.7416
TER,381.5400085449219,381.54,2026-09-21,False,370.8800048828125,384.989990234375,2.71,181.97,BAJO,60838440960.0,51.14,33.4,19.38,36.46,19.75,33.16,25.77,0.72,40.31,0.03,2.12,,YAHOO,-0.8279,-1.0979,-0.6479,0.055926,4.6239,-2.2862,95.45,2026-10-21,28,,,yahoo,1.0,0.0,1.0,1.0,0.0,0.0,1.0,0.0,1.0,15.8991,6.865,3.3093,-16.48,19.4461,86.9852,383.69,483.6542,483.6542,-0.5603,-21.1131,-21.1131
TKO,191.1199951171875,191.12,2026-09-21,False,188.35000610351562,193.41000366210938,0.98,-3.58,BAJO,35787116544.0,66.34,40.39,4.14,7.06,4.5,32.39,4.33,2.39,14.29,0.59,1.28,,YAHOO,-0.8279,-1.0979,-0.6479,0.055926,4.6239,-2.2862,95.45,2026-11-04,42,,,yahoo,1.0,1.0,1.0,1.0,0.0,1.0,1.0,1.0,0.0,-0.9382,3.1679,5.6441,-2.7159,20.4963,30.9742,194.5235,214.9996,222.2776,-1.7497,-11.1068,-14.0174
TPL,366.79998779296875,366.8,2026-09-21,False,343.3999938964844,369.4599914550781,4.01,25.43,BAJO,23157559296.0,42.77,4.59,13.85,36.57,25.81,78.18,60.32,-0.14,30.92,0.01,4.55,,YAHOO,-0.8279,-1.0979,-0.6479,0.055926,4.6239,-2.2862,95.45,2026-11-04,42,,,yahoo,1.0,0.0,1.0,1.0,0.0,0.0,0.0,0.0,0.0,0.4189,1.2085,-15.1723,1.7388,69.1555,45.6026,381.9,436.9385,538.1021,-3.9539,-16.0523,-31.8345
TRGP,289.3599853515625,289.36,2026-09-21,False,287.5,292.1199951171875,-0.97,78.08,BAJO,60686127104.0,27.03,23.43,16.6,70.84,9.24,27.8,13.54,0.11,14.6,5.16,0.77,,YAHOO,-0.8279,-1.0979,-0.6479,0.055926,4.6239,-2.2862,95.45,2026-11-05,43,,,yahoo,1.0,1.0,1.0,1.0,0.0,0.0,1.0,1.0,0.0,0.7345,-0.2379,2.2022,9.9067,23.9979,32.2647,296.06,302.25,302.25,-2.2631,-4.2647,-4.2647
TRMB,57.75,57.75,2026-09-21,False,56.77000045776367,58.45000076293945,0.33,-30.52,BAJO,13832227840.0,,14.39,2.44,-1.94,4.8,15.13,-2.77,4.96,17.13,0.29,0.95,,YAHOO,-0.8279,-1.0979,-0.6479,0.055926,4.6239,-2.2862,95.45,2026-11-04,42,,,yahoo,1.0,0.0,1.0,0.0,0.0,0.0,1.0,1.0,0.0,-1.6854,-2.8922,15.2695,17.3065,22.1179,33.4713,61.54,61.54,83.52,-6.1586,-6.1586,-30.8549
TROW,104.62999725341797,104.63,2026-09-21,False,103.37999725341797,104.93000030517578,0.45,3.78,BAJO,22306439168.0,10.5,10.13,2.03,19.4,10.66,28.69,29.26,9.07,6.98,0.04,4.04,,YAHOO,-0.8279,-1.0979,-0.6479,0.055926,4.6239,-2.2862,95.45,2026-10-30,37,,,yahoo,1.0,0.0,1.0,0.0,0.0,1.0,1.0,0.0,0.0,0.1244,-3.5055,-8.6875,-1.9061,20.6502,25.8324,111.4831,120.1849,120.1849,-6.1472,-12.9425,-12.9425
TRV,371.1300048828125,371.13,2026-09-21,False,370.67999267578125,376.6600036621094,-0.93,35.65,BAJO,75168358400.0,9.69,11.9,2.27,26.51,4.78,23.7,16.95,19.66,6.9,0.27,0.32,,YAHOO,-0.8279,-1.0979,-0.6479,0.055926,4.6239,-2.2862,95.45,2026-10-16,23,,,yahoo,1.0,1.0,1.0,1.0,0.0,0.0,1.0,0.0,0.0,-1.8304,0.8255,0.0857,19.8928,12.2233,27.9606,379.49,395.8665,395.8665,-2.203,-6.2487,-6.2487
TSCO,32.33000183105469,32.33,2026-09-21,False,31.8700008392334,32.70000076293945,0.37,-43.87,BAJO,16824386560.0,16.82,15.77,6.43,39.51,7.82,12.07,6.42,0.61,11.98,2.49,1.33,,YAHOO,-0.8279,-1.0979,-0.6479,0.055926,4.6239,-2.2862,95.45,2026-10-22,29,,,yahoo,1.0,0.0,1.0,1.0,1.0,0.0,1.0,1.0,0.0,-4.4339,-7.6022,10.8765,9.2028,16.0233,30.834,35.92,36.18,58.2574,-9.9944,-10.6414,-44.5049
TSN,52.02000045776367,52.02,2026-09-21,False,51.869998931884766,53.08000183105469,-1.42,-0.47,BAJO,18068525056.0,31.7,12.44,1.0,3.26,2.56,2.71,1.03,6.59,9.18,0.44,1.43,,YAHOO,-0.8279,-1.0979,-0.6479,0.055926,4.6239,-2.2862,95.45,2026-11-09,47,,,yahoo,1.0,0.0,1.0,1.0,1.0,0.0,1.0,0.0,1.0,-2.1445,1.1669,-7.9817,-5.4123,17.0643,27.6894,57.3347,60.6141,67.5448,-9.2697,-14.1784,-22.9845
TTD,13.180000305175781,13.18,2026-09-22,False,13.149999618530273,14.045000076293945,-5.04,-72.26,BAJO,5995042304.0,15.1,12.56,2.31,15.44,6.25,14.21,13.61,9.72,7.03,0.17,1.72,,YAHOO,-0.8279,-1.0979,-0.6479,0.055926,4.6239,-2.2862,95.45,2026-11-05,43,,,yahoo,1.0,1.0,1.0,1.0,0.0,0.0,1.0,0.0,1.0,-12.1333,-5.9914,-21.5009,-26.4919,31.8658,66.9438,15.09,19.79,54.13,-12.6574,-33.4007,-75.6512
TTWO,209.9199981689453,209.92,2026-09-21,False,204.0,210.5,2.18,-17.4,BAJO,38577807360.0,,20.05,10.9,-9.04,-0.62,0.51,-4.79,3.26,51.8,0.82,1.06,,YAHOO,-0.8279,-1.0979,-0.6479,0.055926,4.6239,-2.2862,95.45,2026-11-09,47,,,yahoo,0.0,1.0,1.0,1.0,1.0,1.0,0.0,1.0,1.0,-5.8275,-2.2218,-10.1293,-12.3763,30.2309,35.1636,235.39,258.41,262.29,-10.8203,-18.7648,-19.9665
TYL,332.4599914550781,332.46,2026-09-21,False,328.6700134277344,342.5799865722656,-1.49,-38.81,BAJO,13617858560.0,43.7,21.66,4.48,9.73,4.18,14.74,13.36,4.37,30.76,0.48,1.55,,YAHOO,-0.8279,-1.0979,-0.6479,0.055926,4.6239,-2.2862,95.45,2026-10-28,35,,,yahoo,1.0,1.0,1.0,1.0,0.0,0.0,0.0,1.0,1.0,-7.5319,-8.6724,16.9316,20.776,4.67,45.1857,379.27,379.27,536.16,-12.3421,-12.3421,-37.9924
UDR,33.88999938964844,33.89,2026-09-21,False,33.68000030517578,34.0099983215332,-0.03,-5.75,BAJO,12413237248.0,21.39,60.34,3.75,13.74,2.24,20.18,29.56,6.28,17.09,1.56,0.18,,YAHOO,-0.8279,-1.0979,-0.6479,0.055926,4.6239,-2.2862,95.45,2026-10-28,35,,,yahoo,1.0,1.0,1.0,1.0,1.0,0.0,1.0,1.0,1.0,-3.7899,-6.461,-13.6063,-9.1611,9.5568,18.6394,38.2326,40.7677,40.7677,-11.3584,-16.8706,-16.8706
UHS,174.74000549316406,174.74,2026-09-21,False,174.22000122070312,180.02000427246094,-1.1,-10.43,BAJO,10690494464.0,7.22,7.56,1.42,20.95,8.32,11.14,8.42,4.66,5.91,0.69,1.12,,YAHOO,-0.8279,-1.0979,-0.6479,0.055926,4.6239,-2.2862,95.45,2026-10-26,33,,,yahoo,1.0,1.0,1.0,1.0,1.0,0.0,1.0,1.0,1.0,0.86,3.0003,17.1457,22.6482,31.8572,31.7605,181.21,181.21,243.1212,-3.5704,-3.5704,-28.1264
ULTA,557.8599853515625,557.86,2026-09-21,False,544.4299926757812,561.469970703125,3.12,6.84,BAJO,23251941376.0,19.8,16.95,8.57,46.12,14.84,12.51,9.34,3.93,13.21,0.95,1.34,,YAHOO,-0.8279,-1.0979,-0.6479,0.055926,4.6239,-2.2862,95.45,2026-12-03,71,2026-08-27,27.0,yahoo,1.0,0.0,1.0,1.0,1.0,0.0,1.0,0.0,0.0,1.6787,-1.1097,15.3748,19.9544,41.9693,35.6286,564.12,565.15,706.82,-1.1097,-1.2899,-21.0747
UPS,95.87000274658203,95.87,2026-09-22,False,95.05000305175781,96.22000122070312,1.18,20.48,BAJO,81521893376.0,17.81,11.87,5.41,29.6,7.28,9.05,5.08,6.86,8.74,1.9,1.18,,YAHOO,-0.8279,-1.0979,-0.6479,0.055926,4.6239,-2.2862,95.45,2026-10-27,34,,,yahoo,1.0,0.0,1.0,1.0,0.0,1.0,1.0,1.0,0.0,-6.3312,-4.588,-14.6376,-7.967,42.5172,29.2466,105.68,115.8725,115.8725,-9.2827,-17.2625,-17.2625
URI,1029.9200439453125,1029.92,2026-09-21,False,1010.0,1033.0,1.58,9.24,BAJO,64233623552.0,24.49,18.0,6.97,28.89,8.77,25.99,15.67,2.66,16.95,1.67,0.76,,YAHOO,-0.8279,-1.0979,-0.6479,0.055926,4.6239,-2.2862,95.45,2026-10-21,28,,,yahoo,1.0,0.0,1.0,1.0,1.0,0.0,1.0,0.0,0.0,3.6345,1.9864,-0.3249,-5.581,15.2325,36.8321,1083.5601,1164.8199,1164.8199,-4.9503,-11.5812,-11.5812
VICI,24.049999237060547,24.05,2026-09-21,False,23.780000686645508,24.089000701904297,1.39,-18.93,BAJO,26095538176.0,9.19,7.93,0.89,9.85,4.82,70.18,67.5,1.02,12.11,0.6,11.24,,YAHOO,-0.8279,-1.0979,-0.6479,0.055926,4.6239,-2.2862,95.45,2026-10-29,36,,,yahoo,1.0,1.0,1.0,0.0,1.0,0.0,0.0,1.0,1.0,-2.1181,-3.5814,-7.7892,-6.0574,20.8959,19.9753,26.2778,26.6997,30.7538,-8.4779,-9.9242,-21.7984
VLO,393.2699890136719,393.27,2026-09-21,False,391.0,419.0400085449219,-4.84,140.47,BAJO,108214657024.0,16.33,9.88,4.33,27.64,10.56,12.27,5.45,7.78,8.59,0.4,1.64,,YAHOO,-0.8279,-1.0979,-0.6479,0.055926,4.6239,-2.2862,95.45,2026-10-22,29,,,yahoo,1.0,0.0,1.0,1.0,0.0,1.0,1.0,1.0,0.0,2.6949,6.0828,26.9747,61.9451,51.0696,34.7955,413.28,413.28,413.28,-4.8418,-4.8418,-4.8418
VLTO,95.18000030517578,95.18,2026-09-21,False,93.9749984741211,95.37000274658203,0.73,-10.39,BAJO,23374905344.0,24.03,20.1,7.56,34.31,10.31,21.37,17.35,3.45,17.88,1.16,1.77,,YAHOO,-0.8279,-1.0979,-0.6479,0.055926,4.6239,-2.2862,95.45,2026-10-21,28,,,yahoo,1.0,0.0,1.0,1.0,1.0,0.0,0.0,1.0,0.0,-1.163,-1.1733,4.4213,14.913,11.2211,24.0233,99.37,100.1,106.6836,-4.2166,-4.9151,-10.7829
VMC,246.1999969482422,246.2,2026-09-21,False,241.1699981689453,247.7100067138672,2.23,-17.83,BAJO,31669043200.0,28.85,22.94,3.74,13.23,6.04,21.61,13.75,2.66,15.57,0.58,1.76,,YAHOO,-0.8279,-1.0979,-0.6479,0.055926,4.6239,-2.2862,95.45,2026-10-29,36,,,yahoo,1.0,1.0,1.0,1.0,1.0,1.0,1.0,1.0,1.0,-1.7323,-6.256,-11.22,-18.9666,30.0697,29.821,275.94,310.7726,328.4807,-10.7777,-20.7781,-25.0489
VRSK,172.02000427246094,172.02,2026-09-21,False,170.8800048828125,175.14999389648438,-1.93,-29.66,BAJO,22360803328.0,26.35,19.75,-19.28,,18.96,45.11,28.24,4.72,17.43,,1.0,,YAHOO,-0.8279,-1.0979,-0.6479,0.055926,4.6239,-2.2862,95.45,2026-10-28,35,,,yahoo,1.0,0.0,1.0,1.0,1.0,1.0,1.0,1.0,0.0,-7.7789,-7.1634,-10.2969,2.0659,26.3769,40.0328,193.8304,212.5802,249.0066,-11.2523,-19.0799,-30.9175
VRSN,308.17999267578125,308.18,2026-09-21,False,302.1000061035156,308.2799987792969,1.67,9.54,BAJO,26512510976.0,31.84,26.51,-11.76,,45.12,68.18,49.77,3.14,23.43,,0.59,,YAHOO,-0.8279,-1.0979,-0.6479,0.055926,4.6239,-2.2862,95.45,2026-10-22,29,,,yahoo,1.0,1.0,1.0,1.0,0.0,1.0,1.0,1.0,1.0,3.2083,5.5122,17.7062,24.7869,10.1543,29.1473,308.18,308.18,309.0927,0.0,0.0,-0.2953
VTR,87.02999877929688,87.03,2026-09-21,False,86.55000305175781,87.80999755859375,0.39,32.15,BAJO,44441673728.0,157.53,109.67,3.03,2.01,2.17,14.81,4.09,3.35,24.25,0.85,0.29,,YAHOO,-0.8279,-1.0979,-0.6479,0.055926,4.6239,-2.2862,95.45,2026-10-28,35,,,yahoo,1.0,1.0,1.0,1.0,1.0,0.0,0.0,0.0,1.0,-2.3232,-3.5892,-10.4445,5.4188,10.1773,25.9113,93.83,100.53,100.53,-7.2472,-13.4288,-13.4288
VTRS,17.100000381469727,17.1,2026-09-21,False,16.8700008392334,17.350000381469727,0.88,80.04,BAJO,19663876096.0,,6.4,1.36,-2.75,2.67,12.55,-2.79,13.62,7.41,0.96,1.58,,YAHOO,-0.8279,-1.0979,-0.6479,0.055926,4.6239,-2.2862,95.45,2026-11-05,43,,,yahoo,0.0,0.0,1.0,1.0,1.0,0.0,1.0,0.0,1.0,2.6411,1.3033,1.2831,12.0172,21.3316,28.789,17.13,17.727,17.727,-0.1751,-3.5372,-3.5372
WAB,283.3800048828125,283.38,2026-09-21,False,280.57000732421875,285.0299987792969,1.12,43.0,BAJO,49359126528.0,39.38,23.46,4.41,11.55,6.17,19.19,10.59,2.23,21.0,0.62,1.12,,YAHOO,-0.8279,-1.0979,-0.6479,0.055926,4.6239,-2.2862,95.45,2026-10-21,28,,,yahoo,1.0,0.0,1.0,1.0,0.0,0.0,1.0,1.0,0.0,1.7815,0.1838,-2.1819,2.5014,12.3333,29.1302,300.54,305.4747,305.4747,-5.7097,-7.2329,-7.2329
WAT,423.9200134277344,423.92,2026-09-21,False,420.75,427.760009765625,0.54,39.33,BAJO,41294024704.0,106.2,25.42,2.72,1.92,3.56,9.42,3.59,-0.34,31.86,0.36,1.86,,YAHOO,-0.8279,-1.0979,-0.6479,0.055926,4.6239,-2.2862,95.45,2026-10-30,37,,,yahoo,1.0,0.0,1.0,1.0,1.0,0.0,0.0,0.0,0.0,3.3926,3.5517,14.3196,18.3308,29.3823,27.0718,429.72,429.72,429.72,-1.3497,-1.3497,-1.3497
WDAY,191.9199981689453,191.92,2026-09-21,False,191.64999389648438,196.47999572753906,-1.01,-21.73,BAJO,46363582464.0,39.91,14.54,7.17,16.01,4.51,11.82,12.32,6.57,29.47,0.58,0.91,,YAHOO,-0.8279,-1.0979,-0.6479,0.055926,4.6239,-2.2862,95.45,2026-11-23,61,2026-08-27,27.0,finnhub,1.0,1.0,1.0,1.0,1.0,0.0,1.0,1.0,1.0,-1.1791,-1.9766,44.9328,69.7806,63.6023,67.2566,206.92,206.92,247.69,-7.2492,-7.2492,-22.516
WEC,103.4800033569336,103.48,2026-09-21,False,102.88999938964844,103.61000061035156,0.3,-3.4,BAJO,32966180864.0,19.64,16.86,,11.99,3.03,21.8,16.69,-7.14,14.22,1.58,0.53,,YAHOO,-0.8279,-1.0979,-0.6479,0.055926,4.6239,-2.2862,95.45,2026-10-29,36,,,yahoo,1.0,0.0,1.0,1.0,1.0,0.0,0.0,0.0,1.0,-1.6069,-2.3221,-8.001,-7.6592,18.3991,17.1103,107.58,117.8229,117.8229,-3.8111,-12.1733,-12.1733
WM,207.0399932861328,207.04,2026-09-21,False,206.8800048828125,210.3800048828125,-1.92,-3.81,BAJO,83092799488.0,29.44,22.8,8.38,29.84,6.57,18.99,11.12,2.83,13.62,2.35,0.91,,YAHOO,-0.8279,-1.0979,-0.6479,0.055926,4.6239,-2.2862,95.45,2026-10-26,33,,,yahoo,1.0,0.0,1.0,1.0,1.0,1.0,0.0,1.0,1.0,-5.0667,-5.039,-12.0251,-2.5104,10.9259,21.6161,225.4636,241.1841,243.3986,-8.1714,-14.1569,-14.9379
WMB,71.6500015258789,71.65,2026-09-21,False,71.37999725341797,72.45999908447266,-0.56,21.91,BAJO,86979444736.0,28.33,27.57,6.61,21.5,5.03,39.54,24.94,-1.74,17.03,2.0,0.48,,YAHOO,-0.8279,-1.0979,-0.6479,0.055926,4.6239,-2.2862,95.45,2026-11-02,40,,,yahoo,1.0,1.0,1.0,1.0,0.0,1.0,0.0,1.0,1.0,-0.4169,-2.6698,-3.1141,-3.7087,16.151,27.2881,75.2833,77.3582,78.2497,-4.8262,-7.379,-8.4342
WSM,227.16000366210938,227.16,2026-09-21,False,222.77000427246094,228.88999938964844,1.32,16.32,BAJO,26833629184.0,23.37,21.67,14.35,54.96,16.64,17.27,14.73,3.99,16.47,0.71,1.45,,YAHOO,-0.8279,-1.0979,-0.6479,0.055926,4.6239,-2.2862,95.45,2026-11-18,56,2026-08-26,28.0,yahoo,1.0,0.0,1.0,1.0,0.0,0.0,1.0,0.0,0.0,-0.9894,-0.1143,2.1679,0.8221,26.2093,28.5269,238.4,251.78,251.78,-4.7148,-9.7784,-9.7784
WST,361.7799987792969,361.78,2026-09-21,False,361.04998779296875,366.1199951171875,-0.15,43.07,BAJO,26452135936.0,46.87,37.65,8.85,19.09,11.38,22.47,16.98,1.05,28.87,0.11,2.82,,YAHOO,-0.8279,-1.0979,-0.6479,0.055926,4.6239,-2.2862,95.45,2026-10-22,29,,,yahoo,1.0,0.0,1.0,1.0,1.0,1.0,1.0,1.0,0.0,1.8525,6.4153,1.0062,9.7984,17.1004,24.8518,366.6,366.6,366.6,-1.3148,-1.3148,-1.3148
WTW,306.82000732421875,306.82,2026-09-21,False,306.44000244140625,311.45001220703125,-1.02,-9.14,BAJO,27767779328.0,18.52,13.08,3.62,19.76,5.08,17.56,15.49,5.1,11.82,0.91,1.1,,YAHOO,-0.8279,-1.0979,-0.6479,0.055926,4.6239,-2.2862,95.45,2026-10-29,36,,,yahoo,1.0,1.0,1.0,1.0,0.0,1.0,1.0,0.0,0.0,-5.2176,-8.3408,7.0888,21.7286,17.7413,31.3294,350.75,350.75,350.75,-12.5246,-12.5246,-12.5246
WY,21.010000228881836,21.01,2026-09-21,False,20.979999542236328,21.3799991607666,-0.99,-11.06,BAJO,15257980928.0,32.08,31.48,1.62,4.97,0.67,8.03,6.89,0.09,29.33,0.58,1.82,,YAHOO,-0.8279,-1.0979,-0.6479,0.055926,4.6239,-2.2862,95.45,2026-10-29,36,,,yahoo,1.0,0.0,1.0,1.0,0.0,0.0,1.0,0.0,0.0,-5.4881,-8.7315,-10.9855,-12.5639,11.6827,29.4603,24.2073,25.6045,26.396,-13.2081,-17.944,-20.4046
WYNN,83.31999969482422,83.32,2026-09-21,False,81.3499984741211,84.37000274658203,2.01,-34.1,BAJO,8387223040.0,19.53,15.81,-48.98,,5.73,16.54,6.05,5.68,9.82,,0.91,,YAHOO,-0.8279,-1.0979,-0.6479,0.055926,4.6239,-2.2862,95.45,2026-11-05,43,,,yahoo,1.0,0.0,1.0,1.0,1.0,0.0,1.0,0.0,0.0,-5.0593,-8.9797,-11.4931,-19.394,33.1182,24.5661,99.41,104.5341,132.129,-16.1855,-20.2939,-36.9404
XEL,71.8499984741211,71.85,2026-09-21,False,71.66999816894531,72.43000030517578,-0.62,1.58,BAJO,44136660992.0,19.31,15.56,1.83,9.92,2.37,22.7,15.28,-17.92,13.68,1.73,0.7,,YAHOO,-0.8279,-1.0979,-0.6479,0.055926,4.6239,-2.2862,95.45,2026-10-29,36,,,yahoo,1.0,0.0,1.0,1.0,0.0,1.0,0.0,1.0,0.0,-2.3339,-4.3461,-9.6781,-8.0965,20.816,17.9732,77.0589,81.5725,82.0098,-6.7596,-11.9188,-12.3885
XYL,107.23999786376953,107.24,2026-09-21,False,106.9800033569336,108.36000061035156,-0.3,-25.06,BAJO,25366007808.0,25.87,17.39,2.31,9.18,5.11,17.0,11.15,4.67,13.85,0.29,1.61,,YAHOO,-0.8279,-1.0979,-0.6479,0.055926,4.6239,-2.2862,95.45,2026-11-03,41,,,yahoo,1.0,1.0,1.0,1.0,1.0,0.0,0.0,1.0,0.0,-0.2326,1.4665,-7.3118,-3.6878,4.2575,25.9367,113.7471,124.825,150.8356,-5.7207,-14.0877,-28.9027
YUM,139.3300018310547,139.33,2026-09-21,False,137.7899932861328,139.9499969482422,0.97,-5.66,BAJO,38378082304.0,17.71,20.1,-5.32,,22.69,32.78,25.41,2.17,16.66,,0.59,,YAHOO,-0.8279,-1.0979,-0.6479,0.055926,4.6239,-2.2862,95.45,2026-11-03,41,,,yahoo,1.0,0.0,1.0,1.0,1.0,0.0,1.0,0.0,0.0,-4.7837,-7.0848,-5.1078,-7.1033,28.9509,30.3072,156.5607,166.6498,166.6498,-11.0058,-16.3935,-16.3935
ZBH,94.31999969482422,94.32,2026-09-21,False,93.63999938964844,95.66000366210938,-1.09,-7.14,BAJO,17334241280.0,22.06,10.02,1.37,6.41,3.88,17.96,9.48,6.19,9.7,0.6,1.69,,YAHOO,-0.8279,-1.0979,-0.6479,0.055926,4.6239,-2.2862,95.45,2026-11-05,43,,,yahoo,1.0,0.0,1.0,1.0,0.0,1.0,1.0,0.0,0.0,-2.2996,-3.8238,6.3599,8.5895,25.5617,33.2799,101.38,101.38,103.1494,-6.9639,-6.9639,-8.5598
ZBRA,350.8399963378906,350.84,2026-09-21,False,346.44000244140625,353.5799865722656,1.21,10.41,BAJO,17553201152.0,33.98,16.71,5.12,15.29,7.32,21.26,9.22,3.29,17.21,0.86,0.52,,YAHOO,-0.8279,-1.0979,-0.6479,0.055926,4.6239,-2.2862,95.45,2026-11-03,41,,,yahoo,1.0,0.0,1.0,1.0,0.0,0.0,1.0,0.0,1.0,-0.2757,-3.2806,33.5262,42.7978,18.7184,62.6195,363.3,383.06,383.06,-3.4297,-8.4112,-8.4112
ZTS,71.33000183105469,71.33,2026-09-21,False,70.26000213623047,72.4800033569336,-0.1,-50.56,BAJO,29590943744.0,11.9,10.96,,64.91,15.35,40.72,27.68,6.82,9.14,2.94,3.08,,YAHOO,-0.8279,-1.0979,-0.6479,0.055926,4.6239,-2.2862,95.45,2026-11-03,41,,,yahoo,1.0,0.0,1.0,1.0,0.0,1.0,1.0,1.0,0.0,-3.1763,-5.9095,-3.855,-5.3535,16.4186,31.5181,77.52,77.93,144.75,-7.985,-8.4691,-50.7219
