Ticker,Precio,Cierre_Confirmado,Fecha_Cierre_Confirmado,Precio_Es_Intradiario,Low,High,Change (%),RS 20D,Credit Stress,Market Cap,P/E,Forward P/E,P/Book,ROE,ROA,Operating Margin,Net Margin,FCF Yield,EV/EBITDA,Debt/Equity,Current Ratio,Piotroski,Fund Source,Grain_IS,ZC_Surprise,ZS_Surprise,SPX_Quarterly_Divisor,SPX_ROC_63d,z_MOVE_inv,MOVE_price,Earnings_Next_Date,Earnings_Days_To_Next,Earnings_Last_Date,Earnings_Days_Since,Earnings_Source,piotroski_roa_positive,piotroski_d_roa,piotroski_cfo_positive,piotroski_cfo_gt_ni,piotroski_d_leverage,piotroski_d_liquidity,piotroski_no_dilution,piotroski_d_margin,piotroski_d_turnover,roc_5d,roc_10d,roc_42d,roc_63d,vol_5d,vol_60d,high_20d,high_60d,high_252d,drawdown_20d,drawdown_60d,drawdown_252d
^GSPC,7670.83984375,7670.8398,2026-09-29,False,7653.5498046875,7699.60009765625,-0.17,2.23,ALTO,,,,,,,,,,,,,,NONE,0.1119,-0.2614,0.3608,0.05513,2.2866,-3.8415,106.6,,999,,,none,,,,,,,,,,-1.208,1.122,3.1355,2.2866,8.3598,11.2746,7764.7002,7798.9902,,-1.2088,-1.6432,
^DJI,51349.921875,51349.9219,2026-09-29,False,51129.1796875,51505.19140625,-0.26,-1.91,ALTO,,,,,,,,,,,,,,NONE,0.1119,-0.2614,0.3608,0.05513,2.2866,-3.8415,106.6,,999,,,none,,,,,,,,,,-0.9906,-1.4267,-1.6437,-1.8526,11.0651,11.8462,53686.1094,54349.1211,,-4.3516,-5.5184,
^IXIC,26797.541015625,26797.541,2026-09-29,False,26717.951171875,26919.724609375,-0.09,2.17,ALTO,,,,,,,,,,,,,,NONE,0.1119,-0.2614,0.3608,0.05513,2.2866,-3.8415,106.6,,999,,,none,,,,,,,,,,-1.6398,3.1406,6.6689,2.2272,9.2319,17.0532,27244.2793,27244.2793,,-1.6398,-1.6398,
^RUT,2807.922119140625,2807.9221,2026-09-29,False,2794.3857421875,2825.36767578125,-0.35,-7.22,ALTO,,,,,,,,,,,,,,NONE,0.1119,-0.2614,0.3608,0.05513,2.2866,-3.8415,106.6,,999,,,none,,,,,,,,,,-2.8374,-2.1729,-4.6902,-7.1568,5.2393,13.4508,2975.6499,3068.4199,,-5.6367,-8.4896,
^VIX,16.040000915527344,16.04,2026-09-29,False,15.729999542236328,16.440000534057617,-0.19,-9.18,ALTO,,,,,,,,,,,,,,NONE,0.1119,-0.2614,0.3608,0.05513,2.2866,-3.8415,106.6,,999,,,none,,,,,,,,,,12.8783,-6.7442,0.3127,-3.3152,88.207,103.3821,17.84,20.66,,-10.0897,-22.362,
^MOVE,106.60269927978516,106.6027,2026-09-29,False,0.0,0.0,4.7,48.08,ALTO,,,,,,,,,,,,,,NONE,0.1119,-0.2614,0.3608,0.05513,2.2866,-3.8415,106.6,,999,,,none,,,,,,,,,,35.6959,27.3476,38.2834,48.1416,123.2681,84.5153,106.6027,106.6027,,0.0,0.0,
^TNX,5.255000114440918,5.255,2026-09-29,False,5.213000297546387,5.293000221252441,0.29,20.08,ALTO,,,,,,,,,,,,,,NONE,0.1119,-0.2614,0.3608,0.05513,2.2866,-3.8415,106.6,,999,,,none,,,,,,,,,,5.777,5.1842,12.6957,18.9452,6.1241,14.1922,5.255,5.255,,0.0,0.0,
^IRX,4.065000057220459,4.065,2026-09-29,False,4.059999942779541,4.0929999351501465,0.2,10.4,ALTO,,,,,,,,,,,,,,NONE,0.1119,-0.2614,0.3608,0.05513,2.2866,-3.8415,106.6,,999,,,none,,,,,,,,,,1.4981,2.6515,10.6122,8.9228,8.7807,10.863,4.07,4.07,,-0.1229,-0.1229,
DX-Y.NYB,101.40899658203125,101.409,2026-09-29,False,101.4000015258789,101.43099975585938,0.21,0.24,ALTO,,,,,,,,,,,,,,NONE,0.1119,-0.2614,0.3608,0.05513,2.2866,-3.8415,106.6,,999,,,none,,,,,,,,,,0.8042,1.7652,1.3989,0.2164,4.1619,4.6873,101.409,101.51,,0.0,-0.0995,
^N225,66460.6796875,66460.6797,2026-09-30,False,66014.4765625,66489.3515625,0.89,-5.2,ALTO,,,,,,,,,,,,,,NONE,0.1119,-0.2614,0.3608,0.05513,2.2866,-3.8415,106.6,,999,,,none,,,,,,,,,,3.6242,1.8228,2.3556,,14.0878,27.483,66460.6797,70474.9609,,0.0,-5.696,
^MERV,2782561.0,2782561.0,2026-09-29,False,2762665.75,2809888.5,-0.58,-12.47,ALTO,,,,,,,,,,,,,,NONE,0.1119,-0.2614,0.3608,0.05513,2.2866,-3.8415,106.6,,999,,,none,,,,,,,,,,-7.1756,-9.6506,-15.8054,-12.1835,18.8012,23.563,3157852.0,3379772.0,,-11.8844,-17.6702,
^NYA,23709.595703125,23709.5957,2026-09-29,False,0.0,0.0,-0.2,-0.58,ALTO,,,,,,,,,,,,,,NONE,0.1119,-0.2614,0.3608,0.05513,2.2866,-3.8415,106.6,,999,,,none,,,,,,,,,,-1.3295,-1.736,-1.776,-0.5229,6.8493,8.2304,24720.1504,24821.6797,,-4.088,-4.4803,
^HSI,24642.509765625,24642.5098,2026-09-28,False,24554.580078125,24767.220703125,0.54,6.96,ALTO,,,,,,,,,,,,,,NONE,0.1119,-0.2614,0.3608,0.05513,2.2866,-3.8415,106.6,,999,,,none,,,,,,,,,,-1.5981,-1.104,-4.7039,7.6985,11.7282,15.9678,25650.8691,26009.4609,,-3.9311,-5.2556,
^TWII,48024.6015625,48024.6016,2026-09-24,False,47754.71875,48117.5390625,-0.28,6.66,ALTO,,,,,,,,,,,,,,NONE,0.1119,-0.2614,0.3608,0.05513,2.2866,-3.8415,106.6,,999,,,none,,,,,,,,,,3.7517,2.3095,15.4344,,9.9116,31.3427,48157.2891,48157.2891,,-0.2755,-0.2755,
^KS11,6926.1201171875,6926.1201,2026-09-30,False,6921.509765625,6956.43994140625,0.53,-18.35,ALTO,,,,,,,,,,,,,,NONE,0.1119,-0.2614,0.3608,0.05513,2.2866,-3.8415,106.6,,999,,,none,,,,,,,,,,0.4626,0.2346,14.9819,,26.0478,68.4061,7080.9199,8088.3398,,-2.1862,-14.3691,
^GDAXI,25374.419921875,25374.4199,2026-09-28,False,25360.3203125,25575.66015625,-0.13,2.98,ALTO,,,,,,,,,,,,,,NONE,0.1119,-0.2614,0.3608,0.05513,2.2866,-3.8415,106.6,,999,,,none,,,,,,,,,,-0.7843,-0.261,-0.9277,1.3344,8.8376,11.8727,26046.4004,26569.9902,,-2.5799,-4.4997,
^FTSE,10684.900390625,10684.9004,2026-09-28,False,10684.900390625,10758.7001953125,-0.1,1.85,ALTO,,,,,,,,,,,,,,NONE,0.1119,-0.2614,0.3608,0.05513,2.2866,-3.8415,106.6,,999,,,none,,,,,,,,,,-0.5038,-0.1187,-2.0489,1.7891,2.5049,8.7986,10831.5,10908.4004,,-1.3535,-2.0489,
^AEX,1116.1199951171875,1116.12,2026-09-28,False,1111.93994140625,1122.0999755859375,0.36,4.71,ALTO,,,,,,,,,,,,,,NONE,0.1119,-0.2614,0.3608,0.05513,2.2866,-3.8415,106.6,,999,,,none,,,,,,,,,,1.2492,1.6179,1.0347,4.0051,5.6801,8.4902,1116.12,1119.59,,0.0,-0.3099,
^IBEX,19600.30078125,19600.3008,2026-09-28,False,19600.30078125,19769.599609375,-0.51,1.04,ALTO,,,,,,,,,,,,,,NONE,0.1119,-0.2614,0.3608,0.05513,2.2866,-3.8415,106.6,,999,,,none,,,,,,,,,,-0.6292,0.1779,-0.7966,0.9981,9.1451,13.3443,20050.6992,20213.5996,,-2.2463,-3.0341,
FTSEMIB.MI,51760.0,51760.0,2026-09-27,False,51750.0,52210.0,-0.21,21.57,ALTO,,,,,,,,,,,,,,YAHOO,0.1119,-0.2614,0.3608,0.05513,2.2866,-3.8415,106.6,,999,,,none,,,,,,,,,,-1.1686,0.2537,-0.6602,0.3004,9.6482,13.3031,52512.0,53717.0,53717.0,-1.4321,-3.6432,-3.6432
^SSMI,13942.91015625,13942.9102,2026-09-28,False,13937.419921875,14083.1103515625,-0.02,-2.04,ALTO,,,,,,,,,,,,,,NONE,0.1119,-0.2614,0.3608,0.05513,2.2866,-3.8415,106.6,,999,,,none,,,,,,,,,,-0.0979,0.4638,-3.1237,-1.2122,3.5004,10.0126,14395.9404,14633.7002,,-3.1469,-4.7205,
^OMXC25,1832.927734375,1832.9277,2026-09-29,False,1826.2998046875,1841.0679931640625,-0.12,0.77,ALTO,,,,,,,,,,,,,,NONE,0.1119,-0.2614,0.3608,0.05513,2.2866,-3.8415,106.6,,999,,,none,,,,,,,,,,-1.5804,-0.9132,-1.826,0.8305,4.1218,12.0269,1915.88,1935.0699,,-4.3297,-5.2785,
^GSPTSE,35460.26953125,35460.2695,2026-09-29,False,35305.71875,35550.05859375,-0.08,1.77,ALTO,,,,,,,,,,,,,,NONE,0.1119,-0.2614,0.3608,0.05513,2.2866,-3.8415,106.6,,999,,,none,,,,,,,,,,-2.409,-0.3424,0.3579,1.8277,7.5681,11.1556,36633.1016,36957.6016,,-3.2016,-4.0515,
^AXJO,8707.7998046875,8707.7998,2026-09-30,False,8696.7998046875,8720.2998046875,0.32,-0.87,ALTO,,,,,,,,,,,,,,NONE,0.1119,-0.2614,0.3608,0.05513,2.2866,-3.8415,106.6,,999,,,none,,,,,,,,,,-0.5709,0.407,-2.9966,-0.1914,7.8252,8.9156,9020.0996,9271.5996,,-3.4623,-6.0809,
^MXX,65110.5703125,65110.5703,2026-09-29,False,64817.05859375,65565.203125,0.26,-3.8,ALTO,,,,,,,,,,,,,,NONE,0.1119,-0.2614,0.3608,0.05513,2.2866,-3.8415,106.6,,999,,,none,,,,,,,,,,1.0146,1.3915,-3.2394,-3.1781,8.8628,12.4057,65436.1602,67307.5391,,-0.4976,-3.2641,
^BVSP,183827.59375,183827.5938,2026-09-29,False,181562.234375,183951.046875,0.46,6.07,ALTO,,,,,,,,,,,,,,NONE,0.1119,-0.2614,0.3608,0.05513,2.2866,-3.8415,106.6,,999,,,none,,,,,,,,,,-1.9183,-1.4345,3.7642,7.0701,9.4083,17.2157,188269.0,188269.0,,-2.3591,-2.3591,
HYG,77.54000091552734,77.54,2026-09-28,False,77.41999816894531,77.6500015258789,-0.41,1.22,ALTO,,,,,,,,,,,,,,YAHOO,0.1119,-0.2614,0.3608,0.05513,2.2866,-3.8415,106.6,,999,,,none,,,,,,,,,,-1.4489,-1.2607,-1.1314,-1.629,4.5563,3.2801,79.375,79.4844,79.4844,-2.3118,-2.4463,-2.4463
LQD,102.47000122070312,102.47,2026-09-28,False,102.18000030517578,102.69999694824219,-0.72,-3.92,ALTO,,,,,,,,,,,,,,YAHOO,0.1119,-0.2614,0.3608,0.05513,2.2866,-3.8415,106.6,,999,,,none,,,,,,,,,,-2.4931,-1.7546,-2.706,-5.4614,7.9368,6.122,105.766,107.7492,108.7168,-3.1163,-4.8996,-5.746
TLT,78.62000274658203,78.62,2026-09-28,False,78.2699966430664,78.87000274658203,-0.88,-8.33,ALTO,,,-3911.5,0.53,,,,,,,,,,YAHOO,0.1119,-0.2614,0.3608,0.05513,2.2866,-3.8415,106.6,,999,,,none,,,,,,,,,,-3.8875,-2.8543,-4.3583,-9.0545,10.0141,10.1419,82.21,84.7823,88.4493,-4.3669,-7.2684,-11.1129
GC=F,4215.2998046875,4215.2998,2026-09-29,False,4209.2001953125,4219.7001953125,1.13,4.31,ALTO,,,,,,,,,,,,,,NONE,0.1119,-0.2614,0.3608,0.05513,2.2866,-3.8415,106.6,,999,,,none,,,,,,,,,,-3.6811,-2.7119,2.8097,4.3779,32.9323,22.8502,4539.8999,4697.7998,,-7.1499,-10.2708,
HG=F,6.652500152587891,6.6525,2026-09-29,False,6.649499893188477,6.66349983215332,1.32,9.04,ALTO,,,,,,,,,,,,,,NONE,0.1119,-0.2614,0.3608,0.05513,2.2866,-3.8415,106.6,,999,,,none,,,,,,,,,,-1.583,4.4594,3.2276,7.4283,22.3192,22.6634,6.8035,6.8035,,-2.2194,-2.2194,
CL=F,89.27999877929688,89.28,2026-09-29,False,88.58000183105469,89.56999969482422,-3.59,26.13,ALTO,,,,,,,,,,,,,,NONE,0.1119,-0.2614,0.3608,0.05513,2.2866,-3.8415,106.6,,999,,,none,,,,,,,,,,-5.6137,-15.6383,6.807,28.4604,44.0028,52.0115,105.83,105.83,,-15.6383,-15.6383,
ZS=F,1296.0,1296.0,2026-09-29,False,1295.0,1298.0,0.6,16.83,ALTO,,,,,,,,,,,,,,NONE,0.1119,-0.2614,0.3608,0.05513,2.2866,-3.8415,106.6,,999,,,none,,,,,,,,,,-2.2256,-1.7251,10.0871,16.051,20.7537,19.379,1328.0,1328.0,,-2.4096,-2.4096,
ZC=F,521.75,521.75,2026-09-29,False,521.25,522.5,-0.24,29.73,ALTO,,,,,,,,,,,,,,NONE,0.1119,-0.2614,0.3608,0.05513,2.2866,-3.8415,106.6,,999,,,none,,,,,,,,,,-2.7946,-2.6132,17.0499,26.4082,7.5207,25.071,543.0,543.0,,-3.9134,-3.9134,
BTC-USD,83470.3515625,83470.3516,2026-09-30,False,83419.4140625,83624.7890625,-0.04,-26.88,ALTO,1678529921024.0,,,,,,,,,,,,,YAHOO,0.1119,-0.2614,0.3608,0.05513,2.2866,-3.8415,106.6,,999,,,none,,,,,,,,,,-1.0769,2.7534,29.0498,30.6851,10.7253,35.736,86602.9141,86602.9141,89503.875,-3.6172,-3.6172,-6.7411
ETH-USD,2670.179931640625,2670.1799,2026-09-30,False,2668.411376953125,2676.74072265625,-0.69,-35.66,ALTO,326111068160.0,,,,,,,,,,,,,YAHOO,0.1119,-0.2614,0.3608,0.05513,2.2866,-3.8415,106.6,,999,,,none,,,,,,,,,,-0.6371,1.452,39.3288,39.0756,6.2188,49.8771,2776.4683,2776.4683,3022.2109,-3.8282,-3.8282,-11.6481
IBIT,47.209999084472656,47.21,2026-09-28,False,46.709999084472656,47.78499984741211,-0.76,-27.4,ALTO,,,,,,,,,,,,,,YAHOO,0.1119,-0.2614,0.3608,0.05513,2.2866,-3.8415,106.6,,999,,,none,,,,,,,,,,-3.6727,5.5208,31.1389,38.1217,12.3804,38.9419,49.01,49.01,71.29,-3.6727,-3.6727,-33.7775
SPY,765.6099853515625,765.61,2026-09-28,False,763.719970703125,769.5399780273438,-0.74,16.54,ALTO,,24.69,,1.78,,,,,,,,,,YAHOO,0.1119,-0.2614,0.3608,0.05513,2.2866,-3.8415,106.6,,999,,,none,,,,,,,,,,-1.02,0.8715,5.2163,3.5778,9.7134,11.2774,773.5,775.9532,775.9532,-1.02,-1.333,-1.333
QQQ,736.530029296875,736.53,2026-09-28,False,731.6300048828125,741.4199829101562,-1.07,23.53,ALTO,,30.08,,2.06,,,,,,,,,,YAHOO,0.1119,-0.2614,0.3608,0.05513,2.2866,-3.8415,106.6,,999,,,none,,,,,,,,,,-0.6662,3.9648,11.4197,1.8254,11.3031,19.5641,747.46,747.46,747.46,-1.4623,-1.4623,-1.4623
DIA,514.02001953125,514.02,2026-09-28,False,513.2999877929688,517.0399780273438,-0.67,12.59,ALTO,,20.83,,,,,,,,,,,,YAHOO,0.1119,-0.2614,0.3608,0.05513,2.2866,-3.8415,106.6,,999,,,none,,,,,,,,,,-1.1082,-1.7703,0.0431,-1.1313,12.2767,11.7665,535.6953,541.1131,541.1131,-4.0462,-5.0069,-5.0069
IWM,280.0199890136719,280.02,2026-09-28,False,278.79998779296875,281.92999267578125,-0.69,17.01,ALTO,,16.43,,1.28,,,,,,,,,,YAHOO,0.1119,-0.2614,0.3608,0.05513,2.2866,-3.8415,106.6,,999,,,none,,,,,,,,,,-1.9469,-2.4864,-2.7095,-6.0938,13.9276,13.4687,295.2389,304.2953,304.2953,-5.1548,-7.9775,-7.9775
GLD,377.9100036621094,377.91,2026-09-28,False,376.8800048828125,381.5199890136719,-3.94,7.16,ALTO,,,,2.25,,,,,,,,,,YAHOO,0.1119,-0.2614,0.3608,0.05513,2.2866,-3.8415,106.6,,999,,,none,,,,,,,,,,-5.1383,-3.8005,1.8406,2.5313,30.6655,25.1,410.22,428.07,495.9,-7.8763,-11.7177,-23.7931
SLV,54.95000076293945,54.95,2026-09-28,False,54.869998931884766,55.84000015258789,-5.49,29.23,ALTO,,,,,,,,,,,,,,YAHOO,0.1119,-0.2614,0.3608,0.05513,2.2866,-3.8415,106.6,,999,,,none,,,,,,,,,,-7.8484,-3.3251,6.1426,4.309,46.6885,39.8005,60.73,62.77,105.6,-9.5175,-12.4582,-47.964
XLY,109.0,109.0,2026-09-28,False,108.91000366210938,109.93000030517578,-1.41,-8.77,ALTO,,23.85,,,,,,,,,,,,YAHOO,0.1119,-0.2614,0.3608,0.05513,2.2866,-3.8415,106.6,,999,,,none,,,,,,,,,,-2.878,-3.1989,-2.1234,-6.7281,13.3856,19.6474,116.3338,119.5966,123.7507,-6.3041,-8.8603,-11.9197
XLV,171.25999450683594,171.26,2026-09-28,False,169.5800018310547,171.8699951171875,0.33,28.06,ALTO,,30.5,,,,,,,,,,,,YAHOO,0.1119,-0.2614,0.3608,0.05513,2.2866,-3.8415,106.6,,999,,,none,,,,,,,,,,1.3313,2.4831,3.414,6.9525,9.1477,17.1792,172.5994,175.0102,175.0102,-0.776,-2.1429,-2.1429
XLRE,41.349998474121094,41.35,2026-09-28,False,41.21500015258789,41.71500015258789,-0.51,1.96,ALTO,,29.46,,,,,,,,,,,,YAHOO,0.1119,-0.2614,0.3608,0.05513,2.2866,-3.8415,106.6,,999,,,none,,,,,,,,,,-2.9115,-3.2976,-9.2732,-7.1726,9.4306,12.9108,43.8806,45.6259,45.6259,-5.7671,-9.3718,-9.3718
XLK,194.52999877929688,194.53,2026-09-28,False,192.67999267578125,196.14999389648438,-0.89,39.44,ALTO,,34.43,,,,,,,,,,,,YAHOO,0.1119,-0.2614,0.3608,0.05513,2.2866,-3.8415,106.6,,999,,,none,,,,,,,,,,-0.1642,5.6854,16.922,5.0413,11.4548,26.798,196.27,196.27,197.7432,-0.8865,-0.8865,-1.6249
XLI,168.77999877929688,168.78,2026-09-28,False,167.94000244140625,169.94000244140625,-0.97,11.48,ALTO,,27.46,,1.72,,,,,,,,,,YAHOO,0.1119,-0.2614,0.3608,0.05513,2.2866,-3.8415,106.6,,999,,,none,,,,,,,,,,-0.706,-0.4098,-4.2038,-7.4012,13.6402,14.6533,174.8002,186.0101,186.0101,-3.444,-9.263,-9.263
XLF,54.189998626708984,54.19,2026-09-28,False,54.13999938964844,54.72999954223633,-1.19,1.63,ALTO,,15.31,,1.59,,,,,,,,,,YAHOO,0.1119,-0.2614,0.3608,0.05513,2.2866,-3.8415,106.6,,999,,,none,,,,,,,,,,-3.059,-4.6435,-4.0547,1.2319,11.7575,12.7305,58.3535,58.3535,58.3535,-7.1349,-7.1349,-7.1349
XLE,62.099998474121094,62.1,2026-09-28,False,61.83000183105469,62.790000915527344,0.1,41.4,ALTO,,17.07,,1.18,,,,,,,,,,YAHOO,0.1119,-0.2614,0.3608,0.05513,2.2866,-3.8415,106.6,,999,,,none,,,,,,,,,,-0.5764,-3.1937,6.5117,16.5904,12.2569,21.9131,65.5404,65.5404,65.5404,-5.2493,-5.2493,-5.2493
XLC,111.18000030517578,111.18,2026-09-28,False,110.95999908447266,112.79499816894531,-1.58,-5.12,ALTO,,15.38,,,,,,,,,,,,YAHOO,0.1119,-0.2614,0.3608,0.05513,2.2866,-3.8415,106.6,,999,,,none,,,,,,,,,,-3.1111,-3.0621,1.8596,3.3986,19.6126,21.2251,114.75,114.75,118.9953,-3.1111,-3.1111,-6.5677
XLB,49.470001220703125,49.47,2026-09-28,False,48.939998626708984,49.7400016784668,-0.66,12.89,ALTO,,22.91,,0.62,,,,,,,,,,YAHOO,0.1119,-0.2614,0.3608,0.05513,2.2866,-3.8415,106.6,,999,,,none,,,,,,,,,,-0.4828,-1.5693,-3.9473,-1.8996,9.4097,17.0593,52.7074,53.4241,53.4241,-6.1423,-7.4014,-7.4014
XLP,82.27999877929688,82.28,2026-09-28,False,81.55000305175781,82.51000213623047,0.27,8.17,ALTO,,24.21,,1.2,,,,,,,,,,YAHOO,0.1119,-0.2614,0.3608,0.05513,2.2866,-3.8415,106.6,,999,,,none,,,,,,,,,,0.4395,-1.8939,-5.1956,-1.8358,9.652,15.445,84.9712,86.8786,88.3086,-3.1671,-5.2932,-6.8268
XLU,39.25,39.25,2026-09-28,False,39.060001373291016,39.54999923706055,-0.66,-7.32,ALTO,,17.88,,0.62,,,,,,,,,,YAHOO,0.1119,-0.2614,0.3608,0.05513,2.2866,-3.8415,106.6,,999,,,none,,,,,,,,,,-3.4678,-5.4553,-11.9604,-14.0839,15.0943,13.6678,43.1328,45.9521,46.7541,-9.0021,-14.585,-16.0501
PSQ,24.90999984741211,24.91,2026-09-28,False,24.760000228881836,25.079999923706055,1.1,-16.96,ALTO,,,,,,,,,,,,,,YAHOO,0.1119,-0.2614,0.3608,0.05513,2.2866,-3.8415,106.6,,999,,,none,,,,,,,,,,0.7648,-3.7067,-9.8135,-1.1737,11.0638,19.6411,26.047,27.6205,32.6748,-4.3653,-9.8135,-23.7638
EWZ,36.209999084472656,36.21,2026-09-28,False,36.119998931884766,36.599998474121094,-1.66,22.03,ALTO,,10.61,,1.0,,,,,,,,,,YAHOO,0.1119,-0.2614,0.3608,0.05513,2.2866,-3.8415,106.6,,999,,,none,,,,,,,,,,-4.8857,-4.0032,2.0863,4.8046,13.8511,22.8091,38.61,38.61,41.3365,-6.216,-6.216,-12.4018
FXI,34.16999816894531,34.17,2026-09-28,False,34.15999984741211,34.33000183105469,0.62,-15.14,ALTO,,8.97,,,,,,,,,,,,YAHOO,0.1119,-0.2614,0.3608,0.05513,2.2866,-3.8415,106.6,,999,,,none,,,,,,,,,,-2.1197,-1.9231,-5.3987,7.7578,16.1473,17.4446,35.88,36.52,40.9939,-4.7659,-6.4348,-16.6461
COPX,85.26000213623047,85.26,2026-09-28,False,83.44999694824219,85.7300033569336,-1.69,47.76,ALTO,,15.72,,,,,,,,,,,,YAHOO,0.1119,-0.2614,0.3608,0.05513,2.2866,-3.8415,106.6,,999,,,none,,,,,,,,,,-2.5489,-0.4205,11.9779,12.5693,25.3942,42.8833,95.27,96.45,96.45,-10.507,-11.6019,-11.6019
URA,40.130001068115234,40.13,2026-09-28,False,39.91999816894531,40.63999938964844,-1.91,-13.74,ALTO,,25.22,,,,,,,,,,,,YAHOO,0.1119,-0.2614,0.3608,0.05513,2.2866,-3.8415,106.6,,999,,,none,,,,,,,,,,-6.631,-4.8827,6.9563,-8.6501,27.4002,45.7331,47.5,48.37,61.81,-15.5158,-17.0353,-35.0752
ARKK,89.25,89.25,2026-09-28,False,88.66000366210938,90.44000244140625,-1.67,3.51,ALTO,,57.73,,,,,,,,,,,,YAHOO,0.1119,-0.2614,0.3608,0.05513,2.2866,-3.8415,106.6,,999,,,none,,,,,,,,,,-1.6204,5.347,26.4522,10.6908,30.2129,37.6513,91.7,91.7,92.53,-2.6718,-2.6718,-3.5448
ITA,209.25999450683594,209.26,2026-09-28,False,208.75999450683594,211.97999572753906,-2.13,2.06,ALTO,,31.77,,,,,,,,,,,,YAHOO,0.1119,-0.2614,0.3608,0.05513,2.2866,-3.8415,106.6,,999,,,none,,,,,,,,,,-3.1831,-3.3526,-11.3254,-12.3897,17.9646,21.0007,228.0856,252.9268,252.9268,-8.2537,-17.2646,-17.2646
SMH,600.010009765625,600.01,2026-09-28,False,591.9199829101562,607.9500122070312,-1.08,86.48,ALTO,,41.45,,,,,,,,,,,,YAHOO,0.1119,-0.2614,0.3608,0.05513,2.2866,-3.8415,106.6,,999,,,none,,,,,,,,,,0.6677,10.8052,18.9977,-5.0587,15.3927,39.982,607.46,611.03,668.91,-1.2264,-1.8035,-10.3003
EEM,67.19999694824219,67.2,2026-09-28,False,66.5,67.47000122070312,-1.15,28.75,ALTO,,14.34,,,,,,,,,,,,YAHOO,0.1119,-0.2614,0.3608,0.05513,2.2866,-3.8415,106.6,,999,,,none,,,,,,,,,,-2.3682,1.8336,10.0377,-0.3411,20.7147,24.3761,69.1,69.1,71.21,-2.7496,-2.7496,-5.6312
AAPL,338.3999938964844,338.4,2026-09-28,False,338.0400085449219,342.989990234375,-0.78,33.43,ALTO,4807323025408.0,37.73,34.36,44.76,148.75,27.08,32.62,27.62,2.24,28.75,0.78,1.0,8.0,YAHOO,0.1119,-0.2614,0.3608,0.05513,2.2866,-3.8415,106.6,2026-10-29,30,,,yahoo,1.0,1.0,1.0,0.0,1.0,1.0,1.0,1.0,1.0,-0.1711,1.5972,0.1484,20.2143,17.5804,26.7989,341.07,341.07,341.07,-0.7828,-0.7828,-0.7828
MSFT,509.2200012207031,509.22,2026-09-28,False,502.2200012207031,513.3300170898438,-1.35,-0.29,ALTO,3779305668608.0,28.4,21.5,8.54,34.04,14.09,45.11,40.3,0.44,19.73,0.29,1.23,6.0,YAHOO,0.1119,-0.2614,0.3608,0.05513,2.2866,-3.8415,106.6,2026-10-28,29,,,yahoo,1.0,1.0,1.0,1.0,1.0,0.0,1.0,0.0,0.0,1.5171,0.7538,30.6342,38.4211,34.8466,40.6906,516.17,516.17,537.6464,-1.3465,-1.3465,-5.2872
NVDA,228.86000061035156,228.86,2026-09-28,False,228.0399932861328,233.2100067138672,1.68,26.09,ALTO,5486440087552.0,28.69,14.49,23.96,117.21,53.57,66.24,63.66,0.76,27.1,0.17,4.59,4.0,YAHOO,0.1119,-0.2614,0.3608,0.05513,2.2866,-3.8415,106.6,2026-11-17,49,,,yahoo,1.0,0.0,1.0,0.0,1.0,0.0,1.0,0.0,0.0,0.6509,8.485,20.5811,17.5135,20.9166,39.6167,230.1025,230.1025,235.2024,-0.54,-0.54,-2.6966
META,715.6199951171875,715.62,2026-09-28,False,713.1900024414062,750.5800170898438,-4.79,-3.47,ALTO,1882072023040.0,27.83,21.13,7.21,29.85,14.59,34.83,29.83,1.15,17.37,0.43,2.23,5.0,YAHOO,0.1119,-0.2614,0.3608,0.05513,2.2866,-3.8415,106.6,2026-10-28,29,,,yahoo,1.0,0.0,1.0,1.0,0.0,0.0,1.0,1.0,0.0,-3.4577,7.5999,22.2972,27.2991,67.162,48.972,777.59,777.59,777.59,-7.9695,-7.9695,-7.9695
GOOGL,342.75,342.75,2026-09-28,False,339.55999755859375,343.5899963378906,-0.34,40.75,ALTO,4169429680128.0,17.12,22.62,6.7,48.68,12.96,34.03,54.77,0.54,23.48,0.19,2.72,6.0,YAHOO,0.1119,-0.2614,0.3608,0.05513,2.2866,-3.8415,106.6,2026-10-28,29,,,yahoo,1.0,0.0,1.0,1.0,0.0,1.0,1.0,1.0,0.0,-3.4425,-1.9005,1.8593,-3.0198,35.6883,34.8382,354.97,377.4074,402.1212,-3.4425,-9.183,-14.7645
AMZN,246.14999389648438,246.15,2026-09-28,False,244.72999572753906,247.77000427246094,-1.41,10.73,ALTO,2660659888128.0,19.84,23.55,4.82,30.56,6.59,13.69,17.44,0.12,16.51,0.46,1.03,6.0,YAHOO,0.1119,-0.2614,0.3608,0.05513,2.2866,-3.8415,106.6,2026-10-29,30,,,yahoo,1.0,1.0,1.0,1.0,1.0,0.0,0.0,1.0,0.0,-4.7591,-2.9147,8.6036,2.5027,18.273,42.396,259.77,284.02,284.02,-5.2431,-13.3336,-13.3336
TSLA,357.45001220703125,357.45,2026-09-28,False,356.79998779296875,369.42999267578125,-3.94,-19.41,ALTO,1393558290432.0,329.76,162.38,16.04,4.67,1.93,1.41,3.67,0.35,127.11,0.18,1.94,5.0,YAHOO,0.1119,-0.2614,0.3608,0.05513,2.2866,-3.8415,106.6,2026-10-21,22,,,yahoo,1.0,0.0,1.0,1.0,0.0,1.0,0.0,1.0,0.0,-4.7562,-0.4234,19.821,-13.2066,29.1478,50.2693,380.12,419.77,489.88,-5.9639,-14.8462,-27.0331
MSTR,157.13999938964844,157.14,2026-09-28,False,155.05999755859375,161.72000122070312,-0.93,-51.92,ALTO,61674786816.0,,3.13,1.86,-63.56,-38.73,-6808.11,0.0,-36.62,-2.15,0.15,5.39,3.0,YAHOO,0.1119,-0.2614,0.3608,0.05513,2.2866,-3.8415,106.6,2026-10-29,30,,,yahoo,0.0,0.0,0.0,1.0,1.0,1.0,0.0,0.0,0.0,-6.7418,14.751,68.3703,69.5511,18.7539,85.2548,168.5,168.5,359.69,-6.7418,-6.7418,-56.3124
PLTR,187.47999572753906,187.48,2026-09-28,False,185.6199951171875,190.25,-1.15,4.76,ALTO,449299841024.0,158.45,80.49,45.96,38.1,17.29,47.12,49.01,0.48,165.33,0.02,7.23,8.0,YAHOO,0.1119,-0.2614,0.3608,0.05513,2.2866,-3.8415,106.6,2026-11-02,34,,,yahoo,1.0,1.0,1.0,1.0,1.0,1.0,0.0,1.0,1.0,2.3977,8.1761,52.4228,62.0398,37.5797,77.8786,192.59,192.59,207.18,-2.6533,-2.6533,-9.5086
SNOW,328.1199951171875,328.12,2026-09-28,False,316.6300048828125,333.7200012207031,-2.33,45.61,ALTO,116533370880.0,,109.62,54.16,-48.06,-9.02,-17.0,-20.07,1.49,-112.74,1.29,0.94,5.0,YAHOO,0.1119,-0.2614,0.3608,0.05513,2.2866,-3.8415,106.6,2026-12-02,64,2026-09-02,27.0,yahoo,0.0,0.0,1.0,1.0,1.0,0.0,0.0,1.0,1.0,-3.3207,-1.2728,15.9844,30.3874,19.4627,49.4792,356.47,356.47,356.47,-7.953,-7.953,-7.953
CRWD,259.25,259.25,2026-09-28,False,246.50999450683594,260.68499755859375,2.82,112.24,ALTO,269028638720.0,8758.0,163.61,52.73,1.46,-0.78,-2.26,0.83,0.74,2478.67,0.16,1.57,4.0,YAHOO,0.1119,-0.2614,0.3608,0.05513,2.2866,-3.8415,106.6,2026-12-01,63,,,yahoo,0.0,0.0,1.0,1.0,1.0,1.0,0.0,0.0,0.0,3.9703,10.141,44.5256,39.5862,56.9621,75.1544,262.49,262.49,262.49,-1.2343,-1.2343,-1.2343
PANW,392.0899963378906,392.09,2026-09-28,False,367.2699890136719,394.5,4.63,92.18,ALTO,317719379968.0,995.92,79.61,11.51,1.74,1.4,5.4,2.67,1.33,203.38,0.09,0.87,3.0,YAHOO,0.1119,-0.2614,0.3608,0.05513,2.2866,-3.8415,106.6,2026-11-19,51,2026-09-01,28.0,yahoo,1.0,0.0,1.0,1.0,0.0,0.0,0.0,0.0,0.0,5.4686,4.8537,24.8098,18.0994,68.8219,62.5262,393.3,396.0,396.0,-0.3077,-0.9874,-0.9874
ADBE,231.00999450683594,231.01,2026-09-28,False,224.6699981689453,231.49000549316406,-1.89,-35.79,ALTO,92685074432.0,13.03,8.43,7.75,61.9,20.08,34.82,28.05,10.08,9.27,0.58,0.77,7.0,YAHOO,0.1119,-0.2614,0.3608,0.05513,2.2866,-3.8415,106.6,2026-12-09,71,2026-09-10,19.0,yahoo,1.0,1.0,1.0,1.0,0.0,0.0,1.0,1.0,1.0,-7.4182,-13.0233,-12.3069,11.9072,20.378,48.578,292.79,292.79,360.37,-21.1005,-21.1005,-35.8964
CRM,227.27000427246094,227.27,2026-09-28,False,221.17999267578125,230.57000732421875,-2.88,-6.55,ALTO,185430130688.0,20.61,14.08,4.83,19.38,5.7,21.38,21.99,9.56,16.78,1.1,0.84,7.0,YAHOO,0.1119,-0.2614,0.3608,0.05513,2.2866,-3.8415,106.6,2026-12-02,64,,,yahoo,1.0,1.0,1.0,1.0,0.0,0.0,1.0,1.0,1.0,-3.8702,-12.2423,20.8567,44.1587,33.4145,62.5328,263.9656,263.9656,264.417,-13.9017,-13.9017,-14.0486
MU,1053.97998046875,1053.98,2026-09-28,False,1032.0,1084.81005859375,-2.61,544.03,ALTO,1202894012416.0,24.06,6.6,11.94,66.64,34.87,80.37,55.91,0.64,17.34,0.06,3.42,7.0,YAHOO,0.1119,-0.2614,0.3608,0.05513,2.2866,-3.8415,106.6,2026-09-30,1,,,yahoo,1.0,1.0,1.0,1.0,1.0,0.0,0.0,1.0,1.0,0.9598,14.0634,42.6225,-7.9577,27.0248,77.8286,1096.16,1096.16,1213.3734,-3.848,-3.848,-13.1364
INTC,116.02999877929688,116.03,2026-09-28,False,114.70999908447266,121.70999908447266,-5.67,236.45,ALTO,612818157568.0,,56.22,6.68,-10.71,1.41,12.19,-19.79,0.79,36.89,0.49,1.6,6.0,YAHOO,0.1119,-0.2614,0.3608,0.05513,2.2866,-3.8415,106.6,2026-10-22,23,,,yahoo,0.0,1.0,1.0,1.0,1.0,1.0,0.0,1.0,0.0,-4.7216,19.3847,41.7074,-11.9116,65.1982,75.1063,127.39,127.39,140.94,-8.9175,-8.9175,-17.6742
AMAT,486.760009765625,486.76,2026-09-28,False,471.3800048828125,487.45001220703125,0.36,138.76,ALTO,406329819136.0,44.22,27.74,15.86,41.07,15.48,33.74,30.05,0.76,39.83,0.29,2.42,6.0,YAHOO,0.1119,-0.2614,0.3608,0.05513,2.2866,-3.8415,106.6,2026-11-12,44,,,yahoo,1.0,0.0,1.0,1.0,0.0,1.0,1.0,1.0,0.0,4.8509,14.7451,11.6464,-29.8514,16.3252,64.8734,486.76,601.8564,722.2277,0.0,-19.1236,-32.603
TXN,278.30999755859375,278.31,2026-09-28,False,273.8999938964844,279.3299865722656,0.09,55.76,ALTO,257252737024.0,42.88,26.46,14.28,35.18,13.06,42.58,31.11,1.38,27.76,0.78,4.86,7.0,YAHOO,0.1119,-0.2614,0.3608,0.05513,2.2866,-3.8415,106.6,2026-10-27,28,,,yahoo,1.0,1.0,1.0,1.0,0.0,1.0,1.0,0.0,1.0,2.7467,5.6526,3.1091,-2.0124,23.5769,33.2289,278.31,309.8734,330.5874,0.0,-10.1859,-15.8135
TSM,452.8800048828125,452.88,2026-09-28,False,443.1099853515625,455.2699890136719,0.5,67.44,ALTO,2369907326976.0,33.97,20.84,93.83,39.97,19.0,60.34,49.92,30.84,5.23,0.17,2.46,9.0,YAHOO,0.1119,-0.2614,0.3608,0.05513,2.2866,-3.8415,106.6,2026-10-15,16,,,yahoo,1.0,1.0,1.0,1.0,1.0,1.0,1.0,1.0,1.0,1.7388,8.6326,21.1986,-0.2208,15.205,34.4608,452.88,452.88,476.2923,0.0,0.0,-4.9155
AMD,607.8699951171875,607.87,2026-09-28,False,596.0700073242188,629.75,-3.61,276.66,ALTO,991842861056.0,156.19,39.0,14.75,10.2,5.13,17.25,15.58,0.89,102.8,0.06,2.61,7.0,YAHOO,0.1119,-0.2614,0.3608,0.05513,2.2866,-3.8415,106.6,2026-11-03,35,,,yahoo,1.0,1.0,1.0,1.0,0.0,1.0,0.0,1.0,1.0,-1.2429,23.1977,41.5099,12.6749,40.3456,67.5084,630.63,630.63,630.63,-3.6091,-3.6091,-3.6091
ASML,1771.4100341796875,1771.41,2026-09-28,False,1735.5,1784.56005859375,1.58,85.17,ALTO,704589201408.0,63.54,31.17,1576.36,53.94,16.45,37.06,30.11,1.2,2901.62,0.09,1.33,8.0,YAHOO,0.1119,-0.2614,0.3608,0.05513,2.2866,-3.8415,106.6,2026-10-14,15,,,yahoo,1.0,1.0,1.0,1.0,1.0,0.0,1.0,1.0,1.0,3.5113,12.4598,14.2337,-5.81,20.9132,41.286,1771.41,1883.12,1986.8704,0.0,-5.9322,-10.8442
MRVL,251.89999389648438,251.9,2026-09-28,False,248.13999938964844,261.7799987792969,-3.83,206.33,ALTO,236601966592.0,87.18,38.89,12.65,16.52,4.12,16.68,27.93,1.02,81.47,0.29,3.17,8.0,YAHOO,0.1119,-0.2614,0.3608,0.05513,2.2866,-3.8415,106.6,2026-12-01,63,,,yahoo,1.0,1.0,1.0,0.0,1.0,1.0,1.0,1.0,1.0,-2.1292,15.1174,54.1616,-9.2846,32.9545,81.8178,262.36,262.36,316.352,-3.9869,-3.9869,-20.3735
QCOM,187.47999572753906,187.48,2026-09-28,False,186.7100067138672,199.16000366210938,-7.17,15.72,ALTO,196629938176.0,21.02,18.04,7.04,33.75,11.61,18.53,21.01,5.21,16.7,0.55,2.02,6.0,YAHOO,0.1119,-0.2614,0.3608,0.05513,2.2866,-3.8415,106.6,2026-11-04,36,,,yahoo,1.0,0.0,1.0,1.0,0.0,1.0,1.0,0.0,1.0,-3.4753,4.0688,21.0819,-0.1164,72.7014,47.1329,201.97,201.97,248.7425,-7.1743,-7.1743,-24.6289
COIN,191.7899932861328,191.79,2026-09-28,False,191.10000610351562,198.77999877929688,-1.7,-42.64,ALTO,50134294528.0,,67.02,3.83,-7.85,1.12,-13.92,-16.34,5.32,68.64,0.51,2.42,4.0,YAHOO,0.1119,-0.2614,0.3608,0.05513,2.2866,-3.8415,106.6,2026-10-29,30,,,yahoo,1.0,0.0,1.0,1.0,0.0,1.0,0.0,0.0,0.0,-4.6058,0.1776,19.8014,26.4688,18.5542,77.4582,201.07,201.07,387.27,-4.6153,-4.6153,-50.4764
SHOP,144.00999450683594,144.01,2026-09-28,False,136.49000549316406,144.0500030517578,1.24,-3.41,ALTO,192390266880.0,100.18,60.5,15.07,15.54,10.19,17.55,14.53,0.83,77.68,0.01,5.35,5.0,YAHOO,0.1119,-0.2614,0.3608,0.05513,2.2866,-3.8415,106.6,2026-11-03,35,,,yahoo,1.0,0.0,1.0,1.0,0.0,1.0,0.0,0.0,1.0,4.4156,7.5584,11.4887,26.0923,42.3428,64.655,147.74,158.53,179.01,-2.5247,-9.1592,-19.552
RBLX,41.86000061035156,41.86,2026-09-28,False,41.86000061035156,44.59000015258789,-9.86,-70.49,ALTO,29418000384.0,,-33.06,193.33,-432.28,-7.73,-13.27,-17.61,5.02,-33.45,14.23,0.82,6.0,YAHOO,0.1119,-0.2614,0.3608,0.05513,2.2866,-3.8415,106.6,2026-10-29,30,,,yahoo,0.0,1.0,1.0,1.0,1.0,0.0,0.0,1.0,1.0,-18.322,-18.3857,-16.4971,-22.9665,67.0227,80.1009,51.29,57.07,141.56,-18.3857,-26.6515,-70.4295
UBER,68.16000366210938,68.16,2026-09-28,False,67.7300033569336,69.68000030517578,-2.1,-31.61,ALTO,141671972864.0,15.21,15.72,5.18,37.16,6.88,13.32,17.34,5.11,20.35,0.52,0.84,6.0,YAHOO,0.1119,-0.2614,0.3608,0.05513,2.2866,-3.8415,106.6,2026-11-03,35,,,yahoo,1.0,0.0,1.0,1.0,0.0,1.0,1.0,1.0,0.0,-3.7832,-6.1545,-4.2697,-9.7218,17.7,35.8509,76.45,80.35,100.1,-10.8437,-15.1711,-31.9081
HPQ,31.31999969482422,31.32,2026-09-28,False,30.739999771118164,31.799999237060547,0.06,22.35,ALTO,27712036864.0,11.73,9.79,-301.27,,5.63,5.4,4.14,12.23,7.31,,0.79,5.0,YAHOO,0.1119,-0.2614,0.3608,0.05513,2.2866,-3.8415,106.6,2026-11-24,56,,,yahoo,1.0,0.0,1.0,1.0,0.0,1.0,1.0,0.0,0.0,-4.9469,-7.9365,11.3142,39.6836,27.854,52.0428,35.48,35.48,35.48,-11.7249,-11.7249,-11.7249
BIDU,86.97000122070312,86.97,2026-09-28,False,86.29000091552734,87.55000305175781,-0.41,-35.57,ALTO,29524486144.0,,11.21,0.73,-1.39,1.2,9.65,-2.9,-7.1,-0.02,0.38,2.33,2.0,YAHOO,0.1119,-0.2614,0.3608,0.05513,2.2866,-3.8415,106.6,2026-11-18,50,,,yahoo,1.0,0.0,0.0,0.0,0.0,0.0,1.0,0.0,0.0,-5.6827,-5.3645,-17.3839,-22.4728,17.4554,42.1575,99.47,117.62,162.52,-12.5666,-26.0585,-46.4866
SPOT,497.510009765625,497.51,2026-09-28,False,497.0,507.0299987792969,-2.45,-31.76,ALTO,101488697344.0,27.26,28.15,10.63,44.48,12.19,13.71,18.43,1.52,35.4,0.06,2.11,5.0,YAHOO,0.1119,-0.2614,0.3608,0.05513,2.2866,-3.8415,106.6,2026-10-22,23,,,yahoo,1.0,1.0,1.0,1.0,0.0,0.0,0.0,1.0,0.0,-3.727,-10.5696,-5.0572,7.6186,27.9265,39.3208,560.11,560.11,728.47,-11.1764,-11.1764,-31.7048
AVGO,349.57000732421875,349.57,2026-09-28,False,347.32000732421875,355.8599853515625,-0.92,7.34,ALTO,1695116034048.0,45.76,18.32,17.01,44.25,15.37,54.31,42.94,1.8,33.11,0.6,2.5,8.0,YAHOO,0.1119,-0.2614,0.3608,0.05513,2.2866,-3.8415,106.6,2026-12-09,71,2026-09-02,27.0,yahoo,1.0,1.0,1.0,1.0,1.0,1.0,0.0,1.0,1.0,-3.6094,1.5916,-5.4314,-5.9722,21.6989,39.2079,369.6668,426.9825,479.9351,-5.4365,-18.1301,-27.1631
ACN,174.47000122070312,174.47,2026-09-28,False,172.3000030517578,177.0800018310547,-0.93,-27.97,ALTO,108387180544.0,14.14,12.08,3.4,24.41,10.9,16.96,10.66,11.15,8.36,0.25,1.34,5.0,YAHOO,0.1119,-0.2614,0.3608,0.05513,2.2866,-3.8415,106.6,2026-10-01,2,,,yahoo,1.0,0.0,1.0,1.0,0.0,1.0,1.0,0.0,0.0,-6.2544,-10.5282,0.7507,41.5487,22.4357,46.195,195.0,195.0,282.7143,-10.5282,-10.5282,-38.2875
NFLX,69.2300033569336,69.23,2026-09-28,False,68.87999725341797,71.6500015258789,-2.7,-42.67,ALTO,292724965376.0,22.11,18.44,9.71,49.54,16.08,33.38,28.22,8.67,20.39,0.55,1.14,7.0,YAHOO,0.1119,-0.2614,0.3608,0.05513,2.2866,-3.8415,106.6,2026-10-20,21,,,yahoo,1.0,1.0,1.0,0.0,1.0,0.0,1.0,1.0,1.0,-5.6298,-13.8073,-5.9758,-6.167,20.8998,35.3756,82.73,82.73,124.135,-16.3181,-16.3181,-44.2301
NIO,3.5899999141693115,3.59,2026-09-28,False,3.569999933242798,3.6700000762939453,0.28,-50.27,ALTO,8519268352.0,,26.79,14.01,-45.32,-2.02,-1.08,-4.17,,1.35,2.03,1.02,6.0,YAHOO,0.1119,-0.2614,0.3608,0.05513,2.2866,-3.8415,106.6,2026-11-24,56,2026-09-01,28.0,yahoo,0.0,1.0,1.0,1.0,1.0,0.0,0.0,1.0,1.0,-2.1798,-2.1798,-24.5798,-27.4747,12.4689,32.2914,4.23,5.03,7.89,-15.13,-28.6282,-54.4994
BABA,108.76000213623047,108.76,2026-09-28,False,108.76000213623047,110.12000274658203,-0.89,-39.05,ALTO,267881316352.0,24.38,11.73,1.61,6.36,1.56,7.29,7.04,-30.85,1.98,0.24,1.36,3.0,YAHOO,0.1119,-0.2614,0.3608,0.05513,2.2866,-3.8415,106.6,2026-11-24,56,,,yahoo,1.0,0.0,1.0,0.0,0.0,0.0,1.0,0.0,0.0,-6.0389,-0.4303,-5.4507,13.8729,33.1206,44.5406,116.31,132.32,187.6169,-6.4913,-17.8053,-42.0308
PDD,78.48999786376953,78.49,2026-09-28,False,77.41000366210938,78.94000244140625,1.19,-39.99,ALTO,110313226240.0,8.36,6.3,1.63,22.75,10.01,24.71,20.43,67.66,-3.46,0.01,2.62,4.0,YAHOO,0.1119,-0.2614,0.3608,0.05513,2.2866,-3.8415,106.6,2026-11-18,50,,,yahoo,1.0,0.0,1.0,1.0,0.0,1.0,0.0,0.0,0.0,-1.0214,-1.1212,-11.13,2.5477,19.1381,27.4657,84.0,93.0,138.13,-6.5595,-15.6022,-43.1767
SAP,209.30999755859375,209.31,2026-09-28,False,203.1699981689453,210.36000061035156,-0.65,-19.34,ALTO,243363987456.0,27.74,21.77,66.36,18.32,9.54,27.62,20.41,3.74,291.37,0.22,1.15,7.0,YAHOO,0.1119,-0.2614,0.3608,0.05513,2.2866,-3.8415,106.6,2026-10-21,22,,,yahoo,1.0,1.0,1.0,1.0,1.0,1.0,0.0,0.0,1.0,0.043,-4.1094,12.5383,35.1259,10.8342,41.4062,220.89,221.54,275.6678,-5.2424,-5.5204,-24.0717
SE,98.91000366210938,98.91,2026-09-28,False,96.36499786376953,99.9000015258789,-0.64,-45.55,ALTO,60403228672.0,38.08,19.03,4.86,14.73,4.97,8.35,5.91,0.11,21.59,0.32,1.49,8.0,YAHOO,0.1119,-0.2614,0.3608,0.05513,2.2866,-3.8415,106.6,2026-11-10,42,,,yahoo,1.0,1.0,1.0,1.0,1.0,1.0,0.0,1.0,1.0,-3.6434,-8.9897,-8.7294,6.4121,14.8784,49.5334,113.48,131.51,192.69,-12.8393,-24.789,-48.6688
IBM,220.6699981689453,220.67,2026-09-28,False,219.22999572753906,223.13999938964844,-2.15,-19.14,ALTO,207260155904.0,19.55,16.73,6.02,34.46,5.3,16.55,15.52,5.81,16.06,1.89,0.79,6.0,YAHOO,0.1119,-0.2614,0.3608,0.05513,2.2866,-3.8415,106.6,2026-10-21,22,,,yahoo,1.0,1.0,1.0,1.0,1.0,0.0,0.0,1.0,0.0,-4.8549,-11.4095,-1.8491,-20.0529,22.3493,61.8278,249.09,303.9496,326.8851,-11.4095,-27.3992,-32.4931
ZM,87.30000305175781,87.3,2026-09-28,False,85.37999725341797,87.98500061035156,-2.69,4.37,ALTO,25780551680.0,8.2,13.93,2.6,32.14,6.11,24.61,65.19,7.66,13.94,0.01,3.83,7.0,YAHOO,0.1119,-0.2614,0.3608,0.05513,2.2866,-3.8415,106.6,2026-11-24,56,,,yahoo,1.0,1.0,1.0,1.0,1.0,0.0,1.0,1.0,0.0,-3.9604,-8.4522,-5.5297,1.3466,25.2339,41.2898,101.33,109.84,111.88,-13.8458,-20.5208,-21.97
CSCO,106.73999786376953,106.74,2026-09-28,False,105.9800033569336,107.68000030517578,0.04,60.82,ALTO,421620252672.0,32.11,19.02,8.39,27.32,7.98,27.72,20.95,2.65,23.44,0.62,0.93,7.0,YAHOO,0.1119,-0.2614,0.3608,0.05513,2.2866,-3.8415,106.6,2026-11-12,44,,,yahoo,1.0,1.0,1.0,1.0,1.0,0.0,1.0,0.0,1.0,-4.2347,-3.0165,-5.1031,-8.9726,5.0417,34.0618,112.13,123.88,129.5155,-4.8069,-13.836,-17.5851
DOCU,66.9800033569336,66.98,2026-09-28,False,63.91999816894531,67.45500183105469,-0.77,-18.52,ALTO,12518726656.0,40.84,12.86,7.33,17.8,6.35,13.43,9.82,10.49,27.0,0.11,0.64,6.0,YAHOO,0.1119,-0.2614,0.3608,0.05513,2.2866,-3.8415,106.6,2026-12-03,65,2026-09-03,26.0,yahoo,1.0,0.0,1.0,1.0,0.0,0.0,1.0,1.0,1.0,-2.3188,-3.9851,15.1453,48.7123,43.4252,53.673,71.85,71.85,82.14,-6.778,-6.778,-18.4563
ARM,283.3299865722656,283.33,2026-09-28,False,279.20001220703125,307.1700134277344,-8.7,102.61,ALTO,313639174144.0,296.64,96.14,36.34,13.35,5.42,7.6,20.25,0.43,291.66,0.06,5.25,6.0,YAHOO,0.1119,-0.2614,0.3608,0.05513,2.2866,-3.8415,106.6,2026-11-04,36,,,yahoo,1.0,0.0,1.0,1.0,0.0,1.0,0.0,1.0,1.0,-12.2546,18.5432,25.986,-17.5359,81.8048,88.0401,333.2,333.2,439.46,-14.967,-14.967,-35.5277
GRMN,294.04998779296875,294.05,2026-09-28,False,291.2900085449219,294.95001220703125,-0.03,21.68,ALTO,55971594240.0,29.92,26.07,6.2,21.89,12.17,30.44,24.47,1.86,23.16,0.03,3.03,6.0,YAHOO,0.1119,-0.2614,0.3608,0.05513,2.2866,-3.8415,106.6,2026-10-28,29,,,yahoo,1.0,1.0,1.0,0.0,0.0,1.0,0.0,1.0,1.0,4.9017,4.8755,0.1217,26.2785,20.8544,42.5174,295.04,311.952,311.952,-0.3356,-5.7387,-5.7387
MSI,452.0799865722656,452.08,2026-09-28,False,451.42999267578125,456.79998779296875,-1.05,0.63,ALTO,73830088704.0,35.13,22.96,27.63,91.57,11.25,27.35,17.44,2.68,22.02,3.58,1.1,6.0,YAHOO,0.1119,-0.2614,0.3608,0.05513,2.2866,-3.8415,106.6,2026-11-05,37,,,yahoo,1.0,1.0,1.0,1.0,0.0,0.0,1.0,1.0,0.0,-2.0114,-4.4041,4.3872,9.8519,16.2783,26.6626,489.973,489.973,489.973,-7.7337,-7.7337,-7.7337
SNAP,5.21999979019165,5.22,2026-09-28,False,5.190000057220459,5.390999794006348,-3.69,-37.92,ALTO,9030995968.0,,6.89,4.66,-15.58,-2.72,-2.64,-4.9,7.91,-72.44,2.19,2.94,6.0,YAHOO,0.1119,-0.2614,0.3608,0.05513,2.2866,-3.8415,106.6,2026-11-04,36,,,yahoo,0.0,1.0,1.0,1.0,1.0,0.0,0.0,1.0,1.0,-8.4211,-10.6164,10.3594,18.0995,59.7722,60.0787,5.84,5.92,9.09,-10.6164,-11.8243,-42.5743
PINS,18.40999984741211,18.41,2026-09-28,False,18.31999969482422,18.774999618530273,-2.59,-44.81,ALTO,10499443712.0,54.53,7.72,3.62,6.46,3.51,-3.46,5.46,11.4,32.92,0.41,3.81,6.0,YAHOO,0.1119,-0.2614,0.3608,0.05513,2.2866,-3.8415,106.6,2026-11-09,41,,,yahoo,1.0,0.0,1.0,1.0,0.0,0.0,1.0,1.0,1.0,-4.907,-6.5008,-24.6727,-15.8592,28.8197,47.4401,21.71,25.58,35.24,-15.2004,-28.0297,-47.7582
PATH,12.1899995803833,12.19,2026-09-28,False,11.569999694824219,12.354999542236328,-2.17,-3.01,ALTO,6420634624.0,18.39,13.38,3.29,20.03,3.66,8.92,21.03,7.39,28.25,0.04,2.39,8.0,YAHOO,0.1119,-0.2614,0.3608,0.05513,2.2866,-3.8415,106.6,2026-12-02,64,2026-09-03,26.0,yahoo,1.0,1.0,1.0,1.0,1.0,0.0,1.0,1.0,1.0,-10.3017,-16.8486,-3.1771,14.1386,15.5125,70.6671,18.67,18.67,19.29,-34.7081,-34.7081,-36.8066
VZ,46.68000030517578,46.68,2026-09-28,False,46.43000030517578,47.099998474121094,-0.85,15.24,ALTO,191036571648.0,11.97,8.71,1.84,15.84,5.05,23.0,11.64,9.14,7.52,1.84,0.6,4.0,YAHOO,0.1119,-0.2614,0.3608,0.05513,2.2866,-3.8415,106.6,2026-10-26,27,,,yahoo,1.0,0.0,1.0,1.0,0.0,1.0,0.0,0.0,0.0,-2.0973,-8.9881,-1.1436,7.6548,18.0839,23.6221,51.45,51.45,51.45,-9.2711,-9.2711,-9.2711
T,24.899999618530273,24.9,2026-09-28,False,24.860000610351562,25.399999618530273,-1.89,-7.17,ALTO,167746404352.0,8.08,9.51,1.52,18.34,4.16,24.79,16.94,6.05,7.43,1.29,0.97,6.0,YAHOO,0.1119,-0.2614,0.3608,0.05513,2.2866,-3.8415,106.6,2026-10-21,22,,,yahoo,1.0,1.0,1.0,1.0,0.0,1.0,1.0,0.0,0.0,-2.1611,-6.0732,4.01,15.6435,19.4166,25.5466,26.72,26.72,28.4181,-6.8114,-6.8114,-12.3797
AMX,21.65999984741211,21.66,2026-09-28,False,21.6299991607666,22.010000228881836,-1.68,4.67,ALTO,65099333632.0,12.96,10.45,3.09,21.58,6.36,21.49,9.37,235.39,2.35,1.58,0.71,9.0,YAHOO,0.1119,-0.2614,0.3608,0.05513,2.2866,-3.8415,106.6,2026-10-13,14,,,yahoo,1.0,1.0,1.0,1.0,1.0,1.0,1.0,1.0,1.0,-3.5189,-6.3149,-12.9071,-18.0585,11.9745,17.034,23.2,26.27,27.4216,-6.6379,-17.5485,-21.0113
TCOM,39.900001525878906,39.9,2026-09-28,False,39.720001220703125,40.20000076293945,1.19,-47.66,ALTO,24331808768.0,7.49,9.42,1.03,15.65,2.59,-9.33,36.91,,-2.32,0.17,1.33,7.0,YAHOO,0.1119,-0.2614,0.3608,0.05513,2.2866,-3.8415,106.6,2026-11-16,48,2026-09-15,14.0,finnhub,1.0,1.0,1.0,0.0,1.0,1.0,1.0,0.0,1.0,-1.845,2.0983,-13.2609,-0.1501,20.064,27.7273,44.65,47.3,78.96,-10.6383,-15.6448,-49.4681
TRIP,8.40999984741211,8.41,2026-09-28,False,8.149999618530273,8.430000305175781,0.0,-50.73,ALTO,977433792.0,,7.81,1.47,-0.23,1.92,9.44,0.27,-10.38,9.42,1.35,1.56,7.0,YAHOO,0.1119,-0.2614,0.3608,0.05513,2.2866,-3.8415,106.6,2026-11-05,37,,,yahoo,1.0,1.0,1.0,1.0,1.0,0.0,1.0,0.0,1.0,-4.4318,-8.8841,-42.3182,-40.057,78.0258,66.541,9.61,14.93,17.14,-12.487,-43.6705,-50.9335
ABNB,156.0800018310547,156.08,2026-09-28,False,154.11000061035156,158.6999969482422,-0.88,26.92,ALTO,93985398784.0,35.75,25.37,11.87,34.54,6.14,21.01,20.45,3.41,30.05,0.32,1.41,5.0,YAHOO,0.1119,-0.2614,0.3608,0.05513,2.2866,-3.8415,106.6,2026-11-05,37,,,yahoo,1.0,0.0,1.0,1.0,0.0,0.0,1.0,0.0,1.0,-6.4493,-8.5379,2.0064,6.0542,78.262,50.3359,185.25,190.5,190.5,-15.7463,-18.0682,-18.0682
ORCL,132.60000610351562,132.6,2026-09-28,False,131.5800018310547,135.69000244140625,-3.28,-52.63,ALTO,417710505984.0,21.6,12.53,6.74,41.19,6.36,35.63,26.36,-10.98,16.09,2.52,1.17,5.0,YAHOO,0.1119,-0.2614,0.3608,0.05513,2.2866,-3.8415,106.6,2026-12-10,72,2026-09-10,19.0,yahoo,1.0,0.0,1.0,1.0,1.0,1.0,0.0,0.0,0.0,-10.7431,-8.4191,12.621,-9.9477,12.445,55.8237,162.52,162.52,310.0098,-18.41,-18.41,-57.2272
TMUS,166.4499969482422,166.45,2026-09-28,False,164.52000427246094,167.5,0.62,-28.63,ALTO,174824013824.0,17.07,11.29,3.11,17.99,5.97,25.22,11.46,6.48,8.51,2.14,0.92,6.0,YAHOO,0.1119,-0.2614,0.3608,0.05513,2.2866,-3.8415,106.6,2026-10-28,29,,,yahoo,1.0,0.0,1.0,1.0,0.0,1.0,1.0,0.0,1.0,0.714,-8.994,-7.7729,-3.7704,15.5691,39.4569,188.02,194.5173,234.4277,-11.4722,-14.4292,-28.9973
ANET,204.9199981689453,204.92,2026-09-28,False,203.52000427246094,208.35000610351562,-0.79,42.87,ALTO,255852036096.0,64.4,39.11,17.29,31.48,14.12,45.39,38.37,1.52,52.27,,2.96,4.0,YAHOO,0.1119,-0.2614,0.3608,0.05513,2.2866,-3.8415,106.6,2026-11-03,35,,,yahoo,1.0,0.0,1.0,1.0,0.0,0.0,1.0,0.0,0.0,-0.2434,9.1103,29.7208,24.8751,15.0428,51.8767,206.55,210.5,210.5,-0.7892,-2.6508,-2.6508
LRCX,314.4700012207031,314.47,2026-09-28,False,305.5,316.30999755859375,-0.23,140.94,ALTO,405286289408.0,56.32,27.59,32.49,65.07,22.84,37.39,31.27,0.76,46.73,0.33,2.63,8.0,YAHOO,0.1119,-0.2614,0.3608,0.05513,2.2866,-3.8415,106.6,2026-10-21,22,,,yahoo,1.0,1.0,1.0,0.0,1.0,1.0,1.0,1.0,1.0,4.1432,15.1062,24.749,-23.3886,25.409,70.8274,320.08,352.7952,432.8701,-1.7527,-10.8633,-27.3523
ADI,395.42999267578125,395.43,2026-09-28,False,388.1300048828125,396.07000732421875,0.46,63.5,ALTO,192963657728.0,47.29,24.36,5.75,12.23,6.41,39.5,29.79,2.15,28.86,0.27,1.25,8.0,YAHOO,0.1119,-0.2614,0.3608,0.05513,2.2866,-3.8415,106.6,2026-11-24,56,,,yahoo,1.0,1.0,1.0,1.0,0.0,1.0,1.0,1.0,1.0,3.2454,9.5313,12.2435,1.2392,29.2909,32.0754,395.43,395.43,444.1269,0.0,0.0,-10.9646
SNDK,1712.8900146484375,1712.89,2026-09-28,False,1659.02001953125,1762.0,-3.65,1409.09,ALTO,253269737472.0,23.43,6.56,16.38,91.64,43.91,78.47,56.46,3.05,19.71,0.01,2.29,7.0,YAHOO,0.1119,-0.2614,0.3608,0.05513,2.2866,-3.8415,106.6,2026-11-06,38,,,yahoo,1.0,1.0,1.0,1.0,0.0,0.0,1.0,1.0,1.0,-3.0425,10.3673,68.6098,-16.4603,39.6933,118.474,1887.04,1915.92,2335.0,-9.2287,-10.597,-26.6428
NOW,131.4499969482422,131.45,2026-09-28,False,126.75,131.88999938964844,-3.07,-30.2,ALTO,134340034560.0,81.21,25.96,10.73,14.24,4.25,4.06,11.34,3.83,47.68,0.68,0.7,4.0,YAHOO,0.1119,-0.2614,0.3608,0.05513,2.2866,-3.8415,106.6,2026-10-28,29,,,yahoo,1.0,0.0,1.0,1.0,1.0,0.0,0.0,0.0,0.0,-4.525,-7.6572,13.5539,31.4894,41.0257,57.9246,147.99,147.99,189.258,-11.1764,-11.1764,-30.5445
NBIS,231.8800048828125,231.88,2026-09-28,False,228.3800048828125,245.35000610351562,-2.3,110.32,ALTO,64526196736.0,,-67.92,6.29,0.6,-1.92,-0.22,3.13,-14.9,260.43,0.99,4.03,6.0,YAHOO,0.1119,-0.2614,0.3608,0.05513,2.2866,-3.8415,106.6,2026-11-10,42,,,yahoo,1.0,1.0,1.0,1.0,0.0,0.0,0.0,1.0,1.0,-0.3952,9.2794,56.4431,-11.2081,83.3988,136.1542,243.88,277.68,286.69,-4.9205,-16.4938,-19.1182
OXY,56.099998474121094,56.1,2026-09-28,False,56.0,57.560001373291016,-1.34,18.89,ALTO,54920077312.0,16.21,13.67,1.64,10.63,4.68,45.44,30.32,6.9,5.42,0.35,1.41,4.0,YAHOO,0.1119,-0.2614,0.3608,0.05513,2.2866,-3.8415,106.6,2026-11-09,41,,,yahoo,1.0,0.0,1.0,1.0,1.0,0.0,0.0,0.0,0.0,-2.0087,-9.1939,0.5844,14.8043,30.2415,35.0898,63.52,63.52,65.6343,-11.6814,-11.6814,-14.5264
XOM,162.52000427246094,162.52,2026-09-28,False,161.0500030517578,163.5399932861328,1.2,46.35,ALTO,663457038336.0,20.77,14.49,2.56,12.58,5.52,15.86,9.07,3.12,10.33,0.16,1.14,5.0,YAHOO,0.1119,-0.2614,0.3608,0.05513,2.2866,-3.8415,106.6,2026-10-30,31,,,yahoo,1.0,0.0,1.0,1.0,1.0,0.0,1.0,0.0,0.0,2.6658,-1.5508,4.3524,20.2207,17.7724,26.5543,169.32,169.32,169.32,-4.0161,-4.0161,-4.0161
CVX,206.3699951171875,206.37,2026-09-28,False,205.3800048828125,208.25,0.94,37.35,ALTO,400912482304.0,19.67,14.46,2.11,12.23,5.86,21.87,9.83,5.47,8.59,0.19,1.25,5.0,YAHOO,0.1119,-0.2614,0.3608,0.05513,2.2866,-3.8415,106.6,2026-10-30,31,,,yahoo,1.0,0.0,1.0,1.0,0.0,1.0,0.0,1.0,0.0,1.3257,-2.7337,8.5015,23.5656,14.8263,24.4978,217.77,217.77,217.77,-5.2349,-5.2349,-5.2349
PSX,253.5500030517578,253.55,2026-09-28,False,251.63999938964844,259.1099853515625,-0.86,89.7,ALTO,101135859712.0,14.4,10.11,3.19,23.45,6.04,8.53,4.66,4.49,11.92,0.63,1.32,7.0,YAHOO,0.1119,-0.2614,0.3608,0.05513,2.2866,-3.8415,106.6,2026-10-28,29,,,yahoo,1.0,1.0,1.0,1.0,0.0,1.0,1.0,1.0,0.0,-3.1328,-1.3654,23.2512,46.4497,5.8997,31.3649,274.21,274.21,274.21,-7.5344,-7.5344,-7.5344
YPF,51.369998931884766,51.37,2026-09-28,False,51.25,53.0,-1.4,102.58,ALTO,19725297664.0,27.19,9.17,1.88,7.26,8.34,27.51,4.0,6307.23,1.33,0.85,0.93,4.0,YAHOO,0.1119,-0.2614,0.3608,0.05513,2.2866,-3.8415,106.6,2026-10-29,30,,,yahoo,0.0,0.0,1.0,1.0,0.0,1.0,1.0,0.0,0.0,-3.4035,-8.8053,2.0866,13.5249,25.864,35.2236,57.61,57.61,57.61,-10.8315,-10.8315,-10.8315
VIST,66.91000366210938,66.91,2026-09-28,False,66.63999938964844,68.9800033569336,-0.77,88.95,ALTO,7379287040.0,8.78,6.73,2.23,29.79,10.0,44.24,23.56,1.67,5.02,1.07,0.69,3.0,YAHOO,0.1119,-0.2614,0.3608,0.05513,2.2866,-3.8415,106.6,2026-10-28,29,,,yahoo,1.0,0.0,1.0,1.0,0.0,0.0,0.0,0.0,0.0,-4.8628,-12.4329,1.3634,4.1725,26.0303,44.8401,78.95,78.95,79.25,-15.2502,-15.2502,-15.571
VST,138.02000427246094,138.02,2026-09-28,False,135.77000427246094,139.00999450683594,-0.32,-29.93,ALTO,47267504128.0,23.75,13.59,15.74,42.96,5.89,13.77,11.55,0.08,10.51,3.73,0.97,5.0,YAHOO,0.1119,-0.2614,0.3608,0.05513,2.2866,-3.8415,106.6,2026-11-05,37,,,yahoo,1.0,0.0,1.0,1.0,1.0,0.0,1.0,0.0,0.0,-1.9605,-1.765,-3.1958,-14.8626,14.6087,39.6986,151.4719,168.7037,209.6322,-8.8808,-18.1879,-34.1609
BP,44.43000030517578,44.43,2026-09-28,False,44.369998931884766,45.150001525878906,0.63,34.38,ALTO,112081608704.0,20.82,8.43,7.71,8.87,5.04,13.15,2.55,11.49,12.85,0.95,1.27,7.0,YAHOO,0.1119,-0.2614,0.3608,0.05513,2.2866,-3.8415,106.6,2026-10-30,31,,,yahoo,1.0,0.0,1.0,1.0,0.0,1.0,1.0,1.0,1.0,2.9425,-3.2658,3.8228,20.4178,27.1653,31.2538,46.96,46.96,46.96,-5.3876,-5.3876,-5.3876
E,55.619998931884766,55.62,2026-09-28,False,55.40999984741211,56.22999954223633,1.66,62.53,ALTO,78454407168.0,12.51,8.78,1.52,10.9,3.07,10.66,5.87,-11.45,8.04,0.65,1.48,6.0,YAHOO,0.1119,-0.2614,0.3608,0.05513,2.2866,-3.8415,106.6,2026-10-23,24,,,yahoo,1.0,1.0,1.0,1.0,0.0,1.0,1.0,0.0,0.0,4.1339,1.5775,4.579,20.7596,24.4803,31.3841,56.0016,56.6835,56.6835,-0.6813,-1.8763,-1.8763
SHEL,95.13999938964844,95.14,2026-09-29,False,94.72000122070312,95.79000091552734,-1.38,36.14,ALTO,271234760704.0,10.52,9.15,1.47,14.34,6.4,16.69,8.76,7.91,5.34,0.4,1.44,5.0,YAHOO,0.1119,-0.2614,0.3608,0.05513,2.2866,-3.8415,106.6,2026-10-29,30,,,yahoo,1.0,1.0,1.0,1.0,0.0,0.0,1.0,0.0,0.0,1.2882,-3.8504,6.0367,23.7733,14.423,20.8443,98.95,98.95,98.95,-3.8504,-3.8504,-3.8504
HAL,32.43000030517578,32.43,2026-09-28,False,32.34000015258789,32.970001220703125,-1.01,32.29,ALTO,26276931584.0,16.51,10.86,2.39,14.92,7.26,12.79,7.16,7.81,7.84,0.74,2.02,4.0,YAHOO,0.1119,-0.2614,0.3608,0.05513,2.2866,-3.8415,106.6,2026-10-20,21,,,yahoo,1.0,0.0,1.0,1.0,0.0,0.0,1.0,0.0,0.0,-2.8751,-7.3693,4.4582,-4.428,10.9116,32.8617,37.63,37.63,42.6002,-13.8188,-13.8188,-23.8736
SLB,51.4900016784668,51.49,2026-09-28,False,50.880001068115234,52.290000915527344,-0.1,50.18,ALTO,74014220288.0,24.33,15.43,2.84,12.91,6.17,12.71,8.53,3.99,11.36,0.47,1.44,4.0,YAHOO,0.1119,-0.2614,0.3608,0.05513,2.2866,-3.8415,106.6,2026-10-23,24,,,yahoo,1.0,0.0,1.0,1.0,1.0,0.0,0.0,0.0,0.0,-0.5216,-3.4321,5.7132,11.5937,7.3214,39.472,59.7898,59.7898,59.7898,-13.8816,-13.8816,-13.8816
COP,126.04000091552734,126.04,2026-09-28,False,125.81999969482422,129.36000061035156,-0.99,35.58,ALTO,150695772160.0,16.59,12.98,2.31,14.18,7.53,31.51,14.4,5.1,6.21,0.36,1.54,7.0,YAHOO,0.1119,-0.2614,0.3608,0.05513,2.2866,-3.8415,106.6,2026-11-05,37,,,yahoo,1.0,0.0,1.0,1.0,1.0,1.0,1.0,0.0,1.0,-1.1684,-7.7779,7.4713,21.7665,28.0675,32.0107,141.22,141.22,141.22,-10.7492,-10.7492,-10.7492
GPRK,10.680000305175781,10.68,2026-09-28,False,10.630000114440918,11.460000038146973,-4.64,64.1,ALTO,682054400.0,7.51,5.9,1.55,28.57,7.81,27.52,16.0,13.53,3.38,1.81,1.17,3.0,YAHOO,0.1119,-0.2614,0.3608,0.05513,2.2866,-3.8415,106.6,2026-11-04,36,,,yahoo,1.0,0.0,1.0,0.0,0.0,1.0,0.0,0.0,0.0,-0.9276,-6.8875,14.0179,16.3726,50.3614,44.8732,11.97,11.97,11.97,-10.7769,-10.7769,-10.7769
CEG,260.42999267578125,260.43,2026-09-28,False,257.3800048828125,262.6600036621094,-1.08,-21.71,ALTO,93742645248.0,25.86,19.86,2.94,15.06,3.89,8.66,11.08,-7.07,14.85,0.76,1.46,6.0,YAHOO,0.1119,-0.2614,0.3608,0.05513,2.2866,-3.8415,106.6,2026-11-09,41,,,yahoo,1.0,0.0,1.0,1.0,1.0,0.0,1.0,0.0,1.0,-0.6409,-1.5648,1.1166,0.5824,12.9374,35.9697,299.05,299.05,401.7044,-12.9142,-12.9142,-35.1688
FSLR,172.97000122070312,172.97,2026-09-28,False,172.1999969482422,178.22999572753906,-2.67,-22.68,ALTO,19014629376.0,10.91,7.61,1.84,18.51,8.62,42.64,32.46,8.41,7.33,0.02,2.52,7.0,YAHOO,0.1119,-0.2614,0.3608,0.05513,2.2866,-3.8415,106.6,2026-10-29,30,,,yahoo,1.0,1.0,1.0,1.0,1.0,1.0,0.0,0.0,1.0,-13.4458,-16.4558,-13.1851,-25.7002,88.4748,51.5522,213.25,250.05,318.25,-18.8886,-30.8258,-45.6496
CCJ,87.04000091552734,87.04,2026-09-28,False,85.68000030517578,87.77999877929688,-1.17,3.2,ALTO,37839106048.0,152.42,47.57,7.42,5.11,2.98,9.11,10.21,0.13,47.53,0.17,3.06,8.0,YAHOO,0.1119,-0.2614,0.3608,0.05513,2.2866,-3.8415,106.6,2026-10-30,31,,,yahoo,1.0,1.0,1.0,1.0,1.0,1.0,0.0,1.0,1.0,-6.6395,-6.6695,2.9207,-15.879,28.0848,42.2426,101.97,107.36,134.09,-14.6416,-18.927,-35.0884
PBR,20.649999618530273,20.65,2026-09-28,False,20.520000457763672,20.920000076293945,1.37,67.6,ALTO,133076164608.0,5.21,5.18,1.44,30.27,10.07,44.68,24.32,70.82,1.84,0.76,0.85,7.0,YAHOO,0.1119,-0.2614,0.3608,0.05513,2.2866,-3.8415,106.6,2026-11-10,42,,,yahoo,1.0,1.0,1.0,1.0,1.0,1.0,1.0,0.0,0.0,0.0969,-2.3641,14.3393,30.5631,32.1238,33.5444,21.77,21.77,21.77,-5.1447,-5.1447,-5.1447
NEE,75.48999786376953,75.49,2026-09-28,False,75.1500015258789,76.22000122070312,-0.78,1.84,ALTO,158304894976.0,16.98,17.27,2.77,11.68,2.44,31.52,32.4,-11.22,18.96,1.62,0.53,5.0,YAHOO,0.1119,-0.2614,0.3608,0.05513,2.2866,-3.8415,106.6,2026-10-27,28,,,yahoo,1.0,0.0,1.0,1.0,0.0,1.0,0.0,1.0,0.0,-5.199,-7.5217,-14.0203,-14.2142,23.3235,14.3241,84.06,89.1198,96.443,-10.1951,-15.2938,-21.7258
PAAS,45.77000045776367,45.77,2026-09-28,False,45.040000915527344,46.52000045776367,-4.73,18.98,ALTO,19130474496.0,13.65,10.07,2.62,22.41,11.77,37.81,32.03,6.89,8.65,0.11,2.94,7.0,YAHOO,0.1119,-0.2614,0.3608,0.05513,2.2866,-3.8415,106.6,2026-11-16,48,,,yahoo,1.0,1.0,1.0,1.0,1.0,1.0,0.0,1.0,0.0,-6.1128,-5.9005,7.9418,2.819,48.4293,52.5015,52.9,54.89,68.0597,-13.4783,-16.615,-32.7502
HMY,17.739999771118164,17.74,2026-09-28,False,17.600000381469727,18.079999923706055,-6.48,-0.98,ALTO,11257497600.0,6.38,5.49,2.45,48.05,25.06,47.17,29.57,87.5,0.27,0.13,0.84,,YAHOO,0.1119,-0.2614,0.3608,0.05513,2.2866,-3.8415,106.6,,999,2026-08-27,33.0,yahoo,,,,,,,,,,-6.6316,-9.6281,14.2305,16.8643,64.6897,61.5917,20.8,23.54,25.5485,-14.7115,-24.6389,-30.5634
B,41.09000015258789,41.09,2026-09-28,False,40.599998474121094,41.720001220703125,-4.17,26.52,ALTO,67876274176.0,10.63,9.42,2.49,27.01,13.44,51.34,31.6,7.5,5.9,0.13,3.01,9.0,YAHOO,0.1119,-0.2614,0.3608,0.05513,2.2866,-3.8415,106.6,2026-11-09,41,,,yahoo,1.0,1.0,1.0,1.0,1.0,1.0,1.0,1.0,1.0,-3.7479,-3.1581,13.4437,11.6927,40.0241,44.74,45.76,48.6827,52.117,-10.2054,-15.5962,-21.1581
VALE,13.59000015258789,13.59,2026-09-28,False,13.34000015258789,13.680000305175781,-0.15,36.85,ALTO,56601645056.0,26.6,6.84,1.52,4.11,7.92,21.95,4.75,23.51,1.83,0.55,1.19,4.0,YAHOO,0.1119,-0.2614,0.3608,0.05513,2.2866,-3.8415,106.6,2026-10-29,30,,,yahoo,1.0,0.0,1.0,1.0,0.0,1.0,0.0,0.0,0.0,-3.9576,-6.9815,-4.5889,-7.0011,22.3449,30.8853,15.73,15.73,17.3257,-13.6046,-13.6046,-21.5616
LAC,2.680000066757202,2.68,2026-09-28,False,2.6600000858306885,2.7300000190734863,-2.55,-53.37,ALTO,954803008.0,,-18.04,0.67,-3.7,-1.66,0.0,0.0,-141.28,-28.24,0.6,5.47,1.0,YAHOO,0.1119,-0.2614,0.3608,0.05513,2.2866,-3.8415,106.6,2026-11-13,45,,,yahoo,0.0,0.0,0.0,1.0,0.0,0.0,0.0,0.0,0.0,-9.4595,-7.2664,-1.107,-28.9125,6.4644,54.7762,3.19,3.82,10.05,-15.9875,-29.8429,-73.3333
RIO,94.41000366210938,94.41,2026-09-28,False,92.83999633789062,94.79000091552734,-0.16,50.4,ALTO,153138003968.0,12.76,10.89,2.34,19.31,8.11,28.05,19.58,2.35,7.54,0.32,1.42,4.0,YAHOO,0.1119,-0.2614,0.3608,0.05513,2.2866,-3.8415,106.6,,999,2026-07-28,63.0,yahoo,1.0,0.0,1.0,1.0,0.0,0.0,0.0,1.0,0.0,-2.7102,-3.3081,3.0142,2.3259,17.0386,28.2342,103.83,106.81,109.6326,-9.0725,-11.6094,-13.8851
GFI,35.18000030517578,35.18,2026-09-28,False,34.79999923706055,35.95000076293945,-12.88,-10.71,ALTO,32767172608.0,7.49,7.29,7.3,58.68,28.52,55.0,38.65,12.74,9.29,0.29,1.87,9.0,YAHOO,0.1119,-0.2614,0.3608,0.05513,2.2866,-3.8415,106.6,,999,2026-08-25,35.0,yahoo,1.0,1.0,1.0,1.0,1.0,1.0,1.0,1.0,1.0,-16.2181,-18.4137,11.5963,7.9791,95.1499,58.5885,47.091,47.7852,58.4424,-25.2935,-26.3789,-39.804
GGB,4.78000020980835,4.78,2026-09-28,False,4.75,4.840000152587891,-1.44,57.28,ALTO,9102761984.0,21.09,8.06,0.87,4.18,5.03,12.75,3.22,29.09,1.9,0.28,2.87,5.0,YAHOO,0.1119,-0.2614,0.3608,0.05513,2.2866,-3.8415,106.6,2026-10-26,27,,,yahoo,1.0,0.0,1.0,1.0,0.0,0.0,1.0,0.0,1.0,-4.4,-2.2495,-0.6132,16.954,27.5166,36.719,5.15,5.15,5.15,-7.1845,-7.1845,-7.1845
FCX,71.95999908447266,71.96,2026-09-28,False,69.45999908447266,72.5,-0.48,95.88,ALTO,101655683072.0,34.7,17.03,5.06,14.75,7.58,33.4,11.39,2.12,12.56,0.32,2.07,6.0,YAHOO,0.1119,-0.2614,0.3608,0.05513,2.2866,-3.8415,106.6,2026-10-22,23,,,yahoo,1.0,1.0,1.0,1.0,1.0,0.0,1.0,0.0,0.0,-0.2772,3.7785,19.9533,17.0637,18.0128,46.8648,76.62,79.91,79.91,-6.082,-9.9487,-9.9487
HL,17.010000228881836,17.01,2026-09-28,False,16.950000762939453,17.6299991607666,-6.49,43.13,ALTO,11520828416.0,20.66,16.41,4.3,22.17,15.3,44.27,19.15,2.97,11.4,0.01,5.2,8.0,YAHOO,0.1119,-0.2614,0.3608,0.05513,2.2866,-3.8415,106.6,2026-11-05,37,,,yahoo,1.0,1.0,1.0,1.0,1.0,1.0,0.0,1.0,1.0,-7.3025,-9.6174,20.235,10.4757,53.102,66.8423,21.21,21.43,31.7903,-19.802,-20.6253,-46.4932
NEM,116.05000305175781,116.05,2026-09-28,False,114.62999725341797,117.29000091552734,-4.43,38.5,ALTO,123376828416.0,14.77,11.44,3.52,25.91,15.75,51.57,33.36,7.15,7.04,0.16,2.55,9.0,YAHOO,0.1119,-0.2614,0.3608,0.05513,2.2866,-3.8415,106.6,2026-10-22,23,,,yahoo,1.0,1.0,1.0,1.0,1.0,1.0,1.0,1.0,1.0,-5.6887,-5.7041,27.3173,23.0468,30.3097,45.0962,130.43,134.8593,134.8593,-11.0251,-13.9473,-13.9473
GOLD,42.849998474121094,42.85,2026-09-28,False,42.599998474121094,43.95000076293945,-2.5,66.77,ALTO,1250156032.0,14.2,11.5,1.43,10.8,2.82,0.45,0.32,32.72,9.18,0.96,1.15,6.0,YAHOO,0.1119,-0.2614,0.3608,0.05513,2.2866,-3.8415,106.6,2026-11-05,37,2026-09-02,27.0,yahoo,1.0,1.0,1.0,1.0,1.0,0.0,0.0,0.0,1.0,-2.169,-7.1145,9.4731,6.9166,29.2914,55.38,48.0916,48.0916,62.0025,-10.8992,-10.8992,-30.8899
MUX,18.1200008392334,18.12,2026-09-28,False,17.799999237060547,18.450000762939453,-4.73,8.7,ALTO,1074126720.0,14.27,4.51,1.52,13.54,-0.43,-5.92,32.46,-1.73,39.88,0.18,2.04,5.0,YAHOO,0.1119,-0.2614,0.3608,0.05513,2.2866,-3.8415,106.6,2026-11-04,36,,,yahoo,1.0,1.0,1.0,0.0,0.0,1.0,0.0,1.0,0.0,-4.0254,-2.5806,8.1791,1.0033,59.3444,56.9063,20.54,21.66,29.05,-11.7819,-16.3435,-37.6248
NXE,8.989999771118164,8.99,2026-09-28,False,8.930000305175781,9.125,-2.18,-0.28,ALTO,6054669824.0,,-58.73,4.52,-17.67,-3.39,0.0,0.0,-4.93,-52.57,0.34,1.46,2.0,YAHOO,0.1119,-0.2614,0.3608,0.05513,2.2866,-3.8415,106.6,2026-11-03,35,,,yahoo,0.0,0.0,0.0,1.0,0.0,1.0,0.0,0.0,0.0,-8.2653,-5.0686,0.6719,-7.3196,20.7741,49.8218,10.73,11.21,13.92,-16.2162,-19.8037,-35.4167
MP,46.45000076293945,46.45,2026-09-28,False,46.310001373291016,47.83100128173828,-4.87,-31.93,ALTO,8091154944.0,,51.98,4.13,-3.58,-1.52,-14.72,-14.56,-5.35,197.51,0.41,9.51,4.0,YAHOO,0.1119,-0.2614,0.3608,0.05513,2.2866,-3.8415,106.6,2026-11-05,37,,,yahoo,0.0,1.0,0.0,0.0,1.0,1.0,0.0,1.0,0.0,-7.1,-8.3465,21.916,-15.1443,42.9369,65.9757,55.37,60.17,98.65,-16.1098,-22.8021,-52.9143
JPM,336.5899963378906,336.59,2026-09-28,False,336.29998779296875,342.0,-1.89,8.6,ALTO,890439270400.0,14.36,13.37,2.52,17.79,1.36,50.39,34.92,,,,,3.0,YAHOO,0.1119,-0.2614,0.3608,0.05513,2.2866,-3.8415,106.6,2026-10-13,14,,,yahoo,1.0,0.0,0.0,0.0,1.0,0.0,1.0,0.0,0.0,-4.3887,-3.8671,-2.3556,2.6462,21.8916,19.111,362.06,365.18,365.18,-7.0347,-7.829,-7.829
AXP,306.3299865722656,306.33,2026-09-28,False,304.19000244140625,308.8800048828125,-0.83,-9.61,ALTO,206239612928.0,18.53,15.14,6.01,34.38,3.79,20.32,16.14,,,1.72,1.55,4.0,YAHOO,0.1119,-0.2614,0.3608,0.05513,2.2866,-3.8415,106.6,2026-10-23,24,,,yahoo,1.0,0.0,1.0,1.0,0.0,0.0,1.0,0.0,0.0,-2.3151,-6.544,-7.5928,-9.8895,18.9991,24.25,330.17,361.57,381.7816,-7.2205,-15.2778,-19.763
MA,568.260009765625,568.26,2026-09-28,False,563.5,569.5700073242188,0.11,0.58,ALTO,493701693440.0,31.0,24.48,88.11,241.2,24.06,61.11,46.34,3.44,22.82,4.4,1.06,9.0,YAHOO,0.1119,-0.2614,0.3608,0.05513,2.2866,-3.8415,106.6,2026-10-29,30,,,yahoo,1.0,1.0,1.0,1.0,1.0,1.0,1.0,1.0,1.0,0.1075,-1.0724,0.8769,11.6892,7.1197,19.8105,589.31,599.86,599.86,-3.572,-5.2679,-5.2679
V,367.739990234375,367.74,2026-09-28,False,366.05999755859375,370.5,0.1,8.91,ALTO,686886748160.0,31.09,24.39,19.39,61.19,19.11,66.13,50.78,2.97,21.97,0.68,0.98,6.0,YAHOO,0.1119,-0.2614,0.3608,0.05513,2.2866,-3.8415,106.6,2026-10-27,28,,,yahoo,1.0,0.0,1.0,1.0,1.0,0.0,1.0,0.0,1.0,-0.5974,-2.0092,-0.0832,7.8364,14.8554,18.8294,379.37,384.14,384.14,-3.0656,-4.2693,-4.2693
PYPL,54.279998779296875,54.28,2026-09-28,False,52.939998626708984,54.599998474121094,-1.38,-21.29,ALTO,46100787200.0,10.19,9.31,2.34,24.5,4.62,16.97,14.36,9.59,7.6,0.72,1.29,9.0,YAHOO,0.1119,-0.2614,0.3608,0.05513,2.2866,-3.8415,106.6,2026-10-27,28,,,yahoo,1.0,1.0,1.0,1.0,1.0,1.0,1.0,1.0,1.0,3.1547,0.4627,-6.7454,22.6094,43.1185,52.4659,56.68,62.1465,75.2904,-4.2343,-12.658,-27.9058
PAGS,8.899999618530273,8.9,2026-09-28,False,8.814000129699707,9.03499984741211,-1.66,-9.1,ALTO,2425684992.0,6.07,4.8,0.84,14.54,6.36,36.2,10.86,-76.53,0.3,0.12,1.55,7.0,YAHOO,0.1119,-0.2614,0.3608,0.05513,2.2866,-3.8415,106.6,2026-11-10,42,,,yahoo,1.0,0.0,1.0,1.0,1.0,0.0,1.0,1.0,1.0,-6.019,-7.6857,-3.9119,0.956,24.3457,34.5391,9.8352,9.8352,11.3776,-9.5083,-9.5083,-21.776
NU,12.229999542236328,12.23,2026-09-28,False,12.220000267028809,12.65999984741211,-10.01,-23.38,ALTO,59659010048.0,16.92,10.93,4.5,31.63,4.96,50.15,42.73,,,,,4.0,YAHOO,0.1119,-0.2614,0.3608,0.05513,2.2866,-3.8415,106.6,2026-11-12,44,,,yahoo,1.0,0.0,1.0,1.0,1.0,0.0,0.0,0.0,0.0,-13.0157,-15.1284,-12.8917,-6.8545,74.2613,44.9047,15.68,15.68,18.76,-22.0026,-22.0026,-34.8081
XP,20.229999542236328,20.23,2026-09-28,False,19.780000686645508,20.635000228881836,-1.37,8.71,ALTO,10285869056.0,10.39,8.69,2.23,22.56,1.36,31.18,28.54,,,6.42,1.49,7.0,YAHOO,0.1119,-0.2614,0.3608,0.05513,2.2866,-3.8415,106.6,2026-11-16,48,,,yahoo,1.0,1.0,1.0,1.0,1.0,0.0,1.0,1.0,0.0,-2.6468,3.2406,24.0343,24.0343,12.1287,41.4119,21.21,21.21,22.6565,-4.6205,-4.6205,-10.71
AIG,72.77999877929688,72.78,2026-09-28,False,72.62999725341797,74.25,-1.87,-4.33,ALTO,39358169088.0,13.74,8.57,0.97,7.22,1.76,19.41,11.09,18.71,4.67,0.22,0.61,5.0,YAHOO,0.1119,-0.2614,0.3608,0.05513,2.2866,-3.8415,106.6,2026-11-04,36,,,yahoo,1.0,1.0,1.0,1.0,0.0,0.0,1.0,0.0,0.0,-2.3612,-3.9689,-8.6507,-2.4732,15.808,18.0621,76.3542,80.5266,84.9512,-4.6811,-9.6199,-14.3273
BRK-B,503.0899963378906,503.09,2026-09-28,False,502.57000732421875,507.239990234375,-0.47,0.71,ALTO,1075385532416.0,12.64,22.64,0.0,12.12,6.01,32.56,22.3,6.69,-1.79,0.17,2.89,4.0,YAHOO,0.1119,-0.2614,0.3608,0.05513,2.2866,-3.8415,106.6,2026-11-07,39,,,yahoo,1.0,0.0,1.0,0.0,1.0,0.0,1.0,0.0,0.0,0.2151,-2.3031,-1.1922,1.4294,8.7615,14.2909,519.8,529.42,529.42,-3.2147,-4.9734,-4.9734
BBD,3.3499999046325684,3.35,2026-09-28,False,3.3399999141693115,3.4000000953674316,-1.76,4.39,ALTO,35579633664.0,8.0,6.18,1.02,13.76,1.07,34.52,26.07,,,,,4.0,YAHOO,0.1119,-0.2614,0.3608,0.05513,2.2866,-3.8415,106.6,2026-11-04,36,,,yahoo,1.0,1.0,0.0,0.0,1.0,0.0,1.0,0.0,0.0,-4.8295,-5.3672,-5.1487,-1.7982,27.3578,31.2128,3.6,3.7214,4.1061,-6.9444,-9.9802,-18.415
AEG,8.800000190734863,8.8,2026-09-28,False,8.800000190734863,8.90999984741211,-1.01,17.44,ALTO,13009118208.0,11.88,9.39,1.27,11.07,0.1,5.82,8.62,-33.17,,0.43,1.16,6.0,YAHOO,0.1119,-0.2614,0.3608,0.05513,2.2866,-3.8415,106.6,,999,2026-08-20,40.0,yahoo,1.0,1.0,1.0,0.0,1.0,0.0,1.0,0.0,1.0,-3.1903,-2.8698,0.2265,8.0099,23.5991,18.5541,9.2,9.2766,9.2766,-4.3478,-5.1372,-5.1372
SAN,14.220000267028809,14.22,2026-09-28,False,14.140000343322754,14.380000114440918,-1.39,39.84,ALTO,205703987200.0,14.05,9.91,1.61,13.11,0.78,43.44,33.46,,,,,4.0,YAHOO,0.1119,-0.2614,0.3608,0.05513,2.2866,-3.8415,106.6,2026-10-28,29,,,yahoo,1.0,1.0,0.0,0.0,1.0,0.0,1.0,0.0,0.0,-2.736,-3.5278,6.278,4.1758,23.1084,29.8425,15.05,15.05,15.05,-5.5149,-5.5149,-5.5149
GGAL,36.97999954223633,36.98,2026-09-28,False,36.72999954223633,38.529998779296875,-4.42,31.13,ALTO,6273166336.0,105.77,5.34,9.8,1.09,0.2,17.32,1.5,,,,,1.0,YAHOO,0.1119,-0.2614,0.3608,0.05513,2.2866,-3.8415,106.6,2026-11-24,56,,,yahoo,1.0,0.0,0.0,0.0,0.0,0.0,0.0,0.0,0.0,-11.3365,-13.8131,-24.5059,-27.1015,22.9818,42.5813,44.9542,53.5485,58.5541,-17.7386,-30.9411,-36.8447
MELI,1712.4100341796875,1712.41,2026-09-28,False,1685.550048828125,1727.3699951171875,-2.29,-31.6,ALTO,87446913024.0,46.87,30.86,11.16,27.5,4.31,6.72,5.3,0.4,24.39,1.69,1.12,5.0,YAHOO,0.1119,-0.2614,0.3608,0.05513,2.2866,-3.8415,106.6,2026-11-04,36,,,yahoo,1.0,0.0,1.0,1.0,1.0,0.0,1.0,0.0,0.0,-5.9358,-9.8845,-8.0985,1.7396,17.4017,34.4764,2006.58,2006.58,2501.3101,-14.6603,-14.6603,-31.5395
WFC,80.80999755859375,80.81,2026-09-28,False,80.58000183105469,82.88999938964844,-2.6,-2.51,ALTO,243371474944.0,11.7,10.12,1.48,12.57,1.08,37.39,27.23,,,,,3.0,YAHOO,0.1119,-0.2614,0.3608,0.05513,2.2866,-3.8415,106.6,2026-10-13,14,,,yahoo,1.0,0.0,0.0,0.0,1.0,0.0,1.0,0.0,0.0,-6.6212,-8.9054,-3.0953,-2.6776,26.1062,23.9481,90.29,90.29,94.8289,-10.4995,-10.4995,-14.7833
BNY,148.44000244140625,148.44,2026-09-28,False,147.8000030517578,149.8699951171875,-1.14,37.67,ALTO,99726532608.0,17.15,14.34,2.5,14.12,1.26,40.05,29.41,,,,,6.0,YAHOO,0.1119,-0.2614,0.3608,0.05513,2.2866,-3.8415,106.6,2026-10-15,16,,,yahoo,1.0,1.0,1.0,1.0,1.0,0.0,1.0,0.0,0.0,-3.5415,-5.848,-2.6623,3.6376,10.7158,22.0955,164.84,164.84,164.84,-9.949,-9.949,-9.949
BCS,24.610000610351562,24.61,2026-09-28,False,24.489999771118164,24.860000610351562,-0.81,22.02,ALTO,82054389760.0,9.64,7.34,0.95,10.09,0.47,42.95,27.87,,,,,6.0,YAHOO,0.1119,-0.2614,0.3608,0.05513,2.2866,-3.8415,106.6,2026-10-22,23,,,yahoo,1.0,1.0,1.0,1.0,0.0,0.0,1.0,0.0,1.0,-2.7273,-4.8337,-4.4667,-7.3477,29.4562,30.2332,27.0,28.2428,28.2428,-8.8518,-12.8627,-12.8627
HSBC,101.18000030517578,101.18,2026-09-28,False,100.62999725341797,101.8499984741211,0.23,50.14,ALTO,344595103744.0,14.39,10.63,8.0,13.1,0.78,58.77,37.8,,,,,5.0,YAHOO,0.1119,-0.2614,0.3608,0.05513,2.2866,-3.8415,106.6,2026-10-27,28,,,yahoo,1.0,0.0,1.0,1.0,1.0,0.0,1.0,0.0,0.0,-1.9669,-2.6554,-0.9078,6.9295,14.0975,20.9005,107.11,107.3417,107.3417,-5.5364,-5.7403,-5.7403
BHP,84.58000183105469,84.58,2026-09-28,False,82.93000030517578,84.94999694824219,-0.46,56.69,ALTO,215568072704.0,21.92,18.11,4.23,24.0,13.43,43.34,16.73,4.45,7.71,0.5,1.89,7.0,YAHOO,0.1119,-0.2614,0.3608,0.05513,2.2866,-3.8415,106.6,,999,2026-08-17,43.0,yahoo,1.0,0.0,1.0,1.0,1.0,1.0,0.0,1.0,1.0,-1.754,-0.1888,3.9896,5.7326,25.2017,34.1735,92.25,96.5823,96.5823,-8.3144,-12.427,-12.427
LYG,5.71999979019165,5.72,2026-09-28,False,5.710000038146973,5.789999961853027,-0.87,32.52,ALTO,81871749120.0,13.55,8.85,1.49,11.34,0.56,44.96,26.43,,,,,6.0,YAHOO,0.1119,-0.2614,0.3608,0.05513,2.2866,-3.8415,106.6,2026-10-29,30,,,yahoo,1.0,1.0,1.0,1.0,0.0,0.0,1.0,0.0,1.0,-2.8862,-3.0509,-1.2343,0.8269,30.2815,26.5354,6.1,6.21,6.21,-6.2295,-7.8905,-7.8905
ING,36.380001068115234,36.38,2026-09-28,False,36.209999084472656,36.68000030517578,-0.47,45.97,ALTO,102697164800.0,13.72,11.27,1.8,17.12,0.8,49.1,34.49,,,,,2.0,YAHOO,0.1119,-0.2614,0.3608,0.05513,2.2866,-3.8415,106.6,2026-10-29,30,,,yahoo,1.0,0.0,0.0,0.0,0.0,0.0,1.0,0.0,0.0,-1.4359,-1.5693,13.3592,18.1945,17.845,25.2267,37.27,37.27,37.27,-2.388,-2.388,-2.388
IBN,27.299999237060547,27.3,2026-09-28,False,27.06999969482422,27.510000228881836,-2.22,-9.24,ALTO,97805836288.0,16.93,14.64,2.47,16.07,2.11,38.51,27.53,,,,,4.0,YAHOO,0.1119,-0.2614,0.3608,0.05513,2.2866,-3.8415,106.6,2026-10-17,18,,,yahoo,1.0,0.0,1.0,1.0,1.0,0.0,0.0,0.0,0.0,-3.6017,-6.6986,-7.4981,-6.2379,16.9616,19.0386,30.58,30.58,32.6665,-10.726,-10.726,-16.4282
MUFG,23.3700008392334,23.37,2026-09-28,False,23.329999923706055,23.59000015258789,-0.47,46.92,ALTO,260345839616.0,15.42,22.46,1.8,9.46,0.51,45.6,27.45,,,,,1.0,YAHOO,0.1119,-0.2614,0.3608,0.05513,2.2866,-3.8415,106.6,2026-11-12,44,,,yahoo,1.0,0.0,0.0,0.0,0.0,0.0,0.0,0.0,0.0,-0.2135,-2.1766,6.5178,16.967,39.5502,29.6409,24.13,24.13,24.13,-3.1496,-3.1496,-3.1496
GS,916.280029296875,916.28,2026-09-28,False,914.5,932.0,-2.05,16.13,ALTO,266782867456.0,14.14,12.48,2.53,16.9,1.07,42.18,31.04,,,7.25,1.56,4.0,YAHOO,0.1119,-0.2614,0.3608,0.05513,2.2866,-3.8415,106.6,2026-10-13,14,,,yahoo,1.0,1.0,0.0,0.0,0.0,0.0,1.0,0.0,1.0,-4.4935,-7.3013,-6.116,-9.7472,23.7466,36.2809,1038.61,1146.4551,1146.4551,-11.7782,-20.0771,-20.0771
BX,114.55999755859375,114.56,2026-09-28,False,113.87999725341797,117.3499984741211,-3.26,-32.38,ALTO,136263950336.0,25.62,15.23,10.12,31.37,14.33,54.36,22.73,,,0.68,0.87,5.0,YAHOO,0.1119,-0.2614,0.3608,0.05513,2.2866,-3.8415,106.6,2026-10-22,23,,,yahoo,1.0,0.0,1.0,1.0,1.0,0.0,0.0,0.0,1.0,-9.3743,-10.7023,-10.5652,0.7387,34.4935,36.222,143.24,149.32,169.2734,-20.0223,-23.2789,-32.3225
ITUB,7.989999771118164,7.99,2026-09-28,False,7.949999809265137,8.079999923706055,-1.48,21.32,ALTO,89166946304.0,9.99,8.19,2.1,21.48,1.58,39.07,32.58,,,,,4.0,YAHOO,0.1119,-0.2614,0.3608,0.05513,2.2866,-3.8415,106.6,2026-11-03,35,,,yahoo,1.0,1.0,1.0,0.0,0.0,0.0,1.0,0.0,0.0,-5.4438,-2.9162,-1.8902,-2.6898,21.6952,30.6824,8.45,8.6136,9.3754,-5.4438,-7.2396,-14.7772
BAC,55.470001220703125,55.47,2026-09-28,False,55.369998931884766,56.66999816894531,-2.17,8.01,ALTO,384321454080.0,12.69,10.41,1.4,11.2,0.97,38.3,29.52,,,,,5.0,YAHOO,0.1119,-0.2614,0.3608,0.05513,2.2866,-3.8415,106.6,2026-10-14,15,,,yahoo,1.0,1.0,1.0,0.0,0.0,0.0,1.0,0.0,1.0,-4.2961,-6.7261,-8.7064,-3.6748,22.1835,21.2857,62.72,64.481,64.481,-11.5593,-13.9747,-13.9747
RACE,398.0,398.0,2026-09-28,False,394.6099853515625,407.5150146484375,-3.24,-16.54,ALTO,70549118976.0,38.04,32.13,16.68,45.44,13.61,31.06,22.25,1.42,29.33,0.86,2.43,9.0,YAHOO,0.1119,-0.2614,0.3608,0.05513,2.2866,-3.8415,106.6,2026-11-03,35,,,yahoo,1.0,1.0,1.0,1.0,1.0,1.0,1.0,1.0,1.0,-4.3568,-2.7085,3.1917,8.0523,24.4976,27.1384,422.6,436.54,498.3386,-5.8211,-8.8285,-20.1346
C,131.30999755859375,131.31,2026-09-28,False,131.05999755859375,133.9600067138672,-2.21,29.92,ALTO,219408744448.0,14.09,10.13,1.14,8.53,0.66,36.23,21.83,,,,,3.0,YAHOO,0.1119,-0.2614,0.3608,0.05513,2.2866,-3.8415,106.6,2026-10-13,14,,,yahoo,1.0,0.0,0.0,0.0,1.0,0.0,1.0,0.0,0.0,-2.7693,-3.5761,3.8131,-7.3776,25.3025,27.793,138.82,143.1323,144.9331,-5.4099,-8.2597,-9.3996
SCHW,98.30000305175781,98.3,2026-09-28,False,97.75,99.01000213623047,-0.74,2.69,ALTO,171377164288.0,18.05,12.66,3.9,20.27,2.07,52.28,38.79,,,1.51,0.66,7.0,YAHOO,0.1119,-0.2614,0.3608,0.05513,2.2866,-3.8415,106.6,2026-10-15,16,,,yahoo,1.0,1.0,1.0,1.0,1.0,0.0,1.0,0.0,1.0,-8.0277,-8.3962,-5.6316,8.8754,5.9208,22.7822,110.38,113.65,113.65,-10.944,-13.5064,-13.5064
PG,149.02999877929688,149.03,2026-09-28,False,145.11000061035156,149.47999572753906,1.91,-0.14,ALTO,344498798592.0,22.4,20.04,6.46,30.29,10.72,22.08,18.44,3.86,14.98,0.64,0.68,6.0,YAHOO,0.1119,-0.2614,0.3608,0.05513,2.2866,-3.8415,106.6,2026-10-22,23,,,yahoo,1.0,0.0,1.0,1.0,1.0,0.0,1.0,0.0,1.0,2.0194,1.9845,2.0055,1.1401,21.2717,17.5965,149.03,151.6182,164.7207,0.0,-1.707,-9.5257
KO,87.18000030517578,87.18,2026-09-28,False,86.88999938964844,87.69999694824219,-0.72,35.46,ALTO,373633351680.0,26.08,24.63,10.34,42.05,9.4,34.87,28.56,1.4,23.75,1.16,1.3,7.0,YAHOO,0.1119,-0.2614,0.3608,0.05513,2.2866,-3.8415,106.6,2026-10-27,28,,,yahoo,1.0,1.0,1.0,0.0,1.0,1.0,1.0,1.0,0.0,0.0689,-1.8464,-1.5489,6.1104,5.1013,20.4628,88.82,91.4443,91.4443,-1.8464,-4.6633,-4.6633
PEP,128.5,128.5,2026-09-28,False,126.72000122070312,128.75,-0.1,-4.67,ALTO,175790538752.0,16.87,14.4,7.96,51.51,8.93,16.84,10.79,4.46,11.56,2.39,0.93,5.0,YAHOO,0.1119,-0.2614,0.3608,0.05513,2.2866,-3.8415,106.6,2026-10-08,9,,,yahoo,1.0,0.0,1.0,1.0,0.0,1.0,1.0,0.0,0.0,-0.8411,-5.7503,-9.4963,-6.3508,13.3395,19.5826,139.0347,143.4476,165.4534,-7.577,-10.4202,-22.3346
MO,69.12999725341797,69.13,2026-09-28,False,68.68000030517578,69.5999984741211,0.45,12.33,ALTO,114744803328.0,14.56,11.72,-43.0,,29.54,76.36,39.0,7.87,8.69,,0.52,6.0,YAHOO,0.1119,-0.2614,0.3608,0.05513,2.2866,-3.8415,106.6,2026-10-29,30,,,yahoo,1.0,0.0,1.0,1.0,0.0,1.0,1.0,1.0,0.0,0.8755,-0.5324,-6.2546,-5.1532,4.9991,29.838,70.1,73.7422,73.7422,-1.3837,-6.2546,-6.2546
WMT,108.7300033569336,108.73,2026-09-28,False,107.2699966430664,109.41999816894531,0.69,6.31,ALTO,849922883584.0,38.7,33.07,8.63,22.31,6.41,3.45,3.0,0.84,20.82,0.72,0.77,7.0,YAHOO,0.1119,-0.2614,0.3608,0.05513,2.2866,-3.8415,106.6,2026-11-19,51,,,yahoo,1.0,1.0,1.0,1.0,1.0,0.0,1.0,1.0,0.0,1.2007,-0.3209,-4.5786,-4.895,25.0144,27.5091,110.53,115.7329,133.8795,-1.6285,-6.0509,-18.7852
TGT,158.42999267578125,158.43,2026-09-28,False,156.2100067138672,160.8000030517578,0.62,85.51,ALTO,71065632768.0,16.24,16.38,3.98,26.41,5.69,6.04,4.08,4.83,9.87,1.08,0.99,6.0,YAHOO,0.1119,-0.2614,0.3608,0.05513,2.2866,-3.8415,106.6,2026-11-18,50,,,yahoo,1.0,0.0,1.0,1.0,1.0,1.0,1.0,0.0,0.0,0.4565,-0.1701,9.4215,19.21,18.4834,28.6763,164.44,169.89,169.89,-3.6548,-6.7455,-6.7455
MCD,233.60000610351562,233.6,2026-09-28,False,233.22999572753906,237.47999572753906,-1.23,-20.98,ALTO,165573967872.0,18.98,16.88,-161.81,,13.25,46.48,31.72,3.78,14.69,,1.08,6.0,YAHOO,0.1119,-0.2614,0.3608,0.05513,2.2866,-3.8415,106.6,2026-11-05,37,,,yahoo,1.0,0.0,1.0,1.0,1.0,0.0,1.0,1.0,0.0,-5.7609,-9.278,-13.3543,-11.9468,33.5403,21.1972,261.68,280.2182,334.5029,-10.7307,-16.6364,-30.165
SBUX,95.2699966430664,95.27,2026-09-28,False,93.77999877929688,96.19999694824219,0.43,14.02,ALTO,108790202368.0,55.16,30.56,-14.17,,8.02,12.92,5.17,2.82,22.62,,0.76,5.0,YAHOO,0.1119,-0.2614,0.3608,0.05513,2.2866,-3.8415,106.6,2026-10-28,29,,,yahoo,1.0,0.0,1.0,1.0,1.0,0.0,0.0,0.0,1.0,0.3899,-3.8357,-7.9919,-7.9211,16.2892,20.9517,106.72,108.49,108.49,-10.729,-12.1855,-12.1855
NKE,36.38999938964844,36.39,2026-09-28,False,35.40999984741211,36.66999816894531,1.79,-46.01,ALTO,53168594944.0,17.07,16.62,3.58,22.14,6.97,12.69,6.7,3.55,11.2,0.74,1.96,4.0,YAHOO,0.1119,-0.2614,0.3608,0.05513,2.2866,-3.8415,106.6,2026-10-01,2,,,yahoo,1.0,0.0,1.0,0.0,1.0,0.0,0.0,1.0,0.0,0.8033,-1.7814,-14.9097,-11.3403,17.2172,28.9487,38.77,44.1022,72.1898,-6.1388,-17.487,-49.5912
MDLZ,60.18000030517578,60.18,2026-09-28,False,59.75,60.68000030517578,-0.12,-0.63,ALTO,75710595072.0,21.73,17.64,2.85,13.34,4.12,21.98,8.86,2.97,15.81,0.83,0.6,5.0,YAHOO,0.1119,-0.2614,0.3608,0.05513,2.2866,-3.8415,106.6,2026-10-27,28,,,yahoo,1.0,0.0,1.0,1.0,0.0,0.0,1.0,0.0,1.0,0.0166,-3.5422,-7.4011,0.8885,11.9994,23.4653,62.47,64.99,64.99,-3.6658,-7.4011,-7.4011
HSY,164.41000366210938,164.41,2026-09-28,False,164.30999755859375,166.77000427246094,-1.18,-8.07,ALTO,32431411200.0,22.05,16.37,7.11,32.81,9.92,23.12,12.24,5.38,13.8,1.3,1.18,4.0,YAHOO,0.1119,-0.2614,0.3608,0.05513,2.2866,-3.8415,106.6,2026-11-05,37,,,yahoo,1.0,0.0,1.0,1.0,0.0,1.0,0.0,0.0,0.0,-2.0786,-5.3374,-9.9001,-8.744,8.6166,21.7296,177.43,189.94,232.6481,-7.3381,-13.4411,-29.331
ANF,134.17999267578125,134.18,2026-09-28,False,133.60000610351562,137.1300048828125,-1.13,58.23,ALTO,5668808192.0,11.54,10.4,4.19,40.61,13.63,19.94,10.04,7.69,6.91,0.94,1.41,5.0,YAHOO,0.1119,-0.2614,0.3608,0.05513,2.2866,-3.8415,106.6,2026-11-25,57,,,yahoo,1.0,0.0,1.0,1.0,0.0,1.0,1.0,0.0,0.0,-1.8865,-4.5797,30.9201,50.1063,32.6797,88.1759,152.08,152.08,152.08,-11.7701,-11.7701,-11.7701
EBAY,107.31999969482422,107.32,2026-09-28,False,105.72000122070312,108.7300033569336,-0.54,19.15,ALTO,46818451456.0,22.06,15.67,10.04,46.61,9.15,21.57,18.57,3.37,16.36,1.53,1.02,5.0,YAHOO,0.1119,-0.2614,0.3608,0.05513,2.2866,-3.8415,106.6,2026-11-04,36,,,yahoo,1.0,1.0,1.0,0.0,0.0,0.0,1.0,0.0,1.0,-0.9049,-1.5322,-6.6381,-2.8463,8.4304,31.888,112.9,117.084,118.2715,-4.9424,-8.3393,-9.2596
ABEV,2.869999885559082,2.87,2026-09-28,False,2.859999895095825,2.9100000858306885,-1.37,26.21,ALTO,44399484928.0,14.4,13.54,2.6,18.4,10.3,23.74,18.41,44.73,1.11,0.03,1.02,8.0,YAHOO,0.1119,-0.2614,0.3608,0.05513,2.2866,-3.8415,106.6,2026-10-29,30,,,yahoo,1.0,1.0,1.0,1.0,1.0,0.0,1.0,1.0,1.0,-3.2412,-4.8379,-6.9867,-9.3267,14.9793,19.7594,3.0259,3.1254,3.4043,-5.1509,-8.1716,-15.6954
UL,62.529998779296875,62.53,2026-09-28,False,61.75,62.54999923706055,-0.02,-2.95,ALTO,131872088064.0,21.12,15.84,7.16,31.87,8.29,20.34,18.32,5.11,14.72,1.75,0.74,7.0,YAHOO,0.1119,-0.2614,0.3608,0.05513,2.2866,-3.8415,106.6,2026-10-28,29,2026-07-28,63.0,finnhub,1.0,1.0,1.0,0.0,0.0,1.0,1.0,1.0,1.0,0.5791,-1.636,-4.4607,3.0326,11.7247,26.7368,64.85,66.3122,72.7099,-3.5775,-5.7037,-14.0007
URBN,75.44000244140625,75.44,2026-09-28,False,74.22000122070312,76.66000366210938,0.12,4.36,ALTO,6479336448.0,11.84,10.91,2.48,20.94,8.02,11.62,8.79,1.5,8.99,0.43,1.58,8.0,YAHOO,0.1119,-0.2614,0.3608,0.05513,2.2866,-3.8415,106.6,2026-11-25,57,,,yahoo,1.0,1.0,1.0,1.0,0.0,1.0,1.0,1.0,1.0,1.6575,-2.0387,0.0531,5.5696,7.0419,40.2173,80.97,82.95,82.95,-6.8297,-9.0536,-9.0536
CL,86.5199966430664,86.52,2026-09-28,False,85.30000305175781,86.61000061035156,0.53,10.24,ALTO,68923555840.0,34.04,21.09,292.09,267.37,15.84,20.97,9.68,5.02,15.18,13.88,1.03,5.0,YAHOO,0.1119,-0.2614,0.3608,0.05513,2.2866,-3.8415,106.6,2026-10-30,31,,,yahoo,1.0,0.0,1.0,1.0,1.0,0.0,1.0,0.0,0.0,0.3014,-1.5588,-7.4553,-5.8268,16.16,19.7866,90.1,94.4883,97.966,-3.9734,-8.4331,-11.6837
COST,922.9199829101562,922.92,2026-09-28,False,913.0,931.0900268554688,0.02,1.19,ALTO,409839304704.0,44.52,36.98,11.45,28.4,8.79,3.97,3.04,1.74,27.66,0.24,1.06,6.0,YAHOO,0.1119,-0.2614,0.3608,0.05513,2.2866,-3.8415,106.6,2026-12-10,72,2026-09-24,5.0,yahoo,1.0,0.0,1.0,1.0,1.0,1.0,0.0,1.0,0.0,2.7201,0.4364,-5.2473,-2.3548,25.9952,20.007,943.89,974.03,1092.5829,-2.2217,-5.2473,-15.5286
KMB,98.7699966430664,98.77,2026-09-28,False,97.33999633789062,99.01000213623047,0.35,-15.41,ALTO,32921999360.0,19.56,13.23,18.81,104.91,10.2,19.0,11.79,2.86,11.1,3.49,0.91,4.0,YAHOO,0.1119,-0.2614,0.3608,0.05513,2.2866,-3.8415,106.6,2026-11-03,35,,,yahoo,1.0,0.0,1.0,1.0,1.0,0.0,0.0,0.0,0.0,1.0538,-0.3229,-11.7082,-9.0572,16.9057,24.9612,107.9941,113.3795,118.2847,-8.5413,-12.8855,-16.498
ORLY,86.51000213623047,86.51,2026-09-28,False,85.5999984741211,87.0199966430664,0.45,-19.62,ALTO,69627256832.0,27.32,23.58,-38.27,,13.67,20.15,14.27,2.26,18.93,,0.75,7.0,YAHOO,0.1119,-0.2614,0.3608,0.05513,2.2866,-3.8415,106.6,2026-10-28,29,,,yahoo,1.0,0.0,1.0,1.0,1.0,1.0,1.0,1.0,0.0,4.3798,-0.814,-4.546,-4.0484,4.3829,27.5339,88.8,93.53,107.81,-2.5788,-7.5056,-19.757
PM,193.75999450683594,193.76,2026-09-28,False,189.69000244140625,194.02000427246094,1.72,23.12,ALTO,302215135232.0,26.6,21.1,-35.21,,14.59,40.0,25.56,3.21,19.28,,0.98,7.0,YAHOO,0.1119,-0.2614,0.3608,0.05513,2.2866,-3.8415,106.6,2026-10-21,22,,,yahoo,1.0,1.0,1.0,1.0,1.0,1.0,0.0,1.0,0.0,3.3497,-0.5645,-2.3584,5.955,14.8075,26.4838,194.86,200.17,200.17,-0.5645,-3.2023,-3.2023
ETSY,68.91999816894531,68.92,2026-09-28,False,66.20999908447266,69.54900360107422,0.7,-7.35,ALTO,6358639104.0,21.92,10.05,-4.59,,10.53,18.74,7.11,2.67,17.66,,1.48,5.0,YAHOO,0.1119,-0.2614,0.3608,0.05513,2.2866,-3.8415,106.6,2026-11-04,36,,,yahoo,1.0,0.0,1.0,1.0,1.0,0.0,1.0,0.0,0.0,-6.2058,-7.4402,-19.4672,-13.4823,48.6215,43.2269,82.03,87.03,87.03,-15.982,-20.8089,-20.8089
TM,188.3000030517578,188.3,2026-09-28,False,187.8800048828125,189.77000427246094,-1.07,-4.2,ALTO,221098901504.0,8.37,11.83,15.18,12.4,2.34,7.86,8.63,-1628.21,6.26,1.15,1.17,3.0,YAHOO,0.1119,-0.2614,0.3608,0.05513,2.2866,-3.8415,106.6,2026-11-05,37,,,yahoo,1.0,0.0,1.0,1.0,0.0,0.0,0.0,0.0,0.0,-2.1818,-4.6872,-2.3543,9.8856,26.5879,21.9791,199.87,199.87,248.29,-5.7888,-5.7888,-24.1613
HMC,32.4900016784668,32.49,2026-09-28,False,32.43000030517578,32.77000045776367,-1.34,2.17,ALTO,41642299392.0,,,0.53,-0.76,-0.15,8.76,-0.75,642.99,7.16,1.14,1.29,3.0,YAHOO,0.1119,-0.2614,0.3608,0.05513,2.2866,-3.8415,106.6,2026-11-05,37,,,yahoo,0.0,0.0,1.0,1.0,0.0,0.0,1.0,0.0,0.0,-0.123,0.0,5.8996,19.0982,25.536,28.0721,33.04,33.37,33.37,-1.6646,-2.6371,-2.6371
NSANY,3.819999933242798,3.82,2026-09-29,False,3.799999952316284,3.8499999046325684,-1.29,-21.94,ALTO,6678090240.0,,4.44,0.21,-7.65,0.69,2.63,-3.37,-20358.87,15.32,1.72,1.54,4.0,YAHOO,0.1119,-0.2614,0.3608,0.05513,2.2866,-3.8415,106.6,2026-11-05,37,,,yahoo,0.0,1.0,1.0,1.0,0.0,1.0,0.0,0.0,0.0,-5.2109,-6.6015,-15.2993,2.6882,25.1664,34.0713,4.18,4.51,6.05,-8.6124,-15.2993,-36.8595
GM,80.63999938964844,80.64,2026-09-28,False,80.43000030517578,82.69000244140625,-2.41,33.02,ALTO,72781217792.0,35.92,5.35,1.14,3.16,2.25,3.2,1.05,30.14,10.71,2.02,1.14,5.0,YAHOO,0.1119,-0.2614,0.3608,0.05513,2.2866,-3.8415,106.6,2026-10-20,21,,,yahoo,1.0,0.0,1.0,1.0,0.0,1.0,1.0,0.0,0.0,-3.9428,-7.4805,-9.6121,4.4825,45.248,32.9206,87.76,90.1136,90.1136,-8.113,-10.513,-10.513
ARCO,7.139999866485596,7.14,2026-09-28,False,7.099999904632568,7.25,-1.38,8.01,ALTO,1499920896.0,5.79,8.28,1.8,36.36,6.91,5.56,5.16,8.59,5.6,2.64,0.88,6.0,YAHOO,0.1119,-0.2614,0.3608,0.05513,2.2866,-3.8415,106.6,2026-11-18,50,,,yahoo,1.0,1.0,1.0,1.0,0.0,1.0,1.0,0.0,0.0,-5.0532,-9.2318,-12.959,-11.2439,20.6836,22.6197,8.1733,8.3913,9.3346,-12.6425,-14.9115,-23.5106
HD,289.8900146484375,289.89,2026-09-28,False,289.30999755859375,293.9100036621094,-1.13,-26.78,ALTO,287374508032.0,20.17,17.97,17.3,104.3,12.14,12.86,8.41,3.75,14.14,3.8,1.08,4.0,YAHOO,0.1119,-0.2614,0.3608,0.05513,2.2866,-3.8415,106.6,2026-11-17,49,,,yahoo,1.0,0.0,1.0,1.0,1.0,0.0,0.0,0.0,0.0,-2.4596,-6.7488,-13.6707,-16.7566,20.7591,24.6087,325.4318,353.0185,398.7966,-10.9214,-17.8825,-27.3088
DIS,105.58999633789062,105.59,2026-09-28,False,104.76000213623047,106.58000183105469,-0.53,-6.73,ALTO,182010068992.0,21.78,14.09,1.66,8.01,4.81,19.3,8.7,2.67,10.96,0.39,0.71,8.0,YAHOO,0.1119,-0.2614,0.3608,0.05513,2.2866,-3.8415,106.6,2026-11-12,44,,,yahoo,1.0,1.0,1.0,1.0,1.0,0.0,1.0,1.0,1.0,1.3048,-2.7627,7.2197,7.877,18.5493,25.6058,108.59,111.25,114.9988,-2.7627,-5.0876,-8.1817
JNJ,271.95001220703125,271.95,2026-09-28,False,269.2699890136719,273.7799987792969,0.27,53.05,ALTO,644816568320.0,31.55,22.04,7.58,25.74,8.6,29.19,21.48,2.62,19.3,0.58,1.09,3.0,YAHOO,0.1119,-0.2614,0.3608,0.05513,2.2866,-3.8415,106.6,2026-10-13,14,,,yahoo,1.0,1.0,1.0,0.0,0.0,0.0,0.0,0.0,0.0,0.9203,2.114,2.9229,5.7179,3.7316,20.8034,278.43,278.43,278.43,-2.3273,-2.3273,-2.3273
LLY,1184.780029296875,1184.78,2026-09-28,False,1172.56005859375,1194.0899658203125,0.11,64.05,ALTO,1056383565824.0,39.83,25.02,31.17,102.29,20.36,54.22,33.53,1.05,26.42,1.62,1.35,7.0,YAHOO,0.1119,-0.2614,0.3608,0.05513,2.2866,-3.8415,106.6,2026-10-29,30,,,yahoo,1.0,1.0,1.0,0.0,0.0,1.0,1.0,1.0,1.0,1.7075,4.0851,-1.9456,-3.5329,28.2461,30.164,1184.78,1280.34,1280.34,0.0,-7.4636,-7.4636
NVO,38.709999084472656,38.71,2026-09-28,False,38.22999954223633,38.900001525878906,-0.23,-26.83,ALTO,169160884224.0,9.6,11.42,5.04,59.81,18.73,42.54,35.35,22.27,1.52,0.63,0.87,4.0,YAHOO,0.1119,-0.2614,0.3608,0.05513,2.2866,-3.8415,106.6,2026-11-04,36,,,yahoo,1.0,0.0,1.0,1.0,0.0,1.0,0.0,0.0,0.0,-2.7387,-10.9091,-23.9925,-18.8981,29.9475,38.9501,47.51,50.9588,60.9379,-18.5224,-24.0367,-36.4763
AMGN,418.1300048828125,418.13,2026-09-28,False,410.9599914550781,419.0199890136719,0.85,56.79,ALTO,229033345024.0,26.31,17.33,19.59,91.47,8.67,35.55,22.95,3.77,15.77,4.9,1.37,7.0,YAHOO,0.1119,-0.2614,0.3608,0.05513,2.2866,-3.8415,106.6,2026-11-03,35,,,yahoo,1.0,1.0,1.0,1.0,1.0,0.0,0.0,1.0,1.0,6.3511,9.6016,8.4959,16.6478,21.0245,33.8497,444.12,444.12,444.12,-5.852,-5.852,-5.852
UNH,377.8299865722656,377.83,2026-09-28,False,374.55999755859375,380.9800109863281,0.33,12.31,ALTO,336544202752.0,24.27,16.58,3.45,14.15,4.87,7.13,3.14,7.21,14.46,0.69,0.78,6.0,YAHOO,0.1119,-0.2614,0.3608,0.05513,2.2866,-3.8415,106.6,2026-10-13,14,,,yahoo,1.0,0.0,1.0,1.0,1.0,0.0,1.0,0.0,1.0,0.0715,-1.4913,-9.6092,-9.4477,9.4385,21.783,398.4863,433.6796,433.6796,-5.1837,-12.8781,-12.8781
PFE,28.719999313354492,28.72,2026-09-28,False,28.389999389648438,28.8700008392334,0.17,28.8,ALTO,163694624768.0,37.79,9.91,1.92,5.01,5.78,27.88,6.8,7.63,8.5,0.74,1.27,5.0,YAHOO,0.1119,-0.2614,0.3608,0.05513,2.2866,-3.8415,106.6,2026-11-03,35,,,yahoo,1.0,0.0,1.0,1.0,0.0,0.0,0.0,1.0,1.0,3.5328,3.6075,14.1948,19.9115,5.6059,18.4414,29.02,29.02,29.02,-1.0338,-1.0338,-1.0338
ABT,100.9800033569336,100.98,2026-09-28,False,100.26000213623047,101.76000213623047,-0.31,-22.44,ALTO,174682193920.0,32.67,16.64,3.42,10.58,5.33,14.71,11.65,4.13,17.33,0.63,1.38,5.0,YAHOO,0.1119,-0.2614,0.3608,0.05513,2.2866,-3.8415,106.6,2026-10-14,15,,,yahoo,1.0,0.0,1.0,1.0,1.0,0.0,0.0,1.0,0.0,-1.9421,-2.0467,-6.5,9.6971,18.1707,31.1693,110.47,116.67,131.5494,-8.5906,-13.4482,-23.238
CVS,87.8499984741211,87.85,2026-09-28,False,87.83000183105469,90.0199966430664,-1.44,19.88,ALTO,111398313984.0,22.98,10.21,1.4,6.21,2.97,3.86,1.18,7.25,10.43,0.96,0.87,6.0,YAHOO,0.1119,-0.2614,0.3608,0.05513,2.2866,-3.8415,106.6,2026-10-28,29,,,yahoo,1.0,0.0,1.0,1.0,1.0,1.0,0.0,0.0,1.0,0.2854,-8.0586,-17.06,-14.6613,48.2761,27.4364,97.6,109.9195,109.9195,-9.9898,-20.0779,-20.0779
ABBV,266.2799987792969,266.28,2026-09-28,False,263.3800048828125,267.739990234375,0.73,22.96,ALTO,465264345088.0,74.17,16.19,-78.38,,10.51,40.03,9.8,3.63,17.22,,0.81,7.0,YAHOO,0.1119,-0.2614,0.3608,0.05513,2.2866,-3.8415,106.6,2026-10-29,30,,,yahoo,1.0,0.0,1.0,1.0,1.0,1.0,0.0,1.0,1.0,0.6806,1.7229,1.1318,5.4521,7.0198,21.6229,266.28,266.28,266.28,0.0,0.0,0.0
TMO,678.5999755859375,678.6,2026-09-28,False,664.22998046875,682.6099853515625,0.53,47.33,ALTO,251283947520.0,36.56,24.67,4.77,13.51,5.13,18.75,15.04,2.48,24.7,0.81,1.55,5.0,YAHOO,0.1119,-0.2614,0.3608,0.05513,2.2866,-3.8415,106.6,2026-10-21,22,,,yahoo,1.0,0.0,1.0,1.0,0.0,1.0,1.0,0.0,0.0,3.0117,10.6744,17.8087,34.1022,16.3157,28.6686,678.6,678.6,678.6,0.0,0.0,0.0
AZN,166.14999389648438,166.15,2026-09-28,False,165.38999938964844,167.52000427246094,-0.26,13.17,ALTO,254672617472.0,24.58,14.18,5.06,21.96,8.02,23.46,17.02,1.93,14.18,0.64,0.89,7.0,YAHOO,0.1119,-0.2614,0.3608,0.05513,2.2866,-3.8415,106.6,2026-10-30,31,,,yahoo,1.0,1.0,1.0,1.0,1.0,1.0,0.0,1.0,0.0,-1.16,1.4471,-4.1258,-12.9877,29.9761,30.9489,168.37,193.12,208.62,-1.3185,-13.9654,-20.3576
CAH,220.2899932861328,220.29,2026-09-28,False,218.89999389648438,221.97000122070312,0.03,43.94,ALTO,51848454144.0,30.51,15.93,-18.1,,3.72,1.33,0.67,9.17,13.52,,0.88,8.0,YAHOO,0.1119,-0.2614,0.3608,0.05513,2.2866,-3.8415,106.6,2026-11-05,37,,,yahoo,1.0,1.0,1.0,1.0,1.0,0.0,1.0,1.0,1.0,-2.4186,-6.2157,-3.8539,-6.5407,11.2342,22.5931,248.61,248.61,248.61,-11.3913,-11.3913,-11.3913
ISRG,414.7900085449219,414.79,2026-09-28,False,402.75,416.510009765625,2.37,-5.62,ALTO,147675037696.0,47.32,34.09,8.03,17.42,10.51,33.6,28.45,1.77,33.61,,4.96,7.0,YAHOO,0.1119,-0.2614,0.3608,0.05513,2.2866,-3.8415,106.6,2026-10-20,21,,,yahoo,1.0,1.0,1.0,1.0,0.0,1.0,1.0,0.0,1.0,3.2715,9.7502,17.471,2.1726,22.6929,47.4695,414.79,432.83,592.85,0.0,-4.1679,-30.0346
MRNA,197.27999877929688,197.28,2026-09-28,False,189.10000610351562,199.8249969482422,-0.8,678.78,ALTO,81228537856.0,,-45.53,12.01,-39.0,-13.26,-557.93,-141.43,0.37,-35.25,0.19,2.29,3.0,YAHOO,0.1119,-0.2614,0.3608,0.05513,2.2866,-3.8415,106.6,2026-11-05,37,,,yahoo,0.0,1.0,0.0,1.0,0.0,0.0,0.0,1.0,0.0,14.0742,34.4877,262.0481,183.0416,56.2836,377.4058,198.88,198.88,198.88,-0.8045,-0.8045,-0.8045
NVS,146.8800048828125,146.88,2026-09-28,False,145.72000122070312,147.02999877929688,0.98,21.9,ALTO,276953169920.0,22.18,14.81,6.67,30.35,10.25,34.62,22.5,4.3,13.8,1.17,0.86,8.0,YAHOO,0.1119,-0.2614,0.3608,0.05513,2.2866,-3.8415,106.6,2026-10-27,28,,,yahoo,1.0,1.0,1.0,1.0,0.0,1.0,1.0,1.0,1.0,4.185,5.6767,-7.5238,-6.7961,4.6428,37.7089,163.09,163.09,163.6393,-9.9393,-9.9393,-10.2416
PHG,25.110000610351562,25.11,2026-09-28,False,24.93000030517578,25.219999313354492,0.6,-3.11,ALTO,24210878464.0,19.05,13.01,1.86,10.15,4.07,13.99,6.31,6.31,12.38,0.65,1.26,7.0,YAHOO,0.1119,-0.2614,0.3608,0.05513,2.2866,-3.8415,106.6,2026-11-03,35,,,yahoo,1.0,1.0,1.0,1.0,0.0,1.0,0.0,1.0,1.0,0.8434,0.1196,-3.7931,-7.7177,25.2084,23.2934,26.59,28.23,31.6757,-5.566,-11.0521,-20.7279
MRK,148.69000244140625,148.69,2026-09-28,False,146.27999877929688,149.19000244140625,-0.06,94.72,ALTO,368299376640.0,119.42,15.66,8.79,6.96,11.87,-0.24,4.77,4.12,14.38,1.28,1.32,4.0,YAHOO,0.1119,-0.2614,0.3608,0.05513,2.2866,-3.8415,106.6,2026-10-29,30,,,yahoo,1.0,0.0,1.0,0.0,0.0,1.0,1.0,0.0,0.0,-0.5418,3.2569,14.7343,15.6034,16.6047,34.7618,151.446,155.5319,155.5319,-1.8198,-4.399,-4.399
GILD,152.2100067138672,152.21,2026-09-28,False,149.41000366210938,152.74000549316406,0.85,38.43,ALTO,187580416000.0,,15.3,15.87,-20.68,14.09,33.68,-10.64,5.21,14.3,2.23,1.26,8.0,YAHOO,0.1119,-0.2614,0.3608,0.05513,2.2866,-3.8415,106.6,2026-10-29,30,,,yahoo,1.0,1.0,1.0,1.0,1.0,0.0,1.0,1.0,1.0,1.0959,4.547,15.3223,21.1646,16.755,27.3461,152.67,152.67,153.0467,-0.3013,-0.3013,-0.5467
BMY,63.880001068115234,63.88,2026-09-28,False,62.29999923706055,63.93000030517578,1.62,51.57,ALTO,128405045248.0,14.06,9.58,5.75,46.6,10.72,34.42,18.87,6.32,8.58,2.02,1.53,8.0,YAHOO,0.1119,-0.2614,0.3608,0.05513,2.2866,-3.8415,106.6,2026-10-29,30,,,yahoo,1.0,1.0,1.0,1.0,1.0,1.0,0.0,1.0,1.0,2.0121,-0.3432,1.2361,10.3161,27.8473,25.3372,68.09,68.09,68.09,-6.183,-6.183,-6.183
HIMS,28.780000686645508,28.78,2026-09-28,False,28.459999084472656,29.440000534057617,-2.18,-51.38,ALTO,6696095232.0,,38.93,20.66,-32.03,-2.21,-12.75,-5.51,12.69,-727.26,4.77,0.93,4.0,YAHOO,0.1119,-0.2614,0.3608,0.05513,2.2866,-3.8415,106.6,2026-11-09,41,,,yahoo,1.0,0.0,1.0,1.0,0.0,1.0,0.0,0.0,0.0,-1.9421,-0.1041,15.12,-13.8065,66.5959,84.6851,30.43,38.28,62.76,-5.4223,-24.8171,-54.1428
CAT,819.9500122070312,819.95,2026-09-28,False,808.2000122070312,827.5700073242188,-0.2,75.37,ALTO,379985657856.0,35.34,25.53,19.59,56.97,9.03,22.18,14.51,1.33,25.79,2.33,1.37,6.0,YAHOO,0.1119,-0.2614,0.3608,0.05513,2.2866,-3.8415,106.6,2026-10-29,30,,,yahoo,1.0,0.0,1.0,1.0,1.0,1.0,1.0,0.0,0.0,0.4225,4.5855,4.7578,-20.4918,19.5214,34.1469,822.48,968.124,1062.9282,-0.3076,-15.3053,-22.8593
GE,318.239990234375,318.24,2026-09-28,False,315.239990234375,323.0,-2.71,8.74,ALTO,329830760448.0,37.53,35.03,18.7,48.23,5.07,20.57,17.72,2.0,29.64,1.13,0.98,6.0,YAHOO,0.1119,-0.2614,0.3608,0.05513,2.2866,-3.8415,106.6,2026-10-20,21,,,yahoo,1.0,1.0,1.0,0.0,0.0,0.0,1.0,1.0,1.0,-0.2414,0.2141,-9.2377,-14.7369,32.487,30.0103,337.12,381.22,381.22,-5.6004,-16.5206,-16.5206
LMT,518.0999755859375,518.1,2026-09-28,False,516.0999755859375,524.27001953125,-0.28,7.97,ALTO,118213337088.0,19.12,15.64,13.44,89.17,8.64,11.96,8.16,4.71,13.94,2.34,1.19,6.0,YAHOO,0.1119,-0.2614,0.3608,0.05513,2.2866,-3.8415,106.6,2026-10-20,21,,,yahoo,1.0,0.0,1.0,1.0,1.0,0.0,1.0,1.0,0.0,-3.2312,-2.1308,-8.4145,3.831,8.0701,31.443,557.78,604.9383,668.1661,-7.1139,-14.3549,-22.4594
RTX,187.66000366210938,187.66,2026-09-28,False,186.80999755859375,189.58999633789062,-0.92,16.33,ALTO,251949891584.0,32.85,23.81,3.8,12.27,4.21,12.7,8.28,3.92,17.88,0.57,1.01,8.0,YAHOO,0.1119,-0.2614,0.3608,0.05513,2.2866,-3.8415,106.6,2026-10-20,21,,,yahoo,1.0,1.0,1.0,1.0,1.0,1.0,0.0,1.0,1.0,-3.4373,-3.9316,-12.528,0.5089,18.6304,24.4816,207.73,225.49,225.49,-9.6616,-16.7768,-16.7768
UAL,111.51000213623047,111.51,2026-09-28,False,108.5999984741211,113.25,-2.18,12.99,ALTO,36562780160.0,10.44,7.78,2.19,23.25,3.38,5.53,5.56,2.49,7.56,2.02,0.78,7.0,YAHOO,0.1119,-0.2614,0.3608,0.05513,2.2866,-3.8415,106.6,2026-10-21,22,,,yahoo,1.0,1.0,1.0,1.0,1.0,0.0,1.0,0.0,1.0,-2.5177,2.3403,-6.6237,-17.5161,44.8941,38.9366,115.21,132.76,136.11,-3.2115,-16.0063,-18.0736
F,12.380000114440918,12.38,2026-09-28,False,12.289999961853027,12.670000076293945,-2.6,7.11,ALTO,49047429120.0,,6.29,1.37,-18.25,0.35,1.88,-3.94,-16.19,24.89,4.57,1.09,2.0,YAHOO,0.1119,-0.2614,0.3608,0.05513,2.2866,-3.8415,106.6,2026-10-22,23,,,yahoo,0.0,0.0,1.0,1.0,0.0,0.0,0.0,0.0,0.0,-5.9985,-10.6782,-18.1016,-10.7412,26.143,31.4063,14.62,15.1163,17.2531,-15.3215,-18.1016,-28.245
AAL,13.520000457763672,13.52,2026-09-28,False,13.3100004196167,13.729999542236328,-2.52,18.74,ALTO,9009410048.0,,7.21,-2.27,,1.12,2.81,-0.56,5.76,10.79,,0.53,4.0,YAHOO,0.1119,-0.2614,0.3608,0.05513,2.2866,-3.8415,106.6,2026-10-22,23,,,yahoo,1.0,0.0,1.0,1.0,0.0,0.0,0.0,0.0,1.0,-0.3685,3.2061,-8.8949,-24.5536,45.9325,44.6172,13.87,17.75,18.15,-2.5234,-23.831,-25.5096
UNP,274.1000061035156,274.1,2026-09-28,False,272.5,275.7699890136719,0.11,18.44,ALTO,162865807360.0,22.18,19.33,8.38,39.7,9.27,40.98,28.85,2.9,14.9,1.51,0.99,8.0,YAHOO,0.1119,-0.2614,0.3608,0.05513,2.2866,-3.8415,106.6,2026-10-22,23,,,yahoo,1.0,1.0,1.0,1.0,1.0,1.0,1.0,1.0,0.0,1.6578,-3.8515,-5.7558,0.9798,6.267,21.3529,300.67,309.1852,309.1852,-8.8369,-11.3476,-11.3476
FDX,289.6499938964844,289.65,2026-09-28,False,283.20001220703125,289.79998779296875,1.33,54.46,ALTO,68035649536.0,15.51,13.78,2.18,14.85,5.01,11.13,4.68,8.31,8.22,1.36,1.48,5.0,YAHOO,0.1119,-0.2614,0.3608,0.05513,2.2866,-3.8415,106.6,2026-10-28,29,,,yahoo,1.0,0.0,1.0,1.0,0.0,1.0,0.0,1.0,0.0,-2.0758,-7.3328,-5.7752,-10.637,45.7622,24.6631,326.1198,338.023,338.023,-11.1829,-14.3106,-14.3106
PCAR,111.6500015258789,111.65,2026-09-28,False,110.37000274658203,112.22000122070312,0.31,14.51,ALTO,58847604736.0,23.54,15.47,2.9,12.76,4.12,12.02,9.0,3.3,19.87,0.73,5.52,4.0,YAHOO,0.1119,-0.2614,0.3608,0.05513,2.2866,-3.8415,106.6,2026-10-27,28,,,yahoo,1.0,0.0,1.0,1.0,0.0,1.0,0.0,0.0,0.0,-2.6846,-9.1242,-16.3774,-6.4,17.3546,22.882,124.7,137.845,137.845,-10.4651,-19.0032,-19.0032
MMM,169.47999572753906,169.48,2026-09-28,False,168.02999877929688,170.6199951171875,-0.04,11.97,ALTO,86894075904.0,29.93,17.2,29.44,81.89,8.74,20.35,11.9,7.31,14.61,4.38,1.24,5.0,YAHOO,0.1119,-0.2614,0.3608,0.05513,2.2866,-3.8415,106.6,2026-10-20,21,,,yahoo,1.0,0.0,1.0,0.0,0.0,1.0,1.0,0.0,1.0,2.7338,4.6044,-4.3428,4.7971,19.3982,25.3522,171.83,182.979,182.979,-1.3676,-7.3773,-7.3773
PAC,213.82000732421875,213.82,2026-09-28,False,213.72000122070312,217.9600067138672,-0.98,-12.21,ALTO,12519778304.0,20.25,16.61,585.62,28.03,10.47,44.16,30.83,55.1,82.79,1.18,0.74,7.0,YAHOO,0.1119,-0.2614,0.3608,0.05513,2.2866,-3.8415,106.6,2026-10-19,20,,,yahoo,1.0,1.0,1.0,1.0,0.0,1.0,1.0,0.0,1.0,2.7981,6.1616,-1.4518,-16.0041,24.1067,27.1191,215.94,254.42,300.41,-0.9818,-15.9579,-28.8239
GT,5.019999980926514,5.02,2026-09-28,False,5.0,5.130000114440918,-2.14,-33.13,ALTO,1439493760.0,,9.49,0.51,-61.53,0.51,-0.96,-14.37,34.53,9.12,2.74,1.09,5.0,YAHOO,0.1119,-0.2614,0.3608,0.05513,2.2866,-3.8415,106.6,2026-11-03,35,,,yahoo,0.0,0.0,1.0,1.0,1.0,1.0,0.0,0.0,1.0,0.0,-5.6391,-31.044,-24.3976,40.8761,49.001,6.27,7.45,10.54,-19.9362,-32.6174,-52.3719
BA,184.38999938964844,184.39,2026-09-28,False,184.00999450683594,192.77000427246094,-6.91,-15.12,ALTO,148336640000.0,66.32,45.48,24.32,173.54,-1.98,0.0,2.59,3.79,-61.18,7.91,1.14,6.0,YAHOO,0.1119,-0.2614,0.3608,0.05513,2.2866,-3.8415,106.6,2026-10-28,29,,,yahoo,1.0,1.0,1.0,0.0,1.0,0.0,0.0,1.0,1.0,-8.3321,-12.308,-13.8405,-14.1134,58.3738,34.8229,212.25,240.19,252.15,-13.126,-23.2316,-26.8729
HON,211.52000427246094,211.52,2026-09-28,False,209.72999572753906,212.80999755859375,-0.48,4.19,ALTO,66598604800.0,8.08,21.25,3.59,46.58,5.72,20.25,21.58,3.92,10.89,1.85,1.21,5.0,YAHOO,0.1119,-0.2614,0.3608,0.05513,2.2866,-3.8415,106.6,2026-10-22,23,,,yahoo,1.0,0.0,1.0,1.0,0.0,0.0,1.0,0.0,1.0,2.4409,5.0353,-12.0128,-6.868,7.146,27.2017,213.53,248.0457,257.9406,-0.9413,-14.7254,-17.9966
MOS,22.25,22.25,2026-09-28,False,22.149999618530273,22.760000228881836,-3.3,-33.58,ALTO,7127220224.0,,14.33,0.62,-5.07,1.24,-0.12,-5.21,-10.47,7.61,0.52,1.34,7.0,YAHOO,0.1119,-0.2614,0.3608,0.05513,2.2866,-3.8415,106.6,2026-11-03,35,,,yahoo,1.0,1.0,1.0,1.0,0.0,1.0,0.0,1.0,1.0,-7.5613,-11.1776,-0.8031,-0.0074,12.6755,38.8955,26.3073,26.3073,34.1555,-15.4228,-15.4228,-34.8568
BG,109.05999755859375,109.06,2026-09-28,False,108.5,110.25,0.06,35.64,ALTO,20775761920.0,23.31,9.6,1.3,7.18,3.47,4.62,1.1,-31.17,12.32,0.98,1.57,3.0,YAHOO,0.1119,-0.2614,0.3608,0.05513,2.2866,-3.8415,106.6,2026-11-04,36,,,yahoo,1.0,0.0,1.0,1.0,0.0,0.0,0.0,0.0,0.0,-3.1525,-10.0388,1.8256,0.5936,18.6517,35.5541,124.59,124.59,130.5866,-12.4649,-12.4649,-16.4846
RKLB,72.19000244140625,72.19,2026-09-28,False,71.68000030517578,73.77999877929688,-2.38,53.5,ALTO,44566945792.0,,1529.85,11.94,-7.92,-4.62,-24.57,-21.51,-0.57,-262.74,0.04,5.48,5.0,YAHOO,0.1119,-0.2614,0.3608,0.05513,2.2866,-3.8415,106.6,2026-11-09,41,,,yahoo,0.0,1.0,0.0,1.0,1.0,1.0,0.0,1.0,0.0,3.2909,15.4117,23.1911,-26.3442,52.839,70.9975,73.95,93.09,150.23,-2.38,-22.4514,-51.947
ONDS,7.679999828338623,7.68,2026-09-28,False,7.440000057220459,7.800000190734863,0.52,-2.47,ALTO,4355624448.0,,-374.0,2.52,19.32,-8.37,-166.3,96.25,-1.59,-16.26,0.03,9.85,5.0,YAHOO,0.1119,-0.2614,0.3608,0.05513,2.2866,-3.8415,106.6,2026-11-12,44,,,yahoo,0.0,1.0,0.0,1.0,1.0,1.0,0.0,1.0,0.0,4.065,6.2241,12.9412,-4.2394,45.8247,78.8532,7.72,9.77,14.01,-0.5181,-21.392,-45.182
SMSN.IL,4824.0,4824.0,2026-09-27,False,4798.0,4984.0,-4.76,225.0,ALTO,1391139880960.0,53.09,81.63,0.0,10.64,2.3,6.08,13.13,-967.55,-1.44,0.03,2.88,6.0,YAHOO,0.1119,-0.2614,0.3608,0.05513,2.2866,-3.8415,106.6,2026-10-28,29,,,yahoo,1.0,1.0,1.0,1.0,0.0,0.0,0.0,1.0,1.0,-3.7126,6.3492,29.9569,-10.5009,44.1645,71.3663,5100.0,5100.0,6002.5513,-5.4118,-5.4118,-19.6342
ADS.DE,147.85000610351562,147.85,2026-09-27,False,146.0500030517578,148.39999389648438,0.92,-16.89,ALTO,25515415552.0,18.66,12.53,4.28,24.32,6.7,8.51,5.3,3.73,11.38,0.94,1.39,6.0,YAHOO,0.1119,-0.2614,0.3608,0.05513,2.2866,-3.8415,106.6,2026-10-29,30,,,yahoo,1.0,1.0,1.0,0.0,0.0,1.0,0.0,1.0,1.0,3.2833,2.745,-8.3101,-18.3149,35.0497,36.162,149.55,187.9,191.3097,-1.1367,-21.3145,-22.7169
BAYN.DE,50.79999923706055,50.8,2026-09-27,False,50.220001220703125,51.0,1.56,83.76,ALTO,48020889600.0,,10.13,1.62,-5.69,3.18,9.19,-3.83,13.67,8.04,1.29,1.04,6.0,YAHOO,0.1119,-0.2614,0.3608,0.05513,2.2866,-3.8415,106.6,2026-11-03,35,,,yahoo,0.0,0.0,1.0,1.0,1.0,0.0,1.0,1.0,1.0,3.61,2.9799,4.872,3.6735,15.3015,21.4223,50.8,50.82,53.36,0.0,-0.0394,-4.7976
RIOT,21.6200008392334,21.62,2026-09-28,False,21.56999969482422,22.850000381469727,-6.0,9.24,ALTO,8026788352.0,,-22.87,3.69,-48.24,-21.2,-122.33,-196.28,-8.96,-9.38,0.4,1.58,2.0,YAHOO,0.1119,-0.2614,0.3608,0.05513,2.2866,-3.8415,106.6,2026-10-29,30,,,yahoo,0.0,0.0,0.0,0.0,0.0,0.0,0.0,1.0,1.0,-10.5873,3.1981,18.5307,-22.0901,37.5291,95.8898,24.93,24.93,28.69,-13.2772,-13.2772,-24.6427
OKLO,37.11000061035156,37.11,2026-09-28,False,36.90999984741211,38.08000183105469,-2.44,-68.21,ALTO,6903115264.0,,-35.34,2.1,-7.7,-6.65,-6048.76,0.0,-3.47,-20.49,0.0,48.46,4.0,YAHOO,0.1119,-0.2614,0.3608,0.05513,2.2866,-3.8415,106.6,2026-11-10,42,,,yahoo,0.0,1.0,0.0,1.0,1.0,1.0,0.0,0.0,0.0,-7.6406,2.4855,0.7329,-29.6626,23.3203,85.5718,43.31,51.84,174.14,-14.3154,-28.4144,-78.6896
SATL,6.050000190734863,6.05,2026-09-28,False,6.0,6.348999977111816,-1.94,82.17,ALTO,860943424.0,,-186.67,25.45,,-9.86,1.67,0.0,-2.19,-54.44,2.85,2.34,4.0,YAHOO,0.1119,-0.2614,0.3608,0.05513,2.2866,-3.8415,106.6,2026-11-12,44,,,yahoo,0.0,1.0,0.0,0.0,1.0,1.0,0.0,1.0,0.0,8.4229,24.7423,82.7795,7.2695,85.7526,95.717,6.17,6.17,10.74,-1.9449,-1.9449,-43.6685
JMIA,6.699999809265137,6.7,2026-09-28,False,6.659999847412109,6.820000171661377,-2.62,-44.09,ALTO,895293120.0,,-19.71,957.14,-216.21,-25.23,-23.8,-27.54,-3.1,-14.87,37.95,0.88,3.0,YAHOO,0.1119,-0.2614,0.3608,0.05513,2.2866,-3.8415,106.6,2026-11-11,43,,,yahoo,0.0,1.0,0.0,1.0,0.0,0.0,0.0,0.0,1.0,-3.8737,-8.7194,17.1329,1.6692,39.6307,50.323,7.52,7.52,14.6,-10.9043,-10.9043,-54.1096
LAR,5.409999847412109,5.41,2026-09-28,False,5.300000190734863,5.489999771118164,-1.99,57.67,ALTO,900908992.0,,16.04,1.14,-6.58,-2.05,0.0,0.0,-1.82,-29.68,0.3,0.47,1.0,YAHOO,0.1119,-0.2614,0.3608,0.05513,2.2866,-3.8415,106.6,2026-11-09,41,,,yahoo,0.0,0.0,0.0,1.0,0.0,0.0,0.0,0.0,0.0,-8.6149,-8.9226,-2.17,-32.1205,21.8892,64.9642,6.86,7.94,11.79,-21.137,-31.864,-54.1137
NG,6.650000095367432,6.65,2026-09-28,False,6.610000133514404,6.820000171661377,-6.73,-21.64,ALTO,2882788608.0,,-33.59,6.84,-24.63,-4.36,0.0,0.0,-0.83,-83.01,0.41,112.82,4.0,YAHOO,0.1119,-0.2614,0.3608,0.05513,2.2866,-3.8415,106.6,2026-10-08,9,,,yahoo,0.0,1.0,0.0,1.0,1.0,1.0,0.0,0.0,0.0,-9.6467,-8.0221,14.8532,10.6489,53.6279,73.7086,8.6,9.77,14.2,-22.6744,-31.9345,-53.169
PBI,16.3799991607666,16.38,2026-09-28,False,16.200000762939453,16.510000228881836,0.0,50.38,ALTO,2233199616.0,13.24,8.94,-2.59,,8.41,21.68,10.04,10.47,7.84,,0.73,7.0,YAHOO,0.1119,-0.2614,0.3608,0.05513,2.2866,-3.8415,106.6,2026-11-05,37,,,yahoo,1.0,1.0,1.0,1.0,0.0,0.0,1.0,1.0,1.0,-0.9674,-5.4818,-6.7125,-8.066,17.0486,26.4964,17.58,18.4037,18.4037,-6.8259,-10.9964,-10.9964
TEM,85.08000183105469,85.08,2026-09-28,False,82.7699966430664,86.44000244140625,0.08,8.23,ALTO,14900301824.0,,-10169.95,33.42,-67.44,-8.55,-20.11,-17.77,-0.63,-80.31,3.25,3.3,4.0,YAHOO,0.1119,-0.2614,0.3608,0.05513,2.2866,-3.8415,106.6,2026-11-03,35,,,yahoo,0.0,1.0,0.0,1.0,0.0,1.0,0.0,1.0,0.0,9.035,36.7626,104.7654,45.9098,58.774,94.7659,85.08,85.08,103.25,0.0,0.0,-17.5981
MRSH,169.02999877929688,169.03,2026-09-28,False,168.49000549316406,171.6699981689453,-1.22,-13.91,ALTO,81326342144.0,20.78,14.94,5.36,25.9,7.24,26.32,14.24,5.88,13.18,1.45,1.14,6.0,YAHOO,0.1119,-0.2614,0.3608,0.05513,2.2866,-3.8415,106.6,2026-10-15,16,,,yahoo,1.0,0.0,1.0,1.0,1.0,0.0,1.0,0.0,1.0,-2.1364,-6.3182,-14.4542,1.9652,13.022,24.5362,189.8,197.59,203.7672,-10.9431,-14.4542,-17.0475
CEPU,12.069999694824219,12.07,2026-09-28,False,11.989999771118164,12.579999923706055,-8.42,45.54,ALTO,1787692928.0,5.6,7.1,0.92,19.03,7.21,24.84,28.78,-2346.67,1.24,0.33,1.28,7.0,YAHOO,0.1119,-0.2614,0.3608,0.05513,2.2866,-3.8415,106.6,2026-11-11,43,,,yahoo,1.0,1.0,1.0,1.0,0.0,1.0,1.0,0.0,1.0,-9.7907,-13.7857,-16.064,-19.8007,60.6023,43.2675,14.48,15.5,17.95,-16.6436,-22.129,-32.7577
BMA,66.04000091552734,66.04,2026-09-28,False,65.63999938964844,68.08000183105469,-4.1,53.35,ALTO,4223173376.0,16.89,5.89,1.02,5.36,1.31,26.07,8.39,,,,,5.0,YAHOO,0.1119,-0.2614,0.3608,0.05513,2.2866,-3.8415,106.6,2026-11-25,57,,,yahoo,,,,,,,,,,-12.1925,-14.256,-27.2687,-28.1836,18.4009,41.9504,79.18,97.63,101.1279,-16.5951,-32.3569,-34.6965
SUPV,6.960000038146973,6.96,2026-09-28,False,6.900000095367432,7.170000076293945,-3.87,30.03,ALTO,657777152.0,,5.67,0.79,-8.01,-1.15,3.31,-11.23,,,,,2.0,YAHOO,0.1119,-0.2614,0.3608,0.05513,2.2866,-3.8415,106.6,2026-11-17,49,,,yahoo,0.0,0.0,1.0,1.0,0.0,0.0,0.0,0.0,0.0,-12.8911,-17.8276,-25.9574,-28.2474,14.5671,50.072,8.86,10.29,12.86,-21.4447,-32.3615,-45.8787
EDN,20.229999542236328,20.23,2026-09-28,False,20.139999389648438,21.389999389648438,-5.11,25.13,ALTO,986688617.6399999,6.27,15.23,0.5,9.59,3.09,5.14,7.2,-11555.52,0.83,0.62,1.46,6.0,YAHOO,0.1119,-0.2614,0.3608,0.05513,2.2866,-3.8415,106.6,2026-11-06,38,,,yahoo,1.0,0.0,1.0,0.0,0.0,1.0,1.0,1.0,1.0,-14.1341,-17.0221,-20.6044,-21.2534,18.0966,41.5555,25.07,27.27,35.71,-19.3059,-25.8159,-43.3492
TGS,25.860000610351562,25.86,2026-09-28,False,25.799999237060547,26.639999389648438,-2.85,19.83,ALTO,3873708288.0,11.7,9.83,1.65,15.98,9.91,40.71,28.02,9273.99,-0.48,0.43,3.67,6.0,YAHOO,0.1119,-0.2614,0.3608,0.05513,2.2866,-3.8415,106.6,2026-11-03,35,,,yahoo,1.0,0.0,1.0,1.0,0.0,1.0,1.0,1.0,0.0,-7.2786,-12.6351,-13.134,-13.8287,13.8685,33.3074,30.74,31.83,35.32,-15.8751,-18.7559,-26.7837
TEO,12.079999923706055,12.08,2026-09-28,False,12.0600004196167,13.1899995803833,-7.22,63.18,ALTO,5233461864.3,10.04,12.82,0.89,10.83,3.12,13.95,8.91,15487.34,1.98,0.67,0.58,6.0,YAHOO,0.1119,-0.2614,0.3608,0.05513,2.2866,-3.8415,106.6,2026-11-09,41,,,yahoo,,,,,,,,,,-14.2654,-12.4638,-10.8487,-6.2112,39.7754,36.0805,14.18,14.3,15.98,-14.8096,-15.5245,-24.4055
IRS,14.239999771118164,14.24,2026-09-28,False,14.229999542236328,14.930000305175781,-3.46,16.57,ALTO,1181854976.0,4.23,53.94,0.76,18.09,4.08,39.09,56.48,14122.06,3.32,0.42,0.74,2.0,YAHOO,0.1119,-0.2614,0.3608,0.05513,2.2866,-3.8415,106.6,2026-11-04,36,2026-09-04,25.0,yahoo,1.0,0.0,1.0,0.0,0.0,0.0,0.0,0.0,0.0,-8.718,-6.6841,-7.8317,-7.1102,20.2774,27.5616,16.02,16.1,18.41,-11.1111,-11.5528,-22.6507
LOMA,9.3100004196167,9.31,2026-09-28,False,9.149999618530273,9.390000343322754,-0.43,23.58,ALTO,1066607232.0,36.56,11.88,1.26,3.82,2.65,6.84,5.13,-3224.89,1.63,0.24,2.25,5.0,YAHOO,0.1119,-0.2614,0.3608,0.05513,2.2866,-3.8415,106.6,2026-11-05,37,,,yahoo,1.0,0.0,1.0,1.0,0.0,1.0,1.0,0.0,0.0,-3.2224,-3.1217,-19.0435,-19.3939,12.26,35.7241,10.41,12.19,13.12,-10.5668,-23.6259,-29.0396
GLOB,33.790000915527344,33.79,2026-09-28,False,33.16999816894531,34.268001556396484,-2.06,-43.67,ALTO,1465514112.0,13.21,5.48,0.69,5.48,4.67,4.86,4.63,,4.77,0.24,1.84,4.0,YAHOO,0.1119,-0.2614,0.3608,0.05513,2.2866,-3.8415,106.6,2026-11-19,51,,,yahoo,1.0,0.0,1.0,1.0,0.0,0.0,1.0,0.0,0.0,-5.7199,-16.5473,-11.4286,12.3338,22.153,57.7352,40.71,40.99,71.21,-16.9983,-17.5653,-52.5488
BBAR,12.550000190734863,12.55,2026-09-28,False,12.430000305175781,13.0,-4.56,43.34,ALTO,2561127936.0,11.94,11.41,0.94,8.12,1.24,19.02,8.62,,,,,4.0,YAHOO,0.1119,-0.2614,0.3608,0.05513,2.2866,-3.8415,106.6,2026-11-24,56,,,yahoo,1.0,0.0,1.0,1.0,0.0,0.0,1.0,0.0,0.0,-12.2378,-15.2027,-33.1179,-35.5203,21.5743,47.88,15.34,21.075,21.7253,-18.1877,-40.4509,-42.2333
LND,3.509999990463257,3.51,2026-09-28,False,3.430000066757202,3.5199999809265137,0.0,-10.97,ALTO,339688708.37,,,0.87,-4.28,-1.3,-8.06,-10.07,-16.76,-31.02,0.71,1.54,2.0,YAHOO,0.1119,-0.2614,0.3608,0.05513,2.2866,-3.8415,106.6,2026-11-05,37,2026-09-03,26.0,finnhub,0.0,0.0,1.0,1.0,0.0,0.0,0.0,0.0,0.0,-2.7701,-2.7701,-3.8356,-2.5,13.6448,21.7529,3.87,3.87,4.37,-9.3023,-9.3023,-19.6796
AGRO,10.069999694824219,10.07,2026-09-28,False,10.020000457763672,10.529999732971191,-3.45,26.13,ALTO,1445965952.0,26.37,7.2,0.83,3.69,2.47,17.0,3.0,-8.88,8.54,1.24,1.73,2.0,YAHOO,0.1119,-0.2614,0.3608,0.05513,2.2866,-3.8415,106.6,2026-11-11,43,,,yahoo,0.0,0.0,1.0,1.0,0.0,0.0,0.0,0.0,0.0,-9.605,-14.0785,3.7075,4.2443,17.6956,49.5018,12.46,12.46,15.18,-19.1814,-19.1814,-33.6627
USB,58.779998779296875,58.78,2026-09-28,False,58.65999984741211,59.33000183105469,-0.93,24.71,ALTO,90585112576.0,11.75,10.03,1.49,12.62,1.16,39.65,29.9,,,,,6.0,YAHOO,0.1119,-0.2614,0.3608,0.05513,2.2866,-3.8415,106.6,2026-10-15,16,,,yahoo,1.0,1.0,1.0,1.0,0.0,0.0,1.0,0.0,1.0,-2.7465,-6.2221,-6.4311,-3.2587,21.9341,19.9629,63.53,65.42,65.42,-7.4768,-10.1498,-10.1498
IBKR,87.08000183105469,87.08,2026-09-28,False,86.80999755859375,88.5,-2.42,27.05,ALTO,146834817024.0,34.61,26.96,6.58,24.02,2.28,76.53,16.47,,,2.06,1.09,4.0,YAHOO,0.1119,-0.2614,0.3608,0.05513,2.2866,-3.8415,106.6,2026-10-15,16,,,yahoo,1.0,0.0,1.0,1.0,0.0,0.0,0.0,1.0,0.0,-6.5765,-4.0441,1.042,-1.1804,15.732,39.1749,97.202,98.1012,98.1012,-10.4134,-11.2345,-11.2345
DAL,84.02999877929688,84.03,2026-09-28,False,82.0,84.55999755859375,-1.07,47.27,ALTO,55812468736.0,14.07,10.29,2.54,20.12,4.02,7.92,5.78,5.05,9.58,0.97,0.42,6.0,YAHOO,0.1119,-0.2614,0.3608,0.05513,2.2866,-3.8415,106.6,2026-10-09,10,,,yahoo,1.0,1.0,1.0,1.0,1.0,1.0,0.0,0.0,0.0,1.8545,5.3007,-2.5739,-9.5873,36.9889,31.6415,84.94,93.14,93.4293,-1.0713,-9.781,-10.0603
BIIB,228.69000244140625,228.69,2026-09-28,False,225.50999450683594,230.49000549316406,0.48,65.04,ALTO,33550501888.0,40.4,13.73,1.78,4.58,5.21,25.06,8.32,3.78,12.09,0.44,1.86,4.0,YAHOO,0.1119,-0.2614,0.3608,0.05513,2.2866,-3.8415,106.6,2026-10-28,29,,,yahoo,1.0,0.0,1.0,1.0,0.0,1.0,0.0,0.0,0.0,4.3913,5.2126,9.3008,5.5671,9.9426,35.6127,228.69,228.69,228.69,0.0,0.0,0.0
SYY,78.56999969482422,78.57,2026-09-28,False,77.63999938964844,78.66999816894531,0.14,-1.33,ALTO,37641314304.0,21.45,14.63,14.09,77.69,7.97,4.84,2.08,5.08,11.32,5.65,1.28,6.0,YAHOO,0.1119,-0.2614,0.3608,0.05513,2.2866,-3.8415,106.6,2026-11-03,35,,,yahoo,1.0,0.0,1.0,1.0,1.0,1.0,0.0,1.0,0.0,0.1785,-5.9492,-7.9114,-5.1669,22.0185,19.9363,83.54,85.32,89.8822,-5.9492,-7.9114,-12.5855
MDT,89.5,89.5,2026-09-28,False,87.5199966430664,89.52999877929688,0.97,-1.66,ALTO,111400116224.0,22.05,13.59,2.22,10.65,5.12,19.33,13.93,4.86,12.62,0.55,2.07,7.0,YAHOO,0.1119,-0.2614,0.3608,0.05513,2.2866,-3.8415,106.6,2026-11-17,49,2026-09-01,28.0,yahoo,1.0,1.0,1.0,1.0,0.0,1.0,1.0,0.0,1.0,-1.6523,-3.8017,3.0775,11.4964,20.908,24.5007,93.404,93.404,101.9702,-4.1796,-4.1796,-12.2293
MS,193.63999938964844,193.64,2026-09-28,False,192.97000122070312,195.92999267578125,-1.36,22.82,ALTO,302742339584.0,15.58,14.17,2.84,17.97,1.34,41.57,25.9,,,5.17,2.0,3.0,YAHOO,0.1119,-0.2614,0.3608,0.05513,2.2866,-3.8415,106.6,2026-10-14,15,,,yahoo,1.0,1.0,0.0,0.0,0.0,0.0,1.0,0.0,0.0,-6.0547,-6.2639,-4.1471,-8.0361,9.2156,26.7816,217.72,227.2988,227.2988,-11.0601,-14.8082,-14.8082
O,55.349998474121094,55.35,2026-09-28,False,55.099998474121094,55.709999084472656,-0.34,-3.66,ALTO,52174462976.0,40.25,35.51,1.32,3.23,2.36,46.97,20.9,3.03,15.93,0.75,1.53,5.0,YAHOO,0.1119,-0.2614,0.3608,0.05513,2.2866,-3.8415,106.6,2026-11-02,34,,,yahoo,1.0,1.0,1.0,1.0,0.0,0.0,0.0,0.0,1.0,-2.2948,-6.6138,-14.8186,-11.0582,12.4767,15.0215,61.74,65.1872,65.8234,-10.3499,-15.0907,-15.9114
DOW,27.889999389648438,27.89,2026-09-28,False,27.844999313354492,28.405000686645508,-0.46,27.8,ALTO,19943827456.0,,15.75,1.26,-5.54,1.3,11.59,-3.13,1.19,9.25,1.12,1.75,3.0,YAHOO,0.1119,-0.2614,0.3608,0.05513,2.2866,-3.8415,106.6,2026-10-22,23,,,yahoo,0.0,0.0,1.0,1.0,0.0,1.0,0.0,0.0,0.0,-1.3442,-3.4948,-7.3443,1.0518,22.724,35.8715,31.28,32.5226,40.973,-10.8376,-14.2442,-31.9309
AVY,171.88999938964844,171.89,2026-09-28,False,168.02000427246094,172.63999938964844,0.91,9.54,ALTO,12943098880.0,18.79,15.27,5.58,31.16,8.39,13.59,7.62,7.76,10.93,1.59,1.13,5.0,YAHOO,0.1119,-0.2614,0.3608,0.05513,2.2866,-3.8415,106.6,2026-10-21,22,,,yahoo,1.0,0.0,1.0,1.0,0.0,1.0,1.0,0.0,0.0,1.5118,0.5675,3.4396,5.859,22.4949,27.2646,175.06,182.6485,194.0973,-1.8108,-5.8903,-11.4413
SWKS,87.58999633789062,87.59,2026-09-28,False,85.69000244140625,89.87999725341797,-1.96,17.49,ALTO,13247624192.0,45.62,17.74,2.31,5.09,3.44,8.82,7.23,3.39,14.92,0.12,3.1,6.0,YAHOO,0.1119,-0.2614,0.3608,0.05513,2.2866,-3.8415,106.6,2026-11-03,35,,,yahoo,1.0,0.0,1.0,1.0,1.0,0.0,1.0,0.0,1.0,-1.2959,10.5097,43.1443,29.3605,44.7553,61.5014,91.45,91.45,91.45,-4.2209,-4.2209,-4.2209
IP,34.0,34.0,2026-09-28,False,33.93000030517578,34.83000183105469,-2.91,-22.62,ALTO,17645268992.0,,11.03,1.22,-16.48,1.59,2.3,-14.21,9.33,6.82,0.69,1.1,4.0,YAHOO,0.1119,-0.2614,0.3608,0.05513,2.2866,-3.8415,106.6,2026-10-28,29,,,yahoo,0.0,0.0,1.0,1.0,1.0,0.0,0.0,1.0,0.0,-3.7645,-0.7299,-19.3546,-10.0518,26.0425,43.58,37.93,43.5936,47.4479,-10.3612,-22.0068,-28.3424
LVS,38.779998779296875,38.78,2026-09-28,False,38.41999816894531,39.290000915527344,-0.54,-28.35,ALTO,24819908608.0,14.85,10.91,42.72,122.87,9.55,19.66,12.59,8.92,7.99,17.04,1.0,8.0,YAHOO,0.1119,-0.2614,0.3608,0.05513,2.2866,-3.8415,106.6,2026-10-21,22,,,yahoo,1.0,1.0,1.0,1.0,0.0,1.0,1.0,1.0,1.0,-3.6761,-8.5377,-19.6135,-15.8343,16.5622,24.4487,44.54,49.5536,68.2933,-12.9322,-21.7413,-43.2155
KLAC,189.1699981689453,189.17,2026-09-28,False,182.6999969482422,190.6999969482422,0.67,78.67,ALTO,256472924160.0,53.84,29.31,40.45,87.5,20.8,42.49,35.57,1.02,42.62,0.97,2.88,7.0,YAHOO,0.1119,-0.2614,0.3608,0.05513,2.2866,-3.8415,106.6,2026-10-28,29,,,yahoo,1.0,1.0,1.0,0.0,1.0,1.0,1.0,1.0,0.0,2.8265,11.8753,11.2779,-31.9718,8.1835,55.7713,189.17,233.0466,301.3694,0.0,-18.8274,-37.2298
DECK,78.36000061035156,78.36,2026-09-28,False,77.68000030517578,79.12000274658203,-0.39,-24.19,ALTO,10578607104.0,11.05,9.33,4.61,42.56,20.32,15.23,18.36,8.24,7.13,0.21,2.75,6.0,YAHOO,0.1119,-0.2614,0.3608,0.05513,2.2866,-3.8415,106.6,2026-10-22,23,,,yahoo,1.0,1.0,1.0,1.0,0.0,0.0,1.0,0.0,1.0,-2.3308,-2.7067,-24.3191,-22.6303,12.0542,36.1397,87.08,109.03,120.94,-10.0138,-28.1299,-35.2075
IFF,85.72000122070312,85.72,2026-09-28,False,84.0,86.37000274658203,0.04,43.69,ALTO,21751535616.0,,21.52,1.56,-5.55,2.27,8.49,2.57,-7.91,14.39,0.45,2.06,5.0,YAHOO,0.1119,-0.2614,0.3608,0.05513,2.2866,-3.8415,106.6,2026-11-03,35,,,yahoo,0.0,0.0,1.0,1.0,1.0,0.0,0.0,1.0,1.0,2.5359,3.2311,8.1574,12.5827,2.4194,31.8965,86.5304,87.6551,87.6551,-0.9366,-2.2076,-2.2076
SNA,369.2099914550781,369.21,2026-09-28,False,367.1000061035156,371.7200012207031,0.0,10.0,ALTO,18987991040.0,18.72,17.16,3.14,17.93,9.85,25.4,19.6,5.84,13.2,0.22,3.43,6.0,YAHOO,0.1119,-0.2614,0.3608,0.05513,2.2866,-3.8415,106.6,2026-10-15,16,,,yahoo,1.0,0.0,1.0,1.0,1.0,1.0,1.0,0.0,0.0,-0.146,-2.2685,-10.4451,-6.7425,7.6014,16.4515,386.31,416.7245,416.7245,-4.4265,-11.4019,-11.4019
NUE,244.49000549316406,244.49,2026-09-28,False,241.8699951171875,247.52000427246094,-1.12,82.01,ALTO,53597110272.0,18.84,11.95,2.42,14.55,7.32,15.67,7.99,1.28,10.41,0.31,2.51,6.0,YAHOO,0.1119,-0.2614,0.3608,0.05513,2.2866,-3.8415,106.6,2026-10-26,27,,,yahoo,1.0,0.0,1.0,1.0,0.0,1.0,1.0,0.0,1.0,0.8622,-3.9822,-4.5035,7.2231,12.0177,35.4379,265.14,274.74,274.74,-7.7883,-11.0104,-11.0104
PLD,132.44000244140625,132.44,2026-09-28,False,132.22000122070312,134.33999633789062,-0.46,19.51,ALTO,128909041664.0,29.47,39.78,2.31,7.75,2.52,43.03,43.58,4.19,24.27,0.64,0.65,4.0,YAHOO,0.1119,-0.2614,0.3608,0.05513,2.2866,-3.8415,106.6,2026-10-15,16,,,yahoo,1.0,0.0,1.0,1.0,0.0,0.0,0.0,0.0,1.0,-2.4886,-1.2564,-8.2343,-3.8869,8.7976,20.5248,138.8179,148.878,148.878,-4.5944,-11.0412,-11.0412
EFX,140.8300018310547,140.83,2026-09-29,False,138.14999389648438,144.52999877929688,-3.4,-44.33,ALTO,16545397760.0,24.75,13.86,3.78,14.27,6.16,17.3,10.73,5.73,11.42,1.21,0.6,8.0,YAHOO,0.1119,-0.2614,0.3608,0.05513,2.2866,-3.8415,106.6,2026-10-20,21,,,yahoo,1.0,1.0,1.0,1.0,1.0,0.0,1.0,1.0,1.0,-11.8601,-15.711,-19.811,-11.015,26.9645,41.6033,189.09,194.0692,253.631,-25.5222,-27.4331,-44.4744
DE,680.5,680.5,2026-09-29,False,677.4400024414062,689.989990234375,-1.32,47.96,ALTO,183480090624.0,37.81,29.79,6.56,18.24,3.76,13.37,10.17,2.46,28.04,2.3,2.13,5.0,YAHOO,0.1119,-0.2614,0.3608,0.05513,2.2866,-3.8415,106.6,2026-11-25,57,,,yahoo,1.0,0.0,1.0,1.0,0.0,1.0,1.0,0.0,0.0,-3.2171,-0.5175,13.5169,7.2785,13.243,31.6366,709.48,709.48,709.48,-4.0847,-4.0847,-4.0847
DHR,226.11000061035156,226.11,2026-09-29,False,223.50999450683594,227.64999389648438,-0.54,22.15,ALTO,158952177664.0,40.52,24.31,3.02,7.61,3.95,19.78,15.95,2.72,22.73,0.53,1.65,5.0,YAHOO,0.1119,-0.2614,0.3608,0.05513,2.2866,-3.8415,106.6,2026-10-21,22,,,yahoo,1.0,0.0,1.0,1.0,0.0,1.0,1.0,0.0,0.0,2.2706,8.0006,15.2623,18.7054,12.7614,37.5329,227.33,227.33,241.0351,-0.5367,-0.5367,-6.1921
LIN,473.3699951171875,473.37,2026-09-29,False,471.3999938964844,477.5199890136719,0.28,0.63,ALTO,218214170624.0,30.58,24.2,5.58,18.4,7.16,28.12,20.43,1.91,17.57,0.69,0.88,5.0,YAHOO,0.1119,-0.2614,0.3608,0.05513,2.2866,-3.8415,106.6,2026-10-30,31,,,yahoo,1.0,0.0,1.0,1.0,0.0,0.0,1.0,1.0,0.0,1.8197,2.2486,-6.6277,-8.481,5.7294,18.937,485.85,536.4633,544.8458,-2.5687,-11.761,-13.1185
SPGI,392.45001220703125,392.45,2026-09-29,False,388.57000732421875,394.9200134277344,-0.88,-14.88,ALTO,115694264320.0,23.89,19.41,3.67,14.26,7.03,44.79,30.54,4.71,16.27,0.43,0.95,7.0,YAHOO,0.1119,-0.2614,0.3608,0.05513,2.2866,-3.8415,106.6,2026-10-27,28,,,yahoo,1.0,1.0,1.0,1.0,0.0,0.0,1.0,1.0,1.0,-2.4824,-4.8652,-5.2214,2.0849,11.9674,26.8641,450.58,456.3554,513.3384,-12.9011,-14.0034,-23.5495
TJX,133.8000030517578,133.8,2026-09-29,False,129.77000427246094,134.35000610351562,2.73,-5.7,ALTO,147176521728.0,24.73,23.17,14.21,62.17,13.54,10.91,9.73,2.99,17.46,1.34,1.15,7.0,YAHOO,0.1119,-0.2614,0.3608,0.05513,2.2866,-3.8415,106.6,2026-11-18,50,,,yahoo,1.0,1.0,1.0,1.0,1.0,0.0,1.0,1.0,0.0,2.3014,7.3836,-15.7214,-11.4045,26.1536,22.671,133.8,161.5503,167.8803,0.0,-17.1775,-20.3004
JCI,149.4199981689453,149.42,2026-09-29,False,148.75,150.52000427246094,0.36,39.29,ALTO,90509885440.0,42.21,24.61,6.71,14.33,5.4,15.88,14.32,3.3,22.98,0.7,1.0,6.0,YAHOO,0.1119,-0.2614,0.3608,0.05513,2.2866,-3.8415,106.6,2026-11-04,36,,,yahoo,1.0,1.0,1.0,0.0,0.0,0.0,1.0,1.0,1.0,2.035,8.3508,4.1412,2.5517,29.8656,27.2279,150.2,154.3279,154.3279,-0.5193,-3.1802,-3.1802
ADP,261.79998779296875,261.8,2026-09-29,False,258.29998779296875,262.2099914550781,0.0,-8.01,ALTO,103738654720.0,23.93,19.54,17.27,72.24,6.25,23.46,20.11,5.05,16.42,0.91,1.05,6.0,YAHOO,0.1119,-0.2614,0.3608,0.05513,2.2866,-3.8415,106.6,2026-10-28,29,,,yahoo,1.0,0.0,1.0,1.0,0.0,1.0,1.0,1.0,0.0,-2.9076,-5.3267,-0.1495,17.6492,6.2707,27.3105,281.727,285.6519,285.6519,-7.0732,-8.35,-8.35
ECL,277.8699951171875,277.87,2026-09-29,False,276.7200012207031,280.82000732421875,-0.84,2.87,ALTO,77894909952.0,37.25,29.53,7.75,21.96,7.23,18.52,12.57,1.89,20.97,1.38,1.84,6.0,YAHOO,0.1119,-0.2614,0.3608,0.05513,2.2866,-3.8415,106.6,2026-10-27,28,,,yahoo,1.0,0.0,1.0,1.0,1.0,0.0,1.0,1.0,0.0,0.5973,1.1908,-0.262,-0.0006,16.4193,20.5011,280.23,289.83,305.8773,-0.8422,-4.1266,-9.1564
SHW,330.44000244140625,330.44,2026-09-29,False,327.92999267578125,336.5400085449219,-0.71,-2.79,ALTO,80216997888.0,30.46,24.3,20.69,65.12,9.52,18.12,11.01,3.12,20.06,3.9,0.73,6.0,YAHOO,0.1119,-0.2614,0.3608,0.05513,2.2866,-3.8415,106.6,2026-10-27,28,,,yahoo,1.0,0.0,1.0,1.0,0.0,1.0,1.0,1.0,0.0,0.6365,2.2338,-3.9544,-3.8093,31.9717,31.5974,333.71,368.8774,369.9613,-0.9799,-10.4201,-10.6826
ROST,234.39999389648438,234.4,2026-09-29,False,233.5399932861328,236.24000549316406,-1.13,55.58,ALTO,75191083008.0,28.34,26.21,11.11,42.63,12.78,13.58,10.85,2.66,20.6,0.7,1.61,6.0,YAHOO,0.1119,-0.2614,0.3608,0.05513,2.2866,-3.8415,106.6,2026-11-19,51,,,yahoo,1.0,0.0,1.0,1.0,1.0,0.0,1.0,0.0,1.0,0.8129,3.5976,-7.0147,10.3373,12.6632,24.5539,237.09,254.7377,254.7377,-1.1346,-7.9838,-7.9838
VRTX,526.72998046875,526.73,2026-09-29,False,519.25,529.4600219726562,-0.18,33.18,ALTO,133505466368.0,30.71,26.21,6.59,23.54,11.93,38.05,35.0,1.97,25.02,0.1,3.19,6.0,YAHOO,0.1119,-0.2614,0.3608,0.05513,2.2866,-3.8415,106.6,2026-11-02,34,,,yahoo,1.0,1.0,1.0,0.0,0.0,1.0,1.0,1.0,0.0,2.2797,2.3512,9.3481,6.0395,9.2059,27.0229,557.96,557.96,557.96,-5.5972,-5.5972,-5.5972
DD,130.1199951171875,130.12,2026-09-29,False,129.58999633789062,131.2100067138672,-0.66,36.86,ALTO,17571790848.0,55.85,16.34,1.28,1.79,2.07,14.24,0.79,10.44,12.08,0.23,2.43,6.0,YAHOO,0.1119,-0.2614,0.3608,0.05513,2.2866,-3.8415,106.6,2026-11-05,37,,,yahoo,0.0,0.0,1.0,1.0,1.0,0.0,1.0,1.0,1.0,-1.2747,1.6245,-5.8683,-3.6476,13.6569,22.4434,132.93,146.7245,152.6918,-2.1139,-11.3168,-14.7826
HOOD,116.22000122070312,116.22,2026-09-29,False,114.93000030517578,119.19000244140625,-0.21,-15.05,ALTO,104491343872.0,51.42,33.67,11.02,23.62,4.53,43.88,42.01,,,2.4,1.12,4.0,YAHOO,0.1119,-0.2614,0.3608,0.05513,2.2866,-3.8415,106.6,2026-11-04,36,,,yahoo,1.0,0.0,1.0,0.0,0.0,0.0,0.0,1.0,1.0,-6.4628,5.2241,34.2032,15.8955,14.805,71.9373,124.72,124.72,152.46,-6.8153,-6.8153,-23.7702
GEV,962.489990234375,962.49,2026-09-29,False,954.4500122070312,973.4099731445312,1.34,60.07,ALTO,256343408640.0,27.25,38.31,21.44,82.58,2.54,7.47,23.04,6.13,63.28,0.28,0.85,7.0,YAHOO,0.1119,-0.2614,0.3608,0.05513,2.2866,-3.8415,106.6,2026-10-28,29,,,yahoo,1.0,1.0,1.0,1.0,1.0,0.0,1.0,1.0,0.0,1.2849,9.0257,-1.9848,-18.0762,14.0116,48.516,971.31,1091.5699,1174.86,-0.9081,-11.8252,-18.0762
DELL,539.5900268554688,539.59,2026-09-29,False,536.5800170898438,551.3900146484375,-0.71,308.05,ALTO,343078207488.0,31.43,18.53,-241.97,,8.64,12.02,7.52,1.76,20.69,,0.96,7.0,YAHOO,0.1119,-0.2614,0.3608,0.05513,2.2866,-3.8415,106.6,2026-11-27,59,2026-09-01,28.0,yahoo,1.0,1.0,1.0,1.0,1.0,1.0,1.0,0.0,0.0,-1.6997,-0.7212,33.2946,25.2681,60.2379,82.2245,588.4,588.4,588.4,-8.2954,-8.2954,-8.2954
GLW,158.7100067138672,158.71,2026-09-29,False,155.6199951171875,161.38999938964844,4.7,99.41,ALTO,136710955008.0,73.14,36.37,11.45,16.81,5.37,15.65,11.2,0.54,35.29,0.71,1.81,7.0,YAHOO,0.1119,-0.2614,0.3608,0.05513,2.2866,-3.8415,106.6,2026-10-27,28,,,yahoo,1.0,1.0,1.0,1.0,1.0,0.0,0.0,1.0,1.0,-0.6137,10.5454,17.5927,-37.7486,53.1696,75.1706,168.46,192.0184,255.2094,-5.7877,-17.3465,-37.8119
WDC,453.4800109863281,453.48,2026-09-29,False,447.0299987792969,465.8999938964844,0.06,289.12,ALTO,163498098688.0,16.85,14.28,22.45,130.85,20.76,43.61,72.95,1.39,32.61,13.44,1.33,6.0,YAHOO+FINNHUB,0.1119,-0.2614,0.3608,0.05513,2.2866,-3.8415,106.6,2026-11-05,37,,,yahoo,1.0,1.0,1.0,0.0,0.0,1.0,0.0,1.0,1.0,-2.3935,10.0787,-14.8984,-28.979,43.5786,79.1682,482.28,582.4031,745.9905,-5.9716,-22.1364,-39.211
FISV,45.36000061035156,45.36,2026-09-29,False,45.290000915527344,46.08000183105469,-1.43,-65.29,ALTO,24120938496.0,8.82,5.65,0.9,10.77,3.49,23.07,,,,1.04,1.04,5.0,YAHOO+FINNHUB,0.1119,-0.2614,0.3608,0.05513,2.2866,-3.8415,106.6,2026-10-28,29,,,yahoo,1.0,1.0,1.0,1.0,0.0,0.0,1.0,0.0,0.0,-1.6052,-9.3163,-16.1087,-7.5229,17.911,37.803,53.0,55.78,130.45,-14.4151,-18.6805,-65.2281
BKR,55.91999816894531,55.92,2026-09-29,False,55.88999938964844,56.849998474121094,-2.1,12.29,ALTO,55510331392.0,18.21,18.2,2.79,16.46,4.85,12.83,11.17,7.95,11.35,0.81,2.1,7.0,YAHOO,0.1119,-0.2614,0.3608,0.05513,2.2866,-3.8415,106.6,2026-10-27,28,,,yahoo,1.0,0.0,1.0,1.0,1.0,1.0,1.0,1.0,0.0,-2.3402,-1.4104,-6.301,1.1274,20.6661,31.2824,64.63,64.9,69.1833,-13.4767,-13.8367,-19.1712
CCL,25.110000610351562,25.11,2026-09-29,False,24.0,25.290000915527344,13.41,-13.28,ALTO,33763162112.0,11.31,9.71,2.66,26.69,5.37,12.79,11.24,5.63,7.43,2.02,0.33,8.0,YAHOO,0.1119,-0.2614,0.3608,0.05513,2.2866,-3.8415,106.6,2026-09-29,0,2026-09-28,1.0,yahoo,1.0,1.0,1.0,1.0,1.0,1.0,0.0,1.0,1.0,12.702,13.5685,-9.1051,-11.6503,103.9001,43.7299,25.11,29.5154,33.4524,0.0,-14.9258,-24.9382
BKNG,162.33999633789062,162.34,2026-09-29,False,161.0,164.17999267578125,-0.93,-24.98,ALTO,121979101184.0,18.22,13.13,-11.41,,20.38,34.41,25.53,6.33,12.07,,1.09,6.0,YAHOO,0.1119,-0.2614,0.3608,0.05513,2.2866,-3.8415,106.6,2026-10-27,28,,,yahoo,1.0,0.0,1.0,1.0,0.0,1.0,1.0,0.0,1.0,-1.1448,-5.2417,-15.7876,-8.7006,35.2442,41.4,199.1191,213.9034,218.108,-18.4709,-24.1059,-25.569
HWM,230.94000244140625,230.94,2026-09-29,False,228.0,232.3000030517578,1.15,20.52,ALTO,92099198976.0,49.88,35.74,16.12,34.73,12.81,28.5,20.52,1.29,34.43,0.81,1.82,8.0,YAHOO,0.1119,-0.2614,0.3608,0.05513,2.2866,-3.8415,106.6,2026-11-05,37,,,yahoo,1.0,1.0,1.0,1.0,1.0,0.0,1.0,1.0,1.0,2.476,2.7908,-16.6721,-14.0625,22.7802,37.9058,260.49,292.65,292.65,-11.344,-21.0866,-21.0866
WELL,232.89999389648438,232.9,2026-09-29,False,231.0800018310547,234.13999938964844,-0.03,34.07,ALTO,167821213696.0,104.91,73.24,3.61,3.84,0.83,16.56,12.15,1.64,55.94,0.41,1.32,7.0,YAHOO,0.1119,-0.2614,0.3608,0.05513,2.2866,-3.8415,106.6,2026-10-26,27,,,yahoo,1.0,0.0,1.0,1.0,1.0,1.0,0.0,1.0,1.0,1.0895,0.0601,-0.7855,3.0,17.3837,20.1839,241.12,251.122,251.122,-3.4091,-7.2562,-7.2562
XYZ,74.05000305175781,74.05,2026-09-29,False,72.86499786376953,74.48999786376953,1.01,-1.84,ALTO,44488871936.0,132.23,14.25,2.02,1.61,2.01,7.0,1.43,-0.06,29.0,0.33,2.21,6.0,YAHOO,0.1119,-0.2614,0.3608,0.05513,2.2866,-3.8415,106.6,2026-11-09,41,,,yahoo,1.0,0.0,1.0,1.0,1.0,0.0,1.0,1.0,0.0,-4.4886,-5.4399,-10.3402,-2.5658,46.0401,37.3885,83.37,84.85,84.85,-11.1791,-12.7283,-12.7283
A,175.02999877929688,175.03,2026-09-29,False,173.22000122070312,177.0500030517578,-0.1,42.51,ALTO,49352478720.0,34.59,25.9,6.7,20.97,8.63,25.56,19.53,2.15,24.87,0.56,2.05,,YAHOO,0.1119,-0.2614,0.3608,0.05513,2.2866,-3.8415,106.6,2026-11-25,57,,,yahoo,1.0,0.0,1.0,1.0,1.0,0.0,1.0,0.0,0.0,4.6455,16.477,26.1841,31.7699,34.5404,29.4081,175.21,175.21,175.21,-0.1027,-0.1027,-0.1027
ACGL,95.12000274658203,95.12,2026-09-29,False,93.8499984741211,95.26000213623047,0.23,5.83,ALTO,32457715712.0,7.43,9.76,1.39,19.94,4.12,26.58,24.4,13.25,5.93,0.18,0.59,,YAHOO,0.1119,-0.2614,0.3608,0.05513,2.2866,-3.8415,106.6,2026-10-27,28,,,yahoo,1.0,0.0,1.0,1.0,1.0,0.0,1.0,0.0,1.0,0.179,-1.9786,-5.9521,-1.9988,4.8739,20.2275,99.83,106.48,106.48,-4.718,-10.6687,-10.6687
ADM,79.4000015258789,79.4,2026-09-29,False,78.5199966430664,80.29000091552734,-1.22,35.44,ALTO,38267592704.0,21.99,14.0,1.62,7.64,2.26,4.01,2.16,3.04,15.63,0.39,1.39,,YAHOO,0.1119,-0.2614,0.3608,0.05513,2.2866,-3.8415,106.6,2026-11-03,35,,,yahoo,1.0,0.0,1.0,1.0,1.0,0.0,0.0,0.0,0.0,-3.5706,-8.3247,-0.8759,4.5863,5.9259,29.0981,88.09,88.09,88.09,-9.8649,-9.8649,-9.8649
ADSK,203.17999267578125,203.18,2026-09-29,False,199.17999267578125,206.0500030517578,-1.94,-36.97,ALTO,42464616448.0,26.28,14.31,12.55,53.85,11.47,29.23,21.08,7.44,18.38,1.1,0.85,,YAHOO,0.1119,-0.2614,0.3608,0.05513,2.2866,-3.8415,106.6,2026-11-27,59,,,yahoo,1.0,0.0,1.0,1.0,0.0,1.0,1.0,1.0,1.0,-7.4857,-10.2958,-13.5294,4.5057,12.9821,46.7437,247.69,270.58,323.43,-17.97,-24.9095,-37.1796
AEE,100.25,100.25,2026-09-29,False,98.75,100.62000274658203,0.87,-0.49,ALTO,27753537536.0,17.65,17.26,2.03,11.94,3.06,25.24,18.58,-6.44,12.71,1.58,0.53,,YAHOO,0.1119,-0.2614,0.3608,0.05513,2.2866,-3.8415,106.6,2026-11-04,36,,,yahoo,1.0,1.0,1.0,1.0,1.0,0.0,0.0,0.0,1.0,-1.387,-2.6888,-7.1621,-10.6854,9.2205,14.8762,106.73,113.6239,117.4865,-6.0714,-11.7703,-14.6711
AEP,119.30000305175781,119.3,2026-09-29,False,117.26000213623047,119.58000183105469,0.93,11.98,ALTO,64946610176.0,20.68,17.4,2.02,10.13,2.98,23.25,13.78,-9.23,13.19,1.61,0.5,,YAHOO,0.1119,-0.2614,0.3608,0.05513,2.2866,-3.8415,106.6,2026-10-28,29,,,yahoo,1.0,1.0,1.0,1.0,0.0,1.0,0.0,0.0,0.0,-0.8065,-1.0861,-5.9256,-12.1349,11.833,16.3001,125.42,136.4908,137.6421,-4.8796,-12.5949,-13.3259
AES,14.859999656677246,14.86,2026-09-29,False,14.850000381469727,14.90999984741211,-0.07,18.48,ALTO,10601698304.0,5.57,6.27,2.14,9.57,2.96,18.67,14.34,-29.14,12.18,2.57,0.75,,YAHOO,0.1119,-0.2614,0.3608,0.05513,2.2866,-3.8415,106.6,2026-11-04,36,,,yahoo,1.0,0.0,1.0,1.0,1.0,0.0,0.0,0.0,0.0,0.2699,0.4054,1.2675,2.58,2.3746,2.8004,14.87,14.87,16.8672,-0.0673,-0.0673,-11.9002
AFL,113.66000366210938,113.66,2026-09-29,False,112.16999816894531,113.69000244140625,0.1,4.15,ALTO,56982679552.0,12.26,15.05,1.88,16.91,3.13,25.72,26.91,9.04,10.59,0.53,0.89,,YAHOO,0.1119,-0.2614,0.3608,0.05513,2.2866,-3.8415,106.6,2026-11-04,36,,,yahoo,1.0,0.0,1.0,0.0,0.0,0.0,1.0,0.0,0.0,-0.8202,-3.3092,-10.3074,-2.5736,7.943,16.6092,118.36,128.9008,128.9008,-3.9709,-11.8237,-11.8237
AIZ,263.6499938964844,263.65,2026-09-29,False,260.6400146484375,264.6300048828125,0.05,24.67,ALTO,13004211200.0,12.61,11.25,2.14,18.34,2.56,11.73,7.9,16.53,7.59,0.36,0.38,,YAHOO,0.1119,-0.2614,0.3608,0.05513,2.2866,-3.8415,106.6,2026-11-03,35,,,yahoo,1.0,1.0,1.0,1.0,0.0,0.0,1.0,0.0,1.0,-2.7409,-7.8501,-6.3709,-1.5139,20.5691,22.2212,287.71,300.641,300.641,-8.3626,-12.304,-12.304
AJG,227.75,227.75,2026-09-29,False,225.11000061035156,229.35000610351562,-0.75,-24.68,ALTO,58381660160.0,37.77,15.32,2.46,6.72,2.32,19.16,10.38,3.57,16.59,0.59,1.05,,YAHOO,0.1119,-0.2614,0.3608,0.05513,2.2866,-3.8415,106.6,2026-10-29,30,,,yahoo,1.0,0.0,1.0,1.0,1.0,0.0,0.0,1.0,1.0,-1.1716,-8.1801,-10.9575,-0.5277,20.7966,32.7447,265.9494,271.2652,306.8697,-14.3634,-16.0416,-25.7828
AKAM,108.44999694824219,108.45,2026-09-29,False,105.75,111.43000030517578,-0.5,42.21,ALTO,15586065408.0,39.29,15.83,3.28,8.92,2.52,7.63,9.51,4.56,19.97,1.97,1.64,,YAHOO,0.1119,-0.2614,0.3608,0.05513,2.2866,-3.8415,106.6,2026-11-05,37,,,yahoo,1.0,0.0,1.0,1.0,0.0,1.0,1.0,0.0,0.0,-8.3573,2.8937,-4.6593,-8.2565,69.5419,58.6599,118.44,129.52,161.14,-8.4347,-16.2678,-32.6983
ALB,107.62000274658203,107.62,2026-09-29,False,106.05000305175781,108.0,0.21,25.23,ALTO,12699704320.0,398.59,9.53,1.58,2.65,3.16,27.71,3.79,10.51,10.5,0.19,2.09,,YAHOO,0.1119,-0.2614,0.3608,0.05513,2.2866,-3.8415,106.6,2026-11-04,36,,,yahoo,0.0,1.0,1.0,1.0,0.0,1.0,0.0,1.0,0.0,-7.8596,-5.1388,-8.3028,-20.0307,41.9914,42.8008,137.2875,142.769,214.3488,-21.6098,-24.6195,-49.7921
ALGN,144.00999450683594,144.01,2026-09-29,False,142.24000549316406,145.92999267578125,-0.68,13.9,ALTO,10230449152.0,25.18,11.52,2.42,10.15,7.56,18.25,9.99,5.81,9.99,0.03,1.4,,YAHOO,0.1119,-0.2614,0.3608,0.05513,2.2866,-3.8415,106.6,2026-10-28,29,,,yahoo,1.0,0.0,1.0,1.0,1.0,1.0,1.0,0.0,1.0,-6.0539,-2.034,-16.954,-14.6152,17.173,35.5152,159.86,185.22,197.51,-9.9149,-22.2492,-27.0872
ALL,225.4199981689453,225.42,2026-09-29,False,224.2100067138672,227.0500030517578,-0.94,8.7,ALTO,56999239680.0,4.51,8.13,1.81,46.11,8.68,22.83,18.97,26.59,3.55,0.22,0.36,,YAHOO,0.1119,-0.2614,0.3608,0.05513,2.2866,-3.8415,106.6,2026-11-04,36,,,yahoo,1.0,1.0,1.0,0.0,1.0,0.0,1.0,0.0,0.0,-1.7778,-12.3595,-14.7041,-4.8675,10.6797,29.8059,263.11,273.9698,273.9698,-14.3248,-17.7208,-17.7208
ALLE,155.42999267578125,155.43,2026-09-29,False,154.1199951171875,156.6199951171875,0.03,-10.24,ALTO,13217266688.0,20.4,15.9,6.24,33.73,11.03,22.1,15.36,3.67,14.41,1.05,1.93,,YAHOO,0.1119,-0.2614,0.3608,0.05513,2.2866,-3.8415,106.6,2026-10-22,23,,,yahoo,1.0,0.0,1.0,1.0,1.0,0.0,1.0,1.0,0.0,0.9613,0.5369,-0.6863,11.0272,15.7384,31.0849,156.5639,168.342,177.7255,-0.7242,-7.6701,-12.5449
AMCR,42.459999084472656,42.46,2026-09-29,False,42.310001373291016,42.880001068115234,-0.77,10.61,ALTO,19614214144.0,17.84,9.75,1.66,9.4,3.57,9.69,4.71,7.67,9.52,1.28,1.25,,YAHOO,0.1119,-0.2614,0.3608,0.05513,2.2866,-3.8415,106.6,2026-11-05,37,,,yahoo,1.0,1.0,1.0,1.0,0.0,1.0,0.0,1.0,1.0,-1.8039,0.0,-4.6067,-0.6458,19.4468,28.579,46.0188,47.9018,48.4112,-7.7334,-11.3602,-12.2931
AME,250.77999877929688,250.78,2026-09-29,False,249.58999633789062,254.19000244140625,-0.35,34.96,ALTO,57494134784.0,36.61,26.07,5.11,14.56,8.16,26.18,20.04,2.6,23.72,0.21,1.21,,YAHOO,0.1119,-0.2614,0.3608,0.05513,2.2866,-3.8415,106.6,2026-10-29,30,,,yahoo,1.0,0.0,1.0,1.0,1.0,0.0,1.0,1.0,0.0,2.1882,6.9652,4.6396,3.8049,10.1892,22.0548,251.67,258.1438,258.1438,-0.3536,-2.8526,-2.8526
AMP,497.32000732421875,497.32,2026-09-29,False,492.5799865722656,498.3399963378906,0.23,0.81,ALTO,43929874432.0,12.01,9.63,6.91,63.43,2.28,30.72,19.9,6.61,,0.68,2.18,,YAHOO,0.1119,-0.2614,0.3608,0.05513,2.2866,-3.8415,106.6,2026-10-29,30,,,yahoo,1.0,0.0,1.0,1.0,0.0,0.0,1.0,0.0,1.0,-2.9373,-11.0881,-8.3728,8.7439,35.6556,23.645,565.08,570.68,570.68,-11.9912,-12.8548,-12.8548
AMT,167.35000610351562,167.35,2026-09-29,False,166.07000732421875,169.22000122070312,-0.39,-10.72,ALTO,77978419200.0,23.08,23.87,20.96,33.91,4.89,45.41,31.08,3.74,18.13,4.39,0.35,,YAHOO,0.1119,-0.2614,0.3608,0.05513,2.2866,-3.8415,106.6,2026-10-27,28,,,yahoo,1.0,1.0,1.0,1.0,1.0,0.0,1.0,0.0,1.0,-4.5078,-5.8297,-4.0754,2.3109,20.2672,24.3507,177.85,179.26,192.2845,-5.9039,-6.644,-12.9675
AON,275.8999938964844,275.9,2026-09-29,False,269.0199890136719,276.9700012207031,1.4,-21.88,ALTO,58525409280.0,15.2,13.6,6.09,44.7,5.83,23.46,22.27,5.45,12.44,1.63,1.03,,YAHOO,0.1119,-0.2614,0.3608,0.05513,2.2866,-3.8415,106.6,2026-10-30,31,,,yahoo,1.0,1.0,1.0,0.0,1.0,1.0,1.0,1.0,1.0,-3.5652,-9.443,-24.5631,-16.6303,28.6196,32.0915,330.88,380.3929,380.3929,-16.6163,-27.4697,-27.4697
AOS,58.02000045776367,58.02,2026-09-29,False,57.72999954223633,58.79999923706055,-0.62,-18.53,ALTO,7885415424.0,16.16,14.2,4.28,27.13,12.54,18.93,13.15,6.15,10.7,0.37,1.59,,YAHOO,0.1119,-0.2614,0.3608,0.05513,2.2866,-3.8415,106.6,2026-10-27,28,,,yahoo,1.0,1.0,1.0,1.0,1.0,0.0,1.0,1.0,1.0,-0.2407,1.3981,-2.4054,-6.9335,16.5106,28.4407,60.53,63.98,79.5335,-4.1467,-9.3154,-27.0496
APA,42.189998626708984,42.19,2026-09-29,False,41.22999954223633,42.5099983215332,-0.33,79.32,ALTO,14781330432.0,8.9,9.44,2.11,26.66,11.6,56.33,19.56,14.52,3.35,0.49,0.95,,YAHOO,0.1119,-0.2614,0.3608,0.05513,2.2866,-3.8415,106.6,2026-11-04,36,,,yahoo,1.0,1.0,1.0,1.0,1.0,0.0,1.0,0.0,1.0,-0.26,-11.0103,16.1299,30.4481,14.8398,43.5194,47.41,47.41,47.41,-11.0103,-11.0103,-11.0103
APD,279.19000244140625,279.19,2026-09-29,False,276.4700012207031,281.05999755859375,0.16,5.91,ALTO,62171574272.0,,19.34,4.48,0.02,4.73,25.54,-0.38,-2.41,17.66,1.1,1.08,,YAHOO,0.1119,-0.2614,0.3608,0.05513,2.2866,-3.8415,106.6,2026-11-05,37,,,yahoo,0.0,0.0,1.0,1.0,0.0,0.0,0.0,0.0,0.0,-3.0119,-3.9131,-6.9987,-4.1802,9.0025,19.0906,309.45,309.46,314.19,-9.7786,-9.7816,-11.1398
APH,84.33999633789062,84.34,2026-09-29,False,83.70999908447266,86.22000122070312,-0.33,40.31,ALTO,207979642880.0,42.38,25.71,13.42,38.12,14.47,29.78,17.73,1.84,23.41,1.2,1.89,,YAHOO,0.1119,-0.2614,0.3608,0.05513,2.2866,-3.8415,106.6,2026-10-28,29,,,yahoo,1.0,1.0,1.0,1.0,0.0,1.0,0.0,1.0,0.0,1.8107,8.784,5.7074,-4.1847,11.1118,40.025,84.62,85.9866,88.0235,-0.3309,-1.915,-4.1847
APO,119.0,119.0,2026-09-29,False,118.33999633789062,121.8499984741211,0.0,-12.68,ALTO,70274637824.0,42.35,11.09,3.5,11.41,0.94,21.95,5.27,,,1.01,1.95,,YAHOO,0.1119,-0.2614,0.3608,0.05513,2.2866,-3.8415,106.6,2026-11-03,35,,,yahoo,1.0,0.0,1.0,1.0,0.0,0.0,0.0,0.0,1.0,-4.1482,-6.2992,-0.6215,1.0081,28.3797,33.1861,134.49,142.9761,150.8032,-11.5176,-16.7693,-21.0892
APP,305.6600036621094,305.66,2026-09-29,False,304.8399963378906,313.3800048828125,-0.84,-57.15,ALTO,102683271168.0,23.69,14.57,32.4,203.69,46.46,77.68,64.58,3.1,18.98,1.11,4.3,,YAHOO,0.1119,-0.2614,0.3608,0.05513,2.2866,-3.8415,106.6,2026-11-04,36,,,yahoo,1.0,1.0,1.0,1.0,1.0,1.0,1.0,1.0,1.0,-7.0179,-7.7837,-24.3172,-40.675,2.3656,62.7686,334.24,527.98,733.6,-8.5507,-42.1077,-58.3342
APTV,43.369998931884766,43.37,2026-09-29,False,42.91999816894531,43.9900016784668,-0.62,-49.49,ALTO,9005057024.0,19.62,6.6,1.03,5.16,6.72,12.68,1.07,17.94,4.31,0.65,2.02,,YAHOO,0.1119,-0.2614,0.3608,0.05513,2.2866,-3.8415,106.6,2026-10-29,30,,,yahoo,1.0,0.0,1.0,1.0,1.0,1.0,1.0,1.0,1.0,-2.7796,-0.8686,-25.34,-29.3418,44.1584,48.6159,47.95,60.57,88.67,-9.5516,-28.3969,-51.0883
ARE,48.470001220703125,48.47,2026-09-29,False,47.970001220703125,49.06999969482422,-0.39,-39.15,ALTO,8341458432.0,,-59.84,0.53,-4.08,0.93,17.28,-36.08,16.12,13.9,0.69,2.35,,YAHOO,0.1119,-0.2614,0.3608,0.05513,2.2866,-3.8415,106.6,2026-10-26,27,,,yahoo,0.0,0.0,1.0,1.0,0.0,1.0,1.0,0.0,1.0,-9.9907,-8.4262,-7.6586,-8.2876,17.6756,44.2284,56.34,56.34,80.2429,-13.9688,-13.9688,-39.5959
ARES,118.97000122070312,118.97,2026-09-29,False,117.61000061035156,119.58000183105469,0.53,-24.25,ALTO,39471382528.0,54.57,16.55,10.79,14.92,4.58,9.47,12.11,5.47,32.3,1.72,0.62,,YAHOO,0.1119,-0.2614,0.3608,0.05513,2.2866,-3.8415,106.6,2026-10-29,30,,,yahoo,1.0,0.0,1.0,1.0,1.0,0.0,0.0,0.0,1.0,-4.6103,-6.8728,-3.1363,8.0112,31.8597,36.9323,140.0401,147.8872,171.1987,-15.0458,-19.5535,-30.5077
ATO,157.60000610351562,157.6,2026-09-29,False,155.63999938964844,157.99000549316406,0.35,-4.95,ALTO,26632597504.0,18.78,17.47,1.75,9.79,3.89,37.22,28.5,-8.34,13.88,0.68,0.81,,YAHOO,0.1119,-0.2614,0.3608,0.05513,2.2866,-3.8415,106.6,2026-11-04,36,,,yahoo,1.0,1.0,1.0,1.0,0.0,0.0,0.0,1.0,1.0,0.1653,-2.7401,-9.0151,-7.9641,4.2269,14.3852,169.12,178.4242,190.0626,-6.8117,-11.6712,-17.0799
AWK,129.8000030517578,129.8,2026-09-29,False,127.33000183105469,130.52000427246094,0.67,-2.76,ALTO,25795022848.0,22.3,19.77,2.21,10.1,3.52,40.66,21.35,-6.92,14.29,1.38,0.52,,YAHOO,0.1119,-0.2614,0.3608,0.05513,2.2866,-3.8415,106.6,2026-10-28,29,,,yahoo,1.0,0.0,1.0,1.0,1.0,1.0,0.0,1.0,1.0,-3.004,-5.9557,-4.4928,-0.6966,15.2697,20.7241,140.89,140.89,141.5679,-7.8714,-7.8714,-8.3125
AXON,419.5799865722656,419.58,2026-09-29,False,415.3699951171875,427.760009765625,-1.22,-41.46,ALTO,34085593088.0,173.38,39.79,9.28,6.22,0.51,5.17,6.19,0.65,213.46,0.5,2.15,,YAHOO,0.1119,-0.2614,0.3608,0.05513,2.2866,-3.8415,106.6,2026-11-03,35,,,yahoo,1.0,0.0,1.0,1.0,0.0,1.0,0.0,0.0,0.0,-8.6519,-5.0896,-20.1256,-25.1565,16.7486,69.8054,538.15,645.72,759.44,-22.0329,-35.0214,-44.7514
AZO,2875.969970703125,2875.97,2026-09-29,False,2836.02001953125,2921.47998046875,-1.28,-32.77,ALTO,46513061888.0,19.79,14.96,-18.59,,11.35,19.97,12.65,,13.6,,0.9,,YAHOO,0.1119,-0.2614,0.3608,0.05513,2.2866,-3.8415,106.6,2026-12-08,70,2026-09-22,7.0,yahoo,1.0,0.0,1.0,1.0,1.0,1.0,1.0,0.0,0.0,-0.6481,0.5496,-4.3438,-10.0118,18.1084,26.5208,2983.29,3142.1699,4290.2402,-3.5974,-8.4719,-32.9648
BAX,23.479999542236328,23.48,2026-09-29,False,23.149999618530273,23.719999313354492,-0.04,5.06,ALTO,12139065344.0,,11.53,1.96,-14.37,2.85,14.43,-9.27,8.24,10.42,1.56,1.95,,YAHOO,0.1119,-0.2614,0.3608,0.05513,2.2866,-3.8415,106.6,2026-10-29,30,,,yahoo,0.0,0.0,1.0,1.0,0.0,1.0,0.0,0.0,1.0,-0.8446,-0.9701,-12.1904,10.1738,6.3917,39.3688,25.83,28.3391,28.3391,-9.0979,-17.1462,-17.1462
BBY,88.75,88.75,2026-09-29,False,87.41999816894531,89.8499984741211,-1.29,23.49,ALTO,18613334016.0,14.97,12.3,5.87,43.13,7.25,3.9,3.01,7.54,7.77,1.3,1.12,,YAHOO,0.1119,-0.2614,0.3608,0.05513,2.2866,-3.8415,106.6,2026-11-24,56,,,yahoo,1.0,1.0,1.0,1.0,0.0,1.0,1.0,0.0,1.0,-6.4016,-3.8168,2.1194,18.1883,9.8404,36.9773,94.82,94.82,94.82,-6.4016,-6.4016,-6.4016
BDX,181.97000122070312,181.97,2026-09-29,False,180.08999633789062,182.9499969482422,-1.01,28.88,ALTO,49566228480.0,31.87,13.69,2.03,6.61,4.34,15.73,4.19,9.04,10.73,0.69,0.86,,YAHOO,0.1119,-0.2614,0.3608,0.05513,2.2866,-3.8415,106.6,2026-11-05,37,,,yahoo,1.0,1.0,1.0,1.0,0.0,0.0,1.0,1.0,1.0,-0.5628,-2.1246,10.6335,20.9563,30.1422,27.3433,186.5201,190.8744,190.8744,-2.4394,-4.665,-4.665
BEN,32.66999816894531,32.67,2026-09-29,False,32.220001220703125,32.88999938964844,-0.03,47.18,ALTO,16598871040.0,22.22,10.24,1.41,7.89,2.64,12.98,8.72,-18.02,11.21,0.25,5.49,,YAHOO,0.1119,-0.2614,0.3608,0.05513,2.2866,-3.8415,106.6,2026-11-06,38,,,yahoo,1.0,1.0,1.0,1.0,0.0,0.0,1.0,1.0,1.0,-1.3885,-1.8624,-1.5074,-1.8034,16.8564,23.9008,34.73,35.77,35.77,-5.9315,-8.6665,-8.6665
BLDR,57.529998779296875,57.53,2026-09-29,False,56.869998931884766,58.54999923706055,-0.83,-51.96,ALTO,6190024192.0,63.22,13.01,1.55,2.51,2.39,3.33,0.71,7.51,11.11,1.31,1.79,,YAHOO,0.1119,-0.2614,0.3608,0.05513,2.2866,-3.8415,106.6,2026-10-29,30,,,yahoo,1.0,0.0,1.0,1.0,0.0,0.0,1.0,0.0,0.0,-5.4871,-4.4352,-12.8465,-35.7063,24.5662,50.3526,65.79,78.42,129.54,-12.5551,-26.6386,-55.589
BLK,1067.93994140625,1067.9399,2026-09-29,False,1061.719970703125,1075.8800048828125,-0.31,-7.27,ALTO,173514817536.0,25.56,16.61,2.87,12.28,3.74,35.08,24.09,4.37,15.6,0.23,2.45,,YAHOO,0.1119,-0.2614,0.3608,0.05513,2.2866,-3.8415,106.6,2026-10-14,15,,,yahoo,1.0,0.0,1.0,0.0,1.0,0.0,0.0,0.0,0.0,0.12,0.8766,-2.2715,11.6332,19.9465,27.5881,1122.3403,1176.8008,1177.4277,-4.847,-9.2506,-9.2989
BR,160.9499969482422,160.95,2026-09-29,False,159.92999267578125,162.6199951171875,-1.21,-30.78,ALTO,18171258880.0,16.77,13.9,6.46,40.92,9.29,24.61,15.04,6.57,11.87,1.24,1.24,,YAHOO,0.1119,-0.2614,0.3608,0.05513,2.2866,-3.8415,106.6,2026-11-03,35,,,yahoo,1.0,1.0,1.0,1.0,0.0,1.0,1.0,1.0,1.0,-1.2698,-5.4626,4.6335,18.2485,12.4533,33.614,179.2857,184.3148,232.8484,-10.2271,-12.6766,-30.8778
BRO,60.599998474121094,60.6,2026-09-29,False,59.0099983215332,60.65999984741211,0.6,-34.28,ALTO,20277387264.0,19.36,12.56,1.59,10.02,5.38,41.84,18.08,8.1,9.49,0.64,1.13,,YAHOO,0.1119,-0.2614,0.3608,0.05513,2.2866,-3.8415,106.6,2026-10-26,27,,,yahoo,1.0,0.0,1.0,1.0,0.0,0.0,0.0,1.0,0.0,-2.9468,-9.8617,-14.2934,-5.3152,22.596,32.1049,72.56,74.6971,95.0407,-16.4829,-18.8723,-36.2379
BSX,43.880001068115234,43.88,2026-09-29,False,43.220001220703125,44.29999923706055,-0.52,-54.84,ALTO,63592194048.0,17.84,12.86,2.55,15.34,6.19,22.9,17.5,3.85,13.29,0.5,1.24,,YAHOO,0.1119,-0.2614,0.3608,0.05513,2.2866,-3.8415,106.6,2026-10-28,29,,,yahoo,1.0,1.0,1.0,1.0,0.0,1.0,0.0,1.0,1.0,-2.3152,0.0228,-4.6087,2.8116,15.0193,35.5337,48.37,52.01,104.98,-9.2826,-15.6316,-58.2016
BXP,61.709999084472656,61.71,2026-09-29,False,61.56999969482422,63.189998626708984,-1.15,-14.54,ALTO,11161946112.0,33.54,27.76,1.91,5.31,1.68,28.75,9.3,7.89,17.49,2.12,0.51,,YAHOO,0.1119,-0.2614,0.3608,0.05513,2.2866,-3.8415,106.6,2026-10-27,28,,,yahoo,1.0,1.0,1.0,1.0,0.0,0.0,0.0,0.0,1.0,-4.0429,-3.3365,-13.897,-6.9371,23.7734,26.5239,68.23,72.97,73.7504,-9.5559,-15.431,-16.3259
CAG,14.130000114440918,14.13,2026-09-29,False,13.9399995803833,14.239999771118164,-0.21,-15.54,ALTO,6762132480.0,,9.2,1.06,-25.06,4.4,13.77,-16.98,12.7,8.05,1.18,0.9,,YAHOO,0.1119,-0.2614,0.3608,0.05513,2.2866,-3.8415,106.6,2026-09-30,1,,,yahoo,0.0,0.0,1.0,1.0,0.0,1.0,0.0,0.0,1.0,-4.3978,-5.9254,-5.988,6.1765,14.6875,29.5863,16.18,16.67,19.3071,-12.67,-15.237,-26.8146
CARR,55.380001068115234,55.38,2026-09-29,False,55.10499954223633,56.06999969482422,-0.88,-4.96,ALTO,45651124224.0,39.56,16.72,3.48,8.97,2.98,13.07,5.52,1.89,18.44,0.92,1.02,,YAHOO,0.1119,-0.2614,0.3608,0.05513,2.2866,-3.8415,106.6,2026-10-27,28,,,yahoo,1.0,0.0,1.0,1.0,0.0,0.0,1.0,0.0,0.0,0.2172,-0.2881,-9.7899,-24.2275,27.6891,32.0088,59.71,69.51,75.7277,-7.2517,-20.3281,-26.8695
CB,332.0799865722656,332.08,2026-09-29,False,328.1400146484375,332.4200134277344,0.21,19.81,ALTO,128116416512.0,11.76,11.41,1.7,14.82,3.36,23.53,18.07,8.19,10.12,0.31,0.41,,YAHOO,0.1119,-0.2614,0.3608,0.05513,2.2866,-3.8415,106.6,2026-10-27,28,,,yahoo,1.0,1.0,1.0,1.0,1.0,0.0,1.0,0.0,0.0,-1.099,-2.8608,-4.8742,-2.2471,5.7395,20.5162,347.2011,362.4052,362.4052,-4.3552,-8.3678,-8.3678
CBOE,261.75,261.75,2026-09-29,False,259.3599853515625,282.0,3.35,7.02,ALTO,27334817792.0,19.72,17.19,4.86,26.3,11.58,34.63,26.73,2.48,13.76,0.28,1.56,,YAHOO,0.1119,-0.2614,0.3608,0.05513,2.2866,-3.8415,106.6,2026-10-30,31,,,yahoo,1.0,1.0,1.0,1.0,1.0,1.0,1.0,1.0,0.0,-1.9038,-3.2133,-11.4808,8.1622,46.7168,35.9733,307.62,313.0803,364.9193,-14.9113,-16.3953,-28.2718
CCI,67.06999969482422,67.07,2026-09-29,False,66.3499984741211,67.66999816894531,-0.04,-26.74,ALTO,29309589504.0,27.38,23.13,-8.74,,4.72,46.83,20.72,3.54,18.92,,0.52,,YAHOO,0.1119,-0.2614,0.3608,0.05513,2.2866,-3.8415,106.6,2026-10-21,22,,,yahoo,1.0,1.0,1.0,1.0,1.0,0.0,0.0,0.0,0.0,-7.3235,-8.4369,-11.0636,-10.1476,28.7942,27.9579,76.1527,78.6957,94.028,-11.927,-14.773,-28.6701
CDNS,324.1700134277344,324.17,2026-09-29,False,314.0,324.25,-0.77,-7.05,ALTO,89274146816.0,64.96,33.92,13.02,23.23,10.61,28.57,23.61,1.8,41.93,0.39,1.74,,YAHOO,0.1119,-0.2614,0.3608,0.05513,2.2866,-3.8415,106.6,2026-10-26,27,,,yahoo,1.0,0.0,1.0,1.0,1.0,0.0,1.0,1.0,1.0,7.0045,18.3275,-2.599,-13.6284,34.0674,41.6085,326.7,385.95,416.39,-0.7744,-16.0073,-22.1475
CDW,129.7100067138672,129.71,2026-09-29,False,128.77000427246094,132.0,-0.48,-18.49,ALTO,16216010752.0,15.59,10.8,6.66,44.01,6.59,7.34,4.6,4.17,11.08,2.63,1.17,,YAHOO,0.1119,-0.2614,0.3608,0.05513,2.2866,-3.8415,106.6,2026-11-03,35,,,yahoo,1.0,0.0,1.0,1.0,1.0,0.0,1.0,0.0,0.0,-12.0193,-15.6303,-10.4633,-7.331,28.1885,49.5534,153.92,153.92,159.0121,-15.7289,-15.7289,-18.4276
CF,115.70999908447266,115.71,2026-09-29,False,114.02999877929688,117.62000274658203,0.17,30.43,ALTO,17511333888.0,8.58,10.47,3.05,29.87,12.93,49.33,27.12,7.29,5.63,0.41,4.86,,YAHOO,0.1119,-0.2614,0.3608,0.05513,2.2866,-3.8415,106.6,2026-11-04,36,,,yahoo,1.0,1.0,1.0,1.0,0.0,1.0,1.0,1.0,1.0,-4.0468,-14.6304,-7.5247,7.4323,28.7199,40.4318,139.27,139.27,139.27,-16.9168,-16.9168,-16.9168
CFG,63.88999938964844,63.89,2026-09-29,False,63.55500030517578,65.08999633789062,-1.4,22.61,ALTO,26908985344.0,14.13,9.78,1.12,8.27,0.94,35.13,26.05,,,,,,YAHOO,0.1119,-0.2614,0.3608,0.05513,2.2866,-3.8415,106.6,2026-10-16,17,,,yahoo,1.0,1.0,1.0,1.0,1.0,0.0,1.0,0.0,1.0,-2.4431,-9.0404,-10.9299,-8.2278,19.3867,25.6768,70.83,74.73,74.73,-9.7981,-14.5056,-14.5056
CHD,94.94999694824219,94.95,2026-09-29,False,94.54000091552734,95.73999786376953,-0.7,11.56,ALTO,22522509312.0,30.63,23.53,5.18,17.04,7.87,18.07,11.96,4.17,18.23,0.56,1.15,,YAHOO,0.1119,-0.2614,0.3608,0.05513,2.2866,-3.8415,106.6,2026-10-30,31,,,yahoo,1.0,1.0,1.0,1.0,1.0,0.0,1.0,0.0,1.0,-1.2172,0.4656,-2.4985,-1.6933,14.5961,21.0332,99.43,103.3249,104.5985,-4.5057,-8.1054,-9.2244
CHRW,149.7100067138672,149.71,2026-09-29,False,147.2100067138672,149.8300018310547,0.99,15.2,ALTO,17493803008.0,28.35,19.96,10.77,37.12,9.96,5.34,3.73,2.75,20.71,1.21,1.58,,YAHOO,0.1119,-0.2614,0.3608,0.05513,2.2866,-3.8415,106.6,2026-10-28,29,,,yahoo,1.0,1.0,1.0,1.0,0.0,1.0,1.0,1.0,0.0,0.1003,-5.0244,2.3385,-20.1679,24.8256,48.998,157.63,208.5206,208.5206,-5.0244,-28.2037,-28.2037
CHTR,110.66999816894531,110.67,2026-09-29,False,109.95999908447266,113.77999877929688,-0.66,-59.98,ALTO,14382407680.0,2.88,2.64,0.78,27.2,5.31,23.5,9.05,15.29,5.24,4.42,0.36,,YAHOO,0.1119,-0.2614,0.3608,0.05513,2.2866,-3.8415,106.6,2026-10-30,31,,,yahoo,1.0,0.0,1.0,1.0,1.0,1.0,1.0,1.0,0.0,-5.62,-21.6218,-22.0634,-22.1785,31.5627,55.4833,158.97,158.97,282.74,-30.3831,-30.3831,-60.858
CI,275.260009765625,275.26,2026-09-29,False,269.010009765625,276.6099853515625,1.26,-1.85,ALTO,72734834688.0,11.38,8.24,1.7,16.76,4.46,3.98,2.27,10.97,7.65,0.74,0.85,,YAHOO,0.1119,-0.2614,0.3608,0.05513,2.2866,-3.8415,106.6,2026-11-05,37,,,yahoo,1.0,1.0,1.0,1.0,0.0,1.0,1.0,0.0,1.0,0.5553,-4.7214,-3.7793,0.402,24.1885,27.9901,290.05,302.8186,304.1076,-5.0991,-9.1007,-9.486
CINF,161.1300048828125,161.13,2026-09-29,False,160.27999877929688,162.42999267578125,-0.49,5.3,ALTO,24729919488.0,7.65,17.84,1.48,21.48,6.41,37.2,23.84,12.07,5.43,0.05,1.15,,YAHOO,0.1119,-0.2614,0.3608,0.05513,2.2866,-3.8415,106.6,2026-10-26,27,,,yahoo,1.0,0.0,1.0,1.0,1.0,0.0,1.0,0.0,0.0,-2.2803,-5.6046,-7.2577,-12.4724,4.3484,22.6262,173.7296,187.9883,190.9415,-7.2524,-14.2872,-15.6129
CLX,81.5999984741211,81.6,2026-09-29,False,80.97000122070312,81.98999786376953,0.22,-30.62,ALTO,9867970560.0,17.47,13.03,109.68,163.76,8.32,12.88,8.73,1.12,13.58,22.21,0.66,,YAHOO,0.1119,-0.2614,0.3608,0.05513,2.2866,-3.8415,106.6,2026-11-03,35,,,yahoo,1.0,0.0,1.0,1.0,0.0,0.0,1.0,0.0,0.0,-6.3683,-6.3791,-14.656,-13.5024,39.6739,33.3806,94.97,107.9,124.127,-14.0781,-24.3744,-34.2609
CMCSA,21.600000381469727,21.6,2026-09-29,False,21.459999084472656,21.809999465942383,-0.87,-23.33,ALTO,76650553344.0,6.92,6.03,0.85,11.49,4.31,17.23,8.97,16.57,4.68,1.0,0.8,,YAHOO,0.1119,-0.2614,0.3608,0.05513,2.2866,-3.8415,106.6,2026-10-22,23,,,yahoo,1.0,1.0,1.0,1.0,1.0,1.0,1.0,1.0,0.0,-3.6574,-11.5479,-8.7452,-10.8175,8.9137,35.409,26.81,27.2,31.6751,-19.433,-20.5882,-31.8076
CME,263.2200012207031,263.22,2026-09-29,False,262.7799987792969,266.94000244140625,-0.01,0.38,ALTO,94648451072.0,22.33,20.36,3.57,15.8,1.48,65.04,63.44,3.07,20.17,0.15,1.02,,YAHOO,0.1119,-0.2614,0.3608,0.05513,2.2866,-3.8415,106.6,2026-10-21,22,,,yahoo,1.0,0.0,1.0,1.0,1.0,1.0,1.0,0.0,0.0,-1.4932,-4.3149,-1.0345,19.7553,10.961,23.0242,285.1116,285.1116,315.7112,-7.6783,-7.6783,-16.6263
CMG,31.8799991607666,31.88,2026-09-29,False,31.270000457763672,32.349998474121094,0.09,-20.16,ALTO,40341524480.0,29.52,23.25,18.37,49.56,13.08,16.11,11.43,2.77,19.82,2.46,0.71,,YAHOO,0.1119,-0.2614,0.3608,0.05513,2.2866,-3.8415,106.6,2026-10-28,29,,,yahoo,1.0,1.0,1.0,1.0,0.0,0.0,1.0,0.0,1.0,-2.2985,-8.4697,-17.2378,-6.2353,29.3865,49.3512,38.52,38.52,42.36,-17.2378,-17.2378,-24.7403
CMI,521.3699951171875,521.37,2026-09-29,False,517.6799926757812,524.5399780273438,0.68,26.06,ALTO,71774126080.0,26.64,15.06,5.59,21.11,7.0,11.9,7.82,3.11,15.38,0.6,1.73,,YAHOO,0.1119,-0.2614,0.3608,0.05513,2.2866,-3.8415,106.6,2026-11-05,37,,,yahoo,1.0,0.0,1.0,1.0,0.0,1.0,0.0,1.0,0.0,-0.9047,-3.0947,-17.3259,-26.626,16.6857,27.6154,561.55,673.4433,724.8918,-7.1552,-22.5815,-28.0762
CMS,63.45000076293945,63.45,2026-09-29,False,62.290000915527344,63.5,1.36,-10.14,ALTO,19896471552.0,18.83,15.27,2.08,9.16,2.97,17.17,11.64,-11.05,13.19,1.86,0.94,,YAHOO,0.1119,-0.2614,0.3608,0.05513,2.2866,-3.8415,106.6,2026-10-29,30,,,yahoo,1.0,0.0,1.0,1.0,0.0,1.0,0.0,0.0,1.0,-1.2759,-3.747,-11.4835,-16.3895,14.6008,14.8788,68.79,76.4034,78.6889,-7.7628,-16.954,-19.366
CNC,62.209999084472656,62.21,2026-09-29,False,61.380001068115234,62.41999816894531,-0.51,76.62,ALTO,30731429888.0,,11.63,1.36,-20.36,2.48,3.76,-2.83,31.37,4.32,0.71,1.15,,YAHOO,0.1119,-0.2614,0.3608,0.05513,2.2866,-3.8415,106.6,2026-10-27,28,,,yahoo,0.0,0.0,1.0,1.0,0.0,0.0,1.0,0.0,1.0,-1.722,-8.055,2.2518,-3.0846,11.8142,35.5043,69.41,69.41,69.41,-10.3732,-10.3732,-10.3732
CNP,36.939998626708984,36.94,2026-09-29,False,36.369998931884766,37.060001373291016,0.87,-3.51,ALTO,24333125632.0,21.73,17.7,2.08,9.83,3.0,24.49,11.61,-21.34,12.59,2.1,1.12,,YAHOO,0.1119,-0.2614,0.3608,0.05513,2.2866,-3.8415,106.6,2026-10-27,28,,,yahoo,1.0,0.0,1.0,1.0,1.0,0.0,0.0,0.0,1.0,-2.4042,-2.7383,-11.8369,-15.6204,12.5501,18.1912,40.12,44.2953,44.7724,-7.9262,-16.6051,-17.4939
COF,196.4600067138672,196.46,2026-09-29,False,195.30999755859375,198.0399932861328,0.0,-10.83,ALTO,120525242368.0,10.82,8.15,1.17,9.03,1.52,33.63,21.87,,,,,,YAHOO,0.1119,-0.2614,0.3608,0.05513,2.2866,-3.8415,106.6,2026-10-20,21,,,yahoo,1.0,0.0,1.0,1.0,1.0,0.0,0.0,0.0,1.0,-2.0394,-5.023,-6.1798,-1.7278,24.0395,28.1371,220.5,226.54,254.9582,-10.9025,-13.278,-22.9442
COO,56.630001068115234,56.63,2026-09-29,False,55.84000015258789,56.7400016784668,0.11,-16.37,ALTO,10768494592.0,19.46,12.06,1.29,6.84,2.73,20.82,13.46,5.04,14.39,0.34,1.22,,YAHOO,0.1119,-0.2614,0.3608,0.05513,2.2866,-3.8415,106.6,2026-12-02,64,2026-09-09,20.0,finnhub,1.0,0.0,1.0,1.0,1.0,0.0,1.0,0.0,1.0,2.4236,6.3075,-22.0509,-21.0291,22.2255,42.2674,70.64,76.82,84.32,-19.833,-26.2822,-32.8392
COR,307.6000061035156,307.6,2026-09-29,False,298.2099914550781,307.6199951171875,1.25,0.55,ALTO,58698436608.0,22.85,15.51,19.24,96.87,3.56,1.41,0.79,3.48,12.72,4.47,0.94,,YAHOO,0.1119,-0.2614,0.3608,0.05513,2.2866,-3.8415,106.6,2026-11-04,36,,,yahoo,1.0,0.0,1.0,1.0,0.0,1.0,1.0,1.0,0.0,-2.1722,-4.8532,-1.2918,8.9111,17.2203,27.2302,337.22,337.22,372.5275,-8.7836,-8.7836,-17.4289
CPB,20.229999542236328,20.23,2026-09-29,False,19.920000076293945,20.329999923706055,0.95,-30.37,ALTO,6033287680.0,15.33,11.02,1.57,10.05,4.94,10.2,4.14,10.52,8.27,1.79,0.81,,YAHOO,0.1119,-0.2614,0.3608,0.05513,2.2866,-3.8415,106.6,2026-12-07,69,2026-09-03,26.0,finnhub,,,,,,,,,,0.099,-5.2903,-8.3786,-7.6253,45.3374,35.2916,23.78,24.16,30.4131,-14.9285,-16.2666,-33.4826
CPRT,27.139999389648438,27.14,2026-09-29,False,26.739999771118164,27.260000228881836,-0.29,-39.21,ALTO,25140606976.0,17.62,15.5,2.77,16.16,10.27,32.01,31.81,3.52,11.04,0.01,7.91,,YAHOO,0.1119,-0.2614,0.3608,0.05513,2.2866,-3.8415,106.6,2026-11-19,51,2026-09-10,19.0,yahoo,1.0,0.0,1.0,1.0,0.0,1.0,0.0,1.0,0.0,-5.7639,-12.5644,-8.2178,-3.7247,16.8453,40.7874,33.72,34.33,45.76,-19.5136,-20.9438,-40.6906
CPT,98.45999908447266,98.46,2026-09-29,False,97.62999725341797,99.19000244140625,0.06,-3.89,ALTO,11395028992.0,32.5,90.33,2.66,7.89,1.87,16.1,20.62,1.23,16.78,1.26,0.35,,YAHOO,0.1119,-0.2614,0.3608,0.05513,2.2866,-3.8415,106.6,2026-11-05,37,,,yahoo,1.0,1.0,1.0,1.0,0.0,1.0,1.0,1.0,0.0,-0.8559,-4.259,-13.0903,-14.0012,6.693,18.1605,105.96,117.58,117.58,-7.0781,-16.2613,-16.2613
CRH,84.52999877929688,84.53,2026-09-29,False,83.05999755859375,84.77999877929688,0.93,-25.47,ALTO,56236494848.0,14.8,13.02,2.34,15.81,6.06,19.02,9.94,3.59,9.64,0.78,1.58,,YAHOO,0.1119,-0.2614,0.3608,0.05513,2.2866,-3.8415,106.6,2026-10-29,30,,,yahoo,1.0,0.0,1.0,1.0,0.0,1.0,1.0,1.0,0.0,-3.9868,-3.6036,-11.595,-20.6834,24.0535,29.666,94.26,105.786,129.9237,-10.3225,-20.0934,-34.9387
CRL,295.9599914550781,295.96,2026-09-29,False,289.3800048828125,298.20001220703125,0.47,101.29,ALTO,14255720448.0,,23.24,4.97,-7.52,4.11,15.11,-5.96,3.29,20.04,1.05,1.35,,YAHOO,0.1119,-0.2614,0.3608,0.05513,2.2866,-3.8415,106.6,2026-11-04,36,,,yahoo,0.0,0.0,1.0,1.0,0.0,0.0,1.0,1.0,1.0,3.8056,8.4579,26.1444,30.4996,48.2779,41.4447,295.96,298.58,298.58,0.0,-0.8775,-0.8775
CSGP,26.950000762939453,26.95,2026-09-29,False,26.520000457763672,27.18000030517578,-0.26,-68.06,ALTO,10920075264.0,149.72,15.19,1.38,0.89,0.47,8.22,2.08,3.78,27.47,0.15,2.21,,YAHOO,0.1119,-0.2614,0.3608,0.05513,2.2866,-3.8415,106.6,2026-10-27,28,,,yahoo,1.0,0.0,1.0,1.0,1.0,0.0,0.0,0.0,1.0,-6.326,-14.6071,-8.52,-4.8376,31.5332,46.4744,31.98,33.73,84.8,-15.7286,-20.1008,-68.2193
CSX,46.93000030517578,46.93,2026-09-29,False,46.38999938964844,47.029998779296875,0.36,32.6,ALTO,86936649728.0,27.28,20.64,6.17,24.36,7.38,38.42,22.21,2.25,15.37,1.38,0.82,,YAHOO,0.1119,-0.2614,0.3608,0.05513,2.2866,-3.8415,106.6,2026-10-21,22,,,yahoo,1.0,0.0,1.0,1.0,1.0,0.0,1.0,0.0,0.0,0.7298,-3.5553,-6.2393,-0.992,6.1357,21.6674,49.41,53.0847,53.0847,-5.0192,-11.5941,-11.5941
CTAS,197.74000549316406,197.74,2026-09-29,False,196.47000122070312,201.27000427246094,-1.42,-2.11,ALTO,79000494080.0,39.55,32.1,15.18,41.38,16.66,24.1,17.82,2.05,26.24,0.52,1.45,,YAHOO,0.1119,-0.2614,0.3608,0.05513,2.2866,-3.8415,106.6,2026-12-17,79,2026-09-23,6.0,yahoo,1.0,1.0,1.0,1.0,1.0,0.0,1.0,1.0,1.0,-0.5332,-0.6082,-4.128,16.565,28.9161,27.0099,201.5,215.969,215.969,-1.866,-8.4406,-8.4406
CTSH,56.84000015258789,56.84,2026-09-29,False,55.88999938964844,56.880001068115234,0.16,-13.41,ALTO,25603250176.0,12.17,8.98,1.78,14.92,10.73,17.48,10.26,8.65,6.6,0.14,2.18,,YAHOO,0.1119,-0.2614,0.3608,0.05513,2.2866,-3.8415,106.6,2026-10-28,29,,,yahoo,1.0,0.0,1.0,1.0,1.0,1.0,1.0,0.0,1.0,-3.1357,-10.177,6.0729,47.6201,26.5824,46.4132,64.64,64.64,85.1577,-12.0668,-12.0668,-33.2533
CTVA,77.87000274658203,77.87,2026-09-29,False,76.5,78.47000122070312,0.17,15.92,ALTO,51954556928.0,47.19,18.88,2.06,4.26,4.55,30.13,5.66,4.65,12.8,0.19,1.52,,YAHOO,0.1119,-0.2614,0.3608,0.05513,2.2866,-3.8415,106.6,2026-11-03,35,,,yahoo,1.0,1.0,1.0,1.0,1.0,0.0,1.0,1.0,0.0,-3.0744,-6.6195,-12.6528,-7.8569,10.3497,35.0247,89.97,90.3175,90.3175,-13.4489,-13.7819,-13.7819
CVNA,63.619998931884766,63.62,2026-09-29,False,61.95000076293945,64.69000244140625,5.21,-19.05,ALTO,70520463360.0,33.66,28.12,11.36,58.77,11.7,9.22,6.26,0.6,19.71,1.11,3.93,,YAHOO,0.1119,-0.2614,0.3608,0.05513,2.2866,-3.8415,106.6,2026-10-28,29,,,yahoo,1.0,1.0,1.0,0.0,1.0,1.0,0.0,0.0,0.0,-2.7217,-4.9028,3.5482,-3.3425,81.4178,58.1375,74.72,75.77,95.69,-14.8555,-16.0354,-33.5145
D,60.63999938964844,60.64,2026-09-29,False,59.61000061035156,60.88999938964844,0.6,3.73,ALTO,53334454272.0,20.98,15.9,1.91,8.28,3.04,29.22,13.98,-17.21,13.51,1.6,0.81,,YAHOO,0.1119,-0.2614,0.3608,0.05513,2.2866,-3.8415,106.6,2026-10-30,31,,,yahoo,1.0,1.0,1.0,1.0,0.0,1.0,0.0,1.0,1.0,-2.8672,-5.0571,-12.1574,-10.3051,14.2191,14.2707,66.22,70.973,70.973,-8.4265,-14.5591,-14.5591
DASH,187.10000610351562,187.1,2026-09-29,False,179.1199951171875,188.13999938964844,4.88,-31.4,ALTO,81070047232.0,93.55,22.97,8.17,8.89,2.97,3.86,5.29,6.35,55.04,0.33,1.37,,YAHOO,0.1119,-0.2614,0.3608,0.05513,2.2866,-3.8415,106.6,2026-11-04,36,,,yahoo,1.0,1.0,1.0,1.0,0.0,0.0,0.0,1.0,0.0,-2.6586,-5.629,-5.2802,1.3927,88.9428,42.4838,226.24,236.93,281.74,-17.3002,-21.0315,-33.5912
DDOG,268.55999755859375,268.56,2026-09-29,False,259.260009765625,269.44000244140625,-0.05,84.82,ALTO,96433184768.0,526.59,90.33,22.07,4.7,0.18,0.67,4.48,1.09,1118.56,0.29,3.21,,YAHOO,0.1119,-0.2614,0.3608,0.05513,2.2866,-3.8415,106.6,2026-11-05,37,,,yahoo,1.0,0.0,1.0,1.0,1.0,1.0,0.0,0.0,1.0,8.52,16.6283,0.0,3.1495,32.5103,67.7137,268.7,288.15,288.15,-0.0521,-6.7985,-6.7985
DG,122.63999938964844,122.64,2026-09-29,False,120.4800033569336,124.04000091552734,-1.39,21.5,ALTO,27056441344.0,15.93,14.8,2.91,19.69,4.89,6.81,3.9,6.42,11.51,1.7,1.21,,YAHOO,0.1119,-0.2614,0.3608,0.05513,2.2866,-3.8415,106.6,2026-12-02,64,2026-08-27,33.0,finnhub,1.0,1.0,1.0,1.0,1.0,0.0,0.0,1.0,1.0,0.0082,-1.652,-3.8118,7.085,25.0226,34.4057,133.21,133.21,154.7135,-7.9348,-7.9348,-20.7309
DGX,231.97000122070312,231.97,2026-09-29,False,230.97999572753906,237.6199951171875,-2.38,24.94,ALTO,25603307520.0,24.63,19.24,3.39,14.6,6.4,15.25,9.19,3.55,14.02,0.81,1.59,,YAHOO,0.1119,-0.2614,0.3608,0.05513,2.2866,-3.8415,106.6,2026-10-22,23,,,yahoo,1.0,1.0,1.0,1.0,1.0,0.0,1.0,1.0,1.0,-1.1884,-6.1154,-0.9945,9.8906,26.4094,27.6609,247.45,247.45,247.45,-6.2558,-6.2558,-6.2558
DHI,139.39999389648438,139.4,2026-09-29,False,138.3699951171875,140.41000366210938,-0.01,-16.99,ALTO,38990356480.0,13.49,11.99,1.64,12.63,6.88,12.99,9.15,6.19,10.83,0.29,6.01,,YAHOO,0.1119,-0.2614,0.3608,0.05513,2.2866,-3.8415,106.6,2026-10-29,30,,,yahoo,1.0,0.0,1.0,0.0,0.0,1.0,1.0,0.0,0.0,-3.2683,-0.5706,-3.9267,-14.1605,15.3614,33.3884,144.41,155.2573,172.875,-3.4693,-10.2136,-19.3637
DLR,176.55999755859375,176.56,2026-09-29,False,175.64999389648438,178.24000549316406,-0.35,6.7,ALTO,66680303616.0,86.13,63.92,2.45,2.91,1.48,25.88,11.82,5.65,26.9,0.68,0.89,,YAHOO,0.1119,-0.2614,0.3608,0.05513,2.2866,-3.8415,106.6,2026-10-22,23,,,yahoo,1.0,1.0,1.0,1.0,0.0,0.0,0.0,1.0,1.0,-4.8963,-1.5117,-7.9814,-1.0075,7.7785,34.558,188.2094,198.7869,201.18,-6.1896,-11.1813,-12.2378
DLTR,113.30000305175781,113.3,2026-09-29,False,112.12999725341797,115.7699966430664,-2.34,20.2,ALTO,21258514432.0,14.23,14.32,6.21,46.03,8.26,6.21,8.04,4.94,11.13,2.24,1.13,,YAHOO,0.1119,-0.2614,0.3608,0.05513,2.2866,-3.8415,106.6,2026-12-01,63,2026-08-27,33.0,finnhub,1.0,1.0,1.0,1.0,0.0,1.0,1.0,1.0,1.0,-1.5125,0.4522,-11.8768,-6.3249,27.1172,34.0561,131.91,136.75,141.21,-14.1081,-17.1481,-19.7649
DOC,20.1299991607666,20.13,2026-09-29,False,19.959999084472656,20.229999542236328,0.15,13.09,ALTO,14271108096.0,57.51,143.79,1.77,3.04,1.51,15.99,8.25,11.53,15.41,1.09,2.29,,YAHOO,0.1119,-0.2614,0.3608,0.05513,2.2866,-3.8415,106.6,2026-10-22,23,,,yahoo,1.0,0.0,1.0,1.0,0.0,0.0,1.0,0.0,1.0,-2.2816,-0.1488,-7.8359,-4.561,11.0299,18.5884,20.9243,22.5939,22.5939,-3.7962,-10.9053,-10.9053
DOV,189.6999969482422,189.7,2026-09-29,False,188.1300048828125,192.27999877929688,-0.93,14.94,ALTO,25548838912.0,22.94,16.3,3.32,14.91,7.06,18.69,13.48,3.55,14.17,0.42,1.98,,YAHOO,0.1119,-0.2614,0.3608,0.05513,2.2866,-3.8415,106.6,2026-10-22,23,,,yahoo,1.0,0.0,1.0,1.0,1.0,0.0,1.0,1.0,0.0,1.694,0.3863,-6.7908,-15.1941,21.9665,25.9209,194.74,216.9352,231.5927,-2.5881,-12.5546,-18.089
DPZ,301.80999755859375,301.81,2026-09-29,False,289.2200012207031,302.0799865722656,3.26,-29.08,ALTO,9984398336.0,17.1,14.47,-2.51,,33.89,19.08,11.86,5.32,14.6,,1.54,,YAHOO,0.1119,-0.2614,0.3608,0.05513,2.2866,-3.8415,106.6,2026-10-13,14,,,yahoo,1.0,1.0,1.0,1.0,0.0,1.0,1.0,1.0,1.0,1.5785,-2.8988,-13.7895,2.5795,30.6742,36.8167,344.897,365.3704,430.8719,-12.4927,-17.3962,-29.9537
DRI,195.11000061035156,195.11,2026-09-29,False,194.69000244140625,198.42999267578125,-0.97,4.25,ALTO,22153132032.0,19.18,15.74,10.08,55.43,7.65,9.85,8.85,4.61,14.24,4.14,0.3,,YAHOO,0.1119,-0.2614,0.3608,0.05513,2.2866,-3.8415,106.6,2026-12-24,86,2026-09-24,5.0,yahoo,1.0,1.0,1.0,1.0,1.0,0.0,1.0,0.0,1.0,-8.6307,-6.6995,-5.7303,-4.525,20.2281,31.131,220.03,227.68,227.68,-11.3257,-14.3052,-14.3052
DTE,122.38999938964844,122.39,2026-09-29,False,119.68000030517578,122.91000366210938,1.29,-10.19,ALTO,25467897856.0,19.12,14.63,2.1,11.03,2.77,13.62,8.0,-10.2,14.73,2.29,0.8,,YAHOO,0.1119,-0.2614,0.3608,0.05513,2.2866,-3.8415,106.6,2026-10-29,30,,,yahoo,1.0,0.0,1.0,1.0,0.0,1.0,0.0,0.0,1.0,-2.4081,-5.2841,-12.8373,-18.941,18.0155,15.6429,136.0158,152.4455,153.0301,-10.0178,-19.7156,-20.0223
DUK,114.20999908447266,114.21,2026-09-29,False,112.4000015258789,114.44000244140625,0.71,-3.79,ALTO,89049792512.0,17.1,15.93,1.66,9.86,2.84,27.5,16.0,-5.03,11.05,1.62,0.66,,YAHOO,0.1119,-0.2614,0.3608,0.05513,2.2866,-3.8415,106.6,2026-11-05,37,,,yahoo,1.0,1.0,1.0,1.0,1.0,0.0,0.0,1.0,1.0,-1.8055,-3.0228,-8.7557,-8.9792,9.9941,15.5569,121.4,129.3824,131.1634,-5.9226,-11.7268,-12.9254
DVA,175.19000244140625,175.19,2026-09-29,False,174.0800018310547,176.97999572753906,-1.62,34.09,ALTO,11177121792.0,14.83,10.22,-14.64,88.48,7.51,16.06,6.05,9.33,9.11,12.42,1.47,,YAHOO,0.1119,-0.2614,0.3608,0.05513,2.2866,-3.8415,106.6,2026-10-28,29,,,yahoo,1.0,0.0,1.0,1.0,0.0,1.0,1.0,0.0,1.0,-4.6429,-8.2294,-26.6558,-21.2558,45.0733,45.2976,193.86,240.96,240.96,-9.6307,-27.295,-27.295
DVN,46.599998474121094,46.6,2026-09-29,False,45.560001373291016,46.84000015258789,-0.28,34.48,ALTO,51259998208.0,10.15,8.65,1.28,11.52,5.91,41.08,17.46,1.53,6.97,0.28,0.72,,YAHOO,0.1119,-0.2614,0.3608,0.05513,2.2866,-3.8415,106.6,2026-11-04,36,,,yahoo,1.0,0.0,1.0,1.0,1.0,0.0,1.0,0.0,1.0,-0.7032,-9.2149,6.1847,13.5087,36.5228,34.5445,51.33,51.33,51.3696,-9.2149,-9.2149,-9.2848
DXCM,86.63999938964844,86.64,2026-09-29,False,85.23999786376953,87.02999877929688,-0.05,30.3,ALTO,32694536192.0,34.25,27.73,12.47,38.49,10.33,24.33,20.12,3.12,22.91,0.53,1.73,,YAHOO,0.1119,-0.2614,0.3608,0.05513,2.2866,-3.8415,106.6,2026-10-29,30,,,yahoo,1.0,1.0,1.0,1.0,0.0,1.0,1.0,0.0,1.0,-3.228,0.2198,16.2329,28.6414,7.3981,41.0378,90.14,92.34,92.34,-3.8828,-6.1728,-6.1728
ED,103.33000183105469,103.33,2026-09-29,False,102.0,103.79000091552734,0.49,7.16,ALTO,38214393856.0,16.97,15.92,1.49,8.96,3.24,16.54,12.53,-2.21,10.56,1.1,1.27,,YAHOO,0.1119,-0.2614,0.3608,0.05513,2.2866,-3.8415,106.6,2026-11-05,37,,,yahoo,1.0,1.0,1.0,1.0,1.0,0.0,0.0,0.0,1.0,-0.4911,-1.8149,-4.9996,-5.8325,5.3099,15.289,108.75,112.0907,113.5695,-4.9839,-7.8157,-9.016
EIX,53.560001373291016,53.56,2026-09-29,False,51.099998474121094,53.70000076293945,4.06,2.26,ALTO,20610637824.0,5.53,8.24,1.18,19.73,4.09,26.9,19.28,0.4,7.34,2.28,0.66,,YAHOO,0.1119,-0.2614,0.3608,0.05513,2.2866,-3.8415,106.6,2026-10-27,28,,,yahoo,1.0,1.0,1.0,1.0,1.0,0.0,0.0,1.0,0.0,-2.7066,-1.8328,-31.97,-27.2051,45.6696,62.3789,59.33,80.38,80.38,-9.7253,-33.3665,-33.3665
EL,94.37000274658203,94.37,2026-09-29,False,94.05000305175781,96.66000366210938,-1.26,7.33,ALTO,34142930944.0,188.74,24.1,8.97,4.75,5.23,7.0,1.21,5.31,16.25,2.43,1.22,,YAHOO,0.1119,-0.2614,0.3608,0.05513,2.2866,-3.8415,106.6,2026-11-02,34,,,yahoo,1.0,1.0,1.0,1.0,1.0,0.0,0.0,1.0,1.0,-5.9029,-1.9532,11.5581,19.9374,30.309,46.1056,103.86,105.8504,118.3745,-9.1373,-10.8459,-20.2785
EME,762.030029296875,762.03,2026-09-29,False,757.22998046875,776.6699829101562,-0.46,19.13,ALTO,33613068288.0,23.81,20.74,8.27,40.35,12.03,10.62,7.74,2.91,16.7,0.13,1.28,,YAHOO,0.1119,-0.2614,0.3608,0.05513,2.2866,-3.8415,106.6,2026-10-29,30,,,yahoo,1.0,1.0,1.0,1.0,0.0,0.0,1.0,1.0,0.0,0.731,3.6043,-5.0276,-8.1284,12.2644,52.309,780.66,862.54,943.2628,-2.3864,-11.6528,-19.2134
EMR,157.24000549316406,157.24,2026-09-29,False,156.24000549316406,160.2899932861328,-1.35,23.51,ALTO,87708475392.0,34.41,21.65,4.3,12.8,6.9,26.92,13.83,4.23,16.4,0.68,0.9,,YAHOO,0.1119,-0.2614,0.3608,0.05513,2.2866,-3.8415,106.6,2026-11-04,36,,,yahoo,1.0,1.0,1.0,1.0,0.0,0.0,1.0,1.0,1.0,1.9781,6.966,6.1445,10.2153,19.2461,28.178,159.39,163.8244,163.8244,-1.3489,-4.0192,-4.0192
EOG,139.66000366210938,139.66,2026-09-29,False,137.39999389648438,140.25999450683594,-0.69,27.43,ALTO,73255747584.0,10.87,9.36,2.3,22.51,11.02,40.72,25.73,6.11,5.28,0.26,1.85,,YAHOO,0.1119,-0.2614,0.3608,0.05513,2.2866,-3.8415,106.6,2026-11-05,37,,,yahoo,1.0,0.0,1.0,1.0,0.0,0.0,1.0,0.0,0.0,0.1003,-9.1583,-4.0203,8.4533,17.234,33.8908,153.74,153.74,153.74,-9.1583,-9.1583,-9.1583
EPAM,107.13999938964844,107.14,2026-09-29,False,105.37000274658203,108.27999877929688,-0.38,-30.71,ALTO,5527029248.0,14.6,7.62,1.57,11.18,8.45,10.94,7.15,11.76,6.49,0.04,2.75,,YAHOO,0.1119,-0.2614,0.3608,0.05513,2.2866,-3.8415,106.6,2026-11-05,37,,,yahoo,1.0,0.0,1.0,1.0,1.0,0.0,1.0,0.0,1.0,-3.9448,-13.254,3.3571,35.0221,25.7959,54.2282,123.61,123.61,221.4,-13.3242,-13.3242,-51.6079
EQIX,1015.27001953125,1015.27,2026-09-29,False,1005.7999877929688,1023.3800048828125,0.42,32.6,ALTO,100178403328.0,64.91,54.53,6.97,10.73,3.68,27.02,15.48,3.78,27.0,1.62,1.13,,YAHOO,0.1119,-0.2614,0.3608,0.05513,2.2866,-3.8415,106.6,2026-10-28,29,,,yahoo,1.0,1.0,1.0,1.0,0.0,0.0,0.0,1.0,0.0,-4.1529,0.8233,-2.6165,-2.1363,22.14,28.0001,1059.26,1096.8591,1110.6332,-4.1529,-7.4384,-8.5864
EQT,48.880001068115234,48.88,2026-09-29,False,48.61000061035156,49.70000076293945,-1.99,-9.25,ALTO,30575224832.0,11.58,13.0,1.21,11.08,6.63,23.37,29.18,8.05,5.68,0.2,0.67,,YAHOO,0.1119,-0.2614,0.3608,0.05513,2.2866,-3.8415,106.6,2026-10-20,21,,,yahoo,1.0,1.0,1.0,1.0,1.0,1.0,0.0,1.0,1.0,-3.7985,-7.9819,-6.9753,-7.7801,28.1745,29.5717,55.75,55.75,67.5273,-12.3229,-12.3229,-27.6145
ERIE,222.42999267578125,222.43,2026-09-29,False,219.32000732421875,223.08999633789062,0.23,-27.55,ALTO,11630834688.0,20.15,15.88,4.71,24.81,14.15,19.1,14.01,4.14,13.64,0.03,1.25,,YAHOO,0.1119,-0.2614,0.3608,0.05513,2.2866,-3.8415,106.6,2026-10-29,30,,,yahoo,1.0,0.0,1.0,1.0,0.0,0.0,1.0,0.0,0.0,-5.0986,-11.2446,-4.8102,-6.6933,31.7388,48.125,258.41,268.64,324.5125,-13.9236,-17.2015,-31.4572
ES,63.900001525878906,63.9,2026-09-29,False,62.75,64.05999755859375,0.98,-5.27,ALTO,24069517312.0,16.6,13.0,1.47,9.02,3.3,23.92,10.35,3.37,10.58,1.81,0.8,,YAHOO,0.1119,-0.2614,0.3608,0.05513,2.2866,-3.8415,106.6,2026-11-04,36,,,yahoo,1.0,1.0,1.0,1.0,1.0,0.0,0.0,1.0,1.0,-3.7361,-3.8055,-12.4427,-10.5406,17.6367,17.6371,70.6581,74.5127,74.5127,-9.5645,-14.2429,-14.2429
ESS,273.92999267578125,273.93,2026-09-29,False,270.489990234375,274.92999267578125,0.34,6.94,ALTO,18882785280.0,42.54,43.48,3.31,7.71,2.96,33.98,20.89,5.53,19.89,1.22,0.25,,YAHOO,0.1119,-0.2614,0.3608,0.05513,2.2866,-3.8415,106.6,2026-10-27,28,,,yahoo,1.0,0.0,1.0,1.0,0.0,1.0,0.0,0.0,1.0,-0.3021,-0.768,-2.8135,-6.0565,8.2739,19.1122,279.0,298.32,298.33,-1.8172,-8.1758,-8.1789
ETN,433.2699890136719,433.27,2026-09-29,False,430.55999755859375,437.04998779296875,0.43,19.26,ALTO,168282062848.0,43.85,26.83,8.31,19.68,7.05,16.56,12.75,1.85,28.46,1.05,1.24,,YAHOO,0.1119,-0.2614,0.3608,0.05513,2.2866,-3.8415,106.6,2026-11-03,35,,,yahoo,1.0,1.0,1.0,1.0,1.0,0.0,1.0,0.0,1.0,-2.0837,10.4154,12.2634,1.9281,17.5728,44.1068,442.49,459.96,459.96,-2.0837,-5.8027,-5.8027
ETR,99.76000213623047,99.76,2026-09-29,False,97.04000091552734,100.02999877929688,1.69,9.23,ALTO,47663083520.0,25.07,19.54,2.55,10.25,2.68,24.46,13.33,-9.23,14.02,1.87,0.91,,YAHOO,0.1119,-0.2614,0.3608,0.05513,2.2866,-3.8415,106.6,2026-10-29,30,,,yahoo,1.0,1.0,1.0,1.0,1.0,1.0,0.0,0.0,0.0,-1.3839,-3.0703,-7.104,-12.628,19.1177,17.8151,108.53,115.2619,116.6636,-8.0807,-13.4493,-14.4892
EVRG,78.7300033569336,78.73,2026-09-29,False,77.23999786376953,78.87999725341797,1.05,8.49,ALTO,18152554496.0,20.03,17.25,1.78,9.25,2.91,25.24,15.19,-7.95,12.21,1.61,0.36,,YAHOO,0.1119,-0.2614,0.3608,0.05513,2.2866,-3.8415,106.6,2026-11-05,37,,,yahoo,1.0,0.0,1.0,1.0,0.0,0.0,0.0,1.0,0.0,-0.6812,-1.8329,-4.6398,-8.1483,13.8175,14.6641,82.24,86.4581,87.4002,-4.268,-8.9385,-9.9201
EW,88.08000183105469,88.08,2026-09-29,False,85.69999694824219,88.19000244140625,1.44,14.05,ALTO,50769313792.0,52.43,26.08,4.78,9.18,8.37,29.84,15.43,2.43,23.7,0.07,4.52,,YAHOO,0.1119,-0.2614,0.3608,0.05513,2.2866,-3.8415,106.6,2026-10-29,30,,,yahoo,1.0,0.0,1.0,1.0,1.0,0.0,1.0,0.0,1.0,-0.7885,2.7292,1.3346,-2.631,18.1732,23.6105,90.82,94.82,95.18,-3.017,-7.1082,-7.4595
EXC,40.650001525878906,40.65,2026-09-29,False,40.0099983215332,40.7400016784668,0.82,-4.87,ALTO,41879826432.0,14.94,13.38,1.41,9.71,2.81,16.59,10.99,-6.41,11.11,1.77,1.09,,YAHOO,0.1119,-0.2614,0.3608,0.05513,2.2866,-3.8415,106.6,2026-11-03,35,,,yahoo,1.0,1.0,1.0,1.0,0.0,1.0,0.0,1.0,0.0,-2.7512,-3.673,-9.967,-11.9754,13.7229,17.6972,44.11,47.1213,49.3516,-7.844,-13.7333,-17.6318
EXPD,188.16000366210938,188.16,2026-09-29,False,186.47000122070312,189.02999877929688,-0.22,54.82,ALTO,24459036672.0,27.43,23.64,11.55,42.67,15.23,10.71,7.63,3.26,18.99,0.27,1.57,,YAHOO,0.1119,-0.2614,0.3608,0.05513,2.2866,-3.8415,106.6,2026-11-03,35,,,yahoo,1.0,0.0,1.0,1.0,1.0,1.0,1.0,1.0,1.0,0.3467,-2.9603,12.6639,15.4498,29.1061,25.5022,193.9,193.9,193.9,-2.9603,-2.9603,-2.9603
EXPE,266.3299865722656,266.33,2026-09-29,False,255.07000732421875,267.010009765625,0.79,21.62,ALTO,31965478912.0,16.74,10.89,26.43,89.49,6.11,18.98,12.97,10.74,11.0,2.3,0.8,,YAHOO,0.1119,-0.2614,0.3608,0.05513,2.2866,-3.8415,106.6,2026-11-05,37,,,yahoo,1.0,0.0,1.0,1.0,1.0,1.0,1.0,1.0,0.0,-5.1194,-9.1272,-8.9496,4.234,7.3202,45.3453,308.06,338.6418,338.6418,-13.5461,-21.3535,-21.3535
EXR,133.49000549316406,133.49,2026-09-29,False,130.6999969482422,133.94000244140625,1.37,-1.23,ALTO,29461583872.0,29.08,27.74,2.13,6.95,3.36,45.88,27.28,5.09,18.54,1.02,0.89,,YAHOO,0.1119,-0.2614,0.3608,0.05513,2.2866,-3.8415,106.6,2026-10-28,29,,,yahoo,1.0,1.0,1.0,1.0,0.0,1.0,1.0,0.0,1.0,-1.1112,-2.7749,-8.8728,-7.0478,21.7054,19.7232,139.3416,151.0737,151.0737,-4.1995,-11.6391,-11.6391
FANG,183.9499969482422,183.95,2026-09-29,False,181.91000366210938,184.5500030517578,-0.69,31.14,ALTO,51509637120.0,35.04,9.8,1.36,3.49,1.31,48.47,9.03,9.78,5.92,0.29,0.47,,YAHOO,0.1119,-0.2614,0.3608,0.05513,2.2866,-3.8415,106.6,2026-11-02,34,,,yahoo,1.0,0.0,1.0,1.0,0.0,0.0,1.0,0.0,1.0,-0.2981,-13.0383,-7.412,5.2242,21.8481,36.3632,211.53,211.53,211.53,-13.0383,-13.0383,-13.0383
FAST,49.959999084472656,49.96,2026-09-29,False,49.86000061035156,50.72999954223633,-1.05,4.39,ALTO,57328979968.0,43.07,35.61,14.09,34.33,21.52,21.02,15.45,1.6,29.45,0.11,4.18,,YAHOO,0.1119,-0.2614,0.3608,0.05513,2.2866,-3.8415,106.6,2026-10-14,15,,,yahoo,1.0,1.0,1.0,1.0,1.0,1.0,0.0,0.0,1.0,-0.2396,1.1131,7.0724,4.5891,7.6325,22.3145,50.99,52.38,52.38,-2.02,-4.6201,-4.6201
FDS,259.9700012207031,259.97,2026-09-29,False,252.0500030517578,269.1099853515625,-2.88,-9.02,ALTO,9245974528.0,17.64,13.18,4.58,27.03,11.08,30.54,23.21,6.72,11.27,0.77,0.68,,YAHOO,0.1119,-0.2614,0.3608,0.05513,2.2866,-3.8415,106.6,2026-09-30,1,,,yahoo,1.0,1.0,1.0,1.0,0.0,1.0,1.0,0.0,0.0,-5.9511,-6.1785,-0.7909,13.4169,26.8539,47.8143,312.96,313.55,313.55,-16.9319,-17.0882,-17.0882
FE,43.63999938964844,43.64,2026-09-29,False,42.7599983215332,43.68000030517578,1.44,-0.1,ALTO,25251846144.0,23.46,14.8,1.95,9.49,3.68,19.3,6.94,-7.98,10.27,2.01,0.54,,YAHOO,0.1119,-0.2614,0.3608,0.05513,2.2866,-3.8415,106.6,2026-10-21,22,,,yahoo,1.0,0.0,1.0,1.0,0.0,1.0,0.0,0.0,1.0,-2.4368,-3.7282,-9.5204,-7.2936,17.5594,15.1107,47.04,49.43,50.8757,-7.2279,-11.7135,-14.2223
FFIV,438.07000732421875,438.07,2026-09-29,False,428.92999267578125,441.95001220703125,0.58,35.71,ALTO,24806670336.0,34.93,24.23,6.46,19.83,7.98,24.65,21.95,2.89,25.4,0.07,1.67,,YAHOO,0.1119,-0.2614,0.3608,0.05513,2.2866,-3.8415,106.6,2026-10-26,27,,,yahoo,1.0,1.0,1.0,1.0,1.0,1.0,1.0,1.0,0.0,-3.3662,1.6687,12.6868,5.3154,18.6875,36.7429,455.99,455.99,455.99,-3.9299,-3.9299,-3.9299
FICO,617.8699951171875,617.87,2026-09-29,False,595.1900024414062,685.0,-26.52,-59.56,ALTO,13344531456.0,24.34,11.77,-3.26,,39.98,53.79,34.05,5.8,14.8,,1.18,,YAHOO,0.1119,-0.2614,0.3608,0.05513,2.2866,-3.8415,106.6,2026-11-04,36,,,yahoo,1.0,1.0,1.0,1.0,0.0,0.0,1.0,1.0,1.0,-32.4348,-37.3332,-45.779,-48.2859,200.3842,84.6721,1118.9301,1373.08,1879.55,-44.7803,-55.0012,-67.1267
FIS,33.349998474121094,33.35,2026-09-29,False,33.18000030517578,34.22999954223633,-2.8,-47.42,ALTO,17198790656.0,5.12,4.98,1.07,22.35,4.28,20.67,27.65,15.43,10.7,1.33,0.54,,YAHOO,0.1119,-0.2614,0.3608,0.05513,2.2866,-3.8415,106.6,2026-11-04,36,,,yahoo,1.0,0.0,1.0,1.0,1.0,0.0,1.0,0.0,1.0,-4.6053,-10.6856,-26.6623,-13.2321,36.8862,36.3078,41.7971,46.2753,66.0466,-20.2097,-27.9313,-49.5054
FITB,50.970001220703125,50.97,2026-09-29,False,50.61000061035156,51.849998474121094,-1.16,16.02,ALTO,46224314368.0,17.34,10.29,1.43,8.44,0.92,39.08,23.24,,,,,,YAHOO,0.1119,-0.2614,0.3608,0.05513,2.2866,-3.8415,106.6,2026-10-19,20,,,yahoo,1.0,1.0,1.0,1.0,1.0,0.0,1.0,0.0,1.0,-3.3927,-6.7679,-9.9311,-9.5796,17.5238,21.4739,54.97,59.37,59.37,-7.2767,-14.1486,-14.1486
FIX,1665.050048828125,1665.05,2026-09-29,False,1642.6400146484375,1712.5999755859375,0.41,108.03,ALTO,58600316928.0,40.82,27.67,18.19,55.29,17.04,17.06,12.78,3.14,28.45,0.11,1.21,,YAHOO,0.1119,-0.2614,0.3608,0.05513,2.2866,-3.8415,106.6,2026-10-22,23,,,yahoo,1.0,1.0,1.0,1.0,0.0,1.0,1.0,1.0,0.0,2.4564,5.5981,-1.8805,-15.9458,8.1337,53.5063,1690.8199,1881.1801,2065.4404,-1.5241,-11.4891,-19.3852
FOX,55.83000183105469,55.83,2026-09-29,False,55.40999984741211,56.369998931884766,-1.27,-1.1,ALTO,23542040576.0,14.73,9.72,2.01,14.29,9.5,25.21,9.84,2.36,6.95,0.64,3.17,,YAHOO,0.1119,-0.2614,0.3608,0.05513,2.2866,-3.8415,106.6,2026-10-29,30,,,yahoo,1.0,0.0,1.0,1.0,0.0,1.0,1.0,0.0,1.0,-2.5994,-7.4743,7.1946,19.7815,13.4144,32.0722,61.14,62.382,67.0667,-8.685,-10.5031,-16.7545
FOXA,62.47999954223633,62.48,2026-09-29,False,61.88999938964844,62.8849983215332,-0.92,0.23,ALTO,26346168320.0,16.44,10.68,2.25,14.29,9.5,25.21,9.84,2.11,7.67,0.64,3.17,,YAHOO,0.1119,-0.2614,0.3608,0.05513,2.2866,-3.8415,106.6,2026-10-29,30,,,yahoo,1.0,0.0,1.0,1.0,0.0,1.0,1.0,0.0,1.0,-2.7549,-7.5329,6.6917,20.3145,9.0716,31.9936,68.53,70.0207,75.4053,-8.8282,-10.7692,-17.1411
FRT,109.38999938964844,109.39,2026-09-29,False,108.4800033569336,110.08000183105469,-0.4,14.16,ALTO,9562691584.0,22.1,34.29,2.97,12.55,3.26,35.03,32.66,4.77,17.49,1.34,0.56,,YAHOO,0.1119,-0.2614,0.3608,0.05513,2.2866,-3.8415,106.6,2026-10-30,31,,,yahoo,1.0,1.0,1.0,1.0,0.0,0.0,0.0,0.0,0.0,-0.9687,-3.9849,-11.8462,-10.5633,10.6259,13.2811,117.94,127.13,127.13,-7.2495,-13.9542,-13.9542
FTNT,175.9600067138672,175.96,2026-09-29,False,172.4199981689453,176.64999389648438,-0.21,107.81,ALTO,129104265216.0,62.4,46.58,83.24,117.44,14.17,33.6,28.17,1.75,48.38,0.36,1.28,,YAHOO,0.1119,-0.2614,0.3608,0.05513,2.2866,-3.8415,106.6,2026-11-04,36,,,yahoo,1.0,0.0,1.0,1.0,1.0,0.0,1.0,0.0,1.0,0.9756,2.0827,14.0746,14.5424,30.002,45.4688,178.74,178.74,178.74,-1.5553,-1.5553,-1.5553
FTV,55.40999984741211,55.41,2026-09-29,False,54.7599983215332,55.7599983215332,-0.63,13.73,ALTO,16734765056.0,29.47,17.05,2.77,7.32,3.29,19.14,12.38,5.61,16.17,0.59,1.24,,YAHOO,0.1119,-0.2614,0.3608,0.05513,2.2866,-3.8415,106.6,2026-10-28,29,,,yahoo,1.0,1.0,1.0,1.0,0.0,0.0,1.0,0.0,1.0,-0.9651,-1.8423,-5.1343,-9.1873,17.5717,26.2628,57.5,64.0121,64.0121,-3.6348,-13.4382,-13.4382
GD,332.3399963378906,332.34,2026-09-29,False,330.3599853515625,335.4700012207031,-0.54,1.76,ALTO,89916973056.0,20.25,17.87,3.35,17.8,6.08,10.38,8.18,4.89,14.31,0.35,1.44,,YAHOO,0.1119,-0.2614,0.3608,0.05513,2.2866,-3.8415,106.6,2026-10-28,29,,,yahoo,1.0,1.0,1.0,1.0,1.0,1.0,0.0,0.0,1.0,-3.2179,-7.3229,-13.0455,-5.7693,14.4661,17.1653,369.41,395.97,395.97,-10.0349,-16.0694,-16.0694
GDDY,94.05999755859375,94.06,2026-09-29,False,91.83999633789062,94.62000274658203,0.37,-33.67,ALTO,11912482816.0,13.98,8.53,1774.72,442.86,9.88,27.06,17.83,10.12,10.55,573.34,0.63,,YAHOO,0.1119,-0.2614,0.3608,0.05513,2.2866,-3.8415,106.6,2026-10-29,30,,,yahoo,1.0,0.0,1.0,1.0,0.0,0.0,1.0,0.0,1.0,-4.2549,-8.1266,-5.3056,10.8153,62.0093,66.7014,104.77,105.1,141.67,-10.2224,-10.5043,-33.6063
GEHC,66.45999908447266,66.46,2026-09-29,False,65.61000061035156,66.76000213623047,-0.48,-8.96,ALTO,30019067904.0,15.31,12.28,2.74,19.38,5.13,14.98,9.33,5.24,10.78,0.94,1.26,,YAHOO,0.1119,-0.2614,0.3608,0.05513,2.2866,-3.8415,106.6,2026-10-28,29,,,yahoo,1.0,0.0,1.0,0.0,0.0,1.0,1.0,0.0,0.0,0.2867,3.7303,-4.9757,3.8862,6.7094,38.0576,70.56,74.82,88.0324,-5.8107,-11.1735,-24.5051
GIS,33.81999969482422,33.82,2026-09-29,False,33.279998779296875,34.09000015258789,0.65,-27.72,ALTO,18083119104.0,,10.73,2.45,-10.49,5.65,15.24,-4.89,7.2,9.16,1.82,0.7,,YAHOO,0.1119,-0.2614,0.3608,0.05513,2.2866,-3.8415,106.6,2026-12-23,85,2026-09-15,14.0,yahoo,0.0,0.0,1.0,1.0,0.0,1.0,1.0,0.0,1.0,-4.598,-7.5451,-7.1389,-1.1339,31.4692,31.329,41.09,41.55,47.9468,-17.6929,-18.6041,-29.4635
GNRC,212.22000122070312,212.22,2026-09-29,False,205.25,212.41000366210938,3.42,27.92,ALTO,12534548480.0,48.79,17.02,4.35,9.49,4.72,17.93,5.82,2.31,21.47,0.49,2.04,,YAHOO,0.1119,-0.2614,0.3608,0.05513,2.2866,-3.8415,106.6,2026-10-28,29,,,yahoo,1.0,0.0,1.0,1.0,1.0,1.0,1.0,0.0,0.0,2.9345,21.2478,10.5831,-27.523,50.0212,57.3602,212.22,236.61,295.54,0.0,-10.3081,-28.1925
GOOG,337.32000732421875,337.32,2026-09-29,False,335.0199890136719,339.6400146484375,-0.54,38.34,ALTO,4125401808896.0,17.01,22.38,6.63,48.68,12.96,34.03,54.77,0.55,23.23,0.19,2.72,,YAHOO,0.1119,-0.2614,0.3608,0.05513,2.2866,-3.8415,106.6,2026-10-28,29,,,yahoo,1.0,0.0,1.0,1.0,0.0,1.0,1.0,1.0,0.0,-2.9043,-1.2038,1.1565,-4.4692,13.9177,33.8899,350.87,375.1065,398.5413,-3.8618,-10.0735,-15.3613
GPC,126.94999694824219,126.95,2026-09-29,False,126.62000274658203,128.77999877929688,-0.92,-5.56,ALTO,17501296640.0,507.8,15.27,3.87,0.71,4.48,6.56,0.13,5.24,11.5,1.46,1.16,,YAHOO,0.1119,-0.2614,0.3608,0.05513,2.2866,-3.8415,106.6,2026-10-20,21,,,yahoo,1.0,0.0,1.0,1.0,1.0,0.0,1.0,1.0,0.0,-2.0372,-3.099,2.49,8.4406,12.5784,26.8499,138.08,138.4126,145.181,-8.0605,-8.2815,-12.5574
GPN,83.33000183105469,83.33,2026-09-29,False,82.80999755859375,84.56999969482422,-1.62,-2.28,ALTO,22050650112.0,39.49,5.2,0.96,2.43,2.33,16.11,-9.15,35.68,9.16,0.98,0.82,,YAHOO,0.1119,-0.2614,0.3608,0.05513,2.2866,-3.8415,106.6,2026-11-03,35,,,yahoo,1.0,0.0,1.0,1.0,0.0,1.0,1.0,0.0,0.0,-1.7103,-6.3497,-3.7702,15.168,30.5438,38.3555,92.548,94.5623,94.5623,-9.9602,-11.8782,-11.8782
GWW,1248.6700439453125,1248.67,2026-09-29,False,1242.68994140625,1257.050048828125,-0.56,32.75,ALTO,58813538304.0,31.87,24.51,14.24,46.09,19.93,16.07,9.92,2.12,19.09,0.62,2.81,,YAHOO,0.1119,-0.2614,0.3608,0.05513,2.2866,-3.8415,106.6,2026-11-04,36,,,yahoo,1.0,0.0,1.0,1.0,0.0,1.0,1.0,0.0,1.0,-1.5726,-1.6431,-7.7006,-8.0338,27.795,21.5582,1324.49,1399.2974,1399.2974,-5.7245,-10.7645,-10.7645
HAS,88.26000213623047,88.26,2026-09-29,False,87.56999969482422,90.08999633789062,-1.33,18.34,ALTO,12448584704.0,15.7,13.55,17.68,159.56,13.08,22.16,15.97,5.53,11.52,5.31,1.66,,YAHOO,0.1119,-0.2614,0.3608,0.05513,2.2866,-3.8415,106.6,2026-10-20,21,,,yahoo,0.0,0.0,1.0,1.0,1.0,0.0,0.0,0.0,1.0,1.5533,-2.1616,-5.9322,7.6671,21.3304,30.8175,93.5,96.74,103.5827,-5.6043,-8.7658,-14.7927
HBAN,15.270000457763672,15.27,2026-09-29,False,15.079999923706055,15.430000305175781,-0.2,-8.66,ALTO,30851735552.0,11.75,8.6,1.04,9.0,0.98,41.93,26.13,,,,,,YAHOO,0.1119,-0.2614,0.3608,0.05513,2.2866,-3.8415,106.6,2026-10-22,23,,,yahoo,1.0,1.0,1.0,1.0,1.0,0.0,0.0,0.0,0.0,-2.6769,-7.9338,-9.7126,-13.0226,28.2569,25.4372,16.8928,18.3782,18.72,-9.6067,-16.9122,-18.4294
HCA,431.6300048828125,431.63,2026-09-29,False,426.6099853515625,433.1300048828125,-0.22,3.19,ALTO,93448544256.0,14.48,13.48,-14.16,,12.29,15.16,8.77,4.0,9.35,,0.99,,YAHOO,0.1119,-0.2614,0.3608,0.05513,2.2866,-3.8415,106.6,2026-10-23,24,,,yahoo,1.0,1.0,1.0,1.0,0.0,0.0,1.0,1.0,1.0,-1.4813,2.0305,9.2564,10.9097,38.1629,36.6824,438.12,438.12,542.2319,-1.4813,-1.4813,-20.3975
HIG,125.8499984741211,125.85,2026-09-29,False,124.80999755859375,126.47000122070312,-0.15,-3.19,ALTO,34089240576.0,8.69,9.2,1.77,22.06,3.85,17.61,14.89,16.16,6.23,0.22,1.77,,YAHOO,0.1119,-0.2614,0.3608,0.05513,2.2866,-3.8415,106.6,2026-10-26,27,,,yahoo,1.0,1.0,1.0,1.0,1.0,0.0,1.0,0.0,1.0,-2.2372,-7.4836,-11.6378,-4.6166,18.1462,19.3207,140.0,145.0437,145.0437,-10.1071,-13.2331,-13.2331
HII,259.6400146484375,259.64,2026-09-29,False,256.7900085449219,262.5,1.01,-5.63,ALTO,10231011328.0,15.46,12.46,1.93,12.97,4.28,7.08,5.01,-2.93,11.24,0.55,1.23,,YAHOO,0.1119,-0.2614,0.3608,0.05513,2.2866,-3.8415,106.6,2026-10-29,30,,,yahoo,1.0,1.0,1.0,1.0,1.0,1.0,0.0,1.0,1.0,-4.1742,-7.0922,-18.4586,-6.8024,24.1455,39.916,292.42,329.2744,449.6816,-11.2099,-21.1478,-42.2614
HLT,323.44000244140625,323.44,2026-09-29,False,318.30999755859375,325.92999267578125,0.99,23.5,ALTO,72794996736.0,47.43,30.94,-11.58,,11.03,62.99,31.03,1.91,27.8,,0.65,,YAHOO,0.1119,-0.2614,0.3608,0.05513,2.2866,-3.8415,106.6,2026-10-28,29,,,yahoo,1.0,0.0,1.0,1.0,0.0,0.0,1.0,1.0,1.0,4.8632,5.0846,0.4867,-2.0797,10.06,23.0446,323.44,340.9648,350.0606,0.0,-5.1398,-7.6046
HPE,61.4900016784668,61.49,2026-09-29,False,60.68000030517578,63.696998596191406,-1.82,159.26,ALTO,81625817088.0,31.7,13.37,3.08,10.94,2.64,12.56,6.67,5.81,13.9,0.76,1.11,,YAHOO,0.1119,-0.2614,0.3608,0.05513,2.2866,-3.8415,106.6,2026-12-02,64,2026-09-02,27.0,finnhub,1.0,0.0,1.0,1.0,0.0,0.0,0.0,0.0,1.0,0.7537,10.3177,30.7712,36.656,25.2685,66.2517,63.52,63.52,63.52,-3.1958,-3.1958,-3.1958
HRL,19.850000381469727,19.85,2026-09-29,False,19.56999969482422,19.959999084472656,-0.6,-15.27,ALTO,10924463104.0,32.02,12.78,1.39,4.29,4.63,8.62,2.82,5.69,10.22,0.36,1.88,,YAHOO,0.1119,-0.2614,0.3608,0.05513,2.2866,-3.8415,106.6,2026-12-02,64,2026-08-27,33.0,finnhub,1.0,0.0,1.0,1.0,0.0,1.0,0.0,0.0,1.0,-2.361,-4.5214,-21.758,-19.0653,14.9567,27.8404,22.05,26.05,26.1959,-9.9773,-23.8004,-24.2248
HSIC,84.97000122070312,84.97,2026-09-29,False,84.38999938964844,85.86000061035156,-1.19,28.58,ALTO,9469613056.0,25.06,14.19,3.01,8.85,4.39,5.76,2.96,4.71,13.6,0.81,1.32,,YAHOO,0.1119,-0.2614,0.3608,0.05513,2.2866,-3.8415,106.6,2026-11-03,35,,,yahoo,1.0,0.0,1.0,1.0,0.0,0.0,1.0,0.0,0.0,-2.8137,-2.9136,-0.2348,1.7361,15.5594,20.1743,90.86,90.86,90.86,-6.4825,-6.4825,-6.4825
HUBB,459.0899963378906,459.09,2026-09-29,False,456.9800109863281,472.32000732421875,-1.42,8.91,ALTO,24254904320.0,27.56,19.99,6.2,24.44,8.43,21.67,14.49,2.04,19.42,1.42,1.61,,YAHOO,0.1119,-0.2614,0.3608,0.05513,2.2866,-3.8415,106.6,2026-10-27,28,,,yahoo,1.0,0.0,1.0,1.0,0.0,0.0,1.0,1.0,0.0,0.0567,4.6884,-2.7819,-11.9815,13.1746,29.6244,466.62,518.0148,554.4603,-1.6137,-11.3751,-17.2006
HUM,386.8699951171875,386.87,2026-09-29,False,385.5400085449219,395.2300109863281,-0.71,53.17,ALTO,46455468032.0,36.57,23.32,2.42,6.89,3.9,3.46,0.88,4.18,10.4,0.76,1.74,,YAHOO,0.1119,-0.2614,0.3608,0.05513,2.2866,-3.8415,106.6,2026-11-06,38,,,yahoo,1.0,0.0,1.0,0.0,0.0,0.0,1.0,0.0,1.0,3.9973,-2.4583,5.5119,-2.6056,46.4908,34.1211,409.8,409.8,409.8,-5.5954,-5.5954,-5.5954
ICE,152.19000244140625,152.19,2026-09-29,False,151.5500030517578,154.80999755859375,-0.47,-8.26,ALTO,85438627840.0,21.56,17.29,2.89,14.09,2.17,52.63,38.25,4.25,15.64,0.69,1.01,,YAHOO,0.1119,-0.2614,0.3608,0.05513,2.2866,-3.8415,106.6,2026-10-29,30,,,yahoo,1.0,1.0,1.0,1.0,0.0,1.0,1.0,1.0,1.0,-0.4839,-2.6794,-2.287,24.0322,13.5278,22.1957,164.0445,164.0445,173.314,-7.2264,-7.2264,-12.1883
IDXX,533.4400024414062,533.44,2026-09-29,False,522.1099853515625,536.8400268554688,0.83,-15.46,ALTO,42025000960.0,37.49,31.87,26.09,74.21,27.08,34.98,25.03,2.16,26.47,0.68,1.17,,YAHOO,0.1119,-0.2614,0.3608,0.05513,2.2866,-3.8415,106.6,2026-11-02,34,,,yahoo,1.0,1.0,1.0,1.0,1.0,0.0,1.0,1.0,1.0,2.2895,4.4466,-4.5383,1.3297,24.3727,27.2201,545.16,595.76,766.68,-2.1498,-10.4606,-30.4221
IEX,230.42999267578125,230.43,2026-09-29,False,227.8699951171875,233.0399932861328,-0.31,44.13,ALTO,16987275264.0,33.16,23.94,4.25,12.96,6.84,22.17,14.49,3.27,18.86,0.47,3.05,,YAHOO,0.1119,-0.2614,0.3608,0.05513,2.2866,-3.8415,106.6,2026-10-28,29,,,yahoo,1.0,0.0,1.0,1.0,1.0,1.0,1.0,1.0,1.0,2.1002,3.406,-1.4288,1.8656,9.269,18.3592,231.15,240.52,240.52,-0.3115,-4.1951,-4.1951
INCY,123.19999694824219,123.2,2026-09-29,False,121.88999938964844,125.47000122070312,-1.3,46.8,ALTO,24972361728.0,15.9,13.87,3.9,30.67,16.83,41.9,27.71,4.73,10.54,0.01,4.59,,YAHOO,0.1119,-0.2614,0.3608,0.05513,2.2866,-3.8415,106.6,2026-10-27,28,,,yahoo,1.0,1.0,1.0,1.0,1.0,1.0,0.0,1.0,0.0,-2.9386,1.1993,0.1707,8.6803,13.4032,31.2529,128.83,129.93,129.93,-4.3701,-5.1797,-5.1797
INTU,268.0299987792969,268.03,2026-09-29,False,262.5,270.6099853515625,-0.51,-61.04,ALTO,71627268096.0,16.36,9.9,3.79,23.6,10.47,17.64,21.29,8.87,10.64,0.44,1.51,,YAHOO,0.1119,-0.2614,0.3608,0.05513,2.2866,-3.8415,106.6,2026-11-19,51,,,yahoo,1.0,1.0,1.0,1.0,0.0,1.0,1.0,1.0,1.0,-8.3188,-18.5987,-15.046,3.1484,22.5824,46.8565,344.93,369.92,686.9725,-22.2944,-27.5438,-60.9839
INVH,26.56999969482422,26.57,2026-09-29,False,26.405000686645508,26.700000762939453,0.11,-4.4,ALTO,15692859392.0,24.38,37.38,1.73,7.05,2.48,25.11,23.2,7.45,16.13,0.94,0.43,,YAHOO,0.1119,-0.2614,0.3608,0.05513,2.2866,-3.8415,106.6,2026-10-28,29,,,yahoo,1.0,1.0,1.0,1.0,0.0,1.0,1.0,0.0,1.0,-0.9973,-2.7883,-9.4394,-11.0582,6.6978,16.2995,28.8055,30.1602,30.2492,-7.7606,-11.9039,-12.163
IQV,268.989990234375,268.99,2026-09-29,False,266.42999267578125,273.5,-0.73,48.78,ALTO,44275752960.0,33.41,18.59,7.17,22.82,5.06,13.03,8.1,4.86,19.22,2.58,0.71,,YAHOO,0.1119,-0.2614,0.3608,0.05513,2.2866,-3.8415,106.6,2026-10-27,28,,,yahoo,1.0,0.0,1.0,1.0,1.0,0.0,1.0,0.0,0.0,-0.4073,-0.2522,13.1208,39.2144,29.7423,39.7981,275.02,275.02,275.02,-2.1926,-2.1926,-2.1926
IR,76.4800033569336,76.48,2026-09-29,False,75.31999969482422,77.13999938964844,0.13,-7.32,ALTO,29674196992.0,31.6,19.52,2.92,9.47,5.1,16.88,12.08,3.73,16.61,0.48,1.62,,YAHOO,0.1119,-0.2614,0.3608,0.05513,2.2866,-3.8415,106.6,2026-10-29,30,,,yahoo,1.0,0.0,1.0,1.0,1.0,0.0,1.0,0.0,1.0,3.5613,6.3552,-9.2765,-6.6983,23.7749,30.6904,76.48,89.9788,98.6875,0.0,-15.0022,-22.5028
IRM,111.5,111.5,2026-09-29,False,110.56999969482422,112.33999633789062,0.41,14.79,ALTO,33193863168.0,79.08,40.85,-25.91,,4.63,19.06,5.54,-1.31,20.9,,0.73,,YAHOO,0.1119,-0.2614,0.3608,0.05513,2.2866,-3.8415,106.6,2026-11-04,36,,,yahoo,1.0,0.0,1.0,1.0,0.0,1.0,0.0,0.0,0.0,-5.6125,-0.482,-9.8473,-11.0392,18.7642,29.2151,118.13,128.8984,132.0341,-5.6125,-13.4978,-15.5521
IT,185.85000610351562,185.85,2026-09-29,False,180.67999267578125,186.94000244140625,0.06,-28.91,ALTO,11736238080.0,16.7,11.36,-71.54,113.58,10.17,22.62,12.0,8.97,9.81,,0.88,,YAHOO,0.1119,-0.2614,0.3608,0.05513,2.2866,-3.8415,106.6,2026-11-03,35,,,yahoo,1.0,0.0,1.0,1.0,0.0,0.0,1.0,1.0,1.0,3.972,-4.9944,21.5341,43.3807,41.1331,73.7226,197.07,202.78,262.87,-5.6934,-8.3489,-29.2997
ITW,267.07000732421875,267.07,2026-09-29,False,266.0,274.44000244140625,-2.47,4.7,ALTO,76061540352.0,24.19,21.54,26.28,104.62,16.92,26.9,19.39,3.2,17.67,3.35,1.11,,YAHOO,0.1119,-0.2614,0.3608,0.05513,2.2866,-3.8415,106.6,2026-10-23,24,,,yahoo,1.0,0.0,1.0,1.0,1.0,0.0,1.0,0.0,0.0,-1.2571,-0.5696,-5.8618,-1.2571,22.0444,21.3926,274.32,297.32,297.32,-2.6429,-10.1742,-10.1742
IVZ,30.420000076293945,30.42,2026-09-29,False,29.969999313354492,30.59000015258789,-0.03,36.4,ALTO,13430423552.0,,9.33,1.35,-0.57,2.92,19.95,-0.93,8.49,12.21,0.12,0.71,,YAHOO,0.1119,-0.2614,0.3608,0.05513,2.2866,-3.8415,106.6,2026-10-27,28,,,yahoo,0.0,0.0,1.0,1.0,0.0,1.0,1.0,1.0,1.0,-1.3938,-1.1696,4.0906,16.0419,15.5996,33.1056,33.07,33.31,33.31,-8.0133,-8.6761,-8.6761
JBHT,229.27999877929688,229.28,2026-09-29,False,223.99000549316406,230.13999938964844,1.42,71.42,ALTO,21532817408.0,32.61,22.89,5.89,18.45,7.38,7.42,5.31,4.19,13.7,0.38,1.25,,YAHOO,0.1119,-0.2614,0.3608,0.05513,2.2866,-3.8415,106.6,2026-10-15,16,,,yahoo,1.0,1.0,1.0,1.0,1.0,0.0,1.0,1.0,1.0,-3.4245,-16.03,-14.6886,-20.6486,27.2895,42.2464,274.99,297.9075,297.9075,-16.6224,-23.0365,-23.0365
JBL,318.8399963378906,318.84,2026-09-29,False,314.6499938964844,323.8999938964844,-0.03,48.75,ALTO,33410314240.0,39.85,18.85,25.26,65.88,5.01,5.21,2.57,3.63,15.02,2.97,0.98,,YAHOO,0.1119,-0.2614,0.3608,0.05513,2.2866,-3.8415,106.6,2026-09-30,1,,,yahoo,1.0,0.0,1.0,1.0,1.0,0.0,1.0,0.0,0.0,3.1911,7.698,3.3673,-17.2697,13.1003,45.8681,318.93,370.28,385.5467,-0.0282,-13.8922,-17.3018
JKHY,146.22000122070312,146.22,2026-09-29,False,145.02000427246094,147.38999938964844,-1.08,-1.87,ALTO,10251866112.0,20.95,18.62,4.99,24.04,12.99,22.5,19.76,3.44,14.69,0.04,1.17,,YAHOO,0.1119,-0.2614,0.3608,0.05513,2.2866,-3.8415,106.6,2026-11-03,35,,,yahoo,1.0,1.0,1.0,1.0,0.0,0.0,1.0,1.0,1.0,-1.9316,-5.0951,-4.855,6.5425,8.2854,33.6681,167.76,172.991,190.3516,-12.8398,-15.4754,-23.1843
KEY,20.1200008392334,20.12,2026-09-29,False,20.020000457763672,20.489999771118164,-1.37,10.89,ALTO,21470627840.0,11.77,9.42,1.25,10.33,1.08,34.71,27.54,,,,,,YAHOO,0.1119,-0.2614,0.3608,0.05513,2.2866,-3.8415,106.6,2026-10-20,21,,,yahoo,1.0,1.0,1.0,1.0,1.0,0.0,1.0,0.0,1.0,-1.7578,-7.2811,-10.1606,-11.8755,22.4601,21.7595,22.18,23.7624,23.7624,-9.2876,-15.3285,-15.3285
KEYS,360.6499938964844,360.65,2026-09-29,False,356.6000061035156,364.95001220703125,0.25,108.07,ALTO,61398769664.0,48.8,26.0,9.35,20.9,7.23,25.68,19.14,3.04,36.25,0.42,2.02,,YAHOO,0.1119,-0.2614,0.3608,0.05513,2.2866,-3.8415,106.6,2026-11-24,56,,,yahoo,1.0,1.0,1.0,1.0,0.0,0.0,1.0,0.0,0.0,3.838,15.0913,15.3379,3.0222,14.5144,39.0649,362.15,362.15,373.34,-0.4142,-0.4142,-3.399
KHC,23.450000762939453,23.45,2026-09-29,False,23.239999771118164,23.649999618530273,-0.47,-2.57,ALTO,27807567872.0,,11.23,0.77,-8.76,3.63,15.49,-13.64,11.69,8.06,0.53,1.06,,YAHOO,0.1119,-0.2614,0.3608,0.05513,2.2866,-3.8415,106.6,2026-10-28,29,,,yahoo,0.0,0.0,1.0,1.0,0.0,1.0,1.0,0.0,1.0,-2.2917,-5.1759,-9.6857,0.8675,8.2399,28.0051,25.8468,27.1854,27.1854,-9.273,-13.7404,-13.7404
KIM,22.420000076293945,22.42,2026-09-29,False,22.219999313354492,22.549999237060547,-0.31,8.34,ALTO,15039097856.0,26.07,25.48,1.46,5.81,2.37,36.56,27.76,5.79,17.53,0.85,0.97,,YAHOO,0.1119,-0.2614,0.3608,0.05513,2.2866,-3.8415,106.6,2026-10-29,30,,,yahoo,1.0,1.0,1.0,1.0,1.0,0.0,1.0,1.0,1.0,-0.5765,-2.4793,-11.0719,-10.5107,7.5834,15.1267,23.8377,26.0712,26.0712,-5.9471,-14.0047,-14.0047
KMI,30.450000762939453,30.45,2026-09-29,False,30.06999969482422,30.579999923706055,-0.59,11.59,ALTO,67806126080.0,19.77,19.71,2.14,10.99,4.45,30.06,19.3,1.59,13.28,0.99,0.46,,YAHOO,0.1119,-0.2614,0.3608,0.05513,2.2866,-3.8415,106.6,2026-10-28,29,,,yahoo,1.0,1.0,1.0,1.0,0.0,1.0,0.0,0.0,1.0,-2.6223,-1.04,-2.9229,-3.8642,9.2242,20.4446,32.1,32.87,33.9923,-5.1402,-7.3623,-10.4208
KR,60.790000915527344,60.79,2026-09-29,False,59.790000915527344,60.88999938964844,1.84,-6.48,ALTO,35901886464.0,32.34,11.03,6.2,14.44,5.8,2.98,0.73,7.06,7.26,4.13,0.7,,YAHOO,0.1119,-0.2614,0.3608,0.05513,2.2866,-3.8415,106.6,2026-12-03,65,2026-09-11,18.0,yahoo,1.0,0.0,1.0,1.0,1.0,0.0,1.0,1.0,1.0,3.8081,-2.3454,5.7848,10.2235,17.8966,27.0687,62.25,62.25,74.6913,-2.3454,-2.3454,-18.6117
KVUE,17.90999984741211,17.91,2026-09-29,False,17.700000762939453,17.93000030517578,0.17,16.19,ALTO,34401054720.0,21.07,14.45,3.26,15.58,6.99,19.42,10.76,5.54,12.04,0.82,1.0,,YAHOO,0.1119,-0.2614,0.3608,0.05513,2.2866,-3.8415,106.6,2026-11-05,37,,,yahoo,1.0,1.0,1.0,1.0,1.0,0.0,0.0,1.0,0.0,0.28,1.1367,-5.0973,-4.1041,9.389,20.4239,18.9044,19.3411,19.3802,-5.2603,-7.3991,-7.5859
L,105.93000030517578,105.93,2026-09-29,False,104.51000213623047,105.98999786376953,0.93,6.47,ALTO,21655027712.0,12.87,36.53,1.13,9.31,1.91,14.53,9.02,5.83,7.76,0.45,0.51,,YAHOO,0.1119,-0.2614,0.3608,0.05513,2.2866,-3.8415,106.6,2026-11-02,34,,,yahoo,1.0,1.0,1.0,1.0,1.0,0.0,1.0,0.0,1.0,0.0189,-3.0034,-8.9204,-6.3781,8.0152,12.8235,110.04,119.3331,119.3331,-3.735,-11.2317,-11.2317
LDOS,123.0999984741211,123.1,2026-09-29,False,121.66000366210938,125.0,0.61,-32.97,ALTO,15448090624.0,11.43,9.65,2.92,27.78,8.91,11.72,7.8,7.42,8.96,1.23,1.63,,YAHOO,0.1119,-0.2614,0.3608,0.05513,2.2866,-3.8415,106.6,2026-11-03,35,,,yahoo,1.0,1.0,1.0,1.0,0.0,1.0,1.0,1.0,0.0,-0.1703,-4.7509,9.8655,19.9376,13.6274,38.259,138.7294,145.8363,197.2656,-11.2661,-15.5903,-37.5968
LH,308.80999755859375,308.81,2026-09-29,False,306.5799865722656,309.95001220703125,-0.25,10.26,ALTO,25044490240.0,25.58,15.56,2.9,11.73,5.53,12.24,6.99,3.56,13.68,0.79,1.8,,YAHOO,0.1119,-0.2614,0.3608,0.05513,2.2866,-3.8415,106.6,2026-10-27,28,,,yahoo,1.0,1.0,1.0,1.0,1.0,0.0,1.0,1.0,1.0,-0.8763,-4.6794,-1.9199,10.5257,13.4438,25.5062,331.66,338.614,338.614,-6.8896,-8.8018,-8.8018
LII,360.1600036621094,360.16,2026-09-29,False,359.1000061035156,370.42999267578125,-2.24,-30.16,ALTO,12447373312.0,16.36,13.79,9.6,71.76,15.99,22.86,14.87,2.23,12.32,1.56,1.57,,YAHOO,0.1119,-0.2614,0.3608,0.05513,2.2866,-3.8415,106.6,2026-10-28,29,,,yahoo,1.0,0.0,1.0,0.0,0.0,1.0,1.0,1.0,0.0,-3.0994,-0.5605,-13.7238,-37.1394,26.8015,51.3882,390.53,562.77,572.95,-7.7766,-36.0023,-37.1394
LNT,64.33999633789062,64.34,2026-09-29,False,62.77000045776367,64.47000122070312,1.79,-0.72,ALTO,16682377216.0,20.36,17.46,2.22,11.13,2.45,19.05,18.45,-6.83,15.73,1.61,0.47,,YAHOO,0.1119,-0.2614,0.3608,0.05513,2.2866,-3.8415,106.6,2026-11-05,37,,,yahoo,1.0,1.0,1.0,1.0,0.0,1.0,0.0,1.0,0.0,-0.4333,-2.5004,-8.5495,-15.0226,18.0285,16.3013,68.61,77.064,77.4411,-6.2236,-16.5109,-16.9175
LOW,187.25999450683594,187.26,2026-09-29,False,186.5,188.97999572753906,-0.21,-24.62,ALTO,105062973440.0,15.84,14.37,-14.13,,12.52,13.36,7.35,4.39,11.31,,1.1,,YAHOO,0.1119,-0.2614,0.3608,0.05513,2.2866,-3.8415,106.6,2026-11-18,50,,,yahoo,1.0,0.0,1.0,1.0,1.0,0.0,0.0,1.0,0.0,-4.4982,-3.7768,-10.8625,-14.5461,13.1151,26.0938,204.45,223.35,284.2603,-8.4079,-16.1585,-34.1238
LULU,96.87000274658203,96.87,2026-09-29,False,96.62000274658203,100.48999786376953,-3.69,-45.98,ALTO,10724480000.0,8.28,11.2,2.26,30.9,14.4,13.21,12.78,10.71,4.81,0.45,2.19,,YAHOO,0.1119,-0.2614,0.3608,0.05513,2.2866,-3.8415,106.6,2026-12-09,71,2026-09-03,26.0,finnhub,1.0,0.0,1.0,1.0,0.0,1.0,1.0,0.0,0.0,-6.6133,-1.5249,-18.9237,-15.1603,24.9876,51.2369,121.77,128.58,215.88,-20.4484,-24.6617,-55.1278
LUV,42.08000183105469,42.08,2026-09-29,False,41.470001220703125,43.16999816894531,-0.47,30.68,ALTO,20585881600.0,26.3,8.9,2.91,11.1,2.32,3.38,2.78,-4.05,10.13,0.97,0.49,,YAHOO,0.1119,-0.2614,0.3608,0.05513,2.2866,-3.8415,106.6,2026-10-21,22,,,yahoo,1.0,1.0,1.0,1.0,0.0,0.0,1.0,1.0,1.0,0.0,7.1283,-7.2871,-17.7808,26.586,34.6404,42.68,49.1996,54.0738,-1.4058,-14.4708,-22.1804
LW,43.27000045776367,43.27,2026-09-29,False,42.5,43.64500045776367,0.21,-19.93,ALTO,5948896256.0,20.7,12.83,3.26,16.28,6.03,9.77,4.39,7.61,8.98,2.21,1.42,,YAHOO,0.1119,-0.2614,0.3608,0.05513,2.2866,-3.8415,106.6,2026-10-06,7,,,yahoo,1.0,0.0,1.0,1.0,1.0,1.0,1.0,0.0,1.0,-6.6652,-8.1121,-18.6028,0.9454,13.9413,30.3877,52.6,55.36,64.5724,-17.7376,-21.8389,-32.9899
LYB,58.18000030517578,58.18,2026-09-29,False,56.810001373291016,58.349998474121094,-0.15,25.95,ALTO,18794348544.0,,9.23,1.76,-2.27,4.11,17.92,-1.13,6.53,8.58,1.33,1.64,,YAHOO,0.1119,-0.2614,0.3608,0.05513,2.2866,-3.8415,106.6,2026-10-30,31,,,yahoo,0.0,0.0,1.0,1.0,0.0,0.0,1.0,0.0,0.0,-1.7893,-11.0805,-2.7455,11.6441,28.2213,34.742,66.57,67.4042,80.6941,-12.6033,-13.6849,-27.9006
LYV,171.08999633789062,171.09,2026-09-29,False,170.25999450683594,172.42999267578125,-0.47,4.03,ALTO,39857041408.0,,91.9,479.24,17.68,2.1,6.7,0.51,4.25,28.25,6.2,0.85,,YAHOO,0.1119,-0.2614,0.3608,0.05513,2.2866,-3.8415,106.6,2026-11-03,35,,,yahoo,1.0,0.0,1.0,1.0,0.0,1.0,0.0,1.0,0.0,0.736,0.4993,-6.7934,-6.5644,11.7894,23.6634,179.59,188.46,188.46,-4.733,-9.2168,-9.2168
MAA,118.43000030517578,118.43,2026-09-29,False,117.5199966430664,119.51000213623047,0.08,-10.56,ALTO,14088882176.0,34.63,36.11,2.53,7.05,3.13,25.36,18.17,6.54,15.79,1.02,0.05,,YAHOO,0.1119,-0.2614,0.3608,0.05513,2.2866,-3.8415,106.6,2026-10-28,29,,,yahoo,1.0,0.0,1.0,1.0,1.0,1.0,1.0,0.0,0.0,-0.6043,-4.8679,-11.1686,-13.7749,9.1084,17.8449,129.36,140.0881,140.5626,-8.4493,-15.4603,-15.7457
MAR,361.6199951171875,361.62,2026-09-29,False,355.1700134277344,364.0899963378906,0.85,36.6,ALTO,94298300416.0,37.17,27.49,-20.92,,9.76,65.28,35.03,2.18,23.18,,0.54,,YAHOO,0.1119,-0.2614,0.3608,0.05513,2.2866,-3.8415,106.6,2026-11-03,35,,,yahoo,1.0,1.0,1.0,1.0,0.0,1.0,1.0,1.0,0.0,3.8959,7.2293,-3.4956,-2.2222,13.6541,26.7677,361.62,382.7422,401.7236,0.0,-5.5186,-9.9829
MAS,68.37000274658203,68.37,2026-09-29,False,67.58999633789062,69.08999633789062,0.01,-0.63,ALTO,13481704448.0,15.75,14.69,-36.94,5862.5,15.86,23.64,11.61,6.65,11.06,,1.86,,YAHOO,0.1119,-0.2614,0.3608,0.05513,2.2866,-3.8415,106.6,2026-10-28,29,,,yahoo,1.0,0.0,1.0,1.0,1.0,1.0,1.0,0.0,0.0,-2.2727,-0.7404,-4.7707,-15.6079,24.7068,37.6023,72.7,81.2537,82.4086,-5.956,-15.8561,-17.0354
MCHP,78.77999877929688,78.78,2026-09-29,False,78.47000122070312,80.37000274658203,1.04,26.12,ALTO,42778226688.0,115.85,17.19,6.63,7.19,3.54,23.96,9.34,3.19,31.81,0.84,1.92,,YAHOO,0.1119,-0.2614,0.3608,0.05513,2.2866,-3.8415,106.6,2026-11-05,37,,,yahoo,1.0,1.0,1.0,1.0,0.0,0.0,0.0,1.0,1.0,3.904,10.1972,5.6579,-13.0987,47.6819,52.7328,78.78,88.0602,102.0957,0.0,-10.5385,-22.8371
MCK,864.8200073242188,864.82,2026-09-29,False,847.2899780273438,866.4400024414062,1.0,13.91,ALTO,100829675520.0,23.2,17.14,-23.66,,4.74,1.35,1.12,6.75,15.61,,0.89,,YAHOO,0.1119,-0.2614,0.3608,0.05513,2.2866,-3.8415,106.6,2026-11-04,36,,,yahoo,1.0,1.0,1.0,1.0,0.0,0.0,1.0,0.0,1.0,-2.9633,-3.8619,0.0265,14.5764,16.7211,31.5808,924.78,924.78,993.5343,-6.4837,-6.4837,-12.9552
MCO,454.82000732421875,454.82,2026-09-29,False,450.5299987792969,458.6499938964844,-1.14,-4.65,ALTO,78766178304.0,29.23,24.03,26.04,76.93,15.62,49.47,34.25,3.27,20.98,2.41,1.19,,YAHOO,0.1119,-0.2614,0.3608,0.05513,2.2866,-3.8415,106.6,2026-10-21,22,,,yahoo,1.0,1.0,1.0,1.0,0.0,1.0,1.0,1.0,1.0,-3.0751,-2.6415,-5.4906,0.6317,14.5578,24.6232,504.3,517.9255,536.0317,-9.8116,-12.1843,-15.1505
MET,95.19999694824219,95.2,2026-09-29,False,94.41999816894531,96.33000183105469,-0.65,19.25,ALTO,60497399808.0,18.24,8.71,2.21,13.09,0.45,5.52,4.57,-34.64,13.91,1.8,2.03,,YAHOO,0.1119,-0.2614,0.3608,0.05513,2.2866,-3.8415,106.6,2026-11-09,41,,,yahoo,1.0,0.0,1.0,1.0,1.0,0.0,1.0,0.0,0.0,-0.7506,-3.0747,-1.3188,13.2133,16.5994,19.9124,99.23,99.95,99.95,-4.0613,-4.7524,-4.7524
MGM,31.520000457763672,31.52,2026-09-29,False,31.399999618530273,32.220001220703125,-1.07,-13.77,ALTO,8064431104.0,19.1,15.26,3.15,18.92,1.77,6.79,2.4,10.9,16.18,8.93,1.33,,YAHOO,0.1119,-0.2614,0.3608,0.05513,2.2866,-3.8415,106.6,2026-10-28,29,,,yahoo,1.0,0.0,1.0,1.0,1.0,0.0,1.0,0.0,1.0,-18.9717,-19.6328,-30.968,-34.0724,71.3255,29.7642,41.44,47.24,50.69,-23.9382,-33.2769,-37.8181
MKC,48.400001525878906,48.4,2026-09-29,False,47.959999084472656,48.68000030517578,-0.12,-25.26,ALTO,13012415488.0,8.05,14.69,1.86,24.73,5.14,17.42,21.91,5.49,12.53,0.65,0.78,,YAHOO,0.1119,-0.2614,0.3608,0.05513,2.2866,-3.8415,106.6,2026-10-01,2,,,yahoo,1.0,0.0,1.0,1.0,1.0,0.0,0.0,0.0,1.0,-2.0639,-2.9282,-5.0235,-3.1365,25.058,25.3991,54.26,56.48,70.3792,-10.7998,-14.3059,-31.2297
MLM,479.0899963378906,479.09,2026-09-29,False,471.8800048828125,495.67999267578125,-2.38,-22.51,ALTO,34024677376.0,31.94,22.44,2.49,8.89,4.57,20.18,36.74,1.74,16.47,0.55,1.41,,YAHOO,0.1119,-0.2614,0.3608,0.05513,2.2866,-3.8415,106.6,2026-11-03,35,,,yahoo,1.0,0.0,1.0,1.0,1.0,1.0,1.0,1.0,1.0,-4.0554,-5.4695,-11.1357,-16.7909,30.9024,29.0674,517.07,593.2078,705.0884,-7.3452,-19.2374,-32.0525
MNST,41.7400016784668,41.74,2026-09-29,False,41.04999923706055,41.90999984741211,-0.29,24.61,ALTO,81770823680.0,38.65,31.88,8.73,25.7,17.48,29.18,23.08,2.06,26.74,0.01,3.73,,YAHOO,0.1119,-0.2614,0.3608,0.05513,2.2866,-3.8415,106.6,2026-11-05,37,,,yahoo,1.0,0.0,1.0,1.0,0.0,1.0,0.0,1.0,0.0,-5.7149,-6.4755,-14.511,-13.1502,30.85,25.5787,44.99,49.97,49.97,-7.2238,-16.4699,-16.4699
MOH,189.3800048828125,189.38,2026-09-29,False,185.82000732421875,189.58999633789062,-0.14,-1.91,ALTO,9885636608.0,1262.53,19.43,2.36,-0.16,1.16,1.4,-0.02,7.08,12.62,0.95,1.68,,YAHOO,0.1119,-0.2614,0.3608,0.05513,2.2866,-3.8415,106.6,2026-10-21,22,,,yahoo,1.0,0.0,0.0,0.0,0.0,1.0,1.0,0.0,1.0,-0.9467,-8.5077,-2.7324,-17.1928,23.1176,38.7067,214.07,242.88,242.88,-11.5336,-22.0273,-22.0273
MPC,392.0299987792969,392.03,2026-09-29,False,380.0,394.2300109863281,0.67,102.81,ALTO,110091730944.0,13.58,8.32,5.82,42.1,8.74,13.56,5.55,8.4,9.3,1.33,1.25,,YAHOO,0.1119,-0.2614,0.3608,0.05513,2.2866,-3.8415,106.6,2026-11-03,35,,,yahoo,1.0,1.0,1.0,1.0,0.0,1.0,1.0,1.0,0.0,0.6031,-4.5784,25.1603,53.7542,13.4789,35.2518,424.89,424.89,424.89,-7.7338,-7.7338,-7.7338
MPWR,1355.989990234375,1355.99,2026-09-29,False,1347.8499755859375,1374.3199462890625,0.35,53.95,ALTO,66637414400.0,82.63,38.89,17.11,21.98,13.57,30.99,24.5,0.67,65.22,0.0,4.97,,YAHOO,0.1119,-0.2614,0.3608,0.05513,2.2866,-3.8415,106.6,2026-10-29,30,,,yahoo,1.0,0.0,1.0,1.0,0.0,1.0,0.0,0.0,1.0,-1.784,18.6904,3.0247,-1.9076,28.0852,52.4486,1380.62,1426.03,1687.3154,-1.784,-4.9115,-19.6362
MSCI,539.760009765625,539.76,2026-09-29,False,533.4500122070312,540.4600219726562,-0.55,-3.82,ALTO,39240552448.0,29.48,24.0,-14.59,,21.13,56.3,40.73,3.04,23.15,,0.89,,YAHOO,0.1119,-0.2614,0.3608,0.05513,2.2866,-3.8415,106.6,2026-10-20,21,,,yahoo,1.0,1.0,1.0,1.0,0.0,1.0,1.0,1.0,1.0,-1.6616,-0.8887,-5.9141,-3.2765,10.7902,31.0783,574.65,634.9691,641.5356,-6.0715,-14.9943,-15.8644
MTB,217.5,217.5,2026-09-29,False,215.72000122070312,221.13999938964844,-1.33,12.77,ALTO,31410536448.0,11.67,10.31,1.24,10.74,1.41,45.11,32.09,,,,,,YAHOO,0.1119,-0.2614,0.3608,0.05513,2.2866,-3.8415,106.6,2026-10-16,17,,,yahoo,1.0,1.0,1.0,1.0,1.0,0.0,1.0,0.0,1.0,-2.6497,-7.5923,-11.3751,-8.0276,16.3685,20.4385,240.06,252.4608,252.4608,-9.3976,-13.848,-13.848
MTCH,40.130001068115234,40.13,2026-09-29,False,39.11000061035156,40.13999938964844,1.57,12.43,ALTO,9360986112.0,14.03,8.77,-38.92,,17.36,28.77,20.17,9.94,10.34,,1.72,,YAHOO,0.1119,-0.2614,0.3608,0.05513,2.2866,-3.8415,106.6,2026-11-03,35,,,yahoo,1.0,1.0,1.0,1.0,1.0,0.0,1.0,1.0,1.0,-3.7881,-9.6171,2.086,6.0294,28.7989,34.0146,44.4,44.4,44.4,-9.6171,-9.6171,-9.6171
MTD,1537.3299560546875,1537.33,2026-09-29,False,1523.5400390625,1552.8199462890625,-0.51,28.98,ALTO,30802804736.0,34.84,29.72,2402.08,,21.1,31.2,21.91,2.25,25.78,166.68,1.12,,YAHOO,0.1119,-0.2614,0.3608,0.05513,2.2866,-3.8415,106.6,2026-11-05,37,,,yahoo,1.0,0.0,1.0,1.0,1.0,1.0,1.0,0.0,0.0,3.1239,15.554,11.3515,20.338,23.2081,27.5115,1545.26,1545.26,1545.26,-0.5132,-0.5132,-0.5132
NCLH,14.800000190734863,14.8,2026-09-29,False,14.710000038146973,15.279999732971191,3.42,-40.26,ALTO,6795980288.0,8.65,8.86,2.64,36.73,4.25,14.04,7.49,-24.72,8.7,6.21,0.2,,YAHOO,0.1119,-0.2614,0.3608,0.05513,2.2866,-3.8415,106.6,2026-11-04,36,,,yahoo,1.0,0.0,1.0,1.0,0.0,1.0,0.0,1.0,0.0,4.0788,3.6415,-20.9402,-29.891,40.8487,45.4213,15.59,21.22,25.02,-5.0674,-30.2545,-40.8473
NDAQ,91.8499984741211,91.85,2026-09-29,False,91.23999786376953,93.63999938964844,-0.83,4.85,ALTO,51342069760.0,26.78,19.63,4.31,16.52,5.85,49.33,35.04,3.29,17.93,0.78,1.01,,YAHOO,0.1119,-0.2614,0.3608,0.05513,2.2866,-3.8415,106.6,2026-10-22,23,,,yahoo,1.0,1.0,1.0,1.0,1.0,1.0,1.0,1.0,1.0,-2.8042,2.9362,-3.1521,16.9253,1.5296,24.5664,98.3774,99.1349,99.9635,-6.6351,-7.3484,-8.1165
NDSN,329.5299987792969,329.53,2026-09-29,False,326.1099853515625,332.92999267578125,-0.54,46.69,ALTO,18354612224.0,33.56,25.38,5.61,17.76,8.47,27.4,18.63,3.34,20.94,0.56,1.82,,YAHOO,0.1119,-0.2614,0.3608,0.05513,2.2866,-3.8415,106.6,2026-12-08,70,2026-08-19,41.0,finnhub,1.0,1.0,1.0,1.0,1.0,0.0,1.0,0.0,1.0,3.0844,6.5578,11.9533,9.556,14.627,24.2994,331.32,333.6978,333.6978,-0.5403,-1.249,-1.249
NI,39.31999969482422,39.32,2026-09-29,False,38.869998931884766,39.56999969482422,0.56,-6.63,ALTO,18856302592.0,20.91,17.45,1.97,8.55,3.24,17.16,13.15,-9.4,12.74,1.47,0.5,,YAHOO,0.1119,-0.2614,0.3608,0.05513,2.2866,-3.8415,106.6,2026-10-28,29,,,yahoo,1.0,1.0,1.0,1.0,0.0,1.0,0.0,0.0,1.0,-1.4042,-3.1289,-12.1733,-16.754,11.825,17.3637,41.9,47.1739,48.7533,-6.1575,-16.6488,-19.3491
NOC,504.6099853515625,504.61,2026-09-29,False,502.1000061035156,508.75,-0.24,-13.72,ALTO,71686422528.0,16.04,16.56,4.01,26.96,7.15,11.6,10.48,3.46,11.91,0.95,1.17,,YAHOO,0.1119,-0.2614,0.3608,0.05513,2.2866,-3.8415,106.6,2026-10-20,21,,,yahoo,1.0,0.0,1.0,1.0,1.0,1.0,1.0,0.0,0.0,-1.0297,-5.0146,-5.2248,-0.4722,10.0542,23.2826,532.91,586.4728,761.1927,-5.3105,-13.9585,-33.708
NRG,97.16999816894531,97.17,2026-09-29,False,96.7300033569336,99.80000305175781,0.18,-40.56,ALTO,20426151936.0,25.3,8.68,4.86,23.77,4.06,12.77,2.56,3.78,13.64,4.83,0.97,,YAHOO,0.1119,-0.2614,0.3608,0.05513,2.2866,-3.8415,106.6,2026-11-05,37,,,yahoo,1.0,0.0,1.0,1.0,0.0,1.0,1.0,0.0,0.0,-5.4307,-8.3215,-27.2114,-33.2364,44.0208,55.6678,119.64,142.4842,182.8192,-18.7813,-31.803,-46.8491
NSC,313.0,313.0,2026-09-29,False,311.1700134277344,313.6600036621094,-0.02,6.25,ALTO,70302416896.0,26.73,21.87,4.33,16.98,5.95,35.3,21.02,1.97,15.25,1.06,0.83,,YAHOO,0.1119,-0.2614,0.3608,0.05513,2.2866,-3.8415,106.6,2026-10-22,23,,,yahoo,1.0,1.0,1.0,1.0,1.0,0.0,1.0,0.0,0.0,-0.3185,-2.2547,-5.8968,-0.1116,4.5157,20.6768,332.96,352.98,352.98,-5.9947,-11.3264,-11.3264
NTAP,209.17999267578125,209.18,2026-09-29,False,200.7899932861328,210.0399932861328,2.33,79.45,ALTO,41086926848.0,28.89,18.81,27.42,114.82,11.66,26.67,19.18,2.85,19.11,1.69,1.24,,YAHOO,0.1119,-0.2614,0.3608,0.05513,2.2866,-3.8415,106.6,2026-12-01,63,2026-09-02,27.0,yahoo,1.0,1.0,1.0,1.0,0.0,1.0,1.0,1.0,1.0,8.434,10.1353,20.2322,35.5746,12.8845,42.8626,209.18,209.18,209.18,0.0,0.0,0.0
NTRS,172.94000244140625,172.94,2026-09-29,False,171.89999389648438,175.27000427246094,-0.92,31.83,ALTO,31640350720.0,14.99,13.6,2.53,17.07,1.28,42.5,24.67,,,,,,YAHOO,0.1119,-0.2614,0.3608,0.05513,2.2866,-3.8415,106.6,2026-10-21,22,,,yahoo,1.0,0.0,1.0,1.0,1.0,0.0,1.0,0.0,0.0,-0.2653,-3.2449,-4.7966,-0.0485,12.2815,21.8987,189.19,190.5711,190.5711,-8.5892,-9.2517,-9.2517
NVR,6234.6298828125,6234.6299,2026-09-29,False,6193.169921875,6285.419921875,-0.53,-23.04,ALTO,16697292800.0,16.29,15.56,4.92,31.54,16.55,13.89,11.85,5.5,10.81,0.32,5.67,,YAHOO,0.1119,-0.2614,0.3608,0.05513,2.2866,-3.8415,106.6,2026-10-21,22,,,yahoo,1.0,0.0,1.0,0.0,0.0,1.0,1.0,0.0,1.0,-1.6452,-0.3647,-0.8595,-8.4946,11.2369,26.6345,6373.9502,6701.1001,8178.0,-2.1858,-6.9611,-23.7634
NWS,31.5,31.5,2026-09-29,False,31.209999084472656,32.150001525878906,-2.3,-8.04,ALTO,16995180544.0,31.19,20.84,2.01,7.98,4.66,12.54,6.35,6.15,13.88,0.32,1.62,,YAHOO,0.1119,-0.2614,0.3608,0.05513,2.2866,-3.8415,106.6,2026-11-05,37,,,yahoo,1.0,0.0,1.0,1.0,0.0,0.0,1.0,0.0,1.0,-2.7177,-6.7496,-0.6454,12.5972,27.4621,29.0923,34.6159,35.2141,35.2141,-9.0012,-10.5471,-10.5471
NWSA,28.520000457763672,28.52,2026-09-29,False,28.18000030517578,29.049999237060547,-1.99,-7.45,ALTO,15387382784.0,28.24,18.87,1.82,7.98,4.66,12.54,6.35,6.79,12.67,0.32,1.62,,YAHOO,0.1119,-0.2614,0.3608,0.05513,2.2866,-3.8415,106.6,2026-11-05,37,,,yahoo,1.0,0.0,1.0,1.0,0.0,0.0,1.0,0.0,1.0,-2.4957,-6.3075,1.8724,15.2475,28.0229,27.6315,30.8462,31.0854,31.0854,-7.5413,-8.2528,-8.2528
NXPI,236.47000122070312,236.47,2026-09-29,False,235.11000061035156,239.8300018310547,0.06,6.37,ALTO,59629264896.0,20.16,13.07,5.23,27.92,10.46,30.41,22.56,5.96,13.37,0.93,2.04,,YAHOO,0.1119,-0.2614,0.3608,0.05513,2.2866,-3.8415,106.6,2026-10-27,28,,,yahoo,1.0,0.0,1.0,1.0,1.0,0.0,1.0,0.0,0.0,-0.463,4.9411,-3.1106,-15.4773,38.1787,40.9749,238.08,290.9507,330.0601,-0.6762,-18.7251,-28.3555
ODFL,177.4600067138672,177.46,2026-09-29,False,175.63999938964844,178.92999267578125,0.34,26.54,ALTO,36906053632.0,34.0,26.61,8.1,24.82,15.78,28.84,19.44,2.63,20.37,0.0,1.89,,YAHOO,0.1119,-0.2614,0.3608,0.05513,2.2866,-3.8415,106.6,2026-10-28,29,,,yahoo,1.0,0.0,1.0,1.0,1.0,1.0,1.0,0.0,0.0,0.0846,-1.9341,-16.3479,-17.9429,25.3414,31.0109,187.61,236.7822,248.3443,-5.4102,-25.0535,-28.5427
OKE,86.86000061035156,86.86,2026-09-29,False,86.05999755859375,88.0999984741211,-1.99,25.21,ALTO,54757343232.0,15.0,13.93,2.39,16.28,5.77,13.25,9.29,1.64,11.44,1.43,0.74,,YAHOO,0.1119,-0.2614,0.3608,0.05513,2.2866,-3.8415,106.6,2026-10-27,28,,,yahoo,1.0,1.0,1.0,1.0,1.0,0.0,0.0,0.0,1.0,-3.5853,-8.2981,-1.3184,1.0992,26.0673,25.1332,97.51,97.51,97.51,-10.922,-10.922,-10.922
OMC,74.13999938964844,74.14,2026-09-29,False,73.83999633789062,75.37999725341797,-1.28,-2.48,ALTO,20340008960.0,205.94,6.36,2.11,6.05,5.09,15.38,1.74,20.95,7.98,1.08,0.92,,YAHOO,0.1119,-0.2614,0.3608,0.05513,2.2866,-3.8415,106.6,2026-10-20,21,,,yahoo,0.0,0.0,1.0,1.0,1.0,0.0,0.0,0.0,0.0,-1.5928,-6.1962,-5.9134,2.8455,25.3026,34.5848,85.2138,88.0348,88.0348,-12.9953,-15.7833,-15.7833
ON,75.94999694824219,75.95,2026-09-29,False,75.0999984741211,77.44999694824219,0.4,52.57,ALTO,29568747520.0,50.3,16.77,4.1,8.31,6.75,19.53,10.17,5.6,14.56,0.65,3.46,,YAHOO,0.1119,-0.2614,0.3608,0.05513,2.2866,-3.8415,106.6,2026-11-02,34,,,yahoo,1.0,0.0,1.0,1.0,0.0,0.0,1.0,0.0,0.0,3.1929,3.7568,-9.3026,-19.6636,54.0191,54.6165,77.2,97.87,133.93,-1.6192,-22.3971,-43.2913
OTIS,65.62999725341797,65.63,2026-09-29,False,65.15499877929688,66.87999725341797,-1.06,-26.62,ALTO,24983328768.0,17.05,14.47,-4.35,,14.25,15.13,10.17,5.75,12.62,,0.83,,YAHOO,0.1119,-0.2614,0.3608,0.05513,2.2866,-3.8415,106.6,2026-10-28,29,,,yahoo,1.0,0.0,1.0,1.0,0.0,0.0,1.0,1.0,1.0,-3.5987,-4.1898,-7.8982,-7.7824,19.4616,22.8593,71.48,74.5481,92.4955,-8.1841,-11.9629,-29.0452
PAYC,218.5800018310547,218.58,2026-09-29,False,212.39999389648438,220.52000427246094,-0.91,1.07,ALTO,9851754496.0,23.35,15.68,16.64,41.09,8.78,31.72,22.78,4.3,14.24,1.72,1.07,,YAHOO,0.1119,-0.2614,0.3608,0.05513,2.2866,-3.8415,106.6,2026-11-04,36,,,yahoo,1.0,0.0,1.0,1.0,0.0,0.0,1.0,1.0,0.0,-2.6847,-3.6073,35.5488,74.2031,6.5577,62.161,240.52,240.52,240.52,-9.1219,-9.1219,-9.1219
PAYX,99.30999755859375,99.31,2026-09-29,False,98.0,99.66999816894531,0.01,-19.39,ALTO,35352420352.0,19.7,15.54,9.45,47.05,10.19,38.5,27.35,5.34,12.68,1.25,1.28,,YAHOO,0.1119,-0.2614,0.3608,0.05513,2.2866,-3.8415,106.6,2026-12-18,80,2026-09-23,6.0,yahoo,1.0,1.0,1.0,1.0,0.0,0.0,1.0,1.0,1.0,-13.2891,-16.0524,-14.6308,2.0482,21.7076,34.5874,125.64,127.34,127.34,-20.9567,-22.0119,-22.0119
PCG,12.180000305175781,12.18,2026-09-29,False,11.770000457763672,12.180000305175781,1.92,-18.33,ALTO,36568829952.0,8.58,6.76,0.83,9.32,2.57,24.79,11.83,-16.82,8.84,1.89,1.22,,YAHOO,0.1119,-0.2614,0.3608,0.05513,2.2866,-3.8415,106.6,2026-10-22,23,,,yahoo,1.0,1.0,1.0,1.0,0.0,0.0,0.0,1.0,0.0,-5.4348,-7.3764,-31.4961,-27.5862,33.5955,55.5029,14.82,18.36,19.0001,-17.8138,-33.6601,-35.895
PEG,67.68000030517578,67.68,2026-09-29,False,66.1500015258789,67.81999969482422,1.42,-15.76,ALTO,33733068800.0,16.63,14.48,1.94,11.83,3.24,18.87,16.04,0.32,13.04,1.42,0.88,,YAHOO,0.1119,-0.2614,0.3608,0.05513,2.2866,-3.8415,106.6,2026-11-02,34,,,yahoo,1.0,1.0,1.0,1.0,0.0,1.0,1.0,1.0,1.0,-2.0833,-3.8909,-11.9325,-15.8497,17.9893,15.2636,73.57,81.0519,84.7417,-8.006,-16.4979,-20.1337
PFG,113.97000122070312,113.97,2026-09-29,False,112.58000183105469,114.63999938964844,-0.58,42.9,ALTO,24401506304.0,16.33,10.94,2.01,12.95,0.35,12.34,9.93,4.33,10.84,0.35,1.59,,YAHOO,0.1119,-0.2614,0.3608,0.05513,2.2866,-3.8415,106.6,2026-10-26,27,,,yahoo,1.0,0.0,1.0,1.0,1.0,0.0,1.0,0.0,0.0,0.3345,-3.7172,0.7781,6.5472,7.6109,23.1832,118.51,118.51,118.51,-3.8309,-3.8309,-3.8309
PGR,210.52000427246094,210.52,2026-09-29,False,206.0500030517578,211.02999877929688,0.5,-8.33,ALTO,122185809920.0,10.52,12.93,3.56,34.94,7.84,18.21,12.85,12.37,8.35,0.24,0.29,,YAHOO,0.1119,-0.2614,0.3608,0.05513,2.2866,-3.8415,106.6,2026-10-14,15,,,yahoo,1.0,1.0,1.0,1.0,1.0,0.0,0.0,0.0,0.0,1.73,-4.8755,-1.2941,-3.5873,17.5483,32.1217,223.87,234.48,234.48,-5.9633,-10.2184,-10.2184
PH,970.3699951171875,970.37,2026-09-29,False,960.989990234375,978.5399780273438,0.08,29.78,ALTO,122375700480.0,34.05,24.64,7.94,25.08,9.79,23.46,16.97,2.42,23.05,0.57,1.26,,YAHOO,0.1119,-0.2614,0.3608,0.05513,2.2866,-3.8415,106.6,2026-11-05,37,,,yahoo,1.0,0.0,1.0,1.0,1.0,1.0,1.0,1.0,1.0,0.5721,4.9049,0.9903,-0.5925,9.5232,26.1556,978.33,1071.7115,1071.7115,-0.8136,-9.456,-9.456
PHM,118.5,118.5,2026-09-29,False,117.77999877929688,119.6500015258789,-0.53,-10.3,ALTO,22572632064.0,12.1,10.74,1.71,14.9,9.21,15.69,11.62,4.78,8.48,0.19,7.27,,YAHOO,0.1119,-0.2614,0.3608,0.05513,2.2866,-3.8415,106.6,2026-10-22,23,,,yahoo,1.0,0.0,1.0,0.0,1.0,1.0,1.0,0.0,0.0,-3.0992,-0.8119,-7.7524,-13.4468,15.4184,31.2206,124.1779,134.4554,141.6452,-4.5724,-11.8667,-16.3403
PKG,233.27999877929688,233.28,2026-09-29,False,231.17999267578125,234.8800048828125,-0.53,10.54,ALTO,20784850944.0,30.49,17.78,4.43,14.89,8.28,13.12,7.26,2.08,12.23,0.94,2.94,,YAHOO,0.1119,-0.2614,0.3608,0.05513,2.2866,-3.8415,106.6,2026-10-21,22,,,yahoo,1.0,0.0,1.0,1.0,0.0,0.0,1.0,0.0,0.0,-2.0778,0.8953,-5.5666,-1.4647,6.4624,28.6781,240.98,255.7746,255.7746,-3.1953,-8.7947,-8.7947
PNC,221.64999389648438,221.65,2026-09-29,False,219.99000549316406,224.13999938964844,-0.9,13.36,ALTO,88425865216.0,12.31,10.34,1.52,12.62,1.31,38.69,31.37,,,,,,YAHOO,0.1119,-0.2614,0.3608,0.05513,2.2866,-3.8415,106.6,2026-10-15,16,,,yahoo,1.0,1.0,1.0,0.0,1.0,0.0,1.0,0.0,1.0,-2.768,-7.945,-10.8801,-9.2612,14.3614,18.0222,245.6,256.97,256.97,-9.7516,-13.7448,-13.7448
PNR,53.470001220703125,53.47,2026-09-29,False,52.650001525878906,53.56999969482422,0.83,-50.69,ALTO,8533812224.0,13.68,10.35,2.28,17.13,8.66,23.44,16.24,6.54,9.87,0.47,1.45,,YAHOO,0.1119,-0.2614,0.3608,0.05513,2.2866,-3.8415,106.6,2026-10-20,21,,,yahoo,1.0,0.0,1.0,1.0,1.0,1.0,1.0,1.0,0.0,-3.6403,-5.4966,-19.193,-29.9457,37.9044,42.2358,60.45,76.1971,111.0011,-11.5467,-29.8267,-51.8293
PNW,93.4000015258789,93.4,2026-09-29,False,90.7300033569336,93.43000030517578,2.28,10.63,ALTO,11319821312.0,17.52,16.78,1.61,9.37,2.33,21.34,11.53,-8.21,12.96,2.33,0.59,,YAHOO,0.1119,-0.2614,0.3608,0.05513,2.2866,-3.8415,106.6,2026-11-03,35,,,yahoo,1.0,0.0,1.0,1.0,1.0,0.0,0.0,0.0,0.0,0.2576,-1.5806,-6.9786,-11.9166,23.3262,15.0254,98.04,108.3052,108.3845,-4.7328,-13.7622,-13.8253
PODD,132.83999633789062,132.84,2026-09-29,False,130.8000030517578,133.49000549316406,-0.2,-57.29,ALTO,9213011968.0,25.02,17.24,6.48,26.02,9.71,16.18,12.29,2.57,15.65,0.67,2.48,,YAHOO,0.1119,-0.2614,0.3608,0.05513,2.2866,-3.8415,106.6,2026-11-05,37,,,yahoo,1.0,0.0,1.0,1.0,1.0,0.0,0.0,1.0,1.0,-4.6922,-4.5964,-19.8213,-12.7488,17.1445,53.1472,150.58,170.62,346.36,-11.7811,-22.1428,-61.6468
POOL,162.52000427246094,162.52,2026-09-29,False,161.85000610351562,164.4499969482422,-0.48,-46.47,ALTO,5906098688.0,14.99,13.76,4.69,31.25,9.9,15.14,7.41,3.61,11.78,1.35,2.67,,YAHOO,0.1119,-0.2614,0.3608,0.05513,2.2866,-3.8415,106.6,2026-10-22,23,,,yahoo,1.0,0.0,1.0,0.0,0.0,1.0,1.0,1.0,0.0,-3.6062,-2.601,-14.2089,-23.8779,32.1189,35.1771,185.22,209.4456,304.39,-12.2557,-22.4047,-46.608
PPG,106.0199966430664,106.02,2026-09-29,False,105.62999725341797,107.48999786376953,-0.93,4.53,ALTO,23568244736.0,15.37,12.24,2.79,19.3,6.05,14.02,9.57,4.69,10.96,0.87,1.58,,YAHOO,0.1119,-0.2614,0.3608,0.05513,2.2866,-3.8415,106.6,2026-10-27,28,,,yahoo,1.0,1.0,1.0,1.0,0.0,1.0,1.0,0.0,0.0,-1.6238,1.0773,-4.776,-12.046,15.1452,28.7653,112.53,119.4769,129.1576,-5.7851,-11.2632,-17.9142
PPL,32.58000183105469,32.58,2026-09-29,False,31.920000076293945,32.619998931884766,1.46,-9.35,ALTO,24517912576.0,19.05,15.38,1.63,8.63,3.2,23.59,13.47,-7.91,11.86,1.35,0.91,,YAHOO,0.1119,-0.2614,0.3608,0.05513,2.2866,-3.8415,106.6,2026-11-04,36,,,yahoo,1.0,1.0,1.0,1.0,0.0,1.0,0.0,1.0,0.0,-0.9124,-1.9561,-7.6182,-9.6259,15.1354,16.4711,34.8204,36.0898,39.1669,-6.4341,-9.7252,-16.8174
PRU,115.05999755859375,115.06,2026-09-29,False,114.41999816894531,116.36000061035156,-0.89,16.63,ALTO,39695699968.0,10.53,7.74,1.26,12.01,0.43,7.52,6.01,18.96,11.57,1.64,0.78,,YAHOO,0.1119,-0.2614,0.3608,0.05513,2.2866,-3.8415,106.6,2026-10-28,29,,,yahoo,1.0,1.0,1.0,1.0,1.0,0.0,1.0,0.0,0.0,-2.2098,-3.5621,-5.1981,7.8368,27.3302,20.2255,123.2,123.7019,123.7019,-6.6071,-6.9861,-6.9861
PSA,285.5799865722656,285.58,2026-09-29,False,282.739990234375,286.6600036621094,0.28,3.01,ALTO,53361274880.0,27.25,27.92,10.36,21.93,6.98,45.7,41.63,4.37,18.77,1.1,0.22,,YAHOO,0.1119,-0.2614,0.3608,0.05513,2.2866,-3.8415,106.6,2026-10-28,29,,,yahoo,1.0,0.0,1.0,1.0,0.0,0.0,0.0,0.0,1.0,-1.4256,-3.7414,-9.1164,-9.3619,16.5685,21.0708,302.6251,327.1138,327.1138,-5.6324,-12.6971,-12.6971
PTC,137.55999755859375,137.56,2026-09-29,False,134.30999755859375,138.86000061035156,-1.52,-32.58,ALTO,14926120960.0,13.34,15.4,4.39,35.05,11.54,28.23,41.43,6.91,12.68,0.46,1.02,,YAHOO,0.1119,-0.2614,0.3608,0.05513,2.2866,-3.8415,106.6,2026-11-11,43,,,yahoo,1.0,1.0,1.0,1.0,1.0,1.0,1.0,1.0,1.0,-1.7429,3.6234,0.9244,21.0809,24.9628,43.3863,152.81,158.95,205.87,-9.9797,-13.4571,-33.1811
PWR,651.7899780273438,651.79,2026-09-29,False,644.52001953125,659.8499755859375,1.15,59.39,ALTO,97992318976.0,73.57,32.96,10.16,15.34,5.23,7.22,4.03,2.0,34.22,0.68,1.1,,YAHOO,0.1119,-0.2614,0.3608,0.05513,2.2866,-3.8415,106.6,2026-10-29,30,,,yahoo,1.0,0.0,1.0,1.0,1.0,0.0,0.0,1.0,0.0,1.4254,6.2672,-0.9408,-9.4648,15.1079,50.9811,651.79,722.31,785.1201,0.0,-9.7631,-16.9821
Q,125.61000061035156,125.61,2026-09-29,False,124.83999633789062,127.7699966430664,0.56,32.08,ALTO,26278684672.0,44.7,23.36,3.62,6.72,5.3,22.32,11.25,2.94,19.75,0.6,2.01,,YAHOO,0.1119,-0.2614,0.3608,0.05513,2.2866,-3.8415,106.6,2026-11-16,48,,,yahoo,1.0,0.0,1.0,1.0,0.0,1.0,0.0,1.0,0.0,0.6007,9.6169,-3.6978,-23.0337,24.2704,44.2558,126.4,143.7043,,-0.625,-12.5914,
RCL,260.6700134277344,260.67,2026-09-29,False,254.2100067138672,261.989990234375,7.45,-18.68,ALTO,69716738048.0,14.99,12.75,6.81,44.67,7.68,27.07,23.54,-2.17,13.37,2.25,0.21,,YAHOO,0.1119,-0.2614,0.3608,0.05513,2.2866,-3.8415,106.6,2026-10-27,28,,,yahoo,1.0,1.0,1.0,1.0,1.0,1.0,0.0,1.0,0.0,10.9754,5.1821,-18.5503,-17.4191,51.5557,36.1054,264.1304,325.4858,342.3655,-1.3101,-19.9136,-23.8621
REGN,750.510009765625,750.51,2026-09-29,False,741.8300170898438,752.469970703125,-0.23,34.47,ALTO,77268754432.0,18.62,12.33,2.37,14.04,6.53,33.11,27.87,3.97,14.81,0.09,3.33,,YAHOO,0.1119,-0.2614,0.3608,0.05513,2.2866,-3.8415,106.6,2026-10-30,31,,,yahoo,1.0,0.0,1.0,1.0,1.0,0.0,1.0,0.0,0.0,-6.6414,-3.0487,1.767,20.5033,31.2822,30.3222,852.03,852.03,852.03,-11.9151,-11.9151,-11.9151
RF,26.889999389648438,26.89,2026-09-29,False,26.739999771118164,27.34000015258789,-1.36,5.51,ALTO,22908385280.0,11.07,9.45,1.31,11.87,1.39,39.31,30.84,,,,,,YAHOO,0.1119,-0.2614,0.3608,0.05513,2.2866,-3.8415,106.6,2026-10-16,17,,,yahoo,1.0,1.0,1.0,1.0,1.0,0.0,1.0,0.0,1.0,-3.6546,-9.4003,-11.9523,-10.0572,19.8424,21.742,30.44,32.0747,32.0747,-11.6623,-16.1645,-16.1645
RJF,159.85000610351562,159.85,2026-09-29,False,158.6699981689453,161.75999450683594,-0.81,-8.22,ALTO,30707185664.0,14.05,11.26,2.42,18.42,2.58,19.3,15.13,,,0.48,2.11,,YAHOO,0.1119,-0.2614,0.3608,0.05513,2.2866,-3.8415,106.6,2026-10-28,29,,,yahoo,1.0,0.0,1.0,1.0,0.0,0.0,1.0,0.0,1.0,0.2886,-5.2741,-8.6415,5.5185,11.7678,21.4342,181.1,181.18,181.18,-11.7338,-11.7728,-11.7728
RL,355.9200134277344,355.92,2026-09-29,False,349.489990234375,361.1000061035156,-0.35,16.48,ALTO,21206511616.0,22.44,17.02,7.79,37.54,11.0,18.39,11.76,4.15,13.98,1.1,2.04,,YAHOO,0.1119,-0.2614,0.3608,0.05513,2.2866,-3.8415,106.6,2026-11-05,37,,,yahoo,1.0,1.0,1.0,1.0,0.0,1.0,1.0,1.0,1.0,3.1424,6.4745,-7.5084,-11.0798,33.4358,31.7676,357.16,405.7336,412.0654,-0.3472,-12.2774,-13.6254
RMD,222.8300018310547,222.83,2026-09-29,False,220.32000732421875,224.22000122070312,0.33,-16.98,ALTO,32143740928.0,21.34,16.84,4.88,24.27,14.0,30.86,26.95,2.92,15.03,0.13,3.1,,YAHOO,0.1119,-0.2614,0.3608,0.05513,2.2866,-3.8415,106.6,2026-10-29,30,,,yahoo,1.0,0.0,1.0,1.0,1.0,0.0,1.0,1.0,1.0,0.3874,-2.8809,7.1488,14.6703,3.3333,34.0144,231.36,240.33,280.3143,-3.6869,-7.2817,-20.5071
ROK,431.5299987792969,431.53,2026-09-29,False,427.70001220703125,434.7099914550781,0.07,26.87,ALTO,48018046976.0,40.33,28.94,13.72,30.63,9.99,20.97,13.39,2.72,24.41,1.03,1.07,,YAHOO,0.1119,-0.2614,0.3608,0.05513,2.2866,-3.8415,106.6,2026-11-05,37,,,yahoo,1.0,0.0,1.0,1.0,0.0,1.0,1.0,1.0,1.0,1.0159,3.4844,-8.0998,-12.5678,6.5823,26.2829,434.15,479.503,493.5596,-0.6035,-10.0047,-12.5678
ROL,30.5,30.5,2026-09-29,False,30.06999969482422,30.979999542236328,-0.29,-47.18,ALTO,14674934784.0,27.98,23.64,10.27,37.01,14.06,18.8,13.55,3.42,18.13,0.78,0.63,,YAHOO,0.1119,-0.2614,0.3608,0.05513,2.2866,-3.8415,106.6,2026-10-28,29,,,yahoo,1.0,1.0,1.0,1.0,0.0,0.0,1.0,1.0,0.0,-7.182,-9.6832,-20.0818,-26.5726,55.8896,31.726,36.19,45.2396,64.8632,-15.7226,-32.5811,-52.978
ROP,349.45001220703125,349.45,2026-09-29,False,347.45001220703125,352.25,-1.29,-29.69,ALTO,34560909312.0,14.75,14.33,1.85,13.07,4.23,27.73,30.24,6.56,14.06,0.61,0.55,,YAHOO,0.1119,-0.2614,0.3608,0.05513,2.2866,-3.8415,106.6,2026-10-22,23,,,yahoo,1.0,0.0,1.0,1.0,0.0,1.0,1.0,0.0,1.0,-3.9577,-8.9832,-10.2248,3.5274,5.9021,33.5324,422.35,426.2,516.3226,-17.2606,-18.008,-32.3194
RSG,211.9199981689453,211.92,2026-09-29,False,210.86000061035156,212.58999633789062,-0.47,-6.48,ALTO,64892657664.0,29.97,26.29,5.39,18.15,6.17,20.43,12.94,2.99,15.04,1.19,0.64,,YAHOO,0.1119,-0.2614,0.3608,0.05513,2.2866,-3.8415,106.6,2026-10-29,30,,,yahoo,1.0,0.0,1.0,1.0,0.0,1.0,1.0,1.0,0.0,-0.9164,-4.9857,0.2792,-0.254,5.9289,18.3563,225.85,225.85,230.9379,-6.1678,-6.1678,-8.2351
SBAC,162.80999755859375,162.81,2026-09-29,False,160.5500030517578,163.60000610351562,-0.38,-14.92,ALTO,17272205312.0,17.64,19.89,-3.73,,8.41,52.16,34.51,4.35,17.58,,0.17,,YAHOO,0.1119,-0.2614,0.3608,0.05513,2.2866,-3.8415,106.6,2026-11-02,34,,,yahoo,1.0,1.0,1.0,1.0,1.0,0.0,1.0,0.0,1.0,-7.4101,-11.1008,-9.8773,-7.0989,18.9115,30.4166,191.52,191.52,220.8819,-14.9906,-14.9906,-26.2909
SJM,120.69999694824219,120.7,2026-09-29,False,118.87999725341797,121.16999816894531,0.06,16.89,ALTO,12893557760.0,56.4,11.05,2.24,3.93,6.26,17.9,2.51,11.36,8.74,1.21,0.87,,YAHOO,0.1119,-0.2614,0.3608,0.05513,2.2866,-3.8415,106.6,2026-11-24,56,,,yahoo,0.0,1.0,1.0,1.0,1.0,0.0,0.0,0.0,1.0,-0.3385,-0.8217,-0.31,8.2944,4.8019,27.1146,131.44,132.34,132.34,-8.171,-8.7955,-8.7955
SMCI,41.02000045776367,41.02,2026-09-29,False,40.86000061035156,42.689998626708984,-1.82,-11.58,ALTO,26948720640.0,12.58,7.7,2.63,21.47,7.88,13.38,5.71,-30.61,11.65,0.64,3.87,,YAHOO,0.1119,-0.2614,0.3608,0.05513,2.2866,-3.8415,106.6,2026-11-03,35,,,yahoo,1.0,0.0,0.0,0.0,1.0,0.0,0.0,0.0,0.0,-1.2518,15.0954,47.9264,39.8568,52.3557,89.3559,43.26,43.26,58.68,-5.178,-5.178,-30.0954
SNPS,415.0899963378906,415.09,2026-09-29,False,403.3299865722656,418.0,-0.6,-13.87,ALTO,79546449920.0,72.95,23.46,2.55,3.66,1.35,14.52,11.43,4.31,41.81,0.35,1.34,,YAHOO,0.1119,-0.2614,0.3608,0.05513,2.2866,-3.8415,106.6,2026-12-08,70,2026-08-26,34.0,finnhub,1.0,0.0,1.0,1.0,0.0,0.0,0.0,0.0,0.0,1.4295,12.8882,11.4844,-6.9451,32.0422,48.1775,425.76,464.89,534.56,-2.5061,-10.7122,-22.3492
SO,83.44999694824219,83.45,2026-09-29,False,81.69000244140625,83.6500015258789,1.34,-8.26,ALTO,95997788160.0,20.11,16.95,2.43,11.48,3.27,29.61,15.43,-4.08,12.12,1.82,0.79,,YAHOO,0.1119,-0.2614,0.3608,0.05513,2.2866,-3.8415,106.6,2026-11-05,37,,,yahoo,1.0,0.0,1.0,1.0,0.0,0.0,0.0,0.0,1.0,-1.9965,-2.9087,-10.8129,-12.0896,14.9932,14.4781,88.99,96.4932,97.4911,-6.2254,-13.5172,-14.4025
SOLV,89.31999969482422,89.32,2026-09-29,False,88.29000091552734,89.88999938964844,-0.25,23.63,ALTO,15204383744.0,10.95,12.35,3.17,33.96,2.7,9.78,17.26,3.22,17.64,1.1,1.02,,YAHOO,0.1119,-0.2614,0.3608,0.05513,2.2866,-3.8415,106.6,2026-11-05,37,,,yahoo,1.0,1.0,1.0,0.0,1.0,1.0,0.0,0.0,1.0,0.6423,-0.8217,2.8795,15.7745,8.6489,29.8689,92.44,92.44,92.44,-3.3752,-3.3752,-3.3752
SPG,204.27999877929688,204.28,2026-09-29,False,203.00999450683594,206.1999969482422,-0.12,14.95,ALTO,77549486080.0,14.43,30.06,15.04,120.51,5.63,46.02,66.57,3.35,18.73,5.04,0.27,,YAHOO,0.1119,-0.2614,0.3608,0.05513,2.2866,-3.8415,106.6,2026-11-02,34,,,yahoo,1.0,1.0,1.0,0.0,1.0,0.0,1.0,0.0,0.0,-0.8109,0.0882,-10.4007,-7.6805,3.0051,16.7726,209.63,234.1864,234.1864,-2.5521,-12.7704,-12.7704
SRE,78.18000030517578,78.18,2026-09-29,False,76.20999908447266,78.26000213623047,1.68,-9.63,ALTO,51121930240.0,22.27,14.11,1.56,6.68,1.96,28.33,16.82,-54.1,16.75,0.85,1.64,,YAHOO,0.1119,-0.2614,0.3608,0.05513,2.2866,-3.8415,106.6,2026-11-04,36,,,yahoo,1.0,0.0,1.0,1.0,1.0,1.0,0.0,1.0,0.0,-2.6468,-2.9105,-11.993,-14.9643,20.9755,22.6757,84.7581,94.536,98.2173,-7.761,-17.3013,-20.401
STE,210.64999389648438,210.65,2026-09-29,False,208.07000732421875,210.77000427246094,-0.17,-13.47,ALTO,20538398720.0,25.78,17.2,2.85,11.39,6.8,19.15,13.33,3.89,13.48,0.28,1.91,,YAHOO,0.1119,-0.2614,0.3608,0.05513,2.2866,-3.8415,106.6,2026-11-04,36,,,yahoo,1.0,1.0,1.0,1.0,1.0,1.0,1.0,1.0,1.0,0.8908,0.176,-8.6144,0.3432,10.5324,26.0753,229.6493,238.1833,266.3608,-8.2732,-11.5597,-20.9155
STLD,221.89999389648438,221.9,2026-09-29,False,221.64999389648438,232.1300048828125,-3.69,61.63,ALTO,31804504064.0,20.91,11.34,3.38,17.57,7.87,11.5,7.83,0.74,13.3,0.47,3.18,,YAHOO,0.1119,-0.2614,0.3608,0.05513,2.2866,-3.8415,106.6,2026-10-19,20,,,yahoo,1.0,0.0,1.0,1.0,0.0,1.0,1.0,0.0,0.0,-5.1669,-7.2402,-12.1188,-3.2947,27.4339,37.2535,247.64,268.6,282.1202,-10.3941,-17.3865,-21.3456
STT,177.77999877929688,177.78,2026-09-29,False,176.4499969482422,180.14999389648438,-1.08,55.47,ALTO,48836476928.0,15.87,11.6,2.04,12.44,0.87,34.31,23.0,,,,,,YAHOO,0.1119,-0.2614,0.3608,0.05513,2.2866,-3.8415,106.6,2026-10-14,15,,,yahoo,1.0,1.0,1.0,1.0,0.0,0.0,1.0,0.0,1.0,-1.3703,-3.9702,-2.7568,5.3449,13.0424,22.4491,194.26,194.26,194.26,-8.4835,-8.4835,-8.4835
STX,913.4500122070312,913.45,2026-09-29,False,900.0999755859375,944.4299926757812,-0.87,302.2,ALTO,207712141312.0,65.67,16.5,95.6,371.53,29.35,43.07,26.11,0.94,46.47,1.8,1.67,,YAHOO,0.1119,-0.2614,0.3608,0.05513,2.2866,-3.8415,106.6,2026-10-27,28,,,yahoo,1.0,1.0,1.0,1.0,1.0,1.0,0.0,1.0,1.0,-0.6151,18.4465,7.3387,-5.2661,21.8544,73.1589,923.12,993.9932,1092.3848,-1.0475,-8.103,-16.3802
STZ,112.7699966430664,112.77,2026-09-29,False,111.54000091552734,113.55000305175781,-0.13,-15.01,ALTO,19261605888.0,10.75,9.19,2.34,23.69,8.57,35.93,20.14,11.48,8.68,1.23,0.91,,YAHOO,0.1119,-0.2614,0.3608,0.05513,2.2866,-3.8415,106.6,2026-10-06,7,,,yahoo,1.0,1.0,1.0,1.0,0.0,1.0,1.0,0.0,0.0,-4.099,-8.7769,-13.5067,-18.2842,13.15,27.4222,130.63,139.18,164.2807,-13.6722,-18.9754,-31.3553
SW,44.380001068115234,44.38,2026-09-29,False,44.13999938964844,45.09000015258789,-1.53,8.2,ALTO,23278327808.0,47.21,12.93,1.29,2.71,2.62,5.47,1.59,5.22,8.03,0.78,1.45,,YAHOO,0.1119,-0.2614,0.3608,0.05513,2.2866,-3.8415,106.6,2026-10-28,29,,,yahoo,1.0,1.0,1.0,1.0,0.0,1.0,0.0,0.0,1.0,-4.4564,1.5328,-5.7561,-3.1892,24.8296,44.6025,46.49,50.341,50.7913,-4.5386,-11.8412,-12.6229
SWK,88.79000091552734,88.79,2026-09-29,False,88.7300033569336,92.3499984741211,0.07,25.24,ALTO,13408768000.0,21.71,13.92,1.5,6.89,3.8,8.44,4.07,10.58,10.07,0.58,1.43,,YAHOO,0.1119,-0.2614,0.3608,0.05513,2.2866,-3.8415,106.6,2026-11-04,36,,,yahoo,1.0,1.0,1.0,1.0,1.0,0.0,0.0,1.0,1.0,-3.6253,0.2371,-6.2661,-4.842,30.1276,31.251,96.52,103.1027,103.1027,-8.0087,-13.882,-13.882
SYK,278.7699890136719,278.77,2026-09-29,False,274.30999755859375,280.1700134277344,1.26,-23.93,ALTO,106928660480.0,28.5,16.67,4.46,16.51,8.16,27.02,14.43,3.84,16.12,0.64,2.16,,YAHOO,0.1119,-0.2614,0.3608,0.05513,2.2866,-3.8415,106.6,2026-10-29,30,,,yahoo,1.0,0.0,1.0,1.0,0.0,0.0,0.0,1.0,0.0,1.3377,-0.9698,-19.9029,-11.4566,19.439,38.9086,317.4,352.25,385.3856,-12.1708,-20.8602,-27.6647
TAP,36.0099983215332,36.01,2026-09-29,False,35.72999954223633,36.38999938964844,-0.72,-17.82,ALTO,6714205696.0,,7.36,0.67,-19.47,3.79,11.3,-20.81,13.93,5.65,0.76,0.88,,YAHOO,0.1119,-0.2614,0.3608,0.05513,2.2866,-3.8415,106.6,2026-11-03,35,,,yahoo,0.0,0.0,1.0,1.0,1.0,0.0,1.0,0.0,1.0,-2.359,-8.3015,-12.3231,-6.4945,14.104,30.323,40.57,42.8703,52.5761,-11.2398,-16.0025,-31.5089
TDG,1099.7900390625,1099.79,2026-09-29,False,1091.010009765625,1118.719970703125,-0.85,-14.76,ALTO,60792569856.0,33.67,22.74,-6.55,,11.82,46.01,21.28,2.4,17.98,,3.02,,YAHOO,0.1119,-0.2614,0.3608,0.05513,2.2866,-3.8415,106.6,2026-11-05,37,,,yahoo,1.0,1.0,1.0,0.0,0.0,1.0,0.0,1.0,1.0,-1.1354,1.3631,-12.0105,-17.4357,13.0598,24.7289,1162.05,1329.63,1450.0,-5.3578,-17.286,-24.1524
TDY,605.5900268554688,605.59,2026-09-29,False,601.9299926757812,614.8400268554688,-0.86,4.47,ALTO,28072531968.0,29.58,22.62,2.57,9.15,5.14,20.2,15.29,3.25,18.69,0.19,2.18,,YAHOO,0.1119,-0.2614,0.3608,0.05513,2.2866,-3.8415,106.6,2026-10-21,22,,,yahoo,1.0,1.0,1.0,1.0,1.0,0.0,1.0,0.0,1.0,-1.1669,1.1829,-6.7146,-9.1933,11.9335,19.8018,621.05,691.3,691.3,-2.4893,-12.3984,-12.3984
TECH,72.37999725341797,72.38,2026-09-29,False,72.36000061035156,72.5,-0.18,39.3,ALTO,11350503424.0,62.4,31.3,5.36,9.03,6.67,27.87,14.97,2.02,34.04,0.14,4.55,,YAHOO,0.1119,-0.2614,0.3608,0.05513,2.2866,-3.8415,106.6,2026-11-09,41,,,yahoo,1.0,1.0,1.0,1.0,1.0,1.0,0.0,1.0,0.0,-0.2343,0.0553,0.5972,2.5621,2.0411,3.6102,72.61,72.61,72.61,-0.3168,-0.3168,-0.3168
TEL,212.58999633789062,212.59,2026-09-29,False,211.6999969482422,215.75999450683594,-0.99,-1.38,ALTO,61547614208.0,20.8,16.46,4.65,23.29,9.69,20.77,15.61,3.8,13.39,0.43,1.88,,YAHOO,0.1119,-0.2614,0.3608,0.05513,2.2866,-3.8415,106.6,2026-10-28,29,,,yahoo,1.0,0.0,1.0,1.0,0.0,0.0,1.0,1.0,0.0,-0.4169,5.5456,3.3111,5.8579,28.0731,31.8514,218.59,218.59,246.3216,-2.7449,-2.7449,-13.6941
TER,403.0199890136719,403.02,2026-09-29,False,399.8399963378906,415.6099853515625,0.43,200.54,ALTO,63008448512.0,55.51,34.59,20.07,36.46,19.75,33.16,25.77,0.69,41.72,0.03,2.12,,YAHOO,0.1119,-0.2614,0.3608,0.05513,2.2866,-3.8415,106.6,2026-10-21,22,,,yahoo,1.0,0.0,1.0,1.0,0.0,0.0,1.0,0.0,1.0,1.0861,21.0816,10.3108,-16.6719,21.1044,74.8424,403.02,442.9698,483.6542,0.0,-9.0186,-16.6719
TKO,177.5800018310547,177.58,2026-09-29,False,176.72000122070312,182.44000244140625,-2.2,-12.2,ALTO,33610516480.0,63.65,37.93,3.89,7.06,4.5,32.39,4.33,2.55,13.77,0.59,1.28,,YAHOO,0.1119,-0.2614,0.3608,0.05513,2.2866,-3.8415,106.6,2026-11-04,36,,,yahoo,1.0,1.0,1.0,1.0,0.0,1.0,1.0,1.0,0.0,-5.9777,-6.6007,-2.9938,-11.4266,12.0677,28.6872,194.5235,200.8675,222.2776,-8.7102,-11.5935,-20.1089
TPL,328.70001220703125,328.7,2026-09-29,False,328.4599914550781,341.07000732421875,-2.79,7.71,ALTO,22671978496.0,43.08,4.5,13.56,36.57,25.81,78.18,60.32,-0.14,30.26,0.01,4.55,,YAHOO,0.1119,-0.2614,0.3608,0.05513,2.2866,-3.8415,106.6,2026-11-04,36,,,yahoo,1.0,0.0,1.0,1.0,0.0,0.0,0.0,0.0,0.0,-7.471,-11.5518,-16.4927,-24.772,27.0739,43.5748,381.9,432.4058,538.102,-13.9303,-23.9834,-38.9149
TRGP,273.489990234375,273.49,2026-09-29,False,271.80999755859375,278.1499938964844,-1.42,65.16,ALTO,58644738048.0,26.15,22.64,16.04,70.84,9.24,27.8,13.54,0.11,14.23,5.16,0.77,,YAHOO,0.1119,-0.2614,0.3608,0.05513,2.2866,-3.8415,106.6,2026-11-05,37,,,yahoo,1.0,1.0,1.0,1.0,0.0,0.0,1.0,1.0,0.0,-3.0693,-4.267,2.3962,2.4726,15.0008,30.7282,296.06,302.25,302.25,-7.6235,-9.5153,-9.5153
TRMB,57.34000015258789,57.34,2026-09-29,False,56.439998626708984,57.75,-0.3,-30.09,ALTO,13370531840.0,,13.86,2.36,-1.94,4.8,15.13,-2.77,5.13,16.61,0.29,0.95,,YAHOO,0.1119,-0.2614,0.3608,0.05513,2.2866,-3.8415,106.6,2026-11-04,36,,,yahoo,1.0,0.0,1.0,0.0,0.0,0.0,1.0,1.0,0.0,-3.3052,-2.483,0.4907,12.036,20.9964,33.5923,60.1,61.54,83.52,-4.5923,-6.8248,-31.3458
TROW,104.51000213623047,104.51,2026-09-29,False,103.18000030517578,104.62999725341797,0.67,6.21,ALTO,22293641216.0,10.43,10.13,2.03,19.4,10.66,28.69,29.26,9.08,6.98,0.04,4.04,,YAHOO,0.1119,-0.2614,0.3608,0.05513,2.2866,-3.8415,106.6,2026-10-30,31,,,yahoo,1.0,0.0,1.0,0.0,0.0,1.0,1.0,0.0,0.0,0.3264,0.2686,-11.2927,-6.931,19.5435,23.9485,109.5176,120.1849,120.1849,-4.5724,-13.0423,-13.0423
TRV,363.2099914550781,363.21,2026-09-29,False,358.3900146484375,364.0,0.01,33.31,ALTO,75756535808.0,9.76,12.0,2.29,26.51,4.78,23.7,16.95,19.5,6.95,0.27,0.32,,YAHOO,0.1119,-0.2614,0.3608,0.05513,2.2866,-3.8415,106.6,2026-10-16,17,,,yahoo,1.0,1.0,1.0,1.0,0.0,0.0,1.0,0.0,0.0,0.3315,-3.9051,-3.0687,10.3998,3.9833,27.7316,379.49,395.8665,395.8665,-4.29,-8.2494,-8.2494
TSCO,31.510000228881836,31.51,2026-09-29,False,31.450000762939453,32.22999954223633,-1.75,-43.14,ALTO,16417974272.0,16.41,15.38,6.27,39.51,7.82,12.07,6.42,0.63,11.77,2.49,1.33,,YAHOO,0.1119,-0.2614,0.3608,0.05513,2.2866,-3.8415,106.6,2026-10-22,23,,,yahoo,1.0,0.0,1.0,1.0,1.0,0.0,1.0,1.0,0.0,-4.0499,-4.6019,5.0238,0.3723,36.5936,30.1421,35.29,36.18,55.533,-10.7113,-12.9078,-43.259
TSN,50.97999954223633,50.98,2026-09-29,False,50.5,51.290000915527344,0.06,-2.26,ALTO,17934839808.0,31.47,12.35,0.99,3.26,2.56,2.71,1.03,6.64,9.13,0.44,1.43,,YAHOO,0.1119,-0.2614,0.3608,0.05513,2.2866,-3.8415,106.6,2026-11-16,48,,,yahoo,1.0,0.0,1.0,1.0,1.0,0.0,1.0,0.0,1.0,-1.621,-2.9876,-15.1592,-10.1207,4.4742,26.8676,55.81,60.6141,67.5448,-8.6544,-15.8942,-24.5242
TTD,12.050000190734863,12.05,2026-09-29,False,11.850000381469727,12.550000190734863,-2.35,-75.79,ALTO,5697181184.0,0.15,11.94,2.2,15.44,6.25,14.21,13.61,10.23,6.61,0.17,1.72,,YAHOO,0.1119,-0.2614,0.3608,0.05513,2.2866,-3.8415,106.6,2026-11-05,37,,,yahoo,1.0,1.0,1.0,1.0,0.0,0.0,1.0,0.0,1.0,-8.5736,-19.6667,-34.081,-33.3518,17.4589,65.772,15.09,19.79,54.13,-20.1458,-39.1107,-77.7388
TTWO,202.77999877929688,202.78,2026-09-29,False,200.0,203.0800018310547,0.21,-22.06,ALTO,37915893760.0,,19.7,10.71,-9.04,-0.62,0.51,-4.79,3.31,50.92,0.82,1.06,,YAHOO,0.1119,-0.2614,0.3608,0.05513,2.2866,-3.8415,106.6,2026-11-09,41,,,yahoo,0.0,1.0,1.0,1.0,1.0,1.0,0.0,1.0,1.0,-1.338,-4.3084,-18.0455,-18.8815,15.0924,34.0172,222.91,257.79,262.29,-9.0306,-21.3391,-22.6886
TYL,316.260009765625,316.26,2026-09-29,False,312.0400085449219,321.4100036621094,-2.39,-40.3,ALTO,12951566336.0,42.57,20.6,4.26,9.73,4.18,14.74,13.36,4.59,29.3,0.48,1.55,,YAHOO,0.1119,-0.2614,0.3608,0.05513,2.2866,-3.8415,106.6,2026-10-28,29,,,yahoo,1.0,1.0,1.0,1.0,0.0,0.0,0.0,1.0,1.0,-4.4676,-10.4409,-2.1806,8.1379,15.4894,43.7615,379.27,379.27,529.23,-16.6135,-16.6135,-40.2415
UDR,33.95000076293945,33.95,2026-09-29,False,33.599998474121094,34.150001525878906,0.35,-3.67,ALTO,12472015872.0,21.35,60.62,3.77,13.74,2.24,20.18,29.56,6.25,17.14,1.56,0.18,,YAHOO,0.1119,-0.2614,0.3608,0.05513,2.2866,-3.8415,106.6,2026-10-28,29,,,yahoo,1.0,1.0,1.0,1.0,1.0,0.0,1.0,1.0,1.0,-0.4399,-2.7499,-10.6513,-13.9697,10.5336,18.1141,36.7188,40.7677,40.7677,-7.5407,-16.7234,-16.7234
UHS,175.72999572753906,175.73,2026-09-29,False,174.69000244140625,177.9199981689453,-0.99,-12.28,ALTO,10356914176.0,7.18,7.32,1.38,20.95,8.32,11.14,8.42,4.81,5.79,0.69,1.12,,YAHOO,0.1119,-0.2614,0.3608,0.05513,2.2866,-3.8415,106.6,2026-10-26,27,,,yahoo,1.0,1.0,1.0,1.0,1.0,0.0,1.0,1.0,1.0,-1.9856,-0.6333,7.7449,18.3244,22.6804,30.8683,181.39,181.39,243.1212,-3.1204,-3.1204,-27.7192
ULTA,547.8900146484375,547.89,2026-09-29,False,546.5499877929688,557.9600219726562,-0.23,-1.11,ALTO,23426392064.0,19.95,17.08,8.63,46.12,14.84,12.51,9.34,3.9,13.3,0.95,1.34,,YAHOO,0.1119,-0.2614,0.3608,0.05513,2.2866,-3.8415,106.6,2026-12-03,65,,,yahoo,1.0,0.0,1.0,1.0,1.0,0.0,1.0,0.0,0.0,-1.0779,0.6559,6.0302,21.4888,11.9088,32.8851,564.12,565.15,706.82,-2.877,-3.0541,-22.4852
UPS,93.93000030517578,93.93,2026-09-29,False,93.31999969482422,94.54000091552734,-0.34,18.4,ALTO,79913910272.0,17.52,11.64,5.31,29.6,7.28,9.05,5.08,7.0,8.6,1.9,1.18,,YAHOO,0.1119,-0.2614,0.3608,0.05513,2.2866,-3.8415,106.6,2026-10-27,28,,,yahoo,1.0,0.0,1.0,1.0,0.0,1.0,1.0,1.0,0.0,-2.0236,-8.2267,-9.3496,-11.2301,40.0576,29.9363,103.5,115.8725,115.8725,-9.2464,-18.9368,-18.9368
URI,1014.5399780273438,1014.54,2026-09-29,False,973.2899780273438,1044.6099853515625,-2.81,8.3,ALTO,63147491328.0,24.42,17.7,6.86,28.89,8.77,25.99,15.67,2.7,16.72,1.67,0.76,,YAHOO,0.1119,-0.2614,0.3608,0.05513,2.2866,-3.8415,106.6,2026-10-21,22,,,yahoo,1.0,0.0,1.0,1.0,1.0,0.0,1.0,0.0,0.0,-2.7324,2.5689,-4.8978,-10.2922,34.9278,36.6629,1047.0601,1164.8199,1164.8199,-3.1058,-12.9016,-12.9016
VICI,23.200000762939453,23.2,2026-09-29,False,22.959999084472656,23.275999069213867,0.04,-23.81,ALTO,25544998912.0,8.99,7.76,0.88,9.85,4.82,70.18,67.5,1.05,11.96,0.6,11.24,,YAHOO,0.1119,-0.2614,0.3608,0.05513,2.2866,-3.8415,106.6,2026-10-29,30,,,yahoo,1.0,1.0,1.0,0.0,1.0,0.0,0.0,1.0,1.0,-3.2527,-4.5098,-10.1354,-10.9477,20.7111,18.2498,25.169,26.6409,30.7538,-7.8231,-12.9157,-24.5623
VLO,387.7200012207031,387.72,2026-09-29,False,379.57000732421875,389.3999938964844,-0.47,129.95,ALTO,111635234816.0,16.24,10.19,4.47,27.64,10.56,12.27,5.45,7.54,8.85,0.4,1.64,,YAHOO,0.1119,-0.2614,0.3608,0.05513,2.2866,-3.8415,106.6,2026-10-22,23,,,yahoo,1.0,0.0,1.0,1.0,0.0,1.0,1.0,1.0,0.0,2.8053,-2.3474,24.8656,49.4465,15.6233,34.8211,413.28,413.28,413.28,-6.1847,-6.1847,-6.1847
VLTO,96.6500015258789,96.65,2026-09-29,False,95.56999969482422,97.0199966430664,0.47,-7.59,ALTO,23562627072.0,24.35,20.26,7.62,34.31,10.31,21.37,17.35,3.43,18.01,1.16,1.77,,YAHOO,0.1119,-0.2614,0.3608,0.05513,2.2866,-3.8415,106.6,2026-10-21,22,,,yahoo,1.0,0.0,1.0,1.0,1.0,0.0,0.0,1.0,0.0,0.8978,1.2254,2.0484,8.9874,13.1448,23.1317,97.88,100.1,106.6836,-1.2566,-3.4466,-9.405
VMC,242.75,242.75,2026-09-29,False,239.89999389648438,248.83999633789062,-1.38,-19.35,ALTO,31455238144.0,28.93,22.79,3.71,13.23,6.04,21.61,13.75,2.68,15.48,0.58,1.76,,YAHOO,0.1119,-0.2614,0.3608,0.05513,2.2866,-3.8415,106.6,2026-10-29,30,,,yahoo,1.0,1.0,1.0,1.0,1.0,1.0,1.0,1.0,1.0,-2.0656,-2.5883,-10.3373,-17.5618,20.7116,28.6629,263.93,299.3438,328.4807,-8.0249,-18.906,-26.0992
VRSK,165.94000244140625,165.94,2026-09-29,False,163.2899932861328,167.77000427246094,-1.09,-32.69,ALTO,21598089216.0,25.49,19.08,-18.62,,18.96,45.11,28.24,4.89,16.93,,1.0,,YAHOO,0.1119,-0.2614,0.3608,0.05513,2.2866,-3.8415,106.6,2026-10-28,29,,,yahoo,1.0,0.0,1.0,1.0,1.0,1.0,1.0,1.0,0.0,-3.4896,-7.8521,-16.9529,-7.322,14.2638,39.0816,193.8304,212.5802,249.0066,-14.3891,-21.94,-33.3592
VRSN,279.8399963378906,279.84,2026-09-29,False,275.2300109863281,280.25,-0.79,-0.41,ALTO,25297534976.0,30.35,25.3,-11.22,,45.12,68.18,49.77,3.29,22.41,,0.59,,YAHOO,0.1119,-0.2614,0.3608,0.05513,2.2866,-3.8415,106.6,2026-10-22,23,,,yahoo,1.0,1.0,1.0,1.0,0.0,1.0,1.0,1.0,1.0,-6.5393,-5.8602,-2.0652,11.5684,10.0313,29.9249,308.18,308.18,309.0927,-9.1959,-9.1959,-9.464
VTR,86.91000366210938,86.91,2026-09-29,False,86.08999633789062,87.19999694824219,-0.15,28.75,ALTO,44580171776.0,158.02,110.01,3.04,2.01,2.17,14.81,4.09,3.34,24.3,0.85,0.29,,YAHOO,0.1119,-0.2614,0.3608,0.05513,2.2866,-3.8415,106.6,2026-10-27,28,,,yahoo,1.0,1.0,1.0,1.0,1.0,0.0,0.0,0.0,1.0,0.0576,-1.8631,-5.4504,-2.1284,5.7409,24.5534,92.11,100.53,100.53,-5.6454,-13.5482,-13.5482
VTRS,18.1200008392334,18.12,2026-09-29,False,17.8700008392334,18.43000030517578,-0.82,94.98,ALTO,20812466176.0,,6.78,1.44,-2.75,2.67,12.55,-2.79,12.86,7.67,0.96,1.58,,YAHOO,0.1119,-0.2614,0.3608,0.05513,2.2866,-3.8415,106.6,2026-11-05,37,,,yahoo,0.0,0.0,1.0,1.0,1.0,0.0,1.0,0.0,1.0,5.4715,8.8288,2.7922,14.9616,24.4225,28.4118,18.27,18.27,18.27,-0.821,-0.821,-0.821
WAB,291.2300109863281,291.23,2026-09-29,False,290.0299987792969,293.55999755859375,-0.39,48.03,ALTO,49191907328.0,39.36,23.38,4.39,11.55,6.17,19.19,10.59,2.24,20.93,0.62,1.12,,YAHOO,0.1119,-0.2614,0.3608,0.05513,2.2866,-3.8415,106.6,2026-10-21,22,,,yahoo,1.0,0.0,1.0,1.0,0.0,0.0,1.0,1.0,0.0,0.5247,4.7138,-0.3178,8.1345,17.1038,29.2143,292.37,305.4747,305.4747,-0.3899,-4.6631,-4.6631
WAT,443.260009765625,443.26,2026-09-29,False,437.8800048828125,444.4100036621094,0.07,53.09,ALTO,43521863680.0,112.22,26.79,2.87,1.92,3.56,9.42,3.59,-0.33,33.39,0.36,1.86,,YAHOO,0.1119,-0.2614,0.3608,0.05513,2.2866,-3.8415,106.6,2026-10-30,31,,,yahoo,1.0,0.0,1.0,1.0,1.0,0.0,0.0,0.0,0.0,4.1152,6.2744,16.5554,18.1901,17.3528,27.3229,443.26,443.26,443.26,0.0,0.0,0.0
WDAY,189.1699981689453,189.17,2026-09-29,False,185.0,189.33999633789062,0.3,-23.69,ALTO,45589970944.0,38.84,14.3,7.06,16.01,4.51,11.82,12.32,6.68,28.98,0.58,0.91,,YAHOO,0.1119,-0.2614,0.3608,0.05513,2.2866,-3.8415,106.6,2026-11-23,55,2026-08-27,33.0,finnhub,1.0,1.0,1.0,1.0,1.0,0.0,1.0,1.0,1.0,0.4994,-0.7867,19.6445,54.5254,8.0068,65.7604,206.92,206.92,247.69,-8.5782,-8.5782,-23.6263
WEC,102.58000183105469,102.58,2026-09-29,False,100.83999633789062,102.94000244140625,1.11,-7.18,ALTO,33425629184.0,19.92,17.1,,11.99,3.03,21.8,16.69,-7.04,14.33,1.58,0.53,,YAHOO,0.1119,-0.2614,0.3608,0.05513,2.2866,-3.8415,106.6,2026-10-29,30,,,yahoo,1.0,0.0,1.0,1.0,1.0,0.0,0.0,0.0,1.0,-0.2431,-0.8985,-5.9753,-11.3863,9.7192,16.2017,107.06,116.663,117.8229,-4.1846,-12.0716,-12.9372
WM,207.08999633789062,207.09,2026-09-29,False,204.39999389648438,207.22999572753906,0.31,-4.11,ALTO,82777022464.0,29.33,22.71,8.35,29.84,6.57,18.99,11.12,2.84,13.58,2.35,0.91,,YAHOO,0.1119,-0.2614,0.3608,0.05513,2.2866,-3.8415,106.6,2026-10-27,28,,,yahoo,1.0,0.0,1.0,1.0,1.0,1.0,0.0,1.0,1.0,-0.2841,-4.6766,-8.0965,-6.6739,5.7646,19.0821,220.7444,241.1841,243.3986,-6.1856,-14.1361,-14.9173
WMB,68.62999725341797,68.63,2026-09-29,False,67.62000274658203,68.94000244140625,-0.51,10.49,ALTO,83945979904.0,27.45,26.61,6.38,21.5,5.03,39.54,24.94,-1.81,16.6,2.0,0.48,,YAHOO,0.1119,-0.2614,0.3608,0.05513,2.2866,-3.8415,106.6,2026-11-02,34,,,yahoo,1.0,1.0,1.0,1.0,0.0,1.0,0.0,1.0,1.0,-3.3108,-4.1882,-2.5125,-7.0105,10.7032,25.3291,75.2833,75.4322,78.2497,-8.8377,-9.0177,-12.2936
WSM,229.9600067138672,229.96,2026-09-29,False,228.25999450683594,233.39999389648438,-0.46,21.41,ALTO,27084500992.0,23.59,21.87,14.48,54.96,16.64,17.27,14.73,3.95,16.62,0.71,1.45,,YAHOO,0.1119,-0.2614,0.3608,0.05513,2.2866,-3.8415,106.6,2026-11-18,50,,,yahoo,1.0,0.0,1.0,1.0,0.0,0.0,1.0,0.0,0.0,-1.1732,3.8335,-1.4401,-1.0177,13.8191,28.2415,232.69,251.78,251.78,-1.1732,-8.6663,-8.6663
WST,376.6300048828125,376.63,2026-09-29,False,370.79998779296875,377.7799987792969,0.26,45.07,ALTO,26505623552.0,48.22,37.73,8.87,19.09,11.38,22.47,16.98,1.05,28.93,0.11,2.82,,YAHOO,0.1119,-0.2614,0.3608,0.05513,2.2866,-3.8415,106.6,2026-10-22,23,,,yahoo,1.0,0.0,1.0,1.0,1.0,1.0,1.0,1.0,0.0,1.4929,3.1863,10.9073,4.9794,16.1744,24.8832,376.63,376.63,376.63,0.0,0.0,0.0
WTW,288.57000732421875,288.57,2026-09-29,False,286.260009765625,291.6499938964844,-1.21,-14.68,ALTO,26800054272.0,18.08,12.63,3.49,19.76,5.08,17.56,15.49,5.28,11.48,0.91,1.1,,YAHOO,0.1119,-0.2614,0.3608,0.05513,2.2866,-3.8415,106.6,2026-10-29,30,,,yahoo,1.0,1.0,1.0,1.0,0.0,1.0,1.0,0.0,0.0,-4.3615,-10.3736,-14.1288,10.4067,12.9816,28.6706,342.06,350.75,350.75,-15.6376,-17.7277,-17.7277
WY,19.549999237060547,19.55,2026-09-29,False,19.510000228881836,19.940000534057617,-0.86,-18.55,ALTO,14090388480.0,30.08,29.07,1.49,4.97,0.67,8.03,6.89,0.1,27.63,0.58,1.82,,YAHOO,0.1119,-0.2614,0.3608,0.05513,2.2866,-3.8415,106.6,2026-10-29,30,,,yahoo,1.0,0.0,1.0,1.0,0.0,0.0,1.0,0.0,0.0,-9.2386,-12.2925,-16.0433,-17.5864,31.263,30.5787,23.1669,25.6045,26.396,-15.6124,-23.6462,-25.9358
WYNN,78.2300033569336,78.23,2026-09-29,False,77.73999786376953,81.5,-2.84,-40.43,ALTO,8055647744.0,18.76,15.18,-47.04,,5.73,16.54,6.05,5.91,9.64,,0.91,,YAHOO,0.1119,-0.2614,0.3608,0.05513,2.2866,-3.8415,106.6,2026-11-05,37,,,yahoo,1.0,0.0,1.0,1.0,1.0,0.0,1.0,0.0,0.0,-5.1872,-9.7797,-22.1236,-19.228,26.613,25.0746,92.22,104.5341,132.1289,-15.1702,-25.1632,-40.7927
XEL,70.69000244140625,70.69,2026-09-29,False,68.9000015258789,70.91000366210938,1.87,-9.01,ALTO,44155400192.0,19.37,15.57,1.83,9.92,2.37,22.7,15.28,-17.91,13.68,1.73,0.7,,YAHOO,0.1119,-0.2614,0.3608,0.05513,2.2866,-3.8415,106.6,2026-10-29,30,,,yahoo,1.0,0.0,1.0,1.0,0.0,1.0,0.0,1.0,0.0,-1.9012,-2.4831,-8.9099,-11.258,23.1791,17.1783,76.2653,81.0169,82.0098,-7.3103,-12.7466,-13.803
XYL,100.93000030517578,100.93,2026-09-29,False,100.16999816894531,101.48999786376953,0.02,-28.96,ALTO,23565824000.0,24.03,16.16,2.14,9.18,5.11,17.0,11.15,5.02,12.94,0.29,1.61,,YAHOO,0.1119,-0.2614,0.3608,0.05513,2.2866,-3.8415,106.6,2026-10-27,28,,,yahoo,1.0,1.0,1.0,1.0,1.0,0.0,0.0,1.0,0.0,-6.4163,-6.1116,-13.2733,-14.2931,41.1774,27.9592,108.81,124.825,150.8356,-7.242,-19.1428,-33.0861
YUM,137.72999572753906,137.73,2026-09-29,False,137.02999877929688,138.57000732421875,-0.4,-8.85,ALTO,37586665472.0,17.41,19.88,-5.21,,22.69,32.78,25.41,2.22,16.4,,0.59,,YAHOO,0.1119,-0.2614,0.3608,0.05513,2.2866,-3.8415,106.6,2026-11-03,35,,,yahoo,1.0,0.0,1.0,1.0,1.0,0.0,1.0,0.0,0.0,-1.4172,-2.1596,-11.8316,-13.409,21.5455,29.9118,151.7748,166.6498,166.6498,-9.2537,-17.3536,-17.3536
ZBH,91.33999633789062,91.34,2026-09-29,False,90.5999984741211,91.58999633789062,-0.31,-6.14,ALTO,17421979648.0,22.17,10.07,1.38,6.41,3.88,17.96,9.48,6.15,9.73,0.6,1.69,,YAHOO,0.1119,-0.2614,0.3608,0.05513,2.2866,-3.8415,106.6,2026-11-05,37,,,yahoo,1.0,0.0,1.0,1.0,0.0,1.0,1.0,0.0,0.0,-2.8091,-7.1842,-3.8121,6.0983,19.2466,30.0,99.5,101.38,103.1494,-8.201,-9.9033,-11.4488
ZBRA,375.9700012207031,375.97,2026-09-29,False,366.5,380.8500061035156,1.1,26.56,ALTO,17787387904.0,34.12,16.94,5.19,15.29,7.32,21.26,9.22,3.24,17.39,0.86,0.52,,YAHOO,0.1119,-0.2614,0.3608,0.05513,2.2866,-3.8415,106.6,2026-11-03,35,,,yahoo,1.0,0.0,1.0,1.0,0.0,0.0,1.0,0.0,1.0,3.9711,9.6986,30.2873,42.8132,21.2548,62.6005,375.97,383.06,383.06,0.0,-1.8509,-1.8509
ZTS,70.30000305175781,70.3,2026-09-29,False,70.0,71.69999694824219,-1.58,-49.98,ALTO,29049620480.0,11.47,10.75,,64.91,15.35,40.72,27.68,6.94,9.01,2.94,3.08,,YAHOO,0.1119,-0.2614,0.3608,0.05513,2.2866,-3.8415,106.6,2026-11-05,37,,,yahoo,1.0,0.0,1.0,1.0,0.0,1.0,1.0,1.0,0.0,-3.5136,-4.2626,-7.5365,-1.4889,23.7319,30.3942,77.25,77.93,144.75,-8.9968,-9.7908,-51.4335
