Ticker,Precio,Cierre_Confirmado,Fecha_Cierre_Confirmado,Precio_Es_Intradiario,Low,High,Change (%),RS 20D,Credit Stress,Market Cap,P/E,Forward P/E,P/Book,ROE,ROA,Operating Margin,Net Margin,FCF Yield,EV/EBITDA,Debt/Equity,Current Ratio,Piotroski,Fund Source,Grain_IS,ZC_Surprise,ZS_Surprise,SPX_Quarterly_Divisor,SPX_ROC_63d,z_MOVE_inv,MOVE_price,Earnings_Next_Date,Earnings_Days_To_Next,Earnings_Last_Date,Earnings_Days_Since,Earnings_Source,piotroski_roa_positive,piotroski_d_roa,piotroski_cfo_positive,piotroski_cfo_gt_ni,piotroski_d_leverage,piotroski_d_liquidity,piotroski_no_dilution,piotroski_d_margin,piotroski_d_turnover,roc_5d,roc_10d,roc_42d,roc_63d,vol_5d,vol_60d,high_20d,high_60d,high_252d,drawdown_20d,drawdown_60d,drawdown_252d
^GSPC,7656.97998046875,7656.98,2026-09-11,False,7636.75,7677.02001953125,0.86,4.1,BAJO,,,,,,,,,,,,,,NONE,-0.0655,1.8078,-1.3143,0.059076,3.5525,-0.6522,82.21,,999,,,none,,,,,,,,,,-1.1711,-0.9573,1.5031,,11.224,11.3581,7785.7598,7798.9902,,-1.654,-1.8209,
^DJI,52573.2890625,52573.2891,2026-09-11,False,52204.4609375,52720.23828125,0.98,3.74,BAJO,,,,,,,,,,,,,,NONE,-0.0655,1.8078,-1.3143,0.059076,3.5525,-0.6522,82.21,,999,,,none,,,,,,,,,,-2.0728,-1.8596,0.1238,,14.9987,11.3305,53732.4102,54349.1211,,-2.1572,-3.2675,
^IXIC,26333.03515625,26333.0352,2026-09-11,False,26283.111328125,26431.220703125,0.96,2.78,BAJO,,,,,,,,,,,,,,NONE,-0.0655,1.8078,-1.3143,0.059076,3.5525,-0.6522,82.21,,999,,,none,,,,,,,,,,-0.9443,-0.7849,0.8658,,12.1566,18.2384,26729.1602,26803.0293,,-1.482,-1.7535,
^RUT,2903.9443359375,2903.9443,2026-09-11,False,2902.8984375,2926.686767578125,0.45,-0.3,BAJO,,,,,,,,,,,,,,NONE,-0.0655,1.8078,-1.3143,0.059076,3.5525,-0.6522,82.21,,999,,,none,,,,,,,,,,-2.1671,-3.6624,-2.0513,,12.3356,13.9652,3068.4199,3068.4199,,-5.3603,-5.3603,
^VIX,15.84000015258789,15.84,2026-09-11,False,15.59000015258789,17.709999084472656,-11.21,-17.46,BAJO,,,,,,,,,,,,,,NONE,-0.0655,1.8078,-1.3143,0.059076,3.5525,-0.6522,82.21,,999,,,none,,,,,,,,,,9.0158,9.7713,1.0849,-10.4072,136.0393,101.6467,17.84,20.66,,-11.2108,-23.3301,
^MOVE,82.20680236816406,82.2068,2026-09-11,False,82.09459686279297,82.20680236816406,0.14,19.58,BAJO,,,,,,,,,,,,,,NONE,-0.0655,1.8078,-1.3143,0.059076,3.5525,-0.6522,82.21,,999,,,none,,,,,,,,,,10.0787,17.6736,9.5652,,50.3454,70.6636,82.2068,83.02,,0.0,-0.9795,
^TNX,4.974999904632568,4.975,2026-09-11,False,4.904000282287598,4.984999656677246,0.63,12.53,BAJO,,,,,,,,,,,,,,NONE,-0.0655,1.8078,-1.3143,0.059076,3.5525,-0.6522,82.21,,999,,,none,,,,,,,,,,4.4729,6.4854,8.506,11.4721,13.0432,13.8076,4.975,4.975,,0.0,0.0,
^IRX,3.9130001068115234,3.913,2026-09-11,False,3.8299999237060547,3.9130001068115234,1.77,9.07,BAJO,,,,,,,,,,,,,,NONE,-0.0655,1.8078,-1.3143,0.059076,3.5525,-0.6522,82.21,,999,,,none,,,,,,,,,,4.6257,6.3893,5.7568,8.0044,8.7168,11.5447,3.913,3.913,,0.0,0.0,
DX-Y.NYB,99.09500122070312,99.095,2026-09-11,False,98.96499633789062,99.36799621582031,0.01,0.3,BAJO,,,,,,,,,,,,,,NONE,-0.0655,1.8078,-1.3143,0.059076,3.5525,-0.6522,82.21,,999,,,none,,,,,,,,,,0.096,-0.0656,-1.8278,-0.7661,4.231,4.7452,99.7,101.61,,-0.6068,-2.4751,
^N225,65270.94921875,65270.9492,2026-09-10,False,64186.6796875,65270.94921875,0.2,2.7,BAJO,,,,,,,,,,,,,,NONE,-0.0655,1.8078,-1.3143,0.059076,3.5525,-0.6522,82.21,,999,,,none,,,,,,,,,,1.6452,-1.302,-4.7942,1.6408,24.9793,31.0171,69220.25,72366.3438,,-5.7054,-9.8048,
^MERV,3098897.5,3098897.5,2026-09-11,False,3082977.75,3159261.25,-1.87,-6.52,BAJO,,,,,,,,,,,,,,NONE,-0.0655,1.8078,-1.3143,0.059076,3.5525,-0.6522,82.21,,999,,,none,,,,,,,,,,1.6325,4.0083,-4.0388,-7.5786,25.5716,24.9846,3157852.0,3379772.0,,-1.8669,-8.3105,
^NYA,24331.564453125,24331.5645,2026-09-11,False,24140.64453125,24387.552734375,0.79,4.18,BAJO,,,,,,,,,,,,,,NONE,-0.0655,1.8078,-1.3143,0.059076,3.5525,-0.6522,82.21,,999,,,none,,,,,,,,,,-1.5719,-1.2879,2.0337,,11.671,8.033,24821.6797,24821.6797,,-1.9745,-1.9745,
^HSI,24954.470703125,24954.4707,2026-09-10,False,24889.640625,25021.810546875,-1.27,3.97,BAJO,,,,,,,,,,,,,,NONE,-0.0655,1.8078,-1.3143,0.059076,3.5525,-0.6522,82.21,,999,,,none,,,,,,,,,,-1.0266,-2.391,2.5215,2.9081,7.998,17.575,26009.4609,26009.4609,,-4.0562,-4.0562,
^TWII,46940.48828125,46940.4883,2026-09-10,False,46573.46875,47130.9609375,-0.51,9.85,BAJO,,,,,,,,,,,,,,NONE,-0.0655,1.8078,-1.3143,0.059076,3.5525,-0.6522,82.21,,999,,,none,,,,,,,,,,2.3613,2.0995,4.9232,8.7858,16.1409,33.3557,47326.2695,47741.5117,,-0.8152,-1.6778,
^KS11,7033.919921875,7033.9199,2026-09-10,False,6898.4501953125,7072.7900390625,-0.25,-8.34,BAJO,,,,,,,,,,,,,,NONE,-0.0655,1.8078,-1.3143,0.059076,3.5525,-0.6522,82.21,,999,,,none,,,,,,,,,,6.9069,1.7584,-5.9126,-9.4028,37.6911,74.7114,7051.6401,9114.5498,,-0.2513,-22.8276,
^GDAXI,25361.150390625,25361.1504,2026-09-10,False,25361.150390625,25612.08984375,-0.84,5.82,BAJO,,,,,,,,,,,,,,NONE,-0.0655,1.8078,-1.3143,0.059076,3.5525,-0.6522,82.21,,999,,,none,,,,,,,,,,-2.4696,-3.8157,0.8515,1.8765,12.0445,13.1464,26569.9902,26569.9902,,-4.5496,-4.5496,
^FTSE,10608.900390625,10608.9004,2026-09-10,False,10594.2998046875,10688.0,-0.57,4.02,BAJO,,,,,,,,,,,,,,NONE,-0.0655,1.8078,-1.3143,0.059076,3.5525,-0.6522,82.21,,999,,,none,,,,,,,,,,-2.0551,-2.4747,1.0535,1.3102,9.1514,8.628,10886.2002,10908.4004,,-2.5473,-2.7456,
^AEX,1093.27001953125,1093.27,2026-09-10,False,1091.77001953125,1102.510009765625,-0.78,3.9,BAJO,,,,,,,,,,,,,,NONE,-0.0655,1.8078,-1.3143,0.059076,3.5525,-0.6522,82.21,,999,,,none,,,,,,,,,,-1.0275,-0.9163,0.3129,1.6504,10.9393,9.6302,1117.8199,1119.59,,-2.1962,-2.3509,
^IBEX,19659.80078125,19659.8008,2026-09-10,False,19614.5,19833.099609375,-0.18,8.55,BAJO,,,,,,,,,,,,,,NONE,-0.0655,1.8078,-1.3143,0.059076,3.5525,-0.6522,82.21,,999,,,none,,,,,,,,,,-1.702,-1.1156,1.5664,3.2987,10.8008,12.8329,20156.5996,20213.5996,,-2.4647,-2.7397,
FTSEMIB.MI,51807.0,51807.0,2026-09-09,False,51717.0,52229.0,-0.13,24.24,BAJO,,,,,,,,,,,,,,YAHOO,-0.0655,1.8078,-1.3143,0.059076,3.5525,-0.6522,82.21,,999,,,none,,,,,,,,,,-0.8384,-0.8763,-1.9976,-0.0559,5.3898,12.6816,53587.0,53717.0,53717.0,-3.3217,-3.5557,-3.5557
^SSMI,13740.099609375,13740.0996,2026-09-10,False,13740.099609375,13849.330078125,-0.47,2.62,BAJO,,,,,,,,,,,,,,NONE,-0.0655,1.8078,-1.3143,0.059076,3.5525,-0.6522,82.21,,999,,,none,,,,,,,,,,-4.548,-4.479,-3.5225,0.1645,9.8906,10.8015,14542.9004,14633.7002,,-5.5202,-6.1065,
^OMXC25,1865.0538330078125,1865.0538,2026-09-11,False,1865.0538330078125,1886.11865234375,-0.82,6.35,BAJO,,,,,,,,,,,,,,NONE,-0.0655,1.8078,-1.3143,0.059076,3.5525,-0.6522,82.21,,999,,,none,,,,,,,,,,-2.6529,-2.7351,-1.4383,,9.0754,14.626,1935.0699,1935.0699,,-3.6183,-3.6183,
^GSPTSE,35697.48828125,35697.4883,2026-09-11,False,35578.5390625,35857.3984375,0.54,4.02,BAJO,,,,,,,,,,,,,,NONE,-0.0655,1.8078,-1.3143,0.059076,3.5525,-0.6522,82.21,,999,,,none,,,,,,,,,,-2.554,-3.0863,1.2617,2.9592,12.2145,10.2985,36957.6016,36957.6016,,-3.4096,-3.4096,
^AXJO,8819.400390625,8819.4004,2026-09-10,False,8742.599609375,8911.400390625,-1.03,3.22,BAJO,,,,,,,,,,,,,,NONE,-0.0655,1.8078,-1.3143,0.059076,3.5525,-0.6522,82.21,,999,,,none,,,,,,,,,,-2.225,-2.4208,0.1237,-1.0612,9.1468,9.1801,9164.5996,9271.5996,,-3.7667,-4.8773,
^MXX,63924.76953125,63924.7695,2026-09-11,False,63768.3984375,64454.30078125,-0.28,-3.5,BAJO,,,,,,,,,,,,,,NONE,-0.0655,1.8078,-1.3143,0.059076,3.5525,-0.6522,82.21,,999,,,none,,,,,,,,,,-1.452,-2.3816,-3.7273,-6.6559,10.4953,12.5855,66293.0703,67640.5938,,-3.5725,-5.4935,
^BVSP,187206.890625,187206.8906,2026-09-11,False,186207.6875,188586.46875,-0.56,10.22,BAJO,,,,,,,,,,,,,,NONE,-0.0655,1.8078,-1.3143,0.059076,3.5525,-0.6522,82.21,,999,,,none,,,,,,,,,,1.0902,6.8929,5.9816,9.8535,19.0496,17.233,188269.0,188269.0,,-0.5641,-0.5641,
HYG,78.5999984741211,78.6,2026-09-11,False,78.5999984741211,78.86000061035156,-0.03,3.95,BAJO,,,,,,,,,,,,,,YAHOO,-0.0655,1.8078,-1.3143,0.059076,3.5525,-0.6522,82.21,,999,,,none,,,,,,,,,,-0.7701,-1.0508,-0.3333,-0.1969,3.1309,2.7525,79.4844,79.4844,79.4844,-1.1127,-1.1127,-1.1127
LQD,104.31999969482422,104.32,2026-09-11,False,104.30999755859375,104.86499786376953,-0.04,-1.61,BAJO,,,,,,,,,,,,,,YAHOO,-0.0655,1.8078,-1.3143,0.059076,3.5525,-0.6522,82.21,,999,,,none,,,,,,,,,,-1.1185,-1.8477,-1.8641,-3.2075,6.7215,5.3409,106.4133,108.3896,108.7169,-1.9671,-3.7546,-4.0443
TLT,80.87000274658203,80.87,2026-09-11,False,80.80999755859375,81.4749984741211,0.11,-5.32,BAJO,8871439000.0,,-4043.5,0.54,,,,,,,,,,YAHOO,-0.0655,1.8078,-1.3143,0.059076,3.5525,-0.6522,82.21,,999,,,none,,,,,,,,,,-1.4622,-2.3459,-3.0603,-4.8524,9.2671,9.6661,83.1514,86.4474,88.4493,-2.7436,-6.4518,-8.5691
GC=F,4390.0,4390.0,2026-09-11,False,4333.0,4444.89990234375,0.58,8.39,BAJO,,,,,,,,,,,,,,NONE,-0.0655,1.8078,-1.3143,0.059076,3.5525,-0.6522,82.21,,999,,,none,,,,,,,,,,-2.2642,-4.766,8.0988,7.3271,14.2382,23.9947,4640.7998,4640.7998,,-5.4042,-5.4042,
HG=F,6.557000160217285,6.557,2026-09-11,False,6.500999927520752,6.5929999351501465,1.39,5.82,BAJO,,,,,,,,,,,,,,NONE,-0.0655,1.8078,-1.3143,0.059076,3.5525,-0.6522,82.21,,999,,,none,,,,,,,,,,-0.3041,-0.4554,3.5861,4.7611,51.7644,24.2544,6.8035,6.8035,,-3.6231,-3.6231,
CL=F,99.98999786376953,99.99,2026-09-11,False,98.4800033569336,104.45999908447266,-2.43,15.06,BAJO,,,,,,,,,,,,,,NONE,-0.0655,1.8078,-1.3143,0.059076,3.5525,-0.6522,82.21,,999,,,none,,,,,,,,,,9.5181,19.7055,26.0272,14.0007,60.0606,50.8209,102.48,102.48,,-2.4297,-2.4297,
ZS=F,1299.0,1299.0,2026-09-11,False,1293.0,1335.25,-1.29,17.56,BAJO,,,,,,,,,,,,,,NONE,-0.0655,1.8078,-1.3143,0.059076,3.5525,-0.6522,82.21,,999,,,none,,,,,,,,,,-0.555,3.3824,7.5999,16.5022,20.4039,19.7864,1316.0,1316.0,,-1.2918,-1.2918,
ZC=F,532.0,532.0,2026-09-11,False,523.25,544.75,3.5,30.27,BAJO,,,,,,,,,,,,,,NONE,-0.0655,1.8078,-1.3143,0.059076,3.5525,-0.6522,82.21,,999,,,none,,,,,,,,,,3.2508,4.2626,22.6513,29.2046,29.5793,26.0122,532.0,532.0,,0.0,0.0,
BTC-USD,77121.0,77121.0,2026-09-11,False,76535.953125,79503.171875,0.72,-32.17,BAJO,1549311148032.0,,,,,,,,,,,,,YAHOO,-0.0655,1.8078,-1.3143,0.059076,3.5525,-0.6522,82.21,,999,,,none,,,,,,,,,,-4.0187,-0.3651,22.7773,20.2627,19.193,31.9842,81271.7422,81271.7422,96929.3281,-5.1072,-5.1072,-20.4358
ETH-USD,2513.199951171875,2513.2,2026-09-11,False,2437.0166015625,2639.072509765625,3.12,-42.6,BAJO,306677022720.0,,,,,,,,,,,,,YAHOO,-0.0655,1.8078,-1.3143,0.059076,3.5525,-0.6522,82.21,,999,,,none,,,,,,,,,,-0.0536,3.9439,35.0932,39.9571,31.1776,48.5811,2514.5488,2515.2817,3354.7227,-0.0536,-0.0828,-25.0847
IBIT,43.77000045776367,43.77,2026-09-11,False,43.5,45.21989822387695,0.21,-31.63,BAJO,,,,,,,,,,,,,,YAHOO,-0.0655,1.8078,-1.3143,0.059076,3.5525,-0.6522,82.21,,999,,,none,,,,,,,,,,-5.5663,-3.3562,19.6555,21.4147,15.3159,37.4126,46.35,46.35,71.29,-5.5663,-5.5663,-38.6029
SPY,764.2899780273438,764.29,2026-09-11,False,763.5999755859375,766.3699951171875,0.85,18.57,BAJO,701451617008.64,24.69,,1.78,,,,,,,,,,YAHOO,-0.0655,1.8078,-1.3143,0.059076,3.5525,-0.6522,82.21,,999,,,none,,,,,,,,,,-1.1485,-0.8832,1.6573,3.8629,11.0698,11.6836,776.34,777.88,777.88,-1.5522,-1.7471,-1.7471
QQQ,714.8800048828125,714.88,2026-09-11,False,713.6500244140625,717.6199951171875,0.87,24.05,BAJO,281019328000.0,29.14,,2.0,,,,,,,,,,YAHOO,-0.0655,1.8078,-1.3143,0.059076,3.5525,-0.6522,82.21,,999,,,none,,,,,,,,,,-0.3888,-0.8639,-0.6683,-0.2028,12.6491,21.7715,731.07,739.807,745.3409,-2.2146,-3.3694,-4.0868
DIA,525.7899780273438,525.79,2026-09-11,False,524.2899780273438,527.3200073242188,0.97,16.63,BAJO,,21.35,,,,,,,,,,,,YAHOO,-0.0655,1.8078,-1.3143,0.059076,3.5525,-0.6522,82.21,,999,,,none,,,,,,,,,,-2.0748,-1.7619,0.3212,3.6225,14.7336,11.2779,536.93,542.3603,542.3603,-2.0748,-3.0552,-3.0552
IWM,288.8900146484375,288.89,2026-09-11,False,288.7699890136719,291.44000244140625,0.41,22.28,BAJO,81192529877.76,17.01,,1.32,,,,,,,,,,YAHOO,-0.0655,1.8078,-1.3143,0.059076,3.5525,-0.6522,82.21,,999,,,none,,,,,,,,,,-2.1342,-3.6423,-1.9083,-0.2868,12.3226,13.8316,305.09,305.09,305.09,-5.3099,-5.3099,-5.3099
GLD,398.7699890136719,398.77,2026-09-11,False,398.1499938964844,403.6400146484375,0.61,20.18,BAJO,103799831000.0,,,2.35,,,,,,,,,,YAHOO,-0.0655,1.8078,-1.3143,0.059076,3.5525,-0.6522,82.21,,999,,,none,,,,,,,,,,-2.7912,-5.6389,7.153,3.2227,22.9146,24.8383,428.07,428.07,495.9,-6.8447,-6.8447,-19.5866
SLV,58.119998931884766,58.12,2026-09-11,False,57.875,58.95899963378906,1.08,54.86,BAJO,,,,,,,,,,,,,,YAHOO,-0.0655,1.8078,-1.3143,0.059076,3.5525,-0.6522,82.21,,999,,,none,,,,,,,,,,-4.0132,-7.408,9.3098,-4.4393,52.8047,41.317,62.77,62.77,105.6,-7.408,-7.408,-44.9621
XLY,112.95999908447266,112.96,2026-09-11,False,112.55000305175781,113.25,0.89,-3.03,BAJO,,24.68,,,,,,,,,,,,YAHOO,-0.0655,1.8078,-1.3143,0.059076,3.5525,-0.6522,82.21,,999,,,none,,,,,,,,,,-3.0053,-2.5198,-2.5367,-2.6783,15.1166,20.5078,118.59,119.86,124.0232,-4.7474,-5.7567,-8.9203
XLV,165.36000061035156,165.36,2026-09-11,False,165.11000061035156,167.10000610351562,-0.18,21.48,BAJO,,29.54,,,,,,,,,,,,YAHOO,-0.0655,1.8078,-1.3143,0.059076,3.5525,-0.6522,82.21,,999,,,none,,,,,,,,,,-4.5596,-3.6251,4.4665,7.7872,17.3581,19.5493,175.68,175.68,175.68,-5.8743,-5.8743,-5.8743
XLRE,43.41999816894531,43.42,2026-09-11,False,43.22999954223633,43.54999923706055,0.86,6.65,BAJO,,30.94,,,,,,,,,,,,YAHOO,-0.0655,1.8078,-1.3143,0.059076,3.5525,-0.6522,82.21,,999,,,none,,,,,,,,,,-1.8757,-2.7765,-2.3831,-2.4922,14.0315,14.0712,45.36,46.01,46.01,-4.2769,-5.6292,-5.6292
XLK,187.6699981689453,187.67,2026-09-11,False,186.8800048828125,188.6300048828125,1.32,40.26,BAJO,,33.22,,,,,,,,,,,,YAHOO,-0.0655,1.8078,-1.3143,0.059076,3.5525,-0.6522,82.21,,999,,,none,,,,,,,,,,0.9141,-0.4984,2.2056,2.5565,17.9264,30.0176,190.32,192.15,197.974,-1.3924,-2.3315,-5.2047
XLI,172.3699951171875,172.37,2026-09-11,False,171.88999938964844,172.91000366210938,1.07,15.32,BAJO,23550223620.0,27.99,,1.75,,,,,,,,,,YAHOO,-0.0655,1.8078,-1.3143,0.059076,3.5525,-0.6522,82.21,,999,,,none,,,,,,,,,,-1.2546,-3.5962,-4.4777,-1.3451,17.122,16.6079,186.51,186.51,186.51,-7.5814,-7.5814,-7.5814
XLF,57.25,57.25,2026-09-11,False,56.95500183105469,57.6150016784668,0.67,8.67,BAJO,50577225792.0,16.23,,1.68,,,,,,,,,,YAHOO,-0.0655,1.8078,-1.3143,0.059076,3.5525,-0.6522,82.21,,999,,,none,,,,,,,,,,-2.237,-1.0885,1.9046,9.1801,13.2671,12.7904,58.56,58.56,58.56,-2.237,-2.237,-2.237
XLE,65.13999938964844,65.14,2026-09-11,False,64.70999908447266,65.7249984741211,0.32,51.78,BAJO,12143659360.0,18.07,,1.25,,,,,,,,,,YAHOO,-0.0655,1.8078,-1.3143,0.059076,3.5525,-0.6522,82.21,,999,,,none,,,,,,,,,,0.8047,4.5754,14.381,14.863,11.8012,20.5478,65.31,65.31,65.31,-0.2603,-0.2603,-0.2603
XLC,112.5999984741211,112.6,2026-09-11,False,112.33000183105469,113.04000091552734,0.99,-0.97,BAJO,,15.53,,,,,,,,,,,,YAHOO,-0.0655,1.8078,-1.3143,0.059076,3.5525,-0.6522,82.21,,999,,,none,,,,,,,,,,-0.688,1.0681,1.0319,0.6894,12.5061,19.6037,113.38,113.38,119.3874,-0.688,-0.688,-5.6852
XLB,50.95000076293945,50.95,2026-09-11,False,50.869998931884766,51.209999084472656,0.37,13.1,BAJO,3664512311.2000003,23.78,,0.64,,,,,,,,,,YAHOO,-0.0655,1.8078,-1.3143,0.059076,3.5525,-0.6522,82.21,,999,,,none,,,,,,,,,,-3.1737,-4.2833,0.6122,-0.1552,11.6754,17.4634,53.67,53.67,53.67,-5.068,-5.068,-5.068
XLP,83.37999725341797,83.38,2026-09-11,False,83.04000091552734,83.68000030517578,0.35,7.39,BAJO,17524141360.0,24.66,,1.22,,,,,,,,,,YAHOO,-0.0655,1.8078,-1.3143,0.059076,3.5525,-0.6522,82.21,,999,,,none,,,,,,,,,,-2.205,-1.9981,-0.048,-1.538,10.812,16.5882,87.45,87.45,88.8894,-4.6541,-4.6541,-6.1981
XLU,42.38999938964844,42.39,2026-09-11,False,42.310001373291016,42.95000076293945,-0.31,3.5,BAJO,6921184860.0,19.09,,0.66,,,,,,,,,,YAHOO,-0.0655,1.8078,-1.3143,0.059076,3.5525,-0.6522,82.21,,999,,,none,,,,,,,,,,-1.4873,-1.8296,-7.2226,-3.154,14.5681,14.3782,44.31,46.29,47.0979,-4.3331,-8.4251,-9.9959
PSQ,25.93000030517578,25.93,2026-09-11,False,25.83989906311035,25.975000381469727,-0.88,-15.28,BAJO,,,,,,,,,,,,,,YAHOO,-0.0655,1.8078,-1.3143,0.059076,3.5525,-0.6522,82.21,,999,,,none,,,,,,,,,,0.5428,1.0916,1.1705,0.5766,13.1348,21.7886,26.18,27.91,33.0172,-0.9549,-7.0942,-21.4651
EWZ,38.189998626708984,38.19,2026-09-11,False,37.89500045776367,38.63999938964844,-0.96,33.86,BAJO,7659004500.0,11.11,,1.04,,,,,,,,,,YAHOO,-0.0655,1.8078,-1.3143,0.059076,3.5525,-0.6522,82.21,,999,,,none,,,,,,,,,,0.1574,6.7953,5.995,10.7543,26.3261,22.2359,38.61,38.61,41.3365,-1.0878,-1.0878,-7.6119
FXI,34.4900016784668,34.49,2026-09-11,False,34.459999084472656,34.720001220703125,0.41,-12.72,BAJO,,9.14,,,,,,,,,,,,YAHOO,-0.0655,1.8078,-1.3143,0.059076,3.5525,-0.6522,82.21,,999,,,none,,,,,,,,,,-2.4052,-2.1283,2.1321,-0.4613,19.1118,17.8804,35.88,36.52,40.9939,-3.874,-5.5586,-15.8655
COPX,88.52999877929688,88.53,2026-09-11,False,87.98999786376953,90.05000305175781,-0.09,72.6,BAJO,,16.28,,,,,,,,,,,,YAHOO,-0.0655,1.8078,-1.3143,0.059076,3.5525,-0.6522,82.21,,999,,,none,,,,,,,,,,-2.9808,-8.2115,12.4619,6.8192,74.2141,44.9006,96.45,96.45,96.45,-8.2115,-8.2115,-8.2115
URA,43.529998779296875,43.53,2026-09-11,False,43.525001525878906,45.2400016784668,-3.27,8.0,BAJO,,27.41,,,,,,,,,,,,YAHOO,-0.0655,1.8078,-1.3143,0.059076,3.5525,-0.6522,82.21,,999,,,none,,,,,,,,,,-4.7484,-10.0062,4.7653,-2.8999,50.6752,43.6775,48.37,48.37,61.81,-10.0062,-10.0062,-29.5745
ARKK,83.58000183105469,83.58,2026-09-11,False,83.5,84.79000091552734,0.63,7.8,BAJO,,53.94,,,,,,,,,,,,YAHOO,-0.0655,1.8078,-1.3143,0.059076,3.5525,-0.6522,82.21,,999,,,none,,,,,,,,,,-4.0854,-4.3488,5.1056,10.7607,19.0441,37.1763,87.38,87.38,92.53,-4.3488,-4.3488,-9.6725
ITA,219.00999450683594,219.01,2026-09-11,False,218.01499938964844,220.67999267578125,0.32,11.08,BAJO,,33.24,,,,,,,,,,,,YAHOO,-0.0655,1.8078,-1.3143,0.059076,3.5525,-0.6522,82.21,,999,,,none,,,,,,,,,,-3.0843,-6.5099,-6.9112,-7.1497,14.1296,21.5696,253.22,253.22,253.22,-13.51,-13.51,-13.51
SMH,568.530029296875,568.53,2026-09-11,False,564.0,572.7999877929688,1.47,88.7,BAJO,,38.83,,,,,,,,,,,,YAHOO,-0.0655,1.8078,-1.3143,0.059076,3.5525,-0.6522,82.21,,999,,,none,,,,,,,,,,2.8827,-0.7801,-5.2939,-6.7142,28.2618,46.4418,594.07,668.91,668.91,-4.2992,-15.0065,-15.0065
EEM,67.83999633789062,67.84,2026-09-11,False,67.69000244140625,68.02999877929688,1.25,33.34,BAJO,,14.43,,,,,,,,,,,,YAHOO,-0.0655,1.8078,-1.3143,0.059076,3.5525,-0.6522,82.21,,999,,,none,,,,,,,,,,0.5484,0.3402,3.3044,1.0261,22.7489,27.71,68.83,71.21,71.21,-1.4383,-4.7325,-4.7325
AAPL,332.2699890136719,332.27,2026-09-11,False,326.29998779296875,336.2200012207031,1.75,46.04,BAJO,4849207869440.0,38.1,34.7,45.15,148.75,27.08,32.62,27.62,2.22,28.51,0.78,1.0,8.0,YAHOO,-0.0655,1.8078,-1.3143,0.059076,3.5525,-0.6522,82.21,2026-10-29,48,,,yahoo,1.0,1.0,1.0,0.0,1.0,1.0,1.0,1.0,1.0,1.237,5.6234,5.6205,12.4908,33.6274,32.4093,332.27,339.7869,339.7869,0.0,-2.2123,-2.2123
MSFT,495.6300048828125,495.63,2026-09-11,False,492.5799865722656,498.9700012207031,0.65,0.8,BAJO,3680323239936.0,27.58,21.03,8.32,34.04,14.09,45.11,40.3,0.45,19.09,0.29,1.23,6.0,YAHOO,-0.0655,1.8078,-1.3143,0.059076,3.5525,-0.6522,82.21,2026-10-28,47,,,yahoo,1.0,1.0,1.0,1.0,1.0,0.0,1.0,0.0,0.0,-2.8405,-1.8671,29.0009,27.2129,12.3754,43.2127,513.53,513.53,537.6464,-3.4857,-3.4857,-7.8149
NVDA,218.2899932861328,218.29,2026-09-11,False,218.14999389648438,222.0,-0.03,24.57,BAJO,5271048421376.0,27.63,14.02,23.02,117.21,53.57,66.24,63.66,0.79,26.01,0.17,4.59,4.0,YAHOO,-0.0655,1.8078,-1.3143,0.059076,3.5525,-0.6522,82.21,2026-11-17,67,2026-08-26,16.0,yahoo,1.0,0.0,1.0,0.0,1.0,0.0,1.0,0.0,0.0,-4.3404,-4.1432,3.1795,6.6697,16.3758,40.5435,230.1025,230.1025,235.2024,-5.1336,-5.1336,-7.1906
META,648.030029296875,648.03,2026-09-11,False,646.2000122070312,664.239990234375,0.57,-12.36,BAJO,1650860490752.0,24.41,18.54,6.32,29.85,14.59,34.83,29.83,1.31,15.17,0.43,2.23,5.0,YAHOO,-0.0655,1.8078,-1.3143,0.059076,3.5525,-0.6522,82.21,2026-10-28,47,,,yahoo,1.0,0.0,1.0,1.0,0.0,0.0,1.0,1.0,0.0,6.1161,13.4705,-1.9681,14.1092,57.1846,45.9584,653.69,681.31,777.701,-0.8658,-4.8847,-16.6736
GOOGL,338.5,338.5,2026-09-11,False,335.06500244140625,342.9700012207031,1.77,42.25,BAJO,4139833098240.0,16.99,22.76,6.65,48.68,12.96,34.03,54.77,0.55,22.89,0.19,2.72,6.0,YAHOO,-0.0655,1.8078,-1.3143,0.059076,3.5525,-0.6522,82.21,2026-10-28,47,,,yahoo,1.0,0.0,1.0,1.0,0.0,1.0,1.0,1.0,0.0,-1.0986,-0.5673,-5.7835,-5.3253,27.0128,36.3783,347.8364,377.4074,402.1212,-2.6841,-10.3091,-15.8214
AMZN,256.7799987792969,256.78,2026-09-11,False,253.13999938964844,257.5899963378906,1.94,12.73,BAJO,2769709432832.0,20.67,24.68,5.02,30.56,6.59,13.69,17.44,0.12,16.85,0.46,1.03,6.0,YAHOO,-0.0655,1.8078,-1.3143,0.059076,3.5525,-0.6522,82.21,2026-10-29,48,,,yahoo,1.0,1.0,1.0,1.0,1.0,0.0,0.0,1.0,0.0,-0.8188,0.2029,3.7537,6.3227,24.6378,44.1253,266.43,284.02,284.02,-3.622,-9.5909,-9.5909
TSLA,365.44000244140625,365.44,2026-09-11,False,361.6000061035156,368.6600036621094,0.52,0.15,BAJO,1443322658816.0,335.27,169.3,16.61,4.67,1.93,1.41,3.67,0.34,131.02,0.18,1.94,5.0,YAHOO,-0.0655,1.8078,-1.3143,0.059076,3.5525,-0.6522,82.21,2026-10-21,40,,,yahoo,1.0,0.0,1.0,1.0,0.0,1.0,0.0,1.0,0.0,-2.9041,2.996,-7.7591,-8.4454,35.2529,57.6415,376.37,425.3,489.88,-2.9041,-14.0748,-25.4021
MSTR,130.97000122070312,130.97,2026-09-11,False,129.27999877929688,137.88999938964844,1.87,-58.77,BAJO,52031979520.0,,2.65,1.58,-63.56,-38.73,-6808.11,0.0,-43.41,-1.9,0.15,5.39,3.0,YAHOO,-0.0655,1.8078,-1.3143,0.059076,3.5525,-0.6522,82.21,2026-10-29,48,,,yahoo,0.0,0.0,0.0,1.0,1.0,1.0,0.0,0.0,0.0,-9.5636,-4.6798,34.2181,9.0054,43.5747,88.6444,144.82,144.82,359.69,-9.5636,-9.5636,-63.5881
PLTR,167.22999572753906,167.23,2026-09-11,False,165.39999389648438,168.61000061035156,0.83,2.81,BAJO,401863442432.0,141.72,71.9,41.11,38.1,17.29,47.12,49.01,0.54,146.28,0.02,7.23,8.0,YAHOO,-0.0655,1.8078,-1.3143,0.059076,3.5525,-0.6522,82.21,2026-11-02,52,,,yahoo,1.0,1.0,1.0,1.0,1.0,1.0,0.0,1.0,1.0,-8.3822,-10.0575,25.0598,27.5786,23.7395,82.5129,186.38,186.38,207.18,-10.2747,-10.2747,-19.2827
SNOW,328.989990234375,328.99,2026-09-11,False,323.4200134277344,333.42999267578125,-0.22,47.59,BAJO,116067672064.0,,109.5,53.94,-48.06,-9.02,-17.0,-20.07,1.5,-112.29,1.29,0.94,5.0,YAHOO,-0.0655,1.8078,-1.3143,0.059076,3.5525,-0.6522,82.21,2026-12-02,82,2026-09-02,9.0,yahoo,0.0,0.0,1.0,1.0,1.0,0.0,0.0,1.0,1.0,-7.7089,-0.0365,19.2252,36.8568,6.5818,52.4651,356.47,356.47,356.47,-7.7089,-7.7089,-7.7089
CRWD,206.74000549316406,206.74,2026-09-11,False,204.4499969482422,213.19000244140625,-1.02,91.88,BAJO,211688292352.0,5168.5,128.85,41.49,1.46,-0.78,-2.26,0.83,0.94,1942.08,0.16,1.57,4.0,YAHOO,-0.0655,1.8078,-1.3143,0.059076,3.5525,-0.6522,82.21,2026-12-01,81,2026-08-26,16.0,yahoo,0.0,0.0,1.0,1.0,1.0,1.0,0.0,0.0,0.0,-3.8284,-9.3087,-1.8934,19.5841,13.7044,68.9466,231.0,231.0,231.0,-10.5022,-10.5022,-10.5022
PANW,330.6499938964844,330.65,2026-09-11,False,327.0530090332031,341.1400146484375,-2.32,67.78,BAJO,269479739392.0,287.52,67.77,9.83,1.74,1.75,5.04,2.67,1.66,144.85,0.09,0.87,3.0,YAHOO,-0.0655,1.8078,-1.3143,0.059076,3.5525,-0.6522,82.21,2026-11-19,69,2026-09-01,10.0,yahoo,1.0,0.0,1.0,1.0,0.0,0.0,0.0,0.0,0.0,-0.3886,-13.6346,-6.3023,18.2878,25.6069,58.5823,384.27,396.0,396.0,-13.9537,-16.5025,-16.5025
ADBE,252.22999572753906,252.23,2026-09-11,False,241.52200317382812,255.3000030517578,1.37,-26.99,BAJO,100261421056.0,14.08,9.12,8.74,62.95,19.93,35.33,28.69,9.19,10.32,0.61,0.75,7.0,YAHOO,-0.0655,1.8078,-1.3143,0.059076,3.5525,-0.6522,82.21,2026-12-09,89,2026-09-10,1.0,yahoo,1.0,1.0,1.0,1.0,0.0,0.0,1.0,1.0,1.0,-11.7305,-12.7685,14.2449,15.2788,33.1504,47.2536,292.79,292.79,367.46,-13.8529,-13.8529,-31.3585
CRM,247.72000122070312,247.72,2026-09-11,False,243.2550048828125,250.5471954345703,1.94,2.5,BAJO,203873566720.0,22.71,15.47,5.31,19.38,5.7,21.38,21.99,8.7,17.91,1.1,0.84,7.0,YAHOO,-0.0655,1.8078,-1.3143,0.059076,3.5525,-0.6522,82.21,2026-12-02,82,2026-08-26,16.0,yahoo,1.0,1.0,1.0,1.0,0.0,0.0,1.0,1.0,1.0,-6.3192,-1.7179,47.8396,48.8255,39.1862,61.9817,264.43,264.43,264.8822,-6.3192,-6.3192,-6.4792
MU,975.260009765625,975.26,2026-09-11,False,967.3800048828125,993.989990234375,-0.22,549.81,BAJO,1101452017664.0,22.02,6.26,10.93,66.64,34.87,80.37,55.91,0.69,15.85,0.06,3.42,7.0,YAHOO,-0.0655,1.8078,-1.3143,0.059076,3.5525,-0.6522,82.21,2026-09-30,19,,,yahoo,1.0,1.0,1.0,1.0,1.0,0.0,0.0,1.0,1.0,1.7847,4.2624,-0.7995,-2.0545,50.4084,93.4988,1027.77,1213.3734,1213.3734,-5.1091,-19.6241,-19.6241
INTC,102.94000244140625,102.94,2026-09-11,False,101.08000183105469,104.9000015258789,2.61,319.35,BAJO,544151666688.0,,50.34,5.93,-10.71,1.41,12.19,-19.79,0.89,32.21,0.49,1.6,6.0,YAHOO,-0.0655,1.8078,-1.3143,0.059076,3.5525,-0.6522,82.21,2026-10-22,41,,,yahoo,0.0,1.0,1.0,1.0,1.0,1.0,0.0,1.0,0.0,12.2941,11.782,-4.4729,-11.987,95.026,75.8844,106.24,140.94,140.94,-3.1062,-26.9618,-26.9618
AMAT,456.489990234375,456.49,2026-09-11,False,452.70001220703125,464.57000732421875,0.55,170.83,BAJO,362269278208.0,39.42,24.74,14.14,41.07,15.48,33.74,30.05,0.85,35.49,0.29,2.42,6.0,YAHOO,-0.0655,1.8078,-1.3143,0.059076,3.5525,-0.6522,82.21,2026-11-12,62,2026-08-13,29.0,yahoo,1.0,0.0,1.0,1.0,0.0,1.0,1.0,1.0,0.0,4.7212,-5.3632,-23.2872,-17.31,47.4048,79.4842,534.7382,722.2277,722.2277,-14.633,-36.7942,-36.7942
TXN,268.70001220703125,268.7,2026-09-11,False,261.614990234375,273.32501220703125,3.82,50.59,BAJO,245389656064.0,40.9,25.24,13.62,35.18,13.06,42.58,31.11,1.44,26.52,0.78,4.86,7.0,YAHOO,-0.0655,1.8078,-1.3143,0.059076,3.5525,-0.6522,82.21,2026-10-27,46,,,yahoo,1.0,1.0,1.0,1.0,0.0,1.0,1.0,0.0,1.0,5.8583,0.8104,-11.61,-9.096,32.8418,45.1307,282.91,330.5874,330.5874,-5.0228,-18.7204,-18.7204
TSM,433.239990234375,433.24,2026-09-11,False,428.8999938964844,435.3699951171875,1.22,70.24,BAJO,2246988005376.0,31.93,19.76,88.66,39.97,19.0,60.34,49.92,32.52,4.92,0.17,2.46,9.0,YAHOO,-0.0655,1.8078,-1.3143,0.059076,3.5525,-0.6522,82.21,2026-10-15,34,,,yahoo,1.0,1.0,1.0,1.0,1.0,1.0,1.0,1.0,1.0,3.892,1.3901,3.0567,2.8903,29.3553,44.5709,439.0,477.57,477.57,-1.3121,-9.2824,-9.2824
AMD,516.1300048828125,516.13,2026-09-11,False,501.3500061035156,521.0599975585938,2.49,232.62,BAJO,842569351168.0,131.33,33.28,12.53,10.2,5.13,17.25,15.58,1.05,85.05,0.06,2.61,7.0,YAHOO,-0.0655,1.8078,-1.3143,0.059076,3.5525,-0.6522,82.21,2026-11-03,53,,,yahoo,1.0,1.0,1.0,1.0,0.0,1.0,0.0,1.0,1.0,13.1467,8.2783,-5.838,5.6669,61.6339,69.4443,521.1,580.91,580.91,-0.9537,-11.1515,-11.1515
ASML,1698.300048828125,1698.3,2026-09-11,False,1696.2099609375,1727.3099365234375,0.64,113.64,BAJO,652317032448.0,57.51,28.22,1427.32,53.94,16.45,37.06,30.11,1.29,2669.13,0.09,1.33,8.0,YAHOO,-0.0655,1.8078,-1.3143,0.059076,3.5525,-0.6522,82.21,2026-10-14,33,,,yahoo,1.0,1.0,1.0,1.0,1.0,0.0,1.0,1.0,1.0,3.1655,-2.1158,-4.2319,-10.4757,39.5732,48.732,1883.12,1986.8704,1986.8704,-9.8146,-14.5239,-14.5239
MRVL,236.10000610351562,236.1,2026-09-11,False,229.27999877929688,240.1999969482422,4.03,256.37,BAJO,212184170496.0,78.18,35.07,11.35,16.52,4.12,16.68,27.93,1.13,70.3,0.29,3.17,8.0,YAHOO,-0.0655,1.8078,-1.3143,0.059076,3.5525,-0.6522,82.21,2026-12-01,81,2026-08-27,15.0,yahoo,1.0,1.0,1.0,0.0,1.0,1.0,1.0,1.0,1.0,13.0585,-2.2158,6.141,-15.8711,57.001,88.7305,251.01,310.5034,316.352,-5.94,-23.9622,-25.3679
QCOM,181.97000122070312,181.97,2026-09-11,False,175.74000549316406,185.4600067138672,2.88,16.08,BAJO,194354970624.0,20.77,17.84,6.95,33.75,11.61,18.53,21.01,5.27,16.06,0.55,2.02,6.0,YAHOO,-0.0655,1.8078,-1.3143,0.059076,3.5525,-0.6522,82.21,2026-10-29,48,,,yahoo,1.0,0.0,1.0,1.0,0.0,1.0,1.0,0.0,1.0,7.9492,11.0331,2.729,-9.854,21.5878,47.8563,181.97,224.886,248.7425,0.0,-19.0835,-26.844
COIN,175.25999450683594,175.26,2026-09-11,False,172.8000030517578,182.07659912109375,1.73,-44.84,BAJO,46240059392.0,,64.01,3.53,-7.85,1.12,-13.92,-16.34,5.77,61.95,0.51,2.42,4.0,YAHOO,-0.0655,1.8078,-1.3143,0.059076,3.5525,-0.6522,82.21,2026-10-29,48,,,yahoo,1.0,0.0,1.0,1.0,0.0,1.0,0.0,0.0,0.0,-9.0503,-8.1061,8.5201,9.2439,33.6755,72.0089,192.7,192.7,387.27,-9.0503,-9.0503,-54.7448
SHOP,128.7899932861328,128.79,2026-09-11,False,128.38999938964844,131.97000122070312,1.73,-10.14,BAJO,167124926464.0,87.02,52.36,13.09,15.54,10.19,17.55,14.53,0.95,67.2,0.01,5.35,5.0,YAHOO,-0.0655,1.8078,-1.3143,0.059076,3.5525,-0.6522,82.21,2026-11-03,53,,,yahoo,1.0,0.0,1.0,1.0,0.0,1.0,0.0,0.0,1.0,-11.7151,-16.549,2.4745,16.5837,69.4094,63.4086,154.33,158.53,179.01,-16.549,-18.7599,-28.0543
RBLX,45.5,45.5,2026-09-11,False,45.189998626708984,46.5,1.38,-64.72,BAJO,32504104960.0,,-37.66,213.62,-432.28,-7.73,-13.27,-17.61,4.54,-36.59,14.23,0.82,6.0,YAHOO,-0.0655,1.8078,-1.3143,0.059076,3.5525,-0.6522,82.21,2026-10-29,48,,,yahoo,0.0,1.0,1.0,1.0,1.0,0.0,0.0,1.0,1.0,9.6121,19.2661,-16.4678,4.6217,27.339,81.2716,45.5,57.95,141.56,0.0,-21.484,-67.8582
UBER,71.66999816894531,71.67,2026-09-11,False,71.03500366210938,73.05500030517578,-1.23,-23.24,BAJO,146390286336.0,15.72,16.27,5.35,37.16,6.88,13.32,17.34,4.95,21.22,0.52,0.84,6.0,YAHOO,-0.0655,1.8078,-1.3143,0.059076,3.5525,-0.6522,82.21,2026-11-03,53,,,yahoo,1.0,0.0,1.0,1.0,0.0,1.0,1.0,1.0,0.0,-5.6477,-6.8616,-0.5688,3.0482,39.322,41.4486,80.35,80.35,100.1,-10.8027,-10.8027,-28.4016
HPQ,35.47999954223633,35.48,2026-09-11,False,32.93000030517578,36.224998474121094,8.4,32.64,BAJO,31995543552.0,13.54,11.31,-347.84,,5.63,5.4,4.14,10.59,7.7,,0.79,5.0,YAHOO,-0.0655,1.8078,-1.3143,0.059076,3.5525,-0.6522,82.21,2026-11-24,74,2026-08-26,16.0,yahoo,1.0,0.0,1.0,1.0,0.0,1.0,1.0,0.0,0.0,12.1979,20.9072,45.4519,45.1572,87.8424,48.301,35.48,35.48,35.48,0.0,0.0,0.0
BIDU,91.4000015258789,91.4,2026-09-11,False,91.25,92.91000366210938,0.89,-17.2,BAJO,31205832704.0,,11.81,0.77,-1.39,1.2,9.65,-2.9,,0.04,0.38,2.33,2.0,YAHOO,-0.0655,1.8078,-1.3143,0.059076,3.5525,-0.6522,82.21,2026-11-18,68,2026-08-18,24.0,yahoo,1.0,0.0,0.0,0.0,0.0,0.0,1.0,0.0,0.0,-4.3733,-5.7149,-16.7046,-21.2815,54.3729,46.2915,104.12,117.94,162.52,-12.2167,-22.503,-43.7608
SPOT,525.75,525.75,2026-09-11,False,523.0999755859375,531.1500244140625,0.77,-22.78,BAJO,108085895168.0,28.39,29.29,11.04,44.48,12.19,13.71,18.43,1.43,37.55,0.06,2.11,5.0,YAHOO,-0.0655,1.8078,-1.3143,0.059076,3.5525,-0.6522,82.21,2026-11-03,53,,,yahoo,1.0,1.0,1.0,1.0,0.0,0.0,0.0,1.0,0.0,-6.1345,-0.2845,9.2899,8.179,22.2246,37.6117,560.11,560.11,738.53,-6.1345,-6.1345,-28.8113
AVGO,361.989990234375,361.99,2026-09-11,False,361.6400146484375,366.7799987792969,0.32,2.46,BAJO,1728006324224.0,46.23,18.67,17.34,44.25,15.3,54.31,42.94,1.76,33.72,0.6,2.5,8.0,YAHOO,-0.0655,1.8078,-1.3143,0.059076,3.5525,-0.6522,82.21,2026-12-09,89,2026-09-02,9.0,yahoo,1.0,1.0,1.0,1.0,1.0,1.0,0.0,1.0,1.0,1.3523,-2.5704,-6.9698,-5.967,30.1967,41.6141,392.99,427.76,480.8091,-7.8882,-15.3754,-24.7123
ACN,183.89999389648438,183.9,2026-09-11,False,178.32000732421875,184.1199951171875,3.37,-22.06,BAJO,112536141824.0,14.69,12.54,3.53,24.41,10.9,16.96,10.66,10.74,8.4,0.25,1.34,5.0,YAHOO,-0.0655,1.8078,-1.3143,0.059076,3.5525,-0.6522,82.21,2026-10-01,20,,,yahoo,1.0,0.0,1.0,1.0,0.0,1.0,1.0,0.0,0.0,-4.7742,-1.8572,36.6677,11.0979,52.2765,59.7476,193.12,193.12,282.7143,-4.7742,-4.7742,-34.952
NFLX,77.4000015258789,77.4,2026-09-11,False,76.1500015258789,77.56610107421875,1.83,-34.63,BAJO,322288943104.0,24.34,20.26,10.69,49.54,16.08,33.38,28.22,7.88,22.39,0.55,1.14,7.0,YAHOO,-0.0655,1.8078,-1.3143,0.059076,3.5525,-0.6522,82.21,2026-10-20,39,,,yahoo,1.0,1.0,1.0,0.0,1.0,0.0,1.0,1.0,1.0,-6.3747,-3.0561,5.2632,-4.7619,25.2236,37.7266,82.73,82.73,124.135,-6.4426,-6.4426,-37.6485
NIO,3.690000057220459,3.69,2026-09-11,False,3.6549999713897705,3.740000009536743,3.07,-38.15,BAJO,9245912064.0,,29.08,15.21,-45.32,-2.02,-1.08,-4.17,,1.56,2.03,1.02,6.0,YAHOO,-0.0655,1.8078,-1.3143,0.059076,3.5525,-0.6522,82.21,2026-11-24,74,2026-09-01,10.0,yahoo,0.0,1.0,1.0,1.0,1.0,0.0,0.0,1.0,1.0,-4.4041,-15.367,-26.3473,-29.4455,44.6148,36.793,4.63,5.09,7.89,-20.3024,-27.5049,-53.2319
BABA,109.30000305175781,109.3,2026-09-11,False,109.05999755859375,110.69000244140625,0.68,-27.98,BAJO,271678668800.0,24.73,11.77,1.63,6.36,1.56,7.29,7.04,-30.42,2.27,0.26,1.36,3.0,YAHOO,-0.0655,1.8078,-1.3143,0.059076,3.5525,-0.6522,82.21,2026-11-24,74,2026-08-20,22.0,yahoo,1.0,0.0,1.0,0.0,0.0,0.0,1.0,0.0,0.0,-2.2449,-6.027,-2.6887,-3.0083,23.6192,44.5872,130.53,132.32,187.6169,-16.2645,-17.3972,-41.743
PDD,77.80999755859375,77.81,2026-09-11,False,77.24500274658203,78.31999969482422,-0.04,-37.05,BAJO,110754480128.0,8.38,6.27,1.64,22.75,10.01,24.71,20.43,67.39,-3.45,0.01,2.62,4.0,YAHOO,-0.0655,1.8078,-1.3143,0.059076,3.5525,-0.6522,82.21,2026-11-18,68,2026-08-24,18.0,yahoo,1.0,0.0,1.0,1.0,0.0,1.0,0.0,0.0,0.0,-4.6797,-8.1238,-7.2697,-4.2927,19.5722,33.8203,90.2,93.0,138.13,-13.7361,-16.3333,-43.669
SAP,206.36000061035156,206.36,2026-09-11,False,204.61000061035156,207.6999969482422,0.2,-17.62,BAJO,238181597184.0,26.59,21.34,64.95,18.32,9.54,27.62,20.41,3.82,284.59,0.22,1.15,7.0,YAHOO,-0.0655,1.8078,-1.3143,0.059076,3.5525,-0.6522,82.21,2026-10-21,40,,,yahoo,1.0,1.0,1.0,1.0,1.0,1.0,0.0,0.0,1.0,-4.9164,-6.6962,33.2989,26.1061,13.5594,43.0969,221.54,221.54,275.6678,-6.852,-6.852,-25.1418
SE,106.23999786376953,106.24,2026-09-11,False,106.19000244140625,109.19000244140625,-1.35,-44.87,BAJO,65070358528.0,40.86,20.47,5.24,14.73,4.97,8.35,5.91,0.1,23.74,0.32,1.49,8.0,YAHOO,-0.0655,1.8078,-1.3143,0.059076,3.5525,-0.6522,82.21,2026-11-10,60,,,yahoo,1.0,1.0,1.0,1.0,1.0,1.0,0.0,1.0,1.0,-6.0654,-10.2096,-2.7907,23.9818,33.8389,51.4767,123.18,131.51,196.5,-13.7522,-19.2153,-45.9338
IBM,243.2899932861328,243.29,2026-09-11,False,235.0,243.5500030517578,3.96,-1.82,BAJO,229211865088.0,21.61,18.48,6.65,34.46,5.3,16.55,15.52,5.26,16.86,1.89,0.79,6.0,YAHOO,-0.0655,1.8078,-1.3143,0.059076,3.5525,-0.6522,82.21,2026-10-21,40,,,yahoo,1.0,1.0,1.0,1.0,1.0,0.0,0.0,1.0,0.0,3.6556,1.8845,12.883,-10.8477,51.2317,64.1455,243.29,303.9496,326.8851,0.0,-19.9571,-25.5732
ZM,95.56999969482422,95.57,2026-09-11,False,94.75,96.83999633789062,0.12,13.83,BAJO,27885768704.0,8.87,15.08,2.81,32.14,6.11,24.61,65.19,7.08,15.49,0.01,3.83,7.0,YAHOO,-0.0655,1.8078,-1.3143,0.059076,3.5525,-0.6522,82.21,2026-11-24,74,2026-08-25,17.0,yahoo,1.0,1.0,1.0,1.0,1.0,0.0,1.0,1.0,0.0,-2.6187,-4.6873,4.8491,3.5204,36.3501,43.315,107.47,109.84,111.88,-11.0729,-12.9916,-14.5781
CSCO,112.12999725341797,112.13,2026-09-11,False,108.36000061035156,112.21499633789062,4.37,70.14,BAJO,442082263040.0,33.67,19.99,8.8,27.32,7.98,27.72,20.95,2.53,23.54,0.62,0.93,7.0,YAHOO,-0.0655,1.8078,-1.3143,0.059076,3.5525,-0.6522,82.21,2026-11-12,62,2026-08-12,30.0,yahoo,1.0,1.0,1.0,1.0,1.0,0.0,1.0,0.0,1.0,3.241,-0.0178,-4.2361,-7.6176,41.516,35.2044,112.9,123.88,129.5155,-0.682,-9.485,-13.4235
DOCU,65.6500015258789,65.65,2026-09-11,False,65.48999786376953,66.98989868164062,-0.23,-17.12,BAJO,12270145536.0,40.03,12.62,7.19,17.8,6.35,13.43,9.82,10.7,26.5,0.11,0.64,6.0,YAHOO,-0.0655,1.8078,-1.3143,0.059076,3.5525,-0.6522,82.21,2026-12-03,83,2026-09-03,8.0,yahoo,1.0,0.0,1.0,1.0,0.0,0.0,1.0,1.0,1.0,-0.4851,2.8997,32.9486,47.3625,45.9474,53.7539,68.41,68.41,85.01,-4.0345,-4.0345,-22.7738
ARM,264.7900085449219,264.79,2026-09-11,False,253.05999755859375,267.69000244140625,4.17,72.23,BAJO,282795343872.0,267.46,86.43,32.77,13.35,5.42,7.6,20.25,0.47,252.01,0.06,5.25,6.0,YAHOO,-0.0655,1.8078,-1.3143,0.059076,3.5525,-0.6522,82.21,2026-11-04,54,,,yahoo,1.0,0.0,1.0,1.0,0.0,1.0,0.0,1.0,1.0,9.1512,3.7538,-5.8257,-22.6281,58.2217,78.6954,279.44,439.46,439.46,-5.2426,-39.7465,-39.7465
GRMN,282.6700134277344,282.67,2026-09-11,False,272.1549987792969,282.7200012207031,3.85,20.19,BAJO,54513631232.0,29.17,25.69,6.04,21.89,12.17,30.44,24.47,1.91,22.53,0.03,3.03,6.0,YAHOO,-0.0655,1.8078,-1.3143,0.059076,3.5525,-0.6522,82.21,2026-10-28,47,,,yahoo,1.0,1.0,1.0,0.0,0.0,1.0,0.0,1.0,1.0,1.9807,-2.4839,17.101,19.005,36.1358,42.3303,310.2,313.16,313.16,-8.8749,-9.7362,-9.7362
MSI,466.1600036621094,466.16,2026-09-11,False,465.94000244140625,470.989990234375,0.49,-2.79,BAJO,77146587136.0,36.68,24.4,28.87,91.57,11.25,27.35,17.44,2.57,22.8,3.58,1.1,6.0,YAHOO,-0.0655,1.8078,-1.3143,0.059076,3.5525,-0.6522,82.21,2026-11-05,55,,,yahoo,1.0,1.0,1.0,1.0,0.0,0.0,1.0,1.0,0.0,-1.2854,-4.1888,12.678,13.9411,14.7065,27.2487,491.24,491.24,491.24,-5.1054,-5.1054,-5.1054
SNAP,5.679999828338623,5.68,2026-09-11,False,5.519999980926514,5.78000020980835,2.9,-21.02,BAJO,9606002688.0,,7.32,4.96,-15.58,-2.72,-2.64,-4.9,7.44,-76.38,2.19,2.94,6.0,YAHOO,-0.0655,1.8078,-1.3143,0.059076,3.5525,-0.6522,82.21,2026-11-04,54,,,yahoo,0.0,1.0,1.0,1.0,1.0,0.0,0.0,1.0,1.0,-0.3509,6.5666,21.3675,6.5666,46.4036,60.2987,5.92,5.92,9.09,-4.0541,-4.0541,-37.5138
PINS,19.049999237060547,19.05,2026-09-11,False,18.600000381469727,19.110000610351562,1.44,-44.45,BAJO,10788262912.0,56.03,7.92,3.72,6.46,3.51,-3.46,5.46,11.09,33.83,0.41,3.81,6.0,YAHOO,-0.0655,1.8078,-1.3143,0.059076,3.5525,-0.6522,82.21,2026-11-09,59,,,yahoo,1.0,0.0,1.0,1.0,0.0,0.0,1.0,1.0,1.0,-8.6331,-16.7395,-15.7453,-11.3954,85.204,49.2528,24.06,25.58,36.49,-20.8229,-25.5278,-47.7939
EA,209.6999969482422,209.7,2026-08-10,False,209.6999969482422,209.6999969482422,0.0,1.44,BAJO,52925640704.0,59.74,21.72,7.77,16.46,7.23,25.88,13.8,3.2,30.36,0.26,1.21,6.0,YAHOO,-0.0655,1.8078,-1.3143,0.059076,3.5525,-0.6522,82.21,2026-11-03,53,,,yahoo,1.0,0.0,1.0,1.0,1.0,1.0,1.0,0.0,0.0,0.383,,,,0.0,,,,,,,
PATH,13.75,13.75,2026-09-11,False,13.739999771118164,14.46500015258789,-0.87,18.68,BAJO,7165886976.0,20.52,14.93,3.68,20.03,3.66,8.92,21.03,6.62,32.29,0.04,2.39,8.0,YAHOO,-0.0655,1.8078,-1.3143,0.059076,3.5525,-0.6522,82.21,2026-12-02,82,2026-09-03,8.0,yahoo,1.0,1.0,1.0,1.0,1.0,0.0,1.0,1.0,1.0,-24.5335,-24.9864,15.1591,29.108,66.7115,69.8727,18.67,18.67,19.29,-26.3524,-26.3524,-28.7195
VZ,50.61000061035156,50.61,2026-09-11,False,50.220001220703125,50.81999969482422,1.28,23.55,BAJO,210273173504.0,13.18,9.59,2.02,15.84,5.05,23.0,11.64,8.31,7.84,1.84,0.6,4.0,YAHOO,-0.0655,1.8078,-1.3143,0.059076,3.5525,-0.6522,82.21,2026-10-20,39,,,yahoo,1.0,0.0,1.0,1.0,0.0,1.0,0.0,0.0,0.0,0.0395,2.3872,19.1665,9.6565,17.5909,26.3903,50.61,50.61,50.61,0.0,0.0,0.0
T,26.059999465942383,26.06,2026-09-11,False,25.65999984741211,26.260000228881836,2.0,-6.4,BAJO,178573164544.0,8.6,10.16,1.62,18.34,4.16,24.79,16.94,5.68,7.67,1.29,0.97,6.0,YAHOO,-0.0655,1.8078,-1.3143,0.059076,3.5525,-0.6522,82.21,2026-10-21,40,,,yahoo,1.0,1.0,1.0,1.0,0.0,1.0,1.0,0.0,0.0,-0.4964,2.4774,22.4624,14.8215,27.6863,28.8852,26.19,26.19,28.4181,-0.4964,-0.4964,-8.2978
AMX,22.829999923706055,22.83,2026-09-11,False,22.719999313354492,23.030000686645508,0.04,15.27,BAJO,68300169216.0,12.97,11.05,3.08,21.58,6.36,21.49,9.37,224.36,2.36,1.58,0.71,9.0,YAHOO,-0.0655,1.8078,-1.3143,0.059076,3.5525,-0.6522,82.21,2026-10-13,32,,,yahoo,1.0,1.0,1.0,1.0,1.0,1.0,1.0,1.0,1.0,-1.5099,-2.8511,-12.796,-16.4737,11.3207,18.0072,23.8,26.4335,27.4216,-4.0756,-13.6323,-16.7446
TCOM,39.02000045776367,39.02,2026-09-11,False,38.919898986816406,39.27000045776367,0.83,-46.79,BAJO,24571097088.0,5.79,9.23,1.04,20.14,3.95,24.34,48.65,,-1.35,0.19,1.53,7.0,YAHOO,-0.0655,1.8078,-1.3143,0.059076,3.5525,-0.6522,82.21,2026-09-15,4,2026-08-31,11.0,yahoo,1.0,1.0,1.0,0.0,1.0,1.0,1.0,0.0,1.0,-5.7488,-12.5308,-7.9934,-17.662,26.3297,39.4099,46.51,47.3,78.96,-16.1041,-17.5053,-50.5826
TRIP,9.09000015258789,9.09,2026-09-11,False,8.8100004196167,9.149999618530273,2.94,-48.16,BAJO,1057723008.0,,8.46,1.59,-0.23,1.92,9.44,0.27,-9.6,10.15,1.35,1.56,7.0,YAHOO,-0.0655,1.8078,-1.3143,0.059076,3.5525,-0.6522,82.21,2026-11-05,55,,,yahoo,1.0,1.0,1.0,1.0,1.0,0.0,1.0,0.0,1.0,-2.1529,-7.1502,-35.0714,-23.6776,43.5505,68.9313,10.74,14.93,19.14,-15.3631,-39.1159,-52.5078
ABNB,170.19000244140625,170.19,2026-09-11,False,167.64999389648438,170.42999267578125,1.52,39.37,BAJO,101907333120.0,38.86,27.54,12.87,34.54,6.14,21.01,20.45,3.15,32.33,0.32,1.41,5.0,YAHOO,-0.0655,1.8078,-1.3143,0.059076,3.5525,-0.6522,82.21,2026-11-05,55,,,yahoo,1.0,0.0,1.0,1.0,0.0,0.0,1.0,0.0,1.0,-8.1296,-7.7061,16.1389,30.0451,38.2809,48.4681,190.5,190.5,190.5,-10.6614,-10.6614,-10.6614
ORCL,150.27999877929688,150.28,2026-09-11,False,149.83999633789062,165.99000549316406,-1.74,-49.57,BAJO,432877174784.0,23.55,13.67,11.52,53.38,6.5,36.2,25.37,-5.67,19.07,3.89,1.11,5.0,YAHOO,-0.0655,1.8078,-1.3143,0.059076,3.5525,-0.6522,82.21,2026-12-10,90,2026-09-10,1.0,yahoo,1.0,0.0,1.0,1.0,1.0,1.0,0.0,0.0,0.0,-2.4409,-1.0925,17.4613,-18.0865,50.8118,56.4047,162.52,183.6511,324.452,-7.5314,-18.1709,-53.6819
TMUS,182.3300018310547,182.33,2026-09-11,False,178.65499877929688,183.89990234375,2.92,-21.81,BAJO,195580215296.0,19.05,12.63,3.48,17.99,5.97,25.22,11.46,5.8,8.95,2.14,0.92,6.0,YAHOO,-0.0655,1.8078,-1.3143,0.059076,3.5525,-0.6522,82.21,2026-10-22,41,,,yahoo,1.0,0.0,1.0,1.0,0.0,1.0,1.0,0.0,1.0,-3.0263,3.1687,-2.0027,-1.3119,34.538,40.5826,188.02,194.5173,236.7193,-3.0263,-6.2654,-22.9763
ANET,199.58999633789062,199.59,2026-09-11,False,192.10499572753906,200.2191925048828,5.61,31.48,BAJO,251727839232.0,63.16,38.68,17.01,31.48,14.12,45.39,38.37,1.55,48.5,,2.96,4.0,YAHOO,-0.0655,1.8078,-1.3143,0.059076,3.5525,-0.6522,82.21,2026-11-03,53,,,yahoo,1.0,0.0,1.0,1.0,0.0,0.0,1.0,0.0,0.0,4.2572,-0.7459,9.3224,27.6151,53.9327,57.7974,202.25,210.5,210.5,-1.3152,-5.1829,-5.1829
LRCX,298.2200012207031,298.22,2026-09-11,False,294.73748779296875,303.69000244140625,0.07,160.51,BAJO,373168930816.0,51.86,25.59,29.92,65.07,22.84,37.39,31.27,0.83,42.98,0.33,2.63,8.0,YAHOO,-0.0655,1.8078,-1.3143,0.059076,3.5525,-0.6522,82.21,2026-10-21,40,,,yahoo,1.0,1.0,1.0,0.0,1.0,1.0,1.0,1.0,1.0,1.8998,-6.3909,-13.8342,-17.679,64.2287,80.8789,343.84,433.33,433.33,-13.2678,-31.1795,-31.1795
ADI,378.7799987792969,378.78,2026-09-11,False,365.3349914550781,380.3599853515625,4.85,55.56,BAJO,183543709696.0,44.99,23.19,5.47,12.23,6.41,39.5,29.79,2.26,27.5,0.27,1.25,8.0,YAHOO,-0.0655,1.8078,-1.3143,0.059076,3.5525,-0.6522,82.21,2026-11-24,74,2026-08-19,23.0,yahoo,1.0,1.0,1.0,1.0,0.0,1.0,1.0,1.0,1.0,6.2496,1.4456,-3.2631,-7.8121,40.7047,40.1717,389.0945,444.1269,444.1269,-2.6509,-14.7136,-14.7136
SNDK,1633.3499755859375,1633.35,2026-09-11,False,1616.80224609375,1720.3349609375,-3.5,1838.61,BAJO,239153479680.0,22.13,6.17,15.47,91.64,43.91,78.47,56.46,3.23,19.28,0.01,2.29,7.0,YAHOO,-0.0655,1.8078,-1.3143,0.059076,3.5525,-0.6522,82.21,2026-11-06,56,,,yahoo,1.0,1.0,1.0,1.0,0.0,0.0,1.0,1.0,1.0,5.0393,9.9936,-7.0809,-13.1894,42.4855,137.1036,1786.85,2335.0,2335.0,-8.5905,-30.0493,-30.0493
NOW,132.52999877929688,132.53,2026-09-11,False,130.38999938964844,134.4499969482422,1.04,-28.31,BAJO,137017729024.0,82.83,26.48,10.95,14.24,4.25,4.06,11.34,3.76,48.12,0.68,0.7,4.0,YAHOO,-0.0655,1.8078,-1.3143,0.059076,3.5525,-0.6522,82.21,2026-10-28,47,,,yahoo,1.0,0.0,1.0,1.0,1.0,0.0,0.0,0.0,0.0,-8.9704,-4.2621,26.3996,28.57,42.6494,60.9507,147.99,147.99,192.23,-10.4467,-10.4467,-31.0565
NBIS,224.5500030517578,224.55,2026-09-11,False,223.63999938964844,234.8000030517578,-1.56,152.83,BAJO,61045092352.0,,-71.49,5.95,0.6,-1.92,-0.22,3.13,-15.75,250.69,0.99,4.03,6.0,YAHOO,-0.0655,1.8078,-1.3143,0.059076,3.5525,-0.6522,82.21,2026-11-10,60,2026-08-12,30.0,yahoo,1.0,1.0,1.0,1.0,0.0,0.0,0.0,1.0,1.0,6.6087,2.7783,15.6938,1.0394,87.0037,141.9922,277.68,286.69,286.69,-19.1335,-21.675,-21.675
OXY,61.459999084472656,61.46,2026-09-11,False,60.5,61.4900016784668,0.49,37.27,BAJO,61437710336.0,18.13,15.59,1.84,10.63,4.68,45.44,30.32,6.17,5.87,0.35,1.41,4.0,YAHOO,-0.0655,1.8078,-1.3143,0.059076,3.5525,-0.6522,82.21,2026-11-09,59,,,yahoo,1.0,0.0,1.0,1.0,1.0,0.0,0.0,0.0,0.0,1.8677,4.3468,13.1428,11.307,6.5023,32.0736,61.46,61.46,65.6343,0.0,0.0,-6.3599
XOM,165.99000549316406,165.99,2026-09-11,False,164.0800018310547,167.0699005126953,0.46,53.37,BAJO,682536271872.0,21.36,15.38,2.63,12.58,5.52,15.86,9.07,3.03,10.57,0.16,1.14,5.0,YAHOO,-0.0655,1.8078,-1.3143,0.059076,3.5525,-0.6522,82.21,2026-10-30,49,,,yahoo,1.0,0.0,1.0,1.0,1.0,0.0,1.0,0.0,0.0,2.3303,6.1046,15.1457,13.9596,12.9684,24.5989,166.15,166.15,169.2183,-0.0963,-0.0963,-1.9078
CVX,214.05999755859375,214.06,2026-09-11,False,212.49000549316406,215.5500030517578,0.61,41.66,BAJO,419900817408.0,20.62,15.89,2.21,12.23,5.86,21.87,9.83,5.22,8.91,0.19,1.25,5.0,YAHOO,-0.0655,1.8078,-1.3143,0.059076,3.5525,-0.6522,82.21,2026-10-30,49,,,yahoo,1.0,0.0,1.0,1.0,0.0,1.0,0.0,1.0,0.0,1.2966,7.1532,18.7985,16.2028,15.6081,24.1163,214.06,214.06,214.06,0.0,0.0,0.0
PSX,259.4700012207031,259.47,2026-09-11,False,258.5400085449219,265.3299865722656,0.37,102.66,BAJO,104030609408.0,14.8,11.9,3.29,23.45,6.04,8.53,4.66,4.37,12.21,0.63,1.32,7.0,YAHOO,-0.0655,1.8078,-1.3143,0.059076,3.5525,-0.6522,82.21,2026-10-29,48,,,yahoo,1.0,1.0,1.0,1.0,0.0,1.0,1.0,1.0,0.0,1.8888,8.1982,29.4848,46.4611,16.0744,29.4585,260.78,260.78,260.78,-0.5023,-0.5023,-0.5023
YPF,55.54999923706055,55.55,2026-09-11,False,54.540000915527344,57.09870147705078,-0.91,98.05,BAJO,21779769344.0,29.39,10.13,2.08,7.26,8.34,27.51,4.0,5712.27,1.33,0.85,0.93,4.0,YAHOO,-0.0655,1.8078,-1.3143,0.059076,3.5525,-0.6522,82.21,2026-10-29,48,,,yahoo,0.0,0.0,1.0,1.0,0.0,1.0,1.0,0.0,0.0,5.9912,10.0436,11.5462,-1.4197,27.9581,35.3157,56.06,56.06,56.35,-0.9097,-0.9097,-1.4197
VIST,76.2699966430664,76.27,2026-09-11,False,75.69999694824219,78.4000015258789,-3.39,105.76,BAJO,8436789248.0,10.04,7.57,2.55,29.79,10.0,44.24,23.56,1.46,5.65,1.07,0.69,3.0,YAHOO,-0.0655,1.8078,-1.3143,0.059076,3.5525,-0.6522,82.21,2026-10-28,47,,,yahoo,1.0,0.0,1.0,1.0,0.0,0.0,0.0,0.0,0.0,2.2249,8.0159,16.0353,4.4508,67.2861,43.8122,78.95,78.95,79.25,-3.3946,-3.3946,-3.7603
VST,148.3800048828125,148.38,2026-09-11,False,146.6699981689453,149.0800018310547,0.9,-25.84,BAJO,49801551872.0,25.02,14.31,16.58,42.96,5.89,13.77,11.55,0.07,10.89,3.73,0.97,5.0,YAHOO,-0.0655,1.8078,-1.3143,0.059076,3.5525,-0.6522,82.21,2026-11-05,55,,,yahoo,1.0,0.0,1.0,1.0,1.0,0.0,1.0,0.0,0.0,2.8845,6.1298,-6.3435,1.5083,30.004,41.6642,151.72,168.98,217.0162,-2.2014,-12.1908,-31.6272
BP,46.099998474121094,46.1,2026-09-11,False,45.75,46.375,0.04,41.69,BAJO,118726148096.0,22.06,9.39,8.17,8.87,5.04,13.15,2.55,10.85,13.53,0.95,1.27,7.0,YAHOO,-0.0655,1.8078,-1.3143,0.059076,3.5525,-0.6522,82.21,2026-10-30,49,,,yahoo,1.0,0.0,1.0,1.0,0.0,1.0,1.0,1.0,1.0,5.7825,8.8805,12.7212,9.3406,16.6396,31.7033,46.1,46.1,46.5196,0.0,0.0,-0.9019
E,56.04999923706055,56.05,2026-09-11,False,55.209999084472656,56.04999923706055,-0.66,64.76,BAJO,80570277888.0,12.57,9.09,1.53,10.9,3.07,10.66,5.87,-11.15,8.2,0.65,1.48,6.0,YAHOO,-0.0655,1.8078,-1.3143,0.059076,3.5525,-0.6522,82.21,2026-10-23,42,,,yahoo,1.0,1.0,1.0,1.0,0.0,1.0,1.0,0.0,0.0,1.6688,5.3175,13.1181,3.6811,22.8859,32.2112,57.35,57.35,57.35,-2.2668,-2.2668,-2.2668
SHEL,96.7699966430664,96.77,2026-09-11,False,95.80999755859375,96.87999725341797,0.84,40.43,BAJO,276837367808.0,10.7,9.27,1.49,14.34,6.4,16.69,8.76,7.75,5.38,0.4,1.44,5.0,YAHOO,-0.0655,1.8078,-1.3143,0.059076,3.5525,-0.6522,82.21,2026-10-29,48,,,yahoo,1.0,1.0,1.0,1.0,0.0,0.0,1.0,0.0,0.0,4.8088,6.6924,15.6475,13.7077,16.6808,22.1452,96.77,96.77,96.77,0.0,0.0,0.0
HAL,35.84000015258789,35.84,2026-09-11,False,35.46500015258789,36.525001525878906,-0.64,64.96,BAJO,29859393536.0,18.76,12.35,2.71,14.92,7.26,12.79,7.16,6.87,8.71,0.74,2.02,4.0,YAHOO,-0.0655,1.8078,-1.3143,0.059076,3.5525,-0.6522,82.21,2026-10-20,39,,,yahoo,1.0,0.0,1.0,1.0,0.0,0.0,1.0,0.0,0.0,-3.8884,1.4549,1.6554,-9.4408,24.471,33.6732,37.63,37.63,42.6002,-4.7568,-4.7568,-15.869
SLB,56.060001373291016,56.06,2026-09-11,False,55.61000061035156,56.83000183105469,0.09,60.46,BAJO,83201073152.0,27.35,17.33,3.19,12.91,6.17,12.71,8.53,3.55,12.6,0.47,1.44,4.0,YAHOO,-0.0655,1.8078,-1.3143,0.059076,3.5525,-0.6522,82.21,2026-10-23,42,,,yahoo,1.0,0.0,1.0,1.0,1.0,0.0,0.0,0.0,0.0,-2.3515,2.4375,18.5336,0.6266,13.722,39.3326,59.7898,59.7898,59.7898,-6.2381,-6.2381,-6.2381
COP,137.35000610351562,137.35,2026-09-11,False,135.53500366210938,137.65499877929688,0.23,51.58,BAJO,165003706368.0,18.17,14.17,2.52,14.18,7.53,31.51,14.4,4.66,6.73,0.36,1.54,7.0,YAHOO,-0.0655,1.8078,-1.3143,0.059076,3.5525,-0.6522,82.21,2026-11-05,55,,,yahoo,1.0,0.0,1.0,1.0,1.0,1.0,1.0,0.0,1.0,1.201,6.0454,23.5953,19.8562,6.0891,28.6647,137.35,137.35,137.35,0.0,0.0,0.0
GPRK,11.479999542236328,11.48,2026-09-11,False,11.319999694824219,12.039999961853027,-4.09,81.65,BAJO,745003200.0,8.08,6.45,1.7,28.57,7.81,27.52,16.0,12.38,3.67,1.81,1.17,3.0,YAHOO,-0.0655,1.8078,-1.3143,0.059076,3.5525,-0.6522,82.21,2026-11-04,54,2026-08-12,30.0,yahoo,1.0,0.0,1.0,0.0,0.0,1.0,0.0,0.0,0.0,-3.5294,16.5482,11.1908,4.0529,48.8677,44.053,11.97,11.97,11.97,-4.0936,-4.0936,-4.0936
CEG,284.75,284.75,2026-09-11,False,284.1000061035156,291.29998779296875,-0.43,-8.89,BAJO,100889026560.0,27.81,21.34,3.16,15.06,3.89,8.66,11.08,-6.57,15.8,0.76,1.46,6.0,YAHOO,-0.0655,1.8078,-1.3143,0.059076,3.5525,-0.6522,82.21,2026-11-09,59,,,yahoo,1.0,0.0,1.0,1.0,1.0,0.0,1.0,0.0,1.0,-0.1052,0.8286,11.2147,15.5963,19.7245,35.4615,299.05,299.05,401.7044,-4.7818,-4.7818,-29.1145
FSLR,209.02999877929688,209.03,2026-09-11,False,207.0800018310547,214.17999267578125,0.9,3.87,BAJO,22464409600.0,12.89,9.02,2.18,18.51,8.62,42.64,32.46,7.12,8.77,0.02,2.52,7.0,YAHOO,-0.0655,1.8078,-1.3143,0.059076,3.5525,-0.6522,82.21,2026-10-29,48,,,yahoo,1.0,1.0,1.0,1.0,1.0,1.0,0.0,0.0,1.0,0.7762,-0.5093,-5.2362,-22.9155,61.1437,45.8675,225.56,263.11,318.25,-7.3284,-20.5541,-34.3189
CCJ,96.68000030517578,96.68,2026-09-11,False,96.37000274658203,98.2699966430664,-0.76,22.31,BAJO,42107330560.0,166.69,51.09,8.15,5.11,2.98,9.11,10.21,0.12,52.87,0.17,3.06,8.0,YAHOO,-0.0655,1.8078,-1.3143,0.059076,3.5525,-0.6522,82.21,2026-10-30,49,,,yahoo,1.0,1.0,1.0,1.0,1.0,1.0,0.0,1.0,1.0,-3.9157,-9.0755,5.5804,-2.3138,27.7727,41.5844,107.36,108.89,134.09,-9.9478,-11.2132,-27.8992
PBR,21.200000762939453,21.2,2026-09-11,False,20.93000030517578,21.344999313354492,-0.84,75.78,BAJO,136620572672.0,5.35,5.32,1.45,30.27,10.07,44.68,24.32,68.98,1.86,0.76,0.85,7.0,YAHOO,-0.0655,1.8078,-1.3143,0.059076,3.5525,-0.6522,82.21,2026-11-10,60,,,yahoo,1.0,1.0,1.0,1.0,1.0,1.0,1.0,0.0,0.0,3.3642,16.1644,21.7735,19.6371,30.3237,32.3436,21.38,21.38,21.38,-0.8419,-0.8419,-0.8419
NEE,82.30999755859375,82.31,2026-09-11,False,82.22000122070312,83.26000213623047,-0.16,19.79,BAJO,171696865280.0,18.5,18.73,3.01,11.68,2.44,31.52,32.4,-10.35,19.89,1.62,0.53,5.0,YAHOO,-0.0655,1.8078,-1.3143,0.059076,3.5525,-0.6522,82.21,2026-10-27,46,,,yahoo,1.0,0.0,1.0,1.0,0.0,1.0,0.0,1.0,0.0,-2.0818,-0.6482,-7.3833,-2.2525,12.472,14.3427,85.5765,89.1198,96.443,-3.817,-7.6412,-14.6543
PAAS,50.34000015258789,50.34,2026-09-11,False,50.060001373291016,51.959999084472656,-0.61,39.07,BAJO,20871868416.0,14.89,10.69,2.85,22.41,11.77,37.81,32.03,6.31,9.48,0.11,2.94,7.0,YAHOO,-0.0655,1.8078,-1.3143,0.059076,3.5525,-0.6522,82.21,2026-11-16,66,2026-08-12,30.0,yahoo,1.0,1.0,1.0,1.0,1.0,1.0,0.0,1.0,0.0,-4.2966,-8.2893,16.1001,8.5647,51.8226,51.4855,54.89,54.89,68.0597,-8.2893,-8.2893,-26.0356
HMY,20.639999389648438,20.64,2026-09-11,False,20.54199981689453,21.094999313354492,2.23,38.38,BAJO,12899533824.0,7.14,6.3,2.78,48.05,25.06,47.17,29.57,76.36,0.3,0.13,0.84,,YAHOO,-0.0655,1.8078,-1.3143,0.059076,3.5525,-0.6522,82.21,,999,2026-08-27,15.0,yahoo,,,,,,,,,,-0.578,-1.8545,35.4331,35.7002,41.6263,60.5732,23.54,23.54,25.5485,-12.3195,-12.3195,-19.2125
B,43.68000030517578,43.68,2026-09-11,False,43.334999084472656,44.5,0.51,52.74,BAJO,71892230144.0,11.29,9.96,2.63,27.01,13.44,51.34,31.6,7.08,6.19,0.13,3.01,9.0,YAHOO,-0.0655,1.8078,-1.3143,0.059076,3.5525,-0.6522,82.21,2026-11-09,59,,,yahoo,1.0,1.0,1.0,1.0,1.0,1.0,1.0,1.0,1.0,-4.5455,-7.3371,20.1647,12.1435,26.9077,45.8112,48.6827,48.6827,52.117,-10.2761,-10.2761,-16.1885
VALE,15.229999542236328,15.23,2026-09-11,False,15.079999923706055,15.359999656677246,-0.33,56.22,BAJO,64815263744.0,30.46,7.77,1.74,4.11,7.92,21.95,4.75,20.53,1.94,0.55,1.19,4.0,YAHOO,-0.0655,1.8078,-1.3143,0.059076,3.5525,-0.6522,82.21,2026-10-29,48,,,yahoo,1.0,0.0,1.0,1.0,0.0,1.0,0.0,0.0,0.0,-0.5225,-0.5225,7.3648,1.9826,21.2359,29.6838,15.73,15.73,17.3257,-3.1786,-3.1786,-12.0958
LAC,2.9100000858306885,2.91,2026-09-11,False,2.9100000858306885,3.0450000762939453,-3.64,3.53,BAJO,1056454976.0,,-20.67,0.74,-3.7,-1.66,0.0,0.0,-127.68,-30.43,0.6,5.47,1.0,YAHOO,-0.0655,1.8078,-1.3143,0.059076,3.5525,-0.6522,82.21,2026-11-13,63,2026-08-13,29.0,yahoo,0.0,0.0,0.0,1.0,0.0,0.0,0.0,0.0,0.0,-2.0202,-8.2019,-7.619,-34.0136,81.995,54.022,3.38,4.42,10.05,-13.9053,-34.1629,-71.0448
RIO,99.95999908447266,99.96,2026-09-11,False,99.58470153808594,100.44000244140625,0.57,68.97,BAJO,162570878976.0,13.54,11.56,2.48,19.31,8.11,28.05,19.58,2.21,7.95,0.32,1.42,4.0,YAHOO,-0.0655,1.8078,-1.3143,0.059076,3.5525,-0.6522,82.21,,999,2026-07-28,45.0,yahoo,1.0,0.0,1.0,1.0,0.0,0.0,0.0,1.0,0.0,-2.8005,-4.6001,9.5026,-1.4329,36.3272,29.2323,106.81,106.81,109.6326,-6.4133,-6.4133,-8.8228
GFI,45.099998474121094,45.1,2026-09-11,False,44.790000915527344,45.97999954223633,-1.27,23.14,BAJO,40179429376.0,9.19,8.71,8.95,58.68,28.52,55.0,38.65,10.39,11.37,0.29,1.87,9.0,YAHOO,-0.0655,1.8078,-1.3143,0.059076,3.5525,-0.6522,82.21,,999,2026-08-25,17.0,yahoo,1.0,1.0,1.0,1.0,1.0,1.0,1.0,1.0,1.0,-6.3538,-6.0417,35.3135,25.6267,18.5714,56.3655,48.87,48.87,59.7691,-7.7143,-7.7143,-24.543
GGB,5.150000095367432,5.15,2026-09-11,False,5.034999847412109,5.170000076293945,0.98,70.04,BAJO,10104951808.0,22.39,8.74,0.97,4.18,5.03,12.75,3.22,26.2,1.99,0.28,2.87,5.0,YAHOO,-0.0655,1.8078,-1.3143,0.059076,3.5525,-0.6522,82.21,2026-10-26,45,,,yahoo,1.0,0.0,1.0,1.0,0.0,0.0,1.0,0.0,1.0,4.0404,9.5745,12.8868,11.6756,20.9093,37.5376,5.15,5.15,5.15,0.0,0.0,0.0
FCX,71.06999969482422,71.07,2026-09-11,False,70.92500305175781,72.69999694824219,-0.2,57.49,BAJO,102057762816.0,34.84,17.19,5.08,14.75,7.58,33.4,11.39,2.12,12.63,0.32,2.07,6.0,YAHOO,-0.0655,1.8078,-1.3143,0.059076,3.5525,-0.6522,82.21,2026-10-22,41,,,yahoo,1.0,1.0,1.0,1.0,1.0,0.0,1.0,0.0,0.0,-2.0535,-9.3726,15.0,7.39,77.4052,49.7995,79.91,79.91,79.91,-11.0624,-11.0624,-11.0624
HL,19.780000686645508,19.78,2026-09-11,False,19.700300216674805,20.700000762939453,-1.2,78.62,BAJO,13287580672.0,23.83,18.59,4.96,22.17,15.3,44.27,19.15,2.58,13.39,0.01,5.2,8.0,YAHOO,-0.0655,1.8078,-1.3143,0.059076,3.5525,-0.6522,82.21,2026-11-05,55,,,yahoo,1.0,1.0,1.0,1.0,1.0,1.0,0.0,1.0,1.0,-6.7421,-7.6995,27.6373,31.9799,38.1717,64.6568,21.43,21.43,31.7903,-7.6995,-7.6995,-37.7798
NEM,126.80999755859375,126.81,2026-09-11,False,125.91000366210938,129.25999450683594,0.53,61.76,BAJO,133618712576.0,15.99,12.57,3.81,25.91,15.75,51.57,33.36,6.6,7.6,0.16,2.55,9.0,YAHOO,-0.0655,1.8078,-1.3143,0.059076,3.5525,-0.6522,82.21,2026-10-22,41,,,yahoo,1.0,1.0,1.0,1.0,1.0,1.0,1.0,1.0,1.0,-2.7754,-3.9429,34.115,30.2121,22.9448,45.0224,134.8593,134.8593,134.8593,-5.9686,-5.9686,-5.9686
GOLD,48.220001220703125,48.22,2026-09-11,False,46.84000015258789,49.03990173339844,5.1,97.03,BAJO,1405842432.0,15.97,12.93,1.6,10.8,2.82,0.45,0.32,29.09,9.67,0.96,1.15,6.0,YAHOO,-0.0655,1.8078,-1.3143,0.059076,3.5525,-0.6522,82.21,2026-11-05,55,2026-09-02,9.0,yahoo,1.0,1.0,1.0,1.0,1.0,0.0,0.0,0.0,1.0,16.2488,4.8717,23.4195,11.3883,88.2144,54.7697,49.33,49.33,63.5992,-2.2502,-2.2502,-24.1814
MUX,19.530000686645508,19.53,2026-09-11,False,19.209999084472656,20.030000686645508,-0.1,42.48,BAJO,1166723968.0,15.5,4.8,1.65,13.54,-0.43,-5.92,32.46,-1.6,43.21,0.18,2.04,5.0,YAHOO,-0.0655,1.8078,-1.3143,0.059076,3.5525,-0.6522,82.21,2026-11-04,54,,,yahoo,1.0,1.0,1.0,0.0,0.0,1.0,0.0,1.0,0.0,-4.9172,-9.8338,9.4118,5.739,31.1059,55.5019,21.66,21.66,29.05,-9.8338,-9.8338,-32.7711
NXE,9.850000381469727,9.85,2026-09-11,False,9.795000076293945,10.270000457763672,-3.53,26.22,BAJO,6604485632.0,,-51.11,4.93,-17.67,-3.39,0.0,0.0,-4.52,-57.64,0.34,1.46,2.0,YAHOO,-0.0655,1.8078,-1.3143,0.059076,3.5525,-0.6522,82.21,2026-11-03,53,,,yahoo,0.0,0.0,0.0,1.0,0.0,1.0,0.0,0.0,0.0,-7.6851,-11.975,5.2351,1.0256,31.0126,48.6424,11.21,11.21,13.92,-12.132,-12.132,-29.2385
MP,50.5099983215332,50.51,2026-09-11,False,50.34000015258789,51.7400016784668,-1.58,-18.8,BAJO,8995910656.0,,56.62,4.59,-3.58,-1.52,-14.72,-14.56,-4.81,219.75,0.41,9.51,4.0,YAHOO,-0.0655,1.8078,-1.3143,0.059076,3.5525,-0.6522,82.21,2026-11-05,55,,,yahoo,0.0,1.0,0.0,0.0,1.0,1.0,0.0,1.0,0.0,-6.0803,-14.4333,-0.5513,-11.6649,45.6513,64.1141,60.17,60.88,98.65,-16.0545,-17.0335,-48.7988
JPM,356.2300109863281,356.23,2026-09-11,False,354.79998779296875,360.0400085449219,0.76,19.87,BAJO,946925731840.0,15.27,14.26,2.68,17.79,1.36,50.39,34.92,,,,,3.0,YAHOO,-0.0655,1.8078,-1.3143,0.059076,3.5525,-0.6522,82.21,2026-10-13,32,,,yahoo,1.0,0.0,0.0,0.0,1.0,0.0,1.0,0.0,0.0,-1.6102,0.5674,3.8905,14.1455,15.1372,18.7946,363.25,365.18,365.18,-1.9326,-2.4508,-2.4508
AXP,324.69000244140625,324.69,2026-09-11,False,322.2099914550781,326.0,1.24,0.71,BAJO,219266351104.0,19.7,16.1,6.39,34.38,3.79,20.32,16.14,,,1.72,1.55,4.0,YAHOO,-0.0655,1.8078,-1.3143,0.059076,3.5525,-0.6522,82.21,2026-10-23,42,,,yahoo,1.0,0.0,1.0,1.0,0.0,0.0,1.0,0.0,0.0,-1.5554,-2.834,-8.5535,2.2258,16.7666,23.3816,342.48,361.57,381.7816,-5.1945,-10.2,-14.954
MA,569.1900024414062,569.19,2026-09-11,False,564.2449951171875,572.6799926757812,0.68,-1.66,BAJO,498616074240.0,31.27,24.72,88.99,241.2,24.06,61.11,46.34,3.4,22.89,4.4,1.06,9.0,YAHOO,-0.0655,1.8078,-1.3143,0.059076,3.5525,-0.6522,82.21,2026-10-29,48,,,yahoo,1.0,1.0,1.0,1.0,1.0,1.0,1.0,1.0,1.0,-2.8205,-3.8092,5.7935,17.1906,13.7941,21.7293,599.86,599.86,599.86,-5.1129,-5.1129,-5.1129
V,370.45001220703125,370.45,2026-09-11,False,367.9800109863281,371.8125,0.88,9.77,BAJO,691647676416.0,31.53,24.69,19.63,61.19,19.11,66.13,50.78,2.95,22.05,0.68,0.98,6.0,YAHOO,-0.0655,1.8078,-1.3143,0.059076,3.5525,-0.6522,82.21,2026-10-27,46,,,yahoo,1.0,0.0,1.0,1.0,1.0,0.0,1.0,0.0,1.0,-2.1914,-2.4259,4.2465,16.326,17.0549,20.1564,384.14,384.14,384.14,-3.5638,-3.5638,-3.5638
PYPL,53.720001220703125,53.72,2026-09-11,False,53.310001373291016,54.399898529052734,0.77,-18.19,BAJO,45955358720.0,10.16,9.29,2.34,24.5,4.62,16.97,14.36,9.62,7.52,0.72,1.29,9.0,YAHOO,-0.0655,1.8078,-1.3143,0.059076,3.5525,-0.6522,82.21,2026-10-27,46,,,yahoo,1.0,1.0,1.0,1.0,1.0,1.0,1.0,1.0,1.0,-5.2223,-12.3919,13.6852,30.5836,39.1757,53.0605,62.1465,62.1465,75.2904,-13.5591,-13.5591,-28.6496
PAGS,10.119999885559082,10.12,2026-09-11,False,10.045000076293945,10.3149995803833,-0.1,10.38,BAJO,2789537536.0,6.88,5.32,0.95,14.54,6.36,36.2,10.86,-66.55,0.34,0.12,1.55,7.0,YAHOO,-0.0655,1.8078,-1.3143,0.059076,3.5525,-0.6522,82.21,2026-11-11,61,,,yahoo,1.0,0.0,1.0,1.0,1.0,0.0,1.0,1.0,1.0,1.6064,13.3259,9.0517,13.1991,47.8237,32.7168,10.13,10.13,11.7187,-0.0987,-0.0987,-13.642
NU,14.619999885559082,14.62,2026-09-11,False,14.4399995803833,15.15999984741211,-2.66,-5.34,BAJO,70624665600.0,20.03,12.75,5.33,31.63,4.96,50.15,42.73,,,,,4.0,YAHOO,-0.0655,1.8078,-1.3143,0.059076,3.5525,-0.6522,82.21,2026-11-12,62,2026-08-13,29.0,yahoo,1.0,0.0,1.0,1.0,1.0,0.0,0.0,0.0,0.0,-6.7602,-1.7473,4.5032,20.9264,21.8893,40.6352,15.68,15.68,18.76,-6.7602,-6.7602,-22.0682
XP,19.860000610351562,19.86,2026-09-11,False,19.5049991607666,20.079999923706055,-0.55,8.52,BAJO,10077817856.0,9.98,8.32,2.19,22.56,1.36,31.18,28.54,,,6.42,1.49,7.0,YAHOO,-0.0655,1.8078,-1.3143,0.059076,3.5525,-0.6522,82.21,2026-11-16,66,2026-08-17,25.0,yahoo,1.0,1.0,1.0,1.0,1.0,0.0,1.0,1.0,0.0,-0.7,12.3303,17.7238,26.901,62.9405,41.2394,20.0,20.0,22.6565,-0.7,-0.7,-12.3431
AIG,75.33000183105469,75.33,2026-09-11,False,74.4800033569336,75.85790252685547,0.4,-0.96,BAJO,39389544448.0,13.75,8.57,0.97,7.22,1.76,19.41,11.09,18.7,4.65,0.22,0.61,5.0,YAHOO,-0.0655,1.8078,-1.3143,0.059076,3.5525,-0.6522,82.21,2026-11-04,54,,,yahoo,1.0,1.0,1.0,1.0,0.0,0.0,1.0,0.0,0.0,-1.9906,-1.6965,-4.6456,0.6779,18.5255,21.497,77.38,81.06,85.514,-2.6493,-7.0688,-11.9091
BRK-B,510.3699951171875,510.37,2026-09-11,False,506.0,510.6300048828125,0.66,3.77,BAJO,1092553998336.0,12.84,23.0,0.0,12.12,6.01,32.56,22.3,6.59,-1.79,0.17,2.89,4.0,YAHOO,-0.0655,1.8078,-1.3143,0.059076,3.5525,-0.6522,82.21,2026-11-07,57,,,yahoo,1.0,0.0,1.0,0.0,1.0,0.0,1.0,0.0,0.0,0.4408,1.3242,3.926,5.0598,4.9699,14.6917,510.37,529.42,529.42,0.0,-3.5983,-3.5983
BBD,3.5999999046325684,3.6,2026-09-11,False,3.549999952316284,3.625,0.56,20.06,BAJO,38121033728.0,8.37,6.62,1.07,13.76,1.07,34.52,26.07,,,,,4.0,YAHOO,-0.0655,1.8078,-1.3143,0.059076,3.5525,-0.6522,82.21,2026-11-04,54,,,yahoo,1.0,1.0,0.0,0.0,1.0,0.0,1.0,0.0,0.0,4.0462,11.5845,-0.5974,7.0641,52.2165,30.6419,3.6,3.7214,4.1061,0.0,-3.2624,-12.3265
AEG,9.0600004196167,9.06,2026-09-11,False,9.0600004196167,9.154999732971191,0.11,25.97,BAJO,13408715776.0,11.92,9.68,1.3,11.07,0.1,5.82,8.62,-32.18,,0.43,1.16,6.0,YAHOO,-0.0655,1.8078,-1.3143,0.059076,3.5525,-0.6522,82.21,,999,2026-08-20,22.0,yahoo,1.0,1.0,1.0,0.0,1.0,0.0,1.0,0.0,1.0,-1.5217,1.7216,5.1698,12.3188,5.1275,18.9202,9.2,9.2766,9.2766,-1.5217,-2.3344,-2.3344
SAN,14.960000038146973,14.96,2026-09-11,False,14.78499984741211,14.960000038146973,2.26,51.3,BAJO,217135497216.0,14.52,10.45,1.68,13.11,0.78,43.44,33.46,,,,,4.0,YAHOO,-0.0655,1.8078,-1.3143,0.059076,3.5525,-0.6522,82.21,2026-10-28,47,,,yahoo,1.0,1.0,0.0,0.0,1.0,0.0,1.0,0.0,0.0,-0.598,2.8179,9.7579,19.1083,24.0351,28.4646,15.05,15.05,15.05,-0.598,-0.598,-0.598
GGAL,43.86000061035156,43.86,2026-09-11,False,43.165000915527344,45.41999816894531,-1.92,47.52,BAJO,7432227840.0,125.31,6.26,11.59,1.09,0.2,17.32,1.5,,,,,1.0,YAHOO,-0.0655,1.8078,-1.3143,0.059076,3.5525,-0.6522,82.21,2026-11-24,74,2026-08-25,17.0,yahoo,1.0,0.0,0.0,0.0,0.0,0.0,0.0,0.0,0.0,-1.7253,2.2139,-13.4761,-20.6747,19.7727,46.2004,45.01,56.2493,58.6267,-2.555,-22.0257,-25.1877
MELI,1897.3699951171875,1897.37,2026-09-11,False,1892.22998046875,1933.5,-0.47,-17.79,BAJO,96190586880.0,51.57,33.39,12.28,27.5,4.31,6.72,5.3,0.37,26.75,1.69,1.12,5.0,YAHOO,-0.0655,1.8078,-1.3143,0.059076,3.5525,-0.6522,82.21,2026-11-04,54,,,yahoo,1.0,0.0,1.0,1.0,1.0,0.0,1.0,0.0,0.0,-4.7055,-1.7289,1.2535,17.8491,32.0332,35.8858,2006.58,2006.58,2510.97,-5.4426,-5.4426,-24.4368
WFC,90.29000091552734,90.29,2026-09-11,False,89.75499725341797,91.1500015258789,0.94,14.61,BAJO,273036886016.0,13.12,11.43,1.7,12.57,1.08,37.39,27.23,,,,,3.0,YAHOO,-0.0655,1.8078,-1.3143,0.059076,3.5525,-0.6522,82.21,2026-10-13,32,,,yahoo,1.0,0.0,0.0,0.0,1.0,0.0,1.0,0.0,0.0,1.2333,6.261,6.4701,10.2043,28.5032,23.1712,90.29,90.29,94.8289,0.0,0.0,-4.7864
BNY,162.66000366210938,162.66,2026-09-11,False,161.84539794921875,165.22999572753906,0.04,57.91,BAJO,110365483008.0,18.98,15.87,2.77,14.12,1.26,40.05,29.41,,,,,6.0,YAHOO,-0.0655,1.8078,-1.3143,0.059076,3.5525,-0.6522,82.21,2026-10-15,34,,,yahoo,1.0,1.0,1.0,1.0,1.0,0.0,1.0,0.0,0.0,-1.0162,0.2589,5.7006,14.9324,9.4681,22.0474,164.84,164.84,164.84,-1.3225,-1.3225,-1.3225
BCS,26.700000762939453,26.7,2026-09-11,False,26.479999542236328,26.829999923706055,1.87,32.49,BAJO,89500794880.0,10.19,8.04,1.01,10.09,0.47,42.95,27.87,,,,,6.0,YAHOO,-0.0655,1.8078,-1.3143,0.059076,3.5525,-0.6522,82.21,2026-10-22,41,,,yahoo,1.0,1.0,1.0,1.0,0.0,0.0,1.0,0.0,1.0,-0.7435,-0.6327,-1.9256,9.0905,23.0243,30.4956,28.14,28.2428,28.2428,-5.1173,-5.4626,-5.4626
HSBC,105.30000305175781,105.3,2026-09-11,False,104.66000366210938,105.80000305175781,1.54,60.34,BAJO,360627863552.0,15.04,11.12,8.36,13.1,0.78,58.77,37.8,,,,,5.0,YAHOO,-0.0655,1.8078,-1.3143,0.059076,3.5525,-0.6522,82.21,2026-10-27,46,,,yahoo,1.0,0.0,1.0,1.0,1.0,0.0,1.0,0.0,0.0,-1.0896,2.3821,6.608,16.6319,21.0604,20.7442,107.11,107.3417,107.3417,-1.6898,-1.902,-1.902
BHP,87.1500015258789,87.15,2026-09-11,False,86.68000030517578,88.19999694824219,-0.23,68.57,BAJO,221489709056.0,22.58,18.61,4.35,24.0,13.43,43.34,16.73,4.33,7.93,0.5,1.89,7.0,YAHOO,-0.0655,1.8078,-1.3143,0.059076,3.5525,-0.6522,82.21,,999,2026-08-17,25.0,yahoo,1.0,0.0,1.0,1.0,1.0,1.0,0.0,1.0,1.0,-3.9458,-7.5938,5.5743,1.1953,48.7224,34.851,96.5823,96.5823,96.5823,-9.7661,-9.7661,-9.7661
LYG,6.010000228881836,6.01,2026-09-11,False,5.929999828338623,6.019999980926514,2.04,39.44,BAJO,86911827968.0,13.98,9.39,1.56,11.34,0.56,44.96,26.43,,,,,6.0,YAHOO,-0.0655,1.8078,-1.3143,0.059076,3.5525,-0.6522,82.21,2026-10-29,48,,,yahoo,1.0,1.0,1.0,1.0,0.0,0.0,1.0,0.0,1.0,-1.4754,1.5203,2.7231,12.3889,25.2731,27.5664,6.21,6.21,6.21,-3.2206,-3.2206,-3.2206
ING,37.27000045776367,37.27,2026-09-11,False,37.05500030517578,37.32500076293945,1.64,56.02,BAJO,106234552320.0,13.91,11.64,1.82,17.12,0.8,49.1,34.49,,,,,2.0,YAHOO,-0.0655,1.8078,-1.3143,0.059076,3.5525,-0.6522,82.21,2026-10-29,48,,,yahoo,1.0,0.0,0.0,0.0,0.0,0.0,1.0,0.0,0.0,0.4853,6.1823,15.2813,27.2056,19.5482,26.0166,37.27,37.27,37.27,0.0,0.0,0.0
IBN,29.389999389648438,29.39,2026-09-11,False,28.96500015258789,29.857900619506836,1.87,-6.27,BAJO,105476300800.0,18.03,15.63,2.64,16.07,2.11,38.51,27.53,,,,,4.0,YAHOO,-0.0655,1.8078,-1.3143,0.059076,3.5525,-0.6522,82.21,2026-10-17,36,,,yahoo,1.0,0.0,1.0,1.0,1.0,0.0,0.0,0.0,0.0,-3.7025,-1.574,2.1933,7.9245,30.4852,19.7431,30.58,30.58,32.6665,-3.8914,-3.8914,-10.0302
MUFG,23.889999389648438,23.89,2026-09-11,False,23.735000610351562,23.975000381469727,2.58,53.71,BAJO,268900220928.0,15.51,23.19,1.82,9.46,0.51,45.6,27.45,,,,,1.0,YAHOO,-0.0655,1.8078,-1.3143,0.059076,3.5525,-0.6522,82.21,2026-11-12,62,,,yahoo,1.0,0.0,0.0,0.0,0.0,0.0,0.0,0.0,0.0,-0.9946,6.4617,6.1778,18.9741,35.3181,29.6259,24.13,24.13,24.13,-0.9946,-0.9946,-0.9946
GS,1029.1800537109375,1029.1801,2026-09-11,False,1018.5850219726562,1042.989990234375,0.92,34.79,BAJO,299667783680.0,15.89,13.9,2.84,16.9,1.07,42.18,31.04,,,7.25,1.56,4.0,YAHOO,-0.0655,1.8078,-1.3143,0.059076,3.5525,-0.6522,82.21,2026-10-13,32,,,yahoo,1.0,1.0,0.0,0.0,0.0,0.0,1.0,0.0,1.0,-0.843,-0.6388,-9.2789,-0.1371,13.009,35.6016,1053.7192,1146.4551,1146.4551,-2.3288,-10.2294,-10.2294
BX,128.50999450683594,128.51,2026-09-11,False,126.91999816894531,130.85000610351562,2.47,-26.23,BAJO,153607716864.0,28.81,17.17,11.4,31.37,14.33,54.36,22.73,,,0.68,0.87,5.0,YAHOO,-0.0655,1.8078,-1.3143,0.059076,3.5525,-0.6522,82.21,2026-10-22,41,,,yahoo,1.0,0.0,1.0,1.0,1.0,0.0,0.0,0.0,1.0,-6.6604,-10.5333,4.2236,7.3965,43.1731,37.1676,145.09,149.32,181.3246,-11.4274,-13.9365,-29.1271
ITUB,8.329999923706055,8.33,2026-09-11,False,8.239999771118164,8.364999771118164,0.36,32.07,BAJO,91812192256.0,10.04,8.43,2.15,21.48,1.58,39.07,32.58,,,,,4.0,YAHOO,-0.0655,1.8078,-1.3143,0.059076,3.5525,-0.6522,82.21,2026-11-03,53,,,yahoo,1.0,1.0,1.0,0.0,0.0,0.0,1.0,0.0,0.0,1.3382,10.6674,-2.5006,6.4105,38.6239,30.8662,8.33,8.6136,9.3754,0.0,-3.2923,-11.1507
BAC,62.689998626708984,62.69,2026-09-11,False,62.375,63.83000183105469,0.21,27.22,BAJO,438375383040.0,14.48,11.84,1.59,11.2,0.97,38.3,29.52,,,,,5.0,YAHOO,-0.0655,1.8078,-1.3143,0.059076,3.5525,-0.6522,82.21,2026-10-14,33,,,yahoo,1.0,1.0,1.0,0.0,0.0,0.0,1.0,0.0,1.0,-0.0478,3.0078,3.9423,14.2311,6.4115,17.6685,64.1626,64.481,64.481,-2.2952,-2.7776,-2.7776
RACE,413.7799987792969,413.78,2026-09-11,False,411.1199951171875,414.7099914550781,1.26,-11.62,BAJO,72681472000.0,38.35,32.38,17.17,45.44,13.61,31.06,22.25,1.38,29.8,0.86,2.43,9.0,YAHOO,-0.0655,1.8078,-1.3143,0.059076,3.5525,-0.6522,82.21,2026-11-03,53,,,yahoo,1.0,1.0,1.0,1.0,1.0,1.0,1.0,1.0,1.0,-0.993,-0.0628,12.0869,13.1721,21.6107,29.3125,436.54,436.54,498.3386,-5.2137,-5.2137,-16.9681
C,138.82000732421875,138.82,2026-09-11,False,137.3699951171875,141.27000427246094,0.23,44.51,BAJO,232861794304.0,14.96,10.78,1.21,8.53,0.66,36.23,21.83,,,,,3.0,YAHOO,-0.0655,1.8078,-1.3143,0.059076,3.5525,-0.6522,82.21,2026-10-13,32,,,yahoo,1.0,0.0,0.0,0.0,1.0,0.0,1.0,0.0,0.0,0.4923,4.6277,4.6941,1.0544,10.2783,27.424,139.33,144.9331,144.9331,-0.366,-4.2179,-4.2179
SCHW,107.25,107.25,2026-09-11,False,106.08499908447266,108.36499786376953,-0.07,16.69,BAJO,185471254528.0,19.5,13.74,4.22,20.27,2.07,52.28,38.79,,,1.51,0.66,7.0,YAHOO,-0.0655,1.8078,-1.3143,0.059076,3.5525,-0.6522,82.21,2026-10-15,34,,,yahoo,1.0,1.0,1.0,1.0,1.0,0.0,1.0,0.0,1.0,-2.8357,-0.7404,6.3924,21.2658,19.8538,23.0852,113.65,113.65,113.65,-5.6313,-5.6313,-5.6313
PG,145.27000427246094,145.27,2026-09-11,False,143.5500946044922,145.47999572753906,1.61,-4.67,BAJO,337414619136.0,21.94,19.63,6.33,30.29,10.72,22.08,18.44,3.94,14.48,0.64,0.68,6.0,YAHOO,-0.0655,1.8078,-1.3143,0.059076,3.5525,-0.6522,82.21,2026-10-22,41,,,yahoo,1.0,0.0,1.0,1.0,1.0,0.0,1.0,0.0,1.0,-1.1231,1.4881,0.1879,-1.3385,24.1061,19.4864,147.64,151.6182,164.7207,-1.6053,-4.1869,-11.8083
KO,88.29000091552734,88.29,2026-09-11,False,87.80500030517578,88.6500015258789,0.52,35.33,BAJO,379872051200.0,26.51,25.04,10.51,42.05,9.4,34.87,28.56,1.37,24.0,1.16,1.3,7.0,YAHOO,-0.0655,1.8078,-1.3143,0.059076,3.5525,-0.6522,82.21,2026-10-20,39,,,yahoo,1.0,1.0,1.0,0.0,1.0,1.0,1.0,1.0,0.0,-0.5855,-0.8646,6.2711,7.67,10.4858,22.1937,91.99,91.99,91.99,-4.0222,-4.0222,-4.0222
PEP,136.32000732421875,136.32,2026-09-11,False,136.0399932861328,137.47999572753906,-0.24,-0.59,BAJO,186213122048.0,17.87,15.19,8.43,51.51,8.93,16.84,10.79,4.21,12.11,2.39,0.93,5.0,YAHOO,-0.0655,1.8078,-1.3143,0.059076,3.5525,-0.6522,82.21,2026-10-08,27,,,yahoo,1.0,0.0,1.0,1.0,0.0,1.0,1.0,0.0,0.0,-1.6024,-1.3911,1.7175,-4.1423,12.3179,22.3451,143.1409,143.4476,165.4534,-4.7651,-4.9688,-17.6082
MO,68.9800033569336,68.98,2026-09-11,False,68.62000274658203,69.66000366210938,0.28,12.06,BAJO,115178938368.0,14.52,11.76,-43.17,,29.49,76.12,39.0,7.83,8.73,,0.52,6.0,YAHOO,-0.0655,1.8078,-1.3143,0.059076,3.5525,-0.6522,82.21,2026-10-29,48,,,yahoo,1.0,0.0,1.0,1.0,0.0,1.0,1.0,1.0,0.0,-0.7339,1.9359,-1.6819,-1.9583,16.0285,31.0297,69.57,74.92,74.92,-0.8481,-7.9285,-7.9285
WMT,107.1500015258789,107.15,2026-09-11,False,105.71499633789062,107.20999908447266,1.34,6.32,BAJO,852708163584.0,38.82,33.17,9.04,22.31,6.41,3.45,3.0,0.84,20.62,0.72,0.77,7.0,YAHOO,-0.0655,1.8078,-1.3143,0.059076,3.5525,-0.6522,82.21,2026-11-19,69,2026-08-20,22.0,yahoo,1.0,1.0,1.0,1.0,1.0,0.0,1.0,1.0,0.0,-1.1714,4.4042,-5.5352,-10.866,15.5824,28.8721,114.9947,119.1348,133.8795,-6.8218,-10.0599,-19.9653
TGT,155.8300018310547,155.83,2026-09-11,False,154.35000610351562,157.3699951171875,0.06,78.23,BAJO,70793060352.0,16.16,16.33,3.97,26.41,5.69,6.04,4.08,4.85,9.84,1.08,0.99,6.0,YAHOO,-0.0655,1.8078,-1.3143,0.059076,3.5525,-0.6522,82.21,2026-11-18,68,2026-08-19,23.0,yahoo,1.0,0.0,1.0,1.0,1.0,1.0,1.0,0.0,0.0,-4.9875,-6.0869,17.1836,18.3852,21.5277,32.8174,169.89,169.89,169.89,-8.2759,-8.2759,-8.2759
MCD,252.52999877929688,252.53,2026-09-11,False,252.1699981689453,254.72999572753906,-0.21,-14.96,BAJO,178700713984.0,20.53,18.07,-174.64,,13.25,46.48,31.72,3.5,15.57,,1.08,6.0,YAHOO,-0.0655,1.8078,-1.3143,0.059076,3.5525,-0.6522,82.21,2026-11-05,55,,,yahoo,1.0,0.0,1.0,1.0,1.0,0.0,1.0,1.0,0.0,-2.7347,-2.2053,-5.4343,-10.6911,6.6029,22.7782,270.9044,281.8169,334.5029,-6.7826,-10.3922,-24.5059
SBUX,98.73999786376953,98.74,2026-09-11,False,98.45999908447266,100.41000366210938,-0.48,24.01,BAJO,112563601408.0,57.08,31.63,-14.67,,8.02,12.92,5.17,2.72,23.39,,0.76,5.0,YAHOO,-0.0655,1.8078,-1.3143,0.059076,3.5525,-0.6522,82.21,2026-10-28,47,,,yahoo,1.0,0.0,1.0,1.0,1.0,0.0,0.0,0.0,1.0,-6.6906,-7.9433,-6.464,-2.9065,14.1093,21.7535,108.49,108.49,108.49,-8.987,-8.987,-8.987
NKE,36.79999923706055,36.8,2026-09-11,False,36.619998931884766,37.04999923706055,0.49,-47.8,BAJO,54592753664.0,17.52,16.06,3.67,22.14,6.97,12.69,6.7,3.46,11.43,0.74,1.96,4.0,YAHOO,-0.0655,1.8078,-1.3143,0.059076,3.5525,-0.6522,82.21,2026-10-01,20,,,yahoo,1.0,0.0,1.0,0.0,1.0,0.0,0.0,1.0,0.0,-5.0813,-3.2508,-13.2282,-19.081,18.5812,32.505,40.6191,44.7256,72.1898,-9.4023,-17.7204,-49.0232
MDLZ,62.439998626708984,62.44,2026-09-11,False,62.209999084472656,62.900001525878906,-0.05,5.19,BAJO,79692677120.0,22.87,18.57,3.0,13.34,4.12,21.98,8.86,2.83,16.47,0.83,0.6,5.0,YAHOO,-0.0655,1.8078,-1.3143,0.059076,3.5525,-0.6522,82.21,2026-10-27,46,,,yahoo,1.0,0.0,1.0,1.0,0.0,0.0,1.0,0.0,1.0,1.6111,0.016,6.1905,-0.626,9.5673,26.3939,64.7,64.99,64.99,-3.493,-3.9237,-3.9237
HSY,173.32000732421875,173.32,2026-09-11,False,172.83999633789062,175.3936004638672,-0.59,-2.71,BAJO,34824437760.0,23.68,17.56,7.63,32.81,9.92,23.12,12.24,5.01,14.76,1.3,1.18,4.0,YAHOO,-0.0655,1.8078,-1.3143,0.059076,3.5525,-0.6522,82.21,2026-11-05,55,,,yahoo,1.0,0.0,1.0,1.0,0.0,1.0,0.0,0.0,0.0,-0.9939,-4.4121,1.8796,-3.4048,13.8744,27.3289,189.94,189.94,232.6481,-8.7501,-8.7501,-25.5012
ANF,145.22999572753906,145.23,2026-09-11,False,143.78500366210938,147.9550018310547,1.61,55.17,BAJO,6162744320.0,12.54,11.31,4.69,40.61,13.63,19.94,10.04,7.07,7.45,0.94,1.41,5.0,YAHOO,-0.0655,1.8078,-1.3143,0.059076,3.5525,-0.6522,82.21,2026-11-25,75,2026-08-26,16.0,yahoo,1.0,0.0,1.0,1.0,0.0,1.0,1.0,0.0,0.0,1.1774,-0.3568,56.3799,60.2626,56.7889,87.9336,152.08,152.08,152.08,-4.5042,-4.5042,-4.5042
EBAY,107.75,107.75,2026-09-11,False,105.08499908447266,107.83999633789062,2.59,19.08,BAJO,47948750848.0,22.64,16.0,10.28,46.61,9.15,21.57,18.57,3.29,16.73,1.53,1.02,5.0,YAHOO,-0.0655,1.8078,-1.3143,0.059076,3.5525,-0.6522,82.21,2026-11-04,54,,,yahoo,1.0,1.0,1.0,0.0,0.0,0.0,1.0,0.0,1.0,1.7854,5.6787,-3.9652,-1.398,24.0594,33.0708,107.75,117.084,118.2715,0.0,-7.9721,-8.8961
ABEV,3.0199999809265137,3.02,2026-09-11,False,3.009999990463257,3.059999942779541,-0.66,33.32,BAJO,46557790208.0,15.1,14.14,2.7,18.4,10.3,23.74,18.41,42.65,1.2,0.03,1.02,8.0,YAHOO,-0.0655,1.8078,-1.3143,0.059076,3.5525,-0.6522,82.21,2026-10-29,48,,,yahoo,1.0,1.0,1.0,1.0,1.0,0.0,1.0,1.0,1.0,-0.6579,4.8611,-2.2654,-5.9433,15.4415,20.1005,3.04,3.23,3.4202,-0.6579,-6.5015,-11.7019
UL,62.02000045776367,62.02,2026-09-11,False,61.689998626708984,62.154998779296875,0.63,-9.18,BAJO,133545476096.0,20.95,15.68,7.08,31.87,8.29,20.34,18.32,5.04,14.8,1.75,0.74,7.0,YAHOO,-0.0655,1.8078,-1.3143,0.059076,3.5525,-0.6522,82.21,2026-10-28,47,2026-07-28,45.0,finnhub,1.0,1.0,1.0,0.0,0.0,1.0,1.0,1.0,1.0,-3.4558,-3.7255,2.797,7.2388,16.2696,27.7275,65.32,66.3122,72.7099,-5.0521,-6.4728,-14.7021
URBN,78.58000183105469,78.58,2026-09-11,False,76.8949966430664,79.6500015258789,3.94,10.66,BAJO,6731177472.0,12.3,11.38,2.58,20.94,8.02,11.62,8.79,1.45,9.32,0.43,1.58,8.0,YAHOO,-0.0655,1.8078,-1.3143,0.059076,3.5525,-0.6522,82.21,2026-11-25,75,2026-08-26,16.0,yahoo,1.0,1.0,1.0,1.0,0.0,1.0,1.0,1.0,1.0,-2.482,-0.2665,11.9533,1.5508,49.4198,43.8523,82.95,82.95,82.95,-5.2682,-5.2682,-5.2682
CL,86.80000305175781,86.8,2026-09-11,False,86.38999938964844,90.54000091552734,-1.25,6.9,BAJO,69194604544.0,34.17,21.13,293.24,267.37,15.84,20.97,9.68,5.0,15.24,13.88,1.03,5.0,YAHOO,-0.0655,1.8078,-1.3143,0.059076,3.5525,-0.6522,82.21,2026-10-30,49,,,yahoo,1.0,0.0,1.0,1.0,1.0,0.0,1.0,0.0,0.0,-3.6519,-4.5734,-4.1002,-2.3407,7.6069,21.6244,92.55,94.5877,97.966,-6.2129,-8.2333,-11.3979
COST,904.77001953125,904.77,2026-09-11,False,900.75,907.3588256835938,0.26,-4.57,BAJO,401246322688.0,45.58,39.98,24.27,29.15,8.67,3.67,3.01,1.73,28.9,0.6,1.07,6.0,YAHOO,-0.0655,1.8078,-1.3143,0.059076,3.5525,-0.6522,82.21,2026-09-24,13,,,yahoo,1.0,0.0,1.0,1.0,1.0,1.0,0.0,1.0,0.0,-2.2304,-3.1979,-1.6861,-7.1213,8.0594,20.2428,971.4,974.03,1092.5829,-6.8592,-7.1107,-17.1898
KMB,98.1500015258789,98.15,2026-09-11,False,97.30000305175781,99.5,-0.34,-19.25,BAJO,32642633728.0,19.4,13.11,18.65,104.91,10.2,19.0,11.79,2.88,11.02,3.49,0.91,4.0,YAHOO,-0.0655,1.8078,-1.3143,0.059076,3.5525,-0.6522,82.21,2026-11-03,53,,,yahoo,1.0,0.0,1.0,1.0,1.0,0.0,0.0,0.0,0.0,-7.9872,-9.6856,-7.0139,-2.1787,28.8315,27.953,110.0495,113.3795,123.1648,-10.8128,-13.4323,-20.31
ORLY,85.81999969482422,85.82,2026-09-11,False,85.23999786376953,86.31999969482422,0.36,-19.34,BAJO,69425012736.0,27.24,23.5,-38.16,,13.67,20.15,14.27,2.26,18.89,,0.75,7.0,YAHOO,-0.0655,1.8078,-1.3143,0.059076,3.5525,-0.6522,82.21,2026-10-28,47,,,yahoo,1.0,0.0,1.0,1.0,1.0,1.0,1.0,1.0,0.0,-1.7853,-2.2885,0.0816,-4.7503,19.2506,30.9789,91.2,93.53,107.82,-5.8991,-8.2433,-20.4044
PM,191.05999755859375,191.06,2026-09-11,False,190.55499267578125,194.78500366210938,0.68,18.98,BAJO,297788669952.0,26.21,20.84,-34.69,,14.59,40.0,25.56,3.26,19.03,,0.98,7.0,YAHOO,-0.0655,1.8078,-1.3143,0.059076,3.5525,-0.6522,82.21,2026-10-21,40,,,yahoo,1.0,1.0,1.0,1.0,1.0,1.0,0.0,1.0,0.0,2.6266,0.3045,8.5877,6.5686,11.8853,28.2008,194.1,200.17,200.17,-1.5662,-4.5511,-4.5511
ETSY,72.76000213623047,72.76,2026-09-11,False,71.98999786376953,73.5199966430664,1.63,23.16,BAJO,6678040064.0,23.03,10.56,-4.82,,10.53,18.74,7.11,2.54,18.11,,1.48,5.0,YAHOO,-0.0655,1.8078,-1.3143,0.059076,3.5525,-0.6522,82.21,2026-11-04,54,,,yahoo,1.0,0.0,1.0,1.0,1.0,0.0,1.0,0.0,0.0,-11.3007,-12.2739,-12.4007,4.7811,46.1364,46.0054,87.03,87.03,87.03,-16.3966,-16.3966,-16.3966
TM,198.1999969482422,198.2,2026-09-11,False,197.32000732421875,198.92999267578125,2.97,1.35,BAJO,234705158144.0,8.66,12.56,16.12,12.4,2.34,7.86,8.63,-1533.82,6.3,1.15,1.17,3.0,YAHOO,-0.0655,1.8078,-1.3143,0.059076,3.5525,-0.6522,82.21,2026-11-05,55,,,yahoo,1.0,0.0,1.0,1.0,0.0,0.0,0.0,0.0,0.0,-0.8355,3.2292,12.473,13.2895,38.518,23.8675,199.87,199.87,248.29,-0.8355,-0.8355,-20.174
HMC,32.52000045776367,32.52,2026-09-11,False,32.474998474121094,32.70500183105469,2.85,-3.18,BAJO,42200301568.0,,,0.52,-0.76,-0.15,8.76,-0.75,634.49,7.16,1.14,1.29,3.0,YAHOO,-0.0655,1.8078,-1.3143,0.059076,3.5525,-0.6522,82.21,2026-11-05,55,,,yahoo,0.0,0.0,1.0,1.0,0.0,0.0,1.0,0.0,0.0,-1.5739,3.7983,15.7707,20.133,53.4486,30.8705,33.37,33.37,34.12,-2.5472,-2.5472,-4.6893
NSANY,4.110000133514404,4.11,2026-09-11,False,4.099999904632568,4.150000095367432,3.79,-15.91,BAJO,7185065984.0,,4.78,0.23,-7.65,0.69,2.63,-3.37,-18922.35,15.32,1.72,1.54,4.0,YAHOO,-0.0655,1.8078,-1.3143,0.059076,3.5525,-0.6522,82.21,2026-11-05,55,,,yahoo,0.0,1.0,1.0,1.0,0.0,1.0,0.0,0.0,0.0,0.0,3.5265,7.5916,-2.1428,45.6746,38.8136,4.26,4.51,6.05,-3.5211,-8.8692,-32.0661
GM,85.62000274658203,85.62,2026-09-11,False,85.30999755859375,87.73999786376953,-0.58,48.16,BAJO,77439139840.0,38.22,5.77,1.21,3.16,2.25,3.2,1.05,28.32,11.01,2.02,1.14,5.0,YAHOO,-0.0655,1.8078,-1.3143,0.059076,3.5525,-0.6522,82.21,2026-10-20,39,,,yahoo,1.0,0.0,1.0,1.0,0.0,1.0,1.0,0.0,0.0,-1.6314,-0.4443,11.6132,6.1188,38.3459,28.8524,87.76,90.1136,90.1136,-2.4385,-4.9866,-4.9866
ARCO,8.010000228881836,8.01,2026-09-11,False,7.880000114440918,8.146400451660156,-0.62,18.6,BAJO,1687411072.0,6.51,9.32,2.03,36.36,6.91,5.56,5.16,7.64,5.92,2.64,0.88,6.0,YAHOO,-0.0655,1.8078,-1.3143,0.059076,3.5525,-0.6522,82.21,2026-11-18,68,2026-08-13,29.0,yahoo,1.0,1.0,1.0,1.0,0.0,1.0,1.0,0.0,0.0,-2.9091,0.8816,-2.3171,-7.8068,8.0872,23.226,8.25,8.4899,9.4222,-2.9091,-5.6528,-14.9882
HD,308.739990234375,308.74,2026-09-11,False,307.8999938964844,311.2099914550781,1.0,-23.96,BAJO,308026671104.0,21.62,19.27,18.54,104.3,12.14,12.86,8.41,3.49,14.85,3.8,1.08,4.0,YAHOO,-0.0655,1.8078,-1.3143,0.059076,3.5525,-0.6522,82.21,2026-11-17,67,2026-08-18,24.0,yahoo,1.0,0.0,1.0,1.0,1.0,0.0,0.0,0.0,0.0,-2.9333,-5.3543,-7.9128,-4.5995,22.3266,27.3295,341.7813,355.2818,411.7595,-9.6674,-13.1,-25.0193
DIS,106.55000305175781,106.55,2026-09-11,False,105.63999938964844,107.36000061035156,0.69,-6.61,BAJO,183978491904.0,21.97,14.27,1.68,8.01,4.81,19.3,8.7,2.64,10.99,0.39,0.71,8.0,YAHOO,-0.0655,1.8078,-1.3143,0.059076,3.5525,-0.6522,82.21,2026-11-12,62,,,yahoo,1.0,1.0,1.0,1.0,1.0,0.0,1.0,1.0,1.0,-0.5692,-0.2528,11.1401,7.0026,16.7962,27.7917,111.25,111.25,115.4089,-4.2247,-4.2247,-7.6761
JNJ,265.5799865722656,265.58,2026-09-11,False,265.25,270.385009765625,-0.29,53.2,BAJO,640020840448.0,30.77,21.33,7.53,25.74,8.6,29.19,21.48,2.64,19.16,0.58,1.09,3.0,YAHOO,-0.0655,1.8078,-1.3143,0.059076,3.5525,-0.6522,82.21,2026-10-13,32,,,yahoo,1.0,1.0,1.0,0.0,0.0,0.0,0.0,0.0,0.0,-4.6152,-0.0715,5.1368,11.9833,14.5709,25.8184,278.43,278.43,278.43,-4.6152,-4.6152,-4.6152
LLY,1115.699951171875,1115.7,2026-09-11,False,1113.2918701171875,1131.43994140625,-0.65,49.52,BAJO,994915778560.0,37.49,23.62,29.36,102.29,20.36,54.22,33.53,1.11,24.95,1.62,1.35,7.0,YAHOO,-0.0655,1.8078,-1.3143,0.059076,3.5525,-0.6522,82.21,2026-10-29,48,,,yahoo,1.0,1.0,1.0,0.0,0.0,1.0,1.0,1.0,1.0,-3.7858,-5.1356,-3.0577,-3.76,16.3161,33.6939,1280.34,1280.34,1280.34,-12.8591,-12.8591,-12.8591
NVO,43.06999969482422,43.07,2026-09-11,False,42.72159957885742,43.49509811401367,-2.14,-15.66,BAJO,190323097600.0,10.56,12.63,5.56,59.81,18.73,42.54,35.35,19.79,1.67,0.63,0.87,4.0,YAHOO,-0.0655,1.8078,-1.3143,0.059076,3.5525,-0.6522,82.21,2026-11-04,54,,,yahoo,1.0,0.0,1.0,1.0,0.0,1.0,0.0,0.0,0.0,-9.3454,-6.8958,-11.1058,-0.7726,13.695,37.9771,48.66,50.9588,60.9379,-11.4879,-15.4808,-29.3215
AMGN,377.3500061035156,377.35,2026-09-11,False,377.2200012207031,386.989990234375,-1.34,38.23,BAJO,204007489536.0,23.44,15.46,17.45,91.47,8.67,35.55,22.95,4.24,14.32,4.9,1.37,7.0,YAHOO,-0.0655,1.8078,-1.3143,0.059076,3.5525,-0.6522,82.21,2026-11-03,53,,,yahoo,1.0,1.0,1.0,1.0,1.0,0.0,0.0,1.0,1.0,-15.0342,-13.6479,6.8417,7.2008,70.1534,33.4496,444.12,444.12,444.12,-15.0342,-15.0342,-15.0342
UNH,379.0899963378906,379.09,2026-09-11,False,375.8999938964844,391.7300109863281,-2.37,11.14,BAJO,340269203456.0,24.35,16.9,3.48,14.15,4.87,7.13,3.14,7.13,14.6,0.69,0.78,6.0,YAHOO,-0.0655,1.8078,-1.3143,0.059076,3.5525,-0.6522,82.21,2026-10-27,46,,,yahoo,1.0,0.0,1.0,1.0,1.0,0.0,1.0,0.0,1.0,-5.4497,-4.04,-10.8422,-5.9906,23.2656,23.9635,401.73,436.35,436.35,-5.6356,-13.1225,-13.1225
PFE,27.719999313354492,27.72,2026-09-11,False,27.420000076293945,27.850000381469727,0.25,20.39,BAJO,157994942464.0,36.47,9.57,1.85,5.01,5.78,27.88,6.8,7.9,8.26,0.74,1.27,5.0,YAHOO,-0.0655,1.8078,-1.3143,0.059076,3.5525,-0.6522,82.21,2026-11-03,53,,,yahoo,1.0,0.0,1.0,1.0,0.0,0.0,0.0,1.0,1.0,-3.7834,-1.0707,16.309,7.7758,18.3625,22.7463,29.02,29.02,29.02,-4.4797,-4.4797,-4.4797
ABT,101.94999694824219,101.95,2026-09-11,False,101.5,104.18000030517578,-1.36,-20.31,BAJO,176412573696.0,32.99,16.81,3.45,10.58,5.33,14.71,11.65,4.09,17.48,0.63,1.38,5.0,YAHOO,-0.0655,1.8078,-1.3143,0.059076,3.5525,-0.6522,82.21,2026-10-14,33,,,yahoo,1.0,0.0,1.0,1.0,1.0,0.0,0.0,1.0,0.0,-6.2873,-8.6388,15.4194,14.5311,15.3169,33.1441,116.67,116.67,133.5335,-12.6168,-12.6168,-23.6521
CVS,94.66000366210938,94.66,2026-09-11,False,93.91000366210938,96.41000366210938,-0.66,31.86,BAJO,121067339776.0,24.98,11.12,1.52,6.21,2.97,3.86,1.18,6.67,11.01,0.96,0.87,6.0,YAHOO,-0.0655,1.8078,-1.3143,0.059076,3.5525,-0.6522,82.21,2026-10-28,47,,,yahoo,1.0,0.0,1.0,1.0,1.0,1.0,0.0,0.0,1.0,-2.6132,1.8726,-10.2976,-5.209,4.7474,26.0745,97.6,109.9195,109.9195,-3.0123,-13.8824,-13.8824
ABBV,257.1199951171875,257.12,2026-09-11,False,253.9199981689453,259.6099853515625,0.83,21.44,BAJO,454361186304.0,72.63,15.79,-76.55,,10.51,40.03,9.8,3.71,16.74,,0.81,7.0,YAHOO,-0.0655,1.8078,-1.3143,0.059076,3.5525,-0.6522,82.21,2026-10-29,48,,,yahoo,1.0,0.0,1.0,1.0,1.0,1.0,0.0,1.0,1.0,-1.1875,-0.399,5.7889,15.2067,33.0746,29.4522,265.97,265.97,265.97,-3.3274,-3.3274,-3.3274
TMO,609.8200073242188,609.82,2026-09-11,False,606.1500244140625,615.239990234375,1.1,25.61,BAJO,225479294976.0,32.82,22.15,4.28,13.51,5.13,18.75,15.04,2.77,22.29,0.81,1.55,5.0,YAHOO,-0.0655,1.8078,-1.3143,0.059076,3.5525,-0.6522,82.21,2026-10-21,40,,,yahoo,1.0,0.0,1.0,1.0,0.0,1.0,1.0,0.0,0.0,-1.3922,-3.3106,14.1835,28.3335,19.5619,29.7769,633.71,633.71,638.1787,-3.7699,-3.7699,-4.4437
AZN,160.1699981689453,160.17,2026-09-11,False,158.17999267578125,161.49949645996094,0.33,0.84,BAJO,248406982656.0,24.01,14.1,4.94,21.96,8.02,23.46,17.02,1.97,13.82,0.64,0.89,7.0,YAHOO,-0.0655,1.8078,-1.3143,0.059076,3.5525,-0.6522,82.21,2026-10-30,49,,,yahoo,1.0,1.0,1.0,1.0,1.0,1.0,0.0,1.0,0.0,-2.7918,-2.6441,-2.6322,-12.1297,27.3695,34.2319,169.66,195.15,208.62,-5.5935,-17.9247,-23.224
CAH,234.57000732421875,234.57,2026-09-11,False,232.60000610351562,239.42999267578125,-0.61,56.51,BAJO,54555291648.0,32.49,16.66,-18.96,,3.72,1.33,0.67,8.71,14.18,,0.88,8.0,YAHOO,-0.0655,1.8078,-1.3143,0.059076,3.5525,-0.6522,82.21,2026-11-05,55,,,yahoo,1.0,1.0,1.0,1.0,1.0,0.0,1.0,1.0,1.0,-5.6474,-0.2382,1.9382,6.2944,17.8156,23.2411,248.61,248.61,248.61,-5.6474,-5.6474,-5.6474
ISRG,369.1499938964844,369.15,2026-09-11,False,363.55999755859375,374.4800109863281,2.41,-17.96,BAJO,132258340864.0,42.33,30.53,7.19,17.42,10.51,33.6,28.45,1.98,29.24,,4.96,7.0,YAHOO,-0.0655,1.8078,-1.3143,0.059076,3.5525,-0.6522,82.21,2026-10-20,39,,,yahoo,1.0,1.0,1.0,1.0,0.0,1.0,1.0,0.0,1.0,-0.1839,0.5666,-2.7273,-10.5958,50.9786,48.3343,397.72,432.83,592.85,-7.1834,-14.7125,-37.733
MRNA,143.97000122070312,143.97,2026-09-11,False,135.01010131835938,149.7100067138672,5.38,468.1,BAJO,57477992448.0,,-32.22,8.5,-39.0,-13.26,-557.93,-141.43,0.52,-23.09,0.19,2.29,3.0,YAHOO,-0.0655,1.8078,-1.3143,0.059076,3.5525,-0.6522,82.21,2026-11-05,55,,,yahoo,0.0,1.0,0.0,1.0,0.0,0.0,0.0,1.0,0.0,-3.2915,0.8405,113.4786,190.0282,67.0392,377.7511,174.38,174.38,174.38,-17.4389,-17.4389,-17.4389
NVS,137.16000366210938,137.16,2026-09-11,False,137.00999450683594,139.5500030517578,-0.23,11.74,BAJO,260702060544.0,20.69,13.94,6.28,30.35,10.25,34.62,22.5,4.56,13.12,1.17,0.86,8.0,YAHOO,-0.0655,1.8078,-1.3143,0.059076,3.5525,-0.6522,82.21,2026-10-27,46,,,yahoo,1.0,1.0,1.0,1.0,0.0,1.0,1.0,1.0,1.0,-15.8992,-11.3094,-8.7789,-10.8888,109.5552,39.7058,163.09,163.09,163.6393,-15.8992,-15.8992,-16.1815
PHG,24.59000015258789,24.59,2026-09-11,False,24.489999771118164,24.825000762939453,-0.04,-9.67,BAJO,24034940928.0,18.49,12.92,1.8,10.15,4.07,13.99,6.31,6.36,12.31,0.65,1.26,7.0,YAHOO,-0.0655,1.8078,-1.3143,0.059076,3.5525,-0.6522,82.21,2026-11-03,53,,,yahoo,1.0,1.0,1.0,1.0,0.0,1.0,0.0,1.0,1.0,-5.6046,-8.6553,-5.6408,-5.8215,15.3809,23.8505,27.62,28.23,31.6757,-10.9703,-12.8941,-22.3696
MRK,143.92999267578125,143.93,2026-09-11,False,143.69000244140625,145.88999938964844,-0.54,75.74,BAJO,355100000256.0,116.07,15.07,8.47,6.96,11.87,-0.24,4.77,4.27,13.99,1.28,1.32,4.0,YAHOO,-0.0655,1.8078,-1.3143,0.059076,3.5525,-0.6522,82.21,2026-10-29,48,,,yahoo,1.0,0.0,1.0,0.0,0.0,1.0,1.0,0.0,0.0,-5.5205,-3.7515,19.1671,20.0439,10.1091,37.5864,156.45,156.45,156.45,-8.0026,-8.0026,-8.0026
GILD,143.72000122070312,143.72,2026-09-11,False,143.5,145.99000549316406,-0.75,26.18,BAJO,178206359552.0,,14.53,15.08,-20.68,14.09,33.68,-10.64,5.48,13.66,2.23,1.26,8.0,YAHOO,-0.0655,1.8078,-1.3143,0.059076,3.5525,-0.6522,82.21,2026-10-29,48,,,yahoo,1.0,1.0,1.0,1.0,1.0,0.0,1.0,1.0,1.0,-4.9597,-3.4529,10.5198,14.9317,17.6517,29.0277,151.22,151.22,153.9087,-4.9597,-4.9597,-6.62
BMY,63.63999938964844,63.64,2026-09-11,False,63.27000045776367,64.1500015258789,-0.17,41.35,BAJO,129998356480.0,14.02,9.7,5.83,46.6,10.72,34.42,18.87,6.24,8.68,2.02,1.53,8.0,YAHOO,-0.0655,1.8078,-1.3143,0.059076,3.5525,-0.6522,82.21,2026-10-29,48,,,yahoo,1.0,1.0,1.0,1.0,1.0,1.0,0.0,1.0,1.0,-6.5355,-4.944,11.7471,13.1079,21.7383,28.7849,68.09,68.09,68.09,-6.5355,-6.5355,-6.5355
HIMS,27.510000228881836,27.51,2026-09-11,False,26.729999542236328,27.6299991607666,0.26,-45.79,BAJO,6418451968.0,,33.67,19.81,-32.03,-2.21,-12.75,-5.51,13.23,-699.98,4.77,0.93,4.0,YAHOO,-0.0655,1.8078,-1.3143,0.059076,3.5525,-0.6522,82.21,2026-11-09,59,,,yahoo,1.0,0.0,1.0,1.0,0.0,1.0,0.0,0.0,0.0,-1.1143,-13.108,-21.7354,-4.7108,23.0739,88.6078,33.78,38.28,62.76,-18.5613,-28.1348,-56.1663
CAT,818.5700073242188,818.57,2026-09-11,False,813.510009765625,825.7349853515625,1.69,92.53,BAJO,376276058112.0,35.31,25.28,19.4,56.97,9.03,22.18,14.51,1.34,25.18,2.33,1.37,6.0,YAHOO,-0.0655,1.8078,-1.3143,0.059076,3.5525,-0.6522,82.21,2026-10-29,48,,,yahoo,1.0,0.0,1.0,1.0,1.0,1.0,1.0,0.0,0.0,2.3033,0.1922,-12.134,-8.6385,22.8896,43.0515,881.65,1062.9282,1062.9282,-7.1548,-22.9892,-22.9892
GE,323.6600036621094,323.66,2026-09-11,False,322.7699890136719,329.8800048828125,-0.15,16.6,BAJO,335817474048.0,38.12,35.6,19.04,48.23,5.07,20.57,17.72,1.96,30.16,1.13,0.98,6.0,YAHOO,-0.0655,1.8078,-1.3143,0.059076,3.5525,-0.6522,82.21,2026-10-20,39,,,yahoo,1.0,1.0,1.0,0.0,0.0,0.0,1.0,1.0,1.0,-2.9447,-5.5641,-8.5008,-2.6135,19.5988,28.7392,375.09,381.22,381.22,-13.7114,-15.0989,-15.0989
LMT,524.1900024414062,524.19,2026-09-11,False,521.9400024414062,533.989990234375,-1.12,15.3,BAJO,120978202624.0,19.31,16.02,13.75,89.17,8.64,11.96,8.16,4.6,14.23,2.34,1.19,6.0,YAHOO,-0.0655,1.8078,-1.3143,0.059076,3.5525,-0.6522,82.21,2026-10-20,39,,,yahoo,1.0,0.0,1.0,1.0,1.0,0.0,1.0,1.0,0.0,-1.6437,-6.796,2.416,-3.8725,31.0083,35.8268,604.9383,604.9383,668.1661,-13.3482,-13.3482,-21.5479
RTX,197.67999267578125,197.68,2026-09-11,False,196.30999755859375,200.3800048828125,-0.22,28.31,BAJO,266424811520.0,34.74,25.16,4.01,12.27,4.21,12.7,8.28,3.71,18.8,0.57,1.01,8.0,YAHOO,-0.0655,1.8078,-1.3143,0.059076,3.5525,-0.6522,82.21,2026-10-20,39,,,yahoo,1.0,1.0,1.0,1.0,1.0,1.0,0.0,1.0,1.0,-2.2016,-6.7899,2.5579,7.6688,8.711,27.198,225.49,225.49,225.49,-12.3331,-12.3331,-12.3331
UAL,109.81999969482422,109.82,2026-09-11,False,108.3550033569336,110.75,3.13,1.48,BAJO,35644248064.0,10.28,7.44,2.13,23.25,3.38,5.53,5.56,2.55,7.43,2.02,0.78,7.0,YAHOO,-0.0655,1.8078,-1.3143,0.059076,3.5525,-0.6522,82.21,2026-10-21,40,,,yahoo,1.0,1.0,1.0,1.0,1.0,0.0,1.0,0.0,1.0,1.0675,-2.2867,-8.7495,-2.4776,39.6445,40.1548,125.34,136.11,136.11,-12.3823,-19.3153,-19.3153
F,13.970000267028809,13.97,2026-09-11,False,13.880000114440918,14.119999885559082,0.65,25.39,BAJO,55706714112.0,,7.25,1.56,-18.25,0.35,1.88,-3.94,-14.25,25.72,4.57,1.09,2.0,YAHOO,-0.0655,1.8078,-1.3143,0.059076,3.5525,-0.6522,82.21,2026-10-22,41,,,yahoo,0.0,0.0,1.0,1.0,0.0,0.0,0.0,0.0,0.0,-3.0534,0.1434,1.3006,-4.002,57.5183,30.83,14.62,15.1163,17.2531,-4.446,-7.5831,-19.0292
AAL,13.010000228881836,13.01,2026-09-11,False,12.949999809265137,13.220000267028809,1.25,1.52,BAJO,8612229120.0,,5.79,-2.17,,1.12,2.81,-0.56,6.03,10.64,,0.53,4.0,YAHOO,-0.0655,1.8078,-1.3143,0.059076,3.5525,-0.6522,82.21,2026-10-22,41,,,yahoo,1.0,0.0,1.0,1.0,0.0,0.0,0.0,0.0,1.0,0.3084,-5.1749,-16.9751,-11.1945,19.861,46.2762,14.83,18.15,18.15,-12.2724,-28.3196,-28.3196
UNP,284.3999938964844,284.4,2026-09-11,False,282.9800109863281,289.0150146484375,-0.48,35.48,BAJO,168955068416.0,23.03,20.09,8.7,39.7,9.27,40.98,28.85,2.79,15.37,1.51,0.99,8.0,YAHOO,-0.0655,1.8078,-1.3143,0.059076,3.5525,-0.6522,82.21,2026-10-22,41,,,yahoo,1.0,1.0,1.0,1.0,1.0,1.0,1.0,1.0,0.0,-1.6427,-7.1343,-0.895,6.5006,10.7159,21.39,309.1852,309.1852,309.1852,-8.0163,-8.0163,-8.0163
FDX,311.989990234375,311.99,2026-09-11,False,308.67999267578125,315.260009765625,0.06,72.47,BAJO,73838804992.0,16.82,14.96,2.37,14.85,5.01,11.13,4.68,7.66,8.71,1.36,1.48,5.0,YAHOO,-0.0655,1.8078,-1.3143,0.059076,3.5525,-0.6522,82.21,2026-10-28,47,,,yahoo,1.0,0.0,1.0,1.0,0.0,1.0,0.0,1.0,0.0,-3.7988,-5.8598,-0.5324,-7.3488,24.7376,26.2868,335.99,339.35,339.35,-7.1431,-8.0625,-8.0625
PCAR,122.7300033569336,122.73,2026-09-11,False,122.47000122070312,124.58000183105469,0.13,24.64,BAJO,64600772608.0,25.78,16.99,3.18,12.76,4.12,12.02,9.0,3.01,21.62,0.73,5.52,4.0,YAHOO,-0.0655,1.8078,-1.3143,0.059076,3.5525,-0.6522,82.21,2026-10-27,46,,,yahoo,1.0,0.0,1.0,1.0,0.0,1.0,0.0,0.0,0.0,-1.4296,-3.0109,-0.7141,4.6564,16.1033,26.4988,131.03,137.845,137.845,-6.3344,-10.9652,-10.9652
MMM,164.97000122070312,164.97,2026-09-11,False,162.55099487304688,165.3699951171875,1.3,6.42,BAJO,85078728704.0,29.3,16.87,28.82,81.89,8.74,20.35,11.9,7.46,14.33,4.38,1.24,5.0,YAHOO,-0.0655,1.8078,-1.3143,0.059076,3.5525,-0.6522,82.21,2026-10-20,39,,,yahoo,1.0,0.0,1.0,0.0,0.0,1.0,1.0,0.0,1.0,-1.9844,-7.7504,5.8195,4.9282,21.0624,25.365,181.8539,182.979,182.979,-9.2843,-9.8421,-9.8421
PAC,203.4600067138672,203.46,2026-09-11,False,201.93499755859375,204.49000549316406,-0.54,-19.77,BAJO,12106241024.0,18.67,16.06,566.28,28.03,10.47,44.16,30.83,56.98,80.55,1.18,0.74,7.0,YAHOO,-0.0655,1.8078,-1.3143,0.059076,3.5525,-0.6522,82.21,2026-10-19,38,,,yahoo,1.0,1.0,1.0,1.0,0.0,1.0,1.0,0.0,1.0,-2.3189,-5.3014,-9.9535,-11.466,20.5665,27.0665,214.87,254.56,300.41,-5.3102,-20.0738,-32.2726
GT,5.369999885559082,5.37,2026-09-11,False,5.349999904632568,5.710000038146973,-3.07,-36.28,BAJO,1546016256.0,,9.52,0.54,-61.53,0.51,-0.96,-14.37,32.16,9.22,2.74,1.09,5.0,YAHOO,-0.0655,1.8078,-1.3143,0.059076,3.5525,-0.6522,82.21,2026-11-03,53,,,yahoo,0.0,0.0,1.0,1.0,1.0,1.0,0.0,0.0,1.0,-12.1113,-12.6829,-19.3694,-10.3506,31.2869,49.991,6.35,7.45,10.54,-15.4331,-27.9195,-49.0512
BA,210.4499969482422,210.45,2026-09-11,False,207.22000122070312,211.6199951171875,2.76,-3.28,BAJO,166333366272.0,75.43,51.45,27.27,173.54,-1.98,0.0,2.59,3.38,-67.39,7.91,1.14,6.0,YAHOO,-0.0655,1.8078,-1.3143,0.059076,3.5525,-0.6522,82.21,2026-10-28,47,,,yahoo,1.0,1.0,1.0,0.0,1.0,0.0,0.0,1.0,1.0,-0.0285,0.2668,-3.0676,-5.0444,32.749,32.8637,231.67,240.19,252.15,-9.1596,-12.3819,-16.5378
HON,202.36000061035156,202.36,2026-09-11,False,201.5399932861328,204.1999969482422,0.09,-1.99,BAJO,64135979008.0,7.78,20.34,3.46,46.58,5.72,20.25,21.58,4.07,10.59,1.85,1.21,5.0,YAHOO,-0.0655,1.8078,-1.3143,0.059076,3.5525,-0.6522,82.21,2026-10-22,41,,,yahoo,1.0,0.0,1.0,1.0,0.0,0.0,1.0,0.0,1.0,-2.5382,-8.181,-8.8525,-11.6789,11.9742,31.4701,233.96,248.0457,257.9406,-13.5066,-18.4183,-21.5478
MOS,25.190000534057617,25.19,2026-09-11,False,25.049999237060547,25.979999542236328,-0.83,-21.4,BAJO,8007791616.0,,16.09,0.7,-5.07,1.24,-0.12,-5.21,-9.32,8.16,0.52,1.34,7.0,YAHOO,-0.0655,1.8078,-1.3143,0.059076,3.5525,-0.6522,82.21,2026-11-03,53,,,yahoo,1.0,1.0,1.0,1.0,0.0,1.0,0.0,1.0,1.0,-0.3404,6.9159,10.7377,20.4515,33.6903,40.0788,26.3073,26.3073,34.6571,-4.2472,-4.2472,-27.3165
BG,122.41000366210938,122.41,2026-09-11,False,121.80000305175781,124.91999816894531,-1.75,54.28,BAJO,23517302784.0,26.44,10.79,1.47,7.18,3.47,4.62,1.1,-27.53,13.33,0.98,1.57,3.0,YAHOO,-0.0655,1.8078,-1.3143,0.059076,3.5525,-0.6522,82.21,2026-11-04,54,,,yahoo,1.0,0.0,1.0,1.0,0.0,0.0,0.0,0.0,0.0,1.9064,9.7159,5.6176,-1.6748,41.4461,34.9594,124.59,124.59,130.5866,-1.7497,-1.7497,-6.2615
RKLB,62.95000076293945,62.95,2026-09-11,False,62.06999969482422,64.88999938964844,1.6,31.04,BAJO,40250925056.0,,1381.69,10.78,-7.92,-4.62,-24.57,-21.51,-0.63,-231.9,0.04,5.48,5.0,YAHOO,-0.0655,1.8078,-1.3143,0.059076,3.5525,-0.6522,82.21,2026-11-09,59,,,yahoo,0.0,1.0,0.0,1.0,1.0,1.0,0.0,1.0,0.0,-1.3478,-6.7822,-20.1243,-45.1559,49.4301,80.8118,82.08,107.98,150.23,-23.3065,-41.7022,-58.0976
ONDS,7.230000019073486,7.23,2026-09-11,False,7.179999828338623,7.320000171661377,-0.28,13.68,BAJO,4131617280.0,,-361.5,2.44,19.32,-8.37,-166.3,96.25,-1.67,-15.5,0.03,9.85,5.0,YAHOO,-0.0655,1.8078,-1.3143,0.059076,3.5525,-0.6522,82.21,2026-11-12,62,2026-08-13,29.0,yahoo,0.0,1.0,0.0,1.0,1.0,1.0,0.0,1.0,0.0,-5.2425,-17.3714,-1.7663,-26.4496,32.3882,83.7413,9.24,9.77,14.01,-21.7532,-25.998,-48.394
SMSN.IL,4848.0,4848.0,2026-09-09,False,4776.0,5010.0,-2.81,273.74,BAJO,1341689205504.0,51.2,78.73,0.0,10.64,2.3,6.08,13.13,-1003.21,-1.44,0.03,2.88,6.0,YAHOO,-0.0655,1.8078,-1.3143,0.059076,3.5525,-0.6522,82.21,2026-10-28,47,,,yahoo,1.0,1.0,1.0,1.0,0.0,0.0,0.0,1.0,1.0,4.5729,3.5897,0.2896,-4.26,66.5749,83.0132,5075.0,6002.5513,6002.5513,-4.4729,-19.2343,-19.2343
ADS.DE,142.6999969482422,142.7,2026-09-09,False,139.35000610351562,144.64999389648438,-2.56,-17.43,BAJO,24990226432.0,18.28,12.25,4.2,24.32,6.7,8.51,5.3,3.81,11.19,0.94,1.39,6.0,YAHOO,-0.0655,1.8078,-1.3143,0.059076,3.5525,-0.6522,82.21,2026-10-29,48,,,yahoo,1.0,1.0,1.0,0.0,0.0,1.0,0.0,1.0,1.0,-4.5804,-5.3086,-22.2767,-19.0814,18.6711,36.0173,159.25,187.9,191.3097,-10.3925,-24.0553,-25.4089
BAYN.DE,48.70000076293945,48.7,2026-09-09,False,48.31999969482422,49.529998779296875,-1.14,75.3,BAJO,47323365376.0,,9.98,1.6,-5.69,3.18,9.19,-3.83,13.87,7.97,1.29,1.04,6.0,YAHOO,-0.0655,1.8078,-1.3143,0.059076,3.5525,-0.6522,82.21,2026-11-03,53,,,yahoo,0.0,0.0,1.0,1.0,1.0,0.0,1.0,1.0,1.0,-0.976,-0.8349,-2.4439,34.5676,16.5754,49.2856,49.41,53.36,53.36,-1.437,-8.7331,-8.7331
RIOT,21.469999313354492,21.47,2026-09-11,False,20.950000762939453,22.049999237060547,2.48,38.25,BAJO,8056809472.0,,-22.96,3.7,-48.24,-21.2,-122.33,-196.28,-8.92,-9.41,0.4,1.58,2.0,YAHOO,-0.0655,1.8078,-1.3143,0.059076,3.5525,-0.6522,82.21,2026-10-29,48,,,yahoo,0.0,0.0,0.0,0.0,0.0,0.0,0.0,1.0,1.0,1.561,2.8257,6.3398,-17.8653,55.4842,96.2021,22.26,28.69,28.69,-3.549,-25.1656,-25.1656
OKLO,36.220001220703125,36.22,2026-09-11,False,36.20000076293945,39.20000076293945,-9.18,-53.65,BAJO,6737559552.0,,-35.82,2.05,-7.7,-6.65,-6048.76,0.0,-3.55,-22.87,0.0,48.46,4.0,YAHOO,-0.0655,1.8078,-1.3143,0.059076,3.5525,-0.6522,82.21,2026-11-10,60,,,yahoo,0.0,1.0,0.0,1.0,1.0,1.0,0.0,0.0,0.0,-9.0863,-14.8366,-21.6696,-37.4006,97.8229,83.44,44.38,61.17,174.14,-18.3867,-40.788,-79.2006
SATL,4.789999961853027,4.79,2026-09-11,False,4.684999942779541,4.960000038146973,1.91,29.14,BAJO,736414144.0,,-159.67,21.77,,-9.86,1.67,0.0,-2.56,-45.35,2.85,2.34,4.0,YAHOO,-0.0655,1.8078,-1.3143,0.059076,3.5525,-0.6522,82.21,2026-11-12,62,,,yahoo,0.0,1.0,0.0,0.0,1.0,1.0,0.0,1.0,0.0,3.4557,-9.7928,11.1369,-36.3032,161.7324,103.3823,5.81,6.17,10.74,-17.5559,-22.3663,-55.4004
JMIA,7.449999809265137,7.45,2026-09-11,False,7.335000038146973,7.590000152587891,2.34,-22.37,BAJO,995512512.0,,-21.91,1064.29,-216.21,-25.23,-23.8,-27.54,-2.79,-16.21,37.95,0.88,3.0,YAHOO,-0.0655,1.8078,-1.3143,0.059076,3.5525,-0.6522,82.21,2026-11-11,61,2026-08-12,30.0,yahoo,0.0,1.0,0.0,1.0,0.0,0.0,0.0,0.0,1.0,4.782,5.3748,8.7591,3.9052,49.9599,54.8725,7.52,7.52,14.6,-0.9309,-0.9309,-48.9726
LAR,5.849999904632568,5.85,2026-09-11,False,5.840000152587891,6.46999979019165,-8.74,88.56,BAJO,959984960.0,,17.09,1.22,-6.58,-2.05,0.0,0.0,-1.7,-31.27,0.3,0.47,1.0,YAHOO,-0.0655,1.8078,-1.3143,0.059076,3.5525,-0.6522,82.21,2026-11-09,59,,,yahoo,0.0,0.0,0.0,1.0,0.0,0.0,0.0,0.0,0.0,-14.2229,-15.3401,-19.0871,-35.0,67.5075,64.8978,6.91,9.5,11.79,-15.3401,-38.4211,-50.3817
NG,7.5,7.5,2026-09-11,False,7.400000095367432,8.085000038146973,-1.45,8.51,BAJO,3290854656.0,,-31.83,7.81,-24.63,-4.36,0.0,0.0,-0.73,-97.12,0.41,112.82,4.0,YAHOO,-0.0655,1.8078,-1.3143,0.059076,3.5525,-0.6522,82.21,2026-09-30,19,,,yahoo,0.0,1.0,0.0,1.0,1.0,1.0,0.0,0.0,0.0,-9.8558,-17.7632,27.1186,6.082,55.7765,77.5456,9.77,9.77,14.2,-23.2344,-23.2344,-47.1831
PBI,17.059999465942383,17.06,2026-09-11,False,16.924999237060547,17.239999771118164,0.53,54.87,BAJO,2338758912.0,13.87,9.37,-2.71,,8.41,21.68,10.04,10.0,8.04,,0.73,7.0,YAHOO,-0.0655,1.8078,-1.3143,0.059076,3.5525,-0.6522,82.21,2026-11-05,55,,,yahoo,1.0,1.0,1.0,1.0,0.0,0.0,1.0,1.0,1.0,-2.9579,-1.216,-3.4412,0.1079,24.8986,28.7402,17.58,18.4037,18.4037,-2.9579,-7.3015,-7.3015
AXIA,9.529999732971191,9.53,2026-08-14,False,9.267999649047852,9.600000381469727,-0.31,-1.59,BAJO,23290886144.0,10.02,10.99,1.22,10.01,3.05,43.79,27.05,16.97,4.39,0.63,2.05,6.0,YAHOO,-0.0655,1.8078,-1.3143,0.059076,3.5525,-0.6522,82.21,2026-11-04,54,,,yahoo,1.0,0.0,1.0,1.0,0.0,0.0,1.0,1.0,1.0,-2.6558,,,,59.054,,,,,,,
TEM,59.0099983215332,59.01,2026-09-11,False,58.47999954223633,60.380001068115234,0.46,-32.47,BAJO,10647454720.0,,14752.5,23.88,-67.44,-8.55,-20.11,-17.77,-0.88,-58.31,3.25,3.3,4.0,YAHOO,-0.0655,1.8078,-1.3143,0.059076,3.5525,-0.6522,82.21,2026-11-03,53,,,yahoo,0.0,1.0,0.0,1.0,0.0,1.0,0.0,1.0,0.0,-8.738,-16.5229,0.5795,18.9958,40.8529,89.4555,72.69,72.69,103.25,-18.8197,-18.8197,-42.8475
MRSH,176.91000366210938,176.91,2026-09-11,False,175.5225067138672,179.00999450683594,-0.21,-10.2,BAJO,84423442432.0,21.6,15.5,5.57,25.9,7.24,26.32,14.24,5.67,13.6,1.45,1.14,6.0,YAHOO,-0.0655,1.8078,-1.3143,0.059076,3.5525,-0.6522,82.21,2026-10-15,34,,,yahoo,1.0,0.0,1.0,1.0,1.0,0.0,1.0,0.0,1.0,-6.1286,-6.8895,-0.0782,5.8048,23.1563,28.4637,194.67,197.59,203.7672,-9.1231,-10.4661,-13.1803
CEPU,14.130000114440918,14.13,2026-09-11,False,14.005000114440918,14.920000076293945,-2.42,58.41,BAJO,2119305600.0,6.54,8.42,1.08,19.03,7.21,24.84,28.78,-1979.49,1.24,0.33,1.28,7.0,YAHOO,-0.0655,1.8078,-1.3143,0.059076,3.5525,-0.6522,82.21,2026-11-11,61,,,yahoo,1.0,1.0,1.0,1.0,0.0,1.0,1.0,0.0,1.0,0.7128,4.4346,-4.9765,-11.4662,31.1195,38.7669,14.48,15.71,17.95,-2.4171,-10.0573,-21.2813
BMA,77.81999969482422,77.82,2026-09-11,False,76.94499969482422,79.26000213623047,-1.28,76.16,BAJO,4975735296.0,19.65,6.89,1.2,5.36,1.31,26.07,8.39,,,,,5.0,YAHOO,-0.0655,1.8078,-1.3143,0.059076,3.5525,-0.6522,82.21,2026-11-25,75,2026-08-19,23.0,yahoo,,,,,,,,,,-1.7176,1.2358,-15.5599,-20.0411,15.7583,45.1611,79.18,101.0828,101.1279,-1.7176,-23.0136,-23.0479
SUPV,8.5,8.5,2026-09-11,False,8.4399995803833,8.781700134277344,-2.63,44.64,BAJO,803319744.0,,6.93,0.95,-8.01,-1.15,3.31,-11.23,,,,,2.0,YAHOO,-0.0655,1.8078,-1.3143,0.059076,3.5525,-0.6522,82.21,2026-11-17,67,,,yahoo,0.0,0.0,1.0,1.0,0.0,0.0,0.0,0.0,0.0,-3.1891,1.1905,-11.9171,-21.9467,22.6471,56.9663,8.86,11.38,12.86,-4.0632,-25.3076,-33.9036
PAMP,5525.0,5525.0,2026-09-11,False,5500.0,5645.0,-2.3,55.07,BAJO,,,,,,,,,,,,,,YAHOO,-0.0655,1.8078,-1.3143,0.059076,3.5525,-0.6522,82.21,,999,,,none,,,,,,,,,,2.9823,6.7633,5.4389,8.1213,37.5728,24.8349,5655.0,5655.0,5655.0,-2.2989,-2.2989,-2.2989
EDN,24.479999542236328,24.48,2026-09-11,False,24.370500564575195,25.188600540161133,-2.35,36.84,BAJO,,7.31,17.98,0.59,9.59,3.09,5.14,7.2,,0.83,0.62,1.46,6.0,YAHOO,-0.0655,1.8078,-1.3143,0.059076,3.5525,-0.6522,82.21,2026-11-06,56,,,yahoo,1.0,0.0,1.0,0.0,0.0,1.0,1.0,1.0,1.0,0.0818,3.5095,-2.8571,-13.7117,24.0341,45.5084,25.07,27.86,35.71,-2.3534,-12.1321,-31.4478
TGS,29.65999984741211,29.66,2026-09-11,False,29.6299991607666,30.635000228881836,-3.51,32.24,BAJO,4465378304.0,13.01,11.33,1.9,15.98,9.91,40.71,28.02,8045.17,-0.48,0.43,3.67,6.0,YAHOO,-0.0655,1.8078,-1.3143,0.059076,3.5525,-0.6522,82.21,2026-11-03,53,,,yahoo,1.0,0.0,1.0,1.0,0.0,1.0,1.0,1.0,0.0,2.772,3.8879,-5.3304,-11.0911,45.5492,35.1746,30.74,31.83,35.32,-3.5133,-6.8175,-16.0249
TEO,13.25,13.25,2026-09-11,False,13.199999809265137,13.99209976196289,-2.14,79.63,BAJO,,10.86,13.98,0.97,10.83,3.12,13.95,8.91,,1.98,0.67,0.58,6.0,YAHOO,-0.0655,1.8078,-1.3143,0.059076,3.5525,-0.6522,82.21,2026-11-09,59,,,yahoo,,,,,,,,,,2.1588,1.6884,-4.3321,-17.0839,39.6828,33.7267,13.55,14.57,15.98,-2.214,-9.0597,-17.0839
IRS,15.539999961853027,15.54,2026-09-11,False,15.399999618530273,15.699999809265137,-0.19,24.79,BAJO,1314676224.0,4.65,60.0,0.84,22.48,4.07,44.36,72.51,13109.0,3.93,0.45,0.6,2.0,YAHOO,-0.0655,1.8078,-1.3143,0.059076,3.5525,-0.6522,82.21,2026-11-04,54,2026-08-31,11.0,yahoo,1.0,0.0,1.0,0.0,0.0,0.0,0.0,0.0,0.0,3.0504,4.1555,1.1719,-8.0473,19.3305,25.8195,15.57,16.62,18.41,-0.1927,-6.4982,-15.5894
CRES,1946.0,1946.0,2026-09-11,False,1941.0,2015.0,-3.23,63.0,BAJO,,,,,,,,,,,,,,YAHOO,-0.0655,1.8078,-1.3143,0.059076,3.5525,-0.6522,82.21,,999,,,none,,,,,,,,,,2.1522,10.0679,12.9425,7.8714,66.312,34.8485,2011.0,2011.0,2120.0,-3.2322,-3.2322,-8.2075
LOMA,9.75,9.75,2026-09-11,False,9.640000343322754,10.104999542236328,-3.37,24.48,BAJO,1137792128.0,39.0,12.67,1.33,3.82,2.65,6.84,5.13,-3023.13,1.63,0.24,2.25,5.0,YAHOO,-0.0655,1.8078,-1.3143,0.059076,3.5525,-0.6522,82.21,2026-11-05,55,,,yahoo,1.0,0.0,1.0,1.0,0.0,1.0,1.0,0.0,0.0,-3.8462,0.8273,-14.248,-22.5576,23.0329,39.5041,10.41,12.2,13.12,-6.3401,-20.082,-25.686
GLOB,37.75,37.75,2026-09-11,False,36.45000076293945,37.93000030517578,2.86,-34.41,BAJO,1630028288.0,14.75,6.08,0.77,5.48,4.67,4.86,4.63,,5.18,0.24,1.84,4.0,YAHOO,-0.0655,1.8078,-1.3143,0.059076,3.5525,-0.6522,82.21,2026-11-19,69,2026-08-13,29.0,yahoo,1.0,0.0,1.0,1.0,0.0,0.0,1.0,0.0,0.0,-6.4436,-6.0244,22.0893,3.6518,58.7641,65.7531,40.71,40.99,71.21,-7.2709,-7.9044,-46.9878
BBAR,14.890000343322754,14.89,2026-09-11,False,14.739999771118164,15.53499984741211,-2.93,59.13,BAJO,3041084416.0,13.54,13.55,1.1,8.12,1.24,19.02,8.62,,,,,4.0,YAHOO,-0.0655,1.8078,-1.3143,0.059076,3.5525,-0.6522,82.21,2026-11-24,74,2026-08-27,15.0,yahoo,1.0,0.0,1.0,1.0,0.0,0.0,1.0,0.0,0.0,-1.3254,1.9863,-25.4363,-25.6097,33.0275,52.8004,15.34,21.7253,21.7253,-2.9335,-31.4624,-31.4624
LND,3.7100000381469727,3.71,2026-09-11,False,3.7100000381469727,3.8090999126434326,-2.88,-2.57,BAJO,,,,0.92,-4.28,-0.88,4.64,-10.07,,60.72,0.71,1.54,2.0,YAHOO,-0.0655,1.8078,-1.3143,0.059076,3.5525,-0.6522,82.21,2026-11-05,55,2026-09-03,8.0,finnhub,0.0,0.0,1.0,1.0,0.0,0.0,0.0,0.0,0.0,-4.1344,0.0,0.0,-0.8021,26.5402,21.4101,3.87,3.87,4.37,-4.1344,-4.1344,-15.103
AGRO,11.770000457763672,11.77,2026-09-11,False,11.680000305175781,12.170000076293945,-4.54,45.51,BAJO,1698504832.0,30.97,8.52,0.98,3.69,2.47,17.0,3.0,-7.56,9.14,1.24,1.73,2.0,YAHOO,-0.0655,1.8078,-1.3143,0.059076,3.5525,-0.6522,82.21,2026-11-11,61,,,yahoo,0.0,0.0,1.0,1.0,0.0,0.0,0.0,0.0,0.0,1.4655,10.1029,12.7395,0.6844,58.601,49.3966,12.46,12.46,15.18,-5.5377,-5.5377,-22.4638
USB,62.84000015258789,62.84,2026-09-11,False,62.2599983215332,63.36000061035156,0.69,33.55,BAJO,97907957760.0,12.54,10.86,1.61,12.62,1.16,39.65,29.9,,,,,6.0,YAHOO,-0.0655,1.8078,-1.3143,0.059076,3.5525,-0.6522,82.21,2026-10-15,34,,,yahoo,1.0,1.0,1.0,1.0,0.0,0.0,1.0,0.0,1.0,-1.0861,0.7051,1.1265,9.9736,15.4349,19.217,65.42,65.42,65.42,-3.9437,-3.9437,-3.9437
IBKR,91.37000274658203,91.37,2026-09-11,False,89.44999694824219,92.30999755859375,2.18,45.93,BAJO,155677638656.0,36.26,28.68,6.97,24.02,2.28,76.53,16.47,,,2.06,1.09,4.0,YAHOO,-0.0655,1.8078,-1.3143,0.059076,3.5525,-0.6522,82.21,2026-10-20,39,,,yahoo,1.0,0.0,1.0,1.0,0.0,0.0,0.0,1.0,0.0,-1.6998,-5.2794,-4.3482,2.9525,27.4675,42.5732,98.1012,98.1012,98.1012,-6.8615,-6.8615,-6.8615
DAL,79.91000366210938,79.91,2026-09-11,False,79.08999633789062,80.22899627685547,2.13,34.72,BAJO,52550660096.0,13.25,9.34,2.4,20.12,4.02,7.92,5.78,5.36,9.15,0.97,0.42,6.0,YAHOO,-0.0655,1.8078,-1.3143,0.059076,3.5525,-0.6522,82.21,2026-10-08,27,,,yahoo,1.0,1.0,1.0,1.0,1.0,1.0,0.0,0.0,0.0,1.473,-1.5159,-6.5489,-2.1052,24.7684,31.5064,89.35,93.4293,93.4293,-10.5652,-14.4701,-14.4701
BIIB,217.14999389648438,217.15,2026-09-11,False,214.71249389648438,219.74000549316406,0.8,46.96,BAJO,32084781056.0,38.64,13.13,1.7,4.58,5.21,25.06,8.32,3.95,11.58,0.44,1.86,4.0,YAHOO,-0.0655,1.8078,-1.3143,0.059076,3.5525,-0.6522,82.21,2026-10-29,48,,,yahoo,1.0,0.0,1.0,1.0,0.0,1.0,0.0,0.0,0.0,-3.2783,-1.9639,13.1284,8.5967,40.899,39.6293,224.51,224.51,224.51,-3.2783,-3.2783,-3.2783
SYY,83.20999908447266,83.21,2026-09-11,False,82.94999694824219,84.69000244140625,1.09,6.65,BAJO,39865577472.0,22.73,15.28,14.94,77.69,7.97,4.84,2.08,4.8,11.73,5.65,1.28,6.0,YAHOO,-0.0655,1.8078,-1.3143,0.059076,3.5525,-0.6522,82.21,2026-11-03,53,,,yahoo,1.0,0.0,1.0,1.0,1.0,1.0,0.0,1.0,0.0,2.627,0.9218,0.4345,5.1752,15.7952,18.6058,84.1,85.32,89.8822,-1.0583,-2.473,-7.4232
MDT,90.95999908447266,90.96,2026-09-11,False,90.26000213623047,93.0,-0.72,0.71,BAJO,116350386176.0,22.4,14.21,2.32,10.65,5.12,19.33,13.93,4.65,13.18,0.55,2.07,7.0,YAHOO,-0.0655,1.8078,-1.3143,0.059076,3.5525,-0.6522,82.21,2026-11-17,67,2026-09-01,10.0,yahoo,1.0,1.0,1.0,1.0,0.0,1.0,1.0,0.0,1.0,-2.2986,1.1004,14.7037,14.2546,11.2362,26.5719,94.17,94.17,102.8065,-3.4087,-3.4087,-11.5231
MS,214.3800048828125,214.38,2026-09-11,False,211.23500061035156,217.75999450683594,0.81,41.17,BAJO,336698015744.0,17.32,15.71,3.16,17.97,1.34,41.57,25.9,,,5.17,2.0,3.0,YAHOO,-0.0655,1.8078,-1.3143,0.059076,3.5525,-0.6522,82.21,2026-10-14,33,,,yahoo,1.0,1.0,0.0,0.0,0.0,0.0,1.0,0.0,0.0,-1.2756,-0.2234,-5.319,1.3637,13.7766,28.1492,218.21,227.2988,227.2988,-1.7552,-5.6836,-5.6836
O,59.5,59.5,2026-09-11,False,59.18199920654297,59.849998474121094,-0.12,5.36,BAJO,56299974656.0,43.43,38.31,1.42,3.23,2.36,46.97,20.9,2.81,16.7,0.75,1.53,5.0,YAHOO,-0.0655,1.8078,-1.3143,0.059076,3.5525,-0.6522,82.21,2026-11-02,52,,,yahoo,1.0,1.0,1.0,1.0,0.0,0.0,0.0,0.0,1.0,-3.6281,-3.2989,-5.8904,-2.6444,9.6491,16.4157,62.8938,65.1872,65.8234,-5.3961,-8.7244,-9.6066
DOW,29.030000686645508,29.03,2026-09-11,False,28.71500015258789,29.690000534057617,-2.06,22.82,BAJO,20969551872.0,,16.09,1.32,-5.54,1.3,11.59,-3.13,1.13,9.62,1.12,1.75,3.0,YAHOO,-0.0655,1.8078,-1.3143,0.059076,3.5525,-0.6522,82.21,2026-10-22,41,,,yahoo,0.0,0.0,1.0,1.0,0.0,1.0,0.0,0.0,0.0,-4.3808,-3.1754,-3.1116,-12.6765,20.4008,37.3063,32.5226,32.5226,40.973,-10.7389,-10.7389,-29.1485
AVY,169.3800048828125,169.38,2026-09-11,False,168.8300018310547,171.66000366210938,0.36,3.85,BAJO,12836996096.0,18.51,15.14,5.53,31.16,8.39,13.59,7.62,7.83,10.86,1.59,1.13,5.0,YAHOO,-0.0655,1.8078,-1.3143,0.059076,3.5525,-0.6522,82.21,2026-10-21,40,,,yahoo,1.0,0.0,1.0,1.0,0.0,1.0,1.0,0.0,0.0,-2.1095,-4.4721,8.4019,7.3161,19.0426,27.7696,182.6485,182.6485,194.0973,-7.2645,-7.2645,-12.7345
SWKS,88.3499984741211,88.35,2026-09-11,False,83.94999694824219,92.30000305175781,5.14,23.2,BAJO,13294270464.0,45.78,17.8,2.32,5.09,3.44,8.82,7.23,3.38,14.23,0.12,3.1,6.0,YAHOO,-0.0655,1.8078,-1.3143,0.059076,3.5525,-0.6522,82.21,2026-11-03,53,,,yahoo,1.0,0.0,1.0,1.0,1.0,0.0,1.0,0.0,1.0,23.5664,31.1609,56.1506,21.4767,60.9223,51.2289,88.35,88.35,88.35,0.0,0.0,0.0
IP,34.36000061035156,34.36,2026-09-11,False,34.209999084472656,35.119998931884766,0.2,-21.44,BAJO,18196021248.0,,11.43,1.26,-16.48,1.59,2.3,-14.21,9.05,6.95,0.69,1.1,4.0,YAHOO,-0.0655,1.8078,-1.3143,0.059076,3.5525,-0.6522,82.21,2026-10-28,47,,,yahoo,0.0,0.0,1.0,1.0,1.0,0.0,0.0,1.0,0.0,-5.708,-13.8415,-4.791,-0.5686,35.8016,42.9642,41.49,43.5936,47.4479,-17.1849,-21.181,-27.5837
LVS,42.83000183105469,42.83,2026-09-11,False,42.5,43.095001220703125,0.54,-18.96,BAJO,27741042688.0,16.6,12.2,47.75,122.87,9.55,19.66,12.59,7.98,8.62,17.04,1.0,8.0,YAHOO,-0.0655,1.8078,-1.3143,0.059076,3.5525,-0.6522,82.21,2026-10-21,40,,,yahoo,1.0,1.0,1.0,1.0,0.0,1.0,1.0,1.0,1.0,-3.7744,-3.1872,-3.7439,-14.832,15.9306,25.1405,47.27,49.5536,68.2933,-9.3928,-13.5683,-37.2852
KLAC,180.63999938964844,180.64,2026-09-11,False,177.00999450683594,182.39999389648438,1.95,90.39,BAJO,236014616576.0,49.22,26.94,37.18,87.5,20.8,42.49,35.57,1.11,39.22,0.97,2.88,7.0,YAHOO,-0.0655,1.8078,-1.3143,0.059076,3.5525,-0.6522,82.21,2026-10-28,47,,,yahoo,1.0,1.0,1.0,0.0,1.0,1.0,1.0,1.0,0.0,4.4524,-1.7032,-21.4984,-25.012,46.38,76.9264,205.76,301.3694,301.3694,-12.2084,-40.0603,-40.0603
DECK,81.2699966430664,81.27,2026-09-11,False,81.12000274658203,81.98999786376953,1.74,-29.99,BAJO,11067498496.0,11.56,9.76,4.83,42.56,20.32,15.23,18.36,7.87,7.36,0.21,2.75,6.0,YAHOO,-0.0655,1.8078,-1.3143,0.059076,3.5525,-0.6522,82.21,2026-10-22,41,,,yahoo,1.0,1.0,1.0,1.0,0.0,0.0,1.0,0.0,1.0,-3.8225,-5.8612,-23.7617,-28.9412,39.3201,38.8895,93.09,109.11,120.94,-12.6974,-25.5155,-32.8014
IFF,83.61000061035156,83.61,2026-09-11,False,83.55999755859375,84.80500030517578,-0.52,30.12,BAJO,21333088256.0,,21.11,1.53,-5.55,2.27,8.49,2.57,-8.07,14.17,0.45,2.06,5.0,YAHOO,-0.0655,1.8078,-1.3143,0.059076,3.5525,-0.6522,82.21,2026-11-03,53,,,yahoo,0.0,0.0,1.0,1.0,1.0,0.0,0.0,1.0,1.0,-3.2963,-3.7306,11.9727,8.4403,8.4654,33.8061,87.95,88.07,88.07,-4.9346,-5.0642,-5.0642
SNA,374.8299865722656,374.83,2026-09-10,False,372.3999938964844,387.5199890136719,-0.69,19.83,BAJO,19420432384.0,19.16,17.6,3.21,17.93,9.85,25.4,19.6,5.71,13.48,0.22,3.43,6.0,YAHOO,-0.0655,1.8078,-1.3143,0.059076,3.5525,-0.6522,82.21,2026-10-15,34,,,yahoo,1.0,0.0,1.0,1.0,1.0,1.0,1.0,0.0,0.0,-1.5134,-5.6984,-5.972,-0.342,3.4191,19.2089,402.135,416.7245,416.7245,-6.79,-10.0533,-10.0533
NUE,255.4600067138672,255.46,2026-09-10,False,252.00999450683594,256.7799987792969,-0.95,83.53,BAJO,58858356736.0,20.72,13.28,2.66,14.55,7.32,15.67,7.99,1.16,11.18,0.31,2.51,6.0,YAHOO,-0.0655,1.8078,-1.3143,0.059076,3.5525,-0.6522,82.21,2026-10-26,45,,,yahoo,1.0,0.0,1.0,1.0,0.0,1.0,1.0,0.0,1.0,-3.2238,1.0522,9.6395,2.2346,15.6979,36.7582,272.68,274.74,274.74,-6.3151,-7.0175,-7.0175
PLD,134.41000366210938,134.41,2026-09-10,False,134.32000732421875,136.47999572753906,-0.92,26.1,BAJO,131961405440.0,30.23,39.87,2.36,7.75,2.52,43.03,43.58,4.1,24.71,0.64,0.65,4.0,YAHOO,-0.0655,1.8078,-1.3143,0.059076,3.5525,-0.6522,82.21,2026-10-15,34,,,yahoo,1.0,0.0,1.0,1.0,0.0,0.0,0.0,0.0,1.0,-1.596,-5.7367,-5.4516,-7.1239,18.7295,23.7698,143.36,150.06,150.06,-6.243,-10.4292,-10.4292
EFX,168.0399932861328,168.04,2026-09-10,False,166.32000732421875,171.77999877929688,-0.03,-29.72,BAJO,19854948352.0,29.65,16.61,4.54,14.27,6.16,17.3,10.73,4.77,13.14,1.21,0.6,8.0,YAHOO,-0.0655,1.8078,-1.3143,0.059076,3.5525,-0.6522,82.21,2026-10-20,39,,,yahoo,1.0,1.0,1.0,1.0,1.0,0.0,1.0,1.0,1.0,-9.4026,-11.563,-2.3663,1.4848,41.9979,45.8771,194.0692,194.0692,259.3654,-13.4123,-13.4123,-35.2111
DE,677.9400024414062,677.94,2026-09-10,False,671.4000244140625,682.0,0.11,46.69,BAJO,182196666368.0,37.6,29.79,6.51,18.24,3.76,17.48,10.17,2.48,25.8,3.76,2.13,5.0,YAHOO,-0.0655,1.8078,-1.3143,0.059076,3.5525,-0.6522,82.21,2026-11-25,75,2026-08-20,22.0,yahoo,1.0,0.0,1.0,1.0,0.0,1.0,1.0,0.0,0.0,-2.9254,6.8396,15.7605,21.3637,13.8493,34.9339,698.37,698.37,698.37,-2.9254,-2.9254,-2.9254
DHR,200.52999877929688,200.53,2026-09-10,False,200.33999633789062,203.10000610351562,-2.11,5.95,BAJO,140695633920.0,35.68,21.53,2.68,7.61,3.95,19.78,15.95,3.07,20.45,0.53,1.65,5.0,YAHOO,-0.0655,1.8078,-1.3143,0.059076,3.5525,-0.6522,82.21,2026-10-20,39,,,yahoo,1.0,0.0,1.0,1.0,0.0,1.0,1.0,0.0,0.0,-4.4686,-6.8861,0.1848,9.4298,12.9529,39.4744,218.85,218.85,241.0351,-8.371,-8.371,-16.8046
LIN,461.6199951171875,461.62,2026-09-10,False,460.20001220703125,467.1300048828125,-1.08,0.04,BAJO,214918168576.0,30.06,23.84,5.5,18.4,7.16,28.12,20.43,1.94,17.18,0.69,0.88,5.0,YAHOO,-0.0655,1.8078,-1.3143,0.059076,3.5525,-0.6522,82.21,2026-10-30,49,,,yahoo,1.0,0.0,1.0,1.0,0.0,0.0,1.0,1.0,0.0,-4.9871,-5.5452,-11.6246,-9.0384,10.1759,20.9921,488.7206,544.8458,544.8458,-5.5452,-15.2751,-15.2751
SPGI,410.4200134277344,410.42,2026-09-10,False,410.260009765625,420.20001220703125,-1.9,-17.87,BAJO,121077309440.0,25.01,20.31,3.84,14.26,7.03,44.79,30.54,4.5,16.92,0.43,0.95,7.0,YAHOO,-0.0655,1.8078,-1.3143,0.059076,3.5525,-0.6522,82.21,2026-10-29,48,,,yahoo,1.0,1.0,1.0,1.0,0.0,0.0,1.0,1.0,1.0,-4.9315,-5.9726,-6.0521,1.9719,11.4904,35.274,450.58,456.3554,516.5792,-8.913,-10.0657,-20.5504
TJX,126.41999816894531,126.42,2026-09-10,False,125.55999755859375,127.08000183105469,0.24,-7.45,BAJO,138618716160.0,23.34,21.83,13.39,62.17,13.54,10.91,9.73,3.17,16.5,1.34,1.15,7.0,YAHOO,-0.0655,1.8078,-1.3143,0.059076,3.5525,-0.6522,82.21,2026-11-18,68,2026-08-19,23.0,yahoo,1.0,1.0,1.0,1.0,1.0,0.0,1.0,1.0,0.0,-3.724,-7.608,-15.7518,-24.3595,21.7722,24.2782,153.81,165.7969,167.8803,-17.8077,-23.7501,-24.6964
JCI,142.80999755859375,142.81,2026-09-10,False,142.42999267578125,144.52000427246094,-1.46,34.31,BAJO,88444305408.0,41.01,24.13,6.56,14.33,5.4,15.88,14.32,3.37,22.5,0.7,1.0,6.0,YAHOO,-0.0655,1.8078,-1.3143,0.059076,3.5525,-0.6522,82.21,2026-11-04,54,,,yahoo,1.0,1.0,1.0,0.0,0.0,0.0,1.0,1.0,1.0,2.5566,-1.0531,-0.7782,2.7592,25.3586,29.6511,153.92,154.76,154.76,-7.218,-7.7216,-7.7216
ADP,267.3299865722656,267.33,2026-09-10,False,265.1499938964844,268.7300109863281,0.8,-4.97,BAJO,106569711616.0,24.54,20.02,17.69,72.24,6.25,23.46,20.11,4.92,16.82,0.91,1.05,6.0,YAHOO,-0.0655,1.8078,-1.3143,0.059076,3.5525,-0.6522,82.21,2026-10-28,47,,,yahoo,1.0,0.0,1.0,1.0,0.0,1.0,1.0,1.0,0.0,-4.9189,-4.9966,6.4848,16.5548,28.6137,30.8076,287.48,287.48,289.9717,-7.0092,-7.0092,-7.8083
ECL,271.6000061035156,271.6,2026-09-10,False,268.5199890136719,272.239990234375,-0.22,3.07,BAJO,77421150208.0,37.12,29.33,7.7,21.96,7.23,18.52,12.57,1.9,20.54,1.38,1.84,6.0,YAHOO,-0.0655,1.8078,-1.3143,0.059076,3.5525,-0.6522,82.21,2026-10-27,46,,,yahoo,1.0,0.0,1.0,1.0,1.0,0.0,1.0,1.0,0.0,-2.9653,-6.5382,-0.092,5.9731,15.8177,21.39,290.6,290.6,306.69,-6.5382,-6.5382,-11.4415
SHW,317.44000244140625,317.44,2026-09-10,False,315.4200134277344,320.0,-1.0,-9.29,BAJO,78486134784.0,29.88,23.77,20.24,65.12,9.52,18.12,11.01,3.19,19.7,3.9,0.73,6.0,YAHOO,-0.0655,1.8078,-1.3143,0.059076,3.5525,-0.6522,82.21,2026-10-27,46,,,yahoo,1.0,0.0,1.0,1.0,0.0,1.0,1.0,1.0,0.0,-4.1691,-8.9543,-3.2818,4.6934,18.5454,32.9026,360.7162,368.8774,369.9613,-11.9973,-13.9443,-14.1964
ROST,225.47999572753906,225.48,2026-09-10,False,222.72999572753906,228.4199981689453,0.09,53.4,BAJO,74017030144.0,27.87,25.8,10.94,42.63,12.78,13.58,10.85,2.7,20.28,0.7,1.61,6.0,YAHOO,-0.0655,1.8078,-1.3143,0.059076,3.5525,-0.6522,82.21,2026-11-19,69,2026-08-20,22.0,yahoo,1.0,0.0,1.0,1.0,1.0,0.0,1.0,0.0,1.0,-2.1374,-4.3824,2.9417,-2.5889,12.6229,28.0554,244.8867,254.7377,254.7377,-7.9248,-11.4854,-11.4854
VRTX,514.5599975585938,514.56,2026-09-10,False,514.3200073242188,522.5999755859375,-1.26,33.49,BAJO,130643902464.0,29.98,25.6,6.45,23.54,11.93,38.05,35.0,2.01,24.42,0.1,3.19,6.0,YAHOO,-0.0655,1.8078,-1.3143,0.059076,3.5525,-0.6522,82.21,2026-11-02,52,,,yahoo,1.0,1.0,1.0,0.0,0.0,1.0,1.0,1.0,0.0,-7.5779,-5.9804,7.1442,18.0969,13.513,31.1519,557.96,557.96,557.96,-7.7783,-7.7783,-7.7783
DD,127.31999969482422,127.32,2026-09-10,False,126.44000244140625,128.30999755859375,-0.47,36.69,BAJO,17149107200.0,54.5,15.94,1.25,1.79,2.07,14.24,0.79,10.7,11.84,0.23,2.43,6.0,YAHOO,-0.0655,1.8078,-1.3143,0.059076,3.5525,-0.6522,82.21,2026-11-05,55,,,yahoo,0.0,0.0,1.0,1.0,1.0,0.0,1.0,1.0,1.0,-4.2203,-7.3198,-3.6031,-5.4001,20.428,22.4974,145.6193,146.7245,152.6918,-12.5666,-13.2251,-16.6163
HOOD,113.33000183105469,113.33,2026-09-10,False,111.94999694824219,116.30000305175781,-1.69,-2.45,BAJO,101209694208.0,49.81,33.2,10.68,23.62,4.53,43.88,42.01,,,2.4,1.12,4.0,YAHOO,-0.0655,1.8078,-1.3143,0.059076,3.5525,-0.6522,82.21,2026-11-04,54,,,yahoo,1.0,0.0,1.0,0.0,0.0,0.0,0.0,1.0,1.0,5.9258,4.4131,3.1586,31.2297,16.5854,75.5997,124.72,124.72,152.46,-9.1325,-9.1325,-25.6658
GEV,923.9099731445312,923.91,2026-09-10,False,918.5999755859375,951.6060180664062,-2.85,44.95,BAJO,254953160704.0,27.41,37.97,21.32,82.58,2.54,7.47,23.04,6.17,60.66,0.28,0.85,7.0,YAHOO,-0.0655,1.8078,-1.3143,0.059076,3.5525,-0.6522,82.21,2026-10-28,47,,,yahoo,1.0,1.0,1.0,1.0,1.0,0.0,1.0,1.0,0.0,0.2137,-3.0616,-11.384,6.6074,42.3865,56.8525,1079.0,1174.86,1174.86,-14.3735,-21.36,-21.36
DELL,506.6199951171875,506.62,2026-09-10,False,506.25,530.510009765625,-5.35,313.34,BAJO,360690188288.0,33.04,19.79,-256.46,,8.64,12.02,7.52,1.67,21.69,,0.96,7.0,YAHOO,-0.0655,1.8078,-1.3143,0.059076,3.5525,-0.6522,82.21,2026-11-27,77,2026-09-01,10.0,yahoo,1.0,1.0,1.0,1.0,1.0,1.0,1.0,0.0,0.0,2.9297,9.2277,18.8118,37.2136,53.1509,79.2344,535.25,535.25,535.25,-5.3489,-5.3489,-5.3489
GLW,163.1199951171875,163.12,2026-09-10,False,162.8800048828125,168.49000549316406,-3.17,120.66,BAJO,143335014400.0,76.68,38.25,12.0,16.81,5.37,15.65,11.2,0.51,36.91,0.71,1.81,7.0,YAHOO,-0.0655,1.8078,-1.3143,0.059076,3.5525,-0.6522,82.21,2026-10-27,46,,,yahoo,1.0,1.0,1.0,1.0,1.0,0.0,0.0,1.0,1.0,13.1756,6.9689,-10.7492,-2.8203,75.7035,93.0836,172.8845,255.2094,255.2094,-5.648,-36.0839,-36.0839
WDC,460.92999267578125,460.93,2026-09-10,False,456.75,471.2300109863281,-4.43,387.05,BAJO,161226686464.0,16.61,14.08,22.45,130.85,20.76,43.61,72.95,1.41,32.14,13.44,1.33,6.0,YAHOO+FINNHUB,-0.0655,1.8078,-1.3143,0.059076,3.5525,-0.6522,82.21,2026-11-05,55,,,yahoo,1.0,1.0,1.0,0.0,0.0,1.0,0.0,1.0,1.0,2.7128,-1.664,-17.0051,-5.9197,67.5383,93.9536,535.838,745.9905,745.9905,-13.9796,-38.2123,-38.2123
FISV,48.93000030517578,48.93,2026-09-10,False,48.369998931884766,49.779998779296875,0.58,-61.91,BAJO,27428528128.0,9.88,6.38,1.02,10.77,3.49,23.07,,,,1.04,1.04,5.0,YAHOO+FINNHUB,-0.0655,1.8078,-1.3143,0.059076,3.5525,-0.6522,82.21,2026-10-28,47,,,yahoo,1.0,1.0,1.0,1.0,0.0,0.0,1.0,0.0,0.0,-5.8676,-6.7112,-4.3962,-8.1644,43.4473,37.882,55.5,55.78,136.41,-11.8378,-12.2804,-64.1302
BKR,59.400001525878906,59.4,2026-09-10,False,59.040000915527344,63.68000030517578,-6.66,29.64,BAJO,58627330048.0,18.99,18.99,2.94,16.46,4.85,12.83,11.17,7.53,12.06,0.81,2.1,7.0,YAHOO,-0.0655,1.8078,-1.3143,0.059076,3.5525,-0.6522,82.21,2026-10-22,41,,,yahoo,1.0,0.0,1.0,1.0,1.0,1.0,1.0,1.0,0.0,-8.0922,-4.1935,3.3967,-5.3975,53.4262,32.9089,64.9,64.9,69.1833,-8.4746,-8.4746,-14.1411
CCL,22.469999313354492,22.47,2026-09-10,False,22.280000686645508,22.799999237060547,-1.01,-26.14,BAJO,31159517184.0,10.25,8.64,2.41,26.69,5.37,12.79,11.24,6.1,7.55,2.02,0.33,8.0,YAHOO,-0.0655,1.8078,-1.3143,0.059076,3.5525,-0.6522,82.21,2026-09-28,17,,,yahoo,1.0,1.0,1.0,1.0,1.0,1.0,0.0,1.0,1.0,-5.3496,-12.1923,-15.1158,-13.0909,14.992,35.9905,28.42,30.739,33.4524,-20.936,-26.9007,-32.83
BKNG,174.3300018310547,174.33,2026-09-10,False,171.10000610351562,176.91000366210938,0.52,-18.8,BAJO,130680094720.0,19.32,14.05,-12.23,,20.38,34.41,25.53,5.91,12.91,,1.09,6.0,YAHOO,-0.0655,1.8078,-1.3143,0.059076,3.5525,-0.6522,82.21,2026-10-27,46,,,yahoo,1.0,0.0,1.0,1.0,0.0,1.0,1.0,0.0,1.0,-12.6603,-16.5446,-0.8362,8.5222,50.8973,43.1508,213.78,214.42,221.5397,-18.4535,-18.6969,-21.3098
HWM,227.91000366210938,227.91,2026-09-10,False,227.57000732421875,232.38999938964844,-2.02,25.32,BAJO,91568791552.0,49.38,35.63,16.02,34.73,12.81,28.5,20.52,1.3,34.24,0.81,1.82,8.0,YAHOO,-0.0655,1.8078,-1.3143,0.059076,3.5525,-0.6522,82.21,2026-11-05,55,,,yahoo,1.0,1.0,1.0,1.0,1.0,0.0,1.0,1.0,1.0,-9.9028,-15.382,-15.9466,-8.6055,81.232,38.2637,292.65,292.65,292.65,-22.122,-22.122,-22.122
WELL,235.7100067138672,235.71,2026-09-10,False,234.82000732421875,239.92999267578125,-0.08,43.35,BAJO,169781182464.0,105.19,74.09,3.65,3.84,0.83,16.56,12.15,1.62,56.54,0.41,1.32,7.0,YAHOO,-0.0655,1.8078,-1.3143,0.059076,3.5525,-0.6522,82.21,2026-10-26,45,,,yahoo,1.0,0.0,1.0,1.0,1.0,1.0,0.0,1.0,1.0,-1.2071,-2.4218,0.8739,11.9416,17.1309,23.3825,241.56,251.122,251.122,-2.4218,-6.1373,-6.1373
XYZ,79.06999969482422,79.07,2026-09-10,False,77.69999694824219,79.94999694824219,-0.42,8.28,BAJO,47588970496.0,141.45,15.33,2.16,1.61,2.01,7.0,1.43,-0.06,30.95,0.33,2.21,6.0,YAHOO,-0.0655,1.8078,-1.3143,0.059076,3.5525,-0.6522,82.21,2026-11-09,59,,,yahoo,1.0,0.0,1.0,1.0,1.0,0.0,1.0,1.0,0.0,-4.1111,-4.8496,0.4446,18.6703,20.3916,39.3952,84.85,84.85,84.85,-6.812,-6.812,-6.812
A,143.1199951171875,143.12,2026-09-10,False,141.25,144.14999389648438,-1.13,17.29,BAJO,41429237760.0,28.98,21.74,5.63,20.97,8.63,25.56,19.53,2.56,21.06,0.56,2.05,,YAHOO,-0.0655,1.8078,-1.3143,0.059076,3.5525,-0.6522,82.21,2026-11-25,75,2026-08-26,16.0,yahoo,1.0,0.0,1.0,1.0,1.0,0.0,1.0,0.0,0.0,-5.4627,-7.7122,6.7741,8.9464,21.2375,28.944,159.0,159.0,159.0,-9.9874,-9.9874,-9.9874
ACGL,96.19999694824219,96.2,2026-09-10,False,95.81999969482422,97.20999908447266,0.08,7.24,BAJO,32788705280.0,7.52,9.85,1.41,19.94,4.12,26.58,24.4,13.12,5.99,0.18,0.59,,YAHOO,-0.0655,1.8078,-1.3143,0.059076,3.5525,-0.6522,82.21,2026-10-26,45,,,yahoo,1.0,0.0,1.0,1.0,1.0,0.0,1.0,0.0,1.0,-2.0466,-4.4877,-6.6563,5.3554,22.0431,23.3715,101.14,106.48,106.48,-4.8843,-9.6544,-9.6544
ADM,86.91000366210938,86.91,2026-09-10,False,86.37999725341797,88.75,0.42,46.72,BAJO,41795534848.0,23.69,15.12,1.77,7.64,2.26,4.01,2.16,2.79,16.81,0.39,1.39,,YAHOO,-0.0655,1.8078,-1.3143,0.059076,3.5525,-0.6522,82.21,2026-11-03,53,,,yahoo,1.0,0.0,1.0,1.0,1.0,0.0,0.0,0.0,0.0,1.792,8.5154,6.6085,7.6053,18.153,27.4224,86.91,86.91,86.91,0.0,0.0,0.0
ADSK,211.61000061035156,211.61,2026-09-10,False,206.4199981689453,213.88999938964844,2.42,-33.59,BAJO,44391600128.0,27.51,14.94,13.12,53.85,11.47,29.23,21.08,7.11,19.22,1.1,0.85,,YAHOO,-0.0655,1.8078,-1.3143,0.059076,3.5525,-0.6522,82.21,2026-11-27,77,2026-08-27,15.0,yahoo,1.0,0.0,1.0,1.0,0.0,1.0,1.0,1.0,1.0,-12.4602,-16.9408,-0.2874,-4.37,69.2394,46.1648,270.58,270.58,324.86,-21.7939,-21.7939,-34.8612
AEE,104.94999694824219,104.95,2026-09-10,False,104.94000244140625,107.08000183105469,-1.22,9.77,BAJO,29040859136.0,18.47,18.06,2.12,11.94,3.06,25.24,18.58,-6.15,13.04,1.58,0.53,,YAHOO,-0.0655,1.8078,-1.3143,0.059076,3.5525,-0.6522,82.21,2026-11-04,54,,,yahoo,1.0,1.0,1.0,1.0,1.0,0.0,0.0,0.0,1.0,-0.1846,-1.9076,-6.8196,-2.8275,14.5081,19.4844,108.967,117.4865,117.4865,-3.6864,-10.6706,-10.6706
AEP,123.47000122070312,123.47,2026-09-10,False,123.33999633789062,125.73999786376953,-0.96,18.56,BAJO,67140530176.0,21.37,17.99,2.09,10.13,2.98,23.25,13.78,-8.93,13.44,1.61,0.5,,YAHOO,-0.0655,1.8078,-1.3143,0.059076,3.5525,-0.6522,82.21,2026-10-29,48,,,yahoo,1.0,1.0,1.0,1.0,0.0,1.0,0.0,0.0,0.0,-0.0809,0.0892,-8.2725,-3.2055,11.6418,19.3021,126.53,137.6421,137.6421,-2.4184,-10.2963,-10.2963
AES,14.800000190734863,14.8,2026-09-10,False,14.800000190734863,14.850000381469727,-0.13,23.11,BAJO,10551757824.0,5.54,6.24,2.13,9.57,2.96,18.67,14.34,-29.28,12.17,2.57,0.75,,YAHOO,-0.0655,1.8078,-1.3143,0.059076,3.5525,-0.6522,82.21,2026-11-04,54,,,yahoo,1.0,0.0,1.0,1.0,1.0,0.0,0.0,0.0,0.0,0.0,0.4752,1.4737,2.3753,2.8379,3.1713,14.83,14.83,16.8672,-0.2023,-0.2023,-12.2559
AFL,114.47000122070312,114.47,2026-09-10,False,113.5999984741211,115.94999694824219,-0.24,10.05,BAJO,57794854912.0,12.44,15.29,1.91,16.91,3.13,25.72,26.91,8.91,10.66,0.53,0.89,,YAHOO,-0.0655,1.8078,-1.3143,0.059076,3.5525,-0.6522,82.21,2026-11-04,54,,,yahoo,1.0,0.0,1.0,0.0,0.0,0.0,1.0,0.0,0.0,-2.3627,-2.5372,-6.6938,-1.762,10.9781,18.5236,121.12,128.9008,128.9008,-5.4904,-11.1953,-11.1953
AIZ,280.9700012207031,280.97,2026-09-10,False,279.2099914550781,284.92999267578125,0.19,37.19,BAJO,13931991040.0,13.53,12.05,2.29,18.34,2.56,11.73,7.9,15.43,8.12,0.36,0.38,,YAHOO,-0.0655,1.8078,-1.3143,0.059076,3.5525,-0.6522,82.21,2026-11-03,53,,,yahoo,1.0,1.0,1.0,1.0,0.0,0.0,1.0,0.0,1.0,-1.0913,-2.3125,0.6997,9.5198,12.6354,22.0493,287.71,300.641,300.641,-2.3426,-6.543,-6.543
AJG,243.30999755859375,243.31,2026-09-10,False,242.6999969482422,247.5500030517578,-0.4,-14.97,BAJO,61603868672.0,39.85,16.14,2.6,6.72,2.32,19.16,10.38,3.38,17.34,0.59,1.05,,YAHOO,-0.0655,1.8078,-1.3143,0.059076,3.5525,-0.6522,82.21,2026-10-29,48,,,yahoo,1.0,0.0,1.0,1.0,1.0,0.0,0.0,1.0,1.0,-7.7516,-7.95,-6.611,10.8204,25.1062,35.1131,271.2652,271.2652,306.8697,-10.3055,-10.3055,-20.7123
AKAM,107.12999725341797,107.13,2026-09-10,False,106.62999725341797,111.18000030517578,-3.27,40.64,BAJO,15347496960.0,38.69,14.86,3.23,8.92,2.52,7.63,9.51,4.63,19.75,1.97,1.64,,YAHOO,-0.0655,1.8078,-1.3143,0.059076,3.5525,-0.6522,82.21,2026-11-05,55,,,yahoo,1.0,0.0,1.0,1.0,0.0,1.0,1.0,0.0,0.0,1.9412,-0.8606,-14.385,-17.5733,54.8425,52.8086,125.29,132.31,161.14,-14.4944,-19.0311,-33.5174
ALB,122.11000061035156,122.11,2026-09-10,False,122.0,125.56999969482422,-3.02,69.86,BAJO,13867954176.0,435.26,10.4,1.72,2.65,3.16,27.71,3.79,9.62,11.29,0.19,2.09,,YAHOO,-0.0655,1.8078,-1.3143,0.059076,3.5525,-0.6522,82.21,2026-11-04,54,,,yahoo,0.0,1.0,1.0,1.0,0.0,1.0,0.0,1.0,0.0,-11.3539,-9.2186,-2.9255,-16.8444,49.2702,42.7333,143.25,166.56,215.071,-14.7574,-26.6871,-43.2234
ALGN,150.72000122070312,150.72,2026-09-10,False,148.5,151.22000122070312,-1.44,14.44,BAJO,10714231808.0,26.18,12.02,2.54,10.15,7.56,18.25,9.99,5.55,10.51,0.03,1.4,,YAHOO,-0.0655,1.8078,-1.3143,0.059076,3.5525,-0.6522,82.21,2026-10-28,47,,,yahoo,1.0,0.0,1.0,1.0,1.0,1.0,1.0,0.0,1.0,-5.2969,-5.2909,-16.5402,-11.6012,20.2092,41.466,181.31,188.39,197.51,-16.8717,-19.9958,-23.6899
ALL,251.7899932861328,251.79,2026-09-10,False,250.3300018310547,258.4700012207031,-0.71,29.37,BAJO,64152592384.0,5.08,9.19,2.03,46.11,8.68,22.83,18.97,23.63,3.97,0.22,0.36,,YAHOO,-0.0655,1.8078,-1.3143,0.059076,3.5525,-0.6522,82.21,2026-11-04,54,,,yahoo,1.0,1.0,1.0,0.0,1.0,0.0,1.0,0.0,0.0,-2.9112,-3.4269,-1.4085,13.2076,16.1467,29.651,263.11,273.9698,273.9698,-4.3024,-8.0957,-8.0957
ALLE,151.27000427246094,151.27,2026-09-10,False,150.69000244140625,152.39999389648438,-0.3,-9.48,BAJO,13040391168.0,20.12,15.69,6.16,33.73,11.03,22.1,15.36,3.71,14.07,1.05,1.93,,YAHOO,-0.0655,1.8078,-1.3143,0.059076,3.5525,-0.6522,82.21,2026-10-22,41,,,yahoo,1.0,0.0,1.0,1.0,1.0,0.0,1.0,1.0,0.0,-2.4505,-5.6214,10.9343,17.4284,24.822,33.7329,166.44,168.94,178.3568,-9.1144,-10.4593,-15.1869
AMCR,43.0,43.0,2026-09-10,False,42.5099983215332,43.18000030517578,-0.3,11.91,BAJO,19566469120.0,17.78,9.71,1.66,9.4,3.57,9.69,4.71,7.69,9.59,1.28,1.25,,YAHOO,-0.0655,1.8078,-1.3143,0.059076,3.5525,-0.6522,82.21,2026-11-05,55,,,yahoo,1.0,1.0,1.0,1.0,0.0,1.0,0.0,1.0,1.0,-6.5599,-7.4914,2.7995,14.2725,19.4153,29.6594,47.9018,47.9018,48.4112,-10.2329,-10.2329,-11.1776
AME,234.24000549316406,234.24,2026-09-10,False,232.5,235.9199981689453,-0.86,26.84,BAJO,55451418624.0,35.36,25.23,4.92,14.56,8.16,26.18,20.04,2.69,22.2,0.21,1.21,,YAHOO,-0.0655,1.8078,-1.3143,0.059076,3.5525,-0.6522,82.21,2026-10-29,48,,,yahoo,1.0,0.0,1.0,1.0,1.0,0.0,1.0,1.0,0.0,0.4503,-4.4698,0.922,5.7765,16.8746,23.0083,256.22,258.52,258.52,-8.5786,-9.3919,-9.3919
AMP,553.530029296875,553.53,2026-09-10,False,552.5,563.6500244140625,0.3,15.06,BAJO,49255481344.0,13.47,10.79,7.75,63.43,2.28,30.72,19.9,5.89,,0.68,2.18,,YAHOO,-0.0655,1.8078,-1.3143,0.059076,3.5525,-0.6522,82.21,2026-10-29,48,,,yahoo,1.0,0.0,1.0,1.0,0.0,0.0,1.0,0.0,1.0,0.3044,-1.2048,7.1454,23.2212,8.6711,23.3661,570.68,570.68,570.68,-3.0052,-3.0052,-3.0052
AMT,172.97999572753906,172.98,2026-09-10,False,171.75,176.85000610351562,-1.4,-6.21,BAJO,82871001088.0,24.46,25.37,22.28,33.91,4.89,45.41,31.08,3.52,18.83,4.39,0.35,,YAHOO,-0.0655,1.8078,-1.3143,0.059076,3.5525,-0.6522,82.21,2026-10-27,46,,,yahoo,1.0,1.0,1.0,1.0,1.0,0.0,1.0,0.0,1.0,0.0347,-1.5649,2.0531,-9.2825,10.4429,29.3775,178.57,184.47,192.2845,-3.1304,-6.2287,-10.0396
AON,307.7699890136719,307.77,2026-09-10,False,304.20001220703125,310.0400085449219,1.01,-13.59,BAJO,64208248832.0,16.7,14.9,6.69,44.7,5.83,23.46,22.27,4.97,13.41,1.63,1.03,,YAHOO,-0.0655,1.8078,-1.3143,0.059076,3.5525,-0.6522,82.21,2026-10-30,49,,,yahoo,1.0,1.0,1.0,0.0,1.0,1.0,1.0,1.0,1.0,-6.9844,-13.0544,-16.0279,-8.2831,30.4437,35.0866,359.1,380.3929,380.3929,-14.2941,-19.0916,-19.0916
AOS,56.709999084472656,56.71,2026-09-10,False,56.5,57.279998779296875,-1.94,-18.96,BAJO,7799793152.0,15.99,14.03,4.23,27.13,12.54,18.93,13.15,6.21,10.47,0.37,1.59,,YAHOO,-0.0655,1.8078,-1.3143,0.059076,3.5525,-0.6522,82.21,2026-10-27,46,,,yahoo,1.0,1.0,1.0,1.0,1.0,0.0,1.0,1.0,1.0,-4.3031,-9.235,-4.1602,-0.2911,17.707,31.6912,63.8,63.98,79.5335,-11.1129,-11.3629,-28.6967
APA,44.529998779296875,44.53,2026-09-10,False,43.939998626708984,46.099998474121094,-0.69,98.93,BAJO,15671223296.0,9.44,10.28,2.23,26.66,11.6,56.33,19.56,13.7,3.49,0.49,0.95,,YAHOO,-0.0655,1.8078,-1.3143,0.059076,3.5525,-0.6522,82.21,2026-11-04,54,,,yahoo,1.0,1.0,1.0,1.0,1.0,0.0,1.0,0.0,1.0,-0.3803,8.1088,29.3436,18.009,43.5318,41.4074,44.84,44.84,44.84,-0.6914,-0.6914,-0.6914
APD,293.6499938964844,293.65,2026-09-10,False,292.4800109863281,297.2799987792969,-0.54,5.92,BAJO,64897245184.0,,20.18,4.67,0.02,4.73,25.54,-0.38,-2.31,18.25,1.1,1.08,,YAHOO,-0.0655,1.8078,-1.3143,0.059076,3.5525,-0.6522,82.21,2026-11-05,55,,,yahoo,0.0,0.0,1.0,1.0,0.0,0.0,0.0,0.0,0.0,-5.1058,-4.2425,-2.752,6.8584,4.2809,27.5949,309.46,314.19,314.19,-5.1089,-6.5374,-6.5374
APH,80.25,80.25,2026-09-10,False,79.2300033569336,80.8499984741211,-1.34,36.75,BAJO,206943928320.0,41.96,25.63,13.35,38.12,14.47,29.78,17.73,1.85,23.3,1.2,1.89,,YAHOO,-0.0655,1.8078,-1.3143,0.059076,3.5525,-0.6522,82.21,2026-10-28,47,,,yahoo,1.0,1.0,1.0,1.0,0.0,1.0,0.0,1.0,0.0,0.2624,-0.5206,2.8912,7.7216,16.1195,41.5873,85.435,88.16,88.16,-6.0689,-8.9723,-8.9723
APO,127.91000366210938,127.91,2026-09-10,False,127.7300033569336,131.27000427246094,-2.34,-1.64,BAJO,76168257536.0,45.9,12.01,3.79,11.41,0.94,21.95,5.27,,,1.01,1.95,,YAHOO,-0.0655,1.8078,-1.3143,0.059076,3.5525,-0.6522,82.21,2026-11-03,53,,,yahoo,1.0,0.0,1.0,1.0,0.0,0.0,0.0,0.0,1.0,-3.3109,-4.3091,8.0958,-2.051,12.9975,36.8966,142.9761,142.9761,150.8032,-10.5375,-10.5375,-15.1808
APP,314.489990234375,314.49,2026-09-10,False,300.0899963378906,317.6600036621094,3.09,-43.48,BAJO,108830965760.0,24.88,15.44,34.34,203.69,46.46,77.68,64.58,2.92,20.11,1.11,4.3,,YAHOO,-0.0655,1.8078,-1.3143,0.059076,3.5525,-0.6522,82.21,2026-11-04,54,,,yahoo,1.0,1.0,1.0,1.0,1.0,1.0,1.0,1.0,1.0,-1.4292,2.0707,-28.985,-36.2063,47.2172,69.3836,320.56,564.61,733.6,-1.8936,-44.2996,-57.1306
APTV,45.689998626708984,45.69,2026-09-10,False,43.83000183105469,45.709999084472656,2.65,-42.95,BAJO,9455622144.0,20.61,6.96,1.08,5.16,6.72,12.68,1.07,17.09,4.45,0.65,2.02,,YAHOO,-0.0655,1.8078,-1.3143,0.059076,3.5525,-0.6522,82.21,2026-10-29,48,,,yahoo,1.0,0.0,1.0,1.0,1.0,1.0,1.0,1.0,1.0,1.4657,-1.2535,-22.86,-29.9233,60.9731,49.821,50.04,65.68,88.67,-8.693,-30.4354,-48.4719
ARE,49.560001373291016,49.56,2026-09-10,False,49.2400016784668,50.81999969482422,-1.55,-36.34,BAJO,8800952320.0,,-63.14,0.56,-4.08,0.93,17.28,-36.08,15.28,14.16,0.69,2.35,,YAHOO,-0.0655,1.8078,-1.3143,0.059076,3.5525,-0.6522,82.21,2026-10-26,45,,,yahoo,0.0,0.0,1.0,1.0,0.0,1.0,1.0,0.0,1.0,-5.9939,-6.4376,3.0782,-4.0139,23.802,44.6779,54.04,54.87,82.4287,-8.2902,-9.6774,-39.8753
ARES,130.6300048828125,130.63,2026-09-10,False,130.2100067138672,133.89999389648438,-2.78,-23.24,BAJO,43674984448.0,60.39,18.3,11.93,14.94,2.59,19.38,10.63,4.94,34.15,1.72,0.54,,YAHOO,-0.0655,1.8078,-1.3143,0.059076,3.5525,-0.6522,82.21,2026-11-02,52,,,yahoo,1.0,0.0,1.0,1.0,1.0,0.0,0.0,0.0,1.0,-5.3817,-7.9941,8.4516,2.8337,17.4805,42.1504,149.45,149.45,178.1319,-12.5928,-12.5928,-26.6667
ATO,164.80999755859375,164.81,2026-09-10,False,164.6699981689453,168.05999755859375,-1.07,3.94,BAJO,27577243648.0,19.45,18.1,1.81,9.79,3.89,37.22,28.5,-8.05,14.24,0.68,0.81,,YAHOO,-0.0655,1.8078,-1.3143,0.059076,3.5525,-0.6522,82.21,2026-11-04,54,,,yahoo,1.0,1.0,1.0,1.0,0.0,0.0,0.0,1.0,1.0,-1.7116,-2.744,-7.6302,-2.0478,10.0945,16.2948,170.2833,178.4242,190.0626,-3.2142,-7.6302,-13.2864
AVB,68.13999938964844,68.14,2026-08-24,False,67.36000061035156,68.62000274658203,2.02,-0.09,BAJO,26283393024.0,25.25,36.58,2.17,8.49,2.63,30.63,33.32,5.36,19.14,0.75,0.34,,YAHOO,-0.0655,1.8078,-1.3143,0.059076,3.5525,-0.6522,82.21,2026-10-28,47,,,yahoo,1.0,0.0,1.0,1.0,0.0,0.0,1.0,0.0,0.0,7.0374,3.5221,,,14.1797,,68.9044,,,-1.1094,,
AWK,139.83999633789062,139.84,2026-09-10,False,139.72000122070312,142.3699951171875,-0.35,4.78,BAJO,27362996224.0,23.82,20.97,2.35,10.1,3.52,40.66,21.35,-6.52,14.98,1.38,0.52,,YAHOO,-0.0655,1.8078,-1.3143,0.059076,3.5525,-0.6522,82.21,2026-10-28,47,,,yahoo,1.0,0.0,1.0,1.0,1.0,1.0,0.0,1.0,1.0,0.2509,1.7092,7.0251,11.3159,2.1213,23.432,140.89,140.89,141.5679,-0.7453,-0.7453,-1.2205
AXON,478.8500061035156,478.85,2026-09-10,False,476.04998779296875,492.19000244140625,-2.28,-34.88,BAJO,38940344320.0,200.56,45.33,10.6,6.22,0.51,5.17,6.19,0.57,242.87,0.5,2.15,,YAHOO,-0.0655,1.8078,-1.3143,0.059076,3.5525,-0.6522,82.21,2026-11-03,53,,,yahoo,1.0,0.0,1.0,1.0,0.0,1.0,0.0,0.0,0.0,-5.5485,-21.1744,-12.4637,6.9841,15.5475,76.0127,645.72,645.72,777.58,-25.8425,-25.8425,-38.4179
AZO,2881.469970703125,2881.47,2026-09-10,False,2876.25,2917.070068359375,-1.01,-31.19,BAJO,,19.77,16.45,-16.91,,11.39,19.08,12.4,,14.04,,0.89,,YAHOO,-0.0655,1.8078,-1.3143,0.059076,3.5525,-0.6522,82.21,2026-09-22,11,,,yahoo,1.0,0.0,1.0,1.0,1.0,1.0,1.0,0.0,0.0,-1.8078,-3.919,-6.4148,-7.3497,13.4572,30.7891,3076.8899,3218.1499,4354.54,-6.3512,-10.4619,-33.8284
BAX,24.18000030517578,24.18,2026-09-10,False,23.920000076293945,24.3799991607666,-0.86,2.09,BAJO,12304504832.0,,11.69,1.98,-14.37,2.85,14.43,-9.27,8.13,10.61,1.56,1.95,,YAHOO,-0.0655,1.8078,-1.3143,0.059076,3.5525,-0.6522,82.21,2026-10-29,48,,,yahoo,0.0,0.0,1.0,1.0,0.0,1.0,0.0,0.0,1.0,-5.9144,-8.7195,7.1747,19.1006,31.6387,43.5904,27.0396,28.3391,28.3391,-10.5755,-14.6761,-14.6761
BBY,88.08999633789062,88.09,2026-09-10,False,86.7699966430664,89.66000366210938,0.07,22.46,BAJO,19043274752.0,15.11,12.59,6.0,43.13,7.25,3.9,3.01,7.37,7.93,1.3,1.12,,YAHOO,-0.0655,1.8078,-1.3143,0.059076,3.5525,-0.6522,82.21,2026-11-24,74,2026-08-27,15.0,yahoo,1.0,1.0,1.0,1.0,0.0,1.0,1.0,0.0,1.0,1.2529,0.7434,7.8873,18.0093,33.2521,35.6766,90.27,90.27,90.27,-2.415,-2.415,-2.415
BDX,176.4199981689453,176.42,2026-09-10,False,175.6699981689453,178.94000244140625,-1.88,23.13,BAJO,48443998208.0,30.72,13.38,1.98,6.61,4.34,15.73,4.19,9.24,10.48,0.69,0.86,,YAHOO,-0.0655,1.8078,-1.3143,0.059076,3.5525,-0.6522,82.21,2026-11-05,55,,,yahoo,1.0,1.0,1.0,1.0,0.0,0.0,1.0,1.0,1.0,-5.3646,-6.7029,15.3614,20.076,26.964,29.7237,190.8744,190.8744,190.8744,-7.5727,-7.5727,-7.5727
BEN,33.65999984741211,33.66,2026-09-10,False,33.65999984741211,34.18000030517578,-1.35,46.9,BAJO,17096787968.0,22.89,10.59,1.45,7.89,2.64,12.98,8.72,-17.49,11.48,0.25,5.49,,YAHOO,-0.0655,1.8078,-1.3143,0.059076,3.5525,-0.6522,82.21,2026-11-06,56,,,yahoo,1.0,1.0,1.0,1.0,0.0,0.0,1.0,1.0,1.0,1.9691,-3.856,2.5282,9.1774,37.2727,25.523,35.03,35.77,35.77,-3.9109,-5.8988,-5.8988
BLDR,58.970001220703125,58.97,2026-09-10,False,58.130001068115234,61.2599983215332,-3.94,-56.89,BAJO,6495598080.0,65.62,13.57,1.62,2.51,2.39,3.33,0.71,7.15,11.41,1.31,1.79,,YAHOO,-0.0655,1.8078,-1.3143,0.059076,3.5525,-0.6522,82.21,2026-10-29,48,,,yahoo,1.0,0.0,1.0,1.0,0.0,0.0,1.0,0.0,0.0,-6.5304,-14.1255,-19.7796,-20.9729,52.158,59.0183,73.56,90.51,146.56,-19.8341,-34.847,-59.7639
BLK,1062.4000244140625,1062.4,2026-09-10,False,1061.550048828125,1074.52001953125,-0.9,-0.55,BAJO,175417425920.0,25.86,16.79,2.9,12.28,3.74,35.08,24.09,4.32,15.77,0.23,2.45,,YAHOO,-0.0655,1.8078,-1.3143,0.059076,3.5525,-0.6522,82.21,2026-10-14,33,,,yahoo,1.0,0.0,1.0,0.0,1.0,0.0,0.0,0.0,0.0,-3.5434,-8.9803,3.5182,5.6568,13.3573,28.4273,1176.8008,1176.8008,1177.4277,-9.7213,-9.7213,-9.7694
BR,168.24000549316406,168.24,2026-09-10,False,167.22000122070312,169.69000244140625,0.08,-29.87,BAJO,19126018048.0,17.45,14.49,6.73,40.92,9.29,24.61,15.04,6.25,12.3,1.24,1.24,,YAHOO,-0.0655,1.8078,-1.3143,0.059076,3.5525,-0.6522,82.21,2026-11-03,53,,,yahoo,1.0,1.0,1.0,1.0,0.0,1.0,1.0,1.0,1.0,-4.933,-6.7862,12.0738,16.3776,26.4901,34.7143,184.3148,184.3148,249.1264,-8.7214,-8.7214,-32.468
BRO,66.33000183105469,66.33,2026-09-10,False,66.16000366210938,67.63999938964844,-0.3,-26.54,BAJO,22147860480.0,21.15,13.72,1.74,10.02,5.38,41.84,18.08,7.42,10.14,0.64,1.13,,YAHOO,-0.0655,1.8078,-1.3143,0.059076,3.5525,-0.6522,82.21,2026-10-26,45,,,yahoo,1.0,0.0,1.0,1.0,0.0,0.0,0.0,1.0,0.0,-7.9262,-8.8623,-3.9394,10.4745,28.265,36.34,74.62,74.6971,95.0407,-11.1096,-11.2013,-30.2089
BSX,43.099998474121094,43.1,2026-09-10,False,42.779998779296875,44.41999816894531,-4.14,-57.98,BAJO,62287884288.0,17.4,12.53,2.49,15.34,6.19,22.9,17.5,3.94,13.06,0.5,1.24,,YAHOO,-0.0655,1.8078,-1.3143,0.059076,3.5525,-0.6522,82.21,2026-10-28,47,,,yahoo,1.0,1.0,1.0,1.0,0.0,1.0,0.0,1.0,1.0,-10.8952,-10.5252,-3.4715,-10.8399,56.5712,37.1981,52.01,52.01,105.23,-17.1313,-17.1313,-59.0421
BXP,63.720001220703125,63.72,2026-09-10,False,63.189998626708984,64.52999877929688,-0.89,-8.84,BAJO,11702768640.0,34.78,29.11,2.0,5.31,1.68,28.75,9.3,7.53,17.79,2.12,0.51,,YAHOO,-0.0655,1.8078,-1.3143,0.059076,3.5525,-0.6522,82.21,2026-10-27,46,,,yahoo,1.0,1.0,1.0,1.0,0.0,0.0,0.0,0.0,1.0,-5.0373,-9.3599,-4.9523,-1.6615,16.2322,28.8723,72.13,72.97,75.5641,-11.6595,-12.6764,-15.6743
CAG,14.699999809265137,14.7,2026-09-10,False,14.619999885559082,15.229999542236328,-2.71,-17.0,BAJO,6987058176.0,,9.41,1.1,-25.06,4.4,13.77,-16.98,12.29,8.21,1.18,0.9,,YAHOO,-0.0655,1.8078,-1.3143,0.059076,3.5525,-0.6522,82.21,2026-09-30,19,,,yahoo,0.0,0.0,1.0,1.0,0.0,1.0,0.0,0.0,1.0,-9.1471,-9.2032,3.7534,11.4532,13.3143,35.9968,16.67,16.67,19.3071,-11.8176,-11.8176,-23.8623
CARR,56.63999938964844,56.64,2026-09-10,False,55.970001220703125,57.31999969482422,-2.26,-6.92,BAJO,47365718016.0,41.04,17.37,3.61,8.97,2.98,13.07,5.52,1.82,18.99,0.92,1.02,,YAHOO,-0.0655,1.8078,-1.3143,0.059076,3.5525,-0.6522,82.21,2026-10-27,46,,,yahoo,1.0,0.0,1.0,1.0,0.0,0.0,1.0,0.0,0.0,-1.6325,-3.5751,-17.1496,-16.3695,23.8622,34.7377,63.35,75.7277,75.7277,-10.5919,-25.2057,-25.2057
CB,338.6700134277344,338.67,2026-09-10,False,337.2200012207031,342.8999938964844,0.31,23.87,BAJO,130496806912.0,11.99,11.62,1.73,14.82,3.36,23.53,18.07,8.04,10.28,0.31,0.41,,YAHOO,-0.0655,1.8078,-1.3143,0.059076,3.5525,-0.6522,82.21,2026-10-27,46,,,yahoo,1.0,1.0,1.0,1.0,1.0,0.0,1.0,0.0,0.0,-0.221,-1.4835,-4.5301,2.7669,18.4106,24.1941,348.25,363.5,363.5,-2.7509,-6.8308,-6.8308
CBOE,287.489990234375,287.49,2026-09-10,False,283.3800048828125,295.8999938964844,-1.5,24.56,BAJO,29349294080.0,21.92,18.45,5.22,26.3,11.58,34.63,26.73,2.31,14.8,0.28,1.56,,YAHOO,-0.0655,1.8078,-1.3143,0.059076,3.5525,-0.6522,82.21,2026-10-30,49,,,yahoo,1.0,1.0,1.0,1.0,1.0,1.0,1.0,1.0,0.0,-2.2542,-7.656,4.0265,-4.2485,12.5854,38.9733,313.0803,313.0803,364.9193,-8.1737,-8.1737,-21.2182
CCI,73.87000274658203,73.87,2026-09-10,False,73.4000015258789,75.62000274658203,-1.74,-16.6,BAJO,33045940224.0,30.87,26.19,-9.85,,4.72,46.83,20.72,3.14,20.27,,0.52,,YAHOO,-0.0655,1.8078,-1.3143,0.059076,3.5525,-0.6522,82.21,2026-10-21,40,,,yahoo,1.0,1.0,1.0,1.0,1.0,0.0,0.0,0.0,0.0,-2.0032,-2.2107,-7.4774,-19.97,14.8631,33.3453,77.26,88.13,95.3952,-4.3878,-16.1806,-22.5642
CDNS,284.95001220703125,284.95,2026-09-10,False,282.2799987792969,289.1400146484375,0.12,-14.77,BAJO,79690465280.0,57.41,30.32,11.62,23.23,10.61,28.57,23.61,2.02,36.92,0.39,1.74,,YAHOO,-0.0655,1.8078,-1.3143,0.059076,3.5525,-0.6522,82.21,2026-10-26,45,,,yahoo,1.0,0.0,1.0,1.0,1.0,0.0,1.0,1.0,1.0,-7.0825,-14.859,-24.6004,-26.012,33.8171,38.2577,347.55,389.6,416.39,-18.0118,-26.8609,-31.5666
CDW,142.60000610351562,142.6,2026-09-10,False,141.0,145.3000030517578,0.16,-13.73,BAJO,19226429440.0,18.51,12.77,7.89,44.01,6.59,7.34,4.6,3.52,12.58,2.63,1.17,,YAHOO,-0.0655,1.8078,-1.3143,0.059076,3.5525,-0.6522,82.21,2026-11-03,53,,,yahoo,1.0,0.0,1.0,1.0,1.0,0.0,1.0,0.0,0.0,-4.0829,0.8059,-0.7473,10.813,36.7022,49.6175,153.92,153.92,167.3621,-7.3545,-7.3545,-14.7955
CF,135.11000061035156,135.11,2026-09-10,False,134.60000610351562,141.66000366210938,-2.17,59.76,BAJO,20138565632.0,9.87,12.45,3.51,29.87,12.93,49.33,27.12,6.34,6.31,0.41,4.86,,YAHOO,-0.0655,1.8078,-1.3143,0.059076,3.5525,-0.6522,82.21,2026-11-04,54,,,yahoo,1.0,1.0,1.0,1.0,0.0,1.0,1.0,1.0,1.0,-2.987,7.4861,12.3107,24.2963,43.7497,37.6076,139.27,139.27,139.27,-2.987,-2.987,-2.987
CFG,69.62999725341797,69.63,2026-09-10,False,68.625,69.70999908447266,0.37,39.5,BAJO,29684541440.0,15.36,10.79,1.24,8.27,0.94,35.13,26.05,,,,,,YAHOO,-0.0655,1.8078,-1.3143,0.059076,3.5525,-0.6522,82.21,2026-10-16,35,,,yahoo,1.0,1.0,1.0,1.0,1.0,0.0,1.0,0.0,1.0,-0.215,-1.22,-0.395,7.885,11.0565,23.9022,74.73,74.73,74.73,-6.8246,-6.8246,-6.8246
CHD,93.94000244140625,93.94,2026-09-10,False,93.61000061035156,95.29000091552734,-1.31,3.38,BAJO,22332747776.0,30.18,23.31,5.13,17.04,7.87,18.07,11.96,4.21,18.09,0.56,1.15,,YAHOO,-0.0655,1.8078,-1.3143,0.059076,3.5525,-0.6522,82.21,2026-10-30,49,,,yahoo,1.0,1.0,1.0,1.0,1.0,0.0,1.0,0.0,1.0,-5.4168,-8.672,-3.0193,-4.0366,13.2857,23.8006,102.86,103.3249,104.5985,-8.672,-9.0829,-10.1899
CHRW,152.4199981689453,152.42,2026-09-10,False,150.2100067138672,152.83999633789062,1.31,22.3,BAJO,17852534784.0,29.16,20.37,10.99,37.12,9.96,5.34,3.73,2.69,21.09,1.21,1.58,,YAHOO,-0.0655,1.8078,-1.3143,0.059076,3.5525,-0.6522,82.21,2026-10-28,47,,,yahoo,1.0,1.0,1.0,1.0,0.0,1.0,1.0,1.0,0.0,5.4252,0.888,-22.098,-17.2554,9.6699,49.9251,152.42,208.5206,208.5206,0.0,-26.9041,-26.9041
CHTR,140.55999755859375,140.56,2026-09-10,False,133.49000549316406,141.25999450683594,4.98,-45.49,BAJO,19646515200.0,3.79,3.31,1.03,27.2,5.31,23.5,9.05,11.19,5.43,4.42,0.36,,YAHOO,-0.0655,1.8078,-1.3143,0.059076,3.5525,-0.6522,82.21,2026-10-30,49,,,yahoo,1.0,0.0,1.0,1.0,1.0,1.0,1.0,1.0,0.0,-11.5808,-8.662,6.9955,2.0103,89.9128,59.3923,158.97,158.97,282.74,-11.5808,-11.5808,-50.2865
CI,280.9100036621094,280.91,2026-09-10,False,278.94000244140625,285.5,0.99,-3.95,BAJO,74188161024.0,11.61,8.38,1.74,16.76,4.46,3.98,2.27,10.76,7.77,0.74,0.85,,YAHOO,-0.0655,1.8078,-1.3143,0.059076,3.5525,-0.6522,82.21,2026-11-05,55,,,yahoo,1.0,1.0,1.0,1.0,0.0,1.0,1.0,0.0,1.0,-0.1309,0.5696,-7.2349,-4.5097,23.0206,28.2472,284.6794,302.8186,304.1076,-1.3241,-7.2349,-7.6281
CINF,169.58999633789062,169.59,2026-09-10,False,168.5399932861328,171.52000427246094,0.22,14.9,BAJO,26060572672.0,8.01,18.8,1.56,21.48,6.41,37.2,23.84,11.45,5.73,0.05,1.15,,YAHOO,-0.0655,1.8078,-1.3143,0.059076,3.5525,-0.6522,82.21,2026-10-26,45,,,yahoo,1.0,0.0,1.0,1.0,1.0,0.0,1.0,0.0,0.0,-1.2231,-1.6185,-7.1605,2.4571,17.0957,25.4864,174.72,192.03,192.03,-2.9361,-11.6857,-11.6857
CLX,88.7699966430664,88.77,2026-09-10,False,88.44000244140625,89.66999816894531,-0.95,-23.61,BAJO,10612905984.0,18.25,14.02,117.96,163.76,8.32,12.88,8.73,1.04,14.34,22.21,0.66,,YAHOO,-0.0655,1.8078,-1.3143,0.059076,3.5525,-0.6522,82.21,2026-11-03,53,,,yahoo,1.0,0.0,1.0,1.0,0.0,0.0,1.0,0.0,0.0,-5.8343,-14.8326,-5.516,-9.5781,8.1192,33.1511,107.9,107.9,124.127,-17.7294,-17.7294,-28.4845
CMCSA,25.170000076293945,25.17,2026-09-10,False,24.510000228881836,25.34000015258789,2.36,-14.84,BAJO,89425649664.0,8.08,6.95,1.0,11.49,4.31,17.23,8.97,14.2,5.06,1.0,0.8,,YAHOO,-0.0655,1.8078,-1.3143,0.059076,3.5525,-0.6522,82.21,2026-10-29,48,,,yahoo,1.0,1.0,1.0,1.0,1.0,1.0,1.0,1.0,0.0,-6.1171,-7.4632,5.0063,6.437,59.7657,36.6066,27.2,27.2,31.6751,-7.4632,-7.4632,-20.5369
CME,274.07000732421875,274.07,2026-09-10,False,272.57000732421875,277.6700134277344,-0.23,10.6,BAJO,99078471680.0,23.37,21.32,3.73,15.8,1.48,65.04,63.44,2.94,20.99,0.15,1.02,,YAHOO,-0.0655,1.8078,-1.3143,0.059076,3.5525,-0.6522,82.21,2026-10-21,40,,,yahoo,1.0,0.0,1.0,1.0,1.0,1.0,1.0,0.0,0.0,-0.8689,-2.0014,12.3446,4.3808,6.6519,28.2616,285.1116,285.1116,315.7112,-3.8727,-3.8727,-13.1897
CMG,36.130001068115234,36.13,2026-09-10,False,35.689998626708984,36.630001068115234,0.28,-5.6,BAJO,45808132096.0,33.52,26.41,20.86,49.56,13.08,16.11,11.43,2.44,22.18,2.46,0.71,,YAHOO,-0.0655,1.8078,-1.3143,0.059076,3.5525,-0.6522,82.21,2026-10-28,47,,,yahoo,1.0,1.0,1.0,1.0,0.0,0.0,1.0,0.0,1.0,-6.2046,-3.2405,-1.365,18.7705,21.1302,50.8899,38.52,38.52,42.36,-6.2046,-6.2046,-14.7073
CMI,550.030029296875,550.03,2026-09-10,False,544.8099975585938,557.6699829101562,-0.85,38.77,BAJO,76644696064.0,28.43,16.14,5.97,21.11,7.0,11.9,7.82,2.91,16.35,0.6,1.73,,YAHOO,-0.0655,1.8078,-1.3143,0.059076,3.5525,-0.6522,82.21,2026-11-05,55,,,yahoo,1.0,0.0,1.0,1.0,0.0,1.0,0.0,1.0,0.0,-0.1579,-4.8621,-16.9046,-12.4409,28.7392,34.9197,638.7823,724.8918,724.8918,-13.894,-24.1225,-24.1225
CMS,67.68000030517578,67.68,2026-09-10,False,67.66999816894531,68.7300033569336,-0.72,-0.94,BAJO,21056706560.0,20.23,16.16,2.21,9.16,2.97,17.17,11.64,-10.44,13.57,1.86,0.94,,YAHOO,-0.0655,1.8078,-1.3143,0.059076,3.5525,-0.6522,82.21,2026-10-29,48,,,yahoo,1.0,0.0,1.0,1.0,0.0,1.0,0.0,0.0,1.0,-0.5583,-2.2389,-9.9324,-7.1247,9.8569,17.787,71.4,78.1791,78.6889,-5.2101,-13.4295,-13.9904
CNC,65.4000015258789,65.4,2026-09-10,False,65.26000213623047,68.20999908447266,2.09,110.21,BAJO,32811147264.0,,12.5,1.45,-20.36,2.48,3.76,-2.83,29.38,4.66,0.71,1.15,,YAHOO,-0.0655,1.8078,-1.3143,0.059076,3.5525,-0.6522,82.21,2026-10-27,46,,,yahoo,0.0,0.0,1.0,1.0,0.0,0.0,1.0,0.0,1.0,-2.8809,-0.1069,-4.232,0.0918,37.6883,37.0526,68.02,68.72,68.72,-3.8518,-4.8312,-4.8312
CNP,39.119998931884766,39.12,2026-09-10,False,39.06999969482422,40.16999816894531,-1.63,6.94,BAJO,25762549760.0,23.28,18.74,2.2,9.83,3.0,24.49,11.61,-20.15,12.96,2.1,1.12,,YAHOO,-0.0655,1.8078,-1.3143,0.059076,3.5525,-0.6522,82.21,2026-10-22,41,,,yahoo,1.0,0.0,1.0,1.0,1.0,0.0,0.0,0.0,1.0,-0.9871,-1.1872,-10.8231,-7.9228,18.7091,19.5019,40.5874,44.7724,44.7724,-3.6155,-12.6248,-12.6248
COF,207.11000061035156,207.11,2026-09-10,False,205.3000030517578,209.99000549316406,-1.78,-4.8,BAJO,127788900352.0,11.48,8.66,1.24,9.03,1.52,33.63,21.87,,,,,,YAHOO,-0.0655,1.8078,-1.3143,0.059076,3.5525,-0.6522,82.21,2026-10-20,39,,,yahoo,1.0,0.0,1.0,1.0,1.0,0.0,0.0,0.0,1.0,-4.3814,-4.6499,2.3748,17.008,14.2079,27.8239,226.54,226.54,254.9582,-8.5768,-8.5768,-18.7671
COO,54.16999816894531,54.17,2026-09-10,False,51.0099983215332,55.43000030517578,-14.67,-18.88,BAJO,10251272192.0,18.53,11.49,1.28,6.84,2.73,20.82,13.46,5.29,13.84,0.34,1.22,,YAHOO,-0.0655,1.8078,-1.3143,0.059076,3.5525,-0.6522,82.21,2026-12-02,82,2026-09-09,2.0,finnhub,1.0,0.0,1.0,1.0,1.0,0.0,1.0,0.0,1.0,-22.3146,-25.4678,-24.0466,-19.9734,94.3202,43.2248,76.73,76.82,84.32,-29.4018,-29.4845,-35.7566
COR,320.95001220703125,320.95,2026-09-10,False,320.9100036621094,327.8999938964844,-0.73,10.2,BAJO,61364293632.0,23.86,16.24,20.11,96.87,3.56,1.41,0.79,3.33,13.2,4.47,0.94,,YAHOO,-0.0655,1.8078,-1.3143,0.059076,3.5525,-0.6522,82.21,2026-11-04,54,,,yahoo,1.0,0.0,1.0,1.0,0.0,1.0,1.0,1.0,0.0,-4.5814,-2.0867,5.0444,14.3409,12.0673,28.1852,337.22,337.22,372.5275,-4.8247,-4.8247,-13.8453
CPB,20.940000534057617,20.94,2026-09-10,False,20.799999237060547,21.899999618530273,-4.3,-32.44,BAJO,6262330880.0,16.03,11.45,1.63,10.05,4.95,10.34,4.08,11.93,8.2,1.72,0.81,,YAHOO,-0.0655,1.8078,-1.3143,0.059076,3.5525,-0.6522,82.21,2026-12-07,87,2026-09-03,8.0,finnhub,,,,,,,,,,-11.9428,-9.8579,-5.4627,-6.9325,46.9423,39.3057,24.16,24.16,31.7442,-13.3278,-13.3278,-34.0353
CPRT,30.75,30.75,2026-09-10,False,30.540000915527344,32.2599983215332,-4.0,-35.56,BAJO,27728054272.0,18.6,16.48,3.16,17.61,11.34,37.53,33.48,3.61,12.43,0.01,7.61,,YAHOO,-0.0655,1.8078,-1.3143,0.059076,3.5525,-0.6522,82.21,2026-11-19,69,2026-09-10,1.0,yahoo,1.0,0.0,1.0,1.0,0.0,1.0,0.0,1.0,0.0,-4.3843,-5.8769,12.0219,-1.9452,31.122,43.6465,34.33,34.33,48.9,-10.4282,-10.4282,-37.1166
CPT,102.5,102.5,2026-09-10,False,102.20999908447266,104.70999908447266,-1.55,-0.94,BAJO,11921612800.0,34.0,94.5,2.78,7.89,1.87,16.1,20.62,1.17,17.3,1.26,0.35,,YAHOO,-0.0655,1.8078,-1.3143,0.059076,3.5525,-0.6522,82.21,2026-11-05,55,,,yahoo,1.0,1.0,1.0,1.0,0.0,1.0,1.0,1.0,0.0,-2.8804,-4.7486,-10.2373,-10.2947,10.8223,20.1202,110.47,117.58,117.58,-7.2146,-12.8253,-12.8253
CRH,87.66000366210938,87.66,2026-09-10,False,86.83999633789062,88.68000030517578,-1.89,-19.27,BAJO,58910941184.0,15.64,13.59,2.45,15.81,6.06,19.02,9.94,3.43,9.98,0.78,1.58,,YAHOO,-0.0655,1.8078,-1.3143,0.059076,3.5525,-0.6522,82.21,2026-10-29,48,,,yahoo,1.0,0.0,1.0,1.0,0.0,1.0,1.0,1.0,0.0,-5.4063,-9.6754,-14.3108,-11.9711,41.7,30.5256,97.31,112.5987,129.9237,-9.9168,-22.1483,-32.5296
CRL,273.0,273.0,2026-09-10,False,272.05999755859375,275.8800048828125,-1.92,79.18,BAJO,13403152384.0,,21.93,4.68,-7.52,4.11,15.11,-5.96,3.5,19.05,1.05,1.35,,YAHOO,-0.0655,1.8078,-1.3143,0.059076,3.5525,-0.6522,82.21,2026-11-04,54,,,yahoo,0.0,0.0,1.0,1.0,0.0,0.0,1.0,1.0,1.0,-6.4299,-7.489,18.8248,46.5457,11.9524,44.1153,298.58,298.58,298.58,-8.5672,-8.5672,-8.5672
CSGP,29.489999771118164,29.49,2026-09-10,False,28.790000915527344,30.139999389648438,-0.3,-64.77,BAJO,12342318080.0,169.22,17.17,1.55,0.89,0.47,8.22,2.08,3.34,31.07,0.15,2.21,,YAHOO,-0.0655,1.8078,-1.3143,0.059076,3.5525,-0.6522,82.21,2026-10-27,46,,,yahoo,1.0,0.0,1.0,1.0,1.0,0.0,0.0,0.0,1.0,-5.6622,-8.2452,2.5026,-13.8475,16.2157,50.8611,33.73,33.73,89.26,-12.5704,-12.5704,-66.9617
CSX,49.040000915527344,49.04,2026-09-10,False,48.150001525878906,49.5,1.39,56.04,BAJO,90678648832.0,28.46,21.55,6.44,24.36,7.38,38.42,22.21,2.15,15.94,1.38,0.82,,YAHOO,-0.0655,1.8078,-1.3143,0.059076,3.5525,-0.6522,82.21,2026-10-22,41,,,yahoo,1.0,0.0,1.0,1.0,1.0,0.0,1.0,0.0,0.0,0.8016,-4.9956,-0.9382,5.9562,20.476,22.6135,51.6187,53.0847,53.0847,-4.9956,-7.6193,-7.6193
CTAS,198.44000244140625,198.44,2026-09-10,False,197.60000610351562,201.0,-0.8,0.58,BAJO,80634167296.0,41.12,32.95,15.69,40.71,16.1,23.69,17.75,1.82,27.32,0.53,1.43,,YAHOO,-0.0655,1.8078,-1.3143,0.059076,3.5525,-0.6522,82.21,2026-09-23,12,,,yahoo,1.0,1.0,1.0,1.0,1.0,0.0,1.0,1.0,1.0,0.1767,-3.5669,8.2751,10.2857,5.4339,28.9698,207.4,215.969,215.969,-4.3202,-8.1164,-8.1164
CTSH,58.31999969482422,58.32,2026-09-10,False,57.88999938964844,59.02000045776367,0.21,-12.71,BAJO,27026653184.0,12.88,9.49,1.88,14.92,10.73,17.48,10.26,8.2,6.77,0.14,2.18,,YAHOO,-0.0655,1.8078,-1.3143,0.059076,3.5525,-0.6522,82.21,2026-10-28,47,,,yahoo,1.0,0.0,1.0,1.0,1.0,1.0,1.0,0.0,1.0,-8.0126,-6.0718,32.8396,13.2252,29.6448,55.1116,64.64,64.64,85.1577,-9.7772,-9.7772,-31.5153
CTVA,84.48999786376953,84.49,2026-09-10,False,84.20999908447266,86.125,-0.31,19.87,BAJO,55977746432.0,50.85,20.39,2.22,4.26,4.55,30.13,5.66,4.32,13.74,0.19,1.52,,YAHOO,-0.0655,1.8078,-1.3143,0.059076,3.5525,-0.6522,82.21,2026-11-03,53,,,yahoo,1.0,1.0,1.0,1.0,1.0,0.0,1.0,1.0,0.0,-6.0909,2.1599,-1.6265,13.7122,12.948,34.9404,89.97,90.3175,90.3175,-6.0909,-6.4522,-6.4522
CVNA,70.27999877929688,70.28,2026-09-10,False,69.98500061035156,72.87999725341797,-4.26,-2.7,BAJO,76661358592.0,36.59,30.57,12.35,58.77,11.7,9.22,6.26,0.55,21.62,1.11,3.93,,YAHOO,-0.0655,1.8078,-1.3143,0.059076,3.5525,-0.6522,82.21,2026-10-28,47,,,yahoo,1.0,1.0,1.0,0.0,1.0,1.0,0.0,0.0,0.0,-5.2319,-4.9628,8.1397,4.5056,40.1973,62.1897,75.77,75.77,95.69,-7.2456,-7.2456,-26.5545
D,65.05000305175781,65.05,2026-09-10,False,64.8499984741211,65.80999755859375,-0.08,15.21,BAJO,56606289920.0,22.27,16.87,2.03,8.28,3.04,29.22,13.98,-16.22,13.97,1.6,0.81,,YAHOO,-0.0655,1.8078,-1.3143,0.059076,3.5525,-0.6522,82.21,2026-10-30,49,,,yahoo,1.0,1.0,1.0,1.0,0.0,1.0,0.0,1.0,1.0,-0.519,-1.7977,-7.1933,-1.5918,15.1363,14.8497,68.0822,70.973,70.973,-4.4537,-8.3454,-8.3454
DASH,201.02999877929688,201.03,2026-09-10,False,191.7449951171875,202.5399932861328,1.92,-20.85,BAJO,87504519168.0,105.73,24.8,8.82,8.89,2.97,3.86,5.29,5.88,59.52,0.33,1.37,,YAHOO,-0.0655,1.8078,-1.3143,0.059076,3.5525,-0.6522,82.21,2026-11-04,54,,,yahoo,1.0,1.0,1.0,1.0,0.0,0.0,0.0,1.0,0.0,-11.143,-15.1522,6.0453,33.1324,52.5351,40.9232,236.93,236.93,281.74,-15.1522,-15.1522,-28.647
DDOG,221.72000122070312,221.72,2026-09-10,False,219.30999755859375,227.5800018310547,-1.58,60.42,BAJO,79430983680.0,433.75,74.44,18.18,4.7,0.18,0.67,4.48,1.32,915.67,0.29,3.21,,YAHOO,-0.0655,1.8078,-1.3143,0.059076,3.5525,-0.6522,82.21,2026-11-05,55,,,yahoo,1.0,0.0,1.0,1.0,1.0,1.0,0.0,0.0,1.0,5.9695,-2.6134,-14.8017,-2.5963,66.7287,68.6428,255.46,288.15,288.15,-13.2075,-23.054,-23.054
DG,122.98999786376953,122.99,2026-09-10,False,122.4000015258789,126.05999755859375,-1.27,18.92,BAJO,27484438528.0,16.18,15.06,2.96,19.69,4.89,6.81,3.9,6.32,11.63,1.7,1.21,,YAHOO,-0.0655,1.8078,-1.3143,0.059076,3.5525,-0.6522,82.21,2026-12-02,82,2026-08-27,15.0,finnhub,1.0,1.0,1.0,1.0,1.0,0.0,0.0,1.0,1.0,-6.0356,0.171,-0.3646,12.4202,37.1099,36.3901,133.21,133.21,154.7135,-7.6721,-7.6721,-20.5047
DGX,231.13999938964844,231.14,2026-09-10,False,228.57000732421875,236.47999572753906,-1.83,31.62,BAJO,25939947520.0,24.92,19.49,3.44,14.6,6.4,15.25,9.19,3.51,13.98,0.81,1.59,,YAHOO,-0.0655,1.8078,-1.3143,0.059076,3.5525,-0.6522,82.21,2026-10-20,39,,,yahoo,1.0,1.0,1.0,1.0,1.0,0.0,1.0,1.0,1.0,-4.0116,-5.6571,11.4734,13.8874,11.9344,26.2145,245.0,245.0,245.0,-5.6571,-5.6571,-5.6571
DHI,135.57000732421875,135.57,2026-09-10,False,133.8800048828125,137.60000610351562,-2.42,-21.04,BAJO,38568009728.0,13.14,11.75,1.63,12.63,6.88,12.99,9.15,6.26,10.57,0.29,6.01,,YAHOO,-0.0655,1.8078,-1.3143,0.059076,3.5525,-0.6522,82.21,2026-10-29,48,,,yahoo,1.0,0.0,1.0,0.0,0.0,1.0,1.0,0.0,0.0,-4.7026,-9.1658,-8.6503,-7.3178,23.2941,36.2838,151.86,166.4539,178.8631,-10.727,-18.554,-24.2046
DLR,185.3699951171875,185.37,2026-09-10,False,185.2899932861328,190.6699981689453,-1.96,10.74,BAJO,71219822592.0,91.54,65.22,2.61,2.91,1.48,25.88,11.82,5.29,28.28,0.68,0.89,,YAHOO,-0.0655,1.8078,-1.3143,0.059076,3.5525,-0.6522,82.21,2026-10-22,41,,,yahoo,1.0,1.0,1.0,1.0,0.0,0.0,0.0,1.0,1.0,0.8761,-4.1669,4.1873,3.2227,18.1967,35.4687,200.15,200.15,202.5595,-7.3845,-7.3845,-8.4861
DLTR,118.66000366210938,118.66,2026-09-10,False,117.80000305175781,120.36000061035156,0.23,21.1,BAJO,22172272640.0,14.48,14.94,6.47,46.03,8.26,6.21,8.04,4.73,11.5,2.24,1.13,,YAHOO,-0.0655,1.8078,-1.3143,0.059076,3.5525,-0.6522,82.21,2026-12-01,81,2026-08-27,15.0,finnhub,1.0,1.0,1.0,1.0,0.0,1.0,1.0,1.0,1.0,-10.0447,-10.2285,-6.1086,7.5598,49.463,37.3362,136.75,136.75,141.21,-13.2285,-13.2285,-15.9691
DOC,20.3700008392334,20.37,2026-09-10,False,20.290000915527344,20.59000015258789,-0.1,22.38,BAJO,14391628800.0,58.0,145.0,1.78,3.04,1.51,15.99,8.25,11.43,15.52,1.09,2.29,,YAHOO,-0.0655,1.8078,-1.3143,0.059076,3.5525,-0.6522,82.21,2026-10-22,41,,,yahoo,1.0,0.0,1.0,1.0,0.0,0.0,1.0,0.0,1.0,-3.1384,-5.607,-5.3676,0.955,11.4746,22.1928,21.66,22.708,22.708,-5.9557,-10.2961,-10.2961
DOV,187.3699951171875,187.37,2026-09-10,False,186.3300018310547,190.13999938964844,-2.12,8.83,BAJO,25461297152.0,22.89,16.24,3.3,14.91,7.06,18.69,13.48,3.56,14.01,0.42,1.98,,YAHOO,-0.0655,1.8078,-1.3143,0.059076,3.5525,-0.6522,82.21,2026-10-22,41,,,yahoo,1.0,0.0,1.0,1.0,1.0,0.0,1.0,1.0,0.0,-0.81,-8.2056,-12.3226,-12.1134,26.4033,28.2768,206.5228,230.1203,231.5927,-9.274,-18.5774,-19.095
DPZ,317.29998779296875,317.3,2026-09-10,False,316.44000244140625,323.1099853515625,-1.29,-27.16,BAJO,10308269056.0,17.66,14.94,-2.59,,33.89,19.08,11.86,5.16,15.1,,1.54,,YAHOO,-0.0655,1.8078,-1.3143,0.059076,3.5525,-0.6522,82.21,2026-10-13,32,,,yahoo,1.0,1.0,1.0,1.0,0.0,1.0,1.0,1.0,1.0,-8.4747,-7.9115,2.4044,1.427,20.866,39.3767,350.88,367.63,447.9829,-9.5702,-13.6904,-29.1714
DRI,207.52999877929688,207.53,2026-09-10,False,206.8300018310547,209.5800018310547,-0.9,2.32,BAJO,23831279616.0,20.1,16.94,10.85,53.72,7.72,14.14,9.13,3.32,14.89,3.65,0.31,,YAHOO,-0.0655,1.8078,-1.3143,0.059076,3.5525,-0.6522,82.21,2026-09-24,13,,,yahoo,1.0,1.0,1.0,1.0,1.0,0.0,1.0,0.0,1.0,-5.681,-5.1552,5.5112,2.7345,9.7026,28.1339,225.56,227.68,227.68,-7.9934,-8.8501,-8.8501
DTE,134.33999633789062,134.34,2026-09-10,False,134.3000030517578,137.0,-1.26,3.4,BAJO,27588315136.0,21.01,15.85,2.27,11.03,2.77,13.62,8.0,-9.41,15.31,2.29,0.8,,YAHOO,-0.0655,1.8078,-1.3143,0.059076,3.5525,-0.6522,82.21,2026-10-29,48,,,yahoo,1.0,0.0,1.0,1.0,0.0,1.0,0.0,0.0,1.0,-1.2569,-2.4472,-10.8205,-7.2985,14.8985,17.4322,141.15,154.43,154.43,-4.8247,-13.0091,-13.0091
DUK,119.37000274658203,119.37,2026-09-10,False,119.2699966430664,121.26000213623047,-0.88,2.88,BAJO,93112033280.0,17.98,16.65,1.73,9.86,2.84,27.5,16.0,-4.81,11.29,1.62,0.66,,YAHOO,-0.0655,1.8078,-1.3143,0.059076,3.5525,-0.6522,82.21,2026-11-05,55,,,yahoo,1.0,1.0,1.0,1.0,1.0,0.0,0.0,1.0,1.0,-0.9871,-2.0674,-5.0768,-3.6952,13.5537,18.6387,123.99,129.3824,131.1634,-3.7261,-7.7386,-8.9914
DVA,181.3300018310547,181.33,2026-09-10,False,180.47000122070312,184.41000366210938,-0.92,38.16,BAJO,11582889984.0,15.39,10.52,-15.18,88.48,7.51,16.06,6.05,9.0,9.25,12.42,1.47,,YAHOO,-0.0655,1.8078,-1.3143,0.059076,3.5525,-0.6522,82.21,2026-10-28,47,,,yahoo,1.0,0.0,1.0,1.0,0.0,1.0,1.0,0.0,1.0,1.0814,0.7109,-23.0283,-8.6683,28.5888,42.9858,183.99,240.96,240.96,-1.4457,-24.7468,-24.7468
DVN,50.02000045776367,50.02,2026-09-10,False,48.5,50.04999923706055,2.12,45.54,BAJO,55253000192.0,10.92,9.37,1.38,11.52,5.91,41.08,17.46,1.42,7.42,0.28,0.72,,YAHOO,-0.0655,1.8078,-1.3143,0.059076,3.5525,-0.6522,82.21,2026-11-04,54,,,yahoo,1.0,0.0,1.0,1.0,1.0,0.0,1.0,0.0,1.0,2.0192,6.8119,14.3837,8.1025,24.3864,32.2887,50.02,50.02,51.7023,0.0,0.0,-3.2537
DXCM,84.51000213623047,84.51,2026-09-10,False,82.29000091552734,84.81999969482422,0.75,12.26,BAJO,31332263936.0,32.82,26.58,11.95,38.49,10.33,24.33,20.12,3.26,21.94,0.53,1.73,,YAHOO,-0.0655,1.8078,-1.3143,0.059076,3.5525,-0.6522,82.21,2026-10-29,48,,,yahoo,1.0,1.0,1.0,1.0,0.0,1.0,1.0,0.0,1.0,-5.7754,-5.0022,10.6876,13.0266,30.8262,43.9686,92.34,92.34,92.34,-8.4795,-8.4795,-8.4795
ED,106.7300033569336,106.73,2026-09-10,False,106.69999694824219,108.5,-0.71,14.65,BAJO,39371956224.0,17.51,16.4,1.53,8.96,3.24,16.54,12.53,-2.15,10.76,1.1,1.27,,YAHOO,-0.0655,1.8078,-1.3143,0.059076,3.5525,-0.6522,82.21,2026-11-05,55,,,yahoo,1.0,1.0,1.0,1.0,1.0,0.0,0.0,0.0,1.0,-0.873,-1.2217,-3.7691,0.005,15.3195,17.2964,108.75,113.0627,113.5694,-1.8575,-5.6011,-6.0223
EIX,56.75,56.75,2026-09-10,False,56.349998474121094,58.7400016784668,-1.2,8.81,BAJO,21549582336.0,5.78,8.61,1.24,19.73,4.09,26.9,19.28,0.38,7.45,2.28,0.66,,YAHOO,-0.0655,1.8078,-1.3143,0.059076,3.5525,-0.6522,82.21,2026-10-27,46,,,yahoo,1.0,1.0,1.0,1.0,1.0,0.0,0.0,1.0,0.0,2.8266,-23.8357,-25.2995,-19.6872,52.1638,62.1987,74.78,80.38,80.38,-24.1107,-29.3979,-29.3979
EL,96.47000122070312,96.47,2026-09-10,False,96.26000213623047,98.48999786376953,-2.33,12.97,BAJO,35137875968.0,194.24,24.82,9.23,4.75,5.23,7.0,1.21,5.16,16.65,2.43,1.22,,YAHOO,-0.0655,1.8078,-1.3143,0.059076,3.5525,-0.6522,82.21,2026-11-02,52,2026-08-19,23.0,yahoo,1.0,1.0,1.0,1.0,1.0,0.0,0.0,1.0,1.0,-4.6268,-7.8644,19.2824,13.3595,43.2082,47.1527,105.8504,105.8504,118.3745,-8.862,-8.862,-18.5044
EME,748.3300170898438,748.33,2026-09-10,False,740.0,756.8900146484375,-0.79,19.25,BAJO,34434834432.0,24.32,21.24,8.47,40.35,12.03,10.62,7.74,2.84,17.11,0.13,1.28,,YAHOO,-0.0655,1.8078,-1.3143,0.059076,3.5525,-0.6522,82.21,2026-10-29,48,,,yahoo,1.0,1.0,1.0,1.0,0.0,0.0,1.0,1.0,0.0,1.9162,-1.9985,-2.1158,-3.6053,36.2779,55.3673,862.54,868.4314,943.2628,-13.2411,-13.8297,-20.6658
EMR,148.3699951171875,148.37,2026-09-10,False,146.50999450683594,150.14999389648438,-1.31,13.8,BAJO,84891582464.0,33.3,21.01,4.17,12.8,6.9,26.92,13.83,4.37,15.58,0.68,0.9,,YAHOO,-0.0655,1.8078,-1.3143,0.059076,3.5525,-0.6522,82.21,2026-11-04,54,,,yahoo,1.0,1.0,1.0,1.0,0.0,0.0,1.0,1.0,1.0,-0.4095,-6.267,9.9669,8.5794,22.4183,30.1435,163.655,163.8244,163.8244,-9.3398,-9.4335,-9.4335
EOG,147.4600067138672,147.46,2026-09-10,False,144.33999633789062,148.99000549316406,0.31,27.94,BAJO,77294624768.0,11.48,10.12,2.43,22.51,11.02,40.72,25.73,5.79,5.57,0.26,1.85,,YAHOO,-0.0655,1.8078,-1.3143,0.059076,3.5525,-0.6522,82.21,2026-11-05,55,,,yahoo,1.0,0.0,1.0,1.0,0.0,0.0,1.0,0.0,0.0,-1.007,1.8089,6.4067,5.8985,10.8775,32.4109,153.05,153.05,153.05,-3.6524,-3.6524,-3.6524
EPAM,114.5199966430664,114.52,2026-09-10,False,112.12999725341797,116.01000213623047,-0.14,-24.14,BAJO,6082620928.0,15.98,8.39,1.73,11.18,8.45,10.94,7.15,10.69,7.0,0.04,2.75,,YAHOO,-0.0655,1.8078,-1.3143,0.059076,3.5525,-0.6522,82.21,2026-11-05,55,,,yahoo,1.0,0.0,1.0,1.0,1.0,0.0,1.0,0.0,1.0,-2.2867,4.7184,32.577,23.0868,15.8163,62.4239,119.88,119.88,221.4,-4.4711,-4.4711,-48.2746
EQIX,1023.8099975585938,1023.81,2026-09-10,False,1023.0,1049.6500244140625,-1.85,35.02,BAJO,102393577472.0,66.69,55.51,7.12,10.73,3.68,27.02,15.48,3.69,27.49,1.62,1.13,,YAHOO,-0.0655,1.8078,-1.3143,0.059076,3.5525,-0.6522,82.21,2026-10-28,47,,,yahoo,1.0,1.0,1.0,1.0,0.0,0.0,0.0,1.0,0.0,0.4484,-5.1685,-1.0416,-0.9273,16.513,27.7908,1096.8591,1110.6332,1110.6332,-6.6598,-7.8174,-7.8174
EQR,63.65999984741211,63.66,2026-08-21,False,63.65999984741211,63.65999984741211,0.0,-6.68,BAJO,24611481600.0,28.68,41.36,2.27,8.02,2.67,27.88,27.97,5.78,17.34,0.79,0.13,,YAHOO,-0.0655,1.8078,-1.3143,0.059076,3.5525,-0.6522,82.21,2026-10-21,40,,,yahoo,1.0,1.0,1.0,1.0,0.0,0.0,1.0,0.0,1.0,-3.5016,-6.7799,,,0.0,,,,,,,
EQT,54.959999084472656,54.96,2026-09-10,False,53.83000183105469,55.369998931884766,0.6,9.73,BAJO,33821650944.0,12.55,13.99,1.34,11.08,6.63,23.37,29.18,7.28,6.14,0.2,0.67,,YAHOO,-0.0655,1.8078,-1.3143,0.059076,3.5525,-0.6522,82.21,2026-10-20,39,,,yahoo,1.0,1.0,1.0,1.0,1.0,1.0,0.0,1.0,1.0,-1.417,0.3103,10.8857,4.7945,11.0328,27.5236,55.75,55.75,67.5273,-1.417,-1.417,-18.6107
ERIE,240.39999389648438,240.4,2026-09-10,False,240.0,246.5800018310547,-1.41,-24.55,BAJO,12812585984.0,22.26,17.49,5.19,24.81,14.15,19.1,14.01,3.76,15.06,0.03,1.25,,YAHOO,-0.0655,1.8078,-1.3143,0.059076,3.5525,-0.6522,82.21,2026-10-29,48,,,yahoo,1.0,0.0,1.0,1.0,0.0,0.0,1.0,0.0,0.0,-6.9695,-6.5573,-2.739,4.2226,25.9623,50.3013,268.64,268.64,331.6343,-10.5122,-10.5122,-27.5105
ES,68.98999786376953,68.99,2026-09-10,False,68.94000244140625,70.8499984741211,-2.06,13.78,BAJO,25809752064.0,17.8,13.94,1.58,9.02,3.3,23.92,10.35,3.15,10.97,1.81,0.8,,YAHOO,-0.0655,1.8078,-1.3143,0.059076,3.5525,-0.6522,82.21,2026-11-04,54,,,yahoo,1.0,1.0,1.0,1.0,1.0,0.0,0.0,1.0,1.0,-2.0585,-3.7394,-7.8413,-0.2746,18.4868,19.1822,72.36,75.39,75.39,-4.6573,-8.4892,-8.4892
ESS,271.3699951171875,271.37,2026-09-10,False,270.45001220703125,276.3900146484375,-1.09,8.1,BAJO,18812475392.0,42.44,43.32,3.29,7.71,2.96,33.98,20.89,5.55,19.84,1.22,0.25,,YAHOO,-0.0655,1.8078,-1.3143,0.059076,3.5525,-0.6522,82.21,2026-10-27,46,,,yahoo,1.0,0.0,1.0,1.0,0.0,1.0,0.0,0.0,1.0,-2.135,-5.8299,-8.7771,-3.8203,8.4361,21.0767,293.61,298.33,298.33,-7.5747,-9.037,-9.037
ETN,409.1499938964844,409.15,2026-09-10,False,405.70001220703125,414.3699951171875,-1.46,15.27,BAJO,165213700096.0,43.32,26.37,8.16,19.68,7.05,16.56,12.75,1.88,28.0,1.05,1.24,,YAHOO,-0.0655,1.8078,-1.3143,0.059076,3.5525,-0.6522,82.21,2026-11-03,53,,,yahoo,1.0,1.0,1.0,1.0,1.0,0.0,1.0,0.0,1.0,4.6821,-2.4533,1.8137,9.2411,42.8899,47.2481,455.4,459.96,459.96,-10.1559,-11.0466,-11.0466
ETR,105.7300033569336,105.73,2026-09-10,False,105.72000122070312,107.79000091552734,-1.34,23.59,BAJO,50324303872.0,26.94,20.64,2.7,10.25,2.68,24.46,13.33,-8.74,14.49,1.87,0.91,,YAHOO,-0.0655,1.8078,-1.3143,0.059076,3.5525,-0.6522,82.21,2026-10-29,48,,,yahoo,1.0,1.0,1.0,1.0,1.0,1.0,0.0,0.0,0.0,-0.9555,-1.3989,-7.3832,-3.7281,18.5155,18.4877,108.53,115.6397,116.6636,-2.5799,-8.5694,-9.3719
EVRG,81.36000061035156,81.36,2026-09-10,False,80.94000244140625,81.98999786376953,0.17,18.64,BAJO,18818893824.0,20.77,17.88,1.84,9.25,2.91,25.24,15.19,-7.67,12.45,1.61,0.36,,YAHOO,-0.0655,1.8078,-1.3143,0.059076,3.5525,-0.6522,82.21,2026-11-05,55,,,yahoo,1.0,0.0,1.0,1.0,0.0,0.0,0.0,1.0,0.0,0.7305,-1.058,-5.102,-0.9546,14.2402,16.5955,83.58,87.4002,87.4002,-2.6561,-6.911,-6.911
EW,86.7699966430664,86.77,2026-09-10,False,85.0,87.2699966430664,0.68,11.91,BAJO,48630870016.0,50.22,24.98,4.58,9.18,8.37,29.84,15.43,2.53,23.32,0.07,4.52,,YAHOO,-0.0655,1.8078,-1.3143,0.059076,3.5525,-0.6522,82.21,2026-10-29,48,,,yahoo,1.0,0.0,1.0,1.0,1.0,0.0,1.0,0.0,1.0,-4.4594,-4.4173,-5.469,0.9188,29.8323,23.1634,92.56,95.18,95.18,-6.2554,-8.8359,-8.8359
EXC,43.38999938964844,43.39,2026-09-10,False,43.31999969482422,43.97999954223633,-0.71,4.9,BAJO,44465762304.0,15.87,14.21,1.5,9.71,2.81,16.59,10.99,-6.04,11.42,1.77,1.09,,YAHOO,-0.0655,1.8078,-1.3143,0.059076,3.5525,-0.6522,82.21,2026-11-03,53,,,yahoo,1.0,1.0,1.0,1.0,0.0,1.0,0.0,1.0,0.0,-0.3795,-1.4331,-6.9799,-3.9615,12.2955,19.6495,45.4275,47.4284,49.3516,-4.4851,-8.5147,-12.0798
EXPD,189.32000732421875,189.32,2026-09-10,False,187.8800048828125,190.8300018310547,0.54,58.72,BAJO,25036195840.0,28.03,24.29,11.82,42.67,15.23,10.71,7.63,3.19,19.11,0.27,1.57,,YAHOO,-0.0655,1.8078,-1.3143,0.059076,3.5525,-0.6522,82.21,2026-11-03,53,,,yahoo,1.0,0.0,1.0,1.0,1.0,1.0,1.0,1.0,1.0,1.6975,-0.4522,7.8746,14.9414,19.6374,24.5503,190.97,190.97,190.97,-0.864,-0.864,-0.864
EXPE,276.8800048828125,276.88,2026-09-10,False,267.82000732421875,283.7200012207031,1.57,30.5,BAJO,33705799680.0,17.67,11.49,27.87,89.49,6.11,18.98,12.97,10.19,11.6,2.3,0.8,,YAHOO,-0.0655,1.8078,-1.3143,0.059076,3.5525,-0.6522,82.21,2026-11-05,55,,,yahoo,1.0,0.0,1.0,1.0,1.0,1.0,1.0,1.0,0.0,-10.1214,-16.8429,4.3855,26.6462,64.1415,47.4602,338.6418,338.6418,338.6418,-18.2381,-18.2381,-18.2381
EXR,136.4499969482422,136.45,2026-09-10,False,135.16000366210938,137.14999389648438,0.6,-0.45,BAJO,30377498624.0,30.38,28.63,2.19,6.95,3.36,45.88,27.28,4.94,18.92,1.02,0.89,,YAHOO,-0.0655,1.8078,-1.3143,0.059076,3.5525,-0.6522,82.21,2026-10-28,47,,,yahoo,1.0,1.0,1.0,1.0,0.0,1.0,1.0,0.0,1.0,-2.487,-5.3022,-6.1038,-7.7983,21.9042,20.272,149.4,152.85,152.85,-8.668,-10.7295,-10.7295
FANG,205.38999938964844,205.39,2026-09-10,False,200.97999572753906,207.57000732421875,1.36,51.69,BAJO,57395654656.0,38.97,11.12,1.52,3.49,1.31,48.47,9.03,8.77,6.43,0.29,0.47,,YAHOO,-0.0655,1.8078,-1.3143,0.059076,3.5525,-0.6522,82.21,2026-11-02,52,,,yahoo,1.0,0.0,1.0,1.0,0.0,0.0,1.0,0.0,1.0,0.9684,2.7772,7.7876,5.0731,24.4334,33.1332,211.02,211.02,211.3572,-2.668,-2.668,-2.8233
FAST,49.0099983215332,49.01,2026-09-10,False,48.060001373291016,49.13999938964844,0.45,5.45,BAJO,56594579456.0,42.15,35.21,13.91,34.33,21.52,21.02,15.45,1.62,29.07,0.11,4.18,,YAHOO,-0.0655,1.8078,-1.3143,0.059076,3.5525,-0.6522,82.21,2026-10-14,33,,,yahoo,1.0,1.0,1.0,1.0,1.0,1.0,0.0,0.0,1.0,2.2533,-4.1838,4.7374,7.0583,14.0349,24.2429,51.44,52.38,52.38,-4.724,-6.4338,-6.4338
FDS,262.92999267578125,262.93,2026-09-10,False,262.2900085449219,283.1600036621094,-5.82,-24.96,BAJO,9236726784.0,17.12,13.17,4.57,27.03,11.08,30.54,23.21,6.72,11.39,0.77,0.68,,YAHOO,-0.0655,1.8078,-1.3143,0.059076,3.5525,-0.6522,82.21,2026-09-30,19,,,yahoo,1.0,1.0,1.0,1.0,0.0,1.0,1.0,0.0,0.0,-14.0948,-10.6716,0.3082,5.9583,17.6736,53.6083,313.55,313.55,363.9821,-16.1442,-16.1442,-27.7629
FE,46.25,46.25,2026-09-10,False,46.0099983215332,46.689998626708984,0.09,12.32,BAJO,26692661248.0,24.67,15.64,2.06,9.49,3.68,19.3,6.94,-7.55,10.54,2.01,0.54,,YAHOO,-0.0655,1.8078,-1.3143,0.059076,3.5525,-0.6522,82.21,2026-10-21,40,,,yahoo,1.0,0.0,1.0,1.0,0.0,1.0,0.0,0.0,1.0,-0.0864,-1.0272,-3.5546,0.5998,5.4949,17.8316,47.42,49.43,50.8757,-2.4673,-6.4333,-9.0922
FFIV,398.4800109863281,398.48,2026-09-10,False,396.8800048828125,412.010009765625,-1.52,23.04,BAJO,23313977344.0,32.81,22.78,6.07,19.83,7.98,24.65,21.95,3.08,22.97,0.07,1.67,,YAHOO,-0.0655,1.8078,-1.3143,0.059076,3.5525,-0.6522,82.21,2026-10-26,45,,,yahoo,1.0,1.0,1.0,1.0,0.0,1.0,1.0,1.0,0.0,1.8922,-0.2778,-5.3379,1.973,37.422,35.8157,416.0,431.26,431.26,-4.2115,-7.601,-7.601
FICO,960.6699829101562,960.67,2026-09-10,False,947.9099731445312,982.989990234375,-2.29,-36.16,BAJO,21282095104.0,28.5,18.55,-5.19,,39.98,53.79,34.05,3.64,20.66,,1.18,,YAHOO,-0.0655,1.8078,-1.3143,0.059076,3.5525,-0.6522,82.21,2026-11-04,54,,,yahoo,1.0,1.0,1.0,1.0,0.0,0.0,1.0,1.0,1.0,-12.6227,-15.2624,-24.8449,-21.2662,149.614,67.4961,1172.67,1373.08,1879.55,-18.0784,-30.0354,-48.8883
FIS,38.52000045776367,38.52,2026-09-10,False,37.880001068115234,38.619998931884766,1.18,-39.37,BAJO,19669022720.0,5.86,5.69,1.23,22.35,4.28,20.67,27.65,13.49,11.46,1.33,0.54,,YAHOO,-0.0655,1.8078,-1.3143,0.059076,3.5525,-0.6522,82.21,2026-11-04,54,,,yahoo,1.0,0.0,1.0,1.0,1.0,0.0,1.0,0.0,1.0,-8.001,-5.2165,-8.1326,-0.026,48.6845,38.3317,44.13,46.81,66.8098,-12.7124,-17.7099,-42.3438
FITB,54.43000030517578,54.43,2026-09-10,False,53.77000045776367,54.45000076293945,0.44,24.72,BAJO,49625161728.0,18.42,11.08,1.54,8.44,0.92,39.08,23.24,,,,,,YAHOO,-0.0655,1.8078,-1.3143,0.059076,3.5525,-0.6522,82.21,2026-10-19,38,,,yahoo,1.0,1.0,1.0,1.0,1.0,0.0,1.0,0.0,1.0,0.0551,-1.216,-4.8094,4.1143,8.0066,20.9099,58.06,59.37,59.37,-6.2522,-8.3207,-8.3207
FIX,1590.81005859375,1590.8101,2026-09-10,False,1578.56005859375,1629.969970703125,-1.51,113.01,BAJO,59507273728.0,41.68,28.1,92.12,55.29,17.04,7.89,12.78,3.1,30.84,0.45,1.21,,YAHOO,-0.0655,1.8078,-1.3143,0.059076,3.5525,-0.6522,82.21,2026-10-22,41,,,yahoo,1.0,1.0,1.0,1.0,0.0,1.0,1.0,1.0,0.0,1.9665,-1.5399,-8.1059,-7.4352,36.0418,61.492,1881.1801,2065.4404,2065.4404,-15.4355,-22.9796,-22.9796
FOX,58.060001373291016,58.06,2026-09-10,False,56.209999084472656,58.290000915527344,1.68,14.31,BAJO,24574570496.0,15.22,10.17,2.11,14.29,9.5,25.21,9.84,2.26,7.23,0.64,3.17,,YAHOO,-0.0655,1.8078,-1.3143,0.059076,3.5525,-0.6522,82.21,2026-10-29,48,,,yahoo,1.0,0.0,1.0,1.0,0.0,1.0,1.0,0.0,1.0,-3.6668,-6.2403,16.1821,-4.3968,34.6548,35.1626,62.382,62.382,67.0667,-6.9283,-6.9283,-13.4294
FOXA,65.18000030517578,65.18,2026-09-10,False,62.93000030517578,65.48999786376953,2.07,16.1,BAJO,27723646976.0,17.17,11.33,2.38,14.29,9.5,25.21,9.84,2.0,8.04,0.64,3.17,,YAHOO,-0.0655,1.8078,-1.3143,0.059076,3.5525,-0.6522,82.21,2026-10-29,48,,,yahoo,1.0,0.0,1.0,1.0,0.0,1.0,1.0,0.0,1.0,-3.4656,-5.9368,17.1162,-3.7236,37.5361,36.1704,70.0207,70.0207,75.4053,-6.9132,-6.9132,-13.5605
FRT,114.83999633789062,114.84,2026-09-10,False,114.26000213623047,115.69999694824219,-0.28,20.34,BAJO,9997160448.0,23.1,35.85,3.1,12.55,3.26,35.03,32.66,4.56,18.01,1.34,0.56,,YAHOO,-0.0655,1.8078,-1.3143,0.059076,3.5525,-0.6522,82.21,2026-10-30,49,,,yahoo,1.0,1.0,1.0,1.0,0.0,0.0,0.0,0.0,0.0,-2.6285,-2.3303,-5.7452,-6.2441,13.8792,15.4829,118.89,127.13,127.13,-3.4065,-9.6673,-9.6673
FTNT,158.85000610351562,158.85,2026-09-10,False,154.0,161.97999572753906,1.04,100.92,BAJO,114510700544.0,55.15,41.31,73.83,117.44,14.17,33.6,28.17,1.98,43.55,0.36,1.28,,YAHOO,-0.0655,1.8078,-1.3143,0.059076,3.5525,-0.6522,82.21,2026-11-04,54,,,yahoo,1.0,0.0,1.0,1.0,1.0,0.0,1.0,0.0,1.0,2.7889,0.8315,-1.102,14.3793,9.3534,42.9895,172.78,172.78,172.78,-8.0623,-8.0623,-8.0623
FTV,54.5099983215332,54.51,2026-09-10,False,54.132999420166016,55.46500015258789,-2.33,15.86,BAJO,16517312512.0,28.94,16.83,2.73,7.32,3.29,19.14,12.38,5.69,16.0,0.59,1.24,,YAHOO,-0.0655,1.8078,-1.3143,0.059076,3.5525,-0.6522,82.21,2026-10-28,47,,,yahoo,1.0,1.0,1.0,1.0,0.0,0.0,1.0,0.0,1.0,-3.5753,-9.4168,-12.4116,-9.0408,11.0898,26.7525,61.7348,64.0121,64.0121,-11.703,-14.8442,-14.8442
GD,354.25,354.25,2026-09-10,False,352.2900085449219,355.739990234375,0.45,12.65,BAJO,96291299328.0,21.7,19.15,3.58,17.8,6.08,10.38,8.18,4.57,15.2,0.35,1.44,,YAHOO,-0.0655,1.8078,-1.3143,0.059076,3.5525,-0.6522,82.21,2026-10-28,47,,,yahoo,1.0,1.0,1.0,1.0,1.0,1.0,0.0,0.0,1.0,-2.6973,-7.2693,-4.9708,4.3214,14.7466,20.7422,395.78,395.97,395.97,-10.4932,-10.5362,-10.5362
GDDY,96.37000274658203,96.37,2026-09-10,False,94.0,97.94999694824219,2.96,-32.46,BAJO,12420340736.0,14.57,8.89,1850.38,442.86,9.88,27.06,17.83,9.7,10.92,573.34,0.63,,YAHOO,-0.0655,1.8078,-1.3143,0.059076,3.5525,-0.6522,82.21,2026-10-29,48,,,yahoo,1.0,0.0,1.0,1.0,0.0,0.0,1.0,0.0,1.0,-5.399,0.8687,6.0643,20.0424,77.7496,64.7888,103.63,105.1,148.59,-7.0057,-8.3064,-35.1437
GEHC,64.23999786376953,64.24,2026-09-10,False,63.630001068115234,64.9469985961914,-1.43,-14.24,BAJO,28876302336.0,14.73,11.82,2.63,19.38,5.13,14.98,9.33,5.45,10.46,0.94,1.26,,YAHOO,-0.0655,1.8078,-1.3143,0.059076,3.5525,-0.6522,82.21,2026-10-28,47,,,yahoo,1.0,0.0,1.0,0.0,0.0,1.0,1.0,0.0,0.0,-8.9569,-12.3721,-1.5828,0.8097,13.3859,40.3643,74.82,74.82,88.0324,-14.1406,-14.1406,-27.0269
GIS,35.959999084472656,35.96,2026-09-10,False,35.75,37.45000076293945,-3.05,-22.56,BAJO,19166466048.0,,11.17,3.46,-1.03,5.74,19.19,-0.47,12.04,6.39,2.18,0.68,,YAHOO,-0.0655,1.8078,-1.3143,0.059076,3.5525,-0.6522,82.21,2026-09-23,12,,,yahoo,0.0,0.0,1.0,1.0,0.0,1.0,1.0,0.0,1.0,-11.3849,-10.2794,-1.7486,8.1681,11.4352,38.2159,41.55,41.55,48.1163,-13.4537,-13.4537,-25.2644
GNRC,181.6699981689453,181.67,2026-09-10,False,181.00999450683594,184.39999389648438,-2.58,-0.74,BAJO,11033600000.0,43.09,15.82,3.83,9.49,4.72,17.93,5.82,2.62,18.64,0.49,2.04,,YAHOO,-0.0655,1.8078,-1.3143,0.059076,3.5525,-0.6522,82.21,2026-10-28,47,,,yahoo,1.0,0.0,1.0,1.0,1.0,1.0,1.0,0.0,0.0,0.5034,-12.0753,-19.9515,-24.0224,39.23,53.7085,221.25,295.54,295.54,-17.8893,-38.5295,-38.5295
GOOG,330.3900146484375,330.39,2026-09-10,False,325.6510009765625,330.8900146484375,0.61,39.34,BAJO,4102531842048.0,16.84,22.55,6.59,48.68,12.96,34.03,54.77,0.55,23.09,0.19,2.72,,YAHOO,-0.0655,1.8078,-1.3143,0.059076,3.5525,-0.6522,82.21,2026-10-28,47,,,yahoo,1.0,0.0,1.0,1.0,0.0,1.0,1.0,1.0,0.0,-0.9514,-2.5053,-5.722,-6.4292,18.9259,36.181,344.3664,375.1065,398.5413,-4.0586,-11.921,-17.1002
GPC,134.16000366210938,134.16,2026-09-10,False,133.0500030517578,135.36000061035156,-0.8,0.73,BAJO,18429091840.0,534.72,16.1,4.07,0.71,4.48,6.56,0.13,4.98,11.96,1.46,1.16,,YAHOO,-0.0655,1.8078,-1.3143,0.059076,3.5525,-0.6522,82.21,2026-10-20,39,,,yahoo,1.0,0.0,1.0,1.0,1.0,0.0,1.0,1.0,0.0,-1.4186,-3.0724,9.4595,37.3609,29.5533,39.6275,138.4126,138.4126,145.181,-3.0724,-3.0724,-7.5912
GPN,88.55000305175781,88.55,2026-09-10,False,86.18000030517578,88.97000122070312,1.76,6.51,BAJO,23363158016.0,41.84,5.52,1.02,2.43,2.33,16.11,-9.15,33.68,9.47,0.98,0.82,,YAHOO,-0.0655,1.8078,-1.3143,0.059076,3.5525,-0.6522,82.21,2026-11-03,53,,,yahoo,1.0,0.0,1.0,1.0,0.0,1.0,1.0,0.0,0.0,-4.59,-4.744,15.2245,42.2916,40.3437,41.1381,94.83,94.83,94.83,-6.6224,-6.6224,-6.6224
GWW,1271.489990234375,1271.49,2026-09-10,False,1263.5699462890625,1283.3499755859375,-0.57,30.03,BAJO,60289208320.0,32.58,25.08,14.59,46.09,19.93,16.07,9.92,2.07,19.55,0.62,2.81,,YAHOO,-0.0655,1.8078,-1.3143,0.059076,3.5525,-0.6522,82.21,2026-11-04,54,,,yahoo,1.0,0.0,1.0,1.0,0.0,1.0,1.0,0.0,1.0,-1.0398,-4.7851,-8.4579,-3.3133,23.1543,24.3854,1335.39,1399.2974,1399.2974,-4.7851,-9.1337,-9.1337
HAS,90.16000366210938,90.16,2026-09-10,False,87.72000122070312,90.19999694824219,1.34,20.9,BAJO,12911210496.0,16.29,14.03,18.34,159.56,13.08,22.16,15.97,5.33,11.72,5.31,1.66,,YAHOO,-0.0655,1.8078,-1.3143,0.059076,3.5525,-0.6522,82.21,2026-10-22,41,,,yahoo,0.0,0.0,1.0,1.0,1.0,0.0,0.0,0.0,1.0,-3.5722,-6.3662,14.2167,10.3858,25.3915,32.3531,96.74,96.74,103.5827,-6.8017,-6.8017,-12.9584
HBAN,16.729999542236328,16.73,2026-09-10,False,16.420000076293945,16.739999771118164,0.6,-0.65,BAJO,34064195584.0,12.97,8.98,1.15,9.0,0.98,41.93,26.13,,,,,,YAHOO,-0.0655,1.8078,-1.3143,0.059076,3.5525,-0.6522,82.21,2026-10-22,41,,,yahoo,1.0,1.0,1.0,1.0,1.0,0.0,0.0,0.0,0.0,-0.8886,-1.8193,-6.6927,0.2439,14.6961,22.8821,17.95,18.56,18.9052,-6.7967,-9.8599,-11.5059
HCA,421.2099914550781,421.21,2026-09-10,False,415.0400085449219,426.80999755859375,-0.15,8.59,BAJO,92433154048.0,14.32,13.31,-14.01,,12.29,15.16,8.77,4.04,9.29,,0.99,,YAHOO,-0.0655,1.8078,-1.3143,0.059076,3.5525,-0.6522,82.21,2026-10-23,42,,,yahoo,1.0,1.0,1.0,1.0,0.0,0.0,1.0,1.0,1.0,4.763,-1.3929,7.798,13.0482,44.5432,37.7201,429.24,429.24,543.2316,-1.8707,-1.8707,-22.4622
HIG,136.8000030517578,136.8,2026-09-10,False,135.63999938964844,138.5,0.18,7.17,BAJO,36936105984.0,9.42,9.96,1.92,22.06,3.85,17.61,14.89,14.91,6.76,0.22,1.77,,YAHOO,-0.0655,1.8078,-1.3143,0.059076,3.5525,-0.6522,82.21,2026-10-29,48,,,yahoo,1.0,1.0,1.0,1.0,1.0,0.0,1.0,0.0,1.0,-0.2988,-1.7588,-2.4008,6.2975,19.1343,20.7823,140.0,145.0437,145.0437,-2.2857,-5.6836,-5.6836
HII,281.6700134277344,281.67,2026-09-10,False,279.6199951171875,285.1600036621094,0.29,6.36,BAJO,11021072384.0,16.66,13.42,2.07,12.97,4.28,7.08,5.01,-2.72,11.92,0.55,1.23,,YAHOO,-0.0655,1.8078,-1.3143,0.059076,3.5525,-0.6522,82.21,2026-10-29,48,,,yahoo,1.0,1.0,1.0,1.0,1.0,1.0,0.0,1.0,1.0,-2.4418,-4.5264,-0.6587,-2.1258,23.1253,41.9043,326.1888,329.2744,449.6816,-13.6482,-14.4574,-37.3623
HLT,306.239990234375,306.24,2026-09-10,False,305.3999938964844,310.760009765625,-0.24,13.42,BAJO,68912627712.0,45.03,29.29,-10.96,,11.03,62.99,31.03,2.02,26.55,,0.65,,YAHOO,-0.0655,1.8078,-1.3143,0.059076,3.5525,-0.6522,82.21,2026-10-28,47,,,yahoo,1.0,0.0,1.0,1.0,0.0,0.0,1.0,1.0,1.0,-1.6918,-7.9144,-4.9839,-9.4142,19.9654,22.7381,334.5777,350.0606,350.0606,-8.4697,-12.518,-12.518
HPE,55.220001220703125,55.22,2026-09-10,False,55.130001068115234,57.91999816894531,-6.25,131.71,BAJO,82422292480.0,32.01,13.51,3.11,10.94,2.64,12.56,6.67,5.75,14.02,0.76,1.11,,YAHOO,-0.0655,1.8078,-1.3143,0.059076,3.5525,-0.6522,82.21,2026-12-02,82,2026-09-02,9.0,finnhub,1.0,0.0,1.0,1.0,0.0,0.0,0.0,0.0,1.0,6.5406,-0.0181,16.8925,21.7445,110.0875,59.6268,59.82,59.82,59.82,-7.6897,-7.6897,-7.6897
HRL,20.84000015258789,20.84,2026-09-10,False,20.75,21.040000915527344,-0.62,-11.1,BAJO,11320715264.0,33.18,13.24,1.44,4.29,4.63,11.06,2.82,5.49,8.69,0.04,1.88,,YAHOO,-0.0655,1.8078,-1.3143,0.059076,3.5525,-0.6522,82.21,2026-12-02,82,2026-08-27,15.0,finnhub,1.0,0.0,1.0,1.0,0.0,1.0,0.0,0.0,1.0,-5.4875,-12.1046,-14.7997,-13.1747,6.9139,32.0315,24.54,26.1959,26.1959,-15.0774,-20.4456,-20.4456
HSIC,87.30000305175781,87.3,2026-09-10,False,87.11000061035156,88.22000122070312,-0.76,30.57,BAJO,9847416832.0,25.76,14.73,3.13,8.85,4.39,5.76,2.96,4.53,13.95,0.81,1.32,,YAHOO,-0.0655,1.8078,-1.3143,0.059076,3.5525,-0.6522,82.21,2026-11-03,53,,,yahoo,1.0,0.0,1.0,1.0,0.0,0.0,1.0,0.0,0.0,-3.4185,-3.4078,1.7601,10.7166,2.6603,20.5608,90.86,90.86,90.86,-3.9181,-3.9181,-3.9181
HUBB,460.3999938964844,460.4,2026-09-11,False,457.4800109863281,467.0799865722656,1.77,4.41,BAJO,24324116480.0,27.29,20.09,6.22,24.44,8.43,21.67,14.49,2.04,19.46,1.42,1.61,,YAHOO,-0.0655,1.8078,-1.3143,0.059076,3.5525,-0.6522,82.21,2026-10-27,46,,,yahoo,1.0,0.0,1.0,1.0,0.0,0.0,1.0,1.0,0.0,0.0543,-1.7975,-4.5596,-1.5966,26.9227,36.4746,509.8102,537.7237,554.4603,-9.6919,-14.3798,-16.9643
HUM,400.7300109863281,400.73,2026-09-10,False,400.0899963378906,413.3399963378906,0.18,49.65,BAJO,49208905728.0,38.73,24.73,2.56,6.89,3.9,3.46,0.88,3.94,11.16,0.76,1.74,,YAHOO,-0.0655,1.8078,-1.3143,0.059076,3.5525,-0.6522,82.21,2026-11-06,56,,,yahoo,1.0,0.0,1.0,0.0,0.0,0.0,1.0,0.0,1.0,-0.0599,2.4728,-1.298,10.2111,12.1414,33.7199,406.52,409.42,409.42,-1.4243,-2.1225,-2.1225
ICE,155.80999755859375,155.81,2026-09-10,False,155.27999877929688,157.75,-0.44,-7.32,BAJO,88363491328.0,22.2,17.89,2.99,14.09,2.17,52.63,38.25,4.11,16.07,0.69,1.01,,YAHOO,-0.0655,1.8078,-1.3143,0.059076,3.5525,-0.6522,82.21,2026-10-29,48,,,yahoo,1.0,1.0,1.0,1.0,0.0,1.0,1.0,1.0,1.0,-1.2924,-3.7735,13.1764,11.4356,13.7674,28.3436,164.59,164.59,173.9465,-5.3345,-5.3345,-10.4265
IDXX,506.5299987792969,506.53,2026-09-10,False,504.7699890136719,514.2999877929688,-1.67,-19.54,BAJO,39760830464.0,35.47,30.15,24.69,74.21,27.08,34.98,25.03,2.29,25.16,0.68,1.17,,YAHOO,-0.0655,1.8078,-1.3143,0.059076,3.5525,-0.6522,82.21,2026-11-02,52,,,yahoo,1.0,1.0,1.0,1.0,1.0,0.0,1.0,1.0,1.0,-6.0224,-8.4761,-10.2231,-9.0512,26.585,31.6087,566.93,595.76,766.68,-10.6539,-14.9775,-33.932
IEX,221.4600067138672,221.46,2026-09-10,False,219.75,224.57000732421875,-1.62,41.38,BAJO,16528738304.0,32.26,23.29,4.14,12.96,6.84,22.17,14.49,3.36,18.18,0.47,3.05,,YAHOO,-0.0655,1.8078,-1.3143,0.059076,3.5525,-0.6522,82.21,2026-10-28,47,,,yahoo,1.0,0.0,1.0,1.0,1.0,1.0,1.0,1.0,1.0,-1.4024,-5.7176,-0.009,3.5826,16.8137,19.0239,240.39,240.52,240.52,-7.8747,-7.9245,-7.9245
INCY,123.27999877929688,123.28,2026-09-10,False,122.58000183105469,126.30999755859375,-2.17,43.99,BAJO,24621694976.0,15.47,13.67,3.85,30.67,16.83,41.9,27.71,4.8,10.36,0.01,4.59,,YAHOO,-0.0655,1.8078,-1.3143,0.059076,3.5525,-0.6522,82.21,2026-10-27,46,,,yahoo,1.0,1.0,1.0,1.0,1.0,1.0,0.0,1.0,0.0,-4.308,-3.7777,7.9226,16.975,24.8171,35.2786,129.72,129.93,129.93,-4.9645,-5.1181,-5.1181
INTU,312.7699890136719,312.77,2026-09-10,False,309.79998779296875,317.3900146484375,-0.37,-50.74,BAJO,85935079424.0,19.55,11.77,4.61,23.6,10.47,17.64,21.29,7.39,12.73,0.44,1.51,,YAHOO,-0.0655,1.8078,-1.3143,0.059076,3.5525,-0.6522,82.21,2026-11-19,69,2026-08-25,17.0,yahoo,1.0,1.0,1.0,1.0,0.0,1.0,1.0,1.0,1.0,-8.7975,-9.5727,7.941,10.5325,27.1338,46.2825,369.92,369.92,694.2903,-15.4493,-15.4493,-54.9511
INVH,27.559999465942383,27.56,2026-09-10,False,27.479999542236328,28.3799991607666,-2.2,-3.04,BAJO,16265763840.0,25.27,40.31,1.8,7.05,2.48,25.11,23.2,7.19,16.52,0.94,0.43,,YAHOO,-0.0655,1.8078,-1.3143,0.059076,3.5525,-0.6522,82.21,2026-10-28,47,,,yahoo,1.0,1.0,1.0,1.0,0.0,1.0,1.0,0.0,1.0,-4.4383,-7.7952,-8.469,-6.2881,15.2831,18.9558,30.46,30.59,30.59,-9.5207,-9.9052,-9.9052
IQV,257.29998779296875,257.3,2026-09-10,False,252.52999877929688,258.92999267578125,0.12,41.0,BAJO,43087339520.0,32.6,18.1,6.98,22.82,5.06,13.03,8.1,4.99,18.83,2.58,0.71,,YAHOO,-0.0655,1.8078,-1.3143,0.059076,3.5525,-0.6522,82.21,2026-11-03,53,,,yahoo,1.0,0.0,1.0,1.0,1.0,0.0,1.0,0.0,0.0,-2.4788,-1.6099,23.9701,41.2417,22.1268,45.1658,271.62,271.62,271.62,-5.2721,-5.2721,-5.2721
IR,73.08999633789062,73.09,2026-09-10,False,71.6500015258789,73.19999694824219,-0.67,-7.76,BAJO,28296798208.0,30.14,18.62,2.78,9.47,5.1,16.88,12.08,3.91,15.93,0.48,1.62,,YAHOO,-0.0655,1.8078,-1.3143,0.059076,3.5525,-0.6522,82.21,2026-10-29,48,,,yahoo,1.0,0.0,1.0,1.0,1.0,0.0,1.0,0.0,1.0,-2.5467,-8.6032,-6.9409,3.7276,23.4428,31.5035,84.28,89.9788,98.6875,-13.2772,-18.7697,-25.9379
IRM,112.9000015258789,112.9,2026-09-10,False,112.54000091552734,115.44000244140625,-2.01,20.89,BAJO,34289410048.0,81.69,42.22,-26.77,,4.63,19.06,5.54,-1.27,21.33,,0.73,,YAHOO,-0.0655,1.8078,-1.3143,0.059076,3.5525,-0.6522,82.21,2026-11-04,54,,,yahoo,1.0,0.0,1.0,1.0,0.0,1.0,0.0,0.0,0.0,0.9478,-7.0246,-7.7388,-7.8535,24.1167,31.1453,129.9,133.06,133.06,-13.087,-15.1511,-15.1511
IT,170.6199951171875,170.62,2026-09-10,False,169.0800018310547,172.4199981689453,0.55,-25.58,BAJO,11340923904.0,16.15,10.98,-69.13,113.58,10.17,22.62,12.0,9.28,9.53,,0.88,,YAHOO,-0.0655,1.8078,-1.3143,0.059076,3.5525,-0.6522,82.21,2026-11-03,53,,,yahoo,1.0,0.0,1.0,1.0,0.0,0.0,1.0,1.0,1.0,-8.6372,-11.5775,20.7416,10.1414,55.1057,73.8881,202.78,202.78,264.09,-15.8596,-15.8596,-35.3932
ITW,265.20001220703125,265.2,2026-09-10,False,261.3500061035156,265.5400085449219,0.46,4.62,BAJO,76371968000.0,24.31,21.63,26.39,104.62,16.92,26.9,19.39,3.19,17.73,3.35,1.11,,YAHOO,-0.0655,1.8078,-1.3143,0.059076,3.5525,-0.6522,82.21,2026-10-23,42,,,yahoo,1.0,0.0,1.0,1.0,1.0,0.0,1.0,0.0,0.0,-1.4456,-7.1136,-2.3204,6.6499,14.3373,22.1955,290.98,297.32,297.32,-8.8597,-10.8032,-10.8032
IVZ,31.93000030517578,31.93,2026-09-10,False,31.6299991607666,32.41999816894531,-0.5,49.73,BAJO,14251612160.0,,9.87,1.43,-0.57,2.92,19.95,-0.93,8.0,12.78,0.12,0.71,,YAHOO,-0.0655,1.8078,-1.3143,0.059076,3.5525,-0.6522,82.21,2026-10-27,46,,,yahoo,0.0,0.0,1.0,1.0,0.0,1.0,1.0,1.0,1.0,0.662,-3.1837,13.1816,17.0559,21.5253,36.196,33.31,33.31,33.31,-4.1429,-4.1429,-4.1429
JBHT,267.8299865722656,267.83,2026-09-10,False,265.2699890136719,270.20001220703125,0.01,98.24,BAJO,25399296000.0,38.53,26.74,6.95,18.45,7.38,7.42,5.31,3.56,16.01,0.38,1.25,,YAHOO,-0.0655,1.8078,-1.3143,0.059076,3.5525,-0.6522,82.21,2026-10-15,34,,,yahoo,1.0,1.0,1.0,1.0,1.0,0.0,1.0,1.0,1.0,2.9244,1.5893,-5.2008,-4.4411,34.7726,34.4373,283.37,297.9075,297.9075,-5.484,-10.0963,-10.0963
JBL,302.79998779296875,302.8,2026-09-10,False,302.32000732421875,309.5400085449219,-2.75,41.59,BAJO,33330675712.0,39.81,18.89,25.2,65.88,5.01,5.21,2.57,3.64,14.98,2.97,0.98,,YAHOO,-0.0655,1.8078,-1.3143,0.059076,3.5525,-0.6522,82.21,2026-09-30,19,,,yahoo,1.0,0.0,1.0,1.0,1.0,0.0,1.0,0.0,0.0,1.139,-2.6085,-5.9307,-14.0466,29.0765,49.7642,370.28,385.3968,385.5467,-18.224,-21.4316,-21.4622
JKHY,161.4199981689453,161.42,2026-09-10,False,158.75,162.52999877929688,1.86,4.06,BAJO,11296542720.0,23.08,20.59,5.5,24.04,12.99,22.5,19.76,3.12,16.21,0.04,1.17,,YAHOO,-0.0655,1.8078,-1.3143,0.059076,3.5525,-0.6522,82.21,2026-11-03,53,2026-08-18,24.0,yahoo,1.0,1.0,1.0,1.0,0.0,0.0,1.0,1.0,1.0,-3.0073,-6.023,7.4815,26.9746,34.923,33.7008,172.991,172.991,190.3516,-6.6888,-6.6888,-15.199
KEY,21.729999542236328,21.73,2026-09-10,False,21.489999771118164,21.780000686645508,0.0,18.71,BAJO,23306088448.0,12.77,10.22,1.35,10.33,1.08,34.71,27.54,,,,,,YAHOO,-0.0655,1.8078,-1.3143,0.059076,3.5525,-0.6522,82.21,2026-10-20,39,,,yahoo,1.0,1.0,1.0,1.0,1.0,0.0,1.0,0.0,1.0,-0.3211,-0.6876,-5.5206,-0.1906,14.3884,19.4474,23.0889,23.7624,23.7624,-5.8854,-8.5531,-8.5531
KEYS,325.6499938964844,325.65,2026-09-10,False,325.30999755859375,330.6499938964844,-1.62,92.38,BAJO,57651683328.0,45.82,24.81,8.78,20.9,7.23,25.68,19.14,3.24,34.05,0.42,2.02,,YAHOO,-0.0655,1.8078,-1.3143,0.059076,3.5525,-0.6522,82.21,2026-11-24,74,2026-08-18,24.0,yahoo,1.0,1.0,1.0,1.0,0.0,0.0,1.0,0.0,0.0,1.2656,1.1744,1.5024,0.5093,26.7699,46.0664,361.15,373.34,373.34,-9.8297,-12.7739,-12.7739
KHC,24.389999389648438,24.39,2026-09-10,False,24.239999771118164,24.899999618530273,-0.89,-1.15,BAJO,29171265536.0,,11.76,0.81,-8.76,3.63,15.49,-13.64,11.14,8.3,0.53,1.06,,YAHOO,-0.0655,1.8078,-1.3143,0.059076,3.5525,-0.6522,82.21,2026-10-28,47,,,yahoo,0.0,0.0,1.0,1.0,0.0,1.0,1.0,0.0,1.0,-5.6362,-0.0406,-1.7839,3.035,9.3861,33.55,25.8468,27.1854,27.1854,-5.6362,-10.2827,-10.2827
KIM,23.290000915527344,23.29,2026-09-10,False,23.149999618530273,23.719999313354492,-1.19,10.49,BAJO,15555605504.0,26.97,26.35,1.51,5.81,2.37,36.56,27.76,5.6,17.92,0.85,0.97,,YAHOO,-0.0655,1.8078,-1.3143,0.059076,3.5525,-0.6522,82.21,2026-10-29,48,,,yahoo,1.0,1.0,1.0,1.0,1.0,0.0,1.0,1.0,1.0,-2.1351,-1.9315,-6.1495,-7.1479,12.9362,17.322,24.1243,26.0712,26.0712,-3.4582,-10.6677,-10.6677
KMI,30.950000762939453,30.95,2026-09-10,False,30.950000762939453,31.739999771118164,-1.46,18.64,BAJO,68719116288.0,19.91,20.03,2.17,10.99,4.45,30.06,19.3,1.56,13.4,0.99,0.46,,YAHOO,-0.0655,1.8078,-1.3143,0.059076,3.5525,-0.6522,82.21,2026-10-28,47,,,yahoo,1.0,1.0,1.0,1.0,0.0,1.0,0.0,0.0,1.0,-3.1905,-3.3417,-3.1039,-1.8867,26.0863,21.8761,32.87,32.8826,33.9923,-5.8412,-5.8774,-8.9499
KR,56.95000076293945,56.95,2026-09-10,False,56.529998779296875,57.380001068115234,0.9,-12.05,BAJO,35833741312.0,34.2,10.61,6.32,13.78,5.77,3.22,0.71,8.36,8.26,3.73,0.79,,YAHOO,-0.0655,1.8078,-1.3143,0.059076,3.5525,-0.6522,82.21,2026-09-11,0,2026-09-09,2.0,yahoo,1.0,0.0,1.0,1.0,1.0,0.0,1.0,1.0,1.0,-2.1814,-2.6662,-3.3203,-11.0444,23.293,32.2748,59.08,63.693,74.6913,-3.6053,-10.5867,-23.7529
KVUE,17.790000915527344,17.79,2026-09-10,False,17.719999313354492,17.916000366210938,0.23,2.01,BAJO,34151354368.0,20.92,14.34,3.24,15.58,6.99,19.42,10.76,5.59,11.97,0.82,1.0,,YAHOO,-0.0655,1.8078,-1.3143,0.059076,3.5525,-0.6522,82.21,2026-11-05,55,,,yahoo,1.0,1.0,1.0,1.0,1.0,0.0,0.0,1.0,0.0,-7.0047,-7.4402,-6.4571,-0.3418,24.5469,23.4263,19.43,19.6114,19.6114,-8.4406,-9.2875,-9.2875
L,109.08000183105469,109.08,2026-09-10,False,108.13999938964844,109.69000244140625,0.37,14.81,BAJO,22239690752.0,13.35,37.51,1.16,9.31,1.91,14.53,9.02,5.67,7.94,0.45,0.51,,YAHOO,-0.0655,1.8078,-1.3143,0.059076,3.5525,-0.6522,82.21,2026-11-02,52,,,yahoo,1.0,1.0,1.0,1.0,1.0,0.0,1.0,0.0,1.0,0.1285,-1.6943,-6.3166,1.0098,11.1501,15.4161,112.9667,119.3331,119.3331,-3.4405,-8.592,-8.592
LDOS,129.5500030517578,129.55,2026-09-10,False,128.07000732421875,130.7899932861328,1.1,-26.36,BAJO,16170926080.0,12.03,10.11,3.06,27.78,8.91,11.72,7.8,7.09,9.26,1.23,1.63,,YAHOO,-0.0655,1.8078,-1.3143,0.059076,3.5525,-0.6522,82.21,2026-11-03,53,,,yahoo,1.0,1.0,1.0,1.0,0.0,1.0,1.0,1.0,0.0,-3.1619,-5.7338,21.5519,6.8351,27.9678,40.8373,146.31,146.31,197.9062,-11.4551,-11.4551,-34.5397
LH,306.9599914550781,306.96,2026-09-10,False,305.45001220703125,320.6199951171875,-4.4,14.66,BAJO,25265895424.0,25.77,15.72,2.93,11.73,5.53,12.24,6.99,3.53,13.78,0.79,1.8,,YAHOO,-0.0655,1.8078,-1.3143,0.059076,3.5525,-0.6522,82.21,2026-10-27,46,,,yahoo,1.0,1.0,1.0,1.0,1.0,0.0,1.0,1.0,1.0,-7.4474,-8.3706,11.1819,14.5137,27.056,25.522,338.614,338.614,338.614,-9.3481,-9.3481,-9.3481
LII,372.6199951171875,372.62,2026-09-10,False,365.70001220703125,375.2900085449219,-0.84,-31.55,BAJO,12650590208.0,16.26,13.97,9.75,71.76,15.99,22.86,14.87,2.2,12.49,1.56,1.57,,YAHOO,-0.0655,1.8078,-1.3143,0.059076,3.5525,-0.6522,82.21,2026-10-28,47,,,yahoo,1.0,0.0,1.0,0.0,0.0,1.0,1.0,1.0,0.0,-0.369,-5.3591,-32.396,-26.0077,23.9136,53.7907,422.01,572.95,572.95,-11.7035,-34.9647,-34.9647
LNT,67.25,67.25,2026-09-10,False,67.16000366210938,68.43000030517578,-0.9,9.42,BAJO,17439490048.0,21.28,18.25,2.32,11.13,2.45,19.05,18.45,-6.53,16.14,1.61,0.47,,YAHOO,-0.0655,1.8078,-1.3143,0.059076,3.5525,-0.6522,82.21,2026-11-05,55,,,yahoo,1.0,1.0,1.0,1.0,0.0,1.0,0.0,1.0,0.0,-0.7234,-2.4231,-11.5733,-7.1762,14.7556,18.4663,70.6,77.4411,77.4411,-4.745,-13.1598,-13.1598
LOW,196.58999633789062,196.59,2026-09-10,False,195.05999755859375,198.10000610351562,-1.01,-23.67,BAJO,110426652672.0,16.64,15.11,-14.85,,12.52,13.36,7.35,4.18,11.73,,1.1,,YAHOO,-0.0655,1.8078,-1.3143,0.059076,3.5525,-0.6522,82.21,2026-11-18,68,2026-08-19,23.0,yahoo,1.0,0.0,1.0,1.0,1.0,0.0,0.0,1.0,0.0,-1.6263,-6.5459,-4.7641,-8.5041,21.0557,28.7641,220.0,226.1026,284.2603,-10.6409,-13.0528,-30.8416
LULU,96.87999725341797,96.88,2026-09-10,False,95.66999816894531,99.62000274658203,-2.85,-39.83,BAJO,10956971008.0,8.15,10.92,2.31,30.9,14.4,13.21,12.78,10.48,4.91,0.45,2.19,,YAHOO,-0.0655,1.8078,-1.3143,0.059076,3.5525,-0.6522,82.21,2026-12-09,89,2026-09-03,8.0,finnhub,1.0,0.0,1.0,1.0,0.0,1.0,1.0,0.0,0.0,-19.3137,-16.734,-19.468,-18.5403,135.1542,53.3114,122.78,128.58,215.88,-21.0946,-24.6539,-55.1232
LUV,38.689998626708984,38.69,2026-09-10,False,38.099998474121094,39.029998779296875,0.03,27.65,BAJO,19196530688.0,24.53,8.33,2.71,11.1,2.32,3.38,2.78,-4.35,9.54,0.97,0.49,,YAHOO,-0.0655,1.8078,-1.3143,0.059076,3.5525,-0.6522,82.21,2026-10-21,40,,,yahoo,1.0,1.0,1.0,1.0,0.0,0.0,1.0,1.0,1.0,0.6766,-4.4229,-18.8831,-5.6982,30.4398,34.9558,44.6608,51.8472,54.0738,-13.3693,-25.3768,-28.4496
LW,47.31999969482422,47.32,2026-09-10,False,47.20000076293945,48.22999954223633,-1.68,-11.62,BAJO,6578568704.0,23.0,14.18,3.6,16.28,6.03,9.77,4.39,6.88,9.55,2.21,1.42,,YAHOO,-0.0655,1.8078,-1.3143,0.059076,3.5525,-0.6522,82.21,2026-10-06,25,,,yahoo,1.0,0.0,1.0,1.0,1.0,1.0,1.0,0.0,1.0,-9.7119,-14.3684,1.4645,8.0172,11.5978,32.6688,55.36,55.36,64.5724,-14.5231,-14.5231,-26.7179
LYB,64.30000305175781,64.3,2026-09-10,False,64.26000213623047,66.0999984741211,-0.33,26.71,BAJO,20574285824.0,,9.94,1.93,-2.27,4.11,17.92,-1.13,5.97,9.07,1.33,1.64,,YAHOO,-0.0655,1.8078,-1.3143,0.059076,3.5525,-0.6522,82.21,2026-10-30,49,,,yahoo,0.0,0.0,1.0,1.0,0.0,0.0,1.0,0.0,0.0,-3.4099,2.6829,11.3919,-0.2858,23.3841,34.5391,67.4042,67.4042,80.6941,-4.6053,-4.6053,-20.3164
LYV,170.0800018310547,170.08,2026-09-10,False,168.47000122070312,172.47999572753906,0.05,0.58,BAJO,39638056960.0,,90.12,476.61,17.68,2.1,6.7,0.51,4.28,28.11,6.2,0.85,,YAHOO,-0.0655,1.8078,-1.3143,0.059076,3.5525,-0.6522,82.21,2026-11-03,53,,,yahoo,1.0,0.0,1.0,1.0,0.0,1.0,0.0,1.0,0.0,-5.2954,-6.8769,-7.1869,1.5403,17.7751,25.261,188.46,188.46,188.46,-9.7527,-9.7527,-9.7527
MAA,124.4800033569336,124.48,2026-09-10,False,124.19000244140625,128.24000549316406,-2.35,-6.76,BAJO,14845492224.0,36.49,38.05,2.66,7.05,3.13,25.36,18.17,6.21,16.39,1.02,0.05,,YAHOO,-0.0655,1.8078,-1.3143,0.059076,3.5525,-0.6522,82.21,2026-10-28,47,,,yahoo,1.0,0.0,1.0,1.0,1.0,1.0,1.0,0.0,0.0,-3.2113,-5.3384,-7.3359,-9.9147,16.4843,19.8114,134.2,140.5626,140.5626,-7.2429,-11.4416,-11.4416
MAR,329.07000732421875,329.07,2026-09-10,False,328.6000061035156,334.1199951171875,-0.74,27.5,BAJO,87275872256.0,34.61,25.44,-19.36,,9.76,65.28,35.03,2.36,21.73,,0.54,,YAHOO,-0.0655,1.8078,-1.3143,0.059076,3.5525,-0.6522,82.21,2026-11-03,53,,,yahoo,1.0,1.0,1.0,1.0,0.0,1.0,1.0,1.0,0.0,-1.2217,-8.2527,-9.1303,-14.6263,21.3816,26.4995,360.2,398.2906,401.7236,-8.6424,-17.3794,-18.0855
MAS,67.63999938964844,67.64,2026-09-10,False,67.19000244140625,68.98999786376953,-2.51,-4.78,BAJO,13511281664.0,15.79,14.7,-37.02,5862.5,15.86,23.64,11.61,6.64,10.96,,1.86,,YAHOO,-0.0655,1.8078,-1.3143,0.059076,3.5525,-0.6522,82.21,2026-10-29,48,,,yahoo,1.0,0.0,1.0,1.0,1.0,1.0,1.0,0.0,0.0,-4.6518,-8.0978,-10.8209,-4.1391,33.1563,40.3149,74.9214,82.4086,82.4086,-9.7188,-17.9212,-17.9212
MCHP,71.58000183105469,71.58,2026-09-10,False,70.94000244140625,72.5999984741211,-1.96,14.52,BAJO,40291246080.0,109.12,16.25,6.25,7.19,3.54,23.96,9.34,3.39,30.16,0.84,1.92,,YAHOO,-0.0655,1.8078,-1.3143,0.059076,3.5525,-0.6522,82.21,2026-11-05,55,,,yahoo,1.0,1.0,1.0,1.0,0.0,0.0,0.0,1.0,1.0,-1.6218,-3.3356,-14.5071,-18.0859,22.9082,58.4176,79.78,102.0957,102.0957,-10.2783,-29.8893,-29.8893
MCK,880.8599853515625,880.86,2026-09-10,False,879.239990234375,904.8300170898438,-1.21,26.28,BAJO,102775570432.0,23.66,17.47,-24.12,,4.74,1.35,1.12,6.62,15.88,,0.89,,YAHOO,-0.0655,1.8078,-1.3143,0.059076,3.5525,-0.6522,82.21,2026-11-04,54,,,yahoo,1.0,1.0,1.0,1.0,0.0,0.0,1.0,0.0,1.0,-4.7492,-1.6566,8.5582,11.5576,15.9276,32.8979,924.78,924.78,993.5343,-4.7492,-4.7492,-11.3408
MCO,467.3599853515625,467.36,2026-09-10,False,466.42999267578125,474.5,-1.52,-5.79,BAJO,82252316672.0,30.16,25.09,27.19,76.93,15.62,49.47,34.25,3.14,21.52,2.41,1.19,,YAHOO,-0.0655,1.8078,-1.3143,0.059076,3.5525,-0.6522,82.21,2026-10-21,40,,,yahoo,1.0,1.0,1.0,1.0,0.0,1.0,1.0,1.0,1.0,-4.6204,-9.1711,-5.5217,3.9179,8.2495,28.1792,514.95,517.9255,536.0317,-9.2417,-9.7631,-12.8111
MET,96.77999877929688,96.78,2026-09-10,False,96.0199966430664,96.91000366210938,1.14,26.7,BAJO,61730230272.0,18.61,8.9,2.26,13.09,0.45,5.52,4.57,-33.94,14.07,1.8,2.03,,YAHOO,-0.0655,1.8078,-1.3143,0.059076,3.5525,-0.6522,82.21,2026-11-09,59,,,yahoo,1.0,0.0,1.0,1.0,1.0,0.0,1.0,0.0,0.0,0.3734,0.2694,4.6755,13.0612,24.5545,23.937,99.23,99.95,99.95,-2.469,-3.1716,-3.1716
MGM,40.72999954223633,40.73,2026-09-10,False,40.459999084472656,41.119998931884766,0.17,14.36,BAJO,10205905920.0,24.18,19.31,3.99,18.92,1.77,6.79,2.4,8.61,17.12,8.93,1.33,,YAHOO,-0.0655,1.8078,-1.3143,0.059076,3.5525,-0.6522,82.21,2026-10-28,47,,,yahoo,1.0,0.0,1.0,1.0,1.0,0.0,1.0,0.0,1.0,-1.7133,-6.2816,-13.7807,-13.1742,10.1933,20.9231,44.1,49.69,50.69,-7.6417,-18.0318,-19.6488
MKC,51.099998474121094,51.1,2026-09-10,False,50.81999969482422,51.849998474121094,-0.74,-22.02,BAJO,13797462016.0,8.54,15.56,1.97,24.73,5.14,17.42,21.91,5.18,13.07,0.65,0.78,,YAHOO,-0.0655,1.8078,-1.3143,0.059076,3.5525,-0.6522,82.21,2026-10-01,20,,,yahoo,1.0,0.0,1.0,1.0,1.0,0.0,0.0,0.0,1.0,-5.0186,-7.2595,-4.9302,3.7695,4.1137,31.391,56.48,56.48,70.3792,-9.5255,-9.5255,-27.3934
MLM,502.4700012207031,502.47,2026-09-10,False,491.6199951171875,503.2699890136719,-0.1,-17.01,BAJO,36217044992.0,33.16,23.14,2.65,8.89,4.57,20.18,36.74,1.64,17.34,0.55,1.41,,YAHOO,-0.0655,1.8078,-1.3143,0.059076,3.5525,-0.6522,82.21,2026-11-03,53,,,yahoo,1.0,0.0,1.0,1.0,1.0,1.0,1.0,1.0,1.0,-2.8236,-5.4295,-11.6036,-8.9686,19.0179,32.4307,547.0427,627.9214,705.0884,-8.1479,-19.9788,-28.7366
MNST,43.09000015258789,43.09,2026-09-10,False,42.52000045776367,43.529998779296875,0.58,38.23,BAJO,85022851072.0,40.19,33.15,9.08,25.7,17.48,29.18,23.08,1.98,27.85,0.01,3.73,,YAHOO,-0.0655,1.8078,-1.3143,0.059076,3.5525,-0.6522,82.21,2026-11-05,55,,,yahoo,1.0,0.0,1.0,1.0,0.0,1.0,0.0,1.0,0.0,-2.9941,-9.8724,-11.2187,-5.5147,13.8166,24.8361,48.92,49.97,49.97,-11.9174,-13.7683,-13.7683
MOH,200.27999877929688,200.28,2026-09-10,False,196.19000244140625,207.5,3.17,12.86,BAJO,10660805632.0,1276.44,20.97,2.55,-0.16,1.16,1.4,-0.02,6.57,14.61,0.95,1.68,,YAHOO,-0.0655,1.8078,-1.3143,0.059076,3.5525,-0.6522,82.21,2026-10-21,40,,,yahoo,1.0,0.0,0.0,0.0,0.0,1.0,1.0,0.0,1.0,-1.1549,-1.0621,-17.5395,1.2077,37.7784,41.51,212.43,242.88,242.88,-5.7195,-17.5395,-17.5395
MPC,392.4200134277344,392.42,2026-09-10,False,392.2200012207031,405.1300048828125,-1.76,120.65,BAJO,111186952192.0,13.73,11.66,5.87,42.1,8.74,13.56,5.55,8.32,9.38,1.33,1.25,,YAHOO,-0.0655,1.8078,-1.3143,0.059076,3.5525,-0.6522,82.21,2026-11-03,53,,,yahoo,1.0,1.0,1.0,1.0,0.0,1.0,1.0,1.0,0.0,1.4005,8.3225,32.5433,49.4586,26.1977,33.4272,399.44,399.44,399.44,-1.7575,-1.7575,-1.7575
MPWR,1186.0799560546875,1186.08,2026-09-10,False,1175.949951171875,1205.199951171875,-1.47,40.73,BAJO,60665065472.0,75.41,35.4,15.57,21.98,13.57,30.99,24.5,0.73,59.26,0.0,4.97,,YAHOO,-0.0655,1.8078,-1.3143,0.059076,3.5525,-0.6522,82.21,2026-10-29,48,,,yahoo,1.0,0.0,1.0,1.0,0.0,1.0,0.0,0.0,1.0,-2.7293,-9.0346,-8.1541,-19.358,16.4605,56.9754,1415.99,1561.3176,1687.3154,-16.2367,-24.0334,-29.7061
MSCI,547.5999755859375,547.6,2026-09-10,False,545.1199951171875,555.7999877929688,-1.25,-0.31,BAJO,40320147456.0,30.32,24.65,-14.99,,21.13,56.3,40.73,2.96,23.44,,0.89,,YAHOO,-0.0655,1.8078,-1.3143,0.059076,3.5525,-0.6522,82.21,2026-10-20,39,,,yahoo,1.0,1.0,1.0,1.0,0.0,1.0,1.0,1.0,1.0,-2.3242,-2.9457,-11.3944,-9.6893,29.8343,35.2044,574.65,634.9691,641.5356,-4.7072,-13.7596,-14.6423
MTB,239.02000427246094,239.02,2026-09-10,False,236.13999938964844,239.30999755859375,0.43,25.13,BAJO,34635350016.0,12.7,11.37,1.36,10.74,1.41,45.11,32.09,,,,,,YAHOO,-0.0655,1.8078,-1.3143,0.059076,3.5525,-0.6522,82.21,2026-10-16,35,,,yahoo,1.0,1.0,1.0,1.0,1.0,0.0,1.0,0.0,1.0,1.5033,-0.4047,-0.8194,7.4275,6.6113,19.0705,252.4608,252.4608,252.4608,-5.3239,-5.3239,-5.3239
MTCH,41.81999969482422,41.82,2026-09-10,False,41.2400016784668,41.9900016784668,0.94,13.96,BAJO,9888167936.0,15.03,9.26,-41.12,,17.36,28.77,20.17,9.41,10.78,,1.72,,YAHOO,-0.0655,1.8078,-1.3143,0.059076,3.5525,-0.6522,82.21,2026-11-03,53,,,yahoo,1.0,1.0,1.0,1.0,1.0,0.0,1.0,1.0,1.0,-1.4609,-0.5942,8.5106,22.3966,21.5492,36.7082,42.44,42.44,42.44,-1.4609,-1.4609,-1.4609
MTD,1280.5799560546875,1280.58,2026-09-10,False,1266.550048828125,1296.6500244140625,-0.76,3.27,BAJO,25917691904.0,29.19,25.02,2021.13,,21.1,31.2,21.91,2.68,21.95,166.68,1.12,,YAHOO,-0.0655,1.8078,-1.3143,0.059076,3.5525,-0.6522,82.21,2026-11-05,55,,,yahoo,1.0,0.0,1.0,1.0,1.0,1.0,1.0,0.0,0.0,-6.3726,-8.4293,-1.4582,13.0226,13.9997,26.0043,1430.76,1445.0,1506.02,-10.4965,-11.3785,-14.9693
NCLH,14.569999694824219,14.57,2026-09-10,False,14.449999809265137,14.829999923706055,-1.89,-41.64,BAJO,6805163520.0,8.98,8.76,2.65,36.73,4.25,14.04,7.49,-24.69,8.7,6.21,0.2,,YAHOO,-0.0655,1.8078,-1.3143,0.059076,3.5525,-0.6522,82.21,2026-11-04,54,,,yahoo,1.0,0.0,1.0,1.0,0.0,1.0,0.0,1.0,0.0,-6.4226,-14.7455,-25.7769,-18.6942,22.5778,47.2282,19.55,21.92,26.94,-25.4731,-33.531,-45.9169
NDAQ,92.01000213623047,92.01,2026-09-10,False,91.7300033569336,94.45999908447266,-2.35,-0.51,BAJO,50973147136.0,26.59,19.49,4.27,16.52,5.85,49.33,35.04,3.32,17.82,0.78,1.01,,YAHOO,-0.0655,1.8078,-1.3143,0.059076,3.5525,-0.6522,82.21,2026-10-22,41,,,yahoo,1.0,1.0,1.0,1.0,1.0,1.0,1.0,1.0,1.0,-3.8759,-7.4997,3.1387,6.4806,9.9329,31.7193,99.47,99.47,100.3015,-7.4997,-7.4997,-8.2666
NDSN,307.45001220703125,307.45,2026-09-10,False,306.9200134277344,310.04998779296875,-1.77,40.71,BAJO,17515780096.0,31.86,24.3,5.36,17.76,8.47,27.4,18.63,3.5,20.07,0.56,1.82,,YAHOO,-0.0655,1.8078,-1.3143,0.059076,3.5525,-0.6522,82.21,2026-12-08,88,2026-08-19,23.0,finnhub,1.0,1.0,1.0,1.0,1.0,0.0,1.0,0.0,1.0,-2.6077,-7.8327,7.6009,11.0123,13.543,26.0859,333.6978,333.6978,333.6978,-7.8657,-7.8657,-7.8657
NI,41.41999816894531,41.42,2026-09-10,False,41.36000061035156,42.0,-0.6,5.48,BAJO,19858583552.0,22.03,18.38,2.07,8.55,3.24,17.16,13.15,-8.93,13.07,1.47,0.5,,YAHOO,-0.0655,1.8078,-1.3143,0.059076,3.5525,-0.6522,82.21,2026-10-28,47,,,yahoo,1.0,1.0,1.0,1.0,0.0,1.0,0.0,0.0,1.0,0.6561,0.7051,-11.4137,-10.5779,14.5488,19.8818,42.5,48.7533,48.7533,-2.5412,-15.0417,-15.0417
NOC,518.9500122070312,518.95,2026-09-10,False,516.0,523.3800048828125,0.66,-7.99,BAJO,73726443520.0,16.5,17.05,4.12,26.96,7.15,11.6,10.48,3.36,12.2,0.95,1.17,,YAHOO,-0.0655,1.8078,-1.3143,0.059076,3.5525,-0.6522,82.21,2026-10-20,39,,,yahoo,1.0,0.0,1.0,1.0,1.0,1.0,1.0,0.0,0.0,-0.9297,-5.2077,-3.7854,-3.8422,23.9054,28.8006,586.4728,586.4728,761.1927,-11.5134,-11.5134,-31.8241
NRG,111.6500015258789,111.65,2026-09-10,False,111.47000122070312,114.95999908447266,-3.22,-28.83,BAJO,23850481664.0,29.55,10.13,5.67,23.77,4.06,12.77,2.56,3.24,14.7,4.83,0.97,,YAHOO,-0.0655,1.8078,-1.3143,0.059076,3.5525,-0.6522,82.21,2026-11-05,55,,,yahoo,1.0,0.0,1.0,1.0,0.0,1.0,1.0,0.0,0.0,0.5041,-3.866,-19.6685,-7.1311,73.6731,56.6878,126.24,148.8317,182.8192,-11.5573,-24.9824,-38.9287
NSC,323.29998779296875,323.3,2026-09-10,False,321.8399963378906,325.8900146484375,0.0,21.86,BAJO,71935320064.0,27.28,22.36,4.43,16.98,5.95,35.3,21.02,1.92,15.66,1.06,0.83,,YAHOO,-0.0655,1.8078,-1.3143,0.059076,3.5525,-0.6522,82.21,2026-10-22,41,,,yahoo,1.0,1.0,1.0,1.0,1.0,0.0,1.0,0.0,0.0,-2.0481,-8.3305,-0.919,5.0657,12.8808,22.216,352.98,352.98,352.98,-8.4084,-8.4084,-8.4084
NTAP,183.60000610351562,183.6,2026-09-10,False,182.22999572753906,186.16000366210938,-0.62,52.29,BAJO,39142379520.0,28.11,18.04,26.12,114.82,11.66,26.67,19.18,2.99,18.19,1.69,1.24,,YAHOO,-0.0655,1.8078,-1.3143,0.059076,3.5525,-0.6522,82.21,2026-12-01,81,2026-09-02,9.0,yahoo,1.0,1.0,1.0,1.0,0.0,1.0,1.0,1.0,1.0,1.5655,-5.2876,11.999,14.6257,27.8132,40.1417,207.08,207.08,207.08,-11.3386,-11.3386,-11.3386
NTRS,187.19000244140625,187.19,2026-09-10,False,183.74000549316406,187.8000030517578,1.35,51.51,BAJO,34613379072.0,16.25,14.92,2.77,17.07,1.28,42.5,24.67,,,,,,YAHOO,-0.0655,1.8078,-1.3143,0.059076,3.5525,-0.6522,82.21,2026-10-21,40,,,yahoo,1.0,0.0,1.0,1.0,1.0,0.0,1.0,0.0,0.0,2.2247,0.22,2.1525,13.2083,15.0412,20.506,190.5711,190.5711,190.5711,-1.7742,-1.7742,-1.7742
NVR,6088.27978515625,6088.2798,2026-09-10,False,6057.83984375,6258.97998046875,-1.6,-25.9,BAJO,16499457024.0,16.01,14.97,4.87,31.54,16.55,13.89,11.85,5.57,10.68,0.32,5.67,,YAHOO,-0.0655,1.8078,-1.3143,0.059076,3.5525,-0.6522,82.21,2026-10-21,40,,,yahoo,1.0,0.0,1.0,0.0,0.0,1.0,1.0,0.0,1.0,-3.7723,-4.3944,-5.432,-3.4379,26.7587,30.192,6433.7402,6828.6201,8532.9805,-5.3695,-10.8417,-28.65
NWS,32.779998779296875,32.78,2026-09-10,False,32.4900016784668,33.02000045776367,-0.91,5.62,BAJO,17547413504.0,31.76,21.64,2.08,7.98,4.66,12.54,6.35,5.96,14.37,0.32,1.62,,YAHOO,-0.0655,1.8078,-1.3143,0.059076,3.5525,-0.6522,82.21,2026-11-05,55,,,yahoo,1.0,0.0,1.0,1.0,0.0,0.0,1.0,0.0,1.0,-4.4504,-6.7009,4.6756,6.4033,13.1727,29.9036,35.2141,35.2141,35.2141,-6.9122,-6.9122,-6.9122
NWSA,29.3799991607666,29.38,2026-09-10,False,29.06999969482422,29.670000076293945,-0.78,3.95,BAJO,15793209344.0,28.58,19.47,1.88,7.98,4.66,12.54,6.35,6.62,13.04,0.32,1.62,,YAHOO,-0.0655,1.8078,-1.3143,0.059076,3.5525,-0.6522,82.21,2026-11-05,55,,,yahoo,1.0,0.0,1.0,1.0,0.0,0.0,1.0,0.0,1.0,-3.821,-4.7841,6.3067,9.3024,11.9336,27.9432,31.0854,31.0854,31.0854,-5.4862,-5.4862,-5.4862
NXPI,226.47000122070312,226.47,2026-09-10,False,218.4499969482422,226.92999267578125,1.41,6.18,BAJO,59667087360.0,20.17,13.08,5.24,27.92,10.46,30.41,22.56,5.96,13.38,0.93,2.04,,YAHOO,-0.0655,1.8078,-1.3143,0.059076,3.5525,-0.6522,82.21,2026-10-26,45,,,yahoo,1.0,0.0,1.0,1.0,1.0,0.0,1.0,0.0,0.0,-0.8884,1.4878,-18.6501,-20.4236,23.4956,43.9294,234.71,322.1472,331.5454,-3.5107,-29.6998,-31.6926
ODFL,180.5500030517578,180.55,2026-09-10,False,180.27999877929688,182.9499969482422,-0.77,25.23,BAJO,37390618624.0,34.58,27.03,8.2,24.82,15.78,28.84,19.44,2.6,20.64,0.0,1.89,,YAHOO,-0.0655,1.8078,-1.3143,0.059076,3.5525,-0.6522,82.21,2026-10-28,47,,,yahoo,1.0,0.0,1.0,1.0,1.0,1.0,1.0,0.0,0.0,-3.7631,-9.3264,-22.3571,-23.3607,23.0346,31.5857,215.3955,236.7822,248.3443,-16.1774,-23.7485,-27.2985
OKE,95.72000122070312,95.72,2026-09-10,False,94.95999908447266,96.66999816894531,-0.1,38.64,BAJO,60906319872.0,16.69,15.54,2.66,16.28,5.77,13.25,9.29,1.48,12.24,1.43,0.74,,YAHOO,-0.0655,1.8078,-1.3143,0.059076,3.5525,-0.6522,82.21,2026-10-27,46,,,yahoo,1.0,1.0,1.0,1.0,1.0,0.0,0.0,0.0,1.0,-0.3021,0.8641,5.067,6.9463,25.7231,25.8227,97.51,97.51,97.51,-1.8357,-1.8357,-1.8357
OMC,79.44999694824219,79.45,2026-09-10,False,77.97000122070312,79.80999755859375,1.47,8.83,BAJO,21676075008.0,213.54,6.56,2.24,6.05,5.09,15.38,1.74,19.66,8.35,1.08,0.92,,YAHOO,-0.0655,1.8078,-1.3143,0.059076,3.5525,-0.6522,82.21,2026-10-20,39,,,yahoo,0.0,0.0,1.0,1.0,1.0,0.0,0.0,0.0,0.0,-2.8253,-9.6029,-3.7553,7.3939,34.0648,38.409,88.94,88.94,88.94,-10.6701,-10.6701,-10.6701
ON,70.16999816894531,70.17,2026-09-10,False,68.79000091552734,70.55000305175781,-1.14,46.85,BAJO,29642719232.0,49.76,16.81,4.11,8.31,6.75,19.53,10.17,5.59,13.48,0.65,3.46,,YAHOO,-0.0655,1.8078,-1.3143,0.059076,3.5525,-0.6522,82.21,2026-11-02,52,,,yahoo,1.0,0.0,1.0,1.0,0.0,0.0,1.0,0.0,0.0,-2.9997,-4.1655,-22.3526,-36.3075,37.1178,75.9696,83.38,131.55,133.93,-15.8431,-46.6591,-47.607
OTIS,67.88999938964844,67.89,2026-09-10,False,67.63999938964844,69.32499694824219,-2.03,-19.8,BAJO,26304251904.0,17.76,15.21,-4.58,,14.25,15.13,10.17,5.46,13.12,,0.83,,YAHOO,-0.0655,1.8078,-1.3143,0.059076,3.5525,-0.6522,82.21,2026-10-28,47,,,yahoo,1.0,0.0,1.0,1.0,0.0,0.0,1.0,1.0,1.0,-4.1508,-6.1774,-6.9715,-1.9502,11.3509,22.1376,72.63,74.5481,92.4955,-6.5262,-8.9313,-26.6019
PAYC,216.0399932861328,216.04,2026-09-10,False,214.99000549316406,219.1199951171875,0.21,-0.21,BAJO,9866628096.0,23.19,15.69,16.66,41.09,8.78,31.72,22.78,4.29,14.26,1.72,1.07,,YAHOO,-0.0655,1.8078,-1.3143,0.059076,3.5525,-0.6522,82.21,2026-11-04,54,,,yahoo,1.0,0.0,1.0,1.0,0.0,0.0,1.0,1.0,0.0,-8.5545,-7.0036,47.7094,58.2755,38.7239,65.0658,240.52,240.52,240.52,-10.178,-10.178,-10.178
PAYX,115.18000030517578,115.18,2026-09-10,False,114.51000213623047,115.80999755859375,0.37,-8.57,BAJO,41222541312.0,23.68,18.12,11.02,,,38.32,26.63,,27.78,1.24,1.15,,YAHOO,-0.0655,1.8078,-1.3143,0.059076,3.5525,-0.6522,82.21,2026-09-23,12,,,yahoo,1.0,1.0,1.0,1.0,0.0,0.0,1.0,1.0,1.0,-7.1129,-7.7675,5.0829,15.113,28.7666,32.8185,127.34,127.34,129.7454,-9.5492,-9.5492,-11.2262
PCG,14.029999732971191,14.03,2026-09-10,False,13.850000381469727,14.34000015258789,-1.13,-6.02,BAJO,30392664064.0,9.93,7.66,0.94,9.32,2.57,24.79,11.83,-20.24,9.18,1.89,1.22,,YAHOO,-0.0655,1.8078,-1.3143,0.059076,3.5525,-0.6522,82.21,2026-10-22,41,,,yahoo,1.0,1.0,1.0,1.0,0.0,0.0,0.0,1.0,0.0,5.2513,-22.9967,-19.2286,-15.8444,56.7775,55.3318,18.36,18.36,19.0001,-23.5839,-23.5839,-26.1582
PEG,72.4800033569336,72.48,2026-09-10,False,72.25,73.27999877929688,-0.17,-7.21,BAJO,36080627712.0,18.01,15.49,2.08,11.83,3.24,18.87,16.04,0.3,13.57,1.42,0.88,,YAHOO,-0.0655,1.8078,-1.3143,0.059076,3.5525,-0.6522,82.21,2026-11-02,52,,,yahoo,1.0,1.0,1.0,1.0,0.0,1.0,1.0,1.0,1.0,-0.2454,-1.2021,-9.5808,-6.9346,13.3517,15.6837,75.3538,82.8257,84.7417,-3.8137,-12.4909,-14.4694
PFG,114.95999908447266,114.96,2026-09-10,False,114.2300033569336,115.31999969482422,0.82,49.58,BAJO,24871464960.0,16.55,11.18,2.05,12.95,0.35,12.34,9.93,4.25,10.94,0.35,1.59,,YAHOO,-0.0655,1.8078,-1.3143,0.059076,3.5525,-0.6522,82.21,2026-10-26,45,,,yahoo,1.0,0.0,1.0,1.0,1.0,0.0,1.0,0.0,0.0,4.0644,3.2298,1.9577,6.0655,17.2877,25.6371,118.51,118.51,118.51,-2.9955,-2.9955,-2.9955
PGR,216.19000244140625,216.19,2026-09-10,False,215.1300048828125,219.0,0.32,-5.5,BAJO,126458986496.0,10.92,13.36,3.68,34.94,7.84,18.21,12.85,11.95,8.62,0.24,0.29,,YAHOO,-0.0655,1.8078,-1.3143,0.059076,3.5525,-0.6522,82.21,2026-10-14,33,,,yahoo,1.0,1.0,1.0,1.0,1.0,0.0,0.0,0.0,0.0,-2.3444,-2.8403,-7.8002,5.9187,21.4152,35.0362,223.92,234.48,234.48,-3.4521,-7.8002,-7.8002
PH,934.3400268554688,934.34,2026-09-10,False,929.239990234375,944.4600219726562,-1.59,24.17,BAJO,119774085120.0,33.34,24.27,7.78,25.08,9.79,23.46,16.97,2.47,22.6,0.57,1.26,,YAHOO,-0.0655,1.8078,-1.3143,0.059076,3.5525,-0.6522,82.21,2026-11-05,55,,,yahoo,1.0,0.0,1.0,1.0,1.0,1.0,1.0,1.0,1.0,-1.5842,-9.9345,-1.5809,6.9235,9.2408,26.9769,1056.7417,1071.7115,1071.7115,-11.5829,-12.818,-12.818
PHM,116.41000366210938,116.41,2026-09-10,False,114.77999877929688,117.58000183105469,-2.12,-12.28,BAJO,22526916608.0,12.08,10.53,1.71,14.9,9.21,15.69,11.62,4.79,8.46,0.19,7.27,,YAHOO,-0.0655,1.8078,-1.3143,0.059076,3.5525,-0.6522,82.21,2026-10-22,41,,,yahoo,1.0,0.0,1.0,0.0,1.0,1.0,1.0,0.0,0.0,-5.8933,-10.4745,-5.9313,-1.547,24.7774,35.4798,130.86,137.94,141.9555,-11.0423,-15.6082,-17.9954
PKG,232.41000366210938,232.41,2026-09-10,False,225.3300018310547,233.4499969482422,2.26,12.84,BAJO,20884639744.0,30.48,17.87,4.45,14.89,8.28,13.12,7.26,2.07,12.28,0.94,2.94,,YAHOO,-0.0655,1.8078,-1.3143,0.059076,3.5525,-0.6522,82.21,2026-10-21,40,,,yahoo,1.0,0.0,1.0,1.0,0.0,0.0,1.0,0.0,0.0,-0.4839,-5.7848,2.9,7.9891,35.8001,28.8302,257.05,257.43,257.43,-9.5857,-9.7191,-9.7191
PNC,242.97999572753906,242.98,2026-09-10,False,239.72000122070312,243.02000427246094,0.95,25.37,BAJO,97438007296.0,13.46,11.41,1.68,12.62,1.31,38.69,31.37,,,,,,YAHOO,-0.0655,1.8078,-1.3143,0.059076,3.5525,-0.6522,82.21,2026-10-15,34,,,yahoo,1.0,1.0,1.0,0.0,1.0,0.0,1.0,0.0,1.0,0.2145,-0.6907,-3.1374,5.2773,15.2621,17.2096,256.97,256.97,256.97,-5.4442,-5.4442,-5.4442
PNR,56.72999954223633,56.73,2026-09-10,False,56.25,57.29999923706055,-1.37,-46.38,BAJO,9030168576.0,14.58,10.95,2.41,17.13,8.66,23.44,16.24,6.18,10.35,0.47,1.45,,YAHOO,-0.0655,1.8078,-1.3143,0.059076,3.5525,-0.6522,82.21,2026-10-20,39,,,yahoo,1.0,0.0,1.0,1.0,1.0,1.0,1.0,1.0,0.0,-5.1972,-9.7518,-25.5483,-20.1991,19.8984,42.3696,66.87,76.3863,111.2284,-15.1638,-25.7327,-48.9968
PNW,96.58999633789062,96.59,2026-09-10,False,96.37999725341797,97.68000030517578,-0.61,15.57,BAJO,11647053824.0,18.45,17.26,1.66,9.37,2.33,21.34,11.53,-7.98,13.11,2.33,0.59,,YAHOO,-0.0655,1.8078,-1.3143,0.059076,3.5525,-0.6522,82.21,2026-11-03,53,,,yahoo,1.0,0.0,1.0,1.0,1.0,0.0,0.0,0.0,0.0,-0.8113,-2.1279,-10.275,-5.4624,9.7997,17.2753,101.48,108.3845,108.3845,-4.8187,-10.8821,-10.8821
PODD,134.67999267578125,134.68,2026-09-10,False,134.11000061035156,138.66000366210938,-2.35,-59.05,BAJO,9151980544.0,24.76,17.11,6.43,26.02,9.71,16.18,12.29,2.59,15.56,0.67,2.48,,YAHOO,-0.0655,1.8078,-1.3143,0.059076,3.5525,-0.6522,82.21,2026-11-05,55,,,yahoo,1.0,0.0,1.0,1.0,1.0,0.0,0.0,1.0,1.0,-9.086,-6.0678,-16.895,-10.6363,10.607,57.0034,151.51,170.62,346.36,-11.1082,-21.0644,-61.1156
POOL,175.75999450683594,175.76,2026-09-10,False,173.47000122070312,177.9499969482422,-1.21,-42.48,BAJO,6288402944.0,15.88,14.64,4.99,31.25,9.9,15.14,7.41,3.39,12.36,1.35,2.67,,YAHOO,-0.0655,1.8078,-1.3143,0.059076,3.5525,-0.6522,82.21,2026-10-22,41,,,yahoo,1.0,0.0,1.0,0.0,0.0,1.0,1.0,1.0,0.0,-3.951,-6.6992,-16.0832,-6.8338,35.4623,37.7778,200.57,218.0392,321.7043,-12.3698,-19.3906,-45.366
PPG,105.05000305175781,105.05,2026-09-10,False,104.18000030517578,106.16000366210938,-1.97,0.16,BAJO,23452649472.0,15.16,12.18,2.78,19.3,6.05,14.02,9.57,4.71,10.92,0.87,1.58,,YAHOO,-0.0655,1.8078,-1.3143,0.059076,3.5525,-0.6522,82.21,2026-10-27,46,,,yahoo,1.0,1.0,1.0,1.0,0.0,1.0,1.0,0.0,0.0,-5.6239,-8.1891,-7.1474,-6.4324,30.9453,30.8145,114.73,124.5553,129.1576,-8.4372,-15.66,-18.6653
PPL,34.209999084472656,34.21,2026-09-10,False,34.150001525878906,34.459999084472656,-0.16,-0.26,BAJO,25646729216.0,20.17,16.1,1.7,8.63,3.2,23.59,13.47,-7.56,12.15,1.35,0.91,,YAHOO,-0.0655,1.8078,-1.3143,0.059076,3.5525,-0.6522,82.21,2026-11-04,54,,,yahoo,1.0,1.0,1.0,1.0,0.0,1.0,0.0,1.0,0.0,-0.1316,-1.5005,-4.3678,-3.0508,11.3889,19.8117,35.7229,36.7146,39.1669,-4.235,-6.8219,-12.6558
PRU,118.4800033569336,118.48,2026-09-10,False,117.41000366210938,118.95999908447266,0.76,19.12,BAJO,41137799168.0,10.81,8.03,1.3,12.01,0.43,7.52,6.01,18.3,11.85,1.64,0.78,,YAHOO,-0.0655,1.8078,-1.3143,0.059076,3.5525,-0.6522,82.21,2026-10-28,47,,,yahoo,1.0,1.0,1.0,1.0,1.0,0.0,1.0,0.0,0.0,-1.1348,-1.4637,3.1659,13.9563,19.8423,21.4405,123.7019,123.7019,123.7019,-4.2214,-4.2214,-4.2214
PSA,294.6000061035156,294.6,2026-09-10,False,292.6099853515625,296.05999755859375,0.0,7.34,BAJO,55401701376.0,28.27,29.31,10.76,21.93,6.98,45.7,41.63,4.21,19.33,1.1,0.22,,YAHOO,-0.0655,1.8078,-1.3143,0.059076,3.5525,-0.6522,82.21,2026-10-28,47,,,yahoo,1.0,0.0,1.0,1.0,0.0,0.0,0.0,0.0,1.0,-2.2334,-7.1746,-8.4695,-8.1926,17.1762,22.0416,328.72,330.47,330.47,-10.3797,-10.8542,-10.8542
PTC,128.72000122070312,128.72,2026-09-10,False,126.79000091552734,130.88999938964844,-0.13,-35.99,BAJO,14190448640.0,12.68,14.68,4.17,35.05,11.54,28.23,41.43,7.27,12.11,0.46,1.02,,YAHOO,-0.0655,1.8078,-1.3143,0.059076,3.5525,-0.6522,82.21,2026-11-11,61,,,yahoo,1.0,1.0,1.0,1.0,1.0,1.0,1.0,1.0,1.0,-13.686,-15.0979,2.6312,-4.7083,42.6088,43.6958,158.95,158.95,207.03,-19.0186,-19.0186,-37.8254
PWR,618.72998046875,618.73,2026-09-10,False,615.469970703125,630.5599975585938,-1.32,59.78,BAJO,97810407424.0,74.61,33.0,10.14,15.34,5.23,7.22,4.03,2.0,34.16,0.68,1.1,,YAHOO,-0.0655,1.8078,-1.3143,0.059076,3.5525,-0.6522,82.21,2026-10-29,48,,,yahoo,1.0,0.0,1.0,1.0,1.0,0.0,0.0,1.0,0.0,1.3016,0.3243,-4.325,-4.9308,30.7844,53.6291,722.31,740.0269,785.1201,-14.3401,-16.3909,-21.1929
Q,123.31999969482422,123.32,2026-09-10,False,121.51000213623047,125.7699966430664,-1.71,30.8,BAJO,26443960320.0,45.14,23.5,3.65,6.72,5.3,22.32,11.25,2.92,19.85,0.6,2.01,,YAHOO,-0.0655,1.8078,-1.3143,0.059076,3.5525,-0.6522,82.21,2026-11-16,66,,,yahoo,1.0,0.0,1.0,1.0,0.0,1.0,0.0,1.0,0.0,4.7838,-2.217,-12.4684,-11.6917,29.2909,55.4693,142.4951,175.5232,,-13.4567,-29.7415,
RCL,259.010009765625,259.01,2026-09-10,False,256.7099914550781,263.4700012207031,-0.29,-21.8,BAJO,69574991872.0,16.07,12.82,6.8,44.67,7.68,27.07,23.54,-2.18,13.35,2.25,0.21,,YAHOO,-0.0655,1.8078,-1.3143,0.059076,3.5525,-0.6522,82.21,2026-10-27,46,,,yahoo,1.0,1.0,1.0,1.0,1.0,1.0,0.0,1.0,0.0,-2.4812,-10.6862,-10.256,-3.617,12.4579,32.5168,309.88,327.42,344.4,-16.416,-20.8937,-24.7938
REGN,793.260009765625,793.26,2026-09-10,False,792.0,806.1400146484375,-1.78,44.51,BAJO,80458293248.0,19.35,12.89,2.47,14.04,6.53,33.11,27.87,3.81,15.47,0.09,3.33,,YAHOO,-0.0655,1.8078,-1.3143,0.059076,3.5525,-0.6522,82.21,2026-10-28,47,,,yahoo,1.0,0.0,1.0,1.0,1.0,0.0,1.0,0.0,0.0,-6.8976,-2.6424,19.7705,32.0014,12.7973,30.2131,852.03,852.03,852.03,-6.8976,-6.8976,-6.8976
RF,29.950000762939453,29.95,2026-09-10,False,29.559999465942383,30.010000228881836,0.2,16.3,BAJO,25668636672.0,12.25,10.59,1.47,11.87,1.39,39.31,30.84,,,,,,YAHOO,-0.0655,1.8078,-1.3143,0.059076,3.5525,-0.6522,82.21,2026-10-16,35,,,yahoo,1.0,1.0,1.0,1.0,1.0,0.0,1.0,0.0,1.0,0.0668,-1.4536,-2.6271,5.8564,9.5043,20.2639,31.5797,32.0747,32.0747,-5.1606,-6.6242,-6.6242
RJF,173.52999877929688,173.53,2026-09-10,False,173.49000549316406,176.3300018310547,-1.11,6.58,BAJO,33321666560.0,15.12,12.22,2.62,18.42,2.58,19.3,15.13,,,0.48,2.11,,YAHOO,-0.0655,1.8078,-1.3143,0.059076,3.5525,-0.6522,82.21,2026-10-28,47,,,yahoo,1.0,0.0,1.0,1.0,0.0,0.0,1.0,0.0,1.0,-1.3754,-1.7884,3.9226,15.6442,6.1604,23.8642,181.1,181.18,181.18,-4.18,-4.2223,-4.2223
RL,336.6700134277344,336.67,2026-09-10,False,331.3500061035156,340.1700134277344,0.32,9.93,BAJO,20203741184.0,21.38,16.21,7.43,37.54,11.0,18.39,11.76,4.36,13.35,1.1,2.04,,YAHOO,-0.0655,1.8078,-1.3143,0.059076,3.5525,-0.6522,82.21,2026-11-05,55,,,yahoo,1.0,1.0,1.0,1.0,0.0,1.0,1.0,1.0,1.0,0.0505,-7.0794,-10.0991,-10.3438,36.1776,30.3127,388.92,413.2399,413.2399,-13.4346,-18.5292,-18.5292
RMD,219.5800018310547,219.58,2026-09-10,False,215.8000030517578,221.25,-0.17,-16.89,BAJO,31485952000.0,20.93,16.5,4.78,24.27,14.0,30.86,26.95,2.98,14.72,0.13,3.1,,YAHOO,-0.0655,1.8078,-1.3143,0.059076,3.5525,-0.6522,82.21,2026-10-29,48,,,yahoo,1.0,0.0,1.0,1.0,1.0,0.0,1.0,1.0,1.0,-4.8902,-6.8352,10.9371,13.7625,22.7447,37.5666,240.33,240.33,280.3143,-8.634,-8.634,-21.6665
ROK,421.3699951171875,421.37,2026-09-10,False,414.7799987792969,423.95001220703125,-1.11,26.88,BAJO,47668649984.0,40.19,28.85,13.62,30.63,9.99,20.97,13.39,2.74,24.24,1.03,1.07,,YAHOO,-0.0655,1.8078,-1.3143,0.059076,3.5525,-0.6522,82.21,2026-11-05,55,,,yahoo,1.0,0.0,1.0,1.0,0.0,1.0,1.0,1.0,1.0,-0.938,-2.4042,-8.2055,-3.9544,18.1349,31.366,447.99,493.5596,493.5596,-5.9421,-14.6263,-14.6263
ROL,34.560001373291016,34.56,2026-09-10,False,34.470001220703125,35.33000183105469,0.06,-36.74,BAJO,16710179840.0,31.57,26.7,11.69,37.01,14.06,18.8,13.55,3.0,20.48,0.78,0.63,,YAHOO,-0.0655,1.8078,-1.3143,0.059076,3.5525,-0.6522,82.21,2026-10-28,47,,,yahoo,1.0,1.0,1.0,1.0,0.0,0.0,1.0,1.0,0.0,-3.2204,-5.8311,-22.6883,-27.3008,21.2641,30.4286,37.26,46.5631,64.8632,-7.2464,-25.7782,-46.7186
ROP,388.5799865722656,388.58,2026-09-10,False,387.5899963378906,394.0,-0.45,-22.56,BAJO,38424965120.0,16.18,15.99,2.05,13.07,4.23,27.73,30.24,5.9,15.25,0.61,0.55,,YAHOO,-0.0655,1.8078,-1.3143,0.059076,3.5525,-0.6522,82.21,2026-10-22,41,,,yahoo,1.0,0.0,1.0,1.0,0.0,1.0,1.0,0.0,1.0,-6.5442,-5.9766,7.7623,16.5982,22.4635,34.5608,426.2,426.2,516.3225,-8.8268,-8.8268,-24.7408
RSG,221.0800018310547,221.08,2026-09-10,False,221.0,224.25999450683594,-0.62,-1.07,BAJO,68205883392.0,31.59,27.65,5.66,18.15,6.17,20.43,12.94,2.85,15.67,1.19,0.64,,YAHOO,-0.0655,1.8078,-1.3143,0.059076,3.5525,-0.6522,82.21,2026-10-29,48,,,yahoo,1.0,0.0,1.0,1.0,0.0,1.0,1.0,1.0,0.0,-0.6471,-0.4951,-1.0296,4.2972,9.6304,20.7992,225.12,225.12,230.9379,-1.7946,-1.7946,-4.2686
SBAC,181.4199981689453,181.42,2026-09-10,False,179.52000427246094,188.3000030517578,-2.85,-2.82,BAJO,19676162048.0,20.01,22.66,-4.25,,8.41,52.16,34.51,3.82,18.89,,0.17,,YAHOO,-0.0655,1.8078,-1.3143,0.059076,3.5525,-0.6522,82.21,2026-11-02,52,,,yahoo,1.0,1.0,1.0,1.0,1.0,0.0,1.0,0.0,1.0,-2.6821,-2.4519,-2.3668,-11.8933,16.7161,31.7592,191.52,194.3889,220.8819,-5.2736,-6.6716,-17.8656
SJM,121.06999969482422,121.07,2026-09-10,False,120.87000274658203,124.41999816894531,-1.82,15.63,BAJO,12940560384.0,56.61,11.13,2.25,3.93,6.26,17.9,2.51,11.32,8.76,1.21,0.87,,YAHOO,-0.0655,1.8078,-1.3143,0.059076,3.5525,-0.6522,82.21,2026-11-24,74,2026-08-26,16.0,yahoo,0.0,1.0,1.0,1.0,1.0,0.0,0.0,0.0,1.0,-7.8895,-7.5095,10.5624,4.4038,6.8884,31.6094,132.34,132.34,132.34,-8.5159,-8.5159,-8.5159
SMCI,37.380001068115234,37.38,2026-09-10,False,37.369998931884766,39.2599983215332,-3.98,-13.81,BAJO,26344310784.0,12.3,7.53,2.57,21.47,7.88,13.38,5.71,-31.31,11.43,0.64,3.87,,YAHOO,-0.0655,1.8078,-1.3143,0.059076,3.5525,-0.6522,82.21,2026-11-03,53,,,yahoo,1.0,0.0,0.0,0.0,1.0,0.0,0.0,0.0,0.0,1.027,-0.0267,35.141,27.7076,64.7958,96.1229,40.26,40.26,58.68,-7.1535,-7.1535,-36.2986
SNPS,397.1700134277344,397.17,2026-09-10,False,390.510009765625,401.4700012207031,1.0,3.48,BAJO,76152569856.0,69.47,22.67,2.44,3.66,1.35,14.52,11.43,4.5,40.18,0.35,1.34,,YAHOO,-0.0655,1.8078,-1.3143,0.059076,3.5525,-0.6522,82.21,2026-12-08,88,2026-08-26,16.0,finnhub,1.0,0.0,1.0,1.0,0.0,0.0,0.0,0.0,0.0,-4.5196,-3.1293,-8.4482,-13.7599,46.0738,46.6364,464.89,464.89,534.56,-14.5669,-14.5669,-25.7015
SO,87.75,87.75,2026-09-10,False,87.66999816894531,89.05000305175781,-0.67,0.06,BAJO,100277141504.0,21.0,17.7,2.53,11.48,3.27,29.61,15.43,-3.9,12.43,1.82,0.79,,YAHOO,-0.0655,1.8078,-1.3143,0.059076,3.5525,-0.6522,82.21,2026-10-29,48,,,yahoo,1.0,0.0,1.0,1.0,0.0,0.0,0.0,0.0,1.0,-0.6341,-2.2393,-8.288,-5.8981,13.604,16.9056,92.29,97.1776,97.4911,-4.9193,-9.7014,-9.9918
SOLV,87.6500015258789,87.65,2026-09-10,False,87.58999633789062,90.05999755859375,-2.64,24.13,BAJO,14886064128.0,10.69,12.1,3.1,33.96,2.7,9.78,17.26,3.28,17.36,1.1,1.02,,YAHOO,-0.0655,1.8078,-1.3143,0.059076,3.5525,-0.6522,82.21,2026-11-05,55,,,yahoo,1.0,1.0,1.0,0.0,1.0,1.0,0.0,0.0,1.0,-4.6246,-4.239,13.2136,8.2901,17.6032,32.0357,92.44,92.44,92.44,-5.1817,-5.1817,-5.1817
SPG,204.6699981689453,204.67,2026-09-10,False,204.42999267578125,206.75,0.07,20.55,BAJO,77758283776.0,14.47,31.15,15.08,120.51,5.63,46.02,66.57,3.34,18.76,5.04,0.27,,YAHOO,-0.0655,1.8078,-1.3143,0.059076,3.5525,-0.6522,82.21,2026-11-02,52,,,yahoo,1.0,1.0,1.0,0.0,1.0,0.0,1.0,0.0,0.0,-1.5857,-4.718,-5.7512,-2.7973,24.3466,19.637,220.81,234.1864,234.1864,-7.3095,-12.6038,-12.6038
SRE,84.0,84.0,2026-09-10,False,83.81999969482422,85.80999755859375,-1.19,6.45,BAJO,54496051200.0,24.16,15.05,1.67,6.68,1.96,28.33,16.82,-50.75,17.32,0.85,1.64,,YAHOO,-0.0655,1.8078,-1.3143,0.059076,3.5525,-0.6522,82.21,2026-11-04,54,,,yahoo,1.0,0.0,1.0,1.0,1.0,1.0,0.0,1.0,0.0,0.2506,-1.5009,-11.0264,-7.0633,20.2532,23.0441,87.38,95.33,99.0422,-3.8682,-11.885,-15.1877
STE,212.4499969482422,212.45,2026-09-10,False,211.35000610351562,214.52000427246094,-1.23,-11.06,BAJO,20549122048.0,25.77,17.21,2.85,11.39,6.8,19.15,13.33,3.89,13.49,0.28,1.91,,YAHOO,-0.0655,1.8078,-1.3143,0.059076,3.5525,-0.6522,82.21,2026-11-04,54,,,yahoo,1.0,1.0,1.0,1.0,1.0,1.0,1.0,1.0,1.0,-7.4894,-9.9978,-1.8207,2.4018,13.7901,28.898,237.2062,238.1833,266.3608,-10.4366,-10.804,-20.2398
STLD,237.0800018310547,237.08,2026-09-10,False,236.22000122070312,239.80999755859375,-1.5,81.83,BAJO,34368643072.0,21.74,12.53,3.66,17.57,7.87,11.5,7.83,0.68,14.26,0.47,3.18,,YAHOO,-0.0655,1.8078,-1.3143,0.059076,3.5525,-0.6522,82.21,2026-10-19,38,,,yahoo,1.0,0.0,1.0,1.0,0.0,1.0,1.0,0.0,0.0,-4.2643,0.5002,1.2557,-11.449,13.0214,41.2359,260.53,273.6693,282.1202,-9.0009,-13.3699,-15.9649
STT,191.3000030517578,191.3,2026-09-10,False,190.8300018310547,192.89999389648438,-0.31,78.21,BAJO,53127319552.0,17.08,12.63,2.22,12.44,0.87,27.82,23.0,,,,,,YAHOO,-0.0655,1.8078,-1.3143,0.059076,3.5525,-0.6522,82.21,2026-10-14,33,,,yahoo,1.0,1.0,1.0,1.0,0.0,0.0,1.0,0.0,1.0,0.663,-1.1982,7.3694,18.8209,9.8658,23.8784,194.26,194.26,194.26,-1.5237,-1.5237,-1.5237
STX,862.3300170898438,862.33,2026-09-10,False,848.239990234375,880.969970703125,-2.66,351.46,BAJO,188774842368.0,59.81,14.99,86.88,371.53,29.35,43.07,26.11,1.03,42.28,1.8,1.67,,YAHOO,-0.0655,1.8078,-1.3143,0.059076,3.5525,-0.6522,82.21,2026-10-27,46,,,yahoo,1.0,1.0,1.0,1.0,1.0,1.0,0.0,1.0,1.0,6.6527,1.8857,0.194,5.7543,80.4689,82.676,994.79,1093.2605,1093.2605,-13.3154,-21.1231,-21.1231
STZ,123.80999755859375,123.81,2026-09-10,False,121.5,125.76000213623047,1.86,-9.77,BAJO,20914993152.0,11.66,9.88,2.54,23.69,8.57,35.93,20.14,10.57,9.16,1.23,0.91,,YAHOO,-0.0655,1.8078,-1.3143,0.059076,3.5525,-0.6522,82.21,2026-10-06,25,,,yahoo,1.0,1.0,1.0,1.0,0.0,1.0,1.0,0.0,0.0,-4.283,-7.9137,-7.2295,-12.2896,51.6386,30.9341,139.18,145.1562,164.2807,-11.0433,-14.7057,-24.6351
SW,42.209999084472656,42.21,2026-09-10,False,41.70000076293945,42.83000183105469,0.02,-2.93,BAJO,22669881344.0,45.98,12.67,1.26,2.71,2.62,5.47,1.59,5.36,7.9,0.78,1.45,,YAHOO,-0.0655,1.8078,-1.3143,0.059076,3.5525,-0.6522,82.21,2026-10-28,47,,,yahoo,1.0,1.0,1.0,1.0,0.0,1.0,0.0,0.0,1.0,-6.9444,-14.8305,-1.2864,9.3579,44.3684,44.7455,49.568,50.341,50.7913,-14.8443,-16.1518,-16.8953
SWK,89.2300033569336,89.23,2026-09-10,False,87.94999694824219,90.91999816894531,-2.67,21.96,BAJO,13476724736.0,21.82,13.98,1.5,6.89,3.8,8.44,4.07,10.53,10.1,0.58,1.43,,YAHOO,-0.0655,1.8078,-1.3143,0.059076,3.5525,-0.6522,82.21,2026-11-03,53,,,yahoo,1.0,1.0,1.0,1.0,1.0,0.0,0.0,1.0,1.0,-7.1044,-9.7769,4.0177,16.1825,27.8165,37.1658,101.3282,103.1027,103.1027,-11.9396,-13.4552,-13.4552
SYK,270.010009765625,270.01,2026-09-10,False,269.6400146484375,278.0,-1.95,-27.72,BAJO,105697386496.0,28.59,16.46,4.41,16.51,8.16,27.02,14.43,3.89,15.95,0.64,2.16,,YAHOO,-0.0655,1.8078,-1.3143,0.059076,3.5525,-0.6522,82.21,2026-10-29,48,,,yahoo,1.0,0.0,1.0,1.0,0.0,0.0,0.0,1.0,0.0,-13.511,-18.0969,-18.5367,-12.3395,60.5229,42.5188,341.09,352.25,385.3856,-20.8391,-23.3471,-29.9377
TAP,38.439998626708984,38.44,2026-09-10,False,37.7599983215332,38.83000183105469,-0.1,-17.04,BAJO,7258651648.0,,7.93,0.72,-19.47,3.79,11.3,-20.81,12.88,5.89,0.76,0.88,,YAHOO,-0.0655,1.8078,-1.3143,0.059076,3.5525,-0.6522,82.21,2026-11-03,53,,,yahoo,0.0,0.0,1.0,1.0,1.0,0.0,1.0,0.0,1.0,-5.1801,-7.6074,-2.4873,-4.9192,29.9399,32.5783,42.4947,42.8703,52.5761,-9.5416,-10.3342,-26.887
TDG,1126.8800048828125,1126.88,2026-09-10,False,1119.6199951171875,1141.5699462890625,0.11,-11.4,BAJO,63032922112.0,34.53,23.56,-6.79,,11.82,46.01,21.28,2.31,18.42,,3.02,,YAHOO,-0.0655,1.8078,-1.3143,0.059076,3.5525,-0.6522,82.21,2026-11-05,55,,,yahoo,1.0,1.0,1.0,0.0,0.0,1.0,0.0,1.0,1.0,-2.3289,-6.6426,-8.7547,-7.0507,16.7733,25.3543,1256.9,1348.49,1450.0,-10.3445,-16.4339,-22.2841
TDY,596.5,596.5,2026-09-10,False,590.0999755859375,605.5700073242188,0.21,10.52,BAJO,27989090304.0,29.17,22.59,2.56,9.15,5.14,20.2,15.29,3.26,18.64,0.19,2.18,,YAHOO,-0.0655,1.8078,-1.3143,0.059076,3.5525,-0.6522,82.21,2026-10-21,40,,,yahoo,1.0,1.0,1.0,1.0,1.0,0.0,1.0,0.0,1.0,-1.6261,-5.8495,-4.3887,-0.8065,15.5081,23.2172,679.67,691.3,691.3,-12.2368,-13.7133,-13.7133
TECH,72.08000183105469,72.08,2026-09-10,False,72.08000183105469,72.33000183105469,-0.24,43.31,BAJO,11309731840.0,62.17,31.27,5.34,9.03,6.67,27.87,14.97,2.03,33.92,0.14,4.55,,YAHOO,-0.0655,1.8078,-1.3143,0.059076,3.5525,-0.6522,82.21,2026-11-09,59,,,yahoo,1.0,1.0,1.0,1.0,1.0,1.0,0.0,1.0,0.0,-0.3043,-0.4145,1.1208,37.4473,1.4503,44.9573,72.47,72.47,72.47,-0.5382,-0.5382,-0.5382
TEL,204.6300048828125,204.63,2026-09-10,False,200.5,205.1300048828125,-0.02,-0.6,BAJO,61365223424.0,20.76,16.42,4.64,23.29,9.69,20.77,15.61,3.81,13.35,0.43,1.88,,YAHOO,-0.0655,1.8078,-1.3143,0.059076,3.5525,-0.6522,82.21,2026-10-28,47,,,yahoo,1.0,0.0,1.0,1.0,0.0,0.0,1.0,1.0,0.0,1.1968,-0.1951,3.6578,1.6975,12.6931,32.0026,216.5345,217.8394,246.3216,-5.4977,-6.0638,-16.9257
TER,370.19000244140625,370.19,2026-09-10,False,365.82000732421875,375.0,-3.52,215.87,BAJO,59365711872.0,52.09,32.59,18.91,36.46,19.75,33.16,25.77,0.74,39.3,0.03,2.12,,YAHOO,-0.0655,1.8078,-1.3143,0.059076,3.5525,-0.6522,82.21,2026-10-21,40,,,yahoo,1.0,0.0,1.0,1.0,0.0,0.0,1.0,0.0,1.0,8.4047,1.9918,8.5668,6.5428,63.7195,88.6263,442.9698,483.6542,483.6542,-16.43,-23.4598,-23.4598
TKO,189.63999938964844,189.64,2026-09-10,False,187.6699981689453,191.5,-0.75,-0.24,BAJO,36019916800.0,67.01,40.52,4.17,7.06,4.5,32.39,4.33,2.38,14.35,0.59,1.28,,YAHOO,-0.0655,1.8078,-1.3143,0.059076,3.5525,-0.6522,82.21,2026-11-04,54,,,yahoo,1.0,1.0,1.0,1.0,0.0,1.0,1.0,1.0,0.0,-0.079,0.926,4.7966,-7.7752,53.0888,34.1101,201.69,215.88,223.1878,-5.9745,-12.1549,-15.0312
TPL,366.1000061035156,366.1,2026-09-10,False,365.010009765625,377.6000061035156,-2.13,18.92,BAJO,25458554880.0,47.14,5.05,15.22,36.57,25.81,78.18,60.32,-0.13,34.02,0.01,4.55,,YAHOO,-0.0655,1.8078,-1.3143,0.059076,3.5525,-0.6522,82.21,2026-11-04,54,,,yahoo,1.0,0.0,1.0,1.0,0.0,0.0,0.0,0.0,0.0,-0.3321,-0.7342,-10.3278,-2.2635,57.1414,43.934,383.0251,436.9385,538.102,-4.4188,-16.2125,-31.9646
TRGP,291.9100036621094,291.91,2026-09-10,False,289.3599853515625,296.8699951171875,0.18,83.54,BAJO,62238605312.0,27.78,24.03,19.87,70.84,9.24,27.8,13.54,0.11,14.88,5.16,0.77,,YAHOO,-0.0655,1.8078,-1.3143,0.059076,3.5525,-0.6522,82.21,2026-11-05,55,,,yahoo,1.0,1.0,1.0,1.0,0.0,0.0,1.0,1.0,0.0,-0.5282,-0.721,4.9664,7.6085,19.4207,32.6441,302.25,302.25,302.25,-3.421,-3.421,-3.421
TRMB,56.84000015258789,56.84,2026-09-10,False,56.619998931884766,57.54999923706055,-0.98,-28.03,BAJO,13445149696.0,,13.98,2.37,-1.94,4.8,15.13,-2.77,5.1,16.69,0.29,0.95,,YAHOO,-0.0655,1.8078,-1.3143,0.059076,3.5525,-0.6522,82.21,2026-11-04,54,,,yahoo,1.0,0.0,1.0,0.0,0.0,0.0,1.0,1.0,0.0,-3.8403,-4.7587,8.7015,12.332,10.2811,33.968,61.54,61.54,83.52,-7.6373,-7.6373,-31.9444
TROW,107.55000305175781,107.55,2026-09-10,False,106.75,108.1500015258789,-0.18,7.19,BAJO,22673342464.0,10.67,10.3,2.06,19.4,10.66,28.69,29.26,8.93,7.11,0.04,4.04,,YAHOO,-0.0655,1.8078,-1.3143,0.059076,3.5525,-0.6522,82.21,2026-10-30,49,,,yahoo,1.0,0.0,1.0,0.0,0.0,1.0,1.0,0.0,0.0,-1.6731,-4.4425,-5.3674,2.2649,9.9659,26.9081,112.87,121.68,121.68,-4.7134,-11.6124,-11.6124
TRV,367.55999755859375,367.56,2026-09-10,False,364.6000061035156,370.5199890136719,0.54,38.09,BAJO,78257348608.0,10.09,12.42,2.36,26.51,4.78,23.7,16.95,18.88,7.17,0.27,0.32,,YAHOO,-0.0655,1.8078,-1.3143,0.059076,3.5525,-0.6522,82.21,2026-10-15,34,,,yahoo,1.0,1.0,1.0,1.0,0.0,0.0,1.0,0.0,0.0,0.7201,-0.6287,7.9959,21.5772,14.857,28.3635,373.0645,395.8665,395.8665,-1.4755,-7.1505,-7.1505
TSCO,33.52000045776367,33.52,2026-09-10,False,33.25,33.970001220703125,-1.41,-40.21,BAJO,17199534080.0,17.19,16.09,6.57,39.51,7.82,12.07,6.42,0.6,12.18,2.49,1.33,,YAHOO,-0.0655,1.8078,-1.3143,0.059076,3.5525,-0.6522,82.21,2026-10-22,41,,,yahoo,1.0,0.0,1.0,1.0,1.0,0.0,1.0,1.0,0.0,-3.8439,-4.2559,11.6123,9.6899,35.479,30.5579,35.9218,36.18,59.1851,-6.6863,-7.3523,-43.3641
TSN,52.459999084472656,52.46,2026-09-10,False,51.63999938964844,53.02000045776367,1.39,-0.95,BAJO,18638444544.0,32.7,12.69,1.03,3.26,2.56,2.71,1.03,6.39,9.38,0.44,1.43,,YAHOO,-0.0655,1.8078,-1.3143,0.059076,3.5525,-0.6522,82.21,2026-11-09,59,,,yahoo,1.0,0.0,1.0,1.0,1.0,0.0,1.0,0.0,1.0,-6.0025,-6.3665,-8.5812,-5.6659,21.9962,28.7519,58.0679,60.6141,67.5448,-9.6575,-13.4525,-22.3331
TTD,13.970000267028809,13.97,2026-09-10,False,13.710000038146973,14.0649995803833,0.65,-68.66,BAJO,6738081792.0,17.07,14.23,2.62,15.44,6.25,14.21,13.61,8.65,8.15,0.17,1.72,,YAHOO,-0.0655,1.8078,-1.3143,0.059076,3.5525,-0.6522,82.21,2026-11-05,55,,,yahoo,1.0,1.0,1.0,1.0,0.0,0.0,1.0,0.0,1.0,-3.9863,7.2141,-29.4088,-27.5791,34.6731,67.1158,15.09,19.79,54.13,-7.4221,-29.4088,-74.1918
TTWO,216.9600067138672,216.96,2026-09-10,False,209.25,219.5800018310547,2.76,-10.04,BAJO,40288677888.0,,20.94,11.38,-9.04,-0.62,0.51,-4.79,3.12,54.02,0.82,1.06,,YAHOO,-0.0655,1.8078,-1.3143,0.059076,3.5525,-0.6522,82.21,2026-11-09,59,,,yahoo,0.0,1.0,1.0,1.0,1.0,1.0,0.0,1.0,1.0,0.3794,-7.0636,-11.1184,3.0885,26.9507,34.5603,246.95,258.41,262.29,-12.1442,-16.0404,-17.2824
TYL,335.4800109863281,335.48,2026-09-10,False,335.1300048828125,346.0,-2.1,-37.49,BAJO,13787402240.0,44.18,21.93,4.54,9.73,4.18,14.74,13.36,4.31,31.13,0.48,1.55,,YAHOO,-0.0655,1.8078,-1.3143,0.059076,3.5525,-0.6522,82.21,2026-10-28,47,,,yahoo,1.0,1.0,1.0,1.0,0.0,0.0,0.0,1.0,1.0,-10.51,-4.8688,6.766,10.7889,22.9539,45.1182,379.27,379.27,553.99,-11.5459,-11.5459,-39.4429
UDR,35.13999938964844,35.14,2026-09-10,False,34.83000183105469,35.650001525878906,-0.73,-2.83,BAJO,12901830656.0,22.23,62.71,3.9,13.74,2.24,20.18,29.56,6.04,17.5,1.56,0.18,,YAHOO,-0.0655,1.8078,-1.3143,0.059076,3.5525,-0.6522,82.21,2026-10-28,47,,,yahoo,1.0,1.0,1.0,1.0,1.0,0.0,1.0,1.0,1.0,-3.9628,-7.3557,-11.8931,-9.9661,13.0932,20.3302,38.39,40.9356,40.9356,-8.4657,-14.1578,-14.1578
UHS,172.72000122070312,172.72,2026-09-10,False,171.66000366210938,177.8800048828125,-1.74,-5.7,BAJO,10303870976.0,7.14,7.28,1.37,20.95,8.32,11.14,8.42,4.84,5.77,0.69,1.12,,YAHOO,-0.0655,1.8078,-1.3143,0.059076,3.5525,-0.6522,82.21,2026-10-26,45,,,yahoo,1.0,1.0,1.0,1.0,1.0,0.0,1.0,1.0,1.0,3.1226,-3.2273,13.1918,19.4055,27.2771,32.056,178.4802,178.4802,243.1212,-3.2273,-3.2273,-28.9572
ULTA,535.6300048828125,535.63,2026-09-10,False,530.7999877929688,542.7999877929688,-1.15,4.97,BAJO,23378931712.0,19.9,17.06,8.61,46.12,14.84,12.51,9.34,3.91,13.28,0.95,1.34,,YAHOO,-0.0655,1.8078,-1.3143,0.059076,3.5525,-0.6522,82.21,2026-12-03,83,2026-08-27,15.0,yahoo,1.0,0.0,1.0,1.0,1.0,0.0,1.0,0.0,0.0,-2.9199,-1.3918,13.1621,13.7823,25.7981,36.0356,564.12,565.15,706.82,-5.0503,-5.2234,-24.2197
UPS,99.97000122070312,99.97,2026-09-10,False,98.80999755859375,100.51000213623047,0.76,28.12,BAJO,85316378624.0,18.64,12.42,5.66,29.6,7.28,9.05,5.08,6.56,9.05,1.9,1.18,,YAHOO,-0.0655,1.8078,-1.3143,0.059076,3.5525,-0.6522,82.21,2026-10-27,46,,,yahoo,1.0,0.0,1.0,1.0,0.0,1.0,1.0,1.0,0.0,-2.9512,-5.3762,-10.0328,-1.6425,17.6033,29.0138,105.68,115.8725,115.8725,-5.4031,-13.7242,-13.7242
URI,989.0800170898438,989.08,2026-09-10,False,979.0999755859375,1013.75,-3.86,6.6,BAJO,61565288448.0,23.81,17.26,6.68,28.89,8.77,25.99,15.67,2.77,16.38,1.67,0.76,,YAHOO,-0.0655,1.8078,-1.3143,0.059076,3.5525,-0.6522,82.21,2026-10-21,40,,,yahoo,1.0,0.0,1.0,1.0,1.0,0.0,1.0,0.0,0.0,0.9451,-6.4841,-8.7119,-6.2066,40.4795,39.4444,1164.8199,1164.8199,1164.8199,-15.0873,-15.0873,-15.0873
VICI,24.729999542236328,24.73,2026-09-10,False,24.65999984741211,25.350000381469727,-1.9,-19.48,BAJO,27339753472.0,9.62,8.3,0.94,9.85,4.82,70.18,67.5,0.98,12.45,0.6,11.24,,YAHOO,-0.0655,1.8078,-1.3143,0.059076,3.5525,-0.6522,82.21,2026-10-29,48,,,yahoo,1.0,1.0,1.0,0.0,1.0,0.0,0.0,1.0,1.0,-3.4362,-4.8846,-6.3258,-11.4905,11.3842,21.5898,26.78,27.5471,31.3416,-7.655,-10.2265,-21.0952
VLO,385.42999267578125,385.43,2026-09-10,False,382.1499938964844,393.5400085449219,-0.91,149.39,BAJO,112412639232.0,16.29,11.63,4.5,27.64,10.56,12.27,5.45,7.49,8.91,0.4,1.64,,YAHOO,-0.0655,1.8078,-1.3143,0.059076,3.5525,-0.6522,82.21,2026-10-22,41,,,yahoo,1.0,0.0,1.0,1.0,0.0,1.0,1.0,1.0,0.0,5.2829,10.7462,30.8089,49.9746,29.1658,34.1203,388.95,388.95,388.95,-0.905,-0.905,-0.905
VLTO,93.44999694824219,93.45,2026-09-10,False,92.91999816894531,94.70999908447266,-1.34,-10.32,BAJO,22940952576.0,23.7,19.73,7.42,34.31,10.31,21.37,17.35,3.52,17.57,1.16,1.77,,YAHOO,-0.0655,1.8078,-1.3143,0.059076,3.5525,-0.6522,82.21,2026-10-21,40,,,yahoo,1.0,0.0,1.0,1.0,1.0,0.0,0.0,1.0,0.0,-3.8679,-5.3096,0.5812,13.2749,6.1445,25.0905,100.1,100.1,108.5215,-6.6434,-6.6434,-13.888
VMC,250.60000610351562,250.6,2026-09-10,False,246.1999969482422,251.02999877929688,0.28,-13.19,BAJO,32749729792.0,29.84,23.67,3.86,13.23,6.04,21.61,13.75,2.58,16.03,0.58,1.76,,YAHOO,-0.0655,1.8078,-1.3143,0.059076,3.5525,-0.6522,82.21,2026-10-29,48,,,yahoo,1.0,1.0,1.0,1.0,1.0,1.0,1.0,1.0,1.0,-5.0506,-8.4533,-14.2477,-7.9233,30.1632,31.0008,282.0,312.3896,328.4807,-11.1347,-19.7796,-23.7094
VRSK,175.86000061035156,175.86,2026-09-10,False,174.0500030517578,178.47999572753906,-1.2,-31.41,BAJO,22933489664.0,27.07,20.26,-19.77,,18.96,45.11,28.24,4.6,17.81,,1.0,,YAHOO,-0.0655,1.8078,-1.3143,0.059076,3.5525,-0.6522,82.21,2026-10-28,47,,,yahoo,1.0,0.0,1.0,1.0,1.0,1.0,1.0,1.0,0.0,-6.537,-6.3927,-9.2242,-3.7079,46.0086,39.1128,194.35,213.15,263.8429,-9.5138,-17.4947,-33.3467
VRSN,288.8500061035156,288.85,2026-09-10,False,286.010009765625,290.7200012207031,0.67,4.23,BAJO,26460983296.0,31.78,26.63,-11.74,,45.12,68.18,49.77,3.15,23.39,,0.59,,YAHOO,-0.0655,1.8078,-1.3143,0.059076,3.5525,-0.6522,82.21,2026-10-22,41,,,yahoo,1.0,1.0,1.0,1.0,0.0,1.0,1.0,1.0,1.0,-0.3828,-1.413,7.1725,0.5581,34.7231,32.9853,294.73,298.3243,309.0927,-1.995,-3.1758,-6.5491
VTR,90.44000244140625,90.44,2026-09-10,False,89.7699966430664,91.08999633789062,1.19,35.01,BAJO,46160044032.0,163.62,113.91,3.15,2.01,2.17,14.81,4.09,3.22,24.97,0.85,0.29,,YAHOO,-0.0655,1.8078,-1.3143,0.059076,3.5525,-0.6522,82.21,2026-10-28,47,,,yahoo,1.0,1.0,1.0,1.0,1.0,0.0,0.0,0.0,1.0,-1.7597,-3.2727,-1.7597,7.8479,20.6584,27.3158,93.83,100.53,100.53,-3.6129,-10.0368,-10.0368
VTRS,16.3799991607666,16.38,2026-09-10,False,16.149999618530273,16.510000228881836,-0.73,66.69,BAJO,18963234816.0,,6.21,1.31,-2.75,2.67,12.55,-2.79,14.12,7.24,0.96,1.58,,YAHOO,-0.0655,1.8078,-1.3143,0.059076,3.5525,-0.6522,82.21,2026-11-05,55,,,yahoo,0.0,0.0,1.0,1.0,1.0,0.0,1.0,0.0,1.0,-4.1545,-2.7893,0.6885,4.6471,8.4851,29.6209,17.09,17.727,17.727,-4.1545,-7.5988,-7.5988
WAB,280.2699890136719,280.27,2026-09-10,False,275.0899963378906,281.1099853515625,-0.07,49.58,BAJO,47838928896.0,38.12,22.76,4.27,11.55,6.17,19.19,10.59,2.3,20.42,0.62,1.12,,YAHOO,-0.0655,1.8078,-1.3143,0.059076,3.5525,-0.6522,82.21,2026-10-21,40,,,yahoo,1.0,0.0,1.0,1.0,0.0,0.0,1.0,1.0,0.0,0.1644,-6.7445,7.5517,9.3713,15.3163,31.6871,300.54,305.4747,305.4747,-6.7445,-8.251,-8.251
WAT,401.6400146484375,401.64,2026-09-10,False,392.95001220703125,403.489990234375,-0.78,38.13,BAJO,40093212672.0,103.64,24.68,2.64,1.92,3.56,9.42,3.59,-0.35,31.03,0.36,1.86,,YAHOO,-0.0655,1.8078,-1.3143,0.059076,3.5525,-0.6522,82.21,2026-10-30,49,,,yahoo,1.0,0.0,1.0,1.0,1.0,0.0,0.0,0.0,0.0,-2.5619,-3.0253,7.6148,10.5898,13.7433,27.2062,421.26,421.26,421.26,-4.6575,-4.6575,-4.6575
WDAY,185.08999633789062,185.09,2026-09-10,False,183.74000549316406,188.05999755859375,-0.52,-17.21,BAJO,44753698816.0,37.9,14.05,6.92,16.01,4.51,11.82,12.32,6.81,28.45,0.58,0.91,,YAHOO,-0.0655,1.8078,-1.3143,0.059076,3.5525,-0.6522,82.21,2026-11-23,73,2026-08-27,15.0,finnhub,1.0,1.0,1.0,1.0,1.0,0.0,1.0,1.0,1.0,-7.8558,-2.9672,27.7628,34.6403,44.1805,69.9642,206.92,206.92,247.69,-10.55,-10.55,-25.2735
WEC,105.3499984741211,105.35,2026-09-10,False,105.19000244140625,107.04000091552734,-0.75,0.66,BAJO,34321715200.0,20.45,17.56,,11.99,3.03,21.8,16.69,-6.86,14.56,1.58,0.53,,YAHOO,-0.0655,1.8078,-1.3143,0.059076,3.5525,-0.6522,82.21,2026-10-29,48,,,yahoo,1.0,0.0,1.0,1.0,1.0,0.0,0.0,0.0,1.0,-0.3594,-2.0182,-8.2866,-6.7903,14.5474,17.8489,111.05,117.8229,117.8229,-5.1328,-10.5862,-10.5862
WM,214.77000427246094,214.77,2026-09-10,False,214.2100067138672,218.99000549316406,-0.77,1.3,BAJO,85323210752.0,30.19,23.41,8.6,29.84,6.57,18.99,11.12,2.75,13.91,2.35,0.91,,YAHOO,-0.0655,1.8078,-1.3143,0.059076,3.5525,-0.6522,82.21,2026-10-26,45,,,yahoo,1.0,0.0,1.0,1.0,1.0,1.0,0.0,1.0,1.0,-1.9494,-2.9244,-9.2687,-4.2402,4.8666,21.9371,226.46,242.25,244.4743,-5.1621,-11.3437,-12.1503
WMB,72.81999969482422,72.82,2026-09-10,False,72.56999969482422,75.2699966430664,-3.1,28.92,BAJO,89107750912.0,29.02,27.98,6.77,21.5,5.03,39.54,24.94,-1.7,17.33,2.0,0.48,,YAHOO,-0.0655,1.8078,-1.3143,0.059076,3.5525,-0.6522,82.21,2026-11-02,52,,,yahoo,1.0,1.0,1.0,1.0,0.0,1.0,0.0,1.0,1.0,-3.1134,-2.1368,-2.2025,1.5192,35.4152,28.4417,75.83,77.92,78.818,-3.9694,-6.5452,-7.6099
WSM,223.74000549316406,223.74,2026-09-10,False,221.14999389648438,227.11000061035156,-1.66,13.01,BAJO,26645182464.0,23.18,21.52,14.25,54.96,16.64,17.27,14.73,4.01,16.36,0.71,1.45,,YAHOO,-0.0655,1.8078,-1.3143,0.059076,3.5525,-0.6522,82.21,2026-11-18,68,2026-08-26,16.0,yahoo,1.0,0.0,1.0,1.0,0.0,0.0,1.0,0.0,0.0,0.9111,-5.7659,3.6174,8.4793,24.4747,29.3133,242.44,251.78,251.78,-7.7132,-11.1367,-11.1367
WST,344.25,344.25,2026-09-10,False,331.989990234375,344.9200134277344,2.17,36.37,BAJO,24366200832.0,44.33,34.7,8.15,19.09,11.38,22.47,16.98,1.14,26.58,0.11,2.82,,YAHOO,-0.0655,1.8078,-1.3143,0.059076,3.5525,-0.6522,82.21,2026-10-22,41,,,yahoo,1.0,0.0,1.0,1.0,1.0,1.0,1.0,1.0,0.0,0.4728,-1.6204,-4.2327,4.0961,22.0416,24.6073,353.77,365.5013,365.5013,-2.691,-5.8143,-5.8143
WTW,315.4100036621094,315.41,2026-09-10,False,312.6099853515625,317.2200012207031,0.54,-2.23,BAJO,29311309824.0,19.54,13.81,3.82,19.76,5.08,17.56,15.49,4.83,12.37,0.91,1.1,,YAHOO,-0.0655,1.8078,-1.3143,0.059076,3.5525,-0.6522,82.21,2026-10-29,48,,,yahoo,1.0,1.0,1.0,1.0,0.0,1.0,1.0,0.0,0.0,-6.6088,-8.0759,6.7197,19.9493,28.3789,31.4379,350.75,350.75,350.75,-10.0756,-10.0756,-10.0756
WY,21.989999771118164,21.99,2026-09-10,False,21.829999923706055,22.549999237060547,-2.66,-8.14,BAJO,15899436032.0,33.42,32.8,1.69,4.97,0.67,8.03,6.89,0.09,30.26,0.58,1.82,,YAHOO,-0.0655,1.8078,-1.3143,0.059076,3.5525,-0.6522,82.21,2026-10-29,48,,,yahoo,1.0,0.0,1.0,1.0,0.0,0.0,1.0,0.0,0.0,-4.3024,-7.8394,-5.2017,-8.1446,23.5055,30.541,24.5938,25.6045,26.396,-10.5871,-14.1166,-16.692
WYNN,88.41999816894531,88.42,2026-09-10,False,88.2699966430664,90.19999694824219,-2.01,-26.32,BAJO,9030809600.0,21.03,17.02,-52.74,,5.73,16.54,6.05,5.27,10.17,,0.91,,YAHOO,-0.0655,1.8078,-1.3143,0.059076,3.5525,-0.6522,82.21,2026-11-05,55,,,yahoo,1.0,0.0,1.0,1.0,1.0,0.0,1.0,0.0,0.0,-3.3872,-9.0048,-8.7445,-15.7928,22.9484,26.0095,102.79,105.2723,132.129,-13.98,-16.0083,-33.0805
XEL,75.41000366210938,75.41,2026-09-10,False,75.3499984741211,76.72000122070312,-1.02,8.56,BAJO,47159889920.0,20.68,16.62,1.96,9.92,2.37,22.7,15.28,-16.77,14.18,1.73,0.7,,YAHOO,-0.0655,1.8078,-1.3143,0.059076,3.5525,-0.6522,82.21,2026-10-29,48,,,yahoo,1.0,0.0,1.0,1.0,0.0,1.0,0.0,1.0,0.0,-0.1324,-2.9222,-6.2997,-2.7161,19.4404,18.5429,79.41,82.23,82.6708,-5.0371,-8.2938,-8.7828
XYL,106.55000305175781,106.55,2026-09-10,False,105.69999694824219,107.47000122070312,-1.01,-20.49,BAJO,24973750272.0,25.47,17.13,2.27,9.18,5.11,17.0,11.15,4.74,13.65,0.29,1.61,,YAHOO,-0.0655,1.8078,-1.3143,0.059076,3.5525,-0.6522,82.21,2026-11-03,53,,,yahoo,1.0,1.0,1.0,1.0,1.0,0.0,0.0,1.0,0.0,-0.178,-5.6996,-11.7602,-0.1629,35.1504,28.1135,119.8638,124.825,150.8356,-11.1075,-14.6405,-29.3602
YUM,143.88999938964844,143.89,2026-09-10,False,143.4199981689453,147.00999450683594,-0.87,1.52,BAJO,38443573248.0,17.74,20.08,-5.33,,22.69,32.78,25.41,2.17,16.68,,0.59,,YAHOO,-0.0655,1.8078,-1.3143,0.059076,3.5525,-0.6522,82.21,2026-11-03,53,,,yahoo,1.0,0.0,1.0,1.0,1.0,0.0,1.0,0.0,0.0,-4.3991,-6.3432,-10.5545,-4.2789,11.939,28.7771,156.5607,166.6498,166.6498,-8.0931,-13.6573,-13.6573
ZBH,92.44000244140625,92.44,2026-09-10,False,91.44999694824219,94.05000305175781,-2.29,-7.63,BAJO,17832067072.0,22.69,10.31,1.41,6.41,3.96,17.96,9.48,6.12,9.78,0.6,1.69,,YAHOO,-0.0655,1.8078,-1.3143,0.059076,3.5525,-0.6522,82.21,2026-11-05,55,,,yahoo,1.0,0.0,1.0,1.0,0.0,1.0,1.0,0.0,0.0,-7.0955,-8.8183,-1.7432,5.1215,29.6664,33.1243,101.38,101.38,103.1746,-8.8183,-8.8183,-10.4043
ZBRA,344.010009765625,344.01,2026-09-10,False,336.3999938964844,346.8699951171875,-0.24,13.41,BAJO,16576235520.0,32.11,15.8,4.83,15.29,7.32,21.26,9.22,3.48,16.37,0.86,0.52,,YAHOO,-0.0655,1.8078,-1.3143,0.059076,3.5525,-0.6522,82.21,2026-11-03,53,,,yahoo,1.0,0.0,1.0,1.0,0.0,0.0,1.0,0.0,1.0,-2.0222,-4.3992,28.9828,58.6835,30.8632,64.1127,379.63,383.06,383.06,-9.3828,-10.1942,-10.1942
ZTS,72.86000061035156,72.86,2026-09-10,False,72.3499984741211,73.4000015258789,-0.61,-49.24,BAJO,30152927232.0,11.9,11.17,,64.91,15.35,40.72,27.68,6.69,9.28,2.94,3.08,,YAHOO,-0.0655,1.8078,-1.3143,0.059076,3.5525,-0.6522,82.21,2026-11-03,53,,,yahoo,1.0,0.0,1.0,1.0,0.0,1.0,1.0,1.0,0.0,-4.3455,-6.0113,-2.6822,-9.7455,19.4841,33.2741,77.73,78.7808,147.7719,-6.2653,-7.5156,-50.6943
