Ticker,Precio,Cierre_Confirmado,Fecha_Cierre_Confirmado,Precio_Es_Intradiario,Low,High,Change (%),RS 20D,Credit Stress,Market Cap,P/E,Forward P/E,P/Book,ROE,ROA,Operating Margin,Net Margin,FCF Yield,EV/EBITDA,Debt/Equity,Current Ratio,Piotroski,Fund Source,Grain_IS,ZC_Surprise,ZS_Surprise,SPX_Quarterly_Divisor,SPX_ROC_63d,z_MOVE_inv,MOVE_price,Earnings_Next_Date,Earnings_Days_To_Next,Earnings_Last_Date,Earnings_Days_Since,Earnings_Source,piotroski_roa_positive,piotroski_d_roa,piotroski_cfo_positive,piotroski_cfo_gt_ni,piotroski_d_leverage,piotroski_d_liquidity,piotroski_no_dilution,piotroski_d_margin,piotroski_d_turnover,roc_5d,roc_10d,roc_42d,roc_63d,vol_5d,vol_60d,high_20d,high_60d,high_252d,drawdown_20d,drawdown_60d,drawdown_252d
^GSPC,7757.64013671875,7757.6401,2026-08-07,False,7719.18994140625,7763.080078125,0.62,1.63,BAJO,,,,,,,,,,,,,,NONE,0.0317,0.0222,0.0381,0.068929,5.7316,0.3371,70.88,,999,,,none,,,,,,,,,,3.5772,4.6635,4.7519,,14.7179,14.0997,7757.6401,7757.6401,,0.0,0.0,
^DJI,54036.9296875,54036.9297,2026-08-07,False,53807.94140625,54094.6484375,0.28,5.71,BAJO,,,,,,,,,,,,,,NONE,0.0317,0.0222,0.0381,0.068929,5.7316,0.3371,70.88,,999,,,none,,,,,,,,,,2.9568,4.0227,6.4012,,16.6498,13.186,54349.1211,54349.1211,,-0.5744,-0.5744,
^IXIC,26690.619140625,26690.6191,2026-08-07,False,26478.009765625,26712.619140625,1.3,-1.53,BAJO,,,,,,,,,,,,,,NONE,0.0317,0.0222,0.0381,0.068929,5.7316,0.3371,70.88,,999,,,none,,,,,,,,,,5.1895,6.8658,2.9347,,23.978,22.3567,26690.6191,27093.9004,,0.0,-1.4885,
^RUT,3034.489990234375,3034.49,2026-08-07,False,3009.5400390625,3037.340087890625,1.1,2.84,BAJO,,,,,,,,,,,,,,NONE,0.0317,0.0222,0.0381,0.068929,5.7316,0.3371,70.88,,999,,,none,,,,,,,,,,3.5189,3.5662,6.2712,,19.4694,18.5486,3036.98,3036.98,,-0.082,-0.082,
^VIX,14.899999618530273,14.9,2026-08-07,False,14.770000457763672,15.359999656677246,-1.65,-16.54,BAJO,,,,,,,,,,,,,,NONE,0.0317,0.0222,0.0381,0.068929,5.7316,0.3371,70.88,,999,,,none,,,,,,,,,,-6.8168,-19.8062,-21.2474,-13.3217,61.4868,136.6956,20.66,22.22,,-27.88,-32.9433,
^MOVE,70.87999725341797,70.88,2026-07-17,False,68.16000366210938,70.87999725341797,3.99,2.18,BAJO,,,,,,,,,,,,,,NONE,0.0317,0.0222,0.0381,0.068929,5.7316,0.3371,70.88,,999,,,none,,,,,,,,,,1.9123,8.3792,-11.2558,,84.8528,,77.77,,,-8.8595,,
^TNX,4.659999847412109,4.66,2026-08-07,False,4.603000164031982,4.671999931335449,-0.21,3.57,BAJO,,,,,,,,,,,,,,NONE,0.0317,0.0222,0.0381,0.068929,5.7316,0.3371,70.88,,999,,,none,,,,,,,,,,-1.7914,-0.4061,2.3726,,15.6676,15.2429,4.745,4.745,,-1.7914,-1.7914,
^IRX,3.7100000381469727,3.71,2026-08-07,False,3.697000026702881,3.7300000190734863,-0.59,-0.02,BAJO,,,,,,,,,,,,,,NONE,0.0317,0.0222,0.0381,0.068929,5.7316,0.3371,70.88,,999,,,none,,,,,,,,,,0.7605,-2.4967,2.2602,,9.3434,10.1763,3.805,3.805,,-2.4967,-2.4967,
DX-Y.NYB,99.5999984741211,99.6,2026-08-07,False,99.4000015258789,100.0,-0.37,-1.42,BAJO,,,,,,,,,,,,,,NONE,0.0317,0.0222,0.0381,0.068929,5.7316,0.3371,70.88,,999,,,none,,,,,,,,,,-0.2004,-1.8429,-0.4498,,4.3816,4.6011,101.51,101.61,,-1.8816,-1.9782,
^N225,65606.7109375,65606.7109,2026-08-07,False,64651.48828125,65990.71875,-0.12,1.4,BAJO,,,,,,,,,,,,,,NONE,0.0317,0.0222,0.0381,0.068929,5.7316,0.3371,70.88,,999,,,none,,,,,,,,,,1.9339,1.5409,0.2906,5.1088,32.0764,34.7823,68751.5078,72366.3438,,-4.5741,-9.3409,
^MERV,3086785.0,3086785.0,2026-08-07,False,3055275.0,3149199.0,-0.45,8.26,BAJO,,,,,,,,,,,,,,NONE,0.0317,0.0222,0.0381,0.068929,5.7316,0.3371,70.88,,999,,,none,,,,,,,,,,-6.2145,-6.0011,-0.811,,14.8495,31.995,3379772.0,3379772.0,,-8.6688,-8.6688,
^NYA,24595.240234375,24595.2402,2026-08-07,False,24484.060546875,24603.189453125,0.45,3.99,BAJO,,,,,,,,,,,,,,NONE,0.0317,0.0222,0.0381,0.068929,5.7316,0.3371,70.88,,999,,,none,,,,,,,,,,2.023,2.5191,5.9035,,6.532,10.0122,24595.2402,24595.2402,,0.0,0.0,
^HSI,25668.029296875,25668.0293,2026-08-07,False,25393.130859375,25669.51953125,0.54,-5.97,BAJO,,,,,,,,,,,,,,NONE,0.0317,0.0222,0.0381,0.068929,5.7316,0.3371,70.88,,999,,,none,,,,,,,,,,-0.836,2.8233,4.1001,,14.4877,19.078,26009.4004,26389.0391,,-1.3125,-2.7322,
^TWII,44225.91015625,44225.9102,2026-08-07,False,43941.55859375,44827.12890625,-0.38,3.09,BAJO,,,,,,,,,,,,,,NONE,0.0317,0.0222,0.0381,0.068929,5.7316,0.3371,70.88,,999,,,none,,,,,,,,,,2.5653,1.3081,1.6623,6.3022,25.5097,37.7902,45631.5898,47741.5117,,-3.0805,-7.3638,
^KS11,6258.77001953125,6258.77,2026-08-07,False,6158.72998046875,6415.60009765625,-0.6,-19.74,BAJO,,,,,,,,,,,,,,NONE,0.0317,0.0222,0.0381,0.068929,5.7316,0.3371,70.88,,999,,,none,,,,,,,,,,-5.1047,-6.4546,-22.7019,,56.5508,81.493,7475.9399,9114.5498,,-16.2812,-31.3321,
^GDAXI,26319.44921875,26319.4492,2026-08-07,False,26223.640625,26445.1796875,0.69,4.92,BAJO,,,,,,,,,,,,,,NONE,0.0317,0.0222,0.0381,0.068929,5.7316,0.3371,70.88,,999,,,none,,,,,,,,,,2.6931,4.8625,8.7791,9.8707,8.1058,14.2593,26319.4492,26319.4492,,0.0,0.0,
^FTSE,10901.099609375,10901.0996,2026-08-07,False,10855.2001953125,10959.900390625,0.31,3.31,BAJO,,,,,,,,,,,,,,NONE,0.0317,0.0222,0.0381,0.068929,5.7316,0.3371,70.88,,999,,,none,,,,,,,,,,0.3036,1.5359,6.3024,6.1513,3.3687,9.8587,10908.4004,10908.4004,,-0.0669,-0.0669,
^AEX,1111.469970703125,1111.47,2026-08-07,False,1110.68994140625,1116.6800537109375,-0.09,6.02,BAJO,,,,,,,,,,,,,,NONE,0.0317,0.0222,0.0381,0.068929,5.7316,0.3371,70.88,,999,,,none,,,,,,,,,,1.1181,1.966,5.6611,11.2093,7.7812,10.9938,1112.49,1112.49,,-0.0917,-0.0917,
^IBEX,20176.0,20176.0,2026-08-07,False,20055.0,20288.400390625,-0.02,9.57,BAJO,,,,,,,,,,,,,,NONE,0.0317,0.0222,0.0381,0.068929,5.7316,0.3371,70.88,,999,,,none,,,,,,,,,,1.9871,3.0155,11.2073,14.8086,4.2588,15.0758,20180.4004,20180.4004,,-0.0218,-0.0218,
FTSEMIB.MI,53717.0,53717.0,2026-08-07,False,53551.0,54042.0,0.06,25.96,BAJO,,,,,,,,,,,,,,YAHOO,0.0317,0.0222,0.0381,0.068929,5.7316,0.3371,70.88,,999,,,none,,,,,,,,,,2.9594,3.6968,7.3717,9.6467,10.0195,14.338,53717.0,53717.0,53717.0,0.0,0.0,0.0
^SSMI,14544.91015625,14544.9102,2026-08-07,False,14542.4501953125,14624.8701171875,0.18,7.81,BAJO,,,,,,,,,,,,,,NONE,0.0317,0.0222,0.0381,0.068929,5.7316,0.3371,70.88,,999,,,none,,,,,,,,,,1.3855,1.5196,8.0335,11.0245,6.4819,10.2832,14571.3301,14571.3301,,-0.1813,-0.1813,
^OMXC25,1846.1300048828125,1846.13,2026-08-07,False,1824.27001953125,1854.97998046875,1.23,2.58,BAJO,,,,,,,,,,,,,,NONE,0.0317,0.0222,0.0381,0.068929,5.7316,0.3371,70.88,,999,,,none,,,,,,,,,,0.2667,0.8269,6.0239,,13.6661,,1912.84,1912.84,,-3.4875,-3.4875,
^GSPTSE,36381.19921875,36381.1992,2026-08-07,False,36234.5,36385.80078125,0.68,3.54,BAJO,,,,,,,,,,,,,,NONE,0.0317,0.0222,0.0381,0.068929,5.7316,0.3371,70.88,,999,,,none,,,,,,,,,,2.4655,3.3771,5.5179,,10.9277,12.0074,36381.1992,36381.1992,,0.0,0.0,
^AXJO,9263.599609375,9263.5996,2026-08-07,False,9216.7001953125,9274.7001953125,-0.09,2.72,BAJO,,,,,,,,,,,,,,NONE,0.0317,0.0222,0.0381,0.068929,5.7316,0.3371,70.88,,999,,,none,,,,,,,,,,3.1949,5.6006,7.0528,6.4561,10.0319,12.1759,9271.5996,9271.5996,,-0.0863,-0.0863,
^MXX,66938.640625,66938.6406,2026-08-07,False,66394.890625,67185.8828125,0.82,-7.39,BAJO,,,,,,,,,,,,,,NONE,0.0317,0.0222,0.0381,0.068929,5.7316,0.3371,70.88,,999,,,none,,,,,,,,,,0.0025,0.8366,3.2659,-4.4234,8.8175,14.8919,67307.5391,70021.3516,,-0.5481,-4.4025,
^BVSP,172513.0,172513.0,2026-08-07,False,172131.0,176117.0,-1.73,-9.51,BAJO,,,,,,,,,,,,,,NONE,0.0317,0.0222,0.0381,0.068929,5.7316,0.3371,70.88,,999,,,none,,,,,,,,,,-3.082,-0.8785,2.3093,-5.1652,13.2396,16.1848,178000.0,178000.0,,-3.0826,-3.0826,
HYG,79.61000061035156,79.61,2026-08-07,False,79.56999969482422,79.69000244140625,0.19,1.99,BAJO,,,,,,,,,,,,,,YAHOO,0.0317,0.0222,0.0381,0.068929,5.7316,0.3371,70.88,,999,,,none,,,,,,,,,,0.6498,0.9674,1.0401,1.1504,2.8774,3.494,79.61,79.61,79.61,0.0,0.0,0.0
LQD,106.55000305175781,106.55,2026-08-07,False,106.41000366210938,106.73999786376953,0.18,-1.33,BAJO,,,,,,,,,,,,,,YAHOO,0.0317,0.0222,0.0381,0.068929,5.7316,0.3371,70.88,,999,,,none,,,,,,,,,,0.7165,0.7355,-0.6224,-0.8695,6.4214,5.334,107.1163,108.8446,109.1732,-0.5286,-2.1081,-2.4028
TLT,82.76000213623047,82.76,2026-08-07,False,82.4800033569336,82.8499984741211,0.29,-4.06,BAJO,,,-4141.0,0.56,,,,,,,,,,YAHOO,0.0317,0.0222,0.0381,0.068929,5.7316,0.3371,70.88,,999,,,none,,,,,,,,,,1.0254,-0.1881,-1.4414,-2.2437,8.8508,9.3696,84.1809,86.7786,88.7882,-1.6879,-4.6309,-6.7894
GC=F,4340.7001953125,4340.7002,2026-08-07,False,4274.0,4371.5,2.33,-11.26,BAJO,,,,,,,,,,,,,,NONE,0.0317,0.0222,0.0381,0.068929,5.7316,0.3371,70.88,,999,,,none,,,,,,,,,,7.2016,6.714,0.1107,,24.9527,25.3932,4340.7002,4697.7002,,0.0,-7.5995,
HG=F,6.570499897003174,6.5705,2026-08-07,False,6.570499897003174,6.716000080108643,-1.74,1.93,BAJO,,,,,,,,,,,,,,NONE,0.0317,0.0222,0.0381,0.068929,5.7316,0.3371,70.88,,999,,,none,,,,,,,,,,2.0898,3.9636,3.8076,,24.4097,26.7975,6.703,6.703,,-1.9767,-1.9767,
CL=F,78.18000030517578,78.18,2026-08-07,False,76.52999877929688,78.7699966430664,1.15,-21.28,BAJO,,,,,,,,,,,,,,NONE,0.0317,0.0222,0.0381,0.068929,5.7316,0.3371,70.88,,999,,,none,,,,,,,,,,-7.6651,-12.4622,-14.3702,,58.1153,56.4365,92.19,108.66,,-15.1969,-28.0508,
ZS=F,1156.5,1156.5,2026-08-07,False,1156.5,1165.5,-0.06,-6.38,BAJO,,,,,,,,,,,,,,NONE,0.0317,0.0222,0.0381,0.068929,5.7316,0.3371,70.88,,999,,,none,,,,,,,,,,-1.3225,-7.3317,3.6523,,11.0609,20.2412,1248.0,1248.0,,-7.3317,-7.3317,
ZC=F,439.0,439.0,2026-08-07,False,438.5,444.5,0.0,-7.0,BAJO,,,,,,,,,,,,,,NONE,0.0317,0.0222,0.0381,0.068929,5.7316,0.3371,70.88,,999,,,none,,,,,,,,,,-0.3971,-5.4389,4.8358,,15.6955,26.0287,464.25,477.0,,-5.4389,-7.9665,
BTC-USD,64880.19140625,64880.1914,2026-08-07,False,64113.2734375,65330.609375,0.96,-31.44,BAJO,1292483690496.0,,,,,,,,,,,,,YAHOO,0.0317,0.0222,0.0381,0.068929,5.7316,0.3371,70.88,,999,,,none,,,,,,,,,,2.2025,1.5795,8.1041,6.496,11.4111,25.1337,66505.125,66505.125,96929.3281,-2.4433,-2.4433,-33.0644
ETH-USD,1913.2794189453125,1913.2794,2026-08-07,False,1893.0816650390625,1937.1666259765625,0.59,-39.27,BAJO,226262777856.0,,,,,,,,,,,,,YAHOO,0.0317,0.0222,0.0381,0.068929,5.7316,0.3371,70.88,,999,,,none,,,,,,,,,,1.6338,-0.3474,21.3535,21.0277,15.0691,35.2912,1953.4113,1953.4113,3354.7227,-2.0544,-2.0544,-42.9676
IBIT,36.79999923706055,36.8,2026-08-07,False,36.51499938964844,37.0099983215332,0.85,-47.57,BAJO,,,,,,,,,,,,,,YAHOO,0.0317,0.0222,0.0381,0.068929,5.7316,0.3371,70.88,,999,,,none,,,,,,,,,,3.2548,1.238,2.5355,-18.9427,12.0683,37.3658,37.67,46.17,71.29,-2.3095,-20.2946,-48.3799
SPY,773.260009765625,773.26,2026-08-07,False,769.6099853515625,773.9199829101562,0.61,19.49,BAJO,,27.74,,1.8,,,,,,,,,,YAHOO,0.0317,0.0222,0.0381,0.068929,5.7316,0.3371,70.88,,999,,,none,,,,,,,,,,3.5112,4.6459,4.8743,5.9696,14.8749,14.3652,773.26,773.26,773.26,0.0,0.0,0.0
QQQ,723.030029296875,723.03,2026-08-07,False,716.510009765625,723.6300048828125,1.17,23.23,BAJO,,32.12,,2.02,,,,,,,,,,YAHOO,0.0317,0.0222,0.0381,0.068929,5.7316,0.3371,70.88,,999,,,none,,,,,,,,,,5.0931,5.6706,1.0829,4.1564,30.6096,26.5961,723.85,745.3409,745.3409,-0.1133,-2.9934,-2.9934
DIA,539.6199951171875,539.62,2026-08-07,False,537.4299926757812,540.219970703125,0.27,20.73,BAJO,,,,,,,,,,,,,,YAHOO,0.0317,0.0222,0.0381,0.068929,5.7316,0.3371,70.88,,999,,,none,,,,,,,,,,2.9181,4.0211,6.354,9.2022,16.8096,13.0732,542.81,542.81,542.81,-0.5877,-0.5877,-0.5877
IWM,301.55999755859375,301.56,2026-08-07,False,299.79998779296875,302.0299987792969,1.11,35.08,BAJO,,18.69,,1.38,,,,,,,,,,YAHOO,0.0317,0.0222,0.0381,0.068929,5.7316,0.3371,70.88,,999,,,none,,,,,,,,,,3.5577,3.5684,6.3944,7.0917,19.4752,18.6373,301.71,301.71,301.71,-0.0497,-0.0497,-0.0497
GLD,398.4700012207031,398.47,2026-08-07,False,396.95001220703125,400.6600036621094,2.26,24.07,BAJO,,,,2.2,,,,,,,,,,YAHOO,0.0317,0.0222,0.0381,0.068929,5.7316,0.3371,70.88,,999,,,none,,,,,,,,,,7.2482,7.1444,0.3021,-7.6932,29.2455,25.7453,398.47,430.5,495.9,0.0,-7.4402,-19.6471
SLV,57.5,57.5,2026-08-07,False,56.9900016784668,58.18000030517578,2.95,61.64,BAJO,,,,,,,,,,,,,,YAHOO,0.0317,0.0222,0.0381,0.068929,5.7316,0.3371,70.88,,999,,,none,,,,,,,,,,9.8167,9.3364,-6.6255,-19.6927,30.6374,48.1592,57.5,79.35,105.6,0.0,-27.5362,-45.5492
XLY,119.86000061035156,119.86,2026-08-07,False,118.5,120.44000244140625,1.49,4.74,BAJO,,,,,,,,,,,,,,YAHOO,0.0317,0.0222,0.0381,0.068929,5.7316,0.3371,70.88,,999,,,none,,,,,,,,,,3.2475,9.5512,4.0808,0.1826,13.0619,22.6585,119.86,121.8173,124.0232,0.0,-1.6067,-3.3568
XLV,165.67999267578125,165.68,2026-08-07,False,162.9199981689453,165.77000427246094,0.75,26.3,BAJO,,,,,,,,,,,,,,YAHOO,0.0317,0.0222,0.0381,0.068929,5.7316,0.3371,70.88,,999,,,none,,,,,,,,,,1.9256,1.913,9.0145,14.988,9.6167,18.4914,167.26,167.26,167.26,-0.9446,-0.9446,-0.9446
XLRE,44.97999954223633,44.98,2026-08-07,False,44.709999084472656,45.255001068115234,0.38,9.59,BAJO,,32.44,,,,,,,,,,,,YAHOO,0.0317,0.0222,0.0381,0.068929,5.7316,0.3371,70.88,,999,,,none,,,,,,,,,,-0.1997,-2.111,3.0528,2.194,8.4254,16.1867,46.01,46.01,46.01,-2.2386,-2.2386,-2.2386
XLK,187.97000122070312,187.97,2026-08-07,False,185.74000549316406,188.72999572753906,1.42,38.9,BAJO,,,,,,,,,,,,,,YAHOO,0.0317,0.0222,0.0381,0.068929,5.7316,0.3371,70.88,,999,,,none,,,,,,,,,,7.197,6.874,2.1795,10.9047,40.4156,36.2769,187.97,197.974,197.974,0.0,-5.0532,-5.0532
XLI,185.17999267578125,185.18,2026-08-07,False,183.99000549316406,185.8699951171875,0.23,21.14,BAJO,,31.99,,1.89,,,,,,,,,,YAHOO,0.0317,0.0222,0.0381,0.068929,5.7316,0.3371,70.88,,999,,,none,,,,,,,,,,2.9693,1.3796,6.9145,6.6871,17.385,19.2426,186.4,186.4,186.4,-0.6545,-0.6545,-0.6545
XLF,57.599998474121094,57.6,2026-08-07,False,57.34000015258789,57.790000915527344,-0.36,9.6,BAJO,,18.33,,1.7,,,,,,,,,,YAHOO,0.0317,0.0222,0.0381,0.068929,5.7316,0.3371,70.88,,999,,,none,,,,,,,,,,1.1591,2.2909,11.2214,12.1276,9.1833,13.6311,58.0,58.0,58.0,-0.6897,-0.6897,-0.6897
XLE,57.5,57.5,2026-08-07,False,57.11000061035156,58.04999923706055,-1.13,36.41,BAJO,,21.74,,1.12,,,,,,,,,,YAHOO,0.0317,0.0222,0.0381,0.068929,5.7316,0.3371,70.88,,999,,,none,,,,,,,,,,-3.4425,-3.5559,-0.712,3.5115,23.8772,23.1417,59.62,60.8512,62.1121,-3.5559,-5.5071,-7.4254
XLC,111.25,111.25,2026-08-07,False,110.2699966430664,111.68499755859375,0.06,1.45,BAJO,,16.27,,,,,,,,,,,,YAHOO,0.0317,0.0222,0.0381,0.068929,5.7316,0.3371,70.88,,999,,,none,,,,,,,,,,2.7809,4.6566,0.4046,-4.9758,11.4714,19.3173,113.38,116.8061,119.3874,-1.8786,-4.7567,-6.816
XLB,52.86000061035156,52.86,2026-08-07,False,52.16999816894531,52.939998626708984,1.32,18.62,BAJO,,26.83,,0.66,,,,,,,,,,YAHOO,0.0317,0.0222,0.0381,0.068929,5.7316,0.3371,70.88,,999,,,none,,,,,,,,,,4.8186,3.1213,6.2003,3.225,19.6263,20.8033,52.86,52.86,53.1837,0.0,0.0,-0.6087
XLP,85.12000274658203,85.12,2026-08-07,False,84.25,85.20999908447266,0.01,2.85,BAJO,,25.97,,1.25,,,,,,,,,,YAHOO,0.0317,0.0222,0.0381,0.068929,5.7316,0.3371,70.88,,999,,,none,,,,,,,,,,0.0823,1.1768,3.1788,2.0607,5.8418,17.3916,87.36,87.36,88.8894,-2.5641,-2.5641,-4.2406
XLU,43.61000061035156,43.61,2026-08-07,False,42.95000076293945,43.869998931884766,0.53,0.81,BAJO,,20.36,,0.69,,,,,,,,,,YAHOO,0.0317,0.0222,0.0381,0.068929,5.7316,0.3371,70.88,,999,,,none,,,,,,,,,,-1.6685,-5.7896,0.8467,-2.7294,10.5802,16.3691,46.29,46.29,47.0979,-5.7896,-5.7896,-7.4056
PSQ,25.530000686645508,25.53,2026-08-07,False,25.5,25.760000228881836,-1.05,-21.75,BAJO,,,,,,,,,,,,,,YAHOO,0.0317,0.0222,0.0381,0.068929,5.7316,0.3371,70.88,,999,,,none,,,,,,,,,,-4.8453,-5.4094,-1.127,-3.9298,30.4736,26.4586,27.91,27.91,33.0172,-8.5274,-8.5274,-22.6766
EWZ,35.34000015258789,35.34,2026-08-07,False,35.220001220703125,36.029998779296875,-1.31,29.57,BAJO,,11.56,,0.99,,,,,,,,,,YAHOO,0.0317,0.0222,0.0381,0.068929,5.7316,0.3371,70.88,,999,,,none,,,,,,,,,,-3.5744,-1.0915,5.8962,-8.0504,9.1467,21.9886,36.65,36.7799,41.3365,-3.5744,-3.9148,-14.5065
FXI,36.16999816894531,36.17,2026-08-07,False,36.029998779296875,36.22999954223633,0.61,-5.43,BAJO,,,,,,,,,,,,,,YAHOO,0.0317,0.0222,0.0381,0.068929,5.7316,0.3371,70.88,,999,,,none,,,,,,,,,,-0.9041,4.598,5.0795,-2.0124,8.779,20.4935,36.52,37.9749,40.9939,-0.9584,-4.7528,-11.7673
COPX,88.02999877929688,88.03,2026-08-07,False,87.12000274658203,88.55999755859375,2.25,92.29,BAJO,,18.78,,,,,,,,,,,,YAHOO,0.0317,0.0222,0.0381,0.068929,5.7316,0.3371,70.88,,999,,,none,,,,,,,,,,11.6282,13.2656,8.6593,6.9231,43.0443,54.4133,88.03,93.3428,95.3759,0.0,-5.6917,-7.702
URA,44.90999984741211,44.91,2026-08-07,False,43.72999954223633,45.119998931884766,3.96,14.57,BAJO,,,,,,,,,,,,,,YAHOO,0.0317,0.0222,0.0381,0.068929,5.7316,0.3371,70.88,,999,,,none,,,,,,,,,,14.9475,12.5846,-2.1995,-20.1742,29.43,50.3333,44.91,53.42,61.81,0.0,-15.9304,-27.3419
ARKK,79.43000030517578,79.43,2026-08-07,False,76.95999908447266,79.51000213623047,4.89,3.03,BAJO,,45.25,,,,,,,,,,,,YAHOO,0.0317,0.0222,0.0381,0.068929,5.7316,0.3371,70.88,,999,,,none,,,,,,,,,,11.4964,10.4882,4.6784,1.9248,48.7468,39.0625,79.6,83.61,92.53,-0.2136,-4.9994,-14.1576
ITA,250.75,250.75,2026-08-07,False,247.2899932861328,251.69000244140625,0.3,25.07,BAJO,,39.67,,,,,,,,,,,,YAHOO,0.0317,0.0222,0.0381,0.068929,5.7316,0.3371,70.88,,999,,,none,,,,,,,,,,4.6274,4.4183,10.4136,12.7707,18.0582,25.8196,252.28,252.28,252.28,-0.6065,-0.6065,-0.6065
SMH,582.7000122070312,582.7,2026-08-07,False,572.3200073242188,586.0900268554688,1.96,95.92,BAJO,,,,,,,,,,,,,,YAHOO,0.0317,0.0222,0.0381,0.068929,5.7316,0.3371,70.88,,999,,,none,,,,,,,,,,7.8016,3.8329,-2.5846,7.8874,45.1924,55.4811,600.31,668.91,668.91,-2.9335,-12.8881,-12.8881
EEM,65.63999938964844,65.64,2026-08-07,False,65.01000213623047,65.94000244140625,0.95,32.15,BAJO,,,,,,,,,,,,,,YAHOO,0.0317,0.0222,0.0381,0.068929,5.7316,0.3371,70.88,,999,,,none,,,,,,,,,,2.4185,3.6476,0.3516,-0.9143,25.8717,34.0587,66.0,71.21,71.21,-0.5455,-7.8219,-7.8219
AAPL,313.3299865722656,313.33,2026-08-07,False,310.739990234375,314.80999755859375,0.29,33.94,BAJO,4515147284480.0,35.52,32.52,42.04,148.75,27.08,32.62,27.62,2.39,27.01,0.78,1.0,8.0,YAHOO,0.0317,0.0222,0.0381,0.068929,5.7316,0.3371,70.88,2026-10-29,83,2026-07-30,8.0,yahoo,1.0,1.0,1.0,0.0,1.0,1.0,1.0,1.0,1.0,1.4308,-5.9126,3.9099,9.1075,12.3212,32.3183,340.08,340.08,340.08,-7.8658,-7.8658,-7.8658
MSFT,499.989990234375,499.99,2026-08-07,False,498.7300109863281,505.17999267578125,0.03,-6.67,BAJO,3659383177216.0,27.45,21.0,8.27,34.04,14.09,45.11,40.3,0.45,19.11,0.29,1.23,6.0,YAHOO,0.0317,0.0222,0.0381,0.068929,5.7316,0.3371,70.88,2026-10-28,82,2026-07-29,9.0,yahoo,1.0,1.0,1.0,1.0,1.0,0.0,1.0,0.0,0.0,7.5895,30.9903,21.4334,19.0848,24.5139,47.5433,499.99,499.99,538.6586,0.0,0.0,-7.1787
NVDA,223.9600067138672,223.96,2026-08-07,False,220.66000366210938,224.75999450683594,2.27,19.53,BAJO,5133398704128.0,32.51,16.44,26.26,114.29,52.73,65.6,62.97,0.9,29.97,0.07,3.44,4.0,YAHOO,0.0317,0.0222,0.0381,0.068929,5.7316,0.3371,70.88,2026-08-26,19,,,yahoo,1.0,0.0,1.0,0.0,1.0,0.0,1.0,0.0,0.0,11.5616,8.2769,7.3428,6.0147,24.0306,41.8354,223.96,235.4656,235.4656,0.0,-4.8863,-4.8863
META,592.0999755859375,592.1,2026-08-07,False,585.6199951171875,598.739990234375,0.37,-26.0,BAJO,1497780846592.0,22.14,16.85,6.12,29.85,14.59,34.83,29.83,1.44,13.86,0.43,2.23,5.0,YAHOO,0.0317,0.0222,0.0381,0.068929,5.7316,0.3371,70.88,2026-10-28,82,2026-07-29,9.0,yahoo,1.0,0.0,1.0,1.0,0.0,0.0,1.0,1.0,0.0,6.357,-0.5192,1.24,-3.9171,5.2062,47.3483,681.31,681.31,787.4192,-13.0939,-13.0939,-24.805
GOOGL,354.29998779296875,354.3,2026-08-07,False,353.7799987792969,358.8999938964844,-0.96,73.19,BAJO,4618634919936.0,18.93,25.63,7.42,48.68,12.96,34.03,54.77,0.49,26.07,0.19,2.72,6.0,YAHOO,0.0317,0.0222,0.0381,0.068929,5.7316,0.3371,70.88,2026-10-28,82,2026-07-22,16.0,yahoo,1.0,0.0,1.0,1.0,0.0,1.0,1.0,1.0,0.0,-0.5139,10.8088,-2.48,-10.9245,33.5085,37.7879,377.65,402.3797,402.3797,-6.183,-11.9488,-11.9488
AMZN,274.4800109863281,274.48,2026-08-07,False,272.75,278.30999755859375,0.82,20.04,BAJO,2992339156992.0,22.3,26.86,5.42,30.56,6.59,13.69,17.44,0.11,18.48,0.46,1.03,6.0,YAHOO,0.0317,0.0222,0.0381,0.068929,5.7316,0.3371,70.88,2026-10-29,83,2026-07-30,8.0,yahoo,1.0,1.0,1.0,1.0,1.0,0.0,0.0,1.0,0.0,1.0678,18.2543,11.9321,1.2206,22.8229,45.4318,284.02,284.02,284.02,-3.3589,-3.3589,-3.3589
TSLA,328.5799865722656,328.58,2026-08-07,False,321.25,333.7300109863281,2.83,-3.54,BAJO,1292884377600.0,297.59,147.51,14.61,4.67,1.93,1.41,3.67,0.37,117.73,0.18,1.94,5.0,YAHOO,0.0317,0.0222,0.0381,0.068929,5.7316,0.3371,70.88,2026-10-21,75,2026-07-22,16.0,yahoo,1.0,0.0,1.0,1.0,0.0,1.0,0.0,1.0,0.0,5.5814,4.9676,-19.6528,-20.2069,33.2524,56.6691,396.18,445.27,489.88,-17.063,-26.2066,-32.9264
MSTR,100.01000213623047,100.01,2026-08-07,False,96.7699966430664,105.5,3.26,-77.9,BAJO,35673460736.0,,21.89,0.92,-63.56,-38.73,-6808.11,0.0,,-1.49,0.15,5.39,3.0,YAHOO,0.0317,0.0222,0.0381,0.068929,5.7316,0.3371,70.88,2026-10-29,83,2026-07-30,8.0,yahoo,0.0,0.0,0.0,1.0,1.0,1.0,0.0,0.0,0.0,7.2148,9.0979,-21.3758,-44.3895,35.435,77.6252,101.95,186.97,402.01,-1.9029,-46.5101,-75.1225
PLTR,172.00999450683594,172.01,2026-08-07,False,159.9600067138672,172.41000366210938,10.32,-11.21,BAJO,389946769408.0,182.76,77.66,39.94,38.1,17.29,47.12,49.01,0.51,143.09,0.02,7.23,8.0,YAHOO,0.0317,0.0222,0.0381,0.068929,5.7316,0.3371,70.88,2026-11-02,87,2026-08-03,4.0,yahoo,1.0,1.0,1.0,1.0,1.0,1.0,0.0,1.0,1.0,39.7773,39.9365,26.0423,25.5089,236.6488,84.7163,172.01,172.01,207.18,0.0,0.0,-16.9756
SNOW,330.489990234375,330.49,2026-08-07,False,322.1300048828125,331.3999938964844,3.93,69.16,BAJO,109792477184.0,,117.37,56.61,-54.87,-9.68,-22.17,-23.79,1.58,-94.44,1.43,1.05,5.0,YAHOO,0.0317,0.0222,0.0381,0.068929,5.7316,0.3371,70.88,2026-09-02,26,,,yahoo,0.0,0.0,1.0,1.0,1.0,0.0,0.0,1.0,1.0,12.6875,23.2896,37.4465,114.9948,30.6606,89.0289,330.49,330.49,330.49,0.0,0.0,0.0
CRWD,214.4199981689453,214.42,2026-08-07,False,208.1999969482422,216.5749969482422,3.39,98.83,BAJO,215076716544.0,,135.17,46.41,-0.25,-1.0,-2.21,-0.6,0.9,3414.56,0.18,1.53,4.0,YAHOO,0.0317,0.0222,0.0381,0.068929,5.7316,0.3371,70.88,2026-08-26,19,,,yahoo,0.0,0.0,1.0,1.0,1.0,1.0,0.0,0.0,0.0,12.3441,16.9904,30.1902,69.5958,44.0383,56.086,214.42,214.42,214.42,0.0,0.0,0.0
PANW,363.8599853515625,363.86,2026-08-07,False,359.1499938964844,370.5,1.22,114.59,BAJO,298567106560.0,318.56,88.81,10.76,4.83,1.77,-2.46,7.95,1.2,190.04,0.08,0.86,5.0,YAHOO,0.0317,0.0222,0.0381,0.068929,5.7316,0.3371,70.88,2026-09-01,25,,,yahoo,1.0,0.0,1.0,1.0,1.0,1.0,0.0,0.0,0.0,9.6525,12.3753,36.62,85.1422,48.4488,53.7851,366.34,366.34,366.34,-0.677,-0.677,-0.677
ADBE,265.2099914550781,265.21,2026-08-07,False,261.2900085449219,270.1600036621094,1.91,-25.45,BAJO,102352273408.0,14.74,9.37,8.92,62.95,19.93,35.33,28.69,9.01,10.67,0.61,0.75,7.0,YAHOO,0.0317,0.0222,0.0381,0.068929,5.7316,0.3371,70.88,2026-09-10,34,,,yahoo,1.0,1.0,1.0,1.0,0.0,0.0,1.0,1.0,1.0,5.9103,17.8135,8.2534,3.3917,15.6495,51.8892,265.21,274.03,367.46,0.0,-3.2186,-27.8262
CRM,192.74000549316406,192.74,2026-08-07,False,190.60000610351562,194.6999969482422,3.2,-22.4,BAJO,,22.13,12.31,4.57,16.91,5.7,21.8,18.73,,14.51,1.24,0.79,7.0,YAHOO,0.0317,0.0222,0.0381,0.068929,5.7316,0.3371,70.88,2026-09-02,26,,,yahoo,1.0,1.0,1.0,1.0,0.0,0.0,1.0,1.0,1.0,4.7386,17.7685,5.8545,3.7016,46.3041,50.7918,192.98,209.0604,264.8822,-0.1244,-7.8066,-27.2356
MU,877.5700073242188,877.57,2026-08-07,False,847.02001953125,904.7999877929688,-0.44,636.11,BAJO,,20.16,5.74,10.01,66.64,34.87,80.37,55.91,,13.44,0.06,3.42,7.0,YAHOO,0.0317,0.0222,0.0381,0.068929,5.7316,0.3371,70.88,2026-09-23,47,,,yahoo,1.0,1.0,1.0,1.0,1.0,0.0,0.0,1.0,1.0,6.6267,-4.7104,-7.5399,35.7353,65.5528,114.0974,990.21,1213.3734,1213.3734,-11.3754,-27.6752,-27.6752
INTC,101.6500015258789,101.65,2026-08-07,False,98.02999877929688,103.66000366210938,1.84,406.31,BAJO,508737814528.0,,49.1,5.81,-10.71,1.41,12.19,-19.79,0.96,32.4,0.49,1.6,6.0,YAHOO,0.0317,0.0222,0.0381,0.068929,5.7316,0.3371,70.88,2026-10-22,76,2026-07-23,15.0,yahoo,0.0,1.0,1.0,1.0,1.0,1.0,0.0,1.0,0.0,12.694,10.1062,-7.8172,-7.2706,86.2186,85.9843,107.76,140.94,140.94,-5.67,-27.8771,-27.8771
AMAT,539.1400146484375,539.14,2026-08-07,False,528.0,545.9400024414062,2.21,190.56,BAJO,433994104832.0,51.47,32.15,18.15,39.69,14.86,31.9,29.31,0.7,44.26,0.3,2.51,6.0,YAHOO,0.0317,0.0222,0.0381,0.068929,5.7316,0.3371,70.88,2026-08-13,6,,,yahoo,1.0,0.0,1.0,1.0,0.0,1.0,1.0,1.0,0.0,6.1989,0.5389,9.5435,31.4558,56.0057,86.6578,595.7,723.0,723.0,-9.4947,-25.4302,-25.4302
TXN,286.0799865722656,286.08,2026-08-07,False,280.9700012207031,286.1700134277344,2.76,53.55,BAJO,259024437248.0,40.81,27.26,14.38,35.18,13.06,42.58,31.11,1.37,26.55,0.78,4.86,7.0,YAHOO,0.0317,0.0222,0.0381,0.068929,5.7316,0.3371,70.88,2026-10-27,81,2026-07-22,16.0,yahoo,1.0,1.0,1.0,1.0,0.0,1.0,1.0,0.0,1.0,3.7499,2.8488,-1.1534,0.808,51.3272,51.3786,303.9935,330.5874,330.5874,-5.8927,-13.4631,-13.4631
TSM,420.0400085449219,420.04,2026-08-07,False,413.1000061035156,424.7900085449219,0.44,72.4,BAJO,2163641417728.0,35.84,19.31,87.0,39.97,19.01,60.34,49.92,34.16,4.52,0.15,2.46,9.0,YAHOO,0.0317,0.0222,0.0381,0.068929,5.7316,0.3371,70.88,2026-10-15,69,2026-07-16,22.0,yahoo,1.0,1.0,1.0,1.0,1.0,1.0,1.0,1.0,1.0,3.906,4.1224,-1.3534,1.6597,22.9979,50.9536,424.61,477.57,477.57,-1.0763,-12.0464,-12.0464
AMD,483.3599853515625,483.36,2026-08-07,False,476.05999755859375,498.989990234375,-1.21,176.57,BAJO,,172.86,37.26,13.11,8.06,3.65,14.4,13.37,,112.67,0.06,2.73,7.0,YAHOO,0.0317,0.0222,0.0381,0.068929,5.7316,0.3371,70.88,2026-08-04,999,,,yahoo,1.0,1.0,1.0,1.0,0.0,1.0,0.0,1.0,1.0,1.5142,-7.3934,-1.4215,18.3372,92.7282,80.3634,552.33,580.91,580.91,-12.4871,-16.7926,-16.7926
ASML,1740.989990234375,1740.99,2026-08-07,False,1720.1099853515625,1761.31005859375,2.15,139.4,BAJO,657536974848.0,58.55,29.03,1451.01,53.94,16.45,37.06,30.11,1.28,2707.82,0.09,1.33,8.0,YAHOO,0.0317,0.0222,0.0381,0.068929,5.7316,0.3371,70.88,2026-10-14,68,2026-07-15,23.0,yahoo,1.0,1.0,1.0,1.0,1.0,0.0,1.0,1.0,1.0,6.8748,-0.7881,-0.3315,14.9441,40.8436,58.3792,1812.9254,1986.8704,1986.8704,-3.9679,-12.3753,-12.3753
MRVL,218.72000122070312,218.72,2026-08-07,False,205.52000427246094,221.8699951171875,3.89,180.19,BAJO,196194238464.0,75.12,35.03,10.51,16.03,3.81,14.48,28.99,1.16,71.04,0.29,3.28,8.0,YAHOO,0.0317,0.0222,0.0381,0.068929,5.7316,0.3371,70.88,2026-08-27,20,,,yahoo,1.0,1.0,1.0,0.0,1.0,1.0,1.0,1.0,1.0,16.6134,12.6088,-24.2604,36.7252,111.8093,121.0023,222.44,316.352,316.352,-1.6724,-30.8618,-30.8618
QCOM,167.86000061035156,167.86,2026-08-07,False,162.3000030517578,167.99000549316406,4.66,12.94,BAJO,170803494912.0,18.59,15.8,6.22,33.75,11.61,18.53,21.01,6.0,14.81,0.55,2.02,6.0,YAHOO,0.0317,0.0222,0.0381,0.068929,5.7316,0.3371,70.88,2026-10-29,83,2026-07-29,9.0,yahoo,1.0,0.0,1.0,1.0,0.0,1.0,1.0,0.0,1.0,13.7186,0.533,-22.9187,-16.8205,71.1816,71.5916,183.98,250.0963,250.0963,-8.7618,-32.8818,-32.8818
COIN,153.60000610351562,153.6,2026-08-07,False,145.57000732421875,155.39999389648438,5.63,-53.75,BAJO,39768137728.0,,47.62,3.04,-7.85,1.12,-13.92,-16.34,6.71,53.82,0.51,2.42,4.0,YAHOO,0.0317,0.0222,0.0381,0.068929,5.7316,0.3371,70.88,2026-10-29,83,2026-07-30,8.0,yahoo,1.0,0.0,1.0,1.0,0.0,1.0,0.0,0.0,0.0,5.0185,-2.9629,-5.2495,-20.398,60.1837,67.2523,175.85,212.01,387.27,-12.6528,-27.5506,-60.3377
SHOP,151.57000732421875,151.57,2026-08-07,False,145.60000610351562,152.85000610351562,2.8,-1.91,BAJO,160000819200.0,120.88,52.88,12.83,11.31,9.62,15.71,10.77,0.79,68.1,0.01,6.2,5.0,YAHOO,0.0317,0.0222,0.0381,0.068929,5.7316,0.3371,70.88,2026-08-05,999,,,yahoo,1.0,0.0,1.0,1.0,0.0,1.0,0.0,0.0,1.0,29.3811,33.2484,36.8207,35.6453,109.4822,63.7802,151.57,151.57,179.01,0.0,0.0,-15.3287
RBLX,37.790000915527344,37.79,2026-08-07,False,36.2400016784668,37.9900016784668,4.86,-73.85,BAJO,26431909888.0,,-30.25,173.71,-432.28,-7.73,-13.27,-17.61,5.59,-29.91,14.23,0.82,6.0,YAHOO,0.0317,0.0222,0.0381,0.068929,5.7316,0.3371,70.88,2026-10-29,83,2026-07-30,8.0,yahoo,0.0,1.0,1.0,1.0,1.0,0.0,0.0,1.0,1.0,6.1517,-20.5258,-10.6619,-15.6096,47.5074,86.5143,57.07,57.95,141.56,-33.7831,-34.7886,-73.3046
UBER,75.0199966430664,75.02,2026-08-07,False,71.2300033569336,75.41999816894531,6.46,-19.45,BAJO,146542772224.0,17.86,16.17,5.92,35.31,6.94,14.56,15.91,4.46,21.93,0.48,1.07,6.0,YAHOO,0.0317,0.0222,0.0381,0.068929,5.7316,0.3371,70.88,2026-08-05,999,,,yahoo,1.0,0.0,1.0,1.0,0.0,1.0,1.0,1.0,0.0,6.6231,13.7701,7.0796,-2.2286,79.3067,40.8788,75.02,76.2,100.1,0.0,-1.5486,-25.0549
HPQ,30.049999237060547,30.05,2026-08-07,False,28.100000381469727,30.059999465942383,6.64,17.78,BAJO,,10.67,9.58,-183.57,,5.88,7.11,4.45,,6.78,,0.79,5.0,YAHOO,0.0317,0.0222,0.0381,0.068929,5.7316,0.3371,70.88,2026-08-26,19,,,yahoo,1.0,0.0,1.0,1.0,0.0,1.0,1.0,0.0,0.0,10.1943,16.699,19.8419,44.9065,69.4162,59.1159,30.05,30.05,30.05,0.0,0.0,0.0
BIDU,109.70999908447266,109.71,2026-08-07,False,108.44000244140625,110.43000030517578,0.35,22.37,BAJO,38185619456.0,,13.1,0.96,0.32,1.25,9.96,1.02,20.84,1.66,0.32,1.85,2.0,YAHOO,0.0317,0.0222,0.0381,0.068929,5.7316,0.3371,70.88,2026-08-18,11,,,yahoo,1.0,0.0,0.0,0.0,0.0,0.0,1.0,0.0,0.0,-1.26,4.1485,-7.8841,-21.5629,14.0358,44.33,113.39,150.5,162.52,-3.2454,-27.103,-32.4945
SPOT,488.1400146484375,488.14,2026-08-07,False,475.5199890136719,494.260009765625,2.75,-34.06,BAJO,98321350656.0,32.14,26.4,10.63,37.99,11.64,15.77,15.45,0.72,38.51,0.06,2.06,5.0,YAHOO,0.0317,0.0222,0.0381,0.068929,5.7316,0.3371,70.88,2026-08-04,999,,,yahoo,1.0,1.0,1.0,1.0,0.0,0.0,0.0,1.0,0.0,-2.3603,1.1354,-2.9793,14.2035,33.3765,44.4992,524.01,529.71,738.53,-6.8453,-7.8477,-33.9038
AVGO,427.760009765625,427.76,2026-08-07,False,421.6099853515625,430.8399963378906,1.71,38.08,BAJO,1989429821440.0,69.69,21.45,22.69,37.28,12.12,48.99,38.85,1.37,48.35,0.74,2.24,8.0,YAHOO,0.0317,0.0222,0.0381,0.068929,5.7316,0.3371,70.88,2026-09-02,26,,,yahoo,1.0,1.0,1.0,1.0,1.0,1.0,0.0,1.0,1.0,9.8849,12.0025,8.0275,3.8484,47.7466,55.3791,427.76,480.8091,480.8091,0.0,-11.0333,-11.0333
ACN,175.72000122070312,175.72,2026-08-07,False,170.57000732421875,176.3300018310547,2.69,-28.24,BAJO,104293285888.0,13.62,11.61,3.27,24.41,10.9,16.96,10.66,11.59,8.04,0.25,1.34,5.0,YAHOO,0.0317,0.0222,0.0381,0.068929,5.7316,0.3371,70.88,2026-09-24,48,,,yahoo,1.0,0.0,1.0,1.0,0.0,1.0,1.0,0.0,0.0,5.9065,19.5455,1.9509,-1.3081,23.4458,62.246,175.72,194.2542,282.7143,0.0,-9.5412,-37.8454
NFLX,74.13999938964844,74.14,2026-08-07,False,73.08000183105469,74.5,0.61,-42.03,BAJO,306341019648.0,23.14,19.27,10.16,49.54,16.08,33.38,28.22,8.29,21.25,0.55,1.14,7.0,YAHOO,0.0317,0.0222,0.0381,0.068929,5.7316,0.3371,70.88,2026-10-20,74,2026-07-16,22.0,yahoo,1.0,1.0,1.0,0.0,1.0,0.0,1.0,1.0,1.0,3.3886,5.7783,-10.2856,-15.9887,10.7643,33.1979,74.35,89.65,126.325,-0.2824,-17.3006,-41.3101
NIO,4.739999771118164,4.74,2026-08-07,False,4.639999866485596,4.760000228881836,3.04,-5.28,BAJO,,,27.37,18.44,-83.96,-4.42,-1.21,-9.09,,-36.13,1.83,1.01,6.0,YAHOO,0.0317,0.0222,0.0381,0.068929,5.7316,0.3371,70.88,2026-09-01,25,,,yahoo,0.0,1.0,1.0,1.0,1.0,0.0,0.0,1.0,1.0,-2.8689,5.5679,-13.0275,-19.2504,37.0733,46.0682,5.03,6.54,7.89,-5.7654,-27.5229,-39.924
BABA,128.41000366210938,128.41,2026-08-07,False,126.06999969482422,128.6199951171875,1.26,4.45,BAJO,309172568064.0,19.78,14.23,1.91,9.22,2.12,1.01,10.12,-14.26,3.01,0.25,1.28,3.0,YAHOO,0.0317,0.0222,0.0381,0.068929,5.7316,0.3371,70.88,2026-08-28,21,,,yahoo,1.0,0.0,1.0,0.0,0.0,0.0,1.0,0.0,0.0,5.0389,14.5087,7.9281,-8.0927,20.6417,43.193,128.99,144.4831,187.6169,-0.4496,-11.1245,-31.5573
PDD,91.76000213623047,91.76,2026-08-07,False,90.54000091552734,92.16000366210938,1.0,-22.91,BAJO,129571782656.0,9.54,7.44,2.04,25.4,10.33,18.42,21.62,55.29,-3.13,0.01,2.54,4.0,YAHOO,0.0317,0.0222,0.0381,0.068929,5.7316,0.3371,70.88,2026-08-25,18,,,yahoo,1.0,0.0,1.0,1.0,0.0,1.0,0.0,0.0,0.0,3.6134,11.009,11.0627,-9.605,9.9714,41.0127,91.76,99.6,138.13,0.0,-7.8715,-33.5698
SAP,206.16000366210938,206.16,2026-08-07,False,203.00999450683594,207.52999877929688,3.36,-31.41,BAJO,225635401728.0,25.39,20.36,61.53,18.32,9.54,27.62,20.41,4.03,270.13,0.22,1.15,7.0,YAHOO,0.0317,0.0222,0.0381,0.068929,5.7316,0.3371,70.88,2026-10-21,75,2026-07-23,15.0,yahoo,1.0,1.0,1.0,1.0,1.0,1.0,0.0,0.0,1.0,12.2754,28.85,13.3245,18.0013,20.3456,49.3857,206.16,206.16,290.4116,0.0,0.0,-29.0111
SE,113.43000030517578,113.43,2026-08-07,False,111.86000061035156,114.51000213623047,2.19,-26.37,BAJO,,43.7,21.22,5.3,14.86,4.87,8.36,6.36,,24.46,0.28,1.58,8.0,YAHOO,0.0317,0.0222,0.0381,0.068929,5.7316,0.3371,70.88,2026-08-11,4,,,yahoo,1.0,1.0,1.0,1.0,1.0,1.0,0.0,1.0,1.0,6.2676,13.43,34.2526,27.9671,45.7952,46.702,114.91,114.91,196.5,-1.288,-1.288,-42.2748
IBM,237.27999877929688,237.28,2026-08-07,False,232.72000122070312,237.32000732421875,1.65,-3.44,BAJO,221542891520.0,20.87,17.85,6.43,34.46,5.3,16.55,15.52,5.44,16.92,1.89,0.79,6.0,YAHOO,0.0317,0.0222,0.0381,0.068929,5.7316,0.3371,70.88,2026-10-21,75,2026-07-22,16.0,yahoo,1.0,1.0,1.0,1.0,1.0,0.0,0.0,1.0,0.0,6.0943,10.7801,-15.5046,3.3359,33.5165,77.1632,290.23,329.23,329.23,-18.2442,-27.9288,-27.9288
ZM,104.5,104.5,2026-08-07,False,102.25,105.52999877929688,3.16,42.8,BAJO,29944875008.0,15.04,16.21,3.08,21.95,6.55,25.06,41.99,6.62,16.62,0.01,4.22,7.0,YAHOO,0.0317,0.0222,0.0381,0.068929,5.7316,0.3371,70.88,2026-08-25,18,,,yahoo,1.0,1.0,1.0,1.0,1.0,0.0,1.0,1.0,0.0,8.7749,18.7635,3.3119,-3.5622,38.9796,49.5262,104.5,111.88,111.88,0.0,-6.5964,-6.5964
CSCO,121.43000030517578,121.43,2026-08-07,False,119.44999694824219,122.58999633789062,0.45,69.43,BAJO,479830245376.0,40.58,25.41,9.82,25.23,7.34,24.99,19.68,1.94,29.18,0.68,0.93,8.0,YAHOO,0.0317,0.0222,0.0381,0.068929,5.7316,0.3371,70.88,2026-08-12,5,,,yahoo,1.0,1.0,1.0,1.0,0.0,1.0,1.0,1.0,1.0,4.6901,6.3589,-1.825,32.2529,41.4446,45.7366,121.74,129.5155,129.5155,-0.2546,-6.2429,-6.2429
DOCU,60.2599983215332,60.26,2026-08-07,False,57.88999938964844,60.3849983215332,5.91,-16.12,BAJO,10986952704.0,37.36,11.29,6.1,16.44,5.51,13.41,9.59,11.38,26.73,0.1,0.67,6.0,YAHOO,0.0317,0.0222,0.0381,0.068929,5.7316,0.3371,70.88,2026-09-03,27,,,yahoo,1.0,0.0,1.0,1.0,0.0,0.0,1.0,1.0,1.0,9.9033,19.4687,30.5459,25.0467,53.4798,54.573,60.26,60.26,85.01,0.0,0.0,-29.1142
ARM,282.57000732421875,282.57,2026-08-07,False,275.0,299.2850036621094,-1.43,100.81,BAJO,299637669888.0,286.29,91.41,36.03,13.35,5.42,7.6,20.25,0.45,278.5,0.06,5.25,6.0,YAHOO,0.0317,0.0222,0.0381,0.068929,5.7316,0.3371,70.88,2026-11-04,89,2026-07-29,9.0,yahoo,1.0,0.0,1.0,1.0,0.0,1.0,0.0,1.0,1.0,17.8898,8.6766,-18.4243,32.4692,143.3266,111.5013,298.99,439.46,439.46,-5.4918,-35.7006,-35.7006
GRMN,310.8900146484375,310.89,2026-08-07,False,303.3599853515625,312.70001220703125,2.99,32.76,BAJO,59275153408.0,31.72,28.27,6.57,21.89,12.17,30.44,24.47,1.76,24.37,0.03,3.03,6.0,YAHOO,0.0317,0.0222,0.0381,0.068929,5.7316,0.3371,70.88,2026-10-28,82,2026-07-29,9.0,yahoo,1.0,1.0,1.0,0.0,0.0,1.0,0.0,1.0,1.0,5.8241,27.9225,32.7497,29.0893,30.5403,42.9515,310.89,310.89,310.89,0.0,0.0,0.0
MSI,467.54998779296875,467.55,2026-08-07,False,467.30999755859375,479.8399963378906,-1.38,1.07,BAJO,73511141376.0,35.66,23.89,28.93,99.29,11.22,19.82,17.61,2.47,23.54,3.74,1.07,6.0,YAHOO,0.0317,0.0222,0.0381,0.068929,5.7316,0.3371,70.88,2026-08-05,999,,,yahoo,1.0,1.0,1.0,1.0,0.0,0.0,1.0,1.0,0.0,7.2978,11.8996,15.2781,8.2528,70.6967,28.384,474.07,474.07,484.8296,-1.3753,-1.3753,-3.5641
SNAP,5.329999923706055,5.33,2026-08-07,False,5.224999904632568,5.369999885559082,2.11,-31.29,BAJO,9740406784.0,,7.72,4.71,-18.65,-3.42,-4.87,-6.72,6.91,-40.18,2.02,3.52,6.0,YAHOO,0.0317,0.0222,0.0381,0.068929,5.7316,0.3371,70.88,,999,2026-08-03,4.0,yahoo,0.0,1.0,1.0,1.0,1.0,0.0,0.0,1.0,1.0,13.6461,22.5287,-5.6637,-10.8696,153.6584,62.8876,5.79,6.07,9.09,-7.9447,-12.1911,-41.3641
PINS,23.68000030517578,23.68,2026-08-07,False,23.219999313354492,23.799999237060547,1.5,-35.81,BAJO,14328823808.0,53.29,11.46,5.15,8.87,4.06,-3.29,7.64,7.54,38.52,0.42,4.23,6.0,YAHOO,0.0317,0.0222,0.0381,0.068929,5.7316,0.3371,70.88,2026-08-04,999,,,yahoo,1.0,0.0,1.0,1.0,0.0,0.0,1.0,1.0,1.0,-1.3744,7.0041,7.6853,9.884,96.8302,49.7794,25.58,25.58,39.17,-7.4277,-7.4277,-39.5456
EA,209.6999969482422,209.7,2026-08-07,False,209.6999969482422,209.6999969482422,0.0,34.71,BAJO,52924891136.0,59.74,21.78,7.77,13.49,5.7,24.01,11.78,4.19,34.69,0.27,1.05,6.0,YAHOO,0.0317,0.0222,0.0381,0.068929,5.7316,0.3371,70.88,2026-11-03,88,2026-07-27,11.0,yahoo,1.0,0.0,1.0,1.0,1.0,1.0,1.0,0.0,0.0,0.8949,1.5201,3.977,3.5103,3.0396,3.8537,209.7,209.7,,0.0,0.0,
PATH,15.050000190734863,15.05,2026-08-07,False,14.15999984741211,15.100000381469727,7.5,37.97,BAJO,7305495552.0,21.69,15.55,3.86,18.18,2.37,7.27,19.58,7.0,44.79,0.04,2.31,8.0,YAHOO,0.0317,0.0222,0.0381,0.068929,5.7316,0.3371,70.88,2026-09-03,27,,,yahoo,1.0,1.0,1.0,1.0,1.0,0.0,1.0,1.0,1.0,17.9467,38.8376,34.7359,37.6944,77.446,60.6204,15.05,15.05,19.29,0.0,0.0,-21.9803
VZ,47.060001373291016,47.06,2026-08-07,False,46.09000015258789,47.060001373291016,0.15,13.3,BAJO,194775875584.0,12.21,8.88,1.87,15.84,5.05,23.0,11.64,8.97,7.59,1.84,0.6,4.0,YAHOO,0.0317,0.0222,0.0381,0.068929,5.7316,0.3371,70.88,2026-10-20,74,2026-07-24,14.0,yahoo,1.0,0.0,1.0,1.0,0.0,1.0,0.0,0.0,0.0,0.5341,1.4661,5.3306,1.6399,15.7958,28.8613,48.19,48.19,49.7702,-2.3449,-2.3449,-5.4455
T,23.790000915527344,23.79,2026-08-07,False,23.350000381469727,23.90999984741211,0.34,-14.5,BAJO,160208781312.0,7.72,9.12,1.46,18.34,4.16,24.79,16.94,6.33,7.29,1.29,0.97,6.0,YAHOO,0.0317,0.0222,0.0381,0.068929,5.7316,0.3371,70.88,2026-10-21,75,2026-07-22,16.0,yahoo,1.0,1.0,1.0,1.0,0.0,1.0,1.0,0.0,0.0,2.3226,-1.409,7.1491,-4.5584,29.7319,31.9776,24.66,25.0052,28.4181,-3.528,-4.8597,-16.2857
AMX,23.75,23.75,2026-08-07,False,23.729999542236328,24.06999969482422,-0.71,22.95,BAJO,74641235968.0,14.55,11.82,3.45,21.58,6.36,21.49,9.37,205.3,2.38,1.58,0.71,9.0,YAHOO,0.0317,0.0222,0.0381,0.068929,5.7316,0.3371,70.88,2026-10-13,67,2026-07-21,17.0,yahoo,1.0,1.0,1.0,1.0,1.0,1.0,1.0,1.0,1.0,-6.3116,-8.689,-3.3211,-10.1518,23.7527,26.8917,26.27,27.4216,27.4216,-9.5927,-13.3896,-13.3896
TCOM,46.13999938964844,46.14,2026-08-07,False,45.68000030517578,46.279998779296875,-0.22,-24.75,BAJO,29495392256.0,6.99,11.13,1.24,20.14,3.95,24.34,48.65,,-1.04,0.19,1.53,7.0,YAHOO,0.0317,0.0222,0.0381,0.068929,5.7316,0.3371,70.88,2026-08-24,17,,,yahoo,1.0,1.0,1.0,0.0,1.0,1.0,1.0,0.0,1.0,-1.8507,5.7287,-2.2665,-13.5469,16.8564,38.4175,47.3,52.28,78.96,-2.4524,-11.7445,-41.5653
TRIP,10.779999732971191,10.78,2026-08-07,False,10.529999732971191,11.069999694824219,3.45,-43.23,BAJO,1667455488.0,130.27,8.99,2.67,2.94,2.43,-5.73,0.99,10.86,13.55,2.0,1.25,7.0,YAHOO,0.0317,0.0222,0.0381,0.068929,5.7316,0.3371,70.88,2026-08-06,999,,,yahoo,1.0,1.0,1.0,1.0,1.0,0.0,1.0,0.0,1.0,-23.9238,-21.3139,-8.7214,-4.0071,206.2002,72.4453,14.93,14.93,19.14,-27.7964,-27.7964,-43.6782
ABNB,178.07000732421875,178.07,2026-08-07,False,163.4499969482422,178.47999572753906,17.43,43.93,BAJO,88978251776.0,37.02,25.11,11.68,32.32,6.25,3.21,19.9,3.59,30.52,0.33,1.44,5.0,YAHOO,0.0317,0.0222,0.0381,0.068929,5.7316,0.3371,70.88,2026-08-06,999,,,yahoo,1.0,0.0,1.0,1.0,0.0,0.0,1.0,0.0,1.0,17.5224,26.2013,32.463,26.7763,137.5645,47.1429,178.07,178.07,178.07,0.0,0.0,0.0
ORCL,147.02000427246094,147.02,2026-08-07,False,142.33999633789062,147.16000366210938,2.47,-43.75,BAJO,419799859200.0,24.33,13.38,11.18,53.38,6.5,36.2,25.37,-5.84,18.02,3.89,1.11,5.0,YAHOO,0.0317,0.0222,0.0381,0.068929,5.7316,0.3371,70.88,2026-09-09,33,,,yahoo,1.0,0.0,1.0,1.0,1.0,1.0,0.0,0.0,0.0,13.2055,27.8546,-30.3505,-24.1834,31.1756,67.8018,147.02,247.2897,324.63,0.0,-40.5475,-54.7115
TMUS,177.19000244140625,177.19,2026-08-07,False,176.6199951171875,179.66000366210938,-1.54,-29.52,BAJO,190088151040.0,18.54,12.27,3.44,17.99,5.97,25.22,11.46,5.96,8.95,2.14,0.92,6.0,YAHOO,0.0317,0.0222,0.0381,0.068929,5.7316,0.3371,70.88,2026-10-22,76,2026-07-23,15.0,yahoo,1.0,0.0,1.0,1.0,0.0,1.0,1.0,0.0,1.0,2.5939,-1.6103,-0.6949,-8.264,41.9475,40.6173,195.64,195.64,254.2196,-9.4306,-9.4306,-30.3004
ANET,188.6699981689453,188.67,2026-08-07,False,187.5,198.0,-1.9,32.34,BAJO,239884353536.0,65.69,42.64,17.79,31.52,14.36,42.74,38.32,1.82,53.7,,2.83,4.0,YAHOO,0.0317,0.0222,0.0381,0.068929,5.7316,0.3371,70.88,2026-08-04,999,,,yahoo,1.0,0.0,1.0,1.0,0.0,0.0,1.0,0.0,0.0,4.6132,8.4373,20.633,33.1005,50.854,60.1688,197.31,197.31,197.31,-4.3789,-4.3789,-4.3789
LRCX,311.3500061035156,311.35,2026-08-07,False,303.8299865722656,315.5899963378906,1.82,204.47,BAJO,397581058048.0,55.07,27.57,37.54,65.07,22.84,37.43,31.27,0.82,45.8,0.3,2.63,8.0,YAHOO,0.0317,0.0222,0.0381,0.068929,5.7316,0.3371,70.88,2026-10-21,75,2026-07-29,9.0,yahoo,1.0,1.0,1.0,1.0,1.0,0.0,1.0,1.0,1.0,6.2556,2.0117,-3.97,8.7426,75.0926,88.533,346.1,433.33,433.33,-10.0405,-28.1494,-28.1494
ADI,389.92999267578125,389.93,2026-08-07,False,385.0,392.20001220703125,3.34,73.24,BAJO,,56.51,25.25,5.49,9.64,5.49,38.08,26.01,,29.52,0.26,1.75,8.0,YAHOO,0.0317,0.0222,0.0381,0.068929,5.7316,0.3371,70.88,2026-08-19,12,,,yahoo,1.0,1.0,1.0,1.0,0.0,1.0,1.0,1.0,1.0,6.1294,4.8594,-3.4564,-4.2891,43.8815,47.8979,392.75,445.48,445.48,-0.718,-12.4697,-12.4697
SNDK,1212.2099609375,1212.21,2026-08-07,False,1184.3699951171875,1309.530029296875,-3.68,2630.68,BAJO,211415908352.0,48.82,6.7,15.34,39.3,22.82,69.98,34.19,1.07,36.96,0.02,4.78,5.0,YAHOO,0.0317,0.0222,0.0381,0.068929,5.7316,0.3371,70.88,2026-08-05,999,,,yahoo,0.0,0.0,1.0,1.0,0.0,1.0,0.0,1.0,1.0,-0.2157,-15.6172,-26.1748,-9.5339,129.6616,138.879,1757.8199,2335.0,2335.0,-31.039,-48.0852,-48.0852
NOW,124.87999725341797,124.88,2026-08-07,False,120.95999908447266,126.1500015258789,6.42,-31.65,BAJO,122140459008.0,73.84,23.6,9.76,14.24,4.25,4.06,11.34,4.22,43.47,0.68,0.7,4.0,YAHOO,0.0317,0.0222,0.0381,0.068929,5.7316,0.3371,70.88,2026-10-28,82,2026-07-22,16.0,yahoo,1.0,0.0,1.0,1.0,1.0,0.0,0.0,0.0,0.0,12.2719,26.4224,9.3616,33.4331,52.2989,72.9556,124.88,135.86,192.23,0.0,-8.0819,-35.0362
NBIS,187.97000122070312,187.97,2026-08-07,False,180.63099670410156,197.4199981689453,-1.01,170.08,BAJO,57314979840.0,87.16,-104.44,7.98,14.14,-3.01,-32.08,93.09,-10.73,-1503.14,1.32,8.33,6.0,YAHOO,0.0317,0.0222,0.0381,0.068929,5.7316,0.3371,70.88,2026-08-12,5,,,yahoo,1.0,1.0,1.0,1.0,0.0,0.0,0.0,1.0,1.0,-1.2814,0.1065,-13.7752,1.7319,127.7161,132.411,225.74,286.69,286.69,-16.7316,-34.4344,-34.4344
OXY,55.90999984741211,55.91,2026-08-07,False,55.130001068115234,56.45000076293945,-0.23,25.54,BAJO,54794424320.0,74.45,14.09,1.78,4.05,2.5,17.72,22.42,5.54,7.07,0.42,1.21,4.0,YAHOO,0.0317,0.0222,0.0381,0.068929,5.7316,0.3371,70.88,2026-08-05,999,,,yahoo,1.0,0.0,1.0,1.0,1.0,0.0,0.0,0.0,0.0,-2.0326,-2.4258,-2.2821,4.131,43.8511,35.5544,57.6,60.4209,65.9354,-2.934,-7.4658,-15.2049
XOM,153.0399932861328,153.04,2026-08-07,False,151.52999877929688,153.6699981689453,-1.16,44.65,BAJO,,25.92,14.58,2.44,12.58,5.52,15.86,9.07,,9.89,0.16,1.14,5.0,YAHOO,0.0317,0.0222,0.0381,0.068929,5.7316,0.3371,70.88,2026-10-30,84,,,yahoo,1.0,0.0,1.0,1.0,1.0,0.0,1.0,0.0,0.0,-1.544,-2.485,0.8501,5.1158,26.2841,27.9278,156.97,162.55,170.314,-2.5037,-5.8505,-10.1424
CVX,186.55999755859375,186.56,2026-08-07,False,185.8699951171875,187.75,-1.41,22.18,BAJO,379200176128.0,18.33,14.7,2.05,,,21.95,9.84,,8.28,0.24,,5.0,YAHOO,0.0317,0.0222,0.0381,0.068929,5.7316,0.3371,70.88,2026-10-30,84,2026-07-31,7.0,yahoo,1.0,0.0,1.0,1.0,0.0,1.0,0.0,1.0,0.0,-5.2177,-4.2251,-1.4162,3.161,25.5898,26.5458,196.83,197.25,209.2336,-5.2177,-5.4195,-10.8365
PSX,203.91000366210938,203.91,2026-08-07,False,200.5,206.0399932861328,-0.78,73.82,BAJO,82548506624.0,20.34,10.85,2.89,14.55,3.8,0.64,3.07,-1.37,15.03,0.91,1.13,7.0,YAHOO,0.0317,0.0222,0.0381,0.068929,5.7316,0.3371,70.88,2026-08-05,999,,,yahoo,1.0,1.0,1.0,1.0,0.0,1.0,1.0,1.0,0.0,-3.6706,-1.3832,11.1711,22.031,20.7431,30.2668,212.27,212.27,212.27,-3.9384,-3.9384,-3.9384
YPF,49.15999984741211,49.16,2026-08-07,False,48.91999816894531,50.09000015258789,-0.91,40.15,BAJO,19465177088.0,,8.64,1.86,-2.94,5.39,18.99,-1.82,-7159.67,1.87,0.92,0.94,4.0,YAHOO,0.0317,0.0222,0.0381,0.068929,5.7316,0.3371,70.88,2026-08-10,3,,,yahoo,0.0,0.0,1.0,1.0,0.0,1.0,1.0,0.0,0.0,-6.4332,-4.358,-8.1808,14.8598,32.6144,40.1834,52.54,56.35,56.35,-6.4332,-12.7595,-12.7595
VIST,65.95999908447266,65.96,2026-08-07,False,65.23999786376953,66.69000244140625,-0.53,52.31,BAJO,7272079872.0,8.7,6.4,2.68,29.79,10.0,44.24,23.56,1.69,4.99,1.07,0.69,3.0,YAHOO,0.0317,0.0222,0.0381,0.068929,5.7316,0.3371,70.88,2026-10-28,82,2026-07-16,22.0,yahoo,1.0,0.0,1.0,1.0,0.0,0.0,0.0,0.0,0.0,-6.3733,-5.0935,-10.8167,0.2432,49.9003,42.546,70.45,79.25,79.25,-6.3733,-16.7697,-16.7697
VST,140.58999633789062,140.59,2026-08-07,False,134.75,142.69000244140625,-0.56,-33.29,BAJO,48294641664.0,23.91,13.85,15.51,42.9,6.02,26.58,11.53,-0.34,11.04,3.67,0.9,5.0,YAHOO,0.0317,0.0222,0.0381,0.068929,5.7316,0.3371,70.88,2026-08-07,0,,,yahoo,1.0,0.0,1.0,1.0,1.0,0.0,1.0,0.0,0.0,-5.1286,-13.9491,-4.1614,-8.5503,61.8487,49.3952,168.98,168.98,217.0162,-16.8008,-16.8008,-35.2168
BP,41.630001068115234,41.63,2026-08-07,False,41.529998779296875,41.9900016784668,-1.42,25.3,BAJO,109297524736.0,35.97,10.66,7.82,5.84,3.96,15.46,1.66,9.2,15.01,0.96,1.22,7.0,YAHOO,0.0317,0.0222,0.0381,0.068929,5.7316,0.3371,70.88,2026-08-04,999,,,yahoo,1.0,0.0,1.0,1.0,0.0,1.0,1.0,1.0,1.0,-7.939,-4.9977,-4.7804,-3.889,45.4441,33.0619,45.22,46.14,47.0913,-7.939,-9.7746,-11.5973
E,53.61000061035156,53.61,2026-08-07,False,53.439998626708984,53.849998474121094,-1.22,55.12,BAJO,77479501824.0,19.17,10.03,1.47,10.9,3.07,10.66,5.87,-11.59,8.03,0.65,1.48,6.0,YAHOO,0.0317,0.0222,0.0381,0.068929,5.7316,0.3371,70.88,2026-10-23,77,2026-07-29,9.0,yahoo,1.0,1.0,1.0,1.0,0.0,1.0,1.0,0.0,0.0,-3.5097,2.3092,-1.3071,3.0931,33.3824,31.8715,55.56,55.759,56.9653,-3.5097,-3.8541,-5.8902
SHEL,88.5,88.5,2026-08-07,False,88.33000183105469,89.12999725341797,-1.23,25.05,BAJO,248430804992.0,9.94,10.17,1.38,14.34,6.4,16.69,8.76,8.64,5.08,0.4,1.44,5.0,YAHOO,0.0317,0.0222,0.0381,0.068929,5.7316,0.3371,70.88,2026-10-29,83,2026-07-30,8.0,yahoo,1.0,1.0,1.0,1.0,0.0,0.0,1.0,0.0,0.0,-3.7834,0.1358,2.135,6.0096,30.5984,25.2034,91.98,91.98,93.3039,-3.7834,-3.7834,-5.1487
HAL,31.889999389648438,31.89,2026-08-07,False,31.770000457763672,32.4900016784668,-1.91,52.91,BAJO,27033473024.0,16.68,11.13,2.45,14.92,7.26,12.79,7.16,7.59,7.92,0.74,2.02,4.0,YAHOO,0.0317,0.0222,0.0381,0.068929,5.7316,0.3371,70.88,2026-10-20,74,2026-07-21,17.0,yahoo,1.0,0.0,1.0,1.0,0.0,0.0,1.0,0.0,0.0,-1.1163,-4.4065,-21.2593,-18.1348,33.4181,32.7849,35.42,42.7979,42.7979,-9.9661,-25.487,-25.487
SLB,50.529998779296875,50.53,2026-08-07,False,50.279998779296875,51.720001220703125,-1.96,54.71,BAJO,75409317888.0,24.79,15.59,2.77,12.91,6.17,12.71,8.53,3.92,11.55,0.47,1.44,4.0,YAHOO,0.0317,0.0222,0.0381,0.068929,5.7316,0.3371,70.88,2026-10-23,77,2026-07-24,14.0,yahoo,1.0,0.0,1.0,1.0,1.0,0.0,0.0,0.0,0.0,1.8955,-3.6055,-10.6454,-4.1605,46.0427,39.504,52.42,58.01,58.01,-3.6055,-12.8943,-12.8943
COP,117.61000061035156,117.61,2026-08-07,False,114.88999938964844,118.5199966430664,0.73,26.17,BAJO,143685599232.0,19.99,13.01,2.23,11.28,5.87,22.05,12.33,3.68,6.88,0.36,1.29,7.0,YAHOO,0.0317,0.0222,0.0381,0.068929,5.7316,0.3371,70.88,2026-08-06,999,,,yahoo,1.0,0.0,1.0,1.0,1.0,1.0,1.0,0.0,1.0,-2.3821,-2.2036,-1.0766,3.1372,28.1939,30.5795,120.48,125.11,132.813,-2.3821,-5.9947,-11.4469
GPRK,9.430000305175781,9.43,2026-08-07,False,9.25,9.520000457763672,-0.84,43.62,BAJO,608722176.0,8.85,3.59,2.07,22.57,5.89,45.19,11.74,23.73,3.67,2.16,1.0,3.0,YAHOO,0.0317,0.0222,0.0381,0.068929,5.7316,0.3371,70.88,2026-08-04,999,,,yahoo,1.0,0.0,1.0,0.0,0.0,1.0,0.0,0.0,0.0,-3.282,-5.7,-12.3606,3.2937,17.3726,50.7409,10.35,11.78,11.78,-8.8889,-19.9491,-19.9491
CEG,269.8900146484375,269.89,2026-08-07,False,261.3699951171875,270.989990234375,3.37,-22.41,BAJO,95435513856.0,23.2,20.05,2.89,16.1,4.2,21.86,12.69,-4.69,14.89,0.66,1.36,6.0,YAHOO,0.0317,0.0222,0.0381,0.068929,5.7316,0.3371,70.88,2026-08-06,999,,,yahoo,1.0,0.0,1.0,1.0,1.0,0.0,1.0,0.0,1.0,2.7174,-1.6257,7.6675,-13.162,40.38,43.2777,275.6,301.57,402.322,-2.0718,-10.505,-32.9169
FSLR,250.0500030517578,250.05,2026-08-07,False,247.89999389648438,269.70001220703125,2.42,32.2,BAJO,26182866944.0,24.89,10.59,2.65,18.51,8.62,42.64,32.46,6.11,9.84,0.02,2.52,7.0,YAHOO,0.0317,0.0222,0.0381,0.068929,5.7316,0.3371,70.88,2026-10-29,83,2026-07-30,8.0,yahoo,1.0,1.0,1.0,1.0,1.0,1.0,0.0,0.0,1.0,18.4903,23.2867,-9.2015,16.5354,51.4971,62.0798,250.05,318.25,318.25,0.0,-21.4297,-21.4297
CCJ,97.38999938964844,97.39,2026-08-07,False,94.80000305175781,97.88999938964844,4.03,23.64,BAJO,40543764480.0,155.15,49.55,7.96,5.11,2.98,9.11,10.21,0.12,49.08,0.17,3.06,8.0,YAHOO,0.0317,0.0222,0.0381,0.068929,5.7316,0.3371,70.88,2026-10-30,84,2026-07-31,7.0,yahoo,1.0,1.0,1.0,1.0,1.0,1.0,0.0,1.0,1.0,12.746,10.8468,-7.6347,-17.9597,35.4131,49.6557,97.39,120.51,134.09,0.0,-19.1851,-27.3697
PBR,17.959999084472656,17.96,2026-08-07,False,17.93000030517578,18.760000228881836,-3.02,50.06,BAJO,120638529536.0,5.85,4.55,1.39,25.6,8.23,31.95,21.6,68.74,2.19,0.83,0.74,7.0,YAHOO,0.0317,0.0222,0.0381,0.068929,5.7316,0.3371,70.88,2026-08-06,999,,,yahoo,1.0,1.0,1.0,1.0,1.0,1.0,1.0,0.0,0.0,-7.4227,-4.3154,1.1831,-11.1524,26.2454,30.9282,19.4,20.5419,21.8617,-7.4227,-12.5688,-17.8473
NEE,84.6500015258789,84.65,2026-08-07,False,83.48999786376953,85.37000274658203,0.06,17.07,BAJO,181897297920.0,19.6,19.73,3.18,11.68,2.44,31.52,32.4,-9.77,20.57,1.62,0.53,5.0,YAHOO,0.0317,0.0222,0.0381,0.068929,5.7316,0.3371,70.88,2026-10-27,81,2026-07-24,14.0,yahoo,1.0,0.0,1.0,1.0,0.0,1.0,0.0,1.0,0.0,-2.6116,-5.714,0.7618,-8.6262,18.0478,21.2818,89.79,94.9843,97.1683,-5.7245,-10.88,-12.8831
PAAS,51.220001220703125,51.22,2026-08-07,False,50.29999923706055,51.619998931884766,6.6,58.04,BAJO,18922829824.0,14.17,9.83,2.57,20.8,10.61,48.09,31.65,6.87,9.07,0.11,2.84,7.0,YAHOO,0.0317,0.0222,0.0381,0.068929,5.7316,0.3371,70.88,2026-08-12,5,,,yahoo,1.0,1.0,1.0,1.0,1.0,1.0,0.0,1.0,0.0,18.8123,16.3298,8.3333,-11.1095,57.5162,55.4197,51.22,63.4524,68.2965,0.0,-19.278,-25.0035
HMY,19.700000762939453,19.7,2026-08-07,False,19.399999618530273,20.139999389648438,9.14,24.19,BAJO,,10.89,5.05,3.35,33.49,17.3,33.34,20.05,,0.55,0.25,0.54,,YAHOO,0.0317,0.0222,0.0381,0.068929,5.7316,0.3371,70.88,2026-08-27,20,,,yahoo,,,,,,,,,,25.0794,24.1336,28.4224,11.9955,67.3995,67.608,19.7,19.7,25.5485,0.0,0.0,-22.8918
B,43.68000030517578,43.68,2026-08-07,False,43.20000076293945,44.13999938964844,5.58,87.47,BAJO,,10.3,8.61,2.34,25.18,11.99,56.25,32.14,,6.05,0.13,3.06,9.0,YAHOO,0.0317,0.0222,0.0381,0.068929,5.7316,0.3371,70.88,2026-08-10,3,,,yahoo,1.0,1.0,1.0,1.0,1.0,1.0,1.0,1.0,1.0,18.9219,17.7041,10.6944,4.8378,48.1814,48.5928,43.68,44.6816,52.3175,0.0,-2.2417,-16.5098
VALE,14.710000038146973,14.71,2026-08-07,False,14.609999656677246,14.890000343322754,-0.07,53.57,BAJO,63112962048.0,29.66,7.14,1.7,4.11,7.92,21.95,4.75,21.09,1.92,0.55,1.19,4.0,YAHOO,0.0317,0.0222,0.0381,0.068929,5.7316,0.3371,70.88,2026-10-29,83,2026-07-30,8.0,yahoo,1.0,0.0,1.0,1.0,0.0,1.0,0.0,0.0,0.0,-2.324,-0.5409,-1.8679,-9.1414,21.4033,30.1111,15.06,16.84,17.82,-2.324,-12.6485,-17.4523
LAC,3.2300000190734863,3.23,2026-08-07,False,3.0899999141693115,3.259999990463257,6.95,12.56,BAJO,1081272320.0,,-20.77,0.8,-4.99,-1.74,0.0,0.0,-120.58,-30.23,0.47,7.36,1.0,YAHOO,0.0317,0.0222,0.0381,0.068929,5.7316,0.3371,70.88,2026-08-13,6,,,yahoo,0.0,0.0,0.0,1.0,0.0,0.0,0.0,0.0,0.0,12.5436,14.9466,-29.1667,-42.9329,63.0617,61.4184,3.23,5.75,10.05,0.0,-43.8261,-67.8607
RIO,101.0999984741211,101.1,2026-08-07,False,100.68000030517578,101.69000244140625,1.46,68.86,BAJO,161015234560.0,13.42,11.19,2.46,19.31,8.11,28.05,19.58,2.23,7.66,0.32,1.42,4.0,YAHOO,0.0317,0.0222,0.0381,0.068929,5.7316,0.3371,70.88,,999,2026-07-28,10.0,yahoo,1.0,0.0,1.0,1.0,0.0,0.0,0.0,1.0,0.0,4.3882,10.831,0.1684,-1.9494,35.6172,33.9916,101.51,112.04,112.04,-0.4039,-9.7644,-9.7644
GFI,40.81999969482422,40.82,2026-08-07,False,40.5099983215332,41.61000061035156,9.32,31.04,BAJO,,8.66,6.35,7.24,51.93,21.41,51.78,40.76,,12.07,0.37,1.79,9.0,YAHOO,0.0317,0.0222,0.0381,0.068929,5.7316,0.3371,70.88,2026-08-25,18,,,yahoo,1.0,1.0,1.0,1.0,1.0,1.0,1.0,1.0,1.0,25.9099,24.8318,13.7681,-9.1273,82.8163,62.0498,40.82,44.78,59.7691,0.0,-8.8432,-31.7039
GGB,4.940000057220459,4.94,2026-08-07,False,4.900000095367432,5.070000171661377,-1.98,65.39,BAJO,,31.88,8.62,0.97,3.07,4.48,10.48,2.37,,2.18,0.29,2.76,5.0,YAHOO,0.0317,0.0222,0.0381,0.068929,5.7316,0.3371,70.88,2026-08-04,999,,,yahoo,1.0,0.0,1.0,1.0,0.0,0.0,1.0,0.0,1.0,-0.4032,2.7027,8.0963,4.801,25.2259,35.3068,5.14,5.14,5.14,-3.891,-3.891,-3.891
FCX,69.62000274658203,69.62,2026-08-07,False,68.63999938964844,70.54000091552734,2.11,64.85,BAJO,94220001280.0,32.99,16.46,4.69,14.75,7.58,33.4,11.39,2.29,11.79,0.32,2.07,6.0,YAHOO,0.0317,0.0222,0.0381,0.068929,5.7316,0.3371,70.88,2026-10-22,76,2026-07-23,15.0,yahoo,1.0,1.0,1.0,1.0,1.0,0.0,1.0,0.0,0.0,11.1608,11.2141,9.1988,15.1443,49.31,52.9791,69.62,71.5463,71.5463,0.0,-2.6924,-2.6924
HL,16.850000381469727,16.85,2026-08-07,False,16.34000015258789,17.030000686645508,6.24,118.77,BAJO,10322264064.0,22.3,12.94,4.02,19.89,13.81,55.52,16.81,2.68,11.41,0.11,4.94,8.0,YAHOO,0.0317,0.0222,0.0381,0.068929,5.7316,0.3371,70.88,2026-08-04,999,,,yahoo,1.0,1.0,1.0,1.0,1.0,1.0,0.0,1.0,1.0,19.3343,11.2946,13.1632,-6.73,86.899,69.6929,16.85,21.0451,31.7964,0.0,-19.934,-47.0066
NEM,112.9800033569336,112.98,2026-08-07,False,110.0,113.7699966430664,7.16,62.31,BAJO,102977347584.0,12.32,9.26,2.94,25.91,15.75,51.57,33.36,8.56,5.85,0.16,2.55,9.0,YAHOO,0.0317,0.0222,0.0381,0.068929,5.7316,0.3371,70.88,2026-10-22,76,2026-07-23,15.0,yahoo,1.0,1.0,1.0,1.0,1.0,1.0,1.0,1.0,1.0,20.5634,21.2362,14.1327,-0.2169,48.1563,49.4524,112.98,118.6829,131.3767,0.0,-4.8051,-14.003
GOLD,43.5099983215332,43.51,2026-08-07,False,42.849998474121094,44.29600143432617,3.55,97.35,BAJO,1238196736.0,13.91,11.76,1.43,10.82,2.76,0.86,0.35,-60.08,16.05,1.82,1.18,4.0,YAHOO,0.0317,0.0222,0.0381,0.068929,5.7316,0.3371,70.88,2026-09-08,32,,,yahoo,1.0,0.0,1.0,1.0,0.0,0.0,0.0,1.0,0.0,5.1983,10.5718,7.5383,0.5066,43.879,44.8742,43.51,44.23,63.5992,0.0,-1.6279,-31.5872
MUX,19.190000534057617,19.19,2026-08-07,False,18.780000686645508,20.030000686645508,5.09,84.92,BAJO,,15.06,5.62,1.69,13.09,-0.18,14.72,31.4,,37.38,0.2,1.14,5.0,YAHOO,0.0317,0.0222,0.0381,0.068929,5.7316,0.3371,70.88,2026-08-05,999,,,yahoo,1.0,1.0,1.0,0.0,0.0,1.0,0.0,1.0,0.0,10.989,11.7647,4.3502,-17.9213,99.2264,65.9147,19.71,25.92,29.05,-2.6382,-25.9645,-33.9415
NXE,10.430000305175781,10.43,2026-08-07,False,10.40999984741211,10.791000366210938,1.96,48.38,BAJO,6460236288.0,,-52.3,5.36,-29.61,-3.04,0.0,0.0,-4.34,-62.85,0.42,1.37,2.0,YAHOO,0.0317,0.0222,0.0381,0.068929,5.7316,0.3371,70.88,2026-08-04,999,,,yahoo,0.0,0.0,0.0,1.0,0.0,1.0,0.0,0.0,0.0,13.9891,14.1138,0.2885,-15.7512,7.3642,58.4732,10.43,12.44,13.92,0.0,-16.1576,-25.0718
MP,51.11000061035156,51.11,2026-08-07,False,48.16999816894531,53.470001220703125,7.62,-34.45,BAJO,8450713600.0,,49.93,4.29,-4.17,-2.1,-7.88,-20.48,-2.07,-1836.48,0.44,7.18,4.0,YAHOO,0.0317,0.0222,0.0381,0.068929,5.7316,0.3371,70.88,2026-08-06,999,,,yahoo,0.0,1.0,0.0,0.0,1.0,1.0,0.0,1.0,0.0,23.5436,23.753,-11.2365,-26.0668,73.7029,72.9394,51.11,72.24,98.65,0.0,-29.2497,-48.1906
JPM,357.5199890136719,357.52,2026-08-07,False,353.3299865722656,358.8500061035156,0.34,22.97,BAJO,,15.33,14.32,2.69,17.79,1.36,50.39,34.92,,,,,3.0,YAHOO,0.0317,0.0222,0.0381,0.068929,5.7316,0.3371,70.88,2026-10-13,67,2026-07-14,24.0,yahoo,1.0,0.0,0.0,0.0,1.0,0.0,1.0,0.0,0.0,1.6288,1.2202,15.4352,17.2595,14.3492,22.225,359.24,359.24,359.24,-0.4788,-0.4788,-0.4788
AXP,340.9100036621094,340.91,2026-08-07,False,338.0,343.32000732421875,-0.49,12.63,BAJO,234136666112.0,21.04,17.24,6.83,34.38,3.79,20.32,16.14,,,1.72,1.55,4.0,YAHOO,0.0317,0.0222,0.0381,0.068929,5.7316,0.3371,70.88,2026-10-23,77,2026-07-24,14.0,yahoo,1.0,0.0,1.0,1.0,0.0,0.0,1.0,0.0,0.0,1.3859,4.5191,9.4599,7.2651,18.4784,26.0106,361.57,361.57,381.7816,-5.714,-5.714,-10.7055
MA,562.9500122070312,562.95,2026-08-07,False,561.6199951171875,572.989990234375,-2.26,-4.58,BAJO,500289241088.0,31.45,24.84,89.29,241.2,24.06,61.11,46.34,3.39,23.12,4.4,1.06,9.0,YAHOO,0.0317,0.0222,0.0381,0.068929,5.7316,0.3371,70.88,2026-10-29,83,2026-07-30,8.0,yahoo,1.0,1.0,1.0,1.0,1.0,1.0,1.0,1.0,1.0,-1.7711,4.3157,16.1063,12.5671,21.5867,23.3089,577.35,577.35,595.2507,-2.4941,-2.4941,-5.4264
V,362.5,362.5,2026-08-07,False,361.5199890136719,370.25,-2.15,5.27,BAJO,690041978880.0,31.48,24.69,19.59,61.19,19.11,66.13,50.78,2.96,22.19,0.68,0.98,6.0,YAHOO,0.0317,0.0222,0.0381,0.068929,5.7316,0.3371,70.88,2026-10-27,81,2026-07-28,10.0,yahoo,1.0,0.0,1.0,1.0,1.0,0.0,1.0,0.0,1.0,-0.9915,1.9003,13.3982,13.0638,22.3676,20.7815,370.47,370.47,370.47,-2.1513,-2.1513,-2.1513
PYPL,59.06999969482422,59.07,2026-08-07,False,58.810001373291016,59.9900016784668,-1.19,-15.14,BAJO,50078679040.0,11.07,10.11,2.55,24.5,4.62,16.97,14.36,8.83,8.21,0.72,1.29,9.0,YAHOO,0.0317,0.0222,0.0381,0.068929,5.7316,0.3371,70.88,2026-10-27,81,2026-07-28,10.0,yahoo,1.0,1.0,1.0,1.0,1.0,1.0,1.0,1.0,1.0,3.2512,5.2004,43.1653,28.2231,32.9309,45.3129,59.78,59.78,75.4763,-1.1877,-1.1877,-21.7371
PAGS,9.140000343322754,9.14,2026-08-07,False,9.09000015258789,9.479999542236328,-2.35,6.77,BAJO,2655433728.0,6.6,5.06,0.93,14.52,6.51,37.33,10.79,197.0,0.32,0.18,1.43,7.0,YAHOO,0.0317,0.0222,0.0381,0.068929,5.7316,0.3371,70.88,2026-08-11,4,,,yahoo,1.0,0.0,1.0,1.0,1.0,0.0,1.0,1.0,1.0,-5.1867,-0.6522,7.1512,-9.6838,12.86,32.3471,9.84,9.84,11.7187,-7.1138,-7.1138,-22.0048
NU,13.84000015258789,13.84,2026-08-07,False,13.770000457763672,14.350000381469727,-1.98,9.3,BAJO,69220843520.0,22.05,12.39,5.53,30.05,4.84,48.23,41.92,,,,,4.0,YAHOO,0.0317,0.0222,0.0381,0.068929,5.7316,0.3371,70.88,2026-08-13,6,,,yahoo,1.0,0.0,1.0,1.0,1.0,0.0,0.0,0.0,0.0,-3.4194,-1.7743,19.3103,-2.9453,24.953,40.2431,14.68,14.68,18.76,-5.7221,-5.7221,-26.226
XP,16.239999771118164,16.24,2026-08-07,False,16.09000015258789,16.920000076293945,-2.64,-7.28,BAJO,8768015360.0,8.66,7.15,1.87,22.94,1.37,29.95,28.85,,,6.77,1.39,6.0,YAHOO,0.0317,0.0222,0.0381,0.068929,5.7316,0.3371,70.88,2026-08-17,10,,,yahoo,1.0,1.0,1.0,1.0,1.0,0.0,1.0,0.0,0.0,-4.8066,-2.6962,7.8005,-12.4515,19.8476,40.0141,17.3,17.6908,22.6565,-6.1272,-8.2011,-28.3209
AIG,78.77999877929688,78.78,2026-08-07,False,77.87000274658203,79.7699966430664,-1.49,0.02,BAJO,,13.96,8.98,1.05,7.72,1.88,18.62,11.84,,5.01,0.23,0.61,5.0,YAHOO,0.0317,0.0222,0.0381,0.068929,5.7316,0.3371,70.88,2026-08-06,999,,,yahoo,1.0,1.0,1.0,1.0,0.0,0.0,1.0,0.0,0.0,0.2545,-0.3542,7.0223,3.7597,17.6749,23.6927,80.83,81.06,85.514,-2.5362,-2.8127,-7.8747
BRK-B,521.7999877929688,521.8,2026-08-07,False,517.4299926757812,521.989990234375,-0.54,8.9,BAJO,1115567816704.0,15.39,23.98,0.0,10.5,5.39,14.35,19.3,5.49,-2.25,0.18,2.88,4.0,YAHOO,0.0317,0.0222,0.0381,0.068929,5.7316,0.3371,70.88,2026-08-08,1,2026-08-03,4.0,yahoo,1.0,0.0,1.0,0.0,1.0,0.0,1.0,0.0,0.0,2.0057,5.429,7.1458,9.8341,11.3782,14.4751,524.61,524.61,524.61,-0.5356,-0.5356,-0.5356
BBD,3.369999885559082,3.37,2026-08-07,False,3.3499999046325684,3.4600000381469727,-1.17,18.03,BAJO,37945683968.0,8.51,6.19,1.04,13.37,1.05,35.09,25.36,,,,,4.0,YAHOO,0.0317,0.0222,0.0381,0.068929,5.7316,0.3371,70.88,2026-08-05,999,2026-07-29,9.0,yahoo,1.0,1.0,0.0,0.0,1.0,0.0,1.0,0.0,0.0,-6.5411,-6.2815,4.6719,-7.8173,22.9681,29.1045,3.7257,3.7257,4.1109,-9.5478,-9.5478,-18.0231
AEG,9.529999732971191,9.53,2026-08-07,False,9.5,9.609999656677246,0.74,29.71,BAJO,13869417472.0,13.59,30.36,1.63,10.42,0.14,0.27,8.01,-1.47,,0.57,8.0,6.0,YAHOO,0.0317,0.0222,0.0381,0.068929,5.7316,0.3371,70.88,2026-08-20,13,,,yahoo,1.0,1.0,1.0,0.0,1.0,0.0,1.0,0.0,1.0,0.9534,4.3812,19.3406,19.1956,15.7017,21.0721,9.53,9.53,9.53,0.0,0.0,0.0
SAN,14.699999809265137,14.7,2026-08-07,False,14.65999984741211,14.930000305175781,0.34,56.63,BAJO,206690697216.0,14.19,11.81,1.64,13.11,0.78,43.44,33.46,,,,,4.0,YAHOO,0.0317,0.0222,0.0381,0.068929,5.7316,0.3371,70.88,2026-10-28,82,2026-07-22,16.0,yahoo,1.0,1.0,0.0,0.0,1.0,0.0,1.0,0.0,0.0,4.2553,8.5672,20.8882,20.6897,8.0867,33.874,14.7,14.7,14.7,0.0,0.0,0.0
GGAL,46.18000030517578,46.18,2026-08-07,False,45.58000183105469,47.52000045776367,-1.18,-8.46,BAJO,8289661952.0,135.89,7.24,13.59,0.9,0.17,1.78,1.14,,,,,1.0,YAHOO,0.0317,0.0222,0.0381,0.068929,5.7316,0.3371,70.88,2026-08-25,18,,,yahoo,1.0,0.0,0.0,0.0,0.0,0.0,0.0,0.0,0.0,-7.1217,-6.2363,-3.777,8.5157,19.2871,57.122,53.1876,56.3145,58.6947,-13.1752,-17.9963,-21.3216
MELI,1820.68994140625,1820.6899,2026-08-07,False,1800.010009765625,1851.18994140625,-0.51,-25.86,BAJO,95741632512.0,49.72,32.41,13.15,31.26,5.11,6.91,6.04,-4.29,26.0,1.7,1.16,5.0,YAHOO,0.0317,0.0222,0.0381,0.068929,5.7316,0.3371,70.88,2026-08-05,999,,,yahoo,1.0,0.0,1.0,1.0,1.0,0.0,1.0,0.0,0.0,-3.0491,1.0686,12.9467,-2.6374,43.8268,31.6717,1922.5699,1922.5699,2510.97,-5.2992,-5.2992,-27.4906
WFC,87.25,87.25,2026-08-07,False,86.04000091552734,87.36000061035156,0.18,11.3,BAJO,267291295744.0,12.85,11.22,1.66,12.57,1.08,37.39,27.23,,,,,3.0,YAHOO,0.0317,0.0222,0.0381,0.068929,5.7316,0.3371,70.88,2026-10-13,67,2026-07-14,24.0,yahoo,1.0,0.0,0.0,0.0,1.0,0.0,1.0,0.0,0.0,1.5048,1.6695,8.388,11.4864,18.9412,23.7765,88.661,88.661,94.8289,-1.5914,-1.5914,-7.9922
BCS,27.93000030517578,27.93,2026-08-07,False,27.81999969482422,28.170000076293945,0.23,40.13,BAJO,94474420224.0,10.78,8.24,1.08,10.09,0.47,42.95,27.87,,,,,6.0,YAHOO,0.0317,0.0222,0.0381,0.068929,5.7316,0.3371,70.88,2026-10-22,76,2026-07-28,10.0,yahoo,1.0,1.0,1.0,1.0,0.0,0.0,1.0,0.0,1.0,2.7044,1.1957,16.565,21.2697,16.8799,35.6321,28.2428,28.2428,28.2428,-1.1075,-1.1075,-1.1075
HSBC,103.7300033569336,103.73,2026-08-07,False,103.2699966430664,104.45999908447266,1.14,67.59,BAJO,363679252480.0,17.53,11.2,8.34,11.61,0.72,50.68,34.98,,,,,5.0,YAHOO,0.0317,0.0222,0.0381,0.068929,5.7316,0.3371,70.88,2026-08-04,999,,,yahoo,1.0,0.0,1.0,1.0,1.0,0.0,1.0,0.0,0.0,-2.5277,0.3192,13.329,17.236,29.7427,28.2328,107.86,107.86,107.86,-3.829,-3.829,-3.829
BHP,90.41000366210938,90.41,2026-08-07,False,89.33000183105469,90.5999984741211,2.86,71.19,BAJO,222178574336.0,21.76,17.95,4.4,24.71,12.23,40.73,18.97,3.66,9.23,0.53,1.65,4.0,YAHOO,0.0317,0.0222,0.0381,0.068929,5.7316,0.3371,70.88,2026-08-17,10,,,yahoo,1.0,1.0,1.0,1.0,0.0,0.0,0.0,0.0,0.0,7.0068,7.9909,8.0167,9.5215,42.6469,40.383,90.41,93.15,93.15,0.0,-2.9415,-2.9415
LYG,6.28000020980835,6.28,2026-08-07,False,6.239999771118164,6.300000190734863,1.45,43.01,BAJO,90282131456.0,14.47,9.76,1.4,11.34,0.56,44.96,26.43,,,,,6.0,YAHOO,0.0317,0.0222,0.0381,0.068929,5.7316,0.3371,70.88,2026-10-29,83,2026-07-30,8.0,yahoo,1.0,1.0,1.0,1.0,0.0,0.0,1.0,0.0,1.0,1.7828,4.3189,18.4906,18.7146,17.5054,31.9792,6.28,6.28,6.28,0.0,0.0,0.0
ING,35.68000030517578,35.68,2026-08-07,False,35.540000915527344,35.779998779296875,-0.08,47.3,BAJO,101012652032.0,13.29,11.08,1.75,17.12,0.8,49.1,34.49,,,,,2.0,YAHOO,0.0317,0.0222,0.0381,0.068929,5.7316,0.3371,70.88,2026-10-29,83,2026-07-30,8.0,yahoo,1.0,0.0,0.0,0.0,0.0,0.0,1.0,0.0,0.0,2.1472,8.6811,22.5696,19.812,15.3916,29.5509,35.92,35.92,35.92,-0.6681,-0.6681,-0.6681
IBN,30.219999313354492,30.22,2026-08-07,False,29.989999771118164,30.299999237060547,-0.85,-9.77,BAJO,,18.72,16.4,2.73,16.07,2.11,38.51,27.53,,,,,4.0,YAHOO,0.0317,0.0222,0.0381,0.068929,5.7316,0.3371,70.88,2026-10-17,71,2026-07-20,18.0,yahoo,1.0,0.0,1.0,1.0,1.0,0.0,0.0,0.0,0.0,1.6106,3.2633,18.572,13.9604,8.6929,20.7358,30.48,30.48,33.0533,-0.853,-0.853,-8.5718
MUFG,22.489999771118164,22.49,2026-08-07,False,22.389999389648438,22.6200008392334,-0.13,51.25,BAJO,246174138368.0,16.17,21.19,1.98,9.46,0.51,45.6,27.45,,,,,1.0,YAHOO,0.0317,0.0222,0.0381,0.068929,5.7316,0.3371,70.88,,999,2026-08-03,4.0,yahoo,1.0,0.0,0.0,0.0,0.0,0.0,0.0,0.0,0.0,0.1782,-1.7475,12.9016,24.9444,36.8112,26.1899,23.1,23.1,23.1,-2.6407,-2.6407,-2.6407
GS,1039.6099853515625,1039.61,2026-08-07,False,1032.030029296875,1047.0,0.68,43.82,BAJO,310636904448.0,16.25,14.22,2.87,16.95,1.07,42.32,31.04,,,6.47,2.57,4.0,YAHOO,0.0317,0.0222,0.0381,0.068929,5.7316,0.3371,70.88,2026-10-13,67,2026-07-14,24.0,yahoo,1.0,1.0,0.0,0.0,0.0,0.0,1.0,0.0,1.0,2.0847,-2.0373,-0.5158,12.7795,34.0305,40.9554,1152.0699,1152.0699,1152.0699,-9.7616,-9.7616,-9.7616
BX,137.1300048828125,137.13,2026-08-07,False,134.6199951171875,138.5,2.76,-18.74,BAJO,170760126464.0,30.69,18.32,12.17,31.37,14.33,54.36,22.73,,,0.63,0.97,5.0,YAHOO,0.0317,0.0222,0.0381,0.068929,5.7316,0.3371,70.88,2026-10-22,76,2026-07-23,15.0,yahoo,1.0,0.0,1.0,1.0,1.0,0.0,0.0,0.0,1.0,8.4375,6.5607,21.3143,13.2419,34.9562,39.731,137.2,137.2,181.3246,-0.051,-0.051,-24.3732
ITUB,7.940000057220459,7.94,2026-08-07,False,7.929999828338623,8.199999809265137,-2.93,26.98,BAJO,90269130752.0,10.5,8.29,2.19,21.82,1.57,33.08,33.28,,,,,4.0,YAHOO,0.0317,0.0222,0.0381,0.068929,5.7316,0.3371,70.88,2026-08-04,999,,,yahoo,1.0,1.0,1.0,0.0,0.0,0.0,1.0,0.0,0.0,-6.1134,-4.0724,7.9389,-1.9199,29.4241,28.7446,8.547,8.617,9.3791,-7.1017,-7.8561,-15.3436
BAC,63.16999816894531,63.17,2026-08-07,False,62.38999938964844,63.220001220703125,0.27,37.07,BAJO,439843880960.0,14.53,11.88,1.6,11.2,0.97,38.3,29.52,,,,,5.0,YAHOO,0.0317,0.0222,0.0381,0.068929,5.7316,0.3371,70.88,2026-10-14,68,2026-07-14,24.0,yahoo,1.0,1.0,1.0,0.0,0.0,0.0,1.0,0.0,1.0,1.9693,1.805,17.7885,20.3758,7.5925,18.4979,63.25,63.25,63.25,-0.1265,-0.1265,-0.1265
RACE,412.260009765625,412.26,2026-08-07,False,409.6400146484375,413.2900085449219,1.22,-9.26,BAJO,70796320768.0,37.61,31.75,16.78,45.44,13.6,31.06,22.25,1.41,29.4,0.86,2.43,9.0,YAHOO,0.0317,0.0222,0.0381,0.068929,5.7316,0.3371,70.88,,999,2026-07-30,8.0,yahoo,1.0,1.0,1.0,1.0,1.0,1.0,1.0,1.0,1.0,4.6691,14.4721,17.2626,22.1656,8.2089,37.1309,412.26,412.26,498.3386,0.0,0.0,-17.2731
C,135.0,135.0,2026-08-07,False,132.52000427246094,135.24000549316406,0.88,45.45,BAJO,229585731584.0,14.75,10.62,1.19,8.53,0.66,36.23,21.83,,,,,3.0,YAHOO,0.0317,0.0222,0.0381,0.068929,5.7316,0.3371,70.88,2026-10-13,67,2026-07-14,24.0,yahoo,1.0,0.0,0.0,0.0,1.0,0.0,1.0,0.0,0.0,2.4435,2.645,1.8055,5.1099,34.991,30.2189,139.9982,144.9331,144.9331,-3.5702,-6.8536,-6.8536
SCHW,107.5999984741211,107.6,2026-08-07,False,106.19000244140625,107.62999725341797,-0.06,8.71,BAJO,184957059072.0,19.37,13.63,3.68,20.28,2.07,51.88,38.79,,,0.74,0.64,7.0,YAHOO,0.0317,0.0222,0.0381,0.068929,5.7316,0.3371,70.88,2026-10-15,69,2026-07-21,17.0,yahoo,1.0,1.0,1.0,1.0,1.0,0.0,1.0,0.0,1.0,2.2425,5.5212,22.1617,20.6549,13.3368,25.2253,108.02,108.02,108.02,-0.3888,-0.3888,-0.3888
PG,145.7899932861328,145.79,2026-08-07,False,143.8800048828125,146.0,-0.8,-5.45,BAJO,,21.89,19.97,6.48,30.29,10.18,19.53,18.44,,15.6,0.63,0.68,6.0,YAHOO,0.0317,0.0222,0.0381,0.068929,5.7316,0.3371,70.88,2026-10-22,76,2026-07-29,9.0,yahoo,,,,,,,,,,0.8997,-1.099,1.2256,0.5603,21.7582,22.8434,150.3774,151.6182,164.7207,-3.0506,-3.844,-11.4926
KO,87.05000305175781,87.05,2026-08-07,False,86.19000244140625,87.16999816894531,0.23,24.05,BAJO,372428636160.0,25.99,24.55,10.3,42.05,9.4,34.87,28.56,1.4,23.68,1.16,1.3,7.0,YAHOO,0.0317,0.0222,0.0381,0.068929,5.7316,0.3371,70.88,2026-10-20,74,2026-07-28,10.0,yahoo,1.0,1.0,1.0,0.0,1.0,1.0,1.0,1.0,0.0,-0.6165,5.8359,10.1484,11.7073,4.6559,24.7098,89.08,89.08,89.08,-2.2788,-2.2788,-2.2788
PEP,139.02000427246094,139.02,2026-08-07,False,137.14999389648438,139.49000549316406,0.42,-3.69,BAJO,190010605568.0,18.33,15.49,8.6,51.51,8.93,16.84,10.79,4.12,12.35,2.39,0.93,5.0,YAHOO,0.0317,0.0222,0.0381,0.068929,5.7316,0.3371,70.88,2026-10-08,62,2026-07-09,29.0,yahoo,1.0,0.0,1.0,1.0,0.0,1.0,1.0,0.0,0.0,-0.3869,1.7418,-1.18,-10.1141,5.6875,23.8118,143.5,149.0023,167.221,-3.1219,-6.6994,-16.8645
MO,68.3499984741211,68.35,2026-08-07,False,67.1500015258789,68.54000091552734,0.89,10.49,BAJO,113659461632.0,14.36,11.59,-35.42,,29.55,61.46,39.0,7.95,8.62,,0.52,6.0,YAHOO,0.0317,0.0222,0.0381,0.068929,5.7316,0.3371,70.88,2026-10-29,83,2026-07-30,8.0,yahoo,1.0,0.0,1.0,1.0,0.0,1.0,1.0,1.0,0.0,0.0293,-6.357,-2.6902,0.4811,13.4967,29.9339,74.92,74.92,74.92,-8.7694,-8.7694,-8.7694
WMT,111.8499984741211,111.85,2026-08-07,False,110.5,112.29000091552734,-0.2,5.51,BAJO,887723720704.0,39.14,34.0,9.42,24.13,6.83,4.22,3.14,0.77,21.39,0.75,0.77,7.0,YAHOO,0.0317,0.0222,0.0381,0.068929,5.7316,0.3371,70.88,2026-08-20,13,,,yahoo,1.0,1.0,1.0,1.0,1.0,0.0,1.0,1.0,0.0,0.5845,2.1741,-6.6594,-13.9298,8.7341,27.0938,114.95,134.2,134.2,-2.6968,-16.6542,-16.6542
TGT,149.6999969482422,149.7,2026-08-07,False,145.5,149.8000030517578,1.78,45.03,BAJO,,19.57,16.53,4.1,22.02,5.68,4.52,3.24,,9.95,1.18,0.93,6.0,YAHOO,0.0317,0.0222,0.0381,0.068929,5.7316,0.3371,70.88,2026-08-19,12,,,yahoo,1.0,0.0,1.0,1.0,1.0,1.0,1.0,0.0,0.0,3.6058,9.4458,20.755,20.0464,18.5561,33.151,149.7,149.7,149.7,0.0,0.0,0.0
MCD,274.4800109863281,274.48,2026-08-07,False,273.2900085449219,276.8699951171875,-0.64,-11.17,BAJO,,22.14,19.11,-148.25,,13.56,44.25,31.62,,16.44,,1.14,6.0,YAHOO,0.0317,0.0222,0.0381,0.068929,5.7316,0.3371,70.88,2026-08-04,999,,,yahoo,1.0,0.0,1.0,1.0,1.0,0.0,1.0,1.0,0.0,1.4189,3.6712,-1.188,-2.5937,18.1517,22.8999,276.26,287.93,336.8806,-0.6443,-4.6713,-18.5231
SBUX,105.58000183105469,105.58,2026-08-07,False,103.66999816894531,106.8499984741211,0.4,14.42,BAJO,119665803264.0,60.68,33.75,-15.59,,8.02,12.92,5.17,2.56,24.55,,0.76,5.0,YAHOO,0.0317,0.0222,0.0381,0.068929,5.7316,0.3371,70.88,2026-10-28,82,2026-07-29,9.0,yahoo,1.0,0.0,1.0,1.0,1.0,0.0,0.0,0.0,1.0,0.3135,2.2567,11.3478,1.8596,15.889,22.5984,108.37,108.37,108.37,-2.5745,-2.5745,-2.5745
NKE,41.70000076293945,41.7,2026-08-07,False,41.61000061035156,42.369998931884766,-0.71,-45.47,BAJO,61609701376.0,19.78,18.08,4.14,22.14,6.97,12.69,6.7,3.07,12.91,0.74,1.96,4.0,YAHOO,0.0317,0.0222,0.0381,0.068929,5.7316,0.3371,70.88,2026-09-29,53,,,yahoo,1.0,0.0,1.0,0.0,1.0,0.0,0.0,1.0,0.0,-0.024,0.0,-3.5392,-5.262,31.9457,34.3516,44.57,46.9499,77.0555,-6.4393,-11.1819,-45.8832
MDLZ,62.61000061035156,62.61,2026-08-07,False,61.939998626708984,63.08000183105469,-0.22,1.56,BAJO,79233212416.0,37.85,18.48,2.98,13.34,4.12,21.98,8.86,2.84,16.39,0.83,0.6,5.0,YAHOO,0.0317,0.0222,0.0381,0.068929,5.7316,0.3371,70.88,2026-10-27,81,2026-07-28,10.0,yahoo,1.0,0.0,1.0,1.0,0.0,0.0,1.0,0.0,1.0,0.4815,3.4534,2.4916,2.9764,7.2479,26.7942,64.99,64.99,64.99,-3.6621,-3.6621,-3.6621
HSY,182.35000610351562,182.35,2026-08-07,False,181.5,184.08999633789062,-0.37,-1.29,BAJO,35973730304.0,24.46,18.14,7.83,32.81,9.92,23.12,12.24,4.85,15.1,1.3,1.18,4.0,YAHOO,0.0317,0.0222,0.0381,0.068929,5.7316,0.3371,70.88,2026-10-28,82,2026-07-30,8.0,finnhub,1.0,0.0,1.0,1.0,0.0,1.0,0.0,0.0,0.0,4.1702,4.6185,3.6669,-1.7685,15.2539,32.019,183.91,197.82,234.4774,-0.8482,-7.8202,-22.2313
ANF,112.62000274658203,112.62,2026-08-07,False,108.16000366210938,112.83000183105469,1.94,6.01,BAJO,4896374272.0,10.53,9.39,3.65,39.22,12.73,7.98,9.34,5.79,6.69,0.95,1.45,5.0,YAHOO,0.0317,0.0222,0.0381,0.068929,5.7316,0.3371,70.88,2026-08-26,19,,,yahoo,1.0,0.0,1.0,1.0,0.0,1.0,1.0,0.0,0.0,13.1404,20.0512,41.6248,43.4467,17.6446,51.5787,112.62,112.62,129.85,0.0,0.0,-13.2692
EBAY,111.9800033569336,111.98,2026-08-07,False,110.41000366210938,115.16999816894531,1.67,18.56,BAJO,48666841088.0,25.31,16.39,11.08,42.88,8.59,23.15,17.61,2.47,17.08,1.63,1.22,5.0,YAHOO,0.0317,0.0222,0.0381,0.068929,5.7316,0.3371,70.88,2026-08-05,999,2026-07-28,10.0,yahoo,1.0,1.0,1.0,0.0,0.0,0.0,1.0,0.0,1.0,-1.7805,2.3677,3.2645,5.5163,22.3145,31.4232,117.44,118.6311,118.6311,-4.6492,-5.6066,-5.6066
ABEV,3.0,3.0,2026-08-07,False,2.990000009536743,3.0399999618530273,-0.33,31.28,BAJO,46976495616.0,15.2,14.06,2.75,18.4,10.3,23.74,18.41,42.27,1.2,0.03,1.02,8.0,YAHOO,0.0317,0.0222,0.0381,0.068929,5.7316,0.3371,70.88,2026-10-29,83,2026-07-30,8.0,yahoo,1.0,1.0,1.0,1.0,1.0,0.0,1.0,1.0,1.0,-3.537,-1.9608,-2.001,-8.2753,2.6225,22.6559,3.14,3.2607,3.4202,-4.4586,-7.9948,-12.2866
UL,62.959999084472656,62.96,2026-08-07,False,62.7400016784668,63.4900016784668,-0.27,-7.66,BAJO,138049290240.0,21.43,16.32,7.9,31.87,8.29,20.34,18.32,4.88,15.29,1.75,0.74,7.0,YAHOO,0.0317,0.0222,0.0381,0.068929,5.7316,0.3371,70.88,2026-10-28,82,2026-07-28,10.0,finnhub,1.0,1.0,1.0,0.0,0.0,1.0,1.0,1.0,1.0,0.1255,4.1838,13.1923,9.1415,12.7452,28.8568,66.3122,66.3122,72.7099,-5.0552,-5.0552,-13.4093
URBN,76.91999816894531,76.92,2026-08-07,False,75.26000213623047,77.68000030517578,-0.97,-2.53,BAJO,6754894848.0,14.94,11.66,2.59,18.73,8.36,8.96,7.48,0.07,9.84,0.46,1.48,8.0,YAHOO,0.0317,0.0222,0.0381,0.068929,5.7316,0.3371,70.88,2026-08-26,19,,,yahoo,1.0,1.0,1.0,1.0,0.0,1.0,1.0,1.0,1.0,3.6937,9.9328,7.0117,9.1993,19.8646,40.1616,78.88,78.88,82.7,-2.4848,-2.4848,-6.9891
CL,93.2699966430664,93.27,2026-08-07,False,91.69999694824219,93.55999755859375,0.29,9.67,BAJO,73762398208.0,35.32,22.57,312.6,267.37,15.84,20.97,9.68,4.69,16.15,13.88,1.03,5.0,YAHOO,0.0317,0.0222,0.0381,0.068929,5.7316,0.3371,70.88,2026-10-30,84,2026-07-31,7.0,yahoo,1.0,0.0,1.0,1.0,1.0,0.0,1.0,0.0,0.0,2.1577,2.7769,8.9865,7.3772,22.4694,25.5583,93.5338,94.5877,97.966,-0.282,-1.3931,-4.7935
COST,947.8200073242188,947.82,2026-08-07,False,937.510009765625,949.7899780273438,-0.14,-6.03,BAJO,420351377408.0,47.77,41.85,25.43,29.15,8.67,3.67,3.01,1.65,30.36,0.6,1.07,6.0,YAHOO,0.0317,0.0222,0.0381,0.068929,5.7316,0.3371,70.88,2026-09-24,48,,,yahoo,1.0,0.0,1.0,1.0,1.0,1.0,0.0,1.0,0.0,-0.4276,1.3679,-2.6082,-6.1986,10.4497,22.9444,974.03,1092.5829,1092.5829,-2.6909,-13.2496,-13.2496
KMB,109.68000030517578,109.68,2026-08-07,False,107.13999938964844,109.83000183105469,0.94,-18.72,BAJO,37034586112.0,21.58,14.84,20.62,111.73,10.16,19.65,12.8,2.85,12.65,3.71,0.77,4.0,YAHOO,0.0317,0.0222,0.0381,0.068929,5.7316,0.3371,70.88,2026-08-04,999,,,yahoo,1.0,0.0,1.0,1.0,1.0,0.0,0.0,0.0,0.0,0.3385,-0.0182,12.2046,11.6779,45.9273,29.8455,113.21,114.74,130.3862,-3.1181,-4.41,-15.8807
ORLY,93.52999877929688,93.53,2026-08-07,False,91.97000122070312,94.01000213623047,0.17,-12.7,BAJO,74948509696.0,29.15,25.16,-40.83,,13.67,20.15,14.27,2.1,19.81,,0.75,7.0,YAHOO,0.0317,0.0222,0.0381,0.068929,5.7316,0.3371,70.88,2026-10-28,82,2026-07-29,9.0,yahoo,1.0,0.0,1.0,1.0,1.0,1.0,1.0,1.0,0.0,4.6782,7.0137,5.0663,-1.1102,18.5793,32.2508,93.53,93.53,107.82,0.0,0.0,-13.2536
PM,189.57000732421875,189.57,2026-08-07,False,186.50999450683594,190.1699981689453,0.81,12.21,BAJO,291320430592.0,25.71,20.39,-33.94,,14.59,40.0,25.56,3.33,18.72,,0.98,7.0,YAHOO,0.0317,0.0222,0.0381,0.068929,5.7316,0.3371,70.88,2026-10-21,75,2026-07-22,16.0,yahoo,1.0,1.0,1.0,1.0,1.0,1.0,0.0,1.0,0.0,-0.6551,-1.7772,8.5662,11.7069,12.211,29.5181,200.17,200.17,200.17,-5.2955,-5.2955,-5.2955
ETSY,85.55000305175781,85.55,2026-08-07,False,83.30999755859375,86.44999694824219,4.0,37.24,BAJO,8201881600.0,33.11,13.22,-7.21,,10.15,18.98,9.81,2.02,22.44,,1.69,5.0,YAHOO,0.0317,0.0222,0.0381,0.068929,5.7316,0.3371,70.88,2026-08-05,999,,,yahoo,1.0,0.0,1.0,1.0,1.0,0.0,1.0,0.0,0.0,4.738,6.1151,24.2917,33.6301,62.849,40.5429,86.47,86.47,86.47,-1.064,-1.064,-1.064
TM,190.08999633789062,190.09,2026-08-07,False,188.86000061035156,190.75999450683594,1.39,-2.45,BAJO,223997181952.0,9.93,11.99,15.56,10.23,2.37,4.57,7.59,-537.88,6.24,1.07,1.27,3.0,YAHOO,0.0317,0.0222,0.0381,0.068929,5.7316,0.3371,70.88,2026-08-04,999,,,yahoo,1.0,0.0,1.0,1.0,0.0,0.0,0.0,0.0,0.0,0.582,7.1412,6.5228,0.5767,24.4867,25.9562,192.84,192.84,248.29,-1.4261,-1.4261,-23.4403
HMC,31.81999969482422,31.82,2026-08-07,False,31.59000015258789,31.969999313354492,3.55,-5.49,BAJO,5622790500000.0,,,0.52,-2.85,-0.71,-16.45,-1.95,3.37,8.81,113.65,1.28,3.0,YAHOO+FINNHUB,0.0317,0.0222,0.0381,0.068929,5.7316,0.3371,70.88,2026-08-05,999,,,yahoo,0.0,0.0,1.0,1.0,0.0,0.0,1.0,0.0,0.0,5.6792,12.9972,17.9829,32.2527,20.4609,35.5438,31.82,31.82,34.85,0.0,0.0,-8.6944
NSANY,4.349999904632568,4.35,2026-08-07,False,4.329999923706055,4.369999885559082,2.59,-6.98,BAJO,7254993920.0,,4.83,0.24,-7.65,0.69,2.63,-3.37,-18739.97,15.32,1.72,1.54,5.0,YAHOO,0.0317,0.0222,0.0381,0.068929,5.7316,0.3371,70.88,,999,2026-08-03,4.0,yahoo,0.0,0.0,1.0,1.0,1.0,0.0,1.0,0.0,1.0,2.5943,8.75,-0.2294,-2.9018,26.2484,44.7002,4.51,5.08,6.05,-3.5477,-14.3701,-28.0992
GM,87.58000183105469,87.58,2026-08-07,False,86.33000183105469,87.87999725341797,0.74,61.89,BAJO,79872114688.0,39.42,6.0,1.25,3.16,2.25,3.2,1.05,27.46,11.13,2.02,1.14,5.0,YAHOO,0.0317,0.0222,0.0381,0.068929,5.7316,0.3371,70.88,2026-10-20,74,2026-07-21,17.0,yahoo,1.0,0.0,1.0,1.0,0.0,1.0,1.0,0.0,0.0,-1.4405,5.9777,4.5482,11.937,26.2177,35.1588,90.3,90.3,90.3,-3.0122,-3.0122,-3.0122
ARCO,8.239999771118164,8.24,2026-08-07,False,8.180000305175781,8.40999984741211,-1.2,21.23,BAJO,1756929920.0,7.51,9.78,2.27,36.28,6.71,5.16,4.86,10.39,6.13,2.79,0.8,6.0,YAHOO,0.0317,0.0222,0.0381,0.068929,5.7316,0.3371,70.88,2026-08-13,6,,,yahoo,1.0,1.0,1.0,1.0,0.0,1.0,1.0,0.0,0.0,0.8568,0.2433,1.1939,-7.173,23.3758,37.9409,8.47,9.0751,9.4222,-2.7155,-9.202,-12.5472
HD,355.6199951171875,355.62,2026-08-07,False,348.739990234375,356.8299865722656,1.75,-9.09,BAJO,,24.73,21.63,25.02,128.38,12.52,11.93,8.41,,16.41,4.59,1.04,4.0,YAHOO,0.0317,0.0222,0.0381,0.068929,5.7316,0.3371,70.88,2026-08-18,11,,,yahoo,1.0,0.0,1.0,1.0,1.0,0.0,0.0,0.0,0.0,7.1274,6.7992,14.8235,11.0486,23.8246,27.9949,355.62,357.9,414.7939,0.0,-0.637,-14.2658
DIS,104.91000366210938,104.91,2026-08-07,False,103.69999694824219,105.25,0.22,-8.55,BAJO,,15.71,13.17,1.58,11.01,4.45,15.51,11.54,,11.09,0.41,0.68,8.0,YAHOO,0.0317,0.0222,0.0381,0.068929,5.7316,0.3371,70.88,2026-08-05,999,,,yahoo,1.0,1.0,1.0,1.0,1.0,0.0,1.0,1.0,1.0,9.0654,10.6062,6.9221,-2.7113,29.1276,25.9587,104.91,104.91,117.1635,0.0,0.0,-10.4584
JNJ,259.239990234375,259.24,2026-08-07,False,255.1199951171875,259.6000061035156,0.88,50.09,BAJO,614355435520.0,29.51,20.54,7.23,25.74,8.6,29.19,21.48,2.75,18.43,0.58,1.09,3.0,YAHOO,0.0317,0.0222,0.0381,0.068929,5.7316,0.3371,70.88,2026-10-13,67,2026-07-15,23.0,yahoo,1.0,1.0,1.0,0.0,0.0,0.0,0.0,0.0,0.0,1.1274,-1.5793,11.6644,17.1772,9.4652,25.2298,266.73,267.24,267.24,-2.8081,-2.9936,-2.9936
LLY,1185.7099609375,1185.71,2026-08-07,False,1161.199951171875,1196.800048828125,-0.52,87.64,BAJO,,39.63,24.75,31.95,107.46,20.74,49.39,34.99,,28.52,1.39,1.5,7.0,YAHOO,0.0317,0.0222,0.0381,0.068929,5.7316,0.3371,70.88,2026-08-05,999,,,yahoo,1.0,1.0,1.0,0.0,0.0,1.0,1.0,1.0,1.0,3.2093,-0.8629,3.1815,21.8256,40.4839,33.5093,1220.66,1235.5601,1235.5601,-2.8632,-4.0346,-4.0346
NVO,47.2599983215332,47.26,2026-08-07,False,46.72999954223633,47.5,2.81,-6.22,BAJO,195750821888.0,10.54,13.49,6.32,71.4,19.25,61.57,37.21,-6.15,1.85,0.72,0.79,4.0,YAHOO,0.0317,0.0222,0.0381,0.068929,5.7316,0.3371,70.88,2026-08-05,999,,,yahoo,1.0,0.0,1.0,1.0,0.0,1.0,0.0,0.0,0.0,0.3823,-3.0962,15.2121,3.1878,67.4482,39.4499,51.61,51.61,61.7166,-8.4286,-8.4286,-23.4241
AMGN,410.95001220703125,410.95,2026-08-07,False,401.07000732421875,411.6000061035156,1.51,43.65,BAJO,210497028096.0,27.16,16.64,22.9,101.32,8.35,33.8,20.96,3.53,15.12,6.24,1.26,7.0,YAHOO,0.0317,0.0222,0.0381,0.068929,5.7316,0.3371,70.88,2026-08-04,999,,,yahoo,1.0,1.0,1.0,1.0,1.0,0.0,0.0,1.0,1.0,6.6959,9.2836,18.8644,25.8176,35.6798,27.2539,410.95,410.95,410.95,0.0,0.0,0.0
UNH,407.0799865722656,407.08,2026-08-07,False,400.6600036621094,410.6400146484375,0.77,63.38,BAJO,370114232320.0,31.25,18.17,3.53,14.15,4.38,7.13,3.14,6.15,17.0,0.69,0.78,6.0,YAHOO,0.0317,0.0222,0.0381,0.068929,5.7316,0.3371,70.88,2026-10-27,81,2026-07-16,22.0,yahoo,1.0,0.0,1.0,1.0,1.0,0.0,1.0,0.0,1.0,-1.7664,-3.2467,0.6973,10.7278,27.9786,25.9394,436.35,436.35,436.35,-6.7079,-6.7079,-6.7079
PFE,26.760000228881836,26.76,2026-08-07,False,26.049999237060547,26.760000228881836,2.14,13.29,BAJO,144822878208.0,19.4,8.99,1.61,8.31,5.69,31.62,11.83,8.55,7.64,0.72,1.25,5.0,YAHOO,0.0317,0.0222,0.0381,0.068929,5.7316,0.3371,70.88,2026-08-04,999,,,yahoo,1.0,0.0,1.0,1.0,0.0,0.0,0.0,1.0,1.0,6.9972,9.0465,6.2769,4.5226,4.8066,20.5977,26.76,26.76,27.6035,0.0,0.0,-3.0557
ABT,107.80999755859375,107.81,2026-08-07,False,106.01000213623047,107.97000122070312,-0.14,-21.07,BAJO,182486220800.0,34.13,17.4,3.57,10.58,5.33,14.71,11.65,3.95,18.0,0.63,1.38,5.0,YAHOO,0.0317,0.0222,0.0381,0.068929,5.7316,0.3371,70.88,2026-10-14,68,2026-07-16,22.0,yahoo,1.0,0.0,1.0,1.0,1.0,0.0,0.0,1.0,0.0,1.9962,4.609,19.9767,24.789,24.0623,34.1995,108.0,108.0,133.5335,-0.1759,-0.1759,-19.2637
CVS,95.69999694824219,95.7,2026-08-07,False,94.56999969482422,96.27999877929688,-0.54,47.44,BAJO,133232328704.0,45.8,12.39,1.72,3.75,2.67,4.12,0.72,3.9,12.97,1.01,0.87,6.0,YAHOO,0.0317,0.0222,0.0381,0.068929,5.7316,0.3371,70.88,2026-08-05,999,,,yahoo,1.0,0.0,1.0,1.0,1.0,1.0,0.0,0.0,1.0,-8.3597,-11.1751,-0.8112,10.2249,33.2136,26.6869,109.9195,109.9195,109.9195,-12.9363,-12.9363,-12.9363
ABBV,246.0399932861328,246.04,2026-08-07,False,241.9499969482422,246.75999450683594,0.89,24.87,BAJO,430823211008.0,68.68,14.9,-72.58,,10.51,40.03,9.8,3.92,16.1,,0.81,7.0,YAHOO,0.0317,0.0222,0.0381,0.068929,5.7316,0.3371,70.88,2026-10-29,83,2026-07-31,7.0,yahoo,1.0,0.0,1.0,1.0,1.0,1.0,0.0,1.0,1.0,-1.9527,-5.1357,11.0823,22.2393,15.6032,29.2279,263.3,263.3,263.3,-6.5553,-6.5553,-6.5553
TMO,594.0,594.0,2026-08-07,False,574.77001953125,594.260009765625,2.41,26.18,BAJO,208814784512.0,30.36,20.53,4.04,13.51,5.13,18.75,15.04,2.99,21.08,0.81,1.55,5.0,YAHOO,0.0317,0.0222,0.0381,0.068929,5.7316,0.3371,70.88,2026-10-21,75,2026-07-23,15.0,yahoo,1.0,0.0,1.0,1.0,0.0,1.0,1.0,0.0,0.0,3.4303,4.5296,26.6093,25.3205,30.2422,34.4073,594.0,594.0,638.1788,0.0,0.0,-6.9226
AZN,161.4199981689453,161.42,2026-08-07,False,160.0,162.17999267578125,0.22,7.66,BAJO,241348853760.0,23.3,13.44,4.8,21.96,8.02,23.46,17.02,2.03,13.51,0.64,0.89,7.0,YAHOO,0.0317,0.0222,0.0381,0.068929,5.7316,0.3371,70.88,2026-10-30,84,2026-07-27,11.0,yahoo,1.0,1.0,1.0,1.0,1.0,1.0,0.0,1.0,0.0,-4.8456,-4.6319,-11.0879,-11.5604,35.9097,35.283,173.3,195.15,208.62,-6.8552,-17.2841,-22.6249
CAH,236.39999389648438,236.4,2026-08-07,False,236.3000030517578,239.85000610351562,-0.53,48.53,BAJO,54698778624.0,35.66,19.37,-19.38,,3.6,1.41,0.62,8.87,14.98,,0.91,6.0,YAHOO,0.0317,0.0222,0.0381,0.068929,5.7316,0.3371,70.88,2026-08-11,4,,,yahoo,1.0,1.0,1.0,1.0,0.0,0.0,1.0,1.0,0.0,2.7692,3.6706,15.862,27.8684,24.8448,23.8449,239.23,239.71,239.71,-1.183,-1.3808,-1.3808
ISRG,378.80999755859375,378.81,2026-08-07,False,372.6300048828125,379.8999938964844,1.36,-22.63,BAJO,131941269504.0,42.28,30.51,7.17,17.42,10.51,33.6,28.45,1.98,29.9,,4.96,7.0,YAHOO,0.0317,0.0222,0.0381,0.068929,5.7316,0.3371,70.88,2026-10-20,74,2026-07-16,22.0,yahoo,1.0,1.0,1.0,1.0,0.0,1.0,1.0,0.0,1.0,7.2114,12.24,-9.5077,-16.4678,27.4253,48.3009,407.12,449.03,592.85,-6.9537,-15.6382,-36.1036
MRNA,59.16999816894531,59.17,2026-08-07,False,54.619998931884766,59.415000915527344,9.86,123.32,BAJO,22752454656.0,,-11.77,3.36,-39.0,-13.26,-557.93,-141.43,1.32,-8.61,0.19,2.29,3.0,YAHOO,0.0317,0.0222,0.0381,0.068929,5.7316,0.3371,70.88,,999,2026-07-31,7.0,yahoo,0.0,1.0,0.0,1.0,0.0,0.0,0.0,1.0,0.0,7.9351,9.4322,24.3067,21.8995,97.6628,77.0973,68.28,81.8,81.8,-13.3421,-27.665,-27.665
NVS,156.3300018310547,156.33,2026-08-07,False,155.3800048828125,156.67999267578125,1.37,34.66,BAJO,291322593280.0,23.15,15.52,7.01,30.35,10.25,34.62,22.5,4.08,14.42,1.17,0.86,8.0,YAHOO,0.0317,0.0222,0.0381,0.068929,5.7316,0.3371,70.88,2026-10-27,81,2026-07-21,17.0,yahoo,1.0,1.0,1.0,1.0,0.0,1.0,1.0,1.0,1.0,0.1153,0.8516,6.7682,7.5246,12.3485,24.5886,159.85,159.9,163.6393,-2.2021,-2.2326,-4.4667
PHG,26.729999542236328,26.73,2026-08-07,False,26.479999542236328,26.860000610351562,1.52,0.26,BAJO,25872504832.0,20.21,13.9,1.96,10.15,4.07,13.99,6.31,5.9,13.07,0.65,1.26,7.0,YAHOO,0.0317,0.0222,0.0381,0.068929,5.7316,0.3371,70.88,,999,2026-07-27,11.0,yahoo,1.0,1.0,1.0,1.0,0.0,1.0,0.0,1.0,1.0,1.635,2.1399,3.5244,2.2517,16.8873,26.9456,27.34,28.23,31.6757,-2.2312,-5.3135,-15.6136
MRK,128.5800018310547,128.58,2026-08-07,False,126.68000030517578,128.75,0.16,61.46,BAJO,,36.06,13.27,6.89,18.94,12.58,38.6,13.59,,12.16,1.07,1.3,4.0,YAHOO,0.0317,0.0222,0.0381,0.068929,5.7316,0.3371,70.88,2026-08-04,999,,,yahoo,1.0,0.0,1.0,0.0,0.0,1.0,1.0,0.0,0.0,-1.2442,-1.8998,8.354,15.3202,1.4938,30.2905,131.82,131.82,131.82,-2.4579,-2.4579,-2.4579
GILD,133.2100067138672,133.21,2026-08-07,False,130.58999633789062,134.08999633789062,1.8,11.25,BAJO,167922335744.0,18.43,14.06,7.14,43.36,13.29,39.28,30.99,4.72,12.23,0.95,1.97,8.0,YAHOO,0.0317,0.0222,0.0381,0.068929,5.7316,0.3371,70.88,2026-08-04,999,,,yahoo,1.0,1.0,1.0,1.0,1.0,0.0,1.0,1.0,1.0,2.304,3.016,4.6725,0.019,40.4052,29.8401,136.3,136.36,153.9087,-2.2671,-2.3101,-13.4487
BMY,64.72000122070312,64.72,2026-08-07,False,63.790000915527344,64.7300033569336,0.89,44.39,BAJO,134594461696.0,14.51,10.1,6.03,46.6,10.72,34.42,18.87,6.03,8.9,2.02,1.53,8.0,YAHOO,0.0317,0.0222,0.0381,0.068929,5.7316,0.3371,70.88,2026-10-29,83,2026-07-30,8.0,yahoo,1.0,1.0,1.0,1.0,1.0,1.0,0.0,1.0,1.0,-0.9034,4.2358,17.7804,16.3566,33.4753,29.8245,65.89,65.89,65.89,-1.7757,-1.7757,-1.7757
HIMS,31.59000015258789,31.59,2026-08-07,False,29.799999237060547,31.719999313354492,6.51,-42.4,BAJO,7443679232.0,,24.65,16.63,-2.66,0.6,-7.9,-0.56,2.34,90.09,2.54,1.69,4.0,YAHOO,0.0317,0.0222,0.0381,0.068929,5.7316,0.3371,70.88,2026-08-10,3,,,yahoo,1.0,0.0,1.0,1.0,0.0,1.0,0.0,0.0,0.0,13.7559,12.46,16.2679,23.1579,92.141,89.4814,37.17,38.28,62.76,-15.0121,-17.4765,-49.6654
CAT,842.1900024414062,842.19,2026-08-07,False,836.010009765625,868.0,-1.72,100.8,BAJO,,43.63,28.7,21.64,51.33,8.52,18.18,13.33,,29.0,2.31,1.35,6.0,YAHOO,0.0317,0.0222,0.0381,0.068929,5.7316,0.3371,70.88,2026-08-04,999,,,yahoo,1.0,0.0,1.0,1.0,1.0,1.0,1.0,0.0,0.0,3.3603,-5.2367,-7.8511,-5.7986,55.5344,47.9581,931.6118,1062.9282,1062.9282,-9.5986,-20.767,-20.767
GE,370.0799865722656,370.08,2026-08-07,False,368.44000244140625,377.80999755859375,-1.19,32.04,BAJO,391451574272.0,44.39,41.57,22.19,48.23,5.07,20.57,17.72,1.68,34.25,1.13,0.98,6.0,YAHOO,0.0317,0.0222,0.0381,0.068929,5.7316,0.3371,70.88,2026-10-20,74,2026-07-16,22.0,yahoo,1.0,1.0,1.0,0.0,0.0,0.0,1.0,1.0,1.0,2.78,4.6222,15.0606,22.4404,29.9316,32.0167,381.22,381.22,381.22,-2.9222,-2.9222,-2.9222
LMT,587.9500122070312,587.95,2026-08-07,False,577.0,588.3900146484375,0.88,38.65,BAJO,136011915264.0,21.6,18.02,15.46,89.17,8.64,11.96,8.16,4.09,15.71,2.34,1.19,6.0,YAHOO,0.0317,0.0222,0.0381,0.068929,5.7316,0.3371,70.88,2026-10-20,74,2026-07-23,15.0,yahoo,1.0,0.0,1.0,1.0,1.0,0.0,1.0,1.0,0.0,0.8941,0.9183,13.0521,15.4933,22.0689,34.2711,589.33,589.33,672.2988,-0.2342,-0.2342,-12.5463
RTX,223.02999877929688,223.03,2026-08-07,False,220.5,224.30999755859375,-0.1,43.1,BAJO,293716918272.0,38.37,27.85,4.43,12.27,4.21,12.7,8.28,3.36,20.51,0.57,1.01,8.0,YAHOO,0.0317,0.0222,0.0381,0.068929,5.7316,0.3371,70.88,2026-10-20,74,2026-07-23,15.0,yahoo,1.0,1.0,1.0,1.0,1.0,1.0,0.0,1.0,1.0,3.6288,4.8123,24.8349,26.688,14.311,29.9968,223.25,223.25,223.25,-0.0985,-0.0985,-0.0985
UAL,129.55999755859375,129.56,2026-08-07,False,127.66999816894531,130.3300018310547,0.34,41.88,BAJO,43044433920.0,12.42,8.58,2.58,23.25,3.38,5.53,5.56,2.11,8.47,2.02,0.78,7.0,YAHOO,0.0317,0.0222,0.0381,0.068929,5.7316,0.3371,70.88,2026-10-21,75,2026-07-15,23.0,yahoo,1.0,1.0,1.0,1.0,1.0,0.0,1.0,0.0,1.0,6.7831,9.546,23.0156,29.9499,39.1533,52.0431,132.76,136.11,136.11,-2.4104,-4.8123,-4.8123
F,13.979999542236328,13.98,2026-08-07,False,13.760000228881836,14.09000015258789,1.38,26.37,BAJO,56783364096.0,,7.48,1.52,-18.25,0.35,1.88,-3.94,-13.98,25.91,4.57,1.09,2.0,YAHOO,0.0317,0.0222,0.0381,0.068929,5.7316,0.3371,70.88,2026-10-22,76,2026-07-28,10.0,yahoo,0.0,0.0,1.0,1.0,0.0,0.0,0.0,0.0,0.0,-4.7684,-2.714,-6.8,16.2251,25.2481,44.7806,15.28,17.44,17.44,-8.5079,-19.8395,-19.8395
AAL,15.9399995803833,15.94,2026-08-07,False,15.789999961853027,16.280000686645508,-0.56,33.96,BAJO,10962221056.0,,6.68,-2.76,,1.12,2.81,-0.56,4.74,11.37,,0.53,4.0,YAHOO,0.0317,0.0222,0.0381,0.068929,5.7316,0.3371,70.88,2026-10-22,76,2026-07-23,15.0,yahoo,1.0,0.0,1.0,1.0,0.0,0.0,0.0,0.0,1.0,4.3877,10.0829,17.2059,20.9408,42.7701,55.064,16.58,18.15,18.15,-3.8601,-12.1763,-12.1763
UNP,293.1300048828125,293.13,2026-08-07,False,291.29998779296875,297.1000061035156,-0.76,31.68,BAJO,176054288384.0,23.98,20.99,9.06,39.7,9.27,40.98,28.85,2.68,15.68,1.51,0.99,8.0,YAHOO,0.0317,0.0222,0.0381,0.068929,5.7316,0.3371,70.88,2026-10-22,76,2026-07-23,15.0,yahoo,1.0,1.0,1.0,1.0,1.0,1.0,1.0,1.0,0.0,0.3423,-4.6173,9.1041,11.236,17.4783,26.188,307.32,307.32,307.32,-4.6173,-4.6173,-4.6173
FDX,318.57000732421875,318.57,2026-08-07,False,313.30999755859375,319.69000244140625,0.85,73.52,BAJO,74130350080.0,16.67,15.29,2.38,14.85,5.01,11.13,4.68,7.63,8.66,1.36,1.48,5.0,YAHOO,0.0317,0.0222,0.0381,0.068929,5.7316,0.3371,70.88,2026-10-28,82,,,yahoo,1.0,0.0,1.0,1.0,0.0,1.0,0.0,1.0,0.0,3.6337,1.1462,-3.1658,5.5594,17.5863,30.1034,321.02,337.4831,337.4831,-0.7632,-5.6041,-5.6041
PCAR,133.11000061035156,133.11,2026-08-07,False,130.91000366210938,133.22999572753906,0.8,36.99,BAJO,71564582912.0,27.8,19.03,3.62,12.76,4.12,12.02,9.0,2.72,23.13,0.73,5.52,4.0,YAHOO,0.0317,0.0222,0.0381,0.068929,5.7316,0.3371,70.88,2026-10-27,81,2026-07-28,10.0,yahoo,1.0,0.0,1.0,1.0,0.0,1.0,0.0,0.0,0.0,0.3241,0.6579,12.386,17.0745,34.0509,31.4823,138.21,138.21,138.21,-3.69,-3.69,-3.69
MMM,182.89999389648438,182.9,2026-08-07,False,179.1699981689453,183.5399932861328,1.21,18.32,BAJO,93577830400.0,31.45,18.66,31.7,81.89,8.74,20.35,11.9,6.79,15.31,4.38,1.24,5.0,YAHOO,0.0317,0.0222,0.0381,0.068929,5.7316,0.3371,70.88,2026-10-20,74,2026-07-21,17.0,yahoo,1.0,0.0,1.0,0.0,0.0,1.0,1.0,0.0,1.0,3.7554,5.9553,18.882,27.8928,21.0688,26.7153,182.9,182.9,182.9,0.0,0.0,0.0
PAC,222.6999969482422,222.7,2026-08-07,False,221.72999572753906,224.66000366210938,0.27,-9.1,BAJO,13132051456.0,20.78,20.38,625.55,28.03,10.47,44.16,30.83,52.53,86.74,1.18,0.74,7.0,YAHOO,0.0317,0.0222,0.0381,0.068929,5.7316,0.3371,70.88,2026-10-19,73,2026-07-13,25.0,yahoo,1.0,1.0,1.0,1.0,0.0,1.0,1.0,0.0,1.0,2.4615,2.9684,-0.7974,-11.3102,24.0141,31.1791,232.77,254.56,300.41,-4.3262,-12.5157,-25.868
GT,6.440000057220459,6.44,2026-08-07,False,6.420000076293945,6.909999847412109,-4.73,-26.18,BAJO,,,11.03,0.69,-49.98,0.94,0.15,-11.64,,8.25,2.53,1.04,5.0,YAHOO,0.0317,0.0222,0.0381,0.068929,5.7316,0.3371,70.88,2026-08-05,999,,,yahoo,0.0,0.0,1.0,1.0,1.0,1.0,0.0,0.0,1.0,-7.3381,-10.6796,11.0345,-6.1224,48.6888,47.7514,7.45,7.45,10.54,-13.557,-13.557,-38.8994
BA,234.4199981689453,234.42,2026-08-07,False,230.86000061035156,235.60000610351562,0.96,-0.9,BAJO,187444166656.0,85.0,56.85,30.74,173.54,-1.98,0.0,2.59,3.0,-74.67,7.91,1.14,6.0,YAHOO,0.0317,0.0222,0.0381,0.068929,5.7316,0.3371,70.88,2026-10-28,82,2026-07-28,10.0,yahoo,1.0,1.0,1.0,0.0,1.0,0.0,0.0,1.0,1.0,8.4575,11.8843,8.568,1.4673,36.7309,40.5825,240.19,240.6,252.15,-2.4023,-2.5686,-7.0315
HON,246.2100067138672,246.21,2026-08-07,False,239.47999572753906,246.72999572753906,2.27,14.45,BAJO,78851497984.0,9.57,24.85,4.25,46.58,5.72,20.25,21.58,3.31,12.33,1.85,1.21,5.0,YAHOO,0.0317,0.0222,0.0381,0.068929,5.7316,0.3371,70.88,2026-10-22,76,2026-07-23,15.0,yahoo,1.0,0.0,1.0,1.0,0.0,0.0,1.0,0.0,1.0,1.3001,1.2585,10.841,9.2477,35.195,35.8953,248.79,249.4599,258.7145,-1.037,-1.3028,-4.8333
MOS,23.059999465942383,23.06,2026-08-07,False,22.850000381469727,23.40999984741211,-1.71,-28.58,BAJO,7218297344.0,162.21,12.51,0.61,0.59,2.0,0.79,0.36,-4.01,6.45,0.48,1.25,7.0,YAHOO,0.0317,0.0222,0.0381,0.068929,5.7316,0.3371,70.88,2026-08-04,999,,,yahoo,1.0,1.0,1.0,1.0,0.0,1.0,0.0,1.0,1.0,4.2495,3.4081,7.8578,1.678,42.3086,45.8697,23.46,24.06,34.9505,-1.705,-4.1563,-34.0209
BG,108.37999725341797,108.38,2026-08-07,False,107.5999984741211,110.36000061035156,-0.57,31.14,BAJO,20504875008.0,23.0,9.48,1.29,7.18,3.47,4.62,1.1,-31.58,12.23,0.98,1.57,3.0,YAHOO,0.0317,0.0222,0.0381,0.068929,5.7316,0.3371,70.88,,999,2026-07-29,9.0,yahoo,1.0,0.0,1.0,1.0,0.0,0.0,0.0,0.0,0.0,2.0239,-10.8204,-13.6414,-11.8936,20.3253,34.3473,123.88,131.41,131.41,-12.5121,-17.5253,-17.5253
RKLB,82.83000183105469,82.83,2026-08-07,False,77.37999725341797,83.25,9.46,82.13,BAJO,46536503296.0,,8941.18,18.94,-13.55,-6.58,-22.36,-26.87,-0.46,-253.93,0.06,4.47,5.0,YAHOO,0.0317,0.0222,0.0381,0.068929,5.7316,0.3371,70.88,2026-08-10,3,,,yahoo,0.0,1.0,0.0,1.0,1.0,1.0,0.0,1.0,0.0,27.5289,29.6041,-27.1183,5.4085,67.0345,101.0312,82.83,150.23,150.23,0.0,-44.8645,-44.8645
ONDS,9.109999656677246,9.11,2026-08-07,False,8.579999923706055,9.140000343322754,4.23,153.4,BAJO,5048769536.0,98.44,-295.33,3.87,42.95,-4.25,-85.13,251.92,-0.31,-39.38,0.02,10.91,5.0,YAHOO,0.0317,0.0222,0.0381,0.068929,5.7316,0.3371,70.88,2026-08-13,6,,,yahoo,0.0,1.0,0.0,1.0,1.0,1.0,0.0,1.0,0.0,21.6288,16.7949,-11.5534,2.4747,54.4382,117.2988,9.11,13.58,14.01,0.0,-32.9161,-34.975
SMSN.IL,4138.0,4138.0,2026-08-07,False,4026.0,4270.0,-2.31,222.14,BAJO,,46.08,70.85,0.0,10.64,2.3,6.08,13.13,,-1.44,0.03,2.88,6.0,YAHOO,0.0317,0.0222,0.0381,0.068929,5.7316,0.3371,70.88,2026-10-28,82,,,yahoo,1.0,1.0,1.0,1.0,0.0,0.0,0.0,1.0,1.0,-1.1939,-3.6778,-15.7573,-14.7507,83.1625,82.5133,4682.0,6010.0,6010.0,-11.619,-31.1481,-31.1481
ADS.DE,164.0500030517578,164.05,2026-08-07,False,162.9499969482422,165.8000030517578,-0.46,-2.9,BAJO,28123850752.0,20.62,13.73,4.72,24.32,6.7,8.51,5.3,3.39,12.36,0.94,1.39,6.0,YAHOO,0.0317,0.0222,0.0381,0.068929,5.7316,0.3371,70.88,2026-10-29,83,,,yahoo,1.0,1.0,1.0,0.0,0.0,1.0,0.0,1.0,1.0,2.9172,-5.5012,-4.6775,15.5282,28.7887,37.0835,183.6,187.9,191.3097,-10.6481,-12.6929,-14.249
BAYN.DE,49.810001373291016,49.81,2026-08-07,False,49.209999084472656,50.439998626708984,0.83,89.21,BAJO,47401959424.0,,10.26,1.64,-6.93,3.64,26.32,-4.76,15.43,7.74,1.34,1.05,6.0,YAHOO,0.0317,0.0222,0.0381,0.068929,5.7316,0.3371,70.88,2026-08-04,999,,,yahoo,0.0,0.0,1.0,1.0,1.0,0.0,1.0,1.0,1.0,3.6629,8.1416,40.8256,29.5786,15.236,52.208,49.92,53.36,53.36,-0.2203,-6.6529,-6.6529
RIOT,20.520000457763672,20.52,2026-08-07,False,20.31999969482422,22.170000076293945,-3.25,81.98,BAJO,8152940544.0,,-30.29,3.41,-32.49,-12.11,-280.49,-132.76,-5.47,-27.03,0.37,1.08,3.0,YAHOO,0.0317,0.0222,0.0381,0.068929,5.7316,0.3371,70.88,2026-08-05,999,,,yahoo,0.0,0.0,0.0,1.0,0.0,0.0,0.0,1.0,1.0,1.7353,-8.9214,-20.1246,-14.8901,26.6277,89.6685,23.86,28.69,28.69,-13.9983,-28.4768,-28.4768
OKLO,48.41999816894531,48.42,2026-08-07,False,43.849998474121094,49.47999954223633,14.77,-38.93,BAJO,7539030016.0,,-51.36,2.86,-8.87,-7.18,0.0,0.0,-1.33,-30.99,0.0,59.93,4.0,YAHOO,0.0317,0.0222,0.0381,0.068929,5.7316,0.3371,70.88,2026-08-07,0,,,yahoo,0.0,1.0,0.0,1.0,1.0,1.0,0.0,0.0,0.0,24.6974,20.2981,-17.8487,-32.5908,120.9068,88.2208,48.42,73.47,174.14,0.0,-34.0956,-72.1948
SATL,5.519999980926514,5.52,2026-08-07,False,5.144999980926514,5.579999923706055,9.52,57.72,BAJO,665615936.0,,-49.89,-25.22,,-13.96,-104.16,0.0,-2.51,-32.41,,2.44,4.0,YAHOO,0.0317,0.0222,0.0381,0.068929,5.7316,0.3371,70.88,2026-08-05,999,,,yahoo,0.0,1.0,0.0,0.0,1.0,1.0,0.0,1.0,0.0,54.1899,53.7604,-21.03,-16.6163,60.0306,117.7469,5.52,10.74,10.74,0.0,-48.6034,-48.6034
JMIA,6.190000057220459,6.19,2026-08-07,False,5.775000095367432,6.275000095367432,8.79,3.88,BAJO,759216576.0,,-18.03,57.83,-154.74,-25.12,-25.85,-30.79,-3.39,-12.94,0.77,1.02,3.0,YAHOO,0.0317,0.0222,0.0381,0.068929,5.7316,0.3371,70.88,2026-08-12,5,,,yahoo,0.0,1.0,0.0,1.0,0.0,0.0,0.0,0.0,1.0,4.0336,5.6314,-9.7668,-28.9323,93.422,54.9804,6.85,7.69,14.6,-9.635,-19.5059,-57.6027
LAR,6.940000057220459,6.94,2026-08-07,False,6.639999866485596,6.96999979019165,5.31,143.76,BAJO,1051814272.0,,13.59,1.34,-7.23,-2.09,0.0,0.0,1.71,-33.04,0.29,0.52,1.0,YAHOO,0.0317,0.0222,0.0381,0.068929,5.7316,0.3371,70.88,2026-08-11,4,,,yahoo,0.0,0.0,0.0,1.0,0.0,0.0,0.0,0.0,0.0,15.4742,18.6325,-19.5829,-38.9622,43.4321,70.3959,7.23,10.86,11.79,-4.0111,-36.0958,-41.1366
NG,7.590000152587891,7.59,2026-08-07,False,7.150000095367432,7.599999904632568,10.0,30.88,BAJO,2777481216.0,,-26.36,6.59,-24.63,-4.36,0.0,0.0,-0.86,-79.76,0.41,112.82,4.0,YAHOO,0.0317,0.0222,0.0381,0.068929,5.7316,0.3371,70.88,2026-09-30,54,,,yahoo,0.0,1.0,0.0,1.0,1.0,1.0,0.0,0.0,0.0,30.1887,27.9933,5.1247,-10.9155,69.858,78.2175,7.59,9.06,14.2,0.0,-16.2252,-46.5493
PBI,17.420000076293945,17.42,2026-08-07,False,17.350000381469727,18.100000381469727,-2.95,57.58,BAJO,2521088768.0,14.71,10.1,-2.92,,8.41,21.68,10.04,9.27,8.38,,0.73,7.0,YAHOO,0.0317,0.0222,0.0381,0.068929,5.7316,0.3371,70.88,2026-10-27,81,2026-07-29,9.0,finnhub,1.0,1.0,1.0,1.0,0.0,0.0,1.0,1.0,1.0,-0.6275,-2.5727,2.8335,12.5245,32.4566,33.3187,18.51,18.51,18.51,-5.8887,-5.8887,-5.8887
AXIA,9.789999961853027,9.79,2026-07-17,False,9.699999809265137,9.875100135803223,1.03,65.03,BAJO,23928766464.0,12.21,11.31,1.25,7.86,1.97,43.52,21.89,-1.78,6.46,0.65,2.11,6.0,YAHOO,0.0317,0.0222,0.0381,0.068929,5.7316,0.3371,70.88,2026-08-05,999,,,yahoo,1.0,0.0,1.0,1.0,0.0,0.0,1.0,1.0,1.0,-6.673,-5.684,-9.5194,-25.2101,36.4123,35.4576,10.82,12.69,,-9.5194,-22.8526,
TEM,52.04999923706055,52.05,2026-08-07,False,47.22600173950195,52.400001525878906,12.86,-17.71,BAJO,8489455104.0,,-1899.48,19.04,-67.44,-8.83,-19.85,-17.77,-1.17,-45.03,3.25,3.3,4.0,YAHOO,0.0317,0.0222,0.0381,0.068929,5.7316,0.3371,70.88,2026-10-29,83,2026-07-30,8.0,finnhub,0.0,1.0,0.0,1.0,0.0,1.0,0.0,1.0,0.0,18.646,21.9255,7.1208,5.2153,104.3382,76.3133,58.67,61.6,103.25,-11.2834,-15.5032,-49.5884
MRSH,191.64999389648438,191.65,2026-08-07,False,190.2899932861328,193.47999572753906,-0.85,-7.19,BAJO,91362091008.0,23.35,16.78,6.03,25.9,7.24,26.32,14.24,5.24,14.47,1.45,1.14,6.0,YAHOO,0.0317,0.0222,0.0381,0.068929,5.7316,0.3371,70.88,2026-10-15,69,2026-07-21,17.0,yahoo,1.0,0.0,1.0,1.0,1.0,0.0,1.0,0.0,1.0,1.0333,6.0363,18.5911,16.084,13.1244,29.2955,197.59,197.59,206.9618,-3.0062,-3.0062,-7.3984
CEPU,13.979999542236328,13.98,2026-08-07,False,13.720000267028809,14.055000305175781,1.16,7.74,BAJO,2168801024.0,7.16,8.67,1.25,19.27,6.12,31.89,36.67,-19886.9,1.15,0.27,1.0,7.0,YAHOO,0.0317,0.0222,0.0381,0.068929,5.7316,0.3371,70.88,2026-08-11,4,,,yahoo,1.0,1.0,1.0,1.0,0.0,1.0,1.0,0.0,1.0,-8.3879,-5.4127,-4.1152,-4.1809,33.6047,46.0872,15.5,16.01,17.95,-9.8065,-12.6796,-22.117
BMA,83.6500015258789,83.65,2026-08-07,False,82.51000213623047,88.23999786376953,-2.96,18.49,BAJO,5843387904.0,23.43,9.23,17.05,10.82,2.98,69.1,7.58,,,,,5.0,YAHOO,0.0317,0.0222,0.0381,0.068929,5.7316,0.3371,70.88,2026-08-26,19,,,yahoo,,,,,,,,,,-8.9771,-6.1273,0.2791,13.9335,16.137,58.6987,97.63,101.0828,101.1279,-14.3194,-17.2461,-17.283
SUPV,8.600000381469727,8.6,2026-08-07,False,8.359999656677246,8.869999885559082,-1.38,-24.75,BAJO,855299328.0,,7.56,1.11,-7.75,-1.14,-9.95,-10.41,,,,,2.0,YAHOO,0.0317,0.0222,0.0381,0.068929,5.7316,0.3371,70.88,2026-08-10,3,,,yahoo,0.0,0.0,1.0,1.0,0.0,0.0,0.0,0.0,0.0,-9.0909,-9.6639,-7.6262,0.2331,18.6476,71.5878,10.29,11.38,12.86,-16.4237,-24.4288,-33.126
PAMP,5205.0,5205.0,2026-08-07,False,5150.0,5300.0,0.39,15.48,BAJO,,,,,,,,,,,,,,YAHOO,0.0317,0.0222,0.0381,0.068929,5.7316,0.3371,70.88,,999,,,none,,,,,,,,,,-6.3006,-5.621,3.3764,6.7692,21.7341,28.611,5630.0,5630.0,,-7.5488,-7.5488,
EDN,24.299999237060547,24.3,2026-08-07,False,24.010000228881836,25.0,-2.37,-17.23,BAJO,,5.37,9.52,0.67,14.66,3.0,15.97,10.35,,0.81,0.45,1.19,6.0,YAHOO,0.0317,0.0222,0.0381,0.068929,5.7316,0.3371,70.88,2026-08-10,3,,,yahoo,1.0,0.0,1.0,0.0,0.0,1.0,1.0,1.0,1.0,-9.4297,-5.4842,-6.1051,-0.6541,28.741,55.103,27.27,28.74,35.71,-10.8911,-15.4489,-31.9518
TGS,28.790000915527344,28.79,2026-08-07,False,28.639999389648438,29.420000076293945,-1.0,-1.84,BAJO,4522588672.0,15.33,10.93,1.93,14.34,10.28,49.73,24.67,-535.94,-0.23,0.44,5.11,6.0,YAHOO,0.0317,0.0222,0.0381,0.068929,5.7316,0.3371,70.88,2026-11-03,88,2026-08-03,4.0,yahoo,1.0,0.0,1.0,1.0,0.0,1.0,1.0,1.0,0.0,-9.5507,-5.5446,-2.4729,-6.0991,16.5417,42.9752,31.83,33.36,35.32,-9.5507,-13.699,-18.4881
TEO,13.829999923706055,13.83,2026-08-07,False,13.720000267028809,14.029999732971191,0.22,33.85,BAJO,,25.33,16.36,1.09,5.23,2.68,12.48,3.92,,2.0,0.72,0.58,6.0,YAHOO,0.0317,0.0222,0.0381,0.068929,5.7316,0.3371,70.88,2026-08-10,3,,,yahoo,,,,,,,,,,-1.2143,1.1704,3.4405,15.3461,15.1034,53.524,14.0,15.98,15.98,-1.2143,-13.4543,-13.4543
IRS,14.9399995803833,14.94,2026-08-07,False,14.649999618530273,15.050000190734863,1.08,-8.06,BAJO,1266635520.0,4.78,164.51,0.89,22.48,4.07,44.36,72.51,13606.19,3.93,0.45,0.6,5.0,YAHOO,0.0317,0.0222,0.0381,0.068929,5.7316,0.3371,70.88,2026-09-01,25,,,yahoo,0.0,0.0,1.0,1.0,1.0,0.0,1.0,1.0,0.0,-1.6458,0.134,-3.05,1.6327,18.9342,42.215,15.59,17.28,18.41,-4.1693,-13.5417,-18.8485
CRES,1718.0,1718.0,2026-08-07,False,1667.0,1730.0,1.18,14.2,BAJO,,,,,,,,,,,,,,YAHOO,0.0317,0.0222,0.0381,0.068929,5.7316,0.3371,70.88,,999,,,none,,,,,,,,,,-2.718,-3.2658,-2.4418,7.375,31.1635,36.8359,1844.0,1890.0,,-6.833,-9.1005,
LOMA,10.4399995803833,10.44,2026-08-07,False,10.210000038146973,11.029999732971191,-3.24,-11.31,BAJO,1287163776.0,52.52,13.5,1.58,3.38,3.02,13.95,4.25,-6667.8,1.53,0.26,2.02,5.0,YAHOO,0.0317,0.0222,0.0381,0.068929,5.7316,0.3371,70.88,2026-08-06,999,,,yahoo,1.0,0.0,1.0,1.0,0.0,1.0,1.0,0.0,0.0,-9.0592,-8.4211,-5.0046,-5.946,36.4833,53.1628,12.19,12.59,13.12,-14.356,-17.077,-20.4268
GLOB,37.400001525878906,37.4,2026-08-07,False,36.630001068115234,38.029998779296875,0.4,-53.14,BAJO,1646436480.0,15.13,5.8,0.77,5.2,4.74,8.51,4.46,16.27,5.03,0.21,1.82,4.0,YAHOO,0.0317,0.0222,0.0381,0.068929,5.7316,0.3371,70.88,2026-08-13,6,,,yahoo,1.0,0.0,1.0,1.0,0.0,0.0,1.0,0.0,0.0,2.1858,19.4888,-2.0173,-8.7137,36.905,72.6404,38.38,44.44,79.67,-2.5534,-15.8416,-53.0564
BBAR,17.110000610351562,17.11,2026-08-07,False,16.770000457763672,17.829999923706055,-1.72,2.23,BAJO,3708938240.0,17.46,15.29,1.42,7.15,1.16,14.41,7.13,,,,,4.0,YAHOO,0.0317,0.0222,0.0381,0.068929,5.7316,0.3371,70.88,2026-08-27,20,,,yahoo,1.0,0.0,1.0,1.0,0.0,0.0,1.0,0.0,0.0,-9.25,-8.9132,0.1084,12.3612,17.0674,70.615,20.7862,21.7253,21.7253,-17.6858,-21.244,-21.244
LND,3.5999999046325684,3.6,2026-08-07,False,3.549999952316284,3.690000057220459,0.28,-8.48,BAJO,,,,0.9,-0.7,-1.96,-7.33,-1.57,,-11.15,0.71,1.47,,YAHOO,0.0317,0.0222,0.0381,0.068929,5.7316,0.3371,70.88,2026-09-03,27,,,finnhub,,,,,,,,,,-4.0,-2.7027,-1.6393,-6.25,13.4231,20.8645,3.8,3.88,4.37,-5.2632,-7.2165,-17.6201
AGRO,9.449999809265137,9.45,2026-08-07,False,9.25,9.569999694824219,0.96,1.77,BAJO,1326194688.0,459.5,7.37,0.76,1.09,1.07,0.36,0.91,-5.44,11.61,1.16,1.74,2.0,YAHOO,0.0317,0.0222,0.0381,0.068929,5.7316,0.3371,70.88,2026-08-11,4,,,yahoo,0.0,0.0,1.0,1.0,0.0,0.0,0.0,0.0,0.0,-5.2157,-10.6805,-17.1053,-29.3194,31.7727,49.1744,11.31,13.65,15.18,-16.4456,-30.7692,-37.747
