Ticker,Precio,Cierre_Confirmado,Fecha_Cierre_Confirmado,Precio_Es_Intradiario,Low,High,Change (%),RS 20D,Credit Stress,Market Cap,P/E,Forward P/E,P/Book,ROE,ROA,Operating Margin,Net Margin,FCF Yield,EV/EBITDA,Debt/Equity,Current Ratio,Piotroski,Fund Source,Grain_IS,ZC_Surprise,ZS_Surprise,SPX_Quarterly_Divisor,SPX_ROC_63d,z_MOVE_inv,MOVE_price,Earnings_Next_Date,Earnings_Days_To_Next,Earnings_Last_Date,Earnings_Days_Since,Earnings_Source,piotroski_roa_positive,piotroski_d_roa,piotroski_cfo_positive,piotroski_cfo_gt_ni,piotroski_d_leverage,piotroski_d_liquidity,piotroski_no_dilution,piotroski_d_margin,piotroski_d_turnover,roc_5d,roc_10d,roc_42d,roc_63d,vol_5d,vol_60d,high_20d,high_60d,high_252d,drawdown_20d,drawdown_60d,drawdown_252d
^GSPC,7619.97998046875,7619.98,2026-09-14,False,7592.27978515625,7647.990234375,-0.48,2.4,BAJO,,,,,,,,,,,,,,NONE,1.7379,2.4326,1.2748,0.059142,2.5368,-0.8706,83.9,,999,,,none,,,,,,,,,,-1.2777,-1.1901,0.6283,,10.9583,11.2022,7747.71,7798.9902,,-1.6486,-2.2953,
^DJI,52421.19921875,52421.1992,2026-09-14,False,52278.890625,52750.87890625,-0.29,2.98,BAJO,,,,,,,,,,,,,,NONE,1.7379,2.4326,1.2748,0.059142,2.5368,-0.8706,83.9,,999,,,none,,,,,,,,,,-1.8591,-2.1262,-0.4509,,12.5613,11.3484,53686.1094,54349.1211,,-2.3561,-3.5473,
^IXIC,26186.4140625,26186.4141,2026-09-14,False,25992.544921875,26329.978515625,-0.56,-0.34,BAJO,,,,,,,,,,,,,,NONE,1.7379,2.4326,1.2748,0.059142,2.5368,-0.8706,83.9,,999,,,none,,,,,,,,,,-1.2094,-0.8181,-0.3153,,12.5517,17.8412,26644.9102,26803.0293,,-1.7208,-2.3005,
^RUT,2892.236572265625,2892.2366,2026-09-14,False,2885.538818359375,2908.51611328125,-0.4,-0.93,BAJO,,,,,,,,,,,,,,NONE,1.7379,2.4326,1.2748,0.059142,2.5368,-0.8706,83.9,,999,,,none,,,,,,,,,,-2.8032,-2.6959,-2.8231,,12.4371,13.2546,3057.54,3068.4199,,-5.4064,-5.7418,
^VIX,17.100000381469727,17.1,2026-09-14,False,16.579999923706055,18.170000076293945,7.95,7.08,BAJO,,,,,,,,,,,,,,NONE,1.7379,2.4326,1.2748,0.059142,2.5368,-0.8706,83.9,,999,,,none,,,,,,,,,,11.7647,14.6113,2.2116,5.5556,146.9925,102.363,17.84,20.66,,-4.148,-17.2314,
^MOVE,83.90229797363281,83.9023,2026-09-14,False,82.20680236816406,83.90229797363281,2.06,22.46,BAJO,,,,,,,,,,,,,,NONE,1.7379,2.4326,1.2748,0.059142,2.5368,-0.8706,83.9,,999,,,none,,,,,,,,,,14.7774,18.2222,22.5209,,49.0666,68.8051,83.9023,83.9023,,0.0,0.0,
^TNX,4.960999965667725,4.961,2026-09-14,False,4.934000015258789,5.01200008392334,-0.28,12.54,BAJO,,,,,,,,,,,,,,NONE,1.7379,2.4326,1.2748,0.059142,2.5368,-0.8706,83.9,,999,,,none,,,,,,,,,,3.6998,5.1059,9.1529,,16.4397,13.8094,4.975,4.975,,-0.2814,-0.2814,
^IRX,3.934999942779541,3.935,2026-09-14,False,3.9080002307891846,3.934999942779541,0.56,10.29,BAJO,,,,,,,,,,,,,,NONE,1.7379,2.4326,1.2748,0.059142,2.5368,-0.8706,83.9,,999,,,none,,,,,,,,,,4.7378,5.496,6.6974,,8.2956,11.5748,3.935,3.935,,0.0,0.0,
DX-Y.NYB,99.46700286865234,99.467,2026-09-14,False,99.072998046875,99.73600006103516,0.35,1.36,BAJO,,,,,,,,,,,,,,NONE,1.7379,2.4326,1.2748,0.059142,2.5368,-0.8706,83.9,,999,,,none,,,,,,,,,,0.3096,-0.2337,-1.0279,,3.3439,4.5258,99.7,101.61,,-0.2337,-2.109,
^N225,64011.33984375,64011.3398,2026-09-11,False,63208.62890625,64312.01953125,-1.93,-6.13,BAJO,,,,,,,,,,,,,,NONE,1.7379,2.4326,1.2748,0.059142,2.5368,-0.8706,83.9,,999,,,none,,,,,,,,,,-1.5527,-3.6055,-4.8056,,16.9144,31.0241,69220.25,72366.3438,,-7.5251,-11.5454,
^MERV,3084547.25,3084547.25,2026-09-14,False,3069611.75,3123016.75,-0.46,-3.7,BAJO,,,,,,,,,,,,,,NONE,1.7379,2.4326,1.2748,0.059142,2.5368,-0.8706,83.9,,999,,,none,,,,,,,,,,1.646,1.6711,-6.2803,,24.6965,24.879,3157852.0,3379772.0,,-2.3213,-8.735,
^NYA,24205.388671875,24205.3887,2026-09-14,False,24173.552734375,24331.564453125,-0.52,3.77,BAJO,,,,,,,,,,,,,,NONE,1.7379,2.4326,1.2748,0.059142,2.5368,-0.8706,83.9,,999,,,none,,,,,,,,,,-1.7609,-1.5448,1.3943,,11.3241,8.1208,24768.6504,24821.6797,,-2.2741,-2.4829,
^HSI,24805.630859375,24805.6309,2026-09-11,False,24570.240234375,24851.1796875,-0.6,1.38,BAJO,,,,,,,,,,,,,,NONE,1.7379,2.4326,1.2748,0.059142,2.5368,-0.8706,83.9,,999,,,none,,,,,,,,,,-3.2952,-3.0454,0.5046,,7.5768,17.2884,26009.4609,26009.4609,,-4.6284,-4.6284,
^TWII,46184.8515625,46184.8516,2026-09-11,False,45942.44140625,46651.2109375,-1.61,3.26,BAJO,,,,,,,,,,,,,,NONE,1.7379,2.4326,1.2748,0.059142,2.5368,-0.8706,83.9,,999,,,none,,,,,,,,,,-0.7868,-0.3164,1.2125,,11.6994,33.431,47326.2695,47741.5117,,-2.4118,-3.2606,
^KS11,6909.91015625,6909.9102,2026-09-11,False,6802.5,6948.830078125,-1.76,-17.62,BAJO,,,,,,,,,,,,,,NONE,1.7379,2.4326,1.2748,0.059142,2.5368,-0.8706,83.9,,999,,,none,,,,,,,,,,3.3302,1.7828,1.5129,,20.7013,74.5802,7051.6401,9114.5498,,-2.0099,-24.1881,
^GDAXI,25568.560546875,25568.5605,2026-09-11,False,25396.380859375,25581.220703125,0.82,4.24,BAJO,,,,,,,,,,,,,,NONE,1.7379,2.4326,1.2748,0.059142,2.5368,-0.8706,83.9,,999,,,none,,,,,,,,,,-1.8346,-3.769,2.2762,2.6421,16.9555,13.1922,26569.9902,26569.9902,,-3.769,-3.769,
^FTSE,10697.5703125,10697.5703,2026-09-14,False,10650.919921875,10734.849609375,0.44,4.09,BAJO,,,,,,,,,,,,,,NONE,1.7379,2.4326,1.2748,0.059142,2.5368,-0.8706,83.9,,999,,,none,,,,,,,,,,-1.1507,-1.1708,1.7276,1.9379,13.3392,8.5451,10886.2002,10908.4004,,-1.7327,-1.9327,
^AEX,1098.760009765625,1098.76,2026-09-11,False,1091.7099609375,1103.4599609375,0.5,3.69,BAJO,,,,,,,,,,,,,,NONE,1.7379,2.4326,1.2748,0.059142,2.5368,-0.8706,83.9,,999,,,none,,,,,,,,,,-1.3238,-1.2155,0.0783,2.683,12.7005,9.6422,1116.05,1119.59,,-1.5492,-1.8605,
^IBEX,19838.5,19838.5,2026-09-11,False,19736.099609375,19884.400390625,0.91,5.76,BAJO,,,,,,,,,,,,,,NONE,1.7379,2.4326,1.2748,0.059142,2.5368,-0.8706,83.9,,999,,,none,,,,,,,,,,-1.0583,-1.0149,2.9208,3.5218,15.7347,12.8019,20098.5996,20213.5996,,-1.2941,-1.8557,
FTSEMIB.MI,52512.0,52512.0,2026-09-10,False,51995.0,52530.0,1.36,25.28,BAJO,,,,,,,,,,,,,,YAHOO,1.7379,2.4326,1.2748,0.059142,2.5368,-0.8706,83.9,,999,,,none,,,,,,,,,,0.7908,-0.1977,0.1927,0.1507,13.4038,13.0023,53587.0,53717.0,53717.0,-2.0061,-2.2432,-2.2432
^SSMI,13775.26953125,13775.2695,2026-09-11,False,13768.8203125,13871.650390625,0.26,1.95,BAJO,,,,,,,,,,,,,,NONE,1.7379,2.4326,1.2748,0.059142,2.5368,-0.8706,83.9,,999,,,none,,,,,,,,,,-4.3114,-4.3369,-3.7187,0.0998,15.2193,10.7552,14542.9004,14633.7002,,-5.2784,-5.8661,
^OMXC25,1860.33544921875,1860.3354,2026-09-14,False,1860.33544921875,1879.4376220703125,-0.25,7.09,BAJO,,,,,,,,,,,,,,NONE,1.7379,2.4326,1.2748,0.059142,2.5368,-0.8706,83.9,,999,,,none,,,,,,,,,,-2.7092,-3.2929,-2.3984,,8.6073,14.4669,1935.0699,1935.0699,,-3.8621,-3.8621,
^GSPTSE,35702.53125,35702.5312,2026-09-14,False,35520.87109375,35847.44921875,0.01,2.74,BAJO,,,,,,,,,,,,,,NONE,1.7379,2.4326,1.2748,0.059142,2.5368,-0.8706,83.9,,999,,,none,,,,,,,,,,-2.2218,-2.3291,1.0816,,11.4286,10.2505,36957.6016,36957.6016,,-3.396,-3.396,
^AXJO,8741.2001953125,8741.2002,2026-09-11,False,8699.7998046875,8819.400390625,-0.89,-0.41,BAJO,,,,,,,,,,,,,,NONE,1.7379,2.4326,1.2748,0.059142,2.5368,-0.8706,83.9,,999,,,none,,,,,,,,,,-2.9392,-3.8615,-1.1299,-1.9792,6.9576,9.3573,9164.5996,9271.5996,,-4.6199,-5.7207,
^MXX,64216.98046875,64216.9805,2026-09-14,False,63509.33984375,64301.08984375,0.46,-4.32,BAJO,,,,,,,,,,,,,,NONE,1.7379,2.4326,1.2748,0.059142,2.5368,-0.8706,83.9,,999,,,none,,,,,,,,,,-0.7888,-1.8544,-3.2237,-5.9846,10.0657,12.6139,66293.0703,67640.5938,,-3.1317,-5.0615,
^BVSP,185500.875,185500.875,2026-09-14,False,183813.359375,187320.953125,-0.91,10.38,BAJO,,,,,,,,,,,,,,NONE,1.7379,2.4326,1.2748,0.059142,2.5368,-0.8706,83.9,,999,,,none,,,,,,,,,,0.1911,5.5992,5.3916,9.3439,17.8457,17.2779,188269.0,188269.0,,-1.4703,-1.4703,
HYG,78.52999877929688,78.53,2026-09-14,False,78.41000366210938,78.63999938964844,-0.09,4.14,BAJO,,,,,,,,,,,,,,YAHOO,1.7379,2.4326,1.2748,0.059142,2.5368,-0.8706,83.9,,999,,,none,,,,,,,,,,-0.7959,-0.9777,-0.5843,-0.2858,3.0127,2.6581,79.4844,79.4844,79.4844,-1.2007,-1.2007,-1.2007
LQD,104.30000305175781,104.3,2026-09-14,False,104.05000305175781,104.6449966430664,-0.02,-1.29,BAJO,,,,,,,,,,,,,,YAHOO,1.7379,2.4326,1.2748,0.059142,2.5368,-0.8706,83.9,,999,,,none,,,,,,,,,,-1.1187,-1.5159,-2.2204,-3.1639,6.657,5.2973,106.4133,108.3896,108.7168,-1.9859,-3.773,-4.0627
TLT,80.93000030517578,80.93,2026-09-14,False,80.45999908447266,81.3550033569336,0.07,-4.6,BAJO,,,-4046.5,0.54,,,,,,,,,,YAHOO,1.7379,2.4326,1.2748,0.059142,2.5368,-0.8706,83.9,,999,,,none,,,,,,,,,,-1.557,-1.9786,-3.1726,-4.5486,9.597,9.5967,83.1514,86.4474,88.4493,-2.6715,-6.3824,-8.5012
GC=F,4336.2001953125,4336.2002,2026-09-14,False,4336.0,4343.60009765625,-1.65,1.72,BAJO,,,,,,,,,,,,,,NONE,1.7379,2.4326,1.2748,0.059142,2.5368,-0.8706,83.9,,999,,,none,,,,,,,,,,-2.113,-3.1688,7.2255,,20.3865,23.4175,4640.7998,4640.7998,,-6.5635,-6.5635,
HG=F,6.400000095367432,6.4,2026-09-14,False,6.400000095367432,6.40749979019165,-1.07,0.25,BAJO,,,,,,,,,,,,,,NONE,1.7379,2.4326,1.2748,0.059142,2.5368,-0.8706,83.9,,999,,,none,,,,,,,,,,-2.9862,-2.4688,1.6922,,41.2157,23.9417,6.8035,6.8035,,-5.9308,-5.9308,
CL=F,101.97000122070312,101.97,2026-09-14,False,101.86000061035156,102.05999755859375,1.92,27.8,BAJO,,,,,,,,,,,,,,NONE,1.7379,2.4326,1.2748,0.059142,2.5368,-0.8706,83.9,,999,,,none,,,,,,,,,,11.467,22.2662,28.103,,59.5035,50.8653,102.48,102.48,,-0.4977,-0.4977,
ZS=F,1305.0,1305.0,2026-09-14,False,1292.0,1309.75,1.93,18.12,BAJO,,,,,,,,,,,,,,NONE,1.7379,2.4326,1.2748,0.059142,2.5368,-0.8706,83.9,,999,,,none,,,,,,,,,,0.8696,2.2527,8.5465,,34.2636,20.6578,1316.0,1316.0,,-0.8359,-0.8359,
ZC=F,534.0,534.0,2026-09-14,False,526.25,536.5,4.65,30.05,BAJO,,,,,,,,,,,,,,NONE,1.7379,2.4326,1.2748,0.059142,2.5368,-0.8706,83.9,,999,,,none,,,,,,,,,,4.2969,4.2969,19.3296,,39.9601,26.6871,534.0,534.0,,0.0,0.0,
BTC-USD,78566.6171875,78566.6172,2026-09-14,False,76452.546875,79435.6796875,2.25,-30.4,BAJO,1577667919872.0,,,,,,,,,,,,,YAHOO,1.7379,2.4326,1.2748,0.059142,2.5368,-0.8706,83.9,,999,,,none,,,,,,,,,,0.3924,-1.3874,23.8032,26.2335,19.0415,32.0449,81271.7422,81271.7422,96929.3281,-3.3285,-3.3285,-18.9444
ETH-USD,2543.510009765625,2543.51,2026-09-14,False,2468.598388671875,2605.77783203125,2.68,-43.3,BAJO,310225436672.0,,,,,,,,,,,,,YAHOO,1.7379,2.4326,1.2748,0.059142,2.5368,-0.8706,83.9,,999,,,none,,,,,,,,,,3.1049,3.5598,36.8762,43.4175,37.24,48.3976,2543.51,2543.51,3354.7227,0.0,0.0,-24.1812
IBIT,44.7400016784668,44.74,2026-09-14,False,44.040000915527344,44.939998626708984,2.22,-30.17,BAJO,,,,,,,,,,,,,,YAHOO,1.7379,2.4326,1.2748,0.059142,2.5368,-0.8706,83.9,,999,,,none,,,,,,,,,,-1.0833,1.9134,21.5431,24.1398,23.7825,37.2704,46.35,46.35,71.29,-3.4736,-3.4736,-37.2422
SPY,760.8800048828125,760.88,2026-09-14,False,757.9299926757812,763.52001953125,-0.45,17.93,BAJO,,24.58,,1.77,,,,,,,,,,YAHOO,1.7379,2.4326,1.2748,0.059142,2.5368,-0.8706,83.9,,999,,,none,,,,,,,,,,-1.2088,-1.1009,0.8042,2.8433,10.8164,11.5448,773.17,777.88,777.88,-1.5896,-2.1854,-2.1854
QQQ,709.1799926757812,709.18,2026-09-14,False,702.75,712.9500122070312,-0.8,21.96,BAJO,,28.91,,1.98,,,,,,,,,,YAHOO,1.7379,2.4326,1.2748,0.059142,2.5368,-0.8706,83.9,,999,,,none,,,,,,,,,,-1.3603,-1.012,-1.1926,-1.5777,13.6144,21.1769,729.87,739.807,745.3409,-2.8348,-4.1399,-4.8516
DIA,524.489990234375,524.49,2026-09-14,False,523.094970703125,526.719970703125,-0.25,17.27,BAJO,,21.3,,,,,,,,,,,,YAHOO,1.7379,2.4326,1.2748,0.059142,2.5368,-0.8706,83.9,,999,,,none,,,,,,,,,,-1.7956,-1.9755,-0.1666,2.6209,12.4718,11.2921,536.93,542.3603,542.3603,-2.3169,-3.2949,-3.2949
IWM,287.9100036621094,287.91,2026-09-14,False,287.05499267578125,289.8399963378906,-0.34,23.06,BAJO,,16.95,,1.32,,,,,,,,,,YAHOO,1.7379,2.4326,1.2748,0.059142,2.5368,-0.8706,83.9,,999,,,none,,,,,,,,,,-2.7364,-2.6509,-2.6575,-1.4867,12.4721,13.2106,304.06,305.09,305.09,-5.3114,-5.6311,-5.6311
GLD,392.8399963378906,392.84,2026-09-14,False,390.9599914550781,395.8900146484375,-1.49,17.44,BAJO,,,,2.31,,,,,,,,,,YAHOO,1.7379,2.4326,1.2748,0.059142,2.5368,-0.8706,83.9,,999,,,none,,,,,,,,,,-3.4245,-3.9253,5.5029,1.6298,21.8493,25.0273,428.07,428.07,495.9,-8.23,-8.23,-20.7824
SLV,56.84000015258789,56.84,2026-09-14,False,56.650001525878906,57.68000030517578,-2.2,48.17,BAJO,,,,,,,,,,,,,,YAHOO,1.7379,2.4326,1.2748,0.059142,2.5368,-0.8706,83.9,,999,,,none,,,,,,,,,,-4.9816,-5.2982,8.868,-7.2606,54.2166,41.3971,62.77,62.77,105.6,-9.4472,-9.4472,-46.1742
XLY,112.8499984741211,112.85,2026-09-14,False,112.11000061035156,113.27999877929688,-0.1,-3.98,BAJO,,24.66,,,,,,,,,,,,YAHOO,1.7379,2.4326,1.2748,0.059142,2.5368,-0.8706,83.9,,999,,,none,,,,,,,,,,-1.7927,-3.7198,-3.547,-3.0233,14.6669,20.2732,118.59,119.86,124.0232,-4.8402,-5.8485,-9.009
XLV,167.75,167.75,2026-09-14,False,167.02499389648438,168.77000427246094,1.45,26.17,BAJO,,29.97,,,,,,,,,,,,YAHOO,1.7379,2.4326,1.2748,0.059142,2.5368,-0.8706,83.9,,999,,,none,,,,,,,,,,-2.1581,-1.9923,5.9764,9.5441,14.4869,19.5988,175.68,175.68,175.68,-4.5139,-4.5139,-4.5139
XLRE,43.119998931884766,43.12,2026-09-14,False,42.96500015258789,43.59000015258789,-0.69,6.98,BAJO,,30.73,,,,,,,,,,,,YAHOO,1.7379,2.4326,1.2748,0.059142,2.5368,-0.8706,83.9,,999,,,none,,,,,,,,,,-1.8438,-3.0576,-3.2316,-4.1053,14.0806,14.1342,45.36,46.01,46.01,-4.9383,-6.2812,-6.2812
XLK,184.27999877929688,184.28,2026-09-14,False,182.0800018310547,185.58999633789062,-1.81,37.08,BAJO,,32.62,,,,,,,,,,,,YAHOO,1.7379,2.4326,1.2748,0.059142,2.5368,-0.8706,83.9,,999,,,none,,,,,,,,,,-1.6019,-0.7593,1.4869,-0.1625,22.6461,29.5805,190.32,192.15,197.974,-3.1736,-4.0958,-6.917
XLI,169.92999267578125,169.93,2026-09-14,False,168.33999633789062,170.13499450683594,-1.42,14.55,BAJO,,27.59,,1.73,,,,,,,,,,YAHOO,1.7379,2.4326,1.2748,0.059142,2.5368,-0.8706,83.9,,999,,,none,,,,,,,,,,-3.0467,-4.0702,-5.6259,-3.3102,18.9512,16.7559,186.32,186.51,186.51,-8.7967,-8.8896,-8.8896
XLF,57.029998779296875,57.03,2026-09-14,False,56.7599983215332,57.564998626708984,-0.38,9.42,BAJO,,16.17,,1.68,,,,,,,,,,YAHOO,1.7379,2.4326,1.2748,0.059142,2.5368,-0.8706,83.9,,999,,,none,,,,,,,,,,-1.8417,-1.8417,0.831,7.2924,8.3283,12.6619,58.56,58.56,58.56,-2.6127,-2.6127,-2.6127
XLE,64.52999877929688,64.53,2026-09-14,False,64.18000030517578,66.02999877929688,-0.94,52.24,BAJO,,17.9,,1.24,,,,,,,,,,YAHOO,1.7379,2.4326,1.2748,0.059142,2.5368,-0.8706,83.9,,999,,,none,,,,,,,,,,0.7337,2.9515,14.2124,12.9372,12.9048,20.304,65.31,65.31,65.31,-1.1943,-1.1943,-1.1943
XLC,115.06999969482422,115.07,2026-09-14,False,113.58000183105469,115.25499725341797,2.19,-0.56,BAJO,,15.88,,,,,,,,,,,,YAHOO,1.7379,2.4326,1.2748,0.059142,2.5368,-0.8706,83.9,,999,,,none,,,,,,,,,,2.7136,1.8409,1.4906,3.3313,18.3935,20.09,115.07,115.07,119.3874,0.0,0.0,-3.6163
XLB,50.4900016784668,50.49,2026-09-14,False,50.34000015258789,50.810001373291016,-0.9,14.59,BAJO,,23.56,,0.64,,,,,,,,,,YAHOO,1.7379,2.4326,1.2748,0.059142,2.5368,-0.8706,83.9,,999,,,none,,,,,,,,,,-3.7185,-5.0583,-0.0198,-2.877,11.5955,17.541,53.67,53.67,53.67,-5.9251,-5.9251,-5.9251
XLP,84.41999816894531,84.42,2026-09-14,False,84.25,84.88520050048828,1.25,10.8,BAJO,,24.97,,1.24,,,,,,,,,,YAHOO,1.7379,2.4326,1.2748,0.059142,2.5368,-0.8706,83.9,,999,,,none,,,,,,,,,,-0.1892,-1.2054,1.1381,-0.9488,15.7489,16.7528,87.45,87.45,88.8894,-3.4648,-3.4648,-5.0281
XLU,41.81999969482422,41.82,2026-09-14,False,41.75,42.439998626708984,-1.34,1.84,BAJO,,18.83,,0.65,,,,,,,,,,YAHOO,1.7379,2.4326,1.2748,0.059142,2.5368,-0.8706,83.9,,999,,,none,,,,,,,,,,-2.9248,-2.1297,-7.5188,-5.4861,7.2264,14.5311,44.18,46.29,47.0979,-5.3418,-9.6565,-11.2062
PSQ,26.139999389648438,26.14,2026-09-14,False,26.010000228881836,26.3799991607666,0.81,-13.13,BAJO,,,,,,,,,,,,,,YAHOO,1.7379,2.4326,1.2748,0.059142,2.5368,-0.8706,83.9,,999,,,none,,,,,,,,,,1.4358,1.2393,1.6725,2.0582,13.9504,21.2698,26.18,27.91,33.0172,-0.1528,-6.3418,-20.8291
EWZ,37.720001220703125,37.72,2026-09-14,False,37.18000030517578,37.8650016784668,-1.23,30.71,BAJO,,10.97,,1.03,,,,,,,,,,YAHOO,1.7379,2.4326,1.2748,0.059142,2.5368,-0.8706,83.9,,999,,,none,,,,,,,,,,-0.3698,6.1041,5.1282,8.4874,19.9193,22.2672,38.61,38.61,41.3365,-2.3051,-2.3051,-8.7489
FXI,34.84000015258789,34.84,2026-09-14,False,34.650001525878906,34.97999954223633,1.01,-11.46,BAJO,,9.23,,,,,,,,,,,,YAHOO,1.7379,2.4326,1.2748,0.059142,2.5368,-0.8706,83.9,,999,,,none,,,,,,,,,,-2.8986,-1.8868,1.6336,-0.5339,16.2282,17.8414,35.88,36.52,40.9939,-2.8986,-4.6002,-15.0117
COPX,85.62000274658203,85.62,2026-09-14,False,84.2699966430664,86.37000274658203,-3.29,63.63,BAJO,,15.75,,,,,,,,,,,,YAHOO,1.7379,2.4326,1.2748,0.059142,2.5368,-0.8706,83.9,,999,,,none,,,,,,,,,,-5.5592,-9.3201,10.8206,-0.0687,56.7675,45.3272,96.45,96.45,96.45,-11.2286,-11.2286,-11.2286
URA,42.189998626708984,42.19,2026-09-14,False,41.650001525878906,42.619998931884766,-3.08,-2.34,BAJO,,26.57,,,,,,,,,,,,YAHOO,1.7379,2.4326,1.2748,0.059142,2.5368,-0.8706,83.9,,999,,,none,,,,,,,,,,-8.4021,-7.4172,3.154,-7.3155,17.6755,43.9836,48.37,48.37,61.81,-12.7765,-12.7765,-31.7424
ARKK,84.72000122070312,84.72,2026-09-14,False,82.48999786376953,85.19000244140625,1.36,7.8,BAJO,,54.68,,,,,,,,,,,,YAHOO,1.7379,2.4326,1.2748,0.059142,2.5368,-0.8706,83.9,,999,,,none,,,,,,,,,,-1.7397,0.1537,6.4322,11.9894,25.7877,37.0224,87.38,87.38,92.53,-3.0442,-3.0442,-8.4405
ITA,216.77000427246094,216.77,2026-09-14,False,215.4199981689453,217.44500732421875,-1.02,9.48,BAJO,,32.9,,,,,,,,,,,,YAHOO,1.7379,2.4326,1.2748,0.059142,2.5368,-0.8706,83.9,,999,,,none,,,,,,,,,,-3.9183,-6.8937,-8.3115,-7.2149,14.2628,21.4455,252.16,253.22,253.22,-14.0347,-14.3946,-14.3946
SMH,541.5,541.5,2026-09-14,False,537.72998046875,546.760009765625,-4.75,78.36,BAJO,,36.98,,,,,,,,,,,,YAHOO,1.7379,2.4326,1.2748,0.059142,2.5368,-0.8706,83.9,,999,,,none,,,,,,,,,,-4.499,-2.099,-8.34,-12.6557,43.7882,45.7436,594.07,668.91,668.91,-8.8491,-19.0474,-19.0474
EEM,65.98999786376953,65.99,2026-09-14,False,65.7249984741211,66.4800033569336,-2.73,29.34,BAJO,,14.04,,,,,,,,,,,,YAHOO,1.7379,2.4326,1.2748,0.059142,2.5368,-0.8706,83.9,,999,,,none,,,,,,,,,,-3.9447,-1.7128,0.6405,-2.279,28.4662,27.4119,68.83,71.21,71.21,-4.1261,-7.3304,-7.3304
AAPL,333.0799865722656,333.08,2026-09-14,False,331.3399963378906,335.5,0.24,42.76,BAJO,4861029515264.0,38.24,34.76,45.26,148.75,27.08,32.62,27.62,2.22,29.0,0.78,1.0,8.0,YAHOO,1.7379,2.4326,1.2748,0.059142,2.5368,-0.8706,83.9,2026-10-29,45,,,yahoo,1.0,1.0,1.0,0.0,1.0,1.0,1.0,1.0,1.0,4.0973,4.1852,1.7915,14.508,27.3682,32.3938,333.08,339.7869,339.7869,0.0,-1.9739,-1.9739
MSFT,505.4100036621094,505.41,2026-09-14,False,495.34161376953125,509.92999267578125,1.97,0.4,BAJO,3752944992256.0,28.17,21.44,8.49,34.04,14.09,45.11,40.3,0.44,19.21,0.29,1.23,6.0,YAHOO,1.7379,2.4326,1.2748,0.059142,2.5368,-0.8706,83.9,2026-10-28,44,,,yahoo,1.0,1.0,1.0,1.0,1.0,0.0,1.0,0.0,0.0,1.1427,-1.5812,27.9886,29.5904,16.4333,43.313,513.53,513.53,537.6464,-1.5812,-1.5812,-5.9958
NVDA,210.9600067138672,210.96,2026-09-14,False,208.92999267578125,212.77000427246094,-3.36,20.49,BAJO,5094050889728.0,26.7,13.51,22.25,117.21,53.57,66.24,63.66,0.82,26.02,0.17,4.59,4.0,YAHOO,1.7379,2.4326,1.2748,0.059142,2.5368,-0.8706,83.9,2026-11-17,64,2026-08-26,19.0,yahoo,1.0,0.0,1.0,0.0,1.0,0.0,1.0,0.0,0.0,-8.3191,-2.9207,-0.6136,2.9271,23.2877,40.741,230.1025,230.1025,235.2024,-8.3191,-8.3191,-10.307
META,665.5999755859375,665.6,2026-09-14,False,649.25,668.5999755859375,2.71,-11.15,BAJO,1695620005888.0,25.05,19.04,6.49,29.85,14.59,34.83,29.83,1.27,15.66,0.43,2.23,5.0,YAHOO,1.7379,2.4326,1.2748,0.059142,2.5368,-0.8706,83.9,2026-10-28,44,,,yahoo,1.0,0.0,1.0,1.0,0.0,0.0,1.0,1.0,0.0,7.917,15.1517,-2.3059,17.5027,54.212,46.1428,665.6,681.31,777.701,0.0,-2.3059,-14.4144
GOOGL,349.3900146484375,349.39,2026-09-14,False,342.2799987792969,349.8999938964844,3.22,40.75,BAJO,4273017192448.0,17.52,23.49,6.86,48.68,12.96,34.03,54.77,0.53,23.31,0.19,2.72,6.0,YAHOO,1.7379,2.4326,1.2748,0.059142,2.5368,-0.8706,83.9,2026-10-28,44,,,yahoo,1.0,0.0,1.0,1.0,0.0,1.0,1.0,1.0,0.0,3.2293,0.8727,-5.7439,-2.7984,37.0148,36.9302,349.39,377.4074,402.1212,0.0,-7.4236,-13.1133
AMZN,253.5399932861328,253.54,2026-09-14,False,250.75,255.9499969482422,-1.26,11.08,BAJO,2734761705472.0,20.4,24.37,4.96,30.56,6.59,13.69,17.44,0.12,16.95,0.46,1.03,6.0,YAHOO,1.7379,2.4326,1.2748,0.059142,2.5368,-0.8706,83.9,2026-10-29,45,,,yahoo,1.0,1.0,1.0,1.0,1.0,0.0,0.0,1.0,0.0,-1.9226,-4.838,-0.557,6.2838,26.1509,43.8431,266.43,284.02,284.02,-4.838,-10.7316,-10.7316
TSLA,358.9700012207031,358.97,2026-09-14,False,357.0400085449219,367.7300109863281,-1.77,-10.93,BAJO,1417769123840.0,326.34,166.3,16.32,4.67,1.93,1.41,3.67,0.34,129.33,0.18,1.94,5.0,YAHOO,1.7379,2.4326,1.2748,0.059142,2.5368,-0.8706,83.9,2026-10-21,37,,,yahoo,1.0,0.0,1.0,1.0,0.0,1.0,0.0,1.0,0.0,1.381,2.9305,-8.9971,-11.6773,16.3406,57.699,376.37,425.3,489.88,-4.6231,-15.596,-26.7229
MSTR,136.94000244140625,136.94,2026-09-14,False,130.72999572753906,137.50999450683594,4.56,-56.7,BAJO,54403751936.0,,2.77,1.65,-63.56,-38.73,-6808.11,0.0,-41.52,-1.9,0.15,5.39,3.0,YAHOO,1.7379,2.4326,1.2748,0.059142,2.5368,-0.8706,83.9,2026-10-29,45,,,yahoo,0.0,0.0,0.0,1.0,1.0,1.0,0.0,0.0,0.0,-4.1036,7.5642,40.4945,10.4622,59.2474,88.6978,144.82,144.82,359.69,-5.4412,-5.4412,-61.9283
PLTR,173.30999755859375,173.31,2026-09-14,False,166.4199981689453,174.35989379882812,3.64,2.75,BAJO,416474038272.0,148.13,74.51,42.6,38.1,17.29,47.12,49.01,0.52,147.51,0.02,7.23,8.0,YAHOO,1.7379,2.4326,1.2748,0.059142,2.5368,-0.8706,83.9,2026-11-02,49,,,yahoo,1.0,1.0,1.0,1.0,1.0,1.0,0.0,1.0,1.0,-0.5851,-6.9676,29.5679,35.409,38.8204,82.6258,186.38,186.38,207.18,-7.0126,-7.0126,-16.3481
SNOW,332.3500061035156,332.35,2026-09-14,False,319.0,336.4849853515625,1.02,48.72,BAJO,117253079040.0,,110.49,54.49,-48.06,-9.02,-17.0,-20.07,1.48,-112.29,1.29,0.94,5.0,YAHOO,1.7379,2.4326,1.2748,0.059142,2.5368,-0.8706,83.9,2026-12-02,79,2026-09-02,12.0,yahoo,0.0,0.0,1.0,1.0,1.0,0.0,0.0,1.0,1.0,-1.4325,1.3262,22.2459,42.7743,14.7608,52.3657,356.47,356.47,356.47,-6.7663,-6.7663,-6.7663
CRWD,235.3800048828125,235.38,2026-09-14,False,216.1699981689453,239.3699951171875,13.85,113.21,BAJO,241013784576.0,5884.5,146.57,47.24,1.46,-0.78,-2.26,0.83,0.83,1942.08,0.16,1.57,4.0,YAHOO,1.7379,2.4326,1.2748,0.059142,2.5368,-0.8706,83.9,2026-12-01,78,2026-08-26,19.0,yahoo,0.0,0.0,1.0,1.0,1.0,1.0,0.0,0.0,0.0,10.4552,7.7747,13.8366,37.891,114.6741,74.3294,235.38,235.38,235.38,0.0,0.0,0.0
PANW,373.94000244140625,373.94,2026-09-14,False,340.2500915527344,378.6000061035156,13.09,87.31,BAJO,305882923008.0,934.85,76.64,11.11,1.74,1.4,5.4,2.67,1.39,173.06,0.09,0.87,3.0,YAHOO,1.7379,2.4326,1.2748,0.059142,2.5368,-0.8706,83.9,2026-11-19,66,2026-09-01,13.0,yahoo,1.0,0.0,1.0,1.0,0.0,0.0,0.0,0.0,0.0,12.2067,0.6324,5.6268,33.7315,110.9635,64.1705,382.85,396.0,396.0,-2.3273,-5.5707,-5.5707
ADBE,265.6000061035156,265.6,2026-09-14,False,256.6600036621094,266.1000061035156,5.3,-21.95,BAJO,105576005632.0,14.83,9.6,8.92,61.9,19.73,34.82,28.05,8.65,10.33,0.57,0.77,7.0,YAHOO,1.7379,2.4326,1.2748,0.059142,2.5368,-0.8706,83.9,2026-12-09,86,2026-09-10,4.0,yahoo,1.0,1.0,1.0,1.0,0.0,0.0,1.0,1.0,1.0,-0.3415,-8.8913,18.2757,30.1833,53.1237,48.2398,292.79,292.79,367.46,-9.2865,-9.2865,-27.72
CRM,259.42999267578125,259.43,2026-09-14,False,251.5500030517578,260.17999267578125,4.73,9.4,BAJO,213510881280.0,23.76,16.21,5.56,19.38,5.7,21.38,21.99,8.3,18.21,1.1,0.84,7.0,YAHOO,1.7379,2.4326,1.2748,0.059142,2.5368,-0.8706,83.9,2026-12-02,79,2026-08-26,19.0,yahoo,1.0,1.0,1.0,1.0,0.0,0.0,1.0,1.0,1.0,0.0771,1.3398,55.3473,56.3868,46.6353,62.1695,264.43,264.43,264.8822,-1.8909,-1.8909,-2.0583
MU,924.030029296875,924.03,2026-09-14,False,902.5999755859375,932.2100219726562,-5.25,488.15,BAJO,1043593166848.0,20.87,5.92,10.36,66.64,34.87,80.37,55.91,0.73,15.86,0.06,3.42,7.0,YAHOO,1.7379,2.4326,1.2748,0.059142,2.5368,-0.8706,83.9,2026-09-30,16,,,yahoo,1.0,1.0,1.0,1.0,1.0,0.0,0.0,1.0,1.0,-9.1049,-0.9465,2.1841,-5.8514,61.2692,92.3308,1027.77,1213.3734,1213.3734,-10.0937,-23.8462,-23.8462
INTC,97.19000244140625,97.19,2026-09-14,False,94.52330017089844,98.86000061035156,-5.59,293.9,BAJO,513756561408.0,,47.53,5.6,-10.71,1.41,12.19,-19.79,0.95,32.99,0.49,1.6,6.0,YAHOO,1.7379,2.4326,1.2748,0.059142,2.5368,-0.8706,83.9,2026-10-22,38,,,yahoo,0.0,1.0,1.0,1.0,1.0,1.0,0.0,1.0,0.0,1.4509,8.6286,-5.6316,-21.9796,71.1138,73.207,106.24,140.94,140.94,-8.5184,-31.0416,-31.0416
AMAT,424.2099914550781,424.21,2026-09-14,False,419.6000061035156,432.510009765625,-7.07,151.08,BAJO,336651976704.0,36.6,23.05,13.14,41.07,15.48,33.74,30.05,0.91,35.49,0.29,2.42,6.0,YAHOO,1.7379,2.4326,1.2748,0.059142,2.5368,-0.8706,83.9,2026-11-12,59,,,yahoo,1.0,0.0,1.0,1.0,0.0,1.0,1.0,1.0,0.0,-6.7076,-8.114,-26.7101,-25.1364,52.9111,80.141,534.7382,722.2277,722.2277,-20.6696,-41.2637,-41.2637
TXN,263.4200134277344,263.42,2026-09-14,False,257.19500732421875,266.1000061035156,-1.97,53.18,BAJO,240567713792.0,40.03,24.75,13.36,35.18,13.06,42.58,31.11,1.47,26.52,0.78,4.86,7.0,YAHOO,1.7379,2.4326,1.2748,0.059142,2.5368,-0.8706,83.9,2026-10-27,43,,,yahoo,1.0,1.0,1.0,1.0,0.0,1.0,1.0,0.0,1.0,1.927,1.8481,-12.0924,-12.072,40.7675,42.7359,282.91,330.5874,330.5874,-6.8891,-20.3176,-20.3176
TSM,418.010009765625,418.01,2026-09-14,False,416.0199890136719,424.45001220703125,-3.52,63.22,BAJO,2167997988864.0,30.83,19.07,85.54,39.97,19.0,60.34,49.92,33.71,4.92,0.17,2.46,9.0,YAHOO,1.7379,2.4326,1.2748,0.059142,2.5368,-0.8706,83.9,2026-10-15,31,,,yahoo,1.0,1.0,1.0,1.0,1.0,1.0,1.0,1.0,1.0,-2.5413,0.1174,-0.3504,-1.3965,31.182,42.7451,439.0,477.57,477.57,-4.7813,-12.4715,-12.4715
AMD,493.4100036621094,493.41,2026-09-14,False,480.3299865722656,498.3900146484375,-4.4,207.69,BAJO,805479514112.0,125.87,31.81,11.98,10.2,5.13,17.25,15.58,1.1,83.31,0.06,2.61,7.0,YAHOO,1.7379,2.4326,1.2748,0.059142,2.5368,-0.8706,83.9,2026-11-03,50,,,yahoo,1.0,1.0,1.0,1.0,0.0,1.0,0.0,1.0,1.0,3.3168,5.9775,-6.7525,-3.5499,61.3596,69.3279,521.1,580.91,580.91,-5.3138,-15.0626,-15.0626
ASML,1575.1500244140625,1575.15,2026-09-14,False,1572.8399658203125,1610.4100341796875,-7.25,84.34,BAJO,605015113728.0,53.3,26.25,1327.51,53.94,16.45,37.06,30.11,1.39,2491.5,0.09,1.33,8.0,YAHOO,1.7379,2.4326,1.2748,0.059142,2.5368,-0.8706,83.9,2026-10-14,30,,,yahoo,1.0,1.0,1.0,1.0,1.0,0.0,1.0,1.0,1.0,-8.1481,-7.1344,-13.1156,-15.3665,52.2028,50.3696,1883.12,1986.8704,1986.8704,-16.3542,-20.7221,-20.7221
MRVL,218.82000732421875,218.82,2026-09-14,False,213.62640380859375,224.10000610351562,-7.32,226.73,BAJO,196654563328.0,72.46,32.37,10.52,16.52,4.12,16.68,27.93,1.22,73.11,0.29,3.17,8.0,YAHOO,1.7379,2.4326,1.2748,0.059142,2.5368,-0.8706,83.9,2026-12-01,78,2026-08-27,18.0,yahoo,1.0,1.0,1.0,0.0,1.0,1.0,1.0,1.0,1.0,-2.1159,1.0156,6.0894,-21.7469,90.7976,88.5243,251.01,310.5034,316.352,-12.8242,-29.5273,-30.8302
QCOM,180.14999389648438,180.15,2026-09-14,False,170.50999450683594,181.69500732421875,-1.0,15.59,BAJO,192411090944.0,20.59,17.65,6.88,33.75,11.61,18.53,21.01,5.32,16.51,0.55,2.02,6.0,YAHOO,1.7379,2.4326,1.2748,0.059142,2.5368,-0.8706,83.9,2026-10-29,45,,,yahoo,1.0,0.0,1.0,1.0,0.0,1.0,1.0,0.0,1.0,6.7619,10.3176,1.7701,-14.4481,26.0755,45.9583,181.97,224.886,248.7425,-1.0002,-19.8928,-27.5757
COIN,191.4499969482422,191.45,2026-09-14,False,180.2899932861328,193.216796875,9.24,-39.93,BAJO,50511577088.0,,69.73,3.86,-7.85,1.12,-13.92,-16.34,5.28,69.17,0.51,2.42,4.0,YAHOO,1.7379,2.4326,1.2748,0.059142,2.5368,-0.8706,83.9,2026-10-29,45,,,yahoo,1.0,0.0,1.0,1.0,0.0,1.0,0.0,0.0,0.0,3.6883,7.1708,14.4967,19.821,83.4149,74.3359,192.7,192.7,387.27,-0.6487,-0.6487,-50.5642
SHOP,133.88999938964844,133.89,2026-09-14,False,128.08999633789062,134.74000549316406,3.96,-7.94,BAJO,173742981120.0,90.47,54.8,13.61,15.54,10.19,17.55,14.53,0.91,67.2,0.01,5.35,5.0,YAHOO,1.7379,2.4326,1.2748,0.059142,2.5368,-0.8706,83.9,2026-11-03,50,,,yahoo,1.0,0.0,1.0,1.0,0.0,1.0,0.0,0.0,1.0,-7.7193,-12.433,8.3691,23.6973,63.7681,63.8381,154.33,158.53,179.01,-13.2443,-15.5428,-25.2053
RBLX,51.290000915527344,51.29,2026-09-14,False,46.730098724365234,51.29499816894531,12.73,-61.1,BAJO,36640342016.0,,-41.17,240.8,-432.28,-7.73,-13.27,-17.61,4.03,-37.11,14.23,0.82,6.0,YAHOO,1.7379,2.4326,1.2748,0.059142,2.5368,-0.8706,83.9,2026-10-29,45,,,yahoo,0.0,1.0,1.0,1.0,1.0,0.0,0.0,1.0,1.0,18.4253,33.1171,-10.1279,18.4253,97.9453,84.0953,51.29,57.95,141.56,0.0,-11.4927,-63.768
UBER,72.62999725341797,72.63,2026-09-14,False,71.26000213623047,72.80259704589844,1.34,-25.0,BAJO,148351139840.0,15.93,16.49,5.42,37.16,6.88,13.32,17.34,4.88,21.24,0.52,0.84,6.0,YAHOO,1.7379,2.4326,1.2748,0.059142,2.5368,-0.8706,83.9,2026-11-03,50,,,yahoo,1.0,0.0,1.0,1.0,0.0,1.0,1.0,1.0,0.0,-4.1315,-7.8533,-0.055,5.4902,35.9662,41.4853,80.35,80.35,100.1,-9.608,-9.608,-27.4426
HPQ,34.02000045776367,34.02,2026-09-14,False,33.57350158691406,35.189998626708984,-4.11,30.37,BAJO,30678929408.0,12.98,10.84,-333.53,,5.63,5.4,4.14,11.05,8.23,,0.79,5.0,YAHOO,1.7379,2.4326,1.2748,0.059142,2.5368,-0.8706,83.9,2026-11-24,71,2026-08-26,19.0,yahoo,1.0,0.0,1.0,1.0,0.0,1.0,1.0,0.0,0.0,5.2408,12.5512,44.6342,36.0959,85.2675,49.3312,35.48,35.48,35.48,-4.115,-4.115,-4.115
BIDU,91.9000015258789,91.9,2026-09-14,False,90.68499755859375,92.68000030517578,0.55,-18.44,BAJO,31376541696.0,,11.88,0.77,-1.39,1.2,9.65,-2.9,,0.04,0.38,2.33,2.0,YAHOO,1.7379,2.4326,1.2748,0.059142,2.5368,-0.8706,83.9,2026-11-18,65,2026-08-18,27.0,yahoo,1.0,0.0,0.0,0.0,0.0,0.0,1.0,0.0,0.0,-7.6103,-5.3748,-17.5637,-20.6185,17.7372,46.3159,104.12,117.94,162.52,-11.7365,-22.079,-43.4531
SPOT,556.3099975585938,556.31,2026-09-14,False,535.1900024414062,560.989990234375,5.81,-19.35,BAJO,114368552960.0,30.05,31.09,11.68,44.48,12.19,13.71,18.43,1.35,37.86,0.06,2.11,5.0,YAHOO,1.7379,2.4326,1.2748,0.059142,2.5368,-0.8706,83.9,2026-11-03,50,,,yahoo,1.0,1.0,1.0,1.0,0.0,0.0,0.0,1.0,0.0,2.5589,1.6073,14.6133,15.417,49.0361,38.999,560.11,560.11,738.53,-0.6784,-0.6784,-24.6733
AVGO,344.7200012207031,344.72,2026-09-14,False,343.9100036621094,350.25,-4.77,-3.1,BAJO,1645565706240.0,43.86,17.78,16.51,44.25,15.37,54.31,42.94,1.86,33.74,0.6,2.5,8.0,YAHOO,1.7379,2.4326,1.2748,0.059142,2.5368,-0.8706,83.9,2026-12-09,86,2026-09-02,12.0,yahoo,1.0,1.0,1.0,1.0,1.0,1.0,0.0,1.0,1.0,-3.6826,-6.5268,-12.5697,-9.6329,34.7173,41.4704,392.43,427.76,480.8091,-12.1576,-19.4128,-28.3042
ACN,195.0,195.0,2026-09-14,False,187.78500366210938,195.47000122070312,6.04,-14.81,BAJO,119328702464.0,15.58,13.29,3.74,24.41,10.9,16.96,10.66,10.13,8.68,0.25,1.34,5.0,YAHOO,1.7379,2.4326,1.2748,0.059142,2.5368,-0.8706,83.9,2026-10-01,17,,,yahoo,1.0,0.0,1.0,1.0,0.0,1.0,1.0,0.0,0.0,4.4344,2.8427,42.315,15.8943,52.7363,46.9617,195.0,195.0,282.7142,0.0,0.0,-31.0258
NFLX,80.31999969482422,80.32,2026-09-14,False,78.48999786376953,81.01000213623047,3.77,-31.67,BAJO,334447640576.0,25.26,21.02,11.09,49.54,16.08,33.38,28.22,7.59,22.39,0.55,1.14,7.0,YAHOO,1.7379,2.4326,1.2748,0.059142,2.5368,-0.8706,83.9,2026-10-20,36,,,yahoo,1.0,1.0,1.0,0.0,1.0,0.0,1.0,1.0,1.0,2.6454,-1.7132,9.0119,-0.0249,33.2873,38.497,82.73,82.73,124.135,-2.9131,-2.9131,-35.2963
NIO,3.6700000762939453,3.67,2026-09-14,False,3.6600000858306885,3.7899999618530273,-0.54,-41.93,BAJO,9195798528.0,,28.91,15.12,-45.32,-2.02,-1.08,-4.17,,1.56,2.03,1.02,6.0,YAHOO,1.7379,2.4326,1.2748,0.059142,2.5368,-0.8706,83.9,2026-11-24,71,2026-09-01,13.0,yahoo,0.0,1.0,1.0,1.0,1.0,0.0,0.0,1.0,1.0,-3.421,-16.0183,-27.0378,-29.5585,44.4389,36.7926,4.63,5.09,7.89,-20.7343,-27.8978,-53.4854
BABA,109.2300033569336,109.23,2026-09-14,False,107.83999633789062,110.43000030517578,-0.06,-28.72,BAJO,271504670720.0,24.66,11.76,1.63,6.36,1.56,7.29,7.04,-30.44,2.02,0.24,1.36,3.0,YAHOO,1.7379,2.4326,1.2748,0.059142,2.5368,-0.8706,83.9,2026-11-24,71,2026-08-20,25.0,yahoo,1.0,0.0,1.0,0.0,0.0,0.0,1.0,0.0,0.0,-3.5411,-8.1329,-7.1884,-3.1821,24.4476,44.5808,130.53,132.32,187.6169,-16.3181,-17.4501,-41.7803
PDD,79.37999725341797,79.38,2026-09-14,False,77.33999633789062,80.38500213623047,2.02,-36.16,BAJO,112989208576.0,8.56,6.4,1.67,22.75,10.01,24.71,20.43,66.06,-3.45,0.01,2.62,4.0,YAHOO,1.7379,2.4326,1.2748,0.059142,2.5368,-0.8706,83.9,2026-11-18,65,2026-08-24,21.0,yahoo,1.0,0.0,1.0,1.0,0.0,1.0,0.0,0.0,0.0,-3.4424,-7.3638,-7.4178,-2.6729,24.2996,34.0724,90.2,93.0,138.13,-11.9956,-14.6452,-42.5324
SAP,218.27999877929688,218.28,2026-09-14,False,212.02000427246094,218.63999938964844,5.78,-10.5,BAJO,251939717120.0,28.06,22.58,68.7,18.32,9.54,27.62,20.41,3.61,285.16,0.22,1.15,7.0,YAHOO,1.7379,2.4326,1.2748,0.059142,2.5368,-0.8706,83.9,2026-10-21,37,,,yahoo,1.0,1.0,1.0,1.0,1.0,1.0,0.0,0.0,1.0,1.4737,-1.4715,40.0038,32.9516,53.5825,44.0691,221.54,221.54,275.6678,-1.4715,-1.4715,-20.8178
SE,108.68000030517578,108.68,2026-09-14,False,104.5999984741211,110.21990203857422,2.3,-41.41,BAJO,66564820992.0,41.96,20.94,5.36,14.73,4.97,8.35,5.91,0.1,23.97,0.32,1.49,8.0,YAHOO,1.7379,2.4326,1.2748,0.059142,2.5368,-0.8706,83.9,2026-11-10,57,,,yahoo,1.0,1.0,1.0,1.0,1.0,1.0,0.0,1.0,1.0,-3.0422,-8.9477,-2.4066,31.0345,41.4528,51.6384,123.18,131.51,196.05,-11.7714,-17.3599,-44.5652
IBM,249.08999633789062,249.09,2026-09-14,False,244.12010192871094,251.3699951171875,2.38,1.26,BAJO,234676256768.0,22.12,18.92,6.81,34.46,5.3,16.55,15.52,5.13,17.39,1.89,0.79,6.0,YAHOO,1.7379,2.4326,1.2748,0.059142,2.5368,-0.8706,83.9,2026-10-21,37,,,yahoo,1.0,1.0,1.0,1.0,1.0,0.0,0.0,1.0,0.0,6.0454,5.7303,18.7864,-7.8472,46.4849,63.451,249.09,303.9496,326.8851,0.0,-18.0489,-23.7989
ZM,95.36000061035156,95.36,2026-09-14,False,94.98999786376953,97.0,-0.22,14.2,BAJO,27824494592.0,8.85,15.05,2.81,32.14,6.11,24.61,65.19,7.1,15.48,0.01,3.83,7.0,YAHOO,1.7379,2.4326,1.2748,0.059142,2.5368,-0.8706,83.9,2026-11-24,71,2026-08-25,20.0,yahoo,1.0,1.0,1.0,1.0,1.0,0.0,1.0,1.0,0.0,-5.8916,-3.119,2.9806,1.7933,5.6463,43.2288,107.47,109.84,111.88,-11.2683,-13.1828,-14.7658
CSCO,110.05999755859375,110.06,2026-09-14,False,109.38999938964844,111.73999786376953,-1.85,69.15,BAJO,433921097728.0,33.05,19.65,8.64,27.32,7.98,27.72,20.95,2.58,24.53,0.62,0.93,7.0,YAHOO,1.7379,2.4326,1.2748,0.059142,2.5368,-0.8706,83.9,2026-11-12,59,,,yahoo,1.0,1.0,1.0,1.0,1.0,0.0,1.0,0.0,1.0,0.7875,0.1183,-1.5299,-8.7764,46.3783,35.16,112.9,123.88,129.5155,-2.5155,-11.156,-15.0217
DOCU,69.76000213623047,69.76,2026-09-14,False,66.44999694824219,69.86000061035156,6.26,-12.95,BAJO,13038315520.0,42.54,13.41,7.64,17.8,6.35,13.43,9.82,10.07,28.18,0.11,0.64,6.0,YAHOO,1.7379,2.4326,1.2748,0.059142,2.5368,-0.8706,83.9,2026-12-03,80,2026-09-03,11.0,yahoo,1.0,0.0,1.0,1.0,0.0,0.0,1.0,1.0,1.0,1.9734,9.0,36.3565,54.919,51.6487,54.8708,69.76,69.76,85.01,0.0,0.0,-17.9391
ARM,239.00999450683594,239.01,2026-09-14,False,238.0323028564453,249.25,-9.74,56.87,BAJO,255262343168.0,243.89,78.22,29.58,13.35,5.42,7.6,20.25,0.52,236.78,0.06,5.25,6.0,YAHOO,1.7379,2.4326,1.2748,0.059142,2.5368,-0.8706,83.9,2026-11-04,51,,,yahoo,1.0,0.0,1.0,1.0,0.0,1.0,0.0,1.0,1.0,-5.1886,-0.0167,-13.7179,-37.2364,96.294,80.0047,271.43,439.46,439.46,-11.9441,-45.6128,-45.6128
GRMN,280.3800048828125,280.38,2026-09-14,False,280.2950134277344,284.2146911621094,-0.81,22.38,BAJO,54071996416.0,28.91,25.48,5.99,21.89,12.17,30.44,24.47,1.93,22.53,0.03,3.03,6.0,YAHOO,1.7379,2.4326,1.2748,0.059142,2.5368,-0.8706,83.9,2026-10-28,44,,,yahoo,1.0,1.0,1.0,0.0,0.0,1.0,0.0,1.0,1.0,1.6012,-1.3059,16.4236,18.7369,40.0912,42.5311,306.3138,311.952,311.952,-8.4664,-10.1208,-10.1208
MSI,474.1300048828125,474.13,2026-09-14,False,464.1600036621094,478.8399963378906,1.71,0.69,BAJO,78465572864.0,37.39,24.82,29.37,91.57,11.25,27.35,17.44,2.52,22.9,3.58,1.1,6.0,YAHOO,1.7379,2.4326,1.2748,0.059142,2.5368,-0.8706,83.9,2026-11-05,52,,,yahoo,1.0,1.0,1.0,1.0,0.0,0.0,1.0,1.0,0.0,1.299,-2.4424,16.4424,15.355,15.6646,27.1834,491.24,491.24,491.24,-3.483,-3.483,-3.483
SNAP,5.840000152587891,5.84,2026-09-14,False,5.599999904632568,5.929999828338623,2.82,-20.19,BAJO,9876594688.0,,7.53,5.1,-15.58,-2.72,-2.64,-4.9,7.23,-76.38,2.19,2.94,6.0,YAHOO,1.7379,2.4326,1.2748,0.059142,2.5368,-0.8706,83.9,2026-11-04,51,,,yahoo,0.0,1.0,1.0,1.0,1.0,0.0,0.0,1.0,1.0,6.7642,7.5507,22.6891,11.0266,43.9036,60.3473,5.92,5.92,9.09,-1.3514,-1.3514,-35.7536
PINS,19.690000534057617,19.69,2026-09-14,False,18.844999313354492,19.700000762939453,3.36,-44.17,BAJO,11150703616.0,57.91,8.16,3.85,6.46,3.51,-3.46,5.46,10.73,33.83,0.41,3.81,6.0,YAHOO,1.7379,2.4326,1.2748,0.059142,2.5368,-0.8706,83.9,2026-11-09,56,,,yahoo,1.0,0.0,1.0,1.0,0.0,0.0,1.0,1.0,1.0,-3.4804,-15.0927,-16.8497,-2.573,94.0945,49.7504,23.66,25.58,36.49,-16.7794,-23.0258,-46.04
EA,209.6999969482422,209.7,2026-08-10,False,209.6999969482422,209.6999969482422,0.0,1.91,BAJO,52925640704.0,59.74,21.72,7.77,16.46,7.23,25.88,13.8,3.2,30.36,0.26,1.21,6.0,YAHOO,1.7379,2.4326,1.2748,0.059142,2.5368,-0.8706,83.9,2026-11-03,50,,,yahoo,1.0,0.0,1.0,1.0,1.0,1.0,1.0,0.0,0.0,0.383,,,,0.0,,,,,,,
PATH,14.65999984741211,14.66,2026-09-14,False,13.989999771118164,14.9399995803833,6.62,28.01,BAJO,7640138240.0,21.88,15.92,3.92,20.03,3.66,8.92,21.03,6.21,32.29,0.04,2.39,8.0,YAHOO,1.7379,2.4326,1.2748,0.059142,2.5368,-0.8706,83.9,2026-12-02,79,2026-09-03,11.0,yahoo,1.0,1.0,1.0,1.0,1.0,0.0,1.0,1.0,1.0,-3.4891,-19.2286,22.6778,38.9573,67.0273,70.9682,18.67,18.67,19.29,-21.4783,-21.4783,-24.0021
VZ,51.290000915527344,51.29,2026-09-14,False,50.915000915527344,51.4900016784668,1.34,26.43,BAJO,213098430464.0,13.36,9.71,2.05,15.84,5.05,23.0,11.64,8.2,7.9,1.84,0.6,4.0,YAHOO,1.7379,2.4326,1.2748,0.059142,2.5368,-0.8706,83.9,2026-10-20,36,,,yahoo,1.0,0.0,1.0,1.0,0.0,1.0,0.0,0.0,0.0,2.2936,2.3753,19.7525,8.4272,19.7713,26.3625,51.29,51.29,51.29,0.0,0.0,0.0
T,26.510000228881836,26.51,2026-09-14,False,26.155000686645508,26.614999771118164,1.73,-4.75,BAJO,181656748032.0,8.75,10.34,1.65,18.34,4.16,24.79,16.94,5.58,7.67,1.29,0.97,6.0,YAHOO,1.7379,2.4326,1.2748,0.059142,2.5368,-0.8706,83.9,2026-10-21,37,,,yahoo,1.0,1.0,1.0,1.0,0.0,1.0,1.0,0.0,0.0,3.2321,1.9223,23.7051,13.9312,28.1375,28.655,26.51,26.51,28.4181,0.0,0.0,-6.7143
AMX,23.1200008392334,23.12,2026-09-14,False,22.600000381469727,23.155000686645508,1.27,15.94,BAJO,69160247296.0,13.14,11.09,3.12,21.58,6.36,21.49,9.37,221.57,2.36,1.58,0.71,9.0,YAHOO,1.7379,2.4326,1.2748,0.059142,2.5368,-0.8706,83.9,2026-10-13,29,,,yahoo,1.0,1.0,1.0,1.0,1.0,1.0,1.0,1.0,1.0,0.5217,-0.2588,-11.4515,-15.687,16.3996,18.263,23.8,26.4335,27.4216,-2.8571,-12.5352,-15.687
TCOM,39.08000183105469,39.08,2026-09-14,False,39.02000045776367,39.849998474121094,0.15,-45.75,BAJO,24608880640.0,5.8,9.2,1.03,20.14,3.95,24.34,48.65,,-1.33,0.19,1.53,7.0,YAHOO,1.7379,2.4326,1.2748,0.059142,2.5368,-0.8706,83.9,2026-09-15,1,2026-08-31,14.0,yahoo,1.0,1.0,1.0,0.0,1.0,1.0,1.0,0.0,1.0,-4.7526,-13.8258,-8.8407,-15.9027,28.4905,38.8339,46.51,47.3,78.96,-15.9751,-17.3784,-50.5066
TRIP,9.229999542236328,9.23,2026-09-14,False,8.96500015258789,9.364999771118164,1.54,-49.53,BAJO,1074013568.0,,8.59,1.62,-0.23,1.92,9.44,0.27,-9.45,10.15,1.35,1.56,7.0,YAHOO,1.7379,2.4326,1.2748,0.059142,2.5368,-0.8706,83.9,2026-11-05,52,,,yahoo,1.0,1.0,1.0,1.0,1.0,0.0,1.0,0.0,1.0,-1.0718,-6.4843,-36.7808,-25.6245,40.1757,68.7107,10.4,14.93,19.14,-11.25,-38.1782,-51.7764
ABNB,170.64999389648438,170.65,2026-09-14,False,168.64999389648438,173.4250030517578,0.27,43.3,BAJO,102182772736.0,39.05,27.58,12.91,34.54,6.14,21.01,20.45,3.14,32.88,0.32,1.41,5.0,YAHOO,1.7379,2.4326,1.2748,0.059142,2.5368,-0.8706,83.9,2026-11-05,52,,,yahoo,1.0,0.0,1.0,1.0,0.0,0.0,1.0,0.0,1.0,-6.2053,-9.914,15.0088,29.0066,29.6135,48.4262,190.5,190.5,190.5,-10.42,-10.42,-10.42
ORCL,144.7899932861328,144.79,2026-09-14,False,141.00999450683594,145.32000732421875,-3.65,-50.01,BAJO,417063370752.0,22.66,13.18,11.1,41.19,6.36,35.63,26.36,-10.99,17.19,2.52,1.17,5.0,YAHOO,1.7379,2.4326,1.2748,0.059142,2.5368,-0.8706,83.9,2026-12-10,87,2026-09-10,4.0,yahoo,1.0,0.0,1.0,1.0,1.0,1.0,0.0,0.0,0.0,-8.8109,-4.0172,9.2837,-21.0918,33.7511,56.815,162.52,183.6511,324.452,-10.9094,-21.1603,-55.374
TMUS,182.89999389648438,182.9,2026-09-14,False,182.27000427246094,185.5749969482422,0.31,-20.57,BAJO,196191633408.0,19.15,12.67,3.49,17.99,5.97,25.22,11.46,5.78,9.11,2.14,0.92,6.0,YAHOO,1.7379,2.4326,1.2748,0.059142,2.5368,-0.8706,83.9,2026-10-22,38,,,yahoo,1.0,0.0,1.0,1.0,0.0,1.0,1.0,0.0,1.0,0.7602,0.8436,-1.9531,-2.7205,34.5629,40.5851,188.02,194.5173,236.7193,-2.7231,-5.9724,-22.7355
ANET,187.80999755859375,187.81,2026-09-14,False,186.11000061035156,191.10000610351562,-5.9,30.67,BAJO,236870615040.0,59.62,36.4,16.01,31.48,14.12,45.39,38.37,1.64,51.38,,2.96,4.0,YAHOO,1.7379,2.4326,1.2748,0.059142,2.5368,-0.8706,83.9,2026-11-03,50,,,yahoo,1.0,0.0,1.0,1.0,0.0,0.0,1.0,0.0,0.0,-3.0808,-3.8745,9.2427,15.0515,75.9641,58.9912,202.25,210.5,210.5,-7.1397,-10.7791,-10.7791
LRCX,273.489990234375,273.49,2026-09-14,False,273.239990234375,280.20001220703125,-8.29,132.21,BAJO,342223749120.0,47.48,23.47,27.44,65.07,22.84,37.39,31.27,0.9,43.02,0.33,2.63,8.0,YAHOO,1.7379,2.4326,1.2748,0.059142,2.5368,-0.8706,83.9,2026-10-21,37,,,yahoo,1.0,1.0,1.0,0.0,1.0,1.0,1.0,1.0,1.0,-11.1035,-9.4104,-18.4659,-25.3884,60.923,82.0554,343.84,433.33,433.33,-20.4601,-36.8864,-36.8864
ADI,361.0199890136719,361.02,2026-09-14,False,359.3324890136719,366.2550048828125,-4.69,50.78,BAJO,174937817088.0,42.93,22.08,5.21,12.23,6.41,39.5,29.79,2.37,27.5,0.27,1.25,8.0,YAHOO,1.7379,2.4326,1.2748,0.059142,2.5368,-0.8706,83.9,2026-11-24,71,2026-08-19,26.0,yahoo,1.0,1.0,1.0,1.0,0.0,1.0,1.0,1.0,1.0,-0.3395,0.094,-7.3767,-13.3249,62.7382,39.8973,389.0945,444.1269,444.1269,-7.2153,-18.7124,-18.7124
SNDK,1551.989990234375,1551.99,2026-09-14,False,1505.0,1581.83984375,-4.98,1624.24,BAJO,227240837120.0,21.02,5.86,14.7,91.64,43.91,78.47,56.46,3.4,18.59,0.01,2.29,7.0,YAHOO,1.7379,2.4326,1.2748,0.059142,2.5368,-0.8706,83.9,2026-11-06,53,,,yahoo,1.0,1.0,1.0,1.0,0.0,0.0,1.0,1.0,1.0,-10.8052,4.5125,-3.9015,-21.6206,46.1601,135.3302,1786.85,2335.0,2335.0,-13.1438,-33.5336,-33.5336
NOW,142.35000610351562,142.35,2026-09-14,False,137.24000549316406,143.1898956298828,7.41,-23.35,BAJO,147170263040.0,88.97,28.44,11.76,14.24,4.25,4.06,11.34,3.5,52.11,0.68,0.7,4.0,YAHOO,1.7379,2.4326,1.2748,0.059142,2.5368,-0.8706,83.9,2026-10-28,44,,,yahoo,1.0,0.0,1.0,1.0,1.0,0.0,0.0,0.0,0.0,0.7716,-1.6308,35.9209,39.3539,65.9379,62.4904,147.99,147.99,192.23,-3.8111,-3.8111,-25.9481
NBIS,212.19000244140625,212.19,2026-09-14,False,203.8699951171875,219.32000732421875,-5.5,134.8,BAJO,57684963328.0,,-67.55,5.63,0.6,-1.92,-0.22,3.13,-16.67,233.78,0.99,4.03,6.0,YAHOO,1.7379,2.4326,1.2748,0.059142,2.5368,-0.8706,83.9,2026-11-10,57,,,yahoo,1.0,1.0,1.0,1.0,0.0,0.0,0.0,1.0,1.0,-6.2724,1.439,6.3556,-8.6805,34.8864,142.3739,268.85,286.69,286.69,-21.0749,-25.9863,-25.9863
OXY,61.779998779296875,61.78,2026-09-14,False,61.474998474121094,62.970001220703125,0.52,40.1,BAJO,61757595648.0,18.22,15.31,1.85,10.63,4.68,45.44,30.32,6.13,5.89,0.35,1.41,4.0,YAHOO,1.7379,2.4326,1.2748,0.059142,2.5368,-0.8706,83.9,2026-11-09,56,,,yahoo,1.0,0.0,1.0,1.0,1.0,0.0,0.0,0.0,0.0,3.3702,5.0144,15.424,9.7692,5.6215,31.6151,61.78,61.78,65.6343,0.0,0.0,-5.8723
XOM,165.0800018310547,165.08,2026-09-14,False,164.0500030517578,169.4499969482422,-0.55,52.72,BAJO,678794428416.0,21.25,15.3,2.62,12.58,5.52,15.86,9.07,3.05,10.61,0.16,1.14,5.0,YAHOO,1.7379,2.4326,1.2748,0.059142,2.5368,-0.8706,83.9,2026-10-30,46,,,yahoo,1.0,0.0,1.0,1.0,1.0,0.0,1.0,0.0,0.0,3.5179,5.3411,14.974,13.0188,18.1921,24.1531,166.15,166.15,169.2183,-0.644,-0.644,-2.4455
CVX,212.1699981689453,212.17,2026-09-14,False,211.27000427246094,217.64999389648438,-0.88,41.71,BAJO,416193380352.0,20.44,15.75,2.19,12.23,5.86,21.87,9.83,5.27,8.96,0.19,1.25,5.0,YAHOO,1.7379,2.4326,1.2748,0.059142,2.5368,-0.8706,83.9,2026-10-30,46,,,yahoo,1.0,0.0,1.0,1.0,0.0,1.0,0.0,1.0,0.0,1.7114,5.1075,17.8533,14.3156,19.9068,23.6506,214.06,214.06,214.06,-0.8829,-0.8829,-0.8829
PSX,257.05999755859375,257.06,2026-09-14,False,253.41000366210938,264.8599853515625,-0.93,103.29,BAJO,103064354816.0,14.68,11.27,3.26,23.45,6.04,8.53,4.66,4.41,12.21,0.63,1.32,7.0,YAHOO,1.7379,2.4326,1.2748,0.059142,2.5368,-0.8706,83.9,2026-10-29,45,,,yahoo,1.0,1.0,1.0,1.0,0.0,1.0,1.0,1.0,0.0,0.7723,5.3481,31.7416,44.0091,12.964,29.5296,260.78,260.78,260.78,-1.4265,-1.4265,-1.4265
YPF,56.33000183105469,56.33,2026-09-14,False,55.599998474121094,57.29999923706055,1.4,112.58,BAJO,22085588992.0,29.8,10.27,2.11,7.26,8.34,27.51,4.0,5633.17,1.33,0.85,0.93,4.0,YAHOO,1.7379,2.4326,1.2748,0.059142,2.5368,-0.8706,83.9,2026-10-29,45,,,yahoo,0.0,0.0,1.0,1.0,0.0,1.0,1.0,0.0,0.0,7.0506,12.2112,12.0772,0.7873,27.5083,35.3469,56.33,56.33,56.35,0.0,0.0,-0.0355
VIST,76.41000366210938,76.41,2026-09-14,False,75.86499786376953,78.69999694824219,0.18,117.25,BAJO,8452276736.0,10.05,7.63,2.55,29.79,10.0,44.24,23.56,1.46,5.52,1.07,0.69,3.0,YAHOO,1.7379,2.4326,1.2748,0.059142,2.5368,-0.8706,83.9,2026-10-28,44,,,yahoo,1.0,0.0,1.0,1.0,0.0,0.0,0.0,0.0,0.0,3.6349,8.9393,16.6031,5.9191,63.9705,43.8107,78.95,78.95,79.25,-3.2172,-3.2172,-3.5836
VST,140.72999572753906,140.73,2026-09-14,False,140.3699951171875,145.24569702148438,-5.16,-32.22,BAJO,47233941504.0,23.69,13.58,15.73,42.96,5.89,13.77,11.55,0.08,10.89,3.73,0.97,5.0,YAHOO,1.7379,2.4326,1.2748,0.059142,2.5368,-0.8706,83.9,2026-11-05,52,,,yahoo,1.0,0.0,1.0,1.0,1.0,0.0,1.0,0.0,0.0,-5.7401,2.6552,-12.17,-4.7919,42.2797,42.4152,151.72,168.98,217.0162,-7.2436,-16.718,-35.1523
BP,45.93000030517578,45.93,2026-09-14,False,45.654998779296875,46.79999923706055,-0.37,42.7,BAJO,118288334848.0,21.98,9.36,8.13,8.87,5.04,13.15,2.55,10.89,13.53,0.95,1.27,7.0,YAHOO,1.7379,2.4326,1.2748,0.059142,2.5368,-0.8706,83.9,2026-10-30,46,,,yahoo,1.0,0.0,1.0,1.0,0.0,1.0,1.0,1.0,1.0,4.8391,8.968,12.4957,8.6828,15.1198,31.1584,46.1,46.1,46.5196,-0.3688,-0.3688,-1.2673
E,55.400001525878906,55.4,2026-09-14,False,55.04999923706055,55.94499969482422,-1.16,63.42,BAJO,79635922944.0,12.39,8.98,1.51,10.9,3.07,10.66,5.87,-11.28,8.2,0.65,1.48,6.0,YAHOO,1.7379,2.4326,1.2748,0.059142,2.5368,-0.8706,83.9,2026-10-23,39,,,yahoo,1.0,1.0,1.0,1.0,0.0,1.0,1.0,0.0,0.0,3.3968,4.9044,13.1536,3.5514,22.7399,32.1186,57.35,57.35,57.35,-3.4002,-3.4002,-3.4002
SHEL,96.44999694824219,96.45,2026-09-14,False,96.08499908447266,97.625,-0.33,41.11,BAJO,275789807616.0,10.67,9.33,1.49,14.34,6.4,16.69,8.76,7.78,5.42,0.4,1.44,5.0,YAHOO,1.7379,2.4326,1.2748,0.059142,2.5368,-0.8706,83.9,2026-10-29,45,,,yahoo,1.0,1.0,1.0,1.0,0.0,0.0,1.0,0.0,0.0,3.7655,6.0939,14.9519,13.5831,7.6661,21.664,96.77,96.77,96.77,-0.3307,-0.3307,-0.3307
HAL,35.0099983215332,35.01,2026-09-14,False,34.619998931884766,36.0,-2.32,65.45,BAJO,29167892480.0,18.33,12.06,2.65,14.92,7.26,12.79,7.16,7.04,8.71,0.74,2.02,4.0,YAHOO,1.7379,2.4326,1.2748,0.059142,2.5368,-0.8706,83.9,2026-10-20,36,,,yahoo,1.0,0.0,1.0,1.0,0.0,0.0,1.0,0.0,0.0,-5.5571,-2.7848,-0.2199,-11.1806,27.0226,33.1813,37.63,37.63,42.6002,-6.9625,-6.9625,-17.8173
SLB,53.31999969482422,53.32,2026-09-14,False,53.09000015258789,55.97999954223633,-4.89,58.63,BAJO,79134515200.0,26.01,16.48,3.04,12.91,6.17,12.71,8.53,3.73,12.05,0.47,1.44,4.0,YAHOO,1.7379,2.4326,1.2748,0.059142,2.5368,-0.8706,83.9,2026-10-23,39,,,yahoo,1.0,0.0,1.0,1.0,1.0,0.0,0.0,0.0,0.0,-7.2857,-6.512,12.7164,-4.5983,36.6325,39.5678,59.7898,59.7898,59.7898,-10.8209,-10.8209,-10.8209
COP,136.6699981689453,136.67,2026-09-14,False,136.10000610351562,139.81500244140625,-0.5,54.22,BAJO,164186783744.0,18.1,14.1,2.51,14.18,7.53,31.51,14.4,4.68,6.74,0.36,1.54,7.0,YAHOO,1.7379,2.4326,1.2748,0.059142,2.5368,-0.8706,83.9,2026-11-05,52,,,yahoo,1.0,0.0,1.0,1.0,1.0,1.0,1.0,0.0,1.0,1.795,4.8485,23.4358,17.6112,10.4033,27.7691,137.35,137.35,137.35,-0.4951,-0.4951,-0.4951
GPRK,11.470000267028809,11.47,2026-09-14,False,11.380000114440918,11.729999542236328,-0.09,87.77,BAJO,744354304.0,8.08,6.44,1.69,28.57,7.81,27.52,16.0,12.39,3.58,1.81,1.17,3.0,YAHOO,1.7379,2.4326,1.2748,0.059142,2.5368,-0.8706,83.9,2026-11-04,51,,,yahoo,1.0,0.0,1.0,0.0,0.0,1.0,0.0,0.0,0.0,-0.7785,16.6836,16.6148,2.6627,33.1818,43.8454,11.97,11.97,11.97,-4.1771,-4.1771,-4.1771
CEG,264.57000732421875,264.57,2026-09-14,False,264.32000732421875,276.5150146484375,-7.09,-17.96,BAJO,93739106304.0,25.89,19.83,2.94,15.06,3.89,8.66,11.08,-7.07,14.85,0.76,1.46,6.0,YAHOO,1.7379,2.4326,1.2748,0.059142,2.5368,-0.8706,83.9,2026-11-09,56,,,yahoo,1.0,0.0,1.0,1.0,1.0,0.0,1.0,0.0,1.0,-11.5032,-4.4011,2.6584,4.4202,45.8729,38.096,299.05,299.05,401.7045,-11.5298,-11.5298,-34.1381
FSLR,207.0399932861328,207.04,2026-09-14,False,203.7100067138672,211.6699981689453,-0.95,1.55,BAJO,22250545152.0,12.76,8.94,2.16,18.51,8.62,42.64,32.46,7.18,8.77,0.02,2.52,7.0,YAHOO,1.7379,2.4326,1.2748,0.059142,2.5368,-0.8706,83.9,2026-10-29,45,,,yahoo,1.0,1.0,1.0,1.0,1.0,1.0,0.0,0.0,1.0,1.2668,1.2619,-7.4971,-22.5469,47.0991,45.7872,222.4,263.11,318.25,-6.9065,-21.3105,-34.9442
CCJ,93.26000213623047,93.26,2026-09-14,False,91.97000122070312,94.43000030517578,-3.54,9.78,BAJO,40617807872.0,158.07,49.37,7.89,5.11,2.98,9.11,10.21,0.12,52.87,0.17,3.06,8.0,YAHOO,1.7379,2.4326,1.2748,0.059142,2.5368,-0.8706,83.9,2026-10-30,46,,,yahoo,1.0,1.0,1.0,1.0,1.0,1.0,0.0,1.0,1.0,-7.4251,-6.7493,2.506,-7.6268,20.3243,42.1339,107.36,108.89,134.09,-13.1334,-14.3539,-30.4497
PBR,21.149999618530273,21.15,2026-09-14,False,20.979999542236328,21.329999923706055,-0.24,73.25,BAJO,136298348544.0,5.34,5.31,1.44,30.27,10.07,44.68,24.32,69.14,1.85,0.76,0.85,7.0,YAHOO,1.7379,2.4326,1.2748,0.059142,2.5368,-0.8706,83.9,2026-11-10,57,,,yahoo,1.0,1.0,1.0,1.0,1.0,1.0,1.0,0.0,0.0,5.1193,14.1392,21.8944,18.4458,20.5247,32.3434,21.38,21.38,21.38,-1.0758,-1.0758,-1.0758
NEE,81.62999725341797,81.63,2026-09-14,False,81.51000213623047,82.7300033569336,-0.83,18.97,BAJO,170278404096.0,18.34,18.57,2.98,11.68,2.44,31.52,32.4,-10.43,19.78,1.62,0.53,5.0,YAHOO,1.7379,2.4326,1.2748,0.059142,2.5368,-0.8706,83.9,2026-10-27,43,,,yahoo,1.0,0.0,1.0,1.0,0.0,1.0,0.0,1.0,0.0,-2.1575,-0.2566,-7.6949,-4.3565,9.1816,14.1885,85.5765,89.1198,96.443,-4.6116,-8.4042,-15.3594
PAAS,48.63999938964844,48.64,2026-09-14,False,47.91999816894531,49.150001525878906,-3.38,33.54,BAJO,20167018496.0,14.39,10.33,2.76,22.41,11.77,37.81,32.03,6.54,9.48,0.11,2.94,7.0,YAHOO,1.7379,2.4326,1.2748,0.059142,2.5368,-0.8706,83.9,2026-11-16,63,,,yahoo,1.0,1.0,1.0,1.0,1.0,1.0,0.0,1.0,0.0,-5.2591,-8.0008,12.0248,1.3902,56.9777,51.6153,54.89,54.89,68.0597,-11.3864,-11.3864,-28.5334
HMY,19.6299991607666,19.63,2026-09-14,False,19.299999237060547,19.815000534057617,-4.89,34.64,BAJO,12268306432.0,6.79,5.99,2.64,48.05,25.06,47.17,29.57,80.29,0.3,0.13,0.84,,YAHOO,1.7379,2.4326,1.2748,0.059142,2.5368,-0.8706,83.9,,999,2026-08-27,18.0,yahoo,,,,,,,,,,-3.1574,-2.9659,29.571,23.7705,60.4629,61.5252,23.54,23.54,25.5485,-16.61,-16.61,-23.1658
B,42.43000030517578,42.43,2026-09-14,False,41.880001068115234,42.83000183105469,-2.86,50.74,BAJO,69834874880.0,10.96,9.67,2.56,27.01,13.44,51.34,31.6,7.29,6.05,0.13,3.01,9.0,YAHOO,1.7379,2.4326,1.2748,0.059142,2.5368,-0.8706,83.9,2026-11-09,56,,,yahoo,1.0,1.0,1.0,1.0,1.0,1.0,1.0,1.0,1.0,-5.1844,-6.696,18.6112,5.9534,32.4465,45.9557,48.6827,48.6827,52.117,-12.8437,-12.8437,-18.587
VALE,14.609999656677246,14.61,2026-09-14,False,14.600000381469727,14.8100004196167,-4.07,47.62,BAJO,62176690176.0,29.22,7.49,1.67,4.11,7.92,21.95,4.75,21.41,1.94,0.55,1.19,4.0,YAHOO,1.7379,2.4326,1.2748,0.059142,2.5368,-0.8706,83.9,2026-10-29,45,,,yahoo,1.0,0.0,1.0,1.0,0.0,1.0,0.0,0.0,0.0,-4.3222,-2.7944,2.4324,-4.3486,27.0653,30.8391,15.73,15.73,17.3257,-7.1202,-7.1202,-15.6743
LAC,2.890000104904175,2.89,2026-09-14,False,2.781100034713745,2.930000066757202,-0.69,-8.16,BAJO,1049194176.0,,-20.53,0.74,-3.7,-1.66,0.0,0.0,-128.57,-29.81,0.6,5.47,1.0,YAHOO,1.7379,2.4326,1.2748,0.059142,2.5368,-0.8706,83.9,2026-11-13,60,,,yahoo,0.0,0.0,0.0,1.0,0.0,0.0,0.0,0.0,0.0,-3.6667,-5.8632,-7.0739,-36.4835,81.7116,54.0126,3.25,4.37,10.05,-11.0769,-33.8673,-71.2438
RIO,97.63999938964844,97.64,2026-09-14,False,96.44000244140625,98.2699966430664,-2.32,62.5,BAJO,158797725696.0,13.23,11.29,2.42,19.31,8.11,28.05,19.58,2.26,7.95,0.32,1.42,4.0,YAHOO,1.7379,2.4326,1.2748,0.059142,2.5368,-0.8706,83.9,,999,2026-07-28,48.0,yahoo,1.0,0.0,1.0,1.0,0.0,0.0,0.0,1.0,0.0,-5.4517,-5.4792,6.5841,-5.2833,34.5658,29.1593,106.81,106.81,109.6326,-8.5853,-8.5853,-10.9389
GFI,43.119998931884766,43.12,2026-09-14,False,42.630001068115234,43.630001068115234,-4.39,18.4,BAJO,38415458304.0,8.78,8.33,8.56,58.68,28.52,55.0,38.65,10.87,11.37,0.29,1.87,9.0,YAHOO,1.7379,2.4326,1.2748,0.059142,2.5368,-0.8706,83.9,,999,2026-08-25,20.0,yahoo,1.0,1.0,1.0,1.0,1.0,1.0,1.0,1.0,1.0,-6.9643,-4.0494,33.6735,20.8189,38.439,57.0891,47.7852,47.7852,58.4424,-9.7628,-9.7628,-26.2179
GGB,4.889999866485596,4.89,2026-09-14,False,4.860000133514404,5.005000114440918,-5.05,62.49,BAJO,9593212928.0,21.26,8.3,0.92,4.18,5.03,12.75,3.22,27.6,1.95,0.28,2.87,5.0,YAHOO,1.7379,2.4326,1.2748,0.059142,2.5368,-0.8706,83.9,2026-10-26,42,,,yahoo,1.0,0.0,1.0,1.0,0.0,0.0,1.0,0.0,1.0,-1.6097,6.5359,2.9449,4.0285,48.4938,35.9692,5.15,5.15,5.15,-5.0485,-5.0485,-5.0485
FCX,69.33999633789062,69.34,2026-09-14,False,67.01000213623047,70.05999755859375,-2.43,55.09,BAJO,99573448704.0,33.99,16.77,4.95,14.75,7.58,33.4,11.39,2.17,12.61,0.32,2.07,6.0,YAHOO,1.7379,2.4326,1.2748,0.059142,2.5368,-0.8706,83.9,2026-10-22,38,,,yahoo,1.0,1.0,1.0,1.0,1.0,0.0,1.0,0.0,0.0,-4.6611,-9.3002,13.7281,1.6055,46.684,50.0581,79.91,79.91,79.91,-13.2274,-13.2274,-13.2274
HL,18.81999969482422,18.82,2026-09-14,False,18.59000015258789,19.190000534057617,-4.85,61.71,BAJO,12642681856.0,22.67,17.69,4.72,22.17,15.3,44.27,19.15,2.71,13.23,0.01,5.2,8.0,YAHOO,1.7379,2.4326,1.2748,0.059142,2.5368,-0.8706,83.9,2026-11-05,52,,,yahoo,1.0,1.0,1.0,1.0,1.0,1.0,0.0,1.0,1.0,-8.9942,-7.6546,21.7568,23.1105,48.4641,65.5423,21.43,21.43,31.7903,-12.1792,-12.1792,-40.7996
NEM,123.06999969482422,123.07,2026-09-14,False,121.625,123.67489624023438,-2.95,58.06,BAJO,129677910016.0,15.52,12.2,3.7,25.91,15.75,51.57,33.36,6.8,7.41,0.16,2.55,9.0,YAHOO,1.7379,2.4326,1.2748,0.059142,2.5368,-0.8706,83.9,2026-10-22,38,,,yahoo,1.0,1.0,1.0,1.0,1.0,1.0,1.0,1.0,1.0,-3.9191,-3.6364,29.5307,23.0432,31.9167,45.327,134.8593,134.8593,134.8593,-8.7419,-8.7419,-8.7419
GOLD,47.31999969482422,47.32,2026-09-14,False,46.880001068115234,48.46200180053711,-1.87,79.01,BAJO,1379603072.0,15.67,12.69,1.57,10.8,2.82,0.45,0.32,29.65,10.05,0.96,1.15,6.0,YAHOO,1.7379,2.4326,1.2748,0.059142,2.5368,-0.8706,83.9,2026-11-05,52,2026-09-02,12.0,yahoo,1.0,1.0,1.0,1.0,1.0,0.0,0.0,0.0,1.0,2.5797,3.8858,19.6158,6.9862,88.7435,54.8779,49.33,49.33,63.5992,-4.0746,-4.0746,-25.5965
MUX,18.600000381469727,18.6,2026-09-14,False,18.239999771118164,18.899999618530273,-4.76,33.07,BAJO,1111165696.0,14.76,4.57,1.57,13.54,-0.43,-5.92,32.46,-1.68,43.21,0.18,2.04,5.0,YAHOO,1.7379,2.4326,1.2748,0.059142,2.5368,-0.8706,83.9,2026-11-04,51,,,yahoo,1.0,1.0,1.0,0.0,0.0,1.0,0.0,1.0,0.0,-7.3244,-8.9128,5.7419,-1.6393,38.0704,56.3643,21.66,21.66,29.05,-14.1274,-14.1274,-35.9725
NXE,9.470000267028809,9.47,2026-09-14,False,9.279999732971191,9.604999542236328,-3.86,13.73,BAJO,6349692928.0,,-58.6,4.74,-17.67,-3.39,0.0,0.0,-4.7,-57.64,0.34,1.46,2.0,YAHOO,1.7379,2.4326,1.2748,0.059142,2.5368,-0.8706,83.9,2026-11-03,50,,,yahoo,0.0,0.0,0.0,1.0,0.0,1.0,0.0,0.0,0.0,-11.7428,-8.9423,2.3784,-3.8579,26.7311,49.1496,11.21,11.21,13.92,-15.5219,-15.5219,-31.9684
MP,50.68000030517578,50.68,2026-09-14,False,49.529998779296875,51.739898681640625,0.34,-21.62,BAJO,9026188288.0,,56.81,4.61,-3.58,-1.52,-14.72,-14.56,-4.8,219.75,0.41,9.51,4.0,YAHOO,1.7379,2.4326,1.2748,0.059142,2.5368,-0.8706,83.9,2026-11-05,52,,,yahoo,0.0,1.0,0.0,0.0,1.0,1.0,0.0,1.0,0.0,-7.0603,-9.7096,2.4666,-11.9374,38.5576,64.1221,60.17,60.88,98.65,-15.772,-16.7543,-48.6265
JPM,350.1300048828125,350.13,2026-09-14,False,347.5450134277344,355.25,-1.71,17.04,BAJO,930710749184.0,15.01,14.01,2.63,17.79,1.36,50.39,34.92,,,,,3.0,YAHOO,1.7379,2.4326,1.2748,0.059142,2.5368,-0.8706,83.9,2026-10-13,29,,,yahoo,1.0,0.0,0.0,0.0,1.0,0.0,1.0,0.0,0.0,-2.3729,-2.0944,0.9282,9.6618,17.149,18.4003,363.25,365.18,365.18,-3.6118,-4.1213,-4.1213
AXP,327.7799987792969,327.78,2026-09-14,False,323.7304992675781,328.24578857421875,0.95,2.76,BAJO,221353050112.0,19.88,16.26,6.45,34.38,3.79,20.32,16.14,,,1.72,1.55,4.0,YAHOO,1.7379,2.4326,1.2748,0.059142,2.5368,-0.8706,83.9,2026-10-23,39,,,yahoo,1.0,0.0,1.0,1.0,0.0,0.0,1.0,0.0,0.0,0.4967,-1.6267,-8.5537,0.9947,18.8446,23.4301,339.9,361.57,381.7816,-3.5658,-9.3454,-14.1446
MA,574.4199829101562,574.42,2026-09-14,False,565.9600219726562,578.8900146484375,0.92,0.67,BAJO,503197597696.0,31.63,24.95,89.81,241.2,24.06,61.11,46.34,3.37,23.25,4.4,1.06,9.0,YAHOO,1.7379,2.4326,1.2748,0.059142,2.5368,-0.8706,83.9,2026-10-29,45,,,yahoo,1.0,1.0,1.0,1.0,1.0,1.0,1.0,1.0,1.0,-0.827,-3.5075,7.3261,17.4299,11.9376,21.6872,599.86,599.86,599.86,-4.241,-4.241,-4.241
V,375.2799987792969,375.28,2026-09-14,False,371.6700134277344,377.1700134277344,1.3,13.1,BAJO,700665495552.0,31.97,25.01,19.89,61.19,19.11,66.13,50.78,2.91,22.52,0.68,0.98,6.0,YAHOO,1.7379,2.4326,1.2748,0.059142,2.5368,-0.8706,83.9,2026-10-27,43,,,yahoo,1.0,0.0,1.0,1.0,1.0,0.0,1.0,0.0,1.0,0.056,-1.6562,5.8673,16.6218,12.2538,20.1333,384.14,384.14,384.14,-2.3065,-2.3065,-2.3065
PYPL,54.029998779296875,54.03,2026-09-14,False,53.54999923706055,54.599998474121094,0.58,-17.07,BAJO,46220550144.0,10.21,9.34,2.35,24.5,4.62,16.97,14.36,9.57,7.58,0.72,1.29,9.0,YAHOO,1.7379,2.4326,1.2748,0.059142,2.5368,-0.8706,83.9,2026-10-27,43,,,yahoo,1.0,1.0,1.0,1.0,1.0,1.0,1.0,1.0,1.0,-1.6921,0.9382,-2.4433,30.4201,26.9408,53.0485,62.1465,62.1465,75.2904,-13.0603,-13.0603,-28.2378
PAGS,9.930000305175781,9.93,2026-09-14,False,9.8100004196167,10.03499984741211,-1.88,6.35,BAJO,2737165056.0,6.76,5.24,0.93,14.54,6.36,36.2,10.86,-67.82,0.34,0.12,1.55,7.0,YAHOO,1.7379,2.4326,1.2748,0.059142,2.5368,-0.8706,83.9,2026-11-11,58,,,yahoo,1.0,0.0,1.0,1.0,1.0,0.0,1.0,1.0,1.0,2.0555,11.6985,7.8176,10.8259,53.3446,32.9089,10.13,10.13,11.7187,-1.9743,-1.9743,-15.2634
NU,14.40999984741211,14.41,2026-09-14,False,14.220499992370605,14.550000190734863,-1.44,-7.9,BAJO,69610225664.0,19.74,12.57,5.25,31.63,4.96,50.15,42.73,,,,,4.0,YAHOO,1.7379,2.4326,1.2748,0.059142,2.5368,-0.8706,83.9,2026-11-12,59,,,yahoo,1.0,0.0,1.0,1.0,1.0,0.0,0.0,0.0,0.0,-6.2459,0.7692,3.8184,18.2117,19.3276,40.6423,15.68,15.68,18.76,-8.0995,-8.0995,-23.1876
XP,19.594999313354492,19.595,2026-09-14,False,19.145000457763672,19.649999618530273,-1.33,8.45,BAJO,9943345152.0,9.9,8.21,2.16,22.56,1.36,31.18,28.54,,,6.42,1.49,7.0,YAHOO,1.7379,2.4326,1.2748,0.059142,2.5368,-0.8706,83.9,2026-11-16,63,2026-08-17,28.0,yahoo,1.0,1.0,1.0,1.0,1.0,0.0,1.0,1.0,0.0,-1.3343,10.957,16.1529,22.3158,63.338,41.328,20.0,20.0,22.6565,-2.025,-2.025,-13.5128
AIG,76.29000091552734,76.29,2026-09-14,False,75.5,76.59500122070312,1.27,2.93,BAJO,39891521536.0,13.92,8.68,0.99,7.22,1.76,19.41,11.09,18.46,4.73,0.22,0.61,5.0,YAHOO,1.7379,2.4326,1.2748,0.059142,2.5368,-0.8706,83.9,2026-11-04,51,,,yahoo,1.0,1.0,1.0,1.0,0.0,0.0,1.0,0.0,0.0,0.105,-0.8319,-0.6382,1.3955,8.4776,21.5405,77.38,81.06,85.514,-1.4086,-5.8845,-10.7865
BRK-B,514.9500122070312,514.95,2026-09-14,False,510.7300109863281,516.4500122070312,0.9,6.29,BAJO,1102358511616.0,12.95,23.2,0.0,12.12,6.01,32.56,22.3,6.53,-1.79,0.17,2.89,4.0,YAHOO,1.7379,2.4326,1.2748,0.059142,2.5368,-0.8706,83.9,2026-11-07,54,,,yahoo,1.0,0.0,1.0,0.0,1.0,0.0,1.0,0.0,0.0,1.7627,1.9703,5.4469,5.2529,6.331,14.7604,514.95,529.42,529.42,0.0,-2.7332,-2.7332
BBD,3.5399999618530273,3.54,2026-09-14,False,3.4700000286102295,3.5450000762939453,-1.67,17.8,BAJO,37420318720.0,8.23,6.51,1.05,13.76,1.07,34.52,26.07,,,,,4.0,YAHOO,1.7379,2.4326,1.2748,0.059142,2.5368,-0.8706,83.9,2026-11-04,51,,,yahoo,1.0,1.0,0.0,0.0,1.0,0.0,1.0,0.0,0.0,2.0173,9.0495,-1.9841,3.4749,53.1559,30.5358,3.6,3.7214,4.1061,-1.6667,-4.8746,-13.7878
AEG,9.0600004196167,9.06,2026-09-14,False,8.979999542236328,9.085000038146973,0.0,23.42,BAJO,13408715776.0,11.92,9.68,1.3,11.07,0.1,5.82,8.62,-32.18,,0.43,1.16,6.0,YAHOO,1.7379,2.4326,1.2748,0.059142,2.5368,-0.8706,83.9,,999,2026-08-20,25.0,yahoo,1.0,1.0,1.0,0.0,1.0,0.0,1.0,0.0,1.0,-0.8753,1.2789,2.5058,10.6327,5.4148,18.7159,9.2,9.2766,9.2766,-1.5217,-2.3344,-2.3344
SAN,14.739999771118164,14.74,2026-09-14,False,14.539199829101562,14.809900283813477,-1.47,48.68,BAJO,213942337536.0,14.31,10.3,1.65,13.11,0.78,43.44,33.46,,,,,4.0,YAHOO,1.7379,2.4326,1.2748,0.059142,2.5368,-0.8706,83.9,2026-10-28,44,,,yahoo,1.0,1.0,0.0,0.0,1.0,0.0,1.0,0.0,0.0,-1.2726,0.4772,6.657,14.5299,27.0128,28.5842,15.05,15.05,15.05,-2.0598,-2.0598,-2.0598
GGAL,42.959999084472656,42.96,2026-09-14,False,42.650001525878906,43.869998931884766,-2.05,55.25,BAJO,7279719424.0,122.74,6.13,11.35,1.09,0.2,17.32,1.5,,,,,1.0,YAHOO,1.7379,2.4326,1.2748,0.059142,2.5368,-0.8706,83.9,2026-11-24,71,2026-08-25,20.0,yahoo,1.0,0.0,0.0,0.0,0.0,0.0,0.0,0.0,0.0,-3.156,1.7045,-18.2605,-21.9503,24.5312,46.1683,45.01,56.2493,58.6267,-4.5545,-23.6257,-26.7228
MELI,1900.239990234375,1900.24,2026-09-14,False,1876.0009765625,1911.469970703125,0.15,-17.12,BAJO,96336084992.0,51.62,33.44,12.3,27.5,4.31,6.72,5.3,0.37,26.63,1.69,1.12,5.0,YAHOO,1.7379,2.4326,1.2748,0.059142,2.5368,-0.8706,83.9,2026-11-04,51,,,yahoo,1.0,0.0,1.0,1.0,1.0,0.0,1.0,0.0,0.0,-3.9487,-3.3572,3.0952,19.542,27.5971,35.8865,2006.58,2006.58,2510.97,-5.2996,-5.2996,-24.3225
WFC,88.70999908447266,88.71,2026-09-14,False,87.38310241699219,90.4800033569336,-1.75,12.87,BAJO,268258967552.0,12.89,11.23,1.67,12.57,1.08,37.39,27.23,,,,,3.0,YAHOO,1.7379,2.4326,1.2748,0.059142,2.5368,-0.8706,83.9,2026-10-13,29,,,yahoo,1.0,0.0,0.0,0.0,1.0,0.0,1.0,0.0,0.0,-1.4005,2.3301,1.9533,6.556,25.2443,23.1075,90.29,90.29,94.8289,-1.7499,-1.7499,-6.4526
BNY,157.66000366210938,157.66,2026-09-14,False,156.66000366210938,163.10000610351562,-3.07,52.38,BAJO,106972962816.0,18.4,15.38,2.68,14.12,1.26,40.05,29.41,,,,,6.0,YAHOO,1.7379,2.4326,1.2748,0.059142,2.5368,-0.8706,83.9,2026-10-15,31,,,yahoo,1.0,1.0,1.0,1.0,1.0,0.0,1.0,0.0,0.0,-4.3557,-2.9785,-2.5023,9.9372,24.1655,22.7441,164.84,164.84,164.84,-4.3557,-4.3557,-4.3557
BCS,25.860000610351562,25.86,2026-09-14,False,25.514999389648438,26.079999923706055,-3.15,27.25,BAJO,86685040640.0,9.87,7.75,0.98,10.09,0.47,42.95,27.87,,,,,6.0,YAHOO,1.7379,2.4326,1.2748,0.059142,2.5368,-0.8706,83.9,2026-10-22,38,,,yahoo,1.0,1.0,1.0,1.0,0.0,0.0,1.0,0.0,1.0,-4.2222,-3.723,-7.7585,2.6716,32.9301,31.2072,27.8,28.2428,28.2428,-6.9784,-8.4368,-8.4368
HSBC,103.94000244140625,103.94,2026-09-14,False,103.37999725341797,104.68000030517578,-1.29,58.09,BAJO,355970187264.0,14.85,10.97,8.25,13.1,0.78,58.77,37.8,,,,,5.0,YAHOO,1.7379,2.4326,1.2748,0.059142,2.5368,-0.8706,83.9,2026-10-27,43,,,yahoo,1.0,0.0,1.0,1.0,1.0,0.0,1.0,0.0,0.0,-2.9596,0.396,3.9637,12.703,22.148,20.9482,107.11,107.3417,107.3417,-2.9596,-3.169,-3.169
BHP,84.73999786376953,84.74,2026-09-14,False,83.37999725341797,85.33499908447266,-2.77,62.65,BAJO,215364747264.0,21.95,18.09,4.23,24.0,13.43,43.34,16.73,4.45,7.71,0.5,1.89,7.0,YAHOO,1.7379,2.4326,1.2748,0.059142,2.5368,-0.8706,83.9,,999,2026-08-17,28.0,yahoo,1.0,0.0,1.0,1.0,1.0,1.0,0.0,1.0,1.0,-6.2818,-8.9971,1.2977,-4.6584,40.8849,34.8543,96.5823,96.5823,96.5823,-12.2613,-12.2613,-12.2613
LYG,5.900000095367432,5.9,2026-09-14,False,5.809999942779541,5.934999942779541,-1.83,33.85,BAJO,85212348416.0,13.72,9.22,1.53,11.34,0.56,44.96,26.43,,,,,6.0,YAHOO,1.7379,2.4326,1.2748,0.059142,2.5368,-0.8706,83.9,2026-10-29,45,,,yahoo,1.0,1.0,1.0,1.0,0.0,0.0,1.0,0.0,1.0,-2.9605,-0.3378,-1.3203,8.727,27.2941,27.8674,6.15,6.21,6.21,-4.065,-4.9919,-4.9919
ING,36.959999084472656,36.96,2026-09-14,False,36.54999923706055,37.1349983215332,-0.83,51.44,BAJO,105350922240.0,13.74,11.54,1.81,17.12,0.8,49.1,34.49,,,,,2.0,YAHOO,1.7379,2.4326,1.2748,0.059142,2.5368,-0.8706,83.9,2026-10-29,45,,,yahoo,1.0,0.0,0.0,0.0,0.0,0.0,1.0,0.0,0.0,-0.5917,4.8808,12.4005,23.9345,20.8791,26.1276,37.27,37.27,37.27,-0.8318,-0.8318,-0.8318
IBN,29.260000228881836,29.26,2026-09-14,False,29.079999923706055,29.434999465942383,-0.44,-6.3,BAJO,105009758208.0,17.95,15.56,2.62,16.07,2.11,38.51,27.53,,,,,4.0,YAHOO,1.7379,2.4326,1.2748,0.059142,2.5368,-0.8706,83.9,2026-10-17,33,,,yahoo,1.0,0.0,1.0,1.0,1.0,0.0,0.0,0.0,0.0,-3.4323,-2.075,0.3571,6.1712,23.9522,19.7755,30.58,30.58,32.6665,-4.3165,-4.3165,-10.4281
MUFG,23.889999389648438,23.89,2026-09-14,False,23.729999542236328,23.979999542236328,0.0,53.98,BAJO,268900220928.0,15.51,23.19,1.8,9.46,0.51,45.6,27.45,,,,,1.0,YAHOO,1.7379,2.4326,1.2748,0.059142,2.5368,-0.8706,83.9,2026-11-12,59,,,yahoo,1.0,0.0,0.0,0.0,0.0,0.0,0.0,0.0,0.0,-0.8302,4.3231,4.9187,18.502,29.6272,29.4968,24.13,24.13,24.13,-0.9946,-0.9946,-0.9946
GS,988.4500122070312,988.45,2026-09-14,False,978.9299926757812,1013.6900024414062,-3.96,29.63,BAJO,287808356352.0,15.27,13.35,2.73,16.9,1.07,42.18,31.04,,,7.25,1.56,4.0,YAHOO,1.7379,2.4326,1.2748,0.059142,2.5368,-0.8706,83.9,2026-10-13,29,,,yahoo,1.0,1.0,0.0,0.0,0.0,0.0,1.0,0.0,1.0,-4.8295,-3.9361,-13.7821,-6.5358,32.293,36.4927,1053.7192,1146.4551,1146.4551,-6.1942,-13.7821,-13.7821
BX,128.2899932861328,128.29,2026-09-14,False,126.98999786376953,129.5800018310547,-0.17,-25.84,BAJO,153344753664.0,28.7,17.14,11.38,31.37,14.33,54.36,22.73,,,0.68,0.87,5.0,YAHOO,1.7379,2.4326,1.2748,0.059142,2.5368,-0.8706,83.9,2026-10-22,38,,,yahoo,1.0,0.0,1.0,1.0,1.0,0.0,0.0,0.0,1.0,-5.773,-9.9024,2.006,5.545,44.1108,37.1044,145.09,149.32,181.3246,-11.579,-14.0839,-29.2484
ITUB,8.229999542236328,8.23,2026-09-14,False,8.050000190734863,8.270000457763672,-1.2,29.87,BAJO,90709999616.0,10.04,8.33,2.13,21.48,1.58,39.07,32.58,,,,,4.0,YAHOO,1.7379,2.4326,1.2748,0.059142,2.5368,-0.8706,83.9,2026-11-03,50,,,yahoo,1.0,1.0,1.0,0.0,0.0,0.0,1.0,0.0,0.0,0.9816,9.7762,-2.531,4.0805,37.173,30.5895,8.33,8.6136,9.3754,-1.2005,-4.4533,-12.2173
BAC,59.470001220703125,59.47,2026-09-14,False,58.92100143432617,62.435001373291016,-5.14,21.58,BAJO,415858753536.0,13.73,11.24,1.51,11.2,0.97,38.3,29.52,,,,,5.0,YAHOO,1.7379,2.4326,1.2748,0.059142,2.5368,-0.8706,83.9,2026-10-14,30,,,yahoo,1.0,1.0,1.0,0.0,0.0,0.0,1.0,0.0,1.0,-5.1212,-4.0863,-2.9495,6.7001,42.2391,20.7682,63.904,64.481,64.481,-6.9385,-7.7713,-7.7713
RACE,409.0799865722656,409.08,2026-09-14,False,401.8599853515625,410.510009765625,-1.14,-12.07,BAJO,71855898624.0,37.88,32.07,16.97,45.44,13.61,31.06,22.25,1.39,29.83,0.86,2.43,9.0,YAHOO,1.7379,2.4326,1.2748,0.059142,2.5368,-0.8706,83.9,2026-11-03,50,,,yahoo,1.0,1.0,1.0,1.0,1.0,1.0,1.0,1.0,1.0,-0.2122,-2.7251,8.8732,15.263,22.3798,29.169,436.54,436.54,498.3386,-6.2904,-6.2904,-17.9112
C,136.17999267578125,136.18,2026-09-14,False,132.65499877929688,137.92999267578125,-1.9,40.88,BAJO,228433330176.0,14.69,10.57,1.19,8.53,0.66,36.23,21.83,,,,,3.0,YAHOO,1.7379,2.4326,1.2748,0.059142,2.5368,-0.8706,83.9,2026-10-13,29,,,yahoo,1.0,0.0,0.0,0.0,1.0,0.0,1.0,0.0,0.0,-1.1182,2.468,1.4696,-2.1152,19.4238,27.6788,138.82,144.9331,144.9331,-1.9018,-6.0394,-6.0394
SCHW,107.30999755859375,107.31,2026-09-14,False,106.43000030517578,108.0,0.06,19.53,BAJO,185575014400.0,19.55,13.75,4.22,20.27,2.07,52.28,38.79,,,1.51,0.66,7.0,YAHOO,1.7379,2.4326,1.2748,0.059142,2.5368,-0.8706,83.9,2026-10-15,31,,,yahoo,1.0,1.0,1.0,1.0,1.0,0.0,1.0,0.0,1.0,-1.8117,-2.5872,4.7017,18.1371,7.164,22.0863,113.65,113.65,113.65,-5.5785,-5.5785,-5.5785
PG,146.1300048828125,146.13,2026-09-14,False,145.7550048828125,147.72000122070312,0.59,-2.56,BAJO,339412123648.0,22.07,19.75,6.37,30.29,10.72,22.08,18.44,3.91,14.7,0.64,0.68,6.0,YAHOO,1.7379,2.4326,1.2748,0.059142,2.5368,-0.8706,83.9,2026-10-22,38,,,yahoo,1.0,0.0,1.0,1.0,1.0,0.0,1.0,0.0,1.0,-0.2117,1.6344,-0.56,-1.5969,24.2969,19.5293,147.64,151.6182,164.7207,-1.0228,-3.6197,-11.2862
KO,89.3499984741211,89.35,2026-09-14,False,88.86499786376953,90.36000061035156,1.2,39.24,BAJO,384432734208.0,26.83,25.34,10.64,42.05,9.4,34.87,28.56,1.36,24.12,1.16,1.3,7.0,YAHOO,1.7379,2.4326,1.2748,0.059142,2.5368,-0.8706,83.9,2026-10-20,36,,,yahoo,1.0,1.0,1.0,0.0,1.0,1.0,1.0,1.0,0.0,1.4534,-0.3458,8.3687,8.8439,14.0216,22.2188,91.99,91.99,91.99,-2.8699,-2.8699,-2.8699
PEP,136.33999633789062,136.34,2026-09-14,False,136.14500427246094,138.8000030517578,0.01,2.4,BAJO,186240434176.0,17.87,15.19,8.43,51.51,8.93,16.84,10.79,4.21,12.11,2.39,0.93,5.0,YAHOO,1.7379,2.4326,1.2748,0.059142,2.5368,-0.8706,83.9,2026-10-08,24,,,yahoo,1.0,0.0,1.0,1.0,0.0,1.0,1.0,0.0,0.0,-0.9373,-2.3205,1.7699,-4.4871,9.5784,22.334,143.1409,143.4476,165.4535,-4.7512,-4.9548,-17.5962
MO,70.61000061035156,70.61,2026-09-14,False,70.05000305175781,71.04460144042969,2.36,15.87,BAJO,117900615680.0,14.87,12.04,-44.19,,29.49,76.12,39.0,7.65,8.73,,0.52,6.0,YAHOO,1.7379,2.4326,1.2748,0.059142,2.5368,-0.8706,83.9,2026-10-29,45,,,yahoo,1.0,0.0,1.0,1.0,0.0,1.0,1.0,1.0,0.0,2.5116,2.8551,0.1276,-0.3809,19.2865,31.4029,70.61,74.92,74.92,0.0,-5.7528,-5.7528
WMT,109.08000183105469,109.08,2026-09-14,False,108.0,109.73500061035156,1.8,7.61,BAJO,868067246080.0,39.52,33.77,9.21,22.31,6.41,3.45,3.0,0.82,21.23,0.72,0.77,7.0,YAHOO,1.7379,2.4326,1.2748,0.059142,2.5368,-0.8706,83.9,2026-11-19,66,2026-08-20,25.0,yahoo,1.0,1.0,1.0,1.0,1.0,0.0,1.0,1.0,0.0,1.8107,5.8105,-2.8338,-9.6653,16.0858,29.1145,114.9249,119.1348,133.8795,-5.0858,-8.4398,-18.5237
TGT,158.6999969482422,158.7,2026-09-14,False,157.02499389648438,160.11000061035156,1.84,87.98,BAJO,72096890880.0,16.45,16.63,4.04,26.41,5.69,6.04,4.08,4.76,9.84,1.08,0.99,6.0,YAHOO,1.7379,2.4326,1.2748,0.059142,2.5368,-0.8706,83.9,2026-11-18,65,2026-08-19,26.0,yahoo,1.0,0.0,1.0,1.0,1.0,1.0,1.0,0.0,0.0,-3.4906,-2.7454,15.6397,18.2564,33.5469,32.7157,169.89,169.89,169.89,-6.5866,-6.5866,-6.5866
MCD,257.489990234375,257.49,2026-09-14,False,254.64500427246094,258.45001220703125,1.96,-11.04,BAJO,182210609152.0,20.93,18.42,-178.07,,13.25,46.48,31.72,3.44,15.57,,1.08,6.0,YAHOO,1.7379,2.4326,1.2748,0.059142,2.5368,-0.8706,83.9,2026-11-05,52,,,yahoo,1.0,0.0,1.0,1.0,1.0,0.0,1.0,1.0,0.0,0.704,-2.1433,-2.1249,-8.9498,19.7496,22.9282,270.6165,280.2182,334.5029,-4.8506,-8.1109,-23.0231
SBUX,99.06999969482422,99.07,2026-09-14,False,98.19999694824219,99.87999725341797,0.33,24.41,BAJO,112939802624.0,57.27,31.74,-14.71,,8.02,12.92,5.17,2.71,23.29,,0.76,5.0,YAHOO,1.7379,2.4326,1.2748,0.059142,2.5368,-0.8706,83.9,2026-10-28,44,,,yahoo,1.0,0.0,1.0,1.0,1.0,0.0,0.0,0.0,1.0,-5.1689,-8.1409,-5.2049,-3.3006,14.9028,21.6952,108.49,108.49,108.49,-8.6828,-8.6828,-8.6828
NKE,37.04999923706055,37.05,2026-09-14,False,36.61000061035156,37.40999984741211,0.68,-46.07,BAJO,54963625984.0,17.64,16.17,3.7,22.14,6.97,12.69,6.7,3.44,11.56,0.74,1.96,4.0,YAHOO,1.7379,2.4326,1.2748,0.059142,2.5368,-0.8706,83.9,2026-10-01,17,,,yahoo,1.0,0.0,1.0,0.0,1.0,0.0,0.0,1.0,0.0,-3.5156,-5.4469,-12.4549,-16.6636,23.3749,32.1233,40.6191,44.7256,72.1898,-8.7868,-17.1614,-48.6769
MDLZ,62.38999938964844,62.39,2026-09-14,False,62.09000015258789,63.81999969482422,-0.08,6.33,BAJO,79628861440.0,22.85,18.56,3.0,13.34,4.12,21.98,8.86,2.83,16.45,0.83,0.6,5.0,YAHOO,1.7379,2.4326,1.2748,0.059142,2.5368,-0.8706,83.9,2026-10-27,43,,,yahoo,1.0,0.0,1.0,1.0,0.0,0.0,1.0,0.0,1.0,1.8114,0.0481,6.25,-0.1223,10.3597,26.2573,64.7,64.99,64.99,-3.5703,-4.0006,-4.0006
HSY,173.67999267578125,173.68,2026-09-14,False,173.5,178.02499389648438,0.21,-2.05,BAJO,34896769024.0,23.76,17.6,7.65,32.81,9.92,23.12,12.24,5.0,14.71,1.3,1.18,4.0,YAHOO,1.7379,2.4326,1.2748,0.059142,2.5368,-0.8706,83.9,2026-11-05,52,,,yahoo,1.0,0.0,1.0,1.0,0.0,1.0,0.0,0.0,0.0,0.3061,-2.9992,2.8047,-3.6411,13.9528,27.1395,189.94,189.94,232.6481,-8.5606,-8.5606,-25.3465
ANF,140.6199951171875,140.62,2026-09-14,False,140.52999877929688,144.9499969482422,-3.17,62.01,BAJO,5967121920.0,12.15,10.9,4.41,40.61,13.63,19.94,10.04,7.3,7.45,0.94,1.41,5.0,YAHOO,1.7379,2.4326,1.2748,0.059142,2.5368,-0.8706,83.9,2026-11-25,72,2026-08-26,19.0,yahoo,1.0,0.0,1.0,1.0,0.0,1.0,1.0,0.0,0.0,-6.0466,-5.2554,44.6857,55.2611,55.1889,88.265,152.08,152.08,152.08,-7.5355,-7.5355,-7.5355
EBAY,108.98999786376953,108.99,2026-09-14,False,107.75,110.62999725341797,1.15,23.68,BAJO,48500547584.0,22.9,16.19,10.4,46.61,9.15,21.57,18.57,3.26,16.73,1.53,1.02,5.0,YAHOO,1.7379,2.4326,1.2748,0.059142,2.5368,-0.8706,83.9,2026-11-04,51,,,yahoo,1.0,1.0,1.0,0.0,0.0,0.0,1.0,0.0,1.0,5.396,3.1907,-3.0495,0.655,24.0629,33.1474,108.99,117.084,118.2715,0.0,-6.913,-7.8476
ABEV,3.0299999713897705,3.03,2026-09-14,False,3.0,3.049999952316284,0.33,31.94,BAJO,46711955456.0,15.15,14.13,2.71,18.4,10.3,23.74,18.41,42.51,1.2,0.03,1.02,8.0,YAHOO,1.7379,2.4326,1.2748,0.059142,2.5368,-0.8706,83.9,2026-10-29,45,,,yahoo,1.0,1.0,1.0,1.0,1.0,0.0,1.0,1.0,1.0,0.3311,5.9441,0.0,-6.5029,14.4466,20.0779,3.04,3.23,3.4202,-0.3289,-6.192,-11.4095
UL,63.56999969482422,63.57,2026-09-14,False,62.9900016784668,63.85499954223633,2.5,-4.74,BAJO,136883036160.0,21.48,16.13,7.28,31.87,8.29,20.34,18.32,4.92,14.88,1.75,0.74,7.0,YAHOO,1.7379,2.4326,1.2748,0.059142,2.5368,-0.8706,83.9,2026-10-28,44,2026-07-28,48.0,finnhub,1.0,1.0,1.0,0.0,0.0,1.0,1.0,1.0,1.0,-0.9813,-2.3052,4.3201,8.7996,30.7661,28.0832,65.32,66.3122,72.7099,-2.6791,-4.1353,-12.5704
URBN,77.01000213623047,77.01,2026-09-14,False,76.20999908447266,78.06999969482422,-2.0,8.53,BAJO,6596690944.0,12.05,11.13,2.53,20.94,8.02,11.62,8.79,1.47,9.32,0.43,1.58,8.0,YAHOO,1.7379,2.4326,1.2748,0.059142,2.5368,-0.8706,83.9,2026-11-25,72,2026-08-26,19.0,yahoo,1.0,1.0,1.0,1.0,0.0,1.0,1.0,1.0,1.0,-4.8907,-5.0314,5.5655,0.013,49.6197,42.6438,82.95,82.95,82.95,-7.1609,-7.1609,-7.1609
CL,87.88999938964844,87.89,2026-09-14,False,87.70999908447266,88.70999908447266,1.26,11.22,BAJO,70063513600.0,34.6,21.39,296.93,267.37,15.84,20.97,9.68,4.94,15.24,13.88,1.03,5.0,YAHOO,1.7379,2.4326,1.2748,0.059142,2.5368,-0.8706,83.9,2026-10-30,46,,,yahoo,1.0,0.0,1.0,1.0,1.0,0.0,1.0,0.0,0.0,-0.9913,-3.1515,-3.363,-1.1807,16.5669,21.6508,92.55,94.5877,97.966,-5.0351,-7.081,-10.2852
COST,918.9099731445312,918.91,2026-09-14,False,910.7899780273438,921.6400146484375,1.56,-2.21,BAJO,407517102080.0,46.18,40.61,24.65,29.15,8.67,3.67,3.01,1.71,29.43,0.6,1.07,6.0,YAHOO,1.7379,2.4326,1.2748,0.059142,2.5368,-0.8706,83.9,2026-09-24,10,,,yahoo,1.0,0.0,1.0,1.0,1.0,1.0,0.0,1.0,0.0,0.3462,-2.8092,0.418,-6.3093,15.7983,20.3226,971.4,974.03,1092.5829,-5.4035,-5.659,-15.8956
KMB,99.08999633789062,99.09,2026-09-14,False,98.9800033569336,100.9198989868164,0.96,-15.46,BAJO,32955256832.0,19.58,13.23,18.83,104.91,10.2,19.0,11.79,2.86,11.02,3.49,0.91,4.0,YAHOO,1.7379,2.4326,1.2748,0.059142,2.5368,-0.8706,83.9,2026-11-03,50,,,yahoo,1.0,0.0,1.0,1.0,1.0,0.0,0.0,0.0,0.0,-5.5926,-8.4628,-5.8678,-1.9659,34.9325,27.9342,110.0495,113.3795,121.7569,-9.9587,-12.6032,-18.6165
ORLY,87.22000122070312,87.22,2026-09-14,False,86.33000183105469,87.44000244140625,1.63,-16.42,BAJO,70557556736.0,27.69,23.89,-38.78,,13.67,20.15,14.27,2.23,18.89,,0.75,7.0,YAHOO,1.7379,2.4326,1.2748,0.059142,2.5368,-0.8706,83.9,2026-10-28,44,,,yahoo,1.0,0.0,1.0,1.0,1.0,1.0,1.0,1.0,0.0,-0.7623,-1.4463,5.4273,-4.1749,14.9961,30.9483,91.2,93.53,107.81,-4.364,-6.7465,-19.0984
PM,194.86000061035156,194.86,2026-09-14,False,192.85000610351562,195.35000610351562,1.99,26.44,BAJO,303711387648.0,26.77,21.26,-35.38,,14.59,40.0,25.56,3.2,19.03,,0.98,7.0,YAHOO,1.7379,2.4326,1.2748,0.059142,2.5368,-0.8706,83.9,2026-10-21,37,,,yahoo,1.0,1.0,1.0,1.0,1.0,1.0,0.0,1.0,0.0,6.7551,1.5478,7.7289,6.6064,13.6808,28.4165,194.86,200.17,200.17,0.0,-2.6527,-2.6527
ETSY,74.45999908447266,74.46,2026-09-14,False,72.04499816894531,75.0999984741211,2.34,30.35,BAJO,6834068480.0,23.56,10.8,-4.93,,10.53,18.74,7.11,2.48,18.33,,1.48,5.0,YAHOO,1.7379,2.4326,1.2748,0.059142,2.5368,-0.8706,83.9,2026-11-04,51,,,yahoo,1.0,0.0,1.0,1.0,1.0,0.0,1.0,0.0,0.0,-2.6794,-10.9224,-13.1561,7.1675,31.9339,46.1478,87.03,87.03,87.03,-14.4433,-14.4433,-14.4433
TM,197.55999755859375,197.56,2026-09-14,False,195.7899932861328,197.58999633789062,-0.32,1.67,BAJO,233947267072.0,8.64,12.52,16.07,12.4,2.34,7.86,8.63,-1538.79,6.3,1.15,1.17,3.0,YAHOO,1.7379,2.4326,1.2748,0.059142,2.5368,-0.8706,83.9,2026-11-05,52,,,yahoo,1.0,0.0,1.0,1.0,0.0,0.0,0.0,0.0,0.0,0.2283,1.5837,11.6663,12.9237,24.3893,23.8781,199.87,199.87,248.29,-1.1558,-1.1558,-20.4318
HMC,32.4900016784668,32.49,2026-09-14,False,32.150001525878906,32.6150016784668,-0.09,-2.15,BAJO,42161373184.0,,,0.52,-0.76,-0.15,8.76,-0.75,635.07,7.16,1.14,1.29,3.0,YAHOO,1.7379,2.4326,1.2748,0.059142,2.5368,-0.8706,83.9,2026-11-05,52,,,yahoo,0.0,0.0,1.0,1.0,0.0,0.0,1.0,0.0,0.0,-0.551,1.9774,16.4934,22.882,19.6113,30.8854,33.37,33.37,34.12,-2.6371,-2.6371,-4.7772
NSANY,4.099999904632568,4.1,2026-09-14,False,4.070000171661377,4.110000133514404,-0.24,-16.47,BAJO,7167583744.0,,4.77,0.23,-7.65,0.69,2.63,-3.37,-18968.5,15.32,1.72,1.54,4.0,YAHOO,1.7379,2.4326,1.2748,0.059142,2.5368,-0.8706,83.9,2026-11-05,52,,,yahoo,0.0,1.0,1.0,1.0,0.0,1.0,0.0,0.0,0.0,0.4902,0.9852,5.1282,-4.2056,33.3851,38.6826,4.26,4.51,6.05,-3.7559,-9.0909,-32.2314
GM,87.16000366210938,87.16,2026-09-14,False,85.4800033569336,87.38500213623047,1.8,50.66,BAJO,78832001024.0,38.91,5.87,1.23,3.16,2.25,3.2,1.05,27.82,10.98,2.02,1.14,5.0,YAHOO,1.7379,2.4326,1.2748,0.059142,2.5368,-0.8706,83.9,2026-10-20,36,,,yahoo,1.0,0.0,1.0,1.0,0.0,1.0,1.0,0.0,0.0,-0.6837,1.2406,12.4939,7.166,37.1311,29.0326,87.76,90.1136,90.1136,-0.6837,-3.2777,-3.2777
ARCO,7.940000057220459,7.94,2026-09-14,False,7.900000095367432,8.010000228881836,-0.87,22.32,BAJO,1672664704.0,6.46,9.24,2.01,36.36,6.91,5.56,5.16,7.71,5.88,2.64,0.88,6.0,YAHOO,1.7379,2.4326,1.2748,0.059142,2.5368,-0.8706,83.9,2026-11-18,65,,,yahoo,1.0,1.0,1.0,1.0,0.0,1.0,1.0,0.0,0.0,-2.8152,-0.75,-3.0525,-9.337,5.0058,23.2827,8.25,8.48,9.4222,-3.7576,-6.3679,-15.7311
HD,310.8699951171875,310.87,2026-09-14,False,306.5,312.6698913574219,0.69,-22.85,BAJO,310151774208.0,21.75,19.4,18.67,104.3,12.14,12.86,8.41,3.47,14.98,3.8,1.08,4.0,YAHOO,1.7379,2.4326,1.2748,0.059142,2.5368,-0.8706,83.9,2026-11-17,64,2026-08-18,27.0,yahoo,1.0,0.0,1.0,1.0,1.0,0.0,0.0,0.0,0.0,-3.1708,-5.1574,-8.2823,-4.6375,19.8724,27.004,341.7813,355.2818,411.069,-9.0442,-12.5005,-24.3752
DIS,108.58999633789062,108.59,2026-09-14,False,107.20500183105469,109.41999816894531,1.91,-3.19,BAJO,187500920832.0,22.39,14.52,1.71,8.01,4.81,19.3,8.7,2.59,11.22,0.39,0.71,8.0,YAHOO,1.7379,2.4326,1.2748,0.059142,2.5368,-0.8706,83.9,2026-11-12,59,,,yahoo,1.0,1.0,1.0,1.0,1.0,0.0,1.0,1.0,1.0,3.1146,0.4533,11.7756,9.3783,19.5083,27.3889,111.25,111.25,114.9988,-2.391,-2.391,-5.573
JNJ,266.32000732421875,266.32,2026-09-14,False,266.2200012207031,271.5350036621094,0.28,55.03,BAJO,641804206080.0,30.86,21.51,7.55,25.74,8.6,29.19,21.48,2.63,19.16,0.58,1.09,3.0,YAHOO,1.7379,2.4326,1.2748,0.059142,2.5368,-0.8706,83.9,2026-10-13,29,,,yahoo,1.0,1.0,1.0,0.0,0.0,0.0,0.0,0.0,0.0,-3.2373,-0.6417,8.3449,11.1112,6.73,25.1793,278.43,278.43,278.43,-4.3494,-4.3494,-4.3494
LLY,1138.280029296875,1138.28,2026-09-14,False,1130.5001220703125,1153.449951171875,2.02,54.62,BAJO,1015051386880.0,38.21,24.09,29.95,102.29,20.36,54.22,33.53,1.09,24.95,1.62,1.35,7.0,YAHOO,1.7379,2.4326,1.2748,0.059142,2.5368,-0.8706,83.9,2026-10-29,45,,,yahoo,1.0,1.0,1.0,0.0,0.0,1.0,1.0,1.0,1.0,-0.964,-3.0929,-1.4455,0.61,18.5873,33.8397,1280.34,1280.34,1280.34,-11.0955,-11.0955,-11.0955
NVO,43.45000076293945,43.45,2026-09-14,False,43.070098876953125,43.709999084472656,0.88,-16.45,BAJO,192002293760.0,10.62,12.79,5.61,59.81,18.73,42.54,35.35,19.62,1.65,0.63,0.87,4.0,YAHOO,1.7379,2.4326,1.2748,0.059142,2.5368,-0.8706,83.9,2026-11-04,51,,,yahoo,1.0,0.0,1.0,1.0,0.0,1.0,0.0,0.0,0.0,-6.7597,-4.7358,-12.9644,0.2854,20.4686,37.98,48.66,50.9588,60.9379,-10.7069,-14.7351,-28.6979
AMGN,381.5,381.5,2026-09-14,False,376.79998779296875,384.5299987792969,1.1,44.41,BAJO,206251114496.0,23.68,15.63,17.65,91.47,8.67,35.55,22.95,4.19,14.32,4.9,1.37,7.0,YAHOO,1.7379,2.4326,1.2748,0.059142,2.5368,-0.8706,83.9,2026-11-03,50,,,yahoo,1.0,1.0,1.0,1.0,1.0,0.0,0.0,1.0,1.0,-12.7462,-11.7756,7.0913,8.032,22.611,33.371,444.12,444.12,444.12,-14.0998,-14.0998,-14.0998
UNH,383.54998779296875,383.55,2026-09-14,False,379.2814025878906,386.4599914550781,1.18,14.02,BAJO,344272470016.0,24.68,17.1,3.53,14.15,4.87,7.13,3.14,7.05,14.6,0.69,0.78,6.0,YAHOO,1.7379,2.4326,1.2748,0.059142,2.5368,-0.8706,83.9,2026-10-27,43,,,yahoo,1.0,0.0,1.0,1.0,1.0,0.0,1.0,0.0,1.0,-3.422,-2.3922,-8.3556,-5.5761,25.112,24.0876,401.01,436.35,436.35,-4.354,-12.1004,-12.1004
PFE,27.719999313354492,27.72,2026-09-14,False,27.684999465942383,28.190000534057617,0.0,25.28,BAJO,157994942464.0,36.47,9.57,1.85,5.01,5.78,27.88,6.8,7.9,8.28,0.74,1.27,5.0,YAHOO,1.7379,2.4326,1.2748,0.059142,2.5368,-0.8706,83.9,2026-11-03,50,,,yahoo,1.0,0.0,1.0,1.0,0.0,0.0,0.0,1.0,1.0,-2.5659,-0.8584,13.6379,7.6113,4.7505,21.9224,29.02,29.02,29.02,-4.4797,-4.4797,-4.4797
ABT,103.08999633789062,103.09,2026-09-14,False,102.56999969482422,104.44000244140625,1.12,-18.16,BAJO,178385207296.0,33.36,17.0,3.49,10.58,5.33,14.71,11.65,4.04,17.48,0.63,1.38,5.0,YAHOO,1.7379,2.4326,1.2748,0.059142,2.5368,-0.8706,83.9,2026-10-14,30,,,yahoo,1.0,0.0,1.0,1.0,1.0,0.0,0.0,1.0,0.0,-4.8371,-8.34,15.4811,17.7424,20.5446,33.18,116.67,116.67,133.5335,-11.6397,-11.6397,-22.7984
CVS,95.55000305175781,95.55,2026-09-14,False,95.27999877929688,96.01000213623047,0.94,35.73,BAJO,122205626368.0,25.21,11.21,1.53,6.21,2.97,3.86,1.18,6.61,11.01,0.96,0.87,6.0,YAHOO,1.7379,2.4326,1.2748,0.059142,2.5368,-0.8706,83.9,2026-10-28,44,,,yahoo,1.0,0.0,1.0,1.0,1.0,1.0,0.0,0.0,1.0,-1.2301,2.6757,-9.2234,-5.7066,12.2096,26.1002,97.6,109.9195,109.9195,-2.1004,-13.0727,-13.0727
ABBV,261.7699890136719,261.77,2026-09-14,False,260.1600036621094,264.64990234375,1.81,25.55,BAJO,462578286592.0,73.74,16.08,-77.93,,10.51,40.03,9.8,3.65,17.13,,0.81,7.0,YAHOO,1.7379,2.4326,1.2748,0.059142,2.5368,-0.8706,83.9,2026-10-29,45,,,yahoo,1.0,0.0,1.0,1.0,1.0,1.0,0.0,1.0,1.0,2.0705,2.462,7.2344,15.7657,8.1086,29.1684,265.97,265.97,265.97,-1.5791,-1.5791,-1.5791
TMO,613.6199951171875,613.62,2026-09-14,False,605.6500244140625,616.0,0.62,31.21,BAJO,226884337664.0,32.99,22.29,4.31,13.51,5.13,18.75,15.04,2.75,22.62,0.81,1.55,5.0,YAHOO,1.7379,2.4326,1.2748,0.059142,2.5368,-0.8706,83.9,2026-10-21,37,,,yahoo,1.0,0.0,1.0,1.0,0.0,1.0,1.0,0.0,0.0,-0.0261,-1.3758,14.6332,30.8721,10.0409,29.7768,633.71,633.71,638.1788,-3.1702,-3.1702,-3.8483
AZN,163.77999877929688,163.78,2026-09-14,False,162.13999938964844,164.52999877929688,2.25,7.54,BAJO,254005723136.0,24.52,14.42,5.05,21.96,8.02,23.46,17.02,1.93,14.14,0.64,0.89,7.0,YAHOO,1.7379,2.4326,1.2748,0.059142,2.5368,-0.8706,83.9,2026-10-30,46,,,yahoo,1.0,1.0,1.0,1.0,1.0,1.0,0.0,1.0,0.0,0.6638,0.6638,-2.7261,-8.3748,29.6964,34.4384,169.66,195.15,208.62,-3.4658,-16.0748,-21.4936
CAH,234.88999938964844,234.89,2026-09-14,False,232.60000610351562,237.56500244140625,0.14,59.46,BAJO,54629711872.0,32.53,16.69,-18.98,,3.72,1.33,0.67,8.7,14.12,,0.88,8.0,YAHOO,1.7379,2.4326,1.2748,0.059142,2.5368,-0.8706,83.9,2026-11-05,52,,,yahoo,1.0,1.0,1.0,1.0,1.0,0.0,1.0,1.0,1.0,-4.9721,0.145,4.4234,5.1603,12.36,22.8307,248.61,248.61,248.61,-5.5187,-5.5187,-5.5187
ISRG,377.94000244140625,377.94,2026-09-14,False,372.1499938964844,378.5799865722656,2.38,-11.39,BAJO,135407607808.0,43.39,31.26,7.36,17.42,10.51,33.6,28.45,1.93,30.72,,4.96,7.0,YAHOO,1.7379,2.4326,1.2748,0.059142,2.5368,-0.8706,83.9,2026-10-20,36,,,yahoo,1.0,1.0,1.0,1.0,0.0,1.0,1.0,0.0,1.0,3.0652,1.4332,-2.8357,-8.0572,11.4144,48.5396,397.72,432.83,592.85,-4.9733,-12.6817,-36.2503
MRNA,146.69000244140625,146.69,2026-09-14,False,139.02999877929688,147.33990478515625,1.89,515.81,BAJO,58563915776.0,,-32.82,8.66,-39.0,-13.26,-557.93,-141.43,0.51,-24.93,0.19,2.29,3.0,YAHOO,1.7379,2.4326,1.2748,0.059142,2.5368,-0.8706,83.9,2026-11-05,52,,,yahoo,0.0,1.0,0.0,1.0,0.0,0.0,0.0,1.0,0.0,0.7832,6.3048,114.836,193.909,57.2171,377.7544,174.38,174.38,174.38,-15.8791,-15.8791,-15.8791
NVS,138.99000549316406,138.99,2026-09-14,False,138.99000549316406,141.63999938964844,1.33,17.67,BAJO,264180367360.0,21.0,14.13,6.36,30.35,10.25,34.62,22.5,4.5,13.25,1.17,0.86,8.0,YAHOO,1.7379,2.4326,1.2748,0.059142,2.5368,-0.8706,83.9,2026-10-27,43,,,yahoo,1.0,1.0,1.0,1.0,0.0,1.0,1.0,1.0,1.0,-13.1258,-9.6353,-7.8316,-9.1984,11.7304,39.4963,163.09,163.09,163.6393,-14.7771,-14.7771,-15.0632
PHG,25.079999923706055,25.08,2026-09-14,False,24.899900436401367,25.18000030517578,1.99,-5.97,BAJO,24513880064.0,18.86,13.17,1.85,10.15,4.07,13.99,6.31,6.23,12.51,0.65,1.26,7.0,YAHOO,1.7379,2.4326,1.2748,0.059142,2.5368,-0.8706,83.9,2026-11-03,50,,,yahoo,1.0,1.0,1.0,1.0,0.0,1.0,0.0,1.0,1.0,-3.1286,-6.1377,-7.1799,-5.2154,25.5516,23.8252,27.62,28.23,31.6757,-9.1962,-11.1583,-20.8226
MRK,144.85000610351562,144.85,2026-09-14,False,144.10000610351562,147.08999633789062,0.64,84.48,BAJO,357369806848.0,115.88,15.17,8.53,6.96,11.87,-0.24,4.77,4.25,13.92,1.28,1.32,4.0,YAHOO,1.7379,2.4326,1.2748,0.059142,2.5368,-0.8706,83.9,2026-10-29,45,,,yahoo,1.0,0.0,1.0,0.0,0.0,1.0,1.0,0.0,0.0,-3.6453,-2.3593,17.1831,22.5465,16.5472,37.406,156.45,156.45,156.45,-7.4145,-7.4145,-7.4145
GILD,146.41000366210938,146.41,2026-09-14,False,143.7100067138672,146.75,1.87,34.09,BAJO,181541847040.0,,14.81,15.36,-20.68,14.09,33.68,-10.64,5.38,13.66,2.23,1.26,8.0,YAHOO,1.7379,2.4326,1.2748,0.059142,2.5368,-0.8706,83.9,2026-10-29,45,,,yahoo,1.0,1.0,1.0,1.0,1.0,0.0,1.0,1.0,1.0,-3.0397,0.5011,11.1693,17.3439,20.1921,29.022,151.22,151.22,153.9087,-3.1808,-3.1808,-4.8722
BMY,64.0999984741211,64.1,2026-09-14,False,63.90999984741211,65.2699966430664,0.72,46.46,BAJO,130938003456.0,14.12,9.77,5.87,46.6,10.72,34.42,18.87,6.2,8.71,2.02,1.53,8.0,YAHOO,1.7379,2.4326,1.2748,0.059142,2.5368,-0.8706,83.9,2026-10-29,45,,,yahoo,1.0,1.0,1.0,1.0,1.0,1.0,0.0,1.0,1.0,-4.0706,-3.7248,9.1621,13.4668,11.5342,28.2777,68.09,68.09,68.09,-5.8599,-5.8599,-5.8599
HIMS,28.809999465942383,28.81,2026-09-14,False,27.139999389648438,29.440000534057617,4.73,-45.08,BAJO,6721759232.0,,35.26,20.74,-32.03,-2.21,-12.75,-5.51,12.64,-699.98,4.77,0.93,4.0,YAHOO,1.7379,2.4326,1.2748,0.059142,2.5368,-0.8706,83.9,2026-11-09,56,,,yahoo,1.0,0.0,1.0,1.0,0.0,1.0,0.0,0.0,0.0,3.9697,-0.104,-22.4913,7.4198,45.4804,85.9784,33.78,38.28,62.76,-14.7128,-24.7388,-54.095
CAT,784.0,784.0,2026-09-14,False,772.8610229492188,794.5599975585938,-4.22,82.99,BAJO,360385118208.0,33.72,24.21,18.58,56.97,9.03,22.18,14.51,1.4,24.59,2.33,1.37,6.0,YAHOO,1.7379,2.4326,1.2748,0.059142,2.5368,-0.8706,83.9,2026-10-29,45,,,yahoo,1.0,0.0,1.0,1.0,1.0,1.0,1.0,0.0,0.0,-3.6784,-2.0306,-14.0923,-13.7404,38.4509,43.2457,881.65,1062.9282,1062.9282,-11.0758,-26.2415,-26.2415
GE,317.55999755859375,317.56,2026-09-14,False,312.080810546875,318.4599914550781,-1.88,12.82,BAJO,329488334848.0,37.45,34.93,18.68,48.23,5.07,20.57,17.72,2.0,30.16,1.13,0.98,6.0,YAHOO,1.7379,2.4326,1.2748,0.059142,2.5368,-0.8706,83.9,2026-10-20,36,,,yahoo,1.0,1.0,1.0,0.0,0.0,0.0,1.0,1.0,1.0,-5.8021,-7.3034,-11.8746,-5.1727,20.164,28.9533,375.09,381.22,381.22,-15.3377,-16.699,-16.699
LMT,529.3800048828125,529.38,2026-09-14,False,525.4249877929688,532.2899780273438,0.99,16.28,BAJO,122176012288.0,19.53,16.18,13.89,89.17,8.64,11.96,8.16,4.55,14.23,2.34,1.19,6.0,YAHOO,1.7379,2.4326,1.2748,0.059142,2.5368,-0.8706,83.9,2026-10-20,36,,,yahoo,1.0,0.0,1.0,1.0,1.0,0.0,1.0,1.0,0.0,0.7805,-5.5326,3.5366,-1.4206,25.5512,34.865,603.4376,604.9383,668.1661,-12.2726,-12.4902,-20.7712
RTX,195.33999633789062,195.34,2026-09-14,False,194.00999450683594,196.49000549316406,-1.18,26.7,BAJO,263271055360.0,34.45,24.87,3.97,12.27,4.21,12.7,8.28,3.75,18.8,0.57,1.01,8.0,YAHOO,1.7379,2.4326,1.2748,0.059142,2.5368,-0.8706,83.9,2026-10-20,36,,,yahoo,1.0,1.0,1.0,1.0,1.0,1.0,0.0,1.0,1.0,-2.7143,-7.7323,0.0505,6.7885,9.909,26.2096,225.49,225.49,225.49,-13.3709,-13.3709,-13.3709
UAL,108.95999908447266,108.96,2026-09-14,False,106.08000183105469,109.84989929199219,-0.78,5.74,BAJO,35365117952.0,10.19,7.39,2.12,23.25,3.38,5.53,5.56,2.57,7.43,2.02,0.78,7.0,YAHOO,1.7379,2.4326,1.2748,0.059142,2.5368,-0.8706,83.9,2026-10-21,37,,,yahoo,1.0,1.0,1.0,1.0,1.0,0.0,1.0,0.0,1.0,-2.1727,-1.4828,-9.9281,-5.6787,31.3206,39.9106,122.26,136.11,136.11,-10.8785,-19.9471,-19.9471
F,13.859999656677246,13.86,2026-09-14,False,13.739999771118164,13.949999809265137,-0.79,25.72,BAJO,55268077568.0,,7.19,1.55,-18.25,0.35,1.88,-3.94,-14.37,25.71,4.57,1.09,2.0,YAHOO,1.7379,2.4326,1.2748,0.059142,2.5368,-0.8706,83.9,2026-10-22,38,,,yahoo,0.0,0.0,1.0,1.0,0.0,0.0,0.0,0.0,0.0,-5.1984,-0.1441,-1.1981,-5.5923,47.1856,30.8429,14.62,15.1163,17.2531,-5.1984,-8.3108,-19.6668
AAL,13.100000381469727,13.1,2026-09-14,False,12.600000381469727,13.239999771118164,0.69,6.07,BAJO,8671806464.0,,5.83,-2.18,,1.12,2.81,-0.56,5.99,10.69,,0.53,4.0,YAHOO,1.7379,2.4326,1.2748,0.059142,2.5368,-0.8706,83.9,2026-10-22,38,,,yahoo,1.0,0.0,1.0,1.0,0.0,0.0,0.0,0.0,1.0,-0.2285,-3.9589,-16.1868,-12.5501,13.0379,45.5753,14.43,18.15,18.15,-9.2169,-27.8237,-27.8237
UNP,285.0799865722656,285.08,2026-09-14,False,282.8500061035156,285.6400146484375,0.24,36.13,BAJO,169359048704.0,23.1,20.14,8.72,39.7,9.27,40.98,28.85,2.79,15.37,1.51,0.99,8.0,YAHOO,1.7379,2.4326,1.2748,0.059142,2.5368,-0.8706,83.9,2026-10-22,38,,,yahoo,1.0,1.0,1.0,1.0,1.0,1.0,1.0,1.0,0.0,-1.5676,-6.8336,-0.6787,5.0249,12.0858,21.3485,309.1852,309.1852,309.1852,-7.7964,-7.7964,-7.7964
FDX,312.57000732421875,312.57,2026-09-14,False,309.9700012207031,313.4549865722656,0.19,75.63,BAJO,73976078336.0,16.84,14.98,2.37,14.85,5.01,11.13,4.68,7.65,8.71,1.36,1.48,5.0,YAHOO,1.7379,2.4326,1.2748,0.059142,2.5368,-0.8706,83.9,2026-10-28,44,,,yahoo,1.0,0.0,1.0,1.0,0.0,1.0,0.0,1.0,0.0,-3.0851,-5.5337,-0.2712,-7.2616,16.3076,26.29,335.99,339.35,339.35,-6.9704,-7.8916,-7.8916
PCAR,122.86000061035156,122.86,2026-09-14,False,119.7699966430664,122.98999786376953,0.11,24.74,BAJO,64669200384.0,25.87,17.01,3.18,12.76,4.12,12.02,9.0,3.01,21.62,0.73,5.52,4.0,YAHOO,1.7379,2.4326,1.2748,0.059142,2.5368,-0.8706,83.9,2026-10-27,43,,,yahoo,1.0,0.0,1.0,1.0,0.0,1.0,0.0,0.0,0.0,-1.4755,-1.9786,0.0287,3.9363,6.9977,26.3624,131.03,137.845,137.845,-6.2352,-10.8709,-10.8709
MMM,162.02000427246094,162.02,2026-09-14,False,160.27999877929688,163.3800048828125,-1.79,6.86,BAJO,83557351424.0,28.78,16.57,28.31,81.89,8.74,20.35,11.9,7.6,14.33,4.38,1.24,5.0,YAHOO,1.7379,2.4326,1.2748,0.059142,2.5368,-0.8706,83.9,2026-10-20,36,,,yahoo,1.0,0.0,1.0,0.0,0.0,1.0,1.0,0.0,1.0,-3.8799,-7.0666,1.37,2.785,23.3909,25.6004,180.1514,182.979,182.979,-10.0645,-11.4543,-11.4543
PAC,201.41000366210938,201.41,2026-09-14,False,199.33999633789062,202.35000610351562,-1.01,-18.3,BAJO,11984262144.0,18.43,15.9,560.57,28.03,10.47,44.16,30.83,57.56,79.34,1.18,0.74,7.0,YAHOO,1.7379,2.4326,1.2748,0.059142,2.5368,-0.8706,83.9,2026-10-19,35,,,yahoo,1.0,1.0,1.0,1.0,0.0,1.0,1.0,0.0,1.0,-3.2473,-2.963,-11.5847,-14.9774,19.6616,26.5323,214.87,254.56,300.41,-6.2642,-20.8792,-32.955
GT,5.320000171661377,5.32,2026-09-14,False,5.300000190734863,5.480000019073486,-0.93,-36.03,BAJO,1531621376.0,,9.43,0.54,-61.53,0.51,-0.96,-14.37,32.46,9.23,2.74,1.09,5.0,YAHOO,1.7379,2.4326,1.2748,0.059142,2.5368,-0.8706,83.9,2026-11-03,50,,,yahoo,0.0,0.0,1.0,1.0,1.0,1.0,0.0,0.0,1.0,-14.88,-16.2205,-21.0682,-16.875,19.7324,49.9942,6.35,7.45,10.54,-16.2205,-28.5906,-49.5256
BA,210.27000427246094,210.27,2026-09-14,False,207.9822998046875,211.88999938964844,-0.09,-1.01,BAJO,166191120384.0,75.64,51.41,27.25,173.54,-1.98,0.0,2.59,3.38,-67.39,7.91,1.14,6.0,YAHOO,1.7379,2.4326,1.2748,0.059142,2.5368,-0.8706,83.9,2026-10-28,44,,,yahoo,1.0,1.0,1.0,0.0,1.0,0.0,0.0,1.0,1.0,-0.9329,0.2145,-3.5989,-4.0082,32.2883,32.7679,225.95,240.19,252.15,-6.9396,-12.4568,-16.6092
HON,201.3800048828125,201.38,2026-09-14,False,196.97999572753906,201.53500366210938,-0.48,-0.37,BAJO,63825379328.0,7.75,20.24,3.44,46.58,5.72,20.25,21.58,4.09,10.56,1.85,1.21,5.0,YAHOO,1.7379,2.4326,1.2748,0.059142,2.5368,-0.8706,83.9,2026-10-22,38,,,yahoo,1.0,0.0,1.0,1.0,0.0,0.0,1.0,0.0,1.0,-3.9263,-7.3817,-9.3591,-12.5814,12.3068,31.4598,229.45,248.0457,257.9406,-12.2336,-18.8134,-21.9278
MOS,25.049999237060547,25.05,2026-09-14,False,24.468299865722656,25.155000686645508,-0.56,-22.2,BAJO,7963285504.0,,16.0,0.69,-5.07,1.24,-0.12,-5.21,-9.37,8.1,0.52,1.34,7.0,YAHOO,1.7379,2.4326,1.2748,0.059142,2.5368,-0.8706,83.9,2026-11-03,50,,,yahoo,1.0,1.0,1.0,1.0,0.0,1.0,0.0,1.0,1.0,-2.2745,7.0426,9.6443,11.3356,11.945,39.9865,26.3073,26.3073,34.6571,-4.7793,-4.7793,-27.7204
BG,121.2300033569336,121.23,2026-09-14,False,120.09010314941406,125.81999969482422,-0.96,56.37,BAJO,23290601472.0,26.13,10.69,1.46,7.18,3.47,4.62,1.1,-27.8,13.12,0.98,1.57,3.0,YAHOO,1.7379,2.4326,1.2748,0.059142,2.5368,-0.8706,83.9,2026-11-04,51,,,yahoo,1.0,0.0,1.0,1.0,0.0,0.0,0.0,0.0,0.0,2.1228,4.9792,5.422,-4.0698,17.6715,34.3917,124.59,124.59,130.5866,-2.6968,-2.6968,-7.1651
RKLB,62.54999923706055,62.55,2026-09-14,False,60.56999969482422,63.375,-0.64,17.27,BAJO,39995158528.0,,1372.91,10.71,-7.92,-4.62,-24.57,-21.51,-0.63,-234.24,0.04,5.48,5.0,YAHOO,1.7379,2.4326,1.2748,0.059142,2.5368,-0.8706,83.9,2026-11-09,56,,,yahoo,0.0,1.0,0.0,1.0,1.0,1.0,0.0,1.0,0.0,-2.6611,-2.8576,-17.9134,-38.9101,38.6156,80.8121,82.08,107.24,150.23,-23.7939,-41.6729,-58.3638
ONDS,7.230000019073486,7.23,2026-09-14,False,6.989999771118164,7.46999979019165,0.0,14.85,BAJO,4131617280.0,,-361.5,2.44,19.32,-8.37,-166.3,96.25,-1.67,-15.4,0.03,9.85,5.0,YAHOO,1.7379,2.4326,1.2748,0.059142,2.5368,-0.8706,83.9,2026-11-12,59,,,yahoo,0.0,1.0,0.0,1.0,1.0,1.0,0.0,1.0,0.0,-5.1181,-8.481,2.5532,-22.508,32.3882,83.6481,9.06,9.77,14.01,-20.1987,-25.998,-48.394
SMSN.IL,4938.0,4938.0,2026-09-10,False,4808.0,4938.0,1.86,272.66,BAJO,1232462988288.0,47.03,72.32,0.0,10.64,2.3,6.08,13.13,-1092.12,-1.44,0.03,2.88,6.0,YAHOO,1.7379,2.4326,1.2748,0.059142,2.5368,-0.8706,83.9,2026-10-28,44,,,yahoo,1.0,1.0,1.0,1.0,0.0,0.0,0.0,1.0,1.0,6.8831,4.5301,10.9663,-8.4421,44.6516,81.6455,5075.0,6002.5513,6002.5513,-2.6995,-17.735,-17.735
ADS.DE,142.75,142.75,2026-09-10,False,141.1999969482422,143.60000610351562,0.04,-17.14,BAJO,25191546880.0,18.47,12.34,4.23,24.32,6.7,8.51,5.3,3.78,11.26,0.94,1.39,6.0,YAHOO,1.7379,2.4326,1.2748,0.059142,2.5368,-0.8706,83.9,2026-10-29,45,,,yahoo,1.0,1.0,1.0,0.0,0.0,1.0,0.0,1.0,1.0,-4.0013,-6.7603,-20.9579,-19.053,17.1378,35.9102,157.55,187.9,191.3097,-9.3938,-24.0287,-25.3828
BAYN.DE,48.16999816894531,48.17,2026-09-10,False,47.7400016784668,49.099998474121094,-1.09,69.09,BAJO,48462979072.0,,10.22,1.64,-5.69,3.18,9.19,-3.83,13.54,8.09,1.29,1.04,6.0,YAHOO,1.7379,2.4326,1.2748,0.059142,2.5368,-0.8706,83.9,2026-11-03,50,,,yahoo,0.0,0.0,1.0,1.0,1.0,0.0,1.0,1.0,1.0,-2.3713,-0.6394,-1.934,32.6632,16.913,49.3101,49.41,53.36,53.36,-2.5096,-9.7264,-9.7264
RIOT,20.950000762939453,20.95,2026-09-14,False,20.100000381469727,21.40999984741211,-2.42,27.13,BAJO,7861675008.0,,-22.4,3.61,-48.24,-21.2,-122.33,-196.28,-9.14,-9.41,0.4,1.58,2.0,YAHOO,1.7379,2.4326,1.2748,0.059142,2.5368,-0.8706,83.9,2026-10-29,45,,,yahoo,0.0,0.0,0.0,0.0,0.0,0.0,0.0,1.0,1.0,-3.8991,10.3212,4.2289,-21.2702,50.1155,96.1387,22.26,28.69,28.69,-5.885,-26.978,-26.978
OKLO,36.209999084472656,36.21,2026-09-14,False,34.380001068115234,36.9900016784668,-0.03,-60.63,BAJO,6735698944.0,,-35.81,2.05,-7.7,-6.65,-6048.76,0.0,-3.55,-19.72,0.0,48.46,4.0,YAHOO,1.7379,2.4326,1.2748,0.059142,2.5368,-0.8706,83.9,2026-11-10,57,,,yahoo,0.0,1.0,0.0,1.0,1.0,1.0,0.0,0.0,0.0,-12.2607,-9.7907,-20.7485,-37.0151,66.6193,82.872,44.27,61.17,174.14,-18.2065,-40.8043,-79.2064
SATL,4.849999904632568,4.85,2026-09-14,False,4.739999771118164,5.014999866485596,1.25,31.55,BAJO,745638528.0,,-161.67,22.05,,-9.86,1.67,0.0,-2.53,-46.84,2.85,2.34,4.0,YAHOO,1.7379,2.4326,1.2748,0.059142,2.5368,-0.8706,83.9,2026-11-12,59,,,yahoo,0.0,1.0,0.0,0.0,1.0,1.0,0.0,1.0,0.0,4.5259,0.0,22.4747,-27.1772,72.3561,103.3363,5.81,6.03,10.74,-16.5232,-19.5688,-54.8417
JMIA,7.340000152587891,7.34,2026-09-14,False,7.300000190734863,7.550000190734863,-1.48,-23.5,BAJO,980813696.0,,-21.59,1048.57,-216.21,-25.23,-23.8,-27.54,-2.83,-16.35,37.95,0.88,3.0,YAHOO,1.7379,2.4326,1.2748,0.059142,2.5368,-0.8706,83.9,2026-11-11,58,,,yahoo,0.0,1.0,0.0,1.0,0.0,0.0,0.0,0.0,1.0,0.6859,5.7637,7.1533,3.6723,51.997,54.6776,7.52,7.52,14.6,-2.3936,-2.3936,-49.726
LAR,5.940000057220459,5.94,2026-09-14,False,5.670000076293945,5.960000038146973,1.54,86.57,BAJO,974753984.0,,17.35,1.24,-6.58,-2.05,0.0,0.0,-1.68,-31.27,0.3,0.47,1.0,YAHOO,1.7379,2.4326,1.2748,0.059142,2.5368,-0.8706,83.9,2026-11-09,56,,,yahoo,0.0,0.0,0.0,1.0,0.0,0.0,0.0,0.0,0.0,-12.5184,-13.5371,-17.2702,-38.3817,78.4959,64.6969,6.91,9.12,11.79,-14.0376,-34.8684,-49.6183
NG,7.230000019073486,7.23,2026-09-14,False,7.050000190734863,7.414999961853027,-3.6,0.57,BAJO,3172383744.0,,-30.81,7.53,-24.63,-4.36,0.0,0.0,-0.75,-91.96,0.41,112.82,4.0,YAHOO,1.7379,2.4326,1.2748,0.059142,2.5368,-0.8706,83.9,2026-09-30,16,,,yahoo,0.0,1.0,0.0,1.0,1.0,1.0,0.0,0.0,0.0,-10.4089,-17.3714,26.8421,-2.8226,57.7634,77.5244,9.77,9.77,14.2,-25.998,-25.998,-49.0845
PBI,17.329999923706055,17.33,2026-09-14,False,16.690000534057617,17.5,1.58,58.46,BAJO,2375773184.0,14.09,9.51,-2.75,,8.41,21.68,10.04,9.84,8.04,,0.73,7.0,YAHOO,1.7379,2.4326,1.2748,0.059142,2.5368,-0.8706,83.9,2026-11-05,52,,,yahoo,1.0,1.0,1.0,1.0,0.0,0.0,1.0,1.0,1.0,-0.4023,0.6973,-4.1778,0.6354,18.9115,28.8929,17.58,18.4037,18.4037,-1.4221,-5.8344,-5.8344
AXIA,9.529999732971191,9.53,2026-08-14,False,9.267999649047852,9.600000381469727,-0.31,-1.13,BAJO,23290886144.0,10.02,10.99,1.22,10.01,3.05,43.79,27.05,16.97,4.39,0.63,2.05,6.0,YAHOO,1.7379,2.4326,1.2748,0.059142,2.5368,-0.8706,83.9,2026-11-04,51,,,yahoo,1.0,0.0,1.0,1.0,0.0,0.0,1.0,1.0,1.0,-2.6558,,,,59.054,,,,,,,
TEM,62.209999084472656,62.21,2026-09-14,False,57.720001220703125,62.810001373291016,5.42,-25.4,BAJO,11224845312.0,,15552.5,25.18,-67.44,-8.55,-20.11,-17.77,-0.83,-58.31,3.25,3.3,4.0,YAHOO,1.7379,2.4326,1.2748,0.059142,2.5368,-0.8706,83.9,2026-11-03,50,,,yahoo,0.0,1.0,0.0,1.0,0.0,1.0,0.0,1.0,0.0,-3.7295,-2.8576,8.6638,30.092,74.7684,89.712,72.69,72.69,103.25,-14.4174,-14.4174,-39.7482
MRSH,180.42999267578125,180.43,2026-09-14,False,178.68130493164062,181.44500732421875,1.99,-5.53,BAJO,86103228416.0,22.03,15.81,5.68,25.9,7.24,26.32,14.24,5.56,13.8,1.45,1.14,6.0,YAHOO,1.7379,2.4326,1.2748,0.059142,2.5368,-0.8706,83.9,2026-10-15,31,,,yahoo,1.0,0.0,1.0,1.0,1.0,0.0,1.0,0.0,1.0,-2.8588,-6.3383,2.9683,7.571,26.2855,28.5889,194.67,197.59,203.7672,-7.3149,-8.6847,-11.4529
CEPU,14.0,14.0,2026-09-14,False,13.760000228881836,14.089900016784668,-0.92,68.19,BAJO,2099807360.0,6.51,8.34,1.1,19.03,7.21,24.84,28.78,-1997.87,1.24,0.33,1.28,7.0,YAHOO,1.7379,2.4326,1.2748,0.059142,2.5368,-0.8706,83.9,2026-11-11,58,,,yahoo,1.0,1.0,1.0,1.0,0.0,1.0,1.0,0.0,1.0,-0.2849,4.6338,-6.6044,-12.2257,32.2785,38.7991,14.48,15.67,17.95,-3.3149,-10.6573,-22.0056
BMA,77.0199966430664,77.02,2026-09-14,False,76.46499633789062,78.2750015258789,-1.03,90.06,BAJO,4924583936.0,19.5,7.0,1.22,5.36,1.31,26.07,8.39,,,,,5.0,YAHOO,1.7379,2.4326,1.2748,0.059142,2.5368,-0.8706,83.9,2026-11-25,72,2026-08-19,26.0,yahoo,,,,,,,,,,-1.9728,1.2755,-20.1369,-21.5125,17.0361,44.5597,79.18,101.0828,101.1279,-2.728,-23.805,-23.839
SUPV,8.470000267028809,8.47,2026-09-14,False,8.3100004196167,8.5600004196167,-0.35,59.55,BAJO,800484544.0,,6.9,0.98,-8.01,-1.15,3.31,-11.23,,,,,2.0,YAHOO,1.7379,2.4326,1.2748,0.059142,2.5368,-0.8706,83.9,2026-11-17,64,,,yahoo,0.0,0.0,1.0,1.0,0.0,0.0,0.0,0.0,0.0,-3.6405,1.9254,-17.6871,-23.0,22.7841,56.8232,8.86,11.38,12.86,-4.4018,-25.5712,-34.1369
EDN,24.3799991607666,24.38,2026-09-14,False,24.09000015258789,25.30699920654297,-0.41,47.51,BAJO,1159858614.7541542,7.3,17.91,0.59,9.59,3.09,5.14,7.2,-9830.25,0.83,0.62,1.46,6.0,YAHOO,1.7379,2.4326,1.2748,0.059142,2.5368,-0.8706,83.9,2026-11-06,53,,,yahoo,1.0,0.0,1.0,0.0,0.0,1.0,1.0,1.0,1.0,-0.8943,4.2326,-5.8324,-11.5385,23.5172,45.348,25.07,27.86,35.71,-2.7523,-12.491,-31.7278
TGS,29.600000381469727,29.6,2026-09-14,False,29.219999313354492,30.104999542236328,-0.2,41.28,BAJO,4456345600.0,12.98,11.31,1.9,15.98,9.91,40.71,28.02,8061.48,-0.48,0.43,3.67,6.0,YAHOO,1.7379,2.4326,1.2748,0.059142,2.5368,-0.8706,83.9,2026-11-03,50,,,yahoo,1.0,0.0,1.0,1.0,0.0,1.0,1.0,1.0,0.0,1.8933,5.151,-5.3406,-10.4658,43.2234,35.1753,30.74,31.83,35.32,-3.7085,-7.006,-16.1948
TEO,13.800000190734863,13.8,2026-09-14,False,13.109999656677246,13.84000015258789,4.15,95.62,BAJO,5944178989.756678,11.31,14.56,1.01,10.83,3.12,13.95,8.91,13635.6,1.98,0.67,0.58,6.0,YAHOO,1.7379,2.4326,1.2748,0.059142,2.5368,-0.8706,83.9,2026-11-09,56,,,yahoo,,,,,,,,,,5.9094,5.6662,0.1451,-9.5675,49.3107,32.8552,13.8,14.3,15.98,0.0,-3.4965,-13.642
IRS,15.260000228881836,15.26,2026-09-14,False,15.100000381469727,15.641599655151367,-1.8,31.07,BAJO,1290988288.0,4.57,58.92,0.83,22.48,4.07,44.36,72.51,13349.53,3.93,0.45,0.6,2.0,YAHOO,1.7379,2.4326,1.2748,0.059142,2.5368,-0.8706,83.9,2026-11-04,51,2026-08-31,14.0,yahoo,1.0,0.0,1.0,0.0,0.0,0.0,0.0,0.0,0.0,0.6596,4.235,-0.9091,-8.568,27.3244,25.9269,15.57,16.62,18.41,-1.991,-8.1829,-17.1103
LOMA,9.609999656677246,9.61,2026-09-14,False,9.550000190734863,9.720000267028809,-1.44,28.98,BAJO,1121454592.0,38.44,12.49,1.31,3.82,2.65,6.84,5.13,-3067.17,1.63,0.24,2.25,5.0,YAHOO,1.7379,2.4326,1.2748,0.059142,2.5368,-0.8706,83.9,2026-11-05,52,,,yahoo,1.0,0.0,1.0,1.0,0.0,1.0,1.0,0.0,0.0,-6.4265,-0.8256,-17.2978,-23.4263,23.0195,39.2659,10.41,12.2,13.12,-7.6849,-21.2295,-26.7531
GLOB,40.4900016784668,40.49,2026-09-14,False,38.970001220703125,40.95500183105469,7.26,-25.65,BAJO,1748340352.0,15.82,6.53,0.82,5.48,4.67,4.86,4.63,,5.18,0.24,1.84,4.0,YAHOO,1.7379,2.4326,1.2748,0.059142,2.5368,-0.8706,83.9,2026-11-19,66,,,yahoo,1.0,0.0,1.0,1.0,0.0,0.0,1.0,0.0,0.0,3.4756,-0.074,26.6104,8.0021,64.7164,62.8247,40.71,40.99,71.21,-0.5404,-1.2198,-43.14
BBAR,14.800000190734863,14.8,2026-09-14,False,14.59280014038086,14.88949966430664,-0.6,73.53,BAJO,3022703104.0,13.45,13.47,1.09,8.12,1.24,19.02,8.62,,,,,4.0,YAHOO,1.7379,2.4326,1.2748,0.059142,2.5368,-0.8706,83.9,2026-11-24,71,2026-08-27,18.0,yahoo,1.0,0.0,1.0,1.0,0.0,0.0,1.0,0.0,0.0,-0.1349,2.2806,-28.2489,-27.6479,32.8292,51.9058,15.34,21.7253,21.7253,-3.5202,-31.8767,-31.8767
LND,3.609999895095825,3.61,2026-09-14,False,3.5899999141693115,3.6698999404907227,-2.7,-6.38,BAJO,359611789.3199227,,,0.91,-4.28,-0.88,4.64,-10.07,-96.26,60.72,0.71,1.54,2.0,YAHOO,1.7379,2.4326,1.2748,0.059142,2.5368,-0.8706,83.9,2026-11-05,52,2026-09-03,11.0,finnhub,0.0,0.0,1.0,1.0,0.0,0.0,0.0,0.0,0.0,-4.7493,-5.4974,-2.168,-3.4759,28.1217,21.8729,3.87,3.87,4.37,-6.7183,-6.7183,-17.3913
AGRO,11.720000267028809,11.72,2026-09-14,False,11.640000343322754,12.0600004196167,-0.42,47.13,BAJO,1691289472.0,30.84,8.48,0.97,3.69,2.47,17.0,3.0,-7.59,9.14,1.24,1.73,2.0,YAHOO,1.7379,2.4326,1.2748,0.059142,2.5368,-0.8706,83.9,2026-11-11,58,,,yahoo,0.0,0.0,1.0,1.0,0.0,0.0,0.0,0.0,0.0,-0.4248,9.1248,14.3415,0.6009,41.6898,48.5024,12.46,12.46,15.18,-5.939,-5.939,-22.7931
USB,62.68000030517578,62.68,2026-09-14,False,62.290000915527344,63.209999084472656,-0.25,33.76,BAJO,97658667008.0,12.51,10.83,1.61,12.62,1.16,39.65,29.9,,,,,6.0,YAHOO,1.7379,2.4326,1.2748,0.059142,2.5368,-0.8706,83.9,2026-10-15,31,,,yahoo,1.0,1.0,1.0,1.0,0.0,0.0,1.0,0.0,1.0,-1.0888,0.3362,-0.5237,7.2556,9.6939,19.2293,64.87,65.42,65.42,-3.376,-4.1883,-4.1883
IBKR,90.75,90.75,2026-09-14,False,89.08000183105469,90.93499755859375,-0.68,47.93,BAJO,154621263872.0,36.01,28.48,6.93,24.02,2.28,76.53,16.47,,,2.06,1.09,4.0,YAHOO,1.7379,2.4326,1.2748,0.059142,2.5368,-0.8706,83.9,2026-10-20,36,,,yahoo,1.0,0.0,1.0,1.0,0.0,0.0,0.0,1.0,0.0,-2.019,-5.2252,-6.7527,0.0244,23.7019,42.5425,98.1012,98.1012,98.1012,-7.4935,-7.4935,-7.4935
DAL,79.80000305175781,79.8,2026-09-14,False,77.76000213623047,80.36499786376953,-0.14,39.62,BAJO,52478320640.0,13.23,9.32,2.39,20.12,4.02,7.92,5.78,5.37,9.14,0.97,0.42,6.0,YAHOO,1.7379,2.4326,1.2748,0.059142,2.5368,-0.8706,83.9,2026-10-08,24,,,yahoo,1.0,1.0,1.0,1.0,1.0,1.0,0.0,0.0,0.0,-0.4615,-0.3372,-7.1661,-3.6876,20.0205,31.1096,87.59,93.4293,93.4293,-8.8937,-14.5878,-14.5878
BIIB,217.36000061035156,217.36,2026-09-14,False,215.55999755859375,222.2449951171875,0.1,53.19,BAJO,32115810304.0,38.68,13.14,1.7,4.58,5.21,25.06,8.32,3.95,11.66,0.44,1.86,4.0,YAHOO,1.7379,2.4326,1.2748,0.059142,2.5368,-0.8706,83.9,2026-10-29,45,,,yahoo,1.0,0.0,1.0,1.0,0.0,1.0,0.0,0.0,0.0,-1.5713,-0.5217,10.2008,8.6528,20.4962,39.545,224.51,224.51,224.51,-3.1847,-3.1847,-3.1847
SYY,83.54000091552734,83.54,2026-09-14,False,83.31999969482422,84.63999938964844,0.4,9.09,BAJO,40023678976.0,22.83,15.34,15.0,77.69,7.97,4.84,2.08,4.78,11.86,5.65,1.28,6.0,YAHOO,1.7379,2.4326,1.2748,0.059142,2.5368,-0.8706,83.9,2026-11-03,50,,,yahoo,1.0,0.0,1.0,1.0,1.0,1.0,0.0,1.0,0.0,4.3598,1.9526,3.4807,6.1923,11.8206,18.5869,84.1,85.32,89.8822,-0.6659,-2.0863,-7.0561
MDT,93.80000305175781,93.8,2026-09-14,False,92.7699966430664,94.07499694824219,3.12,5.19,BAJO,119983136768.0,23.1,14.64,2.39,10.65,5.12,19.33,13.93,4.51,13.45,0.55,2.07,7.0,YAHOO,1.7379,2.4326,1.2748,0.059142,2.5368,-0.8706,83.9,2026-11-17,64,2026-09-01,13.0,yahoo,1.0,1.0,1.0,1.0,0.0,1.0,1.0,0.0,1.0,-0.3929,2.8171,16.5652,18.0129,29.0303,27.093,94.17,94.17,102.8065,-0.3929,-0.3929,-8.7606
MS,206.5800018310547,206.58,2026-09-14,False,204.86000061035156,212.9698944091797,-3.64,36.4,BAJO,324447567872.0,16.7,15.14,3.05,17.97,1.34,41.57,25.9,,,5.17,2.0,3.0,YAHOO,1.7379,2.4326,1.2748,0.059142,2.5368,-0.8706,83.9,2026-10-14,30,,,yahoo,1.0,1.0,0.0,0.0,0.0,0.0,1.0,0.0,0.0,-5.1167,-3.8134,-9.1152,-2.954,29.813,29.0714,218.21,227.2988,227.2988,-5.3297,-9.1152,-9.1152
O,59.27000045776367,59.27,2026-09-14,False,59.224998474121094,60.45000076293945,-0.39,5.32,BAJO,56082345984.0,43.26,38.16,1.42,3.23,2.36,46.97,20.9,2.82,16.66,0.75,1.53,5.0,YAHOO,1.7379,2.4326,1.2748,0.059142,2.5368,-0.8706,83.9,2026-11-02,49,,,yahoo,1.0,1.0,1.0,1.0,0.0,0.0,0.0,0.0,1.0,-3.2327,-3.9524,-5.4984,-4.2732,9.6163,16.3962,62.8938,65.1872,65.8234,-5.7618,-9.0772,-9.9561
DOW,28.899999618530273,28.9,2026-09-14,False,28.75,29.600000381469727,-0.45,27.0,BAJO,20875646976.0,,15.92,1.32,-5.54,1.3,11.59,-3.13,1.14,9.48,1.12,1.75,3.0,YAHOO,1.7379,2.4326,1.2748,0.059142,2.5368,-0.8706,83.9,2026-10-22,38,,,yahoo,0.0,0.0,1.0,1.0,0.0,1.0,0.0,0.0,0.0,-1.8342,-4.1777,-1.5644,-13.6326,18.6731,37.0187,32.5226,32.5226,40.973,-11.1387,-11.1387,-29.4658
AVY,170.9199981689453,170.92,2026-09-14,False,169.16000366210938,172.1699981689453,0.91,7.58,BAJO,12953709568.0,18.68,15.28,5.59,31.16,8.39,13.59,7.62,7.76,10.86,1.59,1.13,5.0,YAHOO,1.7379,2.4326,1.2748,0.059142,2.5368,-0.8706,83.9,2026-10-21,37,,,yahoo,1.0,0.0,1.0,1.0,0.0,1.0,1.0,0.0,0.0,-2.3649,-3.2836,9.6456,7.9518,11.5847,27.7795,182.6485,182.6485,194.0973,-6.4214,-6.4214,-11.9411
SWKS,79.26000213623047,79.26,2026-09-14,False,79.03500366210938,86.7300033569336,-10.29,13.82,BAJO,11926472704.0,41.07,15.97,2.08,5.09,3.44,8.82,7.23,3.76,13.42,0.12,3.1,6.0,YAHOO,1.7379,2.4326,1.2748,0.059142,2.5368,-0.8706,83.9,2026-11-03,50,,,yahoo,1.0,0.0,1.0,1.0,1.0,0.0,1.0,0.0,1.0,7.0792,20.4742,37.8195,7.1515,136.2114,55.1564,88.35,88.35,88.35,-10.2886,-10.2886,-10.2886
IP,34.25,34.25,2026-09-14,False,33.939998626708984,34.86000061035156,-0.32,-19.59,BAJO,18137767936.0,,11.39,1.25,-16.48,1.59,2.3,-14.21,9.08,6.94,0.69,1.1,4.0,YAHOO,1.7379,2.4326,1.2748,0.059142,2.5368,-0.8706,83.9,2026-10-28,44,,,yahoo,0.0,0.0,1.0,1.0,1.0,0.0,0.0,1.0,0.0,-8.029,-12.872,-5.7157,-4.1769,38.0882,42.7897,41.49,43.5936,47.4479,-17.45,-21.4333,-27.8155
LVS,42.400001525878906,42.4,2026-09-14,False,42.1349983215332,43.029998779296875,-1.0,-16.88,BAJO,27462531072.0,16.43,12.08,47.27,122.87,9.55,19.66,12.59,8.06,8.62,17.04,1.0,8.0,YAHOO,1.7379,2.4326,1.2748,0.059142,2.5368,-0.8706,83.9,2026-10-21,37,,,yahoo,1.0,1.0,1.0,1.0,0.0,1.0,1.0,1.0,1.0,-4.4399,-5.8615,-4.7315,-15.7869,15.9638,25.023,47.27,49.5536,68.2933,-10.3025,-14.436,-37.9149
KLAC,169.08999633789062,169.09,2026-09-14,False,167.57000732421875,173.0290069580078,-6.39,73.43,BAJO,220924002304.0,46.07,25.22,34.81,87.5,20.8,42.49,35.57,1.19,36.69,0.97,2.88,7.0,YAHOO,1.7379,2.4326,1.2748,0.059142,2.5368,-0.8706,83.9,2026-10-28,44,,,yahoo,1.0,1.0,1.0,0.0,1.0,1.0,1.0,1.0,0.0,-8.8955,-3.6744,-24.5964,-33.4953,54.7944,75.5068,205.76,301.3694,301.3694,-17.8217,-43.8928,-43.8928
DECK,80.54000091552734,80.54,2026-09-14,False,78.80000305175781,81.1449966430664,-0.9,-30.6,BAJO,10968086528.0,11.46,9.67,4.78,42.56,20.32,15.23,18.36,7.95,7.43,0.21,2.75,6.0,YAHOO,1.7379,2.4326,1.2748,0.059142,2.5368,-0.8706,83.9,2026-10-22,38,,,yahoo,1.0,1.0,1.0,1.0,0.0,0.0,1.0,0.0,1.0,-6.1415,-8.227,-24.3969,-29.2454,30.0364,38.1467,92.08,109.11,120.94,-12.5326,-26.1846,-33.405
IFF,83.43000030517578,83.43,2026-09-14,False,83.0,84.4800033569336,-0.22,34.27,BAJO,21287161856.0,,21.06,1.52,-5.55,2.27,8.49,2.57,-8.08,14.14,0.45,2.06,5.0,YAHOO,1.7379,2.4326,1.2748,0.059142,2.5368,-0.8706,83.9,2026-11-03,50,,,yahoo,0.0,0.0,1.0,1.0,1.0,0.0,0.0,1.0,1.0,-3.3816,-5.1393,10.7821,7.1562,9.595,33.7176,87.95,88.07,88.07,-5.1393,-5.2685,-5.2685
SNA,377.7799987792969,377.78,2026-09-14,False,371.32000732421875,379.8500061035156,0.62,15.74,BAJO,19541473280.0,19.27,17.7,3.23,17.93,9.85,25.4,19.6,5.68,13.59,0.22,3.43,6.0,YAHOO,1.7379,2.4326,1.2748,0.059142,2.5368,-0.8706,83.9,2026-10-15,31,,,yahoo,1.0,0.0,1.0,1.0,1.0,1.0,1.0,0.0,0.0,-1.3629,-3.5931,-5.84,-1.8985,10.1655,18.4804,398.746,416.7245,416.7245,-5.258,-9.3454,-9.3454
NUE,254.6300048828125,254.63,2026-09-14,False,253.5301055908203,260.94500732421875,-1.85,83.8,BAJO,57769357312.0,20.32,12.77,2.61,14.55,7.32,15.67,7.99,1.18,11.15,0.31,2.51,6.0,YAHOO,1.7379,2.4326,1.2748,0.059142,2.5368,-0.8706,83.9,2026-10-26,42,,,yahoo,1.0,0.0,1.0,1.0,0.0,1.0,1.0,0.0,1.0,-2.4668,1.6487,7.4978,-4.1654,24.2134,35.9761,272.68,274.74,274.74,-6.6195,-7.3196,-7.3196
PLD,135.19000244140625,135.19,2026-09-14,False,133.1300048828125,135.77999877929688,-0.41,23.67,BAJO,131417038848.0,30.11,39.7,2.35,7.75,2.52,43.03,43.58,4.11,24.71,0.64,0.65,4.0,YAHOO,1.7379,2.4326,1.2748,0.059142,2.5368,-0.8706,83.9,2026-10-15,31,,,yahoo,1.0,0.0,1.0,1.0,0.0,0.0,0.0,0.0,1.0,-1.5655,-3.9161,-5.7384,-8.4502,19.9786,22.7745,143.36,150.06,150.06,-5.6989,-9.9094,-9.9094
EFX,172.2899932861328,172.29,2026-09-14,False,167.25,174.72999572753906,1.95,-30.64,BAJO,20241471488.0,30.23,16.94,4.63,14.27,6.16,17.3,10.73,4.68,13.34,1.21,0.6,8.0,YAHOO,1.7379,2.4326,1.2748,0.059142,2.5368,-0.8706,83.9,2026-10-20,36,,,yahoo,1.0,1.0,1.0,1.0,1.0,0.0,1.0,1.0,1.0,-2.6885,-11.0945,0.6864,5.5451,26.4065,43.2789,194.0692,194.0692,259.3654,-11.2224,-11.2224,-33.5725
DE,681.4600219726562,681.46,2026-09-14,False,668.260009765625,687.972900390625,0.85,48.61,BAJO,183738941440.0,37.92,30.01,6.56,18.24,3.76,17.48,10.17,2.46,25.98,3.76,2.13,5.0,YAHOO,1.7379,2.4326,1.2748,0.059142,2.5368,-0.8706,83.9,2026-11-25,72,2026-08-20,25.0,yahoo,1.0,0.0,1.0,1.0,0.0,1.0,1.0,0.0,0.0,-1.7404,8.1116,15.6036,18.3117,9.6023,34.9708,698.37,698.37,698.37,-2.4213,-2.4213,-2.4213
DHR,203.25,203.25,2026-09-14,False,199.08999633789062,203.80999755859375,1.55,10.12,BAJO,142881914880.0,36.29,21.86,2.72,7.61,3.95,19.78,15.95,3.03,20.45,0.53,1.65,5.0,YAHOO,1.7379,2.4326,1.2748,0.059142,2.5368,-0.8706,83.9,2026-10-20,36,,,yahoo,1.0,0.0,1.0,1.0,0.0,1.0,1.0,0.0,0.0,-2.1237,-5.9333,1.2252,13.0881,23.7512,39.2919,218.85,218.85,241.0351,-7.1282,-7.1282,-15.6762
LIN,464.4100036621094,464.41,2026-09-14,False,461.3500061035156,467.8800048828125,-0.39,0.26,BAJO,214083796992.0,30.0,23.75,5.48,18.4,7.16,28.12,20.43,1.94,17.27,0.69,0.88,5.0,YAHOO,1.7379,2.4326,1.2748,0.059142,2.5368,-0.8706,83.9,2026-10-30,46,,,yahoo,1.0,0.0,1.0,1.0,0.0,0.0,1.0,1.0,0.0,-2.7556,-4.8151,-9.3768,-11.0072,13.7966,21.0973,488.7206,544.8458,544.8458,-4.9743,-14.763,-14.763
SPGI,418.5400085449219,418.54,2026-09-14,False,415.75,423.2799987792969,1.91,-16.43,BAJO,123385593856.0,25.47,20.7,3.92,14.26,7.03,44.79,30.54,4.42,17.21,0.43,0.95,7.0,YAHOO,1.7379,2.4326,1.2748,0.059142,2.5368,-0.8706,83.9,2026-10-29,45,,,yahoo,1.0,1.0,1.0,1.0,0.0,0.0,1.0,1.0,1.0,-5.6301,-5.498,-5.6246,5.8438,32.039,34.4697,450.58,456.3554,513.3385,-7.1108,-8.2864,-18.4671
TJX,125.98999786376953,125.99,2026-09-14,False,125.79000091552734,127.7699966430664,-0.02,-8.14,BAJO,138585718784.0,23.29,21.82,13.38,62.17,13.54,10.91,9.73,3.17,16.5,1.34,1.15,7.0,YAHOO,1.7379,2.4326,1.2748,0.059142,2.5368,-0.8706,83.9,2026-11-18,65,2026-08-19,26.0,yahoo,1.0,1.0,1.0,1.0,1.0,0.0,1.0,1.0,0.0,-4.6108,-6.757,-16.283,-24.9525,17.3445,24.2202,150.85,164.6505,167.8803,-16.48,-23.4803,-24.9525
JCI,137.75999450683594,137.76,2026-09-14,False,135.78500366210938,140.4499969482422,-5.65,30.05,BAJO,83446939648.0,38.81,22.77,6.19,14.33,5.4,15.88,14.32,3.58,22.5,0.7,1.0,6.0,YAHOO,1.7379,2.4326,1.2748,0.059142,2.5368,-0.8706,83.9,2026-11-04,51,,,yahoo,1.0,1.0,1.0,0.0,0.0,0.0,1.0,1.0,1.0,-4.9538,-1.311,-3.5024,-4.7039,51.4183,32.1044,153.92,154.76,154.76,-10.499,-10.9848,-10.9848
ADP,276.6300048828125,276.63,2026-09-14,False,271.0799865722656,277.2650146484375,3.12,-0.61,BAJO,109894795264.0,25.26,20.65,18.25,72.24,6.25,23.46,20.11,4.77,16.82,0.91,1.05,6.0,YAHOO,1.7379,2.4326,1.2748,0.059142,2.5368,-0.8706,83.9,2026-10-28,44,,,yahoo,1.0,0.0,1.0,1.0,0.0,1.0,1.0,1.0,0.0,0.2811,-3.1583,12.4986,23.0717,26.915,31.1008,285.6519,285.6519,285.6519,-3.1583,-3.1583,-3.1583
ECL,275.510009765625,275.51,2026-09-14,False,273.8299865722656,277.114990234375,-0.24,4.42,BAJO,77233340416.0,36.93,29.25,7.68,21.96,7.23,18.52,12.57,1.91,20.81,1.38,1.84,6.0,YAHOO,1.7379,2.4326,1.2748,0.059142,2.5368,-0.8706,83.9,2026-10-27,43,,,yahoo,1.0,0.0,1.0,1.0,1.0,0.0,1.0,1.0,0.0,-1.3499,-3.9198,1.9463,4.0883,24.6778,21.3574,290.6,290.6,306.69,-5.1927,-5.1927,-10.1666
SHW,324.5,324.5,2026-09-14,False,317.8500061035156,327.385009765625,0.37,-6.74,BAJO,78775017472.0,29.96,23.86,20.32,65.12,9.52,18.12,11.01,3.18,19.7,3.9,0.73,6.0,YAHOO,1.7379,2.4326,1.2748,0.059142,2.5368,-0.8706,83.9,2026-10-27,43,,,yahoo,1.0,0.0,1.0,1.0,0.0,1.0,1.0,1.0,0.0,-2.7599,-5.9038,-2.1186,2.5055,24.7512,32.3232,352.7746,368.8774,369.9613,-8.0149,-12.0304,-12.2881
ROST,230.0399932861328,230.04,2026-09-14,False,228.25,231.85000610351562,-0.3,59.26,BAJO,73792479232.0,27.85,25.72,10.91,42.63,12.78,13.58,10.85,2.71,20.22,0.7,1.61,6.0,YAHOO,1.7379,2.4326,1.2748,0.059142,2.5368,-0.8706,83.9,2026-11-19,66,2026-08-20,25.0,yahoo,1.0,0.0,1.0,1.0,1.0,0.0,1.0,0.0,1.0,-0.089,0.8465,2.0701,-4.0167,26.8995,28.4667,241.0541,254.7377,254.7377,-4.5692,-9.6953,-9.6953
VRTX,519.510009765625,519.51,2026-09-14,False,514.655029296875,525.2899780273438,0.79,33.65,BAJO,131675488256.0,30.27,25.8,6.5,23.54,11.93,38.05,35.0,2.0,24.66,0.1,3.19,6.0,YAHOO,1.7379,2.4326,1.2748,0.059142,2.5368,-0.8706,83.9,2026-11-02,49,,,yahoo,1.0,1.0,1.0,0.0,0.0,1.0,1.0,1.0,0.0,-4.8726,-4.0946,8.8937,16.7622,17.4347,30.858,557.96,557.96,557.96,-6.8912,-6.8912,-6.8912
DD,124.29000091552734,124.29,2026-09-14,False,122.80000305175781,125.0,-2.13,32.2,BAJO,16784491520.0,53.57,15.6,1.22,1.79,2.07,14.24,0.79,10.93,11.58,0.23,2.43,6.0,YAHOO,1.7379,2.4326,1.2748,0.059142,2.5368,-0.8706,83.9,2026-11-05,52,,,yahoo,0.0,0.0,1.0,1.0,1.0,0.0,1.0,1.0,1.0,-5.5475,-8.8649,-7.4323,-13.7748,18.5654,22.8423,142.4433,146.7245,152.6918,-12.7442,-15.2902,-18.6007
HOOD,114.33000183105469,114.33,2026-09-14,False,111.9800033569336,116.33999633789062,1.56,1.09,BAJO,102792085504.0,50.59,33.78,10.84,23.62,4.53,43.88,42.01,,,2.4,1.12,4.0,YAHOO,1.7379,2.4326,1.2748,0.059142,2.5368,-0.8706,83.9,2026-11-04,51,,,yahoo,1.0,0.0,1.0,0.0,0.0,0.0,0.0,1.0,1.0,-6.3713,9.6585,-1.0473,22.6848,24.6037,73.3859,124.72,124.72,152.46,-8.3307,-8.3307,-25.0098
GEV,874.760009765625,874.76,2026-09-14,False,868.25,892.8099975585938,-8.62,40.98,BAJO,232977973248.0,25.11,34.56,19.48,82.58,2.54,7.47,23.04,6.75,57.33,0.28,0.85,7.0,YAHOO,1.7379,2.4326,1.2748,0.059142,2.5368,-0.8706,83.9,2026-10-28,44,,,yahoo,1.0,1.0,1.0,1.0,1.0,0.0,1.0,1.0,0.0,-7.1331,-4.076,-17.1064,-6.9582,79.4156,56.8962,1079.0,1174.86,1174.86,-18.9286,-25.5435,-25.5435
DELL,534.280029296875,534.28,2026-09-14,False,525.8499755859375,546.2899780273438,-5.82,328.25,BAJO,339702054912.0,31.08,18.63,-241.54,,8.64,12.02,7.52,1.78,20.5,,0.96,7.0,YAHOO,1.7379,2.4326,1.2748,0.059142,2.5368,-0.8706,83.9,2026-11-27,74,2026-09-01,13.0,yahoo,1.0,1.0,1.0,1.0,1.0,1.0,1.0,0.0,0.0,1.9346,17.105,29.6799,35.2891,131.4374,83.3078,567.29,567.29,567.29,-5.8189,-5.8189,-5.8189
GLW,143.60000610351562,143.6,2026-09-14,False,142.77000427246094,154.25,-13.7,87.28,BAJO,123695374336.0,66.48,33.01,10.36,16.81,5.37,15.65,11.2,0.59,32.1,0.71,1.81,7.0,YAHOO,1.7379,2.4326,1.2748,0.059142,2.5368,-0.8706,83.9,2026-10-27,43,,,yahoo,1.0,1.0,1.0,1.0,1.0,0.0,0.0,1.0,1.0,-6.9345,-3.4297,-17.5102,-19.7152,115.7558,94.4726,172.8845,255.2094,255.2094,-16.9387,-43.7325,-43.7325
WDC,426.94000244140625,426.94,2026-09-14,False,416.0,436.2799987792969,-4.53,319.28,BAJO,153929351168.0,15.86,13.45,22.45,130.85,20.76,43.61,72.95,1.47,32.16,13.44,1.33,6.0,YAHOO+FINNHUB,1.7379,2.4326,1.2748,0.059142,2.5368,-0.8706,83.9,2026-11-05,52,,,yahoo,1.0,1.0,1.0,0.0,0.0,1.0,0.0,1.0,1.0,-8.6388,-7.046,-16.8852,-24.1332,41.4035,93.1284,535.838,745.9905,745.9905,-20.3229,-42.7687,-42.7687
FISV,50.9900016784668,50.99,2026-09-14,False,50.779998779296875,52.900001525878906,-1.14,-60.03,BAJO,27114786816.0,9.77,6.31,1.01,10.77,3.49,23.07,,,,1.04,1.04,5.0,YAHOO+FINNHUB,1.7379,2.4326,1.2748,0.059142,2.5368,-0.8706,83.9,2026-10-28,44,,,yahoo,1.0,1.0,1.0,1.0,0.0,0.0,1.0,0.0,0.0,-3.7924,-4.1181,1.251,-5.1878,64.6711,39.097,53.31,55.78,135.7,-4.3519,-8.5873,-62.4245
BKR,56.779998779296875,56.78,2026-09-14,False,56.244998931884766,58.97999954223633,-3.86,26.13,BAJO,56364032000.0,18.26,18.25,2.83,16.46,4.85,12.83,11.17,7.83,11.53,0.81,2.1,7.0,YAHOO,1.7379,2.4326,1.2748,0.059142,2.5368,-0.8706,83.9,2026-10-22,38,,,yahoo,1.0,0.0,1.0,1.0,1.0,1.0,1.0,1.0,0.0,-10.5827,-9.021,-0.4561,-9.742,47.2309,33.0456,64.9,64.9,69.1833,-12.5116,-12.5116,-17.9282
CCL,22.559999465942383,22.56,2026-09-14,False,22.1200008392334,22.809999465942383,-0.84,-25.1,BAJO,30899283968.0,10.16,8.59,2.39,26.69,5.37,12.79,11.24,6.15,7.55,2.02,0.33,8.0,YAHOO,1.7379,2.4326,1.2748,0.059142,2.5368,-0.8706,83.9,2026-09-28,14,,,yahoo,1.0,1.0,1.0,1.0,1.0,1.0,0.0,1.0,1.0,-4.0408,-8.8853,-14.7117,-22.2818,22.4888,34.8927,27.73,30.7092,33.4524,-18.6441,-26.5366,-32.561
BKNG,175.35000610351562,175.35,2026-09-14,False,174.57000732421875,182.0,0.82,-18.91,BAJO,131754573824.0,19.46,14.17,-12.33,,20.38,34.41,25.53,5.86,12.91,,1.09,6.0,YAHOO,1.7379,2.4326,1.2748,0.059142,2.5368,-0.8706,83.9,2026-10-27,43,,,yahoo,1.0,0.0,1.0,1.0,0.0,1.0,1.0,0.0,1.0,-9.0623,-14.5195,-3.8438,6.5681,34.2277,42.8959,213.265,213.9034,221.006,-17.7783,-18.0237,-20.6582
HWM,227.1300048828125,227.13,2026-09-14,False,223.02999877929688,229.3800048828125,-1.08,21.79,BAJO,90579763200.0,48.95,35.24,15.85,34.73,12.81,28.5,20.52,1.31,33.89,0.81,1.82,8.0,YAHOO,1.7379,2.4326,1.2748,0.059142,2.5368,-0.8706,83.9,2026-11-05,52,,,yahoo,1.0,1.0,1.0,1.0,1.0,0.0,1.0,1.0,1.0,-12.3963,-14.242,-18.622,-14.1422,20.805,37.8749,292.65,292.65,292.65,-22.3885,-22.3885,-22.3885
WELL,234.2100067138672,234.21,2026-09-14,False,234.2100067138672,240.2899932861328,-0.6,42.22,BAJO,168765177856.0,104.56,73.65,3.63,3.84,0.83,16.56,12.15,1.63,56.22,0.41,1.32,7.0,YAHOO,1.7379,2.4326,1.2748,0.059142,2.5368,-0.8706,83.9,2026-10-26,42,,,yahoo,1.0,0.0,1.0,1.0,1.0,1.0,0.0,1.0,1.0,-0.8299,-1.6214,0.7734,9.7391,4.8174,22.3078,241.56,251.122,251.122,-3.0427,-6.7346,-6.7346
XYZ,79.48999786376953,79.49,2026-09-14,False,78.53500366210938,80.56999969482422,0.35,8.04,BAJO,47757193216.0,141.95,15.39,2.17,1.61,2.01,7.0,1.43,-0.06,31.11,0.33,2.21,6.0,YAHOO,1.7379,2.4326,1.2748,0.059142,2.5368,-0.8706,83.9,2026-11-09,56,,,yahoo,1.0,0.0,1.0,1.0,1.0,0.0,1.0,1.0,0.0,-3.9512,-4.8821,-2.8358,14.3412,8.9272,38.6664,84.85,84.85,84.85,-6.317,-6.317,-6.317
A,146.8000030517578,146.8,2026-09-14,False,144.64999389648438,148.5,-0.09,19.31,BAJO,41392582656.0,28.95,21.72,5.62,20.97,8.63,25.56,19.53,2.56,21.06,0.56,2.05,,YAHOO,1.7379,2.4326,1.2748,0.059142,2.5368,-0.8706,83.9,2026-11-25,72,2026-08-26,19.0,yahoo,1.0,0.0,1.0,1.0,1.0,0.0,1.0,0.0,0.0,-2.6912,-4.5762,8.9748,13.2797,29.5675,28.2505,159.0,159.0,159.0,-7.673,-7.673,-7.673
ACGL,97.94999694824219,97.95,2026-09-14,False,96.875,98.2300033569336,1.94,10.53,BAJO,33423390720.0,7.66,10.04,1.43,19.94,4.12,26.58,24.4,12.87,5.99,0.18,0.59,,YAHOO,1.7379,2.4326,1.2748,0.059142,2.5368,-0.8706,83.9,2026-10-26,42,,,yahoo,1.0,0.0,1.0,1.0,1.0,0.0,1.0,0.0,1.0,-0.1529,-0.9004,-0.5987,6.8623,14.7492,23.4971,101.14,106.48,106.48,-3.154,-8.0109,-8.0109
ADM,86.44000244140625,86.44,2026-09-14,False,86.06210327148438,88.7300033569336,-0.32,48.5,BAJO,41660588032.0,23.62,15.22,1.77,7.64,2.26,4.01,2.16,2.8,16.81,0.39,1.39,,YAHOO,1.7379,2.4326,1.2748,0.059142,2.5368,-0.8706,83.9,2026-11-03,50,,,yahoo,1.0,0.0,1.0,1.0,1.0,0.0,0.0,0.0,0.0,2.1629,6.0093,5.697,8.4105,20.2624,26.739,86.91,86.91,86.91,-0.5408,-0.5408,-0.5408
ADSK,228.92999267578125,228.93,2026-09-14,False,218.99000549316406,230.42660522460938,7.78,-27.17,BAJO,47846367232.0,29.69,16.11,14.14,53.85,11.47,29.23,21.08,6.6,20.73,1.1,0.85,,YAHOO,1.7379,2.4326,1.2748,0.059142,2.5368,-0.8706,83.9,2026-11-27,74,2026-08-27,18.0,yahoo,1.0,0.0,1.0,1.0,0.0,1.0,1.0,1.0,1.0,5.062,-12.1729,9.5464,15.3707,69.6372,47.9261,270.58,270.58,324.86,-15.3929,-15.3929,-29.5296
AEE,103.97000122070312,103.97,2026-09-14,False,103.7699966430664,105.61000061035156,-0.89,7.95,BAJO,28783394816.0,18.3,17.88,2.1,11.94,3.06,25.24,18.58,-6.21,13.04,1.58,0.53,,YAHOO,1.7379,2.4326,1.2748,0.059142,2.5368,-0.8706,83.9,2026-11-04,51,,,yahoo,1.0,1.0,1.0,1.0,1.0,0.0,0.0,0.0,1.0,-1.6553,-1.331,-5.9907,-3.938,8.135,19.3534,108.8975,117.4865,117.4865,-4.5249,-11.5047,-11.5047
AEP,122.2300033569336,122.23,2026-09-14,False,121.74449920654297,123.80000305175781,-0.89,17.04,BAJO,66541694976.0,21.18,17.83,2.07,10.13,2.98,23.25,13.78,-9.01,13.37,1.61,0.5,,YAHOO,1.7379,2.4326,1.2748,0.059142,2.5368,-0.8706,83.9,2026-10-29,45,,,yahoo,1.0,1.0,1.0,1.0,0.0,1.0,0.0,0.0,0.0,-1.8233,-0.0654,-7.0486,-4.6966,6.1247,19.2313,126.53,137.6421,137.6421,-3.3984,-11.1972,-11.1972
AES,14.800000190734863,14.8,2026-09-14,False,14.795000076293945,14.829999923706055,0.07,20.76,BAJO,10558892032.0,5.54,6.24,2.14,9.57,2.96,18.67,14.34,-29.26,12.17,2.57,0.75,,YAHOO,1.7379,2.4326,1.2748,0.059142,2.5368,-0.8706,83.9,2026-11-04,51,,,yahoo,1.0,0.0,1.0,1.0,1.0,0.0,0.0,0.0,0.0,0.0676,0.4752,1.1311,2.0266,1.3489,3.1379,14.83,14.83,16.8672,-0.2023,-0.2023,-12.2559
AFL,117.01000213623047,117.01,2026-09-14,False,114.05999755859375,117.08999633789062,1.5,11.72,BAJO,58662178816.0,12.62,15.46,1.94,16.91,3.13,25.72,26.91,8.78,10.87,0.53,0.89,,YAHOO,1.7379,2.4326,1.2748,0.059142,2.5368,-0.8706,83.9,2026-11-04,51,,,yahoo,1.0,0.0,1.0,0.0,0.0,0.0,1.0,0.0,0.0,-0.1706,0.4205,-2.8185,-0.1704,13.8832,18.6734,121.12,128.9008,128.9008,-3.3933,-9.2248,-9.2248
AIZ,283.2699890136719,283.27,2026-09-14,False,282.2200012207031,286.4649963378906,0.29,39.37,BAJO,13971943424.0,13.55,12.09,2.29,18.34,2.56,11.73,7.9,15.38,8.12,0.36,0.38,,YAHOO,1.7379,2.4326,1.2748,0.059142,2.5368,-0.8706,83.9,2026-11-03,50,,,yahoo,1.0,1.0,1.0,1.0,0.0,0.0,1.0,0.0,1.0,-0.8644,-0.5267,3.733,8.8721,4.8413,21.9425,287.71,300.641,300.641,-1.5432,-5.778,-5.778
AJG,253.3000030517578,253.3,2026-09-14,False,245.79249572753906,254.22000122070312,5.4,-9.92,BAJO,64931172352.0,42.01,17.01,2.74,6.72,2.32,19.16,10.38,3.21,18.11,0.59,1.05,,YAHOO,1.7379,2.4326,1.2748,0.059142,2.5368,-0.8706,83.9,2026-10-29,45,,,yahoo,1.0,0.0,1.0,1.0,1.0,0.0,0.0,1.0,1.0,-3.3169,-5.0767,2.5051,16.1355,57.0582,36.7481,271.2652,271.2652,306.8697,-6.6227,-6.6227,-17.4568
AKAM,105.56999969482422,105.57,2026-09-14,False,102.5,107.85990142822266,-1.14,39.6,BAJO,15172162560.0,38.25,14.69,3.19,8.92,2.52,7.63,9.51,4.68,19.75,1.97,1.64,,YAHOO,1.7379,2.4326,1.2748,0.059142,2.5368,-0.8706,83.9,2026-11-05,52,,,yahoo,1.0,0.0,1.0,1.0,0.0,1.0,1.0,0.0,0.0,0.3326,-1.7679,-12.0323,-20.9213,54.8167,52.2721,122.97,129.52,161.14,-14.1498,-18.4914,-34.4855
ALB,115.02999877929688,115.03,2026-09-14,False,114.2699966430664,117.0,-2.12,45.1,BAJO,13574121472.0,426.04,10.18,1.69,2.65,3.16,27.71,3.79,9.83,11.09,0.19,2.09,,YAHOO,1.7379,2.4326,1.2748,0.059142,2.5368,-0.8706,83.9,2026-11-04,51,,,yahoo,0.0,1.0,1.0,1.0,0.0,1.0,0.0,1.0,0.0,-8.6019,-15.9744,-7.4735,-32.2747,8.7208,42.7438,142.769,159.8116,214.3488,-19.4293,-28.0215,-46.3351
ALGN,153.0,153.0,2026-09-14,False,150.6699981689453,153.85499572753906,1.45,18.27,BAJO,10869097472.0,26.56,12.19,2.58,10.15,7.56,18.25,9.99,5.47,10.51,0.03,1.4,,YAHOO,1.7379,2.4326,1.2748,0.059142,2.5368,-0.8706,83.9,2026-10-28,44,,,yahoo,1.0,0.0,1.0,1.0,1.0,1.0,1.0,0.0,1.0,-3.5552,-2.9065,-15.5909,-12.4914,18.959,39.6799,171.16,188.39,197.51,-10.61,-18.7855,-22.5356
ALL,258.4800109863281,258.48,2026-09-14,False,255.3800048828125,258.760009765625,1.88,35.35,BAJO,65358725120.0,5.18,9.36,2.07,46.11,8.68,22.83,18.97,23.19,4.04,0.22,0.36,,YAHOO,1.7379,2.4326,1.2748,0.059142,2.5368,-0.8706,83.9,2026-11-04,51,,,yahoo,1.0,1.0,1.0,0.0,1.0,0.0,1.0,0.0,0.0,-0.4199,-0.393,8.3831,17.1122,17.4683,29.7855,263.11,273.9698,273.9698,-1.7597,-5.6538,-5.6538
ALLE,155.38999938964844,155.39,2026-09-14,False,152.0,156.49000549316406,1.33,-9.59,BAJO,13213865984.0,20.39,15.9,6.24,33.73,11.03,22.1,15.36,3.67,14.4,1.05,1.93,,YAHOO,1.7379,2.4326,1.2748,0.059142,2.5368,-0.8706,83.9,2026-10-22,38,,,yahoo,1.0,0.0,1.0,1.0,1.0,0.0,1.0,1.0,0.0,-1.1011,-1.3272,14.4088,16.4668,30.9213,32.6211,162.76,168.94,178.3568,-4.5281,-8.0206,-12.8769
AMCR,42.25,42.25,2026-09-14,False,42.064998626708984,42.58000183105469,-0.17,9.78,BAJO,19534106624.0,17.75,9.7,1.66,9.4,3.57,9.69,4.71,7.7,9.49,1.28,1.25,,YAHOO,1.7379,2.4326,1.2748,0.059142,2.5368,-0.8706,83.9,2026-11-05,52,,,yahoo,1.0,1.0,1.0,1.0,0.0,1.0,0.0,1.0,1.0,-6.423,-8.17,-1.2511,5.5592,19.139,29.6352,47.9018,47.9018,48.4112,-11.7986,-11.7986,-12.7269
AME,233.64999389648438,233.65,2026-09-14,False,231.2899932861328,238.6649932861328,-3.4,25.36,BAJO,53566889984.0,34.16,24.38,4.76,14.56,8.16,26.18,20.04,2.79,22.15,0.21,1.21,,YAHOO,1.7379,2.4326,1.2748,0.059142,2.5368,-0.8706,83.9,2026-10-29,45,,,yahoo,1.0,0.0,1.0,1.0,1.0,0.0,1.0,1.0,0.0,-1.7121,-1.1005,0.0557,3.0294,43.5989,24.3874,254.17,258.52,258.52,-8.0733,-9.6201,-9.6201
AMP,558.5399780273438,558.54,2026-09-14,False,552.5900268554688,562.3499755859375,0.17,17.58,BAJO,49337630720.0,13.5,10.81,7.76,63.43,2.28,30.72,19.9,5.88,,0.68,2.18,,YAHOO,1.7379,2.4326,1.2748,0.059142,2.5368,-0.8706,83.9,2026-10-29,45,,,yahoo,1.0,0.0,1.0,1.0,0.0,0.0,1.0,0.0,1.0,-0.3604,-0.1395,6.2595,22.0319,10.7338,23.2335,565.08,570.68,570.68,-1.1574,-2.1273,-2.1273
AMT,176.94000244140625,176.94,2026-09-14,False,174.85000610351562,179.47000122070312,-0.51,-3.01,BAJO,82446974976.0,24.34,25.24,22.16,33.91,4.89,45.41,31.08,3.54,18.83,4.39,0.35,,YAHOO,1.7379,2.4326,1.2748,0.059142,2.5368,-0.8706,83.9,2026-10-27,43,,,yahoo,1.0,1.0,1.0,1.0,1.0,0.0,1.0,0.0,1.0,0.6198,0.4029,4.9279,-5.4707,29.0291,29.1956,178.57,179.38,192.2845,-0.9128,-1.3602,-7.9801
AON,311.5400085449219,311.54,2026-09-14,False,305.989990234375,312.3900146484375,2.92,-12.42,BAJO,66085560320.0,17.18,15.34,6.88,44.7,5.83,23.46,22.27,4.83,13.72,1.63,1.03,,YAHOO,1.7379,2.4326,1.2748,0.059142,2.5368,-0.8706,83.9,2026-10-30,46,,,yahoo,1.0,1.0,1.0,0.0,1.0,1.0,1.0,1.0,1.0,-3.5749,-12.341,-12.0794,-6.8772,45.1528,35.2264,359.1,380.3929,380.3929,-13.2442,-18.1005,-18.1005
AOS,57.380001068115234,57.38,2026-09-14,False,56.779998779296875,57.79999923706055,-0.02,-18.39,BAJO,7798434304.0,15.98,14.03,4.23,27.13,12.54,18.93,13.15,6.21,10.58,0.37,1.59,,YAHOO,1.7379,2.4326,1.2748,0.059142,2.5368,-0.8706,83.9,2026-10-27,43,,,yahoo,1.0,1.0,1.0,1.0,1.0,0.0,1.0,1.0,1.0,-5.1257,-4.9685,-4.2821,-2.2893,23.4306,30.7204,63.8,63.98,79.5335,-10.0627,-10.3157,-27.8543
APA,45.029998779296875,45.03,2026-09-14,False,44.82500076293945,46.59000015258789,0.67,104.93,BAJO,15776328704.0,9.5,10.25,2.25,26.66,11.6,56.33,19.56,13.61,3.52,0.49,0.95,,YAHOO,1.7379,2.4326,1.2748,0.059142,2.5368,-0.8706,83.9,2026-11-04,51,,,yahoo,1.0,1.0,1.0,1.0,1.0,0.0,1.0,0.0,1.0,5.2841,5.8533,32.3225,22.4931,24.2999,40.7551,45.03,45.03,45.03,0.0,0.0,0.0
APD,287.1300048828125,287.13,2026-09-14,False,286.5350036621094,293.3500061035156,-1.48,3.34,BAJO,63939698688.0,,19.89,4.61,0.02,4.73,25.54,-0.38,-2.34,18.25,1.1,1.08,,YAHOO,1.7379,2.4326,1.2748,0.059142,2.5368,-0.8706,83.9,2026-11-05,52,,,yahoo,0.0,0.0,1.0,1.0,0.0,0.0,0.0,0.0,0.0,-4.6935,-6.8032,-2.2336,2.5899,6.3993,27.7993,309.46,314.19,314.19,-7.2158,-8.6126,-8.6126
APH,78.55000305175781,78.55,2026-09-14,False,78.36000061035156,81.5999984741211,-6.4,34.18,BAJO,193701707776.0,39.27,23.99,12.5,38.12,14.47,29.78,17.73,1.97,23.3,1.2,1.89,,YAHOO,1.7379,2.4326,1.2748,0.059142,2.5368,-0.8706,83.9,2026-10-28,44,,,yahoo,1.0,1.0,1.0,1.0,0.0,1.0,0.0,1.0,0.0,-5.1099,-0.4057,0.0382,2.2998,71.3092,44.453,85.435,88.16,88.16,-8.0588,-10.9006,-10.9006
APO,128.30999755859375,128.31,2026-09-14,False,126.48999786376953,129.9600067138672,-0.52,-4.28,BAJO,75772592128.0,45.66,11.95,3.77,11.41,0.94,21.95,5.27,,,1.01,1.95,,YAHOO,1.7379,2.4326,1.2748,0.059142,2.5368,-0.8706,83.9,2026-11-03,50,,,yahoo,1.0,0.0,1.0,1.0,0.0,0.0,0.0,0.0,1.0,-4.0099,-4.9837,5.7637,-3.7556,20.6888,36.8984,136.58,142.9761,150.8032,-6.0551,-10.2577,-14.9156
APP,334.239990234375,334.24,2026-09-14,False,320.3999938964844,338.3399963378906,3.17,-42.12,BAJO,112284418048.0,25.67,15.93,35.43,203.69,46.46,77.68,64.58,2.83,20.11,1.11,4.3,,YAHOO,1.7379,2.4326,1.2748,0.059142,2.5368,-0.8706,83.9,2026-11-04,51,,,yahoo,1.0,1.0,1.0,1.0,1.0,1.0,1.0,1.0,1.0,4.2675,5.1863,-26.1723,-32.7174,42.2343,68.9213,334.24,564.61,733.6,0.0,-40.8016,-54.4384
APTV,44.790000915527344,44.79,2026-09-14,False,44.16999816894531,45.31999969482422,-1.65,-44.38,BAJO,9299897344.0,20.27,6.85,1.07,5.16,6.72,12.68,1.07,17.38,4.4,0.65,2.02,,YAHOO,1.7379,2.4326,1.2748,0.059142,2.5368,-0.8706,83.9,2026-10-29,45,,,yahoo,1.0,0.0,1.0,1.0,1.0,1.0,1.0,1.0,1.0,-6.5902,-2.0984,-24.0332,-34.1808,36.6305,49.1174,50.04,63.68,88.67,-10.4916,-29.6639,-49.4869
ARE,51.959999084472656,51.96,2026-09-14,False,51.209999084472656,52.70000076293945,1.6,-34.05,BAJO,8942070784.0,,-64.15,0.57,-4.08,0.93,17.28,-36.08,15.04,14.16,0.69,2.35,,YAHOO,1.7379,2.4326,1.2748,0.059142,2.5368,-0.8706,83.9,2026-10-26,42,,,yahoo,0.0,0.0,1.0,1.0,0.0,1.0,1.0,0.0,1.0,-1.3105,0.7563,6.694,-0.9934,34.802,43.4115,54.04,54.87,82.4287,-3.849,-5.3034,-36.9637
ARES,131.52000427246094,131.52,2026-09-14,False,129.89999389648438,132.92990112304688,-0.09,-22.68,BAJO,43635171328.0,60.05,18.28,11.92,14.94,2.59,19.38,10.63,4.95,34.3,1.72,0.54,,YAHOO,1.7379,2.4326,1.2748,0.059142,2.5368,-0.8706,83.9,2026-11-02,49,,,yahoo,1.0,0.0,1.0,1.0,1.0,0.0,0.0,0.0,1.0,-6.1577,-7.7247,5.3931,-1.5234,30.5049,40.8785,143.17,149.45,177.9959,-8.1372,-11.9973,-26.1107
ATO,163.83999633789062,163.84,2026-09-14,False,163.25999450683594,165.0749969482422,0.4,2.63,BAJO,27687084032.0,19.53,18.17,1.81,9.79,3.89,37.22,28.5,-8.02,14.29,0.68,0.81,,YAHOO,1.7379,2.4326,1.2748,0.059142,2.5368,-0.8706,83.9,2026-11-04,51,,,yahoo,1.0,1.0,1.0,1.0,0.0,0.0,0.0,1.0,1.0,-2.2201,-1.6862,-5.8019,-3.0196,10.9867,16.4246,170.2833,178.4242,190.0626,-3.7839,-8.1739,-13.7968
AVB,68.13999938964844,68.14,2026-08-24,False,67.36000061035156,68.62000274658203,2.02,0.38,BAJO,26283393024.0,25.25,36.58,2.17,8.49,2.63,30.63,33.32,5.36,19.14,0.75,0.34,,YAHOO,1.7379,2.4326,1.2748,0.059142,2.5368,-0.8706,83.9,2026-10-28,44,,,yahoo,1.0,0.0,1.0,1.0,0.0,0.0,1.0,0.0,0.0,7.0374,3.5221,,,14.1797,,68.9044,,,-1.1094,,
AWK,138.9199981689453,138.92,2026-09-14,False,137.52999877929688,139.72999572753906,0.89,5.25,BAJO,27607431168.0,24.08,21.16,2.37,10.1,3.52,40.66,21.35,-6.47,14.91,1.38,0.52,,YAHOO,1.7379,2.4326,1.2748,0.059142,2.5368,-0.8706,83.9,2026-10-28,44,,,yahoo,1.0,0.0,1.0,1.0,1.0,1.0,0.0,1.0,1.0,-1.2651,0.4483,8.23,10.7149,15.9282,23.1222,140.89,140.89,141.5679,-1.3983,-1.3983,-1.8704
AXON,490.17999267578125,490.18,2026-09-14,False,473.4949951171875,499.80999755859375,2.26,-34.04,BAJO,39820955648.0,204.24,46.36,10.84,6.22,0.51,5.17,6.19,0.56,242.87,0.5,2.15,,YAHOO,1.7379,2.4326,1.2748,0.059142,2.5368,-0.8706,83.9,2026-11-03,50,,,yahoo,1.0,0.0,1.0,1.0,0.0,1.0,0.0,0.0,0.0,-4.9431,-18.4026,-9.4138,10.9682,38.2586,75.8347,645.72,645.72,777.58,-24.0878,-24.0878,-36.9608
AZO,2965.52001953125,2965.52,2026-09-14,False,2905.719970703125,2973.989990234375,3.09,-28.42,BAJO,48413167078.45459,20.41,16.95,-17.43,,11.39,19.08,12.4,1.87,14.36,,0.89,,YAHOO,1.7379,2.4326,1.2748,0.059142,2.5368,-0.8706,83.9,2026-09-22,8,,,yahoo,1.0,0.0,1.0,1.0,1.0,1.0,1.0,0.0,0.0,-0.5957,0.1202,-0.17,-4.8384,32.2751,31.1783,3076.8899,3218.1499,4322.1499,-3.6196,-7.8502,-31.3878
BAX,23.860000610351562,23.86,2026-09-14,False,23.604999542236328,24.217899322509766,0.25,1.97,BAJO,12335524864.0,,11.72,1.99,-14.37,2.85,14.43,-9.27,8.11,10.52,1.56,1.95,,YAHOO,1.7379,2.4326,1.2748,0.059142,2.5368,-0.8706,83.9,2026-10-29,45,,,yahoo,0.0,0.0,1.0,1.0,0.0,1.0,0.0,0.0,1.0,-7.6268,-8.6873,7.7616,14.4257,15.0756,41.9472,26.6297,28.3391,28.3391,-10.4009,-15.8053,-15.8053
BBY,94.83000183105469,94.83,2026-09-14,False,90.52999877929688,94.91999816894531,4.44,35.82,BAJO,19888478208.0,15.78,13.15,6.27,43.13,7.25,3.9,3.01,7.06,7.93,1.3,1.12,,YAHOO,1.7379,2.4326,1.2748,0.059142,2.5368,-0.8706,83.9,2026-11-24,71,2026-08-27,18.0,yahoo,1.0,1.0,1.0,1.0,0.0,1.0,1.0,0.0,1.0,5.0515,15.0291,11.0812,22.3634,42.8892,35.6887,94.83,94.83,94.83,0.0,0.0,0.0
BDX,182.91000366210938,182.91,2026-09-14,False,179.60000610351562,183.52999877929688,2.85,29.92,BAJO,49822273536.0,31.65,13.76,2.04,6.61,4.34,15.73,4.19,8.99,10.77,0.69,0.86,,YAHOO,1.7379,2.4326,1.2748,0.059142,2.5368,-0.8706,83.9,2026-11-05,52,,,yahoo,1.0,1.0,1.0,1.0,0.0,0.0,1.0,1.0,1.0,-0.4067,-2.9186,18.7943,25.8128,30.8758,29.4642,190.8744,190.8744,190.8744,-4.1726,-4.1726,-4.1726
BEN,33.470001220703125,33.47,2026-09-14,False,32.888999938964844,33.68000030517578,-0.53,46.24,BAJO,17005334528.0,22.77,10.53,1.45,7.89,2.64,12.98,8.72,-17.59,11.43,0.25,5.49,,YAHOO,1.7379,2.4326,1.2748,0.059142,2.5368,-0.8706,83.9,2026-11-06,53,,,yahoo,1.0,1.0,1.0,1.0,0.0,0.0,1.0,1.0,1.0,-3.628,-3.4055,-0.4758,5.2161,11.1564,25.4954,35.03,35.77,35.77,-4.4533,-6.43,-6.43
BLDR,60.2400016784668,60.24,2026-09-14,False,59.4900016784668,61.47990036010742,-0.22,-55.5,BAJO,6481610752.0,65.48,13.62,1.62,2.51,2.39,3.33,0.71,7.17,11.41,1.31,1.79,,YAHOO,1.7379,2.4326,1.2748,0.059142,2.5368,-0.8706,83.9,2026-10-29,45,,,yahoo,1.0,0.0,1.0,1.0,0.0,0.0,1.0,0.0,0.0,-8.4359,-11.0455,-20.789,-22.5408,42.4412,57.5382,72.55,90.51,142.73,-16.9676,-33.4438,-57.7944
BLK,1065.5999755859375,1065.6,2026-09-14,False,1057.8399658203125,1080.0,-1.3,-0.87,BAJO,173134626816.0,25.51,16.57,2.87,12.28,3.74,35.08,24.09,4.38,15.77,0.23,2.45,,YAHOO,1.7379,2.4326,1.2748,0.059142,2.5368,-0.8706,83.9,2026-10-14,30,,,yahoo,1.0,0.0,1.0,0.0,1.0,0.0,0.0,0.0,0.0,-4.564,-8.0217,-2.0424,3.7857,25.6713,28.6986,1170.6326,1176.8008,1177.4279,-8.9723,-9.4494,-9.4976
BR,174.38999938964844,174.39,2026-09-14,False,170.24000549316406,175.14999389648438,3.96,-27.06,BAJO,19884261376.0,18.18,15.07,7.0,40.92,9.29,24.61,15.04,6.01,12.3,1.24,1.24,,YAHOO,1.7379,2.4326,1.2748,0.059142,2.5368,-0.8706,83.9,2026-11-03,50,,,yahoo,1.0,1.0,1.0,1.0,0.0,1.0,1.0,1.0,1.0,0.8734,-4.4521,19.0475,21.1183,32.9757,34.6535,184.3148,184.3148,246.3987,-5.3847,-5.3847,-29.2245
BRO,68.33000183105469,68.33,2026-09-14,False,67.02999877929688,68.69999694824219,3.23,-22.56,BAJO,22863927296.0,21.83,14.16,1.79,10.02,5.38,41.84,18.08,7.18,10.14,0.64,1.13,,YAHOO,1.7379,2.4326,1.2748,0.059142,2.5368,-0.8706,83.9,2026-10-26,42,,,yahoo,1.0,0.0,1.0,1.0,0.0,0.0,0.0,1.0,0.0,-4.3265,-6.7931,2.4352,14.166,37.1409,36.7747,74.62,74.6971,95.0407,-8.4294,-8.5239,-28.1045
BSX,45.04999923706055,45.05,2026-09-14,False,43.849998474121094,45.150001525878906,4.82,-53.37,BAJO,65287790592.0,18.24,13.14,2.61,15.34,6.19,22.9,17.5,3.75,13.06,0.5,1.24,,YAHOO,1.7379,2.4326,1.2748,0.059142,2.5368,-0.8706,83.9,2026-10-28,44,,,yahoo,1.0,1.0,1.0,1.0,0.0,1.0,0.0,1.0,1.0,-5.7531,-3.8215,4.6701,-3.965,58.2246,37.5384,52.01,52.01,104.98,-13.382,-13.382,-57.0871
BXP,64.5,64.5,2026-09-14,False,64.20999908447266,65.5199966430664,-0.31,-11.89,BAJO,11666593792.0,34.68,29.02,2.0,5.31,1.68,28.75,9.3,7.55,17.79,2.12,0.51,,YAHOO,1.7379,2.4326,1.2748,0.059142,2.5368,-0.8706,83.9,2026-10-27,43,,,yahoo,1.0,1.0,1.0,1.0,0.0,0.0,0.0,0.0,1.0,-4.7127,-6.9533,-6.4404,-1.6592,24.6674,27.2604,72.13,72.97,75.5641,-10.5781,-11.6075,-14.642
CAG,14.789999961853027,14.79,2026-09-14,False,14.729999542236328,15.029999732971191,1.3,-12.99,BAJO,7077985792.0,,9.49,1.11,-25.06,4.4,13.77,-16.98,12.14,8.23,1.18,0.9,,YAHOO,1.7379,2.4326,1.2748,0.059142,2.5368,-0.8706,83.9,2026-09-30,16,,,yahoo,0.0,0.0,1.0,1.0,0.0,1.0,0.0,0.0,1.0,-4.4574,-8.0796,6.1667,8.8711,26.1181,35.5105,16.67,16.67,19.3071,-11.2777,-11.2777,-23.3961
CARR,57.2599983215332,57.26,2026-09-14,False,55.3849983215332,57.400001525878906,-0.35,-3.54,BAJO,47200849920.0,40.9,17.31,3.59,8.97,2.98,13.07,5.52,1.83,18.94,0.92,1.02,,YAHOO,1.7379,2.4326,1.2748,0.059142,2.5368,-0.8706,83.9,2026-10-27,43,,,yahoo,1.0,0.0,1.0,1.0,0.0,0.0,1.0,0.0,0.0,-4.1032,-2.6025,-16.4011,-17.8002,27.0948,33.8312,62.56,75.7277,75.7277,-8.4719,-24.387,-24.387
CB,341.8500061035156,341.85,2026-09-14,False,339.8699951171875,343.6600036621094,1.06,27.28,BAJO,131885686784.0,12.12,11.74,1.75,14.82,3.36,23.53,18.07,7.95,10.38,0.31,0.41,,YAHOO,1.7379,2.4326,1.2748,0.059142,2.5368,-0.8706,83.9,2026-10-27,43,,,yahoo,1.0,1.0,1.0,1.0,1.0,0.0,1.0,0.0,0.0,0.3784,0.8716,1.6129,4.4928,6.4522,24.0727,347.2011,362.4052,362.4052,-1.5412,-5.6719,-5.6719
CBOE,284.5,284.5,2026-09-14,False,282.1199951171875,287.0400085449219,1.23,23.95,BAJO,29710624768.0,22.16,18.67,5.29,26.3,11.58,34.63,26.73,2.28,14.8,0.28,1.56,,YAHOO,1.7379,2.4326,1.2748,0.059142,2.5368,-0.8706,83.9,2026-10-30,46,,,yahoo,1.0,1.0,1.0,1.0,1.0,1.0,1.0,1.0,0.0,-4.6518,-8.1043,2.952,-3.2619,23.8694,38.0537,313.0803,313.0803,364.9193,-9.1288,-9.1288,-22.0376
CCI,74.16999816894531,74.17,2026-09-14,False,73.11000061035156,75.41500091552734,-1.92,-16.32,BAJO,32412289024.0,30.27,25.69,-9.66,,4.72,46.83,20.72,3.2,20.27,,0.52,,YAHOO,1.7379,2.4326,1.2748,0.059142,2.5368,-0.8706,83.9,2026-10-21,37,,,yahoo,1.0,1.0,1.0,1.0,1.0,0.0,0.0,0.0,0.0,-2.1891,-2.5873,-6.6692,-18.5813,31.8131,32.4537,77.26,84.33,95.3952,-3.9995,-12.0479,-22.2497
CDNS,279.05999755859375,279.06,2026-09-14,False,278.1000061035156,288.79998779296875,-3.56,-19.09,BAJO,76851167232.0,55.37,29.23,11.21,23.23,10.61,28.57,23.61,2.09,36.17,0.39,1.74,,YAHOO,1.7379,2.4326,1.2748,0.059142,2.5368,-0.8706,83.9,2026-10-26,42,,,yahoo,1.0,0.0,1.0,1.0,1.0,0.0,1.0,1.0,1.0,-4.6601,-18.0176,-24.8829,-27.5094,34.79,38.9693,347.55,389.04,416.39,-19.7065,-28.2696,-32.9811
CDW,151.6999969482422,151.7,2026-09-14,False,148.03500366210938,154.98699951171875,-1.36,-3.59,BAJO,18965143552.0,18.23,12.59,7.78,44.01,6.59,7.34,4.6,3.57,12.45,2.63,1.17,,YAHOO,1.7379,2.4326,1.2748,0.059142,2.5368,-0.8706,83.9,2026-11-03,50,,,yahoo,1.0,0.0,1.0,1.0,1.0,0.0,1.0,0.0,0.0,-0.4463,2.7151,16.4792,15.3073,70.3098,51.7844,153.92,153.92,163.9515,-1.4423,-1.4423,-7.4727
CF,131.24000549316406,131.24,2026-09-14,False,130.32000732421875,137.54299926757812,-1.38,58.48,BAJO,19861616640.0,9.74,12.28,3.46,29.87,12.93,49.33,27.12,6.43,6.24,0.41,4.86,,YAHOO,1.7379,2.4326,1.2748,0.059142,2.5368,-0.8706,83.9,2026-11-04,51,,,yahoo,1.0,1.0,1.0,1.0,0.0,1.0,1.0,1.0,1.0,-1.5823,4.3326,11.9642,20.4934,36.1409,37.4245,139.27,139.27,139.27,-5.7658,-5.7658,-5.7658
CFG,70.54000091552734,70.54,2026-09-14,False,69.54000091552734,71.0999984741211,0.09,43.06,BAJO,29709811712.0,15.37,10.8,1.24,8.27,0.94,35.13,26.05,,,,,,YAHOO,1.7379,2.4326,1.2748,0.059142,2.5368,-0.8706,83.9,2026-10-16,32,,,yahoo,1.0,1.0,1.0,1.0,1.0,0.0,1.0,0.0,1.0,-0.3391,1.1906,-0.1716,4.949,13.7926,23.9446,74.31,74.73,74.73,-5.0733,-5.6069,-5.6069
CHD,94.58000183105469,94.58,2026-09-14,False,94.45999908447266,95.69000244140625,0.46,6.52,BAJO,22434746368.0,30.31,23.41,5.16,17.04,7.87,18.07,11.96,4.19,18.09,0.56,1.15,,YAHOO,1.7379,2.4326,1.2748,0.059142,2.5368,-0.8706,83.9,2026-10-30,46,,,yahoo,1.0,1.0,1.0,1.0,1.0,0.0,1.0,0.0,1.0,-4.0284,-6.5969,-2.3385,-2.7589,15.6263,23.4418,102.86,103.3249,104.5985,-8.0498,-8.4635,-9.5781
CHRW,157.30999755859375,157.31,2026-09-14,False,151.92999267578125,157.81500244140625,2.97,21.36,BAJO,18381871104.0,30.02,20.98,11.32,37.12,9.96,5.34,3.73,2.61,21.66,1.21,1.58,,YAHOO,1.7379,2.4326,1.2748,0.059142,2.5368,-0.8706,83.9,2026-10-28,44,,,yahoo,1.0,1.0,1.0,1.0,0.0,1.0,1.0,1.0,0.0,6.5497,5.0525,-20.0058,-18.4533,20.4739,50.2206,157.31,208.5206,208.5206,0.0,-24.559,-24.559
CHTR,143.35000610351562,143.35,2026-09-14,False,143.22000122070312,148.33999633789062,-1.66,-43.49,BAJO,19320352768.0,3.73,3.42,1.01,27.2,5.31,23.5,9.05,11.38,5.42,4.42,0.36,,YAHOO,1.7379,2.4326,1.2748,0.059142,2.5368,-0.8706,83.9,2026-10-30,46,,,yahoo,1.0,0.0,1.0,1.0,1.0,1.0,1.0,1.0,0.0,-5.6846,-6.6853,9.2274,-1.6939,94.8583,57.3592,158.97,158.97,282.74,-9.8258,-9.8258,-49.2997
CI,290.04998779296875,290.05,2026-09-14,False,284.6600036621094,290.94000244140625,3.31,1.35,BAJO,76642951168.0,12.0,8.66,1.79,16.76,4.46,3.98,2.27,10.41,7.77,0.74,0.85,,YAHOO,1.7379,2.4326,1.2748,0.059142,2.5368,-0.8706,83.9,2026-11-05,52,,,yahoo,1.0,1.0,1.0,1.0,0.0,1.0,1.0,0.0,1.0,3.2353,4.5828,-2.0649,-2.1274,22.7609,28.3237,290.05,302.8186,304.1076,0.0,-4.2166,-4.6226
CINF,172.02000427246094,172.02,2026-09-14,False,170.63499450683594,173.19500732421875,1.31,14.9,BAJO,26401294336.0,8.12,19.05,1.58,21.48,6.41,37.2,23.84,11.31,5.82,0.05,1.15,,YAHOO,1.7379,2.4326,1.2748,0.059142,2.5368,-0.8706,83.9,2026-10-26,42,,,yahoo,1.0,0.0,1.0,1.0,1.0,0.0,1.0,0.0,0.0,0.5377,0.0291,-0.2378,2.3388,9.4214,25.5754,174.72,192.03,192.03,-1.5453,-10.4202,-10.4202
CLX,89.30999755859375,89.31,2026-09-14,False,88.54000091552734,89.91999816894531,1.77,-22.37,BAJO,10800348160.0,18.57,14.27,120.04,163.76,8.32,12.88,8.73,1.02,14.4,22.21,0.66,,YAHOO,1.7379,2.4326,1.2748,0.059142,2.5368,-0.8706,83.9,2026-11-03,50,,,yahoo,1.0,0.0,1.0,1.0,0.0,0.0,1.0,0.0,0.0,-4.0297,-12.8938,-6.8042,-6.6791,26.6361,32.9754,107.9,107.9,124.127,-17.2289,-17.2289,-28.0495
CMCSA,24.8799991607666,24.88,2026-09-14,False,24.815000534057617,25.450000762939453,-1.27,-13.15,BAJO,88290074624.0,7.97,6.86,0.98,11.49,4.31,17.23,8.97,14.38,5.06,1.0,0.8,,YAHOO,1.7379,2.4326,1.2748,0.059142,2.5368,-0.8706,83.9,2026-10-29,45,,,yahoo,1.0,1.0,1.0,1.0,1.0,1.0,1.0,1.0,0.0,-6.0778,-8.0562,5.9174,2.9347,60.4972,35.5198,27.2,27.2,31.6751,-8.5294,-8.5294,-21.4525
CME,280.4599914550781,280.46,2026-09-14,False,277.75,281.3599853515625,1.79,14.09,BAJO,100847599616.0,23.79,21.7,3.8,15.8,1.48,65.04,63.44,2.88,21.47,0.15,1.02,,YAHOO,1.7379,2.4326,1.2748,0.059142,2.5368,-0.8706,83.9,2026-10-21,37,,,yahoo,1.0,0.0,1.0,1.0,1.0,1.0,1.0,0.0,0.0,0.173,-1.4078,14.9264,4.5437,17.7782,26.8989,285.1116,285.1116,315.7113,-1.6315,-1.6315,-11.1657
CMG,37.029998779296875,37.03,2026-09-14,False,36.029998779296875,37.21500015258789,2.29,-2.49,BAJO,46858428416.0,34.29,27.02,21.34,49.56,13.08,16.11,11.43,2.38,22.68,2.46,0.71,,YAHOO,1.7379,2.4326,1.2748,0.059142,2.5368,-0.8706,83.9,2026-10-28,44,,,yahoo,1.0,1.0,1.0,1.0,0.0,0.0,1.0,0.0,1.0,0.1894,-2.6295,6.9304,14.893,31.3331,50.6632,38.52,38.52,42.36,-3.8681,-3.8681,-12.5826
CMI,541.0999755859375,541.1,2026-09-14,False,526.489990234375,542.989990234375,-2.81,34.07,BAJO,74490249216.0,27.69,15.68,5.8,21.11,7.0,11.9,7.82,2.99,16.35,0.6,1.73,,YAHOO,1.7379,2.4326,1.2748,0.059142,2.5368,-0.8706,83.9,2026-11-05,52,,,yahoo,1.0,0.0,1.0,1.0,0.0,1.0,0.0,1.0,0.0,-3.5042,-4.2047,-18.4673,-17.6576,26.3261,34.8952,638.7823,724.8918,724.8918,-15.292,-25.3544,-25.3544
CMS,66.81999969482422,66.82,2026-09-14,False,66.58499908447266,67.80000305175781,-0.49,-2.21,BAJO,20953225216.0,20.13,16.08,2.19,9.16,2.97,17.17,11.64,-10.49,13.57,1.86,0.94,,YAHOO,1.7379,2.4326,1.2748,0.059142,2.5368,-0.8706,83.9,2026-10-29,45,,,yahoo,1.0,0.0,1.0,1.0,0.0,1.0,0.0,0.0,1.0,-2.3956,-2.0378,-8.9986,-8.442,2.7348,17.7616,71.4,78.1791,78.6889,-6.4146,-14.5296,-15.0833
CNC,69.41000366210938,69.41,2026-09-14,False,67.1500015258789,69.625,4.5,114.18,BAJO,34288195584.0,,13.07,1.52,-20.36,2.48,3.76,-2.83,28.11,5.09,0.71,1.15,,YAHOO,1.7379,2.4326,1.2748,0.059142,2.5368,-0.8706,83.9,2026-10-27,43,,,yahoo,0.0,0.0,1.0,1.0,0.0,0.0,1.0,0.0,1.0,3.5352,7.1969,4.2036,6.4734,34.5656,38.1092,69.41,69.41,69.41,0.0,0.0,0.0
CNP,38.650001525878906,38.65,2026-09-14,False,38.369998931884766,39.400001525878906,-1.18,4.76,BAJO,25459537920.0,23.01,18.52,2.17,9.83,3.0,24.49,11.61,-20.39,12.96,2.1,1.12,,YAHOO,1.7379,2.4326,1.2748,0.059142,2.5368,-0.8706,83.9,2026-10-22,38,,,yahoo,1.0,0.0,1.0,1.0,1.0,0.0,0.0,0.0,1.0,-2.5712,-1.5036,-8.9865,-9.3684,10.7591,19.3263,40.3886,44.7724,44.7724,-4.3048,-13.6746,-13.6746
COF,206.67999267578125,206.68,2026-09-14,False,205.7100067138672,208.86000061035156,-0.78,-5.82,BAJO,126795046912.0,11.39,8.6,1.23,9.03,1.52,33.63,21.87,,,,,,YAHOO,1.7379,2.4326,1.2748,0.059142,2.5368,-0.8706,83.9,2026-10-20,36,,,yahoo,1.0,0.0,1.0,1.0,1.0,0.0,0.0,0.0,1.0,-5.8834,-4.1684,-0.7086,12.2773,16.5355,27.8943,221.47,226.54,254.9582,-6.6781,-8.7667,-18.9357
COO,54.220001220703125,54.22,2026-09-14,False,53.595001220703125,54.9900016784668,0.58,-15.67,BAJO,10310220800.0,18.63,11.55,1.24,6.84,2.73,20.82,13.46,5.26,13.84,0.34,1.22,,YAHOO,1.7379,2.4326,1.2748,0.059142,2.5368,-0.8706,83.9,2026-12-02,79,2026-09-09,5.0,finnhub,1.0,0.0,1.0,1.0,1.0,0.0,1.0,0.0,1.0,-22.0865,-23.8162,-23.2011,-20.1237,110.8472,42.6436,76.73,76.82,84.32,-29.3366,-29.4194,-35.6973
COR,326.2300109863281,326.23,2026-09-14,False,322.4599914550781,327.760009765625,1.45,14.33,BAJO,62253547520.0,24.22,16.47,20.4,96.87,3.56,1.41,0.79,3.28,13.2,4.47,0.94,,YAHOO,1.7379,2.4326,1.2748,0.059142,2.5368,-0.8706,83.9,2026-11-04,51,,,yahoo,1.0,0.0,1.0,1.0,0.0,1.0,1.0,1.0,0.0,-1.4262,1.3042,10.2143,16.0445,15.3179,27.6578,337.22,337.22,372.5274,-3.259,-3.259,-12.4279
CPB,21.25,21.25,2026-09-14,False,21.170000076293945,21.600000381469727,1.19,-29.72,BAJO,6336882688.0,16.22,11.58,1.64,10.05,4.95,10.34,4.08,11.79,8.2,1.72,0.81,,YAHOO,1.7379,2.4326,1.2748,0.059142,2.5368,-0.8706,83.9,2026-12-07,84,2026-09-03,11.0,finnhub,,,,,,,,,,-0.608,-9.1492,-2.9237,-5.2649,39.9235,38.862,24.16,24.16,31.7348,-12.0447,-12.0447,-33.0389
CPRT,31.729999542236328,31.73,2026-09-14,False,30.25,31.825000762939453,5.94,-31.81,BAJO,29375997952.0,20.47,17.59,3.23,16.16,10.27,32.01,31.81,3.01,12.42,0.01,7.91,,YAHOO,1.7379,2.4326,1.2748,0.059142,2.5368,-0.8706,83.9,2026-11-19,66,2026-09-10,4.0,yahoo,1.0,0.0,1.0,1.0,0.0,1.0,0.0,1.0,0.0,-5.9015,-3.8193,16.3123,3.187,70.7998,44.6201,34.33,34.33,48.4,-7.5736,-7.5736,-34.4422
CPT,103.83000183105469,103.83,2026-09-14,False,102.01000213623047,103.83000183105469,0.8,1.24,BAJO,12016514048.0,34.27,95.26,2.8,7.89,1.87,16.1,20.62,1.16,17.3,1.26,0.35,,YAHOO,1.7379,2.4326,1.2748,0.059142,2.5368,-0.8706,83.9,2026-11-05,52,,,yahoo,1.0,1.0,1.0,1.0,0.0,1.0,1.0,1.0,0.0,-1.7599,-2.3695,-7.1869,-8.8699,16.9755,19.5084,109.15,117.58,117.58,-4.874,-11.6942,-11.6942
CRH,88.9800033569336,88.98,2026-09-14,False,87.13999938964844,89.2300033569336,0.49,-19.02,BAJO,59197014016.0,15.72,13.66,2.47,15.81,6.06,19.02,9.94,3.41,9.98,0.78,1.58,,YAHOO,1.7379,2.4326,1.2748,0.059142,2.5368,-0.8706,83.9,2026-10-29,45,,,yahoo,1.0,0.0,1.0,1.0,0.0,1.0,1.0,1.0,0.0,-5.6015,-7.1771,-14.0664,-16.1001,22.4214,29.907,97.05,112.5987,129.9237,-8.3153,-20.976,-31.5137
CRL,273.1099853515625,273.11,2026-09-14,False,267.2699890136719,279.57000732421875,-1.85,80.92,BAJO,13155087360.0,,21.53,4.59,-7.52,4.11,15.11,-5.96,3.56,19.05,1.05,1.35,,YAHOO,1.7379,2.4326,1.2748,0.059142,2.5368,-0.8706,83.9,2026-11-04,51,,,yahoo,0.0,0.0,1.0,1.0,0.0,0.0,1.0,1.0,1.0,-5.3345,-6.3088,19.6696,45.6509,28.6039,44.2791,298.58,298.58,298.58,-8.5304,-8.5304,-8.5304
CSGP,31.520000457763672,31.52,2026-09-14,False,30.75,31.825000762939453,3.48,-63.05,BAJO,12771828736.0,175.11,17.77,1.61,0.89,0.47,8.22,2.08,3.23,31.08,0.15,2.21,,YAHOO,1.7379,2.4326,1.2748,0.059142,2.5368,-0.8706,83.9,2026-10-27,43,,,yahoo,1.0,0.0,1.0,1.0,1.0,0.0,0.0,0.0,1.0,1.9735,-2.1726,10.6353,-4.0195,46.1693,50.8131,33.73,33.73,89.26,-6.552,-6.552,-64.6874
CSX,48.90999984741211,48.91,2026-09-14,False,48.30500030517578,48.95500183105469,-0.08,53.95,BAJO,90604544000.0,28.44,21.53,6.43,24.36,7.38,38.42,22.21,2.16,15.91,1.38,0.82,,YAHOO,1.7379,2.4326,1.2748,0.059142,2.5368,-0.8706,83.9,2026-10-22,38,,,yahoo,1.0,0.0,1.0,1.0,1.0,0.0,1.0,0.0,0.0,-1.0119,-4.3606,-0.7811,3.0984,17.4023,21.7757,51.6187,53.0847,53.0847,-5.2475,-7.8642,-7.8642
CTAS,200.82000732421875,200.82,2026-09-14,False,199.91000366210938,204.6199951171875,-0.34,3.09,BAJO,80362053632.0,40.82,32.84,15.63,40.71,16.1,23.69,17.75,1.82,27.64,0.53,1.43,,YAHOO,1.7379,2.4326,1.2748,0.059142,2.5368,-0.8706,83.9,2026-09-23,9,,,yahoo,1.0,1.0,1.0,1.0,1.0,0.0,1.0,1.0,1.0,0.1746,-1.6456,4.6638,14.217,16.3346,27.7191,207.4,215.969,215.969,-3.1726,-7.0144,-7.0144
CTSH,64.0999984741211,64.1,2026-09-14,False,61.89500045776367,64.45500183105469,6.83,-2.91,BAJO,28873474048.0,13.76,10.14,2.0,14.92,10.73,17.48,10.26,7.67,7.41,0.14,2.18,,YAHOO,1.7379,2.4326,1.2748,0.059142,2.5368,-0.8706,83.9,2026-10-28,44,,,yahoo,1.0,0.0,1.0,1.0,1.0,1.0,1.0,0.0,1.0,2.8727,0.0937,49.3188,23.588,65.3562,51.0689,64.64,64.64,85.1577,-0.8354,-0.8354,-24.7279
CTVA,82.54000091552734,82.54,2026-09-14,False,82.36000061035156,84.79000091552734,-1.62,20.43,BAJO,55070359552.0,50.02,20.06,2.19,4.26,4.55,30.13,5.66,4.39,13.74,0.19,1.52,,YAHOO,1.7379,2.4326,1.2748,0.059142,2.5368,-0.8706,83.9,2026-11-03,50,,,yahoo,1.0,1.0,1.0,1.0,1.0,0.0,1.0,1.0,0.0,-6.0551,-1.4113,-2.0534,8.6366,9.4877,35.038,89.97,90.3175,90.3175,-8.2583,-8.6113,-8.6113
CVNA,70.87000274658203,70.87,2026-09-14,False,68.83999633789062,71.18000030517578,2.47,-1.48,BAJO,78556831744.0,37.5,31.33,12.65,58.77,11.7,9.22,6.26,0.54,21.79,1.11,3.93,,YAHOO,1.7379,2.4326,1.2748,0.059142,2.5368,-0.8706,83.9,2026-10-28,44,,,yahoo,1.0,1.0,1.0,0.0,1.0,1.0,0.0,0.0,0.0,-4.9873,-4.2815,0.3967,10.5616,44.2462,57.3783,75.77,75.77,95.69,-6.4669,-6.4669,-25.9379
D,64.45999908447266,64.46,2026-09-14,False,64.23500061035156,65.16000366210938,0.16,12.48,BAJO,56694243328.0,22.3,16.89,2.03,8.28,3.04,29.22,13.98,-16.19,13.91,1.6,0.81,,YAHOO,1.7379,2.4326,1.2748,0.059142,2.5368,-0.8706,83.9,2026-10-30,46,,,yahoo,1.0,1.0,1.0,1.0,0.0,1.0,0.0,1.0,1.0,-2.096,-0.6694,-8.2553,-4.1213,13.6832,14.8813,68.0822,70.973,70.973,-5.3203,-9.1767,-9.1767
DASH,203.5399932861328,203.54,2026-09-14,False,199.4199981689453,204.08999633789062,0.79,-19.61,BAJO,88193458176.0,106.01,24.99,8.89,8.89,2.97,3.86,5.29,5.84,59.52,0.33,1.37,,YAHOO,1.7379,2.4326,1.2748,0.059142,2.5368,-0.8706,83.9,2026-11-04,51,,,yahoo,1.0,1.0,1.0,1.0,0.0,0.0,0.0,1.0,0.0,-3.8681,-14.0238,7.0362,35.1707,23.2519,39.4423,236.93,236.93,281.74,-14.0928,-14.0928,-27.7561
DDOG,230.0500030517578,230.05,2026-09-14,False,220.72000122070312,233.68499755859375,4.0,67.45,BAJO,82605203456.0,451.08,77.41,18.91,4.7,0.18,0.67,4.48,1.27,951.75,0.29,3.21,,YAHOO,1.7379,2.4326,1.2748,0.059142,2.5368,-0.8706,83.9,2026-11-05,52,,,yahoo,1.0,0.0,1.0,1.0,1.0,1.0,0.0,0.0,1.0,8.0402,-2.9243,-13.0114,0.0652,63.4036,68.9091,247.32,288.15,288.15,-6.9829,-20.1631,-20.1631
DG,129.1699981689453,129.17,2026-09-14,False,124.7300033569336,129.72000122070312,3.68,27.62,BAJO,28497070080.0,16.78,15.62,3.07,19.69,4.89,6.81,3.9,6.1,11.92,1.7,1.21,,YAHOO,1.7379,2.4326,1.2748,0.059142,2.5368,-0.8706,83.9,2026-12-02,79,2026-08-27,18.0,finnhub,1.0,1.0,1.0,1.0,1.0,0.0,0.0,1.0,1.0,-3.0328,5.1103,6.5056,13.0913,44.1422,34.8136,133.21,133.21,154.7135,-3.0328,-3.0328,-16.5102
DGX,237.88999938964844,237.89,2026-09-14,False,234.6699981689453,239.75,1.22,35.54,BAJO,26256717824.0,25.25,19.73,3.48,14.6,6.4,15.25,9.19,3.46,14.31,0.81,1.59,,YAHOO,1.7379,2.4326,1.2748,0.059142,2.5368,-0.8706,83.9,2026-10-20,36,,,yahoo,1.0,1.0,1.0,1.0,1.0,0.0,1.0,1.0,1.0,0.3163,-2.0061,17.9016,17.6289,24.9334,25.8861,245.0,245.0,245.0,-2.902,-2.902,-2.902
DHI,139.41000366210938,139.41,2026-09-14,False,136.16000366210938,140.06500244140625,1.1,-16.49,BAJO,38993158144.0,13.29,11.88,1.64,12.63,6.88,12.99,9.15,6.19,10.83,0.29,6.01,,YAHOO,1.7379,2.4326,1.2748,0.059142,2.5368,-0.8706,83.9,2026-10-29,45,,,yahoo,1.0,0.0,1.0,0.0,0.0,1.0,1.0,0.0,0.0,-2.3398,-5.4142,-7.7364,-9.2573,28.9342,35.4698,151.86,166.4539,175.7603,-8.1983,-16.2471,-20.6818
DLR,179.13999938964844,179.14,2026-09-14,False,178.8350067138672,185.7550048828125,-5.01,6.08,BAJO,67654676480.0,86.96,61.96,2.48,2.91,1.48,25.88,11.82,5.57,28.28,0.68,0.89,,YAHOO,1.7379,2.4326,1.2748,0.059142,2.5368,-0.8706,83.9,2026-10-22,38,,,yahoo,1.0,1.0,1.0,1.0,0.0,0.0,0.0,1.0,1.0,-4.91,-3.413,1.7436,-2.0986,45.3734,36.935,197.91,200.15,202.5595,-9.4841,-10.4971,-11.5618
DLTR,119.16999816894531,119.17,2026-09-14,False,117.2300033569336,120.79000091552734,0.85,24.05,BAJO,22359902208.0,14.59,15.07,6.53,46.03,8.26,6.21,8.04,4.69,11.5,2.24,1.13,,YAHOO,1.7379,2.4326,1.2748,0.059142,2.5368,-0.8706,83.9,2026-12-01,78,2026-08-27,18.0,finnhub,1.0,1.0,1.0,1.0,0.0,1.0,1.0,1.0,1.0,-9.3213,-7.0872,-6.1875,4.5351,38.7724,35.0252,136.75,136.75,141.21,-12.8556,-12.8556,-15.608
DOC,20.3700008392334,20.37,2026-09-14,False,20.06999969482422,20.489999771118164,0.34,20.85,BAJO,14441255936.0,58.2,145.5,1.79,3.04,1.51,15.99,8.25,11.39,15.52,1.09,2.29,,YAHOO,1.7379,2.4326,1.2748,0.059142,2.5368,-0.8706,83.9,2026-10-22,38,,,yahoo,1.0,0.0,1.0,1.0,0.0,0.0,1.0,0.0,1.0,-1.3559,-2.8149,-5.4112,-0.1184,6.3012,20.9219,21.66,22.708,22.708,-5.9557,-10.2961,-10.2961
DOV,189.14999389648438,189.15,2026-09-14,False,184.0,189.64999389648438,0.05,12.66,BAJO,25474762752.0,22.9,16.24,3.31,14.91,7.06,18.69,13.48,3.56,14.13,0.42,1.98,,YAHOO,1.7379,2.4326,1.2748,0.059142,2.5368,-0.8706,83.9,2026-10-22,38,,,yahoo,1.0,0.0,1.0,1.0,1.0,0.0,1.0,1.0,0.0,-1.9339,-4.5444,-10.6515,-12.776,22.6898,28.1856,205.9244,230.1203,231.5927,-8.1459,-17.8039,-18.3264
DPZ,323.7699890136719,323.77,2026-09-14,False,316.0,325.8500061035156,3.91,-25.41,BAJO,10710873088.0,18.35,15.52,-2.69,,33.89,19.08,11.86,4.96,15.31,,1.54,,YAHOO,1.7379,2.4326,1.2748,0.059142,2.5368,-0.8706,83.9,2026-10-13,29,,,yahoo,1.0,1.0,1.0,1.0,0.0,1.0,1.0,1.0,1.0,-5.0751,-7.4943,4.1496,0.584,53.9565,40.1391,350.0,367.63,443.4994,-7.4943,-11.9305,-26.9965
DRI,218.57000732421875,218.57,2026-09-14,False,212.0904998779297,219.69000244140625,4.14,7.81,BAJO,24816824320.0,20.96,17.64,11.3,53.72,7.72,14.14,9.13,3.19,15.49,3.65,0.31,,YAHOO,1.7379,2.4326,1.2748,0.059142,2.5368,-0.8706,83.9,2026-09-24,10,,,yahoo,1.0,1.0,1.0,1.0,1.0,0.0,1.0,0.0,1.0,0.7792,1.3634,11.4812,4.1934,41.043,29.3376,225.56,227.68,227.68,-3.0989,-4.0012,-4.0012
DTE,131.1300048828125,131.13,2026-09-14,False,130.80499267578125,133.5998992919922,-1.09,0.04,BAJO,27286589440.0,20.75,15.68,2.25,11.03,2.77,13.62,8.0,-9.52,15.23,2.29,0.8,,YAHOO,1.7379,2.4326,1.2748,0.059142,2.5368,-0.8706,83.9,2026-10-29,45,,,yahoo,1.0,0.0,1.0,1.0,0.0,1.0,0.0,0.0,1.0,-3.6376,-3.4815,-10.7656,-10.3422,3.1355,17.5676,141.15,154.43,154.43,-7.0988,-15.0877,-15.0877
DUK,119.0199966430664,119.02,2026-09-14,False,118.68000030517578,120.46499633789062,-0.33,2.2,BAJO,92800155648.0,17.92,16.59,1.73,9.86,2.84,27.5,16.0,-4.82,11.28,1.62,0.66,,YAHOO,1.7379,2.4326,1.2748,0.059142,2.5368,-0.8706,83.9,2026-11-05,52,,,yahoo,1.0,1.0,1.0,1.0,1.0,0.0,0.0,1.0,1.0,-0.9982,-1.0229,-3.437,-3.9238,6.3984,18.2686,123.99,129.3824,131.1634,-4.0084,-8.0092,-9.2582
DVA,189.32000732421875,189.32,2026-09-14,False,184.0,189.94500732421875,4.28,46.1,BAJO,12078616576.0,16.04,10.97,-15.83,88.48,7.51,16.06,6.05,8.63,9.43,12.42,1.47,,YAHOO,1.7379,2.4326,1.2748,0.059142,2.5368,-0.8706,83.9,2026-10-28,44,,,yahoo,1.0,0.0,1.0,1.0,0.0,1.0,1.0,0.0,1.0,2.8969,4.7819,-18.2591,-9.2687,35.8508,43.8713,189.32,240.96,240.96,0.0,-21.4309,-21.4309
DVN,49.72999954223633,49.73,2026-09-14,False,49.60499954223633,51.70000076293945,-1.0,51.57,BAJO,54702997504.0,10.81,9.21,1.37,11.52,5.91,41.08,17.46,1.43,7.36,0.28,0.72,,YAHOO,1.7379,2.4326,1.2748,0.059142,2.5368,-0.8706,83.9,2026-11-04,51,,,yahoo,1.0,0.0,1.0,1.0,1.0,0.0,1.0,0.0,1.0,3.4748,5.0264,15.8397,10.5357,20.9527,32.2052,50.23,50.23,51.7023,-0.9954,-0.9954,-3.8146
DXCM,84.68000030517578,84.68,2026-09-14,False,83.76000213623047,84.9800033569336,1.99,13.57,BAJO,31954909184.0,33.47,27.11,12.19,38.49,10.33,24.33,20.12,3.2,22.38,0.53,1.73,,YAHOO,1.7379,2.4326,1.2748,0.059142,2.5368,-0.8706,83.9,2026-10-29,45,,,yahoo,1.0,1.0,1.0,1.0,0.0,1.0,1.0,0.0,1.0,-3.6633,-6.7606,16.4306,12.3524,26.1803,43.7887,92.34,92.34,92.34,-8.2954,-8.2954,-8.2954
ED,105.77999877929688,105.78,2026-09-14,False,105.72000122070312,107.4800033569336,-0.64,14.19,BAJO,39120474112.0,17.4,16.3,1.52,8.96,3.24,16.54,12.53,-2.16,10.71,1.1,1.27,,YAHOO,1.7379,2.4326,1.2748,0.059142,2.5368,-0.8706,83.9,2026-11-05,52,,,yahoo,1.0,1.0,1.0,1.0,1.0,0.0,0.0,0.0,1.0,-1.4074,-1.5908,-3.3201,-1.014,3.505,17.1143,108.75,113.0627,113.5694,-2.731,-6.4413,-6.8587
EIX,56.130001068115234,56.13,2026-09-14,False,55.95000076293945,57.56880187988281,0.23,7.55,BAJO,21599608832.0,5.79,8.63,1.24,19.73,4.09,26.9,19.28,0.38,7.45,2.28,0.66,,YAHOO,1.7379,2.4326,1.2748,0.059142,2.5368,-0.8706,83.9,2026-10-27,43,,,yahoo,1.0,1.0,1.0,1.0,1.0,0.0,0.0,1.0,0.0,-1.1274,-20.0085,-26.7997,-22.1435,22.2508,62.084,74.78,80.38,80.38,-24.9398,-30.1692,-30.1692
EL,98.22000122070312,98.22,2026-09-14,False,96.43000030517578,99.0999984741211,1.13,15.5,BAJO,35535855616.0,196.44,25.1,9.34,4.75,5.23,7.0,1.21,5.1,16.65,2.43,1.22,,YAHOO,1.7379,2.4326,1.2748,0.059142,2.5368,-0.8706,83.9,2026-11-02,49,2026-08-19,26.0,yahoo,1.0,1.0,1.0,1.0,1.0,0.0,0.0,1.0,1.0,-5.4304,-4.6778,19.7347,9.8948,32.4366,45.1291,105.8504,105.8504,118.3745,-7.2087,-7.2087,-17.0261
EME,749.7000122070312,749.7,2026-09-14,False,736.0067749023438,756.239990234375,-3.97,21.0,BAJO,33069193216.0,23.36,20.4,8.13,40.35,12.03,10.62,7.74,2.96,16.43,0.13,1.28,,YAHOO,1.7379,2.4326,1.2748,0.059142,2.5368,-0.8706,83.9,2026-10-29,45,,,yahoo,1.0,1.0,1.0,1.0,0.0,0.0,1.0,1.0,0.0,-0.5914,1.2875,-2.6009,-8.8649,57.167,56.6266,862.54,868.4314,943.2628,-13.0823,-13.6719,-20.5206
EMR,148.3000030517578,148.3,2026-09-14,False,146.25,149.6199951171875,-2.56,12.56,BAJO,82721742848.0,32.45,20.47,4.06,12.8,6.9,26.92,13.83,4.48,15.58,0.68,0.9,,YAHOO,1.7379,2.4326,1.2748,0.059142,2.5368,-0.8706,83.9,2026-11-04,51,,,yahoo,1.0,1.0,1.0,1.0,0.0,0.0,1.0,1.0,1.0,-2.9577,-4.4336,9.2132,4.0071,35.2054,30.991,162.05,163.8244,163.8244,-8.485,-9.4763,-9.4763
EOG,148.5399932861328,148.54,2026-09-14,False,147.16000366210938,152.0,0.8,32.29,BAJO,77913563136.0,11.56,10.13,2.45,22.51,11.02,40.72,25.73,5.75,5.61,0.26,1.85,,YAHOO,1.7379,2.4326,1.2748,0.059142,2.5368,-0.8706,83.9,2026-11-05,52,,,yahoo,1.0,0.0,1.0,1.0,0.0,0.0,1.0,0.0,0.0,2.3073,3.6205,8.8546,9.5078,8.4312,31.9183,153.05,153.05,153.05,-2.9468,-2.9468,-2.9468
EPAM,123.61000061035156,123.61,2026-09-14,False,121.0199966430664,126.44499969482422,4.83,-18.49,BAJO,6376666624.0,16.77,8.79,1.81,11.18,8.45,10.94,7.15,10.2,7.62,0.04,2.75,,YAHOO,1.7379,2.4326,1.2748,0.059142,2.5368,-0.8706,83.9,2026-11-05,52,,,yahoo,1.0,0.0,1.0,1.0,1.0,0.0,1.0,0.0,1.0,5.6135,7.6742,43.8496,29.5974,40.8002,55.1163,123.61,123.61,221.4,0.0,0.0,-44.1689
EQIX,998.719970703125,998.72,2026-09-14,False,995.0599975585938,1027.530029296875,-3.76,30.38,BAJO,98545385472.0,64.14,53.43,6.85,10.73,3.68,27.02,15.48,3.83,26.64,1.62,1.13,,YAHOO,1.7379,2.4326,1.2748,0.059142,2.5368,-0.8706,83.9,2026-10-28,44,,,yahoo,1.0,1.0,1.0,1.0,0.0,0.0,0.0,1.0,0.0,-3.5966,-4.3747,-1.8686,-4.9588,35.8167,28.9447,1092.3904,1110.6332,1110.6332,-8.5748,-10.0765,-10.0765
EQR,63.65999984741211,63.66,2026-08-21,False,63.65999984741211,63.65999984741211,0.0,-6.21,BAJO,24611481600.0,28.68,41.36,2.27,8.02,2.67,27.88,27.97,5.78,17.34,0.79,0.13,,YAHOO,1.7379,2.4326,1.2748,0.059142,2.5368,-0.8706,83.9,2026-10-21,37,,,yahoo,1.0,1.0,1.0,1.0,0.0,0.0,1.0,0.0,1.0,-3.5016,-6.7799,,,0.0,,,,,,,
EQT,53.209999084472656,53.21,2026-09-14,False,53.0,54.91999816894531,-1.59,9.24,BAJO,33283706880.0,12.35,13.81,1.32,11.08,6.63,23.37,29.18,7.39,6.14,0.2,0.67,,YAHOO,1.7379,2.4326,1.2748,0.059142,2.5368,-0.8706,83.9,2026-10-20,36,,,yahoo,1.0,1.0,1.0,1.0,1.0,1.0,0.0,1.0,1.0,-3.5527,-2.4922,8.3795,2.7665,16.5325,27.8958,55.75,55.75,67.5273,-4.5561,-4.5561,-21.2023
ERIE,253.8800048828125,253.88,2026-09-14,False,249.19000244140625,254.5800018310547,3.61,-17.91,BAJO,13275352064.0,23.02,18.12,5.38,24.81,14.15,19.1,14.01,3.62,15.05,0.03,1.25,,YAHOO,1.7379,2.4326,1.2748,0.059142,2.5368,-0.8706,83.9,2026-10-29,45,,,yahoo,1.0,0.0,1.0,1.0,0.0,0.0,1.0,0.0,0.0,0.4272,-2.5038,20.786,12.6452,34.4013,50.7347,268.64,268.64,331.6343,-5.4943,-5.4943,-23.4458
ES,68.33000183105469,68.33,2026-09-14,False,67.93350219726562,69.08999633789062,-0.28,10.59,BAJO,25738186752.0,17.75,13.9,1.57,9.02,3.3,23.92,10.35,3.15,10.92,1.81,0.8,,YAHOO,1.7379,2.4326,1.2748,0.059142,2.5368,-0.8706,83.9,2026-11-04,51,,,yahoo,1.0,1.0,1.0,1.0,1.0,0.0,0.0,1.0,1.0,-3.8283,-3.5432,-7.3994,-0.5241,12.65,19.0435,72.22,75.39,75.39,-5.3863,-9.3646,-9.3646
ESS,275.7300109863281,275.73,2026-09-14,False,271.82501220703125,275.8800048828125,1.03,9.87,BAJO,19006865408.0,43.02,43.77,3.33,7.71,2.96,33.98,20.89,5.49,19.98,1.22,0.25,,YAHOO,1.7379,2.4326,1.2748,0.059142,2.5368,-0.8706,83.9,2026-10-27,43,,,yahoo,1.0,0.0,1.0,1.0,0.0,1.0,0.0,0.0,1.0,-1.0337,-2.9222,-5.8267,-1.9684,17.6287,20.7121,293.61,298.33,298.33,-6.0897,-7.5755,-7.5755
ETN,393.1600036621094,393.16,2026-09-14,False,387.0,400.65899658203125,-7.57,7.39,BAJO,152703352832.0,40.0,24.37,7.54,19.68,7.05,16.56,12.75,2.03,28.0,1.05,1.24,,YAHOO,1.7379,2.4326,1.2748,0.059142,2.5368,-0.8706,83.9,2026-11-03,50,,,yahoo,1.0,1.0,1.0,1.0,1.0,0.0,1.0,0.0,1.0,-4.3057,-2.3884,-4.5373,0.6994,74.8104,50.1034,455.4,459.96,459.96,-13.6671,-14.523,-14.523
ETR,103.63999938964844,103.64,2026-09-14,False,102.66999816894531,105.54000091552734,-1.6,19.3,BAJO,49516855296.0,26.51,20.3,2.65,10.25,2.68,24.46,13.33,-8.89,14.49,1.87,0.91,,YAHOO,1.7379,2.4326,1.2748,0.059142,2.5368,-0.8706,83.9,2026-10-29,45,,,yahoo,1.0,1.0,1.0,1.0,1.0,1.0,0.0,0.0,0.0,-3.384,-1.9953,-8.7371,-6.1662,8.4502,18.5644,108.53,115.6397,116.6636,-4.5057,-10.3768,-11.1634
EVRG,80.86000061035156,80.86,2026-09-14,False,80.79000091552734,82.12999725341797,-0.93,17.41,BAJO,18643660800.0,20.58,17.71,1.82,9.25,2.91,25.24,15.19,-7.74,12.45,1.61,0.36,,YAHOO,1.7379,2.4326,1.2748,0.059142,2.5368,-0.8706,83.9,2026-11-05,52,,,yahoo,1.0,0.0,1.0,1.0,0.0,0.0,0.0,1.0,0.0,-0.8339,0.2604,-4.5479,-2.7607,12.4051,16.473,83.58,87.4002,87.4002,-3.2544,-7.4831,-7.4831
EW,85.5199966430664,85.52,2026-09-14,False,85.15499877929688,86.26000213623047,1.36,13.98,BAJO,49293725696.0,50.9,25.32,4.64,9.18,8.37,29.84,15.43,2.5,22.96,0.07,4.52,,YAHOO,1.7379,2.4326,1.2748,0.059142,2.5368,-0.8706,83.9,2026-10-29,45,,,yahoo,1.0,0.0,1.0,1.0,1.0,0.0,1.0,0.0,1.0,-4.8721,-5.199,-2.0053,0.4817,28.8595,23.5623,92.28,95.18,95.18,-7.3255,-10.1492,-10.1492
EXC,42.720001220703125,42.72,2026-09-14,False,42.599998474121094,43.540000915527344,-1.02,3.5,BAJO,44012449792.0,15.71,14.06,1.48,9.71,2.81,16.59,10.99,-6.1,11.37,1.77,1.09,,YAHOO,1.7379,2.4326,1.2748,0.059142,2.5368,-0.8706,83.9,2026-11-03,50,,,yahoo,1.0,1.0,1.0,1.0,0.0,1.0,0.0,1.0,0.0,-2.1082,-1.8284,-5.7132,-6.6722,3.5263,19.2195,45.1402,47.4284,49.3516,-5.3615,-9.9274,-13.4374
EXPD,193.61000061035156,193.61,2026-09-14,False,190.83999633789062,193.82000732421875,0.52,59.07,BAJO,25167484928.0,28.14,24.42,11.88,42.67,15.23,10.71,7.63,3.17,19.55,0.27,1.57,,YAHOO,1.7379,2.4326,1.2748,0.059142,2.5368,-0.8706,83.9,2026-11-03,50,,,yahoo,1.0,0.0,1.0,1.0,1.0,1.0,1.0,1.0,1.0,2.5477,1.3824,8.9533,16.1985,9.3757,24.24,193.61,193.61,193.61,0.0,0.0,0.0
EXPE,287.8599853515625,287.86,2026-09-14,False,281.80999755859375,292.9200134277344,2.5,28.58,BAJO,34549555200.0,18.12,11.78,28.57,89.49,6.11,18.98,12.97,9.94,11.89,2.3,0.8,,YAHOO,1.7379,2.4326,1.2748,0.059142,2.5368,-0.8706,83.9,2026-11-05,52,,,yahoo,1.0,0.0,1.0,1.0,1.0,1.0,1.0,1.0,0.0,-3.4157,-12.6214,7.9237,28.1849,21.5642,47.5542,338.6418,338.6418,338.6418,-14.9957,-14.9957,-14.9957
EXR,139.39999389648438,139.4,2026-09-14,False,137.4250030517578,140.10499572753906,1.28,1.91,BAJO,30765932544.0,30.77,29.0,2.22,6.95,3.36,45.88,27.28,4.87,18.92,1.02,0.89,,YAHOO,1.7379,2.4326,1.2748,0.059142,2.5368,-0.8706,83.9,2026-10-28,44,,,yahoo,1.0,1.0,1.0,1.0,0.0,1.0,1.0,0.0,1.0,0.1077,-2.4561,-3.6228,-6.4304,27.7748,20.1715,147.91,152.85,152.85,-5.7535,-8.7995,-8.7995
FANG,205.72000122070312,205.72,2026-09-14,False,204.07000732421875,210.88999938964844,0.37,58.13,BAJO,57605668864.0,39.18,11.17,1.52,3.49,1.31,48.47,9.03,8.74,6.44,0.29,0.47,,YAHOO,1.7379,2.4326,1.2748,0.059142,2.5368,-0.8706,83.9,2026-11-02,49,,,yahoo,1.0,0.0,1.0,1.0,0.0,0.0,1.0,0.0,1.0,3.2627,4.0724,9.0077,7.663,12.9116,32.8701,211.02,211.02,211.3571,-2.5116,-2.5116,-2.6671
FAST,49.439998626708984,49.44,2026-09-14,False,48.625,49.67499923706055,0.24,7.29,BAJO,56732278784.0,42.26,35.29,13.94,34.33,21.52,21.02,15.45,1.61,29.07,0.11,4.18,,YAHOO,1.7379,2.4326,1.2748,0.059142,2.5368,-0.8706,83.9,2026-10-14,30,,,yahoo,1.0,1.0,1.0,1.0,1.0,1.0,0.0,0.0,1.0,-0.3226,-0.683,9.5928,6.7453,13.2367,23.2009,51.44,52.38,52.38,-3.888,-5.6128,-5.6128
FDS,276.92999267578125,276.93,2026-09-14,False,269.6700134277344,282.6300048828125,6.63,-16.63,BAJO,9849165824.0,18.26,14.05,4.88,27.03,11.08,30.54,23.21,6.31,11.92,0.77,0.68,,YAHOO,1.7379,2.4326,1.2748,0.059142,2.5368,-0.8706,83.9,2026-09-30,16,,,yahoo,1.0,1.0,1.0,1.0,0.0,1.0,1.0,0.0,0.0,-8.2892,-10.0351,10.6627,15.2652,85.6039,54.1108,313.55,313.55,355.4745,-11.6792,-11.6792,-22.0957
FE,45.83000183105469,45.83,2026-09-14,False,45.435001373291016,46.42499923706055,-0.65,10.89,BAJO,26519068672.0,24.51,15.54,2.05,9.49,3.68,19.3,6.94,-7.6,10.5,2.01,0.54,,YAHOO,1.7379,2.4326,1.2748,0.059142,2.5368,-0.8706,83.9,2026-10-21,37,,,yahoo,1.0,0.0,1.0,1.0,0.0,1.0,0.0,0.0,1.0,-2.0098,-0.109,-4.843,-1.5855,5.151,16.489,47.42,49.43,50.8757,-3.353,-7.283,-9.9177
FFIV,411.489990234375,411.49,2026-09-14,False,406.07000732421875,415.989990234375,-0.05,28.49,BAJO,23301519360.0,32.76,22.76,6.06,19.83,7.98,24.65,21.95,3.08,23.77,0.07,1.67,,YAHOO,1.7379,2.4326,1.2748,0.059142,2.5368,-0.8706,83.9,2026-10-26,42,,,yahoo,1.0,1.0,1.0,1.0,0.0,1.0,1.0,1.0,0.0,5.3833,4.3755,-2.3679,3.8696,41.3345,36.3647,411.71,431.26,431.26,-0.0534,-4.5842,-4.5842
FICO,1001.5,1001.5,2026-09-14,False,982.780029296875,1014.0,1.63,-34.08,BAJO,21630031872.0,28.95,18.86,-5.28,,39.98,53.79,34.05,3.58,21.36,,1.18,,YAHOO,1.7379,2.4326,1.2748,0.059142,2.5368,-0.8706,83.9,2026-11-04,51,,,yahoo,1.0,1.0,1.0,1.0,0.0,0.0,1.0,1.0,1.0,7.4271,-13.1826,-16.9424,-15.0688,50.1387,66.8754,1172.67,1373.08,1879.55,-14.5966,-27.0618,-46.716
FIS,38.18000030517578,38.18,2026-09-14,False,37.52000045776367,40.18000030517578,0.1,-39.25,BAJO,19689652224.0,5.86,5.7,1.23,22.35,4.28,20.67,27.65,13.47,11.41,1.33,0.54,,YAHOO,1.7379,2.4326,1.2748,0.059142,2.5368,-0.8706,83.9,2026-11-04,51,,,yahoo,1.0,0.0,1.0,1.0,1.0,0.0,1.0,0.0,1.0,-7.8034,-6.8022,-6.0312,-1.4766,31.9876,37.9659,41.7971,46.2753,66.0466,-8.6538,-17.4938,-42.1924
FITB,54.380001068115234,54.38,2026-09-14,False,54.08000183105469,55.04999923706055,-0.62,25.48,BAJO,49316818944.0,18.31,11.01,1.53,8.44,0.92,39.08,23.24,,,,,,YAHOO,1.7379,2.4326,1.2748,0.059142,2.5368,-0.8706,83.9,2026-10-19,35,,,yahoo,1.0,1.0,1.0,1.0,1.0,0.0,1.0,0.0,1.0,-0.893,-0.2934,-6.1443,0.0654,10.0281,20.6839,57.6,59.37,59.37,-5.5903,-8.4049,-8.4049
FIX,1582.800048828125,1582.8,2026-09-14,False,1545.2099609375,1612.9410400390625,-6.39,104.33,BAJO,55705583616.0,39.0,26.3,86.23,55.29,17.04,7.89,12.78,3.31,28.88,0.45,1.21,,YAHOO,1.7379,2.4326,1.2748,0.059142,2.5368,-0.8706,83.9,2026-10-22,38,,,yahoo,1.0,1.0,1.0,1.0,0.0,1.0,1.0,1.0,0.0,-1.7102,4.2187,-8.8144,-15.6577,83.6994,64.0718,1881.1801,2065.4404,2065.4404,-15.8613,-23.3674,-23.3674
FOX,61.13999938964844,61.14,2026-09-14,False,59.130001068115234,61.220001220703125,4.6,17.9,BAJO,25705547776.0,15.92,10.64,2.21,14.29,9.5,25.21,9.84,2.16,7.23,0.64,3.17,,YAHOO,1.7379,2.4326,1.2748,0.059142,2.5368,-0.8706,83.9,2026-10-29,45,,,yahoo,1.0,0.0,1.0,1.0,0.0,1.0,1.0,0.0,1.0,4.6559,0.1987,21.9326,4.2801,43.0327,35.7005,62.382,62.382,67.0667,-1.991,-1.991,-8.837
FOXA,68.52999877929688,68.53,2026-09-14,False,66.75,68.73999786376953,3.93,19.22,BAJO,28812578816.0,17.85,11.74,2.47,14.29,9.5,25.21,9.84,1.93,8.04,0.64,3.17,,YAHOO,1.7379,2.4326,1.2748,0.059142,2.5368,-0.8706,83.9,2026-10-29,45,,,yahoo,1.0,0.0,1.0,1.0,0.0,1.0,1.0,0.0,1.0,4.7539,0.6033,22.9376,4.5296,40.022,36.4755,70.0207,70.0207,75.4053,-2.1289,-2.1289,-9.1178
FRT,114.52999877929688,114.53,2026-09-14,False,114.125,116.0,0.15,19.74,BAJO,10012021760.0,23.14,35.9,3.11,12.55,3.26,35.03,32.66,4.56,18.01,1.34,0.56,,YAHOO,1.7379,2.4326,1.2748,0.059142,2.5368,-0.8706,83.9,2026-10-30,46,,,yahoo,1.0,1.0,1.0,1.0,0.0,0.0,0.0,0.0,0.0,-2.1864,-1.9015,-6.3073,-8.1468,13.2641,14.7682,118.02,127.13,127.13,-2.9571,-9.9111,-9.9111
FTNT,170.17999267578125,170.18,2026-09-14,False,160.0800018310547,170.9499969482422,9.04,111.62,BAJO,124863389696.0,60.35,45.05,80.5,117.44,14.17,33.6,28.17,1.81,46.75,0.36,1.28,,YAHOO,1.7379,2.4326,1.2748,0.059142,2.5368,-0.8706,83.9,2026-11-04,51,,,yahoo,1.0,0.0,1.0,1.0,1.0,0.0,1.0,0.0,1.0,8.8873,2.5181,3.4466,16.3226,76.2511,46.6964,172.78,172.78,172.78,-1.5048,-1.5048,-1.5048
FTV,55.189998626708984,55.19,2026-09-14,False,54.27000045776367,55.29999923706055,0.91,15.68,BAJO,16668320768.0,29.2,16.99,2.76,7.32,3.29,19.14,12.38,5.63,16.12,0.59,1.24,,YAHOO,1.7379,2.4326,1.2748,0.059142,2.5368,-0.8706,83.9,2026-10-28,44,,,yahoo,1.0,1.0,1.0,1.0,0.0,0.0,1.0,0.0,1.0,-3.0734,-7.4264,-8.696,-8.0287,23.4659,26.7328,60.5663,64.0121,64.0121,-8.8767,-13.7819,-13.7819
GD,356.80999755859375,356.81,2026-09-14,False,355.6400146484375,359.05999755859375,0.26,12.57,BAJO,96537509888.0,21.74,19.2,3.59,17.8,6.08,10.38,8.18,4.56,15.31,0.35,1.44,,YAHOO,1.7379,2.4326,1.2748,0.059142,2.5368,-0.8706,83.9,2026-10-28,44,,,yahoo,1.0,1.0,1.0,1.0,1.0,1.0,0.0,0.0,1.0,-0.7179,-5.9343,-2.4123,-0.5107,11.8937,19.3998,393.48,395.97,395.97,-9.3194,-9.8896,-9.8896
GDDY,104.47000122070312,104.47,2026-09-14,False,100.05999755859375,104.9000015258789,6.53,-26.7,BAJO,13230885888.0,15.52,9.47,1971.13,442.86,9.88,27.06,17.83,9.11,11.51,573.34,0.63,,YAHOO,1.7379,2.4326,1.2748,0.059142,2.5368,-0.8706,83.9,2026-10-29,45,,,yahoo,1.0,0.0,1.0,1.0,0.0,0.0,1.0,0.0,1.0,3.1191,6.9294,14.4626,37.0278,39.8565,65.5111,104.47,105.1,147.83,0.0,-0.5994,-29.331
GEHC,64.25,64.25,2026-09-14,False,63.88999938964844,65.2699966430664,0.5,-15.69,BAJO,29020839936.0,14.8,11.88,2.64,19.38,5.13,14.98,9.33,5.42,10.46,0.94,1.26,,YAHOO,1.7379,2.4326,1.2748,0.059142,2.5368,-0.8706,83.9,2026-10-28,44,,,yahoo,1.0,0.0,1.0,0.0,0.0,1.0,1.0,0.0,0.0,-6.6947,-10.4217,1.7188,-1.3711,19.7913,39.753,74.82,74.82,88.0324,-14.1272,-14.1272,-27.0155
GIS,36.470001220703125,36.47,2026-09-14,False,36.2400016784668,37.010101318359375,1.73,-19.43,BAJO,19497936896.0,,11.36,3.52,-1.03,5.74,19.19,-0.47,11.84,6.48,2.18,0.68,,YAHOO,1.7379,2.4326,1.2748,0.059142,2.5368,-0.8706,83.9,2026-09-23,9,,,yahoo,0.0,0.0,1.0,1.0,0.0,1.0,1.0,0.0,1.0,-4.7532,-12.2262,-2.015,7.5088,32.1652,37.7856,41.55,41.55,48.1163,-12.2262,-12.2262,-24.2045
GNRC,176.97999572753906,176.98,2026-09-14,False,174.3800048828125,179.65499877929688,-5.35,-3.18,BAJO,10442945536.0,40.59,14.97,3.63,9.49,4.72,17.93,5.82,2.77,18.2,0.49,2.04,,YAHOO,1.7379,2.4326,1.2748,0.059142,2.5368,-0.8706,83.9,2026-10-28,44,,,yahoo,1.0,0.0,1.0,1.0,1.0,1.0,1.0,0.0,0.0,-5.5351,-3.7106,-21.8907,-32.5431,54.6866,54.1103,221.25,295.54,295.54,-20.009,-40.1164,-40.1164
GOOG,345.7099914550781,345.71,2026-09-14,False,338.739990234375,346.44000244140625,3.06,39.2,BAJO,4228010737664.0,17.35,23.24,6.79,48.68,12.96,34.03,54.77,0.54,23.82,0.19,2.72,,YAHOO,1.7379,2.4326,1.2748,0.059142,2.5368,-0.8706,83.9,2026-10-28,44,,,yahoo,1.0,0.0,1.0,1.0,0.0,1.0,1.0,1.0,0.0,3.1016,0.8908,-6.5572,-3.4134,34.2997,36.4795,345.71,375.1065,398.5413,0.0,-7.8368,-13.2562
GPC,133.2100067138672,133.21,2026-09-14,False,131.5800018310547,134.23060607910156,-0.35,0.81,BAJO,18364299264.0,532.84,16.04,4.06,0.71,4.48,6.56,0.13,4.99,11.96,1.46,1.16,,YAHOO,1.7379,2.4326,1.2748,0.059142,2.5368,-0.8706,83.9,2026-10-20,36,,,yahoo,1.0,0.0,1.0,1.0,1.0,0.0,1.0,1.0,0.0,-3.5269,-2.3729,10.9479,29.3947,11.4678,39.3451,138.4126,138.4126,145.181,-3.7587,-3.7587,-8.2455
GPN,90.19000244140625,90.19,2026-09-14,False,88.91999816894531,90.55000305175781,2.15,10.09,BAJO,23865931776.0,42.74,5.64,1.04,2.43,2.33,16.11,-9.15,32.97,9.56,0.98,0.82,,YAHOO,1.7379,2.4326,1.2748,0.059142,2.5368,-0.8706,83.9,2026-11-03,50,,,yahoo,1.0,0.0,1.0,1.0,0.0,1.0,1.0,0.0,0.0,-2.2635,-1.4971,15.6295,33.5775,34.9687,40.5967,94.0338,94.5623,94.5623,-4.0876,-4.6237,-4.6237
GWW,1277.510009765625,1277.51,2026-09-14,False,1271.6400146484375,1290.8050537109375,-0.19,28.73,BAJO,60171927552.0,32.61,25.03,14.57,46.09,19.93,16.07,9.92,2.07,19.52,0.62,2.81,,YAHOO,1.7379,2.4326,1.2748,0.059142,2.5368,-0.8706,83.9,2026-11-04,51,,,yahoo,1.0,0.0,1.0,1.0,0.0,1.0,1.0,0.0,1.0,-3.547,-2.2039,-6.6671,-2.7256,10.2694,22.7689,1335.39,1399.2974,1399.2974,-4.3343,-8.7035,-8.7035
HAS,90.76000213623047,90.76,2026-09-14,False,90.73999786376953,92.51000213623047,-0.85,24.8,BAJO,12801196032.0,16.15,13.91,18.18,159.56,13.08,22.16,15.97,5.38,11.79,5.31,1.66,,YAHOO,1.7379,2.4326,1.2748,0.059142,2.5368,-0.8706,83.9,2026-10-22,38,,,yahoo,0.0,0.0,1.0,1.0,1.0,0.0,0.0,0.0,1.0,-1.9129,-3.6825,13.5772,8.9881,24.2289,32.1794,96.74,96.74,103.5827,-6.1815,-6.1815,-12.3792
HBAN,16.770000457763672,16.77,2026-09-14,False,16.69499969482422,16.985000610351562,-0.53,0.22,BAJO,33882357760.0,12.9,8.93,1.14,9.0,0.98,41.93,26.13,,,,,,YAHOO,1.7379,2.4326,1.2748,0.059142,2.5368,-0.8706,83.9,2026-10-22,38,,,yahoo,1.0,1.0,1.0,1.0,1.0,0.0,0.0,0.0,0.0,-1.5267,-0.8865,-7.4503,-3.4165,12.4687,22.6515,17.95,18.56,18.9052,-6.5738,-9.6444,-11.2943
HCA,425.489990234375,425.49,2026-09-14,False,420.0,433.79998779296875,-0.34,7.78,BAJO,92119220224.0,14.28,13.29,-13.96,,12.29,15.16,8.77,4.06,9.29,,0.99,,YAHOO,1.7379,2.4326,1.2748,0.059142,2.5368,-0.8706,83.9,2026-10-23,39,,,yahoo,1.0,1.0,1.0,1.0,0.0,0.0,1.0,1.0,1.0,5.0593,1.8357,12.3109,10.1149,38.7275,36.7554,429.24,429.24,543.2317,-0.8736,-0.8736,-21.6743
HIG,137.58999633789062,137.59,2026-09-14,False,136.94000244140625,138.5800018310547,0.9,8.06,BAJO,37269278720.0,9.5,10.05,1.94,22.06,3.85,17.61,14.89,14.78,6.8,0.22,1.77,,YAHOO,1.7379,2.4326,1.2748,0.059142,2.5368,-0.8706,83.9,2026-10-29,45,,,yahoo,1.0,1.0,1.0,1.0,1.0,0.0,1.0,0.0,1.0,-0.5637,-0.2573,2.7461,6.6144,8.6188,20.5776,140.0,145.0437,145.0437,-1.7214,-5.139,-5.139
HII,280.010009765625,280.01,2026-09-14,False,277.1600036621094,282.19000244140625,0.11,5.79,BAJO,11033681920.0,16.69,13.44,2.08,12.97,4.28,7.08,5.01,-2.72,11.92,0.55,1.23,,YAHOO,1.7379,2.4326,1.2748,0.059142,2.5368,-0.8706,83.9,2026-10-29,45,,,yahoo,1.0,1.0,1.0,1.0,1.0,1.0,0.0,1.0,1.0,-2.0704,-4.8265,1.2693,-5.4972,19.2999,41.146,316.8623,329.2744,449.6816,-11.6304,-14.9615,-37.7315
HLT,310.6000061035156,310.6,2026-09-14,False,306.07879638671875,311.3900146484375,1.44,16.26,BAJO,69905162240.0,45.68,29.71,-11.12,,11.03,62.99,31.03,1.99,26.86,,0.65,,YAHOO,1.7379,2.4326,1.2748,0.059142,2.5368,-0.8706,83.9,2026-10-28,44,,,yahoo,1.0,0.0,1.0,1.0,0.0,0.0,1.0,1.0,1.0,-0.1864,-3.4954,-5.4002,-10.1774,12.3375,22.9964,334.5777,348.6812,350.0606,-7.1665,-10.9215,-11.2725
HPE,55.40999984741211,55.41,2026-09-14,False,55.162899017333984,57.20000076293945,-10.76,129.24,BAJO,73554829312.0,28.56,12.05,2.78,10.94,2.64,12.56,6.67,6.44,12.73,0.76,1.11,,YAHOO,1.7379,2.4326,1.2748,0.059142,2.5368,-0.8706,83.9,2026-12-02,79,2026-09-02,12.0,finnhub,1.0,0.0,1.0,1.0,0.0,0.0,0.0,0.0,1.0,6.5577,5.9262,16.9234,15.3667,167.9312,68.6154,62.09,62.09,62.09,-10.7586,-10.7586,-10.7586
HRL,20.959999084472656,20.96,2026-09-14,False,20.81999969482422,21.125,1.9,-9.27,BAJO,11535351808.0,33.81,13.49,1.47,4.29,4.63,11.06,2.82,5.39,8.86,0.04,1.88,,YAHOO,1.7379,2.4326,1.2748,0.059142,2.5368,-0.8706,83.9,2026-12-02,79,2026-08-27,18.0,finnhub,1.0,0.0,1.0,1.0,0.0,1.0,0.0,0.0,1.0,-2.6927,-2.828,-16.66,-14.2977,23.5576,32.3184,24.41,26.1959,26.1959,-14.1336,-19.9875,-19.9875
HSIC,88.93000030517578,88.93,2026-09-14,False,87.6500015258789,89.11499786376953,0.65,30.77,BAJO,9910941696.0,25.93,14.83,3.15,8.85,4.39,5.76,2.96,4.5,14.01,0.81,1.32,,YAHOO,1.7379,2.4326,1.2748,0.059142,2.5368,-0.8706,83.9,2026-11-03,50,,,yahoo,1.0,0.0,1.0,1.0,0.0,0.0,1.0,0.0,0.0,-0.9798,-0.6591,2.0307,9.4523,17.0761,20.3965,90.86,90.86,90.86,-2.1241,-2.1241,-2.1241
HUBB,442.3800048828125,442.38,2026-09-14,False,436.010009765625,446.7034912109375,-3.91,3.73,BAJO,23372072960.0,26.18,19.31,5.97,24.44,8.43,21.67,14.49,2.12,19.46,1.42,1.61,,YAHOO,1.7379,2.4326,1.2748,0.059142,2.5368,-0.8706,83.9,2026-10-27,43,,,yahoo,1.0,0.0,1.0,1.0,0.0,0.0,1.0,1.0,0.0,-3.9807,-3.4611,-7.5365,-6.949,38.2171,36.7217,502.7421,537.7237,554.4603,-12.0066,-17.731,-20.2143
HUM,407.0199890136719,407.02,2026-09-14,False,406.8900146484375,415.760009765625,-0.68,51.44,BAJO,48875085824.0,38.51,24.57,2.54,6.89,3.9,3.46,0.88,3.97,11.07,0.76,1.74,,YAHOO,1.7379,2.4326,1.2748,0.059142,2.5368,-0.8706,83.9,2026-11-06,53,,,yahoo,1.0,0.0,1.0,0.0,0.0,0.0,1.0,0.0,1.0,1.3647,5.5714,-0.1864,7.5841,22.3452,33.7044,409.8,409.8,409.8,-0.6784,-0.6784,-0.6784
ICE,157.75,157.75,2026-09-14,False,156.97999572753906,160.5050048828125,0.22,-5.71,BAJO,88559984640.0,22.28,17.92,2.99,14.09,2.17,52.63,38.25,4.1,16.07,0.69,1.01,,YAHOO,1.7379,2.4326,1.2748,0.059142,2.5368,-0.8706,83.9,2026-10-29,45,,,yahoo,1.0,1.0,1.0,1.0,0.0,1.0,1.0,1.0,1.0,-2.1766,-2.8214,12.8075,12.6705,12.7098,26.3832,164.59,164.59,173.8904,-4.1558,-4.1558,-9.2819
IDXX,509.55999755859375,509.56,2026-09-14,False,505.0150146484375,515.47998046875,0.96,-19.35,BAJO,40143708160.0,35.81,30.44,24.92,74.21,27.08,34.98,25.03,2.27,25.31,0.68,1.17,,YAHOO,1.7379,2.4326,1.2748,0.059142,2.5368,-0.8706,83.9,2026-11-02,49,,,yahoo,1.0,1.0,1.0,1.0,1.0,0.0,1.0,1.0,1.0,-4.8227,-8.1857,-8.5203,-9.1499,17.7696,29.5645,562.2,595.76,766.68,-9.3632,-14.4689,-33.5368
IEX,222.13999938964844,222.14,2026-09-14,False,219.5800018310547,223.1999969482422,-0.92,41.41,BAJO,16376137728.0,31.96,23.08,4.1,12.96,6.84,22.17,14.49,3.39,18.23,0.47,3.05,,YAHOO,1.7379,2.4326,1.2748,0.059142,2.5368,-0.8706,83.9,2026-10-28,44,,,yahoo,1.0,0.0,1.0,1.0,1.0,1.0,1.0,1.0,1.0,-0.7151,-3.5348,-0.6396,2.0032,19.3832,19.2601,240.39,240.52,240.52,-7.5918,-7.6418,-7.6418
INCY,122.19000244140625,122.19,2026-09-14,False,121.27999877929688,123.34500122070312,0.59,48.49,BAJO,24767637504.0,15.57,13.75,3.87,30.67,16.83,41.9,27.71,4.77,10.44,0.01,4.59,,YAHOO,1.7379,2.4326,1.2748,0.059142,2.5368,-0.8706,83.9,2026-10-27,43,,,yahoo,1.0,1.0,1.0,1.0,1.0,1.0,0.0,1.0,0.0,-3.5976,-1.7528,6.1691,12.5864,26.1038,35.3282,129.72,129.93,129.93,-5.8048,-5.957,-5.957
INTU,339.1499938964844,339.15,2026-09-14,False,329.875,342.30999755859375,5.47,-45.82,BAJO,90633084928.0,20.6,12.4,4.86,23.6,10.47,17.64,21.29,7.01,13.41,0.44,1.51,,YAHOO,1.7379,2.4326,1.2748,0.059142,2.5368,-0.8706,83.9,2026-11-19,66,2026-08-25,20.0,yahoo,1.0,1.0,1.0,1.0,0.0,1.0,1.0,1.0,1.0,1.9387,-5.2812,21.2549,23.0992,50.476,46.7548,369.92,369.92,694.2903,-8.318,-8.318,-51.1516
INVH,27.59000015258789,27.59,2026-09-14,False,27.354999542236328,27.850000381469727,0.18,-1.3,BAJO,16295294976.0,25.31,38.81,1.8,7.05,2.48,25.11,23.2,7.17,16.53,0.94,0.43,,YAHOO,1.7379,2.4326,1.2748,0.059142,2.5368,-0.8706,83.9,2026-10-28,44,,,yahoo,1.0,1.0,1.0,1.0,0.0,1.0,1.0,0.0,1.0,-2.8179,-5.643,-7.4782,-6.0913,17.516,18.6152,30.46,30.59,30.59,-9.4222,-9.8071,-9.8071
IQV,265.6700134277344,265.67,2026-09-14,False,262.5849914550781,267.95001220703125,1.49,44.38,BAJO,43729285120.0,33.04,18.37,7.09,22.82,5.06,13.03,8.1,4.92,19.04,2.58,0.71,,YAHOO,1.7379,2.4326,1.2748,0.059142,2.5368,-0.8706,83.9,2026-11-03,50,,,yahoo,1.0,0.0,1.0,1.0,1.0,0.0,1.0,0.0,0.0,-0.7842,1.4976,28.4609,46.4069,19.3159,43.4807,271.62,271.62,271.62,-2.1906,-2.1906,-2.1906
IR,72.12999725341797,72.13,2026-09-14,False,71.30999755859375,72.62000274658203,-1.1,-7.14,BAJO,27986397184.0,29.81,18.41,2.75,9.47,5.1,16.88,12.08,3.96,15.93,0.48,1.62,,YAHOO,1.7379,2.4326,1.2748,0.059142,2.5368,-0.8706,83.9,2026-10-29,45,,,yahoo,1.0,0.0,1.0,1.0,1.0,0.0,1.0,0.0,1.0,-5.5396,-8.2082,-8.8362,-2.504,12.3182,31.2636,82.31,89.9788,98.6875,-12.3679,-19.8366,-26.9107
IRM,112.05999755859375,112.06,2026-09-14,False,110.5,114.19999694824219,-2.71,16.67,BAJO,33360576512.0,79.48,41.08,-26.04,,4.63,19.06,5.54,-1.31,20.97,,0.73,,YAHOO,1.7379,2.4326,1.2748,0.059142,2.5368,-0.8706,83.9,2026-11-04,51,,,yahoo,1.0,0.0,1.0,1.0,0.0,1.0,0.0,0.0,0.0,-4.1075,-4.5486,-9.2778,-11.3281,33.1144,31.35,129.9,133.06,133.06,-13.7336,-15.7824,-15.7824
IT,197.07000732421875,197.07,2026-09-14,False,184.8800048828125,197.63499450683594,9.73,-18.65,BAJO,12444769280.0,17.72,12.05,-75.85,113.58,10.17,22.62,12.0,8.46,10.32,,0.88,,YAHOO,1.7379,2.4326,1.2748,0.059142,2.5368,-0.8706,83.9,2026-11-03,50,,,yahoo,1.0,0.0,1.0,1.0,0.0,0.0,1.0,1.0,1.0,5.7129,-0.6654,47.3311,33.0026,80.6774,74.8334,202.78,202.78,264.09,-2.8159,-2.8159,-25.3777
ITW,269.0400085449219,269.04,2026-09-14,False,265.0799865722656,270.7850036621094,0.33,6.06,BAJO,76622594048.0,24.35,21.7,26.48,104.62,16.92,26.9,19.39,3.18,17.73,3.35,1.11,,YAHOO,1.7379,2.4326,1.2748,0.059142,2.5368,-0.8706,83.9,2026-10-23,39,,,yahoo,1.0,0.0,1.0,1.0,1.0,0.0,1.0,0.0,0.0,-0.3998,-3.9486,-0.8732,5.1429,19.6944,22.0715,287.28,297.32,297.32,-6.3492,-9.5116,-9.5116
IVZ,31.510000228881836,31.51,2026-09-14,False,31.110000610351562,31.940000534057617,-2.39,47.06,BAJO,13911658496.0,,9.64,1.4,-0.57,2.92,19.95,-0.93,8.2,12.55,0.12,0.71,,YAHOO,1.7379,2.4326,1.2748,0.059142,2.5368,-0.8706,83.9,2026-10-27,43,,,yahoo,0.0,0.0,1.0,1.0,0.0,1.0,1.0,1.0,1.0,-4.7173,-4.1083,4.689,9.6845,22.6329,36.1259,33.31,33.31,33.31,-5.4038,-5.4038,-5.4038
JBHT,274.989990234375,274.99,2026-09-14,False,265.989990234375,275.20001220703125,1.68,104.86,BAJO,25825667072.0,39.12,27.19,7.06,18.45,7.38,7.42,5.31,3.5,16.26,0.38,1.25,,YAHOO,1.7379,2.4326,1.2748,0.059142,2.5368,-0.8706,83.9,2026-10-15,31,,,yahoo,1.0,1.0,1.0,1.0,1.0,0.0,1.0,1.0,1.0,0.4456,5.348,-0.299,-4.8058,29.3051,33.2399,283.37,297.9075,297.9075,-2.9573,-7.6928,-7.6928
JBL,298.7200012207031,298.72,2026-09-14,False,296.94000244140625,306.0,-6.09,39.94,BAJO,31301998592.0,37.43,17.74,23.67,65.88,5.01,5.21,2.57,3.87,14.14,2.97,0.98,,YAHOO,1.7379,2.4326,1.2748,0.059142,2.5368,-0.8706,83.9,2026-09-30,16,,,yahoo,1.0,0.0,1.0,1.0,1.0,0.0,1.0,0.0,0.0,-3.8156,-0.9056,-6.39,-22.3573,74.4454,52.391,369.89,385.3968,385.5467,-19.2409,-22.4903,-22.5204
JKHY,164.5500030517578,164.55,2026-09-14,False,164.27000427246094,168.27999877929688,2.13,6.97,BAJO,11537030144.0,23.57,21.01,5.62,24.04,12.99,22.5,19.76,3.05,16.52,0.04,1.17,,YAHOO,1.7379,2.4326,1.2748,0.059142,2.5368,-0.8706,83.9,2026-11-03,50,2026-08-18,27.0,yahoo,1.0,1.0,1.0,1.0,0.0,0.0,1.0,1.0,1.0,-0.6581,-2.6994,11.2335,28.7907,23.4397,32.5749,172.991,172.991,190.3516,-4.8794,-4.8794,-13.5547
KEY,21.93000030517578,21.93,2026-09-14,False,21.735000610351562,22.149999618530273,0.41,22.72,BAJO,23402129408.0,12.82,10.26,1.36,10.33,1.08,34.71,27.54,,,,,,YAHOO,1.7379,2.4326,1.2748,0.059142,2.5368,-0.8706,83.9,2026-10-20,36,,,yahoo,1.0,1.0,1.0,1.0,1.0,0.0,1.0,0.0,1.0,-1.1271,1.0499,-5.9072,-2.4668,5.786,19.4609,22.8214,23.7624,23.7624,-3.9061,-7.7114,-7.7114
KEYS,314.9599914550781,314.96,2026-09-14,False,314.32000732421875,326.4949951171875,-6.99,84.9,BAJO,53620285440.0,42.68,22.71,8.16,20.9,7.23,25.68,19.14,3.48,31.67,0.42,2.02,,YAHOO,1.7379,2.4326,1.2748,0.059142,2.5368,-0.8706,83.9,2026-11-24,71,2026-08-18,27.0,yahoo,1.0,1.0,1.0,1.0,0.0,0.0,1.0,0.0,0.0,-3.7438,-1.5658,-2.4015,-10.1834,71.4702,48.3318,361.15,373.34,373.34,-12.7897,-15.6372,-15.6372
KHC,24.270000457763672,24.27,2026-09-14,False,24.270000457763672,24.989999771118164,-1.34,2.7,BAJO,28779941888.0,,11.62,0.8,-8.76,3.63,15.49,-13.64,11.29,8.23,0.53,1.06,,YAHOO,1.7379,2.4326,1.2748,0.059142,2.5368,-0.8706,83.9,2026-10-28,44,,,yahoo,0.0,0.0,1.0,1.0,0.0,1.0,1.0,0.0,1.0,-2.334,-4.0544,-3.1119,1.0988,16.0971,33.068,25.8468,27.1854,27.1854,-6.1005,-10.7241,-10.7241
KIM,23.219999313354492,23.22,2026-09-14,False,23.110000610351562,23.579999923706055,0.13,10.43,BAJO,15575729152.0,27.0,26.39,1.52,5.81,2.37,36.56,27.76,5.6,17.93,0.85,0.97,,YAHOO,1.7379,2.4326,1.2748,0.059142,2.5368,-0.8706,83.9,2026-10-29,45,,,yahoo,1.0,1.0,1.0,1.0,1.0,0.0,1.0,1.0,1.0,-1.6102,-1.1984,-6.357,-9.3206,8.9023,16.6181,24.0749,26.0712,26.0712,-3.5508,-10.9362,-10.9362
KMI,30.959999084472656,30.96,2026-09-14,False,30.649999618530273,31.389999389648438,0.32,19.23,BAJO,68941791232.0,19.97,20.06,2.18,10.99,4.45,30.06,19.3,1.56,13.4,0.99,0.46,,YAHOO,1.7379,2.4326,1.2748,0.059142,2.5368,-0.8706,83.9,2026-10-28,44,,,yahoo,1.0,1.0,1.0,1.0,0.0,1.0,0.0,0.0,1.0,-1.4013,-1.9011,-2.9522,-2.1622,15.6864,21.8138,32.87,32.8826,33.9923,-5.8108,-5.847,-8.9205
KR,60.90999984741211,60.91,2026-09-14,False,59.15999984741211,61.099998474121094,4.14,-6.07,BAJO,36302360576.0,32.92,11.03,6.58,14.44,5.8,2.98,0.73,6.98,8.83,4.13,0.7,,YAHOO,1.7379,2.4326,1.2748,0.059142,2.5368,-0.8706,83.9,2026-12-03,80,2026-09-11,3.0,yahoo,1.0,0.0,1.0,1.0,1.0,0.0,1.0,1.0,1.0,3.9597,5.5267,8.4298,-5.2265,37.4762,28.0054,60.91,60.91,74.6913,0.0,0.0,-18.4511
KVUE,17.90999984741211,17.91,2026-09-14,False,17.90999984741211,18.200000762939453,0.73,4.39,BAJO,34401054720.0,21.07,14.45,3.26,15.58,6.99,19.42,10.76,5.54,12.04,0.82,1.0,,YAHOO,1.7379,2.4326,1.2748,0.059142,2.5368,-0.8706,83.9,2026-11-05,52,,,yahoo,1.0,1.0,1.0,1.0,1.0,0.0,0.0,1.0,0.0,-4.429,-6.5728,-3.157,-0.1674,30.4472,22.9599,19.43,19.6114,19.6114,-7.823,-8.6756,-8.6756
L,109.19999694824219,109.2,2026-09-14,False,108.45500183105469,110.2750015258789,0.38,14.46,BAJO,22323505152.0,13.4,37.66,1.17,9.31,1.91,14.53,9.02,5.65,7.94,0.45,0.51,,YAHOO,1.7379,2.4326,1.2748,0.059142,2.5368,-0.8706,83.9,2026-11-02,49,,,yahoo,1.0,1.0,1.0,1.0,1.0,0.0,1.0,0.0,1.0,-0.0915,-0.4739,-2.8962,1.0555,5.1357,15.3047,112.387,119.3331,119.3331,-2.8357,-8.4914,-8.4914
LDOS,132.8300018310547,132.83,2026-09-14,False,129.13999938964844,133.91000366210938,3.08,-25.18,BAJO,16669129728.0,12.4,10.42,3.15,27.78,8.91,11.72,7.8,6.88,9.47,1.23,1.63,,YAHOO,1.7379,2.4326,1.2748,0.059142,2.5368,-0.8706,83.9,2026-11-03,50,,,yahoo,1.0,1.0,1.0,1.0,0.0,1.0,1.0,1.0,0.0,-0.1654,-5.5666,22.7521,9.1185,28.6243,39.9581,146.31,146.31,197.9062,-9.2133,-9.2133,-32.8824
LH,315.30999755859375,315.31,2026-09-14,False,308.2099914550781,316.4849853515625,1.21,17.18,BAJO,25571641344.0,26.08,15.89,2.96,11.73,5.53,12.24,6.99,3.49,13.91,0.79,1.8,,YAHOO,1.7379,2.4326,1.2748,0.059142,2.5368,-0.8706,83.9,2026-10-27,43,,,yahoo,1.0,1.0,1.0,1.0,1.0,0.0,1.0,1.0,1.0,-3.5425,-5.9085,16.1756,18.7203,43.3569,24.994,338.614,338.614,338.614,-6.8822,-6.8822,-6.8822
LII,365.510009765625,365.51,2026-09-14,False,352.364990234375,368.6000061035156,-0.14,-31.54,BAJO,12632272896.0,16.24,13.95,9.74,71.76,15.99,22.86,14.87,2.2,12.49,1.56,1.57,,YAHOO,1.7379,2.4326,1.2748,0.059142,2.5368,-0.8706,83.9,2026-10-28,44,,,yahoo,1.0,0.0,1.0,0.0,0.0,1.0,1.0,1.0,0.0,-6.4067,-7.0871,-33.3825,-28.4612,16.0399,53.172,419.34,572.95,572.95,-12.8368,-36.2056,-36.2056
LNT,66.91999816894531,66.92,2026-09-14,False,66.75,67.70999908447266,-0.51,8.12,BAJO,17351331840.0,21.18,18.17,2.3,11.13,2.45,19.05,18.45,-6.56,16.1,1.61,0.47,,YAHOO,1.7379,2.4326,1.2748,0.059142,2.5368,-0.8706,83.9,2026-11-05,52,,,yahoo,1.0,1.0,1.0,1.0,0.0,1.0,0.0,1.0,0.0,-1.5448,-1.6316,-9.5521,-7.7707,7.7651,18.2841,70.35,77.4411,77.4411,-4.8756,-13.586,-13.586
LOW,198.1699981689453,198.17,2026-09-14,False,196.0,199.77999877929688,0.69,-24.15,BAJO,111184076800.0,16.75,15.21,-14.95,,12.52,13.36,7.35,4.15,11.73,,1.1,,YAHOO,1.7379,2.4326,1.2748,0.059142,2.5368,-0.8706,83.9,2026-11-18,65,2026-08-19,26.0,yahoo,1.0,0.0,1.0,1.0,1.0,0.0,0.0,1.0,0.0,-3.0717,-4.7489,-4.8962,-9.6862,13.8488,27.7507,220.0,226.1026,284.2603,-9.9227,-12.354,-30.2857
LULU,100.30000305175781,100.3,2026-09-14,False,99.25,102.18000030517578,1.34,-35.78,BAJO,11104216064.0,8.26,11.42,2.34,30.9,14.4,13.21,12.78,10.34,4.97,0.45,2.19,,YAHOO,1.7379,2.4326,1.2748,0.059142,2.5368,-0.8706,83.9,2026-12-09,86,2026-09-03,11.0,finnhub,1.0,0.0,1.0,1.0,0.0,1.0,1.0,0.0,0.0,-0.3081,-16.9771,-14.5801,-15.5511,44.9405,53.2471,122.78,128.58,215.88,-18.3092,-21.9941,-53.539
LUV,39.52000045776367,39.52,2026-09-14,False,38.349998474121094,39.880001068115234,0.71,29.51,BAJO,19333507072.0,24.7,8.39,2.73,11.1,2.32,3.38,2.78,-4.32,9.59,0.97,0.49,,YAHOO,1.7379,2.4326,1.2748,0.059142,2.5368,-0.8706,83.9,2026-10-21,37,,,yahoo,1.0,1.0,1.0,1.0,0.0,0.0,1.0,1.0,1.0,-0.2524,0.1642,-19.3805,-12.6785,10.5927,34.4923,43.1479,51.8472,54.0738,-8.4081,-23.776,-26.9147
LW,48.2599983215332,48.26,2026-09-14,False,47.36000061035156,48.779998779296875,0.86,-9.77,BAJO,6634936832.0,23.2,14.3,3.64,16.28,6.03,9.77,4.39,6.83,9.6,2.21,1.42,,YAHOO,1.7379,2.4326,1.2748,0.059142,2.5368,-0.8706,83.9,2026-10-06,22,,,yahoo,1.0,0.0,1.0,1.0,1.0,1.0,1.0,0.0,1.0,-3.2284,-12.2226,6.7287,7.1285,29.1765,32.0428,55.36,55.36,64.5724,-12.8251,-12.8251,-25.2621
LYB,62.75,62.75,2026-09-14,False,62.40999984741211,65.0,-1.48,28.39,BAJO,20270630912.0,,9.79,1.9,-2.27,4.11,17.92,-1.13,6.06,9.07,1.33,1.64,,YAHOO,1.7379,2.4326,1.2748,0.059142,2.5368,-0.8706,83.9,2026-10-30,46,,,yahoo,0.0,0.0,1.0,1.0,0.0,0.0,1.0,0.0,0.0,-1.2122,-1.4449,9.3065,-1.8306,9.7628,34.1133,67.4042,67.4042,80.6941,-6.9049,-6.9049,-22.2372
LYV,171.49000549316406,171.49,2026-09-14,False,169.4600067138672,173.35499572753906,0.79,1.01,BAJO,39950225408.0,,90.83,480.36,17.68,2.1,6.7,0.51,4.24,28.31,6.2,0.85,,YAHOO,1.7379,2.4326,1.2748,0.059142,2.5368,-0.8706,83.9,2026-11-03,50,,,yahoo,1.0,0.0,1.0,1.0,0.0,1.0,0.0,1.0,0.0,-1.1585,-5.5932,-3.8949,-0.5913,7.1229,25.1255,186.77,188.46,188.46,-8.1812,-9.0046,-9.0046
MAA,125.5999984741211,125.6,2026-09-14,False,123.5,125.69000244140625,0.65,-4.91,BAJO,14941851648.0,36.73,38.3,2.68,7.05,3.13,25.36,18.17,6.17,16.39,1.02,0.05,,YAHOO,1.7379,2.4326,1.2748,0.059142,2.5368,-0.8706,83.9,2026-10-28,44,,,yahoo,1.0,0.0,1.0,1.0,1.0,1.0,1.0,0.0,0.0,-2.1197,-3.0939,-4.6824,-8.5481,21.171,19.2605,133.16,140.5626,140.5626,-5.6774,-10.6448,-10.6448
MAR,340.4599914550781,340.46,2026-09-14,False,332.07000732421875,341.139892578125,1.72,31.0,BAJO,88780488704.0,35.21,25.88,-19.7,,9.76,65.28,35.03,2.32,22.04,,0.54,,YAHOO,1.7379,2.4326,1.2748,0.059142,2.5368,-0.8706,83.9,2026-11-03,50,,,yahoo,1.0,1.0,1.0,1.0,0.0,1.0,1.0,1.0,0.0,1.1738,-3.025,-7.5594,-15.2502,18.379,27.0461,360.2,395.3965,401.7236,-5.4803,-13.894,-15.2502
MAS,69.41000366210938,69.41,2026-09-14,False,67.58999633789062,69.7300033569336,1.3,-2.23,BAJO,13686779904.0,15.99,14.89,-37.5,5862.5,15.86,23.64,11.61,6.55,11.19,,1.86,,YAHOO,1.7379,2.4326,1.2748,0.059142,2.5368,-0.8706,83.9,2026-10-29,45,,,yahoo,1.0,0.0,1.0,1.0,1.0,1.0,1.0,0.0,0.0,-4.5254,-5.2423,-10.6684,-5.8295,33.4865,39.7537,74.9214,82.4086,82.4086,-7.3563,-15.7734,-15.7734
MCHP,71.4800033569336,71.48,2026-09-14,False,70.69000244140625,72.37999725341797,-3.67,17.64,BAJO,38814265344.0,105.12,15.66,6.02,7.19,3.54,23.96,9.34,3.52,29.18,0.84,1.92,,YAHOO,1.7379,2.4326,1.2748,0.059142,2.5368,-0.8706,83.9,2026-11-05,52,,,yahoo,1.0,1.0,1.0,1.0,0.0,0.0,0.0,1.0,1.0,-3.6268,-1.9882,-16.6357,-24.4959,49.6971,57.8246,79.78,102.0957,102.0957,-10.4036,-29.9873,-29.9873
MCK,910.9500122070312,910.95,2026-09-14,False,893.3800048828125,911.989990234375,3.34,31.64,BAJO,106207993856.0,24.43,18.05,-24.92,,4.74,1.35,1.12,6.4,16.37,,0.89,,YAHOO,1.7379,2.4326,1.2748,0.059142,2.5368,-0.8706,83.9,2026-11-04,51,,,yahoo,1.0,1.0,1.0,1.0,0.0,0.0,1.0,0.0,1.0,0.326,2.0739,14.5122,16.3087,30.6272,32.3776,924.78,924.78,993.5342,-1.4955,-1.4955,-8.3122
MCO,477.92999267578125,477.93,2026-09-14,False,473.2049865722656,485.0,0.63,-3.72,BAJO,82768388096.0,30.31,25.25,27.36,76.93,15.62,49.47,34.25,3.12,21.97,2.41,1.19,,YAHOO,1.7379,2.4326,1.2748,0.059142,2.5368,-0.8706,83.9,2026-10-21,37,,,yahoo,1.0,1.0,1.0,1.0,0.0,1.0,1.0,1.0,1.0,-3.1648,-7.1891,-5.0589,6.9421,24.5216,27.7104,514.95,517.9255,536.0317,-7.1891,-7.7222,-10.8392
MET,97.75,97.75,2026-09-14,False,96.55999755859375,97.78900146484375,0.63,26.48,BAJO,62117871616.0,18.73,8.95,2.27,13.09,0.45,5.52,4.57,-33.73,14.18,1.8,2.03,,YAHOO,1.7379,2.4326,1.2748,0.059142,2.5368,-0.8706,83.9,2026-11-09,56,,,yahoo,1.0,0.0,1.0,1.0,1.0,0.0,1.0,0.0,0.0,0.1332,1.2848,6.6764,10.7109,6.5019,23.5643,99.23,99.95,99.95,-1.4915,-2.2011,-2.2011
MGM,39.83000183105469,39.83,2026-09-14,False,39.5099983215332,40.08000183105469,-0.15,13.28,BAJO,10190555136.0,24.14,19.28,3.99,18.92,1.77,6.79,2.4,8.63,17.11,8.93,1.33,,YAHOO,1.7379,2.4326,1.2748,0.059142,2.5368,-0.8706,83.9,2026-10-28,44,,,yahoo,1.0,0.0,1.0,1.0,1.0,0.0,1.0,0.0,1.0,-3.3721,-5.7947,-14.9658,-18.6645,16.119,20.8838,43.78,49.69,50.69,-9.0224,-19.843,-21.4243
MKC,50.38999938964844,50.39,2026-09-14,False,50.22100067138672,52.845001220703125,-1.81,-19.6,BAJO,13547429888.0,8.38,15.28,1.94,24.73,5.14,17.42,21.91,5.27,12.9,0.65,0.78,,YAHOO,1.7379,2.4326,1.2748,0.059142,2.5368,-0.8706,83.9,2026-10-01,17,,,yahoo,1.0,0.0,1.0,1.0,1.0,0.0,0.0,0.0,1.0,-3.245,-8.9283,-1.0408,3.8746,14.5614,31.4766,56.48,56.48,70.3792,-10.7826,-10.7826,-28.4022
MLM,500.9200134277344,500.92,2026-09-14,False,497.1050109863281,508.3299865722656,-1.77,-16.04,BAJO,35575029760.0,32.53,22.73,2.61,8.89,4.57,20.18,36.74,1.67,17.09,0.55,1.41,,YAHOO,1.7379,2.4326,1.2748,0.059142,2.5368,-0.8706,83.9,2026-11-03,50,,,yahoo,1.0,0.0,1.0,1.0,1.0,1.0,1.0,1.0,1.0,-2.6905,-5.5207,-11.8716,-13.0943,24.7833,31.8231,537.7877,627.9214,705.0884,-6.8554,-20.2257,-28.9564
MNST,44.20000076293945,44.2,2026-09-14,False,43.512001037597656,44.40999984741211,1.84,38.9,BAJO,86590087168.0,40.93,33.76,9.25,25.7,17.48,29.18,23.08,1.94,28.39,0.01,3.73,,YAHOO,1.7379,2.4326,1.2748,0.059142,2.5368,-0.8706,83.9,2026-11-05,52,,,yahoo,1.0,0.0,1.0,1.0,0.0,1.0,0.0,1.0,0.0,0.8672,-5.6765,-9.3984,-4.7722,16.6453,25.0584,48.92,49.97,49.97,-9.6484,-11.5469,-11.5469
MOH,214.07000732421875,214.07,2026-09-14,False,206.0,214.36000061035156,4.82,23.08,BAJO,11174454272.0,1337.94,21.98,2.67,-0.16,1.16,1.4,-0.02,6.27,15.93,0.95,1.68,,YAHOO,1.7379,2.4326,1.2748,0.059142,2.5368,-0.8706,83.9,2026-10-21,37,,,yahoo,1.0,0.0,0.0,0.0,0.0,1.0,1.0,0.0,1.0,6.6086,7.035,-8.2662,6.8854,39.706,42.5214,214.07,242.88,242.88,0.0,-11.8618,-11.8618
MPC,396.45001220703125,396.45,2026-09-14,False,388.1581115722656,409.5,0.13,125.53,BAJO,111332982784.0,13.76,10.71,5.88,42.1,8.74,13.56,5.55,8.31,9.38,1.33,1.25,,YAHOO,1.7379,2.4326,1.2748,0.059142,2.5368,-0.8706,83.9,2026-11-03,50,,,yahoo,1.0,1.0,1.0,1.0,0.0,1.0,1.0,1.0,0.0,1.9414,7.4886,32.875,50.8216,18.4625,32.649,399.44,399.44,399.44,-0.7485,-0.7485,-0.7485
MPWR,1143.239990234375,1143.24,2026-09-14,False,1141.3800048828125,1185.885009765625,-7.39,37.01,BAJO,56182243328.0,69.62,32.79,14.42,21.98,13.57,30.99,24.5,0.79,54.77,0.0,4.97,,YAHOO,1.7379,2.4326,1.2748,0.059142,2.5368,-0.8706,83.9,2026-10-29,45,,,yahoo,1.0,0.0,1.0,1.0,0.0,1.0,0.0,0.0,1.0,-6.5874,-8.9965,-15.4821,-27.4095,74.3992,56.5923,1415.99,1561.3176,1687.3154,-19.2621,-26.7772,-32.245
MSCI,553.6500244140625,553.65,2026-09-14,False,542.6300048828125,564.7675170898438,-0.17,-1.08,BAJO,40250355712.0,30.25,24.61,-14.97,,21.13,56.3,40.73,2.97,23.67,,0.89,,YAHOO,1.7379,2.4326,1.2748,0.059142,2.5368,-0.8706,83.9,2026-10-20,36,,,yahoo,1.0,1.0,1.0,1.0,0.0,1.0,1.0,1.0,1.0,-3.3786,-2.9978,-10.6374,-7.259,17.1849,34.7339,574.65,634.9691,641.5356,-3.6544,-12.8068,-13.6992
MTB,237.82000732421875,237.82,2026-09-14,False,236.8300018310547,241.30499267578125,-0.84,25.98,BAJO,34345074688.0,12.58,11.28,1.35,10.74,1.41,45.11,32.09,,,,,,YAHOO,1.7379,2.4326,1.2748,0.059142,2.5368,-0.8706,83.9,2026-10-16,32,,,yahoo,1.0,1.0,1.0,1.0,1.0,0.0,1.0,0.0,1.0,-0.8422,0.8701,-3.6918,3.2235,9.2504,18.9934,251.2387,252.4608,252.4608,-5.341,-5.7992,-5.7992
MTCH,43.150001525878906,43.15,2026-09-14,False,42.810001373291016,43.720001220703125,1.79,19.35,BAJO,10065451008.0,15.3,9.43,-41.85,,17.36,28.77,20.17,9.25,10.93,,1.72,,YAHOO,1.7379,2.4326,1.2748,0.059142,2.5368,-0.8706,83.9,2026-11-03,50,,,yahoo,1.0,1.0,1.0,1.0,1.0,0.0,1.0,1.0,1.0,3.0817,3.7759,7.5792,24.3345,7.7487,36.117,43.15,43.15,43.15,0.0,0.0,0.0
MTD,1285.75,1285.75,2026-09-14,False,1274.510009765625,1306.1400146484375,-0.6,3.56,BAJO,25762007040.0,28.98,24.87,2008.98,,21.1,31.2,21.91,2.69,21.83,166.68,1.12,,YAHOO,1.7379,2.4326,1.2748,0.059142,2.5368,-0.8706,83.9,2026-11-05,52,,,yahoo,1.0,0.0,1.0,1.0,1.0,1.0,1.0,0.0,0.0,-4.4237,-8.0675,-2.3395,13.6334,23.7965,25.6249,1425.09,1445.0,1506.02,-9.7776,-11.0208,-14.626
NCLH,14.720000267028809,14.72,2026-09-14,False,14.414999961853027,14.989999771118164,-0.67,-41.88,BAJO,6759245312.0,8.92,8.7,2.63,36.73,4.25,14.04,7.49,-24.86,8.7,6.21,0.2,,YAHOO,1.7379,2.4326,1.2748,0.059142,2.5368,-0.8706,83.9,2026-11-04,51,,,yahoo,1.0,0.0,1.0,1.0,0.0,1.0,0.0,1.0,0.0,-5.4592,-11.5916,-25.3928,-24.2409,34.9342,46.6881,18.18,21.92,26.65,-19.0319,-32.8467,-44.7655
NDAQ,91.56999969482422,91.57,2026-09-14,False,90.91999816894531,92.37999725341797,0.42,1.44,BAJO,51185553408.0,26.7,19.57,4.29,16.52,5.85,49.33,35.04,3.3,17.88,0.78,1.01,,YAHOO,1.7379,2.4326,1.2748,0.059142,2.5368,-0.8706,83.9,2026-10-22,38,,,yahoo,1.0,1.0,1.0,1.0,1.0,1.0,1.0,1.0,1.0,-5.1615,-7.4821,0.5687,3.2587,18.1625,28.2097,99.1349,99.1349,99.9635,-7.6309,-7.6309,-8.3966
NDSN,308.30999755859375,308.31,2026-09-14,False,307.54998779296875,311.5400085449219,-1.96,39.69,BAJO,17172672512.0,31.24,23.82,5.25,17.76,8.47,27.4,18.63,3.57,19.71,0.56,1.82,,YAHOO,1.7379,2.4326,1.2748,0.059142,2.5368,-0.8706,83.9,2026-12-08,85,2026-08-19,26.0,finnhub,1.0,1.0,1.0,1.0,1.0,0.0,1.0,0.0,1.0,-2.866,-4.7303,7.4594,7.5994,31.252,26.362,333.6978,333.6978,333.6978,-7.608,-7.608,-7.608
NI,41.06999969482422,41.07,2026-09-14,False,40.935001373291016,41.66999816894531,-0.82,5.55,BAJO,19695532032.0,21.85,18.23,2.06,8.55,3.24,17.16,13.15,-9.0,13.02,1.47,0.5,,YAHOO,1.7379,2.4326,1.2748,0.059142,2.5368,-0.8706,83.9,2026-10-28,44,,,yahoo,1.0,1.0,1.0,1.0,0.0,1.0,0.0,0.0,1.0,-0.7731,1.2324,-9.5489,-12.4228,5.3591,19.4015,42.37,48.7533,48.7533,-3.0682,-15.7596,-15.7596
NOC,527.3900146484375,527.39,2026-09-14,False,521.010009765625,534.2999877929688,1.62,-5.18,BAJO,74922622976.0,16.77,17.33,4.19,26.96,7.15,11.6,10.48,3.31,12.36,0.95,1.17,,YAHOO,1.7379,2.4326,1.2748,0.059142,2.5368,-0.8706,83.9,2026-10-20,36,,,yahoo,1.0,0.0,1.0,1.0,1.0,1.0,1.0,0.0,0.0,2.4098,-2.8926,0.8698,-3.7326,14.9909,26.9084,586.4728,586.4728,761.1927,-10.0743,-10.0743,-30.7153
NRG,108.47000122070312,108.47,2026-09-14,False,107.41999816894531,111.47000122070312,-4.4,-32.36,BAJO,22801530880.0,28.32,9.69,5.43,23.77,4.06,12.77,2.56,3.39,14.37,4.83,0.97,,YAHOO,1.7379,2.4326,1.2748,0.059142,2.5368,-0.8706,83.9,2026-11-05,52,,,yahoo,1.0,0.0,1.0,1.0,0.0,1.0,1.0,0.0,0.0,-8.8641,-2.3848,-21.0623,-13.2422,43.1908,57.24,122.37,148.8317,182.8192,-11.359,-27.119,-40.6682
NSC,320.04998779296875,320.05,2026-09-14,False,318.79998779296875,321.7799987792969,-0.07,19.04,BAJO,71885905920.0,27.31,22.35,4.42,16.98,5.95,35.3,21.02,1.92,15.53,1.06,0.83,,YAHOO,1.7379,2.4326,1.2748,0.059142,2.5368,-0.8706,83.9,2026-10-22,38,,,yahoo,1.0,1.0,1.0,1.0,1.0,0.0,1.0,0.0,0.0,-2.8562,-8.211,-2.1986,2.3595,10.884,21.1553,352.98,352.98,352.98,-9.3291,-9.3291,-9.3291
NTAP,188.27499389648438,188.275,2026-09-14,False,188.17999267578125,194.7899932861328,-5.52,55.82,BAJO,36980789248.0,26.63,17.05,24.68,114.82,11.66,26.67,19.18,3.17,17.16,1.69,1.24,,YAHOO,1.7379,2.4326,1.2748,0.059142,2.5368,-0.8706,83.9,2026-12-01,78,2026-09-02,12.0,yahoo,1.0,1.0,1.0,1.0,0.0,1.0,1.0,1.0,1.0,1.4467,0.671,16.1474,16.8534,95.7749,44.0232,204.71,207.08,207.08,-8.0284,-9.081,-9.081
NTRS,181.7100067138672,181.71,2026-09-14,False,179.84750366210938,186.9600067138672,-3.95,43.98,BAJO,33244872704.0,15.61,14.33,2.66,17.07,1.28,42.5,24.67,,,,,,YAHOO,1.7379,2.4326,1.2748,0.059142,2.5368,-0.8706,83.9,2026-10-21,37,,,yahoo,1.0,0.0,1.0,1.0,1.0,0.0,1.0,0.0,0.0,-2.6362,-2.2608,-4.4802,4.719,38.8285,21.984,190.5711,190.5711,190.5711,-4.6498,-4.6498,-4.6498
NVR,6299.56005859375,6299.5601,2026-09-14,False,6150.01123046875,6321.5,2.25,-22.37,BAJO,16871185408.0,16.39,15.3,4.97,31.54,16.55,13.89,11.85,5.44,10.68,0.32,5.67,,YAHOO,1.7379,2.4326,1.2748,0.059142,2.5368,-0.8706,83.9,2026-10-21,37,,,yahoo,1.0,0.0,1.0,0.0,0.0,1.0,1.0,0.0,1.0,0.0113,-1.512,-3.0474,-1.1823,26.1463,29.3702,6433.7402,6828.6201,8414.8203,-2.0856,-7.7477,-25.1373
NWS,33.86000061035156,33.86,2026-09-14,False,33.189998626708984,34.060001373291016,3.52,5.29,BAJO,18161494016.0,32.87,22.4,2.16,7.98,4.66,12.54,6.35,5.75,14.83,0.32,1.62,,YAHOO,1.7379,2.4326,1.2748,0.059142,2.5368,-0.8706,83.9,2026-11-05,52,,,yahoo,1.0,0.0,1.0,1.0,0.0,0.0,1.0,0.0,1.0,0.1825,-2.5484,7.2706,16.0693,32.4612,29.9861,35.2141,35.2141,35.2141,-3.8452,-3.8452,-3.8452
NWSA,30.559999465942383,30.56,2026-09-14,False,29.6299991607666,30.69499969482422,3.8,4.54,BAJO,16391471104.0,29.67,20.22,1.95,7.98,4.66,12.54,6.35,6.38,13.5,0.32,1.62,,YAHOO,1.7379,2.4326,1.2748,0.059142,2.5368,-0.8706,83.9,2026-11-05,52,,,yahoo,1.0,0.0,1.0,1.0,0.0,0.0,1.0,0.0,1.0,0.8978,-0.9918,9.5884,19.4035,33.3085,28.2115,31.0854,31.0854,31.0854,-1.6902,-1.6902,-1.6902
NXPI,224.22999572753906,224.23,2026-09-14,False,223.9600067138672,230.75999450683594,-5.24,5.61,BAJO,56542773248.0,19.15,12.39,4.96,27.92,10.46,30.41,22.56,6.29,13.38,0.93,2.04,,YAHOO,1.7379,2.4326,1.2748,0.059142,2.5368,-0.8706,83.9,2026-10-26,42,,,yahoo,1.0,0.0,1.0,1.0,1.0,0.0,1.0,0.0,0.0,-1.5844,0.2907,-19.6337,-26.1987,64.4909,44.6867,236.62,322.1472,331.5454,-5.2362,-30.3952,-32.3682
ODFL,181.91000366210938,181.91,2026-09-14,False,178.72500610351562,183.11000061035156,1.18,27.54,BAJO,37831512064.0,34.98,27.35,8.3,24.82,15.78,28.84,19.44,2.57,20.89,0.0,1.89,,YAHOO,1.7379,2.4326,1.2748,0.059142,2.5368,-0.8706,83.9,2026-10-28,44,,,yahoo,1.0,0.0,1.0,1.0,1.0,1.0,1.0,0.0,0.0,-2.1305,-8.2754,-19.1082,-25.8627,25.2907,29.5248,211.6313,236.7822,248.3443,-14.0439,-23.1741,-26.7509
OKE,96.97000122070312,96.97,2026-09-14,False,95.97000122070312,99.0199966430664,0.36,42.32,BAJO,61126946816.0,16.75,15.6,2.66,16.28,5.77,13.25,9.29,1.47,12.27,1.43,0.74,,YAHOO,1.7379,2.4326,1.2748,0.059142,2.5368,-0.8706,83.9,2026-10-27,43,,,yahoo,1.0,1.0,1.0,1.0,1.0,0.0,0.0,0.0,1.0,1.6137,2.3322,7.7955,8.319,18.2348,25.7039,97.51,97.51,97.51,-0.5538,-0.5538,-0.5538
OMC,81.06999969482422,81.07,2026-09-14,False,79.77839660644531,81.69000244140625,2.61,10.27,BAJO,22241226752.0,219.11,6.73,2.3,6.05,5.09,15.38,1.74,19.16,8.5,1.08,0.92,,YAHOO,1.7379,2.4326,1.2748,0.059142,2.5368,-0.8706,83.9,2026-10-20,36,,,yahoo,0.0,0.0,1.0,1.0,1.0,0.0,0.0,0.0,0.0,-1.8761,-8.1672,0.173,5.7251,42.4268,36.0664,88.94,88.94,88.94,-8.8487,-8.8487,-8.8487
ON,71.6500015258789,71.65,2026-09-14,False,71.45999908447266,73.13999938964844,-5.9,50.46,BAJO,27894679552.0,46.83,15.81,3.86,8.31,6.75,19.53,10.17,5.94,13.76,0.65,3.46,,YAHOO,1.7379,2.4326,1.2748,0.059142,2.5368,-0.8706,83.9,2026-11-02,49,,,yahoo,1.0,0.0,1.0,1.0,0.0,0.0,1.0,0.0,0.0,-3.6703,-1.3221,-22.574,-38.6506,95.2647,76.7261,83.38,131.55,133.93,-14.0681,-45.534,-46.5019
OTIS,70.18000030517578,70.18,2026-09-14,False,69.07530212402344,71.11499786376953,1.56,-18.49,BAJO,26715375616.0,18.04,15.44,-4.65,,14.25,15.13,10.17,5.38,13.12,,0.83,,YAHOO,1.7379,2.4326,1.2748,0.059142,2.5368,-0.8706,83.9,2026-10-28,44,,,yahoo,1.0,0.0,1.0,1.0,0.0,0.0,1.0,1.0,1.0,-1.4464,-2.1745,-2.2086,-0.2044,30.291,22.5756,72.36,74.5481,92.4955,-3.0127,-5.8595,-24.1261
PAYC,222.85000610351562,222.85,2026-09-14,False,218.2100067138672,227.389404296875,1.8,4.62,BAJO,10044211200.0,23.56,15.97,16.96,41.09,8.78,31.72,22.78,4.22,14.49,1.72,1.07,,YAHOO,1.7379,2.4326,1.2748,0.059142,2.5368,-0.8706,83.9,2026-11-04,51,,,yahoo,1.0,0.0,1.0,1.0,0.0,0.0,1.0,1.0,0.0,-3.8071,-6.5736,54.2289,65.9347,24.229,64.1812,240.52,240.52,240.52,-7.3466,-7.3466,-7.3466
PAYX,118.51000213623047,118.51,2026-09-14,False,116.5999984741211,119.2300033569336,2.34,-4.72,BAJO,42187247616.0,24.24,18.55,11.28,,,38.32,26.63,,28.38,1.24,1.15,,YAHOO,1.7379,2.4326,1.2748,0.059142,2.5368,-0.8706,83.9,2026-09-23,9,,,yahoo,1.0,1.0,1.0,1.0,0.0,0.0,1.0,1.0,1.0,-2.6292,-6.7144,8.8581,18.9943,27.343,32.4841,127.34,127.34,129.4102,-6.9342,-6.9342,-8.423
PCG,13.600000381469727,13.6,2026-09-14,False,13.539999961853027,14.020000457763672,-1.45,-8.88,BAJO,29952192512.0,9.78,7.55,0.93,9.32,2.57,24.79,11.83,-20.53,9.18,1.89,1.22,,YAHOO,1.7379,2.4326,1.2748,0.059142,2.5368,-0.8706,83.9,2026-10-22,38,,,yahoo,1.0,1.0,1.0,1.0,0.0,0.0,0.0,1.0,0.0,-4.8951,-18.0723,-22.3301,-19.5306,22.834,55.3621,18.36,18.36,19.0001,-25.9259,-25.9259,-28.4213
PEG,70.91999816894531,70.92,2026-09-14,False,70.7249984741211,72.72000122070312,-2.03,-10.07,BAJO,35347947520.0,17.64,15.18,2.04,11.83,3.24,18.87,16.04,0.3,13.41,1.42,0.88,,YAHOO,1.7379,2.4326,1.2748,0.059142,2.5368,-0.8706,83.9,2026-11-02,49,,,yahoo,1.0,1.0,1.0,1.0,0.0,1.0,1.0,1.0,1.0,-2.8957,-2.2191,-10.4083,-10.2059,14.7638,15.6951,74.9276,82.8257,84.7417,-5.3487,-14.3744,-16.3103
PFG,116.9000015258789,116.9,2026-09-14,False,115.46499633789062,117.41999816894531,0.63,47.31,BAJO,25028833280.0,16.65,11.25,2.07,12.95,0.35,12.34,9.93,4.22,11.14,0.35,1.59,,YAHOO,1.7379,2.4326,1.2748,0.059142,2.5368,-0.8706,83.9,2026-10-26,42,,,yahoo,1.0,0.0,1.0,1.0,1.0,0.0,1.0,0.0,0.0,0.1886,5.7256,4.2749,6.0015,13.9403,25.6154,118.51,118.51,118.51,-1.3585,-1.3585,-1.3585
PGR,217.6199951171875,217.62,2026-09-11,False,214.86000061035156,218.36000061035156,0.66,-5.32,BAJO,128434733056.0,11.09,13.57,3.74,34.94,7.84,18.21,12.85,11.77,8.62,0.24,0.29,,YAHOO,1.7379,2.4326,1.2748,0.059142,2.5368,-0.8706,83.9,2026-10-14,30,,,yahoo,1.0,1.0,1.0,1.0,1.0,0.0,0.0,0.0,0.0,-2.7918,-0.0138,-3.9545,7.642,18.2219,35.0504,223.92,234.48,234.48,-2.8135,-7.1904,-7.1904
PH,950.22998046875,950.23,2026-09-11,False,940.9400024414062,956.1799926757812,1.7,26.01,BAJO,117076672512.0,32.58,23.72,7.6,25.08,9.79,23.46,16.97,2.53,22.12,0.57,1.26,,YAHOO,1.7379,2.4326,1.2748,0.059142,2.5368,-0.8706,83.9,2026-11-05,52,,,yahoo,1.0,0.0,1.0,1.0,1.0,1.0,1.0,1.0,1.0,-1.4816,-5.8402,-1.2862,5.5159,22.3937,27.1557,1053.7278,1071.7115,1071.7115,-9.8221,-11.3353,-11.3353
PHM,118.26000213623047,118.26,2026-09-11,False,116.6500015258789,118.6500015258789,1.59,-12.51,BAJO,22656446464.0,12.15,10.59,1.72,14.9,9.21,15.69,11.62,4.76,8.51,0.19,7.27,,YAHOO,1.7379,2.4326,1.2748,0.059142,2.5368,-0.8706,83.9,2026-10-22,38,,,yahoo,1.0,0.0,1.0,0.0,1.0,1.0,1.0,0.0,0.0,-4.8669,-6.6982,-5.0578,-4.4267,34.3626,35.3364,130.86,137.94,141.9555,-9.6286,-14.2671,-16.6922
PKG,234.39999389648438,234.4,2026-09-11,False,233.3000030517578,236.1699981689453,0.86,12.2,BAJO,20783067136.0,30.33,17.78,4.43,14.89,8.28,13.12,7.26,2.08,12.23,0.94,2.94,,YAHOO,1.7379,2.4326,1.2748,0.059142,2.5368,-0.8706,83.9,2026-10-21,37,,,yahoo,1.0,0.0,1.0,1.0,0.0,0.0,1.0,0.0,0.0,-0.0725,-3.8122,3.8271,5.1474,34.9524,28.8775,255.48,257.43,257.43,-8.2511,-8.9461,-8.9461
PNC,244.24000549316406,244.24,2026-09-11,False,241.82000732421875,246.9600067138672,0.52,25.95,BAJO,96831610880.0,13.36,11.34,1.67,12.62,1.31,38.69,31.37,,,,,,YAHOO,1.7379,2.4326,1.2748,0.059142,2.5368,-0.8706,83.9,2026-10-15,31,,,yahoo,1.0,1.0,1.0,0.0,1.0,0.0,1.0,0.0,1.0,-0.3834,0.2998,-2.2601,5.2352,16.2312,17.1614,256.97,256.97,256.97,-4.9539,-4.9539,-4.9539
PNR,56.58000183105469,56.58,2026-09-11,False,56.400001525878906,57.790000915527344,-0.26,-47.61,BAJO,8966328320.0,14.48,10.87,2.39,17.13,8.66,23.44,16.24,6.23,10.28,0.47,1.45,,YAHOO,1.7379,2.4326,1.2748,0.059142,2.5368,-0.8706,83.9,2026-10-20,36,,,yahoo,1.0,0.0,1.0,1.0,1.0,1.0,1.0,1.0,0.0,-5.7314,-8.8889,-24.9112,-21.6933,15.8209,42.1666,66.16,76.3863,111.2284,-14.4801,-25.9291,-49.1317
PNW,96.0999984741211,96.1,2026-09-11,False,96.02999877929688,98.0,-0.51,14.48,BAJO,11562216448.0,18.31,17.14,1.64,9.37,2.33,21.34,11.53,-8.04,13.11,2.33,0.59,,YAHOO,1.7379,2.4326,1.2748,0.059142,2.5368,-0.8706,83.9,2026-11-03,50,,,yahoo,1.0,0.0,1.0,1.0,1.0,0.0,0.0,0.0,0.0,-1.9388,-1.8286,-11.0332,-5.299,9.8201,17.076,101.48,108.3845,108.3845,-5.3015,-11.3342,-11.3342
PODD,131.9600067138672,131.96,2026-09-11,False,131.24000549316406,135.5800018310547,-2.02,-59.43,BAJO,9557009408.0,25.85,17.87,6.72,26.02,9.71,16.18,12.29,2.48,16.21,0.67,2.48,,YAHOO,1.7379,2.4326,1.2748,0.059142,2.5368,-0.8706,83.9,2026-11-05,52,,,yahoo,1.0,0.0,1.0,1.0,1.0,0.0,0.0,1.0,1.0,-12.3655,-7.9841,-17.0689,-11.549,10.8233,56.8598,151.51,170.62,346.36,-12.9034,-22.6585,-61.9009
POOL,173.0399932861328,173.04,2026-09-11,False,172.60000610351562,177.74000549316406,-1.55,-44.69,BAJO,6241886720.0,15.79,14.53,4.95,31.25,9.9,15.14,7.41,3.41,12.37,1.35,2.67,,YAHOO,1.7379,2.4326,1.2748,0.059142,2.5368,-0.8706,83.9,2026-10-22,38,,,yahoo,1.0,0.0,1.0,0.0,0.0,1.0,1.0,1.0,0.0,-5.9923,-6.9977,-17.0869,-9.444,30.2453,37.7167,195.99,218.0392,321.7043,-11.7098,-20.6381,-46.2115
PPG,105.5,105.5,2026-09-11,False,105.44000244140625,107.95999908447266,0.43,-1.67,BAJO,23397074944.0,15.1,12.15,2.77,19.3,6.05,14.02,9.57,4.72,10.9,0.87,1.58,,YAHOO,1.7379,2.4326,1.2748,0.059142,2.5368,-0.8706,83.9,2026-10-27,43,,,yahoo,1.0,1.0,1.0,1.0,0.0,1.0,1.0,0.0,0.0,-4.7404,-7.0239,-7.4166,-10.2198,21.6744,30.3099,114.42,124.5553,129.1576,-7.7958,-15.2987,-18.3169
PPL,34.08000183105469,34.08,2026-09-11,False,34.029998779296875,34.459999084472656,-0.38,-0.69,BAJO,25428490240.0,19.99,15.96,1.69,8.63,3.2,23.59,13.47,-7.62,12.15,1.35,0.91,,YAHOO,1.7379,2.4326,1.2748,0.059142,2.5368,-0.8706,83.9,2026-11-04,51,,,yahoo,1.0,1.0,1.0,1.0,0.0,1.0,0.0,1.0,0.0,-2.1263,-0.2222,-4.8103,-3.0923,10.5245,18.9281,35.7229,36.7146,39.1669,-4.5989,-7.176,-12.9877
PRU,119.23999786376953,119.24,2026-09-11,False,117.44000244140625,120.2699966430664,0.64,18.88,BAJO,41227501568.0,10.83,8.04,1.31,12.01,0.43,7.52,6.01,18.26,11.85,1.64,0.78,,YAHOO,1.7379,2.4326,1.2748,0.059142,2.5368,-0.8706,83.9,2026-10-28,44,,,yahoo,1.0,1.0,1.0,1.0,1.0,0.0,1.0,0.0,0.0,-3.2143,-0.9388,5.0758,13.2444,23.6018,20.984,123.7019,123.7019,123.7019,-3.607,-3.607,-3.607
PSA,296.5,296.5,2026-09-11,False,293.1499938964844,297.7699890136719,0.64,6.23,BAJO,55196164096.0,28.21,29.2,10.72,21.93,6.98,45.7,41.63,4.23,19.28,1.1,0.22,,YAHOO,1.7379,2.4326,1.2748,0.059142,2.5368,-0.8706,83.9,2026-10-28,44,,,yahoo,1.0,0.0,1.0,1.0,0.0,0.0,0.0,0.0,1.0,-3.019,-4.7237,-7.0329,-7.8395,20.4951,21.5869,325.93,330.47,330.47,-9.0295,-10.2793,-10.2793
PTC,130.77999877929688,130.78,2026-09-11,False,127.05999755859375,131.19000244140625,1.6,-35.3,BAJO,14827380736.0,13.25,15.34,4.36,35.05,11.54,28.23,41.43,6.96,12.61,0.46,1.02,,YAHOO,1.7379,2.4326,1.2748,0.059142,2.5368,-0.8706,83.9,2026-11-11,58,,,yahoo,1.0,1.0,1.0,1.0,1.0,1.0,1.0,1.0,1.0,-12.8598,-17.7226,6.7505,10.4654,50.4006,43.7145,158.95,158.95,207.03,-17.7226,-17.7226,-36.8304
PWR,650.5800170898438,650.58,2026-09-11,False,624.3400268554688,653.8699951171875,5.15,68.64,BAJO,93516603392.0,71.33,31.55,9.7,15.34,5.23,7.22,4.03,2.09,34.16,0.68,1.1,,YAHOO,1.7379,2.4326,1.2748,0.059142,2.5368,-0.8706,83.9,2026-10-29,45,,,yahoo,1.0,0.0,1.0,1.0,1.0,0.0,0.0,1.0,0.0,4.9221,4.6235,-1.5675,-4.7726,52.4085,54.7464,722.31,740.0269,785.1201,-9.9306,-12.087,-17.1362
Q,126.4000015258789,126.4,2026-09-11,False,124.7249984741211,127.16000366210938,2.5,34.5,BAJO,24525518848.0,42.02,21.8,3.38,6.72,5.3,22.32,11.25,3.15,19.85,0.6,2.01,,YAHOO,1.7379,2.4326,1.2748,0.059142,2.5368,-0.8706,83.9,2026-11-16,63,,,yahoo,1.0,0.0,1.0,1.0,0.0,1.0,0.0,1.0,0.0,6.6937,0.1062,-10.7192,-15.1796,31.4637,55.3639,142.2053,175.5232,,-11.1144,-27.9867,
RCL,260.1400146484375,260.14,2026-09-11,False,259.8399963378906,264.29998779296875,0.44,-22.93,BAJO,68291211264.0,15.78,12.58,6.67,44.67,7.68,27.07,23.54,-2.22,13.16,2.25,0.21,,YAHOO,1.7379,2.4326,1.2748,0.059142,2.5368,-0.8706,83.9,2026-10-27,43,,,yahoo,1.0,1.0,1.0,1.0,1.0,1.0,0.0,1.0,0.0,-2.0373,-8.6587,-8.107,-9.6611,14.9082,31.7826,305.0,327.42,344.4,-14.7082,-20.5485,-24.4657
REGN,781.489990234375,781.49,2026-09-11,False,780.8099975585938,800.219970703125,-1.48,39.77,BAJO,81719492608.0,19.65,13.09,2.51,14.04,6.53,33.11,27.87,3.75,15.47,0.09,3.33,,YAHOO,1.7379,2.4326,1.2748,0.059142,2.5368,-0.8706,83.9,2026-10-28,44,,,yahoo,1.0,0.0,1.0,1.0,1.0,0.0,1.0,0.0,0.0,-7.3482,-3.2462,19.2469,27.9523,12.2748,30.3077,852.03,852.03,852.03,-8.2791,-8.2791,-8.2791
RF,30.1299991607666,30.13,2026-09-11,False,29.68000030517578,30.399999618530273,0.6,17.46,BAJO,25583443968.0,12.21,10.55,1.47,11.87,1.39,39.31,30.84,,,,,,YAHOO,1.7379,2.4326,1.2748,0.059142,2.5368,-0.8706,83.9,2026-10-16,32,,,yahoo,1.0,1.0,1.0,1.0,1.0,0.0,1.0,0.0,1.0,-1.0184,0.117,-1.5667,5.3499,12.4969,20.109,31.5797,32.0747,32.0747,-4.5907,-6.063,-6.063
RJF,173.4600067138672,173.46,2026-09-11,False,172.0,176.9499969482422,-0.04,4.3,BAJO,32810680320.0,14.89,12.03,2.58,18.42,2.58,19.3,15.13,,,0.48,2.11,,YAHOO,1.7379,2.4326,1.2748,0.059142,2.5368,-0.8706,83.9,2026-10-28,44,,,yahoo,1.0,0.0,1.0,1.0,0.0,0.0,1.0,0.0,1.0,-4.2187,-1.5047,3.6015,15.7282,7.5717,23.8669,181.1,181.18,181.18,-4.2187,-4.2609,-4.2609
RL,339.0899963378906,339.09,2026-09-11,False,331.8500061035156,342.8399963378906,0.72,9.87,BAJO,20343162880.0,21.51,16.33,7.48,37.54,11.0,18.39,11.76,4.33,13.44,1.1,2.04,,YAHOO,1.7379,2.4326,1.2748,0.059142,2.5368,-0.8706,83.9,2026-11-05,52,,,yahoo,1.0,1.0,1.0,1.0,0.0,1.0,1.0,1.0,1.0,-1.4846,-3.6402,-8.0982,-13.5726,29.172,30.3719,388.92,413.2399,413.2399,-12.8124,-17.9435,-17.9435
RMD,218.27000427246094,218.27,2026-09-11,False,215.97000122070312,221.2899932861328,-0.6,-18.15,BAJO,32166821888.0,21.38,16.86,4.88,24.27,14.0,30.86,26.95,2.92,15.04,0.13,3.1,,YAHOO,1.7379,2.4326,1.2748,0.059142,2.5368,-0.8706,83.9,2026-10-29,45,,,yahoo,1.0,0.0,1.0,1.0,1.0,0.0,1.0,1.0,1.0,-4.7646,-7.4186,13.4119,13.7774,22.225,36.5691,240.33,240.33,280.3143,-9.179,-9.179,-22.1338
ROK,428.3900146484375,428.39,2026-09-11,False,425.510009765625,433.6700134277344,1.67,25.37,BAJO,46607093760.0,39.25,28.21,13.31,30.63,9.99,20.97,13.39,2.8,24.24,1.03,1.07,,YAHOO,1.7379,2.4326,1.2748,0.059142,2.5368,-0.8706,83.9,2026-11-05,52,,,yahoo,1.0,0.0,1.0,1.0,0.0,1.0,1.0,1.0,1.0,0.0257,-1.0647,-8.5277,-6.0929,21.0777,31.4276,447.99,493.5596,493.5596,-4.3751,-13.204,-13.204
ROL,34.72999954223633,34.73,2026-09-11,False,34.439998626708984,34.88999938964844,0.49,-37.95,BAJO,16989245440.0,32.1,27.15,11.88,37.01,14.06,18.8,13.55,2.95,20.8,0.78,0.63,,YAHOO,1.7379,2.4326,1.2748,0.059142,2.5368,-0.8706,83.9,2026-10-28,44,,,yahoo,1.0,1.0,1.0,1.0,0.0,0.0,1.0,1.0,0.0,-2.7443,-3.3667,-21.2029,-25.8252,21.6174,29.8011,37.26,45.2396,64.8632,-6.7901,-23.2309,-46.4566
ROP,388.5199890136719,388.52,2026-09-11,False,383.7099914550781,389.4599914550781,-0.02,-22.72,BAJO,39027269632.0,16.44,16.24,2.09,13.07,4.23,27.73,30.24,5.81,15.44,0.61,0.55,,YAHOO,1.7379,2.4326,1.2748,0.059142,2.5368,-0.8706,83.9,2026-10-22,38,,,yahoo,1.0,0.0,1.0,1.0,0.0,1.0,1.0,0.0,1.0,-8.0099,-8.0839,12.0785,17.0672,19.9037,34.1816,426.2,426.2,516.3226,-8.8409,-8.8409,-24.7525
RSG,222.74000549316406,222.74,2026-09-11,False,220.66000366210938,223.97000122070312,0.75,-1.45,BAJO,69158207488.0,31.99,28.03,5.74,18.15,6.17,20.43,12.94,2.81,15.86,1.19,0.64,,YAHOO,1.7379,2.4326,1.2748,0.059142,2.5368,-0.8706,83.9,2026-10-29,45,,,yahoo,1.0,0.0,1.0,1.0,0.0,1.0,1.0,1.0,0.0,-1.0572,1.5825,1.2317,7.3734,10.5812,20.7584,225.12,225.12,230.9379,-1.0572,-1.0572,-3.5498
SBAC,185.47000122070312,185.47,2026-09-11,False,181.3000030517578,186.1300048828125,2.23,-3.1,BAJO,19421550592.0,19.75,22.09,-4.19,,8.41,52.16,34.51,3.87,18.89,,0.17,,YAHOO,1.7379,2.4326,1.2748,0.059142,2.5368,-0.8706,83.9,2026-11-02,49,,,yahoo,1.0,1.0,1.0,1.0,1.0,0.0,1.0,0.0,1.0,-3.1589,-0.797,-0.2672,-8.2987,33.397,31.8271,191.52,191.52,220.8819,-3.1589,-3.1589,-16.032
SJM,121.13999938964844,121.14,2026-09-11,False,119.97000122070312,121.97000122070312,0.06,15.3,BAJO,12957652992.0,56.68,11.15,2.25,3.93,6.26,17.9,2.51,11.3,8.77,1.21,0.87,,YAHOO,1.7379,2.4326,1.2748,0.059142,2.5368,-0.8706,83.9,2026-11-24,71,2026-08-26,19.0,yahoo,0.0,1.0,1.0,1.0,1.0,0.0,0.0,0.0,1.0,-5.735,-8.1159,12.375,4.6609,12.3247,31.0884,132.34,132.34,132.34,-8.463,-8.463,-8.463
SMCI,40.099998474121094,40.1,2026-09-11,False,37.560001373291016,40.45000076293945,7.28,-7.23,BAJO,24136908800.0,11.27,6.9,2.35,21.47,7.88,13.38,5.71,-34.17,10.65,0.64,3.87,,YAHOO,1.7379,2.4326,1.2748,0.059142,2.5368,-0.8706,83.9,2026-11-03,50,,,yahoo,1.0,0.0,0.0,0.0,1.0,0.0,0.0,0.0,0.0,5.8886,4.2642,45.0271,25.4301,82.9281,96.388,40.26,40.26,58.68,-0.3974,-0.3974,-31.6633
SNPS,397.3800048828125,397.38,2026-09-11,False,394.25,400.8299865722656,0.05,-7.77,BAJO,73095962624.0,66.68,21.76,2.35,3.66,1.35,14.52,11.43,4.69,38.7,0.35,1.34,,YAHOO,1.7379,2.4326,1.2748,0.059142,2.5368,-0.8706,83.9,2026-12-08,85,2026-08-26,19.0,finnhub,1.0,0.0,1.0,1.0,0.0,0.0,0.0,0.0,0.0,-4.5471,-14.5217,-6.6964,-12.9106,9.6653,46.1693,464.89,464.89,534.56,-14.5217,-14.5217,-25.6622
SO,87.16999816894531,87.17,2026-09-11,False,86.98999786376953,88.6500015258789,-0.66,-0.73,BAJO,100081582080.0,20.96,17.67,2.53,11.48,3.27,29.61,15.43,-3.91,12.41,1.82,0.79,,YAHOO,1.7379,2.4326,1.2748,0.059142,2.5368,-0.8706,83.9,2026-10-29,45,,,yahoo,1.0,0.0,1.0,1.0,0.0,0.0,0.0,0.0,1.0,-1.8024,-2.1112,-8.41,-5.7684,13.3848,16.5289,92.29,97.1776,97.4911,-5.5477,-10.2982,-10.5867
SOLV,87.44999694824219,87.45,2026-09-11,False,86.6500015258789,88.83999633789062,-0.23,20.04,BAJO,15289495552.0,10.98,12.43,3.18,33.96,2.7,9.78,17.26,3.2,17.72,1.1,1.02,,YAHOO,1.7379,2.4326,1.2748,0.059142,2.5368,-0.8706,83.9,2026-11-05,52,,,yahoo,1.0,1.0,1.0,0.0,1.0,1.0,0.0,0.0,1.0,-5.3981,-3.8271,14.6434,10.3888,19.5144,31.4845,92.44,92.44,92.44,-5.3981,-5.3981,-5.3981
SPG,204.8300018310547,204.83,2026-09-11,False,203.8000030517578,206.24000549316406,0.08,18.07,BAJO,77811425280.0,14.47,29.82,15.09,120.51,5.63,46.02,66.57,3.34,18.76,5.04,0.27,,YAHOO,1.7379,2.4326,1.2748,0.059142,2.5368,-0.8706,83.9,2026-11-02,49,,,yahoo,1.0,1.0,1.0,0.0,1.0,0.0,1.0,0.0,0.0,-2.1234,-3.6584,-6.4405,-3.6449,24.2012,18.9588,220.81,234.1864,234.1864,-7.237,-12.5355,-12.5355
SRE,83.33999633789062,83.34,2026-09-11,False,83.18000030517578,84.94000244140625,-0.79,4.26,BAJO,54267187200.0,24.06,14.97,1.66,6.68,1.96,28.33,16.82,-50.97,17.28,0.85,1.64,,YAHOO,1.7379,2.4326,1.2748,0.059142,2.5368,-0.8706,83.9,2026-11-04,51,,,yahoo,1.0,0.0,1.0,1.0,1.0,1.0,0.0,1.0,0.0,-1.4544,-1.6637,-10.7327,-8.3072,20.5956,22.8627,87.38,95.33,99.0422,-4.6235,-12.5774,-15.854
STE,210.75999450683594,210.76,2026-09-11,False,209.58999633789062,214.2100067138672,-0.8,-14.26,BAJO,20831875072.0,26.12,17.45,2.89,11.39,6.8,19.15,13.33,3.83,13.49,0.28,1.91,,YAHOO,1.7379,2.4326,1.2748,0.059142,2.5368,-0.8706,83.9,2026-11-04,51,,,yahoo,1.0,1.0,1.0,1.0,1.0,1.0,1.0,1.0,1.0,-6.8011,-9.2574,1.2806,2.0187,13.2293,28.0041,237.2062,238.1833,266.3608,-11.149,-11.5135,-20.8742
STLD,239.7899932861328,239.79,2026-09-11,False,234.3800048828125,241.0,1.14,82.63,BAJO,33614737408.0,21.3,11.98,3.58,17.57,7.87,11.5,7.83,0.7,14.26,0.47,3.18,,YAHOO,1.7379,2.4326,1.2748,0.059142,2.5368,-0.8706,83.9,2026-10-19,35,,,yahoo,1.0,0.0,1.0,1.0,0.0,1.0,1.0,0.0,0.0,-2.5363,1.6749,2.7598,-14.0283,18.08,41.2359,258.16,269.5187,282.1202,-7.1157,-11.0303,-15.0043
STT,193.39999389648438,193.4,2026-09-11,False,191.0,194.52000427246094,1.1,77.18,BAJO,51687882752.0,16.61,12.29,2.16,12.44,0.87,27.82,23.0,,,,,,YAHOO,1.7379,2.4326,1.2748,0.059142,2.5368,-0.8706,83.9,2026-10-14,30,,,yahoo,1.0,1.0,1.0,1.0,0.0,0.0,1.0,0.0,1.0,-0.2784,0.0155,5.309,17.9027,15.211,23.939,194.26,194.26,194.26,-0.4427,-0.4427,-0.4427
STX,830.1699829101562,830.17,2026-09-11,False,817.6900024414062,870.6799926757812,-3.73,326.82,BAJO,183176429568.0,58.12,14.55,84.31,371.53,29.35,43.07,26.11,1.06,41.04,1.8,1.67,,YAHOO,1.7379,2.4326,1.2748,0.059142,2.5368,-0.8706,83.9,2026-10-27,43,,,yahoo,1.0,1.0,1.0,1.0,1.0,1.0,0.0,1.0,1.0,3.9519,-2.0102,-5.481,-4.3,74.6334,82.6588,994.79,1093.2605,1093.2605,-16.5482,-24.0648,-24.0648
STZ,122.44999694824219,122.45,2026-09-11,False,122.0999984741211,125.7300033569336,-1.1,-10.33,BAJO,21350543360.0,11.92,10.09,2.6,23.69,8.57,35.93,20.14,10.35,9.28,1.23,0.91,,YAHOO,1.7379,2.4326,1.2748,0.059142,2.5368,-0.8706,83.9,2026-10-06,22,,,yahoo,1.0,1.0,1.0,1.0,0.0,1.0,1.0,0.0,0.0,-5.1437,-6.8325,-6.0341,-13.7683,51.5454,30.1837,139.18,145.1562,164.2807,-12.0204,-15.6426,-25.463
SW,43.220001220703125,43.22,2026-09-11,False,42.459999084472656,43.38999938964844,2.39,-0.97,BAJO,22947876864.0,46.54,12.83,1.27,2.71,2.62,5.47,1.59,5.29,7.96,0.78,1.45,,YAHOO,1.7379,2.4326,1.2748,0.059142,2.5368,-0.8706,83.9,2026-10-28,44,,,yahoo,1.0,1.0,1.0,1.0,0.0,1.0,0.0,0.0,1.0,-4.5073,-11.1248,1.6409,2.1647,51.116,44.9186,49.56,50.341,50.7913,-12.7926,-14.1454,-14.9068
SWK,89.23999786376953,89.24,2026-09-11,False,88.91999816894531,91.05000305175781,0.01,18.56,BAJO,13423868928.0,21.73,13.93,1.5,6.89,3.8,8.44,4.07,10.57,10.07,0.58,1.43,,YAHOO,1.7379,2.4326,1.2748,0.059142,2.5368,-0.8706,83.9,2026-11-03,50,,,yahoo,1.0,1.0,1.0,1.0,1.0,0.0,0.0,1.0,1.0,-6.7185,-9.294,3.0292,8.2842,20.911,36.7405,101.1894,103.1027,103.1027,-11.8089,-13.4455,-13.4455
SYK,275.55999755859375,275.56,2026-09-11,False,267.0,277.0,2.06,-26.88,BAJO,108117737472.0,29.24,16.84,4.51,16.51,8.16,27.02,14.43,3.8,16.28,0.64,2.16,,YAHOO,1.7379,2.4326,1.2748,0.059142,2.5368,-0.8706,83.9,2026-10-29,45,,,yahoo,1.0,0.0,1.0,1.0,0.0,0.0,0.0,1.0,0.0,-10.5296,-14.4542,-11.4154,-9.601,73.9731,42.3422,339.98,352.25,385.3856,-18.9482,-21.7715,-28.4976
TAP,38.93000030517578,38.93,2026-09-11,False,38.310001373291016,39.02000045776367,1.27,-15.66,BAJO,7286620160.0,,7.96,0.72,-19.47,3.79,11.3,-20.81,12.83,5.89,0.76,0.88,,YAHOO,1.7379,2.4326,1.2748,0.059142,2.5368,-0.8706,83.9,2026-11-03,50,,,yahoo,0.0,0.0,1.0,1.0,1.0,0.0,1.0,0.0,1.0,-4.0424,-5.4638,1.3478,-3.7777,36.1759,31.7093,42.4947,42.8703,52.5761,-8.3885,-9.1912,-25.955
TDG,1140.3199462890625,1140.3199,2026-09-11,False,1128.6700439453125,1147.780029296875,1.19,-10.3,BAJO,61424377856.0,33.71,22.95,-6.62,,11.82,46.01,21.28,2.37,18.42,,3.02,,YAHOO,1.7379,2.4326,1.2748,0.059142,2.5368,-0.8706,83.9,2026-11-05,52,,,yahoo,1.0,1.0,1.0,0.0,0.0,1.0,0.0,1.0,1.0,-1.5123,-3.8905,-6.1728,-9.325,21.6474,25.3537,1256.9,1348.49,1450.0,-9.2752,-15.4373,-21.3572
TDY,603.7899780273438,603.79,2026-09-11,False,598.5900268554688,608.5499877929688,1.22,8.18,BAJO,27679434752.0,28.92,22.34,2.54,9.15,5.14,20.2,15.29,3.3,18.44,0.19,2.18,,YAHOO,1.7379,2.4326,1.2748,0.059142,2.5368,-0.8706,83.9,2026-10-21,37,,,yahoo,1.0,1.0,1.0,1.0,1.0,0.0,1.0,0.0,1.0,-0.6712,-3.6249,-3.099,-3.1969,19.9037,22.8785,679.67,691.3,691.3,-11.1642,-12.6588,-12.6588
TECH,72.12000274658203,72.12,2026-09-11,False,72.12000274658203,72.37999725341797,0.06,37.83,BAJO,11333254144.0,62.3,31.34,5.35,9.03,6.67,27.87,14.97,2.03,33.92,0.14,4.55,,YAHOO,1.7379,2.4326,1.2748,0.059142,2.5368,-0.8706,83.9,2026-11-09,56,,,yahoo,1.0,1.0,1.0,1.0,1.0,1.0,0.0,1.0,0.0,-0.4555,-0.483,1.3616,33.654,1.9845,44.7054,72.47,72.47,72.47,-0.483,-0.483,-0.483
TEL,211.9600067138672,211.96,2026-09-11,False,206.57000732421875,213.7100067138672,3.58,2.4,BAJO,58878300160.0,19.9,15.76,4.45,23.29,9.69,20.77,15.61,3.97,12.85,0.43,1.88,,YAHOO,1.7379,2.4326,1.2748,0.059142,2.5368,-0.8706,83.9,2026-10-28,44,,,yahoo,1.0,0.0,1.0,1.0,0.0,0.0,1.0,1.0,0.0,1.2177,4.4138,5.875,2.4298,35.7901,32.5553,216.5345,217.8394,246.3216,-2.1126,-2.699,-13.9499
TER,379.7200012207031,379.72,2026-09-11,False,374.3800048828125,385.67999267578125,2.57,230.75,BAJO,51467378688.0,45.16,28.25,16.39,36.46,19.75,33.16,25.77,0.85,34.05,0.03,2.12,,YAHOO,1.7379,2.4326,1.2748,0.059142,2.5368,-0.8706,83.9,2026-10-21,37,,,yahoo,1.0,0.0,1.0,1.0,0.0,0.0,1.0,0.0,1.0,12.1905,2.098,7.5406,-0.4022,55.2096,88.7867,442.9698,483.6542,483.6542,-14.2786,-21.4894,-21.4894
TKO,190.30999755859375,190.31,2026-09-11,False,187.86000061035156,192.8300018310547,0.35,-2.91,BAJO,36665327616.0,67.97,41.25,4.24,7.06,4.5,32.39,4.33,2.34,14.5,0.59,1.28,,YAHOO,1.7379,2.4326,1.2748,0.059142,2.5368,-0.8706,83.9,2026-11-04,51,,,yahoo,1.0,1.0,1.0,1.0,0.0,1.0,1.0,1.0,0.0,0.4699,3.2386,3.1155,-10.5979,49.3347,33.6498,201.69,215.88,223.1878,-5.6423,-11.8445,-14.731
TPL,369.1000061035156,369.1,2026-09-11,False,363.010009765625,371.0799865722656,0.82,20.18,BAJO,25194381312.0,46.71,5.0,15.06,36.57,25.81,78.18,60.32,-0.13,33.66,0.01,4.55,,YAHOO,1.7379,2.4326,1.2748,0.059142,2.5368,-0.8706,83.9,2026-11-04,51,,,yahoo,1.0,0.0,1.0,1.0,0.0,0.0,0.0,0.0,0.0,0.7094,-0.0047,-11.1166,0.0386,55.9682,43.9406,383.0251,436.9385,538.102,-3.6356,-15.5259,-31.4071
TRGP,290.25,290.25,2026-09-11,False,287.42999267578125,294.6700134277344,-0.57,80.96,BAJO,61595312128.0,27.49,23.78,19.67,70.84,9.24,27.8,13.54,0.11,14.77,5.16,0.77,,YAHOO,1.7379,2.4326,1.2748,0.059142,2.5368,-0.8706,83.9,2026-11-05,52,,,yahoo,1.0,1.0,1.0,1.0,0.0,0.0,1.0,1.0,0.0,-1.1208,0.4499,3.5541,8.2557,17.0711,32.683,302.25,302.25,302.25,-3.9702,-3.9702,-3.9702
TRMB,57.65999984741211,57.66,2026-09-11,False,57.0,58.220001220703125,1.44,-28.88,BAJO,13696984064.0,,14.25,2.41,-1.94,4.8,15.13,-2.77,5.01,16.98,0.29,0.95,,YAHOO,1.7379,2.4326,1.2748,0.059142,2.5368,-0.8706,83.9,2026-11-04,51,,,yahoo,1.0,0.0,1.0,0.0,0.0,0.0,1.0,1.0,0.0,-4.0599,-6.3048,11.7875,15.32,25.232,33.0113,61.54,61.54,83.52,-6.3048,-6.3048,-30.9626
TROW,106.29000091552734,106.29,2026-09-11,False,105.61000061035156,108.7699966430664,-1.17,7.35,BAJO,22568818688.0,10.62,10.25,2.05,19.4,10.66,28.69,29.26,8.97,7.07,0.04,4.04,,YAHOO,1.7379,2.4326,1.2748,0.059142,2.5368,-0.8706,83.9,2026-10-30,46,,,yahoo,1.0,0.0,1.0,0.0,0.0,1.0,1.0,0.0,0.0,-4.1396,-5.4023,-8.4259,-0.6508,10.412,26.9723,112.87,121.68,121.68,-5.8297,-12.6479,-12.6479
TRV,375.20001220703125,375.2,2026-09-11,False,369.6000061035156,375.29998779296875,2.08,37.85,BAJO,78851784704.0,10.16,12.51,2.38,26.51,4.78,23.7,16.95,18.74,7.22,0.27,0.32,,YAHOO,1.7379,2.4326,1.2748,0.059142,2.5368,-0.8706,83.9,2026-10-16,32,,,yahoo,1.0,1.0,1.0,1.0,0.0,0.0,1.0,0.0,0.0,0.5724,1.9367,11.7724,23.8838,20.0169,28.5422,375.2,395.8665,395.8665,0.0,-5.2206,-5.2206
TSCO,33.0099983215332,33.01,2026-09-11,False,32.900001525878906,33.91999816894531,-1.52,-42.15,BAJO,17626787840.0,17.62,16.51,6.73,39.51,7.82,12.07,6.42,0.59,12.39,2.49,1.33,,YAHOO,1.7379,2.4326,1.2748,0.059142,2.5368,-0.8706,83.9,2026-10-22,38,,,yahoo,1.0,0.0,1.0,1.0,1.0,0.0,1.0,1.0,0.0,-4.5954,-4.8703,8.7988,6.3277,29.2616,30.5576,35.92,36.18,59.1851,-8.1013,-8.7619,-44.2258
TSN,52.97999954223633,52.98,2026-09-11,False,52.18000030517578,53.040000915527344,0.99,-0.68,BAJO,18701768704.0,32.81,12.73,1.03,3.26,2.56,2.71,1.03,6.37,9.38,0.44,1.43,,YAHOO,1.7379,2.4326,1.2748,0.059142,2.5368,-0.8706,83.9,2026-11-09,56,,,yahoo,1.0,0.0,1.0,1.0,1.0,0.0,1.0,0.0,1.0,2.357,-3.3883,-6.9683,-3.8918,19.4409,28.6154,58.0679,60.6141,67.5448,-8.762,-12.5946,-21.5632
TTD,14.34000015258789,14.34,2026-09-11,False,13.86400032043457,14.390000343322754,2.65,-66.78,BAJO,7034106368.0,17.82,14.85,2.73,15.44,6.25,14.21,13.61,8.29,8.57,0.17,1.72,,YAHOO,1.7379,2.4326,1.2748,0.059142,2.5368,-0.8706,83.9,2026-11-05,52,,,yahoo,1.0,1.0,1.0,1.0,0.0,0.0,1.0,0.0,1.0,-4.9702,6.8554,-24.2872,-24.127,37.1518,66.9281,15.09,19.79,54.13,-4.9702,-27.5392,-73.5082
TTWO,215.47000122070312,215.47,2026-09-11,False,215.27000427246094,219.83999633789062,-0.69,-11.08,BAJO,41679810560.0,,21.66,11.77,-9.04,-0.62,0.51,-4.79,3.01,55.84,0.82,1.06,,YAHOO,1.7379,2.4326,1.2748,0.059142,2.5368,-0.8706,83.9,2026-11-09,56,,,yahoo,0.0,1.0,1.0,1.0,1.0,1.0,0.0,1.0,1.0,0.6258,-7.5236,-9.0997,1.5985,28.203,34.5466,246.95,258.41,262.29,-12.7475,-16.617,-17.8505
TYL,336.6700134277344,336.67,2026-09-11,False,333.3399963378906,340.30999755859375,0.35,-37.7,BAJO,14723980288.0,47.25,23.42,4.85,9.73,4.18,14.74,13.36,4.04,33.17,0.48,1.55,,YAHOO,1.7379,2.4326,1.2748,0.059142,2.5368,-0.8706,83.9,2026-10-28,44,,,yahoo,1.0,1.0,1.0,1.0,0.0,0.0,0.0,1.0,1.0,-11.2321,-8.9786,11.7428,13.94,31.5079,44.4131,379.27,379.27,553.99,-11.2321,-11.2321,-39.2281
UDR,35.119998931884766,35.12,2026-09-11,False,35.0,35.45000076293945,-0.06,-4.22,BAJO,12993672192.0,22.39,63.16,3.92,13.74,2.24,20.18,29.56,6.0,17.58,1.56,0.18,,YAHOO,1.7379,2.4326,1.2748,0.059142,2.5368,-0.8706,83.9,2026-10-28,44,,,yahoo,1.0,1.0,1.0,1.0,1.0,0.0,1.0,1.0,1.0,-3.4369,-5.2859,-11.4806,-9.5342,12.6246,19.7223,38.39,40.9356,40.9356,-8.5178,-14.2066,-14.2066
UHS,174.8300018310547,174.83,2026-09-11,False,173.35000610351562,177.0,1.22,-6.44,BAJO,10210751488.0,7.07,7.21,1.36,20.95,8.32,11.14,8.42,4.88,5.73,0.69,1.12,,YAHOO,1.7379,2.4326,1.2748,0.059142,2.5368,-0.8706,83.9,2026-10-26,42,,,yahoo,1.0,1.0,1.0,1.0,1.0,0.0,1.0,1.0,1.0,3.3213,1.4228,21.3586,19.8463,27.5569,30.9044,178.4802,178.4802,243.1212,-2.0451,-2.0451,-28.0894
ULTA,546.780029296875,546.78,2026-09-11,False,531.5599975585938,547.0800170898438,2.08,6.3,BAJO,23458887680.0,19.99,17.12,8.64,46.12,14.84,12.51,9.34,3.9,13.32,0.95,1.34,,YAHOO,1.7379,2.4326,1.2748,0.059142,2.5368,-0.8706,83.9,2026-12-03,80,2026-08-27,18.0,yahoo,1.0,0.0,1.0,1.0,1.0,0.0,1.0,0.0,0.0,-1.8542,1.2368,16.5544,14.7685,31.8785,35.6431,564.12,565.15,706.82,-3.0738,-3.2505,-22.6423
UPS,100.27999877929688,100.28,2026-09-11,False,99.05000305175781,100.88999938964844,0.31,27.77,BAJO,87171080192.0,19.04,12.69,5.79,29.6,7.28,9.05,5.08,6.42,9.05,1.9,1.18,,YAHOO,1.7379,2.4326,1.2748,0.059142,2.5368,-0.8706,83.9,2026-10-27,43,,,yahoo,1.0,0.0,1.0,1.0,0.0,1.0,1.0,1.0,0.0,-3.1111,-5.1098,-10.3731,-6.2321,19.2536,27.5614,105.68,115.8725,115.8725,-5.1098,-13.4566,-13.4566
URI,989.1199951171875,989.12,2026-09-11,False,984.1599731445312,1003.239990234375,0.0,5.44,BAJO,61856583680.0,23.92,17.34,6.72,28.89,8.77,25.99,15.67,2.76,16.44,1.67,0.76,,YAHOO,1.7379,2.4326,1.2748,0.059142,2.5368,-0.8706,83.9,2026-10-21,37,,,yahoo,1.0,0.0,1.0,1.0,1.0,0.0,1.0,0.0,0.0,-0.4779,-4.6641,-7.0371,-7.2685,36.6227,39.2529,1164.8199,1164.8199,1164.8199,-15.0839,-15.0839,-15.0839
VICI,24.829999923706055,24.83,2026-09-11,False,24.690000534057617,24.920000076293945,0.4,-18.72,BAJO,27570980864.0,9.71,8.37,0.95,9.85,4.82,70.18,67.5,0.97,12.52,0.6,11.24,,YAHOO,1.7379,2.4326,1.2748,0.059142,2.5368,-0.8706,83.9,2026-10-29,45,,,yahoo,1.0,1.0,1.0,0.0,1.0,0.0,0.0,1.0,1.0,-3.1969,-3.6477,-5.5175,-10.1202,15.4438,20.9093,26.78,27.21,31.3416,-7.2816,-8.7468,-20.7762
VLO,390.4200134277344,390.42,2026-09-11,False,385.3999938964844,399.260009765625,1.29,154.52,BAJO,110261821440.0,15.98,10.81,4.41,27.64,10.56,12.27,5.45,7.63,8.74,0.4,1.64,,YAHOO,1.7379,2.4326,1.2748,0.059142,2.5368,-0.8706,83.9,2026-10-22,38,,,yahoo,1.0,0.0,1.0,1.0,0.0,1.0,1.0,1.0,0.0,5.3225,12.6461,30.0232,53.3368,27.2441,33.6949,390.42,390.42,390.42,0.0,0.0,0.0
VLTO,94.0999984741211,94.1,2026-09-11,False,93.54000091552734,94.79000091552734,0.7,-11.76,BAJO,23477299200.0,24.26,20.19,7.59,34.31,10.31,21.37,17.35,3.44,17.95,1.16,1.77,,YAHOO,1.7379,2.4326,1.2748,0.059142,2.5368,-0.8706,83.9,2026-10-21,37,,,yahoo,1.0,0.0,1.0,1.0,1.0,0.0,0.0,1.0,0.0,-3.8619,-4.3408,2.3939,14.0352,13.9912,24.8725,100.1,100.1,108.5215,-5.994,-5.994,-13.2891
VMC,252.74000549316406,252.74,2026-09-11,False,250.72999572753906,254.0,0.85,-14.06,BAJO,32464656384.0,29.51,23.46,3.83,13.23,6.04,21.61,13.75,2.6,15.91,0.58,1.76,,YAHOO,1.7379,2.4326,1.2748,0.059142,2.5368,-0.8706,83.9,2026-10-29,45,,,yahoo,1.0,1.0,1.0,1.0,1.0,1.0,1.0,1.0,1.0,-2.8782,-7.7086,-13.2517,-9.6293,29.8148,30.8771,282.0,312.3896,328.4807,-10.3759,-19.0946,-23.0579
VRSK,176.1999969482422,176.2,2026-09-11,False,173.8300018310547,177.22000122070312,0.19,-31.69,BAJO,24343078912.0,28.77,21.51,-20.98,,18.96,45.11,28.24,4.34,18.74,,1.0,,YAHOO,1.7379,2.4326,1.2748,0.059142,2.5368,-0.8706,83.9,2026-10-28,44,,,yahoo,1.0,0.0,1.0,1.0,1.0,1.0,1.0,1.0,0.0,-7.5551,-7.7584,-7.526,-2.9227,48.2135,38.7966,194.35,213.15,263.8429,-9.3388,-17.3352,-33.2178
VRSN,292.7099914550781,292.71,2026-09-11,False,287.6199951171875,293.010009765625,1.34,3.94,BAJO,26993440768.0,32.39,27.17,-11.98,,45.12,68.18,49.77,3.09,23.84,,0.59,,YAHOO,1.7379,2.4326,1.2748,0.059142,2.5368,-0.8706,83.9,2026-10-22,38,,,yahoo,1.0,1.0,1.0,1.0,0.0,1.0,1.0,1.0,1.0,-0.2182,-0.6854,9.1944,5.0074,37.1951,32.298,294.73,298.3243,309.0927,-0.6854,-1.8819,-5.3002
VTR,89.98999786376953,89.99,2026-09-11,False,89.87999725341797,91.38999938964844,-0.5,34.42,BAJO,45703520256.0,162.0,112.78,3.12,2.01,2.17,14.81,4.09,3.25,24.77,0.85,0.29,,YAHOO,1.7379,2.4326,1.2748,0.059142,2.5368,-0.8706,83.9,2026-10-28,44,,,yahoo,1.0,1.0,1.0,1.0,1.0,0.0,0.0,0.0,1.0,-2.3016,-3.122,-2.6082,7.8997,13.361,26.9494,93.83,100.53,100.53,-4.0925,-10.4844,-10.4844
VTRS,16.510000228881836,16.51,2026-09-11,False,16.31999969482422,16.649999618530273,0.79,69.62,BAJO,19135522816.0,,6.26,1.32,-2.75,2.67,12.55,-2.79,13.99,7.28,0.96,1.58,,YAHOO,1.7379,2.4326,1.2748,0.059142,2.5368,-0.8706,83.9,2026-11-05,52,,,yahoo,0.0,0.0,1.0,1.0,1.0,0.0,1.0,0.0,1.0,-2.5384,-2.2498,1.9854,1.9854,15.7441,29.3565,17.09,17.727,17.727,-3.3938,-6.8655,-6.8655
WAB,283.2200012207031,283.22,2026-09-11,False,280.6000061035156,284.4700012207031,1.05,49.59,BAJO,47028162560.0,37.52,22.38,4.2,11.55,6.17,19.19,10.59,2.34,20.12,0.62,1.12,,YAHOO,1.7379,2.4326,1.2748,0.059142,2.5368,-0.8706,83.9,2026-10-21,37,,,yahoo,1.0,0.0,1.0,1.0,0.0,0.0,1.0,1.0,0.0,0.8511,-4.7295,8.2026,8.1737,16.8537,31.7497,300.54,305.4747,305.4747,-5.763,-7.2853,-7.2853
WAT,408.3399963378906,408.34,2026-09-11,False,403.7699890136719,410.1099853515625,1.67,36.54,BAJO,40257183744.0,103.54,24.78,2.65,1.92,3.56,9.42,3.59,-0.35,31.14,0.36,1.86,,YAHOO,1.7379,2.4326,1.2748,0.059142,2.5368,-0.8706,83.9,2026-10-30,46,,,yahoo,1.0,0.0,1.0,1.0,1.0,0.0,0.0,0.0,0.0,-1.2622,-3.067,8.4885,13.5098,22.6429,27.2583,421.26,421.26,421.26,-3.067,-3.067,-3.067
WDAY,185.6999969482422,185.7,2026-09-11,False,184.27000427246094,188.57000732421875,0.33,-16.55,BAJO,46804611072.0,39.63,14.69,7.24,16.01,4.51,11.82,12.32,6.51,29.74,0.58,0.91,,YAHOO,1.7379,2.4326,1.2748,0.059142,2.5368,-0.8706,83.9,2026-11-23,70,2026-08-27,18.0,finnhub,1.0,1.0,1.0,1.0,1.0,0.0,1.0,1.0,1.0,-10.2552,-4.0657,32.8231,42.2661,38.1298,69.2903,206.92,206.92,247.69,-10.2552,-10.2552,-25.0273
WEC,105.33000183105469,105.33,2026-09-11,False,105.08000183105469,106.2300033569336,-0.02,0.81,BAJO,34269579264.0,20.42,17.53,,11.99,3.03,21.8,16.69,-6.87,14.55,1.58,0.53,,YAHOO,1.7379,2.4326,1.2748,0.059142,2.5368,-0.8706,83.9,2026-10-29,45,,,yahoo,1.0,0.0,1.0,1.0,1.0,0.0,0.0,0.0,1.0,-1.284,-0.8939,-7.6504,-6.0333,13.9857,17.473,111.05,117.8229,117.8229,-5.1508,-10.6031,-10.6031
WM,213.4600067138672,213.46,2026-09-11,False,212.82000732421875,214.92999267578125,-0.17,0.32,BAJO,87173890048.0,30.85,23.92,8.79,29.84,6.57,18.99,11.12,2.69,13.91,2.35,0.91,,YAHOO,1.7379,2.4326,1.2748,0.059142,2.5368,-0.8706,83.9,2026-10-26,42,,,yahoo,1.0,0.0,1.0,1.0,1.0,1.0,0.0,1.0,1.0,-3.2999,-1.5414,-8.4802,-2.0049,4.0495,21.7863,225.4636,241.1841,243.3986,-5.3239,-11.495,-12.3002
WMB,72.8499984741211,72.85,2026-09-11,False,72.41999816894531,73.66000366210938,0.77,29.13,BAJO,88006893568.0,28.67,27.63,6.69,21.5,5.03,39.54,24.94,-1.72,17.33,2.0,0.48,,YAHOO,1.7379,2.4326,1.2748,0.059142,2.5368,-0.8706,83.9,2026-11-02,49,,,yahoo,1.0,1.0,1.0,1.0,0.0,1.0,0.0,1.0,1.0,-0.9061,-1.0931,-3.4232,3.2126,36.5544,28.4694,75.2833,77.3582,78.2497,-3.2322,-5.8277,-6.9006
WSM,226.22999572753906,226.23,2026-09-11,False,225.4600067138672,228.25,1.11,14.25,BAJO,27022075904.0,23.53,21.82,14.45,54.96,16.64,17.27,14.73,3.96,16.58,0.71,1.45,,YAHOO,1.7379,2.4326,1.2748,0.059142,2.5368,-0.8706,83.9,2026-11-18,65,2026-08-26,19.0,yahoo,1.0,0.0,1.0,1.0,0.0,0.0,1.0,0.0,0.0,1.5577,-5.1049,3.016,3.7695,18.2987,28.8636,242.31,251.78,251.78,-6.6361,-10.1477,-10.1477
WST,346.2300109863281,346.23,2026-09-11,False,341.67999267578125,351.9599914550781,0.58,33.21,BAJO,24997470208.0,45.42,35.6,8.36,19.09,11.38,22.47,16.98,1.11,27.27,0.11,2.82,,YAHOO,1.7379,2.4326,1.2748,0.059142,2.5368,-0.8706,83.9,2026-10-22,38,,,yahoo,1.0,0.0,1.0,1.0,1.0,1.0,1.0,1.0,0.0,1.0212,0.0405,-3.1298,4.8787,19.7938,24.2976,353.77,365.5013,365.5013,-2.1313,-5.2726,-5.2726
WTW,315.6099853515625,315.61,2026-09-11,False,311.4800109863281,318.1099853515625,0.06,-4.61,BAJO,30063572992.0,20.03,14.16,3.92,19.76,5.08,17.56,15.49,4.71,12.64,0.91,1.1,,YAHOO,1.7379,2.4326,1.2748,0.059142,2.5368,-0.8706,83.9,2026-10-29,45,,,yahoo,1.0,1.0,1.0,1.0,0.0,1.0,1.0,0.0,0.0,-7.7326,-7.0587,9.3059,21.4612,32.5216,31.4408,350.75,350.75,350.75,-10.0185,-10.0185,-10.0185
WY,22.059999465942383,22.06,2026-09-11,False,21.979999542236328,22.329999923706055,0.32,-9.96,BAJO,16021960704.0,33.68,33.06,1.7,4.97,0.67,8.03,6.89,0.09,30.44,0.58,1.82,,YAHOO,1.7379,2.4326,1.2748,0.059142,2.5368,-0.8706,83.9,2026-10-29,45,,,yahoo,1.0,0.0,1.0,1.0,0.0,0.0,1.0,0.0,0.0,-3.3728,-6.0636,-6.4583,-8.496,20.4323,30.3494,24.3956,25.6045,26.396,-9.5739,-13.8432,-16.4268
WYNN,87.69999694824219,87.7,2026-09-11,False,86.95999908447266,89.54000091552734,-0.81,-27.01,BAJO,9036988416.0,21.05,17.03,-52.77,,5.73,16.54,6.05,5.27,10.18,,0.91,,YAHOO,1.7379,2.4326,1.2748,0.059142,2.5368,-0.8706,83.9,2026-11-05,52,,,yahoo,1.0,0.0,1.0,1.0,1.0,0.0,1.0,0.0,0.0,-4.2158,-6.3134,-8.3267,-18.4086,21.3193,25.9416,102.79,105.2723,132.129,-14.6804,-16.6922,-33.6255
XEL,75.5,75.5,2026-09-11,False,75.20999908447266,76.29000091552734,0.12,8.36,BAJO,46322880512.0,20.32,16.33,1.92,9.92,2.37,22.7,15.28,-17.07,14.04,1.73,0.7,,YAHOO,1.7379,2.4326,1.2748,0.059142,2.5368,-0.8706,83.9,2026-10-29,45,,,yahoo,1.0,0.0,1.0,1.0,0.0,1.0,0.0,1.0,0.0,-1.1003,-2.1514,-5.8251,-2.8115,18.7751,18.1321,79.41,82.23,82.6708,-4.9238,-8.1844,-8.674
XYL,106.95999908447266,106.96,2026-09-11,False,106.25,108.91999816894531,0.38,-21.99,BAJO,25097496576.0,25.59,17.21,2.28,9.18,5.11,17.0,11.15,4.72,13.71,0.29,1.61,,YAHOO,1.7379,2.4326,1.2748,0.059142,2.5368,-0.8706,83.9,2026-11-03,50,,,yahoo,1.0,1.0,1.0,1.0,1.0,0.0,0.0,1.0,0.0,-0.862,-5.051,-11.6684,-1.5433,29.9157,27.9521,119.2263,124.825,150.8356,-10.2882,-14.312,-29.0884
YUM,140.8699951171875,140.87,2026-09-11,False,140.85000610351562,145.69000244140625,-2.1,-2.18,BAJO,39933616128.0,18.41,20.85,-5.53,,22.69,32.78,25.41,2.09,17.17,,0.59,,YAHOO,1.7379,2.4326,1.2748,0.059142,2.5368,-0.8706,83.9,2026-11-03,50,,,yahoo,1.0,0.0,1.0,1.0,1.0,0.0,1.0,0.0,0.0,-7.1849,-6.0828,-10.4942,-7.6269,13.2246,28.7196,156.5607,166.6498,166.6498,-10.0221,-15.4695,-15.4695
ZBH,93.48999786376953,93.49,2026-09-11,False,91.73999786376953,93.63999938964844,1.14,-7.86,BAJO,18413817856.0,23.43,10.65,1.46,6.41,3.88,17.96,9.48,5.82,10.12,0.6,1.69,,YAHOO,1.7379,2.4326,1.2748,0.059142,2.5368,-0.8706,83.9,2026-11-05,52,,,yahoo,1.0,0.0,1.0,1.0,0.0,1.0,1.0,0.0,0.0,-5.4893,-6.0213,2.7024,7.5722,37.4344,32.7666,101.38,101.38,103.1746,-7.7826,-7.7826,-9.3866
ZBRA,350.3699951171875,350.37,2026-09-11,False,348.29998779296875,356.7699890136719,1.85,12.4,BAJO,16644363264.0,32.28,15.86,4.85,15.29,7.32,21.26,9.22,3.47,16.43,0.86,0.52,,YAHOO,1.7379,2.4326,1.2748,0.059142,2.5368,-0.8706,83.9,2026-11-03,50,,,yahoo,1.0,0.0,1.0,1.0,0.0,0.0,1.0,0.0,1.0,-1.9944,-2.9742,34.7007,57.5121,33.4181,63.927,376.03,383.06,383.06,-6.8239,-8.5339,-8.5339
ZTS,72.97000122070312,72.97,2026-09-11,False,71.5,73.5,0.15,-49.09,BAJO,30442182656.0,12.02,11.28,,64.91,15.35,40.72,27.68,6.63,9.35,2.94,3.08,,YAHOO,1.7379,2.4326,1.2748,0.059142,2.5368,-0.8706,83.9,2026-11-03,50,,,yahoo,1.0,0.0,1.0,1.0,0.0,1.0,1.0,1.0,0.0,-4.3518,-2.7326,-0.7983,-9.7314,22.0142,32.8599,77.73,78.1651,147.7719,-6.1238,-6.6463,-50.6198
