Ticker,Precio,Cierre_Confirmado,Fecha_Cierre_Confirmado,Precio_Es_Intradiario,Low,High,Change (%),RS 20D,Credit Stress,Market Cap,P/E,Forward P/E,P/Book,ROE,ROA,Operating Margin,Net Margin,FCF Yield,EV/EBITDA,Debt/Equity,Current Ratio,Piotroski,Fund Source,Grain_IS,ZC_Surprise,ZS_Surprise,SPX_Quarterly_Divisor,SPX_ROC_63d,z_MOVE_inv,MOVE_price,Earnings_Next_Date,Earnings_Days_To_Next,Earnings_Last_Date,Earnings_Days_Since,Earnings_Source,piotroski_roa_positive,piotroski_d_roa,piotroski_cfo_positive,piotroski_cfo_gt_ni,piotroski_d_leverage,piotroski_d_liquidity,piotroski_no_dilution,piotroski_d_margin,piotroski_d_turnover,roc_5d,roc_10d,roc_42d,roc_63d,vol_5d,vol_60d,high_20d,high_60d,high_252d,drawdown_20d,drawdown_60d,drawdown_252d
^GSPC,7711.759765625,7730.9902,2026-08-27,True,7700.91015625,7771.47998046875,-0.25,-3.73,BAJO,,,,,,,,,,,,,,NONE,1.932,2.3743,1.6372,0.0673,1.7374,0.5205,70.97,,999,,,none,,,,,,,,,,0.4872,-0.9505,2.8322,1.7374,6.702,13.7785,7798.9902,7798.9902,,-1.1185,-1.1185,
^DJI,53559.98828125,53569.4414,2026-08-27,True,53489.41015625,53819.6484375,-0.02,-0.52,BAJO,,,,,,,,,,,,,,NONE,1.932,2.3743,1.6372,0.0673,1.7374,0.5205,70.97,,999,,,none,,,,,,,,,,0.5311,-0.3209,2.3716,4.9528,3.6226,12.2501,54349.1211,54349.1211,,-1.452,-1.452,
^IXIC,26402.423828125,26541.3496,2026-08-27,True,26359.265625,26700.677734375,-0.52,-7.58,BAJO,,,,,,,,,,,,,,NONE,1.932,2.3743,1.6372,0.0673,1.7374,0.5205,70.97,,999,,,none,,,,,,,,,,0.8478,-1.2224,0.7199,-2.114,14.5709,22.218,26803.0293,26830.9609,,-1.4946,-1.5972,
^RUT,2972.371826171875,3014.3401,2026-08-27,True,2972.368896484375,3017.038818359375,-1.39,-3.65,BAJO,,,,,,,,,,,,,,NONE,1.932,2.3743,1.6372,0.0673,1.7374,0.5205,70.97,,999,,,none,,,,,,,,,,-1.5076,-3.1302,-1.7193,1.8166,13.4212,16.6363,3068.4199,3068.4199,,-3.1302,-3.1302,
^VIX,14.430000305175781,14.51,2026-08-27,True,14.130000114440918,14.84000015258789,-0.55,-13.79,BAJO,,,,,,,,,,,,,,NONE,1.932,2.3743,1.6372,0.0673,1.7374,0.5205,70.97,,999,,,none,,,,,,,,,,-4.6266,1.2632,-12.2796,-5.8094,27.4424,138.3523,16.5,22.22,,-12.5455,-35.0585,
^MOVE,70.96549987792969,69.86,2026-08-27,True,69.85880279541016,70.96549987792969,1.58,-4.41,BAJO,,,,,,,,,,,,,,NONE,1.932,2.3743,1.6372,0.0673,1.7374,0.5205,70.97,,999,,,none,,,,,,,,,,-3.3168,1.9912,-1.382,1.0617,39.3383,69.6319,80.48,83.02,,-11.8222,-14.52,
^TNX,4.720000267028809,4.672,2026-08-27,True,4.654000282287598,4.730000019073486,1.03,0.48,BAJO,,,,,,,,,,,,,,NONE,1.932,2.3743,1.6372,0.0673,1.7374,0.5205,70.97,,999,,,none,,,,,,,,,,-0.3799,0.5111,6.8357,5.996,16.5306,13.9376,4.738,4.745,,-0.3799,-0.5269,
^IRX,3.7300000190734863,3.678,2026-08-27,True,3.6599998474121094,3.734999895095825,1.41,-1.57,BAJO,,,,,,,,,,,,,,NONE,1.932,2.3743,1.6372,0.0673,1.7374,0.5205,70.97,,999,,,none,,,,,,,,,,0.5391,0.8926,-0.0536,3.9576,13.393,10.3672,3.732,3.805,,-0.0536,-1.9711,
DX-Y.NYB,99.677001953125,99.16,2026-08-27,True,99.0979995727539,99.72599792480469,0.52,-4.8,BAJO,,,,,,,,,,,,,,NONE,1.932,2.3743,1.6372,0.0673,1.7374,0.5205,70.97,,999,,,none,,,,,,,,,,0.8877,0.007,-1.4952,0.7755,4.3536,4.7908,100.01,101.61,,-0.333,-1.9024,
^N225,66131.9765625,66131.9766,2026-08-27,False,65782.59375,66954.6875,-0.2,-3.24,BAJO,,,,,,,,,,,,,,NONE,1.932,2.3743,1.6372,0.0673,1.7374,0.5205,70.97,,999,,,none,,,,,,,,,,-0.1281,-3.1864,-4.6552,2.2241,10.0736,33.9019,69220.25,72366.3438,,-4.4615,-8.615,
^MERV,2979471.75,3001209.0,2026-08-27,True,2967093.5,3010990.5,-0.72,-9.03,BAJO,,,,,,,,,,,,,,NONE,1.932,2.3743,1.6372,0.0673,1.7374,0.5205,70.97,,999,,,none,,,,,,,,,,2.2754,-0.7035,-6.2101,-3.5613,11.488,28.5304,3291323.0,3379772.0,,-9.475,-11.844,
^NYA,24585.17578125,24649.0195,2026-08-27,True,24548.73046875,24733.474609375,-0.26,0.08,BAJO,,,,,,,,,,,,,,NONE,1.932,2.3743,1.6372,0.0673,1.7374,0.5205,70.97,,999,,,none,,,,,,,,,,-0.5803,-0.9528,3.1507,5.5512,3.745,9.0122,24821.6797,24821.6797,,-0.9528,-0.9528,
^HSI,25565.740234375,25565.7402,2026-08-27,False,25500.9609375,25792.009765625,-0.34,-3.23,BAJO,,,,,,,,,,,,,,NONE,1.932,2.3743,1.6372,0.0673,1.7374,0.5205,70.97,,999,,,none,,,,,,,,,,-0.5166,0.6664,11.0266,2.2378,16.6057,18.299,26009.4609,26009.4609,,-1.706,-1.706,
^TWII,45975.21875,45975.2188,2026-08-27,False,45890.1796875,46401.78125,0.31,-0.11,BAJO,,,,,,,,,,,,,,NONE,1.932,2.3743,1.6372,0.0673,1.7374,0.5205,70.97,,999,,,none,,,,,,,,,,2.3178,-0.1005,2.1674,5.3597,16.9693,35.6795,46021.4805,47741.5117,,-0.1005,-3.6997,
^KS11,6912.3701171875,6912.3701,2026-08-27,False,6841.8798828125,6996.1201171875,1.53,-21.02,BAJO,,,,,,,,,,,,,,NONE,1.932,2.3743,1.6372,0.0673,1.7374,0.5205,70.97,,999,,,none,,,,,,,,,,0.8725,5.0665,-17.8196,,33.6897,80.3179,6977.9399,9114.5498,,-0.9397,-24.1611,
^GDAXI,26367.240234375,26367.2402,2026-08-27,False,26241.76953125,26402.810546875,0.31,-0.39,BAJO,,,,,,,,,,,,,,NONE,1.932,2.3743,1.6372,0.0673,1.7374,0.5205,70.97,,999,,,none,,,,,,,,,,1.4787,0.2567,5.4866,5.4561,4.9678,12.8465,26440.3105,26440.3105,,-0.2764,-0.2764,
^FTSE,10792.5,10792.5,2026-08-27,False,10772.599609375,10878.5,-0.79,-1.95,BAJO,,,,,,,,,,,,,,NONE,1.932,2.3743,1.6372,0.0673,1.7374,0.5205,70.97,,999,,,none,,,,,,,,,,0.4122,0.1838,2.8141,4.3863,8.3026,9.4703,10901.0996,10908.4004,,-0.9962,-1.0625,
^AEX,1103.3800048828125,1103.38,2026-08-27,False,1099.1400146484375,1108.800048828125,-0.4,0.91,BAJO,,,,,,,,,,,,,,NONE,1.932,2.3743,1.6372,0.0673,1.7374,0.5205,70.97,,999,,,none,,,,,,,,,,0.0544,-1.4478,2.1487,6.5018,4.9868,10.0405,1119.59,1119.59,,-1.4478,-1.4478,
^IBEX,19881.599609375,19881.5996,2026-08-27,False,19845.599609375,20091.599609375,-0.93,3.3,BAJO,,,,,,,,,,,,,,NONE,1.932,2.3743,1.6372,0.0673,1.7374,0.5205,70.97,,999,,,none,,,,,,,,,,0.3564,-1.423,2.1041,9.3303,10.5926,13.8432,20213.5996,20213.5996,,-1.6425,-1.6425,
FTSEMIB.MI,52265.0,52265.0,2026-08-26,False,52176.0,52956.0,-1.17,17.95,BAJO,,,,,,,,,,,,,,YAHOO,1.932,2.3743,1.6372,0.0673,1.7374,0.5205,70.97,,999,,,none,,,,,,,,,,-0.7614,-2.6596,1.1281,5.0025,11.1834,13.2665,53717.0,53717.0,53717.0,-2.7031,-2.7031,-2.7031
^SSMI,14384.3701171875,14384.3701,2026-08-27,False,14323.2998046875,14459.169921875,-1.09,1.04,BAJO,,,,,,,,,,,,,,NONE,1.932,2.3743,1.6372,0.0673,1.7374,0.5205,70.97,,999,,,none,,,,,,,,,,0.1128,-0.627,1.3418,8.1093,10.9917,9.7618,14633.7002,14633.7002,,-1.7038,-1.7038,
^OMXC25,1923.6842041015625,1917.5,2026-08-27,True,1921.6754150390625,1937.420654296875,0.32,2.28,BAJO,,,,,,,,,,,,,,NONE,1.932,2.3743,1.6372,0.0673,1.7374,0.5205,70.97,,999,,,none,,,,,,,,,,0.8828,1.2871,5.8231,,10.2716,14.7373,1935.0699,1935.0699,,-0.5884,-0.5884,
^GSPTSE,36553.921875,36834.3008,2026-08-27,True,36431.58984375,36963.109375,-0.76,0.43,BAJO,,,,,,,,,,,,,,NONE,1.932,2.3743,1.6372,0.0673,1.7374,0.5205,70.97,,999,,,none,,,,,,,,,,-0.181,-0.4802,4.9682,5.1334,9.732,10.7343,36957.6016,36957.6016,,-1.0923,-1.0923,
^AXJO,9038.2001953125,9038.2002,2026-08-27,False,9028.2998046875,9127.7998046875,-0.98,-0.29,BAJO,,,,,,,,,,,,,,NONE,1.932,2.3743,1.6372,0.0673,1.7374,0.5205,70.97,,999,,,none,,,,,,,,,,-0.502,-1.6357,2.956,3.5102,12.321,10.0793,9271.5996,9271.5996,,-2.5174,-2.5174,
^MXX,65484.3203125,65829.9766,2026-08-27,True,65202.80078125,65964.5703125,-0.53,-10.38,BAJO,,,,,,,,,,,,,,NONE,1.932,2.3743,1.6372,0.0673,1.7374,0.5205,70.97,,999,,,none,,,,,,,,,,-0.3725,1.6878,-2.6223,-4.9441,9.9607,14.3324,66938.6406,68482.9375,,-2.1726,-4.3786,
^BVSP,175664.625,175135.0,2026-08-27,True,173893.625,176420.609375,0.3,-5.12,BAJO,,,,,,,,,,,,,,NONE,1.932,2.3743,1.6372,0.0673,1.7374,0.5205,70.97,,999,,,none,,,,,,,,,,2.7086,5.23,2.3156,2.0132,10.9209,15.9047,178000.0,178000.0,,-1.312,-1.312,
HYG,79.73999786376953,79.87,2026-08-27,True,79.66000366210938,79.94499969482422,-0.16,-1.12,BAJO,,,,,,,,,,,,,,YAHOO,1.932,2.3743,1.6372,0.0673,1.7374,0.5205,70.97,,999,,,none,,,,,,,,,,0.1633,0.0376,0.661,0.7479,2.9569,3.066,79.92,79.92,79.92,-0.2252,-0.2252,-0.2252
LQD,106.3499984741211,106.73,2026-08-27,True,106.30500030517578,106.94999694824219,-0.36,-4.5,BAJO,,,,,,,,,,,,,,YAHOO,1.932,2.3743,1.6372,0.0673,1.7374,0.5205,70.97,,999,,,none,,,,,,,,,,0.406,0.2167,-1.7275,-1.6166,6.723,5.4818,106.86,108.8446,109.1732,-0.4773,-2.2919,-2.586
TLT,82.87999725341797,83.13,2026-08-27,True,82.78009796142578,83.59870147705078,-0.3,-6.09,BAJO,,,-4144.0,0.56,,,,,,,,,,YAHOO,1.932,2.3743,1.6372,0.0673,1.7374,0.5205,70.97,,999,,,none,,,,,,,,,,1.0116,1.0239,-3.3543,-2.2275,10.6479,9.9565,83.47,86.7786,88.7882,-0.7068,-4.4926,-6.6543
GC=F,4504.10009765625,4609.7002,2026-08-27,True,4495.5,4688.0,-2.29,-5.36,BAJO,,,,,,,,,,,,,,NONE,1.932,2.3743,1.6372,0.0673,1.7374,0.5205,70.97,,999,,,none,,,,,,,,,,-2.5951,2.8239,11.9615,-1.2367,18.0176,25.9102,4640.7998,4640.7998,,-2.9456,-2.9456,
HG=F,6.639999866485596,6.587,2026-08-27,True,6.627999782562256,6.745999813079834,0.8,-1.65,BAJO,,,,,,,,,,,,,,NONE,1.932,2.3743,1.6372,0.0673,1.7374,0.5205,70.97,,999,,,none,,,,,,,,,,0.9195,0.6137,7.2265,4.4107,22.9969,23.3167,6.7095,6.7095,,-1.0358,-1.0358,
CL=F,83.44000244140625,83.53,2026-08-27,True,82.25,83.77999877929688,-0.11,-11.61,BAJO,,,,,,,,,,,,,,NONE,1.932,2.3743,1.6372,0.0673,1.7374,0.5205,70.97,,999,,,none,,,,,,,,,,-4.158,1.2621,20.0576,-4.4872,31.0015,51.3661,87.83,93.04,,-4.9983,-10.3181,
ZS=F,1287.75,1256.5,2026-08-27,True,1269.25,1290.0,2.49,2.34,BAJO,,,,,,,,,,,,,,NONE,1.932,2.3743,1.6372,0.0673,1.7374,0.5205,70.97,,999,,,none,,,,,,,,,,5.1224,9.7125,15.3123,8.5106,16.8431,19.2266,1287.75,1287.75,,0.0,0.0,
ZC=F,536.25,510.25,2026-08-27,True,530.75,541.25,5.1,12.19,BAJO,,,,,,,,,,,,,,NONE,1.932,2.3743,1.6372,0.0673,1.7374,0.5205,70.97,,999,,,none,,,,,,,,,,10.8527,16.8301,29.9213,20.0336,38.1734,27.4832,536.25,536.25,,0.0,0.0,
BTC-USD,77737.84375,80257.5391,2026-08-27,True,77725.6328125,77897.8828125,-3.14,-33.76,BAJO,1560460918784.0,,,,,,,,,,,,,YAHOO,1.932,2.3743,1.6372,0.0673,1.7374,0.5205,70.97,,999,,,none,,,,,,,,,,-0.0224,20.1871,21.6565,29.5276,32.1685,31.8849,80257.5391,80257.5391,96929.3281,-3.1395,-3.1395,-19.7995
ETH-USD,2441.3798828125,2510.4102,2026-08-27,True,2441.42041015625,2445.97607421875,-2.75,-49.48,BAJO,294633570304.0,,,,,,,,,,,,,YAHOO,1.932,2.3743,1.6372,0.0673,1.7374,0.5205,70.97,,999,,,none,,,,,,,,,,-0.9106,27.3901,32.6125,54.8494,36.7513,50.1245,2515.2817,2515.2817,3354.7227,-2.9381,-2.9381,-27.2256
IBIT,43.900001525878906,45.29,2026-08-27,True,43.525001525878906,45.2599983215332,-3.07,-36.42,BAJO,,,,,,,,,,,,,,YAHOO,1.932,2.3743,1.6372,0.0673,1.7374,0.5205,70.97,,999,,,none,,,,,,,,,,0.5037,23.2108,31.8714,5.4528,32.5732,39.729,45.29,45.29,71.29,-3.0691,-3.0691,-38.4205
SPY,769.3499755859375,771.1,2026-08-27,True,768.3076171875,775.2919921875,-0.23,14.4,BAJO,,25.92,,1.79,,,,,,,,,,YAHOO,1.932,2.3743,1.6372,0.0673,1.7374,0.5205,70.97,,999,,,none,,,,,,,,,,0.4741,-0.9004,3.0237,1.9633,6.0466,14.0505,777.88,777.88,777.88,-1.0966,-1.0966,-1.0966
QQQ,716.4299926757812,721.11,2026-08-27,True,715.0850219726562,724.125,-0.65,19.28,BAJO,,30.63,,2.0,,,,,,,,,,YAHOO,1.932,2.3743,1.6372,0.0673,1.7374,0.5205,70.97,,999,,,none,,,,,,,,,,0.4191,-2.0025,-2.7118,-2.8569,13.5253,26.4437,732.07,743.1833,745.3409,-2.1364,-3.5998,-3.8789
DIA,535.0599975585938,535.22,2026-08-27,True,534.4000244140625,537.72998046875,-0.03,13.46,BAJO,,22.22,,,,,,,,,,,,YAHOO,1.932,2.3743,1.6372,0.0673,1.7374,0.5205,70.97,,999,,,none,,,,,,,,,,0.5336,-0.2415,2.5394,5.1563,3.4549,12.2122,542.3603,542.3603,542.3603,-1.346,-1.346,-1.346
IWM,295.75,299.81,2026-08-27,True,295.6700134277344,300.3900146484375,-1.35,21.03,BAJO,,18.34,,1.35,,,,,,,,,,YAHOO,1.932,2.3743,1.6372,0.0673,1.7374,0.5205,70.97,,999,,,none,,,,,,,,,,-1.4035,-3.0614,-1.5643,2.0739,12.8753,16.6047,305.09,305.09,305.09,-3.0614,-3.0614,-3.0614
GLD,408.8900146484375,422.6,2026-08-27,True,407.6199951171875,424.7900085449219,-3.24,24.33,BAJO,,,,2.4,,,,,,,,,,YAHOO,1.932,2.3743,1.6372,0.0673,1.7374,0.5205,70.97,,999,,,none,,,,,,,,,,-3.4179,1.8457,10.9968,-1.973,27.2055,27.6066,428.07,428.07,495.9,-4.4806,-4.4806,-17.5459
SLV,60.02000045776367,62.77,2026-08-27,True,59.72999954223633,64.29000091552734,-4.38,63.51,BAJO,,,,,,,,,,,,,,YAHOO,1.932,2.3743,1.6372,0.0673,1.7374,0.5205,70.97,,999,,,none,,,,,,,,,,-4.3048,2.6334,12.2499,-12.1616,42.308,45.7597,62.77,66.98,105.6,-4.3811,-10.3912,-43.1629
XLY,117.20999908447266,115.88,2026-08-27,True,116.375,117.56999969482422,1.15,-4.58,BAJO,,26.68,,,,,,,,,,,,YAHOO,1.932,2.3743,1.6372,0.0673,1.7374,0.5205,70.97,,999,,,none,,,,,,,,,,-0.6863,-0.8376,-0.0597,-2.8348,15.4449,21.9154,119.86,119.86,124.0232,-2.2109,-2.2109,-5.4935
XLV,171.16000366210938,171.58,2026-08-27,True,170.5850067138672,171.7100067138672,-0.24,22.18,BAJO,,30.51,,,,,,,,,,,,YAHOO,1.932,2.3743,1.6372,0.0673,1.7374,0.5205,70.97,,999,,,none,,,,,,,,,,-1.9814,2.2644,7.8785,15.0163,10.8873,19.1453,175.68,175.68,175.68,-2.5729,-2.5729,-2.5729
XLRE,44.47999954223633,44.66,2026-08-27,True,44.3849983215332,44.900001525878906,-0.4,3.88,BAJO,,32.25,,,,,,,,,,,,YAHOO,1.932,2.3743,1.6372,0.0673,1.7374,0.5205,70.97,,999,,,none,,,,,,,,,,-1.331,-1.7451,1.022,1.9999,6.7447,15.4535,45.36,46.01,46.01,-1.94,-3.3254,-3.3254
XLK,185.69000244140625,188.61,2026-08-27,True,185.50999450683594,188.6699981689453,-1.55,34.6,BAJO,,35.67,,,,,,,,,,,,YAHOO,1.932,2.3743,1.6372,0.0673,1.7374,0.5205,70.97,,999,,,none,,,,,,,,,,1.2983,-2.2736,-2.5352,-2.6744,30.5628,35.7013,190.77,192.9399,197.974,-2.6629,-3.7576,-6.2048
XLI,177.13999938964844,178.8,2026-08-27,True,176.64999389648438,179.52000427246094,-0.93,11.48,BAJO,,29.37,,1.8,,,,,,,,,,YAHOO,1.932,2.3743,1.6372,0.0673,1.7374,0.5205,70.97,,999,,,none,,,,,,,,,,-1.7254,-5.0239,-4.3675,2.5679,14.8373,18.9305,186.51,186.51,186.51,-5.0239,-5.0239,-5.0239
XLF,58.099998474121094,57.88,2026-08-27,True,57.91999816894531,58.40999984741211,0.38,4.1,BAJO,,17.0,,1.71,,,,,,,,,,YAHOO,1.932,2.3743,1.6372,0.0673,1.7374,0.5205,70.97,,999,,,none,,,,,,,,,,1.0786,-0.1032,8.3753,13.0351,7.0447,12.3698,58.31,58.31,58.31,-0.3601,-0.3601,-0.3601
XLE,62.68000030517578,62.29,2026-08-27,True,62.11800003051758,62.7400016784668,0.63,38.32,BAJO,,21.13,,1.2,,,,,,,,,,YAHOO,1.932,2.3743,1.6372,0.0673,1.7374,0.5205,70.97,,999,,,none,,,,,,,,,,-1.5085,1.2437,18.0192,12.155,17.036,22.8357,63.75,63.75,63.75,-1.6784,-1.6784,-1.6784
XLC,112.98999786376953,111.41,2026-08-27,True,111.86000061035156,113.5199966430664,1.42,-2.96,BAJO,,16.36,,,,,,,,,,,,YAHOO,1.932,2.3743,1.6372,0.0673,1.7374,0.5205,70.97,,999,,,none,,,,,,,,,,1.4273,0.0354,5.47,-2.0797,18.0817,19.983,113.18,113.38,119.3874,-0.1679,-0.344,-5.3586
XLB,53.18000030517578,53.23,2026-08-27,True,52.84000015258789,53.79999923706055,-0.09,12.05,BAJO,,26.03,,0.67,,,,,,,,,,YAHOO,1.932,2.3743,1.6372,0.0673,1.7374,0.5205,70.97,,999,,,none,,,,,,,,,,-0.6724,1.2181,4.6233,4.3575,6.9201,19.8374,53.67,53.67,53.67,-0.913,-0.913,-0.913
XLP,85.44999694824219,85.08,2026-08-27,True,85.20999908447266,85.5999984741211,0.43,3.95,BAJO,,26.25,,1.25,,,,,,,,,,YAHOO,1.932,2.3743,1.6372,0.0673,1.7374,0.5205,70.97,,999,,,none,,,,,,,,,,-0.628,-0.7434,2.8651,3.7787,12.9203,17.7806,87.45,87.45,88.8894,-2.287,-2.287,-3.8693
XLU,42.72999954223633,43.18,2026-08-27,True,42.56010055541992,43.380001068115234,-1.04,-1.67,BAJO,,19.45,,0.67,,,,,,,,,,YAHOO,1.932,2.3743,1.6372,0.0673,1.7374,0.5205,70.97,,999,,,none,,,,,,,,,,-0.0935,-3.5658,-5.7565,-3.1903,11.5872,14.8915,44.36,46.29,47.0979,-3.6745,-7.6906,-9.274
PSQ,25.81999969482422,25.65,2026-08-27,True,25.550100326538086,25.878000259399414,0.66,-22.93,BAJO,,,,,,,,,,,,,,YAHOO,1.932,2.3743,1.6372,0.0673,1.7374,0.5205,70.97,,999,,,none,,,,,,,,,,-0.3474,2.2169,3.0327,3.0011,13.4719,26.3092,26.36,27.91,33.0172,-2.0486,-7.4884,-21.7983
EWZ,35.54999923706055,35.76,2026-08-27,True,35.0,35.69499969482422,-0.59,20.49,BAJO,,11.19,,0.97,,,,,,,,,,YAHOO,1.932,2.3743,1.6372,0.0673,1.7374,0.5205,70.97,,999,,,none,,,,,,,,,,1.3976,4.7745,3.0435,-0.0601,19.0726,21.1957,36.42,36.65,41.3365,-2.3888,-3.0014,-13.9985
FXI,35.5099983215332,35.24,2026-08-27,True,35.369998931884766,35.650001525878906,0.77,-11.68,BAJO,,9.64,,,,,,,,,,,,YAHOO,1.932,2.3743,1.6372,0.0673,1.7374,0.5205,70.97,,999,,,none,,,,,,,,,,-0.976,1.777,12.409,2.0731,10.6339,18.3407,36.49,36.52,40.9939,-2.6857,-2.7656,-13.3773
COPX,94.41999816894531,96.45,2026-08-27,True,93.83000183105469,97.58999633789062,-2.1,92.66,BAJO,,20.31,,,,,,,,,,,,YAHOO,1.932,2.3743,1.6372,0.0673,1.7374,0.5205,70.97,,999,,,none,,,,,,,,,,-0.1797,10.175,22.6712,7.4891,28.3636,51.0304,96.45,96.45,96.45,-2.1047,-2.1047,-2.1047
URA,45.56999969482422,48.37,2026-08-27,True,45.480499267578125,48.54999923706055,-5.79,11.04,BAJO,,30.1,,,,,,,,,,,,YAHOO,1.932,2.3743,1.6372,0.0673,1.7374,0.5205,70.97,,999,,,none,,,,,,,,,,-1.0853,1.4244,4.2792,-10.2246,72.5961,50.171,48.37,50.28,61.81,-5.7887,-9.3675,-26.2741
ARKK,84.58999633789062,87.38,2026-08-27,True,84.18009948730469,87.18000030517578,-3.19,5.73,BAJO,,54.6,,,,,,,,,,,,YAHOO,1.932,2.3743,1.6372,0.0673,1.7374,0.5205,70.97,,999,,,none,,,,,,,,,,-1.8791,4.3033,4.6647,3.2215,43.433,40.6713,87.38,87.38,92.53,-3.193,-3.193,-8.581
ITA,232.82000732421875,234.26,2026-08-27,True,231.69000244140625,235.25999450683594,-0.61,11.44,BAJO,,35.6,,,,,,,,,,,,YAHOO,1.932,2.3743,1.6372,0.0673,1.7374,0.5205,70.97,,999,,,none,,,,,,,,,,-1.9044,-8.0562,-3.9601,-1.0434,13.2968,24.3992,253.22,253.22,253.22,-8.0562,-8.0562,-8.0562
SMH,553.1099853515625,573.0,2026-08-27,True,552.2999877929688,570.1099853515625,-3.47,80.17,BAJO,,39.24,,,,,,,,,,,,YAHOO,1.932,2.3743,1.6372,0.0673,1.7374,0.5205,70.97,,999,,,none,,,,,,,,,,-1.3044,-5.9049,-15.6703,-7.6503,44.8801,54.7205,594.07,668.91,668.91,-6.8948,-17.3117,-17.3117
EEM,67.13999938964844,67.61,2026-08-27,True,66.9800033569336,67.99500274658203,-0.7,31.17,BAJO,,17.42,,,,,,,,,,,,YAHOO,1.932,2.3743,1.6372,0.0673,1.7374,0.5205,70.97,,999,,,none,,,,,,,,,,0.0298,0.7957,-1.8565,-1.6196,16.6177,32.828,67.61,71.21,71.21,-0.6952,-5.7155,-5.7155
AAPL,319.70001220703125,314.58,2026-08-27,True,315.4504089355469,322.3699951171875,1.63,32.51,BAJO,4665759498240.0,36.7,33.52,43.44,148.75,27.08,32.62,27.62,2.31,27.46,0.78,1.0,8.0,YAHOO,1.932,2.3743,1.6372,0.0673,1.7374,0.5205,70.97,2026-10-29,62,2026-07-30,29.0,yahoo,1.0,1.0,1.0,0.0,1.0,1.0,1.0,1.0,1.0,3.3457,4.501,10.5805,2.5366,12.5451,32.3176,319.7,339.7869,339.7869,0.0,-5.9116,-5.9116
MSFT,513.530029296875,505.06,2026-08-27,True,504.86749267578125,517.780029296875,1.68,-3.88,BAJO,3813240733696.0,28.64,21.78,8.62,34.04,14.09,45.11,40.3,0.43,19.58,0.29,1.23,6.0,YAHOO,1.932,2.3743,1.6372,0.0673,1.7374,0.5205,70.97,2026-10-28,61,,,yahoo,1.0,1.0,1.0,1.0,1.0,0.0,1.0,0.0,0.0,6.2681,3.8548,37.9274,14.2717,7.2488,44.6946,513.53,513.53,537.6464,0.0,0.0,-4.4855
NVDA,217.5500030517578,227.98,2026-08-27,True,216.82000732421875,229.25999450683594,-4.57,15.44,BAJO,5253179637760.0,27.5,14.21,26.96,117.21,53.57,66.24,63.66,0.8,27.18,0.17,4.59,4.0,YAHOO,1.932,2.3743,1.6372,0.0673,1.7374,0.5205,70.97,2026-11-17,81,2026-08-26,2.0,yahoo,1.0,0.0,1.0,0.0,1.0,0.0,1.0,0.0,0.0,1.318,-3.3798,8.7261,3.156,91.167,43.277,227.98,227.98,235.4656,-4.575,-4.575,-7.6086
META,578.02001953125,571.1,2026-08-27,True,571.0800170898438,589.1900024414062,1.21,-28.26,BAJO,1472509509632.0,21.76,16.59,5.64,29.85,14.59,34.83,29.83,1.46,13.47,0.43,2.23,5.0,YAHOO,1.932,2.3743,1.6372,0.0673,1.7374,0.5205,70.97,2026-10-28,61,,,yahoo,1.0,0.0,1.0,1.0,0.0,0.0,1.0,1.0,0.0,5.1137,-2.0056,2.615,-8.5302,19.2569,47.4036,599.12,681.31,777.7011,-3.5218,-15.1605,-25.6758
GOOGL,346.5899963378906,340.65,2026-08-27,True,340.2699890136719,349.1400146484375,1.74,58.76,BAJO,4238773059584.0,17.39,23.37,6.81,48.68,12.96,34.03,54.77,0.53,23.46,0.19,2.72,6.0,YAHOO,1.932,2.3743,1.6372,0.0673,1.7374,0.5205,70.97,2026-10-28,61,,,yahoo,1.0,0.0,1.0,1.0,0.0,1.0,1.0,1.0,0.0,0.5133,0.1995,-3.0165,-8.8192,21.1009,36.6133,377.65,377.65,402.3797,-8.2245,-8.2245,-13.8649
AMZN,266.42999267578125,256.26,2026-08-27,True,257.7799987792969,267.55999755859375,3.97,9.57,BAJO,2873797378048.0,21.43,25.64,5.21,30.56,6.59,13.69,17.44,0.11,17.13,0.46,1.03,6.0,YAHOO,1.932,2.3743,1.6372,0.0673,1.7374,0.5205,70.97,2026-10-29,62,2026-07-30,29.0,yahoo,1.0,1.0,1.0,1.0,1.0,0.0,0.0,1.0,0.0,3.0159,1.4392,11.7857,-1.5556,38.4678,45.2364,284.02,284.02,284.02,-6.1932,-6.1932,-6.1932
TSLA,348.75,354.81,2026-08-27,True,345.20001220703125,358.79998779296875,-1.71,-4.67,BAJO,1377404715008.0,329.01,161.56,15.86,4.67,1.93,1.41,3.67,0.35,127.81,0.18,1.94,5.0,YAHOO,1.932,2.3743,1.6372,0.0673,1.7374,0.5205,70.97,2026-10-21,54,,,yahoo,1.0,0.0,1.0,1.0,0.0,1.0,0.0,1.0,0.0,-3.8885,1.8932,-17.0827,-19.9729,30.9636,57.4253,362.86,425.3,489.88,-3.8885,-17.9991,-28.8091
MSTR,127.30999755859375,137.4,2026-08-27,True,126.34010314941406,135.96290588378906,-7.34,-67.9,BAJO,50577928192.0,,2.57,1.53,-63.56,-38.73,-6808.11,0.0,-44.66,-1.97,0.15,5.39,3.0,YAHOO,1.932,2.3743,1.6372,0.0673,1.7374,0.5205,70.97,2026-10-29,62,2026-07-30,29.0,yahoo,0.0,0.0,0.0,1.0,1.0,1.0,0.0,0.0,0.0,6.7589,36.8336,46.4512,-19.9761,130.0414,85.3962,137.4,137.4,359.69,-7.3435,-7.3435,-64.6056
PLTR,186.2899932861328,185.93,2026-08-27,True,184.3800048828125,188.3699951171875,0.19,12.35,BAJO,447665733632.0,159.22,80.5,45.79,38.1,17.29,47.12,49.01,0.48,164.39,0.02,7.23,8.0,YAHOO,1.932,2.3743,1.6372,0.0673,1.7374,0.5205,70.97,2026-11-02,66,2026-08-03,25.0,yahoo,1.0,1.0,1.0,1.0,1.0,1.0,0.0,1.0,1.0,3.5289,7.0386,59.6726,19.0047,45.5696,80.687,186.29,186.29,207.18,0.0,0.0,-10.083
SNOW,328.0,329.11,2026-08-27,True,325.4100036621094,334.6000061035156,-0.34,30.63,BAJO,113684799488.0,,121.18,58.61,-54.87,-9.68,-22.17,-23.79,1.53,-101.08,1.43,1.05,5.0,YAHOO,1.932,2.3743,1.6372,0.0673,1.7374,0.5205,70.97,2026-09-02,5,,,yahoo,0.0,0.0,1.0,1.0,1.0,0.0,0.0,1.0,1.0,-1.4364,-0.2797,28.8802,28.3506,42.808,38.1317,337.38,337.38,337.38,-2.7802,-2.7802,-2.7802
CRWD,218.39999389648438,227.96,2026-08-27,True,210.52999877929688,228.4949951171875,-4.19,92.18,BAJO,223627362304.0,4368.0,131.85,47.99,1.46,-0.78,-2.26,0.83,0.89,2145.41,0.16,1.57,4.0,YAHOO,1.932,2.3743,1.6372,0.0673,1.7374,0.5205,70.97,,999,2026-08-26,2.0,yahoo,0.0,0.0,1.0,1.0,1.0,1.0,0.0,0.0,0.0,13.7796,0.6684,14.4744,19.5075,180.7823,67.6216,227.96,227.96,227.96,-4.1937,-4.1937,-4.1937
PANW,371.5899963378906,382.85,2026-08-27,True,355.54998779296875,378.5199890136719,-2.94,89.06,BAJO,302845853696.0,323.12,90.43,10.92,4.83,1.77,-2.46,7.95,1.18,209.67,0.08,0.86,5.0,YAHOO,1.932,2.3743,1.6372,0.0673,1.7374,0.5205,70.97,2026-09-01,4,,,yahoo,1.0,0.0,1.0,1.0,1.0,1.0,0.0,0.0,0.0,3.8338,-3.2998,8.9643,31.9145,120.3162,55.5341,396.0,396.0,396.0,-6.1641,-6.1641,-6.1641
ADBE,291.5199890136719,289.15,2026-08-27,True,286.7699890136719,294.08648681640625,0.82,-23.11,BAJO,115879198720.0,16.67,10.6,10.1,62.95,19.93,35.33,28.69,7.96,11.96,0.61,0.75,7.0,YAHOO,1.932,2.3743,1.6372,0.0673,1.7374,0.5205,70.97,2026-09-10,13,,,yahoo,1.0,1.0,1.0,1.0,0.0,0.0,1.0,1.0,1.0,5.8918,10.4159,42.191,12.4648,47.2954,50.3299,291.52,291.52,367.46,0.0,0.0,-20.6662
CRM,256.0,252.05,2026-08-27,True,249.0,263.5299987792969,1.57,-4.04,BAJO,210688000000.0,23.46,16.19,5.49,19.38,5.7,21.38,21.99,8.42,18.48,1.1,0.84,7.0,YAHOO,1.932,2.3743,1.6372,0.0673,1.7374,0.5205,70.97,,999,2026-08-26,2.0,yahoo,1.0,1.0,1.0,1.0,0.0,0.0,1.0,1.0,1.0,22.3885,30.4724,63.4112,34.307,180.6147,63.4079,256.0,256.0,264.8822,0.0,0.0,-3.3533
MU,932.8599853515625,935.39,2026-08-27,True,909.0900268554688,946.7999267578125,-0.27,660.4,BAJO,1053565648896.0,21.09,6.02,10.46,66.64,34.87,80.37,55.91,0.73,15.2,0.06,3.42,7.0,YAHOO,1.932,2.3743,1.6372,0.0673,1.7374,0.5205,70.97,2026-09-30,33,,,yahoo,1.0,1.0,1.0,1.0,1.0,0.0,0.0,1.0,1.0,-3.5086,-3.9932,-19.1708,-3.9131,20.7448,104.5386,1011.75,1213.3734,1213.3734,-7.7974,-23.1185,-23.1185
INTC,89.47000122070312,92.09,2026-08-27,True,89.05000305175781,93.69999694824219,-2.85,253.42,BAJO,472947818496.0,,43.86,5.15,-10.71,1.41,12.19,-19.79,1.03,29.75,0.49,1.6,6.0,YAHOO,1.932,2.3743,1.6372,0.0673,1.7374,0.5205,70.97,2026-10-22,55,,,yahoo,0.0,1.0,1.0,1.0,1.0,1.0,0.0,1.0,0.0,-0.6661,-12.7122,-35.9235,-21.9829,46.92,84.7207,104.56,140.94,140.94,-14.4319,-36.5191,-36.5191
AMAT,461.6700134277344,482.36,2026-08-27,True,460.5199890136719,477.9649963378906,-4.29,175.42,BAJO,366380154880.0,39.87,25.01,14.3,41.07,15.48,33.74,30.05,0.84,37.51,0.29,2.42,6.0,YAHOO,1.932,2.3743,1.6372,0.0673,1.7374,0.5205,70.97,2026-11-12,76,2026-08-13,15.0,yahoo,1.0,0.0,1.0,1.0,0.0,1.0,1.0,1.0,0.0,-6.2256,-8.8758,-36.0769,2.6893,34.2862,87.0025,547.5645,722.2277,722.2277,-15.6866,-36.0769,-36.0769
TXN,258.6400146484375,266.54,2026-08-27,True,255.97000122070312,267.42999267578125,-2.96,24.54,BAJO,236202393600.0,39.31,24.3,13.11,35.18,13.06,42.58,31.11,1.5,26.31,0.78,4.86,7.0,YAHOO,1.932,2.3743,1.6372,0.0673,1.7374,0.5205,70.97,2026-10-27,60,,,yahoo,1.0,1.0,1.0,1.0,0.0,1.0,1.0,0.0,1.0,-2.1637,-7.4898,-12.7842,-14.9554,32.695,48.7083,286.08,330.5874,330.5874,-9.5917,-21.7635,-21.7635
TSM,417.5199890136719,427.3,2026-08-27,True,417.32000732421875,429.1199951171875,-2.29,71.7,BAJO,2165456502784.0,31.11,19.17,85.94,39.97,19.0,60.34,49.92,33.75,4.84,0.17,2.46,9.0,YAHOO,1.932,2.3743,1.6372,0.0673,1.7374,0.5205,70.97,2026-10-15,48,,,yahoo,1.0,1.0,1.0,1.0,1.0,1.0,1.0,1.0,1.0,-0.3413,-2.0711,-12.5741,0.0114,32.8343,49.0262,430.97,477.57,477.57,-3.1209,-12.5741,-12.5741
AMD,465.5799865722656,476.67,2026-08-27,True,465.2900085449219,478.75,-2.33,170.71,BAJO,760047665152.0,119.07,30.13,11.3,10.2,5.13,17.25,15.58,1.16,80.46,0.06,2.61,7.0,YAHOO,1.932,2.3743,1.6372,0.0673,1.7374,0.5205,70.97,2026-11-03,67,2026-08-04,24.0,yahoo,1.0,1.0,1.0,1.0,0.0,1.0,0.0,1.0,1.0,-1.6207,-9.4889,-19.8533,-9.7888,49.6798,77.5897,518.58,580.91,580.91,-10.2202,-19.8533,-19.8533
ASML,1696.1600341796875,1735.01,2026-08-27,True,1692.8800048828125,1740.0,-2.24,118.16,BAJO,651495079936.0,57.17,28.16,1422.94,53.94,16.45,37.06,30.11,1.3,2744.4,0.09,1.33,8.0,YAHOO,1.932,2.3743,1.6372,0.0673,1.7374,0.5205,70.97,2026-10-14,47,,,yahoo,1.0,1.0,1.0,1.0,1.0,0.0,1.0,1.0,1.0,-3.8327,-8.0213,-14.6316,5.3073,17.9675,56.2528,1883.12,1986.8704,1986.8704,-9.9282,-14.6316,-14.6316
MRVL,216.6199951171875,241.45,2026-08-27,True,215.5500030517578,228.8800048828125,-10.28,175.62,BAJO,194677391360.0,71.73,32.79,10.41,16.52,4.12,16.68,27.93,1.15,76.38,0.27,3.17,8.0,YAHOO,1.932,2.3743,1.6372,0.0673,1.7374,0.5205,70.97,,999,2026-08-27,1.0,yahoo,1.0,1.0,1.0,0.0,1.0,1.0,1.0,1.0,1.0,-8.6146,-2.4322,-27.2639,5.6944,104.1236,104.2191,251.01,316.352,316.352,-13.7006,-31.5256,-31.5256
QCOM,164.19000244140625,164.78,2026-08-27,True,161.89999389648438,165.49000549316406,-0.36,-1.21,BAJO,175364849664.0,18.76,16.09,6.27,33.75,11.61,18.53,21.01,5.84,15.0,0.55,2.02,6.0,YAHOO,1.932,2.3743,1.6372,0.0673,1.7374,0.5205,70.97,2026-10-29,62,,,yahoo,1.0,0.0,1.0,1.0,0.0,1.0,1.0,0.0,1.0,2.14,-0.9651,-11.1478,-34.3493,15.6914,57.1058,167.86,242.57,250.0963,-2.1863,-32.3123,-34.3493
COIN,178.63999938964844,190.72,2026-08-27,True,176.05999755859375,189.10000610351562,-6.33,-47.56,BAJO,47131828224.0,,63.17,3.6,-7.85,1.12,-13.92,-16.34,5.66,68.9,0.51,2.42,4.0,YAHOO,1.932,2.3743,1.6372,0.0673,1.7374,0.5205,70.97,2026-10-29,62,2026-07-30,29.0,yahoo,1.0,0.0,1.0,1.0,0.0,1.0,0.0,0.0,0.0,-4.2093,20.3206,22.1971,-5.4965,87.3715,70.9427,190.72,190.72,387.27,-6.3339,-6.3339,-53.872
SHOP,152.89999389648438,154.33,2026-08-27,True,152.45640563964844,156.49000549316406,-0.93,2.56,BAJO,198411386880.0,103.31,62.34,15.91,15.54,10.19,17.55,14.53,0.8,80.92,0.01,5.35,5.0,YAHOO,1.932,2.3743,1.6372,0.0673,1.7374,0.5205,70.97,2026-11-03,67,2026-08-05,23.0,yahoo,1.0,0.0,1.0,1.0,0.0,1.0,0.0,0.0,1.0,2.4456,-0.9202,33.9114,28.8013,40.7697,61.0695,158.53,158.53,179.01,-3.5514,-3.5514,-14.5858
RBLX,38.529998779296875,38.15,2026-08-27,True,37.98040008544922,39.349998474121094,1.0,-75.1,BAJO,27524904960.0,,-30.87,180.89,-432.28,-7.73,-13.27,-17.61,5.36,-30.89,14.23,0.82,6.0,YAHOO,1.932,2.3743,1.6372,0.0673,1.7374,0.5205,70.97,2026-10-29,62,2026-07-30,29.0,yahoo,0.0,1.0,1.0,1.0,1.0,0.0,0.0,1.0,1.0,0.417,0.7847,-29.1467,-18.2821,41.1552,82.9529,39.12,57.95,141.56,-1.5082,-33.5117,-72.7819
UBER,78.81999969482422,76.95,2026-08-27,True,76.72000122070312,78.98999786376953,2.43,-23.33,BAJO,160994590720.0,17.29,17.97,5.89,37.16,6.88,13.32,17.34,4.5,22.42,0.52,0.84,6.0,YAHOO,1.932,2.3743,1.6372,0.0673,1.7374,0.5205,70.97,2026-11-03,67,2026-08-05,23.0,yahoo,1.0,0.0,1.0,1.0,0.0,1.0,1.0,1.0,0.0,0.0254,3.7788,9.2295,11.9602,37.6062,42.0595,80.35,80.35,100.1,-1.9042,-1.9042,-21.2587
HPQ,30.520000457763672,29.63,2026-08-27,True,29.610000610351562,31.2455997467041,3.0,7.71,BAJO,27522660352.0,11.65,9.73,-305.2,,5.71,6.02,4.14,14.36,6.79,,0.79,5.0,YAHOO,1.932,2.3743,1.6372,0.0673,1.7374,0.5205,70.97,2026-11-24,88,2026-08-26,2.0,yahoo,1.0,0.0,1.0,1.0,0.0,1.0,1.0,0.0,0.0,2.7264,1.3617,39.1067,14.244,48.826,44.9772,31.3,31.3,31.3,-2.492,-2.492,-2.492
BIDU,97.12000274658203,96.94,2026-08-27,True,96.4000015258789,98.30000305175781,0.19,1.29,BAJO,32941797376.0,,12.11,0.82,-1.39,1.2,9.65,-2.9,,0.12,0.38,2.33,2.0,YAHOO,1.932,2.3743,1.6372,0.0673,1.7374,0.5205,70.97,2026-11-18,82,2026-08-18,10.0,yahoo,1.0,0.0,0.0,0.0,0.0,0.0,1.0,0.0,0.0,4.1948,-6.3181,-15.0232,-28.2241,29.6126,48.2195,113.06,134.8,162.52,-14.0987,-27.9525,-40.2412
SPOT,547.510009765625,527.25,2026-08-27,True,530.0,553.2899169921875,3.84,-25.87,BAJO,112559415296.0,29.5,30.28,11.49,44.48,12.19,13.71,18.43,1.37,37.97,0.06,2.11,5.0,YAHOO,1.932,2.3743,1.6372,0.0673,1.7374,0.5205,70.97,2026-11-03,67,2026-08-04,24.0,yahoo,1.0,1.0,1.0,1.0,0.0,0.0,0.0,1.0,0.0,2.5838,6.7646,19.2495,10.0125,56.979,38.0182,552.57,552.57,738.53,-0.9157,-0.9157,-25.8649
AVGO,368.7900085449219,371.54,2026-08-27,True,365.3512878417969,376.5899963378906,-0.74,14.89,BAJO,1754548011008.0,61.26,18.91,20.01,37.28,12.12,48.99,38.85,1.55,43.08,0.74,2.24,8.0,YAHOO,1.932,2.3743,1.6372,0.0673,1.7374,0.5205,70.97,2026-09-02,5,,,yahoo,1.0,1.0,1.0,1.0,1.0,1.0,0.0,1.0,1.0,0.0923,-6.1579,-2.3719,-17.3235,39.996,48.3202,427.76,427.76,480.8091,-13.7858,-13.7858,-23.298
ACN,189.61000061035156,187.38,2026-08-27,True,188.6699981689453,191.86000061035156,1.19,-29.93,BAJO,116030341120.0,15.14,12.94,3.64,24.41,10.9,16.96,10.66,10.42,8.85,0.25,1.34,5.0,YAHOO,1.932,2.3743,1.6372,0.0673,1.7374,0.5205,70.97,2026-10-01,34,,,yahoo,1.0,0.0,1.0,1.0,0.0,1.0,1.0,0.0,0.0,2.337,7.1909,54.2028,2.5765,41.4566,60.033,189.61,189.61,282.7142,0.0,0.0,-32.9323
NFLX,81.72000122070312,79.84,2026-08-27,True,79.94999694824219,82.35350036621094,2.35,-39.11,BAJO,340277133312.0,25.7,21.39,11.29,49.54,16.08,33.38,28.22,7.46,23.09,0.55,1.14,7.0,YAHOO,1.932,2.3743,1.6372,0.0673,1.7374,0.5205,70.97,2026-10-20,53,,,yahoo,1.0,1.0,1.0,0.0,1.0,0.0,1.0,1.0,1.0,2.6762,4.5548,14.4538,-4.9988,37.6335,36.7762,82.23,82.64,126.325,-0.6202,-1.1133,-35.3097
NIO,4.369999885559082,4.36,2026-08-27,True,4.309999942779541,4.389999866485596,0.23,-38.34,BAJO,10949765120.0,,25.02,16.84,-83.96,-4.42,-1.21,-9.09,,-33.74,1.83,1.01,6.0,YAHOO,1.932,2.3743,1.6372,0.0673,1.7374,0.5205,70.97,2026-09-01,4,,,yahoo,0.0,1.0,1.0,1.0,1.0,0.0,0.0,1.0,1.0,-5.6156,-3.3186,-13.6364,-21.9643,25.2334,36.2368,4.82,5.69,7.89,-9.3361,-23.1986,-44.6134
BABA,118.9000015258789,116.31,2026-08-27,True,116.8499984741211,119.76000213623047,2.23,-5.12,BAJO,295540654080.0,26.9,12.75,1.78,6.36,1.56,7.29,7.04,-27.96,2.18,0.24,1.36,3.0,YAHOO,1.932,2.3743,1.6372,0.0673,1.7374,0.5205,70.97,2026-11-24,88,2026-08-20,8.0,yahoo,1.0,0.0,1.0,0.0,0.0,0.0,1.0,0.0,0.0,-0.3687,-3.9658,23.88,-3.4037,34.6794,45.2243,132.32,132.32,187.6169,-10.1421,-10.1421,-36.6262
PDD,85.69000244140625,84.69,2026-08-27,True,84.69999694824219,86.44000244140625,1.18,-35.36,BAJO,121970851840.0,9.24,6.92,1.81,22.75,10.01,24.71,20.43,61.19,-3.35,0.01,2.62,4.0,YAHOO,1.932,2.3743,1.6372,0.0673,1.7374,0.5205,70.97,2026-11-18,82,2026-08-24,4.0,yahoo,1.0,0.0,1.0,1.0,0.0,1.0,0.0,0.0,0.0,-3.0437,1.0614,12.3361,1.4803,26.4234,34.2825,93.0,93.0,138.13,-7.8602,-7.8602,-37.9642
SAP,221.5399932861328,221.17,2026-08-27,True,219.73500061035156,222.94500732421875,0.17,-23.63,BAJO,255702417408.0,28.37,22.9,69.73,18.32,9.54,27.62,20.41,3.56,305.63,0.22,1.15,7.0,YAHOO,1.932,2.3743,1.6372,0.0673,1.7374,0.5205,70.97,2026-10-21,54,,,yahoo,1.0,1.0,1.0,1.0,1.0,1.0,0.0,0.0,1.0,1.3078,6.525,43.7545,21.8659,46.8161,44.6978,221.54,221.54,275.6678,0.0,0.0,-19.6352
SE,119.36000061035156,118.32,2026-08-27,True,118.02999877929688,120.91000366210938,0.88,-41.38,BAJO,73106153472.0,46.08,23.22,5.88,14.73,4.97,8.35,5.91,0.09,26.26,0.32,1.49,8.0,YAHOO,1.932,2.3743,1.6372,0.0673,1.7374,0.5205,70.97,2026-11-10,74,2026-08-11,17.0,yahoo,1.0,1.0,1.0,1.0,1.0,1.0,0.0,1.0,1.0,1.5571,-2.1158,24.5539,31.8458,65.6064,54.0645,131.51,131.51,196.5,-9.2388,-9.2388,-39.257
IBM,235.58999633789062,238.79,2026-08-27,True,235.11000061035156,239.0800018310547,-1.34,-7.1,BAJO,221957439488.0,20.9,17.9,6.44,34.46,5.3,16.55,15.52,5.43,17.13,1.89,0.79,6.0,YAHOO,1.932,2.3743,1.6372,0.0673,1.7374,0.5205,70.97,2026-10-21,54,,,yahoo,1.0,1.0,1.0,1.0,1.0,0.0,0.0,1.0,0.0,-0.0382,0.542,-15.6218,-20.3224,42.0554,64.4248,238.79,303.9496,326.8851,-1.3401,-22.4904,-27.9288
ZM,98.43000030517578,100.27,2026-08-27,True,97.4000015258789,102.16999816894531,-1.84,16.31,BAJO,28720271360.0,9.14,15.53,2.9,32.14,6.11,24.61,65.19,6.88,16.55,0.01,3.83,7.0,YAHOO,1.932,2.3743,1.6372,0.0673,1.7374,0.5205,70.97,2026-11-24,88,2026-08-25,3.0,yahoo,1.0,1.0,1.0,1.0,1.0,0.0,1.0,1.0,0.0,-8.3775,-7.1065,14.0424,-3.1105,94.1574,44.7797,109.84,109.84,111.88,-10.3878,-10.3878,-12.0218
CSCO,109.93000030517578,112.15,2026-08-27,True,109.70999908447266,112.5,-1.98,56.14,BAJO,433281925120.0,33.01,19.64,8.63,27.32,7.98,27.7,20.95,2.67,24.51,0.59,0.93,8.0,YAHOO,1.932,2.3743,1.6372,0.0673,1.7374,0.5205,70.97,2026-11-12,76,2026-08-12,16.0,yahoo,1.0,1.0,1.0,1.0,0.0,1.0,1.0,1.0,1.0,-0.9996,-1.567,-6.0606,-8.3697,22.1515,37.6018,123.88,129.5155,129.5155,-11.2609,-15.1221,-15.1221
DOCU,64.0,63.8,2026-08-27,True,63.970001220703125,65.63999938964844,0.31,-20.71,BAJO,12220454912.0,41.56,12.56,6.79,16.44,5.51,13.41,9.59,10.23,29.81,0.1,0.67,6.0,YAHOO,1.932,2.3743,1.6372,0.0673,1.7374,0.5205,70.97,2026-09-03,6,,,yahoo,1.0,0.0,1.0,1.0,0.0,0.0,1.0,1.0,1.0,3.2258,3.1593,44.0792,21.8583,76.4429,55.6898,64.09,64.09,85.01,-0.1404,-0.1404,-24.7147
ARM,239.0500030517578,255.21,2026-08-27,True,238.66000366210938,251.69000244140625,-6.33,62.23,BAJO,255305072640.0,246.44,78.1,29.58,13.35,5.42,7.6,20.25,0.52,253.04,0.06,5.25,6.0,YAHOO,1.932,2.3743,1.6372,0.0673,1.7374,0.5205,70.97,2026-11-04,68,,,yahoo,1.0,0.0,1.0,1.0,0.0,1.0,0.0,1.0,1.0,-1.7549,-14.4539,-32.5803,-32.336,70.7593,91.9537,286.68,439.46,439.46,-16.6143,-45.6037,-45.6037
GRMN,285.19000244140625,289.87,2026-08-27,True,284.79998779296875,291.5,-1.61,14.78,BAJO,54999617536.0,29.46,25.96,6.09,21.89,12.17,30.44,24.47,1.9,23.13,0.03,3.03,6.0,YAHOO,1.932,2.3743,1.6372,0.0673,1.7374,0.5205,70.97,2026-10-28,61,,,yahoo,1.0,1.0,1.0,0.0,0.0,1.0,0.0,1.0,1.0,-3.2762,-8.0625,20.0598,22.4578,14.6942,42.3698,313.16,313.16,313.16,-8.9315,-8.9315,-8.9315
MSI,486.0,486.54,2026-08-27,True,483.29998779296875,488.9599914550781,-0.11,-0.92,BAJO,80429981696.0,38.27,25.44,30.1,91.57,11.25,27.35,17.44,2.46,23.8,3.58,1.1,6.0,YAHOO,1.932,2.3743,1.6372,0.0673,1.7374,0.5205,70.97,2026-11-05,69,2026-08-05,23.0,yahoo,1.0,1.0,1.0,1.0,0.0,0.0,1.0,1.0,0.0,1.151,4.1778,17.0267,20.873,7.1969,26.7343,487.28,487.28,487.28,-0.2627,-0.2627,-0.2627
SNAP,5.429999828338623,5.33,2026-08-27,True,5.329999923706055,5.590000152587891,1.88,-28.99,BAJO,9183203328.0,,7.0,4.74,-15.58,-2.72,-2.64,-4.9,7.78,-72.33,2.19,2.94,6.0,YAHOO,1.932,2.3743,1.6372,0.0673,1.7374,0.5205,70.97,2026-11-04,68,2026-08-03,25.0,yahoo,0.0,1.0,1.0,1.0,1.0,0.0,0.0,1.0,1.0,3.626,0.3697,22.2973,-4.9037,103.2866,67.1163,5.92,6.07,9.09,-8.277,-10.5437,-40.264
PINS,23.190000534057617,22.88,2026-08-27,True,23.014999389648438,23.450000762939453,1.35,-42.28,BAJO,13132798976.0,68.21,9.65,4.53,6.46,3.51,-3.46,5.46,9.11,40.69,0.41,3.81,6.0,YAHOO,1.932,2.3743,1.6372,0.0673,1.7374,0.5205,70.97,2026-11-09,73,2026-08-04,24.0,yahoo,1.0,0.0,1.0,1.0,0.0,0.0,1.0,1.0,1.0,-0.8974,-3.616,10.271,15.6609,25.5085,46.5646,25.58,25.58,37.95,-9.3432,-9.3432,-38.8933
EA,209.6999969482422,209.7,2026-08-10,False,209.6999969482422,209.6999969482422,0.0,-5.09,BAJO,52925640704.0,59.74,21.72,7.77,16.46,7.23,25.88,13.8,3.2,30.36,0.26,1.21,6.0,YAHOO,1.932,2.3743,1.6372,0.0673,1.7374,0.5205,70.97,2026-11-03,67,,,yahoo,1.0,0.0,1.0,1.0,1.0,1.0,1.0,0.0,0.0,0.383,,,,0.0,,,,,,,
PATH,18.149999618530273,18.33,2026-08-27,True,18.010000228881836,18.520000457763672,-0.98,55.72,BAJO,9403882496.0,30.25,20.02,4.96,18.18,2.37,7.27,19.58,5.44,66.92,0.04,2.31,8.0,YAHOO,1.932,2.3743,1.6372,0.0673,1.7374,0.5205,70.97,2026-09-03,6,,,yahoo,1.0,1.0,1.0,1.0,1.0,0.0,1.0,1.0,1.0,10.7383,13.3666,66.9733,54.8635,74.8352,58.3429,18.33,18.33,19.29,-0.982,-0.982,-5.9098
VZ,50.099998474121094,49.43,2026-08-27,True,49.540000915527344,50.32500076293945,1.36,16.37,BAJO,208154230784.0,13.05,9.49,2.0,15.84,5.05,23.0,11.64,8.39,7.8,1.84,0.6,4.0,YAHOO,1.932,2.3743,1.6372,0.0673,1.7374,0.5205,70.97,2026-10-20,53,,,yahoo,1.0,0.0,1.0,1.0,0.0,1.0,0.0,0.0,0.0,1.3145,3.3416,20.345,6.5761,18.7441,27.7738,50.25,50.25,50.25,-0.2985,-0.2985,-0.2985
T,26.010000228881836,25.43,2026-08-27,True,25.50860023498535,26.030000686645508,2.28,-11.35,BAJO,178230558720.0,8.58,10.15,1.62,18.34,4.16,24.79,16.94,5.69,7.58,1.29,0.97,6.0,YAHOO,1.932,2.3743,1.6372,0.0673,1.7374,0.5205,70.97,2026-10-21,54,,,yahoo,1.0,1.0,1.0,1.0,0.0,1.0,1.0,0.0,0.0,2.847,4.4998,27.3346,6.2834,25.8142,29.7531,26.01,26.01,28.4181,0.0,0.0,-8.4738
AMX,23.18000030517578,23.5,2026-08-27,True,23.049999237060547,23.59000015258789,-1.36,11.12,BAJO,69438816256.0,13.25,11.12,3.14,21.58,6.36,21.49,9.37,220.68,2.37,1.58,0.71,9.0,YAHOO,1.932,2.3743,1.6372,0.0673,1.7374,0.5205,70.97,2026-10-13,46,,,yahoo,1.0,1.0,1.0,1.0,1.0,1.0,1.0,1.0,1.0,-2.5641,-1.1514,-9.7439,-7.5746,7.8336,26.6994,24.96,27.4216,27.4216,-7.1314,-15.4682,-15.4682
TCOM,45.349998474121094,44.61,2026-08-27,True,44.4900016784668,45.369998931884766,1.66,-45.03,BAJO,28557129728.0,6.73,10.68,1.2,20.14,3.95,24.34,48.65,,-1.12,0.19,1.53,7.0,YAHOO,1.932,2.3743,1.6372,0.0673,1.7374,0.5205,70.97,2026-09-02,5,,,yahoo,1.0,1.0,1.0,0.0,1.0,1.0,1.0,0.0,1.0,-1.6482,0.8226,13.8303,-4.3854,24.1875,38.2394,47.3,48.06,78.96,-4.1226,-5.6388,-42.5659
TRIP,9.869999885559082,9.79,2026-08-27,True,9.770000457763672,9.979999542236328,0.82,-47.55,BAJO,1148484736.0,,9.18,1.73,-0.23,1.92,9.44,0.27,-8.84,10.9,1.35,1.56,7.0,YAHOO,1.932,2.3743,1.6372,0.0673,1.7374,0.5205,70.97,2026-11-05,69,2026-08-06,22.0,yahoo,1.0,1.0,1.0,1.0,1.0,0.0,1.0,0.0,1.0,-1.3,-8.1006,-28.0088,-11.7174,20.088,69.0757,14.5,14.93,19.14,-31.931,-33.8915,-48.4326
ABNB,189.42999267578125,184.4,2026-08-27,True,184.6699981689453,191.49000549316406,2.73,39.73,BAJO,113427963904.0,43.15,30.86,14.33,34.54,6.14,21.01,20.45,2.83,35.91,0.32,1.41,5.0,YAHOO,1.932,2.3743,1.6372,0.0673,1.7374,0.5205,70.97,2026-11-05,69,2026-08-06,22.0,yahoo,1.0,0.0,1.0,1.0,0.0,0.0,1.0,0.0,1.0,1.1372,2.9175,32.376,42.0974,32.8785,47.5995,190.5,190.5,190.5,-0.5617,-0.5617,-0.5617
ORCL,150.85000610351562,151.94,2026-08-27,True,149.7100067138672,153.99000549316406,-0.72,-41.98,BAJO,434519080960.0,25.87,13.81,11.57,53.38,6.5,36.2,25.37,-5.65,18.98,3.89,1.11,5.0,YAHOO,1.932,2.3743,1.6372,0.0673,1.7374,0.5205,70.97,2026-09-10,13,,,yahoo,1.0,0.0,1.0,1.0,1.0,1.0,0.0,0.0,0.0,2.9904,0.2192,3.2923,-32.9547,24.3034,59.0315,156.22,235.5206,324.63,-3.4375,-35.9504,-53.5317
TMUS,181.3699951171875,177.75,2026-08-27,True,176.49000549316406,181.38999938964844,2.04,-31.72,BAJO,194550448128.0,18.97,12.56,3.46,17.99,5.97,25.22,11.46,5.83,8.97,2.14,0.92,6.0,YAHOO,1.932,2.3743,1.6372,0.0673,1.7374,0.5205,70.97,2026-10-22,55,,,yahoo,1.0,0.0,1.0,1.0,0.0,1.0,1.0,0.0,1.0,-0.9124,-0.679,8.1321,-3.2848,23.6026,39.7948,183.38,195.64,252.0424,-1.0961,-7.294,-28.0399
ANET,195.3800048828125,201.09,2026-08-27,True,194.61000061035156,200.0,-2.84,37.95,BAJO,246418096128.0,61.83,37.87,16.65,31.48,14.12,45.39,38.37,1.58,51.79,,2.96,4.0,YAHOO,1.932,2.3743,1.6372,0.0673,1.7374,0.5205,70.97,2026-11-03,67,2026-08-04,24.0,yahoo,1.0,0.0,1.0,1.0,0.0,0.0,1.0,0.0,0.0,3.5675,-1.7302,15.0106,22.5183,59.1775,59.4967,210.5,210.5,210.5,-7.1829,-7.1829,-7.1829
LRCX,301.8999938964844,318.58,2026-08-27,True,301.05010986328125,318.2900085449219,-5.24,186.17,BAJO,377773785088.0,52.32,26.12,30.29,65.07,22.84,37.39,31.27,0.82,45.96,0.33,2.63,8.0,YAHOO,1.932,2.3743,1.6372,0.0673,1.7374,0.5205,70.97,2026-10-21,54,,,yahoo,1.0,1.0,1.0,0.0,1.0,1.0,1.0,1.0,1.0,-3.8535,-9.1648,-30.3302,-5.0498,51.4756,88.1766,343.84,433.33,433.33,-12.1975,-30.3302,-30.3302
ADI,361.7799987792969,374.52,2026-08-27,True,359.5400085449219,374.1400146484375,-3.4,38.73,BAJO,175306096640.0,42.92,22.15,5.23,12.23,6.41,39.5,29.79,2.37,27.2,0.27,1.25,8.0,YAHOO,1.932,2.3743,1.6372,0.0673,1.7374,0.5205,70.97,2026-11-24,88,2026-08-19,9.0,yahoo,1.0,1.0,1.0,1.0,0.0,1.0,1.0,1.0,1.0,-3.0314,-7.0906,-8.9105,-12.3424,30.735,43.0619,390.28,445.48,445.48,-7.3024,-18.7887,-18.7887
SNDK,1484.97998046875,1484.95,2026-08-27,True,1435.6099853515625,1517.75,0.0,2813.7,BAJO,217429295104.0,20.12,5.61,14.06,91.64,43.91,78.47,56.46,3.55,16.87,0.01,2.29,7.0,YAHOO,1.932,2.3743,1.6372,0.0673,1.7374,0.5205,70.97,2026-11-06,70,2026-08-05,23.0,yahoo,1.0,1.0,1.0,1.0,0.0,0.0,1.0,1.0,1.0,-6.9608,-9.5137,-34.6897,-12.3895,16.1797,141.2,1786.85,2335.0,2335.0,-16.894,-36.4034,-36.4034
NOW,144.7100067138672,138.43,2026-08-27,True,137.8000030517578,145.72000122070312,4.54,-27.55,BAJO,149610184704.0,89.88,28.91,11.95,14.24,4.25,4.06,11.34,3.44,50.71,0.68,0.7,4.0,YAHOO,1.932,2.3743,1.6372,0.0673,1.7374,0.5205,70.97,2026-10-28,61,,,yahoo,1.0,0.0,1.0,1.0,1.0,0.0,0.0,0.0,0.0,12.6323,16.7016,45.7595,16.3544,82.9478,61.861,144.71,144.71,192.23,0.0,0.0,-24.7204
NBIS,209.17999267578125,218.48,2026-08-27,True,205.47999572753906,214.27999877929688,-4.26,184.9,BAJO,56866676736.0,,-69.78,5.55,0.6,-1.92,-0.22,3.13,-16.91,240.46,0.99,4.03,6.0,YAHOO,1.932,2.3743,1.6372,0.0673,1.7374,0.5205,70.97,2026-11-10,74,2026-08-12,16.0,yahoo,1.0,1.0,1.0,1.0,0.0,0.0,0.0,1.0,1.0,-4.5407,-24.6687,-24.2568,-9.4812,72.8598,145.5802,277.68,286.69,286.69,-24.6687,-27.0362,-27.0362
OXY,59.099998474121094,59.17,2026-08-27,True,58.66999816894531,59.47999954223633,-0.12,21.5,BAJO,59078565888.0,17.43,15.41,1.77,10.63,4.68,45.44,30.32,6.41,5.73,0.35,1.41,4.0,YAHOO,1.932,2.3743,1.6372,0.0673,1.7374,0.5205,70.97,2026-11-09,73,2026-08-05,23.0,yahoo,1.0,0.0,1.0,1.0,1.0,0.0,0.0,0.0,0.0,-3.5889,1.268,21.68,4.8437,26.472,34.6245,61.52,61.52,65.9354,-3.9337,-3.9337,-10.3669
XOM,156.7100067138672,156.44,2026-08-27,True,155.32000732421875,157.4199981689453,0.17,36.79,BAJO,644377739264.0,20.14,14.72,2.48,12.58,5.52,15.86,9.07,3.21,10.04,0.16,1.14,5.0,YAHOO,1.932,2.3743,1.6372,0.0673,1.7374,0.5205,70.97,2026-10-30,63,2026-07-31,28.0,yahoo,1.0,0.0,1.0,1.0,1.0,0.0,1.0,0.0,0.0,-5.0875,-1.4836,15.3633,8.581,15.2078,25.9776,166.15,166.15,169.2183,-5.6816,-5.6816,-7.3918
CVX,201.86000061035156,199.77,2026-08-27,True,199.57000732421875,202.24000549316406,1.05,26.23,BAJO,395969232896.0,19.43,15.25,2.09,12.23,5.86,21.87,9.83,5.54,8.41,0.19,1.25,5.0,YAHOO,1.932,2.3743,1.6372,0.0673,1.7374,0.5205,70.97,2026-10-30,63,2026-07-31,28.0,yahoo,1.0,0.0,1.0,1.0,0.0,1.0,0.0,1.0,0.0,-1.6612,1.8108,22.8413,11.598,17.3034,25.4392,205.77,205.77,207.4234,-1.9002,-1.9002,-2.6821
PSX,244.00999450683594,239.81,2026-08-27,True,239.88999938964844,244.64999389648438,1.75,83.67,BAJO,97832148992.0,13.92,11.79,3.09,23.45,6.04,8.53,4.66,4.65,11.42,0.63,1.32,7.0,YAHOO,1.932,2.3743,1.6372,0.0673,1.7374,0.5205,70.97,2026-10-29,62,2026-08-05,23.0,yahoo,1.0,1.0,1.0,1.0,0.0,1.0,1.0,1.0,0.0,0.4694,5.0062,45.108,39.473,33.4162,32.322,244.01,244.01,244.01,0.0,0.0,0.0
YPF,50.20000076293945,50.48,2026-08-27,True,50.150001525878906,50.95000076293945,-0.55,57.31,BAJO,19682168832.0,26.56,8.83,1.88,7.26,8.34,27.51,4.0,6321.05,1.33,0.85,0.93,4.0,YAHOO,1.932,2.3743,1.6372,0.0673,1.7374,0.5205,70.97,2026-10-29,62,2026-08-11,17.0,yahoo,0.0,0.0,1.0,1.0,0.0,1.0,1.0,0.0,0.0,-1.9148,0.2997,10.4025,-5.3009,22.0539,36.8479,52.7,56.35,56.35,-4.7438,-10.9139,-10.9139
VIST,70.13999938964844,70.61,2026-08-27,True,69.33000183105469,71.7699966430664,-0.67,72.1,BAJO,7758705152.0,9.23,6.65,2.34,29.79,10.0,44.24,23.56,1.59,5.22,1.07,0.69,3.0,YAHOO,1.932,2.3743,1.6372,0.0673,1.7374,0.5205,70.97,2026-10-28,61,,,yahoo,1.0,0.0,1.0,1.0,0.0,0.0,0.0,0.0,0.0,0.8048,2.679,9.9373,-5.4717,39.8259,41.1996,72.16,76.52,79.25,-2.7993,-8.3377,-11.4953
VST,137.08999633789062,139.81,2026-08-27,True,136.61000061035156,141.10000610351562,-1.95,-35.41,BAJO,46012227584.0,23.12,13.23,15.32,42.96,5.89,13.77,11.55,0.08,10.46,3.73,0.97,5.0,YAHOO,1.932,2.3743,1.6372,0.0673,1.7374,0.5205,70.97,2026-11-05,69,2026-08-07,21.0,yahoo,1.0,0.0,1.0,1.0,1.0,0.0,1.0,0.0,0.0,0.6461,-7.4529,-13.5788,-14.3219,29.264,44.5771,155.94,168.98,217.0162,-12.088,-18.8721,-36.8296
BP,42.150001525878906,42.34,2026-08-27,True,41.720001220703125,42.15999984741211,-0.45,19.91,BAJO,108550684672.0,20.17,9.51,7.47,8.87,5.04,13.15,2.55,11.86,12.54,0.95,1.27,7.0,YAHOO,1.932,2.3743,1.6372,0.0673,1.7374,0.5205,70.97,2026-10-30,63,2026-08-04,24.0,yahoo,1.0,0.0,1.0,1.0,0.0,1.0,1.0,1.0,1.0,-5.8311,-0.8935,15.4751,1.906,12.0065,32.094,45.14,45.14,46.5196,-6.6238,-6.6238,-9.393
E,52.810001373291016,53.22,2026-08-27,True,52.66999816894531,53.15999984741211,-0.77,45.92,BAJO,76082421760.0,11.79,9.9,1.43,10.9,3.07,10.66,5.87,-11.81,7.89,0.65,1.48,6.0,YAHOO,1.932,2.3743,1.6372,0.0673,1.7374,0.5205,70.97,2026-10-23,56,,,yahoo,1.0,1.0,1.0,1.0,0.0,1.0,1.0,0.0,0.0,-6.4813,-4.4682,12.6974,1.2462,10.8086,32.0198,57.35,57.35,57.35,-7.9163,-7.9163,-7.9163
SHEL,90.91000366210938,90.7,2026-08-27,True,90.47000122070312,91.08000183105469,0.23,22.07,BAJO,250225295360.0,10.06,10.31,1.4,14.34,6.4,16.69,8.76,8.58,5.13,0.4,1.44,5.0,YAHOO,1.932,2.3743,1.6372,0.0673,1.7374,0.5205,70.97,2026-10-29,62,2026-07-30,29.0,yahoo,1.0,1.0,1.0,1.0,0.0,0.0,1.0,0.0,0.0,-2.5929,0.4864,18.2702,9.0189,9.7448,23.766,93.65,93.65,93.65,-2.9258,-2.9258,-2.9258
HAL,36.18000030517578,35.49,2026-08-27,True,35.31999969482422,36.48500061035156,1.94,58.12,BAJO,30142656512.0,18.94,12.47,2.74,14.92,7.26,12.79,7.16,6.81,8.64,0.74,2.02,4.0,YAHOO,1.932,2.3743,1.6372,0.0673,1.7374,0.5205,70.97,2026-10-20,53,,,yahoo,1.0,0.0,1.0,1.0,0.0,0.0,1.0,0.0,0.0,2.3769,5.1133,6.5685,-6.4764,38.1929,36.3334,36.18,41.22,42.7979,0.0,-12.2271,-15.4632
SLB,57.33000183105469,55.01,2026-08-27,True,54.667701721191406,57.41999816894531,4.22,55.98,BAJO,85085937664.0,27.97,17.74,3.26,12.91,6.17,12.71,8.53,3.47,12.39,0.47,1.44,4.0,YAHOO,1.932,2.3743,1.6372,0.0673,1.7374,0.5205,70.97,2026-10-23,56,,,yahoo,1.0,0.0,1.0,1.0,1.0,0.0,0.0,0.0,0.0,6.4229,6.6208,23.3168,5.6473,38.2591,41.1605,57.33,58.01,58.01,0.0,-1.1722,-1.1722
COP,130.35000610351562,129.52,2026-08-27,True,129.36500549316406,130.83999633789062,0.64,31.11,BAJO,156594339840.0,17.24,13.68,2.4,14.18,7.53,31.51,14.4,4.91,6.39,0.36,1.54,7.0,YAHOO,1.932,2.3743,1.6372,0.0673,1.7374,0.5205,70.97,2026-11-05,69,2026-08-06,22.0,yahoo,1.0,0.0,1.0,1.0,1.0,1.0,1.0,0.0,1.0,-3.3514,3.5017,26.2211,15.125,12.9094,31.6003,134.89,134.89,134.89,-3.3657,-3.3657,-3.3657
GPRK,9.829999923706055,9.85,2026-08-27,True,9.699999809265137,10.039999961853027,-0.2,47.26,BAJO,637925248.0,6.92,5.52,1.45,28.57,7.81,27.52,16.0,14.46,3.25,1.81,1.17,3.0,YAHOO,1.932,2.3743,1.6372,0.0673,1.7374,0.5205,70.97,2026-11-04,68,2026-08-12,16.0,yahoo,1.0,0.0,1.0,0.0,0.0,1.0,0.0,0.0,0.0,0.4086,4.0569,8.2878,-3.8616,16.5123,39.5096,9.85,11.1725,11.7511,-0.2031,-12.0162,-16.3481
CEG,276.75,282.41,2026-08-27,True,275.989990234375,284.19000244140625,-2.0,-18.38,BAJO,98054569984.0,27.08,20.74,3.08,15.06,3.89,8.66,11.08,-6.76,15.64,0.76,1.46,6.0,YAHOO,1.932,2.3743,1.6372,0.0673,1.7374,0.5205,70.97,2026-11-09,73,2026-08-06,22.0,yahoo,1.0,0.0,1.0,1.0,1.0,0.0,1.0,0.0,1.0,1.4182,-1.8848,11.5978,-3.6749,26.2159,35.7368,282.41,282.41,401.7044,-2.0042,-2.0042,-31.1061
FSLR,204.4600067138672,210.1,2026-08-27,True,202.10000610351562,211.14979553222656,-2.68,-1.69,BAJO,21973274624.0,12.61,8.85,2.13,18.51,8.62,42.64,32.46,7.28,8.82,0.02,2.52,7.0,YAHOO,1.932,2.3743,1.6372,0.0673,1.7374,0.5205,70.97,2026-10-29,62,2026-07-30,29.0,yahoo,1.0,1.0,1.0,1.0,1.0,1.0,0.0,0.0,1.0,-4.5828,-9.3545,-13.3497,-33.3551,30.6573,54.8363,250.05,314.95,318.25,-18.2324,-35.0818,-35.7549
CCJ,100.01000213623047,106.33,2026-08-27,True,99.53009796142578,106.44000244140625,-5.94,21.97,BAJO,43557654528.0,172.43,53.24,8.47,5.11,2.98,9.11,10.21,0.11,58.14,0.17,3.06,8.0,YAHOO,1.932,2.3743,1.6372,0.0673,1.7374,0.5205,70.97,2026-10-30,63,2026-07-31,28.0,yahoo,1.0,1.0,1.0,1.0,1.0,1.0,0.0,1.0,1.0,-2.4388,2.3225,-1.8162,-11.26,68.876,49.656,107.36,114.02,134.09,-6.8461,-12.2873,-25.4158
PBR,18.530000686645508,18.25,2026-08-27,True,18.18000030517578,18.540000915527344,1.53,50.95,BAJO,119414112256.0,4.68,4.65,1.29,30.27,10.07,44.68,24.32,78.92,1.77,0.76,0.85,7.0,YAHOO,1.932,2.3743,1.6372,0.0673,1.7374,0.5205,70.97,2026-11-10,74,2026-08-06,22.0,yahoo,1.0,1.0,1.0,1.0,1.0,1.0,1.0,0.0,0.0,-0.3995,6.675,18.029,2.3991,29.0541,30.9415,18.6043,18.8472,21.2388,-0.3995,-1.683,-12.7539
NEE,81.83999633789062,83.47,2026-08-27,True,81.33000183105469,82.9800033569336,-1.95,10.45,BAJO,170716446720.0,18.39,18.65,2.99,11.68,2.44,31.52,32.4,-10.41,20.04,1.62,0.53,5.0,YAHOO,1.932,2.3743,1.6372,0.0673,1.7374,0.5205,70.97,2026-10-27,60,,,yahoo,1.0,0.0,1.0,1.0,0.0,1.0,0.0,1.0,0.0,-2.1638,-5.047,-6.7563,-5.2529,15.3457,15.2153,87.2,89.79,97.1683,-6.1468,-8.854,-15.775
PAAS,52.869998931884766,54.89,2026-08-27,True,52.11000061035156,56.0,-3.68,56.59,BAJO,21920851968.0,15.64,11.23,3.0,22.41,11.77,37.81,32.03,6.01,10.37,0.11,2.94,7.0,YAHOO,1.932,2.3743,1.6372,0.0673,1.7374,0.5205,70.97,2026-11-16,80,2026-08-12,16.0,yahoo,1.0,1.0,1.0,1.0,1.0,1.0,0.0,1.0,0.0,-0.0303,11.881,18.4504,-6.9066,58.8824,57.3887,54.89,54.89,68.0597,-3.6801,-3.6801,-22.3182
HMY,20.229999542236328,21.03,2026-08-27,True,19.96500015258789,21.040000915527344,-3.8,58.05,BAJO,12640411648.0,6.95,7.93,3.88,47.55,24.91,46.94,29.57,108.6,0.31,0.13,0.84,,YAHOO,1.932,2.3743,1.6372,0.0673,1.7374,0.5205,70.97,,999,2026-08-27,1.0,yahoo,,,,,,,,,,-14.0612,4.0638,33.0046,10.728,45.578,67.3984,23.54,23.54,25.5485,-14.0612,-14.0612,-20.8173
B,45.650001525878906,47.32,2026-08-27,True,45.334999084472656,47.59000015258789,-3.53,72.21,BAJO,75134623744.0,11.8,10.4,2.75,27.01,13.44,51.34,31.6,6.77,6.68,0.13,3.01,9.0,YAHOO,1.932,2.3743,1.6372,0.0673,1.7374,0.5205,70.97,2026-11-09,73,2026-08-10,18.0,yahoo,1.0,1.0,1.0,1.0,1.0,1.0,1.0,1.0,1.0,-4.0966,9.7356,24.2853,7.2856,43.9282,50.4404,48.87,48.87,52.3175,-6.5889,-6.5889,-12.7443
VALE,15.029999732971191,15.31,2026-08-27,True,14.890000343322754,15.3100004196167,-1.83,53.33,BAJO,63964110848.0,30.06,7.46,1.72,4.11,7.92,21.95,4.75,20.81,1.94,0.55,1.19,4.0,YAHOO,1.932,2.3743,1.6372,0.0673,1.7374,0.5205,70.97,2026-10-29,62,2026-07-30,29.0,yahoo,1.0,0.0,1.0,1.0,0.0,1.0,0.0,0.0,0.0,3.0158,10.2715,2.7847,-4.8688,27.9069,30.6179,15.33,15.5562,17.3257,-1.9569,-3.3824,-13.2502
LAC,3.069999933242798,3.17,2026-08-27,True,3.059999942779541,3.240000009536743,-3.15,-2.1,BAJO,1114541824.0,,-21.81,0.78,-3.7,-1.66,0.0,0.0,-121.03,-31.27,0.6,5.47,1.0,YAHOO,1.932,2.3743,1.6372,0.0673,1.7374,0.5205,70.97,2026-11-13,77,2026-08-13,15.0,yahoo,0.0,0.0,0.0,1.0,0.0,0.0,0.0,0.0,0.0,-2.2293,-9.1716,-20.2597,-41.0749,52.6213,58.3621,3.43,5.1,10.05,-10.4956,-39.8039,-69.4527
RIO,103.30000305175781,104.78,2026-08-27,True,103.0166015625,105.16549682617188,-1.41,67.12,BAJO,168002912256.0,13.98,11.94,2.57,19.31,8.11,28.05,19.58,2.14,8.29,0.32,1.42,4.0,YAHOO,1.932,2.3743,1.6372,0.0673,1.7374,0.5205,70.97,,999,2026-07-28,31.0,yahoo,1.0,0.0,1.0,1.0,0.0,0.0,0.0,1.0,0.0,-1.8993,7.964,11.2065,-0.7723,27.6423,31.9529,106.81,106.81,109.6326,-3.2862,-3.2862,-5.7762
GFI,45.959999084472656,48.0,2026-08-27,True,45.5099983215332,48.36000061035156,-4.25,41.79,BAJO,40945602560.0,9.36,8.63,9.75,58.68,28.52,55.0,38.65,10.2,12.09,0.29,1.87,9.0,YAHOO,1.932,2.3743,1.6372,0.0673,1.7374,0.5205,70.97,,999,2026-08-25,3.0,yahoo,1.0,1.0,1.0,1.0,1.0,1.0,1.0,1.0,1.0,-3.8695,14.2147,36.8264,15.3036,51.4322,60.9522,48.87,48.87,59.7691,-5.9546,-5.9546,-23.1041
GGB,4.590000152587891,4.7,2026-08-27,True,4.545000076293945,4.704999923706055,-2.34,47.58,BAJO,9006160896.0,20.86,8.04,0.87,4.18,5.03,12.75,3.22,29.4,1.92,0.28,2.87,5.0,YAHOO,1.932,2.3743,1.6372,0.0673,1.7374,0.5205,70.97,2026-10-26,59,2026-08-04,24.0,yahoo,1.0,0.0,1.0,1.0,0.0,0.0,1.0,0.0,1.0,6.0046,-2.1476,14.807,3.0712,51.1061,36.9351,5.0866,5.0866,5.0866,-9.7626,-9.7626,-9.7626
FCX,76.44999694824219,78.42,2026-08-27,True,75.9000015258789,78.52999877929688,-2.51,68.68,BAJO,109783539712.0,37.48,18.49,5.46,14.75,7.58,33.4,11.39,1.97,13.71,0.32,2.07,6.0,YAHOO,1.932,2.3743,1.6372,0.0673,1.7374,0.5205,70.97,2026-10-22,55,,,yahoo,1.0,1.0,1.0,1.0,1.0,0.0,1.0,0.0,0.0,-0.2739,14.9797,21.8565,16.6269,35.2617,52.301,79.91,79.91,79.91,-4.3299,-4.3299,-4.3299
HL,20.3799991607666,21.43,2026-08-27,True,20.15999984741211,21.690000534057617,-4.9,147.3,BAJO,13690640384.0,24.55,19.16,5.11,22.17,15.3,44.27,19.15,2.5,14.37,0.01,5.2,8.0,YAHOO,1.932,2.3743,1.6372,0.0673,1.7374,0.5205,70.97,2026-11-05,69,2026-08-04,24.0,yahoo,1.0,1.0,1.0,1.0,1.0,1.0,0.0,1.0,1.0,-1.6221,10.963,32.1056,14.7096,60.7964,70.4994,21.43,21.43,31.7903,-4.8997,-4.8997,-35.8925
NEM,127.9800033569336,132.29,2026-08-27,True,127.11000061035156,132.88999938964844,-3.26,71.78,BAJO,134851543040.0,16.16,12.69,3.85,25.91,15.75,51.57,33.36,6.54,7.98,0.16,2.55,9.0,YAHOO,1.932,2.3743,1.6372,0.0673,1.7374,0.5205,70.97,2026-10-22,55,,,yahoo,1.0,1.0,1.0,1.0,1.0,1.0,1.0,1.0,1.0,-2.736,8.6787,37.0236,16.5468,42.9742,51.0717,135.14,135.14,135.14,-5.2982,-5.2982,-5.2982
GOLD,45.54999923706055,45.98,2026-08-27,True,45.03609848022461,46.310001373291016,-0.94,96.09,BAJO,1321149184.0,14.84,12.55,1.53,10.82,2.76,0.86,0.35,-56.31,16.59,1.82,1.18,4.0,YAHOO,1.932,2.3743,1.6372,0.0673,1.7374,0.5205,70.97,2026-09-02,5,,,yahoo,1.0,0.0,1.0,1.0,0.0,0.0,0.0,1.0,0.0,-1.4283,3.5227,9.4689,7.6578,36.272,46.8046,46.85,46.85,63.5992,-2.7748,-2.7748,-28.3796
MUX,20.420000076293945,21.66,2026-08-27,True,20.270000457763672,21.93000030517578,-5.72,80.17,BAJO,1219892608.0,16.21,5.02,1.73,13.54,-0.43,-5.92,32.46,-1.53,47.78,0.18,2.04,5.0,YAHOO,1.932,2.3743,1.6372,0.0673,1.7374,0.5205,70.97,2026-11-04,68,2026-08-05,23.0,yahoo,1.0,1.0,1.0,0.0,0.0,1.0,0.0,1.0,0.0,-1.7324,8.617,12.631,-6.7154,63.374,64.0746,21.66,21.66,29.05,-5.7248,-5.7248,-29.7074
NXE,10.399999618530273,11.19,2026-08-27,True,10.281000137329102,11.279999732971191,-7.06,34.32,BAJO,6973263360.0,,-59.44,5.21,-17.67,-3.39,0.0,0.0,-4.28,-65.92,0.34,1.46,2.0,YAHOO,1.932,2.3743,1.6372,0.0673,1.7374,0.5205,70.97,2026-11-03,67,2026-08-04,24.0,yahoo,0.0,0.0,0.0,1.0,0.0,1.0,0.0,0.0,0.0,-4.2357,0.0962,10.7561,-10.0346,67.1646,55.262,11.21,11.41,13.92,-7.2257,-8.8519,-25.2874
MP,56.130001068115234,59.03,2026-08-27,True,55.63999938964844,59.79999923706055,-4.91,-29.1,BAJO,9996841984.0,,63.43,5.11,-3.58,-1.52,-14.72,-14.56,-4.33,257.05,0.41,9.51,4.0,YAHOO,1.932,2.3743,1.6372,0.0673,1.7374,0.5205,70.97,2026-11-05,69,2026-08-06,22.0,yahoo,0.0,1.0,0.0,0.0,1.0,1.0,0.0,1.0,0.0,-6.5279,-4.4433,0.2143,-13.2457,63.7047,69.9123,60.17,65.46,98.65,-6.7143,-14.253,-43.1019
JPM,357.6199951171875,354.22,2026-08-27,True,354.2200012207031,358.7300109863281,0.96,15.59,BAJO,950620520448.0,15.32,14.3,2.69,17.79,1.36,50.39,34.92,,,,,3.0,YAHOO,1.932,2.3743,1.6372,0.0673,1.7374,0.5205,70.97,2026-10-13,46,,,yahoo,1.0,0.0,0.0,0.0,1.0,0.0,1.0,0.0,0.0,1.718,-1.4387,9.7458,20.0197,10.4877,20.3208,365.18,365.18,365.18,-2.0702,-2.0702,-2.0702
AXP,333.20001220703125,334.16,2026-08-27,True,332.8450012207031,336.55999755859375,-0.29,-2.48,BAJO,225013235712.0,20.23,16.57,6.56,34.38,3.79,20.32,16.14,,,1.72,1.55,4.0,YAHOO,1.932,2.3743,1.6372,0.0673,1.7374,0.5205,70.97,2026-10-23,56,,,yahoo,1.0,0.0,1.0,1.0,0.0,0.0,1.0,0.0,0.0,-0.8333,-2.7096,-1.2233,5.5746,4.3607,24.6205,348.99,361.57,381.7816,-4.5245,-7.8463,-12.725
MA,595.2999877929688,591.73,2026-08-27,True,592.08251953125,598.02001953125,0.6,-4.02,BAJO,521488695296.0,32.76,25.85,93.07,241.2,24.06,61.11,46.34,3.25,23.93,4.4,1.06,9.0,YAHOO,1.932,2.3743,1.6372,0.0673,1.7374,0.5205,70.97,2026-10-29,62,2026-07-30,29.0,yahoo,1.0,1.0,1.0,1.0,1.0,1.0,1.0,1.0,1.0,2.5266,4.5689,16.1016,20.713,11.2964,22.2797,599.86,599.86,599.86,-0.7602,-0.7602,-0.7602
V,381.6000061035156,379.66,2026-08-27,True,379.04998779296875,383.67999267578125,0.51,4.48,BAJO,712465252352.0,32.53,25.43,20.22,61.19,19.11,66.13,50.78,2.86,22.78,0.68,0.98,6.0,YAHOO,1.932,2.3743,1.6372,0.0673,1.7374,0.5205,70.97,2026-10-27,60,,,yahoo,1.0,0.0,1.0,1.0,1.0,0.0,1.0,0.0,1.0,2.8461,4.792,11.4311,17.1433,11.8763,20.555,384.14,384.14,384.14,-0.6612,-0.6612,-0.6612
PYPL,53.65999984741211,61.47,2026-08-27,True,52.619998931884766,54.7599983215332,-12.71,-28.21,BAJO,45904031744.0,10.14,9.26,2.33,24.5,4.62,16.97,14.36,9.64,8.6,0.72,1.29,9.0,YAHOO,1.932,2.3743,1.6372,0.0673,1.7374,0.5205,70.97,2026-10-27,60,,,yahoo,1.0,1.0,1.0,1.0,1.0,1.0,1.0,1.0,1.0,-12.8188,-12.9744,24.2705,20.3059,100.6896,52.1738,62.3,62.3,75.4763,-13.8684,-13.8684,-28.9049
PAGS,8.890000343322754,8.93,2026-08-27,True,8.84000015258789,9.020000457763672,-0.45,-3.53,BAJO,2450493184.0,6.09,4.77,0.84,14.54,6.36,36.2,10.86,-75.75,0.31,0.12,1.55,7.0,YAHOO,1.932,2.3743,1.6372,0.0673,1.7374,0.5205,70.97,2026-11-11,75,2026-08-11,17.0,yahoo,1.0,0.0,1.0,1.0,1.0,0.0,1.0,1.0,1.0,3.1323,1.9495,-1.768,-4.9198,35.2921,29.0121,9.6,9.84,11.7187,-7.3958,-9.6545,-24.1381
NU,14.300000190734863,14.88,2026-08-27,True,14.220000267028809,14.904999732971191,-3.9,-8.65,BAJO,69078851584.0,19.59,12.48,5.52,31.63,4.96,50.15,42.73,,,,,4.0,YAHOO,1.932,2.3743,1.6372,0.0673,1.7374,0.5205,70.97,2026-11-12,76,2026-08-13,15.0,yahoo,1.0,0.0,1.0,1.0,1.0,0.0,0.0,0.0,0.0,-1.9204,-6.1064,7.0359,8.9109,44.1543,39.7143,15.23,15.23,18.76,-6.1064,-6.1064,-23.774
XP,17.65999984741211,17.68,2026-08-27,True,17.239999771118164,17.815000534057617,-0.11,-8.25,BAJO,8961442816.0,8.96,7.48,1.94,22.56,1.36,31.18,28.54,,,6.42,1.49,7.0,YAHOO,1.932,2.3743,1.6372,0.0673,1.7374,0.5205,70.97,2026-11-16,80,2026-08-17,11.0,yahoo,1.0,1.0,1.0,1.0,1.0,0.0,1.0,1.0,0.0,5.0565,11.6308,8.6101,7.3111,36.4225,38.5922,17.81,17.81,22.6565,-0.8422,-0.8422,-22.0534
AIG,76.93000030517578,76.63,2026-08-27,True,76.46019744873047,77.44499969482422,0.39,-8.94,BAJO,40226172928.0,14.04,8.76,0.99,7.22,1.76,19.41,11.09,18.31,4.75,0.22,0.61,5.0,YAHOO,1.932,2.3743,1.6372,0.0673,1.7374,0.5205,70.97,2026-11-04,68,2026-08-06,22.0,yahoo,1.0,1.0,1.0,1.0,0.0,0.0,1.0,0.0,0.0,1.0641,0.3784,3.2202,4.326,14.5894,22.176,80.12,81.06,85.514,-3.9815,-5.095,-10.0381
BRK-B,505.0,503.7,2026-08-27,True,502.94000244140625,506.55999755859375,0.26,-4.44,BAJO,1081058459648.0,12.69,22.76,0.0,12.12,6.01,32.56,22.3,6.66,-1.79,0.17,2.89,4.0,YAHOO,1.932,2.3743,1.6372,0.0673,1.7374,0.5205,70.97,2026-11-07,71,2026-08-08,20.0,yahoo,1.0,0.0,1.0,0.0,1.0,0.0,1.0,0.0,0.0,1.8515,0.1924,0.9213,6.4323,3.3442,15.54,529.42,529.42,529.42,-4.6126,-4.6126,-4.6126
BBD,3.25,3.23,2026-08-27,True,3.200000047683716,3.2699999809265137,0.62,3.56,BAJO,34414825472.0,7.56,5.81,0.99,13.76,1.07,34.52,26.07,,,,,4.0,YAHOO,1.932,2.3743,1.6372,0.0673,1.7374,0.5205,70.97,2026-11-04,68,2026-08-05,23.0,yahoo,1.0,1.0,0.0,0.0,1.0,0.0,1.0,0.0,0.0,4.5016,3.5032,-4.2916,-4.7315,27.3007,28.9686,3.6159,3.7257,4.1109,-10.118,-12.7687,-20.9421
AEG,9.1899995803833,9.15,2026-08-27,True,9.149999618530273,9.279999732971191,0.44,15.81,BAJO,13646180352.0,12.09,9.82,1.31,11.07,0.1,5.82,8.62,-31.62,,0.43,1.16,6.0,YAHOO,1.932,2.3743,1.6372,0.0673,1.7374,0.5205,70.97,,999,2026-08-20,8.0,yahoo,1.0,1.0,1.0,0.0,1.0,0.0,1.0,0.0,1.0,2.2247,-2.7513,8.8863,12.4829,7.462,19.9348,9.53,9.53,9.53,-3.5677,-3.5677,-3.5677
SAN,14.670000076293945,14.55,2026-08-27,True,14.60099983215332,14.744999885559082,0.82,48.11,BAJO,213207990272.0,14.24,10.25,1.65,13.11,0.78,43.44,33.46,,,,,4.0,YAHOO,1.932,2.3743,1.6372,0.0673,1.7374,0.5205,70.97,2026-10-28,61,,,yahoo,1.0,1.0,0.0,0.0,1.0,0.0,1.0,0.0,0.0,0.5483,-0.6098,6.3043,17.5481,13.8911,31.0553,14.82,14.82,14.82,-1.0121,-1.0121,-1.0121
GGAL,42.2400016784668,42.91,2026-08-27,True,41.689998626708984,43.334999084472656,-1.56,5.8,BAJO,7157713408.0,120.69,6.03,11.18,1.68,0.31,20.53,2.14,,,,,1.0,YAHOO,1.932,2.3743,1.6372,0.0673,1.7374,0.5205,70.97,2026-11-24,88,2026-08-25,3.0,yahoo,1.0,0.0,0.0,0.0,0.0,0.0,0.0,0.0,0.0,2.0241,-2.4926,-15.3895,-16.4911,27.675,52.8887,50.4515,56.2493,58.6267,-16.276,-24.9057,-27.9509
MELI,1966.25,1930.75,2026-08-27,True,1939.949951171875,1972.5899658203125,1.84,-25.94,BAJO,99682582528.0,53.61,34.6,12.72,27.5,4.31,6.72,5.3,0.35,27.07,1.69,1.12,5.0,YAHOO,1.932,2.3743,1.6372,0.0673,1.7374,0.5205,70.97,2026-11-04,68,2026-08-05,23.0,yahoo,1.0,0.0,1.0,1.0,1.0,0.0,1.0,0.0,0.0,2.2634,6.5961,15.8396,15.9585,36.5805,36.6747,1997.0,1997.0,2510.97,-1.5398,-1.5398,-21.6936
WFC,86.69000244140625,84.97,2026-08-27,True,85.22000122070312,86.72000122070312,2.02,2.58,BAJO,262150504448.0,12.6,10.97,1.63,12.57,1.08,37.39,27.23,,,,,3.0,YAHOO,1.932,2.3743,1.6372,0.0673,1.7374,0.5205,70.97,2026-10-13,46,,,yahoo,1.0,0.0,0.0,0.0,1.0,0.0,1.0,0.0,0.0,3.3993,-2.3981,5.503,12.4422,16.1896,22.8566,88.93,88.93,94.8289,-2.5188,-2.5188,-8.5827
BNY,162.5,162.24,2026-08-27,True,161.69000244140625,163.4600067138672,0.16,50.36,BAJO,110256922624.0,18.96,15.86,2.76,14.12,1.26,40.05,29.41,,,,,6.0,YAHOO,1.932,2.3743,1.6372,0.0673,1.7374,0.5205,70.97,2026-10-15,48,,,yahoo,1.0,1.0,1.0,1.0,1.0,0.0,1.0,0.0,0.0,2.5301,-0.4533,12.8185,17.0098,10.3147,23.1426,164.27,164.27,164.27,-1.0775,-1.0775,-1.0775
BCS,26.860000610351562,26.87,2026-08-27,True,26.684999465942383,26.979999542236328,-0.04,31.76,BAJO,90221789184.0,10.17,7.9,1.01,10.09,0.47,42.95,27.87,,,,,6.0,YAHOO,1.932,2.3743,1.6372,0.0673,1.7374,0.5205,70.97,2026-10-22,55,,,yahoo,1.0,1.0,1.0,1.0,0.0,0.0,1.0,0.0,1.0,0.1118,-4.5487,1.1232,10.7285,12.7797,32.695,28.1439,28.2428,28.2428,-4.5619,-4.896,-4.896
HSBC,103.52999877929688,102.85,2026-08-27,True,103.22509765625,104.16999816894531,0.66,61.62,BAJO,354783789056.0,14.79,10.93,8.22,13.1,0.78,58.77,37.8,,,,,5.0,YAHOO,1.932,2.3743,1.6372,0.0673,1.7374,0.5205,70.97,2026-10-27,60,2026-08-04,24.0,yahoo,1.0,0.0,1.0,1.0,1.0,0.0,1.0,0.0,0.0,-0.5953,-0.2505,9.4015,10.9771,11.3329,25.2415,107.3417,107.3417,107.3417,-3.551,-3.551,-3.551
BHP,95.1500015258789,96.37,2026-08-27,True,94.62999725341797,97.16999816894531,-1.27,67.42,BAJO,241821532160.0,24.65,19.85,4.75,24.0,13.43,43.34,16.73,3.97,8.7,0.5,1.89,7.0,YAHOO,1.932,2.3743,1.6372,0.0673,1.7374,0.5205,70.97,,999,2026-08-17,11.0,yahoo,1.0,0.0,1.0,1.0,1.0,1.0,0.0,1.0,1.0,-1.9375,9.6451,14.212,7.0183,27.331,39.0867,98.69,98.69,98.69,-3.587,-3.587,-3.587
LYG,5.920000076293945,5.92,2026-08-27,True,5.90500020980835,5.940000057220459,0.0,32.06,BAJO,85739503616.0,13.45,9.29,1.52,11.34,0.56,44.96,26.43,,,,,6.0,YAHOO,1.932,2.3743,1.6372,0.0673,1.7374,0.5205,70.97,2026-10-29,62,2026-07-30,29.0,yahoo,1.0,1.0,1.0,1.0,0.0,0.0,1.0,0.0,1.0,-1.6611,-4.6699,2.9204,9.6939,17.9509,29.9876,6.21,6.21,6.21,-4.6699,-4.6699,-4.6699
ING,35.2400016784668,35.1,2026-08-27,True,35.13999938964844,35.34000015258789,0.4,48.47,BAJO,100534042624.0,13.05,11.05,1.72,17.12,0.8,49.1,34.49,,,,,2.0,YAHOO,1.932,2.3743,1.6372,0.0673,1.7374,0.5205,70.97,2026-10-29,62,2026-07-30,29.0,yahoo,1.0,0.0,0.0,0.0,0.0,0.0,1.0,0.0,0.0,1.1481,-1.2885,13.7611,15.3789,15.8485,27.7738,35.7,35.7,35.7,-1.2885,-1.2885,-1.2885
IBN,29.8799991607666,29.86,2026-08-27,True,29.8700008392334,30.059999465942383,0.07,-10.54,BAJO,107218788352.0,18.68,16.16,2.69,16.07,2.11,38.51,27.53,,,,,4.0,YAHOO,1.932,2.3743,1.6372,0.0673,1.7374,0.5205,70.97,2026-10-17,50,,,yahoo,1.0,0.0,1.0,1.0,1.0,0.0,0.0,0.0,0.0,-0.1003,0.4707,3.7897,14.8691,25.5595,19.566,30.48,30.48,32.6665,-1.9685,-1.9685,-8.5302
MUFG,22.899999618530273,22.44,2026-08-27,True,22.81999969482422,23.0,2.05,43.23,BAJO,257757020160.0,15.37,22.23,1.81,9.46,0.51,45.6,27.45,,,,,1.0,YAHOO,1.932,2.3743,1.6372,0.0673,1.7374,0.5205,70.97,2026-11-12,76,2026-08-03,25.0,yahoo,1.0,0.0,0.0,0.0,0.0,0.0,0.0,0.0,0.0,3.902,-0.6938,15.1332,22.3944,13.4246,28.1312,23.1,23.1,23.1,-0.8658,-0.8658,-0.8658
GS,1033.989990234375,1040.87,2026-08-27,True,1031.574951171875,1048.5999755859375,-0.66,34.94,BAJO,301068320768.0,15.97,13.97,2.86,16.9,1.07,42.18,31.04,,,7.25,1.56,4.0,YAHOO,1.932,2.3743,1.6372,0.0673,1.7374,0.5205,70.97,2026-10-13,46,,,yahoo,1.0,1.0,0.0,0.0,0.0,0.0,1.0,0.0,1.0,-0.509,-0.5224,2.2366,1.2663,26.2653,38.0017,1060.38,1152.0699,1152.0699,-2.4887,-10.2494,-10.2494
BX,142.38999938964844,143.64,2026-08-27,True,142.30999755859375,145.77000427246094,-0.87,-19.34,BAJO,170198450176.0,31.85,19.01,12.64,31.37,14.33,54.36,22.73,,,0.68,0.87,5.0,YAHOO,1.932,2.3743,1.6372,0.0673,1.7374,0.5205,70.97,2026-10-22,55,,,yahoo,1.0,0.0,1.0,1.0,1.0,0.0,0.0,0.0,1.0,-0.6905,-1.07,22.2423,22.9738,7.7215,37.1418,149.32,149.32,181.3246,-4.641,-4.641,-21.4723
ITUB,7.5,7.53,2026-08-27,True,7.389999866485596,7.550000190734863,-0.4,11.99,BAJO,82664038400.0,9.15,7.49,1.95,21.48,1.58,39.07,32.58,,,,,4.0,YAHOO,1.932,2.3743,1.6372,0.0673,1.7374,0.5205,70.97,2026-11-03,67,2026-08-04,24.0,yahoo,1.0,1.0,1.0,0.0,0.0,0.0,1.0,0.0,0.0,0.2674,1.3514,-8.1344,-3.828,20.7816,28.699,8.487,8.617,9.3791,-11.6295,-12.9623,-20.0349
BAC,62.31999969482422,61.17,2026-08-27,True,61.36000061035156,62.560001373291016,1.88,20.65,BAJO,435788087296.0,14.39,11.77,1.58,11.2,0.97,38.3,29.52,,,,,5.0,YAHOO,1.932,2.3743,1.6372,0.0673,1.7374,0.5205,70.97,2026-10-14,47,,,yahoo,1.0,1.0,1.0,0.0,0.0,0.0,1.0,0.0,1.0,1.0212,-3.3649,9.3717,21.4027,23.4817,18.3314,64.81,64.81,64.81,-3.842,-3.842,-3.842
RACE,420.5400085449219,414.04,2026-08-27,True,418.6499938964844,425.5400085449219,1.57,-16.66,BAJO,73916145664.0,38.76,32.88,17.31,45.44,13.61,31.06,22.25,1.36,30.19,0.86,2.43,9.0,YAHOO,1.932,2.3743,1.6372,0.0673,1.7374,0.5205,70.97,2026-11-03,67,2026-07-30,29.0,yahoo,1.0,1.0,1.0,1.0,1.0,1.0,1.0,1.0,1.0,-3.6652,1.3716,12.9603,23.6046,24.7608,33.367,436.54,436.54,498.3386,-3.6652,-3.6652,-15.6116
C,132.89999389648438,132.68,2026-08-27,True,132.32000732421875,133.6300048828125,0.17,34.7,BAJO,222931337216.0,14.34,10.32,1.16,8.53,0.66,36.23,21.83,,,,,3.0,YAHOO,1.932,2.3743,1.6372,0.0673,1.7374,0.5205,70.97,2026-10-13,46,,,yahoo,1.0,0.0,0.0,0.0,1.0,0.0,1.0,0.0,0.0,0.9495,-4.6149,-4.5615,6.0967,11.8154,28.2553,139.33,144.9331,144.9331,-4.6149,-8.3025,-8.3025
SCHW,110.16000366210938,108.05,2026-08-27,True,107.79000091552734,111.0,1.95,9.44,BAJO,190503632896.0,20.07,14.11,4.33,20.27,2.07,52.28,38.79,,,1.51,0.66,7.0,YAHOO,1.932,2.3743,1.6372,0.0673,1.7374,0.5205,70.97,2026-10-15,48,,,yahoo,1.0,1.0,1.0,1.0,1.0,0.0,1.0,0.0,1.0,-1.9056,-0.8372,19.7369,26.4811,30.4536,23.2169,113.65,113.65,113.65,-3.0708,-3.0708,-3.0708
PG,143.77999877929688,143.14,2026-08-27,True,143.00999450683594,144.39999389648438,0.45,-10.38,BAJO,334206992384.0,21.75,19.43,6.27,30.29,10.72,22.08,18.44,3.97,14.49,0.64,0.68,6.0,YAHOO,1.932,2.3743,1.6372,0.0673,1.7374,0.5205,70.97,2026-10-22,55,,,yahoo,1.0,0.0,1.0,1.0,1.0,0.0,1.0,0.0,1.0,-0.6221,-0.5327,-1.2184,0.9009,11.8104,21.4635,148.01,151.6182,164.7207,-2.8579,-5.1697,-12.7129
KO,89.66000366210938,89.06,2026-08-27,True,89.06999969482422,90.03500366210938,0.67,29.4,BAJO,385766555648.0,26.92,25.43,10.67,42.05,9.4,34.87,28.56,1.35,24.31,1.16,1.3,7.0,YAHOO,1.932,2.3743,1.6372,0.0673,1.7374,0.5205,70.97,2026-10-20,53,,,yahoo,1.0,1.0,1.0,0.0,1.0,1.0,1.0,1.0,0.0,-1.5807,2.2232,10.3236,14.212,16.3026,24.2557,91.99,91.99,91.99,-2.5329,-2.5329,-2.5329
PEP,141.07000732421875,139.72,2026-08-27,True,140.0,141.2899932861328,0.97,-5.69,BAJO,192701628416.0,18.49,15.71,8.72,51.51,8.93,16.84,10.79,4.06,12.36,2.39,0.93,5.0,YAHOO,1.932,2.3743,1.6372,0.0673,1.7374,0.5205,70.97,2026-10-08,41,,,yahoo,1.0,0.0,1.0,1.0,0.0,1.0,1.0,0.0,0.0,-1.6797,0.1989,4.1876,-1.1345,20.8218,23.6246,144.67,146.25,167.221,-2.4884,-3.5419,-15.6386
MO,68.6500015258789,67.67,2026-08-27,True,67.69999694824219,68.75,1.45,4.9,BAJO,114627919872.0,14.45,11.71,-42.96,,29.55,61.46,39.0,7.88,8.58,,0.52,6.0,YAHOO,1.932,2.3743,1.6372,0.0673,1.7374,0.5205,70.97,2026-10-29,62,2026-07-30,29.0,yahoo,1.0,0.0,1.0,1.0,0.0,1.0,1.0,1.0,0.0,3.8735,4.4901,-4.5865,0.1389,27.7917,32.294,69.12,74.92,74.92,-0.68,-8.3689,-8.3689
WMT,103.08999633789062,102.63,2026-08-27,True,102.50029754638672,103.3949966430664,0.45,2.7,BAJO,820398325760.0,37.35,31.99,8.7,22.31,7.07,4.99,3.0,1.1,18.81,0.7,0.77,7.0,YAHOO,1.932,2.3743,1.6372,0.0673,1.7374,0.5205,70.97,2026-11-19,83,2026-08-20,8.0,yahoo,1.0,1.0,1.0,1.0,1.0,0.0,1.0,1.0,0.0,-0.5882,-10.3524,-8.7614,-10.7242,14.0658,28.5642,115.7329,120.7509,133.8795,-10.9242,-14.6259,-22.9979
TGT,163.17999267578125,165.93,2026-08-27,True,162.64999389648438,166.0500030517578,-1.66,69.91,BAJO,74131275776.0,16.93,17.17,4.15,26.41,5.71,5.9,4.08,4.65,10.34,1.07,0.99,6.0,YAHOO,1.932,2.3743,1.6372,0.0673,1.7374,0.5205,70.97,2026-11-18,82,2026-08-19,9.0,yahoo,1.0,0.0,1.0,1.0,1.0,1.0,1.0,0.0,0.0,-1.3661,5.6318,25.8958,29.4031,35.0249,34.1238,169.89,169.89,169.89,-3.9496,-3.9496,-3.9496
MCD,265.0,260.06,2026-08-27,True,260.32000732421875,265.099609375,1.9,-18.53,BAJO,187525005312.0,21.54,18.96,-183.26,,13.25,46.48,31.72,3.34,15.93,,1.08,6.0,YAHOO,1.932,2.3743,1.6372,0.0673,1.7374,0.5205,70.97,2026-11-05,69,2026-08-04,24.0,yahoo,1.0,0.0,1.0,1.0,1.0,0.0,1.0,1.0,0.0,-2.196,-2.8699,-1.9644,-4.4422,30.6729,23.8189,276.26,287.93,336.8806,-4.0759,-7.9637,-21.3371
SBUX,107.8499984741211,107.26,2026-08-27,True,107.26000213623047,108.69999694824219,0.55,20.19,BAJO,122949001216.0,62.34,34.62,-16.02,,8.02,12.92,5.17,2.49,25.01,,0.76,5.0,YAHOO,1.932,2.3743,1.6372,0.0673,1.7374,0.5205,70.97,2026-10-28,61,,,yahoo,1.0,0.0,1.0,1.0,1.0,0.0,0.0,0.0,1.0,0.7191,0.1486,6.145,9.3884,30.125,22.8244,108.49,108.49,108.49,-0.5899,-0.5899,-0.5899
NKE,39.599998474121094,38.44,2026-08-27,True,38.560001373291016,39.7599983215332,3.02,-53.25,BAJO,58746548224.0,18.86,17.28,3.95,22.14,6.97,12.69,6.7,3.22,11.98,0.74,1.96,4.0,YAHOO,1.932,2.3743,1.6372,0.0673,1.7374,0.5205,70.97,2026-10-01,34,,,yahoo,1.0,0.0,1.0,0.0,1.0,0.0,0.0,1.0,0.0,-2.8459,-2.7744,-3.5323,-13.5749,43.157,34.6655,42.64,45.96,75.8389,-7.1295,-13.8381,-47.7841
MDLZ,62.36000061035156,62.43,2026-08-27,True,61.665000915527344,62.769901275634766,-0.11,-0.17,BAJO,79590572032.0,22.84,18.55,3.0,13.34,4.12,21.98,8.86,2.83,16.46,0.83,0.6,5.0,YAHOO,1.932,2.3743,1.6372,0.0673,1.7374,0.5205,70.97,2026-10-27,60,,,yahoo,1.0,0.0,1.0,1.0,0.0,0.0,1.0,0.0,1.0,-3.2428,-1.9651,7.8147,2.7999,19.4999,27.8251,64.7,64.99,64.99,-3.6167,-4.0468,-4.0468
HSY,179.0500030517578,181.32,2026-08-27,True,179.0399932861328,183.97000122070312,-1.25,-2.99,BAJO,35975741440.0,24.43,18.14,7.88,32.81,9.92,23.12,12.24,4.85,15.27,1.3,1.18,4.0,YAHOO,1.932,2.3743,1.6372,0.0673,1.7374,0.5205,70.97,2026-11-05,69,2026-07-30,29.0,yahoo,1.0,0.0,1.0,1.0,0.0,1.0,0.0,0.0,0.0,-3.974,-2.8064,2.8543,-6.9949,8.126,30.1372,189.94,189.94,232.6481,-5.7334,-5.7334,-23.0383
ANF,148.4199981689453,145.75,2026-08-27,True,145.1199951171875,150.52999877929688,1.83,48.3,BAJO,6594554368.0,12.81,11.65,4.8,40.61,12.92,19.94,10.04,6.27,8.03,0.94,1.41,5.0,YAHOO,1.932,2.3743,1.6372,0.0673,1.7374,0.5205,70.97,2026-11-25,89,2026-08-26,2.0,yahoo,1.0,0.0,1.0,1.0,0.0,1.0,1.0,0.0,0.0,36.1526,37.2607,64.8928,92.2041,291.8352,88.053,148.42,148.42,148.42,0.0,0.0,0.0
EBAY,105.62000274658203,102.27,2026-08-27,True,102.71009826660156,106.0199966430664,3.28,9.81,BAJO,47000899584.0,22.19,15.69,10.08,46.61,9.15,21.57,18.57,3.36,15.94,1.53,1.02,5.0,YAHOO,1.932,2.3743,1.6372,0.0673,1.7374,0.5205,70.97,2026-11-04,68,2026-08-05,23.0,yahoo,1.0,1.0,1.0,0.0,0.0,0.0,1.0,0.0,1.0,1.4309,2.4045,-5.4855,-3.3403,38.5042,32.3511,111.98,117.44,118.6311,-5.6796,-10.0647,-10.9677
ABEV,2.859999895095825,2.88,2026-08-27,True,2.819999933242798,2.880000114440918,-0.69,23.15,BAJO,44101193728.0,14.3,13.34,2.58,18.4,10.3,23.74,18.41,45.03,1.11,0.03,1.02,8.0,YAHOO,1.932,2.3743,1.6372,0.0673,1.7374,0.5205,70.97,2026-10-29,62,2026-07-30,29.0,yahoo,1.0,1.0,1.0,1.0,1.0,0.0,1.0,1.0,1.0,-0.6945,2.1429,-8.9172,-10.649,9.4224,20.6578,3.05,3.2407,3.4202,-6.2295,-11.7487,-16.3799
UL,65.06999969482422,64.42,2026-08-27,True,64.80000305175781,65.27999877929688,1.01,-9.6,BAJO,140112920576.0,21.84,16.42,7.41,31.87,8.29,20.34,18.32,4.81,15.36,1.75,0.74,7.0,YAHOO,1.932,2.3743,1.6372,0.0673,1.7374,0.5205,70.97,2026-10-28,61,2026-07-28,31.0,finnhub,1.0,1.0,1.0,0.0,0.0,1.0,1.0,1.0,1.0,1.45,4.7995,9.1439,16.2397,12.3879,28.9308,65.32,66.3122,72.7099,-0.3827,-1.8733,-10.5074
URBN,81.08999633789062,78.79,2026-08-27,True,78.98999786376953,81.95999908447266,2.92,10.87,BAJO,6944148480.0,12.69,11.78,2.66,20.94,8.11,11.62,8.79,1.46,9.26,0.43,1.58,8.0,YAHOO,1.932,2.3743,1.6372,0.0673,1.7374,0.5205,70.97,2026-11-25,89,2026-08-26,2.0,yahoo,1.0,1.0,1.0,1.0,0.0,1.0,1.0,1.0,1.0,9.2268,4.2154,14.4369,11.6173,96.5752,45.7531,82.95,82.95,82.95,-2.2423,-2.2423,-2.2423
CL,90.75,90.96,2026-08-27,True,90.49500274658203,91.62000274658203,-0.23,6.04,BAJO,72343429120.0,35.73,22.09,306.59,267.37,15.84,20.97,9.68,4.78,15.9,13.88,1.03,5.0,YAHOO,1.932,2.3743,1.6372,0.0673,1.7374,0.5205,70.97,2026-10-30,63,2026-07-31,28.0,yahoo,1.0,0.0,1.0,1.0,1.0,0.0,1.0,0.0,0.0,-0.3623,-1.3051,-0.4469,1.2651,15.6403,24.4979,93.28,94.5877,97.966,-2.7123,-4.0573,-7.3659
COST,945.469970703125,934.66,2026-08-27,True,937.1099853515625,953.72998046875,1.16,-4.83,BAJO,419295887360.0,47.49,41.72,25.36,29.15,8.67,3.67,3.01,1.66,29.94,0.6,1.07,6.0,YAHOO,1.932,2.3743,1.6372,0.0673,1.7374,0.5205,70.97,2026-09-24,27,,,yahoo,1.0,0.0,1.0,1.0,1.0,1.0,0.0,1.0,0.0,-0.2395,-1.6263,1.2297,-0.9774,22.7066,20.8324,971.4,985.1138,1092.5829,-2.6693,-4.0243,-13.4647
KMB,109.55000305175781,109.98,2026-08-27,True,109.5199966430664,111.375,-0.39,-16.19,BAJO,36434034688.0,21.65,14.63,20.82,104.91,10.2,19.0,11.79,2.58,12.15,3.49,0.91,4.0,YAHOO,1.932,2.3743,1.6372,0.0673,1.7374,0.5205,70.97,2026-11-03,67,2026-08-04,24.0,yahoo,1.0,0.0,1.0,1.0,1.0,0.0,0.0,0.0,0.0,0.2196,-0.7609,-0.2004,13.7856,2.1985,29.6917,112.37,114.74,126.0868,-2.5096,-4.5233,-13.1154
ORLY,88.5,87.83,2026-08-27,True,87.6449966430664,88.9000015258789,0.76,-20.36,BAJO,71593025536.0,28.1,24.24,-39.35,,13.67,20.15,14.27,2.19,19.28,,0.75,7.0,YAHOO,1.932,2.3743,1.6372,0.0673,1.7374,0.5205,70.97,2026-10-28,61,,,yahoo,1.0,0.0,1.0,1.0,1.0,1.0,1.0,1.0,0.0,-0.6845,-2.8007,-3.8984,1.8646,17.6452,31.5458,93.53,93.53,107.82,-5.378,-5.378,-17.9188
PM,191.88999938964844,190.48,2026-08-27,True,190.1999969482422,192.85279846191406,0.74,14.48,BAJO,299082317824.0,26.36,20.93,-34.84,,14.59,40.0,25.56,3.25,18.98,,0.98,7.0,YAHOO,1.932,2.3743,1.6372,0.0673,1.7374,0.5205,70.97,2026-10-21,54,,,yahoo,1.0,1.0,1.0,1.0,1.0,1.0,0.0,1.0,0.0,1.9444,0.7879,6.0693,9.0771,21.8234,28.931,194.1,200.17,200.17,-1.1386,-4.1365,-4.1365
ETSY,83.58999633789062,82.94,2026-08-27,True,83.12999725341797,84.97000122070312,0.78,49.7,BAJO,7672035840.0,26.45,12.13,-5.53,,10.53,18.74,7.11,2.21,20.32,,1.48,5.0,YAHOO,1.932,2.3743,1.6372,0.0673,1.7374,0.5205,70.97,2026-11-04,68,2026-08-05,23.0,yahoo,1.0,0.0,1.0,1.0,1.0,0.0,1.0,0.0,0.0,3.1593,4.6183,10.9651,23.0713,38.8849,42.7752,87.03,87.03,87.03,-3.9527,-3.9527,-3.9527
TM,194.47999572753906,192.0,2026-08-27,True,192.5500030517578,196.50999450683594,1.29,-7.37,BAJO,230299992064.0,8.82,12.32,15.72,12.4,2.34,7.86,8.63,-1563.16,6.28,1.15,1.17,3.0,YAHOO,1.932,2.3743,1.6372,0.0673,1.7374,0.5205,70.97,2026-11-05,69,2026-08-04,24.0,yahoo,1.0,0.0,1.0,1.0,0.0,0.0,0.0,0.0,0.0,-1.4543,1.7634,15.4732,2.3848,13.5058,24.9088,197.35,197.35,248.29,-1.4543,-1.4543,-21.6722
HMC,31.860000610351562,31.33,2026-08-27,True,31.729999542236328,32.119998931884766,1.69,-11.65,BAJO,41343836160.0,,,0.53,-0.76,-0.15,8.76,-0.75,647.63,7.16,1.14,1.29,3.0,YAHOO,1.932,2.3743,1.6372,0.0673,1.7374,0.5205,70.97,2026-11-05,69,2026-08-05,23.0,yahoo,0.0,0.0,1.0,1.0,0.0,0.0,1.0,0.0,0.0,-4.525,0.8866,17.5212,18.0437,27.6202,32.2735,33.37,33.37,34.85,-4.525,-4.525,-8.5796
NSANY,4.059999942779541,3.97,2026-08-27,True,4.039999961853027,4.090000152587891,2.27,-17.97,BAJO,7097656320.0,,4.72,0.23,-7.65,0.69,2.63,-3.37,-19155.38,15.32,1.72,1.54,4.0,YAHOO,1.932,2.3743,1.6372,0.0673,1.7374,0.5205,70.97,2026-11-05,69,2026-08-03,25.0,yahoo,0.0,1.0,1.0,1.0,0.0,1.0,0.0,0.0,0.0,-4.6948,-2.1687,9.1398,-18.8,37.312,41.6806,4.42,4.51,6.05,-8.1448,-9.9778,-32.8926
GM,86.2699966430664,86.18,2026-08-27,True,85.63999938964844,88.2699966430664,0.1,43.38,BAJO,78027030528.0,38.51,5.81,1.22,3.16,2.25,3.2,1.05,28.11,11.01,2.02,1.14,5.0,YAHOO,1.932,2.3743,1.6372,0.0673,1.7374,0.5205,70.97,2026-10-20,53,,,yahoo,1.0,0.0,1.0,1.0,0.0,1.0,1.0,0.0,0.0,-1.8879,-0.5762,11.9227,3.8647,13.1363,31.3442,89.35,90.3,90.3,-3.4471,-4.4629,-4.4629
ARCO,8.0,7.94,2026-08-27,True,7.929999828338623,8.055000305175781,0.76,10.28,BAJO,1685304448.0,6.5,9.35,2.03,36.36,6.91,5.56,5.16,7.65,5.88,2.64,0.88,6.0,YAHOO,1.932,2.3743,1.6372,0.0673,1.7374,0.5205,70.97,2026-11-18,82,2026-08-13,15.0,yahoo,1.0,1.0,1.0,1.0,0.0,1.0,1.0,0.0,0.0,0.5025,1.1378,-0.7444,-7.2869,17.0369,24.7982,8.47,8.7577,9.4222,-5.549,-8.6519,-15.0943
HD,330.19000244140625,328.61,2026-08-27,True,327.5,331.6099853515625,0.48,-22.28,BAJO,329427124224.0,23.11,20.59,19.83,104.3,12.14,12.86,8.41,3.27,15.78,3.8,1.08,4.0,YAHOO,1.932,2.3743,1.6372,0.0673,1.7374,0.5205,70.97,2026-11-17,81,2026-08-18,10.0,yahoo,1.0,0.0,1.0,1.0,1.0,0.0,0.0,0.0,0.0,-1.615,-2.5586,-6.3769,4.8958,16.8361,28.5193,355.62,357.9,414.7938,-7.1509,-7.7424,-20.3966
DIS,108.0999984741211,106.82,2026-08-27,True,107.02999877929688,108.19499969482422,1.2,-12.25,BAJO,186654851072.0,22.29,14.52,1.7,8.01,4.81,19.3,8.7,2.6,11.07,0.39,0.71,8.0,YAHOO,1.932,2.3743,1.6372,0.0673,1.7374,0.5205,70.97,2026-11-12,76,2026-08-05,23.0,yahoo,1.0,1.0,1.0,1.0,1.0,0.0,1.0,1.0,1.0,0.2969,1.1699,12.3117,6.9707,27.805,27.41,111.25,111.25,117.1437,-2.8315,-2.8315,-7.7202
JNJ,268.0400085449219,265.77,2026-08-27,True,264.2699890136719,268.3800048828125,0.85,50.75,BAJO,645949227008.0,31.13,21.78,7.6,25.74,8.6,29.19,21.48,2.61,19.18,0.58,1.09,3.0,YAHOO,1.932,2.3743,1.6372,0.0673,1.7374,0.5205,70.97,2026-10-13,46,,,yahoo,1.0,1.0,1.0,0.0,0.0,0.0,0.0,0.0,0.0,-0.3249,3.4615,6.0605,19.5411,19.0997,25.6318,273.14,273.14,273.14,-1.8672,-1.8672,-1.8672
LLY,1174.6099853515625,1176.1,2026-08-27,True,1162.9300537109375,1179.8138427734375,-0.13,56.02,BAJO,1047448322048.0,39.47,24.87,30.91,102.29,20.36,54.22,33.53,1.06,26.24,1.62,1.35,7.0,YAHOO,1.932,2.3743,1.6372,0.0673,1.7374,0.5205,70.97,2026-10-29,62,2026-08-05,23.0,yahoo,1.0,1.0,1.0,0.0,0.0,1.0,1.0,1.0,1.0,-6.4354,-0.4703,-1.929,6.4519,23.4983,34.0931,1280.34,1280.34,1280.34,-8.258,-8.258,-8.258
NVO,45.61000061035156,46.26,2026-08-27,True,45.404998779296875,46.209999084472656,-1.41,-20.12,BAJO,201643180032.0,11.12,13.3,5.84,59.81,18.73,42.54,35.35,18.68,1.73,0.63,0.87,4.0,YAHOO,1.932,2.3743,1.6372,0.0673,1.7374,0.5205,70.97,2026-11-04,68,2026-08-04,24.0,yahoo,1.0,0.0,1.0,1.0,0.0,1.0,0.0,0.0,0.0,-2.4176,0.6599,-3.6445,1.3445,47.5619,38.1815,48.66,50.9588,60.9379,-6.268,-10.4964,-25.1533
AMGN,432.4200134277344,436.99,2026-08-27,True,430.7200012207031,437.8900146484375,-1.05,50.13,BAJO,233780101120.0,26.89,17.72,20.0,91.47,8.67,35.55,22.95,3.7,16.19,4.9,1.37,7.0,YAHOO,1.932,2.3743,1.6372,0.0673,1.7374,0.5205,70.97,2026-11-03,67,2026-08-04,24.0,yahoo,1.0,1.0,1.0,1.0,1.0,0.0,0.0,1.0,1.0,-1.5728,4.7535,20.1113,29.1449,5.0308,27.1363,443.84,443.84,443.84,-2.573,-2.573,-2.573
UNH,392.95001220703125,395.05,2026-08-27,True,392.81500244140625,396.739990234375,-0.53,28.0,BAJO,352709902336.0,25.25,17.51,3.61,14.15,4.87,7.13,3.14,6.88,15.14,0.69,0.78,6.0,YAHOO,1.932,2.3743,1.6372,0.0673,1.7374,0.5205,70.97,2026-10-27,60,,,yahoo,1.0,0.0,1.0,1.0,1.0,0.0,1.0,0.0,1.0,0.728,-2.1855,-5.4568,3.9137,17.161,23.7663,415.36,436.35,436.35,-5.3953,-9.9461,-9.9461
PFE,27.959999084472656,28.02,2026-08-27,True,27.770000457763672,28.020000457763672,-0.21,16.16,BAJO,159362875392.0,36.79,9.66,1.87,5.01,5.78,27.88,6.8,7.83,8.34,0.74,1.27,5.0,YAHOO,1.932,2.3743,1.6372,0.0673,1.7374,0.5205,70.97,2026-11-03,67,2026-08-04,24.0,yahoo,1.0,0.0,1.0,1.0,0.0,0.0,0.0,1.0,1.0,-0.3919,4.3673,18.1442,8.6674,23.4018,22.3826,28.57,28.57,28.57,-2.1351,-2.1351,-2.1351
ABT,112.47000122070312,111.59,2026-08-27,True,111.11000061035156,112.73999786376953,0.79,-17.88,BAJO,194616213504.0,36.4,18.54,3.81,10.58,5.33,14.71,11.65,3.7,18.91,0.63,1.38,5.0,YAHOO,1.932,2.3743,1.6372,0.0673,1.7374,0.5205,70.97,2026-10-14,47,,,yahoo,1.0,0.0,1.0,1.0,1.0,0.0,0.0,1.0,0.0,-3.5751,1.0966,24.8316,32.3273,21.3984,32.7217,116.67,116.67,133.5335,-3.5999,-3.5999,-15.774
CVS,93.05999755859375,92.92,2026-08-27,True,93.0199966430664,93.93000030517578,0.15,27.63,BAJO,119020978176.0,24.55,10.94,1.49,6.21,2.97,3.86,1.18,6.79,10.88,0.96,0.87,6.0,YAHOO,1.932,2.3743,1.6372,0.0673,1.7374,0.5205,70.97,2026-10-28,61,2026-08-05,23.0,yahoo,1.0,0.0,1.0,1.0,1.0,1.0,0.0,0.0,1.0,0.043,-4.2198,-9.4866,2.9195,22.2958,25.9342,105.37,109.9195,109.9195,-11.6826,-15.338,-15.338
ABBV,255.47999572753906,258.15,2026-08-27,True,255.07969665527344,259.0,-1.03,21.22,BAJO,451463118848.0,72.17,15.69,-76.06,,10.51,40.03,9.8,3.74,16.92,,0.81,7.0,YAHOO,1.932,2.3743,1.6372,0.0673,1.7374,0.5205,70.97,2026-10-29,62,2026-07-31,28.0,yahoo,1.0,0.0,1.0,1.0,1.0,1.0,0.0,1.0,1.0,-3.5779,2.4132,2.2486,18.1786,15.2658,29.3242,265.97,265.97,265.97,-3.9441,-3.9441,-3.9441
TMO,622.1799926757812,630.7,2026-08-27,True,617.4500122070312,630.0,-1.35,22.04,BAJO,230049366016.0,33.43,22.62,4.37,13.51,5.13,18.75,15.04,2.71,23.16,0.81,1.55,5.0,YAHOO,1.932,2.3743,1.6372,0.0673,1.7374,0.5205,70.97,2026-10-21,54,,,yahoo,1.0,0.0,1.0,1.0,0.0,1.0,1.0,0.0,0.0,-1.1267,5.7608,24.0985,26.455,14.7077,31.9937,633.71,633.71,638.1788,-1.8194,-1.8194,-2.5069
AZN,162.6999969482422,164.52,2026-08-27,True,161.17999267578125,163.5399932861328,-1.11,-2.71,BAJO,252329132032.0,24.36,14.32,5.02,21.96,8.02,23.46,17.02,1.94,14.2,0.64,0.89,7.0,YAHOO,1.932,2.3743,1.6372,0.0673,1.7374,0.5205,70.97,2026-10-30,63,,,yahoo,1.0,1.0,1.0,1.0,1.0,1.0,0.0,1.0,0.0,-1.9761,3.9949,-14.1968,-12.3714,25.9722,34.93,169.66,195.15,208.62,-4.1023,-16.6282,-22.0113
CAH,234.5500030517578,235.13,2026-08-27,True,233.72000122070312,236.44500732421875,-0.25,53.04,BAJO,54550638592.0,32.49,16.66,-18.96,,3.72,1.33,0.67,8.71,14.13,,0.88,6.0,YAHOO,1.932,2.3743,1.6372,0.0673,1.7374,0.5205,70.97,2026-11-05,69,2026-08-11,17.0,yahoo,1.0,1.0,1.0,1.0,0.0,0.0,1.0,1.0,0.0,2.196,-0.2636,-1.0521,19.4414,25.0184,23.6751,240.26,240.26,240.26,-2.3766,-2.3766,-2.3766
ISRG,372.6000061035156,367.07,2026-08-27,True,366.7349853515625,373.3949890136719,1.51,-26.83,BAJO,133494398976.0,42.63,30.87,7.26,17.42,10.51,33.6,28.45,1.96,29.8,,4.96,7.0,YAHOO,1.932,2.3743,1.6372,0.0673,1.7374,0.5205,70.97,2026-10-20,53,,,yahoo,1.0,1.0,1.0,1.0,0.0,1.0,1.0,0.0,1.0,-1.6393,-5.5537,-6.3066,-12.2551,16.9817,48.0004,401.27,432.83,592.85,-7.1448,-13.9154,-37.151
MRNA,137.99000549316406,142.77,2026-08-27,True,133.3300018310547,138.8000030517578,-3.35,458.45,BAJO,55090565120.0,,-29.75,8.14,-39.0,-13.26,-557.93,-141.43,0.54,-24.21,0.19,2.29,3.0,YAHOO,1.932,2.3743,1.6372,0.0673,1.7374,0.5205,70.97,2026-11-05,69,2026-07-31,28.0,yahoo,0.0,1.0,0.0,1.0,0.0,0.0,0.0,1.0,0.0,-4.9197,117.9248,97.0441,192.4137,151.0866,378.207,174.38,174.38,174.38,-20.8682,-20.8682,-20.8682
NVS,153.80999755859375,154.65,2026-08-27,True,152.77000427246094,154.56500244140625,-0.54,19.85,BAJO,292348952576.0,23.23,15.68,7.04,30.35,10.25,34.62,22.5,4.07,14.54,1.17,0.86,8.0,YAHOO,1.932,2.3743,1.6372,0.0673,1.7374,0.5205,70.97,2026-10-27,60,,,yahoo,1.0,1.0,1.0,1.0,0.0,1.0,1.0,1.0,1.0,-3.1789,1.9419,-1.8568,2.4239,21.9825,25.6533,160.31,160.31,163.6393,-4.0546,-4.0546,-6.0067
PHG,26.719999313354492,26.92,2026-08-27,True,26.65999984741211,26.940000534057617,-0.74,-4.81,BAJO,26116861952.0,20.09,14.04,1.96,10.15,4.07,13.99,6.31,5.85,13.25,0.65,1.26,7.0,YAHOO,1.932,2.3743,1.6372,0.0673,1.7374,0.5205,70.97,2026-11-03,67,,,yahoo,1.0,1.0,1.0,1.0,0.0,1.0,0.0,1.0,1.0,-2.5529,-2.0887,-1.7286,1.2505,9.8201,25.3003,27.62,28.23,31.6757,-3.2585,-5.3489,-15.6452
MRK,148.35000610351562,149.54,2026-08-27,True,145.75,149.00779724121094,-0.8,78.78,BAJO,366004928512.0,117.74,15.55,8.73,6.96,11.87,-0.24,4.77,4.15,14.4,1.28,1.32,4.0,YAHOO,1.932,2.3743,1.6372,0.0673,1.7374,0.5205,70.97,2026-10-29,62,2026-08-04,24.0,yahoo,1.0,0.0,1.0,0.0,0.0,1.0,1.0,0.0,0.0,-2.7532,9.2094,15.4475,25.8565,45.7257,37.7136,156.45,156.45,156.45,-5.1774,-5.1774,-5.1774
GILD,145.67999267578125,148.86,2026-08-27,True,144.88999938964844,149.47000122070312,-2.14,27.33,BAJO,180636663808.0,,14.73,15.28,-20.68,14.09,33.68,-10.64,5.41,14.1,2.23,1.26,8.0,YAHOO,1.932,2.3743,1.6372,0.0673,1.7374,0.5205,70.97,2026-10-29,62,2026-08-04,24.0,yahoo,1.0,1.0,1.0,1.0,1.0,0.0,1.0,1.0,1.0,-0.3011,5.2905,15.3079,9.0809,23.9657,30.4244,148.86,148.86,153.9087,-2.1362,-2.1362,-5.3465
BMY,66.58000183105469,66.95,2026-08-27,True,66.19000244140625,66.83999633789062,-0.55,43.37,BAJO,136003944448.0,14.67,10.15,6.09,46.6,10.72,34.42,18.87,5.97,9.02,2.02,1.53,8.0,YAHOO,1.932,2.3743,1.6372,0.0673,1.7374,0.5205,70.97,2026-10-29,62,2026-07-30,29.0,yahoo,1.0,1.0,1.0,1.0,1.0,1.0,0.0,1.0,1.0,-0.6417,4.3083,16.8545,17.7537,13.1236,29.3118,67.92,67.92,67.92,-1.9729,-1.9729,-1.9729
HIMS,28.84000015258789,31.66,2026-08-27,True,28.520000457763672,31.399999618530273,-8.91,-40.1,BAJO,6728758784.0,,25.88,20.76,-32.03,-2.21,-12.75,-5.51,12.62,-795.12,4.77,0.93,4.0,YAHOO,1.932,2.3743,1.6372,0.0673,1.7374,0.5205,70.97,2026-11-09,73,2026-08-10,18.0,yahoo,1.0,0.0,1.0,1.0,0.0,1.0,0.0,0.0,0.0,-14.624,2.4512,-16.8157,10.2868,111.1544,96.124,33.78,38.28,62.76,-14.624,-24.6604,-54.0472
CAT,800.25,817.0,2026-08-27,True,799.166015625,821.22998046875,-2.05,80.19,BAJO,367854813184.0,34.49,24.75,18.97,56.97,9.03,22.18,14.51,1.37,25.52,2.33,1.37,6.0,YAHOO,1.932,2.3743,1.6372,0.0673,1.7374,0.5205,70.97,2026-10-29,62,2026-08-04,24.0,yahoo,1.0,0.0,1.0,1.0,1.0,1.0,1.0,0.0,0.0,-3.3398,-6.5751,-24.7127,-8.4642,22.1832,46.6178,881.65,1062.9282,1062.9282,-9.2327,-24.7127,-24.7127
GE,342.5799865722656,342.73,2026-08-27,True,341.2699890136719,345.6299133300781,-0.04,19.29,BAJO,355448160256.0,40.45,37.75,20.15,48.23,5.07,20.57,17.72,1.86,31.88,1.13,0.98,6.0,YAHOO,1.932,2.3743,1.6372,0.0673,1.7374,0.5205,70.97,2026-10-20,53,,,yahoo,1.0,1.0,1.0,0.0,0.0,0.0,1.0,1.0,1.0,-1.662,-7.0036,-8.2206,5.9448,38.6708,31.637,381.22,381.22,381.22,-10.1359,-10.1359,-10.1359
LMT,563.8499755859375,565.89,2026-08-27,True,560.719970703125,567.6699829101562,-0.36,21.47,BAJO,130131361792.0,20.8,17.23,14.79,89.17,8.64,11.96,8.16,4.27,15.22,2.34,1.19,6.0,YAHOO,1.932,2.3743,1.6372,0.0673,1.7374,0.5205,70.97,2026-10-20,53,,,yahoo,1.0,0.0,1.0,1.0,1.0,0.0,1.0,1.0,0.0,0.0497,-7.3651,10.676,6.9924,19.7216,36.2395,608.68,608.68,672.2988,-7.3651,-7.3651,-16.131
RTX,211.7100067138672,212.08,2026-08-27,True,210.6999969482422,213.5,-0.17,28.26,BAJO,285333880832.0,37.27,26.95,4.3,12.27,4.21,12.7,8.28,3.46,20.02,0.57,1.01,8.0,YAHOO,1.932,2.3743,1.6372,0.0673,1.7374,0.5205,70.97,2026-10-20,53,,,yahoo,1.0,1.0,1.0,1.0,1.0,1.0,0.0,1.0,1.0,0.8575,-5.05,11.9556,18.2307,7.0844,28.7908,225.49,225.49,225.49,-6.1111,-6.1111,-6.1111
UAL,110.5999984741211,112.39,2026-08-27,True,110.20999908447266,113.9800033569336,-1.59,-0.22,BAJO,35897409536.0,10.36,7.26,2.15,23.25,3.38,5.53,5.56,2.54,7.55,2.02,0.78,7.0,YAHOO,1.932,2.3743,1.6372,0.0673,1.7374,0.5205,70.97,2026-10-21,54,,,yahoo,1.0,1.0,1.0,1.0,1.0,0.0,1.0,0.0,1.0,-2.2709,-11.76,-18.6705,-3.6585,42.7019,46.2827,132.76,136.11,136.11,-16.6918,-18.7422,-18.7422
F,13.880000114440918,13.95,2026-08-27,True,13.800000190734863,14.260000228881836,-0.5,18.59,BAJO,55347830784.0,,7.25,1.55,-18.25,0.35,1.88,-3.94,-14.35,25.75,4.57,1.09,2.0,YAHOO,1.932,2.3743,1.6372,0.0673,1.7374,0.5205,70.97,2026-10-22,55,,,yahoo,0.0,0.0,1.0,1.0,0.0,0.0,0.0,0.0,0.0,-3.678,-3.4099,0.9376,-19.5509,6.4705,30.577,14.5,15.1756,17.2531,-4.2759,-8.5376,-19.5509
AAL,13.640000343322754,13.72,2026-08-27,True,13.609999656677246,13.925000190734863,-0.58,-2.53,BAJO,9029269504.0,,5.89,-2.27,,1.12,2.81,-0.56,5.75,10.81,,0.53,4.0,YAHOO,1.932,2.3743,1.6372,0.0673,1.7374,0.5205,70.97,2026-10-22,55,,,yahoo,1.0,0.0,1.0,1.0,0.0,0.0,0.0,0.0,1.0,-1.3025,-8.0243,-24.5158,-6.8306,24.6312,51.7115,16.58,18.15,18.15,-17.7322,-24.8485,-24.8485
UNP,307.4100036621094,307.67,2026-08-27,True,306.67010498046875,308.9898986816406,-0.08,35.93,BAJO,182624763904.0,24.91,21.72,9.4,39.7,9.27,40.98,28.85,2.58,16.44,1.51,0.99,8.0,YAHOO,1.932,2.3743,1.6372,0.0673,1.7374,0.5205,70.97,2026-10-22,55,,,yahoo,1.0,1.0,1.0,1.0,1.0,1.0,1.0,1.0,0.0,-0.2078,4.6752,13.0184,17.0461,8.5579,22.928,310.62,310.62,310.62,-1.0334,-1.0334,-1.0334
FDX,330.8800048828125,331.41,2026-08-27,True,328.8299865722656,333.989990234375,-0.16,75.54,BAJO,78309515264.0,17.83,15.88,2.51,14.85,5.01,11.13,4.68,7.22,9.1,1.36,1.48,5.0,YAHOO,1.932,2.3743,1.6372,0.0673,1.7374,0.5205,70.97,2026-10-28,61,,,yahoo,1.0,0.0,1.0,1.0,0.0,1.0,0.0,1.0,0.0,1.7842,-1.1236,5.6686,0.1004,13.405,29.0124,339.35,339.35,339.35,-2.4959,-2.4959,-2.4959
PCAR,125.33999633789062,126.54,2026-08-27,True,124.51000213623047,127.7699966430664,-0.95,22.09,BAJO,65974583296.0,26.39,17.56,3.25,12.76,4.12,12.02,9.0,2.95,22.24,0.73,5.52,4.0,YAHOO,1.932,2.3743,1.6372,0.0673,1.7374,0.5205,70.97,2026-10-27,60,,,yahoo,1.0,0.0,1.0,1.0,0.0,1.0,0.0,0.0,0.0,-4.3425,-4.167,4.6219,13.8642,14.0257,29.6019,135.601,137.845,137.845,-7.567,-9.0718,-9.0718
MMM,174.33999633789062,178.83,2026-08-27,True,173.57009887695312,179.8350067138672,-2.51,7.22,BAJO,89911050240.0,30.97,17.83,30.46,81.89,8.74,20.35,11.9,7.06,15.43,4.38,1.24,5.0,YAHOO,1.932,2.3743,1.6372,0.0673,1.7374,0.5205,70.97,2026-10-20,53,,,yahoo,1.0,0.0,1.0,0.0,0.0,1.0,1.0,0.0,1.0,-2.1551,-4.1318,8.1485,14.3494,20.8782,25.1299,182.979,182.979,182.979,-4.7213,-4.7213,-4.7213
PAC,207.55999755859375,214.85,2026-08-27,True,206.55999755859375,215.2550048828125,-3.39,-21.13,BAJO,12350197760.0,19.06,16.39,582.59,28.03,10.47,44.16,30.83,55.85,84.5,1.18,0.74,7.0,YAHOO,1.932,2.3743,1.6372,0.0673,1.7374,0.5205,70.97,2026-10-19,52,,,yahoo,1.0,1.0,1.0,1.0,0.0,1.0,1.0,0.0,1.0,-2.1774,0.2802,-18.0123,-12.1625,42.6099,31.3838,222.7,254.56,300.41,-6.7984,-18.4632,-30.9078
GT,6.349999904632568,6.15,2026-08-27,True,6.079999923706055,6.369999885559082,3.25,-30.94,BAJO,1828157056.0,,11.26,0.64,-61.53,0.51,-0.96,-14.37,27.19,9.46,2.74,1.09,5.0,YAHOO,1.932,2.3743,1.6372,0.0673,1.7374,0.5205,70.97,2026-11-03,67,2026-08-05,23.0,yahoo,0.0,0.0,1.0,1.0,1.0,1.0,0.0,0.0,1.0,6.3652,3.928,-3.7879,4.0984,38.135,49.0729,7.19,7.45,10.54,-11.6829,-14.7651,-39.7533
BA,209.82000732421875,209.89,2026-08-27,True,207.5500030517578,210.6096954345703,-0.03,-16.62,BAJO,165835456512.0,75.75,50.92,27.19,173.54,-1.98,0.0,2.59,3.39,-67.23,7.91,1.14,6.0,YAHOO,1.932,2.3743,1.6372,0.0673,1.7374,0.5205,70.97,2026-10-28,61,,,yahoo,1.0,1.0,1.0,0.0,1.0,0.0,0.0,1.0,1.0,-2.0448,-9.4315,-3.072,-9.2278,10.7302,35.9636,240.19,240.19,252.15,-12.6442,-12.6442,-16.7876
HON,217.42999267578125,220.39,2026-08-27,True,215.08999633789062,221.4499969482422,-1.34,-4.15,BAJO,68912259072.0,8.36,21.74,3.72,46.58,5.72,20.25,21.58,3.79,11.27,1.85,1.21,5.0,YAHOO,1.932,2.3743,1.6372,0.0673,1.7374,0.5205,70.97,2026-10-22,55,,,yahoo,1.0,0.0,1.0,1.0,0.0,0.0,1.0,0.0,1.0,0.7087,-7.0653,-2.5983,-12.5782,24.1633,35.9323,248.0457,248.0457,257.9406,-12.3428,-12.3428,-15.7054
MOS,23.600000381469727,23.76,2026-08-27,True,23.325000762939453,24.290000915527344,-0.67,-33.52,BAJO,7502337536.0,,14.7,0.65,-5.07,1.24,-0.12,-5.21,-9.95,7.86,0.52,1.34,7.0,YAHOO,1.932,2.3743,1.6372,0.0673,1.7374,0.5205,70.97,2026-11-03,67,2026-08-04,24.0,yahoo,1.0,1.0,1.0,1.0,0.0,1.0,0.0,1.0,1.0,-3.3183,9.2087,11.3733,-1.2552,18.2821,47.7132,24.41,24.41,34.9505,-3.3183,-3.3183,-32.4759
BG,115.4800033569336,111.57,2026-08-27,True,111.80999755859375,115.87999725341797,3.5,34.48,BAJO,22185916416.0,24.89,10.18,1.39,7.18,3.47,4.62,1.1,-29.19,12.53,0.98,1.57,3.0,YAHOO,1.932,2.3743,1.6372,0.0673,1.7374,0.5205,70.97,2026-11-04,68,,,yahoo,1.0,0.0,1.0,1.0,0.0,0.0,0.0,0.0,0.0,2.0953,2.2149,8.8805,-5.7517,32.5156,34.4943,116.57,128.6091,130.5866,-0.9351,-10.2085,-11.5683
RKLB,64.38999938964844,67.53,2026-08-27,True,63.494998931884766,66.7499008178711,-4.65,28.93,BAJO,41171673088.0,,1287.8,11.03,-7.92,-4.62,-24.57,-21.51,-0.61,-254.04,0.04,5.48,5.0,YAHOO,1.932,2.3743,1.6372,0.0673,1.7374,0.5205,70.97,2026-11-09,73,2026-08-10,18.0,yahoo,0.0,1.0,0.0,1.0,1.0,1.0,0.0,1.0,0.0,-11.2719,-19.7632,-36.6552,-55.1227,43.8151,89.3966,82.83,119.95,150.23,-22.2625,-46.3193,-57.1391
ONDS,7.900000095367432,8.75,2026-08-27,True,7.870100021362305,8.70989990234375,-9.71,33.13,BAJO,4507363328.0,,-395.0,2.67,19.32,-8.37,-166.3,96.25,-1.53,-18.57,0.03,9.85,5.0,YAHOO,1.932,2.3743,1.6372,0.0673,1.7374,0.5205,70.97,2026-11-12,76,2026-08-13,15.0,yahoo,0.0,1.0,0.0,1.0,1.0,1.0,0.0,1.0,0.0,-9.2997,-14.5022,-4.1262,-40.2421,105.6659,86.7445,9.77,11.97,14.01,-19.1402,-34.0017,-43.6117
SMSN.IL,4702.0,4702.0,2026-08-26,False,4692.0,4866.0,-0.47,274.88,BAJO,,49.34,75.86,0.0,10.64,2.3,6.08,13.13,,-1.44,0.03,2.88,6.0,YAHOO,1.932,2.3743,1.6372,0.0673,1.7374,0.5205,70.97,2026-10-28,61,,,yahoo,1.0,1.0,1.0,1.0,0.0,0.0,0.0,1.0,1.0,-2.4886,-3.2908,-12.7644,-18.0836,71.9646,84.4161,5075.0,6010.0,6010.0,-7.3498,-21.7637,-21.7637
ADS.DE,153.10000610351562,153.1,2026-08-26,False,149.89999389648438,153.5,1.59,-12.99,BAJO,26994696192.0,19.79,13.22,4.53,24.32,6.7,8.51,5.3,3.53,11.87,0.94,1.39,6.0,YAHOO,1.932,2.3743,1.6372,0.0673,1.7374,0.5205,70.97,2026-10-29,62,,,yahoo,1.0,1.0,1.0,0.0,0.0,1.0,0.0,1.0,1.0,1.3907,-3.8618,-14.66,-7.2121,24.4065,36.9721,167.35,187.9,191.3097,-8.5151,-18.5205,-19.9727
BAYN.DE,48.47999954223633,48.48,2026-08-26,False,48.279998779296875,49.04999923706055,-1.28,65.63,BAJO,47814578176.0,,10.14,1.62,-5.69,3.18,9.19,-3.83,13.73,8.02,1.29,1.04,6.0,YAHOO,1.932,2.3743,1.6372,0.0673,1.7374,0.5205,70.97,2026-11-03,67,,,yahoo,0.0,0.0,1.0,1.0,1.0,0.0,1.0,1.0,1.0,-0.2674,0.8739,0.1446,38.0017,20.3832,50.3151,49.81,53.36,53.36,-2.6702,-9.1454,-9.1454
RIOT,18.989999771118164,20.88,2026-08-27,True,18.7549991607666,20.610000610351562,-9.05,32.14,BAJO,7126167040.0,,-20.31,3.27,-48.24,-21.2,-122.33,-196.28,-10.09,-9.17,0.4,1.58,2.0,YAHOO,1.932,2.3743,1.6372,0.0673,1.7374,0.5205,70.97,2026-10-29,62,2026-08-10,18.0,yahoo,0.0,0.0,0.0,0.0,0.0,0.0,0.0,1.0,1.0,-4.236,-0.1315,-30.6428,-29.952,105.0494,94.6841,21.56,28.69,28.69,-11.9202,-33.8097,-33.8097
OKLO,40.13999938964844,42.53,2026-08-27,True,39.5099983215332,42.66999816894531,-5.62,-53.93,BAJO,7466748416.0,,-39.97,2.27,-7.7,-6.65,-6048.76,0.0,-3.21,-25.14,0.0,48.46,4.0,YAHOO,1.932,2.3743,1.6372,0.0673,1.7374,0.5205,70.97,2026-11-10,74,2026-08-07,21.0,yahoo,0.0,1.0,0.0,1.0,1.0,1.0,0.0,0.0,0.0,-4.6329,-9.5539,-23.2945,-39.9821,131.2195,85.5775,48.42,65.39,174.14,-17.1004,-38.6145,-76.9496
SATL,4.849999904632568,5.31,2026-08-27,True,4.824999809265137,5.251999855041504,-8.66,28.51,BAJO,745638528.0,,-161.67,10.87,,-9.86,1.67,0.0,-2.53,-51.38,2.85,2.34,4.0,YAHOO,1.932,2.3743,1.6372,0.0673,1.7374,0.5205,70.97,2026-11-12,76,2026-08-05,23.0,yahoo,0.0,1.0,0.0,0.0,1.0,1.0,0.0,1.0,0.0,-15.2098,-16.3793,-15.2098,-49.0011,87.5675,112.232,5.98,8.14,10.74,-18.8963,-40.4177,-54.8417
JMIA,6.940000057220459,7.07,2026-08-27,True,6.875,7.150000095367432,-1.84,-29.46,BAJO,864501056.0,,-20.41,991.43,-216.21,-25.23,-23.8,-27.54,-3.21,-15.72,37.95,0.88,3.0,YAHOO,1.932,2.3743,1.6372,0.0673,1.7374,0.5205,70.97,2026-11-11,75,2026-08-12,16.0,yahoo,0.0,1.0,0.0,1.0,0.0,0.0,0.0,0.0,1.0,2.9674,11.3965,-1.5603,-4.4077,53.8925,60.3821,7.07,7.4,14.6,-1.8388,-6.2162,-52.4658
LAR,6.869999885559082,6.91,2026-08-27,True,6.758999824523926,7.269999980926514,-0.58,94.82,BAJO,1127367040.0,,20.07,1.43,-6.58,-2.05,0.0,0.0,-1.45,-35.95,0.3,0.47,1.0,YAHOO,1.932,2.3743,1.6372,0.0673,1.7374,0.5205,70.97,2026-11-09,73,2026-08-11,17.0,yahoo,0.0,0.0,0.0,1.0,0.0,0.0,0.0,0.0,0.0,0.5857,0.7331,-16.9287,-33.9423,25.4372,72.5872,7.1,9.81,11.79,-3.2394,-29.9694,-41.7303
NG,8.75,9.12,2026-08-27,True,8.640000343322754,9.300000190734863,-4.06,29.98,BAJO,3839330304.0,,-36.99,9.11,-24.63,-4.36,0.0,0.0,-0.62,-117.6,0.41,112.82,4.0,YAHOO,1.932,2.3743,1.6372,0.0673,1.7374,0.5205,70.97,2026-09-30,33,,,yahoo,0.0,1.0,0.0,1.0,1.0,1.0,0.0,0.0,0.0,0.344,10.2015,46.5662,2.1004,66.3959,82.0783,9.77,9.77,14.2,-10.4401,-10.4401,-38.3803
PBI,17.209999084472656,17.27,2026-08-27,True,17.079999923706055,17.420000076293945,-0.35,41.83,BAJO,2359322368.0,13.99,9.45,-2.73,,8.41,21.68,10.04,9.91,8.09,,0.73,7.0,YAHOO,1.932,2.3743,1.6372,0.0673,1.7374,0.5205,70.97,2026-11-05,69,,,yahoo,1.0,1.0,1.0,1.0,0.0,0.0,1.0,1.0,1.0,4.4296,4.8112,-1.2023,7.5116,28.2434,28.347,18.2844,18.4037,18.4037,-5.8762,-6.4864,-6.4864
AXIA,9.529999732971191,9.53,2026-08-14,False,9.267999649047852,9.600000381469727,-0.31,-8.12,BAJO,23290886144.0,10.02,10.99,1.22,10.01,3.05,43.79,27.05,16.97,4.39,0.63,2.05,6.0,YAHOO,1.932,2.3743,1.6372,0.0673,1.7374,0.5205,70.97,2026-11-04,68,2026-08-05,23.0,yahoo,1.0,0.0,1.0,1.0,0.0,0.0,1.0,1.0,1.0,-2.6558,,,,59.054,,,,,,,
TEM,64.04000091552734,70.69,2026-08-27,True,63.77000045776367,70.89990234375,-9.41,-18.53,BAJO,11555041280.0,,-4213.16,25.92,-67.44,-8.55,-20.11,-17.77,-0.81,-69.21,3.25,3.3,4.0,YAHOO,1.932,2.3743,1.6372,0.0673,1.7374,0.5205,70.97,2026-11-03,67,2026-07-30,29.0,yahoo,0.0,1.0,0.0,1.0,0.0,1.0,0.0,1.0,0.0,-11.8999,22.9175,10.5472,26.8873,97.0914,94.3637,72.69,72.69,103.25,-11.8999,-11.8999,-37.9758
MRSH,192.63999938964844,190.0,2026-08-27,True,190.74000549316406,194.6199951171875,1.39,-10.24,BAJO,91929976832.0,23.52,16.88,6.06,25.9,7.24,26.32,14.24,5.21,14.38,1.45,1.14,6.0,YAHOO,1.932,2.3743,1.6372,0.0673,1.7374,0.5205,70.97,2026-10-15,48,,,yahoo,1.0,0.0,1.0,1.0,1.0,0.0,1.0,0.0,1.0,0.3281,2.5663,16.2356,21.1038,20.3824,28.1926,194.67,197.59,203.7672,-1.0428,-2.5052,-5.4607
CEPU,13.380000114440918,13.53,2026-08-27,True,13.100000381469727,13.621700286865234,-1.11,18.42,BAJO,2006815872.0,6.19,7.97,1.03,19.03,7.21,24.84,28.78,-2090.44,1.24,0.33,1.28,7.0,YAHOO,1.932,2.3743,1.6372,0.0673,1.7374,0.5205,70.97,2026-11-11,75,2026-08-11,17.0,yahoo,1.0,1.0,1.0,1.0,0.0,1.0,1.0,0.0,1.0,3.0817,1.9817,-9.9596,-15.0476,24.456,39.4116,14.95,15.96,17.95,-10.5017,-16.1654,-25.4596
BMA,76.05000305175781,76.87,2026-08-27,True,75.16000366210938,77.92500305175781,-1.07,27.37,BAJO,4862563328.0,19.2,6.75,1.17,5.36,1.31,26.07,8.39,,,,,5.0,YAHOO,1.932,2.3743,1.6372,0.0673,1.7374,0.5205,70.97,2026-11-25,89,2026-08-19,9.0,yahoo,,,,,,,,,,4.4069,-2.01,-17.3784,-15.2405,21.5817,52.8122,92.76,101.0828,101.1279,-18.0142,-24.7647,-24.7982
SUPV,8.3100004196167,8.4,2026-08-27,True,8.15999984741211,8.40999984741211,-1.07,-1.07,BAJO,785363264.0,,6.77,0.93,-8.01,-1.15,3.31,-11.23,,,,,2.0,YAHOO,1.932,2.3743,1.6372,0.0673,1.7374,0.5205,70.97,2026-11-17,81,2026-08-10,18.0,yahoo,0.0,0.0,1.0,1.0,0.0,0.0,0.0,0.0,0.0,5.1899,3.2298,-13.9751,-14.6817,47.8665,63.6565,9.35,11.38,12.86,-11.123,-26.9771,-35.381
PAMP,5175.0,5215.0,2026-08-27,True,5150.0,5265.0,-0.77,35.35,BAJO,,,,,,,,,,,,,,YAHOO,1.932,2.3743,1.6372,0.0673,1.7374,0.5205,70.97,,999,,,none,,,,,,,,,,2.3739,3.7074,2.6786,-0.1929,21.8187,25.6507,5500.0,5630.0,5630.0,-5.9091,-8.0817,-8.0817
EDN,23.389999389648438,23.65,2026-08-27,True,22.857500076293945,24.169099807739258,-1.1,-0.86,BAJO,,6.98,17.18,0.56,9.59,3.09,5.14,7.2,,0.83,0.62,1.46,6.0,YAHOO,1.932,2.3743,1.6372,0.0673,1.7374,0.5205,70.97,2026-11-06,70,2026-08-07,21.0,yahoo,1.0,0.0,1.0,0.0,0.0,1.0,1.0,1.0,1.0,4.8879,1.0804,-6.2901,-15.3763,15.482,50.6433,26.39,28.74,35.71,-11.3679,-18.6152,-34.5001
TGS,28.149999618530273,28.55,2026-08-27,True,27.90999984741211,28.625,-1.4,-3.07,BAJO,4238044672.0,12.35,10.75,1.81,15.98,9.91,40.71,28.02,8476.73,-0.48,0.43,3.67,6.0,YAHOO,1.932,2.3743,1.6372,0.0673,1.7374,0.5205,70.97,2026-11-03,67,2026-08-05,23.0,yahoo,1.0,0.0,1.0,1.0,0.0,1.0,1.0,1.0,0.0,0.1779,0.1779,-5.3145,-9.4273,13.912,38.8946,31.1,33.36,35.32,-9.4855,-15.6175,-20.3001
TEO,13.0600004196167,13.03,2026-08-27,True,12.975000381469727,13.170000076293945,0.23,41.11,BAJO,,10.97,14.43,0.95,10.83,3.12,13.95,8.91,,1.98,0.67,0.58,6.0,YAHOO,1.932,2.3743,1.6372,0.0673,1.7374,0.5205,70.97,2026-11-09,73,2026-08-07,21.0,yahoo,,,,,,,,,,-0.6088,-2.0989,0.4615,-11.2169,18.9674,43.492,14.3,15.98,15.98,-8.6713,-18.2728,-18.2728
IRS,14.640000343322754,14.92,2026-08-27,True,14.520000457763672,15.260000228881836,-1.88,-7.48,BAJO,1238713728.0,4.72,160.88,0.87,22.48,4.07,44.36,72.51,13912.89,3.93,0.45,0.6,5.0,YAHOO,1.932,2.3743,1.6372,0.0673,1.7374,0.5205,70.97,2026-09-04,7,,,yahoo,0.0,0.0,1.0,1.0,1.0,0.0,1.0,1.0,0.0,-1.2146,-0.4082,-5.1813,-5.1813,15.1863,36.9801,15.23,17.28,18.41,-3.8739,-15.2778,-20.478
CRES,1768.0,1791.0,2026-08-27,True,1760.0,1800.0,-1.28,28.79,BAJO,,,,,,,,,,,,,,YAHOO,1.932,2.3743,1.6372,0.0673,1.7374,0.5205,70.97,,999,,,none,,,,,,,,,,-0.0565,6.1224,3.3314,1.1442,12.0932,34.3225,1800.0,1890.0,2120.0,-1.7778,-6.455,-16.6038
LOMA,9.6899995803833,9.67,2026-08-27,True,9.609999656677246,9.739999771118164,0.21,-2.49,BAJO,1130790272.0,38.76,12.59,1.3,3.82,2.68,5.99,5.13,-2992.56,1.61,0.24,2.25,5.0,YAHOO,1.932,2.3743,1.6372,0.0673,1.7374,0.5205,70.97,2026-11-05,69,2026-08-06,22.0,yahoo,1.0,0.0,1.0,1.0,0.0,1.0,1.0,0.0,0.0,4.0816,2.6483,-15.3712,-19.25,14.1085,46.8305,11.41,12.59,13.12,-15.0745,-23.0342,-26.1433
GLOB,40.52000045776367,40.17,2026-08-27,True,40.20000076293945,41.4900016784668,0.87,-45.39,BAJO,1749635584.0,15.83,6.49,0.82,5.48,4.67,4.86,4.63,,5.45,0.24,1.84,4.0,YAHOO,1.932,2.3743,1.6372,0.0673,1.7374,0.5205,70.97,2026-11-19,83,2026-08-13,15.0,yahoo,1.0,0.0,1.0,1.0,0.0,0.0,1.0,0.0,0.0,2.2716,8.4002,40.0138,0.3964,44.751,65.2374,40.99,40.99,71.21,-1.1466,-1.1466,-43.0979
BBAR,14.470000267028809,14.6,2026-08-27,True,14.085000038146973,15.010000228881836,-0.89,11.63,BAJO,2955304960.0,15.39,13.17,1.14,7.15,1.16,14.41,7.13,,,,,4.0,YAHOO,1.932,2.3743,1.6372,0.0673,1.7374,0.5205,70.97,2026-11-24,88,2026-08-27,1.0,yahoo,1.0,0.0,1.0,1.0,0.0,0.0,1.0,0.0,0.0,2.9893,-5.6714,-25.6178,-20.4592,20.839,61.3883,18.91,21.7253,21.7253,-23.4796,-33.3957,-33.3957
LND,3.819999933242798,3.71,2026-08-27,True,3.6916000843048096,3.825000047683716,2.96,-9.25,BAJO,,,,0.96,-0.7,-1.96,-7.33,-1.57,,-11.22,0.71,1.47,,YAHOO,1.932,2.3743,1.6372,0.0673,1.7374,0.5205,70.97,2026-09-03,6,,,finnhub,,,,,,,,,,1.3263,6.7039,7.0028,1.3263,30.4083,21.0315,3.82,3.82,4.37,0.0,0.0,-12.5858
AGRO,10.739999771118164,10.69,2026-08-27,True,10.640000343322754,10.90999984741211,0.47,21.84,BAJO,1549867520.0,28.26,8.61,0.89,3.69,2.47,17.0,3.0,-8.28,8.77,1.24,1.73,2.0,YAHOO,1.932,2.3743,1.6372,0.0673,1.7374,0.5205,70.97,2026-11-11,75,2026-08-11,17.0,yahoo,0.0,0.0,1.0,1.0,0.0,0.0,0.0,0.0,0.0,-2.981,20.5387,12.4607,-11.4592,31.2157,52.2559,11.26,12.11,15.18,-4.6181,-11.313,-29.249
