Ticker,Precio,Cierre_Confirmado,Fecha_Cierre_Confirmado,Precio_Es_Intradiario,Low,High,Change (%),RS 20D,Credit Stress,Market Cap,P/E,Forward P/E,P/Book,ROE,ROA,Operating Margin,Net Margin,FCF Yield,EV/EBITDA,Debt/Equity,Current Ratio,Piotroski,Fund Source,Grain_IS,ZC_Surprise,ZS_Surprise,SPX_Quarterly_Divisor,SPX_ROC_63d,z_MOVE_inv,MOVE_price,Earnings_Next_Date,Earnings_Days_To_Next,Earnings_Last_Date,Earnings_Days_Since,Earnings_Source,piotroski_roa_positive,piotroski_d_roa,piotroski_cfo_positive,piotroski_cfo_gt_ni,piotroski_d_leverage,piotroski_d_liquidity,piotroski_no_dilution,piotroski_d_margin,piotroski_d_turnover,roc_5d,roc_10d,roc_42d,roc_63d,vol_5d,vol_60d,high_20d,high_60d,high_252d,drawdown_20d,drawdown_60d,drawdown_252d
^GSPC,7718.60009765625,7718.6001,2026-09-04,False,7706.1201171875,7750.18994140625,-0.38,4.48,BAJO,,,,,,,,,,,,,,NONE,0.7741,2.082,-0.0978,0.062473,4.5351,0.3053,73.1,,999,,,none,,,,,,,,,,0.0887,0.5763,3.1525,4.5351,12.7385,11.9133,7798.9902,7798.9902,,-1.0308,-1.0308,
^DJI,53414.25,53414.25,2026-09-04,False,53289.87890625,53635.3515625,-0.51,4.96,BAJO,,,,,,,,,,,,,,NONE,0.7741,2.082,-0.0978,0.062473,4.5351,0.3053,73.1,,999,,,none,,,,,,,,,,-0.2721,0.2576,2.0361,5.0081,14.563,11.1432,53975.9805,54349.1211,,-1.0407,-1.7201,
^IXIC,26506.990234375,26506.9902,2026-09-04,False,26444.841796875,26628.583984375,-0.29,3.05,BAJO,,,,,,,,,,,,,,NONE,0.7741,2.082,-0.0978,0.062473,4.5351,0.3053,73.1,,999,,,none,,,,,,,,,,0.3961,1.2472,2.4597,3.1022,16.4626,19.4688,26803.0293,26803.0293,,-1.1045,-1.1045,
^RUT,2975.64794921875,2975.6479,2026-09-04,False,2951.0380859375,2976.66015625,0.25,4.96,BAJO,,,,,,,,,,,,,,NONE,0.7741,2.082,-0.0978,0.062473,4.5351,0.3053,73.1,,999,,,none,,,,,,,,,,0.1103,-1.3991,0.6514,5.0167,15.8819,13.8189,3068.4199,3068.4199,,-3.0234,-3.0234,
^VIX,14.529999732971191,14.53,2026-09-04,False,13.800000190734863,14.579999923706055,1.47,-5.7,BAJO,,,,,,,,,,,,,,NONE,0.7741,2.082,-0.0978,0.062473,4.5351,0.3053,73.1,,999,,,none,,,,,,,,,,0.693,-3.9656,-14.0237,-32.45,120.9421,105.2587,16.34,20.66,,-11.0771,-29.6709,
^MOVE,73.10449981689453,73.1045,2026-09-04,False,73.10449981689453,74.68119812011719,-2.11,-2.84,BAJO,,,,,,,,,,,,,,NONE,0.7741,2.082,-0.0978,0.062473,4.5351,0.3053,73.1,,999,,,none,,,,,,,,,,3.0076,-0.4026,0.9591,-2.7866,70.7327,69.8376,79.71,83.02,,-8.2869,-11.9435,
^TNX,4.783999919891357,4.784,2026-09-04,False,4.748000144958496,4.811999797821045,0.46,6.81,BAJO,,,,,,,,,,,,,,NONE,0.7741,2.082,-0.0978,0.062473,4.5351,0.3053,73.1,,999,,,none,,,,,,,,,,1.3559,0.9709,4.7056,5.4674,10.3601,13.3629,4.796,4.796,,-0.2502,-0.2502,
^IRX,3.756999969482422,3.757,2026-09-04,False,3.7300000190734863,3.7699999809265137,0.45,3.73,BAJO,,,,,,,,,,,,,,NONE,0.7741,2.082,-0.0978,0.062473,4.5351,0.3053,73.1,,999,,,none,,,,,,,,,,0.7239,1.2668,0.9132,3.6414,12.8318,10.7439,3.772,3.805,,-0.3977,-1.2615,
DX-Y.NYB,99.15699768066406,99.157,2026-09-04,False,98.91600036621094,99.39199829101562,0.16,-0.31,BAJO,,,,,,,,,,,,,,NONE,0.7741,2.082,-0.0978,0.062473,4.5351,0.3053,73.1,,999,,,none,,,,,,,,,,-0.5446,0.3613,-1.8733,-0.9124,5.7482,4.8058,100.01,101.61,,-0.8529,-2.4141,
^N225,64214.48046875,64214.4805,2026-09-03,False,63772.80078125,64724.80859375,-0.17,-4.88,BAJO,,,,,,,,,,,,,,NONE,0.7741,2.082,-0.0978,0.062473,4.5351,0.3053,73.1,,999,,,none,,,,,,,,,,-2.8995,-3.0239,-7.9284,-4.8261,21.4375,32.7108,69220.25,72366.3438,,-7.2317,-11.2647,
^MERV,3049121.5,3049121.5,2026-09-04,False,3022601.25,3075301.5,-0.29,-4.0,BAJO,,,,,,,,,,,,,,NONE,0.7741,2.082,-0.0978,0.062473,4.5351,0.3053,73.1,,999,,,none,,,,,,,,,,2.3376,4.6663,-6.6679,-3.9499,22.7185,28.4859,3122065.0,3379772.0,,-2.3364,-9.7832,
^NYA,24639.24609375,24639.2461,2026-09-04,False,24594.94140625,24720.154296875,-0.33,5.89,BAJO,,,,,,,,,,,,,,NONE,0.7741,2.082,-0.0978,0.062473,4.5351,0.3053,73.1,,999,,,none,,,,,,,,,,0.2199,-0.3616,3.5672,5.9456,10.7964,7.8905,24821.6797,24821.6797,,-0.735,-0.735,
^HSI,25213.310546875,25213.3105,2026-09-03,False,25160.380859375,25538.150390625,-0.39,-0.21,BAJO,,,,,,,,,,,,,,NONE,0.7741,2.082,-0.0978,0.062473,4.5351,0.3053,73.1,,999,,,none,,,,,,,,,,-1.3785,-1.888,7.3049,-0.1588,6.415,17.7245,26009.4609,26009.4609,,-3.061,-3.061,
^TWII,45857.66015625,45857.6602,2026-09-03,False,45839.359375,46517.44921875,-0.67,0.34,BAJO,,,,,,,,,,,,,,NONE,0.7741,2.082,-0.0978,0.062473,4.5351,0.3053,73.1,,999,,,none,,,,,,,,,,-0.2557,2.0562,-1.5008,0.3945,23.0725,33.8696,46948.7188,47741.5117,,-2.3239,-3.9459,
^KS11,6579.47998046875,6579.48,2026-09-03,False,6439.490234375,6682.97021484375,0.26,-23.9,BAJO,,,,,,,,,,,,,,NONE,0.7741,2.082,-0.0978,0.062473,4.5351,0.3053,73.1,,999,,,none,,,,,,,,,,-4.8159,-3.9854,-18.6548,-23.8434,34.2478,75.6516,6977.9399,9114.5498,,-5.7103,-27.8134,
^GDAXI,26003.3203125,26003.3203,2026-09-03,False,25784.83984375,26007.7890625,0.63,4.19,BAJO,,,,,,,,,,,,,,NONE,0.7741,2.082,-0.0978,0.062473,4.5351,0.3053,73.1,,999,,,none,,,,,,,,,,-1.3802,0.0781,2.113,5.6349,13.2587,12.6907,26569.9902,26569.9902,,-2.1327,-2.1327,
^FTSE,10831.08984375,10831.0898,2026-09-04,False,10791.4296875,10843.1201171875,-0.0,4.49,BAJO,,,,,,,,,,,,,,NONE,0.7741,2.082,-0.0978,0.062473,4.5351,0.3053,73.1,,999,,,none,,,,,,,,,,0.3576,0.7712,1.5488,4.4142,7.5692,8.483,10901.0996,10908.4004,,-0.6422,-0.7087,
^AEX,1104.6199951171875,1104.62,2026-09-03,False,1098.8599853515625,1105.75,0.09,5.47,BAJO,,,,,,,,,,,,,,NONE,0.7741,2.082,-0.0978,0.062473,4.5351,0.3053,73.1,,999,,,none,,,,,,,,,,0.1124,0.1668,2.3744,5.7063,5.634,9.4218,1119.59,1119.59,,-1.3371,-1.3371,
^IBEX,20000.19921875,20000.1992,2026-09-03,False,19797.900390625,20000.19921875,1.12,9.38,BAJO,,,,,,,,,,,,,,NONE,0.7741,2.082,-0.0978,0.062473,4.5351,0.3053,73.1,,999,,,none,,,,,,,,,,0.5965,0.955,1.833,9.7519,12.869,13.0567,20213.5996,20213.5996,,-1.0557,-1.0557,
FTSEMIB.MI,52245.0,52245.0,2026-09-02,False,51717.0,52247.0,0.87,24.98,BAJO,,,,,,,,,,,,,,YAHOO,0.7741,2.082,-0.0978,0.062473,4.5351,0.3053,73.1,,999,,,none,,,,,,,,,,-0.0383,-0.7994,-0.4003,4.0571,14.3767,12.934,53717.0,53717.0,53717.0,-2.7403,-2.7403,-2.7403
^SSMI,14394.76953125,14394.7695,2026-09-03,False,14321.4404296875,14446.740234375,0.22,7.84,BAJO,,,,,,,,,,,,,,NONE,0.7741,2.082,-0.0978,0.062473,4.5351,0.3053,73.1,,999,,,none,,,,,,,,,,0.0723,0.1852,0.239,8.0608,8.3072,9.3912,14633.7002,14633.7002,,-1.6327,-1.6327,
^OMXC25,1912.1363525390625,1912.1364,2026-09-04,False,1912.1363525390625,1924.7928466796875,-0.2,9.76,BAJO,,,,,,,,,,,,,,NONE,0.7741,2.082,-0.0978,0.062473,4.5351,0.3053,73.1,,999,,,none,,,,,,,,,,-0.6001,0.2772,2.4741,,9.353,14.5396,1935.0699,1935.0699,,-1.1852,-1.1852,
^GSPTSE,36513.80078125,36513.8008,2026-09-04,False,36432.2890625,36666.3515625,-0.33,3.63,BAJO,,,,,,,,,,,,,,NONE,0.7741,2.082,-0.0978,0.062473,4.5351,0.3053,73.1,,999,,,none,,,,,,,,,,-0.1097,-0.2905,3.5189,6.1031,18.9891,10.0263,36957.6016,36957.6016,,-1.2008,-1.2008,
^AXJO,9020.099609375,9020.0996,2026-09-03,False,8970.2998046875,9027.900390625,0.46,3.79,BAJO,,,,,,,,,,,,,,NONE,0.7741,2.082,-0.0978,0.062473,4.5351,0.3053,73.1,,999,,,none,,,,,,,,,,-0.2003,-0.7013,2.4557,4.5797,9.3929,9.3862,9263.5996,9271.5996,,-2.6286,-2.7126,
^MXX,64866.609375,64866.6094,2026-09-04,False,64768.5,65451.48828125,-0.87,-3.8,BAJO,,,,,,,,,,,,,,NONE,0.7741,2.082,-0.0978,0.062473,4.5351,0.3053,73.1,,999,,,none,,,,,,,,,,-0.9433,-1.3123,-2.6168,-0.83,17.3682,12.5642,66438.5781,68482.9375,,-2.366,-5.2806,
^BVSP,185147.15625,185147.1562,2026-09-04,False,183251.9375,186544.8125,-0.02,9.49,BAJO,,,,,,,,,,,,,,NONE,0.7741,2.082,-0.0978,0.062473,4.5351,0.3053,73.1,,999,,,none,,,,,,,,,,5.3979,8.2529,8.4927,9.03,23.06,16.8286,185205.0,185205.0,,-0.0312,-0.0312,
HYG,79.16000366210938,79.16,2026-09-04,False,79.1500015258789,79.23999786376953,-0.06,3.84,BAJO,,,,,,,,,,,,,,YAHOO,0.7741,2.082,-0.0978,0.062473,4.5351,0.3053,73.1,,999,,,none,,,,,,,,,,-0.1833,-0.0203,0.402,1.1595,3.1994,2.6801,79.4844,79.4844,79.4844,-0.4081,-0.4081,-0.4081
LQD,105.4800033569336,105.48,2026-09-04,False,105.4800033569336,105.68000030517578,-0.02,-0.07,BAJO,,,,,,,,,,,,,,YAHOO,0.7741,2.082,-0.0978,0.062473,4.5351,0.3053,73.1,,999,,,none,,,,,,,,,,-0.4017,0.0026,-1.1968,-1.3079,4.8866,5.0698,106.4133,108.3896,108.7168,-0.877,-2.6844,-2.9773
TLT,82.20999908447266,82.21,2026-09-04,False,82.18000030517578,82.5,0.17,-1.49,BAJO,,,-4110.5,0.55,,,,,,,,,,YAHOO,0.7741,2.082,-0.0978,0.062473,4.5351,0.3053,73.1,,999,,,none,,,,,,,,,,-0.4283,0.5789,-1.7811,-2.2296,4.3584,9.4372,83.1514,86.4474,88.4493,-1.1321,-4.9017,-7.0541
GC=F,4477.2001953125,4477.2002,2026-09-04,False,4412.0,4537.7998046875,-0.32,-0.02,BAJO,,,,,,,,,,,,,,NONE,0.7741,2.082,-0.0978,0.062473,4.5351,0.3053,73.1,,999,,,none,,,,,,,,,,-0.0201,-3.1768,9.9806,3.2303,31.4129,24.9634,4640.7998,4640.7998,,-3.5252,-3.5252,
HG=F,6.668000221252441,6.668,2026-09-04,False,6.616000175476074,6.702499866485596,1.38,2.36,BAJO,,,,,,,,,,,,,,NONE,0.7741,2.082,-0.0978,0.062473,4.5351,0.3053,73.1,,999,,,none,,,,,,,,,,1.6154,1.3451,10.133,6.4581,19.8683,22.1289,6.7095,6.7095,,-0.6185,-0.6185,
CL=F,91.22000122070312,91.22,2026-09-04,False,88.72000122070312,92.16999816894531,-0.09,-2.01,BAJO,,,,,,,,,,,,,,NONE,0.7741,2.082,-0.0978,0.062473,4.5351,0.3053,73.1,,999,,,none,,,,,,,,,,9.3765,4.7783,24.0751,0.751,38.8591,51.6092,91.3,92.19,,-0.0876,-1.0522,
ZS=F,1310.25,1310.25,2026-09-04,False,1305.75,1320.75,0.31,15.95,BAJO,,,,,,,,,,,,,,NONE,0.7741,2.082,-0.0978,0.062473,4.5351,0.3053,73.1,,999,,,none,,,,,,,,,,2.6641,6.9592,9.6444,16.8301,19.6251,19.1374,1310.25,1310.25,,0.0,0.0,
ZC=F,536.75,536.75,2026-09-04,False,535.75,544.75,4.17,26.39,BAJO,,,,,,,,,,,,,,NONE,0.7741,2.082,-0.0978,0.062473,4.5351,0.3053,73.1,,999,,,none,,,,,,,,,,4.834,10.9561,23.4618,28.5629,35.8013,26.3273,536.75,536.75,,0.0,0.0,
BTC-USD,79715.2421875,79715.2422,2026-09-04,False,78671.3203125,81392.3046875,-1.92,-28.06,BAJO,1600328171520.0,,,,,,,,,,,,,YAHOO,0.7741,2.082,-0.0978,0.062473,4.5351,0.3053,73.1,,999,,,none,,,,,,,,,,2.6365,1.4641,24.3637,27.4543,51.4708,33.235,81271.7422,81271.7422,96929.3281,-1.9152,-1.9152,-17.7594
ETH-USD,2453.159912109375,2453.1599,2026-09-04,False,2434.7509765625,2539.77294921875,-2.19,-42.99,BAJO,299249500160.0,,,,,,,,,,,,,YAHOO,0.7741,2.082,-0.0978,0.062473,4.5351,0.3053,73.1,,999,,,none,,,,,,,,,,1.4567,0.4093,31.8778,39.6603,53.1378,50.2455,2515.2817,2515.2817,3354.7227,-2.4698,-2.4698,-26.8744
IBIT,45.22999954223633,45.23,2026-09-04,False,44.5099983215332,45.255001068115234,-2.42,-27.51,BAJO,,,,,,,,,,,,,,YAHOO,0.7741,2.082,-0.0978,0.062473,4.5351,0.3053,73.1,,999,,,none,,,,,,,,,,3.0296,3.5485,28.3849,32.4839,60.5432,38.5918,46.35,46.35,71.29,-2.4164,-2.4164,-36.5549
SPY,770.1900024414062,770.19,2026-09-04,False,769.0,772.8699951171875,-0.39,19.91,BAJO,,24.88,,1.79,,,,,,,,,,YAHOO,0.7741,2.082,-0.0978,0.062473,4.5351,0.3053,73.1,,999,,,none,,,,,,,,,,0.1092,0.5838,3.3257,4.6945,12.5319,12.3247,777.88,777.88,777.88,-0.9886,-0.9886,-0.9886
QQQ,718.9600219726562,718.96,2026-09-04,False,716.5599975585938,721.8599853515625,0.18,25.54,BAJO,,29.3,,2.01,,,,,,,,,,YAHOO,0.7741,2.082,-0.0978,0.062473,4.5351,0.3053,73.1,,999,,,none,,,,,,,,,,0.3531,0.7737,1.057,2.0835,16.1089,23.0175,732.07,743.1833,745.3409,-1.7908,-3.2594,-3.5394
DIA,534.0800170898438,534.08,2026-09-04,False,532.9299926757812,536.3699951171875,-0.53,18.59,BAJO,,21.69,,,,,,,,,,,,YAHOO,0.7741,2.082,-0.0978,0.062473,4.5351,0.3053,73.1,,999,,,none,,,,,,,,,,-0.1832,0.3495,2.2772,5.1861,14.3445,11.1566,538.5435,542.3603,542.3603,-0.8288,-1.5267,-1.5267
IWM,296.010009765625,296.01,2026-09-04,False,293.57000732421875,296.17999267578125,0.28,26.36,BAJO,,17.43,,1.35,,,,,,,,,,YAHOO,0.7741,2.082,-0.0978,0.062473,4.5351,0.3053,73.1,,999,,,none,,,,,,,,,,0.0879,-1.3168,0.8621,5.3485,15.3827,13.7353,305.09,305.09,305.09,-2.9762,-2.9762,-2.9762
GLD,406.7699890136719,406.77,2026-09-04,False,403.9599914550781,407.9849853515625,-0.84,24.46,BAJO,,,,2.39,,,,,,,,,,YAHOO,0.7741,2.082,-0.0978,0.062473,4.5351,0.3053,73.1,,999,,,none,,,,,,,,,,-0.5185,-3.9187,8.6313,2.6575,34.9795,25.2146,428.07,428.07,495.9,-4.9758,-4.9758,-17.9734
SLV,59.81999969482422,59.82,2026-09-04,False,59.130001068115234,59.970001220703125,-1.21,61.93,BAJO,,,,,,,,,,,,,,YAHOO,0.7741,2.082,-0.0978,0.062473,4.5351,0.3053,73.1,,999,,,none,,,,,,,,,,-0.3332,-4.6237,13.2311,-2.8423,45.9572,41.1884,62.77,63.47,105.6,-4.6997,-5.7508,-43.3523
XLY,114.91000366210938,114.91,2026-09-04,False,114.45999908447266,115.73999786376953,-1.33,-1.56,BAJO,,25.11,,,,,,,,,,,,YAHOO,0.7741,2.082,-0.0978,0.062473,4.5351,0.3053,73.1,,999,,,none,,,,,,,,,,-1.9623,-2.6351,-0.3382,0.2429,22.8348,21.1146,119.67,119.86,124.0232,-3.9776,-4.1298,-7.348
XLV,171.4499969482422,171.45,2026-09-04,False,171.23500061035156,172.53250122070312,-1.04,26.88,BAJO,,30.63,,,,,,,,,,,,YAHOO,0.7741,2.082,-0.0978,0.062473,4.5351,0.3053,73.1,,999,,,none,,,,,,,,,,0.1694,-1.8154,5.6377,12.5457,13.1058,19.0104,175.68,175.68,175.68,-2.4078,-2.4078,-2.4078
XLRE,43.93000030517578,43.93,2026-09-04,False,43.875,44.275001525878906,-0.72,8.77,BAJO,,31.31,,,,,,,,,,,,YAHOO,0.7741,2.082,-0.0978,0.062473,4.5351,0.3053,73.1,,999,,,none,,,,,,,,,,-1.2365,-2.551,-0.4983,-0.8614,14.2526,14.8619,45.36,46.01,46.01,-3.1526,-4.5208,-4.5208
XLK,187.27999877929688,187.28,2026-09-04,False,186.4199981689453,188.1999969482422,0.7,43.31,BAJO,,33.15,,,,,,,,,,,,YAHOO,0.7741,2.082,-0.0978,0.062473,4.5351,0.3053,73.1,,999,,,none,,,,,,,,,,0.8563,2.1657,3.2415,3.9952,19.3691,31.3625,190.77,192.15,197.974,-1.8294,-2.5345,-5.4017
XLI,175.27000427246094,175.27,2026-09-04,False,174.10000610351562,175.77499389648438,0.41,17.14,BAJO,,28.46,,1.78,,,,,,,,,,YAHOO,0.7741,2.082,-0.0978,0.062473,4.5351,0.3053,73.1,,999,,,none,,,,,,,,,,-1.0557,-2.7628,-2.8544,0.8734,16.1457,16.4562,186.51,186.51,186.51,-6.0265,-6.0265,-6.0265
XLF,58.099998474121094,58.1,2026-09-04,False,57.91999816894531,58.380001068115234,-0.79,9.09,BAJO,,16.47,,1.71,,,,,,,,,,YAHOO,0.7741,2.082,-0.0978,0.062473,4.5351,0.3053,73.1,,999,,,none,,,,,,,,,,0.0,1.0786,5.694,11.479,19.1375,12.9107,58.56,58.56,58.56,-0.7855,-0.7855,-0.7855
XLE,64.05999755859375,64.06,2026-09-04,False,63.375,64.33000183105469,-0.87,48.26,BAJO,,17.77,,1.23,,,,,,,,,,YAHOO,0.7741,2.082,-0.0978,0.062473,4.5351,0.3053,73.1,,999,,,none,,,,,,,,,,2.2017,0.66,15.2158,11.8814,16.2682,22.0915,65.1,65.1,65.1,-1.5975,-1.5975,-1.5975
XLC,112.02999877929688,112.03,2026-09-04,False,111.87999725341797,113.29000091552734,-1.19,-0.61,BAJO,,15.46,,,,,,,,,,,,YAHOO,0.7741,2.082,-0.0978,0.062473,4.5351,0.3053,73.1,,999,,,none,,,,,,,,,,-0.8496,0.5655,2.3479,0.5834,18.9522,20.3052,113.38,113.38,119.3874,-1.1907,-1.1907,-6.1627
XLB,52.439998626708984,52.44,2026-09-04,False,51.974998474121094,52.66999816894531,-0.34,16.89,BAJO,,24.47,,0.66,,,,,,,,,,YAHOO,0.7741,2.082,-0.0978,0.062473,4.5351,0.3053,73.1,,999,,,none,,,,,,,,,,-1.3915,-2.0545,4.5455,3.9622,19.8594,17.7134,53.67,53.67,53.67,-2.2918,-2.2918,-2.2918
XLP,84.58000183105469,84.58,2026-09-04,False,84.54000091552734,85.29000091552734,-0.8,7.74,BAJO,,25.02,,1.24,,,,,,,,,,YAHOO,0.7741,2.082,-0.0978,0.062473,4.5351,0.3053,73.1,,999,,,none,,,,,,,,,,-1.0181,-1.6397,0.2251,2.0696,8.6466,17.0634,87.45,87.45,88.8894,-3.2819,-3.2819,-4.8481
XLU,43.08000183105469,43.08,2026-09-04,False,42.7599983215332,43.22999954223633,0.12,5.72,BAJO,,19.4,,0.67,,,,,,,,,,YAHOO,0.7741,2.082,-0.0978,0.062473,4.5351,0.3053,73.1,,999,,,none,,,,,,,,,,0.8191,0.7248,-5.0265,-2.2433,5.818,14.4918,44.31,46.29,47.0979,-2.7759,-6.9345,-8.5309
PSQ,25.770000457763672,25.77,2026-09-04,False,25.66010093688965,25.854999542236328,-0.08,-18.03,BAJO,,,,,,,,,,,,,,YAHOO,0.7741,2.082,-0.0978,0.062473,4.5351,0.3053,73.1,,999,,,none,,,,,,,,,,-0.1936,-0.5403,-0.617,-1.7068,16.8468,22.9706,26.18,27.91,33.0172,-1.5661,-7.6675,-21.9497
EWZ,37.86000061035156,37.86,2026-09-04,False,37.54499816894531,38.2599983215332,-0.71,35.57,BAJO,,11.01,,1.03,,,,,,,,,,YAHOO,0.7741,2.082,-0.0978,0.062473,4.5351,0.3053,73.1,,999,,,none,,,,,,,,,,6.4979,7.9863,10.0262,12.38,33.866,21.6726,38.13,38.13,41.3365,-0.7081,-0.7081,-8.4102
FXI,35.880001068115234,35.88,2026-09-04,False,35.70500183105469,35.904998779296875,1.53,-4.72,BAJO,,9.51,,,,,,,,,,,,YAHOO,0.7741,2.082,-0.0978,0.062473,4.5351,0.3053,73.1,,999,,,none,,,,,,,,,,1.042,0.0558,7.2967,4.0271,14.3632,18.1626,36.49,36.52,40.9939,-1.6717,-1.7525,-12.4747
COPX,90.66000366210938,90.66,2026-09-04,False,89.76000213623047,91.17500305175781,-0.65,85.63,BAJO,,16.67,,,,,,,,,,,,YAHOO,0.7741,2.082,-0.0978,0.062473,4.5351,0.3053,73.1,,999,,,none,,,,,,,,,,-3.9822,-4.1548,24.1238,12.8077,37.8892,43.6451,96.45,96.45,96.45,-6.0031,-6.0031,-6.0031
URA,46.060001373291016,46.06,2026-09-04,False,45.13199996948242,46.119998931884766,0.79,19.4,BAJO,,29.01,,,,,,,,,,,,YAHOO,0.7741,2.082,-0.0978,0.062473,4.5351,0.3053,73.1,,999,,,none,,,,,,,,,,1.0753,-0.0217,10.5617,1.6553,43.5045,43.5966,48.37,48.37,61.81,-4.7757,-4.7757,-25.4813
ARKK,86.22000122070312,86.22,2026-09-04,False,85.80000305175781,86.53500366210938,-1.06,14.88,BAJO,,55.65,,,,,,,,,,,,YAHOO,0.7741,2.082,-0.0978,0.062473,4.5351,0.3053,73.1,,999,,,none,,,,,,,,,,1.9269,0.0116,7.5599,15.7471,49.9811,38.2885,87.38,87.38,92.53,-1.3275,-1.3275,-6.8194
ITA,225.61000061035156,225.61,2026-09-04,False,224.43499755859375,226.14999389648438,-0.16,14.17,BAJO,,34.25,,,,,,,,,,,,YAHOO,0.7741,2.082,-0.0978,0.062473,4.5351,0.3053,73.1,,999,,,none,,,,,,,,,,-3.0968,-4.9423,-5.8507,-1.6045,17.1475,21.8688,253.22,253.22,253.22,-10.9036,-10.9036,-10.9036
SMH,567.010009765625,567.01,2026-09-04,False,557.9000244140625,569.3916015625,2.61,96.17,BAJO,,38.73,,,,,,,,,,,,YAHOO,0.7741,2.082,-0.0978,0.062473,4.5351,0.3053,73.1,,999,,,none,,,,,,,,,,2.5131,1.1759,-4.3828,-0.4704,30.6328,48.1782,594.07,668.91,668.91,-4.555,-15.2337,-15.2337
EEM,68.69999694824219,68.7,2026-09-04,False,67.7300033569336,68.7300033569336,1.82,40.46,BAJO,,14.61,,,,,,,,,,,,YAHOO,0.7741,2.082,-0.0978,0.062473,4.5351,0.3053,73.1,,999,,,none,,,,,,,,,,2.3235,2.354,3.7294,6.9161,14.3647,28.2512,68.7,71.21,71.21,0.0,-3.5248,-3.5248
AAPL,319.9700012207031,319.97,2026-09-04,False,317.8599853515625,328.92999267578125,-2.51,33.88,BAJO,4669700046848.0,36.65,33.54,43.47,148.75,27.08,32.62,27.62,2.31,28.65,0.78,1.0,8.0,YAHOO,0.7741,2.082,-0.0978,0.062473,4.5351,0.3053,73.1,2026-10-29,55,,,yahoo,1.0,1.0,1.0,0.0,1.0,1.0,1.0,1.0,1.0,0.0845,3.433,2.1877,4.1992,34.1198,31.8645,328.21,339.7869,339.7869,-2.5106,-5.8322,-5.8322
MSFT,499.70001220703125,499.7,2026-09-04,False,499.3599853515625,511.0,-2.04,-0.87,BAJO,3710545297408.0,27.82,21.2,8.39,34.04,14.09,45.11,40.3,0.45,19.77,0.29,1.23,6.0,YAHOO,0.7741,2.082,-0.0978,0.062473,4.5351,0.3053,73.1,2026-10-28,54,,,yahoo,1.0,1.0,1.0,1.0,1.0,0.0,1.0,0.0,0.0,-2.6931,3.4062,30.5996,20.1528,33.1101,44.2981,513.53,513.53,537.6464,-2.6931,-2.6931,-7.0579
NVDA,230.36000061035156,230.36,2026-09-04,False,229.6300048828125,234.75999450683594,0.84,34.32,BAJO,5562502742016.0,29.16,14.9,24.29,117.21,53.57,66.24,63.66,0.75,27.24,0.17,4.59,4.0,YAHOO,0.7741,2.082,-0.0978,0.062473,4.5351,0.3053,73.1,2026-11-17,74,2026-08-26,9.0,yahoo,1.0,0.0,1.0,0.0,1.0,0.0,1.0,0.0,0.0,5.8883,7.2839,12.8552,12.3159,31.5082,40.9692,230.36,230.36,235.4656,0.0,0.0,-2.1683
META,616.77001953125,616.77,2026-09-04,False,605.27001953125,617.4600219726562,1.0,-17.4,BAJO,1571225468928.0,23.22,17.64,6.02,29.85,14.59,34.83,29.83,1.37,14.39,0.43,2.23,5.0,YAHOO,0.7741,2.082,-0.0978,0.062473,4.5351,0.3053,73.1,2026-10-28,54,,,yahoo,1.0,0.0,1.0,1.0,0.0,0.0,1.0,1.0,0.0,6.7039,12.1604,2.2632,4.1048,15.9723,46.4422,616.77,681.31,777.701,0.0,-9.4729,-20.6932
GOOGL,338.4599914550781,338.46,2026-09-04,False,337.0899963378906,343.5299987792969,-1.17,46.06,BAJO,4139343675392.0,16.98,22.79,6.65,48.68,12.96,34.03,54.77,0.55,23.59,0.19,2.72,6.0,YAHOO,0.7741,2.082,-0.0978,0.062473,4.5351,0.3053,73.1,2026-10-28,54,,,yahoo,1.0,0.0,1.0,1.0,0.0,1.0,1.0,1.0,0.0,-2.3457,-1.8444,-6.4821,-8.1046,22.2869,36.7806,357.52,377.65,402.3797,-5.3312,-10.3773,-15.8854
AMZN,258.510009765625,258.51,2026-09-04,False,255.2899932861328,261.1199951171875,-0.15,9.63,BAJO,2788369891328.0,20.8,24.86,5.05,30.56,6.59,13.69,17.44,0.12,17.29,0.46,1.03,6.0,YAHOO,0.7741,2.082,-0.0978,0.062473,4.5351,0.3053,73.1,2026-10-29,55,,,yahoo,1.0,1.0,1.0,1.0,1.0,0.0,0.0,1.0,0.0,-2.9726,-0.0464,6.112,5.0726,22.1114,44.9166,278.09,284.02,284.02,-7.0409,-8.9818,-8.9818
TSLA,354.0799865722656,354.08,2026-09-04,False,351.3200988769531,364.69000244140625,-5.92,4.54,BAJO,1398455795712.0,324.84,164.03,16.1,4.67,1.93,1.41,3.67,0.35,135.72,0.18,1.94,5.0,YAHOO,0.7741,2.082,-0.0978,0.062473,4.5351,0.3053,73.1,2026-10-21,47,,,yahoo,1.0,0.0,1.0,1.0,0.0,1.0,0.0,1.0,0.0,1.5283,-2.4197,-10.1457,-9.4425,77.7348,57.3816,376.37,425.3,489.88,-5.9224,-16.7458,-27.7211
MSTR,142.8000030517578,142.8,2026-09-04,False,137.0675048828125,144.39999389648438,-1.39,-56.46,BAJO,56731824128.0,,2.89,1.72,-63.56,-38.73,-6808.11,0.0,-39.81,-2.05,0.15,5.39,3.0,YAHOO,0.7741,2.082,-0.0978,0.062473,4.5351,0.3053,73.1,2026-10-29,55,,,yahoo,0.0,0.0,0.0,1.0,1.0,1.0,0.0,0.0,0.0,12.1672,19.7484,52.1253,18.5653,166.4173,90.215,144.82,144.82,359.69,-1.3948,-1.3948,-60.2991
PLTR,174.3300018310547,174.33,2026-09-04,False,173.6699981689453,182.19000244140625,-4.49,11.6,BAJO,418925182976.0,149.0,75.33,42.85,38.1,17.29,47.12,49.01,0.52,161.32,0.02,7.23,8.0,YAHOO,0.7741,2.082,-0.0978,0.062473,4.5351,0.3053,73.1,2026-11-02,59,,,yahoo,1.0,1.0,1.0,1.0,1.0,1.0,0.0,1.0,1.0,-6.4201,-3.1177,31.8484,28.6284,98.8398,83.1089,186.38,186.38,207.18,-6.4653,-6.4653,-15.8558
SNOW,337.17999267578125,337.18,2026-09-04,False,337.1099853515625,356.8299865722656,-5.41,51.9,BAJO,116866588672.0,,113.39,54.78,-54.87,-9.68,-22.17,-23.79,1.49,-93.92,1.43,1.05,5.0,YAHOO,0.7741,2.082,-0.0978,0.062473,4.5351,0.3053,73.1,2026-12-02,89,2026-09-02,2.0,yahoo,0.0,0.0,1.0,1.0,1.0,0.0,0.0,1.0,1.0,2.7988,1.3222,29.0345,41.5177,167.0043,53.4201,356.47,356.47,356.47,-5.4114,-5.4114,-5.4114
CRWD,213.10000610351562,213.1,2026-09-04,False,211.32000732421875,218.30999755859375,-0.87,106.61,BAJO,218200522752.0,5327.5,132.89,42.77,1.46,-0.78,-2.26,0.83,0.91,2020.94,0.16,1.57,4.0,YAHOO,0.7741,2.082,-0.0978,0.062473,4.5351,0.3053,73.1,2026-12-01,88,2026-08-26,9.0,yahoo,0.0,0.0,1.0,1.0,1.0,1.0,0.0,0.0,0.0,-2.4267,11.0185,11.5006,27.0305,89.7122,69.0021,231.0,231.0,231.0,-7.7489,-7.7489,-7.7489
PANW,333.260009765625,333.26,2026-09-04,False,328.0,339.0,0.4,73.21,BAJO,271606906880.0,287.29,68.09,9.79,1.74,1.75,5.04,2.67,1.65,145.42,0.09,0.87,5.0,YAHOO,0.7741,2.082,-0.0978,0.062473,4.5351,0.3053,73.1,2026-11-19,76,2026-09-01,3.0,yahoo,1.0,0.0,1.0,1.0,1.0,1.0,0.0,0.0,0.0,-10.3151,-6.8768,3.9521,22.4995,77.8701,58.4804,396.0,396.0,396.0,-15.8434,-15.8434,-15.8434
ADBE,266.510009765625,266.51,2026-09-04,False,263.9599914550781,275.9100036621094,-6.73,-22.65,BAJO,105937731584.0,15.24,9.69,9.23,62.95,19.93,35.33,28.69,8.7,11.82,0.61,0.75,7.0,YAHOO,0.7741,2.082,-0.0978,0.062473,4.5351,0.3053,73.1,2026-09-10,6,,,yahoo,1.0,1.0,1.0,1.0,0.0,0.0,1.0,1.0,1.0,-8.5792,-3.1929,20.6255,5.9935,57.4464,49.9123,292.79,292.79,367.46,-8.9757,-8.9757,-27.4724
CRM,259.2300109863281,259.23,2026-09-04,False,257.82000732421875,263.6000061035156,-1.97,7.08,BAJO,213346304000.0,23.74,16.19,5.56,19.38,5.7,21.38,21.99,8.31,19.27,1.1,0.84,7.0,YAHOO,0.7741,2.082,-0.0978,0.062473,4.5351,0.3053,73.1,2026-12-02,89,2026-08-26,9.0,yahoo,1.0,1.0,1.0,1.0,0.0,0.0,1.0,1.0,1.0,1.2617,23.9327,55.6189,39.9866,32.4266,62.0537,264.43,264.43,264.8822,-1.9665,-1.9665,-2.1338
MU,1016.5900268554688,1016.59,2026-09-04,False,969.0,1017.77001953125,6.1,719.71,BAJO,1148129771520.0,22.96,6.56,11.39,66.64,34.87,80.37,55.91,0.67,15.57,0.06,3.42,7.0,YAHOO,0.7741,2.082,-0.0978,0.062473,4.5351,0.3053,73.1,2026-09-30,26,,,yahoo,1.0,1.0,1.0,1.0,1.0,0.0,0.0,1.0,1.0,8.9756,5.1522,7.1448,17.6776,58.516,96.3772,1016.59,1213.3734,1213.3734,0.0,-16.2179,-16.2179
INTC,95.80000305175781,95.8,2026-09-04,False,91.87010192871094,95.94000244140625,4.51,289.22,BAJO,506408894464.0,,46.91,5.52,-10.71,1.41,12.19,-19.79,0.96,29.62,0.49,1.6,6.0,YAHOO,0.7741,2.082,-0.0978,0.062473,4.5351,0.3053,73.1,2026-10-22,48,,,yahoo,0.0,1.0,1.0,1.0,1.0,1.0,0.0,1.0,0.0,7.075,6.3617,-13.0987,-3.3982,33.572,76.1332,104.56,140.94,140.94,-8.378,-32.0278,-32.0278
AMAT,454.7099914550781,454.71,2026-09-04,False,443.3599853515625,460.20001220703125,4.31,188.89,BAJO,360856682496.0,39.2,24.64,14.08,41.07,15.48,33.74,30.05,0.85,33.88,0.29,2.42,6.0,YAHOO,0.7741,2.082,-0.0978,0.062473,4.5351,0.3053,73.1,2026-11-12,69,2026-08-13,22.0,yahoo,1.0,0.0,1.0,1.0,0.0,1.0,1.0,1.0,0.0,-1.5076,-7.6393,-20.211,0.4826,52.2037,80.0894,547.5645,722.2277,722.2277,-16.9577,-37.0406,-37.0406
TXN,258.44000244140625,258.44,2026-09-04,False,255.60499572753906,261.0199890136719,1.82,41.51,BAJO,236019728384.0,39.34,24.28,13.1,35.18,13.06,42.58,31.11,1.5,25.09,0.78,4.86,7.0,YAHOO,0.7741,2.082,-0.0978,0.062473,4.5351,0.3053,73.1,2026-10-27,53,,,yahoo,1.0,1.0,1.0,1.0,0.0,1.0,1.0,0.0,1.0,-0.0773,-2.2394,-13.7916,-8.8742,31.7434,45.5263,282.91,330.5874,330.5874,-8.6494,-21.824,-21.824
TSM,428.9100036621094,428.91,2026-09-04,False,419.4549865722656,429.2699890136719,2.85,84.32,BAJO,2224530653184.0,31.84,19.62,88.29,39.97,19.0,60.34,49.92,32.85,4.7,0.17,2.46,9.0,YAHOO,0.7741,2.082,-0.0978,0.062473,4.5351,0.3053,73.1,2026-10-15,41,,,yahoo,1.0,1.0,1.0,1.0,1.0,1.0,1.0,1.0,1.0,2.728,2.3774,-1.8468,3.5514,22.1642,45.5999,430.97,477.57,477.57,-0.478,-10.1891,-10.1891
AMD,477.57000732421875,477.57,2026-09-04,False,458.0,478.8299865722656,4.69,195.13,BAJO,779621105664.0,121.83,30.91,11.59,10.2,5.13,17.25,15.58,1.13,76.95,0.06,2.61,7.0,YAHOO,0.7741,2.082,-0.0978,0.062473,4.5351,0.3053,73.1,2026-11-03,60,,,yahoo,1.0,1.0,1.0,1.0,0.0,1.0,0.0,1.0,1.0,2.5753,0.9128,-7.6999,2.3993,47.9059,71.431,514.39,580.91,580.91,-7.158,-17.7893,-17.7893
ASML,1714.8800048828125,1714.88,2026-09-04,False,1675.925048828125,1721.5899658203125,4.17,129.06,BAJO,658685427712.0,58.19,28.63,1447.3,53.94,16.45,37.06,30.11,1.28,2603.89,0.09,1.33,8.0,YAHOO,0.7741,2.082,-0.0978,0.062473,4.5351,0.3053,73.1,2026-10-14,40,,,yahoo,1.0,1.0,1.0,1.0,1.0,0.0,1.0,1.0,1.0,1.1037,-2.7714,-2.9148,4.5901,46.7434,49.6857,1883.12,1986.8704,1986.8704,-8.9341,-13.6894,-13.6894
MRVL,223.5500030517578,223.55,2026-09-04,False,210.9499969482422,223.6699981689453,7.05,249.44,BAJO,200905424896.0,73.78,33.26,10.75,16.52,4.12,16.68,27.93,1.2,64.72,0.29,3.17,8.0,YAHOO,0.7741,2.082,-0.0978,0.062473,4.5351,0.3053,73.1,2026-12-01,88,2026-08-27,8.0,yahoo,1.0,1.0,1.0,0.0,1.0,1.0,1.0,1.0,1.0,3.1992,-5.691,-3.4978,-15.1307,62.5591,92.8567,251.01,310.5034,316.352,-10.9398,-28.004,-29.335
QCOM,168.74000549316406,168.74,2026-09-04,False,167.0399932861328,170.6300048828125,0.1,7.8,BAJO,180224524288.0,19.28,16.54,6.45,33.75,11.61,18.53,21.01,5.68,15.34,0.55,2.02,6.0,YAHOO,0.7741,2.082,-0.0978,0.062473,4.5351,0.3053,73.1,2026-10-29,55,,,yahoo,1.0,0.0,1.0,1.0,0.0,1.0,1.0,0.0,1.0,3.3305,5.5418,-9.0596,-21.4326,27.8534,48.9893,169.5572,224.886,248.7425,-0.4819,-24.9664,-32.1628
COIN,184.63999938964844,184.64,2026-09-04,False,182.88999938964844,188.99989318847656,-4.18,-39.87,BAJO,48714850304.0,,67.44,3.72,-7.85,1.12,-13.92,-16.34,5.48,69.65,0.51,2.42,4.0,YAHOO,0.7741,2.082,-0.0978,0.062473,4.5351,0.3053,73.1,2026-10-29,55,,,yahoo,1.0,0.0,1.0,1.0,0.0,1.0,0.0,0.0,0.0,3.3587,-0.992,15.8635,21.1549,114.9077,72.6189,192.7,192.7,387.27,-4.1827,-4.1827,-52.3227
SHOP,145.08999633789062,145.09,2026-09-04,False,144.55499267578125,149.42999267578125,-0.54,-0.09,BAJO,188276703232.0,98.7,59.15,14.75,15.54,10.19,17.55,14.53,0.84,76.38,0.01,5.35,5.0,YAHOO,0.7741,2.082,-0.0978,0.062473,4.5351,0.3053,73.1,2026-11-03,60,2026-08-05,30.0,yahoo,1.0,0.0,1.0,1.0,0.0,1.0,0.0,0.0,1.0,-5.1079,-2.7873,21.6994,32.4539,55.1498,61.3837,158.53,158.53,179.01,-8.4779,-8.4779,-18.9487
RBLX,43.310001373291016,43.31,2026-09-04,False,41.310001373291016,43.459999084472656,4.34,-66.68,BAJO,30939623424.0,,-34.7,203.33,-432.28,-7.73,-13.27,-17.61,4.77,-33.73,14.23,0.82,6.0,YAHOO,0.7741,2.082,-0.0978,0.062473,4.5351,0.3053,73.1,2026-10-29,55,,,yahoo,0.0,1.0,1.0,1.0,1.0,0.0,0.0,1.0,1.0,12.4059,12.8746,-21.426,3.5629,38.2002,83.5267,43.31,57.95,141.56,0.0,-25.2632,-69.4052
UBER,75.76000213623047,75.76,2026-09-04,False,75.20999908447266,76.86000061035156,-0.26,-17.69,BAJO,154744356864.0,16.61,17.29,5.66,37.16,6.88,13.32,17.34,4.68,22.15,0.52,0.84,6.0,YAHOO,0.7741,2.082,-0.0978,0.062473,4.5351,0.3053,73.1,2026-11-03,60,2026-08-05,30.0,yahoo,1.0,0.0,1.0,1.0,0.0,1.0,1.0,1.0,0.0,-3.8823,-3.8579,2.9348,7.1419,16.7839,42.3698,80.35,80.35,100.1,-5.7125,-5.7125,-24.3157
HPQ,32.63999938964844,32.64,2026-09-04,False,31.625,32.779998779296875,2.22,18.6,BAJO,29434456064.0,12.46,10.39,-320.0,,5.63,5.4,4.14,11.52,7.54,,0.79,5.0,YAHOO,0.7741,2.082,-0.0978,0.062473,4.5351,0.3053,73.1,2026-11-24,81,2026-08-26,9.0,yahoo,1.0,0.0,1.0,1.0,0.0,1.0,1.0,0.0,0.0,6.9463,9.862,37.2582,29.1533,29.3024,45.4552,32.64,32.64,32.64,0.0,0.0,0.0
BIDU,99.47000122070312,99.47,2026-09-04,False,97.19000244140625,99.63999938964844,4.07,1.23,BAJO,33738885120.0,,12.55,0.83,-1.39,1.2,9.65,-2.9,,0.1,0.38,2.33,2.0,YAHOO,0.7741,2.082,-0.0978,0.062473,4.5351,0.3053,73.1,2026-11-18,75,2026-08-18,17.0,yahoo,1.0,0.0,0.0,0.0,0.0,0.0,1.0,0.0,0.0,2.4197,6.716,-15.4311,-18.2394,34.2399,44.5677,109.5,117.94,162.52,-9.1598,-15.6605,-38.7952
SPOT,542.4299926757812,542.43,2026-09-04,False,540.8099975585938,563.64501953125,-3.16,-22.99,BAJO,111515041792.0,29.43,30.18,11.39,44.48,12.19,13.71,18.43,1.38,40.49,0.06,2.11,5.0,YAHOO,0.7741,2.082,-0.0978,0.062473,4.5351,0.3053,73.1,2026-11-03,60,,,yahoo,1.0,1.0,1.0,1.0,0.0,0.0,0.0,1.0,0.0,-0.9278,1.6319,11.7905,9.1518,38.6677,38.0568,560.11,560.11,738.53,-3.1565,-3.1565,-26.5528
AVGO,357.8949890136719,357.895,2026-09-04,False,353.70001220703125,360.0450134277344,0.21,17.73,BAJO,1702714146816.0,45.53,18.47,17.11,44.25,15.3,54.31,42.94,1.79,33.38,0.6,2.5,8.0,YAHOO,0.7741,2.082,-0.0978,0.062473,4.5351,0.3053,73.1,,999,2026-09-02,2.0,yahoo,1.0,1.0,1.0,1.0,1.0,1.0,0.0,1.0,1.0,-2.9543,-2.8647,-7.9228,-7.0693,20.8841,43.5048,422.4,427.76,480.8091,-15.2711,-16.3328,-25.564
ACN,186.72000122070312,186.72,2026-09-04,False,186.02000427246094,192.05999755859375,-3.31,-24.71,BAJO,114261827584.0,14.93,12.74,3.58,24.41,10.9,16.96,10.66,10.58,9.12,0.25,1.34,5.0,YAHOO,0.7741,2.082,-0.0978,0.062473,4.5351,0.3053,73.1,2026-10-01,27,,,yahoo,1.0,0.0,1.0,1.0,0.0,1.0,1.0,0.0,0.0,-1.5242,0.7772,37.7397,6.0113,40.6106,60.2796,193.12,193.12,282.7142,-3.314,-3.314,-33.9545
NFLX,78.25,78.25,2026-09-04,False,78.2300033569336,82.69000244140625,-5.35,-37.82,BAJO,325828280320.0,24.61,20.48,10.81,49.54,16.08,33.38,28.22,7.79,23.89,0.55,1.14,7.0,YAHOO,0.7741,2.082,-0.0978,0.062473,4.5351,0.3053,73.1,2026-10-20,46,,,yahoo,1.0,1.0,1.0,0.0,1.0,0.0,1.0,1.0,1.0,-4.2462,-1.6836,3.519,-4.7822,51.4687,38.5387,82.73,82.73,126.325,-5.4152,-5.4152,-38.0566
NIO,3.799999952316284,3.8,2026-09-04,False,3.7200000286102295,3.809999942779541,-1.55,-38.06,BAJO,9521534976.0,,29.32,15.19,-45.32,-2.02,-1.08,-4.17,,1.69,2.03,1.02,6.0,YAHOO,0.7741,2.082,-0.0978,0.062473,4.5351,0.3053,73.1,2026-11-24,81,2026-09-01,3.0,yahoo,0.0,1.0,1.0,1.0,1.0,0.0,0.0,1.0,1.0,-13.0435,-17.9266,-22.449,-29.1045,35.8203,36.0697,4.82,5.23,7.89,-21.1618,-27.3423,-51.8378
BABA,113.23999786376953,113.24,2026-09-04,False,111.97000122070312,113.41000366210938,1.28,-12.76,BAJO,281472008192.0,25.62,12.13,1.69,6.36,1.56,7.29,7.04,-29.36,2.08,0.24,1.36,3.0,YAHOO,0.7741,2.082,-0.0978,0.062473,4.5351,0.3053,73.1,2026-11-24,81,2026-08-20,15.0,yahoo,1.0,0.0,1.0,0.0,0.0,0.0,1.0,0.0,0.0,-4.7603,-5.1114,3.909,-5.6005,16.9646,44.7142,132.32,132.32,187.6169,-14.4196,-14.4196,-39.643
PDD,82.20999908447266,82.21,2026-09-04,False,81.41000366210938,82.5999984741211,0.71,-33.68,BAJO,117017419776.0,8.88,6.63,1.74,22.75,10.01,24.71,20.43,63.78,-3.4,0.01,2.62,4.0,YAHOO,0.7741,2.082,-0.0978,0.062473,4.5351,0.3053,73.1,2026-11-18,75,2026-08-24,11.0,yahoo,1.0,0.0,1.0,1.0,0.0,1.0,0.0,0.0,0.0,-4.0612,-6.9812,-2.9856,-3.3619,13.3784,34.0779,93.0,93.0,138.13,-11.6022,-11.6022,-40.4836
SAP,215.11000061035156,215.11,2026-09-04,False,214.47000122070312,220.25999450683594,-0.88,-19.59,BAJO,248280891392.0,27.76,22.24,67.7,18.32,9.54,27.62,20.41,3.66,299.91,0.22,1.15,7.0,YAHOO,0.7741,2.082,-0.0978,0.062473,4.5351,0.3053,73.1,2026-10-21,47,,,yahoo,1.0,1.0,1.0,1.0,1.0,1.0,0.0,0.0,1.0,-2.9024,-1.6325,36.6472,16.4204,49.1466,43.5461,221.54,221.54,275.6678,-2.9024,-2.9024,-21.9677
SE,112.08999633789062,112.09,2026-09-04,False,111.98500061035156,114.9000015258789,-0.89,-40.97,BAJO,68653391872.0,43.28,21.81,5.52,14.73,4.97,8.35,5.91,0.1,25.02,0.32,1.49,8.0,YAHOO,0.7741,2.082,-0.0978,0.062473,4.5351,0.3053,73.1,2026-11-10,67,2026-08-11,24.0,yahoo,1.0,1.0,1.0,1.0,1.0,1.0,0.0,1.0,1.0,-6.0908,-4.6286,6.4381,29.494,9.3616,52.4014,131.51,131.51,196.5,-14.7669,-14.7669,-42.9567
IBM,234.88999938964844,234.89,2026-09-04,False,231.67999267578125,236.1699981689453,0.08,-2.55,BAJO,221297950720.0,20.84,17.85,6.42,34.46,5.3,16.55,15.52,5.45,16.9,1.89,0.79,6.0,YAHOO,0.7741,2.082,-0.0978,0.062473,4.5351,0.3053,73.1,2026-10-21,47,,,yahoo,1.0,1.0,1.0,1.0,1.0,0.0,0.0,1.0,0.0,-0.2971,-0.3352,-21.6769,-16.9446,15.2685,63.3531,238.79,303.9496,326.8851,-1.6332,-22.7207,-28.1429
ZM,101.33000183105469,101.33,2026-09-04,False,96.86000061035156,102.23999786376953,3.25,22.34,BAJO,29566443520.0,9.19,15.99,2.98,32.14,6.11,24.61,65.19,6.68,16.08,0.01,3.83,7.0,YAHOO,0.7741,2.082,-0.0978,0.062473,4.5351,0.3053,73.1,2026-11-24,81,2026-08-25,10.0,yahoo,1.0,1.0,1.0,1.0,1.0,0.0,1.0,1.0,0.0,2.9463,-5.6781,15.9382,-0.2854,35.3508,43.7956,109.84,109.84,111.88,-7.7476,-7.7476,-9.4297
CSCO,109.19999694824219,109.2,2026-09-04,False,109.0,110.3499984741211,0.54,63.89,BAJO,430530461696.0,32.79,19.49,8.58,27.32,7.98,27.72,20.95,2.6,23.79,0.62,0.93,8.0,YAHOO,0.7741,2.082,-0.0978,0.062473,4.5351,0.3053,73.1,2026-11-12,69,2026-08-12,23.0,yahoo,,,,,,,,,,-0.6641,-1.6571,-4.059,-9.8911,9.5394,34.0101,123.88,123.88,129.5155,-11.8502,-11.8502,-15.6858
DOCU,68.41000366210938,68.41,2026-09-04,False,64.16000366210938,70.4000015258789,3.7,-10.32,BAJO,13062520832.0,41.71,13.19,7.26,16.44,5.51,13.41,9.59,9.57,30.88,0.1,0.67,6.0,YAHOO,0.7741,2.082,-0.0978,0.062473,4.5351,0.3053,73.1,2026-12-03,90,2026-09-03,1.0,yahoo,1.0,0.0,1.0,1.0,0.0,0.0,1.0,1.0,1.0,6.8906,10.3387,44.8751,44.7524,40.1209,53.5044,68.41,68.41,85.01,0.0,0.0,-19.5271
ARM,252.08999633789062,252.09,2026-09-04,False,247.50999450683594,255.69000244140625,3.92,86.02,BAJO,269231767552.0,259.89,82.36,31.2,13.35,5.42,7.6,20.25,0.5,240.37,0.06,5.25,6.0,YAHOO,0.7741,2.082,-0.0978,0.062473,4.5351,0.3053,73.1,2026-11-04,61,,,yahoo,1.0,0.0,1.0,1.0,0.0,1.0,0.0,1.0,1.0,5.4549,3.6043,-16.0372,-26.4894,50.3248,84.4,279.44,439.46,439.46,-9.7874,-42.6364,-42.6364
GRMN,277.0299987792969,277.03,2026-09-04,False,275.0899963378906,277.8800048828125,-0.05,18.42,BAJO,53425938432.0,28.56,25.17,5.92,21.89,12.17,30.44,24.47,1.95,22.07,0.03,3.03,6.0,YAHOO,0.7741,2.082,-0.0978,0.062473,4.5351,0.3053,73.1,2026-10-28,54,,,yahoo,1.0,1.0,1.0,0.0,0.0,1.0,0.0,1.0,1.0,-2.8613,-6.0438,13.756,17.6215,26.9519,41.8196,313.16,313.16,313.16,-11.5372,-11.5372,-11.5372
MSI,468.04998779296875,468.05,2026-09-04,False,466.6499938964844,472.7300109863281,-0.89,-1.16,BAJO,77459365888.0,36.85,24.5,28.99,91.57,11.25,27.35,17.44,2.55,23.17,3.58,1.1,6.0,YAHOO,0.7741,2.082,-0.0978,0.062473,4.5351,0.3053,73.1,2026-11-05,62,2026-08-05,30.0,yahoo,1.0,1.0,1.0,1.0,0.0,0.0,1.0,1.0,0.0,-3.6934,-2.585,11.2974,14.4058,24.8367,27.3883,491.24,491.24,491.24,-4.7207,-4.7207,-4.7207
SNAP,5.46999979019165,5.47,2026-09-04,False,5.460000038146973,5.679999828338623,-4.04,-22.9,BAJO,9250850816.0,,7.05,4.77,-15.58,-2.72,-2.64,-4.9,7.72,-76.61,2.19,2.94,6.0,YAHOO,0.7741,2.082,-0.0978,0.062473,4.5351,0.3053,73.1,2026-11-04,61,,,yahoo,0.0,1.0,1.0,1.0,1.0,0.0,0.0,1.0,1.0,0.7366,4.3893,18.1425,-5.0347,66.6687,67.5004,5.92,5.92,9.09,-7.6014,-7.6014,-39.824
PINS,20.399999618530273,20.4,2026-09-04,False,20.170000076293945,20.739999771118164,-2.16,-45.1,BAJO,11552785408.0,60.0,8.48,3.99,6.46,3.51,-3.46,5.46,10.36,37.05,0.41,3.81,6.0,YAHOO,0.7741,2.082,-0.0978,0.062473,4.5351,0.3053,73.1,2026-11-09,66,,,yahoo,1.0,0.0,1.0,1.0,0.0,0.0,1.0,1.0,1.0,-12.0311,-12.8205,-9.4541,-4.7619,15.103,48.6008,24.37,25.58,37.95,-16.2905,-20.2502,-46.2451
EA,209.6999969482422,209.7,2026-08-10,False,209.6999969482422,209.6999969482422,0.0,0.33,BAJO,52925640704.0,59.74,21.72,7.77,16.46,7.23,25.88,13.8,3.2,30.36,0.26,1.21,6.0,YAHOO,0.7741,2.082,-0.0978,0.062473,4.5351,0.3053,73.1,2026-11-03,60,,,yahoo,1.0,0.0,1.0,1.0,1.0,1.0,1.0,0.0,0.0,0.383,,,,0.0,,,,,,,
PATH,15.1899995803833,15.19,2026-09-04,False,14.770000457763672,16.709999084472656,-16.63,39.95,BAJO,7870246400.0,22.67,16.47,4.05,18.18,2.37,7.27,19.58,6.5,66.46,0.04,2.31,8.0,YAHOO,0.7741,2.082,-0.0978,0.062473,4.5351,0.3053,73.1,2026-12-02,89,2026-09-03,1.0,yahoo,1.0,1.0,1.0,1.0,1.0,0.0,1.0,1.0,1.0,-16.3085,-7.3215,33.0123,35.1423,128.4829,67.878,18.67,18.67,19.29,-18.6395,-18.6395,-21.2545
VZ,50.13999938964844,50.14,2026-09-04,False,50.08000183105469,50.70000076293945,-0.89,21.19,BAJO,208320430080.0,13.06,9.5,2.0,15.84,5.05,23.0,11.64,8.38,7.89,1.84,0.6,4.0,YAHOO,0.7741,2.082,-0.0978,0.062473,4.5351,0.3053,73.1,2026-10-20,46,,,yahoo,1.0,0.0,1.0,1.0,0.0,1.0,0.0,0.0,0.0,0.0798,1.3953,20.129,12.3975,11.7989,27.385,50.59,50.59,50.59,-0.8895,-0.8895,-0.8895
T,25.68000030517578,25.68,2026-09-04,False,25.655000686645508,26.219999313354492,-1.95,-9.14,BAJO,175969271808.0,8.48,10.02,1.6,18.34,4.16,24.79,16.94,5.76,7.69,1.29,0.97,6.0,YAHOO,0.7741,2.082,-0.0978,0.062473,4.5351,0.3053,73.1,2026-10-21,47,,,yahoo,1.0,1.0,1.0,1.0,0.0,1.0,1.0,0.0,0.0,-1.2687,1.5421,23.219,14.3906,19.8884,29.6401,26.19,26.19,28.4181,-1.9473,-1.9473,-9.635
AMX,23.0,23.0,2026-09-04,False,22.954999923706055,23.299999237060547,-0.78,19.31,BAJO,68886724608.0,13.14,11.03,3.12,21.58,6.36,21.49,9.37,222.45,2.36,1.58,0.71,9.0,YAHOO,0.7741,2.082,-0.0978,0.062473,4.5351,0.3053,73.1,2026-10-13,39,,,yahoo,1.0,1.0,1.0,1.0,1.0,1.0,1.0,1.0,1.0,-0.7765,-3.3207,-11.869,-6.2987,14.7013,18.5386,23.89,27.4216,27.4216,-3.7254,-16.1247,-16.1247
TCOM,41.029998779296875,41.03,2026-09-04,False,40.93000030517578,41.650001525878906,-0.89,-43.84,BAJO,25836804096.0,6.1,9.72,1.09,20.14,3.95,24.34,48.65,,-1.25,0.19,1.53,7.0,YAHOO,0.7741,2.082,-0.0978,0.062473,4.5351,0.3053,73.1,2026-09-15,11,2026-08-31,4.0,yahoo,1.0,1.0,1.0,0.0,1.0,1.0,1.0,0.0,1.0,-9.5259,-11.0171,-0.8458,-13.9652,33.3351,39.5431,47.12,47.4,78.96,-12.9244,-13.4388,-48.037
TRIP,9.324999809265137,9.325,2026-09-04,False,9.109999656677246,9.524999618530273,0.38,-48.13,BAJO,1085067904.0,,8.68,1.63,-0.23,1.92,9.44,0.27,-9.35,10.37,1.35,1.56,7.0,YAHOO,0.7741,2.082,-0.0978,0.062473,4.5351,0.3053,73.1,2026-11-05,62,2026-08-06,29.0,yahoo,1.0,1.0,1.0,1.0,1.0,0.0,1.0,0.0,1.0,-5.5218,-6.75,-29.4095,-21.3744,33.2274,69.1703,10.97,14.93,19.14,-14.9954,-37.5419,-51.28
ABNB,181.94000244140625,181.94,2026-09-04,False,181.16000366210938,184.50999450683594,-1.79,45.07,BAJO,108943065088.0,41.63,29.63,13.76,34.54,6.14,21.01,20.45,2.94,36.09,0.32,1.41,5.0,YAHOO,0.7741,2.082,-0.0978,0.062473,4.5351,0.3053,73.1,2026-11-05,62,2026-08-06,29.0,yahoo,1.0,0.0,1.0,1.0,0.0,0.0,1.0,0.0,1.0,-3.954,-2.8617,27.2753,36.2438,19.5415,47.9258,190.5,190.5,190.5,-4.4934,-4.4934,-4.4934
ORCL,158.77999877929688,158.78,2026-09-04,False,156.7100067138672,159.6999969482422,3.08,-28.04,BAJO,457361195008.0,27.28,14.48,12.18,53.38,6.5,36.2,25.37,-5.36,19.18,3.89,1.11,5.0,YAHOO,0.7741,2.082,-0.0978,0.062473,4.5351,0.3053,73.1,2026-09-10,6,,,yahoo,1.0,0.0,1.0,1.0,1.0,1.0,0.0,0.0,0.0,5.2569,8.4044,13.4119,-25.4341,75.5153,56.3054,158.78,191.9721,324.63,0.0,-17.2901,-51.0889
TMUS,181.52000427246094,181.52,2026-09-04,False,180.64999389648438,187.7100067138672,-3.46,-26.53,BAJO,194711355392.0,19.01,12.57,3.47,17.99,5.97,25.22,11.46,5.82,9.29,2.14,0.92,6.0,YAHOO,0.7741,2.082,-0.0978,0.062473,4.5351,0.3053,73.1,2026-10-22,48,,,yahoo,1.0,0.0,1.0,1.0,0.0,1.0,1.0,0.0,1.0,0.0827,-0.2581,1.3476,2.5085,41.8462,40.4453,188.02,194.5173,247.5309,-3.4571,-6.6818,-26.6677
ANET,193.77999877929688,193.78,2026-09-04,False,190.55999755859375,197.10000610351562,1.22,37.22,BAJO,244400128000.0,61.32,37.55,16.52,31.48,14.12,45.39,38.37,1.59,49.16,,2.96,4.0,YAHOO,0.7741,2.082,-0.0978,0.062473,4.5351,0.3053,73.1,2026-11-03,60,,,yahoo,1.0,0.0,1.0,1.0,0.0,0.0,1.0,0.0,0.0,-0.8189,2.7193,7.0312,25.6109,44.0742,57.6745,210.5,210.5,210.5,-7.943,-7.943,-7.943
LRCX,307.6499938964844,307.65,2026-09-04,False,297.3800048828125,310.29998779296875,5.12,208.01,BAJO,384968884224.0,53.32,26.58,30.87,65.07,22.84,37.39,31.27,0.8,42.21,0.33,2.63,8.0,YAHOO,0.7741,2.082,-0.0978,0.062473,4.5351,0.3053,73.1,2026-10-21,47,,,yahoo,1.0,1.0,1.0,0.0,1.0,1.0,1.0,1.0,1.0,1.9046,-2.0223,-7.6542,1.5124,59.1807,81.3196,343.84,433.33,433.33,-10.5252,-29.0033,-29.0033
ADI,362.25,362.25,2026-09-04,False,358.989990234375,364.989990234375,1.61,48.98,BAJO,175533834240.0,43.07,22.17,5.23,12.23,6.41,39.5,29.79,2.36,25.94,0.27,1.25,8.0,YAHOO,0.7741,2.082,-0.0978,0.062473,4.5351,0.3053,73.1,2026-11-24,81,2026-08-19,16.0,yahoo,1.0,1.0,1.0,1.0,0.0,1.0,1.0,1.0,1.0,0.435,-2.6096,-5.7204,-9.4761,22.434,39.5559,389.0945,444.1269,444.1269,-6.8992,-18.4355,-18.4355
SNDK,1740.0,1740.0,2026-09-04,False,1581.0,1740.0,11.9,2683.95,BAJO,254769070080.0,23.61,6.57,16.48,91.64,43.91,78.47,56.46,3.03,17.68,0.01,2.29,7.0,YAHOO,0.7741,2.082,-0.0978,0.062473,4.5351,0.3053,73.1,2026-11-06,63,2026-08-05,30.0,yahoo,1.0,1.0,1.0,1.0,0.0,0.0,1.0,1.0,1.0,17.1733,9.0171,0.7422,11.5871,98.3489,138.1803,1786.85,2335.0,2335.0,-2.6219,-25.4818,-25.4818
NOW,141.25999450683594,141.26,2026-09-04,False,138.8000030517578,145.1999969482422,-2.97,-21.45,BAJO,146043338752.0,88.29,28.22,11.67,14.24,4.25,4.06,11.34,3.53,53.27,0.68,0.7,4.0,YAHOO,0.7741,2.082,-0.0978,0.062473,4.5351,0.3053,73.1,2026-10-28,54,,,yahoo,1.0,0.0,1.0,1.0,1.0,0.0,0.0,0.0,0.0,-2.3841,9.9471,31.0633,25.6203,80.3986,61.5,147.99,147.99,192.23,-4.5476,-4.5476,-26.5151
NBIS,226.38999938964844,226.39,2026-09-04,False,209.40499877929688,226.5800018310547,7.48,248.72,BAJO,61545304064.0,,-75.53,6.0,0.6,-1.92,-0.22,3.13,-15.62,232.12,0.99,4.03,6.0,YAHOO,0.7741,2.082,-0.0978,0.062473,4.5351,0.3053,73.1,2026-11-10,67,2026-08-12,23.0,yahoo,1.0,1.0,1.0,1.0,0.0,0.0,0.0,1.0,1.0,8.2274,3.3131,4.5778,-0.6233,70.2927,143.5458,277.68,286.69,286.69,-18.4709,-21.0332,-21.0332
OXY,60.040000915527344,60.04,2026-09-04,False,59.35200119018555,60.36000061035156,-0.94,31.43,BAJO,60018229248.0,17.71,15.65,1.79,10.63,4.68,45.44,30.32,6.31,5.83,0.35,1.41,4.0,YAHOO,0.7741,2.082,-0.0978,0.062473,4.5351,0.3053,73.1,2026-11-09,66,2026-08-05,30.0,yahoo,1.0,0.0,1.0,1.0,1.0,0.0,0.0,0.0,0.0,1.5905,-2.0555,12.0358,5.95,15.2164,33.4902,61.52,61.52,65.9354,-2.4057,-2.4057,-8.9412
XOM,159.47000122070312,159.47,2026-09-04,False,159.17999267578125,161.4600067138672,-1.69,45.94,BAJO,655726608384.0,20.52,14.79,2.53,12.58,5.52,15.86,9.07,3.15,10.38,0.16,1.14,5.0,YAHOO,0.7741,2.082,-0.0978,0.062473,4.5351,0.3053,73.1,2026-10-30,56,,,yahoo,1.0,0.0,1.0,1.0,1.0,0.0,1.0,0.0,0.0,1.7612,-3.4159,13.7268,7.0588,27.6776,25.9733,166.15,166.15,169.2183,-4.0205,-4.0205,-5.7608
CVX,208.60000610351562,208.6,2026-09-04,False,207.1199951171875,209.8612060546875,-1.29,37.45,BAJO,409190465536.0,20.06,15.53,2.15,12.23,5.86,21.87,9.83,5.36,8.86,0.19,1.25,5.0,YAHOO,0.7741,2.082,-0.0978,0.062473,4.5351,0.3053,73.1,2026-10-30,56,,,yahoo,1.0,0.0,1.0,1.0,0.0,1.0,0.0,1.0,0.0,3.339,1.6223,19.5775,12.3381,24.4603,25.4521,211.78,211.78,211.78,-1.5016,-1.5016,-1.5016
PSX,255.08999633789062,255.09,2026-09-04,False,248.0,256.9757080078125,0.17,99.56,BAJO,102274506752.0,14.56,11.98,3.23,23.45,6.04,8.53,4.66,4.44,12.02,0.63,1.32,7.0,YAHOO,0.7741,2.082,-0.0978,0.062473,4.5351,0.3053,73.1,2026-10-29,55,2026-08-05,30.0,yahoo,1.0,1.0,1.0,1.0,0.0,1.0,1.0,1.0,0.0,4.5408,5.0315,36.5443,40.072,20.2292,31.4763,256.09,256.09,256.09,-0.3905,-0.3905,-0.3905
YPF,52.619998931884766,52.62,2026-09-04,False,51.349998474121094,53.040000915527344,0.4,70.68,BAJO,20630990848.0,27.84,9.59,1.97,7.26,8.34,27.51,4.0,6030.34,1.33,0.85,0.93,4.0,YAHOO,0.7741,2.082,-0.0978,0.062473,4.5351,0.3053,73.1,2026-10-29,55,2026-08-11,24.0,yahoo,0.0,0.0,1.0,1.0,0.0,1.0,1.0,0.0,0.0,4.8207,2.8136,9.8539,-1.6449,38.1897,36.9479,53.91,56.35,56.35,-2.3929,-6.6193,-6.6193
VIST,73.7300033569336,73.73,2026-09-04,False,73.02999877929688,74.55000305175781,-1.18,89.34,BAJO,8155822080.0,9.7,7.34,2.46,29.79,10.0,44.24,23.56,1.51,5.42,1.07,0.69,3.0,YAHOO,0.7741,2.082,-0.0978,0.062473,4.5351,0.3053,73.1,2026-10-28,54,,,yahoo,1.0,0.0,1.0,1.0,0.0,0.0,0.0,0.0,0.0,5.1183,5.9644,12.9962,-0.9272,57.0986,42.4615,77.03,77.03,79.25,-4.284,-4.284,-6.9653
VST,149.3000030517578,149.3,2026-09-04,False,143.16000366210938,149.4499969482422,3.52,-20.95,BAJO,50110337024.0,25.18,14.4,16.69,42.96,5.89,13.77,11.55,0.07,10.68,3.73,0.97,5.0,YAHOO,0.7741,2.082,-0.0978,0.062473,4.5351,0.3053,73.1,2026-11-05,62,2026-08-07,28.0,yahoo,1.0,0.0,1.0,1.0,1.0,0.0,1.0,0.0,0.0,8.9066,9.6102,-3.5654,0.5036,29.301,42.4566,149.3,168.98,217.0162,0.0,-11.6463,-31.2033
BP,43.810001373291016,43.81,2026-09-04,False,42.939998626708984,44.005001068115234,0.53,34.25,BAJO,112828473344.0,20.96,9.22,7.76,8.87,5.04,13.15,2.55,11.41,12.87,0.95,1.27,7.0,YAHOO,0.7741,2.082,-0.0978,0.062473,4.5351,0.3053,73.1,2026-10-30,56,,,yahoo,1.0,0.0,1.0,1.0,0.0,1.0,1.0,1.0,1.0,3.9383,-2.1224,13.1049,3.2079,35.5589,32.3185,45.14,45.14,46.5196,-2.9464,-2.9464,-5.8246
E,53.58000183105469,53.58,2026-09-04,False,53.45000076293945,54.189998626708984,-2.81,57.15,BAJO,77191749632.0,12.04,9.17,1.45,10.9,3.07,10.66,5.87,-11.64,8.1,0.65,1.48,6.0,YAHOO,0.7741,2.082,-0.0978,0.062473,4.5351,0.3053,73.1,2026-10-23,49,,,yahoo,1.0,1.0,1.0,1.0,0.0,1.0,1.0,0.0,0.0,1.4581,-5.1178,10.7025,-0.4089,27.2217,33.2457,57.35,57.35,57.35,-6.5737,-6.5737,-6.5737
SHEL,92.94999694824219,92.95,2026-09-04,False,92.16500091552734,93.58999633789062,0.67,33.27,BAJO,255681150976.0,10.28,10.31,1.43,14.34,6.4,16.69,8.76,8.39,5.21,0.4,1.44,5.0,YAHOO,0.7741,2.082,-0.0978,0.062473,4.5351,0.3053,73.1,2026-10-29,55,,,yahoo,1.0,1.0,1.0,1.0,0.0,0.0,1.0,0.0,0.0,2.244,-0.4072,14.0134,9.7946,21.825,23.6554,93.65,93.65,93.65,-0.7475,-0.7475,-0.7475
HAL,37.06999969482422,37.07,2026-09-04,False,36.8849983215332,37.459999084472656,-0.59,68.26,BAJO,30884143104.0,19.41,12.77,2.81,14.92,7.26,12.79,7.16,6.64,9.0,0.74,2.02,4.0,YAHOO,0.7741,2.082,-0.0978,0.062473,4.5351,0.3053,73.1,2026-10-20,46,,,yahoo,1.0,0.0,1.0,1.0,0.0,0.0,1.0,0.0,0.0,2.9354,5.3821,6.4971,-4.9463,26.4567,34.6947,37.63,39.5763,42.6002,-1.4882,-6.3329,-12.9817
SLB,57.5099983215332,57.51,2026-09-04,False,56.2400016784668,57.54999923706055,0.17,63.56,BAJO,85353078784.0,28.05,17.79,3.27,12.91,6.17,12.71,8.53,3.46,12.88,0.47,1.44,4.0,YAHOO,0.7741,2.082,-0.0978,0.062473,4.5351,0.3053,73.1,2026-10-23,49,,,yahoo,1.0,0.0,1.0,1.0,1.0,0.0,0.0,0.0,0.0,0.8345,7.3109,21.8815,5.3552,47.8064,41.8012,59.7898,59.7898,59.7898,-3.813,-3.813,-3.813
COP,134.25999450683594,134.26,2026-09-04,False,132.57000732421875,135.4199981689453,-1.08,44.56,BAJO,161291567104.0,17.76,14.12,2.47,14.18,7.53,31.51,14.4,4.77,6.67,0.36,1.54,7.0,YAHOO,0.7741,2.082,-0.0978,0.062473,4.5351,0.3053,73.1,2026-11-05,62,2026-08-06,29.0,yahoo,1.0,0.0,1.0,1.0,1.0,1.0,1.0,0.0,1.0,2.9996,-0.4523,22.0696,15.3795,29.2623,30.2234,137.2,137.2,137.2,-2.1429,-2.1429,-2.1429
GPRK,11.5600004196167,11.56,2026-09-04,False,11.444999694824219,11.920000076293945,-2.86,80.95,BAJO,750194944.0,8.14,6.49,1.71,28.57,7.81,27.52,16.0,12.3,3.66,1.81,1.17,3.0,YAHOO,0.7741,2.082,-0.0978,0.062473,4.5351,0.3053,73.1,2026-11-04,61,2026-08-12,23.0,yahoo,1.0,0.0,1.0,0.0,0.0,1.0,0.0,0.0,0.0,17.5992,18.0797,16.4668,9.6353,46.7072,46.9462,11.9,11.9,11.9,-2.8571,-2.8571,-2.8571
CEG,298.9599914550781,298.96,2026-09-04,False,284.0400085449219,299.7300109863281,4.88,-2.78,BAJO,105923731456.0,29.22,22.41,3.32,15.06,3.89,8.66,11.08,-6.25,15.76,0.76,1.46,6.0,YAHOO,0.7741,2.082,-0.0978,0.062473,4.5351,0.3053,73.1,2026-11-09,66,2026-08-06,29.0,yahoo,1.0,0.0,1.0,1.0,1.0,0.0,1.0,0.0,1.0,8.0253,9.5573,22.452,17.4978,45.0822,35.9251,298.96,298.96,401.7044,0.0,0.0,-25.5771
FSLR,204.4499969482422,204.45,2026-09-04,False,203.4783935546875,209.67990112304688,-1.43,1.23,BAJO,21972199424.0,12.6,8.85,2.13,18.51,8.62,42.64,32.46,7.28,8.7,0.02,2.52,7.0,YAHOO,0.7741,2.082,-0.0978,0.062473,4.5351,0.3053,73.1,2026-10-29,55,,,yahoo,1.0,1.0,1.0,1.0,1.0,1.0,0.0,0.0,1.0,-0.0049,-4.5875,-8.8498,-26.7231,29.9886,44.8829,240.91,273.51,318.25,-15.1343,-25.2495,-35.7581
CCJ,100.73999786376953,100.74,2026-09-04,False,99.61000061035156,101.54000091552734,0.12,32.22,BAJO,43875594240.0,173.69,53.27,8.48,5.11,2.98,9.11,10.21,0.11,55.02,0.17,3.06,8.0,YAHOO,0.7741,2.082,-0.0978,0.062473,4.5351,0.3053,73.1,2026-10-30,56,,,yahoo,1.0,1.0,1.0,1.0,1.0,1.0,0.0,1.0,1.0,0.7299,-1.7267,6.3443,-2.6102,45.5281,43.2332,107.36,108.89,134.09,-6.1662,-7.4846,-24.8714
PBR,20.1200008392334,20.12,2026-09-04,False,20.1200008392334,20.45050048828125,-1.9,69.51,BAJO,129660657664.0,5.08,5.05,1.39,30.27,10.07,44.68,24.32,72.68,1.83,0.76,0.85,7.0,YAHOO,0.7741,2.082,-0.0978,0.062473,4.5351,0.3053,73.1,2026-11-10,67,2026-08-06,29.0,yahoo,1.0,1.0,1.0,1.0,1.0,1.0,1.0,0.0,0.0,8.5807,8.1469,20.1284,16.6768,53.9818,34.2456,20.86,20.86,21.2388,-3.5475,-3.5475,-5.2676
NEE,83.43000030517578,83.43,2026-09-04,False,83.2300033569336,84.12000274658203,-0.75,21.05,BAJO,174033158144.0,18.75,19.01,3.05,11.68,2.44,31.52,32.4,-10.21,20.13,1.62,0.53,5.0,YAHOO,0.7741,2.082,-0.0978,0.062473,4.5351,0.3053,73.1,2026-10-27,53,,,yahoo,1.0,0.0,1.0,1.0,0.0,1.0,0.0,1.0,0.0,1.9428,0.487,-3.8685,-2.0767,12.998,14.3526,85.5765,89.1198,96.443,-2.5083,-6.3845,-13.493
PAAS,51.34000015258789,51.34,2026-09-04,False,50.650001525878906,52.038299560546875,-2.4,54.27,BAJO,21286488064.0,15.19,10.9,2.91,22.41,11.77,37.81,32.03,6.19,9.92,0.11,2.94,7.0,YAHOO,0.7741,2.082,-0.0978,0.062473,4.5351,0.3053,73.1,2026-11-16,73,2026-08-12,23.0,yahoo,1.0,1.0,1.0,1.0,1.0,1.0,0.0,1.0,0.0,-2.8939,-2.9233,20.9357,8.2779,52.5705,52.4171,54.89,54.89,68.0597,-6.4675,-6.4675,-24.5663
HMY,20.270000457763672,20.27,2026-09-04,False,20.174999237060547,20.549999237060547,-2.36,47.41,BAJO,12668292096.0,7.09,7.95,2.73,48.05,25.06,47.17,29.57,77.76,0.31,0.13,0.84,,YAHOO,0.7741,2.082,-0.0978,0.062473,4.5351,0.3053,73.1,,999,2026-08-27,8.0,yahoo,,,,,,,,,,0.1977,-13.8913,40.4712,29.0261,67.3204,64.5005,23.54,23.54,25.5485,-13.8913,-13.8913,-20.6607
B,44.75,44.75,2026-09-04,False,44.470001220703125,45.35499954223633,-2.21,67.73,BAJO,73653329920.0,11.56,10.2,2.7,27.01,13.44,51.34,31.6,6.91,6.48,0.13,3.01,9.0,YAHOO,0.7741,2.082,-0.0978,0.062473,4.5351,0.3053,73.1,2026-11-09,66,2026-08-10,25.0,yahoo,1.0,1.0,1.0,1.0,1.0,1.0,1.0,1.0,1.0,-1.5943,-5.6256,25.6917,13.8424,57.3226,47.1192,48.6827,48.6827,52.117,-8.0781,-8.0781,-14.1354
VALE,15.270000457763672,15.27,2026-09-04,False,15.109999656677246,15.550000190734863,-0.26,61.13,BAJO,64985497600.0,30.54,7.79,1.75,4.11,7.92,21.95,4.75,20.48,1.94,0.55,1.19,4.0,YAHOO,0.7741,2.082,-0.0978,0.062473,4.5351,0.3053,73.1,2026-10-29,55,,,yahoo,1.0,0.0,1.0,1.0,0.0,1.0,0.0,0.0,0.0,1.5968,4.6607,11.7841,3.1232,44.04,30.4809,15.73,15.73,17.3257,-2.9243,-2.9243,-11.865
LAC,3.0,3.0,2026-09-04,False,2.930000066757202,3.005000114440918,1.01,7.47,BAJO,1089128832.0,,-21.31,0.77,-3.7,-1.66,0.0,0.0,-123.85,-30.15,0.6,5.47,1.0,YAHOO,0.7741,2.082,-0.0978,0.062473,4.5351,0.3053,73.1,2026-11-13,70,2026-08-13,22.0,yahoo,0.0,0.0,0.0,1.0,0.0,0.0,0.0,0.0,0.0,-2.2801,-4.4586,-16.2011,-33.7748,38.4971,51.5924,3.43,4.58,10.05,-12.5364,-34.4978,-70.1493
RIO,103.2699966430664,103.27,2026-09-04,False,102.2300033569336,103.76000213623047,0.42,73.64,BAJO,167954120704.0,13.99,11.94,2.56,19.31,8.11,28.05,19.58,2.14,8.15,0.32,1.42,4.0,YAHOO,0.7741,2.082,-0.0978,0.062473,4.5351,0.3053,73.1,,999,2026-07-28,38.0,yahoo,1.0,0.0,1.0,1.0,0.0,0.0,0.0,1.0,0.0,-0.029,-1.9278,18.8487,4.8144,10.0117,28.7146,106.81,106.81,109.6326,-3.3143,-3.3143,-5.8036
GFI,47.400001525878906,47.4,2026-09-04,False,47.334999084472656,48.3849983215332,-1.58,46.0,BAJO,42228494336.0,9.65,8.9,10.06,58.68,28.52,55.0,38.65,9.89,12.13,0.29,1.87,9.0,YAHOO,0.7741,2.082,-0.0978,0.062473,4.5351,0.3053,73.1,,999,2026-08-25,10.0,yahoo,1.0,1.0,1.0,1.0,1.0,1.0,1.0,1.0,1.0,3.1332,-0.8576,44.1606,29.4375,74.9383,58.5019,48.87,48.87,59.7691,-3.008,-3.008,-20.6948
GGB,4.96999979019165,4.97,2026-09-04,False,4.945000171661377,5.025000095367432,0.4,65.13,BAJO,9751768064.0,22.59,8.42,0.94,4.18,5.03,12.75,3.22,27.15,1.96,0.28,2.87,5.0,YAHOO,0.7741,2.082,-0.0978,0.062473,4.5351,0.3053,73.1,2026-10-26,52,,,yahoo,1.0,0.0,1.0,1.0,0.0,0.0,1.0,0.0,1.0,8.2789,14.7806,16.7952,9.416,45.0207,38.1304,4.97,5.0866,5.0866,0.0,-2.292,-2.292
FCX,72.7300033569336,72.73,2026-09-04,False,71.45339965820312,73.27999877929688,0.23,59.51,BAJO,104441561088.0,35.65,17.59,5.19,14.75,7.58,33.4,11.39,2.07,12.83,0.32,2.07,6.0,YAHOO,0.7741,2.082,-0.0978,0.062473,4.5351,0.3053,73.1,2026-10-22,48,,,yahoo,1.0,1.0,1.0,1.0,1.0,0.0,1.0,0.0,0.0,-4.8659,-5.1265,26.794,15.049,43.322,47.3101,79.91,79.91,79.91,-8.9851,-8.9851,-8.9851
HL,20.68000030517578,20.68,2026-09-04,False,20.31999969482422,20.969999313354492,-2.5,133.83,BAJO,13892171776.0,24.92,19.44,5.19,22.17,15.3,44.27,19.15,2.46,14.22,0.01,5.2,8.0,YAHOO,0.7741,2.082,-0.0978,0.062473,4.5351,0.3053,73.1,2026-11-05,62,,,yahoo,1.0,1.0,1.0,1.0,1.0,1.0,0.0,1.0,1.0,1.472,-0.174,37.0706,39.9456,89.7048,66.8202,21.43,21.43,31.7903,-3.4998,-3.4998,-34.9488
NEM,128.08999633789062,128.09,2026-09-04,False,126.06500244140625,128.86000061035156,-1.79,72.61,BAJO,134967443456.0,16.15,12.7,3.85,25.91,15.75,51.57,33.36,6.53,7.87,0.16,2.55,9.0,YAHOO,0.7741,2.082,-0.0978,0.062473,4.5351,0.3053,73.1,2026-10-22,48,,,yahoo,1.0,1.0,1.0,1.0,1.0,1.0,1.0,1.0,1.0,0.2943,-2.4497,37.7217,28.73,53.0518,46.7532,134.8593,134.8593,134.8593,-5.0195,-5.0195,-5.0195
GOLD,46.130001068115234,46.13,2026-09-04,False,41.02159881591797,46.29499816894531,11.21,96.38,BAJO,1343365248.0,15.27,12.37,1.53,10.8,2.81,0.44,0.32,31.33,8.8,0.93,1.15,4.0,YAHOO,0.7741,2.082,-0.0978,0.062473,4.5351,0.3053,73.1,2026-11-05,62,2026-09-02,2.0,yahoo,1.0,0.0,1.0,1.0,0.0,0.0,0.0,1.0,0.0,1.2733,-0.1731,11.749,16.4311,119.4556,51.3194,46.85,46.85,63.5992,-1.5368,-1.5368,-27.4676
MUX,20.06999969482422,20.07,2026-09-04,False,19.809999465942383,20.309999465942383,-2.29,50.06,BAJO,1198983552.0,15.93,4.93,1.7,13.54,-0.43,-5.92,32.46,-1.55,45.38,0.18,2.04,5.0,YAHOO,0.7741,2.082,-0.0978,0.062473,4.5351,0.3053,73.1,2026-11-04,61,2026-08-05,30.0,yahoo,1.0,1.0,1.0,0.0,0.0,1.0,0.0,1.0,0.0,-1.714,-3.4168,14.6202,9.7921,71.1965,57.2262,21.66,21.66,29.05,-7.3407,-7.3407,-30.9122
NXE,10.729999542236328,10.73,2026-09-04,False,10.470000267028809,10.84000015258789,0.56,41.13,BAJO,7194530304.0,,-57.46,5.37,-17.67,-3.39,0.0,0.0,-4.15,-62.7,0.34,1.46,2.0,YAHOO,0.7741,2.082,-0.0978,0.062473,4.5351,0.3053,73.1,2026-11-03,60,,,yahoo,0.0,0.0,0.0,1.0,0.0,1.0,0.0,0.0,0.0,3.1731,-1.1971,16.8845,4.3774,66.7061,49.557,11.21,11.21,13.92,-4.2819,-4.2819,-22.9167
MP,54.529998779296875,54.53,2026-09-04,False,54.19499969482422,58.52000045776367,1.39,-15.09,BAJO,9711879168.0,,61.62,4.96,-3.58,-1.52,-14.72,-14.56,-4.46,234.07,0.41,9.51,4.0,YAHOO,0.7741,2.082,-0.0978,0.062473,4.5351,0.3053,73.1,2026-11-05,62,2026-08-06,29.0,yahoo,0.0,1.0,0.0,0.0,1.0,1.0,0.0,1.0,0.0,-2.8505,-9.1923,2.8868,-7.8574,30.8608,64.6184,60.17,60.88,98.65,-9.3734,-10.4304,-44.7238
JPM,358.6400146484375,358.64,2026-09-04,False,355.2300109863281,362.8599853515625,-0.94,20.25,BAJO,953331941376.0,15.36,14.34,2.7,17.79,1.36,50.39,34.92,,,,,3.0,YAHOO,0.7741,2.082,-0.0978,0.062473,4.5351,0.3053,73.1,2026-10-13,39,,,yahoo,1.0,0.0,0.0,0.0,1.0,0.0,1.0,0.0,0.0,0.2852,2.0081,8.475,15.3298,17.5266,20.3576,365.18,365.18,365.18,-1.7909,-1.7909,-1.7909
AXP,326.1600036621094,326.16,2026-09-04,False,325.67999267578125,328.5400085449219,-1.11,-0.35,BAJO,220259057664.0,19.78,16.22,6.42,34.38,3.79,20.32,16.14,,,1.72,1.55,4.0,YAHOO,0.7741,2.082,-0.0978,0.062473,4.5351,0.3053,73.1,2026-10-23,49,,,yahoo,1.0,0.0,1.0,1.0,0.0,0.0,1.0,0.0,0.0,-2.1128,-2.9286,-3.0411,5.2768,24.8541,24.5878,344.08,361.57,381.7816,-5.2081,-9.7934,-14.5689
MA,579.2100219726562,579.21,2026-09-04,False,578.7100219726562,584.4998779296875,-1.11,-2.2,BAJO,507393736704.0,31.89,25.15,90.56,241.2,24.06,61.11,46.34,3.34,23.7,4.4,1.06,9.0,YAHOO,0.7741,2.082,-0.0978,0.062473,4.5351,0.3053,73.1,2026-10-29,55,,,yahoo,1.0,1.0,1.0,1.0,1.0,1.0,1.0,1.0,1.0,-2.7028,-0.2446,11.6033,18.1439,18.5229,22.0551,599.86,599.86,599.86,-3.4425,-3.4425,-3.4425
V,375.07000732421875,375.07,2026-09-04,False,373.6400146484375,377.5,-0.97,7.66,BAJO,700273459200.0,31.95,25.0,19.88,61.19,19.11,66.13,50.78,2.91,22.73,0.68,0.98,6.0,YAHOO,0.7741,2.082,-0.0978,0.062473,4.5351,0.3053,73.1,2026-10-27,53,,,yahoo,1.0,0.0,1.0,1.0,1.0,0.0,1.0,0.0,1.0,-1.7112,1.0861,8.125,16.1315,22.6899,20.5877,384.14,384.14,384.14,-2.3611,-2.3611,-2.3611
PYPL,54.959999084472656,54.96,2026-09-04,False,54.5099983215332,56.125,-3.27,-19.08,BAJO,47016128512.0,10.39,9.5,2.39,24.5,4.62,16.97,14.36,9.41,7.99,0.72,1.29,9.0,YAHOO,0.7741,2.082,-0.0978,0.062473,4.5351,0.3053,73.1,2026-10-27,53,,,yahoo,1.0,1.0,1.0,1.0,1.0,1.0,1.0,1.0,1.0,2.4227,-10.7067,23.4224,33.1073,58.0857,53.2289,62.3,62.3,75.4763,-11.7817,-11.7817,-27.1825
PAGS,9.729999542236328,9.73,2026-09-04,False,9.649999618530273,9.960000038146973,-2.31,7.55,BAJO,2682035712.0,6.66,5.17,0.91,14.54,6.36,36.2,10.86,-69.21,0.34,0.12,1.55,7.0,YAHOO,0.7741,2.082,-0.0978,0.062473,4.5351,0.3053,73.1,2026-11-11,68,2026-08-11,24.0,yahoo,1.0,0.0,1.0,1.0,1.0,0.0,1.0,1.0,1.0,9.4488,12.877,10.9464,14.068,65.8647,30.9117,9.96,9.96,11.7187,-2.3092,-2.3092,-16.9701
NU,15.369999885559082,15.37,2026-09-04,False,15.1899995803833,15.632800102233887,-1.98,3.31,BAJO,74247684096.0,21.05,13.41,5.6,31.63,4.96,50.15,42.73,,,,,4.0,YAHOO,0.7741,2.082,-0.0978,0.062473,4.5351,0.3053,73.1,2026-11-12,69,2026-08-13,22.0,yahoo,1.0,0.0,1.0,1.0,1.0,0.0,0.0,0.0,0.0,7.4825,5.4184,14.9589,28.4043,59.1611,40.2147,15.68,15.68,18.76,-1.977,-1.977,-18.0704
XP,19.860000610351562,19.86,2026-09-04,False,19.649999618530273,20.104999542236328,-0.7,13.47,BAJO,10077817856.0,10.08,8.32,2.19,22.56,1.36,31.18,28.54,,,6.42,1.49,7.0,YAHOO,0.7741,2.082,-0.0978,0.062473,4.5351,0.3053,73.1,2026-11-16,73,2026-08-17,18.0,yahoo,1.0,1.0,1.0,1.0,1.0,0.0,1.0,1.0,0.0,12.4575,18.144,28.627,31.1425,53.6651,39.3553,20.0,20.0,22.6565,-0.7,-0.7,-12.3431
AIG,76.20999908447266,76.21,2026-09-04,False,75.94000244140625,76.70999908447266,-0.85,-4.58,BAJO,39849689088.0,13.91,8.68,0.98,7.22,1.76,19.41,11.09,18.48,4.77,0.22,0.61,5.0,YAHOO,0.7741,2.082,-0.0978,0.062473,4.5351,0.3053,73.1,2026-11-04,61,2026-08-06,29.0,yahoo,1.0,1.0,1.0,1.0,0.0,0.0,1.0,0.0,0.0,-0.9359,0.1182,-4.2828,1.6246,13.3752,21.1506,77.61,81.06,85.514,-1.8039,-5.9832,-10.8801
BRK-B,506.0299987792969,506.03,2026-09-04,False,504.2950134277344,507.5,-0.41,-0.23,BAJO,1083263352832.0,12.72,22.8,0.0,12.12,6.01,32.56,22.3,6.64,-1.79,0.17,2.89,4.0,YAHOO,0.7741,2.082,-0.0978,0.062473,4.5351,0.3053,73.1,2026-11-07,64,2026-08-08,27.0,yahoo,1.0,0.0,1.0,0.0,1.0,0.0,1.0,0.0,0.0,0.204,2.0592,2.2717,3.6671,8.7295,15.0128,529.42,529.42,529.42,-4.418,-4.418,-4.418
BBD,3.4700000286102295,3.47,2026-09-04,False,3.4100000858306885,3.490000009536743,0.29,18.01,BAJO,36744445952.0,8.26,6.2,1.03,13.76,1.07,34.52,26.07,,,,,4.0,YAHOO,0.7741,2.082,-0.0978,0.062473,4.5351,0.3053,73.1,2026-11-04,61,2026-08-05,30.0,yahoo,1.0,1.0,0.0,0.0,1.0,0.0,1.0,0.0,0.0,6.8932,11.7051,1.6963,5.655,26.8301,28.3813,3.47,3.7214,4.1061,0.0,-6.7557,-15.4925
AEG,9.140000343322754,9.14,2026-09-04,False,9.140000343322754,9.270000457763672,-0.65,27.97,BAJO,13571937280.0,12.19,9.76,1.31,11.07,0.1,5.82,8.62,-31.79,,0.43,1.16,6.0,YAHOO,0.7741,2.082,-0.0978,0.062473,4.5351,0.3053,73.1,,999,2026-08-20,15.0,yahoo,1.0,1.0,1.0,0.0,1.0,0.0,1.0,0.0,1.0,2.1732,4.4462,7.6802,17.2984,18.5142,19.6668,9.2,9.2766,9.2766,-0.6522,-1.472,-1.472
SAN,14.930000305175781,14.93,2026-09-04,False,14.859999656677246,14.970000267028809,-0.8,57.71,BAJO,216816533504.0,14.64,10.43,1.68,13.11,0.78,43.44,33.46,,,,,4.0,YAHOO,0.7741,2.082,-0.0978,0.062473,4.5351,0.3053,73.1,2026-10-28,54,,,yahoo,1.0,1.0,0.0,0.0,1.0,0.0,1.0,0.0,0.0,1.7723,2.3304,10.0221,22.8807,30.7624,28.7731,15.05,15.05,15.05,-0.7973,-0.7973,-0.7973
GGAL,44.36000061035156,44.36,2026-09-04,False,43.81999969482422,44.94810104370117,-0.6,15.77,BAJO,7516954624.0,126.74,6.33,11.72,1.09,0.2,17.32,1.5,,,,,1.0,YAHOO,0.7741,2.082,-0.0978,0.062473,4.5351,0.3053,73.1,2026-11-24,81,2026-08-25,10.0,yahoo,1.0,0.0,0.0,0.0,0.0,0.0,0.0,0.0,0.0,5.0189,7.1446,-11.5319,-7.017,19.9695,46.6618,46.3662,56.2493,58.6267,-4.327,-21.1368,-24.3348
MELI,1978.3599853515625,1978.36,2026-09-04,False,1966.0,1999.989990234375,-0.64,-18.23,BAJO,100296523776.0,53.72,34.81,12.8,27.5,4.31,6.72,5.3,0.35,27.85,1.69,1.12,5.0,YAHOO,0.7741,2.082,-0.0978,0.062473,4.5351,0.3053,73.1,2026-11-04,61,2026-08-05,30.0,yahoo,1.0,0.0,1.0,1.0,1.0,0.0,1.0,0.0,0.0,0.6159,2.8933,9.3391,23.0476,23.556,36.0974,2006.58,2006.58,2510.97,-1.4064,-1.4064,-21.2113
WFC,89.97000122070312,89.97,2026-09-04,False,88.7300033569336,90.12999725341797,0.87,12.29,BAJO,272069214208.0,13.08,11.39,1.69,12.57,1.08,37.39,27.23,,,,,3.0,YAHOO,0.7741,2.082,-0.0978,0.062473,4.5351,0.3053,73.1,2026-10-13,39,,,yahoo,1.0,0.0,0.0,0.0,1.0,0.0,1.0,0.0,0.0,3.7836,7.3116,5.758,10.4302,17.6338,23.2057,89.97,89.97,94.8289,0.0,0.0,-5.1238
BNY,164.83999633789062,164.84,2026-09-04,False,163.625,165.8300018310547,0.31,58.83,BAJO,111844614144.0,19.21,16.09,2.8,14.12,1.26,40.05,29.41,,,,,6.0,YAHOO,0.7741,2.082,-0.0978,0.062473,4.5351,0.3053,73.1,2026-10-15,41,,,yahoo,1.0,1.0,1.0,1.0,1.0,0.0,1.0,0.0,0.0,1.44,4.0066,10.2279,16.2273,13.0287,22.2951,164.84,164.84,164.84,0.0,0.0,0.0
BCS,27.0,27.0,2026-09-04,False,26.774999618530273,27.040000915527344,0.37,37.35,BAJO,90592247808.0,10.34,8.13,1.03,10.09,0.47,42.95,27.87,,,,,6.0,YAHOO,0.7741,2.082,-0.0978,0.062473,4.5351,0.3053,73.1,2026-10-22,48,,,yahoo,1.0,1.0,1.0,1.0,0.0,0.0,1.0,0.0,1.0,0.5212,0.6336,1.9159,12.498,29.2847,30.7845,28.14,28.2428,28.2428,-4.0512,-4.4003,-4.4003
HSBC,107.11000061035156,107.11,2026-09-04,False,106.4800033569336,107.43000030517578,0.61,72.12,BAJO,366959591424.0,15.28,11.31,8.5,13.1,0.78,58.77,37.8,,,,,5.0,YAHOO,0.7741,2.082,-0.0978,0.062473,4.5351,0.3053,73.1,2026-10-27,53,,,yahoo,1.0,0.0,1.0,1.0,1.0,0.0,1.0,0.0,0.0,3.4579,2.8421,12.0067,18.5321,9.7928,20.6306,107.11,107.3417,107.3417,0.0,-0.2158,-0.2158
BHP,90.41999816894531,90.42,2026-09-04,False,89.31999969482422,91.01000213623047,-2.47,65.93,BAJO,229800329216.0,23.36,18.86,4.51,24.0,13.43,43.34,16.73,4.17,8.39,0.5,1.89,7.0,YAHOO,0.7741,2.082,-0.0978,0.062473,4.5351,0.3053,73.1,,999,2026-08-17,18.0,yahoo,1.0,0.0,1.0,1.0,1.0,1.0,0.0,1.0,1.0,-4.9711,-6.8123,15.4789,9.3085,20.4411,34.3654,98.69,98.69,98.69,-8.3798,-8.3798,-8.3798
LYG,6.079999923706055,6.08,2026-09-04,False,6.041100025177002,6.09499979019165,-0.33,44.09,BAJO,87981309952.0,14.14,9.5,1.57,11.34,0.56,44.96,26.43,,,,,6.0,YAHOO,0.7741,2.082,-0.0978,0.062473,4.5351,0.3053,73.1,2026-10-29,55,,,yahoo,1.0,1.0,1.0,1.0,0.0,0.0,1.0,0.0,1.0,2.7027,0.9967,4.4479,16.0532,15.5006,27.1322,6.21,6.21,6.21,-2.0934,-2.0934,-2.0934
ING,37.18000030517578,37.18,2026-09-04,False,37.0,37.29499816894531,0.24,59.42,BAJO,106068541440.0,13.87,11.62,1.83,17.12,0.8,49.1,34.49,,,,,2.0,YAHOO,0.7741,2.082,-0.0978,0.062473,4.5351,0.3053,73.1,2026-10-29,55,,,yahoo,1.0,0.0,0.0,0.0,0.0,0.0,1.0,0.0,0.0,5.5051,6.7164,17.8825,26.9412,24.8454,26.09,37.18,37.18,37.18,0.0,0.0,0.0
IBN,30.299999237060547,30.3,2026-09-04,False,30.190000534057617,30.375,-0.72,-4.21,BAJO,108734947328.0,18.59,16.12,2.7,16.07,2.11,38.51,27.53,,,,,4.0,YAHOO,0.7741,2.082,-0.0978,0.062473,4.5351,0.3053,73.1,2026-10-17,43,,,yahoo,1.0,0.0,1.0,1.0,1.0,0.0,0.0,0.0,0.0,1.4056,1.3039,5.9053,17.7406,14.5834,18.4597,30.58,30.58,32.6665,-0.9156,-0.9156,-7.2444
MUFG,24.09000015258789,24.09,2026-09-04,False,24.014999389648438,24.184999465942383,-0.17,56.58,BAJO,271151382528.0,16.28,23.39,1.91,9.46,0.51,45.6,27.45,,,,,1.0,YAHOO,0.7741,2.082,-0.0978,0.062473,4.5351,0.3053,73.1,2026-11-12,69,,,yahoo,1.0,0.0,0.0,0.0,0.0,0.0,0.0,0.0,0.0,5.1965,9.3013,14.2789,20.9945,25.2752,28.7383,24.13,24.13,24.13,-0.1658,-0.1658,-0.1658
GS,1038.6099853515625,1038.61,2026-09-04,False,1024.6300048828125,1041.1953125,0.07,41.36,BAJO,302413512704.0,16.04,14.03,2.87,16.9,1.07,42.18,31.04,,,7.25,1.56,4.0,YAHOO,0.7741,2.082,-0.0978,0.062473,4.5351,0.3053,73.1,2026-10-13,39,,,yahoo,1.0,1.0,0.0,0.0,0.0,0.0,1.0,0.0,1.0,0.9388,0.425,1.3652,0.483,33.793,36.1422,1053.7192,1146.4551,1146.4551,-1.4339,-9.4068,-9.4068
BX,136.14999389648438,136.15,2026-09-04,False,134.39500427246094,138.10000610351562,-1.11,-16.67,BAJO,162739781632.0,30.46,18.18,12.08,31.37,14.33,54.36,22.73,,,0.68,0.87,5.0,YAHOO,0.7741,2.082,-0.0978,0.062473,4.5351,0.3053,73.1,2026-10-22,48,,,yahoo,1.0,0.0,1.0,1.0,1.0,0.0,0.0,0.0,1.0,-4.3823,-5.0426,15.9491,19.2361,37.3383,36.1825,149.32,149.32,181.3246,-8.82,-8.82,-24.9136
ITUB,8.149999618530273,8.15,2026-09-04,False,8.050000190734863,8.274999618530273,-0.85,29.78,BAJO,89828253696.0,10.06,8.14,2.13,21.48,1.58,39.07,32.58,,,,,4.0,YAHOO,0.7741,2.082,-0.0978,0.062473,4.5351,0.3053,73.1,2026-11-03,60,,,yahoo,1.0,1.0,1.0,0.0,0.0,0.0,1.0,0.0,0.0,8.7091,8.9998,-0.0482,9.2201,40.6826,29.6145,8.22,8.6136,9.3754,-0.8516,-5.3821,-13.0706
BAC,62.68000030517578,62.68,2026-09-04,False,61.959999084472656,62.91830062866211,-0.57,26.47,BAJO,438305488896.0,14.48,11.84,1.59,11.2,0.97,38.3,29.52,,,,,5.0,YAHOO,0.7741,2.082,-0.0978,0.062473,4.5351,0.3053,73.1,2026-10-14,40,,,yahoo,1.0,1.0,1.0,0.0,0.0,0.0,1.0,0.0,1.0,0.5777,1.6048,7.5129,16.4406,10.9869,18.2536,64.81,64.81,64.81,-3.2865,-3.2865,-3.2865
RACE,409.95001220703125,409.95,2026-09-04,False,407.92999267578125,411.7749938964844,-1.91,-16.31,BAJO,72054792192.0,38.17,32.3,17.01,45.44,13.61,31.06,22.25,1.39,30.46,0.86,2.43,9.0,YAHOO,0.7741,2.082,-0.0978,0.062473,4.5351,0.3053,73.1,2026-11-03,60,,,yahoo,1.0,1.0,1.0,1.0,1.0,1.0,1.0,1.0,1.0,-2.5182,-6.0911,9.3113,18.1446,31.5838,31.5769,436.54,436.54,498.3386,-6.0911,-6.0911,-17.7367
C,137.72000122070312,137.72,2026-09-04,False,135.39999389648438,138.10499572753906,-0.3,44.81,BAJO,231016595456.0,14.84,10.69,1.2,8.53,0.66,36.23,21.83,,,,,3.0,YAHOO,0.7741,2.082,-0.0978,0.062473,4.5351,0.3053,73.1,2026-10-13,39,,,yahoo,1.0,0.0,0.0,0.0,1.0,0.0,1.0,0.0,0.0,3.6268,4.6107,0.7498,4.4917,20.8569,27.6708,139.33,144.9331,144.9331,-1.1555,-4.9769,-4.9769
SCHW,109.29000091552734,109.29,2026-09-04,False,108.5199966430664,110.37000274658203,-0.99,13.32,BAJO,188999090176.0,19.91,14.0,4.3,20.27,2.07,52.28,38.79,,,1.51,0.66,7.0,YAHOO,0.7741,2.082,-0.0978,0.062473,4.5351,0.3053,73.1,2026-10-15,41,,,yahoo,1.0,1.0,1.0,1.0,1.0,0.0,1.0,0.0,1.0,-0.7898,-2.6803,7.7765,23.3776,23.902,23.6954,113.65,113.65,113.65,-3.8363,-3.8363,-3.8363
PG,146.44000244140625,146.44,2026-09-04,False,145.82000732421875,147.14999389648438,-0.33,-5.36,BAJO,340132134912.0,22.09,19.79,6.38,30.29,10.72,22.08,18.44,3.9,14.85,0.64,0.68,6.0,YAHOO,0.7741,2.082,-0.0978,0.062473,4.5351,0.3053,73.1,2026-10-22,48,,,yahoo,1.0,0.0,1.0,1.0,1.0,0.0,1.0,0.0,1.0,1.8501,1.2165,-0.5841,0.6778,11.7946,19.2068,147.64,151.6182,164.7207,-0.8128,-3.4153,-11.098
KO,88.06999969482422,88.07,2026-09-04,False,87.8499984741211,88.90499877929688,-0.83,32.64,BAJO,378925481984.0,26.45,24.97,10.48,42.05,9.4,34.87,28.56,1.38,24.25,1.16,1.3,7.0,YAHOO,0.7741,2.082,-0.0978,0.062473,4.5351,0.3053,73.1,2026-10-20,46,,,yahoo,1.0,1.0,1.0,0.0,1.0,1.0,1.0,1.0,0.0,-1.7734,-3.326,5.5995,11.5232,11.7536,22.4288,91.99,91.99,91.99,-4.2613,-4.2613,-4.2613
PEP,137.6300048828125,137.63,2026-09-04,False,137.42999267578125,139.46499633789062,-1.71,-2.65,BAJO,188002582528.0,18.04,15.33,8.51,51.51,8.93,16.84,10.79,4.17,12.38,2.39,0.93,5.0,YAHOO,0.7741,2.082,-0.0978,0.062473,4.5351,0.3053,73.1,2026-10-08,34,,,yahoo,1.0,0.0,1.0,1.0,0.0,1.0,1.0,0.0,0.0,-2.4385,-4.0772,-3.4243,-3.0228,14.5863,23.4775,144.67,146.25,167.221,-4.8662,-5.894,-17.6957
MO,68.87999725341797,68.88,2026-09-04,False,68.70999908447266,69.80000305175781,-0.88,10.4,BAJO,115011952640.0,14.5,11.75,-43.1,,29.55,61.46,39.0,7.86,8.77,,0.52,6.0,YAHOO,0.7741,2.082,-0.0978,0.062473,4.5351,0.3053,73.1,2026-10-29,55,,,yahoo,1.0,0.0,1.0,1.0,0.0,1.0,1.0,1.0,0.0,0.335,4.2215,-5.3976,-3.1582,16.4584,31.355,69.57,74.92,74.92,-0.9918,-8.0619,-8.0619
WMT,107.13999938964844,107.14,2026-09-04,False,106.93499755859375,109.2300033569336,-1.18,6.99,BAJO,852628602880.0,38.82,33.16,9.04,22.31,6.41,3.45,3.0,0.84,21.11,0.72,0.77,7.0,YAHOO,0.7741,2.082,-0.0978,0.062473,4.5351,0.3053,73.1,2026-11-19,76,2026-08-20,15.0,yahoo,1.0,1.0,1.0,1.0,1.0,0.0,1.0,1.0,0.0,3.9286,3.3173,-5.0429,-9.6597,22.5625,29.0578,115.7329,120.7509,133.8795,-7.4248,-11.2719,-19.9728
TGT,164.44000244140625,164.44,2026-09-04,False,162.75,164.82000732421875,0.26,84.5,BAJO,74704560128.0,17.06,17.26,4.19,26.41,5.69,6.04,4.08,4.6,10.28,1.08,0.99,6.0,YAHOO,0.7741,2.082,-0.0978,0.062473,4.5351,0.3053,73.1,2026-11-18,75,2026-08-19,16.0,yahoo,1.0,0.0,1.0,1.0,1.0,1.0,1.0,0.0,0.0,0.7722,-0.6044,25.1338,35.1898,13.747,33.4609,169.89,169.89,169.89,-3.208,-3.208,-3.208
MCD,255.69000244140625,255.69,2026-09-04,False,255.49000549316406,258.5,-1.52,-17.32,BAJO,180936867840.0,20.77,18.29,-176.83,,13.25,46.48,31.72,3.46,15.91,,1.08,6.0,YAHOO,0.7741,2.082,-0.0978,0.062473,4.5351,0.3053,73.1,2026-11-05,62,,,yahoo,1.0,0.0,1.0,1.0,1.0,0.0,1.0,1.0,0.0,-2.8274,-4.9613,-7.4547,-7.9805,10.388,22.9733,273.7542,285.8979,334.503,-6.5987,-10.566,-23.5612
SBUX,104.47000122070312,104.47,2026-09-04,False,104.36000061035156,106.30000305175781,-1.28,23.08,BAJO,119095803904.0,60.74,33.53,-15.52,,8.02,12.92,5.17,2.57,24.72,,0.76,5.0,YAHOO,0.7741,2.082,-0.0978,0.062473,4.5351,0.3053,73.1,2026-10-28,54,,,yahoo,1.0,0.0,1.0,1.0,1.0,0.0,0.0,0.0,1.0,-3.134,-2.4374,1.1554,10.2635,12.7442,21.3026,108.49,108.49,108.49,-3.7054,-3.7054,-3.7054
NKE,38.400001525878906,38.4,2026-09-04,False,37.97999954223633,38.654998779296875,-0.95,-47.41,BAJO,56966352896.0,18.29,16.76,3.83,22.14,6.97,12.69,6.7,3.32,12.08,0.74,1.96,4.0,YAHOO,0.7741,2.082,-0.0978,0.062473,4.5351,0.3053,73.1,2026-10-01,27,,,yahoo,1.0,0.0,1.0,0.0,1.0,0.0,0.0,1.0,0.0,-2.0016,-4.7906,-9.5189,-9.7083,19.8984,32.5519,41.668,45.4776,72.1898,-7.8429,-15.5628,-46.8069
MDLZ,61.279998779296875,61.28,2026-09-04,False,60.90999984741211,61.84000015258789,-0.28,4.07,BAJO,78212161536.0,22.45,18.23,2.95,13.34,4.12,21.98,8.86,2.88,16.25,0.83,0.6,5.0,YAHOO,0.7741,2.082,-0.0978,0.062473,4.5351,0.3053,73.1,2026-10-27,53,,,yahoo,1.0,0.0,1.0,1.0,0.0,0.0,1.0,0.0,1.0,-1.7319,-4.9185,3.0262,-0.3971,19.7734,27.1754,64.7,64.99,64.99,-5.2859,-5.7086,-5.7086
HSY,173.14999389648438,173.15,2026-09-04,False,172.83999633789062,174.88250732421875,-1.09,-3.79,BAJO,34790277120.0,23.65,17.55,7.62,32.81,9.92,23.12,12.24,5.01,14.81,1.3,1.18,4.0,YAHOO,0.7741,2.082,-0.0978,0.062473,4.5351,0.3053,73.1,2026-11-05,62,,,yahoo,1.0,0.0,1.0,1.0,0.0,1.0,0.0,0.0,0.0,-3.2952,-7.1383,0.0582,-5.4549,15.6015,28.4276,189.94,189.94,232.6481,-8.8396,-8.8396,-25.5743
ANF,149.6699981689453,149.67,2026-09-04,False,142.7440948486328,150.47999572753906,4.27,60.06,BAJO,6650094080.0,12.92,11.75,4.84,40.61,12.92,19.94,10.04,6.21,7.92,0.94,1.41,5.0,YAHOO,0.7741,2.082,-0.0978,0.062473,4.5351,0.3053,73.1,2026-11-25,82,2026-08-26,9.0,yahoo,1.0,0.0,1.0,1.0,0.0,1.0,1.0,0.0,0.0,0.8422,37.2993,72.2721,98.6594,64.5331,87.8489,149.67,149.67,149.67,0.0,0.0,0.0
EBAY,103.41000366210938,103.41,2026-09-04,False,103.04000091552734,104.58999633789062,-2.31,12.52,BAJO,46017449984.0,21.72,15.36,9.86,46.61,9.15,21.57,18.57,3.43,16.45,1.53,1.02,5.0,YAHOO,0.7741,2.082,-0.0978,0.062473,4.5351,0.3053,73.1,2026-11-04,61,2026-08-05,30.0,yahoo,1.0,1.0,1.0,0.0,0.0,0.0,1.0,0.0,1.0,-2.0924,-0.3895,-10.0005,-5.1446,29.7529,32.496,107.3835,117.084,118.2715,-3.7003,-11.6788,-12.5656
ABEV,3.0199999809265137,3.02,2026-09-04,False,3.0,3.059999942779541,-0.66,38.24,BAJO,46568394752.0,15.1,14.14,2.72,18.4,10.3,23.74,18.41,42.64,1.2,0.03,1.02,8.0,YAHOO,0.7741,2.082,-0.0978,0.062473,4.5351,0.3053,73.1,2026-10-29,55,,,yahoo,1.0,1.0,1.0,1.0,1.0,0.0,1.0,1.0,1.0,5.5944,4.8611,0.0,-2.9287,27.4984,20.4795,3.04,3.2407,3.4202,-0.6579,-6.8115,-11.7019
UL,64.19999694824219,64.2,2026-09-04,False,64.12999725341797,64.6500015258789,-0.06,-9.31,BAJO,138239590400.0,21.69,16.24,7.33,31.87,8.29,20.34,18.32,4.87,15.32,1.75,0.74,7.0,YAHOO,0.7741,2.082,-0.0978,0.062473,4.5351,0.3053,73.1,2026-10-28,54,2026-07-28,38.0,finnhub,1.0,1.0,1.0,0.0,0.0,1.0,1.0,1.0,1.0,-1.337,0.0935,4.6895,14.1396,7.2512,27.6611,65.32,66.3122,72.7099,-1.7146,-3.1853,-11.7039
URBN,80.97000122070312,80.97,2026-09-04,False,79.55000305175781,81.37000274658203,0.48,13.43,BAJO,6935112192.0,12.67,11.73,2.66,20.94,8.11,11.62,8.79,1.46,9.45,0.43,1.58,8.0,YAHOO,0.7741,2.082,-0.0978,0.062473,4.5351,0.3053,73.1,2026-11-25,82,2026-08-26,9.0,yahoo,1.0,1.0,1.0,1.0,0.0,1.0,1.0,1.0,1.0,-0.148,9.0652,19.0385,13.5624,27.6024,43.5705,82.95,82.95,82.95,-2.387,-2.387,-2.387
CL,88.7699966430664,88.77,2026-09-04,False,88.67500305175781,90.50499725341797,-1.47,8.7,BAJO,70765027328.0,34.95,21.61,299.9,267.37,15.84,20.97,9.68,4.89,15.76,13.88,1.03,5.0,YAHOO,0.7741,2.082,-0.0978,0.062473,4.5351,0.3053,73.1,2026-10-30,56,,,yahoo,1.0,0.0,1.0,1.0,1.0,0.0,1.0,0.0,0.0,-2.1818,-2.5362,-4.0425,0.789,13.3706,21.6088,93.15,94.5877,97.966,-4.7021,-6.1506,-9.387
COST,915.739990234375,915.74,2026-09-04,False,914.5399780273438,927.969970703125,-1.04,-3.69,BAJO,406111289344.0,46.02,40.47,24.57,29.15,8.67,3.67,3.01,1.71,29.64,0.6,1.07,6.0,YAHOO,0.7741,2.082,-0.0978,0.062473,4.5351,0.3053,73.1,2026-09-24,20,,,yahoo,1.0,0.0,1.0,1.0,1.0,1.0,0.0,1.0,0.0,-3.1445,-3.3765,-3.7701,-5.6257,7.0772,20.7275,971.4,985.1138,1092.5829,-5.7299,-7.0422,-16.1858
KMB,104.95999908447266,104.96,2026-09-04,False,104.8499984741211,106.93000030517578,-2.77,-14.82,BAJO,34907496448.0,20.74,13.99,19.95,104.91,10.2,19.0,11.79,2.7,11.95,3.49,0.91,4.0,YAHOO,0.7741,2.082,-0.0978,0.062473,4.5351,0.3053,73.1,2026-11-03,60,,,yahoo,1.0,0.0,1.0,1.0,1.0,0.0,0.0,0.0,0.0,-4.1899,-3.9795,-5.4244,5.9774,32.0258,27.4637,111.37,114.74,126.0868,-5.7556,-8.5236,-16.7558
ORLY,87.88999938964844,87.89,2026-09-04,False,86.6500015258789,88.19000244140625,0.58,-16.38,BAJO,71099564032.0,27.9,24.07,-39.08,,13.67,20.15,14.27,2.21,19.19,,0.75,7.0,YAHOO,0.7741,2.082,-0.0978,0.062473,4.5351,0.3053,73.1,2026-10-28,54,,,yahoo,1.0,0.0,1.0,1.0,1.0,1.0,1.0,1.0,0.0,-0.6893,-1.3691,3.4243,-2.7012,14.3822,31.1542,92.58,93.53,107.82,-5.0659,-6.0302,-18.4845
PM,182.52999877929688,182.53,2026-09-04,False,182.22999572753906,185.97109985351562,-1.96,17.32,BAJO,284493709312.0,25.07,19.91,-33.15,,14.59,40.0,25.56,3.41,18.61,,0.98,7.0,YAHOO,0.7741,2.082,-0.0978,0.062473,4.5351,0.3053,73.1,2026-10-21,47,,,yahoo,1.0,1.0,1.0,1.0,1.0,1.0,0.0,1.0,0.0,-4.8778,-3.0282,-2.4269,3.2269,16.5543,28.7695,194.1,200.17,200.17,-5.9608,-8.8125,-8.8125
ETSY,76.51000213623047,76.51,2026-09-04,False,76.3499984741211,81.86000061035156,-6.73,46.49,BAJO,7022221312.0,24.21,11.1,-5.07,,10.53,18.74,7.11,2.42,20.14,,1.48,5.0,YAHOO,0.7741,2.082,-0.0978,0.062473,4.5351,0.3053,73.1,2026-11-04,61,2026-08-05,30.0,yahoo,1.0,0.0,1.0,1.0,1.0,0.0,1.0,0.0,0.0,-8.4699,-5.5782,-0.8938,14.4331,55.8096,45.2727,87.03,87.03,87.03,-12.0878,-12.0878,-12.0878
TM,197.11000061035156,197.11,2026-09-04,False,196.10000610351562,197.99940490722656,-1.38,-0.32,BAJO,233414393856.0,8.99,12.49,16.03,12.4,2.34,7.86,8.63,-1542.31,6.3,1.15,1.17,3.0,YAHOO,0.7741,2.082,-0.0978,0.062473,4.5351,0.3053,73.1,2026-11-05,62,,,yahoo,1.0,0.0,1.0,1.0,0.0,0.0,0.0,0.0,0.0,1.3523,-0.1216,11.2673,11.261,16.1801,24.1076,199.87,199.87,248.29,-1.3809,-1.3809,-20.613
HMC,32.66999816894531,32.67,2026-09-04,False,32.36000061035156,32.72999954223633,-1.12,-4.47,BAJO,42394947584.0,,,0.55,-0.76,-0.15,8.76,-0.75,631.57,7.16,1.14,1.29,3.0,YAHOO,0.7741,2.082,-0.0978,0.062473,4.5351,0.3053,73.1,2026-11-05,62,2026-08-05,30.0,yahoo,0.0,0.0,1.0,1.0,0.0,0.0,1.0,0.0,0.0,2.5424,-2.0977,17.8146,22.3595,20.7377,29.7063,33.37,33.37,34.85,-2.0977,-2.0977,-6.2554
NSANY,4.099999904632568,4.1,2026-09-04,False,4.070000171661377,4.099999904632568,-0.24,-11.31,BAJO,7167583744.0,,4.77,0.24,-7.65,0.69,2.63,-3.37,-18968.5,15.32,1.72,1.54,4.0,YAHOO,0.7741,2.082,-0.0978,0.062473,4.5351,0.3053,73.1,2026-11-05,62,,,yahoo,0.0,1.0,1.0,1.0,0.0,1.0,0.0,0.0,0.0,0.9852,-3.7559,5.6701,-4.4289,26.9858,39.4968,4.42,4.51,6.05,-7.2398,-9.0909,-32.2314
GM,87.76000213623047,87.76,2026-09-04,False,85.68499755859375,87.76000213623047,0.62,52.25,BAJO,79374663680.0,39.18,5.91,1.24,3.16,2.25,3.2,1.05,27.63,11.07,2.02,1.14,5.0,YAHOO,0.7741,2.082,-0.0978,0.062473,4.5351,0.3053,73.1,2026-10-20,46,,,yahoo,1.0,0.0,1.0,1.0,0.0,1.0,1.0,0.0,0.0,1.7271,-0.1933,15.1102,6.881,27.1163,29.3905,89.35,90.3,90.3,-1.7795,-2.8128,-2.8128
ARCO,8.170000076293945,8.17,2026-09-04,False,8.135000228881836,8.319999694824219,-0.97,22.09,BAJO,1721117184.0,6.64,9.55,2.07,36.36,6.91,5.56,5.16,7.49,5.99,2.64,0.88,6.0,YAHOO,0.7741,2.082,-0.0978,0.062473,4.5351,0.3053,73.1,2026-11-18,75,2026-08-13,22.0,yahoo,1.0,1.0,1.0,1.0,0.0,1.0,1.0,0.0,0.0,2.125,2.6382,-0.1223,0.4566,21.0821,23.4533,8.25,8.7577,9.4222,-0.9697,-6.7107,-13.2901
HD,321.04998779296875,321.05,2026-09-04,False,316.5,321.7900085449219,0.94,-19.86,BAJO,320308248576.0,22.48,20.02,19.28,104.3,12.14,12.86,8.41,3.36,15.35,3.8,1.08,4.0,YAHOO,0.7741,2.082,-0.0978,0.062473,4.5351,0.3053,73.1,2026-11-17,74,2026-08-18,17.0,yahoo,1.0,0.0,1.0,1.0,1.0,0.0,0.0,0.0,0.0,-2.0516,-3.6334,-3.8054,4.0659,24.25,27.674,351.8869,355.2818,411.7595,-8.7633,-9.6351,-22.0297
DIS,105.30999755859375,105.31,2026-09-04,False,105.16999816894531,106.87999725341797,-1.73,-10.13,BAJO,181837381632.0,21.71,14.09,1.66,8.01,4.81,19.3,8.7,2.67,11.1,0.39,0.71,8.0,YAHOO,0.7741,2.082,-0.0978,0.062473,4.5351,0.3053,73.1,2026-11-12,69,2026-08-05,30.0,yahoo,1.0,1.0,1.0,1.0,1.0,0.0,1.0,1.0,1.0,-2.5809,-2.2917,8.9038,6.4256,23.8387,27.7591,111.25,111.25,117.1437,-5.3393,-5.3393,-10.1019
JNJ,275.2300109863281,275.23,2026-09-04,False,274.75,277.79998779296875,-1.15,57.38,BAJO,663276421120.0,31.89,22.36,7.8,25.74,8.6,29.19,21.48,2.55,20.05,0.58,1.09,3.0,YAHOO,0.7741,2.082,-0.0978,0.062473,4.5351,0.3053,73.1,2026-10-13,39,,,yahoo,1.0,1.0,1.0,0.0,0.0,0.0,0.0,0.0,0.0,2.6824,2.3488,5.0066,18.8243,22.1463,25.7726,278.43,278.43,278.43,-1.1493,-1.1493,-1.1493
LLY,1149.3599853515625,1149.36,2026-09-04,False,1138.3060302734375,1158.4300537109375,-0.88,55.63,BAJO,1024931856384.0,38.57,24.32,30.24,102.29,20.36,54.22,33.53,1.08,25.89,1.62,1.35,7.0,YAHOO,0.7741,2.082,-0.0978,0.062473,4.5351,0.3053,73.1,2026-10-29,55,2026-08-05,30.0,yahoo,1.0,1.0,1.0,0.0,0.0,1.0,1.0,1.0,1.0,-2.1496,-8.4467,-5.3316,1.7312,7.9938,33.8132,1280.34,1280.34,1280.34,-10.2301,-10.2301,-10.2301
NVO,46.599998474121094,46.6,2026-09-04,False,46.04169845581055,46.7400016784668,-1.92,-12.9,BAJO,206019985408.0,11.45,13.68,6.02,59.81,18.73,42.54,35.35,18.29,1.76,0.63,0.87,4.0,YAHOO,0.7741,2.082,-0.0978,0.062473,4.5351,0.3053,73.1,2026-11-04,61,,,yahoo,1.0,0.0,1.0,1.0,0.0,1.0,0.0,0.0,0.0,2.1706,-0.2995,-3.466,9.8591,38.5745,36.9411,48.66,50.9588,60.9379,-4.2335,-8.5536,-23.5287
AMGN,437.2300109863281,437.23,2026-09-04,False,435.0069885253906,441.6600036621094,-1.55,60.38,BAJO,236380536832.0,27.12,17.91,20.22,91.47,8.67,35.55,22.95,3.66,16.41,4.9,1.37,7.0,YAHOO,0.7741,2.082,-0.0978,0.062473,4.5351,0.3053,73.1,2026-11-03,60,,,yahoo,1.0,1.0,1.0,1.0,1.0,0.0,0.0,1.0,1.0,1.1123,-0.478,19.5101,25.8039,23.5017,25.3836,444.12,444.12,444.12,-1.5514,-1.5514,-1.5514
UNH,397.1400146484375,397.14,2026-09-04,False,395.2300109863281,402.2250061035156,-0.95,31.33,BAJO,356470816768.0,25.52,17.7,3.65,14.15,4.87,7.13,3.14,6.81,15.34,0.69,0.78,6.0,YAHOO,0.7741,2.082,-0.0978,0.062473,4.5351,0.3053,73.1,2026-10-27,53,,,yahoo,1.0,0.0,1.0,1.0,1.0,0.0,1.0,0.0,1.0,1.0663,1.8021,-6.687,-0.0155,18.0079,23.5273,408.74,436.35,436.35,-2.838,-8.9859,-8.9859
PFE,28.450000762939453,28.45,2026-09-04,False,28.3799991607666,28.690000534057617,-1.25,24.01,BAJO,162155724800.0,37.43,9.83,1.9,5.01,5.78,27.88,6.8,7.7,8.52,0.74,1.27,5.0,YAHOO,0.7741,2.082,-0.0978,0.062473,4.5351,0.3053,73.1,2026-11-03,60,,,yahoo,1.0,0.0,1.0,1.0,0.0,0.0,0.0,1.0,1.0,1.7525,1.3538,20.3647,11.1663,20.2779,22.2339,29.02,29.02,29.02,-1.9642,-1.9642,-1.9642
ABT,108.33000183105469,108.33,2026-09-04,False,107.36000061035156,110.01000213623047,-0.42,-16.6,BAJO,187452440576.0,35.06,17.86,3.67,10.58,5.33,14.71,11.65,3.85,18.49,0.63,1.38,5.0,YAHOO,0.7741,2.082,-0.0978,0.062473,4.5351,0.3053,73.1,2026-10-14,40,,,yahoo,1.0,0.0,1.0,1.0,1.0,0.0,0.0,1.0,0.0,-3.681,-7.1245,14.6277,19.8009,21.1713,33.0445,116.67,116.67,133.5335,-7.1484,-7.1484,-18.8743
CVS,96.73999786376953,96.74,2026-09-04,False,96.28500366210938,97.69000244140625,-0.47,35.39,BAJO,123727593472.0,25.53,11.38,1.55,6.21,2.97,3.86,1.18,6.53,11.2,0.96,0.87,6.0,YAHOO,0.7741,2.082,-0.0978,0.062473,4.5351,0.3053,73.1,2026-10-28,54,2026-08-05,30.0,yahoo,1.0,0.0,1.0,1.0,1.0,1.0,0.0,0.0,1.0,3.9544,3.9991,-6.826,1.4687,33.6603,26.4704,97.6,109.9195,109.9195,-0.8811,-11.9901,-11.9901
ABBV,256.4599914550781,256.46,2026-09-04,False,255.60499572753906,258.9100036621094,-1.44,24.09,BAJO,453194874880.0,72.45,15.75,-76.35,,10.51,40.03,9.8,3.72,17.04,,0.81,7.0,YAHOO,0.7741,2.082,-0.0978,0.062473,4.5351,0.3053,73.1,2026-10-29,55,,,yahoo,1.0,0.0,1.0,1.0,1.0,1.0,0.0,1.0,1.0,0.3836,-3.208,2.1941,13.667,20.0599,29.2614,265.97,265.97,265.97,-3.5756,-3.5756,-3.5756
TMO,613.780029296875,613.78,2026-09-04,False,605.5250244140625,615.5800170898438,-0.75,25.8,BAJO,226943500288.0,33.09,22.3,4.31,13.51,5.13,18.75,15.04,2.75,22.77,0.81,1.55,5.0,YAHOO,0.7741,2.082,-0.0978,0.062473,4.5351,0.3053,73.1,2026-10-21,47,,,yahoo,1.0,0.0,1.0,1.0,0.0,1.0,1.0,0.0,0.0,-1.3501,-2.4616,20.3184,29.9482,31.984,30.1885,633.71,633.71,638.1787,-3.145,-3.145,-3.8232
AZN,162.6999969482422,162.7,2026-09-04,False,161.1300048828125,163.77999877929688,-1.26,0.46,BAJO,252330754048.0,24.39,14.32,5.02,21.96,8.02,23.46,17.02,1.94,14.22,0.64,0.89,7.0,YAHOO,0.7741,2.082,-0.0978,0.062473,4.5351,0.3053,73.1,2026-10-30,56,,,yahoo,1.0,1.0,1.0,1.0,1.0,1.0,0.0,1.0,0.0,0.0,-1.9761,-14.0427,-12.5034,21.7424,33.9465,169.66,195.15,208.62,-4.1023,-16.6282,-22.0113
CAH,247.17999267578125,247.18,2026-09-04,False,246.41319274902344,249.2899932861328,-0.58,67.18,BAJO,57488068608.0,34.19,17.56,-19.98,,3.72,1.33,0.67,8.27,14.87,,0.88,6.0,YAHOO,0.7741,2.082,-0.0978,0.062473,4.5351,0.3053,73.1,2026-11-05,62,2026-08-11,24.0,yahoo,1.0,1.0,1.0,1.0,0.0,0.0,1.0,1.0,0.0,5.3848,7.699,4.2294,20.421,21.7455,22.3787,248.61,248.61,248.61,-0.5752,-0.5752,-0.5752
ISRG,366.70001220703125,366.7,2026-09-04,False,363.3125,369.54998779296875,-0.85,-19.37,BAJO,131380568064.0,42.0,30.38,7.14,17.42,10.51,33.6,28.45,1.99,30.03,,4.96,7.0,YAHOO,0.7741,2.082,-0.0978,0.062473,4.5351,0.3053,73.1,2026-10-20,46,,,yahoo,1.0,1.0,1.0,1.0,0.0,1.0,1.0,0.0,1.0,-1.5835,-3.1968,-11.6598,-13.1166,17.8104,47.5541,401.27,432.83,592.85,-8.6151,-15.2785,-38.1462
MRNA,145.5500030517578,145.55,2026-09-04,False,141.52000427246094,154.03500366210938,-2.23,499.41,BAJO,58108788736.0,,-31.69,8.59,-39.0,-13.26,-557.93,-141.43,0.51,-25.32,0.19,2.29,3.0,YAHOO,0.7741,2.082,-0.0978,0.062473,4.5351,0.3053,73.1,2026-11-05,62,,,yahoo,0.0,1.0,0.0,1.0,0.0,0.0,0.0,1.0,0.0,5.4787,0.2894,97.2222,206.8086,94.2906,377.7132,174.38,174.38,174.38,-16.5329,-16.5329,-16.5329
NVS,159.99000549316406,159.99,2026-09-04,False,159.6300048828125,160.92999267578125,-1.9,28.32,BAJO,304095395840.0,24.17,16.31,7.32,30.35,10.25,34.62,22.5,3.91,15.23,1.17,0.86,8.0,YAHOO,0.7741,2.082,-0.0978,0.062473,4.5351,0.3053,73.1,2026-10-27,53,,,yahoo,1.0,1.0,1.0,1.0,0.0,1.0,1.0,1.0,1.0,4.0179,0.7113,3.1063,7.2607,53.3472,27.2362,163.09,163.09,163.6393,-1.9008,-1.9008,-2.2301
PHG,25.889999389648438,25.89,2026-09-04,False,25.8700008392334,26.014999389648438,-0.61,-3.05,BAJO,25305595904.0,19.61,13.6,1.89,10.15,4.07,13.99,6.31,6.04,12.9,0.65,1.26,7.0,YAHOO,0.7741,2.082,-0.0978,0.062473,4.5351,0.3053,73.1,2026-11-03,60,,,yahoo,1.0,1.0,1.0,1.0,0.0,1.0,0.0,1.0,1.0,-3.1063,-5.5799,-6.1276,-0.8426,8.5791,23.6983,27.62,28.23,31.6757,-6.2636,-8.2891,-18.2655
MRK,150.3300018310547,150.33,2026-09-04,False,150.09429931640625,152.21499633789062,-1.32,84.79,BAJO,370889916416.0,120.26,15.75,8.85,6.96,11.87,-0.24,4.77,4.09,14.64,1.28,1.32,4.0,YAHOO,0.7741,2.082,-0.0978,0.062473,4.5351,0.3053,73.1,2026-10-29,55,,,yahoo,1.0,0.0,1.0,0.0,0.0,1.0,1.0,0.0,0.0,1.3347,-1.4553,19.319,25.3507,19.6954,37.7912,156.45,156.45,156.45,-3.9118,-3.9118,-3.9118
GILD,150.9949951171875,150.995,2026-09-04,False,149.22999572753906,151.18499755859375,-0.15,37.33,BAJO,187227029504.0,,15.27,15.84,-20.68,14.09,33.68,-10.64,5.22,14.3,2.23,1.26,8.0,YAHOO,0.7741,2.082,-0.0978,0.062473,4.5351,0.3053,73.1,2026-10-29,55,,,yahoo,1.0,1.0,1.0,1.0,1.0,0.0,1.0,1.0,1.0,3.6484,3.3363,11.1729,17.6737,19.8702,28.6477,151.22,151.22,153.9087,-0.1488,-0.1488,-1.8931
BMY,66.81999969482422,66.82,2026-09-04,False,66.57499694824219,67.72000122070312,-1.87,49.93,BAJO,136494186496.0,14.72,10.19,6.12,46.6,10.72,34.42,18.87,5.94,9.14,2.02,1.53,8.0,YAHOO,0.7741,2.082,-0.0978,0.062473,4.5351,0.3053,73.1,2026-10-29,55,,,yahoo,1.0,1.0,1.0,1.0,1.0,1.0,0.0,1.0,1.0,0.3605,-0.2835,16.1279,17.9925,20.7632,28.1485,68.09,68.09,68.09,-1.8652,-1.8652,-1.8652
HIMS,27.709999084472656,27.71,2026-09-04,False,27.3799991607666,27.950000762939453,-0.4,-42.45,BAJO,6465114112.0,,36.35,19.95,-32.03,-2.21,-12.75,-5.51,13.14,-707.08,4.77,0.93,4.0,YAHOO,0.7741,2.082,-0.0978,0.062473,4.5351,0.3053,73.1,2026-11-09,66,2026-08-10,25.0,yahoo,1.0,0.0,1.0,1.0,0.0,1.0,0.0,0.0,0.0,-3.9182,-17.9692,-23.1772,5.8037,34.8517,93.8523,33.78,38.28,62.76,-17.9692,-27.6123,-55.8477
CAT,813.9400024414062,813.94,2026-09-04,False,801.0,821.0,1.72,95.39,BAJO,374147776512.0,35.08,25.14,19.29,56.97,9.03,22.18,14.51,1.35,25.05,2.33,1.37,6.0,YAHOO,0.7741,2.082,-0.0978,0.062473,4.5351,0.3053,73.1,2026-10-29,55,,,yahoo,1.0,0.0,1.0,1.0,1.0,1.0,1.0,0.0,0.0,1.7107,-1.6862,-13.9893,-9.8233,30.34,43.4076,881.65,1062.9282,1062.9282,-7.6799,-23.4247,-23.4247
GE,337.1199951171875,337.12,2026-09-04,False,332.239990234375,337.1499938964844,1.09,19.99,BAJO,349783064576.0,39.8,37.15,19.83,48.23,5.07,20.57,17.72,1.89,31.05,1.13,0.98,6.0,YAHOO,0.7741,2.082,-0.0978,0.062473,4.5351,0.3053,73.1,2026-10-20,46,,,yahoo,1.0,1.0,1.0,0.0,0.0,0.0,1.0,1.0,1.0,-1.5938,-3.2293,-5.3114,2.9086,19.9242,29.2912,375.09,381.22,381.22,-10.1229,-11.5681,-11.5681
LMT,525.280029296875,525.28,2026-09-04,False,524.030029296875,533.719970703125,-1.44,17.9,BAJO,121229770752.0,19.36,16.06,13.78,89.17,8.64,11.96,8.16,4.59,14.44,2.34,1.19,6.0,YAHOO,0.7741,2.082,-0.0978,0.062473,4.5351,0.3053,73.1,2026-10-20,46,,,yahoo,1.0,0.0,1.0,1.0,1.0,0.0,1.0,1.0,0.0,-6.2642,-6.2177,0.1078,0.9105,19.7839,35.5683,604.9383,604.9383,668.1661,-13.168,-13.168,-21.3848
RTX,200.7899932861328,200.79,2026-09-04,False,199.0500030517578,201.6356964111328,-0.66,28.36,BAJO,270616330240.0,35.35,25.56,4.08,12.27,4.21,12.7,8.28,3.65,19.17,0.57,1.01,8.0,YAHOO,0.7741,2.082,-0.0978,0.062473,4.5351,0.3053,73.1,2026-10-20,46,,,yahoo,1.0,1.0,1.0,1.0,1.0,1.0,0.0,1.0,1.0,-5.158,-4.3447,3.359,11.3084,18.6781,27.971,225.49,225.49,225.49,-10.9539,-10.9539,-10.9539
UAL,111.37999725341797,111.38,2026-09-04,False,108.94499969482422,111.58000183105469,2.5,4.97,BAJO,36150575104.0,10.43,7.36,2.17,23.25,3.38,5.53,5.56,2.52,7.38,2.02,0.78,7.0,YAHOO,0.7741,2.082,-0.0978,0.062473,4.5351,0.3053,73.1,2026-10-21,47,,,yahoo,1.0,1.0,1.0,1.0,1.0,0.0,1.0,0.0,1.0,0.7052,-1.5817,-11.7573,5.3438,46.7835,40.6475,126.35,136.11,136.11,-11.848,-18.1691,-18.1691
F,14.619999885559082,14.62,2026-09-04,False,14.300000190734863,14.640000343322754,1.46,30.96,BAJO,58298650624.0,,7.63,1.63,-18.25,0.35,1.88,-3.94,-13.62,25.99,4.57,1.09,2.0,YAHOO,0.7741,2.082,-0.0978,0.062473,4.5351,0.3053,73.1,2026-10-22,48,,,yahoo,0.0,0.0,1.0,1.0,0.0,0.0,0.0,0.0,0.0,5.3314,1.4573,9.4692,-0.8165,20.8637,28.8414,14.62,15.1163,17.2531,0.0,-3.2831,-15.2618
AAL,13.130000114440918,13.13,2026-09-04,False,12.949999809265137,13.204999923706055,1.23,2.05,BAJO,8691664896.0,,5.73,-2.19,,1.12,2.81,-0.56,5.97,10.66,,0.53,4.0,YAHOO,0.7741,2.082,-0.0978,0.062473,4.5351,0.3053,73.1,2026-10-22,48,,,yahoo,1.0,0.0,1.0,1.0,0.0,0.0,0.0,0.0,1.0,-3.739,-4.9928,-20.5206,-2.7407,36.4106,47.1525,15.29,18.15,18.15,-14.1269,-27.6584,-27.6584
UNP,289.6199951171875,289.62,2026-09-04,False,287.1199951171875,292.5799865722656,0.16,32.52,BAJO,172056150016.0,23.45,20.46,8.85,39.7,9.27,40.98,28.85,2.74,15.59,1.51,0.99,8.0,YAHOO,0.7741,2.082,-0.0978,0.062473,4.5351,0.3053,73.1,2026-10-22,48,,,yahoo,1.0,1.0,1.0,1.0,1.0,1.0,1.0,1.0,0.0,-5.3498,-5.5465,3.568,6.8464,25.8181,23.0927,309.1852,309.1852,309.1852,-6.328,-6.328,-6.328
FDX,322.5199890136719,322.52,2026-09-04,False,321.1000061035156,325.0513000488281,-0.55,81.08,BAJO,76330942464.0,17.39,15.48,2.45,14.85,5.01,11.13,4.68,7.41,8.96,1.36,1.48,5.0,YAHOO,0.7741,2.082,-0.0978,0.062473,4.5351,0.3053,73.1,2026-10-28,54,,,yahoo,1.0,0.0,1.0,1.0,0.0,1.0,0.0,1.0,0.0,-2.5266,-0.7875,4.1193,-2.1961,33.0433,26.2338,339.35,339.35,339.35,-4.9595,-4.9595,-4.9595
PCAR,124.69999694824219,124.7,2026-09-04,False,124.1500015258789,126.48999786376953,0.15,30.05,BAJO,65637707776.0,26.31,17.35,3.23,12.76,4.12,12.02,9.0,2.96,21.91,0.73,5.52,4.0,YAHOO,0.7741,2.082,-0.0978,0.062473,4.5351,0.3053,73.1,2026-10-27,53,,,yahoo,1.0,0.0,1.0,1.0,0.0,1.0,0.0,0.0,0.0,-0.5106,-4.831,2.0655,7.1565,21.808,27.2592,132.18,137.845,137.845,-5.6589,-9.5361,-9.5361
MMM,168.55999755859375,168.56,2026-09-04,False,167.55039978027344,169.58999633789062,0.15,10.33,BAJO,86930169856.0,29.89,17.24,29.45,81.89,8.74,20.35,11.9,7.3,14.6,4.38,1.24,5.0,YAHOO,0.7741,2.082,-0.0978,0.062473,4.5351,0.3053,73.1,2026-10-20,46,,,yahoo,1.0,0.0,1.0,0.0,0.0,1.0,1.0,0.0,1.0,-3.3154,-5.399,9.4363,10.1053,8.1855,25.353,182.979,182.979,182.979,-7.8801,-7.8801,-7.8801
PAC,208.1699981689453,208.17,2026-09-04,False,207.47500610351562,211.7100067138672,-0.06,-15.8,BAJO,12386493440.0,19.19,16.44,579.39,28.03,10.47,44.16,30.83,55.69,81.98,1.18,0.74,7.0,YAHOO,0.7741,2.082,-0.0978,0.062473,4.5351,0.3053,73.1,2026-10-19,45,,,yahoo,1.0,1.0,1.0,1.0,0.0,1.0,1.0,0.0,1.0,0.2939,-1.8899,-11.9044,-9.0166,30.8088,29.3875,216.17,254.56,300.41,-3.7008,-18.2236,-30.7047
GT,6.25,6.25,2026-09-04,False,6.03000020980835,6.25,2.29,-25.82,BAJO,1799367168.0,,11.08,0.63,-61.53,0.51,-0.96,-14.37,27.63,9.44,2.74,1.09,5.0,YAHOO,0.7741,2.082,-0.0978,0.062473,4.5351,0.3053,73.1,2026-11-03,60,2026-08-05,30.0,yahoo,0.0,0.0,1.0,1.0,1.0,1.0,0.0,0.0,1.0,-1.5748,4.6901,-3.8462,9.4571,58.88,50.5887,6.35,7.45,10.54,-1.5748,-16.1074,-40.7021
BA,212.25,212.25,2026-09-04,False,208.8000030517578,212.25999450683594,0.83,-8.07,BAJO,167756038144.0,76.35,51.51,27.51,173.54,-1.98,0.0,2.59,3.35,-67.4,7.91,1.14,6.0,YAHOO,0.7741,2.082,-0.0978,0.062473,4.5351,0.3053,73.1,2026-10-28,54,,,yahoo,1.0,1.0,1.0,0.0,1.0,0.0,0.0,1.0,1.0,1.1581,-0.9104,-5.6457,-1.4853,17.4351,33.5398,233.24,240.19,252.15,-8.9993,-11.6325,-15.8239
HON,209.61000061035156,209.61,2026-09-04,False,206.92010498046875,210.0,0.95,0.44,BAJO,66433794048.0,8.06,20.99,3.58,46.58,5.72,20.25,21.58,3.93,10.79,1.85,1.21,5.0,YAHOO,0.7741,2.082,-0.0978,0.062473,4.5351,0.3053,73.1,2026-10-22,48,,,yahoo,1.0,0.0,1.0,1.0,0.0,0.0,1.0,0.0,1.0,-3.5966,-2.9134,-4.593,-6.3126,24.0595,32.1506,242.2032,248.0457,257.9406,-13.457,-15.4954,-18.7371
MOS,25.850000381469727,25.85,2026-09-04,False,24.770000457763672,26.040000915527344,1.41,-18.03,BAJO,8217602560.0,,16.1,0.72,-5.07,1.24,-0.12,-5.21,-9.08,8.18,0.52,1.34,7.0,YAHOO,0.7741,2.082,-0.0978,0.062473,4.5351,0.3053,73.1,2026-11-03,60,,,yahoo,1.0,1.0,1.0,1.0,0.0,1.0,0.0,1.0,1.0,9.5339,5.8992,25.1816,16.232,34.9896,43.5323,25.85,25.85,34.9505,0.0,0.0,-26.0382
BG,118.70999908447266,118.71,2026-09-04,False,118.0,120.0,-1.17,50.02,BAJO,22806460416.0,25.58,10.47,1.43,7.18,3.47,4.62,1.1,-28.39,13.05,0.98,1.57,3.0,YAHOO,0.7741,2.082,-0.0978,0.062473,4.5351,0.3053,73.1,2026-11-04,61,,,yahoo,1.0,0.0,1.0,1.0,0.0,0.0,0.0,0.0,0.0,2.797,4.9509,3.6696,-5.5365,45.4714,35.3785,122.86,126.3732,130.5866,-3.3778,-6.0639,-9.0948
RKLB,64.26000213623047,64.26,2026-09-04,False,63.20000076293945,65.0,0.71,49.42,BAJO,41088552960.0,,1445.99,11.01,-7.92,-4.62,-24.57,-21.51,-0.61,-239.25,0.04,5.48,5.0,YAHOO,0.7741,2.082,-0.0978,0.062473,4.5351,0.3053,73.1,2026-11-09,66,2026-08-10,25.0,yahoo,0.0,1.0,0.0,1.0,1.0,1.0,0.0,1.0,0.0,-0.2019,-11.451,-22.9034,-41.6243,24.5001,84.8593,82.08,114.78,150.23,-21.7105,-44.0146,-57.2256
ONDS,7.619999885559082,7.62,2026-09-04,False,7.460000038146973,7.685999870300293,-0.13,42.91,BAJO,4354484224.0,,-381.0,2.57,19.32,-8.37,-166.3,96.25,-1.59,-16.7,0.03,9.85,5.0,YAHOO,0.7741,2.082,-0.0978,0.062473,4.5351,0.3053,73.1,2026-11-12,69,2026-08-13,22.0,yahoo,0.0,1.0,0.0,1.0,1.0,1.0,0.0,1.0,0.0,-3.5443,-12.5144,1.3298,-26.9415,104.5696,84.2638,9.77,9.83,14.01,-22.0061,-22.4822,-45.6103
SMSN.IL,4620.0,4620.0,2026-09-02,False,4544.0,4652.0,-0.35,273.83,BAJO,,50.89,78.25,0.0,10.64,2.3,6.08,13.13,,-1.44,0.03,2.88,6.0,YAHOO,0.7741,2.082,-0.0978,0.062473,4.5351,0.3053,73.1,2026-10-28,54,,,yahoo,1.0,1.0,1.0,1.0,0.0,0.0,0.0,1.0,1.0,-2.2015,0.6536,-8.3333,-8.8526,30.568,84.0331,5075.0,6002.5513,6002.5513,-8.9655,-23.0327,-23.0327
ADS.DE,148.6999969482422,148.7,2026-09-02,False,146.85000610351562,149.60000610351562,-0.57,-11.98,BAJO,26110627840.0,19.1,12.78,4.38,24.32,6.7,8.51,5.3,3.65,11.58,0.94,1.39,6.0,YAHOO,0.7741,2.082,-0.0978,0.062473,4.5351,0.3053,73.1,2026-10-29,55,,,yahoo,1.0,1.0,1.0,0.0,0.0,1.0,0.0,1.0,1.0,-2.8739,-1.5232,-20.8622,-9.6323,23.857,36.2874,167.35,187.9,191.3097,-11.1443,-20.8622,-22.2726
BAYN.DE,49.34000015258789,49.34,2026-09-02,False,48.619998931884766,50.15999984741211,0.33,76.45,BAJO,47991414784.0,,10.17,1.62,-5.69,3.18,9.19,-3.83,13.68,8.04,1.29,1.04,6.0,YAHOO,0.7741,2.082,-0.0978,0.062473,4.5351,0.3053,73.1,2026-11-03,60,,,yahoo,0.0,0.0,1.0,1.0,1.0,0.0,1.0,1.0,1.0,1.7739,1.5017,-2.9122,38.246,7.644,50.0854,49.81,53.36,53.36,-0.9436,-7.5337,-7.5337
RIOT,21.799999237060547,21.8,2026-09-04,False,20.65999984741211,21.825000762939453,3.12,65.6,BAJO,8180644864.0,,-23.31,3.76,-48.24,-21.2,-122.33,-196.28,-8.79,-9.28,0.4,1.58,2.0,YAHOO,0.7741,2.082,-0.0978,0.062473,4.5351,0.3053,73.1,2026-10-29,55,2026-08-10,25.0,yahoo,0.0,0.0,0.0,0.0,0.0,0.0,0.0,1.0,1.0,14.7973,9.9344,3.3665,-11.5977,128.7113,95.6773,21.8,28.69,28.69,0.0,-24.0153,-24.0153
OKLO,41.27000045776367,41.27,2026-09-04,False,39.5,41.31999969482422,3.59,-40.76,BAJO,7676948480.0,,-41.1,2.33,-7.7,-6.65,-6048.76,0.0,-3.12,-22.83,0.0,48.46,4.0,YAHOO,0.7741,2.082,-0.0978,0.062473,4.5351,0.3053,73.1,2026-11-10,67,2026-08-07,28.0,yahoo,0.0,1.0,0.0,1.0,1.0,1.0,0.0,0.0,0.0,2.8151,-1.9482,-12.7115,-28.9551,61.1284,81.6487,47.01,61.17,174.14,-12.2102,-32.5323,-76.3007
SATL,4.639999866485596,4.64,2026-09-04,False,4.579999923706055,4.806000232696533,0.22,34.05,BAJO,713353152.0,,-154.67,10.4,,-9.86,1.67,0.0,-2.64,-44.66,2.85,2.34,4.0,YAHOO,0.7741,2.082,-0.0978,0.062473,4.5351,0.3053,73.1,2026-11-12,69,2026-08-05,30.0,yahoo,0.0,1.0,0.0,0.0,1.0,1.0,0.0,1.0,0.0,-4.3299,-18.8811,-1.9028,-34.8315,56.4333,100.4415,5.98,7.52,10.74,-22.408,-38.2979,-56.797
JMIA,7.289999961853027,7.29,2026-09-04,False,7.085000038146973,7.324999809265137,2.53,-11.04,BAJO,974132352.0,,-21.44,1041.43,-216.21,-25.23,-23.8,-27.54,-2.85,-15.82,37.95,0.88,3.0,YAHOO,0.7741,2.082,-0.0978,0.062473,4.5351,0.3053,73.1,2026-11-11,68,2026-08-12,23.0,yahoo,0.0,1.0,0.0,1.0,0.0,0.0,0.0,0.0,1.0,5.0432,8.1602,7.0485,11.4679,34.4982,55.8401,7.29,7.4,14.6,0.0,-1.4865,-50.0685
LAR,6.789999961853027,6.79,2026-09-04,False,6.639999866485596,6.90500020980835,-0.44,103.85,BAJO,1114238976.0,,19.83,1.41,-6.58,-2.05,0.0,0.0,-1.47,-35.55,0.3,0.47,1.0,YAHOO,0.7741,2.082,-0.0978,0.062473,4.5351,0.3053,73.1,2026-11-09,66,2026-08-11,24.0,yahoo,0.0,0.0,0.0,1.0,0.0,0.0,0.0,0.0,0.0,-1.1645,-0.5857,-7.8697,-21.321,39.0124,63.9984,7.1,9.77,11.79,-4.3662,-30.5015,-42.4088
NG,8.069999694824219,8.07,2026-09-04,False,7.96999979019165,8.15999984741211,-3.0,19.5,BAJO,3540959488.0,,-34.35,8.41,-24.63,-4.36,0.0,0.0,-0.67,-106.75,0.41,112.82,4.0,YAHOO,0.7741,2.082,-0.0978,0.062473,4.5351,0.3053,73.1,2026-09-30,26,,,yahoo,0.0,1.0,0.0,1.0,1.0,1.0,0.0,0.0,0.0,-7.7714,-7.4541,36.7797,10.0955,64.9421,79.4452,9.77,9.77,14.2,-17.4002,-17.4002,-43.169
PBI,17.399999618530273,17.4,2026-09-04,False,17.079999923706055,17.450000762939453,-1.02,46.44,BAJO,2385369600.0,14.15,9.55,-2.76,,8.41,21.68,10.04,9.8,8.17,,0.73,7.0,YAHOO,0.7741,2.082,-0.0978,0.062473,4.5351,0.3053,73.1,2026-11-05,62,,,yahoo,1.0,1.0,1.0,1.0,0.0,0.0,1.0,1.0,1.0,1.104,5.5825,1.1003,3.7987,19.1677,28.446,17.58,18.4037,18.4037,-1.0239,-5.454,-5.454
AXIA,9.529999732971191,9.53,2026-08-14,False,9.267999649047852,9.600000381469727,-0.31,-2.71,BAJO,23290886144.0,10.02,10.99,1.22,10.01,3.05,43.79,27.05,16.97,4.39,0.63,2.05,6.0,YAHOO,0.7741,2.082,-0.0978,0.062473,4.5351,0.3053,73.1,2026-11-04,61,2026-08-05,30.0,yahoo,1.0,0.0,1.0,1.0,0.0,0.0,1.0,1.0,1.0,-2.6558,,,,59.054,,,,,,,
TEM,64.62000274658203,64.62,2026-09-04,False,63.11000061035156,66.29000091552734,-0.06,-17.33,BAJO,11659694080.0,,-2689.14,26.15,-67.44,-8.55,-20.11,-17.77,-0.8,-63.59,3.25,3.3,4.0,YAHOO,0.7741,2.082,-0.0978,0.062473,4.5351,0.3053,73.1,2026-11-03,60,,,yahoo,0.0,1.0,0.0,1.0,0.0,1.0,0.0,1.0,0.0,0.9057,-11.1019,12.8339,39.1773,40.4282,91.3023,72.69,72.69,103.25,-11.1019,-11.1019,-37.414
MRSH,185.74000549316406,185.74,2026-09-04,False,185.4199981689453,187.69000244140625,-1.44,-8.09,BAJO,88637218816.0,22.65,16.28,5.85,25.9,7.24,26.32,14.24,5.4,14.29,1.45,1.14,6.0,YAHOO,0.7741,2.082,-0.0978,0.062473,4.5351,0.3053,73.1,2026-10-15,41,,,yahoo,1.0,0.0,1.0,1.0,1.0,0.0,1.0,0.0,1.0,-3.5818,-3.2654,4.3232,12.9054,14.2866,27.8265,194.67,197.59,203.7672,-4.5872,-5.9973,-8.8469
CEPU,14.039999961853027,14.04,2026-09-04,False,13.829500198364258,14.199999809265137,0.07,35.99,BAJO,2105806848.0,6.5,8.36,1.07,19.03,7.21,24.84,28.78,-1992.17,1.24,0.33,1.28,7.0,YAHOO,0.7741,2.082,-0.0978,0.062473,4.5351,0.3053,73.1,2026-11-11,68,2026-08-11,24.0,yahoo,1.0,1.0,1.0,1.0,0.0,1.0,1.0,0.0,1.0,4.9327,8.1664,-4.2292,-4.0984,36.6917,38.1276,14.32,15.96,17.95,-1.9553,-12.0301,-21.7827
BMA,78.56999969482422,78.57,2026-09-04,False,77.52999877929688,80.2699966430664,-0.77,40.18,BAJO,5023689728.0,19.84,6.95,1.21,5.36,1.31,26.07,8.39,,,,,5.0,YAHOO,0.7741,2.082,-0.0978,0.062473,4.5351,0.3053,73.1,2026-11-25,82,2026-08-19,16.0,yahoo,,,,,,,,,,3.3136,7.8666,-13.3068,-6.9529,10.978,45.8121,84.19,101.0828,101.1279,-6.6754,-22.2717,-22.3063
SUPV,8.789999961853027,8.79,2026-09-04,False,8.656499862670898,8.859999656677246,0.11,11.78,BAJO,830727168.0,,7.16,0.99,-8.01,-1.15,3.31,-11.23,,,,,2.0,YAHOO,0.7741,2.082,-0.0978,0.062473,4.5351,0.3053,73.1,2026-11-17,74,2026-08-10,25.0,yahoo,0.0,0.0,1.0,1.0,0.0,0.0,0.0,0.0,0.0,5.7762,11.2658,-8.0544,-6.9841,11.8813,57.4036,8.86,11.38,12.86,-0.7901,-22.7592,-31.6485
PAMP,5365.0,5365.0,2026-09-04,False,5310.0,5445.0,-0.37,43.97,BAJO,,,,,,,,,,,,,,YAHOO,0.7741,2.082,-0.0978,0.062473,4.5351,0.3053,73.1,,999,,,none,,,,,,,,,,3.6715,6.1325,3.074,6.66,32.6254,24.5256,5485.0,5630.0,5630.0,-2.1878,-4.7069,-4.7069
EDN,24.600000381469727,24.6,2026-09-04,False,23.93000030517578,25.125,0.57,13.36,BAJO,,7.34,18.07,0.59,9.59,3.09,5.14,7.2,,0.83,0.62,1.46,6.0,YAHOO,0.7741,2.082,-0.0978,0.062473,4.5351,0.3053,73.1,2026-11-06,63,2026-08-07,28.0,yahoo,1.0,0.0,1.0,0.0,0.0,1.0,1.0,1.0,1.0,5.1732,10.3139,-0.3241,-4.5031,45.7055,47.3795,24.91,28.74,35.71,-1.2445,-14.405,-31.1117
TGS,29.049999237060547,29.05,2026-09-04,False,28.450000762939453,29.350000381469727,0.66,9.36,BAJO,4373541376.0,12.74,11.1,1.86,15.98,9.91,40.71,28.02,8214.11,-0.48,0.43,3.67,6.0,YAHOO,0.7741,2.082,-0.0978,0.062473,4.5351,0.3053,73.1,2026-11-03,60,2026-08-05,30.0,yahoo,1.0,0.0,1.0,1.0,0.0,1.0,1.0,1.0,0.0,3.1972,3.3808,-1.3582,-1.5588,30.9091,34.2285,29.67,33.36,35.32,-2.0897,-12.9197,-17.752
TEO,13.029999732971191,13.03,2026-09-04,False,12.960000038146973,13.65999984741211,0.46,55.62,BAJO,,10.68,13.75,0.95,10.83,3.12,13.95,8.91,,1.98,0.67,0.58,6.0,YAHOO,0.7741,2.082,-0.0978,0.062473,4.5351,0.3053,73.1,2026-11-09,66,2026-08-07,28.0,yahoo,,,,,,,,,,-0.2297,-0.8371,0.4626,-1.5861,29.4085,33.9398,14.3,15.98,15.98,-8.8811,-18.4606,-18.4606
IRS,15.15999984741211,15.16,2026-09-04,False,14.750100135803223,15.489999771118164,0.53,7.7,BAJO,1282711680.0,4.89,166.59,0.91,22.48,4.07,44.36,72.51,13435.67,3.93,0.45,0.6,5.0,YAHOO,0.7741,2.082,-0.0978,0.062473,4.5351,0.3053,73.1,2026-09-04,0,2026-08-31,4.0,yahoo,0.0,0.0,1.0,1.0,1.0,0.0,1.0,1.0,0.0,3.5519,2.2942,-0.8502,0.1321,20.3299,27.3896,15.29,17.28,18.41,-0.8502,-12.2685,-17.6534
CRES,1905.0,1905.0,2026-09-04,False,1805.0,1950.0,1.55,52.26,BAJO,,,,,,,,,,,,,,YAHOO,0.7741,2.082,-0.0978,0.062473,4.5351,0.3053,73.1,,999,,,none,,,,,,,,,,7.7489,7.688,14.2086,10.1793,47.2376,33.1336,1933.0,1933.0,2120.0,-1.4485,-1.4485,-10.1415
LOMA,10.270000457763672,10.27,2026-09-04,False,10.020000457763672,10.378100395202637,1.28,12.19,BAJO,1198474496.0,41.08,13.34,1.38,3.82,2.68,5.99,5.13,-2823.55,1.61,0.24,2.25,5.0,YAHOO,0.7741,2.082,-0.0978,0.062473,4.5351,0.3053,73.1,2026-11-05,62,2026-08-06,29.0,yahoo,1.0,0.0,1.0,1.0,0.0,1.0,1.0,0.0,0.0,5.9856,10.3115,-7.4775,-7.8097,39.4517,39.3776,10.41,12.59,13.12,-1.3449,-18.4273,-21.7226
GLOB,39.130001068115234,39.13,2026-09-04,False,38.34000015258789,39.814998626708984,-3.02,-37.29,BAJO,1689616128.0,15.29,6.31,0.79,5.48,4.67,4.86,4.63,,5.47,0.24,1.84,4.0,YAHOO,0.7741,2.082,-0.0978,0.062473,4.5351,0.3053,73.1,2026-11-19,76,2026-08-13,22.0,yahoo,1.0,0.0,1.0,1.0,0.0,0.0,1.0,0.0,0.0,-3.4304,-1.2367,30.8696,2.1671,50.4615,65.7175,40.99,40.99,71.21,-4.5377,-4.5377,-45.0499
BBAR,14.819999694824219,14.82,2026-09-04,False,14.699899673461914,15.217900276184082,-1.79,20.84,BAJO,3026787584.0,13.47,13.48,1.09,8.12,1.24,19.02,8.62,,,,,4.0,YAHOO,0.7741,2.082,-0.0978,0.062473,4.5351,0.3053,73.1,2026-11-24,81,2026-08-27,8.0,yahoo,1.0,0.0,1.0,1.0,0.0,0.0,1.0,0.0,0.0,2.4188,5.4804,-23.6545,-14.5784,19.1278,52.831,17.27,21.7253,21.7253,-14.1865,-31.7847,-31.7847
LND,3.7899999618530273,3.79,2026-09-04,False,3.759999990463257,3.859999895095825,-2.07,-4.1,BAJO,,,,0.94,-0.7,-1.96,-7.33,-1.57,,-11.32,0.71,1.47,,YAHOO,0.7741,2.082,-0.0978,0.062473,4.5351,0.3053,73.1,2026-11-05,62,2026-09-03,1.0,finnhub,,,,,,,,,,-0.7853,0.5305,6.4607,3.2698,26.7333,20.8107,3.87,3.87,4.37,-2.0672,-2.0672,-13.2723
AGRO,11.770000457763672,11.77,2026-09-04,False,11.399999618530273,11.920000076293945,1.47,43.35,BAJO,1698504832.0,30.97,9.43,0.98,3.69,2.47,17.0,3.0,-7.56,9.08,1.24,1.73,2.0,YAHOO,0.7741,2.082,-0.0978,0.062473,4.5351,0.3053,73.1,2026-11-11,68,2026-08-11,24.0,yahoo,0.0,0.0,1.0,1.0,0.0,0.0,0.0,0.0,0.0,9.5903,6.3234,15.3922,3.0648,55.6897,53.4894,12.02,12.02,15.18,-2.0799,-2.0799,-22.4638
