Ticker,Precio,Cierre_Confirmado,Fecha_Cierre_Confirmado,Precio_Es_Intradiario,Low,High,Change (%),RS 20D,Credit Stress,Market Cap,P/E,Forward P/E,P/Book,ROE,ROA,Operating Margin,Net Margin,FCF Yield,EV/EBITDA,Debt/Equity,Current Ratio,Piotroski,Fund Source,Grain_IS,ZC_Surprise,ZS_Surprise,SPX_Quarterly_Divisor,SPX_ROC_63d,z_MOVE_inv,MOVE_price,Earnings_Next_Date,Earnings_Days_To_Next,Earnings_Last_Date,Earnings_Days_Since,Earnings_Source,piotroski_roa_positive,piotroski_d_roa,piotroski_cfo_positive,piotroski_cfo_gt_ni,piotroski_d_leverage,piotroski_d_liquidity,piotroski_no_dilution,piotroski_d_margin,piotroski_d_turnover,roc_5d,roc_10d,roc_42d,roc_63d,vol_5d,vol_60d,high_20d,high_60d,high_252d,drawdown_20d,drawdown_60d,drawdown_252d
^GSPC,7730.990234375,7675.7002,2026-08-26,True,7689.89013671875,7741.27001953125,0.72,-1.87,BAJO,,,,,,,,,,,,,,NONE,1.312,1.7702,1.0065,0.067267,2.2127,0.6389,69.86,,999,,,none,,,,,,,,,,1.1756,-0.8719,3.9052,2.2127,6.8788,13.787,7798.9902,7798.9902,,-0.8719,-0.8719,
^DJI,53569.44140625,53463.8789,2026-08-26,True,53345.62109375,53707.62109375,0.2,1.64,BAJO,,,,,,,,,,,,,,NONE,1.312,1.7702,1.0065,0.067267,2.2127,0.6389,69.86,,999,,,none,,,,,,,,,,1.5357,-0.5025,2.6574,5.7244,3.7546,12.7186,54349.1211,54349.1211,,-1.4346,-1.4346,
^IXIC,26541.3515625,26130.1992,2026-08-26,True,26273.873046875,26553.8984375,1.57,-5.48,BAJO,,,,,,,,,,,,,,NONE,1.312,1.7702,1.0065,0.067267,2.2127,0.6389,69.86,,999,,,none,,,,,,,,,,1.8191,-0.9763,2.7932,-1.3973,15.9293,22.1931,26803.0293,26853.9805,,-0.9763,-1.1642,
^RUT,3014.33935546875,3005.8999,2026-08-26,True,3000.9072265625,3019.3955078125,0.28,-1.43,BAJO,,,,,,,,,,,,,,NONE,1.312,1.7702,1.0065,0.067267,2.2127,0.6389,69.86,,999,,,none,,,,,,,,,,0.7322,-1.2615,0.1302,2.6483,8.7598,16.6184,3068.4199,3068.4199,,-1.7625,-1.7625,
^VIX,14.510000228881836,15.21,2026-08-26,True,14.420000076293945,15.130000114440918,-4.6,-15.01,BAJO,,,,,,,,,,,,,,NONE,1.312,1.7702,1.0065,0.067267,2.2127,0.6389,69.86,,999,,,none,,,,,,,,,,-9.3691,-0.8202,-17.7904,-7.8145,64.0024,138.6355,16.5,22.22,,-12.0606,-34.6985,
^MOVE,69.85880279541016,69.44,2026-08-26,True,0.0,0.0,0.6,-3.91,BAJO,,,,,,,,,,,,,,NONE,1.312,1.7702,1.0065,0.067267,2.2127,0.6389,69.86,,999,,,none,,,,,,,,,,-4.5384,0.9083,2.5225,0.1704,35.2319,69.9052,83.02,83.02,,-15.853,-15.853,
^TNX,4.671999931335449,4.664,2026-08-26,True,4.64900016784668,4.679999828338623,0.17,0.18,BAJO,,,,,,,,,,,,,,NONE,1.312,1.7702,1.0065,0.067267,2.2127,0.6389,69.86,,999,,,none,,,,,,,,,,-0.5111,0.668,6.813,4.8709,13.7839,13.822,4.745,4.745,,-1.5385,-1.5385,
^IRX,3.677999973297119,3.69,2026-08-26,True,3.677999973297119,3.684999942779541,-0.33,-1.49,BAJO,,,,,,,,,,,,,,NONE,1.312,1.7702,1.0065,0.067267,2.2127,0.6389,69.86,,999,,,none,,,,,,,,,,-0.6751,-0.7287,-0.0544,2.4513,3.1913,9.9673,3.732,3.805,,-1.4469,-3.3377,
DX-Y.NYB,99.125,99.17,2026-08-26,True,99.10199737548828,99.125,-0.05,-4.17,BAJO,,,,,,,,,,,,,,NONE,1.312,1.7702,1.0065,0.067267,2.2127,0.6389,69.86,,999,,,none,,,,,,,,,,0.2275,-0.8353,-1.9632,0.106,2.6937,4.6731,100.01,101.61,,-0.8849,-2.4456,
^N225,66521.4921875,66262.1562,2026-08-26,True,66012.203125,66526.9609375,0.39,-1.26,BAJO,,,,,,,,,,,,,,NONE,1.312,1.7702,1.0065,0.067267,2.2127,0.6389,69.86,,999,,,none,,,,,,,,,,0.4602,-2.6162,-4.0936,2.8262,9.9687,33.9115,69220.25,72366.3438,,-3.8988,-8.0768,
^MERV,3001209.0,3024971.0,2026-08-26,True,2990195.5,3039704.25,-0.79,-6.39,BAJO,,,,,,,,,,,,,,NONE,1.312,1.7702,1.0065,0.067267,2.2127,0.6389,69.86,,999,,,none,,,,,,,,,,4.3554,0.0562,-3.9125,-2.3047,23.8006,28.7373,3304918.0,3379772.0,,-9.1896,-11.2008,
^NYA,24649.025390625,24742.0703,2026-08-26,True,0.0,0.0,-0.38,1.7,BAJO,,,,,,,,,,,,,,NONE,1.312,1.7702,1.0065,0.067267,2.2127,0.6389,69.86,,999,,,none,,,,,,,,,,0.4105,-0.6474,3.5555,5.7795,3.6199,9.318,24821.6797,24821.6797,,-0.6956,-0.6956,
^HSI,25652.970703125,25652.9707,2026-08-26,False,25615.939453125,25800.220703125,0.56,-2.8,BAJO,,,,,,,,,,,,,,NONE,1.312,1.7702,1.0065,0.067267,2.2127,0.6389,69.86,,999,,,none,,,,,,,,,,0.6193,0.8365,13.1489,1.2821,21.1963,18.5683,26009.4609,26038.3203,,-1.3706,-1.4799,
^TWII,45832.62109375,45832.6211,2026-08-26,False,44925.83984375,45878.390625,1.47,-0.52,BAJO,,,,,,,,,,,,,,NONE,1.312,1.7702,1.0065,0.067267,2.2127,0.6389,69.86,,999,,,none,,,,,,,,,,2.4895,0.691,2.8288,3.5606,17.0027,35.9072,46021.4805,47741.5117,,-0.4104,-3.9984,
^KS11,6828.759765625,6808.21,2026-08-26,True,6823.7900390625,6873.47998046875,0.3,-20.65,BAJO,,,,,,,,,,,,,,NONE,1.312,1.7702,1.0065,0.067267,2.2127,0.6389,69.86,,999,,,none,,,,,,,,,,-0.3476,3.7957,-18.8136,,30.2896,80.2375,6977.9399,9114.5498,,-2.1379,-25.0785,
^GDAXI,26285.9609375,26285.9609,2026-08-26,False,26196.919921875,26466.759765625,0.08,0.32,BAJO,,,,,,,,,,,,,,NONE,1.312,1.7702,1.0065,0.067267,2.2127,0.6389,69.86,,999,,,none,,,,,,,,,,0.746,-0.1713,6.7368,4.7053,5.821,12.9598,26440.3105,26440.3105,,-0.5838,-0.5838,
^FTSE,10878.099609375,10878.0996,2026-08-26,False,10855.599609375,10920.5,-0.07,-0.53,BAJO,,,,,,,,,,,,,,NONE,1.312,1.7702,1.0065,0.067267,2.2127,0.6389,69.86,,999,,,none,,,,,,,,,,1.2538,0.4145,3.7571,4.5037,4.6347,9.2975,10901.0996,10908.4004,,-0.211,-0.2778,
^AEX,1107.760009765625,1107.76,2026-08-26,False,1103.0,1110.8900146484375,-0.05,2.44,BAJO,,,,,,,,,,,,,,NONE,1.312,1.7702,1.0065,0.067267,2.2127,0.6389,69.86,,999,,,none,,,,,,,,,,0.4835,-0.4064,3.9818,7.0372,3.952,10.0777,1119.59,1119.59,,-1.0566,-1.0566,
^IBEX,20067.30078125,20067.3008,2026-08-26,False,20065.900390625,20178.5,0.05,5.09,BAJO,,,,,,,,,,,,,,NONE,1.312,1.7702,1.0065,0.067267,2.2127,0.6389,69.86,,999,,,none,,,,,,,,,,1.1074,-0.6786,3.5069,9.2818,7.5508,13.6682,20213.5996,20213.5996,,-0.7238,-0.7238,
FTSEMIB.MI,52883.0,52883.0,2026-08-25,False,52746.0,53116.0,0.31,19.9,BAJO,,,,,,,,,,,,,,YAHOO,1.312,1.7702,1.0065,0.067267,2.2127,0.6389,69.86,,999,,,none,,,,,,,,,,0.5036,-1.5196,3.3618,5.6878,4.3481,13.0755,53717.0,53717.0,53717.0,-1.5526,-1.5526,-1.5526
^SSMI,14542.900390625,14542.9004,2026-08-26,False,14534.91015625,14605.9599609375,0.12,2.64,BAJO,,,,,,,,,,,,,,NONE,1.312,1.7702,1.0065,0.067267,2.2127,0.6389,69.86,,999,,,none,,,,,,,,,,1.0866,0.6466,2.2427,7.3858,5.235,9.4322,14633.7002,14633.7002,,-0.6205,-0.6205,
^OMXC25,1920.8399658203125,1920.84,2026-08-26,False,1920.8399658203125,1937.8800048828125,-0.74,3.98,BAJO,,,,,,,,,,,,,,NONE,1.312,1.7702,1.0065,0.067267,2.2127,0.6389,69.86,,999,,,none,,,,,,,,,,1.9121,2.5257,6.4095,8.0666,12.0653,14.979,1935.0699,1935.0699,,-0.7354,-0.7354,
^GSPTSE,36834.25,36813.6992,2026-08-26,True,36624.55859375,36835.58984375,0.06,2.96,BAJO,,,,,,,,,,,,,,NONE,1.312,1.7702,1.0065,0.067267,2.2127,0.6389,69.86,,999,,,none,,,,,,,,,,1.2893,0.2039,5.3009,6.7112,6.9467,10.8403,36957.6016,36957.6016,,-0.3338,-0.3338,
^AXJO,9061.5,9127.7998,2026-08-26,True,9038.2001953125,9066.7001953125,-0.73,1.37,BAJO,,,,,,,,,,,,,,NONE,1.312,1.7702,1.0065,0.067267,2.2127,0.6389,69.86,,999,,,none,,,,,,,,,,-0.2455,-1.3822,3.2214,3.777,10.7783,9.9769,9271.5996,9271.5996,,-2.2661,-2.2661,
^MXX,65829.9765625,66191.1094,2026-08-26,True,65649.859375,66239.84375,-0.55,-10.07,BAJO,,,,,,,,,,,,,,NONE,1.312,1.7702,1.0065,0.067267,2.2127,0.6389,69.86,,999,,,none,,,,,,,,,,2.3002,1.5481,-1.6974,-3.3859,8.9309,14.3586,66938.6406,68482.9375,,-1.6562,-3.8739,
^BVSP,175135.40625,174586.0,2026-08-26,True,173660.796875,175557.625,0.31,-4.43,BAJO,,,,,,,,,,,,,,NONE,1.312,1.7702,1.0065,0.067267,2.2127,0.6389,69.86,,999,,,none,,,,,,,,,,4.2926,4.8081,1.8087,0.7753,10.6549,15.9077,178000.0,178000.0,,-1.6093,-1.6093,
HYG,79.87000274658203,79.9,2026-08-26,True,79.81999969482422,79.97000122070312,-0.04,0.49,BAJO,,,,,,,,,,,,,,YAHOO,1.312,1.7702,1.0065,0.067267,2.2127,0.6389,69.86,,999,,,none,,,,,,,,,,0.3896,0.1003,0.7747,1.0128,2.3251,3.0637,79.92,79.92,79.92,-0.0626,-0.0626,-0.0626
LQD,106.7300033569336,106.78,2026-08-26,True,106.625,106.8550033569336,-0.05,-2.6,BAJO,,,,,,,,,,,,,,YAHOO,1.312,1.7702,1.0065,0.067267,2.2127,0.6389,69.86,,999,,,none,,,,,,,,,,0.6317,0.1689,-1.9428,-1.1746,5.2824,5.4586,106.86,108.8446,109.1732,-0.1217,-1.9428,-2.2379
TLT,83.12999725341797,83.3,2026-08-26,True,83.0,83.3499984741211,-0.2,-3.75,BAJO,,,-4156.5,0.56,,,,,,,,,,YAHOO,1.312,1.7702,1.0065,0.067267,2.2127,0.6389,69.86,,999,,,none,,,,,,,,,,0.9594,0.6538,-4.2045,-1.9097,10.2527,9.9552,83.47,86.7786,88.7882,-0.4073,-4.2045,-6.3727
GC=F,4648.0,4598.2002,2026-08-26,True,4646.5,4664.7998046875,1.08,0.43,BAJO,,,,,,,,,,,,,,NONE,1.312,1.7702,1.0065,0.067267,2.2127,0.6389,69.86,,999,,,none,,,,,,,,,,2.9161,6.5176,15.5558,3.305,12.8891,25.5876,4648.0,4648.0,,0.0,0.0,
HG=F,6.681000232696533,6.5945,2026-08-26,True,6.681000232696533,6.696000099182129,1.31,1.88,BAJO,,,,,,,,,,,,,,NONE,1.312,1.7702,1.0065,0.067267,2.2127,0.6389,69.86,,999,,,none,,,,,,,,,,3.4211,1.3424,9.5695,4.4559,24.1358,23.4245,6.7095,6.7095,,-0.4248,-0.4248,
CL=F,83.41000366210938,82.23,2026-08-26,True,83.37999725341797,83.77999877929688,1.43,-10.02,BAJO,,,,,,,,,,,,,,NONE,1.312,1.7702,1.0065,0.067267,2.2127,0.6389,69.86,,999,,,none,,,,,,,,,,-5.0324,2.6585,17.894,-6.1755,32.978,51.7107,87.83,96.02,,-5.0324,-13.1327,
ZS=F,1274.5,1254.25,2026-08-26,True,1270.0,1275.5,1.61,3.45,BAJO,,,,,,,,,,,,,,NONE,1.312,1.7702,1.0065,0.067267,2.2127,0.6389,69.86,,999,,,none,,,,,,,,,,4.403,9.0948,14.9493,6.6974,19.8297,19.4718,1274.5,1274.5,,0.0,0.0,
ZC=F,534.5,514.0,2026-08-26,True,530.75,535.0,3.99,14.04,BAJO,,,,,,,,,,,,,,NONE,1.312,1.7702,1.0065,0.067267,2.2127,0.6389,69.86,,999,,,none,,,,,,,,,,11.6449,19.308,32.9602,17.2792,17.1567,26.9742,534.5,534.5,,0.0,0.0,
BTC-USD,80467.1328125,79027.4219,2026-08-26,True,80176.1953125,80400.65625,1.82,-32.58,BAJO,1613489504256.0,,,,,,,,,,,,,YAHOO,1.312,1.7702,1.0065,0.067267,2.2127,0.6389,69.86,,999,,,none,,,,,,,,,,4.3897,24.7431,26.1452,34.7369,16.769,31.69,80467.1328,80467.1328,96929.3281,0.0,0.0,-16.9837
ETH-USD,2512.9599609375,2506.261,2026-08-26,True,2507.884033203125,2513.357666015625,0.27,-48.33,BAJO,302956347392.0,,,,,,,,,,,,,YAHOO,1.312,1.7702,1.0065,0.067267,2.2127,0.6389,69.86,,999,,,none,,,,,,,,,,3.6592,31.4171,34.8738,60.5913,27.0048,50.0516,2515.2817,2515.2817,3354.7227,-0.0923,-0.0923,-25.0919
IBIT,45.290000915527344,44.46,2026-08-26,True,44.66999816894531,45.810001373291016,1.87,-32.93,BAJO,,,,,,,,,,,,,,YAHOO,1.312,1.7702,1.0065,0.067267,2.2127,0.6389,69.86,,999,,,none,,,,,,,,,,9.9272,26.2263,32.5044,8.975,21.1637,39.5802,45.29,45.29,71.29,0.0,0.0,-36.4708
SPY,771.0999755859375,766.08,2026-08-26,True,767.1599731445312,772.35498046875,0.66,16.49,BAJO,,25.98,,1.8,,,,,,,,,,YAHOO,1.312,1.7702,1.0065,0.067267,2.2127,0.6389,69.86,,999,,,none,,,,,,,,,,1.1146,-0.8716,4.0621,2.4498,6.4465,14.057,777.88,777.88,777.88,-0.8716,-0.8716,-0.8716
QQQ,721.1099853515625,711.37,2026-08-26,True,714.5250244140625,721.3499755859375,1.37,22.26,BAJO,,30.83,,2.02,,,,,,,,,,YAHOO,1.312,1.7702,1.0065,0.067267,2.2127,0.6389,69.86,,999,,,none,,,,,,,,,,1.4319,-1.4971,-0.4102,-1.8621,15.8014,26.4294,732.07,743.3931,745.3409,-1.4971,-2.9975,-3.251
DIA,535.219970703125,534.23,2026-08-26,True,532.9400024414062,536.6300048828125,0.19,15.08,BAJO,,22.23,,,,,,,,,,,,YAHOO,1.312,1.7702,1.0065,0.067267,2.2127,0.6389,69.86,,999,,,none,,,,,,,,,,1.5457,-0.4176,2.7097,5.9615,3.5686,12.6451,542.3603,542.3603,542.3603,-1.3165,-1.3165,-1.3165
IWM,299.80999755859375,298.93,2026-08-26,True,298.1400146484375,300.31500244140625,0.29,24.31,BAJO,,18.59,,1.37,,,,,,,,,,YAHOO,1.312,1.7702,1.0065,0.067267,2.2127,0.6389,69.86,,999,,,none,,,,,,,,,,0.7189,-1.2158,0.281,2.9082,7.7505,16.6211,305.09,305.09,305.09,-1.7306,-1.7306,-1.7306
GLD,422.6000061035156,421.32,2026-08-26,True,418.42999267578125,423.3500061035156,0.3,31.06,BAJO,,,,2.49,,,,,,,,,,YAHOO,1.312,1.7702,1.0065,0.067267,2.2127,0.6389,69.86,,999,,,none,,,,,,,,,,1.7676,5.9254,14.6563,2.3815,16.6377,26.7958,428.07,428.07,495.9,-1.2778,-1.2778,-14.7812
SLV,62.77000045776367,61.59,2026-08-26,True,61.08000183105469,62.970001220703125,1.92,75.31,BAJO,,,,,,,,,,,,,,YAHOO,1.312,1.7702,1.0065,0.067267,2.2127,0.6389,69.86,,999,,,none,,,,,,,,,,1.8002,7.9264,19.1534,-8.1773,22.0048,44.957,62.77,66.98,105.6,0.0,-6.2855,-40.5587
XLY,115.87999725341797,117.16,2026-08-26,True,115.80999755859375,116.62000274658203,-1.09,-4.16,BAJO,,26.37,,,,,,,,,,,,YAHOO,1.312,1.7702,1.0065,0.067267,2.2127,0.6389,69.86,,999,,,none,,,,,,,,,,-0.6856,-2.1697,-1.0587,-4.8739,8.9664,21.8058,119.86,119.86,124.0232,-3.3205,-3.3205,-6.5659
XLV,171.5800018310547,173.54,2026-08-26,True,171.42999267578125,173.11000061035156,-1.13,23.37,BAJO,,30.58,,,,,,,,,,,,YAHOO,1.312,1.7702,1.0065,0.067267,2.2127,0.6389,69.86,,999,,,none,,,,,,,,,,-0.4699,1.9005,6.7438,14.221,11.6936,20.0057,175.68,175.68,175.68,-2.3338,-2.3338,-2.3338
XLRE,44.65999984741211,45.09,2026-08-26,True,44.630001068115234,45.04499816894531,-0.95,5.42,BAJO,,32.38,,,,,,,,,,,,YAHOO,1.312,1.7702,1.0065,0.067267,2.2127,0.6389,69.86,,999,,,none,,,,,,,,,,-0.9317,-1.0195,-0.5788,1.4442,10.6896,15.9802,45.36,46.01,46.01,-1.5432,-2.9341,-2.9341
XLK,188.61000061035156,182.84,2026-08-26,True,185.6699981689453,188.72999572753906,3.16,39.31,BAJO,,36.23,,,,,,,,,,,,YAHOO,1.312,1.7702,1.0065,0.067267,2.2127,0.6389,69.86,,999,,,none,,,,,,,,,,3.0093,-1.1323,1.7259,1.0623,32.0591,35.7034,190.77,195.9963,197.974,-1.1323,-3.7686,-4.7299
XLI,178.8000030517578,180.34,2026-08-26,True,178.17999267578125,180.49000549316406,-0.85,14.17,BAJO,,29.64,,1.82,,,,,,,,,,YAHOO,1.312,1.7702,1.0065,0.067267,2.2127,0.6389,69.86,,999,,,none,,,,,,,,,,-0.5396,-3.7623,-2.1668,3.13,14.0408,18.9811,186.51,186.51,186.51,-4.1338,-4.1338,-4.1338
XLF,57.880001068115234,58.26,2026-08-26,True,57.72999954223633,58.22999954223633,-0.65,5.21,BAJO,,16.94,,1.7,,,,,,,,,,YAHOO,1.312,1.7702,1.0065,0.067267,2.2127,0.6389,69.86,,999,,,none,,,,,,,,,,1.633,-0.6522,7.7439,13.288,12.9296,13.3268,58.31,58.31,58.31,-0.7374,-0.7374,-0.7374
XLE,62.290000915527344,62.43,2026-08-26,True,61.54999923706055,62.720001220703125,-0.22,39.9,BAJO,,21.0,,1.2,,,,,,,,,,YAHOO,1.312,1.7702,1.0065,0.067267,2.2127,0.6389,69.86,,999,,,none,,,,,,,,,,-2.2902,2.0144,16.2561,10.1654,15.168,22.8123,63.75,63.75,63.75,-2.2902,-2.2902,-2.2902
XLC,111.41000366210938,112.61,2026-08-26,True,111.37000274658203,112.36000061035156,-1.07,-2.62,BAJO,,16.13,,,,,,,,,,,,YAHOO,1.312,1.7702,1.0065,0.067267,2.2127,0.6389,69.86,,999,,,none,,,,,,,,,,0.6596,-1.0129,3.2722,-4.26,14.9404,19.8564,113.18,113.38,119.3874,-1.5639,-1.7375,-6.682
XLB,53.22999954223633,53.67,2026-08-26,True,53.099998474121094,53.48500061035156,-0.82,13.55,BAJO,,26.06,,0.67,,,,,,,,,,YAHOO,1.312,1.7702,1.0065,0.067267,2.2127,0.6389,69.86,,999,,,none,,,,,,,,,,1.5452,1.7587,5.073,4.0285,7.2319,19.8355,53.67,53.67,53.67,-0.8198,-0.8198,-0.8198
XLP,85.08000183105469,86.27,2026-08-26,True,85.06999969482422,85.8550033569336,-1.38,4.18,BAJO,,26.14,,1.25,,,,,,,,,,YAHOO,1.312,1.7702,1.0065,0.067267,2.2127,0.6389,69.86,,999,,,none,,,,,,,,,,-0.2813,-1.0698,0.8415,1.4691,21.9441,17.7717,87.45,87.45,88.8894,-2.7101,-2.7101,-4.2856
XLU,43.18000030517578,43.51,2026-08-26,True,42.91999816894531,43.31999969482422,-0.76,0.01,BAJO,,19.65,,0.67,,,,,,,,,,YAHOO,1.312,1.7702,1.0065,0.067267,2.2127,0.6389,69.86,,999,,,none,,,,,,,,,,-1.348,-1.9528,-6.1712,-2.6311,11.9732,14.7817,44.36,46.29,47.0979,-2.6601,-6.7185,-8.3186
PSQ,25.649999618530273,26.0,2026-08-26,True,25.640100479125977,25.875,-1.35,-22.59,BAJO,,,,,,,,,,,,,,YAHOO,1.312,1.7702,1.0065,0.067267,2.2127,0.6389,69.86,,999,,,none,,,,,,,,,,-1.3462,1.6647,0.7067,1.92,15.9574,26.2938,26.83,27.91,33.0172,-4.3981,-8.0975,-22.3132
EWZ,35.7599983215332,35.72,2026-08-26,True,35.36000061035156,35.78499984741211,0.11,24.68,BAJO,,11.25,,0.98,,,,,,,,,,YAHOO,1.312,1.7702,1.0065,0.067267,2.2127,0.6389,69.86,,999,,,none,,,,,,,,,,4.7452,5.8928,3.5022,-0.0265,16.8667,21.1628,36.65,36.65,41.3365,-2.4284,-2.4284,-13.4905
FXI,35.2400016784668,35.55,2026-08-26,True,35.189998626708984,35.36000061035156,-0.87,-10.18,BAJO,,9.57,,,,,,,,,,,,YAHOO,1.312,1.7702,1.0065,0.067267,2.2127,0.6389,69.86,,999,,,none,,,,,,,,,,-1.2055,1.0901,11.1321,1.4707,7.9661,18.2787,36.5,36.52,40.9939,-3.4521,-3.5049,-14.0359
COPX,96.44999694824219,95.54,2026-08-26,True,94.75,96.5,0.95,100.22,BAJO,,20.74,,,,,,,,,,,,YAHOO,1.312,1.7702,1.0065,0.067267,2.2127,0.6389,69.86,,999,,,none,,,,,,,,,,7.2501,12.7806,27.3435,9.4276,18.7374,50.8147,96.45,96.45,96.45,0.0,0.0,0.0
URA,48.369998931884766,48.05,2026-08-26,True,47.65999984741211,48.599998474121094,0.67,23.64,BAJO,,31.95,,,,,,,,,,,,YAHOO,1.312,1.7702,1.0065,0.067267,2.2127,0.6389,69.86,,999,,,none,,,,,,,,,,10.333,6.895,10.107,-4.6897,44.5441,48.7353,48.37,50.39,61.81,0.0,-4.0087,-21.7441
ARKK,87.37999725341797,85.78,2026-08-26,True,86.02749633789062,87.83000183105469,1.87,11.62,BAJO,,56.4,,,,,,,,,,,,YAHOO,1.312,1.7702,1.0065,0.067267,2.2127,0.6389,69.86,,999,,,none,,,,,,,,,,4.9358,5.7997,8.3716,7.8632,39.9528,40.3402,87.38,87.38,92.53,0.0,0.0,-5.5658
ITA,234.25999450683594,236.38,2026-08-26,True,233.1750030517578,236.68809509277344,-0.9,14.09,BAJO,,35.83,,,,,,,,,,,,YAHOO,1.312,1.7702,1.0065,0.067267,2.2127,0.6389,69.86,,999,,,none,,,,,,,,,,-1.3891,-6.1797,-2.0366,-0.4863,18.5243,25.1074,253.22,253.22,253.22,-7.4876,-7.4876,-7.4876
SMH,573.0,555.77,2026-08-26,True,562.5399780273438,573.2092895507812,3.1,89.02,BAJO,,40.65,,,,,,,,,,,,YAHOO,1.312,1.7702,1.0065,0.067267,2.2127,0.6389,69.86,,999,,,none,,,,,,,,,,1.8395,-2.7363,-9.3326,-4.4729,37.6824,54.3663,594.07,668.91,668.91,-3.5467,-14.3382,-14.3382
EEM,67.61000061035156,67.17,2026-08-26,True,67.20500183105469,67.69000244140625,0.66,34.03,BAJO,,17.54,,,,,,,,,,,,YAHOO,1.312,1.7702,1.0065,0.067267,2.2127,0.6389,69.86,,999,,,none,,,,,,,,,,1.486,1.3947,0.2669,-0.9453,21.569,32.8855,67.61,71.21,71.21,0.0,-5.0555,-5.0555
AAPL,314.5799865722656,313.45,2026-08-26,True,309.40008544921875,315.3999938964844,0.36,32.91,BAJO,4591036923904.0,36.12,32.98,42.74,148.75,27.08,32.62,27.62,2.35,27.46,0.78,1.0,8.0,YAHOO,1.312,1.7702,1.0065,0.067267,2.2127,0.6389,69.86,2026-10-29,63,2026-07-30,28.0,yahoo,1.0,1.0,1.0,0.0,1.0,1.0,1.0,1.0,1.0,1.0536,3.0531,11.7524,0.7492,8.4773,32.1556,316.83,339.7869,339.7869,-0.7102,-7.4185,-7.4185
MSFT,505.05999755859375,496.37,2026-08-26,True,490.0799865722656,506.4700012207031,1.75,-3.59,BAJO,3750346096640.0,28.11,21.43,8.48,34.04,14.09,45.11,40.3,0.44,19.24,0.29,1.23,6.0,YAHOO,1.312,1.7702,1.0065,0.067267,2.2127,0.6389,69.86,2026-10-28,62,2026-07-29,29.0,yahoo,1.0,1.0,1.0,1.0,1.0,0.0,1.0,0.0,0.0,4.9693,1.8376,37.2903,18.5065,6.8059,44.6086,505.1091,505.1091,537.6464,-0.0097,-0.0097,-6.0609
NVDA,227.97999572753906,209.66,2026-08-26,True,220.89999389648438,230.47000122070312,8.74,21.63,BAJO,5521903452160.0,34.97,15.69,28.25,114.29,52.73,65.6,62.97,0.84,30.41,0.07,3.44,4.0,YAHOO,1.312,1.7702,1.0065,0.067267,2.2127,0.6389,69.86,2026-11-17,82,2026-08-26,1.0,yahoo,1.0,0.0,1.0,0.0,1.0,0.0,1.0,0.0,0.0,5.1326,1.1895,16.9308,6.5324,82.8873,42.351,227.98,227.98,235.4656,0.0,0.0,-3.1791
META,571.0999755859375,576.14,2026-08-26,True,567.6199951171875,588.3900146484375,-0.87,-27.42,BAJO,1454880718848.0,21.5,16.39,5.57,29.85,14.59,34.83,29.83,1.48,13.47,0.43,2.23,5.0,YAHOO,1.312,1.7702,1.0065,0.067267,2.2127,0.6389,69.86,2026-10-28,62,2026-07-29,29.0,yahoo,1.0,0.0,1.0,1.0,0.0,0.0,1.0,1.0,0.0,4.6296,-4.012,1.5108,-10.0207,20.2721,47.3569,599.12,681.31,777.7011,-4.6769,-16.1762,-26.5656
GOOGL,340.6499938964844,342.0,2026-08-26,True,338.5199890136719,341.69000244140625,-0.39,60.57,BAJO,4166127190016.0,17.08,23.0,6.69,48.68,12.96,34.03,54.77,0.54,23.46,0.19,2.72,6.0,YAHOO,1.312,1.7702,1.0065,0.067267,2.2127,0.6389,69.86,2026-10-28,62,,,yahoo,1.0,0.0,1.0,1.0,0.0,1.0,1.0,1.0,0.0,-0.0059,-1.6486,-3.676,-12.6308,15.3958,37.2473,377.65,377.65,402.3797,-9.7974,-9.7974,-15.3412
AMZN,256.260009765625,260.28,2026-08-26,True,255.02000427246094,259.6600036621094,-1.54,7.76,BAJO,2764100599808.0,20.6,24.66,5.01,30.56,6.59,13.69,17.44,0.12,17.13,0.46,1.03,6.0,YAHOO,1.312,1.7702,1.0065,0.067267,2.2127,0.6389,69.86,2026-10-29,63,2026-07-30,28.0,yahoo,1.0,1.0,1.0,1.0,1.0,0.0,0.0,1.0,0.0,-1.4801,-3.3455,6.7128,-6.4744,18.7617,44.6085,284.02,284.02,284.02,-9.774,-9.774,-9.774
TSLA,354.80999755859375,345.82,2026-08-26,True,345.45001220703125,355.739990234375,2.6,-2.59,BAJO,1401338986496.0,331.6,164.37,16.13,4.67,1.93,1.41,3.67,0.35,127.81,0.18,1.94,5.0,YAHOO,1.312,1.7702,1.0065,0.067267,2.2127,0.6389,69.86,2026-10-21,55,,,yahoo,1.0,0.0,1.0,1.0,0.0,1.0,0.0,1.0,0.0,2.8047,4.3682,-13.8476,-19.7444,43.0486,57.3815,362.86,425.3,489.88,-2.2185,-16.5742,-27.5721
MSTR,137.39999389648438,123.19,2026-08-26,True,124.46499633789062,139.77999877929688,11.54,-63.91,BAJO,54586499072.0,,2.78,1.65,-63.56,-38.73,-6808.11,0.0,-41.38,-1.97,0.15,5.39,3.0,YAHOO,1.312,1.7702,1.0065,0.067267,2.2127,0.6389,69.86,2026-10-29,63,2026-07-30,28.0,yahoo,0.0,0.0,0.0,1.0,1.0,1.0,0.0,0.0,0.0,22.2529,41.5036,48.252,-9.3907,94.0817,84.0454,137.4,137.4,359.69,0.0,0.0,-61.8004
PLTR,185.92999267578125,177.5,2026-08-26,True,178.00999450683594,186.85000610351562,4.75,14.56,BAJO,446800625664.0,158.91,80.34,45.71,38.1,17.29,47.12,49.01,0.48,156.78,0.02,7.23,8.0,YAHOO,1.312,1.7702,1.0065,0.067267,2.2127,0.6389,69.86,2026-11-02,67,2026-08-03,24.0,yahoo,1.0,1.0,1.0,1.0,1.0,1.0,0.0,1.0,1.0,6.8809,3.8657,60.7001,29.7126,54.5896,80.7063,185.93,185.93,207.18,0.0,0.0,-10.2568
SNOW,329.1099853515625,315.37,2026-08-26,True,320.79998779296875,333.5,4.36,60.15,BAJO,114069520384.0,,121.59,58.81,-54.87,-9.68,-22.17,-23.79,1.52,-101.08,1.43,1.05,5.0,YAHOO,1.312,1.7702,1.0065,0.067267,2.2127,0.6389,69.86,2026-09-02,6,,,yahoo,0.0,0.0,1.0,1.0,1.0,0.0,0.0,1.0,1.0,2.4339,-2.4512,30.7808,37.5878,51.2263,38.1125,337.38,337.38,337.38,-2.4512,-2.4512,-2.4512
CRWD,227.9600067138672,189.18,2026-08-26,True,206.1999969482422,229.0800018310547,20.5,111.68,BAJO,232122384384.0,3799.33,143.17,50.09,-0.25,-1.0,-2.21,-0.6,0.83,3185.22,0.18,1.53,4.0,YAHOO,1.312,1.7702,1.0065,0.067267,2.2127,0.6389,69.86,,999,2026-08-26,1.0,yahoo,0.0,0.0,1.0,1.0,1.0,1.0,0.0,0.0,0.0,19.7646,1.0775,22.739,35.8927,169.3195,67.5139,227.96,227.96,227.96,0.0,0.0,0.0
PANW,382.8500061035156,339.31,2026-08-26,True,356.7349853515625,387.3324890136719,12.83,99.99,BAJO,312022761472.0,332.91,93.14,11.25,4.83,1.77,-2.46,7.95,1.15,209.67,0.08,0.86,5.0,YAHOO,1.312,1.7702,1.0065,0.067267,2.2127,0.6389,69.86,2026-09-01,5,,,yahoo,1.0,0.0,1.0,1.0,1.0,1.0,0.0,0.0,0.0,9.5234,-3.3207,15.3163,48.5239,117.3569,55.0894,396.0,396.0,396.0,-3.3207,-3.3207,-3.3207
ADBE,289.1499938964844,273.47,2026-08-26,True,278.3699951171875,291.17498779296875,5.73,-22.94,BAJO,114937118720.0,16.55,10.52,10.02,62.95,19.93,35.33,28.69,8.02,11.96,0.61,0.75,7.0,YAHOO,1.312,1.7702,1.0065,0.067267,2.2127,0.6389,69.86,2026-09-10,14,,,yahoo,1.0,1.0,1.0,1.0,0.0,0.0,1.0,1.0,1.0,6.2192,6.8986,40.0717,19.7606,47.9058,50.3314,289.15,289.15,367.46,0.0,0.0,-21.3112
CRM,252.0500030517578,205.62,2026-08-26,True,231.0,254.47999572753906,22.58,-2.47,BAJO,,23.08,15.98,3.96,16.91,5.7,21.8,18.73,,15.44,1.24,0.79,7.0,YAHOO,1.312,1.7702,1.0065,0.067267,2.2127,0.6389,69.86,,999,2026-08-26,1.0,yahoo,1.0,1.0,1.0,1.0,0.0,0.0,1.0,1.0,1.0,22.6939,25.1676,59.596,43.4413,184.0959,63.4563,252.05,252.05,264.8822,0.0,0.0,-4.8445
MU,935.3900146484375,938.4,2026-08-26,True,906.8900146484375,968.6845092773438,-0.32,691.58,BAJO,,21.16,6.03,10.48,66.64,34.87,80.37,55.91,,15.17,0.06,3.42,7.0,YAHOO,1.312,1.7702,1.0065,0.067267,2.2127,0.6389,69.86,2026-09-30,34,,,yahoo,1.0,1.0,1.0,1.0,1.0,0.0,0.0,1.0,1.0,-3.9966,-1.5203,-18.314,1.3009,56.6124,105.7862,1011.75,1213.3734,1213.3734,-7.5473,-22.91,-22.91
INTC,92.08999633789062,88.24,2026-08-26,True,88.45999908447266,92.94999694824219,4.36,266.5,BAJO,486797410304.0,,45.14,5.31,-10.71,1.41,12.19,-19.79,1.0,28.59,0.49,1.6,6.0,YAHOO,1.312,1.7702,1.0065,0.067267,2.2127,0.6389,69.86,2026-10-22,56,,,yahoo,0.0,1.0,1.0,1.0,1.0,1.0,0.0,1.0,0.0,-0.0434,-11.9262,-30.0866,-23.8233,48.6623,84.5533,104.56,140.94,140.94,-11.9262,-34.6601,-34.6601
AMAT,482.3599853515625,479.76,2026-08-26,True,471.0,484.9800109863281,0.54,190.97,BAJO,382799642624.0,41.55,26.13,14.94,41.07,15.48,33.74,30.05,0.8,37.51,0.29,2.42,6.0,YAHOO,1.312,1.7702,1.0065,0.067267,2.2127,0.6389,69.86,2026-11-12,77,2026-08-13,14.0,yahoo,1.0,0.0,1.0,1.0,0.0,1.0,1.0,1.0,0.0,-2.7912,-9.6652,-30.4855,7.3821,15.1536,86.5328,547.5645,722.2277,722.2277,-11.9081,-33.2122,-33.2122
TXN,266.5400085449219,261.77,2026-08-26,True,261.2250061035156,267.42999267578125,1.82,29.0,BAJO,243417038848.0,40.57,25.04,13.51,35.18,13.06,42.58,31.11,1.46,26.31,0.78,4.86,7.0,YAHOO,1.312,1.7702,1.0065,0.067267,2.2127,0.6389,69.86,2026-10-27,61,,,yahoo,1.0,1.0,1.0,1.0,0.0,1.0,1.0,0.0,1.0,0.3539,-2.5198,-6.1564,-15.2066,25.857,48.4,286.08,330.5874,330.5874,-6.8302,-19.3738,-19.3738
TSM,427.29998779296875,417.69,2026-08-26,True,420.6000061035156,429.6400146484375,2.3,76.46,BAJO,2216180318208.0,31.86,19.62,87.96,39.97,19.0,60.34,49.92,32.98,4.84,0.17,2.46,9.0,YAHOO,1.312,1.7702,1.0065,0.067267,2.2127,0.6389,69.86,2026-10-15,49,,,yahoo,1.0,1.0,1.0,1.0,1.0,1.0,1.0,1.0,1.0,2.7163,-0.741,-6.1086,0.8098,31.5655,48.9593,430.97,477.57,477.57,-0.8516,-10.5262,-10.5262
AMD,476.6700134277344,480.93,2026-08-26,True,469.697509765625,483.0,-0.89,181.13,BAJO,778151854080.0,120.98,30.85,11.57,10.2,5.13,17.25,15.58,1.14,81.18,0.06,2.61,7.0,YAHOO,1.312,1.7702,1.0065,0.067267,2.2127,0.6389,69.86,2026-11-03,68,2026-08-04,23.0,yahoo,1.0,1.0,1.0,1.0,0.0,1.0,0.0,1.0,1.0,1.5358,-1.3126,-11.6443,-7.9948,55.7385,77.7867,518.58,580.91,580.91,-8.0817,-17.9443,-17.9443
ASML,1735.010009765625,1745.64,2026-08-26,True,1719.1099853515625,1751.43994140625,-0.61,122.73,BAJO,666417364992.0,58.46,28.8,1455.54,53.94,16.45,37.06,30.11,1.27,2744.4,0.09,1.33,8.0,YAHOO,1.312,1.7702,1.0065,0.067267,2.2127,0.6389,69.86,2026-10-14,48,,,yahoo,1.0,1.0,1.0,1.0,1.0,0.0,1.0,1.0,1.0,-0.8741,-6.1091,-7.7455,8.1882,11.4492,56.1727,1883.12,1986.8704,1986.8704,-7.8651,-12.6762,-12.6762
MRVL,241.4499969482422,245.11,2026-08-26,True,240.3800048828125,254.5800018310547,-1.49,219.44,BAJO,216992235520.0,82.69,38.23,11.61,16.03,3.81,14.48,28.99,1.05,79.59,0.29,3.28,8.0,YAHOO,1.312,1.7702,1.0065,0.067267,2.2127,0.6389,69.86,2026-08-27,0,,,yahoo,1.0,1.0,1.0,0.0,1.0,1.0,1.0,1.0,1.0,-3.8086,8.6732,-13.0479,17.9073,57.3408,102.6922,251.01,316.352,316.352,-3.8086,-23.6768,-23.6768
QCOM,164.77999877929688,163.72,2026-08-26,True,161.92340087890625,166.9499969482422,0.65,1.23,BAJO,175995011072.0,18.85,16.15,6.3,33.75,11.61,18.53,21.01,5.82,15.0,0.55,2.02,6.0,YAHOO,1.312,1.7702,1.0065,0.067267,2.2127,0.6389,69.86,2026-10-29,63,2026-07-29,29.0,yahoo,1.0,0.0,1.0,1.0,0.0,1.0,1.0,0.0,1.0,2.5134,-0.0061,-12.6855,-32.02,22.928,57.2558,167.86,249.09,250.0963,-1.8349,-33.8472,-34.1134
COIN,190.72000122070312,181.78,2026-08-26,True,180.11000061035156,193.80499267578125,4.92,-42.35,BAJO,50318979072.0,,67.45,3.85,-7.85,1.12,-13.92,-16.34,5.3,68.9,0.51,2.42,4.0,YAHOO,1.312,1.7702,1.0065,0.067267,2.2127,0.6389,69.86,2026-10-29,63,2026-07-30,28.0,yahoo,1.0,0.0,1.0,1.0,0.0,1.0,0.0,0.0,0.0,10.6585,23.9246,25.7633,4.6475,72.8884,69.5843,190.72,190.72,387.27,0.0,0.0,-50.7527
SHOP,154.3300018310547,150.29,2026-08-26,True,150.1999969482422,155.6898956298828,2.69,6.24,BAJO,200267038720.0,104.99,62.92,16.06,15.54,10.19,17.55,14.53,0.79,80.92,0.01,5.35,5.0,YAHOO,1.312,1.7702,1.0065,0.067267,2.2127,0.6389,69.86,2026-11-03,68,2026-08-05,22.0,yahoo,1.0,0.0,1.0,1.0,0.0,1.0,0.0,0.0,1.0,4.858,-2.6493,35.1283,34.165,38.0679,61.1582,158.53,158.53,179.01,-2.6493,-2.6493,-13.7869
RBLX,38.150001525878906,37.56,2026-08-26,True,37.310001373291016,38.595001220703125,1.57,-72.99,BAJO,27253442560.0,,-30.56,179.11,-432.28,-7.73,-13.27,-17.61,5.42,-30.39,14.23,0.82,6.0,YAHOO,1.312,1.7702,1.0065,0.067267,2.2127,0.6389,69.86,2026-10-29,63,2026-07-30,28.0,yahoo,0.0,1.0,1.0,1.0,1.0,0.0,0.0,1.0,1.0,-1.2426,0.527,-29.7939,-18.5351,41.202,82.9356,39.12,57.95,141.56,-2.4795,-34.1674,-73.0503
UBER,76.94999694824219,78.49,2026-08-26,True,76.19999694824219,77.69000244140625,-1.96,-23.36,BAJO,157174988800.0,16.88,17.54,5.75,37.16,6.88,13.32,17.34,4.61,22.42,0.52,0.84,6.0,YAHOO,1.312,1.7702,1.0065,0.067267,2.2127,0.6389,69.86,2026-11-03,68,2026-08-05,22.0,yahoo,1.0,0.0,1.0,1.0,0.0,1.0,1.0,1.0,0.0,-2.0369,1.4101,1.9205,8.5025,29.0386,41.8106,80.35,80.35,100.1,-4.2315,-4.2315,-23.1269
HPQ,29.6299991607666,30.52,2026-08-26,True,26.729999542236328,29.729999542236328,-2.92,10.82,BAJO,,11.31,9.52,-78.8,,5.88,7.11,4.45,,7.44,,0.79,5.0,YAHOO,1.312,1.7702,1.0065,0.067267,2.2127,0.6389,69.86,2026-11-24,89,2026-08-26,1.0,yahoo,1.0,0.0,1.0,1.0,0.0,1.0,1.0,0.0,0.0,0.5429,-5.3355,30.8746,19.9151,61.6607,44.6455,31.3,31.3,31.3,-5.3355,-5.3355,-5.3355
BIDU,96.94000244140625,93.26,2026-08-26,True,95.58049774169922,97.12999725341797,3.95,3.8,BAJO,32880742400.0,,12.09,0.81,-1.39,1.2,9.65,-2.9,,0.12,0.38,2.33,2.0,YAHOO,1.312,1.7702,1.0065,0.067267,2.2127,0.6389,69.86,2026-11-18,83,2026-08-18,9.0,yahoo,1.0,0.0,0.0,0.0,0.0,0.0,1.0,0.0,0.0,5.4039,-7.394,-13.5853,-26.5884,35.0602,48.3957,113.06,134.8,162.52,-14.2579,-28.0861,-40.352
SPOT,527.25,550.03,2026-08-26,True,523.22998046875,545.1300048828125,-4.14,-28.0,BAJO,108394274816.0,28.36,29.24,11.07,44.48,12.19,13.71,18.43,1.42,37.97,0.06,2.11,5.0,YAHOO,1.312,1.7702,1.0065,0.067267,2.2127,0.6389,69.86,2026-11-03,68,2026-08-04,23.0,yahoo,1.0,1.0,1.0,1.0,0.0,0.0,0.0,1.0,0.0,-1.1029,5.8225,14.0518,2.0398,45.9752,37.3098,552.57,552.57,738.53,-4.5822,-4.5822,-28.6082
AVGO,371.5400085449219,355.59,2026-08-26,True,360.75,371.7099914550781,4.49,20.57,BAJO,1767631355904.0,61.82,19.05,20.16,37.28,12.12,48.99,38.85,1.54,43.08,0.74,2.24,8.0,YAHOO,1.312,1.7702,1.0065,0.067267,2.2127,0.6389,69.86,2026-09-02,6,,,yahoo,1.0,1.0,1.0,1.0,1.0,1.0,0.0,1.0,1.0,2.063,-11.0765,-0.2443,-12.7648,47.8189,54.7107,427.76,478.4727,480.8091,-13.1429,-22.3488,-22.7261
ACN,187.3800048828125,181.38,2026-08-26,True,183.50999450683594,189.92999267578125,3.31,-29.7,BAJO,114665709568.0,14.97,12.79,3.6,24.41,10.9,16.96,10.66,10.54,8.85,0.25,1.34,5.0,YAHOO,1.312,1.7702,1.0065,0.067267,2.2127,0.6389,69.86,2026-10-01,35,,,yahoo,1.0,0.0,1.0,1.0,0.0,1.0,1.0,0.0,0.0,3.3251,4.9807,52.0227,6.2966,40.8666,60.0105,187.38,187.38,282.7143,0.0,0.0,-33.7211
NFLX,79.83999633789062,81.46,2026-08-26,True,79.29000091552734,81.1500015258789,-1.99,-38.83,BAJO,332448923648.0,25.11,20.9,11.03,49.54,16.08,33.38,28.22,7.64,23.09,0.55,1.14,7.0,YAHOO,1.312,1.7702,1.0065,0.067267,2.2127,0.6389,69.86,2026-10-20,54,,,yahoo,1.0,1.0,1.0,0.0,1.0,0.0,1.0,1.0,1.0,-0.3743,2.045,8.2136,-7.5498,32.7562,36.4502,82.23,82.64,126.325,-2.9065,-3.3882,-36.7979
NIO,4.360000133514404,4.37,2026-08-26,True,4.304999828338623,4.380000114440918,-0.23,-35.31,BAJO,,,24.96,16.81,-83.96,-4.42,-1.21,-9.09,,-33.74,1.83,1.01,6.0,YAHOO,1.312,1.7702,1.0065,0.067267,2.2127,0.6389,69.86,2026-09-01,5,,,yahoo,0.0,1.0,1.0,1.0,1.0,0.0,0.0,1.0,1.0,-3.7528,-3.1111,-11.9192,-21.4414,52.777,36.2331,4.88,5.75,7.89,-10.6557,-24.1739,-44.7402
BABA,116.30999755859375,119.83,2026-08-26,True,115.08999633789062,117.88999938964844,-2.94,-8.05,BAJO,289102856192.0,26.37,12.47,1.74,6.36,1.56,7.29,7.04,-28.59,2.18,0.24,1.36,3.0,YAHOO,1.312,1.7702,1.0065,0.067267,2.2127,0.6389,69.86,2026-11-24,89,2026-08-20,7.0,yahoo,1.0,0.0,1.0,0.0,0.0,0.0,1.0,0.0,0.0,-10.894,-4.7888,21.7778,-6.9609,26.4812,45.0111,132.32,132.32,187.6169,-12.0995,-12.0995,-38.0067
PDD,84.69000244140625,86.74,2026-08-26,True,83.72000122070312,85.94000244140625,-2.36,-34.79,BAJO,120547450880.0,9.15,6.81,1.79,22.75,10.01,24.71,20.43,61.91,-3.35,0.01,2.62,4.0,YAHOO,1.312,1.7702,1.0065,0.067267,2.2127,0.6389,69.86,2026-11-18,83,2026-08-24,3.0,yahoo,1.0,0.0,1.0,1.0,0.0,1.0,0.0,0.0,0.0,-5.3954,0.6178,10.648,1.9993,21.0488,34.2152,93.0,93.0,138.13,-8.9355,-8.9355,-38.6882
SAP,221.1699981689453,211.68,2026-08-26,True,215.6199951171875,222.39999389648438,4.48,-22.29,BAJO,255275368448.0,28.39,22.92,69.61,18.32,9.54,27.62,20.41,3.56,305.63,0.22,1.15,7.0,YAHOO,1.312,1.7702,1.0065,0.067267,2.2127,0.6389,69.86,2026-10-21,55,,,yahoo,1.0,1.0,1.0,1.0,1.0,1.0,0.0,0.0,1.0,1.8794,5.6814,42.7824,26.0515,46.8979,45.1995,221.17,221.17,275.6678,0.0,0.0,-19.7694
SE,118.31999969482422,119.12,2026-08-26,True,116.3499984741211,118.875,-0.67,-39.39,BAJO,,45.86,23.02,5.83,14.73,4.97,8.35,5.91,,26.45,0.32,1.49,8.0,YAHOO,1.312,1.7702,1.0065,0.067267,2.2127,0.6389,69.86,2026-11-10,75,2026-08-11,16.0,yahoo,1.0,1.0,1.0,1.0,1.0,1.0,0.0,1.0,1.0,0.9212,-4.0545,27.2942,28.6926,68.3434,54.2952,131.51,131.51,196.5,-10.0297,-10.0297,-39.7863
IBM,238.7899932861328,229.87,2026-08-26,True,231.47999572753906,240.80650329589844,3.88,-4.02,BAJO,224972259328.0,21.59,18.14,6.53,34.46,5.3,16.55,15.52,5.36,17.13,1.89,0.79,6.0,YAHOO,1.312,1.7702,1.0065,0.067267,2.2127,0.6389,69.86,2026-10-21,55,,,yahoo,1.0,1.0,1.0,1.0,1.0,0.0,0.0,1.0,0.0,2.1824,0.6958,-13.4881,-8.9763,44.6034,64.4197,238.79,303.9496,326.8851,0.0,-21.4376,-26.9499
ZM,100.2699966430664,93.83,2026-08-26,True,94.5999984741211,100.31999969482422,6.86,19.77,BAJO,29402394624.0,9.31,15.82,2.95,32.14,6.11,24.61,65.19,6.81,16.61,0.0,3.83,7.0,YAHOO,1.312,1.7702,1.0065,0.067267,2.2127,0.6389,69.86,2026-11-24,89,2026-08-25,2.0,yahoo,1.0,1.0,1.0,1.0,1.0,0.0,1.0,1.0,0.0,-5.6726,-8.7127,16.4035,-0.1891,94.482,44.6641,109.84,109.84,111.88,-8.7127,-8.7127,-10.3772
CSCO,112.1500015258789,112.36,2026-08-26,True,111.61000061035156,112.56999969482422,-0.19,63.18,BAJO,442031898624.0,33.68,20.04,8.81,27.32,7.98,27.7,20.95,2.62,24.51,0.59,0.93,8.0,YAHOO,1.312,1.7702,1.0065,0.067267,2.2127,0.6389,69.86,2026-11-12,77,2026-08-12,15.0,yahoo,1.0,1.0,1.0,1.0,0.0,1.0,1.0,1.0,1.0,2.336,-1.1633,-4.3589,-5.1167,13.6451,37.931,123.88,129.5155,129.5155,-9.4688,-13.408,-13.408
DOCU,63.79999923706055,59.33,2026-08-26,True,60.59000015258789,64.04000091552734,7.53,-18.65,BAJO,12182265856.0,41.43,12.52,6.77,16.44,5.51,13.41,9.59,10.26,27.61,0.1,0.67,6.0,YAHOO,1.312,1.7702,1.0065,0.067267,2.2127,0.6389,69.86,2026-09-03,7,,,yahoo,1.0,0.0,1.0,1.0,0.0,0.0,1.0,1.0,1.0,2.4406,-0.4525,41.6519,28.6809,76.3649,56.0892,64.09,64.09,85.01,-0.4525,-0.4525,-24.95
ARM,255.2100067138672,251.06,2026-08-26,True,249.46539306640625,267.69000244140625,1.65,77.36,BAJO,272563929088.0,260.42,83.38,31.58,13.35,5.42,7.6,20.25,0.49,248.88,0.06,5.25,6.0,YAHOO,1.312,1.7702,1.0065,0.067267,2.2127,0.6389,69.86,2026-11-04,69,2026-07-29,29.0,yahoo,1.0,0.0,1.0,1.0,0.0,1.0,0.0,1.0,1.0,1.7908,-8.412,-25.7204,-23.8793,37.8691,91.535,286.68,439.46,439.46,-10.9774,-41.9265,-41.9265
GRMN,289.8699951171875,289.02,2026-08-26,True,288.2900085449219,291.57000732421875,0.29,21.01,BAJO,55902167040.0,29.95,26.38,6.19,21.89,12.17,30.44,24.47,1.87,23.13,0.03,3.03,6.0,YAHOO,1.312,1.7702,1.0065,0.067267,2.2127,0.6389,69.86,2026-10-28,62,2026-07-29,29.0,yahoo,1.0,1.0,1.0,0.0,0.0,1.0,0.0,1.0,1.0,-1.0986,-7.0721,24.0033,23.1876,12.3847,42.2646,313.16,313.16,313.16,-7.4371,-7.4371,-7.4371
MSI,486.5400085449219,487.28,2026-08-26,True,483.9649963378906,490.0299987792969,-0.15,1.87,BAJO,80519348224.0,38.4,25.47,30.14,91.57,11.25,27.35,17.44,2.46,23.8,3.58,1.1,6.0,YAHOO,1.312,1.7702,1.0065,0.067267,2.2127,0.6389,69.86,2026-11-05,70,2026-08-05,22.0,yahoo,1.0,1.0,1.0,1.0,0.0,0.0,1.0,1.0,0.0,2.7258,4.6233,17.9205,18.5786,6.2942,26.7254,487.28,487.28,487.28,-0.1519,-0.1519,-0.1519
SNAP,5.329999923706055,5.42,2026-08-26,True,5.28000020980835,5.570000171661377,-1.66,-27.83,BAJO,9014083584.0,,6.87,4.65,-15.58,-2.72,-2.64,-4.9,7.92,-72.33,2.19,2.94,6.0,YAHOO,1.312,1.7702,1.0065,0.067267,2.2127,0.6389,69.86,2026-11-04,69,2026-08-03,24.0,yahoo,0.0,1.0,1.0,1.0,1.0,0.0,0.0,1.0,1.0,2.3033,0.566,20.5882,-9.8139,113.3368,68.1517,5.92,6.07,9.09,-9.9662,-12.1911,-41.3641
PINS,22.8799991607666,23.31,2026-08-26,True,22.795000076293945,23.510000228881836,-1.84,-40.81,BAJO,12957241344.0,67.29,9.52,4.47,6.46,3.51,-3.46,5.46,9.23,40.69,0.41,3.81,6.0,YAHOO,1.312,1.7702,1.0065,0.067267,2.2127,0.6389,69.86,2026-11-09,74,2026-08-04,23.0,yahoo,1.0,0.0,1.0,1.0,0.0,0.0,1.0,1.0,1.0,-1.5067,-1.8868,4.5704,10.799,20.7165,47.3418,25.58,25.58,37.95,-10.5551,-10.5551,-39.7101
EA,209.6999969482422,209.7,2026-08-10,False,209.6999969482422,209.6999969482422,0.0,-3.7,BAJO,52925640704.0,59.74,21.72,7.77,16.46,7.23,25.88,13.8,3.2,30.36,0.26,1.21,6.0,YAHOO,1.312,1.7702,1.0065,0.067267,2.2127,0.6389,69.86,2026-11-03,68,,,yahoo,1.0,0.0,1.0,1.0,1.0,1.0,1.0,0.0,0.0,0.383,,,,0.0,,,,,,,
PATH,18.329999923706055,16.76,2026-08-26,True,17.0,18.389999389648438,9.37,60.46,BAJO,9497144320.0,30.55,20.22,5.01,18.18,2.37,7.27,19.58,5.39,66.92,0.04,2.31,8.0,YAHOO,1.312,1.7702,1.0065,0.067267,2.2127,0.6389,69.86,2026-09-03,7,,,yahoo,1.0,1.0,1.0,1.0,1.0,0.0,1.0,1.0,1.0,15.1382,9.8921,71.6292,58.2902,68.5361,58.2465,18.33,18.33,19.29,0.0,0.0,-4.9767
VZ,49.43000030517578,50.19,2026-08-26,True,49.119998931884766,49.900001525878906,-1.51,15.2,BAJO,205370540032.0,12.87,9.36,1.98,15.84,5.05,23.0,11.64,8.5,7.8,1.84,0.6,4.0,YAHOO,1.312,1.7702,1.0065,0.067267,2.2127,0.6389,69.86,2026-10-20,54,,,yahoo,1.0,0.0,1.0,1.0,0.0,1.0,0.0,0.0,0.0,0.4879,2.5093,13.9969,4.7129,19.117,28.8974,50.25,50.25,50.25,-1.6318,-1.6318,-1.6318
T,25.43000030517578,25.87,2026-08-26,True,25.280000686645508,25.59000015258789,-1.7,-12.45,BAJO,174256177152.0,8.39,9.92,1.58,18.34,4.16,24.79,16.94,5.82,7.58,1.29,0.97,6.0,YAHOO,1.312,1.7702,1.0065,0.067267,2.2127,0.6389,69.86,2026-10-21,55,,,yahoo,1.0,1.0,1.0,1.0,0.0,1.0,1.0,0.0,0.0,1.1133,3.4581,18.105,3.5792,21.6068,30.3466,25.87,25.87,28.4181,-1.7008,-1.7008,-10.5147
AMX,23.5,23.62,2026-08-26,True,23.229999542236328,23.600000381469727,-0.51,15.36,BAJO,70397419520.0,13.43,11.27,3.18,21.58,6.36,21.49,9.37,217.68,2.37,1.58,0.71,9.0,YAHOO,1.312,1.7702,1.0065,0.067267,2.2127,0.6389,69.86,2026-10-13,47,,,yahoo,1.0,1.0,1.0,1.0,1.0,1.0,1.0,1.0,1.0,0.4703,1.0318,-11.0976,-7.7883,4.3898,26.6088,25.35,27.4216,27.4216,-7.2978,-14.3013,-14.3013
TCOM,44.61000061035156,45.14,2026-08-26,True,44.4900016784668,44.9900016784668,-1.17,-35.76,BAJO,28091150336.0,6.63,10.51,1.18,20.14,3.95,24.34,48.65,,-1.1,0.19,1.53,7.0,YAHOO,1.312,1.7702,1.0065,0.067267,2.2127,0.6389,69.86,2026-09-02,6,,,yahoo,1.0,1.0,1.0,0.0,1.0,1.0,1.0,0.0,1.0,-3.9199,-0.9107,11.6366,-5.2464,13.1768,38.0734,47.3,48.06,78.96,-5.6871,-7.1785,-43.503
TRIP,9.789999961853027,9.87,2026-08-26,True,9.641200065612793,9.904999732971191,-0.81,-46.86,BAJO,1139175808.0,,9.11,1.71,-0.23,1.92,9.44,0.27,-8.91,10.9,1.35,1.56,7.0,YAHOO,1.312,1.7702,1.0065,0.067267,2.2127,0.6389,69.86,2026-11-05,70,2026-08-06,21.0,yahoo,1.0,1.0,1.0,1.0,1.0,0.0,1.0,0.0,1.0,-2.3928,-10.7566,-30.221,-10.1835,27.7396,69.0445,14.5,14.93,19.14,-32.4828,-34.4273,-48.8506
ABNB,184.39999389648438,188.07,2026-08-26,True,184.0500030517578,188.7194061279297,-1.95,37.93,BAJO,110416076800.0,42.1,30.04,13.95,34.54,6.14,21.01,20.45,2.9,35.91,0.32,1.41,5.0,YAHOO,1.312,1.7702,1.0065,0.067267,2.2127,0.6389,69.86,2026-11-05,70,2026-08-06,21.0,yahoo,1.0,0.0,1.0,1.0,0.0,0.0,1.0,0.0,1.0,-0.3243,-0.3943,25.2973,37.1004,24.7526,47.4067,190.5,190.5,190.5,-3.2021,-3.2021,-3.2021
ORCL,151.94000244140625,148.87,2026-08-26,True,147.52000427246094,153.8300018310547,2.06,-38.91,BAJO,437658779648.0,26.02,13.91,11.65,53.38,6.5,36.2,25.37,-5.61,18.98,3.89,1.11,5.0,YAHOO,1.312,1.7702,1.0065,0.067267,2.2127,0.6389,69.86,2026-09-10,14,,,yahoo,1.0,0.0,1.0,1.0,1.0,1.0,0.0,0.0,0.0,6.9473,-2.7397,3.1867,-25.1504,39.8521,59.4224,156.22,235.5206,324.6299,-2.7397,-35.4876,-53.1959
TMUS,177.75,179.61,2026-08-26,True,176.77000427246094,178.8300018310547,-1.04,-32.03,BAJO,190667374592.0,18.59,12.31,3.4,17.99,5.97,25.22,11.46,5.95,8.97,2.14,0.92,6.0,YAHOO,1.312,1.7702,1.0065,0.067267,2.2127,0.6389,69.86,2026-10-22,56,,,yahoo,1.0,0.0,1.0,1.0,0.0,1.0,1.0,0.0,1.0,-1.9148,-3.0701,2.1728,-5.4471,6.5649,39.9106,183.38,195.64,252.0424,-3.0701,-9.1443,-29.4762
ANET,201.08999633789062,202.25,2026-08-26,True,199.21499633789062,206.1300048828125,-0.57,46.81,BAJO,253619666944.0,63.64,38.97,17.14,31.48,14.12,45.39,38.37,1.53,52.1,,2.96,4.0,YAHOO,1.312,1.7702,1.0065,0.067267,2.2127,0.6389,69.86,2026-11-03,68,2026-08-04,23.0,yahoo,1.0,0.0,1.0,1.0,0.0,0.0,1.0,0.0,0.0,9.4367,-1.2425,22.5411,29.5099,47.5357,60.0856,210.5,210.5,210.5,-4.4703,-4.4703,-4.4703
LRCX,318.5799865722656,312.88,2026-08-26,True,310.440185546875,321.1400146484375,1.82,204.92,BAJO,398645821440.0,55.31,27.57,31.96,65.07,22.84,37.39,31.27,0.78,45.14,0.33,2.63,8.0,YAHOO,1.312,1.7702,1.0065,0.067267,2.2127,0.6389,69.86,2026-10-21,55,2026-07-29,29.0,yahoo,1.0,1.0,1.0,0.0,1.0,1.0,1.0,1.0,1.0,2.5923,-5.4687,-22.4696,0.253,23.6732,87.6115,343.84,433.33,433.33,-7.3464,-26.481,-26.481
ADI,374.5199890136719,371.8,2026-08-26,True,368.0299987792969,376.8800048828125,0.73,44.47,BAJO,181479456768.0,44.59,22.92,5.41,12.23,6.41,39.5,29.79,2.29,27.2,0.27,1.25,8.0,YAHOO,1.312,1.7702,1.0065,0.067267,2.2127,0.6389,69.86,2026-11-24,89,2026-08-19,8.0,yahoo,1.0,1.0,1.0,1.0,0.0,1.0,1.0,1.0,1.0,1.156,-1.7446,-4.4055,-10.3731,11.0737,42.7188,390.28,445.48,445.48,-4.0381,-15.9289,-15.9289
SNDK,1484.949951171875,1499.37,2026-08-26,True,1456.0,1557.8900146484375,-0.96,2961.46,BAJO,217424904192.0,20.13,5.61,14.06,91.64,43.91,78.47,56.46,3.55,16.87,0.01,2.29,7.0,YAHOO,1.312,1.7702,1.0065,0.067267,2.2127,0.6389,69.86,2026-11-06,71,2026-08-05,22.0,yahoo,1.0,1.0,1.0,1.0,0.0,0.0,1.0,1.0,1.0,-7.2266,-2.8244,-27.5772,-9.5447,52.3355,141.4437,1786.85,2335.0,2335.0,-16.8957,-36.4047,-36.4047
NOW,138.42999267578125,125.8,2026-08-26,True,130.25,139.32000732421875,10.04,-26.14,BAJO,143117516800.0,86.52,27.66,11.43,14.24,4.25,4.06,11.34,3.6,46.2,0.68,0.7,4.0,YAHOO,1.312,1.7702,1.0065,0.067267,2.2127,0.6389,69.86,2026-10-28,62,,,yahoo,1.0,0.0,1.0,1.0,1.0,0.0,0.0,0.0,0.0,6.6898,8.7858,38.4715,27.3154,85.3452,61.2757,138.43,138.43,192.23,0.0,0.0,-27.9873
NBIS,218.47999572753906,213.93,2026-08-26,True,215.41000366210938,228.5,2.13,207.59,BAJO,59394928640.0,,-72.89,5.79,0.6,-1.92,-0.22,3.13,-16.19,235.63,0.99,4.03,6.0,YAHOO,1.312,1.7702,1.0065,0.067267,2.2127,0.6389,69.86,2026-11-10,75,2026-08-12,15.0,yahoo,1.0,1.0,1.0,1.0,0.0,0.0,0.0,1.0,1.0,-0.7405,-14.335,-16.3393,-3.4727,70.5262,145.4404,277.68,286.69,286.69,-21.3195,-23.7923,-23.7923
OXY,59.16999816894531,58.62,2026-08-26,True,58.130001068115234,59.58000183105469,0.94,24.77,BAJO,59148541952.0,17.45,15.43,1.77,10.63,4.68,45.44,30.32,6.4,5.73,0.35,1.41,4.0,YAHOO,1.312,1.7702,1.0065,0.067267,2.2127,0.6389,69.86,2026-11-09,74,2026-08-05,22.0,yahoo,1.0,0.0,1.0,1.0,1.0,0.0,0.0,0.0,0.0,-3.8199,2.5477,20.5337,3.7043,28.6379,34.795,61.52,61.52,65.9354,-3.8199,-3.8199,-10.2607
XOM,156.44000244140625,158.19,2026-08-26,True,156.13999938964844,158.13999938964844,-1.11,38.69,BAJO,643267493888.0,20.13,14.7,2.48,12.58,5.52,15.86,9.07,3.21,10.04,0.16,1.14,5.0,YAHOO,1.312,1.7702,1.0065,0.067267,2.2127,0.6389,69.86,2026-10-30,64,2026-07-31,27.0,yahoo,1.0,0.0,1.0,1.0,1.0,0.0,1.0,0.0,0.0,-5.8441,-0.7295,15.7232,7.14,9.7068,25.9896,166.15,166.15,169.2183,-5.8441,-5.8441,-7.5514
CVX,199.77000427246094,200.21,2026-08-26,True,197.82000732421875,200.8699951171875,-0.22,26.31,BAJO,391869497344.0,19.23,15.09,2.06,12.23,5.86,21.87,9.83,5.6,8.43,0.19,1.25,5.0,YAHOO,1.312,1.7702,1.0065,0.067267,2.2127,0.6389,69.86,2026-10-30,64,2026-07-31,27.0,yahoo,1.0,0.0,1.0,1.0,0.0,1.0,0.0,1.0,0.0,-2.9159,1.9289,19.6138,10.0986,12.5183,25.4288,205.77,205.77,207.4234,-2.9159,-2.9159,-3.6897
PSX,239.80999755859375,242.23,2026-08-26,True,237.125,244.64999389648438,-1.0,82.1,BAJO,96148226048.0,13.7,11.59,3.04,23.45,6.04,8.53,4.66,4.73,11.42,0.63,1.32,7.0,YAHOO,1.312,1.7702,1.0065,0.067267,2.2127,0.6389,69.86,2026-10-29,63,2026-08-05,22.0,yahoo,1.0,1.0,1.0,1.0,0.0,1.0,1.0,1.0,0.0,-0.0792,3.6425,38.5135,36.4285,29.278,32.2562,243.49,243.49,243.49,-1.5114,-1.5114,-1.5114
YPF,50.47999954223633,50.27,2026-08-26,True,49.95000076293945,51.595001220703125,0.42,62.41,BAJO,19791949824.0,26.71,8.88,1.89,7.26,8.34,27.51,4.0,6285.99,1.33,0.85,0.93,4.0,YAHOO,1.312,1.7702,1.0065,0.067267,2.2127,0.6389,69.86,2026-10-29,63,2026-08-11,16.0,yahoo,0.0,0.0,1.0,1.0,0.0,1.0,1.0,0.0,0.0,-0.8641,2.0829,11.558,-2.9231,22.757,36.8531,52.7,56.35,56.35,-4.2125,-10.417,-10.417
VIST,70.61000061035156,68.66,2026-08-26,True,68.55000305175781,71.19999694824219,2.84,77.16,BAJO,7810695168.0,9.29,6.69,2.36,29.79,10.0,44.24,23.56,1.58,5.12,1.07,0.69,3.0,YAHOO,1.312,1.7702,1.0065,0.067267,2.2127,0.6389,69.86,2026-10-28,62,,,yahoo,1.0,0.0,1.0,1.0,0.0,0.0,0.0,0.0,0.0,0.156,6.6777,9.933,-3.4327,41.3266,41.1835,72.16,76.56,79.25,-2.148,-7.7717,-10.9022
VST,139.80999755859375,140.03,2026-08-26,True,138.4499969482422,142.5050048828125,-0.16,-31.86,BAJO,46925156352.0,23.62,13.49,15.63,42.96,5.89,13.77,11.55,0.08,10.46,3.73,0.97,5.0,YAHOO,1.312,1.7702,1.0065,0.067267,2.2127,0.6389,69.86,2026-11-05,70,2026-08-07,20.0,yahoo,1.0,0.0,1.0,1.0,1.0,0.0,1.0,0.0,0.0,0.6262,-4.5014,-13.8995,-12.6492,20.7593,44.4175,155.94,168.98,217.0162,-10.3437,-17.2624,-35.5762
BP,42.34000015258789,42.5,2026-08-26,True,41.8650016784668,42.63999938964844,-0.38,23.52,BAJO,109039992832.0,20.16,9.55,7.5,8.87,5.04,13.15,2.55,11.81,12.54,0.95,1.27,7.0,YAHOO,1.312,1.7702,1.0065,0.067267,2.2127,0.6389,69.86,2026-10-30,64,2026-08-04,23.0,yahoo,1.0,0.0,1.0,1.0,0.0,1.0,1.0,1.0,1.0,-6.2029,0.0709,14.7533,3.0545,14.5083,32.1302,45.14,45.14,46.5196,-6.2029,-6.2029,-8.9845
E,53.220001220703125,53.57,2026-08-26,True,52.72999954223633,53.54999923706055,-0.65,49.25,BAJO,76673105920.0,11.88,9.98,1.44,10.9,3.07,10.66,5.87,-11.72,7.89,0.65,1.48,6.0,YAHOO,1.312,1.7702,1.0065,0.067267,2.2127,0.6389,69.86,2026-10-23,57,2026-07-29,29.0,yahoo,1.0,1.0,1.0,1.0,0.0,1.0,1.0,0.0,0.0,-7.2014,-2.8478,14.206,1.7396,12.8945,31.9834,57.35,57.35,57.35,-7.2014,-7.2014,-7.2014
SHEL,90.69999694824219,91.11,2026-08-26,True,90.05000305175781,91.33999633789062,-0.45,23.55,BAJO,249725485056.0,10.03,10.28,1.4,14.34,6.4,16.69,8.76,8.59,5.15,0.4,1.44,5.0,YAHOO,1.312,1.7702,1.0065,0.067267,2.2127,0.6389,69.86,2026-10-29,63,2026-07-30,28.0,yahoo,1.0,1.0,1.0,1.0,0.0,0.0,1.0,0.0,0.0,-3.15,1.7514,18.9945,9.1434,6.1813,23.7665,93.65,93.65,93.65,-3.15,-3.15,-3.15
HAL,35.4900016784668,34.44,2026-08-26,True,34.130001068115234,35.90800094604492,3.05,58.76,BAJO,29567797248.0,18.58,12.23,2.69,14.92,7.26,12.79,7.16,6.94,8.64,0.74,2.02,4.0,YAHOO,1.312,1.7702,1.0065,0.067267,2.2127,0.6389,69.86,2026-10-20,54,,,yahoo,1.0,0.0,1.0,1.0,0.0,0.0,1.0,0.0,0.0,-0.5604,8.0694,4.1068,-9.3797,43.5603,36.0826,35.69,41.22,42.7979,-0.5604,-13.901,-17.0754
SLB,55.0099983215332,53.6,2026-08-26,True,53.08000183105469,55.8849983215332,2.63,52.98,BAJO,81642717184.0,26.83,17.02,3.13,12.91,6.17,12.71,8.53,3.62,12.39,0.47,1.44,4.0,YAHOO,1.312,1.7702,1.0065,0.067267,2.2127,0.6389,69.86,2026-10-23,57,,,yahoo,1.0,0.0,1.0,1.0,1.0,0.0,0.0,0.0,0.0,2.7264,5.6665,18.6072,0.3237,25.7633,40.4337,55.01,58.01,58.01,0.0,-5.1715,-5.1715
COP,129.52000427246094,130.61,2026-08-26,True,128.02999877929688,130.1999969482422,-0.83,32.39,BAJO,155597242368.0,17.13,13.59,2.38,14.18,7.53,31.51,14.4,4.94,6.39,0.36,1.54,7.0,YAHOO,1.312,1.7702,1.0065,0.067267,2.2127,0.6389,69.86,2026-11-05,70,2026-08-06,21.0,yahoo,1.0,0.0,1.0,1.0,1.0,1.0,1.0,0.0,1.0,-3.981,4.7092,25.1285,13.3872,2.3428,31.5856,134.89,134.89,134.89,-3.981,-3.981,-3.981
GPRK,9.850000381469727,9.71,2026-08-26,True,9.541500091552734,9.873600006103516,1.44,49.91,BAJO,639223168.0,6.94,5.53,1.46,28.57,7.81,27.52,16.0,14.43,3.25,1.81,1.17,3.0,YAHOO,1.312,1.7702,1.0065,0.067267,2.2127,0.6389,69.86,2026-11-04,69,2026-08-12,15.0,yahoo,1.0,0.0,1.0,0.0,0.0,1.0,0.0,0.0,0.0,0.7158,5.3814,7.3287,0.3479,16.8216,39.5455,9.85,11.1725,11.7511,0.0,-11.8372,-16.1779
CEG,282.4100036621094,279.52,2026-08-26,True,279.0899963378906,283.80999755859375,1.03,-14.19,BAJO,100059955200.0,27.61,21.17,3.14,15.06,3.89,8.66,11.08,-6.62,15.52,0.76,1.46,6.0,YAHOO,1.312,1.7702,1.0065,0.067267,2.2127,0.6389,69.86,2026-11-09,74,2026-08-06,21.0,yahoo,1.0,0.0,1.0,1.0,1.0,0.0,1.0,0.0,1.0,3.4772,1.5088,9.0715,-1.2105,11.6331,35.5381,282.41,282.41,401.7044,0.0,0.0,-29.6971
FSLR,210.10000610351562,205.93,2026-08-26,True,207.00999450683594,213.1999969482422,2.02,5.79,BAJO,22579404800.0,12.95,9.09,2.19,18.51,8.62,42.64,32.46,7.08,8.82,0.02,2.52,7.0,YAHOO,1.312,1.7702,1.0065,0.067267,2.2127,0.6389,69.86,2026-10-29,63,2026-07-30,28.0,yahoo,1.0,1.0,1.0,1.0,1.0,1.0,0.0,0.0,1.0,-1.8499,-6.0754,-9.7509,-30.7469,31.2834,54.6789,250.05,318.25,318.25,-15.9768,-33.9827,-33.9827
CCJ,106.33000183105469,107.36,2026-08-26,True,105.19000244140625,108.83000183105469,-0.96,37.44,BAJO,46310223872.0,180.22,56.6,9.01,5.11,2.98,9.11,10.21,0.11,58.14,0.17,3.06,8.0,YAHOO,1.312,1.7702,1.0065,0.067267,2.2127,0.6389,69.86,2026-10-30,64,2026-07-31,27.0,yahoo,1.0,1.0,1.0,1.0,1.0,1.0,0.0,1.0,1.0,11.2355,8.7775,2.7641,-3.8868,39.5264,48.1584,107.36,114.56,134.09,-0.9594,-7.184,-20.7025
PBR,18.25,17.76,2026-08-26,True,17.540000915527344,18.385299682617188,2.76,51.99,BAJO,117609684992.0,4.61,4.58,1.27,30.27,10.07,44.68,24.32,80.13,1.76,0.76,0.85,7.0,YAHOO,1.312,1.7702,1.0065,0.067267,2.2127,0.6389,69.86,2026-11-10,75,2026-08-06,21.0,yahoo,1.0,1.0,1.0,1.0,1.0,1.0,1.0,0.0,0.0,-1.1821,5.0044,15.3887,0.5304,37.5165,30.841,18.8472,18.8472,21.2388,-3.1687,-3.1687,-14.0723
NEE,83.47000122070312,84.22,2026-08-26,True,82.7750015258789,83.75499725341797,-0.89,12.15,BAJO,174116601856.0,18.76,19.02,3.05,11.68,2.44,31.52,32.4,-10.2,20.15,1.62,0.53,5.0,YAHOO,1.312,1.7702,1.0065,0.067267,2.2127,0.6389,69.86,2026-10-27,61,,,yahoo,1.0,0.0,1.0,1.0,0.0,1.0,0.0,1.0,0.0,-1.8346,-2.9531,-5.8538,-3.6317,9.5765,14.9407,87.2,89.79,97.1683,-4.2775,-7.0386,-14.0975
PAAS,54.88999938964844,52.63,2026-08-26,True,52.5,54.9900016784668,4.29,63.82,BAJO,22758381568.0,16.24,11.66,3.15,22.41,11.77,37.81,32.03,5.79,10.37,0.11,2.94,7.0,YAHOO,1.312,1.7702,1.0065,0.067267,2.2127,0.6389,69.86,2026-11-16,81,2026-08-12,15.0,yahoo,1.0,1.0,1.0,1.0,1.0,1.0,0.0,1.0,0.0,6.0882,16.4503,23.3064,-0.1433,47.0406,56.8669,54.89,54.89,68.0597,0.0,0.0,-19.3503
HMY,21.030000686645508,22.43,2026-08-26,True,20.50119972229004,21.540000915527344,-6.24,42.03,BAJO,,13.06,8.25,4.03,33.49,17.3,33.34,20.05,,0.66,0.25,0.54,,YAHOO,1.312,1.7702,1.0065,0.067267,2.2127,0.6389,69.86,2026-08-27,0,2026-08-21,6.0,yahoo,,,,,,,,,,-4.4959,9.19,38.5376,15.1698,44.7727,66.8446,23.54,23.54,25.5485,-10.6627,-10.6627,-17.686
B,47.31999969482422,47.0,2026-08-26,True,46.560001373291016,47.608001708984375,0.68,79.05,BAJO,77883252736.0,12.23,10.79,2.85,27.01,13.44,51.34,31.6,6.53,6.64,0.13,3.01,9.0,YAHOO,1.312,1.7702,1.0065,0.067267,2.2127,0.6389,69.86,2026-11-09,74,2026-08-10,17.0,yahoo,1.0,1.0,1.0,1.0,1.0,1.0,1.0,1.0,1.0,2.2693,15.6685,28.1343,13.9829,39.5291,50.0116,48.87,48.87,52.3175,-3.1717,-3.1717,-9.5523
VALE,15.3100004196167,15.16,2026-08-26,True,15.0600004196167,15.350000381469727,0.99,57.68,BAJO,65155727360.0,30.62,7.6,1.75,4.11,7.92,21.95,4.75,20.43,1.94,0.55,1.19,4.0,YAHOO,1.312,1.7702,1.0065,0.067267,2.2127,0.6389,69.86,2026-10-29,63,2026-07-30,28.0,yahoo,1.0,0.0,1.0,1.0,0.0,1.0,0.0,0.0,0.0,7.5896,10.942,4.7692,-4.8531,28.1807,30.612,15.33,15.6145,17.3257,-0.1305,-1.9502,-11.6341
LAC,3.1700000762939453,3.21,2026-08-26,True,3.1500000953674316,3.2284998893737793,-1.25,2.29,BAJO,1150846208.0,,-22.52,0.81,-3.7,-1.66,0.0,0.0,-117.21,-31.5,0.6,5.47,1.0,YAHOO,1.312,1.7702,1.0065,0.067267,2.2127,0.6389,69.86,2026-11-13,78,2026-08-13,14.0,yahoo,0.0,0.0,0.0,1.0,0.0,0.0,0.0,0.0,0.0,6.734,-7.5802,-15.9151,-38.4466,44.8616,58.2005,3.43,5.2,10.05,-7.5802,-39.0385,-68.4577
RIO,104.77999877929688,104.7,2026-08-26,True,103.54000091552734,104.97000122070312,0.08,73.14,BAJO,170409918464.0,14.2,12.11,2.6,19.31,8.11,28.05,19.58,2.11,8.29,0.32,1.42,4.0,YAHOO,1.312,1.7702,1.0065,0.067267,2.2127,0.6389,69.86,,999,2026-07-28,30.0,yahoo,1.0,0.0,1.0,1.0,0.0,0.0,0.0,1.0,0.0,2.5546,9.0436,13.5654,0.5737,25.5316,32.1719,106.81,106.81,109.6326,-1.9006,-1.9006,-4.4263
GFI,48.0,47.82,2026-08-26,True,47.290000915527344,48.43000030517578,0.38,46.34,BAJO,42763034624.0,9.78,9.01,10.18,58.68,28.52,55.0,38.65,9.77,12.09,0.29,1.87,9.0,YAHOO,1.312,1.7702,1.0065,0.067267,2.2127,0.6389,69.86,,999,2026-08-25,2.0,yahoo,1.0,1.0,1.0,1.0,1.0,1.0,1.0,1.0,1.0,5.6106,21.4268,44.0576,19.3139,36.9979,60.4371,48.87,48.87,59.7691,-1.7802,-1.7802,-19.691
GGB,4.699999809265137,4.46,2026-08-26,True,4.559999942779541,4.699999809265137,5.38,53.15,BAJO,9221994496.0,21.36,8.24,0.89,4.18,5.03,12.75,3.22,28.71,1.87,0.28,2.87,5.0,YAHOO,1.312,1.7702,1.0065,0.067267,2.2127,0.6389,69.86,2026-10-26,60,2026-08-04,23.0,yahoo,1.0,0.0,1.0,1.0,0.0,0.0,1.0,0.0,1.0,9.6849,-1.055,14.9966,2.1367,38.0031,36.6511,5.0866,5.0866,5.0866,-7.6,-7.6,-7.6
FCX,78.41999816894531,79.0,2026-08-26,True,78.16999816894531,79.83499908447266,-0.73,76.6,BAJO,112612491264.0,38.44,18.97,5.6,14.75,7.58,33.4,11.39,1.92,13.71,0.32,2.07,6.0,YAHOO,1.312,1.7702,1.0065,0.067267,2.2127,0.6389,69.86,2026-10-22,56,,,yahoo,1.0,1.0,1.0,1.0,1.0,0.0,1.0,0.0,0.0,10.1095,17.3425,27.5728,19.3416,29.0549,52.0919,79.91,79.91,79.91,-1.8646,-1.8646,-1.8646
HL,21.43000030517578,20.7,2026-08-26,True,20.55500030517578,21.479999542236328,3.53,163.04,BAJO,14395998208.0,25.82,20.14,5.38,22.17,15.3,44.27,19.15,2.38,13.87,0.01,5.2,8.0,YAHOO,1.312,1.7702,1.0065,0.067267,2.2127,0.6389,69.86,2026-11-05,70,2026-08-04,23.0,yahoo,1.0,1.0,1.0,1.0,1.0,1.0,0.0,1.0,1.0,2.9496,20.8917,39.1825,21.8539,40.2912,69.6124,21.43,21.43,31.7903,0.0,0.0,-32.5896
NEM,132.2899932861328,131.6,2026-08-26,True,130.88999938964844,133.6999969482422,0.52,80.61,BAJO,139392942080.0,16.66,13.12,3.98,25.91,15.75,51.57,33.36,6.32,7.98,0.16,2.55,9.0,YAHOO,1.312,1.7702,1.0065,0.067267,2.2127,0.6389,69.86,2026-10-22,56,,,yahoo,1.0,1.0,1.0,1.0,1.0,1.0,1.0,1.0,1.0,3.6431,15.8508,39.9746,22.2304,33.4864,50.5174,135.14,135.14,135.14,-2.1089,-2.1089,-2.1089
GOLD,45.97999954223633,45.49,2026-08-26,True,45.22999954223633,47.20539855957031,1.08,99.92,BAJO,1333621120.0,14.98,12.67,1.55,10.82,2.76,0.86,0.35,-55.78,16.59,1.82,1.18,4.0,YAHOO,1.312,1.7702,1.0065,0.067267,2.2127,0.6389,69.86,2026-09-02,6,,,yahoo,1.0,0.0,1.0,1.0,0.0,0.0,0.0,1.0,0.0,0.7008,4.9532,11.8463,7.3547,36.1831,47.5476,46.85,46.85,63.5992,-1.857,-1.857,-27.7035
MUX,21.65999984741211,21.04,2026-08-26,True,20.979999542236328,21.78499984741211,2.95,93.19,BAJO,1293970304.0,17.19,5.32,1.83,13.54,-0.43,-5.92,32.46,-1.44,47.78,0.18,2.04,5.0,YAHOO,1.312,1.7702,1.0065,0.067267,2.2127,0.6389,69.86,2026-11-04,69,2026-08-05,22.0,yahoo,1.0,1.0,1.0,0.0,0.0,1.0,0.0,1.0,0.0,6.8574,16.577,20.7358,-0.2762,33.6263,62.9893,21.66,21.66,29.05,0.0,0.0,-25.4389
NXE,11.1899995803833,11.07,2026-08-26,True,11.104999542236328,11.28499984741211,1.08,50.48,BAJO,7502963200.0,,-63.96,5.6,-17.67,-3.39,0.0,0.0,-3.98,-65.92,0.34,1.46,2.0,YAHOO,1.312,1.7702,1.0065,0.067267,2.2127,0.6389,69.86,2026-11-03,68,2026-08-04,23.0,yahoo,0.0,0.0,0.0,1.0,0.0,1.0,0.0,0.0,0.0,9.4912,7.6997,15.3608,-0.9735,24.9323,53.3019,11.21,11.41,13.92,-0.1784,-1.9281,-19.6121
MP,59.029998779296875,59.31,2026-08-26,True,57.27000045776367,59.487998962402344,-0.47,-21.41,BAJO,10513336320.0,,66.71,5.37,-3.58,-1.52,-14.72,-14.56,-4.12,257.05,0.41,9.51,4.0,YAHOO,1.312,1.7702,1.0065,0.067267,2.2127,0.6389,69.86,2026-11-05,70,2026-08-06,21.0,yahoo,0.0,1.0,0.0,0.0,1.0,1.0,0.0,1.0,0.0,7.2493,6.0546,7.837,-11.6714,60.6759,69.7977,60.17,68.55,98.65,-1.8946,-13.8877,-40.1622
JPM,354.2200012207031,356.5,2026-08-26,True,352.2250061035156,357.57000732421875,-0.64,16.54,BAJO,941582712832.0,15.17,14.16,2.66,17.79,1.36,50.39,34.92,,,,,3.0,YAHOO,1.312,1.7702,1.0065,0.067267,2.2127,0.6389,69.86,2026-10-13,47,,,yahoo,1.0,0.0,0.0,0.0,1.0,0.0,1.0,0.0,0.0,0.7595,-2.4483,8.0226,19.9123,13.4278,21.2525,365.18,365.18,365.18,-3.0013,-3.0013,-3.0013
AXP,334.1600036621094,336.15,2026-08-26,True,331.94000244140625,336.0799865722656,-0.59,0.66,BAJO,225661534208.0,20.29,16.61,6.58,34.38,3.79,20.32,16.14,,,1.72,1.55,4.0,YAHOO,1.312,1.7702,1.0065,0.067267,2.2127,0.6389,69.86,2026-10-23,57,,,yahoo,1.0,0.0,1.0,1.0,0.0,0.0,1.0,0.0,0.0,0.909,-2.7615,-1.703,6.3324,7.1204,25.8578,348.99,361.57,381.7816,-4.2494,-7.5808,-12.4735
MA,591.72998046875,598.47,2026-08-26,True,588.110107421875,593.8099975585938,-1.13,-3.28,BAJO,518361317376.0,32.53,25.7,92.52,241.2,24.06,61.11,46.34,3.27,24.2,4.4,1.06,9.0,YAHOO,1.312,1.7702,1.0065,0.067267,2.2127,0.6389,69.86,2026-10-29,63,2026-07-30,28.0,yahoo,1.0,1.0,1.0,1.0,1.0,1.0,1.0,1.0,1.0,3.1158,4.3542,16.3021,20.0449,30.8254,22.582,599.86,599.86,599.86,-1.3553,-1.3553,-1.3553
V,379.6600036621094,383.9,2026-08-26,True,378.5,381.769287109375,-1.1,5.15,BAJO,708843208704.0,32.31,25.3,20.12,61.19,19.11,66.13,50.78,2.88,22.78,0.68,0.98,6.0,YAHOO,1.312,1.7702,1.0065,0.067267,2.2127,0.6389,69.86,2026-10-27,61,,,yahoo,1.0,0.0,1.0,1.0,1.0,0.0,1.0,0.0,1.0,3.8088,3.8884,11.3319,17.0535,28.1569,21.0407,384.14,384.14,384.14,-1.1662,-1.1662,-1.1662
PYPL,61.470001220703125,61.81,2026-08-26,True,61.369998931884766,62.310001373291016,-0.55,-15.06,BAJO,52585181184.0,11.62,10.61,2.67,24.5,4.62,16.97,14.36,8.41,8.65,0.72,1.29,9.0,YAHOO,1.312,1.7702,1.0065,0.067267,2.2127,0.6389,69.86,2026-10-27,61,,,yahoo,1.0,1.0,1.0,1.0,1.0,1.0,1.0,1.0,1.0,-1.3323,1.4524,38.5083,38.7149,12.3107,44.2562,62.3,62.3,75.4763,-1.3323,-1.3323,-18.5573
PAGS,8.930000305175781,9.04,2026-08-26,True,8.904999732971191,9.145000457763672,-1.22,1.51,BAJO,2461519104.0,6.16,4.79,0.84,14.54,6.36,36.2,10.86,-75.41,0.31,0.12,1.55,7.0,YAHOO,1.312,1.7702,1.0065,0.067267,2.2127,0.6389,69.86,2026-11-11,76,2026-08-11,16.0,yahoo,1.0,0.0,1.0,1.0,1.0,0.0,1.0,1.0,1.0,5.8057,1.2472,-1.652,-4.2872,33.6432,29.0073,9.64,9.84,11.7187,-7.3651,-9.248,-23.7968
NU,14.880000114440918,15.17,2026-08-26,True,14.710000038146973,15.256699562072754,-1.91,-2.44,BAJO,71880646656.0,20.38,12.98,5.75,31.63,4.96,50.15,42.73,,,,,4.0,YAHOO,1.312,1.7702,1.0065,0.067267,2.2127,0.6389,69.86,2026-11-12,77,2026-08-13,14.0,yahoo,1.0,0.0,1.0,1.0,1.0,0.0,0.0,0.0,0.0,4.715,6.8198,13.3283,14.023,30.0475,39.4801,15.23,15.23,18.76,-2.2981,-2.2981,-20.6823
XP,17.68000030517578,17.81,2026-08-26,True,17.56999969482422,17.8700008392334,-0.73,1.7,BAJO,8971591680.0,9.02,7.49,1.95,22.56,1.36,31.18,28.54,,,6.42,1.49,7.0,YAHOO,1.312,1.7702,1.0065,0.067267,2.2127,0.6389,69.86,2026-11-16,81,2026-08-17,10.0,yahoo,1.0,1.0,1.0,1.0,1.0,0.0,1.0,1.0,0.0,10.5691,11.6162,8.3998,5.5956,35.005,38.5844,17.81,17.81,22.6565,-0.7299,-0.7299,-21.9651
AIG,76.62999725341797,76.97,2026-08-26,True,75.51000213623047,76.75,-0.44,-8.64,BAJO,40069304320.0,13.98,8.73,0.99,7.22,1.76,19.41,11.09,18.38,4.78,0.22,0.61,5.0,YAHOO,1.312,1.7702,1.0065,0.067267,2.2127,0.6389,69.86,2026-11-04,69,2026-08-06,21.0,yahoo,1.0,1.0,1.0,1.0,0.0,0.0,1.0,0.0,0.0,1.1617,0.7892,2.0101,3.6818,20.6604,22.2906,80.12,81.06,85.514,-4.356,-5.4651,-10.3889
BRK-B,503.70001220703125,504.91,2026-08-26,True,499.2200012207031,505.3999938964844,-0.24,-2.47,BAJO,1078275538944.0,12.66,22.7,0.0,12.12,6.01,32.56,22.3,6.68,-1.79,0.17,2.89,4.0,YAHOO,1.312,1.7702,1.0065,0.067267,2.2127,0.6389,69.86,2026-11-07,72,2026-08-08,19.0,yahoo,1.0,0.0,1.0,0.0,1.0,0.0,1.0,0.0,0.0,1.3767,-0.6372,1.5524,5.5046,14.1295,15.5845,529.42,529.42,529.42,-4.8581,-4.8581,-4.8581
BBD,3.2300000190734863,3.26,2026-08-26,True,3.2100000381469727,3.2750000953674316,-0.92,7.51,BAJO,34203041792.0,7.69,5.77,0.98,13.76,1.07,34.52,26.07,,,,,4.0,YAHOO,1.312,1.7702,1.0065,0.067267,2.2127,0.6389,69.86,2026-11-04,69,2026-08-05,22.0,yahoo,1.0,1.0,0.0,0.0,1.0,0.0,1.0,0.0,0.0,8.3893,2.5397,-5.4257,-6.1247,27.4521,28.9454,3.6159,3.7257,4.1109,-10.6711,-13.3055,-21.4286
AEG,9.149999618530273,9.21,2026-08-26,True,9.109999656677246,9.204999923706055,-0.65,16.52,BAJO,13586785280.0,12.04,9.78,1.31,11.07,0.1,5.82,8.62,-31.76,,0.43,1.16,6.0,YAHOO,1.312,1.7702,1.0065,0.067267,2.2127,0.6389,69.86,,999,2026-08-20,7.0,yahoo,1.0,1.0,1.0,0.0,1.0,0.0,1.0,0.0,1.0,1.5538,-2.452,9.319,11.7276,19.6981,19.9372,9.53,9.53,9.53,-3.9874,-3.9874,-3.9874
SAN,14.550000190734863,14.7,2026-08-26,True,14.505000114440918,14.680000305175781,-1.02,53.12,BAJO,211650199552.0,14.13,10.18,1.63,13.11,0.78,43.44,33.46,,,,,4.0,YAHOO,1.312,1.7702,1.0065,0.067267,2.2127,0.6389,69.86,2026-10-28,62,,,yahoo,1.0,1.0,0.0,0.0,1.0,0.0,1.0,0.0,0.0,2.3927,-1.5562,6.5934,17.2442,14.2597,31.386,14.82,14.82,14.82,-1.8219,-1.8219,-1.8219
GGAL,42.90999984741211,43.91,2026-08-26,True,42.630001068115234,44.404998779296875,-2.28,8.86,BAJO,7271246848.0,119.19,6.13,13.43,1.68,0.31,20.53,2.14,,,,,1.0,YAHOO,1.312,1.7702,1.0065,0.067267,2.2127,0.6389,69.86,2026-11-24,89,2026-08-25,2.0,yahoo,1.0,0.0,0.0,0.0,0.0,0.0,0.0,0.0,0.0,4.7799,-4.5127,-15.5165,-11.9351,49.8386,52.8322,50.4515,56.2493,58.6267,-14.948,-23.7146,-26.8081
MELI,1930.75,1950.4399,2026-08-26,True,1906.070068359375,1961.989990234375,-1.01,-24.08,BAJO,97882849280.0,52.65,33.97,12.49,27.5,4.31,6.72,5.3,0.36,27.07,1.69,1.12,5.0,YAHOO,1.312,1.7702,1.0065,0.067267,2.2127,0.6389,69.86,2026-11-04,69,2026-08-05,22.0,yahoo,1.0,0.0,1.0,1.0,1.0,0.0,1.0,0.0,0.0,0.4573,5.6065,14.7119,13.8729,34.855,36.5562,1997.0,1997.0,2510.97,-3.3175,-3.3175,-23.1074
WFC,84.97000122070312,85.23,2026-08-26,True,83.72000122070312,85.27999877929688,-0.31,1.16,BAJO,256949223424.0,12.35,10.76,1.6,12.57,1.08,37.39,27.23,,,,,3.0,YAHOO,1.312,1.7702,1.0065,0.067267,2.2127,0.6389,69.86,2026-10-13,47,,,yahoo,1.0,0.0,0.0,0.0,1.0,0.0,1.0,0.0,0.0,1.5173,-3.5637,2.3324,11.491,9.2467,23.733,88.93,88.93,94.8289,-4.4529,-4.4529,-10.3965
BNY,162.24000549316406,163.08,2026-08-26,True,161.1999969482422,164.03250122070312,-0.52,53.08,BAJO,110080516096.0,18.91,15.83,2.76,14.12,1.26,40.05,29.41,,,,,6.0,YAHOO,1.312,1.7702,1.0065,0.067267,2.2127,0.6389,69.86,2026-10-15,49,,,yahoo,1.0,1.0,1.0,1.0,1.0,0.0,1.0,0.0,0.0,3.1799,-0.0062,13.2724,15.8834,20.8038,23.5972,164.27,164.27,164.27,-1.2358,-1.2358,-1.2358
BCS,26.8700008392334,27.13,2026-08-26,True,26.719999313354492,27.094999313354492,-0.96,32.52,BAJO,90255376384.0,10.22,7.9,1.01,10.09,0.47,42.95,27.87,,,,,6.0,YAHOO,1.312,1.7702,1.0065,0.067267,2.2127,0.6389,69.86,2026-10-22,56,,,yahoo,1.0,1.0,1.0,1.0,0.0,0.0,1.0,0.0,1.0,1.4345,-4.3432,1.1608,11.6344,13.7432,32.7759,28.1439,28.2428,28.2428,-4.5263,-4.8606,-4.8606
HSBC,102.8499984741211,103.65,2026-08-26,True,102.2699966430664,103.55000305175781,-0.77,62.47,BAJO,352453525504.0,14.69,10.86,8.16,13.1,0.78,58.77,37.8,,,,,5.0,YAHOO,1.312,1.7702,1.0065,0.067267,2.2127,0.6389,69.86,2026-10-27,61,2026-08-04,23.0,yahoo,1.0,0.0,1.0,1.0,1.0,0.0,1.0,0.0,0.0,0.5082,-0.676,8.6944,11.1852,8.0686,25.3643,107.3417,107.3417,107.3417,-4.1845,-4.1845,-4.1845
BHP,96.37000274658203,96.33,2026-08-26,True,95.15499877929688,96.81999969482422,0.04,71.8,BAJO,244922138624.0,24.97,20.1,4.81,24.0,13.43,43.34,16.73,3.92,8.7,0.5,1.89,7.0,YAHOO,1.312,1.7702,1.0065,0.067267,2.2127,0.6389,69.86,,999,2026-08-17,10.0,yahoo,1.0,0.0,1.0,1.0,1.0,1.0,0.0,1.0,1.0,2.9264,10.478,17.8982,9.7608,26.2574,39.3012,98.69,98.69,98.69,-2.3508,-2.3508,-2.3508
LYG,5.920000076293945,6.04,2026-08-26,True,5.9029998779296875,5.980000019073486,-1.99,32.83,BAJO,85739503616.0,13.45,9.29,1.52,11.34,0.56,44.96,26.43,,,,,6.0,YAHOO,1.312,1.7702,1.0065,0.067267,2.2127,0.6389,69.86,2026-10-29,63,2026-07-30,28.0,yahoo,1.0,1.0,1.0,1.0,0.0,0.0,1.0,0.0,1.0,0.339,-4.5161,4.3523,10.2989,18.8904,30.1869,6.21,6.21,6.21,-4.6699,-4.6699,-4.6699
ING,35.099998474121094,35.57,2026-08-26,True,34.92679977416992,35.290000915527344,-1.32,48.41,BAJO,100134633472.0,13.0,11.0,1.71,17.12,0.8,49.1,34.49,,,,,2.0,YAHOO,1.312,1.7702,1.0065,0.067267,2.2127,0.6389,69.86,2026-10-29,63,2026-07-30,28.0,yahoo,1.0,0.0,0.0,0.0,0.0,0.0,1.0,0.0,0.0,1.7391,-1.4045,14.036,15.2932,16.0801,27.7882,35.7,35.7,35.7,-1.6807,-1.6807,-1.6807
IBN,29.860000610351562,30.15,2026-08-26,True,29.794599533081055,30.40999984741211,-0.96,-9.87,BAJO,,18.43,16.15,2.69,16.07,2.11,38.51,27.53,,,,,4.0,YAHOO,1.312,1.7702,1.0065,0.067267,2.2127,0.6389,69.86,2026-10-17,51,,,yahoo,1.0,0.0,1.0,1.0,1.0,0.0,0.0,0.0,0.0,0.6404,1.289,2.5545,15.0554,27.1304,20.0195,30.48,30.48,32.6665,-2.0341,-2.0341,-8.5914
MUFG,22.440000534057617,22.44,2026-08-26,True,22.295000076293945,22.584999084472656,0.0,42.78,BAJO,253053026304.0,16.75,21.79,1.77,9.46,0.51,45.6,27.45,,,,,1.0,YAHOO,1.312,1.7702,1.0065,0.067267,2.2127,0.6389,69.86,2026-11-12,77,2026-08-03,24.0,yahoo,1.0,0.0,0.0,0.0,0.0,0.0,0.0,0.0,0.0,4.0816,-2.8571,12.3123,19.2349,12.0051,28.4993,23.1,23.1,23.1,-2.8571,-2.8571,-2.8571
GS,1040.8699951171875,1040.46,2026-08-26,True,1035.2149658203125,1052.4000244140625,0.04,37.56,BAJO,303071559680.0,16.08,14.06,2.87,16.9,1.07,42.18,31.04,,,7.25,1.56,4.0,YAHOO,1.312,1.7702,1.0065,0.067267,2.2127,0.6389,69.86,2026-10-13,47,,,yahoo,1.0,1.0,0.0,0.0,0.0,0.0,1.0,0.0,1.0,3.8844,-0.1688,2.0251,3.6779,25.6919,39.3677,1060.38,1152.0699,1152.0699,-1.8399,-9.6522,-9.6522
BX,143.63999938964844,143.2,2026-08-26,True,143.0,145.58900451660156,0.31,-17.0,BAJO,171692572672.0,32.13,19.18,12.75,31.37,14.33,54.36,22.73,,,0.68,0.87,5.0,YAHOO,1.312,1.7702,1.0065,0.067267,2.2127,0.6389,69.86,2026-10-22,56,,,yahoo,1.0,0.0,1.0,1.0,1.0,0.0,0.0,0.0,1.0,1.6201,-3.8039,26.3103,24.9399,3.7352,39.8695,149.32,149.32,181.3246,-3.8039,-3.8039,-20.7829
ITUB,7.53000020980835,7.61,2026-08-26,True,7.480000019073486,7.625,-1.05,16.39,BAJO,82994700288.0,9.3,7.52,1.96,21.48,1.58,39.07,32.58,,,,,4.0,YAHOO,1.312,1.7702,1.0065,0.067267,2.2127,0.6389,69.86,2026-11-03,68,2026-08-04,23.0,yahoo,1.0,1.0,1.0,0.0,0.0,0.0,1.0,0.0,0.0,5.0209,2.5886,-8.328,-3.4433,20.8257,28.7182,8.487,8.617,9.3791,-11.2761,-12.6141,-19.715
BAC,61.16999816894531,62.23,2026-08-26,True,61.10499954223633,62.017601013183594,-1.7,19.98,BAJO,427746426880.0,14.13,11.55,1.55,11.2,0.97,38.3,29.52,,,,,5.0,YAHOO,1.312,1.7702,1.0065,0.067267,2.2127,0.6389,69.86,2026-10-14,48,,,yahoo,1.0,1.0,1.0,0.0,0.0,0.0,1.0,0.0,1.0,-1.1154,-4.5561,5.6842,21.1105,18.1822,19.152,64.81,64.81,64.81,-5.6164,-5.6164,-5.6164
RACE,414.0400085449219,412.83,2026-08-26,True,411.7200012207031,416.3900146484375,0.29,-14.85,BAJO,72773672960.0,38.27,32.37,17.04,45.44,13.61,31.06,22.25,1.38,30.1,0.86,2.43,9.0,YAHOO,1.312,1.7702,1.0065,0.067267,2.2127,0.6389,69.86,2026-11-03,68,2026-07-30,28.0,yahoo,1.0,1.0,1.0,1.0,1.0,1.0,1.0,1.0,1.0,-3.3452,0.4245,12.407,19.5438,22.2288,33.3724,436.54,436.54,498.3386,-5.1542,-5.1542,-16.9159
C,132.67999267578125,133.56,2026-08-26,True,131.77499389648438,133.9600067138672,-0.66,35.78,BAJO,222562304000.0,14.3,10.3,1.16,8.53,0.66,36.23,21.83,,,,,3.0,YAHOO,1.312,1.7702,1.0065,0.067267,2.2127,0.6389,69.86,2026-10-13,47,,,yahoo,1.0,0.0,0.0,0.0,1.0,0.0,1.0,0.0,0.0,2.3213,-4.361,-6.4113,6.9575,11.8966,29.452,139.33,144.9331,144.9331,-4.7728,-8.4543,-8.4543
SCHW,108.05000305175781,109.39,2026-08-26,True,107.2300033569336,109.5250015258789,-1.22,8.89,BAJO,186854719488.0,19.68,13.84,4.25,20.27,2.07,52.28,38.79,,,1.51,0.66,7.0,YAHOO,1.312,1.7702,1.0065,0.067267,2.2127,0.6389,69.86,2026-10-15,49,,,yahoo,1.0,1.0,1.0,1.0,1.0,0.0,1.0,0.0,1.0,-1.5848,-1.54,19.6743,26.9655,24.9085,23.132,113.65,113.65,113.65,-4.9274,-4.9274,-4.9274
PG,143.13999938964844,145.0,2026-08-26,True,142.7100067138672,144.14990234375,-1.28,-10.2,BAJO,332719357952.0,21.59,19.35,6.24,30.29,10.72,22.08,18.44,3.99,14.49,0.64,0.68,6.0,YAHOO,1.312,1.7702,1.0065,0.067267,2.2127,0.6389,69.86,2026-10-22,56,2026-07-29,29.0,yahoo,1.0,0.0,1.0,1.0,1.0,0.0,1.0,0.0,1.0,0.1189,-0.7764,-2.8572,-1.1661,18.0464,21.4615,148.01,151.6182,164.7207,-3.2903,-5.5918,-13.1014
KO,89.05999755859375,90.08,2026-08-26,True,88.95500183105469,90.0199966430664,-1.13,28.97,BAJO,383184994304.0,26.74,25.26,10.6,42.05,9.4,34.87,28.56,1.36,24.31,1.16,1.3,7.0,YAHOO,1.312,1.7702,1.0065,0.067267,2.2127,0.6389,69.86,2026-10-20,54,,,yahoo,1.0,1.0,1.0,0.0,1.0,1.0,1.0,1.0,0.0,-1.5912,1.876,7.7556,11.4724,18.3918,24.8951,91.99,91.99,91.99,-3.1851,-3.1851,-3.1851
PEP,139.72000122070312,142.19,2026-08-26,True,139.6750030517578,141.08779907226562,-1.74,-5.7,BAJO,190857527296.0,18.29,15.56,8.64,51.51,8.93,16.84,10.79,4.1,12.36,2.39,0.93,5.0,YAHOO,1.312,1.7702,1.0065,0.067267,2.2127,0.6389,69.86,2026-10-08,42,,,yahoo,1.0,0.0,1.0,1.0,0.0,1.0,1.0,0.0,0.0,-1.661,-0.64,0.7499,-3.4862,19.9556,23.5467,144.67,146.25,167.221,-3.4216,-4.465,-16.4459
MO,67.66999816894531,69.12,2026-08-26,True,67.41000366210938,68.43000030517578,-2.1,4.73,BAJO,112991567872.0,14.25,11.54,-42.35,,29.55,61.46,39.0,8.0,8.58,,0.52,6.0,YAHOO,1.312,1.7702,1.0065,0.067267,2.2127,0.6389,69.86,2026-10-29,63,2026-07-30,28.0,yahoo,1.0,0.0,1.0,1.0,0.0,1.0,1.0,1.0,0.0,1.0905,3.9797,-8.6158,-4.5686,39.5005,32.1635,69.12,74.92,74.92,-2.0978,-9.677,-9.677
WMT,102.62999725341797,104.34,2026-08-26,True,102.2699966430664,103.66999816894531,-1.64,3.63,BAJO,816737615872.0,37.05,31.83,8.66,22.31,7.07,4.99,3.0,1.1,19.1,0.7,0.77,7.0,YAHOO,1.312,1.7702,1.0065,0.067267,2.2127,0.6389,69.86,2026-11-19,84,2026-08-20,7.0,yahoo,1.0,1.0,1.0,1.0,1.0,0.0,1.0,1.0,0.0,-0.9286,-11.0995,-10.2306,-13.4771,31.4112,28.5977,115.7329,120.7509,133.8795,-11.3217,-15.0069,-23.3415
TGT,165.92999267578125,164.04,2026-08-26,True,161.80999755859375,167.1300048828125,1.15,72.16,BAJO,75380580352.0,17.19,17.46,4.22,26.41,5.71,5.9,4.08,4.57,10.34,1.07,0.99,6.0,YAHOO,1.312,1.7702,1.0065,0.067267,2.2127,0.6389,69.86,2026-11-18,83,2026-08-19,8.0,yahoo,1.0,0.0,1.0,1.0,1.0,1.0,1.0,0.0,0.0,4.8531,6.7005,24.8533,29.9678,43.8798,33.9269,169.89,169.89,169.89,-2.3309,-2.3309,-2.3309
MCD,260.05999755859375,266.93,2026-08-26,True,259.8500061035156,265.7300109863281,-2.57,-18.55,BAJO,184029249536.0,21.13,18.6,-179.85,,13.25,46.48,31.72,3.4,15.93,,1.08,6.0,YAHOO,1.312,1.7702,1.0065,0.067267,2.2127,0.6389,69.86,2026-11-05,70,2026-08-04,23.0,yahoo,1.0,0.0,1.0,1.0,1.0,0.0,1.0,1.0,0.0,-3.3701,-4.4775,-2.6649,-5.8086,21.8955,23.4699,276.26,287.93,336.8806,-5.864,-9.6794,-22.8035
SBUX,107.26000213623047,108.49,2026-08-26,True,106.77999877929688,108.73999786376953,-1.13,21.4,BAJO,122276405248.0,62.36,34.43,-15.93,,8.02,12.92,5.17,2.51,25.01,,0.76,5.0,YAHOO,1.312,1.7702,1.0065,0.067267,2.2127,0.6389,69.86,2026-10-28,62,2026-07-29,29.0,yahoo,1.0,0.0,1.0,1.0,1.0,0.0,0.0,0.0,1.0,3.1445,-0.6208,3.6673,7.0731,29.9425,23.2134,108.49,108.49,108.49,-1.1337,-1.1337,-1.1337
NKE,38.439998626708984,38.59,2026-08-26,True,38.17380142211914,38.79999923706055,-0.39,-53.49,BAJO,57025691648.0,18.3,16.78,3.83,22.14,6.97,12.69,6.7,3.31,11.98,0.74,1.96,4.0,YAHOO,1.312,1.7702,1.0065,0.067267,2.2127,0.6389,69.86,2026-09-29,33,,,yahoo,1.0,0.0,1.0,0.0,1.0,0.0,0.0,1.0,0.0,-4.4019,-6.7669,-7.3288,-18.1255,23.5146,34.0273,42.64,45.96,75.9752,-9.8499,-16.3621,-49.4045
MDLZ,62.43000030517578,63.01,2026-08-26,True,62.119998931884766,63.09000015258789,-0.92,0.51,BAJO,79679913984.0,22.87,18.57,3.0,13.34,4.12,21.98,8.86,2.83,16.46,0.83,0.6,5.0,YAHOO,1.312,1.7702,1.0065,0.067267,2.2127,0.6389,69.86,2026-10-27,61,,,yahoo,1.0,0.0,1.0,1.0,0.0,0.0,1.0,0.0,1.0,-2.666,-1.7315,4.6605,0.9029,21.5198,27.8494,64.7,64.99,64.99,-3.5085,-3.9391,-3.9391
HSY,181.32000732421875,185.35,2026-08-26,True,180.07000732421875,183.125,-2.17,-1.26,BAJO,36431843328.0,24.77,18.37,7.98,32.81,9.92,23.12,12.24,4.79,15.27,1.3,1.18,4.0,YAHOO,1.312,1.7702,1.0065,0.067267,2.2127,0.6389,69.86,2026-11-05,70,2026-07-30,28.0,yahoo,1.0,0.0,1.0,1.0,0.0,1.0,0.0,0.0,0.0,-3.712,-1.813,0.642,-7.2545,28.1042,30.0284,189.94,189.94,232.6481,-4.5383,-4.5383,-22.0625
ANF,145.75,147.75,2026-08-26,True,142.1199951171875,152.36000061035156,-1.35,48.76,BAJO,6475921920.0,12.59,11.44,4.71,40.61,12.92,19.94,10.04,6.38,8.03,0.94,1.41,5.0,YAHOO,1.312,1.7702,1.0065,0.067267,2.2127,0.6389,69.86,2026-11-25,90,2026-08-26,1.0,yahoo,1.0,0.0,1.0,1.0,0.0,1.0,1.0,0.0,0.0,38.7831,33.9368,63.0496,77.3546,289.6941,88.0479,147.75,147.75,147.75,-1.3536,-1.3536,-1.3536
EBAY,102.2699966430664,104.2,2026-08-26,True,101.0,103.45500183105469,-1.85,6.5,BAJO,45510148096.0,21.49,15.19,9.95,46.61,9.15,21.57,18.57,3.47,15.94,1.53,1.02,5.0,YAHOO,1.312,1.7702,1.0065,0.067267,2.2127,0.6389,69.86,2026-11-04,69,2026-08-05,22.0,yahoo,1.0,1.0,1.0,0.0,0.0,0.0,1.0,0.0,1.0,-2.2369,-2.2088,-7.6986,-8.5405,35.0353,31.604,114.01,117.44,118.6311,-10.2973,-12.9172,-13.7916
ABEV,2.880000114440918,2.9,2026-08-26,True,2.8499999046325684,2.890000104904175,-0.69,26.61,BAJO,44409597952.0,14.4,13.43,2.6,18.4,10.3,23.74,18.41,44.72,1.11,0.03,1.02,8.0,YAHOO,1.312,1.7702,1.0065,0.067267,2.2127,0.6389,69.86,2026-10-29,63,2026-07-30,28.0,yahoo,1.0,1.0,1.0,1.0,1.0,0.0,1.0,1.0,1.0,1.7668,1.4085,-9.434,-9.7429,17.3175,20.6958,3.11,3.2407,3.4202,-7.3955,-11.1315,-15.7952
UL,64.41999816894531,64.96,2026-08-26,True,63.994998931884766,64.81500244140625,-0.83,-9.4,BAJO,138713284608.0,21.33,16.26,7.34,31.87,8.29,20.34,18.32,4.85,15.36,1.75,0.74,7.0,YAHOO,1.312,1.7702,1.0065,0.067267,2.2127,0.6389,69.86,2026-10-28,62,2026-07-28,30.0,finnhub,1.0,1.0,1.0,0.0,0.0,1.0,1.0,1.0,1.0,1.6088,2.776,6.1468,13.9082,18.7299,28.9379,65.32,66.3122,72.7099,-1.3778,-2.8535,-11.4013
URBN,78.79000091552734,82.95,2026-08-26,True,78.20999908447266,85.43000030517578,-5.02,-3.08,BAJO,6747188224.0,15.15,11.45,2.58,18.73,8.36,8.96,7.48,0.07,10.44,0.46,1.48,8.0,YAHOO,1.312,1.7702,1.0065,0.067267,2.2127,0.6389,69.86,2026-11-25,90,2026-08-26,1.0,yahoo,1.0,1.0,1.0,1.0,0.0,1.0,1.0,1.0,1.0,8.4515,3.399,10.2575,5.2639,96.1616,45.4041,82.95,82.95,82.95,-5.0151,-5.0151,-5.0151
CL,90.95999908447266,92.06,2026-08-26,True,90.481201171875,91.66000366210938,-1.19,6.32,BAJO,72510840832.0,35.81,22.14,307.3,267.37,15.84,20.97,9.68,4.77,15.9,13.88,1.03,5.0,YAHOO,1.312,1.7702,1.0065,0.067267,2.2127,0.6389,69.86,2026-10-30,64,2026-07-31,27.0,yahoo,1.0,0.0,1.0,1.0,1.0,0.0,1.0,0.0,0.0,1.4047,-2.1199,-0.9941,-0.1948,23.1983,24.4877,93.28,94.5877,97.966,-2.4871,-3.8353,-7.1515
COST,934.6599731445312,956.12,2026-08-26,True,933.3300170898438,948.7799072265625,-2.24,-5.07,BAJO,414501896192.0,46.99,41.25,25.07,29.15,8.67,3.67,3.01,1.68,29.94,0.6,1.07,6.0,YAHOO,1.312,1.7702,1.0065,0.067267,2.2127,0.6389,69.86,2026-09-24,28,,,yahoo,1.0,0.0,1.0,1.0,1.0,1.0,0.0,1.0,0.0,0.1232,-2.8268,-1.1127,-5.9339,32.2344,20.8171,971.4,985.1138,1092.5829,-3.7822,-5.1216,-14.4541
KMB,109.9800033569336,110.34,2026-08-26,True,108.61000061035156,110.31999969482422,-0.33,-15.48,BAJO,36577042432.0,21.74,14.69,20.9,104.91,10.2,19.0,11.79,2.57,12.15,3.49,0.91,4.0,YAHOO,1.312,1.7702,1.0065,0.067267,2.2127,0.6389,69.86,2026-11-03,68,2026-08-04,23.0,yahoo,1.0,0.0,1.0,1.0,1.0,0.0,0.0,0.0,0.0,1.1869,-0.6504,0.0637,11.3348,18.404,29.6837,112.37,114.74,126.0868,-2.1269,-4.1485,-12.7744
ORLY,87.83000183105469,89.55,2026-08-26,True,87.73999786376953,88.78990173339844,-1.92,-19.67,BAJO,71051026432.0,27.88,24.05,-39.05,,13.67,20.15,14.27,2.21,19.28,,0.75,7.0,YAHOO,1.312,1.7702,1.0065,0.067267,2.2127,0.6389,69.86,2026-10-28,62,2026-07-29,29.0,yahoo,1.0,0.0,1.0,1.0,1.0,1.0,1.0,1.0,0.0,-1.4032,-5.1307,-2.5843,-1.569,24.5617,31.5981,93.53,93.53,107.82,-6.0943,-6.0943,-18.5402
PM,190.47999572753906,194.1,2026-08-26,True,190.1699981689453,193.63499450683594,-1.87,16.13,BAJO,296884666368.0,26.16,20.77,-34.59,,14.59,40.0,25.56,3.27,18.98,,0.98,7.0,YAHOO,1.312,1.7702,1.0065,0.067267,2.2127,0.6389,69.86,2026-10-21,55,,,yahoo,1.0,1.0,1.0,1.0,1.0,1.0,0.0,1.0,0.0,-0.543,0.8311,4.1614,7.554,25.4406,28.9456,194.1,200.17,200.17,-1.865,-4.8409,-4.8409
ETSY,82.94000244140625,81.74,2026-08-26,True,80.6500015258789,83.58999633789062,1.47,48.3,BAJO,7612378112.0,26.25,12.03,-5.49,,10.53,18.74,7.11,2.23,20.32,,1.48,5.0,YAHOO,1.312,1.7702,1.0065,0.067267,2.2127,0.6389,69.86,2026-11-04,69,2026-08-05,22.0,yahoo,1.0,0.0,1.0,1.0,1.0,0.0,1.0,0.0,0.0,2.1303,2.8139,4.1175,24.1989,78.9688,42.7761,87.03,87.03,87.03,-4.6995,-4.6995,-4.6995
TM,192.0,191.84,2026-08-26,True,191.75,193.75999450683594,0.08,-6.49,BAJO,227348201472.0,8.7,12.17,15.52,12.4,2.34,7.86,8.63,-1583.46,6.28,1.15,1.17,3.0,YAHOO,1.312,1.7702,1.0065,0.067267,2.2127,0.6389,69.86,2026-11-05,70,2026-08-04,23.0,yahoo,1.0,0.0,1.0,1.0,0.0,0.0,0.0,0.0,0.0,-0.1248,1.7434,12.0448,0.0834,12.6001,24.8165,197.35,197.35,248.29,-2.7109,-2.7109,-22.6711
HMC,31.329999923706055,31.41,2026-08-26,True,31.09000015258789,31.4950008392334,-0.25,-11.61,BAJO,40656068608.0,,,0.52,-0.76,-0.15,8.76,-0.75,658.59,7.16,1.14,1.29,3.0,YAHOO,1.312,1.7702,1.0065,0.067267,2.2127,0.6389,69.86,2026-11-05,70,2026-08-05,22.0,yahoo,0.0,0.0,1.0,1.0,0.0,0.0,1.0,0.0,0.0,-3.8957,0.4167,14.846,14.804,16.308,32.1516,33.37,33.37,34.85,-6.1133,-6.1133,-10.1004
NSANY,3.9700000286102295,4.02,2026-08-26,True,3.950000047683716,3.9700000286102295,-1.24,-19.25,BAJO,6940319232.0,,4.62,0.23,-7.65,0.69,2.63,-3.37,-19589.64,15.32,1.72,1.54,4.0,YAHOO,1.312,1.7702,1.0065,0.067267,2.2127,0.6389,69.86,2026-11-05,70,2026-08-03,24.0,yahoo,0.0,1.0,1.0,1.0,0.0,1.0,0.0,0.0,0.0,-6.5882,-4.5673,3.9267,-21.8504,17.828,41.3926,4.42,4.51,6.05,-10.181,-11.9734,-34.3802
GM,86.18000030517578,86.33,2026-08-26,True,85.91000366210938,87.08999633789062,-0.17,43.95,BAJO,77945634816.0,38.47,5.8,1.22,3.16,2.25,3.2,1.05,28.14,11.01,2.02,1.14,5.0,YAHOO,1.312,1.7702,1.0065,0.067267,2.2127,0.6389,69.86,2026-10-20,54,,,yahoo,1.0,0.0,1.0,1.0,0.0,1.0,1.0,0.0,0.0,0.0348,-0.2431,11.4301,2.391,14.1416,31.5586,89.35,90.3,90.3,-3.5478,-4.5626,-4.5626
ARCO,7.940000057220459,8.01,2026-08-26,True,7.84499979019165,7.960000038146973,-0.87,13.94,BAJO,1672664704.0,6.46,9.28,2.01,36.36,6.91,5.56,5.16,7.71,5.88,2.64,0.88,6.0,YAHOO,1.312,1.7702,1.0065,0.067267,2.2127,0.6389,69.86,2026-11-18,83,2026-08-13,14.0,yahoo,1.0,1.0,1.0,1.0,0.0,1.0,1.0,0.0,0.0,1.7949,-2.457,-2.2167,-9.7459,22.1518,24.7983,8.47,8.7577,9.4222,-6.2574,-9.337,-15.7311
HD,328.6099853515625,334.85,2026-08-26,True,327.8900146484375,332.0078125,-1.86,-21.45,BAJO,327850754048.0,22.98,20.49,19.74,104.3,12.55,14.29,8.41,3.41,15.35,3.8,1.08,4.0,YAHOO,1.312,1.7702,1.0065,0.067267,2.2127,0.6389,69.86,2026-11-17,82,2026-08-18,9.0,yahoo,1.0,0.0,1.0,1.0,1.0,0.0,0.0,0.0,0.0,-1.7579,-3.8309,-6.3282,3.0711,17.1522,28.518,355.62,357.9,414.7939,-7.5952,-8.1839,-20.7775
DIS,106.81999969482422,109.63,2026-08-26,True,106.75,108.87000274658203,-2.56,-12.32,BAJO,184444682240.0,22.02,14.35,1.68,8.01,4.81,19.3,8.7,2.64,11.07,0.39,0.71,8.0,YAHOO,1.312,1.7702,1.0065,0.067267,2.2127,0.6389,69.86,2026-11-12,77,2026-08-05,22.0,yahoo,1.0,1.0,1.0,1.0,1.0,0.0,1.0,1.0,1.0,-0.4659,1.9275,9.1336,3.768,36.377,27.328,111.25,111.25,117.1437,-3.982,-3.982,-8.8129
JNJ,265.7699890136719,270.0,2026-08-26,True,263.8399963378906,268.0185852050781,-1.57,49.64,BAJO,640478674944.0,30.87,21.59,7.53,25.74,8.6,29.19,21.48,2.64,19.18,0.58,1.09,3.0,YAHOO,1.312,1.7702,1.0065,0.067267,2.2127,0.6389,69.86,2026-10-13,47,,,yahoo,1.0,1.0,1.0,0.0,0.0,0.0,0.0,0.0,0.0,-0.1082,1.9081,3.3154,15.7196,20.0794,25.9116,273.14,273.14,273.14,-2.6983,-2.6983,-2.6983
LLY,1176.0999755859375,1189.41,2026-08-26,True,1171.7099609375,1190.1099853515625,-1.12,57.12,BAJO,1048776998912.0,39.55,24.9,30.95,102.29,20.36,54.22,33.53,1.06,26.24,1.62,1.35,7.0,YAHOO,1.312,1.7702,1.0065,0.067267,2.2127,0.6389,69.86,2026-10-29,63,2026-08-05,22.0,yahoo,1.0,1.0,1.0,0.0,0.0,1.0,1.0,1.0,1.0,-5.4886,-2.5819,-4.2397,4.5248,21.1431,35.1816,1280.34,1280.34,1280.34,-8.1416,-8.1416,-8.1416
NVO,46.2599983215332,47.19,2026-08-26,True,45.70000076293945,46.33000183105469,-1.97,-18.03,BAJO,204516835328.0,11.28,13.49,5.93,59.81,18.73,42.54,35.35,18.42,1.73,0.63,0.87,4.0,YAHOO,1.312,1.7702,1.0065,0.067267,2.2127,0.6389,69.86,2026-11-04,69,2026-08-04,23.0,yahoo,1.0,0.0,1.0,1.0,0.0,1.0,0.0,0.0,0.0,0.2601,0.2807,-3.08,2.9469,47.3664,38.9427,48.66,50.9588,60.9379,-4.9322,-9.2208,-24.0866
AMGN,436.989990234375,440.34,2026-08-26,True,431.010009765625,442.1300048828125,-0.76,51.88,BAJO,236250775552.0,27.11,17.91,20.21,91.47,8.67,35.55,22.95,3.66,16.19,4.9,1.37,7.0,YAHOO,1.312,1.7702,1.0065,0.067267,2.2127,0.6389,69.86,2026-11-03,68,2026-08-04,23.0,yahoo,1.0,1.0,1.0,1.0,1.0,0.0,0.0,1.0,1.0,1.3404,5.1943,21.9092,30.63,12.5614,27.2065,443.84,443.84,443.84,-1.5434,-1.5434,-1.5434
UNH,395.04998779296875,401.01,2026-08-26,True,393.7699890136719,399.8800048828125,-1.49,29.4,BAJO,354594816000.0,25.39,17.61,3.63,14.15,4.87,7.13,3.14,6.85,15.14,0.69,0.78,6.0,YAHOO,1.312,1.7702,1.0065,0.067267,2.2127,0.6389,69.86,2026-10-27,61,,,yahoo,1.0,0.0,1.0,1.0,1.0,0.0,1.0,0.0,1.0,2.6504,-1.0049,-5.9002,3.8628,26.3095,26.0159,415.36,436.35,436.35,-4.8897,-9.4649,-9.4649
PFE,28.020000457763672,28.3,2026-08-26,True,27.829999923706055,28.18000030517578,-0.99,15.52,BAJO,159704858624.0,36.87,9.68,1.87,5.01,5.78,27.88,6.8,7.82,8.41,0.74,1.27,5.0,YAHOO,1.312,1.7702,1.0065,0.067267,2.2127,0.6389,69.86,2026-11-03,68,2026-08-04,23.0,yahoo,1.0,0.0,1.0,1.0,0.0,0.0,0.0,1.0,1.0,0.8276,4.5522,16.9888,9.0673,23.5374,22.5022,28.57,28.57,28.57,-1.9251,-1.9251,-1.9251
ABT,111.58999633789062,114.1,2026-08-26,True,111.29000091552734,113.44999694824219,-2.2,-17.23,BAJO,193093468160.0,36.11,18.4,3.78,10.58,5.33,14.71,11.65,3.73,18.91,0.63,1.38,5.0,YAHOO,1.312,1.7702,1.0065,0.067267,2.2127,0.6389,69.86,2026-10-14,48,,,yahoo,1.0,0.0,1.0,1.0,1.0,0.0,0.0,1.0,0.0,-2.2341,0.2876,21.2231,30.227,16.6562,33.7233,116.67,116.67,133.5335,-4.3542,-4.3542,-16.433
CVS,92.91999816894531,94.32,2026-08-26,True,92.8499984741211,94.13999938964844,-1.48,29.2,BAJO,118841925632.0,24.52,10.92,1.49,6.21,2.97,3.86,1.18,6.8,10.88,0.96,0.87,6.0,YAHOO,1.312,1.7702,1.0065,0.067267,2.2127,0.6389,69.86,2026-10-28,62,2026-08-05,22.0,yahoo,1.0,0.0,1.0,1.0,1.0,1.0,0.0,0.0,1.0,-0.7795,-2.1792,-9.7362,0.565,25.2076,27.0872,105.37,109.9195,109.9195,-11.8155,-15.4654,-15.4654
ABBV,258.1499938964844,262.9,2026-08-26,True,257.25,262.4977111816406,-1.81,23.84,BAJO,456181317632.0,72.72,15.85,-76.85,,10.51,40.03,9.8,3.7,17.19,,0.81,7.0,YAHOO,1.312,1.7702,1.0065,0.067267,2.2127,0.6389,69.86,2026-10-29,63,2026-07-31,27.0,yahoo,1.0,0.0,1.0,1.0,1.0,1.0,0.0,1.0,1.0,-1.4055,2.9224,2.2325,18.9166,15.9817,30.0009,265.97,265.97,265.97,-2.9402,-2.9402,-2.9402
TMO,630.7000122070312,633.71,2026-08-26,True,626.3300170898438,637.1300048828125,-0.47,25.6,BAJO,233199616000.0,33.96,22.93,4.43,13.51,5.13,18.75,15.04,2.67,23.16,0.81,1.55,5.0,YAHOO,1.312,1.7702,1.0065,0.067267,2.2127,0.6389,69.86,2026-10-21,55,,,yahoo,1.0,0.0,1.0,1.0,0.0,1.0,1.0,0.0,0.0,0.502,5.8417,24.5409,29.5785,9.2177,31.8675,633.71,633.71,638.1788,-0.475,-0.475,-1.1719
AZN,164.52000427246094,166.27,2026-08-26,True,163.97999572753906,165.5800018310547,-1.05,-0.09,BAJO,255151751168.0,24.63,14.48,5.07,21.96,8.02,23.46,17.02,1.92,14.34,0.64,0.89,7.0,YAHOO,1.312,1.7702,1.0065,0.067267,2.2127,0.6389,69.86,2026-10-30,64,,,yahoo,1.0,1.0,1.0,1.0,1.0,1.0,0.0,1.0,0.0,0.0182,4.6299,-13.8413,-11.2286,26.3217,35.5261,169.66,195.15,208.62,-3.0296,-15.6956,-21.1389
CAH,235.1300048828125,238.4,2026-08-26,True,234.14999389648438,237.3000030517578,-1.37,55.11,BAJO,54685532160.0,32.57,16.7,-19.0,,3.72,1.33,0.67,8.69,14.31,,0.88,6.0,YAHOO,1.312,1.7702,1.0065,0.067267,2.2127,0.6389,69.86,2026-11-05,70,2026-08-11,16.0,yahoo,1.0,1.0,1.0,1.0,0.0,0.0,1.0,1.0,0.0,2.9195,1.6822,-0.2448,17.9094,25.3676,24.313,240.26,240.26,240.26,-2.1352,-2.1352,-2.1352
ISRG,367.07000732421875,370.42,2026-08-26,True,366.8999938964844,372.30499267578125,-0.9,-26.17,BAJO,131513122816.0,42.19,30.41,7.15,17.42,10.51,33.6,28.45,1.99,30.08,,4.96,7.0,YAHOO,1.312,1.7702,1.0065,0.067267,2.2127,0.6389,69.86,2026-10-20,54,,,yahoo,1.0,1.0,1.0,1.0,0.0,1.0,1.0,0.0,1.0,-1.9787,-8.5229,-9.582,-13.3513,7.3224,48.2764,401.27,432.83,592.85,-8.5229,-15.193,-38.0838
MRNA,142.77000427246094,149.66,2026-08-26,True,138.54010009765625,148.58799743652344,-4.6,464.72,BAJO,56998912000.0,,-30.58,8.43,-39.0,-13.26,-557.93,-141.43,0.53,-24.21,0.19,2.29,3.0,YAHOO,1.312,1.7702,1.0065,0.067267,2.2127,0.6389,69.86,2026-11-05,70,2026-07-31,27.0,yahoo,0.0,1.0,0.0,1.0,0.0,0.0,0.0,1.0,0.0,7.0882,124.3048,104.835,200.1261,153.1165,377.9823,174.38,174.38,174.38,-18.1271,-18.1271,-18.1271
NVS,154.64999389648438,157.54,2026-08-26,True,154.42999267578125,155.91000366210938,-1.83,21.51,BAJO,293945540608.0,23.36,15.77,7.08,30.35,10.25,34.62,22.5,4.05,14.54,1.17,0.86,8.0,YAHOO,1.312,1.7702,1.0065,0.067267,2.2127,0.6389,69.86,2026-10-27,61,,,yahoo,1.0,1.0,1.0,1.0,0.0,1.0,1.0,1.0,1.0,-1.0177,1.9312,-1.8656,2.1466,21.9895,26.4682,160.31,160.31,163.6393,-3.5307,-3.5307,-5.4934
PHG,26.920000076293945,26.99,2026-08-26,True,26.610000610351562,27.079999923706055,-0.26,-3.07,BAJO,26312347648.0,20.24,14.14,1.97,10.15,4.07,13.99,6.31,5.81,13.28,0.65,1.26,7.0,YAHOO,1.312,1.7702,1.0065,0.067267,2.2127,0.6389,69.86,2026-11-03,68,,,yahoo,1.0,1.0,1.0,1.0,0.0,1.0,0.0,1.0,1.0,-2.1091,-1.6801,-1.0658,1.7769,13.1127,25.7474,27.62,28.23,31.6757,-2.5344,-4.6405,-15.0138
MRK,149.5399932861328,153.1,2026-08-26,True,149.02000427246094,152.0800018310547,-2.33,79.74,BAJO,368940810240.0,118.68,15.67,8.8,6.96,11.87,-0.24,4.77,4.11,14.4,1.28,1.32,4.0,YAHOO,1.312,1.7702,1.0065,0.067267,2.2127,0.6389,69.86,2026-10-29,63,2026-08-04,23.0,yahoo,1.0,0.0,1.0,0.0,0.0,1.0,1.0,0.0,0.0,0.3691,10.3209,15.582,25.628,46.2173,38.7289,156.45,156.45,156.45,-4.4167,-4.4167,-4.4167
GILD,148.86000061035156,148.09,2026-08-26,True,146.0399932861328,149.10499572753906,0.52,29.99,BAJO,184579735552.0,,15.05,15.62,-20.68,14.09,33.68,-10.64,5.29,14.1,2.23,1.26,8.0,YAHOO,1.312,1.7702,1.0065,0.067267,2.2127,0.6389,69.86,2026-10-29,63,2026-08-04,23.0,yahoo,1.0,1.0,1.0,1.0,1.0,0.0,1.0,1.0,1.0,3.7786,7.7602,17.8342,9.9973,11.9441,30.0151,148.86,148.86,153.9087,0.0,0.0,-3.2803
BMY,66.94999694824219,67.57,2026-08-26,True,66.20999908447266,67.47000122070312,-0.92,43.23,BAJO,136759738368.0,14.75,10.21,6.13,46.6,10.72,34.42,18.87,5.93,9.09,2.02,1.53,8.0,YAHOO,1.312,1.7702,1.0065,0.067267,2.2127,0.6389,69.86,2026-10-29,63,2026-07-30,28.0,yahoo,1.0,1.0,1.0,1.0,1.0,1.0,0.0,1.0,1.0,2.2606,3.5576,15.6177,18.9699,13.5109,29.9529,67.92,67.92,67.92,-1.4282,-1.4282,-1.4282
HIMS,31.65999984741211,29.83,2026-08-26,True,29.72439956665039,31.985000610351562,6.13,-32.14,BAJO,7386702336.0,,28.41,22.79,-32.03,-2.21,-12.75,-5.51,11.5,-795.12,4.77,0.93,4.0,YAHOO,1.312,1.7702,1.0065,0.067267,2.2127,0.6389,69.86,2026-11-09,74,2026-08-10,17.0,yahoo,1.0,0.0,1.0,1.0,0.0,1.0,0.0,0.0,0.0,-0.6277,10.0452,-5.1812,24.7439,106.2815,94.2312,33.78,38.28,62.76,-6.2759,-17.2936,-49.5539
CAT,817.0,821.93,2026-08-26,True,807.3099975585938,832.989990234375,-0.6,86.45,BAJO,375554375680.0,35.12,25.27,19.36,56.97,9.03,22.18,14.51,1.34,25.66,2.33,1.37,6.0,YAHOO,1.312,1.7702,1.0065,0.067267,2.2127,0.6389,69.86,2026-10-29,63,2026-08-04,23.0,yahoo,1.0,0.0,1.0,1.0,1.0,1.0,1.0,0.0,0.0,0.1974,-4.3997,-20.7778,-7.7905,22.1095,46.599,881.65,1062.9282,1062.9282,-7.3328,-23.1369,-23.1369
GE,342.7300109863281,354.39,2026-08-26,True,339.6000061035156,353.4949951171875,-3.29,21.94,BAJO,355603808256.0,40.46,37.77,20.16,48.23,5.07,20.57,17.72,1.85,31.88,1.13,0.98,6.0,YAHOO,1.312,1.7702,1.0065,0.067267,2.2127,0.6389,69.86,2026-10-20,54,,,yahoo,1.0,1.0,1.0,0.0,0.0,0.0,1.0,1.0,1.0,-0.5542,-4.9662,-8.1755,6.9625,41.756,32.7163,381.22,381.22,381.22,-10.0965,-10.0965,-10.0965
LMT,565.8900146484375,565.62,2026-08-26,True,560.0247192382812,566.030029296875,0.05,23.79,BAJO,130602180608.0,20.89,17.3,14.84,89.17,8.64,11.96,8.16,4.26,15.22,2.34,1.19,6.0,YAHOO,1.312,1.7702,1.0065,0.067267,2.2127,0.6389,69.86,2026-10-20,54,,,yahoo,1.0,0.0,1.0,1.0,1.0,0.0,1.0,1.0,0.0,-0.9782,-5.3711,12.7114,6.0283,19.3638,36.307,608.68,608.68,672.2988,-7.03,-7.03,-15.8276
RTX,212.0800018310547,211.99,2026-08-26,True,209.8249969482422,212.52000427246094,0.04,30.57,BAJO,285832544256.0,37.34,27.0,4.31,12.27,4.21,12.7,8.28,3.46,20.02,0.57,1.01,8.0,YAHOO,1.312,1.7702,1.0065,0.067267,2.2127,0.6389,69.86,2026-10-20,54,,,yahoo,1.0,1.0,1.0,1.0,1.0,1.0,0.0,1.0,1.0,-0.0989,-3.4903,13.5881,18.9006,7.994,29.7535,225.49,225.49,225.49,-5.9471,-5.9471,-5.9471
UAL,112.38999938964844,114.83,2026-08-26,True,112.2699966430664,114.84300231933594,-2.12,3.77,BAJO,36478390272.0,10.52,7.37,2.18,23.25,3.38,5.53,5.56,2.49,7.55,2.02,0.78,7.0,YAHOO,1.312,1.7702,1.0065,0.067267,2.2127,0.6389,69.86,2026-10-21,55,,,yahoo,1.0,1.0,1.0,1.0,1.0,0.0,1.0,0.0,1.0,0.6087,-11.0487,-16.8652,-2.3205,41.8144,46.1465,132.76,136.11,136.11,-15.3435,-17.4271,-17.4271
F,13.949999809265137,13.9,2026-08-26,True,13.845000267028809,14.100000381469727,0.36,18.51,BAJO,55626960896.0,,7.29,1.56,-18.25,0.35,1.88,-3.94,-14.27,25.75,4.57,1.09,2.0,YAHOO,1.312,1.7702,1.0065,0.067267,2.2127,0.6389,69.86,2026-10-22,56,,,yahoo,0.0,0.0,1.0,1.0,0.0,0.0,0.0,0.0,0.0,-0.2859,0.432,0.5783,-15.3088,27.2442,30.9122,14.5227,15.5417,17.2531,-3.9436,-10.2414,-19.1452
AAL,13.720000267028809,13.84,2026-08-26,True,13.680000305175781,13.949999809265137,-0.87,0.41,BAJO,9082227712.0,,5.92,-2.29,,1.12,2.81,-0.56,5.72,10.83,,0.53,4.0,YAHOO,1.312,1.7702,1.0065,0.067267,2.2127,0.6389,69.86,2026-10-22,56,,,yahoo,1.0,0.0,1.0,1.0,0.0,0.0,0.0,0.0,1.0,1.4793,-8.8977,-23.4375,-6.3481,26.9698,51.873,16.58,18.15,18.15,-17.2497,-24.4077,-24.4077
UNP,307.6700134277344,310.62,2026-08-26,True,306.42999267578125,309.739990234375,-0.95,38.33,BAJO,182779215872.0,24.89,21.74,9.41,39.7,9.27,40.98,28.85,2.58,16.44,1.51,0.99,8.0,YAHOO,1.312,1.7702,1.0065,0.067267,2.2127,0.6389,69.86,2026-10-22,56,,,yahoo,1.0,1.0,1.0,1.0,1.0,1.0,1.0,1.0,0.0,1.2172,3.3178,12.8236,15.8309,10.6964,22.9308,310.62,310.62,310.62,-0.9497,-0.9497,-0.9497
FDX,331.4100036621094,335.99,2026-08-26,True,331.19500732421875,335.010009765625,-1.36,76.48,BAJO,78434951168.0,17.87,15.9,2.51,14.85,5.01,11.13,4.68,7.21,9.1,1.36,1.48,5.0,YAHOO,1.312,1.7702,1.0065,0.067267,2.2127,0.6389,69.86,2026-10-28,62,,,yahoo,1.0,0.0,1.0,1.0,0.0,1.0,0.0,1.0,0.0,1.647,-2.3398,1.847,0.3461,27.4517,29.0905,339.35,339.35,339.35,-2.3398,-2.3398,-2.3398
PCAR,126.54000091552734,129.23,2026-08-26,True,126.23999786376953,129.2299041748047,-2.08,23.74,BAJO,66606223360.0,26.64,17.73,3.28,12.76,4.12,12.02,9.0,2.92,22.24,0.73,5.52,4.0,YAHOO,1.312,1.7702,1.0065,0.067267,2.2127,0.6389,69.86,2026-10-27,61,,,yahoo,1.0,0.0,1.0,1.0,0.0,1.0,0.0,0.0,0.0,-1.8613,-3.1977,6.0828,13.0592,14.0183,30.1968,135.601,137.845,137.845,-6.6821,-8.2012,-8.2012
MMM,178.8300018310547,180.0,2026-08-26,True,176.91000366210938,179.80999755859375,-0.65,12.27,BAJO,92226641920.0,31.76,18.29,31.24,81.89,8.74,20.35,11.9,6.89,15.43,4.38,1.24,5.0,YAHOO,1.312,1.7702,1.0065,0.067267,2.2127,0.6389,69.86,2026-10-20,54,,,yahoo,1.0,0.0,1.0,0.0,0.0,1.0,1.0,0.0,1.0,0.8551,-1.6628,10.5786,17.5092,8.0393,24.4711,182.979,182.979,182.979,-2.2675,-2.2675,-2.2675
PAC,214.85000610351562,214.87,2026-08-26,True,213.8699951171875,216.34500122070312,-0.01,-15.64,BAJO,12783966208.0,19.73,16.96,603.05,28.03,10.47,44.16,30.83,53.96,84.5,1.18,0.74,7.0,YAHOO,1.312,1.7702,1.0065,0.067267,2.2127,0.6389,69.86,2026-10-19,53,,,yahoo,1.0,1.0,1.0,1.0,0.0,1.0,1.0,0.0,1.0,2.5782,2.7351,-15.5995,-9.7686,41.1464,30.6739,222.7,254.56,300.41,-3.5249,-15.5995,-28.4811
GT,6.150000095367432,6.26,2026-08-26,True,6.119999885559082,6.249000072479248,-1.76,-32.24,BAJO,1770577408.0,,10.9,0.62,-61.53,0.51,-0.96,-14.37,28.08,9.46,2.74,1.09,5.0,YAHOO,1.312,1.7702,1.0065,0.067267,2.2127,0.6389,69.86,2026-11-03,68,2026-08-05,22.0,yahoo,0.0,0.0,1.0,1.0,1.0,1.0,0.0,0.0,1.0,5.3082,-0.4854,-7.3795,-0.8064,33.1314,48.9599,7.19,7.45,10.54,-14.4645,-17.4497,-41.6509
BA,209.88999938964844,212.09,2026-08-26,True,209.1199951171875,211.94000244140625,-1.04,-15.0,BAJO,165890768896.0,75.5,50.93,27.2,173.54,-1.98,0.0,2.59,3.39,-67.23,7.91,1.14,6.0,YAHOO,1.312,1.7702,1.0065,0.067267,2.2127,0.6389,69.86,2026-10-28,62,,,yahoo,1.0,1.0,1.0,0.0,1.0,0.0,0.0,1.0,1.0,-2.4221,-8.8742,-2.2358,-8.2568,16.9742,36.5983,240.19,240.19,252.15,-12.615,-12.615,-16.7599
HON,220.38999938964844,220.67,2026-08-26,True,217.2030029296875,221.22000122070312,-0.13,-1.33,BAJO,69850406912.0,8.47,22.03,3.77,46.58,5.72,20.25,21.58,3.74,11.28,1.85,1.21,5.0,YAHOO,1.312,1.7702,1.0065,0.067267,2.2127,0.6389,69.86,2026-10-22,56,,,yahoo,1.0,0.0,1.0,1.0,0.0,0.0,1.0,0.0,1.0,0.9481,-5.5296,-2.9626,-9.5397,19.9401,36.1966,248.0457,248.0457,257.9406,-11.1494,-11.1494,-14.5578
MOS,23.760000228881836,24.16,2026-08-26,True,23.31999969482422,23.94969940185547,-1.66,-30.65,BAJO,7553200640.0,,14.8,0.66,-5.07,1.24,-0.12,-5.21,-9.88,7.86,0.52,1.34,7.0,YAHOO,1.312,1.7702,1.0065,0.067267,2.2127,0.6389,69.86,2026-11-03,68,2026-08-04,23.0,yahoo,1.0,1.0,1.0,1.0,0.0,1.0,0.0,1.0,1.0,1.7559,9.0909,5.8824,-1.2469,21.0196,47.8348,24.41,24.41,34.9505,-2.6628,-2.6628,-32.0181
BG,111.56999969482422,113.25,2026-08-26,True,110.91999816894531,113.97000122070312,-1.48,31.07,BAJO,21434730496.0,24.05,9.84,1.34,7.18,3.47,4.62,1.1,-30.21,12.53,0.98,1.57,3.0,YAHOO,1.312,1.7702,1.0065,0.067267,2.2127,0.6389,69.86,2026-11-04,69,2026-07-29,29.0,yahoo,1.0,0.0,1.0,1.0,0.0,0.0,0.0,0.0,0.0,-4.2893,-0.405,2.9088,-9.2373,32.3473,33.7295,116.57,130.5866,130.5866,-4.2893,-14.5625,-14.5625
RKLB,67.52999877929688,66.18,2026-08-26,True,65.41999816894531,67.55999755859375,2.04,41.93,BAJO,43179425792.0,,1350.6,11.57,-7.92,-4.62,-24.57,-21.51,-0.58,-254.04,0.04,5.48,5.0,YAHOO,1.312,1.7702,1.0065,0.067267,2.2127,0.6389,69.86,2026-11-09,74,2026-08-10,17.0,yahoo,0.0,1.0,0.0,1.0,1.0,1.0,0.0,1.0,0.0,-7.4297,-15.6929,-31.0989,-54.3809,51.9927,89.7453,82.83,119.95,150.23,-18.4716,-43.7015,-55.0489
ONDS,8.75,8.22,2026-08-26,True,8.300000190734863,8.84000015258789,6.45,68.5,BAJO,4992332800.0,,-437.5,2.95,19.32,-8.37,-166.3,96.25,-1.38,-18.57,0.03,9.85,5.0,YAHOO,1.312,1.7702,1.0065,0.067267,2.2127,0.6389,69.86,2026-11-12,77,2026-08-13,14.0,yahoo,0.0,1.0,0.0,1.0,1.0,1.0,0.0,1.0,0.0,4.4153,-1.7957,9.1022,-33.9623,77.0014,84.8878,9.77,11.97,14.01,-10.4401,-26.9006,-37.5446
SMSN.IL,4724.0,4724.0,2026-08-25,False,4676.0,4760.0,0.94,275.92,BAJO,,48.76,74.97,0.0,10.64,2.3,6.08,13.13,,-1.44,0.03,2.88,6.0,YAHOO,1.312,1.7702,1.0065,0.067267,2.2127,0.6389,69.86,2026-10-28,62,,,yahoo,1.0,1.0,1.0,1.0,0.0,0.0,0.0,1.0,1.0,2.9194,1.8103,-7.6442,-11.4527,72.8436,86.5393,5075.0,6010.0,6010.0,-6.9163,-21.3977,-21.3977
ADS.DE,150.6999969482422,150.7,2026-08-25,False,150.6999969482422,154.1999969482422,-1.25,-12.53,BAJO,26802128896.0,19.6,13.13,4.5,24.32,6.7,8.51,5.3,3.55,11.87,0.94,1.39,6.0,YAHOO,1.312,1.7702,1.0065,0.067267,2.2127,0.6389,69.86,2026-10-29,63,,,yahoo,1.0,1.0,1.0,0.0,0.0,1.0,0.0,1.0,1.0,-3.3355,-4.9211,-16.6943,-9.5438,28.9054,36.8326,167.35,187.9,191.3097,-9.9492,-19.7978,-21.2272
BAYN.DE,49.11000061035156,49.11,2026-08-25,False,49.08000183105469,49.93000030517578,-0.3,68.18,BAJO,47627919360.0,,10.11,1.61,-5.69,3.18,9.19,-3.83,13.78,8.0,1.29,1.04,6.0,YAHOO,1.312,1.7702,1.0065,0.067267,2.2127,0.6389,69.86,2026-11-03,68,,,yahoo,0.0,0.0,1.0,1.0,1.0,0.0,1.0,1.0,1.0,0.204,2.3125,6.6913,34.4375,19.7013,50.2209,49.81,53.36,53.36,-1.4053,-7.9648,-7.9648
RIOT,20.8799991607666,20.61,2026-08-26,True,20.649999618530273,21.854999542236328,1.31,50.01,BAJO,7835406336.0,,-22.33,3.6,-48.24,-21.2,-122.33,-196.28,-9.17,-9.17,0.4,1.58,2.0,YAHOO,1.312,1.7702,1.0065,0.067267,2.2127,0.6389,69.86,2026-10-29,63,2026-08-10,17.0,yahoo,0.0,0.0,0.0,0.0,0.0,0.0,0.0,1.0,1.0,-0.4766,8.6934,-24.7568,-24.7296,63.3852,92.9443,21.56,28.69,28.69,-3.154,-27.222,-27.222
OKLO,42.529998779296875,41.6,2026-08-26,True,41.099998474121094,43.88999938964844,2.24,-45.98,BAJO,7911330304.0,,-42.35,2.4,-7.7,-6.65,-6048.76,0.0,-3.03,-25.14,0.0,48.46,4.0,YAHOO,1.312,1.7702,1.0065,0.067267,2.2127,0.6389,69.86,2026-11-10,75,2026-08-07,20.0,yahoo,0.0,1.0,0.0,1.0,1.0,1.0,0.0,0.0,0.0,2.0883,-8.4392,-19.3897,-37.5386,131.5456,84.9649,48.42,65.39,174.14,-12.1644,-34.9595,-75.5771
SATL,5.309999942779541,5.13,2026-08-26,True,5.179999828338623,5.429999828338623,3.51,41.0,BAJO,816358912.0,,-177.0,11.91,,-9.86,1.67,0.0,-2.31,-51.38,2.85,2.34,4.0,YAHOO,1.312,1.7702,1.0065,0.067267,2.2127,0.6389,69.86,2026-11-12,77,2026-08-05,22.0,yahoo,0.0,1.0,0.0,0.0,1.0,1.0,0.0,1.0,0.0,0.1887,-9.8472,-5.8511,-46.0914,81.476,111.3156,5.98,8.14,10.74,-11.204,-34.7666,-50.5587
JMIA,7.070000171661377,6.83,2026-08-26,True,6.840000152587891,7.190000057220459,3.51,-27.07,BAJO,880694848.0,,-20.79,1010.0,-216.21,-25.23,-23.8,-27.54,-3.16,-15.17,37.95,0.88,3.0,YAHOO,1.312,1.7702,1.0065,0.067267,2.2127,0.6389,69.86,2026-11-11,76,2026-08-12,15.0,yahoo,0.0,1.0,0.0,1.0,0.0,0.0,0.0,0.0,1.0,6.4759,14.0323,7.2838,-4.4595,65.1693,60.2623,7.07,7.4,14.6,0.0,-4.4595,-51.5753
LAR,6.909999847412109,6.71,2026-08-26,True,6.700300216674805,6.980000019073486,2.98,109.85,BAJO,1133931008.0,,20.18,1.44,-6.58,-2.05,0.0,0.0,-1.44,-35.95,0.3,0.47,1.0,YAHOO,1.312,1.7702,1.0065,0.067267,2.2127,0.6389,69.86,2026-11-09,74,2026-08-11,16.0,yahoo,0.0,0.0,0.0,1.0,0.0,0.0,0.0,0.0,0.0,15.5518,2.3704,-13.2999,-33.2367,32.0673,72.8419,7.1,10.16,11.79,-2.6761,-31.9882,-41.391
NG,9.119999885559082,9.32,2026-08-26,True,9.055000305175781,9.369999885559082,-2.15,34.31,BAJO,4001679104.0,,-38.45,9.5,-24.63,-4.36,0.0,0.0,-0.6,-117.6,0.41,112.82,4.0,YAHOO,1.312,1.7702,1.0065,0.067267,2.2127,0.6389,69.86,2026-09-30,34,,,yahoo,0.0,1.0,0.0,1.0,1.0,1.0,0.0,0.0,0.0,5.3118,17.5258,51.7471,9.6154,87.9245,81.6319,9.77,9.77,14.2,-6.653,-6.653,-35.7746
PBI,17.270000457763672,17.01,2026-08-26,True,17.049999237060547,17.43000030517578,1.53,40.61,BAJO,2367547904.0,14.04,9.48,-2.74,,8.41,21.68,10.04,9.88,8.09,,0.73,7.0,YAHOO,1.312,1.7702,1.0065,0.067267,2.2127,0.6389,69.86,2026-11-05,70,2026-07-29,29.0,yahoo,1.0,1.0,1.0,1.0,0.0,0.0,1.0,1.0,1.0,6.8027,3.7237,-3.0708,9.9349,25.9684,28.4753,18.2844,18.4037,18.4037,-5.5481,-6.1604,-6.1604
AXIA,9.529999732971191,9.53,2026-08-14,False,9.267999649047852,9.600000381469727,-0.31,-6.74,BAJO,23290886144.0,10.02,10.99,1.22,10.01,3.05,43.79,27.05,16.97,4.39,0.63,2.05,6.0,YAHOO,1.312,1.7702,1.0065,0.067267,2.2127,0.6389,69.86,2026-11-04,69,2026-08-05,22.0,yahoo,1.0,0.0,1.0,1.0,0.0,0.0,1.0,1.0,1.0,-2.6558,,,,59.054,,,,,,,
TEM,70.69000244140625,68.48,2026-08-26,True,67.80000305175781,71.88999938964844,3.23,-7.55,BAJO,12754932736.0,,-4650.66,28.61,-67.44,-8.55,-20.11,-17.77,-0.73,-69.21,3.25,3.3,4.0,YAHOO,1.312,1.7702,1.0065,0.067267,2.2127,0.6389,69.86,2026-11-03,68,2026-07-30,28.0,yahoo,0.0,1.0,0.0,1.0,0.0,1.0,0.0,1.0,0.0,6.0615,30.2081,21.2314,37.8241,93.7884,94.0222,72.69,72.69,103.25,-2.7514,-2.7514,-31.5351
MRSH,190.0,193.26,2026-08-26,True,188.75999450683594,192.4250030517578,-1.69,-10.12,BAJO,90670137344.0,23.2,16.65,5.98,25.9,7.24,26.32,14.24,5.28,14.38,1.45,1.14,6.0,YAHOO,1.312,1.7702,1.0065,0.067267,2.2127,0.6389,69.86,2026-10-15,49,,,yahoo,1.0,0.0,1.0,1.0,1.0,0.0,1.0,0.0,1.0,-0.1104,0.6943,14.6151,19.7736,20.3544,28.468,194.67,197.59,203.7672,-2.3989,-3.8413,-6.7563
CEPU,13.529999732971191,13.71,2026-08-26,True,13.3100004196167,13.720000267028809,-1.31,27.28,BAJO,2029313792.0,6.26,8.06,1.03,19.03,7.21,24.84,28.78,-2067.27,1.24,0.33,1.28,7.0,YAHOO,1.312,1.7702,1.0065,0.067267,2.2127,0.6389,69.86,2026-11-11,76,2026-08-11,16.0,yahoo,1.0,1.0,1.0,1.0,0.0,1.0,1.0,0.0,1.0,4.9651,1.8825,-10.0997,-10.9282,26.5209,39.3724,15.26,15.96,17.95,-11.3368,-15.2256,-24.624
BMA,76.87000274658203,78.05,2026-08-26,True,76.0199966430664,78.69499969482422,-1.51,35.0,BAJO,4914993664.0,19.41,6.82,1.18,5.36,1.31,26.07,8.39,,,,,5.0,YAHOO,1.312,1.7702,1.0065,0.067267,2.2127,0.6389,69.86,2026-11-25,90,2026-08-19,8.0,yahoo,,,,,,,,,,5.4892,-4.4262,-16.4063,-11.4188,45.1211,52.8324,92.76,101.0828,101.1279,-17.1302,-23.9534,-23.9873
SUPV,8.399999618530273,8.8,2026-08-26,True,8.385000228881836,8.774999618530273,-4.55,1.85,BAJO,793868928.0,,6.85,0.94,-8.01,-1.15,3.31,-11.23,,,,,2.0,YAHOO,1.312,1.7702,1.0065,0.067267,2.2127,0.6389,69.86,2026-11-17,82,2026-08-10,17.0,yahoo,0.0,0.0,1.0,1.0,0.0,0.0,0.0,0.0,0.0,9.8039,-0.3559,-13.4021,-9.5802,84.3773,63.6541,9.46,11.38,12.86,-11.2051,-26.1863,-34.6812
PAMP,5215.0,5170.0,2026-08-26,True,5125.0,5250.0,0.87,41.18,BAJO,,,,,,,,,,,,,,YAHOO,1.312,1.7702,1.0065,0.067267,2.2127,0.6389,69.86,,999,,,none,,,,,,,,,,3.6779,4.3,1.8555,-0.4771,22.7871,25.7885,5555.0,5630.0,5630.0,-6.1206,-7.3712,-7.3712
EDN,23.649999618530273,23.72,2026-08-26,True,23.28969955444336,23.760000228881836,-0.3,7.9,BAJO,,7.06,8.86,0.57,9.59,3.09,5.14,7.2,,0.83,0.62,1.46,6.0,YAHOO,1.312,1.7702,1.0065,0.067267,2.2127,0.6389,69.86,2026-11-06,71,2026-08-07,20.0,yahoo,1.0,0.0,1.0,0.0,0.0,1.0,1.0,1.0,1.0,6.9168,-0.5885,-7.9408,-11.5557,42.5719,50.6059,26.83,28.74,35.71,-11.8524,-17.7105,-33.7721
TGS,28.549999237060547,28.34,2026-08-26,True,28.010000228881836,28.760000228881836,0.74,2.57,BAJO,4298265600.0,12.52,10.91,1.83,15.98,9.91,40.71,28.02,8357.96,-0.48,0.43,3.67,6.0,YAHOO,1.312,1.7702,1.0065,0.067267,2.2127,0.6389,69.86,2026-11-03,68,2026-08-05,22.0,yahoo,1.0,0.0,1.0,1.0,0.0,1.0,1.0,1.0,0.0,1.5292,2.3664,-4.865,-7.245,14.049,38.8423,31.83,33.36,35.32,-10.3047,-14.4185,-19.1676
TEO,13.029999732971191,13.36,2026-08-26,True,12.960000038146973,13.265000343322754,-2.47,49.76,BAJO,,10.68,14.4,0.95,10.83,3.12,13.95,8.91,,1.98,0.67,0.58,6.0,YAHOO,1.312,1.7702,1.0065,0.067267,2.2127,0.6389,69.86,2026-11-09,74,2026-08-07,20.0,yahoo,,,,,,,,,,-1.2879,-2.4701,1.1646,-5.6481,37.9489,43.4909,14.3,15.98,15.98,-8.8811,-18.4606,-18.4606
IRS,14.920000076293945,15.04,2026-08-26,True,14.779999732971191,15.100000381469727,-0.8,0.69,BAJO,1262404992.0,4.81,163.96,0.89,22.48,4.07,44.36,72.51,13651.79,3.93,0.45,0.6,5.0,YAHOO,1.312,1.7702,1.0065,0.067267,2.2127,0.6389,69.86,2026-09-01,5,,,yahoo,0.0,0.0,1.0,1.0,1.0,0.0,1.0,1.0,0.0,2.6135,1.084,-2.6745,0.7427,19.0857,37.3398,15.23,17.28,18.41,-2.0355,-13.6574,-18.9571
CRES,1791.0,1791.0,2026-08-26,True,1772.0,1820.0,0.0,31.93,BAJO,,,,,,,,,,,,,,YAHOO,1.312,1.7702,1.0065,0.067267,2.2127,0.6389,69.86,,999,,,none,,,,,,,,,,3.2872,6.8616,1.9932,-0.995,11.8118,34.6631,1800.0,1890.0,2120.0,-0.5,-5.2381,-15.5189
LOMA,9.670000076293945,9.65,2026-08-26,True,9.520000457763672,9.770000457763672,0.21,-1.1,BAJO,1128456448.0,38.68,12.57,1.3,3.82,2.68,5.99,5.13,-2998.75,1.61,0.24,2.25,5.0,YAHOO,1.312,1.7702,1.0065,0.067267,2.2127,0.6389,69.86,2026-11-05,70,2026-08-06,21.0,yahoo,1.0,0.0,1.0,1.0,0.0,1.0,1.0,0.0,0.0,3.7554,1.7895,-16.2771,-17.5618,30.7026,46.8623,11.48,12.59,13.12,-15.7665,-23.193,-26.2957
GLOB,40.16999816894531,38.79,2026-08-26,True,38.869998931884766,40.709999084472656,3.56,-44.85,BAJO,1734522624.0,15.69,6.41,0.81,5.48,4.67,4.86,4.63,,5.45,0.24,1.84,4.0,YAHOO,1.312,1.7702,1.0065,0.067267,2.2127,0.6389,69.86,2026-11-19,84,2026-08-13,14.0,yahoo,1.0,0.0,1.0,1.0,0.0,0.0,1.0,0.0,0.0,1.3626,-2.0005,33.5439,0.601,44.9544,65.2221,40.99,40.99,71.21,-2.0005,-2.0005,-43.5894
BBAR,14.600000381469727,14.92,2026-08-26,True,14.449999809265137,15.010000228881836,-2.14,16.57,BAJO,2981855744.0,15.53,13.28,1.15,7.15,1.16,14.41,7.13,,,,,4.0,YAHOO,1.312,1.7702,1.0065,0.067267,2.2127,0.6389,69.86,2026-08-27,0,,,yahoo,1.0,0.0,1.0,1.0,0.0,0.0,1.0,0.0,0.0,3.6932,-8.8639,-24.9878,-16.4196,47.5235,61.3818,18.91,21.7253,21.7253,-22.7922,-32.7973,-32.7973
LND,3.7100000381469727,3.71,2026-08-26,True,3.68149995803833,3.7300000190734863,0.0,-9.2,BAJO,,,,0.93,-0.7,-1.96,-7.33,-1.57,,-11.22,0.71,1.47,,YAHOO,1.312,1.7702,1.0065,0.067267,2.2127,0.6389,69.86,2026-09-03,7,,,finnhub,,,,,,,,,,-0.2688,3.6313,3.0556,-2.6247,13.1021,20.2304,3.79,3.8,4.37,-2.1108,-2.3684,-15.103
AGRO,10.6899995803833,11.08,2026-08-26,True,10.609999656677246,11.050000190734863,-3.52,23.99,BAJO,1542652160.0,28.13,8.57,0.89,3.69,2.47,17.0,3.0,-8.32,8.77,1.24,1.73,2.0,YAHOO,1.312,1.7702,1.0065,0.067267,2.2127,0.6389,69.86,2026-11-11,76,2026-08-11,16.0,yahoo,0.0,0.0,1.0,1.0,0.0,0.0,0.0,0.0,0.0,-2.2852,18.1215,10.6625,-15.3603,37.6054,52.2498,11.26,12.19,15.18,-5.0622,-12.3052,-29.5784
