Ticker,Precio,Cierre_Confirmado,Fecha_Cierre_Confirmado,Precio_Es_Intradiario,Low,High,Change (%),RS 20D,Credit Stress,Market Cap,P/E,Forward P/E,P/Book,ROE,ROA,Operating Margin,Net Margin,FCF Yield,EV/EBITDA,Debt/Equity,Current Ratio,Piotroski,Fund Source,Grain_IS,ZC_Surprise,ZS_Surprise,SPX_Quarterly_Divisor,SPX_ROC_63d,z_MOVE_inv,MOVE_price,Earnings_Next_Date,Earnings_Days_To_Next,Earnings_Last_Date,Earnings_Days_Since,Earnings_Source,piotroski_roa_positive,piotroski_d_roa,piotroski_cfo_positive,piotroski_cfo_gt_ni,piotroski_d_leverage,piotroski_d_liquidity,piotroski_no_dilution,piotroski_d_margin,piotroski_d_turnover,roc_5d,roc_10d,roc_42d,roc_63d,vol_5d,vol_60d,high_20d,high_60d,high_252d,drawdown_20d,drawdown_60d,drawdown_252d
^GSPC,7637.759765625,7637.7598,2026-09-17,False,7611.81005859375,7646.85986328125,1.14,2.46,BAJO,,,,,,,,,,,,,,NONE,-0.4442,-0.655,-0.3037,0.056637,2.9334,-0.0447,76.22,,999,,,none,,,,,,,,,,0.6067,-0.3762,2.6128,,12.6871,11.0625,7747.71,7798.9902,,-1.4191,-2.0673,
^DJI,51778.0390625,51778.0391,2026-09-17,False,51607.6484375,51935.96875,0.61,1.05,BAJO,,,,,,,,,,,,,,NONE,-0.4442,-0.655,-0.3037,0.056637,2.9334,-0.0447,76.22,,999,,,none,,,,,,,,,,-0.5494,-2.4196,-0.1181,,12.1211,11.7393,53686.1094,54349.1211,,-3.5541,-4.7307,
^IXIC,26418.298828125,26418.2988,2026-09-17,False,26289.943359375,26460.642578125,1.69,0.26,BAJO,,,,,,,,,,,,,,NONE,-0.4442,-0.655,-0.3037,0.056637,2.9334,-0.0447,76.22,,999,,,none,,,,,,,,,,1.2905,0.7646,3.5684,,17.7714,17.3944,26584.0605,26803.0293,,-0.6235,-1.4354,
^RUT,2874.629638671875,2874.6296,2026-09-17,False,2874.456787109375,2901.330810546875,0.55,-2.9,BAJO,,,,,,,,,,,,,,NONE,-0.4442,-0.655,-0.3037,0.056637,2.9334,-0.0447,76.22,,999,,,none,,,,,,,,,,-0.5645,-2.6595,-2.3042,,8.9342,13.1229,3017.8701,3068.4199,,-4.7464,-6.3156,
^VIX,15.4399995803833,15.44,2026-09-17,False,15.380000114440918,16.290000915527344,-12.82,-15.64,BAJO,,,,,,,,,,,,,,NONE,-0.4442,-0.655,-0.3037,0.056637,2.9334,-0.0447,76.22,,999,,,none,,,,,,,,,,-13.4529,7.8212,-9.4428,-5.8537,140.8779,102.1368,17.84,20.66,,-13.4529,-25.2662,
^MOVE,76.2177963256836,76.2178,2026-09-17,False,76.2177963256836,80.72760009765625,-5.59,17.19,BAJO,,,,,,,,,,,,,,NONE,-0.4442,-0.655,-0.3037,0.056637,2.9334,-0.0447,76.22,,999,,,none,,,,,,,,,,-7.1534,-4.3811,4.8965,,54.0625,68.8746,83.9,83.9,,-9.1564,-9.1564,
^TNX,4.947000026702881,4.947,2026-09-17,False,4.940999984741211,4.963000297546387,-1.18,11.48,BAJO,,,,,,,,,,,,,,NONE,-0.4442,-0.655,-0.3037,0.056637,2.9334,-0.0447,76.22,,999,,,none,,,,,,,,,,0.0607,3.1485,7.5903,10.8447,12.7301,13.1136,5.006,5.006,,-1.1786,-1.1786,
^IRX,3.9650001525878906,3.965,2026-09-17,False,3.9570000171661377,3.9650001525878906,-0.13,9.35,BAJO,,,,,,,,,,,,,,NONE,-0.4442,-0.655,-0.3037,0.056637,2.9334,-0.0447,76.22,,999,,,none,,,,,,,,,,3.1209,5.1167,7.0176,8.7195,5.507,11.589,3.97,3.97,,-0.1259,-0.1259,
DX-Y.NYB,100.23600006103516,100.236,2026-09-17,False,100.02200317382812,100.36699676513672,-0.07,0.78,BAJO,,,,,,,,,,,,,,NONE,-0.4442,-0.655,-0.3037,0.056637,2.9334,-0.0447,76.22,,999,,,none,,,,,,,,,,1.1565,0.679,-0.7466,0.1459,4.8774,4.649,100.31,101.61,,-0.0738,-1.3522,
^N225,63923.0,63923.0,2026-09-16,False,63209.921875,63923.0,0.69,-7.92,BAJO,,,,,,,,,,,,,,NONE,-0.4442,-0.655,-0.3037,0.056637,2.9334,-0.0447,76.22,,999,,,none,,,,,,,,,,-1.8725,-0.6259,-4.3578,-8.5537,17.8541,30.067,66405.5625,72366.3438,,-3.7385,-11.6675,
^MERV,3061511.75,3061511.75,2026-09-17,False,3028870.75,3080027.5,1.08,-6.37,BAJO,,,,,,,,,,,,,,NONE,-0.4442,-0.655,-0.3037,0.056637,2.9334,-0.0447,76.22,,999,,,none,,,,,,,,,,-3.0508,0.1118,-5.0297,-8.1567,17.8102,23.5763,3157852.0,3379772.0,,-3.0508,-9.4166,
^NYA,24089.552734375,24089.5527,2026-09-17,False,23934.14453125,24157.21484375,0.65,3.14,BAJO,,,,,,,,,,,,,,NONE,-0.4442,-0.655,-0.3037,0.056637,2.9334,-0.0447,76.22,,999,,,none,,,,,,,,,,-0.2116,-1.6574,1.774,,10.0145,8.3095,24768.6504,24821.6797,,-2.7418,-2.9495,
^HSI,24713.779296875,24713.7793,2026-09-16,False,24574.75,24789.91015625,0.19,2.28,BAJO,,,,,,,,,,,,,,NONE,-0.4442,-0.655,-0.3037,0.056637,2.9334,-0.0447,76.22,,999,,,none,,,,,,,,,,-2.2203,-2.3603,-1.7073,1.6519,10.7419,16.9222,26009.4609,26009.4609,,-4.9816,-4.9816,
^TWII,45848.8984375,45848.8984,2026-09-16,False,45546.55859375,46077.8203125,0.74,0.57,BAJO,,,,,,,,,,,,,,NONE,-0.4442,-0.655,-0.3037,0.056637,2.9334,-0.0447,76.22,,999,,,none,,,,,,,,,,-2.8282,-0.6841,8.0076,-0.0621,15.4853,32.5911,47326.2695,47326.2695,,-3.1217,-3.1217,
^KS11,6717.97021484375,6717.9702,2026-09-16,False,6598.8701171875,6717.97021484375,1.37,-23.58,BAJO,,,,,,,,,,,,,,NONE,-0.4442,-0.655,-0.3037,0.056637,2.9334,-0.0447,76.22,,999,,,none,,,,,,,,,,-4.7318,2.3656,-1.5047,-24.2127,30.7742,72.1181,7051.6401,8930.2998,,-4.7318,-24.7733,
^GDAXI,25537.75,25537.75,2026-09-16,False,25361.69921875,25599.0703125,0.53,3.05,BAJO,,,,,,,,,,,,,,NONE,-0.4442,-0.655,-0.3037,0.056637,2.9334,-0.0447,76.22,,999,,,none,,,,,,,,,,-0.1513,-1.1671,2.7813,2.209,9.627,12.8805,26569.9902,26569.9902,,-3.885,-3.885,
^FTSE,10816.1396484375,10816.1396,2026-09-17,False,10688.91015625,10823.0,1.19,3.56,BAJO,,,,,,,,,,,,,,NONE,-0.4442,-0.655,-0.3037,0.056637,2.9334,-0.0447,76.22,,999,,,none,,,,,,,,,,1.9534,-0.1418,2.7681,4.3696,10.1933,8.8182,10886.2002,10908.4004,,-0.6436,-0.8458,
^AEX,1096.1400146484375,1096.14,2026-09-16,False,1095.510009765625,1100.6300048828125,0.02,1.87,BAJO,,,,,,,,,,,,,,NONE,-0.4442,-0.655,-0.3037,0.056637,2.9334,-0.0447,76.22,,999,,,none,,,,,,,,,,-0.5218,-0.6823,0.5144,1.6677,4.9165,9.0295,1116.05,1119.59,,-1.784,-2.0945,
^IBEX,19635.80078125,19635.8008,2026-09-16,False,19557.69921875,19708.19921875,0.41,1.73,BAJO,,,,,,,,,,,,,,NONE,-0.4442,-0.655,-0.3037,0.056637,2.9334,-0.0447,76.22,,999,,,none,,,,,,,,,,-0.3021,-0.724,2.2331,1.4906,15.5709,13.0336,20098.5996,20213.5996,,-2.3026,-2.8585,
FTSEMIB.MI,51969.0,51969.0,2026-09-15,False,51685.0,52092.0,0.8,22.9,BAJO,,,,,,,,,,,,,,YAHOO,-0.4442,-0.655,-0.3037,0.056637,2.9334,-0.0447,76.22,,999,,,none,,,,,,,,,,0.1812,0.3418,0.2044,-1.6651,21.1316,13.1221,52883.0,53717.0,53717.0,-1.7283,-3.2541,-3.2541
^SSMI,13868.66015625,13868.6602,2026-09-16,False,13795.8603515625,13890.509765625,0.43,1.02,BAJO,,,,,,,,,,,,,,NONE,-0.4442,-0.655,-0.3037,0.056637,2.9334,-0.0447,76.22,,999,,,none,,,,,,,,,,0.4633,-3.4416,-2.7058,0.6871,8.4384,10.3076,14542.9004,14633.7002,,-4.6362,-5.2279,
^OMXC25,1882.893310546875,1882.8933,2026-09-17,False,1857.6923828125,1883.1982421875,1.7,8.59,BAJO,,,,,,,,,,,,,,NONE,-0.4442,-0.655,-0.3037,0.056637,2.9334,-0.0447,76.22,,999,,,none,,,,,,,,,,0.131,-1.3681,-0.6556,,16.0388,13.8524,1935.0699,1935.0699,,-2.6964,-2.6964,
^GSPTSE,35874.26171875,35874.2617,2026-09-17,False,35724.62109375,35920.12890625,1.08,2.76,BAJO,,,,,,,,,,,,,,NONE,-0.4442,-0.655,-0.3037,0.056637,2.9334,-0.0447,76.22,,999,,,none,,,,,,,,,,1.0363,-0.6022,1.7308,2.1328,10.372,10.5094,36957.6016,36957.6016,,-2.9313,-2.9313,
^AXJO,8696.5,8696.5,2026-09-16,False,8668.099609375,8705.599609375,0.28,-2.38,BAJO,,,,,,,,,,,,,,NONE,-0.4442,-0.655,-0.3037,0.056637,2.9334,-0.0447,76.22,,999,,,none,,,,,,,,,,-2.4115,-3.1398,-1.0783,-1.4974,9.908,9.4144,9164.5996,9271.5996,,-5.1077,-6.2028,
^MXX,63873.3203125,63873.3203,2026-09-17,False,63464.9609375,63979.4296875,0.58,-5.86,BAJO,,,,,,,,,,,,,,NONE,-0.4442,-0.655,-0.3037,0.056637,2.9334,-0.0447,76.22,,999,,,none,,,,,,,,,,-1.4528,-1.5581,-3.4019,-5.6599,12.3388,12.2048,66293.0703,67640.5938,,-3.6501,-5.5695,
^BVSP,185992.03125,185992.0312,2026-09-17,False,183242.375,186885.234375,0.24,11.04,BAJO,,,,,,,,,,,,,,NONE,-0.4442,-0.655,-0.3037,0.056637,2.9334,-0.0447,76.22,,999,,,none,,,,,,,,,,-1.2094,0.425,7.2798,10.3313,10.6017,17.226,188269.0,188269.0,,-1.2094,-1.2094,
HYG,78.72000122070312,78.72,2026-09-17,False,78.65499877929688,78.75,0.38,3.67,BAJO,,,,,,,,,,,,,,YAHOO,-0.4442,-0.655,-0.3037,0.056637,2.9334,-0.0447,76.22,,999,,,none,,,,,,,,,,0.1272,-0.493,-0.1811,0.2187,3.9684,2.7948,79.4844,79.4844,79.4844,-0.9617,-0.9617,-0.9617
LQD,105.16000366210938,105.16,2026-09-17,False,104.8949966430664,105.16000366210938,0.68,-1.12,BAJO,,,,,,,,,,,,,,YAHOO,-0.4442,-0.655,-0.3037,0.056637,2.9334,-0.0447,76.22,,999,,,none,,,,,,,,,,0.7666,-0.1803,-1.0185,-2.15,5.2458,5.3968,106.4133,108.3896,108.7168,-1.1777,-2.9796,-3.2716
TLT,81.77999877929688,81.78,2026-09-17,False,81.41999816894531,81.79000091552734,1.11,-4.46,BAJO,,,-4089.0,0.55,,,,,,,,,,YAHOO,-0.4442,-0.655,-0.3037,0.056637,2.9334,-0.0447,76.22,,999,,,none,,,,,,,,,,1.2379,-0.2074,-1.7474,-4.1718,9.3699,9.3551,83.1514,86.4474,88.4493,-1.6493,-5.3991,-7.5402
GC=F,4381.2998046875,4381.2998,2026-09-17,False,4380.5,4384.10009765625,-0.14,0.63,BAJO,,,,,,,,,,,,,,NONE,-0.4442,-0.655,-0.3037,0.056637,2.9334,-0.0447,76.22,,999,,,none,,,,,,,,,,-0.5899,-0.7543,9.0988,-0.0023,16.8615,21.7777,4697.7998,4697.7998,,-6.7372,-6.7372,
HG=F,6.614999771118164,6.615,2026-09-17,False,6.608500003814697,6.61899995803833,2.85,2.69,BAJO,,,,,,,,,,,,,,NONE,-0.4442,-0.655,-0.3037,0.056637,2.9334,-0.0447,76.22,,999,,,none,,,,,,,,,,2.2885,1.7536,5.0167,2.0597,32.819,22.9086,6.8035,6.8035,,-2.7706,-2.7706,
CL=F,101.25,101.25,2026-09-17,False,100.87999725341797,101.2699966430664,-1.15,32.49,BAJO,,,,,,,,,,,,,,NONE,-0.4442,-0.655,-0.3037,0.056637,2.9334,-0.0447,76.22,,999,,,none,,,,,,,,,,-1.2002,11.2515,21.6508,31.8531,51.9762,50.6127,105.83,105.83,,-4.3277,-4.3277,
ZS=F,1319.5,1319.5,2026-09-17,False,1312.0,1331.75,-0.08,17.2,BAJO,,,,,,,,,,,,,,NONE,-0.4442,-0.655,-0.3037,0.056637,2.9334,-0.0447,76.22,,999,,,none,,,,,,,,,,0.266,1.3635,7.6264,16.5636,19.738,20.7564,1320.5,1320.5,,-0.0757,-0.0757,
ZC=F,531.0,531.0,2026-09-17,False,527.0,536.75,-0.61,26.76,BAJO,,,,,,,,,,,,,,NONE,-0.4442,-0.655,-0.3037,0.056637,2.9334,-0.0447,76.22,,999,,,none,,,,,,,,,,3.3074,2.3614,18.1313,26.1283,38.7703,26.3556,535.75,535.75,,-0.8866,-0.8866,
BTC-USD,76200.671875,76200.6719,2026-09-17,False,75951.203125,76968.7890625,0.07,-33.94,BAJO,1530916765696.0,,,,,,,,,,,,,YAHOO,-0.4442,-0.655,-0.3037,0.056637,2.9334,-0.0447,76.22,,999,,,none,,,,,,,,,,-1.3845,-3.6847,18.5779,19.4569,34.2812,32.6967,81271.7422,81271.7422,96929.3281,-6.2396,-6.2396,-21.3853
ETH-USD,2436.2099609375,2436.21,2026-09-17,False,2413.95751953125,2477.4013671875,0.83,-46.32,BAJO,297499394048.0,,,,,,,,,,,,,YAHOO,-0.4442,-0.655,-0.3037,0.056637,2.9334,-0.0447,76.22,,999,,,none,,,,,,,,,,-3.5525,-2.1979,28.0829,30.7545,44.8239,49.3236,2525.9446,2525.9446,3354.7227,-3.5525,-3.5525,-27.3797
IBIT,43.29999923706055,43.3,2026-09-17,False,42.95500183105469,43.61000061035156,0.6,-33.43,BAJO,,,,,,,,,,,,,,YAHOO,-0.4442,-0.655,-0.3037,0.056637,2.9334,-0.0447,76.22,,999,,,none,,,,,,,,,,-0.87,-1.119,17.376,19.0869,39.2427,36.018,46.35,46.35,71.29,-6.5804,-6.5804,-39.2622
SPY,762.5999755859375,762.6,2026-09-17,False,759.9600219726562,763.5700073242188,1.13,17.6,BAJO,,24.64,,1.78,,,,,,,,,,YAHOO,-0.4442,-0.655,-0.3037,0.056637,2.9334,-0.0447,76.22,,999,,,none,,,,,,,,,,0.6294,-0.3346,2.7638,3.1857,12.5611,11.4063,773.17,777.88,777.88,-1.3671,-1.9643,-1.9643
QQQ,716.9199829101562,716.92,2026-09-17,False,713.3200073242188,718.0401000976562,1.73,22.73,BAJO,,29.22,,2.0,,,,,,,,,,YAHOO,-0.4442,-0.655,-0.3037,0.056637,2.9334,-0.0447,76.22,,999,,,none,,,,,,,,,,1.1613,1.0828,2.9969,-0.6646,18.4176,20.3975,721.11,736.4,745.3409,-0.581,-2.6453,-3.8131
DIA,518.3499755859375,518.35,2026-09-17,False,516.5599975585938,520.6699829101562,0.61,14.73,BAJO,,21.05,,,,,,,,,,,,YAHOO,-0.4442,-0.655,-0.3037,0.056637,2.9334,-0.0447,76.22,,999,,,none,,,,,,,,,,-0.4609,-2.3124,0.1621,0.7831,11.7584,11.6548,536.93,542.3603,542.3603,-3.4604,-4.427,-4.427
IWM,285.42999267578125,285.43,2026-09-17,False,285.2799987792969,288.2799987792969,0.53,21.33,BAJO,,16.8,,1.31,,,,,,,,,,YAHOO,-0.4442,-0.655,-0.3037,0.056637,2.9334,-0.0447,76.22,,999,,,none,,,,,,,,,,-0.5299,-2.6647,-2.0986,-1.278,8.4773,13.0386,299.1786,304.2953,304.2953,-4.5955,-6.1997,-6.1997
GLD,398.3599853515625,398.36,2026-09-17,False,398.0400085449219,401.42999267578125,1.69,18.85,BAJO,,,,2.34,,,,,,,,,,YAHOO,-0.4442,-0.655,-0.3037,0.056637,2.9334,-0.0447,76.22,,999,,,none,,,,,,,,,,0.5046,-1.0974,8.3678,2.5116,21.5932,24.0418,428.07,428.07,495.9,-6.9405,-6.9405,-19.6693
SLV,58.970001220703125,58.97,2026-09-17,False,58.88999938964844,59.744998931884766,3.37,56.68,BAJO,,,,,,,,,,,,,,YAHOO,-0.4442,-0.655,-0.3037,0.056637,2.9334,-0.0447,76.22,,999,,,none,,,,,,,,,,2.5565,-0.1693,15.6728,-2.7058,38.6151,37.5204,62.77,62.77,105.6,-6.0538,-6.0538,-44.1572
XLY,111.38999938964844,111.39,2026-09-17,False,111.17259979248047,112.23999786376953,1.1,-6.43,BAJO,,24.34,,,,,,,,,,,,YAHOO,-0.4442,-0.655,-0.3037,0.056637,2.9334,-0.0447,76.22,,999,,,none,,,,,,,,,,-0.5091,-3.0211,-2.8095,-3.3579,18.7562,20.2103,118.3,119.86,124.0232,-5.8411,-7.0666,-10.1862
XLV,168.80999755859375,168.81,2026-09-17,False,167.77000427246094,169.10000610351562,0.62,25.82,BAJO,,30.16,,,,,,,,,,,,YAHOO,-0.4442,-0.655,-0.3037,0.056637,2.9334,-0.0447,76.22,,999,,,none,,,,,,,,,,1.9015,-2.3938,6.0031,12.5038,10.8512,19.3703,175.29,175.68,175.68,-3.6967,-3.9105,-3.9105
XLRE,42.939998626708984,42.94,2026-09-17,False,42.845001220703125,43.16999816894531,0.3,6.32,BAJO,,30.6,,,,,,,,,,,,YAHOO,-0.4442,-0.655,-0.3037,0.056637,2.9334,-0.0447,76.22,,999,,,none,,,,,,,,,,-0.2555,-1.8065,-5.063,-1.4868,7.3387,13.6122,45.36,46.01,46.01,-5.3351,-6.6725,-6.6725
XLK,188.05999755859375,188.06,2026-09-17,False,186.72999572753906,188.52499389648438,2.25,39.93,BAJO,,33.29,,,,,,,,,,,,YAHOO,-0.4442,-0.655,-0.3037,0.056637,2.9334,-0.0447,76.22,,999,,,none,,,,,,,,,,1.5333,2.4292,7.0286,1.337,26.5408,28.629,188.61,190.77,197.974,-0.2916,-1.4206,-5.0077
XLI,169.00999450683594,169.01,2026-09-17,False,168.66000366210938,171.50999450683594,0.18,13.9,BAJO,,27.44,,1.72,,,,,,,,,,YAHOO,-0.4442,-0.655,-0.3037,0.056637,2.9334,-0.0447,76.22,,999,,,none,,,,,,,,,,-0.903,-2.182,-5.1145,-5.6649,11.1858,16.0191,180.34,186.51,186.51,-6.2826,-9.3829,-9.3829
XLF,55.880001068115234,55.88,2026-09-17,False,55.560001373291016,56.38999938964844,-0.09,5.56,BAJO,,15.85,,1.64,,,,,,,,,,YAHOO,-0.4442,-0.655,-0.3037,0.056637,2.9334,-0.0447,76.22,,999,,,none,,,,,,,,,,-1.7408,-3.0871,-0.2855,3.7479,10.9408,13.1113,58.56,58.56,58.56,-4.5765,-4.5765,-4.5765
XLE,64.4800033569336,64.48,2026-09-17,False,63.459999084472656,64.5199966430664,0.7,48.4,BAJO,,17.89,,1.24,,,,,,,,,,YAHOO,-0.4442,-0.655,-0.3037,0.056637,2.9334,-0.0447,76.22,,999,,,none,,,,,,,,,,-0.693,-0.9524,11.2875,18.7946,34.4871,21.2387,65.93,65.93,65.93,-2.1993,-2.1993,-2.1993
XLC,112.3499984741211,112.35,2026-09-17,False,112.20999908447266,113.93000030517578,-0.58,-3.63,BAJO,,15.5,,,,,,,,,,,,YAHOO,-0.4442,-0.655,-0.3037,0.056637,2.9334,-0.0447,76.22,,999,,,none,,,,,,,,,,0.7623,-0.0623,1.3989,3.1523,23.8411,19.7504,115.07,115.07,119.3874,-2.3638,-2.3638,-5.8946
XLB,50.709999084472656,50.71,2026-09-17,False,50.52000045776367,51.0099983215332,0.69,14.28,BAJO,,23.66,,0.64,,,,,,,,,,YAHOO,-0.4442,-0.655,-0.3037,0.056637,2.9334,-0.0447,76.22,,999,,,none,,,,,,,,,,-0.0985,-4.2304,1.3592,-2.1538,12.9703,17.399,53.67,53.67,53.67,-5.5152,-5.5152,-5.5152
XLP,83.48999786376953,83.49,2026-09-17,False,83.00499725341797,83.71499633789062,0.19,7.57,BAJO,,24.7,,1.22,,,,,,,,,,YAHOO,-0.4442,-0.655,-0.3037,0.056637,2.9334,-0.0447,76.22,,999,,,none,,,,,,,,,,0.4814,-2.3851,-1.6144,0.4652,14.444,16.2697,87.45,87.45,88.8894,-4.5283,-4.5283,-6.0743
XLU,41.689998626708984,41.69,2026-09-17,False,41.31999969482422,41.755001068115234,0.9,2.24,BAJO,,18.77,,0.65,,,,,,,,,,YAHOO,-0.4442,-0.655,-0.3037,0.056637,2.9334,-0.0447,76.22,,999,,,none,,,,,,,,,,-1.952,-2.2967,-7.2319,-5.6316,16.8076,14.4672,43.77,46.29,47.0979,-4.7521,-9.9374,-11.4822
PSQ,25.860000610351562,25.86,2026-09-17,False,25.820100784301758,25.998600006103516,-1.75,-15.23,BAJO,,,,,,,,,,,,,,YAHOO,-0.4442,-0.655,-0.3037,0.056637,2.9334,-0.0447,76.22,,999,,,none,,,,,,,,,,-1.1468,-0.9575,-2.4887,1.1999,18.7136,20.5288,26.32,27.91,33.0172,-1.7477,-7.345,-21.6771
EWZ,37.7400016784668,37.74,2026-09-17,False,36.85499954223633,37.88999938964844,0.69,28.09,BAJO,,10.98,,1.03,,,,,,,,,,YAHOO,-0.4442,-0.655,-0.3037,0.056637,2.9334,-0.0447,76.22,,999,,,none,,,,,,,,,,-2.1266,-0.9189,6.3698,10.642,13.9246,22.0518,38.61,38.61,41.3365,-2.2533,-2.2533,-8.7005
FXI,34.189998626708984,34.19,2026-09-17,False,34.1150016784668,34.27000045776367,0.8,-15.7,BAJO,,9.06,,,,,,,,,,,,YAHOO,-0.4442,-0.655,-0.3037,0.056637,2.9334,-0.0447,76.22,,999,,,none,,,,,,,,,,-0.4658,-3.7985,-2.4258,1.6047,20.5467,17.667,35.88,36.52,40.9939,-4.7102,-6.3801,-16.5973
COPX,86.61000061035156,86.61,2026-09-17,False,86.0999984741211,87.23999786376953,2.87,68.35,BAJO,,15.93,,,,,,,,,,,,YAHOO,-0.4442,-0.655,-0.3037,0.056637,2.9334,-0.0447,76.22,,999,,,none,,,,,,,,,,-2.2571,-3.6596,17.2624,0.1663,40.6248,42.4609,96.45,96.45,96.45,-10.2022,-10.2022,-10.2022
URA,42.68000030517578,42.68,2026-09-17,False,42.16999816894531,43.0,3.17,1.01,BAJO,,26.88,,,,,,,,,,,,YAHOO,-0.4442,-0.655,-0.3037,0.056637,2.9334,-0.0447,76.22,,999,,,none,,,,,,,,,,-5.1556,-3.7004,10.3698,-9.3843,41.5393,43.9359,48.37,48.37,61.81,-11.7635,-11.7635,-30.9497
ARKK,86.91999816894531,86.92,2026-09-17,False,85.04000091552734,87.16500091552734,4.5,8.38,BAJO,,56.1,,,,,,,,,,,,YAHOO,-0.4442,-0.655,-0.3037,0.056637,2.9334,-0.0447,76.22,,999,,,none,,,,,,,,,,4.6472,4.2331,15.9706,10.7402,41.2412,37.6124,87.38,87.38,92.53,-0.5264,-0.5264,-6.0629
ITA,213.8800048828125,213.88,2026-09-17,False,213.0800018310547,217.74000549316406,-0.65,7.56,BAJO,,32.47,,,,,,,,,,,,YAHOO,-0.4442,-0.655,-0.3037,0.056637,2.9334,-0.0447,76.22,,999,,,none,,,,,,,,,,-1.9201,-4.1376,-6.6045,-11.8053,12.6867,21.4397,237.2849,252.9268,252.9268,-9.8636,-15.438,-15.438
SMH,560.6099853515625,560.61,2026-09-17,False,557.560791015625,561.7694091796875,2.76,84.86,BAJO,,38.29,,,,,,,,,,,,YAHOO,-0.4442,-0.655,-0.3037,0.056637,2.9334,-0.0447,76.22,,999,,,none,,,,,,,,,,0.0589,1.8402,0.3185,-10.1543,50.4027,43.848,574.29,655.89,668.91,-2.3821,-14.5268,-16.1905
EEM,66.91000366210938,66.91,2026-09-17,False,66.70880126953125,67.07499694824219,1.81,28.72,BAJO,,14.23,,,,,,,,,,,,YAHOO,-0.4442,-0.655,-0.3037,0.056637,2.9334,-0.0447,76.22,,999,,,none,,,,,,,,,,-0.1343,-0.3574,5.2706,-2.4066,29.5583,25.0507,68.83,68.83,71.21,-2.7895,-2.7895,-6.0385
AAPL,337.0,337.0,2026-09-17,False,330.1936950683594,338.3399963378906,1.38,42.16,BAJO,4918238773248.0,38.69,35.15,45.79,148.75,27.08,32.62,27.62,2.19,29.01,0.78,1.0,8.0,YAHOO,-0.4442,-0.655,-0.3037,0.056637,2.9334,-0.0447,76.22,2026-10-29,42,,,yahoo,1.0,1.0,1.0,0.0,1.0,1.0,1.0,1.0,1.0,3.1938,3.7051,3.2765,13.9688,12.4171,32.3824,337.0,339.7869,339.7869,0.0,-0.8202,-0.8202
MSFT,497.75,497.75,2026-09-17,False,493.2749938964844,501.4700012207031,1.52,-0.97,BAJO,3696065511424.0,27.75,21.1,8.36,34.04,14.09,45.11,40.3,0.45,19.01,0.29,1.23,6.0,YAHOO,-0.4442,-0.655,-0.3037,0.056637,2.9334,-0.0447,76.22,2026-10-28,41,,,yahoo,1.0,1.0,1.0,1.0,1.0,0.0,1.0,0.0,0.0,1.0783,0.1872,23.9621,31.6109,30.0043,42.6082,513.53,513.53,537.6464,-3.0729,-3.0729,-7.4206
NVDA,219.33999633789062,219.34,2026-09-17,False,217.14500427246094,219.89999389648438,2.54,29.74,BAJO,5296402989056.0,27.73,14.05,23.13,117.21,53.57,66.24,63.66,0.79,25.5,0.17,4.59,4.0,YAHOO,-0.4442,-0.655,-0.3037,0.056637,2.9334,-0.0447,76.22,2026-11-17,61,2026-08-26,22.0,yahoo,1.0,0.0,1.0,0.0,1.0,0.0,1.0,0.0,0.0,0.4488,-2.1499,8.0212,7.298,39.5857,40.0413,230.1025,230.1025,235.2024,-4.6773,-4.6773,-6.7441
META,682.3099975585938,682.31,2026-09-17,False,667.0499877929688,683.2000122070312,1.34,-11.12,BAJO,1738188914688.0,25.72,19.52,6.66,29.85,14.59,34.83,29.83,1.24,15.84,0.43,2.23,5.0,YAHOO,-0.4442,-0.655,-0.3037,0.056637,2.9334,-0.0447,76.22,2026-10-28,41,,,yahoo,1.0,0.0,1.0,1.0,0.0,0.0,1.0,1.0,0.0,5.8863,15.0898,5.6453,20.2139,16.0467,45.7859,682.31,682.31,777.7011,0.0,0.0,-12.2658
GOOGL,347.3299865722656,347.33,2026-09-17,False,343.8857116699219,349.5,1.3,40.19,BAJO,4247823319040.0,17.44,23.38,6.82,48.68,12.96,34.03,54.77,0.53,23.62,0.19,2.72,6.0,YAHOO,-0.4442,-0.655,-0.3037,0.056637,2.9334,-0.0447,76.22,2026-10-28,41,,,yahoo,1.0,0.0,1.0,1.0,0.0,1.0,1.0,1.0,0.0,4.4287,3.0948,-1.2605,-4.4632,32.093,35.6032,349.39,377.4074,402.1212,-0.5896,-7.9695,-13.6255
AMZN,251.19000244140625,251.19,2026-09-17,False,249.24000549316406,252.72999572753906,2.13,9.08,BAJO,2709413953536.0,20.22,24.21,4.91,30.56,6.59,13.69,17.44,0.12,16.47,0.46,1.03,6.0,YAHOO,-0.4442,-0.655,-0.3037,0.056637,2.9334,-0.0447,76.22,2026-10-29,42,,,yahoo,1.0,1.0,1.0,1.0,1.0,0.0,0.0,1.0,0.0,-0.2779,-1.4864,0.48,5.7642,29.0143,43.1395,266.43,284.02,284.02,-5.7201,-11.559,-11.559
TSLA,366.20001220703125,366.2,2026-09-17,False,363.2200012207031,374.1199951171875,2.27,-13.38,BAJO,1446324338688.0,342.24,166.64,16.65,4.67,1.93,1.41,3.67,0.33,129.01,0.18,1.94,5.0,YAHOO,-0.4442,-0.655,-0.3037,0.056637,2.9334,-0.0447,76.22,2026-10-21,34,,,yahoo,1.0,0.0,1.0,1.0,0.0,1.0,0.0,1.0,0.0,0.7262,2.5742,-0.9119,-7.6139,27.3134,56.5292,376.37,425.3,489.88,-2.7021,-13.8961,-25.247
MSTR,132.25,132.25,2026-09-17,False,127.81999969482422,133.4199981689453,4.81,-59.26,BAJO,52540502016.0,,2.67,1.59,-63.56,-38.73,-6808.11,0.0,-42.99,-1.85,0.15,5.39,3.0,YAHOO,-0.4442,-0.655,-0.3037,0.056637,2.9334,-0.0447,76.22,2026-10-29,42,,,yahoo,0.0,0.0,0.0,1.0,1.0,1.0,0.0,0.0,0.0,2.8703,7.3545,35.1973,13.4609,81.5359,86.7345,144.82,144.82,359.69,-8.6797,-8.6797,-63.2322
PLTR,176.24000549316406,176.24,2026-09-17,False,172.60699462890625,177.8800048828125,1.09,5.33,BAJO,423515029504.0,150.63,75.87,43.32,38.1,17.29,47.12,49.01,0.51,153.93,0.02,7.23,8.0,YAHOO,-0.4442,-0.655,-0.3037,0.056637,2.9334,-0.0447,76.22,2026-11-02,46,,,yahoo,1.0,1.0,1.0,1.0,1.0,1.0,0.0,1.0,1.0,6.2583,4.0009,30.6934,34.9154,26.8311,80.4988,186.38,186.38,207.18,-5.4405,-5.4405,-14.9339
SNOW,338.3900146484375,338.39,2026-09-17,False,328.77398681640625,344.6600036621094,2.23,55.89,BAJO,119383998464.0,,112.27,55.48,-48.06,-9.02,-17.0,-20.07,1.46,-112.98,1.29,0.94,5.0,YAHOO,-0.4442,-0.655,-0.3037,0.056637,2.9334,-0.0447,76.22,2026-12-02,76,2026-09-02,15.0,yahoo,0.0,0.0,1.0,1.0,1.0,0.0,0.0,1.0,1.0,2.6295,10.6428,23.3469,44.2905,38.9029,52.3683,356.47,356.47,356.47,-5.072,-5.072,-5.072
CRWD,245.6999969482422,245.7,2026-09-17,False,233.19000244140625,250.32000732421875,1.8,121.24,BAJO,251580792832.0,4914.0,153.0,49.31,1.46,-0.78,-2.26,0.83,0.79,2273.8,0.16,1.57,4.0,YAHOO,-0.4442,-0.655,-0.3037,0.056637,2.9334,-0.0447,76.22,2026-12-01,75,2026-08-26,22.0,yahoo,0.0,0.0,1.0,1.0,1.0,1.0,0.0,0.0,0.0,17.6386,20.7846,23.7846,43.903,101.0748,74.3364,245.7,245.7,245.7,0.0,0.0,0.0
PANW,375.05999755859375,375.06,2026-09-17,False,360.6600036621094,383.1199951171875,-0.16,85.28,BAJO,306799083520.0,914.78,76.87,11.12,1.74,1.4,5.4,2.67,1.38,196.65,0.09,0.87,3.0,YAHOO,-0.4442,-0.655,-0.3037,0.056637,2.9334,-0.0447,76.22,2026-11-19,63,2026-09-01,16.0,yahoo,1.0,0.0,1.0,1.0,0.0,0.0,0.0,0.0,0.0,10.8039,14.1805,7.5718,32.9387,103.17,63.9131,382.85,396.0,396.0,-2.0347,-5.2879,-5.2879
ADBE,252.6699981689453,252.67,2026-09-17,False,245.4010009765625,252.83999633789062,0.87,-29.58,BAJO,100436320256.0,14.11,9.13,8.48,61.9,19.73,34.82,28.05,9.09,10.26,0.57,0.77,7.0,YAHOO,-0.4442,-0.655,-0.3037,0.056637,2.9334,-0.0447,76.22,2026-12-09,83,2026-09-10,7.0,yahoo,1.0,1.0,1.0,1.0,0.0,0.0,1.0,1.0,1.0,1.5432,-9.693,7.6382,28.7294,61.7915,49.193,292.79,292.79,367.46,-13.7027,-13.7027,-31.2388
CRM,242.85000610351562,242.85,2026-09-17,False,241.52000427246094,246.9149932861328,-3.07,1.57,BAJO,199865548800.0,22.24,15.17,5.21,19.38,5.7,21.38,21.99,8.87,18.39,1.1,0.84,7.0,YAHOO,-0.4442,-0.655,-0.3037,0.056637,2.9334,-0.0447,76.22,2026-12-02,76,2026-08-26,22.0,yahoo,1.0,1.0,1.0,1.0,0.0,0.0,1.0,1.0,1.0,-0.0617,-5.4801,39.7376,56.6572,55.8071,62.9542,264.43,264.43,264.8822,-8.1609,-8.1609,-8.3177
MU,977.5,977.5,2026-09-17,False,953.5,986.2000122070312,5.5,512.59,BAJO,1103981838336.0,22.12,6.24,10.96,66.64,34.87,80.37,55.91,0.69,15.05,0.06,3.42,7.0,YAHOO,-0.4442,-0.655,-0.3037,0.056637,2.9334,-0.0447,76.22,2026-09-30,13,,,yahoo,1.0,1.0,1.0,1.0,1.0,0.0,0.0,1.0,1.0,0.0092,2.2404,12.9457,-6.2826,69.7552,87.797,1027.77,1213.3734,1213.3734,-4.8912,-19.4395,-19.4395
INTC,108.80000305175781,108.8,2026-09-17,False,104.69999694824219,111.37000274658203,7.67,337.58,BAJO,575128272896.0,,52.76,6.27,-10.71,1.41,12.19,-19.79,0.85,32.43,0.49,1.6,6.0,YAHOO,-0.4442,-0.655,-0.3037,0.056637,2.9334,-0.0447,76.22,2026-10-22,35,,,yahoo,0.0,1.0,1.0,1.0,1.0,1.0,0.0,1.0,0.0,8.453,20.8218,12.0956,-10.1569,90.2909,73.7603,108.8,139.63,140.94,0.0,-22.0798,-22.804
AMAT,417.3999938964844,417.4,2026-09-17,False,413.55999755859375,428.5400085449219,0.49,136.25,BAJO,331247550464.0,36.01,22.62,12.93,41.07,15.48,33.74,30.05,0.93,32.27,0.29,2.42,6.0,YAHOO,-0.4442,-0.655,-0.3037,0.056637,2.9334,-0.0447,76.22,2026-11-12,56,,,yahoo,1.0,0.0,1.0,1.0,0.0,1.0,1.0,1.0,0.0,-8.0637,-4.8032,-20.5162,-29.5274,53.303,77.9139,496.21,722.2277,722.2277,-15.8824,-42.2066,-42.2066
TXN,258.1400146484375,258.14,2026-09-17,False,257.0950012207031,266.82000732421875,-0.97,47.51,BAJO,235745771520.0,39.29,24.25,13.09,35.18,13.06,42.58,31.11,1.5,25.75,0.78,4.86,7.0,YAHOO,-0.4442,-0.655,-0.3037,0.056637,2.9334,-0.0447,76.22,2026-10-27,40,,,yahoo,1.0,1.0,1.0,1.0,0.0,1.0,1.0,0.0,1.0,-0.2627,1.3108,-8.6628,-14.0514,12.7718,38.7264,268.7,310.2216,330.5874,-3.93,-16.7885,-21.9147
TSM,430.260009765625,430.26,2026-09-17,False,423.3900146484375,430.5299987792969,3.0,66.09,BAJO,2231532257280.0,31.99,19.62,88.05,39.97,19.0,60.34,49.92,32.75,4.71,0.17,2.46,9.0,YAHOO,-0.4442,-0.655,-0.3037,0.056637,2.9334,-0.0447,76.22,2026-10-15,28,,,yahoo,1.0,1.0,1.0,1.0,1.0,1.0,1.0,1.0,1.0,0.7907,3.8302,7.237,-0.1702,44.8057,40.9496,437.8254,476.2923,476.2923,-1.728,-9.6647,-9.6647
AMD,545.0900268554688,545.09,2026-09-17,False,527.6500244140625,551.4199829101562,6.36,243.11,BAJO,889845841920.0,139.77,35.01,13.23,10.2,5.13,17.25,15.58,0.99,86.57,0.06,2.61,7.0,YAHOO,-0.4442,-0.655,-0.3037,0.056637,2.9334,-0.0447,76.22,2026-11-03,47,,,yahoo,1.0,1.0,1.0,1.0,0.0,1.0,0.0,1.0,1.0,8.2387,19.2601,8.2451,6.3632,70.3546,69.5178,545.09,580.91,580.91,0.0,-6.1662,-6.1662
ASML,1629.6700439453125,1629.67,2026-09-17,False,1614.14501953125,1638.699951171875,1.71,88.69,BAJO,625956290560.0,55.58,27.31,1374.36,53.94,16.45,37.06,30.11,1.35,2534.33,0.09,1.33,8.0,YAHOO,-0.4442,-0.655,-0.3037,0.056637,2.9334,-0.0447,76.22,2026-10-14,27,,,yahoo,1.0,1.0,1.0,1.0,1.0,0.0,1.0,1.0,1.0,-3.423,-3.1285,-6.1668,-12.6378,66.9666,48.0373,1764.85,1986.8704,1986.8704,-7.6596,-17.978,-17.978
MRVL,240.75999450683594,240.76,2026-09-17,False,240.0,247.88999938964844,4.81,240.55,BAJO,216372117504.0,79.99,35.61,11.57,16.52,4.12,16.68,27.93,1.11,71.14,0.29,3.17,8.0,YAHOO,-0.4442,-0.655,-0.3037,0.056637,2.9334,-0.0447,76.22,2026-12-01,75,2026-08-27,21.0,yahoo,1.0,1.0,1.0,0.0,1.0,1.0,1.0,1.0,1.0,6.0804,16.6021,23.5047,-16.8269,86.9617,87.5301,251.01,297.8165,316.352,-4.0835,-19.1583,-23.8949
QCOM,188.7100067138672,188.71,2026-09-17,False,187.76010131835938,191.89999389648438,2.09,17.2,BAJO,201553707008.0,21.59,18.49,7.21,33.75,11.61,18.53,21.01,5.08,16.76,0.55,2.02,6.0,YAHOO,-0.4442,-0.655,-0.3037,0.056637,2.9334,-0.0447,76.22,2026-10-29,42,,,yahoo,1.0,0.0,1.0,1.0,0.0,1.0,1.0,0.0,1.0,6.6882,11.6363,11.4003,-10.909,43.3377,43.6795,188.71,203.7909,248.7425,0.0,-7.4002,-24.1344
COIN,173.97000122070312,173.97,2026-09-17,False,165.73269653320312,174.14999389648438,5.75,-45.1,BAJO,45899710464.0,,61.42,3.51,-7.85,1.12,-13.92,-16.34,5.81,59.01,0.51,2.42,4.0,YAHOO,-0.4442,-0.655,-0.3037,0.056637,2.9334,-0.0447,76.22,2026-10-29,42,,,yahoo,1.0,0.0,1.0,1.0,0.0,1.0,0.0,0.0,0.0,0.981,-0.5658,8.4398,5.4875,141.9545,77.5334,192.7,192.7,387.27,-9.7198,-9.7198,-55.0779
SHOP,128.60000610351562,128.6,2026-09-17,False,127.63999938964844,130.63999938964844,-1.05,-12.4,BAJO,166878396416.0,86.89,52.48,13.07,15.54,10.19,17.55,14.53,0.95,67.83,0.01,5.35,5.0,YAHOO,-0.4442,-0.655,-0.3037,0.056637,2.9334,-0.0447,76.22,2026-11-03,47,,,yahoo,1.0,0.0,1.0,1.0,0.0,1.0,0.0,0.0,1.0,1.5798,-9.3536,3.3098,18.9749,46.5909,63.1337,154.33,158.53,179.01,-16.6721,-18.8797,-28.1604
RBLX,47.5,47.5,2026-09-17,False,46.849998474121094,48.790000915527344,0.15,-64.28,BAJO,33932857344.0,,-38.13,223.0,-432.28,-7.73,-13.27,-17.61,4.35,-38.74,14.23,0.82,6.0,YAHOO,-0.4442,-0.655,-0.3037,0.056637,2.9334,-0.0447,76.22,2026-10-29,42,,,yahoo,0.0,1.0,1.0,1.0,1.0,0.0,0.0,1.0,1.0,5.8378,15.2633,-10.7981,-1.0829,126.5269,83.163,51.29,57.95,141.56,-7.3894,-18.0328,-66.4453
UBER,70.87000274658203,70.87,2026-09-17,False,70.23999786376953,71.64099884033203,-0.14,-23.12,BAJO,144756244480.0,15.54,16.09,5.29,37.16,6.88,13.32,17.34,5.0,20.79,0.52,0.84,6.0,YAHOO,-0.4442,-0.655,-0.3037,0.056637,2.9334,-0.0447,76.22,2026-11-03,47,,,yahoo,1.0,0.0,1.0,1.0,0.0,1.0,1.0,1.0,0.0,-2.3291,-7.2989,-1.8013,-0.0564,19.7792,39.396,80.35,80.35,100.1,-11.7984,-11.7984,-29.2008
HPQ,34.65999984741211,34.66,2026-09-17,False,32.560001373291016,34.84000015258789,5.99,31.19,BAJO,31256074240.0,13.23,11.05,-339.8,,5.63,5.4,4.14,10.85,7.69,,0.79,5.0,YAHOO,-0.4442,-0.655,-0.3037,0.056637,2.9334,-0.0447,76.22,2026-11-24,68,2026-08-26,22.0,yahoo,1.0,0.0,1.0,1.0,0.0,1.0,1.0,0.0,0.0,5.8967,9.3993,44.4956,50.9786,72.8336,51.0647,35.48,35.48,35.48,-2.3112,-2.3112,-2.3112
BIDU,90.02999877929688,90.03,2026-09-17,False,88.69999694824219,90.44999694824219,1.67,-34.05,BAJO,30712889344.0,,11.63,0.75,-1.39,1.2,9.65,-2.9,,0.0,0.38,2.33,2.0,YAHOO,-0.4442,-0.655,-0.3037,0.056637,2.9334,-0.0447,76.22,2026-11-18,62,2026-08-18,30.0,yahoo,1.0,0.0,0.0,0.0,0.0,0.0,1.0,0.0,0.0,-0.6182,-4.5686,-18.0129,-19.3352,28.1045,46.5032,99.47,117.94,162.52,-9.4903,-23.6646,-44.6037
SPOT,528.8400268554688,528.84,2026-09-17,False,528.7899780273438,553.77001953125,-3.4,-24.59,BAJO,108721160192.0,28.76,29.89,11.1,44.48,12.19,13.71,18.43,1.42,39.52,0.06,2.11,5.0,YAHOO,-0.4442,-0.655,-0.3037,0.056637,2.9334,-0.0447,76.22,2026-11-03,47,,,yahoo,1.0,1.0,1.0,1.0,0.0,0.0,0.0,1.0,0.0,1.3628,-5.4562,7.4179,16.0755,64.1783,39.6916,560.11,560.11,738.53,-5.5828,-5.5828,-28.3929
AVGO,347.29998779296875,347.3,2026-09-17,False,345.30999755859375,350.94000244140625,2.29,1.69,BAJO,1657881624576.0,44.3,17.92,16.63,44.25,15.37,54.31,42.94,1.85,31.69,0.6,2.5,8.0,YAHOO,-0.4442,-0.655,-0.3037,0.056637,2.9334,-0.0447,76.22,2026-12-09,83,2026-09-02,15.0,yahoo,1.0,1.0,1.0,1.0,1.0,1.0,0.0,1.0,1.0,-3.7497,-5.4297,-8.1606,-11.4661,47.2311,40.4531,371.54,427.76,480.8091,-6.5242,-18.8096,-27.7676
ACN,190.2899932861328,190.29,2026-09-17,False,188.89999389648438,192.11000061035156,0.34,-18.86,BAJO,116446453760.0,15.2,12.97,3.65,24.41,10.9,16.96,10.66,10.38,8.95,0.25,1.34,5.0,YAHOO,-0.4442,-0.655,-0.3037,0.056637,2.9334,-0.0447,76.22,2026-10-01,14,,,yahoo,1.0,0.0,1.0,1.0,0.0,1.0,1.0,0.0,0.0,6.9586,1.3907,31.4793,23.4396,56.3021,46.856,195.0,195.0,282.7143,-2.4154,-2.4154,-32.6918
NFLX,75.30999755859375,75.31,2026-09-17,False,75.30000305175781,76.92310333251953,-1.44,-38.07,BAJO,313586286592.0,23.68,19.71,10.4,49.54,16.08,33.38,28.22,8.1,22.11,0.55,1.14,7.0,YAHOO,-0.4442,-0.655,-0.3037,0.056637,2.9334,-0.0447,76.22,2026-10-20,33,,,yahoo,1.0,1.0,1.0,0.0,1.0,0.0,1.0,1.0,1.0,-0.9209,-8.9689,11.4053,-2.144,47.9407,37.2929,82.73,82.73,124.135,-8.9689,-8.9689,-39.3322
NIO,3.619999885559082,3.62,2026-09-17,False,3.5799999237060547,3.6500000953674316,1.12,-50.78,BAJO,9070514176.0,,28.51,14.91,-45.32,-2.02,-1.08,-4.17,,1.48,2.03,1.02,6.0,YAHOO,-0.4442,-0.655,-0.3037,0.056637,2.9334,-0.0447,76.22,2026-11-24,68,2026-09-01,16.0,yahoo,0.0,1.0,1.0,1.0,1.0,0.0,0.0,1.0,1.0,1.1173,-6.2176,-24.7401,-28.3168,19.6529,36.2731,4.63,5.06,7.89,-21.8143,-28.4585,-54.1191
BABA,108.54000091552734,108.54,2026-09-17,False,107.30999755859375,109.13999938964844,1.18,-33.45,BAJO,269789577216.0,24.56,11.72,1.62,6.36,1.56,7.29,7.04,-30.63,1.97,0.24,1.36,3.0,YAHOO,-0.4442,-0.655,-0.3037,0.056637,2.9334,-0.0447,76.22,2026-11-24,68,2026-08-20,28.0,yahoo,1.0,0.0,1.0,0.0,0.0,0.0,1.0,0.0,0.0,-0.0184,-2.9246,-9.8055,1.0238,20.2609,43.9375,130.53,132.32,187.6169,-16.8467,-17.9716,-42.1481
PDD,77.7300033569336,77.73,2026-09-17,False,77.66999816894531,79.56999969482422,-1.31,-41.73,BAJO,110640611328.0,8.38,6.27,1.64,22.75,10.01,24.71,20.43,67.46,-3.44,0.01,2.62,4.0,YAHOO,-0.4442,-0.655,-0.3037,0.056637,2.9334,-0.0447,76.22,2026-11-18,62,2026-08-24,24.0,yahoo,1.0,0.0,1.0,1.0,0.0,1.0,0.0,0.0,0.0,-0.1413,-5.4954,-9.6688,-2.6672,27.8313,33.8489,89.52,93.0,138.13,-13.1702,-16.4194,-43.7269
SAP,213.66000366210938,213.66,2026-09-17,False,212.11000061035156,216.59190368652344,0.22,-16.22,BAJO,246607298560.0,27.68,22.06,67.25,18.32,9.54,27.62,20.41,3.69,294.62,0.22,1.15,7.0,YAHOO,-0.4442,-0.655,-0.3037,0.056637,2.9334,-0.0447,76.22,2026-10-21,34,,,yahoo,1.0,1.0,1.0,1.0,1.0,1.0,0.0,0.0,1.0,3.7436,1.8933,34.929,34.5551,52.5069,43.2305,221.54,221.54,275.6678,-3.5569,-3.5569,-22.4937
SE,101.2699966430664,101.27,2026-09-17,False,100.62999725341797,104.3949966430664,-2.15,-45.18,BAJO,62026309632.0,39.1,19.51,4.99,14.73,4.97,8.35,5.91,0.11,22.74,0.32,1.49,8.0,YAHOO,-0.4442,-0.655,-0.3037,0.056637,2.9334,-0.0447,76.22,2026-11-10,54,,,yahoo,1.0,1.0,1.0,1.0,1.0,1.0,0.0,1.0,1.0,-5.9616,-10.2296,-4.182,11.4817,55.1033,52.6445,123.18,131.51,192.96,-17.787,-22.9944,-47.5176
IBM,237.75,237.75,2026-09-17,False,237.35000610351562,243.36500549316406,0.11,-5.22,BAJO,223992446976.0,21.11,18.06,6.5,34.46,5.3,16.55,15.52,5.38,17.06,1.89,0.79,6.0,YAHOO,-0.4442,-0.655,-0.3037,0.056637,2.9334,-0.0447,76.22,2026-10-21,34,,,yahoo,1.0,1.0,1.0,1.0,1.0,0.0,0.0,1.0,0.0,1.5939,2.6111,12.4204,-8.7267,44.6977,63.178,249.09,303.9496,326.8851,-4.5526,-21.7798,-27.268
ZM,92.16000366210938,92.16,2026-09-17,False,90.69000244140625,93.29499816894531,0.24,7.42,BAJO,26890788864.0,8.56,14.54,2.71,32.14,6.11,24.61,65.19,7.35,14.72,0.01,3.83,7.0,YAHOO,-0.4442,-0.655,-0.3037,0.056637,2.9334,-0.0447,76.22,2026-11-24,68,2026-08-25,23.0,yahoo,1.0,1.0,1.0,1.0,1.0,0.0,1.0,1.0,0.0,-3.4569,-3.8598,1.375,5.4583,18.589,42.9875,107.43,109.84,111.88,-14.2139,-16.0961,-17.626
CSCO,110.23999786376953,110.24,2026-09-17,False,109.31999969482422,111.44000244140625,2.32,66.79,BAJO,434630754304.0,33.11,19.68,8.65,27.32,7.98,27.72,20.95,2.57,23.61,0.62,0.93,7.0,YAHOO,-0.4442,-0.655,-0.3037,0.056637,2.9334,-0.0447,76.22,2026-11-12,56,,,yahoo,1.0,1.0,1.0,1.0,1.0,0.0,1.0,0.0,1.0,2.6061,0.7126,-0.4155,-5.6913,32.5412,35.5061,112.36,123.88,129.5155,-1.8868,-11.0107,-14.8828
DOCU,70.63999938964844,70.64,2026-09-17,False,68.26940155029297,71.3499984741211,0.34,-15.79,BAJO,13202788352.0,43.07,13.57,7.73,17.8,6.35,13.43,9.82,9.94,28.45,0.11,0.64,6.0,YAHOO,-0.4442,-0.655,-0.3037,0.056637,2.9334,-0.0447,76.22,2026-12-03,77,2026-09-03,14.0,yahoo,1.0,0.0,1.0,1.0,0.0,0.0,1.0,1.0,1.0,7.3556,8.0288,35.0669,65.8995,56.4955,54.7698,71.85,71.85,85.01,-1.6841,-1.6841,-16.9039
ARM,264.8999938964844,264.9,2026-09-17,False,256.0,267.0,8.57,73.35,BAJO,282912817152.0,270.31,86.72,32.78,13.35,5.42,7.6,20.25,0.47,241.77,0.06,5.25,6.0,YAHOO,-0.4442,-0.655,-0.3037,0.056637,2.9334,-0.0447,76.22,2026-11-04,48,,,yahoo,1.0,0.0,1.0,1.0,0.0,1.0,0.0,1.0,1.0,4.2175,12.7906,-1.747,-36.7599,119.6003,78.7938,264.9,359.08,439.46,0.0,-26.2281,-39.7215
GRMN,275.3500061035156,275.35,2026-09-17,False,273.8500061035156,284.0,-0.57,20.16,BAJO,53101948928.0,28.42,25.02,5.88,21.89,12.17,30.44,24.47,1.97,22.05,0.03,3.03,6.0,YAHOO,-0.4442,-0.655,-0.3037,0.056637,2.9334,-0.0447,76.22,2026-10-28,41,,,yahoo,1.0,1.0,1.0,0.0,0.0,1.0,0.0,1.0,1.0,1.549,0.1363,12.9198,19.2015,2.2478,42.5611,293.7126,311.952,311.952,-6.2519,-11.7332,-11.7332
MSI,459.67999267578125,459.68,2026-09-17,False,457.3550109863281,465.5799865722656,-0.18,-2.05,BAJO,76074188800.0,36.17,23.76,28.47,91.57,11.25,27.35,17.44,2.6,22.66,3.58,1.1,6.0,YAHOO,-0.4442,-0.655,-0.3037,0.056637,2.9334,-0.0447,76.22,2026-11-05,49,,,yahoo,1.0,1.0,1.0,1.0,0.0,0.0,1.0,1.0,0.0,-0.6492,-3.7692,12.2892,15.0159,22.9284,26.9267,489.973,489.973,489.973,-6.1826,-6.1826,-6.1826
SNAP,5.650000095367432,5.65,2026-09-17,False,5.630000114440918,6.039999961853027,-1.22,-28.65,BAJO,9555267584.0,,7.29,4.93,-15.58,-2.72,-2.64,-4.9,7.48,-76.84,2.19,2.94,6.0,YAHOO,-0.4442,-0.655,-0.3037,0.056637,2.9334,-0.0447,76.22,2026-11-04,48,,,yahoo,0.0,1.0,1.0,1.0,1.0,0.0,0.0,1.0,1.0,2.3551,1.0733,23.9035,19.1983,33.0046,59.9576,5.92,5.92,9.09,-4.5608,-4.5608,-37.8438
PINS,18.309999465942383,18.31,2026-09-17,False,18.200000762939453,18.809999465942383,-1.82,-49.19,BAJO,10369190912.0,53.85,7.63,3.58,6.46,3.51,-3.46,5.46,11.54,33.12,0.41,3.81,6.0,YAHOO,-0.4442,-0.655,-0.3037,0.056637,2.9334,-0.0447,76.22,2026-11-09,53,,,yahoo,1.0,0.0,1.0,1.0,0.0,0.0,1.0,1.0,1.0,-2.5027,-13.7135,-19.7282,-10.0688,53.2084,50.1076,23.66,25.58,36.49,-22.612,-28.4206,-49.8219
PATH,13.760000228881836,13.76,2026-09-17,False,13.399999618530273,14.03499984741211,0.95,17.04,BAJO,7171098624.0,20.54,14.94,3.68,20.03,3.66,8.92,21.03,6.61,31.95,0.04,2.39,8.0,YAHOO,-0.4442,-0.655,-0.3037,0.056637,2.9334,-0.0447,76.22,2026-12-02,76,2026-09-03,14.0,yahoo,1.0,1.0,1.0,1.0,1.0,0.0,1.0,1.0,1.0,-0.7931,-23.5131,13.1579,34.5064,77.2526,71.9576,18.67,18.67,19.29,-26.2989,-26.2989,-28.6677
VZ,48.33000183105469,48.33,2026-09-17,False,48.31999969482422,49.97999954223633,-2.87,17.42,BAJO,200800305152.0,12.59,9.15,1.93,15.84,5.05,23.0,11.64,8.7,7.83,1.84,0.6,4.0,YAHOO,-0.4442,-0.655,-0.3037,0.056637,2.9334,-0.0447,76.22,2026-10-20,33,,,yahoo,1.0,0.0,1.0,1.0,0.0,1.0,0.0,0.0,0.0,-3.282,-3.7634,11.1035,7.2292,36.5247,26.9767,51.45,51.45,51.45,-6.0641,-6.0641,-6.0641
T,25.389999389648438,25.39,2026-09-17,False,25.34000015258789,26.040000915527344,-1.82,-9.36,BAJO,173982072832.0,8.38,9.9,1.58,18.34,4.16,24.79,16.94,5.83,7.64,1.29,0.97,6.0,YAHOO,-0.4442,-0.655,-0.3037,0.056637,2.9334,-0.0447,76.22,2026-10-21,34,,,yahoo,1.0,1.0,1.0,1.0,0.0,1.0,1.0,0.0,0.0,-0.6262,-2.158,15.672,14.6612,36.3011,28.9336,26.72,26.72,28.4181,-4.9775,-4.9775,-10.6555
AMX,23.030000686645508,23.03,2026-09-17,False,22.90999984741211,23.25,0.22,14.32,BAJO,68884111360.0,13.31,11.05,3.16,21.58,6.36,21.49,9.37,222.46,2.36,1.58,0.71,9.0,YAHOO,-0.4442,-0.655,-0.3037,0.056637,2.9334,-0.0447,76.22,2026-10-13,26,,,yahoo,1.0,1.0,1.0,1.0,1.0,1.0,1.0,1.0,1.0,0.9202,0.6556,-11.7625,-11.8875,14.4444,18.0791,23.8,26.4335,27.4216,-3.2353,-12.8756,-16.0153
TCOM,40.36000061035156,40.36,2026-09-17,False,40.060001373291016,40.790000915527344,-0.17,-46.81,BAJO,25414903808.0,7.81,9.84,1.08,15.65,2.59,-9.33,36.91,,-2.22,0.17,1.33,7.0,YAHOO,-0.4442,-0.655,-0.3037,0.056637,2.9334,-0.0447,76.22,2026-11-16,60,2026-09-15,2.0,finnhub,1.0,1.0,1.0,0.0,1.0,1.0,1.0,0.0,1.0,4.2894,-7.4948,-8.6671,-13.6315,23.102,38.4914,46.43,47.3,78.96,-13.0734,-14.6723,-48.8855
TRIP,8.869999885559082,8.87,2026-09-17,False,8.8100004196167,9.0600004196167,-0.78,-51.45,BAJO,1032123520.0,,8.25,1.55,-0.23,1.92,9.44,0.27,-9.83,9.99,1.35,1.56,7.0,YAHOO,-0.4442,-0.655,-0.3037,0.056637,2.9334,-0.0447,76.22,2026-11-05,49,,,yahoo,1.0,1.0,1.0,1.0,1.0,0.0,1.0,0.0,1.0,0.453,-7.7003,-38.4455,-29.659,25.6395,67.361,10.19,14.93,19.14,-12.9539,-40.5894,-53.6573
ABNB,165.92999267578125,165.93,2026-09-17,False,165.42999267578125,169.30999755859375,-0.94,35.32,BAJO,99356499968.0,37.97,26.82,12.55,34.54,6.14,21.01,20.45,3.23,32.3,0.32,1.41,5.0,YAHOO,-0.4442,-0.655,-0.3037,0.056637,2.9334,-0.0447,76.22,2026-11-05,49,,,yahoo,1.0,0.0,1.0,1.0,0.0,0.0,1.0,0.0,1.0,-1.0259,-9.4565,14.4818,18.066,11.1178,47.7269,190.5,190.5,190.5,-12.8976,-12.8976,-12.8976
ORCL,150.58999633789062,150.59,2026-09-17,False,146.15199279785156,152.0,5.19,-48.84,BAJO,455344390144.0,23.6,13.69,7.37,41.19,6.36,35.63,26.36,-10.07,16.56,2.52,1.17,5.0,YAHOO,-0.4442,-0.655,-0.3037,0.056637,2.9334,-0.0447,76.22,2026-12-10,84,2026-09-10,7.0,yahoo,1.0,0.0,1.0,1.0,1.0,1.0,0.0,0.0,0.0,-1.5366,3.3208,24.0649,-17.6626,67.1237,55.6065,162.52,162.52,324.452,-7.3406,-7.3406,-53.5864
TMUS,166.4499969482422,166.45,2026-09-17,False,166.35000610351562,176.86000061035156,-5.57,-28.39,BAJO,178546180096.0,17.43,11.53,3.18,17.99,5.97,25.22,11.46,6.35,8.92,2.14,0.92,6.0,YAHOO,-0.4442,-0.655,-0.3037,0.056637,2.9334,-0.0447,76.22,2026-10-28,41,,,yahoo,1.0,0.0,1.0,1.0,0.0,1.0,1.0,0.0,1.0,-6.0454,-11.1319,-14.4292,-7.6661,39.3296,41.9832,188.02,194.5173,234.5354,-11.4722,-14.4292,-29.0299
ANET,199.52999877929688,199.53,2026-09-17,False,192.97999572753906,204.91329956054688,1.01,40.32,BAJO,251652161536.0,63.14,38.67,17.01,31.48,14.12,45.39,38.37,1.55,50.82,,2.96,4.0,YAHOO,-0.4442,-0.655,-0.3037,0.056637,2.9334,-0.0447,76.22,2026-11-03,47,,,yahoo,1.0,0.0,1.0,1.0,0.0,0.0,1.0,0.0,0.0,5.577,7.2165,17.8211,20.9786,64.1237,57.0675,202.25,210.5,210.5,-1.3449,-5.2114,-5.2114
LRCX,269.30999755859375,269.31,2026-09-17,False,266.9100036621094,281.3999938964844,0.03,122.78,BAJO,336993255424.0,46.76,23.11,27.02,65.07,22.84,37.39,31.27,0.92,38.82,0.33,2.63,8.0,YAHOO,-0.4442,-0.655,-0.3037,0.056637,2.9334,-0.0447,76.22,2026-10-21,34,,,yahoo,1.0,1.0,1.0,0.0,1.0,1.0,1.0,1.0,1.0,-9.6306,-6.5934,-12.2082,-28.0266,62.1019,79.0082,320.42,433.33,433.33,-15.9509,-37.8511,-37.8511
ADI,362.6499938964844,362.65,2026-09-17,False,360.57501220703125,372.2699890136719,0.17,49.7,BAJO,175727673344.0,42.97,22.18,5.24,12.23,6.41,39.5,29.79,2.36,26.33,0.27,1.25,8.0,YAHOO,-0.4442,-0.655,-0.3037,0.056637,2.9334,-0.0447,76.22,2026-11-24,68,2026-08-19,29.0,yahoo,1.0,1.0,1.0,1.0,0.0,1.0,1.0,1.0,1.0,0.3875,1.951,-2.3372,-12.2319,38.4145,35.2914,378.78,416.6605,444.1269,-4.2584,-12.9627,-18.3454
SNDK,1614.3900146484375,1614.39,2026-09-17,False,1564.5001220703125,1625.35498046875,6.21,1618.62,BAJO,236377391104.0,21.9,6.1,15.29,91.64,43.91,78.47,56.46,3.27,17.28,0.01,2.29,7.0,YAHOO,-0.4442,-0.655,-0.3037,0.056637,2.9334,-0.0447,76.22,2026-11-06,50,,,yahoo,1.0,1.0,1.0,1.0,0.0,0.0,1.0,1.0,1.0,-4.6201,3.9262,16.0638,-17.5827,74.2208,132.6556,1764.17,2335.0,2335.0,-8.4901,-30.8612,-30.8612
NOW,138.47000122070312,138.47,2026-09-17,False,136.0,140.53689575195312,-0.97,-26.52,BAJO,143158870016.0,87.09,27.66,11.44,14.24,4.25,4.06,11.34,3.6,51.21,0.68,0.7,4.0,YAHOO,-0.4442,-0.655,-0.3037,0.056637,2.9334,-0.0447,76.22,2026-10-28,41,,,yahoo,1.0,0.0,1.0,1.0,1.0,0.0,0.0,0.0,0.0,5.5653,1.28,32.2541,45.0251,66.5025,62.0023,147.99,147.99,192.23,-6.4329,-6.4329,-27.9665
NBIS,217.99000549316406,217.99,2026-09-17,False,209.64999389648438,232.80999755859375,4.12,132.34,BAJO,59261722624.0,,-66.4,5.78,0.6,-1.92,-0.22,3.13,-16.22,230.78,0.99,4.03,6.0,YAHOO,-0.4442,-0.655,-0.3037,0.056637,2.9334,-0.0447,76.22,2026-11-10,54,,,yahoo,1.0,1.0,1.0,1.0,0.0,0.0,0.0,1.0,1.0,-4.4365,6.8107,19.3681,-22.3986,65.7875,142.0969,243.88,277.68,286.69,-10.6159,-21.496,-23.9632
OXY,59.290000915527344,59.29,2026-09-17,False,58.52000045776367,59.459999084472656,-0.12,28.77,BAJO,59268501504.0,17.49,14.69,1.77,10.63,4.68,45.44,30.32,6.39,5.74,0.35,1.41,4.0,YAHOO,-0.4442,-0.655,-0.3037,0.056637,2.9334,-0.0447,76.22,2026-11-09,53,,,yahoo,1.0,0.0,1.0,1.0,1.0,0.0,0.0,0.0,0.0,-3.0576,-2.213,7.9218,12.2965,63.72,34.7106,63.52,63.52,65.6343,-6.6593,-6.6593,-9.6661
XOM,163.27000427246094,163.27,2026-09-17,False,161.44500732421875,163.38499450683594,-0.03,46.35,BAJO,671351898112.0,21.01,15.13,2.59,12.58,5.52,15.86,9.07,3.08,10.45,0.16,1.14,5.0,YAHOO,-0.4442,-0.655,-0.3037,0.056637,2.9334,-0.0447,76.22,2026-10-30,43,,,yahoo,1.0,0.0,1.0,1.0,1.0,0.0,1.0,0.0,0.0,-1.1862,-0.5361,10.7625,16.7594,39.7938,25.4013,169.32,169.32,169.32,-3.5731,-3.5731,-3.5731
CVX,211.57000732421875,211.57,2026-09-17,False,209.1699981689453,211.75,0.01,38.0,BAJO,415016419328.0,20.36,15.6,2.19,12.23,5.86,21.87,9.83,5.29,8.87,0.19,1.25,5.0,YAHOO,-0.4442,-0.655,-0.3037,0.056637,2.9334,-0.0447,76.22,2026-10-30,43,,,yahoo,1.0,0.0,1.0,1.0,0.0,1.0,0.0,1.0,0.0,-0.5593,-0.0992,12.4961,20.1804,36.2381,24.2679,217.77,217.77,217.77,-2.847,-2.847,-2.847
PSX,274.2099914550781,274.21,2026-09-17,False,260.67999267578125,274.2099914550781,3.62,112.69,BAJO,109940383744.0,15.65,11.16,3.47,23.45,6.04,8.53,4.66,4.13,12.42,0.63,1.32,7.0,YAHOO,-0.4442,-0.655,-0.3037,0.056637,2.9334,-0.0447,76.22,2026-10-28,41,,,yahoo,1.0,1.0,1.0,1.0,0.0,1.0,1.0,1.0,0.0,6.0733,7.0756,32.0236,64.9012,35.9697,30.2646,274.21,274.21,274.21,0.0,0.0,0.0
YPF,54.47999954223633,54.48,2026-09-17,False,54.0099983215332,54.869998931884766,-0.31,100.63,BAJO,21360248832.0,28.83,9.93,2.04,7.26,8.34,27.51,4.0,5824.46,1.33,0.85,0.93,4.0,YAHOO,-0.4442,-0.655,-0.3037,0.056637,2.9334,-0.0447,76.22,2026-10-29,42,,,yahoo,0.0,0.0,1.0,1.0,0.0,1.0,1.0,0.0,0.0,-2.8184,1.0573,8.0095,7.1386,52.5262,34.7622,57.61,57.61,57.61,-5.4331,-5.4331,-5.4331
VIST,73.30999755859375,73.31,2026-09-17,False,72.21009826660156,74.5999984741211,-1.28,100.55,BAJO,8109361664.0,9.65,7.39,2.45,29.79,10.0,44.24,23.56,1.52,5.41,1.07,0.69,3.0,YAHOO,-0.4442,-0.655,-0.3037,0.056637,2.9334,-0.0447,76.22,2026-10-28,41,,,yahoo,1.0,0.0,1.0,1.0,0.0,0.0,0.0,0.0,0.0,-7.1438,-4.8293,14.7082,6.9907,51.842,44.6889,78.95,78.95,79.25,-7.1438,-7.1438,-7.4953
VST,143.55999755859375,143.56,2026-09-17,False,141.52999877929688,146.11000061035156,2.26,-30.09,BAJO,48183787520.0,24.25,13.85,16.05,42.96,5.89,13.77,11.55,0.08,10.48,3.73,0.97,5.0,YAHOO,-0.4442,-0.655,-0.3037,0.056637,2.9334,-0.0447,76.22,2026-11-05,49,,,yahoo,1.0,0.0,1.0,1.0,1.0,0.0,1.0,0.0,0.0,-2.3733,0.0697,-9.1335,-9.4875,50.3625,42.066,151.72,168.98,217.0162,-5.3783,-15.0432,-33.8483
BP,45.41999816894531,45.42,2026-09-17,False,45.01499938964844,45.72999954223633,0.09,39.87,BAJO,116974870528.0,21.73,9.33,8.04,8.87,5.04,13.15,2.55,11.01,13.34,0.95,1.27,7.0,YAHOO,-0.4442,-0.655,-0.3037,0.056637,2.9334,-0.0447,76.22,2026-10-30,43,,,yahoo,1.0,0.0,1.0,1.0,0.0,1.0,1.0,1.0,1.0,-1.4323,3.3918,9.472,14.5447,36.6619,30.9272,46.96,46.96,46.96,-3.2794,-3.2794,-3.2794
E,55.439998626708984,55.44,2026-09-17,False,54.83000183105469,55.47999954223633,0.25,62.41,BAJO,79605719040.0,12.49,8.98,1.52,10.9,3.07,10.66,5.87,-11.28,8.12,0.65,1.48,6.0,YAHOO,-0.4442,-0.655,-0.3037,0.056637,2.9334,-0.0447,76.22,2026-10-23,36,,,yahoo,1.0,1.0,1.0,1.0,0.0,1.0,1.0,0.0,0.0,-1.737,0.4166,11.9548,11.4596,31.8501,31.906,57.35,57.35,57.35,-3.3304,-3.3304,-3.3304
SHEL,95.81999969482422,95.82,2026-09-17,False,95.32499694824219,96.12000274658203,0.13,39.81,BAJO,273812897792.0,10.6,9.27,1.48,14.34,6.4,16.69,8.76,7.84,5.37,0.4,1.44,5.0,YAHOO,-0.4442,-0.655,-0.3037,0.056637,2.9334,-0.0447,76.22,2026-10-29,42,,,yahoo,1.0,1.0,1.0,1.0,0.0,0.0,1.0,0.0,0.0,-0.1459,3.2543,12.1343,20.2535,38.2638,22.6953,98.95,98.95,98.95,-3.1632,-3.1632,-3.1632
HAL,34.029998779296875,34.03,2026-09-17,False,33.814998626708984,34.625,-1.39,56.67,BAJO,28351424512.0,17.82,11.73,2.58,14.92,7.26,12.79,7.16,7.24,8.44,0.74,2.02,4.0,YAHOO,-0.4442,-0.655,-0.3037,0.056637,2.9334,-0.0447,76.22,2026-10-20,33,,,yahoo,1.0,0.0,1.0,1.0,0.0,0.0,1.0,0.0,0.0,-5.6557,-9.5668,-2.6262,-5.6364,35.487,33.421,37.63,37.63,42.6002,-9.5668,-9.5668,-20.1178
SLB,52.08000183105469,52.08,2026-09-17,False,51.8650016784668,52.86000061035156,-0.42,53.99,BAJO,77294182400.0,25.4,16.1,2.96,12.91,6.17,12.71,8.53,3.82,11.85,0.47,1.44,4.0,YAHOO,-0.4442,-0.655,-0.3037,0.056637,2.9334,-0.0447,76.22,2026-10-23,36,,,yahoo,1.0,0.0,1.0,1.0,1.0,0.0,0.0,0.0,0.0,-7.0166,-10.4077,12.8481,4.014,46.9574,40.0337,59.7898,59.7898,59.7898,-12.8948,-12.8948,-12.8948
COP,133.19000244140625,133.19,2026-09-17,False,130.97000122070312,133.39999389648438,0.49,47.07,BAJO,160006144000.0,17.64,13.85,2.45,14.18,7.53,31.51,14.4,4.81,6.53,0.36,1.54,7.0,YAHOO,-0.4442,-0.655,-0.3037,0.056637,2.9334,-0.0447,76.22,2026-11-05,49,,,yahoo,1.0,0.0,1.0,1.0,1.0,1.0,1.0,0.0,1.0,-2.8094,-2.9227,15.9045,20.5632,63.0714,30.6963,141.22,141.22,141.22,-5.6862,-5.6862,-5.6862
GPRK,11.149999618530273,11.15,2026-09-17,False,11.100000381469727,11.33590030670166,-1.15,70.98,BAJO,723587584.0,7.85,6.26,1.65,28.57,7.81,27.52,16.0,12.75,3.54,1.81,1.17,3.0,YAHOO,-0.4442,-0.655,-0.3037,0.056637,2.9334,-0.0447,76.22,2026-11-04,48,,,yahoo,1.0,0.0,1.0,0.0,0.0,1.0,0.0,0.0,0.0,-6.8505,-4.6193,15.2313,8.2036,46.648,43.5018,11.97,11.97,11.97,-6.8505,-6.8505,-6.8505
CEG,262.79998779296875,262.8,2026-09-17,False,259.32000732421875,269.39990234375,1.26,-17.11,BAJO,93111975936.0,25.69,19.78,2.92,15.06,3.89,8.66,11.08,-7.12,14.62,0.76,1.46,6.0,YAHOO,-0.4442,-0.655,-0.3037,0.056637,2.9334,-0.0447,76.22,2026-11-09,53,,,yahoo,1.0,0.0,1.0,1.0,1.0,0.0,1.0,0.0,1.0,-8.1023,-9.3918,3.828,-1.4845,57.9691,38.1029,299.05,299.05,401.7044,-12.1217,-12.1217,-34.5788
FSLR,201.16000366210938,201.16,2026-09-17,False,192.77999877929688,203.52000427246094,5.28,-3.9,BAJO,21618624512.0,12.4,8.65,2.09,18.51,8.62,42.64,32.46,7.39,7.96,0.02,2.52,7.0,YAHOO,-0.4442,-0.655,-0.3037,0.056637,2.9334,-0.0447,76.22,2026-10-29,42,,,yahoo,1.0,1.0,1.0,1.0,1.0,1.0,0.0,0.0,1.0,-2.901,-0.7108,-2.0213,-21.0518,72.1008,47.2978,214.28,250.05,318.25,-6.1228,-19.5521,-36.7918
CCJ,92.80000305175781,92.8,2026-09-17,False,91.5999984741211,93.0999984741211,2.09,14.29,BAJO,40417464320.0,160.0,49.58,7.89,5.11,2.98,9.11,10.21,0.12,49.72,0.17,3.06,8.0,YAHOO,-0.4442,-0.655,-0.3037,0.056637,2.9334,-0.0447,76.22,2026-10-30,43,,,yahoo,1.0,1.0,1.0,1.0,1.0,1.0,0.0,1.0,1.0,-4.7423,-3.7145,9.3695,-12.1794,38.7322,42.2171,107.36,107.36,134.09,-13.5618,-13.5618,-30.7927
PBR,20.940000534057617,20.94,2026-09-17,False,20.579999923706055,21.09000015258789,0.14,69.73,BAJO,134945038336.0,5.29,5.25,1.44,30.27,10.07,44.68,24.32,69.84,1.84,0.76,0.85,7.0,YAHOO,-0.4442,-0.655,-0.3037,0.056637,2.9334,-0.0447,76.22,2026-11-10,54,,,yahoo,1.0,1.0,1.0,1.0,1.0,1.0,1.0,0.0,0.0,-2.058,0.3835,18.4947,28.3751,44.8685,32.9676,21.77,21.77,21.77,-3.8126,-3.8126,-3.8126
NEE,81.27999877929688,81.28,2026-09-17,False,80.41999816894531,81.37000274658203,1.13,19.56,BAJO,169548316672.0,18.27,18.49,2.97,11.68,2.44,31.52,32.4,-10.48,19.6,1.62,0.53,5.0,YAHOO,-0.4442,-0.655,-0.3037,0.056637,2.9334,-0.0447,76.22,2026-10-27,40,,,yahoo,1.0,0.0,1.0,1.0,0.0,1.0,0.0,1.0,0.0,-1.4071,-2.1901,-6.9418,-4.4778,15.3204,14.1208,84.3954,89.1198,96.443,-3.6914,-8.797,-15.7223
PAAS,49.619998931884766,49.62,2026-09-17,False,48.46039962768555,50.20000076293945,4.33,42.36,BAJO,20573343744.0,14.68,10.54,2.81,22.41,11.77,37.81,32.03,6.41,8.93,0.11,2.94,7.0,YAHOO,-0.4442,-0.655,-0.3037,0.056637,2.9334,-0.0447,76.22,2026-11-16,60,,,yahoo,1.0,1.0,1.0,1.0,1.0,1.0,0.0,1.0,0.0,-2.0336,-3.7253,18.02,-1.3226,52.7442,50.4557,54.89,54.89,68.0597,-9.601,-9.601,-27.0935
HMY,19.979999542236328,19.98,2026-09-17,False,19.645000457763672,20.219999313354492,3.95,37.49,BAJO,12487048192.0,7.01,6.1,2.69,48.05,25.06,47.17,29.57,78.88,0.29,0.13,0.84,,YAHOO,-0.4442,-0.655,-0.3037,0.056637,2.9334,-0.0447,76.22,,999,2026-08-27,21.0,yahoo,,,,,,,,,,-1.0401,2.7249,39.4278,16.8421,58.0887,58.9345,23.54,23.54,25.5485,-15.1232,-15.1232,-21.7958
B,43.689998626708984,43.69,2026-09-17,False,43.220001220703125,44.02000045776367,2.68,51.93,BAJO,71908687872.0,11.29,9.96,2.63,27.01,13.44,51.34,31.6,7.08,6.07,0.13,3.01,9.0,YAHOO,-0.4442,-0.655,-0.3037,0.056637,2.9334,-0.0447,76.22,2026-11-09,53,,,yahoo,1.0,1.0,1.0,1.0,1.0,1.0,1.0,1.0,1.0,0.5292,-0.9971,25.704,6.2197,36.5381,43.8811,48.6827,48.6827,52.117,-10.2555,-10.2555,-16.1693
VALE,14.470000267028809,14.47,2026-09-17,False,14.100000381469727,14.529999732971191,2.41,44.66,BAJO,61580886016.0,28.94,7.38,1.66,4.11,7.92,21.95,4.75,21.61,1.88,0.55,1.19,4.0,YAHOO,-0.4442,-0.655,-0.3037,0.056637,2.9334,-0.0447,76.22,2026-10-29,42,,,yahoo,1.0,0.0,1.0,1.0,0.0,1.0,0.0,0.0,0.0,-5.301,-8.0102,5.552,-4.1672,43.5897,30.3271,15.73,15.73,17.3257,-8.0102,-8.0102,-16.4824
LAC,2.890000104904175,2.89,2026-09-17,False,2.819999933242798,2.940000057220459,3.96,-10.72,BAJO,1049194176.0,,-20.53,0.74,-3.7,-1.66,0.0,0.0,-128.57,-29.08,0.6,5.47,1.0,YAHOO,-0.4442,-0.655,-0.3037,0.056637,2.9334,-0.0447,76.22,2026-11-13,57,,,yahoo,0.0,0.0,0.0,1.0,0.0,0.0,0.0,0.0,0.0,-4.3046,-3.9867,-0.3448,-34.6154,45.6893,53.8317,3.25,3.94,10.05,-11.0769,-26.6497,-71.2438
RIO,98.04000091552734,98.04,2026-09-17,False,97.07250213623047,98.30000305175781,2.35,64.14,BAJO,159448285184.0,13.27,11.33,2.43,19.31,8.11,28.05,19.58,2.25,7.65,0.32,1.42,4.0,YAHOO,-0.4442,-0.655,-0.3037,0.056637,2.9334,-0.0447,76.22,,999,2026-07-28,51.0,yahoo,1.0,0.0,1.0,1.0,0.0,0.0,0.0,1.0,0.0,-1.3583,-4.5839,12.4877,-2.4128,32.3559,28.3619,106.81,106.81,109.6326,-8.2108,-8.2108,-10.5741
GFI,43.34000015258789,43.34,2026-09-17,False,42.81999969482422,43.84000015258789,3.29,20.73,BAJO,38611456000.0,8.83,8.37,8.6,58.68,28.52,55.0,38.65,10.82,10.58,0.29,1.87,9.0,YAHOO,-0.4442,-0.655,-0.3037,0.056637,2.9334,-0.0447,76.22,,999,2026-08-25,23.0,yahoo,1.0,1.0,1.0,1.0,1.0,1.0,1.0,1.0,1.0,-2.9687,-1.327,41.8365,13.9725,51.5331,51.3999,47.7852,47.7852,58.4424,-9.3024,-9.3024,-25.8415
GGB,5.099999904632568,5.1,2026-09-17,False,4.914999961853027,5.130000114440918,2.2,66.9,BAJO,10005191680.0,23.18,8.72,0.96,4.18,5.03,12.75,3.22,26.46,1.97,0.28,2.87,5.0,YAHOO,-0.4442,-0.655,-0.3037,0.056637,2.9334,-0.0447,76.22,2026-10-26,39,,,yahoo,1.0,0.0,1.0,1.0,0.0,0.0,1.0,0.0,1.0,0.0,2.6157,10.1188,14.7786,60.9369,36.1761,5.15,5.15,5.15,-0.9709,-0.9709,-0.9709
FCX,70.8499984741211,70.85,2026-09-17,False,70.30000305175781,71.58000183105469,2.33,59.45,BAJO,101741838336.0,34.73,17.08,5.06,14.75,7.58,33.4,11.39,2.12,12.57,0.32,2.07,6.0,YAHOO,-0.4442,-0.655,-0.3037,0.056637,2.9334,-0.0447,76.22,2026-10-22,35,,,yahoo,1.0,1.0,1.0,1.0,1.0,0.0,1.0,0.0,0.0,-0.5055,-4.1661,20.5137,2.841,30.8911,47.2207,79.91,79.91,79.91,-11.3378,-11.3378,-11.3378
HL,18.959999084472656,18.96,2026-09-17,False,18.635000228881836,19.149999618530273,5.39,72.68,BAJO,12736729088.0,22.84,17.82,4.76,22.17,15.3,44.27,19.15,2.69,11.99,0.01,5.2,8.0,YAHOO,-0.4442,-0.655,-0.3037,0.056637,2.9334,-0.0447,76.22,2026-11-05,49,,,yahoo,1.0,1.0,1.0,1.0,1.0,1.0,0.0,1.0,1.0,-5.2947,-8.7145,32.7056,18.0799,72.7602,65.1562,21.43,21.43,31.7903,-11.5259,-11.5259,-40.3592
NEM,124.38999938964844,124.39,2026-09-17,False,123.31999969482422,125.79000091552734,2.16,60.19,BAJO,131068780544.0,15.69,12.2,3.74,25.91,15.75,51.57,33.36,6.73,7.33,0.16,2.55,9.0,YAHOO,-0.4442,-0.655,-0.3037,0.056637,2.9334,-0.0447,76.22,2026-10-22,35,,,yahoo,1.0,1.0,1.0,1.0,1.0,1.0,1.0,1.0,1.0,-1.3873,-0.4083,39.741,17.9606,37.9862,43.6805,134.8593,134.8593,134.8593,-7.7631,-7.7631,-7.7631
GOLD,46.869998931884766,46.87,2026-09-17,False,46.439998626708984,48.380001068115234,0.11,84.76,BAJO,1366483328.0,15.52,12.57,1.56,10.8,2.82,0.45,0.32,29.93,9.82,0.96,1.15,6.0,YAHOO,-0.4442,-0.655,-0.3037,0.056637,2.9334,-0.0447,76.22,2026-11-05,49,2026-09-02,15.0,yahoo,1.0,1.0,1.0,1.0,1.0,0.0,0.0,0.0,1.0,4.7885,9.7146,27.9663,12.566,19.9291,54.4779,48.0916,48.0916,62.0025,-2.5401,-2.5401,-24.4063
MUX,18.59000015258789,18.59,2026-09-17,False,18.46500015258789,18.8700008392334,2.26,38.34,BAJO,1110568192.0,14.75,4.57,1.57,13.54,-0.43,-5.92,32.46,-1.68,40.31,0.18,2.04,5.0,YAHOO,-0.4442,-0.655,-0.3037,0.056637,2.9334,-0.0447,76.22,2026-11-04,48,,,yahoo,1.0,1.0,1.0,0.0,0.0,1.0,0.0,1.0,0.0,-4.9105,-7.6044,12.9405,-4.8618,47.1936,54.1695,21.66,21.66,29.05,-14.1736,-14.1736,-36.0069
NXE,9.449999809265137,9.45,2026-09-17,False,9.399999618530273,9.595000267028809,0.75,15.04,BAJO,6336282624.0,,-58.75,4.73,-17.67,-3.39,0.0,0.0,-4.71,-54.73,0.34,1.46,2.0,YAHOO,-0.4442,-0.655,-0.3037,0.056637,2.9334,-0.0447,76.22,2026-11-03,47,,,yahoo,0.0,0.0,0.0,1.0,0.0,1.0,0.0,0.0,0.0,-7.4437,-7.5343,8.2474,-9.9142,31.8014,48.7195,11.21,11.21,13.92,-15.7003,-15.7003,-32.1121
MP,49.380001068115234,49.38,2026-09-17,False,49.22010040283203,50.5,0.8,-25.46,BAJO,8794656768.0,,56.5,4.49,-3.58,-1.52,-14.72,-14.56,-4.92,213.09,0.41,9.51,4.0,YAHOO,-0.4442,-0.655,-0.3037,0.056637,2.9334,-0.0447,76.22,2026-11-05,49,,,yahoo,0.0,1.0,0.0,0.0,1.0,1.0,0.0,1.0,0.0,-3.7802,-9.7258,8.0525,-18.8363,26.7743,63.7396,60.17,60.17,98.65,-17.9325,-17.9325,-49.9442
JPM,349.30999755859375,349.31,2026-09-17,False,345.2799987792969,353.489990234375,0.11,14.82,BAJO,928531021824.0,14.97,13.98,2.63,17.79,1.36,50.39,34.92,,,,,3.0,YAHOO,-0.4442,-0.655,-0.3037,0.056637,2.9334,-0.0447,76.22,2026-10-13,26,,,yahoo,1.0,0.0,0.0,0.0,1.0,0.0,1.0,0.0,0.0,-1.2021,-1.9398,3.0808,5.2251,17.1084,18.1314,362.06,365.18,365.18,-3.5215,-4.3458,-4.3458
AXP,311.1700134277344,311.17,2026-09-17,False,310.9700012207031,316.73638916015625,-0.4,-5.77,BAJO,210136170496.0,18.89,15.47,6.13,34.38,3.79,20.32,16.14,,,1.72,1.55,4.0,YAHOO,-0.4442,-0.655,-0.3037,0.056637,2.9334,-0.0447,76.22,2026-10-23,36,,,yahoo,1.0,0.0,1.0,1.0,0.0,0.0,1.0,0.0,0.0,-2.9746,-5.7003,-11.5818,-8.3744,31.0016,24.4903,337.33,361.57,381.7815,-7.755,-13.9392,-18.4953
MA,565.72998046875,565.73,2026-09-17,False,564.0700073242188,569.8599853515625,-0.36,-4.28,BAJO,495585067008.0,31.14,24.57,88.45,241.2,24.06,61.11,46.34,3.42,22.99,4.4,1.06,9.0,YAHOO,-0.4442,-0.655,-0.3037,0.056637,2.9334,-0.0447,76.22,2026-10-29,42,,,yahoo,1.0,1.0,1.0,1.0,1.0,1.0,1.0,1.0,1.0,0.0637,-3.8103,3.341,14.9472,12.4596,21.5537,599.86,599.86,599.86,-5.6897,-5.6897,-5.6897
V,369.92999267578125,369.93,2026-09-17,False,368.3900146484375,372.4800109863281,-0.27,8.34,BAJO,690676760576.0,31.46,24.65,19.6,61.19,19.11,66.13,50.78,2.95,22.27,0.68,0.98,6.0,YAHOO,-0.4442,-0.655,-0.3037,0.056637,2.9334,-0.0447,76.22,2026-10-27,40,,,yahoo,1.0,0.0,1.0,1.0,1.0,0.0,1.0,0.0,1.0,0.7407,-2.2384,2.7865,12.1791,16.7399,20.2683,384.14,384.14,384.14,-3.6992,-3.6992,-3.6992
PYPL,52.939998626708984,52.94,2026-09-17,False,52.720001220703125,53.39500045776367,0.44,-21.36,BAJO,45288095744.0,10.01,9.15,2.3,24.5,4.62,16.97,14.36,9.77,7.44,0.72,1.29,9.0,YAHOO,-0.4442,-0.655,-0.3037,0.056637,2.9334,-0.0447,76.22,2026-10-27,40,,,yahoo,1.0,1.0,1.0,1.0,1.0,1.0,1.0,1.0,1.0,-0.6941,-2.9253,-6.5985,26.1187,19.1179,53.0633,62.1465,62.1465,75.2904,-14.8142,-14.8142,-29.6856
PAGS,9.5600004196167,9.56,2026-09-17,False,9.324000358581543,9.670000076293945,0.95,-4.6,BAJO,2635175936.0,6.55,5.07,0.9,14.54,6.36,36.2,10.86,-70.44,0.32,0.12,1.55,7.0,YAHOO,-0.4442,-0.655,-0.3037,0.056637,2.9334,-0.0447,76.22,2026-11-11,55,,,yahoo,1.0,0.0,1.0,1.0,1.0,0.0,1.0,1.0,1.0,-2.7977,0.067,5.9913,10.5117,34.7144,33.7132,9.8352,9.8352,11.3776,-2.7977,-2.7977,-15.9751
NU,13.84000015258789,13.84,2026-09-17,False,13.675000190734863,14.050000190734863,0.22,-12.65,BAJO,66856734720.0,18.96,12.07,5.05,31.63,4.96,50.15,42.73,,,,,4.0,YAHOO,-0.4442,-0.655,-0.3037,0.056637,2.9334,-0.0447,76.22,2026-11-12,56,,,yahoo,1.0,0.0,1.0,1.0,1.0,0.0,0.0,0.0,0.0,-7.8562,-10.1299,-1.0722,7.3701,18.9126,40.9915,15.68,15.68,18.76,-11.7347,-11.7347,-26.226
XP,20.190000534057617,20.19,2026-09-17,False,19.549999237060547,20.420000076293945,2.18,4.18,BAJO,10245273600.0,10.25,8.55,2.22,22.56,1.36,31.18,28.54,,,6.42,1.49,7.0,YAHOO,-0.4442,-0.655,-0.3037,0.056637,2.9334,-0.0447,76.22,2026-11-16,60,,,yahoo,1.0,1.0,1.0,1.0,1.0,0.0,1.0,1.0,0.0,1.1017,1.0005,20.1786,30.9339,24.7642,40.3103,20.19,20.19,22.6565,0.0,0.0,-10.8866
AIG,75.68000030517578,75.68,2026-09-17,False,74.69999694824219,76.19999694824219,-0.51,1.6,BAJO,39572557824.0,13.81,8.61,0.98,7.22,1.76,19.41,11.09,18.61,4.72,0.22,0.61,5.0,YAHOO,-0.4442,-0.655,-0.3037,0.056637,2.9334,-0.0447,76.22,2026-11-04,48,,,yahoo,1.0,1.0,1.0,1.0,0.0,0.0,1.0,0.0,0.0,1.5345,0.0674,-4.5347,1.8876,14.0195,20.5986,76.8708,80.5266,84.9512,-1.5491,-6.0186,-10.9136
BRK-B,509.20001220703125,509.2,2026-09-17,False,508.8399963378906,519.9600219726562,-2.04,4.06,BAJO,1090049409024.0,12.81,22.94,0.0,12.12,6.01,32.56,22.3,6.6,-1.79,0.17,2.89,4.0,YAHOO,-0.4442,-0.655,-0.3037,0.056637,2.9334,-0.0447,76.22,2026-11-07,51,,,yahoo,1.0,0.0,1.0,0.0,1.0,0.0,1.0,0.0,0.0,0.4339,0.7838,3.6539,3.6476,21.3436,15.3439,519.8,529.42,529.42,-2.0392,-3.8193,-3.8193
BBD,3.4800000190734863,3.48,2026-09-17,False,3.4200000762939453,3.515000104904175,-0.57,10.45,BAJO,36786077696.0,8.09,6.4,1.04,13.76,1.07,34.52,26.07,,,,,4.0,YAHOO,-0.4442,-0.655,-0.3037,0.056637,2.9334,-0.0447,76.22,2026-11-04,48,,,yahoo,1.0,1.0,0.0,0.0,1.0,0.0,1.0,0.0,0.0,-2.7933,0.9866,-2.8402,3.7971,11.3927,30.1581,3.6,3.7214,4.1061,-3.3333,-6.4869,-15.249
AEG,9.109999656677246,9.11,2026-09-17,False,9.095000267028809,9.154999732971191,1.0,25.74,BAJO,13482714112.0,12.15,9.73,1.31,11.07,0.1,5.82,8.62,-32.0,,0.43,1.16,6.0,YAHOO,-0.4442,-0.655,-0.3037,0.056637,2.9334,-0.0447,76.22,,999,2026-08-20,28.0,yahoo,1.0,1.0,1.0,0.0,1.0,0.0,1.0,0.0,1.0,0.663,1.1773,3.4132,9.8462,9.6696,17.831,9.2,9.2766,9.2766,-0.9783,-1.7954,-1.7954
SAN,14.819999694824219,14.82,2026-09-17,False,14.6850004196167,14.850000381469727,2.92,49.62,BAJO,215103488000.0,14.53,10.35,1.68,13.11,0.78,43.44,33.46,,,,,4.0,YAHOO,-0.4442,-0.655,-0.3037,0.056637,2.9334,-0.0447,76.22,2026-10-28,41,,,yahoo,1.0,1.0,0.0,0.0,1.0,0.0,1.0,0.0,0.0,1.2987,0.4746,11.2613,11.1778,34.0036,28.9857,15.05,15.05,15.05,-1.5282,-1.5282,-1.5282
GGAL,42.619998931884766,42.62,2026-09-17,False,42.3650016784668,43.09000015258789,0.83,51.18,BAJO,7222105600.0,118.39,6.09,11.21,1.09,0.2,17.32,1.5,,,,,1.0,YAHOO,-0.4442,-0.655,-0.3037,0.056637,2.9334,-0.0447,76.22,2026-11-24,68,2026-08-25,23.0,yahoo,1.0,0.0,0.0,0.0,0.0,0.0,0.0,0.0,0.0,-4.6959,-5.3099,-14.4916,-23.1117,23.6181,43.7602,45.01,53.6149,58.6267,-5.3099,-20.5072,-27.3027
MELI,1825.2099609375,1825.21,2026-09-17,False,1800.4200439453125,1851.989990234375,-0.79,-24.76,BAJO,92532301824.0,49.61,32.33,11.81,27.5,4.31,6.72,5.3,0.38,25.88,1.69,1.12,5.0,YAHOO,-0.4442,-0.655,-0.3037,0.056637,2.9334,-0.0447,76.22,2026-11-04,48,,,yahoo,1.0,0.0,1.0,1.0,1.0,0.0,1.0,0.0,0.0,-4.2508,-9.0388,-0.3935,11.8512,31.0253,35.0737,2006.58,2006.58,2510.97,-9.0388,-9.0388,-27.3106
WFC,86.88999938964844,86.89,2026-09-17,False,85.793701171875,87.88999938964844,-0.18,8.28,BAJO,262755287040.0,12.63,11.0,1.63,12.57,1.08,37.39,27.23,,,,,3.0,YAHOO,-0.4442,-0.655,-0.3037,0.056637,2.9334,-0.0447,76.22,2026-10-13,26,,,yahoo,1.0,0.0,0.0,0.0,1.0,0.0,1.0,0.0,0.0,-2.8619,-2.6661,1.2265,4.2702,28.5345,23.7615,90.29,90.29,94.8289,-3.7656,-3.7656,-8.3718
BNY,153.02000427246094,153.02,2026-09-17,False,151.92999267578125,154.9600067138672,-0.29,46.24,BAJO,103824703488.0,17.88,14.93,2.6,14.12,1.26,40.05,29.41,,,,,6.0,YAHOO,-0.4442,-0.655,-0.3037,0.056637,2.9334,-0.0447,76.22,2026-10-15,28,,,yahoo,1.0,1.0,1.0,1.0,1.0,0.0,1.0,0.0,0.0,-5.886,-5.5665,-2.1034,5.175,19.6884,22.222,164.84,164.84,164.84,-7.1706,-7.1706,-7.1706
BCS,25.639999389648438,25.64,2026-09-17,False,25.31999969482422,25.764999389648438,1.18,26.96,BAJO,85861998592.0,9.82,7.68,0.97,10.09,0.47,42.95,27.87,,,,,6.0,YAHOO,-0.4442,-0.655,-0.3037,0.056637,2.9334,-0.0447,76.22,2026-10-22,35,,,yahoo,1.0,1.0,1.0,1.0,0.0,0.0,1.0,0.0,1.0,-2.1747,-2.1374,-4.8165,-1.5268,29.1745,30.2808,27.23,28.2428,28.2428,-5.8391,-9.2157,-9.2157
HSBC,102.83999633789062,102.84,2026-09-17,False,101.62000274658203,103.1500015258789,1.98,55.05,BAJO,352090456064.0,14.69,10.86,8.16,13.1,0.78,58.77,37.8,,,,,5.0,YAHOO,-0.4442,-0.655,-0.3037,0.056637,2.9334,-0.0447,76.22,2026-10-27,40,,,yahoo,1.0,0.0,1.0,1.0,1.0,0.0,1.0,0.0,0.0,-0.8293,-2.0011,4.3698,8.5126,27.2271,21.1133,107.11,107.3417,107.3417,-3.9866,-4.1938,-4.1938
BHP,86.55999755859375,86.56,2026-09-17,False,85.66999816894531,86.92500305175781,2.88,70.26,BAJO,219990228992.0,22.42,18.48,4.32,24.0,13.43,43.34,16.73,4.36,7.66,0.5,1.89,7.0,YAHOO,-0.4442,-0.655,-0.3037,0.056637,2.9334,-0.0447,76.22,,999,2026-08-17,31.0,yahoo,1.0,0.0,1.0,1.0,1.0,1.0,0.0,1.0,1.0,-0.9044,-5.3313,9.8882,-2.1149,37.0978,33.6441,96.5823,96.5823,96.5823,-10.3769,-10.3769,-10.3769
LYG,5.940000057220459,5.94,2026-09-17,False,5.882199764251709,5.980000019073486,1.02,35.6,BAJO,85790056448.0,13.81,9.24,1.54,11.34,0.56,44.96,26.43,,,,,6.0,YAHOO,-0.4442,-0.655,-0.3037,0.056637,2.9334,-0.0447,76.22,2026-10-29,42,,,yahoo,1.0,1.0,1.0,1.0,0.0,0.0,1.0,0.0,1.0,0.8489,-0.6689,2.39,8.478,18.7295,26.582,6.1,6.21,6.21,-2.6229,-4.3478,-4.3478
ING,36.91999816894531,36.92,2026-09-17,False,36.709999084472656,37.084999084472656,1.54,52.8,BAJO,105185951744.0,13.83,11.53,1.82,17.12,0.8,49.1,34.49,,,,,2.0,YAHOO,-0.4442,-0.655,-0.3037,0.056637,2.9334,-0.0447,76.22,2026-10-29,42,,,yahoo,1.0,0.0,0.0,0.0,0.0,0.0,1.0,0.0,0.0,0.6818,1.5122,16.1493,19.7186,19.2101,25.2559,37.27,37.27,37.27,-0.9391,-0.9391,-0.9391
IBN,28.18000030517578,28.18,2026-09-17,False,28.059999465942383,28.469999313354492,0.11,-12.2,BAJO,101133795328.0,17.5,14.99,2.55,16.07,2.11,38.51,27.53,,,,,4.0,YAHOO,-0.4442,-0.655,-0.3037,0.056637,2.9334,-0.0447,76.22,2026-10-17,30,,,yahoo,1.0,0.0,1.0,1.0,1.0,0.0,0.0,0.0,0.0,-2.3224,-7.8483,-4.5164,1.8857,21.1081,19.6881,30.58,30.58,32.6665,-7.8483,-7.8483,-13.7343
MUFG,23.5,23.5,2026-09-17,False,23.3799991607666,23.6299991607666,1.38,51.27,BAJO,264510472192.0,15.36,22.82,1.81,9.46,0.51,45.6,27.45,,,,,1.0,YAHOO,-0.4442,-0.655,-0.3037,0.056637,2.9334,-0.0447,76.22,2026-11-12,56,,,yahoo,1.0,0.0,0.0,0.0,0.0,0.0,0.0,0.0,0.0,0.9017,0.3416,9.7618,13.253,23.9412,28.7379,24.13,24.13,24.13,-2.6109,-2.6109,-2.6109
GS,951.469970703125,951.47,2026-09-17,False,922.0,957.969970703125,1.44,22.79,BAJO,277040824320.0,14.7,12.85,2.63,16.9,1.07,42.18,31.04,,,7.25,1.56,4.0,YAHOO,-0.4442,-0.655,-0.3037,0.056637,2.9334,-0.0447,76.22,2026-10-13,26,,,yahoo,1.0,1.0,0.0,0.0,0.0,0.0,1.0,0.0,1.0,-6.6976,-5.2717,-9.3742,-13.0111,41.1174,37.3193,1053.7192,1146.4551,1146.4551,-9.7037,-17.0077,-17.0077
BX,125.41000366210938,125.41,2026-09-17,False,124.17500305175781,126.58000183105469,1.59,-28.3,BAJO,149902295040.0,28.06,16.76,11.13,31.37,14.33,54.36,22.73,,,0.68,0.87,5.0,YAHOO,-0.4442,-0.655,-0.3037,0.056637,2.9334,-0.0447,76.22,2026-10-22,35,,,yahoo,1.0,0.0,1.0,1.0,1.0,0.0,0.0,0.0,1.0,0.0,-8.3394,2.4911,1.3433,27.8601,35.1084,143.64,149.32,181.3246,-12.6914,-16.0126,-30.8367
ITUB,8.289999961853027,8.29,2026-09-17,False,8.101099967956543,8.359999656677246,0.0,27.6,BAJO,91371323392.0,10.11,8.39,2.16,21.48,1.58,39.07,32.58,,,,,4.0,YAHOO,-0.4442,-0.655,-0.3037,0.056637,2.9334,-0.0447,76.22,2026-11-03,47,,,yahoo,1.0,1.0,1.0,0.0,0.0,0.0,1.0,0.0,0.0,-0.1205,2.599,-0.2864,5.1023,11.7731,30.0491,8.33,8.6136,9.3754,-0.4802,-3.7567,-11.5773
BAC,58.18000030517578,58.18,2026-09-17,False,57.41999816894531,58.494998931884766,0.48,16.24,BAJO,406838116352.0,13.44,10.99,1.48,11.2,0.97,38.3,29.52,,,,,5.0,YAHOO,-0.4442,-0.655,-0.3037,0.056637,2.9334,-0.0447,76.22,2026-10-14,27,,,yahoo,1.0,1.0,1.0,0.0,0.0,0.0,1.0,0.0,1.0,-7.0013,-6.5865,-3.2161,3.4439,41.7428,21.0829,62.72,64.481,64.481,-7.2385,-9.7719,-9.7719
RACE,414.0,414.0,2026-09-17,False,410.9700012207031,416.5799865722656,0.4,-10.27,BAJO,72720113664.0,38.62,32.64,17.17,45.44,13.61,31.06,22.25,1.38,30.07,0.86,2.43,9.0,YAHOO,-0.4442,-0.655,-0.3037,0.056637,2.9334,-0.0447,76.22,2026-11-03,47,,,yahoo,1.0,1.0,1.0,1.0,1.0,1.0,1.0,1.0,1.0,1.3117,0.1863,11.4341,16.8567,17.156,27.8734,436.54,436.54,498.3386,-5.1633,-5.1633,-16.924
C,132.6999969482422,132.7,2026-09-17,False,130.30999755859375,134.6750030517578,-0.19,33.8,BAJO,222595858432.0,14.3,10.3,1.16,8.53,0.66,36.23,21.83,,,,,3.0,YAHOO,-0.4442,-0.655,-0.3037,0.056637,2.9334,-0.0447,76.22,2026-10-13,26,,,yahoo,1.0,0.0,0.0,0.0,1.0,0.0,1.0,0.0,0.0,-4.1877,-1.2208,3.6161,-7.237,18.9319,27.7305,138.82,144.2466,144.9331,-4.4086,-8.0048,-8.4405
SCHW,104.62999725341797,104.63,2026-09-17,False,103.50050354003906,105.38500213623047,-0.5,15.7,BAJO,180940390400.0,19.06,13.4,4.12,20.27,2.07,52.28,38.79,,,1.51,0.66,7.0,YAHOO,-0.4442,-0.655,-0.3037,0.056637,2.9334,-0.0447,76.22,2026-10-15,28,,,yahoo,1.0,1.0,1.0,1.0,1.0,0.0,1.0,0.0,1.0,-2.5156,-3.3352,2.3358,11.0307,20.3319,22.3057,113.65,113.65,113.65,-7.9367,-7.9367,-7.9367
PG,147.5500030517578,147.55,2026-09-17,False,146.35000610351562,147.77999877929688,0.36,-4.63,BAJO,342710321152.0,22.29,19.94,6.43,30.29,10.72,22.08,18.44,3.88,14.91,0.64,0.68,6.0,YAHOO,-0.4442,-0.655,-0.3037,0.056637,2.9334,-0.0447,76.22,2026-10-22,35,,,yahoo,1.0,0.0,1.0,1.0,1.0,0.0,1.0,0.0,1.0,3.2035,-0.061,-0.3209,-1.2676,2.3368,18.5996,147.64,151.6182,164.7207,-0.061,-2.6832,-10.4241
KO,88.05999755859375,88.06,2026-09-17,False,87.51000213623047,88.32599639892578,0.22,35.48,BAJO,378882457600.0,26.44,24.97,10.48,42.05,9.4,34.87,28.56,1.38,24.01,1.16,1.3,7.0,YAHOO,-0.4442,-0.655,-0.3037,0.056637,2.9334,-0.0447,76.22,2026-10-20,33,,,yahoo,1.0,1.0,1.0,0.0,1.0,1.0,1.0,1.0,0.0,0.8601,0.3915,7.8732,10.8288,14.1101,22.2907,91.4443,91.4443,91.4443,-3.701,-3.701,-3.701
PEP,133.66000366210938,133.66,2026-09-17,False,132.92999267578125,134.91000366210938,-0.51,-0.89,BAJO,182579560448.0,17.52,14.89,8.26,51.51,8.93,16.84,10.79,4.29,11.97,2.39,0.93,5.0,YAHOO,-0.4442,-0.655,-0.3037,0.056637,2.9334,-0.0447,76.22,2026-10-08,21,,,yahoo,1.0,0.0,1.0,1.0,0.0,1.0,1.0,0.0,0.0,-2.1881,-3.8657,-0.2747,-4.5922,5.8317,22.2685,143.1409,143.4476,165.4535,-6.6234,-6.8231,-19.216
MO,69.69999694824219,69.7,2026-09-17,False,69.01000213623047,70.04000091552734,-0.57,14.22,BAJO,116381138944.0,14.67,11.89,-43.62,,29.49,76.12,39.0,7.75,8.85,,0.52,6.0,YAHOO,-0.4442,-0.655,-0.3037,0.056637,2.9334,-0.0447,76.22,2026-10-29,42,,,yahoo,1.0,0.0,1.0,1.0,0.0,1.0,1.0,1.0,0.0,2.9411,1.8016,-5.1524,2.7022,19.4857,30.7751,70.1,73.7422,73.7422,-0.5706,-5.4816,-5.4816
WMT,106.79000091552734,106.79,2026-09-17,False,106.1500015258789,107.76000213623047,-0.66,3.91,BAJO,849843257344.0,38.69,33.06,9.01,22.31,6.41,3.45,3.0,0.84,20.94,0.72,0.77,7.0,YAHOO,-0.4442,-0.655,-0.3037,0.056637,2.9334,-0.0447,76.22,2026-11-19,63,2026-08-20,28.0,yahoo,1.0,1.0,1.0,1.0,1.0,0.0,1.0,1.0,0.0,1.0026,0.6598,-4.5939,-9.3832,20.0334,28.8758,109.08,118.7158,133.8795,-2.0994,-10.0457,-20.2342
TGT,159.8300018310547,159.83,2026-09-17,False,156.77000427246094,160.0,3.33,87.64,BAJO,72610250752.0,16.58,16.74,4.07,26.41,5.69,6.04,4.08,4.73,10.05,1.08,0.99,6.0,YAHOO,-0.4442,-0.655,-0.3037,0.056637,2.9334,-0.0447,76.22,2026-11-18,62,2026-08-19,29.0,yahoo,1.0,0.0,1.0,1.0,1.0,1.0,1.0,0.0,0.0,2.6328,-2.1609,15.3785,26.0127,41.0956,31.5534,169.89,169.89,169.89,-5.9215,-5.9215,-5.9215
MCD,248.47999572753906,248.48,2026-09-17,False,248.10000610351562,250.59950256347656,-0.03,-15.8,BAJO,175834759168.0,20.2,17.78,-171.84,,13.25,46.48,31.72,3.56,15.38,,1.08,6.0,YAHOO,-0.4442,-0.655,-0.3037,0.056637,2.9334,-0.0447,76.22,2026-11-05,49,,,yahoo,1.0,0.0,1.0,1.0,1.0,0.0,1.0,1.0,0.0,-1.806,-4.7787,-6.499,-11.8293,28.0671,22.4811,270.6165,280.2182,334.503,-8.18,-11.3263,-25.7167
SBUX,96.66999816894531,96.67,2026-09-17,False,96.30000305175781,98.68000030517578,-0.69,19.76,BAJO,110203797504.0,55.88,30.96,-14.36,,8.02,12.92,5.17,2.78,22.87,,0.76,5.0,YAHOO,-0.4442,-0.655,-0.3037,0.056637,2.9334,-0.0447,76.22,2026-10-28,41,,,yahoo,1.0,0.0,1.0,1.0,1.0,0.0,0.0,0.0,1.0,-2.57,-9.4172,-7.2366,-2.5994,23.2577,21.6729,108.49,108.49,108.49,-10.895,-10.895,-10.895
NKE,36.36000061035156,36.36,2026-09-17,False,35.72999954223633,36.79999923706055,1.62,-47.43,BAJO,53940015104.0,17.31,15.89,3.63,22.14,6.97,12.69,6.7,3.5,11.18,0.74,1.96,4.0,YAHOO,-0.4442,-0.655,-0.3037,0.056637,2.9334,-0.0447,76.22,2026-10-01,14,,,yahoo,1.0,0.0,1.0,0.0,1.0,0.0,0.0,1.0,0.0,-0.71,-4.9163,-15.4688,-16.8461,27.8751,31.2305,40.3322,44.1022,72.1898,-9.8486,-17.5551,-49.6327
MDLZ,62.040000915527344,62.04,2026-09-17,False,61.46500015258789,62.560001373291016,-0.51,2.8,BAJO,79182151680.0,22.73,18.45,2.98,13.34,4.12,21.98,8.86,2.84,16.45,0.83,0.6,5.0,YAHOO,-0.4442,-0.655,-0.3037,0.056637,2.9334,-0.0447,76.22,2026-10-27,40,,,yahoo,1.0,0.0,1.0,1.0,0.0,0.0,1.0,0.0,1.0,-0.6883,-0.6565,2.9368,2.7934,6.8518,25.5877,64.7,64.99,64.99,-4.1113,-4.5392,-4.5392
HSY,168.3300018310547,168.33,2026-09-17,False,168.2899932861328,171.47999572753906,-1.44,-8.62,BAJO,33821816832.0,22.96,17.06,7.41,32.81,9.92,23.12,12.24,5.16,14.49,1.3,1.18,4.0,YAHOO,-0.4442,-0.655,-0.3037,0.056637,2.9334,-0.0447,76.22,2026-11-05,49,,,yahoo,1.0,0.0,1.0,1.0,0.0,1.0,0.0,0.0,0.0,-3.4473,-5.1288,-1.1919,-3.2265,17.3808,25.0972,189.94,189.94,232.6481,-11.3773,-11.3773,-27.6461
ANF,138.60000610351562,138.6,2026-09-17,False,138.1999969482422,142.5,-0.92,62.95,BAJO,5881404928.0,11.97,10.79,4.34,40.61,13.63,19.94,10.04,7.41,7.2,0.94,1.41,5.0,YAHOO,-0.4442,-0.655,-0.3037,0.056637,2.9334,-0.0447,76.22,2026-11-25,69,2026-08-26,22.0,yahoo,1.0,0.0,1.0,1.0,0.0,1.0,1.0,0.0,0.0,-3.0294,1.4641,46.7599,63.6171,52.7475,88.2087,152.08,152.08,152.08,-8.8638,-8.8638,-8.8638
EBAY,112.9000015258789,112.9,2026-09-17,False,108.19000244140625,113.30999755859375,3.42,27.73,BAJO,50240499712.0,23.72,16.8,10.77,46.61,9.15,21.57,18.57,3.14,16.93,1.53,1.02,5.0,YAHOO,-0.4442,-0.655,-0.3037,0.056637,2.9334,-0.0447,76.22,2026-11-04,48,,,yahoo,1.0,1.0,1.0,0.0,0.0,0.0,1.0,0.0,1.0,7.4931,5.8107,-0.8291,4.9618,27.8989,32.4218,112.9,117.084,118.2715,0.0,-3.5735,-4.5417
ABEV,2.9800000190734863,2.98,2026-09-17,False,2.950000047683716,3.0099000930786133,-0.33,27.26,BAJO,45941133312.0,14.9,13.9,2.68,18.4,10.3,23.74,18.41,43.23,1.17,0.03,1.02,8.0,YAHOO,-0.4442,-0.655,-0.3037,0.056637,2.9334,-0.0447,76.22,2026-10-29,42,,,yahoo,1.0,1.0,1.0,1.0,1.0,0.0,1.0,1.0,1.0,-1.9737,-0.3344,-3.2468,-4.8245,8.5838,20.0446,3.04,3.23,3.4202,-1.9737,-7.7399,-12.8714
UL,62.220001220703125,62.22,2026-09-17,False,62.0099983215332,62.66999816894531,-0.35,-7.77,BAJO,133976129536.0,21.09,15.86,7.17,31.87,8.29,20.34,18.32,5.03,14.92,1.75,0.74,7.0,YAHOO,-0.4442,-0.655,-0.3037,0.056637,2.9334,-0.0447,76.22,2026-10-28,41,2026-07-28,51.0,finnhub,1.0,1.0,1.0,0.0,0.0,1.0,1.0,1.0,1.0,0.9573,-3.6395,1.199,8.6277,28.2426,27.6491,65.32,66.3122,72.7099,-4.7459,-6.1711,-14.4271
URBN,75.83999633789062,75.84,2026-09-17,False,75.7699966430664,78.13999938964844,-1.61,8.84,BAJO,6496467968.0,11.87,10.96,2.49,20.94,8.02,11.62,8.79,1.5,9.15,0.43,1.58,8.0,YAHOO,-0.4442,-0.655,-0.3037,0.056637,2.9334,-0.0447,76.22,2026-11-25,69,2026-08-26,22.0,yahoo,1.0,1.0,1.0,1.0,0.0,1.0,1.0,1.0,1.0,0.3175,-3.6952,1.3497,4.6502,25.8323,41.302,82.95,82.95,82.95,-8.5714,-8.5714,-8.5714
CL,87.7300033569336,87.73,2026-09-17,False,86.77999877929688,87.73500061035156,0.82,10.0,BAJO,69935972352.0,34.54,21.36,296.39,267.37,15.84,20.97,9.68,4.95,15.27,13.88,1.03,5.0,YAHOO,-0.4442,-0.655,-0.3037,0.056637,2.9334,-0.0447,76.22,2026-10-30,43,,,yahoo,1.0,0.0,1.0,1.0,1.0,0.0,1.0,0.0,0.0,-0.1934,-2.6304,-4.5687,-2.5911,15.8106,20.7002,92.55,94.5877,97.966,-5.208,-7.2501,-10.4486
COST,893.9299926757812,893.93,2026-09-17,False,888.0599975585938,895.9998779296875,0.02,-6.0,BAJO,396439027712.0,45.06,39.51,11.83,29.15,8.67,3.99,3.01,1.75,27.89,0.25,1.07,6.0,YAHOO,-0.4442,-0.655,-0.3037,0.056637,2.9334,-0.0447,76.22,2026-09-24,7,,,yahoo,1.0,0.0,1.0,1.0,1.0,1.0,0.0,1.0,0.0,-0.9364,-3.7211,-4.3224,-7.2742,23.3028,20.6615,971.4,974.03,1092.5829,-7.9751,-8.2236,-18.182
KMB,98.19000244140625,98.19,2026-09-17,False,97.4800033569336,99.16000366210938,0.09,-17.18,BAJO,32655937536.0,19.41,13.13,18.66,104.91,10.2,19.0,11.79,2.88,11.02,3.49,0.91,4.0,YAHOO,-0.4442,-0.655,-0.3037,0.056637,2.9334,-0.0447,76.22,2026-11-03,47,,,yahoo,1.0,0.0,1.0,1.0,1.0,0.0,0.0,0.0,0.0,-0.2945,-9.0784,-8.3995,-2.0713,11.0047,26.0759,110.0495,113.3795,119.4738,-10.7765,-13.397,-17.8146
ORLY,84.88999938964844,84.89,2026-09-17,False,83.61499786376953,85.4000015258789,1.45,-18.17,BAJO,68672679936.0,26.95,23.24,-37.75,,13.67,20.15,14.27,2.29,18.47,,0.75,7.0,YAHOO,-0.4442,-0.655,-0.3037,0.056637,2.9334,-0.0447,76.22,2026-10-28,41,,,yahoo,1.0,0.0,1.0,1.0,1.0,1.0,1.0,1.0,0.0,-0.7251,-2.3916,0.4259,-3.9706,33.1588,31.2017,90.68,93.53,107.81,-6.3851,-9.2377,-21.2596
PM,190.47999572753906,190.48,2026-09-17,False,188.69500732421875,192.47999572753906,-0.64,19.32,BAJO,296884666368.0,26.16,20.77,-34.59,,14.59,40.0,25.56,3.27,19.09,,0.98,7.0,YAHOO,-0.4442,-0.655,-0.3037,0.056637,2.9334,-0.0447,76.22,2026-10-21,34,,,yahoo,1.0,1.0,1.0,1.0,1.0,1.0,0.0,1.0,0.0,0.3741,1.3515,-1.1623,7.0325,22.4976,27.177,194.86,200.17,200.17,-2.2478,-4.8409,-4.8409
ETSY,72.33999633789062,72.34,2026-09-17,False,71.8949966430664,74.96499633789062,-1.52,19.97,BAJO,6639491072.0,22.89,10.5,-4.79,,10.53,18.74,7.11,2.56,18.47,,1.48,5.0,YAHOO,-0.4442,-0.655,-0.3037,0.056637,2.9334,-0.0447,76.22,2026-11-04,48,,,yahoo,1.0,0.0,1.0,1.0,1.0,0.0,1.0,0.0,0.0,1.0476,-11.4782,-13.9117,-0.6728,26.918,44.7784,87.03,87.03,87.03,-16.8792,-16.8792,-16.8792
TM,193.91000366210938,193.91,2026-09-17,False,193.80999755859375,196.52000427246094,0.88,-3.08,BAJO,229625004032.0,8.52,12.29,15.77,12.4,2.34,7.86,8.63,-1567.76,6.28,1.15,1.17,3.0,YAHOO,-0.4442,-0.655,-0.3037,0.056637,2.9334,-0.0447,76.22,2026-11-05,49,,,yahoo,1.0,0.0,1.0,1.0,0.0,0.0,0.0,0.0,0.0,0.7429,-2.2138,8.6148,12.2359,17.4289,23.4851,199.87,199.87,248.29,-2.9819,-2.9819,-21.9018
HMC,32.529998779296875,32.53,2026-09-17,False,32.525001525878906,33.060001373291016,1.31,-4.03,BAJO,42213273600.0,,,0.53,-0.76,-0.15,8.76,-0.75,634.29,7.16,1.14,1.29,3.0,YAHOO,-0.4442,-0.655,-0.3037,0.056637,2.9334,-0.0447,76.22,2026-11-05,49,,,yahoo,0.0,0.0,1.0,1.0,0.0,0.0,1.0,0.0,0.0,2.8779,0.2774,15.4775,24.2077,14.6585,30.6659,33.37,33.37,34.12,-2.5172,-2.5172,-4.66
NSANY,4.079999923706055,4.08,2026-09-17,False,4.0,4.110000133514404,1.75,-16.61,BAJO,7132620288.0,,4.74,0.22,-7.65,0.69,2.63,-3.37,-19061.49,15.32,1.72,1.54,4.0,YAHOO,-0.4442,-0.655,-0.3037,0.056637,2.9334,-0.0447,76.22,2026-11-05,49,,,yahoo,0.0,1.0,1.0,1.0,0.0,1.0,0.0,0.0,0.0,3.0303,0.2457,0.2457,-6.6362,24.0227,34.7695,4.26,4.51,6.05,-4.2254,-9.5344,-32.562
GM,86.62000274658203,86.62,2026-09-17,False,86.17500305175781,87.86000061035156,2.76,49.39,BAJO,78343593984.0,38.67,5.77,1.23,3.16,2.25,3.2,1.05,28.0,11.04,2.02,1.14,5.0,YAHOO,-0.4442,-0.655,-0.3037,0.056637,2.9334,-0.0447,76.22,2026-10-20,33,,,yahoo,1.0,0.0,1.0,1.0,0.0,1.0,1.0,0.0,0.0,0.5806,2.273,14.5107,9.0715,37.0111,29.6296,87.76,90.1136,90.1136,-1.299,-3.8769,-3.8769
ARCO,7.639999866485596,7.64,2026-09-17,False,7.625,7.789999961853027,-0.91,17.21,BAJO,1609465728.0,6.21,8.89,1.94,36.36,6.91,5.56,5.16,8.01,5.8,2.64,0.88,6.0,YAHOO,-0.4442,-0.655,-0.3037,0.056637,2.9334,-0.0447,76.22,2026-11-18,62,,,yahoo,1.0,1.0,1.0,1.0,0.0,1.0,1.0,0.0,0.0,-5.2109,-6.9428,-6.4872,-10.0109,8.9027,22.8012,8.25,8.47,9.4222,-7.3939,-9.7993,-18.9151
HD,302.510009765625,302.51,2026-09-17,False,302.510009765625,310.3999938964844,0.01,-24.77,BAJO,301811105792.0,21.18,18.88,18.17,104.3,12.14,12.86,8.41,3.57,14.72,3.8,1.08,4.0,YAHOO,-0.4442,-0.655,-0.3037,0.056637,2.9334,-0.0447,76.22,2026-11-17,61,2026-08-18,30.0,yahoo,1.0,0.0,1.0,1.0,1.0,0.0,0.0,0.0,0.0,-1.0403,-4.3235,-8.4977,-6.9442,16.9917,23.9826,335.4083,355.2818,405.9831,-9.8084,-14.8535,-25.487
DIS,105.3499984741211,105.35,2026-09-17,False,105.31999969482422,107.70999908447266,-1.53,-7.31,BAJO,181906456576.0,21.72,14.09,1.66,8.01,4.81,19.3,8.7,2.67,11.09,0.39,0.71,8.0,YAHOO,-0.4442,-0.655,-0.3037,0.056637,2.9334,-0.0447,76.22,2026-11-12,56,,,yahoo,1.0,1.0,1.0,1.0,1.0,0.0,1.0,1.0,1.0,-0.4442,-2.4356,9.2729,5.2521,28.9877,27.2493,111.25,111.25,114.9988,-5.3034,-5.3034,-8.3904
JNJ,270.2200012207031,270.22,2026-09-17,False,267.2550048828125,270.8699951171875,1.1,56.56,BAJO,651202789376.0,31.31,22.0,7.66,25.74,8.6,29.19,21.48,2.59,19.28,0.58,1.09,3.0,YAHOO,-0.4442,-0.655,-0.3037,0.056637,2.9334,-0.0447,76.22,2026-10-13,26,,,yahoo,1.0,1.0,1.0,0.0,0.0,0.0,0.0,0.0,0.0,1.453,-1.8132,9.1362,15.9491,7.3415,24.2736,278.43,278.43,278.43,-2.9487,-2.9487,-2.9487
LLY,1152.43994140625,1152.4399,2026-09-17,False,1138.260009765625,1159.75,1.28,53.2,BAJO,1027678404608.0,38.66,24.36,30.33,102.29,20.36,54.22,33.53,1.08,25.42,1.62,1.35,7.0,YAHOO,-0.4442,-0.655,-0.3037,0.056637,2.9334,-0.0447,76.22,2026-10-29,42,,,yahoo,1.0,1.0,1.0,0.0,0.0,1.0,1.0,1.0,1.0,2.6215,-0.6586,0.627,3.7852,16.2277,33.8801,1255.4,1280.34,1280.34,-8.2014,-9.9895,-9.9895
NVO,43.189998626708984,43.19,2026-09-17,False,41.970001220703125,43.439998626708984,3.55,-21.45,BAJO,190808014848.0,10.66,12.77,5.6,59.81,18.73,42.54,35.35,19.74,1.61,0.63,0.87,4.0,YAHOO,-0.4442,-0.655,-0.3037,0.056637,2.9334,-0.0447,76.22,2026-11-04,48,,,yahoo,1.0,0.0,1.0,1.0,0.0,1.0,0.0,0.0,0.0,-1.8632,-7.6545,-11.8285,0.5099,42.5292,36.2371,48.66,50.9588,60.9379,-11.2413,-15.2453,-29.1245
AMGN,379.7799987792969,379.78,2026-09-17,False,376.0799865722656,382.489990234375,0.91,42.71,BAJO,205321224192.0,23.57,15.56,17.57,91.47,8.67,35.55,22.95,4.21,14.4,4.9,1.37,7.0,YAHOO,-0.4442,-0.655,-0.3037,0.056637,2.9334,-0.0447,76.22,2026-11-03,47,,,yahoo,1.0,1.0,1.0,1.0,1.0,0.0,0.0,1.0,1.0,-0.7033,-14.2399,4.8959,11.8069,19.0405,33.2739,444.12,444.12,444.12,-14.4871,-14.4871,-14.4871
UNH,375.2099914550781,375.21,2026-09-17,False,374.20001220703125,380.45001220703125,-0.01,13.39,BAJO,336786554880.0,24.1,16.59,3.45,14.15,4.87,7.13,3.14,7.21,14.47,0.69,0.78,6.0,YAHOO,-0.4442,-0.655,-0.3037,0.056637,2.9334,-0.0447,76.22,2026-10-13,26,,,yahoo,1.0,0.0,1.0,1.0,1.0,0.0,1.0,0.0,1.0,-2.7711,-5.5396,-10.4447,-5.5089,24.5607,24.2855,398.5559,433.6796,433.6796,-5.8576,-13.4822,-13.4822
PFE,27.639999389648438,27.64,2026-09-17,False,27.549999237060547,27.809999465942383,0.66,23.62,BAJO,157538975744.0,36.37,9.54,1.85,5.01,5.78,27.88,6.8,7.93,8.22,0.74,1.27,5.0,YAHOO,-0.4442,-0.655,-0.3037,0.056637,2.9334,-0.0447,76.22,2026-11-03,47,,,yahoo,1.0,0.0,1.0,1.0,0.0,0.0,0.0,1.0,1.0,-0.0362,-4.7553,13.6304,8.5013,8.6574,20.7958,29.02,29.02,29.02,-4.7553,-4.7553,-4.7553
ABT,102.2300033569336,102.23,2026-09-17,False,100.33000183105469,102.99500274658203,-0.13,-21.41,BAJO,176897097728.0,33.08,16.85,3.46,10.58,5.33,14.71,11.65,4.08,17.54,0.63,1.38,5.0,YAHOO,-0.4442,-0.655,-0.3037,0.056637,2.9334,-0.0447,76.22,2026-10-14,27,,,yahoo,1.0,0.0,1.0,1.0,1.0,0.0,0.0,1.0,0.0,-1.0933,-7.459,0.5607,16.338,14.2218,32.7188,116.67,116.67,133.5335,-12.3768,-12.3768,-23.4425
CVS,90.2699966430664,90.27,2026-09-17,False,90.16500091552734,92.13670349121094,-1.58,26.49,BAJO,115452649472.0,23.82,10.58,1.45,6.21,2.97,3.86,1.18,7.0,10.78,0.96,0.87,6.0,YAHOO,-0.4442,-0.655,-0.3037,0.056637,2.9334,-0.0447,76.22,2026-10-28,41,,,yahoo,1.0,0.0,1.0,1.0,1.0,1.0,0.0,0.0,1.0,-5.2681,-7.1583,-15.5944,-8.4017,25.4792,26.1904,97.6,109.9195,109.9195,-7.5102,-17.8763,-17.8763
ABBV,264.0199890136719,264.02,2026-09-17,False,260.8800048828125,264.6199951171875,0.58,23.91,BAJO,466554290176.0,74.58,16.23,-78.6,,10.51,40.03,9.8,3.62,17.17,,0.81,7.0,YAHOO,-0.4442,-0.655,-0.3037,0.056637,2.9334,-0.0447,76.22,2026-10-29,42,,,yahoo,1.0,0.0,1.0,1.0,1.0,1.0,0.0,1.0,1.0,3.5373,0.8788,4.1992,20.1913,13.2777,26.1568,265.79,265.97,265.97,-0.6659,-0.7332,-0.7332
TMO,658.3200073242188,658.32,2026-09-17,False,649.0,663.5700073242188,1.53,40.41,BAJO,243412041728.0,35.37,23.91,4.62,13.51,5.13,18.75,15.04,2.56,23.71,0.81,1.55,5.0,YAHOO,-0.4442,-0.655,-0.3037,0.056637,2.9334,-0.0447,76.22,2026-10-21,34,,,yahoo,1.0,0.0,1.0,1.0,0.0,1.0,1.0,0.0,0.0,9.2252,8.2632,25.1971,42.6985,28.5737,29.6569,658.32,658.32,658.32,0.0,0.0,0.0
AZN,166.13999938964844,166.14,2026-09-17,False,164.3000030517578,166.2899932861328,2.0,8.67,BAJO,257665843200.0,24.87,14.62,5.12,21.96,8.02,23.46,17.02,1.9,14.07,0.64,0.89,7.0,YAHOO,-0.4442,-0.655,-0.3037,0.056637,2.9334,-0.0447,76.22,2026-10-30,43,,,yahoo,1.0,1.0,1.0,1.0,1.0,1.0,0.0,1.0,0.0,4.0717,2.7903,0.9847,-6.6052,24.9576,34.2071,169.66,195.15,208.62,-2.0747,-14.8655,-20.3624
CAH,226.33999633789062,226.34,2026-09-17,False,226.0749969482422,232.7100067138672,-2.67,54.45,BAJO,52641189888.0,31.31,16.08,-18.29,,3.72,1.33,0.67,9.03,13.99,,0.88,8.0,YAHOO,-0.4442,-0.655,-0.3037,0.056637,2.9334,-0.0447,76.22,2026-11-05,49,,,yahoo,1.0,1.0,1.0,1.0,1.0,0.0,1.0,1.0,1.0,-4.1014,-7.8007,0.2613,0.2443,20.3344,22.6017,248.61,248.61,248.61,-8.9578,-8.9578,-8.9578
ISRG,383.5400085449219,383.54,2026-09-17,False,378.28009033203125,388.20001220703125,0.33,-10.93,BAJO,137413967872.0,43.98,31.72,7.47,17.42,10.51,33.6,28.45,1.9,31.09,,4.96,7.0,YAHOO,-0.4442,-0.655,-0.3037,0.056637,2.9334,-0.0447,76.22,2026-10-20,33,,,yahoo,1.0,1.0,1.0,1.0,0.0,1.0,1.0,0.0,1.0,6.4029,3.1354,8.5993,-4.6347,18.1942,48.5973,383.54,432.83,592.85,0.0,-11.3878,-35.3057
MRNA,158.07000732421875,158.07,2026-09-17,False,149.5,161.95989990234375,8.55,532.91,BAJO,63107223552.0,,-35.37,9.33,-39.0,-13.26,-557.93,-141.43,0.47,-24.73,0.19,2.29,3.0,YAHOO,-0.4442,-0.655,-0.3037,0.056637,2.9334,-0.0447,76.22,2026-11-05,49,,,yahoo,0.0,1.0,0.0,1.0,0.0,0.0,0.0,1.0,0.0,15.7005,4.814,165.7085,155.7767,70.1545,377.4061,158.83,174.38,174.38,-0.4785,-9.3531,-9.3531
NVS,140.9199981689453,140.92,2026-09-17,False,139.97000122070312,141.2100067138672,1.6,19.2,BAJO,267848744960.0,21.29,14.32,6.45,30.35,10.25,34.62,22.5,4.44,13.22,1.17,0.86,8.0,YAHOO,-0.4442,-0.655,-0.3037,0.056637,2.9334,-0.0447,76.22,2026-10-27,40,,,yahoo,1.0,1.0,1.0,1.0,0.0,1.0,1.0,1.0,1.0,2.5022,-13.2587,-5.7769,-6.6013,14.6585,39.0334,163.09,163.09,163.6393,-13.5937,-13.5937,-13.8838
PHG,24.68000030517578,24.68,2026-09-17,False,24.579999923706055,24.78499984741211,-0.2,-7.53,BAJO,24122910720.0,18.7,12.96,1.82,10.15,4.07,13.99,6.31,6.33,12.37,0.65,1.26,7.0,YAHOO,-0.4442,-0.655,-0.3037,0.056637,2.9334,-0.0447,76.22,2026-11-03,47,,,yahoo,1.0,1.0,1.0,1.0,0.0,1.0,0.0,1.0,1.0,0.3252,-6.4088,-7.7383,-5.9451,20.4011,23.6477,27.52,28.23,31.6757,-10.3198,-12.5753,-22.0854
MRK,147.14999389648438,147.15,2026-09-17,False,145.322998046875,147.64999389648438,1.55,87.31,BAJO,363044274176.0,117.72,15.41,8.66,6.96,11.87,-0.24,4.77,4.18,14.01,1.28,1.32,4.0,YAHOO,-0.4442,-0.655,-0.3037,0.056637,2.9334,-0.0447,76.22,2026-10-29,42,,,yahoo,1.0,0.0,1.0,0.0,0.0,1.0,1.0,0.0,0.0,2.2864,-2.3882,18.986,28.2212,11.0006,36.8521,155.5319,155.5319,155.5319,-5.3892,-5.3892,-5.3892
GILD,150.88999938964844,150.89,2026-09-17,False,146.89010620117188,151.0399932861328,2.17,38.36,BAJO,187096842240.0,,15.26,15.83,-20.68,14.09,33.68,-10.64,5.22,14.0,2.23,1.26,8.0,YAHOO,-0.4442,-0.655,-0.3037,0.056637,2.9334,-0.0447,76.22,2026-10-29,42,,,yahoo,1.0,1.0,1.0,1.0,1.0,0.0,1.0,1.0,1.0,4.7855,1.4236,13.9102,20.9564,12.4933,29.277,150.89,150.89,153.0467,0.0,0.0,-1.4092
BMY,62.84000015258789,62.84,2026-09-17,False,62.52000045776367,64.3499984741211,-1.19,43.33,BAJO,128364183552.0,13.84,9.57,5.75,46.6,10.72,34.42,18.87,6.32,8.66,2.02,1.53,8.0,YAHOO,-0.4442,-0.655,-0.3037,0.056637,2.9334,-0.0447,76.22,2026-10-29,42,,,yahoo,1.0,1.0,1.0,1.0,1.0,1.0,0.0,1.0,1.0,-1.4275,-7.1239,4.4548,14.959,12.7408,28.2129,68.09,68.09,68.09,-7.7104,-7.7104,-7.7104
HIMS,27.889999389648438,27.89,2026-09-17,False,27.649999618530273,28.920000076293945,-0.39,-43.98,BAJO,6507110912.0,,34.13,20.08,-32.03,-2.21,-12.75,-5.51,13.05,-711.21,4.77,0.93,4.0,YAHOO,-0.4442,-0.655,-0.3037,0.056637,2.9334,-0.0447,76.22,2026-11-09,53,,,yahoo,1.0,0.0,1.0,1.0,0.0,1.0,0.0,0.0,0.0,1.6399,-2.7545,-14.7095,-12.5431,52.8778,85.4692,33.78,38.28,62.76,-17.4364,-27.1421,-55.5609
CAT,798.5700073242188,798.57,2026-09-17,False,795.0599975585938,813.4199829101562,2.02,79.43,BAJO,367082569728.0,34.35,24.66,18.93,56.97,9.03,22.18,14.51,1.38,24.55,2.33,1.37,6.0,YAHOO,-0.4442,-0.655,-0.3037,0.056637,2.9334,-0.0447,76.22,2026-10-29,42,,,yahoo,1.0,0.0,1.0,1.0,1.0,1.0,1.0,0.0,0.0,-0.7988,0.7939,-7.605,-16.3056,41.554,42.0275,827.9,1062.9282,1062.9282,-3.5427,-24.8707,-24.8707
GE,313.4700012207031,313.47,2026-09-17,False,313.4700012207031,318.67999267578125,0.18,9.46,BAJO,325244715008.0,36.97,34.49,18.44,48.23,5.07,20.57,17.72,2.03,29.19,1.13,0.98,6.0,YAHOO,-0.4442,-0.655,-0.3037,0.056637,2.9334,-0.0447,76.22,2026-10-20,33,,,yahoo,1.0,1.0,1.0,0.0,0.0,0.0,1.0,1.0,1.0,-3.2948,-4.8649,-8.1541,-12.0912,36.3794,29.3633,354.39,381.22,381.22,-11.5466,-17.7719,-17.7719
LMT,538.0900268554688,538.09,2026-09-17,False,520.4849853515625,542.6137084960938,0.16,17.3,BAJO,124186198016.0,19.83,16.43,14.11,89.17,8.64,11.96,8.16,4.48,14.54,2.34,1.19,6.0,YAHOO,-0.4442,-0.655,-0.3037,0.056637,2.9334,-0.0447,76.22,2026-10-20,33,,,yahoo,1.0,0.0,1.0,1.0,1.0,0.0,1.0,1.0,0.0,1.5034,1.2304,6.2563,1.7092,5.6303,33.4809,567.967,604.9383,668.166,-5.2603,-11.0504,-19.4676
RTX,193.5399932861328,193.54,2026-09-17,False,191.86000061035156,197.35000610351562,-1.67,24.7,BAJO,260845092864.0,34.01,24.65,3.93,12.27,4.21,12.7,8.28,3.79,18.44,0.57,1.01,8.0,YAHOO,-0.4442,-0.655,-0.3037,0.056637,2.9334,-0.0447,76.22,2026-10-20,33,,,yahoo,1.0,1.0,1.0,1.0,1.0,1.0,0.0,1.0,1.0,-2.3117,-3.6059,-0.1322,0.8323,17.3158,25.5781,212.29,225.49,225.49,-8.8323,-14.1691,-14.1691
UAL,107.63999938964844,107.64,2026-09-17,False,107.33999633789062,109.80000305175781,1.26,2.65,BAJO,34936684544.0,10.08,7.38,2.09,23.25,3.38,5.53,5.56,2.61,7.27,2.02,0.78,7.0,YAHOO,-0.4442,-0.655,-0.3037,0.056637,2.9334,-0.0447,76.22,2026-10-21,34,,,yahoo,1.0,1.0,1.0,1.0,1.0,0.0,1.0,0.0,1.0,1.0799,-0.6553,-8.4071,-7.0707,20.635,36.5083,117.41,136.11,136.11,-8.3213,-20.9169,-20.9169
F,13.609999656677246,13.61,2026-09-17,False,13.59000015258789,13.829999923706055,1.95,22.8,BAJO,54271176704.0,,6.96,1.52,-18.25,0.35,1.88,-3.94,-14.63,25.44,4.57,1.09,2.0,YAHOO,-0.4442,-0.655,-0.3037,0.056637,2.9334,-0.0447,76.22,2026-10-22,35,,,yahoo,0.0,0.0,1.0,1.0,0.0,0.0,0.0,0.0,0.0,-1.9452,-3.7482,-1.6626,-1.4513,30.0786,31.5213,14.62,15.1163,17.2531,-6.9083,-9.9647,-21.1158
AAL,12.9399995803833,12.94,2026-09-17,False,12.895000457763672,13.130000114440918,1.89,4.32,BAJO,8565890560.0,,5.94,-2.16,,1.12,2.81,-0.56,6.06,10.61,,0.53,4.0,YAHOO,-0.4442,-0.655,-0.3037,0.056637,2.9334,-0.0447,76.22,2026-10-22,35,,,yahoo,1.0,0.0,1.0,1.0,0.0,0.0,0.0,0.0,1.0,0.7004,-1.2967,-14.531,-16.083,29.8917,42.4713,13.95,18.15,18.15,-7.2401,-28.7052,-28.7052
UNP,282.4800109863281,282.48,2026-09-17,False,278.95001220703125,284.0199890136719,0.56,33.45,BAJO,167814463488.0,22.85,19.95,8.64,39.7,9.27,40.98,28.85,2.81,15.21,1.51,0.99,8.0,YAHOO,-0.4442,-0.655,-0.3037,0.056637,2.9334,-0.0447,76.22,2026-10-22,35,,,yahoo,1.0,1.0,1.0,1.0,1.0,1.0,1.0,1.0,0.0,-1.1547,-2.5023,-4.2056,9.9752,11.4783,21.3943,309.1852,309.1852,309.1852,-8.6373,-8.6373,-8.6373
FDX,305.8800048828125,305.88,2026-09-17,False,304.95001220703125,309.260009765625,1.38,71.61,BAJO,72392753152.0,16.48,14.66,2.32,14.85,5.01,11.13,4.68,7.81,8.51,1.36,1.48,5.0,YAHOO,-0.4442,-0.655,-0.3037,0.056637,2.9334,-0.0447,76.22,2026-10-28,41,2026-09-16,1.0,yahoo,1.0,0.0,1.0,1.0,0.0,1.0,0.0,1.0,0.0,-1.5135,-2.9883,0.2811,-5.4295,25.9943,25.871,334.6761,338.023,338.023,-8.6042,-9.5091,-9.5091
PCAR,117.36000061035156,117.36,2026-09-17,False,117.08000183105469,119.76000213623047,-0.73,19.86,BAJO,61774192640.0,24.71,16.24,3.04,12.76,4.12,12.02,9.0,3.15,20.9,0.73,5.52,4.0,YAHOO,-0.4442,-0.655,-0.3037,0.056637,2.9334,-0.0447,76.22,2026-10-27,40,,,yahoo,1.0,0.0,1.0,1.0,0.0,1.0,0.0,0.0,0.0,-4.2506,-3.9057,-5.3561,0.2819,25.5533,26.7029,131.03,137.845,137.845,-10.4327,-14.8609,-14.8609
MMM,164.7100067138672,164.71,2026-09-17,False,162.8699951171875,165.4375,1.27,8.75,BAJO,84944642048.0,29.26,16.83,28.78,81.89,8.74,20.35,11.9,7.48,14.15,4.38,1.24,5.0,YAHOO,-0.4442,-0.655,-0.3037,0.056637,2.9334,-0.0447,76.22,2026-10-20,33,,,yahoo,1.0,0.0,1.0,0.0,0.0,1.0,1.0,0.0,1.0,1.1359,-2.3941,3.9727,3.8944,27.4627,25.2718,180.0,182.979,182.979,-8.4944,-9.9842,-9.9842
PAC,199.55999755859375,199.56,2026-09-17,False,197.0050048828125,203.07000732421875,-1.06,-19.27,BAJO,11874183168.0,18.56,15.76,555.42,28.03,10.47,44.16,30.83,58.09,79.45,1.18,0.74,7.0,YAHOO,-0.4442,-0.655,-0.3037,0.056637,2.9334,-0.0447,76.22,2026-10-19,32,,,yahoo,1.0,1.0,1.0,1.0,0.0,1.0,1.0,0.0,1.0,-2.4443,-4.2648,-8.0877,-19.7265,12.8466,26.1267,214.87,254.56,300.41,-7.1252,-21.6059,-33.5708
GT,5.150000095367432,5.15,2026-09-17,False,5.039999961853027,5.329999923706055,-0.19,-38.99,BAJO,1482678656.0,,9.13,0.52,-61.53,0.51,-0.96,-14.37,33.53,9.16,2.74,1.09,5.0,YAHOO,-0.4442,-0.655,-0.3037,0.056637,2.9334,-0.0447,76.22,2026-11-03,47,,,yahoo,0.0,0.0,1.0,1.0,1.0,1.0,0.0,0.0,1.0,-7.0397,-17.0692,-28.8674,-16.3961,10.2823,47.519,6.35,7.45,10.54,-18.8976,-30.8725,-51.1385
BA,197.0,197.0,2026-09-17,False,197.0,203.64259338378906,-2.46,-7.58,BAJO,155702902784.0,70.61,48.16,25.53,173.54,-1.98,0.0,2.59,3.61,-65.07,7.91,1.14,6.0,YAHOO,-0.4442,-0.655,-0.3037,0.056637,2.9334,-0.0447,76.22,2026-10-28,41,,,yahoo,1.0,1.0,1.0,0.0,1.0,0.0,0.0,1.0,1.0,-3.8086,-5.683,-5.9576,-12.6889,27.6933,33.5233,215.1,240.19,252.15,-8.4147,-17.9816,-21.8719
HON,206.49000549316406,206.49,2026-09-17,False,204.50010681152344,209.5749969482422,-0.56,1.25,BAJO,65444941824.0,7.94,20.78,3.53,46.58,5.72,20.25,21.58,3.99,10.8,1.85,1.21,5.0,YAHOO,-0.4442,-0.655,-0.3037,0.056637,2.9334,-0.0447,76.22,2026-10-22,35,,,yahoo,1.0,0.0,1.0,1.0,0.0,0.0,1.0,0.0,1.0,2.1318,0.2038,-8.4315,-13.6175,20.1863,31.1537,220.67,248.0457,257.9406,-6.4259,-16.7533,-19.9467
MOS,25.389999389648438,25.39,2026-09-17,False,24.950000762939453,25.7549991607666,2.42,-22.31,BAJO,8071370240.0,,16.22,0.7,-5.07,1.24,-0.12,-5.21,-9.25,8.05,0.52,1.34,7.0,YAHOO,-0.4442,-0.655,-0.3037,0.056637,2.9334,-0.0447,76.22,2026-11-03,47,,,yahoo,1.0,1.0,1.0,1.0,0.0,1.0,0.0,1.0,1.0,-0.0394,-0.6791,14.2567,13.7491,36.1783,38.8251,26.3073,26.3073,34.6571,-3.4869,-3.4869,-26.7394
BG,119.30999755859375,119.31,2026-09-17,False,114.55000305175781,120.40499877929688,1.86,52.82,BAJO,22921732096.0,25.71,10.52,1.44,7.18,3.47,4.62,1.1,-28.25,13.0,0.98,1.57,3.0,YAHOO,-0.4442,-0.655,-0.3037,0.056637,2.9334,-0.0447,76.22,2026-11-04,48,,,yahoo,1.0,0.0,1.0,1.0,0.0,0.0,0.0,0.0,0.0,-4.2379,-2.8895,-0.355,3.3772,38.3635,35.2253,124.59,124.59,130.5866,-4.2379,-4.2379,-8.6354
RKLB,67.81999969482422,67.82,2026-09-17,False,65.26000213623047,68.33070373535156,6.47,41.69,BAJO,43364855808.0,,1488.59,11.62,-7.92,-4.62,-24.57,-21.51,-0.58,-238.81,0.04,5.48,5.0,YAHOO,-0.4442,-0.655,-0.3037,0.056637,2.9334,-0.0447,76.22,2026-11-09,53,,,yahoo,0.0,1.0,0.0,1.0,1.0,1.0,0.0,1.0,0.0,9.4577,7.4802,3.164,-37.1921,50.3264,78.1739,72.95,101.65,150.23,-7.0322,-33.2809,-54.8559
ONDS,7.389999866485596,7.39,2026-09-17,False,7.300000190734863,7.53000020980835,2.64,21.78,BAJO,4303129600.0,,-369.5,2.49,19.32,-8.37,-166.3,96.25,-1.61,-15.34,0.03,9.85,5.0,YAHOO,-0.4442,-0.655,-0.3037,0.056637,2.9334,-0.0447,76.22,2026-11-12,56,,,yahoo,0.0,1.0,0.0,1.0,1.0,1.0,0.0,1.0,0.0,1.931,-2.8909,7.5691,-18.9693,22.5447,80.4526,8.75,9.77,14.01,-15.5429,-24.3603,-47.252
SMSN.IL,4636.0,4636.0,2026-09-15,False,4600.0,4680.0,2.34,230.69,BAJO,1281370249728.0,48.9,75.19,0.0,10.64,2.3,6.08,13.13,-1050.44,-1.44,0.03,2.88,6.0,YAHOO,-0.4442,-0.655,-0.3037,0.056637,2.9334,-0.0447,76.22,2026-10-28,41,,,yahoo,1.0,1.0,1.0,1.0,0.0,0.0,0.0,1.0,1.0,-7.0569,0.6076,7.9646,-17.1116,77.2591,78.5548,5065.0,5583.0718,6002.5513,-8.4699,-16.9633,-22.7662
ADS.DE,144.64999389648438,144.65,2026-09-15,False,141.64999389648438,145.25,1.94,-15.52,BAJO,24928952320.0,18.26,12.25,4.19,24.32,6.7,8.51,5.3,3.82,11.16,0.94,1.39,6.0,YAHOO,-0.4442,-0.655,-0.3037,0.056637,2.9334,-0.0447,76.22,2026-10-29,42,,,yahoo,1.0,1.0,1.0,0.0,0.0,1.0,0.0,1.0,1.0,-1.2291,-2.2305,-20.127,-18.7131,22.178,35.5883,155.9,187.9,191.3097,-7.2162,-23.0176,-24.3896
BAYN.DE,48.97999954223633,48.98,2026-09-15,False,48.349998474121094,49.41999816894531,0.55,82.96,BAJO,48178077696.0,,10.16,1.63,-5.69,3.18,9.19,-3.83,13.62,8.06,1.29,1.04,6.0,YAHOO,-0.4442,-0.655,-0.3037,0.056637,2.9334,-0.0447,76.22,2026-11-03,47,,,yahoo,0.0,0.0,1.0,1.0,1.0,0.0,1.0,1.0,1.0,-0.5684,0.2046,1.0731,31.8439,27.1499,49.3782,49.41,53.36,53.36,-0.8703,-8.2084,-8.2084
RIOT,21.8799991607666,21.88,2026-09-17,False,20.649999618530273,22.065000534057617,7.52,24.81,BAJO,8210665472.0,,-23.4,3.77,-48.24,-21.2,-122.33,-196.28,-8.76,-8.95,0.4,1.58,2.0,YAHOO,-0.4442,-0.655,-0.3037,0.056637,2.9334,-0.0447,76.22,2026-10-29,42,,,yahoo,0.0,0.0,0.0,0.0,0.0,0.0,0.0,1.0,1.0,4.4391,17.4135,9.9497,-20.2333,94.9839,98.008,22.26,28.57,28.69,-1.7071,-23.4162,-23.7365
OKLO,39.650001525878906,39.65,2026-09-17,False,36.619998931884766,40.63999938964844,11.31,-57.76,BAJO,7375600128.0,,-39.21,2.24,-7.7,-6.65,-6048.76,0.0,-3.24,-19.21,0.0,48.46,4.0,YAHOO,-0.4442,-0.655,-0.3037,0.056637,2.9334,-0.0447,76.22,2026-11-10,54,,,yahoo,0.0,1.0,0.0,1.0,1.0,1.0,0.0,0.0,0.0,-0.5767,0.329,-4.4808,-32.591,94.4171,85.4372,44.27,54.06,174.14,-10.436,-26.6556,-77.231
SATL,5.510000228881836,5.51,2026-09-17,False,5.09499979019165,5.690000057220459,11.31,56.72,BAJO,847106880.0,,-183.67,25.05,,-9.86,1.67,0.0,-2.22,-47.82,2.85,2.34,4.0,YAHOO,-0.4442,-0.655,-0.3037,0.056637,2.9334,-0.0447,76.22,2026-11-12,56,,,yahoo,0.0,1.0,0.0,0.0,1.0,1.0,0.0,1.0,0.0,17.2341,16.4905,54.3417,-10.6969,92.3157,103.8022,5.72,5.98,10.74,-3.6713,-7.8595,-48.6965
JMIA,7.110000133514404,7.11,2026-09-17,False,7.099999904632568,7.364999771118164,-0.7,-39.47,BAJO,950079744.0,,-20.91,1015.71,-216.21,-25.23,-23.8,-27.54,-2.93,-15.93,37.95,0.88,3.0,YAHOO,-0.4442,-0.655,-0.3037,0.056637,2.9334,-0.0447,76.22,2026-11-11,55,,,yahoo,0.0,1.0,0.0,1.0,0.0,0.0,0.0,0.0,1.0,-2.3352,-0.8368,12.3223,3.9474,11.8559,52.3925,7.52,7.52,14.6,-5.4521,-5.4521,-51.3014
LAR,5.769999980926514,5.77,2026-09-17,False,5.715000152587891,5.875,3.78,79.82,BAJO,946857024.0,,16.85,1.2,-6.58,-2.05,0.0,0.0,-1.73,-30.92,0.3,0.47,1.0,YAHOO,-0.4442,-0.655,-0.3037,0.056637,2.9334,-0.0447,76.22,2026-11-09,53,,,yahoo,0.0,0.0,0.0,1.0,0.0,0.0,0.0,0.0,0.0,-9.9844,-15.8892,-2.0373,-39.2632,58.4813,64.6779,6.91,8.27,11.79,-16.4978,-30.2298,-51.0602
NG,7.429999828338623,7.43,2026-09-17,False,7.135000228881836,7.550000190734863,6.29,6.17,BAJO,3260139776.0,,-31.8,7.74,-24.63,-4.36,0.0,0.0,-0.73,-88.71,0.41,112.82,4.0,YAHOO,-0.4442,-0.655,-0.3037,0.056637,2.9334,-0.0447,76.22,2026-09-30,13,,,yahoo,0.0,1.0,0.0,1.0,1.0,1.0,0.0,0.0,0.0,-2.3653,-9.0575,42.3372,-8.2716,74.1337,72.111,9.77,9.77,14.2,-23.9509,-23.9509,-47.6761
PBI,17.31999969482422,17.32,2026-09-17,False,17.15999984741211,17.46500015258789,0.06,58.16,BAJO,2374402304.0,14.08,9.51,-2.75,,8.41,21.68,10.04,9.85,8.11,,0.73,7.0,YAHOO,-0.4442,-0.655,-0.3037,0.056637,2.9334,-0.0447,76.22,2026-11-05,49,,,yahoo,1.0,1.0,1.0,1.0,0.0,0.0,1.0,1.0,1.0,2.0625,-0.4598,-5.8887,0.2301,12.7438,28.2819,17.58,18.4037,18.4037,-1.479,-5.8887,-5.8887
TEM,80.36000061035156,80.36,2026-09-17,False,72.61000061035156,81.27999877929688,14.85,-6.41,BAJO,14499736576.0,,20090.0,32.52,-67.44,-8.55,-20.11,-17.77,-0.64,-68.54,3.25,3.3,4.0,YAHOO,-0.4442,-0.655,-0.3037,0.056637,2.9334,-0.0447,76.22,2026-11-03,47,,,yahoo,0.0,1.0,0.0,1.0,0.0,1.0,0.0,1.0,0.0,36.8063,29.7385,65.9988,64.7059,92.2172,94.8567,80.36,80.36,103.25,0.0,0.0,-22.1695
MRSH,174.5800018310547,174.58,2026-09-17,False,173.25999450683594,176.17999267578125,-1.23,-9.11,BAJO,83311542272.0,21.34,15.3,5.5,25.9,7.24,26.32,14.24,5.74,13.57,1.45,1.14,6.0,YAHOO,-0.4442,-0.655,-0.3037,0.056637,2.9334,-0.0447,76.22,2026-10-15,28,,,yahoo,1.0,0.0,1.0,1.0,1.0,0.0,1.0,0.0,1.0,-1.5286,-7.0592,-3.5873,6.91,25.9084,28.3685,194.67,197.59,203.7672,-10.32,-11.6453,-14.3238
CEPU,14.479999542236328,14.48,2026-09-17,False,13.845000267028809,14.5,6.08,74.25,BAJO,2171800576.0,6.7,8.62,1.1,19.03,7.21,24.84,28.78,-1931.64,1.24,0.33,1.28,7.0,YAHOO,-0.4442,-0.655,-0.3037,0.056637,2.9334,-0.0447,76.22,2026-11-11,55,,,yahoo,1.0,1.0,1.0,1.0,0.0,1.0,1.0,0.0,1.0,0.0,1.1173,-0.3441,-7.8294,57.412,38.2027,14.48,15.5,17.95,0.0,-6.5806,-19.3315
BMA,76.7699966430664,76.77,2026-09-17,False,76.28500366210938,78.36730194091797,0.81,84.31,BAJO,4908599296.0,19.34,6.77,1.21,5.36,1.31,26.07,8.39,,,,,5.0,YAHOO,-0.4442,-0.655,-0.3037,0.056637,2.9334,-0.0447,76.22,2026-11-25,69,2026-08-19,29.0,yahoo,,,,,,,,,,-2.6132,-2.9088,-15.2275,-21.6243,15.8348,42.5082,79.18,97.63,101.1279,-3.0437,-21.3664,-24.0862
SUPV,8.380000114440918,8.38,2026-09-17,False,8.359999656677246,8.59000015258789,0.12,50.27,BAJO,791978816.0,,6.83,0.94,-8.01,-1.15,3.31,-11.23,,,,,2.0,YAHOO,-0.4442,-0.655,-0.3037,0.056637,2.9334,-0.0447,76.22,2026-11-17,61,,,yahoo,0.0,0.0,1.0,1.0,0.0,0.0,0.0,0.0,0.0,-4.0092,-5.4176,-13.1606,-25.2453,13.3695,51.3721,8.86,10.29,12.86,-5.4176,-18.5617,-34.8367
EDN,23.829999923706055,23.83,2026-09-17,False,23.790000915527344,24.624000549316406,0.25,44.79,BAJO,1133692848.7503777,7.09,17.5,0.57,9.59,3.09,5.14,7.2,-10057.13,0.83,0.62,1.46,6.0,YAHOO,-0.4442,-0.655,-0.3037,0.056637,2.9334,-0.0447,76.22,2026-11-06,50,,,yahoo,1.0,0.0,1.0,0.0,0.0,1.0,1.0,1.0,1.0,-4.9461,-4.3356,-5.0598,-13.0292,14.8409,42.1706,25.07,27.27,35.71,-4.9461,-12.6146,-33.268
TGS,29.139999389648438,29.14,2026-09-17,False,28.850000381469727,29.420000076293945,0.28,32.73,BAJO,4387091456.0,12.72,11.13,1.87,15.98,9.91,40.71,28.02,8188.74,-0.48,0.43,3.67,6.0,YAHOO,-0.4442,-0.655,-0.3037,0.056637,2.9334,-0.0447,76.22,2026-11-03,47,,,yahoo,1.0,0.0,1.0,1.0,0.0,1.0,1.0,1.0,0.0,-5.2049,-1.7863,-3.2215,-7.814,17.8465,34.0799,30.74,31.83,35.32,-5.2049,-8.4511,-17.4972
TEO,14.010000228881836,14.01,2026-09-17,False,13.684800148010254,14.225000381469727,1.52,95.76,BAJO,6034633902.608013,11.39,14.78,1.03,10.83,3.12,13.95,8.91,13431.21,1.98,0.67,0.58,6.0,YAHOO,-0.4442,-0.655,-0.3037,0.056637,2.9334,-0.0447,76.22,2026-11-09,53,,,yahoo,,,,,,,,,,3.4712,5.2592,6.3781,-3.8435,33.6875,31.468,14.01,14.3,15.98,0.0,-2.028,-12.3279
IRS,16.020000457763672,16.02,2026-09-17,False,15.3100004196167,16.219999313354492,4.03,33.8,BAJO,1355283968.0,4.78,61.85,0.87,20.57,3.83,16.84,59.84,8014.04,3.94,0.42,0.74,2.0,YAHOO,-0.4442,-0.655,-0.3037,0.056637,2.9334,-0.0447,76.22,2026-11-04,48,2026-08-31,17.0,yahoo,1.0,0.0,1.0,0.0,0.0,0.0,0.0,0.0,0.0,2.8902,4.7744,6.163,-2.4954,38.3269,26.6828,16.02,16.1,18.41,0.0,-0.4969,-12.9821
LOMA,9.550000190734863,9.55,2026-09-17,False,9.520000457763672,9.8100004196167,-0.52,28.65,BAJO,1114452864.0,38.2,12.41,1.29,3.82,2.65,6.84,5.13,-3086.44,1.63,0.24,2.25,5.0,YAHOO,-0.4442,-0.655,-0.3037,0.056637,2.9334,-0.0447,76.22,2026-11-05,49,,,yahoo,1.0,0.0,1.0,1.0,0.0,1.0,1.0,0.0,0.0,-5.3518,-8.2613,-16.1545,-19.4093,15.4317,36.8602,10.41,12.19,13.12,-8.2613,-21.6571,-27.2104
GLOB,37.72999954223633,37.73,2026-09-17,False,37.369998931884766,38.73500061035156,-1.67,-32.42,BAJO,1629164672.0,14.74,6.08,0.77,5.48,4.67,4.86,4.63,,5.25,0.24,1.84,4.0,YAHOO,-0.4442,-0.655,-0.3037,0.056637,2.9334,-0.0447,76.22,2026-11-19,63,,,yahoo,1.0,0.0,1.0,1.0,0.0,0.0,1.0,0.0,0.0,2.8065,-2.9578,16.8473,9.0147,79.3622,63.2431,40.71,40.99,71.21,-7.3201,-7.9532,-47.0159
BBAR,14.630000114440918,14.63,2026-09-17,False,14.449999809265137,14.850000381469727,0.83,68.17,BAJO,2987982848.0,13.18,13.31,1.08,8.12,1.24,19.02,8.62,,,,,4.0,YAHOO,-0.4442,-0.655,-0.3037,0.056637,2.9334,-0.0447,76.22,2026-11-24,68,2026-08-27,21.0,yahoo,1.0,0.0,1.0,1.0,0.0,0.0,1.0,0.0,0.0,-4.6284,-4.1284,-25.018,-29.9067,15.9743,49.3614,15.34,21.075,21.7253,-4.6284,-30.5814,-32.6592
LND,3.5899999141693115,3.59,2026-09-17,False,3.530100107192993,3.619999885559082,0.0,-8.25,BAJO,357619482.07993674,,,0.9,-4.28,-0.88,4.64,-10.07,-96.8,60.27,0.71,1.54,2.0,YAHOO,-0.4442,-0.655,-0.3037,0.056637,2.9334,-0.0447,76.22,2026-11-05,49,2026-09-03,14.0,finnhub,0.0,0.0,1.0,1.0,0.0,0.0,0.0,0.0,0.0,-6.0209,-6.2663,-5.5263,-1.1019,21.2939,21.6818,3.87,3.87,4.37,-7.2351,-7.2351,-17.849
AGRO,11.829999923706055,11.83,2026-09-17,False,11.555000305175781,12.114999771118164,1.81,46.88,BAJO,1707163264.0,31.13,8.5,0.98,3.69,2.47,17.0,3.0,-7.52,9.09,1.24,1.73,2.0,YAHOO,-0.4442,-0.655,-0.3037,0.056637,2.9334,-0.0447,76.22,2026-11-11,55,,,yahoo,0.0,0.0,1.0,1.0,0.0,0.0,0.0,0.0,0.0,-4.0552,0.4244,11.4986,22.7178,21.5094,47.9985,12.46,12.46,15.18,-5.0562,-5.0562,-22.0685
USB,60.25,60.25,2026-09-17,False,59.70000076293945,60.689998626708984,0.87,26.92,BAJO,93872603136.0,12.03,10.41,1.55,12.62,1.16,39.65,29.9,,,,,6.0,YAHOO,-0.4442,-0.655,-0.3037,0.056637,2.9334,-0.0447,76.22,2026-10-15,28,,,yahoo,1.0,1.0,1.0,1.0,0.0,0.0,1.0,0.0,1.0,-3.461,-4.0147,-4.5771,4.9312,33.2147,20.5678,63.53,65.42,65.42,-5.1629,-7.9028,-7.9028
IBKR,88.37999725341797,88.38,2026-09-17,False,87.625,89.08999633789062,1.89,43.0,BAJO,150583214080.0,35.07,27.74,6.75,24.02,2.28,76.53,16.47,,,2.06,1.09,4.0,YAHOO,-0.4442,-0.655,-0.3037,0.056637,2.9334,-0.0447,76.22,2026-10-20,33,,,yahoo,1.0,0.0,1.0,1.0,0.0,0.0,0.0,1.0,0.0,-1.1631,-0.8303,-3.5122,-6.9723,30.9219,42.7494,98.1012,98.1012,98.1012,-9.9094,-9.9094,-9.9094
DAL,79.43000030517578,79.43,2026-09-17,False,78.94000244140625,79.87000274658203,2.0,37.15,BAJO,52234997760.0,13.17,9.28,2.38,20.12,4.02,7.92,5.78,5.39,9.11,0.97,0.42,6.0,YAHOO,-0.4442,-0.655,-0.3037,0.056637,2.9334,-0.0447,76.22,2026-10-08,21,,,yahoo,1.0,1.0,1.0,1.0,1.0,1.0,0.0,0.0,0.0,1.521,1.6509,-6.0445,-3.1901,24.1165,29.6186,83.62,93.4293,93.4293,-5.0108,-14.9839,-14.9839
BIIB,219.0500030517578,219.05,2026-09-17,False,215.3300018310547,219.41000366210938,1.41,51.84,BAJO,32365514752.0,38.84,13.25,1.72,4.58,5.21,25.06,8.32,3.91,11.61,0.44,1.86,4.0,YAHOO,-0.4442,-0.655,-0.3037,0.056637,2.9334,-0.0447,76.22,2026-10-28,41,,,yahoo,1.0,0.0,1.0,1.0,0.0,1.0,0.0,0.0,0.0,1.6804,-1.6257,9.5524,10.2582,13.283,39.3784,224.51,224.51,224.51,-2.432,-2.432,-2.432
SYY,79.11000061035156,79.11,2026-09-17,False,78.56999969482422,79.61000061035156,0.51,-0.71,BAJO,37938647040.0,21.61,14.73,14.2,77.69,7.97,4.84,2.08,5.04,11.35,5.65,1.28,6.0,YAHOO,-0.4442,-0.655,-0.3037,0.056637,2.9334,-0.0447,76.22,2026-11-03,47,,,yahoo,1.0,0.0,1.0,1.0,1.0,1.0,0.0,1.0,0.0,-3.8877,-3.2412,-2.0673,0.803,38.7047,20.6082,84.1,85.32,89.8822,-5.9334,-7.2785,-11.9848
MDT,92.7699966430664,92.77,2026-09-17,False,92.20999908447266,93.43000030517578,0.18,1.91,BAJO,118665617408.0,22.85,14.48,2.36,10.65,5.12,19.33,13.93,4.56,13.3,0.55,2.07,7.0,YAHOO,-0.4442,-0.655,-0.3037,0.056637,2.9334,-0.0447,76.22,2026-11-17,61,2026-09-01,16.0,yahoo,1.0,1.0,1.0,1.0,0.0,1.0,1.0,0.0,1.0,1.2552,0.64,11.3819,19.794,29.3624,27.0489,94.17,94.17,102.8065,-1.4867,-1.4867,-9.7625
MS,203.52000427246094,203.52,2026-09-17,False,200.25979614257812,204.86000061035156,0.54,32.86,BAJO,319641649152.0,16.43,14.92,3.0,17.97,1.34,41.57,25.9,,,5.17,2.0,3.0,YAHOO,-0.4442,-0.655,-0.3037,0.056637,2.9334,-0.0447,76.22,2026-10-14,27,,,yahoo,1.0,1.0,0.0,0.0,0.0,0.0,1.0,0.0,0.0,-4.2979,-3.9184,-2.9865,-9.0326,29.7327,28.5478,217.72,227.2988,227.2988,-6.5221,-10.4615,-10.4615
O,57.31999969482422,57.32,2026-09-17,False,56.939998626708984,57.790000915527344,0.3,1.87,BAJO,54237216768.0,41.84,36.91,1.37,3.23,2.36,46.97,20.9,2.92,16.31,0.75,1.53,5.0,YAHOO,-0.4442,-0.655,-0.3037,0.056637,2.9334,-0.0447,76.22,2026-11-02,46,,,yahoo,1.0,1.0,1.0,1.0,0.0,0.0,0.0,0.0,1.0,-3.7771,-6.7967,-11.2996,-4.1365,20.0484,16.9245,62.8938,65.1872,65.8234,-8.8622,-12.0686,-12.9185
DOW,29.489999771118164,29.49,2026-09-17,False,29.34000015258789,29.990400314331055,-1.96,26.73,BAJO,21301827584.0,,16.25,1.34,-5.54,1.3,11.59,-3.13,1.12,9.7,1.12,1.75,3.0,YAHOO,-0.4442,-0.655,-0.3037,0.056637,2.9334,-0.0447,76.22,2026-10-22,35,,,yahoo,0.0,0.0,1.0,1.0,0.0,1.0,0.0,0.0,0.0,-0.5061,-5.7225,-1.7708,-8.2085,35.2207,36.7246,32.5226,32.5226,40.973,-9.3245,-9.3245,-28.0259
AVY,171.08999633789062,171.09,2026-09-17,False,170.8975067138672,173.9949951171875,-0.69,6.73,BAJO,12966593536.0,18.7,15.29,5.59,31.16,8.39,13.59,7.62,7.75,11.0,1.59,1.13,5.0,YAHOO,-0.4442,-0.655,-0.3037,0.056637,2.9334,-0.0447,76.22,2026-10-21,34,,,yahoo,1.0,0.0,1.0,1.0,0.0,1.0,1.0,0.0,0.0,1.3746,-1.9092,8.6665,7.856,10.7157,26.9567,182.6485,182.6485,194.0973,-6.3283,-6.3283,-11.8535
SWKS,91.31999969482422,91.32,2026-09-17,False,84.43499755859375,91.44999694824219,6.69,27.2,BAJO,13741174784.0,47.32,18.4,2.4,5.09,3.44,8.82,7.23,3.27,14.5,0.12,3.1,6.0,YAHOO,-0.4442,-0.655,-0.3037,0.056637,2.9334,-0.0447,76.22,2026-11-03,47,,,yahoo,1.0,0.0,1.0,1.0,1.0,0.0,1.0,0.0,1.0,8.6755,27.4173,52.709,31.623,171.9302,62.3176,91.32,91.32,91.32,0.0,0.0,0.0
IP,35.54999923706055,35.55,2026-09-17,False,34.154998779296875,35.834999084472656,4.37,-19.88,BAJO,18826209280.0,,11.82,1.3,-16.48,1.59,2.3,-14.21,8.75,6.92,0.69,1.1,4.0,YAHOO,-0.4442,-0.655,-0.3037,0.056637,2.9334,-0.0447,76.22,2026-10-28,41,,,yahoo,0.0,0.0,1.0,1.0,1.0,0.0,0.0,1.0,0.0,3.6745,-2.0661,-0.8142,-0.5674,37.5589,42.5982,41.49,43.5936,47.4479,-14.3167,-18.4513,-25.0757
LVS,40.66999816894531,40.67,2026-09-17,False,40.630001068115234,41.43000030517578,-0.95,-20.54,BAJO,26342006784.0,15.76,11.58,45.34,122.87,9.55,19.66,12.59,8.4,8.31,17.04,1.0,8.0,YAHOO,-0.4442,-0.655,-0.3037,0.056637,2.9334,-0.0447,76.22,2026-10-21,34,,,yahoo,1.0,1.0,1.0,1.0,0.0,1.0,1.0,1.0,1.0,-4.5305,-8.6888,-10.6533,-14.9601,15.0553,25.3421,47.27,49.5536,68.2933,-13.9623,-17.9272,-40.4481
KLAC,168.97999572753906,168.98,2026-09-17,False,167.25999450683594,173.7899932861328,0.97,72.26,BAJO,220780281856.0,46.04,25.2,34.78,87.5,20.8,42.49,35.57,1.19,36.67,0.97,2.88,7.0,YAHOO,-0.4442,-0.655,-0.3037,0.056637,2.9334,-0.0447,76.22,2026-10-28,41,,,yahoo,1.0,1.0,1.0,0.0,1.0,1.0,1.0,1.0,0.0,-4.6281,-1.9041,-18.5111,-29.1371,51.8203,72.8376,188.98,301.3694,301.3694,-10.5831,-43.9293,-43.9293
DECK,79.70999908447266,79.71,2026-09-17,False,77.4000015258789,80.19999694824219,2.24,-32.2,BAJO,10855055360.0,11.34,9.57,4.74,42.56,20.32,15.23,18.36,8.03,7.16,0.21,2.75,6.0,YAHOO,-0.4442,-0.655,-0.3037,0.056637,2.9334,-0.0447,76.22,2026-10-22,35,,,yahoo,1.0,1.0,1.0,1.0,0.0,0.0,1.0,0.0,1.0,-0.2128,-4.8352,-23.3852,-24.6027,40.4663,38.3535,92.08,109.03,120.94,-13.434,-26.8917,-34.0913
IFF,84.91000366210938,84.91,2026-09-17,False,84.61000061035156,85.61000061035156,0.6,37.93,BAJO,21664784384.0,,21.44,1.55,-5.55,2.27,8.49,2.57,-7.94,14.34,0.45,2.06,5.0,YAHOO,-0.4442,-0.655,-0.3037,0.056637,2.9334,-0.0447,76.22,2026-11-03,47,,,yahoo,0.0,0.0,1.0,1.0,1.0,0.0,0.0,1.0,1.0,1.0232,-2.3349,9.8874,12.2406,8.1446,33.3502,87.95,88.07,88.07,-3.4565,-3.5881,-3.5881
SNA,371.6199951171875,371.62,2026-09-17,False,371.2366943359375,377.239990234375,-0.36,15.82,BAJO,19222833152.0,18.98,17.42,3.18,17.93,9.85,25.4,19.6,5.77,13.41,0.22,3.43,6.0,YAHOO,-0.4442,-0.655,-0.3037,0.056637,2.9334,-0.0447,76.22,2026-10-15,28,,,yahoo,1.0,0.0,1.0,1.0,1.0,1.0,1.0,0.0,0.0,-0.8564,-2.3569,-8.0202,-1.9237,9.6924,17.9686,397.48,416.7245,416.7245,-6.506,-10.8236,-10.8236
NUE,265.1400146484375,265.14,2026-09-17,False,263.8900146484375,268.0,1.71,88.79,BAJO,60153819136.0,21.14,13.3,2.72,14.55,7.32,15.67,7.99,1.14,11.39,0.31,2.51,6.0,YAHOO,-0.4442,-0.655,-0.3037,0.056637,2.9334,-0.0447,76.22,2026-10-26,39,,,yahoo,1.0,0.0,1.0,1.0,0.0,1.0,1.0,0.0,1.0,3.7892,0.4432,14.9086,5.2222,26.4636,35.9469,265.14,274.74,274.74,0.0,-3.4942,-3.4942
PLD,135.17999267578125,135.18,2026-09-17,False,134.00010681152344,135.55499267578125,1.08,23.05,BAJO,131407306752.0,30.11,39.7,2.35,7.75,2.52,43.03,43.58,4.11,24.43,0.64,0.65,4.0,YAHOO,-0.4442,-0.655,-0.3037,0.056637,2.9334,-0.0447,76.22,2026-10-15,28,,,yahoo,1.0,0.0,1.0,1.0,0.0,0.0,0.0,0.0,1.0,1.3714,-0.2465,-7.6124,-3.3254,13.3084,21.4457,142.2308,148.878,148.878,-4.9573,-9.2008,-9.2008
EFX,161.1699981689453,161.17,2026-09-17,False,161.0800018310547,165.15499877929688,-1.61,-37.23,BAJO,18935040000.0,28.38,15.84,4.33,14.27,6.16,17.3,10.73,5.0,12.66,1.21,0.6,8.0,YAHOO,-0.4442,-0.655,-0.3037,0.056637,2.9334,-0.0447,76.22,2026-10-20,33,,,yahoo,1.0,1.0,1.0,1.0,1.0,0.0,1.0,1.0,1.0,-4.0883,-13.1065,-10.2423,4.3889,34.2558,43.6202,194.0692,194.0692,259.3654,-16.9523,-16.9523,-37.8599
DE,685.6300048828125,685.63,2026-09-17,False,672.0900268554688,687.8150024414062,2.41,48.62,BAJO,184863277056.0,38.07,30.19,6.6,18.24,3.76,13.37,10.17,2.44,28.2,2.3,2.13,5.0,YAHOO,-0.4442,-0.655,-0.3037,0.056637,2.9334,-0.0447,76.22,2026-11-25,69,2026-08-20,28.0,yahoo,1.0,0.0,1.0,1.0,0.0,1.0,1.0,0.0,0.0,1.1343,-1.8242,17.0017,16.8126,29.9158,35.294,698.37,698.37,698.37,-1.8242,-1.8242,-1.8242
DHR,212.5,212.5,2026-09-17,False,206.69009399414062,213.27000427246094,1.99,11.58,BAJO,149384527872.0,37.95,22.85,2.84,7.61,3.95,19.78,15.95,2.9,21.18,0.53,1.65,5.0,YAHOO,-0.4442,-0.655,-0.3037,0.056637,2.9334,-0.0447,76.22,2026-10-20,33,,,yahoo,1.0,0.0,1.0,1.0,0.0,1.0,1.0,0.0,0.0,5.9692,1.2339,5.6636,19.7912,23.2195,38.3464,218.85,218.85,241.0351,-2.9015,-2.9015,-11.8386
LIN,458.4800109863281,458.48,2026-09-17,False,455.69500732421875,462.9599914550781,-0.78,-2.53,BAJO,211350192128.0,29.62,23.45,5.41,18.4,7.16,28.12,20.43,1.97,17.2,0.69,0.88,5.0,YAHOO,-0.4442,-0.655,-0.3037,0.056637,2.9334,-0.0447,76.22,2026-10-30,43,,,yahoo,1.0,0.0,1.0,1.0,0.0,0.0,1.0,1.0,0.0,-0.6802,-5.6334,-10.167,-10.8287,4.0674,20.8988,488.7206,544.8458,544.8458,-6.1877,-15.8514,-15.8514
SPGI,404.1099853515625,404.11,2026-09-17,False,403.6809997558594,408.239990234375,-0.65,-20.17,BAJO,119131627520.0,24.6,19.99,3.78,14.26,7.03,44.79,30.54,4.57,16.78,0.43,0.95,7.0,YAHOO,-0.4442,-0.655,-0.3037,0.056637,2.9334,-0.0447,76.22,2026-10-29,42,,,yahoo,1.0,1.0,1.0,1.0,0.0,0.0,1.0,1.0,1.0,-1.5375,-6.3932,-9.6649,2.4122,25.0221,34.5105,450.58,456.3554,513.3384,-10.3134,-11.4484,-21.2781
TJX,126.55000305175781,126.55,2026-09-17,False,123.26399993896484,126.68000030517578,3.02,-7.9,BAJO,139201708032.0,23.44,21.92,13.44,62.17,13.54,10.91,9.73,3.16,16.57,1.34,1.15,7.0,YAHOO,-0.4442,-0.655,-0.3037,0.056637,2.9334,-0.0447,76.22,2026-11-18,62,2026-08-19,29.0,yahoo,1.0,1.0,1.0,1.0,1.0,0.0,1.0,1.0,0.0,0.1028,-3.625,-18.4655,-22.6532,32.1131,25.2518,140.71,164.6505,167.8803,-10.0633,-23.1402,-24.6189
JCI,141.05999755859375,141.06,2026-09-17,False,140.86000061035156,143.4600067138672,0.42,32.73,BAJO,85445885952.0,39.74,23.23,6.34,14.33,5.4,15.88,14.32,3.49,21.81,0.7,1.0,6.0,YAHOO,-0.4442,-0.655,-0.3037,0.056637,2.9334,-0.0447,76.22,2026-11-04,48,,,yahoo,1.0,1.0,1.0,0.0,0.0,0.0,1.0,1.0,1.0,-1.2254,1.2998,1.2126,-1.7825,51.8973,30.3327,146.37,154.76,154.76,-3.6278,-8.8524,-8.8524
ADP,272.239990234375,272.24,2026-09-17,False,270.17999267578125,273.29998779296875,-0.35,-2.35,BAJO,108150808576.0,24.91,20.32,17.96,72.24,6.25,23.46,20.11,4.85,17.07,0.91,1.05,6.0,YAHOO,-0.4442,-0.655,-0.3037,0.056637,2.9334,-0.0447,76.22,2026-10-28,41,,,yahoo,1.0,0.0,1.0,1.0,0.0,1.0,1.0,1.0,0.0,2.4884,-2.5529,7.343,25.2433,30.025,30.5933,285.6519,285.6519,285.6519,-4.6952,-4.6952,-4.6952
ECL,271.67999267578125,271.68,2026-09-17,False,271.67999267578125,276.67999267578125,-0.88,4.13,BAJO,76159672320.0,36.47,28.85,7.57,21.96,7.23,18.52,12.57,1.94,20.71,1.38,1.84,6.0,YAHOO,-0.4442,-0.655,-0.3037,0.056637,2.9334,-0.0447,76.22,2026-10-27,40,,,yahoo,1.0,0.0,1.0,1.0,1.0,0.0,1.0,1.0,0.0,0.2952,-2.6789,1.3965,1.242,5.7559,20.6116,289.83,289.83,305.8774,-6.2623,-6.2623,-11.1801
SHW,320.94000244140625,320.94,2026-09-17,False,320.6400146484375,328.44000244140625,-0.16,-6.86,BAJO,77910802432.0,29.63,23.6,20.09,65.12,9.52,18.12,11.01,3.22,19.58,3.9,0.73,6.0,YAHOO,-0.4442,-0.655,-0.3037,0.056637,2.9334,-0.0447,76.22,2026-10-27,40,,,yahoo,1.0,0.0,1.0,1.0,0.0,1.0,1.0,1.0,0.0,1.1026,-3.1125,-0.5928,2.5117,6.3468,31.3266,350.45,368.8774,369.9614,-8.4206,-12.9955,-13.2504
ROST,229.47999572753906,229.48,2026-09-17,False,225.7449951171875,231.43499755859375,2.08,58.4,BAJO,73612845056.0,27.71,25.66,10.88,42.63,12.78,13.58,10.85,2.72,20.17,0.7,1.61,6.0,YAHOO,-0.4442,-0.655,-0.3037,0.056637,2.9334,-0.0447,76.22,2026-11-19,63,2026-08-20,28.0,yahoo,1.0,0.0,1.0,1.0,1.0,0.0,1.0,0.0,1.0,1.774,-0.4013,-2.4839,-1.4261,25.0622,27.9269,241.0541,254.7377,254.7377,-4.8015,-9.9152,-9.9152
VRTX,516.3400268554688,516.34,2026-09-17,False,510.19500732421875,519.0700073242188,0.6,34.0,BAJO,130872025088.0,30.04,25.65,6.46,23.54,11.93,38.05,35.0,2.01,24.35,0.1,3.19,6.0,YAHOO,-0.4442,-0.655,-0.3037,0.056637,2.9334,-0.0447,76.22,2026-11-02,46,,,yahoo,1.0,1.0,1.0,0.0,0.0,1.0,1.0,1.0,0.0,0.3459,-7.2582,7.4589,12.4948,12.7272,30.1612,557.96,557.96,557.96,-7.4593,-7.4593,-7.4593
DD,128.4600067138672,128.46,2026-09-17,False,128.36599731445312,129.82000732421875,0.7,36.27,BAJO,17347620864.0,55.13,16.13,1.26,1.79,2.07,14.24,0.79,10.58,11.86,0.23,2.43,6.0,YAHOO,-0.4442,-0.655,-0.3037,0.056637,2.9334,-0.0447,76.22,2026-11-05,49,,,yahoo,0.0,0.0,1.0,1.0,1.0,0.0,1.0,1.0,1.0,0.8954,-3.3627,-4.9538,-10.3058,34.1357,22.7085,138.192,146.7245,152.6918,-7.0424,-12.4481,-15.8697
HOOD,109.80999755859375,109.81,2026-09-17,False,106.08000183105469,110.55000305175781,5.16,-6.81,BAJO,98728222720.0,48.59,32.44,10.41,23.62,4.53,43.88,42.01,,,2.4,1.12,4.0,YAHOO,-0.4442,-0.655,-0.3037,0.056637,2.9334,-0.0447,76.22,2026-11-04,48,,,yahoo,1.0,0.0,1.0,0.0,0.0,0.0,0.0,1.0,1.0,-3.106,2.6358,10.6064,4.3821,76.2859,73.9636,124.72,124.72,152.46,-11.9548,-11.9548,-27.9746
GEV,924.9299926757812,924.93,2026-09-17,False,924.090087890625,971.3400268554688,-0.02,51.42,BAJO,246339928064.0,26.52,36.54,20.6,82.58,2.54,7.47,23.04,6.38,60.74,0.28,0.85,7.0,YAHOO,-0.4442,-0.655,-0.3037,0.056637,2.9334,-0.0447,76.22,2026-10-28,41,,,yahoo,1.0,1.0,1.0,1.0,1.0,0.0,1.0,1.0,0.0,0.1104,0.3243,-14.2933,-11.8157,89.7692,55.114,971.31,1174.86,1174.86,-4.775,-21.2732,-21.2732
DELL,588.4000244140625,588.4,2026-09-17,False,565.5,593.9799194335938,4.46,357.82,BAJO,374112223232.0,34.25,20.52,-266.0,,8.64,12.02,7.52,1.61,22.44,,0.96,7.0,YAHOO,-0.4442,-0.655,-0.3037,0.056637,2.9334,-0.0447,76.22,2026-11-27,71,2026-09-01,16.0,yahoo,1.0,1.0,1.0,1.0,1.0,1.0,1.0,0.0,0.0,16.1423,19.5449,54.3344,40.5543,74.429,83.8096,588.4,588.4,588.4,0.0,0.0,0.0
GLW,147.8000030517578,147.8,2026-09-17,False,147.36749267578125,155.75,2.52,94.56,BAJO,127313199104.0,67.8,33.98,10.66,16.81,5.37,15.65,11.2,0.58,32.99,0.71,1.81,7.0,YAHOO,-0.4442,-0.655,-0.3037,0.056637,2.9334,-0.0447,76.22,2026-10-27,40,,,yahoo,1.0,1.0,1.0,1.0,1.0,0.0,0.0,1.0,1.0,-9.3919,2.5463,-3.28,-15.5768,117.7991,91.0176,168.46,255.2094,255.2094,-12.264,-42.0868,-42.0868
WDC,423.8699951171875,423.87,2026-09-17,False,416.30999755859375,433.1600036621094,1.65,321.34,BAJO,152822480896.0,15.73,13.35,22.45,130.85,20.76,43.61,72.95,1.48,29.98,13.44,1.33,6.0,YAHOO+FINNHUB,-0.4442,-0.655,-0.3037,0.056637,2.9334,-0.0447,76.22,2026-11-05,49,,,yahoo,1.0,1.0,1.0,0.0,0.0,1.0,0.0,1.0,1.0,-8.0403,-5.5455,-13.0101,-40.4595,50.4897,91.8053,482.28,675.1733,745.9905,-12.1112,-37.2206,-43.1802
FISV,49.29999923706055,49.3,2026-09-17,False,49.09000015258789,50.0,-0.3,-62.63,BAJO,26216099840.0,9.44,6.1,0.97,10.77,3.49,23.07,,,,1.04,1.04,5.0,YAHOO+FINNHUB,-0.4442,-0.655,-0.3037,0.056637,2.9334,-0.0447,76.22,2026-10-28,41,,,yahoo,1.0,1.0,1.0,1.0,0.0,0.0,1.0,0.0,0.0,0.7562,-5.1558,-4.6053,1.0867,10.3688,39.1092,53.31,55.78,134.18,-7.522,-11.6171,-63.2583
BKR,56.564998626708984,56.565,2026-09-17,False,55.91999816894531,56.97999954223633,0.44,24.23,BAJO,56150605824.0,18.19,18.18,2.82,16.46,4.85,12.83,11.17,7.86,11.43,0.81,2.1,7.0,YAHOO,-0.4442,-0.655,-0.3037,0.056637,2.9334,-0.0447,76.22,2026-10-22,35,,,yahoo,1.0,0.0,1.0,1.0,1.0,1.0,1.0,1.0,0.0,-4.7727,-12.4787,2.943,-5.4884,30.555,31.9128,64.63,64.9,69.1833,-12.4787,-12.8428,-18.2389
CCL,22.170000076293945,22.17,2026-09-17,False,22.149999618530273,22.950000762939453,-0.81,-27.15,BAJO,30365122560.0,9.99,8.51,2.35,26.69,5.37,12.79,11.24,6.26,7.44,2.02,0.33,8.0,YAHOO,-0.4442,-0.655,-0.3037,0.056637,2.9334,-0.0447,76.22,2026-09-29,12,,,yahoo,1.0,1.0,1.0,1.0,1.0,1.0,0.0,1.0,1.0,-1.3351,-6.6133,-14.4158,-25.4894,20.242,33.6958,26.14,29.5154,33.4524,-15.1874,-24.8867,-33.7268
BKNG,170.52000427246094,170.52,2026-09-17,False,168.3699951171875,173.22999572753906,-0.51,-21.91,BAJO,128125403136.0,18.95,13.78,-11.99,,20.38,34.41,25.53,6.03,12.72,,1.09,6.0,YAHOO,-0.4442,-0.655,-0.3037,0.056637,2.9334,-0.0447,76.22,2026-10-27,40,,,yahoo,1.0,0.0,1.0,1.0,0.0,1.0,1.0,0.0,1.0,-1.9493,-14.3628,-4.7468,-0.4068,21.0604,40.099,213.265,213.9034,221.006,-20.0431,-20.2818,-22.8437
HWM,225.75999450683594,225.76,2026-09-17,False,223.35719299316406,229.5,-0.87,22.66,BAJO,90033405952.0,48.55,34.96,15.75,34.73,12.81,28.5,20.52,1.32,33.69,0.81,1.82,8.0,YAHOO,-0.4442,-0.655,-0.3037,0.056637,2.9334,-0.0447,76.22,2026-11-05,49,,,yahoo,1.0,1.0,1.0,1.0,1.0,0.0,1.0,1.0,1.0,-0.9434,-10.7527,-16.9538,-20.2524,18.8921,37.83,273.64,292.65,292.65,-17.4974,-22.8567,-22.8567
WELL,232.25999450683594,232.26,2026-09-17,False,231.5800018310547,236.2949981689453,-0.96,42.68,BAJO,167360053248.0,104.15,73.04,3.6,3.84,0.83,16.56,12.15,1.65,56.28,0.41,1.32,7.0,YAHOO,-0.4442,-0.655,-0.3037,0.056637,2.9334,-0.0447,76.22,2026-10-26,39,,,yahoo,1.0,0.0,1.0,1.0,1.0,1.0,0.0,1.0,1.0,-1.4637,-2.6531,-4.7799,12.8718,11.9671,21.0408,241.56,251.122,251.122,-3.85,-7.5111,-7.5111
XYZ,76.47000122070312,76.47,2026-09-17,False,76.45999908447266,78.03500366210938,-0.21,1.64,BAJO,45942796288.0,136.55,14.74,2.08,1.61,2.01,7.0,1.43,-0.06,30.0,0.33,2.21,6.0,YAHOO,-0.4442,-0.655,-0.3037,0.056637,2.9334,-0.0447,76.22,2026-11-09,53,,,yahoo,1.0,0.0,1.0,1.0,1.0,0.0,1.0,1.0,0.0,-3.2882,-7.2641,-3.5566,4.9835,18.188,37.5666,84.85,84.85,84.85,-9.8762,-9.8762,-9.8762
A,156.33999633789062,156.34,2026-09-17,False,154.02999877929688,156.88999938964844,1.72,25.0,BAJO,44082536448.0,30.84,23.14,5.99,20.97,8.63,25.56,19.53,2.41,21.98,0.56,2.05,,YAHOO,-0.4442,-0.655,-0.3037,0.056637,2.9334,-0.0447,76.22,2026-11-25,69,2026-08-26,22.0,yahoo,1.0,0.0,1.0,1.0,1.0,0.0,1.0,0.0,0.0,9.237,3.2697,20.0215,25.9879,18.1059,27.9881,159.0,159.0,159.0,-1.673,-1.673,-1.673
ACGL,96.69999694824219,96.7,2026-09-17,False,95.7249984741211,97.15499877929688,-0.28,11.34,BAJO,32996855808.0,7.57,9.92,1.42,19.94,4.12,26.58,24.4,13.04,6.02,0.18,0.59,,YAHOO,-0.4442,-0.655,-0.3037,0.056637,2.9334,-0.0447,76.22,2026-10-26,39,,,yahoo,1.0,0.0,1.0,1.0,1.0,0.0,1.0,0.0,1.0,0.5198,-1.5375,-5.0378,4.6877,19.6253,23.1267,101.14,106.48,106.48,-4.39,-9.1848,-9.1848
ADM,88.08999633789062,88.09,2026-09-17,False,84.24030303955078,88.2699966430664,3.64,49.04,BAJO,42455818240.0,24.07,15.36,1.8,7.64,2.26,4.01,2.16,2.74,16.53,0.39,1.39,,YAHOO,-0.4442,-0.655,-0.3037,0.056637,2.9334,-0.0447,76.22,2026-11-03,47,,,yahoo,1.0,0.0,1.0,1.0,1.0,0.0,0.0,0.0,0.0,1.3577,3.174,3.4774,15.8812,36.8127,27.6762,88.09,88.09,88.09,0.0,0.0,0.0
ADSK,218.63999938964844,218.64,2026-09-17,False,216.39999389648438,220.25999450683594,-0.76,-30.89,BAJO,45695758336.0,28.36,15.4,13.51,53.85,11.47,29.23,21.08,6.91,19.79,1.1,0.85,,YAHOO,-0.4442,-0.655,-0.3037,0.056637,2.9334,-0.0447,76.22,2026-11-27,71,2026-08-27,21.0,yahoo,1.0,0.0,1.0,1.0,0.0,1.0,1.0,1.0,1.0,3.3221,-9.552,0.3857,13.2439,75.092,47.7979,270.58,270.58,324.86,-19.1958,-19.1958,-32.6972
AEE,103.9000015258789,103.9,2026-09-17,False,103.33000183105469,104.2300033569336,0.83,8.6,BAJO,28764014592.0,18.29,17.86,2.1,11.94,3.06,25.24,18.58,-6.21,12.9,1.58,0.53,,YAHOO,-0.4442,-0.655,-0.3037,0.056637,2.9334,-0.0447,76.22,2026-11-04,48,,,yahoo,1.0,1.0,1.0,1.0,1.0,0.0,0.0,0.0,1.0,-1.0005,-1.1832,-5.2372,-3.9322,13.2627,18.7165,108.0237,117.4865,117.4865,-3.8174,-11.5643,-11.5643
AEP,121.62000274658203,121.62,2026-09-17,False,120.43000030517578,121.70500183105469,0.77,17.25,BAJO,66209611776.0,21.08,17.74,2.06,10.13,2.98,23.25,13.78,-9.06,13.27,1.61,0.5,,YAHOO,-0.4442,-0.655,-0.3037,0.056637,2.9334,-0.0447,76.22,2026-10-29,42,,,yahoo,1.0,1.0,1.0,1.0,0.0,1.0,0.0,0.0,0.0,-1.4983,-1.5781,-6.4892,-4.4625,14.987,17.9567,125.7,137.6421,137.6421,-3.2458,-11.6404,-11.6404
AES,14.850000381469727,14.85,2026-09-17,False,14.819999694824219,14.880000114440918,0.27,25.25,BAJO,10594564096.0,5.56,6.26,2.14,9.57,2.96,18.67,14.34,-29.16,12.17,2.57,0.75,,YAHOO,-0.4442,-0.655,-0.3037,0.056637,2.9334,-0.0447,76.22,2026-11-04,48,,,yahoo,1.0,0.0,1.0,1.0,1.0,0.0,0.0,0.0,0.0,0.3378,0.3378,1.5413,2.8618,1.8563,3.0723,14.85,14.85,16.8672,0.0,0.0,-11.9594
AFL,116.5999984741211,116.6,2026-09-17,False,115.81999969482422,117.17500305175781,-0.18,9.61,BAJO,58456629248.0,12.58,15.46,1.93,16.91,3.13,25.72,26.91,8.81,10.85,0.53,0.89,,YAHOO,-0.4442,-0.655,-0.3037,0.056637,2.9334,-0.0447,76.22,2026-11-04,48,,,yahoo,1.0,0.0,1.0,0.0,0.0,0.0,1.0,0.0,0.0,1.8607,-0.5459,-5.5551,0.8149,14.6683,18.1292,118.36,128.9008,128.9008,-1.487,-9.5429,-9.5429
AIZ,283.80999755859375,283.81,2026-09-17,False,281.5899963378906,286.69000244140625,0.09,38.07,BAJO,13998578688.0,13.58,12.11,2.3,18.34,2.56,11.73,7.9,15.36,8.15,0.36,0.38,,YAHOO,-0.4442,-0.655,-0.3037,0.056637,2.9334,-0.0447,76.22,2026-11-03,47,,,yahoo,1.0,1.0,1.0,1.0,0.0,0.0,1.0,0.0,1.0,1.0108,-0.0915,3.3459,8.6053,12.3998,21.8863,287.71,300.641,300.641,-1.3555,-5.5984,-5.5984
AJG,241.41000366210938,241.41,2026-09-17,False,240.0800018310547,244.4600067138672,-0.97,-15.91,BAJO,61883281408.0,40.1,16.21,2.61,6.72,2.32,19.16,10.38,3.36,17.54,0.59,1.05,,YAHOO,-0.4442,-0.655,-0.3037,0.056637,2.9334,-0.0447,76.22,2026-10-29,42,,,yahoo,1.0,0.0,1.0,1.0,1.0,0.0,0.0,1.0,1.0,-0.7809,-8.472,-4.575,12.0158,55.9589,36.2217,271.2652,271.2652,306.8697,-11.0059,-11.0059,-21.3314
AKAM,107.08000183105469,107.08,2026-09-17,False,104.30999755859375,109.83999633789062,2.49,41.82,BAJO,15389174784.0,38.8,14.85,3.24,8.92,2.52,7.63,9.51,4.61,19.79,1.97,1.64,,YAHOO,-0.4442,-0.655,-0.3037,0.056637,2.9334,-0.0447,76.22,2026-11-05,49,,,yahoo,1.0,0.0,1.0,1.0,0.0,1.0,1.0,0.0,0.0,-0.0467,1.8936,-13.035,-16.2521,26.3429,52.1614,111.24,129.52,161.14,-3.7397,-17.3255,-33.5485
ALB,115.05000305175781,115.05,2026-09-17,False,112.54039764404297,116.30000305175781,5.1,45.8,BAJO,13576481792.0,426.11,10.18,1.69,2.65,3.16,27.71,3.79,9.83,11.09,0.19,2.09,,YAHOO,-0.4442,-0.655,-0.3037,0.056637,2.9334,-0.0447,76.22,2026-11-04,48,,,yahoo,0.0,1.0,1.0,1.0,0.0,1.0,0.0,1.0,0.0,-5.4643,-16.1978,-2.3371,-30.6931,60.6286,43.8471,142.769,147.3436,214.3488,-19.4153,-21.9172,-46.3258
ALGN,149.7100067138672,149.71,2026-09-17,False,148.97999572753906,152.07000732421875,-0.49,16.29,BAJO,10635377664.0,25.99,11.93,2.52,10.15,7.56,18.25,9.99,5.59,10.43,0.03,1.4,,YAHOO,-0.4442,-0.655,-0.3037,0.056637,2.9334,-0.0447,76.22,2026-10-28,41,,,yahoo,1.0,0.0,1.0,1.0,1.0,1.0,1.0,0.0,1.0,-0.6701,-5.9315,-14.4759,-13.7267,44.0705,39.1777,162.55,188.39,197.51,-7.8991,-20.5319,-24.2013
ALL,252.2100067138672,252.21,2026-09-17,False,250.73500061035156,254.8300018310547,-1.04,30.97,BAJO,63773306880.0,5.05,9.14,2.02,46.11,8.68,22.83,18.97,23.77,3.95,0.22,0.36,,YAHOO,-0.4442,-0.655,-0.3037,0.056637,2.9334,-0.0447,76.22,2026-11-04,48,,,yahoo,1.0,1.0,1.0,0.0,1.0,0.0,1.0,0.0,0.0,0.1668,-2.7493,-0.1854,14.2559,21.7109,28.9147,263.11,273.9698,273.9698,-4.1427,-7.9424,-7.9424
ALLE,153.6300048828125,153.63,2026-09-17,False,152.60000610351562,155.5399932861328,0.54,-11.38,BAJO,13064201216.0,20.13,15.72,6.17,33.73,11.03,22.1,15.36,3.71,14.2,1.05,1.93,,YAHOO,-0.4442,-0.655,-0.3037,0.056637,2.9334,-0.0447,76.22,2026-10-22,35,,,yahoo,1.0,0.0,1.0,1.0,1.0,0.0,1.0,1.0,0.0,1.9209,-0.5767,11.6164,18.4327,16.7636,31.1971,162.0544,168.342,177.7256,-5.1985,-8.7394,-13.5577
AMCR,42.380001068115234,42.38,2026-09-17,False,42.130001068115234,42.67250061035156,0.98,9.22,BAJO,19594211328.0,17.81,9.73,1.66,9.4,3.57,9.69,4.71,7.68,9.45,1.28,1.25,,YAHOO,-0.4442,-0.655,-0.3037,0.056637,2.9334,-0.0447,76.22,2026-11-05,49,,,yahoo,1.0,1.0,1.0,1.0,0.0,1.0,0.0,1.0,1.0,-1.4419,-7.9072,-0.5577,5.4425,14.6485,28.9965,47.9018,47.9018,48.4112,-11.5273,-11.5273,-12.4583
AME,234.32000732421875,234.32,2026-09-17,False,231.87010192871094,236.5399932861328,0.92,27.21,BAJO,53720498176.0,34.21,24.45,4.77,14.56,8.16,26.18,20.04,2.78,22.01,0.21,1.21,,YAHOO,-0.4442,-0.655,-0.3037,0.056637,2.9334,-0.0447,76.22,2026-10-29,42,,,yahoo,1.0,0.0,1.0,1.0,1.0,0.0,1.0,1.0,0.0,0.1799,0.631,-0.2332,1.4665,30.9102,23.3986,244.8432,258.1438,258.1438,-4.2979,-9.2289,-9.2289
AMP,545.7000122070312,545.7,2026-09-17,False,541.8200073242188,552.0700073242188,0.89,14.37,BAJO,48203436032.0,13.19,10.56,7.58,63.43,2.28,30.72,19.9,6.02,,0.68,2.18,,YAHOO,-0.4442,-0.655,-0.3037,0.056637,2.9334,-0.0447,76.22,2026-10-29,42,,,yahoo,1.0,0.0,1.0,1.0,0.0,0.0,1.0,0.0,1.0,-1.4146,-1.1144,4.0259,15.983,29.9287,24.0669,565.08,570.68,570.68,-3.4296,-4.3772,-4.3772
AMT,175.5800018310547,175.58,2026-09-17,False,174.75,176.89500427246094,-0.46,-6.9,BAJO,81813266432.0,24.15,25.05,21.99,33.91,4.89,45.41,31.08,3.57,18.68,4.39,0.35,,YAHOO,-0.4442,-0.655,-0.3037,0.056637,2.9334,-0.0447,76.22,2026-10-27,40,,,yahoo,1.0,1.0,1.0,1.0,1.0,0.0,1.0,0.0,1.0,1.5031,1.5383,5.1,-3.0427,8.2239,28.4862,178.57,179.26,192.2845,-1.6744,-2.0529,-8.6874
AON,296.04998779296875,296.05,2026-09-17,False,295.7799987792969,302.1217956542969,-1.5,-16.27,BAJO,62799732736.0,16.31,14.6,6.54,44.7,5.83,23.46,22.27,5.08,13.17,1.63,1.03,,YAHOO,-0.4442,-0.655,-0.3037,0.056637,2.9334,-0.0447,76.22,2026-10-30,43,,,yahoo,1.0,1.0,1.0,0.0,1.0,1.0,1.0,1.0,1.0,-3.808,-10.5265,-18.2081,-9.1724,37.0577,35.1591,359.1,380.3929,380.3929,-17.5578,-22.1726,-22.1726
AOS,56.93000030517578,56.93,2026-09-17,False,56.59000015258789,58.119998931884766,0.07,-19.77,BAJO,7737275392.0,15.86,13.93,4.2,27.13,12.54,18.93,13.15,6.26,10.5,0.37,1.59,,YAHOO,-0.4442,-0.655,-0.3037,0.056637,2.9334,-0.0447,76.22,2026-10-27,40,,,yahoo,1.0,1.0,1.0,1.0,1.0,0.0,1.0,1.0,1.0,0.3879,-3.9318,-2.7263,-1.0457,4.624,28.6874,63.08,63.98,79.5335,-9.7495,-11.0191,-28.4201
APA,45.459999084472656,45.46,2026-09-17,False,44.45500183105469,45.6150016784668,1.5,95.36,BAJO,15926979584.0,9.59,10.35,2.27,26.66,11.6,56.33,19.56,13.48,3.51,0.49,0.95,,YAHOO,-0.4442,-0.655,-0.3037,0.056637,2.9334,-0.0447,76.22,2026-11-04,48,,,yahoo,1.0,1.0,1.0,1.0,1.0,0.0,1.0,0.0,1.0,2.0885,1.7002,31.4006,34.9247,71.1319,42.8902,47.41,47.41,47.41,-4.1131,-4.1131,-4.1131
APD,286.1199951171875,286.12,2026-09-17,False,283.54998779296875,288.010009765625,-0.33,1.7,BAJO,63714783232.0,,19.82,4.59,0.02,4.73,25.54,-0.38,-2.35,17.99,1.1,1.08,,YAHOO,-0.4442,-0.655,-0.3037,0.056637,2.9334,-0.0447,76.22,2026-11-05,49,,,yahoo,0.0,0.0,1.0,1.0,0.0,0.0,0.0,0.0,0.0,-2.5643,-7.5392,-3.5431,2.1819,19.0684,27.8063,309.46,314.19,314.19,-7.5422,-8.9341,-8.9341
APH,78.37000274658203,78.37,2026-09-17,False,77.08499908447266,79.08000183105469,1.44,33.72,BAJO,193257832448.0,39.19,23.94,12.47,38.12,14.47,29.78,17.73,1.98,21.85,1.2,1.89,,YAHOO,-0.4442,-0.655,-0.3037,0.056637,2.9334,-0.0447,76.22,2026-10-28,41,,,yahoo,1.0,1.0,1.0,1.0,0.0,1.0,0.0,1.0,0.0,-2.3427,-2.0865,4.1393,-2.5657,53.1672,43.347,83.92,88.16,88.16,-6.6134,-11.1048,-11.1048
APO,126.0,126.0,2026-09-17,False,125.9000015258789,128.7100067138672,1.18,-7.1,BAJO,74408435712.0,44.84,11.74,3.7,11.41,0.94,21.95,5.27,,,1.01,1.95,,YAHOO,-0.4442,-0.655,-0.3037,0.056637,2.9334,-0.0447,76.22,2026-11-03,47,,,yahoo,1.0,0.0,1.0,1.0,0.0,0.0,0.0,0.0,1.0,-1.4932,-4.7547,7.013,-8.9107,20.8194,34.1037,136.58,142.9761,150.8032,-7.7464,-11.8734,-16.4474
APP,321.6000061035156,321.6,2026-09-17,False,314.8399963378906,333.430908203125,-1.52,-46.36,BAJO,108038152192.0,24.74,15.33,34.09,203.69,46.46,77.68,64.58,2.94,20.27,1.11,4.3,,YAHOO,-0.4442,-0.655,-0.3037,0.056637,2.9334,-0.0447,76.22,2026-11-04,48,,,yahoo,1.0,1.0,1.0,1.0,1.0,1.0,1.0,1.0,1.0,2.2608,0.7993,-24.2581,-32.9287,35.6688,68.9815,334.24,564.61,733.6,-3.7817,-43.0403,-56.1614
APTV,43.619998931884766,43.62,2026-09-17,False,43.31999969482422,44.14500045776367,0.65,-46.74,BAJO,9056965632.0,19.74,6.66,1.04,5.16,6.72,12.68,1.07,17.84,4.32,0.65,2.02,,YAHOO,-0.4442,-0.655,-0.3037,0.056637,2.9334,-0.0447,76.22,2026-10-29,42,,,yahoo,1.0,0.0,1.0,1.0,1.0,1.0,1.0,1.0,1.0,-4.5305,-3.1312,-23.8876,-30.6187,20.2103,48.9072,48.28,61.97,88.67,-9.652,-29.6111,-50.8064
ARE,56.34000015258789,56.34,2026-09-17,False,53.845001220703125,56.65999984741211,5.27,-29.16,BAJO,9695848448.0,,-69.56,0.62,-4.08,0.93,17.28,-36.08,13.87,14.67,0.69,2.35,,YAHOO,-0.4442,-0.655,-0.3037,0.056637,2.9334,-0.0447,76.22,2026-10-26,39,,,yahoo,0.0,0.0,1.0,1.0,0.0,1.0,1.0,0.0,1.0,13.6804,6.8665,12.5674,15.9912,30.1005,44.7076,56.34,56.34,82.4287,0.0,0.0,-31.65
ARES,125.31999969482422,125.32,2026-09-17,False,124.73500061035156,128.5500030517578,0.89,-26.42,BAJO,41578160128.0,57.22,17.42,11.36,14.94,2.59,19.38,10.63,5.19,33.13,1.72,0.54,,YAHOO,-0.4442,-0.655,-0.3037,0.056637,2.9334,-0.0447,76.22,2026-11-02,46,,,yahoo,1.0,0.0,1.0,1.0,1.0,0.0,0.0,0.0,1.0,-3.0511,-8.2686,4.4317,-1.3289,26.3169,38.309,141.6729,147.8872,176.1346,-11.5427,-15.2597,-28.8499
ATO,162.02999877929688,162.03,2026-09-17,False,161.44000244140625,162.94000244140625,0.04,2.06,BAJO,27381215232.0,19.31,17.97,1.79,9.79,3.89,37.22,28.5,-8.11,14.17,0.68,0.81,,YAHOO,-0.4442,-0.655,-0.3037,0.056637,2.9334,-0.0447,76.22,2026-11-04,48,,,yahoo,1.0,1.0,1.0,1.0,0.0,0.0,0.0,1.0,1.0,-1.6868,-3.3695,-8.077,-3.9101,10.2271,16.3196,169.498,178.4242,190.0626,-4.406,-9.1883,-14.7491
AVB,68.13999938964844,68.14,2026-08-24,False,67.36000061035156,68.62000274658203,2.02,-0.52,BAJO,26283393024.0,25.25,36.58,2.17,8.49,2.63,30.63,33.32,5.36,19.14,0.75,0.34,,YAHOO,-0.4442,-0.655,-0.3037,0.056637,2.9334,-0.0447,76.22,2026-10-28,41,,,yahoo,1.0,0.0,1.0,1.0,0.0,0.0,1.0,0.0,0.0,7.0374,3.5221,,,14.1797,,68.9044,,,-1.1094,,
AWK,138.24000549316406,138.24,2026-09-17,False,136.2899932861328,138.5399932861328,0.35,4.98,BAJO,27472295936.0,23.96,21.05,2.36,10.1,3.52,40.66,21.35,-6.5,14.84,1.38,0.52,,YAHOO,-0.4442,-0.655,-0.3037,0.056637,2.9334,-0.0447,76.22,2026-10-28,41,,,yahoo,1.0,0.0,1.0,1.0,1.0,1.0,0.0,1.0,1.0,-1.1442,-0.8961,4.1223,10.9636,10.5837,22.5846,140.89,140.89,141.5679,-1.8809,-1.8809,-2.3507
AXON,453.5,453.5,2026-09-17,False,450.2200012207031,473.2712097167969,-3.19,-39.05,BAJO,36841168896.0,189.75,42.89,10.03,6.22,0.51,5.17,6.19,0.6,230.15,0.5,2.15,,YAHOO,-0.4442,-0.655,-0.3037,0.056637,2.9334,-0.0447,76.22,2026-11-03,47,,,yahoo,1.0,0.0,1.0,1.0,0.0,1.0,0.0,0.0,0.0,-5.2939,-10.5487,-14.0252,7.2079,108.9618,78.0249,627.75,645.72,777.58,-27.7579,-29.7683,-41.678
AZO,2844.31005859375,2844.3101,2026-09-17,False,2834.31005859375,2879.39990234375,-0.17,-32.17,BAJO,46434371436.61377,19.58,16.26,-16.72,,11.39,19.08,12.4,1.95,13.91,,0.89,,YAHOO,-0.4442,-0.655,-0.3037,0.056637,2.9334,-0.0447,76.22,2026-09-22,5,,,yahoo,1.0,0.0,1.0,1.0,1.0,1.0,1.0,0.0,0.0,-1.2896,-3.0741,-5.0038,-7.0374,43.0305,30.1194,3027.3401,3218.1499,4290.2402,-6.0459,-11.6166,-33.7028
BAX,23.020000457763672,23.02,2026-09-17,False,22.979999542236328,23.700000762939453,-2.17,0.05,BAJO,11901248512.0,,11.3,1.92,-14.37,2.85,14.43,-9.27,8.41,10.43,1.56,1.95,,YAHOO,-0.4442,-0.655,-0.3037,0.056637,2.9334,-0.0447,76.22,2026-10-29,42,,,yahoo,0.0,0.0,1.0,1.0,0.0,1.0,0.0,0.0,1.0,-4.7974,-10.428,4.3447,18.7668,15.8883,41.0245,26.4898,28.3391,28.3391,-13.0986,-18.7694,-18.7694
BBY,94.55999755859375,94.56,2026-09-17,False,92.87000274658203,95.8499984741211,2.28,34.6,BAJO,19831851008.0,15.73,13.11,6.25,43.13,7.25,3.9,3.01,7.08,8.07,1.3,1.12,,YAHOO,-0.4442,-0.655,-0.3037,0.056637,2.9334,-0.0447,76.22,2026-11-24,68,2026-08-27,21.0,yahoo,1.0,1.0,1.0,1.0,0.0,1.0,1.0,0.0,1.0,7.3448,8.6897,11.0772,31.0785,44.9315,35.4987,94.83,94.83,94.83,-0.2847,-0.2847,-0.2847
BDX,181.3800048828125,181.38,2026-09-17,False,181.27000427246094,184.33999633789062,-0.26,26.71,BAJO,49405521920.0,31.38,13.65,2.02,6.61,4.34,15.73,4.19,9.06,10.72,0.69,0.86,,YAHOO,-0.4442,-0.655,-0.3037,0.056637,2.9334,-0.0447,76.22,2026-11-05,49,,,yahoo,1.0,1.0,1.0,1.0,0.0,0.0,1.0,1.0,1.0,2.8115,-2.7039,18.1057,28.8395,35.0416,28.9334,190.8744,190.8744,190.8744,-4.9741,-4.9741,-4.9741
BEN,33.06999969482422,33.07,2026-09-17,False,32.775001525878906,33.29499816894531,1.07,44.51,BAJO,16802103296.0,22.5,10.4,1.43,7.89,2.64,12.98,8.72,-17.8,11.32,0.25,5.49,,YAHOO,-0.4442,-0.655,-0.3037,0.056637,2.9334,-0.0447,76.22,2026-11-06,50,,,yahoo,1.0,1.0,1.0,1.0,0.0,0.0,1.0,1.0,1.0,-1.7528,0.1818,2.6063,0.3362,18.1362,23.8936,35.03,35.77,35.77,-5.5952,-7.5482,-7.5482
BLDR,57.68000030517578,57.68,2026-09-17,False,57.30500030517578,61.81999969482422,-3.3,-54.75,BAJO,6206163456.0,62.7,13.05,1.55,2.51,2.39,3.33,0.71,7.49,11.13,1.31,1.79,,YAHOO,-0.4442,-0.655,-0.3037,0.056637,2.9334,-0.0447,76.22,2026-10-29,42,,,yahoo,1.0,0.0,1.0,1.0,0.0,0.0,1.0,0.0,0.0,-2.1876,-8.5751,-20.6602,-24.2448,23.7848,51.8008,70.32,90.51,129.54,-17.975,-36.2722,-55.4732
BLK,1053.9599609375,1053.96,2026-09-17,False,1047.594970703125,1061.1099853515625,1.61,-4.25,BAJO,171243405312.0,25.27,16.39,2.84,12.28,3.74,35.08,24.09,4.43,15.18,0.23,2.45,,YAHOO,-0.4442,-0.655,-0.3037,0.056637,2.9334,-0.0447,76.22,2026-10-14,27,,,yahoo,1.0,0.0,1.0,0.0,1.0,0.0,0.0,0.0,0.0,-0.7944,-4.3096,0.4989,0.1881,24.9535,27.4346,1170.6326,1176.8008,1177.4277,-9.9666,-10.4385,-10.4862
BR,164.30999755859375,164.31,2026-09-17,False,164.2100067138672,166.64500427246094,-1.66,-30.8,BAJO,18734921728.0,17.1,14.19,6.59,40.92,9.29,24.61,15.04,6.38,12.26,1.24,1.24,,YAHOO,-0.4442,-0.655,-0.3037,0.056637,2.9334,-0.0447,76.22,2026-11-03,47,,,yahoo,1.0,1.0,1.0,1.0,0.0,1.0,1.0,1.0,1.0,-2.336,-7.1538,10.2,18.4001,47.3009,35.2084,184.3148,184.3148,239.6431,-10.8536,-10.8536,-31.4356
BRO,65.12000274658203,65.12,2026-09-17,False,64.875,67.15499877929688,-1.15,-28.06,BAJO,21789827072.0,20.81,13.5,1.71,10.02,5.38,41.84,18.08,7.54,10.02,0.64,1.13,,YAHOO,-0.4442,-0.655,-0.3037,0.056637,2.9334,-0.0447,76.22,2026-10-26,39,,,yahoo,1.0,0.0,1.0,1.0,0.0,0.0,0.0,1.0,0.0,-1.8242,-9.6058,-5.3224,10.5534,38.6852,36.2028,74.62,74.6971,95.0407,-12.7312,-12.8212,-31.482
BSX,43.54999923706055,43.55,2026-09-17,False,42.95000076293945,43.65999984741211,-0.82,-55.15,BAJO,63113945088.0,17.63,12.72,2.53,15.34,6.19,22.9,17.5,3.88,13.21,0.5,1.24,,YAHOO,-0.4442,-0.655,-0.3037,0.056637,2.9334,-0.0447,76.22,2026-10-28,41,,,yahoo,1.0,1.0,1.0,1.0,0.0,1.0,0.0,1.0,1.0,1.0441,-9.9649,-0.5026,-3.1146,50.3651,36.8732,50.37,52.01,104.98,-13.5398,-16.2661,-58.5159
BXP,63.93000030517578,63.93,2026-09-17,False,63.599998474121094,64.66000366210938,-0.17,-12.0,BAJO,11563493376.0,34.37,28.76,1.98,5.31,1.68,28.75,9.3,7.62,17.72,2.12,0.51,,YAHOO,-0.4442,-0.655,-0.3037,0.056637,2.9334,-0.0447,76.22,2026-10-27,40,,,yahoo,1.0,1.0,1.0,1.0,0.0,0.0,0.0,0.0,1.0,0.3296,-4.7243,-5.8468,2.4489,8.7704,27.2765,72.13,72.97,74.4344,-11.3684,-12.3887,-14.1123
CAG,15.180000305175781,15.18,2026-09-17,False,15.135000228881836,15.350000381469727,0.0,-12.65,BAJO,7264626688.0,,9.75,1.14,-25.06,4.4,13.77,-16.98,11.82,8.34,1.18,0.9,,YAHOO,-0.4442,-0.655,-0.3037,0.056637,2.9334,-0.0447,76.22,2026-09-30,13,,,yahoo,0.0,0.0,1.0,1.0,0.0,1.0,0.0,0.0,1.0,3.2653,-6.1805,4.8726,16.6668,10.8509,33.9225,16.67,16.67,19.3071,-8.9382,-8.9382,-21.3761
CARR,54.38999938964844,54.39,2026-09-17,False,53.7599983215332,55.9900016784668,0.24,-8.42,BAJO,44835041280.0,38.85,16.46,3.41,8.97,2.98,13.07,5.52,1.92,18.14,0.92,1.02,,YAHOO,-0.4442,-0.655,-0.3037,0.056637,2.9334,-0.0447,76.22,2026-10-27,40,,,yahoo,1.0,0.0,1.0,1.0,0.0,0.0,1.0,0.0,0.0,-3.9725,-5.5401,-18.5047,-21.4483,24.5536,32.7304,60.37,75.7277,75.7277,-9.9056,-28.1769,-28.1769
CB,341.8999938964844,341.9,2026-09-17,False,337.239990234375,342.6499938964844,0.11,27.36,BAJO,131904970752.0,12.12,11.75,1.75,14.82,3.36,23.53,18.07,7.95,10.38,0.31,0.41,,YAHOO,-0.4442,-0.655,-0.3037,0.056637,2.9334,-0.0447,76.22,2026-10-27,40,,,yahoo,1.0,1.0,1.0,1.0,1.0,0.0,1.0,0.0,0.0,1.2587,1.0349,-2.7224,4.5654,8.5129,23.6109,347.2011,362.4052,362.4052,-1.5268,-5.6581,-5.6581
CBOE,266.6700134277344,266.67,2026-09-17,False,264.9100036621094,268.4100036621094,-1.39,14.0,BAJO,27848620032.0,20.8,17.52,4.96,26.3,11.58,34.63,26.73,2.44,14.23,0.28,1.56,,YAHOO,-0.4442,-0.655,-0.3037,0.056637,2.9334,-0.0447,76.22,2026-10-30,43,,,yahoo,1.0,1.0,1.0,1.0,1.0,1.0,1.0,1.0,0.0,-7.242,-9.3329,-3.8817,4.9946,42.3556,38.7235,313.0803,313.0803,364.9193,-14.8238,-14.8238,-26.9236
CCI,73.73999786376953,73.74,2026-09-17,False,72.79499816894531,74.1050033569336,0.71,-17.58,BAJO,32224378880.0,30.1,25.54,-9.61,,4.72,46.83,20.72,3.22,19.89,,0.52,,YAHOO,-0.4442,-0.655,-0.3037,0.056637,2.9334,-0.0447,76.22,2026-10-21,34,,,yahoo,1.0,1.0,1.0,1.0,1.0,0.0,0.0,0.0,0.0,1.2755,-0.7532,-4.3078,-12.7758,18.2017,31.7898,76.1527,81.4359,94.028,-3.1683,-9.4503,-21.5765
CDNS,280.760009765625,280.76,2026-09-17,False,278.30999755859375,285.54998779296875,0.31,-18.52,BAJO,77319340032.0,55.71,29.41,11.27,23.23,10.61,28.57,23.61,2.08,36.27,0.39,1.74,,YAHOO,-0.4442,-0.655,-0.3037,0.056637,2.9334,-0.0447,76.22,2026-10-26,39,,,yahoo,1.0,0.0,1.0,1.0,1.0,0.0,1.0,1.0,1.0,-1.4704,-8.4488,-14.9032,-27.9363,39.6392,39.1196,347.55,385.95,416.39,-19.2174,-27.2548,-32.5728
CDW,149.1999969482422,149.2,2026-09-17,False,148.4499969482422,151.5,-0.51,-8.37,BAJO,18652598272.0,17.93,12.38,7.66,44.01,6.59,7.34,4.6,3.63,12.29,2.63,1.17,,YAHOO,-0.4442,-0.655,-0.3037,0.056637,2.9334,-0.0447,76.22,2026-11-03,47,,,yahoo,1.0,0.0,1.0,1.0,1.0,0.0,1.0,0.0,0.0,4.6283,0.3565,15.3086,18.321,25.4943,50.4495,153.92,153.92,163.9515,-3.0665,-3.0665,-8.9975
CF,133.82000732421875,133.82,2026-09-17,False,130.0,134.5,1.39,62.87,BAJO,20252069888.0,9.93,12.52,3.53,29.87,12.93,49.33,27.12,6.3,6.34,0.41,4.86,,YAHOO,-0.4442,-0.655,-0.3037,0.056637,2.9334,-0.0447,76.22,2026-11-04,48,,,yahoo,1.0,1.0,1.0,1.0,0.0,1.0,1.0,1.0,1.0,-0.9548,-3.9133,8.8529,27.0756,42.2957,38.2648,139.27,139.27,139.27,-3.9133,-3.9133,-3.9133
CFG,67.38999938964844,67.39,2026-09-17,False,66.72000122070312,68.3499984741211,0.82,33.44,BAJO,28383105024.0,14.68,10.32,1.18,8.27,0.94,35.13,26.05,,,,,,YAHOO,-0.4442,-0.655,-0.3037,0.056637,2.9334,-0.0447,76.22,2026-10-16,29,,,yahoo,1.0,1.0,1.0,1.0,1.0,0.0,1.0,0.0,1.0,-3.217,-3.425,-5.1363,1.5686,40.5224,25.7339,70.83,74.73,74.73,-4.8567,-9.822,-9.822
CHD,95.05000305175781,95.05,2026-09-17,False,94.97000122070312,96.27999877929688,-0.48,5.29,BAJO,22546231296.0,30.46,23.53,5.18,17.04,7.87,18.07,11.96,4.17,18.33,0.56,1.15,,YAHOO,-0.4442,-0.655,-0.3037,0.056637,2.9334,-0.0447,76.22,2026-10-30,43,,,yahoo,1.0,1.0,1.0,1.0,1.0,0.0,1.0,0.0,1.0,1.1816,-4.2992,-2.5055,-2.1252,10.5919,21.8706,102.86,103.3249,104.5985,-7.5928,-8.0087,-9.1287
CHRW,153.82000732421875,153.82,2026-09-17,False,151.60000610351562,154.6999969482422,0.23,16.23,BAJO,17974061056.0,29.3,20.51,11.07,37.12,9.96,5.34,3.73,2.67,21.18,1.21,1.58,,YAHOO,-0.4442,-0.655,-0.3037,0.056637,2.9334,-0.0447,76.22,2026-10-28,41,,,yahoo,1.0,1.0,1.0,1.0,0.0,1.0,1.0,1.0,0.0,0.9185,6.3936,-24.9351,-16.5856,36.3226,49.6341,157.63,208.5206,208.5206,-2.4171,-26.2327,-26.2327
CHTR,133.3699951171875,133.37,2026-09-17,False,132.47000122070312,136.22999572753906,-1.21,-49.61,BAJO,17332445184.0,3.47,3.19,0.94,27.2,5.31,23.5,9.05,12.68,5.37,4.42,0.36,,YAHOO,-0.4442,-0.655,-0.3037,0.056637,2.9334,-0.0447,76.22,2026-10-30,43,,,yahoo,1.0,0.0,1.0,1.0,1.0,1.0,1.0,1.0,0.0,-5.1153,-16.1037,3.2595,1.0379,23.4862,57.4462,158.97,158.97,282.74,-16.1037,-16.1037,-52.8295
CI,276.0,276.0,2026-09-17,False,275.760009765625,281.4049987792969,-1.59,-4.2,BAJO,72930369536.0,11.42,8.25,1.71,16.76,4.46,3.98,2.27,10.94,7.76,0.74,0.85,,YAHOO,-0.4442,-0.655,-0.3037,0.056637,2.9334,-0.0447,76.22,2026-11-05,49,,,yahoo,1.0,1.0,1.0,1.0,0.0,1.0,1.0,0.0,1.0,-1.7479,-1.8765,-2.2567,-2.6509,42.5357,29.0002,290.05,302.8186,304.1076,-4.844,-8.8563,-9.2427
CINF,169.89999389648438,169.9,2026-09-17,False,169.0,171.13999938964844,-0.51,13.08,BAJO,26075920384.0,8.02,18.81,1.56,21.48,6.41,37.2,23.84,11.45,5.77,0.05,1.15,,YAHOO,-0.4442,-0.655,-0.3037,0.056637,2.9334,-0.0447,76.22,2026-10-26,39,,,yahoo,1.0,0.0,1.0,1.0,1.0,0.0,1.0,0.0,0.0,0.1828,-1.0426,-5.7995,-0.3726,13.851,24.72,174.72,192.03,192.03,-2.7587,-11.5242,-11.5242
CLX,85.0,85.0,2026-09-17,False,83.76000213623047,86.15170288085938,0.16,-28.43,BAJO,10279135232.0,17.67,13.58,114.25,163.76,8.32,12.88,8.73,1.07,13.93,22.21,0.66,,YAHOO,-0.4442,-0.655,-0.3037,0.056637,2.9334,-0.0447,76.22,2026-11-03,47,,,yahoo,1.0,0.0,1.0,1.0,0.0,0.0,1.0,0.0,0.0,-4.2469,-9.8335,-10.6937,-9.4525,33.6493,30.8241,107.17,107.9,124.127,-20.6868,-21.2234,-31.5217
CMCSA,22.90999984741211,22.91,2026-09-17,False,22.84000015258789,23.940000534057617,-3.46,-20.34,BAJO,81299267584.0,7.34,6.4,0.91,11.49,4.31,17.23,8.97,15.62,4.91,1.0,0.8,,YAHOO,-0.4442,-0.655,-0.3037,0.056637,2.9334,-0.0447,76.22,2026-10-22,35,,,yahoo,1.0,1.0,1.0,1.0,1.0,1.0,1.0,1.0,0.0,-8.9789,-14.5468,-3.6585,2.3453,15.5166,36.7611,27.2,27.2,31.6751,-15.7721,-15.7721,-27.6719
CME,271.1499938964844,271.15,2026-09-17,False,269.45001220703125,273.2298889160156,-0.48,7.98,BAJO,97499914240.0,22.98,20.98,3.67,15.8,1.48,65.04,63.44,2.98,20.87,0.15,1.02,,YAHOO,-0.4442,-0.655,-0.3037,0.056637,2.9334,-0.0447,76.22,2026-10-21,34,,,yahoo,1.0,0.0,1.0,1.0,1.0,1.0,1.0,0.0,0.0,-1.0654,-1.925,11.1431,7.8732,24.9092,25.4588,285.1116,285.1116,315.7113,-4.8969,-4.8969,-14.1146
CMG,33.5099983215332,33.51,2026-09-17,False,33.45000076293945,34.27000045776367,-0.5,-14.9,BAJO,42404155392.0,31.03,24.46,19.31,49.56,13.08,16.11,11.43,2.63,20.82,2.46,0.71,,YAHOO,-0.4442,-0.655,-0.3037,0.056637,2.9334,-0.0447,76.22,2026-10-28,41,,,yahoo,1.0,1.0,1.0,1.0,0.0,0.0,1.0,0.0,1.0,-7.2516,-13.0062,1.147,5.1789,56.3613,50.9211,38.52,38.52,42.36,-13.0062,-13.0062,-20.8924
CMI,523.8800048828125,523.88,2026-09-17,False,522.6099853515625,544.135009765625,-0.69,29.72,BAJO,72119664640.0,26.77,15.18,5.61,21.11,7.0,11.9,7.82,3.09,15.55,0.6,1.73,,YAHOO,-0.4442,-0.655,-0.3037,0.056637,2.9334,-0.0447,76.22,2026-11-05,49,,,yahoo,1.0,0.0,1.0,1.0,0.0,1.0,0.0,1.0,0.0,-4.7543,-4.9047,-17.7658,-26.7422,17.0343,34.2732,591.04,724.8918,724.8918,-11.363,-27.7299,-27.7299
CMS,66.19999694824219,66.2,2026-09-17,False,65.79000091552734,66.54000091552734,0.32,-2.37,BAJO,20758806528.0,19.88,15.93,2.17,9.16,2.97,17.17,11.64,-10.59,13.47,1.86,0.94,,YAHOO,-0.4442,-0.655,-0.3037,0.056637,2.9334,-0.0447,76.22,2026-10-29,42,,,yahoo,1.0,0.0,1.0,1.0,0.0,1.0,0.0,0.0,1.0,-2.1868,-2.7329,-8.4327,-8.9698,11.8384,16.8926,69.83,78.1791,78.6889,-5.1983,-15.3226,-15.8712
CNC,67.0999984741211,67.1,2026-09-17,False,65.76000213623047,67.79000091552734,1.65,110.19,BAJO,33147064320.0,,12.55,1.47,-20.36,2.48,3.76,-2.83,29.08,4.72,0.71,1.15,,YAHOO,-0.4442,-0.655,-0.3037,0.056637,2.9334,-0.0447,76.22,2026-10-27,40,,,yahoo,0.0,0.0,1.0,1.0,0.0,0.0,1.0,0.0,1.0,2.5994,-0.3564,1.9137,10.653,54.175,37.9803,69.41,69.41,69.41,-3.3281,-3.3281,-3.3281
CNP,38.560001373291016,38.56,2026-09-17,False,38.11000061035156,38.63999938964844,0.6,4.28,BAJO,25400254464.0,22.95,18.48,2.17,9.83,3.0,24.49,11.61,-20.44,12.83,2.1,1.12,,YAHOO,-0.4442,-0.655,-0.3037,0.056637,2.9334,-0.0447,76.22,2026-10-22,35,,,yahoo,1.0,0.0,1.0,1.0,1.0,0.0,0.0,0.0,1.0,-1.4315,-2.4044,-9.7687,-9.0067,20.7303,19.4749,40.2,44.7724,44.7724,-4.0796,-13.8756,-13.8756
COF,202.0399932861328,202.04,2026-09-17,False,201.9199981689453,206.3800048828125,-0.57,-8.42,BAJO,123948474368.0,11.14,8.4,1.2,9.03,1.52,33.63,21.87,,,,,,YAHOO,-0.4442,-0.655,-0.3037,0.056637,2.9334,-0.0447,76.22,2026-10-20,33,,,yahoo,1.0,0.0,1.0,1.0,1.0,0.0,0.0,0.0,1.0,-2.448,-6.7221,-1.9425,0.9377,12.1804,27.8603,220.5,226.54,254.9582,-8.3719,-10.8149,-20.7556
COO,53.775001525878906,53.775,2026-09-17,False,52.779998779296875,54.709999084472656,-1.53,-15.76,BAJO,10225601536.0,18.48,11.46,1.23,6.84,2.73,20.82,13.46,5.31,13.81,0.34,1.22,,YAHOO,-0.4442,-0.655,-0.3037,0.056637,2.9334,-0.0447,76.22,2026-12-02,76,2026-09-09,8.0,finnhub,1.0,0.0,1.0,1.0,1.0,0.0,1.0,0.0,1.0,-0.7292,-22.8811,-24.8848,-17.3328,31.8245,42.1325,76.22,76.82,84.32,-29.4477,-29.9987,-36.2251
COR,309.4100036621094,309.41,2026-09-17,False,309.239990234375,319.7650146484375,-2.85,8.48,BAJO,59043835904.0,22.97,15.62,19.35,96.87,3.56,1.41,0.79,3.46,12.78,4.47,0.94,,YAHOO,-0.4442,-0.655,-0.3037,0.056637,2.9334,-0.0447,76.22,2026-11-04,48,,,yahoo,1.0,0.0,1.0,1.0,0.0,1.0,1.0,1.0,0.0,-3.5956,-8.0122,1.9803,11.8806,28.4948,27.7666,337.22,337.22,372.5274,-8.2468,-8.2468,-16.943
CPB,21.18000030517578,21.18,2026-09-17,False,21.155000686645508,21.829999923706055,-0.98,-30.97,BAJO,6316008448.0,16.17,11.54,1.64,10.05,4.95,10.34,4.08,11.83,8.23,1.72,0.81,,YAHOO,-0.4442,-0.655,-0.3037,0.056637,2.9334,-0.0447,76.22,2026-12-07,81,2026-09-03,14.0,finnhub,,,,,,,,,,1.1461,-10.9336,-4.1195,2.027,14.436,35.9305,24.16,24.16,31.7348,-12.3344,-12.3344,-33.2595
CPRT,29.65999984741211,29.66,2026-09-17,False,29.45400047302246,30.799999237060547,-3.76,-35.75,BAJO,27459567616.0,19.14,16.75,3.02,16.16,10.27,32.01,31.81,3.22,12.85,0.01,7.91,,YAHOO,-0.4442,-0.655,-0.3037,0.056637,2.9334,-0.0447,76.22,2026-11-19,63,2026-09-10,7.0,yahoo,1.0,0.0,1.0,1.0,0.0,1.0,0.0,1.0,0.0,-3.5447,-7.7736,7.8938,0.4743,67.7202,44.9417,34.33,34.33,46.62,-13.6033,-13.6033,-36.3792
CPT,100.93000030517578,100.93,2026-09-17,False,100.8499984741211,101.80999755859375,-0.37,-0.71,BAJO,11680888832.0,33.31,92.6,2.72,7.89,1.87,16.1,20.62,1.2,17.11,1.26,0.35,,YAHOO,-0.4442,-0.655,-0.3037,0.056637,2.9334,-0.0447,76.22,2026-11-05,49,,,yahoo,1.0,1.0,1.0,1.0,0.0,1.0,1.0,1.0,0.0,-1.5317,-4.368,-10.5706,-6.8543,15.6033,19.4952,109.15,117.58,117.58,-7.5309,-14.1606,-14.1606
CRH,86.69999694824219,86.7,2026-09-17,False,85.46499633789062,88.94999694824219,0.0,-20.56,BAJO,57680162816.0,15.32,13.35,2.4,15.81,6.06,19.02,9.94,3.5,9.82,0.78,1.58,,YAHOO,-0.4442,-0.655,-0.3037,0.056637,2.9334,-0.0447,76.22,2026-10-29,42,,,yahoo,1.0,0.0,1.0,1.0,0.0,1.0,1.0,1.0,0.0,-1.0951,-6.4422,-12.909,-20.4392,14.5403,29.7332,97.05,112.5987,129.9237,-10.6646,-23.0009,-33.2685
CRL,281.6700134277344,281.67,2026-09-17,False,274.3999938964844,285.5249938964844,3.02,85.07,BAJO,13567405056.0,,22.2,4.73,-7.52,4.11,15.11,-5.96,3.46,18.78,1.05,1.35,,YAHOO,-0.4442,-0.655,-0.3037,0.056637,2.9334,-0.0447,76.22,2026-11-04,48,,,yahoo,0.0,0.0,1.0,1.0,0.0,0.0,1.0,1.0,1.0,3.1758,-3.4583,28.2067,54.4752,31.9961,41.0668,298.58,298.58,298.58,-5.6635,-5.6635,-5.6635
CSGP,29.295000076293945,29.295,2026-09-17,False,29.239999771118164,30.59000015258789,-3.51,-66.03,BAJO,11870263296.0,162.75,16.52,1.5,0.89,0.47,8.22,2.08,3.48,30.97,0.15,2.21,,YAHOO,-0.4442,-0.655,-0.3037,0.056637,2.9334,-0.0447,76.22,2026-10-27,40,,,yahoo,1.0,0.0,1.0,1.0,1.0,0.0,0.0,0.0,1.0,-0.6612,-6.286,-1.2972,-3.8247,54.5773,50.9793,32.84,33.73,89.26,-10.7948,-13.1485,-67.1801
CSX,47.900001525878906,47.9,2026-09-17,False,47.529998779296875,48.599998474121094,0.0,48.68,BAJO,88733548544.0,27.85,21.09,6.3,24.36,7.38,38.42,22.21,2.2,15.63,1.38,0.82,,YAHOO,-0.4442,-0.655,-0.3037,0.056637,2.9334,-0.0447,76.22,2026-10-22,35,,,yahoo,1.0,0.0,1.0,1.0,1.0,0.0,1.0,0.0,0.0,-2.3246,-1.5416,-4.1486,5.4008,11.3981,21.9471,51.6187,53.0847,53.0847,-7.2041,-9.7668,-9.7668
CTAS,197.9600067138672,197.96,2026-09-17,False,196.10000610351562,199.3000030517578,-0.75,0.62,BAJO,79217573888.0,40.32,32.37,15.41,40.71,16.1,23.69,17.75,1.85,27.46,0.53,1.43,,YAHOO,-0.4442,-0.655,-0.3037,0.056637,2.9334,-0.0447,76.22,2026-09-23,6,,,yahoo,1.0,1.0,1.0,1.0,1.0,0.0,1.0,1.0,1.0,-0.2419,-0.0656,-1.648,16.9973,8.3702,27.713,207.4,215.969,215.969,-4.5516,-8.3387,-8.3387
CTSH,61.880001068115234,61.88,2026-09-17,False,61.029998779296875,62.1150016784668,0.05,-9.01,BAJO,27873488896.0,13.28,9.79,1.93,14.92,10.73,17.48,10.26,7.95,7.16,0.14,2.18,,YAHOO,-0.4442,-0.655,-0.3037,0.056637,2.9334,-0.0447,76.22,2026-10-28,41,,,yahoo,1.0,0.0,1.0,1.0,1.0,1.0,1.0,0.0,1.0,6.1043,-2.3975,39.4329,27.4945,65.225,50.2159,64.64,64.64,85.1577,-4.2698,-4.2698,-27.3348
CTVA,81.52999877929688,81.53,2026-09-17,False,80.56999969482422,82.80999755859375,0.64,17.13,BAJO,54396489728.0,49.41,19.81,2.16,4.26,4.55,30.13,5.66,4.44,13.37,0.19,1.52,,YAHOO,-0.4442,-0.655,-0.3037,0.056637,2.9334,-0.0447,76.22,2026-11-03,47,,,yahoo,1.0,1.0,1.0,1.0,1.0,0.0,1.0,1.0,0.0,-3.5034,-9.3809,-5.8495,5.6014,29.3872,35.5545,89.97,90.3175,90.3175,-9.3809,-9.7296,-9.7296
CVNA,65.83999633789062,65.84,2026-09-17,False,65.43000030517578,67.71499633789062,0.67,-12.29,BAJO,72981250048.0,34.84,29.11,11.75,58.77,11.7,9.22,6.26,0.58,20.22,1.11,3.93,,YAHOO,-0.4442,-0.655,-0.3037,0.056637,2.9334,-0.0447,76.22,2026-10-28,41,,,yahoo,1.0,1.0,1.0,0.0,1.0,1.0,0.0,0.0,0.0,-6.3176,-11.219,2.6504,4.7407,56.0905,57.6938,75.77,75.77,95.69,-13.1055,-13.1055,-31.1945
D,64.29000091552734,64.29,2026-09-17,False,63.63999938964844,64.33999633789062,1.23,13.11,BAJO,56544722944.0,22.25,16.85,2.03,8.28,3.04,29.22,13.98,-16.24,13.81,1.6,0.81,,YAHOO,-0.4442,-0.655,-0.3037,0.056637,2.9334,-0.0447,76.22,2026-10-30,43,,,yahoo,1.0,1.0,1.0,1.0,0.0,1.0,0.0,1.0,1.0,-1.1683,-1.6813,-7.704,-4.5288,15.0199,14.9297,66.7952,70.973,70.973,-3.7506,-9.4163,-9.4163
DASH,194.55999755859375,194.56,2026-09-17,False,193.47000122070312,201.48800659179688,-1.12,-24.32,BAJO,84302446592.0,101.86,23.89,8.5,8.89,2.97,3.86,5.29,6.11,57.96,0.33,1.37,,YAHOO,-0.4442,-0.655,-0.3037,0.056637,2.9334,-0.0447,76.22,2026-11-04,48,,,yahoo,1.0,1.0,1.0,1.0,0.0,0.0,0.0,1.0,0.0,-3.2184,-14.0028,2.9309,17.4454,22.0411,39.2917,236.93,236.93,281.74,-17.8829,-17.8829,-30.9434
DDOG,236.0,236.0,2026-09-17,False,227.36500549316406,239.0449981689453,2.26,76.45,BAJO,84741701632.0,462.75,79.37,19.4,4.7,0.18,0.67,4.48,1.24,954.96,0.29,3.21,,YAHOO,-0.4442,-0.655,-0.3037,0.056637,2.9334,-0.0447,76.22,2026-11-05,49,,,yahoo,1.0,0.0,1.0,1.0,1.0,1.0,0.0,0.0,1.0,6.4406,12.7945,-10.3344,4.1345,29.4398,68.9931,242.93,288.15,288.15,-2.8527,-18.0982,-18.0982
DG,124.94999694824219,124.95,2026-09-17,False,123.51000213623047,125.12000274658203,1.58,20.74,BAJO,27566065664.0,16.23,15.11,2.97,19.69,4.89,6.81,3.9,6.3,11.66,1.7,1.21,,YAHOO,-0.4442,-0.655,-0.3037,0.056637,2.9334,-0.0447,76.22,2026-12-02,76,2026-08-27,21.0,finnhub,1.0,1.0,1.0,1.0,1.0,0.0,0.0,1.0,1.0,1.5936,-4.5382,0.1603,15.5463,50.0525,34.7479,133.21,133.21,154.7135,-6.2007,-6.2007,-19.2378
DGX,247.4499969482422,247.45,2026-09-17,False,246.25999450683594,248.69500732421875,0.15,38.79,BAJO,27311888384.0,26.3,20.52,3.62,14.6,6.4,15.25,9.19,3.33,14.75,0.81,1.59,,YAHOO,-0.4442,-0.655,-0.3037,0.056637,2.9334,-0.0447,76.22,2026-10-20,33,,,yahoo,1.0,1.0,1.0,1.0,1.0,0.0,1.0,1.0,1.0,7.0563,2.7616,19.1611,25.6352,28.3804,26.0536,247.45,247.45,247.45,0.0,0.0,0.0
DHI,140.3800048828125,140.38,2026-09-17,False,138.8000030517578,142.52999877929688,1.49,-15.79,BAJO,39264468992.0,13.4,11.98,1.65,12.63,6.88,12.99,9.15,6.15,10.75,0.29,6.01,,YAHOO,-0.4442,-0.655,-0.3037,0.056637,2.9334,-0.0447,76.22,2026-10-29,42,,,yahoo,1.0,0.0,1.0,0.0,0.0,1.0,1.0,0.0,0.0,3.548,-1.3215,-2.7568,-7.6611,19.9258,32.6712,150.8,166.4539,172.875,-6.9098,-15.6644,-18.7968
DLR,184.25999450683594,184.26,2026-09-17,False,182.7899932861328,185.02000427246094,1.76,11.38,BAJO,69588312064.0,89.88,66.69,2.55,2.91,1.48,25.88,11.82,5.42,27.78,0.68,0.89,,YAHOO,-0.4442,-0.655,-0.3037,0.056637,2.9334,-0.0447,76.22,2026-10-22,35,,,yahoo,1.0,1.0,1.0,1.0,0.0,0.0,0.0,1.0,1.0,0.0828,0.9597,5.2615,-0.832,49.5236,36.2368,192.9768,198.7869,201.18,-4.517,-7.3078,-8.4104
DLTR,114.4000015258789,114.4,2026-09-17,False,111.66500091552734,114.47000122070312,1.78,17.63,BAJO,21464907776.0,14.02,14.47,6.27,46.03,8.26,6.21,8.04,4.89,11.06,2.24,1.13,,YAHOO,-0.4442,-0.655,-0.3037,0.056637,2.9334,-0.0447,76.22,2026-12-01,75,2026-08-27,21.0,finnhub,1.0,1.0,1.0,1.0,0.0,1.0,1.0,1.0,1.0,-3.5901,-13.2742,-9.4793,7.5087,50.4514,35.0915,136.75,136.75,141.21,-16.3437,-16.3437,-18.9859
DOC,20.5,20.5,2026-09-17,False,20.44499969482422,20.739999771118164,0.74,21.59,BAJO,14533419008.0,58.57,146.43,1.8,3.04,1.51,15.99,8.25,11.32,15.51,1.09,2.29,,YAHOO,-0.4442,-0.655,-0.3037,0.056637,2.9334,-0.0447,76.22,2026-10-22,35,,,yahoo,1.0,0.0,1.0,1.0,0.0,0.0,1.0,0.0,1.0,1.1464,-2.0279,-7.1103,7.2132,14.9392,19.7442,21.5512,22.5939,22.5939,-4.8775,-9.2677,-9.2677
DOV,189.24000549316406,189.24,2026-09-17,False,188.1699981689453,191.55999755859375,0.47,12.14,BAJO,25486886912.0,22.88,16.27,3.31,14.91,7.06,18.69,13.48,3.56,14.08,0.42,1.98,,YAHOO,-0.4442,-0.655,-0.3037,0.056637,2.9334,-0.0447,76.22,2026-10-22,35,,,yahoo,1.0,0.0,1.0,1.0,1.0,0.0,1.0,1.0,0.0,0.998,0.18,-9.4875,-14.0625,5.2787,27.1413,204.1192,230.1203,231.5927,-7.2895,-17.7647,-18.2876
DPZ,297.6499938964844,297.65,2026-09-17,False,297.42498779296875,304.385009765625,-1.21,-29.97,BAJO,9846778880.0,16.88,14.27,-2.47,,33.89,19.08,11.86,5.4,14.46,,1.54,,YAHOO,-0.4442,-0.655,-0.3037,0.056637,2.9334,-0.0447,76.22,2026-10-13,26,,,yahoo,1.0,1.0,1.0,1.0,0.0,1.0,1.0,1.0,1.0,-5.6127,-13.6118,-8.9611,-4.73,53.5529,38.6014,347.8488,365.3704,430.8719,-14.4312,-18.5347,-30.9191
DRI,206.74000549316406,206.74,2026-09-17,False,205.6999969482422,208.91000366210938,-0.64,2.79,BAJO,23473625088.0,19.78,16.68,10.68,53.72,7.72,14.14,9.13,3.37,14.92,3.65,0.31,,YAHOO,-0.4442,-0.655,-0.3037,0.056637,2.9334,-0.0447,76.22,2026-09-24,7,,,yahoo,1.0,1.0,1.0,1.0,1.0,0.0,1.0,0.0,1.0,-0.3807,-6.0401,6.1185,-1.3807,55.003,30.5615,225.56,227.68,227.68,-8.3437,-9.1971,-9.1971
DTE,130.44000244140625,130.44,2026-09-17,False,129.86000061035156,131.6750030517578,-0.2,-0.4,BAJO,27143008256.0,20.61,15.59,2.23,11.03,2.77,13.62,8.0,-9.57,15.19,2.29,0.8,,YAHOO,-0.4442,-0.655,-0.3037,0.056637,2.9334,-0.0447,76.22,2026-10-29,42,,,yahoo,1.0,0.0,1.0,1.0,0.0,1.0,0.0,0.0,1.0,-2.9031,-4.1235,-10.6269,-10.6746,8.9004,16.8762,138.15,154.43,154.43,-5.5809,-15.5345,-15.5345
DUK,118.54000091552734,118.54,2026-09-17,False,117.52999877929688,118.55999755859375,0.66,1.95,BAJO,92425904128.0,17.85,16.53,1.72,9.86,2.84,27.5,16.0,-4.84,11.26,1.62,0.66,,YAHOO,-0.4442,-0.655,-0.3037,0.056637,2.9334,-0.0447,76.22,2026-11-05,49,,,yahoo,1.0,1.0,1.0,1.0,1.0,0.0,0.0,1.0,1.0,-0.6953,-1.6755,-4.9803,-3.3523,11.3007,18.0517,122.69,129.3824,131.1634,-3.3825,-8.3802,-9.6242
DVA,183.08999633789062,183.09,2026-09-17,False,182.3000030517578,195.72999572753906,-5.56,43.67,BAJO,11681141760.0,15.5,10.61,-15.3,88.48,7.51,16.06,6.05,8.92,9.29,12.42,1.47,,YAHOO,-0.4442,-0.655,-0.3037,0.056637,2.9334,-0.0447,76.22,2026-10-28,41,,,yahoo,1.0,0.0,1.0,1.0,0.0,1.0,1.0,0.0,1.0,0.9706,2.0625,-21.7898,-13.0544,66.0744,45.3337,193.86,240.96,240.96,-5.5556,-24.0164,-24.0164
DVN,48.720001220703125,48.72,2026-09-17,False,47.75,48.72999954223633,0.58,41.73,BAJO,53592002560.0,10.59,9.09,1.34,11.52,5.91,41.08,17.46,1.46,7.23,0.28,0.72,,YAHOO,-0.4442,-0.655,-0.3037,0.056637,2.9334,-0.0447,76.22,2026-11-04,48,,,yahoo,1.0,0.0,1.0,1.0,1.0,0.0,1.0,0.0,1.0,-1.9682,0.0113,12.0044,15.1609,62.8038,34.8539,51.33,51.33,51.3696,-5.0847,-5.0847,-5.1579
DXCM,87.93000030517578,87.93,2026-09-17,False,87.16999816894531,88.26000213623047,0.68,15.66,BAJO,33181331456.0,34.75,28.15,12.66,38.49,10.33,24.33,20.12,3.08,23.1,0.53,1.73,,YAHOO,-0.4442,-0.655,-0.3037,0.056637,2.9334,-0.0447,76.22,2026-10-29,42,,,yahoo,1.0,1.0,1.0,1.0,0.0,1.0,1.0,0.0,1.0,4.0469,-1.9623,16.1712,23.4452,11.1313,42.6279,92.34,92.34,92.34,-4.7758,-4.7758,-4.7758
ED,107.08000183105469,107.08,2026-09-17,False,105.16999816894531,107.19000244140625,1.57,15.39,BAJO,39601250304.0,17.61,16.5,1.54,8.96,3.24,16.54,12.53,-2.13,10.68,1.1,1.27,,YAHOO,-0.4442,-0.655,-0.3037,0.056637,2.9334,-0.0447,76.22,2026-11-05,49,,,yahoo,1.0,1.0,1.0,1.0,1.0,0.0,0.0,0.0,1.0,0.3279,-0.548,-2.7841,0.8578,16.1068,16.6256,108.75,113.0627,113.5695,-1.5356,-5.2915,-5.7141
EIX,55.5,55.5,2026-09-17,False,54.720001220703125,56.36000061035156,1.26,6.03,BAJO,21357176832.0,5.73,8.53,1.22,19.73,4.09,26.9,19.28,0.39,7.42,2.28,0.66,,YAHOO,-0.4442,-0.655,-0.3037,0.056637,2.9334,-0.0447,76.22,2026-10-27,40,,,yahoo,1.0,1.0,1.0,1.0,1.0,0.0,0.0,1.0,0.0,-2.2026,0.5617,-28.1553,-20.7915,28.2379,62.1639,74.78,80.38,80.38,-25.7823,-30.953,-30.953
EL,93.86000061035156,93.86,2026-09-17,False,93.41999816894531,98.30000305175781,-1.82,8.6,BAJO,33958412288.0,187.72,23.98,8.92,4.75,5.23,7.0,1.21,5.34,16.43,2.43,1.22,,YAHOO,-0.4442,-0.655,-0.3037,0.056637,2.9334,-0.0447,76.22,2026-11-02,46,2026-08-19,29.0,yahoo,1.0,1.0,1.0,1.0,1.0,0.0,0.0,1.0,1.0,-2.7055,-7.2071,12.6002,14.2115,22.8904,45.5104,105.8504,105.8504,118.3745,-11.3277,-11.3277,-20.7093
EME,729.260009765625,729.26,2026-09-17,False,723.8699951171875,758.3200073242188,-1.38,19.11,BAJO,32167585792.0,22.73,19.84,7.91,40.35,12.03,10.62,7.74,3.04,15.97,0.13,1.28,,YAHOO,-0.4442,-0.655,-0.3037,0.056637,2.9334,-0.0447,76.22,2026-10-29,42,,,yahoo,1.0,1.0,1.0,1.0,0.0,0.0,1.0,1.0,0.0,-2.5483,-0.681,-1.9851,-11.8264,29.3706,55.7125,787.39,862.54,943.2628,-7.3826,-15.452,-22.6875
EMR,147.39999389648438,147.4,2026-09-17,False,146.89999389648438,149.36000061035156,1.08,14.92,BAJO,82219712512.0,32.32,20.34,4.03,12.8,6.9,26.92,13.83,4.51,15.49,0.68,0.9,,YAHOO,-0.4442,-0.655,-0.3037,0.056637,2.9334,-0.0447,76.22,2026-11-04,48,,,yahoo,1.0,1.0,1.0,1.0,0.0,0.0,1.0,1.0,1.0,-0.6538,-1.0605,8.2881,-0.7383,23.5644,29.4381,158.29,163.8244,163.8244,-6.8798,-10.0256,-10.0256
EOG,145.47000122070312,145.47,2026-09-17,False,142.76510620117188,145.75,0.37,26.24,BAJO,76303261696.0,11.31,9.87,2.4,22.51,11.02,40.72,25.73,5.87,5.5,0.26,1.85,,YAHOO,-0.4442,-0.655,-0.3037,0.056637,2.9334,-0.0447,76.22,2026-11-05,49,,,yahoo,1.0,0.0,1.0,1.0,0.0,0.0,1.0,0.0,0.0,-1.3495,-2.3429,3.1044,9.9809,61.8865,34.5427,153.74,153.74,153.74,-5.3792,-5.3792,-5.3792
EPAM,117.0999984741211,117.1,2026-09-17,False,116.875,119.04000091552734,-0.06,-23.06,BAJO,6040835072.0,15.89,8.33,1.72,11.18,8.45,10.94,7.15,10.76,7.17,0.04,2.75,,YAHOO,-0.4442,-0.655,-0.3037,0.056637,2.9334,-0.0447,76.22,2026-11-05,49,,,yahoo,1.0,0.0,1.0,1.0,1.0,0.0,1.0,0.0,1.0,2.2529,-0.0853,30.9843,33.5234,64.6002,56.3999,123.61,123.61,221.4,-5.2666,-5.2666,-47.1093
EQIX,1025.93994140625,1025.9399,2026-09-17,False,1021.2150268554688,1033.989990234375,0.96,35.19,BAJO,101231222784.0,65.98,54.88,7.04,10.73,3.68,27.02,15.48,3.73,27.23,1.62,1.13,,YAHOO,-0.4442,-0.655,-0.3037,0.056637,2.9334,-0.0447,76.22,2026-10-28,41,,,yahoo,1.0,1.0,1.0,1.0,0.0,0.0,0.0,1.0,0.0,0.208,0.6573,1.3302,-5.2988,36.9873,28.5447,1082.61,1096.8591,1110.6332,-5.2346,-6.4657,-7.6257
EQR,63.65999984741211,63.66,2026-08-21,False,63.65999984741211,63.65999984741211,0.0,-7.11,BAJO,24611481600.0,28.68,41.36,2.27,8.02,2.67,27.88,27.97,5.78,17.34,0.79,0.13,,YAHOO,-0.4442,-0.655,-0.3037,0.056637,2.9334,-0.0447,76.22,2026-10-21,34,,,yahoo,1.0,1.0,1.0,1.0,0.0,0.0,1.0,0.0,1.0,-3.5016,-6.7799,,,0.0,,,,,,,
EQT,50.349998474121094,50.35,2026-09-17,False,49.91999816894531,50.75,-0.12,2.54,BAJO,31494731776.0,11.68,13.01,1.25,11.08,6.63,23.37,29.18,7.81,5.82,0.2,0.67,,YAHOO,-0.4442,-0.655,-0.3037,0.056637,2.9334,-0.0447,76.22,2026-10-20,33,,,yahoo,1.0,1.0,1.0,1.0,1.0,1.0,0.0,1.0,1.0,-8.3879,-9.6861,2.9723,-1.2167,37.1365,29.526,55.75,55.75,67.5273,-9.6861,-9.6861,-25.4376
ERIE,244.38999938964844,244.39,2026-09-17,False,242.2550048828125,247.59950256347656,-0.48,-21.47,BAJO,12779120640.0,22.2,17.44,5.18,24.81,14.15,19.1,14.01,3.77,15.09,0.03,1.25,,YAHOO,-0.4442,-0.655,-0.3037,0.056637,2.9334,-0.0447,76.22,2026-10-29,42,,,yahoo,1.0,0.0,1.0,1.0,0.0,0.0,1.0,0.0,0.0,1.6597,-5.4255,8.613,10.8954,39.9082,48.8401,268.64,268.64,324.5125,-9.027,-9.027,-24.6901
ES,68.98999786376953,68.99,2026-09-17,False,67.72000122070312,69.05000305175781,1.67,14.61,BAJO,25986789376.0,17.92,14.03,1.59,9.02,3.3,23.92,10.35,3.12,10.89,1.81,0.8,,YAHOO,-0.4442,-0.655,-0.3037,0.056637,2.9334,-0.0447,76.22,2026-11-04,48,,,yahoo,1.0,1.0,1.0,1.0,1.0,0.0,0.0,1.0,1.0,0.0,-2.0585,-6.8332,-0.0869,23.0838,19.3881,72.15,75.39,75.39,-4.3798,-8.4892,-8.4892
ESS,270.79998779296875,270.8,2026-09-17,False,270.489990234375,273.9750061035156,-0.2,6.4,BAJO,18667024384.0,42.12,42.99,3.27,7.71,2.96,33.98,20.89,5.59,19.73,1.22,0.25,,YAHOO,-0.4442,-0.655,-0.3037,0.056637,2.9334,-0.0447,76.22,2026-10-27,40,,,yahoo,1.0,0.0,1.0,1.0,0.0,1.0,0.0,0.0,1.0,-0.21,-2.3405,-7.8379,-0.4406,18.0745,20.7274,293.61,298.33,298.33,-7.7688,-9.228,-9.228
ETN,409.4599914550781,409.46,2026-09-17,False,408.7650146484375,418.8599853515625,2.93,14.58,BAJO,159034261504.0,41.65,25.38,7.85,19.68,7.05,16.56,12.75,1.95,27.07,1.05,1.24,,YAHOO,-0.4442,-0.655,-0.3037,0.056637,2.9334,-0.0447,76.22,2026-11-03,47,,,yahoo,1.0,1.0,1.0,1.0,1.0,0.0,1.0,0.0,1.0,0.0758,4.7614,2.2564,0.202,73.8187,47.9067,425.37,459.96,459.96,-3.7403,-10.9792,-10.9792
ETR,103.30999755859375,103.31,2026-09-17,False,102.00499725341797,103.41899871826172,0.97,20.71,BAJO,49359187968.0,26.42,20.24,2.64,10.25,2.68,24.46,13.33,-8.92,14.23,1.87,0.91,,YAHOO,-0.4442,-0.655,-0.3037,0.056637,2.9334,-0.0447,76.22,2026-10-29,42,,,yahoo,1.0,1.0,1.0,1.0,1.0,1.0,0.0,0.0,0.0,-2.2889,-3.2225,-7.1337,-6.2541,16.9408,18.2368,108.53,115.6397,116.6636,-4.8097,-10.6622,-11.4462
EVRG,80.83999633789062,80.84,2026-09-17,False,80.5,81.20999908447266,0.56,17.21,BAJO,18639048704.0,20.57,17.71,1.82,9.25,2.91,25.24,15.19,-7.74,12.38,1.61,0.36,,YAHOO,-0.4442,-0.655,-0.3037,0.056637,2.9334,-0.0447,76.22,2026-11-05,49,,,yahoo,1.0,0.0,1.0,1.0,0.0,0.0,0.0,1.0,0.0,-0.6391,0.0867,-4.2802,-1.6113,11.868,15.7778,83.16,87.4002,87.4002,-2.7898,-7.506,-7.506
EW,88.25,88.25,2026-09-17,False,88.0,89.57879638671875,-1.15,17.99,BAJO,50867298304.0,52.53,26.13,4.79,9.18,8.37,29.84,15.43,2.42,24.05,0.07,4.52,,YAHOO,-0.4442,-0.655,-0.3037,0.056637,2.9334,-0.0447,76.22,2026-10-29,42,,,yahoo,1.0,0.0,1.0,1.0,1.0,0.0,1.0,0.0,1.0,1.7057,-2.8298,3.8235,1.8113,35.5229,23.9582,90.87,95.18,95.18,-2.8832,-7.2809,-7.2809
EXC,42.63999938964844,42.64,2026-09-17,False,42.2400016784668,42.720001220703125,0.47,2.89,BAJO,43930025984.0,15.68,14.03,1.48,9.71,2.81,16.59,10.99,-6.11,11.33,1.77,1.09,,YAHOO,-0.4442,-0.655,-0.3037,0.056637,2.9334,-0.0447,76.22,2026-11-03,47,,,yahoo,1.0,1.0,1.0,1.0,0.0,1.0,0.0,1.0,0.0,-1.7285,-2.1014,-6.3403,-5.518,15.0834,19.0836,44.635,47.4284,49.3516,-4.4696,-10.0961,-13.5995
EXPD,189.0800018310547,189.08,2026-09-17,False,187.89999389648438,190.2550048828125,0.02,53.54,BAJO,24578627584.0,27.56,23.85,11.6,42.67,15.23,10.71,7.63,3.24,19.08,0.27,1.57,,YAHOO,-0.4442,-0.655,-0.3037,0.056637,2.9334,-0.0447,76.22,2026-11-03,47,,,yahoo,1.0,0.0,1.0,1.0,1.0,1.0,1.0,1.0,1.0,-0.1268,1.5685,6.602,17.7262,21.9966,24.6183,193.9,193.9,193.9,-2.4858,-2.4858,-2.4858
EXPE,284.54998779296875,284.55,2026-09-17,False,280.8599853515625,292.3900146484375,-0.84,27.94,BAJO,34152282112.0,17.9,11.63,28.24,89.49,6.11,18.98,12.97,10.06,11.86,2.3,0.8,,YAHOO,-0.4442,-0.655,-0.3037,0.056637,2.9334,-0.0447,76.22,2026-11-05,49,,,yahoo,1.0,0.0,1.0,1.0,1.0,1.0,1.0,1.0,0.0,2.7701,-7.6316,7.4997,18.9962,34.4518,45.4423,338.6418,338.6418,338.6418,-15.9732,-15.9732,-15.9732
EXR,139.02999877929688,139.03,2026-09-17,False,137.64999389648438,139.13999938964844,1.91,2.32,BAJO,30684274688.0,30.69,28.94,2.22,6.95,3.36,45.88,27.28,4.89,19.05,1.02,0.89,,YAHOO,-0.4442,-0.655,-0.3037,0.056637,2.9334,-0.0447,76.22,2026-10-28,41,,,yahoo,1.0,1.0,1.0,1.0,0.0,1.0,1.0,0.0,1.0,3.0888,0.5251,-4.4916,-2.2619,19.6082,20.2763,145.5486,151.0737,151.0737,-4.4787,-7.9721,-7.9721
FANG,196.94000244140625,196.94,2026-09-17,False,190.92010498046875,197.30999755859375,1.23,44.21,BAJO,55147094016.0,37.51,10.63,1.46,3.49,1.31,48.47,9.03,9.13,6.17,0.29,0.47,,YAHOO,-0.4442,-0.655,-0.3037,0.056637,2.9334,-0.0447,76.22,2026-11-02,46,,,yahoo,1.0,0.0,1.0,1.0,0.0,0.0,1.0,0.0,1.0,-4.1141,-3.1855,1.3536,6.7633,77.167,36.8867,211.53,211.53,211.53,-6.8974,-6.8974,-6.8974
FAST,49.18000030517578,49.18,2026-09-17,False,48.630001068115234,49.58000183105469,0.31,7.27,BAJO,56433934336.0,42.03,35.06,13.87,34.33,21.52,21.02,15.45,1.62,28.9,0.11,4.18,,YAHOO,-0.4442,-0.655,-0.3037,0.056637,2.9334,-0.0447,76.22,2026-10-14,27,,,yahoo,1.0,1.0,1.0,1.0,1.0,1.0,0.0,0.0,1.0,0.3469,2.608,10.4778,10.1824,7.8215,22.9593,51.28,52.38,52.38,-4.0952,-6.1092,-6.1092
FDS,278.8500061035156,278.85,2026-09-17,False,270.82000732421875,281.30499267578125,0.88,-14.9,BAJO,9917452288.0,18.38,14.13,4.91,27.03,11.08,30.54,23.21,6.26,11.9,0.77,0.68,,YAHOO,-0.4442,-0.655,-0.3037,0.056637,2.9334,-0.0447,76.22,2026-09-30,13,,,yahoo,1.0,1.0,1.0,1.0,0.0,1.0,1.0,0.0,0.0,6.0548,-8.8934,9.426,22.6022,51.3493,53.9509,313.55,313.55,330.1283,-11.0668,-11.0668,-15.5328
FE,45.72999954223633,45.73,2026-09-17,False,45.310001373291016,45.75,0.77,10.13,BAJO,26461204480.0,24.45,15.5,2.05,9.49,3.68,19.3,6.94,-7.61,10.45,2.01,0.54,,YAHOO,-0.4442,-0.655,-0.3037,0.056637,2.9334,-0.0447,76.22,2026-10-21,34,,,yahoo,1.0,0.0,1.0,1.0,0.0,1.0,0.0,0.0,1.0,-1.1243,-1.2098,-4.8551,0.094,13.0757,16.2762,47.18,49.43,50.8757,-3.0733,-7.4853,-10.1143
FFIV,434.6199951171875,434.62,2026-09-17,False,423.29998779296875,439.4800109863281,2.6,34.85,BAJO,24611305472.0,34.66,24.04,6.41,19.83,7.98,24.65,21.95,2.91,24.51,0.07,1.67,,YAHOO,-0.4442,-0.655,-0.3037,0.056637,2.9334,-0.0447,76.22,2026-10-26,39,,,yahoo,1.0,1.0,1.0,1.0,0.0,1.0,1.0,1.0,0.0,9.0695,11.1333,5.5108,12.9235,44.9857,37.8727,434.62,434.62,434.62,0.0,0.0,0.0
FICO,966.2999877929688,966.3,2026-09-17,False,961.47998046875,990.5499877929688,-2.53,-37.1,BAJO,20869795840.0,28.01,18.19,-5.09,,39.98,53.79,34.05,3.71,20.75,,1.18,,YAHOO,-0.4442,-0.655,-0.3037,0.056637,2.9334,-0.0447,76.22,2026-11-04,48,,,yahoo,1.0,1.0,1.0,1.0,0.0,0.0,1.0,1.0,1.0,0.586,-12.1106,-23.5419,-14.2469,30.2099,66.6308,1172.67,1373.08,1879.55,-17.5983,-29.6254,-48.5888
FIS,36.43000030517578,36.43,2026-09-17,False,36.224998474121094,36.93000030517578,-1.14,-43.04,BAJO,18787166208.0,5.6,5.44,1.17,22.35,4.28,20.67,27.65,14.12,11.21,1.33,0.54,,YAHOO,-0.4442,-0.655,-0.3037,0.056637,2.9334,-0.0447,76.22,2026-11-04,48,,,yahoo,1.0,0.0,1.0,1.0,1.0,0.0,1.0,0.0,1.0,-4.333,-11.9873,-12.8201,-4.4818,15.0688,38.1234,41.7971,46.2753,66.0467,-12.8407,-21.2755,-44.842
FITB,53.27000045776367,53.27,2026-09-17,False,52.22999954223633,53.28499984741211,1.64,20.6,BAJO,48310165504.0,17.94,10.79,1.5,8.44,0.92,39.08,23.24,,,,,,YAHOO,-0.4442,-0.655,-0.3037,0.056637,2.9334,-0.0447,76.22,2026-10-19,32,,,yahoo,1.0,1.0,1.0,1.0,1.0,0.0,1.0,0.0,1.0,-2.1312,-2.0772,-7.1951,2.0311,39.725,22.0469,55.1,59.37,59.37,-3.3212,-10.2745,-10.2745
FIX,1573.9599609375,1573.96,2026-09-17,False,1570.00048828125,1649.97998046875,-0.84,107.36,BAJO,55394463744.0,38.73,26.15,85.75,55.29,17.04,17.06,12.78,3.33,26.85,0.11,1.21,,YAHOO,-0.4442,-0.655,-0.3037,0.056637,2.9334,-0.0447,76.22,2026-10-22,35,,,yahoo,1.0,1.0,1.0,1.0,0.0,1.0,1.0,1.0,0.0,-1.0592,0.8865,-8.0251,-18.4802,50.2595,60.9807,1690.8199,2016.5256,2065.4404,-6.9114,-21.9469,-23.7954
FOX,58.43000030517578,58.43,2026-09-17,False,58.23500061035156,59.35499954223633,-1.22,10.83,BAJO,24566161408.0,15.22,10.17,2.11,14.29,9.5,25.21,9.84,2.26,7.23,0.64,3.17,,YAHOO,-0.4442,-0.655,-0.3037,0.056637,2.9334,-0.0447,76.22,2026-10-29,42,,,yahoo,1.0,0.0,1.0,1.0,0.0,1.0,1.0,0.0,1.0,0.6373,-3.0529,13.9059,25.6548,48.7228,34.8127,62.382,62.382,67.0667,-6.3352,-6.3352,-12.8778
FOXA,64.9800033569336,64.98,2026-09-17,False,64.87999725341797,66.2750015258789,-1.78,11.38,BAJO,27320029184.0,16.92,11.14,2.34,14.29,9.5,25.21,9.84,2.03,7.94,0.64,3.17,,YAHOO,-0.4442,-0.655,-0.3037,0.056637,2.9334,-0.0447,76.22,2026-10-29,42,,,yahoo,1.0,0.0,1.0,1.0,0.0,1.0,1.0,0.0,1.0,-0.3068,-3.7618,13.5475,27.1767,45.3415,34.9452,70.0207,70.0207,75.4053,-7.1988,-7.1988,-13.8257
FRT,111.76000213623047,111.76,2026-09-17,False,111.44000244140625,112.80999755859375,-0.59,18.06,BAJO,9769873408.0,22.58,35.03,3.03,12.55,3.26,35.03,32.66,4.67,17.81,1.34,0.56,,YAHOO,-0.4442,-0.655,-0.3037,0.056637,2.9334,-0.0447,76.22,2026-10-30,43,,,yahoo,1.0,1.0,1.0,1.0,0.0,0.0,0.0,0.0,0.0,-2.682,-5.24,-11.012,-6.3807,9.5663,14.2635,117.94,127.13,127.13,-5.24,-12.09,-12.09
FTNT,172.5800018310547,172.58,2026-09-17,False,167.77000427246094,176.10000610351562,0.47,115.58,BAJO,126624309248.0,60.98,45.68,81.64,117.44,14.17,33.6,28.17,1.79,47.43,0.36,1.28,,YAHOO,-0.4442,-0.655,-0.3037,0.056637,2.9334,-0.0447,76.22,2026-11-04,48,,,yahoo,1.0,0.0,1.0,1.0,1.0,0.0,1.0,0.0,1.0,8.6434,11.6734,7.6204,19.7308,68.848,46.4418,172.78,172.78,172.78,-0.1158,-0.1158,-0.1158
FTV,55.06999969482422,55.07,2026-09-17,False,54.81999969482422,55.77000045776367,-0.42,15.8,BAJO,16632079360.0,29.14,16.95,2.75,7.32,3.29,19.14,12.38,5.65,16.15,0.59,1.24,,YAHOO,-0.4442,-0.655,-0.3037,0.056637,2.9334,-0.0447,76.22,2026-10-28,41,,,yahoo,1.0,1.0,1.0,1.0,0.0,0.0,1.0,0.0,1.0,1.0273,-2.5847,-9.5966,-9.0453,29.3182,27.0382,60.3865,64.0121,64.0121,-8.8041,-13.9693,-13.9693
GD,355.95001220703125,355.95,2026-09-17,False,353.3900146484375,362.3900146484375,-1.12,11.99,BAJO,96304832512.0,21.68,19.15,3.58,17.8,6.08,10.38,8.18,4.57,15.27,0.35,1.44,,YAHOO,-0.4442,-0.655,-0.3037,0.056637,2.9334,-0.0447,76.22,2026-10-28,41,,,yahoo,1.0,1.0,1.0,1.0,1.0,1.0,0.0,0.0,1.0,0.4799,-2.2303,-3.953,-1.4644,12.0721,18.3425,386.07,395.97,395.97,-7.8017,-10.1068,-10.1068
GDDY,98.1500015258789,98.15,2026-09-17,False,96.31999969482422,100.19999694824219,-0.95,-31.25,BAJO,12430472192.0,14.58,8.9,1851.89,442.86,9.88,27.06,17.83,9.69,10.93,573.34,0.63,,YAHOO,-0.4442,-0.655,-0.3037,0.056637,2.9334,-0.0447,76.22,2026-10-29,42,,,yahoo,1.0,0.0,1.0,1.0,0.0,0.0,1.0,0.0,1.0,1.847,-3.6517,3.4901,28.9581,69.6696,64.5308,104.47,105.1,147.83,-6.0496,-6.6127,-33.6062
GEHC,64.44499969482422,64.445,2026-09-17,False,62.994998931884766,65.25499725341797,1.5,-15.11,BAJO,29108920320.0,14.85,11.91,2.65,19.38,5.13,14.98,9.33,5.4,10.4,0.94,1.26,,YAHOO,-0.4442,-0.655,-0.3037,0.056637,2.9334,-0.0447,76.22,2026-10-28,41,,,yahoo,1.0,0.0,1.0,0.0,0.0,1.0,1.0,0.0,0.0,0.3191,-8.6664,2.6284,5.4479,16.5055,38.2077,74.82,74.82,88.0324,-13.8666,-13.8666,-26.794
GIS,36.65999984741211,36.66,2026-09-17,False,36.5,37.209999084472656,-0.41,-20.19,BAJO,19599515648.0,,11.5,3.54,-1.03,5.74,16.12,-0.47,11.78,9.59,1.89,0.68,,YAHOO,-0.4442,-0.655,-0.3037,0.056637,2.9334,-0.0447,76.22,2026-09-23,6,2026-09-15,2.0,yahoo,0.0,0.0,1.0,1.0,0.0,1.0,1.0,0.0,1.0,1.9466,-9.6599,-2.4481,11.7943,14.1247,37.2063,41.55,41.55,48.1163,-11.769,-11.769,-23.8096
GNRC,207.22999572753906,207.23,2026-09-17,False,202.25999450683594,231.88710021972656,18.34,14.94,BAJO,12227888128.0,47.75,17.53,4.25,9.49,4.72,17.93,5.82,2.36,21.01,0.49,2.04,,YAHOO,-0.4442,-0.655,-0.3037,0.056637,2.9334,-0.0447,76.22,2026-10-28,41,,,yahoo,1.0,0.0,1.0,1.0,1.0,1.0,1.0,0.0,0.0,14.0695,14.6437,-2.823,-22.733,166.6768,63.6323,207.23,295.16,295.54,0.0,-29.7906,-29.8809
GOOG,343.67999267578125,343.68,2026-09-17,False,340.5,345.9649963378906,1.27,38.55,BAJO,4203184128000.0,17.25,23.13,6.75,48.68,12.96,34.03,54.77,0.54,23.68,0.19,2.72,,YAHOO,-0.4442,-0.655,-0.3037,0.056637,2.9334,-0.0447,76.22,2026-10-28,41,,,yahoo,1.0,0.0,1.0,1.0,0.0,1.0,1.0,1.0,0.0,4.0225,3.0329,-2.1251,-5.0254,30.8487,35.1024,345.71,375.1065,398.5413,-0.5872,-8.378,-13.7655
GPC,130.8800048828125,130.88,2026-09-17,False,130.57000732421875,132.85000610351562,0.28,-1.95,BAJO,18043086848.0,523.52,15.76,3.99,0.71,4.48,6.56,0.13,5.08,11.74,1.46,1.16,,YAHOO,-0.4442,-0.655,-0.3037,0.056637,2.9334,-0.0447,76.22,2026-10-20,33,,,yahoo,1.0,0.0,1.0,1.0,1.0,0.0,1.0,1.0,0.0,-2.4448,-3.8288,7.7605,24.2921,12.8419,38.0549,138.4126,138.4126,145.181,-5.4421,-5.4421,-9.8504
GPN,85.4000015258789,85.4,2026-09-17,False,85.37999725341797,87.41000366210938,-1.26,2.0,BAJO,22598410240.0,40.47,5.34,0.98,2.43,2.33,16.11,-9.15,34.82,9.28,0.98,0.82,,YAHOO,-0.4442,-0.655,-0.3037,0.056637,2.9334,-0.0447,76.22,2026-11-03,47,,,yahoo,1.0,0.0,1.0,1.0,0.0,1.0,1.0,0.0,0.0,-3.2843,-7.7235,3.9721,29.0564,33.3144,40.0209,94.0338,94.5623,94.5623,-9.1816,-9.6891,-9.6891
GWW,1262.6099853515625,1262.61,2026-09-17,False,1250.5999755859375,1278.2449951171875,0.35,28.2,BAJO,59470123008.0,32.16,24.74,14.4,46.09,19.93,16.07,9.92,2.1,19.3,0.62,2.81,,YAHOO,-0.4442,-0.655,-0.3037,0.056637,2.9334,-0.0447,76.22,2026-11-04,48,,,yahoo,1.0,0.0,1.0,1.0,0.0,1.0,1.0,0.0,1.0,-0.6984,-1.7309,-7.7409,-3.5104,8.5605,22.0975,1335.39,1399.2974,1399.2974,-5.4501,-9.7683,-9.7683
HAS,88.76000213623047,88.76,2026-09-17,False,88.73999786376953,90.73999786376953,-0.6,24.58,BAJO,12519106560.0,15.79,13.6,17.78,159.56,13.08,22.16,15.97,5.5,11.63,5.31,1.66,,YAHOO,-0.4442,-0.655,-0.3037,0.056637,2.9334,-0.0447,76.22,2026-10-22,35,,,yahoo,0.0,0.0,1.0,1.0,1.0,0.0,0.0,0.0,1.0,-1.5528,-5.0695,9.6041,7.1355,3.1476,32.0601,96.74,96.74,103.5827,-8.2489,-8.2489,-14.31
HBAN,15.880000114440918,15.88,2026-09-17,False,15.550000190734863,15.970000267028809,0.38,-6.27,BAJO,32084187136.0,12.22,8.7,1.08,9.0,0.98,41.93,26.13,,,,,,YAHOO,-0.4442,-0.655,-0.3037,0.056637,2.9334,-0.0447,76.22,2026-10-22,35,,,yahoo,1.0,1.0,1.0,1.0,1.0,0.0,0.0,0.0,0.0,-5.0807,-5.9242,-12.0709,-5.7567,43.7483,24.7521,17.06,18.56,18.9052,-6.9168,-14.4397,-16.002
HCA,429.0400085449219,429.04,2026-09-17,False,426.55999755859375,433.510009765625,-0.32,8.79,BAJO,92887810048.0,14.38,13.4,-14.08,,12.29,15.16,8.77,4.02,9.34,,0.99,,YAHOO,-0.4442,-0.655,-0.3037,0.056637,2.9334,-0.0447,76.22,2026-10-23,36,,,yahoo,1.0,1.0,1.0,1.0,0.0,0.0,1.0,1.0,1.0,2.0467,6.9072,16.0388,10.7355,16.6634,36.5839,430.43,430.43,542.2319,-0.3229,-0.3229,-20.8752
HIG,133.13999938964844,133.14,2026-09-17,False,132.75999450683594,135.67999267578125,-1.33,4.36,BAJO,36063899648.0,9.19,9.73,1.87,22.06,3.85,17.61,14.89,15.27,6.59,0.22,1.77,,YAHOO,-0.4442,-0.655,-0.3037,0.056637,2.9334,-0.0447,76.22,2026-10-29,42,,,yahoo,1.0,1.0,1.0,1.0,1.0,0.0,1.0,0.0,1.0,-2.6754,-2.9663,-4.8227,3.1503,16.1886,20.7065,140.0,145.0437,145.0437,-4.9,-8.207,-8.207
HII,277.1400146484375,277.14,2026-09-17,False,275.5201110839844,283.25,-0.34,4.04,BAJO,10920591360.0,16.5,13.3,2.06,12.97,4.28,7.08,5.01,-2.75,11.86,0.55,1.23,,YAHOO,-0.4442,-0.655,-0.3037,0.056637,2.9334,-0.0447,76.22,2026-10-29,42,,,yahoo,1.0,1.0,1.0,1.0,1.0,1.0,0.0,1.0,1.0,-1.6083,-4.0108,3.1079,-6.217,4.0979,40.5323,300.0009,329.2744,449.6816,-7.6203,-15.8331,-38.3697
HLT,302.5400085449219,302.54,2026-09-17,False,302.5299987792969,308.1499938964844,-1.01,14.42,BAJO,68091142144.0,44.36,28.94,-10.83,,11.03,62.99,31.03,2.05,26.27,,0.65,,YAHOO,-0.4442,-0.655,-0.3037,0.056637,2.9334,-0.0447,76.22,2026-10-28,41,,,yahoo,1.0,0.0,1.0,1.0,0.0,0.0,1.0,1.0,1.0,-1.2082,-2.8795,-6.4163,-13.3473,18.4698,22.8984,332.56,343.2637,350.0606,-9.0269,-11.8637,-13.575
HPE,61.040000915527344,61.04,2026-09-17,False,57.0099983215332,62.13999938964844,7.69,152.6,BAJO,81028456448.0,31.46,13.28,3.06,10.94,2.64,12.56,6.67,5.85,13.82,0.76,1.11,,YAHOO,-0.4442,-0.655,-0.3037,0.056637,2.9334,-0.0447,76.22,2026-12-02,76,2026-09-02,15.0,finnhub,1.0,0.0,1.0,1.0,0.0,0.0,0.0,0.0,1.0,10.5397,17.7696,36.9838,26.639,122.1179,70.1912,62.09,62.09,62.09,-1.6911,-1.6911,-1.6911
HRL,20.760000228881836,20.76,2026-09-17,False,20.725000381469727,20.93000030517578,-0.1,-11.58,BAJO,11425282048.0,33.48,13.36,1.46,4.29,4.63,8.62,2.82,5.44,10.62,0.36,1.88,,YAHOO,-0.4442,-0.655,-0.3037,0.056637,2.9334,-0.0447,76.22,2026-12-02,76,2026-08-27,21.0,finnhub,1.0,0.0,1.0,1.0,0.0,1.0,0.0,0.0,1.0,-0.3839,-5.8503,-17.8797,-13.6502,18.4284,30.914,24.09,26.1959,26.1959,-13.8232,-20.751,-20.751
HSIC,85.04000091552734,85.04,2026-09-17,False,84.1500015258789,87.0999984741211,-1.99,26.86,BAJO,9477413888.0,24.79,14.18,3.01,8.85,4.39,5.76,2.96,4.71,13.61,0.81,1.32,,YAHOO,-0.4442,-0.655,-0.3037,0.056637,2.9334,-0.0447,76.22,2026-11-03,47,,,yahoo,1.0,0.0,1.0,1.0,0.0,0.0,1.0,0.0,0.0,-2.5888,-5.9188,-1.3457,6.3399,18.4361,19.5142,90.86,90.86,90.86,-6.4055,-6.4055,-6.4055
HUBB,443.2300109863281,443.23,2026-09-17,False,435.9100036621094,450.1300048828125,0.95,4.18,BAJO,23416981504.0,26.23,19.34,5.99,24.44,8.43,21.67,14.49,2.12,18.72,1.42,1.61,,YAHOO,-0.4442,-0.655,-0.3037,0.056637,2.9334,-0.0447,76.22,2026-10-27,40,,,yahoo,1.0,0.0,1.0,1.0,0.0,0.0,1.0,1.0,0.0,-2.0291,-1.5219,-8.3254,-12.6293,33.7269,34.3261,471.0005,534.384,554.4603,-5.8961,-17.0578,-20.061
HUM,384.5199890136719,384.52,2026-09-17,False,380.4100036621094,387.8299865722656,-0.05,45.43,BAJO,46173278208.0,36.34,23.21,2.4,6.89,3.9,3.46,0.88,4.2,10.32,0.76,1.74,,YAHOO,-0.4442,-0.655,-0.3037,0.056637,2.9334,-0.0447,76.22,2026-11-06,50,,,yahoo,1.0,0.0,1.0,0.0,0.0,0.0,1.0,0.0,1.0,-4.0451,-4.1026,-3.4355,6.4716,22.6655,34.7821,409.8,409.8,409.8,-6.1689,-6.1689,-6.1689
ICE,153.3000030517578,153.3,2026-09-17,False,152.61279296875,154.2100067138672,-0.52,-9.18,BAJO,86061776896.0,21.62,17.42,2.91,14.09,2.17,52.63,38.25,4.22,15.8,0.69,1.01,,YAHOO,-0.4442,-0.655,-0.3037,0.056637,2.9334,-0.0447,76.22,2026-10-29,42,,,yahoo,1.0,1.0,1.0,1.0,0.0,1.0,1.0,1.0,1.0,-1.2838,-2.5595,8.6457,14.2802,10.921,25.7378,164.0445,164.0445,173.314,-6.5498,-6.5498,-11.5478
IDXX,506.4800109863281,506.48,2026-09-17,False,501.9800109863281,514.3699951171875,-1.39,-20.34,BAJO,39901061120.0,35.59,30.26,24.77,74.21,27.08,34.98,25.03,2.28,25.16,0.68,1.17,,YAHOO,-0.4442,-0.655,-0.3037,0.056637,2.9334,-0.0447,76.22,2026-11-02,46,,,yahoo,1.0,1.0,1.0,1.0,1.0,0.0,1.0,1.0,1.0,-0.0099,-6.0316,-10.1683,-7.2534,16.3919,28.9352,559.51,595.76,766.68,-9.4779,-14.9859,-33.9385
IEX,221.88999938964844,221.89,2026-09-17,False,221.11500549316406,224.27000427246094,0.18,41.74,BAJO,16357707776.0,31.88,23.05,4.1,12.96,6.84,22.17,14.49,3.4,18.21,0.47,3.05,,YAHOO,-0.4442,-0.655,-0.3037,0.056637,2.9334,-0.0447,76.22,2026-10-28,41,,,yahoo,1.0,0.0,1.0,1.0,1.0,1.0,1.0,1.0,1.0,0.1942,-1.211,0.2938,-0.4801,9.5128,18.8952,234.89,240.52,240.52,-5.5345,-7.7457,-7.7457
INCY,127.62000274658203,127.62,2026-09-17,False,125.0999984741211,127.73999786376953,2.3,51.13,BAJO,25868285952.0,16.26,14.36,4.04,30.67,16.83,41.9,27.71,4.56,11.0,0.01,4.59,,YAHOO,-0.4442,-0.655,-0.3037,0.056637,2.9334,-0.0447,76.22,2026-10-27,40,,,yahoo,1.0,1.0,1.0,1.0,1.0,1.0,0.0,1.0,0.0,3.5204,-0.9392,10.3502,28.9221,21.7835,33.3806,129.72,129.93,129.93,-1.6189,-1.7779,-1.7779
INTU,313.1300048828125,313.13,2026-09-17,False,312.5799865722656,323.8599853515625,-1.57,-51.59,BAJO,83679608832.0,19.04,11.45,4.48,23.6,10.47,17.64,21.29,7.59,12.4,0.44,1.51,,YAHOO,-0.4442,-0.655,-0.3037,0.056637,2.9334,-0.0447,76.22,2026-11-19,63,2026-08-25,23.0,yahoo,1.0,1.0,1.0,1.0,0.0,1.0,1.0,1.0,1.0,0.1151,-8.6925,6.572,16.8861,65.3552,47.3443,369.92,369.92,694.2903,-15.352,-15.352,-54.8993
INVH,27.149999618530273,27.15,2026-09-17,False,27.1200008392334,27.479999542236328,-0.22,-3.71,BAJO,16035420160.0,24.91,38.19,1.77,7.05,2.48,25.11,23.2,7.29,16.38,0.94,0.43,,YAHOO,-0.4442,-0.655,-0.3037,0.056637,2.9334,-0.0447,76.22,2026-10-28,41,,,yahoo,1.0,1.0,1.0,1.0,0.0,1.0,1.0,0.0,1.0,-1.4877,-5.8599,-9.7407,-3.729,13.0751,17.7647,30.46,30.59,30.59,-10.8667,-11.2455,-11.2455
IQV,269.44000244140625,269.44,2026-09-17,False,267.95001220703125,273.8550109863281,0.23,44.96,BAJO,44349825024.0,33.51,18.63,7.19,22.82,5.06,13.03,8.1,4.85,19.21,2.58,0.71,,YAHOO,-0.4442,-0.655,-0.3037,0.056637,2.9334,-0.0447,76.22,2026-11-03,47,,,yahoo,1.0,0.0,1.0,1.0,1.0,0.0,1.0,0.0,0.0,4.7182,2.1225,32.1432,57.8719,14.5515,40.4495,271.62,271.62,271.62,-0.8026,-0.8026,-0.8026
IR,72.6500015258789,72.65,2026-09-17,False,71.2699966430664,74.66500091552734,1.69,-7.31,BAJO,28188157952.0,30.02,18.55,2.77,9.47,5.1,16.88,12.08,3.93,15.64,0.48,1.62,,YAHOO,-0.4442,-0.655,-0.3037,0.056637,2.9334,-0.0447,76.22,2026-10-29,42,,,yahoo,1.0,0.0,1.0,1.0,1.0,0.0,1.0,0.0,1.0,-0.602,-3.1333,-9.37,-5.7128,19.5703,30.9931,80.51,89.9788,98.6875,-9.7628,-19.2587,-26.3838
IRM,114.0,114.0,2026-09-17,False,113.44999694824219,114.87000274658203,1.65,19.08,BAJO,33938120704.0,80.85,41.79,-26.49,,4.63,19.06,5.54,-1.28,21.2,,0.73,,YAHOO,-0.4442,-0.655,-0.3037,0.056637,2.9334,-0.0447,76.22,2026-11-04,48,,,yahoo,1.0,0.0,1.0,1.0,0.0,1.0,0.0,0.0,0.0,1.7589,2.7233,-7.5217,-8.4138,29.8878,30.5934,121.9921,131.4189,132.0341,-6.5513,-13.2545,-13.6587
IT,187.8000030517578,187.8,2026-09-17,False,187.61000061035156,192.97000122070312,-1.97,-25.41,BAJO,11859378176.0,16.9,11.48,-72.29,113.58,10.17,22.62,12.0,8.88,10.07,,0.88,,YAHOO,-0.4442,-0.655,-0.3037,0.056637,2.9334,-0.0447,76.22,2026-11-03,47,,,yahoo,1.0,0.0,1.0,1.0,0.0,0.0,1.0,1.0,1.0,10.0692,0.5623,33.1348,40.5899,90.4006,75.1075,202.78,202.78,264.09,-7.3873,-7.3873,-28.8879
ITW,267.510009765625,267.51,2026-09-17,False,265.5299987792969,270.6400146484375,0.07,5.12,BAJO,76186853376.0,24.23,21.57,26.32,104.62,16.92,26.9,19.39,3.19,17.68,3.35,1.11,,YAHOO,-0.4442,-0.655,-0.3037,0.056637,2.9334,-0.0447,76.22,2026-10-23,36,,,yahoo,1.0,0.0,1.0,1.0,1.0,0.0,1.0,0.0,0.0,0.871,-0.5872,-1.5385,2.6783,5.4069,21.8301,285.51,297.32,297.32,-6.3045,-10.0262,-10.0262
IVZ,30.219999313354492,30.22,2026-09-17,False,30.209999084472656,30.829999923706055,0.47,41.27,BAJO,13342123008.0,,9.24,1.34,-0.57,2.92,19.95,-0.93,8.55,12.11,0.12,0.71,,YAHOO,-0.4442,-0.655,-0.3037,0.056637,2.9334,-0.0447,76.22,2026-10-27,40,,,yahoo,0.0,0.0,1.0,1.0,0.0,1.0,1.0,1.0,1.0,-5.3555,-4.7289,2.5695,5.6691,22.1637,33.0625,33.31,33.31,33.31,-9.2765,-9.2765,-9.2765
JBHT,236.8000030517578,236.8,2026-09-17,False,236.8000030517578,242.4499969482422,0.03,78.11,BAJO,22239057920.0,33.68,23.59,6.08,18.45,7.38,7.42,5.31,4.06,14.12,0.38,1.25,,YAHOO,-0.4442,-0.655,-0.3037,0.056637,2.9334,-0.0447,76.22,2026-10-15,28,,,yahoo,1.0,1.0,1.0,1.0,1.0,0.0,1.0,1.0,1.0,-11.5857,-9.0001,-18.3788,-11.2411,109.382,43.0693,275.45,297.9075,297.9075,-14.0316,-20.5122,-20.5122
JBL,295.94000244140625,295.94,2026-09-17,False,295.6199951171875,307.3999938964844,-0.44,39.31,BAJO,31010691072.0,36.99,17.58,23.45,65.88,5.01,5.21,2.57,3.91,14.07,2.97,0.98,,YAHOO,-0.4442,-0.655,-0.3037,0.056637,2.9334,-0.0447,76.22,2026-09-30,13,,,yahoo,1.0,0.0,1.0,1.0,1.0,0.0,1.0,0.0,0.0,-2.2655,-1.1523,-3.2382,-21.0614,46.6364,52.2708,318.08,385.3968,385.5467,-6.9605,-23.2116,-23.2415
JKHY,156.2100067138672,156.21,2026-09-17,False,156.00999450683594,159.3800048828125,-1.74,-0.12,BAJO,10952291328.0,22.38,19.89,5.33,24.04,12.99,22.5,19.76,3.22,15.97,0.04,1.17,,YAHOO,-0.4442,-0.655,-0.3037,0.056637,2.9334,-0.0447,76.22,2026-11-03,47,2026-08-18,30.0,yahoo,1.0,1.0,1.0,1.0,0.0,0.0,1.0,1.0,1.0,-3.2276,-6.1378,2.3622,26.21,68.7892,35.5713,172.991,172.991,190.3516,-9.7005,-9.7005,-17.9361
KEY,20.950000762939453,20.95,2026-09-17,False,20.655000686645508,21.075000762939453,1.11,17.21,BAJO,22356344832.0,12.25,9.8,1.3,10.33,1.08,34.71,27.54,,,,,,YAHOO,-0.4442,-0.655,-0.3037,0.056637,2.9334,-0.0447,76.22,2026-10-20,33,,,yahoo,1.0,1.0,1.0,1.0,1.0,0.0,1.0,0.0,1.0,-3.5895,-3.8991,-9.3026,-6.4131,39.7512,21.5355,22.18,23.7624,23.7624,-5.5455,-11.8356,-11.8356
KEYS,331.44000244140625,331.44,2026-09-17,False,327.9700012207031,337.8900146484375,2.92,92.32,BAJO,56425922560.0,44.97,23.89,8.59,20.9,7.23,25.68,19.14,3.31,33.33,0.42,2.02,,YAHOO,-0.4442,-0.655,-0.3037,0.056637,2.9334,-0.0447,76.22,2026-11-24,68,2026-08-18,30.0,yahoo,1.0,1.0,1.0,1.0,0.0,0.0,1.0,0.0,0.0,1.778,3.0661,5.5105,-5.4919,73.6229,47.4448,338.64,361.15,373.34,-2.1262,-8.2265,-11.223
KHC,24.729999542236328,24.73,2026-09-17,False,24.591899871826172,25.200000762939453,0.0,3.33,BAJO,29325420544.0,,11.85,0.81,-8.76,3.63,15.49,-13.64,11.08,8.33,0.53,1.06,,YAHOO,-0.4442,-0.655,-0.3037,0.056637,2.9334,-0.0447,76.22,2026-10-28,41,,,yahoo,0.0,0.0,1.0,1.0,0.0,1.0,1.0,0.0,1.0,1.394,-4.3208,-2.8408,8.299,21.1299,31.92,25.8468,27.1854,27.1854,-4.3208,-9.032,-9.032
KIM,22.56999969482422,22.57,2026-09-17,False,22.4950008392334,22.729999542236328,-0.09,8.37,BAJO,15139716096.0,26.24,25.65,1.47,5.81,2.37,36.56,27.76,5.76,17.62,0.85,0.97,,YAHOO,-0.4442,-0.655,-0.3037,0.056637,2.9334,-0.0447,76.22,2026-10-29,42,,,yahoo,1.0,1.0,1.0,1.0,1.0,0.0,1.0,1.0,1.0,-3.0915,-5.1606,-12.2654,-6.7484,13.6694,16.0626,23.9365,26.0712,26.0712,-5.7088,-13.4294,-13.4294
KMI,31.309999465942383,31.31,2026-09-17,False,30.670000076293945,31.43000030517578,1.89,18.76,BAJO,69721178112.0,20.2,20.28,2.2,10.99,4.45,30.06,19.3,1.54,13.36,0.99,0.46,,YAHOO,-0.4442,-0.655,-0.3037,0.056637,2.9334,-0.0447,76.22,2026-10-28,41,,,yahoo,1.0,1.0,1.0,1.0,0.0,1.0,0.0,0.0,1.0,1.1632,-2.0644,-2.9998,0.8703,17.2008,21.6794,32.24,32.8826,33.9923,-2.8846,-4.7826,-7.8908
KR,60.75,60.75,2026-09-17,False,60.599998474121094,61.279998779296875,-0.64,-6.59,BAJO,36207001600.0,32.84,11.02,6.57,14.44,5.8,2.98,0.73,7.0,7.3,4.13,0.7,,YAHOO,-0.4442,-0.655,-0.3037,0.056637,2.9334,-0.0447,76.22,2026-12-03,77,2026-09-11,6.0,yahoo,1.0,0.0,1.0,1.0,1.0,0.0,1.0,1.0,1.0,6.6725,4.3456,4.8095,-1.0566,42.7044,27.6457,62.25,62.25,74.6913,-2.4096,-2.4096,-18.6653
KVUE,17.8700008392334,17.87,2026-09-17,False,17.780000686645508,18.100000381469727,0.22,2.76,BAJO,34324224000.0,21.02,14.41,3.25,15.58,6.99,19.42,10.76,5.56,11.99,0.82,1.0,,YAHOO,-0.4442,-0.655,-0.3037,0.056637,2.9334,-0.0447,76.22,2026-11-05,49,,,yahoo,1.0,1.0,1.0,1.0,1.0,0.0,0.0,1.0,0.0,0.4497,-6.5865,-4.999,0.3286,8.0709,21.4007,19.43,19.6114,19.6114,-8.0288,-8.8795,-8.8795
L,108.36000061035156,108.36,2026-09-17,False,107.79000091552734,109.19999694824219,-0.4,12.84,BAJO,22151786496.0,13.3,37.37,1.16,9.31,1.91,14.53,9.02,5.7,7.94,0.45,0.51,,YAHOO,-0.4442,-0.655,-0.3037,0.056637,2.9334,-0.0447,76.22,2026-11-02,46,,,yahoo,1.0,1.0,1.0,1.0,1.0,0.0,1.0,0.0,1.0,-0.6601,-0.5324,-5.3838,0.6879,5.8504,14.2769,111.45,119.3331,119.3331,-2.7725,-9.1954,-9.1954
LDOS,130.9600067138672,130.96,2026-09-17,False,129.80999755859375,131.63999938964844,1.24,-27.29,BAJO,16434460672.0,12.23,10.27,3.11,27.78,8.91,11.72,7.8,6.98,9.37,1.23,1.63,,YAHOO,-0.4442,-0.655,-0.3037,0.056637,2.9334,-0.0447,76.22,2026-11-03,47,,,yahoo,1.0,1.0,1.0,1.0,0.0,1.0,1.0,1.0,0.0,1.4167,-1.79,22.7671,20.903,36.3389,39.8025,140.9323,145.8363,197.2656,-7.0759,-10.2007,-33.6123
LH,322.7300109863281,322.73,2026-09-17,False,321.3999938964844,326.4800109863281,-0.55,18.72,BAJO,26173403136.0,26.67,16.27,3.03,11.73,5.53,12.24,6.99,3.41,14.17,0.79,1.8,,YAHOO,-0.4442,-0.655,-0.3037,0.056637,2.9334,-0.0447,76.22,2026-10-27,40,,,yahoo,1.0,1.0,1.0,1.0,1.0,0.0,1.0,1.0,1.0,5.1375,-2.6925,14.9005,24.6039,22.7132,24.9354,338.614,338.614,338.614,-4.6909,-4.6909,-4.6909
LII,359.0799865722656,359.08,2026-09-17,False,355.57501220703125,372.0,-0.54,-32.9,BAJO,12410047488.0,15.97,13.74,9.57,71.76,15.99,22.86,14.87,2.24,12.28,1.56,1.57,,YAHOO,-0.4442,-0.655,-0.3037,0.056637,2.9334,-0.0447,76.22,2026-10-28,41,,,yahoo,1.0,0.0,1.0,0.0,0.0,1.0,1.0,1.0,0.0,-3.6337,-3.9893,-32.7036,-30.2589,5.2343,51.4971,406.05,572.95,572.95,-11.5675,-37.3279,-37.3279
LNT,66.63999938964844,66.64,2026-09-17,False,66.05000305175781,66.75,0.8,8.23,BAJO,17278732288.0,21.09,18.08,2.29,11.13,2.45,19.05,18.45,-6.59,16.06,1.61,0.47,,YAHOO,-0.4442,-0.655,-0.3037,0.056637,2.9334,-0.0447,76.22,2026-11-05,49,,,yahoo,1.0,1.0,1.0,1.0,0.0,1.0,0.0,1.0,0.0,-0.9071,-1.6239,-9.2121,-7.7908,14.9334,17.795,69.46,77.4411,77.4411,-4.0599,-13.9475,-13.9475
LOW,194.19000244140625,194.19,2026-09-17,False,193.92999267578125,199.35000610351562,0.05,-25.41,BAJO,108951076864.0,16.43,14.91,-14.65,,12.52,13.36,7.35,4.24,11.61,,1.1,,YAHOO,-0.4442,-0.655,-0.3037,0.056637,2.9334,-0.0447,76.22,2026-11-18,62,2026-08-19,29.0,yahoo,1.0,0.0,1.0,1.0,1.0,0.0,0.0,1.0,0.0,-1.2208,-2.8273,-4.5527,-10.0704,16.7217,25.8398,217.34,226.1026,284.2603,-10.6515,-14.1142,-31.6859
LULU,99.38999938964844,99.39,2026-09-17,False,95.3499984741211,99.91999816894531,3.55,-38.57,BAJO,11003468800.0,8.18,11.31,2.32,30.9,14.4,13.21,12.78,10.44,4.77,0.45,2.19,,YAHOO,-0.4442,-0.655,-0.3037,0.056637,2.9334,-0.0447,76.22,2026-12-09,83,2026-09-03,14.0,finnhub,1.0,0.0,1.0,1.0,0.0,1.0,1.0,0.0,0.0,2.5908,-17.2233,-14.811,-11.0684,44.8628,51.7484,122.78,128.58,215.88,-19.0503,-22.7018,-53.9605
LUV,40.34000015258789,40.34,2026-09-17,False,39.869998931884766,41.025001525878906,3.04,28.46,BAJO,19734659072.0,25.21,8.62,2.79,11.1,2.32,3.38,2.78,-4.23,9.77,0.97,0.49,,YAHOO,-0.4442,-0.655,-0.3037,0.056637,2.9334,-0.0447,76.22,2026-10-21,34,,,yahoo,1.0,1.0,1.0,1.0,0.0,0.0,1.0,1.0,1.0,4.2647,4.9701,-16.1586,-13.1398,26.318,34.0452,40.6297,51.8472,54.0738,-0.713,-22.1944,-25.3982
LW,46.459999084472656,46.46,2026-09-17,False,46.209999084472656,47.98500061035156,-2.25,-13.3,BAJO,6387467264.0,22.34,13.77,3.5,16.28,6.03,9.77,4.39,7.09,9.51,2.21,1.42,,YAHOO,-0.4442,-0.655,-0.3037,0.056637,2.9334,-0.0447,76.22,2026-10-06,19,,,yahoo,1.0,0.0,1.0,1.0,1.0,1.0,1.0,0.0,1.0,-1.8174,-11.3528,0.4328,6.2708,29.6601,31.5404,55.36,55.36,64.5724,-16.0766,-16.0766,-28.0497
LYB,64.25,64.25,2026-09-17,False,63.52000045776367,64.69000244140625,-1.0,28.25,BAJO,20755187712.0,,9.98,1.94,-2.27,4.11,17.92,-1.13,5.92,9.12,1.33,1.64,,YAHOO,-0.4442,-0.655,-0.3037,0.056637,2.9334,-0.0447,76.22,2026-10-30,43,,,yahoo,0.0,0.0,1.0,1.0,0.0,0.0,1.0,0.0,0.0,-0.0778,-3.4851,6.8883,5.0206,42.8283,34.1544,67.4042,67.4042,80.6941,-4.6795,-4.6795,-20.3784
LYV,168.33999633789062,168.34,2026-09-17,False,168.05999755859375,172.3665008544922,-1.63,0.02,BAJO,39216402432.0,,89.16,471.54,17.68,2.1,6.7,0.51,4.32,28.25,6.2,0.85,,YAHOO,-0.4442,-0.655,-0.3037,0.056637,2.9334,-0.0447,76.22,2026-11-03,47,,,yahoo,1.0,0.0,1.0,1.0,0.0,1.0,0.0,1.0,0.0,-1.0231,-6.2643,-6.9225,-1.854,17.8845,25.0457,186.77,188.46,188.46,-9.8678,-10.676,-10.676
MAA,121.16999816894531,121.17,2026-09-17,False,120.94000244140625,122.69000244140625,-0.6,-8.42,BAJO,14414842880.0,35.33,36.95,2.59,7.05,3.13,25.36,18.17,6.39,16.05,1.02,0.05,,YAHOO,-0.4442,-0.655,-0.3037,0.056637,2.9334,-0.0447,76.22,2026-10-28,41,,,yahoo,1.0,0.0,1.0,1.0,1.0,1.0,1.0,0.0,0.0,-2.6591,-5.7849,-9.3785,-7.9161,17.7873,19.5286,133.16,140.5626,140.5626,-9.0042,-13.7964,-13.7964
MAR,334.0,334.0,2026-09-17,False,332.67999267578125,338.6700134277344,-0.29,29.15,BAJO,87095943168.0,34.61,25.39,-19.32,,9.76,65.28,35.03,2.37,21.69,,0.54,,YAHOO,-0.4442,-0.655,-0.3037,0.056637,2.9334,-0.0447,76.22,2026-11-03,47,,,yahoo,1.0,1.0,1.0,1.0,0.0,1.0,1.0,1.0,0.0,1.4982,0.2581,-8.7895,-15.1875,19.2141,26.3661,360.2,382.7821,401.7236,-7.2737,-12.7441,-16.8583
MAS,68.2300033569336,68.23,2026-09-17,False,67.86000061035156,70.05000305175781,-0.07,-3.47,BAJO,13454098432.0,15.72,14.64,-36.86,5862.5,15.86,23.64,11.61,6.67,11.04,,1.86,,YAHOO,-0.4442,-0.655,-0.3037,0.056637,2.9334,-0.0447,76.22,2026-10-29,42,,,yahoo,1.0,0.0,1.0,1.0,1.0,1.0,1.0,0.0,0.0,0.8723,-3.8201,-11.5638,-5.6331,15.8547,37.1787,73.6,82.4086,82.4086,-7.2962,-17.2052,-17.2052
MCHP,70.81999969482422,70.82,2026-09-17,False,70.0999984741211,71.80000305175781,1.77,11.11,BAJO,38455877632.0,104.15,15.51,5.96,7.19,3.54,23.96,9.34,3.55,28.94,0.84,1.92,,YAHOO,-0.4442,-0.655,-0.3037,0.056637,2.9334,-0.0447,76.22,2026-11-05,49,,,yahoo,1.0,1.0,1.0,1.0,0.0,0.0,0.0,1.0,1.0,-1.0618,-2.6663,-11.5065,-24.2949,39.3868,54.7992,75.625,93.5571,102.0957,-6.3537,-24.3029,-30.6337
MCK,879.5700073242188,879.57,2026-09-17,False,875.1500244140625,889.8099975585938,-0.87,28.19,BAJO,102549381120.0,23.6,17.43,-24.06,,4.74,1.35,1.12,6.63,15.98,,0.89,,YAHOO,-0.4442,-0.655,-0.3037,0.056637,2.9334,-0.0447,76.22,2026-11-04,48,,,yahoo,1.0,1.0,1.0,1.0,0.0,0.0,1.0,0.0,1.0,-0.1464,-4.8887,5.8986,12.9142,35.8841,32.3995,924.78,924.78,993.5343,-4.8887,-4.8887,-11.4706
MCO,461.8800048828125,461.88,2026-09-17,False,461.8599853515625,468.0450134277344,-0.74,-8.33,BAJO,79988834304.0,29.29,24.41,26.44,76.93,15.62,49.47,34.25,3.22,21.43,2.41,1.19,,YAHOO,-0.4442,-0.655,-0.3037,0.056637,2.9334,-0.0447,76.22,2026-10-21,34,,,yahoo,1.0,1.0,1.0,1.0,0.0,1.0,1.0,1.0,1.0,-1.1725,-5.7388,-8.4124,1.4546,18.9327,27.9856,514.95,517.9255,536.0316,-10.3059,-10.8211,-13.8334
MET,97.3499984741211,97.35,2026-09-17,False,96.80000305175781,98.31999969482422,0.12,27.89,BAJO,61863677952.0,18.65,8.91,2.26,13.09,0.45,5.52,4.57,-33.87,14.13,1.8,2.03,,YAHOO,-0.4442,-0.655,-0.3037,0.056637,2.9334,-0.0447,76.22,2026-11-09,53,,,yahoo,1.0,0.0,1.0,1.0,1.0,0.0,1.0,0.0,0.0,0.589,0.9645,5.3373,14.098,11.7519,21.6537,99.23,99.95,99.95,-1.8946,-2.6013,-2.6013
MGM,38.310001373291016,38.31,2026-09-17,False,38.17499923706055,38.96500015258789,-0.21,9.19,BAJO,9801661440.0,23.22,18.54,3.83,18.92,1.77,6.79,2.4,8.97,16.95,8.93,1.33,,YAHOO,-0.4442,-0.655,-0.3037,0.056637,2.9334,-0.0447,76.22,2026-10-28,41,,,yahoo,1.0,0.0,1.0,1.0,1.0,0.0,1.0,0.0,1.0,-5.9416,-7.5531,-17.3284,-18.3852,15.5457,21.2116,43.74,49.69,50.69,-12.4143,-22.902,-24.423
MKC,49.70000076293945,49.7,2026-09-17,False,49.70000076293945,50.5,-0.72,-22.57,BAJO,13361922048.0,8.27,15.07,1.91,24.73,5.14,17.42,21.91,5.34,12.77,0.65,0.78,,YAHOO,-0.4442,-0.655,-0.3037,0.056637,2.9334,-0.0447,76.22,2026-10-01,14,,,yahoo,1.0,0.0,1.0,1.0,1.0,0.0,0.0,0.0,1.0,-2.7397,-7.6208,-4.8622,7.8734,14.5983,30.4732,56.2,56.48,70.3792,-11.5658,-12.0042,-29.3826
MLM,494.44000244140625,494.44,2026-09-17,False,490.4801025390625,504.2950134277344,-0.47,-17.81,BAJO,35114823680.0,32.11,24.24,2.57,8.89,4.57,20.18,36.74,1.69,16.9,0.55,1.41,,YAHOO,-0.4442,-0.655,-0.3037,0.056637,2.9334,-0.0447,76.22,2026-11-03,47,,,yahoo,1.0,0.0,1.0,1.0,1.0,1.0,1.0,1.0,1.0,-1.5981,-4.3766,-10.5448,-16.214,23.1036,31.737,534.0537,627.9214,705.0883,-7.4176,-21.2577,-29.8755
MNST,44.5099983215332,44.51,2026-09-17,False,44.22999954223633,44.810001373291016,-0.13,34.46,BAJO,87197392896.0,41.21,34.0,9.31,25.7,17.48,29.18,23.08,1.93,28.59,0.01,3.73,,YAHOO,-0.4442,-0.655,-0.3037,0.056637,2.9334,-0.0447,76.22,2026-11-05,49,,,yahoo,1.0,0.0,1.0,1.0,0.0,1.0,0.0,1.0,0.0,3.2954,0.2026,-6.7365,-2.8802,15.2222,24.6669,48.92,49.97,49.97,-9.0147,-10.9266,-10.9266
MOH,205.08999633789062,205.09,2026-09-17,False,202.22000122070312,209.4250030517578,1.42,16.95,BAJO,10705697792.0,1281.81,21.06,2.56,-0.16,1.16,1.4,-0.02,6.54,14.73,0.95,1.68,,YAHOO,-0.4442,-0.655,-0.3037,0.056637,2.9334,-0.0447,76.22,2026-10-21,34,,,yahoo,1.0,0.0,0.0,0.0,0.0,1.0,1.0,0.0,1.0,2.4016,1.219,-10.7179,4.8893,58.9566,43.1671,214.07,242.88,242.88,-4.1949,-15.5591,-15.5591
MPC,421.9599914550781,421.96,2026-09-17,False,407.0,423.8299865722656,1.94,132.93,BAJO,118496813056.0,14.63,9.89,6.26,42.1,8.74,13.56,5.55,7.81,9.7,1.33,1.25,,YAHOO,-0.4442,-0.655,-0.3037,0.056637,2.9334,-0.0447,76.22,2026-11-03,47,,,yahoo,1.0,1.0,1.0,1.0,0.0,1.0,1.0,1.0,0.0,7.5276,9.0336,34.1903,72.9755,24.4492,32.9578,421.96,421.96,421.96,0.0,0.0,0.0
MPWR,1169.5799560546875,1169.58,2026-09-17,False,1146.4000244140625,1184.074951171875,1.91,34.83,BAJO,57476669440.0,71.27,33.54,14.75,21.98,13.57,30.99,24.5,0.77,56.07,0.0,4.97,,YAHOO,-0.4442,-0.655,-0.3037,0.056637,2.9334,-0.0447,76.22,2026-10-29,42,,,yahoo,1.0,0.0,1.0,1.0,0.0,1.0,0.0,0.0,1.0,-1.3911,-4.0825,-11.9822,-19.1164,66.0868,54.7737,1316.28,1436.1088,1687.3154,-11.1451,-18.5591,-30.684
MSCI,549.469970703125,549.47,2026-09-17,False,542.1699829101562,552.8800048828125,1.64,-3.05,BAJO,39946465280.0,30.07,24.42,-14.85,,21.13,56.3,40.73,2.99,23.18,,0.89,,YAHOO,-0.4442,-0.655,-0.3037,0.056637,2.9334,-0.0447,76.22,2026-10-20,33,,,yahoo,1.0,1.0,1.0,1.0,0.0,1.0,1.0,1.0,1.0,0.3415,-1.9906,-11.7859,-7.6153,21.9227,35.0667,574.65,634.9691,641.5356,-4.3818,-13.4651,-14.3508
MTB,226.36000061035156,226.36,2026-09-17,False,224.80999755859375,229.0749969482422,0.15,17.88,BAJO,32690063360.0,11.98,10.74,1.29,10.74,1.41,45.11,32.09,,,,,,YAHOO,-0.4442,-0.655,-0.3037,0.056637,2.9334,-0.0447,76.22,2026-10-16,29,,,yahoo,1.0,1.0,1.0,1.0,1.0,0.0,1.0,0.0,1.0,-5.2966,-3.8729,-8.6671,0.8726,28.2601,20.4352,240.2397,252.4608,252.4608,-5.7774,-10.3386,-10.3386
MTCH,43.77000045776367,43.77,2026-09-17,False,43.08000183105469,44.0099983215332,0.44,19.77,BAJO,10210075648.0,15.52,9.56,-42.45,,17.36,28.77,20.17,9.12,11.01,,1.72,,YAHOO,-0.4442,-0.655,-0.3037,0.056637,2.9334,-0.0447,76.22,2026-11-03,47,,,yahoo,1.0,1.0,1.0,1.0,1.0,0.0,1.0,1.0,1.0,4.6628,3.1338,12.1158,24.6209,32.4289,36.7265,44.4,44.4,44.4,-1.4189,-1.4189,-1.4189
MTD,1410.43994140625,1410.4399,2026-09-17,False,1380.43994140625,1423.4200439453125,2.3,11.35,BAJO,28260364288.0,31.77,27.28,2203.81,,21.1,31.2,21.91,2.45,23.79,166.68,1.12,,YAHOO,-0.4442,-0.655,-0.3037,0.056637,2.9334,-0.0447,76.22,2026-11-05,49,,,yahoo,1.0,0.0,1.0,1.0,1.0,1.0,1.0,0.0,0.0,10.1407,3.1219,10.7296,24.8696,31.1052,26.3751,1410.4399,1445.0,1506.02,0.0,-2.3917,-6.3465
NCLH,14.390000343322754,14.39,2026-09-17,False,14.385000228881836,15.029999732971191,-0.96,-42.67,BAJO,6607713280.0,8.72,8.5,2.57,36.73,4.25,14.04,7.49,-25.43,8.62,6.21,0.2,,YAHOO,-0.4442,-0.655,-0.3037,0.056637,2.9334,-0.0447,76.22,2026-11-04,48,,,yahoo,1.0,0.0,1.0,1.0,0.0,1.0,0.0,1.0,0.0,-1.2354,-7.5787,-26.1673,-27.4332,30.8291,46.2777,17.26,21.92,25.57,-16.628,-34.3522,-43.7231
NDAQ,91.30999755859375,91.31,2026-09-17,False,88.29000091552734,91.88999938964844,2.87,0.0,BAJO,51040219136.0,26.62,19.51,4.28,16.52,5.85,49.33,35.04,3.31,17.84,0.78,1.01,,YAHOO,-0.4442,-0.655,-0.3037,0.056637,2.9334,-0.0447,76.22,2026-10-22,35,,,yahoo,1.0,1.0,1.0,1.0,1.0,1.0,1.0,1.0,1.0,-0.4253,-4.2847,-0.2736,9.9996,35.7607,29.2285,99.1349,99.1349,99.9635,-7.8932,-7.8932,-8.6567
NDSN,311.739990234375,311.74,2026-09-17,False,311.31500244140625,315.7200012207031,0.88,41.76,BAJO,17363720192.0,31.49,24.01,5.31,17.76,8.47,27.4,18.63,3.53,19.75,0.56,1.82,,YAHOO,-0.4442,-0.655,-0.3037,0.056637,2.9334,-0.0447,76.22,2026-12-08,82,2026-08-19,29.0,finnhub,1.0,1.0,1.0,1.0,1.0,0.0,1.0,0.0,1.0,1.3953,-1.2487,9.6186,8.0429,19.508,26.0106,333.6978,333.6978,333.6978,-6.5802,-6.5802,-6.5802
NI,40.90999984741211,40.91,2026-09-17,False,40.59000015258789,41.0525016784668,0.61,6.68,BAJO,19618803712.0,21.76,18.16,2.05,8.55,3.24,17.16,13.15,-9.04,12.99,1.47,0.5,,YAHOO,-0.4442,-0.655,-0.3037,0.056637,2.9334,-0.0447,76.22,2026-10-28,41,,,yahoo,1.0,1.0,1.0,1.0,0.0,1.0,0.0,0.0,1.0,-1.2313,-0.5832,-9.2261,-11.9433,13.2384,19.3352,41.9,48.7533,48.7533,-2.3628,-16.0878,-16.0878
NOC,524.0,524.0,2026-09-17,False,518.5,534.8599853515625,-1.28,-7.09,BAJO,74441023488.0,16.65,17.21,4.16,26.96,7.15,11.6,10.48,3.33,12.29,0.95,1.17,,YAHOO,-0.4442,-0.655,-0.3037,0.056637,2.9334,-0.0447,76.22,2026-10-20,33,,,yahoo,1.0,0.0,1.0,1.0,1.0,1.0,1.0,0.0,0.0,0.9731,0.0344,0.4625,-4.3201,19.5784,26.014,561.3072,586.4728,761.1927,-6.6465,-10.6523,-31.1607
NRG,106.2300033569336,106.23,2026-09-17,False,106.02999877929688,111.25,-1.07,-34.02,BAJO,22330660864.0,27.66,9.49,5.31,23.77,4.06,12.77,2.56,3.46,14.23,4.83,0.97,,YAHOO,-0.4442,-0.655,-0.3037,0.056637,2.9334,-0.0447,76.22,2026-11-05,49,,,yahoo,1.0,0.0,1.0,1.0,0.0,1.0,1.0,0.0,0.0,-4.8545,-4.3748,-18.3588,-19.3165,37.851,56.5897,119.64,148.8317,182.8192,-11.2086,-28.6241,-41.8934
NSC,318.9700012207031,318.97,2026-09-17,False,316.0799865722656,319.8900146484375,0.62,17.39,BAJO,71643332608.0,27.19,22.27,4.41,16.98,5.95,35.3,21.02,1.93,15.49,1.06,0.83,,YAHOO,-0.4442,-0.655,-0.3037,0.056637,2.9334,-0.0447,76.22,2026-10-22,35,,,yahoo,1.0,1.0,1.0,1.0,1.0,0.0,1.0,0.0,0.0,-1.3393,-3.36,-4.3997,6.5559,10.7078,21.1356,352.98,352.98,352.98,-9.6351,-9.6351,-9.6351
NTAP,196.9199981689453,196.92,2026-09-17,False,192.22000122070312,199.14999389648438,2.84,62.32,BAJO,38678831104.0,27.77,17.71,25.82,114.82,11.66,26.67,19.18,3.03,17.46,1.69,1.24,,YAHOO,-0.4442,-0.655,-0.3037,0.056637,2.9334,-0.0447,76.22,2026-12-01,75,2026-09-02,15.0,yahoo,1.0,1.0,1.0,1.0,0.0,1.0,1.0,1.0,1.0,7.2549,8.934,22.1891,27.5874,57.7544,44.0758,199.28,207.08,207.08,-1.1843,-4.9063,-4.9063
NTRS,176.94000244140625,176.94,2026-09-17,False,175.23500061035156,178.4199981689453,0.17,40.2,BAJO,32372172800.0,15.2,13.96,2.59,17.07,1.28,42.5,24.67,,,,,,YAHOO,-0.4442,-0.655,-0.3037,0.056637,2.9334,-0.0447,76.22,2026-10-21,34,,,yahoo,1.0,0.0,1.0,1.0,1.0,0.0,1.0,0.0,0.0,-5.4757,-3.3729,-2.7385,1.6145,27.2573,21.8588,189.19,190.5711,190.5711,-6.475,-7.1528,-7.1528
NVR,6242.22998046875,6242.23,2026-09-17,False,6175.0,6308.60986328125,0.9,-22.66,BAJO,16717646848.0,16.22,15.24,4.93,31.54,16.55,13.89,11.85,5.49,10.73,0.32,5.67,,YAHOO,-0.4442,-0.655,-0.3037,0.056637,2.9334,-0.0447,76.22,2026-10-21,34,,,yahoo,1.0,0.0,1.0,0.0,0.0,1.0,1.0,0.0,1.0,2.5286,-1.339,-3.1709,-0.5371,24.5376,26.4394,6433.7402,6828.6201,8178.48,-2.9767,-8.5872,-23.6749
NWS,33.369998931884766,33.37,2026-09-17,False,33.17599868774414,33.599998474121094,-0.21,1.97,BAJO,17893437440.0,32.4,22.07,2.13,7.98,4.66,12.54,6.35,5.84,14.63,0.32,1.62,,YAHOO,-0.4442,-0.655,-0.3037,0.056637,2.9334,-0.0447,76.22,2026-11-05,49,,,yahoo,1.0,0.0,1.0,1.0,0.0,0.0,1.0,0.0,1.0,1.7999,-2.7306,3.913,13.0756,32.285,29.3045,35.2141,35.2141,35.2141,-5.2367,-5.2367,-5.2367
NWSA,30.18000030517578,30.18,2026-09-17,False,29.989999771118164,30.43000030517578,-0.03,1.22,BAJO,16182918144.0,29.3,19.96,1.92,7.98,4.66,12.54,6.35,6.46,13.34,0.32,1.62,,YAHOO,-0.4442,-0.655,-0.3037,0.056637,2.9334,-0.0447,76.22,2026-11-05,49,,,yahoo,1.0,0.0,1.0,1.0,0.0,0.0,1.0,0.0,1.0,2.7229,-1.2021,7.0398,16.5572,33.8837,27.5317,31.0854,31.0854,31.0854,-2.9126,-2.9126,-2.9126
NXPI,227.9499969482422,227.95,2026-09-17,False,220.6699981689453,228.27000427246094,4.1,5.18,BAJO,57480822784.0,19.45,12.6,5.04,27.92,10.46,30.41,22.56,6.18,12.94,0.93,2.04,,YAHOO,-0.4442,-0.655,-0.3037,0.056637,2.9334,-0.0447,76.22,2026-10-26,39,,,yahoo,1.0,0.0,1.0,1.0,1.0,0.0,1.0,0.0,0.0,1.1064,0.2082,-14.2991,-22.9536,65.3077,43.1045,235.56,297.3022,330.0601,-3.2306,-23.3272,-30.9368
ODFL,175.08999633789062,175.09,2026-09-17,False,174.3300018310547,178.7899932861328,0.42,24.88,BAJO,36413165568.0,33.67,26.33,7.99,24.82,15.78,28.84,19.44,2.67,20.01,0.0,1.89,,YAHOO,-0.4442,-0.655,-0.3037,0.056637,2.9334,-0.0447,76.22,2026-10-28,41,,,yahoo,1.0,0.0,1.0,1.0,1.0,1.0,1.0,0.0,0.0,-3.0241,-6.6734,-24.3347,-19.6914,33.6591,30.2618,206.1498,236.7822,248.3443,-15.0666,-26.0544,-29.4971
OKE,93.22000122070312,93.22,2026-09-17,False,91.75,94.05000305175781,0.56,35.52,BAJO,58766749696.0,16.1,14.97,2.56,16.28,5.77,13.25,9.29,1.53,11.96,1.43,0.74,,YAHOO,-0.4442,-0.655,-0.3037,0.056637,2.9334,-0.0447,76.22,2026-10-27,40,,,yahoo,1.0,1.0,1.0,1.0,1.0,0.0,0.0,0.0,1.0,-2.6118,-2.9059,0.8246,10.2261,24.7,26.1853,97.51,97.51,97.51,-4.3995,-4.3995,-4.3995
OMC,78.5999984741211,78.6,2026-09-17,False,78.4800033569336,79.75499725341797,-0.92,6.41,BAJO,21563590656.0,212.43,6.69,2.23,6.05,5.09,15.38,1.74,19.76,8.37,1.08,0.92,,YAHOO,-0.4442,-0.655,-0.3037,0.056637,2.9334,-0.0447,76.22,2026-10-20,33,,,yahoo,0.0,0.0,1.0,1.0,1.0,0.0,0.0,0.0,0.0,-1.0699,-3.865,-4.5769,3.0009,29.3833,36.177,88.94,88.94,88.94,-11.6258,-11.6258,-11.6258
ON,68.30000305175781,68.3,2026-09-17,False,66.05999755859375,69.80000305175781,2.55,37.78,BAJO,26590464000.0,44.64,15.08,3.68,8.31,6.75,19.53,10.17,6.23,13.14,0.65,3.46,,YAHOO,-0.4442,-0.655,-0.3037,0.056637,2.9334,-0.0447,76.22,2026-11-02,46,,,yahoo,1.0,0.0,1.0,1.0,0.0,0.0,1.0,0.0,0.0,-2.6649,-5.5847,-21.2226,-39.5147,92.2308,73.9207,76.14,118.74,133.93,-10.2968,-42.4794,-49.0032
OTIS,68.69999694824219,68.7,2026-09-17,False,68.04000091552734,70.23999786376953,-0.79,-21.08,BAJO,26151983104.0,17.66,15.11,-4.55,,14.25,15.13,10.17,5.49,13.06,,0.83,,YAHOO,-0.4442,-0.655,-0.3037,0.056637,2.9334,-0.0447,76.22,2026-10-28,41,,,yahoo,1.0,0.0,1.0,1.0,0.0,0.0,1.0,1.0,1.0,1.1931,-3.0072,-5.9385,-4.9554,28.8849,22.931,72.36,74.5481,92.4955,-5.058,-7.8448,-25.7261
PAYC,226.05999755859375,226.06,2026-09-17,False,222.25,230.9499969482422,-0.67,6.9,BAJO,10188890112.0,23.95,16.2,17.21,41.09,8.78,31.72,22.78,4.16,14.69,1.72,1.07,,YAHOO,-0.4442,-0.655,-0.3037,0.056637,2.9334,-0.0447,76.22,2026-11-04,48,,,yahoo,1.0,0.0,1.0,1.0,0.0,0.0,1.0,1.0,0.0,4.638,-4.3132,51.2462,83.0187,18.9302,64.1107,240.52,240.52,240.52,-6.012,-6.012,-6.012
PAYX,116.51000213623047,116.51,2026-09-17,False,115.22000122070312,116.70999908447266,-0.18,-7.54,BAJO,41475284992.0,23.83,18.22,11.09,44.77,9.82,38.32,27.03,5.05,14.93,1.24,1.26,,YAHOO,-0.4442,-0.655,-0.3037,0.056637,2.9334,-0.0447,76.22,2026-09-23,6,,,yahoo,1.0,1.0,1.0,1.0,0.0,0.0,1.0,1.0,1.0,1.1547,-6.0403,2.1902,20.6427,24.6259,31.7101,127.34,127.34,127.34,-8.5048,-8.5048,-8.5048
PCG,13.380000114440918,13.38,2026-09-17,False,13.239999771118164,13.59000015258789,0.22,-9.76,BAJO,29467670528.0,9.63,7.43,0.91,9.32,2.57,24.79,11.83,-20.87,9.09,1.89,1.22,,YAHOO,-0.4442,-0.655,-0.3037,0.056637,2.9334,-0.0447,76.22,2026-10-22,35,,,yahoo,1.0,1.0,1.0,1.0,0.0,0.0,0.0,1.0,0.0,-4.6329,0.3751,-23.2358,-18.3764,33.2276,55.5255,18.36,18.36,19.0001,-27.1242,-27.1242,-29.5792
PEG,70.9800033569336,70.98,2026-09-17,False,70.2699966430664,71.06500244140625,0.84,-8.09,BAJO,35377856512.0,17.66,15.19,2.04,11.83,3.24,18.87,16.04,0.3,13.41,1.42,0.88,,YAHOO,-0.4442,-0.655,-0.3037,0.056637,2.9334,-0.0447,76.22,2026-11-02,46,,,yahoo,1.0,1.0,1.0,1.0,0.0,1.0,1.0,1.0,1.0,-2.0695,-2.3099,-7.9707,-9.7904,19.1901,15.4132,73.9466,82.8257,84.7417,-4.0118,-14.302,-16.2395
PFG,115.94000244140625,115.94,2026-09-17,False,115.8499984741211,118.18499755859375,-0.6,48.96,BAJO,24823291904.0,16.52,11.16,2.05,12.95,0.35,12.34,9.93,4.26,11.04,0.35,1.59,,YAHOO,-0.4442,-0.655,-0.3037,0.056637,2.9334,-0.0447,76.22,2026-10-26,39,,,yahoo,1.0,0.0,1.0,1.0,1.0,0.0,1.0,0.0,0.0,0.8525,4.9516,4.2491,5.9895,19.3657,23.3868,118.51,118.51,118.51,-2.1686,-2.1686,-2.1686
PGR,216.2899932861328,216.29,2026-09-17,False,214.0449981689453,217.97999572753906,-0.32,-4.81,BAJO,125686120448.0,10.86,13.27,3.66,34.94,7.84,18.21,12.85,12.03,8.57,0.24,0.29,,YAHOO,-0.4442,-0.655,-0.3037,0.056637,2.9334,-0.0447,76.22,2026-10-14,27,,,yahoo,1.0,1.0,1.0,1.0,1.0,0.0,0.0,0.0,0.0,0.0463,-2.2992,1.913,5.8537,22.9828,34.0956,223.92,234.48,234.48,-3.4075,-7.7576,-7.7576
PH,925.2899780273438,925.29,2026-09-17,False,917.7999877929688,935.27001953125,0.71,26.97,BAJO,116630462464.0,32.49,23.63,7.57,25.08,9.79,23.46,16.97,2.54,21.9,0.57,1.26,,YAHOO,-0.4442,-0.655,-0.3037,0.056637,2.9334,-0.0447,76.22,2026-11-05,49,,,yahoo,1.0,0.0,1.0,1.0,1.0,1.0,1.0,1.0,1.0,-0.9686,-2.5374,-2.486,-1.9891,19.3951,27.1821,1037.4006,1071.7115,1071.7115,-10.8069,-13.6624,-13.6624
PHM,118.83999633789062,118.84,2026-09-17,False,117.41000366210938,120.34500122070312,1.1,-9.99,BAJO,22637398016.0,12.14,10.58,1.71,14.9,9.21,15.69,11.62,4.76,8.51,0.19,7.27,,YAHOO,-0.4442,-0.655,-0.3037,0.056637,2.9334,-0.0447,76.22,2026-10-22,35,,,yahoo,1.0,0.0,1.0,0.0,1.0,1.0,1.0,0.0,0.0,2.3111,-3.7184,-3.3119,-2.2806,19.2843,30.7867,130.5739,137.6385,141.6452,-8.9864,-13.6579,-16.1002
PKG,235.57000732421875,235.57,2026-09-17,False,231.91000366210938,235.72999572753906,1.78,14.52,BAJO,20988887040.0,30.55,17.96,4.47,14.89,8.28,13.12,7.26,2.06,12.34,0.94,2.94,,YAHOO,-0.4442,-0.655,-0.3037,0.056637,2.9334,-0.0447,76.22,2026-10-21,34,,,yahoo,1.0,0.0,1.0,1.0,0.0,0.0,1.0,0.0,0.0,2.0157,1.5221,3.7931,3.4174,16.2298,28.417,251.1644,255.7746,255.7746,-6.2088,-7.8994,-7.8994
PNC,232.00999450683594,232.01,2026-09-17,False,229.9550018310547,234.00999450683594,0.22,18.24,BAJO,92558917632.0,12.78,10.84,1.59,12.62,1.31,38.69,31.37,,,,,,YAHOO,-0.4442,-0.655,-0.3037,0.056637,2.9334,-0.0447,76.22,2026-10-15,28,,,yahoo,1.0,1.0,1.0,0.0,1.0,0.0,1.0,0.0,1.0,-4.5148,-4.31,-7.2479,0.313,28.3588,18.5939,245.6,256.97,256.97,-5.5334,-9.7132,-9.7132
PNR,55.720001220703125,55.72,2026-09-17,False,55.529998779296875,57.310001373291016,-1.31,-47.84,BAJO,8892912640.0,14.36,10.78,2.37,17.13,8.66,23.44,16.24,6.28,10.33,0.47,1.45,,YAHOO,-0.4442,-0.655,-0.3037,0.056637,2.9334,-0.0447,76.22,2026-10-20,33,,,yahoo,1.0,0.0,1.0,1.0,1.0,1.0,1.0,1.0,0.0,-1.7804,-6.885,-9.9108,-23.7451,13.5746,41.731,64.4,76.3863,111.0011,-13.4783,-27.055,-49.8023
PNW,95.58999633789062,95.59,2026-09-17,False,95.0199966430664,95.83999633789062,0.63,15.94,BAJO,11585243136.0,18.35,17.17,1.65,9.37,2.33,21.34,11.53,-8.02,13.09,2.33,0.59,,YAHOO,-0.4442,-0.655,-0.3037,0.056637,2.9334,-0.0447,76.22,2026-11-03,47,,,yahoo,1.0,0.0,1.0,1.0,1.0,0.0,0.0,0.0,0.0,-1.0353,-1.8382,-9.2576,-5.7832,9.8031,16.5984,99.38,108.3845,108.3845,-3.8136,-11.8047,-11.8047
PODD,141.5500030517578,141.55,2026-09-17,False,138.50999450683594,141.8000030517578,0.68,-55.44,BAJO,9817086976.0,26.56,18.36,6.9,26.02,9.71,16.18,12.29,2.41,16.64,0.67,2.48,,YAHOO,-0.4442,-0.655,-0.3037,0.056637,2.9334,-0.0447,76.22,2026-11-05,49,,,yahoo,1.0,0.0,1.0,1.0,1.0,0.0,0.0,1.0,1.0,5.101,-4.4485,-15.4269,-1.3726,28.106,55.8455,150.58,170.62,346.36,-5.9968,-17.0379,-59.1321
POOL,167.64999389648438,167.65,2026-09-17,False,165.6300048828125,172.36000061035156,-0.07,-46.21,BAJO,6092526080.0,15.39,14.19,4.84,31.25,9.9,15.14,7.41,3.49,12.06,1.35,2.67,,YAHOO,-0.4442,-0.655,-0.3037,0.056637,2.9334,-0.0447,76.22,2026-10-22,35,,,yahoo,1.0,0.0,1.0,0.0,0.0,1.0,1.0,1.0,0.0,-4.6142,-8.383,-16.0572,-13.1676,23.4551,35.7633,190.33,218.0392,317.1392,-11.9161,-23.1102,-47.1368
PPG,105.44999694824219,105.45,2026-09-17,False,105.0,107.19000244140625,0.45,0.73,BAJO,23441534976.0,15.13,12.17,2.78,19.3,6.05,14.02,9.57,4.71,10.91,0.87,1.58,,YAHOO,-0.4442,-0.655,-0.3037,0.056637,2.9334,-0.0447,76.22,2026-10-27,40,,,yahoo,1.0,1.0,1.0,1.0,0.0,1.0,1.0,0.0,0.0,0.3808,-5.2646,-8.2923,-9.4196,5.6529,29.5234,114.42,124.5553,129.1576,-7.8395,-15.3388,-18.3556
PPL,33.599998474121094,33.6,2026-09-17,False,33.275001525878906,33.720001220703125,0.57,-1.96,BAJO,25285505024.0,19.88,15.87,1.68,8.63,3.2,23.59,13.47,-7.67,12.06,1.35,0.91,,YAHOO,-0.4442,-0.655,-0.3037,0.056637,2.9334,-0.0447,76.22,2026-11-04,48,,,yahoo,1.0,1.0,1.0,1.0,0.0,1.0,0.0,1.0,0.0,-1.7831,-1.9124,-4.3763,-4.1057,17.3874,18.4384,34.9096,36.7146,39.1669,-3.7515,-8.4833,-14.2132
PRU,117.93000030517578,117.93,2026-09-17,False,117.44999694824219,118.81999969482422,0.76,21.18,BAJO,40685850624.0,10.69,7.94,1.29,12.01,0.43,7.52,6.01,18.5,11.76,1.64,0.78,,YAHOO,-0.4442,-0.655,-0.3037,0.056637,2.9334,-0.0447,76.22,2026-10-28,41,,,yahoo,1.0,1.0,1.0,1.0,1.0,0.0,1.0,0.0,0.0,-0.4642,-1.5938,1.1201,11.4769,18.2791,20.7105,123.2,123.7019,123.7019,-4.2776,-4.666,-4.666
PSA,300.760009765625,300.76,2026-09-17,False,296.2149963378906,301.05999755859375,2.06,10.87,BAJO,56197697536.0,28.67,29.41,10.91,21.93,6.98,45.7,41.63,4.15,19.24,1.1,0.22,,YAHOO,-0.4442,-0.655,-0.3037,0.056637,2.9334,-0.0447,76.22,2026-10-28,41,,,yahoo,1.0,0.0,1.0,1.0,0.0,0.0,0.0,0.0,1.0,3.1384,0.8349,-3.703,-2.7942,21.3997,21.8187,321.6697,327.1138,327.1138,-6.5004,-8.0565,-8.0565
PTC,134.44000244140625,134.44,2026-09-17,False,129.88999938964844,134.97999572753906,2.5,-33.46,BAJO,14587582464.0,13.04,15.09,4.29,35.05,11.54,28.23,41.43,7.07,12.14,0.46,1.02,,YAHOO,-0.4442,-0.655,-0.3037,0.056637,2.9334,-0.0447,76.22,2026-11-11,55,,,yahoo,1.0,1.0,1.0,1.0,1.0,1.0,1.0,1.0,1.0,4.4438,-9.8505,7.6985,14.9649,53.302,44.8509,158.95,158.95,206.19,-15.4199,-15.4199,-34.798
PWR,616.5399780273438,616.54,2026-09-17,False,607.447998046875,637.2249755859375,-0.44,64.74,BAJO,92692709376.0,70.62,31.27,9.61,15.34,5.23,7.22,4.03,2.11,32.48,0.68,1.1,,YAHOO,-0.4442,-0.655,-0.3037,0.056637,2.9334,-0.0447,76.22,2026-10-29,42,,,yahoo,1.0,0.0,1.0,1.0,1.0,0.0,0.0,1.0,0.0,-0.354,0.943,-2.5326,-13.7394,36.0011,53.2567,662.47,722.31,785.1201,-6.9331,-14.6433,-21.4719
Q,117.12999725341797,117.13,2026-09-17,False,116.19999694824219,119.2300033569336,1.98,23.85,BAJO,24504596480.0,41.83,21.78,3.38,6.72,5.3,22.32,11.25,3.15,18.58,0.6,2.01,,YAHOO,-0.4442,-0.655,-0.3037,0.056637,2.9334,-0.0447,76.22,2026-11-16,60,,,yahoo,1.0,0.0,1.0,1.0,0.0,1.0,0.0,1.0,0.0,-5.0195,-0.4758,-12.9083,-25.2119,63.7361,51.6203,133.4312,167.3786,,-12.2169,-30.0209,
RCL,249.74000549316406,249.74,2026-09-17,False,249.72000122070312,258.010009765625,-1.65,-20.74,BAJO,66793484288.0,15.42,12.31,6.53,44.67,7.68,27.07,23.54,-2.27,12.95,2.25,0.21,,YAHOO,-0.4442,-0.655,-0.3037,0.056637,2.9334,-0.0447,76.22,2026-10-27,40,,,yahoo,1.0,1.0,1.0,1.0,1.0,1.0,0.0,1.0,0.0,-3.579,-5.9714,-12.7271,-17.1593,30.5861,30.4194,293.0,327.42,344.4,-14.7645,-23.7249,-27.4855
REGN,774.6099853515625,774.61,2026-09-16,False,771.7999877929688,779.97998046875,0.06,36.02,BAJO,81277820928.0,19.53,13.02,2.5,14.04,6.53,33.11,27.87,3.77,15.64,0.09,3.33,,YAHOO,-0.4442,-0.655,-0.3037,0.056637,2.9334,-0.0447,76.22,2026-10-28,41,,,yahoo,1.0,0.0,1.0,1.0,1.0,0.0,1.0,0.0,0.0,-4.0909,-5.9734,14.6041,26.1553,28.1415,30.988,852.03,852.03,852.03,-9.0865,-9.0865,-9.0865
RF,28.469999313354492,28.47,2026-09-16,False,28.079999923706055,29.670000076293945,-4.08,12.16,BAJO,24262952960.0,11.58,10.01,1.39,11.87,1.39,39.31,30.84,,,,,,YAHOO,-0.4442,-0.655,-0.3037,0.056637,2.9334,-0.0447,76.22,2026-10-16,29,,,yahoo,1.0,1.0,1.0,1.0,1.0,0.0,1.0,0.0,1.0,-4.7508,-2.7996,-9.1351,-0.8319,32.1003,21.6725,30.44,32.0747,32.0747,-6.4718,-11.2385,-11.2385
RJF,164.57000732421875,164.57,2026-09-16,False,162.17999267578125,168.17999267578125,-2.48,-0.7,BAJO,31460216832.0,14.28,11.54,2.48,18.42,2.58,19.3,15.13,,,0.48,2.11,,YAHOO,-0.4442,-0.655,-0.3037,0.056637,2.9334,-0.0447,76.22,2026-10-28,41,,,yahoo,1.0,0.0,1.0,1.0,0.0,0.0,1.0,0.0,1.0,-6.2119,-5.147,-2.2511,4.3248,15.9694,24.5133,181.1,181.18,181.18,-9.1276,-9.1677,-9.1677
RL,338.3599853515625,338.36,2026-09-16,False,335.2200012207031,345.45001220703125,0.93,9.32,BAJO,19845652480.0,20.99,15.93,7.29,37.54,11.0,18.39,11.76,4.43,13.12,1.1,2.04,,YAHOO,-0.4442,-0.655,-0.3037,0.056637,2.9334,-0.0447,76.22,2026-11-05,49,,,yahoo,1.0,1.0,1.0,1.0,0.0,1.0,1.0,1.0,1.0,0.8194,-0.7218,-11.0632,-16.6104,20.6831,30.2122,377.96,413.2399,413.2399,-10.4773,-18.1202,-18.1202
RMD,228.25,228.25,2026-09-16,False,224.25999450683594,229.3300018310547,-0.52,-14.75,BAJO,32950110208.0,21.9,17.27,5.0,24.27,14.0,30.86,26.95,2.85,15.4,0.13,3.1,,YAHOO,-0.4442,-0.655,-0.3037,0.056637,2.9334,-0.0447,76.22,2026-10-29,42,,,yahoo,1.0,0.0,1.0,1.0,1.0,0.0,1.0,1.0,1.0,3.7736,-1.3442,15.0334,18.0288,28.673,37.0595,240.33,240.33,280.3143,-5.0264,-5.0264,-18.5736
ROK,414.9200134277344,414.92,2026-09-16,False,411.760009765625,425.6600036621094,-0.5,23.48,BAJO,45627883520.0,38.47,27.6,13.03,30.63,9.99,20.97,13.39,2.86,23.52,1.03,1.07,,YAHOO,-0.4442,-0.655,-0.3037,0.056637,2.9334,-0.0447,76.22,2026-11-05,49,,,yahoo,1.0,0.0,1.0,1.0,0.0,1.0,1.0,1.0,1.0,-2.6192,-0.6251,-9.8846,-10.7465,25.2917,29.4623,437.08,493.5596,493.5596,-5.07,-15.9332,-15.9332
ROL,33.529998779296875,33.53,2026-09-16,False,33.529998779296875,34.40999984741211,-0.71,-37.78,BAJO,15877798912.0,30.0,25.37,11.11,37.01,14.06,18.8,13.55,3.16,19.81,0.78,0.63,,YAHOO,-0.4442,-0.655,-0.3037,0.056637,2.9334,-0.0447,76.22,2026-10-28,41,,,yahoo,1.0,1.0,1.0,1.0,0.0,0.0,1.0,1.0,0.0,-2.9242,-7.3501,-25.3084,-27.9902,41.4366,31.1123,37.26,45.2396,64.8632,-10.0107,-25.8835,-48.3066
ROP,375.82000732421875,375.82,2026-09-16,False,373.2900085449219,380.9800109863281,-2.11,-23.91,BAJO,37064093696.0,15.61,15.43,1.98,13.07,4.23,27.73,30.24,6.11,14.86,0.61,0.55,,YAHOO,-0.4442,-0.655,-0.3037,0.056637,2.9334,-0.0447,76.22,2026-10-22,35,,,yahoo,1.0,0.0,1.0,1.0,0.0,1.0,1.0,0.0,1.0,-3.7223,-10.1575,3.4918,11.6896,31.1795,34.9144,426.2,426.2,516.3225,-11.8207,-11.8207,-27.2122
RSG,219.8000030517578,219.8,2026-09-16,False,219.7100067138672,225.1199951171875,-1.45,-0.7,BAJO,67039207424.0,31.01,27.17,5.57,18.15,6.17,20.43,12.94,2.9,15.45,1.19,0.64,,YAHOO,-0.4442,-0.655,-0.3037,0.056637,2.9334,-0.0447,76.22,2026-10-29,42,,,yahoo,1.0,0.0,1.0,1.0,0.0,1.0,1.0,1.0,0.0,-1.2002,-1.563,-1.1291,5.4594,22.6288,20.6748,225.85,225.85,230.9379,-2.6788,-2.6788,-4.8229
SBAC,180.02000427246094,180.02,2026-09-16,False,179.6999969482422,185.74000549316406,-1.7,-6.68,BAJO,19215740928.0,19.54,22.13,-4.15,,8.41,52.16,34.51,3.91,18.64,,0.17,,YAHOO,-0.4442,-0.655,-0.3037,0.056637,2.9334,-0.0447,76.22,2026-11-02,46,,,yahoo,1.0,1.0,1.0,1.0,1.0,0.0,1.0,0.0,1.0,-3.5986,-4.6555,-2.3846,-7.3918,28.1441,31.6297,191.52,191.52,220.8819,-6.0046,-6.0046,-18.4994
SJM,123.55999755859375,123.56,2026-09-16,False,121.58000183105469,123.94000244140625,1.53,23.69,BAJO,13219368960.0,57.83,11.37,2.3,3.93,6.26,17.9,2.51,11.08,8.89,1.21,0.87,,YAHOO,-0.4442,-0.655,-0.3037,0.056637,2.9334,-0.0447,76.22,2026-11-24,68,2026-08-26,22.0,yahoo,0.0,1.0,1.0,1.0,1.0,0.0,0.0,0.0,1.0,0.2027,-5.9808,11.3454,7.5247,10.9092,29.4479,132.34,132.34,132.34,-6.6344,-6.6344,-6.6344
SMCI,36.849998474121094,36.85,2026-09-16,False,35.36000061035156,37.119998931884766,3.4,-17.32,BAJO,26508552192.0,12.38,7.58,2.59,21.47,7.88,13.38,5.71,-31.12,11.49,0.64,3.87,,YAHOO,-0.4442,-0.655,-0.3037,0.056637,2.9334,-0.0447,76.22,2026-11-03,47,,,yahoo,1.0,0.0,0.0,0.0,1.0,0.0,0.0,0.0,0.0,-5.3429,0.3814,52.3987,26.1122,109.8003,90.1696,40.26,40.26,58.68,-8.4699,-8.4699,-37.2018
SNPS,378.4700012207031,378.47,2026-09-16,False,367.45001220703125,379.94000244140625,2.93,-10.52,BAJO,73046138880.0,66.75,21.75,2.34,3.66,1.35,14.52,11.43,4.69,38.68,0.35,1.34,,YAHOO,-0.4442,-0.655,-0.3037,0.056637,2.9334,-0.0447,76.22,2026-12-08,82,2026-08-26,22.0,finnhub,1.0,0.0,1.0,1.0,0.0,0.0,0.0,0.0,0.0,-3.7511,-8.7628,-1.5119,-15.5917,52.0778,47.5171,464.89,464.89,534.56,-18.5893,-18.5893,-29.1997
SO,86.2300033569336,86.23,2026-09-16,False,85.87000274658203,86.83000183105469,0.33,-1.87,BAJO,99805495296.0,20.91,17.62,2.52,11.48,3.27,29.61,15.43,-3.92,12.39,1.82,0.79,,YAHOO,-0.4442,-0.655,-0.3037,0.056637,2.9334,-0.0447,76.22,2026-10-29,42,,,yahoo,1.0,0.0,1.0,1.0,0.0,0.0,0.0,0.0,1.0,-2.3885,-2.1115,-8.7702,-7.8125,10.3824,16.2237,92.19,97.1776,97.4911,-6.4649,-11.2655,-11.5509
SOLV,88.83000183105469,88.83,2026-09-16,False,88.677001953125,91.87000274658203,-1.37,20.46,BAJO,14899682304.0,10.7,12.1,3.1,33.96,2.7,9.78,17.26,3.28,17.38,1.1,1.02,,YAHOO,-0.4442,-0.655,-0.3037,0.056637,2.9334,-0.0447,76.22,2026-11-05,49,,,yahoo,1.0,1.0,1.0,0.0,1.0,1.0,0.0,0.0,1.0,-1.3329,-2.3309,9.2486,16.0267,27.2732,31.4834,92.44,92.44,92.44,-3.9052,-3.9052,-3.9052
SPG,202.94000244140625,202.94,2026-09-16,False,200.3699951171875,205.75999450683594,-0.57,17.61,BAJO,77621616640.0,14.43,29.75,15.06,120.51,5.63,46.02,66.57,3.34,18.74,5.04,0.27,,YAHOO,-0.4442,-0.655,-0.3037,0.056637,2.9334,-0.0447,76.22,2026-11-02,46,,,yahoo,1.0,1.0,1.0,0.0,1.0,0.0,1.0,0.0,0.0,-0.7774,-3.1868,-10.3112,-4.6981,5.3041,18.5201,220.81,234.1864,234.1864,-8.0929,-13.3425,-13.3425
SRE,81.69999694824219,81.7,2026-09-16,False,81.3499984741211,82.4800033569336,0.62,2.28,BAJO,53737529344.0,23.82,14.83,1.64,6.68,1.96,28.33,16.82,-51.47,17.19,0.85,1.64,,YAHOO,-0.4442,-0.655,-0.3037,0.056637,2.9334,-0.0447,76.22,2026-11-04,48,,,yahoo,1.0,0.0,1.0,1.0,1.0,1.0,0.0,1.0,0.0,-3.8937,-3.0382,-11.4363,-10.3368,18.1896,23.0648,87.38,95.33,99.0422,-6.5003,-14.2977,-17.5099
STE,209.89999389648438,209.9,2026-09-16,False,208.33999633789062,213.47999572753906,-0.18,-14.0,BAJO,20283922432.0,25.4,16.99,2.81,11.39,6.8,19.15,13.33,3.94,13.33,0.28,1.91,,YAHOO,-0.4442,-0.655,-0.3037,0.056637,2.9334,-0.0447,76.22,2026-11-04,48,,,yahoo,1.0,1.0,1.0,1.0,1.0,1.0,1.0,1.0,1.0,-2.4129,-8.3212,-3.3509,1.9517,19.8948,27.9356,237.2062,238.1833,266.3608,-11.5116,-11.8746,-21.1971
STLD,238.22999572753906,238.23,2026-09-16,False,235.0800018310547,243.63999938964844,-0.41,73.24,BAJO,35165548544.0,22.24,12.53,3.74,17.57,7.87,11.5,7.83,0.67,14.56,0.47,3.18,,YAHOO,-0.4442,-0.655,-0.3037,0.056637,2.9334,-0.0447,76.22,2026-10-19,32,,,yahoo,1.0,0.0,1.0,1.0,0.0,1.0,1.0,0.0,0.0,-1.0221,1.7686,1.1549,-12.9497,29.2955,38.2812,247.64,268.6,282.1202,-3.7999,-11.3068,-15.5573
STT,182.89999389648438,182.9,2026-09-16,False,180.4600067138672,187.11000061035156,-1.2,70.43,BAJO,50289651712.0,16.17,11.96,2.1,12.44,0.87,34.31,23.0,,,,,,YAHOO,-0.4442,-0.655,-0.3037,0.056637,2.9334,-0.0447,76.22,2026-10-14,27,,,yahoo,1.0,1.0,1.0,1.0,0.0,0.0,1.0,0.0,1.0,-4.685,-2.604,0.2192,7.3095,25.4182,24.0125,194.26,194.26,194.26,-5.8478,-5.8478,-5.8478
STX,783.1799926757812,783.18,2026-09-16,False,772.010009765625,798.8800048828125,1.47,274.64,BAJO,182626140160.0,57.95,14.5,84.05,371.53,29.35,43.07,26.11,1.06,40.92,1.8,1.67,,YAHOO,-0.4442,-0.655,-0.3037,0.056637,2.9334,-0.0447,76.22,2026-10-27,40,,,yahoo,1.0,1.0,1.0,1.0,1.0,1.0,0.0,1.0,1.0,-11.597,-4.0973,-0.5688,-24.0078,41.272,82.5454,904.38,1037.85,1093.2605,-13.4014,-24.5382,-28.3629
STZ,123.02999877929688,123.03,2026-09-16,False,122.76000213623047,124.75,-0.48,-5.35,BAJO,20914993152.0,11.67,9.89,2.54,23.69,8.57,35.93,20.14,10.57,9.16,1.23,0.91,,YAHOO,-0.4442,-0.655,-0.3037,0.056637,2.9334,-0.0447,76.22,2026-10-06,19,,,yahoo,1.0,1.0,1.0,1.0,0.0,1.0,1.0,0.0,0.0,1.2176,-5.818,-6.6761,-13.955,24.0762,30.2083,137.6,145.1562,164.2807,-10.5887,-15.2431,-25.1099
SW,44.58000183105469,44.58,2026-09-16,False,43.900001525878906,45.689998626708984,1.99,4.3,BAJO,23855302656.0,48.38,13.33,1.32,2.71,2.62,5.47,1.59,5.09,8.16,0.78,1.45,,YAHOO,-0.4442,-0.655,-0.3037,0.056637,2.9334,-0.0447,76.22,2026-10-28,41,,,yahoo,1.0,1.0,1.0,1.0,0.0,1.0,0.0,0.0,1.0,5.6398,-1.871,1.5497,2.126,17.3584,44.4202,49.56,50.341,50.7913,-10.0484,-11.4439,-12.2291
SWK,89.05000305175781,89.05,2026-09-16,False,88.04000091552734,90.29000091552734,0.53,19.99,BAJO,13458603008.0,21.79,13.97,1.5,6.89,3.8,8.44,4.07,10.54,10.09,0.58,1.43,,YAHOO,-0.4442,-0.655,-0.3037,0.056637,2.9334,-0.0447,76.22,2026-11-03,47,,,yahoo,1.0,1.0,1.0,1.0,1.0,0.0,0.0,1.0,1.0,-2.8687,-4.9572,-0.3826,6.151,6.7796,34.6471,99.157,103.1027,103.1027,-10.193,-13.6298,-13.6298
SYK,284.760009765625,284.76,2026-09-16,False,279.8800048828125,290.510009765625,1.16,-22.99,BAJO,107450318848.0,29.03,16.74,4.48,16.51,8.16,27.02,14.43,3.82,16.19,0.64,2.16,,YAHOO,-0.4442,-0.655,-0.3037,0.056637,2.9334,-0.0447,76.22,2026-10-29,42,,,yahoo,1.0,0.0,1.0,1.0,0.0,0.0,0.0,1.0,0.0,3.4024,-10.2835,-10.9763,-8.0687,17.4183,42.2257,339.98,352.25,385.3856,-16.2421,-19.1597,-26.1104
TAP,39.11000061035156,39.11,2026-09-16,False,38.93000030517578,39.43000030517578,-0.41,-13.19,BAJO,7286620160.0,,7.98,0.72,-19.47,3.79,11.3,-20.81,12.83,5.9,0.76,0.88,,YAHOO,-0.4442,-0.655,-0.3037,0.056637,2.9334,-0.0447,76.22,2026-11-03,47,,,yahoo,0.0,0.0,1.0,1.0,1.0,0.0,1.0,0.0,1.0,1.6372,-1.6348,-3.3328,-2.5471,10.9212,31.6684,42.4947,42.8703,52.5761,-7.9649,-8.7713,-25.6126
TDG,1080.1099853515625,1080.11,2026-09-16,False,1071.25,1108.3699951171875,-0.45,-15.1,BAJO,59478093824.0,32.67,22.25,-6.41,,11.82,46.01,21.28,2.45,17.72,,3.02,,YAHOO,-0.4442,-0.655,-0.3037,0.056637,2.9334,-0.0447,76.22,2026-11-05,49,,,yahoo,1.0,1.0,1.0,0.0,0.0,1.0,0.0,1.0,1.0,-4.0482,-6.5455,-11.0603,-16.9912,28.0388,25.6483,1222.91,1348.49,1450.0,-11.6771,-19.9023,-25.5097
TDY,601.0999755859375,601.1,2026-09-16,False,596.7100219726562,605.3400268554688,0.43,8.96,BAJO,27905185792.0,29.11,22.49,2.56,9.15,5.14,20.2,15.29,3.27,18.58,0.19,2.18,,YAHOO,-0.4442,-0.655,-0.3037,0.056637,2.9334,-0.0447,76.22,2026-10-21,34,,,yahoo,1.0,1.0,1.0,1.0,1.0,0.0,1.0,0.0,1.0,0.9862,-1.5413,-5.416,-4.5979,15.3542,22.9165,648.63,691.3,691.3,-7.3278,-13.0479,-13.0479
TECH,72.33000183105469,72.33,2026-09-16,False,72.22000122070312,72.37000274658203,-0.01,41.11,BAJO,11355209728.0,62.42,31.4,5.36,9.03,6.67,27.87,14.97,2.02,34.06,0.14,4.55,,YAHOO,-0.4442,-0.655,-0.3037,0.056637,2.9334,-0.0447,76.22,2026-11-09,53,,,yahoo,1.0,1.0,1.0,1.0,1.0,1.0,0.0,1.0,0.0,0.1107,0.2078,0.4022,29.2345,1.4747,42.516,72.47,72.47,72.47,-0.1932,-0.1932,-0.1932
TEL,202.1999969482422,202.2,2026-09-16,False,200.42999267578125,205.72000122070312,0.39,-3.21,BAJO,59813433344.0,20.24,16.0,4.52,23.29,9.69,20.77,15.61,3.91,13.04,0.43,1.88,,YAHOO,-0.4442,-0.655,-0.3037,0.056637,2.9334,-0.0447,76.22,2026-10-28,41,,,yahoo,1.0,0.0,1.0,1.0,0.0,0.0,1.0,1.0,0.0,-1.2116,-2.7885,-0.1576,-6.4564,50.244,31.5538,211.96,217.8394,246.3216,-4.6046,-7.1793,-17.9122
TER,341.1499938964844,341.15,2026-09-16,False,336.57000732421875,347.0,2.49,200.65,BAJO,55208611840.0,48.57,30.31,17.58,36.46,19.75,33.16,25.77,0.79,36.54,0.03,2.12,,YAHOO,-0.4442,-0.655,-0.3037,0.056637,2.9334,-0.0447,76.22,2026-10-21,34,,,yahoo,1.0,0.0,1.0,1.0,0.0,0.0,1.0,0.0,1.0,-11.0871,1.7352,5.8695,-16.6286,122.4102,89.919,383.69,483.6542,483.6542,-11.0871,-29.4641,-29.4641
TKO,192.42999267578125,192.43,2026-09-16,False,190.27000427246094,195.33999633789062,1.21,-1.77,BAJO,35828756480.0,66.42,40.44,4.14,7.06,4.5,32.39,4.33,2.39,14.3,0.59,1.28,,YAHOO,-0.4442,-0.655,-0.3037,0.056637,2.9334,-0.0447,76.22,2026-11-04,48,,,yahoo,1.0,1.0,1.0,1.0,0.0,1.0,1.0,1.0,0.0,1.1189,6.0064,4.3688,-3.4055,22.4485,33.2354,200.8675,214.9996,222.2776,-4.2005,-10.4975,-13.4281
TPL,348.57000732421875,348.57,2026-09-16,False,347.2699890136719,367.6400146484375,-6.21,13.08,BAJO,23948009472.0,44.29,4.75,14.32,36.57,25.81,78.18,60.32,-0.14,31.98,0.01,4.55,,YAHOO,-0.4442,-0.655,-0.3037,0.056637,2.9334,-0.0447,76.22,2026-11-04,48,,,yahoo,1.0,0.0,1.0,1.0,0.0,0.0,0.0,0.0,0.0,-6.8144,-5.7741,-16.0141,-2.0262,56.3508,45.6054,383.0251,436.9385,538.1021,-8.9955,-20.2245,-35.2223
TRGP,284.7699890136719,284.77,2026-09-16,False,281.0899963378906,288.6099853515625,-0.32,79.16,BAJO,61127852032.0,27.28,23.6,19.52,70.84,9.24,27.8,13.54,0.11,14.68,5.16,0.77,,YAHOO,-0.4442,-0.655,-0.3037,0.056637,2.9334,-0.0447,76.22,2026-11-05,49,,,yahoo,1.0,1.0,1.0,1.0,0.0,0.0,1.0,1.0,0.0,-2.2685,-3.8134,1.1285,10.1751,4.7617,32.3261,302.25,302.25,302.25,-5.7833,-5.7833,-5.7833
TRMB,57.31999969482422,57.32,2026-09-16,False,57.040000915527344,58.709999084472656,-2.52,-28.51,BAJO,13368200192.0,,13.9,2.36,-1.94,4.8,15.13,-2.77,5.13,16.6,0.29,0.95,,YAHOO,-0.4442,-0.655,-0.3037,0.056637,2.9334,-0.0447,76.22,2026-11-04,48,,,yahoo,1.0,0.0,1.0,0.0,0.0,0.0,1.0,1.0,0.0,-0.1394,-2.7486,8.7253,12.8791,31.3931,33.6741,61.54,61.54,83.52,-6.8573,-6.8573,-31.3697
TROW,102.4000015258789,102.4,2026-09-16,False,101.44999694824219,104.61000061035156,-1.76,4.58,BAJO,21937401856.0,10.33,9.97,1.99,19.4,10.66,28.69,29.26,9.23,6.83,0.04,4.04,,YAHOO,-0.4442,-0.655,-0.3037,0.056637,2.9334,-0.0447,76.22,2026-10-30,43,,,yahoo,1.0,0.0,1.0,0.0,0.0,1.0,1.0,0.0,0.0,-3.774,-4.8689,-11.6541,-4.834,10.8826,26.9448,111.4831,120.1849,120.1849,-8.1475,-14.7979,-14.7979
TRV,378.9200134277344,378.92,2026-09-16,False,375.3399963378906,380.94000244140625,0.25,42.1,BAJO,79152136192.0,10.2,12.55,2.39,26.51,4.78,23.7,16.95,18.67,7.24,0.27,0.32,,YAHOO,-0.4442,-0.655,-0.3037,0.056637,2.9334,-0.0447,76.22,2026-10-16,29,,,yahoo,1.0,1.0,1.0,1.0,0.0,0.0,1.0,0.0,0.0,3.6433,4.4778,3.045,23.6433,14.7993,28.3177,378.92,395.8665,395.8665,0.0,-4.2809,-4.2809
TSCO,32.779998779296875,32.78,2026-09-16,False,32.7599983215332,33.869998931884766,-0.76,-42.46,BAJO,17100536832.0,17.09,16.02,6.53,39.51,7.82,12.07,6.42,0.6,12.11,2.49,1.33,,YAHOO,-0.4442,-0.655,-0.3037,0.056637,2.9334,-0.0447,76.22,2026-10-22,35,,,yahoo,1.0,0.0,1.0,1.0,1.0,0.0,1.0,1.0,0.0,-3.5882,-5.5604,8.1824,9.2567,33.6567,31.0921,35.92,36.18,58.4625,-8.7416,-9.3976,-43.9299
TSN,52.119998931884766,52.12,2026-09-16,False,52.119998931884766,52.9900016784668,-0.82,-0.08,BAJO,18385145856.0,32.26,12.52,1.02,3.26,2.56,2.71,1.03,6.48,9.29,0.44,1.43,,YAHOO,-0.4442,-0.655,-0.3037,0.056637,2.9334,-0.0447,76.22,2026-11-09,53,,,yahoo,1.0,0.0,1.0,1.0,1.0,0.0,1.0,0.0,1.0,0.7344,-5.3396,-8.9379,-8.0947,15.8308,27.6695,58.0085,60.6141,67.5448,-10.151,-14.0135,-22.8364
TTD,14.489999771118164,14.49,2026-09-16,False,14.470000267028809,14.96500015258789,-3.4,-67.09,BAJO,6700491776.0,16.98,14.33,2.6,15.44,6.25,14.21,13.61,8.7,8.25,0.17,1.72,,YAHOO,-0.4442,-0.655,-0.3037,0.056637,2.9334,-0.0447,76.22,2026-11-05,49,,,yahoo,1.0,1.0,1.0,1.0,0.0,0.0,1.0,0.0,1.0,4.3948,5.1524,-22.0549,-23.5759,53.6184,67.6162,15.09,19.79,54.13,-3.9761,-26.7812,-73.2311
TTWO,211.80999755859375,211.81,2026-09-16,False,210.72000122070312,215.0,-0.05,-13.87,BAJO,39381819392.0,,20.46,11.12,-9.04,-0.62,0.51,-4.79,3.19,52.84,0.82,1.06,,YAHOO,-0.4442,-0.655,-0.3037,0.056637,2.9334,-0.0447,76.22,2026-11-09,53,,,yahoo,0.0,1.0,1.0,1.0,1.0,1.0,0.0,1.0,1.0,0.3173,-2.2476,-10.5079,-7.8967,54.6236,35.0514,240.15,258.41,262.29,-11.801,-18.0334,-19.2459
TYL,346.44000244140625,346.44,2026-09-16,False,344.0199890136719,350.42999267578125,-1.89,-34.57,BAJO,13988068352.0,44.83,22.25,4.6,9.73,4.18,14.74,13.36,4.25,32.0,0.48,1.55,,YAHOO,-0.4442,-0.655,-0.3037,0.056637,2.9334,-0.0447,76.22,2026-10-28,41,,,yahoo,1.0,1.0,1.0,1.0,0.0,0.0,0.0,1.0,1.0,1.0972,-7.967,8.4285,16.1498,64.8251,46.1191,379.27,379.27,536.38,-8.6561,-8.6561,-35.4115
UDR,34.400001525878906,34.4,2026-09-16,False,34.31999969482422,35.13999938964844,-1.46,-2.67,BAJO,12567529472.0,21.65,61.09,3.8,13.74,2.24,20.18,29.56,6.21,17.28,1.56,0.18,,YAHOO,-0.4442,-0.655,-0.3037,0.056637,2.9334,-0.0447,76.22,2026-10-28,41,,,yahoo,1.0,1.0,1.0,1.0,1.0,0.0,1.0,1.0,1.0,-2.4248,-6.3151,-12.7914,-9.8718,15.1188,19.7523,38.2326,40.7677,40.7677,-10.0245,-15.6196,-15.6196
UHS,181.2100067138672,181.21,2026-09-16,False,175.3699951171875,182.19000244140625,2.47,-1.66,BAJO,10652775424.0,7.38,7.55,1.42,20.95,8.32,11.14,8.42,4.68,5.9,0.69,1.12,,YAHOO,-0.4442,-0.655,-0.3037,0.056637,2.9334,-0.0447,76.22,2026-10-26,39,,,yahoo,1.0,1.0,1.0,1.0,1.0,0.0,1.0,1.0,1.0,3.0891,6.1259,20.0205,23.501,23.8948,31.236,181.21,181.21,243.1212,0.0,0.0,-25.4651
ULTA,530.52001953125,530.52,2026-09-16,False,529.010009765625,542.1400146484375,-2.54,1.64,BAJO,23248519168.0,19.79,16.95,8.57,46.12,14.84,12.51,9.34,3.93,13.21,0.95,1.34,,YAHOO,-0.4442,-0.655,-0.3037,0.056637,2.9334,-0.0447,76.22,2026-12-03,77,2026-08-27,21.0,yahoo,1.0,0.0,1.0,1.0,1.0,0.0,1.0,0.0,0.0,-2.0928,-2.7746,10.6241,14.4151,30.8062,35.8523,564.12,565.15,706.82,-5.9562,-6.1276,-24.9427
UPS,98.7699966430664,98.77,2026-09-16,False,98.1500015258789,102.0999984741211,-3.5,24.17,BAJO,85222785024.0,18.62,12.41,5.66,29.6,7.28,9.05,5.08,6.56,9.04,1.9,1.18,,YAHOO,-0.4442,-0.655,-0.3037,0.056637,2.9334,-0.0447,76.22,2026-10-27,40,,,yahoo,1.0,0.0,1.0,1.0,0.0,1.0,1.0,1.0,0.0,-0.4535,-3.7892,-14.7598,-8.794,37.5144,28.3222,105.68,115.8725,115.8725,-6.5386,-14.7598,-14.7598
URI,1006.25,1006.25,2026-09-16,False,987.5,1025.530029296875,1.73,6.45,BAJO,62399963136.0,24.12,17.5,6.78,28.89,8.77,25.99,15.67,2.73,16.56,1.67,0.76,,YAHOO,-0.4442,-0.655,-0.3037,0.056637,2.9334,-0.0447,76.22,2026-10-21,34,,,yahoo,1.0,0.0,1.0,1.0,1.0,0.0,1.0,0.0,0.0,-2.189,1.626,-3.5613,-5.7789,15.0185,38.5242,1117.04,1164.8199,1164.8199,-9.9182,-13.6133,-13.6133
VICI,24.530000686645508,24.53,2026-09-16,False,24.424999237060547,24.920000076293945,-0.93,-19.35,BAJO,26546978816.0,9.34,8.06,0.91,9.85,4.82,70.18,67.5,1.01,12.23,0.6,11.24,,YAHOO,-0.4442,-0.655,-0.3037,0.056637,2.9334,-0.0447,76.22,2026-10-29,42,,,yahoo,1.0,1.0,1.0,0.0,1.0,0.0,0.0,1.0,1.0,-2.6973,-3.9546,-8.7086,-10.9525,15.4272,20.3334,26.78,27.21,31.3416,-8.4018,-9.8493,-21.7334
VLO,403.2799987792969,403.28,2026-09-16,False,388.0,407.2699890136719,1.57,153.85,BAJO,118778716160.0,17.19,11.05,4.75,27.64,10.56,12.27,5.45,7.09,9.38,0.4,1.64,,YAHOO,-0.4442,-0.655,-0.3037,0.056637,2.9334,-0.0447,76.22,2026-10-22,35,,,yahoo,1.0,0.0,1.0,1.0,0.0,1.0,1.0,1.0,0.0,3.6843,11.4064,30.7407,65.8291,36.6376,33.9938,403.28,403.28,403.28,0.0,0.0,0.0
VLTO,95.75,95.75,2026-09-16,False,95.31199645996094,96.76000213623047,0.28,-9.02,BAJO,23221315584.0,23.99,19.97,7.51,34.31,10.31,21.37,17.35,3.48,17.77,1.16,1.77,,YAHOO,-0.4442,-0.655,-0.3037,0.056637,2.9334,-0.0447,76.22,2026-10-21,34,,,yahoo,1.0,0.0,1.0,1.0,1.0,0.0,0.0,1.0,0.0,1.0874,-1.3395,2.068,14.1833,20.972,24.7517,100.1,100.1,106.6836,-4.3457,-4.3457,-10.2486
VMC,244.3000030517578,244.3,2026-09-16,False,242.5,250.7899932861328,-1.97,-15.07,BAJO,31682000896.0,28.83,22.98,3.74,13.23,6.04,21.61,13.75,2.66,15.58,0.58,1.76,,YAHOO,-0.4442,-0.655,-0.3037,0.056637,2.9334,-0.0447,76.22,2026-10-29,42,,,yahoo,1.0,1.0,1.0,1.0,1.0,1.0,1.0,1.0,1.0,-2.237,-5.9263,-15.1133,-18.6404,18.4551,30.2726,276.3,312.3896,328.4807,-11.5816,-21.7964,-25.6273
VRSK,181.75,181.75,2026-09-16,False,177.9499969482422,182.89999389648438,0.93,-26.47,BAJO,22969933824.0,27.11,20.29,-19.8,,18.96,45.11,28.24,4.6,18.29,,1.0,,YAHOO,-0.4442,-0.655,-0.3037,0.056637,2.9334,-0.0447,76.22,2026-10-28,41,,,yahoo,1.0,0.0,1.0,1.0,1.0,1.0,1.0,1.0,0.0,2.3862,-6.2325,-9.1902,1.4627,62.8367,40.4392,193.8304,212.5802,249.3234,-6.2325,-14.5028,-27.1027
VRSN,298.4599914550781,298.46,2026-09-16,False,294.67999267578125,301.8299865722656,0.4,5.75,BAJO,27305318400.0,32.76,27.3,-12.11,,45.12,68.18,49.77,3.05,24.1,,0.59,,YAHOO,-0.4442,-0.655,-0.3037,0.056637,2.9334,-0.0447,76.22,2026-10-22,35,,,yahoo,1.0,1.0,1.0,1.0,0.0,1.0,1.0,1.0,1.0,4.0148,3.499,7.8067,9.2986,17.0751,29.3889,298.6,298.6,309.0927,-0.0469,-0.0469,-3.44
VTR,88.20999908447266,88.21,2026-09-16,False,87.87000274658203,89.77999877929688,-0.4,33.54,BAJO,44990525440.0,159.47,111.03,3.07,2.01,2.17,14.81,4.09,3.3,24.48,0.85,0.29,,YAHOO,-0.4442,-0.655,-0.3037,0.056637,2.9334,-0.0447,76.22,2026-10-28,41,,,yahoo,1.0,1.0,1.0,1.0,1.0,0.0,0.0,0.0,1.0,-1.309,-4.1925,-8.2102,5.7655,4.1178,26.2623,93.83,100.53,100.53,-5.9896,-12.255,-12.255
VTRS,17.020000457763672,17.02,2026-09-16,False,16.670000076293945,17.049999237060547,2.22,84.98,BAJO,19675361280.0,,6.44,1.36,-2.75,2.67,12.55,-2.79,13.61,7.38,0.96,1.58,,YAHOO,-0.4442,-0.655,-0.3037,0.056637,2.9334,-0.0447,76.22,2026-11-05,49,,,yahoo,0.0,0.0,1.0,1.0,1.0,0.0,1.0,0.0,1.0,3.1515,2.3452,-0.8233,6.9055,14.9587,28.9054,17.09,17.727,17.727,-0.4096,-3.9885,-3.9885
WAB,276.3699951171875,276.37,2026-09-16,False,273.010009765625,280.5299987792969,-0.63,48.6,BAJO,47095721984.0,37.53,22.41,4.2,11.55,6.17,19.19,10.59,2.34,19.99,0.62,1.12,,YAHOO,-0.4442,-0.655,-0.3037,0.056637,2.9334,-0.0447,76.22,2026-10-21,34,,,yahoo,1.0,0.0,1.0,1.0,0.0,0.0,1.0,1.0,0.0,-1.4618,-1.2259,5.5614,1.6666,18.128,31.5023,300.54,305.4747,305.4747,-8.0422,-9.5277,-9.5277
WAT,418.6400146484375,418.64,2026-09-16,False,415.94000244140625,424.7300109863281,0.37,38.76,BAJO,42192424960.0,109.07,25.97,2.78,1.92,3.56,9.42,3.59,-0.34,31.73,0.36,1.86,,YAHOO,-0.4442,-0.655,-0.3037,0.056637,2.9334,-0.0447,76.22,2026-10-30,43,,,yahoo,1.0,0.0,1.0,1.0,1.0,0.0,0.0,0.0,0.0,3.4164,3.154,13.4587,16.1147,11.9889,27.3456,421.26,421.26,421.26,-0.6219,-0.6219,-0.6219
WDAY,187.75999450683594,187.76,2026-09-16,False,186.32000732421875,189.91000366210938,-1.53,-13.64,BAJO,48026480640.0,40.5,15.07,7.43,16.01,4.51,11.82,12.32,6.34,30.51,0.58,0.91,,YAHOO,-0.4442,-0.655,-0.3037,0.056637,2.9334,-0.0447,76.22,2026-11-23,67,2026-08-27,21.0,finnhub,1.0,1.0,1.0,1.0,1.0,0.0,1.0,1.0,1.0,0.9191,-5.3534,29.6864,48.1108,46.8681,68.7978,206.92,206.92,247.69,-9.2596,-9.2596,-24.1956
WEC,103.37999725341797,103.38,2026-09-16,False,102.86000061035156,104.45999908447266,-0.13,-1.0,BAJO,34126206976.0,20.34,17.46,,11.99,3.03,21.8,16.69,-6.9,14.4,1.58,0.53,,YAHOO,-0.4442,-0.655,-0.3037,0.056637,2.9334,-0.0447,76.22,2026-10-29,42,,,yahoo,1.0,0.0,1.0,1.0,1.0,0.0,0.0,0.0,1.0,-2.6095,-2.6554,-8.0007,-9.0598,11.7791,17.4845,109.34,117.8229,117.8229,-5.4509,-12.2582,-12.2582
WM,214.0,214.0,2026-09-16,False,213.6999969482422,218.77000427246094,-1.5,2.36,BAJO,85271240704.0,30.22,23.4,8.6,29.84,6.57,18.99,11.12,2.75,13.9,2.35,0.91,,YAHOO,-0.4442,-0.655,-0.3037,0.056637,2.9334,-0.0447,76.22,2026-10-26,39,,,yahoo,1.0,0.0,1.0,1.0,1.0,1.0,0.0,1.0,1.0,-0.6904,-2.1951,-10.181,-1.6672,24.4499,21.751,225.4636,241.1841,243.3986,-5.0844,-11.2711,-12.0784
WMB,70.9000015258789,70.9,2026-09-16,False,69.8499984741211,71.9800033569336,-1.02,26.7,BAJO,87835656192.0,28.61,27.65,6.68,21.5,5.03,39.54,24.94,-1.73,17.15,2.0,0.48,,YAHOO,-0.4442,-0.655,-0.3037,0.056637,2.9334,-0.0447,76.22,2026-11-02,46,,,yahoo,1.0,1.0,1.0,1.0,0.0,1.0,0.0,1.0,1.0,-4.9702,-5.0713,-2.678,-0.0911,14.2554,27.5522,75.2833,77.3582,78.2497,-5.8224,-8.3485,-9.3927
WSM,218.1999969482422,218.2,2026-09-16,False,216.67999267578125,224.6699981689453,-1.48,13.49,BAJO,25784217600.0,22.45,20.82,13.79,54.96,16.64,17.27,14.73,4.15,15.79,0.71,1.45,,YAHOO,-0.4442,-0.655,-0.3037,0.056637,2.9334,-0.0447,76.22,2026-11-18,62,2026-08-26,22.0,yahoo,1.0,0.0,1.0,1.0,0.0,0.0,1.0,0.0,0.0,-4.0963,-1.7648,-4.47,-3.6321,36.6539,29.5623,242.31,251.78,251.78,-9.9501,-13.337,-13.337
WST,362.010009765625,362.01,2026-09-16,False,361.05999755859375,367.3299865722656,-0.82,41.19,BAJO,25799753728.0,46.88,36.75,8.63,19.09,11.38,22.47,16.98,1.08,28.15,0.11,2.82,,YAHOO,-0.4442,-0.655,-0.3037,0.056637,2.9334,-0.0447,76.22,2026-10-22,35,,,yahoo,1.0,0.0,1.0,1.0,1.0,1.0,1.0,1.0,0.0,7.4405,6.898,1.1184,9.9116,27.2019,25.0566,365.0,365.5013,365.5013,-0.8192,-0.9552,-0.9552
WTW,312.9100036621094,312.91,2026-09-16,False,310.3800048828125,322.19000244140625,-2.81,-3.57,BAJO,28882241536.0,19.26,13.61,3.76,19.76,5.08,17.56,15.49,4.9,12.28,0.91,1.1,,YAHOO,-0.4442,-0.655,-0.3037,0.056637,2.9334,-0.0447,76.22,2026-10-29,42,,,yahoo,1.0,1.0,1.0,1.0,0.0,1.0,1.0,0.0,0.0,-0.2582,-6.446,6.6387,20.9509,35.1011,31.9348,350.75,350.75,350.75,-10.7883,-10.7883,-10.7883
WY,21.809999465942383,21.81,2026-09-16,False,21.709999084472656,22.440000534057617,-2.15,-8.73,BAJO,15611142144.0,32.82,32.21,1.65,4.97,0.67,8.03,6.89,0.09,29.84,0.58,1.82,,YAHOO,-0.4442,-0.655,-0.3037,0.056637,2.9334,-0.0447,76.22,2026-10-29,42,,,yahoo,1.0,0.0,1.0,1.0,0.0,0.0,1.0,0.0,0.0,-3.4529,-5.8571,-10.1241,-11.2117,20.995,30.6449,24.3956,25.6045,26.396,-10.5986,-14.8196,-17.3739
WYNN,84.2300033569336,84.23,2026-09-16,False,84.0199966430664,87.41999816894531,-2.86,-28.92,BAJO,8542713856.0,19.89,16.1,-49.89,,5.73,16.54,6.05,5.57,9.91,,0.91,,YAHOO,-0.4442,-0.655,-0.3037,0.056637,2.9334,-0.0447,76.22,2026-11-05,49,,,yahoo,1.0,0.0,1.0,1.0,1.0,0.0,1.0,0.0,0.0,-6.6497,-7.0309,-12.6281,-18.5529,19.4716,25.3275,100.28,104.5341,132.1289,-16.0052,-19.4234,-36.2517
XEL,72.70999908447266,72.71,2026-09-16,False,72.38999938964844,73.48999786376953,0.3,4.6,BAJO,45991821312.0,20.17,16.21,1.91,9.92,2.37,22.7,15.28,-17.19,13.98,1.73,0.7,,YAHOO,-0.4442,-0.655,-0.3037,0.056637,2.9334,-0.0447,76.22,2026-10-29,42,,,yahoo,1.0,0.0,1.0,1.0,0.0,1.0,0.0,1.0,0.0,-3.7983,-3.418,-6.9492,-7.1967,16.9424,17.7887,78.775,81.5725,82.0098,-7.6992,-10.8645,-11.3398
XYL,107.2699966430664,107.27,2026-09-16,False,106.30000305175781,109.83999633789062,-0.21,-22.07,BAJO,25123180544.0,25.62,17.23,2.28,9.18,5.11,17.0,11.15,4.71,13.72,0.29,1.61,,YAHOO,-0.4442,-0.655,-0.3037,0.056637,2.9334,-0.0447,76.22,2026-11-03,47,,,yahoo,1.0,1.0,1.0,1.0,1.0,0.0,0.0,1.0,0.0,-0.3437,0.3555,-12.2999,-3.8845,5.2276,27.7689,115.7694,124.825,150.8356,-7.3417,-14.0637,-28.8828
YUM,137.9600067138672,137.96,2026-09-16,False,137.77999877929688,141.35000610351562,-2.0,-4.35,BAJO,37046321152.0,17.08,19.4,-5.13,,22.69,32.78,25.41,2.25,16.23,,0.59,,YAHOO,-0.4442,-0.655,-0.3037,0.056637,2.9334,-0.0447,76.22,2026-11-03,47,,,yahoo,1.0,0.0,1.0,1.0,1.0,0.0,1.0,0.0,0.0,-4.96,-8.7972,-6.2631,-12.0596,53.2937,30.9435,156.5607,166.6498,166.6498,-11.8808,-17.2156,-17.2156
ZBH,96.77999877929688,96.78,2026-09-16,False,96.38999938964844,98.41000366210938,-1.66,-0.7,BAJO,17977028608.0,22.88,10.39,1.42,6.41,3.88,17.96,9.48,5.96,9.95,0.6,1.69,,YAHOO,-0.4442,-0.655,-0.3037,0.056637,2.9334,-0.0447,76.22,2026-11-05,49,,,yahoo,1.0,0.0,1.0,1.0,0.0,1.0,1.0,0.0,0.0,2.2936,-2.6358,6.2116,8.6277,32.9892,33.6773,101.38,101.38,103.1494,-4.5374,-4.5374,-6.1749
ZBRA,341.17999267578125,341.18,2026-09-16,False,338.6700134277344,347.5199890136719,-0.45,7.78,BAJO,16455120896.0,31.94,15.67,4.8,15.29,7.32,21.26,9.22,3.5,16.0,0.86,0.52,,YAHOO,-0.4442,-0.655,-0.3037,0.056637,2.9334,-0.0447,76.22,2026-11-03,47,,,yahoo,1.0,0.0,1.0,1.0,0.0,0.0,1.0,0.0,1.0,-1.0585,-0.7332,27.5916,43.7213,29.4187,63.4101,368.51,383.06,383.06,-7.4164,-10.933,-10.933
ZTS,73.0,73.0,2026-09-16,False,72.91999816894531,73.9000015258789,-0.59,-48.91,BAJO,30173587456.0,11.91,11.18,,64.91,15.35,40.72,27.68,6.68,9.29,2.94,3.08,,YAHOO,-0.4442,-0.655,-0.3037,0.056637,2.9334,-0.0447,76.22,2026-11-03,47,,,yahoo,1.0,0.0,1.0,1.0,0.0,1.0,1.0,1.0,0.0,-0.4229,-5.5016,-3.9853,-7.3379,10.7752,31.7506,77.73,77.93,144.75,-6.0852,-6.3262,-49.5682
