Ticker,Precio,Cierre_Confirmado,Fecha_Cierre_Confirmado,Precio_Es_Intradiario,Low,High,Change (%),RS 20D,Credit Stress,Market Cap,P/E,Forward P/E,P/Book,ROE,ROA,Operating Margin,Net Margin,FCF Yield,EV/EBITDA,Debt/Equity,Current Ratio,Piotroski,Fund Source,Grain_IS,ZC_Surprise,ZS_Surprise,SPX_Quarterly_Divisor,SPX_ROC_63d,z_MOVE_inv,MOVE_price,Earnings_Next_Date,Earnings_Days_To_Next,Earnings_Last_Date,Earnings_Days_Since,Earnings_Source,piotroski_roa_positive,piotroski_d_roa,piotroski_cfo_positive,piotroski_cfo_gt_ni,piotroski_d_leverage,piotroski_d_liquidity,piotroski_no_dilution,piotroski_d_margin,piotroski_d_turnover,roc_5d,roc_10d,roc_42d,roc_63d,vol_5d,vol_60d,high_20d,high_60d,high_252d,drawdown_20d,drawdown_60d,drawdown_252d
^GSPC,7636.35986328125,7636.3599,2026-09-09,False,7624.16015625,7660.68017578125,-0.48,6.0,BAJO,,,,,,,,,,,,,,NONE,0.6536,1.6118,0.0148,0.062928,3.3806,-0.0849,76.74,,999,,,none,,,,,,,,,,0.0641,-0.533,0.8048,,12.2923,11.5243,7798.9902,7798.9902,,-2.0853,-2.0853,
^DJI,52380.66015625,52380.6602,2026-09-09,False,52314.609375,52707.8984375,-0.77,5.85,BAJO,,,,,,,,,,,,,,NONE,0.6536,1.6118,0.0148,0.062928,3.3806,-0.0849,76.74,,999,,,none,,,,,,,,,,-0.7319,-2.2337,-0.487,,16.4134,11.3456,53839.9883,54349.1211,,-2.7105,-3.6219,
^IXIC,26253.33984375,26253.3398,2026-09-09,False,26184.21484375,26366.55859375,-0.64,5.22,BAJO,,,,,,,,,,,,,,NONE,0.6536,1.6118,0.0148,0.062928,3.3806,-0.0849,76.74,,999,,,none,,,,,,,,,,0.5884,0.3902,-0.1076,,14.6031,18.4512,26803.0293,26803.0293,,-2.0508,-2.0508,
^RUT,2921.234375,2921.2344,2026-09-09,False,2918.892822265625,2952.60888671875,-1.32,3.94,BAJO,,,,,,,,,,,,,,NONE,0.6536,1.6118,0.0148,0.062928,3.3806,-0.0849,76.74,,999,,,none,,,,,,,,,,0.0378,-2.9497,-1.8999,,13.0786,13.9622,3068.4199,3068.4199,,-4.7968,-4.7968,
^VIX,16.459999084472656,16.46,2026-09-09,False,15.569999694824219,16.68000030517578,4.71,-16.25,BAJO,,,,,,,,,,,,,,NONE,0.6536,1.6118,0.0148,0.062928,3.3806,-0.0849,76.74,,999,,,none,,,,,,,,,,8.2895,8.2183,-4.0793,-25.9226,28.0829,103.3,16.46,20.66,,0.0,-20.3291,
^MOVE,76.74130249023438,76.7413,2026-09-09,False,0.0,0.0,0.79,4.69,BAJO,,,,,,,,,,,,,,NONE,0.6536,1.6118,0.0148,0.062928,3.3806,-0.0849,76.74,,999,,,none,,,,,,,,,,-1.4621,6.7037,10.3398,,70.5132,70.3232,79.71,83.02,,-3.7244,-7.5629,
^TNX,4.836999893188477,4.837,2026-09-09,False,4.793999671936035,4.85699987411499,0.65,7.74,BAJO,,,,,,,,,,,,,,NONE,0.6536,1.6118,0.0148,0.062928,3.3806,-0.0849,76.74,,999,,,none,,,,,,,,,,0.8549,4.2682,5.8656,6.8242,9.8691,13.351,4.837,4.837,,0.0,0.0,
^IRX,3.804999828338623,3.805,2026-09-09,False,3.7950000762939453,3.813000202178955,0.79,5.59,BAJO,,,,,,,,,,,,,,NONE,0.6536,1.6118,0.0148,0.062928,3.3806,-0.0849,76.74,,999,,,none,,,,,,,,,,0.8749,2.6991,2.977,4.6767,11.5707,10.8702,3.805,3.805,,0.0,-0.0,
DX-Y.NYB,98.80799865722656,98.808,2026-09-09,False,98.75499725341797,98.82099914550781,-0.03,-0.19,BAJO,,,,,,,,,,,,,,NONE,0.6536,1.6118,0.0148,0.062928,3.3806,-0.0849,76.74,,999,,,none,,,,,,,,,,-0.8649,-0.1132,-2.1412,-1.103,5.0602,4.8403,100.01,101.61,,-1.2019,-2.7576,
^N225,64387.69140625,64387.6914,2026-09-10,False,64286.44140625,64927.1796875,-1.35,1.24,BAJO,,,,,,,,,,,,,,NONE,0.6536,1.6118,0.0148,0.062928,3.3806,-0.0849,76.74,,999,,,none,,,,,,,,,,0.0965,-2.8289,-4.9542,0.3247,30.0805,31.1661,69220.25,72366.3438,,-6.9814,-11.0254,
^MERV,3110163.5,3110163.5,2026-09-09,False,3047719.25,3113413.5,1.11,-0.37,BAJO,,,,,,,,,,,,,,NONE,0.6536,1.6118,0.0148,0.062928,3.3806,-0.0849,76.74,,999,,,none,,,,,,,,,,0.1271,2.8163,-5.1844,-1.2874,15.0053,24.77,3110163.5,3379772.0,,0.0,-7.9771,
^NYA,24311.1484375,24311.1484,2026-09-09,False,0.0,0.0,-0.66,6.25,BAJO,,,,,,,,,,,,,,NONE,0.6536,1.6118,0.0148,0.062928,3.3806,-0.0849,76.74,,999,,,none,,,,,,,,,,-0.1566,-1.8471,1.6137,,11.954,8.0274,24821.6797,24821.6797,,-2.0568,-2.0568,
^HSI,25317.1796875,25317.1797,2026-09-08,False,25225.689453125,25394.599609375,-0.38,3.97,BAJO,,,,,,,,,,,,,,NONE,0.6536,1.6118,0.0148,0.062928,3.3806,-0.0849,76.74,,999,,,none,,,,,,,,,,-0.0495,-0.7601,4.7241,3.0582,18.6988,17.6919,26009.4609,26009.4609,,-2.6617,-2.6617,
^TWII,47105.78125,47105.7812,2026-09-08,False,47023.73046875,47578.23828125,-0.47,6.29,BAJO,,,,,,,,,,,,,,NONE,0.6536,1.6118,0.0148,0.062928,3.3806,-0.0849,76.74,,999,,,none,,,,,,,,,,0.3345,4.2868,3.8611,5.3716,19.8105,33.3786,47326.2695,47741.5117,,-0.4659,-1.3316,
^KS11,6988.9599609375,6988.96,2026-09-10,False,6988.9599609375,7072.7900390625,0.5,-8.68,BAJO,,,,,,,,,,,,,,NONE,0.6536,1.6118,0.0148,0.062928,3.3806,-0.0849,76.74,,999,,,none,,,,,,,,,,6.4949,2.6549,-4.1546,-9.5961,35.531,74.7472,6995.3901,9114.5498,,-0.0919,-23.3208,
^GDAXI,26007.630859375,26007.6309,2026-09-08,False,25799.66015625,26026.779296875,0.0,7.36,BAJO,,,,,,,,,,,,,,NONE,0.6536,1.6118,0.0148,0.062928,3.3806,-0.0849,76.74,,999,,,none,,,,,,,,,,0.1445,-0.9842,3.7521,7.4264,5.4034,12.5421,26569.9902,26569.9902,,-2.1165,-2.1165,
^FTSE,10811.7001953125,10811.7002,2026-09-08,False,10778.099609375,10850.7001953125,-0.1,6.63,BAJO,,,,,,,,,,,,,,NONE,0.6536,1.6118,0.0148,0.062928,3.3806,-0.0849,76.74,,999,,,none,,,,,,,,,,0.2076,-0.3925,3.239,5.4306,6.053,8.3628,10886.2002,10908.4004,,-0.6844,-0.8865,
^AEX,1116.050048828125,1116.05,2026-09-08,False,1114.6099853515625,1121.9000244140625,0.06,7.52,BAJO,,,,,,,,,,,,,,NONE,0.6536,1.6118,0.0148,0.062928,3.3806,-0.0849,76.74,,999,,,none,,,,,,,,,,1.2823,0.6956,2.9348,4.9817,5.6021,9.1096,1119.59,1119.59,,-0.3162,-0.3162,
^IBEX,19997.099609375,19997.0996,2026-09-08,False,19810.400390625,20019.400390625,-0.12,10.94,BAJO,,,,,,,,,,,,,,NONE,0.6536,1.6118,0.0148,0.062928,3.3806,-0.0849,76.74,,999,,,none,,,,,,,,,,0.8732,-0.2967,3.1592,9.3329,9.3741,12.4331,20204.4004,20213.5996,,-1.026,-1.0711,
FTSEMIB.MI,52177.0,52177.0,2026-09-07,False,51751.0,52219.0,-0.1,25.97,BAJO,,,,,,,,,,,,,,YAHOO,0.6536,1.6118,0.0148,0.062928,3.3806,-0.0849,76.74,,999,,,none,,,,,,,,,,0.5047,-1.03,-0.8306,3.3106,8.0725,12.651,53699.0,53717.0,53717.0,-2.8343,-2.8669,-2.8669
^SSMI,14057.6103515625,14057.6104,2026-09-08,False,14035.8798828125,14342.7099609375,-1.55,6.17,BAJO,,,,,,,,,,,,,,NONE,0.6536,1.6118,0.0148,0.062928,3.3806,-0.0849,76.74,,999,,,none,,,,,,,,,,-1.9336,-3.2198,-1.2468,3.9022,12.8934,10.0983,14542.9004,14633.7002,,-3.337,-3.9367,
^OMXC25,1883.8568115234375,1883.8568,2026-09-09,False,1878.087890625,1900.6595458984375,-1.34,8.73,BAJO,,,,,,,,,,,,,,NONE,0.6536,1.6118,0.0148,0.062928,3.3806,-0.0849,76.74,,999,,,none,,,,,,,,,,-0.741,-2.6466,0.6624,,11.4177,14.7457,1935.0699,1935.0699,,-2.6466,-2.6466,
^GSPTSE,35906.55859375,35906.5586,2026-09-09,False,35892.921875,36174.578125,-0.6,5.26,BAJO,,,,,,,,,,,,,,NONE,0.6536,1.6118,0.0148,0.062928,3.3806,-0.0849,76.74,,999,,,none,,,,,,,,,,0.2257,-2.8439,2.0058,4.344,17.8666,10.1114,36957.6016,36957.6016,,-2.8439,-2.8439,
^AXJO,8785.400390625,8785.4004,2026-09-10,False,8782.099609375,8911.400390625,-1.52,2.44,BAJO,,,,,,,,,,,,,,NONE,0.6536,1.6118,0.0148,0.062928,3.3806,-0.0849,76.74,,999,,,none,,,,,,,,,,-2.1496,-3.7512,-0.2622,-0.2113,11.6502,9.6536,9188.5,9271.5996,,-4.387,-5.244,
^MXX,64814.96875,64814.9688,2026-09-09,False,64682.05078125,65263.3203125,-0.39,0.01,BAJO,,,,,,,,,,,,,,NONE,0.6536,1.6118,0.0148,0.062928,3.3806,-0.0849,76.74,,999,,,none,,,,,,,,,,-0.1068,-2.079,-1.7554,-4.6201,9.1654,12.5998,66293.0703,68265.1094,,-2.2296,-5.054,
^BVSP,185629.046875,185629.0469,2026-09-09,False,0.0,0.0,-0.93,10.23,BAJO,,,,,,,,,,,,,,NONE,0.6536,1.6118,0.0148,0.062928,3.3806,-0.0849,76.74,,999,,,none,,,,,,,,,,3.2862,6.3308,4.3645,8.2404,13.852,16.9763,187367.0,187367.0,,-0.9276,-0.9276,
HYG,79.12000274658203,79.12,2026-09-08,False,79.0999984741211,79.23999786376953,-0.05,4.71,BAJO,,,,,,,,,,,,,,YAHOO,0.6536,1.6118,0.0148,0.062928,3.3806,-0.0849,76.74,,999,,,none,,,,,,,,,,-0.3213,-0.1837,0.238,0.9686,1.3752,2.6829,79.4844,79.4844,79.4844,-0.4584,-0.4584,-0.4584
LQD,105.4800033569336,105.48,2026-09-08,False,105.31999969482422,105.7300033569336,0.0,-0.1,BAJO,,,,,,,,,,,,,,YAHOO,0.6536,1.6118,0.0148,0.062928,3.3806,-0.0849,76.74,,999,,,none,,,,,,,,,,-0.2704,-0.2422,-1.2335,-1.2074,1.3169,5.07,106.4133,108.3896,108.7168,-0.877,-2.6844,-2.9773
TLT,82.19999694824219,82.2,2026-09-08,False,81.93000030517578,82.45999908447266,-0.01,-3.29,BAJO,,,-4086.5,0.55,,,,,,,,,,YAHOO,0.6536,1.6118,0.0148,0.062928,3.3806,-0.0849,76.74,,999,,,none,,,,,,,,,,-0.0061,-0.0545,-1.9442,-1.7332,1.2872,9.4291,83.1514,86.4474,88.4493,-1.1442,-4.9133,-7.0654
GC=F,4443.5,4443.5,2026-09-09,False,4433.2001953125,4450.39990234375,1.13,5.22,BAJO,,,,,,,,,,,,,,NONE,0.6536,1.6118,0.0148,0.062928,3.3806,-0.0849,76.74,,999,,,none,,,,,,,,,,2.1964,-4.1957,8.2698,4.3075,30.7511,23.9576,4640.7998,4640.7998,,-4.2514,-4.2514,
HG=F,6.850500106811523,6.8505,2026-09-09,False,6.8495001792907715,6.869500160217285,1.65,9.61,BAJO,,,,,,,,,,,,,,NONE,0.6536,1.6118,0.0148,0.062928,3.3806,-0.0849,76.74,,999,,,none,,,,,,,,,,5.287,2.1015,9.8981,8.695,12.499,21.8888,6.8505,6.8505,,0.0,0.0,
CL=F,96.66000366210938,96.66,2026-09-09,False,96.51000213623047,97.79000091552734,3.9,10.51,BAJO,,,,,,,,,,,,,,NONE,0.6536,1.6118,0.0148,0.062928,3.3806,-0.0849,76.74,,999,,,none,,,,,,,,,,7.1381,17.3628,35.3592,9.5918,27.3378,50.6501,96.66,96.66,,0.0,0.0,
ZS=F,1307.75,1307.75,2026-09-09,False,1307.25,1310.25,0.4,18.33,BAJO,,,,,,,,,,,,,,NONE,0.6536,1.6118,0.0148,0.062928,3.3806,-0.0849,76.74,,999,,,none,,,,,,,,,,0.0765,6.4943,9.298,17.4186,11.5943,19.3035,1307.75,1307.75,,0.0,0.0,
ZC=F,527.25,527.25,2026-09-09,False,526.75,528.5,3.18,26.6,BAJO,,,,,,,,,,,,,,NONE,0.6536,1.6118,0.0148,0.062928,3.3806,-0.0849,76.74,,999,,,none,,,,,,,,,,1.1026,5.3447,20.3767,25.6853,29.4127,25.9147,527.25,527.25,,0.0,0.0,
BTC-USD,78162.7734375,78162.7734,2026-09-10,False,78109.9921875,78329.4375,-0.35,-30.49,BAJO,1568614907904.0,,,,,,,,,,,,,YAHOO,0.6536,1.6118,0.0148,0.062928,3.3806,-0.0849,76.74,,999,,,none,,,,,,,,,,-1.8943,0.6376,22.3048,25.5474,14.6758,33.1435,81271.7422,81271.7422,96929.3281,-3.8254,-3.8254,-19.3611
ETH-USD,2464.8701171875,2464.8701,2026-09-10,False,2463.812255859375,2469.8505859375,-0.81,-42.41,BAJO,300850085888.0,,,,,,,,,,,,,YAHOO,0.6536,1.6118,0.0148,0.062928,3.3806,-0.0849,76.74,,999,,,none,,,,,,,,,,0.358,1.941,29.1509,41.4415,16.7783,49.9847,2515.2817,2515.2817,3354.7227,-2.0042,-2.0042,-26.5254
IBIT,44.38999938964844,44.39,2026-09-08,False,43.90999984741211,44.709999084472656,-1.86,-29.4,BAJO,,,,,,,,,,,,,,YAHOO,0.6536,1.6118,0.0148,0.062928,3.3806,-0.0849,76.74,,999,,,none,,,,,,,,,,-0.6268,-0.56,23.9598,23.6835,59.9573,38.8669,46.35,46.35,71.29,-4.2287,-4.2287,-37.7332
SPY,765.9600219726562,765.96,2026-09-08,False,765.1400146484375,769.7000122070312,-0.55,20.28,BAJO,,24.63,,1.78,,,,,,,,,,YAHOO,0.6536,1.6118,0.0148,0.062928,3.3806,-0.0849,76.74,,999,,,none,,,,,,,,,,-0.1421,0.3261,1.8957,3.8843,11.8286,12.3536,777.88,777.88,777.88,-1.5324,-1.5324,-1.5324
QQQ,718.3599853515625,718.36,2026-09-08,False,715.5700073242188,721.8900146484375,-0.08,25.61,BAJO,,29.2,,2.0,,,,,,,,,,YAHOO,0.6536,1.6118,0.0148,0.062928,3.3806,-0.0849,76.74,,999,,,none,,,,,,,,,,0.2232,1.7046,-0.6802,0.43,8.8499,22.9869,732.07,743.1833,745.3409,-1.8728,-3.3401,-3.6199
DIA,528.030029296875,528.03,2026-09-08,False,527.3499755859375,530.3900146484375,-1.13,18.43,BAJO,,21.28,,,,,,,,,,,,YAHOO,0.6536,1.6118,0.0148,0.062928,3.3806,-0.0849,76.74,,999,,,none,,,,,,,,,,-0.6659,-1.0531,0.8447,4.156,16.5826,11.3552,537.4644,542.3603,542.3603,-1.7553,-2.6422,-2.6422
IWM,294.6700134277344,294.67,2026-09-08,False,294.260009765625,296.1000061035156,-0.45,25.88,BAJO,,17.11,,1.33,,,,,,,,,,YAHOO,0.6536,1.6118,0.0148,0.062928,3.3806,-0.0849,76.74,,999,,,none,,,,,,,,,,0.2518,-1.1075,-0.8646,3.9635,10.639,13.6586,305.09,305.09,305.09,-3.4154,-3.4154,-3.4154
GLD,399.7200012207031,399.72,2026-09-08,False,399.4800109863281,404.2799987792969,-1.73,20.3,BAJO,,,,2.37,,,,,,,,,,YAHOO,0.6536,1.6118,0.0148,0.062928,3.3806,-0.0849,76.74,,999,,,none,,,,,,,,,,-2.1302,-6.3207,5.6957,0.6167,27.9138,25.4977,428.07,428.07,495.9,-6.6227,-6.6227,-19.395
SLV,59.369998931884766,59.37,2026-09-08,False,59.209999084472656,60.150001525878906,-0.75,59.19,BAJO,,,,,,,,,,,,,,YAHOO,0.6536,1.6118,0.0148,0.062928,3.3806,-0.0849,76.74,,999,,,none,,,,,,,,,,-1.2639,-4.5498,9.6601,-3.5888,29.8887,41.1855,62.77,63.47,105.6,-5.4166,-6.4597,-43.7784
XLY,113.98999786376953,113.99,2026-09-08,False,113.75,114.62999725341797,-0.8,-1.74,BAJO,,24.58,,,,,,,,,,,,YAHOO,0.6536,1.6118,0.0148,0.062928,3.3806,-0.0849,76.74,,999,,,none,,,,,,,,,,-2.23,-3.6433,-2.4476,-1.0164,19.1047,21.1699,119.24,119.86,124.0232,-4.4029,-4.8974,-8.0898
XLV,167.1300048828125,167.13,2026-09-08,False,166.94000244140625,168.75,-2.52,24.27,BAJO,,29.76,,,,,,,,,,,,YAHOO,0.6536,1.6118,0.0148,0.062928,3.3806,-0.0849,76.74,,999,,,none,,,,,,,,,,-1.9995,-4.3331,3.0585,9.9686,22.9796,19.8092,175.68,175.68,175.68,-4.8668,-4.8668,-4.8668
XLRE,43.900001525878906,43.9,2026-09-08,False,43.6609992980957,44.2599983215332,-0.07,9.3,BAJO,,30.94,,,,,,,,,,,,YAHOO,0.6536,1.6118,0.0148,0.062928,3.3806,-0.0849,76.74,,999,,,none,,,,,,,,,,-0.4761,-3.1546,-0.7461,0.5785,14.239,14.7131,45.36,46.01,46.01,-3.2187,-4.586,-4.586
XLK,187.8699951171875,187.87,2026-09-08,False,187.02000427246094,189.0800018310547,0.32,43.54,BAJO,,33.26,,,,,,,,,,,,YAHOO,0.6536,1.6118,0.0148,0.062928,3.3806,-0.0849,76.74,,999,,,none,,,,,,,,,,0.7346,4.3432,1.3596,2.1251,8.9466,31.3212,190.77,192.15,197.974,-1.5202,-2.2274,-5.1037
XLI,174.4199981689453,174.42,2026-09-08,False,174.27000427246094,175.7100067138672,-0.48,17.7,BAJO,,27.89,,1.75,,,,,,,,,,YAHOO,0.6536,1.6118,0.0148,0.062928,3.3806,-0.0849,76.74,,999,,,none,,,,,,,,,,-0.4054,-2.5587,-3.6939,0.7021,10.1326,16.442,186.51,186.51,186.51,-6.4822,-6.4822,-6.4822
XLF,57.29999923706055,57.3,2026-09-08,False,57.2599983215332,57.81999969482422,-1.38,10.48,BAJO,,16.18,,1.68,,,,,,,,,,YAHOO,0.6536,1.6118,0.0148,0.062928,3.3806,-0.0849,76.74,,999,,,none,,,,,,,,,,-0.7104,-1.5802,3.1689,10.6421,21.6612,13.0562,58.56,58.56,58.56,-2.1516,-2.1516,-2.1516
XLE,64.7699966430664,64.77,2026-09-08,False,64.30999755859375,65.23999786376953,1.11,54.17,BAJO,,18.12,,1.25,,,,,,,,,,YAHOO,0.6536,1.6118,0.0148,0.062928,3.3806,-0.0849,76.74,,999,,,none,,,,,,,,,,1.2664,2.6303,18.1503,11.8414,15.2885,22.1412,65.1,65.1,65.1,-0.5069,-0.5069,-0.5069
XLC,111.5199966430664,111.52,2026-09-08,False,110.96499633789062,111.80500030517578,-0.46,-0.74,BAJO,,15.29,,,,,,,,,,,,YAHOO,0.6536,1.6118,0.0148,0.062928,3.3806,-0.0849,76.74,,999,,,none,,,,,,,,,,0.0538,-0.7123,0.9139,0.6482,18.7698,20.3087,113.38,113.38,119.3874,-1.6405,-1.6405,-6.5898
XLB,51.939998626708984,51.94,2026-09-08,False,51.939998626708984,52.58000183105469,-0.95,15.83,BAJO,,23.98,,0.65,,,,,,,,,,YAHOO,0.6536,1.6118,0.0148,0.062928,3.3806,-0.0849,76.74,,999,,,none,,,,,,,,,,-1.4234,-3.0608,3.3426,4.3519,18.9115,17.4111,53.67,53.67,53.67,-3.2234,-3.2234,-3.2234
XLP,84.0199966430664,84.02,2026-09-08,False,83.80999755859375,84.56999969482422,-0.66,8.09,BAJO,,24.57,,1.22,,,,,,,,,,YAHOO,0.6536,1.6118,0.0148,0.062928,3.3806,-0.0849,76.74,,999,,,none,,,,,,,,,,-1.1297,-3.9222,0.9856,1.8454,7.9828,17.0637,87.45,87.45,88.8894,-3.9222,-3.9222,-5.4781
XLU,43.45000076293945,43.45,2026-09-08,False,43.040000915527344,43.709999084472656,0.86,9.03,BAJO,,19.33,,0.67,,,,,,,,,,YAHOO,0.6536,1.6118,0.0148,0.062928,3.3806,-0.0849,76.74,,999,,,none,,,,,,,,,,2.8889,0.5322,-3.7226,0.4767,6.1554,14.4225,44.31,46.29,47.0979,-1.9409,-6.1352,-7.7453
PSQ,25.780000686645508,25.78,2026-09-08,False,25.670000076293945,25.889999389648438,0.04,-16.6,BAJO,,,,,,,,,,,,,,YAHOO,0.6536,1.6118,0.0148,0.062928,3.3806,-0.0849,76.74,,999,,,none,,,,,,,,,,-0.1162,-1.5279,1.0584,-0.1588,9.2405,22.9283,26.18,27.91,33.0172,-1.5279,-7.6317,-21.9194
EWZ,38.61000061035156,38.61,2026-09-08,False,38.4900016784668,39.099998474121094,1.98,37.3,BAJO,,11.07,,1.04,,,,,,,,,,YAHOO,0.6536,1.6118,0.0148,0.062928,3.3806,-0.0849,76.74,,999,,,none,,,,,,,,,,7.1607,9.7811,10.4405,15.6948,34.3606,21.9537,38.61,38.61,41.3365,0.0,0.0,-6.5958
FXI,35.0,35.0,2026-09-08,False,34.91999816894531,35.15999984741211,-2.45,-8.71,BAJO,,9.15,,,,,,,,,,,,YAHOO,0.6536,1.6118,0.0148,0.062928,3.3806,-0.0849,76.74,,999,,,none,,,,,,,,,,-1.0461,-1.5471,4.7591,1.6805,27.1494,18.7607,35.88,36.52,40.9939,-2.4526,-4.1621,-14.6214
COPX,94.37999725341797,94.38,2026-09-08,False,93.5199966430664,95.80999755859375,4.1,89.4,BAJO,,17.52,,,,,,,,,,,,YAHOO,0.6536,1.6118,0.0148,0.062928,3.3806,-0.0849,76.74,,999,,,none,,,,,,,,,,1.6369,-0.1587,25.1724,16.4974,31.6696,43.8999,96.45,96.45,96.45,-2.1462,-2.1462,-2.1462
URA,47.5,47.5,2026-09-08,False,46.650001525878906,48.31999969482422,3.13,20.75,BAJO,,29.51,,,,,,,,,,,,YAHOO,0.6536,1.6118,0.0148,0.062928,3.3806,-0.0849,76.74,,999,,,none,,,,,,,,,,4.3727,3.9615,12.1606,3.4408,21.0287,43.949,48.37,48.37,61.81,-1.7986,-1.7986,-23.1516
ARKK,86.08000183105469,86.08,2026-09-08,False,85.20999908447266,86.77999877929688,-0.16,13.98,BAJO,,54.58,,,,,,,,,,,,YAHOO,0.6536,1.6118,0.0148,0.062928,3.3806,-0.0849,76.74,,999,,,none,,,,,,,,,,0.596,2.5739,5.5808,13.4423,39.0661,38.2982,87.38,87.38,92.53,-1.4877,-1.4877,-6.9707
ITA,223.52999877929688,223.53,2026-09-08,False,223.27999877929688,226.4199981689453,-0.92,14.58,BAJO,,33.31,,,,,,,,,,,,YAHOO,0.6536,1.6118,0.0148,0.062928,3.3806,-0.0849,76.74,,999,,,none,,,,,,,,,,-2.1108,-4.2288,-6.7148,-1.5722,15.6701,21.8633,253.22,253.22,253.22,-11.725,-11.725,-11.725
SMH,573.72998046875,573.73,2026-09-08,False,572.0,580.5700073242188,1.19,95.0,BAJO,,39.22,,,,,,,,,,,,YAHOO,0.6536,1.6118,0.0148,0.062928,3.3806,-0.0849,76.74,,999,,,none,,,,,,,,,,3.0721,4.925,-5.5946,-4.0842,14.981,48.1034,594.07,668.91,668.91,-3.4238,-14.2291,-14.2291
EEM,68.83000183105469,68.83,2026-09-08,False,68.72000122070312,69.12999725341797,0.19,38.76,BAJO,,14.57,,,,,,,,,,,,YAHOO,0.6536,1.6118,0.0148,0.062928,3.3806,-0.0849,76.74,,999,,,none,,,,,,,,,,2.7007,4.1144,3.0698,5.2285,11.493,28.2325,68.83,71.21,71.21,0.0,-3.3422,-3.3422
AAPL,316.2200012207031,316.22,2026-09-08,False,314.8999938964844,320.70001220703125,-1.17,34.34,BAJO,4602128760832.0,36.12,32.92,42.85,148.75,27.08,32.62,27.62,2.34,27.53,0.78,1.0,8.0,YAHOO,0.6536,1.6118,0.0148,0.062928,3.3806,-0.0849,76.74,2026-10-29,50,,,yahoo,1.0,1.0,1.0,0.0,1.0,1.0,1.0,1.0,1.0,-0.1988,1.8947,0.0862,4.9588,23.9171,31.7925,328.21,339.7869,339.7869,-3.6531,-6.9358,-6.9358
MSFT,493.95001220703125,493.95,2026-09-08,False,490.1499938964844,495.19000244140625,-1.15,0.88,BAJO,3650769387520.0,27.42,20.86,8.25,34.04,14.09,45.11,40.3,0.45,19.06,0.29,1.23,6.0,YAHOO,0.6536,1.6118,0.0148,0.062928,3.3806,-0.0849,76.74,2026-10-28,49,,,yahoo,1.0,1.0,1.0,1.0,1.0,0.0,1.0,0.0,0.0,-2.6297,1.3626,28.7543,20.1923,32.927,44.4175,513.53,513.53,537.6464,-3.8128,-3.8128,-8.1273
NVDA,225.72999572753906,225.73,2026-09-08,False,224.85000610351562,233.7100067138672,-2.01,35.21,BAJO,5400959123456.0,28.31,14.41,23.59,117.21,53.57,66.24,63.66,0.77,26.91,0.17,4.59,4.0,YAHOO,0.6536,1.6118,0.0148,0.062928,3.3806,-0.0849,76.74,2026-11-17,69,2026-08-26,14.0,yahoo,1.0,0.0,1.0,0.0,1.0,0.0,1.0,0.0,0.0,2.242,8.2742,11.3177,8.1911,35.0007,41.2302,230.36,230.36,235.4656,-2.0099,-2.0099,-4.1346
META,613.47998046875,613.48,2026-09-08,False,609.739990234375,624.7999877929688,-0.53,-17.27,BAJO,1665279328256.0,24.61,18.7,6.38,29.85,14.59,34.83,29.83,1.29,15.39,0.43,2.23,5.0,YAHOO,0.6536,1.6118,0.0148,0.062928,3.3806,-0.0849,76.74,2026-10-28,49,,,yahoo,1.0,0.0,1.0,1.0,0.0,0.0,1.0,1.0,0.0,7.188,9.742,-2.8504,4.8956,25.2783,46.4572,616.77,681.31,777.7011,-0.5334,-9.9558,-21.1162
GOOGL,338.3599853515625,338.36,2026-09-08,False,333.2200012207031,339.67999267578125,-0.03,45.86,BAJO,4043827838976.0,16.59,22.26,6.5,48.68,12.96,34.03,54.77,0.56,22.75,0.19,2.72,6.0,YAHOO,0.6536,1.6118,0.0148,0.062928,3.3806,-0.0849,76.74,2026-10-28,49,,,yahoo,1.0,0.0,1.0,1.0,0.0,1.0,1.0,1.0,0.0,-0.2276,-2.7244,-5.6598,-6.8076,18.017,36.751,347.8364,377.4074,402.1212,-2.7244,-10.3462,-15.8562
AMZN,256.9700012207031,256.97,2026-09-08,False,254.75,257.989990234375,-0.6,9.87,BAJO,2722465316864.0,20.29,24.27,4.93,30.56,6.59,13.69,17.44,0.12,16.88,0.46,1.03,6.0,YAHOO,0.6536,1.6118,0.0148,0.062928,3.3806,-0.0849,76.74,2026-10-29,50,,,yahoo,1.0,1.0,1.0,1.0,1.0,0.0,0.0,1.0,0.0,-1.0779,-1.946,4.0196,4.7916,14.7094,44.8514,272.27,284.02,284.02,-5.6194,-9.524,-9.524
TSLA,368.1600036621094,368.16,2026-09-08,False,355.75,370.0,3.98,7.2,BAJO,1452683034624.0,343.75,170.39,16.72,4.67,1.93,1.41,3.67,0.33,132.58,0.18,1.94,5.0,YAHOO,0.6536,1.6118,0.0148,0.062928,3.3806,-0.0849,76.74,2026-10-21,42,,,yahoo,1.0,0.0,1.0,1.0,0.0,1.0,0.0,1.0,0.0,0.0571,5.5051,-9.4429,-9.9743,80.3573,57.8716,376.37,425.3,489.88,-2.1814,-13.4352,-24.8469
MSTR,136.52000427246094,136.52,2026-09-08,False,135.3800048828125,139.30999755859375,-4.4,-57.7,BAJO,52719276032.0,,2.68,1.6,-63.56,-38.73,-6808.11,0.0,-42.84,-1.96,0.15,5.39,3.0,YAHOO,0.6536,1.6118,0.0148,0.062928,3.3806,-0.0849,76.74,2026-10-29,50,,,yahoo,0.0,0.0,0.0,1.0,1.0,1.0,0.0,0.0,0.0,2.6929,11.3268,45.4042,7.327,159.88,90.5765,144.82,144.82,359.69,-5.7313,-5.7313,-62.0451
PLTR,170.3000030517578,170.3,2026-09-08,False,170.0,175.82000732421875,-2.31,10.01,BAJO,407390486528.0,143.67,72.89,41.67,38.1,17.29,47.12,49.01,0.53,149.59,0.02,7.23,8.0,YAHOO,0.6536,1.6118,0.0148,0.062928,3.3806,-0.0849,76.74,2026-11-02,54,,,yahoo,1.0,1.0,1.0,1.0,1.0,1.0,0.0,1.0,1.0,-8.6275,-3.1781,31.9746,24.7893,97.3389,83.1019,186.38,186.38,207.18,-8.6275,-8.6275,-17.8009
SNOW,335.5,335.5,2026-09-08,False,331.7699890136719,341.13800048828125,-0.5,49.03,BAJO,116946149376.0,,111.02,54.35,-48.06,-9.02,-17.0,-20.07,1.49,-114.5,1.29,0.94,5.0,YAHOO,0.6536,1.6118,0.0148,0.062928,3.3806,-0.0849,76.74,2026-12-02,84,2026-09-02,7.0,yahoo,0.0,0.0,1.0,1.0,1.0,0.0,0.0,1.0,1.0,1.228,3.9408,25.4253,39.53,162.0903,52.8787,356.47,356.47,356.47,-5.8827,-5.8827,-5.8827
CRWD,210.02000427246094,210.02,2026-09-08,False,205.39999389648438,211.67999267578125,-1.45,97.17,BAJO,212773666816.0,5195.0,129.51,41.7,1.46,-0.78,-2.26,0.83,0.94,1973.51,0.16,1.57,4.0,YAHOO,0.6536,1.6118,0.0148,0.062928,3.3806,-0.0849,76.74,2026-12-01,83,2026-08-26,14.0,yahoo,0.0,0.0,1.0,1.0,1.0,1.0,0.0,0.0,0.0,-9.0822,10.1427,5.8569,27.5186,72.9604,69.0228,231.0,231.0,231.0,-9.0822,-9.0822,-9.0822
PANW,336.9800109863281,336.98,2026-09-08,False,325.32000732421875,339.3999938964844,1.12,71.64,BAJO,273106501632.0,291.39,68.69,9.85,1.74,1.75,5.04,2.67,1.64,147.63,0.09,0.87,5.0,YAHOO,0.6536,1.6118,0.0148,0.062928,3.3806,-0.0849,76.74,2026-11-19,71,2026-09-01,8.0,yahoo,1.0,0.0,1.0,1.0,1.0,1.0,0.0,0.0,0.0,-11.8153,-3.9669,-0.3931,26.5273,80.6328,58.4965,396.0,396.0,396.0,-14.904,-14.904,-14.904
ADBE,257.260009765625,257.26,2026-09-08,False,254.25,262.80999755859375,-3.47,-27.36,BAJO,101306851328.0,14.59,9.27,8.83,62.95,19.93,35.33,28.69,9.1,10.56,0.61,0.75,7.0,YAHOO,0.6536,1.6118,0.0148,0.062928,3.3806,-0.0849,76.74,2026-09-10,1,,,yahoo,1.0,1.0,1.0,1.0,0.0,0.0,1.0,1.0,1.0,-12.135,-6.8809,15.5446,5.0084,58.2349,48.3071,292.79,292.79,367.46,-12.135,-12.135,-29.9897
CRM,249.1199951171875,249.12,2026-09-08,False,245.88999938964844,254.0,-3.9,0.5,BAJO,200943681536.0,22.38,15.25,5.24,19.38,5.7,21.38,21.99,8.82,17.98,1.1,0.84,7.0,YAHOO,0.6536,1.6118,0.0148,0.062928,3.3806,-0.0849,76.74,2026-12-02,84,2026-08-26,14.0,yahoo,1.0,1.0,1.0,1.0,0.0,0.0,1.0,1.0,1.0,-3.2694,19.162,53.3046,36.8189,45.7427,62.7759,264.43,264.43,264.8822,-5.7898,-5.7898,-5.9506
MU,1000.260009765625,1000.26,2026-09-08,False,997.6199951171875,1041.0699462890625,-1.61,663.02,BAJO,1160756461568.0,23.25,6.63,11.52,66.64,34.87,80.37,55.91,0.66,16.27,0.06,3.42,7.0,YAHOO,0.6536,1.6118,0.0148,0.062928,3.3806,-0.0849,76.74,2026-09-30,21,,,yahoo,1.0,1.0,1.0,1.0,1.0,0.0,0.0,1.0,1.0,4.3318,9.8668,0.8693,5.3866,52.6271,96.3908,1016.59,1213.3734,1213.3734,-1.6064,-17.5637,-17.5637
INTC,104.47000122070312,104.47,2026-09-08,False,100.3499984741211,106.08999633789062,9.05,327.67,BAJO,561595809792.0,,52.01,6.12,-10.71,1.41,12.19,-19.79,0.87,33.98,0.49,1.6,6.0,YAHOO,0.6536,1.6118,0.0148,0.062928,3.3806,-0.0849,76.74,2026-10-22,43,,,yahoo,0.0,1.0,1.0,1.0,1.0,1.0,0.0,1.0,0.0,16.7132,19.7227,-7.1708,-5.2598,56.7092,77.2831,104.56,140.94,140.94,-0.0861,-25.8763,-25.8763
AMAT,472.7900085449219,472.79,2026-09-08,False,458.1499938964844,472.8900146484375,3.98,194.28,BAJO,372078149632.0,40.49,25.38,14.52,41.07,15.48,33.74,30.05,0.83,36.76,0.29,2.42,6.0,YAHOO,0.6536,1.6118,0.0148,0.062928,3.3806,-0.0849,76.74,2026-11-12,64,2026-08-13,27.0,yahoo,1.0,0.0,1.0,1.0,0.0,1.0,1.0,1.0,0.0,3.1414,-2.3544,-19.5978,-3.8349,44.2361,80.3423,547.5645,722.2277,722.2277,-13.6558,-34.5373,-34.5373
TXN,258.9200134277344,258.92,2026-09-08,False,256.4599914550781,261.8999938964844,0.19,43.86,BAJO,238896463872.0,39.76,24.57,13.26,35.18,13.06,42.58,31.11,1.48,25.58,0.78,4.86,7.0,YAHOO,0.6536,1.6118,0.0148,0.062928,3.3806,-0.0849,76.74,2026-10-27,48,,,yahoo,1.0,1.0,1.0,1.0,0.0,1.0,1.0,0.0,1.0,-0.7627,-0.0077,-15.6498,-10.5377,14.7862,45.4185,282.91,330.5874,330.5874,-8.4797,-21.6788,-21.6788
TSM,439.0,439.0,2026-09-08,False,433.7200012207031,444.2900085449219,2.35,80.47,BAJO,2257983111168.0,32.2,19.86,89.09,39.97,19.0,60.34,49.92,32.37,4.99,0.17,2.46,9.0,YAHOO,0.6536,1.6118,0.0148,0.062928,3.3806,-0.0849,76.74,2026-10-15,36,,,yahoo,1.0,1.0,1.0,1.0,1.0,1.0,1.0,1.0,1.0,5.7016,7.0418,0.4669,3.0994,20.787,45.8273,439.0,477.57,477.57,0.0,-8.0763,-8.0763
AMD,505.739990234375,505.74,2026-09-08,False,486.57000732421875,512.3599853515625,5.9,234.93,BAJO,850674515968.0,132.26,33.59,12.65,10.2,5.13,17.25,15.58,1.04,88.04,0.06,2.61,7.0,YAHOO,0.6536,1.6118,0.0148,0.062928,3.3806,-0.0849,76.74,2026-11-03,55,,,yahoo,1.0,1.0,1.0,1.0,0.0,1.0,0.0,1.0,1.0,7.4397,10.7258,-7.4956,3.1428,52.6186,71.8019,514.39,580.91,580.91,-1.6816,-12.94,-12.94
ASML,1764.8499755859375,1764.85,2026-09-08,False,1743.0899658203125,1790.0,2.91,124.02,BAJO,664308613120.0,58.69,28.76,1454.34,53.94,16.45,37.06,30.11,1.27,2735.72,0.09,1.33,8.0,YAHOO,0.6536,1.6118,0.0148,0.062928,3.3806,-0.0849,76.74,2026-10-14,35,,,yahoo,1.0,1.0,1.0,1.0,1.0,0.0,1.0,1.0,1.0,4.0589,1.4206,-2.0572,1.0344,43.6277,49.9343,1883.12,1986.8704,1986.8704,-6.2805,-11.1744,-11.1744
MRVL,225.41000366210938,225.41,2026-09-08,False,222.52999877929688,231.88999938964844,0.83,243.17,BAJO,211204571136.0,77.82,34.97,11.3,16.52,4.12,16.68,27.93,1.14,72.78,0.29,3.17,8.0,YAHOO,0.6536,1.6118,0.0148,0.062928,3.3806,-0.0849,76.74,2026-12-01,83,2026-08-27,13.0,yahoo,1.0,1.0,1.0,0.0,1.0,1.0,1.0,1.0,1.0,6.4963,-1.6922,-7.3188,-21.9437,59.6149,92.8813,251.01,310.5034,316.352,-10.1988,-27.405,-28.7471
QCOM,174.08999633789062,174.09,2026-09-08,False,172.0399932861328,183.49000549316406,3.17,11.82,BAJO,188405858304.0,20.14,17.26,6.74,33.75,11.61,18.53,21.01,5.44,16.02,0.55,2.02,6.0,YAHOO,0.6536,1.6118,0.0148,0.062928,3.3806,-0.0849,76.74,2026-10-29,50,,,yahoo,1.0,0.0,1.0,1.0,0.0,1.0,1.0,0.0,1.0,2.6733,10.4129,-8.4101,-19.6228,25.7973,48.5802,174.09,224.886,248.7425,0.0,-22.5875,-30.012
COIN,178.94000244140625,178.94,2026-09-08,False,178.3300018310547,182.25,-3.09,-39.87,BAJO,46097588224.0,,63.82,3.52,-7.85,1.12,-13.92,-16.34,5.79,62.86,0.51,2.42,4.0,YAHOO,0.6536,1.6118,0.0148,0.062928,3.3806,-0.0849,76.74,2026-10-29,50,,,yahoo,1.0,0.0,1.0,1.0,0.0,1.0,0.0,0.0,0.0,-4.8799,-0.3009,12.9387,10.3818,104.5445,72.9493,192.7,192.7,387.27,-7.1406,-7.1406,-53.7945
SHOP,134.10000610351562,134.1,2026-09-08,False,132.60000610351562,141.8000030517578,-7.57,-7.37,BAJO,164529635328.0,85.67,51.55,12.89,15.54,10.19,17.55,14.53,0.97,70.05,0.01,5.35,5.0,YAHOO,0.6536,1.6118,0.0148,0.062928,3.3806,-0.0849,76.74,2026-11-03,55,,,yahoo,1.0,0.0,1.0,1.0,0.0,1.0,0.0,0.0,1.0,-9.0045,-10.4806,8.8739,21.0507,73.4083,63.4273,158.53,158.53,179.01,-15.4103,-15.4103,-25.088
RBLX,44.81999969482422,44.82,2026-09-08,False,43.18000030517578,45.7599983215332,3.49,-64.2,BAJO,31804016640.0,,-36.85,209.01,-432.28,-7.73,-13.27,-17.61,4.64,-36.28,14.23,0.82,6.0,YAHOO,0.6536,1.6118,0.0148,0.062928,3.3806,-0.0849,76.74,2026-10-29,50,,,yahoo,0.0,1.0,1.0,1.0,1.0,0.0,0.0,1.0,1.0,8.5493,15.6347,-20.5742,5.9574,27.2742,83.8027,44.82,57.95,141.56,0.0,-22.6575,-68.3385
UBER,73.12999725341797,73.13,2026-09-08,False,72.71499633789062,75.61499786376953,-3.47,-21.58,BAJO,145185177600.0,15.59,16.14,5.31,37.16,6.88,13.32,17.34,4.99,20.82,0.52,0.84,6.0,YAHOO,0.6536,1.6118,0.0148,0.062928,3.3806,-0.0849,76.74,2026-11-03,55,,,yahoo,1.0,0.0,1.0,1.0,0.0,1.0,1.0,1.0,0.0,-3.3311,-7.769,-1.6409,4.382,33.3022,42.9716,80.35,80.35,100.1,-8.9857,-8.9857,-26.9431
HPQ,31.170000076293945,31.17,2026-09-08,False,30.889999389648438,32.34000015258789,-4.5,12.56,BAJO,29209010176.0,12.36,10.31,-317.55,,5.63,5.4,4.14,11.61,7.39,,0.79,5.0,YAHOO,0.6536,1.6118,0.0148,0.062928,3.3806,-0.0849,76.74,2026-11-24,76,2026-08-26,14.0,yahoo,1.0,0.0,1.0,1.0,0.0,1.0,1.0,0.0,0.0,3.8308,9.0623,29.1753,24.3085,50.042,46.4634,32.64,32.64,32.64,-4.5037,-4.5037,-4.5037
BIDU,92.55000305175781,92.55,2026-09-08,False,90.54000091552734,92.62000274658203,-6.96,-13.9,BAJO,31427338240.0,,11.9,0.77,-1.39,1.2,9.65,-2.9,,0.06,0.38,2.33,2.0,YAHOO,0.6536,1.6118,0.0148,0.062928,3.3806,-0.0849,76.74,2026-11-18,70,2026-08-18,22.0,yahoo,1.0,0.0,0.0,0.0,0.0,0.0,1.0,0.0,0.0,-2.8652,0.4014,-21.2407,-22.2922,74.3823,46.6911,105.94,117.94,162.52,-12.6392,-21.5279,-43.0532
SPOT,528.6400146484375,528.64,2026-09-08,False,526.3599853515625,538.8670043945312,-2.54,-25.49,BAJO,107520540672.0,28.27,28.99,10.98,44.48,12.19,13.71,18.43,1.43,37.65,0.06,2.11,5.0,YAHOO,0.6536,1.6118,0.0148,0.062928,3.3806,-0.0849,76.74,2026-11-03,55,,,yahoo,1.0,1.0,1.0,1.0,0.0,0.0,0.0,1.0,0.0,-2.7556,-1.7105,8.8005,5.0703,43.3194,38.4246,560.11,560.11,738.53,-5.6185,-5.6185,-28.42
AVGO,368.55999755859375,368.56,2026-09-08,False,362.739990234375,372.70001220703125,2.98,8.32,BAJO,1733567184896.0,46.42,18.8,17.42,44.25,15.3,54.31,42.94,1.76,34.04,0.6,2.5,8.0,YAHOO,0.6536,1.6118,0.0148,0.062928,3.3806,-0.0849,76.74,2026-12-09,91,2026-09-02,7.0,yahoo,1.0,1.0,1.0,1.0,1.0,1.0,0.0,1.0,1.0,-0.4806,2.7316,-8.115,-6.923,37.6462,43.9255,417.82,427.76,480.8091,-11.7898,-13.8395,-23.3459
ACN,179.02999877929688,179.03,2026-09-08,False,177.0399932861328,184.35000610351562,-4.12,-27.59,BAJO,107579416576.0,14.05,12.0,3.37,24.41,10.9,16.96,10.66,11.24,8.3,0.25,1.34,5.0,YAHOO,0.6536,1.6118,0.0148,0.062928,3.3806,-0.0849,76.74,2026-10-01,22,,,yahoo,1.0,0.0,1.0,1.0,0.0,1.0,1.0,0.0,0.0,-5.6545,-4.0208,28.743,3.8713,50.8219,60.8855,193.12,193.12,282.7142,-7.296,-7.296,-36.6746
NFLX,76.7699966430664,76.77,2026-09-08,False,75.91999816894531,77.7300033569336,-1.89,-37.41,BAJO,316584329216.0,23.91,19.9,10.5,49.54,16.08,33.38,28.22,8.02,22.22,0.55,1.14,7.0,YAHOO,0.6536,1.6118,0.0148,0.062928,3.3806,-0.0849,76.74,2026-10-20,41,,,yahoo,1.0,1.0,1.0,0.0,1.0,0.0,1.0,1.0,1.0,-5.2807,-4.0495,1.7225,-7.1031,51.6235,38.6629,82.73,82.73,126.325,-7.2042,-7.2042,-39.2282
NIO,3.7899999618530273,3.79,2026-09-08,False,3.7200000286102295,3.8499999046325684,-0.26,-37.66,BAJO,9270968320.0,,28.44,14.79,-45.32,-2.02,-1.08,-4.17,,1.63,2.03,1.02,6.0,YAHOO,0.6536,1.6118,0.0148,0.062928,3.3806,-0.0849,76.74,2026-11-24,76,2026-09-01,8.0,yahoo,0.0,1.0,1.0,1.0,1.0,0.0,0.0,1.0,1.0,-10.4019,-13.0734,-20.7113,-30.4587,35.9464,36.0724,4.63,5.21,7.89,-18.1426,-27.2553,-51.9645
BABA,112.66000366210938,112.66,2026-09-08,False,111.26799774169922,113.11499786376953,-0.51,-18.57,BAJO,271927214080.0,24.7,11.78,1.63,6.36,1.56,7.29,7.04,-30.39,2.02,0.24,1.36,3.0,YAHOO,0.6536,1.6118,0.0148,0.062928,3.3806,-0.0849,76.74,2026-11-24,76,2026-08-20,20.0,yahoo,1.0,0.0,1.0,0.0,0.0,0.0,1.0,0.0,0.0,-1.1928,-4.9042,1.3676,-5.3097,15.1748,44.7288,130.53,132.32,187.6169,-13.6903,-14.8579,-39.9521
PDD,79.75,79.75,2026-09-08,False,79.27999877929688,81.38999938964844,-2.99,-35.3,BAJO,111893200896.0,8.48,6.33,1.66,22.75,10.01,24.71,20.43,66.7,-3.42,0.01,2.62,4.0,YAHOO,0.6536,1.6118,0.0148,0.062928,3.3806,-0.0849,76.74,2026-11-18,70,2026-08-24,16.0,yahoo,1.0,0.0,1.0,1.0,0.0,1.0,0.0,0.0,0.0,-5.0595,-8.407,-7.1379,-3.4737,24.1831,34.643,90.5,93.0,138.13,-11.8785,-14.2473,-42.2645
SAP,211.49000549316406,211.49,2026-09-08,False,209.16000366210938,213.17999267578125,-1.68,-19.49,BAJO,241390288896.0,26.95,21.63,65.83,18.32,9.54,27.62,20.41,3.77,289.0,0.22,1.15,7.0,YAHOO,0.6536,1.6118,0.0148,0.062928,3.3806,-0.0849,76.74,2026-10-21,42,,,yahoo,1.0,1.0,1.0,1.0,1.0,1.0,0.0,0.0,1.0,-4.2555,-3.2791,33.4659,16.2544,37.8866,43.7786,221.54,221.54,275.6678,-4.5364,-4.5364,-23.2809
SE,113.33000183105469,113.33,2026-09-08,False,110.06500244140625,114.13999938964844,1.11,-39.62,BAJO,66583195648.0,41.81,20.94,5.36,14.73,4.97,8.35,5.91,0.1,23.98,0.32,1.49,8.0,YAHOO,0.6536,1.6118,0.0148,0.062928,3.3806,-0.0849,76.74,2026-11-10,62,2026-08-11,29.0,yahoo,1.0,1.0,1.0,1.0,1.0,1.0,0.0,1.0,1.0,-0.1322,-2.0315,3.8677,34.1342,13.0061,51.8271,131.51,131.51,196.5,-13.824,-13.824,-42.3257
IBM,232.08999633789062,232.09,2026-09-08,False,230.1999969482422,233.39999389648438,-1.19,-6.1,BAJO,226055733248.0,21.31,18.23,6.56,34.46,5.3,16.55,15.52,5.33,17.2,1.89,0.79,6.0,YAHOO,0.6536,1.6118,0.0148,0.062928,3.3806,-0.0849,76.74,2026-10-21,42,,,yahoo,1.0,1.0,1.0,1.0,1.0,0.0,0.0,1.0,0.0,-0.7611,0.4545,-20.8416,-16.7599,16.1545,63.3682,238.79,303.9496,326.8851,-2.8058,-23.642,-28.9995
ZM,96.44000244140625,96.44,2026-09-08,False,95.54000091552734,99.81999969482422,-4.83,14.27,BAJO,28063758336.0,8.93,15.18,2.83,32.14,6.11,24.61,65.19,7.04,15.65,0.01,3.83,7.0,YAHOO,0.6536,1.6118,0.0148,0.062928,3.3806,-0.0849,76.74,2026-11-24,76,2026-08-25,15.0,yahoo,1.0,1.0,1.0,1.0,1.0,0.0,1.0,1.0,0.0,-0.2482,-8.0034,7.2986,-4.6564,57.7558,44.9175,109.84,109.84,111.88,-12.1996,-12.1996,-13.8005
CSCO,109.16999816894531,109.17,2026-09-08,False,108.4800033569336,109.63999938964844,-0.03,67.53,BAJO,431437283328.0,32.86,19.51,8.59,27.32,7.98,27.72,20.95,2.59,23.96,0.62,0.93,7.0,YAHOO,0.6536,1.6118,0.0148,0.062928,3.3806,-0.0849,76.74,2026-11-12,64,2026-08-12,28.0,yahoo,1.0,1.0,1.0,1.0,1.0,0.0,1.0,0.0,1.0,-1.1947,-0.9616,-7.7255,-11.7371,8.6823,33.9982,123.88,123.88,129.5155,-11.8744,-11.8744,-15.7089
DOCU,65.08000183105469,65.08,2026-09-08,False,64.2249984741211,67.05000305175781,-4.87,-19.46,BAJO,12045861888.0,39.3,12.42,7.06,17.8,6.35,13.43,9.82,10.9,25.93,0.11,0.64,6.0,YAHOO,0.6536,1.6118,0.0148,0.062928,3.3806,-0.0849,76.74,2026-12-03,85,2026-09-03,6.0,yahoo,1.0,0.0,1.0,1.0,0.0,0.0,1.0,1.0,1.0,-1.7957,4.0281,33.4701,40.9879,57.4669,54.7591,68.41,68.41,85.01,-4.8677,-4.8677,-23.4443
ARM,261.5299987792969,261.53,2026-09-08,False,254.63999938964844,267.9700012207031,3.74,88.88,BAJO,282197295104.0,272.4,86.24,32.7,13.35,5.42,7.6,20.25,0.47,262.1,0.06,5.25,6.0,YAHOO,0.6536,1.6118,0.0148,0.062928,3.3806,-0.0849,76.74,2026-11-04,56,,,yahoo,1.0,0.0,1.0,1.0,0.0,1.0,0.0,1.0,1.0,8.1105,9.5276,-20.2336,-24.4984,29.1432,81.2595,279.44,439.46,439.46,-6.4092,-40.4883,-40.4883
GRMN,275.67999267578125,275.68,2026-09-08,False,273.9800109863281,280.1600036621094,-0.49,17.9,BAJO,52490604544.0,28.12,24.73,5.82,21.89,12.17,30.44,24.47,1.99,21.95,0.03,3.03,6.0,YAHOO,0.6536,1.6118,0.0148,0.062928,3.3806,-0.0849,76.74,2026-10-28,49,,,yahoo,1.0,1.0,1.0,0.0,0.0,1.0,0.0,1.0,1.0,-2.9672,-5.3459,12.7479,17.715,6.4944,41.8384,311.93,313.16,313.16,-11.6212,-11.9683,-11.9683
MSI,462.9800109863281,462.98,2026-09-08,False,458.54998779296875,467.55999755859375,-1.08,-1.21,BAJO,76108939264.0,36.24,24.07,28.48,91.57,11.25,27.35,17.44,2.6,22.63,3.58,1.1,6.0,YAHOO,0.6536,1.6118,0.0148,0.062928,3.3806,-0.0849,76.74,2026-11-05,57,,,yahoo,1.0,1.0,1.0,1.0,0.0,0.0,1.0,1.0,0.0,-4.5992,-3.8503,10.9705,14.1513,11.4995,27.5203,491.24,491.24,491.24,-5.7528,-5.7528,-5.7528
SNAP,5.429999828338623,5.43,2026-09-08,False,5.400000095367432,5.510000228881836,-0.73,-23.88,BAJO,8980259840.0,,6.85,4.63,-15.58,-2.72,-2.64,-4.9,7.95,-73.48,2.19,2.94,6.0,YAHOO,0.6536,1.6118,0.0148,0.062928,3.3806,-0.0849,76.74,2026-11-04,56,,,yahoo,0.0,1.0,1.0,1.0,1.0,0.0,0.0,1.0,1.0,-2.1622,-1.8083,15.5319,-3.8938,58.0387,67.4569,5.92,5.92,9.09,-8.277,-8.277,-40.264
PINS,20.139999389648438,20.14,2026-09-08,False,19.924999237060547,20.30500030517578,-1.27,-46.02,BAJO,10352202752.0,53.76,7.6,3.57,6.46,3.51,-3.46,5.46,11.56,35.78,0.41,3.81,6.0,YAHOO,0.6536,1.6118,0.0148,0.062928,3.3806,-0.0849,76.74,2026-11-09,61,,,yahoo,1.0,0.0,1.0,1.0,0.0,0.0,1.0,1.0,1.0,-7.2317,-14.1883,-11.2775,-8.4129,13.8194,47.0404,24.06,25.58,37.95,-16.2926,-21.2666,-46.9302
EA,209.6999969482422,209.7,2026-08-10,False,209.6999969482422,209.6999969482422,0.0,1.3,BAJO,52925640704.0,59.74,21.72,7.77,16.46,7.23,25.88,13.8,3.2,30.36,0.26,1.21,6.0,YAHOO,0.6536,1.6118,0.0148,0.062928,3.3806,-0.0849,76.74,2026-11-03,55,,,yahoo,1.0,0.0,1.0,1.0,1.0,1.0,1.0,0.0,0.0,0.383,,,,0.0,,,,,,,
PATH,14.010000228881836,14.01,2026-09-08,False,13.850000381469727,15.300000190734863,-7.77,19.64,BAJO,7072078848.0,20.25,14.73,3.62,20.03,3.67,9.12,21.03,6.85,32.81,0.04,2.39,8.0,YAHOO,0.6536,1.6118,0.0148,0.062928,3.3806,-0.0849,76.74,2026-12-02,84,2026-09-03,6.0,yahoo,1.0,1.0,1.0,1.0,1.0,0.0,1.0,1.0,1.0,-24.9598,-15.4496,18.7288,25.4252,128.2669,70.0261,18.67,18.67,19.29,-24.9598,-24.9598,-27.3717
VZ,50.40999984741211,50.41,2026-09-08,False,49.77000045776367,50.650001525878906,0.54,25.23,BAJO,206658535424.0,12.95,9.42,1.99,15.84,5.05,23.0,11.64,8.45,7.83,1.84,0.6,4.0,YAHOO,0.6536,1.6118,0.0148,0.062928,3.3806,-0.0849,76.74,2026-10-20,41,,,yahoo,1.0,0.0,1.0,1.0,0.0,1.0,0.0,0.0,0.0,0.7797,0.5184,21.3763,12.8287,11.7244,26.9547,50.59,50.59,50.59,-0.3558,-0.3558,-0.3558
T,25.600000381469727,25.6,2026-09-08,False,25.450000762939453,25.90999984741211,-0.31,-6.33,BAJO,172337496064.0,8.3,9.81,1.57,18.34,4.16,24.79,16.94,5.88,7.6,1.29,0.97,6.0,YAHOO,0.6536,1.6118,0.0148,0.062928,3.3806,-0.0849,76.74,2026-10-21,42,,,yahoo,1.0,1.0,1.0,1.0,0.0,1.0,1.0,0.0,0.0,-1.1201,-0.3503,23.3022,15.3012,18.7808,29.2629,26.19,26.19,28.4181,-2.2528,-2.2528,-9.9165
AMX,23.0,23.0,2026-09-08,False,22.75,23.149999618530273,0.0,19.18,BAJO,69107924992.0,13.12,11.08,3.12,21.58,6.36,21.49,9.37,221.74,2.36,1.58,0.71,9.0,YAHOO,0.6536,1.6118,0.0148,0.062928,3.3806,-0.0849,76.74,2026-10-13,34,,,yahoo,1.0,1.0,1.0,1.0,1.0,1.0,1.0,1.0,1.0,-0.1736,-3.3613,-9.9249,-6.3741,14.5178,18.5042,23.8,27.4216,27.4216,-3.3613,-16.1247,-16.1247
TCOM,40.5,40.5,2026-09-08,False,40.45000076293945,41.31999969482422,-1.29,-43.62,BAJO,24678146048.0,5.81,9.28,1.04,20.14,3.95,24.34,48.65,,-1.33,0.19,1.53,7.0,YAHOO,0.6536,1.6118,0.0148,0.062928,3.3806,-0.0849,76.74,2026-09-15,6,2026-08-31,9.0,yahoo,1.0,1.0,1.0,0.0,1.0,1.0,1.0,0.0,1.0,-9.2945,-11.9948,-2.2448,-14.2131,33.9304,39.4423,46.51,47.4,78.96,-12.9219,-14.557,-48.7082
TRIP,9.09000015258789,9.09,2026-09-08,False,8.970000267028809,9.279999732971191,-2.57,-46.78,BAJO,1026305472.0,,8.21,1.54,-0.23,1.92,9.44,0.27,-9.89,9.87,1.35,1.56,7.0,YAHOO,0.6536,1.6118,0.0148,0.062928,3.3806,-0.0849,76.74,2026-11-05,57,,,yahoo,1.0,1.0,1.0,1.0,1.0,0.0,1.0,0.0,1.0,-4.5168,-10.7949,-31.808,-23.0313,37.3745,68.6695,10.97,14.93,19.14,-17.1376,-39.1159,-52.5078
ABNB,174.5399932861328,174.54,2026-09-08,False,173.0330047607422,182.7899932861328,-4.07,40.97,BAJO,101572018176.0,38.73,27.58,12.83,34.54,6.14,21.01,20.45,3.16,33.8,0.32,1.41,5.0,YAHOO,0.6536,1.6118,0.0148,0.062928,3.3806,-0.0849,76.74,2026-11-05,57,,,yahoo,1.0,0.0,1.0,1.0,0.0,0.0,1.0,0.0,1.0,-4.7375,-8.2383,18.8236,29.8371,36.9794,48.8742,190.5,190.5,190.5,-8.378,-8.378,-8.378
ORCL,162.52000427246094,162.52,2026-09-08,False,161.16000366210938,170.6999969482422,2.36,-30.16,BAJO,465570562048.0,27.72,14.74,12.39,53.38,6.5,36.2,25.37,-5.27,19.89,3.89,1.11,5.0,YAHOO,0.6536,1.6118,0.0148,0.062928,3.3806,-0.0849,76.74,2026-09-10,1,,,yahoo,1.0,0.0,1.0,1.0,1.0,1.0,0.0,0.0,0.0,8.9861,14.0892,13.081,-23.0076,23.1726,56.5484,162.52,191.9721,324.63,0.0,-15.3419,-49.9368
TMUS,181.69000244140625,181.69,2026-09-08,False,179.61000061035156,183.25999450683594,0.09,-22.7,BAJO,190227578880.0,18.55,12.28,3.39,17.99,5.97,25.22,11.46,5.96,8.96,2.14,0.92,6.0,YAHOO,0.6536,1.6118,0.0148,0.062928,3.3806,-0.0849,76.74,2026-10-22,43,,,yahoo,1.0,0.0,1.0,1.0,0.0,1.0,1.0,0.0,1.0,0.6928,0.065,0.6935,2.4147,41.053,40.276,188.02,194.5173,237.8749,-3.3667,-6.5944,-23.6195
ANET,194.9600067138672,194.96,2026-09-08,False,194.72000122070312,200.6750030517578,0.61,40.16,BAJO,243328073728.0,61.05,37.39,16.44,31.48,14.12,45.39,38.37,1.6,49.57,,2.96,4.0,YAHOO,0.6536,1.6118,0.0148,0.062928,3.3806,-0.0849,76.74,2026-11-03,55,,,yahoo,1.0,0.0,1.0,1.0,0.0,0.0,1.0,0.0,0.0,-0.373,3.6195,5.5607,24.6547,29.8247,57.0774,210.5,210.5,210.5,-7.3824,-7.3824,-7.3824
LRCX,320.4200134277344,320.42,2026-09-08,False,312.0299987792969,321.7699890136719,4.15,207.56,BAJO,395217207296.0,54.74,27.11,31.69,65.07,22.84,37.39,31.27,0.78,45.57,0.33,2.63,8.0,YAHOO,0.6536,1.6118,0.0148,0.062928,3.3806,-0.0849,76.74,2026-10-21,42,,,yahoo,1.0,1.0,1.0,0.0,1.0,1.0,1.0,1.0,1.0,6.2788,3.3046,-9.2732,-1.1725,41.491,81.7609,343.84,433.33,433.33,-6.8113,-26.0563,-26.0563
ADI,363.20001220703125,363.2,2026-09-08,False,360.3900146484375,366.3599853515625,0.26,48.61,BAJO,176900325376.0,43.31,22.35,5.27,12.23,6.41,39.5,29.79,2.34,26.41,0.27,1.25,8.0,YAHOO,0.6536,1.6118,0.0148,0.062928,3.3806,-0.0849,76.74,2026-11-24,76,2026-08-19,21.0,yahoo,1.0,1.0,1.0,1.0,0.0,1.0,1.0,1.0,1.0,0.5983,-1.8491,-7.4518,-9.8005,10.6586,39.4325,389.0945,444.1269,444.1269,-6.6551,-18.2216,-18.2216
SNDK,1737.989990234375,1737.99,2026-09-08,False,1733.780029296875,1807.3800048828125,-0.12,2366.32,BAJO,258308030464.0,23.94,6.66,16.7,91.64,43.91,78.47,56.46,2.99,20.11,0.01,2.29,7.0,YAHOO,0.6536,1.6118,0.0148,0.062928,3.3806,-0.0849,76.74,2026-11-06,58,,,yahoo,1.0,1.0,1.0,1.0,0.0,0.0,1.0,1.0,1.0,10.9332,16.3999,-6.4727,5.8459,91.9932,137.7797,1786.85,2335.0,2335.0,-2.7344,-25.5679,-25.5679
NOW,134.2100067138672,134.21,2026-09-08,False,132.4600067138672,136.97999572753906,-4.99,-27.65,BAJO,135549648896.0,81.94,26.19,10.83,14.24,4.25,4.06,11.34,3.8,48.1,0.68,0.7,4.0,YAHOO,0.6536,1.6118,0.0148,0.062928,3.3806,-0.0849,76.74,2026-10-28,49,,,yahoo,1.0,0.0,1.0,1.0,1.0,0.0,0.0,0.0,0.0,-9.3114,4.8106,23.3095,17.5322,85.0589,62.5085,147.99,147.99,192.23,-9.3114,-9.3114,-30.1826
NBIS,243.8800048828125,243.88,2026-09-08,False,234.3249969482422,254.74000549316406,7.73,281.62,BAJO,65340407808.0,,-76.52,6.37,0.6,-1.92,-0.22,3.13,-14.71,263.7,0.99,4.03,6.0,YAHOO,0.6536,1.6118,0.0148,0.062928,3.3806,-0.0849,76.74,2026-11-10,62,2026-08-12,28.0,yahoo,1.0,1.0,1.0,1.0,0.0,0.0,0.0,1.0,1.0,18.2047,15.6323,12.803,11.8716,44.9857,144.092,277.68,286.69,286.69,-12.1723,-14.9325,-14.9325
OXY,60.650001525878906,60.65,2026-09-08,False,60.349998474121094,62.029998779296875,1.02,37.33,BAJO,61277769728.0,18.08,15.85,1.83,10.63,4.68,45.44,30.32,6.18,5.88,0.35,1.41,4.0,YAHOO,0.6536,1.6118,0.0148,0.062928,3.3806,-0.0849,76.74,2026-11-09,61,,,yahoo,1.0,0.0,1.0,1.0,1.0,0.0,0.0,0.0,0.0,0.781,0.8984,15.9656,6.0023,13.2984,33.333,61.52,61.52,65.9354,-1.4142,-1.4142,-8.0161
XOM,160.66000366210938,160.66,2026-09-08,False,158.75,163.11000061035156,0.75,51.41,BAJO,675299262464.0,21.11,15.22,2.6,12.58,5.52,15.86,9.07,3.06,10.51,0.16,1.14,5.0,YAHOO,0.6536,1.6118,0.0148,0.062928,3.3806,-0.0849,76.74,2026-10-30,51,,,yahoo,1.0,0.0,1.0,1.0,1.0,0.0,1.0,0.0,0.0,-0.1802,-2.0664,17.6344,6.557,17.0587,25.9999,166.15,166.15,169.2183,-3.3042,-3.3042,-5.0575
CVX,209.8000030517578,209.8,2026-09-08,False,209.17999267578125,213.30999755859375,0.58,42.52,BAJO,419410411520.0,20.58,15.87,2.21,12.23,5.86,21.87,9.83,5.23,8.95,0.19,1.25,5.0,YAHOO,0.6536,1.6118,0.0148,0.062928,3.3806,-0.0849,76.74,2026-10-30,51,,,yahoo,1.0,0.0,1.0,1.0,0.0,1.0,0.0,1.0,0.0,1.7755,3.304,21.5921,11.832,13.1846,25.4386,211.78,211.78,211.78,-0.9349,-0.9349,-0.9349
PSX,259.1400146484375,259.14,2026-09-08,False,258.29998779296875,261.0,1.59,105.82,BAJO,104555831296.0,14.88,12.25,3.3,23.45,6.04,8.53,4.66,4.35,12.2,0.63,1.32,7.0,YAHOO,0.6536,1.6118,0.0148,0.062928,3.3806,-0.0849,76.74,2026-10-29,50,,,yahoo,1.0,1.0,1.0,1.0,0.0,1.0,1.0,1.0,0.0,5.0937,7.1004,37.2434,42.0322,17.1237,31.5366,259.14,259.14,259.14,0.0,0.0,0.0
YPF,53.09000015258789,53.09,2026-09-08,False,52.189998626708984,53.9900016784668,0.89,104.32,BAJO,21411219456.0,28.89,9.96,2.04,7.26,8.34,27.51,4.0,5810.6,1.33,0.85,0.93,4.0,YAHOO,0.6536,1.6118,0.0148,0.062928,3.3806,-0.0849,76.74,2026-10-29,50,2026-08-11,29.0,yahoo,0.0,0.0,1.0,1.0,0.0,1.0,1.0,0.0,0.0,2.9275,3.5296,12.8614,-0.8405,36.584,36.9706,53.91,55.89,56.35,-1.5211,-5.0098,-5.7853
VIST,75.86000061035156,75.86,2026-09-08,False,74.61000061035156,76.36000061035156,2.89,117.78,BAJO,8248739840.0,9.81,7.41,2.49,29.79,10.0,44.24,23.56,1.49,5.42,1.07,0.69,3.0,YAHOO,0.6536,1.6118,0.0148,0.062928,3.3806,-0.0849,76.74,2026-10-28,49,,,yahoo,1.0,0.0,1.0,1.0,0.0,0.0,0.0,0.0,0.0,6.1573,7.3592,18.9961,2.569,48.9715,42.7769,77.03,77.03,79.25,-1.5189,-1.5189,-4.2776
VST,151.72000122070312,151.72,2026-09-08,False,150.36500549316406,154.89999389648438,1.62,-17.96,BAJO,50714480640.0,25.48,14.58,16.89,42.96,5.89,13.77,11.55,0.07,11.06,3.73,0.97,5.0,YAHOO,0.6536,1.6118,0.0148,0.062928,3.3806,-0.0849,76.74,2026-11-05,57,,,yahoo,1.0,0.0,1.0,1.0,1.0,0.0,1.0,0.0,0.0,10.4462,11.8384,-3.9625,3.4258,25.272,42.5229,151.72,168.98,217.0162,0.0,-10.2142,-30.0882
BP,44.880001068115234,44.88,2026-09-08,False,44.5,45.400001525878906,2.44,40.08,BAJO,117644476416.0,21.86,9.47,8.09,8.87,5.04,13.15,2.55,10.95,13.42,0.95,1.27,7.0,YAHOO,0.6536,1.6118,0.0148,0.062928,3.3806,-0.0849,76.74,2026-10-30,51,,,yahoo,1.0,0.0,1.0,1.0,0.0,1.0,1.0,1.0,1.0,4.6886,2.6063,17.8511,3.9149,26.1215,32.6828,45.14,45.14,46.5196,-0.576,-0.576,-3.5245
E,54.939998626708984,54.94,2026-09-08,False,54.2400016784668,54.970001220703125,2.54,63.08,BAJO,80584654848.0,12.57,9.09,1.53,10.9,3.07,10.66,5.87,-11.15,8.2,0.65,1.48,6.0,YAHOO,0.6536,1.6118,0.0148,0.062928,3.3806,-0.0849,76.74,2026-10-23,44,,,yahoo,1.0,1.0,1.0,1.0,0.0,1.0,1.0,0.0,0.0,0.2555,-0.5071,14.6733,1.1414,34.8436,33.5778,57.35,57.35,57.35,-4.2023,-4.2023,-4.2023
SHEL,95.31999969482422,95.32,2026-09-08,False,94.4209976196289,95.80500030517578,2.55,38.78,BAJO,273490247680.0,10.58,9.51,1.47,14.34,6.4,16.69,8.76,7.85,5.36,0.4,1.44,5.0,YAHOO,0.6536,1.6118,0.0148,0.062928,3.3806,-0.0849,76.74,2026-10-29,50,,,yahoo,1.0,1.0,1.0,1.0,0.0,0.0,1.0,0.0,0.0,4.2318,2.4946,18.127,10.9698,23.951,24.1492,95.32,95.32,95.32,0.0,0.0,0.0
HAL,36.79999923706055,36.8,2026-09-08,False,36.56999969482422,37.72999954223633,-0.73,73.38,BAJO,30934130688.0,19.44,12.79,2.81,14.92,7.26,12.79,7.16,6.63,8.97,0.74,2.02,4.0,YAHOO,0.6536,1.6118,0.0148,0.062928,3.3806,-0.0849,76.74,2026-10-20,41,,,yahoo,1.0,0.0,1.0,1.0,0.0,0.0,1.0,0.0,0.0,0.3278,6.7594,8.3552,-8.7141,27.6224,34.7141,37.63,39.4171,42.6002,-2.2057,-6.6394,-13.6155
SLB,57.099998474121094,57.1,2026-09-08,False,56.970001220703125,58.470001220703125,-0.71,64.4,BAJO,84670373888.0,27.83,17.64,3.25,12.91,6.17,12.71,8.53,3.49,12.8,0.47,1.44,4.0,YAHOO,0.6536,1.6118,0.0148,0.062928,3.3806,-0.0849,76.74,2026-10-23,44,,,yahoo,1.0,0.0,1.0,1.0,1.0,0.0,0.0,0.0,0.0,-4.4987,6.2894,21.4993,1.4965,24.3311,41.8307,59.7898,59.7898,59.7898,-4.4987,-4.4987,-4.4987
COP,135.0399932861328,135.04,2026-09-08,False,134.13999938964844,137.52999877929688,0.58,53.32,BAJO,164018601984.0,18.06,14.34,2.51,14.18,7.53,31.51,14.4,4.69,6.71,0.36,1.54,7.0,YAHOO,0.6536,1.6118,0.0148,0.062928,3.3806,-0.0849,76.74,2026-11-05,57,,,yahoo,1.0,0.0,1.0,1.0,1.0,1.0,1.0,0.0,1.0,1.9247,1.2673,25.8477,14.3416,15.9677,30.1389,137.2,137.2,137.2,-1.5743,-1.5743,-1.5743
GPRK,11.949999809265137,11.95,2026-09-08,False,11.539999961853027,12.180000305175781,3.37,97.17,BAJO,772908416.0,8.39,6.69,1.76,28.57,7.81,27.52,16.0,11.94,3.66,1.81,1.17,3.0,YAHOO,0.6536,1.6118,0.0148,0.062928,3.3806,-0.0849,76.74,2026-11-04,56,2026-08-12,28.0,yahoo,1.0,0.0,1.0,0.0,0.0,1.0,0.0,0.0,0.0,8.6364,21.4431,21.9899,11.3328,49.5948,47.3696,11.95,11.95,11.95,0.0,0.0,0.0
CEG,299.04998779296875,299.05,2026-09-08,False,296.6300048828125,305.79998779296875,0.03,1.55,BAJO,104132714496.0,28.73,22.03,3.27,15.06,3.89,8.66,11.08,-6.36,16.15,0.76,1.46,6.0,YAHOO,0.6536,1.6118,0.0148,0.062928,3.3806,-0.0849,76.74,2026-11-09,61,,,yahoo,1.0,0.0,1.0,1.0,1.0,0.0,1.0,0.0,1.0,8.8365,9.3699,19.4503,19.4837,48.2645,35.5421,299.05,299.05,401.7044,0.0,0.0,-25.5547
FSLR,213.25,213.25,2026-09-08,False,205.9499969482422,215.5,4.3,5.86,BAJO,21827115008.0,12.51,8.77,2.11,18.51,8.62,42.64,32.46,7.32,8.96,0.02,2.52,7.0,YAHOO,0.6536,1.6118,0.0148,0.062928,3.3806,-0.0849,76.74,2026-10-29,50,,,yahoo,1.0,1.0,1.0,1.0,1.0,1.0,0.0,0.0,1.0,5.6216,2.3715,-6.674,-22.5644,37.8999,45.8866,240.91,273.51,318.25,-11.4815,-22.0321,-32.9929
CCJ,101.97000122070312,101.97,2026-09-08,False,101.5,104.12000274658203,1.22,33.19,BAJO,43731869696.0,173.12,52.94,8.48,5.11,2.98,9.11,10.21,0.11,54.91,0.17,3.06,8.0,YAHOO,0.6536,1.6118,0.0148,0.062928,3.3806,-0.0849,76.74,2026-10-30,51,,,yahoo,1.0,1.0,1.0,1.0,1.0,1.0,0.0,1.0,1.0,3.2503,-0.2933,6.5072,-3.291,32.1133,43.1095,107.36,108.89,134.09,-5.0205,-6.355,-23.9541
PBR,20.829999923706055,20.83,2026-09-08,False,20.549999237060547,21.030000686645508,3.53,78.47,BAJO,134880591872.0,5.29,5.25,1.45,30.27,10.07,44.68,24.32,69.87,1.85,0.76,0.85,7.0,YAHOO,0.6536,1.6118,0.0148,0.062928,3.3806,-0.0849,76.74,2026-11-10,62,,,yahoo,1.0,1.0,1.0,1.0,1.0,1.0,1.0,0.0,0.0,7.6486,15.2739,25.9011,20.7941,44.9429,34.9002,20.86,20.86,21.2388,-0.1438,-0.1438,-1.9247
NEE,83.83000183105469,83.83,2026-09-08,False,83.31999969482422,84.37999725341797,0.48,24.52,BAJO,172406112256.0,18.57,18.83,3.02,11.68,2.44,31.52,32.4,-10.31,19.92,1.62,0.53,5.0,YAHOO,0.6536,1.6118,0.0148,0.062928,3.3806,-0.0849,76.74,2026-10-27,48,,,yahoo,1.0,0.0,1.0,1.0,0.0,1.0,0.0,1.0,0.0,1.8096,0.4285,-3.0305,0.5361,12.5365,14.102,85.5765,89.1198,96.443,-2.0408,-5.9356,-13.0782
PAAS,51.0,51.0,2026-09-08,False,50.97999954223633,52.130001068115234,-0.66,44.91,BAJO,21933291520.0,15.65,11.23,3.0,22.41,11.77,37.81,32.03,6.01,9.61,0.11,2.94,7.0,YAHOO,0.6536,1.6118,0.0148,0.062928,3.3806,-0.0849,76.74,2026-11-16,68,2026-08-12,28.0,yahoo,1.0,1.0,1.0,1.0,1.0,1.0,0.0,1.0,0.0,-1.772,-4.904,15.996,8.2433,39.7522,52.0028,54.89,54.89,68.0597,-7.0869,-7.0869,-25.0658
HMY,20.229999542236328,20.23,2026-09-08,False,20.170000076293945,20.559999465942383,-0.2,41.95,BAJO,12999529472.0,7.17,6.35,2.8,48.05,25.06,47.17,29.57,75.77,0.31,0.13,0.84,,YAHOO,0.6536,1.6118,0.0148,0.062928,3.3806,-0.0849,76.74,,999,2026-08-27,13.0,yahoo,,,,,,,,,,2.9517,-11.3108,34.6871,31.8774,61.6196,64.0447,23.54,23.54,25.5485,-14.0612,-14.0612,-20.8173
B,44.099998474121094,44.1,2026-09-08,False,44.08000183105469,44.900001525878906,-1.45,56.22,BAJO,73389989888.0,11.52,10.17,2.69,27.01,13.44,51.34,31.6,6.93,6.33,0.13,3.01,9.0,YAHOO,0.6536,1.6118,0.0148,0.062928,3.3806,-0.0849,76.74,2026-11-09,61,,,yahoo,1.0,1.0,1.0,1.0,1.0,1.0,1.0,1.0,1.0,-1.6284,-8.0778,20.2001,12.1888,45.7035,46.9467,48.6827,48.6827,52.117,-9.4133,-9.4133,-15.3826
VALE,15.5600004196167,15.56,2026-09-08,False,15.520000457763672,15.920000076293945,1.9,62.17,BAJO,65708974080.0,30.88,7.88,1.77,4.11,7.92,21.95,4.75,20.25,1.95,0.55,1.19,4.0,YAHOO,0.6536,1.6118,0.0148,0.062928,3.3806,-0.0849,76.74,2026-10-29,50,,,yahoo,1.0,0.0,1.0,1.0,0.0,1.0,0.0,0.0,0.0,3.1146,3.4574,12.5453,6.7641,45.6671,30.3706,15.73,15.73,17.3257,-1.0807,-1.0807,-10.1912
LAC,3.0,3.0,2026-09-08,False,3.0,3.1600000858306885,0.0,1.92,BAJO,1158107008.0,,-22.66,0.81,-3.7,-1.66,0.0,0.0,-116.48,-31.39,0.6,5.47,1.0,YAHOO,0.6536,1.6118,0.0148,0.062928,3.3806,-0.0849,76.74,2026-11-13,65,2026-08-13,27.0,yahoo,0.0,0.0,0.0,1.0,0.0,0.0,0.0,0.0,0.0,-2.9126,-3.537,-15.7303,-34.2105,19.0846,50.9973,3.43,4.58,10.05,-12.5364,-34.4978,-70.1493
RIO,103.83000183105469,103.83,2026-09-08,False,103.80999755859375,105.87000274658203,0.54,72.1,BAJO,168718516224.0,14.06,11.99,2.58,19.31,8.11,28.05,19.58,2.13,8.22,0.32,1.42,4.0,YAHOO,0.6536,1.6118,0.0148,0.062928,3.3806,-0.0849,76.74,,999,2026-07-28,43.0,yahoo,1.0,0.0,1.0,1.0,0.0,0.0,0.0,1.0,0.0,1.2976,-0.9256,18.5719,5.1322,5.158,28.5366,106.81,106.81,109.6326,-2.79,-2.79,-5.2928
GFI,47.189998626708984,47.19,2026-09-08,False,47.13999938964844,48.0099983215332,-0.44,37.29,BAJO,41898860544.0,9.58,8.99,9.34,58.68,28.52,55.0,38.65,9.97,11.89,0.29,1.87,9.0,YAHOO,0.6536,1.6118,0.0148,0.062928,3.3806,-0.0849,76.74,,999,2026-08-25,15.0,yahoo,1.0,1.0,1.0,1.0,1.0,1.0,1.0,1.0,1.0,1.7684,-0.2958,38.631,31.5217,62.643,58.4872,48.87,48.87,59.7691,-3.4377,-3.4377,-21.0462
GGB,5.059999942779541,5.06,2026-09-08,False,5.03000020980835,5.110000133514404,1.81,64.83,BAJO,9830253568.0,22.77,8.48,0.94,4.18,5.03,12.75,3.22,26.94,1.98,0.28,2.87,5.0,YAHOO,0.6536,1.6118,0.0148,0.062928,3.3806,-0.0849,76.74,2026-10-26,47,,,yahoo,1.0,0.0,1.0,1.0,0.0,0.0,1.0,0.0,1.0,9.7614,16.8591,15.9442,11.8849,44.9977,38.1068,5.06,5.0866,5.0866,0.0,-0.5226,-0.5226
FCX,76.62000274658203,76.62,2026-09-08,False,75.5,78.63999938964844,5.35,66.89,BAJO,109467623424.0,37.37,18.43,5.44,14.75,7.58,33.4,11.39,1.97,13.38,0.32,2.07,6.0,YAHOO,0.6536,1.6118,0.0148,0.062928,3.3806,-0.0849,76.74,2026-10-22,43,,,yahoo,1.0,1.0,1.0,1.0,1.0,0.0,1.0,0.0,0.0,1.1619,-1.5167,26.8891,20.1783,48.4152,48.1241,79.91,79.91,79.91,-4.1171,-4.1171,-4.1171
HL,20.459999084472656,20.46,2026-09-08,False,20.420000076293945,20.84000015258789,-1.06,103.27,BAJO,14006372352.0,25.12,19.6,5.23,22.17,15.3,44.27,19.15,2.44,13.97,0.01,5.2,8.0,YAHOO,0.6536,1.6118,0.0148,0.062928,3.3806,-0.0849,76.74,2026-11-05,57,,,yahoo,1.0,1.0,1.0,1.0,1.0,1.0,0.0,1.0,1.0,2.9693,0.3133,29.6005,37.4339,78.9518,66.8476,21.43,21.43,31.7903,-4.5264,-4.5264,-35.6408
NEM,127.08999633789062,127.09,2026-09-08,False,126.29000091552734,130.0399932861328,-0.78,70.26,BAJO,135620739072.0,16.23,12.76,3.87,25.91,15.75,51.57,33.36,6.5,7.76,0.16,2.55,9.0,YAHOO,0.6536,1.6118,0.0148,0.062928,3.3806,-0.0849,76.74,2026-10-22,43,,,yahoo,1.0,1.0,1.0,1.0,1.0,1.0,1.0,1.0,1.0,1.0269,-3.4022,34.3261,28.654,44.7632,46.5961,134.8593,134.8593,134.8593,-5.761,-5.761,-5.761
GOLD,47.470001220703125,47.47,2026-09-08,False,45.369998931884766,47.84000015258789,2.9,97.21,BAJO,1436553344.0,16.33,13.23,1.64,10.8,2.81,0.44,0.32,29.3,10.09,0.93,1.15,4.0,YAHOO,0.6536,1.6118,0.0148,0.062928,3.3806,-0.0849,76.74,2026-11-05,57,2026-09-02,7.0,yahoo,1.0,0.0,1.0,1.0,0.0,0.0,0.0,1.0,0.0,5.5593,3.6463,13.8096,17.3258,107.8288,51.4666,47.47,47.47,63.5992,0.0,0.0,-25.3607
MUX,20.270000457763672,20.27,2026-09-08,False,19.940000534057617,20.475000381469727,1.0,48.12,BAJO,1210334208.0,16.08,4.98,1.71,13.54,-0.43,-5.92,32.46,-1.54,44.78,0.18,2.04,5.0,YAHOO,0.6536,1.6118,0.0148,0.062928,3.3806,-0.0849,76.74,2026-11-04,56,,,yahoo,1.0,1.0,1.0,0.0,0.0,1.0,0.0,1.0,0.0,0.5456,-3.5221,12.2992,10.223,48.1983,57.0685,21.66,21.66,29.05,-6.4174,-6.4174,-30.2237
NXE,10.6899995803833,10.69,2026-09-08,False,10.595000267028809,10.979999542236328,-0.37,35.04,BAJO,7134185472.0,,-55.09,5.33,-17.67,-3.39,0.0,0.0,-4.18,-62.83,0.34,1.46,2.0,YAHOO,0.6536,1.6118,0.0148,0.062928,3.3806,-0.0849,76.74,2026-11-03,55,,,yahoo,0.0,0.0,0.0,1.0,0.0,1.0,0.0,0.0,0.0,2.1012,-2.1958,12.7637,2.7885,34.6098,49.5413,11.21,11.21,13.92,-4.6387,-4.6387,-23.204
MP,55.369998931884766,55.37,2026-09-08,False,54.560001373291016,57.310001373291016,1.54,-10.8,BAJO,9670916096.0,,60.63,4.94,-3.58,-1.52,-14.72,-14.56,-4.48,236.34,0.41,9.51,4.0,YAHOO,0.6536,1.6118,0.0148,0.062928,3.3806,-0.0849,76.74,2026-11-05,57,,,yahoo,0.0,1.0,0.0,0.0,1.0,1.0,0.0,1.0,0.0,1.1324,-3.5702,7.0779,-3.8381,25.9685,64.6836,60.17,60.88,98.65,-7.9774,-9.0506,-43.8723
JPM,353.510009765625,353.51,2026-09-08,False,353.2300109863281,358.54998779296875,-1.43,23.91,BAJO,942885240832.0,15.2,14.18,2.67,17.79,1.36,50.39,34.92,,,,,3.0,YAHOO,0.6536,1.6118,0.0148,0.062928,3.3806,-0.0849,76.74,2026-10-13,34,,,yahoo,1.0,0.0,0.0,0.0,1.0,0.0,1.0,0.0,0.0,-0.705,-0.8081,5.3775,14.1405,21.9168,20.1769,365.18,365.18,365.18,-3.1957,-3.1957,-3.1957
AXP,326.1000061035156,326.1,2026-09-08,False,322.6499938964844,328.0400085449219,-0.02,2.2,BAJO,217314689024.0,19.54,16.0,6.34,34.38,3.79,20.32,16.14,,,1.72,1.55,4.0,YAHOO,0.6536,1.6118,0.0148,0.062928,3.3806,-0.0849,76.74,2026-10-23,44,,,yahoo,1.0,0.0,1.0,1.0,0.0,0.0,1.0,0.0,0.0,-1.2327,-3.3291,-5.9472,4.7047,19.0737,24.1785,344.08,361.57,381.7816,-5.2255,-9.81,-14.5847
MA,570.8900146484375,570.89,2026-09-08,False,567.010009765625,575.6699829101562,-1.44,-1.16,BAJO,497135616000.0,31.27,24.65,88.73,241.2,24.06,61.11,46.34,3.41,22.98,4.4,1.06,9.0,YAHOO,0.6536,1.6118,0.0148,0.062928,3.3806,-0.0849,76.74,2026-10-29,50,,,yahoo,1.0,1.0,1.0,1.0,1.0,1.0,1.0,1.0,1.0,-3.1257,-4.8295,9.1151,17.7439,18.7149,22.3294,599.86,599.86,599.86,-4.8295,-4.8295,-4.8295
V,368.6400146484375,368.64,2026-09-08,False,367.44000244140625,373.5,-1.71,9.47,BAJO,685934510080.0,31.24,24.49,19.47,61.19,19.11,66.13,50.78,2.97,22.06,0.68,0.98,6.0,YAHOO,0.6536,1.6118,0.0148,0.062928,3.3806,-0.0849,76.74,2026-10-27,48,,,yahoo,1.0,0.0,1.0,1.0,1.0,0.0,1.0,0.0,1.0,-2.8284,-3.6008,6.0669,15.5332,22.4067,20.9323,384.14,384.14,384.14,-4.035,-4.035,-4.035
PYPL,53.18000030517578,53.18,2026-09-08,False,53.029998779296875,54.599998474121094,-3.24,-20.47,BAJO,44629393408.0,9.86,9.02,2.27,24.5,4.62,16.97,14.36,9.91,7.37,0.72,1.29,9.0,YAHOO,0.6536,1.6118,0.0148,0.062928,3.3806,-0.0849,76.74,2026-10-27,48,,,yahoo,1.0,1.0,1.0,1.0,1.0,1.0,1.0,1.0,1.0,1.2273,-13.5678,17.6332,29.2083,66.6851,53.7273,62.1465,62.1465,75.2904,-14.428,-14.428,-29.3668
PAGS,9.75,9.75,2026-09-08,False,9.704999923706055,10.005000114440918,0.21,5.79,BAJO,2648958208.0,6.58,5.04,0.9,14.54,6.36,36.2,10.86,-70.08,0.33,0.12,1.55,7.0,YAHOO,0.6536,1.6118,0.0148,0.062928,3.3806,-0.0849,76.74,2026-11-11,63,2026-08-11,29.0,yahoo,1.0,0.0,1.0,1.0,1.0,0.0,1.0,1.0,1.0,8.0931,12.069,8.3333,14.3025,67.377,30.9116,9.96,9.96,11.7187,-2.1084,-2.1084,-16.7994
NU,15.329999923706055,15.33,2026-09-08,False,15.289999961853027,15.819999694824219,-0.26,1.64,BAJO,72460328960.0,20.55,13.09,5.47,31.63,4.96,50.15,42.73,,,,,4.0,YAHOO,0.6536,1.6118,0.0148,0.062928,3.3806,-0.0849,76.74,2026-11-12,64,2026-08-13,27.0,yahoo,1.0,0.0,1.0,1.0,1.0,0.0,0.0,0.0,0.0,5.3608,3.8618,12.1434,32.1552,58.1787,40.2318,15.68,15.68,18.76,-2.2321,-2.2321,-18.2836
XP,19.989999771118164,19.99,2026-09-08,False,19.860000610351562,20.459999084472656,0.65,11.29,BAJO,9661714432.0,9.62,8.02,2.1,22.56,1.36,31.18,28.54,,,6.42,1.49,7.0,YAHOO,0.6536,1.6118,0.0148,0.062928,3.3806,-0.0849,76.74,2026-11-16,68,2026-08-17,23.0,yahoo,1.0,1.0,1.0,1.0,1.0,0.0,1.0,1.0,0.0,9.6544,17.106,21.816,32.6929,54.5494,39.1491,20.0,20.0,22.6565,-0.05,-0.05,-11.7693
AIG,74.68000030517578,74.68,2026-09-08,False,74.66000366210938,75.94000244140625,-2.01,-2.01,BAJO,39232675840.0,13.69,8.54,0.97,7.22,1.76,19.41,11.09,18.77,4.65,0.22,0.61,5.0,YAHOO,0.6536,1.6118,0.0148,0.062928,3.3806,-0.0849,76.74,2026-11-04,56,,,yahoo,1.0,1.0,1.0,1.0,0.0,0.0,1.0,0.0,0.0,-2.2001,-3.4893,-5.5998,1.4525,20.8221,21.5386,77.38,81.06,85.514,-3.4893,-7.8707,-12.6692
BRK-B,505.8299865722656,505.83,2026-09-08,False,500.70001220703125,507.29998779296875,-0.04,3.35,BAJO,1084740468736.0,12.74,22.83,0.0,12.12,6.01,32.56,22.3,6.64,-1.79,0.17,2.89,4.0,YAHOO,0.6536,1.6118,0.0148,0.062928,3.3806,-0.0849,76.74,2026-11-07,59,,,yahoo,1.0,0.0,1.0,0.0,1.0,0.0,1.0,0.0,0.0,0.3571,0.2994,2.0951,3.8665,7.7399,14.9541,516.38,529.42,529.42,-2.0431,-4.4558,-4.4558
BBD,3.549999952316284,3.55,2026-09-08,False,3.5399999618530273,3.619999885559082,2.31,18.63,BAJO,36320878592.0,7.98,6.3,1.03,13.76,1.07,34.52,26.07,,,,,4.0,YAHOO,0.6536,1.6118,0.0148,0.062928,3.3806,-0.0849,76.74,2026-11-04,56,,,yahoo,1.0,1.0,0.0,0.0,1.0,0.0,1.0,0.0,0.0,8.3573,12.8292,2.2471,10.3907,27.3991,28.5485,3.55,3.7214,4.1061,0.0,-4.6059,-13.5442
AEG,9.119999885559082,9.12,2026-09-08,False,9.119999885559082,9.25,-0.22,28.15,BAJO,13408715776.0,11.92,9.68,1.3,11.07,0.1,5.82,8.62,-32.18,,0.43,1.16,6.0,YAHOO,0.6536,1.6118,0.0148,0.062928,3.3806,-0.0849,76.74,,999,2026-08-20,20.0,yahoo,1.0,1.0,1.0,0.0,1.0,0.0,1.0,0.0,1.0,2.5073,1.9496,6.7104,17.3265,19.9195,19.4936,9.2,9.2766,9.2766,-0.8696,-1.6876,-1.6876
SAN,14.859999656677246,14.86,2026-09-08,False,14.850000381469727,14.989999771118164,-0.47,55.05,BAJO,213185970176.0,14.25,10.26,1.65,13.11,0.78,43.44,33.46,,,,,4.0,YAHOO,0.6536,1.6118,0.0148,0.062928,3.3806,-0.0849,76.74,2026-10-28,49,,,yahoo,1.0,1.0,0.0,0.0,1.0,0.0,1.0,0.0,0.0,2.0604,0.9511,7.7592,22.2039,27.2232,28.4542,15.05,15.05,15.05,-1.2625,-1.2625,-1.2625
GGAL,44.119998931884766,44.12,2026-09-08,False,43.5,44.66999816894531,-0.54,51.22,BAJO,7538983936.0,127.11,6.35,11.72,1.09,0.2,17.32,1.5,,,,,1.0,YAHOO,0.6536,1.6118,0.0148,0.062928,3.3806,-0.0849,76.74,2026-11-24,76,2026-08-25,15.0,yahoo,1.0,0.0,0.0,0.0,0.0,0.0,0.0,0.0,0.0,0.8457,1.542,-10.4785,-7.9628,18.2866,46.6632,45.01,56.2493,58.6267,-1.9773,-21.5635,-24.7442
MELI,1926.25,1926.25,2026-09-08,False,1908.0,1969.4000244140625,-2.63,-17.01,BAJO,95123922944.0,51.0,33.02,12.14,27.5,4.31,6.72,5.3,0.37,26.36,1.69,1.12,5.0,YAHOO,0.6536,1.6118,0.0148,0.062928,3.3806,-0.0849,76.74,2026-11-04,56,,,yahoo,1.0,0.0,1.0,1.0,1.0,0.0,1.0,0.0,0.0,-0.5139,-1.1115,6.5504,19.4952,31.6202,36.4761,2006.58,2006.58,2510.97,-4.0033,-4.0033,-23.2866
WFC,87.95999908447266,87.96,2026-09-08,False,87.95999908447266,89.7300033569336,-2.23,14.48,BAJO,271161999360.0,13.03,11.35,1.69,12.57,1.08,37.39,27.23,,,,,3.0,YAHOO,0.6536,1.6118,0.0148,0.062928,3.3806,-0.0849,76.74,2026-10-13,34,,,yahoo,1.0,0.0,0.0,0.0,1.0,0.0,1.0,0.0,0.0,1.8173,3.8244,1.7892,9.27,31.7733,23.5253,89.97,89.97,94.8289,-2.2341,-2.2341,-7.2434
BNY,162.85000610351562,162.85,2026-09-08,False,161.47000122070312,164.8000030517578,-1.21,60.2,BAJO,110263705600.0,18.96,15.86,2.76,14.12,1.26,40.05,29.41,,,,,6.0,YAHOO,0.6536,1.6118,0.0148,0.062928,3.3806,-0.0849,76.74,2026-10-15,36,,,yahoo,1.0,1.0,1.0,1.0,1.0,0.0,1.0,0.0,0.0,0.9735,0.4379,7.3809,15.3182,18.1453,22.3866,164.84,164.84,164.84,-1.2072,-1.2072,-1.2072
BCS,26.799999237060547,26.8,2026-09-08,False,26.770000457763672,27.1200008392334,-0.74,38.46,BAJO,88629248000.0,10.13,7.97,1.0,10.09,0.47,42.95,27.87,,,,,6.0,YAHOO,0.6536,1.6118,0.0148,0.062928,3.3806,-0.0849,76.74,2026-10-22,43,,,yahoo,1.0,1.0,1.0,1.0,0.0,0.0,1.0,0.0,1.0,0.6006,-0.6303,-0.5102,11.849,23.0167,30.3016,28.14,28.2428,28.2428,-4.7619,-5.1085,-5.1085
HSBC,106.26000213623047,106.26,2026-09-08,False,106.25,107.16000366210938,-0.79,69.26,BAJO,359977156608.0,15.02,11.1,8.34,13.1,0.78,58.77,37.8,,,,,5.0,YAHOO,0.6536,1.6118,0.0148,0.062928,3.3806,-0.0849,76.74,2026-10-27,48,,,yahoo,1.0,0.0,1.0,1.0,1.0,0.0,1.0,0.0,0.0,3.025,2.0847,8.9299,16.6537,16.9531,20.3783,107.11,107.3417,107.3417,-0.7936,-1.0077,-1.0077
BHP,91.98999786376953,91.99,2026-09-08,False,91.91000366210938,93.61000061035156,1.74,77.76,BAJO,234451238912.0,23.9,19.7,4.6,24.0,13.43,43.34,16.73,4.09,8.35,0.5,1.89,7.0,YAHOO,0.6536,1.6118,0.0148,0.062928,3.3806,-0.0849,76.74,,999,2026-08-17,23.0,yahoo,1.0,0.0,1.0,1.0,1.0,1.0,0.0,1.0,1.0,0.0825,-3.2251,17.6292,12.3029,17.7412,33.5116,96.5823,96.5823,96.5823,-4.7548,-4.7548,-4.7548
LYG,6.0,6.0,2026-09-08,False,6.0,6.090000152587891,-1.32,43.16,BAJO,85666013184.0,13.77,9.25,1.53,11.34,0.56,44.96,26.43,,,,,6.0,YAHOO,0.6536,1.6118,0.0148,0.062928,3.3806,-0.0849,76.74,2026-10-29,50,,,yahoo,1.0,1.0,1.0,1.0,0.0,0.0,1.0,0.0,1.0,2.2147,-0.6623,1.865,14.7423,23.6699,27.1895,6.21,6.21,6.21,-3.3816,-3.3816,-3.3816
ING,37.15999984741211,37.16,2026-09-08,False,37.130001068115234,37.52000045776367,-0.05,58.56,BAJO,104467308544.0,13.68,11.44,1.8,17.12,0.8,49.1,34.49,,,,,2.0,YAHOO,0.6536,1.6118,0.0148,0.062928,3.3806,-0.0849,76.74,2026-10-29,50,,,yahoo,1.0,0.0,0.0,0.0,0.0,0.0,1.0,0.0,0.0,5.2095,6.0805,15.8252,29.3136,24.13,25.9475,37.18,37.18,37.18,-0.0538,-0.0538,-0.0538
IBN,29.530000686645508,29.53,2026-09-08,False,29.420000076293945,30.09000015258789,-2.54,-5.62,BAJO,104148434944.0,17.7,15.44,2.59,16.07,2.11,38.51,27.53,,,,,4.0,YAHOO,0.6536,1.6118,0.0148,0.062928,3.3806,-0.0849,76.74,2026-10-17,38,,,yahoo,1.0,0.0,1.0,1.0,1.0,0.0,0.0,0.0,0.0,-2.7339,-0.3711,2.257,15.8647,25.1189,19.1734,30.58,30.58,32.6665,-3.4336,-3.4336,-9.6016
MUFG,23.600000381469727,23.6,2026-09-08,False,23.600000381469727,23.969999313354492,-2.03,52.29,BAJO,260458397696.0,15.32,22.47,1.77,9.46,0.51,45.6,27.45,,,,,1.0,YAHOO,0.6536,1.6118,0.0148,0.062928,3.3806,-0.0849,76.74,2026-11-12,64,,,yahoo,1.0,0.0,0.0,0.0,0.0,0.0,0.0,0.0,0.0,3.7363,7.4681,11.0588,18.4739,37.9183,29.1481,24.13,24.13,24.13,-2.1964,-2.1964,-2.1964
GS,1036.530029296875,1036.53,2026-09-08,False,1028.56005859375,1043.8399658203125,-0.2,43.39,BAJO,299551326208.0,15.88,13.9,2.84,16.9,1.07,42.18,31.04,,,7.25,1.56,4.0,YAHOO,0.6536,1.6118,0.0148,0.062928,3.3806,-0.0849,76.74,2026-10-13,34,,,yahoo,1.0,1.0,0.0,0.0,0.0,0.0,1.0,0.0,1.0,1.531,0.514,-1.3602,-0.3247,26.4704,35.7353,1053.7192,1146.4551,1146.4551,-1.6313,-9.5883,-9.5883
BX,133.97000122070312,133.97,2026-09-08,False,133.27999877929688,137.07000732421875,-1.6,-18.64,BAJO,154277101568.0,28.87,17.23,11.45,31.37,14.33,54.36,22.73,,,0.68,0.87,5.0,YAHOO,0.6536,1.6118,0.0148,0.062928,3.3806,-0.0849,76.74,2026-10-22,43,,,yahoo,1.0,0.0,1.0,1.0,1.0,0.0,0.0,0.0,1.0,-6.4717,-6.7321,10.7954,18.5188,16.4982,36.2696,149.32,149.32,181.3246,-10.2799,-10.2799,-26.1159
ITUB,8.3100004196167,8.31,2026-09-08,False,8.270000457763672,8.449999809265137,1.96,32.17,BAJO,89056722944.0,9.85,8.18,2.11,21.48,1.58,39.07,32.58,,,,,4.0,YAHOO,0.6536,1.6118,0.0148,0.062928,3.3806,-0.0849,76.74,2026-11-03,55,,,yahoo,1.0,1.0,1.0,0.0,0.0,0.0,1.0,0.0,0.0,9.2411,10.5485,0.437,13.013,39.698,29.8085,8.31,8.6136,9.3754,0.0,-3.5245,-11.364
BAC,62.38999938964844,62.39,2026-09-08,False,62.11000061035156,62.81999969482422,-0.46,29.75,BAJO,438235529216.0,14.47,11.83,1.59,11.2,0.97,38.3,29.52,,,,,5.0,YAHOO,0.6536,1.6118,0.0148,0.062928,3.3806,-0.0849,76.74,2026-10-14,35,,,yahoo,1.0,1.0,1.0,0.0,0.0,0.0,1.0,0.0,1.0,1.2404,0.607,5.8368,16.9277,10.6245,18.0259,64.481,64.481,64.481,-3.2428,-3.2428,-3.2428
RACE,405.94000244140625,405.94,2026-09-08,False,403.82000732421875,412.2900085449219,-0.98,-13.35,BAJO,70670245888.0,37.39,31.51,16.69,45.44,13.61,31.06,22.25,1.42,29.35,0.86,2.43,9.0,YAHOO,0.6536,1.6118,0.0148,0.062928,3.3806,-0.0849,76.74,2026-11-03,55,,,yahoo,1.0,1.0,1.0,1.0,1.0,1.0,1.0,1.0,1.0,-3.9423,-4.3587,8.346,15.4649,22.7865,30.9851,436.54,436.54,498.3386,-7.0097,-7.0097,-18.5413
C,136.74000549316406,136.74,2026-09-08,False,135.75,137.97999572753906,-0.71,46.56,BAJO,231150796800.0,14.85,10.7,1.2,8.53,0.66,36.23,21.83,,,,,3.0,YAHOO,0.6536,1.6118,0.0148,0.062928,3.3806,-0.0849,76.74,2026-10-13,34,,,yahoo,1.0,0.0,0.0,0.0,1.0,0.0,1.0,0.0,0.0,3.89,3.8111,-1.5295,3.1177,25.81,27.5836,139.33,144.9331,144.9331,-1.8589,-5.653,-5.653
SCHW,106.87000274658203,106.87,2026-09-08,False,106.81999969482422,109.31999969482422,-2.21,16.74,BAJO,184243421184.0,19.41,13.65,4.19,20.27,2.07,52.28,38.79,,,1.51,0.66,7.0,YAHOO,0.6536,1.6118,0.0148,0.062928,3.3806,-0.0849,76.74,2026-10-15,36,,,yahoo,1.0,1.0,1.0,1.0,1.0,0.0,1.0,0.0,1.0,-2.6862,-5.9657,5.1728,21.6867,28.0857,23.7701,113.65,113.65,113.65,-5.9657,-5.9657,-5.9657
PG,145.5800018310547,145.58,2026-09-08,False,144.3000030517578,146.16000366210938,-0.59,-4.84,BAJO,331305975808.0,21.55,19.28,6.22,30.29,10.72,22.08,18.44,4.01,14.45,0.64,0.68,6.0,YAHOO,0.6536,1.6118,0.0148,0.062928,3.3806,-0.0849,76.74,2026-10-22,43,,,yahoo,1.0,0.0,1.0,1.0,1.0,0.0,1.0,0.0,1.0,0.317,-0.6958,-0.1248,1.0798,11.5973,19.1582,147.64,151.6182,164.7207,-1.3953,-3.9825,-11.6201
KO,88.36000061035156,88.36,2026-09-08,False,87.55000305175781,88.55000305175781,0.33,35.67,BAJO,376688181248.0,26.29,24.83,10.42,42.05,9.4,34.87,28.56,1.39,23.93,1.16,1.3,7.0,YAHOO,0.6536,1.6118,0.0148,0.062928,3.3806,-0.0849,76.74,2026-10-20,41,,,yahoo,1.0,1.0,1.0,0.0,1.0,1.0,1.0,1.0,0.0,-0.3496,-3.9461,6.9345,11.806,10.2525,22.4325,91.99,91.99,91.99,-3.9461,-3.9461,-3.9461
PEP,138.4499969482422,138.45,2026-09-08,False,137.0,138.97999572753906,0.6,2.57,BAJO,186718535680.0,17.91,15.23,8.45,51.51,8.93,16.84,10.79,4.19,12.27,2.39,0.93,5.0,YAHOO,0.6536,1.6118,0.0148,0.062928,3.3806,-0.0849,76.74,2026-10-08,29,,,yahoo,1.0,0.0,1.0,1.0,0.0,1.0,1.0,0.0,0.0,-0.2928,-3.2771,1.5008,-0.5338,9.9684,23.279,143.1409,144.7041,165.4534,-3.2771,-4.322,-16.3209
MO,68.16999816894531,68.17,2026-09-08,False,67.72000122070312,69.02999877929688,-1.03,11.59,BAJO,113358913536.0,14.29,11.58,-42.48,,29.55,61.46,39.0,7.97,8.6,,0.52,6.0,YAHOO,0.6536,1.6118,0.0148,0.062928,3.3806,-0.0849,76.74,2026-10-29,50,,,yahoo,1.0,0.0,1.0,1.0,0.0,1.0,1.0,1.0,0.0,-0.4527,-0.4382,-4.7772,-2.9465,8.2977,31.3828,69.57,74.92,74.92,-2.0124,-9.0096,-9.0096
WMT,106.05000305175781,106.05,2026-09-08,False,105.66000366210938,106.9000015258789,-1.02,5.47,BAJO,842203529216.0,38.34,32.76,8.93,22.31,6.41,3.45,3.0,0.85,20.64,0.72,0.77,7.0,YAHOO,0.6536,1.6118,0.0148,0.062928,3.3806,-0.0849,76.74,2026-11-19,71,2026-08-20,20.0,yahoo,1.0,1.0,1.0,1.0,1.0,0.0,1.0,1.0,0.0,1.1252,-0.4132,-5.2634,-11.2878,24.715,29.0784,115.7329,120.7509,133.8795,-8.3666,-12.1746,-20.787
TGT,162.7100067138672,162.71,2026-09-08,False,160.4499969482422,164.49000549316406,-1.05,85.94,BAJO,71560822784.0,16.36,16.51,4.01,26.41,5.69,6.04,4.08,4.8,9.93,1.08,0.99,6.0,YAHOO,0.6536,1.6118,0.0148,0.062928,3.3806,-0.0849,76.74,2026-11-18,70,2026-08-19,21.0,yahoo,1.0,0.0,1.0,1.0,1.0,1.0,1.0,0.0,0.0,1.1375,-4.2263,23.9577,32.2569,10.415,33.4312,169.89,169.89,169.89,-4.2263,-4.2263,-4.2263
MCD,255.80999755859375,255.81,2026-09-08,False,254.27999877929688,256.80999755859375,0.05,-15.2,BAJO,179372965888.0,20.61,18.13,-175.3,,13.25,46.48,31.72,3.49,15.62,,1.08,6.0,YAHOO,0.6536,1.6118,0.0148,0.062928,3.3806,-0.0849,76.74,2026-11-05,57,,,yahoo,1.0,0.0,1.0,1.0,1.0,0.0,1.0,1.0,0.0,-2.2432,-5.4714,-6.8218,-7.2546,11.3244,22.9745,273.7542,285.8979,334.5029,-6.5549,-10.524,-23.5253
SBUX,102.01000213623047,102.01,2026-09-08,False,101.75,104.76000213623047,-2.35,25.2,BAJO,114045599744.0,57.83,32.05,-14.86,,8.02,12.92,5.17,2.69,23.55,,0.76,5.0,YAHOO,0.6536,1.6118,0.0148,0.062928,3.3806,-0.0849,76.74,2026-10-28,49,,,yahoo,1.0,0.0,1.0,1.0,1.0,0.0,0.0,0.0,1.0,-3.9906,-5.0981,-3.5843,8.2008,18.9991,21.8232,108.49,108.49,108.49,-5.9729,-5.9729,-5.9729
NKE,38.099998474121094,38.1,2026-09-08,False,37.900001525878906,38.7400016784668,-0.78,-46.01,BAJO,55408676864.0,17.79,16.3,3.73,22.14,6.97,12.69,6.7,3.41,11.65,0.74,1.96,4.0,YAHOO,0.6536,1.6118,0.0148,0.062928,3.3806,-0.0849,76.74,2026-10-01,22,,,yahoo,1.0,0.0,1.0,0.0,1.0,0.0,0.0,1.0,0.0,-1.423,-5.5113,-9.9949,-10.9318,17.2463,32.3059,40.8863,44.7256,72.1898,-6.8147,-14.8138,-47.2224
MDLZ,61.630001068115234,61.63,2026-09-08,False,60.470001220703125,61.88999938964844,0.57,3.87,BAJO,79667150848.0,22.86,18.57,3.0,13.34,4.12,21.98,8.86,2.83,16.46,0.83,0.6,5.0,YAHOO,0.6536,1.6118,0.0148,0.062928,3.3806,-0.0849,76.74,2026-10-27,48,,,yahoo,1.0,0.0,1.0,1.0,0.0,0.0,1.0,0.0,1.0,-0.7089,-4.745,5.7118,0.8873,20.132,27.1776,64.7,64.99,64.99,-4.745,-5.17,-5.17
HSY,173.27000427246094,173.27,2026-09-08,False,170.38999938964844,175.0,0.07,-3.9,BAJO,34597392384.0,23.56,17.45,7.58,32.81,9.92,23.12,12.24,5.04,14.6,1.3,1.18,4.0,YAHOO,0.6536,1.6118,0.0148,0.062928,3.3806,-0.0849,76.74,2026-11-05,57,,,yahoo,1.0,0.0,1.0,1.0,0.0,1.0,0.0,0.0,0.0,-1.6685,-8.7765,1.7375,-0.7206,15.9873,28.4095,189.94,189.94,232.6481,-8.7765,-8.7765,-25.5227
ANF,151.42999267578125,151.43,2026-09-08,False,148.5399932861328,153.1999969482422,1.18,59.66,BAJO,6453420032.0,13.13,11.84,4.91,40.61,13.63,19.94,10.04,6.75,7.77,0.94,1.41,5.0,YAHOO,0.6536,1.6118,0.0148,0.062928,3.3806,-0.0849,76.74,2026-11-25,77,2026-08-26,14.0,yahoo,1.0,0.0,1.0,1.0,0.0,1.0,1.0,0.0,0.0,5.8359,34.7722,69.7075,90.4301,57.457,87.8224,151.43,151.43,151.43,0.0,0.0,0.0
EBAY,104.58999633789062,104.59,2026-09-08,False,99.8499984741211,105.25,1.14,14.79,BAJO,46061948928.0,21.75,15.37,9.87,46.61,9.15,21.57,18.57,3.43,16.11,1.53,1.02,5.0,YAHOO,0.6536,1.6118,0.0148,0.062928,3.3806,-0.0849,76.74,2026-11-04,56,,,yahoo,1.0,1.0,1.0,0.0,0.0,0.0,1.0,0.0,1.0,0.9946,-2.0284,-10.5872,-3.2571,28.8907,32.5425,106.7554,117.084,118.2715,-2.0284,-10.671,-11.5679
ABEV,3.0399999618530273,3.04,2026-09-08,False,3.0399999618530273,3.109999895095825,0.66,39.49,BAJO,46414192640.0,15.05,14.09,2.7,18.4,10.3,23.74,18.41,42.79,1.18,0.03,1.02,8.0,YAHOO,0.6536,1.6118,0.0148,0.062928,3.3806,-0.0849,76.74,2026-10-29,50,,,yahoo,1.0,1.0,1.0,1.0,1.0,0.0,1.0,1.0,1.0,5.9233,4.1096,0.0,-0.6944,27.5628,20.4283,3.04,3.2407,3.4202,0.0,-6.1944,-11.1171
UL,63.540000915527344,63.54,2026-09-08,False,63.470001220703125,64.22000122070312,-1.03,-7.86,BAJO,134557507584.0,21.11,15.81,7.13,31.87,8.29,20.34,18.32,5.0,14.97,1.75,0.74,7.0,YAHOO,0.6536,1.6118,0.0148,0.062928,3.3806,-0.0849,76.74,2026-10-28,49,2026-07-28,43.0,finnhub,1.0,1.0,1.0,0.0,0.0,1.0,1.0,1.0,1.0,-2.02,-2.725,5.0573,14.2351,9.0844,27.7172,65.32,66.3122,72.7099,-2.725,-4.1806,-12.6116
URBN,79.43000030517578,79.43,2026-09-08,False,79.08000183105469,82.73999786376953,-1.9,9.71,BAJO,6644757504.0,12.14,11.24,2.54,20.94,8.11,11.62,8.79,1.52,9.12,0.43,1.58,8.0,YAHOO,0.6536,1.6118,0.0148,0.062928,3.3806,-0.0849,76.74,2026-11-25,77,2026-08-26,14.0,yahoo,1.0,1.0,1.0,1.0,0.0,1.0,1.0,1.0,1.0,-1.5615,4.4444,14.6673,10.5036,28.549,43.7528,82.95,82.95,82.95,-4.2435,-4.2435,-4.2435
CL,88.41000366210938,88.41,2026-09-08,False,87.66999816894531,88.66000366210938,-0.41,8.55,BAJO,70175121408.0,34.66,21.43,297.4,267.37,15.84,20.97,9.68,4.93,15.43,13.88,1.03,5.0,YAHOO,0.6536,1.6118,0.0148,0.062928,3.3806,-0.0849,76.74,2026-10-30,51,,,yahoo,1.0,0.0,1.0,1.0,1.0,0.0,1.0,0.0,0.0,-1.5698,-4.4733,-2.2999,3.3076,13.3626,21.6251,92.93,94.5877,97.966,-4.8639,-6.5312,-9.7544
COST,910.1799926757812,910.18,2026-09-08,False,906.0999755859375,915.1300048828125,-0.61,-4.88,BAJO,400283959296.0,45.49,39.89,24.21,29.15,8.67,3.67,3.01,1.74,28.91,0.6,1.07,6.0,YAHOO,0.6536,1.6118,0.0148,0.062928,3.3806,-0.0849,76.74,2026-09-24,15,,,yahoo,1.0,0.0,1.0,1.0,1.0,1.0,0.0,1.0,0.0,-3.5714,-6.3022,-0.1471,-6.4758,6.4482,20.6882,971.4,985.1138,1092.5829,-6.3022,-7.6066,-16.6947
KMB,102.93000030517578,102.93,2026-09-08,False,102.80999755859375,104.69999694824219,-1.93,-15.71,BAJO,32825550848.0,19.51,13.16,18.76,104.91,10.2,19.0,11.79,2.87,11.07,3.49,0.91,4.0,YAHOO,0.6536,1.6118,0.0148,0.062928,3.3806,-0.0849,76.74,2026-11-03,55,,,yahoo,1.0,0.0,1.0,1.0,1.0,0.0,0.0,0.0,0.0,-3.5061,-6.4693,-5.2441,6.5628,29.3453,27.3263,110.0495,113.3795,124.5918,-6.4693,-9.2164,-17.3862
ORLY,85.88999938964844,85.89,2026-09-08,False,85.55000305175781,87.30000305175781,-2.28,-18.36,BAJO,69635342336.0,27.33,23.58,-38.27,,13.67,20.15,14.27,2.26,18.9,,0.75,7.0,YAHOO,0.6536,1.6118,0.0148,0.062928,3.3806,-0.0849,76.74,2026-10-28,49,,,yahoo,1.0,0.0,1.0,1.0,1.0,1.0,1.0,1.0,0.0,-3.277,-5.2823,0.9046,-3.5161,21.7273,31.4181,92.58,93.53,107.82,-7.2262,-8.1685,-20.3395
PM,184.72999572753906,184.73,2026-09-08,False,181.00999450683594,187.36000061035156,1.21,18.55,BAJO,289450098688.0,25.51,20.24,-33.72,,14.59,40.0,25.56,3.36,18.57,,0.98,7.0,YAHOO,0.6536,1.6118,0.0148,0.062928,3.3806,-0.0849,76.74,2026-10-21,42,,,yahoo,1.0,1.0,1.0,1.0,1.0,1.0,0.0,1.0,0.0,-1.3721,-3.5151,1.965,5.7943,22.3331,28.5953,194.1,200.17,200.17,-4.8274,-7.7134,-7.7134
ETSY,72.81999969482422,72.82,2026-09-08,False,71.44000244140625,76.26499938964844,-4.82,26.03,BAJO,6533942784.0,22.53,10.33,-4.71,,10.53,18.74,7.11,2.6,18.03,,1.48,5.0,YAHOO,0.6536,1.6118,0.0148,0.062928,3.3806,-0.0849,76.74,2026-11-04,56,,,yahoo,1.0,0.0,1.0,1.0,1.0,0.0,1.0,0.0,0.0,-10.4635,-16.3277,-6.3047,5.7969,55.9563,46.4498,87.03,87.03,87.03,-16.3277,-16.3277,-16.3277
TM,191.4499969482422,191.45,2026-09-08,False,191.35000610351562,194.0,-2.87,-4.68,BAJO,226143502336.0,8.49,12.1,15.53,12.4,2.34,7.86,8.63,-1591.89,6.28,1.15,1.17,3.0,YAHOO,0.6536,1.6118,0.0148,0.062928,3.3806,-0.0849,76.74,2026-11-05,57,,,yahoo,1.0,0.0,1.0,1.0,0.0,0.0,0.0,0.0,0.0,-2.5898,-1.2177,9.8267,7.285,25.9481,24.9344,199.87,199.87,248.29,-4.2127,-4.2127,-22.8926
HMC,31.059999465942383,31.06,2026-09-08,False,31.049999237060547,31.65999984741211,-4.93,-9.96,BAJO,40617140224.0,,,0.51,-0.76,-0.15,8.76,-0.75,659.22,7.16,1.14,1.29,3.0,YAHOO,0.6536,1.6118,0.0148,0.062928,3.3806,-0.0849,76.74,2026-11-05,57,,,yahoo,0.0,0.0,1.0,1.0,0.0,0.0,1.0,0.0,0.0,-2.816,-4.6947,12.577,15.165,48.903,31.1697,33.37,33.37,34.85,-6.9224,-6.9224,-10.8752
NSANY,4.010000228881836,4.01,2026-09-09,False,4.010000228881836,4.03000020980835,1.26,-17.58,BAJO,7010247168.0,,4.66,0.22,-7.65,0.69,2.63,-3.37,-19394.23,15.32,1.72,1.54,4.0,YAHOO,0.6536,1.6118,0.0148,0.062928,3.3806,-0.0849,76.74,2026-11-05,57,,,yahoo,0.0,1.0,1.0,1.0,0.0,1.0,0.0,0.0,0.0,-4.067,-1.956,2.2959,-4.5238,30.7208,38.1828,4.26,4.51,6.05,-5.8685,-11.0865,-33.719
GM,85.79000091552734,85.79,2026-09-08,False,85.30999755859375,87.8499984741211,-2.24,49.59,BAJO,75756863488.0,37.39,5.64,1.18,3.16,2.25,3.2,1.05,28.95,10.88,2.02,1.14,5.0,YAHOO,0.6536,1.6118,0.0148,0.062928,3.3806,-0.0849,76.74,2026-10-20,41,,,yahoo,1.0,0.0,1.0,1.0,0.0,1.0,1.0,0.0,0.0,-0.4085,-1.1642,12.1558,2.6232,34.4446,29.7901,89.1656,90.1136,90.1136,-3.7858,-4.798,-4.798
ARCO,8.180000305175781,8.18,2026-09-08,False,8.09000015258789,8.220000267028809,0.12,25.0,BAJO,1704264192.0,6.58,9.41,2.05,36.36,6.91,5.56,5.16,7.56,5.93,2.64,0.88,6.0,YAHOO,0.6536,1.6118,0.0148,0.062928,3.3806,-0.0849,76.74,2026-11-18,70,2026-08-13,27.0,yahoo,1.0,1.0,1.0,1.0,0.0,1.0,1.0,0.0,0.0,3.2828,1.1125,-1.2077,0.457,18.542,23.383,8.25,8.7577,9.4222,-0.8485,-6.5966,-13.184
HD,313.70001220703125,313.7,2026-09-08,False,313.239990234375,321.5,-2.29,-22.27,BAJO,309732737024.0,21.71,19.37,18.65,104.3,12.14,12.86,8.41,3.47,15.04,3.8,1.08,4.0,YAHOO,0.6536,1.6118,0.0148,0.062928,3.3806,-0.0849,76.74,2026-11-17,69,2026-08-18,22.0,yahoo,1.0,0.0,1.0,1.0,1.0,0.0,0.0,0.0,0.0,-3.605,-6.3475,-6.7069,2.0347,23.0073,28.0298,351.8869,355.2818,411.7595,-10.852,-11.7039,-23.8147
DIS,105.05999755859375,105.06,2026-09-08,False,103.70999908447266,105.11000061035156,-0.24,-9.4,BAJO,179886243840.0,21.48,13.94,1.64,8.01,4.81,19.3,8.7,2.7,10.86,0.39,0.71,8.0,YAHOO,0.6536,1.6118,0.0148,0.062928,3.3806,-0.0849,76.74,2026-11-12,64,,,yahoo,1.0,1.0,1.0,1.0,1.0,0.0,1.0,1.0,1.0,-2.3152,-5.0176,9.244,7.075,22.5893,27.7555,111.25,111.25,117.1437,-5.564,-5.564,-10.3153
JNJ,269.1199951171875,269.12,2026-09-08,False,266.8800048828125,271.989990234375,-2.22,55.4,BAJO,643635675136.0,31.02,21.7,7.57,25.74,8.6,29.19,21.48,2.62,19.27,0.58,1.09,3.0,YAHOO,0.6536,1.6118,0.0148,0.062928,3.3806,-0.0849,76.74,2026-10-13,34,,,yahoo,1.0,1.0,1.0,0.0,0.0,0.0,0.0,0.0,0.0,1.23,-0.9496,4.3795,16.4918,28.5255,26.2201,278.43,278.43,278.43,-3.3437,-3.3437,-3.3437
LLY,1123.9100341796875,1123.91,2026-09-08,False,1113.550048828125,1134.530029296875,-2.21,54.03,BAJO,1002504519680.0,37.75,23.79,29.58,102.29,20.36,54.22,33.53,1.1,25.13,1.62,1.35,7.0,YAHOO,0.6536,1.6118,0.0148,0.062928,3.3806,-0.0849,76.74,2026-10-29,50,,,yahoo,1.0,1.0,1.0,0.0,0.0,1.0,1.0,1.0,1.0,-2.8373,-9.8658,-7.513,-2.0562,16.4781,33.7556,1280.34,1280.34,1280.34,-12.2178,-12.2178,-12.2178
NVO,45.15999984741211,45.16,2026-09-08,False,45.150001525878906,45.90999984741211,-3.09,-11.73,BAJO,196907302912.0,10.92,13.04,5.75,59.81,18.73,42.54,35.35,19.13,1.68,0.63,0.87,4.0,YAHOO,0.6536,1.6118,0.0148,0.062928,3.3806,-0.0849,76.74,2026-11-04,56,,,yahoo,1.0,0.0,1.0,1.0,0.0,1.0,0.0,0.0,0.0,-0.375,-3.7511,-6.4299,11.4994,49.4242,37.5378,48.66,50.9588,60.9379,-7.1928,-11.3794,-25.8917
AMGN,393.1700134277344,393.17,2026-09-08,False,391.1700134277344,410.0299987792969,-10.08,45.13,BAJO,211533070336.0,24.33,16.04,18.1,91.47,8.67,35.55,22.95,4.09,14.76,4.9,1.37,7.0,YAHOO,0.6536,1.6118,0.0148,0.062928,3.3806,-0.0849,76.74,2026-11-03,55,,,yahoo,1.0,1.0,1.0,1.0,1.0,0.0,0.0,1.0,1.0,-8.5396,-11.4163,8.7585,14.3863,81.395,33.3393,444.12,444.12,444.12,-11.4721,-11.4721,-11.4721
UNH,400.8399963378906,400.84,2026-09-08,False,390.44000244140625,403.8900146484375,0.93,29.43,BAJO,352808632320.0,25.28,17.52,3.61,14.15,4.87,7.13,3.14,6.88,15.07,0.69,0.78,6.0,YAHOO,0.6536,1.6118,0.0148,0.062928,3.3806,-0.0849,76.74,2026-10-27,48,,,yahoo,1.0,0.0,1.0,1.0,1.0,0.0,1.0,0.0,1.0,2.9352,0.5216,-7.1442,-0.8463,13.7657,23.5584,405.59,436.35,436.35,-1.1711,-8.138,-8.138
PFE,27.790000915527344,27.79,2026-09-08,False,27.719999313354492,28.149999618530273,-2.32,22.05,BAJO,158336942080.0,36.55,9.59,1.86,5.01,5.78,27.88,6.8,7.89,8.29,0.74,1.27,5.0,YAHOO,0.6536,1.6118,0.0148,0.062928,3.3806,-0.0849,76.74,2026-11-03,55,,,yahoo,1.0,0.0,1.0,1.0,0.0,0.0,0.0,1.0,1.0,-2.3542,-0.6435,16.6027,10.3675,26.6034,22.8268,29.02,29.02,29.02,-4.2385,-4.2385,-4.2385
ABT,105.5199966430664,105.52,2026-09-08,False,105.23999786376953,108.38999938964844,-2.59,-17.42,BAJO,182088253440.0,34.06,17.35,3.56,10.58,5.33,14.71,11.65,3.96,17.97,0.63,1.38,5.0,YAHOO,0.6536,1.6118,0.0148,0.062928,3.3806,-0.0849,76.74,2026-10-14,35,,,yahoo,1.0,0.0,1.0,1.0,1.0,0.0,0.0,1.0,0.0,-4.3857,-9.5569,12.5769,17.4283,27.1561,33.352,116.67,116.67,133.5335,-9.5569,-9.5569,-20.9786
CVS,96.06999969482422,96.07,2026-09-08,False,95.23999786376953,96.7300033569336,-0.69,41.99,BAJO,121988186112.0,25.17,11.19,1.53,6.21,2.97,3.86,1.18,6.62,11.06,0.96,0.87,6.0,YAHOO,0.6536,1.6118,0.0148,0.062928,3.3806,-0.0849,76.74,2026-10-28,49,,,yahoo,1.0,0.0,1.0,1.0,1.0,1.0,0.0,0.0,1.0,2.3001,2.0827,-5.9773,-0.4277,4.3717,26.3104,97.6,109.9195,109.9195,-1.5676,-12.5997,-12.5997
ABBV,248.77999877929688,248.78,2026-09-08,False,248.41000366210938,254.6199951171875,-2.99,23.18,BAJO,443387412480.0,71.08,15.41,-74.7,,10.51,40.03,9.8,3.8,16.5,,0.81,7.0,YAHOO,0.6536,1.6118,0.0148,0.062928,3.3806,-0.0849,76.74,2026-10-29,50,,,yahoo,1.0,0.0,1.0,1.0,1.0,1.0,0.0,1.0,1.0,-2.9795,-5.9504,0.2564,12.3193,24.4136,29.9289,265.97,265.97,265.97,-6.4631,-6.4631,-6.4631
TMO,603.02001953125,603.02,2026-09-08,False,595.8200073242188,608.0999755859375,-1.75,25.02,BAJO,223952240640.0,32.62,22.0,4.25,13.51,5.13,18.75,15.04,2.79,22.37,0.81,1.55,5.0,YAHOO,0.6536,1.6118,0.0148,0.062928,3.3806,-0.0849,76.74,2026-10-21,42,,,yahoo,1.0,0.0,1.0,1.0,0.0,1.0,1.0,0.0,0.0,-2.2816,-4.0907,14.9244,28.5319,25.955,30.3097,633.71,633.71,638.1787,-4.8429,-4.8429,-5.5092
AZN,160.0399932861328,160.04,2026-09-08,False,159.39999389648438,163.9600067138672,-1.63,0.05,BAJO,243397607424.0,23.53,13.82,4.84,21.96,8.02,23.46,17.02,2.02,13.61,0.64,0.89,7.0,YAHOO,0.6536,1.6118,0.0148,0.062928,3.3806,-0.0849,76.74,2026-10-30,51,,,yahoo,1.0,1.0,1.0,1.0,1.0,1.0,0.0,1.0,0.0,-1.2891,-4.001,-10.3367,-11.848,25.5241,33.884,169.66,195.15,208.62,-5.6702,-17.9913,-23.2864
CAH,240.49000549316406,240.49,2026-09-08,False,239.42999267578125,245.8300018310547,-2.71,62.61,BAJO,55818174464.0,33.15,17.05,-19.4,,3.72,1.33,0.67,8.51,14.4,,0.88,8.0,YAHOO,0.6536,1.6118,0.0148,0.062928,3.3806,-0.0849,76.74,2026-11-05,57,2026-08-11,29.0,yahoo,1.0,1.0,1.0,1.0,1.0,0.0,1.0,1.0,1.0,2.5019,3.4944,2.8746,17.8665,36.4021,23.0643,248.61,248.61,248.61,-3.2662,-3.2662,-3.2662
ISRG,350.1600036621094,350.16,2026-09-08,False,347.5199890136719,362.5299987792969,-4.51,-24.58,BAJO,126558134272.0,40.51,29.26,6.88,17.42,10.51,33.6,28.45,2.07,28.63,,4.96,7.0,YAHOO,0.6536,1.6118,0.0148,0.062928,3.3806,-0.0849,76.74,2026-10-20,41,,,yahoo,1.0,1.0,1.0,1.0,0.0,1.0,1.0,0.0,1.0,-7.0849,-6.2666,-14.9168,-16.3517,35.6416,48.3965,401.27,432.83,592.85,-12.7371,-19.0999,-40.9362
MRNA,140.3300018310547,140.33,2026-09-08,False,139.6999969482422,147.5,-3.59,466.08,BAJO,54140383232.0,,-29.53,8.0,-39.0,-13.26,-557.93,-141.43,0.55,-22.91,0.19,2.29,3.0,YAHOO,0.6536,1.6118,0.0148,0.062928,3.3806,-0.0849,76.74,2026-11-05,57,,,yahoo,0.0,1.0,0.0,1.0,0.0,0.0,0.0,1.0,0.0,-0.0071,1.0368,83.2942,194.8109,15.0182,377.9397,174.38,174.38,174.38,-19.5263,-19.5263,-19.5263
NVS,137.6999969482422,137.7,2026-09-08,False,137.1199951171875,140.4600067138672,-13.93,11.16,BAJO,261310267392.0,20.77,14.02,6.29,30.35,10.25,34.62,22.5,4.55,13.12,1.17,0.86,8.0,YAHOO,0.6536,1.6118,0.0148,0.062928,3.3806,-0.0849,76.74,2026-10-27,48,,,yahoo,1.0,1.0,1.0,1.0,0.0,1.0,1.0,1.0,1.0,-9.4436,-12.8591,-10.943,-5.9555,110.1523,39.7485,163.09,163.09,163.6393,-15.5681,-15.5681,-15.8515
PHG,25.290000915527344,25.29,2026-09-08,False,25.280000686645508,25.690000534057617,-2.32,-4.77,BAJO,24455235584.0,18.95,13.14,1.83,10.15,4.07,13.99,6.31,6.25,12.48,0.65,1.26,7.0,YAHOO,0.6536,1.6118,0.0148,0.062928,3.3806,-0.0849,76.74,2026-11-03,55,,,yahoo,1.0,1.0,1.0,1.0,0.0,1.0,0.0,1.0,1.0,-4.8175,-8.1032,-7.2267,-2.0527,12.0323,24.001,27.62,28.23,31.6757,-8.4359,-10.4144,-20.1597
MRK,148.4600067138672,148.46,2026-09-08,False,146.27999877929688,149.60000610351562,-1.24,83.37,BAJO,363981832192.0,118.02,15.45,8.69,6.96,11.87,-0.24,4.77,4.17,14.23,1.28,1.32,4.0,YAHOO,0.6536,1.6118,0.0148,0.062928,3.3806,-0.0849,76.74,2026-10-29,50,,,yahoo,1.0,0.0,1.0,0.0,0.0,1.0,1.0,0.0,0.0,0.4737,-1.4602,18.7015,25.1068,19.8765,37.7567,156.45,156.45,156.45,-5.1071,-5.1071,-5.1071
GILD,146.63999938964844,146.64,2026-09-08,False,145.4499969482422,148.64999389648438,-2.89,30.76,BAJO,180599472128.0,,14.73,15.28,-20.68,14.09,33.68,-10.64,5.41,13.83,2.23,1.26,8.0,YAHOO,0.6536,1.6118,0.0148,0.062928,3.3806,-0.0849,76.74,2026-10-29,50,,,yahoo,1.0,1.0,1.0,1.0,1.0,0.0,1.0,1.0,1.0,0.205,-0.0682,8.7511,15.2254,26.5456,29.3929,151.22,151.22,153.9087,-3.0287,-3.0287,-4.7227
BMY,64.69000244140625,64.69,2026-09-08,False,64.4000015258789,65.88999938964844,-3.19,46.02,BAJO,131571253248.0,14.19,9.82,5.9,46.6,10.72,34.42,18.87,6.17,8.75,2.02,1.53,8.0,YAHOO,0.6536,1.6118,0.0148,0.062928,3.3806,-0.0849,76.74,2026-10-29,50,,,yahoo,1.0,1.0,1.0,1.0,1.0,1.0,0.0,1.0,1.0,-3.1732,-3.8496,11.65,17.7258,32.4364,29.0589,68.09,68.09,68.09,-4.9934,-4.9934,-4.9934
HIMS,28.170000076293945,28.17,2026-09-08,False,27.610000610351562,28.329999923706055,1.66,-42.34,BAJO,6509444096.0,,36.6,20.09,-32.03,-2.21,-12.75,-5.51,13.05,-708.92,4.77,0.93,4.0,YAHOO,0.6536,1.6118,0.0148,0.062928,3.3806,-0.0849,76.74,2026-11-09,61,,,yahoo,1.0,0.0,1.0,1.0,0.0,1.0,0.0,0.0,0.0,-4.7667,-9.3629,-20.536,3.6805,32.297,92.6696,33.78,38.28,62.76,-16.6075,-26.4107,-55.1147
CAT,822.47998046875,822.48,2026-09-08,False,817.0900268554688,830.5,1.05,97.21,BAJO,374892429312.0,35.17,25.19,19.33,56.97,9.03,22.18,14.51,1.35,25.48,2.33,1.37,6.0,YAHOO,0.6536,1.6118,0.0148,0.062928,3.3806,-0.0849,76.74,2026-10-29,50,,,yahoo,1.0,0.0,1.0,1.0,1.0,1.0,1.0,0.0,0.0,3.1362,1.413,-12.1894,-10.0077,6.2822,43.3536,881.65,1062.9282,1062.9282,-6.7113,-22.6213,-22.6213
GE,334.9100036621094,334.91,2026-09-08,False,332.0400085449219,342.7300109863281,-0.66,22.85,BAJO,337643601920.0,38.42,35.79,19.14,48.23,5.07,20.57,17.72,1.95,30.32,1.13,0.98,6.0,YAHOO,0.6536,1.6118,0.0148,0.062928,3.3806,-0.0849,76.74,2026-10-20,41,,,yahoo,1.0,1.0,1.0,0.0,0.0,0.0,1.0,1.0,1.0,-0.2383,-2.0273,-6.7207,4.126,15.801,29.286,375.09,381.22,381.22,-10.7121,-12.1478,-12.1478
LMT,536.1500244140625,536.15,2026-09-08,False,531.3699951171875,541.5900268554688,2.07,20.71,BAJO,121040519168.0,19.33,16.03,13.76,89.17,8.64,11.96,8.16,4.6,14.23,2.34,1.19,6.0,YAHOO,0.6536,1.6118,0.0148,0.062928,3.3806,-0.0849,76.74,2026-10-20,41,,,yahoo,1.0,0.0,1.0,1.0,1.0,0.0,1.0,1.0,0.0,-3.8779,-4.3737,4.0918,3.7295,31.1186,35.692,604.9383,604.9383,668.166,-11.3711,-11.3711,-19.758
RTX,198.80999755859375,198.81,2026-09-08,False,198.1300048828125,201.75,-0.99,31.74,BAJO,266249617408.0,34.72,25.15,4.01,12.27,4.21,12.7,8.28,3.71,18.78,0.57,1.01,8.0,YAHOO,0.6536,1.6118,0.0148,0.062928,3.3806,-0.0849,76.74,2026-10-20,41,,,yahoo,1.0,1.0,1.0,1.0,1.0,1.0,0.0,1.0,1.0,-4.294,-4.9756,2.1877,11.6481,18.3335,28.0513,225.49,225.49,225.49,-11.832,-11.832,-11.832
UAL,108.23999786376953,108.24,2026-09-08,False,108.05999755859375,110.48999786376953,-2.82,1.35,BAJO,34767908864.0,10.03,7.07,2.08,23.25,3.38,5.53,5.56,2.62,7.3,2.02,0.78,7.0,YAHOO,0.6536,1.6118,0.0148,0.062928,3.3806,-0.0849,76.74,2026-10-21,42,,,yahoo,1.0,1.0,1.0,1.0,1.0,0.0,1.0,0.0,1.0,0.2315,-4.6931,-16.1255,2.7725,44.7398,40.6967,126.35,136.11,136.11,-14.3332,-20.4761,-20.4761
F,14.0,14.0,2026-09-08,False,13.869999885559082,14.600000381469727,-4.24,26.26,BAJO,53633163264.0,,6.98,1.5,-18.25,0.35,1.88,-3.94,-14.8,25.49,4.57,1.09,2.0,YAHOO,0.6536,1.6118,0.0148,0.062928,3.3806,-0.0849,76.74,2026-10-22,43,,,yahoo,0.0,0.0,1.0,1.0,0.0,0.0,0.0,0.0,0.0,0.4304,0.5025,3.9796,-5.6558,48.527,30.095,14.62,15.1163,17.2531,-4.2408,-7.3847,-18.8554
AAL,12.90999984741211,12.91,2026-09-08,False,12.880000114440918,13.15999984741211,-1.68,0.61,BAJO,8565890560.0,,5.73,-2.16,,1.12,2.81,-0.56,6.06,10.66,,0.53,4.0,YAHOO,0.6536,1.6118,0.0148,0.062928,3.3806,-0.0849,76.74,2026-10-22,43,,,yahoo,1.0,0.0,1.0,1.0,0.0,0.0,0.0,0.0,1.0,-3.8719,-5.2825,-24.3259,-5.0735,24.2095,46.9843,15.29,18.15,18.15,-15.5657,-28.8705,-28.8705
UNP,288.45001220703125,288.45,2026-09-08,False,287.1000061035156,291.07000732421875,-0.4,36.48,BAJO,169157050368.0,23.06,20.12,8.71,39.7,9.27,40.98,28.85,2.79,15.38,1.51,0.99,8.0,YAHOO,0.6536,1.6118,0.0148,0.062928,3.3806,-0.0849,76.74,2026-10-22,43,,,yahoo,1.0,1.0,1.0,1.0,1.0,1.0,1.0,1.0,0.0,-4.0643,-6.4776,1.6659,7.8604,3.9277,22.9023,309.1852,309.1852,309.1852,-6.7064,-6.7064,-6.7064
FDX,314.1300048828125,314.13,2026-09-08,False,314.05999755859375,321.1499938964844,-2.6,76.43,BAJO,73176129536.0,16.65,14.82,2.34,14.85,5.01,11.13,4.68,7.73,8.66,1.36,1.48,5.0,YAHOO,0.6536,1.6118,0.0148,0.062928,3.3806,-0.0849,76.74,2026-10-28,49,,,yahoo,1.0,0.0,1.0,1.0,0.0,1.0,0.0,1.0,0.0,-4.0531,-5.9632,1.0584,-4.5154,37.8121,26.7516,339.35,339.35,339.35,-7.4319,-7.4319,-7.4319
PCAR,122.5,122.5,2026-09-08,False,122.4000015258789,124.66999816894531,-1.76,28.67,BAJO,64153358336.0,25.66,16.95,3.16,12.76,4.12,12.02,9.0,3.03,21.49,0.73,5.52,4.0,YAHOO,0.6536,1.6118,0.0148,0.062928,3.3806,-0.0849,76.74,2026-10-27,48,,,yahoo,1.0,0.0,1.0,1.0,0.0,1.0,0.0,0.0,0.0,-1.3131,-5.7257,-0.3696,3.7018,24.2492,27.4949,132.18,137.845,137.845,-7.3233,-11.1321,-11.1321
MMM,167.52000427246094,167.52,2026-09-08,False,165.7100067138672,168.55999755859375,-0.62,11.7,BAJO,84784766976.0,29.2,16.81,28.72,81.89,8.74,20.35,11.9,7.49,14.29,4.38,1.24,5.0,YAHOO,0.6536,1.6118,0.0148,0.062928,3.3806,-0.0849,76.74,2026-10-20,41,,,yahoo,1.0,0.0,1.0,0.0,0.0,1.0,1.0,0.0,1.0,-2.5083,-6.4186,8.313,9.3619,7.059,25.3982,182.979,182.979,182.979,-8.4485,-8.4485,-8.4485
PAC,205.3800048828125,205.38,2026-09-08,False,204.9199981689453,212.66000366210938,-1.34,-17.01,BAJO,12373403648.0,19.03,16.42,578.77,28.03,10.47,44.16,30.83,55.75,81.85,1.18,0.74,7.0,YAHOO,0.6536,1.6118,0.0148,0.062928,3.3806,-0.0849,76.74,2026-10-19,40,,,yahoo,1.0,1.0,1.0,1.0,0.0,1.0,1.0,0.0,1.0,-0.3203,-0.0146,-12.4067,-8.5126,28.8423,28.6875,214.96,254.56,300.41,-4.4566,-19.3196,-31.6334
GT,5.849999904632568,5.85,2026-09-08,False,5.829999923706055,6.21999979019165,-6.4,-30.98,BAJO,1655417856.0,,10.19,0.58,-61.53,0.51,-0.96,-14.37,30.03,9.34,2.74,1.09,5.0,YAHOO,0.6536,1.6118,0.0148,0.062928,3.3806,-0.0849,76.74,2026-11-03,55,,,yahoo,0.0,0.0,1.0,1.0,1.0,1.0,0.0,0.0,1.0,-6.6986,-2.5,-11.8976,0.8621,71.7263,50.3463,6.35,7.45,10.54,-7.874,-21.4765,-44.4972
BA,210.72999572753906,210.73,2026-09-08,False,210.58999633789062,215.2899932861328,-0.72,-7.84,BAJO,163148185600.0,74.25,50.46,26.75,173.54,-1.98,0.0,2.59,3.45,-66.29,7.91,1.14,6.0,YAHOO,0.6536,1.6118,0.0148,0.062928,3.3806,-0.0849,76.74,2026-10-28,49,,,yahoo,1.0,1.0,1.0,0.0,1.0,0.0,0.0,1.0,1.0,1.4198,0.1283,-5.5488,-2.4037,15.1717,33.488,233.24,240.19,252.15,-9.651,-12.2653,-16.4267
HON,208.24000549316406,208.24,2026-09-08,False,207.0500030517578,209.7899932861328,-0.65,0.94,BAJO,64950513664.0,7.88,20.59,3.5,46.58,5.72,20.25,21.58,4.02,10.69,1.85,1.21,5.0,YAHOO,0.6536,1.6118,0.0148,0.062928,3.3806,-0.0849,76.74,2026-10-22,43,,,yahoo,1.0,0.0,1.0,1.0,0.0,0.0,1.0,0.0,1.0,-2.4774,-3.0405,-6.5147,-5.9714,20.9298,32.1368,234.636,248.0457,257.9406,-11.2497,-16.0477,-19.2682
MOS,26.530000686645508,26.53,2026-09-08,False,26.020000457763672,26.889999389648438,2.63,-15.37,BAJO,8332044800.0,,16.84,0.73,-5.07,1.24,-0.12,-5.21,-8.96,8.31,0.52,1.34,7.0,YAHOO,0.6536,1.6118,0.0148,0.062928,3.3806,-0.0849,76.74,2026-11-03,55,,,yahoo,1.0,1.0,1.0,1.0,0.0,1.0,0.0,1.0,1.0,9.9917,10.5417,27.8554,24.0879,34.7522,41.1061,26.53,26.53,34.9505,0.0,0.0,-24.0926
BG,123.88999938964844,123.89,2026-09-08,False,120.5999984741211,126.47000122070312,4.36,51.58,BAJO,23726710784.0,26.56,10.89,1.49,7.18,3.47,4.62,1.1,-27.29,13.26,0.98,1.57,3.0,YAHOO,0.6536,1.6118,0.0148,0.062928,3.3806,-0.0849,76.74,2026-11-04,56,,,yahoo,1.0,0.0,1.0,1.0,0.0,0.0,0.0,0.0,0.0,6.6087,12.4637,9.7264,-0.6604,46.8557,36.4042,123.89,126.3732,130.5866,0.0,-1.965,-5.1281
RKLB,65.87000274658203,65.87,2026-09-08,False,64.1500015258789,67.4800033569336,2.51,38.92,BAJO,40327651328.0,,1384.33,10.8,-7.92,-4.62,-24.57,-21.51,-0.62,-236.31,0.04,5.48,5.0,YAHOO,0.6536,1.6118,0.0148,0.062928,3.3806,-0.0849,76.74,2026-11-09,61,,,yahoo,0.0,1.0,0.0,1.0,1.0,1.0,0.0,1.0,0.0,3.0507,-3.5296,-20.2059,-42.0414,12.9643,82.4982,82.08,109.25,150.23,-19.749,-39.7071,-56.1539
ONDS,7.619999885559082,7.62,2026-09-08,False,7.579999923706055,7.880000114440918,0.0,26.66,BAJO,4165904384.0,,-364.5,2.46,19.32,-8.37,-166.3,96.25,-1.66,-15.63,0.03,9.85,5.0,YAHOO,0.6536,1.6118,0.0148,0.062928,3.3806,-0.0849,76.74,2026-11-12,64,2026-08-13,27.0,yahoo,0.0,1.0,0.0,1.0,1.0,1.0,0.0,1.0,0.0,-0.4572,-7.5243,-0.3922,-26.0194,63.969,83.6598,9.77,9.77,14.01,-22.0061,-22.0061,-45.6103
SMSN.IL,5065.0,5065.0,2026-09-07,False,4976.0,5110.0,3.2,305.0,BAJO,,51.72,79.53,0.0,10.64,2.3,6.08,13.13,,-1.44,0.03,2.88,6.0,YAHOO,0.6536,1.6118,0.0148,0.062928,3.3806,-0.0849,76.74,2026-10-28,49,,,yahoo,1.0,1.0,1.0,1.0,0.0,0.0,0.0,1.0,1.0,6.4523,4.3469,9.632,2.2437,46.8069,83.5557,5075.0,6002.5513,6002.5513,-0.197,-15.6192,-15.6192
ADS.DE,147.85000610351562,147.85,2026-09-07,False,145.75,149.9499969482422,-0.87,-16.35,BAJO,25637957632.0,18.75,12.55,4.3,24.32,6.7,8.51,5.3,3.71,11.43,0.94,1.39,6.0,YAHOO,0.6536,1.6118,0.0148,0.062928,3.3806,-0.0849,76.74,2026-10-29,50,,,yahoo,1.0,1.0,1.0,0.0,0.0,1.0,0.0,1.0,1.0,-2.3448,-4.7665,-18.5624,-14.0906,14.0292,36.2693,162.2,187.9,191.3097,-8.8471,-21.3145,-22.7169
BAYN.DE,49.40999984741211,49.41,2026-09-07,False,48.54999923706055,49.41999816894531,1.15,76.32,BAJO,48394207232.0,,10.2,1.64,-5.69,3.18,9.19,-3.83,13.56,8.08,1.29,1.04,6.0,YAHOO,0.6536,1.6118,0.0148,0.062928,3.3806,-0.0849,76.74,2026-11-03,55,,,yahoo,0.0,0.0,1.0,1.0,1.0,0.0,1.0,1.0,1.0,0.7545,1.9183,-2.5444,39.6947,14.4469,50.1183,49.41,53.36,53.36,0.0,-7.4026,-7.4026
RIOT,22.260000228881836,22.26,2026-09-08,False,21.645000457763672,22.8700008392334,2.11,66.54,BAJO,8281964544.0,,-23.6,3.81,-48.24,-21.2,-122.33,-196.28,-8.68,-9.66,0.4,1.58,2.0,YAHOO,0.6536,1.6118,0.0148,0.062928,3.3806,-0.0849,76.74,2026-10-29,50,,,yahoo,0.0,0.0,0.0,0.0,0.0,0.0,0.0,1.0,1.0,17.1887,11.3,3.4868,-13.3515,82.121,95.7068,22.26,28.69,28.69,0.0,-22.412,-22.412
OKLO,43.310001373291016,43.31,2026-09-08,False,41.79999923706055,44.779998779296875,4.94,-37.84,BAJO,7918771200.0,,-42.36,2.41,-7.7,-6.65,-6048.76,0.0,-3.02,-25.17,0.0,48.46,4.0,YAHOO,0.6536,1.6118,0.0148,0.062928,3.3806,-0.0849,76.74,2026-11-10,62,,,yahoo,0.0,1.0,0.0,1.0,1.0,1.0,0.0,0.0,0.0,6.7538,9.1207,-12.0966,-26.5185,27.6533,82.4019,47.01,61.17,174.14,-7.8707,-29.1973,-75.1292
SATL,5.349999904632568,5.35,2026-09-08,False,4.869999885559082,5.380000114440918,15.3,49.53,BAJO,767162112.0,,-166.33,22.68,,-9.86,1.67,0.0,-2.46,-48.22,2.85,2.34,4.0,YAHOO,0.6536,1.6118,0.0148,0.062928,3.3806,-0.0849,76.74,2026-11-12,64,,,yahoo,0.0,1.0,0.0,0.0,1.0,1.0,0.0,1.0,0.0,9.8563,1.3258,16.0521,-23.4621,123.2349,103.1012,5.98,6.69,10.74,-10.5351,-20.0299,-50.1862
JMIA,7.239999771118164,7.24,2026-09-08,False,7.191999912261963,7.510000228881836,-0.69,-21.9,BAJO,1004866304.0,,-22.12,1074.29,-216.21,-25.23,-23.8,-27.54,-2.77,-16.77,37.95,0.88,3.0,YAHOO,0.6536,1.6118,0.0148,0.062928,3.3806,-0.0849,76.74,2026-11-11,63,2026-08-12,28.0,yahoo,0.0,1.0,0.0,1.0,0.0,0.0,0.0,0.0,1.0,5.0798,11.5562,4.7757,5.5394,37.6054,55.793,7.29,7.4,14.6,-0.6859,-2.1622,-50.411
LAR,6.699999809265137,6.7,2026-09-08,False,6.610000133514404,6.920000076293945,-1.33,103.94,BAJO,1109316096.0,,19.75,1.41,-6.58,-2.05,0.0,0.0,-1.48,-35.29,0.3,0.47,1.0,YAHOO,0.6536,1.6118,0.0148,0.062928,3.3806,-0.0849,76.74,2026-11-09,61,2026-08-11,29.0,yahoo,0.0,0.0,0.0,1.0,0.0,0.0,0.0,0.0,0.0,-1.3255,0.0,-8.2192,-22.3639,34.3063,62.0431,6.91,9.77,11.79,-3.0391,-31.4227,-43.1722
NG,7.900000095367432,7.9,2026-09-08,False,7.869999885559082,8.109999656677246,-2.11,18.3,BAJO,3554123008.0,,-34.31,8.44,-24.63,-4.36,0.0,0.0,-0.67,-103.76,0.41,112.82,4.0,YAHOO,0.6536,1.6118,0.0148,0.062928,3.3806,-0.0849,76.74,2026-09-30,21,,,yahoo,0.0,1.0,0.0,1.0,1.0,1.0,0.0,0.0,0.0,-8.1395,-15.508,29.5082,9.4183,40.254,78.93,9.77,9.77,14.2,-19.1402,-19.1402,-44.3662
PBI,16.989999771118164,16.99,2026-09-08,False,16.899999618530273,17.219999313354492,-2.36,38.99,BAJO,2353838848.0,13.96,9.43,-2.73,,8.41,21.68,10.04,9.93,8.07,,0.73,7.0,YAHOO,0.6536,1.6118,0.0148,0.062928,3.3806,-0.0849,76.74,2026-11-05,57,,,yahoo,1.0,1.0,1.0,1.0,0.0,0.0,1.0,1.0,1.0,-0.8173,2.7828,-3.4571,0.8742,29.6101,28.7952,17.58,18.4037,18.4037,-3.3561,-7.6818,-7.6818
AXIA,9.529999732971191,9.53,2026-08-14,False,9.267999649047852,9.600000381469727,-0.31,-1.74,BAJO,23290886144.0,10.02,10.99,1.22,10.01,3.05,43.79,27.05,16.97,4.39,0.63,2.05,6.0,YAHOO,0.6536,1.6118,0.0148,0.062928,3.3806,-0.0849,76.74,2026-11-04,56,,,yahoo,1.0,0.0,1.0,1.0,0.0,0.0,1.0,1.0,1.0,-2.6558,,,,59.054,,,,,,,
TEM,61.279998779296875,61.28,2026-09-09,False,60.93000030517578,64.91000366210938,-4.68,-23.44,BAJO,11057041408.0,,15320.0,24.8,-67.44,-8.55,-20.11,-17.77,-0.85,-60.43,3.25,3.3,4.0,YAHOO,0.6536,1.6118,0.0148,0.062928,3.3806,-0.0849,76.74,2026-11-03,55,,,yahoo,0.0,1.0,0.0,1.0,0.0,1.0,0.0,1.0,0.0,-1.5899,-10.8395,5.2378,25.5223,58.8876,89.6741,72.69,72.69,103.25,-15.6968,-15.6968,-40.6489
MRSH,176.83999633789062,176.84,2026-09-09,False,176.5800018310547,180.52999877929688,-2.04,-9.69,BAJO,84390035456.0,21.57,15.5,5.57,25.9,7.24,26.32,14.24,5.67,13.58,1.45,1.14,6.0,YAHOO,0.6536,1.6118,0.0148,0.062928,3.3806,-0.0849,76.74,2026-10-15,36,,,yahoo,1.0,0.0,1.0,1.0,1.0,0.0,1.0,0.0,1.0,-5.7256,-8.5626,-0.2634,7.4435,21.2172,28.6702,194.67,197.59,203.7672,-9.1591,-10.5015,-13.2147
CEPU,14.149999618530273,14.15,2026-09-09,False,13.829999923706055,14.354999542236328,0.57,66.22,BAJO,2122305280.0,6.55,8.43,1.08,19.03,7.21,24.84,28.78,-1976.69,1.24,0.33,1.28,7.0,YAHOO,0.6536,1.6118,0.0148,0.062928,3.3806,-0.0849,76.74,2026-11-11,63,2026-08-11,29.0,yahoo,1.0,1.0,1.0,1.0,0.0,1.0,1.0,0.0,1.0,2.1661,4.7372,-7.2739,-4.5209,18.6304,38.1587,14.32,15.86,17.95,-1.1872,-10.7818,-21.1699
BMA,79.16999816894531,79.17,2026-09-09,False,76.4000015258789,79.44000244140625,1.11,87.12,BAJO,5062052864.0,19.94,7.01,1.21,5.36,1.31,26.07,8.39,,,,,5.0,YAHOO,0.6536,1.6118,0.0148,0.062928,3.3806,-0.0849,76.74,2026-11-25,77,2026-08-19,21.0,yahoo,,,,,,,,,,0.9693,1.8002,-16.6544,-9.5026,12.8341,45.7274,80.43,101.0828,101.1279,-1.5666,-21.6781,-21.713
SUPV,8.770000457763672,8.77,2026-09-09,False,8.510000228881836,8.84000015258789,0.8,49.56,BAJO,828837056.0,,7.15,0.98,-8.01,-1.15,3.31,-11.23,,,,,2.0,YAHOO,0.6536,1.6118,0.0148,0.062928,3.3806,-0.0849,76.74,2026-11-17,69,,,yahoo,0.0,0.0,1.0,1.0,0.0,0.0,0.0,0.0,0.0,-0.3409,-0.1139,-11.1449,-10.6925,13.8082,57.0683,8.86,11.38,12.86,-1.0158,-22.935,-31.804
PAMP,5485.0,5485.0,2026-09-09,False,5450.0,5550.0,0.0,63.55,BAJO,,,,,,,,,,,,,,YAHOO,0.6536,1.6118,0.0148,0.062928,3.3806,-0.0849,76.74,,999,,,none,,,,,,,,,,0.0,6.0928,4.9761,3.6862,16.2933,23.5761,5485.0,5630.0,5630.0,0.0,-2.5755,-2.5755
EDN,24.829999923706055,24.83,2026-09-09,False,24.290000915527344,25.200000762939453,0.57,41.91,BAJO,,7.39,18.24,0.6,9.59,3.09,5.14,7.2,,0.83,0.62,1.46,6.0,YAHOO,0.6536,1.6118,0.0148,0.062928,3.3806,-0.0849,76.74,2026-11-06,58,,,yahoo,1.0,0.0,1.0,0.0,0.0,1.0,1.0,1.0,1.0,4.7237,4.3716,-2.321,-5.3013,18.3846,46.1613,24.91,28.74,35.71,-0.3212,-13.6047,-30.4677
TGS,29.829999923706055,29.83,2026-09-09,False,29.219999313354492,30.139999389648438,0.74,35.16,BAJO,4490972160.0,13.03,11.4,1.91,15.98,9.91,40.71,28.02,7999.33,-0.48,0.43,3.67,6.0,YAHOO,0.6536,1.6118,0.0148,0.062928,3.3806,-0.0849,76.74,2026-11-03,55,,,yahoo,1.0,0.0,1.0,1.0,0.0,1.0,1.0,1.0,0.0,2.0527,4.9982,-2.8022,-0.1339,31.8347,34.311,29.83,32.4,35.32,0.0,-7.9321,-15.5436
TEO,13.039999961853027,13.04,2026-09-09,False,12.779999732971191,13.289999961853027,-0.31,80.78,BAJO,,10.69,13.76,0.95,10.83,3.12,13.95,8.91,,1.98,0.67,0.58,6.0,YAHOO,0.6536,1.6118,0.0148,0.062928,3.3806,-0.0849,76.74,2026-11-09,61,,,yahoo,,,,,,,,,,-0.458,-3.5503,-3.7638,-6.99,22.3864,32.7701,13.55,15.11,15.98,-3.7638,-13.6995,-18.398
IRS,15.460000038146973,15.46,2026-09-09,False,14.850000381469727,15.930000305175781,2.32,24.59,BAJO,1307908224.0,4.61,59.69,0.84,22.48,4.07,44.36,72.51,13176.83,3.93,0.45,0.6,2.0,YAHOO,0.6536,1.6118,0.0148,0.062928,3.3806,-0.0849,76.74,2026-11-04,56,2026-08-31,9.0,yahoo,1.0,0.0,1.0,0.0,0.0,0.0,0.0,0.0,0.0,2.8609,2.0462,0.0647,-0.7702,24.7885,26.693,15.46,17.28,18.41,0.0,-10.5324,-16.0239
CRES,1892.0,1892.0,2026-09-09,False,1883.0,1938.0,-1.36,62.68,BAJO,,,,,,,,,,,,,,YAHOO,0.6536,1.6118,0.0148,0.062928,3.3806,-0.0849,76.74,,999,,,none,,,,,,,,,,-2.1211,5.6393,12.4851,2.603,28.2226,32.732,1933.0,1933.0,2120.0,-2.1211,-2.1211,-10.7547
LOMA,10.119999885559082,10.12,2026-09-09,False,9.970000267028809,10.21500015258789,-0.3,27.89,BAJO,1180969856.0,40.48,13.15,1.36,3.82,2.65,6.84,5.13,-2912.6,1.63,0.24,2.25,5.0,YAHOO,0.6536,1.6118,0.0148,0.062928,3.3806,-0.0849,76.74,2026-11-05,57,,,yahoo,1.0,0.0,1.0,1.0,0.0,1.0,1.0,0.0,0.0,0.4965,3.7949,-12.1528,-13.7255,25.7561,39.1963,10.41,12.26,13.12,-2.7858,-17.4551,-22.8659
GLOB,36.13999938964844,36.14,2026-09-09,False,35.84000015258789,37.224998474121094,-2.64,-38.83,BAJO,1560509184.0,14.12,5.82,0.73,5.48,4.67,4.86,4.63,,5.01,0.24,1.84,4.0,YAHOO,0.6536,1.6118,0.0148,0.062928,3.3806,-0.0849,76.74,2026-11-19,71,2026-08-13,27.0,yahoo,1.0,0.0,1.0,1.0,0.0,0.0,1.0,0.0,0.0,-8.9214,-9.8303,20.6275,-3.5495,61.1216,66.517,40.99,40.99,71.21,-11.8322,-11.8322,-49.2487
BBAR,15.15999984741211,15.16,2026-09-09,False,14.569999694824219,15.170000076293945,1.61,67.77,BAJO,3096228096.0,13.66,13.79,1.12,8.12,1.24,19.02,8.62,,,,,4.0,YAHOO,0.6536,1.6118,0.0148,0.062928,3.3806,-0.0849,76.74,2026-11-24,76,2026-08-27,13.0,yahoo,1.0,0.0,1.0,1.0,0.0,0.0,1.0,0.0,0.0,0.3309,2.4324,-28.0666,-15.7015,24.9138,52.7437,16.02,21.7253,21.7253,-5.3683,-30.2197,-30.2197
LND,3.7899999618530273,3.79,2026-09-09,False,3.75,3.799999952316284,-0.52,-2.65,BAJO,,,,0.94,-4.28,-0.88,4.64,-10.07,,61.02,0.71,1.54,2.0,YAHOO,0.6536,1.6118,0.0148,0.062928,3.3806,-0.0849,76.74,2026-11-05,57,2026-09-03,6.0,finnhub,0.0,0.0,1.0,1.0,0.0,0.0,0.0,0.0,0.0,0.5305,0.7979,3.2698,2.4324,21.8005,20.8347,3.87,3.87,4.37,-2.0672,-2.0672,-13.2723
IBKR,90.27999877929688,90.28,2026-09-09,False,90.25,91.86000061035156,-0.76,46.65,BAJO,153820463104.0,35.83,28.33,6.89,24.02,2.28,76.53,16.47,,,2.06,1.09,4.0,YAHOO,0.6536,1.6118,0.0148,0.062928,3.3806,-0.0849,76.74,2026-10-20,41,,,yahoo,1.0,0.0,1.0,1.0,0.0,0.0,0.0,1.0,0.0,-0.1217,-7.9726,-3.9624,4.6701,42.8438,42.5268,98.1012,98.1012,98.1012,-7.9726,-7.9726,-7.9726
DAL,78.75,78.75,2026-09-09,False,77.30999755859375,79.37999725341797,-0.27,32.11,BAJO,51787812864.0,13.06,9.11,2.36,20.12,4.02,7.92,5.78,5.44,9.05,0.97,0.42,6.0,YAHOO,0.6536,1.6118,0.0148,0.062928,3.3806,-0.0849,76.74,2026-10-08,29,,,yahoo,1.0,1.0,1.0,1.0,1.0,1.0,0.0,0.0,0.0,3.1029,-5.824,-9.8867,-2.7418,22.536,31.2975,91.31,93.4293,93.4293,-13.7553,-15.7117,-15.7117
BIIB,210.72999572753906,210.73,2026-09-09,False,209.0,213.47999572753906,-0.83,47.66,BAJO,31136200704.0,37.43,12.74,1.65,4.58,5.21,25.06,8.32,4.07,11.37,0.44,1.86,4.0,YAHOO,0.6536,1.6118,0.0148,0.062928,3.3806,-0.0849,76.74,2026-10-29,50,,,yahoo,1.0,0.0,1.0,1.0,0.0,1.0,0.0,0.0,0.0,-2.4579,-4.5477,5.8147,5.8413,30.3338,39.6346,224.51,224.51,224.51,-6.1378,-6.1378,-6.1378
SYY,81.56999969482422,81.57,2026-09-09,False,79.69999694824219,83.91999816894531,2.17,4.67,BAJO,39079862272.0,22.29,15.16,14.64,77.69,7.97,4.84,2.08,4.9,11.65,5.65,1.28,6.0,YAHOO,0.6536,1.6118,0.0148,0.062928,3.3806,-0.0849,76.74,2026-11-03,55,,,yahoo,1.0,0.0,1.0,1.0,1.0,1.0,0.0,1.0,0.0,-0.6577,-2.2646,-2.6959,5.8809,24.352,18.4716,84.69,85.32,89.8822,-3.684,-4.3952,-9.2478
MDT,91.88999938964844,91.89,2026-09-09,False,91.75,93.38999938964844,-0.54,1.77,BAJO,117539979264.0,22.63,14.36,2.38,10.65,5.12,19.33,13.93,4.6,13.21,0.55,2.07,7.0,YAHOO,0.6536,1.6118,0.0148,0.062928,3.3806,-0.0849,76.74,2026-11-17,69,2026-09-01,8.0,yahoo,1.0,1.0,1.0,1.0,0.0,1.0,1.0,0.0,1.0,-0.163,0.8229,9.5624,13.0996,22.752,27.9267,94.17,94.17,102.8065,-2.4212,-2.4212,-10.6185
MS,215.35000610351562,215.35,2026-09-09,False,212.30999755859375,217.5399932861328,-0.41,45.59,BAJO,338221465600.0,17.38,15.79,3.18,17.97,1.34,41.57,25.9,,,5.17,2.0,3.0,YAHOO,0.6536,1.6118,0.0148,0.062928,3.3806,-0.0849,76.74,2026-10-14,35,,,yahoo,1.0,1.0,0.0,0.0,0.0,0.0,1.0,0.0,0.0,2.0423,-0.6551,-2.5844,2.9895,23.0412,28.3937,218.38,227.2988,227.2988,-1.3875,-5.2569,-5.2569
O,60.11000061035156,60.11,2026-09-09,False,60.04999923706055,61.310001373291016,-1.49,7.47,BAJO,56877166592.0,43.88,38.57,1.44,3.23,2.36,46.97,20.9,2.78,16.8,0.75,1.53,5.0,YAHOO,0.6536,1.6118,0.0148,0.062928,3.3806,-0.0849,76.74,2026-11-02,54,,,yahoo,1.0,1.0,1.0,1.0,0.0,0.0,0.0,0.0,1.0,-2.0372,-3.909,-4.2347,-0.5865,12.4953,17.1606,62.8938,65.1872,65.8234,-4.4262,-7.7886,-8.6799
DOW,29.399999618530273,29.4,2026-09-09,False,28.954999923706055,30.200000762939453,-0.57,28.72,BAJO,21236817920.0,,16.01,1.34,-5.54,1.3,11.59,-3.13,1.12,9.57,1.12,1.75,3.0,YAHOO,0.6536,1.6118,0.0148,0.062928,3.3806,-0.0849,76.74,2026-10-22,43,,,yahoo,0.0,0.0,1.0,1.0,0.0,1.0,0.0,0.0,0.0,-3.48,-1.3887,2.4498,-10.4721,27.5589,37.1552,32.5226,32.8488,40.973,-9.6013,-10.499,-28.2455
AVY,169.7899932861328,169.79,2026-09-09,False,168.75,171.5800018310547,-0.53,4.98,BAJO,12868068352.0,18.6,15.18,5.55,31.16,8.39,13.59,7.62,7.81,10.88,1.59,1.13,5.0,YAHOO,0.6536,1.6118,0.0148,0.062928,3.3806,-0.0849,76.74,2026-10-21,42,,,yahoo,1.0,0.0,1.0,1.0,0.0,1.0,1.0,0.0,0.0,-1.3251,-5.0977,6.2639,7.1708,23.8056,28.0308,182.6485,182.6485,194.0973,-7.04,-7.04,-12.5232
SWKS,76.54000091552734,76.54,2026-09-09,False,74.18000030517578,76.66000366210938,1.54,6.19,BAJO,11517187072.0,39.66,15.42,2.01,5.09,3.44,8.82,7.23,3.9,12.95,0.12,3.1,6.0,YAHOO,0.6536,1.6118,0.0148,0.062928,3.3806,-0.0849,76.74,2026-11-03,55,,,yahoo,1.0,0.0,1.0,1.0,1.0,0.0,1.0,0.0,1.0,13.544,16.4992,26.7638,4.0511,24.4584,48.5562,76.54,76.54,83.42,0.0,0.0,-8.2474
IP,34.63999938964844,34.64,2026-09-09,False,34.63999938964844,36.56999969482422,-5.07,-21.53,BAJO,18344300544.0,,11.59,1.27,-16.48,1.59,2.3,-14.21,8.98,7.0,0.69,1.1,4.0,YAHOO,0.6536,1.6118,0.0148,0.062928,3.3806,-0.0849,76.74,2026-10-28,49,,,yahoo,0.0,0.0,1.0,1.0,1.0,0.0,0.0,1.0,0.0,-4.9918,-15.4916,-7.6339,2.6802,49.914,42.933,41.49,43.5936,47.4479,-16.51,-20.5387,-26.9936
LVS,43.33000183105469,43.33,2026-09-09,False,42.720001220703125,43.91999816894531,-1.48,-17.11,BAJO,28064892928.0,16.79,12.31,48.31,122.87,9.55,19.66,12.59,7.88,8.69,17.04,1.0,8.0,YAHOO,0.6536,1.6118,0.0148,0.062928,3.3806,-0.0849,76.74,2026-10-21,42,,,yahoo,1.0,1.0,1.0,1.0,0.0,1.0,1.0,1.0,1.0,-1.1633,-8.3351,-6.6038,-15.5727,9.9774,25.2595,47.27,49.5536,68.2933,-8.3351,-12.5593,-36.5531
KLAC,182.91000366210938,182.91,2026-09-09,False,179.5500030517578,189.91000366210938,-3.21,101.3,BAJO,238980481024.0,49.84,27.28,37.65,87.5,20.8,42.49,35.57,1.1,39.68,0.97,2.88,7.0,YAHOO,0.6536,1.6118,0.0148,0.062928,3.3806,-0.0849,76.74,2026-10-28,49,,,yahoo,1.0,1.0,1.0,0.0,1.0,1.0,1.0,1.0,0.0,7.0338,-0.2345,-20.9067,-14.4062,69.4249,77.9807,209.1336,301.3694,301.3694,-12.5392,-39.307,-39.307
DECK,80.2300033569336,80.23,2026-09-09,False,80.11000061035156,82.48999786376953,-2.87,-29.57,BAJO,10925871104.0,11.41,9.64,4.77,42.56,20.32,15.23,18.36,7.98,7.4,0.21,2.75,6.0,YAHOO,0.6536,1.6118,0.0148,0.062928,3.3806,-0.0849,76.74,2026-10-22,43,,,yahoo,1.0,1.0,1.0,1.0,0.0,0.0,1.0,0.0,1.0,-5.1431,-9.5898,-24.3042,-28.6718,42.0498,39.4605,93.3,112.5,120.94,-14.0086,-28.6844,-33.6613
IFF,84.30999755859375,84.31,2026-09-09,False,84.12999725341797,85.31999969482422,-1.53,33.62,BAJO,21511692288.0,,21.31,1.54,-5.55,2.27,8.49,2.57,-8.0,14.26,0.45,2.06,5.0,YAHOO,0.6536,1.6118,0.0148,0.062928,3.3806,-0.0849,76.74,2026-11-03,55,,,yahoo,0.0,0.0,1.0,1.0,1.0,0.0,0.0,1.0,1.0,-1.7137,-3.2699,8.745,11.8445,9.3637,34.1984,87.95,88.07,88.07,-4.1387,-4.2693,-4.2693
SNA,377.4200134277344,377.42,2026-09-09,False,375.1199951171875,380.04998779296875,-0.65,21.06,BAJO,19522850816.0,19.26,17.69,3.23,17.93,9.85,25.4,19.6,5.68,13.57,0.22,3.43,6.0,YAHOO,0.6536,1.6118,0.0148,0.062928,3.3806,-0.0849,76.74,2026-10-15,36,,,yahoo,1.0,0.0,1.0,1.0,1.0,1.0,1.0,0.0,0.0,-0.9916,-4.3441,-5.5178,-1.9363,12.6434,19.2244,405.9215,416.7245,416.7245,-7.0214,-9.4318,-9.4318
NUE,257.9100036621094,257.91,2026-09-09,False,257.2900085449219,262.6300048828125,0.59,86.25,BAJO,58513506304.0,20.57,13.37,2.65,14.55,7.32,15.67,7.99,1.17,11.28,0.31,2.51,6.0,YAHOO,0.6536,1.6118,0.0148,0.062928,3.3806,-0.0849,76.74,2026-10-26,47,,,yahoo,1.0,0.0,1.0,1.0,0.0,1.0,1.0,0.0,1.0,2.3777,4.185,13.4319,1.6607,15.4176,36.7039,272.68,274.74,274.74,-5.4166,-6.1258,-6.1258
PLD,135.66000366210938,135.66,2026-09-09,False,135.11000061035156,137.91000366210938,-2.04,26.0,BAJO,131873923072.0,30.21,39.84,2.36,7.75,2.52,43.03,43.58,4.1,24.69,0.64,0.65,4.0,YAHOO,0.6536,1.6118,0.0148,0.062928,3.3806,-0.0849,76.74,2026-10-15,36,,,yahoo,1.0,0.0,1.0,1.0,0.0,0.0,0.0,0.0,1.0,-2.878,-5.3513,-3.6984,-7.3722,24.1171,23.7652,143.36,150.06,150.06,-5.3711,-9.5962,-9.5962
EFX,168.08999633789062,168.09,2026-09-09,False,166.64999389648438,175.88999938964844,-2.06,-31.62,BAJO,19748036608.0,29.49,16.53,4.51,14.27,6.16,17.3,10.73,4.8,13.09,1.21,0.6,8.0,YAHOO,0.6536,1.6118,0.0148,0.062928,3.3806,-0.0849,76.74,2026-10-20,41,,,yahoo,1.0,1.0,1.0,1.0,1.0,0.0,1.0,1.0,1.0,-9.7261,-12.1498,1.2832,0.1222,54.3702,45.9387,194.0692,194.0692,259.3654,-13.3866,-13.3866,-35.1918
DE,677.2100219726562,677.21,2026-09-09,False,672.6199951171875,688.5900268554688,-0.52,45.09,BAJO,182593028096.0,37.69,29.85,6.52,18.24,3.76,17.48,10.17,2.47,25.84,3.76,2.13,5.0,YAHOO,0.6536,1.6118,0.0148,0.062928,3.3806,-0.0849,76.74,2026-11-25,77,2026-08-20,20.0,yahoo,1.0,0.0,1.0,1.0,0.0,1.0,1.0,0.0,0.0,0.1671,7.3812,15.3955,17.6044,11.8646,35.0562,698.37,698.37,698.37,-3.0299,-3.0299,-3.0299
DHR,204.85000610351562,204.85,2026-09-09,False,201.9499969482422,206.0500030517578,-0.19,7.11,BAJO,144006692864.0,36.58,22.03,2.74,7.61,3.95,19.78,15.95,3.0,20.87,0.53,1.65,5.0,YAHOO,0.6536,1.6118,0.0148,0.062928,3.3806,-0.0849,76.74,2026-10-20,41,,,yahoo,1.0,0.0,1.0,1.0,0.0,1.0,1.0,0.0,0.0,-1.0052,-5.1489,2.9138,8.9512,15.2702,39.1742,218.85,218.85,241.0351,-6.3971,-6.3971,-15.0124
LIN,466.6499938964844,466.65,2026-09-09,False,463.3699951171875,468.3800048828125,-0.37,0.82,BAJO,215116382208.0,30.11,23.86,5.5,18.4,7.16,28.12,20.43,1.93,17.35,0.69,0.88,5.0,YAHOO,0.6536,1.6118,0.0148,0.062928,3.3806,-0.0849,76.74,2026-10-30,51,,,yahoo,1.0,0.0,1.0,1.0,0.0,0.0,1.0,1.0,0.0,-3.8157,-3.9026,-11.6279,-9.194,10.5087,20.9298,488.7206,544.8458,544.8458,-4.516,-14.3519,-14.3519
SPGI,418.3599853515625,418.36,2026-09-09,False,418.25,431.6400146484375,-2.55,-17.63,BAJO,123332526080.0,25.45,20.69,3.92,14.26,7.03,44.79,30.54,4.42,17.2,0.43,0.95,7.0,YAHOO,0.6536,1.6118,0.0148,0.062928,3.3806,-0.0849,76.74,2026-10-29,50,,,yahoo,1.0,1.0,1.0,1.0,0.0,0.0,1.0,1.0,1.0,-4.9635,-3.1619,-2.6018,4.3264,55.1038,35.3085,450.58,456.3554,516.5792,-7.1508,-8.3258,-19.0134
TJX,126.12000274658203,126.12,2026-09-09,False,125.80999755859375,128.1300048828125,-2.17,-7.88,BAJO,138728718336.0,23.36,21.84,13.4,62.17,13.54,10.91,9.73,3.17,16.52,1.34,1.15,7.0,YAHOO,0.6536,1.6118,0.0148,0.062928,3.3806,-0.0849,76.74,2026-11-18,70,2026-08-19,21.0,yahoo,1.0,1.0,1.0,1.0,1.0,0.0,1.0,1.0,0.0,-5.365,-9.5784,-16.4015,-23.262,24.1484,24.2373,153.81,166.8037,167.8803,-18.0027,-24.3902,-24.875
JCI,144.9199981689453,144.92,2026-09-09,False,144.6199951171875,147.0500030517578,-0.99,38.06,BAJO,87784046592.0,40.71,23.95,6.51,14.33,5.4,15.88,14.32,3.4,22.35,0.7,1.0,6.0,YAHOO,0.6536,1.6118,0.0148,0.062928,3.3806,-0.0849,76.74,2026-11-04,56,,,yahoo,1.0,1.0,1.0,0.0,0.0,0.0,1.0,1.0,1.0,4.0718,2.1859,1.4775,-1.644,22.6024,29.5232,153.92,154.76,154.76,-5.8472,-6.3582,-6.3582
ADP,265.2200012207031,265.22,2026-09-09,False,264.8599853515625,268.29998779296875,-1.02,-7.38,BAJO,105362030592.0,24.27,19.79,17.49,72.24,6.25,23.46,20.11,4.98,16.63,0.91,1.05,6.0,YAHOO,0.6536,1.6118,0.0148,0.062928,3.3806,-0.0849,76.74,2026-10-28,49,,,yahoo,1.0,0.0,1.0,1.0,0.0,1.0,1.0,1.0,0.0,-6.4447,-6.2098,9.6313,15.5999,28.9264,30.8451,287.48,287.48,289.9717,-7.7432,-7.7432,-8.5359
ECL,272.2099914550781,272.21,2026-09-09,False,272.2099914550781,277.1700134277344,-2.12,2.56,BAJO,76308250624.0,36.54,28.9,7.59,21.96,7.23,18.52,12.57,1.93,20.58,1.38,1.84,6.0,YAHOO,0.6536,1.6118,0.0148,0.062928,3.3806,-0.0849,76.74,2026-10-27,48,,,yahoo,1.0,0.0,1.0,1.0,1.0,0.0,1.0,1.0,0.0,-2.8689,-5.9854,-0.7656,3.2188,15.587,21.8843,290.6,290.6,306.69,-6.3283,-6.3283,-11.2426
SHW,320.6400146484375,320.64,2026-09-09,False,319.6099853515625,326.4800109863281,-1.67,-9.52,BAJO,77837975552.0,29.61,23.55,20.07,65.12,9.52,18.12,11.01,3.22,19.56,3.9,0.73,6.0,YAHOO,0.6536,1.6118,0.0148,0.062928,3.3806,-0.0849,76.74,2026-10-27,48,,,yahoo,1.0,0.0,1.0,1.0,0.0,1.0,1.0,1.0,0.0,-2.8216,-8.5062,-3.7752,3.4877,21.8991,32.8652,360.7162,368.8774,369.9613,-11.1102,-13.0768,-13.3315
ROST,225.27000427246094,225.27,2026-09-09,False,224.83999633789062,228.66000366210938,-1.76,53.32,BAJO,72262361088.0,27.21,25.19,10.68,42.63,12.78,13.58,10.85,2.77,19.8,0.7,1.61,6.0,YAHOO,0.6536,1.6118,0.0148,0.062928,3.3806,-0.0849,76.74,2026-11-19,71,2026-08-20,20.0,yahoo,1.0,0.0,1.0,1.0,1.0,0.0,1.0,0.0,1.0,-1.5419,-6.4201,1.2677,-1.632,13.9731,28.1172,247.7711,254.7377,254.7377,-9.0814,-11.5678,-11.5678
VRTX,521.1199951171875,521.12,2026-09-09,False,520.0800170898438,528.1699829101562,-1.47,32.35,BAJO,132083556352.0,30.32,25.76,6.52,23.54,11.93,38.05,35.0,1.99,24.74,0.1,3.19,6.0,YAHOO,0.6536,1.6118,0.0148,0.062928,3.3806,-0.0849,76.74,2026-11-02,54,,,yahoo,1.0,1.0,1.0,0.0,0.0,1.0,1.0,1.0,0.0,-4.8443,-5.7393,7.3611,16.9033,22.4499,31.0014,557.96,557.96,557.96,-6.6026,-6.6026,-6.6026
DD,127.91999816894531,127.92,2026-09-09,False,127.75,131.60000610351562,-2.59,36.03,BAJO,17274697728.0,55.14,16.06,1.25,1.79,2.07,14.24,0.79,10.62,11.89,0.23,2.43,6.0,YAHOO,0.6536,1.6118,0.0148,0.062928,3.3806,-0.0849,76.74,2026-11-05,57,,,yahoo,0.0,0.0,1.0,1.0,1.0,0.0,1.0,1.0,1.0,-3.1716,-5.5551,-4.6014,-8.9936,20.6913,22.5571,145.6193,146.7245,152.6918,-12.1545,-12.8162,-16.2234
HOOD,115.27999877929688,115.28,2026-09-09,False,115.08999633789062,121.41999816894531,-1.76,-1.8,BAJO,103646208000.0,51.01,34.11,10.93,23.62,4.53,43.88,42.01,,,2.4,1.12,4.0,YAHOO,0.6536,1.6118,0.0148,0.062928,3.3806,-0.0849,76.74,2026-11-04,56,,,yahoo,1.0,0.0,1.0,0.0,0.0,0.0,0.0,1.0,1.0,11.3709,2.8459,2.9561,37.6149,152.7875,75.5713,124.72,124.72,152.46,-7.569,-7.569,-24.3867
GEV,951.0399780273438,951.04,2026-09-09,False,949.0599975585938,983.3400268554688,-2.09,58.29,BAJO,253293887488.0,27.27,37.63,21.18,82.58,2.54,7.47,23.04,6.21,62.5,0.28,0.85,7.0,YAHOO,0.6536,1.6118,0.0148,0.062928,3.3806,-0.0849,76.74,2026-10-28,49,,,yahoo,1.0,1.0,1.0,1.0,1.0,0.0,1.0,1.0,0.0,5.844,2.6232,-12.8741,3.4099,36.8539,56.5497,1079.0,1174.86,1174.86,-11.8591,-19.0508,-19.0508
DELL,535.25,535.25,2026-09-09,False,532.3900146484375,562.989990234375,0.26,347.84,BAJO,340318781440.0,31.14,18.71,-241.98,,8.55,11.46,7.52,0.05,21.03,,0.96,7.0,YAHOO,0.6536,1.6118,0.0148,0.062928,3.3806,-0.0849,76.74,2026-11-27,79,2026-09-01,8.0,yahoo,1.0,1.0,1.0,1.0,1.0,1.0,1.0,0.0,0.0,25.9412,18.5493,23.2578,40.4302,31.3947,78.3632,535.25,535.25,535.25,0.0,0.0,0.0
GLW,168.4600067138672,168.46,2026-09-09,False,167.36000061035156,171.3000030517578,1.51,135.66,BAJO,145109483520.0,77.63,38.76,12.15,16.81,5.37,15.65,11.2,0.51,37.34,0.71,1.81,7.0,YAHOO,0.6536,1.6118,0.0148,0.062928,3.3806,-0.0849,76.74,2026-10-27,48,,,yahoo,1.0,1.0,1.0,1.0,1.0,0.0,0.0,1.0,1.0,15.7324,14.6896,-11.584,-2.9681,49.3649,93.5723,172.8845,255.2094,255.2094,-2.5592,-33.9915,-33.9915
WDC,482.2799987792969,482.28,2026-09-09,False,471.7200012207031,495.489990234375,1.04,412.0,BAJO,173881671680.0,17.92,15.19,22.45,130.85,20.76,43.61,72.95,1.3,34.69,13.44,1.33,6.0,YAHOO+FINNHUB,0.6536,1.6118,0.0148,0.062928,3.3806,-0.0849,76.74,2026-11-05,57,,,yahoo,1.0,1.0,1.0,0.0,0.0,1.0,0.0,1.0,1.0,7.103,7.0294,-17.1914,-6.8155,49.3297,94.0763,535.838,745.9905,745.9905,-9.9952,-35.3504,-35.3504
FISV,48.650001525878906,48.65,2026-09-09,False,48.619998931884766,51.20000076293945,-4.35,-63.42,BAJO,25870452736.0,9.32,6.02,0.96,10.77,3.49,23.07,,,,1.04,1.04,5.0,YAHOO+FINNHUB,0.6536,1.6118,0.0148,0.062928,3.3806,-0.0849,76.74,2026-10-28,49,,,yahoo,1.0,1.0,1.0,1.0,0.0,0.0,1.0,0.0,0.0,-5.8448,-7.2273,-3.5679,-9.9574,47.7983,38.7635,55.5,55.78,136.41,-12.3423,-12.7824,-64.3355
A,144.75,144.75,2026-09-09,False,143.75,146.4600067138672,-1.43,16.49,BAJO,40814551040.0,28.55,21.42,5.54,20.97,8.63,25.56,19.53,2.6,20.77,0.56,2.05,,YAHOO,0.6536,1.6118,0.0148,0.062928,3.3806,-0.0849,76.74,2026-11-25,77,2026-08-26,14.0,yahoo,1.0,0.0,1.0,1.0,1.0,0.0,1.0,0.0,0.0,-3.4549,-6.4741,7.7891,7.0478,21.3173,29.0891,159.0,159.0,159.0,-8.9623,-8.9623,-8.9623
ACGL,96.12000274658203,96.12,2026-09-09,False,94.6500015258789,96.2699966430664,0.43,8.18,BAJO,32797235200.0,7.52,9.85,1.41,19.94,4.12,26.58,24.4,13.12,5.99,0.18,0.59,,YAHOO,0.6536,1.6118,0.0148,0.062928,3.3806,-0.0849,76.74,2026-10-26,47,,,yahoo,1.0,0.0,1.0,1.0,1.0,0.0,1.0,0.0,1.0,-2.5251,-4.4153,-4.8882,6.3157,30.0495,23.4828,101.14,106.48,106.48,-4.9634,-9.7295,-9.7295
ADM,86.55000305175781,86.55,2026-09-09,False,84.73999786376953,87.08000183105469,2.43,44.15,BAJO,41713602560.0,23.65,15.21,1.77,7.64,2.26,4.01,2.16,2.79,16.78,0.39,1.39,,YAHOO,0.6536,1.6118,0.0148,0.062928,3.3806,-0.0849,76.74,2026-11-03,55,,,yahoo,1.0,0.0,1.0,1.0,1.0,0.0,0.0,0.0,0.0,2.3655,9.3355,8.319,8.7111,24.0059,27.6651,86.55,86.7693,86.7693,0.0,-0.2527,-0.2527
ADSK,206.6199951171875,206.62,2026-09-09,False,206.3300018310547,212.02999877929688,-2.63,-35.55,BAJO,43183579136.0,26.76,14.54,12.76,53.85,11.47,29.23,21.08,7.31,18.69,1.1,0.85,,YAHOO,0.6536,1.6118,0.0148,0.062928,3.3806,-0.0849,76.74,2026-11-27,79,2026-08-27,13.0,yahoo,1.0,0.0,1.0,1.0,0.0,1.0,1.0,1.0,1.0,-16.5812,-17.7501,-0.8779,-7.7919,47.5383,45.9935,270.58,270.58,325.19,-23.6381,-23.6381,-36.4618
AEE,106.25,106.25,2026-09-09,False,105.48999786376953,107.12000274658203,-0.45,11.07,BAJO,29414596608.0,18.71,18.29,2.15,11.94,3.06,25.24,18.58,-6.07,13.13,1.58,0.53,,YAHOO,0.6536,1.6118,0.0148,0.062928,3.3806,-0.0849,76.74,2026-11-04,56,,,yahoo,1.0,1.0,1.0,1.0,1.0,0.0,0.0,0.0,1.0,0.8613,0.1627,-5.2561,-0.9133,9.5338,19.4173,108.967,117.4865,117.4865,-2.4934,-9.5641,-9.5641
AEP,124.66999816894531,124.67,2026-09-09,False,123.91999816894531,126.16999816894531,-0.6,19.54,BAJO,67870019584.0,21.61,18.18,2.12,10.13,2.98,23.25,13.78,-8.83,13.51,1.61,0.5,,YAHOO,0.6536,1.6118,0.0148,0.062928,3.3806,-0.0849,76.74,2026-10-29,50,,,yahoo,1.0,1.0,1.0,1.0,0.0,1.0,0.0,0.0,0.0,1.3907,1.5476,-7.2442,-1.6757,11.5306,19.2262,126.53,137.6421,137.6421,-1.47,-9.4245,-9.4245
AES,14.819999694824219,14.82,2026-09-09,False,14.800000190734863,14.829999923706055,-0.07,23.22,BAJO,10573160448.0,5.55,6.25,2.14,9.57,2.96,18.67,14.34,-29.22,12.17,2.57,0.75,,YAHOO,0.6536,1.6118,0.0148,0.062928,3.3806,-0.0849,76.74,2026-11-04,56,,,yahoo,1.0,0.0,1.0,1.0,1.0,0.0,0.0,0.0,0.0,0.3385,0.611,1.4733,2.3039,2.8388,3.2164,14.83,14.83,16.8672,-0.0674,-0.0674,-12.1373
AFL,114.73999786376953,114.74,2026-09-09,False,114.38999938964844,115.2699966430664,-0.36,11.13,BAJO,57524129792.0,12.38,15.21,1.9,16.91,3.13,25.72,26.91,8.96,10.68,0.53,0.89,,YAHOO,0.6536,1.6118,0.0148,0.062928,3.3806,-0.0849,76.74,2026-11-04,56,,,yahoo,1.0,0.0,1.0,0.0,0.0,0.0,1.0,0.0,0.0,-1.1033,-1.2395,-5.4074,-0.2527,18.1331,18.5378,121.12,128.9008,128.9008,-5.2675,-10.9858,-10.9858
AIZ,280.44000244140625,280.44,2026-09-09,False,278.2900085449219,282.20001220703125,-0.2,35.69,BAJO,13832357888.0,13.43,11.97,2.27,18.34,2.56,11.73,7.9,15.54,8.06,0.36,0.38,,YAHOO,0.6536,1.6118,0.0148,0.062928,3.3806,-0.0849,76.74,2026-11-03,55,,,yahoo,1.0,1.0,1.0,1.0,0.0,0.0,1.0,0.0,1.0,-0.1211,-1.3478,0.8665,12.0788,19.4297,22.0566,287.71,300.641,300.641,-2.5268,-6.7193,-6.7193
AJG,244.27999877929688,244.28,2026-09-09,False,243.41000366210938,251.33999633789062,-2.85,-16.29,BAJO,62618976256.0,40.51,16.4,2.64,6.72,2.32,19.16,10.38,3.33,17.57,0.59,1.05,,YAHOO,0.6536,1.6118,0.0148,0.062928,3.3806,-0.0849,76.74,2026-10-29,50,,,yahoo,1.0,0.0,1.0,1.0,1.0,0.0,0.0,1.0,1.0,-6.5142,-8.7808,-3.2231,12.8462,33.101,35.09,271.2652,271.2652,306.8697,-9.9479,-9.9479,-20.3962
AKAM,110.75,110.75,2026-09-09,False,107.93000030517578,112.76000213623047,4.87,42.61,BAJO,15916614656.0,40.13,15.41,3.35,8.92,2.52,7.63,9.51,4.46,20.28,1.97,1.64,,YAHOO,0.6536,1.6118,0.0148,0.062928,3.3806,-0.0849,76.74,2026-11-05,57,,,yahoo,1.0,0.0,1.0,1.0,0.0,1.0,1.0,0.0,0.0,4.0297,4.738,-12.2355,-19.6357,40.8237,52.4938,125.29,134.2,161.14,-11.6051,-17.4739,-31.2709
ALB,125.91000366210938,125.91,2026-09-09,False,123.94000244140625,131.3000030517578,-2.82,76.74,BAJO,14858016768.0,466.33,11.15,1.85,2.65,3.16,27.71,3.79,8.98,11.95,0.19,2.09,,YAHOO,0.6536,1.6118,0.0148,0.062928,3.3806,-0.0849,76.74,2026-11-04,56,,,yahoo,0.0,1.0,1.0,1.0,0.0,1.0,0.0,1.0,0.0,-7.1049,-5.4588,-0.1111,-17.3824,51.8388,42.4739,143.25,168.9,215.071,-12.1047,-25.4529,-41.4565
ALGN,152.9199981689453,152.92,2026-09-09,False,151.32000732421875,153.8800048828125,-0.37,13.41,BAJO,10863414272.0,26.55,12.19,2.57,10.15,7.4,18.25,9.99,5.38,10.86,0.03,1.4,,YAHOO,0.6536,1.6118,0.0148,0.062928,3.3806,-0.0849,76.74,2026-10-28,49,,,yahoo,1.0,0.0,1.0,1.0,1.0,1.0,1.0,0.0,1.0,-1.3165,-4.1915,-14.7841,-14.1381,25.2458,41.4387,181.31,188.39,197.51,-15.6583,-18.828,-22.5761
ALL,253.5800018310547,253.58,2026-09-09,False,250.36000061035156,254.6999969482422,0.05,30.08,BAJO,64119717888.0,5.08,9.19,2.03,46.11,8.68,22.83,18.97,23.64,3.97,0.22,0.36,,YAHOO,0.6536,1.6118,0.0148,0.062928,3.3806,-0.0849,76.74,2026-11-04,56,,,yahoo,1.0,1.0,1.0,0.0,1.0,0.0,1.0,0.0,0.0,-1.6636,-1.1585,1.2024,17.2462,26.3382,29.5937,263.11,273.9698,273.9698,-3.6221,-7.4423,-7.4423
ALLE,151.72999572753906,151.73,2026-09-09,False,151.3300018310547,155.38999938964844,-2.77,-9.11,BAJO,12902630400.0,19.91,15.52,6.09,33.73,11.03,22.1,15.36,3.75,14.11,1.05,1.93,,YAHOO,0.6536,1.6118,0.0148,0.062928,3.3806,-0.0849,76.74,2026-10-22,43,,,yahoo,1.0,0.0,1.0,1.0,1.0,0.0,1.0,1.0,0.0,-0.0593,-5.3875,11.0517,16.2575,26.0816,33.7419,166.44,168.94,178.3569,-8.838,-10.1871,-14.929
AMCR,43.130001068115234,43.13,2026-09-09,False,43.040000915527344,44.31999969482422,-2.73,12.64,BAJO,19940970496.0,18.12,9.9,1.69,9.4,3.57,9.69,4.71,7.54,9.6,1.28,1.25,,YAHOO,0.6536,1.6118,0.0148,0.062928,3.3806,-0.0849,76.74,2026-11-05,57,2026-08-12,28.0,yahoo,1.0,1.0,1.0,1.0,0.0,1.0,0.0,1.0,1.0,-4.5184,-7.4472,1.3193,12.6698,16.6078,29.6768,47.9018,47.9018,48.4112,-9.9615,-9.9615,-10.9091
AME,236.27000427246094,236.27,2026-09-09,False,235.02999877929688,237.7100067138672,-0.63,27.73,BAJO,54167556096.0,34.49,24.64,4.81,14.56,8.16,26.18,20.04,2.75,22.39,0.21,1.21,,YAHOO,0.6536,1.6118,0.0148,0.062928,3.3806,-0.0849,76.74,2026-10-29,50,,,yahoo,1.0,0.0,1.0,1.0,1.0,0.0,1.0,1.0,0.0,2.1399,-2.2749,0.9787,2.9696,14.1981,22.9647,258.52,258.52,258.52,-8.6067,-8.6067,-8.6067
AMP,551.8800048828125,551.88,2026-09-09,False,546.8400268554688,557.22998046875,-0.86,14.27,BAJO,48749334528.0,13.32,10.68,7.67,63.43,2.28,30.72,19.9,5.96,,0.68,2.18,,YAHOO,0.6536,1.6118,0.0148,0.062928,3.3806,-0.0849,76.74,2026-10-29,50,,,yahoo,1.0,0.0,1.0,1.0,0.0,0.0,1.0,0.0,1.0,1.7028,-1.4957,9.2439,23.245,25.2813,23.8048,570.68,570.68,570.68,-3.2943,-3.2943,-3.2943
AMT,175.42999267578125,175.43,2026-09-09,False,174.60000610351562,176.4499969482422,-0.17,-5.45,BAJO,81743372288.0,24.1,25.03,21.98,33.91,4.89,45.41,31.08,3.57,18.67,4.39,0.35,,YAHOO,0.6536,1.6118,0.0148,0.062928,3.3806,-0.0849,76.74,2026-10-27,48,,,yahoo,1.0,1.0,1.0,1.0,1.0,0.0,1.0,0.0,1.0,-0.3352,-1.7584,4.0572,-7.1925,26.6055,29.2777,178.57,185.76,192.2845,-1.7584,-5.5609,-8.7654
AON,304.69000244140625,304.69,2026-09-09,False,303.5899963378906,315.6700134277344,-3.51,-15.51,BAJO,64632500224.0,16.81,14.98,6.73,44.7,5.83,23.46,22.27,4.94,13.48,1.63,1.03,,YAHOO,0.6536,1.6118,0.0148,0.062928,3.3806,-0.0849,76.74,2026-10-30,51,,,yahoo,1.0,1.0,1.0,0.0,1.0,1.0,1.0,1.0,1.0,-6.6227,-14.1307,-14.4437,-7.903,17.6029,35.0395,359.1,380.3929,380.3929,-15.1518,-19.9012,-19.9012
AOS,57.83000183105469,57.83,2026-09-09,False,57.720001220703125,58.86000061035156,-1.68,-16.98,BAJO,7859593216.0,16.11,14.14,4.27,27.13,12.54,18.93,13.15,6.17,10.66,0.37,1.59,,YAHOO,0.6536,1.6118,0.0148,0.062928,3.3806,-0.0849,76.74,2026-10-27,48,,,yahoo,1.0,1.0,1.0,1.0,1.0,0.0,1.0,1.0,1.0,-1.1284,-6.9509,-3.7389,-1.7724,33.7558,31.4592,63.8,63.98,79.5335,-9.3574,-9.6124,-27.2885
APA,44.84000015258789,44.84,2026-09-09,False,44.22999954223633,44.88999938964844,2.96,115.15,BAJO,15709762560.0,9.46,10.33,2.24,26.66,11.6,56.33,19.56,13.67,3.51,0.49,0.95,,YAHOO,0.6536,1.6118,0.0148,0.062928,3.3806,-0.0849,76.74,2026-11-04,56,,,yahoo,1.0,1.0,1.0,1.0,1.0,0.0,1.0,0.0,1.0,1.219,8.4401,35.0347,23.3422,44.5171,41.5344,44.84,44.84,44.84,0.0,0.0,0.0
APD,295.239990234375,295.24,2026-09-09,False,294.1000061035156,299.0400085449219,-0.83,6.48,BAJO,65745674240.0,,20.45,4.74,0.02,4.73,25.54,-0.38,-2.28,18.43,1.1,1.08,,YAHOO,0.6536,1.6118,0.0148,0.062928,3.3806,-0.0849,76.74,2026-11-05,57,,,yahoo,0.0,0.0,1.0,1.0,0.0,0.0,0.0,0.0,0.0,-3.3015,-2.8336,-1.4322,4.9806,5.986,27.6378,309.46,314.19,314.19,-4.5951,-6.0314,-6.0314
APH,81.33999633789062,81.34,2026-09-09,False,80.87000274658203,82.27999877929688,-0.51,41.16,BAJO,200581726208.0,40.67,24.85,12.94,38.12,14.47,29.78,17.73,1.9,22.62,1.2,1.89,,YAHOO,0.6536,1.6118,0.0148,0.062928,3.3806,-0.0849,76.74,2026-10-28,49,,,yahoo,1.0,1.0,1.0,1.0,0.0,1.0,0.0,1.0,0.0,-0.3064,2.4562,2.2759,5.7477,26.3694,41.4841,85.435,88.16,88.16,-4.7931,-7.7359,-7.7359
APO,130.97999572753906,130.98,2026-09-09,False,129.25999450683594,131.74000549316406,-0.63,-0.03,BAJO,77349339136.0,46.61,12.2,3.85,11.41,0.94,21.95,5.27,,,1.01,1.95,,YAHOO,0.6536,1.6118,0.0148,0.062928,3.3806,-0.0849,76.74,2026-11-03,55,,,yahoo,1.0,0.0,1.0,1.0,0.0,0.0,0.0,0.0,1.0,-0.5392,-1.6519,9.3014,-0.8792,20.9719,36.7833,142.9761,142.9761,150.8032,-8.3903,-8.3903,-13.1451
APP,305.05999755859375,305.06,2026-09-09,False,304.2099914550781,312.3699951171875,-2.23,-44.43,BAJO,102481707008.0,23.45,14.54,32.34,203.69,46.46,77.68,64.58,3.1,18.94,1.11,4.3,,YAHOO,0.6536,1.6118,0.0148,0.062928,3.3806,-0.0849,76.74,2026-11-04,56,,,yahoo,1.0,1.0,1.0,1.0,1.0,1.0,1.0,1.0,1.0,-2.1428,-1.7647,-39.828,-41.4292,35.693,68.9186,320.56,564.61,733.6,-4.8353,-45.9698,-58.416
APTV,44.5099983215332,44.51,2026-09-09,False,44.470001220703125,45.959999084472656,-2.67,-44.9,BAJO,9241758720.0,20.14,6.81,1.06,5.16,6.72,12.68,1.07,17.48,4.38,0.65,2.02,,YAHOO,0.6536,1.6118,0.0148,0.062928,3.3806,-0.0849,76.74,2026-10-29,50,,,yahoo,1.0,0.0,1.0,1.0,1.0,1.0,1.0,1.0,1.0,-0.7581,-4.5464,-26.5148,-35.0029,63.9943,49.3881,50.04,66.62,88.67,-11.0512,-33.1882,-49.8026
ARE,50.34000015258789,50.34,2026-09-09,False,50.0099983215332,51.029998779296875,-0.85,-35.29,BAJO,8663276544.0,,-62.15,0.55,-4.08,0.93,17.28,-36.08,15.53,14.08,0.69,2.35,,YAHOO,0.6536,1.6118,0.0148,0.062928,3.3806,-0.0849,76.74,2026-10-26,47,,,yahoo,0.0,0.0,1.0,1.0,0.0,1.0,1.0,0.0,1.0,-2.4985,-4.8393,5.1378,-3.6817,26.4042,44.6296,54.04,54.87,82.4287,-6.8468,-8.2559,-38.929
ARES,134.3699951171875,134.37,2026-09-09,False,133.57000732421875,138.25,-3.07,-19.5,BAJO,44321488896.0,61.64,18.68,12.18,14.94,2.59,19.38,10.63,4.87,34.75,1.72,0.54,,YAHOO,0.6536,1.6118,0.0148,0.062928,3.3806,-0.0849,76.74,2026-11-02,54,,,yahoo,1.0,0.0,1.0,1.0,1.0,0.0,0.0,0.0,1.0,-3.3935,-5.877,10.3111,3.9152,36.7684,41.7733,149.45,149.45,178.1319,-10.0903,-10.0903,-24.5672
ATO,166.58999633789062,166.59,2026-09-09,False,165.88999938964844,168.3000030517578,-0.88,4.8,BAJO,28151803904.0,19.86,18.47,1.85,9.79,3.89,37.22,28.5,-7.89,14.46,0.68,0.81,,YAHOO,0.6536,1.6118,0.0148,0.062928,3.3806,-0.0849,76.74,2026-11-04,56,,,yahoo,1.0,1.0,1.0,1.0,0.0,0.0,0.0,1.0,1.0,-0.6619,-0.5789,-4.884,-0.0152,14.0621,16.149,170.2833,178.4242,190.0626,-2.1689,-6.6326,-12.3499
AVB,68.13999938964844,68.14,2026-08-24,False,67.36000061035156,68.62000274658203,2.02,-0.24,BAJO,26283393024.0,25.25,36.58,2.17,8.49,2.63,30.63,33.32,5.36,19.14,0.75,0.34,,YAHOO,0.6536,1.6118,0.0148,0.062928,3.3806,-0.0849,76.74,2026-10-28,49,,,yahoo,1.0,0.0,1.0,1.0,0.0,0.0,1.0,0.0,0.0,7.0374,3.5221,,,14.1797,,68.9044,,,-1.1094,,
AWK,140.3300018310547,140.33,2026-09-09,False,139.77000427246094,142.0399932861328,-0.04,3.82,BAJO,27887640576.0,24.32,21.37,2.39,10.1,3.52,40.66,21.35,-6.4,15.01,1.38,0.52,,YAHOO,0.6536,1.6118,0.0148,0.062928,3.3806,-0.0849,76.74,2026-10-28,49,,,yahoo,1.0,0.0,1.0,1.0,1.0,1.0,0.0,1.0,1.0,2.1325,1.984,8.0904,12.5336,9.1043,23.5145,140.89,140.89,141.5679,-0.3975,-0.3975,-0.8744
AXON,490.0,490.0,2026-09-09,False,485.2300109863281,503.2799987792969,-3.05,-32.14,BAJO,39806332928.0,205.88,46.34,10.83,6.22,0.51,5.17,6.19,0.56,248.11,0.5,2.15,,YAHOO,0.6536,1.6118,0.0148,0.062928,3.3806,-0.0849,76.74,2026-11-03,55,,,yahoo,1.0,0.0,1.0,1.0,0.0,1.0,0.0,0.0,0.0,-5.4602,-20.0991,-13.397,8.2849,74.5483,75.9455,645.72,645.72,777.58,-24.1157,-24.1157,-36.984
AZO,2910.969970703125,2910.97,2026-09-09,False,2881.510009765625,2935.090087890625,-1.38,-31.25,BAJO,,20.01,16.62,-17.11,,11.39,19.08,12.4,,14.15,,0.89,,YAHOO,0.6536,1.6118,0.0148,0.062928,3.3806,-0.0849,76.74,2026-09-22,13,,,yahoo,1.0,0.0,1.0,1.0,1.0,1.0,1.0,0.0,0.0,-1.8497,-3.844,-5.2616,-7.2275,19.3101,30.7789,3076.8899,3218.1499,4354.54,-5.3925,-9.5452,-33.1509
BAX,24.389999389648438,24.39,2026-09-09,False,24.389999389648438,25.209999084472656,-1.89,0.86,BAJO,12609531904.0,,11.98,2.03,-14.37,2.85,14.43,-9.27,7.93,10.67,1.56,1.95,,YAHOO,0.6536,1.6118,0.0148,0.062928,3.3806,-0.0849,76.74,2026-10-29,50,,,yahoo,0.0,0.0,1.0,1.0,0.0,1.0,0.0,0.0,1.0,-4.2779,-7.1913,7.8665,21.8143,32.2409,43.7199,27.0396,28.3391,28.3391,-9.7989,-13.9351,-13.9351
BBY,88.02999877929688,88.03,2026-09-09,False,87.91999816894531,90.73999786376953,-1.46,21.58,BAJO,18462328832.0,14.65,12.21,5.82,43.13,7.25,3.9,3.01,7.6,7.71,1.3,1.12,,YAHOO,0.6536,1.6118,0.0148,0.062928,3.3806,-0.0849,76.74,2026-11-24,76,2026-08-27,13.0,yahoo,1.0,1.0,1.0,1.0,0.0,1.0,1.0,0.0,1.0,6.5352,3.2126,6.3164,18.7453,33.3352,36.0991,90.27,90.27,90.27,-2.4814,-2.4814,-2.4814
BDX,179.8000030517578,179.8,2026-09-09,False,176.5500030517578,182.10000610351562,0.98,23.98,BAJO,48975151104.0,31.11,13.53,2.01,6.61,4.34,15.73,4.19,9.14,10.63,0.69,0.86,,YAHOO,0.6536,1.6118,0.0148,0.062928,3.3806,-0.0849,76.74,2026-11-05,57,,,yahoo,1.0,1.0,1.0,1.0,0.0,0.0,1.0,1.0,1.0,-3.3453,-4.7,19.034,18.9558,28.2368,29.3791,190.8744,190.8744,190.8744,-5.8019,-5.8019,-5.8019
BEN,34.119998931884766,34.12,2026-09-09,False,34.04999923706055,34.91999816894531,-1.53,47.24,BAJO,17335582720.0,23.21,10.69,1.48,7.89,2.64,12.98,8.72,-17.25,11.62,0.25,5.49,,YAHOO,0.6536,1.6118,0.0148,0.062928,3.3806,-0.0849,76.74,2026-11-06,58,,,yahoo,1.0,1.0,1.0,1.0,0.0,0.0,1.0,1.0,1.0,3.0816,-2.5978,1.8507,8.3725,34.9729,25.6812,35.03,35.77,35.77,-2.5978,-4.6128,-4.6128
BKR,63.63999938964844,63.64,2026-09-09,False,63.470001220703125,66.08999633789062,-0.44,43.13,BAJO,63173775360.0,20.46,20.08,3.17,16.46,4.85,12.83,11.17,6.99,12.93,0.81,2.1,,YAHOO,0.6536,1.6118,0.0148,0.062928,3.3806,-0.0849,76.74,2026-10-22,43,,,yahoo,1.0,0.0,1.0,1.0,1.0,1.0,1.0,1.0,0.0,-0.0314,2.944,10.9696,0.51,14.3168,29.9909,64.9,64.9,69.1833,-1.9415,-1.9415,-8.0125
BLDR,61.38999938964844,61.39,2026-09-09,False,61.189998626708984,63.09000015258789,-1.9,-55.38,BAJO,6605346304.0,66.73,13.75,1.65,2.51,2.39,3.33,0.71,7.03,11.52,1.31,1.79,,YAHOO,0.6536,1.6118,0.0148,0.062928,3.3806,-0.0849,76.74,2026-10-29,50,,,yahoo,1.0,0.0,1.0,1.0,0.0,0.0,1.0,0.0,0.0,-2.2297,-11.4908,-18.8929,-20.828,54.2848,58.6407,73.56,90.51,146.56,-16.5443,-32.1732,-58.1127
BLK,1072.030029296875,1072.03,2026-09-09,False,1071.199951171875,1092.8900146484375,-2.13,-0.06,BAJO,174179352576.0,25.69,16.67,2.88,12.28,3.74,35.08,24.09,4.35,15.66,0.23,2.45,,YAHOO,0.6536,1.6118,0.0148,0.062928,3.3806,-0.0849,76.74,2026-10-14,35,,,yahoo,1.0,0.0,1.0,0.0,1.0,0.0,0.0,0.0,0.0,-4.4826,-8.423,3.9978,6.4797,28.2081,28.4118,1176.8008,1176.8008,1177.4279,-8.903,-8.903,-8.9515
BR,168.10000610351562,168.1,2026-09-09,False,164.6999969482422,169.02999877929688,-0.31,-30.69,BAJO,19167066112.0,17.53,14.52,6.75,40.92,9.29,24.61,15.04,6.23,12.32,1.24,1.24,,YAHOO,0.6536,1.6118,0.0148,0.062928,3.3806,-0.0849,76.74,2026-11-03,55,,,yahoo,1.0,1.0,1.0,1.0,0.0,1.0,1.0,1.0,1.0,-6.2391,-8.4864,14.6914,13.4907,32.2233,34.7248,184.3148,184.3148,249.1264,-8.7973,-8.7973,-32.5242
BRO,66.52999877929688,66.53,2026-09-09,False,66.36000061035156,67.87999725341797,-2.42,-27.22,BAJO,22261626880.0,21.26,13.79,1.74,10.02,5.38,41.84,18.08,7.38,10.18,0.64,1.13,,YAHOO,0.6536,1.6118,0.0148,0.062928,3.3806,-0.0849,76.74,2026-10-26,47,,,yahoo,1.0,0.0,1.0,1.0,0.0,0.0,0.0,1.0,0.0,-7.6614,-9.2855,-1.4425,12.8134,34.5288,36.3385,74.62,74.6971,95.0407,-10.8416,-10.9336,-29.9984
BSX,44.959999084472656,44.96,2026-09-09,False,44.88999938964844,46.27000045776367,-0.04,-57.49,BAJO,65157361664.0,18.2,13.11,2.61,15.34,6.19,22.9,17.5,3.76,13.57,0.5,1.24,,YAHOO,0.6536,1.6118,0.0148,0.062928,3.3806,-0.0849,76.74,2026-10-28,49,,,yahoo,1.0,1.0,1.0,1.0,0.0,1.0,0.0,1.0,1.0,-6.4892,-9.8275,0.4244,-8.1699,53.6057,36.234,52.01,52.01,108.09,-13.5551,-13.5551,-58.405
BXP,64.29000091552734,64.29,2026-09-09,False,64.05000305175781,65.87999725341797,-2.21,-6.33,BAJO,11628609536.0,34.56,28.92,1.99,5.31,1.68,28.75,9.3,7.57,17.75,2.12,0.51,,YAHOO,0.6536,1.6118,0.0148,0.062928,3.3806,-0.0849,76.74,2026-10-27,48,,,yahoo,1.0,1.0,1.0,1.0,0.0,0.0,0.0,0.0,1.0,-4.1306,-10.8693,-3.7863,-2.465,32.0508,28.825,72.13,72.97,75.5641,-10.8693,-11.8953,-14.9199
CAG,15.109999656677246,15.11,2026-09-09,False,15.069999694824219,15.470000267028809,-0.98,-15.12,BAJO,7231126528.0,,9.74,1.14,-25.06,4.4,13.77,-16.98,11.88,8.32,1.18,0.9,,YAHOO,0.6536,1.6118,0.0148,0.062928,3.3806,-0.0849,76.74,2026-09-30,21,,,yahoo,0.0,0.0,1.0,1.0,0.0,1.0,0.0,0.0,1.0,-6.2073,-7.1297,10.5029,16.3055,19.0908,35.5002,16.67,16.67,19.3071,-9.3581,-9.3581,-21.7387
CARR,57.95000076293945,57.95,2026-09-09,False,57.900001525878906,59.72999954223633,-1.96,-6.38,BAJO,47769636864.0,41.39,17.52,3.64,8.97,2.98,13.07,5.52,1.8,19.12,0.92,1.02,,YAHOO,0.6536,1.6118,0.0148,0.062928,3.3806,-0.0849,76.74,2026-10-27,48,,,yahoo,1.0,0.0,1.0,1.0,0.0,0.0,1.0,0.0,0.0,1.2227,-0.974,-16.1258,-18.3627,32.611,34.5138,63.35,75.7277,75.7277,-8.5241,-23.4758,-23.4758
CB,337.6199951171875,337.62,2026-09-09,False,333.6300048828125,338.4100036621094,0.29,23.54,BAJO,130253750272.0,11.97,11.6,1.73,14.82,3.36,23.53,18.07,8.05,10.27,0.31,0.41,,YAHOO,0.6536,1.6118,0.0148,0.062928,3.3806,-0.0849,76.74,2026-10-27,48,,,yahoo,1.0,1.0,1.0,1.0,1.0,0.0,1.0,0.0,0.0,-0.3306,-1.6001,-2.9353,4.1655,32.4746,24.2138,348.25,363.5,363.5,-3.0524,-7.1197,-7.1197
CBOE,291.8699951171875,291.87,2026-09-09,False,287.79998779296875,297.9800109863281,-0.5,27.41,BAJO,30480279552.0,22.77,19.16,5.42,26.3,11.58,34.63,26.73,2.23,15.39,0.28,1.56,,YAHOO,0.6536,1.6118,0.0148,0.062928,3.3806,-0.0849,76.74,2026-10-30,51,,,yahoo,1.0,1.0,1.0,1.0,1.0,1.0,1.0,1.0,0.0,-5.12,-5.2261,9.1807,0.716,20.888,43.635,313.0803,313.0803,364.9193,-6.7747,-6.7747,-20.0179
CCI,75.18000030517578,75.18,2026-09-09,False,74.87000274658203,76.19000244140625,-1.04,-15.7,BAJO,32853659648.0,30.69,26.04,-9.79,,4.72,46.83,20.72,3.15,20.2,,0.52,,YAHOO,0.6536,1.6118,0.0148,0.062928,3.3806,-0.0849,76.74,2026-10-21,42,,,yahoo,1.0,1.0,1.0,1.0,1.0,0.0,0.0,0.0,0.0,-0.8702,-1.455,-5.6239,-17.8381,30.0503,33.2149,77.26,88.74,95.3952,-2.6922,-15.2806,-21.191
CCL,22.700000762939453,22.7,2026-09-09,False,22.700000762939453,23.020000457763672,-2.16,-26.03,BAJO,31091036160.0,10.23,8.62,2.4,26.69,5.37,12.79,11.24,6.11,7.54,2.02,0.33,,YAHOO,0.6536,1.6118,0.0148,0.062928,3.3806,-0.0849,76.74,2026-09-28,19,,,yahoo,1.0,1.0,1.0,1.0,1.0,1.0,0.0,1.0,1.0,-2.2815,-13.1599,-14.9501,-17.7105,14.9709,36.5353,28.42,30.739,33.4524,-20.1267,-26.1525,-32.1425
CDNS,284.6000061035156,284.6,2026-09-09,False,281.6499938964844,287.760009765625,0.17,-20.42,BAJO,78376845312.0,56.58,29.82,11.43,23.23,10.61,28.57,23.61,2.05,36.87,0.39,1.74,,YAHOO,0.6536,1.6118,0.0148,0.062928,3.3806,-0.0849,76.74,2026-10-26,47,,,yahoo,1.0,0.0,1.0,1.0,1.0,0.0,1.0,1.0,1.0,-9.0851,-14.2513,-25.9182,-27.1937,31.0411,38.3139,347.55,394.5,416.39,-18.1125,-27.858,-31.6506
CDW,142.3699951171875,142.37,2026-09-09,False,140.91000366210938,145.5800018310547,-1.46,-13.1,BAJO,17798729728.0,17.11,11.82,7.3,44.01,6.59,7.34,4.6,3.8,11.87,2.63,1.17,,YAHOO,0.6536,1.6118,0.0148,0.062928,3.3806,-0.0849,76.74,2026-11-03,55,,,yahoo,1.0,0.0,1.0,1.0,1.0,0.0,1.0,0.0,0.0,-5.2761,0.1971,-0.928,7.2903,56.6839,49.6727,153.92,153.92,167.3621,-7.5039,-7.5039,-14.9329
CF,138.11000061035156,138.11,2026-09-09,False,135.7100067138672,139.5,2.81,67.43,BAJO,20901308416.0,10.25,13.32,3.64,29.87,12.93,49.33,27.12,6.11,6.51,0.41,4.86,,YAHOO,0.6536,1.6118,0.0148,0.062928,3.3806,-0.0849,76.74,2026-11-04,56,,,yahoo,1.0,1.0,1.0,1.0,0.0,1.0,1.0,1.0,1.0,1.851,8.5259,18.7321,27.8519,40.8811,37.3705,139.27,139.27,139.27,-0.8329,-0.8329,-0.8329
CFG,69.37000274658203,69.37,2026-09-09,False,68.4520034790039,70.18000030517578,-0.89,39.1,BAJO,29217036288.0,15.11,10.62,1.22,8.27,0.94,35.13,26.05,,,,,,YAHOO,0.6536,1.6118,0.0148,0.062928,3.3806,-0.0849,76.74,2026-10-16,37,,,yahoo,1.0,1.0,1.0,1.0,1.0,0.0,1.0,0.0,1.0,1.7752,-0.6587,-0.7387,6.3201,18.8255,23.9594,74.73,74.73,74.73,-7.1725,-7.1725,-7.1725
CHD,95.19000244140625,95.19,2026-09-09,False,94.0,95.81999969482422,-1.4,2.51,BAJO,22579439616.0,30.51,23.56,5.19,17.04,7.87,18.07,11.96,4.16,18.27,0.56,1.15,,YAHOO,0.6536,1.6118,0.0148,0.062928,3.3806,-0.0849,76.74,2026-10-30,51,,,yahoo,1.0,1.0,1.0,1.0,1.0,0.0,1.0,0.0,1.0,-4.2643,-7.186,-0.913,-1.5972,13.652,23.6568,102.86,103.3249,104.5985,-7.4567,-7.8732,-8.9949
CHRW,150.4499969482422,150.45,2026-09-09,False,150.10000610351562,154.13999938964844,0.23,22.09,BAJO,17580271616.0,28.71,20.06,10.83,37.12,9.96,5.34,3.73,2.73,20.8,1.21,1.58,,YAHOO,0.6536,1.6118,0.0148,0.062928,3.3806,-0.0849,76.74,2026-10-28,49,,,yahoo,1.0,1.0,1.0,1.0,0.0,1.0,1.0,1.0,0.0,2.1767,5.1782,-21.9127,-21.1589,9.3432,49.8096,151.0784,208.5206,208.5206,-0.4159,-27.8489,-27.8489
CHTR,133.88999938964844,133.89,2026-09-09,False,133.3300018310547,145.80999755859375,-8.13,-48.24,BAJO,18045358080.0,3.48,3.04,0.94,27.2,5.31,23.5,9.05,12.18,5.37,4.42,0.36,,YAHOO,0.6536,1.6118,0.0148,0.062928,3.3806,-0.0849,76.74,2026-10-30,51,,,yahoo,1.0,0.0,1.0,1.0,1.0,1.0,1.0,1.0,0.0,-8.4137,-13.6973,2.4172,-1.0933,55.7257,58.5445,158.97,158.97,282.74,-15.7766,-15.7766,-52.6455
CI,278.1700134277344,278.17,2026-09-09,False,272.3399963378906,282.45001220703125,0.85,-4.89,BAJO,73503776768.0,11.5,8.31,1.72,16.76,4.46,3.98,2.27,10.86,7.71,0.74,0.85,,YAHOO,0.6536,1.6118,0.0148,0.062928,3.3806,-0.0849,76.74,2026-11-05,57,,,yahoo,1.0,1.0,1.0,1.0,0.0,1.0,1.0,0.0,1.0,-1.1819,0.1412,-4.6839,-5.1815,24.1337,28.1928,284.6794,302.8186,304.1076,-2.2866,-8.1397,-8.5291
CINF,169.2100067138672,169.21,2026-09-09,False,167.72999572753906,169.63999938964844,0.04,13.48,BAJO,25970022400.0,7.99,18.74,1.56,21.48,6.41,37.2,23.84,11.49,5.72,0.05,1.15,,YAHOO,0.6536,1.6118,0.0148,0.062928,3.3806,-0.0849,76.74,2026-10-26,47,,,yahoo,1.0,0.0,1.0,1.0,1.0,0.0,1.0,0.0,0.0,-0.6925,-1.2892,-5.6169,3.8499,26.2823,25.6577,174.72,192.03,192.03,-3.1536,-11.8836,-11.8836
CLX,89.62000274658203,89.62,2026-09-09,False,89.13999938964844,91.0,-2.16,-24.45,BAJO,10837836800.0,18.63,14.25,120.46,163.76,8.32,12.88,8.73,1.02,14.43,22.21,0.66,,YAHOO,0.6536,1.6118,0.0148,0.062928,3.3806,-0.0849,76.74,2026-11-03,55,,,yahoo,1.0,0.0,1.0,1.0,0.0,0.0,1.0,0.0,0.0,-5.6334,-14.5907,-6.103,-7.9336,14.6401,33.2905,107.9,107.9,124.127,-16.9416,-16.9416,-27.7997
CMCSA,24.59000015258789,24.59,2026-09-09,False,24.190000534057617,26.25,-6.61,-17.38,BAJO,87260979200.0,7.88,6.79,0.97,11.49,4.31,17.23,8.97,14.55,4.99,1.0,0.8,,YAHOO,0.6536,1.6118,0.0148,0.062928,3.3806,-0.0849,76.74,2026-10-29,50,,,yahoo,1.0,1.0,1.0,1.0,1.0,1.0,1.0,1.0,0.0,-6.5019,-9.262,4.3275,4.5075,47.6874,36.4288,27.2,27.2,31.6751,-9.5956,-9.5956,-22.368
CME,274.70001220703125,274.7,2026-09-09,False,274.010009765625,277.6400146484375,-0.81,10.03,BAJO,98776424448.0,23.28,21.27,3.72,15.8,1.48,65.04,63.44,2.95,21.04,0.15,1.02,,YAHOO,0.6536,1.6118,0.0148,0.062928,3.3806,-0.0849,76.74,2026-10-21,42,,,yahoo,1.0,0.0,1.0,1.0,1.0,1.0,1.0,0.0,0.0,-3.6518,-0.4798,14.8664,7.8337,18.7427,28.4946,285.1116,285.1116,315.7112,-3.6518,-3.6518,-12.9901
CMG,36.029998779296875,36.03,2026-09-09,False,35.970001220703125,36.86000061035156,-2.52,-7.78,BAJO,45593010176.0,33.36,26.31,20.77,49.56,13.08,16.11,11.43,2.45,22.12,2.46,0.71,,YAHOO,0.6536,1.6118,0.0148,0.062928,3.3806,-0.0849,76.74,2026-10-28,49,,,yahoo,1.0,1.0,1.0,1.0,0.0,0.0,1.0,0.0,1.0,-3.9456,-3.7403,2.2128,20.5823,18.6479,50.9044,38.52,38.52,42.36,-6.4642,-6.4642,-14.9433
CMI,554.760009765625,554.76,2026-09-09,False,548.4500122070312,562.5999755859375,-1.21,43.49,BAJO,76370747392.0,28.39,16.08,5.94,21.11,7.0,11.9,7.82,2.92,16.29,0.6,1.73,,YAHOO,0.6536,1.6118,0.0148,0.062928,3.3806,-0.0849,76.74,2026-11-05,57,,,yahoo,1.0,0.0,1.0,1.0,0.0,1.0,0.0,1.0,0.0,0.655,-3.1275,-17.6234,-16.7962,29.1538,35.5854,638.7823,724.8918,724.8918,-13.1535,-23.47,-23.47
CMS,68.16999816894531,68.17,2026-09-09,False,67.91000366210938,68.94999694824219,-0.9,0.05,BAJO,21376552960.0,20.53,16.4,2.24,9.16,2.97,17.17,11.64,-10.29,13.68,1.86,0.94,,YAHOO,0.6536,1.6118,0.0148,0.062928,3.3806,-0.0849,76.74,2026-10-29,50,,,yahoo,1.0,0.0,1.0,1.0,0.0,1.0,0.0,0.0,1.0,0.309,-0.8292,-8.8592,-5.3832,11.8787,17.7931,71.4,78.1791,78.6889,-4.5238,-12.8028,-13.3677
CNC,64.05999755859375,64.06,2026-09-09,False,61.810001373291016,64.83999633789062,-0.81,107.16,BAJO,31645319168.0,,12.06,1.4,-20.36,2.48,3.76,-2.83,30.46,4.51,0.71,1.15,,YAHOO,0.6536,1.6118,0.0148,0.062928,3.3806,-0.0849,76.74,2026-10-27,48,,,yahoo,0.0,0.0,1.0,1.0,0.0,0.0,1.0,0.0,1.0,-1.7937,-1.4462,-4.8849,-3.2472,30.6621,37.4386,68.02,68.72,68.72,-5.8218,-6.7811,-6.7811
CNP,39.77000045776367,39.77,2026-09-09,False,39.560001373291016,40.209999084472656,-0.87,9.26,BAJO,26197305344.0,23.67,19.06,2.24,9.83,3.0,24.49,11.61,-19.82,13.07,2.1,1.12,,YAHOO,0.6536,1.6118,0.0148,0.062928,3.3806,-0.0849,76.74,2026-10-22,43,,,yahoo,1.0,0.0,1.0,1.0,1.0,0.0,0.0,0.0,1.0,0.7601,2.1577,-8.1128,-5.62,18.215,19.3202,40.5874,44.7724,44.7724,-2.014,-11.173,-11.173
COF,210.86000061035156,210.86,2026-09-09,False,210.86000061035156,214.30999755859375,-1.45,-2.84,BAJO,129359421440.0,11.62,8.78,1.26,9.03,1.52,33.63,21.87,,,,,,YAHOO,0.6536,1.6118,0.0148,0.062928,3.3806,-0.0849,76.74,2026-10-20,41,,,yahoo,1.0,0.0,1.0,1.0,1.0,0.0,0.0,0.0,1.0,-0.2271,-2.488,5.0043,15.4102,29.5306,28.2278,226.54,226.54,254.9582,-6.9215,-6.9215,-17.2962
COO,63.47999954223633,63.48,2026-09-09,False,62.2400016784668,67.91999816894531,-6.22,-6.07,BAJO,12380544000.0,53.8,12.71,1.5,2.85,2.52,-2.87,5.57,3.43,16.89,0.33,1.27,,YAHOO,0.6536,1.6118,0.0148,0.062928,3.3806,-0.0849,76.74,2026-09-09,0,,,yahoo,1.0,0.0,1.0,1.0,1.0,0.0,1.0,0.0,1.0,-8.3718,-13.0887,-10.2122,-7.4905,49.5299,31.0031,76.73,76.82,84.32,-17.2683,-17.3653,-24.7154
COR,323.32000732421875,323.32,2026-09-09,False,321.9200134277344,326.989990234375,-0.42,9.99,BAJO,61698240512.0,24.0,16.32,20.22,96.87,3.56,1.41,0.79,3.31,13.26,4.47,0.94,,YAHOO,0.6536,1.6118,0.0148,0.062928,3.3806,-0.0849,76.74,2026-11-04,56,,,yahoo,1.0,0.0,1.0,1.0,0.0,1.0,1.0,1.0,0.0,-2.3114,-1.4449,6.7582,15.8733,17.0048,28.1152,337.22,337.22,372.5275,-4.1219,-4.1219,-13.2091
CPB,21.8799991607666,21.88,2026-09-09,False,21.530000686645508,22.1299991607666,0.55,-30.12,BAJO,6524752384.0,16.7,11.93,1.69,10.05,4.95,10.34,4.08,11.45,8.36,1.72,0.81,,YAHOO,0.6536,1.6118,0.0148,0.062928,3.3806,-0.0849,76.74,2026-12-07,89,2026-09-03,6.0,finnhub,,,,,,,,,,-7.7183,-6.7746,-0.8609,0.541,62.8985,38.6013,24.16,24.16,31.7442,-9.4371,-9.4371,-31.0741
CPRT,32.029998779296875,32.03,2026-09-09,False,31.739999771118164,32.5,-1.75,-32.45,BAJO,29653739520.0,19.89,19.07,3.38,17.61,11.34,37.53,33.48,3.37,13.04,0.01,7.61,,YAHOO,0.6536,1.6118,0.0148,0.062928,3.3806,-0.0849,76.74,2026-09-10,1,,,yahoo,1.0,0.0,1.0,1.0,0.0,1.0,0.0,1.0,0.0,-1.3551,-3.9004,16.3881,2.2996,53.2408,42.9049,34.33,34.33,48.9,-6.6997,-6.6997,-34.499
CPT,104.11000061035156,104.11,2026-09-09,False,103.45999908447266,105.62000274658203,-0.57,-2.02,BAJO,12048918528.0,34.36,95.51,2.81,7.89,1.87,16.1,20.62,1.16,17.43,1.26,0.35,,YAHOO,0.6536,1.6118,0.0148,0.062928,3.3806,-0.0849,76.74,2026-11-05,57,,,yahoo,1.0,1.0,1.0,1.0,0.0,1.0,1.0,1.0,0.0,-1.7459,-3.8511,-7.8346,-8.9567,7.8706,19.9853,110.47,117.58,117.58,-5.7572,-11.456,-11.456
CRH,89.3499984741211,89.35,2026-09-09,False,89.27999877929688,91.33000183105469,-1.39,-17.48,BAJO,59443167232.0,15.79,13.54,2.48,15.81,6.06,19.02,9.94,3.4,10.05,0.78,1.58,,YAHOO,0.6536,1.6118,0.0148,0.062928,3.3806,-0.0849,76.74,2026-10-29,50,,,yahoo,1.0,0.0,1.0,1.0,0.0,1.0,1.0,1.0,0.0,-2.0285,-7.1206,-14.3271,-13.4927,41.0816,31.1402,97.5988,112.5987,129.9237,-8.4518,-20.6474,-31.2289
CRL,278.3500061035156,278.35,2026-09-09,False,275.0,280.75,-0.86,77.78,BAJO,13407486976.0,,21.94,4.68,-7.52,4.11,15.11,-5.96,3.5,19.05,1.05,1.35,,YAHOO,0.6536,1.6118,0.0148,0.062928,3.3806,-0.0849,76.74,2026-11-04,56,,,yahoo,0.0,0.0,1.0,1.0,0.0,0.0,1.0,1.0,1.0,-1.4132,-6.481,19.2537,46.6157,21.6116,44.1232,298.58,298.58,298.58,-6.7754,-6.7754,-6.7754
CSGP,29.579999923706055,29.58,2026-09-09,False,29.329999923706055,30.290000915527344,-2.5,-65.53,BAJO,11985744896.0,164.33,17.07,1.51,0.89,0.47,8.22,2.08,3.44,30.17,0.15,2.21,,YAHOO,0.6536,1.6118,0.0148,0.062928,3.3806,-0.0849,76.74,2026-10-27,48,,,yahoo,1.0,0.0,1.0,1.0,1.0,0.0,0.0,0.0,1.0,-7.5047,-9.8446,4.1916,-12.8205,28.9836,50.8599,33.73,33.73,89.26,-12.3036,-12.3036,-66.8609
CSX,48.369998931884766,48.37,2026-09-09,False,48.27000045776367,48.91999816894531,-1.29,53.06,BAJO,89604210688.0,28.12,21.29,6.36,24.36,7.38,38.42,22.21,2.18,15.76,1.38,0.82,,YAHOO,0.6536,1.6118,0.0148,0.062928,3.3806,-0.0849,76.74,2026-10-22,43,,,yahoo,1.0,0.0,1.0,1.0,1.0,0.0,1.0,0.0,0.0,-0.6776,-5.8388,-1.8368,2.5855,17.1141,22.5642,51.6187,53.0847,53.0847,-6.2936,-8.8814,-8.8814
CTAS,200.0399932861328,200.04,2026-09-09,False,197.2899932861328,200.13999938964844,-0.23,0.91,BAJO,80049913856.0,40.74,32.72,15.57,40.71,16.1,23.69,17.75,1.83,27.54,0.53,1.43,,YAHOO,0.6536,1.6118,0.0148,0.062928,3.3806,-0.0849,76.74,2026-09-23,14,,,yahoo,1.0,1.0,1.0,1.0,1.0,0.0,1.0,1.0,1.0,-0.2742,-2.3051,11.6453,11.5026,13.3549,28.9496,207.4,215.969,215.969,-3.5487,-7.3756,-7.3756
CTSH,58.20000076293945,58.2,2026-09-09,False,58.08000183105469,59.869998931884766,-2.87,-15.0,BAJO,26215854080.0,12.49,9.21,1.82,14.92,10.73,17.48,10.26,8.45,6.75,0.14,2.18,,YAHOO,0.6536,1.6118,0.0148,0.062928,3.3806,-0.0849,76.74,2026-10-28,49,,,yahoo,1.0,0.0,1.0,1.0,1.0,1.0,1.0,0.0,1.0,-8.1874,-7.7069,37.5176,10.5804,43.2991,55.1123,64.64,64.64,85.1577,-9.9629,-9.9629,-31.6562
CTVA,84.75,84.75,2026-09-09,False,84.63999938964844,86.51000213623047,-1.34,18.91,BAJO,56544862208.0,51.36,20.57,2.25,4.26,4.55,30.13,5.66,4.27,13.87,0.19,1.52,,YAHOO,0.6536,1.6118,0.0148,0.062928,3.3806,-0.0849,76.74,2026-11-03,55,,,yahoo,1.0,1.0,1.0,1.0,1.0,0.0,1.0,1.0,0.0,-3.3968,2.2645,-0.8746,13.2258,9.0335,35.0336,89.97,90.3175,90.3175,-5.8019,-6.1644,-6.1644
CVNA,73.41000366210938,73.41,2026-09-09,False,73.16000366210938,76.37000274658203,-1.75,-1.21,BAJO,81372323840.0,38.84,32.45,13.1,58.77,11.7,9.22,6.26,0.52,22.52,1.11,3.93,,YAHOO,0.6536,1.6118,0.0148,0.062928,3.3806,-0.0849,76.74,2026-10-28,49,,,yahoo,1.0,1.0,1.0,0.0,1.0,1.0,0.0,0.0,0.0,1.7041,-3.1147,11.5145,5.459,23.0532,61.5928,75.77,75.77,95.69,-3.1147,-3.1147,-23.2835
D,65.0999984741211,65.1,2026-09-09,False,65.08000183105469,66.79000091552734,-1.69,16.26,BAJO,57257136128.0,22.53,17.06,2.05,8.28,3.04,29.22,13.98,-16.03,13.98,1.6,0.81,,YAHOO,0.6536,1.6118,0.0148,0.062928,3.3806,-0.0849,76.74,2026-10-30,51,,,yahoo,1.0,1.0,1.0,1.0,0.0,1.0,0.0,1.0,1.0,-0.9375,-1.7516,-6.1677,-0.7431,19.6286,14.8979,68.0822,70.973,70.973,-4.3803,-8.275,-8.275
DASH,197.2449951171875,197.245,2026-09-09,False,193.4199981689453,199.08999633789062,-1.59,-22.2,BAJO,85465849856.0,103.81,24.22,8.61,8.89,2.97,3.86,5.29,6.02,58.1,0.33,1.37,,YAHOO,0.6536,1.6118,0.0148,0.062928,3.3806,-0.0849,76.74,2026-11-04,56,,,yahoo,1.0,1.0,1.0,1.0,0.0,0.0,0.0,1.0,0.0,-12.592,-15.5268,2.8282,26.7071,30.1469,40.8235,236.93,236.93,281.74,-16.7497,-16.7497,-29.9904
DDOG,225.27000427246094,225.27,2026-09-09,False,209.0399932861328,225.9600067138672,7.15,61.29,BAJO,80888832000.0,450.54,75.89,18.52,4.7,0.18,0.67,4.48,1.3,930.62,0.29,3.21,,YAHOO,0.6536,1.6118,0.0148,0.062928,3.3806,-0.0849,76.74,2026-11-05,57,,,yahoo,1.0,0.0,1.0,1.0,1.0,1.0,0.0,0.0,1.0,0.6389,1.0225,-12.5301,-0.9105,62.003,68.5856,255.46,288.15,288.15,-11.8179,-21.822,-21.822
DG,124.56999969482422,124.57,2026-09-09,False,124.08999633789062,127.98999786376953,-2.58,22.48,BAJO,27482232832.0,16.18,15.1,2.96,19.69,4.89,6.81,3.9,6.32,11.63,1.7,1.21,,YAHOO,0.6536,1.6118,0.0148,0.062928,3.3806,-0.0849,76.74,2026-12-02,84,2026-08-27,13.0,finnhub,1.0,1.0,1.0,1.0,1.0,0.0,0.0,1.0,1.0,-4.9737,1.6234,4.7511,14.4682,40.166,36.6194,133.21,133.21,154.7135,-6.486,-6.486,-19.4834
DGX,235.4600067138672,235.46,2026-09-09,False,232.42999267578125,236.24000549316406,-0.02,32.07,BAJO,25988511744.0,25.0,19.53,3.45,14.6,6.4,15.25,9.19,3.5,14.19,0.81,1.59,,YAHOO,0.6536,1.6118,0.0148,0.062928,3.3806,-0.0849,76.74,2026-10-20,41,,,yahoo,1.0,1.0,1.0,1.0,1.0,0.0,1.0,1.0,1.0,-0.3217,-3.7013,13.5075,15.5905,6.2168,25.9037,245.0,245.0,245.0,-3.8939,-3.8939,-3.8939
DHI,138.92999267578125,138.93,2026-09-09,False,137.30999755859375,140.22000122070312,0.32,-20.04,BAJO,38858895360.0,13.26,11.84,1.64,12.63,6.88,12.99,9.15,6.21,10.79,0.29,6.01,,YAHOO,0.6536,1.6118,0.0148,0.062928,3.3806,-0.0849,76.74,2026-10-29,50,,,yahoo,1.0,0.0,1.0,0.0,0.0,1.0,1.0,0.0,0.0,-1.726,-7.8714,-8.0723,-7.762,30.7874,36.0418,151.86,166.4539,178.8631,-8.5144,-16.5355,-22.3261
DLR,189.0800018310547,189.08,2026-09-09,False,188.3800048828125,191.14999389648438,-0.22,19.55,BAJO,71408656384.0,92.23,65.4,2.62,2.91,1.48,25.88,11.82,5.28,28.34,0.68,0.89,,YAHOO,0.6536,1.6118,0.0148,0.062928,3.3806,-0.0849,76.74,2026-10-22,43,,,yahoo,1.0,1.0,1.0,1.0,0.0,0.0,0.0,1.0,1.0,3.1702,-1.6847,4.8057,2.9258,16.4823,35.7711,200.15,200.15,202.5595,-5.5308,-5.5308,-6.6546
DLTR,118.38999938964844,118.39,2026-09-09,False,118.08999633789062,123.08999633789062,-4.55,23.85,BAJO,22213552128.0,14.51,14.97,6.49,46.03,8.26,6.21,8.04,4.72,11.51,2.24,1.13,,YAHOO,0.6536,1.6118,0.0148,0.062928,3.3806,-0.0849,76.74,2026-12-01,83,2026-08-27,13.0,finnhub,1.0,1.0,1.0,1.0,0.0,1.0,1.0,1.0,1.0,-10.1131,-11.9646,-5.2198,5.564,45.8516,37.5728,136.75,136.75,141.21,-13.426,-13.426,-16.1603
DOC,20.389999389648438,20.39,2026-09-09,False,20.200000762939453,20.56999969482422,-0.59,21.61,BAJO,14455434240.0,58.26,145.64,1.79,3.04,1.51,15.99,8.25,11.38,15.53,1.09,2.29,,YAHOO,0.6536,1.6118,0.0148,0.062928,3.3806,-0.0849,76.74,2026-10-22,43,,,yahoo,1.0,0.0,1.0,1.0,0.0,0.0,1.0,0.0,1.0,-2.0653,-5.8633,-4.9247,0.9062,11.9878,22.4723,21.66,22.708,22.708,-5.8633,-10.208,-10.208
DOV,191.4199981689453,191.42,2026-09-09,False,191.02999877929688,194.9199981689453,-1.7,11.62,BAJO,25780488192.0,23.12,16.44,3.35,14.91,7.06,18.69,13.48,3.52,14.29,0.42,1.98,,YAHOO,0.6536,1.6118,0.0148,0.062928,3.3806,-0.0849,76.74,2026-10-22,43,,,yahoo,1.0,0.0,1.0,1.0,1.0,0.0,1.0,1.0,0.0,0.7845,-5.0148,-10.8684,-13.1433,21.6772,28.1066,207.5202,230.1203,231.5927,-7.7584,-16.8174,-17.3463
DPZ,321.4599914550781,321.46,2026-09-09,False,321.19000244140625,334.0899963378906,-4.16,-27.7,BAJO,10634455040.0,18.22,15.4,-2.67,,33.89,19.08,11.86,5.0,15.23,,1.54,,YAHOO,0.6536,1.6118,0.0148,0.062928,3.3806,-0.0849,76.74,2026-10-13,34,,,yahoo,1.0,1.0,1.0,1.0,0.0,1.0,1.0,1.0,1.0,-5.5557,-8.1307,7.3466,1.8122,27.7863,39.3622,353.72,367.63,450.2885,-9.1202,-12.5588,-28.6102
DRI,209.4199981689453,209.42,2026-09-09,False,209.02000427246094,213.11000061035156,-1.64,2.9,BAJO,23777914880.0,20.08,16.9,10.82,53.72,7.72,14.14,9.13,3.33,15.0,3.65,0.31,,YAHOO,0.6536,1.6118,0.0148,0.062928,3.3806,-0.0849,76.74,2026-09-24,15,,,yahoo,1.0,1.0,1.0,1.0,1.0,0.0,1.0,0.0,1.0,-2.8484,-4.9862,2.5312,5.0788,9.6972,28.0683,227.68,227.68,227.68,-8.02,-8.02,-8.02
DTE,136.05999755859375,136.06,2026-09-09,False,135.0,137.49000549316406,-0.87,4.97,BAJO,28312461312.0,21.56,16.26,2.33,11.03,2.77,13.62,8.0,-9.17,15.51,2.29,0.8,,YAHOO,0.6536,1.6118,0.0148,0.062928,3.3806,-0.0849,76.74,2026-10-29,50,,,yahoo,1.0,0.0,1.0,1.0,0.0,1.0,0.0,0.0,1.0,0.0,-0.0588,-9.4563,-6.0344,14.778,17.3329,141.15,154.43,154.43,-3.6061,-11.8954,-11.8954
DUK,120.43000030517578,120.43,2026-09-09,False,119.69000244140625,121.56999969482422,-0.67,4.47,BAJO,93899538432.0,18.14,16.79,1.75,9.86,2.84,27.5,16.0,-4.77,11.35,1.62,0.66,,YAHOO,0.6536,1.6118,0.0148,0.062928,3.3806,-0.0849,76.74,2026-11-05,57,,,yahoo,1.0,1.0,1.0,1.0,1.0,0.0,0.0,1.0,1.0,0.0332,-0.954,-3.1807,-1.8827,14.7618,18.6139,123.99,129.3824,131.1634,-2.8712,-6.9194,-8.1832
DVA,183.00999450683594,183.01,2026-09-09,False,176.82000732421875,185.25999450683594,1.64,34.78,BAJO,11676038144.0,15.52,10.61,-15.3,88.48,7.51,16.06,6.05,8.93,9.28,12.42,1.47,,YAHOO,0.6536,1.6118,0.0148,0.062928,3.3806,-0.0849,76.74,2026-10-28,49,,,yahoo,1.0,0.0,1.0,1.0,0.0,1.0,1.0,0.0,1.0,3.9003,2.9303,-21.3875,-7.6593,28.1625,42.961,183.99,240.96,240.96,-0.5326,-24.0496,-24.0496
DVN,48.97999954223633,48.98,2026-09-09,False,48.630001068115234,49.45000076293945,1.2,47.38,BAJO,53877997568.0,10.65,9.15,1.35,11.52,5.91,41.08,17.46,1.45,7.26,0.28,0.72,,YAHOO,0.6536,1.6118,0.0148,0.062928,3.3806,-0.0849,76.74,2026-11-04,56,,,yahoo,1.0,0.0,1.0,1.0,1.0,0.0,1.0,0.0,1.0,-0.1427,4.4127,15.9839,11.9319,19.2537,32.252,49.3,49.3,51.7023,-0.6491,-0.6491,-5.2653
DXCM,83.87999725341797,83.88,2026-09-09,False,82.80000305175781,85.16000366210938,-0.77,7.9,BAJO,31653019648.0,33.15,26.85,12.08,38.49,10.33,24.33,20.12,3.23,22.17,0.53,1.73,,YAHOO,0.6536,1.6118,0.0148,0.062928,3.3806,-0.0849,76.74,2026-10-29,50,,,yahoo,1.0,1.0,1.0,1.0,0.0,1.0,1.0,0.0,1.0,-6.9448,-5.9219,11.8997,7.2771,26.6852,44.098,92.34,92.34,92.34,-9.1618,-9.1618,-9.1618
ED,107.48999786376953,107.49,2026-09-09,False,106.83000183105469,108.76000213623047,-0.72,15.43,BAJO,39752880128.0,17.68,16.56,1.55,8.96,3.24,16.54,12.53,-2.13,10.81,1.1,1.27,,YAHOO,0.6536,1.6118,0.0148,0.062928,3.3806,-0.0849,76.74,2026-11-05,57,,,yahoo,1.0,1.0,1.0,1.0,1.0,0.0,0.0,0.0,1.0,-0.195,0.3735,-2.4734,1.853,18.6854,17.2777,108.75,113.0627,113.5695,-1.1586,-4.9289,-5.3531
EIX,57.439998626708984,57.44,2026-09-09,False,57.38999938964844,59.959999084472656,-3.19,11.57,BAJO,22103713792.0,5.93,8.83,1.27,19.73,4.09,26.9,19.28,0.37,7.51,2.28,0.66,,YAHOO,0.6536,1.6118,0.0148,0.062928,3.3806,-0.0849,76.74,2026-10-27,48,,,yahoo,1.0,1.0,1.0,1.0,1.0,0.0,0.0,1.0,0.0,-2.3129,-23.188,-23.617,-18.4369,50.9287,62.1709,74.78,80.38,80.38,-23.188,-28.5394,-28.5394
EL,98.7699966430664,98.77,2026-09-09,False,97.5999984741211,100.91000366210938,-2.87,13.85,BAJO,35734843392.0,197.54,25.24,9.39,4.75,5.23,7.0,1.21,5.07,16.9,2.43,1.22,,YAHOO,0.6536,1.6118,0.0148,0.062928,3.3806,-0.0849,76.74,2026-11-02,54,2026-08-19,21.0,yahoo,1.0,1.0,1.0,1.0,1.0,0.0,0.0,1.0,1.0,-1.23,-5.4788,19.8953,14.4934,41.2415,47.2427,105.8504,105.8504,118.3745,-6.6891,-6.6891,-16.5615
EME,754.2899780273438,754.29,2026-09-09,False,754.030029296875,774.3900146484375,-2.44,22.22,BAJO,33271656448.0,23.51,20.53,8.18,40.35,12.03,10.62,7.74,2.94,16.53,0.13,1.28,,YAHOO,0.6536,1.6118,0.0148,0.062928,3.3806,-0.0849,76.74,2026-10-29,50,,,yahoo,1.0,1.0,1.0,1.0,0.0,0.0,1.0,1.0,0.0,2.5896,1.949,-3.4665,-8.8309,34.6668,55.3731,862.54,868.4314,943.2628,-12.5501,-13.1434,-20.0339
EMR,150.33999633789062,150.34,2026-09-09,False,150.3000030517578,152.8800048828125,-1.19,16.55,BAJO,83859652608.0,32.97,20.75,4.11,12.8,6.9,26.92,13.83,4.42,15.76,0.68,0.9,,YAHOO,0.6536,1.6118,0.0148,0.062928,3.3806,-0.0849,76.74,2026-11-04,56,,,yahoo,1.0,1.0,1.0,1.0,0.0,0.0,1.0,1.0,1.0,1.8357,-2.9814,8.6188,5.919,20.6767,30.1781,163.655,163.8244,163.8244,-8.136,-8.231,-8.231
EOG,147.00999450683594,147.01,2026-09-09,False,146.47999572753906,148.1699981689453,1.14,30.59,BAJO,77111033856.0,11.44,10.2,2.42,22.51,11.02,40.72,25.73,5.81,5.55,0.26,1.85,,YAHOO,0.6536,1.6118,0.0148,0.062928,3.3806,-0.0849,76.74,2026-11-05,57,,,yahoo,1.0,0.0,1.0,1.0,0.0,0.0,1.0,0.0,0.0,-0.9033,0.1226,10.4407,7.8432,20.9418,32.4123,153.05,153.05,153.05,-3.9464,-3.9464,-3.9464
EPAM,114.68000030517578,114.68,2026-09-09,False,113.5,116.19000244140625,-0.55,-29.59,BAJO,5915995136.0,15.56,8.16,1.68,11.18,8.45,10.94,7.15,10.99,7.01,0.04,2.75,,YAHOO,0.6536,1.6118,0.0148,0.062928,3.3806,-0.0849,76.74,2026-11-05,57,,,yahoo,1.0,0.0,1.0,1.0,1.0,0.0,1.0,0.0,1.0,-1.4268,2.5302,36.7028,19.8955,32.0321,62.4143,119.88,119.88,221.4,-4.3377,-4.3377,-48.2023
EQIX,1043.06005859375,1043.0601,2026-09-09,False,1032.260009765625,1048.989990234375,0.18,37.58,BAJO,102920495104.0,67.25,55.8,7.16,10.73,3.68,27.02,15.48,3.67,27.6,1.62,1.13,,YAHOO,0.6536,1.6118,0.0148,0.062928,3.3806,-0.0849,76.74,2026-10-28,49,,,yahoo,1.0,1.0,1.0,1.0,0.0,0.0,0.0,1.0,0.0,1.5055,-2.8301,-0.3012,-1.113,17.4564,28.1922,1096.8591,1110.6332,1110.6332,-4.9048,-6.0842,-6.0842
EQR,63.65999984741211,63.66,2026-08-21,False,63.65999984741211,63.65999984741211,0.0,-6.82,BAJO,24611481600.0,28.68,41.36,2.27,8.02,2.67,27.88,27.97,5.78,17.34,0.79,0.13,,YAHOO,0.6536,1.6118,0.0148,0.062928,3.3806,-0.0849,76.74,2026-10-21,42,,,yahoo,1.0,1.0,1.0,1.0,0.0,0.0,1.0,0.0,1.0,-3.5016,-6.7799,,,0.0,,,,,,,
EQT,54.630001068115234,54.63,2026-09-09,False,53.75,55.439998626708984,-0.89,10.91,BAJO,34171940864.0,12.68,13.88,1.35,11.08,6.63,23.37,29.18,7.2,6.19,0.2,0.67,,YAHOO,0.6536,1.6118,0.0148,0.062928,3.3806,-0.0849,76.74,2026-10-20,41,,,yahoo,1.0,1.0,1.0,1.0,1.0,1.0,0.0,1.0,1.0,-1.7269,1.1667,12.1829,4.0071,6.2533,27.5989,55.75,55.75,67.5273,-2.009,-2.009,-19.0994
ERIE,243.8300018310547,243.83,2026-09-09,False,235.9499969482422,244.3699951171875,0.2,-23.98,BAJO,12749838336.0,22.13,17.4,5.17,24.81,14.15,19.1,14.01,3.77,14.98,0.03,1.25,,YAHOO,0.6536,1.6118,0.0148,0.062928,3.3806,-0.0849,76.74,2026-10-29,50,,,yahoo,1.0,0.0,1.0,1.0,0.0,0.0,1.0,0.0,0.0,-4.7874,-5.4849,-3.1691,7.2633,29.7028,50.2039,268.64,268.64,331.6343,-9.2354,-9.2354,-26.4763
ES,70.44000244140625,70.44,2026-09-09,False,70.06999969482422,71.6500015258789,-1.47,16.23,BAJO,26532970496.0,18.3,14.33,1.62,9.02,3.3,23.92,10.35,3.06,11.08,1.81,0.8,,YAHOO,0.6536,1.6118,0.0148,0.062928,3.3806,-0.0849,76.74,2026-11-04,56,,,yahoo,1.0,1.0,1.0,1.0,1.0,0.0,0.0,1.0,1.0,-0.0851,-0.8306,-5.854,1.4839,20.543,18.7565,72.36,75.39,75.39,-2.6534,-6.5659,-6.5659
ESS,274.3699951171875,274.37,2026-09-09,False,272.3599853515625,277.9700012207031,-1.1,7.03,BAJO,18913116160.0,42.8,43.55,3.31,7.71,2.96,33.98,20.89,5.52,19.91,1.22,0.25,,YAHOO,0.6536,1.6118,0.0148,0.062928,3.3806,-0.0849,76.74,2026-10-27,48,,,yahoo,1.0,0.0,1.0,1.0,0.0,1.0,0.0,0.0,1.0,-1.6595,-6.0377,-6.5338,-2.8048,10.654,20.9664,293.61,298.33,298.33,-6.5529,-8.0314,-8.0314
ETN,415.2200012207031,415.22,2026-09-09,False,415.1600036621094,424.2300109863281,-1.64,21.48,BAJO,161271447552.0,42.2,25.74,7.96,19.68,7.05,16.56,12.75,1.93,27.41,1.05,1.24,,YAHOO,0.6536,1.6118,0.0148,0.062928,3.3806,-0.0849,76.74,2026-11-03,55,,,yahoo,1.0,1.0,1.0,1.0,1.0,0.0,1.0,0.0,1.0,6.2732,1.4712,2.2004,3.6149,35.7637,47.1408,459.96,459.96,459.96,-9.7269,-9.7269,-9.7269
ETR,107.16999816894531,107.17,2026-09-09,False,106.91000366210938,108.80999755859375,-1.25,27.15,BAJO,51203411968.0,27.41,21.0,2.74,10.25,2.68,24.46,13.33,-8.59,14.64,1.87,0.91,,YAHOO,0.6536,1.6118,0.0148,0.062928,3.3806,-0.0849,76.74,2026-10-29,50,,,yahoo,1.0,1.0,1.0,1.0,1.0,1.0,0.0,0.0,0.0,0.1402,0.8754,-6.2931,-1.6873,18.4723,18.4777,108.53,115.6397,116.6636,-1.2531,-7.3242,-8.1376
EVRG,81.22000122070312,81.22,2026-09-09,False,80.80999755859375,82.51000213623047,-1.24,19.13,BAJO,18726666240.0,20.67,17.79,1.83,9.25,2.91,25.24,15.19,-7.71,12.41,1.61,0.36,,YAHOO,0.6536,1.6118,0.0148,0.062928,3.3806,-0.0849,76.74,2026-11-05,57,,,yahoo,1.0,0.0,1.0,1.0,0.0,0.0,0.0,1.0,0.0,-0.368,-0.2334,-4.4473,-0.452,19.4007,16.648,83.58,87.4002,87.4002,-2.8236,-7.0712,-7.0712
EW,86.18000030517578,86.18,2026-09-09,False,85.7300033569336,87.04000091552734,-0.62,8.91,BAJO,49674153984.0,51.3,25.52,4.68,9.18,8.37,29.84,15.43,2.48,23.15,0.07,4.52,,YAHOO,0.6536,1.6118,0.0148,0.062928,3.3806,-0.0849,76.74,2026-10-29,50,,,yahoo,1.0,0.0,1.0,1.0,1.0,0.0,1.0,0.0,1.0,-5.0253,-5.1612,-6.5394,-1.5536,25.1721,23.7806,93.05,95.18,95.18,-7.3831,-9.4558,-9.4558
EXC,43.70000076293945,43.7,2026-09-09,False,43.47999954223633,44.06999969482422,-0.57,6.05,BAJO,45022097408.0,16.07,14.38,1.52,9.71,2.81,16.59,10.99,-5.96,11.49,1.77,1.09,,YAHOO,0.6536,1.6118,0.0148,0.062928,3.3806,-0.0849,76.74,2026-11-03,55,,,yahoo,1.0,1.0,1.0,1.0,0.0,1.0,0.0,1.0,0.0,0.6527,-0.4376,-5.7348,-2.6779,17.2806,19.7103,45.4275,47.4284,49.3516,-3.8027,-7.8611,-11.4516
EXPD,188.30999755859375,188.31,2026-09-09,False,185.0,188.3699951171875,1.26,58.22,BAJO,24478533632.0,27.45,23.75,11.56,42.67,15.23,10.71,7.63,3.26,19.0,0.27,1.57,,YAHOO,0.6536,1.6118,0.0148,0.062928,3.3806,-0.0849,76.74,2026-11-03,55,,,yahoo,1.0,0.0,1.0,1.0,1.0,1.0,1.0,1.0,1.0,0.325,-0.3914,9.4698,13.2079,19.6221,24.5479,190.97,190.97,190.97,-1.3929,-1.3929,-1.3929
EXPE,272.6000061035156,272.6,2026-09-09,False,261.42999267578125,274.3699951171875,-0.71,27.06,BAJO,32718020608.0,17.16,11.18,27.06,89.49,6.11,18.98,12.97,10.5,11.26,2.3,0.8,,YAHOO,0.6536,1.6118,0.0148,0.062928,3.3806,-0.0849,76.74,2026-11-05,57,,,yahoo,1.0,0.0,1.0,1.0,1.0,1.0,1.0,1.0,0.0,-10.3967,-19.2257,0.7987,18.1481,52.4677,47.6695,338.6418,338.6418,338.6418,-19.502,-19.502,-19.502
EXR,135.6300048828125,135.63,2026-09-09,False,135.52000427246094,140.19000244140625,-2.54,-1.11,BAJO,29933887488.0,29.87,28.22,2.16,6.95,3.36,45.88,27.28,5.01,18.74,1.02,0.89,,YAHOO,0.6536,1.6118,0.0148,0.062928,3.3806,-0.0849,76.74,2026-10-28,49,,,yahoo,1.0,1.0,1.0,1.0,0.0,1.0,1.0,0.0,1.0,-3.2044,-6.3781,-5.7863,-7.5053,22.7087,20.2163,149.4,152.85,152.85,-9.2169,-11.2659,-11.2659
FANG,202.6300048828125,202.63,2026-09-09,False,200.19000244140625,204.58999633789062,1.49,53.17,BAJO,56740409344.0,38.6,11.2,1.5,3.49,1.31,48.47,9.03,8.87,6.37,0.29,0.47,,YAHOO,0.6536,1.6118,0.0148,0.062928,3.3806,-0.0849,76.74,2026-11-02,54,,,yahoo,1.0,0.0,1.0,1.0,0.0,0.0,1.0,0.0,1.0,-0.2609,1.3708,11.0998,4.8939,21.8003,33.1219,211.02,211.02,211.3572,-3.9759,-3.9759,-4.1291
FAST,48.790000915527344,48.79,2026-09-09,False,48.599998474121094,49.529998779296875,-1.19,4.99,BAJO,55986409472.0,41.7,34.83,13.76,34.33,21.52,21.02,15.45,1.64,28.76,0.11,4.18,,YAHOO,0.6536,1.6118,0.0148,0.062928,3.3806,-0.0849,76.74,2026-10-14,35,,,yahoo,1.0,1.0,1.0,1.0,1.0,1.0,0.0,0.0,1.0,0.0821,-3.0213,5.5232,5.3193,27.0528,24.2379,52.22,52.38,52.38,-6.5684,-6.8538,-6.8538
FDS,279.1700134277344,279.17,2026-09-09,False,279.1600036621094,287.95001220703125,-3.4,-22.87,BAJO,9928833024.0,18.4,14.16,4.91,27.03,11.08,30.54,23.21,6.26,12.01,0.77,0.68,,YAHOO,0.6536,1.6118,0.0148,0.062928,3.3806,-0.0849,76.74,2026-09-30,21,,,yahoo,1.0,1.0,1.0,1.0,0.0,1.0,1.0,0.0,0.0,-8.6007,-5.356,13.3997,13.879,47.9352,52.0831,313.55,313.55,366.3005,-10.9648,-10.9648,-23.7866
FE,46.209999084472656,46.21,2026-09-09,False,45.779998779296875,46.68000030517578,-0.52,11.77,BAJO,26738950144.0,24.71,15.67,2.07,9.49,3.68,19.3,6.94,-7.53,10.54,2.01,0.54,,YAHOO,0.6536,1.6118,0.0148,0.062928,3.3806,-0.0849,76.74,2026-10-21,42,,,yahoo,1.0,0.0,1.0,1.0,0.0,1.0,0.0,0.0,1.0,0.1083,-0.8795,-2.6125,1.6513,17.5906,17.9049,47.42,49.43,50.8757,-2.5517,-6.5142,-9.1708
FFIV,404.6300048828125,404.63,2026-09-09,False,389.44000244140625,406.9200134277344,3.85,25.26,BAJO,22913056768.0,32.24,22.38,5.96,19.83,7.98,24.65,21.95,3.13,23.35,0.07,1.67,,YAHOO,0.6536,1.6118,0.0148,0.062928,3.3806,-0.0849,76.74,2026-10-26,47,,,yahoo,1.0,1.0,1.0,1.0,0.0,1.0,1.0,1.0,0.0,2.2516,5.7165,-5.9853,2.3784,31.9071,35.9231,422.95,431.26,431.26,-4.3315,-6.1749,-6.1749
FICO,983.1900024414062,983.19,2026-09-09,False,913.0399780273438,994.5,5.35,-35.51,BAJO,21234579456.0,28.47,18.53,-5.18,,39.98,53.79,34.05,3.65,21.04,,1.18,,YAHOO,0.6536,1.6118,0.0148,0.062928,3.3806,-0.0849,76.74,2026-11-04,56,,,yahoo,1.0,1.0,1.0,1.0,0.0,0.0,1.0,1.0,1.0,-10.9171,-13.5384,-21.4014,-19.7494,155.4571,67.3734,1172.67,1373.08,1879.55,-16.158,-28.3953,-47.6901
FIS,38.06999969482422,38.07,2026-09-09,False,38.06999969482422,39.5,-3.42,-41.83,BAJO,19632924672.0,5.85,5.68,1.22,22.35,4.28,20.67,27.65,13.51,11.39,1.33,0.54,,YAHOO,0.6536,1.6118,0.0148,0.062928,3.3806,-0.0849,76.74,2026-11-04,56,,,yahoo,1.0,0.0,1.0,1.0,1.0,0.0,1.0,0.0,1.0,-6.7597,-5.9303,-9.314,-3.69,47.4901,38.3575,44.13,46.81,66.8098,-13.7322,-18.6712,-43.0173
FITB,54.189998626708984,54.19,2026-09-09,False,53.86000061035156,54.630001068115234,-0.59,24.27,BAJO,49144504320.0,18.25,10.97,1.52,8.44,0.92,39.08,23.24,,,,,,YAHOO,0.6536,1.6118,0.0148,0.062928,3.3806,-0.0849,76.74,2026-10-19,40,,,yahoo,1.0,1.0,1.0,1.0,1.0,0.0,1.0,0.0,1.0,2.226,-1.2753,-5.0464,3.5372,12.5347,20.9566,58.06,59.37,59.37,-6.6655,-8.7249,-8.7249
FIX,1615.1400146484375,1615.14,2026-09-09,False,1609.0999755859375,1670.4200439453125,-2.02,129.02,BAJO,56843767808.0,39.83,26.84,87.99,55.29,17.04,7.89,12.78,3.24,29.47,0.45,1.21,,YAHOO,0.6536,1.6118,0.0148,0.062928,3.3806,-0.0849,76.74,2026-10-22,43,,,yahoo,1.0,1.0,1.0,1.0,0.0,1.0,1.0,1.0,0.0,3.9096,3.4047,-7.9787,-11.7705,31.5577,61.5387,1881.1801,2065.4404,2065.4404,-14.1422,-21.8017,-21.8017
FOX,57.099998474121094,57.1,2026-09-09,False,56.619998931884766,57.71799850463867,-1.96,9.72,BAJO,24006979584.0,14.87,9.94,2.06,14.29,9.5,25.21,9.84,2.31,7.09,0.64,3.17,,YAHOO,0.6536,1.6118,0.0148,0.062928,3.3806,-0.0849,76.74,2026-10-29,50,,,yahoo,1.0,0.0,1.0,1.0,0.0,1.0,1.0,0.0,1.0,-2.792,-8.4672,17.7065,-5.7768,26.6322,36.1856,62.382,62.382,67.0667,-8.4672,-8.4672,-14.8609
FOXA,63.86000061035156,63.86,2026-09-09,False,63.470001220703125,65.20899963378906,-2.1,10.83,BAJO,26849136640.0,16.63,10.98,2.3,14.29,9.5,25.21,9.84,2.07,7.82,0.64,3.17,,YAHOO,0.6536,1.6118,0.0148,0.062928,3.3806,-0.0849,76.74,2026-10-29,50,,,yahoo,1.0,0.0,1.0,1.0,0.0,1.0,1.0,0.0,1.0,-2.7118,-8.7983,18.5184,-6.1151,26.6804,37.3409,70.0207,70.0207,75.4053,-8.7983,-8.7983,-15.311
FRT,115.16000366210938,115.16,2026-09-09,False,115.0999984741211,117.58000183105469,-1.78,20.67,BAJO,10067095552.0,23.26,36.1,3.12,12.55,3.26,35.03,32.66,4.53,18.09,1.34,0.56,,YAHOO,0.6536,1.6118,0.0148,0.062928,3.3806,-0.0849,76.74,2026-10-30,51,,,yahoo,1.0,1.0,1.0,1.0,0.0,0.0,0.0,0.0,0.0,-1.5979,-2.1996,-4.7792,-6.6024,13.706,15.6072,118.89,127.13,127.13,-3.1374,-9.4156,-9.4156
FTNT,157.22000122070312,157.22,2026-09-09,False,156.0399932861328,158.83999633789062,-0.16,97.83,BAJO,115354460160.0,55.55,41.69,74.37,117.44,14.17,33.6,28.17,1.96,43.09,0.36,1.28,,YAHOO,0.6536,1.6118,0.0148,0.062928,3.3806,-0.0849,76.74,2026-11-04,56,,,yahoo,1.0,0.0,1.0,1.0,1.0,0.0,1.0,0.0,1.0,-2.8607,2.3168,-0.1841,13.6065,10.1923,43.1121,172.78,172.78,172.78,-9.0057,-9.0057,-9.0057
FTV,55.810001373291016,55.81,2026-09-09,False,55.77000045776367,56.61000061035156,-1.24,18.55,BAJO,16855572480.0,29.53,17.18,2.79,7.32,3.29,19.14,12.38,5.57,16.27,0.59,1.24,,YAHOO,0.6536,1.6118,0.0148,0.062928,3.3806,-0.0849,76.74,2026-10-28,49,,,yahoo,1.0,1.0,1.0,1.0,0.0,0.0,1.0,0.0,1.0,-1.6233,-6.0875,-10.1641,-10.9064,21.6832,26.7096,61.7348,64.0121,64.0121,-9.5972,-12.8133,-12.8133
GD,352.6700134277344,352.67,2026-09-09,False,352.19000244140625,360.5,-1.1,12.6,BAJO,95417409536.0,21.5,18.97,3.55,17.8,6.08,10.38,8.18,4.61,15.14,0.35,1.44,,YAHOO,0.6536,1.6118,0.0148,0.062928,3.3806,-0.0849,76.74,2026-10-28,49,,,yahoo,1.0,1.0,1.0,1.0,1.0,1.0,0.0,0.0,1.0,-4.5315,-6.3492,-5.9697,2.4711,15.0775,20.8947,395.78,395.97,395.97,-10.8924,-10.9352,-10.9352
GDDY,93.5999984741211,93.6,2026-09-09,False,91.5999984741211,94.30500030517578,0.78,-36.22,BAJO,11854225408.0,13.91,8.49,1766.04,442.86,9.88,27.06,17.83,10.16,10.51,573.34,0.63,,YAHOO,0.6536,1.6118,0.0148,0.062928,3.3806,-0.0849,76.74,2026-10-29,50,,,yahoo,1.0,0.0,1.0,1.0,0.0,0.0,1.0,0.0,1.0,-6.912,-6.203,5.2632,14.7481,71.9383,64.6272,103.63,105.1,148.88,-9.6787,-10.942,-37.1306
GEHC,65.16999816894531,65.17,2026-09-09,False,65.02999877929688,67.0,-2.4,-16.13,BAJO,29436391424.0,15.02,12.05,2.68,19.38,5.13,14.98,9.33,5.34,10.62,0.94,1.26,,YAHOO,0.6536,1.6118,0.0148,0.062928,3.3806,-0.0849,76.74,2026-10-28,49,,,yahoo,1.0,0.0,1.0,0.0,0.0,1.0,1.0,0.0,0.0,-7.4553,-11.8252,0.7833,-1.2168,14.3664,40.5598,74.82,74.82,88.0324,-12.8976,-12.8976,-25.9704
GIS,37.09000015258789,37.09,2026-09-09,False,36.93000030517578,37.959999084472656,-1.59,-20.84,BAJO,19829407744.0,,11.55,3.58,-1.03,5.74,19.19,-0.47,11.64,6.59,2.18,0.68,,YAHOO,0.6536,1.6118,0.0148,0.062928,3.3806,-0.0849,76.74,2026-09-23,14,,,yahoo,0.0,0.0,1.0,1.0,0.0,1.0,1.0,0.0,1.0,-9.7347,-6.7622,2.402,11.898,12.8001,37.629,41.55,41.55,48.1163,-10.7341,-10.7341,-22.9159
GNRC,186.47999572753906,186.48,2026-09-09,False,186.00999450683594,192.0,-1.96,3.49,BAJO,11003505664.0,42.77,15.78,3.82,9.49,4.72,17.93,5.82,2.63,19.09,0.49,2.04,,YAHOO,0.6536,1.6118,0.0148,0.062928,3.3806,-0.0849,76.74,2026-10-28,49,,,yahoo,1.0,0.0,1.0,1.0,1.0,1.0,1.0,0.0,0.0,2.7891,-7.5825,-20.2873,-28.549,30.1275,53.5923,221.9,295.54,295.54,-15.9621,-36.9019,-36.9019
GOOG,328.3800048828125,328.38,2026-09-09,False,325.6300048828125,329.3399963378906,-2.09,38.13,BAJO,4016066265088.0,16.48,22.11,6.45,48.68,12.96,34.03,54.77,0.56,22.59,0.19,2.72,,YAHOO,0.6536,1.6118,0.0148,0.062928,3.3806,-0.0849,76.74,2026-10-28,49,,,yahoo,1.0,0.0,1.0,1.0,0.0,1.0,1.0,1.0,0.0,-1.0351,-4.2951,-7.4464,-9.3011,24.9208,36.2389,344.3664,375.1065,398.5413,-4.6423,-12.4569,-17.6045
GPC,135.24000549316406,135.24,2026-09-09,False,132.33999633789062,135.91000366210938,0.88,1.78,BAJO,18644154368.0,540.96,16.28,4.12,0.71,4.48,6.56,0.13,4.92,12.06,1.46,1.16,,YAHOO,0.6536,1.6118,0.0148,0.062928,3.3806,-0.0849,76.74,2026-10-20,41,,,yahoo,1.0,0.0,1.0,1.0,1.0,0.0,1.0,1.0,0.0,1.0774,-1.2013,8.4961,37.1016,29.7408,39.7749,138.4126,138.4126,145.181,-2.2921,-2.2921,-6.8473
GPN,87.0199966430664,87.02,2026-09-09,False,87.0,89.01000213623047,-2.68,2.36,BAJO,23027091456.0,41.24,5.44,1.0,2.43,2.33,16.11,-9.15,34.17,9.38,0.98,0.82,,YAHOO,0.6536,1.6118,0.0148,0.062928,3.3806,-0.0849,76.74,2026-11-03,55,,,yahoo,1.0,0.0,1.0,1.0,0.0,1.0,1.0,0.0,0.0,-3.3755,-7.2479,14.4398,36.8966,29.6859,41.106,94.83,94.83,94.83,-8.2358,-8.2358,-8.2358
GWW,1278.8299560546875,1278.83,2026-09-09,False,1274.280029296875,1292.6700439453125,-0.8,30.52,BAJO,60234096640.0,32.63,25.05,14.58,46.09,19.93,16.07,9.92,2.07,19.54,0.62,2.81,,YAHOO,0.6536,1.6118,0.0148,0.062928,3.3806,-0.0849,76.74,2026-11-04,56,,,yahoo,1.0,0.0,1.0,1.0,0.0,1.0,1.0,0.0,1.0,-2.3205,-1.7554,-6.864,-3.6451,33.358,24.3806,1335.39,1399.2974,1399.2974,-4.2355,-8.6091,-8.6091
HAS,88.97000122070312,88.97,2026-09-09,False,88.87000274658203,90.47000122070312,-1.48,17.7,BAJO,12548725760.0,15.83,13.63,17.82,159.56,13.08,22.16,15.97,5.48,11.59,5.31,1.66,,YAHOO,0.6536,1.6118,0.0148,0.062928,3.3806,-0.0849,76.74,2026-10-22,43,,,yahoo,0.0,0.0,1.0,1.0,1.0,0.0,0.0,0.0,1.0,-4.5386,-8.0318,13.5228,6.3821,14.3162,32.2553,96.74,96.74,103.5827,-8.0318,-8.0318,-14.1072
HBAN,16.6299991607666,16.63,2026-09-09,False,16.559999465942383,16.84000015258789,-0.78,-1.28,BAJO,33599498240.0,12.79,8.86,1.13,9.0,0.98,41.93,26.13,,,,,,YAHOO,0.6536,1.6118,0.0148,0.062928,3.3806,-0.0849,76.74,2026-10-22,43,,,yahoo,1.0,1.0,1.0,1.0,1.0,0.0,0.0,0.0,0.0,1.2789,-1.8879,-6.939,-0.2368,17.7308,22.8868,17.95,18.56,18.9052,-7.3538,-10.3987,-12.0348
HCA,421.8299865722656,421.83,2026-09-09,False,396.0,426.8299865722656,4.93,3.65,BAJO,91326824448.0,14.14,13.16,-13.84,,12.29,15.16,8.77,4.09,9.22,,0.99,,YAHOO,0.6536,1.6118,0.0148,0.062928,3.3806,-0.0849,76.74,2026-10-23,44,,,yahoo,1.0,1.0,1.0,1.0,0.0,0.0,1.0,1.0,1.0,1.9948,-1.6163,3.7482,12.7435,43.8837,37.9101,429.24,429.24,543.2316,-1.7263,-1.7263,-22.348
HIG,136.55999755859375,136.56,2026-09-09,False,134.24000549316406,136.8800048828125,0.66,7.16,BAJO,36990279680.0,9.44,9.98,1.92,22.06,3.85,17.61,14.89,14.89,6.75,0.22,1.77,,YAHOO,0.6536,1.6118,0.0148,0.062928,3.3806,-0.0849,76.74,2026-10-29,50,,,yahoo,1.0,1.0,1.0,1.0,1.0,0.0,1.0,0.0,1.0,-0.4157,-0.7676,-1.168,6.3496,28.5751,20.8533,140.0,145.0437,145.0437,-2.4571,-5.8491,-5.8491
HII,280.8500061035156,280.85,2026-09-09,False,280.7699890136719,290.5899963378906,-2.37,7.82,BAJO,11066781696.0,16.72,13.48,2.08,12.97,4.28,7.08,5.01,-2.71,11.96,0.55,1.23,,YAHOO,0.6536,1.6118,0.0148,0.062928,3.3806,-0.0849,76.74,2026-10-29,50,,,yahoo,1.0,1.0,1.0,1.0,1.0,1.0,0.0,1.0,1.0,-3.9566,-3.0878,-1.3738,-5.1627,24.8574,41.9031,326.1888,329.2744,449.6816,-13.8996,-14.7064,-37.5447
HLT,306.989990234375,306.99,2026-09-09,False,300.0,308.489990234375,0.83,12.78,BAJO,69092671488.0,45.01,29.36,-10.99,,11.03,62.99,31.03,2.02,26.6,,0.65,,YAHOO,0.6536,1.6118,0.0148,0.062928,3.3806,-0.0849,76.74,2026-10-28,49,,,yahoo,1.0,0.0,1.0,1.0,0.0,0.0,1.0,1.0,1.0,-1.6026,-6.7778,-8.4507,-10.3454,23.6789,22.8538,334.5777,350.0606,350.0606,-8.2455,-12.3038,-12.3038
HPE,58.900001525878906,58.9,2026-09-09,False,56.54999923706055,58.91999816894531,5.12,152.7,BAJO,78187683840.0,30.36,12.81,2.95,10.94,2.64,12.56,6.67,6.06,13.4,0.76,1.11,,YAHOO,0.6536,1.6118,0.0148,0.062928,3.3806,-0.0849,76.74,2026-12-02,84,2026-09-02,7.0,finnhub,1.0,0.0,1.0,1.0,0.0,0.0,0.0,0.0,1.0,15.7853,10.2171,21.3432,22.379,85.3307,58.0939,59.82,59.82,59.82,-1.5379,-1.5379,-1.5379
HRL,20.969999313354492,20.97,2026-09-09,False,20.899999618530273,21.290000915527344,-1.13,-12.6,BAJO,11540855808.0,33.82,13.5,1.47,4.29,4.63,11.06,2.82,5.39,8.87,0.04,1.88,,YAHOO,0.6536,1.6118,0.0148,0.062928,3.3806,-0.0849,76.74,2026-12-02,84,2026-08-27,13.0,finnhub,1.0,0.0,1.0,1.0,0.0,1.0,0.0,0.0,1.0,-4.6385,-11.8167,-14.1875,-11.5036,7.3426,32.0399,24.54,26.1959,26.1959,-14.5477,-19.9493,-19.9493
HSIC,87.97000122070312,87.97,2026-09-09,False,87.6500015258789,88.91999816894531,-1.0,30.95,BAJO,9803952128.0,25.65,14.67,3.12,8.85,4.39,5.76,2.96,4.55,13.91,0.81,1.32,,YAHOO,0.6536,1.6118,0.0148,0.062928,3.3806,-0.0849,76.74,2026-11-03,55,,,yahoo,1.0,0.0,1.0,1.0,0.0,0.0,1.0,0.0,0.0,-0.6213,-1.874,4.2299,9.9213,12.6735,20.475,90.86,90.86,90.86,-3.1807,-3.1807,-3.1807
HUBB,464.75,464.75,2026-09-08,False,460.2774963378906,469.3599853515625,0.87,8.66,BAJO,24037234688.0,26.97,19.86,6.14,24.44,8.43,21.67,14.49,2.06,19.27,1.42,1.61,,YAHOO,0.6536,1.6118,0.0148,0.062928,3.3806,-0.0849,76.74,2026-10-27,48,,,yahoo,1.0,0.0,1.0,1.0,0.0,0.0,1.0,1.0,0.0,2.5938,-0.1221,-3.9595,-3.8843,14.3361,37.0065,518.0148,537.7237,554.4604,-10.2825,-13.5709,-16.1798
HUM,400.0199890136719,400.02,2026-09-09,False,386.8299865722656,419.9700012207031,-0.76,49.55,BAJO,48034521088.0,37.88,24.14,2.5,6.89,3.9,3.46,0.88,4.04,10.84,0.76,1.74,,YAHOO,0.6536,1.6118,0.0148,0.062928,3.3806,-0.0849,76.74,2026-11-06,58,,,yahoo,1.0,0.0,1.0,0.0,0.0,0.0,1.0,0.0,1.0,1.3017,2.6456,1.9887,10.4036,18.6345,34.2836,406.52,409.42,409.42,-1.5989,-2.2959,-2.2959
ICE,156.5,156.5,2026-09-09,False,155.8699951171875,158.0,-0.8,-7.71,BAJO,87858241536.0,22.1,17.78,2.97,14.09,2.17,52.63,38.25,4.14,16.0,0.69,1.01,,YAHOO,0.6536,1.6118,0.0148,0.062928,3.3806,-0.0849,76.74,2026-10-29,50,,,yahoo,1.0,1.0,1.0,1.0,0.0,1.0,1.0,1.0,1.0,-1.9424,-3.2637,15.7031,10.9644,48.1002,28.3452,164.59,164.59,173.9465,-4.9152,-4.9152,-10.0298
IDXX,515.1500244140625,515.15,2026-09-09,False,511.1600036621094,522.489990234375,-0.97,-20.51,BAJO,40584097792.0,36.15,30.77,25.2,74.21,27.08,34.98,25.03,2.24,25.58,0.68,1.17,,YAHOO,0.6536,1.6118,0.0148,0.062928,3.3806,-0.0849,76.74,2026-11-02,54,,,yahoo,1.0,1.0,1.0,1.0,1.0,0.0,1.0,1.0,1.0,-5.5048,-6.3381,-8.5917,-11.0107,26.8387,31.4866,570.58,595.76,766.68,-9.7147,-13.5306,-32.8077
IEX,225.10000610351562,225.1,2026-09-09,False,223.55999755859375,226.99000549316406,-0.25,41.92,BAJO,16594349056.0,32.39,23.38,4.16,12.96,6.84,22.17,14.49,3.35,18.45,0.47,3.05,,YAHOO,0.6536,1.6118,0.0148,0.062928,3.3806,-0.0849,76.74,2026-10-28,49,,,yahoo,1.0,0.0,1.0,1.0,1.0,1.0,1.0,1.0,1.0,1.0051,-2.2452,1.3234,1.6641,10.5284,18.788,240.52,240.52,240.52,-6.4111,-6.4111,-6.4111
INCY,126.01000213623047,126.01,2026-09-09,False,123.56999969482422,127.72000122070312,1.29,48.12,BAJO,25541943296.0,16.05,14.18,3.99,30.67,16.83,41.9,27.71,4.62,10.84,0.01,4.59,,YAHOO,0.6536,1.6118,0.0148,0.062928,3.3806,-0.0849,76.74,2026-10-27,48,,,yahoo,1.0,1.0,1.0,1.0,1.0,1.0,0.0,1.0,0.0,0.7999,-2.86,7.9685,22.0672,21.0846,35.285,129.72,129.93,129.93,-2.86,-3.017,-3.017
INTU,313.94000244140625,313.94,2026-09-09,False,312.79998779296875,321.30999755859375,-1.56,-51.77,BAJO,85874204672.0,19.07,11.49,4.5,23.6,10.47,17.64,21.29,7.5,12.63,0.44,1.51,,YAHOO,0.6536,1.6118,0.0148,0.062928,3.3806,-0.0849,76.74,2026-11-19,71,2026-08-25,15.0,yahoo,1.0,1.0,1.0,1.0,1.0,1.0,1.0,1.0,1.0,-8.9844,-12.1748,14.1766,7.3356,32.1018,46.2775,369.92,369.92,694.2903,-15.133,-15.133,-54.7826
INVH,28.18000030517578,28.18,2026-09-09,False,27.84000015258789,28.28499984741211,-0.14,-1.93,BAJO,16643763200.0,25.85,41.25,1.84,7.05,2.48,25.11,23.2,7.02,16.77,0.94,0.43,,YAHOO,0.6536,1.6118,0.0148,0.062928,3.3806,-0.0849,76.74,2026-10-28,49,,,yahoo,1.0,1.0,1.0,1.0,0.0,1.0,1.0,0.0,1.0,-3.2612,-6.7196,-4.7973,-4.4693,8.8149,18.4512,30.46,30.59,30.59,-7.4852,-7.8784,-7.8784
IQV,256.9800109863281,256.98,2026-09-09,False,254.2100067138672,258.1400146484375,-0.86,36.42,BAJO,42298908672.0,31.96,17.77,6.85,22.82,5.06,13.03,8.1,5.08,18.57,2.58,0.71,,YAHOO,0.6536,1.6118,0.0148,0.062928,3.3806,-0.0849,76.74,2026-11-03,55,,,yahoo,1.0,0.0,1.0,1.0,1.0,0.0,1.0,0.0,0.0,-0.5303,-0.9406,23.6372,37.9758,41.0583,45.1545,271.62,271.62,271.62,-5.3899,-5.3899,-5.3899
IR,73.58000183105469,73.58,2026-09-09,False,73.2300033569336,75.30500030517578,-2.04,-6.63,BAJO,28548999168.0,30.4,18.78,2.81,9.47,5.1,16.88,12.08,3.88,16.05,0.48,1.62,,YAHOO,0.6536,1.6118,0.0148,0.062928,3.3806,-0.0849,76.74,2026-10-29,50,,,yahoo,1.0,0.0,1.0,1.0,1.0,0.0,1.0,0.0,1.0,-1.4201,-6.351,-6.6615,-0.423,25.6997,31.8605,84.74,89.9788,98.6875,-13.1697,-18.2251,-25.4414
IRM,115.22000122070312,115.22,2026-09-09,False,114.80000305175781,116.91999816894531,-0.74,24.16,BAJO,34301319168.0,82.3,42.23,-26.78,,4.63,19.06,5.54,-1.27,21.34,,0.73,,YAHOO,0.6536,1.6118,0.0148,0.062928,3.3806,-0.0849,76.74,2026-11-04,56,,,yahoo,1.0,0.0,1.0,1.0,0.0,1.0,0.0,0.0,0.0,0.8755,-4.6981,-5.1765,-8.0326,27.8726,31.1075,129.9,133.06,133.06,-11.301,-13.4075,-13.4075
IT,169.69000244140625,169.69,2026-09-09,False,166.00999450683594,172.6999969482422,-1.68,-30.18,BAJO,10715750400.0,15.27,10.37,-65.32,113.58,10.17,22.62,12.0,9.82,9.07,,0.88,,YAHOO,0.6536,1.6118,0.0148,0.062928,3.3806,-0.0849,76.74,2026-11-03,55,,,yahoo,1.0,0.0,1.0,1.0,0.0,0.0,1.0,1.0,1.0,-10.6566,-13.3306,27.3566,7.8081,82.2229,73.9051,202.78,202.78,264.09,-16.3182,-16.3182,-35.7454
ITW,263.989990234375,263.99,2026-09-09,False,263.5299987792969,268.260009765625,-1.75,4.15,BAJO,75184349184.0,23.91,21.3,25.98,104.62,16.92,26.9,19.39,3.24,17.49,3.35,1.11,,YAHOO,0.6536,1.6118,0.0148,0.062928,3.3806,-0.0849,76.74,2026-10-23,44,,,yahoo,1.0,0.0,1.0,1.0,1.0,0.0,1.0,0.0,0.0,-2.1825,-6.2702,-1.7931,3.5232,17.5552,22.3229,292.51,297.32,297.32,-9.7501,-11.2101,-11.2101
IVZ,32.09000015258789,32.09,2026-09-09,False,32.08000183105469,32.560001373291016,-0.77,49.86,BAJO,14167728128.0,,9.82,1.42,-0.57,2.92,19.95,-0.93,8.05,12.72,0.12,0.71,,YAHOO,0.6536,1.6118,0.0148,0.062928,3.3806,-0.0849,76.74,2026-10-27,48,,,yahoo,0.0,0.0,1.0,1.0,0.0,1.0,1.0,1.0,1.0,0.3126,-1.9254,11.4722,15.7457,36.7036,36.1684,33.31,33.31,33.31,-3.6626,-3.6626,-3.6626
JBHT,267.79998779296875,267.8,2026-09-09,False,265.45001220703125,275.25,-2.54,92.4,BAJO,25150418944.0,38.09,26.47,6.88,18.45,7.38,7.42,5.31,3.59,15.86,0.38,1.25,,YAHOO,0.6536,1.6118,0.0148,0.062928,3.3806,-0.0849,76.74,2026-10-15,36,,,yahoo,1.0,1.0,1.0,1.0,1.0,0.0,1.0,1.0,1.0,4.4136,2.1436,-4.1821,-6.5944,38.5791,34.5162,283.37,297.9075,297.9075,-5.4946,-10.1063,-10.1063
JBL,311.3699951171875,311.37,2026-09-09,False,310.80999755859375,315.2900085449219,-0.31,49.91,BAJO,32627554304.0,38.92,18.49,24.67,65.88,5.01,5.21,2.57,3.71,14.69,2.97,0.98,,YAHOO,0.6536,1.6118,0.0148,0.062928,3.3806,-0.0849,76.74,2026-09-30,21,,,yahoo,1.0,0.0,1.0,1.0,1.0,0.0,1.0,0.0,0.0,4.0884,0.8715,-5.7079,-14.0578,17.2976,49.7376,370.28,385.5467,385.5467,-15.9096,-19.2394,-19.2394
JKHY,158.47999572753906,158.48,2026-09-09,False,157.5500030517578,160.1199951171875,-0.84,-0.23,BAJO,11111445504.0,22.7,20.23,5.41,24.04,12.99,22.5,19.76,3.17,15.92,0.04,1.17,,YAHOO,0.6536,1.6118,0.0148,0.062928,3.3806,-0.0849,76.74,2026-11-03,55,2026-08-18,22.0,yahoo,1.0,1.0,1.0,1.0,0.0,0.0,1.0,1.0,1.0,-5.38,-8.3883,5.8118,24.8969,28.1958,33.6532,172.991,172.991,190.3516,-8.3883,-8.3883,-16.7435
KEY,21.729999542236328,21.73,2026-09-09,False,21.579999923706055,21.93000030517578,-0.28,19.36,BAJO,23188703232.0,12.71,10.17,1.35,10.33,1.08,34.71,27.54,,,,,,YAHOO,0.6536,1.6118,0.0148,0.062928,3.3806,-0.0849,76.74,2026-10-20,41,,,yahoo,1.0,1.0,1.0,1.0,1.0,0.0,1.0,0.0,1.0,2.4517,0.2198,-5.845,-0.7325,21.2469,19.7015,23.0889,23.7624,23.7624,-5.8854,-8.5531,-8.5531
KEYS,331.010009765625,331.01,2026-09-09,False,328.55999755859375,337.5299987792969,-0.72,96.66,BAJO,56352718848.0,44.73,24.25,8.58,20.9,7.23,25.68,19.14,3.31,33.28,0.42,2.02,,YAHOO,0.6536,1.6118,0.0148,0.062928,3.3806,-0.0849,76.74,2026-11-24,76,2026-08-18,22.0,yahoo,1.0,1.0,1.0,1.0,0.0,0.0,1.0,0.0,0.0,3.6771,3.4019,2.7822,-0.1267,18.6027,46.1045,361.15,373.34,373.34,-8.3456,-11.3382,-11.3382
KHC,24.610000610351562,24.61,2026-09-09,False,24.565000534057617,24.979999542236328,-1.16,-0.49,BAJO,29183123456.0,,11.76,0.81,-8.76,3.63,15.49,-13.64,11.14,8.31,0.53,1.06,,YAHOO,0.6536,1.6118,0.0148,0.062928,3.3806,-0.0849,76.74,2026-10-28,49,,,yahoo,0.0,0.0,1.0,1.0,0.0,1.0,1.0,0.0,1.0,-3.3496,-1.2502,0.6175,6.7155,22.8767,33.5377,25.8468,27.1854,27.1854,-4.7851,-9.4734,-9.4734
KIM,23.56999969482422,23.57,2026-09-09,False,23.469999313354492,23.780000686645508,-0.8,11.36,BAJO,15810505728.0,27.41,26.78,1.54,5.81,2.37,36.56,27.76,5.51,18.11,0.85,0.97,,YAHOO,0.6536,1.6118,0.0148,0.062928,3.3806,-0.0849,76.74,2026-10-29,50,,,yahoo,1.0,1.0,1.0,1.0,1.0,0.0,1.0,1.0,1.0,-1.1228,-0.8763,-4.1432,-5.3229,10.6136,17.2719,24.1243,26.0712,26.0712,-2.2975,-9.5937,-9.5937
KMI,31.40999984741211,31.41,2026-09-09,False,31.280000686645508,32.33000183105469,-1.78,23.56,BAJO,69943853056.0,20.26,20.44,2.21,10.99,4.45,30.06,19.3,1.54,13.56,0.99,0.46,,YAHOO,0.6536,1.6118,0.0148,0.062928,3.3806,-0.0849,76.74,2026-10-28,49,,,yahoo,1.0,1.0,1.0,1.0,0.0,1.0,0.0,0.0,1.0,-2.1495,1.5191,-1.2964,1.1601,25.2406,21.6595,32.87,32.8826,33.9923,-4.4417,-4.4785,-7.5967
KR,56.439998626708984,56.44,2026-09-09,False,56.369998931884766,57.380001068115234,-1.33,-13.74,BAJO,34577813504.0,33.01,10.24,6.1,13.78,5.77,3.22,0.71,8.66,8.21,3.73,0.79,,YAHOO,0.6536,1.6118,0.0148,0.062928,3.3806,-0.0849,76.74,2026-09-11,2,,,yahoo,1.0,0.0,1.0,1.0,1.0,0.0,1.0,1.0,1.0,-2.5889,-3.4388,-6.1327,-9.7837,21.1198,32.2018,59.08,63.693,74.6913,-4.4685,-11.3874,-24.4357
KVUE,17.75,17.75,2026-09-09,False,17.670000076293945,18.229999542236328,-3.48,-0.49,BAJO,34093729792.0,20.88,14.3,3.23,15.58,6.99,19.42,10.76,5.59,11.95,0.82,1.0,,YAHOO,0.6536,1.6118,0.0148,0.062928,3.3806,-0.0849,76.74,2026-11-05,57,,,yahoo,1.0,1.0,1.0,1.0,1.0,0.0,0.0,1.0,0.0,-5.3333,-8.1738,-7.8652,0.1554,18.409,23.515,19.43,19.6114,19.6114,-8.6464,-9.4914,-9.4914
L,108.68000030517578,108.68,2026-09-09,False,107.66000366210938,108.93000030517578,0.4,14.49,BAJO,22217203712.0,13.33,37.48,1.16,9.31,1.91,14.53,9.02,5.68,7.93,0.45,0.51,,YAHOO,0.6536,1.6118,0.0148,0.062928,3.3806,-0.0849,76.74,2026-11-02,54,,,yahoo,1.0,1.0,1.0,1.0,1.0,0.0,1.0,0.0,1.0,-0.0276,-1.9222,-5.4345,1.6745,14.6059,15.4136,113.0666,119.3331,119.3331,-3.8797,-8.9272,-8.9272
LDOS,128.13999938964844,128.14,2026-09-09,False,128.07000732421875,130.6699981689453,-0.85,-26.76,BAJO,16080571392.0,11.96,10.05,3.04,27.78,8.91,11.72,7.8,7.13,9.22,1.23,1.63,,YAHOO,0.6536,1.6118,0.0148,0.062928,3.3806,-0.0849,76.74,2026-11-03,55,,,yahoo,1.0,1.0,1.0,1.0,0.0,1.0,1.0,1.0,0.0,-7.9322,-4.7569,19.7346,4.1067,22.0669,40.8654,146.31,146.31,197.9062,-12.4188,-12.4188,-35.2522
LH,321.1000061035156,321.1,2026-09-09,False,318.57000732421875,325.3399963378906,-1.16,17.54,BAJO,26041210880.0,26.58,16.2,3.02,11.73,5.53,12.24,6.99,3.43,14.11,0.79,1.8,,YAHOO,0.6536,1.6118,0.0148,0.062928,3.3806,-0.0849,76.74,2026-11-03,55,,,yahoo,1.0,1.0,1.0,1.0,1.0,0.0,1.0,1.0,1.0,-1.9871,-4.7061,16.2488,18.6361,9.4969,23.5757,338.614,338.614,338.614,-5.1723,-5.1723,-5.1723
LII,375.7799987792969,375.78,2026-09-09,False,374.7699890136719,387.1000061035156,-2.44,-31.04,BAJO,12987210752.0,16.71,14.34,10.01,71.76,15.99,22.86,14.87,2.14,12.78,1.56,1.57,,YAHOO,0.6536,1.6118,0.0148,0.062928,3.3806,-0.0849,76.74,2026-10-28,49,,,yahoo,1.0,0.0,1.0,0.0,0.0,1.0,1.0,1.0,0.0,-0.3897,-3.4134,-31.9276,-28.7992,40.4842,53.8548,422.01,572.95,572.95,-10.9547,-34.4131,-34.4131
LNT,67.86000061035156,67.86,2026-09-09,False,67.41999816894531,68.97000122070312,-1.09,10.23,BAJO,17595060224.0,21.47,18.41,2.34,11.13,2.45,19.05,18.45,-6.47,16.23,1.61,0.47,,YAHOO,0.6536,1.6118,0.0148,0.062928,3.3806,-0.0849,76.74,2026-11-05,57,,,yahoo,1.0,1.0,1.0,1.0,0.0,1.0,0.0,1.0,0.0,-0.0883,-0.7024,-10.5026,-5.5188,13.6618,18.4284,70.6,77.4411,77.4411,-3.881,-12.3721,-12.3721
LOW,198.60000610351562,198.6,2026-09-09,False,197.13999938964844,201.13999938964844,-1.1,-23.75,BAJO,111425331200.0,16.79,15.24,-14.98,,12.52,13.36,7.35,4.14,11.81,,1.1,,YAHOO,0.6536,1.6118,0.0148,0.062928,3.3806,-0.0849,76.74,2026-11-18,70,2026-08-19,21.0,yahoo,1.0,0.0,1.0,1.0,1.0,0.0,0.0,1.0,0.0,-0.7248,-7.4557,-5.577,-8.0704,24.1779,28.9856,220.0,226.1026,284.2603,-9.7273,-12.1638,-30.1345
LULU,99.72000122070312,99.72,2026-09-09,False,97.55000305175781,102.0,-3.36,-38.9,BAJO,11040004096.0,8.21,10.95,2.36,30.9,14.4,13.21,12.78,10.4,4.95,0.45,2.19,,YAHOO,0.6536,1.6118,0.0148,0.062928,3.3806,-0.0849,76.74,,999,2026-09-03,6.0,yahoo,1.0,0.0,1.0,1.0,0.0,1.0,1.0,0.0,0.0,-15.4915,-15.7272,-16.3844,-17.8312,145.385,53.0355,122.78,128.58,215.88,-18.7816,-22.4452,-53.8077
LUV,38.68000030517578,38.68,2026-09-09,False,37.75,38.81999969482422,0.03,27.96,BAJO,18922573824.0,24.18,8.08,2.67,11.1,2.32,3.38,2.78,-4.41,9.42,0.97,0.49,,YAHOO,0.6536,1.6118,0.0148,0.062928,3.3806,-0.0849,76.74,2026-10-21,42,,,yahoo,1.0,1.0,1.0,1.0,0.0,0.0,1.0,1.0,1.0,3.1347,-4.7987,-19.7581,-9.588,31.1011,35.5875,44.7703,51.8472,54.0738,-13.6034,-25.3961,-28.4681
LW,48.130001068115234,48.13,2026-09-09,False,47.84000015258789,49.75,-2.57,-12.22,BAJO,6617064448.0,23.14,14.27,3.63,16.28,6.03,9.77,4.39,6.84,9.59,2.21,1.42,,YAHOO,0.6536,1.6118,0.0148,0.062928,3.3806,-0.0849,76.74,2026-10-06,27,,,yahoo,1.0,0.0,1.0,1.0,1.0,1.0,1.0,0.0,1.0,-8.4981,-13.06,4.3788,11.3294,21.0083,32.4994,55.36,55.36,64.5724,-13.06,-13.06,-25.4635
LYB,64.51000213623047,64.51,2026-09-09,False,63.84000015258789,65.63999938964844,-0.12,26.99,BAJO,20839178240.0,,9.97,1.95,-2.27,4.11,17.92,-1.13,5.89,9.15,1.33,1.64,,YAHOO,0.6536,1.6118,0.0148,0.062928,3.3806,-0.0849,76.74,2026-10-30,51,,,yahoo,0.0,0.0,1.0,1.0,0.0,0.0,1.0,0.0,0.0,-1.0127,3.1335,15.6627,2.4135,31.1493,34.6194,67.4042,67.4042,80.6941,-4.2938,-4.2938,-20.0561
LYV,169.99000549316406,169.99,2026-09-09,False,169.02999877929688,171.82000732421875,-0.27,0.73,BAJO,39600787456.0,,90.03,476.16,17.68,2.1,6.7,0.51,4.28,28.08,6.2,0.85,,YAHOO,0.6536,1.6118,0.0148,0.062928,3.3806,-0.0849,76.74,2026-11-03,55,,,yahoo,1.0,0.0,1.0,1.0,0.0,1.0,0.0,1.0,0.0,-4.0688,-8.9843,-5.4508,4.5063,13.5063,25.3393,188.46,188.46,188.46,-9.8005,-9.8005,-9.8005
MAA,127.4800033569336,127.48,2026-09-09,False,126.5199966430664,128.80999755859375,-0.32,-7.27,BAJO,15165504512.0,37.38,38.87,2.72,7.05,3.13,25.36,18.17,6.07,16.64,1.02,0.05,,YAHOO,0.6536,1.6118,0.0148,0.062928,3.3806,-0.0849,76.74,2026-10-28,49,,,yahoo,1.0,0.0,1.0,1.0,1.0,1.0,1.0,0.0,0.0,-1.4533,-3.4096,-4.6536,-7.1658,2.1935,19.2857,134.2,140.5626,140.5626,-5.0074,-9.3073,-9.3073
MAR,331.5199890136719,331.52,2026-09-09,False,320.9100036621094,332.25,0.83,27.54,BAJO,86449233920.0,34.28,25.21,-19.18,,9.76,65.28,35.03,2.38,21.55,,0.54,,YAHOO,0.6536,1.6118,0.0148,0.062928,3.3806,-0.0849,76.74,2026-11-03,55,,,yahoo,1.0,1.0,1.0,1.0,0.0,1.0,1.0,1.0,0.0,-0.9057,-7.3371,-11.6765,-15.6033,23.7088,26.4846,360.2,399.8175,401.7236,-7.9622,-17.0822,-17.4756
MAS,69.37999725341797,69.38,2026-09-09,False,69.1500015258789,70.6500015258789,-2.19,-2.87,BAJO,13680863232.0,15.99,14.89,-37.48,5862.5,15.86,23.64,11.61,6.56,11.19,,1.86,,YAHOO,0.6536,1.6118,0.0148,0.062928,3.3806,-0.0849,76.74,2026-10-29,50,,,yahoo,1.0,0.0,1.0,1.0,1.0,1.0,1.0,0.0,0.0,-1.2384,-4.8546,-10.4776,-3.6845,33.3188,40.0317,74.9214,82.4086,82.4086,-7.3963,-15.8098,-15.8098
MCHP,73.01000213623047,73.01,2026-09-09,False,72.55000305175781,74.2699966430664,-0.5,16.61,BAJO,39645065216.0,107.37,15.99,6.15,7.19,3.54,23.96,9.34,3.44,29.73,0.84,1.92,,YAHOO,0.6536,1.6118,0.0148,0.062928,3.3806,-0.0849,76.74,2026-11-05,57,,,yahoo,1.0,1.0,1.0,1.0,0.0,0.0,0.0,1.0,1.0,2.2406,-0.6667,-17.0908,-19.7012,17.6046,58.9965,79.78,102.0957,102.0957,-8.4858,-28.4887,-28.4887
MCK,891.6799926757812,891.68,2026-09-09,False,880.27001953125,897.510009765625,0.29,27.79,BAJO,103961288704.0,23.94,17.67,-24.39,,4.74,1.35,1.12,6.54,16.06,,0.89,,YAHOO,0.6536,1.6118,0.0148,0.062928,3.3806,-0.0849,76.74,2026-11-04,56,,,yahoo,1.0,1.0,1.0,1.0,0.0,0.0,1.0,0.0,1.0,-1.6642,-1.3769,10.7533,13.8222,16.8719,32.7753,924.78,924.78,993.5342,-3.5792,-3.5792,-10.2517
MCO,474.57000732421875,474.57,2026-09-09,False,473.17999267578125,479.010009765625,-1.39,-4.85,BAJO,82186502144.0,30.15,25.07,27.17,76.93,15.62,49.47,34.25,3.14,21.82,2.41,1.19,,YAHOO,0.6536,1.6118,0.0148,0.062928,3.3806,-0.0849,76.74,2026-10-21,42,,,yahoo,1.0,1.0,1.0,1.0,0.0,1.0,1.0,1.0,1.0,-4.0711,-7.5111,-2.4025,5.697,39.7454,28.7264,514.95,517.9255,536.0317,-7.8415,-8.371,-11.4661
MET,95.69000244140625,95.69,2026-09-09,False,94.87999725341797,96.30000305175781,0.2,25.04,BAJO,60808790016.0,18.33,8.76,2.22,13.09,0.45,5.52,4.57,-34.46,13.96,1.8,2.03,,YAHOO,0.6536,1.6118,0.0148,0.062928,3.3806,-0.0849,76.74,2026-11-09,61,,,yahoo,1.0,0.0,1.0,1.0,1.0,0.0,1.0,0.0,0.0,1.3451,-0.1878,5.0549,12.5194,36.3913,23.8747,99.23,99.95,99.95,-3.5675,-4.2621,-4.2621
MGM,40.65999984741211,40.66,2026-09-09,False,40.04999923706055,40.709999084472656,-0.2,13.86,BAJO,10402911232.0,24.64,19.65,4.07,18.92,1.77,6.79,2.4,8.45,17.2,8.93,1.33,,YAHOO,0.6536,1.6118,0.0148,0.062928,3.3806,-0.0849,76.74,2026-10-28,49,,,yahoo,1.0,0.0,1.0,1.0,1.0,0.0,1.0,0.0,1.0,-0.2698,-6.1837,-13.2679,-13.7646,9.6515,21.0128,44.1,49.69,50.69,-7.8005,-18.1727,-19.7869
MKC,51.47999954223633,51.48,2026-09-09,False,51.119998931884766,51.83000183105469,-0.81,-22.76,BAJO,13840478208.0,8.57,15.61,1.98,24.73,5.14,17.42,21.91,5.16,13.1,0.65,0.78,,YAHOO,0.6536,1.6118,0.0148,0.062928,3.3806,-0.0849,76.74,2026-10-01,22,,,yahoo,1.0,0.0,1.0,1.0,1.0,0.0,0.0,0.0,1.0,-5.1235,-5.5066,-1.8494,6.8199,13.0875,31.5082,56.48,56.48,70.3792,-8.8527,-8.8527,-26.8534
MLM,502.989990234375,502.99,2026-09-09,False,502.3599853515625,514.1300048828125,-1.76,-16.73,BAJO,35722039296.0,32.75,23.17,2.62,8.89,4.57,20.18,36.74,1.66,17.14,0.55,1.41,,YAHOO,0.6536,1.6118,0.0148,0.062928,3.3806,-0.0849,76.74,2026-11-03,55,,,yahoo,1.0,0.0,1.0,1.0,1.0,1.0,1.0,1.0,1.0,-0.3822,-5.2533,-12.7941,-11.9605,21.1106,32.9344,547.0427,627.9214,705.0884,-8.0529,-19.896,-28.6628
MNST,42.84000015258789,42.84,2026-09-09,False,42.189998626708984,42.970001220703125,-0.72,36.16,BAJO,83925778432.0,39.67,32.72,8.96,25.7,17.48,29.18,23.08,2.0,27.48,0.01,3.73,,YAHOO,0.6536,1.6118,0.0148,0.062928,3.3806,-0.0849,76.74,2026-11-05,57,,,yahoo,1.0,0.0,1.0,1.0,0.0,1.0,0.0,1.0,0.0,-4.7788,-12.087,-12.0238,-4.9584,6.753,24.7951,48.92,49.97,49.97,-12.4285,-14.2686,-14.2686
MOH,194.1300048828125,194.13,2026-09-09,False,188.39999389648438,198.16000366210938,-1.11,7.85,BAJO,10133585920.0,1213.31,19.93,2.42,-0.16,1.16,1.4,-0.02,6.91,13.26,0.95,1.68,,YAHOO,0.6536,1.6118,0.0148,0.062928,3.3806,-0.0849,76.74,2026-10-21,42,,,yahoo,1.0,0.0,0.0,0.0,0.0,1.0,1.0,0.0,1.0,-4.3977,-2.7551,-16.7931,-4.3977,15.4585,41.0174,212.43,242.88,242.88,-8.6146,-20.0716,-20.0716
MPC,399.44000244140625,399.44,2026-09-09,False,393.5400085449219,402.0,0.42,122.62,BAJO,112172646400.0,13.85,12.18,5.93,42.1,8.74,13.56,5.55,8.25,9.44,1.33,1.25,,YAHOO,0.6536,1.6118,0.0148,0.062928,3.3806,-0.0849,76.74,2026-11-03,55,,,yahoo,1.0,1.0,1.0,1.0,0.0,1.0,1.0,1.0,0.0,4.2924,12.5564,41.1622,55.1554,15.7696,33.0586,399.44,399.44,399.44,0.0,0.0,0.0
MPWR,1203.75,1203.75,2026-09-09,False,1198.1700439453125,1228.8199462890625,-1.21,42.21,BAJO,59155886080.0,73.18,34.52,15.19,21.98,13.57,30.99,24.5,0.75,57.74,0.0,4.97,,YAHOO,0.6536,1.6118,0.0148,0.062928,3.3806,-0.0849,76.74,2026-10-29,50,,,yahoo,1.0,0.0,1.0,1.0,0.0,1.0,0.0,0.0,1.0,-1.8116,-7.6985,-11.0139,-21.3053,13.5242,59.8747,1425.01,1649.7728,1687.3154,-15.5269,-27.0354,-28.6589
MSCI,554.5399780273438,554.54,2026-09-09,False,545.5599975585938,556.6099853515625,0.57,-0.26,BAJO,40315056128.0,30.29,24.65,-14.99,,21.13,56.3,40.73,2.96,23.7,,0.89,,YAHOO,0.6536,1.6118,0.0148,0.062928,3.3806,-0.0849,76.74,2026-10-20,41,,,yahoo,1.0,1.0,1.0,1.0,0.0,1.0,1.0,1.0,1.0,-1.5184,-1.6756,-7.9686,-8.3973,41.6529,35.1357,574.65,634.9691,641.5356,-3.4995,-12.6666,-13.5605
MTB,238.0,238.0,2026-09-09,False,235.38999938964844,238.6199951171875,-0.18,23.45,BAJO,34371067904.0,12.61,11.29,1.35,10.74,1.41,45.11,32.09,,,,,,YAHOO,0.6536,1.6118,0.0148,0.062928,3.3806,-0.0849,76.74,2026-10-16,37,,,yahoo,1.0,1.0,1.0,1.0,1.0,0.0,1.0,0.0,1.0,2.5774,-0.3636,-1.1571,6.2573,18.034,19.1643,252.4608,252.4608,252.4608,-5.7279,-5.7279,-5.7279
MTCH,41.43000030517578,41.43,2026-09-09,False,40.11000061035156,42.02000045776367,0.68,11.86,BAJO,9664232448.0,14.69,9.05,-40.18,,17.36,28.77,20.17,9.63,10.59,,1.72,,YAHOO,0.6536,1.6118,0.0148,0.062928,3.3806,-0.0849,76.74,2026-11-03,55,,,yahoo,1.0,1.0,1.0,1.0,1.0,0.0,1.0,1.0,1.0,-1.1453,-1.7781,6.6409,19.9629,17.691,36.7883,42.44,42.44,42.44,-2.3798,-2.3798,-2.3798
MTD,1290.3599853515625,1290.36,2026-09-09,False,1288.8399658203125,1316.3900146484375,-2.65,1.31,BAJO,25854375936.0,29.06,24.96,2016.19,,21.1,31.2,21.91,2.68,21.9,166.68,1.12,,YAHOO,0.6536,1.6118,0.0148,0.062928,3.3806,-0.0849,76.74,2026-11-05,57,,,yahoo,1.0,0.0,1.0,1.0,1.0,1.0,1.0,0.0,0.0,-6.2211,-7.9793,-0.4482,10.971,13.6788,25.9448,1438.53,1445.0,1506.02,-10.3001,-10.7017,-14.3199
NCLH,14.850000381469727,14.85,2026-09-09,False,14.739999771118164,15.270000457763672,-3.51,-40.55,BAJO,6818939392.0,9.0,8.78,2.65,36.73,4.25,14.04,7.49,-24.64,8.7,6.21,0.2,,YAHOO,0.6536,1.6118,0.0148,0.062928,3.3806,-0.0849,76.74,2026-11-04,56,,,yahoo,1.0,0.0,1.0,1.0,0.0,1.0,0.0,1.0,0.0,-3.7589,-13.9629,-24.2733,-21.9653,26.3107,47.2345,19.55,21.92,26.94,-24.0409,-32.2536,-44.8775
NDAQ,94.22000122070312,94.22,2026-09-09,False,93.9000015258789,95.33000183105469,-0.86,1.47,BAJO,52666847232.0,27.47,20.14,4.42,16.52,5.85,49.33,35.04,3.21,18.32,0.78,1.01,,YAHOO,0.6536,1.6118,0.0148,0.062928,3.3806,-0.0849,76.74,2026-10-22,43,,,yahoo,1.0,1.0,1.0,1.0,1.0,1.0,1.0,1.0,1.0,-3.4037,-4.568,6.9709,8.0415,37.777,31.591,99.47,99.47,100.3015,-5.278,-5.278,-6.0632
NDSN,313.94000244140625,313.94,2026-09-09,False,313.489990234375,318.1199951171875,-0.9,44.12,BAJO,17486260224.0,31.78,24.26,5.35,17.76,8.47,27.4,18.63,3.51,20.03,0.56,1.82,,YAHOO,0.6536,1.6118,0.0148,0.062928,3.3806,-0.0849,76.74,2026-12-08,90,2026-08-19,21.0,finnhub,1.0,1.0,1.0,1.0,1.0,0.0,1.0,0.0,1.0,-0.1463,-5.8876,9.5394,8.5133,9.277,25.7859,334.7,334.7,334.7,-6.2026,-6.2026,-6.2026
NI,41.66999816894531,41.67,2026-09-09,False,41.400001525878906,42.04999923706055,-0.55,6.59,BAJO,19983267840.0,22.16,18.49,2.09,8.55,3.24,17.16,13.15,-8.87,13.11,1.47,0.5,,YAHOO,0.6536,1.6118,0.0148,0.062928,3.3806,-0.0849,76.74,2026-10-28,49,,,yahoo,1.0,1.0,1.0,1.0,0.0,1.0,0.0,0.0,1.0,1.7334,2.5092,-10.556,-9.4556,16.8239,19.9248,42.5,48.7533,48.7533,-1.9529,-14.5289,-14.5289
NOC,515.5700073242188,515.57,2026-09-09,False,515.510009765625,526.9400024414062,-0.58,-7.42,BAJO,73243435008.0,16.38,16.94,4.1,26.96,7.15,11.6,10.48,3.38,12.13,0.95,1.17,,YAHOO,0.6536,1.6118,0.0148,0.062928,3.3806,-0.0849,76.74,2026-10-20,41,,,yahoo,1.0,0.0,1.0,1.0,1.0,1.0,1.0,0.0,0.0,-3.2538,-4.5354,-4.0241,-5.6054,24.6607,28.8807,586.4728,586.4728,761.1927,-12.0897,-12.0897,-32.2681
NRG,115.37000274658203,115.37,2026-09-09,False,114.58999633789062,118.93000030517578,-3.57,-22.38,BAJO,24251983872.0,30.04,10.3,5.77,23.77,4.06,12.77,2.56,3.18,14.82,4.83,0.97,,YAHOO,0.6536,1.6118,0.0148,0.062928,3.3806,-0.0849,76.74,2026-11-05,57,,,yahoo,1.0,0.0,1.0,1.0,0.0,1.0,1.0,0.0,0.0,5.3511,1.5492,-17.5477,-10.9114,65.1859,56.4149,126.24,148.8317,182.8192,-8.6106,-22.4829,-36.8939
NSC,323.29998779296875,323.3,2026-09-09,False,322.57000732421875,326.92999267578125,-1.41,21.23,BAJO,72615878656.0,27.61,22.58,4.47,16.98,5.95,35.3,21.02,1.9,15.66,1.06,0.83,,YAHOO,0.6536,1.6118,0.0148,0.062928,3.3806,-0.0849,76.74,2026-10-22,43,,,yahoo,1.0,1.0,1.0,1.0,1.0,0.0,1.0,0.0,0.0,-2.9013,-7.9547,-0.8827,3.9253,12.4716,22.216,352.98,352.98,352.98,-8.4084,-8.4084,-8.4084
NTAP,184.74000549316406,184.74,2026-09-09,False,184.02000427246094,190.7899932861328,-2.32,53.59,BAJO,36286447616.0,26.13,16.79,24.22,114.82,11.66,26.67,19.18,3.23,16.82,1.69,1.24,,YAHOO,0.6536,1.6118,0.0148,0.062928,3.3806,-0.0849,76.74,2026-12-01,83,2026-09-02,7.0,yahoo,1.0,1.0,1.0,1.0,0.0,1.0,1.0,1.0,1.0,0.8626,-1.4352,9.3978,12.3037,34.6305,40.12,207.08,207.08,207.08,-10.7881,-10.7881,-10.7881
NTRS,184.69000244140625,184.69,2026-09-09,False,182.99000549316406,186.0,-0.1,47.25,BAJO,33790078976.0,15.85,14.57,2.7,17.07,1.28,42.5,24.67,,,,,,YAHOO,0.6536,1.6118,0.0148,0.062928,3.3806,-0.0849,76.74,2026-10-21,42,,,yahoo,1.0,0.0,1.0,1.0,1.0,0.0,1.0,0.0,0.0,1.5772,-0.6738,1.0957,8.7697,18.9066,20.475,190.5711,190.5711,190.5711,-3.0861,-3.0861,-3.0861
NVR,6187.2998046875,6187.2998,2026-09-09,False,6100.0,6206.60009765625,1.15,-24.33,BAJO,16570535936.0,16.08,15.03,4.89,31.54,16.55,13.89,11.85,5.54,10.73,0.32,5.67,,YAHOO,0.6536,1.6118,0.0148,0.062928,3.3806,-0.0849,76.74,2026-10-21,42,,,yahoo,1.0,0.0,1.0,0.0,0.0,1.0,1.0,0.0,1.0,-1.4105,-3.8304,-4.508,-3.4226,29.6042,30.2194,6433.7402,6828.6201,8532.9805,-3.8304,-9.3917,-27.4896
NWS,33.08000183105469,33.08,2026-09-09,False,32.70000076293945,33.29999923706055,-0.48,3.86,BAJO,17748678656.0,32.12,21.88,2.11,7.98,4.66,12.54,6.35,5.89,14.52,0.32,1.62,,YAHOO,0.6536,1.6118,0.0148,0.062928,3.3806,-0.0849,76.74,2026-11-05,57,,,yahoo,1.0,0.0,1.0,1.0,0.0,0.0,1.0,0.0,1.0,-3.0689,-5.6059,7.2729,6.824,22.6745,29.8599,35.2141,35.2141,35.2141,-6.0602,-6.0602,-6.0602
NWSA,29.610000610351562,29.61,2026-09-09,False,29.219999313354492,29.809999465942383,-0.37,2.67,BAJO,15886892032.0,28.75,19.59,1.89,7.98,4.66,12.54,6.35,6.58,13.11,0.32,1.62,,YAHOO,0.6536,1.6118,0.0148,0.062928,3.3806,-0.0849,76.74,2026-11-05,57,,,yahoo,1.0,0.0,1.0,1.0,0.0,0.0,1.0,0.0,1.0,-3.0048,-3.9145,8.5482,9.2266,21.5349,27.8943,31.0854,31.0854,31.0854,-4.7463,-4.7463,-4.7463
NXPI,223.32000732421875,223.32,2026-09-09,False,221.97000122070312,227.22000122070312,-0.25,2.52,BAJO,56313307136.0,19.04,12.34,4.94,27.92,10.46,30.41,22.56,6.31,12.71,0.93,2.04,,YAHOO,0.6536,1.6118,0.0148,0.062928,3.3806,-0.0849,76.74,2026-10-26,47,,,yahoo,1.0,0.0,1.0,1.0,1.0,0.0,1.0,0.0,0.0,0.4137,-0.6363,-23.5886,-24.657,22.0471,44.3947,234.71,322.1472,331.5454,-4.8528,-30.6777,-32.6427
ODFL,181.9600067138672,181.96,2026-09-09,False,180.85000610351562,188.27000427246094,-2.7,24.44,BAJO,37841911808.0,34.99,27.36,8.3,24.82,15.78,28.84,19.44,2.57,20.89,0.0,1.89,,YAHOO,0.6536,1.6118,0.0148,0.062928,3.3806,-0.0849,76.74,2026-10-28,49,,,yahoo,1.0,0.0,1.0,1.0,1.0,1.0,1.0,0.0,0.0,-2.5493,-8.1161,-19.9391,-26.7307,23.1581,31.8589,215.3955,237.0518,248.3443,-15.5228,-23.2404,-26.7307
OKE,95.81999969482422,95.82,2026-09-09,False,95.19999694824219,99.30000305175781,-1.73,41.53,BAJO,60402020352.0,16.55,15.41,2.63,16.28,5.77,13.25,9.29,1.49,12.18,1.43,0.74,,YAHOO,0.6536,1.6118,0.0148,0.062928,3.3806,-0.0849,76.74,2026-10-27,48,,,yahoo,1.0,1.0,1.0,1.0,1.0,0.0,0.0,0.0,1.0,0.1359,4.4929,7.832,10.4482,25.8146,26.0042,97.51,97.51,97.51,-1.7332,-1.7332,-1.7332
OMC,78.30000305175781,78.3,2026-09-09,False,77.05000305175781,80.5,-3.49,4.76,BAJO,21481289728.0,211.62,6.5,2.22,6.05,5.09,15.38,1.74,19.83,8.29,1.08,0.92,,YAHOO,0.6536,1.6118,0.0148,0.062928,3.3806,-0.0849,76.74,2026-10-20,41,,,yahoo,0.0,0.0,1.0,1.0,1.0,0.0,0.0,0.0,0.0,-9.0487,-11.2245,-4.4306,4.6372,50.6269,38.3612,88.94,88.94,88.94,-11.9631,-11.9631,-11.9631
ON,70.9800033569336,70.98,2026-09-09,False,70.54000091552734,72.44999694824219,-0.14,46.9,BAJO,27633838080.0,46.39,15.67,3.83,8.31,6.75,19.53,10.17,6.0,13.64,0.65,3.46,,YAHOO,0.6536,1.6118,0.0148,0.062928,3.3806,-0.0849,76.74,2026-11-02,54,,,yahoo,1.0,0.0,1.0,1.0,0.0,0.0,1.0,0.0,0.0,-2.2987,-2.1101,-26.0317,-39.3333,44.124,76.7579,83.38,131.55,133.93,-14.8717,-46.0433,-47.0022
OTIS,69.30000305175781,69.3,2026-09-09,False,68.41000366210938,70.04000091552734,-1.08,-18.65,BAJO,26380386304.0,17.81,15.25,-4.59,,14.25,15.13,10.17,5.44,13.15,,0.83,,YAHOO,0.6536,1.6118,0.0148,0.062928,3.3806,-0.0849,76.74,2026-10-28,49,,,yahoo,1.0,0.0,1.0,1.0,0.0,0.0,1.0,1.0,1.0,-1.8414,-3.0227,-4.6107,-2.1747,17.3981,22.3474,73.5243,74.5481,92.4955,-5.7455,-7.0399,-25.0775
PAYC,215.5800018310547,215.58,2026-09-09,False,213.64999389648438,219.94000244140625,-1.63,-1.28,BAJO,9716540416.0,22.81,15.45,16.41,41.09,8.78,31.72,22.78,4.36,14.05,1.72,1.07,,YAHOO,0.6536,1.6118,0.0148,0.062928,3.3806,-0.0849,76.74,2026-11-04,56,,,yahoo,1.0,0.0,1.0,1.0,0.0,0.0,1.0,1.0,0.0,-9.4011,-6.9573,55.2585,58.6114,49.1904,65.8943,240.52,240.52,240.52,-10.3692,-10.3692,-10.3692
PAYX,114.75,114.75,2026-09-09,False,114.5999984741211,117.05000305175781,-1.86,-9.95,BAJO,40848760832.0,23.47,17.96,10.92,,,38.32,26.63,,27.55,1.24,1.15,,YAHOO,0.6536,1.6118,0.0148,0.062928,3.3806,-0.0849,76.74,2026-09-23,14,,,yahoo,1.0,1.0,1.0,1.0,0.0,0.0,1.0,1.0,1.0,-8.6676,-8.1927,7.8155,15.621,32.3006,32.8689,127.34,127.34,129.7455,-9.8869,-9.8869,-11.5576
PCG,14.1899995803833,14.19,2026-09-09,False,14.15999984741211,14.869999885559082,-4.25,-3.29,BAJO,31251587072.0,10.21,7.88,0.97,9.32,2.57,24.79,11.83,-19.68,9.26,1.89,1.22,,YAHOO,0.6536,1.6118,0.0148,0.062928,3.3806,-0.0849,76.74,2026-10-22,43,,,yahoo,1.0,1.0,1.0,1.0,0.0,0.0,0.0,1.0,0.0,0.9246,-22.7124,-17.3559,-14.166,64.0557,55.3532,18.36,18.36,19.0001,-22.7124,-22.7124,-25.3161
PEG,72.5999984741211,72.6,2026-09-09,False,72.08000183105469,73.58999633789062,-1.32,-5.21,BAJO,36185292800.0,18.06,15.54,2.09,11.83,3.24,18.87,16.04,0.3,13.59,1.42,0.88,,YAHOO,0.6536,1.6118,0.0148,0.062928,3.3806,-0.0849,76.74,2026-11-02,54,,,yahoo,1.0,1.0,1.0,1.0,0.0,1.0,1.0,1.0,1.0,-0.2978,-0.0257,-9.0488,-6.7805,15.1792,15.8406,75.3538,82.8257,84.7417,-3.6544,-12.3461,-14.3278
PFG,114.0199966430664,114.02,2026-09-09,False,113.19999694824219,115.04000091552734,-0.89,48.22,BAJO,24412211200.0,16.24,11.0,2.02,12.95,0.35,12.34,9.93,4.33,10.85,0.35,1.59,,YAHOO,0.6536,1.6118,0.0148,0.062928,3.3806,-0.0849,76.74,2026-10-26,47,,,yahoo,1.0,0.0,1.0,1.0,1.0,0.0,1.0,0.0,0.0,5.0539,2.9546,2.3674,7.7133,68.0658,25.6068,118.51,118.51,118.51,-3.7887,-3.7887,-3.7887
PGR,215.5,215.5,2026-09-09,False,212.6300048828125,215.52000427246094,0.28,-4.74,BAJO,125227057152.0,10.82,13.23,3.65,34.94,7.84,18.21,12.85,12.07,8.54,0.24,0.29,,YAHOO,0.6536,1.6118,0.0148,0.062928,3.3806,-0.0849,76.74,2026-10-14,35,,,yahoo,1.0,1.0,1.0,1.0,1.0,0.0,0.0,0.0,0.0,-2.2853,-2.9673,-6.5967,7.7278,25.6746,35.0462,223.92,234.48,234.48,-3.7603,-8.0945,-8.0945
PH,949.469970703125,949.47,2026-09-09,False,945.2100219726562,957.5599975585938,-0.67,27.68,BAJO,119678287872.0,33.34,24.25,7.77,25.08,9.79,23.46,16.97,2.47,22.59,0.57,1.26,,YAHOO,0.6536,1.6118,0.0148,0.062928,3.3806,-0.0849,76.74,2026-11-05,57,,,yahoo,1.0,0.0,1.0,1.0,1.0,1.0,1.0,1.0,1.0,-0.2752,-6.3886,-1.0286,5.0636,17.1921,27.1153,1067.3702,1071.7115,1071.7115,-11.0459,-11.4062,-11.4062
PHM,118.93000030517578,118.93,2026-09-09,False,117.79000091552734,121.12999725341797,-0.95,-11.4,BAJO,22654541824.0,12.15,10.59,1.72,14.9,9.21,15.69,11.62,4.76,8.51,0.19,7.27,,YAHOO,0.6536,1.6118,0.0148,0.062928,3.3806,-0.0849,76.74,2026-10-22,43,,,yahoo,1.0,0.0,1.0,0.0,1.0,1.0,1.0,0.0,0.0,-3.411,-9.1166,-4.6653,-2.9302,28.7105,35.4271,130.86,137.94,141.9555,-9.1166,-13.7814,-16.2202
PKG,227.27999877929688,227.28,2026-09-09,False,227.27999877929688,233.86000061035156,-2.03,9.71,BAJO,20250261504.0,29.52,17.57,4.32,14.89,8.28,13.12,7.26,2.14,11.97,0.94,2.94,,YAHOO,0.6536,1.6118,0.0148,0.062928,3.3806,-0.0849,76.74,2026-10-21,42,,,yahoo,1.0,0.0,1.0,1.0,0.0,0.0,1.0,0.0,0.0,-0.8031,-7.8121,-0.6513,0.6394,27.1315,28.4522,257.05,257.43,257.43,-11.5814,-11.7119,-11.7119
PNC,240.69000244140625,240.69,2026-09-09,False,240.0,243.72999572753906,-0.91,24.97,BAJO,96021757952.0,13.25,11.27,1.65,12.62,1.31,38.69,31.37,,,,,,YAHOO,0.6536,1.6118,0.0148,0.062928,3.3806,-0.0849,76.74,2026-10-15,36,,,yahoo,1.0,1.0,1.0,0.0,1.0,0.0,1.0,0.0,1.0,1.3474,-1.401,-3.6922,4.4917,16.3811,17.4802,256.97,256.97,256.97,-6.3354,-6.3354,-6.3354
PNR,57.52000045776367,57.52,2026-09-09,False,57.36000061035156,58.099998474121094,-1.88,-45.73,BAJO,9180191744.0,14.82,11.13,2.45,17.13,8.66,23.44,16.24,6.08,10.49,0.47,1.45,,YAHOO,0.6536,1.6118,0.0148,0.062928,3.3806,-0.0849,76.74,2026-10-20,41,,,yahoo,1.0,0.0,1.0,1.0,1.0,1.0,1.0,1.0,0.0,-4.847,-7.9091,-24.1747,-22.5378,24.0456,42.4776,66.87,76.3863,111.2284,-13.9824,-24.6985,-48.2866
PNW,97.18000030517578,97.18,2026-09-09,False,96.47000122070312,98.31999969482422,-0.88,16.44,BAJO,11777946624.0,18.65,17.46,1.67,9.37,2.33,21.34,11.53,-7.89,13.18,2.33,0.59,,YAHOO,0.6536,1.6118,0.0148,0.062928,3.3806,-0.0849,76.74,2026-11-03,55,,,yahoo,1.0,0.0,1.0,1.0,1.0,0.0,0.0,0.0,0.0,-0.4915,-0.5017,-9.3011,-4.468,11.9124,17.2956,101.48,108.3845,108.3845,-4.2373,-10.3377,-10.3377
PODD,137.9199981689453,137.92,2026-09-09,False,137.25,142.69000244140625,-3.06,-59.99,BAJO,9565331456.0,25.83,17.89,6.73,26.02,9.71,16.18,12.29,2.48,16.23,0.67,2.48,,YAHOO,0.6536,1.6118,0.0148,0.062928,3.3806,-0.0849,76.74,2026-11-05,57,,,yahoo,1.0,0.0,1.0,1.0,1.0,0.0,0.0,1.0,1.0,-7.0495,-3.5862,-14.4841,-13.5894,37.2481,56.8072,151.51,170.62,352.82,-8.9697,-19.1654,-60.9092
POOL,177.9199981689453,177.92,2026-09-09,False,175.4499969482422,181.27000427246094,0.33,-42.42,BAJO,6465745920.0,16.34,15.06,5.13,31.25,9.9,15.14,7.41,3.29,12.64,1.35,2.67,,YAHOO,0.6536,1.6118,0.0148,0.062928,3.3806,-0.0849,76.74,2026-10-22,43,,,yahoo,1.0,0.0,1.0,0.0,0.0,1.0,1.0,1.0,0.0,-2.6483,-4.5289,-14.8985,-6.9288,37.9068,38.5374,200.57,218.0392,321.7043,-11.2928,-18.4,-44.6945
PPG,107.16000366210938,107.16,2026-09-09,False,107.12000274658203,109.72000122070312,-2.33,1.45,BAJO,23821668352.0,15.37,12.36,2.82,19.3,6.05,14.02,9.57,4.64,11.06,0.87,1.58,,YAHOO,0.6536,1.6118,0.0148,0.062928,3.3806,-0.0849,76.74,2026-10-27,48,,,yahoo,1.0,1.0,1.0,1.0,0.0,1.0,1.0,0.0,0.0,-2.3154,-5.7105,-7.6512,-7.3337,30.4589,30.6116,114.73,124.5553,129.1576,-6.5981,-13.9659,-17.0316
PPL,34.54999923706055,34.55,2026-09-09,False,34.43000030517578,35.220001220703125,-1.51,0.68,BAJO,26000422912.0,20.44,16.32,1.73,8.63,3.2,23.59,13.47,-7.46,12.25,1.35,0.91,,YAHOO,0.6536,1.6118,0.0148,0.062928,3.3806,-0.0849,76.74,2026-11-04,56,,,yahoo,1.0,1.0,1.0,1.0,0.0,1.0,0.0,1.0,0.0,0.2321,-1.2575,-3.4377,-2.58,20.5196,19.8581,36.02,37.02,39.4926,-4.0811,-6.6721,-12.5153
PRU,117.58999633789062,117.59,2026-09-09,False,116.7300033569336,119.68000030517578,-1.5,18.23,BAJO,40568549376.0,10.66,7.92,1.29,12.01,0.43,7.52,6.01,18.56,11.74,1.64,0.78,,YAHOO,0.6536,1.6118,0.0148,0.062928,3.3806,-0.0849,76.74,2026-10-28,49,,,yahoo,1.0,1.0,1.0,1.0,1.0,0.0,1.0,0.0,0.0,0.3842,-2.1307,3.1009,14.7035,35.3568,21.4122,123.7019,123.7019,123.7019,-4.9408,-4.9408,-4.9408
PSA,294.6000061035156,294.6,2026-09-09,False,293.8500061035156,302.80999755859375,-2.32,6.68,BAJO,55046684672.0,28.14,29.12,10.69,21.93,6.98,45.7,41.63,4.24,19.23,1.1,0.22,,YAHOO,0.6536,1.6118,0.0148,0.062928,3.3806,-0.0849,76.74,2026-10-28,49,,,yahoo,1.0,0.0,1.0,1.0,0.0,0.0,0.0,0.0,1.0,-2.7273,-8.6993,-8.0983,-7.9054,25.5859,22.0412,328.72,330.47,330.47,-10.3797,-10.8542,-10.8542
PTC,128.88999938964844,128.89,2026-09-09,False,128.5800018310547,133.77000427246094,-3.28,-35.91,BAJO,13985372160.0,12.5,14.47,4.11,35.05,11.54,28.23,41.43,7.38,11.95,0.46,1.02,,YAHOO,0.6536,1.6118,0.0148,0.062928,3.3806,-0.0849,76.74,2026-11-11,63,,,yahoo,1.0,1.0,1.0,1.0,1.0,1.0,1.0,1.0,1.0,-15.6534,-14.7215,3.3269,-5.8991,48.1513,44.0489,158.95,158.95,207.03,-18.9116,-18.9116,-37.7433
PWR,626.97998046875,626.98,2026-09-09,False,626.8900146484375,649.0,-1.89,68.94,BAJO,94262296576.0,71.65,31.99,9.78,15.34,5.23,7.22,4.03,2.07,32.99,0.68,1.1,,YAHOO,0.6536,1.6118,0.0148,0.062928,3.3806,-0.0849,76.74,2026-10-29,50,,,yahoo,1.0,0.0,1.0,1.0,1.0,0.0,0.0,1.0,0.0,2.5499,3.8425,-4.7953,-9.3756,29.0897,53.5885,722.31,740.0269,785.1201,-13.1979,-15.2761,-20.1422
Q,125.47000122070312,125.47,2026-09-09,False,121.25,126.62999725341797,1.78,32.91,BAJO,26249396224.0,44.81,23.33,3.62,6.72,5.3,22.32,11.25,2.94,19.73,0.6,2.01,,YAHOO,0.6536,1.6118,0.0148,0.062928,3.3806,-0.0849,76.74,2026-11-16,68,,,yahoo,1.0,0.0,1.0,1.0,0.0,1.0,0.0,1.0,0.0,8.6414,-0.8423,-12.6888,-13.2318,11.0479,56.415,142.4951,175.5232,,-11.9479,-28.5166,
RCL,259.760009765625,259.76,2026-09-09,False,257.8500061035156,262.5,-1.79,-22.57,BAJO,69473353728.0,16.04,12.8,6.79,44.67,7.68,27.07,23.54,-2.18,13.33,2.25,0.21,,YAHOO,0.6536,1.6118,0.0148,0.062928,3.3806,-0.0849,76.74,2026-10-27,48,,,yahoo,1.0,1.0,1.0,1.0,1.0,1.0,0.0,1.0,0.0,-2.2356,-11.1294,-8.9743,-7.9714,13.22,32.5169,309.88,327.42,344.4,-16.174,-20.6646,-24.5761
REGN,807.6500244140625,807.65,2026-09-09,False,796.72998046875,808.6300048828125,-0.33,46.78,BAJO,83151601664.0,19.98,13.4,2.55,14.04,6.53,33.11,27.87,3.69,16.03,0.09,3.33,,YAHOO,0.6536,1.6118,0.0148,0.062928,3.3806,-0.0849,76.74,2026-10-28,49,,,yahoo,1.0,0.0,1.0,1.0,1.0,0.0,1.0,0.0,0.0,-1.9628,-3.1084,21.6808,31.2268,12.9486,29.866,852.03,852.03,852.03,-5.2087,-5.2087,-5.2087
RF,29.889999389648438,29.89,2026-09-09,False,29.760000228881836,30.209999084472656,-0.6,16.87,BAJO,25464172544.0,12.15,10.49,1.46,11.87,1.39,39.31,30.84,,,,,,YAHOO,0.6536,1.6118,0.0148,0.062928,3.3806,-0.0849,76.74,2026-10-16,37,,,yahoo,1.0,1.0,1.0,1.0,1.0,0.0,1.0,0.0,1.0,2.0485,-1.4262,-2.6656,5.5704,19.629,20.4454,31.5797,32.0747,32.0747,-5.3506,-6.8113,-6.8113
RJF,175.47000122070312,175.47,2026-09-09,False,174.35000610351562,176.61000061035156,-0.61,8.33,BAJO,33707786240.0,15.28,12.36,2.65,18.42,2.58,19.3,15.13,,,0.48,2.11,,YAHOO,0.6536,1.6118,0.0148,0.062928,3.3806,-0.0849,76.74,2026-10-28,49,,,yahoo,1.0,0.0,1.0,1.0,0.0,0.0,1.0,0.0,1.0,1.1354,0.435,4.3719,16.3345,32.1305,24.1183,181.18,181.18,181.18,-3.1516,-3.1516,-3.1516
RL,335.6099853515625,335.61,2026-09-09,False,335.55999755859375,346.5,-3.35,10.42,BAJO,19996395520.0,21.15,16.05,7.35,37.54,11.0,18.39,11.76,4.4,13.22,1.1,2.04,,YAHOO,0.6536,1.6118,0.0148,0.062928,3.3806,-0.0849,76.74,2026-11-05,57,,,yahoo,1.0,1.0,1.0,1.0,0.0,1.0,1.0,1.0,1.0,-1.5287,-7.4435,-15.0139,-13.9916,42.8346,30.3632,396.35,413.2399,413.2399,-15.3248,-18.7857,-18.7857
RMD,219.9499969482422,219.95,2026-09-09,False,217.0,220.85000610351562,-0.5,-19.47,BAJO,31728293888.0,21.09,16.64,4.82,24.27,14.0,30.86,26.95,2.96,14.83,0.13,3.1,,YAHOO,0.6536,1.6118,0.0148,0.062928,3.3806,-0.0849,76.74,2026-10-29,50,,,yahoo,1.0,0.0,1.0,1.0,1.0,0.0,1.0,1.0,1.0,-4.9317,-7.0333,8.197,12.0043,21.2949,37.5646,240.33,240.33,280.3143,-8.48,-8.48,-21.5345
ROK,426.0799865722656,426.08,2026-09-09,False,425.0400085449219,432.5,-0.71,26.82,BAJO,47411605504.0,39.86,28.7,13.54,30.63,9.99,20.97,13.39,2.75,24.12,1.03,1.07,,YAHOO,0.6536,1.6118,0.0148,0.062928,3.3806,-0.0849,76.74,2026-11-05,57,,,yahoo,1.0,0.0,1.0,1.0,0.0,1.0,1.0,1.0,1.0,2.0478,-0.7732,-9.4738,-7.1834,17.8629,31.3367,450.0038,493.5596,493.5596,-5.3164,-13.672,-13.672
ROL,34.540000915527344,34.54,2026-09-09,False,34.349998474121094,34.880001068115234,-1.17,-37.95,BAJO,16618763264.0,31.4,26.56,11.63,37.01,14.06,18.8,13.55,3.02,20.38,0.78,0.63,,YAHOO,0.6536,1.6118,0.0148,0.062928,3.3806,-0.0849,76.74,2026-10-28,49,,,yahoo,1.0,1.0,1.0,1.0,0.0,0.0,1.0,1.0,0.0,-4.5593,-5.0055,-21.9512,-26.976,21.0701,30.4119,37.26,46.6726,64.8632,-7.3,-25.9951,-46.7495
ROP,390.3500061035156,390.35,2026-09-09,False,388.2099914550781,396.7799987792969,-1.34,-23.31,BAJO,38605955072.0,16.25,16.07,2.06,13.07,4.23,27.73,30.24,5.87,15.31,0.61,0.55,,YAHOO,0.6536,1.6118,0.0148,0.062928,3.3806,-0.0849,76.74,2026-10-22,43,,,yahoo,1.0,0.0,1.0,1.0,0.0,1.0,1.0,0.0,1.0,-6.684,-5.5689,9.6797,16.6857,36.2042,34.6147,426.2,426.2,516.3226,-8.4115,-8.4115,-24.398
RSG,222.47000122070312,222.47,2026-09-09,False,219.5800018310547,222.61000061035156,0.38,-0.85,BAJO,68123205632.0,31.47,27.61,5.66,18.15,6.17,20.43,12.94,2.85,15.66,1.19,0.64,,YAHOO,0.6536,1.6118,0.0148,0.062928,3.3806,-0.0849,76.74,2026-10-29,50,,,yahoo,1.0,0.0,1.0,1.0,0.0,1.0,1.0,1.0,0.0,-0.3672,0.6834,1.4918,6.1564,15.5809,20.7533,225.12,225.12,230.9379,-1.1771,-1.1771,-3.6667
SBAC,186.74000549316406,186.74,2026-09-09,False,185.7100067138672,189.5500030517578,-1.03,0.93,BAJO,19810893824.0,20.17,22.82,-4.28,,8.41,52.16,34.51,3.8,18.97,,0.17,,YAHOO,0.6536,1.6118,0.0148,0.062928,3.3806,-0.0849,76.74,2026-11-02,54,,,yahoo,1.0,1.0,1.0,1.0,1.0,0.0,1.0,0.0,1.0,-1.0963,-0.469,-1.0533,-8.1803,28.8032,31.228,191.52,194.4783,220.8819,-2.4958,-3.979,-15.4571
SJM,123.30999755859375,123.31,2026-09-09,False,122.86000061035156,124.83999633789062,-1.08,16.74,BAJO,13172366336.0,57.62,11.33,2.37,3.93,6.26,17.9,2.51,11.12,8.87,1.21,0.87,,YAHOO,0.6536,1.6118,0.0148,0.062928,3.3806,-0.0849,76.74,2026-11-24,76,2026-08-26,14.0,yahoo,0.0,1.0,1.0,1.0,1.0,0.0,0.0,0.0,1.0,-6.1711,-1.7059,11.5283,10.7444,9.0312,31.3501,132.34,132.34,132.34,-6.8233,-6.8233,-6.8233
SMCI,38.93000030517578,38.93,2026-09-09,False,38.84000015258789,40.18000030517578,-3.3,-8.38,BAJO,25575661568.0,11.94,7.31,2.49,21.47,7.88,13.38,5.71,-32.25,11.16,0.64,3.87,,YAHOO,0.6536,1.6118,0.0148,0.062928,3.3806,-0.0849,76.74,2026-11-03,55,2026-08-11,29.0,yahoo,1.0,0.0,0.0,0.0,1.0,0.0,0.0,0.0,0.0,6.0474,1.2221,37.5132,-4.2077,52.6176,96.4292,40.26,40.26,58.68,-3.3035,-3.3035,-33.6571
SNPS,393.2200012207031,393.22,2026-09-09,False,387.6000061035156,398.4100036621094,0.3,-34.02,BAJO,75355357184.0,68.74,22.45,2.42,3.66,1.35,14.52,11.43,4.55,39.79,0.35,1.34,,YAHOO,0.6536,1.6118,0.0148,0.062928,3.3806,-0.0849,76.74,2026-12-08,90,2026-08-26,14.0,finnhub,1.0,0.0,1.0,1.0,0.0,0.0,0.0,0.0,0.0,-5.2071,-3.8088,-11.7351,-15.4856,42.9466,46.6309,464.89,464.89,604.37,-15.4166,-15.4166,-34.9372
SO,88.33999633789062,88.34,2026-09-09,False,88.01000213623047,89.19000244140625,-0.73,0.97,BAJO,101623062528.0,21.29,17.94,2.57,11.48,3.27,29.61,15.43,-3.85,12.52,1.82,0.79,,YAHOO,0.6536,1.6118,0.0148,0.062928,3.3806,-0.0849,76.74,2026-10-29,50,,,yahoo,1.0,0.0,1.0,1.0,0.0,0.0,0.0,0.0,1.0,0.2838,-1.8117,-6.8409,-4.1749,14.0636,16.9116,92.29,97.1776,97.4911,-4.28,-9.0943,-9.3866
SOLV,90.02999877929688,90.03,2026-09-09,False,88.83000183105469,90.22000122070312,-0.09,24.41,BAJO,15325242368.0,11.01,12.46,3.19,33.96,2.7,9.78,17.26,3.19,17.75,1.1,1.02,,YAHOO,0.6536,1.6118,0.0148,0.062928,3.3806,-0.0849,76.74,2026-11-05,57,,,yahoo,1.0,1.0,1.0,0.0,1.0,1.0,0.0,0.0,1.0,-1.0115,-1.7247,17.3794,9.1802,15.7278,31.4904,92.44,92.44,92.44,-2.6071,-2.6071,-2.6071
SPG,204.52999877929688,204.53,2026-09-09,False,204.16000366210938,210.44000244140625,-2.43,20.21,BAJO,77644390400.0,14.43,30.56,15.06,120.51,5.63,46.02,66.57,3.34,18.74,5.04,0.27,,YAHOO,0.6536,1.6118,0.0148,0.062928,3.3806,-0.0849,76.74,2026-11-02,54,,,yahoo,1.0,1.0,1.0,0.0,1.0,0.0,1.0,0.0,0.0,-2.4283,-5.6006,-5.5057,-2.4375,25.8884,19.6372,220.81,234.1864,234.1864,-7.3729,-12.6636,-12.6636
SRE,85.01000213623047,85.01,2026-09-09,False,84.6500015258789,86.1500015258789,-0.54,9.82,BAJO,55588069376.0,24.64,15.36,1.7,6.68,1.96,28.33,16.82,-49.75,17.5,0.85,1.64,,YAHOO,0.6536,1.6118,0.0148,0.062928,3.3806,-0.0849,76.74,2026-11-04,56,,,yahoo,1.0,0.0,1.0,1.0,1.0,1.0,0.0,1.0,0.0,0.8901,1.1663,-9.7558,-5.7802,18.1134,22.9363,87.38,95.33,99.0422,-2.7123,-10.8256,-14.1679
STE,215.08999633789062,215.09,2026-09-09,False,213.2899932861328,218.25,-1.53,-11.75,BAJO,20971298816.0,26.33,17.56,2.91,11.39,6.8,19.15,13.33,3.81,13.74,0.28,1.91,,YAHOO,0.6536,1.6118,0.0148,0.062928,3.3806,-0.0849,76.74,2026-11-04,56,,,yahoo,1.0,1.0,1.0,1.0,1.0,1.0,1.0,1.0,1.0,-6.0543,-8.7522,-0.1175,1.3464,13.4074,28.7718,237.2062,238.1833,266.3608,-9.3236,-9.6956,-19.2486
STLD,240.69000244140625,240.69,2026-09-09,False,240.08999633789062,245.97999572753906,0.16,87.86,BAJO,34497638400.0,21.82,12.58,3.67,17.57,7.87,11.5,7.83,0.68,14.31,0.47,3.18,,YAHOO,0.6536,1.6118,0.0148,0.062928,3.3806,-0.0849,76.74,2026-10-19,40,,,yahoo,1.0,0.0,1.0,1.0,0.0,1.0,1.0,0.0,0.0,2.8194,4.1587,5.3717,-10.5871,11.4982,41.1942,263.18,273.6693,282.1202,-8.5455,-12.0508,-14.6853
STT,191.88999938964844,191.89,2026-09-09,False,189.3800048828125,193.6300048828125,0.01,76.58,BAJO,52712521728.0,16.95,12.53,2.21,12.44,0.87,27.82,23.0,,,,,,YAHOO,0.6536,1.6118,0.0148,0.062928,3.3806,-0.0849,76.74,2026-10-14,35,,,yahoo,1.0,1.0,1.0,1.0,0.0,0.0,1.0,0.0,1.0,2.1833,-0.5494,6.4754,18.1287,21.4769,24.2553,194.26,194.26,194.26,-1.22,-1.22,-1.22
STX,885.9199829101562,885.92,2026-09-09,False,885.3900146484375,917.3900146484375,-2.04,367.14,BAJO,201452011520.0,63.6,16.0,92.72,371.53,29.35,43.07,26.11,0.96,45.09,1.8,1.67,,YAHOO,0.6536,1.6118,0.0148,0.062928,3.3806,-0.0849,76.74,2026-10-27,48,,,yahoo,1.0,1.0,1.0,1.0,1.0,1.0,0.0,1.0,1.0,8.4835,7.8194,-2.6825,4.7921,73.9821,82.5568,994.79,1093.2605,1093.2605,-10.944,-18.9653,-18.9653
STZ,121.55000305175781,121.55,2026-09-09,False,120.25,122.66999816894531,0.47,-13.39,BAJO,20761270272.0,11.58,9.81,2.52,23.69,8.57,35.93,20.14,10.65,9.11,1.23,0.91,,YAHOO,0.6536,1.6118,0.0148,0.062928,3.3806,-0.0849,76.74,2026-10-05,26,,,yahoo,1.0,1.0,1.0,1.0,0.0,1.0,1.0,0.0,0.0,-6.9509,-9.9696,-8.6172,-12.5507,44.1021,31.0391,139.18,146.9719,164.2807,-12.667,-17.2971,-26.0108
SW,42.20000076293945,42.2,2026-09-09,False,42.189998626708984,44.189998626708984,-4.65,-3.29,BAJO,22134867968.0,44.89,12.38,1.23,2.71,2.62,5.47,1.59,5.49,7.78,0.78,1.45,,YAHOO,0.6536,1.6118,0.0148,0.062928,3.3806,-0.0849,76.74,2026-10-28,49,,,yahoo,1.0,1.0,1.0,1.0,0.0,1.0,0.0,0.0,1.0,-7.1098,-14.6267,-3.7196,2.9613,43.6078,44.7945,49.568,50.341,50.7913,-14.8644,-16.1716,-16.915
SWK,91.68000030517578,91.68,2026-09-09,False,91.61000061035156,93.83999633789062,-2.27,25.51,BAJO,13845206016.0,22.42,14.37,1.55,6.89,3.8,8.44,4.07,10.25,10.31,0.58,1.43,,YAHOO,0.6536,1.6118,0.0148,0.062928,3.3806,-0.0849,76.74,2026-11-03,55,,,yahoo,1.0,1.0,1.0,1.0,1.0,0.0,0.0,1.0,1.0,-2.1502,-6.0757,4.8264,15.4242,27.0781,36.7044,102.0122,103.1027,103.1027,-10.1284,-11.079,-11.079
SYK,275.3900146484375,275.39,2026-09-09,False,270.8500061035156,278.75,-0.38,-28.25,BAJO,105632186368.0,28.54,16.45,4.4,16.51,8.16,27.02,14.43,3.89,15.94,0.64,2.16,,YAHOO,0.6536,1.6118,0.0148,0.062928,3.3806,-0.0849,76.74,2026-10-29,50,,,yahoo,1.0,0.0,1.0,1.0,0.0,0.0,0.0,1.0,0.0,-13.2357,-16.6974,-16.4928,-12.0648,61.7377,42.4108,347.21,352.25,388.8015,-20.6849,-21.8197,-29.1695
TAP,38.47999954223633,38.48,2026-09-09,False,38.45000076293945,39.189998626708984,-0.93,-17.76,BAJO,7174747136.0,,7.83,0.71,-19.47,3.79,11.3,-20.81,13.03,5.85,0.76,0.88,,YAHOO,0.6536,1.6118,0.0148,0.062928,3.3806,-0.0849,76.74,2026-11-03,55,,,yahoo,0.0,0.0,1.0,1.0,1.0,0.0,1.0,0.0,1.0,-3.2193,-7.3351,-0.6165,-3.9276,30.5763,32.6065,42.4947,42.8703,52.5761,-9.4475,-10.2409,-26.8109
TDG,1125.6800537109375,1125.6801,2026-09-09,False,1124.1700439453125,1156.800048828125,-1.7,-13.29,BAJO,62223679488.0,34.13,23.25,-6.7,,11.82,46.01,21.28,2.34,18.26,,3.02,,YAHOO,0.6536,1.6118,0.0148,0.062928,3.3806,-0.0849,76.74,2026-11-05,57,,,yahoo,1.0,1.0,1.0,0.0,0.0,1.0,0.0,1.0,1.0,-2.6026,-5.6113,-12.8292,-10.4642,17.8173,25.7146,1256.9,1348.49,1450.0,-10.44,-16.5229,-22.3669
TDY,595.22998046875,595.23,2026-09-09,False,594.2000122070312,611.4600219726562,-1.63,10.18,BAJO,27592286208.0,28.77,22.27,2.53,9.15,5.14,20.2,15.29,3.31,18.39,0.19,2.18,,YAHOO,0.6536,1.6118,0.0148,0.062928,3.3806,-0.0849,76.74,2026-10-21,42,,,yahoo,1.0,1.0,1.0,1.0,1.0,0.0,1.0,0.0,1.0,-2.5028,-5.0518,-6.2039,-3.8804,15.6416,23.221,686.49,691.3,691.3,-13.2937,-13.897,-13.897
TECH,72.25,72.25,2026-09-09,False,72.2300033569336,72.37000274658203,-0.08,34.97,BAJO,11330117632.0,62.28,31.33,5.35,9.03,6.67,27.87,14.97,2.03,33.98,0.14,4.55,,YAHOO,0.6536,1.6118,0.0148,0.062928,3.3806,-0.0849,76.74,2026-11-09,61,2026-08-12,28.0,yahoo,1.0,1.0,1.0,1.0,1.0,1.0,0.0,1.0,0.0,0.097,-0.1106,1.4446,32.9351,2.5425,44.9583,72.47,72.47,72.47,-0.3036,-0.3036,-0.3036
TEL,204.67999267578125,204.68,2026-09-09,False,203.94000244140625,206.5,-0.15,0.08,BAJO,59257561088.0,20.05,15.86,4.48,23.29,9.69,20.77,15.61,3.94,12.92,0.43,1.88,,YAHOO,0.6536,1.6118,0.0148,0.062928,3.3806,-0.0849,76.74,2026-10-28,49,,,yahoo,1.0,0.0,1.0,1.0,0.0,0.0,1.0,1.0,0.0,-1.5962,1.6235,2.555,-2.5749,36.0742,32.0173,216.5345,217.8394,246.3216,-5.4747,-6.0409,-16.9054
TER,383.69000244140625,383.69,2026-09-09,False,368.4800109863281,384.45001220703125,3.13,235.0,BAJO,59986382848.0,52.63,32.93,19.11,36.46,19.75,33.16,25.77,0.73,39.72,0.03,2.12,,YAHOO,0.6536,1.6118,0.0148,0.062928,3.3806,-0.0849,76.74,2026-10-21,42,,,yahoo,1.0,0.0,1.0,1.0,0.0,0.0,1.0,0.0,1.0,14.4212,4.7505,6.7401,3.9618,43.7341,89.0163,442.9698,483.6542,483.6542,-13.3824,-20.6685,-20.6685
TKO,191.0800018310547,191.08,2026-09-09,False,189.8000030517578,193.91000366210938,-2.17,-0.3,BAJO,36165656576.0,67.05,47.92,4.18,7.06,4.5,32.39,4.33,2.37,14.38,0.59,1.28,,YAHOO,0.6536,1.6118,0.0148,0.062928,3.3806,-0.0849,76.74,2026-11-04,56,,,yahoo,1.0,1.0,1.0,1.0,0.0,1.0,1.0,1.0,0.0,4.8335,-1.2047,3.6226,-6.1704,52.5431,34.0966,201.69,215.88,223.1878,-5.2605,-11.4879,-14.386
TPL,374.05999755859375,374.06,2026-09-09,False,373.0,393.0,-2.05,26.35,BAJO,25800669184.0,47.77,5.12,16.58,36.57,25.81,78.18,60.32,-0.13,34.48,0.01,4.55,,YAHOO,0.6536,1.6118,0.0148,0.062928,3.3806,-0.0849,76.74,2026-11-04,56,,,yahoo,1.0,0.0,1.0,1.0,0.0,0.0,0.0,0.0,0.0,1.1164,0.5018,-5.8216,-1.9496,52.9744,43.8622,383.0251,436.9385,538.1021,-2.3406,-14.3907,-30.4853
TRGP,291.3800048828125,291.38,2026-09-09,False,290.9200134277344,298.17999267578125,-0.99,85.47,BAJO,62480912384.0,27.88,24.12,19.95,70.84,9.24,27.8,13.54,0.11,14.93,5.16,0.77,,YAHOO,0.6536,1.6118,0.0148,0.062928,3.3806,-0.0849,76.74,2026-11-05,57,,,yahoo,1.0,1.0,1.0,1.0,0.0,0.0,1.0,1.0,0.0,-1.5808,1.558,7.0948,10.8164,19.2478,32.7441,302.25,302.25,302.25,-3.5964,-3.5964,-3.5964
TRMB,57.400001525878906,57.4,2026-09-09,False,57.2400016784668,58.68000030517578,-2.35,-27.39,BAJO,13384522752.0,,13.92,2.36,-1.94,4.8,15.13,-2.77,5.13,16.62,0.29,0.95,,YAHOO,0.6536,1.6118,0.0148,0.062928,3.3806,-0.0849,76.74,2026-11-04,56,2026-08-12,28.0,yahoo,1.0,0.0,1.0,0.0,0.0,0.0,1.0,1.0,0.0,-2.6128,-3.4158,8.671,8.4042,27.0121,33.927,61.54,61.54,83.52,-6.7273,-6.7273,-31.2739
TROW,107.73999786376953,107.74,2026-09-09,False,107.66999816894531,109.62000274658203,-1.54,6.72,BAJO,22982649856.0,10.82,10.44,2.09,19.4,10.66,28.69,29.26,8.81,7.21,0.04,4.04,,YAHOO,0.6536,1.6118,0.0148,0.062928,3.3806,-0.0849,76.74,2026-10-30,51,,,yahoo,1.0,0.0,1.0,0.0,0.0,1.0,1.0,0.0,0.0,-1.1378,-4.5451,-9.1185,2.9485,20.0362,26.9133,112.87,121.68,121.68,-4.5451,-11.4563,-11.4563
TRV,366.8500061035156,366.85,2026-09-09,False,359.8699951171875,367.5799865722656,0.33,37.16,BAJO,76515745792.0,9.86,12.14,2.31,26.51,4.78,23.7,16.95,19.31,7.01,0.27,0.32,,YAHOO,0.6536,1.6118,0.0148,0.062928,3.3806,-0.0849,76.74,2026-10-15,36,,,yahoo,1.0,1.0,1.0,1.0,0.0,0.0,1.0,0.0,0.0,0.8051,-0.7602,8.2409,22.6923,25.6534,28.36,374.34,397.22,397.22,-2.0009,-7.6456,-7.6456
TSCO,34.0,34.0,2026-09-09,False,33.31999969482422,35.09000015258789,-3.66,-40.15,BAJO,17715363840.0,17.71,16.57,6.77,39.51,7.82,12.07,6.42,0.58,12.44,2.49,1.33,,YAHOO,0.6536,1.6118,0.0148,0.062928,3.3806,-0.0849,76.74,2026-10-22,43,,,yahoo,1.0,0.0,1.0,1.0,1.0,0.0,1.0,1.0,0.0,-2.0455,-3.9005,12.5037,14.2687,34.8565,30.7716,36.18,36.18,59.1851,-6.0256,-6.0256,-42.5531
TSN,51.7400016784668,51.74,2026-09-09,False,51.47999954223633,53.04999923706055,-1.03,-3.17,BAJO,18202210304.0,31.94,12.39,1.01,3.26,2.56,2.71,1.03,6.54,9.23,0.44,1.43,,YAHOO,0.6536,1.6118,0.0148,0.062928,3.3806,-0.0849,76.74,2026-11-09,61,,,yahoo,1.0,0.0,1.0,1.0,1.0,0.0,1.0,0.0,1.0,-6.0298,-8.6531,-9.6956,-7.5208,60.6068,28.5768,58.0679,60.6141,67.5448,-10.8974,-14.6404,-23.399
TTD,13.880000114440918,13.88,2026-09-09,False,13.710000038146973,14.085000038146973,-1.0,-72.6,BAJO,6521936896.0,16.52,13.8,2.66,15.44,6.25,14.21,13.61,8.94,7.84,0.17,1.72,,YAHOO,0.6536,1.6118,0.0148,0.062928,3.3806,-0.0849,76.74,2026-11-05,57,,,yahoo,1.0,1.0,1.0,1.0,0.0,0.0,1.0,0.0,1.0,0.7257,4.7547,-28.9299,-30.2162,55.6788,67.1215,15.09,19.79,54.13,-8.0186,-29.8636,-74.358
TTWO,211.13999938964844,211.14,2026-09-09,False,208.52000427246094,213.19000244140625,-1.01,-13.9,BAJO,39479050240.0,,20.5,11.15,-9.04,-0.62,0.51,-4.79,3.18,52.96,0.82,1.06,,YAHOO,0.6536,1.6118,0.0148,0.062928,3.3806,-0.0849,76.74,2026-11-09,61,,,yahoo,0.0,1.0,1.0,1.0,1.0,1.0,0.0,1.0,1.0,-2.5568,-9.3547,-13.1826,-0.4291,9.2518,36.582,246.95,258.41,262.29,-14.5009,-18.2926,-19.5013
TYL,342.67999267578125,342.68,2026-09-09,False,336.5199890136719,348.0,-1.48,-37.72,BAJO,14033524736.0,44.97,22.32,4.62,9.73,4.18,14.74,13.36,4.24,31.66,0.48,1.55,,YAHOO,0.6536,1.6118,0.0148,0.062928,3.3806,-0.0849,76.74,2026-10-28,49,,,yahoo,1.0,1.0,1.0,1.0,0.0,0.0,0.0,1.0,1.0,-8.9658,-2.1082,10.7277,10.9284,41.2606,45.1771,379.27,379.27,558.41,-9.6475,-9.6475,-38.6329
UDR,35.400001525878906,35.4,2026-09-09,False,35.33000183105469,36.2599983215332,-1.97,-4.23,BAJO,13004694528.0,22.41,63.21,3.93,13.74,2.24,20.18,29.56,6.0,17.59,1.56,0.18,,YAHOO,0.6536,1.6118,0.0148,0.062928,3.3806,-0.0849,76.74,2026-10-28,49,,,yahoo,1.0,1.0,1.0,1.0,1.0,0.0,1.0,1.0,1.0,-3.987,-7.257,-10.2359,-9.4151,13.2371,20.3316,38.39,40.9356,40.9356,-7.7885,-13.5226,-13.5226
UHS,175.77999877929688,175.78,2026-09-09,False,169.80999755859375,177.07000732421875,2.26,-4.39,BAJO,10359860224.0,7.18,7.32,1.38,20.95,8.32,11.14,8.42,4.81,5.79,0.69,1.12,,YAHOO,0.6536,1.6118,0.0148,0.062928,3.3806,-0.0849,76.74,2026-10-26,47,,,yahoo,1.0,1.0,1.0,1.0,1.0,0.0,1.0,1.0,1.0,2.9458,0.129,13.1238,20.0537,13.1445,31.7747,178.4802,178.4802,243.1212,-1.5129,-1.5129,-27.6986
ULTA,541.8599853515625,541.86,2026-09-09,False,540.010009765625,550.0599975585938,-1.34,6.37,BAJO,23168563200.0,19.73,16.91,8.54,46.12,14.84,12.51,9.34,3.95,13.17,0.95,1.34,,YAHOO,0.6536,1.6118,0.0148,0.062928,3.3806,-0.0849,76.74,2026-12-03,85,2026-08-27,13.0,yahoo,1.0,0.0,1.0,1.0,1.0,0.0,1.0,0.0,0.0,-0.6964,0.8637,15.4859,13.3836,29.7447,36.1452,564.12,565.15,706.82,-3.946,-4.121,-23.3383
UPS,99.22000122070312,99.22,2026-09-09,False,99.0999984741211,100.38999938964844,-1.25,26.2,BAJO,84414545920.0,18.44,12.29,5.6,29.6,7.28,9.05,5.08,6.63,8.98,1.9,1.18,,YAHOO,0.6536,1.6118,0.0148,0.062928,3.3806,-0.0849,76.74,2026-10-27,48,,,yahoo,1.0,0.0,1.0,1.0,0.0,1.0,1.0,1.0,0.0,-3.3509,-5.6306,-10.3744,-6.5524,15.4529,29.0663,105.68,115.8725,115.8725,-6.1128,-14.3714,-14.3714
URI,1028.77001953125,1028.77,2026-09-09,False,1007.52001953125,1053.739990234375,1.34,10.63,BAJO,64033206272.0,24.78,17.99,6.95,28.89,8.77,25.99,15.67,2.66,16.91,1.67,0.76,,YAHOO,0.6536,1.6118,0.0148,0.062928,3.3806,-0.0849,76.74,2026-10-21,42,,,yahoo,1.0,0.0,1.0,1.0,1.0,0.0,1.0,0.0,0.0,3.9004,-2.314,-5.9335,-5.8149,7.6297,38.7348,1164.8199,1164.8199,1164.8199,-11.6799,-11.6799,-11.6799
VICI,25.209999084472656,25.21,2026-09-09,False,25.100000381469727,25.329999923706055,-0.24,-18.04,BAJO,27758161920.0,9.77,8.43,0.95,9.85,4.82,70.18,67.5,0.96,12.57,0.6,11.24,,YAHOO,0.6536,1.6118,0.0148,0.062928,3.3806,-0.0849,76.74,2026-10-29,50,,,yahoo,1.0,1.0,1.0,0.0,1.0,0.0,0.0,1.0,1.0,-1.2921,-4.108,-3.0757,-8.5167,7.207,21.2858,26.78,27.5471,31.3416,-5.8626,-8.4841,-19.5637
VLO,388.95001220703125,388.95,2026-09-09,False,379.5899963378906,389.17999267578125,1.59,146.36,BAJO,111989391360.0,16.23,11.92,4.48,27.64,10.56,12.27,5.45,7.52,8.87,0.4,1.64,,YAHOO,0.6536,1.6118,0.0148,0.062928,3.3806,-0.0849,76.74,2026-10-22,43,,,yahoo,1.0,0.0,1.0,1.0,0.0,1.0,1.0,1.0,0.0,7.4477,14.2593,39.1048,53.855,21.3561,34.1966,388.95,388.95,388.95,0.0,0.0,0.0
VLTO,94.72000122070312,94.72,2026-09-09,False,94.06999969482422,95.62000274658203,-0.85,-8.42,BAJO,23092105216.0,23.86,19.86,7.47,34.31,10.31,21.37,17.35,3.5,17.67,1.16,1.77,,YAHOO,0.6536,1.6118,0.0148,0.062928,3.3806,-0.0849,76.74,2026-10-21,42,,,yahoo,1.0,0.0,1.0,1.0,1.0,0.0,0.0,1.0,0.0,-2.4008,-4.1004,2.1791,10.0971,15.2489,25.0375,100.1,100.1,108.5215,-5.3746,-5.3746,-12.7178
VMC,249.88999938964844,249.89,2026-09-09,False,249.52000427246094,254.5500030517578,-3.26,-13.0,BAJO,32380430336.0,29.5,23.19,3.82,13.23,6.04,21.61,13.75,2.61,15.88,0.58,1.76,,YAHOO,0.6536,1.6118,0.0148,0.062928,3.3806,-0.0849,76.74,2026-10-29,50,,,yahoo,1.0,1.0,1.0,1.0,1.0,1.0,1.0,1.0,1.0,-3.7737,-8.8292,-15.206,-10.2673,27.323,31.5809,282.0,312.3896,328.4807,-11.3865,-20.0069,-23.9255
VRSK,177.99000549316406,177.99,2026-09-09,False,171.7899932861328,179.2100067138672,1.42,-32.23,BAJO,23166470144.0,27.34,20.47,-19.97,,18.96,45.11,28.24,4.56,17.96,,1.0,,YAHOO,0.6536,1.6118,0.0148,0.062928,3.3806,-0.0849,76.74,2026-10-28,49,,,yahoo,1.0,0.0,1.0,1.0,1.0,1.0,1.0,1.0,0.0,-8.4178,-5.5706,-3.9916,-2.232,53.1808,39.0455,194.35,213.15,266.2411,-8.4178,-16.4954,-33.1471
VRSN,286.94000244140625,286.94,2026-09-09,False,280.9800109863281,288.2099914550781,1.68,2.6,BAJO,25939376128.0,31.19,26.11,-11.51,,45.12,68.18,49.77,3.21,22.95,,0.59,,YAHOO,0.6536,1.6118,0.0148,0.062928,3.3806,-0.0849,76.74,2026-10-22,43,,,yahoo,1.0,1.0,1.0,1.0,0.0,1.0,1.0,1.0,1.0,-0.4959,-2.3183,6.5426,1.3711,36.1809,32.9684,294.73,298.3243,309.0927,-2.6431,-3.8161,-7.167
VTR,89.37999725341797,89.38,2026-09-09,False,88.55000305175781,90.0999984741211,-0.55,35.21,BAJO,45847146496.0,162.51,113.14,3.13,2.01,2.17,14.81,4.09,3.24,24.84,0.85,0.29,,YAHOO,0.6536,1.6118,0.0148,0.062928,3.3806,-0.0849,76.74,2026-10-28,49,,,yahoo,1.0,1.0,1.0,1.0,1.0,0.0,0.0,0.0,1.0,-2.9217,-4.7426,-1.4119,9.0136,14.0152,27.2405,93.83,100.53,100.53,-4.7426,-11.0912,-11.0912
VTRS,16.5,16.5,2026-09-09,False,16.399999618530273,16.84000015258789,-0.66,64.41,BAJO,18951749632.0,,6.2,1.31,-2.75,2.67,12.55,-2.79,14.13,7.24,0.96,1.58,,YAHOO,0.6536,1.6118,0.0148,0.062928,3.3806,-0.0849,76.74,2026-11-05,57,,,yahoo,0.0,0.0,1.0,1.0,1.0,0.0,1.0,0.0,1.0,-0.7817,-1.3158,2.1742,2.6157,8.4071,29.8057,17.09,17.727,17.727,-3.4523,-6.9219,-6.9219
WAB,280.4700012207031,280.47,2026-09-09,False,277.3399963378906,284.3699951171875,-1.4,49.17,BAJO,47374426112.0,37.8,22.54,4.23,11.55,6.17,19.19,10.59,2.32,20.25,0.62,1.12,,YAHOO,0.6536,1.6118,0.0148,0.062928,3.3806,-0.0849,76.74,2026-10-21,42,,,yahoo,1.0,0.0,1.0,1.0,0.0,0.0,1.0,1.0,0.0,0.2395,-5.5466,7.4842,5.64,15.6439,31.7713,300.54,305.4747,305.4747,-6.678,-8.1855,-8.1855
WAT,404.80999755859375,404.81,2026-09-09,False,400.95001220703125,411.8599853515625,0.47,35.62,BAJO,39746617344.0,102.48,24.46,2.62,1.92,3.56,9.42,3.59,-0.36,30.79,0.36,1.86,,YAHOO,0.6536,1.6118,0.0148,0.062928,3.3806,-0.0849,76.74,2026-10-30,51,,,yahoo,1.0,0.0,1.0,1.0,1.0,0.0,0.0,0.0,0.0,-0.2538,-2.3236,7.5393,9.0691,16.0059,27.1529,421.26,421.26,421.26,-3.905,-3.905,-3.905
WDAY,186.0500030517578,186.05,2026-09-09,False,183.5399932861328,187.25,-0.12,-18.45,BAJO,44838051840.0,37.82,14.07,6.93,16.01,4.51,11.82,12.32,6.79,28.5,0.58,0.91,,YAHOO,0.6536,1.6118,0.0148,0.062928,3.3806,-0.0849,76.74,2026-11-23,75,2026-08-27,13.0,finnhub,1.0,1.0,1.0,1.0,1.0,0.0,1.0,1.0,1.0,-6.2153,-4.3051,33.8971,32.6749,63.574,70.1784,206.92,206.92,247.69,-10.086,-10.086,-24.8859
WEC,106.1500015258789,106.15,2026-09-09,False,105.5199966430664,107.43000030517578,-0.85,2.98,BAJO,34588913664.0,20.61,17.69,,11.99,3.03,21.8,16.69,-6.8,14.63,1.58,0.53,,YAHOO,0.6536,1.6118,0.0148,0.062928,3.3806,-0.0849,76.74,2026-10-29,50,,,yahoo,1.0,0.0,1.0,1.0,1.0,0.0,0.0,0.0,1.0,-0.0471,-0.4875,-6.8586,-5.3269,16.2578,17.8582,111.05,117.8229,117.8229,-4.4124,-9.9072,-9.9072
WM,216.44000244140625,216.44,2026-09-09,False,215.1300048828125,217.5,-0.62,1.26,BAJO,86514360320.0,30.57,23.73,8.72,29.84,6.57,18.99,11.12,2.71,14.06,2.35,0.91,,YAHOO,0.6536,1.6118,0.0148,0.062928,3.3806,-0.0849,76.74,2026-10-26,47,,,yahoo,1.0,0.0,1.0,1.0,1.0,1.0,0.0,1.0,1.0,-1.5152,-2.5616,-7.2387,-2.1961,16.7786,21.9377,226.46,242.25,244.4743,-4.4246,-10.6543,-11.4672
WMB,75.1500015258789,75.15,2026-09-09,False,74.44999694824219,76.86000061035156,-0.9,35.59,BAJO,91921039360.0,29.94,28.9,6.99,21.5,5.03,39.54,24.94,-1.65,17.73,2.0,0.48,,YAHOO,0.6536,1.6118,0.0148,0.062928,3.3806,-0.0849,76.74,2026-11-02,54,,,yahoo,1.0,1.0,1.0,1.0,0.0,1.0,0.0,1.0,1.0,-0.1063,5.7259,0.1733,5.7479,26.1433,27.6622,75.83,77.92,78.818,-0.8967,-3.5549,-4.6537
WSM,227.52000427246094,227.52,2026-09-09,False,225.57000732421875,230.35000610351562,-0.14,14.77,BAJO,26797119488.0,23.34,21.64,14.33,54.96,16.64,17.27,14.73,3.99,16.45,0.71,1.45,,YAHOO,0.6536,1.6118,0.0148,0.062928,3.3806,-0.0849,76.74,2026-11-18,70,2026-08-26,14.0,yahoo,1.0,0.0,1.0,1.0,0.0,0.0,1.0,0.0,0.0,2.4311,-3.0757,2.9446,7.0881,15.7429,29.3209,245.15,251.78,251.78,-7.1915,-9.6354,-9.6354
WST,336.94000244140625,336.94,2026-09-09,False,336.1000061035156,340.4800109863281,-0.24,35.02,BAJO,23712409600.0,43.2,33.77,7.93,19.09,11.38,22.47,16.98,1.17,25.86,0.11,2.82,,YAHOO,0.6536,1.6118,0.0148,0.062928,3.3806,-0.0849,76.74,2026-10-22,43,,,yahoo,1.0,0.0,1.0,1.0,1.0,1.0,1.0,1.0,0.0,-0.5049,-3.3115,-4.6789,0.7471,6.0584,24.2474,353.77,365.5013,365.5013,-4.7573,-7.8143,-7.8143
WTW,313.7200012207031,313.72,2026-09-09,False,312.5400085449219,323.9599914550781,-3.57,-2.68,BAJO,29135783936.0,19.44,13.73,3.8,19.76,5.08,17.56,15.49,4.86,12.31,0.91,1.1,,YAHOO,0.6536,1.6118,0.0148,0.062928,3.3806,-0.0849,76.74,2026-10-29,50,,,yahoo,1.0,1.0,1.0,1.0,0.0,1.0,1.0,0.0,0.0,-6.2038,-9.5439,8.31,20.5628,34.0095,31.4437,350.75,350.75,350.75,-10.5574,-10.5574,-10.5574
WY,22.59000015258789,22.59,2026-09-09,False,22.510000228881836,22.829999923706055,-0.44,-6.43,BAJO,16281425920.0,34.23,33.59,1.73,4.97,0.67,8.03,6.89,0.08,30.82,0.58,1.82,,YAHOO,0.6536,1.6118,0.0148,0.062928,3.3806,-0.0849,76.74,2026-10-29,50,,,yahoo,1.0,0.0,1.0,1.0,0.0,0.0,1.0,0.0,0.0,-2.4902,-6.6812,-2.7813,-7.514,14.9119,30.1245,24.5938,25.6045,26.396,-8.1475,-11.7733,-14.4189
WYNN,90.2300033569336,90.23,2026-09-09,False,89.72000122070312,91.91000366210938,-2.16,-24.12,BAJO,9291334656.0,21.64,17.44,-54.26,,5.73,16.54,6.05,5.13,10.31,,0.91,,YAHOO,0.6536,1.6118,0.0148,0.062928,3.3806,-0.0849,76.74,2026-11-05,57,,,yahoo,1.0,0.0,1.0,1.0,1.0,0.0,1.0,0.0,0.0,-0.4084,-8.6186,-9.3406,-15.8126,19.9232,26.0569,102.79,105.7012,132.129,-12.2191,-14.6368,-31.7106
XEL,76.19000244140625,76.19,2026-09-09,False,75.41999816894531,77.05999755859375,-0.9,9.97,BAJO,47590887424.0,20.87,16.77,1.98,9.92,2.37,22.7,15.28,-16.62,14.24,1.73,0.7,,YAHOO,0.6536,1.6118,0.0148,0.062928,3.3806,-0.0849,76.74,2026-10-29,50,,,yahoo,1.0,0.0,1.0,1.0,0.0,1.0,0.0,1.0,0.0,0.3953,-1.2955,-4.8339,-1.4195,20.0963,18.4541,79.41,82.23,82.6708,-4.0549,-7.3453,-7.8393
XYL,107.63999938964844,107.64,2026-09-09,False,106.69000244140625,109.04000091552734,-1.08,-19.73,BAJO,25132521472.0,25.63,17.23,2.28,9.18,5.11,17.0,11.15,4.71,13.73,0.29,1.61,,YAHOO,0.6536,1.6118,0.0148,0.062928,3.3806,-0.0849,76.74,2026-11-03,55,,,yahoo,1.0,1.0,1.0,1.0,1.0,0.0,0.0,1.0,0.0,0.7017,-4.2198,-10.8648,-2.5438,35.4729,28.1189,121.4677,124.825,150.8356,-11.3839,-13.7673,-28.6375
YUM,145.16000366210938,145.16,2026-09-09,False,142.25999450683594,148.63999938964844,-2.42,2.42,BAJO,39614324736.0,18.28,19.46,-5.49,,22.69,32.78,25.41,2.1,17.06,,0.59,,YAHOO,0.6536,1.6118,0.0148,0.062928,3.3806,-0.0849,76.74,2026-11-03,55,,,yahoo,1.0,0.0,1.0,1.0,1.0,0.0,1.0,0.0,0.0,-4.0375,-6.6412,-10.7913,-3.7843,21.3705,29.0473,156.5607,166.6498,166.6498,-7.282,-12.8952,-12.8952
ZBH,94.61000061035156,94.61,2026-09-09,False,92.55000305175781,95.7300033569336,0.41,-7.02,BAJO,18045693952.0,22.96,10.43,1.43,6.41,3.96,17.96,9.48,6.05,9.86,0.6,1.69,,YAHOO,0.6536,1.6118,0.0148,0.062928,3.3806,-0.0849,76.74,2026-11-05,57,,,yahoo,1.0,0.0,1.0,1.0,0.0,1.0,1.0,0.0,0.0,-4.8189,-5.6165,3.58,5.8367,29.7345,32.822,101.38,101.38,103.1746,-6.6778,-6.6778,-8.3011
ZBRA,344.8299865722656,344.83,2026-09-09,False,343.239990234375,352.25,-2.19,11.38,BAJO,16314134528.0,31.66,15.55,4.76,15.29,7.32,21.26,9.22,3.54,16.15,0.86,0.52,,YAHOO,0.6536,1.6118,0.0148,0.062928,3.3806,-0.0849,76.74,2026-11-03,55,,,yahoo,1.0,0.0,1.0,1.0,0.0,0.0,1.0,0.0,1.0,0.3288,-4.352,26.5338,47.2374,38.2492,64.1933,379.63,383.06,383.06,-9.1668,-9.9802,-9.9802
ZTS,73.30999755859375,73.31,2026-09-09,False,73.08999633789062,74.08000183105469,-0.34,-49.2,BAJO,30293422080.0,11.96,11.22,,64.91,15.35,40.72,27.68,6.66,9.31,2.94,3.08,,YAHOO,0.6536,1.6118,0.0148,0.062928,3.3806,-0.0849,76.74,2026-11-03,55,,,yahoo,1.0,0.0,1.0,1.0,0.0,1.0,1.0,1.0,0.0,-5.1003,-5.1494,-2.3014,-10.1934,22.0228,33.2864,77.73,79.3965,147.7719,-5.6864,-7.666,-50.3898
