Ticker,Precio,Cierre_Confirmado,Fecha_Cierre_Confirmado,Precio_Es_Intradiario,Low,High,Change (%),RS 20D,Credit Stress,Market Cap,P/E,Forward P/E,P/Book,ROE,ROA,Operating Margin,Net Margin,FCF Yield,EV/EBITDA,Debt/Equity,Current Ratio,Piotroski,Fund Source,Grain_IS,ZC_Surprise,ZS_Surprise,SPX_Quarterly_Divisor,SPX_ROC_63d,z_MOVE_inv,MOVE_price,Earnings_Next_Date,Earnings_Days_To_Next,Earnings_Last_Date,Earnings_Days_Since,Earnings_Source,piotroski_roa_positive,piotroski_d_roa,piotroski_cfo_positive,piotroski_cfo_gt_ni,piotroski_d_leverage,piotroski_d_liquidity,piotroski_no_dilution,piotroski_d_margin,piotroski_d_turnover,roc_5d,roc_10d,roc_42d,roc_63d,vol_5d,vol_60d,high_20d,high_60d,high_252d,drawdown_20d,drawdown_60d,drawdown_252d
^GSPC,7748.5,7748.5,2026-08-12,False,7737.9501953125,7766.009765625,0.26,1.19,BAJO,,,,,,,,,,,,,,NONE,3.0953,4.353,2.2568,0.069071,5.607,0.2768,72.09,,999,,,none,,,,,,,,,,0.323,5.9095,4.7902,,6.4497,13.7865,7757.6401,7757.6401,,-0.1178,-0.1178,
^DJI,53770.26953125,53770.2695,2026-08-12,False,53731.9609375,53969.359375,-0.04,5.3,BAJO,,,,,,,,,,,,,,NONE,3.0953,4.353,2.2568,0.069071,5.607,0.2768,72.09,,999,,,none,,,,,,,,,,-1.0651,1.9393,5.8761,,4.0867,,54349.1211,54349.1211,,-1.0651,-1.0651,
^IXIC,26588.48828125,26588.4883,2026-08-12,False,26531.92578125,26688.240234375,0.54,-2.19,BAJO,,,,,,,,,,,,,,NONE,3.0953,4.353,2.2568,0.069071,5.607,0.2768,72.09,,999,,,none,,,,,,,,,,0.8536,6.8802,2.5408,,13.6925,,26690.6191,27093.9004,,-0.3826,-1.8654,
^RUT,3045.48291015625,3045.4829,2026-08-12,False,3029.558349609375,3051.023193359375,0.61,4.19,BAJO,,,,,,,,,,,,,,NONE,3.0953,4.353,2.2568,0.069071,5.607,0.2768,72.09,,999,,,none,,,,,,,,,,0.8709,3.1039,6.6562,,11.0675,,3045.4829,3045.4829,,0.0,0.0,
^VIX,14.550000190734863,14.55,2026-08-12,False,14.390000343322754,15.420000076293945,-4.78,-21.48,BAJO,,,,,,,,,,,,,,NONE,3.0953,4.353,2.2568,0.069071,5.607,0.2768,72.09,,999,,,none,,,,,,,,,,-7.9696,-20.0988,-23.0973,,56.0158,133.7369,20.66,22.22,,-29.5741,-34.5184,
^TNX,4.682000160217285,4.682,2026-08-12,False,4.645999908447266,4.688000202178955,-0.04,1.59,BAJO,,,,,,,,,,,,,,NONE,3.0953,4.353,2.2568,0.069071,5.607,0.2768,72.09,,999,,,none,,,,,,,,,,1.4078,1.2981,4.907,,8.3648,13.9744,4.745,4.745,,-1.3277,-1.3277,
^IRX,3.7070000171661377,3.707,2026-08-12,False,3.7049999237060547,3.7279999256134033,-0.62,0.07,BAJO,,,,,,,,,,,,,,NONE,3.0953,4.353,2.2568,0.069071,5.607,0.2768,72.09,,999,,,none,,,,,,,,,,-0.4832,1.3395,2.3185,,8.0264,10.1788,3.805,3.805,,-2.5756,-2.5756,
DX-Y.NYB,100.00700378417969,100.007,2026-08-12,False,99.91699981689453,100.02100372314453,0.19,-1.35,BAJO,,,,,,,,,,,,,,NONE,3.0953,4.353,2.2568,0.069071,5.607,0.2768,72.09,,999,,,none,,,,,,,,,,0.318,-1.3543,-0.043,,4.2623,,101.51,101.61,,-1.4806,-1.5776,
^N225,67524.0625,67524.0625,2026-08-12,False,66735.7578125,67569.359375,0.83,3.82,BAJO,,,,,,,,,,,,,,NONE,3.0953,4.353,2.2568,0.069071,5.607,0.2768,72.09,,999,,,none,,,,,,,,,,5.5764,8.2725,5.1494,6.7201,20.5358,34.9316,68751.5078,72366.3438,,-1.7853,-6.6913,
^MERV,2999524.0,2999524.0,2026-08-12,False,2991150.0,3042365.0,-0.76,6.64,BAJO,,,,,,,,,,,,,,NONE,3.0953,4.353,2.2568,0.069071,5.607,0.2768,72.09,,999,,,none,,,,,,,,,,-4.968,-7.2247,-10.5423,,28.4097,31.7128,3379772.0,3379772.0,,-11.2507,-11.2507,
^NYA,24758.62109375,24758.6211,2026-08-12,False,0.0,0.0,0.3,4.87,BAJO,,,,,,,,,,,,,,NONE,3.0953,4.353,2.2568,0.069071,5.607,0.2768,72.09,,999,,,none,,,,,,,,,,0.9987,2.1831,6.607,,2.4965,,24758.6211,24758.6211,,0.0,0.0,
^HSI,25440.169921875,25440.1699,2026-08-12,False,25323.330078125,25498.390625,-0.83,-6.49,BAJO,,,,,,,,,,,,,,NONE,3.0953,4.353,2.2568,0.069071,5.607,0.2768,72.09,,999,,,none,,,,,,,,,,-1.8354,0.5109,3.176,,16.5392,,26009.4004,26389.0391,,-2.1886,-3.5957,
^TWII,45518.0703125,45518.0703,2026-08-12,False,45175.69921875,45529.48046875,0.88,7.11,BAJO,,,,,,,,,,,,,,NONE,3.0953,4.353,2.2568,0.069071,5.607,0.2768,72.09,,999,,,none,,,,,,,,,,2.0319,9.4096,4.6326,,13.1341,39.2478,45631.5898,47741.5117,,-0.2488,-4.6572,
^KS11,6579.0400390625,6579.04,2026-08-12,False,6413.5,6668.43017578125,3.68,-19.03,BAJO,,,,,,,,,,,,,,NONE,3.0953,4.353,2.2568,0.069071,5.607,0.2768,72.09,,999,,,none,,,,,,,,,,-0.2913,9.22,-18.7465,,28.7991,,7475.9399,9114.5498,,-11.9972,-27.8183,
^GDAXI,26331.0703125,26331.0703,2026-08-12,False,26313.580078125,26573.5,-0.23,6.19,BAJO,,,,,,,,,,,,,,NONE,3.0953,4.353,2.2568,0.069071,5.607,0.2768,72.09,,999,,,none,,,,,,,,,,0.7838,3.405,8.8272,,6.1856,13.829,26391.4199,26391.4199,,-0.2287,-0.2287,
^FTSE,10833.2001953125,10833.2002,2026-08-12,False,10809.599609375,10863.7998046875,-0.1,2.02,BAJO,,,,,,,,,,,,,,NONE,3.0953,4.353,2.2568,0.069071,5.607,0.2768,72.09,,999,,,none,,,,,,,,,,-0.506,-0.3477,5.6403,,4.4146,9.6668,10908.4004,10908.4004,,-0.6894,-0.6894,
^AEX,1112.280029296875,1112.28,2026-08-12,False,1109.699951171875,1120.5699462890625,-0.4,7.21,BAJO,,,,,,,,,,,,,,NONE,3.0953,4.353,2.2568,0.069071,5.607,0.2768,72.09,,999,,,none,,,,,,,,,,0.0846,1.7546,3.4179,10.0788,4.958,10.702,1116.77,1116.77,,-0.4021,-0.4021,
^IBEX,20204.400390625,20204.4004,2026-08-12,False,20154.69921875,20307.599609375,-0.05,11.54,BAJO,,,,,,,,,,,,,,NONE,3.0953,4.353,2.2568,0.069071,5.607,0.2768,72.09,,999,,,none,,,,,,,,,,0.7349,4.0783,6.1602,14.6499,1.8268,14.4042,20213.5996,20213.5996,,-0.0455,-0.0455,
FTSEMIB.MI,53699.0,53699.0,2026-08-12,False,53637.0,53954.0,-0.01,22.99,BAJO,,,,,,,,,,,,,,YAHOO,3.0953,4.353,2.2568,0.069071,5.607,0.2768,72.09,,999,,,none,,,,,,,,,,0.4715,4.3854,3.594,9.331,1.2902,13.8795,53717.0,53717.0,53717.0,-0.0335,-0.0335,-0.0335
^SSMI,14449.4697265625,14449.4697,2026-08-12,False,14413.150390625,14555.5,-0.86,6.46,BAJO,,,,,,,,,,,,,,NONE,3.0953,4.353,2.2568,0.069071,5.607,0.2768,72.09,,999,,,none,,,,,,,,,,-0.7016,-0.8363,7.3246,,10.2623,10.459,14633.7002,14633.7002,,-1.2589,-1.2589,
^OMXC25,1873.5164794921875,1873.5165,2026-08-12,False,0.0,0.0,1.88,3.07,BAJO,,,,,,,,,,,,,,NONE,3.0953,4.353,2.2568,0.069071,5.607,0.2768,72.09,,999,,,none,,,,,,,,,,2.9784,1.2143,6.5982,,17.568,,1912.84,1912.84,,-2.0558,-2.0558,
^GSPTSE,36662.140625,36662.1406,2026-08-12,False,36499.83984375,36700.37109375,0.51,4.8,BAJO,,,,,,,,,,,,,,NONE,3.0953,4.353,2.2568,0.069071,5.607,0.2768,72.09,,999,,,none,,,,,,,,,,1.4268,2.5523,5.7414,,4.5152,11.5937,36662.1406,36662.1406,,0.0,0.0,
^AXJO,9209.400390625,9209.4004,2026-08-12,False,9185.5,9250.599609375,-0.45,3.81,BAJO,,,,,,,,,,,,,,NONE,3.0953,4.353,2.2568,0.069071,5.607,0.2768,72.09,,999,,,none,,,,,,,,,,-0.1994,1.8897,3.3139,6.5816,4.5191,11.2561,9271.5996,9271.5996,,-0.6709,-0.6709,
^MXX,65755.96875,65755.9688,2026-08-12,False,65404.51171875,66120.71875,0.29,-9.21,BAJO,,,,,,,,,,,,,,NONE,3.0953,4.353,2.2568,0.069071,5.607,0.2768,72.09,,999,,,none,,,,,,,,,,-1.1563,-1.0889,-3.5944,-3.2666,15.3724,15.0903,67307.5391,70021.3516,,-2.3052,-6.0915,
^BVSP,167491.0,167491.0,2026-08-12,False,167142.0,168310.0,-0.23,-8.32,BAJO,,,,,,,,,,,,,,NONE,3.0953,4.353,2.2568,0.069071,5.607,0.2768,72.09,,999,,,none,,,,,,,,,,-5.7589,-5.1392,-0.669,,18.1483,16.6539,178000.0,178000.0,,-5.9039,-5.9039,
HYG,79.61000061035156,79.61,2026-08-12,False,79.58999633789062,79.66000366210938,0.13,1.8,BAJO,,,,,,,,,,,,,,YAHOO,3.0953,4.353,2.2568,0.069071,5.607,0.2768,72.09,,999,,,none,,,,,,,,,,0.1132,0.9547,0.5346,1.1377,2.4355,3.3471,79.61,79.61,79.61,0.0,0.0,0.0
LQD,106.12000274658203,106.12,2026-08-12,False,106.08999633789062,106.39129638671875,0.12,-2.21,BAJO,,,,,,,,,,,,,,YAHOO,3.0953,4.353,2.2568,0.069071,5.607,0.2768,72.09,,999,,,none,,,,,,,,,,-0.5808,0.3384,-1.949,-1.1059,5.3585,5.2882,107.0964,108.8446,109.1732,-0.9117,-2.5032,-2.7967
TLT,82.11000061035156,82.11,2026-08-12,False,82.05000305175781,82.4749984741211,-0.1,-4.95,BAJO,,,-4109.5,0.55,,,,,,,,,,YAHOO,3.0953,4.353,2.2568,0.069071,5.607,0.2768,72.09,,999,,,none,,,,,,,,,,-1.0723,-0.4939,-3.7622,-2.2583,8.0612,9.0232,84.1809,86.7786,88.7882,-2.46,-5.3799,-7.5215
GC=F,4464.39990234375,4464.3999,2026-08-12,False,4456.5,4509.10009765625,1.86,-7.87,BAJO,,,,,,,,,,,,,,NONE,3.0953,4.353,2.2568,0.069071,5.607,0.2768,72.09,,999,,,none,,,,,,,,,,5.1486,10.6501,9.146,,15.0295,25.2,4464.3999,4560.5,,0.0,-2.1072,
HG=F,6.557000160217285,6.557,2026-08-12,False,6.548500061035156,6.624499797821045,-0.83,-4.08,BAJO,,,,,,,,,,,,,,NONE,3.0953,4.353,2.2568,0.069071,5.607,0.2768,72.09,,999,,,none,,,,,,,,,,-2.1781,4.519,4.7611,,15.8396,24.7876,6.703,6.703,,-2.1781,-2.1781,
CL=F,82.20999908447266,82.21,2026-08-12,False,81.9000015258789,82.8499984741211,-1.19,-21.52,BAJO,,,,,,,,,,,,,,NONE,3.0953,4.353,2.2568,0.069071,5.607,0.2768,72.09,,999,,,none,,,,,,,,,,9.2927,-2.664,-6.2707,,40.9782,56.4273,92.19,108.66,,-10.8255,-24.342,
ZS=F,1181.75,1181.75,2026-08-12,False,1180.25,1188.0,2.98,-5.66,BAJO,,,,,,,,,,,,,,NONE,3.0953,4.353,2.2568,0.069071,5.607,0.2768,72.09,,999,,,none,,,,,,,,,,2.627,0.3183,5.9865,,26.816,19.0604,1248.0,1248.0,,-5.3085,-5.3085,
ZC=F,477.75,477.75,2026-08-12,False,477.0,481.0,9.39,-0.49,BAJO,,,,,,,,,,,,,,NONE,3.0953,4.353,2.2568,0.069071,5.607,0.2768,72.09,,999,,,none,,,,,,,,,,9.3875,6.4031,16.0291,,75.9011,30.3275,477.75,477.75,,0.0,0.0,
BTC-USD,63551.875,63551.875,2026-08-11,False,63185.47265625,64433.6796875,-0.56,-33.93,BAJO,1274350403584.0,,,,,,,,,,,,,YAHOO,3.0953,4.353,2.2568,0.069071,5.607,0.2768,72.09,,999,,,none,,,,,,,,,,-1.1052,1.2564,8.5265,3.0954,10.6238,24.1778,65340.3008,66505.125,96929.3281,-2.7371,-4.4406,-34.4348
ETH-USD,1881.37353515625,1881.3735,2026-08-11,False,1852.84033203125,1895.7493896484375,0.54,-42.87,BAJO,226853994496.0,,,,,,,,,,,,,YAHOO,3.0953,4.353,2.2568,0.069071,5.607,0.2768,72.09,,999,,,none,,,,,,,,,,-1.0875,2.059,19.8645,14.8785,17.3514,34.9147,1953.4113,1953.4113,3354.7227,-3.6878,-3.6878,-43.9187
IBIT,35.88999938964844,35.89,2026-08-12,False,35.79999923706055,36.2599983215332,-0.14,-51.51,BAJO,,,,,,,,,,,,,,YAHOO,3.0953,4.353,2.2568,0.069071,5.607,0.2768,72.09,,999,,,none,,,,,,,,,,-2.3136,-0.3056,-0.4438,-21.6376,16.1613,36.2695,37.67,44.0,71.29,-4.7252,-18.4318,-49.6563
SPY,772.489990234375,772.49,2026-08-12,False,771.2899780273438,774.8699951171875,0.25,18.21,BAJO,,25.96,,1.8,,,,,,,,,,YAHOO,3.0953,4.353,2.2568,0.069071,5.607,0.2768,72.09,,999,,,none,,,,,,,,,,0.3507,5.8989,4.9772,4.9175,6.3098,14.0639,773.26,773.26,773.26,-0.0996,-0.0996,-0.0996
QQQ,723.7000122070312,723.7,2026-08-12,False,722.9199829101562,727.25,0.73,22.4,BAJO,,30.72,,2.01,,,,,,,,,,YAHOO,3.0953,4.353,2.2568,0.069071,5.607,0.2768,72.09,,999,,,none,,,,,,,,,,0.8922,9.3649,1.0285,2.4398,11.9794,26.4031,723.85,745.3409,745.3409,-0.0207,-2.9035,-2.9035
DIA,537.1500244140625,537.15,2026-08-12,False,536.8599853515625,539.1849975585938,-0.02,18.42,BAJO,,22.32,,,,,,,,,,,,YAHOO,3.0953,4.353,2.2568,0.069071,5.607,0.2768,72.09,,999,,,none,,,,,,,,,,-1.0427,4.218,5.7737,8.2701,3.8472,12.8293,542.81,542.81,542.81,-1.0427,-1.0427,-1.0427
IWM,302.7099914550781,302.71,2026-08-12,False,301.0,303.3999938964844,0.57,29.38,BAJO,,18.66,,1.38,,,,,,,,,,YAHOO,3.0953,4.353,2.2568,0.069071,5.607,0.2768,72.09,,999,,,none,,,,,,,,,,0.9808,4.9,4.4833,7.3822,10.7981,17.8494,302.71,302.71,302.71,0.0,0.0,0.0
GLD,404.9200134277344,404.92,2026-08-12,False,403.2200012207031,407.2799987792969,0.99,28.05,BAJO,,,,2.36,,,,,,,,,,YAHOO,3.0953,4.353,2.2568,0.069071,5.607,0.2768,72.09,,999,,,none,,,,,,,,,,3.9216,9.1193,4.8147,-6.4699,17.1933,25.4768,404.92,418.43,495.9,0.0,-3.2287,-18.3464
SLV,59.060001373291016,59.06,2026-08-12,False,58.790000915527344,59.95500183105469,0.87,65.84,BAJO,,,,,,,,,,,,,,YAHOO,3.0953,4.353,2.2568,0.069071,5.607,0.2768,72.09,,999,,,none,,,,,,,,,,5.3326,14.0815,-2.8938,-24.8122,34.8939,44.7168,59.41,69.94,105.6,-0.5891,-15.5562,-44.072
XLY,117.88999938964844,117.89,2026-08-12,False,117.55000305175781,119.31999969482422,-1.13,0.48,BAJO,,27.14,,,,,,,,,,,,YAHOO,3.0953,4.353,2.2568,0.069071,5.607,0.2768,72.09,,999,,,none,,,,,,,,,,-0.6322,5.6267,1.5691,-0.1396,17.5113,22.478,119.86,121.8173,124.0232,-1.6436,-3.2239,-4.9452
XLV,168.44000244140625,168.44,2026-08-12,False,165.7899932861328,168.875,0.26,25.68,BAJO,,29.94,,,,,,,,,,,,YAHOO,3.0953,4.353,2.2568,0.069071,5.607,0.2768,72.09,,999,,,none,,,,,,,,,,2.6072,1.3234,9.7948,15.9978,12.9867,18.551,168.44,168.44,168.44,0.0,0.0,0.0
XLRE,44.4900016784668,44.49,2026-08-12,False,44.099998474121094,44.53499984741211,0.93,8.4,BAJO,,31.96,,,,,,,,,,,,YAHOO,3.0953,4.353,2.2568,0.069071,5.607,0.2768,72.09,,999,,,none,,,,,,,,,,-1.5708,-3.1984,-0.0893,0.6726,16.0546,16.0176,46.01,46.01,46.01,-3.3036,-3.3036,-3.3036
XLK,188.86000061035156,188.86,2026-08-12,False,188.33999633789062,189.58999633789062,1.49,38.62,BAJO,,35.75,,,,,,,,,,,,YAHOO,3.0953,4.353,2.2568,0.069071,5.607,0.2768,72.09,,999,,,none,,,,,,,,,,1.5868,13.3818,3.2068,7.9253,18.5963,36.0237,188.86,197.974,197.974,0.0,-4.6036,-4.6036
XLI,185.8800048828125,185.88,2026-08-12,False,185.14999389648438,187.38999938964844,0.1,20.58,BAJO,,30.79,,1.89,,,,,,,,,,YAHOO,3.0953,4.353,2.2568,0.069071,5.607,0.2768,72.09,,999,,,none,,,,,,,,,,-0.2522,5.2191,6.3873,6.8754,5.9548,18.8226,186.4,186.4,186.4,-0.279,-0.279,-0.279
XLF,57.91999816894531,57.92,2026-08-12,False,57.68000030517578,58.0,0.21,8.58,BAJO,,16.92,,1.7,,,,,,,,,,YAHOO,3.0953,4.353,2.2568,0.069071,5.607,0.2768,72.09,,999,,,none,,,,,,,,,,-0.1379,2.1877,10.4578,12.6849,5.0125,13.3909,58.0,58.0,58.0,-0.1379,-0.1379,-0.1379
XLE,61.029998779296875,61.03,2026-08-12,False,60.334999084472656,61.16999816894531,0.16,44.07,BAJO,,20.54,,1.17,,,,,,,,,,YAHOO,3.0953,4.353,2.2568,0.069071,5.607,0.2768,72.09,,999,,,none,,,,,,,,,,6.491,4.058,7.6158,6.7746,39.4202,24.369,61.03,61.03,62.1121,0.0,0.0,-1.7421
XLC,110.2699966430664,110.27,2026-08-12,False,109.8949966430664,111.42489624023438,-0.9,-2.41,BAJO,,16.11,,,,,,,,,,,,YAHOO,3.0953,4.353,2.2568,0.069071,5.607,0.2768,72.09,,999,,,none,,,,,,,,,,-0.5412,0.694,-1.3942,-4.5772,9.9056,19.283,112.65,116.6765,119.3874,-2.1127,-5.4908,-7.6369
XLB,52.58000183105469,52.58,2026-08-12,False,52.53499984741211,53.470001220703125,-1.24,18.57,BAJO,,26.06,,0.67,,,,,,,,,,YAHOO,3.0953,4.353,2.2568,0.069071,5.607,0.2768,72.09,,999,,,none,,,,,,,,,,-0.114,0.4585,3.9523,2.3001,17.1582,20.4262,53.24,53.24,,-1.2397,-1.2397,
XLP,85.08000183105469,85.08,2026-08-12,False,84.01000213623047,85.125,0.46,2.92,BAJO,,26.02,,1.24,,,,,,,,,,YAHOO,3.0953,4.353,2.2568,0.069071,5.607,0.2768,72.09,,999,,,none,,,,,,,,,,-0.293,-2.6099,0.4695,1.4571,5.387,17.129,87.36,87.36,88.8894,-2.6099,-2.6099,-4.2856
XLU,43.84000015258789,43.84,2026-08-12,False,43.63999938964844,43.95500183105469,0.48,1.33,BAJO,,19.86,,0.68,,,,,,,,,,YAHOO,3.0953,4.353,2.2568,0.069071,5.607,0.2768,72.09,,999,,,none,,,,,,,,,,0.4123,-2.3825,0.1588,-2.3679,15.2865,16.0015,46.29,46.29,47.0979,-5.2927,-5.2927,-6.9172
PSQ,25.5,25.5,2026-08-12,False,25.3799991607666,25.540000915527344,-0.74,-20.7,BAJO,,,,,,,,,,,,,,YAHOO,3.0953,4.353,2.2568,0.069071,5.607,0.2768,72.09,,999,,,none,,,,,,,,,,-0.8168,-8.6349,-1.0913,-2.4046,11.2299,26.2623,27.91,27.91,33.0172,-8.6349,-8.6349,-22.7675
EWZ,33.86000061035156,33.86,2026-08-12,False,33.814998626708984,34.099998474121094,-0.35,21.72,BAJO,,10.69,,0.93,,,,,,,,,,YAHOO,3.0953,4.353,2.2568,0.069071,5.607,0.2768,72.09,,999,,,none,,,,,,,,,,-6.231,-4.539,1.1911,-11.5821,22.8383,22.6961,36.65,36.661,,-7.6126,-7.6402,
FXI,35.22999954223633,35.23,2026-08-12,False,35.154998779296875,35.349998474121094,-1.21,-11.11,BAJO,,9.68,,,,,,,,,,,,YAHOO,3.0953,4.353,2.2568,0.069071,5.607,0.2768,72.09,,999,,,none,,,,,,,,,,-2.3559,-2.464,1.6744,-4.9169,23.902,19.7137,36.52,36.52,40.9939,-3.5323,-3.5323,-14.0603
COPX,88.30000305175781,88.3,2026-08-12,False,88.24500274658203,90.25,-0.33,88.97,BAJO,,19.05,,,,,,,,,,,,YAHOO,3.0953,4.353,2.2568,0.069071,5.607,0.2768,72.09,,999,,,none,,,,,,,,,,1.822,15.9706,6.5417,-2.3906,24.9399,52.0502,89.51,93.3428,95.3759,-1.3518,-5.4025,-7.4189
URA,45.20000076293945,45.2,2026-08-12,False,45.060001373291016,45.97999954223633,0.07,17.14,BAJO,,29.84,,,,,,,,,,,,YAHOO,3.0953,4.353,2.2568,0.069071,5.607,0.2768,72.09,,999,,,none,,,,,,,,,,5.3859,20.4691,0.8253,-16.8353,35.3628,49.2459,45.2,53.42,61.81,0.0,-15.3875,-26.8727
ARKK,81.37000274658203,81.37,2026-08-12,False,80.58499908447266,82.0199966430664,0.96,3.08,BAJO,,52.02,,,,,,,,,,,,YAHOO,3.0953,4.353,2.2568,0.069071,5.607,0.2768,72.09,,999,,,none,,,,,,,,,,6.8128,15.2876,11.4505,1.6744,33.1407,38.8982,81.37,83.61,,0.0,-2.6791,
ITA,251.6199951171875,251.62,2026-08-12,False,249.63999938964844,252.75,-0.11,25.6,BAJO,,38.52,,,,,,,,,,,,YAHOO,3.0953,4.353,2.2568,0.069071,5.607,0.2768,72.09,,999,,,none,,,,,,,,,,-0.2616,6.5013,6.6754,11.716,3.1188,24.6596,252.28,252.28,252.28,-0.2616,-0.2616,-0.2616
SMH,584.8300170898438,584.83,2026-08-12,False,583.7899780273438,590.5700073242188,2.08,91.82,BAJO,,40.64,,,,,,,,,,,,YAHOO,3.0953,4.353,2.2568,0.069071,5.607,0.2768,72.09,,999,,,none,,,,,,,,,,2.6558,15.9871,-4.0397,4.2013,32.1948,55.0759,586.91,668.91,668.91,-0.3544,-12.5697,-12.5697
EEM,66.45999908447266,66.46,2026-08-12,False,66.19499969482422,66.66999816894531,1.57,31.28,BAJO,,16.98,,,,,,,,,,,,YAHOO,3.0953,4.353,2.2568,0.069071,5.607,0.2768,72.09,,999,,,none,,,,,,,,,,1.126,8.8259,-1.029,1.4972,15.4385,33.4817,66.46,71.21,71.21,0.0,-6.6704,-6.6704
AAPL,302.25,302.25,2026-08-12,False,300.57000732421875,305.6600036621094,-0.87,27.12,BAJO,4449911701504.0,34.97,32.07,41.43,148.75,27.08,32.62,27.62,2.42,26.62,0.78,1.0,8.0,YAHOO,3.0953,4.353,2.2568,0.069071,5.607,0.2768,72.09,2026-10-29,78,2026-07-30,13.0,yahoo,1.0,1.0,1.0,0.0,1.0,1.0,1.0,1.0,1.0,-2.7297,-10.5501,2.3275,2.6156,12.3747,32.5606,339.7869,339.7869,339.7869,-11.0472,-11.0472,-11.0472
MSFT,492.42999267578125,492.43,2026-08-12,False,491.5199890136719,501.5,-2.26,-7.55,BAJO,3741064101888.0,28.04,21.39,8.46,34.04,14.09,45.11,40.3,0.44,19.61,0.29,1.23,6.0,YAHOO,3.0953,4.353,2.2568,0.069071,5.607,0.2768,72.09,2026-10-28,77,2026-07-29,14.0,yahoo,1.0,1.0,1.0,1.0,1.0,0.0,1.0,0.0,0.0,1.0196,26.0895,26.1541,21.0233,22.8927,47.5633,506.06,506.06,538.6586,-2.6934,-2.6934,-8.5822
NVDA,224.08999633789062,224.09,2026-08-12,False,220.1999969482422,225.10000610351562,3.03,20.67,BAJO,5268067319808.0,33.31,16.87,26.95,114.29,52.73,65.6,62.97,0.88,31.56,0.07,3.44,4.0,YAHOO,3.0953,4.353,2.2568,0.069071,5.607,0.2768,72.09,2026-08-26,14,,,yahoo,1.0,0.0,1.0,0.0,1.0,0.0,1.0,0.0,0.0,2.2215,17.9359,9.3816,1.6175,42.0659,40.6075,224.09,224.0988,235.4656,0.0,-0.0039,-4.8311
META,578.8499755859375,578.85,2026-08-12,False,578.25,604.4990234375,-3.38,-28.45,BAJO,1526261874688.0,22.58,17.17,5.84,29.85,14.59,34.83,29.83,1.41,14.02,0.43,2.23,5.0,YAHOO,3.0953,4.353,2.2568,0.069071,5.607,0.2768,72.09,2026-10-28,77,2026-07-29,14.0,yahoo,1.0,0.0,1.0,1.0,0.0,0.0,1.0,1.0,0.0,-1.6849,-1.1544,1.9275,-3.916,31.0475,47.8636,664.54,681.31,787.4192,-12.8946,-15.0387,-26.4877
GOOGL,343.5400085449219,343.54,2026-08-12,False,340.8800048828125,346.4800109863281,-0.08,67.69,BAJO,4204651610112.0,17.27,23.33,6.75,48.68,12.96,34.03,54.77,0.54,24.65,0.19,2.72,6.0,YAHOO,3.0953,4.353,2.2568,0.069071,5.607,0.2768,72.09,2026-10-28,77,2026-07-22,21.0,yahoo,1.0,0.0,1.0,1.0,0.0,1.0,1.0,1.0,0.0,-5.212,2.0285,-3.9774,-11.2572,32.4695,38.5633,377.65,396.7031,402.3797,-9.0322,-13.4012,-14.6229
AMZN,267.2799987792969,267.28,2026-08-12,False,267.1000061035156,273.4599914550781,-1.83,16.12,BAJO,2936789270528.0,21.9,26.36,5.32,30.56,6.59,13.69,17.44,0.11,18.52,0.46,1.03,6.0,YAHOO,3.0953,4.353,2.2568,0.069071,5.607,0.2768,72.09,2026-10-29,78,2026-07-30,13.0,yahoo,1.0,1.0,1.0,1.0,1.0,0.0,0.0,1.0,0.0,-1.9696,17.9263,10.6704,0.5492,27.9922,45.7645,284.02,284.02,284.02,-5.8939,-5.8939,-5.8939
TSLA,327.510009765625,327.51,2026-08-12,False,323.6400146484375,335.5,-1.59,-6.4,BAJO,1314448867328.0,305.33,149.97,15.13,4.67,1.93,1.41,3.67,0.37,119.02,0.18,1.94,5.0,YAHOO,3.0953,4.353,2.2568,0.069071,5.607,0.2768,72.09,2026-10-21,70,2026-07-22,21.0,yahoo,1.0,0.0,1.0,1.0,0.0,1.0,0.0,1.0,0.0,1.8535,9.7848,-17.9481,-24.4411,28.6865,55.8253,391.06,442.1,489.88,-16.2507,-25.9195,-33.1449
MSTR,94.83000183105469,94.83,2026-08-12,False,94.5999984741211,97.87999725341797,-1.31,-78.58,BAJO,37842427904.0,,1.94,1.16,-63.56,-38.73,-6808.11,0.0,-59.69,-1.53,0.15,5.39,3.0,YAHOO,3.0953,4.353,2.2568,0.069071,5.607,0.2768,72.09,2026-10-29,78,2026-07-30,13.0,yahoo,0.0,0.0,0.0,1.0,1.0,1.0,0.0,0.0,0.0,-3.5987,1.6072,-21.0737,-48.5793,41.1586,75.4614,101.95,166.63,394.39,-6.9838,-43.0895,-75.9553
PLTR,171.0399932861328,171.04,2026-08-12,False,168.33999633789062,175.08999633789062,-2.23,-10.13,BAJO,420391059456.0,149.52,75.59,42.95,38.1,17.29,47.12,49.01,0.51,154.74,0.02,7.23,8.0,YAHOO,3.0953,4.353,2.2568,0.069071,5.607,0.2768,72.09,2026-11-02,82,2026-08-03,9.0,yahoo,1.0,1.0,1.0,1.0,1.0,1.0,0.0,1.0,1.0,7.9594,39.0569,30.4852,25.7647,87.4292,84.8368,175.23,175.23,207.18,-2.3911,-2.3911,-17.4438
SNOW,332.260009765625,332.26,2026-08-12,False,329.0400085449219,341.9497985839844,-0.56,65.87,BAJO,115812925440.0,,123.81,59.71,-54.87,-9.68,-22.17,-23.79,1.5,-102.63,1.43,1.05,5.0,YAHOO,3.0953,4.353,2.2568,0.069071,5.607,0.2768,72.09,2026-09-02,21,,,yahoo,0.0,0.0,1.0,1.0,1.0,0.0,0.0,1.0,1.0,4.8668,17.4479,38.2171,118.6209,32.2675,88.6006,334.7,334.7,334.7,-0.729,-0.729,-0.729
CRWD,221.77999877929688,221.78,2026-08-12,False,217.88999938964844,224.90499877929688,-0.05,102.39,BAJO,225951727616.0,,141.86,48.76,-0.25,-1.0,-2.21,-0.6,0.85,3746.89,0.18,1.53,4.0,YAHOO,3.0953,4.353,2.2568,0.069071,5.607,0.2768,72.09,2026-08-26,14,,,yahoo,0.0,0.0,1.0,1.0,1.0,1.0,0.0,0.0,0.0,5.68,23.637,28.2837,62.4226,47.4356,56.2144,225.16,225.16,225.16,-1.5012,-1.5012,-1.5012
PANW,387.010009765625,387.01,2026-08-12,False,376.3299865722656,389.25,0.84,115.92,BAJO,312797003776.0,330.86,93.03,11.28,4.83,1.77,-2.46,7.95,1.14,210.19,0.08,0.86,5.0,YAHOO,3.0953,4.353,2.2568,0.069071,5.607,0.2768,72.09,2026-09-01,20,,,yahoo,1.0,0.0,1.0,1.0,1.0,1.0,0.0,0.0,0.0,6.7143,23.1927,38.4503,79.5037,42.9006,54.1781,387.01,387.01,387.01,0.0,0.0,0.0
ADBE,258.75,258.75,2026-08-12,False,255.10020446777344,263.260009765625,-1.88,-29.2,BAJO,104824725504.0,15.1,9.59,9.14,62.95,19.93,35.33,28.69,8.79,10.92,0.61,0.75,7.0,YAHOO,3.0953,4.353,2.2568,0.069071,5.607,0.2768,72.09,2026-09-10,29,,,yahoo,1.0,1.0,1.0,1.0,0.0,0.0,1.0,1.0,1.0,-0.2198,-1.7766,18.2587,7.4409,47.7645,51.7327,272.96,274.03,367.46,-5.2059,-5.576,-29.5842
CRM,193.32000732421875,193.32,2026-08-12,False,191.77999877929688,196.5,-2.1,-20.65,BAJO,,22.88,12.73,4.72,16.91,5.7,21.8,18.73,,14.92,1.24,0.79,7.0,YAHOO,3.0953,4.353,2.2568,0.069071,5.607,0.2768,72.09,2026-08-26,14,,,yahoo,1.0,1.0,1.0,1.0,0.0,0.0,1.0,1.0,1.0,0.1762,2.6224,16.143,13.1393,38.4603,50.3116,197.51,209.0604,264.8822,-2.1214,-7.5291,-27.0166
MU,911.2899780273438,911.29,2026-08-12,False,899.5399780273438,935.7999877929688,4.92,631.59,BAJO,,19.62,5.61,9.74,66.64,34.87,80.37,55.91,,14.09,0.06,3.42,7.0,YAHOO,3.0953,4.353,2.2568,0.069071,5.607,0.2768,72.09,2026-09-23,42,,,yahoo,1.0,1.0,1.0,1.0,1.0,0.0,0.0,1.0,1.0,2.0264,23.3139,-8.479,18.8956,46.5249,112.4674,990.21,1213.3734,1213.3734,-7.97,-24.8962,-24.8962
INTC,100.94999694824219,100.95,2026-08-12,False,100.12319946289062,103.1500015258789,3.32,351.42,BAJO,492849201152.0,,47.19,5.63,-10.71,1.41,12.19,-19.79,0.99,31.37,0.49,1.6,6.0,YAHOO,3.0953,4.353,2.2568,0.069071,5.607,0.2768,72.09,2026-10-22,71,2026-07-23,20.0,yahoo,0.0,1.0,1.0,1.0,1.0,1.0,0.0,1.0,0.0,-0.1088,23.2902,-13.6884,-16.3005,50.635,85.4039,105.45,140.94,140.94,-4.2674,-28.3738,-28.3738
AMAT,548.1500244140625,548.15,2026-08-12,False,544.89501953125,553.75,4.29,187.67,BAJO,417312997376.0,49.35,30.46,17.45,39.69,14.86,31.9,29.31,0.73,44.89,0.3,2.51,6.0,YAHOO,3.0953,4.353,2.2568,0.069071,5.607,0.2768,72.09,2026-08-13,1,,,yahoo,1.0,0.0,1.0,1.0,0.0,1.0,1.0,1.0,0.0,2.6037,25.5929,-0.8125,27.28,49.9213,86.4402,564.55,723.0,723.0,-2.905,-24.184,-24.184
TXN,276.5899963378906,276.59,2026-08-12,False,276.3550109863281,289.6199951171875,-1.65,43.9,BAJO,256841760768.0,42.68,27.03,14.26,35.18,13.06,42.58,31.11,1.38,27.72,0.78,4.86,7.0,YAHOO,3.0953,4.353,2.2568,0.069071,5.607,0.2768,72.09,2026-10-27,76,2026-07-22,21.0,yahoo,1.0,1.0,1.0,1.0,0.0,1.0,1.0,0.0,1.0,-0.4069,2.4719,-6.4267,-5.8149,34.5702,51.4857,292.6914,330.5874,330.5874,-5.5012,-16.3338,-16.3338
TSM,429.1499938964844,429.15,2026-08-12,False,427.0199890136719,433.2799987792969,1.68,76.81,BAJO,2189003194368.0,36.96,19.39,88.02,39.97,19.01,60.34,49.92,33.76,4.73,0.15,2.46,9.0,YAHOO,3.0953,4.353,2.2568,0.069071,5.607,0.2768,72.09,2026-10-15,64,2026-07-16,27.0,yahoo,1.0,1.0,1.0,1.0,1.0,1.0,1.0,1.0,1.0,3.6594,14.5408,1.9189,8.275,13.5819,49.5739,429.15,477.57,477.57,0.0,-10.1388,-10.1388
AMD,482.92999267578125,482.93,2026-08-12,False,480.8800048828125,491.6899108886719,1.82,158.96,BAJO,774315573248.0,121.62,30.68,11.52,10.2,5.13,17.25,15.58,1.14,79.24,0.06,2.61,7.0,YAHOO,3.0953,4.353,2.2568,0.069071,5.607,0.2768,72.09,2026-11-03,83,2026-08-04,8.0,yahoo,1.0,1.0,1.0,1.0,0.0,1.0,0.0,1.0,1.0,0.1826,12.4243,-1.1301,7.7271,33.7444,79.6917,552.33,580.91,580.91,-12.565,-16.8666,-16.8666
ASML,1810.0699462890625,1810.0699,2026-08-12,False,1807.3800048828125,1845.0,0.59,138.24,BAJO,691141869568.0,61.41,30.28,1522.0,53.94,16.45,37.06,30.11,1.22,2846.24,0.09,1.33,8.0,YAHOO,3.0953,4.353,2.2568,0.069071,5.607,0.2768,72.09,2026-10-14,63,2026-07-15,28.0,yahoo,1.0,1.0,1.0,1.0,1.0,0.0,1.0,1.0,1.0,7.8565,16.7267,-4.5838,19.1639,29.3653,57.5082,1810.0699,1986.8704,1986.8704,0.0,-8.8984,-8.8984
MRVL,217.0800018310547,217.08,2026-08-12,False,216.8800048828125,226.8800048828125,2.25,171.36,BAJO,190557667328.0,72.71,34.01,10.21,16.03,3.81,14.48,28.99,1.19,67.8,0.29,3.28,8.0,YAHOO,3.0953,4.353,2.2568,0.069071,5.607,0.2768,72.09,2026-08-27,15,,,yahoo,1.0,1.0,1.0,0.0,1.0,1.0,1.0,1.0,1.0,2.8718,32.8519,-22.6484,31.9961,59.578,120.7738,218.72,316.352,316.352,-0.7498,-31.3802,-31.3802
QCOM,163.07000732421875,163.07,2026-08-12,False,161.0709991455078,166.94000244140625,0.24,3.43,BAJO,170813997056.0,18.57,15.92,6.22,33.75,11.61,18.53,21.01,6.0,14.82,0.55,2.02,6.0,YAHOO,3.0953,4.353,2.2568,0.069071,5.607,0.2768,72.09,2026-10-29,78,2026-07-29,14.0,yahoo,1.0,0.0,1.0,1.0,0.0,1.0,1.0,0.0,1.0,3.5168,4.7469,-19.6541,-22.1757,52.256,70.773,175.63,250.0963,250.0963,-7.1514,-34.7971,-34.7971
COIN,149.0399932861328,149.04,2026-08-12,False,147.5,151.5,0.31,-57.32,BAJO,39200890880.0,,48.95,3.0,-7.85,1.12,-13.92,-16.34,6.81,53.01,0.51,2.42,4.0,YAHOO,3.0953,4.353,2.2568,0.069071,5.607,0.2768,72.09,2026-10-29,78,2026-07-30,13.0,yahoo,1.0,0.0,1.0,1.0,0.0,1.0,0.0,0.0,0.0,-0.5671,-6.9024,-7.0997,-28.2219,58.1821,64.4889,175.85,193.56,387.27,-15.246,-23.0006,-61.5152
SHOP,150.41000366210938,150.41,2026-08-12,False,148.69500732421875,153.47140502929688,-1.44,-2.69,BAJO,198035079168.0,103.82,62.62,15.88,15.54,10.19,17.55,14.53,0.8,79.99,0.01,5.35,5.0,YAHOO,3.0953,4.353,2.2568,0.069071,5.607,0.2768,72.09,2026-11-03,83,2026-08-05,7.0,yahoo,1.0,0.0,1.0,1.0,0.0,1.0,0.0,0.0,1.0,4.2776,16.4435,36.1546,50.6511,38.069,63.968,155.18,155.18,179.01,-3.0738,-3.0738,-15.9768
RBLX,35.540000915527344,35.54,2026-08-12,False,35.15999984741211,36.54999923706055,-1.88,-74.87,BAJO,25874698240.0,,-29.61,170.05,-432.28,-7.73,-13.27,-17.61,5.71,-29.95,14.23,0.82,6.0,YAHOO,3.0953,4.353,2.2568,0.069071,5.607,0.2768,72.09,2026-10-29,78,2026-07-30,13.0,yahoo,0.0,1.0,1.0,1.0,1.0,0.0,0.0,1.0,1.0,-1.7961,-29.1043,-18.2801,-14.4439,54.6719,83.7527,54.01,57.95,141.56,-34.1974,-38.6713,-74.894
UBER,75.36000061035156,75.36,2026-08-12,False,74.87999725341797,78.55000305175781,-4.05,-19.93,BAJO,160422674432.0,17.22,17.85,6.46,37.16,6.88,13.32,17.34,4.52,22.86,0.52,0.84,6.0,YAHOO,3.0953,4.353,2.2568,0.069071,5.607,0.2768,72.09,2026-11-03,83,2026-08-05,7.0,yahoo,1.0,0.0,1.0,1.0,0.0,1.0,1.0,1.0,0.0,10.5309,5.8427,8.3537,-1.3096,72.2236,42.5772,78.54,78.54,100.1,-4.0489,-4.0489,-24.7153
HPQ,29.280000686645508,29.28,2026-08-12,False,28.30500030517578,29.334999084472656,0.72,10.52,BAJO,,10.77,9.66,-185.16,,5.88,7.11,4.45,,7.16,,0.79,5.0,YAHOO,3.0953,4.353,2.2568,0.069071,5.607,0.2768,72.09,2026-08-26,14,,,yahoo,1.0,0.0,1.0,1.0,0.0,1.0,1.0,0.0,0.0,2.6648,3.0623,18.6386,40.5906,62.8968,59.2219,30.05,30.05,30.05,-2.5624,-2.5624,-2.5624
BIDU,104.83999633789062,104.84,2026-08-12,False,103.44999694824219,105.0,-1.04,12.22,BAJO,35933421568.0,,12.47,0.9,0.32,1.25,9.96,1.02,22.15,1.56,0.32,1.85,2.0,YAHOO,3.0953,4.353,2.2568,0.069071,5.607,0.2768,72.09,2026-08-18,6,,,yahoo,1.0,0.0,0.0,0.0,0.0,0.0,1.0,0.0,0.0,-5.6431,-0.4085,-9.7063,-25.0822,25.1573,42.2508,113.06,137.71,162.52,-7.2705,-23.869,-35.491
SPOT,489.6000061035156,489.6,2026-08-12,False,483.2799987792969,501.8599853515625,-2.28,-32.45,BAJO,102997688320.0,27.27,27.95,11.14,44.48,12.19,13.71,18.43,1.5,35.96,0.06,2.11,5.0,YAHOO,3.0953,4.353,2.2568,0.069071,5.607,0.2768,72.09,2026-11-03,83,2026-08-04,8.0,yahoo,1.0,1.0,1.0,1.0,0.0,0.0,0.0,1.0,0.0,1.5283,-6.5667,0.7407,13.1369,56.6226,45.9331,524.01,529.71,738.53,-6.5667,-7.5721,-33.7061
AVGO,416.04998779296875,416.05,2026-08-12,False,414.6099853515625,426.5,-0.01,32.69,BAJO,1979533885440.0,69.35,21.3,22.58,37.28,12.12,48.99,38.85,1.37,48.11,0.74,2.24,8.0,YAHOO,3.0953,4.353,2.2568,0.069071,5.607,0.2768,72.09,2026-09-02,21,,,yahoo,1.0,1.0,1.0,1.0,1.0,1.0,0.0,1.0,1.0,-0.5331,12.3488,8.076,-0.6181,23.2902,53.8601,427.76,480.8091,480.8091,-2.7375,-13.4688,-13.4688
ACN,180.13999938964844,180.14,2026-08-12,False,173.82000732421875,180.14500427246094,0.18,-28.07,BAJO,110039433216.0,14.37,12.25,3.45,24.41,10.9,16.96,10.66,10.99,8.49,0.25,1.34,5.0,YAHOO,3.0953,4.353,2.2568,0.069071,5.607,0.2768,72.09,2026-10-01,50,,,yahoo,1.0,0.0,1.0,1.0,0.0,1.0,1.0,0.0,0.0,5.5116,4.0249,8.8264,7.3841,16.8947,60.9493,180.14,194.2542,282.7143,0.0,-7.2659,-36.282
NFLX,74.20999908447266,74.21,2026-08-12,False,73.57019805908203,74.66999816894531,-0.78,-41.29,BAJO,311421042688.0,23.52,19.6,10.33,49.54,16.08,33.38,28.22,8.15,21.66,0.55,1.14,7.0,YAHOO,3.0953,4.353,2.2568,0.069071,5.607,0.2768,72.09,2026-10-20,69,2026-07-16,27.0,yahoo,1.0,1.0,1.0,0.0,1.0,0.0,1.0,1.0,1.0,0.0135,0.7877,-8.6871,-15.3434,33.1747,33.3271,76.29,89.65,126.325,-2.7264,-17.2225,-41.2547
NIO,4.539999961853027,4.54,2026-08-12,False,4.53000020980835,4.599999904632568,-1.73,-4.63,BAJO,,,26.55,17.84,-83.96,-4.42,-1.21,-9.09,,-35.12,1.83,1.01,6.0,YAHOO,3.0953,4.353,2.2568,0.069071,5.607,0.2768,72.09,2026-09-01,20,,,yahoo,0.0,1.0,1.0,1.0,1.0,0.0,0.0,1.0,1.0,-2.3656,-4.6219,-13.1931,-25.3289,51.8432,45.6065,4.99,6.01,7.89,-9.018,-24.4592,-42.4588
BABA,125.22000122070312,125.22,2026-08-12,False,123.69999694824219,125.69000244140625,-2.06,-3.29,BAJO,306440306688.0,19.61,14.1,1.89,9.22,2.12,1.01,10.12,-14.38,2.98,0.25,1.28,3.0,YAHOO,3.0953,4.353,2.2568,0.069071,5.607,0.2768,72.09,2026-08-20,8,,,yahoo,1.0,0.0,1.0,0.0,0.0,0.0,1.0,0.0,0.0,-2.5753,8.8586,11.119,-6.2398,46.9028,42.1328,132.32,134.4056,187.6169,-5.3658,-6.8343,-33.2576
PDD,89.03500366210938,89.035,2026-08-12,False,87.87999725341797,90.0,-1.62,-26.56,BAJO,128817381376.0,9.47,7.39,2.03,25.4,10.33,18.42,21.62,55.62,-3.13,0.01,2.54,4.0,YAHOO,3.0953,4.353,2.2568,0.069071,5.607,0.2768,72.09,2026-08-25,13,,,yahoo,1.0,0.0,1.0,1.0,0.0,1.0,0.0,0.0,0.0,-2.0948,0.8096,9.5141,-6.9936,31.3787,40.7375,93.0,98.15,138.13,-4.2634,-9.2868,-35.5426
SAP,204.14999389648438,204.15,2026-08-12,False,202.5500030517578,206.77999877929688,-2.64,-28.41,BAJO,242013552640.0,27.16,21.84,66.0,18.32,9.54,27.62,20.41,3.76,289.75,0.22,1.15,7.0,YAHOO,3.0953,4.353,2.2568,0.069071,5.607,0.2768,72.09,2026-10-21,70,2026-07-23,20.0,yahoo,1.0,1.0,1.0,1.0,1.0,1.0,0.0,0.0,1.0,3.4561,9.764,24.7556,22.0482,39.3237,49.0261,209.68,209.68,275.6678,-2.6374,-2.6374,-25.9435
SE,128.11000061035156,128.11,2026-08-12,False,126.29000091552734,131.80999755859375,-2.59,-29.55,BAJO,,51.78,24.91,6.26,14.86,4.87,8.36,6.36,,25.28,0.28,1.58,8.0,YAHOO,3.0953,4.353,2.2568,0.069071,5.607,0.2768,72.09,2026-08-11,999,,,yahoo,1.0,1.0,1.0,1.0,1.0,1.0,0.0,1.0,1.0,11.4872,18.2154,49.504,33.4201,118.0014,54.007,131.51,131.51,196.5,-2.5854,-2.5854,-34.8041
IBM,235.97999572753906,235.98,2026-08-12,False,231.67999267578125,237.4600067138672,-1.02,-2.05,BAJO,224623689728.0,21.19,18.1,6.52,34.46,5.3,16.55,15.52,5.36,17.11,1.89,0.79,6.0,YAHOO,3.0953,4.353,2.2568,0.069071,5.607,0.2768,72.09,2026-10-21,70,2026-07-22,21.0,yahoo,1.0,1.0,1.0,1.0,1.0,0.0,0.0,1.0,0.0,0.743,4.9606,-13.5264,8.4175,17.9275,77.1112,238.42,326.8851,326.8851,-1.0234,-27.8095,-27.8095
ZM,105.12999725341797,105.13,2026-08-12,False,103.29000091552734,105.19999694824219,-0.88,42.33,BAJO,31100209152.0,15.62,16.84,3.12,21.95,6.55,25.06,41.99,6.37,17.48,0.01,4.22,7.0,YAHOO,3.0953,4.353,2.2568,0.069071,5.607,0.2768,72.09,2026-08-25,13,,,yahoo,1.0,1.0,1.0,1.0,1.0,0.0,1.0,1.0,0.0,4.4614,13.7647,13.8756,2.1076,35.4252,48.8773,107.2,111.88,111.88,-1.931,-6.0333,-6.0333
CSCO,123.87999725341797,123.88,2026-08-12,False,122.26000213623047,124.44999694824219,2.86,76.71,BAJO,474666958848.0,40.14,25.11,9.71,25.23,7.34,24.99,19.68,1.96,28.88,0.68,0.93,8.0,YAHOO,3.0953,4.353,2.2568,0.069071,5.607,0.2768,72.09,2026-08-12,0,,,yahoo,1.0,1.0,1.0,1.0,0.0,1.0,1.0,1.0,1.0,1.9588,10.1351,2.0631,25.2326,30.0711,36.9623,123.88,129.5155,129.5155,0.0,-4.3512,-4.3512
DOCU,58.099998474121094,58.1,2026-08-12,False,57.5,59.154998779296875,-2.09,-18.93,BAJO,11330653184.0,38.53,11.64,6.3,16.44,5.51,13.41,9.59,11.04,27.76,0.1,0.67,6.0,YAHOO,3.0953,4.353,2.2568,0.069071,5.607,0.2768,72.09,2026-09-03,22,,,yahoo,1.0,0.0,1.0,1.0,0.0,0.0,1.0,1.0,1.0,1.061,3.8056,25.8665,20.5644,57.4156,57.2079,60.26,60.26,,-3.5845,-3.5845,
ARM,271.8699951171875,271.87,2026-08-12,False,266.59149169921875,280.1600036621094,1.09,89.1,BAJO,287216861184.0,271.65,87.94,33.28,13.35,5.42,7.6,20.25,0.46,265.73,0.06,5.25,6.0,YAHOO,3.0953,4.353,2.2568,0.069071,5.607,0.2768,72.09,2026-11-04,84,2026-07-29,14.0,yahoo,1.0,0.0,1.0,1.0,0.0,1.0,0.0,1.0,1.0,-0.987,20.8902,-20.5593,30.757,44.8329,110.3195,289.73,439.46,439.46,-6.1644,-38.1354,-38.1354
GRMN,309.9800109863281,309.98,2026-08-12,False,304.43829345703125,311.80999755859375,0.11,32.68,BAJO,59716788224.0,31.99,28.19,6.62,21.89,12.17,30.44,24.47,1.75,24.78,0.03,3.03,6.0,YAHOO,3.0953,4.353,2.2568,0.069071,5.607,0.2768,72.09,2026-10-28,77,2026-07-29,14.0,yahoo,1.0,1.0,1.0,0.0,0.0,1.0,0.0,1.0,1.0,2.4558,22.2078,32.3611,28.7115,27.3444,42.0535,313.16,313.16,,-1.0155,-1.0155,
MSI,469.739990234375,469.74,2026-08-12,False,462.3500061035156,470.6700134277344,0.62,1.87,BAJO,77262430208.0,36.76,24.47,28.92,91.57,11.25,27.35,17.44,2.56,22.93,3.58,1.1,6.0,YAHOO,3.0953,4.353,2.2568,0.069071,5.607,0.2768,72.09,2026-11-05,85,2026-08-05,7.0,yahoo,1.0,1.0,1.0,1.0,0.0,0.0,1.0,1.0,0.0,7.2123,6.6839,15.8181,8.7599,19.6732,28.5665,474.07,474.07,,-0.9134,-0.9134,
SNAP,5.199999809265137,5.2,2026-08-12,False,5.190000057220459,5.5071001052856445,-5.63,-31.86,BAJO,9318499328.0,,7.15,4.81,-15.58,-2.72,-2.64,-4.9,7.66,-74.41,2.19,2.94,6.0,YAHOO,3.0953,4.353,2.2568,0.069071,5.607,0.2768,72.09,2026-11-03,83,2026-08-03,9.0,finnhub,0.0,1.0,1.0,1.0,1.0,0.0,0.0,1.0,1.0,-2.439,9.9366,-2.439,-6.3063,61.5998,63.0299,5.79,6.07,9.09,-10.19,-14.3328,-42.7943
PINS,22.899999618530273,22.9,2026-08-12,False,22.770000457763672,23.56999969482422,-3.58,-38.9,BAJO,13449933824.0,69.85,9.9,4.64,6.46,3.51,-3.46,5.46,8.9,42.24,0.41,3.81,6.0,YAHOO,3.0953,4.353,2.2568,0.069071,5.607,0.2768,72.09,2026-11-02,82,2026-08-04,8.0,finnhub,1.0,0.0,1.0,1.0,0.0,0.0,1.0,1.0,1.0,-1.9692,-6.3011,6.5116,11.3813,49.6041,50.5728,25.58,25.58,37.95,-10.4769,-10.4769,-39.6574
EA,209.6999969482422,209.7,2026-08-10,False,209.6999969482422,209.6999969482422,0.0,15.43,BAJO,52925640704.0,59.74,21.78,7.77,16.46,7.23,25.88,13.8,3.2,30.36,0.26,1.21,6.0,YAHOO,3.0953,4.353,2.2568,0.069071,5.607,0.2768,72.09,2026-11-03,83,2026-07-27,16.0,yahoo,1.0,0.0,1.0,1.0,1.0,1.0,1.0,0.0,0.0,0.383,1.5939,4.4426,3.6484,0.0,3.8557,209.7,209.7,,0.0,0.0,
PATH,15.260000228881836,15.26,2026-08-12,False,14.979999542236328,15.529999732971191,-2.93,35.95,BAJO,8144850432.0,26.2,17.34,4.3,18.18,2.37,7.27,19.58,6.28,55.98,0.04,2.31,8.0,YAHOO,3.0953,4.353,2.2568,0.069071,5.607,0.2768,72.09,2026-09-03,22,,,yahoo,1.0,1.0,1.0,1.0,1.0,0.0,1.0,1.0,1.0,10.4197,21.2073,43.2864,52.4476,69.8908,59.9817,15.72,15.72,19.29,-2.9262,-2.9262,-20.8917
VZ,46.97999954223633,46.98,2026-08-12,False,46.61000061035156,47.08000183105469,-0.61,11.92,BAJO,196396236800.0,12.31,8.95,1.89,15.84,5.05,23.0,11.64,8.89,7.62,1.84,0.6,4.0,YAHOO,3.0953,4.353,2.2568,0.069071,5.607,0.2768,72.09,2026-10-20,69,2026-07-24,19.0,yahoo,1.0,0.0,1.0,1.0,0.0,1.0,0.0,0.0,0.0,1.0975,-0.5083,1.7914,-0.3111,7.4626,28.6809,48.19,48.19,49.7702,-2.5109,-2.5109,-5.6062
T,24.25,24.25,2026-08-12,False,24.100000381469727,24.450000762939453,-1.02,-13.49,BAJO,167883456512.0,8.09,9.56,1.53,18.34,4.16,24.79,16.94,6.04,7.43,1.29,0.97,6.0,YAHOO,3.0953,4.353,2.2568,0.069071,5.607,0.2768,72.09,2026-10-21,70,2026-07-22,21.0,yahoo,1.0,1.0,1.0,1.0,0.0,1.0,1.0,0.0,0.0,5.1605,1.2949,6.8465,-2.5973,19.5495,31.7382,24.66,25.0052,28.4181,-1.6626,-3.0201,-14.667
AMX,23.219999313354492,23.22,2026-08-12,False,23.059999465942383,23.489999771118164,-0.9,20.45,BAJO,70281797632.0,13.7,11.18,3.21,21.58,6.36,21.49,9.37,218.03,2.37,1.58,0.71,9.0,YAHOO,3.0953,4.353,2.2568,0.069071,5.607,0.2768,72.09,2026-10-13,62,2026-07-21,22.0,yahoo,1.0,1.0,1.0,1.0,1.0,1.0,1.0,1.0,1.0,-3.3306,-9.6849,-5.4785,-12.1569,16.3902,27.1693,26.27,27.4216,,-11.6102,-15.3224,
TCOM,45.58000183105469,45.58,2026-08-12,False,45.439998626708984,46.04999923706055,-1.34,-29.22,BAJO,29092380672.0,6.89,10.93,1.23,20.14,3.95,24.34,48.65,,-1.03,0.19,1.53,7.0,YAHOO,3.0953,4.353,2.2568,0.069071,5.607,0.2768,72.09,2026-08-24,12,,,yahoo,1.0,1.0,1.0,0.0,1.0,1.0,1.0,0.0,1.0,-0.8268,-0.913,-3.8194,-12.363,28.5304,38.1153,47.3,49.32,78.96,-3.6364,-7.5831,-42.2746
TRIP,10.710000038146973,10.71,2026-08-12,False,10.444999694824219,10.930000305175781,-2.19,-43.99,BAJO,1274154752.0,,9.49,2.04,-0.23,1.92,9.44,0.27,-7.97,12.14,1.35,1.56,7.0,YAHOO,3.0953,4.353,2.2568,0.069071,5.607,0.2768,72.09,2026-11-05,85,2026-08-06,6.0,yahoo,1.0,1.0,1.0,1.0,1.0,0.0,1.0,0.0,1.0,-23.4453,-26.5432,-10.0756,13.3333,38.0222,72.573,14.93,14.93,19.14,-28.2652,-28.2652,-44.0439
ABNB,180.09500122070312,180.095,2026-08-12,False,179.25999450683594,184.11000061035156,-2.64,41.7,BAJO,110763368448.0,42.23,30.15,13.99,34.54,6.14,21.01,20.45,2.9,36.03,0.32,1.41,5.0,YAHOO,3.0953,4.353,2.2568,0.069071,5.607,0.2768,72.09,2026-11-05,85,2026-08-06,6.0,yahoo,1.0,0.0,1.0,1.0,0.0,0.0,1.0,0.0,1.0,18.1028,17.7015,37.6137,32.9311,141.2634,48.0,184.98,184.98,184.98,-2.6408,-2.6408,-2.6408
ORCL,153.27999877929688,153.28,2026-08-12,False,147.88999938964844,154.88999938964844,5.36,-39.41,BAJO,419050913792.0,24.95,13.34,11.16,53.38,6.5,36.2,25.37,-5.86,18.37,3.89,1.11,5.0,YAHOO,3.0953,4.353,2.2568,0.069071,5.607,0.2768,72.09,2026-09-10,29,,,yahoo,1.0,0.0,1.0,1.0,1.0,1.0,0.0,0.0,0.0,6.1569,30.1852,-16.4512,-17.6721,60.8735,68.792,153.28,247.2897,324.63,0.0,-38.016,-52.7832
TMUS,177.1300048828125,177.13,2026-08-12,False,175.72000122070312,178.74000549316406,-0.81,-30.95,BAJO,191557697536.0,18.7,12.37,3.41,17.99,5.97,25.22,11.46,5.92,8.99,2.14,0.92,6.0,YAHOO,3.0953,4.353,2.2568,0.069071,5.607,0.2768,72.09,2026-10-22,71,2026-07-23,20.0,yahoo,1.0,0.0,1.0,1.0,0.0,1.0,1.0,0.0,1.0,2.1158,-2.4185,-4.6766,-7.868,15.3276,40.0079,195.64,195.64,254.2196,-9.4613,-9.4613,-30.324
ANET,210.5,210.5,2026-08-12,False,203.75999450683594,211.4499969482422,6.39,49.63,BAJO,249533317120.0,62.61,38.35,16.86,31.48,14.12,45.39,38.37,1.56,49.19,,2.96,4.0,YAHOO,3.0953,4.353,2.2568,0.069071,5.607,0.2768,72.09,2026-11-03,83,2026-08-04,8.0,yahoo,1.0,0.0,1.0,1.0,0.0,0.0,1.0,0.0,0.0,6.6849,33.2531,34.5908,47.6779,54.9995,60.1449,210.5,210.5,210.5,0.0,0.0,0.0
LRCX,326.1099853515625,326.11,2026-08-12,False,323.5450134277344,329.4898986816406,4.72,204.31,BAJO,389660475392.0,54.06,26.95,36.79,65.07,22.84,37.39,31.27,0.79,44.2,0.33,2.63,8.0,YAHOO,3.0953,4.353,2.2568,0.069071,5.607,0.2768,72.09,2026-10-21,70,2026-07-29,14.0,yahoo,1.0,1.0,1.0,0.0,1.0,1.0,1.0,1.0,1.0,6.0796,29.2292,-9.9802,12.8266,40.9418,88.2848,326.11,433.33,433.33,0.0,-24.7433,-24.7433
ADI,384.42999267578125,384.43,2026-08-12,False,383.6499938964844,396.260009765625,-0.23,61.05,BAJO,,57.34,25.58,5.56,9.64,5.49,38.08,26.01,,31.38,0.26,1.75,8.0,YAHOO,3.0953,4.353,2.2568,0.069071,5.607,0.2768,72.09,2026-08-19,7,,,yahoo,1.0,1.0,1.0,1.0,0.0,1.0,1.0,1.0,1.0,1.7845,8.7897,-6.7212,-8.1418,32.7841,47.7366,389.93,445.48,445.48,-1.4105,-13.7043,-13.7043
SNDK,1344.2900390625,1344.29,2026-08-12,False,1308.531005859375,1389.280029296875,5.76,2756.68,BAJO,185573310464.0,17.23,4.79,13.65,91.64,43.91,78.49,56.46,4.17,14.63,,2.29,5.0,YAHOO,3.0953,4.353,2.2568,0.069071,5.607,0.2768,72.09,2026-11-06,86,2026-08-05,7.0,yahoo,0.0,0.0,1.0,1.0,0.0,1.0,0.0,1.0,1.0,-0.4598,32.3263,-28.5526,-7.4193,62.5792,138.6492,1610.33,2335.0,2335.0,-16.5208,-42.4287,-42.4287
NOW,124.94000244140625,124.94,2026-08-12,False,121.8499984741211,125.63249969482422,-2.04,-30.54,BAJO,131858759680.0,79.22,25.48,10.54,14.24,4.25,4.06,11.34,3.91,46.79,0.68,0.7,4.0,YAHOO,3.0953,4.353,2.2568,0.069071,5.607,0.2768,72.09,2026-10-28,77,2026-07-22,21.0,yahoo,1.0,0.0,1.0,1.0,1.0,0.0,0.0,0.0,0.0,6.5859,7.9302,21.2068,40.382,57.203,70.2257,127.54,135.86,192.23,-2.0386,-8.0377,-35.0049
NBIS,259.20001220703125,259.2,2026-08-12,False,216.11000061035156,259.44000244140625,34.14,264.08,BAJO,49060745216.0,74.32,-58.43,6.83,14.14,-3.01,-32.08,93.09,-12.53,-1227.19,1.32,8.33,6.0,YAHOO,3.0953,4.353,2.2568,0.069071,5.607,0.2768,72.09,2026-08-12,0,,,yahoo,1.0,1.0,1.0,1.0,0.0,0.0,0.0,1.0,1.0,18.3616,74.8752,16.6307,44.7155,270.4458,148.2784,259.2,286.69,286.69,0.0,-9.5888,-9.5888
OXY,58.54999923706055,58.55,2026-08-12,False,58.2599983215332,58.85499954223633,-0.86,30.64,BAJO,59038584832.0,17.42,14.98,1.76,10.63,4.68,45.44,30.32,6.42,5.72,0.35,1.41,4.0,YAHOO,3.0953,4.353,2.2568,0.069071,5.607,0.2768,72.09,2026-11-09,89,2026-08-05,7.0,finnhub,1.0,0.0,1.0,1.0,1.0,0.0,0.0,0.0,0.0,8.8088,4.4976,5.5525,4.5325,41.2261,35.5523,59.06,60.4209,65.9354,-0.8635,-3.0965,-11.201
XOM,159.75,159.75,2026-08-12,False,157.55999755859375,160.22999572753906,-0.03,50.3,BAJO,657083531264.0,20.57,14.99,2.53,12.58,5.52,15.86,9.07,3.15,10.24,0.16,1.14,5.0,YAHOO,3.0953,4.353,2.2568,0.069071,5.607,0.2768,72.09,2026-10-30,79,2026-07-31,12.0,yahoo,1.0,0.0,1.0,1.0,1.0,0.0,1.0,0.0,0.0,5.3551,1.9139,8.97,6.7744,39.1093,27.9078,159.8,162.55,170.314,-0.0313,-1.7225,-6.2027
CVX,196.60000610351562,196.6,2026-08-12,False,194.5800018310547,197.39500427246094,-0.03,28.51,BAJO,385768914944.0,18.93,15.01,2.03,12.23,5.86,21.87,9.83,5.69,8.22,0.19,1.25,5.0,YAHOO,3.0953,4.353,2.2568,0.069071,5.607,0.2768,72.09,2026-10-30,79,2026-07-31,12.0,yahoo,1.0,0.0,1.0,1.0,0.0,1.0,0.0,1.0,0.0,5.4664,2.4706,5.8013,6.6957,39.9132,27.2015,196.83,197.25,209.2336,-0.1168,-0.3295,-6.038
PSX,225.5800018310547,225.58,2026-08-12,False,221.22999572753906,226.55999755859375,0.54,87.44,BAJO,89953779712.0,12.81,10.74,3.15,23.45,6.04,8.53,4.66,5.05,10.8,0.63,1.32,7.0,YAHOO,3.0953,4.353,2.2568,0.069071,5.607,0.2768,72.09,2026-10-29,78,2026-08-05,7.0,yahoo,1.0,1.0,1.0,1.0,0.0,1.0,1.0,1.0,0.0,11.37,9.076,26.6592,29.5205,47.9077,32.3918,225.58,225.58,225.58,0.0,0.0,0.0
YPF,48.900001525878906,48.9,2026-08-12,False,47.86000061035156,49.54999923706055,-0.51,41.99,BAJO,19273035776.0,,8.56,1.84,-2.94,5.39,18.99,-1.82,-7231.05,1.84,0.92,0.94,4.0,YAHOO,3.0953,4.353,2.2568,0.069071,5.607,0.2768,72.09,2026-10-29,78,2026-08-10,2.0,yahoo,0.0,0.0,1.0,1.0,0.0,1.0,1.0,0.0,0.0,0.4726,-2.8219,-13.2209,8.7875,46.8333,37.3041,52.54,56.35,56.35,-6.9281,-13.2209,-13.2209
VIST,66.01000213623047,66.01,2026-08-12,False,64.7500991821289,66.79049682617188,-0.18,50.11,BAJO,7331661312.0,8.7,6.34,2.21,29.79,10.0,44.24,23.56,1.68,5.1,1.07,0.69,3.0,YAHOO,3.0953,4.353,2.2568,0.069071,5.607,0.2768,72.09,2026-10-28,77,2026-07-16,27.0,yahoo,1.0,0.0,1.0,1.0,0.0,0.0,0.0,0.0,0.0,3.0762,0.0,-9.6001,-4.72,45.0536,38.2419,70.45,79.25,79.25,-6.3023,-16.7066,-16.7066
VST,146.67999267578125,146.68,2026-08-12,False,145.30999755859375,149.3800048828125,1.21,-31.07,BAJO,48640253952.0,24.44,14.04,15.7,,,13.77,11.55,,10.7,3.67,,5.0,YAHOO,3.0953,4.353,2.2568,0.069071,5.607,0.2768,72.09,2026-11-05,85,2026-08-07,5.0,yahoo,1.0,0.0,1.0,1.0,1.0,0.0,1.0,0.0,0.0,4.3392,2.7099,0.3453,0.0105,15.9557,49.2819,168.98,168.98,217.0162,-13.1968,-13.1968,-32.4106
BP,42.93000030517578,42.93,2026-08-12,False,42.45000076293945,43.11000061035156,-0.53,28.97,BAJO,111151775744.0,20.65,10.29,7.64,8.87,5.04,13.15,2.55,11.59,12.76,0.95,1.27,7.0,YAHOO,3.0953,4.353,2.2568,0.069071,5.607,0.2768,72.09,2026-10-30,79,2026-08-04,8.0,yahoo,1.0,0.0,1.0,1.0,0.0,1.0,1.0,1.0,1.0,4.1737,-0.9003,0.5858,-2.2047,30.426,32.9028,45.22,46.14,47.0913,-5.0641,-6.9571,-8.8367
E,55.119998931884766,55.12,2026-08-12,False,55.03499984741211,55.48500061035156,-0.67,57.3,BAJO,80391503872.0,12.5,10.4,1.52,10.9,3.07,10.66,5.87,-11.17,8.14,0.65,1.48,6.0,YAHOO,3.0953,4.353,2.2568,0.069071,5.607,0.2768,72.09,2026-10-23,72,2026-07-29,14.0,yahoo,1.0,1.0,1.0,1.0,0.0,1.0,1.0,0.0,0.0,4.3347,2.4345,1.9608,-0.1545,26.0627,32.1726,55.56,55.759,56.9653,-0.7919,-1.146,-3.2394
SHEL,90.06999969482422,90.07,2026-08-12,False,89.58000183105469,90.38999938964844,-0.48,25.67,BAJO,249969704960.0,10.01,10.26,1.39,14.34,6.4,16.69,8.76,8.58,5.09,0.4,1.44,5.0,YAHOO,3.0953,4.353,2.2568,0.069071,5.607,0.2768,72.09,2026-10-29,78,2026-07-30,13.0,yahoo,1.0,1.0,1.0,1.0,0.0,0.0,1.0,0.0,0.0,2.6322,1.9583,4.9156,6.4871,19.9042,24.1553,91.98,91.98,93.3039,-2.0765,-2.0765,-3.466
HAL,33.290000915527344,33.29,2026-08-12,False,33.2400016784668,33.70000076293945,-1.51,57.77,BAJO,28159805440.0,17.7,11.62,2.56,14.92,7.26,12.79,7.16,7.29,8.3,0.74,2.02,4.0,YAHOO,3.0953,4.353,2.2568,0.069071,5.607,0.2768,72.09,2026-10-20,69,2026-07-21,22.0,yahoo,1.0,0.0,1.0,1.0,0.0,0.0,1.0,0.0,0.0,4.6197,6.7329,-16.2726,-19.8282,53.9357,34.4075,35.22,42.7979,42.7979,-5.4798,-22.2159,-22.2159
SLB,52.61000061035156,52.61,2026-08-12,False,52.525001525878906,53.439998626708984,-1.99,58.19,BAJO,79668805632.0,26.19,16.53,3.06,12.91,6.17,12.71,8.53,3.71,12.03,0.47,1.44,4.0,YAHOO,3.0953,4.353,2.2568,0.069071,5.607,0.2768,72.09,2026-10-23,72,2026-07-24,19.0,yahoo,1.0,0.0,1.0,1.0,1.0,0.0,0.0,0.0,0.0,5.4097,7.4551,-6.0536,-4.95,54.4546,40.6863,53.68,58.01,58.01,-1.9933,-9.3087,-9.3087
COP,127.30000305175781,127.3,2026-08-12,False,124.81999969482422,127.33999633789062,1.1,34.27,BAJO,151272407040.0,16.68,13.51,2.31,14.18,7.53,31.51,14.4,5.08,6.23,0.36,1.54,7.0,YAHOO,3.0953,4.353,2.2568,0.069071,5.607,0.2768,72.09,2026-11-05,85,2026-08-06,6.0,yahoo,1.0,0.0,1.0,1.0,1.0,1.0,1.0,0.0,1.0,10.6572,7.8265,10.3502,8.0003,27.8122,31.6009,127.3,127.3,132.813,0.0,0.0,-4.1509
GPRK,9.270000457763672,9.27,2026-08-12,False,9.175000190734863,9.369500160217285,-0.43,35.65,BAJO,604179456.0,6.51,5.23,1.36,28.57,7.81,27.52,16.0,15.27,3.14,1.81,1.17,3.0,YAHOO,3.0953,4.353,2.2568,0.069071,5.607,0.2768,72.09,2026-11-04,84,,,yahoo,1.0,0.0,1.0,0.0,0.0,1.0,0.0,0.0,0.0,-2.3182,-1.278,-16.1844,-6.7167,39.38,48.2799,10.31,11.78,11.78,-10.0873,-21.3073,-21.3073
CEG,278.67999267578125,278.68,2026-08-12,False,277.9800109863281,285.5,0.11,-17.39,BAJO,98625003520.0,27.24,20.89,3.09,15.06,3.89,8.66,11.08,-6.72,15.11,0.76,1.46,6.0,YAHOO,3.0953,4.353,2.2568,0.069071,5.607,0.2768,72.09,2026-11-09,89,2026-08-06,6.0,yahoo,1.0,0.0,1.0,1.0,1.0,0.0,1.0,0.0,1.0,5.1147,8.0364,12.9585,-4.9343,27.571,43.0747,278.68,301.57,402.322,0.0,-7.5903,-30.7321
FSLR,226.77000427246094,226.77,2026-08-12,False,224.86000061035156,244.0,-5.87,19.78,BAJO,25890547712.0,24.61,10.36,2.51,18.51,8.62,42.64,32.46,6.17,10.21,0.02,2.52,7.0,YAHOO,3.0953,4.353,2.2568,0.069071,5.607,0.2768,72.09,2026-10-29,78,2026-07-30,13.0,yahoo,1.0,1.0,1.0,1.0,1.0,1.0,0.0,0.0,1.0,-4.2356,13.8175,-16.3735,-0.5656,62.5714,63.9072,250.05,318.25,318.25,-9.3101,-28.7447,-28.7447
CCJ,99.02999877929688,99.03,2026-08-12,False,97.70999908447266,100.13999938964844,0.3,28.35,BAJO,43000172544.0,170.22,52.21,8.41,5.11,2.98,9.11,10.21,0.12,53.99,0.17,3.06,8.0,YAHOO,3.0953,4.353,2.2568,0.069071,5.607,0.2768,72.09,2026-10-30,79,2026-07-31,12.0,yahoo,1.0,1.0,1.0,1.0,1.0,1.0,0.0,1.0,1.0,5.0493,17.0983,0.0606,-15.3083,29.4137,48.5303,99.03,120.51,134.09,0.0,-17.8242,-26.1466
PBR,17.760000228881836,17.76,2026-08-12,False,17.739999771118164,18.059999465942383,-0.95,47.55,BAJO,115547488256.0,4.53,4.5,1.33,25.6,8.23,31.95,21.6,71.77,2.19,0.83,0.74,7.0,YAHOO,3.0953,4.353,2.2568,0.069071,5.607,0.2768,72.09,2026-11-10,90,2026-08-06,6.0,yahoo,1.0,1.0,1.0,1.0,1.0,1.0,1.0,0.0,0.0,-3.268,-4.4648,-2.6316,-12.699,35.3283,30.3018,19.4,20.5419,21.8617,-8.4536,-13.5425,-18.7621
NEE,85.77999877929688,85.78,2026-08-12,False,85.26499938964844,86.0999984741211,0.05,19.18,BAJO,178851774464.0,19.27,19.41,3.13,11.68,2.44,31.52,32.4,-9.93,20.22,1.62,0.53,5.0,YAHOO,3.0953,4.353,2.2568,0.069071,5.607,0.2768,72.09,2026-10-27,76,2026-07-24,19.0,yahoo,1.0,0.0,1.0,1.0,0.0,1.0,0.0,1.0,0.0,-0.1513,-3.0296,1.108,-8.6497,9.3103,18.5639,89.79,89.79,97.1683,-4.466,-4.466,-11.7202
PAAS,52.380001068115234,52.38,2026-08-12,False,52.119998931884766,53.5,1.14,63.52,BAJO,21821718528.0,16.34,10.86,2.97,20.8,10.61,48.09,31.65,5.96,10.82,0.11,2.84,7.0,YAHOO,3.0953,4.353,2.2568,0.069071,5.607,0.2768,72.09,2026-08-12,0,,,yahoo,1.0,1.0,1.0,1.0,1.0,1.0,0.0,1.0,0.0,8.5821,23.1022,12.5725,-17.6052,47.2037,52.5247,52.38,56.99,68.2965,0.0,-8.0891,-23.305
HMY,19.860000610351562,19.86,2026-08-12,False,19.665000915527344,20.219999313354492,1.79,28.12,BAJO,,12.43,5.84,3.87,33.49,17.3,33.34,20.05,,0.61,0.25,0.54,,YAHOO,3.0953,4.353,2.2568,0.069071,5.607,0.2768,72.09,2026-08-27,15,,,yahoo,,,,,,,,,,9.8451,27.8815,30.572,10.8259,74.8516,63.9394,19.9,19.9,25.5485,-0.201,-0.201,-22.2655
B,41.22999954223633,41.23,2026-08-12,False,40.630001068115234,41.650001525878906,2.74,73.85,BAJO,,11.09,9.18,2.46,25.18,11.99,56.25,32.14,,6.43,0.13,3.06,9.0,YAHOO,3.0953,4.353,2.2568,0.069071,5.607,0.2768,72.09,2026-11-09,89,,,yahoo,1.0,1.0,1.0,1.0,1.0,1.0,1.0,1.0,1.0,0.4385,13.3938,5.4476,-9.6973,83.5727,48.6897,43.68,43.68,52.3175,-5.609,-5.609,-21.1928
VALE,14.420000076293945,14.42,2026-08-12,False,14.385000228881836,14.550000190734863,0.7,47.73,BAJO,60942520320.0,28.64,6.97,1.64,4.11,7.92,21.95,4.75,21.84,1.89,0.55,1.19,4.0,YAHOO,3.0953,4.353,2.2568,0.069071,5.607,0.2768,72.09,2026-10-29,78,2026-07-30,13.0,yahoo,1.0,0.0,1.0,1.0,0.0,1.0,0.0,0.0,0.0,-3.4806,-1.57,-6.1198,-15.3259,36.2801,30.9859,15.06,16.82,17.82,-4.2497,-14.2687,-19.0797
LAC,3.259999990463257,3.26,2026-08-12,False,3.2300000190734863,3.3499999046325684,0.31,7.61,BAJO,1179586048.0,,-21.92,0.84,-4.99,-1.74,0.0,0.0,-110.53,-31.27,0.47,7.36,1.0,YAHOO,3.0953,4.353,2.2568,0.069071,5.607,0.2768,72.09,2026-08-13,1,,,yahoo,0.0,0.0,0.0,1.0,0.0,0.0,0.0,0.0,0.0,5.5016,20.2952,-26.0771,-41.4722,52.893,59.7827,3.26,5.75,10.05,0.0,-43.3043,-67.5622
RIO,101.22000122070312,101.22,2026-08-12,False,100.94999694824219,102.7699966430664,0.23,69.38,BAJO,164300980224.0,13.68,11.41,2.51,19.31,8.11,28.05,19.58,2.19,8.02,0.32,1.42,4.0,YAHOO,3.0953,4.353,2.2568,0.069071,5.607,0.2768,72.09,,999,2026-07-28,15.0,yahoo,1.0,0.0,1.0,1.0,0.0,0.0,0.0,1.0,0.0,-0.2857,10.454,0.2873,-1.833,15.877,34.1575,101.91,112.04,,-0.6771,-9.6573,
GFI,40.72999954223633,40.73,2026-08-12,False,40.63999938964844,42.42599868774414,1.14,31.79,BAJO,,10.22,7.5,8.54,51.93,21.41,51.78,40.76,,14.26,0.37,1.79,9.0,YAHOO,3.0953,4.353,2.2568,0.069071,5.607,0.2768,72.09,2026-08-25,13,,,yahoo,1.0,1.0,1.0,1.0,1.0,1.0,1.0,1.0,1.0,9.225,24.7473,14.7647,-9.2064,77.7035,59.9119,41.1,44.11,,-0.9002,-7.6627,
GGB,4.829999923706055,4.83,2026-08-12,False,4.75,4.849999904632568,2.99,63.62,BAJO,9207152640.0,20.39,7.94,0.89,4.18,5.03,12.75,3.22,28.76,1.97,0.28,2.87,5.0,YAHOO,3.0953,4.353,2.2568,0.069071,5.607,0.2768,72.09,2026-10-26,75,2026-08-04,8.0,yahoo,1.0,0.0,1.0,1.0,0.0,0.0,1.0,0.0,1.0,-6.0311,-2.4242,5.9211,0.3547,56.9182,37.3397,5.14,5.14,,-6.0311,-6.0311,
FCX,69.22000122070312,69.22,2026-08-12,False,68.70999908447266,70.08999633789062,0.51,60.8,BAJO,96418004992.0,33.76,16.85,4.92,14.75,7.58,33.4,11.39,2.24,12.28,0.32,2.07,6.0,YAHOO,3.0953,4.353,2.2568,0.069071,5.607,0.2768,72.09,2026-10-22,71,2026-07-23,20.0,yahoo,1.0,1.0,1.0,1.0,1.0,0.0,1.0,0.0,0.0,-0.245,15.3859,4.5945,5.0856,30.5968,51.4317,70.51,71.5463,71.5463,-1.8295,-3.2515,-3.2515
HL,18.100000381469727,18.1,2026-08-12,False,17.810100555419922,18.59000015258789,1.91,130.34,BAJO,11930607616.0,21.4,16.69,4.46,22.17,15.3,44.27,19.15,2.87,11.68,0.01,5.2,8.0,YAHOO,3.0953,4.353,2.2568,0.069071,5.607,0.2768,72.09,2026-11-03,83,2026-08-04,8.0,finnhub,1.0,1.0,1.0,1.0,1.0,1.0,0.0,1.0,1.0,9.4317,27.9152,20.7472,-11.9874,36.3228,65.726,18.1,18.1,31.7964,0.0,0.0,-43.0753
NEM,117.83999633789062,117.84,2026-08-12,False,117.6500015258789,120.16999816894531,0.54,70.81,BAJO,123503271936.0,14.78,11.15,3.52,25.91,15.75,51.57,33.36,7.14,7.05,0.16,2.55,9.0,YAHOO,3.0953,4.353,2.2568,0.069071,5.607,0.2768,72.09,2026-10-22,71,2026-07-23,20.0,yahoo,1.0,1.0,1.0,1.0,1.0,1.0,1.0,1.0,1.0,12.9926,29.0125,20.7501,-1.3158,52.794,48.0524,117.84,117.84,131.3767,0.0,0.0,-10.3037
GOLD,44.68000030517578,44.68,2026-08-12,False,43.564998626708984,44.689998626708984,2.85,89.21,BAJO,1259949952.0,14.15,11.97,1.46,10.82,2.76,0.86,0.35,-59.04,16.18,1.82,1.18,4.0,YAHOO,3.0953,4.353,2.2568,0.069071,5.607,0.2768,72.09,2026-09-08,27,,,yahoo,1.0,0.0,1.0,1.0,0.0,0.0,0.0,1.0,0.0,3.1156,11.2827,3.2109,6.5141,30.4005,43.7115,44.68,44.68,63.5992,0.0,0.0,-29.7475
MUX,19.149999618530273,19.15,2026-08-12,False,19.049999237060547,19.75,0.05,78.96,BAJO,1143425280.0,15.19,5.77,1.74,13.54,-0.43,-5.92,32.46,-1.63,42.37,0.18,2.04,5.0,YAHOO,3.0953,4.353,2.2568,0.069071,5.607,0.2768,72.09,2026-11-04,84,2026-08-05,7.0,yahoo,1.0,1.0,1.0,0.0,0.0,1.0,0.0,1.0,0.0,-2.8412,14.3284,3.6816,-26.7966,41.0339,62.9909,19.71,22.31,29.05,-2.8412,-14.1641,-34.0792
NXE,10.550000190734863,10.55,2026-08-12,False,10.479999542236328,10.807999610900879,-0.09,52.7,BAJO,7080544768.0,,-63.68,5.79,-17.67,-3.39,0.0,0.0,-4.21,-62.02,0.34,1.46,2.0,YAHOO,3.0953,4.353,2.2568,0.069071,5.607,0.2768,72.09,2026-11-03,83,2026-08-04,8.0,yahoo,0.0,0.0,0.0,1.0,0.0,1.0,0.0,0.0,0.0,5.0797,18.1411,8.2051,-14.3669,27.9418,57.1293,10.56,12.44,13.92,-0.0947,-15.1929,-24.2098
MP,54.11000061035156,54.11,2026-08-12,False,53.5004997253418,55.97999954223633,-2.05,-31.14,BAJO,9838331904.0,,62.87,4.99,-3.58,-1.52,-14.72,-14.56,-4.4,240.46,0.41,9.51,4.0,YAHOO,3.0953,4.353,2.2568,0.069071,5.607,0.2768,72.09,2026-11-05,85,2026-08-06,6.0,yahoo,0.0,1.0,0.0,0.0,1.0,1.0,0.0,1.0,0.0,12.9409,42.021,-5.369,-17.5027,74.1917,72.0441,55.24,72.24,98.65,-2.0456,-25.0969,-45.1495
JPM,365.17999267578125,365.18,2026-08-12,False,361.29998779296875,366.0899963378906,0.87,25.2,BAJO,962369748992.0,15.5,14.48,2.72,17.79,1.36,50.39,34.92,,,,,3.0,YAHOO,3.0953,4.353,2.2568,0.069071,5.607,0.2768,72.09,2026-10-13,62,2026-07-14,29.0,yahoo,1.0,0.0,0.0,0.0,1.0,0.0,1.0,0.0,0.0,1.6535,5.9383,17.0133,20.3179,3.4102,22.1061,365.18,365.18,365.18,0.0,0.0,0.0
AXP,344.0799865722656,344.08,2026-08-12,False,338.6499938964844,344.57000732421875,0.96,11.79,BAJO,230152339456.0,20.69,16.94,6.71,34.38,3.79,20.32,16.14,,,1.72,1.55,4.0,YAHOO,3.0953,4.353,2.2568,0.069071,5.607,0.2768,72.09,2026-10-23,72,2026-07-24,19.0,yahoo,1.0,0.0,1.0,1.0,0.0,0.0,1.0,0.0,0.0,-1.4069,3.7949,10.111,10.4706,12.3244,26.0945,361.57,361.57,,-4.8372,-4.8372,
MA,559.72998046875,559.73,2026-08-12,False,556.0599975585938,563.5499267578125,-0.3,-5.44,BAJO,491827003392.0,30.87,24.4,87.78,241.2,24.06,61.11,46.34,3.45,22.81,4.4,1.06,9.0,YAHOO,3.0953,4.353,2.2568,0.069071,5.607,0.2768,72.09,2026-10-29,78,2026-07-30,13.0,yahoo,1.0,1.0,1.0,1.0,1.0,1.0,1.0,1.0,1.0,-1.8844,-0.6373,15.2429,12.1763,16.6022,22.8843,577.35,577.35,595.2507,-3.0519,-3.0519,-5.9674
V,359.4200134277344,359.42,2026-08-12,False,358.3349914550781,363.3500061035156,-0.94,2.86,BAJO,677402116096.0,30.9,24.23,19.23,61.19,19.11,66.13,50.78,3.01,21.79,0.68,0.98,6.0,YAHOO,3.0953,4.353,2.2568,0.069071,5.607,0.2768,72.09,2026-10-27,76,2026-07-28,15.0,yahoo,1.0,0.0,1.0,1.0,1.0,0.0,1.0,0.0,1.0,-2.2935,-2.3438,12.8625,10.3142,18.3238,20.4661,369.7831,369.7831,369.7831,-2.8025,-2.8025,-2.8025
PYPL,59.20000076293945,59.2,2026-08-12,False,57.93000030517578,59.29999923706055,0.34,-18.36,BAJO,50472189952.0,11.15,10.19,2.57,24.5,4.62,16.97,14.36,8.76,8.29,0.72,1.29,9.0,YAHOO,3.0953,4.353,2.2568,0.069071,5.607,0.2768,72.09,2026-10-27,76,2026-07-28,15.0,yahoo,1.0,1.0,1.0,1.0,1.0,1.0,1.0,1.0,1.0,2.1923,1.4567,43.5499,30.7112,10.4727,45.1128,59.78,59.78,75.4763,-0.9702,-0.9702,-21.5648
PAGS,8.720000267028809,8.72,2026-08-12,False,8.529999732971191,8.914999961853027,-1.91,2.03,BAJO,2484926976.0,6.17,4.74,0.87,14.52,6.51,37.33,10.79,210.52,0.31,0.18,1.43,7.0,YAHOO,3.0953,4.353,2.2568,0.069071,5.607,0.2768,72.09,2026-08-11,999,,,yahoo,1.0,0.0,1.0,1.0,1.0,0.0,1.0,1.0,1.0,-7.234,-9.2612,2.2274,-13.834,11.9497,32.2697,9.84,9.84,,-11.3821,-11.3821,
NU,13.5600004196167,13.56,2026-08-12,False,13.40999984741211,13.800000190734863,-0.66,6.72,BAJO,65936109568.0,21.0,11.81,5.27,30.05,4.84,48.23,41.92,,,,,4.0,YAHOO,3.0953,4.353,2.2568,0.069071,5.607,0.2768,72.09,2026-08-13,1,,,yahoo,1.0,0.0,1.0,1.0,1.0,0.0,0.0,0.0,0.0,-6.3536,-3.4188,12.1588,2.1854,14.9411,38.4694,14.68,14.68,18.76,-7.6294,-7.6294,-27.7185
XP,15.4399995803833,15.44,2026-08-12,False,15.395000457763672,15.729999542236328,-0.45,-11.69,BAJO,8013667328.0,7.91,6.55,1.71,22.94,1.37,29.95,28.85,,,6.77,1.39,6.0,YAHOO,3.0953,4.353,2.2568,0.069071,5.607,0.2768,72.09,2026-08-17,5,,,yahoo,1.0,1.0,1.0,1.0,1.0,0.0,1.0,0.0,0.0,-9.0695,-8.0952,2.4902,-16.7642,30.3199,40.185,17.2,17.6908,,-10.2326,-12.7232,
AIG,76.13999938964844,76.14,2026-08-12,False,76.05999755859375,77.0199966430664,-1.51,-5.32,BAJO,40424869888.0,14.11,8.78,1.02,7.22,1.76,19.41,11.09,18.22,4.82,0.22,0.61,5.0,YAHOO,3.0953,4.353,2.2568,0.069071,5.607,0.2768,72.09,2026-11-04,84,2026-08-06,6.0,yahoo,1.0,1.0,1.0,1.0,0.0,0.0,1.0,0.0,0.0,-4.9676,-5.0623,1.7605,0.322,8.8045,23.3261,80.83,81.06,85.514,-5.8023,-6.0696,-10.9619
BRK-B,510.0,510.0,2026-08-12,False,508.0,514.3800048828125,-1.24,3.95,BAJO,1105419698176.0,12.99,23.65,0.0,12.12,6.01,32.56,22.3,6.51,-1.79,0.17,2.89,4.0,YAHOO,3.0953,4.353,2.2568,0.069071,5.607,0.2768,72.09,2026-11-07,87,2026-08-03,9.0,yahoo,1.0,0.0,1.0,0.0,1.0,0.0,1.0,0.0,0.0,-1.7057,0.165,4.9836,5.1633,26.0669,15.7337,529.42,529.42,529.42,-3.6682,-3.6682,-3.6682
BBD,3.200000047683716,3.2,2026-08-12,False,3.184999942779541,3.240000009536743,-0.31,8.76,BAJO,34962276352.0,7.47,5.7,0.95,13.76,1.07,34.52,26.07,,,,,4.0,YAHOO,3.0953,4.353,2.2568,0.069071,5.607,0.2768,72.09,2026-11-04,84,2026-08-05,7.0,yahoo,1.0,1.0,0.0,0.0,1.0,0.0,1.0,0.0,0.0,-8.046,-9.5008,-4.9422,-10.3091,22.4941,29.2385,3.7257,3.7257,4.1109,-14.1107,-14.1107,-22.1584
AEG,9.399999618530273,9.4,2026-08-12,False,9.399999618530273,9.4399995803833,0.11,27.33,BAJO,13884204032.0,13.61,10.03,1.63,10.42,0.14,0.27,8.01,-1.47,,0.57,8.0,6.0,YAHOO,3.0953,4.353,2.2568,0.069071,5.607,0.2768,72.09,2026-08-20,8,,,yahoo,1.0,1.0,1.0,0.0,1.0,0.0,1.0,0.0,1.0,-1.0526,4.2129,13.4347,15.7414,11.4769,20.8728,9.53,9.53,9.53,-1.3641,-1.3641,-1.3641
SAN,14.819999694824219,14.82,2026-08-12,False,14.765000343322754,14.908900260925293,0.75,54.53,BAJO,209861459968.0,14.42,10.29,1.67,13.11,0.78,43.44,33.46,,,,,4.0,YAHOO,3.0953,4.353,2.2568,0.069071,5.607,0.2768,72.09,2026-10-28,77,2026-07-22,21.0,yahoo,1.0,1.0,0.0,0.0,1.0,0.0,1.0,0.0,0.0,1.2295,10.7623,17.9936,23.2945,5.53,33.6796,14.82,14.82,14.82,0.0,0.0,0.0
GGAL,44.220001220703125,44.22,2026-08-12,False,43.61000061035156,44.82500076293945,-0.7,-14.11,BAJO,7545761280.0,123.69,6.95,12.49,0.9,0.17,1.78,1.14,,,,,1.0,YAHOO,3.0953,4.353,2.2568,0.069071,5.607,0.2768,72.09,2026-08-25,13,,,yahoo,1.0,0.0,0.0,0.0,0.0,0.0,0.0,0.0,0.0,-8.5608,-9.9419,-20.1163,4.9149,30.8904,57.0941,53.1876,56.3145,58.6947,-16.8603,-21.4767,-24.6609
MELI,1828.2900390625,1828.29,2026-08-12,False,1827.0,1927.0,-5.76,-24.34,BAJO,98351792128.0,52.9,33.94,12.55,27.5,4.31,6.72,5.3,0.36,27.19,1.69,1.12,5.0,YAHOO,3.0953,4.353,2.2568,0.069071,5.607,0.2768,72.09,2026-11-04,84,2026-08-05,7.0,yahoo,1.0,0.0,1.0,1.0,1.0,0.0,1.0,0.0,0.0,-4.9038,-1.8795,13.5584,15.804,78.6449,34.6116,1940.0,1940.0,2510.97,-5.7582,-5.7582,-27.1879
WFC,88.93000030517578,88.93,2026-08-12,False,87.4000015258789,89.21499633789062,1.69,13.76,BAJO,264448720896.0,12.71,11.07,1.64,12.57,1.08,37.39,27.23,,,,,3.0,YAHOO,3.0953,4.353,2.2568,0.069071,5.607,0.2768,72.09,2026-10-13,62,2026-07-14,29.0,yahoo,1.0,0.0,0.0,0.0,1.0,0.0,1.0,0.0,0.0,0.3034,6.6419,8.5444,18.9686,12.6058,23.8151,88.93,88.93,94.8289,0.0,0.0,-6.2206
BCS,28.040000915527344,28.04,2026-08-12,False,27.920000076293945,28.135000228881836,0.72,41.01,BAJO,93721952256.0,10.71,8.19,1.06,10.09,0.47,42.95,27.87,,,,,6.0,YAHOO,3.0953,4.353,2.2568,0.069071,5.607,0.2768,72.09,2026-10-22,71,2026-07-28,15.0,yahoo,1.0,1.0,1.0,1.0,0.0,0.0,1.0,0.0,1.0,-0.3691,5.0962,17.0241,21.7473,7.9506,35.1064,28.2428,28.2428,,-0.718,-0.718,
HSBC,104.12000274658203,104.12,2026-08-12,False,103.58000183105469,104.23999786376953,0.88,68.55,BAJO,354703114240.0,14.72,10.9,8.19,13.1,0.78,58.77,37.8,,,,,5.0,YAHOO,3.0953,4.353,2.2568,0.069071,5.607,0.2768,72.09,2026-10-27,76,2026-08-04,8.0,yahoo,1.0,0.0,1.0,1.0,1.0,0.0,1.0,0.0,0.0,1.4024,0.405,13.7551,17.6768,11.8376,27.9669,107.86,107.86,,-3.4675,-3.4675,
BHP,90.12000274658203,90.12,2026-08-12,False,89.91000366210938,91.58000183105469,0.11,65.01,BAJO,228681859072.0,22.39,18.47,4.53,24.71,12.23,40.73,18.97,3.56,9.48,0.53,1.65,4.0,YAHOO,3.0953,4.353,2.2568,0.069071,5.607,0.2768,72.09,2026-08-17,5,,,yahoo,1.0,1.0,1.0,1.0,0.0,0.0,0.0,0.0,0.0,0.8279,8.4346,2.4091,2.038,24.3016,38.6676,90.61,93.15,93.15,-0.5408,-3.2528,-3.2528
LYG,6.190000057220459,6.19,2026-08-12,False,6.159999847412109,6.210000038146973,1.48,41.54,BAJO,88503762944.0,14.19,9.61,1.58,11.34,0.56,44.96,26.43,,,,,6.0,YAHOO,3.0953,4.353,2.2568,0.069071,5.607,0.2768,72.09,2026-10-29,78,2026-07-30,13.0,yahoo,1.0,1.0,1.0,1.0,0.0,0.0,1.0,0.0,1.0,0.3827,4.3913,17.4891,15.5418,21.3547,31.6033,6.196,6.196,,-0.0968,-0.0968,
ING,35.61000061035156,35.61,2026-08-12,False,35.5,35.685001373291016,0.74,49.28,BAJO,101015068672.0,13.24,11.08,1.74,17.12,0.8,49.1,34.49,,,,,2.0,YAHOO,3.0953,4.353,2.2568,0.069071,5.607,0.2768,72.09,2026-10-29,78,2026-07-30,13.0,yahoo,1.0,0.0,0.0,0.0,0.0,0.0,1.0,0.0,0.0,0.4261,8.3926,23.9198,21.1318,5.7283,28.4174,35.61,35.61,,0.0,0.0,
IBN,29.84000015258789,29.84,2026-08-12,False,29.729999542236328,29.96500015258789,-0.1,-10.77,BAJO,,18.44,16.15,2.69,16.07,2.11,38.51,27.53,,,,,4.0,YAHOO,3.0953,4.353,2.2568,0.069071,5.607,0.2768,72.09,2026-10-17,66,2026-07-20,23.0,yahoo,1.0,0.0,1.0,1.0,1.0,0.0,0.0,0.0,0.0,-1.8421,1.1083,9.5769,16.7177,5.1974,20.4469,30.48,30.48,33.0533,-2.0997,-2.0997,-9.7215
MUFG,22.760000228881836,22.76,2026-08-12,False,22.735000610351562,22.854999542236328,2.89,48.53,BAJO,249444433920.0,16.39,21.48,1.73,9.46,0.51,45.6,27.45,,,,,1.0,YAHOO,3.0953,4.353,2.2568,0.069071,5.607,0.2768,72.09,2026-11-05,85,2026-08-03,9.0,finnhub,1.0,0.0,0.0,0.0,0.0,0.0,0.0,0.0,0.0,1.5165,3.7375,13.3466,23.2936,28.4095,26.4667,23.1,23.1,23.1,-1.4719,-1.4719,-1.4719
GS,1037.2099609375,1037.21,2026-08-12,False,1031.739990234375,1056.050048828125,0.27,39.18,BAJO,301190610944.0,15.97,13.97,2.82,16.9,1.07,42.18,31.04,,,7.25,1.56,4.0,YAHOO,3.0953,4.353,2.2568,0.069071,5.607,0.2768,72.09,2026-10-13,62,2026-07-14,29.0,yahoo,1.0,1.0,0.0,0.0,0.0,0.0,1.0,0.0,1.0,-2.1851,5.7568,0.1516,10.1365,7.8126,40.6104,1098.2,1152.0699,1152.0699,-5.5536,-9.9699,-9.9699
BX,146.41000366210938,146.41,2026-08-12,False,144.27000427246094,148.63999938964844,-0.52,-16.64,BAJO,183168860160.0,32.85,19.65,13.06,31.37,14.33,54.36,22.73,,,0.68,0.87,5.0,YAHOO,3.0953,4.353,2.2568,0.069071,5.607,0.2768,72.09,2026-10-22,71,2026-07-23,20.0,yahoo,1.0,0.0,1.0,1.0,1.0,0.0,0.0,0.0,1.0,7.6307,14.2995,22.3557,20.4818,31.298,39.7326,147.17,147.17,181.3246,-0.5164,-0.5164,-19.2553
ITUB,7.400000095367432,7.4,2026-08-12,False,7.380000114440918,7.519999980926514,-1.33,14.34,BAJO,82664038400.0,9.04,7.49,1.93,21.48,1.58,39.07,32.58,,,,,4.0,YAHOO,3.0953,4.353,2.2568,0.069071,5.607,0.2768,72.09,2026-11-03,83,2026-08-04,8.0,yahoo,1.0,1.0,1.0,0.0,0.0,0.0,1.0,0.0,0.0,-9.866,-10.9192,-1.9103,-8.5903,28.9529,29.139,8.487,8.617,,-12.8078,-14.1228,
BAC,64.80999755859375,64.81,2026-08-12,False,63.84000015258789,64.94999694824219,1.27,37.28,BAJO,447535906816.0,14.78,12.08,1.63,11.2,0.97,38.3,29.52,,,,,5.0,YAHOO,3.0953,4.353,2.2568,0.069071,5.607,0.2768,72.09,2026-10-14,63,2026-07-14,29.0,yahoo,1.0,1.0,1.0,0.0,0.0,0.0,1.0,0.0,1.0,2.4664,6.1241,17.4946,28.2921,8.6437,18.3399,64.81,64.81,64.81,0.0,0.0,0.0
RACE,407.2099914550781,407.21,2026-08-12,False,404.6199951171875,410.2300109863281,-0.74,-11.61,BAJO,72109285376.0,38.2,32.4,17.11,45.44,13.6,31.06,22.25,1.39,29.68,0.86,2.43,9.0,YAHOO,3.0953,4.353,2.2568,0.069071,5.607,0.2768,72.09,2026-11-03,83,2026-07-30,13.0,finnhub,1.0,1.0,1.0,1.0,1.0,1.0,1.0,1.0,1.0,0.1008,5.5796,11.3752,23.6743,19.5657,36.5278,412.26,412.26,498.3386,-1.225,-1.225,-18.2865
C,137.5800018310547,137.58,2026-08-12,False,136.52000427246094,138.5850067138672,1.33,45.53,BAJO,227745595392.0,14.63,10.54,1.18,8.53,0.66,36.23,21.83,,,,,3.0,YAHOO,3.0953,4.353,2.2568,0.069071,5.607,0.2768,72.09,2026-10-13,62,2026-07-14,29.0,yahoo,1.0,0.0,0.0,0.0,1.0,0.0,1.0,0.0,0.0,-0.0436,8.7702,0.1517,9.3637,8.2397,30.1051,137.64,144.9331,144.9331,-0.0436,-5.0735,-5.0735
SCHW,109.33999633789062,109.34,2026-08-12,False,106.75,109.66000366210938,1.52,12.61,BAJO,186249445376.0,19.62,13.8,4.24,20.27,2.07,52.28,38.79,,,1.51,0.66,7.0,YAHOO,3.0953,4.353,2.2568,0.069071,5.607,0.2768,72.09,2026-10-15,64,2026-07-21,22.0,yahoo,1.0,1.0,1.0,1.0,1.0,0.0,1.0,0.0,1.0,1.222,4.6616,23.2694,21.2464,12.6872,24.6526,109.34,109.34,109.34,0.0,0.0,0.0
PG,144.0800018310547,144.08,2026-08-12,False,143.7899932861328,144.94000244140625,-0.78,-7.46,BAJO,337530945536.0,21.94,19.62,6.33,30.29,10.72,22.08,18.44,3.93,14.69,0.64,0.68,6.0,YAHOO,3.0953,4.353,2.2568,0.069071,5.607,0.2768,72.09,2026-10-22,71,2026-07-29,14.0,yahoo,1.0,0.0,1.0,1.0,1.0,0.0,1.0,0.0,1.0,-1.8529,-1.3826,-2.1467,0.8655,9.9524,22.897,150.3774,151.6182,164.7207,-4.1877,-4.9718,-12.5307
KO,86.70999908447266,86.71,2026-08-12,False,85.68000030517578,87.29000091552734,0.27,23.65,BAJO,372084441088.0,25.97,24.52,10.29,42.05,9.4,34.87,28.56,1.4,23.66,1.16,1.3,7.0,YAHOO,3.0953,4.353,2.2568,0.069071,5.607,0.2768,72.09,2026-10-20,69,2026-07-28,15.0,yahoo,1.0,1.0,1.0,0.0,1.0,1.0,1.0,1.0,0.0,-0.1382,-2.6605,5.7432,9.0464,5.5122,24.7349,89.08,89.08,89.08,-2.6605,-2.6605,-2.6605
PEP,138.6999969482422,138.7,2026-08-12,False,136.73049926757812,138.75,0.21,-6.35,BAJO,189068066816.0,18.14,15.42,8.56,51.51,8.93,16.84,10.79,4.14,12.27,2.39,0.93,5.0,YAHOO,3.0953,4.353,2.2568,0.069071,5.607,0.2768,72.09,2026-10-08,57,,,yahoo,1.0,0.0,1.0,1.0,0.0,1.0,1.0,0.0,0.0,-0.0576,-3.3449,-3.4996,-7.6989,10.5092,23.8918,143.5,149.0023,167.221,-3.3449,-6.9142,-17.0559
MO,64.37999725341797,64.38,2026-08-12,False,64.33999633789062,65.05999755859375,-1.0,2.06,BAJO,108583444480.0,13.69,11.09,-40.69,,29.55,61.46,39.0,8.32,8.3,,0.52,6.0,YAHOO,3.0953,4.353,2.2568,0.069071,5.607,0.2768,72.09,2026-10-29,78,2026-07-30,13.0,yahoo,1.0,0.0,1.0,1.0,0.0,1.0,1.0,1.0,0.0,-5.9322,-14.0683,-8.4963,-6.5062,33.0868,30.8945,74.92,74.92,74.92,-14.0683,-14.0683,-14.0683
WMT,116.01000213623047,116.01,2026-08-12,False,112.27999877929688,116.04499816894531,2.43,12.93,BAJO,901332074496.0,39.88,34.52,9.56,24.13,6.83,4.22,3.14,0.76,21.59,0.75,0.77,7.0,YAHOO,3.0953,4.353,2.2568,0.069071,5.607,0.2768,72.09,2026-08-20,8,,,yahoo,1.0,1.0,1.0,1.0,1.0,0.0,1.0,1.0,0.0,3.2669,1.5672,-3.7261,-11.0012,17.6286,27.4578,116.01,134.2,134.2,0.0,-13.5544,-13.5544
TGT,154.0,154.0,2026-08-12,False,150.32000732421875,154.1199951171875,1.9,49.18,BAJO,,20.12,16.93,4.22,22.02,5.68,4.52,3.24,,10.18,1.18,0.93,6.0,YAHOO,3.0953,4.353,2.2568,0.069071,5.607,0.2768,72.09,2026-08-19,7,,,yahoo,1.0,0.0,1.0,1.0,1.0,1.0,1.0,0.0,0.0,5.0657,6.3619,16.9949,28.611,12.6396,33.0723,154.0,154.0,154.0,0.0,0.0,0.0
MCD,275.70001220703125,275.7,2026-08-12,False,268.760009765625,276.20001220703125,0.57,-10.33,BAJO,193999929344.0,22.25,19.59,-189.59,,13.25,46.48,31.72,3.23,16.6,,1.08,6.0,YAHOO,3.0953,4.353,2.2568,0.069071,5.607,0.2768,72.09,2026-11-05,85,2026-08-04,8.0,yahoo,1.0,0.0,1.0,1.0,1.0,0.0,1.0,1.0,0.0,0.6204,1.5395,-3.185,0.9932,8.3312,22.4432,276.26,287.93,336.8806,-0.2027,-4.2476,-18.1609
SBUX,108.48999786376953,108.49,2026-08-12,False,105.87999725341797,108.56500244140625,1.72,15.33,BAJO,121592406016.0,61.65,34.3,-15.84,,8.02,12.92,5.17,2.52,24.89,,0.76,5.0,YAHOO,3.0953,4.353,2.2568,0.069071,5.607,0.2768,72.09,2026-10-28,77,2026-07-29,14.0,yahoo,1.0,0.0,1.0,1.0,1.0,0.0,0.0,0.0,1.0,2.3491,4.1771,6.0716,2.3887,20.6567,23.1807,108.49,108.49,108.49,0.0,0.0,0.0
NKE,40.5099983215332,40.51,2026-08-12,False,40.45000076293945,41.244998931884766,-1.96,-48.99,BAJO,61298167808.0,19.68,17.99,4.12,22.14,6.97,12.69,6.7,3.08,13.08,0.74,1.96,4.0,YAHOO,3.0953,4.353,2.2568,0.069071,5.607,0.2768,72.09,2026-09-29,48,,,yahoo,1.0,0.0,1.0,0.0,1.0,0.0,0.0,1.0,0.0,-4.5701,-6.2703,-11.8581,-3.4888,21.8,34.655,44.57,46.9499,77.0555,-9.1093,-13.7165,-47.4275
MDLZ,62.18000030517578,62.18,2026-08-12,False,60.92499923706055,62.2599983215332,0.65,0.56,BAJO,78850310144.0,37.67,18.38,2.97,13.34,4.12,21.98,8.86,2.86,16.27,0.83,0.6,5.0,YAHOO,3.0953,4.353,2.2568,0.069071,5.607,0.2768,72.09,2026-10-27,76,2026-07-28,15.0,yahoo,1.0,0.0,1.0,1.0,0.0,0.0,1.0,0.0,1.0,-0.6709,-4.3237,-1.0398,1.6227,16.9236,26.644,64.99,64.99,64.99,-4.3237,-4.3237,-4.3237
HSY,184.22999572753906,184.23,2026-08-12,False,179.1999969482422,184.44000244140625,1.24,0.07,BAJO,36564451328.0,24.83,18.44,8.01,32.81,9.92,23.12,12.24,4.77,15.38,1.3,1.18,4.0,YAHOO,3.0953,4.353,2.2568,0.069071,5.607,0.2768,72.09,2026-11-05,85,2026-07-30,13.0,yahoo,1.0,0.0,1.0,1.0,0.0,1.0,0.0,0.0,0.0,2.5894,0.458,4.7356,-0.7557,12.2164,31.8075,184.23,197.82,,0.0,-6.8699,
ANF,112.2300033569336,112.23,2026-08-12,False,112.14900207519531,117.33499908447266,-4.87,8.01,BAJO,5241609216.0,11.41,10.02,3.91,39.22,12.73,7.98,9.34,5.41,7.18,0.95,1.45,5.0,YAHOO,3.0953,4.353,2.2568,0.069071,5.607,0.2768,72.09,2026-08-26,14,,,yahoo,1.0,0.0,1.0,1.0,0.0,1.0,1.0,0.0,0.0,2.54,9.5034,23.8468,53.6135,67.5589,53.3084,118.53,118.53,129.85,-5.3151,-5.3151,-13.5695
EBAY,102.30999755859375,102.31,2026-08-12,False,101.87999725341797,105.44999694824219,-3.49,-0.07,BAJO,47174451200.0,22.27,15.79,10.31,46.61,9.15,21.57,18.57,3.35,16.48,1.53,1.02,5.0,YAHOO,3.0953,4.353,2.2568,0.069071,5.607,0.2768,72.09,2026-11-04,84,2026-08-05,7.0,yahoo,1.0,1.0,1.0,0.0,0.0,0.0,1.0,0.0,1.0,-7.9532,-11.2663,-6.66,-7.071,39.9542,32.706,117.44,118.6311,118.6311,-12.8832,-13.7579,-13.7579
ABEV,2.819999933242798,2.82,2026-08-12,False,2.819999933242798,2.859999895095825,-0.7,25.07,BAJO,43885936640.0,14.2,13.18,2.53,18.4,10.3,23.74,18.41,45.25,1.08,0.03,1.02,8.0,YAHOO,3.0953,4.353,2.2568,0.069071,5.607,0.2768,72.09,2026-10-29,78,2026-07-30,13.0,yahoo,1.0,1.0,1.0,1.0,1.0,0.0,1.0,1.0,1.0,-6.9307,-9.0323,-12.1722,-13.2499,22.0997,22.9459,3.14,3.2607,3.4202,-10.1911,-13.5152,-17.5494
UL,61.720001220703125,61.72,2026-08-12,False,61.42499923706055,61.92499923706055,-1.04,-9.22,BAJO,134365388800.0,20.86,15.89,7.18,31.87,8.29,20.34,18.32,5.01,14.95,1.75,0.74,7.0,YAHOO,3.0953,4.353,2.2568,0.069071,5.607,0.2768,72.09,2026-10-28,77,2026-07-28,15.0,finnhub,1.0,1.0,1.0,0.0,0.0,1.0,1.0,1.0,1.0,-3.4004,-6.9252,10.963,6.992,6.6536,28.3838,66.3122,66.3122,,-6.9252,-6.9252,
URBN,77.47000122070312,77.47,2026-08-12,False,77.12010192871094,79.3499984741211,-2.47,-1.5,BAJO,6801994240.0,15.28,11.74,2.6,18.73,8.36,8.96,7.48,0.07,10.04,0.46,1.48,8.0,YAHOO,3.0953,4.353,2.2568,0.069071,5.607,0.2768,72.09,2026-08-26,14,,,yahoo,1.0,1.0,1.0,1.0,0.0,1.0,1.0,1.0,1.0,-0.5392,3.0186,7.7769,9.9801,39.0819,40.827,79.49,79.49,,-2.5412,-2.5412,
CL,92.31999969482422,92.32,2026-08-12,False,91.30000305175781,93.05999755859375,0.01,6.7,BAJO,73587015680.0,36.34,22.51,311.86,267.37,15.84,20.97,9.68,4.7,16.12,13.88,1.03,5.0,YAHOO,3.0953,4.353,2.2568,0.069071,5.607,0.2768,72.09,2026-10-30,79,2026-07-31,12.0,yahoo,1.0,0.0,1.0,1.0,1.0,0.0,1.0,0.0,0.0,-1.0292,-1.2515,3.8698,6.1862,8.1006,25.1716,93.5338,94.5877,97.966,-1.2977,-2.3975,-5.7633
COST,949.5750122070312,949.575,2026-08-12,False,935.0499877929688,951.3886108398438,0.56,-5.32,BAJO,418785918976.0,47.43,41.68,25.33,29.15,8.67,3.67,3.01,1.66,30.25,0.6,1.07,6.0,YAHOO,3.0953,4.353,2.2568,0.069071,5.607,0.2768,72.09,2026-09-24,43,,,yahoo,1.0,0.0,1.0,1.0,1.0,1.0,0.0,1.0,0.0,0.8052,-2.5107,-2.5218,-6.9279,10.7747,22.1729,974.03,1092.5829,1092.5829,-2.5107,-13.089,-13.089
KMB,108.93000030517578,108.93,2026-08-12,False,107.4000015258789,109.55000305175781,0.33,-18.14,BAJO,36108107776.0,21.46,14.53,20.63,104.91,10.2,19.0,11.79,2.61,12.01,3.49,0.91,4.0,YAHOO,3.0953,4.353,2.2568,0.069071,5.607,0.2768,72.09,2026-11-03,83,2026-08-04,8.0,yahoo,1.0,0.0,1.0,1.0,1.0,0.0,0.0,0.0,0.0,-3.0613,-3.7806,7.2779,13.4438,17.2035,29.9578,113.21,114.74,128.5177,-3.7806,-5.0636,-15.2412
ORLY,92.05000305175781,92.05,2026-08-12,False,91.58000183105469,93.16999816894531,-0.56,-13.22,BAJO,74885496832.0,29.39,25.35,-41.16,,13.67,20.15,14.27,2.1,20.2,,0.75,7.0,YAHOO,3.0953,4.353,2.2568,0.069071,5.607,0.2768,72.09,2026-10-28,77,2026-07-29,14.0,yahoo,1.0,0.0,1.0,1.0,1.0,1.0,1.0,1.0,0.0,-1.4876,1.5668,2.1643,0.2287,12.6814,31.4035,93.53,93.53,107.82,-1.5824,-1.5824,-14.6262
PM,186.19000244140625,186.19,2026-08-12,False,184.0220947265625,187.0,-0.02,13.41,BAJO,290244984832.0,25.54,20.31,-33.82,,14.59,40.0,25.56,3.35,18.61,,0.98,7.0,YAHOO,3.0953,4.353,2.2568,0.069071,5.607,0.2768,72.09,2026-10-21,70,2026-07-22,21.0,yahoo,1.0,1.0,1.0,1.0,1.0,1.0,0.0,1.0,0.0,-1.4503,-6.1732,3.8522,0.4299,18.2787,29.2876,200.17,200.17,200.17,-6.9841,-6.9841,-6.9841
ETSY,79.62999725341797,79.63,2026-08-12,False,78.70999908447266,81.37999725341797,0.19,10.71,BAJO,7294813184.0,25.15,11.62,-5.26,,10.53,18.74,7.11,2.33,19.64,,1.48,5.0,YAHOO,3.0953,4.353,2.2568,0.069071,5.607,0.2768,72.09,2026-11-04,84,2026-08-05,7.0,yahoo,1.0,0.0,1.0,1.0,1.0,0.0,1.0,0.0,0.0,-7.256,-6.9526,14.6745,38.4629,65.6867,42.8543,86.47,86.47,86.47,-7.9103,-7.9103,-7.9103
TM,188.22000122070312,188.22,2026-08-12,False,188.22000122070312,189.6385955810547,-0.84,-6.08,BAJO,224766853120.0,8.53,12.03,15.34,12.4,2.34,7.86,8.63,-1601.64,6.27,1.15,1.17,3.0,YAHOO,3.0953,4.353,2.2568,0.069071,5.607,0.2768,72.09,2026-11-05,85,2026-08-04,8.0,yahoo,1.0,0.0,1.0,1.0,0.0,0.0,0.0,0.0,0.0,1.2534,-2.3958,7.585,3.6054,16.827,25.5185,192.84,192.84,248.29,-2.3958,-2.3958,-24.1935
HMC,31.309999465942383,31.31,2026-08-12,False,31.049999237060547,31.399999618530273,-1.23,-9.16,BAJO,41136209920.0,,,0.53,-0.76,-0.15,8.76,-0.75,650.9,7.16,1.14,1.29,3.0,YAHOO,3.0953,4.353,2.2568,0.069071,5.607,0.2768,72.09,2026-11-05,85,2026-08-05,7.0,yahoo,0.0,0.0,1.0,1.0,0.0,0.0,1.0,0.0,0.0,2.3203,2.0535,15.6631,29.8631,33.3709,33.0095,31.82,31.82,34.85,-1.6028,-1.6028,-10.1578
NSANY,4.230000019073486,4.23,2026-08-12,False,4.230000019073486,4.269999980926514,-4.08,-8.69,BAJO,7761969152.0,,5.16,0.25,-7.65,0.69,2.63,-3.37,-17515.96,15.32,1.72,1.54,5.0,YAHOO,3.0953,4.353,2.2568,0.069071,5.607,0.2768,72.09,2026-11-04,84,2026-08-03,9.0,finnhub,0.0,1.0,1.0,1.0,0.0,1.0,0.0,0.0,0.0,0.7143,-3.2037,0.7143,-4.5147,46.7587,44.622,4.51,5.08,6.05,-6.2084,-16.7323,-30.0826
GM,86.76000213623047,86.76,2026-08-12,False,86.72000122070312,89.12000274658203,-2.9,54.63,BAJO,80812744704.0,39.89,6.08,1.26,3.16,2.25,3.2,1.05,27.14,11.18,2.02,1.14,5.0,YAHOO,3.0953,4.353,2.2568,0.069071,5.607,0.2768,72.09,2026-10-20,69,2026-07-21,22.0,yahoo,1.0,0.0,1.0,1.0,0.0,1.0,1.0,0.0,0.0,-2.6918,-2.953,7.3098,13.7468,31.2482,34.1335,90.3,90.3,90.3,-3.9203,-3.9203,-3.9203
ARCO,7.900000095367432,7.9,2026-08-12,False,7.869999885559082,7.96999979019165,-0.13,16.41,BAJO,1666344704.0,7.13,9.28,2.15,36.28,6.71,5.16,4.86,10.95,6.04,2.79,0.8,6.0,YAHOO,3.0953,4.353,2.2568,0.069071,5.607,0.2768,72.09,2026-08-13,1,,,yahoo,1.0,1.0,1.0,1.0,0.0,1.0,1.0,0.0,0.0,-6.7296,-6.1758,-2.9816,-11.0032,14.2826,37.8447,8.47,9.0751,,-6.7296,-12.9485,
HD,343.42999267578125,343.43,2026-08-12,False,343.0299987792969,353.8656921386719,-3.12,-16.31,BAJO,,25.19,22.01,25.47,128.38,12.52,11.93,8.41,,16.66,4.59,1.04,4.0,YAHOO,3.0953,4.353,2.2568,0.069071,5.607,0.2768,72.09,2026-08-18,6,,,yahoo,1.0,0.0,1.0,1.0,1.0,0.0,0.0,0.0,0.0,-2.7496,1.5254,5.3434,11.4494,35.5248,28.6171,355.62,357.9,414.7939,-3.4278,-4.043,-17.2047
DIS,103.22000122070312,103.22,2026-08-12,False,102.0250015258789,103.68000030517578,-0.3,-13.12,BAJO,178763890688.0,21.35,13.92,1.63,8.01,4.81,19.3,8.7,2.72,10.77,0.39,0.71,8.0,YAHOO,3.0953,4.353,2.2568,0.069071,5.607,0.2768,72.09,,999,2026-08-05,7.0,yahoo,1.0,1.0,1.0,1.0,1.0,0.0,1.0,1.0,1.0,1.4347,4.8132,3.6585,-2.0244,14.4613,25.5203,104.91,104.91,117.1635,-1.6109,-1.6109,-11.9009
JNJ,260.8599853515625,260.86,2026-08-12,False,255.2550048828125,261.4100036621094,0.41,50.4,BAJO,626091622400.0,30.17,21.11,7.36,25.74,8.6,29.19,21.48,2.7,18.77,0.58,1.09,3.0,YAHOO,3.0953,4.353,2.2568,0.069071,5.607,0.2768,72.09,2026-10-13,62,2026-07-15,28.0,yahoo,1.0,1.0,1.0,0.0,0.0,0.0,0.0,0.0,0.0,1.2695,-1.7588,9.4533,16.9893,12.7697,24.9729,266.73,267.24,267.24,-2.2007,-2.3874,-2.3874
LLY,1220.280029296875,1220.28,2026-08-12,False,1191.0799560546875,1226.5,0.43,83.16,BAJO,1083483619328.0,40.76,26.1,34.8,102.29,20.36,54.22,33.53,1.02,27.07,1.62,1.35,7.0,YAHOO,3.0953,4.353,2.2568,0.069071,5.607,0.2768,72.09,2026-10-29,78,2026-08-05,7.0,yahoo,1.0,1.0,1.0,0.0,0.0,1.0,1.0,1.0,1.0,4.3099,0.8479,5.1105,23.489,36.7354,34.1504,1231.9399,1235.5601,1235.5601,-0.9465,-1.2367,-1.2367
NVO,46.38999938964844,46.39,2026-08-12,False,45.56999969482422,46.54999923706055,-1.65,-7.35,BAJO,206658846720.0,11.65,14.04,6.73,59.81,18.73,42.54,35.35,18.23,1.75,0.63,0.87,4.0,YAHOO,3.0953,4.353,2.2568,0.069071,5.607,0.2768,72.09,2026-11-04,84,2026-08-04,8.0,yahoo,1.0,0.0,1.0,1.0,0.0,1.0,0.0,0.0,0.0,4.177,-10.062,5.5278,-1.2979,32.7101,38.9331,51.61,51.61,61.7166,-10.1143,-10.1143,-24.8338
AMGN,416.17999267578125,416.18,2026-08-12,False,409.0000915527344,418.19268798828125,0.45,47.53,BAJO,224136298496.0,25.73,17.11,19.16,91.47,8.67,35.55,22.95,3.86,15.48,4.9,1.37,7.0,YAHOO,3.0953,4.353,2.2568,0.069071,5.607,0.2768,72.09,2026-11-03,83,2026-08-04,8.0,yahoo,1.0,1.0,1.0,1.0,1.0,0.0,0.0,1.0,1.0,2.0474,7.3625,23.2286,27.2256,16.7288,26.8681,417.2,417.2,,-0.2445,-0.2445,
UNH,405.5899963378906,405.59,2026-08-12,False,400.6499938964844,407.20001220703125,0.85,50.31,BAJO,365246578688.0,30.29,17.93,3.49,14.15,4.38,7.13,3.14,6.23,16.8,0.69,0.78,6.0,YAHOO,3.0953,4.353,2.2568,0.069071,5.607,0.2768,72.09,2026-10-27,76,2026-07-16,27.0,yahoo,1.0,0.0,1.0,1.0,1.0,0.0,1.0,0.0,1.0,-1.7347,-3.5618,0.5811,2.9053,18.3242,25.9976,436.35,436.35,436.35,-7.0494,-7.0494,-7.0494
PFE,26.309999465942383,26.31,2026-08-12,False,26.18000030517578,26.434999465942383,-1.16,9.0,BAJO,151725309952.0,35.03,9.21,1.78,5.01,5.78,27.88,6.8,8.23,8.13,0.74,1.27,5.0,YAHOO,3.0953,4.353,2.2568,0.069071,5.607,0.2768,72.09,2026-11-03,83,2026-08-04,8.0,yahoo,1.0,0.0,1.0,1.0,0.0,0.0,0.0,1.0,1.0,1.9372,4.6123,2.2937,3.4799,28.355,20.7653,27.05,27.05,27.6035,-2.7357,-2.7357,-4.686
ABT,110.91000366210938,110.91,2026-08-12,False,107.5,111.27999877929688,1.08,-15.21,BAJO,189857660928.0,35.62,18.1,3.71,10.58,5.33,14.71,11.65,3.8,18.63,0.63,1.38,5.0,YAHOO,3.0953,4.353,2.2568,0.069071,5.607,0.2768,72.09,2026-10-14,63,2026-07-16,27.0,yahoo,1.0,0.0,1.0,1.0,1.0,0.0,0.0,1.0,0.0,4.9191,2.6944,24.5968,32.4257,8.9336,33.3029,110.91,110.91,133.5335,0.0,0.0,-16.9422
CVS,94.72000122070312,94.72,2026-08-12,False,93.19000244140625,95.1500015258789,1.3,45.4,BAJO,119583727616.0,24.67,11.01,1.5,6.21,2.97,3.86,1.18,6.75,10.92,0.96,0.87,6.0,YAHOO,3.0953,4.353,2.2568,0.069071,5.607,0.2768,72.09,2026-10-28,77,2026-08-05,7.0,yahoo,1.0,0.0,1.0,1.0,1.0,1.0,0.0,0.0,1.0,-4.4391,-10.574,-5.1489,0.1644,23.4585,27.0279,109.9195,109.9195,109.9195,-13.8278,-13.8278,-13.8278
ABBV,248.75999450683594,248.76,2026-08-12,False,245.52000427246094,250.08999633789062,-0.53,24.4,BAJO,441938345984.0,70.45,15.37,-74.45,,10.51,40.03,9.8,3.82,16.34,,0.81,7.0,YAHOO,3.0953,4.353,2.2568,0.069071,5.607,0.2768,72.09,2026-10-29,78,2026-07-31,12.0,yahoo,1.0,0.0,1.0,1.0,1.0,1.0,0.0,1.0,1.0,1.0398,-5.5222,11.4609,20.5285,10.9349,29.2112,263.3,263.3,263.3,-5.5222,-5.5222,-5.5222
TMO,603.010009765625,603.01,2026-08-12,False,595.0,604.14501953125,-0.33,21.94,BAJO,223697108992.0,32.54,21.99,4.25,13.51,5.13,18.75,15.04,2.79,22.18,0.81,1.55,5.0,YAHOO,3.0953,4.353,2.2568,0.069071,5.607,0.2768,72.09,2026-10-21,70,2026-07-23,20.0,yahoo,1.0,0.0,1.0,1.0,0.0,1.0,1.0,0.0,0.0,4.3577,4.6057,26.9004,31.4205,17.7916,33.9933,605.0,605.0,638.1787,-0.3289,-0.3289,-5.5108
AZN,158.5,158.5,2026-08-12,False,157.1199951171875,159.02259826660156,-0.16,-0.16,BAJO,246203138048.0,23.73,13.71,4.9,21.96,8.02,23.46,17.02,1.99,14.0,0.64,0.89,7.0,YAHOO,3.0953,4.353,2.2568,0.069071,5.607,0.2768,72.09,2026-10-30,79,2026-07-27,16.0,yahoo,1.0,1.0,1.0,1.0,1.0,1.0,0.0,1.0,0.0,-1.8576,-8.5401,-13.0459,-14.1108,16.7565,35.089,173.3,195.15,208.62,-8.5401,-18.7804,-24.0245
CAH,234.16000366210938,234.16,2026-08-12,False,233.49000549316406,238.90499877929688,-2.54,56.83,BAJO,56270299136.0,36.68,17.34,-19.94,,3.6,1.41,0.62,8.62,15.2,,0.91,6.0,YAHOO,3.0953,4.353,2.2568,0.069071,5.607,0.2768,72.09,2026-08-11,999,,,yahoo,1.0,1.0,1.0,1.0,0.0,0.0,1.0,1.0,0.0,-2.1193,2.1997,6.1086,28.5439,25.9288,22.8796,240.26,240.26,240.26,-2.5389,-2.5389,-2.5389
ISRG,401.2699890136719,401.27,2026-08-12,False,397.1700134277344,404.9800109863281,0.01,-19.71,BAJO,143751905280.0,45.96,33.24,7.82,17.42,10.51,33.6,28.45,1.82,32.02,,4.96,7.0,YAHOO,3.0953,4.353,2.2568,0.069071,5.607,0.2768,72.09,2026-10-20,69,2026-07-16,27.0,yahoo,1.0,1.0,1.0,1.0,0.0,1.0,1.0,0.0,1.0,6.9483,13.642,-2.8167,-7.0855,25.2982,48.1389,402.33,449.03,592.85,-0.2635,-10.6363,-32.3151
MRNA,63.66999816894531,63.67,2026-08-12,False,59.290000915527344,64.25499725341797,5.12,133.88,BAJO,24181719040.0,,-12.53,3.57,-39.0,-13.26,-557.93,-141.43,1.24,-9.26,0.19,2.29,3.0,YAHOO,3.0953,4.353,2.2568,0.069071,5.607,0.2768,72.09,2026-11-04,84,2026-07-31,12.0,finnhub,0.0,1.0,0.0,1.0,0.0,0.0,0.0,1.0,0.0,13.181,16.8471,28.2635,19.5232,65.517,77.351,63.67,81.8,81.8,0.0,-22.1638,-22.1638
NVS,152.32000732421875,152.32,2026-08-12,False,151.81500244140625,153.42999267578125,-1.48,26.6,BAJO,293869518848.0,23.35,15.66,7.07,30.35,10.25,34.62,22.5,4.05,14.71,1.17,0.86,8.0,YAHOO,3.0953,4.353,2.2568,0.069071,5.607,0.2768,72.09,2026-10-27,76,2026-07-21,22.0,yahoo,1.0,1.0,1.0,1.0,0.0,1.0,1.0,1.0,1.0,-1.3727,-4.0987,-1.0395,2.8078,21.9619,24.8266,159.85,159.9,163.6393,-4.7107,-4.7405,-6.9172
PHG,26.799999237060547,26.8,2026-08-12,False,26.530000686645508,26.8700008392334,-0.92,-0.87,BAJO,26439411712.0,20.49,14.21,2.0,10.15,4.07,13.99,6.31,5.78,13.26,0.65,1.26,7.0,YAHOO,3.0953,4.353,2.2568,0.069071,5.607,0.2768,72.09,2026-11-03,83,2026-07-27,16.0,finnhub,1.0,1.0,1.0,1.0,0.0,1.0,0.0,1.0,1.0,0.7898,2.682,2.6427,3.0888,16.2561,26.119,27.29,28.23,31.6757,-1.7955,-5.0655,-15.3926
MRK,132.9199981689453,132.92,2026-08-12,False,128.91000366210938,134.05999755859375,1.92,63.18,BAJO,321768521728.0,105.18,13.66,7.68,6.96,11.87,-0.24,4.77,4.72,12.77,1.28,1.32,4.0,YAHOO,3.0953,4.353,2.2568,0.069071,5.607,0.2768,72.09,2026-10-29,78,2026-08-04,8.0,yahoo,1.0,0.0,1.0,0.0,0.0,1.0,1.0,0.0,0.0,3.5767,1.9638,10.8611,19.1384,18.4767,30.3277,132.92,132.92,132.92,0.0,0.0,0.0
GILD,135.8699951171875,135.87,2026-08-12,False,133.2949981689453,137.11500549316406,0.07,13.14,BAJO,168348729344.0,,13.75,14.24,-20.68,14.09,33.68,-10.64,5.8,12.99,2.23,1.26,8.0,YAHOO,3.0953,4.353,2.2568,0.069071,5.607,0.2768,72.09,2026-10-29,78,2026-08-04,8.0,yahoo,1.0,1.0,1.0,1.0,1.0,0.0,1.0,1.0,1.0,3.1193,2.3657,8.6541,1.3509,17.8507,29.8003,136.3,136.36,153.9087,-0.3155,-0.3593,-11.7204
BMY,63.70000076293945,63.7,2026-08-12,False,63.0,64.0,0.14,40.51,BAJO,129937080320.0,14.01,9.7,5.82,46.6,10.72,34.42,18.87,6.24,8.66,2.02,1.53,8.0,YAHOO,3.0953,4.353,2.2568,0.069071,5.607,0.2768,72.09,2026-10-29,78,2026-07-30,13.0,yahoo,1.0,1.0,1.0,1.0,1.0,1.0,0.0,1.0,1.0,0.11,0.9509,15.8616,15.7159,19.0632,30.0875,65.89,65.89,,-3.3237,-3.3237,
HIMS,29.969999313354492,29.97,2026-08-12,False,29.25,30.989900588989258,-1.77,-40.89,BAJO,7061774336.0,,23.38,21.97,-32.03,-3.16,-12.9,-5.51,10.6,-151.07,4.77,0.93,4.0,YAHOO,3.0953,4.353,2.2568,0.069071,5.607,0.2768,72.09,2026-11-09,89,2026-08-10,2.0,yahoo,1.0,0.0,1.0,1.0,0.0,1.0,0.0,0.0,0.0,-5.3081,19.88,3.8102,19.7363,71.6285,86.6143,33.68,38.28,62.76,-11.0154,-21.7085,-52.2467
CAT,855.5999755859375,855.6,2026-08-12,False,855.27001953125,871.2000122070312,1.45,105.78,BAJO,387676012544.0,36.35,26.35,19.99,56.97,9.03,22.18,14.51,1.3,26.27,2.33,1.37,6.0,YAHOO,3.0953,4.353,2.2568,0.069071,5.607,0.2768,72.09,2026-10-29,78,2026-08-04,8.0,yahoo,1.0,0.0,1.0,1.0,1.0,1.0,1.0,0.0,0.0,-1.7771,9.3125,-4.5055,-6.0246,22.1614,47.0256,894.54,1062.9282,1062.9282,-4.3531,-19.5054,-19.5054
GE,365.3299865722656,365.33,2026-08-12,False,363.2373046875,370.20001220703125,-0.74,33.67,BAJO,381885251584.0,43.45,40.56,21.65,48.23,5.07,20.57,17.72,1.73,34.17,1.13,0.98,6.0,YAHOO,3.0953,4.353,2.2568,0.069071,5.607,0.2768,72.09,2026-10-20,69,2026-07-16,27.0,yahoo,1.0,1.0,1.0,0.0,0.0,0.0,1.0,1.0,1.0,-4.1682,4.1924,9.9247,22.9737,10.8888,30.9597,381.22,381.22,381.22,-4.1682,-4.1682,-4.1682
LMT,606.719970703125,606.72,2026-08-12,False,588.02001953125,610.3599853515625,1.5,37.89,BAJO,137959784448.0,22.03,18.27,15.68,89.17,8.64,11.96,8.16,4.03,15.98,2.34,1.19,6.0,YAHOO,3.0953,4.353,2.2568,0.069071,5.607,0.2768,72.09,2026-10-20,69,2026-07-23,20.0,yahoo,1.0,0.0,1.0,1.0,1.0,0.0,1.0,1.0,0.0,5.0416,6.5917,10.5781,17.2153,23.1245,34.4311,606.72,606.72,672.2988,0.0,0.0,-9.7544
RTX,222.75999450683594,222.76,2026-08-12,False,219.49000549316406,223.5500030517578,-0.49,42.44,BAJO,301709131776.0,39.48,28.51,4.55,12.27,4.21,12.7,8.28,3.27,21.02,0.57,1.01,8.0,YAHOO,3.0953,4.353,2.2568,0.069071,5.607,0.2768,72.09,2026-10-20,69,2026-07-23,20.0,yahoo,1.0,1.0,1.0,1.0,1.0,1.0,0.0,1.0,1.0,0.2024,3.489,20.9272,25.0421,6.4266,28.774,224.12,224.12,224.12,-0.6068,-0.6068,-0.6068
UAL,125.12000274658203,125.12,2026-08-12,False,124.19000244140625,127.80000305175781,-0.94,24.16,BAJO,40996401152.0,11.83,8.17,2.46,23.25,3.38,5.53,5.56,2.22,8.18,2.02,0.78,7.0,YAHOO,3.0953,4.353,2.2568,0.069071,5.607,0.2768,72.09,2026-10-21,70,2026-07-15,28.0,yahoo,1.0,1.0,1.0,1.0,1.0,0.0,1.0,0.0,1.0,-5.7547,4.7731,21.7358,29.497,43.9673,52.6445,132.76,136.11,,-5.7547,-8.0744,
F,13.829999923706055,13.83,2026-08-12,False,13.789999961853027,14.079999923706055,-1.07,23.63,BAJO,55746588672.0,,7.34,1.56,-18.25,0.35,1.88,-3.94,-14.24,25.78,4.57,1.09,2.0,YAHOO,3.0953,4.353,2.2568,0.069071,5.607,0.2768,72.09,2026-10-22,71,2026-07-28,15.0,yahoo,0.0,0.0,1.0,1.0,0.0,0.0,0.0,0.0,0.0,-1.0631,-8.5093,-4.9641,16.5954,17.0739,39.2475,15.1163,17.2531,17.2531,-8.5093,-19.8407,-19.8407
AAL,14.930000305175781,14.93,2026-08-12,False,14.914999961853027,15.529999732971191,-2.35,10.98,BAJO,10121520128.0,,6.16,-2.55,,1.12,2.81,-0.56,5.13,11.12,,0.53,4.0,YAHOO,3.0953,4.353,2.2568,0.069071,5.607,0.2768,72.09,2026-10-22,71,2026-07-23,20.0,yahoo,1.0,0.0,1.0,1.0,0.0,0.0,0.0,0.0,1.0,-9.9517,0.6065,1.9113,17.6517,52.2815,56.5205,16.58,18.15,18.15,-9.9517,-17.741,-17.741
UNP,293.7300109863281,293.73,2026-08-12,False,291.0799865722656,294.4549865722656,0.29,34.39,BAJO,173986889728.0,23.69,20.69,8.95,39.7,9.27,40.98,28.85,2.71,15.76,1.51,0.99,8.0,YAHOO,3.0953,4.353,2.2568,0.069071,5.607,0.2768,72.09,2026-10-22,71,2026-07-23,20.0,yahoo,1.0,1.0,1.0,1.0,1.0,1.0,1.0,1.0,0.0,-0.6124,0.5271,9.9989,12.1155,7.8189,26.0219,307.32,307.32,,-4.4221,-4.4221,
FDX,326.7699890136719,326.77,2026-08-12,False,321.1199951171875,326.7699890136719,1.35,76.52,BAJO,76280872960.0,17.37,15.52,2.45,14.85,5.01,11.13,4.68,7.42,8.92,1.36,1.48,5.0,YAHOO,3.0953,4.353,2.2568,0.069071,5.607,0.2768,72.09,2026-10-28,77,,,yahoo,1.0,0.0,1.0,1.0,0.0,1.0,0.0,1.0,0.0,5.1654,5.8845,2.7398,7.4278,19.319,29.4626,326.77,337.4831,,0.0,-3.1744,
PCAR,131.05999755859375,131.06,2026-08-12,False,129.6999969482422,133.7100067138672,-0.85,33.26,BAJO,69759148032.0,27.9,18.58,3.43,12.76,4.12,12.02,9.0,2.79,23.2,0.73,5.52,4.0,YAHOO,3.0953,4.353,2.2568,0.069071,5.607,0.2768,72.09,2026-10-27,76,2026-07-28,15.0,yahoo,1.0,0.0,1.0,1.0,0.0,1.0,0.0,0.0,0.0,-1.4496,-1.8398,15.2794,16.6919,18.8581,31.2623,137.845,137.845,,-4.9222,-4.9222,
MMM,183.77999877929688,183.78,2026-08-12,False,181.38999938964844,184.3800048828125,0.35,13.97,BAJO,94444249088.0,32.53,18.73,31.99,81.89,8.74,20.35,11.9,6.72,15.78,4.38,1.24,5.0,YAHOO,3.0953,4.353,2.2568,0.069071,5.607,0.2768,72.09,2026-10-20,69,2026-07-21,22.0,yahoo,1.0,0.0,1.0,0.0,0.0,1.0,1.0,0.0,1.0,0.9337,3.2762,16.3827,28.9927,11.0579,25.2146,183.78,183.78,183.78,0.0,0.0,0.0
PAC,214.9600067138672,214.96,2026-08-12,False,212.8820037841797,215.1999969482422,0.65,-12.05,BAJO,12708399104.0,20.13,19.72,608.07,28.03,10.47,44.16,30.83,54.28,84.01,1.18,0.74,7.0,YAHOO,3.0953,4.353,2.2568,0.069071,5.607,0.2768,72.09,2026-10-19,68,2026-07-13,30.0,yahoo,1.0,1.0,1.0,1.0,0.0,1.0,1.0,0.0,1.0,-1.1769,-1.1678,-4.2452,-14.3927,25.8118,31.7398,232.77,254.56,,-7.6513,-15.5563,
GT,6.039999961853027,6.04,2026-08-12,False,5.920000076293945,6.175000190734863,-0.82,-32.5,BAJO,1753303424.0,,11.13,0.62,-61.53,0.65,-0.96,-14.37,29.99,9.02,2.74,1.09,5.0,YAHOO,3.0953,4.353,2.2568,0.069071,5.607,0.2768,72.09,2026-11-03,83,2026-08-05,7.0,yahoo,0.0,0.0,1.0,1.0,1.0,1.0,0.0,0.0,1.0,-12.9683,-17.033,0.8347,3.0717,54.0346,49.3686,7.45,7.45,10.54,-18.9262,-18.9262,-42.6945
BA,231.1999969482422,231.2,2026-08-12,False,229.27499389648438,234.30999755859375,-0.87,-3.83,BAJO,184345919488.0,84.2,56.42,30.23,173.54,-1.98,0.0,2.59,3.05,-73.6,7.91,1.14,6.0,YAHOO,3.0953,4.353,2.2568,0.069071,5.607,0.2768,72.09,2026-10-28,77,2026-07-28,15.0,yahoo,1.0,1.0,1.0,0.0,1.0,0.0,0.0,1.0,1.0,-3.7429,8.0323,4.318,-2.3937,13.4854,38.5914,240.19,240.19,252.15,-3.7429,-3.7429,-8.3085
HON,235.33999633789062,235.34,2026-08-12,False,228.55999755859375,235.6699981689453,2.27,7.81,BAJO,72934227968.0,8.84,23.04,3.93,46.58,5.72,20.25,21.58,3.58,11.63,1.85,1.21,5.0,YAHOO,3.0953,4.353,2.2568,0.069071,5.607,0.2768,72.09,2026-10-22,71,2026-07-23,20.0,yahoo,1.0,0.0,1.0,1.0,0.0,0.0,1.0,0.0,1.0,-5.1507,-2.3971,2.4081,3.2442,57.1063,37.6683,248.79,249.4599,258.7145,-5.4062,-5.6602,-9.0349
MOS,22.600000381469727,22.6,2026-08-12,False,22.350000381469727,23.06999969482422,-2.16,-30.28,BAJO,7343389696.0,,13.72,0.64,-5.07,1.24,-0.12,-5.21,-10.16,7.81,0.52,1.34,7.0,YAHOO,3.0953,4.353,2.2568,0.069071,5.607,0.2768,72.09,2026-11-03,83,2026-08-04,8.0,yahoo,1.0,1.0,1.0,1.0,0.0,1.0,0.0,1.0,1.0,-3.4601,-0.0884,7.1598,1.9641,28.8011,45.401,23.47,24.06,34.9505,-3.7069,-6.0682,-35.3371
BG,111.75,111.75,2026-08-12,False,110.9000015258789,112.55000305175781,0.13,35.13,BAJO,21440493568.0,24.05,9.84,1.34,7.18,3.47,4.62,1.1,-30.2,12.53,0.98,1.57,3.0,YAHOO,3.0953,4.353,2.2568,0.069071,5.607,0.2768,72.09,2026-11-03,83,2026-07-29,14.0,finnhub,1.0,0.0,1.0,1.0,0.0,0.0,0.0,0.0,0.0,4.8115,3.6834,-10.7998,-10.9247,35.5878,34.9301,123.88,131.41,131.41,-9.7917,-14.9608,-14.9608
RKLB,81.16999816894531,81.17,2026-08-12,False,78.06999969482422,82.19999694824219,1.45,85.87,BAJO,49991749632.0,,9605.04,20.34,-7.92,-4.86,-24.73,-21.51,-0.54,-283.13,0.04,5.48,5.0,YAHOO,3.0953,4.353,2.2568,0.069071,5.607,0.2768,72.09,2026-11-09,89,2026-08-10,2.0,yahoo,0.0,1.0,0.0,1.0,1.0,1.0,0.0,1.0,0.0,8.487,38.5154,-29.2821,-30.9544,86.4132,98.8182,82.83,150.23,150.23,-2.0041,-45.9695,-45.9695
ONDS,9.770000457763672,9.77,2026-08-12,False,9.649999618530273,9.989999771118164,0.31,174.66,BAJO,5550424064.0,108.22,-243.5,4.25,42.95,-4.25,-85.13,251.92,-0.28,-45.26,0.02,10.91,5.0,YAHOO,3.0953,4.353,2.2568,0.069071,5.607,0.2768,72.09,2026-08-13,1,,,yahoo,0.0,1.0,0.0,1.0,1.0,1.0,0.0,1.0,0.0,10.1466,43.6765,-0.6104,8.0752,31.6586,101.8936,9.77,13.58,14.01,0.0,-28.056,-30.2641
SMSN.IL,4302.0,4302.0,2026-08-11,False,4194.0,4352.0,6.17,238.81,BAJO,,44.61,68.59,0.0,10.64,2.3,6.08,13.13,,-1.44,0.03,2.88,6.0,YAHOO,3.0953,4.353,2.2568,0.069071,5.607,0.2768,72.09,2026-10-28,77,,,yahoo,1.0,1.0,1.0,1.0,0.0,0.0,0.0,1.0,1.0,-3.1953,11.6822,-20.3333,-9.5839,68.8811,83.5101,4584.0,6010.0,6010.0,-6.1518,-28.4193,-28.4193
ADS.DE,162.1999969482422,162.2,2026-08-11,False,161.0,167.89999389648438,-3.08,-4.45,BAJO,28395198464.0,20.79,13.92,4.77,24.32,6.7,8.51,5.3,3.35,12.46,0.94,1.39,6.0,YAHOO,3.0953,4.353,2.2568,0.069071,5.607,0.2768,72.09,2026-10-29,78,,,yahoo,1.0,1.0,1.0,0.0,0.0,1.0,0.0,1.0,1.0,0.9648,-10.4362,-8.0238,10.4905,35.3779,37.8409,182.95,187.9,191.3097,-11.3419,-13.6775,-15.216
BAYN.DE,48.95000076293945,48.95,2026-08-11,False,48.54999923706055,49.400001525878906,-0.57,81.44,BAJO,48089657344.0,,10.28,1.63,-5.69,3.18,9.19,-3.83,13.65,8.05,1.29,1.04,6.0,YAHOO,3.0953,4.353,2.2568,0.069071,5.607,0.2768,72.09,2026-11-03,83,,,yahoo,0.0,0.0,1.0,1.0,1.0,0.0,1.0,1.0,1.0,1.4508,4.0825,35.2584,28.2085,14.2862,52.2099,49.81,53.36,53.36,-1.7266,-8.2646,-8.2646
RIOT,20.31999969482422,20.32,2026-08-12,False,20.193599700927734,22.209999084472656,0.4,72.42,BAJO,7653780992.0,,-28.44,3.2,-48.24,-21.2,-122.33,-196.28,-9.59,-8.9,0.4,1.58,3.0,YAHOO,3.0953,4.353,2.2568,0.069071,5.607,0.2768,72.09,2026-10-29,78,2026-08-05,7.0,yahoo,0.0,0.0,0.0,0.0,0.0,0.0,0.0,1.0,1.0,-5.4884,11.4035,-22.2647,-17.0951,68.1593,90.2953,23.86,28.69,28.69,-14.8365,-29.1739,-29.1739
OKLO,45.130001068115234,45.13,2026-08-12,False,44.72999954223633,48.150001525878906,-4.0,-44.61,BAJO,8744689664.0,,-47.74,2.66,-7.7,-6.65,-6048.76,0.0,-2.74,-28.98,0.0,48.46,4.0,YAHOO,3.0953,4.353,2.2568,0.069071,5.607,0.2768,72.09,2026-11-09,89,2026-08-07,5.0,finnhub,0.0,1.0,0.0,1.0,1.0,1.0,0.0,0.0,0.0,4.9779,22.5027,-22.0014,-38.707,162.5926,88.7067,48.42,73.47,174.14,-6.7947,-38.5736,-74.0841
SATL,5.980000019073486,5.98,2026-08-12,False,5.684999942779541,5.980000019073486,4.0,62.75,BAJO,884004480.0,,-156.8,12.89,,-9.86,1.67,0.0,-2.13,-51.57,2.85,2.34,4.0,YAHOO,3.0953,4.353,2.2568,0.069071,5.607,0.2768,72.09,2026-11-09,89,2026-08-05,7.0,finnhub,0.0,1.0,0.0,0.0,1.0,1.0,0.0,1.0,0.0,24.0664,80.6647,-20.4787,-20.7947,91.646,114.6605,5.98,10.74,10.74,0.0,-44.3203,-44.3203
JMIA,6.400000095367432,6.4,2026-08-12,False,6.039999961853027,6.429699897766113,10.15,-17.11,BAJO,719583680.0,,-17.09,54.81,-154.74,-25.12,-25.85,-30.79,-3.58,-12.21,0.77,1.02,3.0,YAHOO,3.0953,4.353,2.2568,0.069071,5.607,0.2768,72.09,2026-08-12,0,,,yahoo,0.0,1.0,0.0,1.0,0.0,0.0,0.0,0.0,1.0,9.029,11.8881,-10.7392,-19.7995,115.7235,58.2209,6.51,7.43,14.6,-1.6897,-13.8627,-56.1644
LAR,6.809999942779541,6.81,2026-08-12,False,6.644999980926514,6.952300071716309,2.41,93.92,BAJO,1089496064.0,,14.07,1.41,-7.23,-2.09,0.0,0.0,1.65,-35.99,0.29,0.52,1.0,YAHOO,3.0953,4.353,2.2568,0.069071,5.607,0.2768,72.09,2026-08-11,999,,,yahoo,0.0,0.0,0.0,1.0,0.0,0.0,0.0,0.0,0.0,7.2441,23.1465,-24.3333,-40.3678,79.9463,70.2043,7.1,10.86,11.79,-4.0845,-37.2928,-42.2392
NG,7.869999885559082,7.87,2026-08-12,False,7.769999980926514,8.0600004196167,2.47,30.04,BAJO,3369835008.0,,-32.6,8.0,-24.63,-4.36,0.0,0.0,-0.71,-98.07,0.41,112.82,4.0,YAHOO,3.0953,4.353,2.2568,0.069071,5.607,0.2768,72.09,2026-09-30,49,,,yahoo,0.0,1.0,0.0,1.0,1.0,1.0,0.0,0.0,0.0,14.2235,35.924,11.3154,-13.895,71.1142,76.2354,7.87,8.57,14.2,0.0,-8.168,-44.5775
PBI,16.600000381469727,16.6,2026-08-12,False,16.3799991607666,16.809999465942383,0.36,51.07,BAJO,2267472128.0,13.45,9.08,-2.63,,8.41,21.68,10.04,10.31,7.9,,0.73,7.0,YAHOO,3.0953,4.353,2.2568,0.069071,5.607,0.2768,72.09,2026-10-27,76,2026-07-29,14.0,finnhub,1.0,1.0,1.0,1.0,0.0,0.0,1.0,1.0,1.0,-8.7659,-6.3609,-0.5015,7.0225,23.5326,32.4449,18.4037,18.4037,,-9.801,-9.801,
AXIA,9.529999732971191,9.53,2026-08-11,False,9.479999542236328,10.229999542236328,-7.39,50.01,BAJO,23290886144.0,10.02,10.99,1.22,10.01,3.05,43.79,27.05,16.97,4.39,0.63,2.05,6.0,YAHOO,3.0953,4.353,2.2568,0.069071,5.607,0.2768,72.09,2026-11-04,84,2026-08-05,7.0,yahoo,1.0,0.0,1.0,1.0,0.0,0.0,1.0,1.0,1.0,-7.3858,-7.655,-10.8513,-26.124,83.9487,40.0067,10.82,12.62,,-11.9224,-24.4849,
TEM,54.61000061035156,54.61,2026-08-12,False,53.79999923706055,57.029998779296875,-1.94,-24.47,BAJO,10048410624.0,,-3663.82,22.54,-67.44,-8.83,-19.85,-17.77,-0.99,-52.75,3.25,3.3,4.0,YAHOO,3.0953,4.353,2.2568,0.069071,5.607,0.2768,72.09,2026-11-03,83,2026-07-30,13.0,yahoo,0.0,1.0,0.0,1.0,0.0,1.0,0.0,1.0,0.0,16.9379,31.432,10.123,16.3152,102.1485,76.8052,55.69,61.6,103.25,-1.9393,-11.3474,-47.109
MRSH,188.86000061035156,188.86,2026-08-12,False,188.00999450683594,190.85499572753906,-1.25,-10.84,BAJO,91266654208.0,23.38,16.76,6.02,25.9,7.24,26.32,14.24,5.24,14.43,1.45,1.14,6.0,YAHOO,3.0953,4.353,2.2568,0.069071,5.607,0.2768,72.09,2026-10-15,64,2026-07-21,22.0,yahoo,1.0,0.0,1.0,1.0,1.0,0.0,1.0,0.0,1.0,-1.3631,-4.4182,12.9518,16.2424,10.0897,28.9286,197.59,197.59,206.9618,-4.4182,-4.4182,-8.7465
CEPU,13.270000457763672,13.27,2026-08-12,False,13.15999984741211,13.819899559020996,-0.3,2.17,BAJO,1996316928.0,6.62,7.98,1.12,19.27,6.12,31.89,36.67,-21605.15,1.15,0.27,1.0,7.0,YAHOO,3.0953,4.353,2.2568,0.069071,5.607,0.2768,72.09,2026-08-11,999,,,yahoo,1.0,1.0,1.0,1.0,0.0,1.0,1.0,0.0,1.0,-7.1379,-8.6717,-12.1192,-8.7345,30.9834,46.3333,15.5,16.01,,-14.3871,-17.1143,
BMA,79.80000305175781,79.8,2026-08-12,False,79.01000213623047,80.89800262451172,-0.75,11.65,BAJO,5140698112.0,20.72,7.58,14.71,10.82,2.98,69.1,7.58,,,,,5.0,YAHOO,3.0953,4.353,2.2568,0.069071,5.607,0.2768,72.09,2026-08-26,14,,,yahoo,,,,,,,,,,-10.9077,-12.1436,-8.7824,10.7309,36.3145,57.0565,96.44,101.0828,,-17.2543,-21.0548,
SUPV,8.279999732971191,8.28,2026-08-12,False,8.229999542236328,8.510000228881836,-1.08,-27.35,BAJO,791033664.0,,6.82,1.01,-7.75,-1.14,-9.95,-10.41,,,,,2.0,YAHOO,3.0953,4.353,2.2568,0.069071,5.607,0.2768,72.09,,999,2026-08-10,2.0,yahoo,0.0,0.0,1.0,1.0,0.0,0.0,0.0,0.0,0.0,-7.7951,-13.9293,-11.0634,-3.4965,2.3298,70.2494,10.29,11.38,,-19.5335,-27.2408,
PAMP,5080.0,5080.0,2026-08-11,False,5025.0,5350.0,-3.05,24.74,BAJO,,,,,,,,,,,,,,YAHOO,3.0953,4.353,2.2568,0.069071,5.607,0.2768,72.09,,999,,,none,,,,,,,,,,-5.2239,-6.789,-3.9698,7.3428,30.0315,28.6294,5630.0,5630.0,,-9.7691,-9.7691,
EDN,22.700000762939453,22.7,2026-08-12,False,22.579999923706055,23.309999465942383,-1.48,-24.89,BAJO,,4.86,8.63,0.59,14.66,3.0,15.97,10.35,,0.81,0.45,1.19,6.0,YAHOO,3.0953,4.353,2.2568,0.069071,5.607,0.2768,72.09,2026-11-06,86,2026-08-07,5.0,yahoo,1.0,0.0,1.0,0.0,0.0,1.0,1.0,1.0,1.0,-11.1894,-10.9105,-19.9859,-6.043,20.8317,53.2871,27.27,28.74,35.71,-16.7583,-21.016,-36.4324
TGS,28.100000381469727,28.1,2026-08-12,False,27.520000457763672,29.299999237060547,0.21,-3.96,BAJO,4221484032.0,14.38,10.39,1.8,15.98,10.52,40.4,28.02,9260.38,-0.46,0.43,3.67,6.0,YAHOO,3.0953,4.353,2.2568,0.069071,5.607,0.2768,72.09,2026-11-03,83,2026-08-05,7.0,yahoo,1.0,0.0,1.0,1.0,0.0,1.0,1.0,1.0,0.0,-4.9391,-4.8103,-4.8103,-8.3496,41.7514,44.2928,31.5,33.36,,-10.7936,-15.7674,
TEO,13.5,13.5,2026-08-12,False,13.194999694824219,13.550000190734863,0.0,24.94,BAJO,,10.89,16.15,1.08,10.83,3.64,13.95,8.91,,1.88,0.67,0.58,6.0,YAHOO,3.0953,4.353,2.2568,0.069071,5.607,0.2768,72.09,2026-11-09,89,2026-08-07,5.0,finnhub,,,,,,,,,,-1.8895,-0.369,-15.5194,15.4833,59.3369,53.3832,14.3,15.98,15.98,-5.5944,-15.5194,-15.5194
IRS,14.649999618530273,14.65,2026-08-12,False,14.430000305175781,14.80370044708252,0.76,-12.02,BAJO,1230252544.0,4.63,159.78,0.86,22.48,4.07,44.36,72.51,14008.58,3.93,0.45,0.6,5.0,YAHOO,3.0953,4.353,2.2568,0.069071,5.607,0.2768,72.09,2026-09-01,20,,,yahoo,0.0,0.0,1.0,1.0,1.0,0.0,1.0,1.0,0.0,-1.8754,-5.178,-13.3136,6.623,22.9751,41.2023,15.59,17.28,18.41,-6.0295,-15.2199,-20.4237
CRES,1694.0,1694.0,2026-08-12,False,1660.0,1715.0,1.62,17.54,BAJO,,,,,,,,,,,,,,YAHOO,3.0953,4.353,2.2568,0.069071,5.607,0.2768,72.09,,999,,,none,,,,,,,,,,-2.6437,-6.0976,-8.1345,8.1047,28.0709,35.7942,1844.0,1890.0,,-8.1345,-10.3704,
LOMA,9.680000305175781,9.68,2026-08-12,False,9.630000114440918,10.169899940490723,-2.42,-14.09,BAJO,1157630592.0,39.68,12.14,1.33,3.82,2.68,5.99,5.13,-2923.17,1.61,0.24,2.25,5.0,YAHOO,3.0953,4.353,2.2568,0.069071,5.607,0.2768,72.09,2026-11-05,85,2026-08-06,6.0,yahoo,1.0,0.0,1.0,1.0,0.0,1.0,1.0,0.0,0.0,-13.3393,-15.8261,-23.1136,-8.7653,19.8528,52.2091,12.19,12.59,13.12,-20.5906,-23.1136,-26.2195
GLOB,38.7400016784668,38.74,2026-08-12,False,36.77000045776367,38.75,-0.62,-54.27,BAJO,1683139072.0,15.85,5.93,0.79,5.2,4.74,8.51,4.46,15.91,5.12,0.21,1.82,4.0,YAHOO,3.0953,4.353,2.2568,0.069071,5.607,0.2768,72.09,2026-08-13,1,,,yahoo,1.0,0.0,1.0,1.0,0.0,0.0,1.0,0.0,0.0,0.938,1.5465,6.3701,8.485,24.7383,66.1968,38.98,44.44,79.67,-0.6157,-12.8263,-51.3744
BBAR,15.90999984741211,15.91,2026-08-12,False,15.8100004196167,16.642499923706055,-3.34,-4.55,BAJO,3361735680.0,15.98,13.86,1.29,7.15,1.16,14.41,7.13,,,,,4.0,YAHOO,3.0953,4.353,2.2568,0.069071,5.607,0.2768,72.09,2026-08-27,15,,,yahoo,1.0,0.0,1.0,1.0,0.0,0.0,1.0,0.0,0.0,-10.9183,-15.2116,-20.5138,7.49,38.4067,70.8424,20.7862,21.7253,21.7253,-23.4589,-26.7675,-26.7675
LND,3.490000009536743,3.49,2026-08-12,False,3.490000009536743,3.529900074005127,-0.57,-11.06,BAJO,,,,0.87,-0.7,-1.96,-7.33,-1.57,,-11.09,0.71,1.47,,YAHOO,3.0953,4.353,2.2568,0.069071,5.607,0.2768,72.09,2026-09-03,22,,,finnhub,,,,,,,,,,-3.3241,-4.6448,-4.6448,-9.1146,11.7056,20.8293,3.8,3.88,,-8.1579,-10.0515,
AGRO,9.289999961853027,9.29,2026-08-12,False,9.010000228881836,9.404999732971191,-1.28,0.31,BAJO,1357942656.0,470.5,7.54,0.77,1.09,1.07,0.36,0.91,-5.31,11.71,1.16,1.74,2.0,YAHOO,3.0953,4.353,2.2568,0.069071,5.607,0.2768,72.09,2026-08-11,999,,,yahoo,0.0,0.0,1.0,1.0,0.0,0.0,0.0,0.0,0.0,0.0,-7.4701,-18.5088,-30.5161,34.3801,48.3296,10.77,13.65,,-13.7419,-31.9414,
