Ticker,Precio,Cierre_Confirmado,Fecha_Cierre_Confirmado,Precio_Es_Intradiario,Low,High,Change (%),RS 20D,Credit Stress,Market Cap,P/E,Forward P/E,P/Book,ROE,ROA,Operating Margin,Net Margin,FCF Yield,EV/EBITDA,Debt/Equity,Current Ratio,Piotroski,Fund Source,Grain_IS,ZC_Surprise,ZS_Surprise,SPX_Quarterly_Divisor,SPX_ROC_63d,z_MOVE_inv,MOVE_price,Earnings_Next_Date,Earnings_Days_To_Next,Earnings_Last_Date,Earnings_Days_Since,Earnings_Source,piotroski_roa_positive,piotroski_d_roa,piotroski_cfo_positive,piotroski_cfo_gt_ni,piotroski_d_leverage,piotroski_d_liquidity,piotroski_no_dilution,piotroski_d_margin,piotroski_d_turnover,roc_5d,roc_10d,roc_42d,roc_63d,vol_5d,vol_60d,high_20d,high_60d,high_252d,drawdown_20d,drawdown_60d,drawdown_252d
^GSPC,7675.7001953125,7677.2798,2026-08-25,True,7657.41015625,7690.72998046875,-0.02,-1.59,BAJO,,,,,,,,,,,,,,NONE,2.2948,3.0345,1.8017,0.067134,2.0656,0.6868,69.44,,999,,,none,,,,,,,,,,-0.4188,-0.9395,4.3742,2.0656,5.1719,13.8049,7798.9902,7798.9902,,-1.5808,-1.5808,
^DJI,53463.87890625,53577.3984,2026-08-25,True,53379.3984375,53639.75,-0.21,1.92,BAJO,,,,,,,,,,,,,,NONE,2.2948,3.0345,1.8017,0.067134,2.0656,0.6868,69.44,,999,,,none,,,,,,,,,,0.0015,-0.5698,3.0607,5.5675,7.795,12.9997,54349.1211,54349.1211,,-1.6288,-1.6288,
^IXIC,26130.197265625,26151.3008,2026-08-25,True,26021.62890625,26189.80859375,-0.08,-5.69,BAJO,,,,,,,,,,,,,,NONE,2.2948,3.0345,1.8017,0.067134,2.0656,0.6868,69.44,,999,,,none,,,,,,,,,,-0.7629,-1.7237,3.2911,-2.0414,10.0359,22.0119,26803.0293,27093.9004,,-2.5103,-3.5569,
^RUT,3005.900146484375,3010.02,2026-08-25,True,2999.911376953125,3014.878662109375,-0.14,-0.71,BAJO,,,,,,,,,,,,,,NONE,2.2948,3.0345,1.8017,0.067134,2.0656,0.6868,69.44,,999,,,none,,,,,,,,,,-0.8915,-1.2996,-0.1389,2.9439,11.2563,16.8567,3068.4199,3068.4199,,-2.0375,-2.0375,
^VIX,15.210000038146973,15.45,2026-08-25,True,15.210000038146973,15.739999771118164,-1.55,-14.23,BAJO,,,,,,,,,,,,,,NONE,2.2948,3.0345,1.8017,0.067134,2.0656,0.6868,69.44,,999,,,none,,,,,,,,,,2.1491,4.5361,-17.3819,-6.6298,68.4902,138.3096,17.09,22.22,,-11.0006,-31.5482,
^MOVE,69.4375,71.92,2026-08-25,True,0.0,0.0,-3.45,-5.71,BAJO,,,,,,,,,,,,,,NONE,2.2948,3.0345,1.8017,0.067134,2.0656,0.6868,69.44,,999,,,none,,,,,,,,,,-2.5575,-3.6794,3.9639,-2.0628,34.0027,69.896,83.02,83.02,,-16.3605,-16.3605,
^TNX,4.664000034332275,4.639,2026-08-25,True,4.620999813079834,4.670000076293945,0.54,0.15,BAJO,,,,,,,,,,,,,,NONE,2.2948,3.0345,1.8017,0.067134,2.0656,0.6868,69.44,,999,,,none,,,,,,,,,,0.2364,-0.3845,6.6789,4.0839,16.909,13.9045,4.745,4.745,,-1.7071,-1.7071,
^IRX,3.690000057220459,3.705,2026-08-25,True,3.684999942779541,3.700000047683716,-0.4,-0.64,BAJO,,,,,,,,,,,,,,NONE,2.2948,3.0345,1.8017,0.067134,2.0656,0.6868,69.44,,999,,,none,,,,,,,,,,-0.2703,-0.4586,0.7371,2.9289,4.1744,9.942,3.732,3.805,,-1.1254,-3.0223,
DX-Y.NYB,99.11699676513672,98.92,2026-08-25,True,99.10800170898438,99.12899780273438,0.2,-3.71,BAJO,,,,,,,,,,,,,,NONE,2.2948,3.0345,1.8017,0.067134,2.0656,0.6868,69.44,,999,,,none,,,,,,,,,,0.2904,-0.8929,-2.2129,-0.0937,2.6772,4.7072,100.01,101.61,,-0.8929,-2.4535,
^N225,66474.828125,65856.4297,2026-08-25,True,66435.8671875,66954.6875,0.94,-1.38,BAJO,,,,,,,,,,,,,,NONE,2.2948,3.0345,1.8017,0.067134,2.0656,0.6868,69.44,,999,,,none,,,,,,,,,,1.758,-1.5539,-8.1412,2.2699,12.0615,34.3327,69220.25,72366.3438,,-3.9662,-8.1412,
^MERV,3024971.0,3009029.0,2026-08-25,True,3003210.5,3047425.25,0.53,-0.21,BAJO,,,,,,,,,,,,,,NONE,2.2948,3.0345,1.8017,0.067134,2.0656,0.6868,69.44,,999,,,none,,,,,,,,,,5.2349,0.0823,-2.2964,3.4406,17.3378,28.7187,3304918.0,3379772.0,,-8.4706,-10.4978,
^NYA,24742.072265625,24768.6504,2026-08-25,True,0.0,0.0,-0.11,2.69,BAJO,,,,,,,,,,,,,,NONE,2.2948,3.0345,1.8017,0.067134,2.0656,0.6868,69.44,,999,,,none,,,,,,,,,,0.1409,-0.0668,4.4444,6.3394,5.9736,9.4821,24821.6797,24821.6797,,-0.3207,-0.3207,
^HSI,25511.099609375,25511.0996,2026-08-25,False,25403.439453125,25676.76953125,-0.02,-4.0,BAJO,,,,,,,,,,,,,,NONE,2.2948,3.0345,1.8017,0.067134,2.0656,0.6868,69.44,,999,,,none,,,,,,,,,,0.1568,-0.5525,10.5482,-0.3451,21.8422,19.2632,26009.4609,26038.3203,,-1.9161,-2.0248,
^TWII,45169.4609375,45169.4609,2026-08-25,False,44210.30859375,45169.4609375,0.91,0.13,BAJO,,,,,,,,,,,,,,NONE,2.2948,3.0345,1.8017,0.067134,2.0656,0.6868,69.44,,999,,,none,,,,,,,,,,-0.3073,0.108,-2.3474,3.7773,13.7832,35.794,46021.4805,47741.5117,,-1.8514,-5.3875,
^KS11,6976.0,6742.7402,2026-08-25,True,6969.919921875,6996.1201171875,3.46,-18.88,BAJO,,,,,,,,,,,,,,NONE,2.2948,3.0345,1.8017,0.067134,2.0656,0.6868,69.44,,999,,,none,,,,,,,,,,7.8012,9.9357,-21.8839,,43.0577,80.5694,6977.9399,9114.5498,,-0.0278,-23.463,
^GDAXI,26266.140625,26266.1406,2026-08-25,False,26164.109375,26341.51953125,0.61,0.64,BAJO,,,,,,,,,,,,,,NONE,2.2948,3.0345,1.8017,0.067134,2.0656,0.6868,69.44,,999,,,none,,,,,,,,,,0.5273,-0.4747,6.4647,4.6783,8.1718,13.0023,26440.3105,26440.3105,,-0.6587,-0.6587,
^FTSE,10886.2001953125,10886.2002,2026-08-25,False,10825.7998046875,10887.0,0.29,0.11,BAJO,,,,,,,,,,,,,,NONE,2.2948,3.0345,1.8017,0.067134,2.0656,0.6868,69.44,,999,,,none,,,,,,,,,,1.4746,0.3873,3.5992,4.414,3.8551,9.2993,10908.4004,10908.4004,,-0.2035,-0.2035,
^AEX,1108.3399658203125,1108.34,2026-08-25,False,1104.4300537109375,1113.050048828125,-0.15,2.7,BAJO,,,,,,,,,,,,,,NONE,2.2948,3.0345,1.8017,0.067134,2.0656,0.6868,69.44,,999,,,none,,,,,,,,,,0.0921,-0.7549,4.4884,6.8599,3.7053,10.0792,1119.59,1119.59,,-1.0048,-1.0048,
^IBEX,20056.599609375,20056.5996,2026-08-25,False,20000.30078125,20202.0,-0.21,6.0,BAJO,,,,,,,,,,,,,,NONE,2.2948,3.0345,1.8017,0.067134,2.0656,0.6868,69.44,,999,,,none,,,,,,,,,,0.6105,-0.7767,3.2499,9.723,8.4438,13.6896,20213.5996,20213.5996,,-0.7767,-0.7767,
FTSEMIB.MI,52720.0,52720.0,2026-08-24,False,52570.0,52926.0,0.34,18.31,BAJO,,,,,,,,,,,,,,YAHOO,2.2948,3.0345,1.8017,0.067134,2.0656,0.6868,69.44,,999,,,none,,,,,,,,,,-0.5621,-1.8359,2.8382,5.8103,3.7886,13.073,53717.0,53717.0,53717.0,-1.856,-1.856,-1.856
^SSMI,14525.2900390625,14525.29,2026-08-25,False,14439.66015625,14531.7099609375,0.54,3.74,BAJO,,,,,,,,,,,,,,NONE,2.2948,3.0345,1.8017,0.067134,2.0656,0.6868,69.44,,999,,,none,,,,,,,,,,1.4272,-0.3428,2.4877,7.5568,6.2398,9.5694,14633.7002,14633.7002,,-0.7408,-0.7408,
^OMXC25,1920.8349609375,1935.0699,2026-08-25,True,1920.8349609375,1937.881103515625,-0.74,4.41,BAJO,,,,,,,,,,,,,,NONE,2.2948,3.0345,1.8017,0.067134,2.0656,0.6868,69.44,,999,,,none,,,,,,,,,,1.9119,2.5255,6.6609,,12.0673,15.011,1935.0699,1935.0699,,-0.7356,-0.7356,
^GSPTSE,36813.6484375,36957.6016,2026-08-25,True,36808.359375,37069.109375,-0.39,2.58,BAJO,,,,,,,,,,,,,,NONE,2.2948,3.0345,1.8017,0.067134,2.0656,0.6868,69.44,,999,,,none,,,,,,,,,,1.1314,0.4134,5.634,6.9788,8.0401,11.0955,36957.6016,36957.6016,,-0.3895,-0.3895,
^AXJO,9094.2998046875,9164.5996,2026-08-25,True,9090.5,9127.7998046875,-0.77,0.67,BAJO,,,,,,,,,,,,,,NONE,2.2948,3.0345,1.8017,0.067134,2.0656,0.6868,69.44,,999,,,none,,,,,,,,,,0.4473,-1.2498,3.0702,5.835,10.6658,10.2537,9271.5996,9271.5996,,-1.9123,-1.9123,
^MXX,66191.109375,66293.0703,2026-08-25,True,66107.3203125,66823.1015625,-0.15,-8.0,BAJO,,,,,,,,,,,,,,NONE,2.2948,3.0345,1.8017,0.067134,2.0656,0.6868,69.44,,999,,,none,,,,,,,,,,3.4248,0.6618,-2.1429,-3.4943,16.4626,14.8213,67290.3984,68482.9375,,-1.6336,-3.3466,
^BVSP,174586.265625,174577.0,2026-08-25,True,174208.484375,176296.484375,0.01,-4.79,BAJO,,,,,,,,,,,,,,NONE,2.2948,3.0345,1.8017,0.067134,2.0656,0.6868,69.44,,999,,,none,,,,,,,,,,4.0257,4.2362,0.7975,-0.2723,13.7573,15.9916,178000.0,178000.0,,-1.9178,-1.9178,
HYG,79.9000015258789,79.92,2026-08-25,True,79.77999877929688,79.91000366210938,-0.03,1.09,BAJO,,,,,,,,,,,,,,YAHOO,2.2948,3.0345,1.8017,0.067134,2.0656,0.6868,69.44,,999,,,none,,,,,,,,,,0.2384,0.3643,1.0398,1.1768,2.0077,3.1221,79.92,79.92,79.92,-0.025,-0.025,-0.025
LQD,106.77999877929688,106.86,2026-08-25,True,106.59010314941406,106.79499816894531,-0.07,-2.08,BAJO,,,,,,,,,,,,,,YAHOO,2.2948,3.0345,1.8017,0.067134,2.0656,0.6868,69.44,,999,,,none,,,,,,,,,,0.1971,0.6219,-1.7176,-0.8288,5.6361,5.4846,106.86,108.8446,109.1732,-0.0749,-1.8968,-2.1921
TLT,83.30000305175781,83.47,2026-08-25,True,83.06999969482422,83.30000305175781,-0.2,-3.23,BAJO,,,-4165.0,0.56,,,,,,,,,,YAHOO,2.2948,3.0345,1.8017,0.067134,2.0656,0.6868,69.44,,999,,,none,,,,,,,,,,0.3373,1.4493,-3.9097,-1.2021,10.9436,9.9779,83.47,86.7786,88.7882,-0.2037,-4.0086,-6.1812
GC=F,4674.7001953125,4638.1001,2026-08-25,True,4648.10009765625,4680.7998046875,0.79,0.22,BAJO,,,,,,,,,,,,,,NONE,2.2948,3.0345,1.8017,0.067134,2.0656,0.6868,69.44,,999,,,none,,,,,,,,,,4.1275,6.0287,14.6125,5.1085,16.9692,25.6026,4674.7002,4674.7002,,0.0,0.0,
HG=F,6.714000225067139,6.7095,2026-08-25,True,6.688000202178955,6.722499847412109,0.07,1.9,BAJO,,,,,,,,,,,,,,NONE,2.2948,3.0345,1.8017,0.067134,2.0656,0.6868,69.44,,999,,,none,,,,,,,,,,3.4913,1.7735,9.3218,6.4869,14.6053,23.6049,6.714,6.714,,0.0,0.0,
CL=F,81.62000274658203,82.36,2026-08-25,True,81.55999755859375,82.12999725341797,-0.9,-16.72,BAJO,,,,,,,,,,,,,,NONE,2.2948,3.0345,1.8017,0.067134,2.0656,0.6868,69.44,,999,,,none,,,,,,,,,,-4.905,-1.9815,17.8969,-7.9612,17.6475,51.9044,87.83,96.02,,-7.0705,-14.9969,
ZS=F,1259.75,1228.0,2026-08-25,True,1256.0,1261.25,2.59,2.57,BAJO,,,,,,,,,,,,,,NONE,2.2948,3.0345,1.8017,0.067134,2.0656,0.6868,69.44,,999,,,none,,,,,,,,,,3.0681,8.1563,11.8535,6.2856,22.039,19.5956,1259.75,1259.75,,0.0,0.0,
ZC=F,533.25,500.5,2026-08-25,True,531.5,535.0,6.54,12.91,BAJO,,,,,,,,,,,,,,NONE,2.2948,3.0345,1.8017,0.067134,2.0656,0.6868,69.44,,999,,,none,,,,,,,,,,12.7378,16.6849,29.1944,17.8453,40.4321,28.946,533.25,533.25,,0.0,0.0,
BTC-USD,78864.2421875,78564.9766,2026-08-25,True,78834.046875,79026.75,0.38,-32.74,BAJO,1582645903360.0,,,,,,,,,,,,,YAHOO,2.2948,3.0345,1.8017,0.067134,2.0656,0.6868,69.44,,999,,,none,,,,,,,,,,0.6754,25.5427,21.8689,29.296,13.7623,31.5896,78964.4844,78964.4844,96929.3281,-0.1269,-0.1269,-18.6374
ETH-USD,2500.7900390625,2443.1594,2026-08-25,True,2500.22705078125,2509.5068359375,2.36,-48.12,BAJO,301730562048.0,,,,,,,,,,,,,YAHOO,2.2948,3.0345,1.8017,0.067134,2.0656,0.6868,69.44,,999,,,none,,,,,,,,,,-0.5761,33.4507,30.4571,54.3769,27.0144,50.1341,2515.2817,2515.2817,3354.7227,-0.5761,-0.5761,-25.4546
IBIT,44.459999084472656,44.72,2026-08-25,True,43.95000076293945,44.55500030517578,-0.58,-33.19,BAJO,,,,,,,,,,,,,,YAHOO,2.2948,3.0345,1.8017,0.067134,2.0656,0.6868,69.44,,999,,,none,,,,,,,,,,14.6467,23.8785,31.3442,4.735,46.8815,39.9747,44.72,44.72,71.29,-0.5814,-0.5814,-37.635
SPY,766.0800170898438,765.91,2026-08-25,True,763.9299926757812,767.3499755859375,0.02,16.41,BAJO,,25.81,,1.78,,,,,,,,,,YAHOO,2.2948,3.0345,1.8017,0.067134,2.0656,0.6868,69.44,,999,,,none,,,,,,,,,,-0.3875,-0.8298,5.0879,2.3444,5.0544,14.0811,777.88,777.88,777.88,-1.5169,-1.5169,-1.5169
QQQ,711.3699951171875,710.72,2026-08-25,True,707.969970703125,713.0180053710938,0.09,21.18,BAJO,,30.42,,1.99,,,,,,,,,,YAHOO,2.2948,3.0345,1.8017,0.067134,2.0656,0.6868,69.44,,999,,,none,,,,,,,,,,-0.6578,-1.7037,0.6865,-2.3714,11.2841,26.2665,732.07,745.3409,745.3409,-2.8276,-4.5578,-4.5578
DIA,534.22998046875,535.24,2026-08-25,True,533.3099975585938,535.9500122070312,-0.19,15.69,BAJO,,22.19,,,,,,,,,,,,YAHOO,2.2948,3.0345,1.8017,0.067134,2.0656,0.6868,69.44,,999,,,none,,,,,,,,,,0.0754,-0.4612,3.2979,5.801,7.6216,12.8935,542.3603,542.3603,542.3603,-1.4991,-1.4991,-1.4991
IWM,298.92999267578125,299.23,2026-08-25,True,298.1549987792969,299.95001220703125,-0.1,25.27,BAJO,,18.53,,1.37,,,,,,,,,,YAHOO,2.2948,3.0345,1.8017,0.067134,2.0656,0.6868,69.44,,999,,,none,,,,,,,,,,-0.9247,-1.2487,-0.3002,3.1928,9.9344,16.8808,305.09,305.09,305.09,-2.0191,-2.0191,-2.0191
GLD,421.32000732421875,428.07,2026-08-25,True,420.30999755859375,424.93499755859375,-1.58,31.35,BAJO,,,,2.48,,,,,,,,,,YAHOO,2.2948,3.0345,1.8017,0.067134,2.0656,0.6868,69.44,,999,,,none,,,,,,,,,,1.8075,4.0502,12.764,3.1408,23.3021,26.8809,428.07,428.07,495.9,-1.5768,-1.5768,-15.0393
SLV,61.59000015258789,62.32,2026-08-25,True,61.01499938964844,61.95800018310547,-1.17,72.22,BAJO,,,,,,,,,,,,,,YAHOO,2.2948,3.0345,1.8017,0.067134,2.0656,0.6868,69.44,,999,,,none,,,,,,,,,,2.6329,4.2838,15.5968,-8.7556,20.5963,45.0717,62.72,67.99,105.6,-1.8017,-9.4131,-41.6761
XLY,117.16000366210938,117.95,2026-08-25,True,116.74500274658203,117.83999633789062,-0.67,-2.61,BAJO,,26.67,,,,,,,,,,,,YAHOO,2.2948,3.0345,1.8017,0.067134,2.0656,0.6868,69.44,,999,,,none,,,,,,,,,,-1.2058,-0.6192,2.4395,-3.4196,12.5238,21.7398,119.86,119.86,124.0232,-2.2526,-2.2526,-5.5338
XLV,173.5399932861328,175.29,2026-08-25,True,173.4499969482422,174.8000030517578,-1.0,25.19,BAJO,,30.93,,,,,,,,,,,,YAHOO,2.2948,3.0345,1.8017,0.067134,2.0656,0.6868,69.44,,999,,,none,,,,,,,,,,-1.2181,3.0278,8.2325,17.1486,14.9788,19.8137,175.68,175.68,175.68,-1.2181,-1.2181,-1.2181
XLRE,45.09000015258789,45.36,2026-08-25,True,45.064998626708984,45.45000076293945,-0.6,7.38,BAJO,,32.69,,,,,,,,,,,,YAHOO,2.2948,3.0345,1.8017,0.067134,2.0656,0.6868,69.44,,999,,,none,,,,,,,,,,0.2223,1.3486,-0.3316,1.916,7.48,15.8365,45.36,46.01,46.01,-0.5952,-1.9996,-1.9996
XLK,182.83999633789062,181.74,2026-08-25,True,180.7100067138672,183.34500122070312,0.61,36.1,BAJO,,35.12,,,,,,,,,,,,YAHOO,2.2948,3.0345,1.8017,0.067134,2.0656,0.6868,69.44,,999,,,none,,,,,,,,,,-0.4356,-3.1875,0.9552,-0.7439,19.2679,35.1152,190.77,197.974,197.974,-4.1568,-7.6444,-7.6444
XLI,180.33999633789062,178.4,2026-08-25,True,178.89999389648438,180.89999389648438,1.09,15.6,BAJO,,29.9,,1.83,,,,,,,,,,YAHOO,2.2948,3.0345,1.8017,0.067134,2.0656,0.6868,69.44,,999,,,none,,,,,,,,,,-0.8849,-2.9804,-0.4746,3.7198,12.3664,18.887,186.51,186.51,186.51,-3.3081,-3.3081,-3.3081
XLF,58.2599983215332,58.31,2026-08-25,True,58.02000045776367,58.380001068115234,-0.09,6.59,BAJO,,17.05,,1.71,,,,,,,,,,YAHOO,2.2948,3.0345,1.8017,0.067134,2.0656,0.6868,69.44,,999,,,none,,,,,,,,,,1.357,0.587,8.7549,13.6991,10.2359,13.5067,58.31,58.31,58.31,-0.0858,-0.0858,-0.0858
XLE,62.43000030517578,62.06,2026-08-25,True,61.310001373291016,63.02000045776367,0.6,42.27,BAJO,,21.04,,1.2,,,,,,,,,,YAHOO,2.2948,3.0345,1.8017,0.067134,2.0656,0.6868,69.44,,999,,,none,,,,,,,,,,-1.8087,2.294,15.9547,10.3355,15.2611,22.9275,63.75,63.75,63.75,-2.0706,-2.0706,-2.0706
XLC,112.61000061035156,113.18,2026-08-25,True,112.46499633789062,113.97000122070312,-0.5,-0.93,BAJO,,16.3,,,,,,,,,,,,YAHOO,2.2948,3.0345,1.8017,0.067134,2.0656,0.6868,69.44,,999,,,none,,,,,,,,,,1.1588,2.1221,6.0558,-2.8875,9.9962,19.9204,113.18,113.38,119.3874,-0.5036,-0.6791,-5.6768
XLB,53.66999816894531,53.58,2026-08-25,True,53.51499938964844,54.084999084472656,0.17,15.25,BAJO,,26.27,,0.68,,,,,,,,,,YAHOO,2.2948,3.0345,1.8017,0.067134,2.0656,0.6868,69.44,,999,,,none,,,,,,,,,,2.1896,2.073,4.0116,5.2573,16.353,19.7498,53.67,53.67,53.67,0.0,0.0,0.0
XLP,86.2699966430664,86.52,2026-08-25,True,86.25,86.68190002441406,-0.29,6.45,BAJO,,26.5,,1.27,,,,,,,,,,YAHOO,2.2948,3.0345,1.8017,0.067134,2.0656,0.6868,69.44,,999,,,none,,,,,,,,,,-0.312,1.3987,1.8416,2.7058,19.2124,17.517,87.45,87.45,88.8894,-1.3493,-1.3493,-2.9468
XLU,43.5099983215332,43.31,2026-08-25,True,43.279998779296875,43.70500183105469,0.46,1.26,BAJO,,19.8,,0.68,,,,,,,,,,YAHOO,2.2948,3.0345,1.8017,0.067134,2.0656,0.6868,69.44,,999,,,none,,,,,,,,,,-1.1586,-0.7527,-5.8225,-2.9955,23.3742,14.7248,44.66,46.29,47.0979,-2.575,-6.0056,-7.6179
PSQ,26.0,26.02,2026-08-25,True,25.94499969482422,26.11989974975586,-0.08,-21.15,BAJO,,,,,,,,,,,,,,YAHOO,2.2948,3.0345,1.8017,0.067134,2.0656,0.6868,69.44,,999,,,none,,,,,,,,,,0.7752,1.9608,-0.4975,2.5033,11.5391,26.129,26.99,27.91,33.0172,-3.668,-6.8434,-21.2531
EWZ,35.720001220703125,35.88,2026-08-25,True,35.69499969482422,36.1150016784668,-0.45,26.8,BAJO,,11.24,,0.98,,,,,,,,,,YAHOO,2.2948,3.0345,1.8017,0.067134,2.0656,0.6868,69.44,,999,,,none,,,,,,,,,,4.2615,5.4932,3.0286,-0.1383,23.1634,22.2119,36.65,36.65,41.3365,-2.5375,-2.5375,-13.5872
FXI,35.54999923706055,35.56,2026-08-25,True,35.532501220703125,35.720001220703125,-0.03,-11.34,BAJO,,9.65,,,,,,,,,,,,YAHOO,2.2948,3.0345,1.8017,0.067134,2.0656,0.6868,69.44,,999,,,none,,,,,,,,,,-0.3644,0.9083,12.5356,1.4069,9.1886,18.7835,36.52,36.52,40.9939,-2.6561,-2.6561,-13.2797
COPX,95.54000091552734,96.32,2026-08-25,True,95.30819702148438,97.1500015258789,-0.81,97.27,BAJO,,20.55,,,,,,,,,,,,YAHOO,2.2948,3.0345,1.8017,0.067134,2.0656,0.6868,69.44,,999,,,none,,,,,,,,,,8.2238,8.1993,25.8397,11.354,42.4771,51.3905,96.32,96.32,96.32,-0.8098,-0.8098,-0.8098
URA,48.04999923706055,48.14,2026-08-25,True,47.880001068115234,50.09000015258789,-0.19,20.81,BAJO,,31.74,,,,,,,,,,,,YAHOO,2.2948,3.0345,1.8017,0.067134,2.0656,0.6868,69.44,,999,,,none,,,,,,,,,,6.7541,6.3053,10.2317,-4.2065,52.7122,50.0877,48.14,53.42,61.81,-0.187,-10.0524,-22.2618
ARKK,85.77999877929688,86.37,2026-08-25,True,85.05010223388672,86.37000274658203,-0.68,8.82,BAJO,,55.36,,,,,,,,,,,,YAHOO,2.2948,3.0345,1.8017,0.067134,2.0656,0.6868,69.44,,999,,,none,,,,,,,,,,2.9648,5.4197,9.7914,10.0449,46.8163,40.4923,86.37,86.37,92.53,-0.6831,-0.6831,-7.2949
ITA,236.3800048828125,234.3,2026-08-25,True,234.94000244140625,237.52000427246094,0.89,15.15,BAJO,,36.15,,,,,,,,,,,,YAHOO,2.2948,3.0345,1.8017,0.067134,2.0656,0.6868,69.44,,999,,,none,,,,,,,,,,-3.9691,-6.0567,-0.1689,2.6319,17.495,25.242,253.22,253.22,253.22,-6.6503,-6.6503,-6.6503
SMH,555.77001953125,555.82,2026-08-25,True,550.5399780273438,557.780029296875,-0.01,84.22,BAJO,,39.43,,,,,,,,,,,,YAHOO,2.2948,3.0345,1.8017,0.067134,2.0656,0.6868,69.44,,999,,,none,,,,,,,,,,-0.9181,-4.969,-9.13,-6.6717,26.6155,53.9883,594.07,668.91,668.91,-6.447,-16.9141,-16.9141
EEM,67.16999816894531,67.25,2026-08-25,True,67.13500213623047,67.54499816894531,-0.12,32.75,BAJO,,17.43,,,,,,,,,,,,YAHOO,2.2948,3.0345,1.8017,0.067134,2.0656,0.6868,69.44,,999,,,none,,,,,,,,,,1.6034,1.0683,-0.0298,-1.2734,21.7548,32.9484,67.32,71.21,71.21,-0.2228,-5.6734,-5.6734
AAPL,313.45001220703125,309.9,2026-08-25,True,308.80010986328125,315.42999267578125,1.15,33.55,BAJO,4574545969152.0,35.99,32.86,42.59,148.75,27.08,32.62,27.62,2.35,27.37,0.78,1.0,8.0,YAHOO,2.2948,3.0345,1.8017,0.067134,2.0656,0.6868,69.44,2026-10-29,64,2026-07-30,27.0,yahoo,1.0,1.0,1.0,0.0,1.0,1.0,1.0,1.0,1.0,-1.0668,3.7055,10.5506,0.9234,11.9694,32.3199,333.1427,339.7869,339.7869,-5.9112,-7.751,-7.751
MSFT,496.3699951171875,491.71,2026-08-25,True,487.30999755859375,497.3999938964844,0.95,-3.97,BAJO,3685818040320.0,27.65,21.06,8.33,34.04,14.09,45.11,40.3,0.45,19.24,0.29,1.23,6.0,YAHOO,2.2948,3.0345,1.8017,0.067134,2.0656,0.6868,69.44,2026-10-28,63,2026-07-29,28.0,yahoo,1.0,1.0,1.0,1.0,1.0,0.0,1.0,0.0,0.0,2.6831,0.9899,33.3363,20.509,3.7404,45.0799,505.1091,505.1091,537.6464,-1.7301,-1.7301,-7.6772
NVDA,209.66000366210938,213.05,2026-08-25,True,209.22999572753906,213.60000610351562,-1.59,11.85,BAJO,5078174924800.0,32.06,15.97,25.98,114.29,52.73,65.6,62.97,0.91,30.91,0.07,3.44,4.0,YAHOO,2.2948,3.0345,1.8017,0.067134,2.0656,0.6868,69.44,2026-08-26,0,,,yahoo,1.0,0.0,1.0,0.0,1.0,0.0,1.0,0.0,0.0,-3.6312,-6.4394,8.8973,-1.2679,34.3484,39.0186,225.3,225.3,235.4656,-6.9419,-6.9419,-10.9594
META,576.1400146484375,570.05,2026-08-25,True,561.9450073242188,593.27001953125,1.07,-27.0,BAJO,1467720269824.0,21.69,16.54,5.62,29.85,14.59,34.83,29.83,1.47,13.58,0.43,2.23,5.0,YAHOO,2.2948,3.0345,1.8017,0.067134,2.0656,0.6868,69.44,2026-10-28,63,2026-07-29,28.0,yahoo,1.0,0.0,1.0,1.0,0.0,0.0,1.0,1.0,0.0,5.5143,-0.4682,4.7051,-9.2224,8.8264,48.1677,599.12,681.31,777.7011,-3.8356,-15.4364,-25.9176
GOOGL,342.0,346.96,2026-08-25,True,340.17999267578125,346.8800048828125,-1.43,61.92,BAJO,4182637805568.0,17.17,23.09,6.72,48.68,12.96,34.03,54.77,0.54,23.56,0.19,2.72,6.0,YAHOO,2.2948,3.0345,1.8017,0.067134,2.0656,0.6868,69.44,2026-10-28,63,,,yahoo,1.0,0.0,1.0,1.0,0.0,1.0,1.0,1.0,0.0,-0.789,-0.4483,1.3664,-11.9913,19.3727,37.2717,377.65,377.65,402.3797,-9.44,-9.44,-15.0056
AMZN,260.2799987792969,261.06,2026-08-25,True,258.239990234375,262.04998779296875,-0.3,10.15,BAJO,2807461576704.0,20.94,25.05,5.09,30.56,6.59,13.69,17.44,0.11,17.38,0.46,1.03,6.0,YAHOO,2.2948,3.0345,1.8017,0.067134,2.0656,0.6868,69.44,2026-10-29,64,2026-07-30,27.0,yahoo,1.0,1.0,1.0,1.0,1.0,0.0,0.0,1.0,0.0,-2.0915,-2.619,11.857,-4.256,13.9876,44.8113,284.02,284.02,284.02,-8.3586,-8.3586,-8.3586
TSLA,345.82000732421875,350.25,2026-08-25,True,342.5299987792969,351.92999267578125,-1.26,-5.32,BAJO,1365832499200.0,317.27,160.21,15.72,4.67,1.93,1.41,3.67,0.35,124.5,0.18,1.94,5.0,YAHOO,2.2948,3.0345,1.8017,0.067134,2.0656,0.6868,69.44,2026-10-21,56,,,yahoo,1.0,0.0,1.0,1.0,0.0,1.0,0.0,1.0,0.0,-1.5095,5.5907,-8.9252,-21.4688,59.9474,57.0741,362.86,425.3,489.88,-4.696,-18.688,-29.4072
MSTR,123.19000244140625,126.83,2026-08-25,True,120.87000274658203,125.54000091552734,-2.87,-68.59,BAJO,48941129728.0,,2.49,1.48,-63.56,-38.73,-6808.11,0.0,-46.15,-1.86,0.15,5.39,3.0,YAHOO,2.2948,3.0345,1.8017,0.067134,2.0656,0.6868,69.44,2026-10-29,64,2026-07-30,27.0,yahoo,0.0,0.0,0.0,1.0,1.0,1.0,0.0,0.0,0.0,18.1679,29.9061,49.6659,-20.1102,59.9087,81.9614,126.83,136.08,359.69,-2.87,-9.4724,-65.7511
PLTR,177.5,172.73,2026-08-25,True,168.89999389648438,178.49000549316406,2.76,6.69,BAJO,426542858240.0,151.71,76.7,43.63,38.1,17.29,47.12,49.01,0.51,156.73,0.02,7.23,8.0,YAHOO,2.2948,3.0345,1.8017,0.067134,2.0656,0.6868,69.44,2026-11-02,68,2026-08-03,23.0,yahoo,1.0,1.0,1.0,1.0,1.0,1.0,0.0,1.0,1.0,1.3186,3.7769,57.177,33.9522,47.2508,81.5392,179.94,179.94,207.18,-1.356,-1.356,-14.3257
SNOW,315.3699951171875,317.02,2026-08-25,True,307.28009033203125,317.5,-0.52,58.62,BAJO,109307240448.0,,116.51,56.36,-54.87,-9.68,-22.17,-23.79,1.59,-97.36,1.43,1.05,5.0,YAHOO,2.2948,3.0345,1.8017,0.067134,2.0656,0.6868,69.44,2026-09-02,7,,,yahoo,0.0,0.0,1.0,1.0,1.0,0.0,0.0,1.0,1.0,-2.9661,-5.0834,26.675,79.9441,45.3865,40.848,337.38,337.38,337.38,-6.5238,-6.5238,-6.5238
CRWD,189.17999267578125,185.38,2026-08-25,True,181.32000732421875,191.32000732421875,2.05,77.56,BAJO,192634273792.0,,120.69,41.57,-0.25,-1.0,-2.21,-0.6,1.0,3119.99,0.18,1.53,4.0,YAHOO,2.2948,3.0345,1.8017,0.067134,2.0656,0.6868,69.44,2026-08-26,0,,,yahoo,0.0,0.0,1.0,1.0,1.0,1.0,0.0,0.0,0.0,-6.1747,-14.6993,7.9348,17.2555,33.0536,53.0203,225.53,225.53,225.53,-16.1176,-16.1176,-16.1176
PANW,339.30999755859375,339.9,2026-08-25,True,328.0,342.25,-0.17,80.53,BAJO,276537638912.0,295.05,82.54,9.97,4.83,1.77,-2.46,7.95,1.29,186.07,0.08,0.86,5.0,YAHOO,2.2948,3.0345,1.8017,0.067134,2.0656,0.6868,69.44,2026-09-01,6,,,yahoo,1.0,0.0,1.0,1.0,1.0,1.0,0.0,0.0,0.0,-5.6843,-12.3253,11.5417,36.5597,38.0437,50.2642,396.0,396.0,396.0,-14.3157,-14.3157,-14.3157
ADBE,273.4700012207031,273.92,2026-08-25,True,265.0350036621094,274.6000061035156,-0.16,-26.6,BAJO,108704325632.0,15.64,9.95,9.47,62.95,19.93,35.33,28.69,8.48,11.32,0.61,0.75,7.0,YAHOO,2.2948,3.0345,1.8017,0.067134,2.0656,0.6868,69.44,2026-09-10,15,,,yahoo,1.0,1.0,1.0,1.0,0.0,0.0,1.0,1.0,1.0,0.367,5.6889,34.8937,14.7876,13.2811,49.2459,276.27,276.27,367.46,-1.0135,-1.0135,-25.5783
CRM,205.6199951171875,205.69,2026-08-25,True,198.9499969482422,206.44000244140625,-0.03,-18.58,BAJO,,23.8,13.25,4.92,16.91,5.7,21.8,18.73,,15.44,1.24,0.79,7.0,YAHOO,2.2948,3.0345,1.8017,0.067134,2.0656,0.6868,69.44,2026-08-26,0,,,yahoo,1.0,1.0,1.0,1.0,0.0,0.0,1.0,1.0,1.0,-0.2281,6.3625,29.8352,16.1347,22.2869,44.7265,209.17,209.17,264.8822,-1.6972,-1.6972,-22.373
MU,938.4000244140625,932.97,2026-08-25,True,924.5999755859375,945.7498779296875,0.58,703.13,BAJO,,21.22,6.05,10.52,66.64,34.87,80.37,55.91,,15.16,0.06,3.42,7.0,YAHOO,2.2948,3.0345,1.8017,0.067134,2.0656,0.6868,69.44,2026-09-30,35,,,yahoo,1.0,1.0,1.0,1.0,1.0,0.0,0.0,1.0,1.0,0.1377,2.9749,-17.1139,1.0916,56.4222,105.8283,1011.75,1213.3734,1213.3734,-7.2498,-22.6619,-22.6619
INTC,88.23999786376953,87.48,2026-08-25,True,85.62999725341797,88.27989959716797,0.87,258.73,BAJO,466445893632.0,,43.25,5.08,-10.71,1.41,12.19,-19.79,1.04,28.59,0.49,1.6,6.0,YAHOO,2.2948,3.0345,1.8017,0.067134,2.0656,0.6868,69.44,2026-10-22,57,,,yahoo,0.0,1.0,1.0,1.0,1.0,1.0,0.0,1.0,0.0,-4.9138,-12.5904,-31.2344,-27.5355,30.4904,84.5688,104.56,140.94,140.94,-15.6083,-37.3918,-37.3918
AMAT,479.760009765625,480.04,2026-08-25,True,472.43499755859375,480.6698913574219,-0.06,189.59,BAJO,380736307200.0,41.47,25.99,14.86,41.07,15.48,33.74,30.05,0.81,37.33,0.29,2.42,6.0,YAHOO,2.2948,3.0345,1.8017,0.067134,2.0656,0.6868,69.44,2026-11-12,78,2026-08-13,13.0,yahoo,1.0,0.0,1.0,1.0,0.0,1.0,1.0,1.0,0.0,-3.2039,-12.3829,-23.3819,7.144,10.3397,86.6376,547.5645,722.2277,722.2277,-12.3829,-33.5722,-33.5722
TXN,261.7699890136719,260.05,2026-08-25,True,259.489990234375,263.19500732421875,0.66,26.72,BAJO,239060828160.0,39.54,24.59,13.27,35.18,13.06,42.58,31.11,1.48,25.69,0.78,4.86,7.0,YAHOO,2.2948,3.0345,1.8017,0.067134,2.0656,0.6868,69.44,2026-10-27,62,,,yahoo,1.0,1.0,1.0,1.0,0.0,1.0,1.0,0.0,1.0,-2.1238,-5.3581,-7.8197,-17.1176,19.5145,48.2206,286.08,330.5874,330.5874,-8.4976,-20.8167,-20.8167
TSM,417.69000244140625,417.41,2026-08-25,True,414.4100036621094,420.75,0.07,73.25,BAJO,2166338355200.0,31.06,19.18,85.98,39.97,19.0,60.34,49.92,33.74,4.71,0.17,2.46,9.0,YAHOO,2.2948,3.0345,1.8017,0.067134,2.0656,0.6868,69.44,2026-10-15,50,,,yahoo,1.0,1.0,1.0,1.0,1.0,1.0,1.0,1.0,1.0,1.3589,-2.6704,-3.3908,-0.9609,26.0191,48.9369,430.97,477.57,477.57,-3.0814,-12.5385,-12.5385
AMD,480.92999267578125,479.18,2026-08-25,True,474.5799865722656,491.1199951171875,0.37,184.99,BAJO,785106206720.0,122.37,31.07,11.68,10.2,5.13,17.25,15.58,1.13,81.21,0.06,2.61,7.0,YAHOO,2.2948,3.0345,1.8017,0.067134,2.0656,0.6868,69.44,2026-11-03,69,2026-08-04,22.0,yahoo,1.0,1.0,1.0,1.0,0.0,1.0,0.0,1.0,1.0,3.1109,-0.4141,-7.7936,-2.9483,54.5084,78.2319,518.58,580.91,580.91,-7.2602,-17.2109,-17.2109
ASML,1745.6400146484375,1744.16,2026-08-25,True,1732.35009765625,1761.5799560546875,0.08,126.58,BAJO,670500323328.0,58.87,28.94,1460.32,53.94,16.45,37.06,30.11,1.26,2761.22,0.09,1.33,8.0,YAHOO,2.2948,3.0345,1.8017,0.067134,2.0656,0.6868,69.44,2026-10-14,49,,,yahoo,1.0,1.0,1.0,1.0,1.0,0.0,1.0,1.0,1.0,-0.3477,-3.5595,-2.6035,9.3892,14.2871,56.2044,1883.12,1986.8704,1986.8704,-7.3006,-12.1412,-12.1412
MRVL,245.11000061035156,240.38,2026-08-25,True,236.7899932861328,245.1699981689453,1.97,227.12,BAJO,220281487360.0,84.23,38.81,11.78,16.03,3.81,14.48,28.99,1.03,79.59,0.29,3.28,8.0,YAHOO,2.2948,3.0345,1.8017,0.067134,2.0656,0.6868,69.44,2026-08-27,1,,,yahoo,1.0,1.0,1.0,0.0,1.0,1.0,1.0,1.0,1.0,3.3043,12.9123,-8.0967,23.3873,75.5216,102.9672,251.01,316.352,316.352,-2.3505,-22.5198,-22.5198
QCOM,163.72000122070312,160.56,2026-08-25,True,159.88900756835938,163.8699951171875,1.97,1.37,BAJO,174862860288.0,18.71,16.05,6.26,33.75,11.61,18.53,21.01,5.86,14.91,0.55,2.02,6.0,YAHOO,2.2948,3.0345,1.8017,0.067134,2.0656,0.6868,69.44,2026-10-29,64,2026-07-29,28.0,yahoo,1.0,0.0,1.0,1.0,0.0,1.0,1.0,0.0,1.0,1.1179,0.3986,-13.554,-29.5952,23.4432,57.9314,167.86,249.09,250.0963,-2.4663,-34.2728,-34.5372
COIN,181.77999877929688,187.16,2026-08-25,True,179.43170166015625,185.47000122070312,-2.87,-44.72,BAJO,47960276992.0,,64.28,3.67,-7.85,1.12,-13.92,-16.34,5.56,65.53,0.51,2.42,4.0,YAHOO,2.2948,3.0345,1.8017,0.067134,2.0656,0.6868,69.44,2026-10-29,64,2026-07-30,27.0,yahoo,1.0,0.0,1.0,1.0,0.0,1.0,0.0,0.0,0.0,13.4707,21.9673,21.9509,4.6035,91.4024,70.2056,187.16,187.16,387.27,-2.8745,-2.8745,-53.0612
SHOP,150.2899932861328,153.88,2026-08-25,True,150.14999389648438,153.53500366210938,-2.33,3.05,BAJO,195024502784.0,101.55,61.27,15.64,15.54,10.19,17.55,14.53,0.81,80.68,0.01,5.35,5.0,YAHOO,2.2948,3.0345,1.8017,0.067134,2.0656,0.6868,69.44,2026-11-03,69,2026-08-05,21.0,yahoo,1.0,0.0,1.0,1.0,0.0,1.0,0.0,0.0,1.0,2.531,-0.0798,28.6069,40.985,34.0501,61.5701,158.53,158.53,179.01,-5.1978,-5.1978,-16.0438
RBLX,37.560001373291016,39.12,2026-08-25,True,37.40999984741211,39.939998626708984,-3.99,-73.55,BAJO,26831962112.0,,-30.09,176.34,-432.28,-7.73,-13.27,-17.61,5.5,-30.39,14.23,0.82,6.0,YAHOO,2.2948,3.0345,1.8017,0.067134,2.0656,0.6868,69.44,2026-10-29,64,2026-07-30,27.0,yahoo,0.0,1.0,1.0,1.0,1.0,0.0,0.0,1.0,1.0,-2.9206,5.6837,-21.0261,-17.6857,37.1241,83.0676,48.67,57.95,141.56,-22.8272,-35.1855,-73.4671
UBER,78.48999786376953,80.35,2026-08-25,True,78.41500091552734,82.36499786376953,-2.31,-22.34,BAJO,160320536576.0,17.21,17.89,5.86,37.16,6.88,13.32,17.34,4.52,22.84,0.52,0.84,6.0,YAHOO,2.2948,3.0345,1.8017,0.067134,2.0656,0.6868,69.44,2026-11-03,69,2026-08-05,21.0,yahoo,1.0,0.0,1.0,1.0,0.0,1.0,1.0,1.0,0.0,0.5766,4.1534,3.0053,10.9713,25.3221,41.5737,80.35,80.35,100.1,-2.3149,-2.3149,-21.5884
HPQ,30.520000457763672,29.52,2026-08-25,True,29.190000534057617,30.829999923706055,3.39,15.14,BAJO,,11.3,10.19,-194.39,,5.88,7.11,4.45,,7.25,,0.79,5.0,YAHOO,2.2948,3.0345,1.8017,0.067134,2.0656,0.6868,69.44,2026-08-26,0,,,yahoo,1.0,0.0,1.0,1.0,0.0,1.0,1.0,0.0,0.0,1.9372,4.235,33.3916,21.191,53.4595,45.2907,31.3,31.3,31.3,-2.492,-2.492,-2.492
BIDU,93.26000213623047,93.43,2026-08-25,True,92.77999877929688,93.83999633789062,-0.18,-2.81,BAJO,31632535552.0,,11.63,0.78,-1.39,1.2,9.65,-2.9,,0.07,0.38,2.33,2.0,YAHOO,2.2948,3.0345,1.8017,0.067134,2.0656,0.6868,69.44,2026-11-18,84,2026-08-18,8.0,yahoo,1.0,0.0,0.0,0.0,0.0,0.0,1.0,0.0,0.0,0.4199,-11.0454,-10.5162,-28.2118,19.2439,47.7487,113.06,136.72,162.52,-17.5128,-31.7876,-42.6163
SPOT,550.030029296875,552.57,2026-08-25,True,543.2000122070312,554.969970703125,-0.46,-24.68,BAJO,113077485568.0,29.62,30.47,11.54,44.48,12.19,13.71,18.43,1.36,39.72,0.06,2.11,5.0,YAHOO,2.2948,3.0345,1.8017,0.067134,2.0656,0.6868,69.44,2026-11-03,69,2026-08-04,22.0,yahoo,1.0,1.0,1.0,1.0,0.0,0.0,0.0,1.0,0.0,3.1235,12.3427,19.5665,7.2539,22.1126,36.7306,552.57,552.57,738.53,-0.4597,-0.4597,-25.5237
AVGO,355.5899963378906,356.74,2026-08-25,True,350.07000732421875,359.46990966796875,-0.32,16.54,BAJO,1691748007936.0,59.36,18.24,19.29,37.28,12.12,48.99,38.85,1.61,41.31,0.74,2.24,8.0,YAHOO,2.2948,3.0345,1.8017,0.067134,2.0656,0.6868,69.44,2026-09-02,7,,,yahoo,1.0,1.0,1.0,1.0,1.0,1.0,0.0,1.0,1.0,-1.9008,-14.5319,-2.5834,-15.5756,25.0796,53.7508,427.76,480.8091,480.8091,-16.8716,-26.0434,-26.0434
ACN,181.3800048828125,186.93,2026-08-25,True,180.7899932861328,185.8441925048828,-2.97,-31.18,BAJO,110994055168.0,14.49,12.38,3.48,24.41,10.9,16.96,10.66,10.89,8.56,0.25,1.34,5.0,YAHOO,2.2948,3.0345,1.8017,0.067134,2.0656,0.6868,69.44,2026-10-01,36,,,yahoo,1.0,0.0,1.0,1.0,0.0,1.0,1.0,0.0,0.0,-0.9772,0.6884,42.3174,4.0831,34.3058,60.4879,186.93,186.93,282.7142,-2.969,-2.969,-35.8433
NFLX,81.45999908447266,82.23,2026-08-25,True,81.29499816894531,82.41999816894531,-0.94,-37.21,BAJO,339194511360.0,25.62,21.32,11.25,49.54,16.08,33.38,28.22,7.48,23.76,0.55,1.14,7.0,YAHOO,2.2948,3.0345,1.8017,0.067134,2.0656,0.6868,69.44,2026-10-20,55,,,yahoo,1.0,1.0,1.0,0.0,1.0,0.0,1.0,1.0,1.0,1.5457,9.7696,10.3645,-6.743,26.9083,36.4954,82.23,83.33,126.325,-0.9364,-2.2441,-35.5155
NIO,4.369999885559082,4.45,2026-08-25,True,4.369999885559082,4.5,-1.8,-38.43,BAJO,,,25.01,16.84,-83.96,-4.42,-1.21,-9.09,,-34.22,1.83,1.01,6.0,YAHOO,2.2948,3.0345,1.8017,0.067134,2.0656,0.6868,69.44,2026-09-01,6,,,yahoo,0.0,1.0,1.0,1.0,1.0,0.0,0.0,1.0,1.0,-4.5852,-3.7445,-10.0823,-24.0,60.4861,37.1072,4.88,6.01,7.89,-10.4508,-27.2879,-44.6134
BABA,119.83000183105469,119.44,2026-08-25,True,119.33999633789062,121.4000015258789,0.33,-6.28,BAJO,297852272640.0,27.11,12.88,1.79,6.36,1.56,7.29,7.04,-27.75,2.27,0.24,1.36,3.0,YAHOO,2.2948,3.0345,1.8017,0.067134,2.0656,0.6868,69.44,2026-11-24,90,2026-08-20,6.0,yahoo,1.0,0.0,1.0,0.0,0.0,0.0,1.0,0.0,0.0,-7.0365,-4.3044,26.3896,-5.3456,69.901,44.9638,132.32,132.32,187.6169,-9.4392,-9.4392,-36.1305
PDD,86.73999786376953,87.75,2026-08-25,True,85.88999938964844,87.9800033569336,-1.15,-33.65,BAJO,123465408512.0,9.48,6.97,1.83,22.75,10.01,24.71,20.43,60.45,-3.31,0.01,2.62,4.0,YAHOO,2.2948,3.0345,1.8017,0.067134,2.0656,0.6868,69.44,2026-11-18,84,2026-08-24,2.0,yahoo,1.0,0.0,1.0,1.0,0.0,1.0,0.0,0.0,0.0,-3.8359,-2.5831,13.3116,0.1501,16.6769,34.4907,93.0,93.0,138.13,-6.7312,-6.7312,-37.2041
SAP,211.67999267578125,216.93,2026-08-25,True,208.57000732421875,212.32000732421875,-2.42,-23.85,BAJO,244321959936.0,27.1,21.99,66.62,18.32,9.54,27.62,20.41,3.72,292.51,0.22,1.15,7.0,YAHOO,2.2948,3.0345,1.8017,0.067134,2.0656,0.6868,69.44,2026-10-21,56,,,yahoo,1.0,1.0,1.0,1.0,1.0,1.0,0.0,0.0,1.0,-1.8182,3.6885,36.4885,21.5574,21.4393,45.8707,218.68,218.68,275.6678,-3.201,-3.201,-23.2119
SE,119.12000274658203,123.18,2026-08-25,True,118.5999984741211,121.68000030517578,-3.3,-40.39,BAJO,,45.99,23.18,5.87,14.73,4.97,8.35,5.91,,26.45,0.32,1.49,8.0,YAHOO,2.2948,3.0345,1.8017,0.067134,2.0656,0.6868,69.44,2026-11-10,76,2026-08-11,15.0,yahoo,1.0,1.0,1.0,1.0,1.0,1.0,0.0,1.0,1.0,0.0168,-7.0174,30.4281,27.4556,67.7052,55.0289,131.51,131.51,196.5,-9.4213,-9.4213,-39.3791
IBM,229.8699951171875,234.19,2026-08-25,True,228.9600067138672,234.22999572753906,-1.84,-6.45,BAJO,216568430592.0,20.41,17.46,6.29,34.46,5.3,16.55,15.52,5.56,16.62,1.89,0.79,6.0,YAHOO,2.2948,3.0345,1.8017,0.067134,2.0656,0.6868,69.44,2026-10-21,56,,,yahoo,1.0,1.0,1.0,1.0,1.0,0.0,0.0,1.0,0.0,-3.0739,-2.5892,-14.7668,-9.2794,27.8356,65.3347,238.42,326.8851,326.8851,-3.5861,-29.6787,-29.6787
ZM,93.83000183105469,100.92,2026-08-25,True,92.72000122070312,98.36000061035156,-7.03,15.41,BAJO,27513980928.0,8.71,14.78,2.76,21.95,6.55,25.06,41.99,7.2,16.36,0.01,4.22,7.0,YAHOO,2.2948,3.0345,1.8017,0.067134,2.0656,0.6868,69.44,2026-11-24,90,2026-08-25,1.0,yahoo,1.0,1.0,1.0,1.0,1.0,0.0,1.0,1.0,0.0,-12.6919,-10.7486,8.4991,-6.1325,53.1084,43.4239,109.84,111.88,111.88,-14.5757,-16.1334,-16.1334
CSCO,112.36000061035156,111.11,2026-08-25,True,111.19000244140625,112.94999694824219,1.13,64.04,BAJO,442859585536.0,33.74,20.07,8.82,27.32,7.98,27.7,20.95,2.61,24.55,0.59,0.93,8.0,YAHOO,2.2948,3.0345,1.8017,0.067134,2.0656,0.6868,69.44,2026-11-12,78,2026-08-12,14.0,yahoo,1.0,1.0,1.0,1.0,0.0,1.0,1.0,1.0,1.0,1.6373,-9.2993,-0.8699,-5.7572,14.7838,37.9876,123.88,129.5155,129.5155,-9.2993,-13.2459,-13.2459
DOCU,59.33000183105469,60.54,2026-08-25,True,58.72999954223633,60.279998779296875,-2.0,-21.82,BAJO,11328744448.0,38.53,11.64,6.29,16.44,5.51,13.41,9.59,11.04,27.61,0.1,0.67,6.0,YAHOO,2.2948,3.0345,1.8017,0.067134,2.0656,0.6868,69.44,2026-09-03,8,,,yahoo,1.0,0.0,1.0,1.0,0.0,0.0,1.0,1.0,1.0,-4.4759,2.117,31.232,22.5067,28.6047,55.0906,64.09,64.09,85.01,-7.427,-7.427,-30.2082
ARM,251.05999755859375,241.56,2026-08-25,True,238.5,252.9199981689453,3.93,75.34,BAJO,268131729408.0,253.6,82.02,31.07,13.35,5.42,7.6,20.25,0.5,248.88,0.06,5.25,6.0,YAHOO,2.2948,3.0345,1.8017,0.067134,2.0656,0.6868,69.44,2026-11-04,70,2026-07-29,28.0,yahoo,1.0,0.0,1.0,1.0,0.0,1.0,0.0,1.0,1.0,0.6898,-7.6544,-24.893,-17.0625,49.3519,91.6104,286.68,439.46,439.46,-12.425,-42.8708,-42.8708
GRMN,289.0199890136719,288.45,2026-08-25,True,285.6499938964844,290.0,0.2,22.64,BAJO,55738241024.0,29.77,26.31,6.18,21.89,12.17,30.44,24.47,1.87,23.06,0.03,3.03,6.0,YAHOO,2.2948,3.0345,1.8017,0.067134,2.0656,0.6868,69.44,2026-10-28,63,2026-07-29,28.0,yahoo,1.0,1.0,1.0,0.0,0.0,1.0,0.0,1.0,1.0,-2.2491,-6.7617,24.3043,21.9902,14.0068,42.4031,313.16,313.16,313.16,-7.7085,-7.7085,-7.7085
MSI,487.2799987792969,485.39,2026-08-25,True,481.090087890625,490.19000244140625,0.39,4.5,BAJO,80641818624.0,38.46,25.54,30.18,91.57,11.25,27.35,17.44,2.45,23.83,3.58,1.1,6.0,YAHOO,2.2948,3.0345,1.8017,0.067134,2.0656,0.6868,69.44,2026-11-05,71,2026-08-05,21.0,yahoo,1.0,1.0,1.0,1.0,0.0,0.0,1.0,1.0,0.0,1.3393,3.734,20.9462,19.5812,8.6564,27.0304,487.28,487.28,487.28,0.0,0.0,0.0
SNAP,5.420000076293945,5.92,2026-08-25,True,5.320000171661377,5.984899997711182,-8.45,-26.44,BAJO,9166291968.0,,6.99,4.73,-15.58,-2.72,-2.64,-4.9,7.79,-73.37,2.19,2.94,6.0,YAHOO,2.2948,3.0345,1.8017,0.067134,2.0656,0.6868,69.44,2026-11-04,70,2026-08-03,23.0,yahoo,0.0,1.0,1.0,1.0,1.0,0.0,0.0,1.0,1.0,3.4351,4.2308,22.9025,-7.8231,110.921,68.0741,5.92,6.07,9.09,-8.4459,-10.7084,-40.374
PINS,23.309999465942383,23.66,2026-08-25,True,23.1200008392334,23.790000915527344,-1.48,-39.01,BAJO,13200756736.0,68.56,9.7,4.56,6.46,3.51,-3.46,5.46,9.06,42.08,0.41,3.81,6.0,YAHOO,2.2948,3.0345,1.8017,0.067134,2.0656,0.6868,69.44,2026-11-09,75,2026-08-04,22.0,yahoo,1.0,0.0,1.0,1.0,0.0,0.0,1.0,1.0,1.0,-0.342,1.7904,11.9597,16.3754,16.9892,47.2095,25.58,25.58,37.95,-8.8741,-8.8741,-38.5771
EA,209.6999969482422,209.7,2026-08-10,False,209.6999969482422,209.6999969482422,0.0,-3.27,BAJO,52925640704.0,59.74,21.72,7.77,16.46,7.23,25.88,13.8,3.2,30.36,0.26,1.21,6.0,YAHOO,2.2948,3.0345,1.8017,0.067134,2.0656,0.6868,69.44,2026-11-03,69,,,yahoo,1.0,0.0,1.0,1.0,1.0,1.0,1.0,0.0,0.0,0.383,,,,0.0,,,,,,,
PATH,16.760000228881836,16.66,2026-08-25,True,16.135000228881836,16.94499969482422,0.6,51.25,BAJO,8683695104.0,27.93,18.49,4.58,18.18,2.37,7.27,19.58,5.89,60.34,0.04,2.31,8.0,YAHOO,2.2948,3.0345,1.8017,0.067134,2.0656,0.6868,69.44,2026-09-03,8,,,yahoo,1.0,1.0,1.0,1.0,1.0,0.0,1.0,1.0,1.0,6.2104,9.8296,59.1643,50.1792,17.9439,56.3229,16.76,16.76,19.29,0.0,0.0,-13.1156
VZ,50.189998626708984,50.25,2026-08-25,True,50.08000183105469,50.779998779296875,-0.12,18.32,BAJO,208528162816.0,13.07,9.5,2.01,15.84,5.05,23.0,11.64,8.38,7.86,1.84,0.6,4.0,YAHOO,2.2948,3.0345,1.8017,0.067134,2.0656,0.6868,69.44,2026-10-20,55,,,yahoo,1.0,0.0,1.0,1.0,0.0,1.0,0.0,0.0,0.0,1.6815,6.8327,9.6811,5.8159,10.5019,29.2323,50.25,50.25,50.25,-0.1194,-0.1194,-0.1194
T,25.8700008392334,25.77,2026-08-25,True,25.71500015258789,26.020000457763672,0.39,-8.8,BAJO,177271226368.0,8.54,10.09,1.61,18.34,4.16,24.79,16.94,5.72,7.63,1.29,0.97,6.0,YAHOO,2.2948,3.0345,1.8017,0.067134,2.0656,0.6868,69.44,2026-10-21,56,,,yahoo,1.0,1.0,1.0,1.0,0.0,1.0,1.0,0.0,0.0,2.9857,6.6804,15.3891,5.329,9.3728,31.5732,25.87,25.87,28.4181,0.0,0.0,-8.9664
AMX,23.6200008392334,23.75,2026-08-25,True,23.6200008392334,23.915000915527344,-0.55,16.1,BAJO,70756900864.0,13.42,11.33,3.2,21.58,6.36,21.49,9.37,216.57,2.37,1.58,0.71,9.0,YAHOO,2.2948,3.0345,1.8017,0.067134,2.0656,0.6868,69.44,2026-10-13,48,,,yahoo,1.0,1.0,1.0,1.0,1.0,1.0,1.0,1.0,1.0,0.2972,1.7227,-9.4933,-7.9598,15.9345,26.6207,25.35,27.4216,27.4216,-6.8245,-13.8637,-13.8637
TCOM,45.13999938964844,45.98,2026-08-25,True,45.040000915527344,45.935001373291016,-1.83,-34.13,BAJO,28424892416.0,6.71,10.63,1.2,20.14,3.95,24.34,48.65,,-1.1,0.19,1.53,7.0,YAHOO,2.2948,3.0345,1.8017,0.067134,2.0656,0.6868,69.44,2026-08-27,1,2026-08-25,1.0,yahoo,1.0,1.0,1.0,0.0,1.0,1.0,1.0,0.0,1.0,-2.9456,-0.9653,10.3937,-5.5846,12.6356,38.0638,47.3,48.47,78.96,-4.5666,-6.8702,-42.8318
TRIP,9.869999885559082,10.1,2026-08-25,True,9.850000381469727,10.194999694824219,-2.28,-46.07,BAJO,1148484736.0,,9.18,1.73,-0.23,1.92,9.44,0.27,-8.84,10.99,1.35,1.56,7.0,YAHOO,2.2948,3.0345,1.8017,0.067134,2.0656,0.6868,69.44,2026-11-05,71,2026-08-06,20.0,yahoo,1.0,1.0,1.0,1.0,1.0,0.0,1.0,0.0,1.0,-5.0962,-7.8431,-28.2704,-3.1403,27.5828,69.0353,14.5,14.93,19.14,-31.931,-33.8915,-48.4326
ABNB,188.07000732421875,190.5,2026-08-25,True,187.89999389648438,192.42999267578125,-1.28,44.56,BAJO,112613621760.0,42.94,30.64,14.23,34.54,6.14,21.01,20.45,2.85,37.21,0.32,1.41,5.0,YAHOO,2.2948,3.0345,1.8017,0.067134,2.0656,0.6868,69.44,2026-11-05,71,2026-08-06,20.0,yahoo,1.0,0.0,1.0,1.0,0.0,0.0,1.0,0.0,1.0,0.9013,4.4282,29.2045,42.3694,20.3076,47.17,190.5,190.5,190.5,-1.2756,-1.2756,-1.2756
ORCL,148.8699951171875,144.76,2026-08-25,True,146.8249969482422,151.61000061035156,2.84,-39.36,BAJO,428815712256.0,25.54,13.63,11.42,53.38,6.5,36.2,25.37,-5.72,18.69,3.89,1.11,5.0,YAHOO,2.2948,3.0345,1.8017,0.067134,2.0656,0.6868,69.44,2026-09-10,15,,,yahoo,1.0,0.0,1.0,1.0,1.0,1.0,0.0,0.0,0.0,3.5185,-2.8771,0.5776,-21.7701,43.0111,60.1035,156.22,243.7321,324.63,-4.7049,-38.9206,-54.1416
TMUS,179.61000061035156,181.61,2026-08-25,True,179.5500030517578,182.9427947998047,-1.1,-30.8,BAJO,192662552576.0,18.81,12.44,3.43,17.99,5.97,25.22,11.46,5.88,9.03,2.14,0.92,6.0,YAHOO,2.2948,3.0345,1.8017,0.067134,2.0656,0.6868,69.44,2026-10-22,57,,,yahoo,1.0,0.0,1.0,1.0,0.0,1.0,1.0,0.0,1.0,-1.508,1.4001,-1.6805,-5.359,14.1587,40.6679,183.38,195.64,252.0425,-2.0558,-8.1936,-28.7382
ANET,202.25,190.94,2026-08-25,True,190.90499877929688,203.35000610351562,5.92,46.98,BAJO,255082692608.0,64.21,39.2,17.24,31.48,14.12,45.39,38.37,1.53,52.1,,2.96,4.0,YAHOO,2.2948,3.0345,1.8017,0.067134,2.0656,0.6868,69.44,2026-11-03,69,2026-08-04,22.0,yahoo,1.0,0.0,1.0,1.0,0.0,0.0,1.0,0.0,0.0,8.4741,-3.9192,28.3312,31.0673,41.4136,60.0839,210.5,210.5,210.5,-3.9192,-3.9192,-3.9192
LRCX,312.8800048828125,314.66,2026-08-25,True,308.04998779296875,315.67498779296875,-0.57,199.94,BAJO,391513309184.0,54.32,27.07,31.39,65.07,22.84,37.39,31.27,0.79,45.14,0.33,2.63,8.0,YAHOO,2.2948,3.0345,1.8017,0.067134,2.0656,0.6868,69.44,2026-10-21,56,2026-07-29,28.0,yahoo,1.0,1.0,1.0,0.0,1.0,1.0,1.0,1.0,1.0,1.8589,-4.0569,-17.4655,-1.8279,20.494,87.7196,343.84,433.33,433.33,-9.0042,-27.7964,-27.7964
ADI,371.79998779296875,373.66,2026-08-25,True,370.760009765625,377.489990234375,-0.5,43.75,BAJO,180161429504.0,44.42,22.76,5.37,12.23,6.41,39.5,29.79,2.3,27.14,0.27,1.25,8.0,YAHOO,2.2948,3.0345,1.8017,0.067134,2.0656,0.6868,69.44,2026-11-24,90,2026-08-19,7.0,yahoo,1.0,1.0,1.0,1.0,0.0,1.0,1.0,1.0,1.0,-0.3912,-3.2854,-3.9053,-10.5694,11.26,43.3376,390.28,445.48,445.48,-4.7351,-16.5395,-16.5395
SNDK,1499.3699951171875,1480.77,2026-08-25,True,1450.050048828125,1511.77001953125,1.26,3062.92,BAJO,219536261120.0,20.33,5.66,14.2,91.64,43.91,78.47,56.46,3.52,17.04,0.01,2.29,7.0,YAHOO,2.2948,3.0345,1.8017,0.067134,2.0656,0.6868,69.44,2026-11-06,72,2026-08-05,21.0,yahoo,1.0,1.0,1.0,1.0,0.0,0.0,1.0,1.0,1.0,-4.4299,11.5362,-28.2842,-5.6964,53.4537,142.0975,1786.85,2335.0,2335.0,-16.0886,-35.7872,-35.7872
NOW,125.80000305175781,127.0,2026-08-25,True,121.87999725341797,126.55999755859375,-0.94,-30.91,BAJO,130059845632.0,78.62,25.13,10.39,14.24,4.25,4.06,11.34,3.96,46.2,0.68,0.7,4.0,YAHOO,2.2948,3.0345,1.8017,0.067134,2.0656,0.6868,69.44,2026-10-28,63,,,yahoo,1.0,0.0,1.0,1.0,1.0,0.0,0.0,0.0,0.0,-1.1006,0.6883,27.9235,23.1884,4.7286,60.0016,129.75,129.75,192.23,-3.0443,-3.0443,-34.5576
NBIS,213.92999267578125,221.97,2026-08-25,True,213.60009765625,221.47000122070312,-3.62,199.88,BAJO,58157985792.0,,-71.37,5.67,0.6,-1.92,-0.22,3.13,-16.53,235.63,0.99,4.03,6.0,YAHOO,2.2948,3.0345,1.8017,0.067134,2.0656,0.6868,69.44,2026-11-10,76,2026-08-12,14.0,yahoo,1.0,1.0,1.0,1.0,0.0,0.0,0.0,1.0,1.0,-4.4529,-17.4653,-10.9738,2.6683,66.8687,145.5644,277.68,286.69,286.69,-22.9581,-25.3793,-25.3793
OXY,58.619998931884766,58.41,2026-08-25,True,57.540000915527344,58.97999954223633,0.36,26.31,BAJO,58598739968.0,17.29,15.29,1.75,10.63,4.68,45.44,30.32,6.46,5.69,0.35,1.41,4.0,YAHOO,2.2948,3.0345,1.8017,0.067134,2.0656,0.6868,69.44,2026-11-09,75,2026-08-05,21.0,yahoo,1.0,0.0,1.0,1.0,1.0,0.0,0.0,0.0,0.0,-2.4463,0.1196,17.2634,3.5169,23.0806,34.7942,61.52,61.52,65.9354,-4.7139,-4.7139,-11.0949
XOM,158.19000244140625,160.64,2026-08-25,True,157.83999633789062,161.1199951171875,-1.53,42.35,BAJO,650463346688.0,20.36,14.86,2.51,12.58,5.52,15.86,9.07,3.18,10.14,0.16,1.14,5.0,YAHOO,2.2948,3.0345,1.8017,0.067134,2.0656,0.6868,69.44,2026-10-30,65,2026-07-31,26.0,yahoo,1.0,0.0,1.0,1.0,1.0,0.0,1.0,0.0,0.0,-3.9934,-0.3353,16.6064,7.65,11.2897,26.1682,166.15,166.15,169.2183,-4.7908,-4.7908,-6.5172
CVX,200.2100067138672,199.89,2026-08-25,True,198.11729431152344,202.38999938964844,0.16,28.59,BAJO,392732606464.0,19.27,15.12,2.07,12.23,5.86,21.87,9.83,5.58,8.43,0.19,1.25,5.0,YAHOO,2.2948,3.0345,1.8017,0.067134,2.0656,0.6868,69.44,2026-10-30,65,2026-07-31,26.0,yahoo,1.0,0.0,1.0,1.0,0.0,1.0,0.0,1.0,0.0,-2.6973,2.725,18.0622,10.7222,12.4487,25.5082,205.77,205.77,207.4234,-2.702,-2.702,-3.4776
PSX,242.22999572753906,236.9,2026-08-25,True,233.5500030517578,244.14999389648438,2.25,88.36,BAJO,97118486528.0,13.82,11.71,3.07,23.45,6.04,8.53,4.66,4.68,11.3,0.63,1.32,7.0,YAHOO,2.2948,3.0345,1.8017,0.067134,2.0656,0.6868,69.44,2026-10-29,64,2026-08-05,21.0,yahoo,1.0,1.0,1.0,1.0,0.0,1.0,1.0,1.0,0.0,-0.0248,7.9509,41.8676,39.4466,30.072,32.1367,243.49,243.49,243.49,-0.5175,-0.5175,-0.5175
YPF,50.27000045776367,50.01,2026-08-25,True,49.40999984741211,50.880001068115234,0.52,60.04,BAJO,19709614080.0,26.6,8.84,1.88,7.26,8.34,27.51,4.0,6312.25,1.33,0.85,0.93,4.0,YAHOO,2.2948,3.0345,1.8017,0.067134,2.0656,0.6868,69.44,2026-10-29,64,2026-08-10,16.0,yahoo,0.0,0.0,1.0,1.0,0.0,1.0,1.0,0.0,0.0,0.4195,2.8016,10.8979,-2.5586,23.0257,36.8581,52.7,56.35,56.35,-4.611,-10.7897,-10.7897
VIST,68.66000366210938,68.39,2026-08-25,True,67.29560089111328,69.38500213623047,0.39,70.88,BAJO,7594991616.0,9.03,6.51,2.29,29.79,10.0,44.24,23.56,1.62,5.12,1.07,0.69,3.0,YAHOO,2.2948,3.0345,1.8017,0.067134,2.0656,0.6868,69.44,2026-10-28,63,,,yahoo,1.0,0.0,1.0,1.0,0.0,0.0,0.0,0.0,0.0,0.3508,4.0145,6.2191,-6.7119,32.9649,40.7159,72.16,76.72,79.25,-4.8503,-10.5057,-13.3628
VST,140.02999877929688,139.03,2026-08-25,True,139.33999633789062,144.02999877929688,0.72,-31.51,BAJO,46998994944.0,23.57,13.51,15.65,42.96,5.89,13.77,11.55,0.08,10.42,3.73,0.97,5.0,YAHOO,2.2948,3.0345,1.8017,0.067134,2.0656,0.6868,69.44,2026-11-05,71,2026-08-07,19.0,yahoo,1.0,0.0,1.0,1.0,1.0,0.0,1.0,0.0,0.0,-1.8711,-4.5337,-14.3495,-12.4408,29.7521,44.7218,155.94,168.98,217.0162,-10.2026,-17.1322,-35.4749
BP,42.5,42.86,2026-08-25,True,42.18000030517578,43.025001525878906,-0.84,25.25,BAJO,109452050432.0,20.53,9.58,7.53,8.87,5.04,13.15,2.55,11.77,12.58,0.95,1.27,7.0,YAHOO,2.2948,3.0345,1.8017,0.067134,2.0656,0.6868,69.44,2026-10-30,65,2026-08-04,22.0,yahoo,1.0,0.0,1.0,1.0,0.0,1.0,1.0,1.0,1.0,-2.8127,0.2151,15.8695,3.2949,12.0801,32.1492,45.14,45.14,46.5196,-5.8485,-5.8485,-8.6406
E,53.56999969482422,54.05,2026-08-25,True,53.41999816894531,54.119998931884766,-0.89,50.86,BAJO,77177339904.0,12.04,10.04,1.45,10.9,3.07,10.66,5.87,-11.64,7.92,0.65,1.48,6.0,YAHOO,2.2948,3.0345,1.8017,0.067134,2.0656,0.6868,69.44,2026-10-23,58,2026-07-29,28.0,yahoo,1.0,1.0,1.0,1.0,0.0,1.0,1.0,0.0,0.0,-4.288,-2.812,16.2543,2.1159,9.7223,31.9749,57.35,57.35,57.35,-6.5911,-6.5911,-6.5911
SHEL,91.11000061035156,92.22,2026-08-25,True,91.01000213623047,92.23999786376953,-1.2,24.64,BAJO,250854359040.0,10.08,10.33,1.4,14.34,6.4,16.69,8.76,8.55,5.15,0.4,1.44,5.0,YAHOO,2.2948,3.0345,1.8017,0.067134,2.0656,0.6868,69.44,2026-10-29,64,2026-07-30,27.0,yahoo,1.0,1.0,1.0,1.0,0.0,0.0,1.0,0.0,0.0,-1.7894,2.0412,20.0947,9.6629,6.611,23.7408,93.65,93.65,93.65,-2.7122,-2.7122,-2.7122
HAL,34.439998626708984,33.8,2026-08-25,True,33.03499984741211,34.45500183105469,1.89,57.4,BAJO,28693008384.0,17.66,11.84,2.61,14.92,7.26,12.79,7.16,7.15,8.43,0.74,2.02,4.0,YAHOO,2.2948,3.0345,1.8017,0.067134,2.0656,0.6868,69.44,2026-10-20,55,,,yahoo,1.0,0.0,1.0,1.0,0.0,0.0,1.0,0.0,0.0,-1.6562,3.4545,0.6723,-12.6603,30.7785,35.9444,35.69,41.22,42.7979,-3.5024,-16.4483,-19.5288
SLB,53.599998474121094,53.29,2026-08-25,True,51.97999954223633,53.90999984741211,0.58,52.25,BAJO,79550078976.0,26.15,16.59,3.05,12.91,6.17,12.71,8.53,3.71,12.11,0.47,1.44,4.0,YAHOO,2.2948,3.0345,1.8017,0.067134,2.0656,0.6868,69.44,2026-10-23,58,,,yahoo,1.0,0.0,1.0,1.0,1.0,0.0,0.0,0.0,0.0,0.0934,1.8818,14.0425,-4.6353,14.4323,40.1122,54.0,58.01,58.01,-0.7407,-7.6021,-7.6021
COP,130.61000061035156,131.84,2026-08-25,True,130.08140563964844,132.72000122070312,-0.93,35.17,BAJO,156906684416.0,17.3,13.71,2.4,14.18,7.53,31.51,14.4,4.9,6.44,0.36,1.54,7.0,YAHOO,2.2948,3.0345,1.8017,0.067134,2.0656,0.6868,69.44,2026-11-05,71,2026-08-06,20.0,yahoo,1.0,0.0,1.0,1.0,1.0,1.0,1.0,0.0,1.0,0.023,3.2845,24.0856,14.2023,8.4576,31.7037,134.89,134.89,134.89,-3.173,-3.173,-3.173
GPRK,9.710000038146973,9.74,2026-08-25,True,9.609999656677246,9.829999923706055,-0.31,51.03,BAJO,630137728.0,6.84,5.46,1.43,28.57,7.81,27.52,16.0,14.64,3.22,1.81,1.17,3.0,YAHOO,2.2948,3.0345,1.8017,0.067134,2.0656,0.6868,69.44,2026-11-04,70,2026-08-12,14.0,yahoo,1.0,0.0,1.0,0.0,0.0,1.0,0.0,0.0,0.0,1.8888,5.0042,5.4593,-0.0627,10.3387,40.6277,9.84,11.7511,11.7511,-1.3211,-17.3693,-17.3693
CEG,279.5199890136719,278.42,2026-08-25,True,278.1300048828125,285.260009765625,0.4,-14.86,BAJO,99035996160.0,27.35,20.95,3.11,15.06,3.89,8.66,11.08,-6.69,15.52,0.76,1.46,6.0,YAHOO,2.2948,3.0345,1.8017,0.067134,2.0656,0.6868,69.44,2026-11-09,75,2026-08-06,20.0,yahoo,1.0,0.0,1.0,1.0,1.0,0.0,1.0,0.0,1.0,1.9513,0.4556,6.0335,-3.0242,13.2153,35.7479,282.0664,282.0664,401.7044,-0.9028,-0.9028,-30.4165
FSLR,205.92999267578125,206.82,2026-08-25,True,204.2100067138672,209.89999389648438,-0.43,1.03,BAJO,22131253248.0,12.7,8.91,2.14,18.51,8.62,42.64,32.46,7.22,8.63,0.02,2.52,7.0,YAHOO,2.2948,3.0345,1.8017,0.067134,2.0656,0.6868,69.44,2026-10-29,64,2026-07-30,27.0,yahoo,1.0,1.0,1.0,1.0,1.0,1.0,0.0,0.0,1.0,-7.4056,-9.1899,-13.8621,-24.7524,20.0891,54.7467,250.05,318.25,318.25,-17.6445,-35.293,-35.293
CCJ,107.36000061035156,106.96,2026-08-25,True,106.91000366210938,111.54000091552734,0.37,36.94,BAJO,46758821888.0,181.97,57.01,9.07,5.11,2.98,9.11,10.21,0.11,58.7,0.17,3.06,8.0,YAHOO,2.2948,3.0345,1.8017,0.067134,2.0656,0.6868,69.44,2026-10-30,65,2026-07-31,26.0,yahoo,1.0,1.0,1.0,1.0,1.0,1.0,0.0,1.0,1.0,9.5734,8.4116,2.7467,-0.0745,56.38,49.165,107.36,120.51,134.09,0.0,-10.912,-19.9344
PBR,17.760000228881836,17.85,2026-08-25,True,17.565000534057617,18.110000610351562,-0.5,49.61,BAJO,114451947520.0,4.48,4.45,1.24,30.27,10.07,44.68,24.32,82.34,1.76,0.76,0.85,7.0,YAHOO,2.2948,3.0345,1.8017,0.067134,2.0656,0.6868,69.44,2026-11-10,76,2026-08-06,20.0,yahoo,1.0,1.0,1.0,1.0,1.0,1.0,1.0,0.0,0.0,-1.3975,2.933,12.2216,-2.8395,23.9137,30.6318,18.8472,18.8472,21.2388,-5.7685,-5.7685,-16.3794
NEE,84.22000122070312,84.22,2026-08-25,True,84.02999877929688,84.7249984741211,0.0,12.14,BAJO,175681093632.0,18.93,19.19,3.08,11.68,2.44,31.52,32.4,-10.11,20.15,1.62,0.53,5.0,YAHOO,2.2948,3.0345,1.8017,0.067134,2.0656,0.6868,69.44,2026-10-27,62,,,yahoo,1.0,0.0,1.0,1.0,0.0,1.0,0.0,1.0,0.0,-1.9672,-1.8186,-4.9006,-3.2095,15.1204,15.0635,87.93,89.79,97.1683,-4.2193,-6.2034,-13.3256
PAAS,52.630001068115234,54.21,2026-08-25,True,52.48500061035156,53.40700149536133,-2.91,56.8,BAJO,21821345792.0,15.57,11.18,3.02,22.41,11.77,37.81,32.03,6.04,10.24,0.11,2.94,7.0,YAHOO,2.2948,3.0345,1.8017,0.067134,2.0656,0.6868,69.44,2026-11-16,82,2026-08-12,14.0,yahoo,1.0,1.0,1.0,1.0,1.0,1.0,0.0,1.0,0.0,4.9962,0.8269,16.2005,-0.9507,36.3727,57.0615,54.21,55.0086,68.0597,-2.9146,-4.3241,-22.6709
HMY,22.43000030517578,22.95,2026-08-25,True,22.350000381469727,22.665000915527344,-2.27,47.65,BAJO,,13.93,6.74,4.32,33.49,17.3,33.34,20.05,,0.66,0.25,0.54,,YAHOO,2.2948,3.0345,1.8017,0.067134,2.0656,0.6868,69.44,2026-08-27,1,,,yahoo,,,,,,,,,,6.3537,12.9406,44.4301,27.7335,71.9456,65.7911,23.54,23.54,25.5485,-4.7154,-4.7154,-12.2062
B,47.0,48.87,2026-08-25,True,46.96500015258789,48.54999923706055,-3.83,75.93,BAJO,77356564480.0,12.14,10.67,2.83,27.01,13.44,51.34,31.6,6.58,6.64,0.13,3.01,9.0,YAHOO,2.2948,3.0345,1.8017,0.067134,2.0656,0.6868,69.44,2026-11-09,75,,,yahoo,1.0,1.0,1.0,1.0,1.0,1.0,1.0,1.0,1.0,4.1436,13.9947,26.0391,14.4197,46.4994,50.4811,48.87,48.87,52.3175,-3.8265,-3.8265,-10.1639
VALE,15.15999984741211,15.33,2026-08-25,True,15.125,15.404999732971191,-1.11,56.99,BAJO,64517361664.0,30.32,7.53,1.73,4.11,7.92,21.95,4.75,20.63,1.93,0.55,1.19,4.0,YAHOO,2.2948,3.0345,1.8017,0.067134,2.0656,0.6868,69.44,2026-10-29,64,2026-07-30,27.0,yahoo,1.0,0.0,1.0,1.0,0.0,1.0,0.0,0.0,0.0,9.0648,8.1312,3.4673,-5.5571,29.7177,31.9154,15.33,16.3534,17.3257,-1.1089,-7.2977,-12.4999
LAC,3.2100000381469727,3.25,2026-08-25,True,3.180000066757202,3.305000066757202,-1.23,7.81,BAJO,1165367808.0,,-22.8,0.82,-3.7,-1.66,0.0,0.0,-115.75,-31.5,0.6,5.47,1.0,YAHOO,2.2948,3.0345,1.8017,0.067134,2.0656,0.6868,69.44,2026-11-13,79,2026-08-12,14.0,yahoo,0.0,0.0,0.0,1.0,0.0,0.0,0.0,0.0,0.0,7.0,-1.5337,-15.3034,-36.1829,57.4543,60.9706,3.43,5.75,10.05,-6.414,-44.1739,-68.0597
RIO,104.69999694824219,106.81,2026-08-25,True,104.58999633789062,106.27999877929688,-1.98,73.9,BAJO,170279813120.0,14.48,12.1,2.6,19.31,8.11,28.05,19.58,2.11,8.43,0.32,1.42,4.0,YAHOO,2.2948,3.0345,1.8017,0.067134,2.0656,0.6868,69.44,,999,2026-07-28,29.0,yahoo,1.0,0.0,1.0,1.0,0.0,0.0,0.0,1.0,0.0,4.2413,5.7094,14.1445,0.3649,36.1878,32.9382,106.81,109.2706,109.6326,-1.9755,-4.1828,-4.4992
GFI,47.81999969482422,48.87,2026-08-25,True,47.53499984741211,48.44499969482422,-2.15,44.89,BAJO,42602672128.0,9.94,8.97,10.14,58.68,28.52,55.0,38.65,9.8,12.05,0.29,1.87,9.0,YAHOO,2.2948,3.0345,1.8017,0.067134,2.0656,0.6868,69.44,,999,2026-08-25,1.0,yahoo,1.0,1.0,1.0,1.0,1.0,1.0,1.0,1.0,1.0,9.0536,17.4073,42.6186,21.002,55.1187,60.5894,48.87,48.87,59.7691,-2.1486,-2.1486,-19.9921
GGB,4.460000038146973,4.36,2026-08-25,True,4.389999866485596,4.474999904632568,2.29,48.03,BAJO,8751084544.0,20.27,8.61,0.85,4.18,5.03,12.75,3.22,30.26,1.87,0.28,2.87,5.0,YAHOO,2.2948,3.0345,1.8017,0.067134,2.0656,0.6868,69.44,2026-10-26,61,2026-08-04,22.0,yahoo,1.0,0.0,1.0,1.0,0.0,0.0,1.0,0.0,1.0,1.0502,-6.6907,8.5985,-4.5161,15.2535,35.355,5.0866,5.0866,5.0866,-12.3183,-12.3183,-12.3183
FCX,79.0,79.91,2026-08-25,True,78.27999877929688,80.23999786376953,-1.14,76.39,BAJO,113445388288.0,39.3,19.16,5.64,14.75,7.58,33.4,11.39,1.9,13.8,0.32,2.07,6.0,YAHOO,2.2948,3.0345,1.8017,0.067134,2.0656,0.6868,69.44,2026-10-22,57,,,yahoo,1.0,1.0,1.0,1.0,1.0,0.0,1.0,0.0,0.0,14.3436,14.1289,26.8082,24.4566,58.3928,52.1785,79.91,79.91,79.91,-1.1388,-1.1388,-1.1388
HL,20.700000762939453,20.916,2026-08-25,True,20.445999145507812,21.133399963378906,-1.03,155.34,BAJO,13905607680.0,24.94,19.46,5.19,22.17,15.3,44.27,19.15,2.46,13.87,0.01,5.2,8.0,YAHOO,2.2948,3.0345,1.8017,0.067134,2.0656,0.6868,69.44,2026-11-05,71,2026-08-04,22.0,yahoo,1.0,1.0,1.0,1.0,1.0,1.0,0.0,1.0,1.0,0.7982,14.3865,33.2301,22.2194,29.1493,70.7421,20.916,20.916,31.7903,-1.0327,-1.0327,-34.8859
NEM,131.60000610351562,135.14,2026-08-25,True,131.4499969482422,133.28500366210938,-2.62,79.97,BAJO,138665918464.0,16.6,12.43,3.95,25.91,15.75,51.57,33.36,6.36,7.94,0.16,2.55,9.0,YAHOO,2.2948,3.0345,1.8017,0.067134,2.0656,0.6868,69.44,2026-10-22,57,,,yahoo,1.0,1.0,1.0,1.0,1.0,1.0,1.0,1.0,1.0,5.2127,11.6769,36.898,22.7269,41.1774,50.7311,135.14,135.14,135.14,-2.6195,-2.6195,-2.6195
GOLD,45.4900016784668,46.85,2026-08-25,True,45.275001525878906,46.68989944458008,-2.9,93.69,BAJO,1319409024.0,14.82,12.53,1.53,10.82,2.76,0.86,0.35,-56.38,16.51,1.82,1.18,4.0,YAHOO,2.2948,3.0345,1.8017,0.067134,2.0656,0.6868,69.44,2026-09-02,7,,,yahoo,1.0,0.0,1.0,1.0,0.0,0.0,0.0,1.0,0.0,-0.0878,1.8129,8.5162,7.516,36.545,47.7524,46.85,46.85,63.5992,-2.9029,-2.9029,-28.4739
MUX,21.040000915527344,21.45,2026-08-25,True,20.8700008392334,21.489999771118164,-1.91,85.39,BAJO,1256931456.0,16.97,5.17,1.78,13.54,-0.43,-5.92,32.46,-1.48,46.45,0.18,2.04,5.0,YAHOO,2.2948,3.0345,1.8017,0.067134,2.0656,0.6868,69.44,2026-11-04,70,2026-08-05,21.0,yahoo,1.0,1.0,1.0,0.0,0.0,1.0,0.0,1.0,0.0,4.0554,9.8695,16.8889,-0.0475,31.7147,64.196,21.45,22.31,29.05,-1.9114,-5.6925,-27.5731
NXE,11.069999694824219,11.21,2026-08-25,True,11.049699783325195,11.449999809265137,-1.25,47.78,BAJO,7422502400.0,,-63.11,5.54,-17.67,-3.39,0.0,0.0,-4.02,-66.04,0.34,1.46,2.0,YAHOO,2.2948,3.0345,1.8017,0.067134,2.0656,0.6868,69.44,2026-11-03,69,2026-08-04,22.0,yahoo,0.0,0.0,0.0,1.0,0.0,1.0,0.0,0.0,0.0,4.8295,4.9289,13.5385,-0.4496,50.9161,56.3147,11.21,12.44,13.92,-1.2489,-11.0129,-20.4741
MP,59.310001373291016,60.17,2026-08-25,True,58.314998626708984,62.45000076293945,-1.43,-18.72,BAJO,10563205120.0,,67.02,5.4,-3.58,-1.52,-14.72,-14.56,-4.1,258.28,0.41,9.51,4.0,YAHOO,2.2948,3.0345,1.8017,0.067134,2.0656,0.6868,69.44,2026-11-05,71,2026-08-06,20.0,yahoo,0.0,1.0,0.0,0.0,1.0,1.0,0.0,1.0,0.0,4.6401,9.6101,10.0371,-9.0477,96.4232,70.5418,60.17,72.24,98.65,-1.4293,-17.8987,-39.8784
JPM,356.5,356.69,2026-08-25,True,354.60009765625,358.3500061035156,-0.05,18.03,BAJO,947643416576.0,15.29,14.26,2.68,17.79,1.36,50.39,34.92,,,,,3.0,YAHOO,2.2948,3.0345,1.8017,0.067134,2.0656,0.6868,69.44,2026-10-13,48,,,yahoo,1.0,0.0,0.0,0.0,1.0,0.0,1.0,0.0,0.0,-0.2127,-2.3769,8.8303,19.6558,10.7917,21.1739,365.18,365.18,365.18,-2.3769,-2.3769,-2.3769
AXP,336.1499938964844,335.95,2026-08-25,True,334.20001220703125,337.5,0.06,2.32,BAJO,227005399040.0,20.37,16.71,6.62,34.38,3.79,20.32,16.14,,,1.72,1.55,4.0,YAHOO,2.2948,3.0345,1.8017,0.067134,2.0656,0.6868,69.44,2026-10-23,58,,,yahoo,1.0,0.0,1.0,1.0,0.0,0.0,1.0,0.0,0.0,-1.1033,-2.3047,-0.9666,7.8486,12.6397,26.8302,348.99,361.57,381.7816,-3.6792,-7.0305,-11.9523
MA,598.469970703125,599.37,2026-08-25,True,594.7100219726562,600.489990234375,-0.15,-1.86,BAJO,524265619456.0,32.96,25.99,93.57,241.2,24.06,61.11,46.34,3.24,24.2,4.4,1.06,9.0,YAHOO,2.2948,3.0345,1.8017,0.067134,2.0656,0.6868,69.44,2026-10-29,64,2026-07-30,27.0,yahoo,1.0,1.0,1.0,1.0,1.0,1.0,1.0,1.0,1.0,4.314,6.9212,20.1301,21.0959,25.6848,22.6303,599.86,599.86,599.86,-0.2317,-0.2317,-0.2317
V,383.8999938964844,384.14,2026-08-25,True,381.0799865722656,385.56988525390625,-0.06,6.54,BAJO,716759433216.0,32.67,25.59,20.34,61.19,19.11,66.13,50.78,2.85,23.03,0.68,0.98,6.0,YAHOO,2.2948,3.0345,1.8017,0.067134,2.0656,0.6868,69.44,2026-10-27,62,2026-07-28,29.0,yahoo,1.0,0.0,1.0,1.0,1.0,0.0,1.0,0.0,1.0,5.0227,6.811,14.3899,17.3997,21.8608,21.1937,384.14,384.14,384.14,-0.0625,-0.0625,-0.0625
PYPL,61.810001373291016,62.27,2026-08-25,True,61.2599983215332,62.060001373291016,-0.74,-14.82,BAJO,52876038144.0,11.68,10.67,2.69,24.5,4.62,16.97,14.36,8.37,8.65,0.72,1.29,9.0,YAHOO,2.2948,3.0345,1.8017,0.067134,2.0656,0.6868,69.44,2026-10-27,62,2026-07-28,29.0,yahoo,1.0,1.0,1.0,1.0,1.0,1.0,1.0,1.0,1.0,0.9143,4.4088,39.5575,41.7133,15.3485,45.3734,62.3,62.3,75.4763,-0.7865,-0.7865,-18.1068
PAGS,9.039999961853027,9.03,2026-08-25,True,8.984999656677246,9.21500015258789,0.11,4.62,BAJO,2491840000.0,6.19,4.86,0.86,14.54,6.36,36.2,10.86,-74.5,0.31,0.12,1.55,7.0,YAHOO,2.2948,3.0345,1.8017,0.067134,2.0656,0.6868,69.44,2026-11-11,77,2026-08-11,15.0,yahoo,1.0,0.0,1.0,1.0,1.0,0.0,1.0,1.0,1.0,5.2386,3.6697,-0.3308,-2.4811,25.4044,30.6431,9.84,9.84,11.7187,-8.1301,-8.1301,-22.8581
NU,15.170000076293945,15.14,2026-08-25,True,15.130000114440918,15.414999961853027,0.2,2.88,BAJO,73281552384.0,20.5,13.23,5.86,31.63,4.96,50.15,42.73,,,,,4.0,YAHOO,2.2948,3.0345,1.8017,0.067134,2.0656,0.6868,69.44,2026-11-12,78,2026-08-13,13.0,yahoo,1.0,0.0,1.0,1.0,1.0,0.0,0.0,0.0,0.0,3.833,11.8732,15.186,16.4236,18.4329,39.6292,15.23,15.23,18.76,-0.394,-0.394,-19.1365
XP,17.809999465942383,17.8,2026-08-25,True,17.78499984741211,18.329999923706055,0.06,5.07,BAJO,9037558784.0,9.04,7.54,1.96,22.56,1.36,31.18,28.54,,,6.42,1.49,7.0,YAHOO,2.2948,3.0345,1.8017,0.067134,2.0656,0.6868,69.44,2026-11-16,82,2026-08-18,8.0,yahoo,1.0,1.0,1.0,1.0,1.0,0.0,1.0,1.0,0.0,7.7435,15.3497,10.4154,5.2857,37.4435,39.3977,17.81,17.81,22.6565,0.0,0.0,-21.3913
AIG,76.97000122070312,76.38,2026-08-25,True,76.4000015258789,77.38500213623047,0.77,-8.22,BAJO,40247087104.0,14.05,8.76,0.99,7.22,1.76,19.41,11.09,18.3,4.78,0.22,0.61,5.0,YAHOO,2.2948,3.0345,1.8017,0.067134,2.0656,0.6868,69.44,2026-11-04,70,2026-08-06,20.0,yahoo,1.0,1.0,1.0,1.0,0.0,0.0,1.0,0.0,0.0,1.6777,1.0901,1.8526,2.9381,19.6273,22.5745,80.12,81.06,85.514,-3.9316,-5.0456,-9.9913
BRK-B,504.9100036621094,504.32,2026-08-25,True,503.6499938964844,506.70001220703125,0.12,-1.07,BAJO,1080865783808.0,12.69,22.75,0.0,12.12,6.01,32.56,22.3,6.66,-1.79,0.17,2.89,4.0,YAHOO,2.2948,3.0345,1.8017,0.067134,2.0656,0.6868,69.44,2026-11-07,73,2026-08-03,23.0,yahoo,1.0,0.0,1.0,0.0,1.0,0.0,1.0,0.0,0.0,1.0588,-0.998,1.2534,5.2071,14.0161,15.6368,529.42,529.42,529.42,-4.6296,-4.6296,-4.6296
BBD,3.259999990463257,3.25,2026-08-25,True,3.25,3.3299999237060547,0.31,10.48,BAJO,34520715264.0,7.58,5.83,0.99,13.76,1.07,34.52,26.07,,,,,4.0,YAHOO,2.2948,3.0345,1.8017,0.067134,2.0656,0.6868,69.44,2026-11-04,70,2026-08-05,21.0,yahoo,1.0,1.0,0.0,0.0,1.0,0.0,1.0,0.0,0.0,6.8852,1.875,-3.7197,-6.3174,29.0036,29.8192,3.6159,3.7257,4.1109,-9.8414,-12.5003,-20.6989
AEG,9.210000038146973,9.21,2026-08-25,True,9.204999923706055,9.28499984741211,0.0,16.96,BAJO,13675879424.0,12.12,9.84,1.31,11.07,0.1,5.82,8.62,-31.55,,0.43,1.16,6.0,YAHOO,2.2948,3.0345,1.8017,0.067134,2.0656,0.6868,69.44,,999,2026-08-20,6.0,yahoo,1.0,1.0,1.0,0.0,1.0,0.0,1.0,0.0,1.0,-0.7543,-2.0213,9.6429,9.6,17.8977,20.4465,9.53,9.53,9.53,-3.3578,-3.3578,-3.3578
SAN,14.699999809265137,14.63,2026-08-25,True,14.670000076293945,14.819999694824219,0.48,51.85,BAJO,213832155136.0,14.27,10.28,1.65,13.11,0.78,43.44,33.46,,,,,4.0,YAHOO,2.2948,3.0345,1.8017,0.067134,2.0656,0.6868,69.44,2026-10-28,63,,,yahoo,1.0,1.0,0.0,0.0,1.0,0.0,1.0,0.0,0.0,3.7403,-0.8097,9.7834,16.7593,21.6941,31.6372,14.82,14.82,14.82,-0.8097,-0.8097,-0.8097
GGAL,43.90999984741211,44.2,2026-08-25,True,43.415000915527344,45.189998626708984,-0.66,7.11,BAJO,7440700416.0,125.46,6.59,12.31,0.9,0.17,1.78,1.14,,,,,1.0,YAHOO,2.2948,3.0345,1.8017,0.067134,2.0656,0.6868,69.44,2026-11-24,90,2026-08-25,1.0,yahoo,1.0,0.0,0.0,0.0,0.0,0.0,0.0,0.0,0.0,6.0065,-0.5859,-11.9387,-8.667,37.1508,53.2445,51.4995,56.2493,58.6267,-14.737,-21.9368,-25.1024
MELI,1950.43994140625,1997.0,2026-08-25,True,1948.4000244140625,2008.3800048828125,-2.33,-22.57,BAJO,98881060864.0,53.09,34.32,12.62,27.5,4.31,6.72,5.3,0.36,27.32,1.69,1.12,5.0,YAHOO,2.2948,3.0345,1.8017,0.067134,2.0656,0.6868,69.44,2026-11-04,70,2026-08-05,21.0,yahoo,1.0,0.0,1.0,1.0,1.0,0.0,1.0,0.0,0.0,2.1895,6.6811,16.4372,14.9908,32.9351,36.7812,1997.0,1997.0,2510.97,-2.3315,-2.3315,-22.3232
WFC,85.2300033569336,84.79,2026-08-25,True,84.0999984741211,85.58499908447266,0.52,3.19,BAJO,257735458816.0,12.39,10.79,1.6,12.57,1.08,37.39,27.23,,,,,3.0,YAHOO,2.2948,3.0345,1.8017,0.067134,2.0656,0.6868,69.44,2026-10-13,48,,,yahoo,1.0,0.0,0.0,0.0,1.0,0.0,1.0,0.0,0.0,-0.8262,-4.1606,2.2172,12.6256,6.9747,23.8254,88.93,88.93,94.8289,-4.1606,-4.1606,-10.1223
BNY,163.0800018310547,163.65,2026-08-25,True,162.02000427246094,164.1199951171875,-0.35,54.99,BAJO,110650458112.0,19.01,15.92,2.77,14.12,1.26,40.05,29.41,,,,,6.0,YAHOO,2.2948,3.0345,1.8017,0.067134,2.0656,0.6868,69.44,2026-10-15,50,,,yahoo,1.0,1.0,1.0,1.0,1.0,0.0,1.0,0.0,0.0,2.0781,0.0921,14.0492,17.167,17.2368,23.5954,164.27,164.27,164.27,-0.7244,-0.7244,-0.7244
BCS,27.1299991607666,27.23,2026-08-25,True,27.049999237060547,27.290000915527344,-0.37,32.44,BAJO,91128700928.0,10.28,7.98,1.02,10.09,0.47,42.95,27.87,,,,,6.0,YAHOO,2.2948,3.0345,1.8017,0.067134,2.0656,0.6868,69.44,2026-10-22,57,2026-07-28,29.0,yahoo,1.0,1.0,1.0,1.0,0.0,0.0,1.0,0.0,1.0,0.9676,-3.2454,2.6749,11.7049,11.3787,33.1057,28.1439,28.2428,28.2428,-3.6025,-3.9401,-3.9401
HSBC,103.6500015258789,104.38,2026-08-25,True,103.6050033569336,104.30999755859375,-0.7,61.91,BAJO,355195027456.0,14.81,10.94,8.23,13.1,0.78,58.77,37.8,,,,,5.0,YAHOO,2.2948,3.0345,1.8017,0.067134,2.0656,0.6868,69.44,2026-10-27,62,2026-08-04,22.0,yahoo,1.0,0.0,1.0,1.0,1.0,0.0,1.0,0.0,0.0,1.3196,0.0293,11.0939,10.0026,16.6763,25.5712,107.3417,107.3417,107.3417,-3.4392,-3.4392,-3.4392
BHP,96.33000183105469,98.69,2026-08-25,True,95.9208984375,97.43000030517578,-2.39,72.86,BAJO,244820475904.0,24.89,20.1,4.8,24.0,13.43,43.34,16.73,3.92,8.69,0.5,1.89,7.0,YAHOO,2.2948,3.0345,1.8017,0.067134,2.0656,0.6868,69.44,,999,2026-08-17,9.0,yahoo,1.0,0.0,1.0,1.0,1.0,1.0,0.0,1.0,1.0,4.3775,6.8908,18.8966,9.6778,40.2857,39.6666,98.69,98.69,98.69,-2.3913,-2.3913,-2.3913
LYG,6.039999961853027,6.08,2026-08-25,True,6.03000020980835,6.070000171661377,-0.66,34.19,BAJO,87477460992.0,14.05,9.48,1.56,11.34,0.56,44.96,26.43,,,,,6.0,YAHOO,2.2948,3.0345,1.8017,0.067134,2.0656,0.6868,69.44,2026-10-29,64,2026-07-30,27.0,yahoo,1.0,1.0,1.0,1.0,0.0,0.0,1.0,0.0,1.0,1.6835,-2.4233,7.5902,11.5098,17.6622,30.09,6.21,6.21,6.21,-2.7375,-2.7375,-2.7375
ING,35.56999969482422,35.3,2026-08-25,True,35.404998779296875,35.6150016784668,0.76,48.92,BAJO,101475467264.0,13.08,11.15,1.73,17.12,0.8,49.1,34.49,,,,,2.0,YAHOO,2.2948,3.0345,1.8017,0.067134,2.0656,0.6868,69.44,2026-10-29,64,2026-07-30,27.0,yahoo,1.0,0.0,0.0,0.0,0.0,0.0,1.0,0.0,0.0,2.5368,-0.1123,17.0647,15.8975,2.8529,27.9589,35.7,35.7,35.7,-0.3641,-0.3641,-0.3641
IBN,30.149999618530273,30.39,2026-08-25,True,30.114999771118164,30.649999618530273,-0.79,-8.23,BAJO,,18.61,16.31,2.74,16.07,2.11,38.51,27.53,,,,,4.0,YAHOO,2.2948,3.0345,1.8017,0.067134,2.0656,0.6868,69.44,2026-10-17,52,,,yahoo,1.0,0.0,1.0,1.0,1.0,0.0,0.0,0.0,0.0,2.4117,1.0389,2.8847,16.2617,25.6258,19.8794,30.48,30.48,32.6665,-1.0827,-1.0827,-7.7036
MUFG,22.440000534057617,22.23,2026-08-25,True,22.405000686645508,22.55500030517578,0.94,40.75,BAJO,253053026304.0,16.75,21.79,1.77,9.46,0.51,45.6,27.45,,,,,1.0,YAHOO,2.2948,3.0345,1.8017,0.067134,2.0656,0.6868,69.44,2026-11-12,78,2026-08-03,23.0,yahoo,1.0,0.0,0.0,0.0,0.0,0.0,0.0,0.0,0.0,4.0816,-1.406,11.3095,18.2297,16.942,28.6014,23.1,23.1,23.1,-2.8571,-2.8571,-2.8571
GS,1040.4599609375,1058.88,2026-08-25,True,1036.7750244140625,1061.5,-1.74,38.07,BAJO,302952185856.0,16.06,14.05,2.87,16.9,1.07,42.18,31.04,,,7.25,1.56,4.0,YAHOO,2.2948,3.0345,1.8017,0.067134,2.0656,0.6868,69.44,2026-10-13,48,,,yahoo,1.0,1.0,0.0,0.0,0.0,0.0,1.0,0.0,1.0,1.8411,0.3133,2.0449,4.8748,38.8697,39.6395,1060.38,1152.0699,1152.0699,-1.8786,-9.6878,-9.6878
BX,143.1999969482422,143.41,2026-08-25,True,141.8000030517578,144.35000610351562,-0.15,-16.73,BAJO,171166646272.0,32.04,19.12,12.71,31.37,14.33,54.36,22.73,,,0.68,0.87,5.0,YAHOO,2.2948,3.0345,1.8017,0.067134,2.0656,0.6868,69.44,2026-10-22,57,,,yahoo,1.0,0.0,1.0,1.0,1.0,0.0,0.0,0.0,1.0,-1.3026,-2.1925,25.3559,22.5939,11.995,40.9518,149.32,149.32,181.3246,-4.0986,-4.0986,-21.0256
ITUB,7.610000133514404,7.66,2026-08-25,True,7.599999904632568,7.769999980926514,-0.65,20.97,BAJO,83876446208.0,9.4,7.6,1.99,21.48,1.58,39.07,32.58,,,,,4.0,YAHOO,2.2948,3.0345,1.8017,0.067134,2.0656,0.6868,69.44,2026-11-03,69,2026-08-04,22.0,yahoo,1.0,1.0,1.0,0.0,0.0,0.0,1.0,0.0,0.0,3.2564,2.8378,-7.4666,-3.3982,33.8841,29.5159,8.487,8.617,9.3791,-10.3334,-11.6857,-18.862
BAC,62.22999954223633,62.43,2026-08-25,True,61.935001373291016,62.58000183105469,-0.32,22.89,BAJO,435158745088.0,14.41,11.75,1.58,11.2,0.97,38.3,29.52,,,,,5.0,YAHOO,2.2948,3.0345,1.8017,0.067134,2.0656,0.6868,69.44,2026-10-14,49,,,yahoo,1.0,1.0,1.0,0.0,0.0,0.0,1.0,0.0,1.0,-1.488,-3.9809,7.5155,22.4136,9.9954,18.718,64.81,64.81,64.81,-3.9809,-3.9809,-3.9809
RACE,412.8299865722656,421.85,2026-08-25,True,412.4800109863281,419.2699890136719,-2.14,-14.41,BAJO,72560992256.0,38.08,32.3,16.99,45.44,13.61,31.06,22.25,1.38,30.1,0.86,2.43,9.0,YAHOO,2.2948,3.0345,1.8017,0.067134,2.0656,0.6868,69.44,2026-11-03,69,2026-07-30,27.0,yahoo,1.0,1.0,1.0,1.0,1.0,1.0,1.0,1.0,1.0,-2.9047,1.3801,12.0785,23.8911,33.047,33.9412,436.54,436.54,498.3386,-5.4314,-5.4314,-17.1587
C,133.55999755859375,133.25,2026-08-25,True,132.25,133.82000732421875,0.23,38.83,BAJO,224038453248.0,14.36,10.37,1.16,8.53,0.66,36.23,21.83,,,,,3.0,YAHOO,2.2948,3.0345,1.8017,0.067134,2.0656,0.6868,69.44,2026-10-13,48,,,yahoo,1.0,0.0,0.0,0.0,1.0,0.0,1.0,0.0,0.0,0.5042,-2.9219,-5.3054,7.0572,11.3221,29.4987,139.33,144.9331,144.9331,-4.1413,-7.8472,-7.8472
SCHW,109.38999938964844,112.27,2026-08-25,True,106.33999633789062,110.31999969482422,-2.57,10.28,BAJO,189172023296.0,19.93,14.02,4.3,20.27,2.07,52.28,38.79,,,1.51,0.66,7.0,YAHOO,2.2948,3.0345,1.8017,0.067134,2.0656,0.6868,69.44,2026-10-15,50,,,yahoo,1.0,1.0,1.0,1.0,1.0,0.0,1.0,0.0,1.0,-1.3438,0.3375,20.9981,28.1497,35.1463,23.1139,113.65,113.65,113.65,-3.7484,-3.7484,-3.7484
PG,145.0,145.4,2026-08-25,True,144.5,145.9315948486328,-0.28,-7.95,BAJO,337042800640.0,21.97,19.6,6.32,30.29,10.72,22.08,18.44,3.94,14.67,0.64,0.68,6.0,YAHOO,2.2948,3.0345,1.8017,0.067134,2.0656,0.6868,69.44,2026-10-22,57,2026-07-29,28.0,yahoo,1.0,0.0,1.0,1.0,1.0,0.0,1.0,0.0,1.0,0.4294,0.6385,-1.9713,-0.9544,16.9655,21.3038,148.01,151.6182,164.7207,-2.0336,-4.365,-11.9722
KO,90.08000183105469,91.64,2026-08-25,True,90.0,92.20999908447266,-1.7,31.12,BAJO,387573612544.0,27.05,25.54,10.72,42.05,9.4,34.87,28.56,1.35,24.57,1.16,1.3,7.0,YAHOO,2.2948,3.0345,1.8017,0.067134,2.0656,0.6868,69.44,2026-10-20,55,2026-07-28,29.0,yahoo,1.0,1.0,1.0,0.0,1.0,1.0,1.0,1.0,0.0,-0.2988,3.8865,9.0161,11.0777,19.1978,24.7326,91.99,91.99,91.99,-2.0763,-2.0763,-2.0763
PEP,142.19000244140625,142.27,2026-08-25,True,141.22000122070312,142.69000244140625,-0.06,-3.09,BAJO,194231549952.0,18.66,15.84,8.79,51.51,8.93,16.84,10.79,4.03,12.54,2.39,0.93,5.0,YAHOO,2.2948,3.0345,1.8017,0.067134,2.0656,0.6868,69.44,2026-10-08,43,,,yahoo,1.0,0.0,1.0,1.0,0.0,1.0,1.0,0.0,0.0,-0.2735,2.5162,0.5658,-2.744,19.2503,23.2752,144.67,146.25,167.221,-1.7142,-2.7761,-14.9688
MO,69.12000274658203,68.07,2026-08-25,True,68.33000183105469,69.29000091552734,1.54,7.42,BAJO,115412697088.0,14.55,11.79,-43.25,,29.55,61.46,39.0,7.83,8.73,,0.52,6.0,YAHOO,2.2948,3.0345,1.8017,0.067134,2.0656,0.6868,69.44,2026-10-29,64,2026-07-30,27.0,yahoo,1.0,0.0,1.0,1.0,0.0,1.0,1.0,1.0,0.0,4.6797,7.3625,-6.3288,-2.713,35.0151,32.0183,69.12,74.92,74.92,0.0,-7.7416,-7.7416
WMT,104.33999633789062,105.38,2026-08-25,True,104.07499694824219,106.08999633789062,-0.99,5.89,BAJO,830345904128.0,37.8,32.36,8.81,22.31,7.07,4.99,3.0,1.08,19.1,0.7,0.77,7.0,YAHOO,2.2948,3.0345,1.8017,0.067134,2.0656,0.6868,69.44,2026-11-19,85,2026-08-20,6.0,yahoo,1.0,1.0,1.0,1.0,1.0,0.0,1.0,1.0,0.0,-8.4954,-9.8442,-9.5948,-11.7684,27.7439,29.3749,115.7329,120.7509,133.8795,-9.8442,-13.5907,-22.0642
TGT,164.0399932861328,163.47,2026-08-25,True,161.35000610351562,164.85000610351562,0.35,73.94,BAJO,74521968640.0,17.02,17.26,4.18,26.41,5.71,5.9,4.08,4.63,10.24,1.07,0.99,6.0,YAHOO,2.2948,3.0345,1.8017,0.067134,2.0656,0.6868,69.44,2026-11-18,84,2026-08-19,7.0,yahoo,1.0,0.0,1.0,1.0,1.0,1.0,1.0,0.0,0.0,3.1698,6.5195,17.7428,28.8078,56.9892,33.9417,169.89,169.89,169.89,-3.4434,-3.4434,-3.4434
MCD,266.92999267578125,268.1,2026-08-25,True,266.1099853515625,269.05718994140625,-0.44,-16.28,BAJO,188890742784.0,21.68,19.1,-184.6,,13.25,46.48,31.72,3.32,16.25,,1.08,6.0,YAHOO,2.2948,3.0345,1.8017,0.067134,2.0656,0.6868,69.44,2026-11-05,71,2026-08-04,22.0,yahoo,1.0,0.0,1.0,1.0,1.0,0.0,1.0,1.0,0.0,-0.1944,-3.181,-1.0491,-4.3356,17.1101,22.9825,276.26,287.93,336.8806,-3.3773,-7.2934,-20.7642
SBUX,108.48999786376953,105.76,2026-08-25,True,105.42050170898438,108.58000183105469,2.58,24.78,BAJO,123678597120.0,60.95,34.82,-16.11,,8.02,12.92,5.17,2.48,25.26,,0.76,5.0,YAHOO,2.2948,3.0345,1.8017,0.067134,2.0656,0.6868,69.44,2026-10-28,63,2026-07-29,28.0,yahoo,1.0,0.0,1.0,1.0,1.0,0.0,0.0,0.0,1.0,3.3435,0.5744,4.3147,6.869,33.7379,23.0433,108.49,108.49,108.49,0.0,0.0,0.0
NKE,38.59000015258789,39.48,2026-08-25,True,38.413700103759766,39.4807014465332,-2.25,-53.24,BAJO,57248215040.0,18.38,16.84,3.85,22.14,6.97,12.69,6.7,3.3,12.02,0.74,1.96,4.0,YAHOO,2.2948,3.0345,1.8017,0.067134,2.0656,0.6868,69.44,2026-09-29,34,,,yahoo,1.0,0.0,1.0,0.0,1.0,0.0,0.0,1.0,0.0,-5.9927,-4.7396,-5.3006,-15.3212,32.5473,34.034,42.64,45.96,76.5494,-9.4981,-16.0357,-49.5881
MDLZ,63.0099983215332,62.99,2026-08-25,True,62.790000915527344,63.48500061035156,0.03,1.42,BAJO,80420167680.0,23.08,18.74,3.03,13.34,4.12,21.98,8.86,2.8,16.58,0.83,0.6,5.0,YAHOO,2.2948,3.0345,1.8017,0.067134,2.0656,0.6868,69.44,2026-10-27,62,2026-07-28,29.0,yahoo,1.0,0.0,1.0,1.0,0.0,0.0,1.0,0.0,1.0,-1.7924,1.3348,4.5207,2.0693,23.5696,27.7807,64.7,64.99,64.99,-2.6121,-3.0466,-3.0466
HSY,185.35000610351562,187.18,2026-08-25,True,185.2949981689453,187.58990478515625,-0.98,0.46,BAJO,37241573376.0,25.32,18.78,8.16,32.81,9.92,23.12,12.24,4.68,15.57,1.3,1.18,4.0,YAHOO,2.2948,3.0345,1.8017,0.067134,2.0656,0.6868,69.44,2026-11-05,71,2026-07-30,27.0,yahoo,1.0,0.0,1.0,1.0,0.0,1.0,0.0,0.0,0.0,-1.8221,1.399,4.2976,-5.567,24.1055,29.6947,189.94,189.94,232.6481,-2.4166,-2.4166,-20.3303
ANF,147.75,108.9,2026-08-25,True,130.23500061035156,154.5800018310547,35.67,49.08,BAJO,6564785664.0,10.54,12.22,4.9,39.22,12.73,7.98,9.34,4.32,6.69,0.95,1.45,5.0,YAHOO,2.2948,3.0345,1.8017,0.067134,2.0656,0.6868,69.44,2026-08-26,0,2026-08-25,1.0,yahoo,1.0,0.0,1.0,1.0,0.0,1.0,1.0,0.0,0.0,40.1138,31.6493,61.4578,81.4665,277.4835,87.9203,147.75,147.75,147.75,0.0,0.0,0.0
EBAY,104.19999694824219,106.0,2026-08-25,True,104.0,106.08000183105469,-1.7,7.86,BAJO,46368997376.0,22.26,15.48,10.14,46.61,9.15,21.57,18.57,3.41,16.21,1.53,1.02,5.0,YAHOO,2.2948,3.0345,1.8017,0.067134,2.0656,0.6868,69.44,2026-11-04,70,2026-08-05,21.0,yahoo,1.0,1.0,1.0,0.0,0.0,0.0,1.0,0.0,1.0,1.5199,1.8473,-3.4022,-5.32,31.8937,31.385,114.01,117.44,118.6311,-8.6045,-11.2738,-12.1647
ABEV,2.9000000953674316,2.93,2026-08-25,True,2.890000104904175,2.950000047683716,-1.02,28.54,BAJO,44717998080.0,14.5,13.53,2.61,18.4,10.3,23.74,18.41,44.41,1.12,0.03,1.02,8.0,YAHOO,2.2948,3.0345,1.8017,0.067134,2.0656,0.6868,69.44,2026-10-29,64,2026-07-30,27.0,yahoo,1.0,1.0,1.0,1.0,1.0,0.0,1.0,1.0,1.0,3.2029,2.8369,-10.2167,-11.0617,19.8393,21.7341,3.12,3.2407,3.4202,-7.0513,-10.5144,-15.2104
UL,64.95999908447266,65.15,2026-08-25,True,64.93000030517578,65.62000274658203,-0.29,-7.38,BAJO,139876057088.0,21.58,16.37,7.46,31.87,8.29,20.34,18.32,4.81,15.46,1.75,0.74,7.0,YAHOO,2.2948,3.0345,1.8017,0.067134,2.0656,0.6868,69.44,2026-10-28,63,2026-07-28,29.0,finnhub,1.0,1.0,1.0,0.0,0.0,1.0,1.0,1.0,1.0,2.8173,5.2495,8.1856,12.9421,16.8821,28.8787,65.32,66.3122,72.7099,-0.5511,-2.0392,-10.6587
URBN,82.94999694824219,75.78,2026-08-25,True,78.16010284423828,83.02999877929688,9.46,5.12,BAJO,7103429632.0,15.95,12.2,2.72,18.73,8.36,8.96,7.48,0.07,10.44,0.46,1.48,8.0,YAHOO,2.2948,3.0345,1.8017,0.067134,2.0656,0.6868,69.44,2026-08-26,0,,,yahoo,1.0,1.0,1.0,1.0,0.0,1.0,1.0,1.0,1.0,11.5219,7.0737,12.7958,10.3792,66.869,44.0726,82.95,82.95,82.95,0.0,0.0,0.0
CL,92.05999755859375,91.33,2026-08-25,True,91.31999969482422,92.30999755859375,0.8,8.5,BAJO,73387728896.0,35.96,22.41,311.01,267.37,15.84,20.97,9.68,4.71,16.08,13.88,1.03,5.0,YAHOO,2.2948,3.0345,1.8017,0.067134,2.0656,0.6868,69.44,2026-10-30,65,2026-07-31,26.0,yahoo,1.0,0.0,1.0,1.0,1.0,0.0,1.0,0.0,0.0,1.3096,-0.2816,0.5624,1.4216,21.7167,25.702,93.28,94.5877,97.966,-1.3079,-2.6724,-6.0287
COST,956.1199951171875,960.01,2026-08-25,True,954.5355224609375,964.4500122070312,-0.41,-1.49,BAJO,424018968576.0,48.12,42.19,25.65,29.15,8.67,3.67,3.01,1.64,30.63,0.6,1.07,6.0,YAHOO,2.2948,3.0345,1.8017,0.067134,2.0656,0.6868,69.44,2026-09-24,29,,,yahoo,1.0,0.0,1.0,1.0,1.0,1.0,0.0,1.0,0.0,-0.0909,0.6887,0.5354,-4.5881,26.882,20.3593,971.4,985.1138,1092.5829,-1.573,-2.9432,-12.4899
KMB,110.33999633789062,111.02,2026-08-25,True,110.26000213623047,111.83999633789062,-0.61,-14.49,BAJO,36696768512.0,21.94,14.74,20.97,104.91,10.2,19.0,11.79,2.56,12.18,3.49,0.91,4.0,YAHOO,2.2948,3.0345,1.8017,0.067134,2.0656,0.6868,69.44,2026-11-03,69,2026-08-04,22.0,yahoo,1.0,0.0,1.0,1.0,1.0,0.0,0.0,0.0,0.0,0.4186,1.2944,0.8869,11.6546,17.7884,30.3411,112.37,114.74,126.0868,-1.8065,-3.8348,-12.4889
ORLY,89.55000305175781,90.32,2026-08-25,True,89.3949966430664,90.80500030517578,-0.85,-16.86,BAJO,72442437632.0,28.43,24.53,-39.82,,13.67,20.15,14.27,2.17,19.76,,0.75,7.0,YAHOO,2.2948,3.0345,1.8017,0.067134,2.0656,0.6868,69.44,2026-10-28,63,2026-07-29,28.0,yahoo,1.0,0.0,1.0,1.0,1.0,1.0,1.0,1.0,0.0,-1.8092,-2.7159,0.0,0.5954,18.1349,31.4414,93.53,93.53,107.82,-4.2553,-4.2553,-16.9449
PM,194.10000610351562,193.92,2026-08-25,True,192.63429260253906,196.66000366210938,0.09,17.02,BAJO,302526857216.0,26.59,21.17,-35.25,,14.59,40.0,25.56,3.21,19.29,,0.98,7.0,YAHOO,2.2948,3.0345,1.8017,0.067134,2.0656,0.6868,69.44,2026-10-21,56,,,yahoo,1.0,1.0,1.0,1.0,1.0,1.0,0.0,1.0,0.0,2.1956,4.2484,7.374,7.5089,24.3901,28.7214,194.1,200.17,200.17,0.0,-3.0324,-3.0324
ETSY,81.73999786376953,84.43,2026-08-25,True,81.51000213623047,84.76000213623047,-3.19,41.74,BAJO,7502239744.0,25.87,11.86,-5.41,,10.53,18.74,7.11,2.26,20.08,,1.48,5.0,YAHOO,2.2948,3.0345,1.8017,0.067134,2.0656,0.6868,69.44,2026-11-04,70,2026-08-05,21.0,yahoo,1.0,0.0,1.0,1.0,1.0,0.0,1.0,0.0,0.0,1.5909,2.6498,4.7412,28.099,78.6814,43.5987,87.03,87.03,87.03,-6.0784,-6.0784,-6.0784
TM,191.83999633789062,192.95,2026-08-25,True,191.52999877929688,193.0800018310547,-0.58,-6.44,BAJO,227158736896.0,8.73,12.16,15.51,12.4,2.34,7.86,8.63,-1584.78,6.28,1.15,1.17,3.0,YAHOO,2.2948,3.0345,1.8017,0.067134,2.0656,0.6868,69.44,2026-11-05,71,2026-08-04,22.0,yahoo,1.0,0.0,1.0,1.0,0.0,0.0,0.0,0.0,0.0,1.6209,1.9233,11.8731,0.91,30.127,24.8226,197.35,197.35,248.29,-2.792,-2.792,-22.7355
HMC,31.40999984741211,31.8,2026-08-25,True,31.392499923706055,31.56999969482422,-1.23,-11.54,BAJO,40759881728.0,,,0.52,-0.76,-0.15,8.76,-0.75,656.91,7.16,1.14,1.29,3.0,YAHOO,2.2948,3.0345,1.8017,0.067134,2.0656,0.6868,69.44,2026-11-05,71,2026-08-05,21.0,yahoo,0.0,0.0,1.0,1.0,0.0,0.0,1.0,0.0,0.0,-1.5669,0.3194,17.0704,16.8527,35.6567,33.402,33.37,33.37,34.85,-5.8735,-5.8735,-9.8709
NSANY,4.019999980926514,4.09,2026-08-25,True,4.019999980926514,4.070000171661377,-1.71,-18.12,BAJO,7027728896.0,,4.67,0.23,-7.65,0.69,2.63,-3.37,-19345.99,15.32,1.72,1.54,4.0,YAHOO,2.2948,3.0345,1.8017,0.067134,2.0656,0.6868,69.44,2026-11-05,71,2026-08-03,23.0,yahoo,0.0,1.0,1.0,1.0,0.0,1.0,0.0,0.0,0.0,-1.7115,-5.1887,6.6313,-18.4584,24.0735,41.9606,4.51,4.65,6.05,-10.8647,-13.5484,-33.5537
GM,86.33000183105469,85.81,2026-08-25,True,84.91539764404297,86.55999755859375,0.61,44.51,BAJO,78081302528.0,38.37,5.81,1.22,3.16,2.25,3.2,1.05,28.09,11.02,2.02,1.14,5.0,YAHOO,2.2948,3.0345,1.8017,0.067134,2.0656,0.6868,69.44,2026-10-20,55,,,yahoo,1.0,0.0,1.0,1.0,0.0,1.0,1.0,0.0,0.0,1.6125,-0.4956,10.5378,2.8497,25.2628,31.5545,89.35,90.3,90.3,-3.38,-4.3965,-4.3965
ARCO,8.010000228881836,8.13,2026-08-25,True,7.989999771118164,8.1899995803833,-1.48,15.92,BAJO,1687411072.0,6.51,9.36,2.03,36.36,6.91,5.56,5.16,7.64,5.9,2.64,0.88,6.0,YAHOO,2.2948,3.0345,1.8017,0.067134,2.0656,0.6868,69.44,2026-11-18,84,2026-08-13,13.0,yahoo,1.0,1.0,1.0,1.0,0.0,1.0,1.0,0.0,0.0,2.9563,1.3924,-3.8415,-9.2571,25.0524,26.7056,8.47,8.7577,9.4222,-5.4309,-8.5377,-14.9882
HD,334.8500061035156,337.88,2026-08-25,True,334.510009765625,339.3500061035156,-0.9,-19.3,BAJO,334076379136.0,23.43,20.88,20.03,104.3,12.55,14.29,8.41,3.35,15.53,3.77,1.08,4.0,YAHOO,2.2948,3.0345,1.8017,0.067134,2.0656,0.6868,69.44,2026-11-17,83,2026-08-18,8.0,yahoo,1.0,0.0,1.0,1.0,1.0,0.0,0.0,0.0,0.0,-2.7447,-2.4983,-4.0159,6.1386,10.1437,28.222,355.62,357.9,414.7939,-5.8405,-6.4403,-19.2732
DIS,109.62999725341797,111.25,2026-08-25,True,109.44999694824219,111.5199966430664,-1.46,-9.12,BAJO,189296672768.0,22.6,14.73,1.72,8.01,4.81,19.3,8.7,2.57,11.3,0.39,0.71,8.0,YAHOO,2.2948,3.0345,1.8017,0.067134,2.0656,0.6868,69.44,2026-11-12,78,2026-08-05,21.0,yahoo,1.0,1.0,1.0,1.0,1.0,0.0,1.0,1.0,1.0,2.525,6.21,11.8231,6.0377,26.4821,27.1062,111.25,111.25,117.1437,-1.4562,-1.4562,-6.4141
JNJ,270.0,273.14,2026-08-25,True,269.55999755859375,272.9049987792969,-1.15,52.78,BAJO,650672603136.0,31.65,21.94,7.65,25.74,8.6,29.19,21.48,2.6,19.47,0.58,1.09,3.0,YAHOO,2.2948,3.0345,1.8017,0.067134,2.0656,0.6868,69.44,2026-10-13,48,,,yahoo,1.0,1.0,1.0,0.0,0.0,0.0,0.0,0.0,0.0,-0.7602,4.0143,6.5466,17.3123,16.5818,25.6101,273.14,273.14,273.14,-1.1496,-1.1496,-1.1496
LLY,1189.4100341796875,1233.66,2026-08-25,True,1180.010009765625,1235.7750244140625,-3.59,58.97,BAJO,1060646158336.0,41.5,25.18,31.3,102.29,20.36,54.22,33.53,1.04,26.52,1.62,1.35,7.0,YAHOO,2.2948,3.0345,1.8017,0.067134,2.0656,0.6868,69.44,2026-10-29,64,2026-08-05,21.0,yahoo,1.0,1.0,1.0,0.0,0.0,1.0,1.0,1.0,1.0,-7.102,-2.3901,-1.4076,9.991,29.4178,35.1613,1280.34,1280.34,1280.34,-7.102,-7.102,-7.102
NVO,47.189998626708984,48.66,2026-08-25,True,46.869998931884766,48.040000915527344,-3.02,-14.12,BAJO,208628400128.0,11.51,13.75,6.04,59.81,18.73,42.54,35.35,18.06,1.75,0.63,0.87,4.0,YAHOO,2.2948,3.0345,1.8017,0.067134,2.0656,0.6868,69.44,2026-11-04,70,2026-08-04,22.0,yahoo,1.0,0.0,1.0,1.0,0.0,1.0,0.0,0.0,0.0,1.5275,3.0244,-0.5762,7.2795,44.2501,38.9865,50.9588,50.9588,60.9379,-7.3958,-7.3958,-22.5605
AMGN,440.3399963378906,442.24,2026-08-25,True,438.239990234375,442.885009765625,-0.43,52.63,BAJO,238061895680.0,27.47,18.05,20.37,91.47,8.67,35.55,22.95,3.63,16.3,4.9,1.37,7.0,YAHOO,2.2948,3.0345,1.8017,0.067134,2.0656,0.6868,69.44,2026-11-03,69,2026-08-04,22.0,yahoo,1.0,1.0,1.0,1.0,1.0,0.0,0.0,1.0,1.0,0.1251,6.4235,23.6049,31.7959,17.8456,27.5947,443.84,443.84,443.84,-0.7886,-0.7886,-0.7886
UNH,401.010009765625,396.59,2026-08-25,True,396.010009765625,406.25,1.11,33.4,BAJO,359944519680.0,25.51,17.87,3.69,14.15,4.87,7.13,3.14,6.74,15.34,0.69,0.78,6.0,YAHOO,2.2948,3.0345,1.8017,0.067134,2.0656,0.6868,69.44,2026-10-27,62,,,yahoo,1.0,0.0,1.0,1.0,1.0,0.0,1.0,0.0,1.0,3.1909,-1.1292,-6.282,5.0234,18.3488,25.8123,421.47,436.35,436.35,-4.8544,-8.099,-8.099
PFE,28.299999237060547,28.57,2026-08-25,True,28.145000457763672,28.489999771118164,-0.95,17.88,BAJO,161300758528.0,37.24,9.77,1.89,5.01,5.78,27.88,6.8,7.74,8.41,0.74,1.27,5.0,YAHOO,2.2948,3.0345,1.8017,0.067134,2.0656,0.6868,69.44,2026-11-03,69,2026-08-04,22.0,yahoo,1.0,0.0,1.0,1.0,0.0,0.0,0.0,1.0,1.0,0.2125,7.5637,18.547,9.8629,22.0345,22.4661,28.57,28.57,28.57,-0.945,-0.945,-0.945
ABT,114.0999984741211,116.13,2026-08-25,True,114.00499725341797,116.71499633789062,-1.75,-14.94,BAJO,197436735488.0,37.53,18.81,3.86,10.58,5.33,14.71,11.65,3.65,19.28,0.63,1.38,5.0,YAHOO,2.2948,3.0345,1.8017,0.067134,2.0656,0.6868,69.44,2026-10-14,49,,,yahoo,1.0,0.0,1.0,1.0,1.0,0.0,0.0,1.0,0.0,-0.2884,2.8762,22.0929,34.1197,26.0328,33.2724,116.67,116.67,133.5335,-2.2028,-2.2028,-14.5533
CVS,94.31999969482422,92.9,2026-08-25,True,92.91000366210938,94.8550033569336,1.53,32.36,BAJO,120632483840.0,24.5,11.09,1.51,6.21,2.97,3.86,1.18,6.69,10.98,0.96,0.87,6.0,YAHOO,2.2948,3.0345,1.8017,0.067134,2.0656,0.6868,69.44,2026-10-28,63,2026-08-05,21.0,yahoo,1.0,0.0,1.0,1.0,1.0,1.0,0.0,0.0,1.0,0.7154,-0.4223,-9.0436,3.078,21.8384,27.2124,105.37,109.9195,109.9195,-10.4869,-14.1917,-14.1917
ABBV,262.8999938964844,265.79,2026-08-25,True,260.30999755859375,265.0,-1.09,26.44,BAJO,464575135744.0,74.27,16.15,-78.27,,10.51,40.03,9.8,3.63,17.19,,0.81,7.0,YAHOO,2.2948,3.0345,1.8017,0.067134,2.0656,0.6868,69.44,2026-10-29,64,2026-07-31,26.0,yahoo,1.0,0.0,1.0,1.0,1.0,1.0,0.0,1.0,1.0,-1.1543,5.6842,4.5081,22.9207,15.4042,29.679,265.97,265.97,265.97,-1.1543,-1.1543,-1.1543
TMO,633.7100219726562,628.15,2026-08-25,True,624.010009765625,636.0599975585938,0.89,26.55,BAJO,234312564736.0,34.09,23.04,4.45,13.51,5.13,18.75,15.04,2.66,23.25,0.81,1.55,5.0,YAHOO,2.2948,3.0345,1.8017,0.067134,2.0656,0.6868,69.44,2026-10-21,56,,,yahoo,1.0,0.0,1.0,1.0,0.0,1.0,1.0,0.0,0.0,3.2875,5.0911,23.523,39.0468,7.2967,32.1269,633.71,633.71,638.1788,0.0,0.0,-0.7002
AZN,166.27000427246094,169.66,2026-08-25,True,165.1699981689453,167.86000061035156,-2.0,1.28,BAJO,257865809920.0,24.89,14.64,5.13,21.96,8.02,23.46,17.02,1.9,14.34,0.64,0.89,7.0,YAHOO,2.2948,3.0345,1.8017,0.067134,2.0656,0.6868,69.44,2026-10-30,65,,,yahoo,1.0,1.0,1.0,1.0,1.0,1.0,0.0,1.0,0.0,0.8002,4.9022,-11.751,-10.439,25.639,35.4892,171.34,195.15,208.62,-2.959,-14.7989,-20.3001
CAH,238.39999389648438,237.92,2026-08-25,True,236.44500732421875,240.8800048828125,0.2,59.67,BAJO,55446052864.0,32.97,16.94,-19.27,,3.72,1.33,0.67,8.57,14.31,,0.88,6.0,YAHOO,2.2948,3.0345,1.8017,0.067134,2.0656,0.6868,69.44,2026-11-05,71,2026-08-11,15.0,yahoo,1.0,1.0,1.0,1.0,0.0,0.0,1.0,1.0,0.0,1.5116,1.8107,0.4199,19.5551,15.5961,24.0516,240.26,240.26,240.26,-0.7742,-0.7742,-0.7742
ISRG,370.4200134277344,371.84,2026-08-25,True,366.7300109863281,372.37200927734375,-0.38,-25.55,BAJO,132713357312.0,42.38,30.69,7.22,17.42,10.51,33.6,28.45,1.97,30.08,,4.96,7.0,YAHOO,2.2948,3.0345,1.8017,0.067134,2.0656,0.6868,69.44,2026-10-20,55,,,yahoo,1.0,1.0,1.0,1.0,0.0,1.0,1.0,0.0,1.0,-6.8641,-7.6881,-8.4705,-11.4992,16.7083,48.3302,401.27,432.83,592.85,-7.6881,-14.4191,-37.5188
MRNA,149.66000366210938,158.83,2026-08-25,True,145.11000061035156,156.1300048828125,-5.77,501.52,BAJO,59749646336.0,,-32.47,8.83,-39.0,-13.26,-557.93,-141.43,0.5,-25.47,0.19,2.29,3.0,YAHOO,2.2948,3.0345,1.8017,0.067134,2.0656,0.6868,69.44,2026-11-05,71,2026-07-31,26.0,yahoo,0.0,1.0,0.0,1.0,0.0,0.0,0.0,1.0,0.0,-14.1759,135.0558,122.4766,214.3457,156.9428,377.7134,174.38,174.38,174.38,-14.1759,-14.1759,-14.1759
NVS,157.5399932861328,159.98,2026-08-25,True,157.4499969482422,159.19000244140625,-1.53,24.53,BAJO,299438604288.0,23.8,16.06,7.21,30.35,10.25,34.62,22.5,3.97,14.77,1.17,0.86,8.0,YAHOO,2.2948,3.0345,1.8017,0.067134,2.0656,0.6868,69.44,2026-10-27,62,,,yahoo,1.0,1.0,1.0,1.0,0.0,1.0,1.0,1.0,1.0,-1.7279,3.427,1.3706,4.2483,23.8469,26.1414,160.31,160.31,163.6393,-1.7279,-1.7279,-3.7273
PHG,26.989999771118164,27.43,2026-08-25,True,26.860000610351562,27.31999969482422,-1.6,-2.82,BAJO,26380767232.0,20.29,14.18,1.98,10.15,4.07,13.99,6.31,5.79,13.28,0.65,1.26,7.0,YAHOO,2.2948,3.0345,1.8017,0.067134,2.0656,0.6868,69.44,2026-11-03,69,,,yahoo,1.0,1.0,1.0,1.0,0.0,1.0,0.0,1.0,1.0,-2.281,0.709,-0.4059,1.4662,13.0752,25.7511,27.62,28.23,31.6757,-2.281,-4.3925,-14.7928
MRK,153.10000610351562,156.45,2026-08-25,True,152.61090087890625,155.18499755859375,-2.14,82.51,BAJO,377723977728.0,122.48,16.04,9.01,6.96,11.87,-0.24,4.77,4.02,14.71,1.28,1.32,4.0,YAHOO,2.2948,3.0345,1.8017,0.067134,2.0656,0.6868,69.44,2026-10-29,64,2026-08-04,22.0,yahoo,1.0,0.0,1.0,0.0,0.0,1.0,1.0,0.0,0.0,0.5913,15.1821,18.9958,28.2443,45.425,38.3769,156.45,156.45,156.45,-2.1413,-2.1413,-2.1413
GILD,148.08999633789062,148.77,2026-08-25,True,147.00399780273438,149.61990356445312,-0.46,28.76,BAJO,183624957952.0,,14.97,15.54,-20.68,14.09,33.68,-10.64,5.32,14.03,2.23,1.26,8.0,YAHOO,2.2948,3.0345,1.8017,0.067134,2.0656,0.6868,69.44,2026-10-29,64,2026-08-04,22.0,yahoo,1.0,1.0,1.0,1.0,1.0,0.0,1.0,1.0,1.0,0.332,8.9939,15.8039,11.4992,16.403,30.0614,148.77,148.77,153.9087,-0.4571,-0.4571,-3.7806
BMY,67.56999969482422,67.92,2026-08-25,True,67.33499908447266,68.0,-0.52,46.34,BAJO,138026221568.0,14.88,10.3,6.18,46.6,10.72,34.42,18.87,5.88,9.09,2.02,1.53,8.0,YAHOO,2.2948,3.0345,1.8017,0.067134,2.0656,0.6868,69.44,2026-10-29,64,2026-07-30,27.0,yahoo,1.0,1.0,1.0,1.0,1.0,1.0,0.0,1.0,1.0,-0.0592,6.0754,18.7982,18.7982,19.0493,29.829,67.92,67.92,67.92,-0.5153,-0.5153,-0.5153
HIMS,29.829999923706055,31.75,2026-08-25,True,29.620100021362305,31.629499435424805,-6.05,-37.87,BAJO,6959738880.0,,26.77,21.48,-32.03,-2.21,-12.75,-5.51,12.21,-753.16,4.77,0.93,4.0,YAHOO,2.2948,3.0345,1.8017,0.067134,2.0656,0.6868,69.44,2026-11-09,75,2026-08-10,16.0,yahoo,1.0,0.0,1.0,1.0,0.0,1.0,0.0,0.0,0.0,-4.0528,-0.4671,-12.1096,18.373,105.6343,93.4623,33.78,38.28,62.76,-11.6933,-22.0742,-52.4697
CAT,821.9299926757812,811.29,2026-08-25,True,812.27001953125,824.614990234375,1.31,88.65,BAJO,377820577792.0,35.43,25.46,19.48,56.97,9.03,22.18,14.51,1.34,25.66,2.33,1.37,6.0,YAHOO,2.2948,3.0345,1.8017,0.067134,2.0656,0.6868,69.44,2026-10-29,64,2026-08-04,22.0,yahoo,1.0,0.0,1.0,1.0,1.0,1.0,1.0,0.0,0.0,0.7082,-3.9352,-17.4457,-9.5035,26.013,46.7656,881.65,1062.9282,1062.9282,-6.7737,-22.673,-22.673
GE,354.3900146484375,349.54,2026-08-25,True,350.0,356.3900146484375,1.39,26.37,BAJO,367701786624.0,41.16,39.05,20.85,48.23,5.07,20.57,17.72,1.79,32.94,1.13,0.98,6.0,YAHOO,2.2948,3.0345,1.8017,0.067134,2.0656,0.6868,69.44,2026-10-20,55,,,yahoo,1.0,1.0,1.0,0.0,0.0,0.0,1.0,1.0,1.0,-0.5165,-2.9945,-3.8396,11.8602,28.4804,31.9941,381.22,381.22,381.22,-7.0379,-7.0379,-7.0379
LMT,565.6199951171875,556.52,2026-08-25,True,556.4492797851562,569.95947265625,1.64,23.88,BAJO,130539864064.0,20.53,17.29,14.84,89.17,8.64,11.96,8.16,4.26,15.22,2.34,1.19,6.0,YAHOO,2.2948,3.0345,1.8017,0.067134,2.0656,0.6868,69.44,2026-10-20,55,,,yahoo,1.0,0.0,1.0,1.0,1.0,0.0,1.0,1.0,0.0,-3.9939,-6.7741,11.4742,7.1888,22.7749,36.3187,608.68,608.68,672.2988,-7.0743,-7.0743,-15.8678
RTX,211.99000549316406,210.28,2026-08-25,True,209.28970336914062,213.10000610351562,0.81,31.17,BAJO,285711237120.0,37.06,26.98,4.3,12.27,4.21,12.7,8.28,3.46,20.01,0.57,1.01,8.0,YAHOO,2.2948,3.0345,1.8017,0.067134,2.0656,0.6868,69.44,2026-10-20,55,,,yahoo,1.0,1.0,1.0,1.0,1.0,1.0,0.0,1.0,1.0,-3.794,-4.5187,13.1412,20.4452,13.8351,29.8779,225.49,225.49,225.49,-5.987,-5.987,-5.987
UAL,114.83000183105469,117.41,2026-08-25,True,114.69999694824219,119.69999694824219,-2.2,6.62,BAJO,37270343680.0,10.75,7.53,2.23,23.25,3.38,5.53,5.56,2.44,7.66,2.02,0.78,7.0,YAHOO,2.2948,3.0345,1.8017,0.067134,2.0656,0.6868,69.44,2026-10-21,56,,,yahoo,1.0,1.0,1.0,1.0,1.0,0.0,1.0,0.0,1.0,-0.8205,-8.2241,-15.6344,1.9624,36.7428,46.488,132.76,136.11,136.11,-13.5056,-15.6344,-15.6344
F,13.899999618530273,13.95,2026-08-25,True,13.760000228881836,13.920000076293945,-0.36,19.22,BAJO,55427579904.0,,7.26,1.55,-18.25,0.35,1.88,-3.94,-14.33,25.73,4.57,1.09,2.0,YAHOO,2.2948,3.0345,1.8017,0.067134,2.0656,0.6868,69.44,2026-10-22,57,2026-07-28,29.0,yahoo,0.0,0.0,1.0,1.0,0.0,0.0,0.0,0.0,0.0,-4.1379,0.5061,-0.5623,-11.5205,41.1756,31.3392,14.7008,15.977,17.2531,-5.4472,-12.9997,-19.435
AAL,13.84000015258789,13.95,2026-08-25,True,13.800000190734863,14.154999732971191,-0.79,1.6,BAJO,9161663488.0,,5.9,-2.31,,1.12,2.81,-0.56,5.67,10.83,,0.53,4.0,YAHOO,2.2948,3.0345,1.8017,0.067134,2.0656,0.6868,69.44,2026-10-22,57,,,yahoo,1.0,0.0,1.0,1.0,0.0,0.0,0.0,0.0,1.0,-0.1443,-7.3007,-22.5518,-7.2386,31.0853,52.1287,16.58,18.15,18.15,-16.5259,-23.7466,-23.7466
UNP,310.6199951171875,309.59,2026-08-25,True,308.6400146484375,314.14990234375,0.33,38.97,BAJO,184531730432.0,25.15,21.94,9.5,39.7,9.27,40.98,28.85,2.56,16.58,1.51,0.99,8.0,YAHOO,2.2948,3.0345,1.8017,0.067134,2.0656,0.6868,69.44,2026-10-22,57,,,yahoo,1.0,1.0,1.0,1.0,1.0,1.0,1.0,1.0,0.0,2.9225,5.7502,15.7518,11.7555,9.5337,22.934,310.62,310.62,310.62,0.0,0.0,0.0
FDX,335.989990234375,333.71,2026-08-25,True,330.4100036621094,340.8299865722656,0.68,80.29,BAJO,79518900224.0,17.99,16.12,2.55,14.85,5.01,11.13,4.68,7.11,9.19,1.36,1.48,5.0,YAHOO,2.2948,3.0345,1.8017,0.067134,2.0656,0.6868,69.44,2026-10-28,63,,,yahoo,1.0,0.0,1.0,1.0,0.0,1.0,0.0,1.0,0.0,2.3174,2.8216,5.4814,1.639,22.1821,29.0941,339.35,339.35,339.35,-0.9901,-0.9901,-0.9901
PCAR,129.22999572753906,129.22,2026-08-25,True,128.97000122070312,130.97000122070312,0.01,28.43,BAJO,68022140928.0,27.15,18.11,3.35,12.76,4.12,12.02,9.0,2.86,22.67,0.73,5.52,4.0,YAHOO,2.2948,3.0345,1.8017,0.067134,2.0656,0.6868,69.44,2026-10-27,62,2026-07-28,29.0,yahoo,1.0,0.0,1.0,1.0,0.0,1.0,0.0,0.0,0.0,1.3807,-1.3963,7.3684,15.4215,17.4179,29.9001,135.601,137.845,137.845,-4.6983,-6.2498,-6.2498
MMM,180.0,179.37,2026-08-25,True,178.53500366210938,180.66000366210938,0.35,13.43,BAJO,92830040064.0,31.86,18.41,31.45,81.89,8.74,20.35,11.9,6.84,15.53,4.38,1.24,5.0,YAHOO,2.2948,3.0345,1.8017,0.067134,2.0656,0.6868,69.44,2026-10-20,55,,,yahoo,1.0,0.0,1.0,0.0,0.0,1.0,1.0,0.0,1.0,0.0708,-1.628,10.2299,16.5096,2.0885,24.5018,182.979,182.979,182.979,-1.628,-1.628,-1.628
PAC,214.8699951171875,209.72,2026-08-25,True,210.97000122070312,216.33999633789062,2.46,-14.66,BAJO,12785156096.0,19.69,19.84,603.11,28.03,10.47,44.16,30.83,53.95,84.5,1.18,0.74,7.0,YAHOO,2.2948,3.0345,1.8017,0.067134,2.0656,0.6868,69.44,2026-10-19,54,,,yahoo,1.0,1.0,1.0,1.0,0.0,1.0,1.0,0.0,1.0,4.1289,-0.0419,-15.0376,-12.0106,41.5318,30.6867,222.7,254.56,300.41,-3.5159,-15.5916,-28.4744
GT,6.260000228881836,6.2,2026-08-25,True,6.159999847412109,6.579999923706055,0.97,-29.83,BAJO,1802246272.0,,11.1,0.63,-61.53,0.51,-0.96,-14.37,27.58,9.49,2.74,1.09,5.0,YAHOO,2.2948,3.0345,1.8017,0.067134,2.0656,0.6868,69.44,2026-11-03,69,2026-08-05,21.0,yahoo,0.0,0.0,1.0,1.0,1.0,1.0,0.0,0.0,1.0,4.5075,3.6424,-8.4795,2.7915,20.2909,48.9495,7.19,7.45,10.54,-12.9346,-15.9731,-40.6072
BA,212.08999633789062,211.08,2026-08-25,True,209.66000366210938,212.60000610351562,0.48,-13.34,BAJO,167629586432.0,76.02,51.47,27.49,173.54,-1.98,0.0,2.59,3.36,-67.83,7.91,1.14,6.0,YAHOO,2.2948,3.0345,1.8017,0.067134,2.0656,0.6868,69.44,2026-10-28,63,2026-07-28,29.0,yahoo,1.0,1.0,1.0,0.0,1.0,0.0,0.0,1.0,1.0,-4.55,-8.2656,-2.3751,-5.4436,16.0205,37.1653,240.19,240.19,252.15,-11.6991,-11.6991,-15.8874
HON,220.6699981689453,215.68,2026-08-25,True,216.41000366210938,221.27000427246094,2.31,-1.38,BAJO,69939150848.0,8.48,22.06,3.77,46.58,5.72,20.25,21.58,3.73,11.28,1.85,1.21,5.0,YAHOO,2.2948,3.0345,1.8017,0.067134,2.0656,0.6868,69.44,2026-10-22,57,,,yahoo,1.0,0.0,1.0,1.0,0.0,0.0,1.0,0.0,1.0,-0.4781,-5.9522,-9.1167,-8.8576,23.7755,37.6526,248.0457,248.0457,257.9406,-11.0366,-11.0366,-14.4493
MOS,24.15999984741211,24.27,2026-08-25,True,24.145000457763672,25.200000762939453,-0.45,-28.56,BAJO,7680358912.0,,15.05,0.67,-5.07,1.24,-0.12,-5.21,-9.72,7.93,0.52,1.34,7.0,YAHOO,2.2948,3.0345,1.8017,0.067134,2.0656,0.6868,69.44,2026-11-03,69,2026-08-04,22.0,yahoo,1.0,1.0,1.0,1.0,0.0,1.0,0.0,1.0,1.0,8.682,6.9027,7.9535,1.855,42.7749,47.6964,24.41,24.41,34.9505,-1.0242,-1.0242,-30.8736
BG,113.25,111.71,2026-08-25,True,110.36000061035156,114.13999938964844,1.38,33.11,BAJO,21757491200.0,24.1,9.99,1.36,7.18,3.47,4.62,1.1,-29.76,12.63,0.98,1.57,3.0,YAHOO,2.2948,3.0345,1.8017,0.067134,2.0656,0.6868,69.44,2026-11-04,70,2026-07-29,28.0,yahoo,1.0,0.0,1.0,1.0,0.0,0.0,0.0,0.0,0.0,-0.6579,1.9813,3.0976,-5.9547,38.3903,33.8788,116.57,130.5866,130.5866,-2.8481,-13.276,-13.276
RKLB,66.18000030517578,66.91,2026-08-25,True,65.80000305175781,67.67500305175781,-1.09,33.85,BAJO,42316222464.0,,1323.6,11.34,-7.92,-4.62,-24.57,-21.51,-0.6,-248.67,0.04,5.48,5.0,YAHOO,2.2948,3.0345,1.8017,0.067134,2.0656,0.6868,69.44,2026-11-09,75,2026-08-10,16.0,yahoo,0.0,1.0,0.0,1.0,1.0,1.0,0.0,1.0,0.0,-12.7373,-18.4674,-21.7175,-55.9475,38.5906,90.4686,82.83,123.32,150.23,-20.1014,-46.3347,-55.9475
ONDS,8.220000267028809,8.24,2026-08-25,True,7.960000038146973,8.265000343322754,-0.24,61.74,BAJO,4689939968.0,,-411.0,2.77,19.32,-8.37,-166.3,96.25,-1.47,-18.57,0.03,9.85,5.0,YAHOO,2.2948,3.0345,1.8017,0.067134,2.0656,0.6868,69.44,2026-11-12,78,2026-08-13,13.0,yahoo,0.0,1.0,0.0,1.0,1.0,1.0,0.0,1.0,0.0,-7.6404,-15.8649,4.9808,-23.8889,60.7678,88.5779,9.77,13.58,14.01,-15.8649,-39.4698,-41.3276
SMSN.IL,4680.0,4680.0,2026-08-24,False,4622.0,4722.0,3.68,272.81,BAJO,,48.98,75.32,0.0,10.64,2.3,6.08,13.13,,-1.44,0.03,2.88,6.0,YAHOO,2.2948,3.0345,1.8017,0.067134,2.0656,0.6868,69.44,2026-10-28,63,,,yahoo,1.0,1.0,1.0,1.0,0.0,0.0,0.0,1.0,1.0,2.7217,8.7866,-14.4424,-8.5044,85.5585,86.9623,5075.0,6010.0,6010.0,-7.7833,-22.1298,-22.1298
ADS.DE,152.60000610351562,152.6,2026-08-24,False,151.89999389648438,156.4499969482422,-1.71,-11.63,BAJO,26381975552.0,19.32,12.92,4.43,24.32,6.7,8.51,5.3,3.61,11.71,0.94,1.39,6.0,YAHOO,2.2948,3.0345,1.8017,0.067134,2.0656,0.6868,69.44,2026-10-29,64,,,yahoo,1.0,1.0,1.0,0.0,0.0,1.0,0.0,1.0,1.0,-1.3575,-5.9186,-16.0154,-8.7047,38.0469,36.7713,182.25,187.9,191.3097,-16.2689,-18.7866,-20.2341
BAYN.DE,49.2599983215332,49.26,2026-08-24,False,48.27000045776367,49.2599983215332,1.61,72.12,BAJO,48246845440.0,,10.24,1.63,-5.69,3.18,9.19,-3.83,13.6,8.06,1.29,1.04,6.0,YAHOO,2.2948,3.0345,1.8017,0.067134,2.0656,0.6868,69.44,2026-11-03,69,,,yahoo,0.0,0.0,1.0,1.0,1.0,0.0,1.0,1.0,1.0,1.0669,0.6333,4.8085,30.1797,21.2914,50.3336,49.81,53.36,53.36,-1.1042,-7.6837,-7.6837
RIOT,20.610000610351562,21.3,2026-08-25,True,20.489999771118164,21.329999923706055,-3.24,46.9,BAJO,7734087168.0,,-22.04,3.55,-48.24,-21.2,-122.33,-196.28,-9.29,-9.06,0.4,1.58,2.0,YAHOO,2.2948,3.0345,1.8017,0.067134,2.0656,0.6868,69.44,2026-10-29,64,2026-08-05,21.0,yahoo,0.0,0.0,0.0,0.0,0.0,0.0,0.0,1.0,1.0,6.3468,1.4272,-27.8614,-23.4967,83.5286,92.9368,22.12,28.69,28.69,-6.8264,-28.1631,-28.1631
OKLO,41.599998474121094,44.27,2026-08-25,True,41.08000183105469,46.20000076293945,-6.03,-47.67,BAJO,7738333696.0,,-41.43,2.35,-7.7,-6.65,-6048.76,0.0,-3.09,-24.34,0.0,48.46,4.0,YAHOO,2.2948,3.0345,1.8017,0.067134,2.0656,0.6868,69.44,2026-11-10,76,2026-08-07,19.0,yahoo,0.0,1.0,0.0,1.0,1.0,1.0,0.0,0.0,0.0,-3.1206,-7.8219,-16.8,-38.6612,130.563,87.5494,48.42,73.47,174.14,-14.0851,-43.3783,-76.1112
SATL,5.130000114440918,5.355,2026-08-25,True,5.1020002365112305,5.570000171661377,-4.2,33.15,BAJO,788685696.0,,-171.0,11.5,,-9.86,1.67,0.0,-2.39,-49.6,2.85,2.34,4.0,YAHOO,2.2948,3.0345,1.8017,0.067134,2.0656,0.6868,69.44,2026-11-12,78,2026-08-05,21.0,yahoo,0.0,1.0,0.0,0.0,1.0,1.0,0.0,1.0,0.0,-7.2333,-14.214,11.039,-47.4923,108.4501,112.6193,5.98,8.68,10.74,-14.214,-40.8986,-52.2346
JMIA,6.829999923706055,6.85,2026-08-25,True,6.820000171661377,7.034999847412109,-0.29,-27.25,BAJO,850798528.0,,-20.09,975.71,-216.21,-25.23,-23.8,-27.54,-3.27,-15.17,37.95,0.88,3.0,YAHOO,2.2948,3.0345,1.8017,0.067134,2.0656,0.6868,69.44,2026-11-11,77,2026-08-12,14.0,yahoo,0.0,1.0,0.0,1.0,0.0,0.0,0.0,0.0,1.0,1.4859,6.7187,7.3899,-8.0754,61.1751,59.8371,6.85,7.4,14.6,-0.292,-7.7027,-53.2192
LAR,6.710000038146973,6.72,2026-08-25,True,6.599999904632568,6.909999847412109,-0.15,105.38,BAJO,1101111040.0,,19.6,1.4,-6.58,-2.05,0.0,0.0,-1.49,-35.07,0.3,0.47,1.0,YAHOO,2.2948,3.0345,1.8017,0.067134,2.0656,0.6868,69.44,2026-11-09,75,2026-08-11,15.0,yahoo,0.0,0.0,0.0,1.0,0.0,0.0,0.0,0.0,0.0,8.4006,-1.4684,-13.8639,-34.2801,118.4249,73.4602,7.1,10.86,11.79,-5.493,-38.2136,-43.0874
NG,9.319999694824219,9.77,2026-08-25,True,9.279999732971191,9.869999885559082,-4.61,38.42,BAJO,4089435136.0,,-39.3,9.71,-24.63,-4.36,0.0,0.0,-0.58,-120.31,0.41,112.82,4.0,YAHOO,2.2948,3.0345,1.8017,0.067134,2.0656,0.6868,69.44,2026-09-30,35,,,yahoo,0.0,1.0,0.0,1.0,1.0,1.0,0.0,0.0,0.0,10.1655,18.4244,46.5409,15.6327,81.3821,81.9525,9.77,9.77,14.2,-4.6059,-4.6059,-34.3662
PBI,17.010000228881836,17.08,2026-08-25,True,16.920000076293945,17.15999984741211,-0.41,39.56,BAJO,2331904512.0,13.83,9.34,-2.7,,8.41,21.68,10.04,10.03,8.03,,0.73,7.0,YAHOO,2.2948,3.0345,1.8017,0.067134,2.0656,0.6868,69.44,2026-11-05,71,2026-07-29,28.0,yahoo,1.0,1.0,1.0,1.0,0.0,0.0,1.0,1.0,1.0,5.7178,2.4699,-5.5838,9.5978,26.5734,28.4634,18.2844,18.4037,18.4037,-6.97,-7.5732,-7.5732
AXIA,9.529999732971191,9.53,2026-08-14,False,9.267999649047852,9.600000381469727,-0.31,-6.31,BAJO,23290886144.0,10.02,10.99,1.22,10.01,3.05,43.79,27.05,16.97,4.39,0.63,2.05,6.0,YAHOO,2.2948,3.0345,1.8017,0.067134,2.0656,0.6868,69.44,2026-11-04,70,2026-08-05,21.0,yahoo,1.0,0.0,1.0,1.0,0.0,0.0,1.0,1.0,1.0,-2.6558,,,,59.054,,,,,,,
TEM,68.4800033569336,68.73,2026-08-25,True,67.30000305175781,70.21739959716797,-0.36,-13.9,BAJO,12356172800.0,,-4505.26,27.71,-67.44,-8.55,-20.11,-17.77,-0.76,-67.15,3.25,3.3,4.0,YAHOO,2.2948,3.0345,1.8017,0.067134,2.0656,0.6868,69.44,2026-11-03,69,2026-07-30,27.0,yahoo,0.0,1.0,0.0,1.0,0.0,1.0,0.0,1.0,0.0,11.8041,25.3983,21.9808,45.177,121.0503,94.4672,72.69,72.69,103.25,-5.7917,-5.7917,-33.6755
MRSH,193.25999450683594,193.4,2026-08-25,True,193.10809326171875,195.43150329589844,-0.07,-8.11,BAJO,92225847296.0,23.63,16.94,6.08,25.9,7.24,26.32,14.24,5.19,14.59,1.45,1.14,6.0,YAHOO,2.2948,3.0345,1.8017,0.067134,2.0656,0.6868,69.44,2026-10-15,50,,,yahoo,1.0,0.0,1.0,1.0,1.0,0.0,1.0,0.0,1.0,2.1459,2.3298,14.9815,21.0245,14.7784,28.7777,194.67,197.59,203.7672,-0.7243,-2.1914,-5.1565
CEPU,13.710000038146973,13.51,2026-08-25,True,13.545000076293945,13.829999923706055,1.48,25.93,BAJO,2056311296.0,6.2,8.17,1.04,19.03,7.21,24.84,28.78,-2040.13,1.24,0.33,1.28,7.0,YAHOO,2.2948,3.0345,1.8017,0.067134,2.0656,0.6868,69.44,2026-11-11,77,2026-08-11,15.0,yahoo,1.0,1.0,1.0,1.0,0.0,1.0,1.0,0.0,1.0,6.2791,3.3157,-7.2395,-10.9162,12.5972,40.2373,15.5,15.96,17.95,-11.5484,-14.0977,-23.6212
BMA,78.05000305175781,77.77,2026-08-25,True,77.17250061035156,79.23500061035156,0.36,32.63,BAJO,4990441472.0,19.56,6.89,1.2,5.36,1.31,26.07,8.39,,,,,5.0,YAHOO,2.2948,3.0345,1.8017,0.067134,2.0656,0.6868,69.44,2026-11-25,91,2026-08-25,1.0,yahoo,,,,,,,,,,3.7623,-2.193,-14.1392,-7.3796,38.1634,53.1393,94.23,101.0828,101.1279,-17.1708,-22.7861,-22.8205
SUPV,8.800000190734863,8.78,2026-08-25,True,8.600000381469727,8.979999542236328,0.23,1.99,BAJO,831672256.0,,7.17,0.98,-8.01,-1.15,3.31,-11.23,,,,,2.0,YAHOO,2.2948,3.0345,1.8017,0.067134,2.0656,0.6868,69.44,2026-11-17,83,2026-08-10,16.0,yahoo,0.0,0.0,1.0,1.0,0.0,0.0,0.0,0.0,0.0,15.0327,6.2802,-8.046,-4.5553,53.2265,63.9575,10.05,11.38,12.86,-12.4378,-22.6714,-31.5708
PAMP,5170.0,5085.0,2026-08-25,True,5100.0,5195.0,1.67,36.65,BAJO,,,,,,,,,,,,,,YAHOO,2.2948,3.0345,1.8017,0.067134,2.0656,0.6868,69.44,,999,,,none,,,,,,,,,,3.2967,2.3762,1.6716,1.7717,22.8687,26.964,5555.0,5630.0,5630.0,-6.9307,-8.1705,-8.1705
EDN,23.719999313354492,23.79,2026-08-25,True,23.530000686645508,24.29949951171875,-0.29,5.46,BAJO,,7.06,8.88,0.61,9.59,3.09,5.14,7.2,,0.83,0.62,1.46,6.0,YAHOO,2.2948,3.0345,1.8017,0.067134,2.0656,0.6868,69.44,2026-11-06,72,2026-08-07,19.0,yahoo,1.0,0.0,1.0,0.0,0.0,1.0,1.0,1.0,1.0,6.511,4.4934,-3.1441,-10.4906,39.4236,50.8841,27.25,28.74,35.71,-12.9541,-17.4669,-33.576
TGS,28.34000015258789,28.41,2026-08-25,True,28.06999969482422,28.672300338745117,-0.25,1.12,BAJO,4266649600.0,12.32,10.83,1.82,15.98,9.91,40.71,28.02,8419.9,-0.48,0.43,3.67,6.0,YAHOO,2.2948,3.0345,1.8017,0.067134,2.0656,0.6868,69.44,2026-11-03,69,2026-08-05,21.0,yahoo,1.0,0.0,1.0,1.0,0.0,1.0,1.0,1.0,0.0,2.644,0.8541,-4.7395,-6.6535,13.8753,39.4409,31.83,33.36,35.32,-10.9645,-15.048,-19.7622
TEO,13.359999656677246,13.52,2026-08-25,True,13.220000267028809,13.630000114440918,-1.18,47.82,BAJO,,10.86,14.76,0.98,10.83,3.12,13.95,8.91,,1.98,0.67,0.58,6.0,YAHOO,2.2948,3.0345,1.8017,0.067134,2.0656,0.6868,69.44,2026-11-09,75,2026-08-10,16.0,yahoo,,,,,,,,,,1.1355,-1.037,4.1309,-4.4349,30.3899,44.1471,14.3,15.98,15.98,-6.5734,-16.3955,-16.3955
IRS,15.039999961853027,15.15,2026-08-25,True,14.949999809265137,15.289999961853027,-0.73,-0.78,BAJO,1272558336.0,4.82,165.27,0.9,22.48,4.07,44.36,72.51,13542.87,3.93,0.45,0.6,5.0,YAHOO,2.2948,3.0345,1.8017,0.067134,2.0656,0.6868,69.44,2026-09-01,6,,,yahoo,0.0,0.0,1.0,1.0,1.0,0.0,1.0,1.0,0.0,2.0353,2.6621,-3.3419,0.0665,19.6738,37.5342,15.5,17.28,18.41,-2.9677,-12.963,-18.3053
CRES,1791.0,1800.0,2026-08-25,True,1763.0,1830.0,-0.5,29.49,BAJO,,,,,,,,,,,,,,YAHOO,2.2948,3.0345,1.8017,0.067134,2.0656,0.6868,69.44,,999,,,none,,,,,,,,,,4.4924,5.7261,2.9902,1.1864,17.0455,35.4025,1806.0,1890.0,2120.0,-0.8306,-5.2381,-15.5189
LOMA,9.649999618530273,9.75,2026-08-25,True,9.579999923706055,9.904999732971191,-1.03,-6.76,BAJO,1126122496.0,38.6,12.54,1.29,3.82,2.68,5.99,5.13,-3004.96,1.61,0.24,2.25,5.0,YAHOO,2.2948,3.0345,1.8017,0.067134,2.0656,0.6868,69.44,2026-11-05,71,2026-08-06,20.0,yahoo,1.0,0.0,1.0,1.0,0.0,1.0,1.0,0.0,0.0,2.4416,-0.3099,-16.5225,-18.6341,31.4487,46.9955,11.85,12.59,13.12,-18.5654,-23.3519,-26.4482
GLOB,38.790000915527344,40.08,2026-08-25,True,38.369998931884766,40.15999984741211,-3.22,-45.83,BAJO,1674935040.0,15.64,6.19,0.79,5.48,4.67,4.86,4.63,,5.3,0.24,1.84,4.0,YAHOO,2.2948,3.0345,1.8017,0.067134,2.0656,0.6868,69.44,2026-11-19,85,2026-08-13,13.0,yahoo,1.0,0.0,1.0,1.0,0.0,0.0,1.0,0.0,0.0,-1.8472,0.1291,29.1708,-0.0773,30.2348,66.0784,40.99,42.28,71.21,-5.3672,-8.2545,-45.5273
BBAR,14.920000076293945,14.8,2026-08-25,True,14.65999984741211,15.149999618530273,0.81,14.46,BAJO,3047211520.0,15.71,13.58,1.17,7.15,1.16,14.41,7.13,,,,,4.0,YAHOO,2.2948,3.0345,1.8017,0.067134,2.0656,0.6868,69.44,2026-08-27,1,2026-08-24,2.0,yahoo,1.0,0.0,1.0,1.0,0.0,0.0,1.0,0.0,0.0,3.0387,-6.2225,-21.7891,-14.002,38.3899,62.4692,19.7006,21.7253,21.7253,-24.2662,-31.3244,-31.3244
LND,3.7100000381469727,3.76,2026-08-25,True,3.690000057220459,3.75,-1.33,-7.54,BAJO,,,,0.93,-0.7,-1.96,-7.33,-1.57,,-11.22,0.71,1.47,,YAHOO,2.2948,3.0345,1.8017,0.067134,2.0656,0.6868,69.44,2026-09-03,8,,,finnhub,,,,,,,,,,2.7701,6.3037,3.9216,-2.6247,19.3722,20.931,3.79,3.84,4.37,-2.1108,-3.3854,-15.103
AGRO,11.079999923706055,11.03,2026-08-25,True,10.729999542236328,11.279999732971191,0.45,28.94,BAJO,1598932224.0,29.16,8.88,0.92,3.69,2.47,17.0,3.0,-8.03,8.9,1.24,1.73,2.0,YAHOO,2.2948,3.0345,1.8017,0.067134,2.0656,0.6868,69.44,2026-11-11,77,2026-08-11,15.0,yahoo,0.0,0.0,1.0,1.0,0.0,0.0,0.0,0.0,0.0,4.825,19.268,17.7471,-11.9237,26.4097,52.0037,11.26,12.5,15.18,-1.5986,-11.36,-27.0092
