Ticker,Precio,Cierre_Confirmado,Fecha_Cierre_Confirmado,Precio_Es_Intradiario,Low,High,Change (%),RS 20D,Credit Stress,Market Cap,P/E,Forward P/E,P/Book,ROE,ROA,Operating Margin,Net Margin,FCF Yield,EV/EBITDA,Debt/Equity,Current Ratio,Piotroski,Fund Source,Grain_IS,ZC_Surprise,ZS_Surprise,SPX_Quarterly_Divisor,SPX_ROC_63d,z_MOVE_inv,MOVE_price,Earnings_Next_Date,Earnings_Days_To_Next,Earnings_Last_Date,Earnings_Days_Since,Earnings_Source,piotroski_roa_positive,piotroski_d_roa,piotroski_cfo_positive,piotroski_cfo_gt_ni,piotroski_d_leverage,piotroski_d_liquidity,piotroski_no_dilution,piotroski_d_margin,piotroski_d_turnover,roc_5d,roc_10d,roc_42d,roc_63d,vol_5d,vol_60d,high_20d,high_60d,high_252d,drawdown_20d,drawdown_60d,drawdown_252d
^GSPC,7585.72998046875,7585.73,2026-09-15,False,7572.68994140625,7617.259765625,-0.45,2.97,BAJO,,,,,,,,,,,,,,NONE,2.0252,2.4245,1.759,0.057055,0.4162,-0.844,83.71,,999,,,none,,,,,,,,,,-1.1441,-1.3064,0.6897,,10.8785,11.2156,7747.71,7798.9902,,-2.0907,-2.7345,
^DJI,52093.109375,52093.1094,2026-09-15,False,51875.6484375,52336.609375,-0.63,2.16,BAJO,,,,,,,,,,,,,,NONE,2.0252,2.4245,1.759,0.057055,0.4162,-0.844,83.71,,999,,,none,,,,,,,,,,-1.3128,-2.0547,-0.875,,12.0333,11.4153,53686.1094,54349.1211,,-2.9672,-4.151,
^IXIC,25981.5703125,25981.5703,2026-09-15,False,25943.310546875,26172.12109375,-0.78,0.48,BAJO,,,,,,,,,,,,,,NONE,2.0252,2.4245,1.759,0.057055,0.4162,-0.844,83.71,,999,,,none,,,,,,,,,,-1.6647,-1.4763,0.3849,,13.0034,17.7028,26584.0605,26803.0293,,-2.2664,-3.0648,
^RUT,2870.285400390625,2870.2854,2026-09-15,False,2861.731689453125,2890.640380859375,-0.76,-0.37,BAJO,,,,,,,,,,,,,,NONE,2.0252,2.4245,1.759,0.057055,0.4162,-0.844,83.71,,999,,,none,,,,,,,,,,-3.0374,-2.9145,-3.5059,,10.2484,13.2055,3032.9399,3068.4199,,-5.3629,-6.4572,
^VIX,17.200000762939453,17.2,2026-09-15,False,16.790000915527344,18.030000686645508,0.58,8.15,BAJO,,,,,,,,,,,,,,NONE,2.0252,2.4245,1.759,0.057055,0.4162,-0.844,83.71,,999,,,none,,,,,,,,,,9.4148,5.2632,-8.3644,4.8141,145.3278,98.8822,17.84,20.66,,-3.5874,-16.7473,
^MOVE,83.70870208740234,83.7087,2026-09-15,False,83.70870208740234,83.90229797363281,-0.23,26.4,BAJO,,,,,,,,,,,,,,NONE,2.0252,2.4245,1.759,0.057055,0.4162,-0.844,83.71,,999,,,none,,,,,,,,,,9.9405,11.1374,22.8121,,52.5675,67.4187,83.9,83.9,,-0.228,-0.228,
^TNX,4.995999813079834,4.996,2026-09-15,False,4.986999988555908,5.015999794006348,0.71,13.77,BAJO,,,,,,,,,,,,,,NONE,2.0252,2.4245,1.759,0.057055,0.4162,-0.844,83.71,,999,,,none,,,,,,,,,,3.9534,5.0021,9.3456,11.7923,16.3986,13.6541,4.996,4.996,,0.0,0.0,
^IRX,3.9599997997283936,3.96,2026-09-15,False,3.9529998302459717,3.9599997997283936,0.64,11.43,BAJO,,,,,,,,,,,,,,NONE,2.0252,2.4245,1.759,0.057055,0.4162,-0.844,83.71,,999,,,none,,,,,,,,,,4.9007,6.1093,7.1139,9.4527,8.7805,11.5811,3.96,3.96,,0.0,0.0,
DX-Y.NYB,99.61199951171875,99.612,2026-09-15,False,99.47799682617188,99.68699645996094,0.15,1.96,BAJO,,,,,,,,,,,,,,NONE,2.0252,2.4245,1.759,0.057055,0.4162,-0.844,83.71,,999,,,none,,,,,,,,,,0.7811,0.183,-1.1099,-0.0181,2.3586,4.5205,99.7,101.61,,-0.0883,-1.9663,
^N225,63492.98828125,63492.9883,2026-09-14,False,62726.1796875,63691.53125,-0.81,-6.43,BAJO,,,,,,,,,,,,,,NONE,2.0252,2.4245,1.759,0.057055,0.4162,-0.844,83.71,,999,,,none,,,,,,,,,,-4.3778,-4.251,-6.2744,-8.4027,14.7323,31.0392,67460.7266,72366.3438,,-5.8816,-12.2617,
^MERV,3079778.75,3079778.75,2026-09-15,False,3057211.25,3100443.75,-0.15,-3.4,BAJO,,,,,,,,,,,,,,NONE,2.0252,2.4245,1.759,0.057055,0.4162,-0.844,83.71,,999,,,none,,,,,,,,,,0.1234,0.9944,-3.3115,-5.3746,22.1646,24.8701,3157852.0,3379772.0,,-2.4724,-8.8761,
^NYA,24128.45703125,24128.457,2026-09-15,False,24063.9140625,24205.388671875,-0.32,3.77,BAJO,,,,,,,,,,,,,,NONE,2.0252,2.4245,1.759,0.057055,0.4162,-0.844,83.71,,999,,,none,,,,,,,,,,-1.4081,-1.3633,0.7356,,10.6404,8.1203,24768.6504,24821.6797,,-2.5847,-2.7928,
^HSI,24917.599609375,24917.5996,2026-09-14,False,24662.109375,24926.240234375,0.45,2.28,BAJO,,,,,,,,,,,,,,NONE,2.0252,2.4245,1.759,0.057055,0.4162,-0.844,83.71,,999,,,none,,,,,,,,,,-1.9499,-2.54,-0.3639,0.3016,11.4883,17.2391,26009.4609,26009.4609,,-4.1979,-4.1979,
^TWII,45862.51953125,45862.5195,2026-09-14,False,45398.4296875,46050.23828125,-0.7,3.0,BAJO,,,,,,,,,,,,,,NONE,2.0252,2.4245,1.759,0.057055,0.4162,-0.844,83.71,,999,,,none,,,,,,,,,,-3.0929,-0.5765,0.5206,1.0255,11.6099,32.9612,47326.2695,47741.5117,,-3.0929,-3.9358,
^KS11,6684.3701171875,6684.3701,2026-09-14,False,6654.81982421875,6773.97021484375,-3.26,-19.81,BAJO,,,,,,,,,,,,,,NONE,2.0252,2.4245,1.759,0.057055,0.4162,-0.844,83.71,,999,,,none,,,,,,,,,,-4.4461,-1.989,-2.5152,-21.7835,31.7599,74.8206,7051.6401,9114.5498,,-5.2083,-26.6626,
^GDAXI,25440.810546875,25440.8105,2026-09-14,False,25325.51953125,25548.779296875,-0.5,4.17,BAJO,,,,,,,,,,,,,,NONE,2.0252,2.4245,1.759,0.057055,0.4162,-0.844,83.71,,999,,,none,,,,,,,,,,-2.1753,-3.1126,2.1084,2.0299,16.3592,13.0692,26569.9902,26569.9902,,-4.2498,-4.2498,
^FTSE,10658.1298828125,10658.1299,2026-09-15,False,10586.3896484375,10697.759765625,-0.37,4.16,BAJO,,,,,,,,,,,,,,NONE,2.0252,2.4245,1.759,0.057055,0.4162,-0.844,83.71,,999,,,none,,,,,,,,,,-1.4204,-1.2157,0.8128,1.4229,8.2568,8.5836,10886.2002,10908.4004,,-2.095,-2.2943,
^AEX,1098.3499755859375,1098.35,2026-09-14,False,1095.280029296875,1101.1800537109375,-0.04,4.1,BAJO,,,,,,,,,,,,,,NONE,2.0252,2.4245,1.759,0.057055,0.4162,-0.844,83.71,,999,,,none,,,,,,,,,,-1.5304,-0.671,-0.3656,1.4455,12.4534,9.0196,1116.05,1119.59,,-1.586,-1.8971,
^IBEX,19565.5,19565.5,2026-09-14,False,19511.5,19810.900390625,-1.38,4.78,BAJO,,,,,,,,,,,,,,NONE,2.0252,2.4245,1.759,0.057055,0.4162,-0.844,83.71,,999,,,none,,,,,,,,,,-2.279,-2.0456,1.3541,0.7394,18.0238,13.1074,20098.5996,20213.5996,,-2.6524,-3.2063,
FTSEMIB.MI,51629.0,51629.0,2026-09-13,False,51465.0,52378.0,-1.68,21.89,BAJO,,,,,,,,,,,,,,YAHOO,2.0252,2.4245,1.759,0.057055,0.4162,-0.844,83.71,,999,,,none,,,,,,,,,,-1.1507,-1.8703,-1.4225,-1.8367,20.0086,13.1155,53018.0,53717.0,53717.0,-2.6199,-3.887,-3.887
^SSMI,13878.5400390625,13878.54,2026-09-14,False,13829.9404296875,13998.8798828125,0.75,3.15,BAJO,,,,,,,,,,,,,,NONE,2.0252,2.4245,1.759,0.057055,0.4162,-0.844,83.71,,999,,,none,,,,,,,,,,-2.8071,-2.8551,-2.7241,0.4582,17.5949,10.8283,14542.9004,14633.7002,,-4.5683,-5.1604,
^OMXC25,1849.8179931640625,1849.818,2026-09-15,False,1837.433349609375,1861.2081298828125,-0.57,7.95,BAJO,,,,,,,,,,,,,,NONE,2.0252,2.4245,1.759,0.057055,0.4162,-0.844,83.71,,999,,,none,,,,,,,,,,-3.1235,-3.2456,-3.2947,,4.668,13.4405,1935.0699,1935.0699,,-4.4056,-4.4056,
^GSPTSE,35582.0703125,35582.0703,2026-09-15,False,35405.62890625,35705.328125,-0.34,2.85,BAJO,,,,,,,,,,,,,,NONE,2.0252,2.4245,1.759,0.057055,0.4162,-0.844,83.71,,999,,,none,,,,,,,,,,-1.4977,-1.898,0.4683,0.8688,11.0153,10.2795,36957.6016,36957.6016,,-3.7219,-3.7219,
^AXJO,8749.900390625,8749.9004,2026-09-14,False,8734.0,8768.2998046875,0.1,0.14,BAJO,,,,,,,,,,,,,,NONE,2.0252,2.4245,1.759,0.057055,0.4162,-0.844,83.71,,999,,,none,,,,,,,,,,-2.8965,-3.593,-1.0271,-2.4135,8.9177,9.3361,9164.5996,9271.5996,,-4.525,-5.6269,
^MXX,63507.109375,63507.1094,2026-09-15,False,63375.51953125,64375.8515625,-1.11,-4.91,BAJO,,,,,,,,,,,,,,NONE,2.0252,2.4245,1.759,0.057055,0.4162,-0.844,83.71,,999,,,none,,,,,,,,,,-2.3952,-1.5611,-4.693,-6.9699,11.8803,12.6929,66293.0703,67640.5938,,-4.2025,-6.111,
^BVSP,186502.640625,186502.6406,2026-09-15,False,185055.5625,187650.53125,0.54,11.42,BAJO,,,,,,,,,,,,,,NONE,2.0252,2.4245,1.759,0.057055,0.4162,-0.844,83.71,,999,,,none,,,,,,,,,,-0.4613,5.1199,7.2933,10.7143,16.9086,17.2797,188269.0,188269.0,,-0.9382,-0.9382,
HYG,78.37999725341797,78.38,2026-09-15,False,78.37999725341797,78.51000213623047,-0.19,4.39,BAJO,,,,,,,,,,,,,,YAHOO,2.0252,2.4245,1.759,0.057055,0.4162,-0.844,83.71,,999,,,none,,,,,,,,,,-0.9353,-1.2535,-0.7617,-0.6006,3.0109,2.6803,79.4844,79.4844,79.4844,-1.3895,-1.3895,-1.3895
LQD,104.27999877929688,104.28,2026-09-15,False,104.15499877929688,104.33499908447266,-0.02,-0.86,BAJO,,,,,,,,,,,,,,YAHOO,2.0252,2.4245,1.759,0.057055,0.4162,-0.844,83.71,,999,,,none,,,,,,,,,,-1.1377,-1.405,-2.1664,-3.1647,6.9588,5.2791,106.4133,108.3896,108.7168,-2.0047,-3.7915,-4.0811
TLT,80.70999908447266,80.71,2026-09-15,False,80.51000213623047,80.84500122070312,-0.27,-4.4,BAJO,,,-4035.5,0.54,,,,,,,,,,YAHOO,2.0252,2.4245,1.759,0.057055,0.4162,-0.844,83.71,,999,,,none,,,,,,,,,,-1.8126,-1.8186,-3.4014,-4.7526,9.4056,9.5023,83.1514,86.4474,88.4493,-2.9361,-6.6368,-8.75
GC=F,4335.10009765625,4335.1001,2026-09-15,False,4330.89990234375,4339.5,-0.39,1.6,BAJO,,,,,,,,,,,,,,NONE,2.0252,2.4245,1.759,0.057055,0.4162,-0.844,83.71,,999,,,none,,,,,,,,,,-2.3406,-3.2668,8.592,-0.3792,10.2015,23.0105,4697.7998,4697.7998,,-7.7206,-7.7206,
HG=F,6.468500137329102,6.4685,2026-09-15,False,6.459000110626221,6.473499774932861,2.19,1.76,BAJO,,,,,,,,,,,,,,NONE,2.0252,2.4245,1.759,0.057055,0.4162,-0.844,83.71,,999,,,none,,,,,,,,,,-4.0139,-1.8958,2.7398,-0.216,48.4612,24.6676,6.8035,6.8035,,-4.9239,-4.9239,
CL=F,105.38999938964844,105.39,2026-09-15,False,105.23999786376953,105.62999725341797,3.95,32.49,BAJO,,,,,,,,,,,,,,NONE,2.0252,2.4245,1.759,0.057055,0.4162,-0.844,83.71,,999,,,none,,,,,,,,,,13.286,22.8895,33.4896,30.5139,61.2894,50.9347,105.39,105.39,,0.0,0.0,
ZS=F,1319.25,1319.25,2026-09-15,False,1294.25,1319.5,2.65,19.85,BAJO,,,,,,,,,,,,,,NONE,2.0252,2.4245,1.759,0.057055,0.4162,-0.844,83.71,,999,,,none,,,,,,,,,,1.286,3.4503,10.3975,17.8691,36.8593,20.8737,1319.25,1319.25,,0.0,0.0,
ZC=F,535.75,535.75,2026-09-15,False,527.25,536.25,4.64,30.92,BAJO,,,,,,,,,,,,,,NONE,2.0252,2.4245,1.759,0.057055,0.4162,-0.844,83.71,,999,,,none,,,,,,,,,,4.8434,4.0291,21.3477,28.941,36.8509,26.3865,535.75,535.75,,0.0,0.0,
BTC-USD,75683.8984375,75683.8984,2026-09-15,False,74984.84375,78232.375,-3.17,-32.46,BAJO,1520125214720.0,,,,,,,,,,,,,YAHOO,2.0252,2.4245,1.759,0.057055,0.4162,-0.844,83.71,,999,,,none,,,,,,,,,,-1.1548,-5.1864,18.1528,16.5154,32.3789,32.6722,81271.7422,81271.7422,96929.3281,-6.8755,-6.8755,-21.9185
ETH-USD,2398.18994140625,2398.1899,2026-09-15,False,2358.6552734375,2518.686279296875,-4.62,-45.05,BAJO,292603756544.0,,,,,,,,,,,,,YAHOO,2.0252,2.4245,1.759,0.057055,0.4162,-0.844,83.71,,999,,,none,,,,,,,,,,-1.5965,-3.3275,28.3562,26.9233,43.2735,49.4007,2525.9446,2525.9446,3354.7227,-5.0577,-5.0577,-28.513
IBIT,43.11000061035156,43.11,2026-09-15,False,42.369998931884766,43.76499938964844,-3.64,-32.21,BAJO,,,,,,,,,,,,,,YAHOO,2.0252,2.4245,1.759,0.057055,0.4162,-0.844,83.71,,999,,,none,,,,,,,,,,-2.8835,-3.4923,18.4666,14.2289,39.3527,37.9404,46.35,46.35,71.29,-6.9903,-6.9903,-39.5287
SPY,757.3900146484375,757.39,2026-09-15,False,756.1500244140625,760.3400268554688,-0.46,17.85,BAJO,,24.47,,1.76,,,,,,,,,,YAHOO,2.0252,2.4245,1.759,0.057055,0.4162,-0.844,83.71,,999,,,none,,,,,,,,,,-1.1189,-1.2594,0.8885,0.5976,10.8023,11.5675,773.17,777.88,777.88,-2.0409,-2.6341,-2.6341
QQQ,704.5399780273438,704.54,2026-09-15,False,703.635009765625,709.5299072265625,-0.65,21.63,BAJO,,28.72,,1.97,,,,,,,,,,YAHOO,2.0252,2.4245,1.759,0.057055,0.4162,-0.844,83.71,,999,,,none,,,,,,,,,,-1.9238,-1.7049,-0.1983,-5.1997,13.8523,21.2089,721.11,737.95,745.3409,-2.2978,-4.5274,-5.4741
DIA,521.22998046875,521.23,2026-09-15,False,519.2100219726562,523.6400146484375,-0.62,17.01,BAJO,,21.16,,,,,,,,,,,,YAHOO,2.0252,2.4245,1.759,0.057055,0.4162,-0.844,83.71,,999,,,none,,,,,,,,,,-1.2878,-1.9452,-0.5754,0.9247,11.9993,11.3578,536.93,542.3603,542.3603,-2.924,-3.896,-3.896
IWM,285.1400146484375,285.14,2026-09-15,False,284.0799865722656,286.92999267578125,-0.96,22.35,BAJO,,16.79,,1.3,,,,,,,,,,YAHOO,2.0252,2.4245,1.759,0.057055,0.4162,-0.844,83.71,,999,,,none,,,,,,,,,,-3.2341,-2.9905,-3.5353,-3.2243,10.5827,13.2023,301.72,305.09,305.09,-5.4952,-6.539,-6.539
GLD,394.1499938964844,394.15,2026-09-15,False,391.80999755859375,395.29998779296875,0.33,18.28,BAJO,,,,2.32,,,,,,,,,,YAHOO,2.0252,2.4245,1.759,0.057055,0.4162,-0.844,83.71,,999,,,none,,,,,,,,,,-1.3935,-3.494,7.9981,-0.6052,19.2197,24.9921,428.07,428.07,495.9,-7.9239,-7.9239,-20.5182
SLV,57.529998779296875,57.53,2026-09-15,False,56.95000076293945,57.75,1.21,50.4,BAJO,,,,,,,,,,,,,,YAHOO,2.0252,2.4245,1.759,0.057055,0.4162,-0.844,83.71,,999,,,none,,,,,,,,,,-3.0992,-4.324,14.1695,-9.3588,49.1977,41.427,62.77,62.77,105.6,-8.3479,-8.3479,-45.5208
XLY,110.87999725341797,110.88,2026-09-15,False,110.55999755859375,112.61000061035156,-1.75,-5.18,BAJO,,24.23,,,,,,,,,,,,YAHOO,2.0252,2.4245,1.759,0.057055,0.4162,-0.844,83.71,,999,,,none,,,,,,,,,,-2.7283,-4.8975,-5.5054,-6.2993,17.3078,20.2898,118.59,119.86,124.0232,-6.5014,-7.4921,-10.5974
XLV,167.66000366210938,167.66,2026-09-15,False,166.1782989501953,168.10000610351562,-0.05,26.56,BAJO,,29.95,,,,,,,,,,,,YAHOO,2.0252,2.4245,1.759,0.057055,0.4162,-0.844,83.71,,999,,,none,,,,,,,,,,0.3171,-1.6887,3.6218,10.1442,13.964,19.5546,175.68,175.68,175.68,-4.5651,-4.5651,-4.5651
XLRE,43.06999969482422,43.07,2026-09-15,False,42.70500183105469,43.14500045776367,-0.12,7.31,BAJO,,30.7,,,,,,,,,,,,YAHOO,2.0252,2.4245,1.759,0.057055,0.4162,-0.844,83.71,,999,,,none,,,,,,,,,,-1.8907,-2.3577,-5.2574,-3.4287,12.1811,13.8871,45.36,46.01,46.01,-5.0485,-6.3899,-6.3899
XLK,183.74000549316406,183.74,2026-09-15,False,183.46499633789062,185.07000732421875,-0.29,37.13,BAJO,,32.53,,,,,,,,,,,,YAHOO,2.0252,2.4245,1.759,0.057055,0.4162,-0.844,83.71,,999,,,none,,,,,,,,,,-2.1983,-1.4799,3.5038,-4.0831,22.2473,29.5631,188.61,192.15,197.974,-2.582,-4.3768,-7.1898
XLI,168.85000610351562,168.85,2026-09-15,False,168.4199981689453,171.02999877929688,-0.64,14.29,BAJO,,27.41,,1.72,,,,,,,,,,YAHOO,2.0252,2.4245,1.759,0.057055,0.4162,-0.844,83.71,,999,,,none,,,,,,,,,,-3.1934,-3.5859,-6.2725,-5.2689,16.7501,16.6988,183.57,186.51,186.51,-8.0187,-9.4687,-9.4687
XLF,56.849998474121094,56.85,2026-09-15,False,56.459999084472656,56.98379898071289,-0.32,9.53,BAJO,,16.12,,1.67,,,,,,,,,,YAHOO,2.0252,2.4245,1.759,0.057055,0.4162,-0.844,83.71,,999,,,none,,,,,,,,,,-0.7853,-1.4902,0.1762,6.5145,8.0497,12.6521,58.56,58.56,58.56,-2.9201,-2.9201,-2.9201
XLE,65.93000030517578,65.93,2026-09-15,False,64.81500244140625,66.11499786376953,2.17,55.96,BAJO,,18.29,,1.27,,,,,,,,,,YAHOO,2.0252,2.4245,1.759,0.057055,0.4162,-0.844,83.71,,999,,,none,,,,,,,,,,1.791,3.0801,15.6261,19.5418,22.0525,20.5694,65.93,65.93,65.93,0.0,0.0,0.0
XLC,114.02999877929688,114.03,2026-09-15,False,113.82499694824219,114.66000366210938,-0.9,-0.99,BAJO,,15.73,,,,,,,,,,,,YAHOO,2.0252,2.4245,1.759,0.057055,0.4162,-0.844,83.71,,999,,,none,,,,,,,,,,2.2507,2.3058,1.225,1.9045,20.2726,19.6632,115.07,115.07,119.3874,-0.9038,-0.9038,-4.4874
XLB,50.72999954223633,50.73,2026-09-15,False,50.2599983215332,50.744998931884766,0.48,15.58,BAJO,,23.67,,0.64,,,,,,,,,,YAHOO,2.0252,2.4245,1.759,0.057055,0.4162,-0.844,83.71,,999,,,none,,,,,,,,,,-2.3296,-3.7199,-0.3144,-3.0101,13.824,17.5721,53.67,53.67,53.67,-5.4779,-5.4779,-5.4779
XLP,83.7300033569336,83.73,2026-09-15,False,83.56500244140625,84.05500030517578,-0.82,10.36,BAJO,,24.77,,1.23,,,,,,,,,,YAHOO,2.0252,2.4245,1.759,0.057055,0.4162,-0.844,83.71,,999,,,none,,,,,,,,,,-0.3451,-1.4709,-2.424,-1.3676,13.5225,16.7845,87.45,87.45,88.8894,-4.2539,-4.2539,-5.8043
XLU,41.31999969482422,41.32,2026-09-15,False,41.290000915527344,41.939998626708984,-1.2,1.1,BAJO,,18.61,,0.65,,,,,,,,,,YAHOO,2.0252,2.4245,1.759,0.057055,0.4162,-0.844,83.71,,999,,,none,,,,,,,,,,-4.9022,-2.1549,-9.1269,-7.0544,7.2849,14.6394,44.02,46.29,47.0979,-6.1336,-10.7367,-12.2678
PSQ,26.31999969482422,26.32,2026-09-15,False,26.145000457763672,26.35770034790039,0.69,-12.09,BAJO,,,,,,,,,,,,,,YAHOO,2.0252,2.4245,1.759,0.057055,0.4162,-0.844,83.71,,999,,,none,,,,,,,,,,2.0946,1.976,0.6886,6.0017,14.2061,21.3057,26.32,27.91,33.0172,0.0,-5.6969,-20.2839
EWZ,37.779998779296875,37.78,2026-09-15,False,37.560001373291016,38.06999969482422,0.16,31.36,BAJO,,10.99,,1.03,,,,,,,,,,YAHOO,2.0252,2.4245,1.759,0.057055,0.4162,-0.844,83.71,,999,,,none,,,,,,,,,,-2.1497,4.8571,6.9346,9.0647,18.2818,22.0714,38.61,38.61,41.3365,-2.1497,-2.1497,-8.6037
FXI,34.400001525878906,34.4,2026-09-15,False,34.369998931884766,34.540000915527344,-1.26,-12.11,BAJO,,9.11,,,,,,,,,,,,YAHOO,2.0252,2.4245,1.759,0.057055,0.4162,-0.844,83.71,,999,,,none,,,,,,,,,,-1.7143,-2.7424,-0.3765,-2.0222,16.0899,18.0436,35.88,36.52,40.9939,-4.1249,-5.805,-16.085
COPX,84.58999633789062,84.59,2026-09-15,False,83.66500091552734,85.55999755859375,-1.2,62.13,BAJO,,15.56,,,,,,,,,,,,YAHOO,2.0252,2.4245,1.759,0.057055,0.4162,-0.844,83.71,,999,,,none,,,,,,,,,,-10.373,-8.9059,13.2699,-5.4922,48.1998,45.3759,96.45,96.45,96.45,-12.2965,-12.2965,-12.2965
URA,41.77000045776367,41.77,2026-09-15,False,41.48500061035156,42.47999954223633,-1.0,-2.84,BAJO,,26.31,,,,,,,,,,,,YAHOO,2.0252,2.4245,1.759,0.057055,0.4162,-0.844,83.71,,999,,,none,,,,,,,,,,-12.0632,-8.218,6.8013,-13.0878,20.3204,43.8416,48.37,48.37,61.81,-13.6448,-13.6448,-32.4219
ARKK,83.48999786376953,83.49,2026-09-15,False,82.91999816894531,84.31999969482422,-1.45,6.71,BAJO,,53.89,,,,,,,,,,,,YAHOO,2.0252,2.4245,1.759,0.057055,0.4162,-0.844,83.71,,999,,,none,,,,,,,,,,-3.0088,-2.4308,8.8953,4.8474,24.4645,36.8521,87.38,87.38,92.53,-4.4518,-4.4518,-9.7698
ITA,214.0,214.0,2026-09-15,False,212.6649932861328,217.63499450683594,-1.28,8.55,BAJO,,32.48,,,,,,,,,,,,YAHOO,2.0252,2.4245,1.759,0.057055,0.4162,-0.844,83.71,,999,,,none,,,,,,,,,,-4.2634,-6.2842,-7.3152,-9.8568,11.1579,21.4017,252.16,253.22,253.22,-15.1332,-15.4885,-15.4885
SMH,542.1099853515625,542.11,2026-09-15,False,540.10498046875,548.1900024414062,0.11,79.01,BAJO,,37.03,,,,,,,,,,,,YAHOO,2.0252,2.4245,1.759,0.057055,0.4162,-0.844,83.71,,999,,,none,,,,,,,,,,-5.5113,-2.6086,-4.7124,-16.2247,43.8317,45.6188,574.29,668.91,668.91,-5.6034,-18.9562,-18.9562
EEM,65.76000213623047,65.76,2026-09-15,False,65.55999755859375,66.13500213623047,-0.35,29.35,BAJO,,13.99,,,,,,,,,,,,YAHOO,2.0252,2.4245,1.759,0.057055,0.4162,-0.844,83.71,,999,,,none,,,,,,,,,,-4.4603,-1.88,2.4459,-5.7204,28.7421,27.3768,68.83,71.21,71.21,-4.4603,-7.6534,-7.6534
AAPL,331.3399963378906,331.34,2026-09-15,False,328.3500061035156,331.760009765625,-0.52,42.48,BAJO,4835635625984.0,37.95,34.58,45.02,148.75,27.08,32.62,27.62,2.23,29.07,0.78,1.0,8.0,YAHOO,2.0252,2.4245,1.759,0.057055,0.4162,-0.844,83.71,2026-10-29,44,,,yahoo,1.0,1.0,1.0,0.0,1.0,1.0,1.0,1.0,1.0,4.7815,4.5731,-0.4904,11.877,28.6049,32.4098,333.08,339.7869,339.7869,-0.5224,-2.4859,-2.4859
MSFT,497.1199951171875,497.12,2026-09-15,False,495.5400085449219,505.8999938964844,-1.64,-0.77,BAJO,3691387289600.0,27.71,21.07,8.35,34.04,14.09,45.11,40.3,0.45,19.59,0.29,1.23,6.0,YAHOO,2.0252,2.4245,1.759,0.057055,0.4162,-0.844,83.71,2026-10-28,43,,,yahoo,1.0,1.0,1.0,1.0,1.0,0.0,1.0,0.0,0.0,0.6418,-2.0048,24.1725,24.5887,23.7302,42.8557,513.53,513.53,537.6464,-3.1955,-3.1955,-7.5377
NVDA,212.1699981689453,212.17,2026-09-15,False,211.16000366210938,213.94000244140625,0.57,21.63,BAJO,5123268935680.0,26.82,13.59,22.37,117.21,53.57,66.24,63.66,0.82,25.14,0.17,4.59,4.0,YAHOO,2.0252,2.4245,1.759,0.057055,0.4162,-0.844,83.71,2026-11-17,63,2026-08-26,20.0,yahoo,1.0,0.0,1.0,0.0,1.0,0.0,1.0,0.0,0.0,-5.902,-3.7923,2.4144,-0.02,29.386,40.7005,230.1025,230.1025,235.2024,-7.7933,-7.7933,-9.7926
META,670.239990234375,670.24,2026-09-15,False,656.2000122070312,678.8699951171875,0.7,-10.09,BAJO,1707440472064.0,25.23,19.17,6.54,29.85,14.59,34.83,29.83,1.26,15.66,0.43,2.23,5.0,YAHOO,2.0252,2.4245,1.759,0.057055,0.4162,-0.844,83.71,2026-10-28,43,,,yahoo,1.0,0.0,1.0,1.0,0.0,0.0,1.0,1.0,0.0,9.2521,17.1052,0.8577,12.9339,26.8147,45.8245,670.24,681.31,777.701,0.0,-1.6248,-13.8178
GOOGL,344.9800109863281,344.98,2026-09-15,False,342.70001220703125,348.07000732421875,-1.26,39.44,BAJO,4219083161600.0,17.32,23.22,6.78,48.68,12.96,34.03,54.77,0.54,24.08,0.19,2.72,6.0,YAHOO,2.0252,2.4245,1.759,0.057055,0.4162,-0.844,83.71,2026-10-28,43,,,yahoo,1.0,0.0,1.0,1.0,0.0,1.0,1.0,1.0,0.0,1.9565,1.7244,-2.6119,-6.538,30.085,35.5482,349.39,377.4074,402.1212,-1.2622,-8.5921,-14.2099
AMZN,248.4199981689453,248.42,2026-09-15,False,247.22000122070312,253.27000427246094,-2.02,9.32,BAJO,2679535828992.0,20.0,23.89,4.86,30.56,6.59,13.69,17.44,0.12,16.95,0.46,1.03,6.0,YAHOO,2.0252,2.4245,1.759,0.057055,0.4162,-0.844,83.71,2026-10-29,44,,,yahoo,1.0,1.0,1.0,1.0,1.0,0.0,0.0,1.0,0.0,-3.3272,-4.3692,-0.5883,0.9755,27.3196,42.8856,266.43,284.02,284.02,-6.7597,-12.5343,-12.5343
TSLA,356.5799865722656,356.58,2026-09-15,False,354.04998779296875,362.3900146484375,-0.67,-11.06,BAJO,1408329580544.0,330.17,165.19,16.21,4.67,1.93,1.41,3.67,0.34,129.33,0.18,1.94,5.0,YAHOO,2.0252,2.4245,1.759,0.057055,0.4162,-0.844,83.71,2026-10-21,36,,,yahoo,1.0,0.0,1.0,1.0,0.0,1.0,0.0,1.0,0.0,-3.1454,-3.0901,-8.8171,-13.2725,15.3828,57.6486,376.37,425.3,489.88,-5.2581,-16.158,-27.2107
MSTR,129.60000610351562,129.6,2026-09-15,False,125.44000244140625,133.99989318847656,-5.36,-58.48,BAJO,51487707136.0,,2.62,1.56,-63.56,-38.73,-6808.11,0.0,-43.87,-1.96,0.15,5.39,3.0,YAHOO,2.0252,2.4245,1.759,0.057055,0.4162,-0.844,83.71,2026-10-29,44,,,yahoo,0.0,0.0,0.0,1.0,1.0,1.0,0.0,0.0,0.0,-5.0689,-2.5124,37.8284,-1.1743,71.9962,89.2766,144.82,144.82,359.69,-10.5096,-10.5096,-63.969
PLTR,172.55999755859375,172.56,2026-09-15,False,169.4499969482422,176.58999633789062,-0.43,2.77,BAJO,414671765504.0,146.24,74.19,42.42,38.1,17.29,47.12,49.01,0.52,153.0,0.02,7.23,8.0,YAHOO,2.0252,2.4245,1.759,0.057055,0.4162,-0.844,83.71,2026-11-02,48,,,yahoo,1.0,1.0,1.0,1.0,1.0,1.0,0.0,1.0,1.0,1.3271,-7.415,28.3547,28.0974,38.7823,81.0988,186.38,186.38,207.18,-7.415,-7.415,-16.7101
SNOW,322.9800109863281,322.98,2026-09-15,False,318.5000915527344,328.6600036621094,-2.82,45.02,BAJO,113947344896.0,,107.37,52.96,-48.06,-9.02,-17.0,-20.07,1.53,-113.43,1.29,0.94,5.0,YAHOO,2.0252,2.4245,1.759,0.057055,0.4162,-0.844,83.71,2026-12-02,78,2026-09-02,13.0,yahoo,0.0,0.0,1.0,1.0,1.0,0.0,0.0,1.0,1.0,-3.7317,-2.5496,19.6134,34.1391,25.4264,52.4655,356.47,356.47,356.47,-9.3949,-9.3949,-9.3949
CRWD,242.49000549316406,242.49,2026-09-15,False,232.11000061035156,243.97999572753906,3.02,120.06,BAJO,248293965824.0,4849.8,151.0,48.66,1.46,-0.78,-2.26,0.83,0.8,2216.51,0.16,1.57,4.0,YAHOO,2.0252,2.4245,1.759,0.057055,0.4162,-0.844,83.71,2026-12-01,77,2026-08-26,20.0,yahoo,0.0,0.0,1.0,1.0,1.0,1.0,0.0,0.0,0.0,15.4604,4.974,19.0077,39.9836,106.6233,74.366,242.49,242.49,242.49,0.0,0.0,0.0
PANW,375.0899963378906,375.09,2026-09-15,False,366.79998779296875,380.443115234375,0.31,88.33,BAJO,306823626752.0,914.85,76.88,11.15,1.74,1.4,5.4,2.67,1.38,195.76,0.09,0.87,3.0,YAHOO,2.0252,2.4245,1.759,0.057055,0.4162,-0.844,83.71,2026-11-19,65,2026-09-01,14.0,yahoo,1.0,0.0,1.0,1.0,0.0,0.0,0.0,0.0,0.0,11.3093,-1.8423,5.9606,31.8233,108.9531,64.1376,382.85,396.0,396.0,-2.0269,-5.2803,-5.2803
ADBE,257.760009765625,257.76,2026-09-15,False,257.2522888183594,264.464599609375,-2.95,-23.76,BAJO,102459604992.0,14.4,9.32,8.65,61.9,19.73,34.82,28.05,8.91,10.87,0.57,0.77,7.0,YAHOO,2.0252,2.4245,1.759,0.057055,0.4162,-0.844,83.71,2026-12-09,85,2026-09-10,5.0,yahoo,1.0,1.0,1.0,1.0,0.0,0.0,1.0,1.0,1.0,0.1944,-11.9642,9.5406,24.9079,60.6707,48.7669,292.79,292.79,367.46,-11.9642,-11.9642,-29.8536
CRM,255.64999389648438,255.65,2026-09-15,False,255.0800018310547,262.3349914550781,-1.46,8.28,BAJO,210399952896.0,23.41,15.96,5.48,19.38,5.7,21.38,21.99,8.43,18.95,1.1,0.84,7.0,YAHOO,2.0252,2.4245,1.759,0.057055,0.4162,-0.844,83.71,2026-12-02,78,2026-08-26,20.0,yahoo,1.0,1.0,1.0,1.0,0.0,0.0,1.0,1.0,1.0,2.6212,-0.7339,48.0484,55.3631,43.8172,62.2267,264.43,264.43,264.8822,-3.3203,-3.3203,-3.4854
MU,927.5999755859375,927.6,2026-09-15,False,920.1300048828125,944.8900146484375,0.39,490.87,BAJO,1047625072640.0,20.96,5.94,10.4,66.64,34.87,80.37,55.91,0.73,15.01,0.06,3.42,7.0,YAHOO,2.0252,2.4245,1.759,0.057055,0.4162,-0.844,83.71,2026-09-30,15,,,yahoo,1.0,1.0,1.0,1.0,1.0,0.0,0.0,1.0,1.0,-7.2641,-3.247,8.7201,-14.7287,47.5069,91.1592,1027.77,1213.3734,1213.3734,-9.7463,-23.552,-23.552
INTC,97.13999938964844,97.14,2026-09-15,False,96.52050018310547,100.4800033569336,-0.05,294.15,BAJO,513492254720.0,,47.51,5.6,-10.71,1.41,12.19,-19.79,0.95,31.27,0.49,1.6,6.0,YAHOO,2.0252,2.4245,1.759,0.057055,0.4162,-0.844,83.71,2026-10-22,37,,,yahoo,0.0,1.0,1.0,1.0,1.0,1.0,0.0,1.0,0.0,-7.0164,8.5242,0.165,-24.0263,65.1911,72.2523,106.24,140.94,140.94,-8.5655,-31.0771,-31.0771
AMAT,421.1700134277344,421.17,2026-09-15,False,416.760009765625,429.9599914550781,-0.72,149.74,BAJO,334239432704.0,36.37,22.82,13.04,41.07,15.48,33.74,30.05,0.92,32.97,0.29,2.42,6.0,YAHOO,2.0252,2.4245,1.759,0.057055,0.4162,-0.844,83.71,2026-11-12,58,,,yahoo,1.0,0.0,1.0,1.0,0.0,1.0,1.0,1.0,0.0,-10.9182,-8.1197,-24.8355,-28.0241,53.2513,79.6427,513.7806,722.2277,722.2277,-18.0253,-41.6846,-41.6846
TXN,263.42999267578125,263.43,2026-09-15,False,262.260009765625,267.70001220703125,0.0,53.63,BAJO,240576823296.0,39.97,24.75,13.36,35.18,13.06,42.58,31.11,1.47,26.01,0.78,4.86,7.0,YAHOO,2.0252,2.4245,1.759,0.057055,0.4162,-0.844,83.71,2026-10-27,42,,,yahoo,1.0,1.0,1.0,1.0,0.0,1.0,1.0,0.0,1.0,1.7418,0.9658,-9.0795,-15.4979,40.3638,42.2038,272.24,330.5874,330.5874,-3.2361,-20.3146,-20.3146
TSM,413.75,413.75,2026-09-15,False,412.54998779296875,421.94000244140625,-1.02,62.02,BAJO,2145903575040.0,30.65,18.87,84.67,39.97,19.0,60.34,49.92,34.06,4.72,0.17,2.46,9.0,YAHOO,2.0252,2.4245,1.759,0.057055,0.4162,-0.844,83.71,2026-10-15,30,,,yahoo,1.0,1.0,1.0,1.0,1.0,1.0,1.0,1.0,1.0,-5.7517,-0.378,0.9787,-6.2642,31.0269,42.69,439.0,477.57,477.57,-5.7517,-13.3635,-13.3635
AMD,504.20001220703125,504.2,2026-09-15,False,497.510986328125,513.6649780273438,2.19,214.83,BAJO,823093886976.0,129.28,32.38,12.24,10.2,5.13,17.25,15.58,1.07,83.31,0.06,2.61,7.0,YAHOO,2.0252,2.4245,1.759,0.057055,0.4162,-0.844,83.71,2026-11-03,49,,,yahoo,1.0,1.0,1.0,1.0,0.0,1.0,0.0,1.0,1.0,-0.3045,7.1125,0.6508,-7.8683,57.4184,69.2554,521.1,580.91,580.91,-3.2431,-13.2051,-13.2051
ASML,1591.47998046875,1591.48,2026-09-15,False,1575.780029296875,1614.7550048828125,1.04,86.68,BAJO,611287433216.0,54.02,26.54,1342.15,53.94,16.45,37.06,30.11,1.38,2491.5,0.09,1.33,8.0,YAHOO,2.0252,2.4245,1.759,0.057055,0.4162,-0.844,83.71,2026-10-14,29,,,yahoo,1.0,1.0,1.0,1.0,1.0,0.0,1.0,1.0,1.0,-9.8235,-6.1633,-10.7196,-15.8043,60.7797,50.4417,1802.98,1986.8704,1986.8704,-11.7306,-19.9002,-19.9002
MRVL,221.6999969482422,221.7,2026-09-15,False,220.9199981689453,227.61990356445312,1.32,231.46,BAJO,199242809344.0,73.41,32.79,10.66,16.52,4.12,16.68,27.93,1.21,67.8,0.29,3.17,8.0,YAHOO,2.0252,2.4245,1.759,0.057055,0.4162,-0.844,83.71,2026-12-01,77,2026-08-27,19.0,yahoo,1.0,1.0,1.0,0.0,1.0,1.0,1.0,1.0,1.0,-1.6459,4.7435,17.7376,-28.2069,79.8775,88.5931,251.01,307.7841,316.352,-11.6768,-27.969,-29.9198
QCOM,187.8000030517578,187.8,2026-09-15,False,180.9949951171875,190.05999755859375,4.25,20.89,BAJO,200581758976.0,21.44,18.4,7.18,33.75,11.61,18.53,21.01,5.11,16.35,0.55,2.02,6.0,YAHOO,2.0252,2.4245,1.759,0.057055,0.4162,-0.844,83.71,2026-10-29,44,,,yahoo,1.0,0.0,1.0,1.0,0.0,1.0,1.0,0.0,1.0,7.8752,10.7591,10.6747,-14.4866,37.9667,46.8019,187.8,220.6988,248.7425,0.0,-14.9067,-24.5002
COIN,172.11000061035156,172.11,2026-09-15,False,168.07000732421875,184.13499450683594,-10.1,-45.39,BAJO,45408972800.0,,61.68,3.47,-7.85,1.12,-13.92,-16.34,5.88,69.17,0.51,2.42,4.0,YAHOO,2.0252,2.4245,1.759,0.057055,0.4162,-0.844,83.71,2026-10-29,44,,,yahoo,1.0,0.0,1.0,1.0,0.0,1.0,0.0,0.0,0.0,-3.8169,-8.5105,7.2403,1.468,127.0802,77.4103,192.7,192.7,387.27,-10.685,-10.685,-55.5581
SHOP,129.86000061035156,129.86,2026-09-15,False,129.64999389648438,133.24000549316406,-3.01,-10.21,BAJO,168513437696.0,87.15,53.15,13.2,15.54,10.19,17.55,14.53,0.94,69.94,0.01,5.35,5.0,YAHOO,2.0252,2.4245,1.759,0.057055,0.4162,-0.844,83.71,2026-11-03,49,,,yahoo,1.0,0.0,1.0,1.0,0.0,1.0,0.0,0.0,1.0,-3.1618,-11.8817,3.8382,15.4414,46.8728,64.1853,154.33,158.53,179.01,-15.8556,-18.0849,-27.4566
RBLX,50.2400016784668,50.24,2026-09-15,False,49.900001525878906,51.27000045776367,-2.05,-61.42,BAJO,35890249728.0,,-40.33,235.87,-432.28,-7.73,-13.27,-17.61,4.11,-42.01,14.23,0.82,6.0,YAHOO,2.0252,2.4245,1.759,0.057055,0.4162,-0.844,83.71,2026-10-29,44,,,yahoo,0.0,1.0,1.0,1.0,1.0,0.0,0.0,1.0,1.0,12.0928,21.676,-6.9802,10.0307,103.4032,82.3578,51.29,57.95,141.56,-2.0472,-13.3046,-64.5097
UBER,71.43000030517578,71.43,2026-09-15,False,71.30999755859375,72.3949966430664,-1.65,-25.76,BAJO,145900077056.0,15.66,16.21,5.33,37.16,6.88,13.32,17.34,4.97,21.24,0.52,0.84,6.0,YAHOO,2.0252,2.4245,1.759,0.057055,0.4162,-0.844,83.71,2026-11-03,49,,,yahoo,1.0,0.0,1.0,1.0,0.0,1.0,1.0,1.0,0.0,-2.3246,-5.5783,-3.5251,-1.9492,29.4002,41.6299,80.35,80.35,100.1,-11.1014,-11.1014,-28.6414
HPQ,33.81999969482422,33.82,2026-09-15,False,33.380001068115234,34.78499984741211,-0.59,30.06,BAJO,30498570240.0,12.91,10.78,-331.57,,5.63,5.4,4.14,11.11,7.95,,0.79,5.0,YAHOO,2.0252,2.4245,1.759,0.057055,0.4162,-0.844,83.71,2026-11-24,70,2026-08-26,20.0,yahoo,1.0,0.0,1.0,1.0,0.0,1.0,1.0,0.0,0.0,9.5562,13.7531,41.4609,38.8157,83.6681,49.3909,35.48,35.48,35.48,-4.6787,-4.6787,-4.6787
BIDU,90.38999938964844,90.39,2026-09-15,False,90.0999984741211,91.77999877929688,-1.64,-19.3,BAJO,30860996608.0,,11.68,0.76,-1.39,1.2,9.65,-2.9,,0.05,0.38,2.33,2.0,YAHOO,2.0252,2.4245,1.759,0.057055,0.4162,-0.844,83.71,2026-11-18,64,2026-08-18,28.0,yahoo,1.0,0.0,0.0,0.0,0.0,0.0,1.0,0.0,0.0,-2.3339,-5.1322,-19.8812,-22.5782,21.4288,46.3965,99.47,117.94,162.52,-9.1284,-23.3593,-44.3822
SPOT,558.260009765625,558.26,2026-09-15,False,548.5050048828125,561.8200073242188,0.35,-18.62,BAJO,114769444864.0,30.23,31.21,11.72,44.48,12.19,13.71,18.43,1.34,40.2,0.06,2.11,5.0,YAHOO,2.0252,2.4245,1.759,0.057055,0.4162,-0.844,83.71,2026-11-03,49,,,yahoo,1.0,1.0,1.0,1.0,0.0,0.0,0.0,1.0,0.0,5.6031,2.6931,17.2618,16.3405,44.3071,38.7263,560.11,560.11,738.53,-0.3303,-0.3303,-24.4093
AVGO,339.2699890136719,339.27,2026-09-15,False,337.9150085449219,347.2598876953125,-1.58,-4.16,BAJO,1619549356032.0,43.33,17.5,16.25,44.25,15.37,54.31,42.94,1.89,32.17,0.6,2.5,8.0,YAHOO,2.0252,2.4245,1.759,0.057055,0.4162,-0.844,83.71,2026-12-09,85,2026-09-02,13.0,yahoo,1.0,1.0,1.0,1.0,1.0,1.0,0.0,1.0,1.0,-7.9471,-8.3896,-9.3951,-13.7414,34.3502,40.5944,380.0,427.76,480.8091,-10.7184,-20.6868,-29.4377
ACN,193.39999389648438,193.4,2026-09-15,False,190.52999877929688,197.6300048828125,-0.82,-15.04,BAJO,118349594624.0,15.45,13.18,3.71,24.41,10.9,16.96,10.66,10.21,9.21,0.25,1.34,5.0,YAHOO,2.0252,2.4245,1.759,0.057055,0.4162,-0.844,83.71,2026-10-01,16,,,yahoo,1.0,0.0,1.0,1.0,0.0,1.0,1.0,0.0,0.0,8.0266,1.9182,33.739,18.3633,46.695,46.5908,195.0,195.0,282.7142,-0.8205,-0.8205,-31.5917
NFLX,77.9000015258789,77.9,2026-09-15,False,77.45999908447266,79.48079681396484,-3.01,-33.23,BAJO,324370890752.0,24.5,20.39,10.76,49.54,16.08,33.38,28.22,7.83,23.22,0.55,1.14,7.0,YAHOO,2.0252,2.4245,1.759,0.057055,0.4162,-0.844,83.71,2026-10-20,35,,,yahoo,1.0,1.0,1.0,0.0,1.0,0.0,1.0,1.0,1.0,1.4719,-3.8865,4.7747,-4.6161,45.8388,37.0364,82.73,82.73,124.135,-5.8383,-5.8383,-37.2457
NIO,3.5999999046325684,3.6,2026-09-15,False,3.549999952316284,3.700000047683716,-1.91,-42.55,BAJO,9020401664.0,,28.36,14.83,-45.32,-2.02,-1.08,-4.17,,1.55,2.03,1.02,6.0,YAHOO,2.0252,2.4245,1.759,0.057055,0.4162,-0.844,83.71,2026-11-24,70,2026-09-01,14.0,yahoo,0.0,1.0,1.0,1.0,1.0,0.0,0.0,1.0,1.0,-5.0132,-14.8936,-27.8557,-30.7692,43.1594,36.8312,4.63,5.09,7.89,-22.2462,-29.2731,-54.3726
BABA,109.33999633789062,109.34,2026-09-15,False,109.27999877929688,111.16000366210938,0.1,-28.2,BAJO,271778070528.0,24.74,11.77,1.63,6.36,1.56,7.29,7.04,-30.41,2.02,0.24,1.36,3.0,YAHOO,2.0252,2.4245,1.759,0.057055,0.4162,-0.844,83.71,2026-11-24,70,2026-08-20,26.0,yahoo,1.0,0.0,1.0,0.0,0.0,0.0,1.0,0.0,0.0,-2.9469,-4.1045,-6.9368,-2.8521,9.4709,44.3698,130.53,132.32,187.6169,-16.2338,-17.367,-41.7217
PDD,78.08000183105469,78.08,2026-09-15,False,77.83999633789062,79.08000183105469,-1.64,-36.73,BAJO,111138799616.0,8.41,6.29,1.65,22.75,10.01,24.71,20.43,67.16,-3.43,0.01,2.62,4.0,YAHOO,2.0252,2.4245,1.759,0.057055,0.4162,-0.844,83.71,2026-11-18,64,2026-08-24,22.0,yahoo,1.0,0.0,1.0,1.0,0.0,1.0,0.0,0.0,0.0,-2.094,-7.0476,-9.9215,-6.547,25.2873,34.0311,90.2,93.0,138.13,-13.4368,-16.043,-43.4735
SAP,215.6699981689453,215.67,2026-09-15,False,213.2899932861328,218.69000244140625,-1.2,-11.1,BAJO,248927240192.0,27.83,22.27,67.88,18.32,9.54,27.62,20.41,3.65,301.64,0.22,1.15,7.0,YAHOO,2.0252,2.4245,1.759,0.057055,0.4162,-0.844,83.71,2026-10-21,36,,,yahoo,1.0,1.0,1.0,1.0,1.0,1.0,0.0,0.0,1.0,1.9764,-2.3632,33.4261,31.242,53.8439,43.3098,221.54,221.54,275.6678,-2.6496,-2.6496,-21.7645
SE,102.6500015258789,102.65,2026-09-15,False,102.55000305175781,107.4000015258789,-5.55,-44.13,BAJO,62871539712.0,39.63,19.78,5.06,14.73,4.97,8.35,5.91,0.11,23.97,0.32,1.49,8.0,YAHOO,2.0252,2.4245,1.759,0.057055,0.4162,-0.844,83.71,2026-11-10,56,,,yahoo,1.0,1.0,1.0,1.0,1.0,1.0,0.0,1.0,1.0,-9.4238,-9.5435,-3.3609,18.4514,51.1032,52.7516,123.18,131.51,192.96,-16.6667,-21.9451,-46.8024
IBM,248.3699951171875,248.37,2026-09-15,False,246.14999389648438,251.81500244140625,-0.29,1.43,BAJO,233997910016.0,22.06,18.87,6.79,34.46,5.3,16.55,15.52,5.15,17.72,1.89,0.79,6.0,YAHOO,2.0252,2.4245,1.759,0.057055,0.4162,-0.844,83.71,2026-10-21,36,,,yahoo,1.0,1.0,1.0,1.0,1.0,0.0,0.0,1.0,0.0,7.0145,6.2,14.1984,-6.9065,45.2034,63.4095,249.09,303.9496,326.8851,-0.2891,-18.2858,-24.0192
ZM,93.06999969482422,93.07,2026-09-15,False,92.7249984741211,95.20230102539062,-2.4,11.95,BAJO,27156310016.0,8.64,14.69,2.74,32.14,6.11,24.61,65.19,7.27,15.47,0.01,3.83,7.0,YAHOO,2.0252,2.4245,1.759,0.057055,0.4162,-0.844,83.71,2026-11-24,70,2026-08-25,21.0,yahoo,1.0,1.0,1.0,1.0,1.0,0.0,1.0,1.0,0.0,-3.4944,-3.734,0.1614,-1.252,17.7265,43.2449,107.47,109.84,111.88,-13.3991,-15.2677,-16.8127
CSCO,110.06999969482422,110.07,2026-09-15,False,109.62000274658203,111.69000244140625,0.01,69.61,BAJO,433960550400.0,33.05,19.65,8.64,27.32,7.98,27.72,20.95,2.58,24.09,0.62,0.93,7.0,YAHOO,2.0252,2.4245,1.759,0.057055,0.4162,-0.844,83.71,2026-11-12,58,,,yahoo,1.0,1.0,1.0,1.0,1.0,0.0,1.0,0.0,1.0,0.8244,-0.3801,0.3739,-8.0621,46.4125,34.963,112.36,123.88,129.5155,-2.0381,-11.1479,-15.014
DOCU,71.8499984741211,71.85,2026-09-15,False,68.94000244140625,74.06500244140625,3.0,-9.94,BAJO,13428940800.0,43.81,13.81,7.87,17.8,6.35,13.43,9.82,9.78,28.18,0.11,0.64,6.0,YAHOO,2.0252,2.4245,1.759,0.057055,0.4162,-0.844,83.71,2026-12-03,79,2026-09-03,12.0,yahoo,1.0,0.0,1.0,1.0,0.0,0.0,1.0,1.0,1.0,10.4026,8.4201,34.601,62.5749,42.6725,54.7658,71.85,71.85,85.01,0.0,0.0,-15.4805
ARM,241.8300018310547,241.83,2026-09-15,False,240.67999267578125,253.15499877929688,1.18,59.15,BAJO,258274099200.0,246.77,79.3,29.93,13.35,5.42,7.6,20.25,0.52,236.78,0.06,5.25,6.0,YAHOO,2.0252,2.4245,1.759,0.057055,0.4162,-0.844,83.71,2026-11-04,50,,,yahoo,1.0,0.0,1.0,1.0,0.0,1.0,0.0,1.0,1.0,-7.5326,-0.0331,-7.702,-41.3816,96.7011,78.9994,264.79,407.72,439.46,-8.671,-40.6872,-44.9711
GRMN,278.9700012207031,278.97,2026-09-15,False,276.8900146484375,281.6299133300781,-0.5,22.23,BAJO,53800075264.0,28.76,25.35,5.96,21.89,12.17,30.44,24.47,1.94,22.34,0.03,3.03,6.0,YAHOO,2.0252,2.4245,1.759,0.057055,0.4162,-0.844,83.71,2026-10-28,43,,,yahoo,1.0,1.0,1.0,0.0,0.0,1.0,0.0,1.0,1.0,1.5853,-1.4289,11.5783,17.5842,37.5597,42.5496,296.2926,311.952,311.952,-5.8465,-10.5728,-10.5728
MSI,469.1400146484375,469.14,2026-09-15,False,466.4800109863281,478.5299987792969,-1.05,0.1,BAJO,77639761920.0,36.91,24.2,29.06,91.57,11.25,27.35,17.44,2.55,23.25,3.58,1.1,6.0,YAHOO,2.0252,2.4245,1.759,0.057055,0.4162,-0.844,83.71,2026-11-05,51,,,yahoo,1.0,1.0,1.0,1.0,0.0,0.0,1.0,1.0,0.0,1.3305,-3.3299,13.2669,14.2879,18.3501,27.2434,491.24,491.24,491.24,-4.4988,-4.4988,-4.4988
SNAP,5.829999923706055,5.83,2026-09-15,False,5.829999923706055,6.069900035858154,-0.17,-19.87,BAJO,9859682304.0,,7.52,5.09,-15.58,-2.72,-2.64,-4.9,7.24,-78.22,2.19,2.94,6.0,YAHOO,2.0252,2.4245,1.759,0.057055,0.4162,-0.844,83.71,2026-11-04,50,,,yahoo,0.0,1.0,1.0,1.0,1.0,0.0,0.0,1.0,1.0,7.3665,5.045,24.307,2.1016,28.1722,60.3179,5.92,5.92,9.09,-1.5203,-1.5203,-35.8636
PINS,18.760000228881836,18.76,2026-09-15,False,18.739999771118164,19.43000030517578,-4.72,-46.28,BAJO,10624032768.0,55.18,7.77,3.67,6.46,3.51,-3.46,5.46,11.26,34.98,0.41,3.81,6.0,YAHOO,2.0252,2.4245,1.759,0.057055,0.4162,-0.844,83.71,2026-11-09,55,,,yahoo,1.0,0.0,1.0,1.0,0.0,0.0,1.0,1.0,1.0,-6.852,-13.5882,-18.7527,-12.0488,58.8078,50.0926,23.66,25.58,36.49,-20.7101,-26.6615,-48.5887
PATH,14.229999542236328,14.23,2026-09-15,False,14.157500267028809,14.704999923706055,-2.93,24.76,BAJO,7416041472.0,21.24,15.45,3.8,20.03,3.66,8.92,21.03,6.4,34.86,0.04,2.39,8.0,YAHOO,2.0252,2.4245,1.759,0.057055,0.4162,-0.844,83.71,2026-12-02,78,2026-09-03,12.0,yahoo,1.0,1.0,1.0,1.0,1.0,0.0,1.0,1.0,1.0,1.5703,-23.7815,18.2876,31.8814,65.9082,71.2745,18.67,18.67,19.29,-23.7815,-23.7815,-26.2312
VZ,51.45000076293945,51.45,2026-09-15,False,51.11000061035156,51.665000915527344,0.31,27.27,BAJO,213763194880.0,13.4,9.74,2.06,15.84,5.05,23.0,11.64,8.17,7.95,1.84,0.6,4.0,YAHOO,2.0252,2.4245,1.759,0.057055,0.4162,-0.844,83.71,2026-10-20,35,,,yahoo,1.0,0.0,1.0,1.0,0.0,1.0,0.0,0.0,0.0,2.0631,2.8589,17.2516,11.1686,8.5435,26.3565,51.45,51.45,51.45,0.0,0.0,0.0
T,26.719999313354492,26.72,2026-09-15,False,26.299999237060547,26.93000030517578,0.79,-3.56,BAJO,183095738368.0,8.82,10.42,1.66,18.34,4.16,24.79,16.94,5.54,7.74,1.29,0.97,6.0,YAHOO,2.0252,2.4245,1.759,0.057055,0.4162,-0.844,83.71,2026-10-21,36,,,yahoo,1.0,1.0,1.0,1.0,0.0,1.0,1.0,0.0,0.0,4.375,3.2059,21.5651,16.2635,8.218,28.6691,26.72,26.72,28.4181,0.0,0.0,-5.9753
AMX,23.200000762939453,23.2,2026-09-15,False,23.040000915527344,23.350000381469727,0.35,16.78,BAJO,69399552000.0,13.18,11.13,3.15,21.58,6.36,21.49,9.37,220.81,2.36,1.58,0.71,9.0,YAHOO,2.0252,2.4245,1.759,0.057055,0.4162,-0.844,83.71,2026-10-13,28,,,yahoo,1.0,1.0,1.0,1.0,1.0,1.0,1.0,1.0,1.0,0.8696,0.6944,-11.2471,-13.621,16.2776,18.1104,23.8,26.4335,27.4216,-2.521,-12.2325,-15.3953
TCOM,39.25,39.25,2026-09-15,False,39.095001220703125,40.1427001953125,0.44,-45.07,BAJO,24715929600.0,5.82,9.24,1.03,20.14,3.95,24.34,48.65,,-1.33,0.19,1.53,7.0,YAHOO,2.0252,2.4245,1.759,0.057055,0.4162,-0.844,83.71,2026-09-15,0,2026-08-31,15.0,yahoo,1.0,1.0,1.0,0.0,1.0,1.0,1.0,0.0,1.0,-3.0864,-12.0941,-10.2857,-17.1941,14.3546,38.2965,46.51,47.3,78.96,-15.6095,-17.019,-50.2913
TRIP,9.010000228881836,9.01,2026-09-15,False,8.96500015258789,9.170000076293945,-2.38,-50.25,BAJO,1048414144.0,,8.38,1.58,-0.23,1.92,9.44,0.27,-9.68,10.3,1.35,1.56,7.0,YAHOO,2.0252,2.4245,1.759,0.057055,0.4162,-0.844,83.71,2026-11-05,51,,,yahoo,1.0,1.0,1.0,1.0,1.0,0.0,1.0,0.0,1.0,-0.8801,-5.3571,-39.4896,-28.2643,36.0951,68.2558,10.4,14.93,19.14,-13.3654,-39.6517,-52.9258
ABNB,168.32000732421875,168.32,2026-09-15,False,166.6300048828125,169.77000427246094,-1.37,41.81,BAJO,100787609600.0,38.34,27.21,12.73,34.54,6.14,21.01,20.45,3.18,32.97,0.32,1.41,5.0,YAHOO,2.0252,2.4245,1.759,0.057055,0.4162,-0.844,83.71,2026-11-05,51,,,yahoo,1.0,0.0,1.0,1.0,0.0,0.0,1.0,0.0,1.0,-3.5636,-8.1323,13.8836,21.1284,21.4072,48.2514,190.5,190.5,190.5,-11.643,-11.643,-11.643
ORCL,140.35000610351562,140.35,2026-09-15,False,140.02000427246094,144.8800048828125,-3.07,-51.04,BAJO,404274118656.0,21.96,12.77,10.76,41.19,6.36,35.63,26.36,-11.34,16.71,2.52,1.17,5.0,YAHOO,2.0252,2.4245,1.759,0.057055,0.4162,-0.844,83.71,2026-12-10,86,2026-09-10,5.0,yahoo,1.0,0.0,1.0,1.0,1.0,1.0,0.0,0.0,0.0,-13.6414,-5.8812,12.9941,-26.8904,23.9455,56.2627,162.52,174.4631,324.452,-13.6414,-19.5532,-56.7424
TMUS,180.47000122070312,180.47,2026-09-15,False,180.27999877929688,184.66000366210938,-1.33,-21.15,BAJO,193585053696.0,18.86,12.5,3.45,17.99,5.97,25.22,11.46,5.86,9.13,2.14,0.92,6.0,YAHOO,2.0252,2.4245,1.759,0.057055,0.4162,-0.844,83.71,2026-10-22,37,,,yahoo,1.0,0.0,1.0,1.0,0.0,1.0,1.0,0.0,1.0,-0.6715,0.0166,-5.8794,-3.8909,28.3657,40.6399,188.02,194.5173,234.7802,-4.0155,-7.2216,-23.1324
ANET,192.83999633789062,192.84,2026-09-15,False,190.90499877929688,194.6864013671875,2.68,34.58,BAJO,243214565376.0,61.03,37.37,16.44,31.48,14.12,45.39,38.37,1.6,48.18,,2.96,4.0,YAHOO,2.0252,2.4245,1.759,0.057055,0.4162,-0.844,83.71,2026-11-03,49,,,yahoo,1.0,0.0,1.0,1.0,0.0,0.0,1.0,0.0,0.0,-1.0874,-1.4564,14.4044,14.0458,80.7403,58.953,202.25,210.5,210.5,-4.6527,-8.3896,-8.3896
LRCX,270.8699951171875,270.87,2026-09-15,False,265.3699951171875,278.5,-0.96,130.46,BAJO,338945310720.0,46.94,23.25,27.18,65.07,22.84,37.39,31.27,0.91,39.43,0.33,2.63,8.0,YAHOO,2.0252,2.4245,1.759,0.057055,0.4162,-0.844,83.71,2026-10-21,36,,,yahoo,1.0,1.0,1.0,0.0,1.0,1.0,1.0,1.0,1.0,-15.4641,-10.1562,-15.6063,-30.3042,62.5721,81.1689,327.92,433.33,433.33,-17.3975,-37.4911,-37.4911
ADI,361.3500061035156,361.35,2026-09-15,False,359.45159912109375,366.6700134277344,0.09,51.37,BAJO,175097741312.0,42.97,22.1,5.22,12.23,6.41,39.5,29.79,2.37,26.26,0.27,1.25,8.0,YAHOO,2.0252,2.4245,1.759,0.057055,0.4162,-0.844,83.71,2026-11-24,70,2026-08-19,27.0,yahoo,1.0,1.0,1.0,1.0,0.0,1.0,1.0,1.0,1.0,-0.5094,0.0859,-4.751,-15.232,62.4837,39.4659,378.78,444.1269,444.1269,-4.6016,-18.6381,-18.6381
SNDK,1530.89501953125,1530.895,2026-09-15,False,1509.14013671875,1579.989990234375,-1.36,1601.27,BAJO,224152125440.0,20.77,5.78,14.5,91.64,43.91,78.47,56.46,3.44,17.65,0.01,2.29,7.0,YAHOO,2.0252,2.4245,1.759,0.057055,0.4162,-0.844,83.71,2026-11-06,52,,,yahoo,1.0,1.0,1.0,1.0,0.0,0.0,1.0,1.0,1.0,-11.9158,-2.2854,8.491,-27.3721,24.3954,135.0453,1764.17,2335.0,2335.0,-13.2229,-34.437,-34.437
NOW,141.89999389648438,141.9,2026-09-15,False,139.0,147.55999755859375,-0.32,-23.13,BAJO,146705006592.0,89.25,28.35,11.72,14.24,4.25,4.06,11.34,3.51,52.11,0.68,0.7,4.0,YAHOO,2.0252,2.4245,1.759,0.057055,0.4162,-0.844,83.71,2026-10-28,43,,,yahoo,1.0,0.0,1.0,1.0,1.0,0.0,0.0,0.0,0.0,5.7298,-4.1152,36.4292,36.2458,57.5056,62.2364,147.99,147.99,192.23,-4.1152,-4.1152,-26.1822
NBIS,207.3699951171875,207.37,2026-09-15,False,206.84730529785156,216.5594940185547,-2.27,129.96,BAJO,56374620160.0,,-66.02,5.5,0.6,-1.92,-0.22,3.13,-17.05,233.78,0.99,4.03,6.0,YAHOO,2.0252,2.4245,1.759,0.057055,0.4162,-0.844,83.71,2026-11-10,56,,,yahoo,1.0,1.0,1.0,1.0,0.0,0.0,0.0,1.0,1.0,-14.9705,0.5089,20.7254,-20.2638,31.4537,142.4297,248.43,283.61,286.69,-16.5278,-26.882,-27.6675
OXY,63.52000045776367,63.52,2026-09-15,False,62.209999084472656,63.77000045776367,2.82,44.46,BAJO,63496966144.0,18.74,15.74,1.9,10.63,4.68,45.44,30.32,5.97,5.92,0.35,1.41,4.0,YAHOO,2.0252,2.4245,1.759,0.057055,0.4162,-0.844,83.71,2026-11-09,55,,,yahoo,1.0,0.0,1.0,1.0,1.0,0.0,0.0,0.0,0.0,5.2126,6.0343,18.9403,17.1713,19.1851,32.0315,63.52,63.52,65.6343,0.0,0.0,-3.2213
XOM,169.32000732421875,169.32,2026-09-15,False,165.14999389648438,169.63499450683594,2.57,57.05,BAJO,696228970496.0,21.76,15.69,2.68,12.58,5.52,15.86,9.07,2.97,10.56,0.16,1.14,5.0,YAHOO,2.0252,2.4245,1.759,0.057055,0.4162,-0.844,83.71,2026-10-30,45,,,yahoo,1.0,0.0,1.0,1.0,1.0,0.0,1.0,0.0,0.0,5.3903,5.2004,16.7635,20.9313,20.6861,24.5916,169.32,169.32,169.32,0.0,0.0,0.0
CVX,217.77000427246094,217.77,2026-09-15,False,212.74000549316406,217.77999877929688,2.64,45.87,BAJO,427178360832.0,20.94,16.16,2.25,12.23,5.86,21.87,9.83,5.13,8.89,0.19,1.25,5.0,YAHOO,2.0252,2.4245,1.759,0.057055,0.4162,-0.844,83.71,2026-10-30,45,,,yahoo,1.0,0.0,1.0,1.0,0.0,1.0,0.0,1.0,0.0,3.7989,5.6418,19.4771,21.7686,25.0668,24.0968,217.77,217.77,217.77,0.0,0.0,0.0
PSX,264.92999267578125,264.93,2026-09-15,False,257.9700012207031,266.6990966796875,3.06,109.92,BAJO,106219708416.0,15.11,10.78,3.36,23.45,6.04,8.53,4.66,4.28,12.11,0.63,1.32,7.0,YAHOO,2.0252,2.4245,1.759,0.057055,0.4162,-0.844,83.71,2026-10-29,44,,,yahoo,1.0,1.0,1.0,1.0,0.0,1.0,1.0,1.0,0.0,2.2343,7.4418,32.2949,53.7205,29.6478,29.8845,264.93,264.93,264.93,0.0,0.0,0.0
YPF,57.61000061035156,57.61,2026-09-15,False,56.01499938964844,57.86000061035156,2.27,117.83,BAJO,22587445248.0,30.48,10.5,2.15,7.26,8.34,27.51,4.0,5508.01,1.33,0.85,0.93,4.0,YAHOO,2.0252,2.4245,1.759,0.057055,0.4162,-0.844,83.71,2026-10-29,44,,,yahoo,0.0,0.0,1.0,1.0,0.0,1.0,1.0,0.0,0.0,8.5138,11.6906,18.9061,9.5455,25.3718,35.3043,57.61,57.61,57.61,0.0,0.0,0.0
VIST,78.36000061035156,78.36,2026-09-15,False,76.9800033569336,79.50990295410156,2.55,123.21,BAJO,8667979776.0,10.31,7.83,2.62,29.79,10.0,44.24,23.56,1.42,5.52,1.07,0.69,3.0,YAHOO,2.0252,2.4245,1.759,0.057055,0.4162,-0.844,83.71,2026-10-28,43,,,yahoo,1.0,0.0,1.0,1.0,0.0,0.0,0.0,0.0,0.0,3.2955,9.6558,25.6172,14.2441,62.0063,44.0403,78.95,78.95,79.25,-0.7473,-0.7473,-1.123
VST,141.52999877929688,141.53,2026-09-15,False,140.25999450683594,143.1999969482422,0.57,-31.39,BAJO,47502450688.0,23.91,13.65,15.82,42.96,5.89,13.77,11.55,0.08,10.5,3.73,0.97,5.0,YAHOO,2.0252,2.4245,1.759,0.057055,0.4162,-0.844,83.71,2026-11-05,51,,,yahoo,1.0,0.0,1.0,1.0,1.0,0.0,1.0,0.0,0.0,-6.7163,3.0283,-7.2299,-7.681,45.6276,42.1219,151.72,168.98,217.0162,-6.7163,-16.2445,-34.7837
BP,46.959999084472656,46.96,2026-09-15,False,45.849998474121094,47.03499984741211,2.24,46.32,BAJO,120940994560.0,22.47,9.65,8.32,8.87,5.04,13.15,2.55,10.65,13.49,0.95,1.27,7.0,YAHOO,2.0252,2.4245,1.759,0.057055,0.4162,-0.844,83.71,2026-10-30,45,,,yahoo,1.0,0.0,1.0,1.0,0.0,1.0,1.0,1.0,1.0,4.6346,9.5405,15.7185,14.2995,18.2928,31.2756,46.96,46.96,46.96,0.0,0.0,0.0
E,56.65999984741211,56.66,2026-09-15,False,55.79999923706055,56.66999816894531,2.27,67.55,BAJO,81447133184.0,12.73,9.18,1.54,10.9,3.07,10.66,5.87,-11.03,8.13,0.65,1.48,6.0,YAHOO,2.0252,2.4245,1.759,0.057055,0.4162,-0.844,83.71,2026-10-23,38,,,yahoo,1.0,1.0,1.0,1.0,0.0,1.0,1.0,0.0,0.0,3.1307,3.3942,17.9434,10.513,24.3471,32.3661,57.35,57.35,57.35,-1.2031,-1.2031,-1.2031
SHEL,98.94999694824219,98.95,2026-09-15,False,96.62999725341797,99.15499877929688,2.59,45.18,BAJO,282938310656.0,10.95,9.57,1.52,14.34,6.4,16.69,8.76,7.58,5.41,0.4,1.44,5.0,YAHOO,2.0252,2.4245,1.759,0.057055,0.4162,-0.844,83.71,2026-10-29,44,,,yahoo,1.0,1.0,1.0,1.0,0.0,0.0,1.0,0.0,0.0,3.8082,8.2012,17.3216,20.8294,19.766,22.1014,98.95,98.95,98.95,0.0,0.0,0.0
HAL,35.66999816894531,35.67,2026-09-15,False,35.005001068115234,35.95000076293945,1.89,68.99,BAJO,29717757952.0,18.68,12.29,2.7,14.92,7.26,12.79,7.16,6.91,8.54,0.74,2.02,4.0,YAHOO,2.0252,2.4245,1.759,0.057055,0.4162,-0.844,83.71,2026-10-20,35,,,yahoo,1.0,0.0,1.0,1.0,0.0,0.0,1.0,0.0,0.0,-3.0707,-2.7529,2.2704,-6.1405,33.8316,33.3757,37.63,37.63,42.6002,-5.2086,-5.2086,-16.268
SLB,54.20000076293945,54.2,2026-09-15,False,53.09000015258789,54.47999954223633,1.65,61.67,BAJO,80440565760.0,26.44,16.76,3.09,12.91,6.17,12.71,8.53,3.67,12.05,0.47,1.44,4.0,YAHOO,2.0252,2.4245,1.759,0.057055,0.4162,-0.844,83.71,2026-10-23,38,,,yahoo,1.0,0.0,1.0,1.0,1.0,0.0,0.0,0.0,0.0,-5.0788,-9.349,15.7205,1.4359,44.6809,39.6635,59.7898,59.7898,59.7898,-9.349,-9.349,-9.349
COP,141.22000122070312,141.22,2026-09-15,False,136.3238983154297,141.6199951171875,3.33,59.75,BAJO,169652879360.0,18.68,14.56,2.6,14.18,7.53,31.51,14.4,4.53,6.71,0.36,1.54,7.0,YAHOO,2.0252,2.4245,1.759,0.057055,0.4162,-0.844,83.71,2026-11-05,51,,,yahoo,1.0,0.0,1.0,1.0,1.0,1.0,1.0,0.0,1.0,4.5764,6.5892,25.9854,26.6363,26.8329,28.2682,141.22,141.22,141.22,0.0,0.0,0.0
GPRK,11.789999961853027,11.79,2026-09-15,False,11.489999771118164,11.90999984741211,2.79,93.42,BAJO,765120896.0,8.3,6.62,1.74,28.57,7.81,27.52,16.0,12.06,3.57,1.81,1.17,3.0,YAHOO,2.0252,2.4245,1.759,0.057055,0.4162,-0.844,83.71,2026-11-04,50,,,yahoo,1.0,0.0,1.0,0.0,0.0,1.0,0.0,0.0,0.0,-1.3389,7.1818,24.1493,15.9864,45.4627,43.7764,11.97,11.97,11.97,-1.5038,-1.5038,-1.5038
CEG,259.8900146484375,259.89,2026-09-15,False,259.6099853515625,266.8800048828125,-1.77,-18.93,BAJO,92080955392.0,25.38,19.48,2.89,15.06,3.89,8.66,11.08,-7.19,14.85,0.76,1.46,6.0,YAHOO,2.0252,2.4245,1.759,0.057055,0.4162,-0.844,83.71,2026-11-09,55,,,yahoo,1.0,0.0,1.0,1.0,1.0,0.0,1.0,0.0,1.0,-13.0948,-5.4154,3.3839,-0.7854,45.7623,38.2451,299.05,299.05,401.7044,-13.0948,-13.0948,-35.3032
FSLR,202.33999633789062,202.34,2026-09-15,False,202.19000244140625,210.3000030517578,-2.27,-0.27,BAJO,21745436672.0,12.48,8.73,2.11,18.51,8.62,42.64,32.46,7.35,8.68,0.02,2.52,7.0,YAHOO,2.0252,2.4245,1.759,0.057055,0.4162,-0.844,83.71,2026-10-29,44,,,yahoo,1.0,1.0,1.0,1.0,1.0,1.0,0.0,0.0,1.0,-5.1161,0.2179,-4.5251,-26.021,30.1975,45.6704,222.4,263.11,318.25,-9.0198,-23.0968,-36.4211
CCJ,91.20999908447266,91.21,2026-09-15,False,91.02999877929688,94.4000015258789,-2.2,7.85,BAJO,39724961792.0,154.59,48.31,7.72,5.11,2.98,9.11,10.21,0.13,51.01,0.17,3.06,8.0,YAHOO,2.0252,2.4245,1.759,0.057055,0.4162,-0.844,83.71,2026-10-30,45,,,yahoo,1.0,1.0,1.0,1.0,1.0,1.0,0.0,1.0,1.0,-10.5521,-7.6448,4.407,-14.7729,19.127,42.307,107.36,108.89,134.09,-15.0428,-16.2366,-31.9785
PBR,21.770000457763672,21.77,2026-09-15,False,21.18000030517578,21.989999771118164,2.93,78.74,BAJO,140293865472.0,5.5,5.46,1.48,30.27,10.07,44.68,24.32,67.17,1.85,0.76,0.85,7.0,YAHOO,2.0252,2.4245,1.759,0.057055,0.4162,-0.844,83.71,2026-11-10,56,,,yahoo,1.0,1.0,1.0,1.0,1.0,1.0,1.0,0.0,0.0,4.5127,12.5065,28.2686,29.2302,28.9435,32.6686,21.77,21.77,21.77,0.0,0.0,0.0
NEE,81.06999969482422,81.07,2026-09-15,False,80.94999694824219,82.13749694824219,-0.69,18.62,BAJO,169110257664.0,18.22,18.45,2.96,11.68,2.44,31.52,32.4,-10.51,19.78,1.62,0.53,5.0,YAHOO,2.0252,2.4245,1.759,0.057055,0.4162,-0.844,83.71,2026-10-27,42,,,yahoo,1.0,0.0,1.0,1.0,0.0,1.0,0.0,1.0,0.0,-3.2924,-1.5424,-8.5846,-5.156,5.1617,14.1715,85.5765,89.1198,96.443,-5.266,-9.0326,-15.94
PAAS,48.41999816894531,48.42,2026-09-15,False,47.72999954223633,48.82080078125,-0.45,33.4,BAJO,20075802624.0,14.33,10.28,2.74,22.41,11.77,37.81,32.03,6.57,9.14,0.11,2.94,7.0,YAHOO,2.0252,2.4245,1.759,0.057055,0.4162,-0.844,83.71,2026-11-16,62,,,yahoo,1.0,1.0,1.0,1.0,1.0,1.0,0.0,1.0,0.0,-5.0588,-6.7411,15.7419,-4.6724,30.6379,51.6235,54.89,54.89,68.0597,-11.7872,-11.7872,-28.8566
HMY,19.540000915527344,19.54,2026-09-15,False,19.2549991607666,19.690000534057617,-0.46,34.49,BAJO,12212059136.0,6.78,5.97,2.63,48.05,25.06,47.17,29.57,80.66,0.3,0.13,0.84,,YAHOO,2.0252,2.4245,1.759,0.057055,0.4162,-0.844,83.71,,999,2026-08-27,19.0,yahoo,,,,,,,,,,-3.4108,-0.5598,32.2057,11.5297,48.9765,60.4832,23.54,23.54,25.5485,-16.9924,-16.9924,-23.518
B,42.70000076293945,42.7,2026-09-15,False,42.09000015258789,42.7400016784668,0.64,52.14,BAJO,70279266304.0,11.03,9.74,2.57,27.01,13.44,51.34,31.6,7.24,6.05,0.13,3.01,9.0,YAHOO,2.0252,2.4245,1.759,0.057055,0.4162,-0.844,83.71,2026-11-09,55,,,yahoo,1.0,1.0,1.0,1.0,1.0,1.0,1.0,1.0,1.0,-3.1746,-4.7513,23.0319,2.4727,30.05,45.9479,48.6827,48.6827,52.117,-12.2891,-12.2891,-18.0689
VALE,14.470000267028809,14.47,2026-09-15,False,14.4399995803833,14.6899995803833,-0.96,46.67,BAJO,61580886016.0,28.94,7.38,1.66,4.11,7.92,21.95,4.75,21.61,1.9,0.55,1.19,4.0,YAHOO,2.0252,2.4245,1.759,0.057055,0.4162,-0.844,83.71,2026-10-29,44,,,yahoo,1.0,0.0,1.0,1.0,0.0,1.0,0.0,0.0,0.0,-7.0051,-4.1087,4.6613,-6.9823,26.6499,30.6343,15.73,15.73,17.3257,-8.0102,-8.0102,-16.4824
LAC,2.809999942779541,2.81,2026-09-15,False,2.759999990463257,2.869999885559082,-2.77,-10.21,BAJO,1020150656.0,,-19.96,0.72,-3.7,-1.66,0.0,0.0,-132.23,-29.7,0.6,5.47,1.0,YAHOO,2.0252,2.4245,1.759,0.057055,0.4162,-0.844,83.71,2026-11-13,59,,,yahoo,0.0,0.0,0.0,1.0,0.0,0.0,0.0,0.0,0.0,-6.3333,-9.0615,-4.4218,-38.6463,30.6648,54.1563,3.25,4.3,10.05,-13.5385,-34.6512,-72.0398
RIO,97.26000213623047,97.26,2026-09-15,False,96.49500274658203,97.47000122070312,-0.39,62.33,BAJO,158179704832.0,13.18,11.24,2.42,19.31,8.11,28.05,19.58,2.27,7.78,0.32,1.42,4.0,YAHOO,2.0252,2.4245,1.759,0.057055,0.4162,-0.844,83.71,,999,2026-07-28,49.0,yahoo,1.0,0.0,1.0,1.0,0.0,0.0,0.0,1.0,0.0,-6.3277,-5.1122,9.6236,-6.1331,33.5915,29.1313,106.81,106.81,109.6326,-8.9411,-8.9411,-11.2855
GFI,42.90999984741211,42.91,2026-09-15,False,42.5099983215332,43.345001220703125,-0.49,18.29,BAJO,38228369408.0,8.74,8.29,8.52,58.68,28.52,55.0,38.65,10.92,10.87,0.29,1.87,9.0,YAHOO,2.0252,2.4245,1.759,0.057055,0.4162,-0.844,83.71,,999,2026-08-25,21.0,yahoo,1.0,1.0,1.0,1.0,1.0,1.0,1.0,1.0,1.0,-7.0054,-5.3609,36.7533,10.8465,38.0287,52.6205,47.7852,47.7852,58.4424,-10.2023,-10.2023,-26.5772
GGB,5.059999942779541,5.06,2026-09-15,False,4.889999866485596,5.065000057220459,3.48,68.53,BAJO,9926719488.0,22.0,8.59,0.95,4.18,5.03,12.75,3.22,26.67,1.95,0.28,2.87,5.0,YAHOO,2.0252,2.4245,1.759,0.057055,0.4162,-0.844,83.71,2026-10-26,41,,,yahoo,1.0,0.0,1.0,1.0,0.0,0.0,1.0,0.0,1.0,0.0,9.7614,8.3292,9.4891,58.9706,36.4127,5.15,5.15,5.15,-1.7476,-1.7476,-1.7476
FCX,69.37999725341797,69.38,2026-09-15,False,68.3499984741211,69.72000122070312,0.06,55.63,BAJO,99630891008.0,34.01,16.72,4.95,14.75,7.58,33.4,11.39,2.17,12.35,0.32,2.07,6.0,YAHOO,2.0252,2.4245,1.759,0.057055,0.4162,-0.844,83.71,2026-10-22,37,,,yahoo,1.0,1.0,1.0,1.0,1.0,0.0,1.0,0.0,0.0,-9.4492,-8.3971,18.4768,-0.8293,48.8122,50.0363,79.91,79.91,79.91,-13.1773,-13.1773,-13.1773
HL,18.68000030517578,18.68,2026-09-15,False,18.200000762939453,18.950000762939453,-0.74,60.97,BAJO,12548634624.0,22.51,17.56,4.69,22.17,15.3,44.27,19.15,2.73,12.56,0.01,5.2,8.0,YAHOO,2.0252,2.4245,1.759,0.057055,0.4162,-0.844,83.71,2026-11-05,51,,,yahoo,1.0,1.0,1.0,1.0,1.0,1.0,0.0,1.0,1.0,-8.6999,-5.9889,28.6747,12.1463,32.2184,65.5806,21.43,21.43,31.7903,-12.8325,-12.8325,-41.24
NEM,124.19000244140625,124.19,2026-09-15,False,121.41000366210938,124.20999908447266,0.91,59.93,BAJO,130858049536.0,15.66,12.18,3.73,25.91,15.75,51.57,33.36,6.74,7.41,0.16,2.55,9.0,YAHOO,2.0252,2.4245,1.759,0.057055,0.4162,-0.844,83.71,2026-10-22,37,,,yahoo,1.0,1.0,1.0,1.0,1.0,1.0,1.0,1.0,1.0,-2.2818,-1.2783,37.0126,17.6262,30.0145,45.0933,134.8593,134.8593,134.8593,-7.9114,-7.9114,-7.9114
GOLD,47.79999923706055,47.8,2026-09-15,False,47.459999084472656,48.810001373291016,1.01,81.26,BAJO,1393597312.0,15.83,12.82,1.59,10.8,2.82,0.45,0.32,29.35,9.91,0.96,1.15,6.0,YAHOO,2.0252,2.4245,1.759,0.057055,0.4162,-0.844,83.71,2026-11-05,51,2026-09-02,13.0,yahoo,1.0,1.0,1.0,1.0,1.0,0.0,0.0,0.0,1.0,0.6952,6.2931,23.5781,9.4824,80.7121,54.8321,49.33,49.33,63.5992,-3.1016,-3.1016,-24.8418
MUX,18.56999969482422,18.57,2026-09-15,False,18.139999389648438,18.81999969482422,-0.16,33.31,BAJO,1109373440.0,14.74,4.56,1.57,13.54,-0.43,-5.92,32.46,-1.68,41.21,0.18,2.04,5.0,YAHOO,2.0252,2.4245,1.759,0.057055,0.4162,-0.844,83.71,2026-11-04,50,,,yahoo,1.0,1.0,1.0,0.0,0.0,1.0,0.0,1.0,0.0,-8.3868,-7.8869,11.9349,-7.6119,37.5697,56.2662,21.66,21.66,29.05,-14.2659,-14.2659,-36.0757
NXE,9.460000038146973,9.46,2026-09-15,False,9.350000381469727,9.65999984741211,-0.11,14.06,BAJO,6342987776.0,,-58.57,4.74,-17.67,-3.39,0.0,0.0,-4.7,-55.29,0.34,1.46,2.0,YAHOO,2.0252,2.4245,1.759,0.057055,0.4162,-0.844,83.71,2026-11-03,49,,,yahoo,0.0,0.0,0.0,1.0,0.0,1.0,0.0,0.0,0.0,-11.5061,-9.6466,6.772,-10.2467,29.5844,49.0154,11.21,11.21,13.92,-15.6111,-15.6111,-32.0402
MP,49.16999816894531,49.17,2026-09-15,False,48.880001068115234,51.18000030517578,-2.98,-23.45,BAJO,8757254144.0,,55.12,4.47,-3.58,-1.52,-14.72,-14.56,-4.94,220.49,0.41,9.51,4.0,YAHOO,2.0252,2.4245,1.759,0.057055,0.4162,-0.844,83.71,2026-11-05,51,,,yahoo,0.0,1.0,0.0,0.0,1.0,1.0,0.0,1.0,0.0,-11.1974,-10.1918,8.161,-15.6025,38.9197,64.3568,60.17,60.29,98.65,-18.2815,-18.4442,-50.1571
JPM,352.489990234375,352.49,2026-09-15,False,343.0716857910156,354.70001220703125,0.67,18.27,BAJO,936984051712.0,15.1,14.11,2.65,17.79,1.36,50.39,34.92,,,,,3.0,YAHOO,2.0252,2.4245,1.759,0.057055,0.4162,-0.844,83.71,2026-10-13,28,,,yahoo,1.0,0.0,0.0,0.0,1.0,0.0,1.0,0.0,0.0,-0.2885,-0.9915,2.7218,10.8572,18.2608,18.0512,363.25,365.18,365.18,-2.9621,-3.475,-3.475
AXP,324.42999267578125,324.43,2026-09-15,False,322.010009765625,326.9949951171875,-1.02,2.17,BAJO,219090763776.0,19.67,16.09,6.39,34.38,3.79,20.32,16.14,,,1.72,1.55,4.0,YAHOO,2.0252,2.4245,1.759,0.057055,0.4162,-0.844,83.71,2026-10-23,38,,,yahoo,1.0,0.0,1.0,1.0,0.0,0.0,1.0,0.0,0.0,-0.5121,-1.7385,-10.2719,-3.0002,16.9791,23.518,339.9,361.57,381.7816,-4.5513,-10.2719,-15.0221
MA,573.27001953125,573.27,2026-09-15,False,567.3049926757812,574.0,-0.2,0.93,BAJO,502190211072.0,31.59,24.9,89.63,241.2,24.06,61.11,46.34,3.38,23.25,4.4,1.06,9.0,YAHOO,2.0252,2.4245,1.759,0.057055,0.4162,-0.844,83.71,2026-10-29,44,,,yahoo,1.0,1.0,1.0,1.0,1.0,1.0,1.0,1.0,1.0,0.4169,-2.7218,3.9399,17.0371,10.1322,21.4986,599.86,599.86,599.86,-4.4327,-4.4327,-4.4327
V,375.6199951171875,375.62,2026-09-15,False,372.8200988769531,376.3599853515625,0.09,13.65,BAJO,701300277248.0,31.97,25.03,19.91,61.19,19.11,66.13,50.78,2.91,22.52,0.68,0.98,6.0,YAHOO,2.0252,2.4245,1.759,0.057055,0.4162,-0.844,83.71,2026-10-27,42,,,yahoo,1.0,0.0,1.0,1.0,1.0,0.0,1.0,0.0,1.0,1.8934,-0.9885,3.0612,16.212,10.2402,20.1148,384.14,384.14,384.14,-2.2179,-2.2179,-2.2179
PYPL,53.810001373291016,53.81,2026-09-15,False,53.380001068115234,54.2400016784668,-0.41,-16.95,BAJO,46032351232.0,10.17,9.3,2.34,24.5,4.62,16.97,14.36,9.61,7.62,0.72,1.29,9.0,YAHOO,2.0252,2.4245,1.759,0.057055,0.4162,-0.844,83.71,2026-10-27,42,,,yahoo,1.0,1.0,1.0,1.0,1.0,1.0,1.0,1.0,1.0,1.1847,2.4265,-4.9129,26.9544,16.9622,53.049,62.1465,62.1465,75.2904,-13.4143,-13.4143,-28.53
PAGS,9.619999885559082,9.62,2026-09-15,False,9.609999656677246,10.013999938964844,-3.12,3.53,BAJO,2651714560.0,6.54,5.07,0.91,14.54,6.36,36.2,10.86,-70.0,0.34,0.12,1.55,7.0,YAHOO,2.0252,2.4245,1.759,0.057055,0.4162,-0.844,83.71,2026-11-11,57,,,yahoo,1.0,0.0,1.0,1.0,1.0,0.0,1.0,1.0,1.0,-1.3333,6.6519,5.1366,8.4555,59.7744,33.6217,10.13,10.13,11.7187,-5.0346,-5.0346,-17.9087
NU,14.1899995803833,14.19,2026-09-15,False,14.0600004196167,14.40999984741211,-1.53,-8.83,BAJO,68547473408.0,19.44,12.38,5.17,31.63,4.96,50.15,42.73,,,,,4.0,YAHOO,2.0252,2.4245,1.759,0.057055,0.4162,-0.844,83.71,2026-11-12,58,,,yahoo,1.0,0.0,1.0,1.0,1.0,0.0,0.0,0.0,0.0,-7.4364,-2.4742,2.9006,14.1593,18.241,40.7976,15.68,15.68,18.76,-9.5026,-9.5026,-24.3603
XP,19.530000686645508,19.53,2026-09-15,False,19.329999923706055,19.684999465942383,-0.33,8.55,BAJO,9910362112.0,9.86,8.21,2.15,22.56,1.36,31.18,28.54,,,6.42,1.49,7.0,YAHOO,2.0252,2.4245,1.759,0.057055,0.4162,-0.844,83.71,2026-11-16,62,2026-08-17,29.0,yahoo,1.0,1.0,1.0,1.0,1.0,0.0,1.0,1.0,0.0,-2.3011,7.1311,17.0863,23.5294,45.1543,40.4655,20.0,20.0,22.6565,-2.35,-2.35,-13.7997
AIG,75.9800033569336,75.98,2026-09-15,False,75.19000244140625,76.20999908447266,-0.41,2.97,BAJO,39729426432.0,13.86,8.65,0.98,7.22,1.76,19.41,11.09,18.54,4.73,0.22,0.61,5.0,YAHOO,2.0252,2.4245,1.759,0.057055,0.4162,-0.844,83.71,2026-11-04,50,,,yahoo,1.0,1.0,1.0,1.0,0.0,0.0,1.0,0.0,0.0,1.7408,-0.4976,-2.6272,1.469,11.4001,20.5389,77.38,81.06,85.514,-1.8092,-6.267,-11.149
BRK-B,516.760009765625,516.76,2026-09-15,False,512.4849853515625,516.869873046875,0.35,7.11,BAJO,1106233131008.0,13.0,23.29,0.0,12.12,6.01,32.56,22.3,6.51,-1.79,0.17,2.89,4.0,YAHOO,2.0252,2.4245,1.759,0.057055,0.4162,-0.844,83.71,2026-11-07,53,,,yahoo,1.0,0.0,1.0,0.0,1.0,0.0,1.0,0.0,0.0,2.1608,2.5256,4.794,4.2864,5.8302,14.7608,516.76,529.42,529.42,0.0,-2.3913,-2.3913
BBD,3.5,3.5,2026-09-15,False,3.490000009536743,3.5399999618530273,-1.13,16.94,BAJO,36997492736.0,8.14,6.43,1.04,13.76,1.07,34.52,26.07,,,,,4.0,YAHOO,2.0252,2.4245,1.759,0.057055,0.4162,-0.844,83.71,2026-11-04,50,,,yahoo,1.0,1.0,0.0,0.0,1.0,0.0,1.0,0.0,0.0,-1.4084,6.8312,-1.1807,3.1902,43.3304,30.3714,3.6,3.7214,4.1061,-2.7778,-5.9495,-14.7619
AEG,9.0600004196167,9.06,2026-09-15,False,8.979999542236328,9.127699851989746,0.0,23.87,BAJO,13408715776.0,12.08,9.68,1.3,11.07,0.1,5.82,8.62,-32.18,,0.43,1.16,6.0,YAHOO,2.0252,2.4245,1.759,0.057055,0.4162,-0.844,83.71,,999,2026-08-20,26.0,yahoo,1.0,1.0,1.0,0.0,1.0,0.0,1.0,0.0,1.0,-0.6579,1.8329,3.6473,9.2433,1.4315,18.5338,9.2,9.2766,9.2766,-1.5217,-2.3344,-2.3344
SAN,14.649999618530273,14.65,2026-09-15,False,14.539999961853027,14.710000038146973,-0.61,48.24,BAJO,212636041216.0,14.22,10.24,1.64,13.11,0.78,43.44,33.46,,,,,4.0,YAHOO,2.0252,2.4245,1.759,0.057055,0.4162,-0.844,83.71,2026-10-28,43,,,yahoo,1.0,1.0,0.0,0.0,1.0,0.0,1.0,0.0,0.0,-1.4132,0.6181,7.5624,11.4916,25.4858,28.4767,15.05,15.05,15.05,-2.6578,-2.6578,-2.6578
GGAL,42.13999938964844,42.14,2026-09-15,False,41.939998626708984,43.07500076293945,-1.91,52.77,BAJO,7140767744.0,123.94,6.02,11.13,1.09,0.2,17.32,1.5,,,,,1.0,YAHOO,2.0252,2.4245,1.759,0.057055,0.4162,-0.844,83.71,2026-11-24,70,2026-08-25,21.0,yahoo,1.0,0.0,0.0,0.0,0.0,0.0,0.0,0.0,0.0,-4.4878,-3.68,-15.8421,-24.5346,19.697,45.0848,45.01,53.6149,58.6267,-6.3764,-21.4025,-28.1215
MELI,1828.93994140625,1828.9399,2026-09-15,False,1828.219970703125,1886.35498046875,-3.75,-19.72,BAJO,92721405952.0,49.88,32.18,11.84,27.5,4.31,6.72,5.3,0.38,26.67,1.69,1.12,5.0,YAHOO,2.0252,2.4245,1.759,0.057055,0.4162,-0.844,83.71,2026-11-04,50,,,yahoo,1.0,0.0,1.0,1.0,1.0,0.0,1.0,0.0,0.0,-5.0518,-5.5397,-1.5333,11.0899,35.8863,36.2951,2006.58,2006.58,2510.97,-8.8529,-8.8529,-27.162
WFC,89.72000122070312,89.72,2026-09-15,False,87.91000366210938,91.98999786376953,1.14,14.59,BAJO,271313207296.0,13.04,11.35,1.69,12.57,1.08,37.39,27.23,,,,,3.0,YAHOO,2.0252,2.4245,1.759,0.057055,0.4162,-0.844,83.71,2026-10-13,28,,,yahoo,1.0,0.0,0.0,0.0,1.0,0.0,1.0,0.0,0.0,2.0009,3.8546,2.4584,8.5339,21.0975,22.8768,90.29,90.29,94.8289,-0.6313,-0.6313,-5.3875
BNY,154.6699981689453,154.67,2026-09-15,False,152.5399932861328,156.875,-1.9,49.97,BAJO,104944230400.0,18.03,15.09,2.63,14.12,1.26,40.05,29.41,,,,,6.0,YAHOO,2.0252,2.4245,1.759,0.057055,0.4162,-0.844,83.71,2026-10-15,30,,,yahoo,1.0,1.0,1.0,1.0,1.0,0.0,1.0,0.0,0.0,-5.023,-4.0985,-3.4654,8.9724,24.4227,22.8266,164.84,164.84,164.84,-6.1696,-6.1696,-6.1696
BCS,25.440000534057617,25.44,2026-09-15,False,25.120100021362305,25.780000686645508,-1.62,25.66,BAJO,85277163520.0,9.75,7.63,0.97,10.09,0.47,42.95,27.87,,,,,6.0,YAHOO,2.0252,2.4245,1.759,0.057055,0.4162,-0.844,83.71,2026-10-22,37,,,yahoo,1.0,1.0,1.0,1.0,0.0,0.0,1.0,0.0,1.0,-5.0746,-4.5045,-8.8709,0.3344,33.3403,30.3869,27.37,28.2428,28.2428,-7.0515,-9.9239,-9.9239
HSBC,102.22000122070312,102.22,2026-09-15,False,101.3499984741211,103.58000183105469,-1.65,55.95,BAJO,350079582208.0,14.6,10.79,8.11,13.1,0.78,58.77,37.8,,,,,5.0,YAHOO,2.0252,2.4245,1.759,0.057055,0.4162,-0.844,83.71,2026-10-27,42,,,yahoo,1.0,0.0,1.0,1.0,1.0,0.0,1.0,0.0,0.0,-3.802,-0.892,2.1822,10.5398,23.7287,21.0557,107.11,107.3417,107.3417,-4.5654,-4.7714,-4.7714
BHP,84.7699966430664,84.77,2026-09-15,False,84.08999633789062,85.08499908447266,0.04,63.16,BAJO,215440982016.0,21.96,18.1,4.23,24.0,13.43,43.34,16.73,4.45,7.71,0.5,1.89,7.0,YAHOO,2.0252,2.4245,1.759,0.057055,0.4162,-0.844,83.71,,999,2026-08-17,29.0,yahoo,1.0,0.0,1.0,1.0,1.0,1.0,0.0,1.0,1.0,-7.8487,-7.7726,7.3224,-5.9808,39.7539,34.4941,96.5823,96.5823,96.5823,-12.2303,-12.2303,-12.2303
LYG,5.880000114440918,5.88,2026-09-15,False,5.820000171661377,5.920000076293945,-0.34,33.85,BAJO,84923490304.0,13.67,9.19,1.52,11.34,0.56,44.96,26.43,,,,,6.0,YAHOO,2.0252,2.4245,1.759,0.057055,0.4162,-0.844,83.71,2026-10-29,44,,,yahoo,1.0,1.0,1.0,1.0,0.0,0.0,1.0,0.0,1.0,-2.0,0.1704,-1.1656,8.5559,25.5484,26.9125,6.1,6.21,6.21,-3.6066,-5.314,-5.314
ING,36.779998779296875,36.78,2026-09-15,False,36.44240188598633,36.88199996948242,-0.49,51.16,BAJO,104837849088.0,13.72,11.49,1.8,17.12,0.8,49.1,34.49,,,,,2.0,YAHOO,2.0252,2.4245,1.759,0.057055,0.4162,-0.844,83.71,2026-10-29,44,,,yahoo,1.0,0.0,0.0,0.0,0.0,0.0,1.0,0.0,0.0,-1.0226,4.1336,13.4884,22.4392,17.3283,25.6984,37.27,37.27,37.27,-1.3147,-1.3147,-1.3147
IBN,28.399999618530273,28.4,2026-09-15,False,28.260000228881836,28.549999237060547,-2.94,-8.56,BAJO,101923340288.0,17.53,15.11,2.54,16.07,2.11,38.51,27.53,,,,,4.0,YAHOO,2.0252,2.4245,1.759,0.057055,0.4162,-0.844,83.71,2026-10-17,32,,,yahoo,1.0,0.0,1.0,1.0,1.0,0.0,0.0,0.0,0.0,-3.8266,-6.4559,-3.1526,2.9765,31.1927,20.2914,30.58,30.58,32.6665,-7.1288,-7.1288,-13.0608
MUFG,23.709999084472656,23.71,2026-09-15,False,23.490800857543945,23.729999542236328,-0.75,53.29,BAJO,266874175488.0,15.3,23.02,1.79,9.46,0.51,45.6,27.45,,,,,1.0,YAHOO,2.0252,2.4245,1.759,0.057055,0.4162,-0.844,83.71,2026-11-12,58,,,yahoo,1.0,0.0,0.0,0.0,0.0,0.0,0.0,0.0,0.0,0.4661,4.2198,7.1396,17.4926,22.6331,29.4484,24.13,24.13,24.13,-1.7406,-1.7406,-1.7406
GS,976.6699829101562,976.67,2026-09-15,False,954.489990234375,988.0,-1.19,28.56,BAJO,284378365952.0,15.09,13.19,2.7,16.9,1.07,42.18,31.04,,,7.25,1.56,4.0,YAHOO,2.0252,2.4245,1.759,0.057055,0.4162,-0.844,83.71,2026-10-13,28,,,yahoo,1.0,1.0,0.0,0.0,0.0,0.0,1.0,0.0,1.0,-5.775,-4.3325,-10.4072,-8.8013,32.0025,36.49,1053.7192,1146.4551,1146.4551,-7.3121,-14.8096,-14.8096
BX,126.69999694824219,126.7,2026-09-15,False,126.33999633789062,128.4001007080078,-1.24,-26.29,BAJO,151444226048.0,28.41,16.93,11.24,31.37,14.33,54.36,22.73,,,0.68,0.87,5.0,YAHOO,2.0252,2.4245,1.759,0.057055,0.4162,-0.844,83.71,2026-10-22,37,,,yahoo,1.0,0.0,1.0,1.0,1.0,0.0,0.0,0.0,1.0,-5.4266,-11.5471,-0.758,2.6979,35.413,37.1928,145.09,149.32,181.3246,-12.6749,-15.1487,-30.1253
ITUB,8.260000228881836,8.26,2026-09-15,False,8.170000076293945,8.300000190734863,0.36,30.79,BAJO,91040669696.0,10.07,8.36,2.13,21.48,1.58,39.07,32.58,,,,,4.0,YAHOO,2.0252,2.4245,1.759,0.057055,0.4162,-0.844,83.71,2026-11-03,49,,,yahoo,1.0,1.0,1.0,0.0,0.0,0.0,1.0,0.0,0.0,-0.6017,8.5838,-0.4078,4.9854,25.6862,30.0959,8.33,8.6136,9.3754,-0.8403,-4.105,-11.8973
BAC,59.52000045776367,59.52,2026-09-15,False,58.77000045776367,59.91999816894531,0.08,22.14,BAJO,416208388096.0,13.75,11.25,1.51,11.2,0.97,38.3,29.52,,,,,5.0,YAHOO,2.0252,2.4245,1.759,0.057055,0.4162,-0.844,83.71,2026-10-14,29,,,yahoo,1.0,1.0,1.0,0.0,0.0,0.0,1.0,0.0,1.0,-4.6001,-3.4167,-2.7099,7.0766,41.1548,20.3516,63.904,64.481,64.481,-6.8602,-7.6938,-7.6938
RACE,406.9200134277344,406.92,2026-09-15,False,404.6600036621094,408.1300048828125,-0.53,-12.08,BAJO,71476494336.0,37.82,31.95,16.88,45.44,13.61,31.06,22.25,1.4,29.83,0.86,2.43,9.0,YAHOO,2.0252,2.4245,1.759,0.057055,0.4162,-0.844,83.71,2026-11-03,49,,,yahoo,1.0,1.0,1.0,1.0,1.0,1.0,1.0,1.0,1.0,0.2414,-3.7104,6.3621,10.2585,21.0463,27.9761,436.54,436.54,498.3386,-6.7852,-6.7852,-18.3447
C,136.1699981689453,136.17,2026-09-15,False,133.92999267578125,139.71499633789062,-0.01,41.32,BAJO,228416569344.0,14.69,10.57,1.19,8.53,0.66,36.23,21.83,,,,,3.0,YAHOO,2.0252,2.4245,1.759,0.057055,0.4162,-0.844,83.71,2026-10-13,28,,,yahoo,1.0,0.0,0.0,0.0,1.0,0.0,1.0,0.0,0.0,-0.4169,3.4569,3.9119,-3.0789,17.3555,27.3944,138.82,144.9331,144.9331,-1.909,-6.0463,-6.0463
SCHW,107.79000091552734,107.79,2026-09-15,False,106.91439819335938,109.55999755859375,0.45,20.51,BAJO,186405093376.0,19.63,13.81,4.24,20.27,2.07,52.28,38.79,,,1.51,0.66,7.0,YAHOO,2.0252,2.4245,1.759,0.057055,0.4162,-0.844,83.71,2026-10-15,30,,,yahoo,1.0,1.0,1.0,1.0,1.0,0.0,1.0,0.0,1.0,0.8609,-1.8485,5.1598,18.8613,5.9131,22.0884,113.65,113.65,113.65,-5.1562,-5.1562,-5.1562
PG,146.6699981689453,146.67,2026-09-15,False,143.92999267578125,147.22000122070312,0.37,-1.75,BAJO,340666351616.0,22.16,19.82,6.39,30.29,10.72,22.08,18.44,3.9,14.83,0.64,0.68,6.0,YAHOO,2.0252,2.4245,1.759,0.057055,0.4162,-0.844,83.71,2026-10-22,37,,,yahoo,1.0,0.0,1.0,1.0,1.0,0.0,1.0,0.0,1.0,0.7487,1.0681,-2.4654,-1.7912,9.8979,19.1878,147.64,151.6182,164.7207,-0.657,-3.2636,-10.9584
KO,88.70999908447266,88.71,2026-09-15,False,87.80400085449219,88.8949966430664,-0.72,38.71,BAJO,381679108096.0,26.64,25.16,10.56,42.05,9.4,34.87,28.56,1.37,24.39,1.16,1.3,7.0,YAHOO,2.0252,2.4245,1.759,0.057055,0.4162,-0.844,83.71,2026-10-20,35,,,yahoo,1.0,1.0,1.0,0.0,1.0,1.0,1.0,1.0,0.0,0.3961,0.0451,4.463,9.6403,12.6008,22.3011,91.99,91.99,91.99,-3.5656,-3.5656,-3.5656
PEP,135.5,135.5,2026-09-15,False,134.75,136.00999450683594,-0.62,2.23,BAJO,185092997120.0,17.74,15.1,8.38,51.51,8.93,16.84,10.79,4.23,12.12,2.39,0.93,5.0,YAHOO,2.0252,2.4245,1.759,0.057055,0.4162,-0.844,83.71,2026-10-08,23,,,yahoo,1.0,0.0,1.0,1.0,0.0,1.0,1.0,0.0,0.0,-2.1307,-2.4173,-1.7804,-6.3607,4.5715,22.2904,143.1409,143.4476,165.4534,-5.338,-5.5404,-18.1039
MO,69.80999755859375,69.81,2026-09-15,False,68.44000244140625,70.51499938964844,-1.13,15.03,BAJO,116564811776.0,14.7,11.9,-43.69,,29.49,76.12,39.0,7.73,8.91,,0.52,6.0,YAHOO,2.0252,2.4245,1.759,0.057055,0.4162,-0.844,83.71,2026-10-29,44,,,yahoo,1.0,0.0,1.0,1.0,0.0,1.0,1.0,1.0,0.0,2.4057,1.9422,-4.4091,0.3161,23.7167,31.4793,70.61,74.92,74.92,-1.133,-6.8206,-6.8206
WMT,108.08999633789062,108.09,2026-09-15,False,107.86000061035156,109.23999786376953,-0.91,7.1,BAJO,860188704768.0,39.16,33.46,9.12,22.31,6.41,3.45,3.0,0.83,21.23,0.72,0.77,7.0,YAHOO,2.0252,2.4245,1.759,0.057055,0.4162,-0.844,83.71,2026-11-19,65,2026-08-20,26.0,yahoo,1.0,1.0,1.0,1.0,1.0,0.0,1.0,1.0,0.0,1.9236,3.0705,-5.7427,-10.3222,19.9404,29.1613,114.9249,119.1348,133.8795,-5.9473,-9.2708,-19.2632
TGT,154.39999389648438,154.4,2026-09-15,False,153.72999572753906,159.19500732421875,-2.71,83.38,BAJO,70143410176.0,16.03,16.18,3.93,26.41,5.69,6.04,4.08,4.89,9.77,1.08,0.99,6.0,YAHOO,2.0252,2.4245,1.759,0.057055,0.4162,-0.844,83.71,2026-11-18,64,2026-08-19,27.0,yahoo,1.0,0.0,1.0,1.0,1.0,1.0,1.0,0.0,0.0,-5.1073,-4.0279,10.9658,16.8319,30.5189,33.2484,169.89,169.89,169.89,-9.1177,-9.1177,-9.1177
MCD,252.77999877929688,252.78,2026-09-15,False,252.6999969482422,257.7799987792969,-1.83,-12.19,BAJO,178877628416.0,20.53,18.09,-174.81,,13.25,46.48,31.72,3.5,15.81,,1.08,6.0,YAHOO,2.0252,2.4245,1.759,0.057055,0.4162,-0.844,83.71,2026-11-05,51,,,yahoo,1.0,0.0,1.0,1.0,1.0,0.0,1.0,1.0,0.0,-1.1845,-3.4011,-6.9053,-11.0245,24.6954,22.3781,270.6165,280.2182,334.503,-6.5911,-9.7917,-24.4312
SBUX,96.58000183105469,96.58,2026-09-15,False,96.04000091552734,98.9000015258789,-2.51,21.77,BAJO,110101200896.0,55.83,30.94,-14.34,,8.02,12.92,5.17,2.78,22.85,,0.76,5.0,YAHOO,2.0252,2.4245,1.759,0.057055,0.4162,-0.844,83.71,2026-10-28,43,,,yahoo,1.0,0.0,1.0,1.0,1.0,0.0,0.0,0.0,1.0,-5.323,-9.1012,-10.3674,-4.3855,19.0108,22.2849,108.49,108.49,108.49,-10.978,-10.978,-10.978
NKE,36.220001220703125,36.22,2026-09-15,False,36.16999816894531,36.880001068115234,-2.24,-46.79,BAJO,53732327424.0,17.25,15.83,3.61,22.14,6.97,12.69,6.7,3.52,11.56,0.74,1.96,4.0,YAHOO,2.0252,2.4245,1.759,0.057055,0.4162,-0.844,83.71,2026-10-01,16,,,yahoo,1.0,0.0,1.0,0.0,1.0,0.0,0.0,1.0,0.0,-4.9344,-6.2872,-17.8725,-19.0172,24.6878,31.1955,40.6191,44.1022,72.1898,-10.8301,-17.8725,-49.8267
MDLZ,62.099998474121094,62.1,2026-09-15,False,61.709999084472656,62.33000183105469,-0.46,6.29,BAJO,79258730496.0,22.75,18.47,2.99,13.34,4.12,21.98,8.86,2.84,16.45,0.83,0.6,5.0,YAHOO,2.0252,2.4245,1.759,0.057055,0.4162,-0.844,83.71,2026-10-27,42,,,yahoo,1.0,0.0,1.0,1.0,0.0,0.0,1.0,0.0,1.0,0.7626,0.0483,1.1071,1.822,3.728,26.1812,64.7,64.99,64.99,-4.0185,-4.4468,-4.4468
HSY,170.4199981689453,170.42,2026-09-15,False,169.4199981689453,173.65499877929688,-1.88,-3.41,BAJO,34241751040.0,23.31,17.27,7.5,32.81,9.92,23.12,12.24,5.09,14.71,1.3,1.18,4.0,YAHOO,2.0252,2.4245,1.759,0.057055,0.4162,-0.844,83.71,2026-11-05,51,,,yahoo,1.0,0.0,1.0,1.0,0.0,1.0,0.0,0.0,0.0,-1.6448,-3.2859,-1.6942,-5.1626,20.9294,27.3437,189.94,189.94,232.6481,-10.2769,-10.2769,-26.7477
ANF,135.1699981689453,135.17,2026-09-15,False,134.6999969482422,141.0,-3.88,56.25,BAJO,5735854592.0,11.68,10.53,4.23,40.61,13.63,19.94,10.04,7.6,7.24,0.94,1.41,5.0,YAHOO,2.0252,2.4245,1.759,0.057055,0.4162,-0.844,83.71,2026-11-25,71,2026-08-26,20.0,yahoo,1.0,0.0,1.0,1.0,0.0,1.0,1.0,0.0,0.0,-10.7376,-5.5284,38.821,48.3754,51.0852,88.7045,152.08,152.08,152.08,-11.1192,-11.1192,-11.1192
EBAY,108.02999877929688,108.03,2026-09-15,False,106.54499816894531,109.52999877929688,-0.88,23.06,BAJO,48073351168.0,22.7,16.07,10.31,46.61,9.15,21.57,18.57,3.29,16.9,1.53,1.02,5.0,YAHOO,2.0252,2.4245,1.759,0.057055,0.4162,-0.844,83.71,2026-11-04,50,,,yahoo,1.0,1.0,1.0,0.0,0.0,0.0,1.0,0.0,1.0,3.289,4.3163,-2.3006,-0.7525,22.9678,32.5678,108.99,117.084,118.2715,-0.8808,-7.7329,-8.6593
ABEV,3.0199999809265137,3.02,2026-09-15,False,3.009999990463257,3.0399999618530273,-0.33,31.96,BAJO,46557790208.0,15.1,14.09,2.7,18.4,10.3,23.74,18.41,42.65,1.2,0.03,1.02,8.0,YAHOO,2.0252,2.4245,1.759,0.057055,0.4162,-0.844,83.71,2026-10-29,44,,,yahoo,1.0,1.0,1.0,1.0,1.0,0.0,1.0,1.0,1.0,-0.6579,5.2265,-0.9836,-6.8115,11.6505,20.0357,3.04,3.23,3.4202,-0.6579,-6.5015,-11.7019
UL,62.439998626708984,62.44,2026-09-15,False,62.41999816894531,62.974998474121094,-1.78,-5.96,BAJO,134449840128.0,21.09,15.84,7.16,31.87,8.29,20.34,18.32,5.01,14.96,1.75,0.74,7.0,YAHOO,2.0252,2.4245,1.759,0.057055,0.4162,-0.844,83.71,2026-10-28,43,2026-07-28,49.0,finnhub,1.0,1.0,1.0,0.0,0.0,1.0,1.0,1.0,1.0,-1.7312,-3.7163,0.407,7.2844,31.3497,28.2312,65.32,66.3122,72.7099,-4.4091,-5.8394,-14.1245
URBN,75.91000366210938,75.91,2026-09-15,False,75.16999816894531,77.76499938964844,-1.43,7.45,BAJO,6502465024.0,11.88,10.97,2.49,20.94,8.02,11.62,8.79,1.5,9.14,0.43,1.58,8.0,YAHOO,2.0252,2.4245,1.759,0.057055,0.4162,-0.844,83.71,2026-11-25,71,2026-08-26,20.0,yahoo,1.0,1.0,1.0,1.0,0.0,1.0,1.0,1.0,1.0,-4.4316,-5.9239,0.6497,-1.4284,47.6646,41.5319,82.95,82.95,82.95,-8.487,-8.487,-8.487
CL,87.0,87.0,2026-09-15,False,86.47000122070312,87.83999633789062,-1.01,10.56,BAJO,69354037248.0,34.25,21.18,293.92,267.37,15.84,20.97,9.68,4.99,15.41,13.88,1.03,5.0,YAHOO,2.0252,2.4245,1.759,0.057055,0.4162,-0.844,83.71,2026-10-30,45,,,yahoo,1.0,0.0,1.0,1.0,1.0,0.0,1.0,0.0,0.0,-1.5948,-3.1396,-6.9855,-3.4017,17.9977,21.6711,92.55,94.5877,97.966,-5.9968,-8.0219,-11.1937
COST,901.3499755859375,901.35,2026-09-15,False,900.25,916.9199829101562,-1.91,-3.59,BAJO,399729623040.0,45.41,39.83,24.18,29.15,8.67,3.67,3.01,1.74,29.43,0.6,1.07,6.0,YAHOO,2.0252,2.4245,1.759,0.057055,0.4162,-0.844,83.71,2026-09-24,9,,,yahoo,1.0,0.0,1.0,1.0,1.0,1.0,0.0,1.0,0.0,-0.9701,-4.5069,-4.525,-7.8276,22.7511,20.6836,971.4,974.03,1092.5829,-7.2112,-7.4618,-17.5028
KMB,98.67500305175781,98.675,2026-09-15,False,97.19999694824219,98.81500244140625,-0.42,-15.35,BAJO,32817238016.0,19.5,13.19,18.75,104.91,10.2,19.0,11.79,2.87,11.07,3.49,0.91,4.0,YAHOO,2.0252,2.4245,1.759,0.057055,0.4162,-0.844,83.71,2026-11-03,49,,,yahoo,1.0,0.0,1.0,1.0,1.0,0.0,0.0,0.0,0.0,-4.1339,-7.4951,-8.3778,-3.1811,10.2653,27.6348,110.0495,113.3795,119.4738,-10.3358,-12.9693,-17.4087
ORLY,85.16000366210938,85.16,2026-09-15,False,84.98999786376953,86.96929931640625,-2.36,-17.91,BAJO,68891099136.0,27.03,23.32,-37.87,,13.67,20.15,14.27,2.28,19.16,,0.75,7.0,YAHOO,2.0252,2.4245,1.759,0.057055,0.4162,-0.844,83.71,2026-10-28,43,,,yahoo,1.0,0.0,1.0,1.0,1.0,1.0,1.0,1.0,0.0,-0.8499,-4.0991,-1.2638,-5.6503,26.79,31.205,91.2,93.53,107.81,-6.6228,-8.949,-21.0092
PM,194.11000061035156,194.11,2026-09-15,False,190.79400634765625,195.22000122070312,-0.38,26.41,BAJO,302542454784.0,26.63,21.18,-35.25,,14.59,40.0,25.56,3.21,19.36,,0.98,7.0,YAHOO,2.0252,2.4245,1.759,0.057055,0.4162,-0.844,83.71,2026-10-21,36,,,yahoo,1.0,1.0,1.0,1.0,1.0,1.0,0.0,1.0,0.0,5.0777,3.6359,2.2493,7.6505,19.116,27.683,194.86,200.17,200.17,-0.3849,-3.0274,-3.0274
ETSY,74.0,74.0,2026-09-15,False,73.54000091552734,76.23999786376953,-0.62,30.01,BAJO,6791848960.0,23.42,10.74,-4.9,,10.53,18.74,7.11,2.5,18.58,,1.48,5.0,YAHOO,2.0252,2.4245,1.759,0.057055,0.4162,-0.844,83.71,2026-11-04,50,,,yahoo,1.0,0.0,1.0,1.0,1.0,0.0,1.0,0.0,0.0,1.6204,-9.0127,-11.356,2.5073,20.4853,45.9866,87.03,87.03,87.03,-14.9718,-14.9718,-14.9718
TM,195.47000122070312,195.47,2026-09-15,False,195.13499450683594,196.49609375,-1.06,1.06,BAJO,231472332800.0,8.47,12.39,15.9,12.4,2.34,7.86,8.63,-1555.25,6.3,1.15,1.17,3.0,YAHOO,2.0252,2.4245,1.759,0.057055,0.4162,-0.844,83.71,2026-11-05,51,,,yahoo,1.0,0.0,1.0,1.0,0.0,0.0,0.0,0.0,0.0,2.0998,-0.5444,8.7394,8.4619,27.8925,23.3826,199.87,199.87,248.29,-2.2014,-2.2014,-21.2735
HMC,32.209999084472656,32.21,2026-09-15,False,32.20000076293945,32.380001068115234,-0.86,-2.53,BAJO,41798021120.0,,,0.52,-0.76,-0.15,8.76,-0.75,640.59,7.16,1.14,1.29,3.0,YAHOO,2.0252,2.4245,1.759,0.057055,0.4162,-0.844,83.71,2026-11-05,51,,,yahoo,0.0,0.0,1.0,1.0,0.0,0.0,1.0,0.0,0.0,3.7025,0.7822,11.9569,19.429,25.5544,30.8544,33.37,33.37,34.12,-3.4762,-3.4762,-5.5979
NSANY,4.079999923706055,4.08,2026-09-15,False,4.079999923706055,4.179999828338623,-0.49,-16.42,BAJO,7132620288.0,,4.74,0.22,-7.65,0.69,2.63,-3.37,-19061.49,15.32,1.72,1.54,4.0,YAHOO,2.0252,2.4245,1.759,0.057055,0.4162,-0.844,83.71,2026-11-05,51,,,yahoo,0.0,1.0,1.0,1.0,0.0,1.0,0.0,0.0,0.0,3.0303,-1.4493,0.7407,-9.5344,35.0052,35.8564,4.26,4.51,6.05,-4.2254,-9.5344,-32.562
GM,85.37000274658203,85.37,2026-09-15,False,84.9000015258789,87.6500015258789,-2.05,48.04,BAJO,77213032448.0,38.11,5.75,1.21,3.16,2.25,3.2,1.05,28.41,10.97,2.02,1.14,5.0,YAHOO,2.0252,2.4245,1.759,0.057055,0.4162,-0.844,83.71,2026-10-20,35,,,yahoo,1.0,0.0,1.0,1.0,0.0,1.0,1.0,0.0,0.0,-0.4896,-0.896,10.0702,1.7563,35.1953,29.2713,87.76,90.1136,90.1136,-2.7233,-5.2641,-5.2641
ARCO,7.78000020980835,7.78,2026-09-15,False,7.710000038146973,7.929999828338623,-2.02,20.34,BAJO,1638958592.0,6.33,9.05,1.97,36.36,6.91,5.56,5.16,7.86,5.88,2.64,0.88,6.0,YAHOO,2.0252,2.4245,1.759,0.057055,0.4162,-0.844,83.71,2026-11-18,64,,,yahoo,1.0,1.0,1.0,1.0,0.0,1.0,1.0,0.0,0.0,-4.89,-1.7677,-6.2651,-10.6581,11.5305,23.2432,8.25,8.47,9.4222,-5.697,-8.1464,-17.4292
HD,305.4800109863281,305.48,2026-09-15,False,304.32000732421875,310.99951171875,-1.73,-23.71,BAJO,304774217728.0,21.36,19.06,18.35,104.3,12.14,12.86,8.41,3.53,15.06,3.8,1.08,4.0,YAHOO,2.0252,2.4245,1.759,0.057055,0.4162,-0.844,83.71,2026-11-17,63,2026-08-18,28.0,yahoo,1.0,0.0,1.0,1.0,1.0,0.0,0.0,0.0,0.0,-2.6203,-6.1309,-11.5766,-6.6972,22.83,26.8311,341.7813,355.2818,411.069,-10.6212,-14.0176,-25.6864
DIS,106.41999816894531,106.42,2026-09-15,False,105.94000244140625,108.31500244140625,-2.0,-4.65,BAJO,183754014720.0,21.94,14.23,1.67,8.01,4.81,19.3,8.7,2.65,11.22,0.39,0.71,8.0,YAHOO,2.0252,2.4245,1.759,0.057055,0.4162,-0.844,83.71,2026-11-12,58,,,yahoo,1.0,1.0,1.0,1.0,1.0,0.0,1.0,1.0,1.0,1.2945,-1.0507,6.7295,5.4533,28.1365,27.5621,111.25,111.25,114.9988,-4.3416,-4.3416,-7.4599
JNJ,267.20001220703125,267.2,2026-09-15,False,260.67999267578125,267.20001220703125,0.33,55.99,BAJO,643924885504.0,30.96,21.75,7.57,25.74,8.6,29.19,21.48,2.62,19.21,0.58,1.09,3.0,YAHOO,2.0252,2.4245,1.759,0.057055,0.4162,-0.844,83.71,2026-10-13,28,,,yahoo,1.0,1.0,1.0,0.0,0.0,0.0,0.0,0.0,0.0,-0.7134,0.5078,7.42,13.9429,5.3799,25.0938,278.43,278.43,278.43,-4.0333,-4.0333,-4.0333
LLY,1136.1099853515625,1136.11,2026-09-15,False,1131.5899658203125,1161.0,-0.19,54.78,BAJO,1013116305408.0,38.1,24.01,29.9,102.29,20.36,54.22,33.53,1.09,25.43,1.62,1.35,7.0,YAHOO,2.0252,2.4245,1.759,0.057055,0.4162,-0.844,83.71,2026-10-29,44,,,yahoo,1.0,1.0,1.0,0.0,0.0,1.0,1.0,1.0,1.0,1.0855,-1.7826,-2.6884,0.7427,18.955,33.8407,1280.34,1280.34,1280.34,-11.265,-11.265,-11.265
NVO,42.529998779296875,42.53,2026-09-15,False,42.404998779296875,42.93000030517578,-2.12,-17.74,BAJO,187936882688.0,10.42,12.52,5.49,59.81,18.73,42.54,35.35,20.05,1.66,0.63,0.87,4.0,YAHOO,2.0252,2.4245,1.759,0.057055,0.4162,-0.844,83.71,2026-11-04,50,,,yahoo,1.0,0.0,1.0,1.0,0.0,1.0,0.0,0.0,0.0,-5.8237,-6.1769,-16.3297,-1.9275,22.5341,35.9535,48.66,50.9588,60.9379,-12.5976,-16.5405,-30.2076
AMGN,375.6499938964844,375.65,2026-09-15,False,375.1499938964844,381.0400085449219,-1.53,42.67,BAJO,203088412672.0,23.33,15.39,17.38,91.47,8.67,35.55,22.95,4.26,14.27,4.9,1.37,7.0,YAHOO,2.0252,2.4245,1.759,0.057055,0.4162,-0.844,83.71,2026-11-03,49,,,yahoo,1.0,1.0,1.0,1.0,1.0,0.0,0.0,1.0,1.0,-4.4561,-12.6152,1.6861,7.7926,23.1288,33.3334,444.12,444.12,444.12,-15.417,-15.417,-15.417
UNH,375.92999267578125,375.93,2026-09-15,False,375.5,383.79998779296875,-1.99,12.91,BAJO,337432805376.0,24.14,16.67,3.46,14.15,4.87,7.13,3.14,7.19,14.75,0.69,0.78,6.0,YAHOO,2.0252,2.4245,1.759,0.057055,0.4162,-0.844,83.71,2026-10-13,28,,,yahoo,1.0,0.0,1.0,1.0,1.0,0.0,1.0,0.0,1.0,-5.637,-2.8672,-10.6607,-7.9786,29.9976,24.3813,398.5559,433.6796,433.6796,-5.677,-13.3162,-13.3162
PFE,27.549999237060547,27.55,2026-09-15,False,27.2450008392334,27.65999984741211,-0.61,24.97,BAJO,157026009088.0,36.25,9.51,1.84,5.01,5.78,27.88,6.8,7.95,8.28,0.74,1.27,5.0,YAHOO,2.0252,2.4245,1.759,0.057055,0.4162,-0.844,83.71,2026-11-03,49,,,yahoo,1.0,0.0,1.0,1.0,0.0,0.0,0.0,1.0,1.0,-0.8636,-3.1975,11.5034,7.8152,6.4009,21.9372,29.02,29.02,29.02,-5.0655,-5.0655,-5.0655
ABT,102.02999877929688,102.03,2026-09-15,False,101.48999786376953,103.05999755859375,-1.03,-18.54,BAJO,176551018496.0,33.02,16.82,3.45,10.58,5.33,14.71,11.65,4.08,17.65,0.63,1.38,5.0,YAHOO,2.0252,2.4245,1.759,0.057055,0.4162,-0.844,83.71,2026-10-14,29,,,yahoo,1.0,0.0,1.0,1.0,1.0,0.0,0.0,1.0,0.0,-3.3074,-7.548,3.2379,15.8878,20.4918,33.2352,116.67,116.67,133.5335,-12.5482,-12.5482,-23.5922
CVS,94.48999786376953,94.49,2026-09-15,False,93.83999633789062,95.5,-1.11,34.69,BAJO,120849907712.0,24.93,11.08,1.52,6.21,2.97,3.86,1.18,6.68,10.99,0.96,0.87,6.0,YAHOO,2.0252,2.4245,1.759,0.057055,0.4162,-0.844,83.71,2026-10-28,43,,,yahoo,1.0,0.0,1.0,1.0,1.0,1.0,0.0,0.0,1.0,-1.6446,0.6176,-10.7277,-5.5672,14.0408,25.3871,97.6,109.9195,109.9195,-3.1865,-14.0371,-14.0371
ABBV,263.0400085449219,263.04,2026-09-15,False,257.7950134277344,264.79998779296875,0.49,26.6,BAJO,464822566912.0,74.52,16.17,-78.31,,10.51,40.03,9.8,3.63,17.13,,0.81,7.0,YAHOO,2.0252,2.4245,1.759,0.057055,0.4162,-0.844,83.71,2026-10-29,44,,,yahoo,1.0,0.0,1.0,1.0,1.0,1.0,0.0,1.0,1.0,5.732,2.5817,3.4003,19.5507,10.0466,26.41,265.97,265.97,265.97,-1.1016,-1.1016,-1.1016
TMO,641.3900146484375,641.39,2026-09-15,False,613.9500122070312,641.8900146484375,4.53,37.53,BAJO,237152223232.0,34.5,23.3,4.5,13.51,5.13,18.75,15.04,2.63,22.62,0.81,1.55,5.0,YAHOO,2.0252,2.4245,1.759,0.057055,0.4162,-0.844,83.71,2026-10-21,36,,,yahoo,1.0,0.0,1.0,1.0,0.0,1.0,1.0,0.0,0.0,6.363,3.9362,18.0784,35.3943,33.9738,30.8897,641.39,641.39,641.39,0.0,0.0,0.0
AZN,161.85000610351562,161.85,2026-09-15,False,160.7100067138672,163.89999389648438,-1.18,6.74,BAJO,251012513792.0,24.23,14.25,4.99,21.96,8.02,23.46,17.02,1.95,14.14,0.64,0.89,7.0,YAHOO,2.0252,2.4245,1.759,0.057055,0.4162,-0.844,83.71,2026-10-30,45,,,yahoo,1.0,1.0,1.0,1.0,1.0,1.0,0.0,1.0,0.0,1.131,-0.1727,-4.3948,-8.6986,24.4087,34.4525,169.66,195.15,208.62,-4.6033,-17.0638,-22.4187
CAH,232.64999389648438,232.65,2026-09-15,False,230.33999633789062,234.8300018310547,-0.95,58.41,BAJO,54108741632.0,32.18,16.53,-18.8,,3.72,1.33,0.67,8.78,14.12,,0.88,8.0,YAHOO,2.0252,2.4245,1.759,0.057055,0.4162,-0.844,83.71,2026-11-05,51,,,yahoo,1.0,1.0,1.0,1.0,1.0,0.0,1.0,1.0,1.0,-3.26,-0.8397,1.7183,2.9843,11.8392,22.9252,248.61,248.61,248.61,-6.4197,-6.4197,-6.4197
ISRG,377.1600036621094,377.16,2026-09-15,False,368.85009765625,379.1050109863281,-0.21,-11.12,BAJO,135128145920.0,43.2,31.19,7.35,17.42,10.51,33.6,28.45,1.94,30.72,,4.96,7.0,YAHOO,2.0252,2.4245,1.759,0.057055,0.4162,-0.844,83.71,2026-10-20,35,,,yahoo,1.0,1.0,1.0,1.0,0.0,1.0,1.0,0.0,1.0,7.7108,0.0796,-6.2561,-9.4562,19.9003,48.5065,397.72,432.83,592.85,-5.1695,-12.8619,-36.3819
MRNA,143.77000427246094,143.77,2026-09-15,False,141.16000366210938,148.6999053955078,-1.99,504.03,BAJO,57398149120.0,,-32.17,8.48,-39.0,-13.26,-557.93,-141.43,0.52,-24.39,0.19,2.29,3.0,YAHOO,2.0252,2.4245,1.759,0.057055,0.4162,-0.844,83.71,2026-11-05,51,,,yahoo,0.0,1.0,0.0,1.0,0.0,0.0,0.0,1.0,0.0,2.4514,2.4441,127.6643,175.7913,48.4624,377.3032,174.38,174.38,174.38,-17.5536,-17.5536,-17.5536
NVS,138.6199951171875,138.62,2026-09-15,False,137.3699951171875,139.10000610351562,-0.27,17.81,BAJO,263477084160.0,20.94,14.09,6.34,30.35,10.25,34.62,22.5,4.52,13.25,1.17,0.86,8.0,YAHOO,2.0252,2.4245,1.759,0.057055,0.4162,-0.844,83.71,2026-10-27,42,,,yahoo,1.0,1.0,1.0,1.0,0.0,1.0,1.0,1.0,1.0,0.6681,-8.8386,-9.2385,-8.5379,12.0575,39.4002,163.09,163.09,163.6393,-15.004,-15.004,-15.2893
PHG,24.899999618530273,24.9,2026-09-15,False,24.729999542236328,24.939199447631836,-0.72,-6.19,BAJO,24337942528.0,18.86,13.08,1.83,10.15,4.07,13.99,6.31,6.28,12.51,0.65,1.26,7.0,YAHOO,2.0252,2.4245,1.759,0.057055,0.4162,-0.844,83.71,2026-11-03,49,,,yahoo,1.0,1.0,1.0,1.0,0.0,1.0,0.0,1.0,1.0,-1.5421,-6.2853,-8.7578,-6.7066,24.6882,23.7913,27.62,28.23,31.6757,-9.8479,-11.796,-21.3909
MRK,143.7899932861328,143.79,2026-09-15,False,142.32000732421875,144.14990234375,-0.73,83.59,BAJO,354754592768.0,115.03,15.06,8.47,6.96,11.87,-0.24,4.77,4.28,14.0,1.28,1.32,4.0,YAHOO,2.0252,2.4245,1.759,0.057055,0.4162,-0.844,83.71,2026-10-29,44,,,yahoo,1.0,0.0,1.0,0.0,0.0,1.0,1.0,0.0,0.0,-3.1456,-2.6868,12.6616,25.1436,16.5774,37.4249,156.45,156.45,156.45,-8.092,-8.092,-8.092
GILD,146.3000030517578,146.3,2026-09-15,False,142.94000244140625,146.35000610351562,-0.08,34.44,BAJO,181405450240.0,,14.79,15.35,-20.68,14.09,33.68,-10.64,5.39,13.88,2.23,1.26,8.0,YAHOO,2.0252,2.4245,1.759,0.057055,0.4162,-0.844,83.71,2026-10-29,44,,,yahoo,1.0,1.0,1.0,1.0,1.0,0.0,1.0,1.0,1.0,-0.2319,-0.0273,7.3368,17.6991,19.1232,29.0048,151.22,151.22,153.9087,-3.2535,-3.2535,-4.9436
BMY,63.72999954223633,63.73,2026-09-15,False,63.150001525878906,64.12999725341797,-0.58,46.07,BAJO,130182201344.0,14.04,9.72,5.83,46.6,10.72,34.42,18.87,6.23,8.71,2.02,1.53,8.0,YAHOO,2.0252,2.4245,1.759,0.057055,0.4162,-0.844,83.71,2026-10-29,44,,,yahoo,1.0,1.0,1.0,1.0,1.0,1.0,0.0,1.0,1.0,-1.484,-4.6101,5.3214,14.5971,11.8046,28.2633,68.09,68.09,68.09,-6.4033,-6.4033,-6.4033
HIMS,27.850000381469727,27.85,2026-09-15,False,27.799999237060547,29.155000686645508,-3.33,-46.41,BAJO,6497778688.0,,34.09,20.05,-32.03,-2.21,-12.75,-5.51,13.07,-729.78,4.77,0.93,4.0,YAHOO,2.0252,2.4245,1.759,0.057055,0.4162,-0.844,83.71,2026-11-09,55,,,yahoo,1.0,0.0,1.0,1.0,0.0,1.0,0.0,0.0,0.0,-1.136,-5.8485,-17.31,-7.6898,55.1569,85.5298,33.78,38.28,62.76,-17.5548,-27.2466,-55.6246
CAT,783.5399780273438,783.54,2026-09-15,False,776.5,791.2000122070312,-0.06,83.33,BAJO,360173633536.0,33.76,24.2,18.57,56.97,9.03,22.18,14.51,1.4,24.59,2.33,1.37,6.0,YAHOO,2.0252,2.4245,1.759,0.057055,0.4162,-0.844,83.71,2026-10-29,44,,,yahoo,1.0,0.0,1.0,1.0,1.0,1.0,1.0,0.0,0.0,-4.7345,-1.7468,-10.5084,-15.9473,39.4977,42.4074,840.87,1062.9282,1062.9282,-6.8179,-26.2848,-26.2848
GE,307.04998779296875,307.05,2026-09-15,False,306.79998779296875,320.3599853515625,-3.31,9.59,BAJO,318583537664.0,36.21,33.78,18.06,48.23,5.07,20.57,17.72,2.07,29.61,1.13,0.98,6.0,YAHOO,2.0252,2.4245,1.759,0.057055,0.4162,-0.844,83.71,2026-10-20,35,,,yahoo,1.0,1.0,1.0,0.0,0.0,0.0,1.0,1.0,1.0,-8.3187,-8.5371,-11.1879,-10.1757,23.2876,29.6495,375.09,381.22,381.22,-18.1396,-19.456,-19.456
LMT,533.4600219726562,533.46,2026-09-15,False,525.8800048828125,537.1900024414062,0.77,17.61,BAJO,123117641728.0,19.68,16.29,13.99,89.17,8.64,11.96,8.16,4.52,14.35,2.34,1.19,6.0,YAHOO,2.0252,2.4245,1.759,0.057055,0.4162,-0.844,83.71,2026-10-20,35,,,yahoo,1.0,0.0,1.0,1.0,1.0,0.0,1.0,1.0,0.0,-0.5017,-4.3601,4.5255,1.2067,16.5213,34.1084,603.4376,604.9383,668.166,-11.5965,-11.8158,-20.1606
RTX,195.5,195.5,2026-09-15,False,193.0500030517578,197.2050018310547,0.08,27.25,BAJO,263486701568.0,34.42,24.89,3.97,12.27,4.21,12.7,8.28,3.75,18.61,0.57,1.01,8.0,YAHOO,2.0252,2.4245,1.759,0.057055,0.4162,-0.844,83.71,2026-10-20,35,,,yahoo,1.0,1.0,1.0,1.0,1.0,1.0,0.0,1.0,1.0,-1.6649,-5.8874,0.9207,6.8119,10.3387,25.822,225.49,225.49,225.49,-13.2999,-13.2999,-13.2999
UAL,106.91999816894531,106.92,2026-09-15,False,105.18009948730469,109.58000183105469,-1.87,4.24,BAJO,34702995456.0,10.01,7.25,2.08,23.25,3.38,5.53,5.56,2.62,7.39,2.02,0.78,7.0,YAHOO,2.0252,2.4245,1.759,0.057055,0.4162,-0.844,83.71,2026-10-21,36,,,yahoo,1.0,1.0,1.0,1.0,1.0,0.0,1.0,0.0,1.0,-1.2195,-0.9908,-10.0076,-10.8777,34.585,40.0659,118.72,136.11,136.11,-9.9394,-21.4459,-21.4459
F,13.5,13.5,2026-09-15,False,13.479999542236328,13.890000343322754,-2.6,22.95,BAJO,53832544256.0,,7.01,1.51,-18.25,0.35,1.88,-3.94,-14.75,25.71,4.57,1.09,2.0,YAHOO,2.0252,2.4245,1.759,0.057055,0.4162,-0.844,83.71,2026-10-22,37,,,yahoo,0.0,0.0,1.0,1.0,0.0,0.0,0.0,0.0,0.0,-3.5714,-3.1564,-3.8322,-7.6086,38.8357,31.3006,14.62,15.1163,17.2531,-7.6607,-10.6923,-21.7534
AAL,12.770000457763672,12.77,2026-09-15,False,12.630000114440918,13.109999656677246,-2.52,3.89,BAJO,8453356032.0,,5.69,-2.13,,1.12,2.81,-0.56,6.14,10.69,,0.53,4.0,YAHOO,2.0252,2.4245,1.759,0.057055,0.4162,-0.844,83.71,2026-10-22,37,,,yahoo,1.0,0.0,1.0,1.0,0.0,0.0,0.0,0.0,1.0,-1.0844,-4.9144,-18.141,-17.3997,26.6426,45.7674,14.05,18.15,18.15,-9.1103,-29.6419,-29.6419
UNP,283.989990234375,283.99,2026-09-15,False,282.69000244140625,286.30999755859375,-0.38,36.07,BAJO,168711503872.0,23.01,20.06,8.68,39.7,9.27,40.98,28.85,2.8,15.4,1.51,0.99,8.0,YAHOO,2.0252,2.4245,1.759,0.057055,0.4162,-0.844,83.71,2026-10-22,37,,,yahoo,1.0,1.0,1.0,1.0,1.0,1.0,1.0,1.0,0.0,-1.5462,-5.5476,-4.7132,6.729,6.8151,21.279,309.1852,309.1852,309.1852,-8.1489,-8.1489,-8.1489
FDX,308.260009765625,308.26,2026-09-15,False,307.07000732421875,314.04998779296875,-1.38,74.36,BAJO,72956026880.0,16.63,14.78,2.34,14.85,5.01,11.13,4.68,7.75,8.72,1.36,1.48,5.0,YAHOO,2.0252,2.4245,1.759,0.057055,0.4162,-0.844,83.71,2026-10-28,43,,,yahoo,1.0,0.0,1.0,1.0,0.0,1.0,0.0,1.0,0.0,-1.4834,-5.4764,-2.7435,-8.3005,15.7426,26.3338,334.6761,338.023,338.023,-7.893,-8.805,-8.805
PCAR,122.45999908447266,122.46,2026-09-15,False,121.43000030517578,123.19499969482422,-0.33,24.79,BAJO,64458653696.0,25.78,16.95,3.17,12.76,4.12,12.02,9.0,3.02,21.65,0.73,5.52,4.0,YAHOO,2.0252,2.4245,1.759,0.057055,0.4162,-0.844,83.71,2026-10-27,42,,,yahoo,1.0,0.0,1.0,1.0,0.0,1.0,0.0,0.0,0.0,-0.0327,-1.3454,-3.0676,1.7352,5.7812,26.3046,131.03,137.845,137.845,-6.5405,-11.1611,-11.1611
MMM,164.6699981689453,164.67,2026-09-15,False,160.67999267578125,166.25,1.64,9.03,BAJO,84924014592.0,29.3,16.83,28.77,81.89,8.74,20.35,11.9,7.48,14.1,4.38,1.24,5.0,YAHOO,2.0252,2.4245,1.759,0.057055,0.4162,-0.844,83.71,2026-10-20,35,,,yahoo,1.0,0.0,1.0,0.0,0.0,1.0,1.0,0.0,1.0,-1.7013,-4.1669,2.2383,4.5256,26.592,25.6015,180.1514,182.979,182.979,-8.5935,-10.0061,-10.0061
PAC,202.77999877929688,202.78,2026-09-15,False,197.6199951171875,203.42999267578125,0.68,-17.3,BAJO,12065778688.0,18.57,16.01,564.38,28.03,10.47,44.16,30.83,57.17,79.34,1.18,0.74,7.0,YAHOO,2.0252,2.4245,1.759,0.057055,0.4162,-0.844,83.71,2026-10-19,34,,,yahoo,1.0,1.0,1.0,1.0,0.0,1.0,1.0,0.0,1.0,-1.2659,-1.5822,-9.9836,-18.0521,15.5212,26.3654,214.87,254.56,300.41,-5.6267,-20.341,-32.4989
GT,5.25,5.25,2026-09-15,False,5.179999828338623,5.34499979019165,-1.32,-36.4,BAJO,1511468416.0,,9.31,0.53,-61.53,0.51,-0.96,-14.37,32.89,9.21,2.74,1.09,5.0,YAHOO,2.0252,2.4245,1.759,0.057055,0.4162,-0.844,83.71,2026-11-03,49,,,yahoo,0.0,0.0,1.0,1.0,1.0,1.0,0.0,0.0,1.0,-10.2564,-16.2679,-26.0563,-20.3338,20.9964,49.5553,6.35,7.45,10.54,-17.3228,-29.5302,-50.1898
BA,209.69000244140625,209.69,2026-09-15,False,208.64630126953125,212.39999389648438,-0.28,-0.83,BAJO,165732696064.0,75.43,51.26,27.18,173.54,-1.98,0.0,2.59,3.39,-67.34,7.91,1.14,6.0,YAHOO,2.0252,2.4245,1.759,0.057055,0.4162,-0.844,83.71,2026-10-28,43,,,yahoo,1.0,1.0,1.0,0.0,1.0,0.0,0.0,1.0,1.0,-0.4935,0.9192,-2.1694,-8.4123,25.3663,32.7307,223.06,240.19,252.15,-5.9939,-12.6983,-16.8392
HON,203.44000244140625,203.44,2026-09-15,False,199.9250030517578,205.22000122070312,1.02,1.08,BAJO,64478273536.0,7.82,20.47,3.48,46.58,5.72,20.25,21.58,4.05,10.56,1.85,1.21,5.0,YAHOO,2.0252,2.4245,1.759,0.057055,0.4162,-0.844,83.71,2026-10-22,37,,,yahoo,1.0,0.0,1.0,1.0,0.0,0.0,1.0,0.0,1.0,-2.305,-4.7253,-9.8438,-14.4444,15.7739,31.5724,227.71,248.0457,257.9406,-10.6583,-17.9829,-21.1291
MOS,25.459999084472656,25.46,2026-09-15,False,24.610000610351562,25.649999618530273,1.64,-20.5,BAJO,8093622784.0,,16.26,0.71,-5.07,1.24,-0.12,-5.21,-9.22,8.1,0.52,1.34,7.0,YAHOO,2.0252,2.4245,1.759,0.057055,0.4162,-0.844,83.71,2026-11-03,49,,,yahoo,1.0,1.0,1.0,1.0,0.0,1.0,0.0,1.0,1.0,-3.2208,6.4491,13.9614,14.012,25.6111,39.1358,26.3073,26.3073,34.6571,-3.2208,-3.2208,-26.5374
BG,121.76000213623047,121.76,2026-09-15,False,120.37000274658203,123.30000305175781,0.44,57.5,BAJO,23392423936.0,26.24,10.74,1.47,7.18,3.47,4.62,1.1,-27.68,13.15,0.98,1.57,3.0,YAHOO,2.0252,2.4245,1.759,0.057055,0.4162,-0.844,83.71,2026-11-04,50,,,yahoo,1.0,0.0,1.0,1.0,0.0,0.0,0.0,0.0,0.0,-1.7193,4.7758,5.7824,-0.384,19.3884,34.3047,124.59,124.59,130.5866,-2.2714,-2.2714,-6.7592
RKLB,63.54999923706055,63.55,2026-09-15,False,62.02000045776367,65.72000122070312,1.6,19.58,BAJO,40634568704.0,,1394.86,10.89,-7.92,-4.62,-24.57,-21.51,-0.62,-234.24,0.04,5.48,5.0,YAHOO,2.0252,2.4245,1.759,0.057055,0.4162,-0.844,83.71,2026-11-09,55,,,yahoo,0.0,1.0,0.0,1.0,1.0,1.0,0.0,1.0,0.0,-3.5221,-0.5788,-5.6422,-41.8307,26.6415,80.0586,79.16,101.65,150.23,-19.7196,-37.4816,-57.6982
ONDS,7.239999771118164,7.24,2026-09-15,False,7.130000114440918,7.429999828338623,0.14,15.46,BAJO,4137331456.0,,-362.0,2.44,19.32,-8.37,-166.3,96.25,-1.67,-15.47,0.03,9.85,5.0,YAHOO,2.0252,2.4245,1.759,0.057055,0.4162,-0.844,83.71,2026-11-12,58,,,yahoo,0.0,1.0,0.0,1.0,1.0,1.0,0.0,1.0,0.0,-4.9869,-5.4213,8.8722,-23.8696,4.8373,83.2658,9.06,9.77,14.01,-20.0883,-25.8956,-48.3226
SMSN.IL,4536.0,4536.0,2026-09-13,False,4430.0,4638.0,-8.14,234.27,BAJO,1230832746240.0,46.97,72.23,0.0,10.64,2.3,6.08,13.13,-1093.57,-1.44,0.03,2.88,6.0,YAHOO,2.0252,2.4245,1.759,0.057055,0.4162,-0.844,83.71,2026-10-28,43,,,yahoo,1.0,1.0,1.0,1.0,0.0,0.0,0.0,1.0,1.0,-7.5795,-3.5304,-3.1183,-19.9007,65.9377,82.7012,5075.0,5802.7993,6002.5513,-10.6207,-21.8308,-24.4321
ADS.DE,143.89999389648438,143.9,2026-09-13,False,140.5,143.9499969482422,0.81,-15.8,BAJO,24841420800.0,18.19,12.17,4.17,24.32,6.7,8.51,5.3,3.83,11.13,0.94,1.39,6.0,YAHOO,2.0252,2.4245,1.759,0.057055,0.4162,-0.844,83.71,2026-10-29,44,,,yahoo,1.0,1.0,1.0,0.0,0.0,1.0,0.0,1.0,1.0,-3.5199,-6.6796,-21.3231,-17.3938,23.0508,35.9848,155.9,187.9,191.3097,-7.6972,-23.4167,-24.7817
BAYN.DE,49.33000183105469,49.33,2026-09-13,False,48.29999923706055,50.31999969482422,2.41,81.87,BAJO,47853875200.0,,10.09,1.62,-5.69,3.18,9.19,-3.83,13.71,8.03,1.29,1.04,6.0,YAHOO,2.0252,2.4245,1.759,0.057055,0.4162,-0.844,83.71,2026-11-03,49,,,yahoo,0.0,0.0,1.0,1.0,1.0,0.0,1.0,1.0,1.0,0.9826,1.3561,3.3955,36.9897,26.5069,49.4677,49.41,53.36,53.36,-0.1619,-7.5525,-7.5525
RIOT,19.700000762939453,19.7,2026-09-15,False,19.514999389648438,20.719999313354492,-5.97,20.08,BAJO,7392601600.0,,-21.07,3.4,-48.24,-21.2,-122.33,-196.28,-9.72,-9.2,0.4,1.58,2.0,YAHOO,2.0252,2.4245,1.759,0.057055,0.4162,-0.844,83.71,2026-10-29,44,,,yahoo,0.0,0.0,0.0,0.0,0.0,0.0,0.0,1.0,1.0,-11.5004,3.7115,4.6759,-28.0497,60.2627,96.7241,22.26,28.69,28.69,-11.5004,-31.335,-31.335
OKLO,35.97999954223633,35.98,2026-09-15,False,35.27000045776367,36.470001220703125,-0.64,-60.42,BAJO,6692914688.0,,-35.58,2.03,-7.7,-6.65,-6048.76,0.0,-3.58,-19.72,0.0,48.46,4.0,YAHOO,2.0252,2.4245,1.759,0.057055,0.4162,-0.844,83.71,2026-11-10,56,,,yahoo,0.0,1.0,0.0,1.0,1.0,1.0,0.0,0.0,0.0,-16.9245,-11.3138,-13.717,-40.7639,70.5658,82.491,44.27,58.4,174.14,-18.726,-38.3904,-79.3385
SATL,5.070000171661377,5.07,2026-09-15,False,4.770100116729736,5.199999809265137,4.54,37.9,BAJO,779461312.0,,-169.0,23.05,,-9.86,1.67,0.0,-2.42,-46.84,2.85,2.34,4.0,YAHOO,2.0252,2.4245,1.759,0.057055,0.4162,-0.844,83.71,2026-11-12,58,,,yahoo,0.0,1.0,0.0,0.0,1.0,1.0,0.0,1.0,0.0,-5.2336,4.1068,42.0168,-24.2152,70.2149,103.0746,5.74,5.98,10.74,-11.6725,-15.2174,-52.7933
JMIA,7.309999942779541,7.31,2026-09-15,False,7.199999809265137,7.341000080108643,-0.41,-23.35,BAJO,976804864.0,,-21.5,1044.29,-216.21,-25.23,-23.8,-27.54,-2.85,-16.35,37.95,0.88,3.0,YAHOO,2.0252,2.4245,1.759,0.057055,0.4162,-0.844,83.71,2026-11-11,57,,,yahoo,0.0,1.0,0.0,1.0,0.0,0.0,0.0,0.0,1.0,0.9669,6.0958,12.2888,-1.2162,36.7826,53.0248,7.52,7.52,14.6,-2.7926,-2.7926,-49.9315
LAR,5.670000076293945,5.67,2026-09-15,False,5.570000171661377,5.920000076293945,-4.55,78.61,BAJO,930447040.0,,16.56,1.18,-6.58,-2.05,0.0,0.0,-1.76,-30.48,0.3,0.47,1.0,YAHOO,2.0252,2.4245,1.759,0.057055,0.4162,-0.844,83.71,2026-11-09,55,,,yahoo,0.0,0.0,0.0,1.0,0.0,0.0,0.0,0.0,0.0,-15.3731,-16.4948,-12.2291,-41.9652,67.7104,65.1681,6.91,8.97,11.79,-17.945,-36.7893,-51.9084
NG,7.25,7.25,2026-09-15,False,6.900000095367432,7.309999942779541,0.28,1.29,BAJO,3181159424.0,,-30.89,7.55,-24.63,-4.36,0.0,0.0,-0.75,-91.96,0.41,112.82,4.0,YAHOO,2.0252,2.4245,1.759,0.057055,0.4162,-0.844,83.71,2026-09-30,15,,,yahoo,0.0,1.0,0.0,1.0,1.0,1.0,0.0,0.0,0.0,-8.2278,-15.6977,36.0225,-10.7143,43.4378,77.2578,9.77,9.77,14.2,-25.7932,-25.7932,-48.9437
PBI,17.31999969482422,17.32,2026-09-15,False,17.15999984741211,17.454999923706055,-0.06,58.82,BAJO,2374402304.0,14.08,9.51,-2.75,,8.41,21.68,10.04,9.85,8.11,,0.73,7.0,YAHOO,2.0252,2.4245,1.759,0.057055,0.4162,-0.844,83.71,2026-11-05,51,,,yahoo,1.0,1.0,1.0,1.0,0.0,0.0,1.0,1.0,1.0,1.9423,1.1092,-5.8887,1.0441,18.2107,28.5651,17.58,18.4037,18.4037,-1.479,-5.8887,-5.8887
TEM,68.8499984741211,68.85,2026-09-15,False,61.880001068115234,68.93900299072266,10.67,-17.15,BAJO,12422932480.0,,17212.5,27.86,-67.44,-8.55,-20.11,-17.77,-0.75,-61.3,3.25,3.3,4.0,YAHOO,2.0252,2.4245,1.759,0.057055,0.4162,-0.844,83.71,2026-11-03,49,,,yahoo,0.0,1.0,0.0,1.0,0.0,1.0,0.0,1.0,0.0,7.0929,9.199,28.4755,31.594,101.3211,91.1147,72.69,72.69,103.25,-5.2827,-5.2827,-33.3172
MRSH,179.75999450683594,179.76,2026-09-15,False,178.27499389648438,181.39999389648438,-0.37,-5.42,BAJO,85783494656.0,21.95,15.75,5.66,25.9,7.24,26.32,14.24,5.58,13.8,1.45,1.14,6.0,YAHOO,2.0252,2.4245,1.759,0.057055,0.4162,-0.844,83.71,2026-10-15,30,,,yahoo,1.0,0.0,1.0,1.0,1.0,0.0,1.0,0.0,1.0,-0.421,-5.2898,-0.7538,8.7773,17.195,28.4142,194.67,197.59,203.7672,-7.6591,-9.0237,-11.7817
CEPU,13.829999923706055,13.83,2026-09-15,False,13.660699844360352,13.890000343322754,-1.21,66.62,BAJO,2074309632.0,6.59,8.24,1.09,19.03,7.21,24.84,28.78,-2022.42,1.24,0.33,1.28,7.0,YAHOO,2.0252,2.4245,1.759,0.057055,0.4162,-0.844,83.71,2026-11-11,57,,,yahoo,1.0,1.0,1.0,1.0,0.0,1.0,1.0,0.0,1.0,-1.7058,1.5419,-3.8916,-12.7995,32.2362,38.8405,14.48,15.55,17.95,-4.4889,-11.0611,-22.9526
BMA,76.0199966430664,76.02,2026-09-15,False,75.2750015258789,77.05999755859375,-1.3,88.06,BAJO,4860644864.0,19.75,6.92,1.2,5.36,1.31,26.07,8.39,,,,,5.0,YAHOO,2.0252,2.4245,1.759,0.057055,0.4162,-0.844,83.71,2026-11-25,71,2026-08-19,27.0,yahoo,,,,,,,,,,-2.9119,-3.3808,-16.3328,-23.4926,6.4423,43.8399,79.18,97.63,101.1279,-3.9909,-22.1346,-24.8279
SUPV,8.34000015258789,8.34,2026-09-15,False,8.1899995803833,8.390000343322754,-1.53,57.57,BAJO,788198464.0,,6.8,0.96,-8.01,-1.15,3.31,-11.23,,,,,2.0,YAHOO,2.0252,2.4245,1.759,0.057055,0.4162,-0.844,83.71,2026-11-17,63,,,yahoo,0.0,0.0,1.0,1.0,0.0,0.0,0.0,0.0,0.0,-4.1379,-4.5767,-13.6646,-26.1293,16.9817,53.7326,8.86,10.32,12.86,-5.8691,-19.186,-35.1477
EDN,23.899999618530273,23.9,2026-09-15,False,23.84000015258789,24.400100708007812,-1.97,45.09,BAJO,1137023027.2518883,7.33,17.55,0.58,9.59,3.09,5.14,7.2,-10027.68,0.83,0.62,1.46,6.0,YAHOO,2.0252,2.4245,1.759,0.057055,0.4162,-0.844,83.71,2026-11-06,52,,,yahoo,1.0,0.0,1.0,0.0,0.0,1.0,1.0,1.0,1.0,-3.1997,1.2283,-3.9775,-16.8406,24.2031,44.6331,25.07,27.27,35.71,-4.6669,-12.3579,-33.072
TGS,29.68000030517578,29.68,2026-09-15,False,29.1299991607666,29.950000762939453,0.27,42.11,BAJO,4468389376.0,13.37,11.34,1.9,15.98,9.91,40.71,28.02,8039.75,-0.48,0.43,3.67,6.0,YAHOO,2.0252,2.4245,1.759,0.057055,0.4162,-0.844,83.71,2026-11-03,49,,,yahoo,1.0,0.0,1.0,1.0,0.0,1.0,1.0,1.0,0.0,0.2364,2.699,-0.3358,-8.3951,42.7187,35.1804,30.74,31.83,35.32,-3.4483,-6.7546,-15.9683
TEO,13.9399995803833,13.94,2026-09-15,False,13.5,14.0649995803833,1.01,98.04,BAJO,6004481991.135309,11.71,14.71,1.02,10.83,3.12,13.95,8.91,13498.65,1.98,0.67,0.58,6.0,YAHOO,2.0252,2.4245,1.759,0.057055,0.4162,-0.844,83.71,2026-11-09,55,,,yahoo,,,,,,,,,,6.5749,4.9699,4.7333,-7.7432,46.5452,31.761,13.94,14.3,15.98,0.0,-2.5175,-12.766
IRS,15.359999656677246,15.36,2026-09-15,False,15.0,15.436400413513184,0.66,32.37,BAJO,1299448192.0,4.73,59.31,0.83,22.48,4.07,44.36,72.51,13262.62,3.93,0.45,0.6,2.0,YAHOO,2.0252,2.4245,1.759,0.057055,0.4162,-0.844,83.71,2026-11-04,50,2026-08-31,15.0,yahoo,1.0,0.0,1.0,0.0,0.0,0.0,0.0,0.0,0.0,1.6545,2.6738,1.4531,-11.1111,18.605,25.6987,15.57,16.3,18.41,-1.3487,-5.7669,-16.5671
LOMA,9.6899995803833,9.69,2026-09-15,False,9.49489974975586,9.8100004196167,0.83,30.49,BAJO,1130790272.0,40.38,12.59,1.32,3.82,2.65,6.84,5.13,-3041.85,1.63,0.24,2.25,5.0,YAHOO,2.0252,2.4245,1.759,0.057055,0.4162,-0.844,83.71,2026-11-05,51,,,yahoo,1.0,0.0,1.0,1.0,0.0,1.0,1.0,0.0,0.0,-4.532,-3.5821,-14.5503,-20.9625,28.4565,39.2686,10.41,12.2,13.12,-6.9164,-20.5738,-26.1433
GLOB,40.099998474121094,40.1,2026-09-15,False,39.48720169067383,41.189998626708984,-0.96,-25.9,BAJO,1731500160.0,15.66,6.46,0.81,5.48,4.67,4.86,4.63,,5.48,0.24,1.84,4.0,YAHOO,2.0252,2.4245,1.759,0.057055,0.4162,-0.844,83.71,2026-11-19,65,,,yahoo,1.0,0.0,1.0,1.0,0.0,0.0,1.0,0.0,0.0,8.028,-1.4984,24.5342,8.7605,54.6418,62.5799,40.71,40.99,71.21,-1.4984,-2.1713,-43.6877
BBAR,14.5600004196167,14.56,2026-09-15,False,14.359999656677246,14.800000190734863,-1.62,71.19,BAJO,2973686272.0,13.61,13.25,1.07,8.12,1.24,19.02,8.62,,,,,4.0,YAHOO,2.0252,2.4245,1.759,0.057055,0.4162,-0.844,83.71,2026-11-24,70,2026-08-27,19.0,yahoo,1.0,0.0,1.0,1.0,0.0,0.0,1.0,0.0,0.0,-2.4129,-3.8309,-25.2241,-29.062,27.5954,51.4126,15.34,21.075,21.7253,-5.0847,-30.9136,-32.9814
LND,3.5799999237060547,3.58,2026-09-15,False,3.559999942779541,3.5999999046325684,-0.83,-6.7,BAJO,356623328.4599438,,,0.9,-4.28,-0.88,4.64,-10.07,-97.07,60.23,0.71,1.54,2.0,YAHOO,2.0252,2.4245,1.759,0.057055,0.4162,-0.844,83.71,2026-11-05,51,2026-09-03,12.0,finnhub,0.0,0.0,1.0,1.0,0.0,0.0,0.0,0.0,0.0,-6.0367,-5.7895,-3.7634,-3.7634,27.4861,21.9448,3.87,3.87,4.37,-7.4935,-7.4935,-18.0778
AGRO,11.5600004196167,11.56,2026-09-15,False,11.4399995803833,11.779999732971191,-1.37,45.59,BAJO,1668200192.0,30.42,8.31,0.96,3.69,2.47,17.0,3.0,-7.69,9.12,1.24,1.73,2.0,YAHOO,2.0252,2.4245,1.759,0.057055,0.4162,-0.844,83.71,2026-11-11,57,,,yahoo,0.0,0.0,1.0,1.0,0.0,0.0,0.0,0.0,0.0,-5.5556,1.5817,16.4149,6.0551,29.2171,48.559,12.46,12.46,15.18,-7.2231,-7.2231,-23.8472
USB,62.220001220703125,62.22,2026-09-15,False,61.8650016784668,63.16999816894531,-0.73,33.24,BAJO,96941965312.0,12.42,10.75,1.6,12.62,1.16,39.65,29.9,,,,,6.0,YAHOO,2.0252,2.4245,1.759,0.057055,0.4162,-0.844,83.71,2026-10-15,30,,,yahoo,1.0,1.0,1.0,1.0,0.0,0.0,1.0,0.0,1.0,-0.4321,1.0393,-2.7964,8.5871,10.462,19.2434,64.79,65.42,65.42,-3.9667,-4.8915,-4.8915
IBKR,88.80000305175781,88.8,2026-09-15,False,87.5,90.25,-2.15,45.23,BAJO,151298818048.0,35.24,27.87,6.78,24.02,2.28,76.53,16.47,,,2.06,1.09,4.0,YAHOO,2.0252,2.4245,1.759,0.057055,0.4162,-0.844,83.71,2026-10-20,35,,,yahoo,1.0,0.0,1.0,1.0,0.0,0.0,0.0,1.0,0.0,-2.3854,-8.6439,-3.6109,-4.1824,29.1291,42.7149,98.1012,98.1012,98.1012,-9.4812,-9.4812,-9.4812
DAL,78.88999938964844,78.89,2026-09-15,False,77.98999786376953,80.04000091552734,-1.14,38.49,BAJO,51879882752.0,13.08,9.22,2.37,20.12,4.02,7.92,5.78,5.43,9.06,0.97,0.42,6.0,YAHOO,2.0252,2.4245,1.759,0.057055,0.4162,-0.844,83.71,2026-10-08,23,,,yahoo,1.0,1.0,1.0,1.0,1.0,1.0,0.0,0.0,0.0,-0.0887,1.141,-9.0081,-5.9298,22.9748,30.8586,85.7,93.4293,93.4293,-7.9463,-15.5618,-15.5618
BIIB,216.1699981689453,216.17,2026-09-15,False,213.5399932861328,216.7100067138672,-0.55,52.81,BAJO,31939981312.0,38.4,13.07,1.69,4.58,5.21,25.06,8.32,3.97,11.66,0.44,1.86,4.0,YAHOO,2.0252,2.4245,1.759,0.057055,0.4162,-0.844,83.71,2026-10-29,44,,,yahoo,1.0,0.0,1.0,1.0,0.0,1.0,0.0,0.0,0.0,1.7271,-0.2216,3.4702,8.825,18.9155,39.4651,224.51,224.51,224.51,-3.7148,-3.7148,-3.7148
SYY,79.5999984741211,79.6,2026-09-15,False,79.15010070800781,82.0999984741211,-4.72,4.47,BAJO,38136041472.0,21.75,14.78,14.29,77.69,7.97,4.84,2.08,5.02,11.86,5.65,1.28,6.0,YAHOO,2.0252,2.4245,1.759,0.057055,0.4162,-0.844,83.71,2026-11-03,49,,,yahoo,1.0,0.0,1.0,1.0,1.0,1.0,0.0,1.0,0.0,-0.3006,-1.8254,-3.2219,0.5491,44.026,21.0084,84.1,85.32,89.8822,-5.3508,-6.7042,-11.4396
MDT,93.75,93.75,2026-09-15,False,92.7300033569336,94.69999694824219,-0.05,5.58,BAJO,119919181824.0,23.09,14.63,2.39,10.65,5.12,19.33,13.93,4.51,13.45,0.55,2.07,7.0,YAHOO,2.0252,2.4245,1.759,0.057055,0.4162,-0.844,83.71,2026-11-17,63,2026-09-01,14.0,yahoo,1.0,1.0,1.0,1.0,0.0,1.0,1.0,0.0,1.0,1.472,3.4197,12.1948,17.6858,27.9516,27.0909,94.17,94.17,102.8065,-0.446,-0.446,-8.8093
MS,206.27999877929688,206.28,2026-09-15,False,200.39999389648438,207.139404296875,-0.15,36.65,BAJO,323976396800.0,16.68,15.12,3.04,17.97,1.34,41.57,25.9,,,5.17,2.0,3.0,YAHOO,2.0252,2.4245,1.759,0.057055,0.4162,-0.844,83.71,2026-10-14,29,,,yahoo,1.0,1.0,0.0,0.0,0.0,0.0,1.0,0.0,0.0,-4.606,-3.3002,-5.0165,-4.8465,30.4155,28.8068,217.72,227.2988,227.2988,-5.2545,-9.2472,-9.2472
O,58.709999084472656,58.71,2026-09-15,False,58.52320098876953,59.40999984741211,-0.94,4.79,BAJO,55552458752.0,42.85,37.8,1.4,3.23,2.36,46.97,20.9,2.85,16.56,0.75,1.53,5.0,YAHOO,2.0252,2.4245,1.759,0.057055,0.4162,-0.844,83.71,2026-11-02,48,,,yahoo,1.0,1.0,1.0,1.0,0.0,0.0,0.0,0.0,1.0,-3.7856,-4.1939,-9.9363,-4.2926,6.3866,16.4669,62.8938,65.1872,65.8234,-6.6522,-9.9363,-10.8068
DOW,29.850000381469727,29.85,2026-09-15,False,28.8700008392334,29.899999618530273,3.29,31.57,BAJO,21561870336.0,,16.44,1.36,-5.54,1.3,11.59,-3.13,1.1,9.48,1.12,1.75,3.0,YAHOO,2.0252,2.4245,1.759,0.057055,0.4162,-0.844,83.71,2026-10-22,37,,,yahoo,0.0,0.0,1.0,1.0,0.0,1.0,0.0,0.0,0.0,0.9469,-2.1953,3.0594,-9.1291,35.8144,37.1808,32.5226,32.5226,40.973,-8.2176,-8.2176,-27.1472
AVY,171.52000427246094,171.52,2026-09-15,False,169.3249969482422,171.61000061035156,0.35,8.4,BAJO,12999182336.0,18.77,15.33,5.6,31.16,8.39,13.59,7.62,7.73,10.94,1.59,1.13,5.0,YAHOO,2.0252,2.4245,1.759,0.057055,0.4162,-0.844,83.71,2026-10-21,36,,,yahoo,1.0,0.0,1.0,1.0,0.0,1.0,1.0,0.0,0.0,0.4804,-0.915,5.7996,7.9444,9.9593,27.7166,182.6485,182.6485,194.0973,-6.0929,-6.0929,-11.6319
SWKS,90.0,90.0,2026-09-15,False,79.43000030517578,90.30500030517578,13.55,29.49,BAJO,13542550528.0,46.63,18.14,2.36,5.09,3.44,8.82,7.23,3.31,13.42,0.12,3.1,6.0,YAHOO,2.0252,2.4245,1.759,0.057055,0.4162,-0.844,83.71,2026-11-03,49,,,yahoo,1.0,0.0,1.0,1.0,1.0,0.0,1.0,0.0,1.0,19.3951,34.3083,56.1687,18.0173,166.2289,60.8621,90.0,90.0,90.0,0.0,0.0,0.0
IP,33.9900016784668,33.99,2026-09-15,False,33.6349983215332,34.599998474121094,-0.76,-19.74,BAJO,18000080896.0,,11.31,1.25,-16.48,1.59,2.3,-14.21,9.15,6.94,0.69,1.1,4.0,YAHOO,2.0252,2.4245,1.759,0.057055,0.4162,-0.844,83.71,2026-10-28,43,,,yahoo,0.0,0.0,1.0,1.0,1.0,0.0,0.0,1.0,0.0,-6.8512,-10.3876,-9.2234,-5.5315,8.4624,42.8097,41.49,43.5936,47.4479,-18.0766,-22.0298,-28.3635
LVS,41.27000045776367,41.27,2026-09-15,False,41.260101318359375,42.45500183105469,-2.67,-18.6,BAJO,26730629120.0,16.0,11.76,46.01,122.87,9.55,19.66,12.59,8.28,8.4,17.04,1.0,8.0,YAHOO,2.0252,2.4245,1.759,0.057055,0.4162,-0.844,83.71,2026-10-21,36,,,yahoo,1.0,1.0,1.0,1.0,0.0,1.0,1.0,1.0,1.0,-6.1619,-5.7978,-9.117,-16.4987,21.3907,25.299,47.27,49.5536,68.2933,-12.693,-16.7164,-39.5695
KLAC,168.02000427246094,168.02,2026-09-15,False,165.92999267578125,172.07000732421875,-0.63,72.8,BAJO,219526004736.0,46.03,25.06,34.59,87.5,20.8,42.49,35.57,1.2,36.46,0.97,2.88,7.0,YAHOO,2.0252,2.4245,1.759,0.057055,0.4162,-0.844,83.71,2026-10-28,43,,,yahoo,1.0,1.0,1.0,0.0,1.0,1.0,1.0,1.0,0.0,-11.0911,-4.2348,-23.3214,-34.4006,56.552,74.9618,194.79,301.3694,301.3694,-13.743,-44.2478,-44.2478
DECK,77.51000213623047,77.51,2026-09-15,False,77.36499786376953,80.54000091552734,-3.76,-32.7,BAJO,10555455488.0,11.03,9.31,4.6,42.56,20.32,15.23,18.36,8.26,7.43,0.21,2.75,6.0,YAHOO,2.0252,2.4245,1.759,0.057055,0.4162,-0.844,83.71,2026-10-22,37,,,yahoo,1.0,1.0,1.0,1.0,0.0,0.0,1.0,0.0,1.0,-6.1622,-10.9899,-28.9095,-31.1022,35.9223,38.324,92.08,109.03,120.94,-15.8232,-28.9095,-35.9104
IFF,84.23999786376953,84.24,2026-09-15,False,82.93000030517578,84.69000244140625,0.97,36.01,BAJO,21493833728.0,,21.27,1.54,-5.55,2.27,8.49,2.57,-8.01,14.25,0.45,2.06,5.0,YAHOO,2.0252,2.4245,1.759,0.057055,0.4162,-0.844,83.71,2026-11-03,49,,,yahoo,0.0,0.0,1.0,1.0,1.0,0.0,0.0,1.0,1.0,-1.6118,-2.4209,8.5567,8.0722,10.6751,33.6674,87.95,88.07,88.07,-4.2183,-4.3488,-4.3488
SNA,374.82000732421875,374.82,2026-09-15,False,374.28009033203125,378.80999755859375,-0.78,15.3,BAJO,19388360704.0,19.11,17.57,3.21,17.93,9.85,25.4,19.6,5.72,13.59,0.22,3.43,6.0,YAHOO,2.0252,2.4245,1.759,0.057055,0.4162,-0.844,83.71,2026-10-15,30,,,yahoo,1.0,0.0,1.0,1.0,1.0,1.0,1.0,0.0,0.0,-1.332,-2.9743,-9.115,-2.4531,10.778,18.4439,397.48,416.7245,416.7245,-5.7009,-10.0557,-10.0557
NUE,258.82000732421875,258.82,2026-09-15,False,255.11000061035156,260.9750061035156,1.65,87.25,BAJO,58719965184.0,20.66,12.98,2.66,14.55,7.32,15.67,7.99,1.16,11.15,0.31,2.51,6.0,YAHOO,2.0252,2.4245,1.759,0.057055,0.4162,-0.844,83.71,2026-10-26,41,,,yahoo,1.0,0.0,1.0,1.0,0.0,1.0,1.0,0.0,1.0,0.9438,3.6773,9.8231,0.0523,28.1127,36.1108,264.19,274.74,274.74,-2.0326,-5.7946,-5.7946
PLD,135.83999633789062,135.84,2026-09-15,False,133.6699981689453,136.0,0.48,24.71,BAJO,132048887808.0,30.25,39.89,2.36,7.75,2.52,43.03,43.58,4.09,24.63,0.64,0.65,4.0,YAHOO,2.0252,2.4245,1.759,0.057055,0.4162,-0.844,83.71,2026-10-15,30,,,yahoo,1.0,0.0,1.0,1.0,0.0,0.0,0.0,0.0,1.0,-1.9064,-2.916,-9.4762,-7.8614,13.7144,22.2422,143.36,150.06,150.06,-5.2455,-9.4762,-9.4762
EFX,167.0800018310547,167.08,2026-09-15,False,166.5050048828125,172.10000610351562,-3.02,-32.24,BAJO,19629377536.0,29.36,16.42,4.49,14.27,6.16,17.3,10.73,4.83,13.03,1.21,0.6,8.0,YAHOO,2.0252,2.4245,1.759,0.057055,0.4162,-0.844,83.71,2026-10-20,35,,,yahoo,1.0,1.0,1.0,1.0,1.0,0.0,1.0,1.0,1.0,-2.6454,-11.6727,-6.7126,1.4733,33.2857,43.7884,194.0692,194.0692,259.3654,-13.907,-13.907,-35.5812
DE,684.0399780273438,684.04,2026-09-15,False,680.5853881835938,689.3699951171875,0.38,49.62,BAJO,184434556928.0,38.02,30.12,6.59,18.24,3.76,17.48,10.17,2.45,26.06,3.76,2.13,5.0,YAHOO,2.0252,2.4245,1.759,0.057055,0.4162,-0.844,83.71,2026-11-25,71,2026-08-20,26.0,yahoo,1.0,0.0,1.0,1.0,0.0,1.0,1.0,0.0,0.0,0.4862,4.4479,14.2027,19.1744,7.7909,34.8628,698.37,698.37,698.37,-2.0519,-2.0519,-2.0519
DHR,209.36000061035156,209.36,2026-09-15,False,202.62010192871094,209.5500030517578,3.01,13.84,BAJO,147177160704.0,37.32,22.52,2.8,7.61,3.95,19.78,15.95,2.94,20.73,0.53,1.65,5.0,YAHOO,2.0252,2.4245,1.759,0.057055,0.4162,-0.844,83.71,2026-10-20,35,,,yahoo,1.0,0.0,1.0,1.0,0.0,1.0,1.0,0.0,0.0,2.0124,-1.9667,2.1219,15.8445,35.0961,39.6938,218.85,218.85,241.0351,-4.3363,-4.3363,-13.1413
LIN,462.9599914550781,462.96,2026-09-15,False,459.5799865722656,464.0400085449219,-0.31,0.41,BAJO,213415378944.0,29.85,23.67,5.46,18.4,7.16,28.12,20.43,1.95,17.27,0.69,0.88,5.0,YAHOO,2.0252,2.4245,1.759,0.057055,0.4162,-0.844,83.71,2026-10-30,45,,,yahoo,1.0,0.0,1.0,1.0,0.0,0.0,1.0,1.0,0.0,-1.1572,-5.1259,-10.803,-10.9295,13.7484,20.9854,488.7206,544.8458,544.8458,-5.271,-15.0292,-15.0292
SPGI,412.5199890136719,412.52,2026-09-15,False,411.6400146484375,416.5950012207031,-1.44,-17.15,BAJO,121610895360.0,25.08,20.4,3.86,14.26,7.03,44.79,30.54,4.48,17.21,0.43,0.95,7.0,YAHOO,2.0252,2.4245,1.759,0.057055,0.4162,-0.844,83.71,2026-10-29,44,,,yahoo,1.0,1.0,1.0,1.0,0.0,0.0,1.0,1.0,1.0,-3.9109,-5.3506,-9.6055,3.052,27.2631,34.5642,450.58,456.3554,513.3385,-8.4469,-9.6055,-19.6398
TJX,124.5999984741211,124.6,2026-09-15,False,123.83999633789062,127.02999877929688,-1.1,-8.68,BAJO,137056763904.0,23.07,21.58,13.24,62.17,13.54,10.91,9.73,3.21,16.33,1.34,1.15,7.0,YAHOO,2.0252,2.4245,1.759,0.057055,0.4162,-0.844,83.71,2026-11-18,64,2026-08-19,27.0,yahoo,1.0,1.0,1.0,1.0,1.0,0.0,1.0,1.0,0.0,-3.3509,-6.9524,-19.2499,-25.3014,9.2158,24.221,150.85,164.6505,167.8803,-17.4014,-24.3246,-25.7805
JCI,138.2899932861328,138.29,2026-09-15,False,137.1300048828125,140.42999267578125,0.38,31.0,BAJO,83767975936.0,38.95,22.86,6.21,14.33,5.4,15.88,14.32,3.56,21.42,0.7,1.0,6.0,YAHOO,2.0252,2.4245,1.759,0.057055,0.4162,-0.844,83.71,2026-11-04,50,,,yahoo,1.0,1.0,1.0,0.0,0.0,0.0,1.0,1.0,1.0,-5.5203,0.0362,-2.1025,-5.3197,53.5948,31.7199,149.68,154.76,154.76,-7.6096,-10.6423,-10.6423
ADP,276.5299987792969,276.53,2026-09-15,False,273.5400085449219,278.5150146484375,-0.04,-0.19,BAJO,109855072256.0,25.3,20.64,18.24,72.24,6.25,23.46,20.11,4.77,17.34,0.91,1.05,6.0,YAHOO,2.0252,2.4245,1.759,0.057055,0.4162,-0.844,83.71,2026-10-28,43,,,yahoo,1.0,0.0,1.0,1.0,0.0,1.0,1.0,1.0,0.0,3.8587,-2.7468,8.4736,24.6751,21.3398,30.7804,285.6519,285.6519,285.6519,-3.1934,-3.1934,-3.1934
ECL,274.6000061035156,274.6,2026-09-15,False,272.57000732421875,277.45001220703125,-0.33,4.53,BAJO,76978241536.0,36.91,29.16,7.66,21.96,7.23,18.52,12.57,1.92,20.81,1.38,1.84,6.0,YAHOO,2.0252,2.4245,1.759,0.057055,0.4162,-0.844,83.71,2026-10-27,42,,,yahoo,1.0,0.0,1.0,1.0,1.0,0.0,1.0,1.0,0.0,-1.2621,-3.0367,-0.4026,2.5201,15.5106,21.3716,290.6,290.6,306.69,-5.5058,-5.5058,-10.4633
SHW,323.2200012207031,323.22,2026-09-15,False,318.9200134277344,325.54998779296875,-0.39,-6.65,BAJO,78464286720.0,29.82,23.77,20.24,65.12,9.52,18.12,11.01,3.19,19.69,3.9,0.73,6.0,YAHOO,2.0252,2.4245,1.759,0.057055,0.4162,-0.844,83.71,2026-10-27,42,,,yahoo,1.0,0.0,1.0,1.0,0.0,1.0,1.0,1.0,0.0,-0.8801,-4.6014,-4.1914,1.1638,19.5208,32.2291,352.7746,368.8774,369.9613,-8.3778,-12.3774,-12.6341
ROST,226.25999450683594,226.26,2026-09-15,False,224.92999267578125,230.99000549316406,-1.64,57.12,BAJO,72579923968.0,27.33,25.3,10.73,42.63,12.78,13.58,10.85,2.76,19.89,0.7,1.61,6.0,YAHOO,2.0252,2.4245,1.759,0.057055,0.4162,-0.844,83.71,2026-11-19,65,2026-08-20,26.0,yahoo,1.0,0.0,1.0,1.0,1.0,0.0,1.0,0.0,1.0,-1.3301,-0.8063,-2.588,-4.2542,26.2215,28.4121,241.0541,254.7377,254.7377,-6.1373,-11.1792,-11.1792
VRTX,514.6300048828125,514.63,2026-09-15,False,511.0010070800781,519.9400024414062,-0.94,32.86,BAJO,130438594560.0,29.92,25.56,6.44,23.54,11.93,38.05,35.0,2.01,24.66,0.1,3.19,6.0,YAHOO,2.0252,2.4245,1.759,0.057055,0.4162,-0.844,83.71,2026-11-02,48,,,yahoo,1.0,1.0,1.0,0.0,0.0,1.0,1.0,1.0,0.0,-2.6981,-5.4892,5.8844,14.2454,15.1624,30.2538,557.96,557.96,557.96,-7.7658,-7.7658,-7.7658
DD,128.0399932861328,128.04,2026-09-15,False,123.010498046875,128.28500366210938,3.02,36.59,BAJO,17290901504.0,55.19,16.08,1.26,1.79,2.07,14.24,0.79,10.61,11.58,0.23,2.43,6.0,YAHOO,2.0252,2.4245,1.759,0.057055,0.4162,-0.844,83.71,2026-11-05,51,,,yahoo,0.0,0.0,1.0,1.0,1.0,0.0,1.0,1.0,1.0,-2.4977,-4.8666,-4.2346,-11.6857,34.1753,23.6748,139.0682,146.7245,152.6918,-7.93,-12.7344,-16.1448
HOOD,110.44999694824219,110.45,2026-09-15,False,105.8646011352539,112.83000183105469,-3.39,-1.84,BAJO,99303636992.0,48.87,32.63,10.47,23.62,4.53,43.88,42.01,,,2.4,1.12,4.0,YAHOO,2.0252,2.4245,1.759,0.057055,0.4162,-0.844,83.71,2026-11-04,50,,,yahoo,1.0,0.0,1.0,0.0,0.0,0.0,0.0,1.0,1.0,-5.8718,5.3812,4.1785,12.5662,32.8908,73.5884,124.72,124.72,152.46,-11.4416,-11.4416,-27.5548
GEV,882.8099975585938,882.81,2026-09-15,False,875.239990234375,894.7899780273438,0.92,42.72,BAJO,235121950720.0,25.3,34.88,19.66,82.58,2.54,7.47,23.04,6.69,57.33,0.28,0.85,7.0,YAHOO,2.0252,2.4245,1.759,0.057055,0.4162,-0.844,83.71,2026-10-28,43,,,yahoo,1.0,1.0,1.0,1.0,1.0,0.0,1.0,1.0,0.0,-9.1114,-1.7495,-14.8048,-9.7857,84.135,56.8115,1004.53,1174.86,1174.86,-12.1171,-24.8583,-24.8583
DELL,543.510009765625,543.51,2026-09-15,False,539.0,568.6699829101562,1.73,336.08,BAJO,345570574336.0,31.6,18.96,-245.71,,8.64,12.02,7.52,1.75,20.83,,0.96,7.0,YAHOO,2.0252,2.4245,1.759,0.057055,0.4162,-0.844,83.71,2026-11-27,73,2026-09-01,14.0,yahoo,1.0,1.0,1.0,1.0,1.0,1.0,1.0,0.0,0.0,1.8038,19.1882,39.0996,33.0843,131.946,83.2696,567.29,567.29,567.29,-4.1919,-4.1919,-4.1919
GLW,143.57000732421875,143.57,2026-09-15,False,142.610107421875,147.23699951171875,-0.02,87.69,BAJO,123669528576.0,66.16,33.01,10.36,16.81,5.37,15.65,11.2,0.59,32.1,0.71,1.81,7.0,YAHOO,2.0252,2.4245,1.759,0.057055,0.4162,-0.844,83.71,2026-10-27,42,,,yahoo,1.0,1.0,1.0,1.0,1.0,0.0,0.0,1.0,1.0,-13.4912,-3.4694,-9.186,-23.4403,110.9198,92.9731,168.46,255.2094,255.2094,-14.775,-43.7442,-43.7442
WDC,411.9599914550781,411.96,2026-09-15,False,407.1199951171875,430.0,-3.51,305.07,BAJO,148528431104.0,15.29,12.98,22.45,130.85,20.76,43.61,72.95,1.53,30.7,13.44,1.33,6.0,YAHOO+FINNHUB,2.0252,2.4245,1.759,0.057055,0.4162,-0.844,83.71,2026-11-05,51,,,yahoo,1.0,1.0,1.0,0.0,0.0,1.0,0.0,1.0,1.0,-13.6895,-8.5357,-11.7216,-36.9436,11.7995,93.2761,496.0008,732.3849,745.9905,-16.9437,-43.7509,-44.7768
FISV,50.02000045776367,50.02,2026-09-15,False,49.939998626708984,51.125,-1.9,-60.31,BAJO,26598971392.0,9.58,6.19,0.99,10.77,3.49,23.07,,,,1.04,1.04,5.0,YAHOO+FINNHUB,2.0252,2.4245,1.759,0.057055,0.4162,-0.844,83.71,2026-10-28,43,,,yahoo,1.0,1.0,1.0,1.0,0.0,0.0,1.0,0.0,0.0,-1.6516,-6.1715,-3.2869,4.4041,52.1866,39.1929,53.31,55.78,134.32,-6.1715,-10.3263,-62.7606
BKR,56.720001220703125,56.72,2026-09-15,False,56.029998779296875,57.400001525878906,-0.11,26.45,BAJO,56304472064.0,18.24,18.23,2.83,16.46,4.85,12.83,11.17,7.84,11.53,0.81,2.1,7.0,YAHOO,2.0252,2.4245,1.759,0.057055,0.4162,-0.844,83.71,2026-10-22,37,,,yahoo,1.0,0.0,1.0,1.0,1.0,1.0,1.0,1.0,0.0,-11.2641,-10.7474,0.6874,-8.8558,48.7264,32.9349,64.63,64.9,69.1833,-12.2389,-12.604,-18.0149
CCL,22.110000610351562,22.11,2026-09-15,False,21.93000030517578,22.799999237060547,-1.99,-26.11,BAJO,30282944512.0,9.96,8.42,2.34,26.69,5.37,12.79,11.24,6.27,7.43,2.02,0.33,8.0,YAHOO,2.0252,2.4245,1.759,0.057055,0.4162,-0.844,83.71,2026-09-29,14,,,yahoo,1.0,1.0,1.0,1.0,1.0,1.0,0.0,1.0,1.0,-4.6983,-7.4508,-17.2532,-26.2092,21.6298,34.8511,27.27,30.0327,33.4524,-18.9219,-26.3803,-33.9062
BKNG,171.32000732421875,171.32,2026-09-15,False,169.89999389648438,175.0,-2.3,-20.28,BAJO,128726507520.0,19.04,13.84,-12.04,,20.38,34.41,25.53,6.0,13.01,,1.09,6.0,YAHOO,2.0252,2.4245,1.759,0.057055,0.4162,-0.844,83.71,2026-10-27,42,,,yahoo,1.0,0.0,1.0,1.0,0.0,1.0,1.0,0.0,1.0,-4.7511,-13.7406,-6.9748,-1.6641,22.452,42.8872,213.265,213.9034,221.006,-19.668,-19.9078,-22.4817
HWM,224.6699981689453,224.67,2026-09-15,False,223.2801055908203,232.1699981689453,-1.08,20.94,BAJO,89598713856.0,48.52,34.86,15.68,34.73,12.81,28.5,20.52,1.33,33.54,0.81,1.82,8.0,YAHOO,2.0252,2.4245,1.759,0.057055,0.4162,-0.844,83.71,2026-11-05,51,,,yahoo,1.0,1.0,1.0,1.0,1.0,0.0,1.0,1.0,1.0,-2.9629,-8.2792,-17.114,-16.8841,18.4076,37.8107,292.65,292.65,292.65,-23.2291,-23.2291,-23.2291
WELL,232.75999450683594,232.76,2026-09-15,False,229.74000549316406,234.36500549316406,-0.62,41.8,BAJO,167720337408.0,104.85,73.19,3.61,3.84,0.83,16.56,12.15,1.64,56.22,0.41,1.32,7.0,YAHOO,2.0252,2.4245,1.759,0.057055,0.4162,-0.844,83.71,2026-10-26,41,,,yahoo,1.0,0.0,1.0,1.0,1.0,1.0,0.0,1.0,1.0,-1.8925,-1.4731,-3.2512,9.7823,5.0446,21.9332,241.56,251.122,251.122,-3.643,-7.312,-7.312
XYZ,78.30999755859375,78.31,2026-09-15,False,77.87000274658203,80.2699966430664,-1.48,6.91,BAJO,47048257536.0,139.84,15.16,2.13,1.61,2.01,7.0,1.43,-0.06,31.11,0.33,2.21,6.0,YAHOO,2.0252,2.4245,1.759,0.057055,0.4162,-0.844,83.71,2026-11-09,55,,,yahoo,1.0,0.0,1.0,1.0,1.0,0.0,1.0,1.0,0.0,-2.2347,-4.5233,-3.9377,5.3262,13.1665,38.4835,84.85,84.85,84.85,-7.7077,-7.7077,-7.7077
A,150.27000427246094,150.27,2026-09-15,False,147.5500030517578,150.9600067138672,2.36,22.55,BAJO,42371006464.0,29.7,22.24,5.75,20.97,8.63,25.56,19.53,2.5,21.05,0.56,2.05,,YAHOO,2.0252,2.4245,1.759,0.057055,0.4162,-0.844,83.71,2026-11-25,71,2026-08-26,20.0,yahoo,1.0,0.0,1.0,1.0,1.0,0.0,1.0,0.0,0.0,2.3289,-2.1425,10.4115,15.2914,29.4407,28.5388,159.0,159.0,159.0,-5.4906,-5.4906,-5.4906
ACGL,97.04000091552734,97.04,2026-09-15,False,95.91500091552734,98.38999938964844,-0.93,9.97,BAJO,33112875008.0,7.59,9.95,1.42,19.94,4.12,26.58,24.4,12.99,6.04,0.18,0.59,,YAHOO,2.0252,2.4245,1.759,0.057055,0.4162,-0.844,83.71,2026-10-26,41,,,yahoo,1.0,0.0,1.0,1.0,1.0,0.0,1.0,0.0,1.0,1.3896,-1.0503,-2.9988,6.0546,19.2077,23.5349,101.14,106.48,106.48,-4.0538,-8.8655,-8.8655
ADM,86.61000061035156,86.61,2026-09-15,False,86.16000366210938,88.11000061035156,0.2,49.24,BAJO,41742520320.0,23.66,15.1,1.77,7.64,2.26,4.01,2.16,2.79,16.76,0.39,1.39,,YAHOO,2.0252,2.4245,1.759,0.057055,0.4162,-0.844,83.71,2026-11-03,49,,,yahoo,1.0,0.0,1.0,1.0,1.0,0.0,0.0,0.0,0.0,2.497,6.5445,5.0117,9.9529,5.5179,26.5945,86.91,86.91,86.91,-0.3452,-0.3452,-0.3452
ADSK,226.5,226.5,2026-09-15,False,222.5625,232.63999938964844,-1.06,-27.48,BAJO,47338500096.0,29.38,15.94,13.99,53.85,11.47,29.23,21.08,6.67,20.51,1.1,0.85,,YAHOO,2.0252,2.4245,1.759,0.057055,0.4162,-0.844,83.71,2026-11-27,73,2026-08-27,19.0,yahoo,1.0,0.0,1.0,1.0,0.0,1.0,1.0,1.0,1.0,6.7339,-12.3893,4.349,14.0483,61.5216,47.4607,270.58,270.58,324.86,-16.2909,-16.2909,-30.2777
AEE,103.0199966430664,103.02,2026-09-15,False,102.62000274658203,104.83000183105469,-0.91,7.43,BAJO,28520392704.0,18.14,17.74,2.08,11.94,3.06,25.24,18.58,-6.26,12.97,1.58,0.53,,YAHOO,2.0252,2.4245,1.759,0.057055,0.4162,-0.844,83.71,2026-11-04,50,,,yahoo,1.0,1.0,1.0,1.0,1.0,0.0,0.0,0.0,1.0,-3.4761,-2.1311,-8.2663,-5.3109,7.9991,19.3164,108.8975,117.4865,117.4865,-5.3972,-12.3134,-12.3134
AEP,120.61000061035156,120.61,2026-09-15,False,120.41010284423828,122.48500061035156,-1.33,15.96,BAJO,65659768832.0,20.9,17.59,2.05,10.13,2.98,23.25,13.78,-9.13,13.37,1.61,0.5,,YAHOO,2.0252,2.4245,1.759,0.057055,0.4162,-0.844,83.71,2026-10-29,44,,,yahoo,1.0,1.0,1.0,1.0,0.0,1.0,0.0,0.0,0.0,-3.8351,-1.4866,-8.7146,-6.0179,8.0952,18.8919,126.35,137.6421,137.6421,-4.5429,-12.3742,-12.3742
AES,14.800000190734863,14.8,2026-09-15,False,14.800000190734863,14.829999923706055,0.0,21.22,BAJO,10558892032.0,5.54,6.24,2.14,9.57,2.96,18.67,14.34,-29.26,12.17,2.57,0.75,,YAHOO,2.0252,2.4245,1.759,0.057055,0.4162,-0.844,83.71,2026-11-04,50,,,yahoo,1.0,0.0,1.0,1.0,1.0,0.0,0.0,0.0,0.0,-0.2023,0.4071,1.1994,2.0266,1.3839,3.1199,14.83,14.83,16.8672,-0.2023,-0.2023,-12.2559
AFL,117.55000305175781,117.55,2026-09-15,False,116.03500366210938,117.7699966430664,0.46,12.68,BAJO,58932903936.0,12.68,15.59,1.95,16.91,3.13,25.72,26.91,8.74,10.87,0.53,0.89,,YAHOO,2.0252,2.4245,1.759,0.057055,0.4162,-0.844,83.71,2026-11-04,50,,,yahoo,1.0,0.0,1.0,0.0,0.0,0.0,1.0,0.0,0.0,2.0754,1.4674,-3.9652,1.0106,11.3717,18.6,121.12,128.9008,128.9008,-2.9475,-8.8059,-8.8059
AIZ,286.1099853515625,286.11,2026-09-15,False,281.6600036621094,286.55999755859375,1.0,41.2,BAJO,14112022528.0,13.7,12.21,2.32,18.34,2.56,11.73,7.9,15.23,8.14,0.36,0.38,,YAHOO,2.0252,2.4245,1.759,0.057055,0.4162,-0.844,83.71,2026-11-03,49,,,yahoo,1.0,1.0,1.0,1.0,0.0,0.0,1.0,0.0,1.0,1.8149,1.5078,4.1948,10.6121,5.7652,21.9876,287.71,300.641,300.641,-0.5561,-4.8333,-4.8333
AJG,248.0399932861328,248.04,2026-09-15,False,247.8800048828125,254.58999633789062,-2.08,-11.31,BAJO,63582818304.0,41.13,16.66,2.68,6.72,2.32,19.16,10.38,3.27,18.11,0.59,1.05,,YAHOO,2.0252,2.4245,1.759,0.057055,0.4162,-0.844,83.71,2026-10-29,44,,,yahoo,1.0,0.0,1.0,1.0,1.0,0.0,0.0,1.0,1.0,-1.3561,-5.1296,-2.8239,15.2789,53.7792,36.6735,271.2652,271.2652,306.8697,-8.5618,-8.5618,-19.1709
AKAM,105.4000015258789,105.4,2026-09-15,False,103.93000030517578,107.41999816894531,-0.16,39.83,BAJO,15147730944.0,38.19,14.67,3.19,8.92,2.52,7.63,9.51,4.69,19.57,1.97,1.64,,YAHOO,2.0252,2.4245,1.759,0.057055,0.4162,-0.844,83.71,2026-11-05,51,,,yahoo,1.0,0.0,1.0,1.0,0.0,1.0,1.0,0.0,0.0,-0.1988,-2.9645,-11.2869,-21.4605,22.7085,51.8625,115.2,129.52,161.14,-8.5069,-18.6226,-34.591
ALB,113.44999694824219,113.45,2026-09-15,False,112.5,115.75,-1.37,43.58,BAJO,13387673600.0,436.35,10.04,1.66,2.65,3.16,27.71,3.79,9.97,10.96,0.19,2.09,,YAHOO,2.0252,2.4245,1.759,0.057055,0.4162,-0.844,83.71,2026-11-04,50,,,yahoo,0.0,1.0,1.0,1.0,0.0,1.0,0.0,1.0,0.0,-12.1462,-15.6611,-4.711,-32.6038,14.6511,42.6221,142.769,156.1639,214.3488,-20.536,-27.352,-47.0723
ALGN,147.0,147.0,2026-09-15,False,146.86500549316406,152.49000549316406,-3.92,14.14,BAJO,10442858496.0,25.52,11.71,2.47,10.15,7.56,18.25,9.99,5.69,10.22,0.03,1.4,,YAHOO,2.0252,2.4245,1.759,0.057055,0.4162,-0.844,83.71,2026-10-28,43,,,yahoo,1.0,0.0,1.0,1.0,1.0,1.0,1.0,0.0,1.0,-4.2283,-8.0043,-17.6055,-17.5362,36.4762,39.3961,167.91,188.39,197.51,-12.4531,-21.9704,-25.5734
ALL,257.2099914550781,257.21,2026-09-15,False,255.27000427246094,258.2200012207031,-0.49,35.14,BAJO,65037590528.0,5.15,9.32,2.06,46.11,8.68,22.83,18.97,23.31,4.02,0.22,0.36,,YAHOO,2.0252,2.4245,1.759,0.057055,0.4162,-0.844,83.71,2026-11-04,50,,,yahoo,1.0,1.0,1.0,0.0,1.0,0.0,1.0,0.0,0.0,1.4795,-0.2289,6.7892,16.4422,19.0795,29.8199,263.11,273.9698,273.9698,-2.2424,-6.1174,-6.1174
ALLE,154.60000610351562,154.6,2026-09-15,False,153.75999450683594,154.9550018310547,-0.51,-9.59,BAJO,13146687488.0,20.32,15.82,6.21,33.73,11.03,22.1,15.36,3.68,14.4,1.05,1.93,,YAHOO,2.0252,2.4245,1.759,0.057055,0.4162,-0.844,83.71,2026-10-22,37,,,yahoo,1.0,0.0,1.0,1.0,1.0,0.0,1.0,1.0,0.0,-0.9292,-0.4187,10.8403,15.632,16.1737,32.3202,162.76,168.94,178.3569,-5.0135,-8.4882,-13.3198
AMCR,42.459999084472656,42.46,2026-09-15,False,41.974998474121094,42.65999984741211,0.5,10.77,BAJO,19631198208.0,17.84,9.75,1.66,9.4,3.57,9.69,4.71,7.66,9.49,1.28,1.25,,YAHOO,2.0252,2.4245,1.759,0.057055,0.4162,-0.844,83.71,2026-11-05,51,,,yahoo,1.0,1.0,1.0,1.0,0.0,1.0,0.0,1.0,1.0,-4.24,-6.145,-3.9472,4.7678,13.7921,29.5618,47.9018,47.9018,48.4112,-11.3602,-11.3602,-12.2931
AME,234.4499969482422,234.45,2026-09-15,False,232.00999450683594,235.21499633789062,0.34,26.23,BAJO,53750300672.0,34.23,24.46,4.77,14.56,8.16,26.18,20.04,2.78,22.15,0.21,1.21,,YAHOO,2.0252,2.4245,1.759,0.057055,0.4162,-0.844,83.71,2026-10-29,44,,,yahoo,1.0,0.0,1.0,1.0,1.0,0.0,1.0,1.0,0.0,-1.3922,-0.3062,-1.201,1.7357,43.8659,24.1201,249.99,258.52,258.52,-6.2163,-9.3107,-9.3107
AMP,559.3400268554688,559.34,2026-09-15,False,552.4099731445312,560.1375122070312,0.14,18.2,BAJO,49408303104.0,13.51,10.83,7.77,63.43,2.28,30.72,19.9,5.88,,0.68,2.18,,YAHOO,2.0252,2.4245,1.759,0.057055,0.4162,-0.844,83.71,2026-10-29,44,,,yahoo,1.0,0.0,1.0,1.0,0.0,0.0,1.0,0.0,1.0,0.4796,1.1264,5.2282,22.0074,4.3765,23.2089,565.08,570.68,570.68,-1.0158,-1.9871,-1.9871
AMT,177.7100067138672,177.71,2026-09-15,False,174.68499755859375,178.6999969482422,0.44,-2.14,BAJO,82805768192.0,24.44,25.35,22.26,33.91,4.89,45.41,31.08,3.53,18.82,4.39,0.35,,YAHOO,2.0252,2.4245,1.759,0.057055,0.4162,-0.844,83.71,2026-10-27,42,,,yahoo,1.0,1.0,1.0,1.0,1.0,0.0,1.0,0.0,1.0,1.1267,1.144,5.2037,-4.3335,28.8045,29.2053,178.57,179.38,192.2845,-0.4816,-0.931,-7.5797
AON,304.6700134277344,304.67,2026-09-15,False,304.6000061035156,311.9750061035156,-2.21,-13.86,BAJO,64628260864.0,16.8,15.03,6.73,44.7,5.83,23.46,22.27,4.94,13.48,1.63,1.03,,YAHOO,2.0252,2.4245,1.759,0.057055,0.4162,-0.844,83.71,2026-10-30,45,,,yahoo,1.0,1.0,1.0,0.0,1.0,1.0,1.0,1.0,1.0,-3.5213,-5.2407,-17.1623,-7.3277,37.9619,35.4212,359.1,380.3929,380.3929,-15.1573,-19.9065,-19.9065
AOS,57.220001220703125,57.22,2026-09-15,False,56.625,57.46969985961914,-0.28,-18.16,BAJO,7776688640.0,15.94,13.99,4.22,27.13,12.54,18.93,13.15,6.23,10.58,0.37,1.59,,YAHOO,2.0252,2.4245,1.759,0.057055,0.4162,-0.844,83.71,2026-10-27,42,,,yahoo,1.0,1.0,1.0,1.0,1.0,0.0,1.0,1.0,1.0,-2.7202,-3.2302,-4.8959,-4.0878,20.4929,30.679,63.8,63.98,79.5335,-10.3135,-10.5658,-28.0554
APA,47.40999984741211,47.41,2026-09-15,False,45.26499938964844,47.439998626708984,5.29,116.14,BAJO,16610165760.0,10.0,10.8,2.37,26.66,11.6,56.33,19.56,12.92,3.52,0.49,0.95,,YAHOO,2.0252,2.4245,1.759,0.057055,0.4162,-0.844,83.71,2026-11-04,50,,,yahoo,1.0,1.0,1.0,1.0,1.0,0.0,1.0,0.0,1.0,8.8634,9.8725,39.2756,37.3129,41.9025,41.4604,47.41,47.41,47.41,0.0,0.0,0.0
APD,290.55999755859375,290.56,2026-09-15,False,286.6549987792969,290.6000061035156,1.19,5.01,BAJO,64703508480.0,,20.13,4.66,0.02,4.73,25.54,-0.38,-2.31,18.2,1.1,1.08,,YAHOO,2.0252,2.4245,1.759,0.057055,0.4162,-0.844,83.71,2026-11-05,51,,,yahoo,0.0,0.0,1.0,1.0,0.0,0.0,0.0,0.0,0.0,-2.4017,-6.1074,-2.2638,3.3238,17.9719,27.8254,309.46,314.19,314.19,-6.1074,-7.5209,-7.5209
APH,77.6500015258789,77.65,2026-09-15,False,77.08999633789062,79.14360046386719,-1.15,33.11,BAJO,191482331136.0,38.83,23.72,12.36,38.12,14.47,29.78,17.73,1.99,21.66,1.2,1.89,,YAHOO,2.0252,2.4245,1.759,0.057055,0.4162,-0.844,83.71,2026-10-28,43,,,yahoo,1.0,1.0,1.0,1.0,0.0,1.0,0.0,1.0,0.0,-5.0269,-2.0498,1.4105,-1.9268,71.1831,44.4326,83.92,88.16,88.16,-7.4714,-11.9215,-11.9215
APO,127.0,127.0,2026-09-15,False,126.43000030517578,129.52999877929688,-1.02,-4.79,BAJO,74998980608.0,45.2,11.83,3.73,11.41,0.94,21.95,5.27,,,1.01,1.95,,YAHOO,2.0252,2.4245,1.759,0.057055,0.4162,-0.844,83.71,2026-11-03,49,,,yahoo,1.0,0.0,1.0,1.0,0.0,0.0,0.0,0.0,1.0,-3.6492,-7.0142,3.4023,-6.299,20.8665,36.8023,136.58,142.9761,150.8032,-7.0142,-11.1739,-15.7843
APP,331.4599914550781,331.46,2026-09-15,False,323.802490234375,334.4599914550781,-0.83,-42.14,BAJO,111350513664.0,25.5,15.8,35.13,203.69,46.46,77.68,64.58,2.86,20.74,1.11,4.3,,YAHOO,2.0252,2.4245,1.759,0.057055,0.4162,-0.844,83.71,2026-11-04,50,,,yahoo,1.0,1.0,1.0,1.0,1.0,1.0,1.0,1.0,1.0,6.2338,6.2168,-23.7111,-36.3629,31.1605,68.9197,334.24,564.61,733.6,-0.8317,-41.294,-54.8173
APTV,43.75,43.75,2026-09-15,False,43.54999923706055,44.36000061035156,-2.32,-45.18,BAJO,9083958272.0,19.8,6.69,1.04,5.16,6.72,12.68,1.07,17.79,4.33,0.65,2.02,,YAHOO,2.0252,2.4245,1.759,0.057055,0.4162,-0.844,83.71,2026-10-29,44,,,yahoo,1.0,0.0,1.0,1.0,1.0,1.0,1.0,1.0,1.0,-4.3298,-2.2565,-26.1728,-34.329,34.9749,49.2473,48.92,63.57,88.67,-10.5683,-31.1782,-50.6597
ARE,52.93000030517578,52.93,2026-09-15,False,51.435001373291016,53.279998779296875,1.87,-32.4,BAJO,9109003264.0,,-65.35,0.58,-4.08,0.93,17.28,-36.08,14.77,14.33,0.69,2.35,,YAHOO,2.0252,2.4245,1.759,0.057055,0.4162,-0.844,83.71,2026-10-26,41,,,yahoo,0.0,0.0,1.0,1.0,0.0,1.0,1.0,0.0,1.0,4.2545,3.1975,5.5644,2.376,31.875,43.5414,54.04,54.87,82.4287,-2.054,-3.5356,-35.7869
ARES,129.10000610351562,129.1,2026-09-15,False,128.08999633789062,131.75230407714844,-1.84,-23.62,BAJO,42832273408.0,59.22,17.95,11.7,14.94,2.59,19.38,10.63,5.04,34.3,1.72,0.54,,YAHOO,2.0252,2.4245,1.759,0.057055,0.4162,-0.844,83.71,2026-11-02,48,,,yahoo,1.0,0.0,1.0,1.0,1.0,0.0,0.0,0.0,1.0,-6.8677,-9.8275,2.9259,-3.6639,25.6874,40.6761,143.17,149.45,177.9959,-9.8275,-13.6166,-27.4702
ATO,162.0399932861328,162.04,2026-09-15,False,162.0,164.25,-1.1,1.97,BAJO,27382904832.0,19.31,17.97,1.79,9.79,3.89,37.22,28.5,-8.11,14.17,0.68,0.81,,YAHOO,2.0252,2.4245,1.759,0.057055,0.4162,-0.844,83.71,2026-11-04,50,,,yahoo,1.0,1.0,1.0,1.0,0.0,0.0,0.0,1.0,1.0,-3.5878,-2.4619,-8.438,-3.8815,11.522,16.5598,170.2833,178.4242,190.0626,-4.8409,-9.1827,-14.7439
AVB,68.13999938964844,68.14,2026-08-24,False,67.36000061035156,68.62000274658203,2.02,0.83,BAJO,26283393024.0,25.25,36.58,2.17,8.49,2.63,30.63,33.32,5.36,19.14,0.75,0.34,,YAHOO,2.0252,2.4245,1.759,0.057055,0.4162,-0.844,83.71,2026-10-28,43,,,yahoo,1.0,0.0,1.0,1.0,0.0,0.0,1.0,0.0,0.0,7.0374,3.5221,,,14.1797,,68.9044,,,-1.1094,,
AWK,138.02000427246094,138.02,2026-09-15,False,137.5500030517578,139.33999633789062,-0.65,5.03,BAJO,27428577280.0,23.92,21.02,2.35,10.1,3.52,40.66,21.35,-6.51,14.85,1.38,0.52,,YAHOO,2.0252,2.4245,1.759,0.057055,0.4162,-0.844,83.71,2026-10-28,43,,,yahoo,1.0,0.0,1.0,1.0,1.0,1.0,0.0,1.0,1.0,-1.6812,-0.1519,3.4304,9.5121,15.9539,23.1796,140.89,140.89,141.5679,-2.037,-2.037,-2.5061
AXON,442.0799865722656,442.08,2026-09-15,False,434.4601135253906,471.4100036621094,-9.81,-39.91,BAJO,35913437184.0,184.2,41.81,9.77,6.22,0.51,5.17,6.19,0.62,224.47,0.5,2.15,,YAHOO,2.0252,2.4245,1.759,0.057055,0.4162,-0.844,83.71,2026-11-03,49,,,yahoo,1.0,0.0,1.0,1.0,0.0,1.0,0.0,0.0,0.0,-12.5339,-21.9712,-18.3978,-0.255,83.4737,78.3809,645.72,645.72,777.58,-31.5369,-31.5369,-43.1467
AZO,2860.25,2860.25,2026-09-15,False,2855.360107421875,2954.860107421875,-3.55,-30.46,BAJO,46694596638.75,19.68,16.34,-16.81,,11.39,19.08,12.4,1.94,14.36,,0.89,,YAHOO,2.0252,2.4245,1.759,0.057055,0.4162,-0.844,83.71,2026-09-22,7,,,yahoo,1.0,0.0,1.0,1.0,1.0,1.0,1.0,0.0,0.0,-3.0953,-4.3791,-6.5937,-7.8967,43.4775,31.0687,3076.8899,3218.1499,4290.2402,-7.0409,-11.1213,-33.3312
BAX,23.709999084472656,23.71,2026-09-15,False,23.15999984741211,23.915000915527344,-0.63,1.79,BAJO,12257974272.0,,11.64,1.98,-14.37,2.85,14.43,-9.27,8.16,10.52,1.56,1.95,,YAHOO,2.0252,2.4245,1.759,0.057055,0.4162,-0.844,83.71,2026-10-29,44,,,yahoo,0.0,0.0,1.0,1.0,0.0,1.0,0.0,0.0,1.0,-4.6259,-8.8077,1.5809,13.9796,11.9397,41.8793,26.6297,28.3391,28.3391,-10.9642,-16.3346,-16.3346
BBY,93.23999786376953,93.24,2026-09-15,False,92.9800033569336,95.76000213623047,-1.68,34.02,BAJO,19555010560.0,15.51,12.93,6.16,43.13,7.25,3.9,3.01,7.18,8.26,1.3,1.12,,YAHOO,2.0252,2.4245,1.759,0.057055,0.4162,-0.844,83.71,2026-11-24,70,2026-08-27,19.0,yahoo,1.0,1.0,1.0,1.0,0.0,1.0,1.0,0.0,1.0,4.377,16.3319,9.3211,22.0524,44.2005,35.8462,94.83,94.83,94.83,-1.6767,-1.6767,-1.6767
BDX,185.9199981689453,185.92,2026-09-15,False,181.27999877929688,186.6199951171875,1.65,32.48,BAJO,50642157568.0,32.17,13.99,2.07,6.61,4.34,15.73,4.19,8.84,10.9,0.69,0.86,,YAHOO,2.0252,2.4245,1.759,0.057055,0.4162,-0.844,83.71,2026-11-05,51,,,yahoo,1.0,1.0,1.0,1.0,0.0,0.0,1.0,1.0,1.0,4.4201,-0.5814,16.9364,28.5159,31.8376,29.0107,190.8744,190.8744,190.8744,-2.5956,-2.5956,-2.5956
BEN,33.290000915527344,33.29,2026-09-15,False,32.935001373291016,33.470001220703125,-0.54,45.92,BAJO,16913880064.0,22.65,10.48,1.44,7.89,2.64,12.98,8.72,-17.68,11.38,0.25,5.49,,YAHOO,2.0252,2.4245,1.759,0.057055,0.4162,-0.844,83.71,2026-11-06,52,,,yahoo,1.0,1.0,1.0,1.0,0.0,0.0,1.0,1.0,1.0,-3.925,-2.5183,-0.12,3.427,8.6584,24.9225,35.03,35.77,35.77,-4.9672,-6.9332,-6.9332
BLDR,60.20000076293945,60.2,2026-09-15,False,59.04999923706055,60.630001068115234,-0.07,-55.07,BAJO,6477306880.0,65.43,13.62,1.62,2.51,2.39,3.33,0.71,7.17,11.39,1.31,1.79,,YAHOO,2.0252,2.4245,1.759,0.057055,0.4162,-0.844,83.71,2026-10-29,44,,,yahoo,1.0,0.0,1.0,1.0,0.0,0.0,1.0,0.0,0.0,-3.8031,-9.3374,-23.0179,-22.632,41.3664,57.0369,72.55,90.51,140.17,-17.0227,-33.488,-57.0521
BLK,1058.6600341796875,1058.66,2026-09-15,False,1049.75,1067.59375,-0.65,-1.06,BAJO,172007047168.0,25.34,16.46,2.85,12.28,3.74,35.08,24.09,4.41,15.57,0.23,2.45,,YAHOO,2.0252,2.4245,1.759,0.057055,0.4162,-0.844,83.71,2026-10-14,29,,,yahoo,1.0,0.0,1.0,0.0,1.0,0.0,0.0,0.0,0.0,-3.3514,-7.9194,-2.1119,2.035,20.8684,28.7341,1170.6326,1176.8008,1177.4276,-9.5651,-10.0391,-10.087
BR,170.25,170.25,2026-09-15,False,169.8699951171875,172.38499450683594,-2.37,-28.31,BAJO,19412211712.0,17.75,14.71,6.83,40.92,9.29,24.61,15.04,6.15,12.71,1.24,1.24,,YAHOO,2.0252,2.4245,1.759,0.057055,0.4162,-0.844,83.71,2026-11-03,49,,,yahoo,1.0,1.0,1.0,1.0,0.0,1.0,1.0,1.0,1.0,0.9667,-6.076,11.916,19.9738,41.9743,35.0148,184.3148,184.3148,244.2088,-7.6308,-7.6308,-30.2851
BRO,67.2300033569336,67.23,2026-09-15,False,67.1500015258789,68.48500061035156,-1.61,-23.33,BAJO,22495856640.0,21.48,13.93,1.76,10.02,5.38,41.84,18.08,7.3,10.26,0.64,1.13,,YAHOO,2.0252,2.4245,1.759,0.057055,0.4162,-0.844,83.71,2026-10-26,41,,,yahoo,1.0,0.0,1.0,1.0,0.0,0.0,0.0,1.0,0.0,-1.3934,-6.8449,-2.9585,13.6735,32.8805,36.8077,74.62,74.6971,95.0407,-9.9035,-9.9965,-29.2619
BSX,43.869998931884766,43.87,2026-09-15,False,43.68000030517578,44.98889923095703,-2.62,-54.1,BAJO,63577698304.0,17.76,12.8,2.55,15.34,6.19,22.9,17.5,3.86,13.29,0.5,1.24,,YAHOO,2.0252,2.4245,1.759,0.057055,0.4162,-0.844,83.71,2026-10-28,43,,,yahoo,1.0,1.0,1.0,1.0,0.0,1.0,0.0,1.0,1.0,-2.4678,-9.1718,-1.6809,-6.1805,62.1735,37.6761,52.01,52.01,104.98,-15.6508,-15.6508,-58.2111
BXP,63.84000015258789,63.84,2026-09-15,False,63.790000915527344,64.62999725341797,-1.02,-12.32,BAJO,11547214848.0,34.32,28.72,1.98,5.31,1.68,28.75,9.3,7.63,17.77,2.12,0.51,,YAHOO,2.0252,2.4245,1.759,0.057055,0.4162,-0.844,83.71,2026-10-27,42,,,yahoo,1.0,1.0,1.0,1.0,0.0,0.0,0.0,0.0,1.0,-2.8902,-6.1038,-9.6391,-2.2229,18.7339,27.3386,72.13,72.97,75.5641,-11.4931,-12.512,-15.5155
CAG,15.020000457763672,15.02,2026-09-15,False,14.619999885559082,15.079999923706055,1.56,-11.21,BAJO,7188056064.0,,9.64,1.13,-25.06,4.4,13.77,-16.98,11.95,8.23,1.18,0.9,,YAHOO,2.0252,2.4245,1.759,0.057055,0.4162,-0.844,83.71,2026-09-30,15,,,yahoo,0.0,0.0,1.0,1.0,0.0,1.0,0.0,0.0,1.0,-1.5727,-6.2422,4.9863,11.6203,31.5703,35.0856,16.67,16.67,19.3071,-9.898,-9.898,-22.2049
CARR,55.540000915527344,55.54,2026-09-15,False,54.779998779296875,58.18949890136719,-3.0,-5.94,BAJO,45783015424.0,39.67,16.79,3.49,8.97,2.98,13.07,5.52,1.88,18.94,0.92,1.02,,YAHOO,2.0252,2.4245,1.759,0.057055,0.4162,-0.844,83.71,2026-10-27,42,,,yahoo,1.0,0.0,1.0,1.0,0.0,0.0,1.0,0.0,0.0,-6.0396,-4.6032,-19.6139,-21.6368,31.7676,34.2583,61.42,75.7277,75.7277,-9.5734,-26.6583,-26.6583
CB,341.8599853515625,341.86,2026-09-15,False,339.6726989746094,342.7200012207031,0.0,27.73,BAJO,131889537024.0,12.11,11.74,1.75,14.82,3.36,23.53,18.07,7.95,10.38,0.31,0.41,,YAHOO,2.0252,2.4245,1.759,0.057055,0.4162,-0.844,83.71,2026-10-27,42,,,yahoo,1.0,1.0,1.0,1.0,1.0,0.0,1.0,0.0,0.0,1.8574,1.2678,-0.2349,4.8762,7.4222,24.0553,347.2011,362.4052,362.4052,-1.5383,-5.6691,-5.6691
CBOE,270.44000244140625,270.44,2026-09-15,False,270.3999938964844,282.7099914550781,-4.94,18.36,BAJO,28242323456.0,21.08,17.77,5.03,26.3,11.58,34.63,26.73,2.4,14.99,0.28,1.56,,YAHOO,2.0252,2.4245,1.759,0.057055,0.4162,-0.844,83.71,2026-10-30,45,,,yahoo,1.0,1.0,1.0,1.0,1.0,1.0,1.0,1.0,0.0,-7.8035,-9.9134,-2.4106,-7.4148,40.2955,39.166,313.0803,313.0803,364.9193,-13.6196,-13.6196,-25.8905
CCI,73.25,73.25,2026-09-15,False,71.36000061035156,73.81999969482422,-1.24,-16.89,BAJO,32010250240.0,29.9,25.37,-9.54,,4.72,46.83,20.72,3.24,20.04,,0.52,,YAHOO,2.0252,2.4245,1.759,0.057055,0.4162,-0.844,83.71,2026-10-21,36,,,yahoo,1.0,1.0,1.0,1.0,1.0,0.0,0.0,0.0,0.0,-3.5804,-3.7956,-6.9605,-17.4555,32.0937,32.3842,77.26,84.33,95.3952,-5.1903,-13.1389,-23.2141
CDNS,273.9599914550781,273.96,2026-09-15,False,273.0700988769531,279.0,-1.83,-20.09,BAJO,75446665216.0,54.57,28.7,11.0,23.23,10.61,28.57,23.61,2.13,35.51,0.39,1.74,,YAHOO,2.0252,2.4245,1.759,0.057055,0.4162,-0.844,83.71,2026-10-26,41,,,yahoo,1.0,0.0,1.0,1.0,1.0,0.0,1.0,1.0,1.0,-3.5726,-19.1334,-24.8704,-30.5551,35.4997,39.0088,347.55,389.04,416.39,-21.1739,-29.5805,-34.2059
CDW,153.74000549316406,153.74,2026-09-15,False,150.94000244140625,154.3300018310547,1.34,-1.86,BAJO,19220178944.0,18.5,12.76,7.89,44.01,6.59,7.34,4.6,3.52,12.57,2.63,1.17,,YAHOO,2.0252,2.4245,1.759,0.057055,0.4162,-0.844,83.71,2026-11-03,49,,,yahoo,1.0,0.0,1.0,1.0,1.0,0.0,1.0,0.0,0.0,6.4092,1.425,14.9877,17.65,64.3396,51.1043,153.92,153.92,163.9515,-0.1169,-0.1169,-6.2284
CF,135.5399932861328,135.54,2026-09-15,False,130.08999633789062,137.00999450683594,3.28,64.07,BAJO,20512368640.0,10.05,12.68,3.57,29.87,12.93,49.33,27.12,6.22,6.41,0.41,4.86,,YAHOO,2.0252,2.4245,1.759,0.057055,0.4162,-0.844,83.71,2026-11-04,50,,,yahoo,1.0,1.0,1.0,1.0,0.0,1.0,1.0,1.0,1.0,0.9008,4.2375,14.814,27.4447,39.7724,37.8768,139.27,139.27,139.27,-2.6783,-2.6783,-2.6783
CFG,70.23999786376953,70.24,2026-09-15,False,69.5801010131836,71.11000061035156,-0.43,42.91,BAJO,29583458304.0,15.3,10.75,1.23,8.27,0.94,35.13,26.05,,,,,,YAHOO,2.0252,2.4245,1.759,0.057055,0.4162,-0.844,83.71,2026-10-16,31,,,yahoo,1.0,1.0,1.0,1.0,1.0,0.0,1.0,0.0,1.0,0.3572,1.9892,-4.9784,6.0706,10.9401,23.8236,73.46,74.73,74.73,-4.3833,-6.0083,-6.0083
CHD,94.51000213623047,94.51,2026-09-15,False,93.37999725341797,94.94000244140625,-0.07,6.89,BAJO,22418141184.0,30.29,23.4,5.15,17.04,7.87,18.07,11.96,4.19,18.16,0.56,1.15,,YAHOO,2.0252,2.4245,1.759,0.057055,0.4162,-0.844,83.71,2026-10-30,45,,,yahoo,1.0,1.0,1.0,1.0,1.0,0.0,1.0,0.0,1.0,-2.1028,-5.2816,-4.3602,-3.582,12.5114,23.0727,102.86,103.3249,104.5985,-8.1178,-8.5313,-9.645
CHRW,157.6300048828125,157.63,2026-09-15,False,155.4600067138672,158.07000732421875,0.2,22.06,BAJO,18419263488.0,30.08,21.02,11.34,37.12,9.96,5.34,3.73,2.61,21.66,1.21,1.58,,YAHOO,2.0252,2.4245,1.759,0.057055,0.4162,-0.844,83.71,2026-10-28,43,,,yahoo,1.0,1.0,1.0,1.0,0.0,1.0,1.0,1.0,0.0,5.0167,5.7797,-23.0572,-16.7885,20.5912,50.153,157.63,208.5206,208.5206,0.0,-24.4055,-24.4055
CHTR,141.1999969482422,141.2,2026-09-15,False,139.13999938964844,144.0,-1.5,-43.86,BAJO,19030581248.0,3.67,3.37,0.99,27.2,5.31,23.5,9.05,11.55,5.41,4.42,0.36,,YAHOO,2.0252,2.4245,1.759,0.057055,0.4162,-0.844,83.71,2026-10-30,45,,,yahoo,1.0,0.0,1.0,1.0,1.0,1.0,1.0,1.0,0.0,-3.1151,-7.3734,5.9026,-1.7466,54.9307,57.4526,158.97,158.97,282.74,-11.1782,-11.1782,-50.0601
CI,288.8999938964844,288.9,2026-09-15,False,286.7650146484375,290.7149963378906,-0.4,1.41,BAJO,76339077120.0,11.94,8.63,1.79,16.76,4.46,3.98,2.27,10.45,7.96,0.74,0.85,,YAHOO,2.0252,2.4245,1.759,0.057055,0.4162,-0.844,83.71,2026-11-05,51,,,yahoo,1.0,1.0,1.0,1.0,0.0,1.0,1.0,0.0,1.0,4.7384,5.2246,2.355,-1.1319,26.5391,28.2748,290.05,302.8186,304.1076,-0.3965,-4.5964,-5.0007
CINF,171.6699981689453,171.67,2026-09-15,False,170.14999389648438,172.07119750976562,-0.2,15.12,BAJO,26347575296.0,8.11,19.01,1.58,21.48,6.41,37.2,23.84,11.33,5.82,0.05,1.15,,YAHOO,2.0252,2.4245,1.759,0.057055,0.4162,-0.844,83.71,2026-10-26,41,,,yahoo,1.0,0.0,1.0,1.0,1.0,0.0,1.0,0.0,0.0,1.4958,1.0418,-2.6207,1.9315,10.4063,25.4358,174.72,192.03,192.03,-1.7457,-10.6025,-10.6025
CLX,87.16000366210938,87.16,2026-09-15,False,87.06999969482422,89.30020141601562,-2.41,-23.75,BAJO,10540347392.0,18.12,13.92,117.15,163.76,8.32,12.88,8.73,1.05,14.4,22.21,0.66,,YAHOO,2.0252,2.4245,1.759,0.057055,0.4162,-0.844,83.71,2026-11-03,49,,,yahoo,1.0,0.0,1.0,1.0,0.0,0.0,1.0,0.0,0.0,-4.8472,-10.7699,-10.6694,-8.1285,27.8733,31.3994,107.9,107.9,124.127,-19.2215,-19.2215,-29.7816
CMCSA,24.420000076293945,24.42,2026-09-15,False,24.3700008392334,24.760000228881836,-1.85,-14.28,BAJO,86657703936.0,7.83,6.74,0.96,11.49,4.31,17.23,8.97,14.65,5.03,1.0,0.8,,YAHOO,2.0252,2.4245,1.759,0.057055,0.4162,-0.844,83.71,2026-10-22,37,,,yahoo,1.0,1.0,1.0,1.0,1.0,1.0,1.0,1.0,0.0,-7.2541,-8.2645,1.3278,3.2654,29.7066,35.7487,27.2,27.2,31.6751,-10.2206,-10.2206,-22.9047
CME,275.0899963378906,275.09,2026-09-15,False,273.8999938964844,277.9198913574219,-1.91,12.38,BAJO,98916655104.0,23.35,21.28,3.73,15.8,1.48,65.04,63.44,2.94,21.07,0.15,1.02,,YAHOO,2.0252,2.4245,1.759,0.057055,0.4162,-0.844,83.71,2026-10-21,36,,,yahoo,1.0,0.0,1.0,1.0,1.0,1.0,1.0,0.0,0.0,-0.6644,-3.1939,12.227,3.8715,24.5701,27.2277,285.1116,285.1116,315.7112,-3.515,-3.515,-12.8666
CMG,34.83000183105469,34.83,2026-09-15,False,34.459999084472656,36.80699920654297,-5.94,-7.74,BAJO,44074512384.0,32.25,25.42,20.07,49.56,13.08,16.11,11.43,2.53,22.68,2.46,0.71,,YAHOO,2.0252,2.4245,1.759,0.057055,0.4162,-0.844,83.71,2026-10-28,43,,,yahoo,1.0,1.0,1.0,1.0,0.0,0.0,1.0,0.0,1.0,-5.763,-8.4144,1.8421,6.4161,56.6056,50.6307,38.52,38.52,42.36,-9.5794,-9.5794,-17.7762
CMI,538.02001953125,538.02,2026-09-15,False,531.8900146484375,545.5,-0.57,33.77,BAJO,74066247680.0,27.55,15.59,5.77,21.11,7.0,11.9,7.82,3.01,15.92,0.6,1.73,,YAHOO,2.0252,2.4245,1.759,0.057055,0.4162,-0.844,83.71,2026-11-05,51,,,yahoo,1.0,0.0,1.0,1.0,0.0,1.0,0.0,1.0,0.0,-4.1902,-4.674,-16.6413,-20.551,26.2106,34.7391,618.5078,724.8918,724.8918,-13.0132,-25.7793,-25.7793
CMS,65.91999816894531,65.92,2026-09-15,False,65.75,66.91999816894531,-1.35,-3.05,BAJO,20671004672.0,19.8,15.86,2.16,9.16,2.97,17.17,11.64,-10.64,13.45,1.86,0.94,,YAHOO,2.0252,2.4245,1.759,0.057055,0.4162,-0.844,83.71,2026-10-29,44,,,yahoo,1.0,0.0,1.0,1.0,0.0,1.0,0.0,0.0,1.0,-4.1721,-3.1443,-10.6708,-9.7733,5.7695,17.8702,71.06,78.1791,78.6889,-7.2333,-15.6808,-16.227
CNC,67.66000366210938,67.66,2026-09-15,False,67.05000305175781,68.62000274658203,-2.52,109.27,BAJO,33423704064.0,,12.74,1.48,-20.36,2.48,3.76,-2.83,28.84,5.09,0.71,1.15,,YAHOO,2.0252,2.4245,1.759,0.057055,0.4162,-0.844,83.71,2026-10-27,42,,,yahoo,0.0,0.0,1.0,1.0,0.0,0.0,1.0,0.0,1.0,4.7693,5.1601,5.9008,6.7192,46.2821,37.5318,69.41,69.41,69.41,-2.5213,-2.5213,-2.5213
CNP,37.97999954223633,37.98,2026-09-15,False,37.834999084472656,38.6973991394043,-1.73,3.42,BAJO,25018195968.0,22.61,18.2,2.13,9.83,3.0,24.49,11.61,-20.75,12.88,2.1,1.12,,YAHOO,2.0252,2.4245,1.759,0.057055,0.4162,-0.844,83.71,2026-10-22,37,,,yahoo,1.0,0.0,1.0,1.0,1.0,0.0,0.0,0.0,1.0,-5.334,-4.0909,-11.8436,-11.291,12.4321,19.5113,40.2992,44.7724,44.7724,-5.7549,-15.171,-15.171
COF,206.85000610351562,206.85,2026-09-15,False,203.0,208.78500366210938,0.08,-5.29,BAJO,126899347456.0,11.4,8.6,1.23,9.03,1.52,33.63,21.87,,,,,,YAHOO,2.0252,2.4245,1.759,0.057055,0.4162,-0.844,83.71,2026-10-20,35,,,yahoo,1.0,0.0,1.0,1.0,1.0,0.0,0.0,0.0,1.0,-3.3231,-3.5709,-2.0523,6.6594,16.4021,27.8763,221.47,226.54,254.9582,-6.6013,-8.6916,-18.869
COO,53.27000045776367,53.27,2026-09-15,False,52.970001220703125,54.79999923706055,-1.75,-16.67,BAJO,10129572864.0,18.31,11.35,1.22,6.84,2.73,20.82,13.46,5.36,13.71,0.34,1.22,,YAHOO,2.0252,2.4245,1.759,0.057055,0.4162,-0.844,83.71,2026-12-02,78,2026-09-09,6.0,finnhub,1.0,0.0,1.0,1.0,1.0,0.0,1.0,0.0,1.0,-21.303,-23.9977,-27.1272,-21.3843,113.0375,42.7408,76.73,76.82,84.32,-30.5747,-30.6561,-36.824
COR,323.2900085449219,323.29,2026-09-15,False,318.0799865722656,325.875,-0.9,13.77,BAJO,61692518400.0,24.0,16.32,20.22,96.87,3.56,1.41,0.79,3.31,13.26,4.47,0.94,,YAHOO,2.0252,2.4245,1.759,0.057055,0.4162,-0.844,83.71,2026-11-04,50,,,yahoo,1.0,0.0,1.0,1.0,0.0,1.0,1.0,1.0,0.0,-0.4312,-0.0958,5.1713,15.0968,17.1141,27.7536,337.22,337.22,372.5274,-4.1308,-4.1308,-13.2171
CPB,21.360000610351562,21.36,2026-09-15,False,21.010000228881836,21.389999389648438,0.52,-28.91,BAJO,6369685504.0,16.31,11.64,1.65,10.05,4.95,10.34,4.08,11.73,8.27,1.72,0.81,,YAHOO,2.0252,2.4245,1.759,0.057055,0.4162,-0.844,83.71,2026-12-07,83,2026-09-03,12.0,finnhub,,,,,,,,,,-1.8382,-9.7973,-5.6954,-2.6404,39.8447,38.1214,24.16,24.16,31.7348,-11.5894,-11.5894,-32.6923
CPRT,31.040000915527344,31.04,2026-09-15,False,30.985000610351562,31.829999923706055,-2.17,-32.81,BAJO,28737187840.0,20.03,17.26,3.16,16.16,10.27,32.01,31.81,3.08,13.3,0.01,7.91,,YAHOO,2.0252,2.4245,1.759,0.057055,0.4162,-0.844,83.71,2026-11-19,65,2026-09-10,5.0,yahoo,1.0,0.0,1.0,1.0,0.0,1.0,0.0,1.0,0.0,-4.7853,-5.9109,9.7207,2.4422,71.4577,44.547,34.33,34.33,47.6,-9.5835,-9.5835,-34.7899
CPT,102.83999633789062,102.84,2026-09-15,False,102.55999755859375,103.96499633789062,-0.95,0.74,BAJO,11901937664.0,33.94,94.35,2.77,7.89,1.87,16.1,20.62,1.17,17.4,1.26,0.35,,YAHOO,2.0252,2.4245,1.759,0.057055,0.4162,-0.844,83.71,2026-11-05,51,,,yahoo,1.0,1.0,1.0,1.0,0.0,1.0,1.0,1.0,0.0,-1.7859,-2.7977,-10.2383,-8.5618,17.9086,19.5953,109.15,117.58,117.58,-5.781,-12.5362,-12.5362
CRH,88.9800033569336,88.98,2026-09-14,False,87.06999969482422,89.2300033569336,0.49,-18.57,BAJO,58338799616.0,15.49,13.46,2.43,15.81,6.06,19.02,9.94,3.46,9.91,0.78,1.58,,YAHOO,2.0252,2.4245,1.759,0.057055,0.4162,-0.844,83.71,2026-10-29,44,,,yahoo,1.0,0.0,1.0,1.0,0.0,1.0,1.0,1.0,0.0,-5.6015,-7.1771,-14.0664,-16.1001,22.4214,29.907,97.05,112.5987,129.9237,-8.3153,-20.976,-31.5137
CRL,273.1099853515625,273.11,2026-09-14,False,267.2699890136719,279.6400146484375,-1.85,81.37,BAJO,13144009728.0,,21.51,4.59,-7.52,4.11,15.11,-5.96,3.57,18.76,1.05,1.35,,YAHOO,2.0252,2.4245,1.759,0.057055,0.4162,-0.844,83.71,2026-11-04,50,,,yahoo,0.0,0.0,1.0,1.0,0.0,0.0,1.0,1.0,1.0,-5.3345,-6.3088,19.6696,45.6509,28.6039,44.2791,298.58,298.58,298.58,-8.5304,-8.5304,-8.5304
CSGP,31.520000457763672,31.52,2026-09-14,False,30.75,31.829999923706055,3.48,-62.59,BAJO,12788035584.0,175.33,17.79,1.61,0.89,0.47,8.22,2.08,3.23,32.17,0.15,2.21,,YAHOO,2.0252,2.4245,1.759,0.057055,0.4162,-0.844,83.71,2026-10-27,42,,,yahoo,1.0,0.0,1.0,1.0,1.0,0.0,0.0,0.0,1.0,1.9735,-2.1726,10.6353,-4.0195,46.1693,50.8131,33.73,33.73,89.26,-6.552,-6.552,-64.6874
CSX,48.90999984741211,48.91,2026-09-14,False,48.310001373291016,48.959999084472656,-0.08,54.4,BAJO,90141425664.0,28.29,21.42,6.4,24.36,7.38,38.42,22.21,2.17,15.91,1.38,0.82,,YAHOO,2.0252,2.4245,1.759,0.057055,0.4162,-0.844,83.71,2026-10-22,37,,,yahoo,1.0,0.0,1.0,1.0,1.0,0.0,1.0,0.0,0.0,-1.0119,-4.3606,-0.7811,3.0984,17.4023,21.7757,51.6187,53.0847,53.0847,-5.2475,-7.8642,-7.8642
CTAS,200.82000732421875,200.82,2026-09-14,False,199.8699951171875,204.6199951171875,-0.34,3.54,BAJO,79613730816.0,40.6,32.53,15.49,40.71,16.1,23.69,17.75,1.84,27.64,0.53,1.43,,YAHOO,2.0252,2.4245,1.759,0.057055,0.4162,-0.844,83.71,2026-09-23,8,,,yahoo,1.0,1.0,1.0,1.0,1.0,0.0,1.0,1.0,1.0,0.1746,-1.6456,4.6638,14.217,16.3346,27.7191,207.4,215.969,215.969,-3.1726,-7.0144,-7.0144
CTSH,64.0999984741211,64.1,2026-09-14,False,61.900001525878906,64.45999908447266,6.83,-2.46,BAJO,28504109056.0,13.58,10.01,1.98,14.92,10.73,17.48,10.26,7.77,7.41,0.14,2.18,,YAHOO,2.0252,2.4245,1.759,0.057055,0.4162,-0.844,83.71,2026-10-28,43,,,yahoo,1.0,0.0,1.0,1.0,1.0,1.0,1.0,0.0,1.0,2.8727,0.0937,49.3188,23.588,65.3562,51.0689,64.64,64.64,85.1577,-0.8354,-0.8354,-24.7279
CTVA,82.54000091552734,82.54,2026-09-14,False,82.36000061035156,84.79000091552734,-1.62,20.88,BAJO,55637475328.0,50.54,20.26,2.21,4.26,4.55,30.13,5.66,4.34,13.66,0.19,1.52,,YAHOO,2.0252,2.4245,1.759,0.057055,0.4162,-0.844,83.71,2026-11-03,49,,,yahoo,1.0,1.0,1.0,1.0,1.0,0.0,1.0,1.0,0.0,-6.0551,-1.4113,-2.0534,8.6366,9.4877,35.038,89.97,90.3175,90.3175,-8.2583,-8.6113,-8.6113
CVNA,70.87000274658203,70.87,2026-09-14,False,68.83999633789062,71.18000030517578,2.47,-1.03,BAJO,74156228608.0,35.4,29.57,11.94,58.77,11.7,9.22,6.26,0.57,21.79,1.11,3.93,,YAHOO,2.0252,2.4245,1.759,0.057055,0.4162,-0.844,83.71,2026-10-28,43,,,yahoo,1.0,1.0,1.0,0.0,1.0,1.0,0.0,0.0,0.0,-4.9873,-4.2815,0.3967,10.5616,44.2462,57.3783,75.77,75.77,95.69,-6.4669,-6.4669,-25.9379
D,64.45999908447266,64.46,2026-09-14,False,64.23999786376953,65.16000366210938,0.16,12.93,BAJO,56175321088.0,22.1,16.74,2.01,8.28,3.04,29.22,13.98,-16.34,13.91,1.6,0.81,,YAHOO,2.0252,2.4245,1.759,0.057055,0.4162,-0.844,83.71,2026-10-30,45,,,yahoo,1.0,1.0,1.0,1.0,0.0,1.0,0.0,1.0,1.0,-2.096,-0.6694,-8.2553,-4.1213,13.6832,14.8813,68.0822,70.973,70.973,-5.3203,-9.1767,-9.1767
DASH,203.5399932861328,203.54,2026-09-14,False,199.38999938964844,204.08999633789062,0.79,-19.16,BAJO,85905645568.0,103.8,24.34,8.66,8.89,2.97,3.86,5.29,5.99,60.0,0.33,1.37,,YAHOO,2.0252,2.4245,1.759,0.057055,0.4162,-0.844,83.71,2026-11-04,50,,,yahoo,1.0,1.0,1.0,1.0,0.0,0.0,0.0,1.0,0.0,-3.8681,-14.0238,7.0362,35.1707,23.2519,39.4423,236.93,236.93,281.74,-14.0928,-14.0928,-27.7561
DDOG,230.0500030517578,230.05,2026-09-14,False,220.72000122070312,233.68499755859375,4.0,67.9,BAJO,82684207104.0,451.51,77.49,18.93,4.7,0.18,0.67,4.48,1.27,952.17,0.29,3.21,,YAHOO,2.0252,2.4245,1.759,0.057055,0.4162,-0.844,83.71,2026-11-05,51,,,yahoo,1.0,0.0,1.0,1.0,1.0,1.0,0.0,0.0,1.0,8.0402,-2.9243,-13.0114,0.0652,63.4036,68.9091,247.32,288.15,288.15,-6.9829,-20.1631,-20.1631
DG,129.1699981689453,129.17,2026-09-14,False,124.7300033569336,129.72000122070312,3.68,28.07,BAJO,27510913024.0,16.19,15.08,2.96,19.69,4.89,6.81,3.9,6.32,11.64,1.7,1.21,,YAHOO,2.0252,2.4245,1.759,0.057055,0.4162,-0.844,83.71,2026-12-02,78,2026-08-27,19.0,finnhub,1.0,1.0,1.0,1.0,1.0,0.0,0.0,1.0,1.0,-3.0328,5.1103,6.5056,13.0913,44.1422,34.8136,133.21,133.21,154.7135,-3.0328,-3.0328,-16.5102
DGX,237.88999938964844,237.89,2026-09-14,False,234.6699981689453,239.77999877929688,1.22,36.0,BAJO,27271049216.0,26.23,20.49,3.62,14.6,6.4,15.25,9.19,3.34,14.31,0.81,1.59,,YAHOO,2.0252,2.4245,1.759,0.057055,0.4162,-0.844,83.71,2026-10-20,35,,,yahoo,1.0,1.0,1.0,1.0,1.0,0.0,1.0,1.0,1.0,0.3163,-2.0061,17.9016,17.6289,24.9334,25.8861,245.0,245.0,245.0,-2.902,-2.902,-2.902
DHI,139.41000366210938,139.41,2026-09-14,False,136.16000366210938,140.07000732421875,1.1,-16.04,BAJO,39214116864.0,13.38,11.94,1.65,12.63,6.88,12.99,9.15,6.16,10.83,0.29,6.01,,YAHOO,2.0252,2.4245,1.759,0.057055,0.4162,-0.844,83.71,2026-10-29,44,,,yahoo,1.0,0.0,1.0,0.0,0.0,1.0,1.0,0.0,0.0,-2.3398,-5.4142,-7.7364,-9.2573,28.9342,35.4698,151.86,166.4539,175.7603,-8.1983,-16.2471,-20.6818
DLR,179.13999938964844,179.14,2026-09-14,False,178.80999755859375,186.1300048828125,-5.01,6.53,BAJO,67703775232.0,87.88,62.0,2.48,2.91,1.48,25.88,11.82,5.57,27.21,0.68,0.89,,YAHOO,2.0252,2.4245,1.759,0.057055,0.4162,-0.844,83.71,2026-10-22,37,,,yahoo,1.0,1.0,1.0,1.0,0.0,0.0,0.0,1.0,1.0,-4.91,-3.413,1.7436,-2.0986,45.3734,36.935,197.91,200.15,202.5595,-9.4841,-10.4971,-11.5618
DLTR,119.16999816894531,119.17,2026-09-14,False,117.2300033569336,120.80000305175781,0.85,24.5,BAJO,21162821632.0,13.82,14.26,6.18,46.03,8.26,6.21,8.04,4.96,11.57,2.24,1.13,,YAHOO,2.0252,2.4245,1.759,0.057055,0.4162,-0.844,83.71,2026-12-01,77,2026-08-27,19.0,finnhub,1.0,1.0,1.0,1.0,0.0,1.0,1.0,1.0,1.0,-9.3213,-7.0872,-6.1875,4.5351,38.7724,35.0252,136.75,136.75,141.21,-12.8556,-12.8556,-15.608
DOC,20.3700008392334,20.37,2026-09-14,False,20.06999969482422,20.489999771118164,0.85,21.9,BAJO,14292376576.0,57.6,144.0,1.77,3.04,1.51,15.99,8.25,11.51,15.52,1.09,2.29,,YAHOO,2.0252,2.4245,1.759,0.057055,0.4162,-0.844,83.71,2026-10-22,37,,,yahoo,1.0,0.0,1.0,1.0,0.0,0.0,1.0,0.0,1.0,-0.8578,-2.3241,-4.9335,0.3859,9.9877,20.9746,21.5512,22.5939,22.5939,-5.4808,-9.8431,-9.8431
DOV,189.14999389648438,189.15,2026-09-14,False,184.0,189.64999389648438,0.05,13.11,BAJO,25450522624.0,22.85,16.25,3.3,14.91,7.06,18.69,13.48,3.56,14.13,0.42,1.98,,YAHOO,2.0252,2.4245,1.759,0.057055,0.4162,-0.844,83.71,2026-10-22,37,,,yahoo,1.0,0.0,1.0,1.0,1.0,0.0,1.0,1.0,0.0,-1.9339,-4.5444,-10.6515,-12.776,22.6898,28.1856,205.9244,230.1203,231.5927,-8.1459,-17.8039,-18.3264
DPZ,323.7699890136719,323.77,2026-09-14,False,316.0,325.8500061035156,3.91,-24.96,BAJO,10282465280.0,17.61,14.9,-2.58,,33.89,19.08,11.86,5.17,14.89,,1.54,,YAHOO,2.0252,2.4245,1.759,0.057055,0.4162,-0.844,83.71,2026-10-13,28,,,yahoo,1.0,1.0,1.0,1.0,0.0,1.0,1.0,1.0,1.0,-5.0751,-7.4943,4.1496,0.584,53.9565,40.1391,350.0,367.63,443.4993,-7.4943,-11.9305,-26.9965
DRI,218.57000732421875,218.57,2026-09-14,False,212.08999633789062,219.69000244140625,4.14,8.27,BAJO,23743852544.0,20.01,16.88,10.81,53.72,7.72,14.14,9.13,3.33,15.49,3.65,0.31,,YAHOO,2.0252,2.4245,1.759,0.057055,0.4162,-0.844,83.71,2026-09-24,9,,,yahoo,1.0,1.0,1.0,1.0,1.0,0.0,1.0,0.0,1.0,0.7792,1.3634,11.4812,4.1934,41.043,29.3376,225.56,227.68,227.68,-3.0989,-4.0012,-4.0012
DTE,131.1300048828125,131.13,2026-09-14,False,130.8000030517578,133.60000610351562,-1.09,0.49,BAJO,27134683136.0,20.63,15.59,2.23,11.03,2.77,13.62,8.0,-9.57,15.19,2.29,0.8,,YAHOO,2.0252,2.4245,1.759,0.057055,0.4162,-0.844,83.71,2026-10-29,44,,,yahoo,1.0,0.0,1.0,1.0,0.0,1.0,0.0,0.0,1.0,-3.6376,-3.4815,-10.7656,-10.3422,3.1355,17.5676,141.15,154.43,154.43,-7.0988,-15.0877,-15.0877
DUK,119.0199966430664,119.02,2026-09-14,False,118.68000030517578,120.47000122070312,-0.33,2.65,BAJO,91825528832.0,17.74,16.42,1.71,9.86,2.84,27.5,16.0,-4.88,11.28,1.62,0.66,,YAHOO,2.0252,2.4245,1.759,0.057055,0.4162,-0.844,83.71,2026-11-05,51,,,yahoo,1.0,1.0,1.0,1.0,1.0,0.0,0.0,1.0,1.0,-0.9982,-1.0229,-3.437,-3.9238,6.3984,18.2686,123.99,129.3824,131.1634,-4.0084,-8.0092,-9.2582
DVA,189.32000732421875,189.32,2026-09-14,False,184.0,189.9499969482422,4.28,46.55,BAJO,12179419136.0,16.19,11.07,-15.96,88.48,7.51,16.06,6.05,8.56,9.46,12.42,1.47,,YAHOO,2.0252,2.4245,1.759,0.057055,0.4162,-0.844,83.71,2026-10-28,43,,,yahoo,1.0,0.0,1.0,1.0,0.0,1.0,1.0,0.0,1.0,2.8969,4.7819,-18.2591,-9.2687,35.8508,43.8713,189.32,240.96,240.96,0.0,-21.4309,-21.4309
DVN,49.72999954223633,49.73,2026-09-14,False,49.599998474121094,51.70000076293945,-1.0,52.02,BAJO,56463003648.0,11.16,9.57,1.41,11.52,5.91,41.08,17.46,1.39,7.55,0.28,0.72,,YAHOO,2.0252,2.4245,1.759,0.057055,0.4162,-0.844,83.71,2026-11-04,50,,,yahoo,1.0,0.0,1.0,1.0,1.0,0.0,1.0,0.0,1.0,3.4748,5.0264,15.8397,10.5357,20.9527,32.2052,50.23,50.23,51.7023,-0.9954,-0.9954,-3.8146
DXCM,84.68000030517578,84.68,2026-09-14,False,83.76000213623047,84.9800033569336,1.99,14.02,BAJO,32622837760.0,34.17,27.67,12.45,38.49,10.33,24.33,20.12,3.13,22.38,0.53,1.73,,YAHOO,2.0252,2.4245,1.759,0.057055,0.4162,-0.844,83.71,2026-10-29,44,,,yahoo,1.0,1.0,1.0,1.0,0.0,1.0,1.0,0.0,1.0,-3.6633,-6.7606,16.4306,12.3524,26.1803,43.7887,92.34,92.34,92.34,-8.2954,-8.2954,-8.2954
ED,105.77999877929688,105.78,2026-09-14,False,105.72000122070312,107.4800033569336,-0.64,14.65,BAJO,38920765440.0,17.31,16.22,1.51,8.96,3.24,16.54,12.53,-2.17,10.71,1.1,1.27,,YAHOO,2.0252,2.4245,1.759,0.057055,0.4162,-0.844,83.71,2026-11-05,51,,,yahoo,1.0,1.0,1.0,1.0,1.0,0.0,0.0,0.0,1.0,-1.4074,-1.5908,-3.3201,-1.014,3.505,17.1143,108.75,113.0627,113.5694,-2.731,-6.4413,-6.8587
EIX,56.130001068115234,56.13,2026-09-14,False,55.95000076293945,57.56999969482422,0.23,8.0,BAJO,20995450880.0,5.63,8.39,1.2,19.73,4.09,26.9,19.28,0.39,7.38,2.28,0.66,,YAHOO,2.0252,2.4245,1.759,0.057055,0.4162,-0.844,83.71,2026-10-27,42,,,yahoo,1.0,1.0,1.0,1.0,1.0,0.0,0.0,1.0,0.0,-1.1274,-20.0085,-26.7997,-22.1435,22.2508,62.084,74.78,80.38,80.38,-24.9398,-30.1692,-30.1692
EL,98.22000122070312,98.22,2026-09-14,False,96.41999816894531,99.0999984741211,1.13,15.96,BAJO,34823110656.0,192.5,24.59,9.15,4.75,5.23,7.0,1.21,5.2,16.82,2.43,1.22,,YAHOO,2.0252,2.4245,1.759,0.057055,0.4162,-0.844,83.71,2026-11-02,48,2026-08-19,27.0,yahoo,1.0,1.0,1.0,1.0,1.0,0.0,0.0,1.0,1.0,-5.4304,-4.6778,19.7347,9.8948,32.4366,45.1291,105.8504,105.8504,118.3745,-7.2087,-7.2087,-17.0261
EME,749.7000122070312,749.7,2026-09-14,False,736.010009765625,756.239990234375,-3.97,21.45,BAJO,32443713536.0,22.92,20.01,7.98,40.35,12.03,10.62,7.74,3.02,16.11,0.13,1.28,,YAHOO,2.0252,2.4245,1.759,0.057055,0.4162,-0.844,83.71,2026-10-29,44,,,yahoo,1.0,1.0,1.0,1.0,0.0,0.0,1.0,1.0,0.0,-0.5914,1.2875,-2.6009,-8.8649,57.167,56.6266,862.54,868.4314,943.2628,-13.0823,-13.6719,-20.5206
EMR,148.3000030517578,148.3,2026-09-14,False,146.25,149.6199951171875,-2.56,13.01,BAJO,81996603392.0,32.17,20.29,4.02,12.8,6.9,26.92,13.83,4.52,15.46,0.68,0.9,,YAHOO,2.0252,2.4245,1.759,0.057055,0.4162,-0.844,83.71,2026-11-04,50,,,yahoo,1.0,1.0,1.0,1.0,0.0,0.0,1.0,1.0,1.0,-2.9577,-4.4336,9.2132,4.0071,35.2054,30.991,162.05,163.8244,163.8244,-8.485,-9.4763,-9.4763
EOG,148.5399932861328,148.54,2026-09-14,False,147.16000366210938,152.0,0.8,32.74,BAJO,80641122304.0,11.96,10.48,2.54,22.51,11.02,40.72,25.73,5.55,5.79,0.26,1.85,,YAHOO,2.0252,2.4245,1.759,0.057055,0.4162,-0.844,83.71,2026-11-05,51,,,yahoo,1.0,0.0,1.0,1.0,0.0,0.0,1.0,0.0,0.0,2.3073,3.6205,8.8546,9.5078,8.4312,31.9183,153.05,153.05,153.05,-2.9468,-2.9468,-2.9468
EPAM,123.61000061035156,123.61,2026-09-14,False,121.0,126.5,4.83,-18.04,BAJO,6371508224.0,16.76,8.78,1.81,11.18,8.45,10.94,7.15,10.2,7.61,0.04,2.75,,YAHOO,2.0252,2.4245,1.759,0.057055,0.4162,-0.844,83.71,2026-11-05,51,,,yahoo,1.0,0.0,1.0,1.0,1.0,0.0,1.0,0.0,1.0,5.6135,7.6742,43.8496,29.5974,40.8002,55.1163,123.61,123.61,221.4,0.0,0.0,-44.1689
EQIX,998.719970703125,998.72,2026-09-14,False,995.0599975585938,1028.949951171875,-3.76,30.83,BAJO,99360415744.0,64.63,53.87,6.91,10.73,3.68,27.02,15.48,3.8,26.82,1.62,1.13,,YAHOO,2.0252,2.4245,1.759,0.057055,0.4162,-0.844,83.71,2026-10-28,43,,,yahoo,1.0,1.0,1.0,1.0,0.0,0.0,0.0,1.0,0.0,-3.5966,-4.3747,-1.8686,-4.9588,35.8167,28.9447,1092.3904,1110.6332,1110.6332,-8.5748,-10.0765,-10.0765
EQR,63.65999984741211,63.66,2026-08-21,False,63.65999984741211,63.65999984741211,0.0,-5.76,BAJO,24611481600.0,28.68,41.36,2.27,8.02,2.67,27.88,27.97,5.78,17.34,0.79,0.13,,YAHOO,2.0252,2.4245,1.759,0.057055,0.4162,-0.844,83.71,2026-10-21,36,,,yahoo,1.0,1.0,1.0,1.0,0.0,0.0,1.0,0.0,1.0,-3.5016,-6.7799,,,0.0,,,,,,,
EQT,53.209999084472656,53.21,2026-09-14,False,53.0,54.91999816894531,-1.59,9.7,BAJO,33227411456.0,12.32,13.77,1.32,11.08,6.63,23.37,29.18,7.41,6.07,0.2,0.67,,YAHOO,2.0252,2.4245,1.759,0.057055,0.4162,-0.844,83.71,2026-10-20,35,,,yahoo,1.0,1.0,1.0,1.0,1.0,1.0,0.0,1.0,1.0,-3.5527,-2.4922,8.3795,2.7665,16.5325,27.8958,55.75,55.75,67.5273,-4.5561,-4.5561,-21.2023
ERIE,253.8800048828125,253.88,2026-09-14,False,249.19000244140625,254.5800018310547,3.61,-17.46,BAJO,13104363520.0,22.74,17.89,5.31,24.81,14.15,19.1,14.01,3.67,15.61,0.03,1.25,,YAHOO,2.0252,2.4245,1.759,0.057055,0.4162,-0.844,83.71,2026-10-29,44,,,yahoo,1.0,0.0,1.0,1.0,0.0,0.0,1.0,0.0,0.0,0.4272,-2.5038,20.786,12.6452,34.4013,50.7347,268.64,268.64,331.6343,-5.4943,-5.4943,-23.4458
ES,68.33000183105469,68.33,2026-09-14,False,67.93000030517578,69.0999984741211,-0.28,11.04,BAJO,25316308992.0,17.46,13.67,1.55,9.02,3.3,23.92,10.35,3.21,10.92,1.81,0.8,,YAHOO,2.0252,2.4245,1.759,0.057055,0.4162,-0.844,83.71,2026-11-04,50,,,yahoo,1.0,1.0,1.0,1.0,1.0,0.0,0.0,1.0,1.0,-3.8283,-3.5432,-7.3994,-0.5241,12.65,19.0435,72.22,75.39,75.39,-5.3863,-9.3646,-9.3646
ESS,275.7300109863281,275.73,2026-09-14,False,271.7799987792969,276.0199890136719,1.03,10.33,BAJO,19028922368.0,43.0,43.82,3.33,7.71,2.96,33.98,20.89,5.49,20.0,1.22,0.25,,YAHOO,2.0252,2.4245,1.759,0.057055,0.4162,-0.844,83.71,2026-10-27,42,,,yahoo,1.0,0.0,1.0,1.0,0.0,1.0,0.0,0.0,1.0,-1.0337,-2.9222,-5.8267,-1.9684,17.6287,20.7121,293.61,298.33,298.33,-6.0897,-7.5755,-7.5755
ETN,393.1600036621094,393.16,2026-09-14,False,387.0,400.6600036621094,-7.57,7.84,BAJO,152408162304.0,39.92,24.32,7.52,19.68,7.05,16.56,12.75,2.04,26.07,1.05,1.24,,YAHOO,2.0252,2.4245,1.759,0.057055,0.4162,-0.844,83.71,2026-11-03,49,,,yahoo,1.0,1.0,1.0,1.0,1.0,0.0,1.0,0.0,1.0,-4.3057,-2.3884,-4.5373,0.6994,74.8104,50.1034,455.4,459.96,459.96,-13.6671,-14.523,-14.523
ETR,103.63999938964844,103.64,2026-09-14,False,102.6500015258789,105.58000183105469,-1.6,19.75,BAJO,49172856832.0,26.32,20.16,2.63,10.25,2.68,24.46,13.33,-8.95,14.35,1.87,0.91,,YAHOO,2.0252,2.4245,1.759,0.057055,0.4162,-0.844,83.71,2026-10-29,44,,,yahoo,1.0,1.0,1.0,1.0,1.0,1.0,0.0,0.0,0.0,-3.384,-1.9953,-8.7371,-6.1662,8.4502,18.5644,108.53,115.6397,116.6636,-4.5057,-10.3768,-11.1634
EVRG,80.86000061035156,80.86,2026-09-14,False,80.79000091552734,82.12999725341797,-0.93,17.86,BAJO,18491486208.0,20.41,17.57,1.81,9.25,2.91,25.24,15.19,-7.81,12.33,1.61,0.36,,YAHOO,2.0252,2.4245,1.759,0.057055,0.4162,-0.844,83.71,2026-11-05,51,,,yahoo,1.0,0.0,1.0,1.0,0.0,0.0,0.0,1.0,0.0,-0.8339,0.2604,-4.5479,-2.7607,12.4051,16.473,83.58,87.4002,87.4002,-3.2544,-7.4831,-7.4831
EW,85.5199966430664,85.52,2026-09-14,False,85.12000274658203,86.26000213623047,1.36,14.43,BAJO,49420533760.0,51.04,25.39,4.66,9.18,8.37,29.84,15.43,2.49,22.96,0.07,4.52,,YAHOO,2.0252,2.4245,1.759,0.057055,0.4162,-0.844,83.71,2026-10-29,44,,,yahoo,1.0,0.0,1.0,1.0,1.0,0.0,1.0,0.0,1.0,-4.8721,-5.199,-2.0053,0.4817,28.8595,23.5623,92.28,95.18,95.18,-7.3255,-10.1492,-10.1492
EXC,42.720001220703125,42.72,2026-09-14,False,42.599998474121094,43.54999923706055,-1.02,3.95,BAJO,43471564800.0,15.51,13.89,1.47,9.71,2.81,16.59,10.99,-6.18,11.37,1.77,1.09,,YAHOO,2.0252,2.4245,1.759,0.057055,0.4162,-0.844,83.71,2026-11-03,49,,,yahoo,1.0,1.0,1.0,1.0,0.0,1.0,0.0,1.0,0.0,-2.1082,-1.8284,-5.7132,-6.6722,3.5263,19.2195,45.1402,47.4284,49.3516,-5.3615,-9.9274,-13.4374
EXPD,193.61000061035156,193.61,2026-09-14,False,190.83999633789062,193.82000732421875,0.52,59.52,BAJO,25205180416.0,28.22,24.46,11.9,42.67,15.23,10.71,7.63,3.16,19.58,0.27,1.57,,YAHOO,2.0252,2.4245,1.759,0.057055,0.4162,-0.844,83.71,2026-11-03,49,,,yahoo,1.0,0.0,1.0,1.0,1.0,1.0,1.0,1.0,1.0,2.5477,1.3824,8.9533,16.1985,9.3757,24.24,193.61,193.61,193.61,0.0,0.0,0.0
EXPE,287.8599853515625,287.86,2026-09-14,False,281.80999755859375,292.9200134277344,2.5,29.04,BAJO,35176071168.0,18.44,12.0,29.09,89.49,6.11,18.98,12.97,9.76,11.89,2.3,0.8,,YAHOO,2.0252,2.4245,1.759,0.057055,0.4162,-0.844,83.71,2026-11-05,51,,,yahoo,1.0,0.0,1.0,1.0,1.0,1.0,1.0,1.0,0.0,-3.4157,-12.6214,7.9237,28.1849,21.5642,47.5542,338.6418,338.6418,338.6418,-14.9957,-14.9957,-14.9957
EXR,139.39999389648438,139.4,2026-09-14,False,137.42999267578125,140.39999389648438,1.28,2.37,BAJO,30302459904.0,30.31,28.56,2.19,6.95,3.36,45.88,27.28,4.95,18.89,1.02,0.89,,YAHOO,2.0252,2.4245,1.759,0.057055,0.4162,-0.844,83.71,2026-10-28,43,,,yahoo,1.0,1.0,1.0,1.0,0.0,1.0,1.0,0.0,1.0,0.1077,-2.4561,-3.6228,-6.4304,27.7748,20.1715,147.91,152.85,152.85,-5.7535,-8.7995,-8.7995
FANG,205.72000122070312,205.72,2026-09-14,False,204.07000732421875,210.88999938964844,0.37,58.58,BAJO,59231182848.0,40.29,11.41,1.57,3.49,1.31,48.47,9.03,8.5,6.44,0.29,0.47,,YAHOO,2.0252,2.4245,1.759,0.057055,0.4162,-0.844,83.71,2026-11-02,48,,,yahoo,1.0,0.0,1.0,1.0,0.0,0.0,1.0,0.0,1.0,3.2627,4.0724,9.0077,7.663,12.9116,32.8701,211.02,211.02,211.3572,-2.5116,-2.5116,-2.6671
FAST,49.439998626708984,49.44,2026-09-14,False,48.630001068115234,49.68000030517578,0.24,7.74,BAJO,56697856000.0,42.23,35.24,13.93,34.33,21.52,21.02,15.45,1.62,29.14,0.11,4.18,,YAHOO,2.0252,2.4245,1.759,0.057055,0.4162,-0.844,83.71,2026-10-14,29,,,yahoo,1.0,1.0,1.0,1.0,1.0,1.0,0.0,0.0,1.0,-0.3226,-0.683,9.5928,6.7453,13.2367,23.2009,51.44,52.38,52.38,-3.888,-5.6128,-5.6128
FDS,276.92999267578125,276.93,2026-09-14,False,269.6700134277344,282.6300048828125,6.63,-16.18,BAJO,9854856192.0,18.25,14.04,4.88,27.03,11.08,30.54,23.21,6.3,11.92,0.77,0.68,,YAHOO,2.0252,2.4245,1.759,0.057055,0.4162,-0.844,83.71,2026-09-30,15,,,yahoo,1.0,1.0,1.0,1.0,0.0,1.0,1.0,0.0,0.0,-8.2892,-10.0351,10.6627,15.2652,85.6039,54.1108,313.55,313.55,355.4744,-11.6792,-11.6792,-22.0957
FE,45.83000183105469,45.83,2026-09-14,False,45.439998626708984,46.43000030517578,-0.65,11.34,BAJO,26229749760.0,24.24,15.37,2.03,9.49,3.68,19.3,6.94,-7.68,10.5,2.01,0.54,,YAHOO,2.0252,2.4245,1.759,0.057055,0.4162,-0.844,83.71,2026-10-21,36,,,yahoo,1.0,0.0,1.0,1.0,0.0,1.0,0.0,0.0,1.0,-2.0098,-0.109,-4.843,-1.5855,5.151,16.489,47.42,49.43,50.8757,-3.353,-7.283,-9.9177
FFIV,411.489990234375,411.49,2026-09-14,False,404.95001220703125,415.989990234375,-0.05,28.94,BAJO,24399521792.0,34.33,23.84,6.35,19.83,7.98,24.65,21.95,2.94,23.77,0.07,1.67,,YAHOO,2.0252,2.4245,1.759,0.057055,0.4162,-0.844,83.71,2026-10-26,41,,,yahoo,1.0,1.0,1.0,1.0,0.0,1.0,1.0,1.0,0.0,5.3833,4.3755,-2.3679,3.8696,41.3345,36.3647,411.71,431.26,431.26,-0.0534,-4.5842,-4.5842
FICO,1001.5,1001.5,2026-09-14,False,982.780029296875,1014.0,1.63,-33.63,BAJO,21294405632.0,28.54,18.56,-5.2,,39.98,53.79,34.05,3.64,21.09,,1.18,,YAHOO,2.0252,2.4245,1.759,0.057055,0.4162,-0.844,83.71,2026-11-04,50,,,yahoo,1.0,1.0,1.0,1.0,0.0,0.0,1.0,1.0,1.0,7.4271,-13.1826,-16.9424,-15.0688,50.1387,66.8754,1172.67,1373.08,1879.55,-14.5966,-27.0618,-46.716
FIS,38.18000030517578,38.18,2026-09-14,False,37.52000045776367,40.18000030517578,0.1,-38.8,BAJO,19256459264.0,5.74,5.57,1.2,22.35,4.28,20.67,27.65,13.78,11.41,1.33,0.54,,YAHOO,2.0252,2.4245,1.759,0.057055,0.4162,-0.844,83.71,2026-11-04,50,,,yahoo,1.0,0.0,1.0,1.0,1.0,0.0,1.0,0.0,1.0,-7.8034,-6.8022,-6.0312,-1.4766,31.9876,37.9659,41.7971,46.2753,66.0466,-8.6538,-17.4938,-42.1924
FITB,54.380001068115234,54.38,2026-09-14,False,54.08000183105469,55.04999923706055,-0.62,25.93,BAJO,49579814912.0,18.41,11.07,1.53,8.44,0.92,39.08,23.24,,,,,,YAHOO,2.0252,2.4245,1.759,0.057055,0.4162,-0.844,83.71,2026-10-19,34,,,yahoo,1.0,1.0,1.0,1.0,1.0,0.0,1.0,0.0,1.0,-0.893,-0.2934,-6.1443,0.0654,10.0281,20.6839,57.6,59.37,59.37,-5.5903,-8.4049,-8.4049
FIX,1582.800048828125,1582.8,2026-09-14,False,1545.2099609375,1612.93994140625,-6.39,104.78,BAJO,55493713920.0,38.76,26.2,85.9,55.29,17.04,7.89,12.78,3.32,28.77,0.45,1.21,,YAHOO,2.0252,2.4245,1.759,0.057055,0.4162,-0.844,83.71,2026-10-22,37,,,yahoo,1.0,1.0,1.0,1.0,0.0,1.0,1.0,1.0,0.0,-1.7102,4.2187,-8.8144,-15.6577,83.6994,64.0718,1881.1801,2065.4404,2065.4404,-15.8613,-23.3674,-23.3674
FOX,61.13999938964844,61.14,2026-09-14,False,59.130001068115234,61.27000045776367,4.6,18.35,BAJO,25369196544.0,15.71,10.5,2.18,14.29,9.5,25.21,9.84,2.19,7.44,0.64,3.17,,YAHOO,2.0252,2.4245,1.759,0.057055,0.4162,-0.844,83.71,2026-10-29,44,,,yahoo,1.0,0.0,1.0,1.0,0.0,1.0,1.0,0.0,1.0,4.6559,0.1987,21.9326,4.2801,43.0327,35.7005,62.382,62.382,67.0667,-1.991,-1.991,-8.837
FOXA,68.52999877929688,68.53,2026-09-14,False,66.75,68.73999786376953,3.93,19.67,BAJO,28408958976.0,17.6,11.58,2.44,14.29,9.5,25.21,9.84,1.95,8.22,0.64,3.17,,YAHOO,2.0252,2.4245,1.759,0.057055,0.4162,-0.844,83.71,2026-10-29,44,,,yahoo,1.0,0.0,1.0,1.0,0.0,1.0,1.0,0.0,1.0,4.7539,0.6033,22.9376,4.5296,40.022,36.4755,70.0207,70.0207,75.4053,-2.1289,-2.1289,-9.1178
FRT,114.52999877929688,114.53,2026-09-14,False,114.12999725341797,116.0,0.15,20.19,BAJO,9959571456.0,23.02,35.71,3.09,12.55,3.26,35.03,32.66,4.58,18.03,1.34,0.56,,YAHOO,2.0252,2.4245,1.759,0.057055,0.4162,-0.844,83.71,2026-10-30,45,,,yahoo,1.0,1.0,1.0,1.0,0.0,0.0,0.0,0.0,0.0,-2.1864,-1.9015,-6.3073,-8.1468,13.2641,14.7682,118.02,127.13,127.13,-2.9571,-9.9111,-9.9111
FTNT,170.17999267578125,170.18,2026-09-14,False,160.0800018310547,170.9499969482422,9.04,112.08,BAJO,126470217728.0,61.12,45.63,81.54,117.44,14.17,33.6,28.17,1.79,47.37,0.36,1.28,,YAHOO,2.0252,2.4245,1.759,0.057055,0.4162,-0.844,83.71,2026-11-04,50,,,yahoo,1.0,0.0,1.0,1.0,1.0,0.0,1.0,0.0,1.0,8.8873,2.5181,3.4466,16.3226,76.2511,46.6964,172.78,172.78,172.78,-1.5048,-1.5048,-1.5048
FTV,55.189998626708984,55.19,2026-09-14,False,54.26499938964844,55.34000015258789,0.91,16.13,BAJO,17048862720.0,29.87,17.37,2.82,7.32,3.29,19.14,12.38,5.51,16.12,0.59,1.24,,YAHOO,2.0252,2.4245,1.759,0.057055,0.4162,-0.844,83.71,2026-10-28,43,,,yahoo,1.0,1.0,1.0,1.0,0.0,0.0,1.0,0.0,1.0,-3.0734,-7.4264,-8.696,-8.0287,23.4659,26.7328,60.5663,64.0121,64.0121,-8.8767,-13.7819,-13.7819
GD,356.80999755859375,356.81,2026-09-14,False,355.6400146484375,359.1499938964844,0.26,13.03,BAJO,97021804544.0,21.85,19.29,3.61,17.8,6.08,10.38,8.18,4.54,15.38,0.35,1.44,,YAHOO,2.0252,2.4245,1.759,0.057055,0.4162,-0.844,83.71,2026-10-28,43,,,yahoo,1.0,1.0,1.0,1.0,1.0,1.0,0.0,0.0,1.0,-0.7179,-5.9343,-2.4123,-0.5107,11.8937,19.3998,393.48,395.97,395.97,-9.3194,-9.8896,-9.8896
GDDY,104.47000122070312,104.47,2026-09-14,False,100.05999755859375,104.9000015258789,6.53,-26.25,BAJO,12966191104.0,15.21,9.28,1931.7,442.86,9.88,27.06,17.83,9.29,11.32,573.34,0.63,,YAHOO,2.0252,2.4245,1.759,0.057055,0.4162,-0.844,83.71,2026-10-29,44,,,yahoo,1.0,0.0,1.0,1.0,0.0,0.0,1.0,0.0,1.0,3.1191,6.9294,14.4626,37.0278,39.8565,65.5111,104.47,105.1,147.83,0.0,-0.5994,-29.331
GEHC,64.25,64.25,2026-09-14,False,63.88999938964844,65.2699966430664,0.5,-15.24,BAJO,28939536384.0,14.76,11.84,2.64,19.38,5.13,14.98,9.33,5.44,10.5,0.94,1.26,,YAHOO,2.0252,2.4245,1.759,0.057055,0.4162,-0.844,83.71,2026-10-28,43,,,yahoo,1.0,0.0,1.0,0.0,0.0,1.0,1.0,0.0,0.0,-6.6947,-10.4217,1.7188,-1.3711,19.7913,39.753,74.82,74.82,88.0324,-14.1272,-14.1272,-27.0155
GIS,36.470001220703125,36.47,2026-09-14,False,36.2400016784668,37.02000045776367,1.73,-18.98,BAJO,19556747264.0,,11.4,3.53,-1.03,5.74,19.19,-0.47,11.8,6.5,2.18,0.68,,YAHOO,2.0252,2.4245,1.759,0.057055,0.4162,-0.844,83.71,2026-09-23,8,,,yahoo,0.0,0.0,1.0,1.0,0.0,1.0,1.0,0.0,1.0,-4.7532,-12.2262,-2.015,7.5088,32.1652,37.7856,41.55,41.55,48.1163,-12.2262,-12.2262,-24.2045
GNRC,176.97999572753906,176.98,2026-09-14,False,174.3800048828125,179.67999267578125,-5.35,-2.72,BAJO,10327882752.0,40.24,14.81,3.59,9.49,4.72,17.93,5.82,2.8,18.2,0.49,2.04,,YAHOO,2.0252,2.4245,1.759,0.057055,0.4162,-0.844,83.71,2026-10-28,43,,,yahoo,1.0,0.0,1.0,1.0,1.0,1.0,1.0,0.0,0.0,-5.5351,-3.7106,-21.8907,-32.5431,54.6866,54.1103,221.25,295.54,295.54,-20.009,-40.1164,-40.1164
GOOG,345.7099914550781,345.71,2026-09-14,False,338.739990234375,346.45001220703125,3.06,39.65,BAJO,4175666610176.0,17.15,22.98,6.71,48.68,12.96,34.03,54.77,0.54,23.52,0.19,2.72,,YAHOO,2.0252,2.4245,1.759,0.057055,0.4162,-0.844,83.71,2026-10-28,43,,,yahoo,1.0,0.0,1.0,1.0,0.0,1.0,1.0,1.0,0.0,3.1016,0.8908,-6.5572,-3.4134,34.2997,36.4795,345.71,375.1065,398.5413,0.0,-7.8368,-13.2562
GPC,133.2100067138672,133.21,2026-09-14,False,131.5800018310547,134.22999572753906,-0.35,1.26,BAJO,18061006848.0,524.04,15.78,3.99,0.71,4.48,6.56,0.13,5.08,11.92,1.46,1.16,,YAHOO,2.0252,2.4245,1.759,0.057055,0.4162,-0.844,83.71,2026-10-20,35,,,yahoo,1.0,0.0,1.0,1.0,1.0,0.0,1.0,1.0,0.0,-3.5269,-2.3729,10.9479,29.3947,11.4678,39.3451,138.4126,138.4126,145.181,-3.7587,-3.7587,-8.2455
GPN,90.19000244140625,90.19,2026-09-14,False,88.91999816894531,90.55000305175781,2.15,10.54,BAJO,23545745408.0,42.17,5.57,1.02,2.43,2.33,16.11,-9.15,33.41,9.49,0.98,0.82,,YAHOO,2.0252,2.4245,1.759,0.057055,0.4162,-0.844,83.71,2026-11-03,49,,,yahoo,1.0,0.0,1.0,1.0,0.0,1.0,1.0,0.0,0.0,-2.2635,-1.4971,15.6295,33.5775,34.9687,40.5967,94.0338,94.5623,94.5623,-4.0876,-4.6237,-4.6237
GWW,1277.510009765625,1277.51,2026-09-14,False,1271.6400146484375,1291.9200439453125,-0.19,29.18,BAJO,59796062208.0,32.37,24.87,14.47,46.09,19.93,16.07,9.92,2.09,19.4,0.62,2.81,,YAHOO,2.0252,2.4245,1.759,0.057055,0.4162,-0.844,83.71,2026-11-04,50,,,yahoo,1.0,0.0,1.0,1.0,0.0,1.0,1.0,0.0,1.0,-3.547,-2.2039,-6.6671,-2.7256,10.2694,22.7689,1335.39,1399.2974,1399.2974,-4.3343,-8.7035,-8.7035
HAS,90.76000213623047,90.76,2026-09-14,False,90.73999786376953,92.51000213623047,-0.85,25.25,BAJO,12723620864.0,16.05,13.82,18.07,159.56,13.08,22.16,15.97,5.41,11.79,5.31,1.66,,YAHOO,2.0252,2.4245,1.759,0.057055,0.4162,-0.844,83.71,2026-10-22,37,,,yahoo,0.0,0.0,1.0,1.0,1.0,0.0,0.0,0.0,1.0,-1.9129,-3.6825,13.5772,8.9881,24.2289,32.1794,96.74,96.74,103.5827,-6.1815,-6.1815,-12.3792
HBAN,16.770000457763672,16.77,2026-09-14,False,16.700000762939453,16.989999771118164,-0.53,0.67,BAJO,33841948672.0,12.88,8.92,1.14,9.0,0.98,41.93,26.13,,,,,,YAHOO,2.0252,2.4245,1.759,0.057055,0.4162,-0.844,83.71,2026-10-22,37,,,yahoo,1.0,1.0,1.0,1.0,1.0,0.0,0.0,0.0,0.0,-1.5267,-0.8865,-7.4503,-3.4165,12.4687,22.6515,17.95,18.56,18.9052,-6.5738,-9.6444,-11.2943
HCA,425.489990234375,425.49,2026-09-14,False,420.0,433.79998779296875,-0.34,8.23,BAJO,91757666304.0,14.21,13.24,-13.91,,12.29,15.16,8.77,4.07,9.27,,0.99,,YAHOO,2.0252,2.4245,1.759,0.057055,0.4162,-0.844,83.71,2026-10-23,38,,,yahoo,1.0,1.0,1.0,1.0,0.0,0.0,1.0,1.0,1.0,5.0593,1.8357,12.3109,10.1149,38.7275,36.7554,429.24,429.24,543.2316,-0.8736,-0.8736,-21.6743
HIG,137.58999633789062,137.59,2026-09-14,False,136.94000244140625,138.64999389648438,0.9,8.52,BAJO,36846718976.0,9.4,9.94,1.91,22.06,3.85,17.61,14.89,14.95,6.8,0.22,1.77,,YAHOO,2.0252,2.4245,1.759,0.057055,0.4162,-0.844,83.71,2026-10-29,44,,,yahoo,1.0,1.0,1.0,1.0,1.0,0.0,1.0,0.0,1.0,-0.5637,-0.2573,2.7461,6.6144,8.6188,20.5776,140.0,145.0437,145.0437,-1.7214,-5.139,-5.139
HII,280.010009765625,280.01,2026-09-14,False,277.1600036621094,282.19000244140625,0.11,6.24,BAJO,11012008960.0,16.63,13.41,2.07,12.97,4.28,7.08,5.01,-2.73,11.93,0.55,1.23,,YAHOO,2.0252,2.4245,1.759,0.057055,0.4162,-0.844,83.71,2026-10-29,44,,,yahoo,1.0,1.0,1.0,1.0,1.0,1.0,0.0,1.0,1.0,-2.0704,-4.8265,1.2693,-5.4972,19.2999,41.146,316.8623,329.2744,449.6816,-11.6304,-14.9615,-37.7315
HLT,310.6000061035156,310.6,2026-09-14,False,305.8599853515625,311.3900146484375,1.44,16.71,BAJO,69272731648.0,45.26,29.44,-11.02,,11.03,62.99,31.03,2.01,26.86,,0.65,,YAHOO,2.0252,2.4245,1.759,0.057055,0.4162,-0.844,83.71,2026-10-28,43,,,yahoo,1.0,0.0,1.0,1.0,0.0,0.0,1.0,1.0,1.0,-0.1864,-3.4954,-5.4002,-10.1774,12.3375,22.9964,334.5777,348.6812,350.0606,-7.1665,-10.9215,-11.2725
HPE,55.40999984741211,55.41,2026-09-14,False,55.15999984741211,57.20000076293945,-10.76,129.69,BAJO,74178740224.0,28.8,12.15,2.8,10.94,2.64,12.56,6.67,6.39,12.82,0.76,1.11,,YAHOO,2.0252,2.4245,1.759,0.057055,0.4162,-0.844,83.71,2026-12-02,78,2026-09-02,13.0,finnhub,1.0,0.0,1.0,1.0,0.0,0.0,0.0,0.0,1.0,6.5577,5.9262,16.9234,15.3667,167.9312,68.6154,62.09,62.09,62.09,-10.7586,-10.7586,-10.7586
HRL,20.959999084472656,20.96,2026-09-14,False,20.799999237060547,21.1299991607666,1.9,-8.82,BAJO,11441793024.0,33.53,13.38,1.46,4.29,4.63,11.06,2.82,5.43,8.79,0.04,1.88,,YAHOO,2.0252,2.4245,1.759,0.057055,0.4162,-0.844,83.71,2026-12-02,78,2026-08-27,19.0,finnhub,1.0,0.0,1.0,1.0,0.0,1.0,0.0,0.0,1.0,-2.6927,-2.828,-16.66,-14.2977,23.5576,32.3184,24.41,26.1959,26.1959,-14.1336,-19.9875,-19.9875
HSIC,88.93000030517578,88.93,2026-09-14,False,87.6500015258789,89.12000274658203,0.65,31.22,BAJO,9753800704.0,25.52,14.59,3.1,8.85,4.39,5.76,2.96,4.57,13.87,0.81,1.32,,YAHOO,2.0252,2.4245,1.759,0.057055,0.4162,-0.844,83.71,2026-11-03,49,,,yahoo,1.0,0.0,1.0,1.0,0.0,0.0,1.0,0.0,0.0,-0.9798,-0.6591,2.0307,9.4523,17.0761,20.3965,90.86,90.86,90.86,-2.1241,-2.1241,-2.1241
HUBB,442.3800048828125,442.38,2026-09-14,False,435.7149963378906,446.7034912109375,-3.91,4.18,BAJO,23168667648.0,25.95,19.14,5.92,24.44,8.43,21.67,14.49,2.14,18.84,1.42,1.61,,YAHOO,2.0252,2.4245,1.759,0.057055,0.4162,-0.844,83.71,2026-10-27,42,,,yahoo,1.0,0.0,1.0,1.0,0.0,0.0,1.0,1.0,0.0,-3.9807,-3.4611,-7.5365,-6.949,38.2171,36.7217,502.7421,537.7237,554.4603,-12.0066,-17.731,-20.2143
HUM,407.0199890136719,407.02,2026-09-14,False,406.8900146484375,415.7699890136719,-0.68,51.89,BAJO,47626248192.0,37.49,23.94,2.48,6.89,3.9,3.46,0.88,4.08,11.07,0.76,1.74,,YAHOO,2.0252,2.4245,1.759,0.057055,0.4162,-0.844,83.71,2026-11-06,52,,,yahoo,1.0,0.0,1.0,0.0,0.0,0.0,1.0,0.0,1.0,1.3647,5.5714,-0.1864,7.5841,22.3452,33.7044,409.8,409.8,409.8,-0.6784,-0.6784,-0.6784
ICE,157.75,157.75,2026-09-14,False,156.9600067138672,160.52999877929688,0.22,-5.26,BAJO,88082792448.0,22.16,17.83,2.98,14.09,2.17,52.63,38.25,4.13,16.1,0.69,1.01,,YAHOO,2.0252,2.4245,1.759,0.057055,0.4162,-0.844,83.71,2026-10-29,44,,,yahoo,1.0,1.0,1.0,1.0,0.0,1.0,1.0,1.0,1.0,-2.1766,-2.8214,12.8075,12.6705,12.7098,26.3832,164.59,164.59,173.8904,-4.1558,-4.1558,-9.2819
IDXX,509.55999755859375,509.56,2026-09-14,False,505.0199890136719,515.47998046875,0.96,-18.9,BAJO,40235880448.0,35.92,30.51,24.98,74.21,27.08,34.98,25.03,2.26,25.31,0.68,1.17,,YAHOO,2.0252,2.4245,1.759,0.057055,0.4162,-0.844,83.71,2026-11-02,48,,,yahoo,1.0,1.0,1.0,1.0,1.0,0.0,1.0,1.0,1.0,-4.8227,-8.1857,-8.5203,-9.1499,17.7696,29.5645,562.2,595.76,766.68,-9.3632,-14.4689,-33.5368
IEX,222.13999938964844,222.14,2026-09-14,False,219.5800018310547,225.86000061035156,-0.92,41.86,BAJO,16427741184.0,32.06,23.15,4.11,12.96,6.84,22.17,14.49,3.38,18.23,0.47,3.05,,YAHOO,2.0252,2.4245,1.759,0.057055,0.4162,-0.844,83.71,2026-10-28,43,,,yahoo,1.0,0.0,1.0,1.0,1.0,1.0,1.0,1.0,1.0,-0.7151,-3.5348,-0.6396,2.0032,19.3832,19.2601,240.39,240.52,240.52,-7.5918,-7.6418,-7.6418
INCY,122.19000244140625,122.19,2026-09-14,False,121.27999877929688,123.3499984741211,0.59,48.95,BAJO,24676423680.0,15.51,13.7,3.86,30.67,16.83,41.9,27.71,4.78,10.39,0.01,4.59,,YAHOO,2.0252,2.4245,1.759,0.057055,0.4162,-0.844,83.71,2026-10-27,42,,,yahoo,1.0,1.0,1.0,1.0,1.0,1.0,0.0,1.0,0.0,-3.5976,-1.7528,6.1691,12.5864,26.1038,35.3282,129.72,129.93,129.93,-5.8048,-5.957,-5.957
INTU,339.1499938964844,339.15,2026-09-14,False,329.8800048828125,342.30999755859375,5.47,-45.37,BAJO,87992795136.0,20.02,12.04,4.72,23.6,10.47,17.64,21.29,7.22,13.03,0.44,1.51,,YAHOO,2.0252,2.4245,1.759,0.057055,0.4162,-0.844,83.71,2026-11-19,65,2026-08-25,21.0,yahoo,1.0,1.0,1.0,1.0,0.0,1.0,1.0,1.0,1.0,1.9387,-5.2812,21.2549,23.0992,50.476,46.7548,369.92,369.92,694.2903,-8.318,-8.318,-51.1516
INVH,27.59000015258789,27.59,2026-09-14,False,27.354999542236328,27.850000381469727,0.18,-0.85,BAJO,16324826112.0,25.36,38.88,1.8,7.05,2.48,25.11,23.2,7.16,16.53,0.94,0.43,,YAHOO,2.0252,2.4245,1.759,0.057055,0.4162,-0.844,83.71,2026-10-28,43,,,yahoo,1.0,1.0,1.0,1.0,0.0,1.0,1.0,0.0,1.0,-2.8179,-5.643,-7.4782,-6.0913,17.516,18.6152,30.46,30.59,30.59,-9.4222,-9.8071,-9.8071
IQV,265.6700134277344,265.67,2026-09-14,False,262.55999755859375,267.95001220703125,1.49,44.83,BAJO,44387684352.0,33.5,18.65,7.19,22.82,5.06,13.03,8.1,4.84,19.04,2.58,0.71,,YAHOO,2.0252,2.4245,1.759,0.057055,0.4162,-0.844,83.71,2026-11-03,49,,,yahoo,1.0,0.0,1.0,1.0,1.0,0.0,1.0,0.0,0.0,-0.7842,1.4976,28.4609,46.4069,19.3159,43.4807,271.62,271.62,271.62,-2.1906,-2.1906,-2.1906
IR,72.12999725341797,72.13,2026-09-14,False,71.30999755859375,72.63999938964844,-1.1,-6.69,BAJO,27901040640.0,29.71,18.36,2.74,9.47,5.1,16.88,12.08,3.97,15.77,0.48,1.62,,YAHOO,2.0252,2.4245,1.759,0.057055,0.4162,-0.844,83.71,2026-10-29,44,,,yahoo,1.0,0.0,1.0,1.0,1.0,0.0,1.0,0.0,1.0,-5.5396,-8.2082,-8.8362,-2.504,12.3182,31.2636,82.31,89.9788,98.6875,-12.3679,-19.8366,-26.9107
IRM,112.05999755859375,112.06,2026-09-14,False,110.5,114.19999694824219,-2.71,17.12,BAJO,33354622976.0,79.46,41.07,-26.04,,4.63,19.06,5.54,-1.31,20.97,,0.73,,YAHOO,2.0252,2.4245,1.759,0.057055,0.4162,-0.844,83.71,2026-11-04,50,,,yahoo,1.0,0.0,1.0,1.0,0.0,1.0,0.0,0.0,0.0,-4.1075,-4.5486,-9.2778,-11.3281,33.1144,31.35,129.9,133.06,133.06,-13.7336,-15.7824,-15.7824
IT,197.07000732421875,197.07,2026-09-14,False,184.8800048828125,197.63999938964844,9.73,-18.2,BAJO,12353202176.0,17.61,11.96,-75.3,113.58,10.17,22.62,12.0,8.52,10.32,,0.88,,YAHOO,2.0252,2.4245,1.759,0.057055,0.4162,-0.844,83.71,2026-11-03,49,,,yahoo,1.0,0.0,1.0,1.0,0.0,0.0,1.0,1.0,1.0,5.7129,-0.6654,47.3311,33.0026,80.6774,74.8334,202.78,202.78,264.09,-2.8159,-2.8159,-25.3777
ITW,269.0400085449219,269.04,2026-09-14,False,265.0799865722656,270.7900085449219,0.33,6.51,BAJO,76497281024.0,24.35,21.67,26.43,104.62,16.92,26.9,19.39,3.18,17.79,3.35,1.11,,YAHOO,2.0252,2.4245,1.759,0.057055,0.4162,-0.844,83.71,2026-10-23,38,,,yahoo,1.0,0.0,1.0,1.0,1.0,0.0,1.0,0.0,0.0,-0.3998,-3.9486,-0.8732,5.1429,19.6944,22.0715,287.28,297.32,297.32,-6.3492,-9.5116,-9.5116
IVZ,31.510000228881836,31.51,2026-09-14,False,31.110000610351562,31.940000534057617,-2.39,47.51,BAJO,13589363712.0,,9.42,1.36,-0.57,2.92,19.95,-0.93,8.39,12.55,0.12,0.71,,YAHOO,2.0252,2.4245,1.759,0.057055,0.4162,-0.844,83.71,2026-10-27,42,,,yahoo,0.0,0.0,1.0,1.0,0.0,1.0,1.0,1.0,1.0,-4.7173,-4.1083,4.689,9.6845,22.6329,36.1259,33.31,33.31,33.31,-5.4038,-5.4038,-5.4038
JBHT,274.989990234375,274.99,2026-09-14,False,265.989990234375,275.20001220703125,1.68,105.31,BAJO,25643472896.0,38.79,26.99,7.01,18.45,7.38,7.42,5.31,3.52,16.16,0.38,1.25,,YAHOO,2.0252,2.4245,1.759,0.057055,0.4162,-0.844,83.71,2026-10-15,30,,,yahoo,1.0,1.0,1.0,1.0,1.0,0.0,1.0,1.0,1.0,0.4456,5.348,-0.299,-4.8058,29.3051,33.2399,283.37,297.9075,297.9075,-2.9573,-7.6928,-7.6928
JBL,298.7200012207031,298.72,2026-09-14,False,296.94000244140625,306.0,-6.09,40.39,BAJO,31022215168.0,37.1,17.58,23.46,65.88,5.01,5.21,2.57,3.91,14.14,2.97,0.98,,YAHOO,2.0252,2.4245,1.759,0.057055,0.4162,-0.844,83.71,2026-09-30,15,,,yahoo,1.0,0.0,1.0,1.0,1.0,0.0,1.0,0.0,0.0,-3.8156,-0.9056,-6.39,-22.3573,74.4454,52.391,369.89,385.3968,385.5467,-19.2409,-22.4903,-22.5204
JKHY,164.5500030517578,164.55,2026-09-14,False,164.27000427246094,168.27999877929688,2.13,7.42,BAJO,10802249728.0,22.07,19.67,5.26,24.04,12.99,22.5,19.76,3.26,16.52,0.04,1.17,,YAHOO,2.0252,2.4245,1.759,0.057055,0.4162,-0.844,83.71,2026-11-03,49,2026-08-18,28.0,yahoo,1.0,1.0,1.0,1.0,0.0,0.0,1.0,1.0,1.0,-0.6581,-2.6994,11.2335,28.7907,23.4397,32.5749,172.991,172.991,190.3516,-4.8794,-4.8794,-13.5547
KEY,21.93000030517578,21.93,2026-09-14,False,21.739999771118164,22.15999984741211,0.41,23.17,BAJO,23156690944.0,12.69,10.16,1.34,10.33,1.08,34.71,27.54,,,,,,YAHOO,2.0252,2.4245,1.759,0.057055,0.4162,-0.844,83.71,2026-10-20,35,,,yahoo,1.0,1.0,1.0,1.0,1.0,0.0,1.0,0.0,1.0,-1.1271,1.0499,-5.9072,-2.4668,5.786,19.4609,22.8214,23.7624,23.7624,-3.9061,-7.7114,-7.7114
KEYS,314.9599914550781,314.96,2026-09-14,False,314.0799865722656,326.4949951171875,-6.99,85.35,BAJO,53347893248.0,42.35,22.59,8.12,20.9,7.23,25.68,19.14,3.5,31.51,0.42,2.02,,YAHOO,2.0252,2.4245,1.759,0.057055,0.4162,-0.844,83.71,2026-11-24,70,2026-08-18,28.0,yahoo,1.0,1.0,1.0,1.0,0.0,0.0,1.0,0.0,0.0,-3.7438,-1.5658,-2.4015,-10.1834,71.4702,48.3318,361.15,373.34,373.34,-12.7897,-15.6372,-15.6372
KHC,24.270000457763672,24.27,2026-09-14,False,24.270000457763672,24.989999771118164,-1.34,3.15,BAJO,29325420544.0,,11.84,0.81,-8.76,3.63,15.49,-13.64,11.08,8.23,0.53,1.06,,YAHOO,2.0252,2.4245,1.759,0.057055,0.4162,-0.844,83.71,2026-10-28,43,,,yahoo,0.0,0.0,1.0,1.0,0.0,1.0,1.0,0.0,1.0,-2.334,-4.0544,-3.1119,1.0988,16.0971,33.068,25.8468,27.1854,27.1854,-6.1005,-10.7241,-10.7241
KIM,23.219999313354492,23.22,2026-09-14,False,23.110000610351562,23.579999923706055,0.13,10.88,BAJO,15421447168.0,26.73,26.12,1.5,5.81,2.37,36.56,27.76,5.65,17.93,0.85,0.97,,YAHOO,2.0252,2.4245,1.759,0.057055,0.4162,-0.844,83.71,2026-10-29,44,,,yahoo,1.0,1.0,1.0,1.0,1.0,0.0,1.0,1.0,1.0,-1.6102,-1.1984,-6.357,-9.3206,8.9023,16.6181,24.0749,26.0712,26.0712,-3.5508,-10.9362,-10.9362
KMI,30.959999084472656,30.96,2026-09-14,False,30.6299991607666,31.389999389648438,0.32,19.68,BAJO,68518703104.0,19.85,19.93,2.16,10.99,4.45,30.06,19.3,1.57,13.43,0.99,0.46,,YAHOO,2.0252,2.4245,1.759,0.057055,0.4162,-0.844,83.71,2026-10-28,43,,,yahoo,1.0,1.0,1.0,1.0,0.0,1.0,0.0,0.0,1.0,-1.4013,-1.9011,-2.9522,-2.1622,15.6864,21.8138,32.87,32.8826,33.9923,-5.8108,-5.847,-8.9205
KR,60.90999984741211,60.91,2026-09-14,False,59.15999984741211,61.099998474121094,4.14,-5.62,BAJO,37100998656.0,33.65,11.28,6.73,14.44,5.8,2.98,0.73,6.83,8.97,4.13,0.7,,YAHOO,2.0252,2.4245,1.759,0.057055,0.4162,-0.844,83.71,2026-12-03,79,2026-09-11,4.0,yahoo,1.0,0.0,1.0,1.0,1.0,0.0,1.0,1.0,1.0,3.9597,5.5267,8.4298,-5.2265,37.4762,28.0054,60.91,60.91,74.6913,0.0,0.0,-18.4511
KVUE,17.90999984741211,17.91,2026-09-14,False,17.8700008392334,18.200000762939453,0.73,4.84,BAJO,34420260864.0,21.08,14.45,3.26,15.58,6.99,19.42,10.76,5.54,12.04,0.82,1.0,,YAHOO,2.0252,2.4245,1.759,0.057055,0.4162,-0.844,83.71,2026-11-05,51,,,yahoo,1.0,1.0,1.0,1.0,1.0,0.0,0.0,1.0,0.0,-4.429,-6.5728,-3.157,-0.1674,30.4472,22.9599,19.43,19.6114,19.6114,-7.823,-8.6756,-8.6756
L,109.19999694824219,109.2,2026-09-14,False,108.44999694824219,110.27999877929688,0.38,14.91,BAJO,22325551104.0,13.4,37.66,1.17,9.31,1.91,14.53,9.02,5.65,7.96,0.45,0.51,,YAHOO,2.0252,2.4245,1.759,0.057055,0.4162,-0.844,83.71,2026-11-02,48,,,yahoo,1.0,1.0,1.0,1.0,1.0,0.0,1.0,0.0,1.0,-0.0915,-0.4739,-2.8962,1.0555,5.1357,15.3047,112.387,119.3331,119.3331,-2.8357,-8.4914,-8.4914
LDOS,132.8300018310547,132.83,2026-09-14,False,129.13999938964844,133.91000366210938,3.08,-24.73,BAJO,16218613760.0,12.07,10.14,3.07,27.78,8.91,11.72,7.8,7.07,9.28,1.23,1.63,,YAHOO,2.0252,2.4245,1.759,0.057055,0.4162,-0.844,83.71,2026-11-03,49,,,yahoo,1.0,1.0,1.0,1.0,0.0,1.0,1.0,1.0,0.0,-0.1654,-5.5666,22.7521,9.1185,28.6243,39.9581,146.31,146.31,197.9062,-9.2133,-9.2133,-32.8824
LH,315.30999755859375,315.31,2026-09-14,False,308.2099914550781,316.489990234375,1.21,17.63,BAJO,26273966080.0,26.82,16.33,3.05,11.73,5.53,12.24,6.99,3.4,13.91,0.79,1.8,,YAHOO,2.0252,2.4245,1.759,0.057055,0.4162,-0.844,83.71,2026-10-27,42,,,yahoo,1.0,1.0,1.0,1.0,1.0,0.0,1.0,1.0,1.0,-3.5425,-5.9085,16.1756,18.7203,43.3569,24.994,338.614,338.614,338.614,-6.8822,-6.8822,-6.8822
LII,365.510009765625,365.51,2026-09-14,False,350.2200012207031,368.6000061035156,-0.14,-31.09,BAJO,12517531648.0,16.08,13.85,9.65,71.76,15.99,22.86,14.87,2.22,12.38,1.56,1.57,,YAHOO,2.0252,2.4245,1.759,0.057055,0.4162,-0.844,83.71,2026-10-28,43,,,yahoo,1.0,0.0,1.0,0.0,0.0,1.0,1.0,1.0,0.0,-6.4067,-7.0871,-33.3825,-28.4612,16.0399,53.172,419.34,572.95,572.95,-12.8368,-36.2056,-36.2056
LNT,66.91999816894531,66.92,2026-09-14,False,66.73999786376953,67.70999908447266,-0.51,8.58,BAJO,17110197248.0,20.88,17.9,2.27,11.13,2.45,19.05,18.45,-6.65,16.1,1.61,0.47,,YAHOO,2.0252,2.4245,1.759,0.057055,0.4162,-0.844,83.71,2026-11-05,51,,,yahoo,1.0,1.0,1.0,1.0,0.0,1.0,0.0,1.0,0.0,-1.5448,-1.6316,-9.5521,-7.7707,7.7651,18.2841,70.35,77.4411,77.4411,-4.8756,-13.586,-13.586
LOW,198.1699981689453,198.17,2026-09-14,False,195.99000549316406,199.77999877929688,0.69,-23.69,BAJO,109186719744.0,16.45,14.94,-14.68,,12.52,13.36,7.35,4.23,11.63,,1.1,,YAHOO,2.0252,2.4245,1.759,0.057055,0.4162,-0.844,83.71,2026-11-18,64,2026-08-19,27.0,yahoo,1.0,0.0,1.0,1.0,1.0,0.0,0.0,1.0,0.0,-3.0717,-4.7489,-4.8962,-9.6862,13.8488,27.7507,220.0,226.1026,284.2603,-9.9227,-12.354,-30.2857
LULU,100.30000305175781,100.3,2026-09-14,False,99.25,102.18000030517578,1.34,-35.33,BAJO,10890545152.0,8.1,11.2,2.29,30.9,14.4,13.21,12.78,10.55,4.97,0.45,2.19,,YAHOO,2.0252,2.4245,1.759,0.057055,0.4162,-0.844,83.71,2026-12-09,85,2026-09-03,12.0,finnhub,1.0,0.0,1.0,1.0,0.0,1.0,1.0,0.0,0.0,-0.3081,-16.9771,-14.5801,-15.5511,44.9405,53.2471,122.78,128.58,215.88,-18.3092,-21.9941,-53.539
LUV,39.52000045776367,39.52,2026-09-14,False,38.349998474121094,39.880001068115234,0.71,29.96,BAJO,19216097280.0,24.55,8.34,2.71,11.1,2.32,3.38,2.78,-4.34,9.59,0.97,0.49,,YAHOO,2.0252,2.4245,1.759,0.057055,0.4162,-0.844,83.71,2026-10-21,36,,,yahoo,1.0,1.0,1.0,1.0,0.0,0.0,1.0,1.0,1.0,-0.2524,0.1642,-19.3805,-12.6785,10.5927,34.4923,43.1479,51.8472,54.0738,-8.4081,-23.776,-26.9147
LW,48.2599983215332,48.26,2026-09-14,False,47.20000076293945,48.79999923706055,0.86,-9.32,BAJO,6474081792.0,22.64,13.96,3.55,16.28,6.03,9.77,4.39,7.0,9.6,2.21,1.42,,YAHOO,2.0252,2.4245,1.759,0.057055,0.4162,-0.844,83.71,2026-10-06,21,,,yahoo,1.0,0.0,1.0,1.0,1.0,1.0,1.0,0.0,1.0,-3.2284,-12.2226,6.7287,7.1285,29.1765,32.0428,55.36,55.36,64.5724,-12.8251,-12.8251,-25.2621
LYB,62.75,62.75,2026-09-14,False,62.40999984741211,65.0,-1.48,28.84,BAJO,21136373760.0,,10.16,1.98,-2.27,4.11,17.92,-1.13,5.81,9.23,1.33,1.64,,YAHOO,2.0252,2.4245,1.759,0.057055,0.4162,-0.844,83.71,2026-10-30,45,,,yahoo,0.0,0.0,1.0,1.0,0.0,0.0,1.0,0.0,0.0,-1.2122,-1.4449,9.3065,-1.8306,9.7628,34.1133,67.4042,67.4042,80.6941,-6.9049,-6.9049,-22.2372
LYV,171.49000549316406,171.49,2026-09-14,False,169.4600067138672,173.36000061035156,0.79,1.46,BAJO,39659028480.0,,90.16,476.86,17.68,2.1,6.7,0.51,4.27,28.31,6.2,0.85,,YAHOO,2.0252,2.4245,1.759,0.057055,0.4162,-0.844,83.71,2026-11-03,49,,,yahoo,1.0,0.0,1.0,1.0,0.0,1.0,0.0,1.0,0.0,-1.1585,-5.5932,-3.8949,-0.5913,7.1229,25.1255,186.77,188.46,188.46,-8.1812,-9.0046,-9.0046
MAA,125.5999984741211,125.6,2026-09-14,False,123.5,125.69000244140625,0.65,-4.46,BAJO,14809801728.0,36.4,37.96,2.66,7.05,3.13,25.36,18.17,6.22,16.36,1.02,0.05,,YAHOO,2.0252,2.4245,1.759,0.057055,0.4162,-0.844,83.71,2026-10-28,43,,,yahoo,1.0,0.0,1.0,1.0,1.0,1.0,1.0,0.0,0.0,-2.1197,-3.0939,-4.6824,-8.5481,21.171,19.2605,133.16,140.5626,140.5626,-5.6774,-10.6448,-10.6448
MAR,340.4599914550781,340.46,2026-09-14,False,332.0400085449219,341.29998779296875,1.72,31.45,BAJO,87940816896.0,34.87,25.63,-19.51,,9.76,65.28,35.03,2.34,21.86,,0.54,,YAHOO,2.0252,2.4245,1.759,0.057055,0.4162,-0.844,83.71,2026-11-03,49,,,yahoo,1.0,1.0,1.0,1.0,0.0,1.0,1.0,1.0,0.0,1.1738,-3.025,-7.5594,-15.2502,18.379,27.0461,360.2,395.3965,401.7236,-5.4803,-13.894,-15.2502
MAS,69.41000366210938,69.41,2026-09-14,False,67.44000244140625,69.7300033569336,1.3,-1.78,BAJO,13582269440.0,15.87,14.78,-37.21,5862.5,15.86,23.64,11.61,6.61,11.19,,1.86,,YAHOO,2.0252,2.4245,1.759,0.057055,0.4162,-0.844,83.71,2026-10-29,44,,,yahoo,1.0,0.0,1.0,1.0,1.0,1.0,1.0,0.0,0.0,-4.5254,-5.2423,-10.6684,-5.8295,33.4865,39.7537,74.9214,82.4086,82.4086,-7.3563,-15.7734,-15.7734
MCHP,71.4800033569336,71.48,2026-09-14,False,70.69000244140625,72.37999725341797,-3.67,18.1,BAJO,38819692544.0,105.13,15.66,6.02,7.19,3.54,23.96,9.34,3.52,29.18,0.84,1.92,,YAHOO,2.0252,2.4245,1.759,0.057055,0.4162,-0.844,83.71,2026-11-05,51,,,yahoo,1.0,1.0,1.0,1.0,0.0,0.0,0.0,1.0,1.0,-3.6268,-1.9882,-16.6357,-24.4959,49.6971,57.8246,79.78,102.0957,102.0957,-10.4036,-29.9873,-29.9873
MCK,910.9500122070312,910.95,2026-09-14,False,893.3800048828125,912.0,3.34,32.09,BAJO,104880021504.0,24.14,17.82,-24.61,,4.74,1.35,1.12,6.48,16.37,,0.89,,YAHOO,2.0252,2.4245,1.759,0.057055,0.4162,-0.844,83.71,2026-11-04,50,,,yahoo,1.0,1.0,1.0,1.0,0.0,0.0,1.0,0.0,1.0,0.326,2.0739,14.5122,16.3087,30.6272,32.3776,924.78,924.78,993.5343,-1.4955,-1.4955,-8.3122
MCO,477.92999267578125,477.93,2026-09-14,False,473.2099914550781,485.8399963378906,0.63,-3.27,BAJO,80903233536.0,29.62,24.68,26.75,76.93,15.62,49.47,34.25,3.19,21.97,2.41,1.19,,YAHOO,2.0252,2.4245,1.759,0.057055,0.4162,-0.844,83.71,2026-10-21,36,,,yahoo,1.0,1.0,1.0,1.0,0.0,1.0,1.0,1.0,1.0,-3.1648,-7.1891,-5.0589,6.9421,24.5216,27.7104,514.95,517.9255,536.0316,-7.1891,-7.7222,-10.8392
MET,97.75,97.75,2026-09-14,False,96.55999755859375,97.79000091552734,0.63,26.93,BAJO,62416543744.0,18.82,8.99,2.28,13.09,0.45,5.52,4.57,-33.57,14.23,1.8,2.03,,YAHOO,2.0252,2.4245,1.759,0.057055,0.4162,-0.844,83.71,2026-11-09,55,,,yahoo,1.0,0.0,1.0,1.0,1.0,0.0,1.0,0.0,0.0,0.1332,1.2848,6.6764,10.7109,6.5019,23.5643,99.23,99.95,99.95,-1.4915,-2.2011,-2.2011
MGM,39.83000183105469,39.83,2026-09-14,False,39.5099983215332,40.08000183105469,-0.15,13.73,BAJO,10034485248.0,23.77,18.98,3.93,18.92,1.77,6.79,2.4,8.76,17.11,8.93,1.33,,YAHOO,2.0252,2.4245,1.759,0.057055,0.4162,-0.844,83.71,2026-10-28,43,,,yahoo,1.0,0.0,1.0,1.0,1.0,0.0,1.0,0.0,1.0,-3.3721,-5.7947,-14.9658,-18.6645,16.119,20.8838,43.78,49.69,50.69,-9.0224,-19.843,-21.4243
MKC,50.38999938964844,50.39,2026-09-14,False,50.220001220703125,52.849998474121094,-1.81,-19.15,BAJO,13404938240.0,8.3,15.12,1.92,24.73,5.14,17.42,21.91,5.33,12.8,0.65,0.78,,YAHOO,2.0252,2.4245,1.759,0.057055,0.4162,-0.844,83.71,2026-10-01,16,,,yahoo,1.0,0.0,1.0,1.0,1.0,0.0,0.0,0.0,1.0,-3.245,-8.9283,-1.0408,3.8746,14.5614,31.4766,56.48,56.48,70.3792,-10.7826,-10.7826,-28.4022
MLM,500.9200134277344,500.92,2026-09-14,False,497.1099853515625,508.3299865722656,-1.77,-15.59,BAJO,35993333760.0,32.95,22.99,2.64,8.89,4.57,20.18,36.74,1.65,17.25,0.55,1.41,,YAHOO,2.0252,2.4245,1.759,0.057055,0.4162,-0.844,83.71,2026-11-03,49,,,yahoo,1.0,0.0,1.0,1.0,1.0,1.0,1.0,1.0,1.0,-2.6905,-5.5207,-11.8716,-13.0943,24.7833,31.8231,537.7877,627.9214,705.0883,-6.8554,-20.2257,-28.9564
MNST,44.20000076293945,44.2,2026-09-14,False,43.5099983215332,44.40999984741211,1.84,39.35,BAJO,87432486912.0,41.32,34.09,9.34,25.7,17.48,29.18,23.08,1.92,28.67,0.01,3.73,,YAHOO,2.0252,2.4245,1.759,0.057055,0.4162,-0.844,83.71,2026-11-05,51,,,yahoo,1.0,0.0,1.0,1.0,0.0,1.0,0.0,1.0,0.0,0.8672,-5.6765,-9.3984,-4.7722,16.6453,25.0584,48.92,49.97,49.97,-9.6484,-11.5469,-11.5469
MOH,214.07000732421875,214.07,2026-09-14,False,206.0,214.36000061035156,4.82,23.53,BAJO,10804878336.0,1379.93,21.25,2.58,-0.16,1.16,1.4,-0.02,6.48,14.98,0.95,1.68,,YAHOO,2.0252,2.4245,1.759,0.057055,0.4162,-0.844,83.71,2026-10-21,36,,,yahoo,1.0,0.0,0.0,0.0,0.0,1.0,1.0,0.0,1.0,6.6086,7.035,-8.2662,6.8854,39.706,42.5214,214.07,242.88,242.88,0.0,-11.8618,-11.8618
MPC,396.45001220703125,396.45,2026-09-14,False,388.1600036621094,409.5,0.13,125.98,BAJO,115374047232.0,14.26,10.35,6.09,42.1,8.74,13.56,5.55,8.02,9.38,1.33,1.25,,YAHOO,2.0252,2.4245,1.759,0.057055,0.4162,-0.844,83.71,2026-11-03,49,,,yahoo,1.0,1.0,1.0,1.0,0.0,1.0,1.0,1.0,0.0,1.9414,7.4886,32.875,50.8216,18.4625,32.649,399.44,399.44,399.44,-0.7485,-0.7485,-0.7485
MPWR,1143.239990234375,1143.24,2026-09-14,False,1141.3800048828125,1185.8900146484375,-7.39,37.46,BAJO,56143908864.0,69.88,32.76,14.41,21.98,13.57,30.99,24.5,0.79,54.73,0.0,4.97,,YAHOO,2.0252,2.4245,1.759,0.057055,0.4162,-0.844,83.71,2026-10-29,44,,,yahoo,1.0,0.0,1.0,1.0,0.0,1.0,0.0,0.0,1.0,-6.5874,-8.9965,-15.4821,-27.4095,74.3992,56.5923,1415.99,1561.3176,1687.3154,-19.2621,-26.7772,-32.245
MSCI,553.6500244140625,553.65,2026-09-14,False,542.6300048828125,564.77001953125,-0.17,-0.63,BAJO,39592419328.0,29.81,24.21,-14.72,,21.13,56.3,40.73,3.02,23.67,,0.89,,YAHOO,2.0252,2.4245,1.759,0.057055,0.4162,-0.844,83.71,2026-10-20,35,,,yahoo,1.0,1.0,1.0,1.0,0.0,1.0,1.0,1.0,1.0,-3.3786,-2.9978,-10.6374,-7.259,17.1849,34.7339,574.65,634.9691,641.5356,-3.6544,-12.8068,-13.6992
MTB,237.82000732421875,237.82,2026-09-14,False,236.8300018310547,241.5800018310547,-0.84,26.43,BAJO,33991254016.0,12.47,11.16,1.34,10.74,1.41,45.11,32.09,,,,,,YAHOO,2.0252,2.4245,1.759,0.057055,0.4162,-0.844,83.71,2026-10-16,31,,,yahoo,1.0,1.0,1.0,1.0,1.0,0.0,1.0,0.0,1.0,-0.8422,0.8701,-3.6918,3.2235,9.2504,18.9934,251.2387,252.4608,252.4608,-5.341,-5.7992,-5.7992
MTCH,43.150001525878906,43.15,2026-09-14,False,42.810001373291016,43.720001220703125,1.79,19.81,BAJO,10357033984.0,15.74,9.7,-43.06,,17.36,28.77,20.17,8.99,10.93,,1.72,,YAHOO,2.0252,2.4245,1.759,0.057055,0.4162,-0.844,83.71,2026-11-03,49,,,yahoo,1.0,1.0,1.0,1.0,1.0,0.0,1.0,1.0,1.0,3.0817,3.7759,7.5792,24.3345,7.7487,36.117,43.15,43.15,43.15,0.0,0.0,0.0
MTD,1285.75,1285.75,2026-09-14,False,1274.510009765625,1306.1400146484375,-0.6,4.01,BAJO,26656638976.0,29.99,25.74,2078.75,,21.1,31.2,21.91,2.6,22.53,166.68,1.12,,YAHOO,2.0252,2.4245,1.759,0.057055,0.4162,-0.844,83.71,2026-11-05,51,,,yahoo,1.0,0.0,1.0,1.0,1.0,1.0,1.0,0.0,0.0,-4.4237,-8.0675,-2.3395,13.6334,23.7965,25.6249,1425.09,1445.0,1506.02,-9.7776,-11.0208,-14.626
NCLH,14.720000267028809,14.72,2026-09-14,False,14.420000076293945,14.989999771118164,-0.67,-41.43,BAJO,6557202432.0,8.65,8.44,2.55,36.73,4.25,14.04,7.49,-25.63,8.6,6.21,0.2,,YAHOO,2.0252,2.4245,1.759,0.057055,0.4162,-0.844,83.71,2026-11-04,50,,,yahoo,1.0,0.0,1.0,1.0,0.0,1.0,0.0,1.0,0.0,-5.4592,-11.5916,-25.3928,-24.2409,34.9342,46.6881,18.18,21.92,26.65,-19.0319,-32.8467,-44.7655
NDAQ,91.56999969482422,91.57,2026-09-14,False,90.91999816894531,92.4000015258789,0.42,1.89,BAJO,49877549056.0,26.01,19.07,4.18,16.52,5.85,49.33,35.04,3.39,17.49,0.78,1.01,,YAHOO,2.0252,2.4245,1.759,0.057055,0.4162,-0.844,83.71,2026-10-22,37,,,yahoo,1.0,1.0,1.0,1.0,1.0,1.0,1.0,1.0,1.0,-5.1615,-7.4821,0.5687,3.2587,18.1625,28.2097,99.1349,99.1349,99.9635,-7.6309,-7.6309,-8.3966
NDSN,308.30999755859375,308.31,2026-09-14,False,307.54998779296875,311.54998779296875,-1.96,40.15,BAJO,17225029632.0,31.33,23.82,5.27,17.76,8.47,27.4,18.63,3.56,19.71,0.56,1.82,,YAHOO,2.0252,2.4245,1.759,0.057055,0.4162,-0.844,83.71,2026-12-08,84,2026-08-19,27.0,finnhub,1.0,1.0,1.0,1.0,1.0,0.0,1.0,0.0,1.0,-2.866,-4.7303,7.4594,7.5994,31.252,26.362,333.6978,333.6978,333.6978,-7.608,-7.608,-7.608
NI,41.06999969482422,41.07,2026-09-14,False,40.939998626708984,41.68000030517578,-0.82,6.0,BAJO,19465345024.0,21.59,18.01,2.03,8.55,3.24,17.16,13.15,-9.11,12.94,1.47,0.5,,YAHOO,2.0252,2.4245,1.759,0.057055,0.4162,-0.844,83.71,2026-10-28,43,,,yahoo,1.0,1.0,1.0,1.0,0.0,1.0,0.0,0.0,1.0,-0.7731,1.2324,-9.5489,-12.4228,5.3591,19.4015,42.37,48.7533,48.7533,-3.0682,-15.7596,-15.7596
NOC,527.3900146484375,527.39,2026-09-14,False,521.010009765625,534.2999877929688,1.62,-4.73,BAJO,75470979072.0,16.87,17.45,4.22,26.96,7.15,11.6,10.48,3.28,12.44,0.95,1.17,,YAHOO,2.0252,2.4245,1.759,0.057055,0.4162,-0.844,83.71,2026-10-20,35,,,yahoo,1.0,0.0,1.0,1.0,1.0,1.0,1.0,0.0,0.0,2.4098,-2.8926,0.8698,-3.7326,14.9909,26.9084,586.4728,586.4728,761.1927,-10.0743,-10.0743,-30.7153
NRG,108.47000122070312,108.47,2026-09-14,False,107.41000366210938,111.47000122070312,-4.4,-31.9,BAJO,22280208384.0,27.6,9.47,5.3,23.77,4.06,12.77,2.56,3.47,14.21,4.83,0.97,,YAHOO,2.0252,2.4245,1.759,0.057055,0.4162,-0.844,83.71,2026-11-05,51,,,yahoo,1.0,0.0,1.0,1.0,0.0,1.0,1.0,0.0,0.0,-8.8641,-2.3848,-21.0623,-13.2422,43.1908,57.24,122.37,148.8317,182.8192,-11.359,-27.119,-40.6682
NSC,320.04998779296875,320.05,2026-09-14,False,318.79998779296875,321.7799987792969,-0.07,19.49,BAJO,71924088832.0,27.35,22.36,4.43,16.98,5.95,35.3,21.02,1.92,15.54,1.06,0.83,,YAHOO,2.0252,2.4245,1.759,0.057055,0.4162,-0.844,83.71,2026-10-22,37,,,yahoo,1.0,1.0,1.0,1.0,1.0,0.0,1.0,0.0,0.0,-2.8562,-8.211,-2.1986,2.3595,10.884,21.1553,352.98,352.98,352.98,-9.3291,-9.3291,-9.3291
NTAP,188.27999877929688,188.28,2026-09-14,False,188.17999267578125,194.7899932861328,-5.52,56.27,BAJO,37305860096.0,26.83,17.19,24.9,114.82,11.66,26.67,19.18,3.14,17.16,1.69,1.24,,YAHOO,2.0252,2.4245,1.759,0.057055,0.4162,-0.844,83.71,2026-12-01,77,2026-09-02,13.0,yahoo,1.0,1.0,1.0,1.0,0.0,1.0,1.0,1.0,1.0,1.4494,0.6737,16.1505,16.8565,95.7627,44.0217,204.71,207.08,207.08,-8.026,-9.0786,-9.0786
NTRS,181.7100067138672,181.71,2026-09-14,False,179.83999633789062,187.02999877929688,-3.95,44.43,BAJO,32701493248.0,15.34,14.1,2.61,17.07,1.28,42.5,24.67,,,,,,YAHOO,2.0252,2.4245,1.759,0.057055,0.4162,-0.844,83.71,2026-10-21,36,,,yahoo,1.0,0.0,1.0,1.0,1.0,0.0,1.0,0.0,0.0,-2.6362,-2.2608,-4.4802,4.719,38.8285,21.984,190.5711,190.5711,190.5711,-4.6498,-4.6498,-4.6498
NVR,6299.56005859375,6299.5601,2026-09-14,False,6150.009765625,6321.5,2.25,-21.92,BAJO,16758409216.0,16.26,15.2,4.94,31.54,16.55,13.89,11.85,5.48,10.92,0.32,5.67,,YAHOO,2.0252,2.4245,1.759,0.057055,0.4162,-0.844,83.71,2026-10-21,36,,,yahoo,1.0,0.0,1.0,0.0,0.0,1.0,1.0,0.0,1.0,0.0113,-1.512,-3.0474,-1.1823,26.1463,29.3702,6433.7402,6828.6201,8414.8203,-2.0856,-7.7477,-25.1373
NWS,33.86000061035156,33.86,2026-09-14,False,33.189998626708984,34.060001373291016,3.52,5.74,BAJO,18118582272.0,32.8,22.35,2.15,7.98,4.66,12.54,6.35,5.77,14.8,0.32,1.62,,YAHOO,2.0252,2.4245,1.759,0.057055,0.4162,-0.844,83.71,2026-11-05,51,,,yahoo,1.0,0.0,1.0,1.0,0.0,0.0,1.0,0.0,1.0,0.1825,-2.5484,7.2706,16.0693,32.4612,29.9861,35.2141,35.2141,35.2141,-3.8452,-3.8452,-3.8452
NWSA,30.559999465942383,30.56,2026-09-14,False,29.6299991607666,30.700000762939453,3.8,4.99,BAJO,16324424704.0,29.55,20.13,1.94,7.98,4.66,12.54,6.35,6.4,13.45,0.32,1.62,,YAHOO,2.0252,2.4245,1.759,0.057055,0.4162,-0.844,83.71,2026-11-05,51,,,yahoo,1.0,0.0,1.0,1.0,0.0,0.0,1.0,0.0,1.0,0.8978,-0.9918,9.5884,19.4035,33.3085,28.2115,31.0854,31.0854,31.0854,-1.6902,-1.6902,-1.6902
NXPI,224.22999572753906,224.23,2026-09-14,False,223.9600067138672,230.8699951171875,-5.24,6.06,BAJO,57077362688.0,19.3,12.51,5.01,27.92,10.46,30.41,22.56,6.23,12.86,0.93,2.04,,YAHOO,2.0252,2.4245,1.759,0.057055,0.4162,-0.844,83.71,2026-10-26,41,,,yahoo,1.0,0.0,1.0,1.0,1.0,0.0,1.0,0.0,0.0,-1.5844,0.2907,-19.6337,-26.1987,64.4909,44.6867,236.62,322.1472,331.5454,-5.2362,-30.3952,-32.3682
ODFL,181.91000366210938,181.91,2026-09-14,False,178.72999572753906,183.13999938964844,1.18,28.0,BAJO,37633941504.0,34.8,27.21,8.26,24.82,15.78,28.84,19.44,2.58,20.89,0.0,1.89,,YAHOO,2.0252,2.4245,1.759,0.057055,0.4162,-0.844,83.71,2026-10-28,43,,,yahoo,1.0,0.0,1.0,1.0,1.0,1.0,1.0,0.0,0.0,-2.1305,-8.2754,-19.1082,-25.8627,25.2907,29.5248,211.6313,236.7822,248.3443,-14.0439,-23.1741,-26.7509
OKE,96.97000122070312,96.97,2026-09-14,False,95.97000122070312,99.04000091552734,0.36,42.78,BAJO,59708616704.0,16.36,15.23,2.6,16.28,5.77,13.25,9.29,1.51,12.09,1.43,0.74,,YAHOO,2.0252,2.4245,1.759,0.057055,0.4162,-0.844,83.71,2026-10-27,42,,,yahoo,1.0,1.0,1.0,1.0,1.0,0.0,0.0,0.0,1.0,1.6137,2.3322,7.7955,8.319,18.2348,25.7039,97.51,97.51,97.51,-0.5538,-0.5538,-0.5538
OMC,81.06999969482422,81.07,2026-09-14,False,79.77999877929688,81.69000244140625,2.61,10.73,BAJO,21906524160.0,215.81,6.71,2.27,6.05,5.09,15.38,1.74,19.45,8.5,1.08,0.92,,YAHOO,2.0252,2.4245,1.759,0.057055,0.4162,-0.844,83.71,2026-10-20,35,,,yahoo,0.0,0.0,1.0,1.0,1.0,0.0,0.0,0.0,0.0,-1.8761,-8.1672,0.173,5.7251,42.4268,36.0664,88.94,88.94,88.94,-8.8487,-8.8487,-8.8487
ON,71.6500015258789,71.65,2026-09-14,False,71.45999908447266,73.13999938964844,-5.9,50.91,BAJO,28498122752.0,47.84,16.15,3.95,8.31,6.75,19.53,10.17,5.81,13.76,0.65,3.46,,YAHOO,2.0252,2.4245,1.759,0.057055,0.4162,-0.844,83.71,2026-11-02,48,,,yahoo,1.0,0.0,1.0,1.0,0.0,0.0,1.0,0.0,0.0,-3.6703,-1.3221,-22.574,-38.6506,95.2647,76.7261,83.38,131.55,133.93,-14.0681,-45.534,-46.5019
OTIS,70.18000030517578,70.18,2026-09-14,False,69.05999755859375,71.12999725341797,1.56,-18.04,BAJO,26075850752.0,17.61,15.07,-4.54,,14.25,15.13,10.17,5.51,13.03,,0.83,,YAHOO,2.0252,2.4245,1.759,0.057055,0.4162,-0.844,83.71,2026-10-28,43,,,yahoo,1.0,0.0,1.0,1.0,0.0,0.0,1.0,1.0,1.0,-1.4464,-2.1745,-2.2086,-0.2044,30.291,22.5756,72.36,74.5481,92.4955,-3.0127,-5.8595,-24.1261
PAYC,222.85000610351562,222.85,2026-09-14,False,218.2100067138672,227.38900756835938,1.8,5.07,BAJO,10220440576.0,24.0,16.26,17.26,41.09,8.78,31.72,22.78,4.15,14.73,1.72,1.07,,YAHOO,2.0252,2.4245,1.759,0.057055,0.4162,-0.844,83.71,2026-11-04,50,,,yahoo,1.0,0.0,1.0,1.0,0.0,0.0,1.0,1.0,0.0,-3.8071,-6.5736,54.2289,65.9347,24.229,64.1812,240.52,240.52,240.52,-7.3466,-7.3466,-7.3466
PAYX,118.51000213623047,118.51,2026-09-14,False,116.5999984741211,119.2300033569336,2.34,-4.27,BAJO,42112491520.0,24.19,18.52,11.26,,,38.32,26.63,,28.38,1.24,1.15,,YAHOO,2.0252,2.4245,1.759,0.057055,0.4162,-0.844,83.71,2026-09-23,8,,,yahoo,1.0,1.0,1.0,1.0,0.0,0.0,1.0,1.0,1.0,-2.6292,-6.7144,8.8581,18.9943,27.343,32.4841,127.34,127.34,129.4102,-6.9342,-6.9342,-8.423
PCG,13.600000381469727,13.6,2026-09-14,False,13.539999961853027,14.020000457763672,-1.45,-8.43,BAJO,28961124352.0,9.46,7.3,0.9,9.32,2.57,24.79,11.83,-21.24,9.04,1.89,1.22,,YAHOO,2.0252,2.4245,1.759,0.057055,0.4162,-0.844,83.71,2026-10-22,37,,,yahoo,1.0,1.0,1.0,1.0,0.0,0.0,0.0,1.0,0.0,-4.8951,-18.0723,-22.3301,-19.5306,22.834,55.3621,18.36,18.36,19.0001,-25.9259,-25.9259,-28.4213
PEG,70.91999816894531,70.92,2026-09-14,False,70.7300033569336,72.72000122070312,-2.03,-9.62,BAJO,35098738688.0,17.52,15.07,2.02,11.83,3.24,18.87,16.04,0.31,13.35,1.42,0.88,,YAHOO,2.0252,2.4245,1.759,0.057055,0.4162,-0.844,83.71,2026-11-02,48,,,yahoo,1.0,1.0,1.0,1.0,0.0,1.0,1.0,1.0,1.0,-2.8957,-2.2191,-10.4083,-10.2059,14.7638,15.6951,74.9276,82.8257,84.7417,-5.3487,-14.3744,-16.3103
PFG,116.9000015258789,116.9,2026-09-14,False,115.47000122070312,117.41999816894531,0.63,47.76,BAJO,25343565824.0,16.86,11.39,2.09,12.95,0.35,12.34,9.93,4.17,11.14,0.35,1.59,,YAHOO,2.0252,2.4245,1.759,0.057055,0.4162,-0.844,83.71,2026-10-26,41,,,yahoo,1.0,0.0,1.0,1.0,1.0,0.0,1.0,0.0,0.0,0.1886,5.7256,4.2749,6.0015,13.9403,25.6154,118.51,118.51,118.51,-1.3585,-1.3585,-1.3585
PGR,221.02000427246094,221.02,2026-09-14,False,219.0399932861328,222.0800018310547,1.56,-2.2,BAJO,128603250688.0,11.1,13.59,3.75,34.94,7.84,18.21,12.85,11.75,8.76,0.24,0.29,,YAHOO,2.0252,2.4245,1.759,0.057055,0.4162,-0.844,83.71,2026-10-14,29,,,yahoo,1.0,1.0,1.0,1.0,1.0,0.0,0.0,0.0,0.0,0.9454,1.0885,7.6991,8.8662,9.4643,35.1747,223.92,234.48,234.48,-1.2951,-5.7404,-5.7404
PH,928.8300170898438,928.83,2026-09-14,False,914.8300170898438,936.3699951171875,-2.25,25.22,BAJO,116593909760.0,32.43,23.62,7.57,25.08,9.79,23.46,16.97,2.54,22.12,0.57,1.26,,YAHOO,2.0252,2.4245,1.759,0.057055,0.4162,-0.844,83.71,2026-11-05,51,,,yahoo,1.0,0.0,1.0,1.0,1.0,1.0,1.0,1.0,1.0,-3.5072,-6.4641,-2.3348,3.0129,27.4517,27.5113,1051.642,1071.7115,1071.7115,-11.6781,-13.3321,-13.3321
PHM,118.94000244140625,118.94,2026-09-14,False,116.93000030517578,119.80999755859375,0.58,-9.11,BAJO,22757404672.0,12.2,10.64,1.72,14.9,9.21,15.69,11.62,4.74,8.55,0.19,7.27,,YAHOO,2.0252,2.4245,1.759,0.057055,0.4162,-0.844,83.71,2026-10-22,37,,,yahoo,1.0,0.0,1.0,0.0,1.0,1.0,1.0,0.0,0.0,-4.4275,-7.4757,-5.1439,-3.2295,25.9925,34.2466,130.86,137.94,141.9555,-9.109,-13.7741,-16.2132
PKG,233.25999450683594,233.26,2026-09-14,False,232.5399932861328,235.9600067138672,-0.49,14.17,BAJO,20600418304.0,30.03,17.62,4.39,14.89,8.28,13.12,7.26,2.1,12.14,0.94,2.94,,YAHOO,2.0252,2.4245,1.759,0.057055,0.4162,-0.844,83.71,2026-10-21,36,,,yahoo,1.0,0.0,1.0,1.0,0.0,0.0,1.0,0.0,0.0,-1.6818,-2.966,2.3699,2.8801,29.1233,28.8973,252.97,257.43,257.43,-7.7914,-9.389,-9.389
PNC,242.72000122070312,242.72,2026-09-14,False,241.47999572753906,245.32000732421875,-0.62,25.81,BAJO,96057655296.0,13.26,11.25,1.65,12.62,1.31,38.69,31.37,,,,,,YAHOO,2.0252,2.4245,1.759,0.057055,0.4162,-0.844,83.71,2026-10-15,30,,,yahoo,1.0,1.0,1.0,0.0,1.0,0.0,1.0,0.0,1.0,-1.1726,0.2064,-3.7359,2.9433,14.1855,17.1865,254.55,256.97,256.97,-4.6474,-5.5454,-5.5454
PNR,56.18000030517578,56.18,2026-09-14,False,55.9900016784668,57.279998779296875,-0.71,-46.63,BAJO,9030168576.0,14.58,10.95,2.41,17.13,8.66,23.44,16.24,6.18,10.28,0.47,1.45,,YAHOO,2.0252,2.4245,1.759,0.057055,0.4162,-0.844,83.71,2026-10-20,35,,,yahoo,1.0,0.0,1.0,1.0,1.0,1.0,1.0,1.0,0.0,-6.6932,-8.9022,-12.2875,-23.5428,11.3085,42.0254,65.59,76.3863,111.0012,-14.3467,-26.4528,-49.3879
PNW,95.4000015258789,95.4,2026-09-14,False,95.23999786376953,96.69999694824219,-0.73,15.33,BAJO,11501617152.0,18.21,17.05,1.63,9.37,2.33,21.34,11.53,-8.08,13.05,2.33,0.59,,YAHOO,2.0252,2.4245,1.759,0.057055,0.4162,-0.844,83.71,2026-11-03,49,,,yahoo,1.0,0.0,1.0,1.0,1.0,0.0,0.0,0.0,0.0,-2.1739,-2.2941,-10.0892,-6.934,2.5327,17.1274,100.41,108.3845,108.3845,-4.9895,-11.98,-11.98
PODD,137.8000030517578,137.8,2026-09-14,False,131.61000061035156,137.97999572753906,4.43,-57.53,BAJO,9656879104.0,26.12,18.06,6.79,26.02,9.71,16.18,12.29,2.45,16.38,0.67,2.48,,YAHOO,2.0252,2.4245,1.759,0.057055,0.4162,-0.844,83.71,2026-11-05,51,,,yahoo,1.0,0.0,1.0,1.0,1.0,0.0,0.0,1.0,1.0,-6.5636,-5.0506,-13.4857,-7.9492,55.2289,57.522,151.51,170.62,346.36,-9.0489,-19.2357,-60.2148
POOL,171.75999450683594,171.76,2026-09-14,False,171.1699981689453,175.02999877929688,-0.74,-43.81,BAJO,6063817216.0,15.32,14.12,4.81,31.25,9.9,15.14,7.41,3.51,12.02,1.35,2.67,,YAHOO,2.0252,2.4245,1.759,0.057055,0.4162,-0.844,83.71,2026-10-22,37,,,yahoo,1.0,0.0,1.0,0.0,0.0,1.0,1.0,1.0,0.0,-7.267,-8.6723,-14.5688,-11.34,12.9744,37.3502,195.99,218.0392,320.2216,-12.3629,-21.2252,-46.3621
PPG,105.25,105.25,2026-09-14,False,103.88999938964844,106.61000061035156,-0.24,0.66,BAJO,23317047296.0,15.05,12.11,2.76,19.3,6.05,14.02,9.57,4.74,10.87,0.87,1.58,,YAHOO,2.0252,2.4245,1.759,0.057055,0.4162,-0.844,83.71,2026-10-27,42,,,yahoo,1.0,1.0,1.0,1.0,0.0,1.0,1.0,0.0,0.0,-6.4694,-7.8533,-8.1566,-11.2581,21.1709,30.2225,114.42,124.5553,129.1576,-8.0143,-15.4994,-18.5104
PPL,33.790000915527344,33.79,2026-09-14,False,33.66999816894531,34.310001373291016,-0.85,-1.04,BAJO,25007065088.0,19.66,15.7,1.66,8.63,3.2,23.59,13.47,-7.75,11.98,1.35,0.91,,YAHOO,2.0252,2.4245,1.759,0.057055,0.4162,-0.844,83.71,2026-11-04,50,,,yahoo,1.0,1.0,1.0,1.0,0.0,1.0,0.0,1.0,0.0,-2.9591,-0.3771,-4.5896,-4.9622,9.4853,18.9977,35.6535,36.7146,39.1669,-5.2266,-7.9658,-13.7281
PRU,119.5,119.5,2026-09-14,False,118.80000305175781,120.0,0.22,21.3,BAJO,41161949184.0,10.82,8.03,1.3,12.01,0.43,7.52,6.01,18.29,11.86,1.64,0.78,,YAHOO,2.0252,2.4245,1.759,0.057055,0.4162,-0.844,83.71,2026-10-28,43,,,yahoo,1.0,1.0,1.0,1.0,1.0,0.0,1.0,0.0,0.0,-2.0652,-0.2421,5.0761,11.4097,16.5904,20.938,123.2,123.7019,123.7019,-3.0032,-3.3968,-3.3968
PSA,295.3999938964844,295.4,2026-09-14,False,294.6400146484375,301.29998779296875,-0.37,8.24,BAJO,55435333632.0,28.28,29.33,10.76,21.93,6.98,45.7,41.63,4.21,19.28,1.1,0.22,,YAHOO,2.0252,2.4245,1.759,0.057055,0.4162,-0.844,83.71,2026-10-28,43,,,yahoo,1.0,0.0,1.0,1.0,0.0,0.0,0.0,0.0,1.0,-2.1887,-5.7765,-6.1269,-8.5279,20.2731,21.2394,325.13,330.47,330.47,-9.144,-10.6122,-10.6122
PTC,136.64999389648438,136.65,2026-09-14,False,133.89999389648438,137.75,4.49,-31.09,BAJO,14404206592.0,12.89,14.9,4.24,35.05,11.54,28.23,41.43,7.16,12.61,0.46,1.02,,YAHOO,2.0252,2.4245,1.759,0.057055,0.4162,-0.844,83.71,2026-11-11,57,,,yahoo,1.0,1.0,1.0,1.0,1.0,1.0,1.0,1.0,1.0,-3.0989,-13.0449,10.5493,20.2058,51.5911,44.3591,158.95,158.95,206.19,-14.0296,-14.0296,-33.7262
PWR,622.02001953125,622.02,2026-09-14,False,610.0,629.5700073242188,-4.39,63.39,BAJO,92213116928.0,69.94,31.11,9.56,15.34,5.23,7.22,4.03,2.12,32.32,0.68,1.1,,YAHOO,2.0252,2.4245,1.759,0.057055,0.4162,-0.844,83.71,2026-10-29,44,,,yahoo,1.0,0.0,1.0,1.0,1.0,0.0,0.0,1.0,0.0,-0.3828,3.2056,-4.1335,-12.0984,64.5293,55.3583,722.31,740.0269,785.1201,-13.8846,-15.9463,-20.7739
Q,117.2300033569336,117.23,2026-09-14,False,116.3499984741211,122.34500122070312,-7.25,25.31,BAJO,23973206016.0,40.92,21.31,3.3,6.72,5.3,22.32,11.25,3.22,18.23,0.6,2.01,,YAHOO,2.0252,2.4245,1.759,0.057055,0.4162,-0.844,83.71,2026-11-16,62,,,yahoo,1.0,0.0,1.0,1.0,0.0,1.0,0.0,1.0,0.0,-2.6895,-2.4546,-16.346,-22.1321,70.6681,54.512,140.6664,175.5232,,-16.6609,-33.2111,
RCL,255.33999633789062,255.34,2026-09-14,False,252.74000549316406,257.7099914550781,-1.85,-19.27,BAJO,66675806208.0,15.4,12.29,6.51,44.67,7.68,27.07,23.54,-2.27,12.93,2.25,0.21,,YAHOO,2.0252,2.4245,1.759,0.057055,0.4162,-0.844,83.71,2026-10-27,42,,,yahoo,1.0,1.0,1.0,1.0,1.0,1.0,0.0,1.0,0.0,-3.7143,-8.6146,-12.6057,-13.2618,17.9725,30.8775,301.79,327.42,344.4,-15.3915,-22.0145,-25.8595
REGN,793.739990234375,793.74,2026-09-14,False,779.4500122070312,798.8400268554688,1.57,41.31,BAJO,79698485248.0,19.16,12.77,2.45,14.04,6.53,33.11,27.87,3.85,15.31,0.09,3.33,,YAHOO,2.0252,2.4245,1.759,0.057055,0.4162,-0.844,83.71,2026-10-28,43,,,yahoo,1.0,0.0,1.0,1.0,1.0,0.0,1.0,0.0,0.0,-4.1053,-0.0567,19.5977,29.8178,24.1002,30.3949,852.03,852.03,852.03,-6.8413,-6.8413,-6.8413
RF,30.030000686645508,30.03,2026-09-14,False,29.8799991607666,30.40999984741211,-0.33,18.13,BAJO,25285269504.0,12.07,10.43,1.45,11.87,1.39,39.31,30.84,,,,,,YAHOO,2.0252,2.4245,1.759,0.057055,0.4162,-0.844,83.71,2026-10-16,31,,,yahoo,1.0,1.0,1.0,1.0,1.0,0.0,1.0,0.0,1.0,-1.282,0.015,-3.6386,3.637,8.5282,20.1251,31.3817,32.0747,32.0747,-4.3074,-6.3748,-6.3748
RJF,170.8000030517578,170.8,2026-09-14,False,169.85000610351562,174.08999633789062,-1.53,4.87,BAJO,32416874496.0,14.7,11.89,2.55,18.42,2.58,19.3,15.13,,,0.48,2.11,,YAHOO,2.0252,2.4245,1.759,0.057055,0.4162,-0.844,83.71,2026-10-28,43,,,yahoo,1.0,0.0,1.0,1.0,0.0,0.0,1.0,0.0,1.0,-4.201,-4.7725,0.2936,11.0161,10.2136,23.7657,181.1,181.18,181.18,-5.6875,-5.7291,-5.7291
RL,341.42999267578125,341.43,2026-09-14,False,335.4700012207031,342.1499938964844,0.69,11.27,BAJO,19973754880.0,21.11,16.03,7.34,37.54,11.0,18.39,11.76,4.41,13.2,1.1,2.04,,YAHOO,2.0252,2.4245,1.759,0.057055,0.4162,-0.844,83.71,2026-11-05,51,,,yahoo,1.0,1.0,1.0,1.0,0.0,1.0,1.0,1.0,1.0,-2.7819,-3.5617,-8.7281,-15.2769,31.2613,29.9706,379.31,413.2399,413.2399,-9.9866,-17.3773,-17.3773
RMD,222.99000549316406,222.99,2026-09-14,False,220.94000244140625,225.82000732421875,2.16,-14.93,BAJO,33097248768.0,21.98,17.35,5.03,24.27,14.0,30.86,26.95,2.84,15.04,0.13,3.1,,YAHOO,2.0252,2.4245,1.759,0.057055,0.4162,-0.844,83.71,2026-10-29,44,,,yahoo,1.0,0.0,1.0,1.0,1.0,0.0,1.0,1.0,1.0,-2.3473,-7.2151,12.6202,14.8115,20.7091,36.7197,240.33,240.33,280.3143,-7.2151,-7.2151,-20.45
ROK,418.8500061035156,418.85,2026-09-14,False,412.239990234375,419.9700012207031,-2.23,24.5,BAJO,46401236992.0,39.04,28.07,13.25,30.63,9.99,20.97,13.39,2.81,23.73,1.03,1.07,,YAHOO,2.0252,2.4245,1.759,0.057055,0.4162,-0.844,83.71,2026-11-05,51,,,yahoo,1.0,0.0,1.0,1.0,0.0,1.0,1.0,1.0,1.0,-3.4485,-2.7874,-9.0448,-8.5339,26.0027,30.9119,444.6,493.5596,493.5596,-5.7917,-15.1369,-15.1369
ROL,35.310001373291016,35.31,2026-09-14,False,34.970001220703125,35.5,1.67,-34.54,BAJO,16248281088.0,30.7,25.97,11.37,37.01,14.06,18.8,13.55,3.09,20.8,0.78,0.63,,YAHOO,2.0252,2.4245,1.759,0.057055,0.4162,-0.844,83.71,2026-10-28,43,,,yahoo,1.0,1.0,1.0,1.0,0.0,0.0,1.0,1.0,0.0,-1.5337,-2.9412,-18.9167,-24.8102,18.6406,30.1117,37.26,45.2396,64.8632,-5.2335,-21.9489,-45.5624
ROP,394.6099853515625,394.61,2026-09-14,False,393.92999267578125,403.3599853515625,1.57,-19.23,BAJO,37972000768.0,16.0,15.8,2.03,13.07,4.23,27.73,30.24,5.97,15.44,0.61,0.55,,YAHOO,2.0252,2.4245,1.759,0.057055,0.4162,-0.844,83.71,2026-10-22,37,,,yahoo,1.0,0.0,1.0,1.0,0.0,1.0,1.0,0.0,1.0,-3.1109,-7.412,13.2277,18.1,19.3182,34.2776,426.2,426.2,516.3226,-7.412,-7.412,-23.573
RSG,225.85000610351562,225.85,2026-09-14,False,225.07000732421875,227.32000732421875,1.4,2.11,BAJO,68297744384.0,31.55,27.68,5.67,18.15,6.17,20.43,12.94,2.84,15.69,1.19,0.64,,YAHOO,2.0252,2.4245,1.759,0.057055,0.4162,-0.844,83.71,2026-10-29,44,,,yahoo,1.0,0.0,1.0,1.0,0.0,1.0,1.0,1.0,0.0,1.4099,1.6839,3.9155,7.9078,13.4187,20.7268,225.85,225.85,230.9379,0.0,0.0,-2.2031
SBAC,183.07000732421875,183.07,2026-09-14,False,180.97000122070312,186.27000427246094,-1.29,-3.23,BAJO,19428976640.0,19.78,22.38,-4.2,,8.41,52.16,34.51,3.87,18.76,,0.17,,YAHOO,2.0252,2.4245,1.759,0.057055,0.4162,-0.844,83.71,2026-11-02,48,,,yahoo,1.0,1.0,1.0,1.0,1.0,0.0,1.0,0.0,1.0,-3.3625,-4.1267,-1.4736,-9.9892,33.8931,31.5314,191.52,191.52,220.8819,-4.4121,-4.4121,-17.1186
SJM,121.30000305175781,121.3,2026-09-14,False,121.19999694824219,124.43000030517578,0.13,25.5,BAJO,13000381440.0,57.14,11.18,2.26,3.93,6.26,17.9,2.51,11.26,8.79,1.21,0.87,,YAHOO,2.0252,2.4245,1.759,0.057055,0.4162,-0.844,83.71,2026-11-24,70,2026-08-26,20.0,yahoo,0.0,1.0,1.0,1.0,1.0,0.0,0.0,0.0,1.0,-3.7912,-8.3421,12.3067,5.105,14.9422,30.7995,132.34,132.34,132.34,-8.3421,-8.3421,-8.3421
SMCI,36.7400016784668,36.74,2026-09-14,False,36.380001068115234,38.099998474121094,-8.38,-17.06,BAJO,23414245376.0,10.93,6.69,2.28,21.47,7.88,13.38,5.71,-35.23,10.39,0.64,3.87,,YAHOO,2.0252,2.4245,1.759,0.057055,0.4162,-0.844,83.71,2026-11-03,49,,,yahoo,1.0,0.0,0.0,0.0,1.0,0.0,0.0,0.0,0.0,-7.1988,-0.9169,36.6307,20.6172,105.4334,96.0864,40.26,40.26,58.68,-8.7432,-8.7432,-37.3892
SNPS,381.42999267578125,381.43,2026-09-14,False,379.6400146484375,395.0,-4.01,-7.03,BAJO,70464798720.0,64.28,20.98,2.26,3.66,1.35,14.52,11.43,4.86,37.44,0.35,1.34,,YAHOO,2.0252,2.4245,1.759,0.057055,0.4162,-0.844,83.71,2026-12-08,84,2026-08-26,20.0,finnhub,1.0,0.0,1.0,1.0,0.0,0.0,0.0,0.0,0.0,-3.151,-13.8226,-10.3109,-15.9642,36.031,46.7785,464.89,464.89,534.56,-17.9526,-17.9526,-28.646
SO,87.0,87.0,2026-09-14,False,86.66000366210938,87.97000122070312,-0.2,-0.63,BAJO,98873696256.0,20.71,17.45,2.5,11.48,3.27,29.61,15.43,-3.96,12.33,1.82,0.79,,YAHOO,2.0252,2.4245,1.759,0.057055,0.4162,-0.844,83.71,2026-10-29,44,,,yahoo,1.0,0.0,1.0,1.0,0.0,0.0,0.0,0.0,1.0,-1.2598,-1.4164,-7.2744,-6.6826,3.9318,16.467,92.29,97.1776,97.4911,-5.7319,-10.4732,-10.7611
SOLV,89.81999969482422,89.82,2026-09-14,False,88.04499816894531,90.31999969482422,2.71,24.67,BAJO,15330348032.0,11.01,12.45,3.19,33.96,2.7,9.78,17.26,3.19,17.75,1.1,1.02,,YAHOO,2.0252,2.4245,1.759,0.057055,0.4162,-0.844,83.71,2026-11-05,51,,,yahoo,1.0,1.0,1.0,0.0,1.0,1.0,0.0,0.0,1.0,-2.0395,-1.4267,14.6102,13.8836,34.7521,31.8309,92.44,92.44,92.44,-2.8343,-2.8343,-2.8343
SPG,204.97000122070312,204.97,2026-09-14,False,204.00999450683594,207.32000732421875,0.07,18.69,BAJO,77481156608.0,14.41,29.69,15.03,120.51,5.63,46.02,66.57,3.35,18.71,5.04,0.27,,YAHOO,2.0252,2.4245,1.759,0.057055,0.4162,-0.844,83.71,2026-11-02,48,,,yahoo,1.0,1.0,1.0,0.0,1.0,0.0,1.0,0.0,0.0,-1.0839,-3.4443,-6.6844,-5.4191,19.8791,18.8999,220.81,234.1864,234.1864,-7.1736,-12.4757,-12.4757
SRE,82.98999786376953,82.99,2026-09-14,False,82.81999969482422,84.12999725341797,-0.42,4.38,BAJO,53096706048.0,23.54,14.65,1.62,6.68,1.96,28.33,16.82,-52.09,17.08,0.85,1.64,,YAHOO,2.0252,2.4245,1.759,0.057055,0.4162,-0.844,83.71,2026-11-04,50,,,yahoo,1.0,0.0,1.0,1.0,1.0,1.0,0.0,1.0,0.0,-1.2494,-1.5657,-10.5518,-9.4343,5.3898,22.8361,87.38,95.33,99.0422,-5.024,-12.9445,-16.2074
STE,213.66000366210938,213.66,2026-09-14,False,210.8000030517578,216.6699981689453,1.38,-11.06,BAJO,20502323200.0,25.71,17.17,2.84,11.39,6.8,19.15,13.33,3.9,13.46,0.28,1.91,,YAHOO,2.0252,2.4245,1.759,0.057055,0.4162,-0.844,83.71,2026-11-04,50,,,yahoo,1.0,1.0,1.0,1.0,1.0,1.0,1.0,1.0,1.0,-4.8666,-8.3275,1.3487,3.253,20.8915,27.954,237.2062,238.1833,266.3608,-9.9265,-10.296,-19.7855
STLD,234.52999877929688,234.53,2026-09-14,False,233.8000030517578,245.86000061035156,-2.19,82.35,BAJO,34286946304.0,21.71,12.22,3.65,17.57,7.87,11.5,7.83,0.68,14.23,0.47,3.18,,YAHOO,2.0252,2.4245,1.759,0.057055,0.4162,-0.844,83.71,2026-10-19,34,,,yahoo,1.0,0.0,1.0,1.0,0.0,1.0,1.0,0.0,0.0,-3.1108,-0.0597,-0.4373,-16.8688,24.1833,38.5145,258.16,268.6,282.1202,-9.1532,-12.6843,-16.8688
STT,188.16000366210938,188.16,2026-09-14,False,186.33999633789062,192.02000427246094,-2.71,74.12,BAJO,50855538688.0,16.34,12.09,2.13,12.44,0.87,27.82,23.0,,,,,,YAHOO,2.0252,2.4245,1.759,0.057055,0.4162,-0.844,83.71,2026-10-14,29,,,yahoo,1.0,1.0,1.0,1.0,0.0,0.0,1.0,0.0,1.0,-3.1401,-2.6742,0.8414,12.8059,25.4731,24.4022,194.26,194.26,194.26,-3.1401,-3.1401,-3.1401
STX,805.5499877929688,805.55,2026-09-14,False,769.0,821.8599853515625,-2.97,286.69,BAJO,175504195584.0,55.37,13.94,80.78,371.53,29.35,43.07,26.11,1.11,39.34,1.8,1.67,,YAHOO,2.0252,2.4245,1.759,0.057055,0.4162,-0.844,83.71,2026-10-27,42,,,yahoo,1.0,1.0,1.0,1.0,1.0,1.0,0.0,1.0,1.0,-5.1491,-2.9177,-2.7466,-13.4168,11.1349,82.8301,994.79,1093.2605,1093.2605,-19.0231,-26.3167,-26.3167
STZ,125.0,125.0,2026-09-14,False,122.51000213623047,125.73999786376953,2.08,-3.02,BAJO,21114834944.0,11.77,9.99,2.57,23.69,8.57,35.93,20.14,10.47,9.21,1.23,0.91,,YAHOO,2.0252,2.4245,1.759,0.057055,0.4162,-0.844,83.71,2026-10-06,21,,,yahoo,1.0,1.0,1.0,1.0,0.0,1.0,1.0,0.0,0.0,-2.4809,-4.3538,-4.2959,-15.1674,23.3233,30.3243,137.6,145.1562,164.2807,-9.157,-13.8859,-23.9107
SW,43.75,43.75,2026-09-14,False,42.869998931884766,44.165000915527344,1.23,3.28,BAJO,22926895104.0,46.5,12.81,1.27,2.71,2.62,5.47,1.59,5.3,7.96,0.78,1.45,,YAHOO,2.0252,2.4245,1.759,0.057055,0.4162,-0.844,83.71,2026-10-28,43,,,yahoo,1.0,1.0,1.0,1.0,0.0,1.0,0.0,0.0,1.0,-4.5385,-9.4015,1.2823,1.9135,49.0457,44.8375,49.56,50.341,50.7913,-11.7232,-13.0926,-13.8633
SWK,88.88999938964844,88.89,2026-09-14,False,87.47000122070312,89.44999694824219,-0.39,19.98,BAJO,13377054720.0,21.66,13.88,1.49,6.89,3.8,8.44,4.07,10.61,10.07,0.58,1.43,,YAHOO,2.0252,2.4245,1.759,0.057055,0.4162,-0.844,83.71,2026-11-03,49,,,yahoo,1.0,1.0,1.0,1.0,1.0,0.0,0.0,1.0,1.0,-7.9051,-8.3194,1.9368,7.2274,21.2283,35.2091,99.157,103.1027,103.1027,-10.3543,-13.785,-13.785
SYK,281.8699951171875,281.87,2026-09-14,False,280.6700134277344,287.1700134277344,2.29,-22.52,BAJO,107975819264.0,29.2,16.82,4.5,16.51,8.16,27.02,14.43,3.8,16.26,0.64,2.16,,YAHOO,2.0252,2.4245,1.759,0.057055,0.4162,-0.844,83.71,2026-10-29,44,,,yahoo,1.0,0.0,1.0,1.0,0.0,0.0,0.0,1.0,0.0,-7.0135,-14.7631,-10.9247,-9.4739,32.2881,42.3612,339.98,352.25,385.3856,-17.0922,-19.9801,-26.8603
TAP,39.08000183105469,39.08,2026-09-14,False,38.72999954223633,39.72999954223633,0.39,-12.61,BAJO,7322045952.0,,8.02,0.73,-19.47,3.79,11.3,-20.81,12.77,5.92,0.76,0.88,,YAHOO,2.0252,2.4245,1.759,0.057055,0.4162,-0.844,83.71,2026-11-03,49,,,yahoo,0.0,0.0,1.0,1.0,1.0,0.0,1.0,0.0,1.0,-3.5062,-5.7405,-0.188,-4.917,14.6192,31.6665,42.4947,42.8703,52.5761,-8.0355,-8.8413,-25.6697
TDG,1111.219970703125,1111.22,2026-09-14,False,1102.3699951171875,1131.31005859375,-2.55,-11.76,BAJO,59975028736.0,32.88,22.41,-6.46,,11.82,46.01,21.28,2.43,17.82,,3.02,,YAHOO,2.0252,2.4245,1.759,0.057055,0.4162,-0.844,83.71,2026-11-05,51,,,yahoo,1.0,1.0,1.0,0.0,0.0,1.0,0.0,1.0,1.0,-4.3742,-6.3029,-9.8168,-11.5306,26.9638,25.6906,1237.8199,1348.49,1450.0,-10.2277,-17.5952,-23.3641
TDY,597.1099853515625,597.11,2026-09-14,False,590.4199829101562,599.989990234375,-1.11,9.24,BAJO,27744333824.0,28.97,22.36,2.54,9.15,5.14,20.2,15.29,3.29,18.48,0.19,2.18,,YAHOO,2.0252,2.4245,1.759,0.057055,0.4162,-0.844,83.71,2026-10-21,36,,,yahoo,1.0,1.0,1.0,1.0,1.0,0.0,1.0,0.0,1.0,-2.2173,-3.9954,-4.3323,-4.6181,20.4764,22.9371,677.27,691.3,691.3,-11.8358,-13.6251,-13.6251
TECH,72.2699966430664,72.27,2026-09-14,False,72.16999816894531,72.30000305175781,0.21,42.77,BAJO,11344230400.0,62.36,31.37,5.36,9.03,6.67,27.87,14.97,2.02,34.02,0.14,4.55,,YAHOO,2.0252,2.4245,1.759,0.057055,0.4162,-0.844,83.71,2026-11-09,55,,,yahoo,1.0,1.0,1.0,1.0,1.0,1.0,0.0,1.0,0.0,-0.2209,-0.1106,1.2172,33.9815,3.0096,43.5301,72.47,72.47,72.47,-0.276,-0.276,-0.276
TEL,203.3699951171875,203.37,2026-09-14,False,201.97000122070312,207.0800018310547,-4.05,-0.66,BAJO,58313752576.0,19.73,15.61,4.41,23.29,9.69,20.77,15.61,4.01,12.73,0.43,1.88,,YAHOO,2.0252,2.4245,1.759,0.057055,0.4162,-0.844,83.71,2026-10-28,43,,,yahoo,1.0,0.0,1.0,1.0,0.0,0.0,1.0,1.0,0.0,-2.5306,0.3503,1.4026,-2.9546,49.504,33.1797,216.5345,217.8394,246.3216,-6.0796,-6.6422,-17.4372
TER,329.20001220703125,329.2,2026-09-14,False,328.5899963378906,349.4599914550781,-13.3,191.13,BAJO,52038021120.0,45.72,28.56,16.57,36.46,19.75,33.16,25.77,0.84,34.43,0.03,2.12,,YAHOO,2.0252,2.4245,1.759,0.057055,0.4162,-0.844,83.71,2026-10-21,36,,,yahoo,1.0,0.0,1.0,1.0,0.0,0.0,1.0,0.0,1.0,-7.7949,-7.2241,-3.7395,-18.3218,121.1948,91.6642,442.9698,483.6542,483.6542,-25.6834,-31.9348,-31.9348
TKO,193.72000122070312,193.72,2026-09-14,False,191.3300018310547,197.80999755859375,1.79,-2.18,BAJO,35985850368.0,66.71,40.49,4.16,7.06,4.5,32.39,4.33,2.38,14.34,0.59,1.28,,YAHOO,2.0252,2.4245,1.759,0.057055,0.4162,-0.844,83.71,2026-11-04,50,,,yahoo,1.0,1.0,1.0,1.0,0.0,1.0,1.0,1.0,0.0,4.1449,4.9177,4.3188,-4.3689,26.664,33.5478,201.69,215.88,223.1878,-3.9516,-10.265,-13.2031
TPL,365.2699890136719,365.27,2026-09-14,False,363.6600036621094,381.42999267578125,-1.04,21.36,BAJO,25633060864.0,47.34,5.08,15.33,36.57,25.81,78.18,60.32,-0.13,34.25,0.01,4.55,,YAHOO,2.0252,2.4245,1.759,0.057055,0.4162,-0.844,83.71,2026-11-04,50,,,yahoo,1.0,0.0,1.0,1.0,0.0,0.0,0.0,0.0,0.0,0.7864,0.4052,-11.5092,-3.445,21.791,44.0041,383.0251,436.9385,538.1021,-4.6355,-16.4024,-32.1188
TRGP,287.25,287.25,2026-09-14,False,286.0,294.5299987792969,-1.03,81.63,BAJO,61258653696.0,27.31,23.65,19.56,70.84,9.24,27.8,13.54,0.11,14.71,5.16,0.77,,YAHOO,2.0252,2.4245,1.759,0.057055,0.4162,-0.844,83.71,2026-11-05,51,,,yahoo,1.0,1.0,1.0,1.0,0.0,0.0,1.0,1.0,0.0,-0.9653,-0.198,3.7512,5.8673,8.9401,32.7141,302.25,302.25,302.25,-4.9628,-4.9628,-4.9628
TRMB,58.7400016784668,58.74,2026-09-14,False,57.58000183105469,59.09000015258789,1.87,-25.51,BAJO,13710973952.0,,14.26,2.42,-1.94,4.8,15.13,-2.77,5.0,16.99,0.29,0.95,,YAHOO,2.0252,2.4245,1.759,0.057055,0.4162,-0.844,83.71,2026-11-04,50,,,yahoo,1.0,0.0,1.0,0.0,0.0,0.0,1.0,1.0,0.0,-1.2275,-3.7207,13.1356,16.5014,31.8193,33.166,61.54,61.54,83.52,-4.5499,-4.5499,-29.6695
TROW,105.80000305175781,105.8,2026-09-14,False,105.0999984741211,106.98999786376953,-0.46,7.57,BAJO,22233913344.0,10.46,10.1,2.02,19.4,10.66,28.69,29.26,9.1,7.07,0.04,4.04,,YAHOO,2.0252,2.4245,1.759,0.057055,0.4162,-0.844,83.71,2026-10-30,45,,,yahoo,1.0,0.0,1.0,0.0,0.0,1.0,1.0,0.0,0.0,-3.6254,-4.8903,-10.7775,-2.3445,9.9453,26.9742,112.87,121.68,121.68,-6.2638,-13.0506,-13.0506
TRV,378.04998779296875,378.05,2026-09-14,False,375.0299987792969,383.989990234375,0.76,40.89,BAJO,78835105792.0,10.16,12.51,2.38,26.51,4.78,23.7,16.95,18.74,7.22,0.27,0.32,,YAHOO,2.0252,2.4245,1.759,0.057055,0.4162,-0.844,83.71,2026-10-16,31,,,yahoo,1.0,1.0,1.0,1.0,0.0,0.0,1.0,0.0,0.0,2.7054,2.5527,15.2351,24.5952,12.5292,28.5508,378.05,395.8665,395.8665,0.0,-4.5006,-4.5006
TSCO,33.83000183105469,33.83,2026-09-14,False,32.970001220703125,34.0,2.48,-39.9,BAJO,17209954304.0,17.2,16.12,6.57,39.51,7.82,12.07,6.42,0.6,12.39,2.49,1.33,,YAHOO,2.0252,2.4245,1.759,0.057055,0.4162,-0.844,83.71,2026-10-22,37,,,yahoo,1.0,0.0,1.0,1.0,1.0,0.0,1.0,1.0,0.0,-3.3152,-2.5634,12.9059,9.0039,40.6059,30.7772,35.92,36.18,59.1851,-5.8185,-6.4954,-42.8403
TSN,53.15999984741211,53.16,2026-09-14,False,52.689998626708984,54.2400016784668,0.34,3.88,BAJO,18487169024.0,32.44,12.59,1.02,3.26,2.56,2.71,1.03,6.44,9.33,0.44,1.43,,YAHOO,2.0252,2.4245,1.759,0.057055,0.4162,-0.844,83.71,2026-11-09,55,,,yahoo,1.0,0.0,1.0,1.0,1.0,0.0,1.0,0.0,1.0,3.3839,-3.1475,-6.636,-6.571,16.8688,28.5059,58.0679,60.6141,67.5448,-8.452,-12.2977,-21.2967
TTD,14.970000267028809,14.97,2026-09-14,False,14.3149995803833,14.984999656677246,4.39,-65.15,BAJO,7048202752.0,17.86,15.07,2.74,15.44,6.25,14.21,13.61,8.27,8.57,0.17,1.72,,YAHOO,2.0252,2.4245,1.759,0.057055,0.4162,-0.844,83.71,2026-11-05,51,,,yahoo,1.0,1.0,1.0,1.0,0.0,0.0,1.0,0.0,1.0,3.7422,10.3169,-22.7155,-22.3548,37.2728,67.4774,15.09,19.79,54.13,-0.7952,-24.3557,-72.3444
TTWO,222.91000366210938,222.91,2026-09-14,False,214.5399932861328,224.25999450683594,3.45,-7.87,BAJO,39623028736.0,,20.59,11.19,-9.04,-0.62,0.51,-4.79,3.17,53.15,0.82,1.06,,YAHOO,2.0252,2.4245,1.759,0.057055,0.4162,-0.844,83.71,2026-11-09,55,,,yahoo,0.0,1.0,1.0,1.0,1.0,1.0,0.0,1.0,1.0,3.8288,-5.3018,-8.5685,5.2704,36.5609,33.7405,242.4,258.41,262.29,-8.0404,-13.7379,-15.0139
TYL,359.5400085449219,359.54,2026-09-14,False,347.19000244140625,362.0,6.79,-31.37,BAJO,14461475840.0,46.34,23.0,4.76,9.73,4.18,14.74,13.36,4.11,33.17,0.48,1.55,,YAHOO,2.0252,2.4245,1.759,0.057055,0.4162,-0.844,83.71,2026-10-28,43,,,yahoo,1.0,1.0,1.0,1.0,0.0,0.0,0.0,1.0,1.0,-1.2334,-4.8685,18.4568,20.3119,64.6029,45.816,379.27,379.27,544.99,-5.2021,-5.2021,-34.0281
UDR,35.369998931884766,35.37,2026-09-14,False,34.869998931884766,35.439998626708984,0.71,-0.18,BAJO,12824684544.0,22.09,62.34,3.87,13.74,2.24,20.18,29.56,6.08,17.58,1.56,0.18,,YAHOO,2.0252,2.4245,1.759,0.057055,0.4162,-0.844,83.71,2026-10-28,43,,,yahoo,1.0,1.0,1.0,1.0,1.0,0.0,1.0,1.0,1.0,-2.7763,-4.7144,-9.6983,-9.5608,18.0279,19.7905,38.39,40.9356,40.9356,-7.8666,-13.5959,-13.5959
UHS,173.25,173.25,2026-09-14,False,170.1699981689453,178.39999389648438,-0.9,-6.24,BAJO,10422923264.0,7.22,7.39,1.39,20.95,8.32,11.14,8.42,4.78,5.81,0.69,1.12,,YAHOO,2.0252,2.4245,1.759,0.057055,0.4162,-0.844,83.71,2026-10-26,41,,,yahoo,1.0,1.0,1.0,1.0,1.0,0.0,1.0,1.0,1.0,2.122,1.0449,17.1826,18.4631,29.3923,31.0057,178.4802,178.4802,243.1212,-2.9304,-2.9304,-28.7392
ULTA,548.6500244140625,548.65,2026-09-14,False,537.260009765625,552.6699829101562,0.34,6.27,BAJO,23273748480.0,19.8,16.97,8.58,46.12,14.84,12.51,9.34,3.93,13.23,0.95,1.34,,YAHOO,2.0252,2.4245,1.759,0.057055,0.4162,-0.844,83.71,2026-12-03,79,2026-08-27,19.0,yahoo,1.0,0.0,1.0,1.0,1.0,0.0,1.0,0.0,0.0,-2.7423,6.0193,17.7007,17.2981,25.2195,35.5993,564.12,565.15,706.82,-2.7423,-2.9196,-22.3777
UPS,102.45999908447266,102.46,2026-09-14,False,99.9800033569336,102.61000061035156,2.17,31.93,BAJO,87077494784.0,19.02,12.68,5.78,29.6,7.28,9.05,5.08,6.42,9.2,1.9,1.18,,YAHOO,2.0252,2.4245,1.759,0.057055,0.4162,-0.844,83.71,2026-10-27,42,,,yahoo,1.0,0.0,1.0,1.0,0.0,1.0,1.0,1.0,0.0,0.1662,-2.7248,-7.8328,-3.7062,22.4124,27.9329,105.68,115.8725,115.8725,-3.0469,-11.5752,-11.5752
URI,993.7999877929688,993.8,2026-09-14,False,968.510009765625,1000.489990234375,0.47,7.68,BAJO,61565911040.0,23.81,17.26,6.68,28.89,8.77,25.99,15.67,2.77,16.38,1.67,0.76,,YAHOO,2.0252,2.4245,1.759,0.057055,0.4162,-0.844,83.71,2026-10-21,36,,,yahoo,1.0,0.0,1.0,1.0,1.0,0.0,1.0,0.0,0.0,-1.5903,-3.538,-4.9428,-7.3285,36.5013,38.8528,1164.8199,1164.8199,1164.8199,-14.6821,-14.6821,-14.6821
VICI,25.040000915527344,25.04,2026-09-14,False,24.93000030517578,25.329999923706055,0.85,-17.43,BAJO,27262679040.0,9.6,8.28,0.93,9.85,4.82,70.18,67.5,0.98,12.43,0.6,11.24,,YAHOO,2.0252,2.4245,1.759,0.057055,0.4162,-0.844,83.71,2026-10-29,44,,,yahoo,1.0,1.0,1.0,0.0,1.0,0.0,0.0,1.0,1.0,-1.4949,-3.2083,-4.8271,-10.7266,19.1414,20.6746,26.78,27.21,31.3416,-6.4974,-7.975,-20.1061
VLO,382.95001220703125,382.95,2026-09-14,False,375.1000061035156,399.760009765625,-1.91,150.17,BAJO,114318721024.0,16.56,11.21,4.57,27.64,10.56,12.27,5.45,7.36,9.05,0.4,1.64,,YAHOO,2.0252,2.4245,1.759,0.057055,0.4162,-0.844,83.71,2026-10-22,37,,,yahoo,1.0,0.0,1.0,1.0,0.0,1.0,1.0,1.0,0.0,3.299,8.6815,31.3572,48.6179,27.0231,33.8469,390.42,390.42,390.42,-1.9133,-1.9133,-1.9133
VLTO,96.30000305175781,96.3,2026-09-14,False,95.47000122070312,97.11000061035156,2.34,-8.21,BAJO,23277389824.0,24.05,20.02,7.53,34.31,10.31,21.37,17.35,3.47,17.81,1.16,1.77,,YAHOO,2.0252,2.4245,1.759,0.057055,0.4162,-0.844,83.71,2026-10-21,36,,,yahoo,1.0,0.0,1.0,1.0,1.0,0.0,0.0,1.0,0.0,-0.0104,-2.293,5.8242,15.6933,26.3855,25.1149,100.1,100.1,108.4519,-3.7962,-3.7962,-11.2049
VMC,250.5399932861328,250.54,2026-09-14,False,248.27999877929688,253.00999450683594,-0.87,-12.18,BAJO,32291020800.0,29.42,23.33,3.81,13.23,6.04,21.61,13.75,2.61,15.84,0.58,1.76,,YAHOO,2.0252,2.4245,1.759,0.057055,0.4162,-0.844,83.71,2026-10-29,44,,,yahoo,1.0,1.0,1.0,1.0,1.0,1.0,1.0,1.0,1.0,-4.6034,-8.7319,-13.1799,-12.3798,28.89,30.2676,278.15,312.3896,328.4807,-9.9263,-19.7989,-23.7276
VRSK,187.02999877929688,187.03,2026-09-14,False,181.1699981689453,187.47000122070312,6.15,-24.16,BAJO,23438495744.0,27.66,20.71,-20.2,,18.96,45.11,28.24,4.5,18.74,,1.0,,YAHOO,2.0252,2.4245,1.759,0.057055,0.4162,-0.844,83.71,2026-10-28,43,,,yahoo,1.0,0.0,1.0,1.0,1.0,1.0,1.0,1.0,0.0,0.6674,-2.4717,-2.5581,2.0349,50.6112,40.7429,194.35,213.15,259.8393,-3.7664,-12.2543,-28.0209
VRSN,298.6000061035156,298.6,2026-09-14,False,296.260009765625,302.9800109863281,2.01,6.96,BAJO,26872305664.0,32.31,27.04,-11.92,,45.12,68.18,49.77,3.1,23.73,,0.59,,YAHOO,2.0252,2.4245,1.759,0.057055,0.4162,-0.844,83.71,2026-10-22,37,,,yahoo,1.0,1.0,1.0,1.0,0.0,1.0,1.0,1.0,1.0,2.2323,2.2848,10.704,6.9979,9.1384,32.5084,298.6,298.6,309.0927,0.0,0.0,-3.3947
VTR,89.0999984741211,89.1,2026-09-14,False,89.05999755859375,92.08999633789062,-0.99,32.8,BAJO,45426528256.0,161.02,112.1,3.1,2.01,2.17,14.81,4.09,3.27,24.66,0.85,0.29,,YAHOO,2.0252,2.4245,1.759,0.057055,0.4162,-0.844,83.71,2026-10-28,43,,,yahoo,1.0,1.0,1.0,1.0,1.0,0.0,0.0,0.0,1.0,-1.2961,-2.9517,-3.4565,5.936,15.2003,27.0011,93.83,100.53,100.53,-5.041,-11.3697,-11.3697
VTRS,16.65999984741211,16.66,2026-09-14,False,16.469999313354492,16.850000381469727,0.91,81.67,BAJO,19124037632.0,,6.26,1.32,-2.75,2.67,12.55,-2.79,14.0,7.28,0.96,1.58,,YAHOO,2.0252,2.4245,1.759,0.057055,0.4162,-0.844,83.71,2026-11-05,51,,,yahoo,0.0,0.0,1.0,1.0,1.0,0.0,1.0,0.0,1.0,-1.3033,1.9584,0.6292,1.8504,14.1939,28.9616,17.09,17.727,17.727,-2.5161,-6.0193,-6.0193
WAB,278.4200134277344,278.42,2026-09-14,False,274.739990234375,279.67999267578125,-1.69,50.5,BAJO,46977482752.0,37.43,22.35,4.19,11.55,6.17,19.19,10.59,2.34,20.12,0.62,1.12,,YAHOO,2.0252,2.4245,1.759,0.057055,0.4162,-0.844,83.71,2026-10-21,36,,,yahoo,1.0,0.0,1.0,1.0,0.0,0.0,1.0,1.0,0.0,-1.5697,-4.7257,7.3149,5.0933,20.1365,31.9329,300.54,305.4747,305.4747,-7.3601,-8.8566,-8.8566
WAT,410.010009765625,410.01,2026-09-14,False,402.1300048828125,411.6600036621094,0.41,39.09,BAJO,40952336384.0,105.86,25.21,2.7,1.92,3.56,9.42,3.59,-0.35,31.14,0.36,1.86,,YAHOO,2.0252,2.4245,1.759,0.057055,0.4162,-0.844,83.71,2026-10-30,45,,,yahoo,1.0,0.0,1.0,1.0,1.0,0.0,0.0,0.0,0.0,0.1539,-1.1286,9.3593,15.3236,15.891,27.2227,421.26,421.26,421.26,-2.6706,-2.6706,-2.6706
WDAY,194.2100067138672,194.21,2026-09-14,False,189.1699981689453,195.9199981689453,4.58,-10.84,BAJO,45951467520.0,38.83,14.42,7.1,16.01,4.51,11.82,12.32,6.63,29.21,0.58,0.91,,YAHOO,2.0252,2.4245,1.759,0.057055,0.4162,-0.844,83.71,2026-11-23,69,2026-08-27,19.0,finnhub,1.0,1.0,1.0,1.0,1.0,0.0,1.0,1.0,1.0,-0.807,-5.1338,36.9412,48.4786,37.5959,68.9658,206.92,206.92,247.69,-6.1425,-6.1425,-21.5915
WEC,105.16999816894531,105.17,2026-09-14,False,104.5199966430664,106.0,-0.15,-0.01,BAJO,33728669696.0,20.1,17.25,,11.99,3.03,21.8,16.69,-6.98,14.55,1.58,0.53,,YAHOO,2.0252,2.4245,1.759,0.057055,0.4162,-0.844,83.71,2026-10-29,44,,,yahoo,1.0,0.0,1.0,1.0,1.0,0.0,0.0,0.0,1.0,-0.7268,-0.9885,-6.093,-6.4821,6.6513,17.4664,111.05,117.8229,117.8229,-5.2949,-10.7389,-10.7389
WM,218.08999633789062,218.09,2026-09-14,False,215.7100067138672,219.11000061035156,2.17,4.57,BAJO,86838124544.0,30.73,23.83,8.75,29.84,6.57,18.99,11.12,2.7,14.1,2.35,0.91,,YAHOO,2.0252,2.4245,1.759,0.057055,0.4162,-0.844,83.71,2026-10-26,41,,,yahoo,1.0,0.0,1.0,1.0,1.0,1.0,0.0,1.0,1.0,0.0292,-0.276,-5.9047,-0.1805,21.7163,22.2063,225.4636,241.1841,243.3986,-3.2704,-9.5753,-10.398
WMB,71.94999694824219,71.95,2026-09-14,False,70.88999938964844,73.33000183105469,-1.24,28.93,BAJO,87615479808.0,28.54,27.58,6.66,21.5,5.03,39.54,24.94,-1.73,17.12,2.0,0.48,,YAHOO,2.0252,2.4245,1.759,0.057055,0.4162,-0.844,83.71,2026-11-02,48,,,yahoo,1.0,1.0,1.0,1.0,0.0,1.0,0.0,1.0,1.0,-2.2623,-1.7056,-2.5645,0.5445,25.1813,28.077,75.2833,77.3582,78.2497,-4.4277,-6.9912,-8.0508
WSM,229.42999267578125,229.43,2026-09-14,False,220.60000610351562,229.91000366210938,1.41,17.69,BAJO,26084554752.0,22.71,21.06,13.95,54.96,16.64,17.27,14.73,4.1,16.58,0.71,1.45,,YAHOO,2.0252,2.4245,1.759,0.057055,0.4162,-0.844,83.71,2026-11-18,64,2026-08-26,20.0,yahoo,1.0,0.0,1.0,1.0,0.0,0.0,1.0,0.0,0.0,0.8838,-2.4076,3.301,2.9776,22.2335,28.5087,242.31,251.78,251.78,-5.3155,-8.8768,-8.8768
WST,355.20001220703125,355.2,2026-09-14,False,345.1499938964844,356.6099853515625,2.59,40.33,BAJO,25687152640.0,46.73,36.59,8.59,19.09,11.38,22.47,16.98,1.08,28.03,0.11,2.82,,YAHOO,2.0252,2.4245,1.759,0.057055,0.4162,-0.844,83.71,2026-10-22,37,,,yahoo,1.0,0.0,1.0,1.0,1.0,1.0,1.0,1.0,0.0,4.4798,5.2538,-0.9939,8.0932,21.1313,24.7013,355.2,365.5013,365.5013,0.0,-2.8184,-2.8184
WTW,323.7099914550781,323.71,2026-09-14,False,318.6000061035156,325.4100036621094,2.57,0.19,BAJO,29901977600.0,19.92,14.09,3.89,19.76,5.08,17.56,15.49,4.73,12.64,0.91,1.1,,YAHOO,2.0252,2.4245,1.759,0.057055,0.4162,-0.844,83.71,2026-10-29,44,,,yahoo,1.0,1.0,1.0,1.0,0.0,1.0,1.0,0.0,0.0,-3.2951,-5.8298,13.5347,23.7057,40.5727,31.4181,350.75,350.75,350.75,-7.7092,-7.7092,-7.7092
WY,22.229999542236328,22.23,2026-09-14,False,22.010000228881836,22.31999969482422,0.77,-5.19,BAJO,16065206272.0,33.77,33.15,1.7,4.97,0.67,8.03,6.89,0.08,30.5,0.58,1.82,,YAHOO,2.0252,2.4245,1.759,0.057055,0.4162,-0.844,83.71,2026-10-29,44,,,yahoo,1.0,0.0,1.0,1.0,0.0,0.0,1.0,0.0,0.0,-3.4318,-5.0995,-6.1711,-9.7204,24.1379,30.4063,24.3956,25.6045,26.396,-8.877,-13.1793,-15.7827
WYNN,87.76000213623047,87.76,2026-09-14,False,86.80000305175781,88.08999633789062,0.07,-25.92,BAJO,8928865280.0,20.79,16.83,-52.14,,5.73,16.54,6.05,5.33,10.12,,0.91,,YAHOO,2.0252,2.4245,1.759,0.057055,0.4162,-0.844,83.71,2026-11-05,51,,,yahoo,1.0,0.0,1.0,1.0,1.0,0.0,1.0,0.0,0.0,-4.1293,-7.8732,-9.351,-17.9875,16.7042,24.9547,102.79,105.2723,132.129,-14.622,-16.6352,-33.58
XEL,74.16000366210938,74.16,2026-09-14,False,74.02999877929688,75.80000305175781,-1.77,5.81,BAJO,45279739904.0,19.86,15.96,1.88,9.92,2.37,22.7,15.28,-17.46,13.87,1.73,0.7,,YAHOO,2.0252,2.4245,1.759,0.057055,0.4162,-0.844,83.71,2026-10-29,44,,,yahoo,1.0,0.0,1.0,1.0,0.0,1.0,0.0,1.0,0.0,-2.0602,-2.9954,-6.4227,-5.6812,12.363,18.4845,79.41,82.23,82.6708,-6.6113,-9.8139,-10.2948
XYL,107.48999786376953,107.49,2026-09-14,False,106.0,108.73999786376953,0.5,-21.12,BAJO,25099833344.0,25.6,17.21,2.28,9.18,5.11,17.0,11.15,4.72,13.71,0.29,1.61,,YAHOO,2.0252,2.4245,1.759,0.057055,0.4162,-0.844,83.71,2026-11-03,49,,,yahoo,1.0,1.0,1.0,1.0,1.0,0.0,0.0,1.0,0.0,1.7031,-3.4319,-11.143,-1.9812,13.627,27.8866,117.0247,124.825,150.8356,-8.1476,-13.8874,-28.737
YUM,146.3300018310547,146.33,2026-09-14,False,142.7899932861328,147.11000061035156,3.88,2.16,BAJO,38416285696.0,17.71,20.06,-5.32,,22.69,32.78,25.41,2.17,16.67,,0.59,,YAHOO,2.0252,2.4245,1.759,0.057055,0.4162,-0.844,83.71,2026-11-03,49,,,yahoo,1.0,0.0,1.0,1.0,1.0,0.0,1.0,0.0,0.0,-2.4167,-4.4146,-3.6064,-4.6933,46.2579,29.7646,156.5607,166.6498,166.6498,-6.5346,-12.1931,-12.1931
ZBH,96.54000091552734,96.54,2026-09-14,False,94.69000244140625,96.9800033569336,3.26,-1.39,BAJO,18770497536.0,23.89,10.85,1.49,6.41,3.88,17.96,9.48,5.71,10.26,0.6,1.69,,YAHOO,2.0252,2.4245,1.759,0.057055,0.4162,-0.844,83.71,2026-11-05,51,,,yahoo,1.0,0.0,1.0,1.0,0.0,1.0,1.0,0.0,0.0,-1.5601,-4.3306,7.1001,9.2882,36.4072,33.3589,101.38,101.38,103.1494,-4.7741,-4.7741,-6.4076
ZBRA,351.80999755859375,351.81,2026-09-14,False,343.510009765625,354.3800048828125,0.41,11.61,BAJO,16214782976.0,31.41,15.44,4.73,15.29,7.32,21.26,9.22,3.56,16.43,0.86,0.52,,YAHOO,2.0252,2.4245,1.759,0.057055,0.4162,-0.844,83.71,2026-11-03,49,,,yahoo,1.0,0.0,1.0,1.0,0.0,0.0,1.0,0.0,1.0,-3.0132,-1.3017,37.8728,54.0189,26.5941,63.9215,371.26,383.06,383.06,-5.2389,-8.158,-8.158
ZTS,73.66999816894531,73.67,2026-09-14,False,73.48999786376953,74.81999969482422,0.96,-46.68,BAJO,30343010304.0,11.98,11.24,,64.91,15.35,40.72,27.68,6.65,9.33,2.94,3.08,,YAHOO,2.0252,2.4245,1.759,0.057055,0.4162,-0.844,83.71,2026-11-03,49,,,yahoo,1.0,0.0,1.0,1.0,0.0,1.0,1.0,1.0,0.0,-2.8228,-4.7453,-0.4649,-6.7695,10.9569,32.6787,77.73,78.1651,145.4073,-5.2232,-5.7508,-49.3354
