Ticker,Precio,Cierre_Confirmado,Fecha_Cierre_Confirmado,Precio_Es_Intradiario,Low,High,Change (%),RS 20D,Credit Stress,Market Cap,P/E,Forward P/E,P/Book,ROE,ROA,Operating Margin,Net Margin,FCF Yield,EV/EBITDA,Debt/Equity,Current Ratio,Piotroski,Fund Source,Grain_IS,ZC_Surprise,ZS_Surprise,SPX_Quarterly_Divisor,SPX_ROC_63d,z_MOVE_inv,MOVE_price,Earnings_Next_Date,Earnings_Days_To_Next,Earnings_Last_Date,Earnings_Days_Since,Earnings_Source,piotroski_roa_positive,piotroski_d_roa,piotroski_cfo_positive,piotroski_cfo_gt_ni,piotroski_d_leverage,piotroski_d_liquidity,piotroski_no_dilution,piotroski_d_margin,piotroski_d_turnover,roc_5d,roc_10d,roc_42d,roc_63d,vol_5d,vol_60d,high_20d,high_60d,high_252d,drawdown_20d,drawdown_60d,drawdown_252d
^GSPC,7747.7099609375,7747.71,2026-09-03,False,7686.7099609375,7756.759765625,1.06,2.17,BAJO,,,,,,,,,,,,,,NONE,-0.3432,-0.7527,-0.0702,0.068138,2.1544,0.1361,74.68,,999,,,none,,,,,,,,,,0.2163,1.3944,3.2498,2.1544,12.6037,12.366,7798.9902,7798.9902,,-0.6575,-0.6575,
^DJI,53686.109375,53686.1094,2026-09-03,False,53286.1484375,53746.5,1.18,4.13,BAJO,,,,,,,,,,,,,,NONE,-0.3432,-0.7527,-0.0702,0.068138,2.1544,0.1361,74.68,,999,,,none,,,,,,,,,,0.2178,1.7568,1.4378,4.1197,15.307,11.6599,54036.9297,54349.1211,,-0.6492,-1.2199,
^IXIC,26584.060546875,26584.0605,2026-09-03,False,26325.060546875,26644.5703125,1.4,-0.91,BAJO,,,,,,,,,,,,,,NONE,-0.3432,-0.7527,-0.0702,0.068138,2.1544,0.1361,74.68,,999,,,none,,,,,,,,,,0.1609,1.9829,2.9644,-0.9202,16.1474,20.1218,26803.0293,26803.0293,,-0.817,-0.817,
^RUT,2968.27001953125,2968.27,2026-09-03,False,2951.2900390625,2976.6201171875,0.51,1.13,BAJO,,,,,,,,,,,,,,NONE,-0.3432,-0.7527,-0.0702,0.068138,2.1544,0.1361,74.68,,999,,,none,,,,,,,,,,-1.5284,-0.8074,-0.4768,1.1222,16.735,15.1279,3068.4199,3068.4199,,-3.2639,-3.2639,
^VIX,14.319999694824219,14.32,2026-09-03,False,14.229999542236328,15.4399995803833,-5.79,-7.0,BAJO,,,,,,,,,,,,,,NONE,-0.3432,-0.7527,-0.0702,0.068138,2.1544,0.1361,74.68,,999,,,none,,,,,,,,,,-1.3094,-10.5559,-11.2213,-7.013,124.4234,108.1757,16.34,22.22,,-12.3623,-35.5536,
^MOVE,74.68000030517578,74.68,2026-09-03,False,74.68000030517578,79.70999908447266,-6.31,4.96,BAJO,,,,,,,,,,,,,,NONE,-0.3432,-0.7527,-0.0702,0.068138,2.1544,0.1361,74.68,,999,,,none,,,,,,,,,,6.8995,2.0497,6.3061,4.9466,85.3461,70.8798,79.71,83.02,,-6.3104,-10.0458,
^TNX,4.76200008392334,4.762,2026-09-03,False,4.73199987411499,4.76800012588501,-0.71,6.38,BAJO,,,,,,,,,,,,,,NONE,-0.3432,-0.7527,-0.0702,0.068138,2.1544,0.1361,74.68,,999,,,none,,,,,,,,,,1.9264,1.4055,5.1446,6.3659,11.551,13.8834,4.796,4.796,,-0.7089,-0.7089,
^IRX,3.740000009536743,3.74,2026-09-03,False,3.740000009536743,3.7679998874664307,-0.85,3.33,BAJO,,,,,,,,,,,,,,NONE,-0.3432,-0.7527,-0.0702,0.068138,2.1544,0.1361,74.68,,999,,,none,,,,,,,,,,1.6857,0.9992,0.4027,3.3149,12.4733,10.7423,3.772,3.805,,-0.8484,-1.7083,
DX-Y.NYB,99.0,99.0,2026-09-03,False,98.83000183105469,99.61000061035156,-0.56,-0.4,BAJO,,,,,,,,,,,,,,NONE,-0.3432,-0.7527,-0.0702,0.068138,2.1544,0.1361,74.68,,999,,,none,,,,,,,,,,-0.1614,0.1011,-2.1159,-0.4124,5.3194,4.795,100.01,101.61,,-1.0099,-2.5686,
^N225,64214.48046875,64214.4805,2026-09-03,False,63772.80078125,64724.80859375,-0.17,-4.81,BAJO,,,,,,,,,,,,,,NONE,-0.3432,-0.7527,-0.0702,0.068138,2.1544,0.1361,74.68,,999,,,none,,,,,,,,,,-2.8995,-3.0239,-7.9284,-4.8261,21.4375,32.7108,69220.25,72366.3438,,-7.2317,-11.2647,
^MERV,3058093.0,3058093.0,2026-09-03,False,3043212.0,3155311.0,-1.55,-3.66,BAJO,,,,,,,,,,,,,,NONE,-0.3432,-0.7527,-0.0702,0.068138,2.1544,0.1361,74.68,,999,,,none,,,,,,,,,,1.8954,6.3333,-4.3419,,25.4363,28.4819,3122065.0,3379772.0,,-2.049,-9.5178,
^NYA,24720.150390625,24720.1504,2026-09-03,False,24495.55078125,24725.470703125,0.92,4.88,BAJO,,,,,,,,,,,,,,NONE,-0.3432,-0.7527,-0.0702,0.068138,2.1544,0.1361,74.68,,999,,,none,,,,,,,,,,0.2886,0.7002,2.9279,4.8674,11.5486,8.3193,24821.6797,24821.6797,,-0.409,-0.409,
^HSI,25213.310546875,25213.3105,2026-09-03,False,25160.380859375,25538.150390625,-0.39,-0.15,BAJO,,,,,,,,,,,,,,NONE,-0.3432,-0.7527,-0.0702,0.068138,2.1544,0.1361,74.68,,999,,,none,,,,,,,,,,-1.3785,-1.888,7.3049,-0.1588,6.415,17.7245,26009.4609,26009.4609,,-3.061,-3.061,
^TWII,45857.66015625,45857.6602,2026-09-03,False,45839.359375,46517.44921875,-0.67,0.41,BAJO,,,,,,,,,,,,,,NONE,-0.3432,-0.7527,-0.0702,0.068138,2.1544,0.1361,74.68,,999,,,none,,,,,,,,,,-0.2557,2.0562,-1.5008,0.3945,23.0725,33.8696,46948.7188,47741.5117,,-2.3239,-3.9459,
^KS11,6579.47998046875,6579.48,2026-09-03,False,6439.490234375,6682.97021484375,0.26,-23.83,BAJO,,,,,,,,,,,,,,NONE,-0.3432,-0.7527,-0.0702,0.068138,2.1544,0.1361,74.68,,999,,,none,,,,,,,,,,-4.8159,-3.9854,-18.6548,-23.8434,34.2478,75.6516,6977.9399,9114.5498,,-5.7103,-27.8134,
^GDAXI,26003.3203125,26003.3203,2026-09-03,False,25784.83984375,26007.7890625,0.63,4.25,BAJO,,,,,,,,,,,,,,NONE,-0.3432,-0.7527,-0.0702,0.068138,2.1544,0.1361,74.68,,999,,,none,,,,,,,,,,-1.3802,0.0781,2.113,5.6349,13.2587,12.6907,26569.9902,26569.9902,,-2.1327,-2.1327,
^FTSE,10831.5,10831.5,2026-09-03,False,10742.7001953125,10866.7998046875,0.7,4.56,BAJO,,,,,,,,,,,,,,NONE,-0.3432,-0.7527,-0.0702,0.068138,2.1544,0.1361,74.68,,999,,,none,,,,,,,,,,-0.4284,0.82,1.687,4.4695,7.8667,9.0805,10901.0996,10908.4004,,-0.6385,-0.705,
^AEX,1104.6199951171875,1104.62,2026-09-03,False,1098.8599853515625,1105.75,0.09,5.53,BAJO,,,,,,,,,,,,,,NONE,-0.3432,-0.7527,-0.0702,0.068138,2.1544,0.1361,74.68,,999,,,none,,,,,,,,,,0.1124,0.1668,2.3744,5.7063,5.634,9.4218,1119.59,1119.59,,-1.3371,-1.3371,
^IBEX,20000.19921875,20000.1992,2026-09-03,False,19797.900390625,20000.19921875,1.12,9.45,BAJO,,,,,,,,,,,,,,NONE,-0.3432,-0.7527,-0.0702,0.068138,2.1544,0.1361,74.68,,999,,,none,,,,,,,,,,0.5965,0.955,1.833,9.7519,12.869,13.0567,20213.5996,20213.5996,,-1.0557,-1.0557,
FTSEMIB.MI,52245.0,52245.0,2026-09-03,False,51717.0,52247.0,0.87,25.23,BAJO,,,,,,,,,,,,,,YAHOO,-0.3432,-0.7527,-0.0702,0.068138,2.1544,0.1361,74.68,,999,,,none,,,,,,,,,,-0.0383,-0.7994,-0.4003,4.0571,14.3767,12.934,53717.0,53717.0,53717.0,-2.7403,-2.7403,-2.7403
^SSMI,14394.76953125,14394.7695,2026-09-03,False,14321.4404296875,14446.740234375,0.22,7.91,BAJO,,,,,,,,,,,,,,NONE,-0.3432,-0.7527,-0.0702,0.068138,2.1544,0.1361,74.68,,999,,,none,,,,,,,,,,0.0723,0.1852,0.239,8.0608,8.3072,9.3912,14633.7002,14633.7002,,-1.6327,-1.6327,
^OMXC25,1915.8800048828125,1915.88,2026-09-03,False,1909.4300537109375,1933.760009765625,0.36,9.07,BAJO,,,,,,,,,,,,,,NONE,-0.3432,-0.7527,-0.0702,0.068138,2.1544,0.1361,74.68,,999,,,none,,,,,,,,,,-0.0845,1.3409,1.2552,,10.6109,14.5491,1935.0699,1935.0699,,-0.9917,-0.9917,
^GSPTSE,36633.1015625,36633.1016,2026-09-03,False,36259.1015625,36669.1015625,1.5,4.03,BAJO,,,,,,,,,,,,,,NONE,-0.3432,-0.7527,-0.0702,0.068138,2.1544,0.1361,74.68,,999,,,none,,,,,,,,,,-0.5462,0.7361,4.035,4.0208,20.2722,10.4141,36957.6016,36957.6016,,-0.878,-0.878,
^AXJO,9020.099609375,9020.0996,2026-09-03,False,8970.2998046875,9027.900390625,0.46,3.86,BAJO,,,,,,,,,,,,,,NONE,-0.3432,-0.7527,-0.0702,0.068138,2.1544,0.1361,74.68,,999,,,none,,,,,,,,,,-0.2003,-0.7013,2.4557,4.5797,9.3929,9.3862,9263.5996,9271.5996,,-2.6286,-2.7126,
^MXX,65436.16015625,65436.1602,2026-09-03,False,65024.3203125,65689.1484375,0.85,-2.89,BAJO,,,,,,,,,,,,,,NONE,-0.3432,-0.7527,-0.0702,0.068138,2.1544,0.1361,74.68,,999,,,none,,,,,,,,,,-0.5982,1.6882,-1.8576,-0.3987,15.9236,12.4877,66938.6406,68482.9375,,-2.2446,-4.449,
^BVSP,185188.0,185188.0,2026-09-03,False,184718.0,188892.0,-0.01,9.58,BAJO,,,,,,,,,,,,,,NONE,-0.3432,-0.7527,-0.0702,0.068138,2.1544,0.1361,74.68,,999,,,none,,,,,,,,,,5.7401,10.2789,7.6543,9.7937,20.2121,16.8659,185205.0,185205.0,,-0.0092,-0.0092,
HYG,79.20999908447266,79.21,2026-09-03,False,79.16999816894531,79.30000305175781,0.13,3.92,BAJO,,,,,,,,,,,,,,YAHOO,-0.3432,-0.7527,-0.0702,0.068138,2.1544,0.1361,74.68,,999,,,none,,,,,,,,,,-0.2828,0.1057,0.3395,0.7162,3.433,2.9332,79.4844,79.4844,79.4844,-0.3452,-0.3452,-0.3452
LQD,105.5,105.5,2026-09-03,False,105.47000122070312,105.7699966430664,0.14,-0.64,BAJO,,,,,,,,,,,,,,YAHOO,-0.3432,-0.7527,-0.0702,0.068138,2.1544,0.1361,74.68,,999,,,none,,,,,,,,,,-0.7375,-0.1104,-1.3705,-1.9058,4.8747,5.3909,106.4133,108.3896,108.7168,-0.8582,-2.6659,-2.9589
TLT,82.06999969482422,82.07,2026-09-03,False,82.05999755859375,82.43000030517578,0.15,-3.07,BAJO,,,-4097.5,0.55,,,,,,,,,,YAHOO,-0.3432,-0.7527,-0.0702,0.068138,2.1544,0.1361,74.68,,999,,,none,,,,,,,,,,-0.8968,0.054,-2.1687,-2.8984,4.9898,9.8322,83.1514,86.4474,88.4493,-1.3005,-5.0636,-7.2124
GC=F,4491.7001953125,4491.7002,2026-09-03,False,4426.0,4510.0,2.87,0.37,BAJO,,,,,,,,,,,,,,NONE,-0.3432,-0.7527,-0.0702,0.068138,2.1544,0.1361,74.68,,999,,,none,,,,,,,,,,-2.5598,-0.5447,8.3565,0.3553,33.0586,24.974,4640.7998,4640.7998,,-3.2128,-3.2128,
HG=F,6.577000141143799,6.577,2026-09-03,False,6.536499977111816,6.579999923706055,1.17,1.03,BAJO,,,,,,,,,,,,,,NONE,-0.3432,-0.7527,-0.0702,0.068138,2.1544,0.1361,74.68,,999,,,none,,,,,,,,,,-0.1518,1.8111,6.5705,1.0137,16.7256,21.9685,6.7095,6.7095,,-1.9748,-1.9748,
CL=F,91.30000305175781,91.3,2026-09-03,False,89.56999969482422,93.13999938964844,0.32,-1.86,BAJO,,,,,,,,,,,,,,NONE,-0.3432,-0.7527,-0.0702,0.068138,2.1544,0.1361,74.68,,999,,,none,,,,,,,,,,9.3021,3.9508,29.6139,-1.8702,35.0778,51.9079,91.3,92.19,,0.0,-0.9654,
ZS=F,1306.25,1306.25,2026-09-03,False,1284.0,1306.25,0.35,15.66,BAJO,,,,,,,,,,,,,,NONE,-0.3432,-0.7527,-0.0702,0.068138,2.1544,0.1361,74.68,,999,,,none,,,,,,,,,,3.9594,7.0039,9.1498,15.6485,20.4676,19.247,1306.75,1306.75,,-0.0383,-0.0383,
ZC=F,515.25,515.25,2026-09-03,False,503.0,518.0,-0.67,21.39,BAJO,,,,,,,,,,,,,,NONE,-0.3432,-0.7527,-0.0702,0.068138,2.1544,0.1361,74.68,,999,,,none,,,,,,,,,,0.9799,7.624,16.4407,21.3781,14.6793,25.5286,521.5,521.5,,-1.1985,-1.1985,
BTC-USD,77300.4765625,77300.4766,2026-09-02,False,76248.3046875,77737.546875,-0.13,-11.44,BAJO,1548276203520.0,,,,,,,,,,,,,YAHOO,-0.3432,-0.7527,-0.0702,0.068138,2.1544,0.1361,74.68,,999,,,none,,,,,,,,,,-0.6807,-0.5849,16.9433,28.8261,17.4338,31.5159,80257.5391,80257.5391,96929.3281,-3.6845,-3.6845,-20.2507
ETH-USD,2391.5009765625,2391.501,2026-09-02,False,2356.188232421875,2427.401611328125,-1.09,-18.25,BAJO,290792046592.0,,,,,,,,,,,,,YAHOO,-0.3432,-0.7527,-0.0702,0.068138,2.1544,0.1361,74.68,,999,,,none,,,,,,,,,,-2.0894,-2.9351,23.6883,48.6364,29.053,49.3182,2515.2817,2515.2817,3354.7227,-4.9211,-4.9211,-28.7124
IBIT,46.349998474121094,46.35,2026-09-03,False,44.40999984741211,46.369998931884766,5.85,-26.9,BAJO,,,,,,,,,,,,,,YAHOO,-0.3432,-0.7527,-0.0702,0.068138,2.1544,0.1361,74.68,,999,,,none,,,,,,,,,,2.3405,12.5,28.2158,28.6785,53.0309,38.426,46.35,46.35,71.29,0.0,0.0,-34.9839
SPY,773.1699829101562,773.17,2026-09-03,False,767.4500122070312,774.030029296875,1.05,20.79,BAJO,,25.78,,1.78,,,,,,,,,,YAHOO,-0.3432,-0.7527,-0.0702,0.068138,2.1544,0.1361,74.68,,999,,,none,,,,,,,,,,0.2684,1.386,3.4051,2.387,12.2638,12.7291,777.88,777.88,777.88,-0.6055,-0.6055,-0.6055
QQQ,717.6699829101562,717.67,2026-09-03,False,709.6900024414062,718.9199829101562,1.19,25.19,BAJO,,30.33,,1.98,,,,,,,,,,YAHOO,-0.3432,-0.7527,-0.0702,0.068138,2.1544,0.1361,74.68,,999,,,none,,,,,,,,,,-0.477,0.9481,1.1615,-2.991,16.0746,24.0421,732.07,743.1833,745.3409,-1.967,-3.433,-3.7125
DIA,536.9299926757812,536.93,2026-09-03,False,532.9400024414062,537.6199951171875,1.19,19.83,BAJO,,22.04,,,,,,,,,,,,YAHOO,-0.3432,-0.7527,-0.0702,0.068138,2.1544,0.1361,74.68,,999,,,none,,,,,,,,,,0.3195,1.8701,1.7178,4.3148,14.8322,11.6371,539.173,542.3603,542.3603,-0.416,-1.0012,-1.0012
IWM,295.19000244140625,295.19,2026-09-03,False,293.42999267578125,296.17999267578125,0.4,25.45,BAJO,,18.23,,1.34,,,,,,,,,,YAHOO,-0.3432,-0.7527,-0.0702,0.068138,2.1544,0.1361,74.68,,999,,,none,,,,,,,,,,-1.541,-0.8331,-0.3376,1.3294,16.4987,15.0009,305.09,305.09,305.09,-3.2449,-3.2449,-3.2449
GLD,410.2200012207031,410.22,2026-09-03,False,408.5400085449219,413.5400085449219,1.85,23.93,BAJO,,,,2.37,,,,,,,,,,YAHOO,-0.3432,-0.7527,-0.0702,0.068138,2.1544,0.1361,74.68,,999,,,none,,,,,,,,,,-2.9295,-1.2137,8.6704,-0.2553,34.1218,25.8992,428.07,428.07,495.9,-4.1699,-4.1699,-17.2777
SLV,60.54999923706055,60.55,2026-09-03,False,59.599998474121094,60.95000076293945,2.51,62.74,BAJO,,,,,,,,,,,,,,YAHOO,-0.3432,-0.7527,-0.0702,0.068138,2.1544,0.1361,74.68,,999,,,none,,,,,,,,,,-3.5367,-1.8002,11.1825,-9.5999,44.4413,42.627,62.77,63.47,105.6,-3.5367,-4.6006,-42.661
XLY,116.45999908447266,116.46,2026-09-03,False,115.83000183105469,117.06999969482422,1.39,-0.15,BAJO,,26.14,,,,,,,,,,,,YAHOO,-0.3432,-0.7527,-0.0702,0.068138,2.1544,0.1361,74.68,,999,,,none,,,,,,,,,,0.5005,-0.1886,-0.7922,-0.4843,20.7457,21.5401,119.86,119.86,124.0232,-2.8366,-2.8366,-6.0982
XLV,173.25999450683594,173.26,2026-09-03,False,171.3800048828125,174.16000366210938,0.18,27.85,BAJO,,30.82,,,,,,,,,,,,YAHOO,-0.3432,-0.7527,-0.0702,0.068138,2.1544,0.1361,74.68,,999,,,none,,,,,,,,,,0.9791,0.5047,5.3637,14.4293,8.1102,18.8707,175.68,175.68,175.68,-1.3775,-1.3775,-1.3775
XLRE,44.25,44.25,2026-09-03,False,43.84000015258789,44.26499938964844,1.19,8.54,BAJO,,31.7,,,,,,,,,,,,YAHOO,-0.3432,-0.7527,-0.0702,0.068138,2.1544,0.1361,74.68,,999,,,none,,,,,,,,,,-0.918,-1.8412,-1.4257,0.5355,14.6722,14.7911,45.36,46.01,46.01,-2.4471,-3.8253,-3.8253
XLK,185.97000122070312,185.97,2026-09-03,False,182.49000549316406,186.32000732421875,1.29,42.25,BAJO,,35.27,,,,,,,,,,,,YAHOO,-0.3432,-0.7527,-0.0702,0.068138,2.1544,0.1361,74.68,,999,,,none,,,,,,,,,,-1.3997,1.5674,3.7895,-3.6125,18.7859,32.2419,190.77,192.15,197.974,-2.5161,-3.2162,-6.0634
XLI,174.55999755859375,174.56,2026-09-03,False,172.02000427246094,174.55999755859375,1.03,17.16,BAJO,,28.65,,1.76,,,,,,,,,,YAHOO,-0.3432,-0.7527,-0.0702,0.068138,2.1544,0.1361,74.68,,999,,,none,,,,,,,,,,-2.3714,-2.8982,-4.2878,-0.6645,17.6415,17.7406,186.51,186.51,186.51,-6.4072,-6.4072,-6.4072
XLF,58.560001373291016,58.56,2026-09-03,False,57.9900016784668,58.599998474121094,1.56,12.07,BAJO,,16.87,,1.7,,,,,,,,,,YAHOO,-0.3432,-0.7527,-0.0702,0.068138,2.1544,0.1361,74.68,,999,,,none,,,,,,,,,,1.1748,2.827,4.4781,12.5985,18.6721,12.8022,58.56,58.56,58.56,0.0,0.0,0.0
XLE,64.62000274658203,64.62,2026-09-03,False,64.58000183105469,65.5199966430664,-0.74,52.56,BAJO,,21.94,,1.25,,,,,,,,,,YAHOO,-0.3432,-0.7527,-0.0702,0.068138,2.1544,0.1361,74.68,,999,,,none,,,,,,,,,,3.7406,1.3647,18.265,10.7847,18.7932,22.4289,65.1,65.1,65.1,-0.7373,-0.7373,-0.7373
XLC,113.37999725341797,113.38,2026-09-03,False,112.83999633789062,114.29000091552734,0.85,0.11,BAJO,,16.28,,,,,,,,,,,,YAHOO,-0.3432,-0.7527,-0.0702,0.068138,2.1544,0.1361,74.68,,999,,,none,,,,,,,,,,1.7682,2.4395,2.1257,0.4995,19.9301,20.2465,113.38,113.38,119.3874,0.0,0.0,-5.0319
XLB,52.619998931884766,52.62,2026-09-03,False,52.34000015258789,53.52000045776367,-0.62,16.54,BAJO,,25.92,,0.67,,,,,,,,,,YAHOO,-0.3432,-0.7527,-0.0702,0.068138,2.1544,0.1361,74.68,,999,,,none,,,,,,,,,,-1.146,0.3815,2.1549,2.3184,20.9245,18.8945,53.67,53.67,53.67,-1.9564,-1.9564,-1.9564
XLP,85.26000213623047,85.26,2026-09-03,False,84.77999877929688,85.6500015258789,-0.32,8.36,BAJO,,26.28,,1.25,,,,,,,,,,YAHOO,-0.3432,-0.7527,-0.0702,0.068138,2.1544,0.1361,74.68,,999,,,none,,,,,,,,,,0.2116,-0.0703,0.4714,4.646,7.0931,16.9895,87.45,87.45,88.8894,-2.5043,-2.5043,-4.0831
XLU,43.029998779296875,43.03,2026-09-03,False,42.77000045776367,43.130001068115234,0.84,5.99,BAJO,,19.42,,0.67,,,,,,,,,,YAHOO,-0.3432,-0.7527,-0.0702,0.068138,2.1544,0.1361,74.68,,999,,,none,,,,,,,,,,-0.3474,-1.6907,-5.8425,-1.4457,14.8668,14.4917,44.31,46.29,47.0979,-2.8887,-7.0426,-8.6371
PSQ,25.790000915527344,25.79,2026-09-03,False,25.75,26.079999923706055,-1.23,-17.87,BAJO,,,,,,,,,,,,,,YAHOO,-0.3432,-0.7527,-0.0702,0.068138,2.1544,0.1361,74.68,,999,,,none,,,,,,,,,,0.5458,-0.8077,-0.8077,3.1261,16.8413,23.9304,26.18,27.91,33.0172,-1.4897,-7.5958,-21.8892
EWZ,38.130001068115234,38.13,2026-09-03,False,37.88999938964844,38.869998931884766,0.11,34.48,BAJO,,11.98,,1.04,,,,,,,,,,YAHOO,-0.3432,-0.7527,-0.0702,0.068138,2.1544,0.1361,74.68,,999,,,none,,,,,,,,,,6.6275,11.6872,10.0751,10.6757,27.0593,22.392,38.13,38.13,41.3365,0.0,0.0,-7.757
FXI,35.34000015258789,35.34,2026-09-03,False,35.040000915527344,35.43000030517578,-0.56,-7.46,BAJO,,9.65,,,,,,,,,,,,YAHOO,-0.3432,-0.7527,-0.0702,0.068138,2.1544,0.1361,74.68,,999,,,none,,,,,,,,,,0.2838,-0.9251,8.7719,0.3816,7.9,17.9215,36.49,36.52,40.9939,-3.1516,-3.2311,-13.792
COPX,91.25,91.25,2026-09-03,False,90.0999984741211,92.37999725341797,1.5,83.53,BAJO,,19.34,,,,,,,,,,,,YAHOO,-0.3432,-0.7527,-0.0702,0.068138,2.1544,0.1361,74.68,,999,,,none,,,,,,,,,,-5.3914,1.4678,22.2699,1.4854,38.8747,46.0577,96.45,96.45,96.45,-5.3914,-5.3914,-5.3914
URA,45.70000076293945,45.7,2026-09-03,False,45.189998626708984,45.97999954223633,3.11,17.57,BAJO,,29.28,,,,,,,,,,,,YAHOO,-0.3432,-0.7527,-0.0702,0.068138,2.1544,0.1361,74.68,,999,,,none,,,,,,,,,,-5.5199,4.2427,9.4611,-9.109,43.302,45.1821,48.37,48.37,61.81,-5.5199,-5.5199,-26.0637
ARKK,87.13999938964844,87.14,2026-09-03,False,84.38999938964844,87.30000305175781,4.5,15.63,BAJO,,53.82,,,,,,,,,,,,YAHOO,-0.3432,-0.7527,-0.0702,0.068138,2.1544,0.1361,74.68,,999,,,none,,,,,,,,,,-0.2747,4.6475,7.3285,8.8298,48.2716,38.7157,87.38,87.38,92.53,-0.2747,-0.2747,-5.8251
ITA,225.97999572753906,225.98,2026-09-03,False,222.77999877929688,226.17999267578125,1.17,14.65,BAJO,,34.16,,,,,,,,,,,,YAHOO,-0.3432,-0.7527,-0.0702,0.068138,2.1544,0.1361,74.68,,999,,,none,,,,,,,,,,-3.5345,-4.8746,-7.8047,-2.3455,21.1904,24.2144,253.22,253.22,253.22,-10.7574,-10.7574,-10.7574
SMH,552.5999755859375,552.6,2026-09-03,False,540.0700073242188,553.739990234375,0.39,89.02,BAJO,,39.05,,,,,,,,,,,,YAHOO,-0.3432,-0.7527,-0.0702,0.068138,2.1544,0.1361,74.68,,999,,,none,,,,,,,,,,-3.5602,-1.7862,-4.9617,-11.9405,21.8525,49.9109,594.07,668.91,668.91,-6.9807,-17.388,-17.388
EEM,67.47000122070312,67.47,2026-09-03,False,66.70999908447266,67.55000305175781,0.48,36.37,BAJO,,17.42,,,,,,,,,,,,YAHOO,-0.3432,-0.7527,-0.0702,0.068138,2.1544,0.1361,74.68,,999,,,none,,,,,,,,,,-0.2071,1.2759,2.6628,-1.8514,7.452,29.4246,67.61,71.21,71.21,-0.2071,-5.2521,-5.2521
AAPL,328.2099914550781,328.21,2026-09-03,False,324.1099853515625,330.80999755859375,1.0,37.45,BAJO,4742524698624.0,37.31,34.06,44.15,148.75,27.08,32.62,27.62,2.27,28.37,0.78,1.0,8.0,YAHOO,-0.3432,-0.7527,-0.0702,0.068138,2.1544,0.1361,74.68,2026-10-29,56,,,yahoo,1.0,1.0,1.0,0.0,1.0,1.0,1.0,1.0,1.0,4.3328,5.4321,5.7404,5.5467,23.9786,31.4634,328.21,339.7869,339.7869,0.0,-3.4071,-3.4071
MSFT,510.1199951171875,510.12,2026-09-03,False,500.79998779296875,515.6500244140625,2.68,3.91,BAJO,3689159589888.0,27.69,21.08,8.34,34.04,14.09,45.11,40.3,0.45,19.42,0.29,1.23,6.0,YAHOO,-0.3432,-0.7527,-0.0702,0.068138,2.1544,0.1361,74.68,2026-10-28,55,,,yahoo,1.0,1.0,1.0,1.0,1.0,0.0,1.0,0.0,0.0,1.0019,6.021,31.4372,19.3973,30.0913,44.234,513.53,513.53,537.6464,-0.664,-0.664,-5.1198
NVDA,228.4499969482422,228.45,2026-09-03,False,224.75,230.39999389648438,1.8,36.97,BAJO,5418828431360.0,28.37,14.57,23.66,117.21,53.57,66.24,63.66,0.77,25.92,0.17,4.59,4.0,YAHOO,-0.3432,-0.7527,-0.0702,0.068138,2.1544,0.1361,74.68,2026-11-17,75,2026-08-26,8.0,yahoo,1.0,0.0,1.0,0.0,1.0,0.0,1.0,0.0,0.0,0.2062,5.3493,16.0057,4.4773,31.5031,41.1574,228.45,228.45,235.4656,0.0,0.0,-2.9795
META,610.6799926757812,610.68,2026-09-03,False,604.3499755859375,619.4600219726562,3.01,-18.56,BAJO,1510288916480.0,22.33,16.96,5.78,29.85,14.59,34.83,29.83,1.43,13.98,0.43,2.23,5.0,YAHOO,-0.3432,-0.7527,-0.0702,0.068138,2.1544,0.1361,74.68,2026-10-28,55,,,yahoo,1.0,0.0,1.0,1.0,0.0,0.0,1.0,1.0,0.0,6.9305,11.881,-0.796,-2.6011,28.2693,46.4279,610.68,681.31,777.701,0.0,-10.3668,-21.4763
GOOGL,342.4800109863281,342.48,2026-09-03,False,340.05999755859375,344.67999267578125,1.59,46.16,BAJO,4122955743232.0,16.92,22.74,6.62,48.68,12.96,34.03,54.77,0.55,23.21,0.19,2.72,6.0,YAHOO,-0.3432,-0.7527,-0.0702,0.068138,2.1544,0.1361,74.68,2026-10-28,55,,,yahoo,1.0,0.0,1.0,1.0,0.0,1.0,1.0,1.0,0.0,0.5372,0.5313,-6.6888,-7.9275,26.8509,36.7182,357.52,377.65,402.3797,-4.2068,-9.3129,-14.8864
AMZN,258.8999938964844,258.9,2026-09-03,False,256.0,259.5,1.54,11.45,BAJO,2750293999616.0,20.5,24.53,4.98,30.56,6.59,13.69,17.44,0.12,17.04,0.46,1.03,6.0,YAHOO,-0.3432,-0.7527,-0.0702,0.068138,2.1544,0.1361,74.68,2026-10-29,56,,,yahoo,1.0,1.0,1.0,1.0,1.0,0.0,0.0,1.0,0.0,1.0302,-0.4652,5.2525,2.0135,29.171,44.9944,278.09,284.02,284.02,-6.9006,-8.8444,-8.8444
TSLA,376.3699951171875,376.37,2026-09-03,False,365.82000732421875,384.0400085449219,5.42,7.29,BAJO,1410028011520.0,333.65,165.39,16.23,4.67,1.93,1.41,3.67,0.34,128.61,0.18,1.94,5.0,YAHOO,-0.3432,-0.7527,-0.0702,0.068138,2.1544,0.1361,74.68,2026-10-21,48,,,yahoo,1.0,0.0,1.0,1.0,0.0,1.0,0.0,1.0,0.0,6.0765,9.0517,-6.5848,-10.0562,67.5484,56.8915,376.37,425.3,489.88,0.0,-11.5048,-23.171
MSTR,144.82000732421875,144.82,2026-09-03,False,127.58000183105469,144.9199981689453,17.56,-56.87,BAJO,48941129728.0,,2.49,1.48,-63.56,-38.73,-6808.11,0.0,-46.15,-1.84,0.15,5.39,3.0,YAHOO,-0.3432,-0.7527,-0.0702,0.068138,2.1544,0.1361,74.68,2026-10-29,56,,,yahoo,0.0,0.0,0.0,1.0,1.0,1.0,0.0,0.0,0.0,5.4003,28.8549,48.7469,11.9425,162.2539,90.4524,144.82,144.82,359.69,0.0,0.0,-59.7376
PLTR,182.52999877929688,182.53,2026-09-03,False,171.91000366210938,185.8300018310547,7.71,19.23,BAJO,407222288384.0,144.84,73.22,41.66,38.1,17.29,47.12,49.01,0.53,158.97,0.02,7.23,8.0,YAHOO,-0.3432,-0.7527,-0.0702,0.068138,2.1544,0.1361,74.68,2026-11-02,60,2026-08-03,31.0,yahoo,1.0,1.0,1.0,1.0,1.0,1.0,0.0,1.0,1.0,-1.8286,4.9264,35.8413,28.8144,93.7915,82.4145,186.38,186.38,207.18,-2.0657,-2.0657,-11.8979
SNOW,356.4700012207031,356.47,2026-09-03,False,355.4700012207031,384.55999755859375,16.55,58.04,BAJO,106004144128.0,,113.08,54.65,-54.87,-9.68,-22.17,-23.79,1.64,-98.22,1.43,1.05,5.0,YAHOO,-0.3432,-0.7527,-0.0702,0.068138,2.1544,0.1361,74.68,2026-09-02,999,,,yahoo,0.0,0.0,1.0,1.0,1.0,0.0,0.0,1.0,1.0,8.3133,10.9496,35.6741,45.9866,154.1442,51.9007,356.47,356.47,356.47,0.0,0.0,0.0
CRWD,214.97000122070312,214.97,2026-09-03,False,203.75999450683594,215.10000610351562,5.68,105.91,BAJO,208288825344.0,5085.5,127.41,44.7,1.46,-0.78,-2.26,0.83,0.96,2021.9,0.16,1.57,4.0,YAHOO,-0.3432,-0.7527,-0.0702,0.068138,2.1544,0.1361,74.68,2026-12-01,89,2026-08-26,8.0,yahoo,0.0,0.0,1.0,1.0,1.0,1.0,0.0,0.0,0.0,-5.6984,12.94,10.4563,19.5789,109.3052,70.1634,231.0,231.0,231.0,-6.9394,-6.9394,-6.9394
PANW,331.94000244140625,331.94,2026-09-03,False,321.4200134277344,333.30999755859375,1.05,70.71,BAJO,267711201280.0,283.17,66.91,9.65,4.83,1.77,-2.46,7.95,1.34,198.26,0.08,0.86,5.0,YAHOO,-0.3432,-0.7527,-0.0702,0.068138,2.1544,0.1361,74.68,2026-11-19,77,2026-09-01,2.0,yahoo,1.0,0.0,1.0,1.0,1.0,1.0,0.0,0.0,0.0,-13.2976,-5.0406,-1.5132,18.8684,89.1107,59.7098,396.0,396.0,396.0,-16.1768,-16.1768,-16.1768
ADBE,285.75,285.75,2026-09-03,False,283.8399963378906,292.8800048828125,2.13,-18.1,BAJO,111216525312.0,16.01,10.17,9.69,62.95,19.93,35.33,28.69,8.29,11.58,0.61,0.75,7.0,YAHOO,-0.3432,-0.7527,-0.0702,0.068138,2.1544,0.1361,74.68,2026-09-10,7,,,yahoo,1.0,1.0,1.0,1.0,0.0,0.0,1.0,1.0,1.0,-1.1759,4.9702,28.9835,10.5758,34.155,49.6206,292.79,292.79,367.46,-2.4045,-2.4045,-22.2364
CRM,264.42999267578125,264.43,2026-09-03,False,261.6000061035156,268.2699890136719,2.92,6.36,BAJO,211453378560.0,23.53,16.13,5.51,19.38,5.7,21.38,21.99,8.39,18.87,1.1,0.84,7.0,YAHOO,-0.3432,-0.7527,-0.0702,0.068138,2.1544,0.1361,74.68,2026-12-02,90,2026-08-26,8.0,yahoo,1.0,1.0,1.0,1.0,0.0,0.0,1.0,1.0,1.0,4.9117,28.7202,55.9875,40.4569,23.2647,62.1367,264.43,264.43,264.8822,0.0,0.0,-0.1707
MU,958.1599731445312,958.16,2026-09-03,False,918.8800048828125,959.760009765625,0.22,630.54,BAJO,1079790206976.0,21.61,6.17,10.72,66.64,34.87,80.37,55.91,0.71,15.16,0.06,3.42,7.0,YAHOO,-0.3432,-0.7527,-0.0702,0.068138,2.1544,0.1361,74.68,2026-09-30,27,,,yahoo,1.0,1.0,1.0,1.0,1.0,0.0,0.0,1.0,1.0,2.4343,-1.6596,2.1079,-3.7844,39.5795,98.5143,1011.75,1213.3734,1213.3734,-5.2968,-21.0334,-21.0334
INTC,91.66999816894531,91.67,2026-09-03,False,87.7300033569336,92.37000274658203,1.8,274.33,BAJO,476013789184.0,,44.14,5.19,-10.71,1.41,12.19,-19.79,1.02,28.81,0.49,1.6,6.0,YAHOO,-0.3432,-0.7527,-0.0702,0.068138,2.1544,0.1361,74.68,2026-10-22,49,,,yahoo,0.0,1.0,1.0,1.0,1.0,1.0,0.0,1.0,0.0,-0.4561,-0.4993,-16.9581,-17.9907,17.317,78.0313,104.56,140.94,140.94,-12.3278,-34.9581,-34.9581
AMAT,435.9100036621094,435.91,2026-09-03,False,426.1300048828125,437.1400146484375,-0.58,169.33,BAJO,347960737792.0,37.86,23.76,13.58,41.07,15.48,33.74,30.05,0.88,34.34,0.29,2.42,6.0,YAHOO,-0.3432,-0.7527,-0.0702,0.068138,2.1544,0.1361,74.68,2026-11-12,70,2026-08-13,21.0,yahoo,1.0,0.0,1.0,1.0,0.0,1.0,1.0,1.0,0.0,-9.6297,-12.1521,-21.3028,-13.0205,23.2243,82.9855,547.5645,722.2277,722.2277,-20.3911,-39.6437,-39.6437
TXN,253.8300018310547,253.83,2026-09-03,False,248.1300048828125,254.57000732421875,-0.38,38.58,BAJO,232695513088.0,38.66,23.94,12.92,35.18,13.06,42.58,31.11,1.52,25.04,0.78,4.86,7.0,YAHOO,-0.3432,-0.7527,-0.0702,0.068138,2.1544,0.1361,74.68,2026-10-27,54,,,yahoo,1.0,1.0,1.0,1.0,0.0,1.0,1.0,0.0,1.0,-4.7685,-4.4315,-13.0141,-16.4523,27.2344,46.7709,286.08,330.5874,330.5874,-11.2731,-23.2185,-23.2185
TSM,417.010009765625,417.01,2026-09-03,False,407.82000732421875,417.29998779296875,0.36,73.23,BAJO,2154979917824.0,30.78,19.01,85.53,39.97,19.0,60.34,49.92,33.91,4.66,0.17,2.46,9.0,YAHOO,-0.3432,-0.7527,-0.0702,0.068138,2.1544,0.1361,74.68,2026-10-15,42,,,yahoo,1.0,1.0,1.0,1.0,1.0,1.0,1.0,1.0,1.0,-2.4081,0.2428,-3.5971,-6.0535,7.3233,45.7138,430.97,477.57,477.57,-3.2392,-12.6809,-12.6809
AMD,456.1600036621094,456.16,2026-09-03,False,440.5,459.7699890136719,-0.2,201.82,BAJO,746139025408.0,116.9,29.58,11.1,10.2,5.13,17.25,15.58,1.18,77.54,0.06,2.61,7.0,YAHOO,-0.3432,-0.7527,-0.0702,0.068138,2.1544,0.1361,74.68,2026-11-03,61,2026-08-04,30.0,yahoo,1.0,1.0,1.0,1.0,0.0,1.0,0.0,1.0,1.0,-4.3028,-2.833,-11.6157,-12.8135,22.6883,72.664,514.39,580.91,580.91,-11.3202,-21.4749,-21.4749
ASML,1646.18994140625,1646.1899,2026-09-03,False,1619.3399658203125,1656.31005859375,-2.15,111.99,BAJO,646171459584.0,57.09,28.01,1411.61,53.94,16.45,37.06,30.11,1.31,2661.01,0.09,1.33,8.0,YAHOO,-0.3432,-0.7527,-0.0702,0.068138,2.1544,0.1361,74.68,2026-10-14,41,,,yahoo,1.0,1.0,1.0,1.0,1.0,0.0,1.0,1.0,1.0,-5.1193,-5.9487,-5.6637,-6.2107,23.9248,52.8329,1883.12,1986.8704,1986.8704,-12.5818,-17.1466,-17.1466
MRVL,208.8300018310547,208.83,2026-09-03,False,201.10000610351562,212.77000427246094,1.14,230.46,BAJO,185564528640.0,68.15,30.75,9.93,16.52,4.12,16.68,27.93,1.3,65.2,0.29,3.17,8.0,YAHOO,-0.3432,-0.7527,-0.0702,0.068138,2.1544,0.1361,74.68,2026-12-01,89,2026-08-27,7.0,yahoo,1.0,1.0,1.0,0.0,1.0,1.0,1.0,1.0,1.0,-13.51,-16.8041,-9.4575,-33.9881,24.4108,94.6119,251.01,310.5034,316.352,-16.8041,-32.7447,-33.9881
QCOM,168.57000732421875,168.57,2026-09-03,False,164.8800048828125,170.02999877929688,-0.28,7.67,BAJO,181527560192.0,19.42,16.66,6.5,33.75,11.61,18.53,21.01,5.64,15.46,0.55,2.02,6.0,YAHOO,-0.3432,-0.7527,-0.0702,0.068138,2.1544,0.1361,74.68,2026-10-29,56,,,yahoo,1.0,0.0,1.0,1.0,0.0,1.0,1.0,0.0,1.0,2.8568,5.442,-7.3687,-30.1284,42.2368,50.745,169.5572,224.886,248.7425,-0.5822,-25.042,-32.2311
COIN,192.6999969482422,192.7,2026-09-03,False,181.0,195.85000610351562,10.14,-35.56,BAJO,46160912384.0,,63.9,3.53,-7.85,1.12,-13.92,-16.34,5.78,62.95,0.51,2.42,4.0,YAHOO,-0.3432,-0.7527,-0.0702,0.068138,2.1544,0.1361,74.68,2026-10-29,56,,,yahoo,1.0,0.0,1.0,1.0,0.0,1.0,0.0,0.0,0.0,1.0382,11.8074,17.8521,17.4069,112.4631,72.4158,192.7,192.7,387.27,0.0,0.0,-50.2414
SHOP,145.8800048828125,145.88,2026-09-03,False,142.25999450683594,146.3699951171875,2.83,-0.63,BAJO,184098258944.0,95.86,57.84,14.42,15.54,10.19,17.55,14.53,0.86,73.12,0.01,5.35,5.0,YAHOO,-0.3432,-0.7527,-0.0702,0.068138,2.1544,0.1361,74.68,2026-11-03,61,2026-08-05,29.0,yahoo,1.0,0.0,1.0,1.0,0.0,1.0,0.0,0.0,1.0,-5.4753,-0.8833,19.6915,25.7153,61.1543,61.4252,158.53,158.53,179.01,-7.9796,-7.9796,-18.5073
RBLX,41.5099983215332,41.51,2026-09-03,False,41.24100112915039,43.284000396728516,0.73,-67.48,BAJO,29439430656.0,,-33.01,193.47,-432.28,-7.73,-13.27,-17.61,5.01,-33.02,14.23,0.82,6.0,YAHOO,-0.3432,-0.7527,-0.0702,0.068138,2.1544,0.1361,74.68,2026-10-29,56,,,yahoo,0.0,1.0,1.0,1.0,1.0,0.0,0.0,1.0,1.0,8.8073,7.4553,-26.803,-4.2445,58.6643,83.6322,41.51,57.95,141.56,0.0,-28.3693,-70.6767
UBER,75.95999908447266,75.96,2026-09-03,False,75.19000244140625,78.35399627685547,-0.64,-16.51,BAJO,156153708544.0,16.77,17.41,5.71,37.16,6.88,13.32,17.34,4.64,22.29,0.52,0.84,6.0,YAHOO,-0.3432,-0.7527,-0.0702,0.068138,2.1544,0.1361,74.68,2026-11-03,61,2026-08-05,29.0,yahoo,1.0,0.0,1.0,1.0,0.0,1.0,1.0,1.0,0.0,-1.2865,-3.2973,2.1929,5.1932,36.9255,42.43,80.35,80.35,100.1,-5.4636,-5.4636,-24.1159
HPQ,31.93000030517578,31.93,2026-09-03,False,31.3700008392334,32.47999954223633,-0.19,14.42,BAJO,28848293888.0,12.21,10.19,-313.63,,5.63,5.4,4.14,11.75,7.42,,0.79,5.0,YAHOO,-0.3432,-0.7527,-0.0702,0.068138,2.1544,0.1361,74.68,2026-11-24,82,2026-08-26,8.0,yahoo,1.0,0.0,1.0,1.0,0.0,1.0,1.0,0.0,0.0,7.7624,8.3475,39.068,22.885,41.6554,45.326,31.99,31.99,31.99,-0.1876,-0.1876,-0.1876
BIDU,95.58000183105469,95.58,2026-09-03,False,93.38999938964844,95.76000213623047,1.31,-6.25,BAJO,31998855168.0,,11.91,0.79,-1.39,1.2,9.65,-2.9,,0.09,0.38,2.33,2.0,YAHOO,-0.3432,-0.7527,-0.0702,0.068138,2.1544,0.1361,74.68,2026-11-18,76,2026-08-18,16.0,yahoo,1.0,0.0,0.0,0.0,0.0,0.0,1.0,0.0,0.0,-1.4029,3.9252,-14.7292,-29.095,20.8923,43.6818,109.71,117.94,162.52,-12.8794,-18.9588,-41.1888
SPOT,560.1099853515625,560.11,2026-09-03,False,558.0499877929688,576.0,0.13,-20.79,BAJO,114995576832.0,30.32,31.04,11.74,44.48,12.19,13.71,18.43,1.34,40.43,0.06,2.11,5.0,YAHOO,-0.3432,-0.7527,-0.0702,0.068138,2.1544,0.1361,74.68,2026-11-03,61,2026-08-04,30.0,yahoo,1.0,1.0,1.0,1.0,0.0,0.0,0.0,1.0,0.0,6.2323,5.0607,13.3941,13.4791,24.2557,38.1533,560.11,560.11,738.53,0.0,0.0,-24.1588
AVGO,357.1600036621094,357.16,2026-09-03,False,342.3299865722656,359.3999938964844,-2.74,7.44,BAJO,1747173769216.0,60.9,18.76,19.93,37.28,12.12,48.99,38.85,1.56,42.87,0.74,2.24,8.0,YAHOO,-0.3432,-0.7527,-0.0702,0.068138,2.1544,0.1361,74.68,2026-09-02,999,,,yahoo,1.0,1.0,1.0,1.0,1.0,1.0,0.0,1.0,1.0,-3.8704,-1.8872,-3.6733,-14.6057,21.8377,44.1716,427.76,427.76,480.8091,-16.5046,-16.5046,-25.7169
ACN,193.1199951171875,193.12,2026-09-03,False,189.08999633789062,195.32000732421875,2.9,-22.68,BAJO,114849284096.0,14.98,12.81,3.6,24.41,10.9,16.96,10.66,10.53,8.86,0.25,1.34,5.0,YAHOO,-0.3432,-0.7527,-0.0702,0.068138,2.1544,0.1361,74.68,2026-10-01,28,,,yahoo,1.0,0.0,1.0,1.0,0.0,1.0,1.0,0.0,0.0,3.0633,6.4902,37.4997,9.271,26.4786,59.96,193.12,193.12,282.7143,0.0,0.0,-31.6907
NFLX,82.66999816894531,82.67,2026-09-03,False,81.62999725341797,83.5999984741211,-0.07,-33.52,BAJO,344482742272.0,26.02,21.65,11.43,49.54,16.08,33.38,28.22,7.37,23.36,0.55,1.14,7.0,YAHOO,-0.3432,-0.7527,-0.0702,0.068138,2.1544,0.1361,74.68,2026-10-20,47,,,yahoo,1.0,1.0,1.0,0.0,1.0,0.0,1.0,1.0,1.0,3.5446,3.157,8.5193,1.361,22.5578,36.9374,82.73,82.73,126.325,-0.0725,-0.0725,-34.5577
NIO,3.859999895095825,3.86,2026-09-03,False,3.7100000381469727,3.9000000953674316,0.0,-35.11,BAJO,9671874560.0,,26.69,15.43,-45.32,-1.78,-1.08,-4.17,,1.63,2.03,1.02,6.0,YAHOO,-0.3432,-0.7527,-0.0702,0.068138,2.1544,0.1361,74.68,2026-11-24,82,2026-09-01,2.0,yahoo,0.0,1.0,1.0,1.0,1.0,0.0,0.0,1.0,1.0,-11.4679,-14.7903,-20.9016,-32.1617,34.0273,36.1299,4.82,5.23,7.89,-19.917,-26.195,-51.0773
BABA,111.80999755859375,111.81,2026-09-03,False,109.66999816894531,112.05999755859375,0.0,-16.76,BAJO,277917564928.0,25.35,11.99,1.67,6.36,1.56,7.29,7.04,-29.74,2.08,0.24,1.36,3.0,YAHOO,-0.3432,-0.7527,-0.0702,0.068138,2.1544,0.1361,74.68,2026-11-24,82,2026-08-20,14.0,yahoo,1.0,0.0,1.0,0.0,0.0,0.0,1.0,0.0,0.0,-3.869,-14.3415,13.9291,-10.4114,28.3836,44.7409,132.32,132.32,187.6169,-15.5003,-15.5003,-40.4052
PDD,81.62999725341797,81.63,2026-09-03,False,81.2699966430664,82.5,-0.75,-34.52,BAJO,117074362368.0,8.89,6.65,1.74,22.75,10.01,24.71,20.43,63.75,-3.38,0.01,2.62,4.0,YAHOO,-0.3432,-0.7527,-0.0702,0.068138,2.1544,0.1361,74.68,2026-11-18,76,2026-08-24,10.0,yahoo,1.0,0.0,1.0,1.0,0.0,1.0,0.0,0.0,0.0,-3.6132,-8.8137,-1.0905,-4.9488,8.445,34.0766,93.0,93.0,138.13,-12.2258,-12.2258,-40.9035
SAP,217.02999877929688,217.03,2026-09-03,False,213.9600067138672,218.00999450683594,3.5,-17.91,BAJO,242025103360.0,27.09,21.68,66.0,18.32,9.54,27.62,20.41,3.76,289.76,0.22,1.15,7.0,YAHOO,-0.3432,-0.7527,-0.0702,0.068138,2.1544,0.1361,74.68,2026-10-21,48,,,yahoo,1.0,1.0,1.0,1.0,1.0,1.0,0.0,0.0,1.0,-1.8719,-0.0276,33.3354,15.972,49.108,44.4051,221.54,221.54,275.6678,-2.0357,-2.0357,-21.2712
SE,113.0999984741211,113.1,2026-09-03,False,111.47000122070312,114.75,0.26,-40.97,BAJO,69094383616.0,43.56,21.95,5.56,14.73,4.97,8.35,5.91,0.1,24.91,0.32,1.49,8.0,YAHOO,-0.3432,-0.7527,-0.0702,0.068138,2.1544,0.1361,74.68,2026-11-10,68,2026-08-11,23.0,yahoo,1.0,1.0,1.0,1.0,1.0,1.0,0.0,1.0,1.0,-4.4118,-3.5312,8.51,22.8146,38.8587,52.791,131.51,131.51,196.5,-13.9989,-13.9989,-42.4427
IBM,234.7100067138672,234.71,2026-09-03,False,232.82000732421875,238.2899932861328,1.3,-3.09,BAJO,218292535296.0,20.56,17.6,6.34,34.46,5.3,16.55,15.52,5.52,16.73,1.89,0.79,6.0,YAHOO,-0.3432,-0.7527,-0.0702,0.068138,2.1544,0.1361,74.68,2026-10-21,48,,,yahoo,1.0,1.0,1.0,1.0,1.0,0.0,0.0,1.0,0.0,-1.7086,0.4365,-22.78,-21.6643,16.7021,63.3906,238.79,303.9496,326.8851,-1.7086,-22.78,-28.198
ZM,98.13999938964844,98.14,2026-09-03,False,96.61000061035156,99.125,2.38,17.29,BAJO,27970385920.0,8.9,15.13,2.82,32.14,6.11,24.61,65.19,7.06,15.58,0.01,3.83,7.0,YAHOO,-0.3432,-0.7527,-0.0702,0.068138,2.1544,0.1361,74.68,2026-11-24,82,2026-08-25,9.0,yahoo,1.0,1.0,1.0,1.0,1.0,0.0,1.0,1.0,0.0,-2.1243,-7.6764,14.5425,-6.7199,33.3214,43.4974,109.84,109.84,111.88,-10.6519,-10.6519,-12.281
CSCO,108.61000061035156,108.61,2026-09-03,False,107.5999984741211,109.66999816894531,-0.78,65.72,BAJO,431409725440.0,32.87,19.54,8.6,27.32,7.98,27.7,20.95,2.68,23.94,0.59,0.93,8.0,YAHOO,-0.3432,-0.7527,-0.0702,0.068138,2.1544,0.1361,74.68,2026-11-12,70,2026-08-12,22.0,yahoo,1.0,1.0,1.0,1.0,0.0,1.0,1.0,1.0,1.0,-3.1565,-0.8942,-2.8446,-16.1413,9.2914,34.4397,123.88,123.88,129.5155,-12.3264,-12.3264,-16.1413
DOCU,65.97000122070312,65.97,2026-09-03,False,65.52999877929688,68.45999908447266,0.89,-17.38,BAJO,12485867520.0,42.46,12.83,6.94,16.44,5.51,13.41,9.59,10.01,30.23,0.1,0.67,6.0,YAHOO,-0.3432,-0.7527,-0.0702,0.068138,2.1544,0.1361,74.68,2026-09-03,0,,,yahoo,1.0,0.0,1.0,1.0,0.0,0.0,1.0,1.0,1.0,3.4013,5.9249,39.6782,29.5053,39.2144,53.3161,66.27,66.27,85.01,-0.4527,-0.4527,-22.3974
ARM,242.58999633789062,242.59,2026-09-03,False,225.4600067138672,244.07000732421875,3.29,75.59,BAJO,250830143488.0,237.23,76.73,29.06,13.35,5.42,7.6,20.25,0.53,232.57,0.06,5.25,6.0,YAHOO,-0.3432,-0.7527,-0.0702,0.068138,2.1544,0.1361,74.68,2026-11-04,62,,,yahoo,1.0,0.0,1.0,1.0,0.0,1.0,0.0,1.0,1.0,-4.945,-3.2427,-19.2524,-38.3413,41.2279,87.372,282.57,439.46,439.46,-14.1487,-44.7982,-44.7982
GRMN,277.17999267578125,277.18,2026-09-03,False,275.4100036621094,279.95001220703125,0.41,18.69,BAJO,53235019776.0,28.49,25.08,5.9,21.89,12.17,30.44,24.47,1.96,21.9,0.03,3.03,6.0,YAHOO,-0.3432,-0.7527,-0.0702,0.068138,2.1544,0.1361,74.68,2026-10-28,55,,,yahoo,1.0,1.0,1.0,0.0,0.0,1.0,0.0,1.0,1.0,-4.3778,-5.4284,11.4605,15.0635,26.5009,42.1734,313.16,313.16,313.16,-11.4893,-11.4893,-11.4893
MSI,472.2300109863281,472.23,2026-09-03,False,470.44000244140625,482.5799865722656,-1.4,-0.29,BAJO,79258288128.0,37.8,25.07,29.66,91.57,11.25,27.35,17.44,2.5,24.01,3.58,1.1,6.0,YAHOO,-0.3432,-0.7527,-0.0702,0.068138,2.1544,0.1361,74.68,2026-11-05,63,2026-08-05,29.0,yahoo,1.0,1.0,1.0,1.0,0.0,0.0,1.0,1.0,0.0,-2.9412,-0.2956,11.3199,15.3207,25.5393,27.3114,491.24,491.24,491.24,-3.8698,-3.8698,-3.8698
SNAP,5.699999809265137,5.7,2026-09-03,False,5.682000160217285,6.039999961853027,1.97,-22.01,BAJO,9453795328.0,,7.21,4.88,-15.58,-2.72,-2.64,-4.9,7.56,-72.56,2.19,2.94,6.0,YAHOO,-0.3432,-0.7527,-0.0702,0.068138,2.1544,0.1361,74.68,2026-11-04,62,2026-08-03,31.0,yahoo,0.0,1.0,1.0,1.0,1.0,0.0,0.0,1.0,1.0,6.9418,9.405,22.5806,-6.0956,54.5807,66.9705,5.92,5.92,9.09,-3.7162,-3.7162,-37.2937
PINS,20.850000381469727,20.85,2026-09-03,False,20.56999969482422,21.916000366210938,-1.74,-45.03,BAJO,12017162240.0,62.41,8.83,4.15,6.46,3.51,-3.46,5.46,9.96,37.77,0.41,3.81,6.0,YAHOO,-0.3432,-0.7527,-0.0702,0.068138,2.1544,0.1361,74.68,2026-11-09,67,2026-08-04,30.0,yahoo,1.0,0.0,1.0,1.0,0.0,0.0,1.0,1.0,1.0,-8.8724,-10.2454,-7.0027,-3.4275,42.3135,48.464,24.37,25.58,37.95,-14.444,-18.491,-45.0593
EA,209.6999969482422,209.7,2026-08-10,False,209.6999969482422,209.6999969482422,0.0,0.39,BAJO,52925640704.0,59.74,21.72,7.77,16.46,7.23,25.88,13.8,3.2,30.36,0.26,1.21,6.0,YAHOO,-0.3432,-0.7527,-0.0702,0.068138,2.1544,0.1361,74.68,2026-11-03,61,,,yahoo,1.0,0.0,1.0,1.0,1.0,1.0,1.0,0.0,0.0,0.383,,,,0.0,,,,,,,
PATH,18.219999313354492,18.22,2026-09-03,False,17.899999618530273,18.829999923706055,1.28,58.58,BAJO,9320983552.0,29.98,19.82,4.92,18.18,2.37,7.27,19.58,5.49,66.12,0.04,2.31,8.0,YAHOO,-0.3432,-0.7527,-0.0702,0.068138,2.1544,0.1361,74.68,2026-09-03,0,,,yahoo,1.0,1.0,1.0,1.0,1.0,0.0,1.0,1.0,1.0,-0.6001,14.4472,56.3948,56.1268,39.4509,57.415,18.67,18.67,19.29,-2.4103,-2.4103,-5.5469
VZ,50.59000015258789,50.59,2026-09-03,False,50.150001525878906,50.81999969482422,0.74,21.79,BAJO,208652812288.0,13.08,9.51,2.01,15.84,5.05,23.0,11.64,8.37,7.87,1.84,0.6,4.0,YAHOO,-0.3432,-0.7527,-0.0702,0.068138,2.1544,0.1361,74.68,2026-10-20,47,,,yahoo,1.0,0.0,1.0,1.0,0.0,1.0,0.0,0.0,0.0,2.3468,2.8461,20.8087,14.67,7.4903,27.2997,50.59,50.59,50.59,0.0,0.0,0.0
T,26.190000534057617,26.19,2026-09-03,False,25.799999237060547,26.25,0.92,-7.31,BAJO,177819418624.0,8.56,10.12,1.62,18.34,4.16,24.79,16.94,5.7,7.66,1.29,0.97,6.0,YAHOO,-0.3432,-0.7527,-0.0702,0.068138,2.1544,0.1361,74.68,2026-10-21,48,,,yahoo,1.0,1.0,1.0,1.0,0.0,1.0,1.0,0.0,0.0,2.9886,4.1352,25.8449,16.5599,9.8907,29.3851,26.19,26.19,28.4181,0.0,0.0,-7.8404
AMX,23.18000030517578,23.18,2026-09-03,False,22.809999465942383,23.200000762939453,1.31,19.82,BAJO,68538753024.0,13.07,10.97,3.11,21.58,6.36,21.49,9.37,223.58,2.36,1.58,0.71,9.0,YAHOO,-0.3432,-0.7527,-0.0702,0.068138,2.1544,0.1361,74.68,2026-10-13,40,,,yahoo,1.0,1.0,1.0,1.0,1.0,1.0,1.0,1.0,1.0,-1.3617,-0.8978,-10.2961,-7.4287,14.0235,26.3084,23.89,27.4216,27.4216,-2.972,-15.4682,-15.4682
TCOM,41.400001525878906,41.4,2026-09-03,False,40.709999084472656,41.90999984741211,-5.11,-43.11,BAJO,27474038784.0,6.48,10.29,1.16,20.14,3.95,24.34,48.65,,-1.15,0.19,1.53,7.0,YAHOO,-0.3432,-0.7527,-0.0702,0.068138,2.1544,0.1361,74.68,2026-09-15,12,2026-08-31,3.0,yahoo,1.0,1.0,1.0,0.0,1.0,1.0,1.0,0.0,1.0,-7.1957,-10.8335,1.4457,-13.8577,31.7636,39.5721,47.12,47.97,78.96,-12.1392,-13.6961,-47.5684
TRIP,9.289999961853027,9.29,2026-09-03,False,9.270000457763672,9.869999885559082,-3.33,-47.32,BAJO,1118230784.0,,8.94,1.68,-0.23,1.92,9.44,0.27,-9.08,10.55,1.35,1.56,7.0,YAHOO,-0.3432,-0.7527,-0.0702,0.068138,2.1544,0.1361,74.68,2026-11-05,63,2026-08-06,28.0,yahoo,1.0,1.0,1.0,1.0,1.0,0.0,1.0,0.0,1.0,-5.1073,-7.3779,-32.2886,-22.2594,38.6796,69.4826,10.97,14.93,19.14,-15.3145,-37.7763,-51.4629
ABNB,185.25,185.25,2026-09-03,False,183.67999267578125,187.36000061035156,1.09,49.64,BAJO,109733453824.0,41.84,29.85,13.86,34.54,6.14,21.01,20.45,2.92,35.51,0.32,1.41,5.0,YAHOO,-0.3432,-0.7527,-0.0702,0.068138,2.1544,0.1361,74.68,2026-11-05,63,2026-08-06,28.0,yahoo,1.0,0.0,1.0,1.0,0.0,0.0,1.0,0.0,1.0,0.461,0.1351,24.496,38.5357,30.4512,47.6856,190.5,190.5,190.5,-2.7559,-2.7559,-2.7559
ORCL,154.0399932861328,154.04,2026-09-03,False,146.9199981689453,156.77000427246094,5.69,-33.07,BAJO,419828662272.0,24.96,13.34,11.18,53.38,6.5,36.2,25.37,-5.84,17.97,3.89,1.11,5.0,YAHOO,-0.3432,-0.7527,-0.0702,0.068138,2.1544,0.1361,74.68,2026-09-10,7,,,yahoo,1.0,0.0,1.0,1.0,1.0,1.0,0.0,0.0,0.0,1.3821,8.4254,9.1638,-34.596,76.329,58.4519,156.22,200.5622,324.63,-1.3955,-23.1959,-52.5491
TMUS,188.02000427246094,188.02,2026-09-03,False,186.75,189.8699951171875,0.38,-24.03,BAJO,200911405056.0,19.59,12.97,3.58,17.99,5.97,25.22,11.46,5.64,9.27,2.14,0.92,6.0,YAHOO,-0.3432,-0.7527,-0.0702,0.068138,2.1544,0.1361,74.68,2026-10-22,49,,,yahoo,1.0,0.0,1.0,1.0,0.0,1.0,1.0,0.0,1.0,6.3883,4.3511,2.3684,6.827,22.3692,39.7862,188.02,194.5173,247.5309,0.0,-3.3402,-24.0418
ANET,191.44000244140625,191.44,2026-09-03,False,181.27000427246094,192.0,2.87,34.03,BAJO,234713923584.0,58.89,36.06,15.86,31.48,14.12,45.39,38.37,1.66,48.57,,2.96,4.0,YAHOO,-0.3432,-0.7527,-0.0702,0.068138,2.1544,0.1361,74.68,2026-11-03,61,2026-08-04,30.0,yahoo,1.0,0.0,1.0,1.0,0.0,0.0,1.0,0.0,0.0,-4.7988,4.185,15.0066,15.3184,41.9143,57.9085,210.5,210.5,210.5,-9.0546,-9.0546,-9.0546
LRCX,292.6600036621094,292.66,2026-09-03,False,278.0400085449219,292.7799987792969,1.51,185.86,BAJO,360780857344.0,50.14,24.91,28.93,65.07,22.84,37.39,31.27,0.86,41.85,0.33,2.63,8.0,YAHOO,-0.3432,-0.7527,-0.0702,0.068138,2.1544,0.1361,74.68,2026-10-21,48,,,yahoo,1.0,1.0,1.0,0.0,1.0,1.0,1.0,1.0,1.0,-8.1361,-5.7547,-10.2628,-12.9437,34.8302,84.8538,343.84,433.33,433.33,-14.8848,-32.4626,-32.4626
ADI,356.5,356.5,2026-09-03,False,348.0,357.2699890136719,0.22,46.11,BAJO,172364775424.0,42.15,21.77,5.14,12.23,6.41,39.5,29.79,2.41,25.8,0.27,1.25,8.0,YAHOO,-0.3432,-0.7527,-0.0702,0.068138,2.1544,0.1361,74.68,2026-11-24,82,2026-08-19,15.0,yahoo,1.0,1.0,1.0,1.0,0.0,1.0,1.0,1.0,1.0,-4.5215,-3.4177,-5.6576,-16.5999,16.1456,40.7989,389.0945,444.1269,444.1269,-8.377,-19.7301,-19.7301
SNDK,1554.989990234375,1554.99,2026-09-03,False,1511.0,1576.800048828125,0.1,2168.41,BAJO,227447291904.0,21.06,5.87,14.71,91.64,43.91,78.47,56.46,3.39,17.67,0.01,2.29,7.0,YAHOO,-0.3432,-0.7527,-0.0702,0.068138,2.1544,0.1361,74.68,2026-11-06,64,2026-08-05,29.0,yahoo,1.0,1.0,1.0,1.0,0.0,0.0,1.0,1.0,1.0,4.7167,-2.8508,-3.8765,-11.6322,49.6711,139.2358,1786.85,2335.0,2335.0,-12.9759,-33.4051,-33.4051
NOW,145.58999633789062,145.59,2026-09-03,False,140.80999755859375,146.97999572753906,6.49,-20.33,BAJO,141349617664.0,85.45,27.31,11.29,14.24,4.25,4.06,11.34,3.64,52.3,0.68,0.7,4.0,YAHOO,-0.3432,-0.7527,-0.0702,0.068138,2.1544,0.1361,74.68,2026-10-28,55,,,yahoo,1.0,0.0,1.0,1.0,1.0,0.0,0.0,0.0,0.0,5.1723,12.2081,31.482,21.9755,80.6926,61.4593,147.99,147.99,192.23,-1.6217,-1.6217,-24.2626
NBIS,210.6300048828125,210.63,2026-09-03,False,196.6300048828125,211.6699981689453,3.2,221.73,BAJO,55482933248.0,,-68.09,5.41,0.6,-1.92,-0.22,3.13,-17.33,220.34,0.99,4.03,6.0,YAHOO,-0.3432,-0.7527,-0.0702,0.068138,2.1544,0.1361,74.68,2026-11-10,68,2026-08-12,22.0,yahoo,1.0,1.0,1.0,1.0,0.0,0.0,0.0,1.0,1.0,-3.593,-4.3069,7.9102,-18.8855,48.4659,143.1032,277.68,286.69,286.69,-24.1465,-26.5304,-26.5304
OXY,60.61000061035156,60.61,2026-09-03,False,60.5099983215332,61.33000183105469,-0.49,34.76,BAJO,60887912448.0,17.97,15.89,1.82,10.63,4.68,45.44,30.32,6.22,5.85,0.35,1.41,4.0,YAHOO,-0.3432,-0.7527,-0.0702,0.068138,2.1544,0.1361,74.68,2026-11-09,67,2026-08-05,29.0,yahoo,1.0,0.0,1.0,1.0,1.0,0.0,0.0,0.0,0.0,2.4337,-1.4792,17.2794,3.7838,17.3882,33.9924,61.52,61.52,65.9354,-1.4792,-1.4792,-8.0768
XOM,162.2100067138672,162.21,2026-09-03,False,162.08999633789062,165.64999389648438,-1.18,52.82,BAJO,674970337280.0,21.13,15.42,2.6,12.58,5.52,15.86,9.07,3.06,10.53,0.16,1.14,5.0,YAHOO,-0.3432,-0.7527,-0.0702,0.068138,2.1544,0.1361,74.68,2026-10-30,57,,,yahoo,1.0,0.0,1.0,1.0,1.0,0.0,1.0,0.0,0.0,3.6883,-2.3713,15.2236,7.3799,29.9606,26.3536,166.15,166.15,169.2183,-2.3713,-2.3713,-4.1416
CVX,211.32000732421875,211.32,2026-09-03,False,211.1699981689453,213.1999969482422,-0.22,42.96,BAJO,415428345856.0,20.4,16.0,2.19,12.23,5.86,21.87,9.83,5.28,8.85,0.19,1.25,5.0,YAHOO,-0.3432,-0.7527,-0.0702,0.068138,2.1544,0.1361,74.68,2026-10-30,57,,,yahoo,1.0,0.0,1.0,1.0,0.0,1.0,0.0,1.0,0.0,5.7817,2.6972,22.5011,13.1745,20.4417,25.7146,211.78,211.78,211.78,-0.2172,-0.2172,-0.2172
PSX,254.66000366210938,254.66,2026-09-03,False,253.99000549316406,260.67999267578125,-0.56,99.33,BAJO,102675447808.0,14.62,12.19,3.24,23.45,6.04,8.53,4.66,4.43,11.91,0.63,1.32,7.0,YAHOO,-0.3432,-0.7527,-0.0702,0.068138,2.1544,0.1361,74.68,2026-10-29,56,2026-08-05,29.0,yahoo,1.0,1.0,1.0,1.0,0.0,1.0,1.0,1.0,0.0,6.1924,6.1083,43.1512,39.031,18.8711,31.9301,256.09,256.09,256.09,-0.5584,-0.5584,-0.5584
YPF,52.40999984741211,52.41,2026-09-03,False,52.20000076293945,55.189998626708984,-2.78,70.01,BAJO,21136766976.0,28.52,9.83,2.02,7.26,8.34,27.51,4.0,5886.04,1.33,0.85,0.93,4.0,YAHOO,-0.3432,-0.7527,-0.0702,0.068138,2.1544,0.1361,74.68,2026-10-29,56,2026-08-11,23.0,yahoo,0.0,0.0,1.0,1.0,0.0,1.0,1.0,0.0,0.0,3.8233,2.9262,11.2031,-4.9165,41.9282,37.8162,53.91,56.35,56.35,-2.7824,-6.992,-6.992
VIST,74.61000061035156,74.61,2026-09-03,False,74.32499694824219,79.05799865722656,-3.14,95.94,BAJO,8520858624.0,10.14,7.67,2.57,29.79,10.0,44.24,23.56,1.45,5.43,1.07,0.69,3.0,YAHOO,-0.3432,-0.7527,-0.0702,0.068138,2.1544,0.1361,74.68,2026-10-28,55,,,yahoo,1.0,0.0,1.0,1.0,0.0,0.0,0.0,0.0,0.0,5.6649,5.8298,20.2805,-2.4961,53.0624,42.4035,77.03,77.03,79.25,-3.1416,-3.1416,-5.8549
VST,144.22000122070312,144.22,2026-09-03,False,142.80999755859375,148.7760009765625,0.53,-22.87,BAJO,48150228992.0,24.23,13.84,16.03,42.96,5.89,13.77,11.55,0.08,10.37,3.73,0.97,5.0,YAHOO,-0.3432,-0.7527,-0.0702,0.068138,2.1544,0.1361,74.68,2026-11-05,63,2026-08-07,27.0,yahoo,1.0,0.0,1.0,1.0,1.0,0.0,1.0,0.0,0.0,3.1543,3.8002,-7.391,-6.0365,27.7196,43.4297,148.13,168.98,217.0162,-2.6396,-14.6526,-33.5441
BP,43.58000183105469,43.58,2026-09-03,False,43.560001373291016,44.04999923706055,-0.8,35.07,BAJO,113137524736.0,21.02,9.91,7.78,8.87,5.04,13.15,2.55,11.38,13.1,0.95,1.27,7.0,YAHOO,-0.3432,-0.7527,-0.0702,0.068138,2.1544,0.1361,74.68,2026-10-30,57,2026-08-04,30.0,yahoo,1.0,0.0,1.0,1.0,0.0,1.0,1.0,1.0,1.0,2.9287,-3.4559,14.2595,0.1717,36.6795,32.3381,45.14,45.14,46.5196,-3.4559,-3.4559,-6.319
E,55.130001068115234,55.13,2026-09-03,False,54.97999954223633,55.58000183105469,-0.14,65.03,BAJO,79540060160.0,12.41,10.35,1.5,10.9,3.07,10.66,5.87,-11.29,8.14,0.65,1.48,6.0,YAHOO,-0.3432,-0.7527,-0.0702,0.068138,2.1544,0.1361,74.68,2026-10-23,50,,,yahoo,1.0,1.0,1.0,1.0,0.0,1.0,1.0,0.0,0.0,3.5889,-3.871,16.1365,1.3233,31.1248,32.7234,57.35,57.35,57.35,-3.871,-3.871,-3.871
SHEL,92.33000183105469,92.33,2026-09-03,False,92.23999786376953,93.43000030517578,-0.51,33.76,BAJO,255243845632.0,10.27,10.53,1.43,14.34,6.4,16.69,8.76,8.41,5.26,0.4,1.44,5.0,YAHOO,-0.3432,-0.7527,-0.0702,0.068138,2.1544,0.1361,74.68,2026-10-29,56,,,yahoo,1.0,1.0,1.0,1.0,0.0,0.0,1.0,0.0,0.0,1.7971,-1.4095,13.5982,7.3898,21.7569,23.6443,93.65,93.65,93.65,-1.4095,-1.4095,-1.4095
HAL,37.290000915527344,37.29,2026-09-03,False,37.11000061035156,38.060001373291016,-0.9,72.16,BAJO,31350695936.0,19.7,12.97,2.85,14.92,7.26,12.79,7.16,6.55,8.9,0.74,2.02,4.0,YAHOO,-0.3432,-0.7527,-0.0702,0.068138,2.1544,0.1361,74.68,2026-10-20,47,,,yahoo,1.0,0.0,1.0,1.0,0.0,0.0,1.0,0.0,0.0,5.5595,4.968,10.8703,-9.1144,26.8454,34.6801,37.63,39.5763,42.6002,-0.9035,-5.777,-12.4652
SLB,57.40999984741211,57.41,2026-09-03,False,57.2599983215332,59.36000061035156,-1.24,64.2,BAJO,86273245184.0,28.36,17.99,3.31,12.91,6.17,12.71,8.53,3.43,13.02,0.47,1.44,4.0,YAHOO,-0.3432,-0.7527,-0.0702,0.068138,2.1544,0.1361,74.68,2026-10-23,50,,,yahoo,1.0,0.0,1.0,1.0,1.0,0.0,0.0,0.0,0.0,4.9043,7.7645,24.3169,-0.5208,67.2165,41.8333,59.7898,59.7898,59.7898,-3.9802,-3.9802,-3.9802
COP,135.72000122070312,135.72,2026-09-03,False,135.44000244140625,137.4199981689453,-1.08,50.63,BAJO,164823498752.0,18.15,14.4,2.52,14.18,7.53,31.51,14.4,4.67,6.74,0.36,1.54,7.0,YAHOO,-0.3432,-0.7527,-0.0702,0.068138,2.1544,0.1361,74.68,2026-11-05,63,2026-08-06,28.0,yahoo,1.0,0.0,1.0,1.0,1.0,1.0,1.0,0.0,1.0,4.7869,0.6153,25.9915,14.5896,25.9406,31.2648,137.2,137.2,137.2,-1.0787,-1.0787,-1.0787
GPRK,11.899999618530273,11.9,2026-09-03,False,11.800000190734863,13.130000114440918,1.8,89.58,BAJO,758631296.0,8.17,6.57,1.73,28.57,7.81,27.52,16.0,12.16,3.53,1.81,1.17,3.0,YAHOO,-0.3432,-0.7527,-0.0702,0.068138,2.1544,0.1361,74.68,2026-11-04,62,2026-08-12,22.0,yahoo,1.0,0.0,1.0,0.0,0.0,1.0,0.0,0.0,0.0,20.8122,21.6769,24.005,7.665,75.1217,46.5583,11.9,11.9,11.9,0.0,0.0,0.0
CEG,285.04998779296875,285.05,2026-09-03,False,282.25,296.6199951171875,-1.72,-4.94,BAJO,102763315200.0,28.35,21.74,3.22,15.06,3.89,8.66,11.08,-6.45,15.55,0.76,1.46,6.0,YAHOO,-0.3432,-0.7527,-0.0702,0.068138,2.1544,0.1361,74.68,2026-11-09,67,2026-08-06,28.0,yahoo,1.0,0.0,1.0,1.0,1.0,0.0,1.0,0.0,1.0,0.9348,4.4445,19.0973,7.8983,38.0747,34.7888,290.04,290.04,401.7044,-1.7205,-1.7205,-29.0399
FSLR,207.4199981689453,207.42,2026-09-03,False,201.75,207.6999969482422,2.38,1.12,BAJO,21773379584.0,12.5,8.77,2.11,18.51,8.62,42.64,32.46,7.34,8.35,0.02,2.52,7.0,YAHOO,-0.3432,-0.7527,-0.0702,0.068138,2.1544,0.1361,74.68,2026-10-29,56,,,yahoo,1.0,1.0,1.0,1.0,1.0,1.0,0.0,0.0,1.0,-1.2756,-3.1019,-8.9145,-34.1419,29.124,48.7051,250.05,273.51,318.25,-17.0486,-24.1637,-34.8248
CCJ,100.62000274658203,100.62,2026-09-03,False,98.69000244140625,101.52999877929688,4.4,32.93,BAJO,41976668160.0,163.36,51.29,8.15,5.11,2.98,9.11,10.21,0.12,52.64,0.17,3.06,8.0,YAHOO,-0.3432,-0.7527,-0.0702,0.068138,2.1544,0.1361,74.68,2026-10-30,57,,,yahoo,1.0,1.0,1.0,1.0,1.0,1.0,0.0,1.0,1.0,-5.3701,5.2621,6.285,-11.7523,47.8007,44.0479,107.36,108.89,134.09,-6.2779,-7.5948,-24.9608
PBR,20.510000228881836,20.51,2026-09-03,False,20.469999313354492,21.260000228881836,-1.68,75.27,BAJO,134429483008.0,5.27,5.23,1.45,30.27,10.07,44.68,24.32,70.1,1.83,0.76,0.85,7.0,YAHOO,-0.3432,-0.7527,-0.0702,0.068138,2.1544,0.1361,74.68,2026-11-10,68,2026-08-06,28.0,yahoo,1.0,1.0,1.0,1.0,1.0,1.0,1.0,0.0,0.0,12.3836,11.0551,26.7201,16.8968,48.242,33.9612,20.86,20.86,21.2388,-1.6779,-1.6779,-3.4314
NEE,84.05999755859375,84.06,2026-09-03,False,83.29000091552734,84.25,1.16,21.98,BAJO,173344784384.0,18.67,18.94,3.03,11.68,2.44,31.52,32.4,-10.25,19.96,1.62,0.53,5.0,YAHOO,-0.3432,-0.7527,-0.0702,0.068138,2.1544,0.1361,74.68,2026-10-27,54,,,yahoo,1.0,0.0,1.0,1.0,0.0,1.0,0.0,1.0,0.0,1.4641,-0.3974,-4.2702,-0.429,6.198,14.2848,85.5765,89.1198,96.443,-1.7721,-5.6776,-12.8398
PAAS,52.599998474121094,52.6,2026-09-03,False,51.560001373291016,53.2599983215332,2.06,53.46,BAJO,21369411584.0,15.25,10.95,2.92,22.41,11.77,37.81,32.03,6.17,9.41,0.11,2.94,7.0,YAHOO,-0.3432,-0.7527,-0.0702,0.068138,2.1544,0.1361,74.68,2026-11-16,74,2026-08-12,22.0,yahoo,1.0,1.0,1.0,1.0,1.0,1.0,0.0,1.0,0.0,-4.172,1.6622,19.5267,-0.5033,50.6892,53.1698,54.89,54.89,68.0597,-4.172,-4.172,-22.7149
HMY,20.760000228881836,20.76,2026-09-03,False,20.329999923706055,20.84000015258789,6.74,49.97,BAJO,12155810816.0,6.8,7.63,2.62,48.05,25.06,47.17,29.57,81.03,0.29,0.13,0.84,,YAHOO,-0.3432,-0.7527,-0.0702,0.068138,2.1544,0.1361,74.68,,999,2026-08-27,7.0,yahoo,,,,,,,,,,-1.2839,-5.7221,34.8052,19.9307,69.4342,64.9871,23.54,23.54,25.5485,-11.8097,-11.8097,-18.7428
B,45.7599983215332,45.76,2026-09-03,False,44.779998779296875,45.810001373291016,3.69,64.45,BAJO,72632877056.0,11.4,10.06,2.66,27.01,13.44,51.34,31.6,7.01,6.14,0.13,3.01,9.0,YAHOO,-0.3432,-0.7527,-0.0702,0.068138,2.1544,0.1361,74.68,2026-11-09,67,2026-08-10,24.0,yahoo,1.0,1.0,1.0,1.0,1.0,1.0,1.0,1.0,1.0,-2.9246,-0.7216,24.6232,7.3524,55.0638,47.8739,48.6827,48.6827,52.117,-6.0035,-6.0035,-12.1975
VALE,15.3100004196167,15.31,2026-09-03,False,15.170000076293945,16.020000457763672,-2.67,59.44,BAJO,66943143936.0,31.46,8.03,1.8,4.11,7.92,21.95,4.75,19.88,1.97,0.55,1.19,4.0,YAHOO,-0.3432,-0.7527,-0.0702,0.068138,2.1544,0.1361,74.68,2026-10-29,56,,,yahoo,1.0,0.0,1.0,1.0,0.0,1.0,0.0,0.0,0.0,0.0,7.5896,7.194,-0.1471,43.6108,31.0255,15.73,15.73,17.3257,-2.6701,-2.6701,-11.6341
LAC,2.9700000286102295,2.97,2026-09-03,False,2.950000047683716,3.0799999237060547,-1.33,2.78,BAJO,1092759296.0,,-21.38,0.77,-3.7,-1.66,0.0,0.0,-123.44,-30.15,0.6,5.47,1.0,YAHOO,-0.3432,-0.7527,-0.0702,0.068138,2.1544,0.1361,74.68,2026-11-13,71,2026-08-13,21.0,yahoo,0.0,0.0,0.0,1.0,0.0,0.0,0.0,0.0,0.0,-6.3091,0.0,-17.9558,-41.7647,37.2325,53.4153,3.43,4.58,10.05,-13.4111,-35.1528,-70.4478
RIO,102.83999633789062,102.84,2026-09-03,False,102.41999816894531,104.38999938964844,0.09,68.9,BAJO,167108411392.0,13.92,11.88,2.55,19.31,8.11,28.05,19.58,2.15,8.08,0.32,1.42,4.0,YAHOO,-0.3432,-0.7527,-0.0702,0.068138,2.1544,0.1361,74.68,,999,2026-07-28,37.0,yahoo,1.0,0.0,1.0,1.0,0.0,0.0,0.0,1.0,0.0,-1.8515,0.6558,15.1761,-0.2863,11.9951,30.2264,106.81,106.81,109.6326,-3.7169,-3.7169,-6.1958
GFI,48.15999984741211,48.16,2026-09-03,False,46.849998474121094,48.34000015258789,7.21,44.26,BAJO,40019070976.0,9.15,8.43,9.53,58.68,28.52,55.0,38.65,10.43,11.26,0.29,1.87,9.0,YAHOO,-0.3432,-0.7527,-0.0702,0.068138,2.1544,0.1361,74.68,,999,2026-08-25,9.0,yahoo,1.0,1.0,1.0,1.0,1.0,1.0,1.0,1.0,1.0,0.3333,5.9626,43.376,23.1084,71.2944,59.8564,48.87,48.87,59.7691,-1.4528,-1.4528,-19.4233
GGB,4.949999809265137,4.95,2026-09-03,False,4.880000114440918,5.070000171661377,-0.4,58.36,BAJO,9751768064.0,22.59,8.77,0.94,4.18,5.03,12.75,3.22,27.15,1.91,0.28,2.87,5.0,YAHOO,-0.3432,-0.7527,-0.0702,0.068138,2.1544,0.1361,74.68,2026-10-26,53,2026-08-04,30.0,yahoo,1.0,0.0,1.0,1.0,0.0,0.0,1.0,0.0,1.0,5.3191,15.5193,16.8688,6.1992,44.9313,38.61,4.97,5.0866,5.0866,-0.4024,-2.6851,-2.6851
FCX,72.55999755859375,72.56,2026-09-03,False,71.44999694824219,75.54000091552734,-1.85,58.28,BAJO,106164772864.0,36.24,17.88,5.28,14.75,7.58,33.4,11.39,2.03,13.04,0.32,2.07,6.0,YAHOO,-0.3432,-0.7527,-0.0702,0.068138,2.1544,0.1361,74.68,2026-10-22,49,,,yahoo,1.0,1.0,1.0,1.0,1.0,0.0,1.0,0.0,0.0,-7.4726,1.8815,22.5958,4.3709,41.5292,49.2711,79.91,79.91,79.91,-9.1979,-9.1979,-9.1979
HL,21.209999084472656,21.21,2026-09-03,False,20.559999465942383,21.6200008392334,2.12,135.37,BAJO,13952630784.0,25.02,19.52,5.21,22.17,15.3,44.27,19.15,2.45,12.76,0.01,5.2,8.0,YAHOO,-0.3432,-0.7527,-0.0702,0.068138,2.1544,0.1361,74.68,2026-11-05,63,2026-08-04,30.0,yahoo,1.0,1.0,1.0,1.0,1.0,1.0,0.0,1.0,1.0,-1.0266,1.8927,36.3371,26.049,89.7171,67.6431,21.43,21.43,31.7903,-1.0266,-1.0266,-33.2816
NEM,130.42999267578125,130.43,2026-09-03,False,126.80999755859375,130.7100067138672,4.43,72.85,BAJO,131880132608.0,15.78,12.41,3.76,25.91,15.75,51.57,33.36,6.68,7.38,0.16,2.55,9.0,YAHOO,-0.3432,-0.7527,-0.0702,0.068138,2.1544,0.1361,74.68,2026-10-22,49,,,yahoo,1.0,1.0,1.0,1.0,1.0,1.0,1.0,1.0,1.0,-1.2008,2.3985,37.4937,20.6513,52.0287,47.4841,134.8593,134.8593,134.8593,-3.2844,-3.2844,-3.2844
GOLD,41.47999954223633,41.48,2026-09-03,False,38.5,42.45800018310547,-5.34,76.87,BAJO,1270971648.0,14.27,12.07,1.47,10.82,2.76,0.86,0.35,-58.53,16.13,1.82,1.18,4.0,YAHOO,-0.3432,-0.7527,-0.0702,0.068138,2.1544,0.1361,74.68,2026-09-02,999,,,yahoo,1.0,0.0,1.0,1.0,0.0,0.0,0.0,1.0,0.0,-9.7869,-9.1546,-4.3137,1.2201,48.4383,47.5406,46.85,46.85,63.5992,-11.4621,-11.4621,-34.779
MUX,20.540000915527344,20.54,2026-09-03,False,20.170000076293945,20.899999618530273,2.09,51.37,BAJO,1201970560.0,15.97,4.94,1.7,13.54,-0.43,-5.92,32.46,-1.55,42.39,0.18,2.04,5.0,YAHOO,-0.3432,-0.7527,-0.0702,0.068138,2.1544,0.1361,74.68,2026-11-04,62,2026-08-05,29.0,yahoo,1.0,1.0,1.0,0.0,0.0,1.0,0.0,1.0,0.0,-5.1708,1.332,13.1681,-2.9301,68.9193,58.5847,21.66,21.66,29.05,-5.1708,-5.1708,-29.2943
NXE,10.670000076293945,10.67,2026-09-03,False,10.505000114440918,10.755000114440918,4.4,36.81,BAJO,6852572672.0,,-54.76,5.12,-17.67,-3.39,0.0,0.0,-4.35,-58.13,0.34,1.46,2.0,YAHOO,-0.3432,-0.7527,-0.0702,0.068138,2.1544,0.1361,74.68,2026-11-03,61,2026-08-04,30.0,yahoo,0.0,0.0,0.0,1.0,0.0,1.0,0.0,0.0,0.0,-4.647,4.4031,17.3817,-6.4855,66.6951,50.6063,11.21,11.21,13.92,-4.8171,-4.8171,-23.3477
MP,53.779998779296875,53.78,2026-09-03,False,53.25,55.62799835205078,-1.68,-14.69,BAJO,9742156800.0,,61.81,4.98,-3.58,-1.52,-14.72,-14.56,-4.44,233.89,0.41,9.51,4.0,YAHOO,-0.3432,-0.7527,-0.0702,0.068138,2.1544,0.1361,74.68,2026-11-05,63,2026-08-06,28.0,yahoo,0.0,1.0,0.0,0.0,1.0,1.0,0.0,1.0,0.0,-8.8938,-2.2892,6.5161,-17.843,30.4802,66.1541,60.17,60.88,98.65,-10.6199,-11.6623,-45.484
JPM,362.05999755859375,362.06,2026-09-03,False,356.3900146484375,362.8500061035156,1.64,25.36,BAJO,946899124224.0,15.25,14.24,2.68,17.79,1.36,50.39,34.92,,,,,3.0,YAHOO,-0.3432,-0.7527,-0.0702,0.068138,2.1544,0.1361,74.68,2026-10-13,40,,,yahoo,1.0,0.0,0.0,0.0,1.0,0.0,1.0,0.0,0.0,2.2133,2.9896,6.7331,16.9838,15.1047,20.3411,365.18,365.18,365.18,-0.8544,-0.8544,-0.8544
AXP,329.82000732421875,329.82,2026-09-03,False,328.3299865722656,335.0,-0.05,2.2,BAJO,222838751232.0,20.04,16.41,6.5,34.38,3.79,20.32,16.14,,,1.72,1.55,4.0,YAHOO,-0.3432,-0.7527,-0.0702,0.068138,2.1544,0.1361,74.68,2026-10-23,50,,,yahoo,1.0,0.0,1.0,1.0,0.0,0.0,1.0,0.0,0.0,-1.2988,-0.4016,-5.6525,5.8212,24.3488,24.6785,344.08,361.57,381.7815,-4.1444,-8.7811,-13.6103
MA,585.7100219726562,585.71,2026-09-03,False,583.8099975585938,592.969970703125,-0.41,0.89,BAJO,515216474112.0,32.33,25.54,91.95,241.2,24.06,61.11,46.34,3.29,23.52,4.4,1.06,9.0,YAHOO,-0.3432,-0.7527,-0.0702,0.068138,2.1544,0.1361,74.68,2026-10-29,56,,,yahoo,1.0,1.0,1.0,1.0,1.0,1.0,1.0,1.0,1.0,-1.0173,2.0668,10.3592,21.7809,18.2176,21.9245,599.86,599.86,599.86,-2.3589,-2.3589,-2.3589
V,378.75,378.75,2026-09-03,False,376.8599853515625,382.2099914550781,0.09,11.25,BAJO,706490662912.0,32.23,25.22,20.05,61.19,19.11,66.13,50.78,2.89,22.71,0.68,0.98,6.0,YAHOO,-0.3432,-0.7527,-0.0702,0.068138,2.1544,0.1361,74.68,2026-10-27,54,,,yahoo,1.0,0.0,1.0,1.0,1.0,0.0,1.0,0.0,1.0,-0.2397,3.56,7.7381,18.5126,21.888,20.657,384.14,384.14,384.14,-1.4031,-1.4031,-1.4031
PYPL,56.81999969482422,56.82,2026-09-03,False,54.0099983215332,56.959999084472656,3.93,-16.03,BAJO,46768041984.0,10.33,9.44,2.38,24.5,4.62,16.97,14.36,9.46,7.4,0.72,1.29,9.0,YAHOO,-0.3432,-0.7527,-0.0702,0.068138,2.1544,0.1361,74.68,2026-10-27,54,,,yahoo,1.0,1.0,1.0,1.0,1.0,1.0,1.0,1.0,1.0,-7.5647,-8.7961,24.4688,32.9123,49.5259,52.642,62.3,62.3,75.4763,-8.7961,-8.7961,-24.7181
PAGS,9.960000038146973,9.96,2026-09-03,False,9.699999809265137,9.989999771118164,1.22,6.25,BAJO,2712356864.0,6.83,5.29,0.94,14.54,6.36,36.2,10.86,-68.44,0.31,0.12,1.55,7.0,YAHOO,-0.3432,-0.7527,-0.0702,0.068138,2.1544,0.1361,74.68,2026-11-11,69,2026-08-11,23.0,yahoo,1.0,0.0,1.0,1.0,1.0,0.0,1.0,1.0,1.0,11.5342,18.0095,11.9101,13.0533,50.198,31.7745,9.96,9.96,11.7187,0.0,0.0,-15.0074
NU,15.680000305175781,15.68,2026-09-03,False,15.34000015258789,15.84000015258789,1.82,6.39,BAJO,74392608768.0,21.1,13.43,5.61,31.63,4.96,50.15,42.73,,,,,4.0,YAHOO,-0.3432,-0.7527,-0.0702,0.068138,2.1544,0.1361,74.68,2026-11-12,70,2026-08-13,21.0,yahoo,1.0,0.0,1.0,1.0,1.0,0.0,0.0,0.0,0.0,5.3763,10.3448,15.2094,29.3729,47.3448,40.5671,15.68,15.68,18.76,0.0,0.0,-16.4179
XP,20.0,20.0,2026-09-03,False,19.600000381469727,20.75,0.05,8.22,BAJO,10143784960.0,10.25,8.52,2.2,22.56,1.36,31.18,28.54,,,6.42,1.49,7.0,YAHOO,-0.3432,-0.7527,-0.0702,0.068138,2.1544,0.1361,74.68,2026-11-16,74,2026-08-17,17.0,yahoo,1.0,1.0,1.0,1.0,1.0,0.0,1.0,1.0,0.0,13.1222,25.0782,25.2348,29.5337,43.9843,40.2748,20.0,20.0,22.6565,0.0,0.0,-11.7252
AIG,76.86000061035156,76.86,2026-09-03,False,76.2699966430664,77.48999786376953,0.96,-0.64,BAJO,39807856640.0,13.89,8.67,0.98,7.22,1.76,19.41,11.09,18.5,4.71,0.22,0.61,5.0,YAHOO,-0.3432,-0.7527,-0.0702,0.068138,2.1544,0.1361,74.68,2026-11-04,62,2026-08-06,28.0,yahoo,1.0,1.0,1.0,1.0,0.0,0.0,1.0,0.0,0.0,0.3001,1.4653,-5.1813,5.3523,12.8655,21.0892,78.78,81.06,85.514,-2.4372,-5.1813,-10.1199
BRK-B,508.1300048828125,508.13,2026-09-03,False,505.2099914550781,508.95001220703125,0.57,1.68,BAJO,1081572196352.0,12.7,22.77,0.0,12.12,6.01,32.56,22.3,6.65,-1.79,0.17,2.89,4.0,YAHOO,-0.3432,-0.7527,-0.0702,0.068138,2.1544,0.1361,74.68,2026-11-07,65,2026-08-08,26.0,yahoo,1.0,0.0,1.0,0.0,1.0,0.0,1.0,0.0,0.0,0.8795,2.2682,0.8194,6.1634,7.7592,14.9957,529.42,529.42,529.42,-4.0214,-4.0214,-4.0214
BBD,3.4600000381469727,3.46,2026-09-03,False,3.4200000762939453,3.5299999713897705,0.41,13.66,BAJO,36532662272.0,8.21,6.17,1.04,13.76,1.07,34.52,26.07,,,,,4.0,YAHOO,-0.3432,-0.7527,-0.0702,0.068138,2.1544,0.1361,74.68,2026-11-04,62,2026-08-05,29.0,yahoo,1.0,1.0,0.0,0.0,1.0,0.0,1.0,0.0,0.0,7.2451,16.2422,1.9997,4.4182,24.9138,29.6617,3.46,3.7214,4.1061,0.0,-7.0244,-15.7361
AEG,9.199999809265137,9.2,2026-09-03,False,9.109999656677246,9.199999809265137,2.18,29.38,BAJO,13735274496.0,12.33,9.88,1.33,11.07,0.1,5.82,8.62,-31.41,,0.43,1.16,6.0,YAHOO,-0.3432,-0.7527,-0.0702,0.068138,2.1544,0.1361,74.68,,999,2026-08-20,14.0,yahoo,1.0,1.0,1.0,0.0,1.0,0.0,1.0,0.0,1.0,3.2935,4.8985,8.0155,16.9332,17.8689,20.1448,9.2766,9.2766,9.2766,-0.8252,-0.8252,-0.8252
SAN,15.050000190734863,15.05,2026-09-03,False,14.850000381469727,15.050000190734863,2.03,59.88,BAJO,214370680832.0,14.32,10.31,1.65,13.11,0.78,43.44,33.46,,,,,4.0,YAHOO,-0.3432,-0.7527,-0.0702,0.068138,2.1544,0.1361,74.68,2026-10-28,55,,,yahoo,1.0,1.0,0.0,0.0,1.0,0.0,1.0,0.0,0.0,3.4364,5.9113,6.0606,20.6897,30.5773,30.5121,15.05,15.05,15.05,0.0,0.0,0.0
GGAL,44.630001068115234,44.63,2026-09-03,False,44.02000045776367,46.09000015258789,-0.84,16.22,BAJO,7627099136.0,128.6,6.43,11.89,1.68,0.31,20.53,2.14,,,,,1.0,YAHOO,-0.3432,-0.7527,-0.0702,0.068138,2.1544,0.1361,74.68,2026-11-24,82,2026-08-25,9.0,yahoo,1.0,0.0,0.0,0.0,0.0,0.0,0.0,0.0,0.0,4.0084,8.9799,-12.474,-8.0095,28.757,52.8343,46.3662,56.2493,58.6267,-3.7446,-20.6568,-23.8743
MELI,1991.06005859375,1991.0601,2026-09-03,False,1985.0799560546875,2066.0,-0.77,-17.63,BAJO,101727182848.0,54.65,35.31,12.99,27.5,4.31,6.72,5.3,0.35,27.49,1.69,1.12,5.0,YAHOO,-0.3432,-0.7527,-0.0702,0.068138,2.1544,0.1361,74.68,2026-11-04,62,2026-08-05,29.0,yahoo,1.0,0.0,1.0,1.0,1.0,0.0,1.0,0.0,0.0,3.1237,3.5953,9.7844,21.7938,27.9689,36.0907,2006.58,2006.58,2510.97,-0.7735,-0.7735,-20.7055
WFC,89.19000244140625,89.19,2026-09-03,False,88.68000030517578,90.33999633789062,-0.09,15.43,BAJO,269952401408.0,12.98,11.3,1.68,12.57,1.08,37.39,27.23,,,,,3.0,YAHOO,-0.3432,-0.7527,-0.0702,0.068138,2.1544,0.1361,74.68,2026-10-13,40,,,yahoo,1.0,0.0,0.0,0.0,1.0,0.0,1.0,0.0,0.0,4.9665,6.5591,2.8929,9.9021,20.8718,23.1707,89.27,89.27,94.8289,-0.0896,-0.0896,-5.9464
BNY,164.3300018310547,164.33,2026-09-03,False,162.1699981689453,164.6300048828125,1.41,61.26,BAJO,109944807424.0,18.91,15.82,2.75,14.12,1.26,40.05,29.41,,,,,6.0,YAHOO,-0.3432,-0.7527,-0.0702,0.068138,2.1544,0.1361,74.68,2026-10-15,42,,,yahoo,1.0,1.0,1.0,1.0,1.0,0.0,1.0,0.0,0.0,1.2882,4.509,7.8962,14.5564,16.8338,22.4837,164.33,164.33,164.33,0.0,0.0,0.0
BCS,26.899999618530273,26.9,2026-09-03,False,26.549999237060547,26.90999984741211,2.67,39.68,BAJO,87908032512.0,10.0,7.89,0.99,10.09,0.47,42.95,27.87,,,,,6.0,YAHOO,-0.3432,-0.7527,-0.0702,0.068138,2.1544,0.1361,74.68,2026-10-22,49,,,yahoo,1.0,1.0,1.0,1.0,0.0,0.0,1.0,0.0,1.0,0.1116,1.5478,-0.7583,8.765,30.6976,32.1644,28.14,28.2428,28.2428,-4.4065,-4.7544,-4.7544
HSBC,106.45999908447266,106.46,2026-09-03,False,105.5999984741211,106.47000122070312,1.45,69.76,BAJO,359532888064.0,14.99,11.08,8.33,13.1,0.78,58.77,37.8,,,,,5.0,YAHOO,-0.3432,-0.7527,-0.0702,0.068138,2.1544,0.1361,74.68,2026-10-27,54,2026-08-04,30.0,yahoo,1.0,0.0,1.0,1.0,1.0,0.0,1.0,0.0,0.0,3.51,4.036,9.8296,15.4978,14.6158,23.064,106.46,107.3417,107.3417,0.0,-0.8214,-0.8214
BHP,92.70999908447266,92.71,2026-09-03,False,92.20999908447266,94.48999786376953,-0.77,73.82,BAJO,237450182656.0,24.2,19.49,4.66,24.0,13.43,43.34,16.73,4.04,8.45,0.5,1.89,7.0,YAHOO,-0.3432,-0.7527,-0.0702,0.068138,2.1544,0.1361,74.68,,999,2026-08-17,17.0,yahoo,1.0,0.0,1.0,1.0,1.0,1.0,0.0,1.0,1.0,-3.7979,-0.9826,15.5553,4.4267,14.2219,36.1244,98.69,98.69,98.69,-6.0594,-6.0594,-6.0594
LYG,6.099999904632568,6.1,2026-09-03,False,6.03000020980835,6.099999904632568,2.01,45.63,BAJO,86534250496.0,13.91,9.35,1.54,11.34,0.56,44.96,26.43,,,,,6.0,YAHOO,-0.3432,-0.7527,-0.0702,0.068138,2.1544,0.1361,74.68,2026-10-29,56,,,yahoo,1.0,1.0,1.0,1.0,0.0,0.0,1.0,0.0,1.0,3.0405,3.3898,2.1934,13.6525,19.0389,28.8628,6.21,6.21,6.21,-1.7713,-1.7713,-1.7713
ING,37.09000015258789,37.09,2026-09-03,False,36.75,37.099998474121094,1.98,60.75,BAJO,103757742080.0,13.57,11.36,1.79,17.12,0.8,49.1,34.49,,,,,2.0,YAHOO,-0.3432,-0.7527,-0.0702,0.068138,2.1544,0.1361,74.68,2026-10-29,56,,,yahoo,1.0,0.0,0.0,0.0,0.0,0.0,1.0,0.0,0.0,5.6695,7.5072,16.5394,22.585,24.9016,26.7941,37.09,37.09,37.09,0.0,0.0,0.0
IBN,30.520000457763672,30.52,2026-09-03,False,30.360000610351562,30.670000076293945,-0.2,-2.81,BAJO,109739761664.0,18.88,16.27,2.74,16.07,2.11,38.51,27.53,,,,,4.0,YAHOO,-0.3432,-0.7527,-0.0702,0.068138,2.1544,0.1361,74.68,2026-10-17,44,,,yahoo,1.0,0.0,1.0,1.0,1.0,0.0,0.0,0.0,0.0,2.2103,2.8648,3.6562,17.9591,17.0341,19.0049,30.58,30.58,32.6665,-0.1962,-0.1962,-6.571
MUFG,24.1299991607666,24.13,2026-09-03,False,24.010000228881836,24.260000228881836,3.03,58.03,BAJO,263610023936.0,15.82,22.74,1.86,9.46,0.51,45.6,27.45,,,,,1.0,YAHOO,-0.3432,-0.7527,-0.0702,0.068138,2.1544,0.1361,74.68,2026-11-12,70,,,yahoo,1.0,0.0,0.0,0.0,0.0,0.0,0.0,0.0,0.0,7.5312,11.9202,13.3396,20.3491,28.0493,28.9467,24.13,24.13,24.13,0.0,0.0,0.0
GS,1037.9300537109375,1037.9301,2026-09-03,False,1012.5,1039.8299560546875,3.34,43.38,BAJO,292458364928.0,15.51,13.57,2.77,16.9,1.07,42.18,31.04,,,7.25,1.56,4.0,YAHOO,-0.3432,-0.7527,-0.0702,0.068138,2.1544,0.1361,74.68,2026-10-13,40,,,yahoo,1.0,1.0,0.0,0.0,0.0,0.0,1.0,0.0,1.0,0.2059,4.0983,0.0032,-4.5393,35.2378,36.816,1053.7192,1146.4551,1146.4551,-1.4984,-9.4661,-9.4661
BX,137.67999267578125,137.68,2026-09-03,False,135.55999755859375,140.6199951171875,0.63,-15.71,BAJO,163540647936.0,30.61,18.27,12.14,31.37,14.33,54.36,22.73,,,0.68,0.87,5.0,YAHOO,-0.3432,-0.7527,-0.0702,0.068138,2.1544,0.1361,74.68,2026-10-22,49,,,yahoo,1.0,0.0,1.0,1.0,1.0,0.0,0.0,0.0,1.0,-4.1493,-2.5964,15.0504,17.3213,40.1855,36.2525,149.32,149.32,181.3246,-7.7953,-7.7953,-24.0699
ITUB,8.220000267028809,8.22,2026-09-03,False,8.100000381469727,8.3100004196167,1.73,28.93,BAJO,89056722944.0,9.98,8.07,2.11,21.48,1.58,39.07,32.58,,,,,4.0,YAHOO,-0.3432,-0.7527,-0.0702,0.068138,2.1544,0.1361,74.68,2026-11-03,61,2026-08-04,30.0,yahoo,1.0,1.0,1.0,0.0,0.0,0.0,1.0,0.0,0.0,9.206,14.6892,-0.0472,8.7163,31.2333,30.5245,8.22,8.6136,9.3754,0.0,-4.5694,-12.3239
BAC,63.040000915527344,63.04,2026-09-03,False,62.31999969482422,63.27000045776367,0.7,28.72,BAJO,437746040832.0,14.46,11.82,1.59,11.2,0.97,38.3,29.52,,,,,5.0,YAHOO,-0.3432,-0.7527,-0.0702,0.068138,2.1544,0.1361,74.68,2026-10-14,41,,,yahoo,1.0,1.0,1.0,0.0,0.0,0.0,1.0,0.0,1.0,3.0571,1.9075,5.3124,16.979,11.2455,18.2719,64.81,64.81,64.81,-2.7311,-2.7311,-2.7311
RACE,417.92999267578125,417.93,2026-09-03,False,412.82000732421875,419.3500061035156,1.14,-13.5,BAJO,72631304192.0,38.44,32.47,17.15,45.44,13.61,31.06,22.25,1.38,29.91,0.86,2.43,9.0,YAHOO,-0.3432,-0.7527,-0.0702,0.068138,2.1544,0.1361,74.68,2026-11-03,61,,,yahoo,1.0,1.0,1.0,1.0,1.0,1.0,1.0,1.0,1.0,0.9395,-2.4371,7.995,19.4359,29.8263,33.0891,436.54,436.54,498.3386,-4.2631,-4.2631,-16.1353
C,138.13999938964844,138.14,2026-09-03,False,134.8300018310547,138.5500030517578,2.83,47.88,BAJO,225346846720.0,14.48,10.43,1.17,8.53,0.66,36.23,21.83,,,,,3.0,YAHOO,-0.3432,-0.7527,-0.0702,0.068138,2.1544,0.1361,74.68,2026-10-13,40,,,yahoo,1.0,0.0,0.0,0.0,1.0,0.0,1.0,0.0,0.0,4.1152,6.532,-1.3694,2.732,24.9574,28.588,139.33,144.9331,144.9331,-0.8541,-4.6871,-4.6871
SCHW,110.37999725341797,110.38,2026-09-03,False,108.77999877929688,110.72000122070312,1.98,21.46,BAJO,187183284224.0,19.72,13.87,4.26,20.27,2.07,52.28,38.79,,,1.51,0.66,7.0,YAHOO,-0.3432,-0.7527,-0.0702,0.068138,2.1544,0.1361,74.68,2026-10-15,42,,,yahoo,1.0,1.0,1.0,1.0,1.0,0.0,1.0,0.0,1.0,2.1564,0.5374,8.6058,25.7976,22.3727,23.6194,113.65,113.65,113.65,-2.8773,-2.8773,-2.8773
PG,146.9199981689453,146.92,2026-09-03,False,146.5,148.22000122070312,-0.49,-5.47,BAJO,342919348224.0,22.3,19.95,6.43,30.29,10.72,22.08,18.44,3.87,14.92,0.64,0.68,6.0,YAHOO,-0.3432,-0.7527,-0.0702,0.068138,2.1544,0.1361,74.68,2026-10-22,49,,,yahoo,1.0,0.0,1.0,1.0,1.0,0.0,1.0,0.0,1.0,2.6408,2.7628,-3.0987,5.1405,11.0217,19.2203,147.64,151.6182,164.7207,-0.4877,-3.0987,-10.8066
KO,88.80999755859375,88.81,2026-09-03,False,88.01000213623047,89.2300033569336,0.65,34.39,BAJO,379656929280.0,26.5,25.02,10.5,42.05,9.4,34.87,28.56,1.37,24.04,1.16,1.3,7.0,YAHOO,-0.3432,-0.7527,-0.0702,0.068138,2.1544,0.1361,74.68,2026-10-20,47,,,yahoo,1.0,1.0,1.0,0.0,1.0,1.0,1.0,1.0,0.0,-0.2807,-1.8674,5.6633,16.3543,13.1557,22.5278,91.99,91.99,91.99,-3.4569,-3.4569,-3.4569
PEP,140.02000427246094,140.02,2026-09-03,False,138.5800018310547,140.75,-0.36,-1.52,BAJO,191950323712.0,18.42,15.66,8.69,51.51,8.93,16.84,10.79,4.08,12.37,2.39,0.93,5.0,YAHOO,-0.3432,-0.7527,-0.0702,0.068138,2.1544,0.1361,74.68,2026-10-08,35,,,yahoo,1.0,0.0,1.0,1.0,0.0,1.0,1.0,0.0,0.0,0.2147,-1.4499,-3.4212,-0.4621,7.5727,23.2345,144.67,146.25,167.221,-3.2142,-4.2598,-16.2665
MO,69.48999786376953,69.49,2026-09-03,False,69.30000305175781,70.12000274658203,-0.1,11.51,BAJO,116147380224.0,14.64,11.86,-43.53,,29.55,61.46,39.0,7.78,8.78,,0.52,6.0,YAHOO,-0.3432,-0.7527,-0.0702,0.068138,2.1544,0.1361,74.68,2026-10-29,56,,,yahoo,1.0,0.0,1.0,1.0,0.0,1.0,1.0,1.0,0.0,2.6895,3.8094,-4.756,-0.1003,13.6789,31.6774,69.57,74.92,74.92,-0.115,-7.2477,-7.2477
WMT,108.41999816894531,108.42,2026-09-03,False,106.0199966430664,109.3499984741211,2.2,8.79,BAJO,844272566272.0,38.44,32.84,8.95,22.31,6.41,3.45,3.0,0.84,20.66,0.72,0.77,7.0,YAHOO,-0.3432,-0.7527,-0.0702,0.068138,2.1544,0.1361,74.68,2026-11-19,77,2026-08-20,14.0,yahoo,1.0,1.0,1.0,1.0,1.0,0.0,1.0,1.0,0.0,5.6416,4.6606,-2.5645,-7.6953,14.1087,28.9818,115.7329,120.7509,133.8795,-6.3188,-10.2119,-19.0167
TGT,164.00999450683594,164.01,2026-09-03,False,162.63999938964844,165.64999389648438,0.4,83.17,BAJO,74213916672.0,16.95,17.15,4.16,26.41,5.69,6.04,4.08,4.63,10.24,1.08,0.99,6.0,YAHOO,-0.3432,-0.7527,-0.0702,0.068138,2.1544,0.1361,74.68,2026-11-18,76,2026-08-19,15.0,yahoo,1.0,0.0,1.0,1.0,1.0,1.0,1.0,0.0,0.0,-1.1571,3.6398,29.5718,33.4428,21.1251,34.1227,169.89,169.89,169.89,-3.4611,-3.4611,-3.4611
MCD,259.6300048828125,259.63,2026-09-03,False,256.1199951171875,262.0899963378906,-0.51,-15.28,BAJO,184659066880.0,21.22,18.67,-180.46,,13.25,46.48,31.72,3.39,15.98,,1.08,6.0,YAHOO,-0.3432,-0.7527,-0.0702,0.068138,2.1544,0.1361,74.68,2026-11-05,63,2026-08-04,30.0,yahoo,1.0,0.0,1.0,1.0,1.0,0.0,1.0,1.0,0.0,0.5443,-2.8442,-7.3472,-4.1231,3.7169,22.8768,273.7542,285.8979,334.503,-5.1594,-9.1878,-22.3833
SBUX,105.81999969482422,105.82,2026-09-03,False,105.22000122070312,107.56999969482422,-0.84,27.04,BAJO,121660801024.0,61.69,34.25,-15.85,,8.02,12.92,5.17,2.52,24.9,,0.76,5.0,YAHOO,-0.3432,-0.7527,-0.0702,0.068138,2.1544,0.1361,74.68,2026-10-28,55,,,yahoo,1.0,0.0,1.0,1.0,1.0,0.0,0.0,0.0,1.0,-1.3425,1.7598,2.7197,13.0528,13.9657,22.3139,108.49,108.49,108.49,-2.4611,-2.4611,-2.4611
NKE,38.77000045776367,38.77,2026-09-03,False,37.95000076293945,38.93000030517578,1.39,-45.8,BAJO,56728993792.0,18.21,16.69,3.81,22.14,6.97,12.69,6.7,3.33,11.88,0.74,1.96,4.0,YAHOO,-0.3432,-0.7527,-0.0702,0.068138,2.1544,0.1361,74.68,2026-10-01,28,,,yahoo,1.0,0.0,1.0,0.0,1.0,0.0,0.0,1.0,0.0,1.9284,-2.5584,-9.3236,-10.1759,21.4797,34.0011,41.668,45.4776,72.9449,-6.9549,-14.7492,-46.8503
MDLZ,61.45000076293945,61.45,2026-09-03,False,60.97999954223633,62.29999923706055,-1.6,3.0,BAJO,79705440256.0,22.88,18.58,3.0,13.34,4.12,21.98,8.86,2.83,16.29,0.83,0.6,5.0,YAHOO,-0.3432,-0.7527,-0.0702,0.068138,2.1544,0.1361,74.68,2026-10-27,54,,,yahoo,1.0,0.0,1.0,1.0,0.0,0.0,1.0,0.0,1.0,-1.5698,-4.1939,2.0425,1.5988,19.8001,27.2937,64.7,64.99,64.99,-5.0232,-5.447,-5.447
HSY,175.05999755859375,175.06,2026-09-03,False,172.02000427246094,176.5500030517578,-1.34,-2.76,BAJO,35650240512.0,24.24,17.98,7.81,32.81,9.92,23.12,12.24,4.89,14.98,1.3,1.18,4.0,YAHOO,-0.3432,-0.7527,-0.0702,0.068138,2.1544,0.1361,74.68,2026-11-05,63,,,yahoo,1.0,0.0,1.0,1.0,0.0,1.0,0.0,0.0,0.0,-3.4525,-7.0363,0.2765,-3.4336,17.7074,28.7809,189.94,189.94,232.6481,-7.8341,-7.8341,-24.7533
ANF,143.5399932861328,143.54,2026-09-03,False,136.61000061035156,144.39999389648438,5.08,50.52,BAJO,6069371904.0,11.8,10.72,4.41,40.61,12.92,19.94,10.04,6.81,7.78,0.94,1.41,5.0,YAHOO,-0.3432,-0.7527,-0.0702,0.068138,2.1544,0.1361,74.68,2026-11-25,83,2026-08-26,8.0,yahoo,1.0,0.0,1.0,1.0,0.0,1.0,1.0,0.0,0.0,-1.5163,36.6787,61.2447,84.8313,63.224,88.2519,148.42,148.42,148.42,-3.288,-3.288,-3.288
EBAY,105.86000061035156,105.86,2026-09-03,False,105.54000091552734,109.6500015258789,-0.79,15.71,BAJO,47481499648.0,22.42,15.85,10.18,46.61,9.15,21.57,18.57,3.33,16.33,1.53,1.02,5.0,YAHOO,-0.3432,-0.7527,-0.0702,0.068138,2.1544,0.1361,74.68,2026-11-04,62,2026-08-05,29.0,yahoo,1.0,1.0,1.0,0.0,0.0,0.0,1.0,0.0,1.0,3.825,1.5026,-7.4345,-2.7193,27.4493,32.7611,111.6406,117.084,118.2715,-5.1778,-9.5863,-10.4941
ABEV,3.0399999618530273,3.04,2026-09-03,False,3.0199999809265137,3.0799999237060547,1.67,36.72,BAJO,46105796608.0,14.95,14.0,2.71,18.4,10.3,23.74,18.41,43.07,1.17,0.03,1.02,8.0,YAHOO,-0.3432,-0.7527,-0.0702,0.068138,2.1544,0.1361,74.68,2026-10-29,56,,,yahoo,1.0,1.0,1.0,1.0,1.0,0.0,1.0,1.0,1.0,5.5556,7.4205,1.3333,-1.9716,22.1341,21.7733,3.04,3.2407,3.4202,0.0,-6.1944,-11.1171
UL,64.23999786376953,64.24,2026-09-03,False,63.689998626708984,64.5999984741211,-0.51,-8.2,BAJO,139036295168.0,21.81,16.35,7.37,31.87,8.29,20.34,18.32,4.84,15.38,1.75,0.74,7.0,YAHOO,-0.3432,-0.7527,-0.0702,0.068138,2.1544,0.1361,74.68,2026-10-28,55,2026-07-28,37.0,finnhub,1.0,1.0,1.0,0.0,0.0,1.0,1.0,1.0,1.0,-0.2794,1.3249,3.2521,17.6755,6.9742,27.6984,65.32,66.3122,72.7099,-1.6534,-3.125,-11.6489
URBN,80.58000183105469,80.58,2026-09-03,False,78.41000366210938,81.37000274658203,2.32,13.87,BAJO,6744968192.0,12.32,11.42,2.58,20.94,8.11,11.62,8.79,1.5,9.31,0.43,1.58,8.0,YAHOO,-0.3432,-0.7527,-0.0702,0.068138,2.1544,0.1361,74.68,2026-11-25,83,2026-08-26,8.0,yahoo,1.0,1.0,1.0,1.0,0.0,1.0,1.0,1.0,1.0,2.2719,10.9153,18.1352,10.5198,27.5441,45.4943,82.95,82.95,82.95,-2.8571,-2.8571,-2.8571
CL,90.08999633789062,90.09,2026-09-03,False,89.13999938964844,90.62999725341797,-0.01,8.48,BAJO,71825268736.0,35.47,21.93,304.39,267.37,15.84,20.97,9.68,4.81,15.69,13.88,1.03,5.0,YAHOO,-0.3432,-0.7527,-0.0702,0.068138,2.1544,0.1361,74.68,2026-10-30,57,,,yahoo,1.0,0.0,1.0,1.0,1.0,0.0,1.0,0.0,0.0,-0.9565,0.4348,-4.6549,6.4706,10.2032,21.4287,93.27,94.5877,97.966,-3.4095,-4.7551,-8.0396
COST,925.4099731445312,925.41,2026-09-03,False,915.3099975585938,930.760009765625,-0.33,-3.38,BAJO,411761213440.0,46.82,40.97,24.91,29.15,8.67,3.67,3.01,1.69,29.74,0.6,1.07,6.0,YAHOO,-0.3432,-0.7527,-0.0702,0.068138,2.1544,0.1361,74.68,2026-09-24,21,,,yahoo,1.0,0.0,1.0,1.0,1.0,1.0,0.0,1.0,0.0,-0.9897,-0.8677,-2.1761,-4.6762,7.4584,20.6821,971.4,985.1138,1092.5829,-4.7344,-6.0606,-15.3007
KMB,107.94999694824219,107.95,2026-09-03,False,107.5,110.0,-1.23,-13.66,BAJO,36347564032.0,21.6,14.6,20.77,104.91,10.2,19.0,11.79,2.59,12.08,3.49,0.91,4.0,YAHOO,-0.3432,-0.7527,-0.0702,0.068138,2.1544,0.1361,74.68,2026-11-03,61,2026-08-04,30.0,yahoo,1.0,0.0,1.0,1.0,1.0,0.0,0.0,0.0,0.0,-1.8458,-0.6808,-5.9177,15.8386,25.9801,26.8085,111.37,114.74,126.0868,-3.0709,-5.9177,-14.3844
ORLY,87.37999725341797,87.38,2026-09-03,False,86.80000305175781,88.33999633789062,0.47,-16.64,BAJO,70355320832.0,27.61,23.82,-38.67,,13.67,20.15,14.27,2.23,19.3,,0.75,7.0,YAHOO,-0.3432,-0.7527,-0.0702,0.068138,2.1544,0.1361,74.68,2026-10-28,55,,,yahoo,1.0,0.0,1.0,1.0,1.0,1.0,1.0,1.0,0.0,-0.5124,-1.9084,0.8425,-1.1539,13.2734,31.1372,93.53,93.53,107.82,-6.5754,-6.5754,-18.9575
PM,186.1699981689453,186.17,2026-09-03,False,186.07000732421875,189.08999633789062,-0.94,19.43,BAJO,292925800448.0,25.82,20.5,-34.13,,14.59,40.0,25.56,3.32,18.69,,0.98,7.0,YAHOO,-0.3432,-0.7527,-0.0702,0.068138,2.1544,0.1361,74.68,2026-10-21,48,,,yahoo,1.0,1.0,1.0,1.0,1.0,1.0,0.0,1.0,0.0,-2.2627,-2.7934,-0.8627,7.271,19.5619,28.5813,194.1,200.17,200.17,-4.0855,-6.9941,-6.9941
ETSY,82.02999877929688,82.03,2026-09-03,False,81.52999877929688,86.0,0.38,51.75,BAJO,7500404224.0,25.86,11.86,-5.41,,10.53,18.74,7.11,2.26,20.08,,1.48,5.0,YAHOO,-0.3432,-0.7527,-0.0702,0.068138,2.1544,0.1361,74.68,2026-11-04,62,2026-08-05,29.0,yahoo,1.0,0.0,1.0,1.0,1.0,0.0,1.0,0.0,0.0,-1.0972,1.0097,5.7224,22.3415,24.0244,42.8869,87.03,87.03,87.03,-5.7451,-5.7451,-5.7451
TM,199.8699951171875,199.87,2026-09-03,False,199.2100067138672,200.86000061035156,0.79,0.14,BAJO,234823581696.0,9.04,12.57,16.13,12.4,2.34,7.86,8.63,-1533.05,6.3,1.15,1.17,3.0,YAHOO,-0.3432,-0.7527,-0.0702,0.068138,2.1544,0.1361,74.68,2026-11-05,63,2026-08-04,30.0,yahoo,1.0,0.0,1.0,1.0,0.0,0.0,0.0,0.0,0.0,4.099,3.969,11.3916,11.3482,6.2873,24.0624,199.87,199.87,248.29,0.0,0.0,-19.5014
HMC,33.040000915527344,33.04,2026-09-03,False,32.84000015258789,33.11000061035156,1.85,-3.8,BAJO,42096484352.0,,,0.55,-0.76,-0.15,8.76,-0.75,636.05,7.16,1.14,1.29,3.0,YAHOO,-0.3432,-0.7527,-0.0702,0.068138,2.1544,0.1361,74.68,2026-11-05,63,2026-08-05,29.0,yahoo,0.0,0.0,1.0,1.0,0.0,0.0,1.0,0.0,0.0,5.458,1.3497,15.9298,18.2957,12.4742,30.3321,33.37,33.37,34.85,-0.9889,-0.9889,-5.1937
NSANY,4.110000133514404,4.11,2026-09-03,False,4.090000152587891,4.150000095367432,0.98,-12.17,BAJO,7115138560.0,,4.73,0.23,-7.65,0.69,2.63,-3.37,-19108.32,15.32,1.72,1.54,4.0,YAHOO,-0.3432,-0.7527,-0.0702,0.068138,2.1544,0.1361,74.68,2026-11-05,63,,,yahoo,0.0,1.0,1.0,1.0,0.0,1.0,0.0,0.0,0.0,3.5265,-3.2941,2.4938,-8.6667,32.1337,39.9607,4.42,4.51,6.05,-7.0136,-8.8692,-32.0661
GM,87.22000122070312,87.22,2026-09-03,False,85.12000274658203,87.37999725341797,2.77,50.67,BAJO,76760801280.0,37.89,5.72,1.2,3.16,2.25,3.2,1.05,28.57,10.94,2.02,1.14,5.0,YAHOO,-0.3432,-0.7527,-0.0702,0.068138,2.1544,0.1361,74.68,2026-10-20,47,,,yahoo,1.0,0.0,1.0,1.0,0.0,1.0,1.0,0.0,0.0,1.2068,1.242,14.7179,5.0337,27.1452,29.5785,89.35,90.3,90.3,-2.3839,-3.4109,-3.4109
ARCO,8.25,8.25,2026-09-03,False,8.09000015258789,8.34000015258789,0.49,21.94,BAJO,1729543680.0,6.67,9.6,2.08,36.36,6.91,5.56,5.16,7.45,5.92,2.64,0.88,6.0,YAHOO,-0.3432,-0.7527,-0.0702,0.068138,2.1544,0.1361,74.68,2026-11-18,76,2026-08-13,21.0,yahoo,1.0,1.0,1.0,1.0,0.0,1.0,1.0,0.0,0.0,3.9043,5.7692,0.1214,0.7034,21.2945,25.2498,8.25,8.7577,9.4222,0.0,-5.7973,-12.441
HD,318.07000732421875,318.07,2026-09-03,False,315.2099914550781,320.44000244140625,0.6,-21.92,BAJO,317774135296.0,22.29,19.86,19.13,104.3,12.14,12.86,8.41,3.39,15.42,3.8,1.08,4.0,YAHOO,-0.3432,-0.7527,-0.0702,0.068138,2.1544,0.1361,74.68,2026-11-17,75,2026-08-18,16.0,yahoo,1.0,0.0,1.0,1.0,1.0,0.0,0.0,0.0,0.0,-2.4942,-4.2082,-7.1829,3.376,20.2122,27.9888,353.0185,355.2818,411.7595,-9.8999,-10.4739,-22.7534
DIS,107.16000366210938,107.16,2026-09-03,False,106.9000015258789,109.19999694824219,-0.76,-7.79,BAJO,186447659008.0,22.26,14.45,1.7,8.01,4.81,19.3,8.7,2.61,11.02,0.39,0.71,8.0,YAHOO,-0.3432,-0.7527,-0.0702,0.068138,2.1544,0.1361,74.68,2026-11-12,70,2026-08-05,29.0,yahoo,1.0,1.0,1.0,1.0,1.0,0.0,1.0,1.0,1.0,0.3183,-0.1491,9.9302,8.6985,20.3511,27.6907,111.25,111.25,117.1437,-3.6764,-3.6764,-8.5226
JNJ,278.42999267578125,278.43,2026-09-03,False,273.1600036621094,278.8900146484375,1.17,59.57,BAJO,663228121088.0,31.93,22.15,7.8,25.74,8.6,29.19,21.48,2.55,19.55,0.58,1.09,3.0,YAHOO,-0.3432,-0.7527,-0.0702,0.068138,2.1544,0.1361,74.68,2026-10-13,40,,,yahoo,1.0,1.0,1.0,0.0,0.0,0.0,0.0,0.0,0.0,4.7635,4.6502,4.7011,22.6293,19.6025,25.611,278.43,278.43,278.43,0.0,0.0,0.0
LLY,1159.5999755859375,1159.6,2026-09-03,False,1137.5,1171.6600341796875,-0.04,60.48,BAJO,1034491265024.0,38.92,24.55,30.53,102.29,20.36,54.22,33.53,1.07,25.89,1.62,1.35,7.0,YAHOO,-0.3432,-0.7527,-0.0702,0.068138,2.1544,0.1361,74.68,2026-10-29,56,2026-08-05,29.0,yahoo,1.0,1.0,1.0,0.0,0.0,1.0,1.0,1.0,1.0,-1.4029,-6.8145,-6.0133,3.1985,12.9389,34.0499,1280.34,1280.34,1280.34,-9.4303,-9.4303,-9.4303
NVO,47.5099983215332,47.51,2026-09-03,False,46.56999969482422,48.0,1.58,-9.67,BAJO,206771568640.0,11.49,13.68,6.0,59.81,18.73,42.54,35.35,18.22,1.7,0.63,0.87,4.0,YAHOO,-0.3432,-0.7527,-0.0702,0.068138,2.1544,0.1361,74.68,2026-11-04,62,2026-08-04,30.0,yahoo,1.0,0.0,1.0,1.0,0.0,1.0,0.0,0.0,0.0,2.7021,2.9692,-3.0679,9.9819,31.9303,37.0487,48.66,50.9588,60.9379,-2.3633,-6.7679,-22.0353
AMGN,444.1199951171875,444.12,2026-09-03,False,438.0799865722656,445.82000732421875,0.29,60.93,BAJO,239413477376.0,27.54,18.15,20.48,91.47,8.67,35.55,22.95,3.61,16.37,4.9,1.37,7.0,YAHOO,-0.3432,-0.7527,-0.0702,0.068138,2.1544,0.1361,74.68,2026-11-03,61,2026-08-04,30.0,yahoo,1.0,1.0,1.0,1.0,1.0,0.0,0.0,1.0,1.0,1.6316,2.9939,21.3571,29.2579,17.015,26.6707,444.12,444.12,444.12,0.0,0.0,0.0
UNH,400.94000244140625,400.94,2026-09-03,False,395.29998779296875,405.1600036621094,0.32,30.54,BAJO,358732759040.0,25.67,17.81,3.67,14.15,4.87,7.13,3.14,6.77,15.18,0.69,0.78,6.0,YAHOO,-0.3432,-0.7527,-0.0702,0.068138,2.1544,0.1361,74.68,2026-10-27,54,,,yahoo,1.0,0.0,1.0,1.0,1.0,0.0,1.0,0.0,1.0,1.491,4.1808,-6.364,1.705,17.6929,23.4655,408.74,436.35,436.35,-1.9083,-8.115,-8.115
PFE,28.809999465942383,28.81,2026-09-03,False,28.440000534057617,29.209999084472656,-0.72,23.93,BAJO,165404524544.0,38.18,10.02,1.94,5.01,5.78,27.88,6.8,7.55,8.46,0.74,1.27,5.0,YAHOO,-0.3432,-0.7527,-0.0702,0.068138,2.1544,0.1361,74.68,2026-11-03,61,2026-08-04,30.0,yahoo,1.0,0.0,1.0,1.0,0.0,0.0,0.0,1.0,1.0,2.8194,3.6704,21.7865,14.1067,18.8741,22.4222,29.02,29.02,29.02,-0.7236,-0.7236,-0.7236
ABT,108.79000091552734,108.79,2026-09-03,False,108.04000091552734,112.0,-1.52,-16.26,BAJO,191155453952.0,35.75,18.21,3.74,10.58,5.33,14.71,11.65,3.77,18.51,0.63,1.38,5.0,YAHOO,-0.3432,-0.7527,-0.0702,0.068138,2.1544,0.1361,74.68,2026-10-14,41,,,yahoo,1.0,0.0,1.0,1.0,1.0,0.0,0.0,1.0,0.0,-2.5092,-4.6872,14.3217,20.6939,23.939,33.006,116.67,116.67,133.5335,-6.7541,-6.7541,-18.5298
CVS,97.19999694824219,97.2,2026-09-03,False,95.66999816894531,98.06999969482422,-0.03,35.94,BAJO,124354289664.0,25.65,11.43,1.56,6.21,2.97,3.86,1.18,6.49,11.21,0.96,0.87,6.0,YAHOO,-0.3432,-0.7527,-0.0702,0.068138,2.1544,0.1361,74.68,2026-10-28,55,2026-08-05,29.0,yahoo,1.0,0.0,1.0,1.0,1.0,1.0,0.0,0.0,1.0,4.6061,3.7907,-6.2573,3.1446,31.0886,26.9714,97.6,109.9195,109.9195,-0.4098,-11.5716,-11.5716
ABBV,260.2099914550781,260.21,2026-09-03,False,257.1400146484375,264.25,-0.58,26.23,BAJO,462489944064.0,73.93,16.07,-77.92,,10.51,40.03,9.8,3.65,17.03,,0.81,7.0,YAHOO,-0.3432,-0.7527,-0.0702,0.068138,2.1544,0.1361,74.68,2026-10-29,56,,,yahoo,1.0,0.0,1.0,1.0,1.0,1.0,0.0,1.0,1.0,0.798,-0.6187,2.9107,16.5031,12.9453,29.0536,265.97,265.97,265.97,-2.1657,-2.1657,-2.1657
TMO,618.4299926757812,618.43,2026-09-03,False,603.52001953125,622.9099731445312,1.63,26.01,BAJO,225006010368.0,32.79,22.14,4.27,13.51,5.13,18.75,15.04,2.77,22.46,0.81,1.55,5.0,YAHOO,-0.3432,-0.7527,-0.0702,0.068138,2.1544,0.1361,74.68,2026-10-21,48,,,yahoo,1.0,0.0,1.0,1.0,0.0,1.0,1.0,0.0,0.0,-1.9455,-1.4533,19.7069,28.4256,32.0951,30.3104,633.71,633.71,638.1787,-2.4112,-2.4112,-3.0945
AZN,164.77000427246094,164.77,2026-09-03,False,162.24000549316406,165.74000549316406,1.94,1.9,BAJO,250671300608.0,24.2,14.23,4.98,21.96,8.02,23.46,17.02,1.96,14.04,0.64,0.89,7.0,YAHOO,-0.3432,-0.7527,-0.0702,0.068138,2.1544,0.1361,74.68,2026-10-30,57,,,yahoo,1.0,1.0,1.0,1.0,1.0,1.0,0.0,1.0,0.0,0.152,0.1702,-14.68,-9.3674,17.8551,34.1225,169.66,195.15,208.62,-2.8822,-15.5675,-21.0191
CAH,248.61000061035156,248.61,2026-09-03,False,245.82000732421875,249.25999450683594,1.27,67.97,BAJO,57095016448.0,33.95,17.44,-19.84,,3.72,1.33,0.67,8.32,14.7,,0.88,6.0,YAHOO,-0.3432,-0.7527,-0.0702,0.068138,2.1544,0.1361,74.68,2026-11-05,63,2026-08-11,23.0,yahoo,1.0,1.0,1.0,1.0,0.0,0.0,1.0,1.0,0.0,5.733,8.8199,3.7128,23.5011,17.4173,22.7103,248.61,248.61,248.61,0.0,0.0,0.0
ISRG,369.8299865722656,369.83,2026-09-03,False,365.4200134277344,378.989990234375,-0.55,-20.77,BAJO,133236441088.0,42.7,30.81,7.24,17.42,10.51,33.6,28.45,1.96,29.98,,4.96,7.0,YAHOO,-0.3432,-0.7527,-0.0702,0.068138,2.1544,0.1361,74.68,2026-10-20,47,,,yahoo,1.0,1.0,1.0,1.0,0.0,1.0,1.0,0.0,1.0,0.7519,-1.2417,-13.4496,-11.6972,22.5771,47.5376,401.27,432.83,592.85,-7.8351,-14.5554,-37.6183
MRNA,148.8699951171875,148.87,2026-09-03,False,142.77999877929688,150.1999969482422,-1.29,492.18,BAJO,60208766976.0,,-32.99,8.9,-39.0,-13.26,-557.93,-141.43,0.5,-25.68,0.19,2.29,3.0,YAHOO,-0.3432,-0.7527,-0.0702,0.068138,2.1544,0.1361,74.68,2026-11-05,63,,,yahoo,0.0,1.0,0.0,1.0,0.0,0.0,0.0,1.0,0.0,4.2726,11.6637,86.624,188.5637,87.7692,377.6527,174.38,174.38,174.38,-14.629,-14.629,-14.629
NVS,163.08999633789062,163.09,2026-09-03,False,161.4199981689453,164.47999572753906,0.39,29.55,BAJO,308790165504.0,24.5,16.56,7.43,30.35,10.25,34.62,22.5,3.85,15.08,1.17,0.86,8.0,YAHOO,-0.3432,-0.7527,-0.0702,0.068138,2.1544,0.1361,74.68,2026-10-27,54,,,yahoo,1.0,1.0,1.0,1.0,0.0,1.0,1.0,1.0,1.0,5.4575,4.3843,3.8591,9.8989,49.6961,28.0393,163.09,163.09,163.6393,0.0,0.0,-0.3357
PHG,26.049999237060547,26.05,2026-09-03,False,25.540000915527344,26.34000015258789,-1.21,-3.09,BAJO,25774761984.0,19.98,13.85,1.93,10.15,4.07,13.99,6.31,5.93,13.12,0.65,1.26,7.0,YAHOO,-0.3432,-0.7527,-0.0702,0.068138,2.1544,0.1361,74.68,2026-11-03,61,,,yahoo,1.0,1.0,1.0,1.0,0.0,1.0,0.0,1.0,1.0,-3.2318,-5.2727,-7.7223,0.2309,8.6052,23.9249,27.62,28.23,31.6757,-5.6843,-7.7223,-17.7604
MRK,152.33999633789062,152.34,2026-09-03,False,148.89999389648438,152.8000030517578,0.46,85.86,BAJO,374121889792.0,122.29,15.89,8.93,6.96,11.87,-0.24,4.77,4.06,14.43,1.28,1.32,4.0,YAHOO,-0.3432,-0.7527,-0.0702,0.068138,2.1544,0.1361,74.68,2026-10-29,56,2026-08-04,30.0,yahoo,1.0,0.0,1.0,0.0,0.0,1.0,1.0,0.0,0.0,1.8724,2.2485,18.2213,27.5865,13.0128,37.6681,156.45,156.45,156.45,-2.627,-2.627,-2.627
GILD,151.22000122070312,151.22,2026-09-03,False,148.41000366210938,151.47999572753906,1.08,34.87,BAJO,185509691392.0,,15.13,15.7,-20.68,14.09,33.68,-10.64,5.27,14.16,2.23,1.26,8.0,YAHOO,-0.3432,-0.7527,-0.0702,0.068138,2.1544,0.1361,74.68,2026-10-29,56,2026-08-04,30.0,yahoo,1.0,1.0,1.0,1.0,1.0,0.0,1.0,1.0,1.0,1.5854,5.4239,10.8976,17.8308,17.9596,29.4161,151.22,151.22,153.9087,0.0,0.0,-1.7469
BMY,68.08999633789062,68.09,2026-09-03,False,66.62000274658203,68.23999786376953,0.64,51.39,BAJO,138210082816.0,14.9,10.32,6.19,46.6,10.72,34.42,18.87,5.87,9.1,2.02,1.53,8.0,YAHOO,-0.3432,-0.7527,-0.0702,0.068138,2.1544,0.1361,74.68,2026-10-29,56,,,yahoo,1.0,1.0,1.0,1.0,1.0,1.0,0.0,1.0,1.0,1.7028,4.0018,17.4573,21.6583,6.519,28.0794,68.09,68.09,68.09,0.0,0.0,0.0
HIMS,27.81999969482422,27.82,2026-09-03,False,27.549999237060547,29.1200008392334,-3.0,-42.52,BAJO,6691428864.0,,28.62,20.65,-32.03,-2.21,-12.75,-5.51,12.69,-721.3,4.77,0.93,4.0,YAHOO,-0.3432,-0.7527,-0.0702,0.068138,2.1544,0.1361,74.68,2026-11-09,67,2026-08-10,24.0,yahoo,1.0,0.0,1.0,1.0,0.0,1.0,0.0,0.0,0.0,-12.1289,-12.6805,-23.0854,-0.6783,48.6507,94.1765,33.78,38.28,62.76,-17.6436,-27.325,-55.6724
CAT,800.1400146484375,800.14,2026-09-03,False,781.489990234375,803.9199829101562,0.99,90.84,BAJO,364191219712.0,34.12,24.47,18.78,56.97,9.03,22.18,14.51,1.39,24.82,2.33,1.37,6.0,YAHOO,-0.3432,-0.7527,-0.0702,0.068138,2.1544,0.1361,74.68,2026-10-29,56,2026-08-04,30.0,yahoo,1.0,0.0,1.0,1.0,1.0,1.0,1.0,0.0,0.0,-2.0636,-1.8703,-14.7317,-14.7643,27.817,44.4513,881.65,1062.9282,1062.9282,-9.2452,-24.723,-24.723
GE,333.4800109863281,333.48,2026-09-03,False,329.32000732421875,334.44000244140625,1.21,20.05,BAJO,341876834304.0,38.86,36.31,19.38,48.23,5.07,20.57,17.72,1.93,30.83,1.13,0.98,6.0,YAHOO,-0.3432,-0.7527,-0.0702,0.068138,2.1544,0.1361,74.68,2026-10-20,47,,,yahoo,1.0,1.0,1.0,0.0,0.0,0.0,1.0,1.0,1.0,-2.6989,-3.2382,-9.1286,1.9062,22.1566,30.5817,375.09,381.22,381.22,-11.0933,-12.523,-12.523
LMT,532.9500122070312,532.95,2026-09-03,False,527.280029296875,537.9199829101562,0.26,17.86,BAJO,122676822016.0,19.6,16.25,13.94,89.17,8.64,11.96,8.16,4.53,14.71,2.34,1.19,6.0,YAHOO,-0.3432,-0.7527,-0.0702,0.068138,2.1544,0.1361,74.68,2026-10-20,47,,,yahoo,1.0,0.0,1.0,1.0,1.0,0.0,1.0,1.0,0.0,-5.2384,-6.1653,0.1618,3.3131,21.4133,36.6574,604.9383,604.9383,668.1661,-11.9001,-11.9001,-20.2369
RTX,202.1300048828125,202.13,2026-09-03,False,200.10000610351562,202.6699981689453,0.67,30.24,BAJO,270602862592.0,35.35,25.56,4.08,12.27,4.21,12.7,8.28,3.65,19.06,0.57,1.01,8.0,YAHOO,-0.3432,-0.7527,-0.0702,0.068138,2.1544,0.1361,74.68,2026-10-20,47,,,yahoo,1.0,1.0,1.0,1.0,1.0,1.0,0.0,1.0,1.0,-4.6916,-4.7859,0.9716,13.038,20.1455,28.9186,225.49,225.49,225.49,-10.3597,-10.3597,-10.3597
UAL,108.66000366210938,108.66,2026-09-03,False,107.02999877929688,109.5999984741211,0.29,1.95,BAJO,35167129600.0,10.15,7.12,2.11,23.25,3.38,5.53,5.56,2.59,7.19,2.02,0.78,7.0,YAHOO,-0.3432,-0.7527,-0.0702,0.068138,2.1544,0.1361,74.68,2026-10-21,48,,,yahoo,1.0,1.0,1.0,1.0,1.0,0.0,1.0,0.0,1.0,-3.3188,-2.7303,-15.3145,3.5449,47.8947,44.9215,129.56,136.11,136.11,-16.1315,-20.1675,-20.1675
F,14.40999984741211,14.41,2026-09-03,False,14.0600004196167,14.470000267028809,1.91,28.48,BAJO,56384606208.0,,7.39,1.58,-18.25,0.35,1.88,-3.94,-14.08,25.7,4.57,1.09,2.0,YAHOO,-0.3432,-0.7527,-0.0702,0.068138,2.1544,0.1361,74.68,2026-10-22,49,,,yahoo,0.0,0.0,1.0,1.0,0.0,0.0,0.0,0.0,0.0,3.2975,3.0021,7.4194,-5.0452,21.3988,29.2895,14.5,15.1163,17.2531,-0.6207,-4.6723,-16.479
AAL,12.970000267028809,12.97,2026-09-03,False,12.930000305175781,13.210000038146973,-1.07,-0.83,BAJO,8678425600.0,,5.66,-2.18,,1.12,2.81,-0.56,5.98,10.66,,0.53,4.0,YAHOO,-0.3432,-0.7527,-0.0702,0.068138,2.1544,0.1361,74.68,2026-10-22,49,,,yahoo,1.0,0.0,1.0,1.0,0.0,0.0,0.0,0.0,1.0,-5.4665,-4.068,-24.593,-2.4812,31.3436,50.8615,15.94,18.15,18.15,-18.6324,-28.5399,-28.5399
UNP,289.1499938964844,289.15,2026-09-03,False,286.239990234375,291.9200134277344,-0.2,34.02,BAJO,172121505792.0,23.46,20.47,8.86,39.7,9.27,40.98,28.85,2.74,15.65,1.51,0.99,8.0,YAHOO,-0.3432,-0.7527,-0.0702,0.068138,2.1544,0.1361,74.68,2026-10-22,49,,,yahoo,1.0,1.0,1.0,1.0,1.0,1.0,1.0,1.0,0.0,-5.5833,-4.434,2.6038,10.0765,23.4096,23.1022,309.1852,309.1852,309.1852,-6.48,-6.48,-6.48
FDX,324.30999755859375,324.31,2026-09-03,False,315.3299865722656,324.44000244140625,2.45,80.19,BAJO,74915659776.0,17.06,15.19,2.4,14.85,5.01,11.13,4.68,7.55,8.97,1.36,1.48,5.0,YAHOO,-0.3432,-0.7527,-0.0702,0.068138,2.1544,0.1361,74.68,2026-10-28,55,,,yahoo,1.0,0.0,1.0,1.0,0.0,1.0,0.0,1.0,0.0,-2.1424,-0.5306,3.6532,-0.7538,33.5237,28.9318,339.35,339.35,339.35,-4.432,-4.432,-4.432
PCAR,124.51000213623047,124.51,2026-09-03,False,122.19000244140625,124.63999938964844,1.95,28.81,BAJO,64284950528.0,25.71,17.15,3.16,12.76,4.12,12.02,9.0,3.02,21.58,0.73,5.52,4.0,YAHOO,-0.3432,-0.7527,-0.0702,0.068138,2.1544,0.1361,74.68,2026-10-27,54,,,yahoo,1.0,0.0,1.0,1.0,0.0,1.0,0.0,0.0,0.0,-1.6042,-3.4357,0.3051,5.7336,23.4204,27.9698,132.7585,137.845,137.845,-6.2131,-9.6739,-9.6739
MMM,168.30999755859375,168.31,2026-09-03,False,165.8000030517578,169.75,-0.26,10.39,BAJO,87028162560.0,29.97,17.26,29.48,81.89,8.74,20.35,11.9,7.3,14.75,4.38,1.24,5.0,YAHOO,-0.3432,-0.7527,-0.0702,0.068138,2.1544,0.1361,74.68,2026-10-20,47,,,yahoo,1.0,0.0,1.0,0.0,0.0,1.0,1.0,0.0,1.0,-5.8827,-5.0779,6.9849,10.6544,7.6612,25.378,182.979,182.979,182.979,-8.0168,-8.0168,-8.0168
PAC,208.2899932861328,208.29,2026-09-03,False,207.25999450683594,209.8000030517578,-0.08,-16.65,BAJO,12403153920.0,19.25,16.46,590.63,28.03,10.47,44.16,30.83,55.61,79.76,1.18,0.74,7.0,YAHOO,-0.3432,-0.7527,-0.0702,0.068138,2.1544,0.1361,74.68,2026-10-19,46,,,yahoo,1.0,1.0,1.0,1.0,0.0,1.0,1.0,0.0,1.0,-3.0533,-0.5538,-12.1806,-13.0821,31.8616,30.4136,222.7,254.56,300.41,-6.4706,-18.1765,-30.6648
GT,6.110000133514404,6.11,2026-09-03,False,6.070000171661377,6.400000095367432,-1.61,-28.11,BAJO,1787851264.0,,11.01,0.63,-61.53,0.51,-0.96,-14.37,27.81,9.41,2.74,1.09,5.0,YAHOO,-0.3432,-0.7527,-0.0702,0.068138,2.1544,0.1361,74.68,2026-11-03,61,2026-08-05,29.0,yahoo,0.0,0.0,1.0,1.0,1.0,1.0,0.0,0.0,1.0,-0.6504,4.6233,-12.963,7.9505,53.6438,50.5452,6.44,7.45,10.54,-5.1242,-17.9866,-42.0304
BA,210.50999450683594,210.51,2026-09-03,False,205.8300018310547,211.05999755859375,0.79,-8.31,BAJO,165084594176.0,75.13,50.69,27.07,173.54,-1.98,0.0,2.59,3.41,-66.08,7.91,1.14,6.0,YAHOO,-0.3432,-0.7527,-0.0702,0.068138,2.1544,0.1361,74.68,2026-10-28,55,,,yahoo,1.0,1.0,1.0,0.0,1.0,0.0,0.0,1.0,1.0,0.2954,-2.1339,-9.1376,-3.1782,20.5098,35.7904,234.42,240.19,252.15,-10.1996,-12.3569,-16.514
HON,207.6300048828125,207.63,2026-09-03,False,204.91000366210938,209.2899932861328,0.76,-0.03,BAJO,65311830016.0,7.92,20.6,3.52,46.58,5.72,20.25,21.58,4.0,10.88,1.85,1.21,5.0,YAHOO,-0.3432,-0.7527,-0.0702,0.068138,2.1544,0.1361,74.68,2026-10-22,49,,,yahoo,1.0,0.0,1.0,1.0,0.0,0.0,1.0,0.0,1.0,-5.7897,-4.8965,-7.4637,-8.7625,20.1225,34.8339,245.4734,248.0457,257.9406,-15.4165,-16.2937,-19.5047
MOS,25.489999771118164,25.49,2026-09-03,False,25.149999618530273,26.309999465942383,-1.12,-18.68,BAJO,8195350016.0,,16.05,0.71,-5.07,1.24,-0.12,-5.21,-9.11,8.23,0.52,1.34,7.0,YAHOO,-0.3432,-0.7527,-0.0702,0.068138,2.1544,0.1361,74.68,2026-11-03,61,2026-08-04,30.0,yahoo,1.0,1.0,1.0,1.0,0.0,1.0,0.0,1.0,1.0,7.2811,9.1649,20.6913,11.31,34.8833,45.2367,25.78,25.78,34.9505,-1.1249,-1.1249,-27.0682
BG,120.12000274658203,120.12,2026-09-03,False,118.26000213623047,122.94000244140625,-2.23,46.11,BAJO,23603755008.0,26.48,10.83,1.48,7.18,3.47,4.62,1.1,-27.43,13.22,0.98,1.57,3.0,YAHOO,-0.3432,-0.7527,-0.0702,0.068138,2.1544,0.1361,74.68,2026-11-04,62,,,yahoo,1.0,0.0,1.0,1.0,0.0,0.0,0.0,0.0,0.0,7.6634,3.0454,8.9869,-6.6007,41.7836,35.6049,122.86,127.4067,130.5866,-2.2302,-5.7192,-8.0151
RKLB,63.810001373291016,63.81,2026-09-03,False,62.36000061035156,64.9000015258789,1.13,39.21,BAJO,40346832896.0,,1384.99,10.81,-7.92,-4.62,-24.57,-21.51,-0.62,-236.43,0.04,5.48,5.0,YAHOO,-0.3432,-0.7527,-0.0702,0.068138,2.1544,0.1361,74.68,2026-11-09,67,2026-08-10,24.0,yahoo,0.0,1.0,0.0,1.0,1.0,1.0,0.0,1.0,0.0,-5.5087,-12.5291,-23.4984,-46.8028,24.3752,87.342,82.83,114.78,150.23,-22.9627,-44.4067,-57.5251
ONDS,7.630000114440918,7.63,2026-09-03,False,7.53000020980835,7.949999809265137,0.26,35.54,BAJO,4348769792.0,,-380.5,2.57,19.32,-8.37,-166.3,96.25,-1.59,-16.67,0.03,9.85,5.0,YAHOO,-0.3432,-0.7527,-0.0702,0.068138,2.1544,0.1361,74.68,2026-11-12,70,2026-08-13,21.0,yahoo,0.0,1.0,0.0,1.0,1.0,1.0,0.0,1.0,0.0,-12.8,-8.9499,3.8095,-36.2573,107.6116,85.1348,9.77,9.83,14.01,-21.9038,-22.3805,-45.5389
SMSN.IL,4636.0,4636.0,2026-09-02,False,4528.0,4676.0,0.61,276.09,BAJO,,48.07,73.92,0.0,10.64,2.3,6.08,13.13,,-1.44,0.03,2.88,6.0,YAHOO,-0.3432,-0.7527,-0.0702,0.068138,2.1544,0.1361,74.68,2026-10-28,55,,,yahoo,1.0,1.0,1.0,1.0,0.0,0.0,0.0,1.0,1.0,-0.9402,1.7559,-8.0159,-16.9633,30.5566,84.2947,5075.0,6002.5513,6002.5513,-8.6502,-22.7662,-22.7662
ADS.DE,149.5500030517578,149.55,2026-09-02,False,148.10000610351562,151.35000610351562,1.08,-13.27,BAJO,26180655104.0,19.17,12.8,4.4,24.32,6.7,8.51,5.3,3.64,11.63,0.94,1.39,6.0,YAHOO,-0.3432,-0.7527,-0.0702,0.068138,2.1544,0.1361,74.68,2026-10-29,56,,,yahoo,1.0,1.0,1.0,0.0,0.0,1.0,0.0,1.0,1.0,-0.7631,-4.0731,-19.3366,-7.3707,27.2796,36.5203,167.35,187.9,191.3097,-10.6364,-20.4098,-21.8283
BAYN.DE,49.18000030517578,49.18,2026-09-02,False,48.4900016784668,49.40999984741211,0.61,75.19,BAJO,48315617280.0,,10.25,1.63,-5.69,3.18,9.19,-3.83,13.58,8.07,1.29,1.04,6.0,YAHOO,-0.3432,-0.7527,-0.0702,0.068138,2.1544,0.1361,74.68,2026-11-03,61,,,yahoo,0.0,0.0,1.0,1.0,1.0,0.0,1.0,1.0,1.0,0.1425,0.3469,-3.9078,36.0066,7.6492,50.0952,49.81,53.36,53.36,-1.2648,-7.8336,-7.8336
RIOT,21.139999389648438,21.14,2026-09-03,False,18.469999313354492,21.204999923706055,13.44,59.08,BAJO,6992950272.0,,-19.93,3.21,-48.24,-21.2,-122.33,-196.28,-10.28,-7.88,0.4,1.58,2.0,YAHOO,-0.3432,-0.7527,-0.0702,0.068138,2.1544,0.1361,74.68,2026-10-29,56,2026-08-10,24.0,yahoo,0.0,0.0,0.0,0.0,0.0,0.0,0.0,1.0,1.0,1.2452,0.7626,-0.1417,-23.0433,132.2616,97.1277,21.3,28.69,28.69,-0.7512,-26.3158,-26.3158
OKLO,39.84000015258789,39.84,2026-09-03,False,39.459999084472656,40.88999938964844,0.81,-42.9,BAJO,7351417344.0,,-39.36,2.23,-7.7,-6.65,-6048.76,0.0,-3.26,-22.56,0.0,48.46,4.0,YAHOO,-0.3432,-0.7527,-0.0702,0.068138,2.1544,0.1361,74.68,2026-11-10,68,2026-08-07,27.0,yahoo,0.0,1.0,0.0,1.0,1.0,1.0,0.0,0.0,0.0,-6.3249,-4.3687,-16.8267,-39.0733,53.131,82.7207,48.42,61.17,174.14,-17.7199,-34.87,-77.1219
SATL,4.630000114440918,4.63,2026-09-03,False,4.5,4.974999904632568,-2.11,32.3,BAJO,727189760.0,,-157.67,10.61,,-9.86,1.67,0.0,-2.59,-45.65,2.85,2.34,4.0,YAHOO,-0.3432,-0.7527,-0.0702,0.068138,2.1544,0.1361,74.68,2026-11-12,70,2026-08-05,29.0,yahoo,0.0,1.0,0.0,0.0,1.0,1.0,0.0,1.0,0.0,-12.806,-12.6415,-3.9419,-43.1204,56.8537,108.9036,5.98,7.52,10.74,-22.5752,-38.4308,-56.8901
JMIA,7.110000133514404,7.11,2026-09-03,False,7.054999828338623,7.400000095367432,-0.84,-19.74,BAJO,958097280.0,,-21.09,1024.29,-216.21,-25.23,-23.8,-27.54,-2.9,-15.96,37.95,0.88,3.0,YAHOO,-0.3432,-0.7527,-0.0702,0.068138,2.1544,0.1361,74.68,2026-11-11,69,2026-08-12,22.0,yahoo,0.0,1.0,0.0,1.0,0.0,0.0,0.0,0.0,1.0,0.5658,7.0783,2.4496,2.4496,35.4831,56.1313,7.17,7.4,14.6,-0.8368,-3.9189,-51.3014
LAR,6.820000171661377,6.82,2026-09-03,False,6.690000057220459,7.03000020980835,-0.58,93.21,BAJO,1125726080.0,,20.04,1.43,-6.58,-2.05,0.0,0.0,-1.45,-35.73,0.3,0.47,1.0,YAHOO,-0.3432,-0.7527,-0.0702,0.068138,2.1544,0.1361,74.68,2026-11-09,67,2026-08-11,23.0,yahoo,0.0,0.0,0.0,1.0,0.0,0.0,0.0,0.0,0.0,-1.3025,14.0468,-8.5791,-30.4791,40.1413,68.2746,7.1,9.77,11.79,-3.9437,-30.1945,-42.1544
NG,8.319999694824219,8.32,2026-09-03,False,8.1899995803833,8.619999885559082,1.84,23.09,BAJO,3584837632.0,,-34.9,8.51,-24.63,-4.36,0.0,0.0,-0.67,-104.71,0.41,112.82,4.0,YAHOO,-0.3432,-0.7527,-0.0702,0.068138,2.1544,0.1361,74.68,2026-09-30,27,,,yahoo,0.0,1.0,0.0,1.0,1.0,1.0,0.0,0.0,0.0,-8.7719,-3.9261,36.3934,1.5873,63.2379,79.4747,9.77,9.77,14.2,-14.8414,-14.8414,-41.4085
PBI,17.579999923706055,17.58,2026-09-03,False,17.350000381469727,17.59000015258789,1.03,47.54,BAJO,2385369600.0,14.15,9.55,-2.76,,8.41,21.68,10.04,9.8,8.13,,0.73,7.0,YAHOO,-0.3432,-0.7527,-0.0702,0.068138,2.1544,0.1361,74.68,2026-11-05,63,,,yahoo,1.0,1.0,1.0,1.0,0.0,0.0,1.0,1.0,1.0,1.795,8.7199,3.7647,5.6243,15.9256,28.4813,17.58,18.4037,18.4037,0.0,-4.476,-4.476
AXIA,9.529999732971191,9.53,2026-08-14,False,9.267999649047852,9.600000381469727,-0.31,-2.64,BAJO,23290886144.0,10.02,10.99,1.22,10.01,3.05,43.79,27.05,16.97,4.39,0.63,2.05,6.0,YAHOO,-0.3432,-0.7527,-0.0702,0.068138,2.1544,0.1361,74.68,2026-11-04,62,2026-08-05,29.0,yahoo,1.0,0.0,1.0,1.0,0.0,0.0,1.0,1.0,1.0,-2.6558,,,,59.054,,,,,,,
TEM,64.66000366210938,64.66,2026-09-03,False,61.189998626708984,64.81300354003906,4.39,-18.78,BAJO,11176128512.0,,-2577.61,25.07,-67.44,-8.55,-20.11,-17.77,-0.84,-61.35,3.25,3.3,4.0,YAHOO,-0.3432,-0.7527,-0.0702,0.068138,2.1544,0.1361,74.68,2026-11-03,61,,,yahoo,0.0,1.0,0.0,1.0,0.0,1.0,0.0,1.0,0.0,-8.5302,-2.9857,7.6053,23.7275,44.1399,91.2952,72.69,72.69,103.25,-11.0469,-11.0469,-37.3753
MRSH,188.4600067138672,188.46,2026-09-03,False,187.58999633789062,191.22000122070312,0.33,-5.59,BAJO,89639362560.0,22.91,16.46,5.91,25.9,7.24,26.32,14.24,5.34,14.25,1.45,1.14,6.0,YAHOO,-0.3432,-0.7527,-0.0702,0.068138,2.1544,0.1361,74.68,2026-10-15,42,,,yahoo,1.0,0.0,1.0,1.0,1.0,0.0,1.0,0.0,1.0,-0.8105,-0.92,6.4754,17.5283,14.453,27.6239,194.67,197.59,203.7672,-3.19,-4.6207,-7.5121
CEPU,14.029999732971191,14.03,2026-09-03,False,13.91100025177002,14.65999984741211,-2.03,38.51,BAJO,2147802880.0,6.57,8.53,1.09,19.03,7.21,24.84,28.78,-1953.22,1.24,0.33,1.28,7.0,YAHOO,-0.3432,-0.7527,-0.0702,0.068138,2.1544,0.1361,74.68,2026-11-11,69,2026-08-11,23.0,yahoo,1.0,1.0,1.0,1.0,0.0,1.0,1.0,0.0,1.0,3.6955,8.8441,-5.5855,-6.3418,36.4349,40.0191,14.32,15.96,17.95,-2.0251,-12.0927,-21.8384
BMA,79.18000030517578,79.18,2026-09-03,False,77.5199966430664,80.7699966430664,0.14,39.68,BAJO,5055659008.0,19.82,6.98,1.21,5.36,1.31,26.07,8.39,,,,,5.0,YAHOO,-0.3432,-0.7527,-0.0702,0.068138,2.1544,0.1361,74.68,2026-11-25,83,2026-08-19,15.0,yahoo,,,,,,,,,,3.0051,8.6593,-13.6061,-8.4613,26.8946,52.0931,84.19,101.0828,101.1279,-5.9508,-21.6682,-21.7031
SUPV,8.779999732971191,8.78,2026-09-03,False,8.630000114440918,9.079999923706055,-0.9,9.62,BAJO,837342720.0,,7.22,0.99,-8.01,-1.15,3.31,-11.23,,,,,2.0,YAHOO,-0.3432,-0.7527,-0.0702,0.068138,2.1544,0.1361,74.68,2026-11-17,75,2026-08-10,24.0,yahoo,0.0,0.0,1.0,1.0,0.0,0.0,0.0,0.0,0.0,4.5238,14.7712,-10.3167,-8.4463,41.5725,63.4073,8.86,11.38,12.86,-0.9029,-22.8471,-31.7263
PAMP,5385.0,5385.0,2026-09-03,False,5350.0,5595.0,-1.82,49.18,BAJO,,,,,,,,,,,,,,YAHOO,-0.3432,-0.7527,-0.0702,0.068138,2.1544,0.1361,74.68,,999,,,none,,,,,,,,,,3.2598,7.0577,3.9575,7.2709,31.0451,24.5108,5485.0,5630.0,5630.0,-1.8232,-4.3517,-4.3517
EDN,24.459999084472656,24.46,2026-09-03,False,24.25,25.549999237060547,-1.81,11.96,BAJO,,7.37,18.3,0.6,9.59,3.09,5.14,7.2,,0.83,0.62,1.46,6.0,YAHOO,-0.3432,-0.7527,-0.0702,0.068138,2.1544,0.1361,74.68,2026-11-06,64,2026-08-07,27.0,yahoo,1.0,0.0,1.0,0.0,0.0,1.0,1.0,1.0,1.0,3.4249,10.5787,-0.3666,-8.2865,45.4665,51.3572,24.91,28.74,35.71,-1.8065,-14.8921,-31.5038
TGS,28.860000610351562,28.86,2026-09-03,False,28.65999984741211,30.18000030517578,-2.73,9.16,BAJO,4466884096.0,12.9,11.33,1.9,15.98,9.91,40.71,28.02,8042.46,-0.48,0.43,3.67,6.0,YAHOO,-0.3432,-0.7527,-0.0702,0.068138,2.1544,0.1361,74.68,2026-11-03,61,2026-08-05,29.0,yahoo,1.0,0.0,1.0,1.0,0.0,1.0,1.0,1.0,0.0,1.0858,2.6316,-1.9368,-5.5628,37.1787,38.7366,29.67,33.36,35.32,-2.73,-13.4892,-18.2899
TEO,12.970000267028809,12.97,2026-09-03,False,12.949999809265137,13.8100004196167,-2.55,52.24,BAJO,,10.82,14.71,0.97,10.83,3.12,13.95,8.91,,1.98,0.67,0.58,6.0,YAHOO,-0.3432,-0.7527,-0.0702,0.068138,2.1544,0.1361,74.68,2026-11-09,67,2026-08-07,27.0,yahoo,,,,,,,,,,-0.4605,-1.7424,0.1544,-1.9652,33.8901,42.7897,14.3,15.98,15.98,-9.3007,-18.836,-18.836
IRS,15.079999923706055,15.08,2026-09-03,False,15.029999732971191,15.5,-1.37,5.25,BAJO,1293711232.0,4.9,168.02,0.92,22.48,4.07,44.36,72.51,13321.43,3.93,0.45,0.6,5.0,YAHOO,-0.3432,-0.7527,-0.0702,0.068138,2.1544,0.1361,74.68,2026-09-04,1,2026-08-31,3.0,yahoo,0.0,0.0,1.0,1.0,1.0,0.0,1.0,1.0,0.0,1.0724,3.7139,-2.3316,-1.4379,25.2836,36.7538,15.29,17.28,18.41,-1.3734,-12.7315,-18.088
CRES,1876.0,1876.0,2026-09-03,False,1862.0,1960.0,-2.95,52.3,BAJO,,,,,,,,,,,,,,YAHOO,-0.3432,-0.7527,-0.0702,0.068138,2.1544,0.1361,74.68,,999,,,none,,,,,,,,,,4.746,8.1892,11.2693,10.1585,54.1841,32.9895,1933.0,1933.0,2120.0,-2.9488,-2.9488,-11.5094
LOMA,10.140000343322754,10.14,2026-09-03,False,10.010000228881836,10.5600004196167,-2.59,12.68,BAJO,1214811904.0,41.64,13.53,1.4,3.82,2.68,5.99,5.13,-2785.58,1.61,0.24,2.25,5.0,YAHOO,-0.3432,-0.7527,-0.0702,0.068138,2.1544,0.1361,74.68,2026-11-05,63,2026-08-06,28.0,yahoo,1.0,0.0,1.0,1.0,0.0,1.0,1.0,0.0,0.0,4.8604,8.7983,-10.424,-10.8963,47.1394,45.5212,10.44,12.59,13.12,-2.8736,-19.4599,-22.7134
GLOB,40.349998474121094,40.35,2026-09-03,False,39.22999954223633,40.90999984741211,3.78,-36.06,BAJO,1678821120.0,15.19,6.23,0.79,5.48,4.67,4.86,4.63,,5.39,0.24,1.84,4.0,YAHOO,-0.3432,-0.7527,-0.0702,0.068138,2.1544,0.1361,74.68,2026-11-19,77,2026-08-13,21.0,yahoo,1.0,0.0,1.0,1.0,0.0,0.0,1.0,0.0,0.0,0.4481,1.8168,27.4881,1.9454,45.7881,65.4325,40.99,40.99,71.21,-1.5614,-1.5614,-43.3366
BBAR,15.09000015258789,15.09,2026-09-03,False,14.789999961853027,15.890000343322754,-1.11,24.61,BAJO,3116652032.0,13.75,13.89,1.2,8.12,1.24,19.02,8.62,,,,,4.0,YAHOO,-0.3432,-0.7527,-0.0702,0.068138,2.1544,0.1361,74.68,2026-11-24,82,2026-08-27,7.0,yahoo,1.0,0.0,1.0,1.0,0.0,0.0,1.0,0.0,0.0,3.3562,7.1733,-24.5477,-14.2471,40.0124,60.937,17.27,21.7253,21.7253,-12.623,-30.5419,-30.5419
LND,3.869999885559082,3.87,2026-09-03,False,3.7699999809265137,3.869999885559082,1.04,-3.0,BAJO,,,,0.97,-0.7,-1.96,-7.33,-1.57,,-11.3,0.71,1.47,,YAHOO,-0.3432,-0.7527,-0.0702,0.068138,2.1544,0.1361,74.68,2026-09-03,0,,,finnhub,,,,,,,,,,4.3127,4.0323,9.322,2.381,18.5207,20.4455,3.87,3.87,4.37,0.0,0.0,-11.4416
AGRO,11.600000381469727,11.6,2026-09-03,False,11.279999732971191,11.84000015258789,-1.53,41.34,BAJO,1699947776.0,31.0,9.44,0.98,3.69,2.47,17.0,3.0,-7.55,9.22,1.24,1.73,2.0,YAHOO,-0.3432,-0.7527,-0.0702,0.068138,2.1544,0.1361,74.68,2026-11-11,69,2026-08-11,23.0,yahoo,0.0,0.0,1.0,1.0,0.0,0.0,0.0,0.0,0.0,8.5126,6.0329,20.5821,-4.2114,69.3325,53.9219,12.02,12.02,15.18,-3.4942,-3.4942,-23.5837
