Ticker,Precio,Cierre_Confirmado,Fecha_Cierre_Confirmado,Precio_Es_Intradiario,Low,High,Change (%),RS 20D,Credit Stress,Market Cap,P/E,Forward P/E,P/Book,ROE,ROA,Operating Margin,Net Margin,FCF Yield,EV/EBITDA,Debt/Equity,Current Ratio,Piotroski,Fund Source,Grain_IS,ZC_Surprise,ZS_Surprise,SPX_Quarterly_Divisor,SPX_ROC_63d,z_MOVE_inv,MOVE_price,Earnings_Next_Date,Earnings_Days_To_Next,Earnings_Last_Date,Earnings_Days_Since,Earnings_Source,piotroski_roa_positive,piotroski_d_roa,piotroski_cfo_positive,piotroski_cfo_gt_ni,piotroski_d_leverage,piotroski_d_liquidity,piotroski_no_dilution,piotroski_d_margin,piotroski_d_turnover,roc_5d,roc_10d,roc_42d,roc_63d,vol_5d,vol_60d,high_20d,high_60d,high_252d,drawdown_20d,drawdown_60d,drawdown_252d
^GSPC,7683.68994140625,7683.6899,2026-09-28,False,7666.60009765625,7724.14990234375,-0.77,3.21,ALTO,,,,,,,,,,,,,,NONE,-1.458,-0.8279,-1.8781,0.055599,3.2694,-3.4829,101.82,,999,,,none,,,,,,,,,,-1.0433,0.8361,5.0237,3.2694,9.8469,11.3114,7764.7002,7798.9902,,-1.0433,-1.4784,
^DJI,51481.51171875,51481.5117,2026-09-28,False,51409.6484375,51780.5,-0.67,-1.4,ALTO,,,,,,,,,,,,,,NONE,-1.458,-0.8279,-1.8781,0.055599,3.2694,-3.4829,101.82,,999,,,none,,,,,,,,,,-1.09,-1.7926,-0.2183,-1.3438,12.1014,11.8455,53686.1094,54349.1211,,-4.1065,-5.2763,
^IXIC,26820.380859375,26820.3809,2026-09-28,False,26709.6875,26990.015625,-0.92,3.81,ALTO,,,,,,,,,,,,,,NONE,-1.458,-0.8279,-1.8781,0.055599,3.2694,-3.4829,101.82,,999,,,none,,,,,,,,,,-1.1124,2.421,9.7265,3.8739,12.1137,17.2384,27244.2793,27244.2793,,-1.5559,-1.5559,
^RUT,2817.912109375,2817.9121,2026-09-28,False,2807.596435546875,2833.505615234375,-0.69,-6.45,ALTO,,,,,,,,,,,,,,NONE,-1.458,-0.8279,-1.8781,0.055599,3.2694,-3.4829,101.82,,999,,,none,,,,,,,,,,-1.9979,-2.5699,-3.0416,-6.3947,13.1969,13.5425,2975.6499,3068.4199,,-5.301,-8.1641,
^VIX,16.06999969482422,16.07,2026-09-28,False,15.680000305175781,16.6200008392334,8.07,-9.01,ALTO,,,,,,,,,,,,,,NONE,-1.458,-0.8279,-1.8781,0.055599,3.2694,-3.4829,101.82,,999,,,none,,,,,,,,,,8.0699,-6.0234,-5.9684,-2.31,94.2863,103.8255,17.84,20.66,,-9.9215,-22.2168,
^MOVE,101.82060241699219,101.8206,2026-09-28,False,96.00250244140625,101.82060241699219,6.06,49.37,ALTO,,,,,,,,,,,,,,NONE,-1.458,-0.8279,-1.8781,0.055599,3.2694,-3.4829,101.82,,999,,,none,,,,,,,,,,25.3948,21.3595,37.2615,49.4285,194.1302,85.0506,104.58,104.58,,-2.6386,-2.6386,
^TNX,5.240000247955322,5.24,2026-09-28,False,5.204999923706055,5.27400016784668,1.08,19.74,ALTO,,,,,,,,,,,,,,NONE,-1.458,-0.8279,-1.8781,0.055599,3.2694,-3.4829,101.82,,999,,,none,,,,,,,,,,5.5813,5.6239,13.3708,19.7988,17.4371,14.3031,5.24,5.24,,0.0,0.0,
^IRX,4.057000160217285,4.057,2026-09-28,False,4.050000190734863,4.088000297546387,-0.32,10.18,ALTO,,,,,,,,,,,,,,NONE,-1.458,-0.8279,-1.8781,0.055599,3.2694,-3.4829,101.82,,999,,,none,,,,,,,,,,1.8835,3.1004,10.9076,10.2446,9.1641,10.9873,4.07,4.07,,-0.3194,-0.3194,
DX-Y.NYB,101.17500305175781,101.175,2026-09-28,False,100.9800033569336,101.30799865722656,0.2,0.0,ALTO,,,,,,,,,,,,,,NONE,-1.458,-0.8279,-1.8781,0.055599,3.2694,-3.4829,101.82,,999,,,none,,,,,,,,,,0.7418,1.7243,0.372,0.0643,5.3564,4.7007,101.29,101.51,,-0.1135,-0.33,
^N225,66364.203125,66364.2031,2026-09-25,False,65639.6171875,66410.2734375,1.3,-4.53,ALTO,,,,,,,,,,,,,,NONE,-1.458,-0.8279,-1.8781,0.055599,3.2694,-3.4829,101.82,,999,,,none,,,,,,,,,,4.5367,1.6775,-0.0879,,7.7658,,66405.5625,70474.9609,,-0.0623,-5.8329,
^MERV,2798924.75,2798924.75,2026-09-28,False,2795735.0,2894984.75,-3.28,-11.95,ALTO,,,,,,,,,,,,,,NONE,-1.458,-0.8279,-1.8781,0.055599,3.2694,-3.4829,101.82,,999,,,none,,,,,,,,,,-6.67,-9.2598,-13.4292,-11.8935,17.3395,24.0899,3157852.0,3379772.0,,-11.3662,-17.186,
^NYA,23757.306640625,23757.3066,2026-09-28,False,23714.271484375,23912.5859375,-0.65,-0.25,ALTO,,,,,,,,,,,,,,NONE,-1.458,-0.8279,-1.8781,0.055599,3.2694,-3.4829,101.82,,999,,,none,,,,,,,,,,-1.3674,-1.8512,-0.7837,-0.1908,8.4417,8.2347,24720.1504,24821.6797,,-3.895,-4.2881,
^HSI,24510.08984375,24510.0898,2026-09-25,False,24275.560546875,24537.140625,-1.01,6.38,ALTO,,,,,,,,,,,,,,NONE,-1.458,-0.8279,-1.8781,0.055599,3.2694,-3.4829,101.82,,999,,,none,,,,,,,,,,-0.9725,-1.1914,-5.0288,6.4421,9.2789,15.9847,25650.8691,26009.4609,,-4.4473,-5.7647,
^TWII,48024.6015625,48024.6016,2026-09-24,False,47754.71875,48117.5390625,-0.28,4.24,ALTO,,,,,,,,,,,,,,NONE,-1.458,-0.8279,-1.8781,0.055599,3.2694,-3.4829,101.82,,999,,,none,,,,,,,,,,3.7517,2.3095,15.4344,7.7467,9.9116,31.3427,48157.2891,48157.2891,,-0.2755,-0.2755,
^KS11,7080.919921875,7080.9199,2026-09-23,False,7014.97998046875,7153.990234375,0.9,-15.71,ALTO,,,,,,,,,,,,,,NONE,-1.458,-0.8279,-1.8781,0.055599,3.2694,-3.4829,101.82,,999,,,none,,,,,,,,,,5.4027,0.4152,5.8335,,17.0633,70.1823,7080.9199,8476.4805,,0.0,-16.4639,
^GDAXI,25408.640625,25408.6406,2026-09-25,False,25347.30078125,25529.330078125,0.56,3.11,ALTO,,,,,,,,,,,,,,NONE,-1.458,-0.8279,-1.8781,0.055599,3.2694,-3.4829,101.82,,999,,,none,,,,,,,,,,0.4133,-0.6255,-0.2036,1.6516,9.0077,12.2,26258.1094,26569.9902,,-3.2351,-4.3709,
^FTSE,10684.8798828125,10684.8799,2026-09-28,False,10684.8798828125,10758.740234375,-0.1,1.85,ALTO,,,,,,,,,,,,,,NONE,-1.458,-0.8279,-1.8781,0.055599,3.2694,-3.4829,101.82,,999,,,none,,,,,,,,,,-0.504,-0.1189,-2.0491,1.7889,2.5052,8.7986,10831.5,10908.4004,,-1.3536,-2.0491,
^AEX,1112.0899658203125,1112.09,2026-09-25,False,1110.3299560546875,1117.1300048828125,0.47,4.33,ALTO,,,,,,,,,,,,,,NONE,-1.458,-0.8279,-1.8781,0.055599,3.2694,-3.4829,101.82,,999,,,none,,,,,,,,,,1.5524,1.2132,1.7373,2.9551,7.7658,8.5004,1116.05,1119.59,,-0.3548,-0.6699,
^IBEX,19700.099609375,19700.0996,2026-09-25,False,19655.5,19819.099609375,0.65,1.55,ALTO,,,,,,,,,,,,,,NONE,-1.458,-0.8279,-1.8781,0.055599,3.2694,-3.4829,101.82,,999,,,none,,,,,,,,,,0.9547,-0.6976,1.4805,1.1719,8.7365,13.3103,20050.6992,20213.5996,,-1.7486,-2.5404,
FTSEMIB.MI,51867.0,51867.0,2026-09-24,False,51658.0,52210.0,0.63,22.73,ALTO,,,,,,,,,,,,,,YAHOO,-1.458,-0.8279,-1.8781,0.055599,3.2694,-3.4829,101.82,,999,,,none,,,,,,,,,,0.6247,-1.2283,0.8242,0.358,10.1019,13.4372,52613.0,53717.0,53717.0,-1.4179,-3.444,-3.444
^SSMI,13945.7099609375,13945.71,2026-09-25,False,13924.900390625,14029.6396484375,0.29,-2.02,ALTO,,,,,,,,,,,,,,NONE,-1.458,-0.8279,-1.8781,0.055599,3.2694,-3.4829,101.82,,999,,,none,,,,,,,,,,1.1532,1.2373,-3.7304,-1.7487,3.5005,10.0565,14395.9404,14633.7002,,-3.1275,-4.7014,
^OMXC25,1835.0712890625,1835.0713,2026-09-28,False,1832.8487548828125,1844.5408935546875,-0.08,1.6,ALTO,,,,,,,,,,,,,,NONE,-1.458,-0.8279,-1.8781,0.055599,3.2694,-3.4829,101.82,,999,,,none,,,,,,,,,,-1.2628,-1.3583,-0.8627,1.6581,5.0901,12.1328,1915.88,1935.0699,,-4.2178,-5.1677,
^GSPTSE,35489.859375,35489.8594,2026-09-28,False,35341.6796875,35639.51171875,-0.87,1.85,ALTO,,,,,,,,,,,,,,NONE,-1.458,-0.8279,-1.8781,0.055599,3.2694,-3.4829,101.82,,999,,,none,,,,,,,,,,-1.4428,-0.5956,-0.7268,,13.1518,11.1563,36633.1016,36957.6016,,-3.1208,-3.9714,
^AXJO,8665.0,8665.0,2026-09-25,False,8639.900390625,8702.0,-0.43,-1.86,ALTO,,,,,,,,,,,,,,NONE,-1.458,-0.8279,-1.8781,0.055599,3.2694,-3.4829,101.82,,999,,,none,,,,,,,,,,-0.7582,-0.8717,-4.1334,-1.2952,7.3964,8.9062,9076.0,9271.5996,,-4.5284,-6.5426,
^MXX,64944.41015625,64944.4102,2026-09-28,False,64621.8984375,65127.98828125,-0.07,-4.05,ALTO,,,,,,,,,,,,,,NONE,-1.458,-0.8279,-1.8781,0.055599,3.2694,-3.4829,101.82,,999,,,none,,,,,,,,,,2.2152,1.5951,-2.3097,-3.0198,10.1337,12.609,65436.1602,67466.4609,,-0.7515,-3.7382,
^BVSP,182991.125,182991.125,2026-09-28,False,181931.359375,184094.65625,-0.26,5.59,ALTO,,,,,,,,,,,,,,NONE,-1.458,-0.8279,-1.8781,0.055599,3.2694,-3.4829,101.82,,999,,,none,,,,,,,,,,-1.9319,-1.353,5.2369,6.3753,6.1238,17.217,188269.0,188269.0,,-2.8034,-2.8034,
HYG,77.54000091552734,77.54,2026-09-28,False,77.41999816894531,77.6449966430664,-0.41,1.22,ALTO,,,,,,,,,,,,,,YAHOO,-1.458,-0.8279,-1.8781,0.055599,3.2694,-3.4829,101.82,,999,,,none,,,,,,,,,,-1.4489,-1.2607,-1.1314,-1.629,4.5563,3.2801,79.375,79.4844,79.4844,-2.3118,-2.4463,-2.4463
LQD,102.47000122070312,102.47,2026-09-28,False,102.18399810791016,102.69999694824219,-0.72,-3.92,ALTO,,,,,,,,,,,,,,YAHOO,-1.458,-0.8279,-1.8781,0.055599,3.2694,-3.4829,101.82,,999,,,none,,,,,,,,,,-2.4931,-1.7546,-2.706,-5.4614,7.9368,6.122,105.766,107.7492,108.7168,-3.1163,-4.8996,-5.746
TLT,78.62000274658203,78.62,2026-09-28,False,78.2697982788086,78.86959838867188,-0.88,-8.33,ALTO,,,-3931.0,0.53,,,,,,,,,,YAHOO,-1.458,-0.8279,-1.8781,0.055599,3.2694,-3.4829,101.82,,999,,,none,,,,,,,,,,-3.8875,-2.8543,-4.3583,-9.0545,10.0141,10.1419,82.21,84.7823,88.4493,-4.3669,-7.2684,-11.1129
GC=F,4155.89990234375,4155.8999,2026-09-28,False,4147.7998046875,4156.2998046875,-3.83,2.84,ALTO,,,,,,,,,,,,,,NONE,-1.458,-0.8279,-1.8781,0.055599,3.2694,-3.4829,101.82,,999,,,none,,,,,,,,,,-5.2008,-4.5038,2.9631,2.8968,29.6196,22.9439,4539.8999,4697.7998,,-8.4583,-11.5352,
HG=F,6.624000072479248,6.624,2026-09-28,False,6.610499858856201,6.624499797821045,-1.07,8.57,ALTO,,,,,,,,,,,,,,NONE,-1.458,-0.8279,-1.8781,0.055599,3.2694,-3.4829,101.82,,999,,,none,,,,,,,,,,-0.9347,4.6446,5.587,8.6347,13.1852,22.2594,6.8035,6.8035,,-2.6383,-2.6383,
CL=F,93.16000366210938,93.16,2026-09-28,False,93.0999984741211,93.7699966430664,0.81,31.61,ALTO,,,,,,,,,,,,,,NONE,-1.458,-0.8279,-1.8781,0.055599,3.2694,-3.4829,101.82,,999,,,none,,,,,,,,,,-2.7354,-8.1172,10.3007,31.6749,40.1864,51.5173,105.83,105.83,,-11.972,-11.972,
ZS=F,1287.75,1287.75,2026-09-28,False,1279.25,1322.5,-2.37,16.08,ALTO,,,,,,,,,,,,,,NONE,-1.458,-0.8279,-1.8781,0.055599,3.2694,-3.4829,101.82,,999,,,none,,,,,,,,,,-3.0309,0.1945,9.3166,16.1443,18.1092,19.5072,1328.0,1328.0,,-3.0309,-3.0309,
ZC=F,522.25,522.25,2026-09-28,False,517.25,529.0,-1.14,29.85,ALTO,,,,,,,,,,,,,,NONE,-1.458,-0.8279,-1.8781,0.055599,3.2694,-3.4829,101.82,,999,,,none,,,,,,,,,,-3.8214,2.002,16.314,29.9129,11.6813,25.0806,543.0,543.0,,-3.8214,-3.8214,
BTC-USD,83204.859375,83204.8594,2026-09-28,False,82580.828125,84846.0390625,-1.48,-25.85,ALTO,1671673282560.0,,,,,,,,,,,,,YAHOO,-1.458,-0.8279,-1.8781,0.055599,3.2694,-3.4829,101.82,,999,,,none,,,,,,,,,,-1.3962,2.8472,28.9873,30.5688,13.2354,35.8165,86602.9141,86602.9141,89503.875,-3.9237,-3.9237,-7.0377
ETH-USD,2674.929931640625,2674.9299,2026-09-28,False,2636.71533203125,2717.544921875,-0.45,-35.47,ALTO,326504218624.0,,,,,,,,,,,,,YAHOO,-1.458,-0.8279,-1.8781,0.055599,3.2694,-3.4829,101.82,,999,,,none,,,,,,,,,,-0.3636,2.4349,39.8874,41.4848,4.9014,49.9438,2776.4683,2776.4683,3022.2109,-3.6571,-3.6571,-11.491
IBIT,47.209999084472656,47.21,2026-09-28,False,46.709999084472656,47.78499984741211,-0.76,-27.4,ALTO,,,,,,,,,,,,,,YAHOO,-1.458,-0.8279,-1.8781,0.055599,3.2694,-3.4829,101.82,,999,,,none,,,,,,,,,,-3.6727,5.5208,31.1389,38.1217,12.3804,38.9419,49.01,49.01,71.29,-3.6727,-3.6727,-33.7775
SPY,765.6099853515625,765.61,2026-09-28,False,763.7150268554688,769.5399780273438,-0.74,16.54,ALTO,,24.74,,1.78,,,,,,,,,,YAHOO,-1.458,-0.8279,-1.8781,0.055599,3.2694,-3.4829,101.82,,999,,,none,,,,,,,,,,-1.02,0.8715,5.2163,3.5778,9.7134,11.2774,773.5,775.9532,775.9532,-1.02,-1.333,-1.333
QQQ,736.530029296875,736.53,2026-09-28,False,731.6300048828125,741.4199829101562,-1.07,23.53,ALTO,,30.02,,2.06,,,,,,,,,,YAHOO,-1.458,-0.8279,-1.8781,0.055599,3.2694,-3.4829,101.82,,999,,,none,,,,,,,,,,-0.6662,3.9648,11.4197,1.8254,11.3031,19.5641,747.46,747.46,747.46,-1.4623,-1.4623,-1.4623
DIA,514.02001953125,514.02,2026-09-28,False,513.2999267578125,516.989990234375,-0.67,12.59,ALTO,,20.87,,,,,,,,,,,,YAHOO,-1.458,-0.8279,-1.8781,0.055599,3.2694,-3.4829,101.82,,999,,,none,,,,,,,,,,-1.1082,-1.7703,0.0431,-1.1313,12.2767,11.7665,535.6953,541.1131,541.1131,-4.0462,-5.0069,-5.0069
IWM,280.0199890136719,280.02,2026-09-28,False,278.79998779296875,281.92999267578125,-0.69,17.01,ALTO,,16.49,,1.28,,,,,,,,,,YAHOO,-1.458,-0.8279,-1.8781,0.055599,3.2694,-3.4829,101.82,,999,,,none,,,,,,,,,,-1.9469,-2.4864,-2.7095,-6.0938,13.9276,13.4687,295.2389,304.2953,304.2953,-5.1548,-7.9775,-7.9775
GLD,377.9100036621094,377.91,2026-09-28,False,376.8800048828125,381.5199890136719,-3.94,7.16,ALTO,,,,2.22,,,,,,,,,,YAHOO,-1.458,-0.8279,-1.8781,0.055599,3.2694,-3.4829,101.82,,999,,,none,,,,,,,,,,-5.1383,-3.8005,1.8406,2.5313,30.6655,25.1,410.22,428.07,495.9,-7.8763,-11.7177,-23.7931
SLV,54.95000076293945,54.95,2026-09-28,False,54.869998931884766,55.834999084472656,-5.49,29.23,ALTO,,,,,,,,,,,,,,YAHOO,-1.458,-0.8279,-1.8781,0.055599,3.2694,-3.4829,101.82,,999,,,none,,,,,,,,,,-7.8484,-3.3251,6.1426,4.309,46.6885,39.8005,60.73,62.77,105.6,-9.5175,-12.4582,-47.964
XLY,109.0,109.0,2026-09-28,False,108.91000366210938,109.92500305175781,-1.41,-8.77,ALTO,,23.82,,,,,,,,,,,,YAHOO,-1.458,-0.8279,-1.8781,0.055599,3.2694,-3.4829,101.82,,999,,,none,,,,,,,,,,-2.878,-3.1989,-2.1234,-6.7281,13.3856,19.6474,116.3338,119.5966,123.7507,-6.3041,-8.8603,-11.9197
XLV,171.25999450683594,171.26,2026-09-28,False,169.5800018310547,171.8699951171875,0.33,28.06,ALTO,,30.6,,,,,,,,,,,,YAHOO,-1.458,-0.8279,-1.8781,0.055599,3.2694,-3.4829,101.82,,999,,,none,,,,,,,,,,1.3313,2.4831,3.414,6.9525,9.1477,17.1792,172.5994,175.0102,175.0102,-0.776,-2.1429,-2.1429
XLRE,41.349998474121094,41.35,2026-09-28,False,41.21500015258789,41.71500015258789,-0.51,1.96,ALTO,,29.47,,,,,,,,,,,,YAHOO,-1.458,-0.8279,-1.8781,0.055599,3.2694,-3.4829,101.82,,999,,,none,,,,,,,,,,-2.9115,-3.2976,-9.2732,-7.1726,9.4306,12.9108,43.8806,45.6259,45.6259,-5.7671,-9.3718,-9.3718
XLK,194.52999877929688,194.53,2026-09-28,False,192.69000244140625,196.14999389648438,-0.89,39.44,ALTO,,34.44,,,,,,,,,,,,YAHOO,-1.458,-0.8279,-1.8781,0.055599,3.2694,-3.4829,101.82,,999,,,none,,,,,,,,,,-0.1642,5.6854,16.922,5.0413,11.4548,26.798,196.27,196.27,197.7432,-0.8865,-0.8865,-1.6249
XLI,168.77999877929688,168.78,2026-09-28,False,167.94000244140625,169.94000244140625,-0.97,11.48,ALTO,,27.4,,1.72,,,,,,,,,,YAHOO,-1.458,-0.8279,-1.8781,0.055599,3.2694,-3.4829,101.82,,999,,,none,,,,,,,,,,-0.706,-0.4098,-4.2038,-7.4012,13.6402,14.6533,174.8002,186.0101,186.0101,-3.444,-9.263,-9.263
XLF,54.189998626708984,54.19,2026-09-28,False,54.13999938964844,54.724998474121094,-1.19,1.63,ALTO,,15.37,,1.59,,,,,,,,,,YAHOO,-1.458,-0.8279,-1.8781,0.055599,3.2694,-3.4829,101.82,,999,,,none,,,,,,,,,,-3.059,-4.6435,-4.0547,1.2319,11.7575,12.7305,58.3535,58.3535,58.3535,-7.1349,-7.1349,-7.1349
XLE,62.099998474121094,62.1,2026-09-28,False,61.83000183105469,62.7864990234375,0.1,41.4,ALTO,,17.23,,1.19,,,,,,,,,,YAHOO,-1.458,-0.8279,-1.8781,0.055599,3.2694,-3.4829,101.82,,999,,,none,,,,,,,,,,-0.5764,-3.1937,6.5117,16.5904,12.2569,21.9131,65.5404,65.5404,65.5404,-5.2493,-5.2493,-5.2493
XLC,111.18000030517578,111.18,2026-09-28,False,110.96499633789062,112.79499816894531,-1.58,-5.12,ALTO,,15.34,,,,,,,,,,,,YAHOO,-1.458,-0.8279,-1.8781,0.055599,3.2694,-3.4829,101.82,,999,,,none,,,,,,,,,,-3.1111,-3.0621,1.8596,3.3986,19.6126,21.2251,114.75,114.75,118.9953,-3.1111,-3.1111,-6.5677
XLB,49.470001220703125,49.47,2026-09-28,False,48.94160079956055,49.73500061035156,-0.66,12.89,ALTO,,23.09,,0.63,,,,,,,,,,YAHOO,-1.458,-0.8279,-1.8781,0.055599,3.2694,-3.4829,101.82,,999,,,none,,,,,,,,,,-0.4828,-1.5693,-3.9473,-1.8996,9.4097,17.0593,52.7074,53.4241,53.4241,-6.1423,-7.4014,-7.4014
XLP,82.27999877929688,82.28,2026-09-28,False,81.55000305175781,82.50499725341797,0.27,8.17,ALTO,,24.34,,1.21,,,,,,,,,,YAHOO,-1.458,-0.8279,-1.8781,0.055599,3.2694,-3.4829,101.82,,999,,,none,,,,,,,,,,0.4395,-1.8939,-5.1956,-1.8358,9.652,15.445,84.9712,86.8786,88.3086,-3.1671,-5.2932,-6.8268
XLU,39.25,39.25,2026-09-28,False,39.060001373291016,39.54499816894531,-0.66,-7.32,ALTO,,17.67,,0.61,,,,,,,,,,YAHOO,-1.458,-0.8279,-1.8781,0.055599,3.2694,-3.4829,101.82,,999,,,none,,,,,,,,,,-3.4678,-5.4553,-11.9604,-14.0839,15.0943,13.6678,43.1328,45.9521,46.7541,-9.0021,-14.585,-16.0501
PSQ,24.90999984741211,24.91,2026-09-28,False,24.769899368286133,25.078899383544922,1.1,-16.96,ALTO,,,,,,,,,,,,,,YAHOO,-1.458,-0.8279,-1.8781,0.055599,3.2694,-3.4829,101.82,,999,,,none,,,,,,,,,,0.7648,-3.7067,-9.8135,-1.1737,11.0638,19.6411,26.047,27.6205,32.6748,-4.3653,-9.8135,-23.7638
EWZ,36.209999084472656,36.21,2026-09-28,False,36.125,36.599998474121094,-1.66,22.03,ALTO,,10.53,,0.99,,,,,,,,,,YAHOO,-1.458,-0.8279,-1.8781,0.055599,3.2694,-3.4829,101.82,,999,,,none,,,,,,,,,,-4.8857,-4.0032,2.0863,4.8046,13.8511,22.8091,38.61,38.61,41.3365,-6.216,-6.216,-12.4018
FXI,34.16999816894531,34.17,2026-09-28,False,34.15999984741211,34.32500076293945,0.62,-15.14,ALTO,,9.05,,,,,,,,,,,,YAHOO,-1.458,-0.8279,-1.8781,0.055599,3.2694,-3.4829,101.82,,999,,,none,,,,,,,,,,-2.1197,-1.9231,-5.3987,7.7578,16.1473,17.4446,35.88,36.52,40.9939,-4.7659,-6.4348,-16.6461
COPX,85.26000213623047,85.26,2026-09-28,False,83.44999694824219,85.7300033569336,-1.69,47.76,ALTO,,15.68,,,,,,,,,,,,YAHOO,-1.458,-0.8279,-1.8781,0.055599,3.2694,-3.4829,101.82,,999,,,none,,,,,,,,,,-2.5489,-0.4205,11.9779,12.5693,25.3942,42.8833,95.27,96.45,96.45,-10.507,-11.6019,-11.6019
URA,40.130001068115234,40.13,2026-09-28,False,39.91999816894531,40.63999938964844,-1.91,-13.74,ALTO,,25.27,,,,,,,,,,,,YAHOO,-1.458,-0.8279,-1.8781,0.055599,3.2694,-3.4829,101.82,,999,,,none,,,,,,,,,,-6.631,-4.8827,6.9563,-8.6501,27.4002,45.7331,47.5,48.37,61.81,-15.5158,-17.0353,-35.0752
ARKK,89.25,89.25,2026-09-28,False,88.66000366210938,90.44000244140625,-1.67,3.51,ALTO,,57.6,,,,,,,,,,,,YAHOO,-1.458,-0.8279,-1.8781,0.055599,3.2694,-3.4829,101.82,,999,,,none,,,,,,,,,,-1.6204,5.347,26.4522,10.6908,30.2129,37.6513,91.7,91.7,92.53,-2.6718,-2.6718,-3.5448
ITA,209.25999450683594,209.26,2026-09-28,False,208.8000030517578,211.7899932861328,-2.13,2.06,ALTO,,31.76,,,,,,,,,,,,YAHOO,-1.458,-0.8279,-1.8781,0.055599,3.2694,-3.4829,101.82,,999,,,none,,,,,,,,,,-3.1831,-3.3526,-11.3254,-12.3897,17.9646,21.0007,228.0856,252.9268,252.9268,-8.2537,-17.2646,-17.2646
SMH,600.010009765625,600.01,2026-09-28,False,591.9199829101562,607.9199829101562,-1.08,86.48,ALTO,,40.98,,,,,,,,,,,,YAHOO,-1.458,-0.8279,-1.8781,0.055599,3.2694,-3.4829,101.82,,999,,,none,,,,,,,,,,0.6677,10.8052,18.9977,-5.0587,15.3927,39.982,607.46,611.03,668.91,-1.2264,-1.8035,-10.3003
EEM,67.19999694824219,67.2,2026-09-28,False,66.50199890136719,67.46499633789062,-1.15,28.75,ALTO,,14.3,,,,,,,,,,,,YAHOO,-1.458,-0.8279,-1.8781,0.055599,3.2694,-3.4829,101.82,,999,,,none,,,,,,,,,,-2.3682,1.8336,10.0377,-0.3411,20.7147,24.3761,69.1,69.1,71.21,-2.7496,-2.7496,-5.6312
AAPL,338.3999938964844,338.4,2026-09-28,False,338.0400085449219,342.9880065917969,-0.78,33.43,ALTO,4938670276608.0,38.76,35.3,45.98,148.75,27.08,32.62,27.62,2.18,29.77,0.78,1.0,8.0,YAHOO,-1.458,-0.8279,-1.8781,0.055599,3.2694,-3.4829,101.82,2026-10-29,31,,,yahoo,1.0,1.0,1.0,0.0,1.0,1.0,1.0,1.0,1.0,-0.1711,1.5972,0.1484,20.2143,17.5804,26.7989,341.07,341.07,341.07,-0.7828,-0.7828,-0.7828
MSFT,509.2200012207031,509.22,2026-09-28,False,502.2200012207031,513.3300170898438,-1.35,-0.29,ALTO,3781236359168.0,28.35,21.51,8.55,34.04,14.09,45.11,40.3,0.44,20.0,0.29,1.23,6.0,YAHOO,-1.458,-0.8279,-1.8781,0.055599,3.2694,-3.4829,101.82,2026-10-28,30,,,yahoo,1.0,1.0,1.0,1.0,1.0,0.0,1.0,0.0,0.0,1.5171,0.7538,30.6342,38.4211,34.8466,40.6906,516.17,516.17,537.6464,-1.3465,-1.3465,-5.2872
NVDA,228.86000061035156,228.86,2026-09-28,False,228.0399932861328,233.2100067138672,1.68,26.09,ALTO,5526282305536.0,28.97,14.59,24.13,117.21,53.57,66.24,63.66,0.76,26.83,0.17,4.59,4.0,YAHOO,-1.458,-0.8279,-1.8781,0.055599,3.2694,-3.4829,101.82,2026-11-17,50,,,yahoo,1.0,0.0,1.0,0.0,1.0,0.0,1.0,0.0,0.0,0.6509,8.485,20.5811,17.5135,20.9166,39.6167,230.1025,230.1025,235.2024,-0.54,-0.54,-2.6966
META,715.6199951171875,715.62,2026-09-28,False,713.1900024414062,750.5759887695312,-4.79,-3.47,ALTO,1823046369280.0,26.97,20.55,6.98,29.85,14.59,34.83,29.83,1.18,17.66,0.43,2.23,5.0,YAHOO,-1.458,-0.8279,-1.8781,0.055599,3.2694,-3.4829,101.82,2026-10-28,30,,,yahoo,1.0,0.0,1.0,1.0,0.0,0.0,1.0,1.0,0.0,-3.4577,7.5999,22.2972,27.2991,67.162,48.972,777.59,777.59,777.59,-7.9695,-7.9695,-7.9695
GOOGL,342.75,342.75,2026-09-28,False,339.55999755859375,343.5899963378906,-0.34,40.75,ALTO,4191810224128.0,17.21,22.7,6.73,48.68,12.96,34.03,54.77,0.54,23.69,0.19,2.72,6.0,YAHOO,-1.458,-0.8279,-1.8781,0.055599,3.2694,-3.4829,101.82,2026-10-28,30,,,yahoo,1.0,0.0,1.0,1.0,0.0,1.0,1.0,1.0,0.0,-3.4425,-1.9005,1.8593,-3.0198,35.6883,34.8382,354.97,377.4074,402.1212,-3.4425,-9.183,-14.7645
AMZN,246.14999389648438,246.15,2026-09-28,False,244.72500610351562,247.7698974609375,-1.41,10.73,ALTO,2655051055104.0,19.8,23.5,4.81,30.56,6.59,13.69,17.44,0.12,16.7,0.46,1.03,6.0,YAHOO,-1.458,-0.8279,-1.8781,0.055599,3.2694,-3.4829,101.82,2026-10-29,31,,,yahoo,1.0,1.0,1.0,1.0,1.0,0.0,0.0,1.0,0.0,-4.7591,-2.9147,8.6036,2.5027,18.273,42.396,259.77,284.02,284.02,-5.2431,-13.3336,-13.3336
TSLA,357.45001220703125,357.45,2026-09-28,False,356.79998779296875,369.42999267578125,-3.94,-19.41,ALTO,1411765764096.0,330.97,164.5,16.25,4.67,1.93,1.41,3.67,0.34,134.16,0.18,1.94,5.0,YAHOO,-1.458,-0.8279,-1.8781,0.055599,3.2694,-3.4829,101.82,2026-10-21,23,,,yahoo,1.0,0.0,1.0,1.0,0.0,1.0,0.0,1.0,0.0,-4.7562,-0.4234,19.821,-13.2066,29.1478,50.2693,380.12,419.77,489.88,-5.9639,-14.8462,-27.0331
MSTR,157.13999938964844,157.14,2026-09-28,False,155.05999755859375,161.72000122070312,-0.93,-51.92,ALTO,62428839936.0,,3.18,1.89,-63.56,-38.73,-6808.11,0.0,-36.18,-2.19,0.15,5.39,3.0,YAHOO,-1.458,-0.8279,-1.8781,0.055599,3.2694,-3.4829,101.82,2026-10-29,31,,,yahoo,0.0,0.0,0.0,1.0,1.0,1.0,0.0,0.0,0.0,-6.7418,14.751,68.3703,69.5511,18.7539,85.2548,168.5,168.5,359.69,-6.7418,-6.7418,-56.3124
PLTR,187.47999572753906,187.48,2026-09-28,False,185.6199951171875,190.25,-1.15,4.76,ALTO,450525396992.0,158.88,80.71,46.09,38.1,17.29,47.12,49.01,0.48,167.77,0.02,7.23,8.0,YAHOO,-1.458,-0.8279,-1.8781,0.055599,3.2694,-3.4829,101.82,2026-11-02,35,,,yahoo,1.0,1.0,1.0,1.0,1.0,1.0,0.0,1.0,1.0,2.3977,8.1761,52.4228,62.0398,37.5797,77.8786,192.59,192.59,207.18,-2.6533,-2.6533,-9.5086
SNOW,328.1199951171875,328.12,2026-09-28,False,316.6300048828125,333.7200012207031,-2.33,45.61,ALTO,115760734208.0,,108.86,53.8,-48.06,-9.02,-17.0,-20.07,1.5,-114.65,1.29,0.94,5.0,YAHOO,-1.458,-0.8279,-1.8781,0.055599,3.2694,-3.4829,101.82,2026-12-02,65,2026-09-02,26.0,yahoo,0.0,0.0,1.0,1.0,1.0,0.0,0.0,1.0,1.0,-3.3207,-1.2728,15.9844,30.3874,19.4627,49.4792,356.47,356.47,356.47,-7.953,-7.953,-7.953
CRWD,259.25,259.25,2026-09-28,False,246.50999450683594,260.6846923828125,2.82,112.24,ALTO,265455108096.0,8641.67,161.43,52.03,1.46,-0.78,-2.26,0.83,0.75,2377.0,0.16,1.57,4.0,YAHOO,-1.458,-0.8279,-1.8781,0.055599,3.2694,-3.4829,101.82,2026-12-01,64,,,yahoo,0.0,0.0,1.0,1.0,1.0,1.0,0.0,0.0,0.0,3.9703,10.141,44.5256,39.5862,56.9621,75.1544,262.49,262.49,262.49,-1.2343,-1.2343,-1.2343
PANW,392.0899963378906,392.09,2026-09-28,False,367.2677917480469,394.5,4.63,92.18,ALTO,320729612288.0,956.32,80.36,11.62,1.74,1.4,5.4,2.67,1.32,196.18,0.09,0.87,3.0,YAHOO,-1.458,-0.8279,-1.8781,0.055599,3.2694,-3.4829,101.82,2026-11-19,52,2026-09-01,27.0,yahoo,1.0,0.0,1.0,1.0,0.0,0.0,0.0,0.0,0.0,5.4686,4.8537,24.8098,18.0994,68.8219,62.5262,393.3,396.0,396.0,-0.3077,-0.9874,-0.9874
ADBE,231.00999450683594,231.01,2026-09-28,False,224.6699981689453,231.49000549316406,-1.89,-35.79,ALTO,91826470912.0,12.89,8.35,7.68,61.9,20.08,34.82,28.05,10.18,9.36,0.58,0.77,7.0,YAHOO,-1.458,-0.8279,-1.8781,0.055599,3.2694,-3.4829,101.82,2026-12-09,72,2026-09-10,18.0,yahoo,1.0,1.0,1.0,1.0,0.0,0.0,1.0,1.0,1.0,-7.4182,-13.0233,-12.3069,11.9072,20.378,48.578,292.79,292.79,360.37,-21.1005,-21.1005,-35.8964
CRM,227.27000427246094,227.27,2026-09-28,False,221.17999267578125,230.56500244140625,-2.88,-6.55,ALTO,187043217408.0,20.79,14.2,4.87,19.38,5.7,21.38,21.99,9.48,16.9,1.1,0.84,7.0,YAHOO,-1.458,-0.8279,-1.8781,0.055599,3.2694,-3.4829,101.82,2026-12-02,65,,,yahoo,1.0,1.0,1.0,1.0,0.0,0.0,1.0,1.0,1.0,-3.8702,-12.2423,20.8567,44.1587,33.4145,62.5328,263.9656,263.9656,264.417,-13.9017,-13.9017,-14.0486
MU,1053.97998046875,1053.98,2026-09-28,False,1032.0,1084.81005859375,-2.61,544.03,ALTO,1190357762048.0,23.81,6.54,11.81,66.64,34.87,80.37,55.91,0.64,17.63,0.06,3.42,7.0,YAHOO,-1.458,-0.8279,-1.8781,0.055599,3.2694,-3.4829,101.82,2026-09-30,2,,,yahoo,1.0,1.0,1.0,1.0,1.0,0.0,0.0,1.0,1.0,0.9598,14.0634,42.6225,-7.9577,27.0248,77.8286,1096.16,1096.16,1213.3734,-3.848,-3.848,-13.1364
INTC,116.02999877929688,116.03,2026-09-28,False,114.70500183105469,121.70999908447266,-5.67,236.45,ALTO,613346770944.0,,56.27,6.68,-10.71,1.41,12.19,-19.79,0.79,39.0,0.49,1.6,6.0,YAHOO,-1.458,-0.8279,-1.8781,0.055599,3.2694,-3.4829,101.82,2026-10-22,24,,,yahoo,0.0,1.0,1.0,1.0,1.0,1.0,0.0,1.0,0.0,-4.7216,19.3847,41.7074,-11.9116,65.1982,75.1063,127.39,127.39,140.94,-8.9175,-8.9175,-17.6742
AMAT,486.760009765625,486.76,2026-09-28,False,471.3800048828125,487.45001220703125,0.36,138.76,ALTO,386291499008.0,42.0,26.37,15.07,41.07,15.48,33.74,30.05,0.8,37.72,0.29,2.42,6.0,YAHOO,-1.458,-0.8279,-1.8781,0.055599,3.2694,-3.4829,101.82,2026-11-12,45,,,yahoo,1.0,0.0,1.0,1.0,0.0,1.0,1.0,1.0,0.0,4.8509,14.7451,11.6464,-29.8514,16.3252,64.8734,486.76,601.8564,722.2277,0.0,-19.1236,-32.603
TXN,278.30999755859375,278.31,2026-09-28,False,273.8999938964844,279.3299865722656,0.09,55.76,ALTO,254165958656.0,42.23,26.15,14.11,35.18,13.06,42.58,31.11,1.39,27.42,0.78,4.86,7.0,YAHOO,-1.458,-0.8279,-1.8781,0.055599,3.2694,-3.4829,101.82,2026-10-27,29,,,yahoo,1.0,1.0,1.0,1.0,0.0,1.0,1.0,0.0,1.0,2.7467,5.6526,3.1091,-2.0124,23.5769,33.2289,278.31,309.8734,330.5874,0.0,-10.1859,-15.8135
TSM,452.8800048828125,452.88,2026-09-28,False,443.1099853515625,455.27178955078125,0.5,67.44,ALTO,2348850348032.0,33.72,20.66,93.0,39.97,19.0,60.34,49.92,31.11,5.14,0.17,2.46,9.0,YAHOO,-1.458,-0.8279,-1.8781,0.055599,3.2694,-3.4829,101.82,2026-10-15,17,,,yahoo,1.0,1.0,1.0,1.0,1.0,1.0,1.0,1.0,1.0,1.7388,8.6326,21.1986,-0.2208,15.205,34.4608,452.88,452.88,476.2923,0.0,0.0,-4.9155
AMD,607.8699951171875,607.87,2026-09-28,False,596.0700073242188,629.64501953125,-3.61,276.66,ALTO,992332546048.0,155.47,39.02,14.76,10.2,5.13,17.25,15.58,0.89,106.74,0.06,2.61,7.0,YAHOO,-1.458,-0.8279,-1.8781,0.055599,3.2694,-3.4829,101.82,2026-11-03,36,,,yahoo,1.0,1.0,1.0,1.0,0.0,1.0,0.0,1.0,1.0,-1.2429,23.1977,41.5099,12.6749,40.3456,67.5084,630.63,630.63,630.63,-3.6091,-3.6091,-3.6091
ASML,1771.4100341796875,1771.41,2026-09-28,False,1735.5,1784.56005859375,1.58,85.17,ALTO,680398618624.0,61.19,30.07,1520.57,53.94,16.45,37.06,30.11,1.24,2758.53,0.09,1.33,8.0,YAHOO,-1.458,-0.8279,-1.8781,0.055599,3.2694,-3.4829,101.82,2026-10-14,16,,,yahoo,1.0,1.0,1.0,1.0,1.0,0.0,1.0,1.0,1.0,3.5113,12.4598,14.2337,-5.81,20.9132,41.286,1771.41,1883.12,1986.8704,0.0,-5.9322,-10.8442
MRVL,251.89999389648438,251.9,2026-09-28,False,248.14149475097656,261.7814025878906,-3.83,206.33,ALTO,226383691776.0,83.69,37.21,12.11,16.52,4.12,16.68,27.93,1.06,81.06,0.29,3.17,8.0,YAHOO,-1.458,-0.8279,-1.8781,0.055599,3.2694,-3.4829,101.82,2026-12-01,64,,,yahoo,1.0,1.0,1.0,0.0,1.0,1.0,1.0,1.0,1.0,-2.1292,15.1174,54.1616,-9.2846,32.9545,81.8178,262.36,262.36,316.352,-3.9869,-3.9869,-20.3735
QCOM,187.47999572753906,187.48,2026-09-28,False,186.7100067138672,199.0865020751953,-7.17,15.72,ALTO,200239972352.0,21.43,18.37,7.16,33.75,11.61,18.53,21.01,5.11,18.26,0.55,2.02,6.0,YAHOO,-1.458,-0.8279,-1.8781,0.055599,3.2694,-3.4829,101.82,2026-11-04,37,,,yahoo,1.0,0.0,1.0,1.0,0.0,1.0,1.0,0.0,1.0,-3.4753,4.0688,21.0819,-0.1164,72.7014,47.1329,201.97,201.97,248.7425,-7.1743,-7.1743,-24.6289
COIN,191.7899932861328,191.79,2026-09-28,False,191.11000061035156,198.7799072265625,-1.7,-42.64,ALTO,50601283584.0,,67.65,3.87,-7.85,1.12,-13.92,-16.34,5.27,70.56,0.51,2.42,4.0,YAHOO,-1.458,-0.8279,-1.8781,0.055599,3.2694,-3.4829,101.82,2026-10-29,31,,,yahoo,1.0,0.0,1.0,1.0,0.0,1.0,0.0,0.0,0.0,-4.6058,0.1776,19.8014,26.4688,18.5542,77.4582,201.07,201.07,387.27,-4.6153,-4.6153,-50.4764
SHOP,144.00999450683594,144.01,2026-09-28,False,136.5,144.0500030517578,1.24,-3.41,ALTO,186875232256.0,97.3,58.77,14.64,15.54,10.19,17.55,14.53,0.85,74.43,0.01,5.35,5.0,YAHOO,-1.458,-0.8279,-1.8781,0.055599,3.2694,-3.4829,101.82,2026-11-03,36,,,yahoo,1.0,0.0,1.0,1.0,0.0,1.0,0.0,0.0,1.0,4.4156,7.5584,11.4887,26.0923,42.3428,64.655,147.74,158.53,179.01,-2.5247,-9.1592,-19.552
RBLX,41.86000061035156,41.86,2026-09-28,False,41.86000061035156,44.59000015258789,-9.86,-70.49,ALTO,29903777792.0,,-33.6,196.53,-432.28,-7.73,-13.27,-17.61,4.94,-37.91,14.23,0.82,6.0,YAHOO,-1.458,-0.8279,-1.8781,0.055599,3.2694,-3.4829,101.82,2026-10-29,31,,,yahoo,0.0,1.0,1.0,1.0,1.0,0.0,0.0,1.0,1.0,-18.322,-18.3857,-16.4971,-22.9665,67.0227,80.1009,51.29,57.07,141.56,-18.3857,-26.6515,-70.4295
UBER,68.16000366210938,68.16,2026-09-28,False,67.7300033569336,69.68000030517578,-2.1,-31.61,ALTO,139220910080.0,14.95,15.44,5.09,37.16,6.88,13.32,17.34,5.2,20.42,0.52,0.84,6.0,YAHOO,-1.458,-0.8279,-1.8781,0.055599,3.2694,-3.4829,101.82,2026-11-03,36,,,yahoo,1.0,0.0,1.0,1.0,0.0,1.0,1.0,1.0,0.0,-3.7832,-6.1545,-4.2697,-9.7218,17.7,35.8509,76.45,80.35,100.1,-10.8437,-15.1711,-31.9081
HPQ,31.31999969482422,31.32,2026-09-28,False,30.75,31.795000076293945,0.06,22.35,ALTO,28244092928.0,11.95,9.98,-307.06,,5.63,5.4,4.14,12.0,7.42,,0.79,5.0,YAHOO,-1.458,-0.8279,-1.8781,0.055599,3.2694,-3.4829,101.82,2026-11-24,57,,,yahoo,1.0,0.0,1.0,1.0,0.0,1.0,1.0,0.0,0.0,-4.9469,-7.9365,11.3142,39.6836,27.854,52.0428,35.48,35.48,35.48,-11.7249,-11.7249,-11.7249
BIDU,86.97000122070312,86.97,2026-09-28,False,86.29000091552734,87.55000305175781,-0.41,-35.57,ALTO,29625776128.0,,11.24,0.73,-1.39,1.2,9.65,-2.9,-7.07,-0.01,0.38,2.33,2.0,YAHOO,-1.458,-0.8279,-1.8781,0.055599,3.2694,-3.4829,101.82,2026-11-18,51,,,yahoo,1.0,0.0,0.0,0.0,0.0,0.0,1.0,0.0,0.0,-5.6827,-5.3645,-17.3839,-22.4728,17.4554,42.1575,99.47,117.62,162.52,-12.5666,-26.0585,-46.4866
SPOT,497.510009765625,497.51,2026-09-28,False,497.0299987792969,506.05499267578125,-2.45,-31.76,ALTO,102280200192.0,27.47,28.35,10.71,44.48,12.19,13.71,18.43,1.51,36.65,0.06,2.11,5.0,YAHOO,-1.458,-0.8279,-1.8781,0.055599,3.2694,-3.4829,101.82,2026-10-22,24,,,yahoo,1.0,1.0,1.0,1.0,0.0,0.0,0.0,1.0,0.0,-3.727,-10.5696,-5.0572,7.6186,27.9265,39.3208,560.11,560.11,728.47,-11.1764,-11.1764,-31.7048
AVGO,349.57000732421875,349.57,2026-09-28,False,347.32000732421875,355.8500061035156,-0.92,7.34,ALTO,1668717871104.0,44.64,18.03,16.74,44.25,15.37,54.31,42.94,1.83,32.61,0.6,2.5,8.0,YAHOO,-1.458,-0.8279,-1.8781,0.055599,3.2694,-3.4829,101.82,2026-12-09,72,2026-09-02,26.0,yahoo,1.0,1.0,1.0,1.0,1.0,1.0,0.0,1.0,1.0,-3.6094,1.5916,-5.4314,-5.9722,21.6989,39.2079,369.6668,426.9825,479.9351,-5.4365,-18.1301,-27.1631
ACN,174.47000122070312,174.47,2026-09-28,False,172.32000732421875,177.0800018310547,-0.93,-27.97,ALTO,106765533184.0,13.94,11.9,3.35,24.41,10.9,16.96,10.66,11.32,8.31,0.25,1.34,5.0,YAHOO,-1.458,-0.8279,-1.8781,0.055599,3.2694,-3.4829,101.82,2026-10-01,3,,,yahoo,1.0,0.0,1.0,1.0,0.0,1.0,1.0,0.0,0.0,-6.2544,-10.5282,0.7507,41.5487,22.4357,46.195,195.0,195.0,282.7143,-10.5282,-10.5282,-38.2875
NFLX,69.2300033569336,69.23,2026-09-28,False,68.87999725341797,71.58000183105469,-2.7,-42.67,ALTO,288269565952.0,21.77,18.16,9.56,49.54,16.08,33.38,28.22,8.81,20.63,0.55,1.14,7.0,YAHOO,-1.458,-0.8279,-1.8781,0.055599,3.2694,-3.4829,101.82,2026-10-20,22,,,yahoo,1.0,1.0,1.0,0.0,1.0,0.0,1.0,1.0,1.0,-5.6298,-13.8073,-5.9758,-6.167,20.8998,35.3756,82.73,82.73,124.135,-16.3181,-16.3181,-44.2301
NIO,3.5899999141693115,3.59,2026-09-28,False,3.569999933242798,3.6700000762939453,0.28,-50.27,ALTO,8995344384.0,,28.3,14.79,-45.32,-2.02,-1.08,-4.17,,1.48,2.03,1.02,6.0,YAHOO,-1.458,-0.8279,-1.8781,0.055599,3.2694,-3.4829,101.82,2026-11-24,57,2026-09-01,27.0,yahoo,0.0,1.0,1.0,1.0,1.0,0.0,0.0,1.0,1.0,-2.1798,-2.1798,-24.5798,-27.4747,12.4689,32.2914,4.23,5.03,7.89,-15.13,-28.6282,-54.4994
BABA,108.76000213623047,108.76,2026-09-28,False,108.76000213623047,110.12000274658203,-0.89,-39.05,ALTO,270417412096.0,24.61,11.84,1.62,6.36,1.56,7.29,7.04,-30.56,2.03,0.24,1.36,3.0,YAHOO,-1.458,-0.8279,-1.8781,0.055599,3.2694,-3.4829,101.82,2026-11-24,57,,,yahoo,1.0,0.0,1.0,0.0,0.0,0.0,1.0,0.0,0.0,-6.0389,-0.4303,-5.4507,13.8729,33.1206,44.5406,116.31,132.32,187.6169,-6.4913,-17.8053,-42.0308
PDD,78.48999786376953,78.49,2026-09-28,False,77.41999816894531,78.93000030517578,1.19,-39.99,ALTO,111722389504.0,8.46,6.38,1.65,22.75,10.01,24.71,20.43,66.8,-3.46,0.01,2.62,4.0,YAHOO,-1.458,-0.8279,-1.8781,0.055599,3.2694,-3.4829,101.82,2026-11-18,51,,,yahoo,1.0,0.0,1.0,1.0,0.0,1.0,0.0,0.0,0.0,-1.0214,-1.1212,-11.13,2.5477,19.1381,27.4657,84.0,93.0,138.13,-6.5595,-15.6022,-43.1767
SAP,209.30999755859375,209.31,2026-09-28,False,203.1699981689453,210.36399841308594,-0.65,-19.34,ALTO,241586503680.0,27.5,21.61,65.88,18.32,9.54,27.62,20.41,3.76,291.13,0.22,1.15,7.0,YAHOO,-1.458,-0.8279,-1.8781,0.055599,3.2694,-3.4829,101.82,2026-10-21,23,,,yahoo,1.0,1.0,1.0,1.0,1.0,1.0,0.0,0.0,1.0,0.043,-4.1094,12.5383,35.1259,10.8342,41.4062,220.89,221.54,275.6678,-5.2424,-5.5204,-24.0717
SE,98.91000366210938,98.91,2026-09-28,False,96.36499786376953,99.9000015258789,-0.64,-45.55,ALTO,60580847616.0,38.19,19.09,4.87,14.73,4.97,8.35,5.91,0.11,21.81,0.32,1.49,8.0,YAHOO,-1.458,-0.8279,-1.8781,0.055599,3.2694,-3.4829,101.82,2026-11-10,43,,,yahoo,1.0,1.0,1.0,1.0,1.0,1.0,0.0,1.0,1.0,-3.6434,-8.9897,-8.7294,6.4121,14.8784,49.5334,113.48,131.51,192.69,-12.8393,-24.789,-48.6688
IBM,220.6699981689453,220.67,2026-09-28,False,219.22999572753906,223.13560485839844,-2.15,-19.14,ALTO,207900803072.0,19.62,16.78,6.03,34.46,5.3,16.55,15.52,5.8,16.37,1.89,0.79,6.0,YAHOO,-1.458,-0.8279,-1.8781,0.055599,3.2694,-3.4829,101.82,2026-10-21,23,,,yahoo,1.0,1.0,1.0,1.0,1.0,0.0,0.0,1.0,0.0,-4.8549,-11.4095,-1.8491,-20.0529,22.3493,61.8278,249.09,303.9496,326.8851,-11.4095,-27.3992,-32.4931
ZM,87.30000305175781,87.3,2026-09-28,False,85.48999786376953,87.98500061035156,-2.69,4.37,ALTO,25472718848.0,8.11,13.77,2.57,32.14,6.11,24.61,65.19,7.76,14.23,0.01,3.83,7.0,YAHOO,-1.458,-0.8279,-1.8781,0.055599,3.2694,-3.4829,101.82,2026-11-24,57,,,yahoo,1.0,1.0,1.0,1.0,1.0,0.0,1.0,1.0,0.0,-3.9604,-8.4522,-5.5297,1.3466,25.2339,41.2898,101.33,109.84,111.88,-13.8458,-20.5208,-21.97
CSCO,106.73999786376953,106.74,2026-09-28,False,105.98500061035156,107.68000030517578,0.04,60.82,ALTO,420831723520.0,32.05,18.99,8.38,27.32,7.98,27.72,20.95,2.66,23.39,0.62,0.93,7.0,YAHOO,-1.458,-0.8279,-1.8781,0.055599,3.2694,-3.4829,101.82,2026-11-12,45,,,yahoo,1.0,1.0,1.0,1.0,1.0,0.0,1.0,0.0,1.0,-4.2347,-3.0165,-5.1031,-8.9726,5.0417,34.0618,112.13,123.88,129.5155,-4.8069,-13.836,-17.5851
DOCU,66.9800033569336,66.98,2026-09-28,False,63.91999816894531,67.45500183105469,-0.77,-18.52,ALTO,12518726656.0,40.84,12.86,7.33,17.8,6.35,13.43,9.82,10.49,27.22,0.11,0.64,6.0,YAHOO,-1.458,-0.8279,-1.8781,0.055599,3.2694,-3.4829,101.82,2026-12-03,66,2026-09-03,25.0,yahoo,1.0,0.0,1.0,1.0,0.0,0.0,1.0,1.0,1.0,-2.3188,-3.9851,15.1453,48.7123,43.4252,53.673,71.85,71.85,82.14,-6.778,-6.778,-18.4563
ARM,283.3299865722656,283.33,2026-09-28,False,279.20001220703125,307.010009765625,-8.7,102.61,ALTO,302596030464.0,286.19,92.75,35.06,13.35,5.42,7.6,20.25,0.44,308.38,0.06,5.25,6.0,YAHOO,-1.458,-0.8279,-1.8781,0.055599,3.2694,-3.4829,101.82,2026-11-04,37,,,yahoo,1.0,0.0,1.0,1.0,0.0,1.0,0.0,1.0,1.0,-12.2546,18.5432,25.986,-17.5359,81.8048,88.0401,333.2,333.2,439.46,-14.967,-14.967,-35.5277
GRMN,294.04998779296875,294.05,2026-09-28,False,291.2900085449219,294.95001220703125,-0.03,21.68,ALTO,56708288512.0,30.38,26.41,6.28,21.89,12.17,30.44,24.47,1.84,23.49,0.03,3.03,6.0,YAHOO,-1.458,-0.8279,-1.8781,0.055599,3.2694,-3.4829,101.82,2026-10-28,30,,,yahoo,1.0,1.0,1.0,0.0,0.0,1.0,0.0,1.0,1.0,4.9017,4.8755,0.1217,26.2785,20.8544,42.5174,295.04,311.952,311.952,-0.3356,-5.7387,-5.7387
MSI,452.0799865722656,452.08,2026-09-28,False,451.42999267578125,456.79998779296875,-1.05,0.63,ALTO,74816430080.0,35.6,23.27,28.0,91.57,11.25,27.35,17.44,2.65,22.28,3.58,1.1,6.0,YAHOO,-1.458,-0.8279,-1.8781,0.055599,3.2694,-3.4829,101.82,2026-11-05,38,,,yahoo,1.0,1.0,1.0,1.0,0.0,0.0,1.0,1.0,0.0,-2.0114,-4.4041,4.3872,9.8519,16.2783,26.6626,489.973,489.973,489.973,-7.7337,-7.7337,-7.7337
SNAP,5.21999979019165,5.22,2026-09-28,False,5.190000057220459,5.390999794006348,-3.69,-37.92,ALTO,8828051456.0,,6.73,4.55,-15.58,-2.72,-2.64,-4.9,8.09,-73.37,2.19,2.94,6.0,YAHOO,-1.458,-0.8279,-1.8781,0.055599,3.2694,-3.4829,101.82,2026-11-04,37,,,yahoo,0.0,1.0,1.0,1.0,1.0,0.0,0.0,1.0,1.0,-8.4211,-10.6164,10.3594,18.0995,59.7722,60.0787,5.84,5.92,9.09,-10.6164,-11.8243,-42.5743
PINS,18.40999984741211,18.41,2026-09-28,False,18.31999969482422,18.770000457763672,-2.59,-44.81,ALTO,10425822208.0,54.15,7.66,3.6,6.46,3.51,-3.46,5.46,11.48,33.56,0.41,3.81,6.0,YAHOO,-1.458,-0.8279,-1.8781,0.055599,3.2694,-3.4829,101.82,2026-11-09,42,,,yahoo,1.0,0.0,1.0,1.0,0.0,0.0,1.0,1.0,1.0,-4.907,-6.5008,-24.6727,-15.8592,28.8197,47.4401,21.71,25.58,35.24,-15.2004,-28.0297,-47.7582
PATH,12.1899995803833,12.19,2026-09-28,False,11.569999694824219,12.354999542236328,-2.17,-3.01,ALTO,6352884224.0,18.19,13.24,3.26,20.03,3.66,8.92,21.03,7.47,28.65,0.04,2.39,8.0,YAHOO,-1.458,-0.8279,-1.8781,0.055599,3.2694,-3.4829,101.82,2026-12-02,65,2026-09-03,25.0,yahoo,1.0,1.0,1.0,1.0,1.0,0.0,1.0,1.0,1.0,-10.3017,-16.8486,-3.1771,14.1386,15.5125,70.6671,18.67,18.67,19.29,-34.7081,-34.7081,-36.8066
VZ,46.68000030517578,46.68,2026-09-28,False,46.42499923706055,47.099998474121094,-0.85,15.24,ALTO,193944911872.0,12.16,8.84,1.87,15.84,5.05,23.0,11.64,9.01,7.61,1.84,0.6,4.0,YAHOO,-1.458,-0.8279,-1.8781,0.055599,3.2694,-3.4829,101.82,2026-10-26,28,,,yahoo,1.0,0.0,1.0,1.0,0.0,1.0,0.0,0.0,0.0,-2.0973,-8.9881,-1.1436,7.6548,18.0839,23.6221,51.45,51.45,51.45,-9.2711,-9.2711,-9.2711
T,24.899999618530273,24.9,2026-09-28,False,24.860000610351562,25.329999923706055,-1.89,-7.17,ALTO,170624401408.0,8.22,9.69,1.55,18.34,4.16,24.79,16.94,5.94,7.57,1.29,0.97,6.0,YAHOO,-1.458,-0.8279,-1.8781,0.055599,3.2694,-3.4829,101.82,2026-10-21,23,,,yahoo,1.0,1.0,1.0,1.0,0.0,1.0,1.0,0.0,0.0,-2.1611,-6.0732,4.01,15.6435,19.4166,25.5466,26.72,26.72,28.4181,-6.8114,-6.8114,-12.3797
AMX,21.65999984741211,21.66,2026-09-28,False,21.635000228881836,22.010000228881836,-1.68,4.67,ALTO,64759066624.0,12.89,10.39,3.07,21.58,6.36,21.49,9.37,236.63,2.35,1.58,0.71,9.0,YAHOO,-1.458,-0.8279,-1.8781,0.055599,3.2694,-3.4829,101.82,2026-10-13,15,,,yahoo,1.0,1.0,1.0,1.0,1.0,1.0,1.0,1.0,1.0,-3.5189,-6.3149,-12.9071,-18.0585,11.9745,17.034,23.2,26.27,27.4216,-6.6379,-17.5485,-21.0113
TCOM,39.900001525878906,39.9,2026-09-28,False,39.720001220703125,40.19499969482422,1.19,-47.66,ALTO,25125238784.0,7.72,9.73,1.06,15.65,2.59,-9.33,36.91,,-2.27,0.17,1.33,7.0,YAHOO,-1.458,-0.8279,-1.8781,0.055599,3.2694,-3.4829,101.82,2026-11-16,49,2026-09-15,13.0,finnhub,1.0,1.0,1.0,0.0,1.0,1.0,1.0,0.0,1.0,-1.845,2.0983,-13.2609,-0.1501,20.064,27.7273,44.65,47.3,78.96,-10.6383,-15.6448,-49.4681
TRIP,8.40999984741211,8.41,2026-09-28,False,8.149999618530273,8.430000305175781,0.0,-50.73,ALTO,978597376.0,,7.82,1.47,-0.23,1.92,9.44,0.27,-10.37,9.43,1.35,1.56,7.0,YAHOO,-1.458,-0.8279,-1.8781,0.055599,3.2694,-3.4829,101.82,2026-11-05,38,,,yahoo,1.0,1.0,1.0,1.0,1.0,0.0,1.0,0.0,1.0,-4.4318,-8.8841,-42.3182,-40.057,78.0258,66.541,9.61,14.93,17.14,-12.487,-43.6705,-50.9335
ABNB,156.0800018310547,156.08,2026-09-28,False,154.11000061035156,158.6999969482422,-0.88,26.92,ALTO,93458464768.0,35.63,25.23,11.81,34.54,6.14,21.01,20.45,3.43,30.16,0.32,1.41,5.0,YAHOO,-1.458,-0.8279,-1.8781,0.055599,3.2694,-3.4829,101.82,2026-11-05,38,,,yahoo,1.0,0.0,1.0,1.0,0.0,0.0,1.0,0.0,1.0,-6.4493,-8.5379,2.0064,6.0542,78.262,50.3359,185.25,190.5,190.5,-15.7463,-18.0682,-18.0682
ORCL,132.60000610351562,132.6,2026-09-28,False,131.5800018310547,135.69000244140625,-3.28,-52.63,ALTO,400947412992.0,20.78,12.06,6.49,41.19,6.36,35.63,26.36,-11.44,16.03,2.52,1.17,5.0,YAHOO,-1.458,-0.8279,-1.8781,0.055599,3.2694,-3.4829,101.82,2026-12-10,73,2026-09-10,18.0,yahoo,1.0,0.0,1.0,1.0,1.0,1.0,0.0,0.0,0.0,-10.7431,-8.4191,12.621,-9.9477,12.445,55.8237,162.52,162.52,310.0098,-18.41,-18.41,-57.2272
TMUS,166.4499969482422,166.45,2026-09-28,False,164.52000427246094,167.49000549316406,0.62,-28.63,ALTO,178546180096.0,17.41,11.53,3.18,17.99,5.97,25.22,11.46,6.35,8.58,2.14,0.92,6.0,YAHOO,-1.458,-0.8279,-1.8781,0.055599,3.2694,-3.4829,101.82,2026-10-28,30,,,yahoo,1.0,0.0,1.0,1.0,0.0,1.0,1.0,0.0,1.0,0.714,-8.994,-7.7729,-3.7704,15.5691,39.4569,188.02,194.5173,234.4277,-11.4722,-14.4292,-28.9973
ANET,204.9199981689453,204.92,2026-09-28,False,203.52000427246094,208.1999969482422,-0.79,42.87,ALTO,258450161664.0,65.05,39.5,17.47,31.48,14.12,45.39,38.37,1.51,53.27,,2.96,4.0,YAHOO,-1.458,-0.8279,-1.8781,0.055599,3.2694,-3.4829,101.82,2026-11-03,36,,,yahoo,1.0,0.0,1.0,1.0,0.0,0.0,1.0,0.0,0.0,-0.2434,9.1103,29.7208,24.8751,15.0428,51.8767,206.55,210.5,210.5,-0.7892,-2.6508,-2.6508
LRCX,314.4700012207031,314.47,2026-09-28,False,305.5350036621094,316.2900085449219,-0.23,140.94,ALTO,393535422464.0,54.5,26.79,31.55,65.07,22.84,37.39,31.27,0.79,45.48,0.33,2.63,8.0,YAHOO,-1.458,-0.8279,-1.8781,0.055599,3.2694,-3.4829,101.82,2026-10-21,23,,,yahoo,1.0,1.0,1.0,0.0,1.0,1.0,1.0,1.0,1.0,4.1432,15.1062,24.749,-23.3886,25.409,70.8274,320.08,352.7952,432.8701,-1.7527,-10.8633,-27.3523
ADI,395.42999267578125,395.43,2026-09-28,False,388.1300048828125,396.07000732421875,0.46,63.5,ALTO,191611715584.0,46.96,24.19,5.71,12.23,6.41,39.5,29.79,2.16,28.54,0.27,1.25,8.0,YAHOO,-1.458,-0.8279,-1.8781,0.055599,3.2694,-3.4829,101.82,2026-11-24,57,,,yahoo,1.0,1.0,1.0,1.0,0.0,1.0,1.0,1.0,1.0,3.2454,9.5313,12.2435,1.2392,29.2909,32.0754,395.43,395.43,444.1269,0.0,0.0,-10.9646
SNDK,1712.8900146484375,1712.89,2026-09-28,False,1659.02001953125,1762.0,-3.65,1409.09,ALTO,250799652864.0,23.22,6.5,16.22,91.64,43.91,78.47,56.46,3.08,20.27,0.01,2.29,7.0,YAHOO,-1.458,-0.8279,-1.8781,0.055599,3.2694,-3.4829,101.82,2026-11-06,39,,,yahoo,1.0,1.0,1.0,1.0,0.0,0.0,1.0,1.0,1.0,-3.0425,10.3673,68.6098,-16.4603,39.6933,118.474,1887.04,1915.92,2335.0,-9.2287,-10.597,-26.6428
NOW,131.4499969482422,131.45,2026-09-28,False,126.76000213623047,131.88999938964844,-3.07,-30.2,ALTO,135901159424.0,82.16,26.26,10.86,14.24,4.25,4.06,11.34,3.79,49.71,0.68,0.7,4.0,YAHOO,-1.458,-0.8279,-1.8781,0.055599,3.2694,-3.4829,101.82,2026-10-28,30,,,yahoo,1.0,0.0,1.0,1.0,1.0,0.0,0.0,0.0,0.0,-4.525,-7.6572,13.5539,31.4894,41.0257,57.9246,147.99,147.99,189.258,-11.1764,-11.1764,-30.5445
NBIS,231.8800048828125,231.88,2026-09-28,False,228.3800048828125,245.35000610351562,-2.3,110.32,ALTO,63037792256.0,,-66.35,6.15,0.6,-1.92,-0.22,3.13,-15.25,260.49,0.99,4.03,6.0,YAHOO,-1.458,-0.8279,-1.8781,0.055599,3.2694,-3.4829,101.82,2026-11-10,43,,,yahoo,1.0,1.0,1.0,1.0,0.0,0.0,0.0,1.0,1.0,-0.3952,9.2794,56.4431,-11.2081,83.3988,136.1542,243.88,277.68,286.69,-4.9205,-16.4938,-19.1182
OXY,56.099998474121094,56.1,2026-09-28,False,56.0,57.555999755859375,-1.34,18.89,ALTO,56079654912.0,16.55,13.96,1.68,10.63,4.68,45.44,30.32,6.75,5.56,0.35,1.41,4.0,YAHOO,-1.458,-0.8279,-1.8781,0.055599,3.2694,-3.4829,101.82,2026-11-09,42,,,yahoo,1.0,0.0,1.0,1.0,1.0,0.0,0.0,0.0,0.0,-2.0087,-9.1939,0.5844,14.8043,30.2415,35.0898,63.52,63.52,65.6343,-11.6814,-11.6814,-14.5264
XOM,162.52000427246094,162.52,2026-09-28,False,161.0749969482422,163.5399932861328,1.2,46.35,ALTO,668267970560.0,20.92,14.67,2.58,12.58,5.52,15.86,9.07,3.09,10.4,0.16,1.14,5.0,YAHOO,-1.458,-0.8279,-1.8781,0.055599,3.2694,-3.4829,101.82,2026-10-30,32,,,yahoo,1.0,0.0,1.0,1.0,1.0,0.0,1.0,0.0,0.0,2.6658,-1.5508,4.3524,20.2207,17.7724,26.5543,169.32,169.32,169.32,-4.0161,-4.0161,-4.0161
CVX,206.3699951171875,206.37,2026-09-28,False,205.3800048828125,208.24429321289062,0.94,37.35,ALTO,404816068608.0,19.86,14.6,2.13,12.23,5.86,21.87,9.83,5.42,8.59,0.19,1.25,5.0,YAHOO,-1.458,-0.8279,-1.8781,0.055599,3.2694,-3.4829,101.82,2026-10-30,32,,,yahoo,1.0,0.0,1.0,1.0,0.0,1.0,0.0,1.0,0.0,1.3257,-2.7337,8.5015,23.5656,14.8263,24.4978,217.77,217.77,217.77,-5.2349,-5.2349,-5.2349
PSX,253.5500030517578,253.55,2026-09-28,False,251.63999938964844,259.1050109863281,-0.86,89.7,ALTO,101657075712.0,14.47,10.16,3.21,23.45,6.04,8.53,4.66,4.47,12.06,0.63,1.32,7.0,YAHOO,-1.458,-0.8279,-1.8781,0.055599,3.2694,-3.4829,101.82,2026-10-28,30,,,yahoo,1.0,1.0,1.0,1.0,0.0,1.0,1.0,1.0,0.0,-3.1328,-1.3654,23.2512,46.4497,5.8997,31.3649,274.21,274.21,274.21,-7.5344,-7.5344,-7.5344
YPF,51.369998931884766,51.37,2026-09-28,False,51.2599983215332,53.0,-1.4,102.58,ALTO,20140896256.0,27.18,9.37,1.92,7.26,8.34,27.51,4.0,6177.08,1.33,0.85,0.93,4.0,YAHOO,-1.458,-0.8279,-1.8781,0.055599,3.2694,-3.4829,101.82,2026-10-29,31,,,yahoo,0.0,0.0,1.0,1.0,0.0,1.0,1.0,0.0,0.0,-3.4035,-8.8053,2.0866,13.5249,25.864,35.2236,57.61,57.61,57.61,-10.8315,-10.8315,-10.8315
VIST,66.91000366210938,66.91,2026-09-28,False,66.70500183105469,68.97989654541016,-0.77,88.95,ALTO,7401411072.0,8.8,6.66,2.24,29.79,10.0,44.24,23.56,1.66,5.05,1.07,0.69,3.0,YAHOO,-1.458,-0.8279,-1.8781,0.055599,3.2694,-3.4829,101.82,2026-10-28,30,,,yahoo,1.0,0.0,1.0,1.0,0.0,0.0,0.0,0.0,0.0,-4.8628,-12.4329,1.3634,4.1725,26.0303,44.8401,78.95,78.95,79.25,-15.2502,-15.2502,-15.571
VST,138.02000427246094,138.02,2026-09-28,False,135.77000427246094,139.0,-0.32,-29.93,ALTO,46324371456.0,23.27,13.32,15.43,42.96,5.89,13.77,11.55,0.08,10.39,3.73,0.97,5.0,YAHOO,-1.458,-0.8279,-1.8781,0.055599,3.2694,-3.4829,101.82,2026-11-05,38,,,yahoo,1.0,0.0,1.0,1.0,1.0,0.0,1.0,0.0,0.0,-1.9605,-1.765,-3.1958,-14.8626,14.6087,39.6986,151.4719,168.7037,209.6322,-8.8808,-18.1879,-34.1609
BP,44.43000030517578,44.43,2026-09-28,False,44.3650016784668,45.13999938964844,0.63,34.38,ALTO,114425225216.0,21.26,8.6,7.87,8.87,5.04,13.15,2.55,11.26,13.02,0.95,1.27,7.0,YAHOO,-1.458,-0.8279,-1.8781,0.055599,3.2694,-3.4829,101.82,2026-10-30,32,,,yahoo,1.0,0.0,1.0,1.0,0.0,1.0,1.0,1.0,1.0,2.9425,-3.2658,3.8228,20.4178,27.1653,31.2538,46.96,46.96,46.96,-5.3876,-5.3876,-5.3876
E,55.619998931884766,55.62,2026-09-28,False,55.40999984741211,56.22999954223633,1.66,62.53,ALTO,79846916096.0,12.73,8.93,1.55,10.9,3.07,10.66,5.87,-11.25,8.05,0.65,1.48,6.0,YAHOO,-1.458,-0.8279,-1.8781,0.055599,3.2694,-3.4829,101.82,2026-10-23,25,,,yahoo,1.0,1.0,1.0,1.0,0.0,1.0,1.0,0.0,0.0,4.1339,1.5775,4.579,20.7596,24.4803,31.3841,56.0016,56.6835,56.6835,-0.6813,-1.8763,-1.8763
SHEL,96.47000122070312,96.47,2026-09-28,False,96.36499786376953,97.62999725341797,0.72,38.05,ALTO,275157942272.0,10.67,9.32,1.49,14.34,6.4,16.69,8.76,7.8,5.37,0.4,1.44,5.0,YAHOO,-1.458,-0.8279,-1.8781,0.055599,3.2694,-3.4829,101.82,2026-10-29,31,,,yahoo,1.0,1.0,1.0,1.0,0.0,0.0,1.0,0.0,0.0,3.4309,0.0207,10.1601,26.5645,10.355,22.6641,98.95,98.95,98.95,-2.5063,-2.5063,-2.5063
HAL,32.43000030517578,32.43,2026-09-28,False,32.334999084472656,32.95000076293945,-1.01,32.29,ALTO,27018418176.0,16.98,11.17,2.46,14.92,7.26,12.79,7.16,7.6,8.09,0.74,2.02,4.0,YAHOO,-1.458,-0.8279,-1.8781,0.055599,3.2694,-3.4829,101.82,2026-10-20,22,,,yahoo,1.0,0.0,1.0,1.0,0.0,0.0,1.0,0.0,0.0,-2.8751,-7.3693,4.4582,-4.428,10.9116,32.8617,37.63,37.63,42.6002,-13.8188,-13.8188,-23.8736
SLB,51.4900016784668,51.49,2026-09-28,False,50.875,52.290000915527344,-0.1,50.18,ALTO,76418539520.0,25.12,15.9,2.93,12.91,6.17,12.71,8.53,3.87,11.7,0.47,1.44,4.0,YAHOO,-1.458,-0.8279,-1.8781,0.055599,3.2694,-3.4829,101.82,2026-10-23,25,,,yahoo,1.0,0.0,1.0,1.0,1.0,0.0,0.0,0.0,0.0,-0.5216,-3.4321,5.7132,11.5937,7.3214,39.472,59.7898,59.7898,59.7898,-13.8816,-13.8816,-13.8816
COP,126.04000091552734,126.04,2026-09-28,False,125.81999969482422,129.11000061035156,-0.99,35.58,ALTO,151416569856.0,16.67,13.05,2.32,14.18,7.53,31.51,14.4,5.08,6.29,0.36,1.54,7.0,YAHOO,-1.458,-0.8279,-1.8781,0.055599,3.2694,-3.4829,101.82,2026-11-05,38,,,yahoo,1.0,0.0,1.0,1.0,1.0,1.0,1.0,0.0,1.0,-1.1684,-7.7779,7.4713,21.7665,28.0675,32.0107,141.22,141.22,141.22,-10.7492,-10.7492,-10.7492
GPRK,10.680000305175781,10.68,2026-09-28,False,10.630000114440918,11.460000038146973,-4.64,64.1,ALTO,693086656.0,7.52,6.0,1.58,28.57,7.81,27.52,16.0,13.31,3.42,1.81,1.17,3.0,YAHOO,-1.458,-0.8279,-1.8781,0.055599,3.2694,-3.4829,101.82,2026-11-04,37,,,yahoo,1.0,0.0,1.0,0.0,0.0,1.0,0.0,0.0,0.0,-0.9276,-6.8875,14.0179,16.3726,50.3614,44.8732,11.97,11.97,11.97,-10.7769,-10.7769,-10.7769
CEG,260.42999267578125,260.43,2026-09-28,False,257.3800048828125,262.5199890136719,-1.08,-21.71,ALTO,92272271360.0,25.43,19.55,2.89,15.06,3.89,8.66,11.08,-7.18,14.79,0.76,1.46,6.0,YAHOO,-1.458,-0.8279,-1.8781,0.055599,3.2694,-3.4829,101.82,2026-11-09,42,,,yahoo,1.0,0.0,1.0,1.0,1.0,0.0,1.0,0.0,1.0,-0.6409,-1.5648,1.1166,0.5824,12.9374,35.9697,299.05,299.05,401.7044,-12.9142,-12.9142,-35.1688
FSLR,172.97000122070312,172.97,2026-09-28,False,172.2100067138672,178.22999572753906,-2.67,-22.68,ALTO,18589050880.0,10.66,7.44,1.8,18.51,8.62,42.64,32.46,8.6,7.36,0.02,2.52,7.0,YAHOO,-1.458,-0.8279,-1.8781,0.055599,3.2694,-3.4829,101.82,2026-10-29,31,,,yahoo,1.0,1.0,1.0,1.0,1.0,1.0,0.0,0.0,1.0,-13.4458,-16.4558,-13.1851,-25.7002,88.4748,51.5522,213.25,250.05,318.25,-18.8886,-30.8258,-45.6496
CCJ,87.04000091552734,87.04,2026-09-28,False,85.68499755859375,87.77999877929688,-1.17,3.2,ALTO,37908791296.0,152.7,47.66,7.44,5.11,2.98,9.11,10.21,0.13,48.18,0.17,3.06,8.0,YAHOO,-1.458,-0.8279,-1.8781,0.055599,3.2694,-3.4829,101.82,2026-10-30,32,,,yahoo,1.0,1.0,1.0,1.0,1.0,1.0,0.0,1.0,1.0,-6.6395,-6.6695,2.9207,-15.879,28.0848,42.2426,101.97,107.36,134.09,-14.6416,-18.927,-35.0884
PBR,20.649999618530273,20.65,2026-09-28,False,20.520000457763672,20.915000915527344,1.37,67.6,ALTO,133076164608.0,5.21,5.18,1.44,30.27,10.07,44.68,24.32,70.82,1.83,0.76,0.85,7.0,YAHOO,-1.458,-0.8279,-1.8781,0.055599,3.2694,-3.4829,101.82,2026-11-10,43,,,yahoo,1.0,1.0,1.0,1.0,1.0,1.0,1.0,0.0,0.0,0.0969,-2.3641,14.3393,30.5631,32.1238,33.5444,21.77,21.77,21.77,-5.1447,-5.1447,-5.1447
NEE,75.48999786376953,75.49,2026-09-28,False,75.1500015258789,76.22000122070312,-0.78,1.84,ALTO,157470490624.0,16.96,17.18,2.76,11.68,2.44,31.52,32.4,-11.28,18.98,1.62,0.53,5.0,YAHOO,-1.458,-0.8279,-1.8781,0.055599,3.2694,-3.4829,101.82,2026-10-27,29,,,yahoo,1.0,0.0,1.0,1.0,0.0,1.0,0.0,1.0,0.0,-5.199,-7.5217,-14.0203,-14.2142,23.3235,14.3241,84.06,89.1198,96.443,-10.1951,-15.2938,-21.7258
PAAS,45.77000045776367,45.77,2026-09-28,False,45.04999923706055,46.52000045776367,-4.73,18.98,ALTO,18977064960.0,13.54,9.9,2.59,22.41,11.77,37.81,32.03,6.95,9.03,0.11,2.94,7.0,YAHOO,-1.458,-0.8279,-1.8781,0.055599,3.2694,-3.4829,101.82,2026-11-16,49,,,yahoo,1.0,1.0,1.0,1.0,1.0,1.0,0.0,1.0,0.0,-6.1128,-5.9005,7.9418,2.819,48.4293,52.5015,52.9,54.89,68.0597,-13.4783,-16.615,-32.7502
HMY,17.739999771118164,17.74,2026-09-28,False,17.600000381469727,18.075000762939453,-6.48,-0.98,ALTO,11107231744.0,6.29,5.42,2.41,48.05,25.06,47.17,29.57,88.68,0.29,0.13,0.84,,YAHOO,-1.458,-0.8279,-1.8781,0.055599,3.2694,-3.4829,101.82,,999,2026-08-27,32.0,yahoo,,,,,,,,,,-6.6316,-9.6281,14.2305,16.8643,64.6897,61.5917,20.8,23.54,25.5485,-14.7115,-24.6389,-30.5634
B,41.09000015258789,41.09,2026-09-28,False,40.599998474121094,41.720001220703125,-4.17,26.52,ALTO,67629391872.0,10.62,9.37,2.48,27.01,13.44,51.34,31.6,7.52,6.11,0.13,3.01,9.0,YAHOO,-1.458,-0.8279,-1.8781,0.055599,3.2694,-3.4829,101.82,2026-11-09,42,,,yahoo,1.0,1.0,1.0,1.0,1.0,1.0,1.0,1.0,1.0,-3.7479,-3.1581,13.4437,11.6927,40.0241,44.74,45.76,48.6827,52.117,-10.2054,-15.5962,-21.1581
VALE,13.59000015258789,13.59,2026-09-28,False,13.341400146484375,13.675000190734863,-0.15,36.85,ALTO,57835814912.0,27.18,6.99,1.56,4.11,7.92,21.95,4.75,23.01,1.85,0.55,1.19,4.0,YAHOO,-1.458,-0.8279,-1.8781,0.055599,3.2694,-3.4829,101.82,2026-10-29,31,,,yahoo,1.0,0.0,1.0,1.0,0.0,1.0,0.0,0.0,0.0,-3.9576,-6.9815,-4.5889,-7.0011,22.3449,30.8853,15.73,15.73,17.3257,-13.6046,-13.6046,-21.5616
LAC,2.680000066757202,2.68,2026-09-28,False,2.6600000858306885,2.7295000553131104,-2.55,-53.37,ALTO,972955136.0,,-18.39,0.68,-3.7,-1.66,0.0,0.0,-138.64,-28.91,0.6,5.47,1.0,YAHOO,-1.458,-0.8279,-1.8781,0.055599,3.2694,-3.4829,101.82,2026-11-13,46,,,yahoo,0.0,0.0,0.0,1.0,0.0,0.0,0.0,0.0,0.0,-9.4595,-7.2664,-1.107,-28.9125,6.4644,54.7762,3.19,3.82,10.05,-15.9875,-29.8429,-73.3333
RIO,94.41000366210938,94.41,2026-09-28,False,92.83999633789062,94.79000091552734,-0.16,50.4,ALTO,153544605696.0,12.78,10.91,2.34,19.31,8.11,28.05,19.58,2.34,7.57,0.32,1.42,4.0,YAHOO,-1.458,-0.8279,-1.8781,0.055599,3.2694,-3.4829,101.82,,999,2026-07-28,62.0,yahoo,1.0,0.0,1.0,1.0,0.0,0.0,0.0,1.0,0.0,-2.7102,-3.3081,3.0142,2.3259,17.0386,28.2342,103.83,106.81,109.6326,-9.0725,-11.6094,-13.8851
GFI,35.18000030517578,35.18,2026-09-28,False,34.80500030517578,35.95000076293945,-12.88,-10.71,ALTO,31341740032.0,7.16,6.91,6.98,58.68,28.52,55.0,38.65,13.32,10.19,0.29,1.87,9.0,YAHOO,-1.458,-0.8279,-1.8781,0.055599,3.2694,-3.4829,101.82,,999,2026-08-25,34.0,yahoo,1.0,1.0,1.0,1.0,1.0,1.0,1.0,1.0,1.0,-16.2181,-18.4137,11.5963,7.9791,95.1499,58.5885,47.091,47.7852,58.4424,-25.2935,-26.3789,-39.804
GGB,4.78000020980835,4.78,2026-09-28,False,4.75,4.840000152587891,-1.44,57.28,ALTO,9377415168.0,21.73,8.25,0.9,4.18,5.03,12.75,3.22,28.24,1.95,0.28,2.87,5.0,YAHOO,-1.458,-0.8279,-1.8781,0.055599,3.2694,-3.4829,101.82,2026-10-26,28,,,yahoo,1.0,0.0,1.0,1.0,0.0,0.0,1.0,0.0,1.0,-4.4,-2.2495,-0.6132,16.954,27.5166,36.719,5.15,5.15,5.15,-7.1845,-7.1845,-7.1845
FCX,71.95999908447266,71.96,2026-09-28,False,69.46150207519531,72.5,-0.48,95.88,ALTO,103335821312.0,35.27,17.37,5.14,14.75,7.58,33.4,11.39,2.09,12.79,0.32,2.07,6.0,YAHOO,-1.458,-0.8279,-1.8781,0.055599,3.2694,-3.4829,101.82,2026-10-22,24,,,yahoo,1.0,1.0,1.0,1.0,1.0,0.0,1.0,0.0,0.0,-0.2772,3.7785,19.9533,17.0637,18.0128,46.8648,76.62,79.91,79.91,-6.082,-9.9487,-9.9487
HL,17.010000228881836,17.01,2026-09-28,False,16.950300216674805,17.6299991607666,-6.49,43.13,ALTO,11426781184.0,20.49,16.28,4.27,22.17,15.3,44.27,19.15,3.0,12.13,0.01,5.2,8.0,YAHOO,-1.458,-0.8279,-1.8781,0.055599,3.2694,-3.4829,101.82,2026-11-05,38,,,yahoo,1.0,1.0,1.0,1.0,1.0,1.0,0.0,1.0,1.0,-7.3025,-9.6174,20.235,10.4757,53.102,66.8423,21.21,21.43,31.7903,-19.802,-20.6253,-46.4932
NEM,116.05000305175781,116.05,2026-09-28,False,114.62999725341797,117.29000091552734,-4.43,38.5,ALTO,122280992768.0,14.63,11.33,3.49,25.91,15.75,51.57,33.36,7.21,7.31,0.16,2.55,9.0,YAHOO,-1.458,-0.8279,-1.8781,0.055599,3.2694,-3.4829,101.82,2026-10-22,24,,,yahoo,1.0,1.0,1.0,1.0,1.0,1.0,1.0,1.0,1.0,-5.6887,-5.7041,27.3173,23.0468,30.3097,45.0962,130.43,134.8593,134.8593,-11.0251,-13.9473,-13.9473
GOLD,42.849998474121094,42.85,2026-09-28,False,42.61000061035156,43.88999938964844,-2.5,66.77,ALTO,1249281280.0,14.19,11.49,1.42,10.8,2.82,0.45,0.32,32.74,9.18,0.96,1.15,6.0,YAHOO,-1.458,-0.8279,-1.8781,0.055599,3.2694,-3.4829,101.82,2026-11-05,38,2026-09-02,26.0,yahoo,1.0,1.0,1.0,1.0,1.0,0.0,0.0,0.0,1.0,-2.169,-7.1145,9.4731,6.9166,29.2914,55.38,48.0916,48.0916,62.0025,-10.8992,-10.8992,-30.8899
MUX,18.1200008392334,18.12,2026-09-28,False,17.799999237060547,18.450000762939453,-4.73,8.7,ALTO,1082490496.0,14.38,4.55,1.53,13.54,-0.43,-5.92,32.46,-1.72,42.12,0.18,2.04,5.0,YAHOO,-1.458,-0.8279,-1.8781,0.055599,3.2694,-3.4829,101.82,2026-11-04,37,,,yahoo,1.0,1.0,1.0,0.0,0.0,1.0,0.0,1.0,0.0,-4.0254,-2.5806,8.1791,1.0033,59.3444,56.9063,20.54,21.66,29.05,-11.7819,-16.3435,-37.6248
NXE,8.989999771118164,8.99,2026-09-28,False,8.930000305175781,9.125,-2.18,-0.28,ALTO,6027849728.0,,-56.81,4.5,-17.67,-3.39,0.0,0.0,-4.95,-53.56,0.34,1.46,2.0,YAHOO,-1.458,-0.8279,-1.8781,0.055599,3.2694,-3.4829,101.82,2026-11-03,36,,,yahoo,0.0,0.0,0.0,1.0,0.0,1.0,0.0,0.0,0.0,-8.2653,-5.0686,0.6719,-7.3196,20.7741,49.8218,10.73,11.21,13.92,-16.2162,-19.8037,-35.4167
MP,46.45000076293945,46.45,2026-09-28,False,46.310001373291016,47.8307991027832,-4.87,-31.93,ALTO,8272818688.0,,53.15,4.23,-3.58,-1.52,-14.72,-14.56,-5.23,212.39,0.41,9.51,4.0,YAHOO,-1.458,-0.8279,-1.8781,0.055599,3.2694,-3.4829,101.82,2026-11-05,38,,,yahoo,0.0,1.0,0.0,0.0,1.0,1.0,0.0,1.0,0.0,-7.1,-8.3465,21.916,-15.1443,42.9369,65.9757,55.37,60.17,98.65,-16.1098,-22.8021,-52.9143
JPM,336.5899963378906,336.59,2026-09-28,False,336.29998779296875,342.0,-1.89,8.6,ALTO,894718902272.0,14.43,13.44,2.53,17.79,1.36,50.39,34.92,,,,,3.0,YAHOO,-1.458,-0.8279,-1.8781,0.055599,3.2694,-3.4829,101.82,2026-10-13,15,,,yahoo,1.0,0.0,0.0,0.0,1.0,0.0,1.0,0.0,0.0,-4.3887,-3.8671,-2.3556,2.6462,21.8916,19.111,362.06,365.18,365.18,-7.0347,-7.829,-7.829
AXP,306.3299865722656,306.33,2026-09-28,False,304.18499755859375,308.8843994140625,-0.83,-9.61,ALTO,206867644416.0,18.58,15.18,6.03,34.38,3.79,20.32,16.14,,,1.72,1.55,4.0,YAHOO,-1.458,-0.8279,-1.8781,0.055599,3.2694,-3.4829,101.82,2026-10-23,25,,,yahoo,1.0,0.0,1.0,1.0,0.0,0.0,1.0,0.0,0.0,-2.3151,-6.544,-7.5928,-9.8895,18.9991,24.25,330.17,361.57,381.7816,-7.2205,-15.2778,-19.763
MA,568.260009765625,568.26,2026-09-28,False,563.5,569.5700073242188,0.11,0.58,ALTO,497801396224.0,31.29,24.68,88.85,241.2,24.06,61.11,46.34,3.41,22.98,4.4,1.06,9.0,YAHOO,-1.458,-0.8279,-1.8781,0.055599,3.2694,-3.4829,101.82,2026-10-29,31,,,yahoo,1.0,1.0,1.0,1.0,1.0,1.0,1.0,1.0,1.0,0.1075,-1.0724,0.8769,11.6892,7.1197,19.8105,589.31,599.86,599.86,-3.572,-5.2679,-5.2679
V,367.739990234375,367.74,2026-09-28,False,366.0603942871094,370.5,0.1,8.91,ALTO,690378637312.0,31.27,24.51,19.49,61.19,19.11,66.13,50.78,2.96,22.06,0.68,0.98,6.0,YAHOO,-1.458,-0.8279,-1.8781,0.055599,3.2694,-3.4829,101.82,2026-10-27,29,,,yahoo,1.0,0.0,1.0,1.0,1.0,0.0,1.0,0.0,1.0,-0.5974,-2.0092,-0.0832,7.8364,14.8554,18.8294,379.37,384.14,384.14,-3.0656,-4.2693,-4.2693
PYPL,54.279998779296875,54.28,2026-09-28,False,52.939998626708984,54.59989929199219,-1.38,-21.29,ALTO,46434414592.0,10.26,9.38,2.36,24.5,4.62,16.97,14.36,9.53,7.75,0.72,1.29,9.0,YAHOO,-1.458,-0.8279,-1.8781,0.055599,3.2694,-3.4829,101.82,2026-10-27,29,,,yahoo,1.0,1.0,1.0,1.0,1.0,1.0,1.0,1.0,1.0,3.1547,0.4627,-6.7454,22.6094,43.1185,52.4659,56.68,62.1465,75.2904,-4.2343,-12.658,-27.9058
PAGS,8.899999618530273,8.9,2026-09-28,False,8.814000129699707,9.03499984741211,-1.66,-9.1,ALTO,2453249536.0,6.18,4.76,0.85,14.54,6.36,36.2,10.86,-75.67,0.31,0.12,1.55,7.0,YAHOO,-1.458,-0.8279,-1.8781,0.055599,3.2694,-3.4829,101.82,2026-11-10,43,,,yahoo,1.0,0.0,1.0,1.0,1.0,0.0,1.0,1.0,1.0,-6.019,-7.6857,-3.9119,0.956,24.3457,34.5391,9.8352,9.8352,11.3776,-9.5083,-9.5083,-21.776
NU,12.229999542236328,12.23,2026-09-28,False,12.220000267028809,12.65999984741211,-10.01,-23.38,ALTO,59079319552.0,16.75,10.82,4.46,31.63,4.96,50.15,42.73,,,,,4.0,YAHOO,-1.458,-0.8279,-1.8781,0.055599,3.2694,-3.4829,101.82,2026-11-12,45,,,yahoo,1.0,0.0,1.0,1.0,1.0,0.0,0.0,0.0,0.0,-13.0157,-15.1284,-12.8917,-6.8545,74.2613,44.9047,15.68,15.68,18.76,-22.0026,-22.0026,-34.8081
XP,20.229999542236328,20.23,2026-09-28,False,19.780000686645508,20.6299991607666,-1.37,8.71,ALTO,10265571328.0,10.37,8.62,2.23,22.56,1.36,31.18,28.54,,,6.42,1.49,7.0,YAHOO,-1.458,-0.8279,-1.8781,0.055599,3.2694,-3.4829,101.82,2026-11-16,49,,,yahoo,1.0,1.0,1.0,1.0,1.0,0.0,1.0,1.0,0.0,-2.6468,3.2406,24.0343,24.0343,12.1287,41.4119,21.21,21.21,22.6565,-4.6205,-4.6205,-10.71
AIG,72.77999877929688,72.78,2026-09-28,False,72.62999725341797,74.25,-1.87,-4.33,ALTO,38056165376.0,13.28,8.28,0.94,7.22,1.76,19.41,11.09,19.35,4.6,0.22,0.61,5.0,YAHOO,-1.458,-0.8279,-1.8781,0.055599,3.2694,-3.4829,101.82,2026-11-04,37,,,yahoo,1.0,1.0,1.0,1.0,0.0,0.0,1.0,0.0,0.0,-2.3612,-3.9689,-8.6507,-2.4732,15.808,18.0621,76.3542,80.5266,84.9512,-4.6811,-9.6199,-14.3273
BRK-B,503.0899963378906,503.09,2026-09-28,False,502.6300048828125,507.2349853515625,-0.47,0.71,ALTO,1076969668608.0,12.65,22.67,0.0,12.12,6.01,32.56,22.3,6.68,-1.79,0.17,2.89,4.0,YAHOO,-1.458,-0.8279,-1.8781,0.055599,3.2694,-3.4829,101.82,2026-11-07,40,,,yahoo,1.0,0.0,1.0,0.0,1.0,0.0,1.0,0.0,0.0,0.2151,-2.3031,-1.1922,1.4294,8.7615,14.2909,519.8,529.42,529.42,-3.2147,-4.9734,-4.9734
BBD,3.3499999046325684,3.35,2026-09-28,False,3.3350000381469727,3.4000000953674316,-1.76,4.39,ALTO,35473739776.0,7.98,6.16,1.01,13.76,1.07,34.52,26.07,,,,,4.0,YAHOO,-1.458,-0.8279,-1.8781,0.055599,3.2694,-3.4829,101.82,2026-11-04,37,,,yahoo,1.0,1.0,0.0,0.0,1.0,0.0,1.0,0.0,0.0,-4.8295,-5.3672,-5.1487,-1.7982,27.3578,31.2128,3.6,3.7214,4.1061,-6.9444,-9.9802,-18.415
AEG,8.800000190734863,8.8,2026-09-28,False,8.800000190734863,8.899999618530273,-1.01,17.44,ALTO,13023918080.0,11.89,9.4,1.27,11.07,0.1,5.82,8.62,-33.13,,0.43,1.16,6.0,YAHOO,-1.458,-0.8279,-1.8781,0.055599,3.2694,-3.4829,101.82,,999,2026-08-20,39.0,yahoo,1.0,1.0,1.0,0.0,1.0,0.0,1.0,0.0,1.0,-3.1903,-2.8698,0.2265,8.0099,23.5991,18.5541,9.2,9.2766,9.2766,-4.3478,-5.1372,-5.1372
SAN,14.220000267028809,14.22,2026-09-28,False,14.140000343322754,14.375,-1.39,39.84,ALTO,206138884096.0,14.08,9.94,1.61,13.11,0.78,43.44,33.46,,,,,4.0,YAHOO,-1.458,-0.8279,-1.8781,0.055599,3.2694,-3.4829,101.82,2026-10-28,30,,,yahoo,1.0,1.0,0.0,0.0,1.0,0.0,1.0,0.0,0.0,-2.736,-3.5278,6.278,4.1758,23.1084,29.8425,15.05,15.05,15.05,-5.5149,-5.5149,-5.5149
GGAL,36.97999954223633,36.98,2026-09-28,False,36.72999954223633,38.529998779296875,-4.54,30.97,ALTO,6266387968.0,105.66,5.28,9.78,1.09,0.2,17.32,1.5,,,,,1.0,YAHOO,-1.458,-0.8279,-1.8781,0.055599,3.2694,-3.4829,101.82,2026-11-24,57,,,yahoo,1.0,0.0,0.0,0.0,0.0,0.0,0.0,0.0,0.0,-11.4464,-13.9199,-24.5995,-27.1918,23.7534,42.6286,45.01,53.6149,58.6267,-17.8405,-31.0267,-36.9229
MELI,1712.4100341796875,1712.41,2026-09-28,False,1685.550048828125,1727.3699951171875,-2.29,-31.6,ALTO,86813712384.0,46.53,30.63,11.08,27.5,4.31,6.72,5.3,0.41,24.22,1.69,1.12,5.0,YAHOO,-1.458,-0.8279,-1.8781,0.055599,3.2694,-3.4829,101.82,2026-11-04,37,,,yahoo,1.0,0.0,1.0,1.0,1.0,0.0,1.0,0.0,0.0,-5.9358,-9.8845,-8.0985,1.7396,17.4017,34.4764,2006.58,2006.58,2501.3101,-14.6603,-14.6603,-31.5395
WFC,80.80999755859375,80.81,2026-09-28,False,80.58000183105469,82.88999938964844,-2.6,-2.51,ALTO,244369375232.0,11.75,10.17,1.48,12.57,1.08,37.39,27.23,,,,,3.0,YAHOO,-1.458,-0.8279,-1.8781,0.055599,3.2694,-3.4829,101.82,2026-10-13,15,,,yahoo,1.0,0.0,0.0,0.0,1.0,0.0,1.0,0.0,0.0,-6.6212,-8.9054,-3.0953,-2.6776,26.1062,23.9481,90.29,90.29,94.8289,-10.4995,-10.4995,-14.7833
BNY,148.44000244140625,148.44,2026-09-28,False,147.8000030517578,149.8699951171875,-1.14,37.67,ALTO,100717158400.0,17.32,14.48,2.52,14.12,1.26,40.05,29.41,,,,,6.0,YAHOO,-1.458,-0.8279,-1.8781,0.055599,3.2694,-3.4829,101.82,2026-10-15,17,,,yahoo,1.0,1.0,1.0,1.0,1.0,0.0,1.0,0.0,0.0,-3.5415,-5.848,-2.6623,3.6376,10.7158,22.0955,164.84,164.84,164.84,-9.949,-9.949,-9.949
BCS,24.610000610351562,24.61,2026-09-28,False,24.489999771118164,24.860000610351562,-0.81,22.02,ALTO,82314027008.0,9.65,7.38,0.95,10.09,0.47,42.95,27.87,,,,,6.0,YAHOO,-1.458,-0.8279,-1.8781,0.055599,3.2694,-3.4829,101.82,2026-10-22,24,,,yahoo,1.0,1.0,1.0,1.0,0.0,0.0,1.0,0.0,1.0,-2.7273,-4.8337,-4.4667,-7.3477,29.4562,30.2332,27.0,28.2428,28.2428,-8.8518,-12.8627,-12.8627
HSBC,101.18000030517578,101.18,2026-09-28,False,100.62899780273438,101.8499984741211,0.23,50.14,ALTO,346168918016.0,14.45,10.68,8.03,13.1,0.78,58.77,37.8,,,,,5.0,YAHOO,-1.458,-0.8279,-1.8781,0.055599,3.2694,-3.4829,101.82,2026-10-27,29,,,yahoo,1.0,0.0,1.0,1.0,1.0,0.0,1.0,0.0,0.0,-1.9669,-2.6554,-0.9078,6.9295,14.0975,20.9005,107.11,107.3417,107.3417,-5.5364,-5.7403,-5.7403
BHP,84.58000183105469,84.58,2026-09-28,False,82.93499755859375,84.93000030517578,-0.46,56.69,ALTO,214958112768.0,21.86,18.06,4.22,24.0,13.43,43.34,16.73,4.46,7.73,0.5,1.89,7.0,YAHOO,-1.458,-0.8279,-1.8781,0.055599,3.2694,-3.4829,101.82,,999,2026-08-17,42.0,yahoo,1.0,0.0,1.0,1.0,1.0,1.0,0.0,1.0,1.0,-1.754,-0.1888,3.9896,5.7326,25.2017,34.1735,92.25,96.5823,96.5823,-8.3144,-12.427,-12.427
LYG,5.71999979019165,5.72,2026-09-28,False,5.704999923706055,5.789400100708008,-0.87,32.52,ALTO,82477883392.0,13.62,8.9,1.5,11.34,0.56,44.96,26.43,,,,,6.0,YAHOO,-1.458,-0.8279,-1.8781,0.055599,3.2694,-3.4829,101.82,2026-10-29,31,,,yahoo,1.0,1.0,1.0,1.0,0.0,0.0,1.0,0.0,1.0,-2.8862,-3.0509,-1.2343,0.8269,30.2815,26.5354,6.1,6.21,6.21,-6.2295,-7.8905,-7.8905
ING,36.380001068115234,36.38,2026-09-28,False,36.20500183105469,36.68000030517578,-0.47,45.97,ALTO,103598374912.0,13.83,11.36,1.82,17.12,0.8,49.1,34.49,,,,,2.0,YAHOO,-1.458,-0.8279,-1.8781,0.055599,3.2694,-3.4829,101.82,2026-10-29,31,,,yahoo,1.0,0.0,0.0,0.0,0.0,0.0,1.0,0.0,0.0,-1.4359,-1.5693,13.3592,18.1945,17.845,25.2267,37.27,37.27,37.27,-2.388,-2.388,-2.388
IBN,27.299999237060547,27.3,2026-09-28,False,27.200000762939453,27.5049991607666,-2.22,-9.24,ALTO,97985290240.0,16.96,14.67,2.47,16.07,2.11,38.51,27.53,,,,,4.0,YAHOO,-1.458,-0.8279,-1.8781,0.055599,3.2694,-3.4829,101.82,2026-10-17,19,,,yahoo,1.0,0.0,1.0,1.0,1.0,0.0,0.0,0.0,0.0,-3.6017,-6.6986,-7.4981,-6.2379,16.9616,19.0386,30.58,30.58,32.6665,-10.726,-10.726,-16.4282
MUFG,23.3700008392334,23.37,2026-09-28,False,23.329999923706055,23.584999084472656,-0.47,46.92,ALTO,263047233536.0,15.68,22.69,1.82,9.46,0.51,45.6,27.45,,,,,1.0,YAHOO,-1.458,-0.8279,-1.8781,0.055599,3.2694,-3.4829,101.82,2026-11-12,45,,,yahoo,1.0,0.0,0.0,0.0,0.0,0.0,0.0,0.0,0.0,-0.2135,-2.1766,6.5178,16.967,39.5502,29.6409,24.13,24.13,24.13,-3.1496,-3.1496,-3.1496
GS,916.280029296875,916.28,2026-09-28,False,914.5,931.89501953125,-2.05,16.13,ALTO,266794532864.0,14.16,12.46,2.53,16.9,1.07,42.18,31.04,,,7.25,1.56,4.0,YAHOO,-1.458,-0.8279,-1.8781,0.055599,3.2694,-3.4829,101.82,2026-10-13,15,,,yahoo,1.0,1.0,0.0,0.0,0.0,0.0,1.0,0.0,1.0,-4.4935,-7.3013,-6.116,-9.7472,23.7466,36.2809,1038.61,1146.4551,1146.4551,-11.7782,-20.0771,-20.0771
BX,114.55999755859375,114.56,2026-09-28,False,113.87999725341797,117.3499984741211,-3.26,-32.38,ALTO,136933310464.0,25.69,15.31,10.17,31.37,14.33,54.36,22.73,,,0.68,0.87,5.0,YAHOO,-1.458,-0.8279,-1.8781,0.055599,3.2694,-3.4829,101.82,2026-10-22,24,,,yahoo,1.0,0.0,1.0,1.0,1.0,0.0,0.0,0.0,1.0,-9.3743,-10.7023,-10.5652,0.7387,34.4935,36.222,143.24,149.32,169.2734,-20.0223,-23.2789,-32.3225
ITUB,7.989999771118164,7.99,2026-09-28,False,7.949999809265137,8.079999923706055,-1.48,21.32,ALTO,88064753664.0,9.86,8.09,2.07,21.48,1.58,39.07,32.58,,,,,4.0,YAHOO,-1.458,-0.8279,-1.8781,0.055599,3.2694,-3.4829,101.82,2026-11-03,36,,,yahoo,1.0,1.0,1.0,0.0,0.0,0.0,1.0,0.0,0.0,-5.4438,-2.9162,-1.8902,-2.6898,21.6952,30.6824,8.45,8.6136,9.3754,-5.4438,-7.2396,-14.7772
BAC,55.470001220703125,55.47,2026-09-28,False,55.3650016784668,56.66999816894531,-2.17,8.01,ALTO,387887759360.0,12.81,10.49,1.41,11.2,0.97,38.3,29.52,,,,,5.0,YAHOO,-1.458,-0.8279,-1.8781,0.055599,3.2694,-3.4829,101.82,2026-10-14,16,,,yahoo,1.0,1.0,1.0,0.0,0.0,0.0,1.0,0.0,1.0,-4.2961,-6.7261,-8.7064,-3.6748,22.1835,21.2857,62.72,64.481,64.481,-11.5593,-13.9747,-13.9747
RACE,398.0,398.0,2026-09-28,False,394.6099853515625,407.5150146484375,-3.24,-16.54,ALTO,69871304704.0,37.65,31.81,16.51,45.44,13.61,31.06,22.25,1.43,29.99,0.86,2.43,9.0,YAHOO,-1.458,-0.8279,-1.8781,0.055599,3.2694,-3.4829,101.82,2026-11-03,36,,,yahoo,1.0,1.0,1.0,1.0,1.0,1.0,1.0,1.0,1.0,-4.3568,-2.7085,3.1917,8.0523,24.4976,27.1384,422.6,436.54,498.3386,-5.8211,-8.8285,-20.1346
C,131.30999755859375,131.31,2026-09-28,False,131.05999755859375,133.9600067138672,-2.21,29.92,ALTO,220264218624.0,14.15,10.17,1.14,8.53,0.66,36.23,21.83,,,,,3.0,YAHOO,-1.458,-0.8279,-1.8781,0.055599,3.2694,-3.4829,101.82,2026-10-13,15,,,yahoo,1.0,0.0,0.0,0.0,1.0,0.0,1.0,0.0,0.0,-2.7693,-3.5761,3.8131,-7.3776,25.3025,27.793,138.82,143.1323,144.9331,-5.4099,-8.2597,-9.3996
SCHW,98.30000305175781,98.3,2026-09-28,False,97.75,99.01000213623047,-0.74,2.69,ALTO,169993699328.0,17.91,12.55,3.87,20.27,2.07,52.28,38.79,,,1.51,0.66,7.0,YAHOO,-1.458,-0.8279,-1.8781,0.055599,3.2694,-3.4829,101.82,2026-10-15,17,,,yahoo,1.0,1.0,1.0,1.0,1.0,0.0,1.0,0.0,1.0,-8.0277,-8.3962,-5.6316,8.8754,5.9208,22.7822,110.38,113.65,113.65,-10.944,-13.5064,-13.5064
PG,149.02999877929688,149.03,2026-09-28,False,145.11000061035156,149.47999572753906,1.91,-0.14,ALTO,346147848192.0,22.51,20.14,6.49,30.29,10.72,22.08,18.44,3.84,14.79,0.64,0.68,6.0,YAHOO,-1.458,-0.8279,-1.8781,0.055599,3.2694,-3.4829,101.82,2026-10-22,24,,,yahoo,1.0,0.0,1.0,1.0,1.0,0.0,1.0,0.0,1.0,2.0194,1.9845,2.0055,1.1401,21.2717,17.5965,149.03,151.6182,164.7207,0.0,-1.707,-9.5257
KO,87.18000030517578,87.18,2026-09-28,False,86.88999938964844,87.69029998779297,-0.72,35.46,ALTO,375096213504.0,26.18,24.72,10.38,42.05,9.4,34.87,28.56,1.39,23.84,1.16,1.3,7.0,YAHOO,-1.458,-0.8279,-1.8781,0.055599,3.2694,-3.4829,101.82,2026-10-20,22,,,yahoo,1.0,1.0,1.0,0.0,1.0,1.0,1.0,1.0,0.0,0.0689,-1.8464,-1.5489,6.1104,5.1013,20.4628,88.82,91.4443,91.4443,-1.8464,-4.6633,-4.6633
PEP,128.5,128.5,2026-09-28,False,126.72100067138672,128.75,-0.1,-4.67,ALTO,175530999808.0,16.84,14.37,7.94,51.51,8.93,16.84,10.79,4.46,11.56,2.39,0.93,5.0,YAHOO,-1.458,-0.8279,-1.8781,0.055599,3.2694,-3.4829,101.82,2026-10-08,10,,,yahoo,1.0,0.0,1.0,1.0,0.0,1.0,1.0,0.0,0.0,-0.8411,-5.7503,-9.4963,-6.3508,13.3395,19.5826,139.0347,143.4476,165.4534,-7.577,-10.4202,-22.3346
MO,69.12999725341797,69.13,2026-09-28,False,68.68180084228516,69.5999984741211,0.45,12.33,ALTO,115429392384.0,14.55,11.79,-43.26,,29.54,76.36,39.0,7.83,8.7,,0.52,6.0,YAHOO,-1.458,-0.8279,-1.8781,0.055599,3.2694,-3.4829,101.82,2026-10-29,31,,,yahoo,1.0,0.0,1.0,1.0,0.0,1.0,1.0,1.0,0.0,0.8755,-0.5324,-6.2546,-5.1532,4.9991,29.838,70.1,73.7422,73.7422,-1.3837,-6.2546,-6.2546
WMT,108.7300033569336,108.73,2026-09-28,False,107.2699966430664,109.41500091552734,0.69,6.31,ALTO,865281966080.0,39.39,33.67,8.79,22.31,6.41,3.45,3.0,0.82,21.03,0.72,0.77,7.0,YAHOO,-1.458,-0.8279,-1.8781,0.055599,3.2694,-3.4829,101.82,2026-11-19,52,,,yahoo,1.0,1.0,1.0,1.0,1.0,0.0,1.0,1.0,0.0,1.2007,-0.3209,-4.5786,-4.895,25.0144,27.5091,110.53,115.7329,133.8795,-1.6285,-6.0509,-18.7852
TGT,158.42999267578125,158.43,2026-09-28,False,156.2100067138672,160.7989959716797,0.62,85.51,ALTO,71974232064.0,16.43,16.59,4.03,26.41,5.69,6.04,4.08,4.77,9.93,1.08,0.99,6.0,YAHOO,-1.458,-0.8279,-1.8781,0.055599,3.2694,-3.4829,101.82,2026-11-18,51,,,yahoo,1.0,0.0,1.0,1.0,1.0,1.0,1.0,0.0,0.0,0.4565,-0.1701,9.4215,19.21,18.4834,28.6763,164.44,169.89,169.89,-3.6548,-6.7455,-6.7455
MCD,233.60000610351562,233.6,2026-09-28,False,233.22999572753906,237.47999572753906,-1.23,-20.98,ALTO,165305073664.0,18.96,16.85,-161.55,,13.25,46.48,31.72,3.79,14.81,,1.08,6.0,YAHOO,-1.458,-0.8279,-1.8781,0.055599,3.2694,-3.4829,101.82,2026-11-05,38,,,yahoo,1.0,0.0,1.0,1.0,1.0,0.0,1.0,1.0,0.0,-5.7609,-9.278,-13.3543,-11.9468,33.5403,21.1972,261.68,280.2182,334.5029,-10.7307,-16.6364,-30.165
SBUX,95.2699966430664,95.27,2026-09-28,False,93.81999969482422,96.19499969482422,0.43,14.02,ALTO,108607799296.0,55.07,30.51,-14.15,,8.02,12.92,5.17,2.82,22.51,,0.76,5.0,YAHOO,-1.458,-0.8279,-1.8781,0.055599,3.2694,-3.4829,101.82,2026-10-28,30,,,yahoo,1.0,0.0,1.0,1.0,1.0,0.0,0.0,0.0,1.0,0.3899,-3.8357,-7.9919,-7.9211,16.2892,20.9517,106.72,108.49,108.49,-10.729,-12.1855,-12.1855
NKE,36.38999938964844,36.39,2026-09-28,False,35.40999984741211,36.665000915527344,1.79,-46.01,ALTO,53984518144.0,17.33,16.76,3.63,22.14,6.97,12.69,6.7,3.5,11.17,0.74,1.96,4.0,YAHOO,-1.458,-0.8279,-1.8781,0.055599,3.2694,-3.4829,101.82,2026-10-01,3,,,yahoo,1.0,0.0,1.0,0.0,1.0,0.0,0.0,1.0,0.0,0.8033,-1.7814,-14.9097,-11.3403,17.2172,28.9487,38.77,44.1022,72.1898,-6.1388,-17.487,-49.5912
MDLZ,60.18000030517578,60.18,2026-09-28,False,59.75,60.68000030517578,-0.12,-0.63,ALTO,76808224768.0,22.04,17.9,2.89,13.34,4.12,21.98,8.86,2.93,16.0,0.83,0.6,5.0,YAHOO,-1.458,-0.8279,-1.8781,0.055599,3.2694,-3.4829,101.82,2026-10-27,29,,,yahoo,1.0,0.0,1.0,1.0,0.0,0.0,1.0,0.0,1.0,0.0166,-3.5422,-7.4011,0.8885,11.9994,23.4653,62.47,64.99,64.99,-3.6658,-7.4011,-7.4011
HSY,164.41000366210938,164.41,2026-09-28,False,164.30999755859375,166.77000427246094,-1.18,-8.07,ALTO,33034188800.0,22.46,16.67,7.24,32.81,9.92,23.12,12.24,5.28,14.17,1.3,1.18,4.0,YAHOO,-1.458,-0.8279,-1.8781,0.055599,3.2694,-3.4829,101.82,2026-11-05,38,,,yahoo,1.0,0.0,1.0,1.0,0.0,1.0,0.0,0.0,0.0,-2.0786,-5.3374,-9.9001,-8.744,8.6166,21.7296,177.43,189.94,232.6481,-7.3381,-13.4411,-29.331
ANF,134.17999267578125,134.18,2026-09-28,False,133.60000610351562,137.125,-1.13,58.23,ALTO,5693844480.0,11.59,10.45,4.2,40.61,13.63,19.94,10.04,7.65,7.01,0.94,1.41,5.0,YAHOO,-1.458,-0.8279,-1.8781,0.055599,3.2694,-3.4829,101.82,2026-11-25,58,,,yahoo,1.0,0.0,1.0,1.0,0.0,1.0,1.0,0.0,0.0,-1.8865,-4.5797,30.9201,50.1063,32.6797,88.1759,152.08,152.08,152.08,-11.7701,-11.7701,-11.7701
EBAY,107.31999969482422,107.32,2026-09-28,False,105.72000122070312,108.7300033569336,-0.54,19.15,ALTO,47757398016.0,22.55,15.97,10.24,46.61,9.15,21.57,18.57,3.31,16.75,1.53,1.02,5.0,YAHOO,-1.458,-0.8279,-1.8781,0.055599,3.2694,-3.4829,101.82,2026-11-04,37,,,yahoo,1.0,1.0,1.0,0.0,0.0,0.0,1.0,0.0,1.0,-0.9049,-1.5322,-6.6381,-2.8463,8.4304,31.888,112.9,117.084,118.2715,-4.9424,-8.3393,-9.2596
ABEV,2.869999885559082,2.87,2026-09-28,False,2.859999895095825,2.9100000858306885,-1.37,26.21,ALTO,44245315584.0,14.35,13.43,2.59,18.4,10.3,23.74,18.41,44.88,1.13,0.03,1.02,8.0,YAHOO,-1.458,-0.8279,-1.8781,0.055599,3.2694,-3.4829,101.82,2026-10-29,31,,,yahoo,1.0,1.0,1.0,1.0,1.0,0.0,1.0,1.0,1.0,-3.2412,-4.8379,-6.9867,-9.3267,14.9793,19.7594,3.0259,3.1254,3.4043,-5.1509,-8.1716,-15.6954
UL,62.529998779296875,62.53,2026-09-28,False,61.75,62.54499816894531,-0.02,-2.95,ALTO,134643638272.0,21.56,16.14,7.3,31.87,8.29,20.34,18.32,5.0,14.98,1.75,0.74,7.0,YAHOO,-1.458,-0.8279,-1.8781,0.055599,3.2694,-3.4829,101.82,2026-10-28,30,2026-07-28,62.0,finnhub,1.0,1.0,1.0,0.0,0.0,1.0,1.0,1.0,1.0,0.5791,-1.636,-4.4607,3.0326,11.7247,26.7368,64.85,66.3122,72.7099,-3.5775,-5.7037,-14.0007
URBN,75.44000244140625,75.44,2026-09-28,False,74.22000122070312,76.66329956054688,0.12,4.36,ALTO,6462204416.0,11.81,10.88,2.47,20.94,8.02,11.62,8.79,1.51,8.96,0.43,1.58,8.0,YAHOO,-1.458,-0.8279,-1.8781,0.055599,3.2694,-3.4829,101.82,2026-11-25,58,,,yahoo,1.0,1.0,1.0,1.0,0.0,1.0,1.0,1.0,1.0,1.6575,-2.0387,0.0531,5.5696,7.0419,40.2173,80.97,82.95,82.95,-6.8297,-9.0536,-9.0536
CL,86.5199966430664,86.52,2026-09-28,False,85.3550033569336,86.61000061035156,0.53,10.24,ALTO,68971388928.0,34.06,21.1,292.3,267.37,15.84,20.97,9.68,5.01,15.12,13.88,1.03,5.0,YAHOO,-1.458,-0.8279,-1.8781,0.055599,3.2694,-3.4829,101.82,2026-10-30,32,,,yahoo,1.0,0.0,1.0,1.0,1.0,0.0,1.0,0.0,0.0,0.3014,-1.5588,-7.4553,-5.8268,16.16,19.7866,90.1,94.4883,97.966,-3.9734,-8.4331,-11.6837
COST,922.9199829101562,922.92,2026-09-28,False,913.0,931.0,0.02,1.19,ALTO,409099042816.0,44.46,36.92,11.43,28.4,8.79,3.97,3.04,1.75,27.6,0.24,1.06,6.0,YAHOO,-1.458,-0.8279,-1.8781,0.055599,3.2694,-3.4829,101.82,2026-12-10,73,2026-09-24,4.0,yahoo,1.0,0.0,1.0,1.0,1.0,1.0,0.0,1.0,0.0,2.7201,0.4364,-5.2473,-2.3548,25.9952,20.007,943.89,974.03,1092.5829,-2.2217,-5.2473,-15.5286
KMB,98.7699966430664,98.77,2026-09-28,False,97.33999633789062,99.01000213623047,0.35,-15.41,ALTO,32848830464.0,19.52,13.2,18.77,104.91,10.2,19.0,11.79,2.87,11.04,3.49,0.91,4.0,YAHOO,-1.458,-0.8279,-1.8781,0.055599,3.2694,-3.4829,101.82,2026-11-03,36,,,yahoo,1.0,0.0,1.0,1.0,1.0,0.0,0.0,0.0,0.0,1.0538,-0.3229,-11.7082,-9.0572,16.9057,24.9612,107.9941,113.3795,118.2847,-8.5413,-12.8855,-16.498
ORLY,86.51000213623047,86.51,2026-09-28,False,85.5999984741211,87.0199966430664,0.45,-19.62,ALTO,69983199232.0,27.46,23.69,-38.47,,13.67,20.15,14.27,2.24,18.94,,0.75,7.0,YAHOO,-1.458,-0.8279,-1.8781,0.055599,3.2694,-3.4829,101.82,2026-10-28,30,,,yahoo,1.0,0.0,1.0,1.0,1.0,1.0,1.0,1.0,0.0,4.3798,-0.814,-4.546,-4.0484,4.3829,27.5339,88.8,93.53,107.81,-2.5788,-7.5056,-19.757
PM,193.75999450683594,193.76,2026-09-28,False,189.69000244140625,194.02000427246094,1.72,23.12,ALTO,301996933120.0,26.62,21.08,-35.18,,14.59,40.0,25.56,3.22,18.98,,0.98,7.0,YAHOO,-1.458,-0.8279,-1.8781,0.055599,3.2694,-3.4829,101.82,2026-10-21,23,,,yahoo,1.0,1.0,1.0,1.0,1.0,1.0,0.0,1.0,0.0,3.3497,-0.5645,-2.3584,5.955,14.8075,26.4838,194.86,200.17,200.17,-0.5645,-3.2023,-3.2023
ETSY,68.91999816894531,68.92,2026-09-28,False,66.20999908447266,69.54850006103516,0.7,-7.35,ALTO,6325597696.0,21.81,10.0,-4.56,,10.53,18.74,7.11,2.68,17.49,,1.48,5.0,YAHOO,-1.458,-0.8279,-1.8781,0.055599,3.2694,-3.4829,101.82,2026-11-04,37,,,yahoo,1.0,0.0,1.0,1.0,1.0,0.0,1.0,0.0,0.0,-6.2058,-7.4402,-19.4672,-13.4823,48.6215,43.2269,82.03,87.03,87.03,-15.982,-20.8089,-20.8089
TM,188.3000030517578,188.3,2026-09-28,False,187.8800048828125,189.77000427246094,-1.07,-4.2,ALTO,222981734400.0,8.51,11.93,15.31,12.4,2.34,7.86,8.63,-1614.47,6.27,1.15,1.17,3.0,YAHOO,-1.458,-0.8279,-1.8781,0.055599,3.2694,-3.4829,101.82,2026-11-05,38,,,yahoo,1.0,0.0,1.0,1.0,0.0,0.0,0.0,0.0,0.0,-2.1818,-4.6872,-2.3543,9.8856,26.5879,21.9791,199.87,199.87,248.29,-5.7888,-5.7888,-24.1613
HMC,32.4900016784668,32.49,2026-09-28,False,32.43000030517578,32.772098541259766,-1.34,2.17,ALTO,42161373184.0,,,0.54,-0.76,-0.15,8.76,-0.75,635.07,7.16,1.14,1.29,3.0,YAHOO,-1.458,-0.8279,-1.8781,0.055599,3.2694,-3.4829,101.82,2026-11-05,38,,,yahoo,0.0,0.0,1.0,1.0,0.0,0.0,1.0,0.0,0.0,-0.123,0.0,5.8996,19.0982,25.536,28.0721,33.04,33.37,33.37,-1.6646,-2.6371,-2.6371
NSANY,3.8499999046325684,3.85,2026-09-28,False,3.8499999046325684,3.9600000381469727,-1.03,-21.33,ALTO,6730535936.0,,4.48,0.21,-7.65,0.69,2.63,-3.37,-20200.22,15.32,1.72,1.54,4.0,YAHOO,-1.458,-0.8279,-1.8781,0.055599,3.2694,-3.4829,101.82,2026-11-05,38,,,yahoo,0.0,1.0,1.0,1.0,0.0,1.0,0.0,0.0,0.0,-4.9383,-6.0976,-11.8993,0.7853,24.6158,34.0608,4.18,4.51,6.05,-7.8947,-14.6342,-36.3636
GM,80.63999938964844,80.64,2026-09-28,False,80.43000030517578,82.69000244140625,-2.41,33.02,ALTO,72934973440.0,36.0,5.36,1.14,3.16,2.25,3.2,1.05,30.07,10.82,2.02,1.14,5.0,YAHOO,-1.458,-0.8279,-1.8781,0.055599,3.2694,-3.4829,101.82,2026-10-20,22,,,yahoo,1.0,0.0,1.0,1.0,0.0,1.0,1.0,0.0,0.0,-3.9428,-7.4805,-9.6121,4.4825,45.248,32.9206,87.76,90.1136,90.1136,-8.113,-10.513,-10.513
ARCO,7.139999866485596,7.14,2026-09-28,False,7.09499979019165,7.25,-1.38,8.01,ALTO,1504134144.0,5.8,8.31,1.81,36.36,6.91,5.56,5.16,8.57,5.64,2.64,0.88,6.0,YAHOO,-1.458,-0.8279,-1.8781,0.055599,3.2694,-3.4829,101.82,2026-11-18,51,,,yahoo,1.0,1.0,1.0,1.0,0.0,1.0,1.0,0.0,0.0,-5.0532,-9.2318,-12.959,-11.2439,20.6836,22.6197,8.1733,8.3913,9.3346,-12.6425,-14.9115,-23.5106
HD,289.8900146484375,289.89,2026-09-28,False,289.30999755859375,293.9049987792969,-1.13,-26.78,ALTO,289220263936.0,20.3,18.09,17.41,104.3,12.14,12.86,8.41,3.72,14.21,3.8,1.08,4.0,YAHOO,-1.458,-0.8279,-1.8781,0.055599,3.2694,-3.4829,101.82,2026-11-17,50,,,yahoo,1.0,0.0,1.0,1.0,1.0,0.0,0.0,0.0,0.0,-2.4596,-6.7488,-13.6707,-16.7566,20.7591,24.6087,325.4318,353.0185,398.7966,-10.9214,-17.8825,-27.3088
DIS,105.58999633789062,105.59,2026-09-28,False,104.76000213623047,106.56999969482422,-0.53,-6.73,ALTO,182320857088.0,21.77,14.11,1.66,8.01,4.81,19.3,8.7,2.67,11.02,0.39,0.71,8.0,YAHOO,-1.458,-0.8279,-1.8781,0.055599,3.2694,-3.4829,101.82,2026-11-12,45,,,yahoo,1.0,1.0,1.0,1.0,1.0,0.0,1.0,1.0,1.0,1.3048,-2.7627,7.2197,7.877,18.5493,25.6058,108.59,111.25,114.9988,-2.7627,-5.0876,-8.1817
JNJ,271.95001220703125,271.95,2026-09-28,False,269.2699890136719,273.7799987792969,0.27,53.05,ALTO,655371927552.0,31.55,22.4,7.71,25.74,8.6,29.19,21.48,2.58,19.55,0.58,1.09,3.0,YAHOO,-1.458,-0.8279,-1.8781,0.055599,3.2694,-3.4829,101.82,2026-10-13,15,,,yahoo,1.0,1.0,1.0,0.0,0.0,0.0,0.0,0.0,0.0,0.9203,2.114,2.9229,5.7179,3.7316,20.8034,278.43,278.43,278.43,-2.3273,-2.3273,-2.3273
LLY,1184.780029296875,1184.78,2026-09-28,False,1172.56005859375,1194.0899658203125,0.11,64.05,ALTO,1056517390336.0,39.73,25.02,31.18,102.29,20.36,54.22,33.53,1.05,26.39,1.62,1.35,7.0,YAHOO,-1.458,-0.8279,-1.8781,0.055599,3.2694,-3.4829,101.82,2026-10-29,31,,,yahoo,1.0,1.0,1.0,0.0,0.0,1.0,1.0,1.0,1.0,1.7075,4.0851,-1.9456,-3.5329,28.2461,30.164,1184.78,1280.34,1280.34,0.0,-7.4636,-7.4636
NVO,38.709999084472656,38.71,2026-09-28,False,38.2322998046875,38.898399353027344,-0.23,-26.83,ALTO,170973741056.0,9.7,11.54,5.09,59.81,18.73,42.54,35.35,22.03,1.53,0.63,0.87,4.0,YAHOO,-1.458,-0.8279,-1.8781,0.055599,3.2694,-3.4829,101.82,2026-11-04,37,,,yahoo,1.0,0.0,1.0,1.0,0.0,1.0,0.0,0.0,0.0,-2.7387,-10.9091,-23.9925,-18.8981,29.9475,38.9501,47.51,50.9588,60.9379,-18.5224,-24.0367,-36.4763
AMGN,418.1300048828125,418.13,2026-09-28,False,410.9549865722656,419.0199890136719,0.85,56.79,ALTO,226054455296.0,25.99,17.1,19.34,91.47,8.67,35.55,22.95,3.82,15.49,4.9,1.37,7.0,YAHOO,-1.458,-0.8279,-1.8781,0.055599,3.2694,-3.4829,101.82,2026-11-03,36,,,yahoo,1.0,1.0,1.0,1.0,1.0,0.0,0.0,1.0,1.0,6.3511,9.6016,8.4959,16.6478,21.0245,33.8497,444.12,444.12,444.12,-5.852,-5.852,-5.852
UNH,377.8299865722656,377.83,2026-09-28,False,374.55999755859375,380.9800109863281,0.33,12.31,ALTO,339138248704.0,24.3,16.71,3.47,14.15,4.87,7.13,3.14,7.16,14.52,0.69,0.78,6.0,YAHOO,-1.458,-0.8279,-1.8781,0.055599,3.2694,-3.4829,101.82,2026-10-13,15,,,yahoo,1.0,0.0,1.0,1.0,1.0,0.0,1.0,0.0,1.0,0.0715,-1.4913,-9.6092,-9.4477,9.4385,21.783,398.4863,433.6796,433.6796,-5.1837,-12.8781,-12.8781
PFE,28.719999313354492,28.72,2026-09-28,False,28.389999389648438,28.8700008392334,0.17,28.8,ALTO,163694624768.0,37.79,9.91,1.92,5.01,5.78,27.88,6.8,7.63,8.49,0.74,1.27,5.0,YAHOO,-1.458,-0.8279,-1.8781,0.055599,3.2694,-3.4829,101.82,2026-11-03,36,,,yahoo,1.0,0.0,1.0,1.0,0.0,0.0,0.0,1.0,1.0,3.5328,3.6075,14.1948,19.9115,5.6059,18.4414,29.02,29.02,29.02,-1.0338,-1.0338,-1.0338
ABT,100.9800033569336,100.98,2026-09-28,False,100.25499725341797,101.76190185546875,-0.31,-22.44,ALTO,174734114816.0,32.68,16.65,3.42,10.58,5.33,14.71,11.65,4.13,17.38,0.63,1.38,5.0,YAHOO,-1.458,-0.8279,-1.8781,0.055599,3.2694,-3.4829,101.82,2026-10-14,16,,,yahoo,1.0,0.0,1.0,1.0,1.0,0.0,0.0,1.0,0.0,-1.9421,-2.0467,-6.5,9.6971,18.1707,31.1693,110.47,116.67,131.5494,-8.5906,-13.4482,-23.2379
CVS,87.8499984741211,87.85,2026-09-28,False,87.83999633789062,90.01000213623047,-1.44,19.88,ALTO,112357548032.0,23.18,10.3,1.41,6.21,2.97,3.86,1.18,7.19,10.58,0.96,0.87,6.0,YAHOO,-1.458,-0.8279,-1.8781,0.055599,3.2694,-3.4829,101.82,2026-10-28,30,,,yahoo,1.0,0.0,1.0,1.0,1.0,1.0,0.0,0.0,1.0,0.2854,-8.0586,-17.06,-14.6613,48.2761,27.4364,97.6,109.9195,109.9195,-9.9898,-20.0779,-20.0779
ABBV,266.2799987792969,266.28,2026-09-28,False,263.3800048828125,267.7349853515625,0.73,22.96,ALTO,470547988480.0,75.01,16.37,-79.27,,10.51,40.03,9.8,3.59,17.28,,0.81,7.0,YAHOO,-1.458,-0.8279,-1.8781,0.055599,3.2694,-3.4829,101.82,2026-10-29,31,,,yahoo,1.0,0.0,1.0,1.0,1.0,1.0,0.0,1.0,1.0,0.6806,1.7229,1.1318,5.4521,7.0198,21.6229,266.28,266.28,266.28,0.0,0.0,0.0
TMO,678.5999755859375,678.6,2026-09-28,False,664.22998046875,682.4301147460938,0.53,47.33,ALTO,250910507008.0,36.56,24.64,4.76,13.51,5.13,18.75,15.04,2.49,24.55,0.81,1.55,5.0,YAHOO,-1.458,-0.8279,-1.8781,0.055599,3.2694,-3.4829,101.82,2026-10-21,23,,,yahoo,1.0,0.0,1.0,1.0,0.0,1.0,1.0,0.0,0.0,3.0117,10.6744,17.8087,34.1022,16.3157,28.6686,678.6,678.6,678.6,0.0,0.0,0.0
AZN,166.14999389648438,166.15,2026-09-28,False,165.38999938964844,167.52000427246094,-0.26,13.17,ALTO,257681342464.0,24.87,14.35,5.12,21.96,8.02,23.46,17.02,1.9,14.36,0.64,0.89,7.0,YAHOO,-1.458,-0.8279,-1.8781,0.055599,3.2694,-3.4829,101.82,2026-10-30,32,,,yahoo,1.0,1.0,1.0,1.0,1.0,1.0,0.0,1.0,0.0,-1.16,1.4471,-4.1258,-12.9877,29.9761,30.9489,168.37,193.12,208.62,-1.3185,-13.9654,-20.3576
CAH,220.2899932861328,220.29,2026-09-28,False,218.9250030517578,221.97000122070312,0.03,43.94,ALTO,51010207744.0,30.51,15.67,-17.8,,3.72,1.33,0.67,9.32,13.32,,0.88,8.0,YAHOO,-1.458,-0.8279,-1.8781,0.055599,3.2694,-3.4829,101.82,2026-11-05,38,,,yahoo,1.0,1.0,1.0,1.0,1.0,0.0,1.0,1.0,1.0,-2.4186,-6.2157,-3.8539,-6.5407,11.2342,22.5931,248.61,248.61,248.61,-11.3913,-11.3913,-11.3913
ISRG,414.7900085449219,414.79,2026-09-28,False,402.75,416.510009765625,2.37,-5.62,ALTO,148610154496.0,47.62,34.3,8.08,17.42,10.51,33.6,28.45,1.76,33.02,,4.96,7.0,YAHOO,-1.458,-0.8279,-1.8781,0.055599,3.2694,-3.4829,101.82,2026-10-20,22,,,yahoo,1.0,1.0,1.0,1.0,0.0,1.0,1.0,0.0,1.0,3.2715,9.7502,17.471,2.1726,22.6929,47.4695,414.79,432.83,592.85,0.0,-4.1679,-30.0346
MRNA,197.27999877929688,197.28,2026-09-28,False,189.10009765625,199.82000732421875,-0.8,678.78,ALTO,78761254912.0,,-44.14,11.64,-39.0,-13.26,-557.93,-141.43,0.38,-34.42,0.19,2.29,3.0,YAHOO,-1.458,-0.8279,-1.8781,0.055599,3.2694,-3.4829,101.82,2026-11-05,38,,,yahoo,0.0,1.0,0.0,1.0,0.0,0.0,0.0,1.0,0.0,14.0742,34.4877,262.0481,183.0416,56.2836,377.4058,198.88,198.88,198.88,-0.8045,-0.8045,-0.8045
NVS,146.8800048828125,146.88,2026-09-28,False,145.72000122070312,147.02999877929688,0.98,21.9,ALTO,279177003008.0,22.19,14.93,6.72,30.35,10.25,34.62,22.5,4.26,13.78,1.17,0.86,8.0,YAHOO,-1.458,-0.8279,-1.8781,0.055599,3.2694,-3.4829,101.82,2026-10-27,29,,,yahoo,1.0,1.0,1.0,1.0,0.0,1.0,1.0,1.0,1.0,4.185,5.6767,-7.5238,-6.7961,4.6428,37.7089,163.09,163.09,163.6393,-9.9393,-9.9393,-10.2416
PHG,25.110000610351562,25.11,2026-09-28,False,24.930099487304688,25.219900131225586,0.6,-3.11,ALTO,24543203328.0,19.32,13.19,1.87,10.15,4.07,13.99,6.31,6.22,12.46,0.65,1.26,7.0,YAHOO,-1.458,-0.8279,-1.8781,0.055599,3.2694,-3.4829,101.82,2026-11-03,36,,,yahoo,1.0,1.0,1.0,1.0,0.0,1.0,0.0,1.0,1.0,0.8434,0.1196,-3.7931,-7.7177,25.2084,23.2934,26.59,28.23,31.6757,-5.566,-11.0521,-20.7279
MRK,148.69000244140625,148.69,2026-09-28,False,146.27999877929688,149.1699981689453,-0.06,94.72,ALTO,366843756544.0,118.95,15.6,8.75,6.96,11.87,-0.24,4.77,4.14,14.33,1.28,1.32,4.0,YAHOO,-1.458,-0.8279,-1.8781,0.055599,3.2694,-3.4829,101.82,2026-10-29,31,,,yahoo,1.0,0.0,1.0,0.0,0.0,1.0,1.0,0.0,0.0,-0.5418,3.2569,14.7343,15.6034,16.6047,34.7618,151.446,155.5319,155.5319,-1.8198,-4.399,-4.399
GILD,152.2100067138672,152.21,2026-09-28,False,149.42999267578125,152.72999572753906,0.85,38.43,ALTO,188733587456.0,,15.39,15.97,-20.68,14.09,33.68,-10.64,5.18,14.28,2.23,1.26,8.0,YAHOO,-1.458,-0.8279,-1.8781,0.055599,3.2694,-3.4829,101.82,2026-10-29,31,,,yahoo,1.0,1.0,1.0,1.0,1.0,0.0,1.0,1.0,1.0,1.0959,4.547,15.3223,21.1646,16.755,27.3461,152.67,152.67,153.0467,-0.3013,-0.3013,-0.5467
BMY,63.880001068115234,63.88,2026-09-28,False,62.41999816894531,63.93000030517578,1.62,51.57,ALTO,130488614912.0,14.07,9.73,5.85,46.6,10.72,34.42,18.87,6.22,8.58,2.02,1.53,8.0,YAHOO,-1.458,-0.8279,-1.8781,0.055599,3.2694,-3.4829,101.82,2026-10-29,31,,,yahoo,1.0,1.0,1.0,1.0,1.0,1.0,0.0,1.0,1.0,2.0121,-0.3432,1.2361,10.3161,27.8473,25.3372,68.09,68.09,68.09,-6.183,-6.183,-6.183
HIMS,28.780000686645508,28.78,2026-09-28,False,28.459999084472656,29.43000030517578,-2.18,-51.38,ALTO,6714760192.0,,39.04,20.72,-32.03,-2.21,-12.75,-5.51,12.65,-743.76,4.77,0.93,4.0,YAHOO,-1.458,-0.8279,-1.8781,0.055599,3.2694,-3.4829,101.82,2026-11-09,42,,,yahoo,1.0,0.0,1.0,1.0,0.0,1.0,0.0,0.0,0.0,-1.9421,-0.1041,15.12,-13.8065,66.5959,84.6851,30.43,38.28,62.76,-5.4223,-24.8171,-54.1428
CAT,819.9500122070312,819.95,2026-09-28,False,808.239990234375,827.5700073242188,-0.2,75.37,ALTO,376910413824.0,35.27,25.32,19.43,56.97,9.03,22.18,14.51,1.34,25.65,2.33,1.37,6.0,YAHOO,-1.458,-0.8279,-1.8781,0.055599,3.2694,-3.4829,101.82,2026-10-29,31,,,yahoo,1.0,0.0,1.0,1.0,1.0,1.0,1.0,0.0,0.0,0.4225,4.5855,4.7578,-20.4918,19.5214,34.1469,822.48,968.124,1062.9282,-0.3076,-15.3053,-22.8593
GE,318.239990234375,318.24,2026-09-28,False,315.239990234375,323.0003967285156,-2.71,8.74,ALTO,330193862656.0,37.57,35.07,18.72,48.23,5.07,20.57,17.72,2.0,30.47,1.13,0.98,6.0,YAHOO,-1.458,-0.8279,-1.8781,0.055599,3.2694,-3.4829,101.82,2026-10-20,22,,,yahoo,1.0,1.0,1.0,0.0,0.0,0.0,1.0,1.0,1.0,-0.2414,0.2141,-9.2377,-14.7369,32.487,30.0103,337.12,381.22,381.22,-5.6004,-16.5206,-16.5206
LMT,518.0999755859375,518.1,2026-09-28,False,516.0999755859375,524.2000122070312,-0.28,7.97,ALTO,119572684800.0,19.1,15.82,13.59,89.17,8.64,11.96,8.16,4.65,14.12,2.34,1.19,6.0,YAHOO,-1.458,-0.8279,-1.8781,0.055599,3.2694,-3.4829,101.82,2026-10-20,22,,,yahoo,1.0,0.0,1.0,1.0,1.0,0.0,1.0,1.0,0.0,-3.2312,-2.1308,-8.4145,3.831,8.0701,31.443,557.78,604.9383,668.1661,-7.1139,-14.3549,-22.4594
RTX,187.66000366210938,187.66,2026-09-28,False,186.80999755859375,189.58999633789062,-0.92,16.33,ALTO,252920283136.0,33.04,23.9,3.81,12.27,4.21,12.7,8.28,3.91,18.09,0.57,1.01,8.0,YAHOO,-1.458,-0.8279,-1.8781,0.055599,3.2694,-3.4829,101.82,2026-10-20,22,,,yahoo,1.0,1.0,1.0,1.0,1.0,1.0,0.0,1.0,1.0,-3.4373,-3.9316,-12.528,0.5089,18.6304,24.4816,207.73,225.49,225.49,-9.6616,-16.7768,-16.7768
UAL,111.51000213623047,111.51,2026-09-28,False,108.5999984741211,113.25,-2.18,12.99,ALTO,36192772096.0,10.44,7.71,2.17,23.25,3.38,5.53,5.56,2.51,7.62,2.02,0.78,7.0,YAHOO,-1.458,-0.8279,-1.8781,0.055599,3.2694,-3.4829,101.82,2026-10-21,23,,,yahoo,1.0,1.0,1.0,1.0,1.0,0.0,1.0,0.0,1.0,-2.5177,2.3403,-6.6237,-17.5161,44.8941,38.9366,115.21,132.76,136.11,-3.2115,-16.0063,-18.0736
F,12.380000114440918,12.38,2026-09-28,False,12.289999961853027,12.66919994354248,-2.6,7.11,ALTO,49366437888.0,,6.34,1.38,-18.25,0.35,1.88,-3.94,-16.08,25.11,4.57,1.09,2.0,YAHOO,-1.458,-0.8279,-1.8781,0.055599,3.2694,-3.4829,101.82,2026-10-22,24,,,yahoo,0.0,0.0,1.0,1.0,0.0,0.0,0.0,0.0,0.0,-5.9985,-10.6782,-18.1016,-10.7412,26.143,31.4063,14.62,15.1163,17.2531,-15.3215,-18.1016,-28.245
AAL,13.520000457763672,13.52,2026-09-28,False,13.3100004196167,13.725000381469727,-2.52,18.74,ALTO,8949833728.0,,6.84,-2.25,,1.12,2.81,-0.56,5.8,10.84,,0.53,4.0,YAHOO,-1.458,-0.8279,-1.8781,0.055599,3.2694,-3.4829,101.82,2026-10-22,24,,,yahoo,1.0,0.0,1.0,1.0,0.0,0.0,0.0,0.0,1.0,-0.3685,3.2061,-8.8949,-24.5536,45.9325,44.6172,13.87,17.75,18.15,-2.5234,-23.831,-25.5096
UNP,274.1000061035156,274.1,2026-09-28,False,272.7300109863281,275.7349853515625,0.11,18.44,ALTO,162836103168.0,22.19,19.33,8.38,39.7,9.27,40.98,28.85,2.9,14.88,1.51,0.99,8.0,YAHOO,-1.458,-0.8279,-1.8781,0.055599,3.2694,-3.4829,101.82,2026-10-22,24,,,yahoo,1.0,1.0,1.0,1.0,1.0,1.0,1.0,1.0,0.0,1.6578,-3.8515,-5.7558,0.9798,6.267,21.3529,300.67,309.1852,309.1852,-8.8369,-11.3476,-11.3476
FDX,289.6499938964844,289.65,2026-09-28,False,283.20001220703125,289.79998779296875,1.33,54.46,ALTO,68551589888.0,15.61,13.88,2.2,14.85,5.01,11.13,4.68,8.25,8.19,1.36,1.48,5.0,YAHOO,-1.458,-0.8279,-1.8781,0.055599,3.2694,-3.4829,101.82,2026-10-28,30,,,yahoo,1.0,0.0,1.0,1.0,0.0,1.0,0.0,1.0,0.0,-2.0758,-7.3328,-5.7752,-10.637,45.7622,24.6631,326.1198,338.023,338.023,-11.1829,-14.3106,-14.3106
PCAR,111.6500015258789,111.65,2026-09-28,False,110.37000274658203,112.22000122070312,0.31,14.51,ALTO,58768650240.0,23.51,15.45,2.89,12.76,4.12,12.02,9.0,3.31,19.79,0.73,5.52,4.0,YAHOO,-1.458,-0.8279,-1.8781,0.055599,3.2694,-3.4829,101.82,2026-10-27,29,,,yahoo,1.0,0.0,1.0,1.0,0.0,1.0,0.0,0.0,0.0,-2.6846,-9.1242,-16.3774,-6.4,17.3546,22.882,124.7,137.845,137.845,-10.4651,-19.0032,-19.0032
MMM,169.47999572753906,169.48,2026-09-28,False,168.0305938720703,170.6199951171875,-0.04,11.97,ALTO,87404634112.0,30.1,17.3,29.61,81.89,8.74,20.35,11.9,7.27,14.7,4.38,1.24,5.0,YAHOO,-1.458,-0.8279,-1.8781,0.055599,3.2694,-3.4829,101.82,2026-10-20,22,,,yahoo,1.0,0.0,1.0,0.0,0.0,1.0,1.0,0.0,1.0,2.7338,4.6044,-4.3428,4.7971,19.3982,25.3522,171.83,182.979,182.979,-1.3676,-7.3773,-7.3773
PAC,213.82000732421875,213.82,2026-09-28,False,213.82000732421875,217.9600067138672,-0.98,-12.21,ALTO,12722679808.0,20.54,16.88,595.11,28.03,10.47,44.16,30.83,54.22,84.91,1.18,0.74,7.0,YAHOO,-1.458,-0.8279,-1.8781,0.055599,3.2694,-3.4829,101.82,2026-10-19,21,,,yahoo,1.0,1.0,1.0,1.0,0.0,1.0,1.0,0.0,1.0,2.7981,6.1616,-1.4518,-16.0041,24.1067,27.1191,215.94,254.42,300.41,-0.9818,-15.9579,-28.8239
GT,5.019999980926514,5.02,2026-09-28,False,5.0,5.130000114440918,-2.14,-33.13,ALTO,1445251712.0,,9.53,0.51,-61.53,0.51,-0.96,-14.37,34.4,9.12,2.74,1.09,5.0,YAHOO,-1.458,-0.8279,-1.8781,0.055599,3.2694,-3.4829,101.82,2026-11-03,36,,,yahoo,0.0,0.0,1.0,1.0,1.0,1.0,0.0,0.0,1.0,0.0,-5.6391,-31.044,-24.3976,40.8761,49.001,6.27,7.45,10.54,-19.9362,-32.6174,-52.3719
BA,184.38999938964844,184.39,2026-09-28,False,184.24000549316406,192.77000427246094,-6.91,-15.12,ALTO,145736335360.0,66.57,44.01,23.9,173.54,-1.98,0.0,2.59,3.86,-60.28,7.91,1.14,6.0,YAHOO,-1.458,-0.8279,-1.8781,0.055599,3.2694,-3.4829,101.82,2026-10-28,30,,,yahoo,1.0,1.0,1.0,0.0,1.0,0.0,0.0,1.0,1.0,-8.3321,-12.308,-13.8405,-14.1134,58.3738,34.8229,212.25,240.19,252.15,-13.126,-23.2316,-26.8729
HON,211.52000427246094,211.52,2026-09-28,False,209.72740173339844,212.80999755859375,-0.48,4.19,ALTO,67039150080.0,8.13,21.39,3.62,46.58,5.72,20.25,21.58,3.89,10.98,1.85,1.21,5.0,YAHOO,-1.458,-0.8279,-1.8781,0.055599,3.2694,-3.4829,101.82,2026-10-22,24,,,yahoo,1.0,0.0,1.0,1.0,0.0,0.0,1.0,0.0,1.0,2.4409,5.0353,-12.0128,-6.868,7.146,27.2017,213.53,248.0457,257.9406,-0.9413,-14.7254,-17.9966
MOS,22.25,22.25,2026-09-28,False,22.145000457763672,22.75,-3.3,-33.58,ALTO,7073178112.0,,14.22,0.62,-5.07,1.24,-0.12,-5.21,-10.55,7.72,0.52,1.34,7.0,YAHOO,-1.458,-0.8279,-1.8781,0.055599,3.2694,-3.4829,101.82,2026-11-03,36,,,yahoo,1.0,1.0,1.0,1.0,0.0,1.0,0.0,1.0,1.0,-7.5613,-11.1776,-0.8031,-0.0074,12.6755,38.8955,26.3073,26.3073,34.1555,-15.4228,-15.4228,-34.8568
BG,109.05999755859375,109.06,2026-09-28,False,108.81500244140625,110.19999694824219,0.06,35.64,ALTO,20952510464.0,23.5,9.68,1.31,7.18,3.47,4.62,1.1,-30.91,12.37,0.98,1.57,3.0,YAHOO,-1.458,-0.8279,-1.8781,0.055599,3.2694,-3.4829,101.82,2026-11-04,37,,,yahoo,1.0,0.0,1.0,1.0,0.0,0.0,0.0,0.0,0.0,-3.1525,-10.0388,1.8256,0.5936,18.6517,35.5541,124.59,124.59,130.5866,-12.4649,-12.4649,-16.4846
RKLB,72.19000244140625,72.19,2026-09-28,False,71.68000030517578,73.77999877929688,-2.38,53.5,ALTO,46159081472.0,,1584.5,12.37,-7.92,-4.62,-24.57,-21.51,-0.55,-279.56,0.04,5.48,5.0,YAHOO,-1.458,-0.8279,-1.8781,0.055599,3.2694,-3.4829,101.82,2026-11-09,42,,,yahoo,0.0,1.0,0.0,1.0,1.0,1.0,0.0,1.0,0.0,3.2909,15.4117,23.1911,-26.3442,52.839,70.9975,73.95,93.09,150.23,-2.38,-22.4514,-51.947
ONDS,7.679999828338623,7.68,2026-09-28,False,7.440000057220459,7.800000190734863,0.52,-2.47,ALTO,4472084992.0,,-384.0,2.59,19.32,-8.37,-166.3,96.25,-1.55,-16.73,0.03,9.85,5.0,YAHOO,-1.458,-0.8279,-1.8781,0.055599,3.2694,-3.4829,101.82,2026-11-12,45,,,yahoo,0.0,1.0,0.0,1.0,1.0,1.0,0.0,1.0,0.0,4.065,6.2241,12.9412,-4.2394,45.8247,78.8532,7.72,9.77,14.01,-0.5181,-21.392,-45.182
SMSN.IL,5065.0,5065.0,2026-09-24,False,5045.0,5135.0,1.91,240.43,ALTO,1310714606592.0,50.02,76.91,0.0,10.64,2.3,6.08,13.13,-1026.92,-1.44,0.03,2.88,6.0,YAHOO,-1.458,-0.8279,-1.8781,0.055599,3.2694,-3.4829,101.82,2026-10-28,30,,,yahoo,1.0,1.0,1.0,1.0,0.0,0.0,0.0,1.0,1.0,9.2537,2.5719,31.4901,-0.9775,30.1031,70.6547,5100.0,5100.0,6002.5513,-0.6863,-0.6863,-15.6192
ADS.DE,146.5,146.5,2026-09-24,False,143.89999389648438,146.5,2.99,-17.28,ALTO,25883047936.0,18.98,12.71,4.35,24.32,6.7,8.51,5.3,3.68,11.52,0.94,1.39,6.0,YAHOO,-1.458,-0.8279,-1.8781,0.055599,3.2694,-3.4829,101.82,2026-10-29,31,,,yahoo,1.0,1.0,1.0,0.0,0.0,1.0,0.0,1.0,1.0,2.9877,2.627,-19.6159,-18.3389,40.0964,36.2394,151.4,187.9,191.3097,-3.2365,-22.033,-23.4226
BAYN.DE,50.02000045776367,50.02,2026-09-24,False,49.15999984741211,50.380001068115234,1.3,84.06,ALTO,49907142656.0,,10.53,1.69,-5.69,3.18,9.19,-3.83,13.15,8.23,1.29,1.04,6.0,YAHOO,-1.458,-0.8279,-1.8781,0.055599,3.2694,-3.4829,101.82,2026-11-03,36,,,yahoo,0.0,0.0,1.0,1.0,1.0,0.0,1.0,1.0,1.0,4.0133,3.8406,4.8857,3.3258,13.1067,21.2199,50.02,51.18,53.36,0.0,-2.2665,-6.2594
RIOT,21.6200008392334,21.62,2026-09-28,False,21.56999969482422,22.850000381469727,-6.0,9.24,ALTO,8113098752.0,,-23.12,3.73,-48.24,-21.2,-122.33,-196.28,-8.86,-9.48,0.4,1.58,2.0,YAHOO,-1.458,-0.8279,-1.8781,0.055599,3.2694,-3.4829,101.82,2026-10-29,31,,,yahoo,0.0,0.0,0.0,0.0,0.0,0.0,0.0,1.0,1.0,-10.5873,3.1981,18.5307,-22.0901,37.5291,95.8898,24.93,24.93,28.69,-13.2772,-13.2772,-24.6427
OKLO,37.11000061035156,37.11,2026-09-28,False,36.90999984741211,38.08000183105469,-2.44,-68.21,ALTO,6903115264.0,,-35.88,2.1,-7.7,-6.65,-6048.76,0.0,-3.47,-21.29,0.0,48.46,4.0,YAHOO,-1.458,-0.8279,-1.8781,0.055599,3.2694,-3.4829,101.82,2026-11-10,43,,,yahoo,0.0,1.0,0.0,1.0,1.0,1.0,0.0,0.0,0.0,-7.6406,2.4855,0.7329,-29.6626,23.3203,85.5718,43.31,51.84,174.14,-14.3154,-28.4144,-78.6896
SATL,6.050000190734863,6.05,2026-09-28,False,6.0,6.349400043487549,-1.94,82.17,ALTO,930126464.0,,-201.67,27.5,,-9.86,1.67,0.0,-2.03,-59.87,2.85,2.34,4.0,YAHOO,-1.458,-0.8279,-1.8781,0.055599,3.2694,-3.4829,101.82,2026-11-12,45,,,yahoo,0.0,1.0,0.0,0.0,1.0,1.0,0.0,1.0,0.0,8.4229,24.7423,82.7795,7.2695,85.7526,95.717,6.17,6.17,10.74,-1.9449,-1.9449,-43.6685
JMIA,6.699999809265137,6.7,2026-09-28,False,6.659999847412109,6.820000171661377,-2.62,-44.09,ALTO,895293120.0,,-19.71,957.14,-216.21,-25.23,-23.8,-27.54,-3.1,-15.28,37.95,0.88,3.0,YAHOO,-1.458,-0.8279,-1.8781,0.055599,3.2694,-3.4829,101.82,2026-11-11,44,,,yahoo,0.0,1.0,0.0,1.0,0.0,0.0,0.0,0.0,1.0,-3.8737,-8.7194,17.1329,1.6692,39.6307,50.323,7.52,7.52,14.6,-10.9043,-10.9043,-54.1096
LAR,5.409999847412109,5.41,2026-09-28,False,5.300099849700928,5.489999771118164,-1.99,57.67,ALTO,887780992.0,,15.8,1.13,-6.58,-2.05,0.0,0.0,-1.84,-29.82,0.3,0.47,1.0,YAHOO,-1.458,-0.8279,-1.8781,0.055599,3.2694,-3.4829,101.82,2026-11-09,42,,,yahoo,0.0,0.0,0.0,1.0,0.0,0.0,0.0,0.0,0.0,-8.6149,-8.9226,-2.17,-32.1205,21.8892,64.9642,6.86,7.94,11.79,-21.137,-31.864,-54.1137
NG,6.650000095367432,6.65,2026-09-28,False,6.610000133514404,6.820000171661377,-6.73,-21.64,ALTO,2917891072.0,,-33.94,6.93,-24.63,-4.36,0.0,0.0,-0.82,-90.61,0.41,112.82,4.0,YAHOO,-1.458,-0.8279,-1.8781,0.055599,3.2694,-3.4829,101.82,2026-10-08,10,,,yahoo,0.0,1.0,0.0,1.0,1.0,1.0,0.0,0.0,0.0,-9.6467,-8.0221,14.8532,10.6489,53.6279,73.7086,8.6,9.77,14.2,-22.6744,-31.9345,-53.169
PBI,16.3799991607666,16.38,2026-09-28,False,16.200000762939453,16.510000228881836,0.0,50.38,ALTO,2245537536.0,13.32,8.99,-2.6,,8.41,21.68,10.04,10.41,7.86,,0.73,7.0,YAHOO,-1.458,-0.8279,-1.8781,0.055599,3.2694,-3.4829,101.82,2026-11-05,38,,,yahoo,1.0,1.0,1.0,1.0,0.0,0.0,1.0,1.0,1.0,-0.9674,-5.4818,-6.7125,-8.066,17.0486,26.4964,17.58,18.4037,18.4037,-6.8259,-10.9964,-10.9964
TEM,85.08000183105469,85.08,2026-09-28,False,82.7699966430664,86.43990325927734,0.08,8.23,ALTO,15351389184.0,,-10477.83,34.43,-67.44,-8.55,-20.11,-17.77,-0.61,-82.64,3.25,3.3,4.0,YAHOO,-1.458,-0.8279,-1.8781,0.055599,3.2694,-3.4829,101.82,2026-11-03,36,,,yahoo,0.0,1.0,0.0,1.0,0.0,1.0,0.0,1.0,0.0,9.035,36.7626,104.7654,45.9098,58.774,94.7659,85.08,85.08,103.25,0.0,0.0,-17.5981
MRSH,169.02999877929688,169.03,2026-09-28,False,168.52999877929688,171.24600219726562,-1.22,-13.91,ALTO,80663019520.0,20.61,14.81,5.32,25.9,7.24,26.32,14.24,5.93,13.22,1.45,1.14,6.0,YAHOO,-1.458,-0.8279,-1.8781,0.055599,3.2694,-3.4829,101.82,2026-10-15,17,,,yahoo,1.0,0.0,1.0,1.0,1.0,0.0,1.0,0.0,1.0,-2.1364,-6.3182,-14.4542,1.9652,13.022,24.5362,189.8,197.59,203.7672,-10.9431,-14.4542,-17.0475
CEPU,12.069999694824219,12.07,2026-09-28,False,11.989999771118164,12.579999923706055,-8.42,45.54,ALTO,1810333824.0,5.61,7.19,0.93,19.03,7.21,24.84,28.78,-2317.33,1.24,0.33,1.28,7.0,YAHOO,-1.458,-0.8279,-1.8781,0.055599,3.2694,-3.4829,101.82,2026-11-11,44,,,yahoo,1.0,1.0,1.0,1.0,0.0,1.0,1.0,0.0,1.0,-9.7907,-13.7857,-16.064,-19.8007,60.6023,43.2675,14.48,15.5,17.95,-16.6436,-22.129,-32.7577
BMA,66.04000091552734,66.04,2026-09-28,False,65.6500015258789,68.01000213623047,-4.1,53.35,ALTO,4222533632.0,16.76,5.91,1.03,5.36,1.31,26.07,8.39,,,,,5.0,YAHOO,-1.458,-0.8279,-1.8781,0.055599,3.2694,-3.4829,101.82,2026-11-25,58,,,yahoo,,,,,,,,,,-12.1925,-14.256,-27.2687,-28.1836,18.4009,41.9504,79.18,97.63,101.1279,-16.5951,-32.3569,-34.6965
SUPV,6.960000038146973,6.96,2026-09-28,False,6.900000095367432,7.164999961853027,-3.87,30.03,ALTO,657777152.0,,5.67,0.79,-8.01,-1.15,3.31,-11.23,,,,,2.0,YAHOO,-1.458,-0.8279,-1.8781,0.055599,3.2694,-3.4829,101.82,2026-11-17,50,,,yahoo,0.0,0.0,1.0,1.0,0.0,0.0,0.0,0.0,0.0,-12.8911,-17.8276,-25.9574,-28.2474,14.5671,50.072,8.86,10.29,12.86,-21.4447,-32.3615,-45.8787
EDN,20.229999542236328,20.23,2026-09-28,False,20.18000030517578,21.388399124145508,-5.11,25.13,ALTO,962425761.0022659,6.08,14.86,0.49,9.59,3.09,5.14,7.2,-11846.84,0.83,0.62,1.46,6.0,YAHOO,-1.458,-0.8279,-1.8781,0.055599,3.2694,-3.4829,101.82,2026-11-06,39,,,yahoo,1.0,0.0,1.0,0.0,0.0,1.0,1.0,1.0,1.0,-14.1341,-17.0221,-20.6044,-21.2534,18.0966,41.5555,25.07,27.27,35.71,-19.3059,-25.8159,-43.3492
TGS,25.860000610351562,25.86,2026-09-28,False,25.809999465942383,26.639999389648438,-2.85,19.83,ALTO,3893280256.0,11.39,9.88,1.66,15.98,9.91,40.71,28.02,9227.37,-0.48,0.43,3.67,6.0,YAHOO,-1.458,-0.8279,-1.8781,0.055599,3.2694,-3.4829,101.82,2026-11-03,36,,,yahoo,1.0,0.0,1.0,1.0,0.0,1.0,1.0,1.0,0.0,-7.2786,-12.6351,-13.134,-13.8287,13.8685,33.3074,30.74,31.83,35.32,-15.8751,-18.7559,-26.7837
TEO,12.079999923706055,12.08,2026-09-28,False,12.079999923706055,12.904999732971191,-7.22,63.18,ALTO,5203310199.297329,9.9,12.75,0.89,10.83,3.12,13.95,8.91,15577.09,1.98,0.67,0.58,6.0,YAHOO,-1.458,-0.8279,-1.8781,0.055599,3.2694,-3.4829,101.82,2026-11-09,42,,,yahoo,,,,,,,,,,-14.2654,-12.4638,-10.8487,-6.2112,39.7754,36.0805,14.18,14.3,15.98,-14.8096,-15.5245,-24.4055
IRS,14.239999771118164,14.24,2026-09-28,False,14.229999542236328,14.933699607849121,-3.46,16.57,ALTO,1204696832.0,4.29,54.98,0.77,18.09,4.08,39.09,56.48,13854.29,3.32,0.42,0.74,2.0,YAHOO,-1.458,-0.8279,-1.8781,0.055599,3.2694,-3.4829,101.82,2026-11-04,37,2026-09-04,24.0,yahoo,1.0,0.0,1.0,0.0,0.0,0.0,0.0,0.0,0.0,-8.718,-6.6841,-7.8317,-7.1102,20.2774,27.5616,16.02,16.1,18.41,-11.1111,-11.5528,-22.6507
LOMA,9.3100004196167,9.31,2026-09-28,False,9.149999618530273,9.380000114440918,-0.43,23.58,ALTO,1086445696.0,37.24,12.1,1.28,3.82,2.65,6.84,5.13,-3166.01,1.63,0.24,2.25,5.0,YAHOO,-1.458,-0.8279,-1.8781,0.055599,3.2694,-3.4829,101.82,2026-11-05,38,,,yahoo,1.0,0.0,1.0,1.0,0.0,1.0,1.0,0.0,0.0,-3.2224,-3.1217,-19.0435,-19.3939,12.26,35.7241,10.41,12.19,13.12,-10.5668,-23.6259,-29.0396
GLOB,33.790000915527344,33.79,2026-09-28,False,33.16999816894531,34.268001556396484,-2.06,-43.67,ALTO,1459037184.0,13.2,5.45,0.69,5.48,4.67,4.86,4.63,,4.75,0.24,1.84,4.0,YAHOO,-1.458,-0.8279,-1.8781,0.055599,3.2694,-3.4829,101.82,2026-11-19,52,,,yahoo,1.0,0.0,1.0,1.0,0.0,0.0,1.0,0.0,0.0,-5.7199,-16.5473,-11.4286,12.3338,22.153,57.7352,40.71,40.99,71.21,-16.9983,-17.5653,-52.5488
BBAR,12.550000190734863,12.55,2026-09-28,False,12.430000305175781,13.001999855041504,-4.56,43.34,ALTO,2563170560.0,11.41,11.42,0.94,8.12,1.24,19.02,8.62,,,,,4.0,YAHOO,-1.458,-0.8279,-1.8781,0.055599,3.2694,-3.4829,101.82,2026-11-24,57,,,yahoo,1.0,0.0,1.0,1.0,0.0,0.0,1.0,0.0,0.0,-12.2378,-15.2027,-33.1179,-35.5203,21.5743,47.88,15.34,21.075,21.7253,-18.1877,-40.4509,-42.2333
LND,3.509999990463257,3.51,2026-09-28,False,3.430000066757202,3.5199999809265137,0.0,-10.97,ALTO,349650253.119993,,,0.9,-4.28,-1.3,-8.06,-10.07,-16.28,-31.22,0.71,1.54,2.0,YAHOO,-1.458,-0.8279,-1.8781,0.055599,3.2694,-3.4829,101.82,2026-11-05,38,2026-09-03,25.0,finnhub,0.0,0.0,1.0,1.0,0.0,0.0,0.0,0.0,0.0,-2.7701,-2.7701,-3.8356,-2.5,13.6448,21.7529,3.87,3.87,4.37,-9.3023,-9.3023,-19.6796
AGRO,10.069999694824219,10.07,2026-09-28,False,10.029999732971191,10.449999809265137,-3.45,26.13,ALTO,1453181184.0,26.5,7.24,0.83,3.69,2.47,17.0,3.0,-8.83,8.55,1.24,1.73,2.0,YAHOO,-1.458,-0.8279,-1.8781,0.055599,3.2694,-3.4829,101.82,2026-11-11,44,,,yahoo,0.0,0.0,1.0,1.0,0.0,0.0,0.0,0.0,0.0,-9.605,-14.0785,3.7075,4.2443,17.6956,49.5018,12.46,12.46,15.18,-19.1814,-19.1814,-33.6627
USB,58.779998779296875,58.78,2026-09-28,False,58.65999984741211,59.33000183105469,-0.93,24.71,ALTO,91582259200.0,11.73,10.14,1.51,12.62,1.16,39.65,29.9,,,,,6.0,YAHOO,-1.458,-0.8279,-1.8781,0.055599,3.2694,-3.4829,101.82,2026-10-15,17,,,yahoo,1.0,1.0,1.0,1.0,0.0,0.0,1.0,0.0,1.0,-2.7465,-6.2221,-6.4311,-3.2587,21.9341,19.9629,63.53,65.42,65.42,-7.4768,-10.1498,-10.1498
IBKR,87.08000183105469,87.08,2026-09-28,False,86.80999755859375,88.5,-2.42,27.05,ALTO,148368261120.0,34.56,27.24,6.65,24.02,2.28,76.53,16.47,,,2.06,1.09,4.0,YAHOO,-1.458,-0.8279,-1.8781,0.055599,3.2694,-3.4829,101.82,2026-10-15,17,,,yahoo,1.0,0.0,1.0,1.0,0.0,0.0,0.0,1.0,0.0,-6.5765,-4.0441,1.042,-1.1804,15.732,39.1749,97.202,98.1012,98.1012,-10.4134,-11.2345,-11.2345
DAL,84.02999877929688,84.03,2026-09-28,False,82.0,84.55500030517578,-1.07,47.27,ALTO,55260061696.0,13.94,10.19,2.52,20.12,4.02,7.92,5.78,5.1,9.59,0.97,0.42,6.0,YAHOO,-1.458,-0.8279,-1.8781,0.055599,3.2694,-3.4829,101.82,2026-10-09,11,,,yahoo,1.0,1.0,1.0,1.0,1.0,1.0,0.0,0.0,0.0,1.8545,5.3007,-2.5739,-9.5873,36.9889,31.6415,84.94,93.14,93.4293,-1.0713,-9.781,-10.0603
BIIB,228.69000244140625,228.69,2026-09-28,False,225.50999450683594,230.49000549316406,0.48,65.04,ALTO,33789861888.0,40.69,13.83,1.79,4.58,5.21,25.06,8.32,3.75,12.12,0.44,1.86,4.0,YAHOO,-1.458,-0.8279,-1.8781,0.055599,3.2694,-3.4829,101.82,2026-10-28,30,,,yahoo,1.0,0.0,1.0,1.0,0.0,1.0,0.0,0.0,0.0,4.3913,5.2126,9.3008,5.5671,9.9426,35.6127,228.69,228.69,228.69,0.0,0.0,0.0
SYY,78.56999969482422,78.57,2026-09-28,False,77.63999938964844,78.66500091552734,0.14,-1.33,ALTO,37679681536.0,21.47,14.64,14.1,77.69,7.97,4.84,2.08,5.08,11.32,5.65,1.28,6.0,YAHOO,-1.458,-0.8279,-1.8781,0.055599,3.2694,-3.4829,101.82,2026-11-03,36,,,yahoo,1.0,0.0,1.0,1.0,1.0,1.0,0.0,1.0,0.0,0.1785,-5.9492,-7.9114,-5.1669,22.0185,19.9363,83.54,85.32,89.8822,-5.9492,-7.9114,-12.5855
MDT,89.5,89.5,2026-09-28,False,87.52999877929688,89.51499938964844,0.97,-1.66,ALTO,114482847744.0,22.04,13.97,2.28,10.65,5.12,19.33,13.93,4.73,12.81,0.55,2.07,7.0,YAHOO,-1.458,-0.8279,-1.8781,0.055599,3.2694,-3.4829,101.82,2026-11-17,50,2026-09-01,27.0,yahoo,1.0,1.0,1.0,1.0,0.0,1.0,1.0,0.0,1.0,-1.6523,-3.8017,3.0775,11.4964,20.908,24.5007,93.404,93.404,101.9702,-4.1796,-4.1796,-12.2293
MS,193.63999938964844,193.64,2026-09-28,False,192.98500061035156,195.92999267578125,-1.36,22.82,ALTO,304124461056.0,15.63,14.24,2.86,17.97,1.34,41.57,25.9,,,5.17,2.0,3.0,YAHOO,-1.458,-0.8279,-1.8781,0.055599,3.2694,-3.4829,101.82,2026-10-14,16,,,yahoo,1.0,1.0,0.0,0.0,0.0,0.0,1.0,0.0,0.0,-6.0547,-6.2639,-4.1471,-8.0361,9.2156,26.7816,217.72,227.2988,227.2988,-11.0601,-14.8082,-14.8082
O,55.349998474121094,55.35,2026-09-28,False,55.099998474121094,55.70000076293945,-0.34,-3.66,ALTO,52373168128.0,40.4,35.64,1.32,3.23,2.36,46.97,20.9,3.02,16.0,0.75,1.53,5.0,YAHOO,-1.458,-0.8279,-1.8781,0.055599,3.2694,-3.4829,101.82,2026-11-02,35,,,yahoo,1.0,1.0,1.0,1.0,0.0,0.0,0.0,0.0,1.0,-2.2948,-6.6138,-14.8186,-11.0582,12.4767,15.0215,61.74,65.1872,65.8234,-10.3499,-15.0907,-15.9114
DOW,27.889999389648438,27.89,2026-09-28,False,27.844999313354492,28.405000686645508,-0.46,27.8,ALTO,20146081792.0,,15.91,1.27,-5.54,1.3,11.59,-3.13,1.18,9.32,1.12,1.75,3.0,YAHOO,-1.458,-0.8279,-1.8781,0.055599,3.2694,-3.4829,101.82,2026-10-22,24,,,yahoo,0.0,0.0,1.0,1.0,0.0,1.0,0.0,0.0,0.0,-1.3442,-3.4948,-7.3443,1.0518,22.724,35.8715,31.28,32.5226,40.973,-10.8376,-14.2442,-31.9309
AVY,171.88999938964844,171.89,2026-09-28,False,168.02000427246094,172.63999938964844,0.91,9.54,ALTO,13027223552.0,18.79,15.37,5.62,31.16,8.39,13.59,7.62,7.71,10.98,1.59,1.13,5.0,YAHOO,-1.458,-0.8279,-1.8781,0.055599,3.2694,-3.4829,101.82,2026-10-21,23,,,yahoo,1.0,0.0,1.0,1.0,0.0,1.0,1.0,0.0,0.0,1.5118,0.5675,3.4396,5.859,22.4949,27.2646,175.06,182.6485,194.0973,-1.8108,-5.8903,-11.4413
SWKS,87.58999633789062,87.59,2026-09-28,False,85.69000244140625,89.875,-1.96,17.49,ALTO,13179910144.0,45.38,17.65,2.3,5.09,3.44,8.82,7.23,3.41,15.14,0.12,3.1,6.0,YAHOO,-1.458,-0.8279,-1.8781,0.055599,3.2694,-3.4829,101.82,2026-11-03,36,,,yahoo,1.0,0.0,1.0,1.0,1.0,0.0,1.0,0.0,1.0,-1.2959,10.5097,43.1443,29.3605,44.7553,61.5014,91.45,91.45,91.45,-4.2209,-4.2209,-4.2209
IP,34.0,34.0,2026-09-28,False,33.93000030517578,34.709999084472656,-2.91,-22.62,ALTO,18005377024.0,,11.26,1.25,-16.48,1.59,2.3,-14.21,9.14,6.91,0.69,1.1,4.0,YAHOO,-1.458,-0.8279,-1.8781,0.055599,3.2694,-3.4829,101.82,2026-10-28,30,,,yahoo,0.0,0.0,1.0,1.0,1.0,0.0,0.0,1.0,0.0,-3.7645,-0.7299,-19.3546,-10.0518,26.0425,43.58,37.93,43.5936,47.4479,-10.3612,-22.0068,-28.3424
LVS,38.779998779296875,38.78,2026-09-28,False,38.41999816894531,39.290000915527344,-0.54,-28.35,ALTO,25117851648.0,15.03,11.05,43.23,122.87,9.55,19.66,12.59,8.81,8.08,17.04,1.0,8.0,YAHOO,-1.458,-0.8279,-1.8781,0.055599,3.2694,-3.4829,101.82,2026-10-21,23,,,yahoo,1.0,1.0,1.0,1.0,0.0,1.0,1.0,1.0,1.0,-3.6761,-8.5377,-19.6135,-15.8343,16.5622,24.4487,44.54,49.5536,68.2933,-12.9322,-21.7413,-43.2155
KLAC,189.1699981689453,189.17,2026-09-28,False,182.6999969482422,190.6999969482422,0.67,78.67,ALTO,246868066304.0,51.69,28.21,38.94,87.5,20.8,42.49,35.57,1.06,40.76,0.97,2.88,7.0,YAHOO,-1.458,-0.8279,-1.8781,0.055599,3.2694,-3.4829,101.82,2026-10-28,30,,,yahoo,1.0,1.0,1.0,0.0,1.0,1.0,1.0,1.0,0.0,2.8265,11.8753,11.2779,-31.9718,8.1835,55.7713,189.17,233.0466,301.3694,0.0,-18.8274,-37.2298
DECK,78.36000061035156,78.36,2026-09-28,False,77.68000030517578,79.11499786376953,-0.39,-24.19,ALTO,10671210496.0,11.15,9.41,4.65,42.56,20.32,15.23,18.36,8.17,7.24,0.21,2.75,6.0,YAHOO,-1.458,-0.8279,-1.8781,0.055599,3.2694,-3.4829,101.82,2026-10-22,24,,,yahoo,1.0,1.0,1.0,1.0,0.0,0.0,1.0,0.0,1.0,-2.3308,-2.7067,-24.3191,-22.6303,12.0542,36.1397,87.08,109.03,120.94,-10.0138,-28.1299,-35.2075
IFF,85.72000122070312,85.72,2026-09-28,False,84.0009994506836,86.3499984741211,0.04,43.69,ALTO,21871456256.0,,21.64,1.57,-5.55,2.27,8.49,2.57,-7.87,14.45,0.45,2.06,5.0,YAHOO,-1.458,-0.8279,-1.8781,0.055599,3.2694,-3.4829,101.82,2026-11-03,36,,,yahoo,0.0,0.0,1.0,1.0,1.0,0.0,0.0,1.0,1.0,2.5359,3.2311,8.1574,12.5827,2.4194,31.8965,86.5304,87.6551,87.6551,-0.9366,-2.2076,-2.2076
SNA,369.2099914550781,369.21,2026-09-28,False,367.5249938964844,371.7200012207031,0.0,10.0,ALTO,19098171392.0,18.84,17.26,3.16,17.93,9.85,25.4,19.6,5.81,13.27,0.22,3.43,6.0,YAHOO,-1.458,-0.8279,-1.8781,0.055599,3.2694,-3.4829,101.82,2026-10-15,17,,,yahoo,1.0,0.0,1.0,1.0,1.0,1.0,1.0,0.0,0.0,-0.146,-2.2685,-10.4451,-6.7425,7.6014,16.4515,386.31,416.7245,416.7245,-4.4265,-11.4019,-11.4019
NUE,244.49000549316406,244.49,2026-09-28,False,241.8699951171875,247.52000427246094,-1.12,82.01,ALTO,55468834816.0,19.5,12.36,2.51,14.55,7.32,15.67,7.99,1.23,10.85,0.31,2.51,6.0,YAHOO,-1.458,-0.8279,-1.8781,0.055599,3.2694,-3.4829,101.82,2026-10-26,28,,,yahoo,1.0,0.0,1.0,1.0,0.0,1.0,1.0,0.0,1.0,0.8622,-3.9822,-4.5035,7.2231,12.0177,35.4379,265.14,274.74,274.74,-7.7883,-11.0104,-11.0104
PLD,132.44000244140625,132.44,2026-09-28,False,132.22000122070312,134.33999633789062,-0.46,19.51,ALTO,128743784448.0,29.56,39.73,2.3,7.75,2.52,43.03,43.58,4.2,24.25,0.64,0.65,4.0,YAHOO,-1.458,-0.8279,-1.8781,0.055599,3.2694,-3.4829,101.82,2026-10-15,17,,,yahoo,1.0,0.0,1.0,1.0,0.0,0.0,0.0,0.0,1.0,-2.4886,-1.2564,-8.2343,-3.8869,8.7976,20.5248,138.8179,148.878,148.878,-4.5944,-11.0412,-11.0412
EFX,145.77999877929688,145.78,2026-09-28,False,143.74000549316406,147.40499877929688,-1.57,-42.37,ALTO,17126947840.0,25.62,14.35,3.91,14.27,6.16,17.3,10.73,5.53,11.87,1.21,0.6,8.0,YAHOO,-1.458,-0.8279,-1.8781,0.055599,3.2694,-3.4829,101.82,2026-10-20,22,,,yahoo,1.0,1.0,1.0,1.0,1.0,0.0,1.0,1.0,1.0,-8.0948,-15.3868,-21.8384,-7.8002,25.4911,41.2688,189.16,194.0692,253.631,-22.933,-24.8825,-42.5228
DE,689.5900268554688,689.59,2026-09-28,False,681.8599853515625,690.9400024414062,-0.13,49.94,ALTO,185930989568.0,38.27,30.19,6.64,18.24,3.76,13.37,10.17,2.43,28.36,2.3,2.13,5.0,YAHOO,-1.458,-0.8279,-1.8781,0.055599,3.2694,-3.4829,101.82,2026-11-25,58,,,yahoo,1.0,0.0,1.0,1.0,0.0,1.0,1.0,0.0,0.0,0.7098,1.193,12.8718,10.3326,19.512,33.2738,709.48,709.48,709.48,-2.8035,-2.8035,-2.8035
DHR,227.3300018310547,227.33,2026-09-28,False,222.10000610351562,228.3800048828125,1.27,22.81,ALTO,159809814528.0,40.52,24.45,3.04,7.61,3.95,19.78,15.95,2.71,22.59,0.53,1.65,5.0,YAHOO,-1.458,-0.8279,-1.8781,0.055599,3.2694,-3.4829,101.82,2026-10-21,23,,,yahoo,1.0,0.0,1.0,1.0,0.0,1.0,1.0,0.0,0.0,5.3234,11.8475,15.6955,17.922,8.1382,37.493,227.33,227.33,241.0351,0.0,0.0,-5.6859
LIN,472.0400085449219,472.04,2026-09-28,False,465.010009765625,474.0400085449219,0.46,0.35,ALTO,217601081344.0,30.43,24.13,5.57,18.4,7.16,28.12,20.43,1.91,17.46,0.69,0.88,5.0,YAHOO,-1.458,-0.8279,-1.8781,0.055599,3.2694,-3.4829,101.82,2026-10-30,32,,,yahoo,1.0,0.0,1.0,1.0,0.0,0.0,1.0,1.0,0.0,3.1781,1.6429,-7.3509,-7.3309,8.9224,18.9144,487.973,538.7458,544.8458,-3.2651,-12.3817,-13.3626
SPGI,395.9200134277344,395.92,2026-09-28,False,395.125,400.6499938964844,-1.83,-14.13,ALTO,116717223936.0,24.13,19.58,3.71,14.26,7.03,44.79,30.54,4.67,16.66,0.43,0.95,7.0,YAHOO,-1.458,-0.8279,-1.8781,0.055599,3.2694,-3.4829,101.82,2026-10-29,31,,,yahoo,1.0,1.0,1.0,1.0,0.0,0.0,1.0,1.0,1.0,-2.1139,-5.4045,-5.4406,2.6598,19.1354,26.8602,450.58,456.3554,513.3385,-12.131,-13.243,-22.8735
TJX,130.25,130.25,2026-09-28,False,129.0,132.19000244140625,0.15,-8.2,ALTO,143271608320.0,24.12,22.56,13.84,62.17,13.54,10.91,9.73,3.07,17.0,1.34,1.15,7.0,YAHOO,-1.458,-0.8279,-1.8781,0.055599,3.2694,-3.4829,101.82,2026-11-18,51,,,yahoo,1.0,1.0,1.0,1.0,1.0,0.0,1.0,1.0,0.0,-0.5422,3.3812,-19.1604,-13.6012,12.2214,22.2445,133.91,161.5503,167.8803,-2.7332,-19.3749,-22.415
JCI,148.88999938964844,148.89,2026-09-28,False,146.77999877929688,150.99949645996094,-0.87,38.79,ALTO,90188840960.0,42.06,24.52,6.69,14.33,5.4,15.88,14.32,3.31,23.09,0.7,1.0,6.0,YAHOO,-1.458,-0.8279,-1.8781,0.055599,3.2694,-3.4829,101.82,2026-11-04,37,,,yahoo,1.0,1.0,1.0,0.0,0.0,0.0,1.0,1.0,1.0,2.5555,8.3819,7.0914,6.2909,30.9205,27.421,150.2,154.3279,154.3279,-0.8722,-3.5236,-3.5236
ADP,261.79998779296875,261.8,2026-09-28,False,259.29998779296875,264.8699951171875,-0.71,-8.01,ALTO,103738654720.0,23.93,19.54,17.27,72.24,6.25,23.46,20.11,5.05,16.54,0.91,1.05,6.0,YAHOO,-1.458,-0.8279,-1.8781,0.055599,3.2694,-3.4829,101.82,2026-10-28,30,,,yahoo,1.0,0.0,1.0,1.0,0.0,1.0,1.0,1.0,0.0,-3.0155,-5.361,-3.6195,17.1158,16.7622,27.7615,284.3403,285.6519,285.6519,-7.9272,-8.35,-8.35
ECL,280.2300109863281,280.23,2026-09-28,False,277.2699890136719,281.2699890136719,0.26,3.74,ALTO,78556487680.0,37.56,29.76,7.81,21.96,7.23,18.52,12.57,1.88,21.07,1.38,1.84,6.0,YAHOO,-1.458,-0.8279,-1.8781,0.055599,3.2694,-3.4829,101.82,2026-10-27,29,,,yahoo,1.0,0.0,1.0,1.0,1.0,0.0,1.0,1.0,0.0,3.7966,1.9834,-0.9607,0.8523,13.125,20.433,282.4496,289.83,305.8773,-0.7859,-3.3123,-8.3848
SHW,332.7900085449219,332.79,2026-09-28,False,323.381103515625,333.30999755859375,1.12,-2.09,ALTO,80787488768.0,30.73,24.47,20.83,65.12,9.52,18.12,11.01,3.1,20.0,3.9,0.73,6.0,YAHOO,-1.458,-0.8279,-1.8781,0.055599,3.2694,-3.4829,101.82,2026-10-27,29,,,yahoo,1.0,0.0,1.0,1.0,0.0,1.0,1.0,1.0,0.0,3.5729,2.5547,-3.0013,-3.1196,31.6352,31.8203,338.81,368.8774,369.9613,-1.7768,-9.783,-10.0474
ROST,237.08999633789062,237.09,2026-09-28,False,233.3300018310547,239.7281951904297,0.41,57.36,ALTO,76053987328.0,28.7,26.51,11.24,42.63,12.78,13.58,10.85,2.63,20.75,0.7,1.61,6.0,YAHOO,-1.458,-0.8279,-1.8781,0.055599,3.2694,-3.4829,101.82,2026-11-19,52,,,yahoo,1.0,0.0,1.0,1.0,1.0,0.0,1.0,0.0,1.0,2.5254,3.0647,-5.7199,13.752,2.4943,24.5676,237.09,254.7377,254.7377,0.0,-6.9278,-6.9278
VRTX,527.6699829101562,527.67,2026-09-28,False,521.1599731445312,529.8900146484375,0.28,33.42,ALTO,133743722496.0,30.77,26.26,6.6,23.54,11.93,38.05,35.0,1.96,25.07,0.1,3.19,6.0,YAHOO,-1.458,-0.8279,-1.8781,0.055599,3.2694,-3.4829,101.82,2026-11-02,35,,,yahoo,1.0,1.0,1.0,0.0,0.0,1.0,1.0,1.0,0.0,3.3188,1.5707,9.1739,5.6079,6.838,27.1779,557.96,557.96,557.96,-5.4287,-5.4287,-5.4287
DD,130.97999572753906,130.98,2026-09-28,False,129.80499267578125,131.6300048828125,-0.55,37.77,ALTO,17687928832.0,56.21,16.44,1.28,1.79,2.07,14.24,0.79,10.38,12.22,0.23,2.43,6.0,YAHOO,-1.458,-0.8279,-1.8781,0.055599,3.2694,-3.4829,101.82,2026-11-05,38,,,yahoo,0.0,0.0,1.0,1.0,1.0,0.0,1.0,1.0,1.0,0.9169,5.3826,-4.7384,-3.0822,13.7912,22.4951,134.59,146.7245,152.6918,-2.6822,-10.7307,-14.2193
HOOD,116.45999908447266,116.46,2026-09-28,False,116.05999755859375,120.16999816894531,-2.46,-14.88,ALTO,104707121152.0,51.53,34.41,11.04,23.62,4.53,43.88,42.01,,,2.4,1.12,4.0,YAHOO,-1.458,-0.8279,-1.8781,0.055599,3.2694,-3.4829,101.82,2026-11-04,37,,,yahoo,1.0,0.0,1.0,0.0,0.0,0.0,0.0,1.0,1.0,-5.5474,1.863,29.6305,14.3671,9.4037,72.4329,124.72,124.72,152.46,-6.6228,-6.6228,-23.6128
GEV,949.77001953125,949.77,2026-09-28,False,944.85498046875,967.0,-0.82,57.95,ALTO,252955656192.0,27.25,37.8,21.16,82.58,2.54,7.47,23.04,6.22,62.42,0.28,0.85,7.0,YAHOO,-1.458,-0.8279,-1.8781,0.055599,3.2694,-3.4829,101.82,2026-10-28,30,,,yahoo,1.0,1.0,1.0,1.0,1.0,0.0,1.0,1.0,0.0,0.3752,8.5749,5.4972,-13.8538,8.6334,50.1558,971.31,1152.04,1174.86,-2.2176,-17.5576,-19.1589
DELL,543.4299926757812,543.43,2026-09-28,False,535.5,556.7849731445312,-3.46,310.96,ALTO,345519718400.0,31.65,18.66,-243.69,,8.64,12.02,7.52,1.75,21.53,,0.96,7.0,YAHOO,-1.458,-0.8279,-1.8781,0.055599,3.2694,-3.4829,101.82,2026-11-27,60,2026-09-01,27.0,yahoo,1.0,1.0,1.0,1.0,1.0,1.0,1.0,0.0,0.0,-5.5414,1.7126,47.016,31.2868,60.2819,82.195,588.4,588.4,588.4,-7.6428,-7.6428,-7.6428
GLW,151.58999633789062,151.59,2026-09-28,False,149.26010131835938,155.66000366210938,-3.29,90.46,ALTO,130577858560.0,70.18,34.73,10.93,16.81,5.37,15.65,11.2,0.56,34.87,0.71,1.81,7.0,YAHOO,-1.458,-0.8279,-1.8781,0.055599,3.2694,-3.4829,101.82,2026-10-27,29,,,yahoo,1.0,1.0,1.0,1.0,1.0,0.0,0.0,1.0,1.0,-4.6484,5.5641,22.4308,-40.6017,38.7253,75.0831,168.46,194.4339,255.2094,-10.0143,-22.0352,-40.6017
WDC,453.2300109863281,453.23,2026-09-28,False,432.0400085449219,459.989990234375,-0.78,288.9,ALTO,163407970304.0,16.84,14.28,22.45,130.85,20.76,43.61,72.95,1.39,32.59,13.44,1.33,6.0,YAHOO+FINNHUB,-1.458,-0.8279,-1.8781,0.055599,3.2694,-3.4829,101.82,2026-11-05,38,,,yahoo,1.0,1.0,1.0,0.0,0.0,1.0,0.0,1.0,1.0,1.129,6.1578,-1.8753,-30.4511,49.815,80.752,482.28,582.4031,745.9905,-6.0235,-22.1793,-39.2445
FISV,46.02000045776367,46.02,2026-09-28,False,44.81999969482422,46.619998931884766,-0.99,-64.78,ALTO,24471904256.0,8.82,5.74,0.91,10.77,3.49,23.07,,,,1.04,1.04,5.0,YAHOO+FINNHUB,-1.458,-0.8279,-1.8781,0.055599,3.2694,-3.4829,101.82,2026-10-28,30,,,yahoo,1.0,1.0,1.0,1.0,0.0,0.0,1.0,0.0,0.0,-0.9684,-9.747,-17.2749,-5.7547,13.795,37.9439,53.31,55.78,130.45,-13.6747,-17.4973,-64.7221
BKR,57.119998931884766,57.12,2026-09-28,False,57.09000015258789,58.189998626708984,-1.23,14.7,ALTO,56701542400.0,18.37,18.36,2.85,16.46,4.85,12.83,11.17,7.79,11.74,0.81,2.1,7.0,YAHOO,-1.458,-0.8279,-1.8781,0.055599,3.2694,-3.4829,101.82,2026-10-27,29,,,yahoo,1.0,0.0,1.0,1.0,1.0,1.0,1.0,1.0,0.0,-1.2277,0.5988,-2.3669,1.8116,22.108,31.2751,64.63,64.9,69.1833,-11.62,-11.9877,-17.4367
CCL,22.139999389648438,22.14,2026-09-28,False,21.850000381469727,22.649999618530273,-0.49,-23.54,ALTO,30324031488.0,9.97,8.56,2.34,26.69,5.37,12.79,11.24,6.26,7.45,2.02,0.33,8.0,YAHOO,-1.458,-0.8279,-1.8781,0.055599,3.2694,-3.4829,101.82,2026-09-29,1,,,yahoo,1.0,1.0,1.0,1.0,1.0,1.0,0.0,1.0,1.0,-0.762,-1.8617,-19.9714,-23.7549,27.8889,33.7914,23.89,29.5154,33.4524,-7.3252,-24.9884,-33.8165
BKNG,163.8699951171875,163.87,2026-09-28,False,160.75,166.18499755859375,-0.05,-24.27,ALTO,123128717312.0,18.21,13.25,-11.52,,20.38,34.41,25.53,6.27,12.18,,1.09,6.0,YAHOO,-1.458,-0.8279,-1.8781,0.055599,3.2694,-3.4829,101.82,2026-10-27,29,,,yahoo,1.0,0.0,1.0,1.0,0.0,1.0,1.0,0.0,1.0,-2.7593,-6.5469,-18.3975,-9.947,60.7053,41.3895,199.1191,213.9034,219.9068,-17.7025,-23.3907,-25.4821
HWM,228.32000732421875,228.32,2026-09-28,False,227.00999450683594,231.89999389648438,-1.79,19.15,ALTO,91054342144.0,49.1,35.34,15.93,34.73,12.81,28.5,20.52,1.31,34.65,0.81,1.82,8.0,YAHOO,-1.458,-0.8279,-1.8781,0.055599,3.2694,-3.4829,101.82,2026-11-05,38,,,yahoo,1.0,1.0,1.0,1.0,1.0,0.0,1.0,1.0,1.0,0.4178,0.5239,-16.2615,-14.9457,24.162,37.8091,260.49,292.65,292.65,-12.3498,-21.9819,-21.9819
WELL,232.9600067138672,232.96,2026-09-28,False,231.35360717773438,234.75,0.69,34.1,ALTO,167864467456.0,104.94,73.26,3.61,3.84,0.83,16.56,12.15,1.64,55.61,0.41,1.32,7.0,YAHOO,-1.458,-0.8279,-1.8781,0.055599,3.2694,-3.4829,101.82,2026-10-26,28,,,yahoo,1.0,0.0,1.0,1.0,1.0,1.0,0.0,1.0,1.0,0.0859,-0.5337,-3.0034,2.6828,17.7973,20.6562,241.12,251.122,251.122,-3.3842,-7.2323,-7.2323
XYZ,73.30999755859375,73.31,2026-09-28,False,73.2300033569336,75.19999694824219,-4.07,-2.82,ALTO,44044279808.0,130.91,14.14,2.0,1.61,2.01,7.0,1.43,-0.06,29.92,0.33,2.21,6.0,YAHOO,-1.458,-0.8279,-1.8781,0.055599,3.2694,-3.4829,101.82,2026-11-09,42,,,yahoo,1.0,0.0,1.0,1.0,1.0,0.0,1.0,1.0,0.0,-5.9043,-7.7746,-10.7934,-6.0369,50.6629,37.4781,83.37,84.85,84.85,-12.0667,-13.6005,-13.6005
A,175.2100067138672,175.21,2026-09-28,False,169.6300048828125,176.02279663085938,1.4,42.66,ALTO,49403232256.0,34.63,25.93,6.71,20.97,8.63,25.56,19.53,2.15,24.9,0.56,2.05,,YAHOO,-1.458,-0.8279,-1.8781,0.055599,3.2694,-3.4829,101.82,2026-11-25,58,,,yahoo,1.0,0.0,1.0,1.0,1.0,0.0,1.0,0.0,0.0,8.1944,19.3529,24.8824,32.1592,39.2427,29.3809,175.21,175.21,175.21,0.0,0.0,0.0
ACGL,94.9000015258789,94.9,2026-09-28,False,94.45999908447266,95.63999938964844,0.25,5.58,ALTO,32382644224.0,7.43,9.73,1.39,19.94,4.12,26.58,24.4,13.29,5.9,0.18,0.59,,YAHOO,-1.458,-0.8279,-1.8781,0.055599,3.2694,-3.4829,101.82,2026-10-27,29,,,yahoo,1.0,0.0,1.0,1.0,1.0,0.0,1.0,0.0,1.0,-0.9188,-3.1138,-9.23,-3.2225,4.83,20.3534,99.83,106.48,106.48,-4.9384,-10.8753,-10.8753
ADM,80.37999725341797,80.38,2026-09-28,False,80.31099700927734,82.08999633789062,-0.91,37.11,ALTO,38739910656.0,21.96,14.18,1.64,7.64,2.26,4.01,2.16,3.01,15.79,0.39,1.39,,YAHOO,-1.458,-0.8279,-1.8781,0.055599,3.2694,-3.4829,101.82,2026-11-03,36,,,yahoo,1.0,0.0,1.0,1.0,1.0,0.0,0.0,0.0,0.0,-3.598,-7.0106,0.6347,5.2298,5.9054,28.9804,88.09,88.09,88.09,-8.7524,-8.7524,-8.7524
ADSK,207.19000244140625,207.19,2026-09-28,False,202.0850067138672,208.17999267578125,-1.06,-35.72,ALTO,43302711296.0,26.8,14.59,12.8,53.85,11.47,29.23,21.08,7.29,18.95,1.1,0.85,,YAHOO,-1.458,-0.8279,-1.8781,0.055599,3.2694,-3.4829,101.82,2026-11-27,60,,,yahoo,1.0,0.0,1.0,1.0,0.0,1.0,1.0,1.0,1.0,-5.3279,-9.4963,-15.5189,6.1207,13.0591,46.8209,258.53,270.58,323.43,-19.8584,-23.4274,-35.9398
AEE,99.38999938964844,99.39,2026-09-28,False,98.61000061035156,99.80999755859375,0.0,-1.35,ALTO,27515451392.0,17.5,17.11,2.01,11.94,3.06,25.24,18.58,-6.49,12.64,1.58,0.53,,YAHOO,-1.458,-0.8279,-1.8781,0.055599,3.2694,-3.4829,101.82,2026-11-04,37,,,yahoo,1.0,1.0,1.0,1.0,1.0,0.0,0.0,0.0,1.0,-2.3962,-4.4051,-8.9796,-12.6494,14.9031,15.0277,106.73,113.6239,117.4865,-6.8772,-12.5272,-15.4031
AEP,118.19999694824219,118.2,2026-09-28,False,117.19499969482422,118.71499633789062,-0.13,10.95,ALTO,64347766784.0,20.45,17.24,2.01,10.13,2.98,23.25,13.78,-9.32,13.13,1.61,0.5,,YAHOO,-1.458,-0.8279,-1.8781,0.055599,3.2694,-3.4829,101.82,2026-10-29,31,,,yahoo,1.0,1.0,1.0,1.0,0.0,1.0,0.0,0.0,0.0,-1.5246,-3.2971,-7.9599,-13.677,14.8528,16.3701,125.42,136.4908,137.6421,-5.7567,-13.4008,-14.1251
AES,14.869999885559082,14.87,2026-09-28,False,14.859999656677246,14.890000343322754,0.0,18.56,ALTO,10608832512.0,5.57,6.27,2.15,9.57,2.96,18.67,14.34,-29.12,12.18,2.57,0.75,,YAHOO,-1.458,-0.8279,-1.8781,0.055599,3.2694,-3.4829,101.82,2026-11-04,37,,,yahoo,1.0,0.0,1.0,1.0,1.0,0.0,0.0,0.0,0.0,0.2697,0.473,1.5408,2.8595,2.3758,2.8549,14.87,14.87,16.8672,0.0,0.0,-11.8409
AFL,113.55000305175781,113.55,2026-09-28,False,113.0999984741211,114.40989685058594,-0.15,4.05,ALTO,56927531008.0,12.25,15.04,1.88,16.91,3.13,25.72,26.91,9.05,10.58,0.53,0.89,,YAHOO,-1.458,-0.8279,-1.8781,0.055599,3.2694,-3.4829,101.82,2026-11-04,37,,,yahoo,1.0,0.0,1.0,0.0,0.0,0.0,1.0,0.0,0.0,-1.4152,-2.957,-11.3065,-4.9618,10.4575,16.7195,118.36,128.9008,128.9008,-4.0639,-11.909,-11.909
AIZ,263.5299987792969,263.53,2026-09-28,False,263.0799865722656,265.7449951171875,-0.55,24.61,ALTO,12998292480.0,12.62,11.25,2.13,18.34,2.56,11.73,7.9,16.54,7.58,0.36,0.38,,YAHOO,-1.458,-0.8279,-1.8781,0.055599,3.2694,-3.4829,101.82,2026-11-03,36,,,yahoo,1.0,1.0,1.0,1.0,0.0,0.0,1.0,0.0,1.0,-4.9932,-6.9686,-5.9273,-1.3567,22.0113,22.2338,287.71,300.641,300.641,-8.4043,-12.3439,-12.3439
AJG,229.4600067138672,229.46,2026-09-28,False,227.0749969482422,232.8096923828125,-0.71,-24.12,ALTO,58820005888.0,38.05,15.44,2.48,6.72,2.32,19.16,10.38,3.54,16.79,0.59,1.05,,YAHOO,-1.458,-0.8279,-1.8781,0.055599,3.2694,-3.4829,101.82,2026-10-29,31,,,yahoo,1.0,0.0,1.0,1.0,1.0,0.0,0.0,1.0,1.0,-3.0218,-9.4118,-14.4423,1.3002,20.1544,33.0127,265.9494,271.2652,306.8697,-13.7204,-15.4112,-25.2256
AKAM,108.98999786376953,108.99,2026-09-28,False,108.80000305175781,115.08000183105469,-4.34,42.92,ALTO,15663672320.0,39.49,15.96,3.3,8.92,2.52,7.63,9.51,4.53,20.7,1.97,1.64,,YAHOO,-1.458,-0.8279,-1.8781,0.055599,3.2694,-3.4829,101.82,2026-11-05,38,,,yahoo,1.0,0.0,1.0,1.0,0.0,1.0,1.0,0.0,0.0,-7.1715,3.2396,1.471,-4.2267,70.8107,58.7302,118.44,129.52,161.14,-7.9787,-15.8508,-32.3632
ALB,107.38999938964844,107.39,2026-09-28,False,104.66000366210938,108.68000030517578,-2.13,24.96,ALTO,12672563200.0,397.74,9.51,1.58,2.65,3.16,27.71,3.79,10.53,10.66,0.19,2.09,,YAHOO,-1.458,-0.8279,-1.8781,0.055599,3.2694,-3.4829,101.82,2026-11-04,37,,,yahoo,0.0,1.0,1.0,1.0,0.0,1.0,0.0,1.0,0.0,-4.8973,-6.6417,-5.3813,-16.9351,39.7708,43.3286,137.2875,142.769,214.3488,-21.7773,-24.7806,-49.8994
ALGN,145.0,145.0,2026-09-28,False,143.32510375976562,146.1999969482422,-1.21,14.68,ALTO,10300779520.0,25.22,11.6,2.44,10.15,7.56,18.25,9.99,5.77,10.07,0.03,1.4,,YAHOO,-1.458,-0.8279,-1.8781,0.055599,3.2694,-3.4829,101.82,2026-10-28,30,,,yahoo,1.0,0.0,1.0,1.0,1.0,1.0,1.0,0.0,1.0,-1.28,-5.2288,-19.4802,-16.3928,27.0156,35.6097,159.86,188.39,197.51,-9.2956,-23.032,-26.586
ALL,227.5500030517578,227.55,2026-09-28,False,225.82000732421875,229.61000061035156,-0.02,9.72,ALTO,57537826816.0,4.56,8.2,1.82,46.11,8.68,22.83,18.97,26.35,3.58,0.22,0.36,,YAHOO,-1.458,-0.8279,-1.8781,0.055599,3.2694,-3.4829,101.82,2026-11-04,37,,,yahoo,1.0,1.0,1.0,0.0,1.0,0.0,1.0,0.0,0.0,-6.304,-11.9661,-16.7255,-5.3372,16.1594,29.8999,263.11,273.9698,273.9698,-13.5153,-16.9434,-16.9434
ALLE,155.3800048828125,155.38,2026-09-28,False,152.44000244140625,155.91000366210938,0.59,-10.27,ALTO,13213016064.0,20.39,15.9,6.24,33.73,11.03,22.1,15.36,3.67,14.33,1.05,1.93,,YAHOO,-1.458,-0.8279,-1.8781,0.055599,3.2694,-3.4829,101.82,2026-10-22,24,,,yahoo,1.0,0.0,1.0,1.0,1.0,0.0,1.0,1.0,0.0,2.6559,0.3488,-1.6016,11.6591,15.6862,31.1264,156.5639,168.342,177.7256,-0.7562,-7.6998,-12.5731
AMCR,42.790000915527344,42.79,2026-09-28,False,42.040000915527344,43.01499938964844,0.66,11.47,ALTO,19783772160.0,17.98,9.82,1.68,9.4,3.57,9.69,4.71,7.6,9.52,1.28,1.25,,YAHOO,-1.458,-0.8279,-1.8781,0.055599,3.2694,-3.4829,101.82,2026-11-05,38,,,yahoo,1.0,1.0,1.0,1.0,0.0,1.0,0.0,1.0,1.0,1.5184,1.2781,-5.3124,1.0824,20.1472,28.5468,46.0188,47.9018,48.4112,-7.0163,-10.6713,-11.6114
AME,251.6699981689453,251.67,2026-09-28,False,248.8699951171875,252.68499755859375,0.37,35.44,ALTO,57698177024.0,36.74,26.16,5.12,14.56,8.16,26.18,20.04,2.59,23.71,0.21,1.21,,YAHOO,-1.458,-0.8279,-1.8781,0.055599,3.2694,-3.4829,101.82,2026-10-29,31,,,yahoo,1.0,0.0,1.0,1.0,1.0,0.0,1.0,1.0,0.0,4.3278,7.8694,7.1357,6.0225,6.2059,22.6036,251.67,258.1438,258.1438,0.0,-2.5078,-2.5078
AMP,496.1600036621094,496.16,2026-09-28,False,489.3924865722656,497.7099914550781,0.64,0.57,ALTO,43827408896.0,11.98,9.6,6.89,63.43,2.28,30.72,19.9,6.62,,0.68,2.18,,YAHOO,-1.458,-0.8279,-1.8781,0.055599,3.2694,-3.4829,101.82,2026-10-29,31,,,yahoo,1.0,0.0,1.0,1.0,0.0,0.0,1.0,0.0,1.0,-7.3844,-11.1684,-7.8809,11.3969,37.1179,23.6398,565.08,570.68,570.68,-12.1965,-13.0581,-13.0581
AMT,168.0,168.0,2026-09-28,False,166.96499633789062,169.85000610351562,-0.61,-10.37,ALTO,78281293824.0,23.11,23.97,21.04,33.91,4.89,45.41,31.08,3.73,18.18,4.39,0.35,,YAHOO,-1.458,-0.8279,-1.8781,0.055599,3.2694,-3.4829,101.82,2026-10-27,29,,,yahoo,1.0,1.0,1.0,1.0,1.0,0.0,1.0,0.0,1.0,-3.7801,-5.0526,-6.2814,-0.3972,25.7813,24.6484,177.85,179.26,192.2845,-5.5384,-6.2814,-12.6295
AON,272.1000061035156,272.1,2026-09-28,False,270.0,278.3949890136719,-2.12,-22.95,ALTO,57719332864.0,14.99,13.41,6.01,44.7,5.83,23.46,22.27,5.53,12.31,1.63,1.03,,YAHOO,-1.458,-0.8279,-1.8781,0.055599,3.2694,-3.4829,101.82,2026-10-30,32,,,yahoo,1.0,1.0,1.0,0.0,1.0,1.0,1.0,1.0,1.0,-6.437,-12.6597,-27.6911,-16.7444,20.7273,31.9705,330.88,380.3929,380.3929,-17.7647,-28.4687,-28.4687
AOS,58.380001068115234,58.38,2026-09-28,False,57.630001068115234,58.689998626708984,-0.46,-18.02,ALTO,7934342656.0,16.26,14.29,4.31,27.13,12.54,18.93,13.15,6.11,10.8,0.37,1.59,,YAHOO,-1.458,-0.8279,-1.8781,0.055599,3.2694,-3.4829,101.82,2026-10-27,29,,,yahoo,1.0,1.0,1.0,1.0,1.0,0.0,1.0,1.0,1.0,2.493,1.7428,-5.3296,-4.777,16.9247,28.6511,60.53,63.98,79.5335,-3.552,-8.7527,-26.5969
APA,42.33000183105469,42.33,2026-09-28,False,42.2400016784668,43.470001220703125,-0.96,79.92,ALTO,14830380032.0,8.93,9.47,2.11,26.66,11.6,56.33,19.56,14.48,3.38,0.49,0.95,,YAHOO,-1.458,-0.8279,-1.8781,0.055599,3.2694,-3.4829,101.82,2026-11-04,37,,,yahoo,1.0,1.0,1.0,1.0,1.0,0.0,1.0,0.0,1.0,-3.3782,-5.996,15.3406,29.3323,37.231,44.3966,47.41,47.41,47.41,-10.715,-10.715,-10.715
APD,278.75,278.75,2026-09-28,False,277.8909912109375,282.19989013671875,-1.07,5.74,ALTO,62073593856.0,,19.31,4.47,0.02,4.73,25.54,-0.38,-2.41,17.64,1.1,1.08,,YAHOO,-1.458,-0.8279,-1.8781,0.055599,3.2694,-3.4829,101.82,2026-11-05,38,,,yahoo,0.0,0.0,1.0,1.0,0.0,0.0,0.0,0.0,0.0,-0.2541,-2.9185,-5.2741,3.3652,5.3637,19.2116,309.46,309.46,314.19,-9.9237,-9.9237,-11.2798
APH,84.62000274658203,84.62,2026-09-28,False,82.5199966430664,85.70999908447266,0.63,40.77,ALTO,208670113792.0,42.31,25.8,13.47,38.12,14.47,29.78,17.73,1.83,23.48,1.2,1.89,,YAHOO,-1.458,-0.8279,-1.8781,0.055599,3.2694,-3.4829,101.82,2026-10-28,30,,,yahoo,1.0,1.0,1.0,1.0,0.0,1.0,0.0,1.0,0.0,4.9941,7.8946,12.7686,1.8522,14.5319,41.3579,84.62,85.9866,88.0235,0.0,-1.5894,-3.8666
APO,119.0,119.0,2026-09-28,False,118.72000122070312,120.83999633789062,-2.21,-12.68,ALTO,70274637824.0,42.35,11.08,3.5,11.41,0.94,21.95,5.27,,,1.01,1.95,,YAHOO,-1.458,-0.8279,-1.8781,0.055599,3.2694,-3.4829,101.82,2026-11-03,36,,,yahoo,1.0,0.0,1.0,1.0,0.0,0.0,0.0,0.0,1.0,-6.9658,-7.2559,-0.2232,4.0692,28.9481,33.5393,136.58,142.9761,150.8032,-12.8716,-16.7693,-21.0892
APP,308.239990234375,308.24,2026-09-28,False,306.8800964355469,322.7380065917969,-0.81,-56.79,ALTO,103549992960.0,23.67,14.69,32.67,203.69,46.46,77.68,64.58,3.07,19.14,1.11,4.3,,YAHOO,-1.458,-0.8279,-1.8781,0.055599,3.2694,-3.4829,101.82,2026-11-04,37,,,yahoo,1.0,1.0,1.0,1.0,1.0,1.0,1.0,1.0,1.0,-6.642,-7.7788,-22.8358,-38.1987,26.7165,62.9139,334.24,543.79,733.6,-7.7788,-43.3164,-57.9826
APTV,43.63999938964844,43.64,2026-09-28,False,43.459999084472656,44.779998779296875,-2.57,-49.18,ALTO,9061117952.0,19.75,6.64,1.04,5.16,6.72,12.68,1.07,17.83,4.33,0.65,2.02,,YAHOO,-1.458,-0.8279,-1.8781,0.055599,3.2694,-3.4829,101.82,2026-10-29,31,,,yahoo,1.0,0.0,1.0,1.0,1.0,1.0,1.0,1.0,1.0,0.1607,-2.5675,-24.7197,-26.3211,47.8093,48.6596,47.95,60.57,88.67,-8.9885,-27.9511,-50.7838
ARE,48.65999984741211,48.66,2026-09-28,False,47.8650016784668,49.69499969482422,-2.54,-38.91,ALTO,8374156288.0,,-60.07,0.53,-4.08,0.93,17.28,-36.08,16.06,13.92,0.69,2.35,,YAHOO,-1.458,-0.8279,-1.8781,0.055599,3.2694,-3.4829,101.82,2026-10-26,28,,,yahoo,0.0,0.0,1.0,1.0,0.0,1.0,1.0,0.0,1.0,-8.7739,-6.351,-9.5034,-11.3177,17.0144,44.2627,56.34,56.34,80.2429,-13.6315,-13.6315,-39.3592
ARES,118.33999633789062,118.34,2026-09-28,False,117.47000122070312,120.44499969482422,-3.01,-24.65,ALTO,39262363648.0,54.28,16.46,10.73,14.92,4.58,9.47,12.11,5.5,32.2,1.72,0.62,,YAHOO,-1.458,-0.8279,-1.8781,0.055599,3.2694,-3.4829,101.82,2026-11-02,35,,,yahoo,1.0,0.0,1.0,1.0,1.0,0.0,0.0,0.0,1.0,-6.5761,-9.0704,-4.0204,11.1436,32.9637,36.9674,141.6729,147.8872,171.1987,-16.4695,-19.9796,-30.8757
ATO,157.0500030517578,157.05,2026-09-28,False,156.33999633789062,157.7100067138672,-0.1,-5.29,ALTO,26539653120.0,18.7,17.41,1.74,9.79,3.89,37.22,28.5,-8.37,13.85,0.68,0.81,,YAHOO,-1.458,-0.8279,-1.8781,0.055599,3.2694,-3.4829,101.82,2026-11-04,37,,,yahoo,1.0,1.0,1.0,1.0,0.0,0.0,0.0,1.0,1.0,-0.7708,-4.1443,-11.0728,-9.6334,7.9864,15.1437,169.12,178.4242,190.0626,-7.1369,-11.9794,-17.3693
AWK,128.92999267578125,128.93,2026-09-28,False,128.47000122070312,131.0500030517578,-1.51,-3.41,ALTO,25622126592.0,22.34,19.64,2.2,10.1,3.52,40.66,21.35,-6.97,14.37,1.38,0.52,,YAHOO,-1.458,-0.8279,-1.8781,0.055599,3.2694,-3.4829,101.82,2026-10-28,30,,,yahoo,1.0,0.0,1.0,1.0,1.0,1.0,0.0,1.0,1.0,-3.762,-7.1912,-6.0123,-2.0471,7.8253,20.8582,140.89,140.89,141.5679,-8.4889,-8.4889,-8.9271
AXON,424.75,424.75,2026-09-28,False,414.6000061035156,432.7099914550781,-1.25,-40.74,ALTO,34505592832.0,176.24,40.28,9.39,6.22,0.51,5.17,6.19,0.64,216.0,0.5,2.15,,YAHOO,-1.458,-0.8279,-1.8781,0.055599,3.2694,-3.4829,101.82,2026-11-03,36,,,yahoo,1.0,0.0,1.0,1.0,0.0,1.0,0.0,0.0,0.0,-6.0412,-13.3482,-20.0395,-16.8136,15.7235,70.1715,566.56,645.72,759.44,-25.03,-34.2207,-44.0706
AZO,2913.280029296875,2913.28,2026-09-28,False,2866.344970703125,2931.46142578125,1.43,-31.89,ALTO,47116476416.0,20.05,15.15,-18.83,,11.35,19.97,12.65,,13.59,,0.9,,YAHOO,-1.458,-0.8279,-1.8781,0.055599,3.2694,-3.4829,101.82,2026-12-08,71,2026-09-22,6.0,yahoo,1.0,0.0,1.0,1.0,1.0,1.0,1.0,0.0,0.0,3.9251,-1.7616,-7.2845,-7.6211,21.7689,27.6929,2991.24,3142.1699,4290.2402,-2.6063,-7.2845,-32.0952
BAX,23.489999771118164,23.49,2026-09-28,False,23.1200008392334,23.81999969482422,0.51,5.1,ALTO,12144235520.0,,11.54,1.96,-14.37,2.85,14.43,-9.27,8.24,10.39,1.56,1.95,,YAHOO,-1.458,-0.8279,-1.8781,0.055599,3.2694,-3.4829,101.82,2026-10-29,31,,,yahoo,0.0,0.0,1.0,1.0,0.0,1.0,0.0,0.0,1.0,2.4422,-1.5507,-5.131,6.7169,9.0208,39.4413,26.0,28.3391,28.3391,-9.6538,-17.1109,-17.1109
BBY,89.91000366210938,89.91,2026-09-28,False,88.12999725341797,90.44499969482422,-0.66,25.1,ALTO,18856617984.0,14.96,12.46,5.94,43.13,7.25,3.9,3.01,7.44,7.86,1.3,1.12,,YAHOO,-1.458,-0.8279,-1.8781,0.055599,3.2694,-3.4829,101.82,2026-11-24,57,,,yahoo,1.0,1.0,1.0,1.0,0.0,1.0,1.0,0.0,1.0,-3.5507,-4.1934,0.7579,17.0188,31.6672,36.86,94.82,94.82,94.82,-5.1782,-5.1782,-5.1782
BDX,183.8300018310547,183.83,2026-09-28,False,181.97999572753906,184.33999633789062,0.01,30.2,ALTO,50072870912.0,31.86,13.83,2.05,6.61,4.34,15.73,4.19,8.94,10.81,0.69,0.86,,YAHOO,-1.458,-0.8279,-1.8781,0.055599,3.2694,-3.4829,101.82,2026-11-05,38,,,yahoo,1.0,1.0,1.0,1.0,0.0,0.0,1.0,1.0,1.0,1.7322,0.503,9.8065,19.1533,28.7114,27.2102,187.0072,190.8744,190.8744,-1.699,-3.6906,-3.6906
BEN,32.68000030517578,32.68,2026-09-28,False,32.099998474121094,32.89500045776367,-1.03,47.23,ALTO,16603953152.0,22.23,10.25,1.41,7.89,2.64,12.98,8.72,-18.01,11.21,0.25,5.49,,YAHOO,-1.458,-0.8279,-1.8781,0.055599,3.2694,-3.4829,101.82,2026-11-06,39,,,yahoo,1.0,1.0,1.0,1.0,0.0,0.0,1.0,1.0,1.0,-2.8537,-2.3603,0.8953,-1.4772,19.5305,23.9028,34.73,35.77,35.77,-5.9027,-8.6385,-8.6385
BLDR,58.0099983215332,58.01,2026-09-28,False,56.79999923706055,58.65999984741211,-1.96,-51.56,ALTO,6241670144.0,63.05,13.12,1.56,2.51,2.39,3.33,0.71,7.44,11.16,1.31,1.79,,YAHOO,-1.458,-0.8279,-1.8781,0.055599,3.2694,-3.4829,101.82,2026-10-29,31,,,yahoo,1.0,0.0,1.0,1.0,0.0,0.0,1.0,0.0,0.0,-0.8715,-3.7019,-14.389,-35.9076,29.9612,51.1186,66.4,82.33,129.54,-12.6355,-29.5397,-55.2185
BLK,1071.25,1071.25,2026-09-28,False,1063.199951171875,1083.0,-1.39,-6.99,ALTO,174052622336.0,25.68,16.66,2.88,12.28,3.74,35.08,24.09,4.35,15.65,0.23,2.45,,YAHOO,-1.458,-0.8279,-1.8781,0.055599,3.2694,-3.4829,101.82,2026-10-14,16,,,yahoo,1.0,0.0,1.0,0.0,1.0,0.0,0.0,0.0,0.0,-1.7445,0.5302,-0.2263,13.3216,20.4935,27.5805,1149.7098,1176.8008,1177.4276,-6.8243,-8.9693,-9.0178
BR,162.9199981689453,162.92,2026-09-28,False,160.7100067138672,163.77499389648438,-0.52,-29.93,ALTO,18576431104.0,16.97,14.07,6.54,40.92,9.29,24.61,15.04,6.43,11.99,1.24,1.24,,YAHOO,-1.458,-0.8279,-1.8781,0.055599,3.2694,-3.4829,101.82,2026-11-03,36,,,yahoo,1.0,1.0,1.0,1.0,0.0,1.0,1.0,1.0,1.0,-1.0327,-6.5772,2.967,21.0303,9.3352,33.8711,181.2636,184.3148,232.8484,-10.1198,-11.6077,-30.0317
BRO,60.2400016784668,60.24,2026-09-28,False,60.0806999206543,60.904998779296875,-0.95,-34.67,ALTO,20156930048.0,19.25,12.48,1.58,10.02,5.38,41.84,18.08,8.15,9.45,0.64,1.13,,YAHOO,-1.458,-0.8279,-1.8781,0.055599,3.2694,-3.4829,101.82,2026-10-26,28,,,yahoo,1.0,0.0,1.0,1.0,0.0,0.0,0.0,1.0,0.0,-6.3142,-11.8396,-19.3543,-5.5981,19.9931,32.1993,72.56,74.6971,95.0407,-16.979,-19.3543,-36.6166
BSX,44.11000061035156,44.11,2026-09-28,False,43.165000915527344,44.150001525878906,0.43,-54.6,ALTO,63925518336.0,17.86,12.93,2.56,15.34,6.19,22.9,17.5,3.83,13.35,0.5,1.24,,YAHOO,-1.458,-0.8279,-1.8781,0.055599,3.2694,-3.4829,101.82,2026-10-28,30,,,yahoo,1.0,1.0,1.0,1.0,0.0,1.0,0.0,1.0,1.0,0.892,-2.0866,-4.192,1.4489,15.1518,35.6704,48.37,52.01,104.98,-8.8071,-15.1894,-57.9825
BXP,62.43000030517578,62.43,2026-09-28,False,61.8650016784668,63.400001525878906,-1.53,-13.54,ALTO,11292177408.0,33.56,28.09,1.93,5.31,1.68,28.75,9.3,7.8,17.57,2.12,0.51,,YAHOO,-1.458,-0.8279,-1.8781,0.055599,3.2694,-3.4829,101.82,2026-10-27,29,,,yahoo,1.0,1.0,1.0,1.0,0.0,0.0,0.0,0.0,1.0,-2.6509,-3.2093,-14.4443,-5.9364,32.7367,26.7098,68.23,72.97,73.7504,-8.5007,-14.4443,-15.3496
CAG,14.15999984741211,14.16,2026-09-28,False,14.09000015258789,14.454999923706055,-1.12,-15.36,ALTO,6776489472.0,,9.1,1.07,-25.06,4.4,13.77,-16.98,12.68,8.06,1.18,0.9,,YAHOO,-1.458,-0.8279,-1.8781,0.055599,3.2694,-3.4829,101.82,2026-09-30,2,,,yahoo,0.0,0.0,1.0,1.0,0.0,1.0,0.0,0.0,1.0,-4.7106,-4.2596,-7.602,2.4442,15.8331,29.7861,16.18,16.67,19.3071,-12.4846,-15.057,-26.6592
CARR,55.869998931884766,55.87,2026-09-28,False,54.640098571777344,56.25,-0.89,-4.12,ALTO,46055038976.0,39.91,16.87,3.51,8.97,2.98,13.07,5.52,1.87,18.57,0.92,1.02,,YAHOO,-1.458,-0.8279,-1.8781,0.055599,3.2694,-3.4829,101.82,2026-10-27,29,,,yahoo,1.0,0.0,1.0,1.0,0.0,0.0,1.0,0.0,0.0,2.2885,-2.4275,-6.759,-23.6403,26.2344,32.1838,59.71,69.8488,75.7277,-6.4311,-20.013,-26.2225
CB,331.3699951171875,331.37,2026-09-28,False,329.6809997558594,333.8399963378906,-0.6,19.55,ALTO,127842500608.0,11.73,11.39,1.7,14.82,3.36,23.53,18.07,8.2,10.1,0.31,0.41,,YAHOO,-1.458,-0.8279,-1.8781,0.055599,3.2694,-3.4829,101.82,2026-10-27,29,,,yahoo,1.0,1.0,1.0,1.0,1.0,0.0,1.0,0.0,0.0,-1.7464,-3.0657,-8.1594,-3.1807,3.6617,20.5889,347.2011,362.4052,362.4052,-4.5596,-8.5637,-8.5637
CBOE,253.25999450683594,253.26,2026-09-28,False,252.8249969482422,258.489990234375,-1.85,3.55,ALTO,26448197632.0,19.76,16.64,4.71,26.3,11.58,34.63,26.73,2.56,13.3,0.28,1.56,,YAHOO,-1.458,-0.8279,-1.8781,0.055599,3.2694,-3.4829,101.82,2026-10-30,32,,,yahoo,1.0,1.0,1.0,1.0,1.0,1.0,1.0,1.0,0.0,-6.6942,-10.9807,-17.4934,9.6987,29.5012,37.1073,307.62,313.0803,364.9193,-17.6712,-19.107,-30.5984
CCI,67.0999984741211,67.1,2026-09-28,False,66.16999816894531,67.81999969482422,-1.09,-26.71,ALTO,29322698752.0,27.39,23.24,-8.74,,4.72,46.83,20.72,3.53,18.93,,0.52,,YAHOO,-1.458,-0.8279,-1.8781,0.055599,3.2694,-3.4829,101.82,2026-10-21,23,,,yahoo,1.0,1.0,1.0,1.0,1.0,0.0,0.0,0.0,0.0,-8.3584,-8.2167,-13.9263,-13.4228,28.837,28.762,76.1527,78.6957,94.028,-11.8876,-14.7349,-28.6383
CDNS,326.70001220703125,326.7,2026-09-28,False,317.8901062011719,329.2699890136719,0.17,-6.32,ALTO,89970892800.0,65.08,34.18,13.12,23.23,10.61,28.57,23.61,1.79,42.18,0.39,1.74,,YAHOO,-1.458,-0.8279,-1.8781,0.055599,3.2694,-3.4829,101.82,2026-10-26,28,,,yahoo,1.0,0.0,1.0,1.0,1.0,0.0,1.0,1.0,1.0,10.7833,17.0716,-1.8211,-12.3471,26.8093,41.6492,338.78,385.95,416.39,-3.5657,-15.3517,-21.5399
CDW,130.3300018310547,130.33,2026-09-28,False,128.6699981689453,134.63499450683594,-3.77,-18.1,ALTO,16293521408.0,15.66,10.85,6.69,44.01,6.59,7.34,4.6,4.15,11.12,2.63,1.17,,YAHOO,-1.458,-0.8279,-1.8781,0.055599,3.2694,-3.4829,101.82,2026-11-03,36,,,yahoo,1.0,0.0,1.0,1.0,1.0,0.0,1.0,0.0,0.0,-10.9829,-14.087,-11.4707,-6.342,25.397,50.1685,153.92,153.92,161.0898,-15.3261,-15.3261,-19.0948
CF,115.51000213623047,115.51,2026-09-28,False,114.68000030517578,117.5,0.73,30.2,ALTO,17481066496.0,8.56,10.45,3.05,29.87,12.93,49.33,27.12,7.3,5.62,0.41,4.86,,YAHOO,-1.458,-0.8279,-1.8781,0.055599,3.2694,-3.4829,101.82,2026-11-04,37,,,yahoo,1.0,1.0,1.0,1.0,0.0,1.0,1.0,1.0,1.0,-6.2951,-11.9857,-8.8299,10.1567,28.2739,40.5476,139.27,139.27,139.27,-17.0604,-17.0604,-17.0604
CFG,64.80000305175781,64.8,2026-09-28,False,64.6500015258789,65.3499984741211,-1.11,24.36,ALTO,27292258304.0,14.12,9.92,1.14,8.27,0.94,35.13,26.05,,,,,,YAHOO,-1.458,-0.8279,-1.8781,0.055599,3.2694,-3.4829,101.82,2026-10-16,18,,,yahoo,1.0,1.0,1.0,1.0,1.0,0.0,1.0,0.0,1.0,-3.8005,-8.1372,-8.5392,-7.3964,19.0937,25.5539,70.83,74.73,74.73,-8.5133,-13.2878,-13.2878
CHD,95.62000274658203,95.62,2026-09-28,False,94.80000305175781,95.96600341796875,-0.79,12.34,ALTO,22681438208.0,30.65,23.7,5.22,17.04,7.87,18.07,11.96,4.14,18.35,0.56,1.15,,YAHOO,-1.458,-0.8279,-1.8781,0.055599,3.2694,-3.4829,101.82,2026-10-30,32,,,yahoo,1.0,1.0,1.0,1.0,1.0,0.0,1.0,0.0,1.0,0.1361,1.0996,-3.954,-2.0311,13.8912,21.2433,99.78,103.3249,104.5985,-4.1692,-7.457,-8.5838
CHRW,148.24000549316406,148.24,2026-09-28,False,145.02000427246094,148.97500610351562,0.77,14.07,ALTO,17322031104.0,28.29,19.76,10.67,37.12,9.96,5.34,3.73,2.77,20.52,1.21,1.58,,YAHOO,-1.458,-0.8279,-1.8781,0.055599,3.2694,-3.4829,101.82,2026-10-28,30,,,yahoo,1.0,1.0,1.0,1.0,0.0,1.0,1.0,1.0,0.0,-3.0097,-5.7657,-14.314,-19.4157,22.7799,49.0335,157.63,208.5206,208.5206,-5.957,-28.9087,-28.9087
CHTR,111.4000015258789,111.4,2026-09-28,False,110.3499984741211,114.61910247802734,-1.34,-59.72,ALTO,14477277184.0,2.9,2.66,0.78,27.2,5.31,23.5,9.05,15.19,5.25,4.42,0.36,,YAHOO,-1.458,-0.8279,-1.8781,0.055599,3.2694,-3.4829,101.82,2026-10-30,32,,,yahoo,1.0,0.0,1.0,1.0,1.0,1.0,1.0,1.0,0.0,-9.6879,-22.2881,-23.2782,-23.7874,31.7412,55.6669,158.97,158.97,282.74,-29.9239,-29.9239,-60.5998
CI,271.8299865722656,271.83,2026-09-28,False,269.04998779296875,272.489990234375,-0.07,-3.08,ALTO,71828488192.0,11.24,8.13,1.68,16.76,4.46,3.98,2.27,11.11,7.58,0.74,0.85,,YAHOO,-1.458,-0.8279,-1.8781,0.055599,3.2694,-3.4829,101.82,2026-11-05,38,,,yahoo,1.0,1.0,1.0,1.0,0.0,1.0,1.0,0.0,1.0,-0.9619,-6.2817,-7.802,-1.9375,30.3583,28.079,290.05,302.8186,304.1076,-6.2817,-10.2334,-10.6139
CINF,161.9199981689453,161.92,2026-09-28,False,161.5800018310547,163.13999938964844,-0.38,5.82,ALTO,24851165184.0,7.64,17.93,1.49,21.48,6.41,37.2,23.84,12.01,5.48,0.05,1.15,,YAHOO,-1.458,-0.8279,-1.8781,0.055599,3.2694,-3.4829,101.82,2026-10-26,28,,,yahoo,1.0,0.0,1.0,1.0,1.0,0.0,1.0,0.0,0.0,-2.4015,-5.3348,-10.1952,-12.5252,10.6395,22.6208,173.7296,188.5153,190.9415,-6.7977,-14.1078,-15.1992
CLX,81.41999816894531,81.42,2026-09-28,False,80.83999633789062,83.31999969482422,-2.84,-30.77,ALTO,9846202368.0,16.93,13.01,109.44,163.76,8.32,12.88,8.73,1.12,13.82,22.21,0.66,,YAHOO,-1.458,-0.8279,-1.8781,0.055599,3.2694,-3.4829,101.82,2026-11-03,36,,,yahoo,1.0,0.0,1.0,1.0,0.0,0.0,1.0,0.0,0.0,-4.0763,-8.8344,-17.3229,-15.16,44.077,33.3772,97.68,107.9,124.127,-16.6462,-24.5412,-34.4059
CMCSA,21.790000915527344,21.79,2026-09-28,False,21.4950008392334,21.96500015258789,-0.55,-22.65,ALTO,77324795904.0,6.98,6.09,0.86,11.49,4.31,17.23,8.97,16.42,4.7,1.0,0.8,,YAHOO,-1.458,-0.8279,-1.8781,0.055599,3.2694,-3.4829,101.82,2026-10-22,24,,,yahoo,1.0,1.0,1.0,1.0,1.0,1.0,1.0,1.0,0.0,-4.9717,-12.4196,-11.4588,-8.8072,16.1343,35.376,26.81,27.2,31.6751,-18.7244,-19.8897,-31.2078
CME,263.239990234375,263.24,2026-09-28,False,262.510009765625,268.20001220703125,-0.47,0.39,ALTO,94655643648.0,22.31,20.36,3.57,15.8,1.48,65.04,63.44,3.07,20.27,0.15,1.02,,YAHOO,-1.458,-0.8279,-1.8781,0.055599,3.2694,-3.4829,101.82,2026-10-21,23,,,yahoo,1.0,0.0,1.0,1.0,1.0,1.0,1.0,0.0,0.0,-4.4605,-6.1399,-0.3633,20.9972,19.8381,23.5403,285.1116,285.1116,315.7112,-7.6712,-7.6712,-16.62
CMG,31.850000381469727,31.85,2026-09-28,False,31.138900756835938,33.599998474121094,1.66,-20.24,ALTO,40303562752.0,29.49,23.23,18.36,49.56,13.08,16.11,11.43,2.77,19.8,2.46,0.71,,YAHOO,-1.458,-0.8279,-1.8781,0.055599,3.2694,-3.4829,101.82,2026-10-28,30,,,yahoo,1.0,1.0,1.0,1.0,0.0,0.0,1.0,0.0,1.0,-3.8926,-13.9887,-6.9801,-3.397,29.7206,49.4092,38.52,38.52,42.36,-17.3157,-17.3157,-24.8111
CMI,517.8400268554688,517.84,2026-09-28,False,514.719970703125,525.3499755859375,-1.38,25.21,ALTO,71288176640.0,26.45,14.96,5.55,21.11,7.0,11.9,7.82,3.13,15.28,0.6,1.73,,YAHOO,-1.458,-0.8279,-1.8781,0.055599,3.2694,-3.4829,101.82,2026-11-05,38,,,yahoo,1.0,0.0,1.0,1.0,0.0,1.0,0.0,1.0,0.0,-3.1677,-4.2986,-14.2298,-24.7902,14.2085,27.9232,564.4,675.7248,724.8918,-8.2495,-23.3652,-28.5631
CMS,62.599998474121094,62.6,2026-09-28,False,62.415000915527344,63.2599983215332,-0.56,-11.35,ALTO,19629928448.0,18.86,15.06,2.06,9.16,2.97,17.17,11.64,-11.2,13.1,1.86,0.94,,YAHOO,-1.458,-0.8279,-1.8781,0.055599,3.2694,-3.4829,101.82,2026-10-29,31,,,yahoo,1.0,0.0,1.0,1.0,0.0,1.0,0.0,0.0,1.0,-3.2457,-6.3155,-15.1356,-19.0232,13.2261,14.7055,68.79,76.4034,78.6889,-8.9984,-18.0665,-20.4462
CNC,62.529998779296875,62.53,2026-09-28,False,61.720001220703125,63.400001525878906,1.15,77.53,ALTO,30889506816.0,,11.69,1.37,-20.36,2.48,3.76,-2.83,31.21,4.35,0.71,1.15,,YAHOO,-1.458,-0.8279,-1.8781,0.055599,3.2694,-3.4829,101.82,2026-10-27,29,,,yahoo,0.0,0.0,1.0,1.0,0.0,0.0,1.0,0.0,1.0,-3.7852,-9.9121,1.1485,-3.1144,20.0113,35.4945,69.41,69.41,69.41,-9.9121,-9.9121,-9.9121
CNP,36.619998931884766,36.62,2026-09-28,False,36.584999084472656,37.040000915527344,-0.6,-4.35,ALTO,24122335232.0,21.8,17.54,2.06,9.83,3.0,24.49,11.61,-21.52,12.54,2.1,1.12,,YAHOO,-1.458,-0.8279,-1.8781,0.055599,3.2694,-3.4829,101.82,2026-10-22,24,,,yahoo,1.0,0.0,1.0,1.0,1.0,0.0,0.0,0.0,1.0,-3.6062,-5.2523,-14.1886,-17.7521,12.3952,18.2573,40.12,44.2953,44.7724,-8.7238,-17.3276,-18.2086
COF,196.4600067138672,196.46,2026-09-28,False,196.0800018310547,199.49000549316406,-1.87,-10.83,ALTO,120525242368.0,10.82,8.15,1.17,9.03,1.52,33.63,21.87,,,,,,YAHOO,-1.458,-0.8279,-1.8781,0.055599,3.2694,-3.4829,101.82,2026-10-20,22,,,yahoo,1.0,0.0,1.0,1.0,1.0,0.0,0.0,0.0,1.0,-4.1284,-4.9448,-5.537,-2.5342,30.1394,28.3592,220.5,226.54,254.9582,-10.9025,-13.278,-22.9442
COO,56.56999969482422,56.57,2026-09-28,False,54.630001068115234,56.869998931884766,2.15,-16.46,ALTO,10757085184.0,19.44,12.05,1.29,6.84,2.73,20.82,13.46,5.04,14.38,0.34,1.22,,YAHOO,-1.458,-0.8279,-1.8781,0.055599,3.2694,-3.4829,101.82,2026-12-02,65,2026-09-09,19.0,finnhub,1.0,0.0,1.0,1.0,1.0,0.0,1.0,0.0,1.0,4.527,4.3342,-22.5705,-20.7592,23.8398,42.2749,70.64,76.82,84.32,-19.9179,-26.3603,-32.9103
COR,303.80999755859375,303.81,2026-09-28,False,302.8500061035156,307.80499267578125,-1.01,-0.69,ALTO,57975201792.0,22.55,15.32,19.0,96.87,3.56,1.41,0.79,3.52,12.59,4.47,0.94,,YAHOO,-1.458,-0.8279,-1.8781,0.055599,3.2694,-3.4829,101.82,2026-11-04,37,,,yahoo,1.0,0.0,1.0,1.0,0.0,1.0,1.0,1.0,0.0,-4.0064,-6.8725,-4.4603,8.0771,2.4373,27.4153,337.22,337.22,372.5275,-9.9075,-9.9075,-18.4463
CPB,20.040000915527344,20.04,2026-09-28,False,19.299999237060547,20.079999923706055,3.46,-31.02,ALTO,5976623616.0,15.3,10.92,1.55,10.05,4.94,10.2,4.14,10.62,8.23,1.79,0.81,,YAHOO,-1.458,-0.8279,-1.8781,0.055599,3.2694,-3.4829,101.82,2026-12-07,70,2026-09-03,25.0,finnhub,,,,,,,,,,0.5519,-5.6941,-12.7178,-11.4358,44.804,35.3078,23.78,24.16,30.4131,-15.7275,-17.053,-34.1073
CPRT,27.219999313354492,27.22,2026-09-28,False,27.104999542236328,27.549999237060547,-1.34,-39.03,ALTO,25200586752.0,17.56,15.55,2.77,16.16,10.27,32.01,31.81,3.51,11.08,0.01,7.91,,YAHOO,-1.458,-0.8279,-1.8781,0.055599,3.2694,-3.4829,101.82,2026-11-19,52,2026-09-10,18.0,yahoo,1.0,0.0,1.0,1.0,0.0,1.0,0.0,1.0,0.0,-5.8457,-14.2137,-11.6807,-3.1317,20.3302,40.7873,33.72,34.33,45.76,-19.2764,-20.7108,-40.5157
CPT,98.4000015258789,98.4,2026-09-28,False,97.0,98.69000244140625,0.29,-3.95,ALTO,11388085248.0,32.48,90.28,2.65,7.89,1.87,16.1,20.62,1.23,16.77,1.26,0.35,,YAHOO,-1.458,-0.8279,-1.8781,0.055599,3.2694,-3.4829,101.82,2026-11-05,38,,,yahoo,1.0,1.0,1.0,1.0,0.0,1.0,1.0,1.0,0.0,-0.425,-5.2297,-15.4421,-14.9378,16.3411,18.2277,105.96,117.58,117.58,-7.1348,-16.3123,-16.3123
CRH,83.75,83.75,2026-09-28,False,82.16999816894531,85.69450378417969,-1.52,-26.15,ALTO,55717576704.0,14.8,12.9,2.32,15.81,6.06,19.02,9.94,3.62,9.57,0.78,1.58,,YAHOO,-1.458,-0.8279,-1.8781,0.055599,3.2694,-3.4829,101.82,2026-10-29,31,,,yahoo,1.0,0.0,1.0,1.0,0.0,1.0,1.0,1.0,0.0,-3.8903,-5.8777,-15.6698,-22.7651,29.4574,29.5982,94.29,107.1506,129.9237,-11.1783,-21.839,-35.5391
CRL,294.5899963378906,294.59,2026-09-28,False,289.1499938964844,296.8599853515625,0.6,100.35,ALTO,14189730816.0,,23.21,4.95,-7.52,4.11,15.11,-5.96,3.3,19.97,1.05,1.35,,YAHOO,-1.458,-0.8279,-1.8781,0.055599,3.2694,-3.4829,101.82,2026-11-04,37,,,yahoo,0.0,0.0,1.0,1.0,0.0,0.0,1.0,1.0,1.0,5.584,7.865,25.4642,30.598,60.1755,41.5863,294.59,298.58,298.58,0.0,-1.3363,-1.3363
CSGP,27.020000457763672,27.02,2026-09-28,False,26.850000381469727,27.75,-3.81,-67.98,ALTO,10948439040.0,150.11,15.23,1.38,0.89,0.47,8.22,2.08,3.77,27.54,0.15,2.21,,YAHOO,-1.458,-0.8279,-1.8781,0.055599,3.2694,-3.4829,101.82,2026-10-27,29,,,yahoo,1.0,0.0,1.0,1.0,1.0,0.0,0.0,0.0,1.0,-6.9559,-14.2766,-9.42,-7.8445,30.1402,47.28,32.07,33.73,84.8,-15.7468,-19.8933,-68.1368
CSX,46.7599983215332,46.76,2026-09-28,False,46.59000015258789,47.154998779296875,-0.04,32.12,ALTO,86621724672.0,27.19,20.56,6.15,24.36,7.38,38.42,22.21,2.25,15.33,1.38,0.82,,YAHOO,-1.458,-0.8279,-1.8781,0.055599,3.2694,-3.4829,101.82,2026-10-21,23,,,yahoo,1.0,0.0,1.0,1.0,1.0,0.0,1.0,0.0,0.0,1.6743,-4.3958,-7.5916,-2.337,13.0101,21.6821,50.51,53.0847,53.0847,-7.4243,-11.9143,-11.9143
CTAS,200.5800018310547,200.58,2026-09-28,False,198.63999938964844,201.4499969482422,0.34,-0.7,ALTO,80135118848.0,39.48,32.55,15.4,41.38,16.66,24.1,17.82,2.03,26.52,0.52,1.45,,YAHOO,-1.458,-0.8279,-1.8781,0.055599,3.2694,-3.4829,101.82,2026-12-17,80,2026-09-23,5.0,yahoo,1.0,1.0,1.0,1.0,1.0,0.0,1.0,1.0,1.0,1.8793,-0.1195,-7.1255,18.9384,42.7773,27.0702,201.79,215.969,215.969,-0.5996,-7.1255,-7.1255
CTSH,56.75,56.75,2026-09-28,False,55.630001068115234,57.399898529052734,-1.01,-13.55,ALTO,25562710016.0,12.18,8.96,1.77,14.92,10.73,17.48,10.26,8.67,6.66,0.14,2.18,,YAHOO,-1.458,-0.8279,-1.8781,0.055599,3.2694,-3.4829,101.82,2026-10-28,30,,,yahoo,1.0,0.0,1.0,1.0,1.0,1.0,1.0,0.0,1.0,-4.4291,-11.4665,1.9881,47.3484,29.1626,47.8891,64.64,64.64,85.1577,-12.2061,-12.2061,-33.359
CTVA,77.73999786376953,77.74,2026-09-28,False,77.66500091552734,78.88999938964844,-0.99,15.73,ALTO,51867820032.0,47.12,18.85,2.06,4.26,4.55,30.13,5.66,4.66,12.78,0.19,1.52,,YAHOO,-1.458,-0.8279,-1.8781,0.055599,3.2694,-3.4829,101.82,2026-11-03,36,,,yahoo,1.0,1.0,1.0,1.0,1.0,0.0,1.0,1.0,0.0,-1.7318,-5.8154,-13.9259,-6.5543,9.8186,35.0384,89.97,90.3175,90.3175,-13.5934,-13.9259,-13.9259
CVNA,60.470001220703125,60.47,2026-09-28,False,59.650001525878906,64.22000122070312,-7.06,-23.06,ALTO,67028803584.0,31.99,26.73,10.79,58.77,11.7,9.22,6.26,0.63,20.12,1.11,3.93,,YAHOO,-1.458,-0.8279,-1.8781,0.055599,3.2694,-3.4829,101.82,2026-10-28,30,,,yahoo,1.0,1.0,1.0,0.0,1.0,1.0,0.0,0.0,0.0,-9.9881,-14.6748,-8.8209,-5.1004,59.7357,57.6731,74.72,75.77,95.69,-19.0712,-20.1927,-36.8064
D,60.279998779296875,60.28,2026-09-28,False,59.834999084472656,60.880001068115234,-0.66,3.12,ALTO,53017825280.0,20.86,15.8,1.9,8.28,3.04,29.22,13.98,-17.32,13.51,1.6,0.81,,YAHOO,-1.458,-0.8279,-1.8781,0.055599,3.2694,-3.4829,101.82,2026-10-30,32,,,yahoo,1.0,1.0,1.0,1.0,0.0,1.0,0.0,1.0,1.0,-4.0433,-6.4846,-13.6939,-11.9847,16.6304,14.3342,66.22,70.973,70.973,-8.9701,-15.0663,-15.0663
DASH,178.38999938964844,178.39,2026-09-28,False,178.0399932861328,191.39999389648438,-7.74,-34.6,ALTO,77296017408.0,93.4,21.9,7.79,8.89,2.97,3.86,5.29,6.66,52.41,0.33,1.37,,YAHOO,-1.458,-0.8279,-1.8781,0.055599,3.2694,-3.4829,101.82,2026-11-04,37,,,yahoo,1.0,1.0,1.0,1.0,0.0,0.0,0.0,1.0,0.0,-7.9657,-12.3563,-7.8231,-3.4791,71.1405,42.0158,231.74,236.93,281.74,-23.0215,-24.7077,-36.6828
DDOG,268.70001220703125,268.7,2026-09-28,False,255.5,272.7900085449219,0.21,84.92,ALTO,96483459072.0,526.86,90.37,22.09,4.7,0.18,0.67,4.48,1.09,1116.7,0.29,3.21,,YAHOO,-1.458,-0.8279,-1.8781,0.055599,3.2694,-3.4829,101.82,2026-11-05,38,,,yahoo,1.0,0.0,1.0,1.0,1.0,1.0,0.0,0.0,1.0,9.6511,16.8007,1.7033,8.0983,27.3663,67.7169,268.7,288.15,288.15,0.0,-6.75,-6.75
DG,124.37000274658203,124.37,2026-09-28,False,122.44999694824219,125.5,-0.38,23.21,ALTO,27438110720.0,16.15,15.0,2.95,19.69,4.89,6.81,3.9,6.33,11.62,1.7,1.21,,YAHOO,-1.458,-0.8279,-1.8781,0.055599,3.2694,-3.4829,101.82,2026-12-02,65,2026-08-27,32.0,finnhub,1.0,1.0,1.0,1.0,1.0,0.0,0.0,1.0,1.0,2.0179,-3.716,-3.3494,6.3686,26.6719,34.2661,133.21,133.21,154.7135,-6.6361,-6.6361,-19.6127
DGX,237.6199951171875,237.62,2026-09-28,False,233.8101043701172,238.10400390625,0.55,27.98,ALTO,26226917376.0,25.23,19.71,3.48,14.6,6.4,15.25,9.19,3.47,14.23,0.81,1.59,,YAHOO,-1.458,-0.8279,-1.8781,0.055599,3.2694,-3.4829,101.82,2026-10-22,24,,,yahoo,1.0,1.0,1.0,1.0,1.0,0.0,1.0,1.0,1.0,-2.9647,-0.1135,1.0203,12.2019,15.5409,27.1773,247.45,247.45,247.45,-3.9725,-3.9725,-3.9725
DHI,139.4199981689453,139.42,2026-09-28,False,139.27000427246094,142.36990356445312,-1.48,-16.98,ALTO,38995951616.0,13.29,11.99,1.64,12.63,6.88,12.99,9.15,6.19,10.83,0.29,6.01,,YAHOO,-1.458,-0.8279,-1.8781,0.055599,3.2694,-3.4829,101.82,2026-10-29,31,,,yahoo,1.0,0.0,1.0,0.0,0.0,1.0,1.0,0.0,0.0,0.1221,0.0072,-4.9772,-14.8539,25.4411,33.4082,144.56,156.4139,172.875,-3.5556,-10.8647,-19.3521
DLR,177.17999267578125,177.18,2026-09-28,False,176.8699951171875,180.92999267578125,-0.8,7.08,ALTO,66914455552.0,86.43,64.15,2.46,2.91,1.48,25.88,11.82,5.63,26.97,0.68,0.89,,YAHOO,-1.458,-0.8279,-1.8781,0.055599,3.2694,-3.4829,101.82,2026-10-22,24,,,yahoo,1.0,1.0,1.0,1.0,0.0,0.0,0.0,1.0,1.0,-4.9106,-0.4159,-5.1998,-6.3937,13.5994,34.5726,188.2094,198.7869,201.18,-5.8602,-10.8694,-11.9296
DLTR,116.0199966430664,116.02,2026-09-28,False,112.25,116.88999938964844,1.71,23.09,ALTO,21768867840.0,14.22,14.66,6.36,46.03,8.26,6.21,8.04,4.82,11.34,2.24,1.13,,YAHOO,-1.458,-0.8279,-1.8781,0.055599,3.2694,-3.4829,101.82,2026-12-01,64,2026-08-27,32.0,finnhub,1.0,1.0,1.0,1.0,0.0,1.0,1.0,1.0,1.0,3.285,-2.6433,-10.0271,-5.3825,21.9634,33.8011,131.91,136.75,141.21,-12.0461,-15.1591,-17.8387
DOC,20.100000381469727,20.1,2026-09-28,False,19.940000534057617,20.350000381469727,-1.03,12.92,ALTO,14249840640.0,57.43,143.57,1.77,3.04,1.51,15.99,8.25,11.54,15.49,1.09,2.29,,YAHOO,-1.458,-0.8279,-1.8781,0.055599,3.2694,-3.4829,101.82,2026-10-22,24,,,yahoo,1.0,0.0,1.0,1.0,0.0,0.0,1.0,0.0,1.0,-2.9923,-1.3255,-9.6926,-6.7512,9.1873,18.6827,20.9243,22.5939,22.5939,-3.9396,-11.0381,-11.0381
DOV,191.47999572753906,191.48,2026-09-28,False,188.9499969482422,192.7100067138672,-0.21,16.02,ALTO,25788569600.0,23.15,16.45,3.35,14.91,7.06,18.69,13.48,3.52,14.32,0.42,1.98,,YAHOO,-1.458,-0.8279,-1.8781,0.055599,3.2694,-3.4829,101.82,2026-10-22,24,,,yahoo,1.0,0.0,1.0,1.0,1.0,0.0,1.0,1.0,0.0,2.8964,1.2318,-3.0318,-14.2914,20.3852,25.8756,194.74,216.9352,231.5927,-1.674,-11.734,-17.3204
DPZ,292.2699890136719,292.27,2026-09-28,False,286.4599914550781,293.7699890136719,0.04,-31.32,ALTO,9668798464.0,16.56,14.01,-2.43,,33.89,19.08,11.86,5.5,14.29,,1.54,,YAHOO,-1.458,-0.8279,-1.8781,0.055599,3.2694,-3.4829,101.82,2026-10-13,15,,,yahoo,1.0,1.0,1.0,1.0,0.0,1.0,1.0,1.0,1.0,-1.2401,-9.1709,-18.3118,0.0093,8.1596,36.5129,344.897,365.3704,430.8719,-15.2588,-20.0072,-32.1678
DRI,197.02000427246094,197.02,2026-09-28,False,195.19000244140625,202.38999938964844,-1.37,5.27,ALTO,22369998848.0,18.87,15.89,10.18,55.43,7.65,9.85,8.85,4.56,14.49,4.14,0.3,,YAHOO,-1.458,-0.8279,-1.8781,0.055599,3.2694,-3.4829,101.82,2026-12-24,87,2026-09-24,4.0,yahoo,1.0,1.0,1.0,1.0,1.0,0.0,1.0,0.0,1.0,-6.7626,-9.8595,-7.1667,-3.4451,26.4497,31.1006,220.03,227.68,227.68,-10.4577,-13.4663,-13.4663
DTE,120.83000183105469,120.83,2026-09-28,False,120.36940002441406,121.80000305175781,-0.5,-11.33,ALTO,25143281664.0,19.15,14.45,2.07,11.03,2.77,13.62,8.0,-10.33,14.64,2.29,0.8,,YAHOO,-1.458,-0.8279,-1.8781,0.055599,3.2694,-3.4829,101.82,2026-10-29,31,,,yahoo,1.0,0.0,1.0,1.0,0.0,1.0,0.0,0.0,1.0,-4.202,-7.0119,-15.0395,-20.8315,15.5289,15.8183,136.0158,152.4455,153.0301,-11.1647,-20.7389,-21.0417
DUK,113.41000366210938,113.41,2026-09-28,False,112.79000091552734,113.84500122070312,0.05,-4.47,ALTO,88426029056.0,17.08,15.81,1.64,9.86,2.84,27.5,16.0,-5.06,11.02,1.62,0.66,,YAHOO,-1.458,-0.8279,-1.8781,0.055599,3.2694,-3.4829,101.82,2026-11-05,38,,,yahoo,1.0,1.0,1.0,1.0,1.0,0.0,0.0,1.0,1.0,-2.8525,-4.7135,-11.3673,-10.8493,14.5182,15.9777,121.4,129.3824,131.1634,-6.5815,-12.3451,-13.5353
DVA,178.07000732421875,178.07,2026-09-28,False,177.50999450683594,182.36000061035156,-0.22,36.3,ALTO,11360866304.0,15.09,10.39,-14.89,88.48,7.51,16.06,6.05,9.18,9.17,12.42,1.47,,YAHOO,-1.458,-0.8279,-1.8781,0.055599,3.2694,-3.4829,101.82,2026-10-28,30,,,yahoo,1.0,0.0,1.0,1.0,0.0,1.0,1.0,0.0,1.0,-2.3418,-5.9423,-26.0998,-18.9486,44.9359,45.2321,193.86,240.96,240.96,-8.145,-26.0998,-26.0998
DVN,46.72999954223633,46.73,2026-09-28,False,46.564998626708984,47.79499816894531,-0.68,34.85,ALTO,51402997760.0,10.16,8.67,1.29,11.52,5.91,41.08,17.46,1.52,6.99,0.28,0.72,,YAHOO,-1.458,-0.8279,-1.8781,0.055599,3.2694,-3.4829,101.82,2026-11-04,37,,,yahoo,1.0,0.0,1.0,1.0,1.0,0.0,1.0,0.0,1.0,-1.8071,-5.424,5.7864,12.0091,44.4777,35.9712,51.33,51.33,51.3696,-8.9616,-8.9616,-9.0317
DXCM,86.68000030517578,86.68,2026-09-28,False,85.2699966430664,87.33999633789062,0.07,30.36,ALTO,32709632000.0,34.26,27.75,12.48,38.49,10.33,24.33,20.12,3.12,22.92,0.53,1.73,,YAHOO,-1.458,-0.8279,-1.8781,0.055599,3.2694,-3.4829,101.82,2026-10-29,31,,,yahoo,1.0,1.0,1.0,1.0,0.0,1.0,1.0,0.0,1.0,-2.7924,2.3618,15.358,23.864,14.5031,41.1227,91.06,92.34,92.34,-4.81,-6.1295,-6.1295
ED,102.83000183105469,102.83,2026-09-28,False,102.33000183105469,103.74500274658203,-0.26,6.64,ALTO,38029479936.0,16.89,15.84,1.48,8.96,3.24,16.54,12.53,-2.22,10.53,1.1,1.27,,YAHOO,-1.458,-0.8279,-1.8781,0.055599,3.2694,-3.4829,101.82,2026-11-05,38,,,yahoo,1.0,1.0,1.0,1.0,1.0,0.0,0.0,0.0,1.0,-0.9917,-2.7888,-7.6406,-7.6736,10.8074,15.3966,108.75,112.0907,113.5695,-5.4437,-8.2618,-9.4563
EIX,51.470001220703125,51.47,2026-09-28,False,51.33000183105469,52.95539855957031,-2.24,-1.73,ALTO,19806375936.0,5.31,7.91,1.14,19.73,4.09,26.9,19.28,0.42,7.25,2.28,0.66,,YAHOO,-1.458,-0.8279,-1.8781,0.055599,3.2694,-3.4829,101.82,2026-10-27,29,,,yahoo,1.0,1.0,1.0,1.0,1.0,0.0,0.0,1.0,0.0,-6.333,-8.3022,-34.5415,-30.982,20.798,61.9449,59.33,80.38,80.38,-13.2479,-35.9667,-35.9667
EL,95.56999969482422,95.57,2026-09-28,False,91.63999938964844,95.8499984741211,1.16,8.69,ALTO,34577088512.0,191.14,24.41,9.08,4.75,5.23,7.0,1.21,5.24,16.43,2.43,1.22,,YAHOO,-1.458,-0.8279,-1.8781,0.055599,3.2694,-3.4829,101.82,2026-11-02,35,,,yahoo,1.0,1.0,1.0,1.0,1.0,0.0,0.0,1.0,1.0,-0.7992,-2.698,13.9839,20.8197,30.4179,46.029,103.86,105.8504,118.3745,-7.9819,-9.7122,-19.2647
EME,765.52001953125,765.52,2026-09-28,False,752.2540283203125,774.5363159179688,0.43,19.67,ALTO,33767012352.0,23.86,20.83,8.3,40.35,12.03,10.62,7.74,2.9,16.77,0.13,1.28,,YAHOO,-1.458,-0.8279,-1.8781,0.055599,3.2694,-3.4829,101.82,2026-10-29,31,,,yahoo,1.0,1.0,1.0,1.0,0.0,0.0,1.0,1.0,0.0,1.0307,2.1102,13.8354,-5.9546,13.2012,52.5427,780.66,862.54,943.2628,-1.9394,-11.2482,-18.8434
EMR,159.38999938964844,159.39,2026-09-28,False,156.57000732421875,160.1300048828125,0.73,25.2,ALTO,88907743232.0,34.88,21.95,4.36,12.8,6.9,26.92,13.83,4.17,16.6,0.68,0.9,,YAHOO,-1.458,-0.8279,-1.8781,0.055599,3.2694,-3.4829,101.82,2026-11-04,37,,,yahoo,1.0,1.0,1.0,1.0,0.0,0.0,1.0,1.0,1.0,5.0554,7.4781,9.7444,11.9805,7.236,28.5915,159.39,163.8244,163.8244,0.0,-2.7068,-2.7068
EOG,140.6300048828125,140.63,2026-09-28,False,140.0200958251953,142.3800048828125,0.2,28.32,ALTO,73764544512.0,10.94,9.42,2.32,22.51,11.02,40.72,25.73,6.07,5.32,0.26,1.85,,YAHOO,-1.458,-0.8279,-1.8781,0.055599,3.2694,-3.4829,101.82,2026-11-05,38,,,yahoo,1.0,0.0,1.0,1.0,0.0,0.0,1.0,0.0,0.0,-0.5305,-5.3252,-3.6385,7.3855,22.8926,34.7815,153.74,153.74,153.74,-8.5274,-8.5274,-8.5274
EPAM,107.55000305175781,107.55,2026-09-28,False,104.33000183105469,109.5199966430664,-0.63,-30.45,ALTO,5548179968.0,14.59,7.65,1.58,11.18,8.45,10.94,7.15,11.72,6.52,0.04,2.75,,YAHOO,-1.458,-0.8279,-1.8781,0.055599,3.2694,-3.4829,101.82,2026-11-05,38,,,yahoo,1.0,0.0,1.0,1.0,1.0,0.0,1.0,0.0,1.0,-4.9324,-12.9925,0.6175,34.3871,26.0284,54.4989,123.61,123.61,221.4,-12.9925,-12.9925,-51.4228
EQIX,1011.0700073242188,1011.07,2026-09-28,False,1005.9400024414062,1030.93994140625,0.3,32.05,ALTO,99763986432.0,65.15,54.3,6.94,10.73,3.68,27.02,15.48,3.79,26.91,1.62,1.13,,YAHOO,-1.458,-0.8279,-1.8781,0.055599,3.2694,-3.4829,101.82,2026-10-28,30,,,yahoo,1.0,1.0,1.0,1.0,0.0,0.0,0.0,1.0,0.0,-4.3688,1.2366,0.7818,-6.3832,21.8456,28.4263,1059.26,1096.8591,1110.6332,-4.5494,-7.8213,-8.9645
EQT,49.869998931884766,49.87,2026-09-28,False,49.71500015258789,50.68000030517578,-1.85,-7.41,ALTO,31194484736.0,11.57,13.05,1.23,11.08,6.63,23.37,29.18,7.89,5.77,0.2,0.67,,YAHOO,-1.458,-0.8279,-1.8781,0.055599,3.2694,-3.4829,101.82,2026-10-20,22,,,yahoo,1.0,1.0,1.0,1.0,1.0,1.0,0.0,1.0,1.0,-0.5187,-6.277,-4.8385,-3.7953,28.2989,29.2992,55.75,55.75,67.5273,-10.5471,-10.5471,-26.1484
ERIE,221.9199981689453,221.92,2026-09-28,False,219.27000427246094,222.8800048828125,-0.42,-27.71,ALTO,11604167680.0,20.16,15.84,4.7,24.81,14.15,19.1,14.01,4.15,13.61,0.03,1.25,,YAHOO,-1.458,-0.8279,-1.8781,0.055599,3.2694,-3.4829,101.82,2026-10-29,31,,,yahoo,1.0,0.0,1.0,1.0,0.0,0.0,1.0,0.0,0.0,-5.9462,-12.5886,-10.7141,-6.0293,39.7813,48.1268,258.41,268.64,324.5125,-14.121,-17.3913,-31.6143
ES,63.279998779296875,63.28,2026-09-28,False,62.720001220703125,63.63999938964844,-0.61,-6.19,ALTO,23835977728.0,16.44,12.87,1.46,9.02,3.3,23.92,10.35,3.41,10.54,1.81,0.8,,YAHOO,-1.458,-0.8279,-1.8781,0.055599,3.2694,-3.4829,101.82,2026-11-04,37,,,yahoo,1.0,1.0,1.0,1.0,1.0,0.0,0.0,1.0,1.0,-5.3969,-6.3003,-14.3593,-13.21,14.8525,18.1054,70.6581,74.5127,74.5127,-10.442,-15.0749,-15.0749
ESS,273.010009765625,273.01,2026-09-28,False,269.7099914550781,273.44500732421875,0.52,6.58,ALTO,18819368960.0,42.59,43.34,3.3,7.71,2.96,33.98,20.89,5.55,19.84,1.22,0.25,,YAHOO,-1.458,-0.8279,-1.8781,0.055599,3.2694,-3.4829,101.82,2026-10-27,29,,,yahoo,1.0,0.0,1.0,1.0,0.0,1.0,0.0,0.0,1.0,0.5969,-0.9865,-8.0155,-6.9305,8.3432,19.0934,282.96,298.32,298.33,-3.5164,-8.4842,-8.4872
ETN,431.4100036621094,431.41,2026-09-28,False,423.8299865722656,441.94000244140625,-1.95,18.75,ALTO,167559643136.0,43.98,26.77,8.27,19.68,7.05,16.56,12.75,1.85,28.35,1.05,1.24,,YAHOO,-1.458,-0.8279,-1.8781,0.055599,3.2694,-3.4829,101.82,2026-11-03,36,,,yahoo,1.0,1.0,1.0,1.0,1.0,0.0,1.0,0.0,1.0,-0.9232,9.7289,19.5069,5.9304,15.8905,45.0667,442.49,459.96,459.96,-2.504,-6.2071,-6.2071
ETR,98.0999984741211,98.1,2026-09-28,False,96.91919708251953,98.27999877929688,-0.48,7.42,ALTO,46869970944.0,25.09,19.22,2.51,10.25,2.68,24.46,13.33,-9.39,13.88,1.87,0.91,,YAHOO,-1.458,-0.8279,-1.8781,0.055599,3.2694,-3.4829,101.82,2026-10-29,31,,,yahoo,1.0,1.0,1.0,1.0,1.0,1.0,0.0,0.0,0.0,-3.4259,-5.3454,-8.4464,-15.1675,15.5701,17.6107,108.53,115.2619,116.6636,-9.6102,-14.8895,-15.9121
EVRG,77.91000366210938,77.91,2026-09-28,False,77.36000061035156,78.31999969482422,-0.17,7.36,ALTO,17963489280.0,19.82,17.07,1.76,9.25,2.91,25.24,15.19,-8.03,12.14,1.61,0.36,,YAHOO,-1.458,-0.8279,-1.8781,0.055599,3.2694,-3.4829,101.82,2026-11-05,38,,,yahoo,1.0,0.0,1.0,1.0,0.0,0.0,0.0,1.0,0.0,-1.7033,-3.6483,-6.4755,-9.7109,11.6571,14.6408,82.24,86.4581,87.4002,-5.2651,-9.887,-10.8583
EW,86.83000183105469,86.83,2026-09-28,False,85.58999633789062,87.33000183105469,0.63,12.43,ALTO,50048811008.0,51.68,25.71,4.72,9.18,8.37,29.84,15.43,2.46,23.34,0.07,4.52,,YAHOO,-1.458,-0.8279,-1.8781,0.055599,3.2694,-3.4829,101.82,2026-10-29,31,,,yahoo,1.0,0.0,1.0,1.0,1.0,0.0,1.0,0.0,1.0,-1.7093,1.5318,1.2477,-4.7708,22.5913,23.3886,90.82,95.18,95.18,-4.3933,-8.7728,-8.7728
EXC,40.31999969482422,40.32,2026-09-28,False,39.9900016784668,40.43000030517578,-0.05,-5.64,ALTO,41539837952.0,14.82,13.27,1.4,9.71,2.81,16.59,10.99,-6.46,11.07,1.77,1.09,,YAHOO,-1.458,-0.8279,-1.8781,0.055599,3.2694,-3.4829,101.82,2026-11-03,36,,,yahoo,1.0,1.0,1.0,1.0,0.0,1.0,0.0,1.0,0.0,-3.9543,-5.618,-13.4512,-13.6715,21.4067,17.7817,44.11,47.1213,49.3516,-8.5922,-14.4336,-18.3004
EXPD,188.5800018310547,188.58,2026-09-28,False,186.4499969482422,188.9600067138672,0.6,55.16,ALTO,24513632256.0,27.49,23.69,11.57,42.67,15.23,10.71,7.63,3.25,19.03,0.27,1.57,,YAHOO,-1.458,-0.8279,-1.8781,0.055599,3.2694,-3.4829,101.82,2026-11-03,36,,,yahoo,1.0,0.0,1.0,1.0,1.0,1.0,1.0,1.0,1.0,-1.8579,-2.598,10.8446,16.429,29.012,25.4884,193.9,193.9,193.9,-2.7437,-2.7437,-2.7437
EXPE,264.2300109863281,264.23,2026-09-28,False,257.2200012207031,266.6400146484375,0.02,20.66,ALTO,31713435648.0,16.62,10.8,26.23,89.49,6.11,18.98,12.97,10.83,10.91,2.3,0.8,,YAHOO,-1.458,-0.8279,-1.8781,0.055599,3.2694,-3.4829,101.82,2026-11-05,38,,,yahoo,1.0,0.0,1.0,1.0,1.0,1.0,1.0,1.0,0.0,-5.9747,-8.2088,-13.0342,-0.2522,66.9149,45.3793,317.12,338.6418,338.6418,-16.6782,-21.9736,-21.9736
EXR,131.67999267578125,131.68,2026-09-28,False,130.77000427246094,133.5500030517578,-1.25,-2.57,ALTO,29062109184.0,29.07,27.37,2.1,6.95,3.36,45.88,27.28,5.16,18.38,1.02,0.89,,YAHOO,-1.458,-0.8279,-1.8781,0.055599,3.2694,-3.4829,101.82,2026-10-28,30,,,yahoo,1.0,1.0,1.0,1.0,0.0,1.0,1.0,0.0,1.0,-4.2049,-4.4274,-12.8372,-10.1388,15.7297,19.636,139.4603,151.0737,151.0737,-5.5788,-12.8372,-12.8372
FANG,185.22999572753906,185.23,2026-09-28,False,184.5,190.57000732421875,-0.77,32.06,ALTO,51868061696.0,35.28,9.87,1.37,3.49,1.31,48.47,9.03,9.71,5.95,0.29,0.47,,YAHOO,-1.458,-0.8279,-1.8781,0.055599,3.2694,-3.4829,101.82,2026-11-02,35,,,yahoo,1.0,0.0,1.0,1.0,0.0,0.0,1.0,0.0,1.0,-2.1345,-9.9601,-6.4681,3.1628,21.9715,37.1901,211.53,211.53,211.53,-12.4332,-12.4332,-12.4332
FAST,50.4900016784668,50.49,2026-09-28,False,50.040000915527344,50.80500030517578,0.12,5.5,ALTO,57937154048.0,43.15,35.99,14.24,34.33,21.52,21.02,15.45,1.58,29.76,0.11,4.18,,YAHOO,-1.458,-0.8279,-1.8781,0.055599,3.2694,-3.4829,101.82,2026-10-14,16,,,yahoo,1.0,1.0,1.0,1.0,1.0,1.0,0.0,0.0,1.0,1.6918,2.1238,5.6718,7.1035,17.7517,22.8317,50.99,52.38,52.38,-0.9806,-3.6082,-3.6082
FDS,267.6700134277344,267.67,2026-09-28,False,264.68499755859375,271.510009765625,-1.98,-6.32,ALTO,9519830016.0,17.63,13.57,4.71,27.03,11.08,30.54,23.21,6.52,11.57,0.77,0.68,,YAHOO,-1.458,-0.8279,-1.8781,0.055599,3.2694,-3.4829,101.82,2026-09-30,2,,,yahoo,1.0,1.0,1.0,1.0,0.0,1.0,1.0,0.0,0.0,-5.7832,-3.3438,-4.7374,15.0067,31.2995,47.6525,313.55,313.55,313.55,-14.6324,-14.6324,-14.6324
FE,43.02000045776367,43.02,2026-09-28,False,42.66999816894531,43.279998779296875,-0.65,-1.52,ALTO,24893089792.0,23.25,14.59,1.92,9.49,3.68,19.3,6.94,-8.09,10.2,2.01,0.54,,YAHOO,-1.458,-0.8279,-1.8781,0.055599,3.2694,-3.4829,101.82,2026-10-21,23,,,yahoo,1.0,0.0,1.0,1.0,0.0,1.0,0.0,0.0,1.0,-4.3362,-6.1314,-11.5683,-9.5995,17.6245,15.1034,47.04,49.43,50.8757,-8.5459,-12.9678,-15.441
FFIV,435.55999755859375,435.56,2026-09-28,False,430.94000244140625,445.0400085449219,-1.69,34.93,ALTO,24664537088.0,34.73,24.1,6.42,19.83,7.98,24.65,21.95,2.91,25.25,0.07,1.67,,YAHOO,-1.458,-0.8279,-1.8781,0.055599,3.2694,-3.4829,101.82,2026-10-26,28,,,yahoo,1.0,1.0,1.0,1.0,0.0,1.0,1.0,1.0,0.0,-3.2304,5.8495,12.5623,6.0892,18.7615,36.748,455.99,455.99,455.99,-4.4804,-4.4804,-4.4804
FICO,840.8900146484375,840.89,2026-09-28,False,832.0,853.5449829101562,-2.57,-44.94,ALTO,18161235968.0,24.36,15.86,-4.43,,39.98,53.79,34.05,4.26,18.61,,1.18,,YAHOO,-1.458,-0.8279,-1.8781,0.055599,3.2694,-3.4829,101.82,2026-11-04,37,,,yahoo,1.0,1.0,1.0,1.0,0.0,0.0,1.0,1.0,1.0,-9.0458,-16.0369,-38.7588,-28.588,31.318,65.7635,1147.21,1373.08,1879.55,-26.7013,-38.7588,-55.2611
FIS,34.310001373291016,34.31,2026-09-28,False,34.275001525878906,35.14500045776367,-3.11,-45.91,ALTO,17693870080.0,5.27,5.12,1.1,22.35,4.28,20.67,27.65,14.99,10.84,1.33,0.54,,YAHOO,-1.458,-0.8279,-1.8781,0.055599,3.2694,-3.4829,101.82,2026-11-04,37,,,yahoo,1.0,0.0,1.0,1.0,1.0,0.0,1.0,0.0,1.0,-2.5007,-10.1362,-25.8568,-10.2961,31.496,36.6879,41.7971,46.2753,66.0466,-17.9129,-25.8568,-48.0519
FITB,51.56999969482422,51.57,2026-09-28,False,51.42499923706055,52.064998626708984,-1.02,17.38,ALTO,46768447488.0,17.36,10.41,1.45,8.44,0.92,39.08,23.24,,,,,,YAHOO,-1.458,-0.8279,-1.8781,0.055599,3.2694,-3.4829,101.82,2026-10-19,21,,,yahoo,1.0,1.0,1.0,1.0,1.0,0.0,1.0,0.0,1.0,-3.2639,-5.1673,-8.8386,-8.5314,21.7482,21.3855,54.97,59.37,59.37,-6.1852,-13.1379,-13.1379
FIX,1658.300048828125,1658.3,2026-09-28,False,1628.0,1689.0150146484375,-0.04,107.19,ALTO,58362757120.0,40.8,27.56,18.11,55.29,17.04,17.06,12.78,3.16,28.33,0.11,1.21,,YAHOO,-1.458,-0.8279,-1.8781,0.055599,3.2694,-3.4829,101.82,2026-10-22,24,,,yahoo,1.0,1.0,1.0,1.0,0.0,1.0,1.0,1.0,0.0,1.5748,4.77,9.1581,-14.8577,9.264,54.9865,1690.8199,1881.1801,2065.4404,-1.9233,-11.8479,-19.712
FOX,56.54999923706055,56.55,2026-09-28,False,55.560001373291016,57.02000045776367,0.02,0.18,ALTO,23845644288.0,14.73,9.84,2.04,14.29,9.5,25.21,9.84,2.33,7.03,0.64,3.17,,YAHOO,-1.458,-0.8279,-1.8781,0.055599,3.2694,-3.4829,101.82,2026-10-29,31,,,yahoo,1.0,0.0,1.0,1.0,0.0,1.0,1.0,0.0,1.0,-2.3316,-7.5074,7.7739,24.3255,11.0471,32.0999,61.14,62.382,67.0667,-7.5074,-9.3489,-15.6809
FOXA,63.060001373291016,63.06,2026-09-28,False,62.0,63.7400016784668,-0.02,1.16,ALTO,26590740480.0,16.42,10.78,2.28,14.29,9.5,25.21,9.84,2.09,7.73,0.64,3.17,,YAHOO,-1.458,-0.8279,-1.8781,0.055599,3.2694,-3.4829,101.82,2026-10-29,31,,,yahoo,1.0,0.0,1.0,1.0,0.0,1.0,1.0,0.0,1.0,-2.6702,-7.9819,7.4446,25.6968,8.3405,32.1575,68.53,70.0207,75.4053,-7.9819,-9.9409,-16.372
FRT,109.83000183105469,109.83,2026-09-28,False,108.75499725341797,110.98999786376953,-0.62,14.62,ALTO,9601156096.0,22.19,34.43,2.98,12.55,3.26,35.03,32.66,4.75,17.54,1.34,0.56,,YAHOO,-1.458,-0.8279,-1.8781,0.055599,3.2694,-3.4829,101.82,2026-10-30,32,,,yahoo,1.0,1.0,1.0,1.0,0.0,0.0,0.0,0.0,0.0,-0.7231,-4.1037,-12.6809,-11.6212,13.1008,13.614,117.94,127.13,127.13,-6.8764,-13.6081,-13.6081
FTNT,176.3300018310547,176.33,2026-09-28,False,169.55999755859375,176.89999389648438,1.65,108.24,ALTO,129375731712.0,62.31,46.68,83.41,117.44,14.17,33.6,28.17,1.75,48.49,0.36,1.28,,YAHOO,-1.458,-0.8279,-1.8781,0.055599,3.2694,-3.4829,101.82,2026-11-04,37,,,yahoo,1.0,0.0,1.0,1.0,1.0,0.0,1.0,0.0,1.0,0.6277,3.6138,15.0829,13.4539,38.2837,45.7501,178.74,178.74,178.74,-1.3483,-1.3483,-1.3483
FTV,55.7599983215332,55.76,2026-09-28,False,55.119998931884766,55.88999938964844,-0.59,14.45,ALTO,16840470528.0,29.5,17.15,2.78,7.32,3.29,19.14,12.38,5.58,16.26,0.59,1.24,,YAHOO,-1.458,-0.8279,-1.8781,0.055599,3.2694,-3.4829,101.82,2026-10-28,30,,,yahoo,1.0,1.0,1.0,1.0,0.0,0.0,1.0,0.0,1.0,1.2162,1.0328,-6.2347,-7.9811,18.6181,26.4217,58.7685,64.0121,64.0121,-5.1192,-12.8914,-12.8914
GD,334.1600036621094,334.16,2026-09-28,False,332.5899963378906,337.29998779296875,-0.76,2.31,ALTO,90409385984.0,20.38,17.97,3.37,17.8,6.08,10.38,8.18,4.87,14.39,0.35,1.44,,YAHOO,-1.458,-0.8279,-1.8781,0.055599,3.2694,-3.4829,101.82,2026-10-28,30,,,yahoo,1.0,1.0,1.0,1.0,1.0,1.0,0.0,0.0,1.0,-5.5778,-6.3479,-12.2848,-3.5738,15.8114,17.17,371.35,395.97,395.97,-10.0148,-15.6098,-15.6098
GDDY,93.70999908447266,93.71,2026-09-28,False,93.4800033569336,96.125,-3.53,-33.91,ALTO,11868155904.0,13.92,8.5,1768.11,442.86,9.88,27.06,17.83,10.15,10.52,573.34,0.63,,YAHOO,-1.458,-0.8279,-1.8781,0.055599,3.2694,-3.4829,101.82,2026-10-29,31,,,yahoo,1.0,0.0,1.0,1.0,0.0,0.0,1.0,0.0,1.0,-10.5565,-10.2996,-10.8373,9.9367,61.7822,67.2519,104.77,105.1,141.67,-10.5565,-10.8373,-33.8533
GEHC,66.77999877929688,66.78,2026-09-28,False,65.95999908447266,67.0999984741211,0.23,-8.52,ALTO,30163607552.0,15.39,12.34,2.75,19.38,5.13,14.98,9.33,5.22,10.82,0.94,1.26,,YAHOO,-1.458,-0.8279,-1.8781,0.055599,3.2694,-3.4829,101.82,2026-10-28,30,,,yahoo,1.0,0.0,1.0,0.0,0.0,1.0,1.0,0.0,0.0,3.0397,3.9377,-7.121,2.7175,5.1114,38.0402,71.23,74.82,88.0324,-6.2474,-10.7458,-24.1416
GIS,33.599998474121094,33.6,2026-09-28,False,33.209999084472656,34.06999969482422,-0.12,-28.19,ALTO,17965486080.0,,10.63,2.43,-10.49,5.65,15.24,-4.89,7.25,9.12,1.82,0.7,,YAHOO,-1.458,-0.8279,-1.8781,0.055599,3.2694,-3.4829,101.82,2026-12-23,86,2026-09-15,13.0,yahoo,0.0,0.0,1.0,1.0,0.0,1.0,1.0,0.0,1.0,-5.1116,-7.8695,-11.3924,-6.0429,33.6874,31.8317,41.2,41.55,47.9468,-18.4466,-19.1336,-29.9224
GNRC,205.2100067138672,205.21,2026-09-28,False,200.7100067138672,208.36000061035156,-1.41,23.69,ALTO,12120510464.0,47.17,16.45,4.21,9.49,4.72,17.93,5.82,2.38,20.82,0.49,2.04,,YAHOO,-1.458,-0.8279,-1.8781,0.055599,3.2694,-3.4829,101.82,2026-10-28,30,,,yahoo,1.0,0.0,1.0,1.0,1.0,1.0,1.0,0.0,0.0,0.122,15.951,5.1335,-27.6946,57.3167,59.4429,208.14,257.81,295.54,-1.4077,-20.4026,-30.5644
GOOG,339.1600036621094,339.16,2026-09-28,False,336.6000061035156,340.1099853515625,-0.56,39.1,ALTO,4147904774144.0,17.03,22.46,6.66,48.68,12.96,34.03,54.77,0.55,23.36,0.19,2.72,,YAHOO,-1.458,-0.8279,-1.8781,0.055599,3.2694,-3.4829,101.82,2026-10-28,30,,,yahoo,1.0,0.0,1.0,1.0,0.0,1.0,1.0,1.0,0.0,-3.3374,-1.8946,1.0782,-3.3876,33.7802,33.8815,350.87,375.1065,398.5413,-3.3374,-9.583,-14.8997
GPC,128.1300048828125,128.13,2026-09-28,False,127.75,129.82000732421875,-1.14,-4.69,ALTO,17663971328.0,512.52,15.41,3.9,0.71,4.48,6.56,0.13,5.19,11.58,1.46,1.16,,YAHOO,-1.458,-0.8279,-1.8781,0.055599,3.2694,-3.4829,101.82,2026-10-20,22,,,yahoo,1.0,0.0,1.0,1.0,1.0,0.0,1.0,1.0,0.0,1.3286,-3.8135,-0.6559,10.1958,11.6754,26.7794,138.08,138.4126,145.181,-7.206,-7.4289,-11.7446
GPN,84.69999694824219,84.7,2026-09-28,False,83.75499725341797,85.63999938964844,-2.07,-0.68,ALTO,22413176832.0,40.14,5.29,0.97,2.43,2.33,16.11,-9.15,35.1,9.24,0.98,0.82,,YAHOO,-1.458,-0.8279,-1.8781,0.055599,3.2694,-3.4829,101.82,2026-11-03,36,,,yahoo,1.0,0.0,1.0,1.0,0.0,1.0,1.0,0.0,0.0,-0.6918,-6.0872,-3.7727,19.4317,28.2109,38.1743,92.548,94.5623,94.5623,-8.4799,-10.4294,-10.4294
GWW,1255.68994140625,1255.6899,2026-09-28,False,1236.2900390625,1257.58154296875,1.02,33.49,ALTO,59144179712.0,31.97,24.65,14.32,46.09,19.93,16.07,9.92,2.11,19.2,0.62,2.81,,YAHOO,-1.458,-0.8279,-1.8781,0.055599,3.2694,-3.4829,101.82,2026-11-04,37,,,yahoo,1.0,0.0,1.0,1.0,0.0,1.0,1.0,0.0,1.0,-1.7296,-1.708,-7.416,-7.0309,28.088,21.6161,1324.49,1399.2974,1399.2974,-5.1945,-10.2628,-10.2628
HAS,89.44999694824219,89.45,2026-09-28,False,87.33999633789062,90.5999984741211,1.54,19.93,ALTO,12616426496.0,15.92,13.73,17.92,159.56,13.08,22.16,15.97,5.45,11.65,5.31,1.66,,YAHOO,-1.458,-0.8279,-1.8781,0.055599,3.2694,-3.4829,101.82,2026-10-22,24,,,yahoo,0.0,0.0,1.0,1.0,1.0,0.0,0.0,0.0,1.0,1.9722,-1.4434,-5.3051,6.7281,15.2316,30.884,94.1,96.74,103.5827,-4.9416,-7.5357,-13.6438
HBAN,15.300000190734863,15.3,2026-09-28,False,15.279999732971191,15.59000015258789,-2.17,-8.49,ALTO,30912348160.0,11.77,8.62,1.04,9.0,0.98,41.93,26.13,,,,,,YAHOO,-1.458,-0.8279,-1.8781,0.055599,3.2694,-3.4829,101.82,2026-10-22,24,,,yahoo,1.0,1.0,1.0,1.0,1.0,0.0,0.0,0.0,0.0,-4.6135,-7.8629,-8.2459,-13.2919,31.7263,25.5081,16.8928,18.3782,18.72,-9.4291,-16.749,-18.2691
HCA,432.6000061035156,432.6,2026-09-28,False,431.1600036621094,443.1449890136719,-0.69,3.42,ALTO,93658554368.0,14.5,13.51,-14.2,,12.29,15.16,8.77,3.99,9.37,,0.99,,YAHOO,-1.458,-0.8279,-1.8781,0.055599,3.2694,-3.4829,101.82,2026-10-23,25,,,yahoo,1.0,1.0,1.0,1.0,0.0,0.0,1.0,1.0,1.0,1.5564,1.8585,6.1781,10.4676,38.1705,36.7882,438.12,438.12,542.2319,-1.2599,-1.2599,-20.2186
HIG,126.04000091552734,126.04,2026-09-28,False,123.83000183105469,126.33000183105469,1.46,-3.05,ALTO,34140706816.0,8.7,9.21,1.77,22.06,3.85,17.61,14.89,16.13,6.24,0.22,1.77,,YAHOO,-1.458,-0.8279,-1.8781,0.055599,3.2694,-3.4829,101.82,2026-10-26,28,,,yahoo,1.0,1.0,1.0,1.0,1.0,0.0,1.0,0.0,1.0,-3.5875,-8.3945,-13.1021,-5.1668,21.8076,19.6067,140.0,145.0437,145.0437,-9.9714,-13.1021,-13.1021
HII,257.04998779296875,257.05,2026-09-28,False,256.80999755859375,262.5050048828125,-2.64,-6.57,ALTO,10128952320.0,15.31,12.34,1.91,12.97,4.28,7.08,5.01,-2.96,11.16,0.55,1.23,,YAHOO,-1.458,-0.8279,-1.8781,0.055599,3.2694,-3.4829,101.82,2026-10-29,31,,,yahoo,1.0,1.0,1.0,1.0,1.0,1.0,0.0,1.0,1.0,-6.8997,-8.1997,-7.8999,-6.9005,15.5605,39.9488,292.42,329.2744,449.6816,-12.0956,-21.9344,-42.8373
HLT,320.2799987792969,320.28,2026-09-28,False,311.239990234375,321.7149963378906,2.01,22.29,ALTO,72083791872.0,47.03,30.63,-11.47,,11.03,62.99,31.03,1.93,27.57,,0.65,,YAHOO,-1.458,-0.8279,-1.8781,0.055599,3.2694,-3.4829,101.82,2026-10-28,30,,,yahoo,1.0,0.0,1.0,1.0,0.0,0.0,1.0,1.0,1.0,4.2986,3.1165,-0.4023,-3.6429,17.129,22.9691,320.28,340.9648,350.0606,0.0,-6.0665,-8.5073
HPE,62.630001068115234,62.63,2026-09-28,False,61.0,63.349998474121094,-0.49,164.06,ALTO,83139125248.0,32.28,13.62,3.14,10.94,2.64,12.56,6.67,5.7,14.12,0.76,1.11,,YAHOO,-1.458,-0.8279,-1.8781,0.055599,3.2694,-3.4829,101.82,2026-12-02,65,2026-09-02,26.0,finnhub,1.0,0.0,1.0,1.0,0.0,0.0,0.0,0.0,1.0,1.4251,13.316,41.2881,41.3835,25.141,66.0432,63.52,63.52,63.52,-1.4011,-1.4011,-1.4011
HRL,19.969999313354492,19.97,2026-09-28,False,19.565000534057617,19.985000610351562,1.32,-14.76,ALTO,10990504960.0,32.21,12.85,1.4,4.29,4.63,8.62,2.82,5.66,10.27,0.36,1.88,,YAHOO,-1.458,-0.8279,-1.8781,0.055599,3.2694,-3.4829,101.82,2026-12-02,65,2026-08-27,32.0,finnhub,1.0,0.0,1.0,1.0,0.0,1.0,0.0,0.0,1.0,-2.3949,-4.7233,-22.5969,-23.1872,21.7436,28.1582,22.05,26.05,26.1959,-9.4331,-23.3397,-23.7667
HSIC,85.98999786376953,85.99,2026-09-28,False,85.37000274658203,86.77999877929688,-0.44,30.13,ALTO,9583288320.0,25.07,14.36,3.05,8.85,4.39,5.76,2.96,4.65,13.71,0.81,1.32,,YAHOO,-1.458,-0.8279,-1.8781,0.055599,3.2694,-3.4829,101.82,2026-11-03,36,,,yahoo,1.0,0.0,1.0,1.0,0.0,0.0,1.0,0.0,0.0,0.9272,-3.306,0.1864,2.0168,26.2998,20.0345,90.86,90.86,90.86,-5.3599,-5.3599,-5.3599
HUBB,465.7200012207031,465.72,2026-09-28,False,460.30999755859375,472.3450012207031,-0.19,10.48,ALTO,24605186048.0,27.57,20.32,6.29,24.44,8.43,21.67,14.49,2.02,19.65,1.42,1.61,,YAHOO,-1.458,-0.8279,-1.8781,0.055599,3.2694,-3.4829,101.82,2026-10-27,29,,,yahoo,1.0,0.0,1.0,1.0,0.0,0.0,1.0,1.0,0.0,1.7989,5.276,1.3457,-9.2376,8.4469,30.2834,466.62,518.0148,554.4603,-0.1929,-10.0952,-16.0048
HUM,389.6300048828125,389.63,2026-09-28,False,389.24749755859375,408.19000244140625,-2.09,54.26,ALTO,46786887680.0,36.83,23.48,2.44,6.89,3.9,3.46,0.88,4.15,10.49,0.76,1.74,,YAHOO,-1.458,-0.8279,-1.8781,0.055599,3.2694,-3.4829,101.82,2026-11-06,39,,,yahoo,1.0,0.0,1.0,0.0,0.0,0.0,1.0,0.0,1.0,2.9188,-4.2725,6.6282,0.1877,43.8067,34.102,409.8,409.8,409.8,-4.9219,-4.9219,-4.9219
ICE,152.91000366210938,152.91,2026-09-28,False,152.50999450683594,155.4550018310547,-0.91,-7.82,ALTO,85842837504.0,21.6,17.37,2.9,14.09,2.17,52.63,38.25,4.23,15.7,0.69,1.01,,YAHOO,-1.458,-0.8279,-1.8781,0.055599,3.2694,-3.4829,101.82,2026-10-29,31,,,yahoo,1.0,1.0,1.0,1.0,0.0,1.0,1.0,1.0,1.0,-1.5833,-2.7458,-0.5584,24.8218,27.1093,22.2339,164.0445,164.0445,173.314,-6.7875,-6.7875,-11.7729
IDXX,529.0599975585938,529.06,2026-09-28,False,515.3427734375,530.1500244140625,1.89,-16.16,ALTO,41679937536.0,37.18,31.61,25.88,74.21,27.08,34.98,25.03,2.18,26.26,0.68,1.17,,YAHOO,-1.458,-0.8279,-1.8781,0.055599,3.2694,-3.4829,101.82,2026-11-02,35,,,yahoo,1.0,1.0,1.0,1.0,1.0,0.0,1.0,1.0,1.0,2.6703,3.8268,-7.145,-1.2819,24.3639,27.2365,556.69,595.76,766.68,-4.9633,-11.1958,-30.9934
IEX,231.14999389648438,231.15,2026-09-28,False,228.9499969482422,232.4425048828125,0.47,44.58,ALTO,17040353280.0,33.26,24.01,4.27,12.96,6.84,22.17,14.49,3.26,18.91,0.47,3.05,,YAHOO,-1.458,-0.8279,-1.8781,0.055599,3.2694,-3.4829,101.82,2026-10-28,30,,,yahoo,1.0,0.0,1.0,1.0,1.0,1.0,1.0,1.0,1.0,3.8736,4.056,0.7102,2.6316,14.8098,18.6345,231.15,240.52,240.52,0.0,-3.8957,-3.8957
INCY,124.81999969482422,124.82,2026-09-28,False,122.52950286865234,126.11000061035156,0.75,48.73,ALTO,25300731904.0,15.9,14.05,3.95,30.67,16.83,41.9,27.71,4.67,10.71,0.01,4.59,,YAHOO,-1.458,-0.8279,-1.8781,0.055599,3.2694,-3.4829,101.82,2026-10-27,29,,,yahoo,1.0,1.0,1.0,1.0,1.0,1.0,0.0,1.0,0.0,0.1364,2.1524,-1.7939,8.861,16.785,31.3859,128.83,129.93,129.93,-3.1126,-3.9329,-3.9329
INTU,269.3999938964844,269.4,2026-09-28,False,262.32000732421875,272.1400146484375,-2.32,-60.84,ALTO,71993376768.0,16.37,9.95,3.81,23.6,10.47,17.64,21.29,8.83,10.69,0.44,1.51,,YAHOO,-1.458,-0.8279,-1.8781,0.055599,3.2694,-3.4829,101.82,2026-11-19,52,,,yahoo,1.0,1.0,1.0,1.0,0.0,1.0,1.0,1.0,1.0,-11.4165,-20.5661,-19.1307,1.5741,18.9848,47.3519,359.3,369.92,690.5028,-25.0209,-27.1734,-60.985
INVH,26.540000915527344,26.54,2026-09-28,False,26.360000610351562,26.729999542236328,-0.3,-4.51,ALTO,15675141120.0,24.35,37.33,1.73,7.05,2.48,25.11,23.2,7.46,16.12,0.94,0.43,,YAHOO,-1.458,-0.8279,-1.8781,0.055599,3.2694,-3.4829,101.82,2026-10-28,30,,,yahoo,1.0,1.0,1.0,1.0,0.0,1.0,1.0,0.0,1.0,-0.89,-2.722,-10.8635,-12.2622,8.3225,16.37,28.8154,30.1602,30.2492,-7.8964,-12.0033,-12.2622
IQV,270.9700012207031,270.97,2026-09-28,False,265.9721984863281,272.75,0.22,49.88,ALTO,44601663488.0,33.74,18.74,7.23,22.82,5.06,13.03,8.1,4.82,19.33,2.58,0.71,,YAHOO,-1.458,-0.8279,-1.8781,0.055599,3.2694,-3.4829,101.82,2026-11-03,36,,,yahoo,1.0,0.0,1.0,1.0,1.0,0.0,1.0,0.0,0.0,0.4039,1.995,9.4563,40.1956,29.9786,39.7388,275.02,275.02,275.02,-1.4726,-1.4726,-1.4726
IR,76.37999725341797,76.38,2026-09-28,False,75.62000274658203,77.54000091552734,0.39,-7.44,ALTO,29635395584.0,31.56,19.5,2.91,9.47,5.1,16.88,12.08,3.74,16.59,0.48,1.62,,YAHOO,-1.458,-0.8279,-1.8781,0.055599,3.2694,-3.4829,101.82,2026-10-29,31,,,yahoo,1.0,0.0,1.0,1.0,1.0,0.0,1.0,0.0,1.0,5.6285,5.8921,-9.7057,-5.6582,34.3733,31.0699,77.05,89.9788,98.6875,-0.8696,-15.1133,-22.6042
IRM,111.05000305175781,111.05,2026-09-28,False,109.6500015258789,112.26499938964844,-0.3,14.33,ALTO,33059899392.0,78.76,40.68,-25.81,,4.63,19.06,5.54,-1.32,20.85,,0.73,,YAHOO,-1.458,-0.8279,-1.8781,0.055599,3.2694,-3.4829,101.82,2026-11-04,37,,,yahoo,1.0,0.0,1.0,1.0,0.0,1.0,0.0,0.0,0.0,-4.9961,-0.1313,-7.3185,-13.8933,17.7777,29.2188,118.13,128.8984,132.0341,-5.9934,-13.8469,-15.8929
IT,185.72999572753906,185.73,2026-09-28,False,182.63999938964844,187.00999450683594,-1.15,-28.95,ALTO,11728659456.0,16.7,11.35,-71.49,113.58,10.17,22.62,12.0,8.97,9.8,,0.88,,YAHOO,-1.458,-0.8279,-1.8781,0.055599,3.2694,-3.4829,101.82,2026-11-03,36,,,yahoo,1.0,0.0,1.0,1.0,0.0,0.0,1.0,1.0,1.0,1.3146,-5.7543,12.1219,39.8675,41.543,74.0958,198.11,202.78,264.09,-6.2491,-8.4081,-29.6717
ITW,273.8299865722656,273.83,2026-09-28,False,271.9100036621094,275.32000732421875,-0.18,7.35,ALTO,77986783232.0,24.83,22.08,26.95,104.62,16.92,26.9,19.39,3.12,18.07,3.35,1.11,,YAHOO,-1.458,-0.8279,-1.8781,0.055599,3.2694,-3.4829,101.82,2026-10-23,25,,,yahoo,1.0,0.0,1.0,1.0,1.0,0.0,1.0,0.0,0.0,2.3587,1.7804,-6.3669,2.9978,12.4013,20.9061,275.37,297.32,297.32,-0.5593,-7.9006,-7.9006
IVZ,30.43000030517578,30.43,2026-09-28,False,29.610000610351562,30.600000381469727,-1.58,36.45,ALTO,13434838016.0,,9.33,1.35,-0.57,2.92,19.95,-0.93,8.49,12.22,0.12,0.71,,YAHOO,-1.458,-0.8279,-1.8781,0.055599,3.2694,-3.4829,101.82,2026-10-27,29,,,yahoo,0.0,0.0,1.0,1.0,0.0,1.0,1.0,1.0,1.0,-3.0274,-3.4275,9.1326,16.4773,15.4184,33.3007,33.07,33.31,33.31,-7.9831,-8.6461,-8.6461
JBHT,226.07000732421875,226.07,2026-09-28,False,223.87399291992188,228.99000549316406,0.27,69.02,ALTO,21231349760.0,32.16,22.57,5.81,18.45,7.38,7.42,5.31,4.25,13.52,0.38,1.25,,YAHOO,-1.458,-0.8279,-1.8781,0.055599,3.2694,-3.4829,101.82,2026-10-15,17,,,yahoo,1.0,1.0,1.0,1.0,1.0,0.0,1.0,1.0,1.0,-4.2766,-17.7897,-17.994,-21.341,17.4397,42.121,274.99,297.9075,297.9075,-17.7897,-24.114,-24.114
JBL,318.92999267578125,318.93,2026-09-28,False,309.760009765625,323.0,0.69,48.79,ALTO,33419745280.0,39.97,18.89,25.27,65.88,5.01,5.21,2.57,3.63,15.02,2.97,0.98,,YAHOO,-1.458,-0.8279,-1.8781,0.055599,3.2694,-3.4829,101.82,2026-09-30,2,,,yahoo,1.0,0.0,1.0,1.0,1.0,0.0,1.0,0.0,0.0,5.0252,6.7655,11.0952,-14.6103,13.3514,47.0626,318.93,370.28,385.5467,0.0,-13.8679,-17.2785
JKHY,147.82000732421875,147.82,2026-09-28,False,146.18499755859375,148.66000366210938,0.02,-0.79,ALTO,10364046336.0,21.18,18.82,5.05,24.04,12.99,22.5,19.76,3.4,14.85,0.04,1.17,,YAHOO,-1.458,-0.8279,-1.8781,0.055599,3.2694,-3.4829,101.82,2026-11-03,36,,,yahoo,1.0,1.0,1.0,1.0,0.0,0.0,1.0,1.0,1.0,-2.4677,-10.1671,-7.9383,8.504,4.4507,33.59,167.76,172.991,190.3516,-11.886,-14.5505,-22.3437
KEY,20.399999618530273,20.4,2026-09-28,False,20.351999282836914,20.56999969482422,-1.02,12.44,ALTO,21769422848.0,11.93,9.55,1.26,10.33,1.08,34.71,27.54,,,,,,YAHOO,-1.458,-0.8279,-1.8781,0.055599,3.2694,-3.4829,101.82,2026-10-20,22,,,yahoo,1.0,1.0,1.0,1.0,1.0,0.0,1.0,0.0,1.0,-2.252,-6.9767,-7.1444,-11.0351,21.5749,21.6263,22.18,23.7624,23.7624,-8.0253,-14.1502,-14.1502
KEYS,359.739990234375,359.74,2026-09-28,False,355.32501220703125,364.19000244140625,-0.67,107.55,ALTO,61243846656.0,48.68,25.93,9.32,20.9,7.23,25.68,19.14,3.05,36.16,0.42,2.02,,YAHOO,-1.458,-0.8279,-1.8781,0.055599,3.2694,-3.4829,101.82,2026-11-24,57,,,yahoo,1.0,1.0,1.0,1.0,0.0,0.0,1.0,0.0,0.0,5.1779,14.2177,21.2389,5.7654,16.8638,39.7712,362.15,362.15,373.34,-0.6655,-0.6655,-3.6428
KHC,23.559999465942383,23.56,2026-09-28,False,23.451799392700195,23.780000686645508,-0.3,-2.11,ALTO,27938007040.0,,11.29,0.78,-8.76,3.63,15.49,-13.64,11.63,8.08,0.53,1.06,,YAHOO,-1.458,-0.8279,-1.8781,0.055599,3.2694,-3.4829,101.82,2026-10-28,30,,,yahoo,0.0,0.0,1.0,1.0,0.0,1.0,1.0,0.0,1.0,-3.3238,-2.9254,-13.3358,-1.0473,9.265,28.3013,25.8468,27.1854,27.1854,-8.8475,-13.3358,-13.3358
KIM,22.489999771118164,22.49,2026-09-28,False,22.354999542236328,22.625,0.22,8.68,ALTO,15086053376.0,26.15,25.56,1.47,5.81,2.37,36.56,27.76,5.78,17.57,0.85,0.97,,YAHOO,-1.458,-0.8279,-1.8781,0.055599,3.2694,-3.4829,101.82,2026-10-29,31,,,yahoo,1.0,1.0,1.0,1.0,1.0,0.0,1.0,1.0,1.0,-0.2218,-3.1438,-12.5091,-11.8994,16.0557,15.3051,23.8377,26.0712,26.0712,-5.6535,-13.7362,-13.7362
KMI,30.6299991607666,30.63,2026-09-28,False,30.540000915527344,30.825000762939453,-0.39,12.25,ALTO,68206948352.0,19.76,19.83,2.15,10.99,4.45,30.06,19.3,1.58,13.33,0.99,0.46,,YAHOO,-1.458,-0.8279,-1.8781,0.055599,3.2694,-3.4829,101.82,2026-10-28,30,,,yahoo,1.0,1.0,1.0,1.0,0.0,1.0,0.0,0.0,1.0,-3.4363,-1.0659,-2.9316,-4.1949,12.6572,21.1135,32.24,32.87,33.9923,-4.9938,-6.8147,-9.8913
KR,59.689998626708984,59.69,2026-09-28,False,58.5,60.27000045776367,1.62,-8.17,ALTO,35252236288.0,32.26,10.85,6.09,14.44,5.8,2.98,0.73,7.19,7.18,4.13,0.7,,YAHOO,-1.458,-0.8279,-1.8781,0.055599,3.2694,-3.4829,101.82,2026-12-03,66,2026-09-11,17.0,yahoo,1.0,0.0,1.0,1.0,1.0,0.0,1.0,1.0,1.0,0.0,-2.003,0.3834,7.4934,27.7187,26.8319,62.25,62.25,74.6913,-4.1125,-4.1125,-20.0845
KVUE,17.8799991607666,17.88,2026-09-28,False,17.649999618530273,17.899999618530273,0.45,16.0,ALTO,34343428096.0,21.04,14.42,3.25,15.58,6.99,19.42,10.76,5.55,12.02,0.82,1.0,,YAHOO,-1.458,-0.8279,-1.8781,0.055599,3.2694,-3.4829,101.82,2026-11-05,38,,,yahoo,1.0,1.0,1.0,1.0,1.0,0.0,0.0,1.0,0.0,1.1884,1.0237,-7.5542,-4.0639,14.8045,20.5779,18.9044,19.3411,19.3802,-5.419,-7.5542,-7.7407
L,104.94999694824219,104.95,2026-09-28,False,104.58499908447266,105.4800033569336,0.12,5.48,ALTO,21454688256.0,12.88,36.19,1.12,9.31,1.91,14.53,9.02,5.88,7.7,0.45,0.51,,YAHOO,-1.458,-0.8279,-1.8781,0.055599,3.2694,-3.4829,101.82,2026-11-02,35,,,yahoo,1.0,1.0,1.0,1.0,1.0,0.0,1.0,0.0,1.0,-1.6862,-3.8919,-11.7128,-7.6358,6.7476,12.707,110.04,119.3331,119.3331,-4.6256,-12.0529,-12.0529
LDOS,122.3499984741211,122.35,2026-09-28,False,121.11000061035156,122.8511962890625,-1.02,-33.38,ALTO,15353971712.0,11.43,9.6,2.91,27.78,8.91,11.72,7.8,7.47,8.91,1.23,1.63,,YAHOO,-1.458,-0.8279,-1.8781,0.055599,3.2694,-3.4829,101.82,2026-11-03,36,,,yahoo,1.0,1.0,1.0,1.0,0.0,1.0,1.0,1.0,0.0,-4.5855,-7.5906,7.3248,22.2096,16.7622,38.2592,139.7561,145.8363,197.2656,-12.4546,-16.1046,-37.977
LH,309.57000732421875,309.57,2026-09-28,False,307.25,312.5400085449219,-0.02,10.53,ALTO,25106126848.0,25.63,15.6,2.91,11.73,5.53,12.24,6.99,3.55,13.71,0.79,1.8,,YAHOO,-1.458,-0.8279,-1.8781,0.055599,3.2694,-3.4829,101.82,2026-10-27,29,,,yahoo,1.0,1.0,1.0,1.0,1.0,0.0,1.0,1.0,1.0,-3.5577,-1.8204,1.004,10.9642,26.7599,25.5024,332.66,338.614,338.614,-6.941,-8.5773,-8.5773
LII,368.4100036621094,368.41,2026-09-28,False,363.8699951171875,373.4737854003906,-1.43,-28.56,ALTO,12732498944.0,16.37,14.11,9.81,71.76,15.99,22.86,14.87,2.18,12.56,1.56,1.57,,YAHOO,-1.458,-0.8279,-1.8781,0.055599,3.2694,-3.4829,101.82,2026-10-28,30,,,yahoo,1.0,0.0,1.0,0.0,0.0,1.0,1.0,1.0,0.0,1.3117,0.7934,-14.3272,-35.0785,22.5597,51.3534,390.53,568.0,572.95,-5.6641,-35.1391,-35.6995
LNT,63.209999084472656,63.21,2026-09-28,False,62.775001525878906,63.810001373291016,-0.61,-2.46,ALTO,16389386240.0,20.0,17.15,2.18,11.13,2.45,19.05,18.45,-6.95,15.57,1.61,0.47,,YAHOO,-1.458,-0.8279,-1.8781,0.055599,3.2694,-3.4829,101.82,2026-11-05,38,,,yahoo,1.0,1.0,1.0,1.0,0.0,1.0,0.0,1.0,0.0,-2.7089,-5.5439,-11.5407,-17.4778,12.3406,16.1028,68.61,77.064,77.4411,-7.8706,-17.9773,-18.3767
LOW,187.66000366210938,187.66,2026-09-28,False,186.3000030517578,189.69000244140625,-0.86,-24.46,ALTO,105287401472.0,15.86,14.43,-14.16,,12.52,13.36,7.35,4.38,11.32,,1.1,,YAHOO,-1.458,-0.8279,-1.8781,0.055599,3.2694,-3.4829,101.82,2026-11-18,51,,,yahoo,1.0,0.0,1.0,1.0,1.0,0.0,0.0,1.0,0.0,-1.7384,-5.3035,-12.9915,-14.0361,18.8612,26.1803,204.7,223.35,284.2603,-8.3244,-15.9794,-33.983
LULU,100.58000183105469,100.58,2026-09-28,False,98.41000366210938,102.0250015258789,-0.71,-43.9,ALTO,11135214592.0,8.28,11.63,2.34,30.9,14.4,13.21,12.78,10.31,4.99,0.45,2.19,,YAHOO,-1.458,-0.8279,-1.8781,0.055599,3.2694,-3.4829,101.82,2026-12-09,72,2026-09-03,25.0,finnhub,1.0,0.0,1.0,1.0,0.0,1.0,1.0,0.0,0.0,-0.7108,0.2792,-15.5003,-11.9958,7.1474,50.7246,121.77,128.58,215.88,-17.4017,-21.7763,-53.4093
LUV,42.279998779296875,42.28,2026-09-28,False,41.29999923706055,42.95500183105469,-0.94,31.3,ALTO,20683722752.0,26.43,8.94,2.92,11.1,2.32,3.38,2.78,-4.04,10.17,0.97,0.49,,YAHOO,-1.458,-0.8279,-1.8781,0.055599,3.2694,-3.4829,101.82,2026-10-21,23,,,yahoo,1.0,1.0,1.0,1.0,0.0,0.0,1.0,1.0,1.0,1.221,6.9838,-4.2856,-17.6782,36.489,35.0138,42.68,50.5731,54.0738,-0.9372,-16.3983,-21.8106
LW,43.18000030517578,43.18,2026-09-28,False,42.52000045776367,43.79999923706055,-0.92,-20.1,ALTO,5936522752.0,20.76,12.8,3.25,16.28,6.03,9.77,4.39,7.63,8.97,2.21,1.42,,YAHOO,-1.458,-0.8279,-1.8781,0.055599,3.2694,-3.4829,101.82,2026-10-06,8,,,yahoo,1.0,0.0,1.0,1.0,1.0,1.0,1.0,0.0,1.0,-8.6911,-10.5263,-19.4191,-1.3884,12.8509,30.4525,54.53,55.36,64.5724,-20.8142,-22.0014,-33.1293
LYB,58.27000045776367,58.27,2026-09-28,False,58.15999984741211,59.68000030517578,0.22,26.15,ALTO,18823421952.0,,9.24,1.76,-2.27,4.11,17.92,-1.13,6.52,8.58,1.33,1.64,,YAHOO,-1.458,-0.8279,-1.8781,0.055599,3.2694,-3.4829,101.82,2026-10-30,32,,,yahoo,0.0,0.0,1.0,1.0,0.0,0.0,1.0,0.0,0.0,-3.2703,-7.1394,-2.6756,9.794,32.4749,35.2577,66.57,67.4042,80.6941,-12.4681,-13.5513,-27.7891
LYV,171.88999938964844,171.89,2026-09-28,False,170.7100067138672,173.92999267578125,0.6,4.52,ALTO,40043409408.0,,92.33,481.48,17.68,2.1,6.7,0.51,4.23,28.37,6.2,0.85,,YAHOO,-1.458,-0.8279,-1.8781,0.055599,3.2694,-3.4829,101.82,2026-11-03,36,,,yahoo,1.0,0.0,1.0,1.0,0.0,1.0,0.0,1.0,0.0,1.6018,0.2332,-6.7993,-5.8447,11.8528,23.6699,179.89,188.46,188.46,-4.4472,-8.7923,-8.7923
MAA,118.33999633789062,118.34,2026-09-28,False,117.2300033569336,118.75,-0.01,-10.63,ALTO,14078174208.0,34.6,36.08,2.53,7.05,3.13,25.36,18.17,6.54,15.79,1.02,0.05,,YAHOO,-1.458,-0.8279,-1.8781,0.055599,3.2694,-3.4829,101.82,2026-10-28,30,,,yahoo,1.0,0.0,1.0,1.0,1.0,1.0,1.0,0.0,0.0,-0.4375,-5.7803,-13.8594,-14.8879,13.8052,17.9376,129.36,140.0881,140.5626,-8.5189,-15.5246,-15.8098
MAR,358.57000732421875,358.57,2026-09-28,False,349.67999267578125,359.6300048828125,1.86,35.45,ALTO,93502971904.0,37.16,27.25,-20.75,,9.76,65.28,35.03,2.2,23.02,,0.54,,YAHOO,-1.458,-0.8279,-1.8781,0.055599,3.2694,-3.4829,101.82,2026-11-03,36,,,yahoo,1.0,1.0,1.0,1.0,0.0,1.0,1.0,1.0,0.0,4.6431,5.3193,-5.7256,-4.1563,13.8961,26.7074,358.57,382.7422,401.7236,0.0,-6.3155,-10.7421
MAS,68.36000061035156,68.36,2026-09-28,False,67.66000366210938,69.06999969482422,-0.71,-0.64,ALTO,13479732224.0,15.75,14.68,-36.93,5862.5,15.86,23.64,11.61,6.66,11.06,,1.86,,YAHOO,-1.458,-0.8279,-1.8781,0.055599,3.2694,-3.4829,101.82,2026-10-28,30,,,yahoo,1.0,0.0,1.0,1.0,1.0,1.0,1.0,0.0,0.0,0.9153,-1.5128,-5.3752,-14.7083,32.6072,37.7989,72.7,81.2537,82.4086,-5.9697,-15.8684,-17.0475
MCHP,77.97000122070312,77.97,2026-09-28,False,75.92500305175781,78.25070190429688,-0.91,24.82,ALTO,42338390016.0,114.66,17.01,6.56,7.19,3.54,23.96,9.34,3.22,31.52,0.84,1.92,,YAHOO,-1.458,-0.8279,-1.8781,0.055599,3.2694,-3.4829,101.82,2026-11-05,38,,,yahoo,1.0,1.0,1.0,1.0,0.0,0.0,0.0,1.0,1.0,4.2658,9.0795,9.9049,-11.9255,49.1271,53.2837,78.69,88.0602,102.0957,-0.915,-11.4583,-23.6305
MCK,856.2899780273438,856.29,2026-09-28,False,855.6500244140625,871.1950073242188,-1.19,12.78,ALTO,99835158528.0,22.98,16.97,-23.43,,4.74,1.35,1.12,6.81,15.47,,0.89,,YAHOO,-1.458,-0.8279,-1.8781,0.055599,3.2694,-3.4829,101.82,2026-11-04,37,,,yahoo,1.0,1.0,1.0,1.0,0.0,0.0,1.0,0.0,1.0,-3.4045,-6.0003,-3.5293,14.671,7.2264,32.0644,924.78,924.78,993.5342,-7.4061,-7.4061,-13.8137
MCO,460.0799865722656,460.08,2026-09-28,False,458.260009765625,464.06500244140625,-1.84,-3.54,ALTO,79677112320.0,29.57,24.31,26.34,76.93,15.62,49.47,34.25,3.24,21.2,2.41,1.19,,YAHOO,-1.458,-0.8279,-1.8781,0.055599,3.2694,-3.4829,101.82,2026-10-21,23,,,yahoo,1.0,1.0,1.0,1.0,0.0,1.0,1.0,1.0,1.0,-1.5282,-3.7349,-4.5914,1.8382,21.2306,24.5533,504.64,517.9255,536.0317,-8.8301,-11.1687,-14.1693
MET,95.81999969482422,95.82,2026-09-28,False,95.38999938964844,97.91500091552734,-1.92,20.03,ALTO,60891398144.0,18.36,8.76,2.23,13.09,0.45,5.52,4.57,-34.41,13.97,1.8,2.03,,YAHOO,-1.458,-0.8279,-1.8781,0.055599,3.2694,-3.4829,101.82,2026-11-09,42,,,yahoo,1.0,0.0,1.0,1.0,1.0,0.0,1.0,0.0,0.0,-0.8485,-1.9744,-0.625,12.1219,21.8792,20.0187,99.23,99.95,99.95,-3.4365,-4.1321,-4.1321
MGM,31.860000610351562,31.86,2026-09-28,False,31.719999313354492,32.880001068115234,-2.21,-12.84,ALTO,8151420416.0,19.31,15.42,3.19,18.92,1.77,6.79,2.4,10.78,16.21,8.93,1.33,,YAHOO,-1.458,-0.8279,-1.8781,0.055599,3.2694,-3.4829,101.82,2026-10-28,30,,,yahoo,1.0,0.0,1.0,1.0,1.0,0.0,1.0,0.0,1.0,-17.7382,-20.01,-30.4822,-35.8825,65.9081,29.752,41.44,47.24,50.69,-23.1178,-32.5572,-37.1474
MKC,48.459999084472656,48.46,2026-09-28,False,47.65999984741211,48.650001525878906,1.08,-25.17,ALTO,13028545536.0,8.06,14.7,1.86,24.73,5.14,17.42,21.91,5.48,12.54,0.65,0.78,,YAHOO,-1.458,-0.8279,-1.8781,0.055599,3.2694,-3.4829,101.82,2026-10-01,3,,,yahoo,1.0,0.0,1.0,1.0,1.0,0.0,0.0,0.0,1.0,-0.8795,-3.8301,-6.7898,-6.0716,25.0287,25.4774,54.26,56.48,70.3792,-10.6893,-14.1997,-31.1445
MLM,490.7699890136719,490.77,2026-09-28,False,476.82000732421875,493.70989990234375,1.34,-20.62,ALTO,34854182912.0,31.87,22.99,2.55,8.89,4.57,20.18,36.74,1.7,16.8,0.55,1.41,,YAHOO,-1.458,-0.8279,-1.8781,0.055599,3.2694,-3.4829,101.82,2026-11-03,36,,,yahoo,1.0,0.0,1.0,1.0,1.0,1.0,1.0,1.0,1.0,-1.7812,-2.0263,-13.7089,-15.4266,28.2007,28.924,517.86,604.3197,705.0884,-5.2311,-18.7897,-30.396
MNST,41.86000061035156,41.86,2026-09-28,False,41.220001220703125,42.19499969482422,-2.9,24.97,ALTO,82005909504.0,38.76,31.97,8.76,25.7,17.48,29.18,23.08,2.05,26.82,0.01,3.73,,YAHOO,-1.458,-0.8279,-1.8781,0.055599,3.2694,-3.4829,101.82,2026-11-05,38,,,yahoo,1.0,0.0,1.0,1.0,0.0,1.0,0.0,1.0,0.0,-4.8636,-5.2941,-13.8949,-14.2565,29.7396,25.5826,45.92,49.97,49.97,-8.8415,-16.2297,-16.2297
MOH,189.63999938964844,189.64,2026-09-28,False,187.15499877929688,192.0500030517578,-0.64,-1.78,ALTO,9899207680.0,1264.27,19.46,2.36,-0.16,1.16,1.4,-0.02,7.07,12.66,0.95,1.68,,YAHOO,-1.458,-0.8279,-1.8781,0.055599,3.2694,-3.4829,101.82,2026-10-21,23,,,yahoo,1.0,0.0,0.0,0.0,0.0,1.0,1.0,0.0,1.0,-4.1254,-11.4122,-4.7131,-17.3826,24.4189,39.0781,214.07,242.88,242.88,-11.4122,-21.9203,-21.9203
MPC,389.44000244140625,389.44,2026-09-28,False,387.0950012207031,398.2250061035156,-1.04,101.47,ALTO,109364396032.0,13.5,8.26,5.78,42.1,8.74,13.56,5.55,8.46,9.26,1.33,1.25,,YAHOO,-1.458,-0.8279,-1.8781,0.055599,3.2694,-3.4829,101.82,2026-11-03,36,,,yahoo,1.0,1.0,1.0,1.0,0.0,1.0,1.0,1.0,0.0,-3.2159,-1.7682,26.4921,50.6467,13.1404,35.4214,424.89,424.89,424.89,-8.3433,-8.3433,-8.3433
MPWR,1351.199951171875,1351.2,2026-09-28,False,1320.9100341796875,1359.760009765625,-1.19,53.41,ALTO,66402017280.0,82.34,38.75,17.05,21.98,13.57,30.99,24.5,0.67,64.99,0.0,4.97,,YAHOO,-1.458,-0.8279,-1.8781,0.055599,3.2694,-3.4829,101.82,2026-10-29,31,,,yahoo,1.0,0.0,1.0,1.0,0.0,1.0,0.0,0.0,1.0,5.7542,18.1904,8.2033,3.0844,31.0692,53.7107,1380.62,1426.03,1687.3154,-2.1309,-5.2474,-19.9201
MSCI,542.719970703125,542.72,2026-09-28,False,540.4400024414062,546.9998168945312,-1.57,-3.29,ALTO,39455739904.0,29.64,24.12,-14.67,,21.13,56.3,40.73,3.03,23.26,,0.89,,YAHOO,-1.458,-0.8279,-1.8781,0.055599,3.2694,-3.4829,101.82,2026-10-20,22,,,yahoo,1.0,1.0,1.0,1.0,0.0,1.0,1.0,1.0,1.0,-2.9071,-1.9742,-6.5633,-2.3905,19.2674,31.1125,574.65,634.9691,641.5356,-5.5564,-14.5281,-15.403
MTB,220.44000244140625,220.44,2026-09-28,False,220.0749969482422,222.0,-0.34,14.29,ALTO,31835119616.0,11.67,10.45,1.25,10.74,1.41,45.11,32.09,,,,,,YAHOO,-1.458,-0.8279,-1.8781,0.055599,3.2694,-3.4829,101.82,2026-10-16,18,,,yahoo,1.0,1.0,1.0,1.0,1.0,0.0,1.0,0.0,1.0,-2.8728,-7.308,-11.372,-7.2481,18.6661,20.2856,240.06,252.4608,252.4608,-8.173,-12.6835,-12.6835
MTCH,39.5099983215332,39.51,2026-09-28,False,39.2400016784668,40.0,-2.56,10.7,ALTO,9216360448.0,14.01,8.63,-38.32,,17.36,28.77,20.17,10.1,10.22,,1.72,,YAHOO,-1.458,-0.8279,-1.8781,0.055599,3.2694,-3.4829,101.82,2026-11-03,36,,,yahoo,1.0,1.0,1.0,1.0,1.0,0.0,1.0,1.0,1.0,-8.4569,-8.4357,0.2792,2.5584,27.7335,35.1351,44.4,44.4,44.4,-11.0135,-11.0135,-11.0135
MTD,1545.260009765625,1545.26,2026-09-28,False,1485.300048828125,1545.449951171875,2.22,29.65,ALTO,30961694720.0,34.89,29.89,2414.47,,21.1,31.2,21.91,2.24,25.91,166.68,1.12,,YAHOO,-1.458,-0.8279,-1.8781,0.055599,3.2694,-3.4829,101.82,2026-11-05,38,,,yahoo,1.0,0.0,1.0,1.0,1.0,1.0,1.0,0.0,0.0,8.0269,20.1836,11.3035,22.7546,20.7613,27.4655,1545.26,1545.26,1545.26,0.0,0.0,0.0
NCLH,14.3100004196167,14.31,2026-09-28,False,14.164999961853027,14.614999771118164,-2.05,-42.24,ALTO,6570978304.0,8.67,8.57,2.55,36.73,4.25,14.04,7.49,-25.57,8.61,6.21,0.2,,YAHOO,-1.458,-0.8279,-1.8781,0.055599,3.2694,-3.4829,101.82,2026-11-04,37,,,yahoo,1.0,0.0,1.0,1.0,0.0,1.0,0.0,1.0,0.0,0.4916,-2.7853,-31.0361,-34.7172,32.9692,44.8711,16.14,21.22,25.04,-11.3383,-32.5636,-42.8514
NDAQ,92.62000274658203,92.62,2026-09-28,False,91.94999694824219,93.17500305175781,-0.99,5.73,ALTO,51772481536.0,27.0,19.79,4.34,16.52,5.85,49.33,35.04,3.27,18.05,0.78,1.01,,YAHOO,-1.458,-0.8279,-1.8781,0.055599,3.2694,-3.4829,101.82,2026-10-22,24,,,yahoo,1.0,1.0,1.0,1.0,1.0,1.0,1.0,1.0,1.0,-2.1861,1.1467,-2.7388,20.9279,15.8118,24.8971,98.3774,99.1349,99.9635,-5.8524,-6.5717,-7.3462
NDSN,331.32000732421875,331.32,2026-09-28,False,322.9200134277344,332.8999938964844,1.7,47.49,ALTO,18454315008.0,33.57,25.52,5.65,17.76,8.47,27.4,18.63,3.33,21.05,0.56,1.82,,YAHOO,-1.458,-0.8279,-1.8781,0.055599,3.2694,-3.4829,101.82,2026-12-08,71,2026-08-19,40.0,finnhub,1.0,1.0,1.0,1.0,1.0,0.0,1.0,0.0,1.0,5.3984,7.4633,12.6568,9.9798,8.6596,24.956,331.32,333.6978,333.6978,0.0,-0.7126,-0.7126
NI,39.099998474121094,39.1,2026-09-28,False,39.04999923706055,39.435001373291016,-0.81,-7.15,ALTO,18750799872.0,20.8,17.35,1.96,8.55,3.24,17.16,13.15,-9.46,12.7,1.47,0.5,,YAHOO,-1.458,-0.8279,-1.8781,0.055599,3.2694,-3.4829,101.82,2026-10-28,30,,,yahoo,1.0,1.0,1.0,1.0,0.0,1.0,0.0,0.0,1.0,-3.5044,-4.7967,-12.158,-18.2513,15.5969,17.4611,41.9,47.1739,48.7533,-6.6826,-17.1152,-19.8003
NOC,505.79998779296875,505.8,2026-09-28,False,503.94000244140625,513.8400268554688,-0.92,-13.52,ALTO,71855472640.0,16.08,16.6,4.02,26.96,7.15,11.6,10.48,3.45,11.94,0.95,1.17,,YAHOO,-1.458,-0.8279,-1.8781,0.055599,3.2694,-3.4829,101.82,2026-10-20,22,,,yahoo,1.0,0.0,1.0,1.0,1.0,1.0,1.0,0.0,0.0,-3.9608,-4.0937,-5.0368,2.4355,15.0889,23.2932,539.7,586.4728,761.1927,-6.2813,-13.7556,-33.5517
NRG,97.0,97.0,2026-09-28,False,96.87000274658203,100.12000274658203,-3.36,-40.67,ALTO,20390416384.0,25.26,8.67,4.85,23.77,4.06,12.77,2.56,3.79,13.63,4.83,0.97,,YAHOO,-1.458,-0.8279,-1.8781,0.055599,3.2694,-3.4829,101.82,2026-11-05,38,,,yahoo,1.0,0.0,1.0,1.0,0.0,1.0,1.0,0.0,0.0,-6.0806,-10.5744,-21.6419,-34.7164,43.0549,55.7454,119.64,142.4842,182.8192,-18.9234,-31.9223,-46.9421
NSC,313.04998779296875,313.05,2026-09-28,False,311.69000244140625,314.6600036621094,0.02,6.26,ALTO,70313648128.0,26.73,21.87,4.33,16.98,5.95,35.3,21.02,1.97,15.26,1.06,0.83,,YAHOO,-1.458,-0.8279,-1.8781,0.055599,3.2694,-3.4829,101.82,2026-10-22,24,,,yahoo,1.0,1.0,1.0,1.0,1.0,0.0,1.0,0.0,0.0,1.2877,-2.1872,-6.3892,-0.7456,5.9766,20.6859,342.79,352.98,352.98,-8.6759,-11.3123,-11.3123
NTAP,204.41000366210938,204.41,2026-09-28,False,199.9250030517578,204.81179809570312,1.62,75.35,ALTO,40150011904.0,28.87,18.38,26.8,114.82,11.66,26.67,19.18,2.92,18.67,1.69,1.24,,YAHOO,-1.458,-0.8279,-1.8781,0.055599,3.2694,-3.4829,101.82,2026-12-01,64,2026-09-02,26.0,yahoo,1.0,1.0,1.0,1.0,0.0,1.0,1.0,1.0,1.0,3.1592,8.567,17.9992,32.2268,10.8038,42.7226,204.41,207.08,207.08,0.0,-1.2894,-1.2894
NTRS,174.5500030517578,174.55,2026-09-28,False,173.60000610351562,176.11500549316406,-0.67,33.06,ALTO,31934908416.0,15.01,13.73,2.55,17.07,1.28,42.5,24.67,,,,,,YAHOO,-1.458,-0.8279,-1.8781,0.055599,3.2694,-3.4829,101.82,2026-10-21,23,,,yahoo,1.0,0.0,1.0,1.0,1.0,0.0,1.0,0.0,0.0,-2.4588,-3.9403,-1.2816,0.2649,9.3389,21.8276,189.19,190.5711,190.5711,-7.7383,-8.4069,-8.4069
NVR,6267.89013671875,6267.8901,2026-09-28,False,6235.384765625,6383.294921875,-0.47,-22.63,ALTO,16786368512.0,16.29,15.65,4.95,31.54,16.55,13.89,11.85,5.47,10.87,0.32,5.67,,YAHOO,-1.458,-0.8279,-1.8781,0.055599,3.2694,-3.4829,101.82,2026-10-21,23,,,yahoo,1.0,0.0,1.0,0.0,0.0,1.0,1.0,0.0,1.0,1.2755,-0.5027,-1.7848,-8.1093,16.5824,26.6204,6373.9502,6701.1001,8178.0,-1.664,-6.4648,-23.3567
NWS,32.2400016784668,32.24,2026-09-28,False,31.149999618530273,32.27000045776367,1.54,-5.87,ALTO,17397317632.0,31.3,21.33,2.05,7.98,4.66,12.54,6.35,6.01,14.18,0.32,1.62,,YAHOO,-1.458,-0.8279,-1.8781,0.055599,3.2694,-3.4829,101.82,2026-11-05,38,,,yahoo,1.0,0.0,1.0,1.0,0.0,0.0,1.0,0.0,1.0,-1.8868,-4.7844,-0.9283,13.2248,37.4921,28.8028,34.6159,35.2141,35.2141,-6.8635,-8.4457,-8.4457
NWSA,29.100000381469727,29.1,2026-09-28,False,27.98200035095215,29.125,2.14,-5.57,ALTO,15702913024.0,28.25,19.25,1.85,7.98,4.66,12.54,6.35,6.66,12.91,0.32,1.62,,YAHOO,-1.458,-0.8279,-1.8781,0.055599,3.2694,-3.4829,101.82,2026-11-05,38,,,yahoo,1.0,0.0,1.0,1.0,0.0,0.0,1.0,0.0,1.0,-2.0202,-4.7775,1.3113,15.5895,41.7927,27.3354,30.8462,31.0854,31.0854,-5.661,-6.3869,-6.3869
NXPI,236.32000732421875,236.32,2026-09-28,False,233.24000549316406,239.38999938964844,-0.74,6.3,ALTO,59591438336.0,20.18,13.06,5.23,27.92,10.46,30.41,22.56,5.97,13.36,0.93,2.04,,YAHOO,-1.458,-0.8279,-1.8781,0.055599,3.2694,-3.4829,101.82,2026-10-26,28,,,yahoo,1.0,0.0,1.0,1.0,1.0,0.0,1.0,0.0,0.0,1.6824,5.866,-1.4925,-14.7238,39.0707,41.2741,238.08,290.9507,330.0601,-0.7392,-18.7766,-28.4009
ODFL,176.85000610351562,176.85,2026-09-28,False,172.75,177.80999755859375,2.05,26.11,ALTO,36779192320.0,34.01,26.52,8.07,24.82,15.78,28.84,19.44,2.64,20.3,0.0,1.89,,YAHOO,-1.458,-0.8279,-1.8781,0.055599,3.2694,-3.4829,101.82,2026-10-28,30,,,yahoo,1.0,0.0,1.0,1.0,1.0,1.0,1.0,0.0,0.0,0.8497,-2.7816,-20.497,-19.3752,25.217,30.9814,199.6499,236.7822,248.3443,-11.4199,-25.3111,-28.7884
OKE,88.62000274658203,88.62,2026-09-28,False,88.27999877929688,89.62999725341797,-0.01,27.75,ALTO,55866867712.0,15.31,14.21,2.44,16.28,5.77,13.25,9.29,1.61,11.59,1.43,0.74,,YAHOO,-1.458,-0.8279,-1.8781,0.055599,3.2694,-3.4829,101.82,2026-10-27,29,,,yahoo,1.0,1.0,1.0,1.0,1.0,0.0,0.0,0.0,1.0,-3.4641,-8.6109,-0.3593,1.0669,25.8083,25.958,97.51,97.51,97.51,-9.117,-9.117,-9.117
OMC,75.0999984741211,75.1,2026-09-28,False,74.68000030517578,75.8499984741211,-1.38,-1.22,ALTO,20603379712.0,202.97,6.44,2.13,6.05,5.09,15.38,1.74,20.68,8.05,1.08,0.92,,YAHOO,-1.458,-0.8279,-1.8781,0.055599,3.2694,-3.4829,101.82,2026-10-20,22,,,yahoo,0.0,0.0,1.0,1.0,1.0,0.0,0.0,0.0,0.0,-0.6482,-6.4115,-8.1228,2.6271,23.871,34.5953,86.6391,88.0348,88.0348,-13.3186,-14.6928,-14.6928
ON,75.6500015258789,75.65,2026-09-28,False,74.11000061035156,77.20999908447266,-2.01,51.97,ALTO,29451954176.0,50.1,16.7,4.08,8.31,6.75,19.53,10.17,5.62,14.51,0.65,3.46,,YAHOO,-1.458,-0.8279,-1.8781,0.055599,3.2694,-3.4829,101.82,2026-11-02,35,,,yahoo,1.0,0.0,1.0,1.0,0.0,0.0,1.0,0.0,0.0,5.4796,5.5827,-4.0705,-14.5873,53.9494,55.0851,77.2,97.87,133.93,-2.0078,-22.7036,-43.5153
OTIS,66.33000183105469,66.33,2026-09-28,False,65.12999725341797,66.93000030517578,0.59,-25.84,ALTO,25249798144.0,17.05,14.63,-4.39,,14.25,15.13,10.17,5.69,12.72,,0.83,,YAHOO,-1.458,-0.8279,-1.8781,0.055599,3.2694,-3.4829,101.82,2026-10-28,30,,,yahoo,1.0,0.0,1.0,1.0,0.0,0.0,1.0,1.0,1.0,-0.4652,-5.4859,-9.0348,-8.4859,22.1135,22.7839,71.48,74.5481,92.4955,-7.2048,-11.0239,-28.2884
PAYC,220.5800018310547,220.58,2026-09-28,False,215.1199951171875,223.2050018310547,0.05,2.0,ALTO,9941898240.0,23.32,15.81,16.79,41.09,8.78,31.72,22.78,4.26,14.36,1.72,1.07,,YAHOO,-1.458,-0.8279,-1.8781,0.055599,3.2694,-3.4829,101.82,2026-11-04,37,,,yahoo,1.0,0.0,1.0,1.0,0.0,0.0,1.0,1.0,0.0,-2.5018,-1.0186,30.7967,73.7236,9.4932,62.1912,240.52,240.52,240.52,-8.2904,-8.2904,-8.2904
PAYX,99.30000305175781,99.3,2026-09-28,False,98.91000366210938,100.9000015258789,-2.04,-19.4,ALTO,35348860928.0,19.7,15.54,9.45,47.05,10.19,38.5,27.35,5.34,12.68,1.25,1.28,,YAHOO,-1.458,-0.8279,-1.8781,0.055599,3.2694,-3.4829,101.82,2026-12-18,81,2026-09-23,5.0,yahoo,1.0,1.0,1.0,1.0,0.0,0.0,1.0,1.0,1.0,-13.6597,-16.2096,-18.6932,0.5249,58.7967,35.0322,127.34,127.34,127.34,-22.0198,-22.0198,-22.0198
PCG,11.949999809265137,11.95,2026-09-28,False,11.90999984741211,12.4399995803833,-3.16,-19.87,ALTO,35878285312.0,8.6,6.63,0.81,9.32,2.57,24.79,11.83,-17.14,8.79,1.89,1.22,,YAHOO,-1.458,-0.8279,-1.8781,0.055599,3.2694,-3.4829,101.82,2026-10-22,24,,,yahoo,1.0,1.0,1.0,1.0,0.0,0.0,0.0,1.0,0.0,-7.6507,-12.1324,-32.524,-30.4828,29.3691,55.5459,14.82,18.36,19.0001,-19.3657,-34.9129,-37.1055
PEG,66.7300033569336,66.73,2026-09-28,False,66.33999633789062,67.16999816894531,-0.43,-16.95,ALTO,33259571200.0,16.6,14.28,1.92,11.83,3.24,18.87,16.04,0.32,12.94,1.42,0.88,,YAHOO,-1.458,-0.8279,-1.8781,0.055599,3.2694,-3.4829,101.82,2026-11-02,35,,,yahoo,1.0,1.0,1.0,1.0,0.0,1.0,1.0,1.0,1.0,-3.7224,-5.9081,-13.392,-18.3092,21.969,15.1769,73.57,81.0519,84.7417,-9.2973,-17.67,-21.2548
PFG,114.63999938964844,114.64,2026-09-28,False,114.41999816894531,116.55000305175781,-0.11,43.74,ALTO,24544956416.0,16.33,11.01,2.03,12.95,0.35,12.34,9.93,4.3,10.91,0.35,1.59,,YAHOO,-1.458,-0.8279,-1.8781,0.055599,3.2694,-3.4829,101.82,2026-10-26,28,,,yahoo,1.0,0.0,1.0,1.0,1.0,0.0,1.0,0.0,0.0,-1.5712,-1.9333,2.0602,6.4526,4.3022,23.1515,118.51,118.51,118.51,-3.2655,-3.2655,-3.2655
PGR,209.47000122070312,209.47,2026-09-28,False,204.97000122070312,209.7899932861328,1.93,-8.78,ALTO,121576390656.0,10.51,0.21,3.54,34.94,7.84,18.21,12.85,12.43,8.31,0.24,0.29,,YAHOO,-1.458,-0.8279,-1.8781,0.055599,3.2694,-3.4829,101.82,2026-10-14,16,,,yahoo,1.0,1.0,1.0,1.0,1.0,0.0,0.0,0.0,0.0,-1.3051,-5.2258,-4.782,-4.6834,28.4828,32.2127,223.87,234.48,234.48,-6.4323,-10.6662,-10.6662
PH,969.5499877929688,969.55,2026-09-28,False,962.530029296875,983.9199829101562,-0.9,29.67,ALTO,122272292864.0,34.06,24.62,7.94,25.08,9.79,23.46,16.97,2.42,23.03,0.57,1.26,,YAHOO,-1.458,-0.8279,-1.8781,0.055599,3.2694,-3.4829,101.82,2026-11-05,38,,,yahoo,1.0,0.0,1.0,1.0,1.0,1.0,1.0,1.0,1.0,1.1877,4.384,2.1484,0.8002,11.0279,26.3299,979.44,1071.7115,1071.7115,-1.0098,-9.5326,-9.5326
PHM,119.12999725341797,119.13,2026-09-28,False,118.2300033569336,121.08999633789062,-0.6,-9.82,ALTO,22692638720.0,12.17,10.8,1.72,14.9,9.21,15.69,11.62,4.75,8.53,0.19,7.27,,YAHOO,-1.458,-0.8279,-1.8781,0.055599,3.2694,-3.4829,101.82,2026-10-22,24,,,yahoo,1.0,0.0,1.0,0.0,1.0,1.0,1.0,0.0,0.0,0.1345,0.3792,-9.7642,-13.4472,28.2291,31.2758,126.0439,134.4554,141.6452,-5.4853,-11.3982,-15.8955
PKG,234.52000427246094,234.52,2026-09-28,False,233.125,236.90499877929688,-1.12,11.13,ALTO,20895332352.0,30.42,17.88,4.45,14.89,8.28,13.12,7.26,2.07,12.29,0.94,2.94,,YAHOO,-1.458,-0.8279,-1.8781,0.055599,3.2694,-3.4829,101.82,2026-10-21,23,,,yahoo,1.0,0.0,1.0,1.0,0.0,0.0,1.0,0.0,0.0,-1.5904,1.1909,-5.3691,-0.6784,17.2967,28.8761,240.98,255.7746,255.7746,-2.6807,-8.3099,-8.3099
PNC,223.6699981689453,223.67,2026-09-28,False,223.0,225.82000732421875,-0.87,14.4,ALTO,89231728640.0,12.32,10.44,1.54,12.62,1.31,38.69,31.37,,,,,,YAHOO,-1.458,-0.8279,-1.8781,0.055599,3.2694,-3.4829,101.82,2026-10-15,17,,,yahoo,1.0,1.0,1.0,0.0,1.0,0.0,1.0,0.0,1.0,-4.1072,-7.8486,-9.9883,-8.6235,18.3547,17.9963,245.6,256.97,256.97,-8.9292,-12.9587,-12.9587
PNR,53.029998779296875,53.03,2026-09-28,False,52.709999084472656,53.63999938964844,-1.17,-51.1,ALTO,8463587840.0,13.67,10.26,2.26,17.13,8.66,23.44,16.24,6.6,9.8,0.47,1.45,,YAHOO,-1.458,-0.8279,-1.8781,0.055599,3.2694,-3.4829,101.82,2026-10-20,22,,,yahoo,1.0,0.0,1.0,1.0,1.0,1.0,1.0,1.0,0.0,-4.9301,-5.607,-20.3634,-30.1944,34.5381,42.1391,60.46,76.1971,111.0011,-12.2891,-30.4042,-52.2257
PNW,91.31999969482422,91.32,2026-09-28,False,90.68000030517578,92.1500015258789,-0.46,8.16,ALTO,11067730944.0,17.53,16.41,1.57,9.37,2.33,21.34,11.53,-8.4,12.84,2.33,0.59,,YAHOO,-1.458,-0.8279,-1.8781,0.055599,3.2694,-3.4829,101.82,2026-11-03,36,,,yahoo,1.0,0.0,1.0,1.0,1.0,0.0,0.0,0.0,0.0,-2.1327,-4.2767,-9.9038,-14.5649,13.858,14.5865,98.04,108.3052,108.3845,-6.8543,-15.6827,-15.7444
PODD,133.11000061035156,133.11,2026-09-28,False,130.38499450683594,135.39999389648438,-2.22,-57.21,ALTO,9231737856.0,24.93,17.27,6.49,26.02,9.71,16.18,12.29,2.57,15.69,0.67,2.48,,YAHOO,-1.458,-0.8279,-1.8781,0.055599,3.2694,-3.4829,101.82,2026-11-05,38,,,yahoo,1.0,0.0,1.0,1.0,1.0,0.0,0.0,1.0,1.0,-5.28,-3.4035,-21.9845,-15.6143,19.1646,53.2242,150.58,170.62,346.36,-11.6018,-21.9845,-61.5689
POOL,163.30999755859375,163.31,2026-09-28,False,160.50999450683594,164.5,-0.97,-46.21,ALTO,5934807552.0,15.01,13.82,4.71,31.25,9.9,15.14,7.41,3.59,11.82,1.35,2.67,,YAHOO,-1.458,-0.8279,-1.8781,0.055599,3.2694,-3.4829,101.82,2026-10-22,24,,,yahoo,1.0,0.0,1.0,0.0,0.0,1.0,1.0,1.0,0.0,-2.7454,-4.9197,-15.0263,-22.3223,32.3746,35.4715,186.52,213.8169,304.39,-12.4437,-23.6216,-46.3484
PPG,107.5199966430664,107.52,2026-09-25,False,106.18000030517578,107.81999969482422,1.13,6.11,ALTO,23788322816.0,15.35,12.35,2.82,19.3,6.05,14.02,9.57,4.64,11.04,0.87,1.58,,YAHOO,-1.458,-0.8279,-1.8781,0.055599,3.2694,-3.4829,101.82,2026-10-27,29,,,yahoo,1.0,1.0,1.0,1.0,0.0,1.0,1.0,0.0,0.0,2.8703,1.9147,-9.0927,-12.213,25.9369,29.3877,114.22,124.5553,129.1576,-5.8659,-13.6769,-16.7529
PPL,32.029998779296875,32.03,2026-09-25,False,31.559999465942383,32.189998626708984,0.19,-8.61,ALTO,24164214784.0,19.0,15.16,1.61,8.63,3.2,23.59,13.47,-8.02,11.76,1.35,0.91,,YAHOO,-1.458,-0.8279,-1.8781,0.055599,3.2694,-3.4829,101.82,2026-11-04,37,,,yahoo,1.0,1.0,1.0,1.0,0.0,1.0,0.0,1.0,0.0,-3.9292,-6.0153,-11.1027,-12.7596,13.9158,16.6917,34.8204,36.5857,39.1669,-8.0136,-12.4521,-18.2217
PRU,119.44999694824219,119.45,2026-09-25,False,117.69000244140625,119.58000183105469,0.59,22.51,ALTO,40051048448.0,10.52,7.81,1.27,12.01,0.43,7.52,6.01,18.8,11.64,1.64,0.78,,YAHOO,-1.458,-0.8279,-1.8781,0.055599,3.2694,-3.4829,101.82,2026-10-28,30,,,yahoo,1.0,1.0,1.0,1.0,1.0,0.0,1.0,0.0,0.0,0.8868,0.1761,-2.5022,11.6203,11.9844,19.4506,123.2,123.7019,123.7019,-3.0438,-3.4372,-3.4372
PSA,287.9700012207031,287.97,2026-09-25,False,283.32000732421875,288.6700134277344,1.2,6.94,ALTO,53213663232.0,27.17,27.85,10.33,21.93,6.98,45.7,41.63,4.39,18.73,1.1,0.22,,YAHOO,-1.458,-0.8279,-1.8781,0.055599,3.2694,-3.4829,101.82,2026-10-28,30,,,yahoo,1.0,0.0,1.0,1.0,0.0,0.0,0.0,0.0,1.0,-2.8146,-1.8804,-11.9664,-10.3164,23.2223,21.4752,310.3261,327.1138,327.1138,-7.2041,-11.9664,-11.9664
PTC,138.1199951171875,138.12,2026-09-25,False,136.5500030517578,138.75,0.52,-31.92,ALTO,15157239808.0,13.56,15.64,4.46,35.05,11.54,28.23,41.43,6.8,12.86,0.46,1.02,,YAHOO,-1.458,-0.8279,-1.8781,0.055599,3.2694,-3.4829,101.82,2026-11-11,44,,,yahoo,1.0,1.0,1.0,1.0,1.0,1.0,1.0,1.0,1.0,1.641,5.6125,8.3209,19.3571,36.5333,43.1948,157.15,158.95,205.87,-12.1094,-13.1048,-32.9091
PWR,649.1300048828125,649.13,2026-09-25,False,643.0,654.8400268554688,0.87,62.19,ALTO,96875266048.0,73.56,32.59,10.05,15.34,5.23,7.22,4.03,2.02,33.85,0.68,1.1,,YAHOO,-1.458,-0.8279,-1.8781,0.055599,3.2694,-3.4829,101.82,2026-10-29,31,,,yahoo,1.0,0.0,1.0,1.0,1.0,0.0,0.0,1.0,0.0,1.9506,-0.2229,10.3287,-5.6175,17.824,51.2145,650.58,722.31,785.1201,-0.2229,-10.1314,-17.3209
Q,124.69000244140625,124.69,2026-09-25,False,121.80000305175781,125.38999938964844,1.95,31.12,ALTO,26132240384.0,44.45,23.23,3.6,6.72,5.3,22.32,11.25,2.96,19.65,0.6,2.01,,YAHOO,-1.458,-0.8279,-1.8781,0.055599,3.2694,-3.4829,101.82,2026-11-16,49,,,yahoo,1.0,0.0,1.0,1.0,0.0,1.0,0.0,1.0,0.0,3.8651,-1.3528,-2.4372,-21.1296,31.4278,45.6478,126.4,146.5824,,-1.3528,-14.9352,
RCL,242.6999969482422,242.7,2026-09-25,False,236.72000122070312,246.25,1.56,-23.78,ALTO,64881201152.0,14.98,11.87,6.34,44.67,7.68,27.07,23.54,-2.34,12.67,2.25,0.21,,YAHOO,-1.458,-0.8279,-1.8781,0.055599,3.2694,-3.4829,101.82,2026-10-27,29,,,yahoo,1.0,1.0,1.0,1.0,1.0,1.0,0.0,1.0,0.0,-1.2652,-6.1497,-24.297,-23.2571,68.7124,33.0553,277.7594,325.4858,342.3655,-12.6222,-25.4345,-29.1109
REGN,788.0399780273438,788.04,2026-09-25,False,784.1300048828125,803.8699951171875,-1.0,42.53,ALTO,77447888896.0,18.61,12.36,2.38,14.04,6.53,33.11,27.87,3.96,14.85,0.09,3.33,,YAHOO,-1.458,-0.8279,-1.8781,0.055599,3.2694,-3.4829,101.82,2026-10-30,32,,,yahoo,1.0,0.0,1.0,1.0,1.0,0.0,1.0,0.0,0.0,0.4064,0.8381,13.4901,24.6579,11.983,29.7421,852.03,852.03,852.03,-7.5103,-7.5103,-7.5103
RF,27.6200008392334,27.62,2026-09-25,False,27.200000762939453,27.700000762939453,1.32,7.97,ALTO,23223599104.0,11.08,9.58,1.33,11.87,1.39,39.31,30.84,,,,,,YAHOO,-1.458,-0.8279,-1.8781,0.055599,3.2694,-3.4829,101.82,2026-10-16,18,,,yahoo,1.0,1.0,1.0,1.0,1.0,0.0,1.0,0.0,1.0,-3.0877,-8.3306,-10.7767,-7.1852,25.6145,21.5623,30.44,32.0747,32.0747,-9.2641,-13.8885,-13.8885
RJF,159.8699951171875,159.87,2026-09-25,False,159.13999938964844,161.67999267578125,0.7,-5.78,ALTO,30958835712.0,14.06,11.35,2.44,18.42,2.58,19.3,15.13,,,0.48,2.11,,YAHOO,-1.458,-0.8279,-1.8781,0.055599,3.2694,-3.4829,101.82,2026-10-28,30,,,yahoo,1.0,0.0,1.0,1.0,0.0,0.0,1.0,0.0,1.0,-2.9621,-7.8347,-9.7697,7.0027,30.2463,21.9143,181.1,181.18,181.18,-11.7228,-11.7618,-11.7618
RL,357.1000061035156,357.1,2026-09-25,False,345.2099914550781,357.3800048828125,1.78,19.45,ALTO,21280393216.0,22.52,17.08,7.82,37.54,11.0,18.39,11.76,4.14,14.02,1.1,2.04,,YAHOO,-1.458,-0.8279,-1.8781,0.055599,3.2694,-3.4829,101.82,2026-11-05,38,,,yahoo,1.0,1.0,1.0,1.0,0.0,1.0,1.0,1.0,1.0,6.8689,5.6114,-5.1243,-12.9006,44.5221,31.7707,357.1,405.7336,412.0654,0.0,-11.9866,-13.339
RMD,222.0,222.0,2026-09-25,False,220.1300048828125,223.22000122070312,0.05,-16.13,ALTO,32038436864.0,21.29,16.79,4.86,24.27,14.0,30.86,26.95,2.93,14.98,0.13,3.1,,YAHOO,-1.458,-0.8279,-1.8781,0.055599,3.2694,-3.4829,101.82,2026-10-29,31,,,yahoo,1.0,0.0,1.0,1.0,1.0,0.0,1.0,1.0,1.0,-1.329,1.7089,6.5453,11.1574,6.2634,35.0827,240.33,240.33,280.3143,-7.627,-7.627,-20.8032
ROK,434.1499938964844,434.15,2026-09-25,False,431.2300109863281,438.5,0.28,29.33,ALTO,47983554560.0,40.38,28.98,13.71,30.63,9.99,20.97,13.39,2.72,24.39,1.03,1.07,,YAHOO,-1.458,-0.8279,-1.8781,0.055599,3.2694,-3.4829,101.82,2026-11-05,38,,,yahoo,1.0,0.0,1.0,1.0,0.0,1.0,1.0,1.0,1.0,4.4584,1.3446,-7.5732,-8.6684,9.0697,27.3789,434.15,481.3871,493.5596,0.0,-9.8127,-12.037
ROL,30.030000686645508,30.03,2026-09-25,False,29.739999771118164,30.34000015258789,-1.22,-46.08,ALTO,14718237696.0,27.81,23.68,10.3,37.01,14.06,18.8,13.55,3.41,18.18,0.78,0.63,,YAHOO,-1.458,-0.8279,-1.8781,0.055599,3.2694,-3.4829,101.82,2026-10-28,30,,,yahoo,1.0,1.0,1.0,1.0,0.0,0.0,1.0,1.0,0.0,-7.4006,-13.533,-22.6446,-30.2604,53.1716,31.8536,36.38,45.2396,64.8632,-17.4546,-33.6201,-53.7026
ROP,358.55999755859375,358.56,2026-09-25,False,357.75,363.8599853515625,-1.5,-26.99,ALTO,35010908160.0,14.76,14.52,1.87,13.07,4.23,27.73,30.24,6.47,14.2,0.61,0.55,,YAHOO,-1.458,-0.8279,-1.8781,0.055599,3.2694,-3.4829,101.82,2026-10-22,24,,,yahoo,1.0,0.0,1.0,1.0,0.0,1.0,1.0,0.0,1.0,-3.8043,-7.7113,-8.2779,6.2514,14.3062,33.3278,426.2,426.2,516.3225,-15.8705,-15.8705,-30.555
RSG,212.10000610351562,212.1,2026-09-25,False,211.22999572753906,213.22000122070312,-0.29,-5.49,ALTO,65201930240.0,30.16,26.42,5.42,18.15,6.17,20.43,12.94,2.98,15.1,1.19,0.64,,YAHOO,-1.458,-0.8279,-1.8781,0.055599,3.2694,-3.4829,101.82,2026-10-29,31,,,yahoo,1.0,0.0,1.0,1.0,0.0,1.0,1.0,1.0,0.0,-2.7377,-4.7769,-2.0911,-1.6964,2.3603,20.0522,225.85,225.85,230.9379,-6.0881,-6.0881,-8.1571
SBAC,166.14999389648438,166.15,2026-09-25,False,164.85000610351562,168.1300048828125,0.02,-12.87,ALTO,17337978880.0,17.63,19.97,-3.74,,8.41,52.16,34.51,4.34,17.62,,0.17,,YAHOO,-1.458,-0.8279,-1.8781,0.055599,3.2694,-3.4829,101.82,2026-11-02,35,,,yahoo,1.0,1.0,1.0,1.0,1.0,0.0,1.0,0.0,1.0,-6.9657,-10.4168,-4.3639,-8.9593,24.8487,30.7323,191.52,191.52,220.8819,-13.2467,-13.2467,-24.7788
SJM,121.0,121.0,2026-09-25,False,119.9000015258789,121.41999816894531,-0.54,16.74,ALTO,12886080512.0,56.37,11.04,2.24,3.93,6.26,17.9,2.51,11.36,8.74,1.21,0.87,,YAHOO,-1.458,-0.8279,-1.8781,0.055599,3.2694,-3.4829,101.82,2026-11-24,57,,,yahoo,0.0,1.0,1.0,1.0,1.0,0.0,0.0,0.0,1.0,-1.586,-0.1156,-0.7364,5.6157,14.9247,28.5386,132.34,132.34,132.34,-8.5688,-8.5688,-8.5688
SMCI,43.2599983215332,43.26,2026-09-25,False,41.900001525878906,43.7599983215332,4.22,-6.5,ALTO,27448012800.0,12.82,7.84,2.68,21.47,7.88,13.38,5.71,-30.05,11.82,0.64,3.87,,YAHOO,-1.458,-0.8279,-1.8781,0.055599,3.2694,-3.4829,101.82,2026-11-03,36,,,yahoo,1.0,0.0,0.0,0.0,1.0,0.0,0.0,0.0,0.0,10.6677,7.8803,52.0562,41.2341,32.2315,89.2066,43.26,43.26,58.68,0.0,0.0,-26.2781
SNPS,425.760009765625,425.76,2026-09-25,False,424.2099914550781,445.9200134277344,0.2,-12.67,ALTO,80029376512.0,72.63,23.6,2.57,3.66,1.35,14.52,11.43,4.28,42.04,0.35,1.34,,YAHOO,-1.458,-0.8279,-1.8781,0.055599,3.2694,-3.4829,101.82,2026-12-08,71,2026-08-26,33.0,finnhub,1.0,0.0,1.0,1.0,0.0,0.0,0.0,0.0,0.0,10.5956,7.1418,10.927,-6.2904,18.3147,48.1353,442.61,464.89,534.56,-3.807,-8.417,-20.3532
SO,82.87999725341797,82.88,2026-09-25,False,82.08999633789062,83.01000213623047,-0.01,-8.68,ALTO,94732394496.0,19.84,16.73,2.39,11.48,3.27,29.61,15.43,-4.13,12.04,1.82,0.79,,YAHOO,-1.458,-0.8279,-1.8781,0.055599,3.2694,-3.4829,101.82,2026-11-05,38,,,yahoo,1.0,0.0,1.0,1.0,0.0,0.0,0.0,0.0,1.0,-3.087,-4.9214,-13.6553,-13.993,13.5719,14.9317,88.99,97.1776,97.4911,-6.8659,-14.7128,-14.9871
SOLV,89.5,89.5,2026-09-25,False,88.16000366210938,89.68000030517578,1.03,26.96,ALTO,15241832448.0,10.95,12.38,3.17,33.96,2.7,9.78,17.26,3.21,17.68,1.1,1.02,,YAHOO,-1.458,-0.8279,-1.8781,0.055599,3.2694,-3.4829,101.82,2026-11-05,38,,,yahoo,1.0,1.0,1.0,0.0,1.0,1.0,0.0,0.0,1.0,0.7429,2.3442,3.8645,12.5362,9.9193,30.2948,92.44,92.44,92.44,-3.1804,-3.1804,-3.1804
SPG,204.82000732421875,204.82,2026-09-25,False,203.8699951171875,205.6999969482422,0.06,17.3,ALTO,77644390400.0,14.43,30.09,15.06,120.51,5.63,46.02,66.57,3.34,18.74,5.04,0.27,,YAHOO,-1.458,-0.8279,-1.8781,0.055599,3.2694,-3.4829,101.82,2026-11-02,35,,,yahoo,1.0,1.0,1.0,0.0,1.0,0.0,1.0,0.0,0.0,-0.2435,-0.0049,-12.5398,-8.7583,9.3978,16.9482,212.2815,234.1864,234.1864,-3.5149,-12.5398,-12.5398
SRE,77.93000030517578,77.93,2026-09-25,False,77.08000183105469,78.0,0.24,-6.57,ALTO,50278395904.0,22.29,13.89,1.54,6.68,1.96,28.33,16.82,-55.01,16.6,0.85,1.64,,YAHOO,-1.458,-0.8279,-1.8781,0.055599,3.2694,-3.4829,101.82,2026-11-04,37,,,yahoo,1.0,0.0,1.0,1.0,1.0,1.0,0.0,1.0,0.0,-3.3519,-5.7061,-13.2238,-16.6389,18.507,22.6066,84.7581,94.536,98.2173,-8.056,-17.5658,-20.6555
STE,208.92999267578125,208.93,2026-09-25,False,207.2100067138672,209.69000244140625,0.08,-13.76,ALTO,20572524544.0,25.76,17.23,2.85,11.39,6.8,19.15,13.33,3.88,13.5,0.28,1.91,,YAHOO,-1.458,-0.8279,-1.8781,0.055599,3.2694,-3.4829,101.82,2026-11-04,37,,,yahoo,1.0,1.0,1.0,1.0,1.0,1.0,1.0,1.0,1.0,1.8972,-0.8683,-9.0182,-2.8296,10.084,26.4803,233.0689,238.1833,266.3608,-10.357,-12.2818,-21.5613
STLD,233.66000366210938,233.66,2026-09-25,False,231.67999267578125,236.47999572753906,-0.65,73.69,ALTO,33021360128.0,20.89,11.77,3.51,17.57,7.87,11.5,7.83,0.71,13.76,0.47,3.18,,YAHOO,-1.458,-0.8279,-1.8781,0.055599,3.2694,-3.4829,101.82,2026-10-19,21,,,yahoo,1.0,0.0,1.0,1.0,0.0,1.0,1.0,0.0,0.0,-0.6801,-2.5564,-10.0408,-4.6031,15.8215,36.9038,247.64,268.6,282.1202,-5.6453,-13.0082,-17.1771
STT,181.33999633789062,181.34,2026-09-25,False,179.5,182.92999267578125,0.14,62.76,ALTO,49372147712.0,15.86,11.73,2.07,12.44,0.87,34.31,23.0,,,,,,YAHOO,-1.458,-0.8279,-1.8781,0.055599,3.2694,-3.4829,101.82,2026-10-14,16,,,yahoo,1.0,1.0,1.0,1.0,0.0,0.0,1.0,0.0,1.0,-0.8367,-6.2358,-0.6737,8.4068,20.1554,23.5754,194.26,194.26,194.26,-6.6509,-6.6509,-6.6509
STX,916.8300170898438,916.83,2026-09-25,False,903.530029296875,924.3599853515625,1.2,320.75,ALTO,209544937472.0,66.11,16.64,96.44,371.53,29.35,43.07,26.11,0.93,46.88,1.8,1.67,,YAHOO,-1.458,-0.8279,-1.8781,0.055599,3.2694,-3.4829,101.82,2026-10-27,29,,,yahoo,1.0,1.0,1.0,1.0,1.0,1.0,0.0,1.0,1.0,6.8439,10.5274,22.784,1.963,44.1896,74.7559,923.12,993.9932,1092.3848,-0.6814,-7.7629,-16.0708
STZ,113.62999725341797,113.63,2026-09-25,False,113.33999633789062,114.45999908447266,-0.51,-11.9,ALTO,19287226368.0,10.75,9.21,2.35,23.69,8.57,35.93,20.14,11.46,8.69,1.23,0.91,,YAHOO,-1.458,-0.8279,-1.8781,0.055599,3.2694,-3.4829,101.82,2026-10-06,8,,,yahoo,1.0,1.0,1.0,1.0,0.0,1.0,1.0,0.0,0.0,-4.4885,-7.2029,-13.2515,-21.7188,10.8953,29.1802,130.69,139.18,164.2807,-13.0538,-18.3575,-30.8318
SW,46.40999984741211,46.41,2026-09-25,False,45.900001525878906,46.66999816894531,0.89,12.97,ALTO,23640248320.0,47.95,13.14,1.31,2.71,2.62,5.47,1.59,5.14,8.11,0.78,1.45,,YAHOO,-1.458,-0.8279,-1.8781,0.055599,3.2694,-3.4829,101.82,2026-10-28,30,,,yahoo,1.0,1.0,1.0,1.0,0.0,1.0,0.0,0.0,1.0,4.6921,7.3808,-7.8087,-0.3125,22.324,44.1838,48.29,50.341,50.7913,-3.8931,-7.8087,-8.6262
SWK,91.4000015258789,91.4,2026-09-25,False,89.62000274658203,92.19000244140625,1.36,29.72,ALTO,13399706624.0,21.69,13.92,1.5,6.89,3.8,8.44,4.07,10.59,10.06,0.58,1.43,,YAHOO,-1.458,-0.8279,-1.8781,0.055599,3.2694,-3.4829,101.82,2026-11-04,37,,,yahoo,1.0,1.0,1.0,1.0,1.0,0.0,0.0,1.0,1.0,2.0317,2.4204,-2.1176,0.2342,38.5873,31.5175,96.9562,103.1027,103.1027,-5.7306,-11.3505,-11.3505
SYK,272.3599853515625,272.36,2026-09-25,False,268.69000244140625,275.8399963378906,0.97,-25.41,ALTO,105601499136.0,28.56,16.46,4.4,16.51,8.16,27.02,14.43,3.89,15.94,0.64,2.16,,YAHOO,-1.458,-0.8279,-1.8781,0.055599,3.2694,-3.4829,101.82,2026-10-29,31,,,yahoo,1.0,0.0,1.0,1.0,0.0,0.0,0.0,1.0,0.0,-1.0032,-1.1613,-21.4195,-17.9204,16.1287,38.8649,330.69,352.25,385.3856,-17.6389,-22.6799,-29.3279
TAP,35.95000076293945,35.95,2026-09-25,False,35.66999816894531,36.41999816894531,-1.1,-15.46,ALTO,6762684416.0,,7.41,0.67,-19.47,3.79,11.3,-20.81,13.83,5.67,0.76,0.88,,YAHOO,-1.458,-0.8279,-1.8781,0.055599,3.2694,-3.4829,101.82,2026-11-03,36,,,yahoo,0.0,0.0,1.0,1.0,1.0,0.0,1.0,0.0,1.0,-4.21,-7.6548,-14.4459,-12.3215,8.1552,30.6655,41.46,42.8703,52.5761,-13.2899,-16.1424,-31.623
TDG,1116.199951171875,1116.2,2026-09-25,False,1100.010009765625,1118.1500244140625,0.99,-13.53,ALTO,61313822720.0,33.68,22.94,-6.6,,11.82,46.01,21.28,2.38,18.08,,3.02,,YAHOO,-1.458,-0.8279,-1.8781,0.055599,3.2694,-3.4829,101.82,2026-11-05,38,,,yahoo,1.0,1.0,1.0,0.0,0.0,1.0,0.0,1.0,1.0,2.7761,-2.1152,-14.6617,-15.7305,10.6948,24.7696,1185.97,1348.49,1450.0,-5.8829,-17.2259,-23.0207
TDY,614.1500244140625,614.15,2026-09-25,False,611.719970703125,619.0999755859375,0.35,8.45,ALTO,28315435008.0,29.51,22.81,2.59,9.15,5.14,20.2,15.29,3.22,18.84,0.19,2.18,,YAHOO,-1.458,-0.8279,-1.8781,0.055599,3.2694,-3.4829,101.82,2026-10-21,23,,,yahoo,1.0,1.0,1.0,1.0,1.0,0.0,1.0,0.0,1.0,1.7715,1.7158,-5.4674,-1.6242,18.9043,20.1549,621.96,691.3,691.3,-1.2557,-11.1601,-11.1601
TECH,72.61000061035156,72.61,2026-09-25,False,72.55999755859375,72.63999938964844,0.06,44.59,ALTO,11370891264.0,62.51,31.44,5.37,9.03,6.67,27.87,14.97,2.02,34.1,0.14,4.55,,YAHOO,-1.458,-0.8279,-1.8781,0.055599,3.2694,-3.4829,101.82,2026-11-09,42,,,yahoo,1.0,1.0,1.0,1.0,1.0,1.0,0.0,1.0,0.0,0.3316,0.6794,0.8608,2.3809,1.0192,3.7026,72.61,72.61,72.61,0.0,0.0,0.0
TEL,218.58999633789062,218.59,2026-09-25,False,214.13999938964844,219.6300048828125,2.3,2.97,ALTO,62161383424.0,21.03,16.62,4.7,23.29,9.69,20.77,15.61,3.76,13.51,0.43,1.88,,YAHOO,-1.458,-0.8279,-1.8781,0.055599,3.2694,-3.4829,101.82,2026-10-28,30,,,yahoo,1.0,0.0,1.0,1.0,0.0,0.0,1.0,1.0,0.0,6.4113,3.1279,2.4049,10.9758,18.862,31.7184,218.59,218.59,246.3216,0.0,0.0,-11.2583
TER,398.3800048828125,398.38,2026-09-25,False,388.3800048828125,400.4599914550781,2.75,200.35,ALTO,62739542016.0,55.05,34.44,19.98,36.46,19.75,33.16,25.77,0.7,41.55,0.03,2.12,,YAHOO,-1.458,-0.8279,-1.8781,0.055599,3.2694,-3.4829,101.82,2026-10-21,23,,,yahoo,1.0,0.0,1.0,1.0,0.0,0.0,1.0,0.0,1.0,7.2442,4.9141,24.2891,-8.7733,49.0488,77.811,398.69,442.9698,483.6542,-0.0778,-10.0661,-17.6312
TKO,182.6699981689453,182.67,2026-09-25,False,180.5500030517578,185.25,-1.29,-5.28,ALTO,34367594496.0,63.71,38.79,3.97,7.06,4.5,32.39,4.33,2.49,13.95,0.59,1.28,,YAHOO,-1.458,-0.8279,-1.8781,0.055599,3.2694,-3.4829,101.82,2026-11-04,37,,,yahoo,1.0,1.0,1.0,1.0,0.0,1.0,1.0,1.0,0.0,-3.482,-3.6215,-1.42,-15.0371,14.6663,28.4525,194.5235,200.8675,222.2776,-6.0936,-9.0595,-17.819
TPL,341.07000732421875,341.07,2026-09-25,False,332.2099914550781,343.3800048828125,0.83,11.17,ALTO,23323787264.0,43.13,4.62,13.95,36.57,25.81,78.18,60.32,-0.14,31.14,0.01,4.55,,YAHOO,-1.458,-0.8279,-1.8781,0.055599,3.2694,-3.4829,101.82,2026-11-04,37,,,yahoo,1.0,0.0,1.0,1.0,0.0,0.0,0.0,0.0,0.0,-3.2892,-7.5941,-12.2753,-13.6872,49.2358,43.2781,381.9,432.4058,538.102,-10.6913,-21.1227,-36.6161
TRGP,277.8399963378906,277.84,2026-09-25,False,274.8699951171875,283.7099914550781,-1.88,65.2,ALTO,59489595392.0,26.55,22.97,16.27,70.84,9.24,27.8,13.54,0.11,14.38,5.16,0.77,,YAHOO,-1.458,-0.8279,-1.8781,0.055599,3.2694,-3.4829,101.82,2026-11-05,38,,,yahoo,1.0,1.0,1.0,1.0,0.0,0.0,1.0,1.0,0.0,-4.9112,-4.2756,6.6846,2.3955,22.0635,31.783,296.06,302.25,302.25,-6.1542,-8.0761,-8.0761
TRMB,57.849998474121094,57.85,2026-09-25,False,57.29999923706055,58.20000076293945,0.28,-27.73,ALTO,13410171904.0,,13.9,2.36,-1.94,4.8,15.13,-2.77,5.12,16.65,0.29,0.95,,YAHOO,-1.458,-0.8279,-1.8781,0.055599,3.2694,-3.4829,101.82,2026-11-04,37,,,yahoo,1.0,0.0,1.0,0.0,0.0,0.0,1.0,1.0,0.0,0.5038,0.3295,-0.9078,14.1026,35.2793,33.9667,61.01,61.54,83.52,-5.1795,-5.9961,-30.7352
TROW,105.51000213623047,105.51,2026-09-25,False,104.12000274658203,105.79000091552734,1.19,7.54,ALTO,22144319488.0,10.42,10.06,2.01,19.4,10.66,28.69,29.26,9.14,6.93,0.04,4.04,,YAHOO,-1.458,-0.8279,-1.8781,0.055599,3.2694,-3.4829,101.82,2026-10-30,32,,,yahoo,1.0,0.0,1.0,0.0,0.0,1.0,1.0,0.0,0.0,1.2961,0.5011,-12.2103,-3.1264,11.8016,23.8383,109.9127,120.1849,120.1849,-4.0056,-12.2103,-12.2103
TRV,363.0400085449219,363.04,2026-09-25,False,359.67999267578125,364.0299987792969,0.18,34.35,ALTO,75746107392.0,9.76,12.0,2.29,26.51,4.78,23.7,16.95,19.51,6.95,0.27,0.32,,YAHOO,-1.458,-0.8279,-1.8781,0.055599,3.2694,-3.4829,101.82,2026-10-16,18,,,yahoo,1.0,1.0,1.0,1.0,0.0,0.0,1.0,0.0,0.0,-3.0911,-3.2409,-8.2923,11.2751,21.3003,27.9313,379.49,395.8665,395.8665,-4.3348,-8.2923,-8.2923
TSCO,32.27000045776367,32.27,2026-09-25,False,31.350000381469727,32.5,2.64,-41.49,ALTO,16709756928.0,16.7,15.66,6.38,39.51,7.82,12.07,6.42,0.62,11.92,2.49,1.33,,YAHOO,-1.458,-0.8279,-1.8781,0.055599,3.2694,-3.4829,101.82,2026-10-22,24,,,yahoo,1.0,0.0,1.0,1.0,1.0,0.0,1.0,1.0,0.0,0.1863,-2.2417,3.2833,4.1107,40.1494,31.6072,35.29,36.18,55.533,-8.5577,-10.8072,-41.8904
TSN,50.91999816894531,50.92,2026-09-25,False,50.68000030517578,51.290000915527344,-0.43,-1.99,ALTO,17924286464.0,31.45,12.34,0.99,3.26,2.56,2.71,1.03,6.65,9.13,0.44,1.43,,YAHOO,-1.458,-0.8279,-1.8781,0.055599,3.2694,-3.4829,101.82,2026-11-16,49,,,yahoo,1.0,0.0,1.0,1.0,1.0,0.0,1.0,0.0,1.0,-3.5058,-3.8883,-15.9932,-12.2197,3.772,26.8646,55.81,60.6141,67.5448,-8.7619,-15.9932,-24.613
TTD,12.600000381469727,12.6,2026-09-25,False,12.489999771118164,12.770000457763672,-0.24,-73.11,ALTO,5834291712.0,0.15,12.23,2.25,15.44,6.25,14.21,13.61,9.99,6.8,0.17,1.72,,YAHOO,-1.458,-0.8279,-1.8781,0.055599,3.2694,-3.4829,101.82,2026-11-05,38,,,yahoo,1.0,1.0,1.0,1.0,0.0,0.0,1.0,0.0,1.0,-9.4828,-12.1339,-33.3686,-31.4099,38.4757,65.7125,15.09,19.79,54.13,-16.501,-36.3315,-76.7227
TTWO,201.44000244140625,201.44,2026-09-25,False,200.5500030517578,203.99000549316406,-0.76,-17.88,ALTO,37835493376.0,,19.66,10.69,-9.04,-0.62,0.51,-4.79,3.32,50.82,0.82,1.06,,YAHOO,-1.458,-0.8279,-1.8781,0.055599,3.2694,-3.4829,101.82,2026-11-09,42,,,yahoo,0.0,1.0,1.0,1.0,1.0,1.0,0.0,1.0,1.0,-1.9518,-6.5113,-18.6495,-15.5494,17.2607,34.1408,235.39,258.41,262.29,-14.4229,-22.0464,-23.1995
TYL,325.57000732421875,325.57,2026-09-25,False,324.6400146484375,331.4100036621094,-0.39,-37.72,ALTO,13269354496.0,42.52,21.11,4.37,9.73,4.18,14.74,13.36,4.48,30.0,0.48,1.55,,YAHOO,-1.458,-0.8279,-1.8781,0.055599,3.2694,-3.4829,101.82,2026-10-28,30,,,yahoo,1.0,1.0,1.0,1.0,0.0,0.0,0.0,1.0,1.0,-3.5348,-3.297,-2.3339,10.5876,14.117,43.4811,379.27,379.27,529.72,-14.1588,-14.1588,-38.5392
UDR,33.84000015258789,33.84,2026-09-25,False,33.349998474121094,33.939998626708984,0.86,-3.38,ALTO,12427932672.0,21.41,60.41,3.75,13.74,2.24,20.18,29.56,6.27,17.11,1.56,0.18,,YAHOO,-1.458,-0.8279,-1.8781,0.055599,3.2694,-3.4829,101.82,2026-10-28,30,,,yahoo,1.0,1.0,1.0,1.0,1.0,0.0,1.0,1.0,1.0,-0.177,-3.248,-12.5393,-14.3772,14.3676,18.1699,36.9678,40.7677,40.7677,-8.4609,-16.9932,-16.9932
UHS,178.86000061035156,178.86,2026-09-25,False,176.5399932861328,180.41000366210938,1.06,-9.16,ALTO,10460052480.0,7.24,7.4,1.39,20.95,8.32,11.14,8.42,4.76,5.83,0.69,1.12,,YAHOO,-1.458,-0.8279,-1.8781,0.055599,3.2694,-3.4829,101.82,2026-10-26,28,,,yahoo,1.0,1.0,1.0,1.0,1.0,0.0,1.0,1.0,1.0,1.2281,2.3051,7.7309,22.9118,33.9299,30.9502,181.39,181.39,243.1212,-1.3948,-1.3948,-26.4317
ULTA,545.2000122070312,545.2,2026-09-25,False,541.3200073242188,553.0399780273438,-0.65,1.0,ALTO,23479410688.0,19.98,17.11,8.65,46.12,14.84,12.51,9.34,3.89,13.33,0.95,1.34,,YAHOO,-1.458,-0.8279,-1.8781,0.055599,3.2694,-3.4829,101.82,2026-12-03,66,,,yahoo,1.0,0.0,1.0,1.0,1.0,0.0,1.0,0.0,0.0,0.7801,-0.289,8.7095,11.6184,17.8174,33.1847,564.12,565.15,706.82,-3.3539,-3.53,-22.8658
UPS,93.95999908447266,93.96,2026-09-25,False,92.30999755859375,93.98999786376953,2.07,21.19,ALTO,80186163200.0,17.52,11.68,5.32,29.6,7.28,9.05,5.08,6.98,8.63,1.9,1.18,,YAHOO,-1.458,-0.8279,-1.8781,0.055599,3.2694,-3.4829,101.82,2026-10-27,29,,,yahoo,1.0,0.0,1.0,1.0,0.0,1.0,1.0,1.0,0.0,-5.1484,-6.3024,-9.5441,-11.7273,42.0523,30.2124,105.33,115.8725,115.8725,-10.7946,-18.9109,-18.9109
URI,1047.06005859375,1047.0601,2026-09-25,False,1017.6699829101562,1050.199951171875,2.49,13.29,ALTO,64976179200.0,25.11,18.21,7.06,28.89,8.77,25.99,15.67,2.63,17.11,1.67,0.76,,YAHOO,-1.458,-0.8279,-1.8781,0.055599,3.2694,-3.4829,101.82,2026-10-21,23,,,yahoo,1.0,0.0,1.0,1.0,1.0,0.0,1.0,0.0,0.0,3.2695,5.8577,-3.8848,-6.4898,27.7977,37.1159,1047.0601,1164.8199,1164.8199,0.0,-10.1097,-10.1097
VICI,23.510000228881836,23.51,2026-09-25,False,23.200000762939453,23.520000457763672,1.03,-21.54,ALTO,25533988864.0,8.99,7.76,0.88,9.85,4.82,70.18,67.5,1.05,11.96,0.6,11.24,,YAHOO,-1.458,-0.8279,-1.8781,0.055599,3.2694,-3.4829,101.82,2026-10-29,31,,,yahoo,1.0,1.0,1.0,0.0,1.0,0.0,0.0,1.0,1.0,-0.8853,-3.5067,-11.5893,-11.9467,19.5443,18.4122,25.3849,26.6801,30.7538,-7.3858,-11.8819,-23.5543
VLO,387.17999267578125,387.18,2026-09-25,False,370.5899963378906,388.9200134277344,1.13,126.63,ALTO,112167903232.0,16.25,10.24,4.49,27.64,10.56,12.27,5.45,7.5,8.89,0.4,1.64,,YAHOO,-1.458,-0.8279,-1.8781,0.055599,3.2694,-3.4829,101.82,2026-10-22,24,,,yahoo,1.0,0.0,1.0,1.0,0.0,1.0,1.0,1.0,0.0,-6.3153,-0.8299,30.0443,49.854,42.177,35.0413,413.28,413.28,413.28,-6.3153,-6.3153,-6.3153
VLTO,97.13999938964844,97.14,2026-09-25,False,95.79000091552734,97.36000061035156,0.98,-6.6,ALTO,23452919808.0,24.23,20.17,7.59,34.31,10.31,21.37,17.35,3.44,17.93,1.16,1.77,,YAHOO,-1.458,-0.8279,-1.8781,0.055599,3.2694,-3.4829,101.82,2026-10-21,23,,,yahoo,1.0,0.0,1.0,1.0,1.0,0.0,0.0,1.0,0.0,2.8045,3.2306,-1.3507,8.4056,6.076,23.0487,98.57,100.1,106.6836,-1.4507,-2.957,-8.9457
VMC,245.0,245.0,2026-09-25,False,241.47000122070312,246.8800048828125,1.37,-16.32,ALTO,31895805952.0,29.34,23.11,3.76,13.23,6.04,21.61,13.75,2.64,15.67,0.58,1.76,,YAHOO,-1.458,-0.8279,-1.8781,0.055599,3.2694,-3.4829,101.82,2026-10-29,31,,,yahoo,1.0,1.0,1.0,1.0,1.0,1.0,1.0,1.0,1.0,1.7315,-3.0624,-14.8966,-21.1642,21.3989,28.7145,274.51,304.2746,328.4807,-10.7501,-19.4806,-25.4142
VRSK,169.2100067138672,169.21,2026-09-25,False,167.5,171.1199951171875,0.33,-30.03,ALTO,21836275712.0,25.77,19.29,-18.82,,18.96,45.11,28.24,4.83,17.09,,1.0,,YAHOO,-1.458,-0.8279,-1.8781,0.055599,3.2694,-3.4829,101.82,2026-10-28,30,,,yahoo,1.0,0.0,1.0,1.0,1.0,1.0,1.0,1.0,0.0,-3.5346,-3.7097,-20.068,-6.8703,15.3831,39.3733,193.8304,212.5802,249.0065,-12.702,-20.4018,-32.046
VRSN,287.25,287.25,2026-09-25,False,286.82000732421875,292.6099853515625,-1.59,2.46,ALTO,25499127808.0,30.59,25.5,-11.31,,45.12,68.18,49.77,3.27,22.58,,0.59,,YAHOO,-1.458,-0.8279,-1.8781,0.055599,3.2694,-3.4829,101.82,2026-10-22,24,,,yahoo,1.0,1.0,1.0,1.0,0.0,1.0,1.0,1.0,1.0,-5.2355,-1.8653,2.4696,12.7037,15.6879,30.2027,308.18,308.18,309.0927,-6.7915,-6.7915,-7.0667
VTR,86.58999633789062,86.59,2026-09-25,False,85.62000274658203,87.05999755859375,-0.28,30.2,ALTO,44646850560.0,158.25,110.18,3.05,2.01,2.17,14.81,4.09,3.33,24.33,0.85,0.29,,YAHOO,-1.458,-0.8279,-1.8781,0.055599,3.2694,-3.4829,101.82,2026-10-27,29,,,yahoo,1.0,1.0,1.0,1.0,1.0,0.0,0.0,0.0,1.0,-0.1154,-3.7782,-11.7689,-2.193,3.6987,24.9205,92.11,100.53,100.53,-5.9928,-13.8665,-13.8665
VTRS,17.829999923706055,17.83,2026-09-25,False,17.3700008392334,17.979999542236328,2.35,94.48,ALTO,20984756224.0,,6.83,1.45,-2.75,2.67,12.55,-2.79,12.76,7.71,0.96,1.58,,YAHOO,-1.458,-0.8279,-1.8781,0.055599,3.2694,-3.4829,101.82,2026-11-05,38,,,yahoo,0.0,0.0,1.0,1.0,1.0,0.0,1.0,0.0,1.0,5.1917,7.9952,0.5808,10.0044,19.4191,27.9903,17.83,17.83,17.83,0.0,0.0,0.0
WAB,288.0,288.0,2026-09-25,False,286.3900146484375,292.6700134277344,-0.77,48.69,ALTO,49384464384.0,39.35,23.47,4.41,11.55,6.17,19.19,10.59,2.23,21.01,0.62,1.12,,YAHOO,-1.458,-0.8279,-1.8781,0.055599,3.2694,-3.4829,101.82,2026-10-21,23,,,yahoo,1.0,0.0,1.0,1.0,0.0,0.0,1.0,1.0,0.0,2.7727,1.6877,-5.7205,6.963,22.6605,29.1555,292.23,305.4747,305.4747,-1.4475,-5.7205,-5.7205
WAT,433.5400085449219,433.54,2026-09-25,False,425.6700134277344,435.92999267578125,0.75,50.58,ALTO,43490443264.0,112.14,26.77,2.86,1.92,3.56,9.42,3.59,-0.33,33.37,0.36,1.86,,YAHOO,-1.458,-0.8279,-1.8781,0.055599,3.2694,-3.4829,101.82,2026-10-30,32,,,yahoo,1.0,0.0,1.0,1.0,1.0,0.0,0.0,0.0,0.0,2.8248,6.1713,12.9305,15.7928,22.9624,27.1816,433.54,433.54,433.54,0.0,0.0,0.0
WDAY,189.4499969482422,189.45,2026-09-25,False,188.75,192.07000732421875,-0.81,-22.02,ALTO,45452603392.0,38.73,14.25,7.04,16.01,4.51,11.82,12.32,6.7,28.89,0.58,0.91,,YAHOO,-1.458,-0.8279,-1.8781,0.055599,3.2694,-3.4829,101.82,2026-11-23,56,2026-08-27,32.0,finnhub,1.0,1.0,1.0,1.0,1.0,0.0,1.0,1.0,1.0,-2.2799,2.0194,18.6361,52.524,28.0118,66.1813,206.92,206.92,247.69,-8.4429,-8.4429,-23.5133
WEC,101.44999694824219,101.45,2026-09-25,False,100.13999938964844,101.66999816894531,0.55,-5.74,ALTO,33057417216.0,19.7,16.91,,11.99,3.03,21.8,16.69,-7.12,14.24,1.58,0.53,,YAHOO,-1.458,-0.8279,-1.8781,0.055599,3.2694,-3.4829,101.82,2026-10-29,31,,,yahoo,1.0,0.0,1.0,1.0,1.0,0.0,0.0,0.0,1.0,-1.6672,-3.6837,-9.9249,-13.8962,14.2115,16.4739,107.06,117.8031,117.8229,-5.2401,-13.8817,-13.8962
WM,206.8300018310547,206.83,2026-09-25,False,206.2100067138672,207.97999572753906,-0.54,-3.23,ALTO,82517204992.0,29.2,22.64,8.32,29.84,6.57,18.99,11.12,2.85,13.55,2.35,0.91,,YAHOO,-1.458,-0.8279,-1.8781,0.055599,3.2694,-3.4829,101.82,2026-10-27,29,,,yahoo,1.0,0.0,1.0,1.0,1.0,1.0,0.0,1.0,1.0,-2.0227,-3.106,-13.2266,-7.8863,5.79,20.6411,220.7444,241.1841,243.3985,-6.3034,-14.2439,-15.0241
WMB,69.26000213623047,69.26,2026-09-25,False,68.81999969482422,70.47000122070312,-1.87,12.67,ALTO,84374093824.0,27.48,26.75,6.41,21.5,5.03,39.54,24.94,-1.8,16.66,2.0,0.48,,YAHOO,-1.458,-0.8279,-1.8781,0.055599,3.2694,-3.4829,101.82,2026-11-02,35,,,yahoo,1.0,1.0,1.0,1.0,0.0,1.0,0.0,1.0,1.0,-3.8723,-4.9279,-0.5659,-10.4685,13.3641,26.1807,75.2833,75.4322,78.2497,-8.0008,-8.1825,-11.4885
WSM,231.89999389648438,231.9,2026-09-25,False,226.8699951171875,233.83999633789062,1.42,16.87,ALTO,27210522624.0,23.72,21.97,14.55,54.96,16.64,17.27,14.73,3.93,16.7,0.71,1.45,,YAHOO,-1.458,-0.8279,-1.8781,0.055599,3.2694,-3.4829,101.82,2026-11-18,51,,,yahoo,1.0,0.0,1.0,1.0,0.0,0.0,1.0,0.0,0.0,3.4344,2.5063,-1.8704,-2.7241,30.8064,28.4583,235.09,251.78,251.78,-1.3569,-7.8958,-7.8958
WST,370.44000244140625,370.44,2026-09-25,False,368.45001220703125,372.1400146484375,-0.85,45.96,ALTO,26436653056.0,48.04,37.63,8.84,19.09,11.38,22.47,16.98,1.05,28.85,0.11,2.82,,YAHOO,-1.458,-0.8279,-1.8781,0.055599,3.2694,-3.4829,101.82,2026-10-22,24,,,yahoo,1.0,0.0,1.0,1.0,1.0,1.0,1.0,1.0,0.0,2.2439,6.9925,9.9947,5.6526,25.7727,25.2016,375.87,375.87,375.87,-1.4446,-1.4446,-1.4446
WTW,293.989990234375,293.99,2026-09-25,False,292.04998779296875,298.1300048828125,0.12,-12.0,ALTO,27128819712.0,18.1,12.78,3.53,19.76,5.08,17.56,15.49,5.22,11.6,0.91,1.1,,YAHOO,-1.458,-0.8279,-1.8781,0.055599,3.2694,-3.4829,101.82,2026-10-29,31,,,yahoo,1.0,1.0,1.0,1.0,0.0,1.0,1.0,0.0,0.0,-5.1584,-6.8502,-7.0123,11.1631,13.9515,28.8873,343.75,350.75,350.75,-14.4756,-16.1825,-16.1825
WY,20.010000228881836,20.01,2026-09-25,False,19.90999984741211,20.219999313354492,-0.65,-14.25,ALTO,14212913152.0,29.88,29.33,1.51,4.97,0.67,8.03,6.89,0.1,27.81,0.58,1.82,,YAHOO,-1.458,-0.8279,-1.8781,0.055599,3.2694,-3.4829,101.82,2026-10-29,31,,,yahoo,1.0,0.0,1.0,1.0,0.0,0.0,1.0,0.0,0.0,-5.7022,-9.2928,-17.9437,-20.2131,48.3814,30.5908,23.4245,25.6045,26.396,-14.5767,-21.8496,-24.1931
WYNN,81.12000274658203,81.12,2026-09-25,False,80.0999984741211,81.80000305175781,1.16,-34.99,ALTO,8290942464.0,19.31,15.63,-48.42,,5.73,16.54,6.05,5.74,9.77,,0.91,,YAHOO,-1.458,-0.8279,-1.8781,0.055599,3.2694,-3.4829,101.82,2026-11-05,38,,,yahoo,1.0,0.0,1.0,1.0,1.0,0.0,1.0,0.0,0.0,-0.6856,-7.5028,-17.8766,-19.0376,19.6268,24.5524,95.26,104.5341,132.1289,-14.8436,-22.3985,-38.6054
XEL,69.80000305175781,69.8,2026-09-25,False,68.72000122070312,69.94000244140625,0.35,-6.9,ALTO,43343372288.0,19.01,15.28,1.8,9.92,2.37,22.7,15.28,-18.25,13.55,1.73,0.7,,YAHOO,-1.458,-0.8279,-1.8781,0.055599,3.2694,-3.4829,101.82,2026-10-29,31,,,yahoo,1.0,0.0,1.0,1.0,0.0,1.0,0.0,1.0,0.0,-3.4578,-6.8045,-12.408,-14.4319,19.125,17.0188,76.2653,81.3046,82.0098,-8.4773,-14.15,-14.8882
XYL,102.62999725341797,102.63,2026-09-25,False,102.27999877929688,103.94000244140625,-0.03,-26.49,ALTO,23561154560.0,24.03,16.16,2.14,9.18,5.11,17.0,11.15,5.02,12.94,0.29,1.61,,YAHOO,-1.458,-0.8279,-1.8781,0.055599,3.2694,-3.4829,101.82,2026-11-03,36,,,yahoo,1.0,1.0,1.0,1.0,1.0,0.0,0.0,1.0,0.0,-4.5835,-4.0482,-17.5638,-11.5324,47.3417,28.0634,111.31,124.825,150.8356,-7.798,-17.7809,-31.959
YUM,138.6300048828125,138.63,2026-09-25,False,136.41000366210938,139.6300048828125,0.94,-6.1,ALTO,37736763392.0,17.42,19.95,-5.23,,22.69,32.78,25.41,2.21,16.45,,0.59,,YAHOO,-1.458,-0.8279,-1.8781,0.055599,3.2694,-3.4829,101.82,2026-11-03,36,,,yahoo,1.0,0.0,1.0,1.0,1.0,0.0,1.0,0.0,0.0,0.4638,-1.5901,-7.2871,-10.9207,23.9146,30.0931,153.0882,166.6498,166.6498,-9.4443,-16.8136,-16.8136
ZBH,91.04000091552734,91.04,2026-09-25,False,89.23999786376953,91.83999633789062,1.51,-5.19,ALTO,17475387392.0,22.24,10.1,1.38,6.41,3.88,17.96,9.48,6.14,9.75,0.6,1.69,,YAHOO,-1.458,-0.8279,-1.8781,0.055599,3.2694,-3.4829,101.82,2026-11-05,38,,,yahoo,1.0,0.0,1.0,1.0,0.0,1.0,1.0,0.0,0.0,-4.5302,-2.6206,-4.9191,-2.2127,31.7386,30.4486,100.91,101.38,103.1494,-9.781,-10.1992,-11.7397
ZBRA,370.0400085449219,370.04,2026-09-25,False,365.0199890136719,374.010009765625,1.35,22.48,ALTO,17593415680.0,34.05,16.75,5.13,15.29,7.32,21.26,9.22,3.28,17.23,0.86,0.52,,YAHOO,-1.458,-0.8279,-1.8781,0.055599,3.2694,-3.4829,101.82,2026-11-03,36,,,yahoo,1.0,0.0,1.0,1.0,0.0,0.0,1.0,0.0,1.0,6.7536,5.6141,30.1125,47.1157,33.3013,62.8599,371.02,383.06,383.06,-0.2641,-3.3989,-3.3989
ZTS,71.05000305175781,71.05,2026-09-25,False,69.5199966430664,71.08000183105469,1.11,-48.75,ALTO,29516562432.0,11.65,10.92,,64.91,15.35,40.72,27.68,6.83,9.12,2.94,3.08,,YAHOO,-1.458,-0.8279,-1.8781,0.055599,3.2694,-3.4829,101.82,2026-11-05,38,,,yahoo,1.0,0.0,1.0,1.0,0.0,1.0,1.0,1.0,0.0,-0.4902,-2.6312,-8.3344,-5.9728,32.0785,30.3751,77.34,77.93,144.75,-8.1329,-8.8284,-50.9154
