Ticker,Precio,Cierre_Confirmado,Fecha_Cierre_Confirmado,Precio_Es_Intradiario,Low,High,Change (%),RS 20D,Credit Stress,Market Cap,P/E,Forward P/E,P/Book,ROE,ROA,Operating Margin,Net Margin,FCF Yield,EV/EBITDA,Debt/Equity,Current Ratio,Piotroski,Fund Source,Grain_IS,ZC_Surprise,ZS_Surprise,SPX_Quarterly_Divisor,SPX_ROC_63d,z_MOVE_inv,MOVE_price,Earnings_Next_Date,Earnings_Days_To_Next,Earnings_Last_Date,Earnings_Days_Since,Earnings_Source,piotroski_roa_positive,piotroski_d_roa,piotroski_cfo_positive,piotroski_cfo_gt_ni,piotroski_d_leverage,piotroski_d_liquidity,piotroski_no_dilution,piotroski_d_margin,piotroski_d_turnover,roc_5d,roc_10d,roc_42d,roc_63d,vol_5d,vol_60d,high_20d,high_60d,high_252d,drawdown_20d,drawdown_60d,drawdown_252d
^GSPC,7743.41015625,7743.4102,2026-09-25,False,7693.080078125,7752.06982421875,0.51,4.36,ALTO,,,,,,,,,,,,,,NONE,-0.0255,-0.0292,-0.023,0.05606,5.2949,-2.352,96.0,,999,,,none,,,,,,,,,,1.2144,1.1288,4.2353,5.2949,8.2591,11.2703,7764.7002,7798.9902,,-0.2742,-0.7127,
^DJI,51828.62109375,51828.6211,2026-09-25,False,51339.23828125,51874.94140625,0.93,-1.03,ALTO,,,,,,,,,,,,,,NONE,-0.0255,-0.0292,-0.023,0.05606,5.2949,-2.352,96.0,,999,,,none,,,,,,,,,,0.2825,-1.4164,-1.7417,-0.0915,11.2675,11.7933,53686.1094,54349.1211,,-3.4599,-4.6376,
^IXIC,27068.716796875,27068.7168,2026-09-25,False,26876.271484375,27122.763671875,0.48,6.06,ALTO,,,,,,,,,,,,,,NONE,-0.0255,-0.0292,-0.023,0.05606,5.2949,-2.352,96.0,,999,,,none,,,,,,,,,,2.0593,2.7937,8.8106,7.001,11.9669,17.2547,27244.2793,27244.2793,,-0.6444,-0.6444,
^RUT,2837.552001953125,2837.552,2026-09-25,False,2826.792724609375,2851.697509765625,0.07,-6.67,ALTO,,,,,,,,,,,,,,NONE,-0.0255,-0.0292,-0.023,0.05606,5.2949,-2.352,96.0,,999,,,none,,,,,,,,,,-0.7988,-2.2861,-3.9355,-5.7317,15.8552,13.5338,2975.6499,3068.4199,,-4.6409,-7.524,
^VIX,14.869999885559082,14.87,2026-09-25,False,14.680000305175781,15.9399995803833,-5.11,-22.22,ALTO,,,,,,,,,,,,,,NONE,-0.0255,-0.0292,-0.023,0.05606,5.2949,-2.352,96.0,,999,,,none,,,,,,,,,,0.4051,-6.1237,-28.0252,-15.7507,92.8874,102.7592,17.84,20.66,,-16.648,-28.0252,
^MOVE,96.00250244140625,96.0025,2026-09-25,False,96.00250244140625,104.58049774169922,-8.2,42.8,ALTO,,,,,,,,,,,,,,NONE,-0.0255,-0.0292,-0.023,0.05606,5.2949,-2.352,96.0,,999,,,none,,,,,,,,,,19.0507,16.7772,26.1697,43.7378,212.0715,84.35,104.58,104.58,,-8.2019,-8.2019,
^TNX,5.184000015258789,5.184,2026-09-25,False,5.161999702453613,5.230000019073486,0.43,17.09,ALTO,,,,,,,,,,,,,,NONE,-0.0255,-0.0292,-0.023,0.05606,5.2949,-2.352,96.0,,999,,,none,,,,,,,,,,3.7215,4.201,12.5977,18.5727,20.2045,14.2242,5.184,5.184,,0.0,0.0,
^IRX,4.070000171661377,4.07,2026-09-25,False,4.057000160217285,4.088000297546387,0.05,9.66,ALTO,,,,,,,,,,,,,,NONE,-0.0255,-0.0292,-0.023,0.05606,5.2949,-2.352,96.0,,999,,,none,,,,,,,,,,2.3127,4.0123,8.2447,11.1111,6.1377,10.9761,4.07,4.07,,0.0,0.0,
DX-Y.NYB,101.03500366210938,101.035,2026-09-25,False,100.87200164794922,101.30500030517578,-0.25,-1.33,ALTO,,,,,,,,,,,,,,NONE,-0.0255,-0.0292,-0.023,0.05606,5.2949,-2.352,96.0,,999,,,none,,,,,,,,,,0.8132,1.932,-0.3403,-0.3206,4.8811,4.6653,101.29,101.51,,-0.2517,-0.4679,
^N225,65513.98828125,65513.9883,2026-09-24,False,65407.37109375,66249.109375,0.76,-10.41,ALTO,,,,,,,,,,,,,,NONE,-0.0255,-0.0292,-0.023,0.05606,5.2949,-2.352,96.0,,999,,,none,,,,,,,,,,3.183,-1.3341,-0.9099,,6.8743,27.3341,66405.5625,70474.9609,,-1.3426,-7.0393,
^MERV,2893750.75,2893750.75,2026-09-25,False,2888335.5,2955359.5,-1.57,-7.47,ALTO,,,,,,,,,,,,,,NONE,-0.0255,-0.0292,-0.023,0.05606,5.2949,-2.352,96.0,,999,,,none,,,,,,,,,,-4.2415,-6.62,-11.1355,-7.3529,10.0214,23.3984,3157852.0,3379772.0,,-8.3633,-14.3803,
^NYA,23912.5859375,23912.5859,2026-09-25,False,23770.375,23937.853515625,0.4,0.0,ALTO,,,,,,,,,,,,,,NONE,-0.0255,-0.0292,-0.023,0.05606,5.2949,-2.352,96.0,,999,,,none,,,,,,,,,,-0.3591,-1.7219,-1.3087,0.9429,7.5236,8.1944,24720.1504,24821.6797,,-3.2668,-3.6625,
^HSI,24761.130859375,24761.1309,2026-09-24,False,24648.2890625,24791.19921875,-0.29,6.36,ALTO,,,,,,,,,,,,,,NONE,-0.0255,-0.0292,-0.023,0.05606,5.2949,-2.352,96.0,,999,,,none,,,,,,,,,,0.6375,-0.7748,-2.1719,9.2153,14.5816,15.9713,25650.8691,26009.4609,,-3.4686,-4.7995,
^TWII,48024.6015625,48024.6016,2026-09-24,False,47754.71875,48117.5390625,-0.28,3.36,ALTO,,,,,,,,,,,,,,NONE,-0.0255,-0.0292,-0.023,0.05606,5.2949,-2.352,96.0,,999,,,none,,,,,,,,,,3.7517,2.3095,15.4344,7.7467,9.9116,31.3427,48157.2891,48157.2891,,-0.2755,-0.2755,
^KS11,7080.919921875,7080.9199,2026-09-23,False,7014.97998046875,7153.990234375,0.9,-14.63,ALTO,,,,,,,,,,,,,,NONE,-0.0255,-0.0292,-0.023,0.05606,5.2949,-2.352,96.0,,999,,,none,,,,,,,,,,5.4027,0.4152,5.8335,-16.4101,17.0633,70.1823,7080.9199,8476.4805,,0.0,-16.4639,
^GDAXI,25266.529296875,25266.5293,2026-09-24,False,25164.19921875,25424.2109375,-0.57,0.15,ALTO,,,,,,,,,,,,,,NONE,-0.0255,-0.0292,-0.023,0.05606,5.2949,-2.352,96.0,,999,,,none,,,,,,,,,,-1.7505,-0.3731,-0.7755,2.5973,12.6201,12.1435,26569.9902,26569.9902,,-4.9058,-4.9058,
^FTSE,10695.25,10695.25,2026-09-25,False,10666.9501953125,10753.349609375,0.14,0.63,ALTO,,,,,,,,,,,,,,NONE,-0.0255,-0.0292,-0.023,0.05606,5.2949,-2.352,96.0,,999,,,none,,,,,,,,,,0.3392,0.4211,-1.6167,2.013,3.1383,8.8126,10831.5,10908.4004,,-1.2579,-1.954,
^AEX,1106.8399658203125,1106.84,2026-09-24,False,1105.050048828125,1112.8800048828125,-0.1,2.73,ALTO,,,,,,,,,,,,,,NONE,-0.0255,-0.0292,-0.023,0.05606,5.2949,-2.352,96.0,,999,,,none,,,,,,,,,,0.5487,1.2412,1.3126,3.8955,8.4009,8.4559,1116.05,1119.59,,-0.8252,-1.1388,
^IBEX,19573.400390625,19573.4004,2026-09-24,False,19492.599609375,19724.099609375,-0.3,-0.63,ALTO,,,,,,,,,,,,,,NONE,-0.0255,-0.0292,-0.023,0.05606,5.2949,-2.352,96.0,,999,,,none,,,,,,,,,,-1.303,-0.4395,-0.7786,0.9594,11.7135,13.3557,20050.6992,20213.5996,,-2.3805,-3.1672,
FTSEMIB.MI,51543.0,51543.0,2026-09-23,False,51540.0,51995.0,-0.85,20.56,ALTO,,,,,,,,,,,,,,YAHOO,-0.0255,-0.0292,-0.023,0.05606,5.2949,-2.352,96.0,,999,,,none,,,,,,,,,,-1.6092,-0.5096,-0.2998,0.7427,17.45,13.3804,52616.0,53717.0,53717.0,-2.0393,-4.0471,-4.0471
^SSMI,13905.8203125,13905.8203,2026-09-24,False,13840.6904296875,13964.150390625,-0.11,-3.23,ALTO,,,,,,,,,,,,,,NONE,-0.0255,-0.0292,-0.023,0.05606,5.2949,-2.352,96.0,,999,,,none,,,,,,,,,,-0.2975,1.2061,-4.5673,-2.2362,10.8237,10.168,14399.7695,14633.7002,,-3.4303,-4.974,
^OMXC25,1836.479736328125,1836.4797,2026-09-25,False,1835.537109375,1853.6766357421875,-0.11,1.04,ALTO,,,,,,,,,,,,,,NONE,-0.0255,-0.0292,-0.023,0.05606,5.2949,-2.352,96.0,,999,,,none,,,,,,,,,,-1.8009,-1.5319,-0.6959,1.9768,6.6886,12.2694,1923.6801,1935.0699,,-4.533,-5.0949,
^GSPTSE,35800.890625,35800.8906,2026-09-25,False,35587.48828125,35844.23828125,0.26,1.79,ALTO,,,,,,,,,,,,,,NONE,-0.0255,-0.0292,-0.023,0.05606,5.2949,-2.352,96.0,,999,,,none,,,,,,,,,,-0.0162,0.2896,0.6545,2.7279,16.9295,11.1163,36633.1016,36957.6016,,-2.2717,-3.1298,
^AXJO,8702.0,8702.0,2026-09-24,False,8645.7001953125,8765.2998046875,-0.72,-1.47,ALTO,,,,,,,,,,,,,,NONE,-0.0255,-0.0292,-0.023,0.05606,5.2949,-2.352,96.0,,999,,,none,,,,,,,,,,-0.3481,-1.3312,-2.747,-1.3759,7.036,8.8714,9092.2998,9271.5996,,-4.2926,-6.1435,
^MXX,64992.23046875,64992.2305,2026-09-25,False,64205.48828125,65035.9609375,1.13,-4.53,ALTO,,,,,,,,,,,,,,NONE,-0.0255,-0.0292,-0.023,0.05606,5.2949,-2.352,96.0,,999,,,none,,,,,,,,,,2.5503,1.3811,-3.4399,-3.9153,13.4549,12.684,65484.3203,67466.4609,,-0.7515,-3.6673,
^BVSP,183476.859375,183476.8594,2026-09-25,False,182151.015625,184214.484375,-0.27,5.74,ALTO,,,,,,,,,,,,,,NONE,-0.0255,-0.0292,-0.023,0.05606,5.2949,-2.352,96.0,,999,,,none,,,,,,,,,,-0.9459,-1.9925,3.9146,5.9305,10.4146,17.3645,188269.0,188269.0,,-2.5454,-2.5454,
HYG,77.86000061035156,77.86,2026-09-25,False,77.66999816894531,77.93000030517578,-0.04,1.14,ALTO,,,,,,,,,,,,,,YAHOO,-0.0255,-0.0292,-0.023,0.05606,5.2949,-2.352,96.0,,999,,,none,,,,,,,,,,-0.8532,-0.9415,-0.9484,-1.0003,5.2336,3.2164,79.375,79.4844,79.4844,-1.9087,-2.0437,-2.0437
LQD,103.20999908447266,103.21,2026-09-25,False,102.73999786376953,103.2699966430664,0.06,-3.65,ALTO,,,,,,,,,,,,,,YAHOO,-0.0255,-0.0292,-0.023,0.05606,5.2949,-2.352,96.0,,999,,,none,,,,,,,,,,-1.4231,-1.064,-2.563,-4.6047,9.2027,5.9794,105.9054,107.7492,108.7169,-2.5451,-4.2128,-5.0653
TLT,79.31999969482422,79.32,2026-09-25,False,78.83000183105469,79.45999908447266,-0.13,-7.71,ALTO,,,-3966.0,0.53,,,,,,,,,,YAHOO,-0.0255,-0.0292,-0.023,0.05606,5.2949,-2.352,96.0,,999,,,none,,,,,,,,,,-2.3754,-1.9167,-5.0989,-8.1502,12.4428,10.0168,82.5636,84.8418,88.4493,-3.9286,-6.5084,-10.3215
GC=F,4320.5,4320.5,2026-09-25,False,4289.2001953125,4351.60009765625,0.52,5.8,ALTO,,,,,,,,,,,,,,NONE,-0.0255,-0.0292,-0.023,0.05606,5.2949,-2.352,96.0,,999,,,none,,,,,,,,,,-2.3594,-2.005,6.9775,5.4732,12.1613,21.5704,4539.8999,4697.7998,,-4.8327,-8.0314,
HG=F,6.7789998054504395,6.779,2026-09-25,False,6.7230000495910645,6.796999931335449,0.9,10.73,ALTO,,,,,,,,,,,,,,NONE,-0.0255,-0.0292,-0.023,0.05606,5.2949,-2.352,96.0,,999,,,none,,,,,,,,,,2.4792,4.784,7.2287,10.3802,16.748,22.2188,6.8035,6.8035,,-0.3601,-0.3601,
CL=F,92.44000244140625,92.44,2026-09-25,False,91.51000213623047,94.75,-2.29,27.59,ALTO,,,,,,,,,,,,,,NONE,-0.0255,-0.0292,-0.023,0.05606,5.2949,-2.352,96.0,,999,,,none,,,,,,,,,,-7.8365,-7.6062,16.6288,33.5259,38.3421,51.5319,105.83,105.83,,-12.6524,-12.6524,
ZS=F,1320.0,1320.0,2026-09-25,False,1297.5,1320.5,0.19,16.14,ALTO,,,,,,,,,,,,,,NONE,-0.0255,-0.0292,-0.023,0.05606,5.2949,-2.352,96.0,,999,,,none,,,,,,,,,,1.2658,3.1049,8.9109,17.2031,5.0397,20.7386,1328.0,1328.0,,-0.6024,-0.6024,
ZC=F,528.75,528.75,2026-09-25,False,514.75,529.0,0.24,26.55,ALTO,,,,,,,,,,,,,,NONE,-0.0255,-0.0292,-0.023,0.05606,5.2949,-2.352,96.0,,999,,,none,,,,,,,,,,0.237,3.6257,15.3217,28.1042,12.3025,25.8571,543.0,543.0,,-2.6243,-2.6243,
BTC-USD,84057.640625,84057.6406,2026-09-25,False,83256.234375,85205.3515625,-0.38,-23.86,ALTO,1688310513664.0,,,,,,,,,,,,,YAHOO,-0.0255,-0.0292,-0.023,0.05606,5.2949,-2.352,96.0,,999,,,none,,,,,,,,,,3.5925,11.169,33.4765,31.1382,14.5334,36.331,86602.9141,86602.9141,95099.9219,-2.939,-2.939,-11.6112
ETH-USD,2692.840087890625,2692.8401,2026-09-25,False,2667.740234375,2740.6748046875,0.21,-31.33,ALTO,328805056512.0,,,,,,,,,,,,,YAHOO,-0.0255,-0.0292,-0.023,0.05606,5.2949,-2.352,96.0,,999,,,none,,,,,,,,,,1.8858,12.2444,43.1867,44.7626,19.648,50.474,2776.4683,2776.4683,3308.8643,-3.012,-3.012,-18.6174
IBIT,47.56999969482422,47.57,2026-09-25,False,47.04999923706055,47.76499938964844,-0.5,-24.34,ALTO,,,,,,,,,,,,,,YAHOO,-0.0255,-0.0292,-0.023,0.05606,5.2949,-2.352,96.0,,999,,,none,,,,,,,,,,3.3681,8.6817,31.627,40.5318,12.9663,39.3723,49.01,49.01,71.29,-2.9382,-2.9382,-33.2726
SPY,771.3499755859375,771.35,2026-09-25,False,766.2899780273438,772.280029296875,0.54,17.54,ALTO,,24.92,,1.8,,,,,,,,,,YAHOO,-0.0255,-0.0292,-0.023,0.05606,5.2949,-2.352,96.0,,999,,,none,,,,,,,,,,1.2682,1.1743,4.374,6.0735,8.2095,11.2848,773.5,775.9532,775.9532,-0.278,-0.5932,-0.5932
QQQ,744.5,744.5,2026-09-25,False,739.6400146484375,745.9149780273438,0.46,25.09,ALTO,,30.34,,2.08,,,,,,,,,,YAHOO,-0.0255,-0.0292,-0.023,0.05606,5.2949,-2.352,96.0,,999,,,none,,,,,,,,,,3.3025,4.2519,10.3311,5.4854,11.2971,19.6305,747.46,747.46,747.46,-0.396,-0.396,-0.396
DIA,517.489990234375,517.49,2026-09-25,False,512.5900268554688,517.9149780273438,0.94,13.36,ALTO,,21.01,,,,,,,,,,,,YAHOO,-0.0255,-0.0292,-0.023,0.05606,5.2949,-2.352,96.0,,999,,,none,,,,,,,,,,0.3121,-1.3517,-1.4761,0.2917,11.4471,11.7297,535.6953,541.1131,541.1131,-3.3984,-4.3657,-4.3657
IWM,281.9700012207031,281.97,2026-09-25,False,280.4549865722656,283.5199890136719,0.11,18.1,ALTO,,16.6,,1.29,,,,,,,,,,YAHOO,-0.0255,-0.0292,-0.023,0.05606,5.2949,-2.352,96.0,,999,,,none,,,,,,,,,,-0.7497,-2.1405,-3.6348,-5.7111,16.7653,13.4573,295.2389,304.2953,304.2953,-4.4943,-7.3367,-7.3367
GLD,393.4100036621094,393.41,2026-09-25,False,390.04998779296875,394.21990966796875,0.44,13.18,ALTO,,,,2.31,,,,,,,,,,YAHOO,-0.0255,-0.0292,-0.023,0.05606,5.2949,-2.352,96.0,,999,,,none,,,,,,,,,,-1.9343,-1.3441,6.5084,5.294,16.6797,23.7881,410.22,428.07,495.9,-4.0978,-8.0968,-20.6675
SLV,58.13999938964844,58.14,2026-09-25,False,57.25,58.499900817871094,0.9,40.76,ALTO,,,,,,,,,,,,,,YAHOO,-0.0255,-0.0292,-0.023,0.05606,5.2949,-2.352,96.0,,999,,,none,,,,,,,,,,-2.9868,0.0344,12.4565,9.1216,42.5288,38.295,60.73,62.77,105.6,-4.2648,-7.3761,-44.9432
XLY,110.55999755859375,110.56,2026-09-25,False,109.6500015258789,110.91999816894531,0.22,-6.56,ALTO,,24.16,,,,,,,,,,,,YAHOO,-0.0255,-0.0292,-0.023,0.05606,5.2949,-2.352,96.0,,999,,,none,,,,,,,,,,-0.204,-1.9091,-1.4905,-3.1184,12.3919,19.5412,116.9524,119.5966,123.7507,-5.4658,-7.5559,-10.6591
XLV,170.6999969482422,170.7,2026-09-25,False,168.68499755859375,170.97000122070312,0.49,28.45,ALTO,,30.5,,,,,,,,,,,,YAHOO,-0.0255,-0.0292,-0.023,0.05606,5.2949,-2.352,96.0,,999,,,none,,,,,,,,,,1.7598,3.6244,2.4473,6.8687,9.4916,17.3481,172.5994,175.0102,175.0102,-1.1005,-2.4628,-2.4628
XLRE,41.560001373291016,41.56,2026-09-25,False,41.34000015258789,41.79499816894531,-0.22,2.82,ALTO,,29.62,,,,,,,,,,,,YAHOO,-0.0255,-0.0292,-0.023,0.05606,5.2949,-2.352,96.0,,999,,,none,,,,,,,,,,-1.4582,-3.4781,-8.9115,-7.3611,10.1545,12.9832,44.1087,45.6259,45.6259,-5.7783,-8.9115,-8.9115
XLK,196.27000427246094,196.27,2026-09-25,False,195.0500030517578,196.94000244140625,0.8,40.99,ALTO,,34.74,,,,,,,,,,,,YAHOO,-0.0255,-0.0292,-0.023,0.05606,5.2949,-2.352,96.0,,999,,,none,,,,,,,,,,3.6387,4.7046,14.8513,8.4971,10.7158,26.899,196.27,196.27,197.7432,0.0,0.0,-0.745
XLI,170.42999267578125,170.43,2026-09-25,False,169.02999877929688,171.02000427246094,0.95,13.05,ALTO,,27.67,,1.73,,,,,,,,,,YAHOO,-0.0255,-0.0292,-0.023,0.05606,5.2949,-2.352,96.0,,999,,,none,,,,,,,,,,0.6704,-0.8598,-6.3576,-5.6909,11.1355,14.7088,176.6652,186.0101,186.0101,-3.5294,-8.3759,-8.3759
XLF,54.84000015258789,54.84,2026-09-25,False,54.310001373291016,54.8849983215332,0.57,3.24,ALTO,,15.55,,1.61,,,,,,,,,,YAHOO,-0.0255,-0.0292,-0.023,0.05606,5.2949,-2.352,96.0,,999,,,none,,,,,,,,,,-1.4785,-3.8706,-4.4547,2.733,17.2097,12.6635,58.3535,58.3535,58.3535,-6.021,-6.021,-6.021
XLE,62.040000915527344,62.04,2026-09-25,False,61.65999984741211,62.32500076293945,-0.89,39.07,ALTO,,17.21,,1.19,,,,,,,,,,YAHOO,-0.0255,-0.0292,-0.023,0.05606,5.2949,-2.352,96.0,,999,,,none,,,,,,,,,,-2.9564,-4.1929,8.405,15.9152,15.6743,21.9299,65.5404,65.5404,65.5404,-5.3409,-5.3409,-5.3409
XLC,112.95999908447266,112.96,2026-09-25,False,112.54000091552734,113.5199966430664,-0.9,-3.22,ALTO,,15.58,,,,,,,,,,,,YAHOO,-0.0255,-0.0292,-0.023,0.05606,5.2949,-2.352,96.0,,999,,,none,,,,,,,,,,2.2762,0.6503,3.3394,6.736,17.6048,20.9806,114.75,114.75,118.9953,-1.5599,-1.5599,-5.0719
XLB,49.79999923706055,49.8,2026-09-25,False,49.45000076293945,49.959999084472656,0.24,14.53,ALTO,,23.24,,0.63,,,,,,,,,,YAHOO,-0.0255,-0.0292,-0.023,0.05606,5.2949,-2.352,96.0,,999,,,none,,,,,,,,,,0.0784,-1.8073,-4.415,-3.0442,19.3076,17.0138,52.9364,53.4241,53.4241,-5.9248,-6.7837,-6.7837
XLP,82.05999755859375,82.06,2026-09-25,False,81.33000183105469,82.15499877929688,0.44,7.47,ALTO,,24.27,,1.2,,,,,,,,,,YAHOO,-0.0255,-0.0292,-0.023,0.05606,5.2949,-2.352,96.0,,999,,,none,,,,,,,,,,-0.2419,-0.9359,-5.1233,-2.4912,13.2163,15.5766,84.9712,86.8786,88.3086,-3.4261,-5.5464,-7.0759
XLU,39.5099983215332,39.51,2026-09-25,False,39.125,39.599998474121094,0.38,-5.79,ALTO,,17.79,,0.62,,,,,,,,,,YAHOO,-0.0255,-0.0292,-0.023,0.05606,5.2949,-2.352,96.0,,999,,,none,,,,,,,,,,-3.1618,-6.1087,-12.5648,-13.8517,15.5843,13.7341,43.1328,45.9521,46.7541,-8.3993,-14.0192,-15.494
PSQ,24.639999389648438,24.64,2026-09-25,False,24.599899291992188,24.805099487304688,-0.4,-19.4,ALTO,,,,,,,,,,,,,,YAHOO,-0.0255,-0.0292,-0.023,0.05606,5.2949,-2.352,96.0,,999,,,none,,,,,,,,,,-3.1951,-3.9791,-8.8978,-4.714,11.1983,19.7133,26.047,27.6205,32.6748,-5.4019,-10.791,-24.5901
EWZ,36.81999969482422,36.82,2026-09-25,False,36.415000915527344,36.96500015258789,-0.24,24.87,ALTO,,10.71,,1.01,,,,,,,,,,YAHOO,-0.0255,-0.0292,-0.023,0.05606,5.2949,-2.352,96.0,,999,,,none,,,,,,,,,,-1.8657,-3.5873,2.1359,6.2013,19.4622,22.6829,38.61,38.61,41.3365,-4.6361,-4.6361,-10.9261
FXI,33.959999084472656,33.96,2026-09-25,False,33.900001525878906,34.05500030517578,-0.82,-15.9,ALTO,,9.0,,,,,,,,,,,,YAHOO,-0.0255,-0.0292,-0.023,0.05606,5.2949,-2.352,96.0,,999,,,none,,,,,,,,,,-1.049,-1.5367,-4.7405,7.5024,13.981,17.7749,35.88,36.52,40.9939,-5.3512,-7.0099,-17.1584
COPX,86.7300033569336,86.73,2026-09-25,False,85.44000244140625,87.01000213623047,0.56,57.48,ALTO,,15.95,,,,,,,,,,,,YAHOO,-0.0255,-0.0292,-0.023,0.05606,5.2949,-2.352,96.0,,999,,,none,,,,,,,,,,-0.6302,-2.0332,13.3429,14.2357,40.7952,42.9393,95.27,96.45,96.45,-8.964,-10.0778,-10.0778
URA,40.90999984741211,40.91,2026-09-25,False,40.650001525878906,41.369998931884766,0.12,-13.77,ALTO,,25.76,,,,,,,,,,,,YAHOO,-0.0255,-0.0292,-0.023,0.05606,5.2949,-2.352,96.0,,999,,,none,,,,,,,,,,-1.7767,-6.0188,5.0321,-6.1482,41.6262,45.6943,47.5,48.37,61.81,-13.8737,-15.4228,-33.8133
ARKK,90.7699966430664,90.77,2026-09-25,False,89.72000122070312,92.19000244140625,-1.01,10.26,ALTO,,58.58,,,,,,,,,,,,YAHOO,-0.0255,-0.0292,-0.023,0.05606,5.2949,-2.352,96.0,,999,,,none,,,,,,,,,,2.8788,8.6025,25.2864,16.1782,29.9021,37.8821,91.7,91.7,92.53,-1.0142,-1.0142,-1.9021
ITA,213.80999755859375,213.81,2026-09-25,False,212.15499877929688,215.1300048828125,0.49,4.59,ALTO,,32.45,,,,,,,,,,,,YAHOO,-0.0255,-0.0292,-0.023,0.05606,5.2949,-2.352,96.0,,999,,,none,,,,,,,,,,-0.014,-2.2612,-12.6223,-9.5963,10.1635,20.8205,232.5504,252.9268,252.9268,-8.0587,-15.4657,-15.4657
SMH,606.5599975585938,606.56,2026-09-25,False,602.219970703125,609.6599731445312,1.01,88.57,ALTO,,41.43,,,,,,,,,,,,YAHOO,-0.0255,-0.0292,-0.023,0.05606,5.2949,-2.352,96.0,,999,,,none,,,,,,,,,,5.8569,6.6892,14.5317,-0.8257,20.3113,40.1265,607.46,611.03,668.91,-0.1482,-0.7316,-9.3211
EEM,67.9800033569336,67.98,2026-09-25,False,67.48500061035156,68.16999816894531,1.09,30.31,ALTO,,14.46,,,,,,,,,,,,YAHOO,-0.0255,-0.0292,-0.023,0.05606,5.2949,-2.352,96.0,,999,,,none,,,,,,,,,,1.4173,0.2064,9.0122,1.1758,21.4399,24.9483,69.1,69.1,71.21,-1.6208,-1.6208,-4.5359
AAPL,341.07000732421875,341.07,2026-09-25,False,334.5299987792969,341.6700134277344,1.53,32.33,ALTO,4977636933632.0,39.07,35.58,46.34,148.75,27.08,32.62,27.62,2.16,29.32,0.78,1.0,8.0,YAHOO,-0.0255,-0.0292,-0.023,0.05606,5.2949,-2.352,96.0,2026-10-29,34,,,yahoo,1.0,1.0,1.0,0.0,1.0,1.0,1.0,1.0,1.0,1.4697,2.6485,0.3776,20.2918,16.019,26.8307,341.07,341.07,341.07,0.0,0.0,0.0
MSFT,516.1699829101562,516.17,2026-09-25,False,497.29998779296875,519.4000244140625,3.66,1.7,ALTO,3832843862016.0,28.79,21.8,8.67,34.04,14.09,45.11,40.3,0.43,19.3,0.29,1.23,6.0,YAHOO,-0.0255,-0.0292,-0.023,0.05606,5.2949,-2.352,96.0,2026-10-28,33,,,yahoo,1.0,1.0,1.0,1.0,1.0,0.0,1.0,0.0,0.0,4.5344,4.1442,31.4711,38.655,32.1958,40.6222,516.17,516.17,537.6464,0.0,0.0,-3.9945
NVDA,225.07000732421875,225.07,2026-09-25,False,223.13290405273438,226.94000244140625,0.22,26.03,ALTO,5434765213696.0,28.45,14.35,23.73,117.21,53.57,66.24,63.66,0.77,26.77,0.17,4.59,4.0,YAHOO,-0.0255,-0.0292,-0.023,0.05606,5.2949,-2.352,96.0,2026-11-17,53,2026-08-26,30.0,yahoo,1.0,0.0,1.0,0.0,1.0,0.0,1.0,0.0,0.0,1.2597,3.106,14.3708,17.0321,14.6322,39.5101,230.1025,230.1025,235.2024,-2.1871,-2.1871,-4.3079
META,751.6599731445312,751.66,2026-09-25,False,746.54052734375,769.5700073242188,-3.33,-0.23,ALTO,1914858373120.0,28.34,21.5,7.33,29.85,14.59,34.83,29.83,1.13,18.27,0.43,2.23,5.0,YAHOO,-0.0255,-0.0292,-0.023,0.05606,5.2949,-2.352,96.0,2026-10-28,33,,,yahoo,1.0,0.0,1.0,1.0,0.0,0.0,1.0,1.0,0.0,12.9933,16.0831,26.7679,36.7112,52.0085,48.0544,777.59,777.59,777.59,-3.3347,-3.3347,-3.3347
GOOGL,343.9200134277344,343.92,2026-09-25,False,341.1099853515625,347.0299987792969,0.46,39.35,ALTO,4206119354368.0,17.26,23.08,6.76,48.68,12.96,34.03,54.77,0.54,23.58,0.19,2.72,6.0,YAHOO,-0.0255,-0.0292,-0.023,0.05606,5.2949,-2.352,96.0,2026-10-28,33,,,yahoo,1.0,0.0,1.0,1.0,0.0,1.0,1.0,1.0,0.0,-1.6078,1.6012,3.1258,2.001,35.7404,35.0557,354.97,377.4074,402.1212,-3.1129,-8.873,-14.4735
AMZN,249.6699981689453,249.67,2026-09-25,False,247.17999267578125,250.87750244140625,0.12,13.51,ALTO,2693018681344.0,20.1,24.03,4.88,30.56,6.59,13.69,17.44,0.12,16.69,0.46,1.03,6.0,YAHOO,-0.0255,-0.0292,-0.023,0.05606,5.2949,-2.352,96.0,2026-10-29,34,,,yahoo,1.0,1.0,1.0,1.0,1.0,0.0,0.0,1.0,0.0,-1.5924,-2.7689,8.1478,7.2973,18.114,42.3,266.43,284.02,284.02,-6.2906,-12.0942,-12.0942
TSLA,372.1099853515625,372.11,2026-09-25,False,367.6700134277344,386.8299865722656,-1.54,-13.05,ALTO,1469666033664.0,338.28,169.35,16.92,4.67,1.93,1.41,3.67,0.33,136.3,0.18,1.94,5.0,YAHOO,-0.0255,-0.0292,-0.023,0.05606,5.2949,-2.352,96.0,2026-10-21,26,,,yahoo,1.0,0.0,1.0,1.0,0.0,1.0,0.0,1.0,0.0,2.1522,1.8252,21.035,-2.0015,17.2879,51.6342,380.12,419.77,489.88,-2.1072,-11.3538,-24.0406
MSTR,158.61000061035156,158.61,2026-09-25,False,156.7805938720703,162.75,-1.86,-48.19,ALTO,63012843520.0,,3.2,1.91,-63.56,-38.73,-6808.11,0.0,-35.85,-2.22,0.15,5.39,3.0,YAHOO,-0.0255,-0.0292,-0.023,0.05606,5.2949,-2.352,96.0,2026-10-29,34,,,yahoo,0.0,0.0,0.0,1.0,1.0,1.0,0.0,0.0,0.0,3.047,21.1041,64.9438,92.6983,19.4826,85.1904,168.5,168.5,359.69,-5.8694,-5.8694,-55.9037
PLTR,189.6699981689453,189.67,2026-09-25,False,189.35000610351562,194.21400451660156,-1.52,4.95,ALTO,455788101632.0,162.11,81.65,46.62,38.1,17.29,47.12,49.01,0.47,170.4,0.02,7.23,8.0,YAHOO,-0.0255,-0.0292,-0.023,0.05606,5.2949,-2.352,96.0,2026-11-02,38,,,yahoo,1.0,1.0,1.0,1.0,1.0,1.0,0.0,1.0,1.0,6.7721,13.4186,53.5416,67.9536,34.0414,77.8681,192.59,192.59,207.18,-1.5162,-1.5162,-8.4516
SNOW,335.94000244140625,335.94,2026-09-25,False,332.7900085449219,347.2200012207031,0.58,50.66,ALTO,118519635968.0,,111.46,55.08,-48.06,-9.02,-17.0,-20.07,1.47,-113.99,1.29,0.94,5.0,YAHOO,-0.0255,-0.0292,-0.023,0.05606,5.2949,-2.352,96.0,2026-12-02,68,2026-09-02,23.0,yahoo,0.0,0.0,1.0,1.0,1.0,0.0,0.0,1.0,1.0,1.0559,2.1125,24.2566,34.9373,9.6068,49.1423,356.47,356.47,356.47,-5.7593,-5.7593,-5.7593
CRWD,252.1300048828125,252.13,2026-09-25,False,251.5399932861328,259.802490234375,-2.9,112.24,ALTO,258164703232.0,8404.33,157.0,50.6,1.46,-0.78,-2.26,0.83,0.77,2449.25,0.16,1.57,4.0,YAHOO,-0.0255,-0.0292,-0.023,0.05606,5.2949,-2.352,96.0,2026-12-01,67,2026-08-26,30.0,yahoo,0.0,0.0,1.0,1.0,1.0,1.0,0.0,0.0,0.0,6.093,21.9551,38.6854,43.8503,53.416,75.1491,262.49,262.49,262.49,-3.9468,-3.9468,-3.9468
PANW,374.739990234375,374.74,2026-09-25,False,373.7799987792969,388.25,-3.89,84.38,ALTO,306537299968.0,960.87,76.81,11.11,1.74,1.4,5.4,2.67,1.38,204.13,0.09,0.87,3.0,YAHOO,-0.0255,-0.0292,-0.023,0.05606,5.2949,-2.352,96.0,2026-11-19,55,2026-09-01,24.0,yahoo,1.0,0.0,1.0,1.0,0.0,0.0,0.0,0.0,0.0,3.0695,13.3343,17.4734,23.1887,58.8416,62.0654,393.3,396.0,396.0,-4.719,-5.3687,-5.3687
ADBE,235.47000122070312,235.47,2026-09-25,False,234.9600067138672,241.16000366210938,-1.45,-34.45,ALTO,93599326208.0,13.14,8.51,7.83,61.9,20.08,34.82,28.05,9.98,9.49,0.58,0.77,7.0,YAHOO,-0.0255,-0.0292,-0.023,0.05606,5.2949,-2.352,96.0,2026-12-09,75,2026-09-10,15.0,yahoo,1.0,1.0,1.0,1.0,0.0,0.0,1.0,1.0,1.0,-5.4033,-6.6447,-5.502,16.1496,36.7045,48.4269,292.79,292.79,360.37,-19.5772,-19.5772,-34.6588
CRM,234.02000427246094,234.02,2026-09-25,False,233.3800048828125,239.3699951171875,-1.76,-2.99,ALTO,192598458368.0,21.35,14.62,5.02,19.38,5.7,21.38,21.99,9.21,17.6,1.1,0.84,7.0,YAHOO,-0.0255,-0.0292,-0.023,0.05606,5.2949,-2.352,96.0,2026-12-02,68,2026-08-26,30.0,yahoo,1.0,1.0,1.0,1.0,0.0,0.0,1.0,1.0,1.0,-1.6392,-5.3642,29.1635,48.0279,26.0897,62.1304,263.9656,263.9656,264.417,-11.3445,-11.3445,-11.4959
MU,1082.280029296875,1082.28,2026-09-25,False,1073.0,1108.719970703125,0.16,590.27,ALTO,1222319669248.0,24.49,6.79,12.13,66.64,34.87,80.37,55.91,0.63,17.6,0.06,3.42,7.0,YAHOO,-0.0255,-0.0292,-0.023,0.05606,5.2949,-2.352,96.0,2026-09-30,5,,,yahoo,1.0,1.0,1.0,1.0,1.0,0.0,0.0,1.0,1.0,6.5446,10.9735,31.9001,-4.4054,47.6785,77.6109,1096.16,1096.16,1213.3734,-1.2662,-1.2662,-10.804
INTC,123.0,123.0,2026-09-25,False,122.83999633789062,126.93000030517578,-3.45,260.93,ALTO,650190913536.0,,59.65,7.09,-10.71,1.41,12.19,-19.79,0.75,40.32,0.49,1.6,6.0,YAHOO,-0.0255,-0.0292,-0.023,0.05606,5.2949,-2.352,96.0,2026-10-22,27,,,yahoo,0.0,1.0,1.0,1.0,1.0,1.0,0.0,1.0,0.0,13.2597,19.4871,42.5261,-4.1459,50.8323,74.2065,127.39,127.39,140.94,-3.4461,-3.4461,-12.7288
AMAT,485.0,485.0,2026-09-25,False,476.3599853515625,487.67999267578125,2.27,143.39,ALTO,384894763008.0,41.92,26.28,15.02,41.07,15.48,33.74,30.05,0.8,36.88,0.29,2.42,6.0,YAHOO,-0.0255,-0.0292,-0.023,0.05606,5.2949,-2.352,96.0,2026-11-12,48,,,yahoo,1.0,0.0,1.0,1.0,0.0,1.0,1.0,1.0,0.0,9.0942,6.2455,1.9012,-22.5451,17.3003,64.9287,485.0,602.3958,722.2277,0.0,-19.4882,-32.8467
TXN,278.07000732421875,278.07,2026-09-25,False,269.5299987792969,278.68890380859375,2.74,55.77,ALTO,253946789888.0,42.26,26.12,14.1,35.18,13.06,42.58,31.11,1.4,26.7,0.78,4.86,7.0,YAHOO,-0.0255,-0.0292,-0.023,0.05606,5.2949,-2.352,96.0,2026-10-27,32,,,yahoo,1.0,1.0,1.0,1.0,0.0,1.0,1.0,0.0,1.0,4.2867,3.4872,0.8748,-2.0798,23.371,34.0834,278.07,309.8734,330.5874,0.0,-10.2634,-15.8861
TSM,450.6099853515625,450.61,2026-09-25,False,449.0299987792969,455.0199890136719,-0.12,63.66,ALTO,2337076936704.0,33.4,20.55,92.17,39.97,19.0,60.34,49.92,31.27,5.15,0.17,2.46,9.0,YAHOO,-0.0255,-0.0292,-0.023,0.05606,5.2949,-2.352,96.0,2026-10-15,20,,,yahoo,1.0,1.0,1.0,1.0,1.0,1.0,1.0,1.0,1.0,3.6671,4.2884,15.1688,4.503,19.4344,35.4426,452.0,452.0,476.2923,-0.3075,-0.3075,-5.3921
AMD,630.6300048828125,630.63,2026-09-25,False,625.52001953125,638.9500122070312,0.22,290.1,ALTO,1029487722496.0,161.7,40.48,15.31,10.2,5.13,17.25,15.58,0.86,106.51,0.06,2.61,7.0,YAHOO,-0.0255,-0.0292,-0.023,0.05606,5.2949,-2.352,96.0,2026-11-03,39,,,yahoo,1.0,1.0,1.0,1.0,0.0,1.0,0.0,1.0,1.0,12.6487,22.1843,38.7159,20.9076,26.1695,68.2691,630.63,630.63,630.63,0.0,0.0,0.0
ASML,1743.93994140625,1743.9399,2026-09-25,False,1728.1099853515625,1759.25,1.24,83.93,ALTO,669847322624.0,59.91,29.45,1489.48,53.94,16.45,37.06,30.11,1.26,2724.61,0.09,1.33,8.0,YAHOO,-0.0255,-0.0292,-0.023,0.05606,5.2949,-2.352,96.0,2026-10-14,19,,,yahoo,1.0,1.0,1.0,1.0,1.0,0.0,1.0,1.0,1.0,3.8109,2.6874,10.1703,-2.6983,23.9557,41.6763,1764.85,1883.12,1986.8704,-1.1848,-7.3909,-12.2268
MRVL,261.93499755859375,261.935,2026-09-25,False,257.4309997558594,267.4798889160156,1.15,212.26,ALTO,235402199040.0,86.45,38.76,12.59,16.52,4.12,16.68,27.93,1.02,80.14,0.29,3.17,8.0,YAHOO,-0.0255,-0.0292,-0.023,0.05606,5.2949,-2.352,96.0,2026-12-01,67,2026-08-27,29.0,yahoo,1.0,1.0,1.0,0.0,1.0,1.0,1.0,1.0,1.0,7.2405,10.9424,50.1318,-1.7882,20.7898,81.4402,262.36,262.36,316.352,-0.162,-0.162,-17.2014
QCOM,201.97000122070312,201.97,2026-09-25,False,194.52999877929688,205.8531951904297,3.97,20.57,ALTO,215716184064.0,23.11,19.79,7.72,33.75,11.61,18.53,21.01,4.75,17.58,0.55,2.02,6.0,YAHOO,-0.0255,-0.0292,-0.023,0.05606,5.2949,-2.352,96.0,2026-11-04,40,,,yahoo,1.0,0.0,1.0,1.0,0.0,1.0,1.0,0.0,1.0,13.6451,10.9908,24.6741,7.2228,39.5209,46.097,201.97,201.97,248.7425,0.0,0.0,-18.8036
COIN,195.11000061035156,195.11,2026-09-25,False,192.5800018310547,199.75,-2.06,-37.32,ALTO,51477221376.0,,68.82,3.93,-7.85,1.12,-13.92,-16.34,5.18,72.1,0.51,2.42,4.0,YAHOO,-0.0255,-0.0292,-0.023,0.05606,5.2949,-2.352,96.0,2026-10-29,34,,,yahoo,1.0,0.0,1.0,1.0,0.0,1.0,0.0,0.0,0.0,0.4427,11.326,16.2061,30.8936,19.3836,77.4182,201.07,201.07,387.27,-2.9641,-2.9641,-49.6191
SHOP,142.25,142.25,2026-09-25,False,140.9322967529297,144.97360229492188,-2.0,-1.77,ALTO,184591368192.0,96.11,58.05,14.46,15.54,10.19,17.55,14.53,0.86,75.99,0.01,5.35,5.0,YAHOO,-0.0255,-0.0292,-0.023,0.05606,5.2949,-2.352,96.0,2026-11-03,39,,,yahoo,1.0,0.0,1.0,1.0,0.0,1.0,0.0,0.0,1.0,10.7004,10.4511,9.1879,21.7269,76.1524,64.6316,152.9,158.53,179.01,-6.9653,-10.2693,-20.5352
RBLX,46.439998626708984,46.44,2026-09-25,False,46.0099983215332,48.7599983215332,-4.89,-65.77,ALTO,33175617536.0,,-37.28,218.03,-432.28,-7.73,-13.27,-17.61,4.45,-39.93,14.23,0.82,6.0,YAHOO,-0.0255,-0.0292,-0.023,0.05606,5.2949,-2.352,96.0,2026-10-29,34,,,yahoo,0.0,1.0,1.0,1.0,1.0,0.0,0.0,1.0,1.0,-2.8858,2.0659,-6.1818,-2.3549,30.4106,77.8554,51.29,57.07,141.56,-9.456,-18.6263,-67.1941
UBER,69.62000274658203,69.62,2026-09-25,False,68.79640197753906,69.66999816894531,0.58,-29.61,ALTO,142203043840.0,15.27,15.77,5.2,37.16,6.88,13.32,17.34,5.09,20.31,0.52,0.84,6.0,YAHOO,-0.0255,-0.0292,-0.023,0.05606,5.2949,-2.352,96.0,2026-11-03,39,,,yahoo,1.0,0.0,1.0,1.0,0.0,1.0,1.0,1.0,0.0,-1.2482,-2.8603,-1.5833,-8.6352,12.7153,36.0198,78.82,80.35,100.1,-11.6722,-13.3541,-30.4495
HPQ,31.299999237060547,31.3,2026-09-25,False,30.829999923706055,31.770000457763672,0.51,21.58,ALTO,28226056192.0,11.95,9.97,-306.86,,5.63,5.4,4.14,12.01,7.39,,0.79,5.0,YAHOO,-0.0255,-0.0292,-0.023,0.05606,5.2949,-2.352,96.0,2026-11-24,60,2026-08-26,30.0,yahoo,1.0,0.0,1.0,1.0,0.0,1.0,1.0,0.0,0.0,-9.0116,-11.7813,11.715,38.1302,31.3868,52.2698,35.48,35.48,35.48,-11.7813,-11.7813,-11.7813
BIDU,87.33000183105469,87.33,2026-09-25,False,87.16000366210938,88.03500366210938,-0.85,-36.44,ALTO,29754836992.0,,11.27,0.73,-1.39,1.2,9.65,-2.9,-7.04,0.0,0.38,2.33,2.0,YAHOO,-0.0255,-0.0292,-0.023,0.05606,5.2949,-2.352,96.0,2026-11-18,54,,,yahoo,1.0,0.0,0.0,0.0,0.0,0.0,1.0,0.0,0.0,-2.8911,-4.453,-16.7652,-16.2061,21.2362,42.2552,99.47,117.62,162.52,-12.2047,-25.7524,-46.2651
SPOT,510.010009765625,510.01,2026-09-25,False,506.0,514.5900268554688,-0.27,-29.37,ALTO,104850006016.0,28.01,29.07,10.7,44.48,12.19,13.71,18.43,1.47,36.76,0.06,2.11,5.0,YAHOO,-0.0255,-0.0292,-0.023,0.05606,5.2949,-2.352,96.0,2026-10-22,27,,,yahoo,1.0,1.0,1.0,1.0,0.0,0.0,0.0,1.0,0.0,0.1099,-2.9938,-0.303,10.8669,31.7123,38.9885,560.11,560.11,728.47,-8.9447,-8.9447,-29.9889
AVGO,352.80999755859375,352.81,2026-09-25,False,349.42999267578125,354.42999267578125,0.7,4.81,ALTO,1684184367104.0,45.58,18.2,16.9,44.25,15.37,54.31,42.94,1.82,32.68,0.6,2.5,8.0,YAHOO,-0.0255,-0.0292,-0.023,0.05606,5.2949,-2.352,96.0,2026-12-09,75,2026-09-02,23.0,yahoo,1.0,1.0,1.0,1.0,1.0,1.0,0.0,1.0,1.0,-1.1626,-2.3585,-7.2084,-3.169,25.0845,39.9471,369.6668,426.9825,479.9351,-4.56,-17.3713,-26.488
ACN,176.11000061035156,176.11,2026-09-25,False,175.74000549316406,180.0449981689453,-0.73,-23.65,ALTO,107769118720.0,14.06,12.0,3.38,24.41,10.9,16.96,10.66,11.22,8.38,0.25,1.34,5.0,YAHOO,-0.0255,-0.0292,-0.023,0.05606,5.2949,-2.352,96.0,2026-10-01,6,,,yahoo,1.0,0.0,1.0,1.0,0.0,1.0,1.0,0.0,0.0,-2.8573,-4.236,6.9537,38.1823,22.1538,46.1288,195.0,195.0,282.7143,-9.6872,-9.6872,-37.7074
NFLX,71.1449966430664,71.145,2026-09-25,False,70.9800033569336,71.83499908447266,-0.8,-42.05,ALTO,296243462144.0,22.37,18.66,9.83,49.54,16.08,33.38,28.22,8.57,20.79,0.55,1.14,7.0,YAHOO,-0.0255,-0.0292,-0.023,0.05606,5.2949,-2.352,96.0,2026-10-20,25,,,yahoo,1.0,1.0,1.0,0.0,1.0,0.0,1.0,1.0,1.0,-0.8985,-8.0814,-1.7199,-3.6106,14.46,35.2086,82.73,82.73,124.135,-14.0034,-14.0034,-42.6874
NIO,3.5799999237060547,3.58,2026-09-25,False,3.559999942779541,3.609999895095825,-1.38,-53.01,ALTO,8970288128.0,,28.21,14.75,-45.32,-2.02,-1.08,-4.17,,1.52,2.03,1.02,6.0,YAHOO,-0.0255,-0.0292,-0.023,0.05606,5.2949,-2.352,96.0,2026-11-24,60,2026-09-01,24.0,yahoo,0.0,1.0,1.0,1.0,1.0,0.0,0.0,1.0,1.0,-2.1858,-2.981,-23.5043,-26.3375,20.9969,34.0959,4.37,5.03,7.89,-18.0778,-28.827,-54.6261
BABA,109.73999786376953,109.74,2026-09-25,False,109.56999969482422,111.2249984741211,-0.8,-37.82,ALTO,272854040576.0,24.77,11.93,1.64,6.36,1.56,7.29,7.04,-30.29,2.05,0.24,1.36,3.0,YAHOO,-0.0255,-0.0292,-0.023,0.05606,5.2949,-2.352,96.0,2026-11-24,60,,,yahoo,1.0,0.0,1.0,0.0,0.0,0.0,1.0,0.0,0.0,-3.0908,0.4026,-4.7313,15.7473,37.2936,44.603,118.9,132.32,187.6169,-7.704,-17.0647,-41.5085
PDD,77.56999969482422,77.57,2026-09-25,False,77.3550033569336,78.2300033569336,-0.81,-41.73,ALTO,110412865536.0,8.35,6.3,1.64,22.75,10.01,24.71,20.43,67.6,-3.45,0.01,2.62,4.0,YAHOO,-0.0255,-0.0292,-0.023,0.05606,5.2949,-2.352,96.0,2026-11-18,54,,,yahoo,1.0,0.0,1.0,1.0,0.0,1.0,0.0,0.0,0.0,-1.6857,-0.3084,-9.4971,1.3325,20.2087,27.5731,85.69,93.0,138.13,-9.476,-16.5914,-43.8428
SAP,210.67999267578125,210.68,2026-09-25,False,209.49000549316406,212.74000549316406,0.75,-19.29,ALTO,243167756288.0,27.54,21.75,66.31,18.32,9.54,27.62,20.41,3.74,288.96,0.22,1.15,7.0,YAHOO,-0.0255,-0.0292,-0.023,0.05606,5.2949,-2.352,96.0,2026-10-21,26,,,yahoo,1.0,1.0,1.0,1.0,1.0,1.0,0.0,0.0,1.0,0.5873,2.0934,17.5866,35.8437,11.0052,41.5036,221.54,221.54,275.6678,-4.902,-4.902,-23.5747
SE,99.55000305175781,99.55,2026-09-25,False,99.26000213623047,100.72000122070312,-1.17,-47.39,ALTO,60972838912.0,38.44,19.21,4.91,14.73,4.97,8.35,5.91,0.11,22.09,0.32,1.49,8.0,YAHOO,-0.0255,-0.0292,-0.023,0.05606,5.2949,-2.352,96.0,2026-11-10,46,,,yahoo,1.0,1.0,1.0,1.0,1.0,1.0,0.0,1.0,1.0,-2.2006,-6.2971,-7.3178,9.0003,23.0999,49.6411,119.36,131.51,192.69,-16.5968,-24.3023,-48.3367
IBM,225.50999450683594,225.51,2026-09-25,False,225.19000244140625,228.99000549316406,-0.68,-18.73,ALTO,212460716032.0,20.03,17.15,6.17,34.46,5.3,16.55,15.52,5.67,16.46,1.89,0.79,6.0,YAHOO,-0.0255,-0.0292,-0.023,0.05606,5.2949,-2.352,96.0,2026-10-21,26,,,yahoo,1.0,1.0,1.0,1.0,1.0,0.0,0.0,1.0,0.0,-1.76,-7.3082,-0.1856,-16.3834,20.3986,62.2301,249.09,303.9496,326.8851,-9.4665,-25.8068,-31.0125
ZM,89.70999908447266,89.71,2026-09-25,False,89.62999725341797,91.83000183105469,-0.71,5.87,ALTO,26175916032.0,8.33,14.16,2.64,32.14,6.11,24.61,65.19,7.55,14.38,0.01,3.83,7.0,YAHOO,-0.0255,-0.0292,-0.023,0.05606,5.2949,-2.352,96.0,2026-11-24,60,,,yahoo,1.0,1.0,1.0,1.0,1.0,0.0,1.0,1.0,0.0,1.0589,-6.1316,-1.9349,3.735,18.3783,41.2393,101.33,109.84,111.88,-11.4675,-18.3267,-19.8159
CSCO,106.69999694824219,106.7,2026-09-25,False,106.52999877929688,108.63999938964844,-0.25,59.58,ALTO,420674011136.0,32.04,18.98,8.37,27.32,7.98,27.72,20.95,2.66,23.39,0.62,0.93,7.0,YAHOO,-0.0255,-0.0292,-0.023,0.05606,5.2949,-2.352,96.0,2026-11-12,48,,,yahoo,1.0,1.0,1.0,1.0,1.0,0.0,1.0,0.0,1.0,-2.566,-4.8426,-7.683,-5.8634,36.7438,34.2237,112.13,123.88,129.5155,-4.8426,-13.8683,-17.616
DOCU,67.5,67.5,2026-09-25,False,67.27999877929688,69.20999908447266,-2.16,-17.92,ALTO,12615915520.0,41.16,12.96,7.39,17.8,6.35,13.43,9.82,10.41,27.85,0.11,0.64,6.0,YAHOO,-0.0255,-0.0292,-0.023,0.05606,5.2949,-2.352,96.0,2026-12-03,69,2026-09-03,22.0,yahoo,1.0,0.0,1.0,1.0,0.0,0.0,1.0,1.0,1.0,-2.2731,2.818,20.6003,49.3033,48.809,53.7151,71.85,71.85,82.14,-6.0543,-6.0543,-17.8232
ARM,310.32000732421875,310.32,2026-09-25,False,310.0799865722656,325.4800109863281,1.3,119.69,ALTO,331421319168.0,316.65,101.32,38.4,13.35,5.42,7.6,20.25,0.4,304.38,0.06,5.25,6.0,YAHOO,-0.0255,-0.0292,-0.023,0.05606,5.2949,-2.352,96.0,2026-11-04,40,,,yahoo,1.0,0.0,1.0,1.0,0.0,1.0,0.0,1.0,1.0,12.5939,17.1948,26.7958,-7.1649,77.1425,86.2639,333.2,333.2,439.46,-6.8667,-6.8667,-29.3861
GRMN,294.1400146484375,294.14,2026-09-25,False,291.8900146484375,297.19000244140625,-0.31,25.38,ALTO,56725651456.0,30.39,26.42,6.28,21.89,12.17,30.44,24.47,1.84,23.56,0.03,3.03,6.0,YAHOO,-0.0255,-0.0292,-0.023,0.05606,5.2949,-2.352,96.0,2026-10-28,33,,,yahoo,1.0,1.0,1.0,0.0,0.0,1.0,0.0,1.0,1.0,7.3269,4.0577,16.412,26.9963,19.1492,42.6746,295.04,311.952,311.952,-0.305,-5.7098,-5.7098
MSI,456.8800048828125,456.88,2026-09-25,False,454.6300048828125,461.0199890136719,0.43,0.48,ALTO,75610808320.0,36.0,23.51,28.3,91.57,11.25,27.35,17.44,2.62,22.41,3.58,1.1,6.0,YAHOO,-0.0255,-0.0292,-0.023,0.05606,5.2949,-2.352,96.0,2026-11-05,41,,,yahoo,1.0,1.0,1.0,1.0,0.0,0.0,1.0,1.0,0.0,-0.3903,-1.7373,4.0316,13.6939,16.1131,26.5475,489.973,489.973,489.973,-6.754,-6.754,-6.754
SNAP,5.420000076293945,5.42,2026-09-25,False,5.383999824523926,5.519999980926514,-0.18,-35.87,ALTO,9166291968.0,,6.99,4.73,-15.58,-2.72,-2.64,-4.9,7.79,-73.48,2.19,2.94,6.0,YAHOO,-0.0255,-0.0292,-0.023,0.05606,5.2949,-2.352,96.0,2026-11-04,40,,,yahoo,0.0,1.0,1.0,1.0,1.0,0.0,0.0,1.0,1.0,-1.9892,-4.5775,13.6268,22.9025,56.2709,59.6776,5.84,5.92,9.09,-7.1918,-8.4459,-40.374
PINS,18.899999618530273,18.9,2026-09-25,False,18.6299991607666,19.030000686645508,0.96,-44.44,ALTO,10703315968.0,55.59,7.87,3.69,6.46,3.51,-3.46,5.46,11.18,33.24,0.41,3.81,6.0,YAHOO,-0.0255,-0.0292,-0.023,0.05606,5.2949,-2.352,96.0,2026-11-09,45,,,yahoo,1.0,0.0,1.0,1.0,0.0,0.0,1.0,1.0,1.0,1.6129,-0.7874,-22.4138,-9.2219,47.6236,47.2394,23.19,25.58,35.24,-18.4994,-26.1142,-46.3678
PATH,12.460000038146973,12.46,2026-09-25,False,12.359999656677246,12.8100004196167,-1.11,1.7,ALTO,6493596672.0,18.6,13.51,3.33,20.03,3.66,8.92,21.03,7.3,29.05,0.04,2.39,8.0,YAHOO,-0.0255,-0.0292,-0.023,0.05606,5.2949,-2.352,96.0,2026-12-02,68,2026-09-03,22.0,yahoo,1.0,1.0,1.0,1.0,1.0,0.0,1.0,1.0,1.0,-6.9455,-9.3818,2.2149,18.3286,15.9298,70.52,18.67,18.67,19.29,-33.2619,-33.2619,-35.4069
VZ,47.08000183105469,47.08,2026-09-25,False,46.900001525878906,47.31169891357422,-0.51,15.09,ALTO,195606822912.0,12.26,8.92,1.88,15.84,5.05,23.0,11.64,8.93,7.61,1.84,0.6,4.0,YAHOO,-0.0255,-0.0292,-0.023,0.05606,5.2949,-2.352,96.0,2026-10-20,25,,,yahoo,1.0,0.0,1.0,1.0,0.0,1.0,0.0,0.0,0.0,-2.1002,-6.9749,-2.3034,2.8848,28.2818,23.6894,51.45,51.45,51.45,-8.4937,-8.4937,-8.4937
T,25.3799991607666,25.38,2026-09-25,False,25.222299575805664,25.439899444580078,-0.28,-7.03,ALTO,173913538560.0,8.38,9.88,1.58,18.34,4.16,24.79,16.94,5.83,7.58,1.29,0.97,6.0,YAHOO,-0.0255,-0.0292,-0.023,0.05606,5.2949,-2.352,96.0,2026-10-21,26,,,yahoo,1.0,1.0,1.0,1.0,0.0,1.0,1.0,0.0,0.0,-0.0787,-2.6094,2.9197,13.2035,15.7053,25.1183,26.72,26.72,28.4181,-5.015,-5.015,-10.6907
AMX,22.030000686645508,22.03,2026-09-25,False,21.905000686645508,22.229999542236328,-0.09,7.81,ALTO,65875210240.0,12.81,10.57,3.13,21.58,6.36,21.49,9.37,232.62,2.35,1.58,0.71,9.0,YAHOO,-0.0255,-0.0292,-0.023,0.05606,5.2949,-2.352,96.0,2026-10-13,18,,,yahoo,1.0,1.0,1.0,1.0,1.0,1.0,1.0,1.0,1.0,-1.7833,-3.5042,-14.3135,-15.5858,6.7182,17.2364,23.2,26.27,27.4216,-5.0431,-16.1401,-19.662
TCOM,39.43000030517578,39.43,2026-09-25,False,39.26499938964844,39.72999954223633,-1.52,-48.86,ALTO,24829276160.0,7.63,9.61,1.05,15.65,2.59,-9.33,36.91,,-2.24,0.17,1.33,7.0,YAHOO,-0.0255,-0.0292,-0.023,0.05606,5.2949,-2.352,96.0,2026-11-16,52,2026-09-15,10.0,finnhub,1.0,1.0,1.0,0.0,1.0,1.0,1.0,0.0,1.0,-3.0728,1.0507,-12.9773,-3.5706,14.9995,27.608,45.35,47.3,78.96,-13.054,-16.6385,-50.0633
TRIP,8.40999984741211,8.41,2026-09-25,False,8.34000015258789,8.829899787902832,-1.29,-51.58,ALTO,978597376.0,,7.82,1.47,-0.23,1.92,9.44,0.27,-10.37,9.55,1.35,1.56,7.0,YAHOO,-0.0255,-0.0292,-0.023,0.05606,5.2949,-2.352,96.0,2026-11-05,41,,,yahoo,1.0,1.0,1.0,1.0,1.0,0.0,1.0,0.0,1.0,-4.8643,-7.4808,-43.6705,-38.8808,80.2687,66.6649,9.87,14.93,17.14,-14.7923,-43.6705,-50.9335
ABNB,157.47000122070312,157.47,2026-09-25,False,151.17999267578125,158.63999938964844,4.02,28.4,ALTO,94290780160.0,35.95,25.45,11.91,34.54,6.14,21.01,20.45,3.4,28.86,0.32,1.41,5.0,YAHOO,-0.0255,-0.0292,-0.023,0.05606,5.2949,-2.352,96.0,2026-11-05,41,,,yahoo,1.0,0.0,1.0,1.0,0.0,0.0,1.0,0.0,1.0,-5.2641,-7.474,2.8476,8.1822,80.2474,50.3339,189.43,190.5,190.5,-16.8717,-17.3386,-17.3386
ORCL,137.10000610351562,137.1,2026-09-25,False,136.9199981689453,140.87759399414062,-1.75,-53.34,ALTO,414554226688.0,21.49,12.47,6.71,41.19,6.36,35.63,26.36,-11.06,16.25,2.52,1.17,5.0,YAHOO,-0.0255,-0.0292,-0.023,0.05606,5.2949,-2.352,96.0,2026-12-10,76,2026-09-10,15.0,yahoo,1.0,0.0,1.0,1.0,1.0,1.0,0.0,0.0,0.0,-7.1201,-8.7703,14.2881,-7.3743,28.055,55.6548,162.52,162.52,310.0098,-15.6412,-15.6412,-55.7756
TMUS,165.42999267578125,165.43,2026-09-25,False,164.61000061035156,166.5800018310547,0.05,-29.94,ALTO,177452056576.0,17.3,11.46,3.16,17.99,5.97,25.22,11.46,6.39,8.58,2.14,0.92,6.0,YAHOO,-0.0255,-0.0292,-0.023,0.05606,5.2949,-2.352,96.0,2026-10-28,33,,,yahoo,1.0,0.0,1.0,1.0,0.0,1.0,1.0,0.0,1.0,-1.6352,-9.2689,-8.7753,-8.9201,24.3042,39.7716,188.02,194.5173,234.4277,-12.0147,-14.9536,-29.4324
ANET,206.5500030517578,206.55,2026-09-25,False,205.52499389648438,212.0,0.41,43.44,ALTO,260505960448.0,65.57,39.82,17.6,31.48,14.12,45.39,38.37,1.49,53.04,,2.96,4.0,YAHOO,-0.0255,-0.0292,-0.023,0.05606,5.2949,-2.352,96.0,2026-11-03,39,,,yahoo,1.0,0.0,1.0,1.0,0.0,0.0,1.0,0.0,0.0,3.591,3.4872,21.7076,31.0596,12.9906,54.3653,206.55,210.5,210.5,0.0,-1.8765,-1.8765
LRCX,315.2099914550781,315.21,2026-09-25,False,307.5,317.1300048828125,2.62,146.21,ALTO,394428874752.0,54.91,26.85,31.63,65.07,22.84,37.39,31.27,0.78,44.31,0.33,2.63,8.0,YAHOO,-0.0255,-0.0292,-0.023,0.05606,5.2949,-2.352,96.0,2026-10-21,26,,,yahoo,1.0,1.0,1.0,0.0,1.0,1.0,1.0,1.0,1.0,9.5224,5.8094,17.0375,-16.7626,31.0724,70.8288,320.08,352.7952,432.8701,-1.5215,-10.6536,-27.1814
ADI,393.6000061035156,393.6,2026-09-25,False,381.70001220703125,395.9200134277344,2.87,60.06,ALTO,190724980736.0,46.75,24.08,5.68,12.23,6.41,39.5,29.79,2.17,27.77,0.27,1.25,8.0,YAHOO,-0.0255,-0.0292,-0.023,0.05606,5.2949,-2.352,96.0,2026-11-24,60,,,yahoo,1.0,1.0,1.0,1.0,0.0,1.0,1.0,1.0,1.0,4.7589,3.9126,7.9188,2.039,31.9992,32.6765,393.6,394.4482,444.1269,0.0,-0.215,-11.3767
SNDK,1777.800048828125,1777.8,2026-09-25,False,1742.949951171875,1815.000244140625,1.38,1784.52,ALTO,260303716352.0,24.08,6.75,16.83,91.64,43.91,78.47,56.46,2.97,20.27,0.01,2.29,7.0,YAHOO,-0.0255,-0.0292,-0.023,0.05606,5.2949,-2.352,96.0,2026-11-06,42,,,yahoo,1.0,1.0,1.0,1.0,0.0,0.0,1.0,1.0,1.0,-0.7824,8.8438,62.1932,-14.9667,78.8711,118.1939,1887.04,1915.92,2335.0,-5.789,-7.2091,-23.863
NOW,135.6199951171875,135.62,2026-09-25,False,135.60000610351562,139.8300018310547,-1.57,-27.12,ALTO,140212355072.0,86.38,27.09,11.2,14.24,4.25,4.06,11.34,3.67,50.48,0.68,0.7,4.0,YAHOO,-0.0255,-0.0292,-0.023,0.05606,5.2949,-2.352,96.0,2026-10-28,33,,,yahoo,1.0,0.0,1.0,1.0,1.0,0.0,0.0,0.0,0.0,0.1107,2.3315,22.5999,37.9093,34.709,57.5037,147.99,147.99,189.258,-8.3587,-8.3587,-28.3412
NBIS,237.3300018310547,237.33,2026-09-25,False,235.4113006591797,246.89999389648438,-2.53,118.93,ALTO,64519401472.0,,-67.91,6.29,0.6,-1.92,-0.22,3.13,-14.9,267.02,0.99,4.03,6.0,YAHOO,-0.0255,-0.0292,-0.023,0.05606,5.2949,-2.352,96.0,2026-11-10,46,,,yahoo,1.0,1.0,1.0,1.0,0.0,0.0,0.0,1.0,1.0,6.1689,5.6914,39.8609,-1.236,81.314,136.0761,243.88,277.68,286.69,-2.6857,-14.5311,-17.2172
OXY,56.86000061035156,56.86,2026-09-25,False,56.58000183105469,57.435001373291016,-2.05,22.48,ALTO,56839380992.0,16.77,14.15,1.7,10.63,4.68,45.44,30.32,6.66,5.56,0.35,1.41,4.0,YAHOO,-0.0255,-0.0292,-0.023,0.05606,5.2949,-2.352,96.0,2026-11-09,45,,,yahoo,1.0,0.0,1.0,1.0,1.0,0.0,0.0,0.0,0.0,-3.3651,-7.4845,5.9168,14.2647,31.3829,34.9425,63.52,63.52,65.6343,-10.4849,-10.4849,-13.3684
XOM,160.58999633789062,160.59,2026-09-25,False,159.77999877929688,161.7899932861328,-0.96,42.02,ALTO,660331954176.0,20.67,14.5,2.55,12.58,5.52,15.86,9.07,3.13,10.38,0.16,1.14,5.0,YAHOO,-0.0255,-0.0292,-0.023,0.05606,5.2949,-2.352,96.0,2026-10-30,35,,,yahoo,1.0,0.0,1.0,1.0,1.0,0.0,1.0,0.0,0.0,-1.8038,-3.2532,5.6128,18.3755,16.627,26.5388,169.32,169.32,169.32,-5.1559,-5.1559,-5.1559
CVX,204.4499969482422,204.45,2026-09-25,False,203.49009704589844,206.5388946533203,-0.58,31.28,ALTO,401049780224.0,19.64,15.07,2.11,12.23,5.86,21.87,9.83,5.47,8.64,0.19,1.25,5.0,YAHOO,-0.0255,-0.0292,-0.023,0.05606,5.2949,-2.352,96.0,2026-10-30,35,,,yahoo,1.0,0.0,1.0,1.0,0.0,1.0,0.0,1.0,0.0,-2.4152,-4.4894,9.9447,20.5625,15.9641,24.5588,217.77,217.77,217.77,-6.1165,-6.1165,-6.1165
PSX,255.75,255.75,2026-09-25,False,250.08619689941406,257.2799987792969,-0.05,88.39,ALTO,102539124736.0,14.59,10.27,3.24,23.45,6.04,8.53,4.66,4.43,12.07,0.63,1.32,7.0,YAHOO,-0.0255,-0.0292,-0.023,0.05606,5.2949,-2.352,96.0,2026-10-28,33,,,yahoo,1.0,1.0,1.0,1.0,0.0,1.0,1.0,1.0,0.0,-6.3633,-1.4337,24.9004,49.7859,14.0643,31.2082,274.21,274.21,274.21,-6.7321,-6.7321,-6.7321
YPF,52.099998474121094,52.1,2026-09-25,False,51.834999084472656,53.36000061035156,-2.82,93.68,ALTO,20427110400.0,27.57,9.5,1.95,7.26,8.34,27.51,4.0,6090.53,1.33,0.85,0.93,4.0,YAHOO,-0.0255,-0.0292,-0.023,0.05606,5.2949,-2.352,96.0,2026-10-29,34,,,yahoo,0.0,0.0,1.0,1.0,0.0,1.0,1.0,0.0,0.0,-5.2038,-6.2106,4.5345,14.9349,26.8251,35.8585,57.61,57.61,57.61,-9.5643,-9.5643,-9.5643
VIST,67.43000030517578,67.43,2026-09-25,False,66.5199966430664,68.41000366210938,-1.27,81.16,ALTO,7458931712.0,8.87,7.03,2.25,29.79,10.0,44.24,23.56,1.65,5.1,1.07,0.69,3.0,YAHOO,-0.0255,-0.0292,-0.023,0.05606,5.2949,-2.352,96.0,2026-10-28,33,,,yahoo,1.0,0.0,1.0,1.0,0.0,0.0,0.0,0.0,0.0,-6.6971,-11.5904,4.8841,4.3162,26.1329,44.8633,78.95,78.95,79.25,-14.5915,-14.5915,-14.9148
VST,138.4600067138672,138.46,2026-09-25,False,136.02499389648438,140.10000610351562,0.38,-31.87,ALTO,46472052736.0,23.35,13.36,15.48,42.96,5.89,13.77,11.55,0.08,10.36,3.73,0.97,5.0,YAHOO,-0.0255,-0.0292,-0.023,0.05606,5.2949,-2.352,96.0,2026-11-05,41,,,yahoo,1.0,0.0,1.0,1.0,1.0,0.0,1.0,0.0,0.0,-1.4099,-6.5327,-6.6962,-15.1711,14.6491,40.6663,151.4719,168.7037,209.6322,-8.5903,-17.9271,-33.951
BP,44.150001525878906,44.15,2026-09-25,False,43.810001373291016,44.46500015258789,-0.59,30.73,ALTO,113704116224.0,21.12,8.98,7.82,8.87,5.04,13.15,2.55,11.33,13.09,0.95,1.27,7.0,YAHOO,-0.0255,-0.0292,-0.023,0.05606,5.2949,-2.352,96.0,2026-10-30,35,,,yahoo,1.0,0.0,1.0,1.0,0.0,1.0,1.0,1.0,1.0,-0.9646,-4.2299,7.2537,20.3679,28.1729,31.2559,46.96,46.96,46.96,-5.9838,-5.9838,-5.9838
E,54.709999084472656,54.71,2026-09-25,False,54.400001525878906,54.99800109863281,-0.6,58.14,ALTO,78540537856.0,12.43,8.79,1.52,10.9,3.07,10.66,5.87,-11.44,8.09,0.65,1.48,6.0,YAHOO,-0.0255,-0.0292,-0.023,0.05606,5.2949,-2.352,96.0,2026-10-23,28,,,yahoo,1.0,1.0,1.0,1.0,0.0,1.0,1.0,0.0,0.0,1.3425,-1.2431,10.1996,20.1243,25.5644,31.345,56.0016,56.6835,56.6835,-2.3063,-3.4817,-3.4817
SHEL,95.77999877929688,95.78,2026-09-25,False,95.27999877929688,96.09500122070312,0.19,35.35,ALTO,273226891264.0,10.58,9.25,1.48,14.34,6.4,16.69,8.76,7.85,5.36,0.4,1.44,5.0,YAHOO,-0.0255,-0.0292,-0.023,0.05606,5.2949,-2.352,96.0,2026-10-29,34,,,yahoo,1.0,1.0,1.0,1.0,0.0,0.0,1.0,0.0,0.0,1.3116,-1.023,12.0875,26.2504,10.3503,22.6577,98.95,98.95,98.95,-3.2036,-3.2036,-3.2036
HAL,32.7599983215332,32.76,2026-09-25,False,32.21500015258789,32.810001373291016,0.0,34.6,ALTO,27293349888.0,17.15,11.28,2.48,14.92,7.26,12.79,7.16,7.52,8.09,0.74,2.02,4.0,YAHOO,-0.0255,-0.0292,-0.023,0.05606,5.2949,-2.352,96.0,2026-10-20,25,,,yahoo,1.0,0.0,1.0,1.0,0.0,0.0,1.0,0.0,0.0,-2.6159,-8.5938,5.386,-3.7941,14.5942,32.7942,37.63,37.63,42.6002,-12.9418,-12.9418,-23.099
SLB,51.540000915527344,51.54,2026-09-25,False,51.02000045776367,51.92499923706055,0.21,51.71,ALTO,76492742656.0,25.14,15.92,2.93,12.91,6.17,12.71,8.53,3.86,11.68,0.47,1.44,4.0,YAHOO,-0.0255,-0.0292,-0.023,0.05606,5.2949,-2.352,96.0,2026-10-23,28,,,yahoo,1.0,0.0,1.0,1.0,1.0,0.0,0.0,0.0,0.0,0.8216,-8.0628,3.6563,10.2286,10.9804,39.5266,59.7898,59.7898,59.7898,-13.798,-13.798,-13.798
COP,127.30000305175781,127.3,2026-09-25,False,126.97000122070312,128.55999755859375,-1.58,34.7,ALTO,152930271232.0,16.82,13.18,2.34,14.18,7.53,31.51,14.4,5.03,6.29,0.36,1.54,7.0,YAHOO,-0.0255,-0.0292,-0.023,0.05606,5.2949,-2.352,96.0,2026-11-05,41,,,yahoo,1.0,0.0,1.0,1.0,1.0,1.0,1.0,0.0,1.0,-3.4362,-7.3171,12.313,20.941,31.275,32.0314,141.22,141.22,141.22,-9.857,-9.857,-9.857
GPRK,11.199999809265137,11.2,2026-09-25,False,11.011799812316895,11.3100004196167,-1.23,66.37,ALTO,726832384.0,7.89,6.29,1.65,28.57,7.81,27.52,16.0,12.69,3.55,1.81,1.17,3.0,YAHOO,-0.0255,-0.0292,-0.023,0.05606,5.2949,-2.352,96.0,2026-11-04,40,,,yahoo,1.0,0.0,1.0,0.0,0.0,1.0,0.0,0.0,0.0,1.4493,-2.439,21.2479,21.642,24.2594,44.0332,11.97,11.97,11.97,-6.4328,-6.4328,-6.4328
CEG,263.2699890136719,263.27,2026-09-25,False,260.42999267578125,266.3800048828125,0.63,-19.81,ALTO,93278502912.0,25.74,19.76,2.93,15.06,3.89,8.66,11.08,-7.1,14.72,0.76,1.46,6.0,YAHOO,-0.0255,-0.0292,-0.023,0.05606,5.2949,-2.352,96.0,2026-11-09,45,,,yahoo,1.0,0.0,1.0,1.0,1.0,0.0,1.0,0.0,1.0,3.3607,-7.5435,1.4836,-0.1308,10.7339,36.287,299.05,299.05,401.7044,-11.9646,-11.9646,-34.4618
FSLR,177.7100067138672,177.71,2026-09-25,False,173.4499969482422,180.9199981689453,3.22,-21.27,ALTO,19098458112.0,10.96,7.64,1.85,18.51,8.62,42.64,32.46,8.37,7.11,0.02,2.52,7.0,YAHOO,-0.0255,-0.0292,-0.023,0.05606,5.2949,-2.352,96.0,2026-10-29,34,,,yahoo,1.0,1.0,1.0,1.0,1.0,1.0,0.0,0.0,1.0,-9.3131,-14.9835,-12.281,-25.6661,94.376,52.0681,213.25,250.05,318.25,-16.6659,-28.9302,-44.1602
CCJ,88.06999969482422,88.07,2026-09-25,False,87.80000305175781,89.31990051269531,-0.06,2.08,ALTO,38357389312.0,154.51,48.08,7.53,5.11,2.98,9.11,10.21,0.13,48.2,0.17,3.06,8.0,YAHOO,-0.0255,-0.0292,-0.023,0.05606,5.2949,-2.352,96.0,2026-10-30,35,,,yahoo,1.0,1.0,1.0,1.0,1.0,1.0,0.0,1.0,1.0,-3.8747,-8.9057,1.2764,-15.7144,40.1375,42.254,101.97,107.36,134.09,-13.6315,-17.9676,-34.3202
PBR,20.3700008392334,20.37,2026-09-25,False,20.200000762939453,20.579999923706055,-2.26,61.17,ALTO,131271745536.0,5.22,5.11,1.4,30.27,10.07,44.68,24.32,71.79,1.84,0.76,0.85,7.0,YAHOO,-0.0255,-0.0292,-0.023,0.05606,5.2949,-2.352,96.0,2026-11-10,46,,,yahoo,1.0,1.0,1.0,1.0,1.0,1.0,1.0,0.0,0.0,-2.0673,-3.9151,16.0347,28.7137,29.6694,33.5054,21.77,21.77,21.77,-6.4309,-6.4309,-6.4309
NEE,76.08000183105469,76.08,2026-09-25,False,75.37999725341797,76.2750015258789,0.61,3.91,ALTO,158701223936.0,17.1,17.32,2.78,11.68,2.44,31.52,32.4,-11.2,18.92,1.62,0.53,5.0,YAHOO,-0.0255,-0.0292,-0.023,0.05606,5.2949,-2.352,96.0,2026-10-27,32,,,yahoo,1.0,0.0,1.0,1.0,0.0,1.0,0.0,1.0,0.0,-5.4554,-7.5689,-14.1441,-13.4461,23.9247,14.3729,84.06,89.1198,96.443,-9.4932,-14.6318,-21.1141
PAAS,48.040000915527344,48.04,2026-09-25,False,47.15999984741211,48.23500061035156,1.12,30.83,ALTO,19918247936.0,14.21,10.39,2.72,22.41,11.77,37.81,32.03,6.62,8.92,0.11,2.94,7.0,YAHOO,-0.0255,-0.0292,-0.023,0.05606,5.2949,-2.352,96.0,2026-11-16,52,,,yahoo,1.0,1.0,1.0,1.0,1.0,1.0,0.0,1.0,0.0,-3.9008,-4.5689,11.5132,6.0663,64.8226,51.8681,52.9,54.89,68.0597,-9.1871,-12.4795,-29.4149
HMY,18.969999313354492,18.97,2026-09-25,False,18.610000610351562,19.008899688720703,2.26,11.61,ALTO,11877349376.0,6.73,5.79,2.57,48.05,25.06,47.17,29.57,82.93,0.28,0.13,0.84,,YAHOO,-0.0255,-0.0292,-0.023,0.05606,5.2949,-2.352,96.0,,999,2026-08-27,29.0,yahoo,,,,,,,,,,-4.7691,-8.0911,22.1507,22.1507,67.9192,59.988,20.8,23.54,25.5485,-8.7981,-19.4138,-25.7491
B,42.880001068115234,42.88,2026-09-25,False,42.06999969482422,42.95000076293945,1.32,26.84,ALTO,70575521792.0,11.08,9.78,2.58,27.01,13.44,51.34,31.6,7.21,6.04,0.13,3.01,9.0,YAHOO,-0.0255,-0.0292,-0.023,0.05606,5.2949,-2.352,96.0,2026-11-09,45,,,yahoo,1.0,1.0,1.0,1.0,1.0,1.0,1.0,1.0,1.0,-1.0385,-1.8315,17.3208,15.4331,40.6196,43.8092,45.76,48.6827,52.117,-6.2937,-11.9193,-17.7235
VALE,13.609999656677246,13.61,2026-09-25,False,13.395000457763672,13.6850004196167,0.37,34.41,ALTO,57920929792.0,27.22,7.0,1.56,4.11,7.92,21.95,4.75,22.98,1.85,0.55,1.19,4.0,YAHOO,-0.0255,-0.0292,-0.023,0.05606,5.2949,-2.352,96.0,2026-10-29,34,,,yahoo,1.0,0.0,1.0,1.0,0.0,1.0,0.0,0.0,0.0,-4.2224,-10.6369,-4.7735,-7.1115,24.0273,30.927,15.73,15.73,17.3257,-13.4774,-13.4774,-21.4461
LAC,2.75,2.75,2026-09-25,False,2.7411000728607178,2.8299999237060547,-2.83,-63.62,ALTO,998368128.0,,-18.87,0.7,-3.7,-1.66,0.0,0.0,-135.11,-29.36,0.6,5.47,1.0,YAHOO,-0.0255,-0.0292,-0.023,0.05606,5.2949,-2.352,96.0,2026-11-13,49,,,yahoo,0.0,0.0,0.0,1.0,0.0,0.0,0.0,0.0,0.0,-3.8462,-5.4983,-0.722,-27.4406,33.9397,54.7862,3.19,3.82,10.05,-13.7931,-28.0105,-72.6368
RIO,94.55999755859375,94.56,2026-09-25,False,93.55999755859375,94.80000305175781,0.1,50.89,ALTO,153788547072.0,12.81,10.93,2.35,19.31,8.11,28.05,19.58,2.34,7.56,0.32,1.42,4.0,YAHOO,-0.0255,-0.0292,-0.023,0.05606,5.2949,-2.352,96.0,,999,2026-07-28,59.0,yahoo,1.0,0.0,1.0,1.0,0.0,0.0,0.0,1.0,0.0,-2.8859,-5.4022,5.4522,3.0898,19.5256,28.2999,103.83,106.81,109.6326,-8.9281,-11.469,-13.7483
GFI,40.380001068115234,40.38,2026-09-25,False,39.779998779296875,40.56999969482422,1.2,7.12,ALTO,35974402048.0,8.22,7.93,8.02,58.68,28.52,55.0,38.65,11.61,10.07,0.29,1.87,9.0,YAHOO,-0.0255,-0.0292,-0.023,0.05606,5.2949,-2.352,96.0,,999,2026-08-25,31.0,yahoo,1.0,1.0,1.0,1.0,1.0,1.0,1.0,1.0,1.0,-5.0106,-10.4656,26.483,23.1634,52.8201,52.1236,47.091,47.7852,58.4424,-14.251,-15.4968,-30.9063
GGB,4.849999904632568,4.85,2026-09-25,False,4.730000019073486,4.849999904632568,1.25,61.31,ALTO,9514740736.0,21.09,8.37,0.91,4.18,5.03,12.75,3.22,27.83,1.93,0.28,2.87,5.0,YAHOO,-0.0255,-0.0292,-0.023,0.05606,5.2949,-2.352,96.0,2026-10-26,31,,,yahoo,1.0,0.0,1.0,1.0,0.0,0.0,1.0,0.0,1.0,-1.8219,-5.8252,-0.9912,18.0948,29.962,37.3164,5.15,5.15,5.15,-5.8252,-5.8252,-5.8252
FCX,72.30999755859375,72.31,2026-09-25,False,71.52999877929688,72.86990356445312,0.32,105.87,ALTO,103838425088.0,35.45,17.46,5.16,14.75,7.58,33.4,11.39,2.08,12.79,0.32,2.07,6.0,YAHOO,-0.0255,-0.0292,-0.023,0.05606,5.2949,-2.352,96.0,2026-10-22,27,,,yahoo,1.0,1.0,1.0,1.0,1.0,0.0,1.0,0.0,0.0,1.0763,1.7448,17.3102,16.0697,36.0066,46.8376,76.62,79.91,79.91,-5.6252,-9.5107,-9.5107
HL,18.190000534057617,18.19,2026-09-25,False,17.639999389648438,18.299999237060547,1.39,56.97,ALTO,12219468800.0,22.46,17.41,4.56,22.17,15.3,44.27,19.15,2.8,11.95,0.01,5.2,8.0,YAHOO,-0.0255,-0.0292,-0.023,0.05606,5.2949,-2.352,96.0,2026-11-05,41,,,yahoo,1.0,1.0,1.0,1.0,1.0,1.0,0.0,1.0,1.0,-3.8583,-8.0384,25.0411,17.0752,54.0384,65.3832,21.21,21.43,31.7903,-14.2386,-15.119,-42.7813
NEM,121.43000030517578,121.43,2026-09-25,False,119.91000366210938,121.94000244140625,0.11,45.55,ALTO,127949856768.0,15.31,11.86,3.65,25.91,15.75,51.57,33.36,6.89,7.3,0.16,2.55,9.0,YAHOO,-0.0255,-0.0292,-0.023,0.05606,5.2949,-2.352,96.0,2026-10-22,27,,,yahoo,1.0,1.0,1.0,1.0,1.0,1.0,1.0,1.0,1.0,-1.6044,-4.2426,32.9576,26.5815,44.1147,44.0036,130.43,134.8593,134.8593,-6.9002,-9.958,-9.958
GOLD,43.95000076293945,43.95,2026-09-25,False,43.5,44.290000915527344,1.08,76.81,ALTO,1281351552.0,14.55,11.78,1.46,10.8,2.82,0.45,0.32,31.92,9.28,0.96,1.15,6.0,YAHOO,-0.0255,-0.0292,-0.023,0.05606,5.2949,-2.352,96.0,2026-11-05,41,2026-09-02,23.0,yahoo,1.0,1.0,1.0,1.0,1.0,0.0,0.0,0.0,1.0,-3.3216,-6.5082,10.4945,7.5424,31.4309,55.1183,48.0916,48.0916,62.0025,-8.6119,-8.6119,-29.1158
MUX,19.020000457763672,19.02,2026-09-25,False,18.424999237060547,19.049999237060547,1.93,28.45,ALTO,1136256512.0,15.1,4.77,1.61,13.54,-0.43,-5.92,32.46,-1.64,41.34,0.18,2.04,5.0,YAHOO,-0.0255,-0.0292,-0.023,0.05606,5.2949,-2.352,96.0,2026-11-04,40,,,yahoo,1.0,1.0,1.0,0.0,0.0,1.0,0.0,1.0,0.0,0.1053,-2.6114,10.8392,5.6667,84.5685,56.0373,20.54,21.66,29.05,-7.4002,-12.1884,-34.5267
NXE,9.1899995803833,9.19,2026-09-25,False,9.170000076293945,9.354999542236328,-0.86,1.74,ALTO,6161950720.0,,-58.04,4.6,-17.67,-3.39,0.0,0.0,-4.84,-54.05,0.34,1.46,2.0,YAHOO,-0.0255,-0.0292,-0.023,0.05606,5.2949,-2.352,96.0,2026-11-03,39,,,yahoo,0.0,0.0,0.0,1.0,0.0,1.0,0.0,0.0,0.0,-1.7112,-6.7005,0.1089,-5.7436,40.4814,49.6393,10.73,11.21,13.92,-14.3523,-18.0196,-33.9799
MP,48.83000183105469,48.83,2026-09-25,False,48.132598876953125,49.7599983215332,-0.95,-37.63,ALTO,8696700928.0,,55.88,4.44,-3.58,-1.52,-14.72,-14.56,-4.98,214.45,0.41,9.51,4.0,YAHOO,-0.0255,-0.0292,-0.023,0.05606,5.2949,-2.352,96.0,2026-11-05,41,,,yahoo,0.0,1.0,0.0,0.0,1.0,1.0,0.0,1.0,0.0,3.3221,-3.3261,18.2897,-9.4063,43.3971,65.2288,56.13,60.17,98.65,-13.0055,-18.8466,-50.5018
JPM,343.05999755859375,343.06,2026-09-25,False,338.6400146484375,343.2650146484375,1.33,10.6,ALTO,911917383680.0,14.7,13.73,2.58,17.79,1.36,50.39,34.92,,,,,3.0,YAHOO,-0.0255,-0.0292,-0.023,0.05606,5.2949,-2.352,96.0,2026-10-13,18,,,yahoo,1.0,0.0,0.0,0.0,1.0,0.0,1.0,0.0,0.0,-1.8904,-3.6971,-3.9881,4.7274,32.4123,18.9147,362.06,365.18,365.18,-5.2477,-6.0573,-6.0573
AXP,308.8900146484375,308.89,2026-09-25,False,304.4849853515625,310.0,1.06,-9.16,ALTO,208596467712.0,18.74,15.31,6.08,34.38,3.79,20.32,16.14,,,1.72,1.55,4.0,YAHOO,-0.0255,-0.0292,-0.023,0.05606,5.2949,-2.352,96.0,2026-10-23,28,,,yahoo,1.0,0.0,1.0,1.0,0.0,0.0,1.0,0.0,0.0,-0.857,-4.8662,-8.2405,-8.9977,29.713,24.3883,333.2,361.57,381.7816,-7.2959,-14.5698,-19.0925
MA,567.6500244140625,567.65,2026-09-25,False,562.2899780273438,568.780029296875,0.28,-0.25,ALTO,497267048448.0,31.24,24.65,88.75,241.2,24.06,61.11,46.34,3.41,22.92,4.4,1.06,9.0,YAHOO,-0.0255,-0.0292,-0.023,0.05606,5.2949,-2.352,96.0,2026-10-29,34,,,yahoo,1.0,1.0,1.0,1.0,1.0,1.0,1.0,1.0,1.0,0.4264,-0.2706,0.8707,13.9436,22.6447,19.9877,595.3,599.86,599.86,-4.6447,-5.3696,-5.3696
V,367.3800048828125,367.38,2026-09-25,False,363.7900085449219,368.3346862792969,-0.16,9.63,ALTO,689702764544.0,31.29,24.48,19.47,61.19,19.11,66.13,50.78,2.96,22.09,0.68,0.98,6.0,YAHOO,-0.0255,-0.0292,-0.023,0.05606,5.2949,-2.352,96.0,2026-10-27,32,,,yahoo,1.0,0.0,1.0,1.0,1.0,0.0,1.0,0.0,1.0,-0.2471,-0.8287,0.4017,9.4675,25.4383,19.0521,381.6,384.14,384.14,-3.7264,-4.363,-4.363
PYPL,55.040000915527344,55.04,2026-09-25,False,52.310001373291016,55.54499816894531,4.64,-17.55,ALTO,47084568576.0,10.38,9.51,2.39,24.5,4.62,16.97,14.36,9.39,7.43,0.72,1.29,9.0,YAHOO,-0.0255,-0.0292,-0.023,0.05606,5.2949,-2.352,96.0,2026-10-27,32,,,yahoo,1.0,1.0,1.0,1.0,1.0,1.0,1.0,1.0,1.0,5.0181,2.4572,-5.391,24.5788,37.8179,52.3988,56.68,62.1465,75.2904,-2.8934,-11.4351,-26.8964
PAGS,9.050000190734863,9.05,2026-09-25,False,8.954999923706055,9.1850004196167,0.33,-5.96,ALTO,2494596608.0,6.16,4.84,0.86,14.54,6.36,36.2,10.86,-74.41,0.31,0.12,1.55,7.0,YAHOO,-0.0255,-0.0292,-0.023,0.05606,5.2949,-2.352,96.0,2026-11-10,46,,,yahoo,1.0,0.0,1.0,1.0,1.0,0.0,1.0,1.0,1.0,-2.2678,-7.8922,-3.0041,2.7707,24.4567,34.6425,9.8352,9.8352,11.3776,-7.9832,-7.9832,-20.4576
NU,13.59000015258789,13.59,2026-09-25,False,13.4399995803833,13.677499771118164,0.22,-14.82,ALTO,65649061888.0,18.62,12.07,4.95,31.63,4.96,50.15,42.73,,,,,4.0,YAHOO,-0.0255,-0.0292,-0.023,0.05606,5.2949,-2.352,96.0,2026-11-12,48,,,yahoo,1.0,0.0,1.0,1.0,1.0,0.0,0.0,0.0,0.0,-0.4396,-7.0451,-7.4251,3.1891,32.4475,40.4785,15.68,15.68,18.76,-13.3291,-13.3291,-27.5586
XP,20.510000228881836,20.51,2026-09-25,False,19.920000076293945,20.65999984741211,-0.05,10.33,ALTO,10407655424.0,10.31,8.75,2.26,22.56,1.36,31.18,28.54,,,6.42,1.49,7.0,YAHOO,-0.0255,-0.0292,-0.023,0.05606,5.2949,-2.352,96.0,2026-11-16,52,,,yahoo,1.0,1.0,1.0,1.0,1.0,0.0,1.0,1.0,0.0,2.4988,3.2729,22.0833,27.1544,27.9216,41.3061,21.21,21.21,22.6565,-3.3003,-3.3003,-9.4742
AIG,74.16999816894531,74.17,2026-09-25,False,73.94999694824219,74.81999969482422,-0.87,-2.37,ALTO,38782988288.0,13.53,8.44,0.96,7.22,1.76,19.41,11.09,18.99,4.64,0.22,0.61,5.0,YAHOO,-0.0255,-0.0292,-0.023,0.05606,5.2949,-2.352,96.0,2026-11-04,40,,,yahoo,1.0,1.0,1.0,1.0,0.0,0.0,1.0,0.0,0.0,-1.5399,-0.8877,-7.6317,-1.2024,15.1369,18.103,76.4238,80.5266,84.9512,-2.949,-7.8938,-12.6911
BRK-B,505.4800109863281,505.48,2026-09-25,False,502.239990234375,505.8337097167969,0.06,1.19,ALTO,1082085998592.0,12.71,22.78,0.0,12.12,6.01,32.56,22.3,6.65,-1.79,0.17,2.89,4.0,YAHOO,-0.0255,-0.0292,-0.023,0.05606,5.2949,-2.352,96.0,2026-11-07,43,,,yahoo,1.0,0.0,1.0,0.0,1.0,0.0,1.0,0.0,0.0,-0.8416,-0.9581,-1.3447,1.3677,7.4382,14.2658,519.8,529.42,529.42,-2.7549,-4.5219,-4.5219
BBD,3.4100000858306885,3.41,2026-09-25,False,3.359999895095825,3.424999952316284,0.89,7.99,ALTO,36109094912.0,7.93,6.27,1.03,13.76,1.07,34.52,26.07,,,,,4.0,YAHOO,-0.0255,-0.0292,-0.023,0.05606,5.2949,-2.352,96.0,2026-11-04,40,,,yahoo,1.0,1.0,0.0,0.0,1.0,0.0,1.0,0.0,0.0,-0.5831,-5.2778,-5.5835,0.8273,35.8094,31.1638,3.6,3.7214,4.1061,-5.2778,-8.3679,-16.9537
AEG,8.890000343322754,8.89,2026-09-25,False,8.84000015258789,8.949999809265137,0.91,18.06,ALTO,13157116928.0,12.01,9.5,1.28,11.07,0.1,5.82,8.62,-32.79,,0.43,1.16,6.0,YAHOO,-0.0255,-0.0292,-0.023,0.05606,5.2949,-2.352,96.0,,999,2026-08-20,36.0,yahoo,1.0,1.0,1.0,0.0,1.0,0.0,1.0,0.0,1.0,-1.6593,-1.8764,-0.5132,8.7248,25.0516,18.6532,9.2,9.2766,9.2766,-3.3696,-4.167,-4.167
SAN,14.420000076293945,14.42,2026-09-25,False,14.234999656677246,14.454999923706055,0.98,41.9,ALTO,209038163968.0,14.28,10.08,1.64,13.11,0.78,43.44,33.46,,,,,4.0,YAHOO,-0.0255,-0.0292,-0.023,0.05606,5.2949,-2.352,96.0,2026-10-28,33,,,yahoo,1.0,1.0,0.0,0.0,1.0,0.0,1.0,0.0,0.0,0.7687,-3.6096,3.1474,7.6923,21.7299,30.3347,15.05,15.05,15.05,-4.186,-4.186,-4.186
GGAL,38.7400016784668,38.74,2026-09-25,False,38.7400016784668,40.0,-2.15,31.56,ALTO,6564626432.0,110.69,5.53,10.25,1.09,0.2,17.32,1.5,,,,,1.0,YAHOO,-0.0255,-0.0292,-0.023,0.05606,5.2949,-2.352,96.0,2026-11-24,60,,,yahoo,1.0,0.0,0.0,0.0,0.0,0.0,0.0,0.0,0.0,-7.2318,-11.6735,-21.0751,-22.3071,14.9377,43.4657,45.01,53.6149,58.6267,-13.9302,-27.744,-33.9209
MELI,1752.6099853515625,1752.61,2026-09-25,False,1715.3499755859375,1759.1099853515625,-0.09,-30.62,ALTO,88851718144.0,47.57,31.35,11.34,27.5,4.31,6.72,5.3,0.4,24.77,1.69,1.12,5.0,YAHOO,-0.0255,-0.0292,-0.023,0.05606,5.2949,-2.352,96.0,2026-11-04,40,,,yahoo,1.0,0.0,1.0,1.0,1.0,0.0,1.0,0.0,0.0,-1.9459,-7.6295,-5.9011,4.6272,20.7413,34.5238,2006.58,2006.58,2501.3101,-12.6569,-12.6569,-29.9323
WFC,82.97000122070312,82.97,2026-09-25,False,81.74030303955078,83.0999984741211,0.96,-0.39,ALTO,250901217280.0,12.06,10.45,1.56,12.57,1.08,37.39,27.23,,,,,3.0,YAHOO,-0.0255,-0.0292,-0.023,0.05606,5.2949,-2.352,96.0,2026-10-13,18,,,yahoo,1.0,0.0,0.0,0.0,1.0,0.0,1.0,0.0,0.0,-3.6577,-8.1072,-3.9411,-0.4933,34.7885,23.8632,90.29,90.29,94.8289,-8.1072,-8.1072,-12.5056
BNY,150.14999389648438,150.15,2026-09-25,False,148.50999450683594,151.3498992919922,-0.03,39.23,ALTO,101877391360.0,17.5,14.65,2.55,14.12,1.26,40.05,29.41,,,,,6.0,YAHOO,-0.0255,-0.0292,-0.023,0.05606,5.2949,-2.352,96.0,2026-10-15,20,,,yahoo,1.0,1.0,1.0,1.0,1.0,0.0,1.0,0.0,0.0,-2.3669,-7.6909,-4.0514,5.0067,20.0161,22.4565,164.84,164.84,164.84,-8.9117,-8.9117,-8.9117
BCS,24.809999465942383,24.81,2026-09-25,False,24.46179962158203,24.84000015258789,1.56,24.07,ALTO,82982977536.0,9.62,7.44,0.96,10.09,0.47,42.95,27.87,,,,,6.0,YAHOO,-0.0255,-0.0292,-0.023,0.05606,5.2949,-2.352,96.0,2026-10-22,27,,,yahoo,1.0,1.0,1.0,1.0,0.0,0.0,1.0,0.0,1.0,-0.2413,-7.0787,-7.0101,-6.1053,30.3568,30.6458,27.0,28.2428,28.2428,-8.1111,-12.1545,-12.1545
HSBC,100.94999694824219,100.95,2026-09-25,False,100.05999755859375,101.18000030517578,0.78,52.27,ALTO,345381994496.0,14.42,10.66,8.01,13.1,0.78,58.77,37.8,,,,,5.0,YAHOO,-0.0255,-0.0292,-0.023,0.05606,5.2949,-2.352,96.0,2026-10-27,32,,,yahoo,1.0,0.0,1.0,1.0,1.0,0.0,1.0,0.0,0.0,-0.8642,-4.1311,-2.1818,8.1999,17.4318,21.2904,107.11,107.3417,107.3417,-5.7511,-5.9545,-5.9545
BHP,84.97000122070312,84.97,2026-09-25,False,84.20500183105469,85.28500366210938,-0.14,58.04,ALTO,215949295616.0,22.01,18.14,4.24,24.0,13.43,43.34,16.73,4.44,7.73,0.5,1.89,7.0,YAHOO,-0.0255,-0.0292,-0.023,0.05606,5.2949,-2.352,96.0,,999,2026-08-17,39.0,yahoo,1.0,0.0,1.0,1.0,1.0,1.0,0.0,1.0,1.0,-1.5069,-2.5014,3.6213,7.164,34.9042,34.1599,93.1179,96.5823,96.5823,-8.7501,-12.0232,-12.0232
LYG,5.769999980926514,5.77,2026-09-25,False,5.715000152587891,5.789999961853027,2.12,35.54,ALTO,83198844928.0,13.42,8.98,1.51,11.34,0.56,44.96,26.43,,,,,6.0,YAHOO,-0.0255,-0.0292,-0.023,0.05606,5.2949,-2.352,96.0,2026-10-29,34,,,yahoo,1.0,1.0,1.0,1.0,0.0,0.0,1.0,0.0,1.0,-0.6885,-3.9933,-2.6918,2.7808,32.9288,26.773,6.1,6.21,6.21,-5.4098,-7.0853,-7.0853
ING,36.54999923706055,36.55,2026-09-25,False,36.15079879760742,36.566200256347656,1.22,48.18,ALTO,104082481152.0,13.84,11.41,1.83,17.12,0.8,49.1,34.49,,,,,2.0,YAHOO,-0.0255,-0.0292,-0.023,0.05606,5.2949,-2.352,96.0,2026-10-29,34,,,yahoo,1.0,0.0,0.0,0.0,0.0,0.0,1.0,0.0,0.0,0.4121,-1.9319,11.2538,20.29,20.867,25.6981,37.27,37.27,37.27,-1.9319,-1.9319,-1.9319
IBN,27.920000076293945,27.92,2026-09-25,False,27.649999618530273,27.959999084472656,0.14,-9.2,ALTO,100210606080.0,17.34,15.0,2.52,16.07,2.11,38.51,27.53,,,,,4.0,YAHOO,-0.0255,-0.0292,-0.023,0.05606,5.2949,-2.352,96.0,2026-10-17,22,,,yahoo,1.0,0.0,1.0,1.0,1.0,0.0,0.0,0.0,0.0,-0.817,-5.0017,-6.9605,-4.725,7.7936,19.036,30.58,30.58,32.6665,-8.6985,-8.6985,-14.5302
MUFG,23.479999542236328,23.48,2026-09-25,False,23.344999313354492,23.56800079345703,4.03,46.83,ALTO,264285356032.0,15.76,22.8,1.83,9.46,0.51,45.6,27.45,,,,,1.0,YAHOO,-0.0255,-0.0292,-0.023,0.05606,5.2949,-2.352,96.0,2026-11-12,48,,,yahoo,1.0,0.0,0.0,0.0,0.0,0.0,0.0,0.0,0.0,1.5132,-1.7162,4.6812,16.4683,41.7766,30.0639,24.13,24.13,24.13,-2.6937,-2.6937,-2.6937
GS,935.4500122070312,935.45,2026-09-25,False,915.2999877929688,935.8300170898438,1.32,19.08,ALTO,272376283136.0,14.45,12.72,2.58,16.9,1.07,42.18,31.04,,,7.25,1.56,4.0,YAHOO,-0.0255,-0.0292,-0.023,0.05606,5.2949,-2.352,96.0,2026-10-13,18,,,yahoo,1.0,1.0,0.0,0.0,0.0,0.0,1.0,0.0,1.0,-0.6953,-9.1073,-9.0298,-7.8048,20.7091,36.8044,1038.61,1146.4551,1146.4551,-9.9325,-18.405,-18.405
BX,118.41999816894531,118.42,2026-09-25,False,117.19000244140625,119.5,1.03,-30.76,ALTO,141547159552.0,26.49,15.82,10.51,31.37,14.33,54.36,22.73,,,0.68,0.87,5.0,YAHOO,-0.0255,-0.0292,-0.023,0.05606,5.2949,-2.352,96.0,2026-10-22,27,,,yahoo,1.0,0.0,1.0,1.0,1.0,0.0,0.0,0.0,1.0,-5.2337,-7.8515,-10.6587,3.6638,31.7132,35.6194,143.24,149.32,169.2734,-17.3276,-20.6938,-30.0422
ITUB,8.109999656677246,8.11,2026-09-25,False,8.010000228881836,8.149999618530273,0.37,24.49,ALTO,89387376640.0,9.89,8.21,2.1,21.48,1.58,39.07,32.58,,,,,4.0,YAHOO,-0.0255,-0.0292,-0.023,0.05606,5.2949,-2.352,96.0,2026-11-03,39,,,yahoo,1.0,1.0,1.0,0.0,0.0,0.0,1.0,0.0,0.0,-1.0976,-2.6411,-2.3341,-1.3483,23.1417,30.8437,8.45,8.6136,9.3754,-4.0237,-5.8464,-13.4972
BAC,56.70000076293945,56.7,2026-09-25,False,55.8650016784668,56.744998931884766,1.2,10.75,ALTO,396488835072.0,13.09,10.72,1.44,11.2,0.97,38.3,29.52,,,,,5.0,YAHOO,-0.0255,-0.0292,-0.023,0.05606,5.2949,-2.352,96.0,2026-10-14,19,,,yahoo,1.0,1.0,1.0,0.0,0.0,0.0,1.0,0.0,1.0,-1.7842,-9.5549,-8.9919,-1.5389,28.4445,21.2761,62.72,64.481,64.481,-9.5982,-12.0671,-12.0671
RACE,411.3299865722656,411.33,2026-09-25,False,402.92999267578125,411.8699951171875,-0.12,-13.0,ALTO,72211464192.0,38.73,32.66,17.06,45.44,13.61,31.06,22.25,1.39,30.03,0.86,2.43,9.0,YAHOO,-0.0255,-0.0292,-0.023,0.05606,5.2949,-2.352,96.0,2026-11-03,39,,,yahoo,1.0,1.0,1.0,1.0,1.0,1.0,1.0,1.0,1.0,1.1409,-0.5921,5.4314,11.6713,4.3783,26.4791,422.6,436.54,498.3386,-2.6668,-5.775,-17.4597
C,134.27999877929688,134.28,2026-09-25,False,132.1199951171875,134.72000122070312,1.65,33.35,ALTO,225246216192.0,14.49,10.4,1.17,8.53,0.66,36.23,21.83,,,,,3.0,YAHOO,-0.0255,-0.0292,-0.023,0.05606,5.2949,-2.352,96.0,2026-10-13,18,,,yahoo,1.0,0.0,0.0,0.0,1.0,0.0,1.0,0.0,0.0,1.9048,-3.2704,1.8817,-4.7949,23.3364,28.0819,138.82,143.1323,144.9331,-3.2704,-6.1847,-7.3504
SCHW,99.02999877929688,99.03,2026-09-25,False,98.37000274658203,100.61000061035156,-0.46,4.88,ALTO,171256102912.0,18.04,12.65,3.9,20.27,2.07,52.28,38.79,,,1.51,0.66,7.0,YAHOO,-0.0255,-0.0292,-0.023,0.05606,5.2949,-2.352,96.0,2026-10-15,20,,,yahoo,1.0,1.0,1.0,1.0,1.0,0.0,1.0,0.0,1.0,-5.9097,-7.6643,-6.2765,9.5387,45.3294,24.0136,110.38,113.65,113.65,-10.2827,-12.8641,-12.8641
PG,146.22999572753906,146.23,2026-09-25,False,145.3300018310547,146.39999389648438,0.38,-2.0,ALTO,339644383232.0,22.12,19.76,6.37,30.29,10.72,22.08,18.44,3.91,14.79,0.64,0.68,6.0,YAHOO,-0.0255,-0.0292,-0.023,0.05606,5.2949,-2.352,96.0,2026-10-22,27,,,yahoo,1.0,0.0,1.0,1.0,1.0,0.0,1.0,0.0,1.0,-0.1093,0.6608,-1.78,-1.1397,18.2027,17.3697,148.22,151.6182,164.7207,-1.3426,-3.5538,-11.2255
KO,87.80999755859375,87.81,2026-09-25,False,87.55500030517578,88.31829833984375,-0.33,35.69,ALTO,377806815232.0,26.37,24.9,10.45,42.05,9.4,34.87,28.56,1.38,24.07,1.16,1.3,7.0,YAHOO,-0.0255,-0.0292,-0.023,0.05606,5.2949,-2.352,96.0,2026-10-20,25,,,yahoo,1.0,1.0,1.0,0.0,1.0,1.0,1.0,1.0,0.0,-0.4986,0.0498,0.0725,6.903,16.4352,20.6303,89.1282,91.4443,91.4443,-1.479,-3.9744,-3.9744
PEP,128.6300048828125,128.63,2026-09-25,False,126.9000015258789,128.72000122070312,0.37,-5.28,ALTO,175708585984.0,16.88,14.35,7.95,51.51,8.93,16.84,10.79,4.46,11.52,2.39,0.93,5.0,YAHOO,-0.0255,-0.0292,-0.023,0.05606,5.2949,-2.352,96.0,2026-10-08,13,,,yahoo,1.0,0.0,1.0,1.0,0.0,1.0,1.0,0.0,0.0,-0.8632,-5.6411,-8.9989,-8.0528,19.5703,19.6079,139.5789,143.4476,165.4534,-7.8442,-10.3296,-22.2561
MO,68.81999969482422,68.82,2026-09-25,False,68.05999755859375,68.83999633789062,-0.09,11.77,ALTO,114911772672.0,14.49,11.74,-43.07,,29.54,76.36,39.0,7.86,8.71,,0.52,6.0,YAHOO,-0.0255,-0.0292,-0.023,0.05606,5.2949,-2.352,96.0,2026-10-29,34,,,yahoo,1.0,0.0,1.0,1.0,0.0,1.0,1.0,1.0,0.0,-1.0069,1.3615,-6.5502,-5.2458,4.1272,29.9099,70.1,73.7422,73.7422,-1.826,-6.6749,-6.6749
WMT,107.9800033569336,107.98,2026-09-25,False,106.44999694824219,108.1500015258789,0.36,4.73,ALTO,859313405952.0,38.98,33.44,9.11,22.31,6.41,3.45,3.0,0.83,20.96,0.72,0.77,7.0,YAHOO,-0.0255,-0.0292,-0.023,0.05606,5.2949,-2.352,96.0,2026-11-19,55,,,yahoo,1.0,1.0,1.0,1.0,1.0,0.0,1.0,1.0,0.0,1.1712,0.7746,-4.2984,-6.4409,33.6578,27.5534,110.53,115.7329,133.8795,-2.3071,-6.699,-19.3454
TGT,157.4499969482422,157.45,2026-09-25,False,153.9600067138672,157.88499450683594,0.83,87.06,ALTO,71529021440.0,16.35,16.49,4.01,26.41,5.69,6.04,4.08,4.8,9.93,1.08,0.99,6.0,YAHOO,-0.0255,-0.0292,-0.023,0.05606,5.2949,-2.352,96.0,2026-11-18,54,,,yahoo,1.0,0.0,1.0,1.0,1.0,1.0,1.0,0.0,0.0,-0.4678,1.0396,10.0267,13.0127,19.2148,29.6068,164.44,169.89,169.89,-4.2508,-7.3224,-7.3224
MCD,236.5,236.5,2026-09-25,False,235.2899932861328,238.0,-0.22,-20.69,ALTO,167357218816.0,19.23,17.05,-163.55,,13.25,46.48,31.72,3.74,14.84,,1.08,6.0,YAHOO,-0.0255,-0.0292,-0.023,0.05606,5.2949,-2.352,96.0,2026-11-05,41,,,yahoo,1.0,0.0,1.0,1.0,1.0,0.0,1.0,1.0,0.0,-4.7293,-6.3478,-12.7606,-11.7063,40.1592,21.1061,263.1297,280.2182,334.5029,-10.1204,-15.6015,-29.2981
SBUX,94.86000061035156,94.86,2026-09-25,False,93.52999877929688,94.91999816894531,1.29,15.11,ALTO,108140404736.0,54.83,30.38,-14.09,,8.02,12.92,5.17,2.83,22.51,,0.76,5.0,YAHOO,-0.0255,-0.0292,-0.023,0.05606,5.2949,-2.352,96.0,2026-10-28,33,,,yahoo,1.0,0.0,1.0,1.0,1.0,0.0,0.0,0.0,1.0,-1.0122,-3.9295,-7.4637,-8.7907,15.9516,21.3116,107.85,108.49,108.49,-12.0445,-12.5634,-12.5634
NKE,35.75,35.75,2026-09-25,False,35.21590042114258,36.18000030517578,-0.67,-47.6,ALTO,53035081728.0,17.02,16.17,3.57,22.14,6.97,12.69,6.7,3.56,11.17,0.74,1.96,4.0,YAHOO,-0.0255,-0.0292,-0.023,0.05606,5.2949,-2.352,96.0,2026-10-01,6,,,yahoo,1.0,0.0,1.0,0.0,1.0,0.0,0.0,1.0,0.0,0.6759,-2.8533,-16.0761,-11.3393,4.6326,28.7722,39.1843,44.1022,72.1898,-8.7645,-18.9382,-50.4777
MDLZ,60.25,60.25,2026-09-25,False,60.0,60.70000076293945,-1.0,-1.28,ALTO,76897566720.0,22.07,17.93,2.9,13.34,4.12,21.98,8.86,2.93,16.13,0.83,0.6,5.0,YAHOO,-0.0255,-0.0292,-0.023,0.05606,5.2949,-2.352,96.0,2026-10-27,32,,,yahoo,1.0,0.0,1.0,1.0,0.0,0.0,1.0,0.0,1.0,-0.986,-3.5074,-3.5691,-0.0575,19.4949,24.2158,62.47,64.99,64.99,-3.5537,-7.2934,-7.2934
HSY,166.3699951171875,166.37,2026-09-25,False,166.0408935546875,167.72000122070312,-0.31,-8.43,ALTO,33428000768.0,22.7,16.86,7.33,32.81,9.92,23.12,12.24,5.22,14.21,1.3,1.18,4.0,YAHOO,-0.0255,-0.0292,-0.023,0.05606,5.2949,-2.352,96.0,2026-11-05,41,,,yahoo,1.0,0.0,1.0,1.0,0.0,1.0,0.0,0.0,0.0,-2.0143,-4.0099,-8.5675,-6.3826,8.5305,22.1993,179.05,189.94,232.6481,-7.0818,-12.4092,-28.4886
ANF,135.7100067138672,135.71,2026-09-25,False,132.6300048828125,136.72000122070312,1.05,53.52,ALTO,5758769664.0,11.72,10.57,4.25,40.61,13.63,19.94,10.04,7.57,6.94,0.94,1.41,5.0,YAHOO,-0.0255,-0.0292,-0.023,0.05606,5.2949,-2.352,96.0,2026-11-25,61,2026-08-26,30.0,yahoo,1.0,0.0,1.0,1.0,0.0,1.0,1.0,0.0,0.0,-0.0368,-6.5551,31.5529,48.3007,31.7401,88.4155,152.08,152.08,152.08,-10.7641,-10.7641,-10.7641
EBAY,107.9000015258789,107.9,2026-09-25,False,107.29000091552734,109.05999755859375,0.06,16.42,ALTO,48015499264.0,22.67,16.07,10.29,46.61,9.15,21.57,18.57,3.29,16.74,1.53,1.02,5.0,YAHOO,-0.0255,-0.0292,-0.023,0.05606,5.2949,-2.352,96.0,2026-11-04,40,,,yahoo,1.0,1.0,1.0,0.0,0.0,0.0,1.0,0.0,1.0,-3.5229,0.1392,-7.844,0.3319,13.4546,31.9339,112.9,117.084,118.2715,-4.4287,-7.844,-8.7692
ABEV,2.9100000858306885,2.91,2026-09-25,False,2.880000114440918,2.9200000762939453,0.0,26.54,ALTO,44861976576.0,14.55,13.6,2.63,18.4,10.3,23.74,18.41,44.27,1.13,0.03,1.02,8.0,YAHOO,-0.0255,-0.0292,-0.023,0.05606,5.2949,-2.352,96.0,2026-10-29,34,,,yahoo,1.0,1.0,1.0,1.0,1.0,0.0,1.0,1.0,1.0,-0.5579,-3.1921,-6.5943,-9.4861,21.3959,19.6629,3.0259,3.1254,3.4043,-3.829,-6.8918,-14.5204
UL,62.540000915527344,62.54,2026-09-25,False,61.88999938964844,62.560001373291016,0.47,-4.08,ALTO,134665175040.0,21.42,16.16,7.31,31.87,8.29,20.34,18.32,5.0,14.98,1.75,0.74,7.0,YAHOO,-0.0255,-0.0292,-0.023,0.05606,5.2949,-2.352,96.0,2026-10-28,33,2026-07-28,59.0,finnhub,1.0,1.0,1.0,0.0,0.0,1.0,1.0,1.0,1.0,1.1647,0.8384,-5.6886,4.1553,16.2321,26.9144,65.07,66.3122,72.7099,-3.8881,-5.6886,-13.9869
URBN,75.3499984741211,75.35,2026-09-25,False,74.0999984741211,76.29000091552734,0.76,4.8,ALTO,6454494720.0,11.79,10.87,2.47,20.94,8.02,11.62,8.79,1.51,8.9,0.43,1.58,8.0,YAHOO,-0.0255,-0.0292,-0.023,0.05606,5.2949,-2.352,96.0,2026-11-25,61,2026-08-26,30.0,yahoo,1.0,1.0,1.0,1.0,0.0,1.0,1.0,1.0,1.0,0.4533,-4.1105,0.1995,2.4612,10.2807,40.447,81.09,82.95,82.95,-7.0786,-9.1621,-9.1621
CL,86.05999755859375,86.06,2026-09-25,False,85.05999755859375,86.13999938964844,0.87,9.74,ALTO,68604690432.0,33.88,20.98,290.74,267.37,15.84,20.97,9.68,5.04,15.0,13.88,1.03,5.0,YAHOO,-0.0255,-0.0292,-0.023,0.05606,5.2949,-2.352,96.0,2026-10-30,35,,,yahoo,1.0,0.0,1.0,1.0,1.0,0.0,1.0,0.0,0.0,-1.612,-0.8525,-7.1929,-5.9918,17.7221,20.0522,90.75,94.5877,97.966,-5.168,-9.0157,-12.1532
COST,922.7650146484375,922.765,2026-09-25,False,883.0999755859375,925.1400146484375,2.93,-2.55,ALTO,409226739712.0,46.37,36.98,12.21,28.4,8.79,3.97,3.04,1.52,27.61,0.24,1.06,6.0,YAHOO,-0.0255,-0.0292,-0.023,0.05606,5.2949,-2.352,96.0,2026-12-10,76,2026-09-24,1.0,yahoo,1.0,0.0,1.0,1.0,1.0,1.0,0.0,1.0,0.0,3.0665,1.9889,-4.533,-2.9718,25.8191,20.0076,945.47,974.03,1092.5829,-2.4014,-5.2632,-15.5428
KMB,98.43000030517578,98.43,2026-09-25,False,96.72000122070312,98.58000183105469,1.24,-15.93,ALTO,32735754240.0,19.45,13.16,18.71,104.91,10.2,19.0,11.79,2.87,11.04,3.49,0.91,4.0,YAHOO,-0.0255,-0.0292,-0.023,0.05606,5.2949,-2.352,96.0,2026-11-03,39,,,yahoo,1.0,0.0,1.0,1.0,1.0,0.0,0.0,0.0,0.0,0.5825,0.2853,-11.9187,-8.9228,19.6309,25.0765,108.251,113.3795,118.2847,-9.0725,-13.1854,-16.7855
ORLY,86.11499786376953,86.115,2026-09-25,False,85.55999755859375,86.80000305175781,-0.14,-18.59,ALTO,69663653888.0,27.34,23.58,-38.29,,13.67,20.15,14.27,2.25,18.97,,0.75,7.0,YAHOO,-0.0255,-0.0292,-0.023,0.05606,5.2949,-2.352,96.0,2026-10-28,33,,,yahoo,1.0,0.0,1.0,1.0,1.0,1.0,1.0,1.0,0.0,1.6586,0.3437,-5.5446,-3.8359,27.471,30.8201,88.8,93.53,107.81,-3.0237,-7.9279,-20.1234
PM,190.47999572753906,190.48,2026-09-25,False,187.30999755859375,190.98800659179688,-0.53,19.41,ALTO,296884666368.0,26.16,20.73,-34.59,,14.59,40.0,25.56,3.27,19.07,,0.98,7.0,YAHOO,-0.0255,-0.0292,-0.023,0.05606,5.2949,-2.352,96.0,2026-10-21,26,,,yahoo,1.0,1.0,1.0,1.0,1.0,1.0,0.0,1.0,0.0,0.9861,-0.3036,-4.8409,5.3715,13.017,26.3988,194.86,200.17,200.17,-2.2478,-4.8409,-4.8409
ETSY,68.44000244140625,68.44,2026-09-25,False,68.41000366210938,71.30000305175781,-0.78,6.67,ALTO,6281542656.0,21.66,9.93,-4.53,,10.53,18.74,7.11,2.7,17.49,,1.48,5.0,YAHOO,-0.0255,-0.0292,-0.023,0.05606,5.2949,-2.352,96.0,2026-11-04,40,,,yahoo,1.0,0.0,1.0,1.0,1.0,0.0,1.0,0.0,0.0,-5.73,-5.9373,-20.8512,-12.3014,57.0105,43.4678,83.59,87.03,87.03,-18.1242,-21.3604,-21.3604
TM,190.33999633789062,190.34,2026-09-25,False,188.60499572753906,190.72999572753906,1.94,-4.46,ALTO,225397473280.0,8.53,12.06,15.48,12.4,2.34,7.86,8.63,-1597.16,6.26,1.15,1.17,3.0,YAHOO,-0.0255,-0.0292,-0.023,0.05606,5.2949,-2.352,96.0,2026-11-05,41,,,yahoo,1.0,0.0,1.0,1.0,0.0,0.0,0.0,0.0,0.0,-0.6213,-3.9657,2.1685,10.9984,25.8504,22.638,199.87,199.87,248.29,-4.7681,-4.7681,-23.3396
HMC,32.93000030517578,32.93,2026-09-25,False,32.6349983215332,33.099998474121094,2.3,-2.35,ALTO,42732347392.0,,,0.54,-0.76,-0.15,8.76,-0.75,626.59,7.16,1.14,1.29,3.0,YAHOO,-0.0255,-0.0292,-0.023,0.05606,5.2949,-2.352,96.0,2026-11-05,41,,,yahoo,0.0,0.0,1.0,1.0,0.0,0.0,1.0,0.0,0.0,2.2671,1.2608,8.7516,22.7357,21.9123,30.1574,33.04,33.37,33.4,-0.3329,-1.3185,-1.4072
NSANY,3.880000114440918,3.88,2026-09-25,False,3.859999895095825,3.930000066757202,0.52,-24.11,ALTO,6782982144.0,,4.51,0.21,-7.65,0.69,2.63,-3.37,-20044.04,15.32,1.72,1.54,4.0,YAHOO,-0.0255,-0.0292,-0.023,0.05606,5.2949,-2.352,96.0,2026-11-05,41,,,yahoo,0.0,1.0,1.0,1.0,0.0,1.0,0.0,0.0,0.0,-3.2419,-5.5961,-7.3986,2.9178,23.6632,34.4859,4.18,4.51,6.05,-7.177,-13.969,-35.8678
GM,82.62999725341797,82.63,2026-09-25,False,80.91000366210938,83.5,2.56,36.61,ALTO,74734829568.0,36.89,5.49,1.17,3.16,2.25,3.2,1.05,29.35,10.82,2.02,1.14,5.0,YAHOO,-0.0255,-0.0292,-0.023,0.05606,5.2949,-2.352,96.0,2026-10-20,25,,,yahoo,1.0,0.0,1.0,1.0,0.0,1.0,1.0,0.0,0.0,0.5231,-3.4922,-8.3047,6.0191,42.0869,32.8487,87.76,90.1136,90.1136,-5.8455,-8.3047,-8.3047
ARCO,7.239999771118164,7.24,2026-09-25,False,7.150000095367432,7.258999824523926,0.14,6.6,ALTO,1525200512.0,5.89,8.42,1.84,36.36,6.91,5.56,5.16,8.45,5.63,2.64,0.88,6.0,YAHOO,-0.0255,-0.0292,-0.023,0.05606,5.2949,-2.352,96.0,2026-11-18,54,,,yahoo,1.0,1.0,1.0,1.0,0.0,1.0,1.0,0.0,0.0,-2.9491,-8.7649,-13.2074,-12.2697,31.5224,22.5514,8.1733,8.3913,9.3346,-11.419,-13.7198,-22.4394
HD,293.20001220703125,293.2,2026-09-25,False,291.4200134277344,297.1400146484375,0.35,-26.94,ALTO,292522590208.0,20.82,18.3,17.61,104.3,12.14,12.86,8.41,3.68,14.31,3.8,1.08,4.0,YAHOO,-0.0255,-0.0292,-0.023,0.05606,5.2949,-2.352,96.0,2026-11-17,53,,,yahoo,1.0,0.0,1.0,1.0,1.0,0.0,0.0,0.0,0.0,-2.2602,-5.0334,-14.2565,-15.3355,38.418,24.8092,327.7745,355.2818,398.7966,-10.5483,-17.474,-26.4788
DIS,106.1500015258789,106.15,2026-09-25,False,104.48999786376953,106.16799926757812,0.56,-5.63,ALTO,183287808000.0,21.89,14.19,1.67,8.01,4.81,19.3,8.7,2.65,10.97,0.39,0.71,8.0,YAHOO,-0.0255,-0.0292,-0.023,0.05606,5.2949,-2.352,96.0,2026-11-12,48,,,yahoo,1.0,1.0,1.0,1.0,1.0,0.0,1.0,1.0,1.0,3.3895,-0.3754,7.3415,8.2735,17.9904,25.99,108.59,111.25,114.9988,-2.247,-4.5843,-7.6947
JNJ,271.2200012207031,271.22,2026-09-25,False,269.2572937011719,272.24591064453125,0.2,55.1,ALTO,653612679168.0,31.5,22.34,7.69,25.74,8.6,29.19,21.48,2.58,19.52,0.58,1.09,3.0,YAHOO,-0.0255,-0.0292,-0.023,0.05606,5.2949,-2.352,96.0,2026-10-13,18,,,yahoo,1.0,1.0,1.0,0.0,0.0,0.0,0.0,0.0,0.0,0.4556,2.1237,2.1848,7.0281,4.6733,21.0315,278.43,278.43,278.43,-2.5895,-2.5895,-2.5895
LLY,1183.4599609375,1183.46,2026-09-25,False,1160.8399658203125,1190.0,0.13,65.72,ALTO,1055340232704.0,39.74,25.0,31.14,102.29,20.36,54.22,33.53,1.05,26.36,1.62,1.35,7.0,YAHOO,-0.0255,-0.0292,-0.023,0.05606,5.2949,-2.352,96.0,2026-10-29,34,,,yahoo,1.0,1.0,1.0,0.0,0.0,1.0,1.0,1.0,1.0,2.648,6.0733,-2.9086,-1.9008,28.1609,30.2545,1183.46,1280.34,1280.34,0.0,-7.5667,-7.5667
NVO,38.79999923706055,38.8,2026-09-25,False,38.40999984741211,38.83000183105469,0.47,-28.25,ALTO,171371249664.0,9.65,11.56,5.03,59.81,18.73,42.54,35.35,21.98,1.53,0.63,0.87,4.0,YAHOO,-0.0255,-0.0292,-0.023,0.05606,5.2949,-2.352,96.0,2026-11-04,40,,,yahoo,1.0,0.0,1.0,1.0,0.0,1.0,0.0,0.0,0.0,-10.2683,-9.9141,-22.8889,-18.253,30.1521,39.1597,47.51,50.9588,60.9379,-18.333,-23.8601,-36.3286
AMGN,414.6099853515625,414.61,2026-09-25,False,404.19000244140625,415.20001220703125,2.11,56.19,ALTO,224151420928.0,25.72,16.96,19.18,91.47,8.67,35.55,22.95,3.86,15.49,4.9,1.37,7.0,YAHOO,-0.0255,-0.0292,-0.023,0.05606,5.2949,-2.352,96.0,2026-11-03,39,,,yahoo,1.0,1.0,1.0,1.0,1.0,0.0,0.0,1.0,1.0,7.5094,9.8741,6.0883,16.3824,37.7634,34.1611,444.12,444.12,444.12,-6.6446,-6.6446,-6.6446
UNH,376.5899963378906,376.59,2026-09-25,False,371.2699890136719,379.1700134277344,0.42,10.94,ALTO,338025218048.0,24.2,16.66,3.46,14.15,4.87,7.13,3.14,7.18,14.47,0.69,0.78,6.0,YAHOO,-0.0255,-0.0292,-0.023,0.05606,5.2949,-2.352,96.0,2026-10-13,18,,,yahoo,1.0,0.0,1.0,1.0,1.0,0.0,1.0,0.0,1.0,-0.0822,-0.0478,-11.633,-11.4471,15.4876,22.001,398.4863,433.6796,433.6796,-5.4949,-13.164,-13.164
PFE,28.670000076293945,28.67,2026-09-25,False,28.170000076293945,28.690000534057617,0.92,29.06,ALTO,163409641472.0,37.72,9.9,1.92,5.01,5.78,27.88,6.8,7.64,8.43,0.74,1.27,5.0,YAHOO,-0.0255,-0.0292,-0.023,0.05606,5.2949,-2.352,96.0,2026-11-03,39,,,yahoo,1.0,0.0,1.0,1.0,0.0,0.0,0.0,1.0,1.0,3.6515,3.4271,13.5446,20.097,1.6576,19.3433,29.02,29.02,29.02,-1.2061,-1.2061,-1.2061
ABT,101.29000091552734,101.29,2026-09-25,False,100.0999984741211,101.81999969482422,0.22,-23.2,ALTO,175270526976.0,32.78,16.7,3.43,10.58,5.33,14.71,11.65,4.11,17.35,0.63,1.38,5.0,YAHOO,-0.0255,-0.0292,-0.023,0.05606,5.2949,-2.352,96.0,2026-10-14,19,,,yahoo,1.0,0.0,1.0,1.0,1.0,0.0,0.0,1.0,0.0,-1.2864,-0.6474,-5.5747,8.3855,21.2357,31.1571,112.47,116.67,131.5494,-9.9404,-13.1825,-23.0023
CVS,89.12999725341797,89.13,2026-09-25,False,84.69999694824219,89.3499984741211,4.8,22.31,ALTO,113994629120.0,23.52,10.45,1.43,6.21,2.97,3.86,1.18,7.08,10.58,0.96,0.87,6.0,YAHOO,-0.0255,-0.0292,-0.023,0.05606,5.2949,-2.352,96.0,2026-10-28,33,,,yahoo,1.0,0.0,1.0,1.0,1.0,1.0,0.0,0.0,1.0,0.3264,-5.842,-18.4836,-14.0485,46.1828,27.7338,97.6,109.9195,109.9195,-8.6783,-18.9134,-18.9134
ABBV,264.3399963378906,264.34,2026-09-25,False,262.5899963378906,266.0,-0.29,23.77,ALTO,467119767552.0,74.46,16.26,-78.7,,10.51,40.03,9.8,3.61,17.32,,0.81,7.0,YAHOO,-0.0255,-0.0292,-0.023,0.05606,5.2949,-2.352,96.0,2026-10-29,34,,,yahoo,1.0,0.0,1.0,1.0,1.0,1.0,0.0,1.0,1.0,0.144,2.808,0.4331,5.0805,3.7194,22.1921,265.21,265.97,265.97,-0.328,-0.6129,-0.6129
TMO,675.0,675.0,2026-09-25,False,664.6599731445312,677.9400024414062,-0.5,46.57,ALTO,249579421696.0,36.31,24.51,4.74,13.51,5.13,18.75,15.04,2.5,24.55,0.81,1.55,5.0,YAHOO,-0.0255,-0.0292,-0.023,0.05606,5.2949,-2.352,96.0,2026-10-21,26,,,yahoo,1.0,0.0,1.0,1.0,0.0,1.0,1.0,0.0,0.0,3.615,10.7732,17.1939,31.6721,17.5536,28.8565,678.39,678.39,678.39,-0.4997,-0.4997,-0.4997
AZN,166.5800018310547,166.58,2026-09-25,False,164.6199951171875,166.80999755859375,1.23,13.52,ALTO,258348236800.0,24.94,14.39,5.14,21.96,8.02,23.46,17.02,1.9,14.2,0.64,0.89,7.0,YAHOO,-0.0255,-0.0292,-0.023,0.05606,5.2949,-2.352,96.0,2026-10-30,35,,,yahoo,1.0,1.0,1.0,1.0,1.0,1.0,0.0,1.0,0.0,0.3011,4.002,-3.4207,-11.5864,30.2292,31.327,168.37,195.15,208.62,-1.0631,-14.64,-20.1515
CAH,220.22000122070312,220.22,2026-09-25,False,219.10000610351562,223.02000427246094,-1.08,48.44,ALTO,50993999872.0,30.42,15.67,-17.8,,3.72,1.33,0.67,9.32,13.45,,0.88,8.0,YAHOO,-0.0255,-0.0292,-0.023,0.05606,5.2949,-2.352,96.0,2026-11-05,41,,,yahoo,1.0,1.0,1.0,1.0,1.0,0.0,1.0,1.0,1.0,-2.2895,-6.1176,-5.2858,-7.238,15.4587,22.6121,248.61,248.61,248.61,-11.4195,-11.4195,-11.4195
ISRG,405.17999267578125,405.18,2026-09-25,False,391.95001220703125,406.3900146484375,1.42,-8.46,ALTO,145167089664.0,46.52,33.51,7.89,17.42,10.51,33.6,28.45,1.8,32.54,,4.96,7.0,YAHOO,-0.0255,-0.0292,-0.023,0.05606,5.2949,-2.352,96.0,2026-10-20,25,,,yahoo,1.0,1.0,1.0,1.0,0.0,1.0,1.0,0.0,1.0,3.0127,9.7603,11.9901,0.1186,15.3453,47.3268,405.18,432.83,592.85,0.0,-6.3882,-31.6556
MRNA,198.8800048828125,198.88,2026-09-25,False,192.50999450683594,202.6699981689453,2.08,707.19,ALTO,79400042496.0,,-44.5,11.74,-39.0,-13.26,-557.93,-141.43,0.38,-34.42,0.19,2.29,3.0,YAHOO,-0.0255,-0.0292,-0.023,0.05606,5.2949,-2.352,96.0,2026-11-05,41,,,yahoo,0.0,1.0,0.0,1.0,0.0,0.0,0.0,1.0,0.0,29.1093,38.1399,256.3838,195.6444,52.141,377.3249,198.88,198.88,198.88,0.0,0.0,0.0
NVS,145.4600067138672,145.46,2026-09-25,False,144.00030517578125,145.50999450683594,1.32,21.69,ALTO,276478001152.0,21.97,14.79,6.66,30.35,10.25,34.62,22.5,4.3,13.62,1.17,0.86,8.0,YAHOO,-0.0255,-0.0292,-0.023,0.05606,5.2949,-2.352,96.0,2026-10-27,32,,,yahoo,1.0,1.0,1.0,1.0,0.0,1.0,1.0,1.0,1.0,3.6261,6.0513,-9.0022,-6.4024,7.639,38.0481,163.09,163.09,163.6393,-10.81,-10.81,-11.1094
PHG,24.959999084472656,24.96,2026-09-25,False,24.649999618530273,25.0,1.67,-3.3,ALTO,24396589056.0,19.05,13.11,1.86,10.15,4.07,13.99,6.31,6.26,12.29,0.65,1.26,7.0,YAHOO,-0.0255,-0.0292,-0.023,0.05606,5.2949,-2.352,96.0,2026-11-03,39,,,yahoo,1.0,1.0,1.0,1.0,0.0,1.0,0.0,1.0,1.0,1.1345,1.5047,-2.3092,-7.8967,24.8524,23.5025,26.72,28.23,31.6757,-6.5868,-11.5834,-21.2015
MRK,148.77999877929688,148.78,2026-09-25,False,147.48399353027344,149.94000244140625,0.54,96.42,ALTO,367065792512.0,119.98,15.61,8.76,6.96,11.87,-0.24,4.77,4.13,14.27,1.28,1.32,4.0,YAHOO,-0.0255,-0.0292,-0.023,0.05606,5.2949,-2.352,96.0,2026-10-29,34,,,yahoo,1.0,0.0,1.0,0.0,0.0,1.0,1.0,0.0,0.0,1.3005,3.9799,13.5323,16.3207,19.7644,35.1218,151.446,155.5319,155.5319,-1.7604,-4.3412,-4.3412
GILD,150.92999267578125,150.93,2026-09-25,False,148.02000427246094,151.0,0.83,38.41,ALTO,187146436608.0,,15.26,15.83,-20.68,14.09,33.68,-10.64,5.22,14.28,2.23,1.26,8.0,YAHOO,-0.0255,-0.0292,-0.023,0.05606,5.2949,-2.352,96.0,2026-10-29,34,,,yahoo,1.0,1.0,1.0,1.0,1.0,0.0,1.0,1.0,1.0,0.5463,5.6082,12.9989,18.6895,19.6337,27.5092,152.67,152.67,153.0467,-1.1397,-1.1397,-1.383
BMY,62.86000061035156,62.86,2026-09-25,False,61.400001525878906,62.90999984741211,2.21,50.82,ALTO,128405045248.0,13.85,9.58,5.75,46.6,10.72,34.42,18.87,6.32,8.43,2.02,1.53,8.0,YAHOO,-0.0255,-0.0292,-0.023,0.05606,5.2949,-2.352,96.0,2026-10-29,34,,,yahoo,1.0,1.0,1.0,1.0,1.0,1.0,0.0,1.0,1.0,-0.3172,-1.2256,-1.1635,10.5174,26.9464,25.7531,68.09,68.09,68.09,-7.681,-7.681,-7.681
HIMS,29.420000076293945,29.42,2026-09-25,False,28.565000534057617,29.760000228881836,0.48,-47.32,ALTO,6864080384.0,,39.9,21.18,-32.03,-2.21,-12.75,-5.51,12.38,-740.55,4.77,0.93,4.0,YAHOO,-0.0255,-0.0292,-0.023,0.05606,5.2949,-2.352,96.0,2026-11-09,45,,,yahoo,1.0,0.0,1.0,1.0,0.0,1.0,0.0,0.0,0.0,5.109,6.9429,0.3411,-13.3176,75.8288,85.0693,30.43,38.28,62.76,-3.3191,-23.1452,-53.123
CAT,821.5800170898438,821.58,2026-09-25,False,809.1500244140625,822.9899291992188,2.03,77.83,ALTO,377659686912.0,35.43,25.38,19.47,56.97,9.03,22.18,14.51,1.34,25.19,2.33,1.37,6.0,YAHOO,-0.0255,-0.0292,-0.023,0.05606,5.2949,-2.352,96.0,2026-10-29,34,,,yahoo,1.0,0.0,1.0,1.0,1.0,1.0,1.0,0.0,0.0,1.5563,0.3677,-2.2917,-17.4808,22.5047,34.1998,822.48,968.124,1062.9282,-0.1094,-15.1369,-22.706
GE,327.0899963378906,327.09,2026-09-25,False,319.79998779296875,329.1700134277344,2.29,9.69,ALTO,339376308224.0,38.62,36.0,19.24,48.23,5.07,20.57,17.72,1.94,29.81,1.13,0.98,6.0,YAHOO,-0.0255,-0.0292,-0.023,0.05606,5.2949,-2.352,96.0,2026-10-20,25,,,yahoo,1.0,1.0,1.0,0.0,0.0,0.0,1.0,1.0,1.0,4.0793,1.0598,-10.0388,-11.2472,17.5489,29.6048,342.58,381.22,381.22,-4.5216,-14.1992,-14.1992
LMT,519.5599975585938,519.56,2026-09-25,False,516.489990234375,528.0,-0.79,9.11,ALTO,119909646336.0,19.15,15.86,13.63,89.17,8.64,11.96,8.16,4.64,14.22,2.34,1.19,6.0,YAHOO,-0.0255,-0.0292,-0.023,0.05606,5.2949,-2.352,96.0,2026-10-20,25,,,yahoo,1.0,0.0,1.0,1.0,1.0,0.0,1.0,1.0,0.0,-2.591,-0.8833,-10.0697,3.0299,19.6731,31.5751,560.3839,604.9383,668.1661,-7.285,-14.1136,-22.2409
RTX,189.39999389648438,189.4,2026-09-25,False,187.55999755859375,189.5500030517578,0.42,18.81,ALTO,255265374208.0,33.35,24.12,3.85,12.27,4.21,12.7,8.28,3.87,18.09,0.57,1.01,8.0,YAHOO,-0.0255,-0.0292,-0.023,0.05606,5.2949,-2.352,96.0,2026-10-20,25,,,yahoo,1.0,1.0,1.0,1.0,1.0,1.0,0.0,1.0,1.0,-2.3711,-4.1886,-13.062,1.0847,21.2966,24.5371,211.71,225.49,225.49,-10.538,-16.0051,-16.0051
UAL,113.98999786376953,113.99,2026-09-25,False,110.72000122070312,115.70999908447266,2.52,14.03,ALTO,36997701632.0,10.66,7.88,2.22,23.25,3.38,5.53,5.56,2.46,7.49,2.02,0.78,7.0,YAHOO,-0.0255,-0.0292,-0.023,0.05606,5.2949,-2.352,96.0,2026-10-21,26,,,yahoo,1.0,1.0,1.0,1.0,1.0,0.0,1.0,0.0,1.0,4.857,3.7971,-7.9018,-16.2516,43.1928,38.7365,115.21,133.32,136.11,-1.0589,-14.499,-16.2516
F,12.710000038146973,12.71,2026-09-25,False,12.529999732971191,12.8100004196167,0.87,13.54,ALTO,50682343424.0,,6.5,1.42,-18.25,0.35,1.88,-3.94,-15.67,25.05,4.57,1.09,2.0,YAHOO,-0.0255,-0.0292,-0.023,0.05606,5.2949,-2.352,96.0,2026-10-22,27,,,yahoo,0.0,0.0,1.0,1.0,0.0,0.0,0.0,0.0,0.0,-3.785,-9.0193,-14.12,-9.0753,23.1223,31.8757,14.62,15.1163,17.2531,-13.0643,-15.9185,-26.3323
AAL,13.869999885559082,13.87,2026-09-25,False,13.380000114440918,13.965100288391113,3.9,20.84,ALTO,9181522944.0,,6.85,-2.31,,1.12,2.81,-0.56,5.66,10.84,,0.53,4.0,YAHOO,-0.0255,-0.0292,-0.023,0.05606,5.2949,-2.352,96.0,2026-10-22,27,,,yahoo,1.0,0.0,1.0,1.0,0.0,0.0,0.0,0.0,1.0,7.0216,6.6103,-9.7005,-22.3839,38.4601,44.4131,13.87,17.92,18.15,0.0,-22.6004,-23.5813
UNP,273.7900085449219,273.79,2026-09-25,False,272.3299865722656,275.0,-0.1,19.56,ALTO,162651947008.0,22.15,19.31,8.37,39.7,9.27,40.98,28.85,2.9,14.89,1.51,0.99,8.0,YAHOO,-0.0255,-0.0292,-0.023,0.05606,5.2949,-2.352,96.0,2026-10-22,27,,,yahoo,1.0,1.0,1.0,1.0,1.0,1.0,1.0,1.0,0.0,-1.9973,-3.7307,-6.585,2.5007,15.8767,21.3531,305.99,309.1852,309.1852,-10.5232,-11.4479,-11.4479
FDX,285.8500061035156,285.85,2026-09-25,False,279.2300109863281,286.6000061035156,2.26,51.65,ALTO,67652243456.0,15.4,13.7,2.17,14.85,5.01,11.13,4.68,8.36,8.06,1.36,1.48,5.0,YAHOO,-0.0255,-0.0292,-0.023,0.05606,5.2949,-2.352,96.0,2026-10-28,33,,,yahoo,1.0,0.0,1.0,1.0,0.0,1.0,0.0,1.0,0.0,-5.862,-8.0188,-8.21,-9.9073,42.4655,24.5448,329.5862,338.023,338.023,-13.27,-15.4347,-15.4347
PCAR,111.30999755859375,111.31,2026-09-25,False,110.87999725341797,112.7699966430664,0.58,18.4,ALTO,58589683712.0,23.43,15.41,2.88,12.76,4.12,12.02,9.0,3.32,19.68,0.73,5.52,4.0,YAHOO,-0.0255,-0.0292,-0.023,0.05606,5.2949,-2.352,96.0,2026-10-27,32,,,yahoo,1.0,0.0,1.0,1.0,0.0,1.0,0.0,0.0,0.0,-4.0927,-9.305,-19.2499,-7.5201,15.1608,25.5853,125.34,137.845,137.845,-11.1936,-19.2499,-19.2499
MMM,169.5500030517578,169.55,2026-09-25,False,168.1300048828125,170.72999572753906,1.21,11.9,ALTO,87440736256.0,30.12,17.3,29.62,81.89,8.74,20.35,11.9,7.26,14.54,4.38,1.24,5.0,YAHOO,-0.0255,-0.0292,-0.023,0.05606,5.2949,-2.352,96.0,2026-10-20,25,,,yahoo,1.0,0.0,1.0,0.0,0.0,1.0,1.0,0.0,1.0,2.2063,2.7763,-6.679,3.8304,28.1276,25.423,174.34,182.979,182.979,-2.7475,-7.3391,-7.3391
PAC,215.94000244140625,215.94,2026-09-25,False,211.89999389648438,216.47000122070312,2.14,-13.69,ALTO,12848823296.0,20.26,17.05,601.01,28.03,10.47,44.16,30.83,53.69,83.18,1.18,0.74,7.0,YAHOO,-0.0255,-0.0292,-0.023,0.05606,5.2949,-2.352,96.0,2026-10-19,24,,,yahoo,1.0,1.0,1.0,1.0,0.0,1.0,1.0,0.0,1.0,6.4898,6.1339,-0.7172,-14.6145,20.0684,27.1025,215.94,254.42,300.41,0.0,-15.1246,-28.1182
GT,5.125,5.125,2026-09-25,False,5.039999961853027,5.150000095367432,1.08,-35.9,ALTO,1475481088.0,,9.72,0.52,-61.53,0.51,-0.96,-14.37,33.69,9.14,2.74,1.09,5.0,YAHOO,-0.0255,-0.0292,-0.023,0.05606,5.2949,-2.352,96.0,2026-11-03,39,,,yahoo,0.0,0.0,1.0,1.0,1.0,1.0,0.0,0.0,1.0,1.4851,-4.5624,-30.3668,-25.0731,100.4396,50.2311,6.35,7.45,10.54,-19.2913,-31.2081,-51.3757
BA,198.07000732421875,198.07,2026-09-25,False,196.8000030517578,201.39999389648438,0.65,-8.18,ALTO,156548595712.0,71.51,47.27,25.67,173.54,-1.98,0.0,2.59,3.59,-63.67,7.91,1.14,6.0,YAHOO,-0.0255,-0.0292,-0.023,0.05606,5.2949,-2.352,96.0,2026-10-28,33,,,yahoo,1.0,1.0,1.0,0.0,1.0,0.0,0.0,1.0,1.0,-0.0656,-5.8826,-10.6021,-8.8285,23.2876,32.9705,212.25,240.19,252.15,-6.6808,-17.5361,-21.4475
HON,212.5500030517578,212.55,2026-09-25,False,210.75250244140625,213.63999938964844,0.36,4.62,ALTO,67365597184.0,8.17,21.49,3.63,46.58,5.72,20.25,21.58,3.87,10.95,1.85,1.21,5.0,YAHOO,-0.0255,-0.0292,-0.023,0.05606,5.2949,-2.352,96.0,2026-10-22,27,,,yahoo,1.0,0.0,1.0,1.0,0.0,0.0,1.0,0.0,1.0,2.9497,5.0356,-13.7066,-12.4609,20.4793,27.2299,217.43,248.0457,257.9406,-2.2444,-14.3102,-17.5973
MOS,23.010000228881836,23.01,2026-09-25,False,22.65999984741211,23.649999618530273,-2.87,-32.37,ALTO,7314779136.0,,14.71,0.64,-5.07,1.24,-0.12,-5.21,-10.2,7.85,0.52,1.34,7.0,YAHOO,-0.0255,-0.0292,-0.023,0.05606,5.2949,-2.352,96.0,2026-11-03,39,,,yahoo,1.0,1.0,1.0,1.0,0.0,1.0,0.0,1.0,1.0,-6.0049,-8.6542,0.5406,3.6853,41.8787,38.2213,26.3073,26.3073,34.1555,-12.5338,-12.5338,-32.6317
BG,109.0,109.0,2026-09-25,False,108.19999694824219,111.30999755859375,-1.1,39.88,ALTO,20940984320.0,23.49,9.68,1.31,7.18,3.47,4.62,1.1,-30.92,12.37,0.98,1.57,3.0,YAHOO,-0.0255,-0.0292,-0.023,0.05606,5.2949,-2.352,96.0,2026-11-04,40,,,yahoo,1.0,0.0,1.0,1.0,0.0,0.0,0.0,0.0,0.0,-5.693,-10.955,-6.5457,-0.7714,24.439,35.828,124.59,124.59,130.5866,-12.513,-12.513,-16.5305
RKLB,73.94999694824219,73.95,2026-09-25,False,72.78009796142578,75.31999969482422,0.46,57.65,ALTO,47284441088.0,,1623.13,12.67,-7.92,-4.62,-24.57,-21.51,-0.53,-278.21,0.04,5.48,5.0,YAHOO,-0.0255,-0.0292,-0.023,0.05606,5.2949,-2.352,96.0,2026-11-09,45,,,yahoo,0.0,1.0,0.0,1.0,1.0,1.0,0.0,1.0,0.0,14.5269,17.4742,15.7458,-12.5266,48.5693,72.345,73.95,100.46,150.23,0.0,-26.3886,-50.7755
ONDS,7.639999866485596,7.64,2026-09-25,False,7.590000152587891,7.880000114440918,0.53,-2.36,ALTO,4448792576.0,,-382.0,2.58,19.32,-8.37,-166.3,96.25,-1.55,-16.61,0.03,9.85,5.0,YAHOO,-0.0255,-0.0292,-0.023,0.05606,5.2949,-2.352,96.0,2026-11-12,48,,,yahoo,0.0,1.0,0.0,1.0,1.0,1.0,0.0,1.0,0.0,3.3829,5.6708,-2.799,-2.4266,59.8072,79.6483,7.9,9.77,14.01,-3.2911,-21.8014,-45.4675
SMSN.IL,4970.0,4970.0,2026-09-23,False,4936.0,5080.0,-1.97,233.17,ALTO,1376195995520.0,52.52,80.76,0.0,10.64,2.3,6.08,13.13,-978.06,-1.44,0.03,2.88,6.0,YAHOO,-0.0255,-0.0292,-0.023,0.05606,5.2949,-2.352,96.0,2026-10-28,33,,,yahoo,1.0,1.0,1.0,1.0,0.0,0.0,0.0,1.0,1.0,5.3859,2.5165,22.053,-9.028,70.5246,73.3621,5100.0,5100.0,6002.5513,-2.549,-2.549,-17.2019
ADS.DE,142.25,142.25,2026-09-23,False,142.14999389648438,145.10000610351562,-1.52,-22.5,ALTO,25646712832.0,18.78,12.6,4.31,24.32,6.7,8.51,5.3,3.71,11.43,0.94,1.39,6.0,YAHOO,-0.0255,-0.0292,-0.023,0.05606,5.2949,-2.352,96.0,2026-10-29,34,,,yahoo,1.0,1.0,1.0,0.0,0.0,1.0,0.0,1.0,1.0,-0.1053,-0.3153,-21.4522,-21.3654,31.8424,35.5586,154.2,187.9,191.3097,-7.7497,-24.2948,-25.6441
BAYN.DE,49.380001068115234,49.38,2026-09-23,False,48.709999084472656,49.95000076293945,0.14,78.42,ALTO,49140850688.0,,10.36,1.66,-5.69,3.18,9.19,-3.83,13.36,8.15,1.29,1.04,6.0,YAHOO,-0.0255,-0.0292,-0.023,0.05606,5.2949,-2.352,96.0,2026-11-03,39,,,yahoo,0.0,0.0,1.0,1.0,1.0,0.0,1.0,1.0,1.0,0.6933,1.3963,4.9968,7.2779,16.9351,22.6267,49.55,53.36,53.36,-0.3431,-7.4588,-7.4588
RIOT,23.0,23.0,2026-09-25,False,22.30500030517578,23.639999389648438,-2.04,36.46,ALTO,8630956032.0,,-24.6,3.97,-48.24,-21.2,-122.33,-196.28,-8.33,-10.25,0.4,1.58,2.0,YAHOO,-0.0255,-0.0292,-0.023,0.05606,5.2949,-2.352,96.0,2026-10-29,34,,,yahoo,0.0,0.0,0.0,0.0,0.0,0.0,0.0,1.0,1.0,-3.1579,7.1262,8.2863,-19.496,52.6257,95.2715,24.93,24.93,28.69,-7.7417,-7.7417,-19.8327
OKLO,38.040000915527344,38.04,2026-09-25,False,37.540000915527344,39.099998474121094,-0.65,-69.01,ALTO,7076111360.0,,-36.78,2.15,-7.7,-6.65,-6048.76,0.0,-3.38,-21.5,0.0,48.46,4.0,YAHOO,-0.0255,-0.0292,-0.023,0.05606,5.2949,-2.352,96.0,2026-11-10,46,,,yahoo,0.0,1.0,0.0,1.0,1.0,1.0,0.0,0.0,0.0,0.1053,5.0248,-3.8909,-23.92,31.4233,85.4754,43.31,52.36,174.14,-12.1681,-27.3491,-78.1555
SATL,6.170000076293945,6.17,2026-09-25,False,6.0,6.449999809265137,3.87,82.69,ALTO,948575232.0,,-205.67,28.05,,-9.86,1.67,0.0,-1.99,-57.6,2.85,2.34,4.0,YAHOO,-0.0255,-0.0292,-0.023,0.05606,5.2949,-2.352,96.0,2026-11-12,48,,,yahoo,0.0,1.0,0.0,0.0,1.0,1.0,0.0,1.0,0.0,20.7436,28.81,74.7875,33.5498,77.9945,96.1615,6.17,6.17,10.74,0.0,0.0,-42.5512
JMIA,6.880000114440918,6.88,2026-09-25,False,6.699999809265137,7.119999885559082,2.38,-39.4,ALTO,919345792.0,,-20.24,982.86,-216.21,-25.23,-23.8,-27.54,-3.02,-14.91,37.95,0.88,3.0,YAHOO,-0.0255,-0.0292,-0.023,0.05606,5.2949,-2.352,96.0,2026-11-11,47,,,yahoo,0.0,1.0,0.0,1.0,0.0,0.0,0.0,0.0,1.0,-1.0072,-7.651,15.0502,8.1761,37.9713,50.0907,7.52,7.52,14.6,-8.5106,-8.5106,-52.8767
LAR,5.519999980926514,5.52,2026-09-25,False,5.519499778747559,5.699999809265137,-2.82,42.81,ALTO,905832000.0,,16.12,1.15,-6.58,-2.05,0.0,0.0,-1.81,-29.82,0.3,0.47,1.0,YAHOO,-0.0255,-0.0292,-0.023,0.05606,5.2949,-2.352,96.0,2026-11-09,45,,,yahoo,0.0,0.0,0.0,1.0,0.0,0.0,0.0,0.0,0.0,-4.3328,-5.641,-1.6043,-29.1399,49.0527,64.895,6.87,7.98,11.79,-19.6507,-30.8271,-53.1807
NG,7.130000114440918,7.13,2026-09-25,False,6.950099945068359,7.260000228881836,-0.14,-11.14,ALTO,3128505856.0,,-36.37,7.43,-24.63,-4.36,0.0,0.0,-0.76,-90.74,0.41,112.82,4.0,YAHOO,-0.0255,-0.0292,-0.023,0.05606,5.2949,-2.352,96.0,2026-10-08,13,,,yahoo,0.0,1.0,0.0,1.0,1.0,1.0,0.0,0.0,0.0,-1.9257,-4.9333,22.5086,12.1069,79.3331,72.2735,8.75,9.77,14.2,-18.5143,-27.0215,-49.7887
PBI,16.3799991607666,16.38,2026-09-25,False,16.219999313354492,16.475000381469727,0.12,45.46,ALTO,2245537536.0,13.32,8.99,-2.6,,8.41,21.68,10.04,10.41,7.86,,0.73,7.0,YAHOO,-0.0255,-0.0292,-0.023,0.05606,5.2949,-2.352,96.0,2026-11-05,41,,,yahoo,1.0,1.0,1.0,1.0,0.0,0.0,1.0,1.0,1.0,-2.7893,-3.9859,-7.6019,-9.0807,17.5063,26.4971,17.58,18.4037,18.4037,-6.8259,-10.9964,-10.9964
TEM,85.01000213623047,85.01,2026-09-25,False,80.30999755859375,85.45999908447266,3.37,8.99,ALTO,15338758144.0,,-10469.21,34.4,-67.44,-8.55,-20.11,-17.77,-0.61,-79.99,3.25,3.3,4.0,YAHOO,-0.0255,-0.0292,-0.023,0.05606,5.2949,-2.352,96.0,2026-11-03,39,,,yahoo,0.0,1.0,0.0,1.0,0.0,1.0,0.0,1.0,0.0,9.2112,44.0603,98.1585,51.425,63.3412,94.7558,85.01,85.01,103.25,0.0,0.0,-17.6659
MRSH,171.1199951171875,171.12,2026-09-25,False,169.6649932861328,173.68499755859375,0.7,-12.73,ALTO,81660387328.0,20.94,15.0,5.39,25.9,7.24,26.32,14.24,5.86,13.15,1.45,1.14,6.0,YAHOO,-0.0255,-0.0292,-0.023,0.05606,5.2949,-2.352,96.0,2026-10-15,20,,,yahoo,1.0,0.0,1.0,1.0,1.0,0.0,1.0,0.0,1.0,-2.2227,-3.2729,-10.9631,1.8092,15.4995,24.799,192.64,197.59,203.7672,-11.1711,-13.3964,-16.0218
CEPU,13.180000305175781,13.18,2026-09-25,False,13.09000015258789,13.448699951171875,-1.79,52.68,ALTO,1976818688.0,6.13,7.85,1.01,19.03,7.21,24.84,28.78,-2122.16,1.24,0.33,1.28,7.0,YAHOO,-0.0255,-0.0292,-0.023,0.05606,5.2949,-2.352,96.0,2026-11-11,47,,,yahoo,1.0,1.0,1.0,1.0,0.0,1.0,1.0,0.0,1.0,-2.0802,-6.7233,-9.2911,-10.8254,20.6092,39.8729,14.48,15.5,17.95,-8.9779,-14.9677,-26.5738
BMA,68.86000061035156,68.86,2026-09-25,False,68.51000213623047,71.01000213623047,-3.01,50.3,ALTO,4402841600.0,17.43,6.11,1.06,5.36,1.31,26.07,8.39,,,,,5.0,YAHOO,-0.0255,-0.0292,-0.023,0.05606,5.2949,-2.352,96.0,2026-11-25,61,,,yahoo,,,,,,,,,,-8.2601,-11.5137,-24.188,-24.2489,20.2861,42.9197,79.18,97.63,101.1279,-13.0336,-29.4684,-31.908
SUPV,7.239999771118164,7.24,2026-09-25,False,7.21999979019165,7.570000171661377,-2.95,23.46,ALTO,684239424.0,,5.9,0.81,-8.01,-1.15,3.31,-11.23,,,,,2.0,YAHOO,-0.0255,-0.0292,-0.023,0.05606,5.2949,-2.352,96.0,2026-11-17,53,,,yahoo,0.0,0.0,1.0,1.0,0.0,0.0,0.0,0.0,0.0,-9.9503,-14.8235,-24.7401,-24.3469,20.6924,51.4966,8.86,10.29,12.86,-18.2844,-29.6404,-43.7014
EDN,21.31999969482422,21.32,2026-09-25,False,21.270000457763672,22.324399948120117,-3.09,20.68,ALTO,1014281631.0015106,6.38,15.66,0.51,9.59,3.09,5.14,7.2,-11241.16,0.83,0.62,1.46,6.0,YAHOO,-0.0255,-0.0292,-0.023,0.05606,5.2949,-2.352,96.0,2026-11-06,42,,,yahoo,1.0,0.0,1.0,0.0,0.0,1.0,1.0,1.0,1.0,-8.9667,-12.9085,-15.8974,-12.9441,14.0735,41.5328,25.07,27.27,35.71,-14.9581,-21.8189,-40.2968
TGS,26.6200008392334,26.62,2026-09-25,False,26.360000610351562,27.045000076293945,-2.06,16.69,ALTO,4007699968.0,11.68,10.17,1.71,15.98,9.91,40.71,28.02,8963.93,-0.48,0.43,3.67,6.0,YAHOO,-0.0255,-0.0292,-0.023,0.05606,5.2949,-2.352,96.0,2026-11-03,39,,,yahoo,1.0,0.0,1.0,1.0,0.0,1.0,1.0,1.0,0.0,-6.0028,-10.2495,-9.8238,-10.521,11.589,34.1277,30.74,31.83,35.32,-13.4027,-16.3682,-24.6319
TEO,13.020000457763672,13.02,2026-09-25,False,12.989999771118164,13.359999656677246,-2.69,74.06,ALTO,5608203775.216026,10.67,13.74,0.96,10.83,3.12,13.95,8.91,14452.48,1.98,0.67,0.58,6.0,YAHOO,-0.0255,-0.0292,-0.023,0.05606,5.2949,-2.352,96.0,2026-11-09,45,,,yahoo,,,,,,,,,,-4.9635,-1.7358,-4.2647,1.4809,33.0771,33.7205,14.18,14.3,15.98,-8.1805,-8.951,-18.5231
IRS,14.75,14.75,2026-09-25,False,14.600000381469727,14.929900169372559,-0.34,15.02,ALTO,1247842560.0,4.42,56.95,0.8,18.09,4.08,39.09,56.48,13375.27,3.32,0.42,0.74,2.0,YAHOO,-0.0255,-0.0292,-0.023,0.05606,5.2949,-2.352,96.0,2026-11-04,40,2026-09-04,21.0,yahoo,1.0,0.0,1.0,0.0,0.0,0.0,0.0,0.0,0.0,-4.6542,-5.0837,-3.9714,-5.2057,12.0585,27.0024,16.02,16.1,18.41,-7.9276,-8.3851,-19.8805
LOMA,9.350000381469727,9.35,2026-09-25,False,9.270000457763672,9.496299743652344,0.21,20.02,ALTO,1091113600.0,37.4,12.15,1.27,3.82,2.65,6.84,5.13,-3152.46,1.63,0.24,2.25,5.0,YAHOO,-0.0255,-0.0292,-0.023,0.05606,5.2949,-2.352,96.0,2026-11-05,41,,,yahoo,1.0,0.0,1.0,1.0,0.0,1.0,1.0,0.0,0.0,-1.6824,-4.1026,-18.2692,-19.1176,12.5361,35.7545,10.41,12.19,13.12,-10.1825,-23.2978,-28.7348
GLOB,34.5,34.5,2026-09-25,False,34.13999938964844,35.22999954223633,-0.95,-39.32,ALTO,1489694720.0,13.48,5.56,0.7,5.48,4.67,4.86,4.63,,4.86,0.24,1.84,4.0,YAHOO,-0.0255,-0.0292,-0.023,0.05606,5.2949,-2.352,96.0,2026-11-19,55,,,yahoo,1.0,0.0,1.0,1.0,0.0,0.0,1.0,0.0,0.0,-3.0627,-8.6093,-1.7374,14.8851,23.3704,58.4767,40.71,40.99,71.21,-15.2542,-15.8331,-51.5517
BBAR,13.149999618530273,13.15,2026-09-25,False,13.130000114440918,13.5,-2.52,43.64,ALTO,2685712384.0,12.06,11.97,0.97,8.12,1.24,19.02,8.62,,,,,4.0,YAHOO,-0.0255,-0.0292,-0.023,0.05606,5.2949,-2.352,96.0,2026-11-24,60,2026-08-27,29.0,yahoo,1.0,0.0,1.0,1.0,0.0,0.0,1.0,0.0,0.0,-7.7193,-11.6857,-29.9203,-31.0674,15.7473,49.6796,15.34,21.075,21.7253,-14.2764,-37.6039,-39.4715
LND,3.509999990463257,3.51,2026-09-25,False,3.5,3.53439998626709,-0.28,-9.77,ALTO,349650253.119993,,,0.89,-4.28,-1.3,-8.06,-10.07,-16.28,-31.22,0.71,1.54,2.0,YAHOO,-0.0255,-0.0292,-0.023,0.05606,5.2949,-2.352,96.0,2026-11-05,41,2026-09-03,22.0,finnhub,0.0,0.0,1.0,1.0,0.0,0.0,0.0,0.0,0.0,-1.6807,-5.3908,-4.0984,-1.6807,13.6448,21.7626,3.87,3.87,4.37,-9.3023,-9.3023,-19.6796
AGRO,10.430000305175781,10.43,2026-09-25,False,10.329999923706055,10.625,-1.88,29.44,ALTO,1505132160.0,27.45,7.5,0.86,3.69,2.47,17.0,3.0,-8.53,8.75,1.24,1.73,2.0,YAHOO,-0.0255,-0.0292,-0.023,0.05606,5.2949,-2.352,96.0,2026-11-11,47,,,yahoo,0.0,0.0,1.0,1.0,0.0,0.0,0.0,0.0,0.0,-8.9878,-11.3849,3.8845,10.8395,9.5817,49.072,12.46,12.46,15.18,-16.2921,-16.2921,-31.2912
USB,59.33000183105469,59.33,2026-09-25,False,58.5,59.52000045776367,1.59,24.89,ALTO,92439199744.0,11.84,10.24,1.52,12.62,1.16,39.65,29.9,,,,,6.0,YAHOO,-0.0255,-0.0292,-0.023,0.05606,5.2949,-2.352,96.0,2026-10-15,20,,,yahoo,1.0,1.0,1.0,1.0,0.0,0.0,1.0,0.0,1.0,-1.2155,-5.5856,-7.9156,-1.7604,24.3835,20.2611,63.53,65.42,65.42,-6.611,-9.3091,-9.3091
IBKR,89.23999786376953,89.24,2026-09-25,False,88.52999877929688,90.55999755859375,-0.65,37.0,ALTO,152048500736.0,35.41,27.92,6.81,24.02,2.28,76.53,16.47,,,2.06,1.09,4.0,YAHOO,-0.0255,-0.0292,-0.023,0.05606,5.2949,-2.352,96.0,2026-10-15,20,,,yahoo,1.0,0.0,1.0,1.0,0.0,0.0,0.0,1.0,0.0,-1.5989,-2.3312,-1.7481,-0.5558,11.2898,40.3347,97.202,98.1012,98.1012,-8.1912,-9.0327,-9.0327
DAL,84.94000244140625,84.94,2026-09-25,False,82.3324966430664,85.47000122070312,2.63,50.4,ALTO,55858503680.0,14.09,10.05,2.55,20.12,4.02,7.92,5.78,5.04,9.59,0.97,0.42,6.0,YAHOO,-0.0255,-0.0292,-0.023,0.05606,5.2949,-2.352,96.0,2026-10-09,14,,,yahoo,1.0,1.0,1.0,1.0,1.0,1.0,0.0,0.0,0.0,6.6817,6.2946,-4.9569,-8.0158,36.4957,31.6527,84.94,93.14,93.4293,0.0,-8.8039,-9.0863
BIIB,227.60000610351562,227.6,2026-09-25,False,223.75999450683594,228.9199981689453,0.55,66.82,ALTO,33628811264.0,40.72,13.76,1.78,4.58,5.21,25.06,8.32,3.77,12.06,0.44,1.86,4.0,YAHOO,-0.0255,-0.0292,-0.023,0.05606,5.2949,-2.352,96.0,2026-10-28,33,,,yahoo,1.0,0.0,1.0,1.0,0.0,1.0,0.0,0.0,0.0,5.6149,4.8123,10.695,5.3557,22.4421,36.4283,227.6,227.6,227.6,0.0,0.0,0.0
SYY,78.45999908447266,78.46,2026-09-25,False,77.51000213623047,78.9800033569336,0.35,-1.47,ALTO,37626929152.0,21.15,14.61,14.08,77.69,7.97,4.84,2.08,5.09,11.29,5.65,1.28,6.0,YAHOO,-0.0255,-0.0292,-0.023,0.05606,5.2949,-2.352,96.0,2026-11-03,39,,,yahoo,1.0,0.0,1.0,1.0,1.0,1.0,0.0,1.0,0.0,-0.7464,-5.7084,-7.9108,-4.6365,22.1616,19.967,83.54,85.32,89.8822,-6.0809,-8.0403,-12.7079
MDT,88.63999938964844,88.64,2026-09-25,False,87.12000274658203,88.98999786376953,0.15,-3.88,ALTO,113382785024.0,21.83,13.84,2.26,10.65,5.12,19.33,13.93,4.77,12.81,0.55,2.07,7.0,YAHOO,-0.0255,-0.0292,-0.023,0.05606,5.2949,-2.352,96.0,2026-11-17,53,2026-09-01,24.0,yahoo,1.0,1.0,1.0,1.0,0.0,1.0,1.0,0.0,1.0,-3.7881,-2.5506,2.0258,9.4591,11.7173,24.3848,94.17,94.17,102.8065,-5.8724,-5.8724,-13.7798
MS,196.30999755859375,196.31,2026-09-25,False,194.25,197.97999572753906,-0.01,25.37,ALTO,308317847552.0,15.84,14.42,2.9,17.97,1.34,41.57,25.9,,,5.17,2.0,3.0,YAHOO,-0.0255,-0.0292,-0.023,0.05606,5.2949,-2.352,96.0,2026-10-14,19,,,yahoo,1.0,1.0,0.0,0.0,0.0,0.0,1.0,0.0,0.0,-3.0951,-8.429,-6.7064,-6.9044,19.1685,27.9286,217.72,227.2988,227.2988,-9.8337,-13.6335,-13.6335
O,55.540000915527344,55.54,2026-09-25,False,55.07500076293945,55.65999984741211,0.23,-2.97,ALTO,52552949760.0,40.54,35.76,1.33,3.23,2.36,46.97,20.9,3.01,16.0,0.75,1.53,5.0,YAHOO,-0.0255,-0.0292,-0.023,0.05606,5.2949,-2.352,96.0,2026-11-02,38,,,yahoo,1.0,1.0,1.0,1.0,0.0,0.0,0.0,0.0,1.0,-1.9767,-6.6555,-14.7733,-10.866,12.6772,15.1129,61.74,65.1872,65.8234,-10.0421,-14.7992,-15.6227
DOW,28.020000457763672,28.02,2026-09-25,False,27.542400360107422,28.329999923706055,-1.89,31.51,ALTO,20239988736.0,,15.98,1.28,-5.54,1.3,11.59,-3.13,1.17,9.32,1.12,1.75,3.0,YAHOO,-0.0255,-0.0292,-0.023,0.05606,5.2949,-2.352,96.0,2026-10-22,27,,,yahoo,0.0,0.0,1.0,1.0,0.0,1.0,0.0,0.0,0.0,-2.4713,-3.4792,-1.7499,-2.3927,22.6322,35.98,31.28,32.5226,40.973,-10.422,-13.8445,-31.6136
AVY,170.33999633789062,170.34,2026-09-25,False,168.75,171.85000610351562,0.79,8.84,ALTO,12909752320.0,18.64,15.23,5.57,31.16,8.39,13.59,7.62,7.78,10.84,1.59,1.13,5.0,YAHOO,-0.0255,-0.0292,-0.023,0.05606,5.2949,-2.352,96.0,2026-10-21,26,,,yahoo,1.0,0.0,1.0,1.0,0.0,1.0,1.0,0.0,0.0,1.5682,0.5668,1.3007,3.3602,25.5215,27.2399,176.723,182.6485,194.0973,-3.6118,-6.7389,-12.2399
SWKS,89.33999633789062,89.34,2026-09-25,False,86.7300033569336,90.9000015258789,1.74,15.29,ALTO,13443237888.0,46.29,18.0,2.34,5.09,3.44,8.82,7.23,3.34,15.14,0.12,3.1,6.0,YAHOO,-0.0255,-0.0292,-0.023,0.05606,5.2949,-2.352,96.0,2026-11-03,39,,,yahoo,1.0,0.0,1.0,1.0,1.0,0.0,1.0,0.0,1.0,0.6534,1.1205,38.1262,31.3823,44.2924,61.3603,91.45,91.45,91.45,-2.3073,-2.3073,-2.3073
IP,35.02000045776367,35.02,2026-09-25,False,34.7599983215332,35.43000030517578,0.4,-19.84,ALTO,18545537024.0,,11.6,1.28,-16.48,1.59,2.3,-14.21,8.88,7.05,0.69,1.1,4.0,YAHOO,-0.0255,-0.0292,-0.023,0.05606,5.2949,-2.352,96.0,2026-10-28,33,,,yahoo,0.0,0.0,1.0,1.0,1.0,0.0,0.0,1.0,0.0,1.4191,1.9208,-19.667,-8.6202,23.213,43.2028,39.31,43.5936,47.4479,-10.9133,-19.667,-26.1927
LVS,38.9900016784668,38.99,2026-09-25,False,38.52000045776367,39.16999816894531,0.88,-25.86,ALTO,25253869568.0,15.11,11.11,43.47,122.87,9.55,19.66,12.59,8.76,8.08,17.04,1.0,8.0,YAHOO,-0.0255,-0.0292,-0.023,0.05606,5.2949,-2.352,96.0,2026-10-21,26,,,yahoo,1.0,1.0,1.0,1.0,0.0,1.0,1.0,1.0,1.0,-2.4762,-8.9657,-18.6757,-16.7254,17.7228,24.4733,45.04,49.5536,68.2933,-13.4325,-21.3175,-42.908
KLAC,187.9199981689453,187.92,2026-09-25,False,186.01499938964844,189.55999755859375,0.43,77.45,ALTO,245236809728.0,51.2,28.03,38.68,87.5,20.8,42.49,35.57,1.07,40.76,0.97,2.88,7.0,YAHOO,-0.0255,-0.0292,-0.023,0.05606,5.2949,-2.352,96.0,2026-10-28,33,,,yahoo,1.0,1.0,1.0,0.0,1.0,1.0,1.0,1.0,0.0,6.1755,4.0301,-1.3981,-24.3354,20.1583,55.7509,188.98,235.2841,301.3694,-0.5609,-20.1306,-37.6446
DECK,78.66999816894531,78.67,2026-09-25,False,78.2699966430664,79.63999938964844,-0.01,-26.6,ALTO,10713425920.0,11.17,9.45,4.67,42.56,20.32,15.23,18.36,8.13,7.24,0.21,2.75,6.0,YAHOO,-0.0255,-0.0292,-0.023,0.05606,5.2949,-2.352,96.0,2026-10-22,27,,,yahoo,1.0,1.0,1.0,1.0,0.0,0.0,1.0,0.0,1.0,0.306,-3.1992,-24.2975,-24.7609,12.0337,36.2578,87.76,109.03,120.94,-10.3578,-27.8455,-34.9512
IFF,85.69000244140625,85.69,2026-09-25,False,85.33999633789062,86.49500274658203,-0.19,45.3,ALTO,21863800832.0,,21.63,1.57,-5.55,2.27,8.49,2.57,-7.87,14.45,0.45,2.06,5.0,YAHOO,-0.0255,-0.0292,-0.023,0.05606,5.2949,-2.352,96.0,2026-11-03,39,,,yahoo,0.0,0.0,1.0,1.0,1.0,0.0,0.0,1.0,1.0,3.2907,2.9728,8.638,12.7644,21.2304,32.0185,87.5357,87.6551,87.6551,-2.1085,-2.2419,-2.2419
SNA,369.20001220703125,369.2,2026-09-25,False,367.1449890136719,371.989990234375,0.41,11.59,ALTO,19097655296.0,18.84,17.26,3.16,17.93,9.85,25.4,19.6,5.81,13.27,0.22,3.43,6.0,YAHOO,-0.0255,-0.0292,-0.023,0.05606,5.2949,-2.352,96.0,2026-10-15,20,,,yahoo,1.0,0.0,1.0,1.0,1.0,1.0,1.0,0.0,0.0,-0.7927,-1.662,-11.4043,-6.4491,9.6599,16.4866,391.86,416.7245,416.7245,-5.7827,-11.4043,-11.4043
NUE,247.25,247.25,2026-09-25,False,243.64010620117188,250.2617950439453,-0.29,85.0,ALTO,56095010816.0,19.67,12.51,2.54,14.55,7.32,15.67,7.99,1.22,10.85,0.31,2.51,6.0,YAHOO,-0.0255,-0.0292,-0.023,0.05606,5.2949,-2.352,96.0,2026-10-26,31,,,yahoo,1.0,0.0,1.0,1.0,0.0,1.0,1.0,0.0,1.0,-0.455,-4.6949,-6.9159,3.3686,10.626,35.4268,265.14,274.74,274.74,-6.7474,-10.0058,-10.0058
PLD,133.0500030517578,133.05,2026-09-25,False,132.72000122070312,134.36000061035156,-0.58,20.28,ALTO,129336762368.0,29.57,39.92,2.31,7.75,2.52,43.03,43.58,4.18,24.44,0.64,0.65,4.0,YAHOO,-0.0255,-0.0292,-0.023,0.05606,5.2949,-2.352,96.0,2026-10-15,20,,,yahoo,1.0,0.0,1.0,1.0,0.0,0.0,0.0,0.0,1.0,-1.3275,-1.2108,-8.8456,-4.1892,10.4145,20.549,139.5917,148.878,148.878,-4.6863,-10.6315,-10.6315
EFX,148.11000061035156,148.11,2026-09-25,False,146.8000030517578,150.07249450683594,-0.46,-41.44,ALTO,17400688640.0,26.08,14.58,3.98,14.27,6.16,17.3,10.73,5.45,11.87,1.21,0.6,8.0,YAHOO,-0.0255,-0.0292,-0.023,0.05606,5.2949,-2.352,96.0,2026-10-20,25,,,yahoo,1.0,1.0,1.0,1.0,1.0,0.0,1.0,1.0,1.0,-6.7728,-12.3609,-20.5764,-6.2733,35.3401,41.1747,193.79,194.0692,253.631,-23.5719,-23.6819,-41.6041
DE,690.4600219726562,690.46,2026-09-25,False,681.1900024414062,698.2866821289062,-0.64,48.86,ALTO,186165559296.0,38.36,30.22,6.65,18.24,3.76,13.37,10.17,2.43,28.36,2.3,2.13,5.0,YAHOO,-0.0255,-0.0292,-0.023,0.05606,5.2949,-2.352,96.0,2026-11-25,61,,,yahoo,1.0,0.0,1.0,1.0,0.0,1.0,1.0,0.0,0.0,0.9459,2.1784,7.9114,12.884,32.3338,33.5457,709.48,709.48,709.48,-2.6808,-2.6808,-2.6808
DHR,224.49000549316406,224.49,2026-09-25,False,221.60000610351562,224.89999389648438,0.32,23.69,ALTO,157813342208.0,39.94,24.14,3.0,7.61,3.95,19.78,15.95,2.74,22.52,0.53,1.65,5.0,YAHOO,-0.0255,-0.0292,-0.023,0.05606,5.2949,-2.352,96.0,2026-10-21,26,,,yahoo,1.0,0.0,1.0,1.0,0.0,1.0,1.0,0.0,0.0,5.9865,12.1665,12.7807,14.4248,16.2184,37.782,224.49,224.49,241.0351,0.0,0.0,-6.8642
LIN,469.8900146484375,469.89,2026-09-25,False,466.239990234375,470.20001220703125,0.37,-0.41,ALTO,216609980416.0,30.32,24.02,5.54,18.4,7.16,28.12,20.43,1.92,17.46,0.69,0.88,5.0,YAHOO,-0.0255,-0.0292,-0.023,0.05606,5.2949,-2.352,96.0,2026-10-30,35,,,yahoo,1.0,0.0,1.0,1.0,0.0,0.0,1.0,1.0,0.0,2.0613,0.7872,-7.7747,-9.2727,13.3927,18.9509,487.973,544.8458,544.8458,-3.7057,-13.7572,-13.7572
SPGI,403.29998779296875,403.3,2026-09-25,False,398.739990234375,405.57000732421875,0.01,-12.25,ALTO,118892838912.0,24.58,19.95,3.77,14.26,7.03,44.79,30.54,4.58,16.66,0.43,0.95,7.0,YAHOO,-0.0255,-0.0292,-0.023,0.05606,5.2949,-2.352,96.0,2026-10-29,34,,,yahoo,1.0,1.0,1.0,1.0,0.0,0.0,1.0,1.0,1.0,-0.4984,-1.8042,-4.7494,4.6759,12.598,26.9037,450.58,456.3554,513.3385,-10.4931,-11.6259,-21.4359
TJX,130.05999755859375,130.06,2026-09-25,False,128.57000732421875,130.8350067138672,-1.19,-7.88,ALTO,143062614016.0,24.09,22.53,13.82,62.17,13.54,10.91,9.73,3.07,17.0,1.34,1.15,7.0,YAHOO,-0.0255,-0.0292,-0.023,0.05606,5.2949,-2.352,96.0,2026-11-18,54,,,yahoo,1.0,1.0,1.0,1.0,1.0,0.0,1.0,1.0,0.0,2.2163,3.2058,-18.8617,-16.0584,11.9456,22.4952,135.12,161.5503,167.8803,-3.7448,-19.4926,-22.5281
JCI,150.1999969482422,150.2,2026-09-25,False,146.27999877929688,150.64999389648438,3.33,42.3,ALTO,90982359040.0,42.31,24.73,6.75,14.33,5.4,15.88,14.32,3.28,23.09,0.7,1.0,6.0,YAHOO,-0.0255,-0.0292,-0.023,0.05606,5.2949,-2.352,96.0,2026-11-04,40,,,yahoo,1.0,1.0,1.0,0.0,0.0,0.0,1.0,1.0,1.0,5.1232,3.1577,7.3713,8.8298,27.6815,27.4747,150.2,154.3279,154.3279,0.0,-2.6748,-2.6748
ADP,263.6700134277344,263.67,2026-09-25,False,261.3800048828125,265.05999755859375,0.21,-7.02,ALTO,104746278912.0,24.08,19.68,17.39,72.24,6.25,23.46,20.11,5.01,16.54,0.91,1.05,6.0,YAHOO,-0.0255,-0.0292,-0.023,0.05606,5.2949,-2.352,96.0,2026-10-28,33,,,yahoo,1.0,0.0,1.0,1.0,0.0,1.0,1.0,1.0,0.0,-2.7837,-1.711,0.4495,18.7016,17.4833,27.837,285.6519,285.6519,285.6519,-7.6953,-7.6953,-7.6953
ECL,279.489990234375,279.49,2026-09-25,False,273.1400146484375,280.6400146484375,1.5,4.78,ALTO,78349041664.0,37.72,29.68,7.79,21.96,7.23,18.52,12.57,1.88,21.07,1.38,1.84,6.0,YAHOO,-0.0255,-0.0292,-0.023,0.05606,5.2949,-2.352,96.0,2026-10-27,32,,,yahoo,1.0,0.0,1.0,1.0,1.0,0.0,1.0,1.0,0.0,3.7223,1.4673,-0.9429,-1.2048,20.0542,20.427,285.9902,289.83,305.8773,-2.2729,-3.5676,-8.6268
SHW,329.1000061035156,329.1,2026-09-25,False,320.94500732421875,330.1300048828125,2.72,-3.25,ALTO,79891709952.0,30.39,24.2,20.6,65.12,9.52,18.12,11.01,3.14,20.0,3.9,0.73,6.0,YAHOO,-0.0255,-0.0292,-0.023,0.05606,5.2949,-2.352,96.0,2026-10-27,32,,,yahoo,1.0,0.0,1.0,1.0,0.0,1.0,1.0,1.0,0.0,2.6097,1.7909,-6.89,-4.1298,34.8036,31.7748,344.86,368.8774,369.9613,-4.57,-10.7834,-11.0448
ROST,236.1199951171875,236.12,2026-09-25,False,233.33999633789062,236.9199981689453,0.31,58.36,ALTO,75742830592.0,28.59,26.4,11.19,42.63,12.78,13.58,10.85,2.64,20.75,0.7,1.61,6.0,YAHOO,-0.0255,-0.0292,-0.023,0.05606,5.2949,-2.352,96.0,2026-11-19,55,,,yahoo,1.0,0.0,1.0,1.0,1.0,0.0,1.0,0.0,1.0,4.1966,2.3316,-5.7577,10.9333,2.3651,24.6839,236.12,254.7377,254.7377,0.0,-7.3086,-7.3086
VRTX,526.1900024414062,526.19,2026-09-25,False,518.9199829101562,527.6900024414062,0.73,36.86,ALTO,133368602624.0,30.24,26.19,6.58,23.54,11.93,38.05,35.0,1.97,25.0,0.1,3.19,6.0,YAHOO,-0.0255,-0.0292,-0.023,0.05606,5.2949,-2.352,96.0,2026-11-02,38,,,yahoo,1.0,1.0,1.0,0.0,0.0,1.0,1.0,1.0,0.0,3.5114,2.0856,7.3003,7.0928,5.9541,27.1784,557.96,557.96,557.96,-5.694,-5.694,-5.694
DD,131.7100067138672,131.71,2026-09-25,False,129.7301025390625,132.16000366210938,1.14,42.29,ALTO,17786511360.0,56.53,16.54,1.29,1.79,2.07,14.24,0.79,10.32,12.22,0.23,2.43,6.0,YAHOO,-0.0255,-0.0292,-0.023,0.05606,5.2949,-2.352,96.0,2026-11-05,41,,,yahoo,0.0,0.0,1.0,1.0,1.0,0.0,1.0,1.0,1.0,2.0929,3.7168,-6.0244,-3.5932,18.0851,22.555,136.38,146.7245,152.6918,-3.4242,-10.2331,-13.7413
HOOD,119.4000015258789,119.4,2026-09-25,False,117.52999877929688,121.9000015258789,-1.18,-3.59,ALTO,107350425600.0,52.83,35.28,11.32,23.62,4.53,43.88,42.01,,,2.4,1.12,4.0,YAHOO,-0.0255,-0.0292,-0.023,0.05606,5.2949,-2.352,96.0,2026-11-04,40,,,yahoo,1.0,0.0,1.0,0.0,0.0,0.0,0.0,1.0,1.0,-0.3505,6.0673,28.7193,20.9849,16.7588,72.7421,124.72,124.72,152.46,-4.2656,-4.2656,-21.6844
GEV,957.6300048828125,957.63,2026-09-25,False,943.3920288085938,965.3452758789062,0.27,57.05,ALTO,255049023488.0,27.47,38.11,21.33,82.58,2.54,7.47,23.04,6.16,62.95,0.28,0.85,7.0,YAHOO,-0.0255,-0.0292,-0.023,0.05606,5.2949,-2.352,96.0,2026-10-28,33,,,yahoo,1.0,1.0,1.0,1.0,1.0,0.0,1.0,1.0,0.0,1.8398,0.0376,1.5105,-8.3757,1.7863,50.7429,971.31,1152.04,1174.86,-1.4084,-16.8753,-18.4899
DELL,562.8900146484375,562.89,2026-09-25,False,541.235107421875,573.7999877929688,5.01,334.36,ALTO,357892653056.0,32.71,19.33,-252.42,,8.64,12.02,7.52,1.69,21.53,,0.96,7.0,YAHOO,-0.0255,-0.0292,-0.023,0.05606,5.2949,-2.352,96.0,2026-11-27,63,2026-09-01,24.0,yahoo,1.0,1.0,1.0,1.0,1.0,1.0,1.0,0.0,0.0,-0.9101,-0.7756,43.5578,41.135,65.8264,82.119,588.4,588.4,588.4,-4.3355,-4.3355,-4.3355
GLW,156.74000549316406,156.74,2026-09-25,False,154.27999877929688,157.72000122070312,1.68,98.87,ALTO,135014014976.0,72.23,35.91,11.31,16.81,5.37,15.65,11.2,0.54,34.87,0.71,1.81,7.0,YAHOO,-0.0255,-0.0292,-0.023,0.05606,5.2949,-2.352,96.0,2026-10-27,32,,,yahoo,1.0,1.0,1.0,1.0,1.0,0.0,0.0,1.0,1.0,4.4029,-5.8053,24.6212,-28.9594,33.3708,74.838,168.46,196.4201,255.2094,-6.9571,-20.2017,-38.5838
WDC,456.80999755859375,456.81,2026-09-25,False,447.69000244140625,461.9800109863281,1.44,325.95,ALTO,164698701824.0,16.96,14.39,22.45,130.85,20.76,43.61,72.95,1.38,32.38,13.44,1.33,6.0,YAHOO+FINNHUB,-0.0255,-0.0292,-0.023,0.05606,5.2949,-2.352,96.0,2026-11-05,41,,,yahoo,1.0,1.0,1.0,0.0,0.0,1.0,0.0,1.0,1.0,3.5005,2.1535,-1.4139,-22.0809,59.8043,82.1841,482.28,582.4031,745.9905,-5.2812,-21.5646,-38.7646
FISV,46.47999954223633,46.48,2026-09-25,False,45.375,46.79999923706055,1.09,-64.81,ALTO,24716517376.0,8.9,5.77,0.92,10.77,3.49,23.07,,,,1.04,1.04,5.0,YAHOO+FINNHUB,-0.0255,-0.0292,-0.023,0.05606,5.2949,-2.352,96.0,2026-10-28,33,,,yahoo,1.0,1.0,1.0,1.0,0.0,0.0,1.0,0.0,0.0,-1.5046,-9.8876,-14.2594,-6.0061,12.7206,37.9498,53.31,55.78,130.59,-12.8119,-16.6726,-64.4077
BKR,57.83000183105469,57.83,2026-09-25,False,56.75,57.900001525878906,0.94,16.3,ALTO,57406341120.0,18.84,18.59,2.88,16.46,4.85,12.83,11.17,7.69,11.74,0.81,2.1,7.0,YAHOO,-0.0255,-0.0292,-0.023,0.05606,5.2949,-2.352,96.0,2026-10-22,27,,,yahoo,1.0,0.0,1.0,1.0,1.0,1.0,1.0,1.0,0.0,1.0131,-2.0826,-0.7137,2.6215,21.0883,31.1776,64.63,64.9,69.1833,-10.5214,-10.8937,-16.4104
CCL,22.25,22.25,2026-09-25,False,21.690000534057617,22.665000915527344,2.11,-26.77,ALTO,30474694656.0,10.02,8.54,2.35,26.69,5.37,12.79,11.24,6.23,7.45,2.02,0.33,8.0,YAHOO,-0.0255,-0.0292,-0.023,0.05606,5.2949,-2.352,96.0,2026-09-29,4,,,yahoo,1.0,1.0,1.0,1.0,1.0,1.0,0.0,1.0,1.0,1.8773,-2.1978,-20.7703,-23.0597,27.6564,33.8661,24.76,29.5154,33.4524,-10.1373,-24.6157,-33.4876
BKNG,163.9499969482422,163.95,2026-09-25,False,158.25999450683594,164.58999633789062,4.15,-26.75,ALTO,123188830208.0,18.22,13.26,-11.52,,20.38,34.41,25.53,6.27,11.71,,1.09,6.0,YAHOO,-0.0255,-0.0292,-0.023,0.05606,5.2949,-2.352,96.0,2026-10-27,32,,,yahoo,1.0,0.0,1.0,1.0,0.0,1.0,1.0,0.0,1.0,-2.3526,-5.7325,-17.5426,-9.4313,64.0402,41.5523,205.1346,213.9034,221.006,-20.0769,-23.3533,-25.8165
HWM,232.47999572753906,232.48,2026-09-25,False,228.91000366210938,233.4199981689453,1.35,21.77,ALTO,92713353216.0,50.21,36.0,16.22,34.73,12.81,28.5,20.52,1.28,34.65,0.81,1.82,8.0,YAHOO,-0.0255,-0.0292,-0.023,0.05606,5.2949,-2.352,96.0,2026-11-05,41,,,yahoo,1.0,1.0,1.0,1.0,1.0,0.0,1.0,1.0,1.0,1.2235,1.2499,-18.6854,-13.4926,17.6704,38.2036,264.85,292.65,292.65,-12.222,-20.5604,-20.5604
WELL,231.3699951171875,231.37,2026-09-25,False,229.8800048828125,237.31520080566406,-0.96,35.8,ALTO,166718750720.0,101.93,72.76,3.58,3.84,0.83,16.56,12.15,1.65,55.61,0.41,1.32,7.0,YAHOO,-0.0255,-0.0292,-0.023,0.05606,5.2949,-2.352,96.0,2026-10-26,31,,,yahoo,1.0,0.0,1.0,1.0,1.0,1.0,0.0,1.0,1.0,1.0923,-1.8038,-4.6502,2.1614,19.5959,20.8197,241.12,251.122,251.122,-4.0436,-7.8655,-7.8655
XYZ,76.41999816894531,76.42,2026-09-25,False,75.4000015258789,77.19000244140625,-0.42,2.78,ALTO,45912752128.0,136.46,14.74,2.08,1.61,2.01,7.0,1.43,-0.06,29.92,0.33,2.21,6.0,YAHOO,-0.0255,-0.0292,-0.023,0.05606,5.2949,-2.352,96.0,2026-11-09,45,,,yahoo,1.0,0.0,1.0,1.0,1.0,0.0,1.0,1.0,0.0,0.1835,-3.5223,-8.0385,-1.799,41.7024,36.5372,83.57,84.85,84.85,-8.5557,-9.9352,-9.9352
A,172.7899932861328,172.79,2026-09-25,False,169.42999267578125,172.86500549316406,-0.03,41.96,ALTO,48720871424.0,34.15,25.57,6.62,20.97,8.63,25.56,19.53,2.18,24.58,0.56,2.05,,YAHOO,-0.0255,-0.0292,-0.023,0.05606,5.2949,-2.352,96.0,2026-11-25,61,2026-08-26,30.0,yahoo,1.0,0.0,1.0,1.0,1.0,0.0,1.0,0.0,0.0,10.4301,17.6002,22.9472,27.2865,42.7828,29.3456,172.84,172.84,172.84,-0.0289,-0.0289,-0.0289
ACGL,94.66000366210938,94.66,2026-09-25,False,94.33999633789062,95.9000015258789,-0.38,4.74,ALTO,32300748800.0,7.41,9.71,1.39,19.94,4.12,26.58,24.4,13.32,5.9,0.18,0.59,,YAHOO,-0.0255,-0.0292,-0.023,0.05606,5.2949,-2.352,96.0,2026-10-26,31,,,yahoo,1.0,0.0,1.0,1.0,1.0,0.0,1.0,0.0,1.0,-2.3016,-1.4882,-11.1007,-2.9526,7.2283,20.3463,99.83,106.48,106.48,-5.1788,-11.1007,-11.1007
ADM,81.12000274658203,81.12,2026-09-25,False,80.4000015258789,81.7300033569336,-0.93,35.77,ALTO,39096561664.0,22.16,14.31,1.66,7.64,2.26,4.01,2.16,2.98,16.03,0.39,1.39,,YAHOO,-0.0255,-0.0292,-0.023,0.05606,5.2949,-2.352,96.0,2026-11-03,39,,,yahoo,1.0,0.0,1.0,1.0,1.0,0.0,0.0,0.0,0.0,-4.7664,-6.4576,-1.8576,6.3092,7.7153,29.0473,88.09,88.09,88.09,-7.9124,-7.9124,-7.9124
ADSK,209.39999389648438,209.4,2026-09-25,False,209.0500030517578,214.25999450683594,-0.92,-35.54,ALTO,43764596736.0,27.16,14.75,12.94,53.85,11.47,29.23,21.08,7.21,18.95,1.1,0.85,,YAHOO,-0.0255,-0.0292,-0.023,0.05606,5.2949,-2.352,96.0,2026-11-27,63,2026-08-27,29.0,yahoo,1.0,0.0,1.0,1.0,0.0,1.0,1.0,1.0,1.0,-3.4801,-1.4124,-11.787,6.6952,19.6731,46.7643,260.66,270.58,323.43,-19.6655,-22.6107,-35.2565
AEE,99.38999938964844,99.39,2026-09-25,False,98.25,99.51499938964844,0.19,0.49,ALTO,27515451392.0,17.5,17.11,2.01,11.94,3.06,25.24,18.58,-6.49,12.63,1.58,0.53,,YAHOO,-0.0255,-0.0292,-0.023,0.05606,5.2949,-2.352,96.0,2026-11-04,40,,,yahoo,1.0,1.0,1.0,1.0,1.0,0.0,0.0,0.0,1.0,-2.7781,-5.2526,-11.0345,-15.4031,14.4278,15.3642,106.73,114.2098,117.4865,-6.8772,-12.9759,-15.4031
AEP,118.3499984741211,118.35,2026-09-25,False,116.72000122070312,118.5,0.66,12.19,ALTO,64429428736.0,20.51,17.26,2.01,10.13,2.98,23.25,13.78,-9.31,13.13,1.61,0.5,,YAHOO,-0.0255,-0.0292,-0.023,0.05606,5.2949,-2.352,96.0,2026-10-29,34,,,yahoo,1.0,1.0,1.0,1.0,0.0,1.0,0.0,0.0,0.0,-1.375,-4.0379,-10.351,-14.0161,15.6193,16.702,125.42,137.4634,137.6421,-5.6371,-13.9044,-14.0161
AES,14.869999885559082,14.87,2026-09-25,False,14.850000381469727,14.890000343322754,0.13,18.86,ALTO,10608832512.0,5.57,6.27,2.15,9.57,2.96,18.67,14.34,-29.12,12.18,2.57,0.75,,YAHOO,-0.0255,-0.0292,-0.023,0.05606,5.2949,-2.352,96.0,2026-11-04,40,,,yahoo,1.0,0.0,1.0,1.0,1.0,0.0,0.0,0.0,0.0,0.2697,0.5409,1.4724,2.5791,2.6242,2.8642,14.87,14.87,16.8672,0.0,0.0,-11.8409
AFL,113.72000122070312,113.72,2026-09-25,False,113.01499938964844,114.27799987792969,-0.25,5.11,ALTO,57012760576.0,12.27,15.08,1.88,16.91,3.13,25.72,26.91,9.04,10.59,0.53,0.89,,YAHOO,-0.0255,-0.0292,-0.023,0.05606,5.2949,-2.352,96.0,2026-11-04,40,,,yahoo,1.0,0.0,1.0,0.0,0.0,0.0,1.0,0.0,0.0,-2.2436,-1.3532,-11.7771,-4.875,10.6101,16.7272,118.36,128.9008,128.9008,-3.9202,-11.7771,-11.7771
AIZ,265.0,265.0,2026-09-25,False,261.3999938964844,266.8450012207031,1.2,23.53,ALTO,13070798848.0,12.68,11.31,2.15,18.34,2.56,11.73,7.9,16.45,7.54,0.36,0.38,,YAHOO,-0.0255,-0.0292,-0.023,0.05606,5.2949,-2.352,96.0,2026-11-03,39,,,yahoo,1.0,1.0,1.0,1.0,0.0,0.0,1.0,0.0,1.0,-6.105,-6.1814,-6.0976,0.5252,25.0849,22.2118,287.71,300.641,300.641,-7.8934,-11.855,-11.855
AJG,231.10000610351562,231.1,2026-09-25,False,225.8699951171875,232.2299041748047,1.75,-23.79,ALTO,59240402944.0,38.39,15.55,2.5,6.72,2.32,19.16,10.38,3.51,16.79,0.59,1.05,,YAHOO,-0.0255,-0.0292,-0.023,0.05606,5.2949,-2.352,96.0,2026-10-29,34,,,yahoo,1.0,0.0,1.0,1.0,1.0,0.0,0.0,1.0,1.0,-3.4992,-3.8366,-12.6616,2.5253,28.7335,33.0477,266.847,271.2652,306.8697,-13.3961,-14.8066,-24.6912
AKAM,113.94000244140625,113.94,2026-09-25,False,113.83999633789062,128.4600067138672,3.2,50.22,ALTO,16375070720.0,41.28,16.62,3.45,8.92,2.52,7.63,9.51,4.34,20.7,1.97,1.64,,YAHOO,-0.0255,-0.0292,-0.023,0.05606,5.2949,-2.352,96.0,2026-11-05,41,,,yahoo,1.0,0.0,1.0,1.0,0.0,1.0,1.0,0.0,0.0,9.0126,6.6954,1.9233,0.5738,67.9654,58.021,118.44,129.52,161.14,-3.7994,-12.029,-29.2913
ALB,109.7300033569336,109.73,2026-09-25,False,108.30000305175781,112.02999877929688,1.37,29.9,ALTO,12948695040.0,406.41,9.71,1.61,2.65,3.16,27.71,3.79,10.3,10.66,0.19,2.09,,YAHOO,-0.0255,-0.0292,-0.023,0.05606,5.2949,-2.352,96.0,2026-11-04,40,,,yahoo,0.0,1.0,1.0,1.0,0.0,1.0,0.0,1.0,0.0,-1.0639,-6.6287,-2.7044,-17.6517,58.8387,43.2119,137.2875,142.769,214.3488,-20.0728,-23.1416,-48.8077
ALGN,146.77999877929688,146.78,2026-09-25,False,144.1999969482422,148.1649932861328,0.79,16.6,ALTO,10427230208.0,25.44,11.74,2.47,10.15,7.56,18.25,9.99,5.7,10.2,0.03,1.4,,YAHOO,-0.0255,-0.0292,-0.023,0.05606,5.2949,-2.352,96.0,2026-10-28,33,,,yahoo,1.0,0.0,1.0,1.0,1.0,1.0,1.0,0.0,1.0,-0.5623,-2.6787,-16.4123,-17.738,53.2535,35.9442,159.86,188.39,197.51,-8.1822,-22.0872,-25.6848
ALL,227.60000610351562,227.6,2026-09-25,False,225.5847930908203,229.89999389648438,0.19,9.63,ALTO,57550471168.0,4.56,8.2,1.82,46.11,8.68,22.83,18.97,26.34,3.58,0.22,0.36,,YAHOO,-0.0255,-0.0292,-0.023,0.05606,5.2949,-2.352,96.0,2026-11-04,40,,,yahoo,1.0,1.0,1.0,0.0,1.0,0.0,1.0,0.0,0.0,-8.898,-10.2913,-16.1048,-4.617,44.4985,29.93,263.11,273.9698,273.9698,-13.4962,-16.9251,-16.9251
ALLE,154.47000122070312,154.47,2026-09-25,False,152.5399932861328,155.8350067138672,1.31,-10.61,ALTO,13135632384.0,20.27,15.81,6.2,33.73,11.03,22.1,15.36,3.69,14.33,1.05,1.93,,YAHOO,-0.0255,-0.0292,-0.023,0.05606,5.2949,-2.352,96.0,2026-10-22,27,,,yahoo,1.0,0.0,1.0,1.0,1.0,0.0,1.0,1.0,0.0,1.4381,1.0882,-3.8524,10.9575,19.8017,31.1332,156.9226,168.342,177.7256,-1.5629,-8.2404,-13.0851
AMCR,42.5099983215332,42.51,2026-09-25,False,41.939998626708984,42.75,0.97,12.22,ALTO,19654313984.0,18.17,9.76,1.67,9.4,3.57,9.69,4.71,7.65,9.52,1.28,1.25,,YAHOO,-0.0255,-0.0292,-0.023,0.05606,5.2949,-2.352,96.0,2026-11-05,41,,,yahoo,1.0,1.0,1.0,1.0,0.0,1.0,0.0,1.0,1.0,1.4558,0.449,-7.6445,0.211,30.5911,28.5581,46.0188,47.9018,48.4112,-7.6247,-11.2559,-12.1898
AME,250.74000549316406,250.74,2026-09-25,False,249.4700927734375,252.77999877929688,1.21,35.88,ALTO,57484967936.0,36.66,26.06,5.1,14.56,8.16,26.18,20.04,2.6,23.71,0.21,1.21,,YAHOO,-0.0255,-0.0292,-0.023,0.05606,5.2949,-2.352,96.0,2026-10-29,34,,,yahoo,1.0,0.0,1.0,1.0,1.0,0.0,1.0,1.0,0.0,5.5125,3.8183,4.0075,5.7197,9.7756,22.685,250.74,258.1438,258.1438,0.0,-2.8681,-2.8681
AMP,493.0,493.0,2026-09-25,False,489.0050048828125,500.20001220703125,1.62,0.61,ALTO,43548274688.0,12.35,9.54,6.85,63.43,2.28,30.72,19.9,6.67,,0.68,2.18,,YAHOO,-0.0255,-0.0292,-0.023,0.05606,5.2949,-2.352,96.0,2026-10-29,34,,,yahoo,1.0,0.0,1.0,1.0,0.0,0.0,1.0,0.0,1.0,-9.4299,-11.5869,-9.5276,9.2158,41.9422,24.8599,565.08,570.68,570.68,-12.7557,-13.6118,-13.6118
AMT,169.02999877929688,169.03,2026-09-25,False,166.4199981689453,169.20159912109375,1.06,-10.31,ALTO,78761230336.0,23.22,24.11,21.17,33.91,4.89,45.41,31.08,3.71,18.24,4.39,0.35,,YAHOO,-0.0255,-0.0292,-0.023,0.05606,5.2949,-2.352,96.0,2026-10-27,32,,,yahoo,1.0,1.0,1.0,1.0,1.0,0.0,1.0,0.0,1.0,-2.8452,-4.9592,-1.4402,-3.736,28.2227,25.1202,177.85,179.26,192.2845,-4.9592,-5.7068,-12.0938
AON,277.989990234375,277.99,2026-09-25,False,276.5199890136719,280.9800109863281,0.69,-21.49,ALTO,58968748032.0,15.32,13.7,6.14,44.7,5.83,23.46,22.27,5.41,12.52,1.63,1.03,,YAHOO,-0.0255,-0.0292,-0.023,0.05606,5.2949,-2.352,96.0,2026-10-30,35,,,yahoo,1.0,1.0,1.0,0.0,1.0,1.0,1.0,1.0,1.0,-5.9701,-8.1602,-26.9203,-15.2321,19.2852,31.7781,355.4,380.3929,380.3929,-21.7811,-26.9203,-26.9203
AOS,58.650001525878906,58.65,2026-09-25,False,57.16999816894531,58.94499969482422,1.65,-16.96,ALTO,7971038208.0,16.34,14.35,4.33,27.13,12.54,18.93,13.15,6.08,10.8,0.37,1.59,,YAHOO,-0.0255,-0.0292,-0.023,0.05606,5.2949,-2.352,96.0,2026-10-27,32,,,yahoo,1.0,1.0,1.0,1.0,1.0,0.0,1.0,1.0,1.0,2.9851,2.1955,-7.8188,-4.3986,21.4598,28.6495,60.53,63.98,79.5335,-3.1059,-8.3307,-26.2575
APA,42.7400016784668,42.74,2026-09-25,False,42.22999954223633,43.25,-2.15,80.78,ALTO,14974024704.0,9.02,9.56,2.13,26.66,11.6,56.33,19.56,14.34,3.38,0.49,0.95,,YAHOO,-0.0255,-0.0292,-0.023,0.05606,5.2949,-2.352,96.0,2026-11-04,40,,,yahoo,1.0,1.0,1.0,1.0,1.0,0.0,1.0,0.0,1.0,-4.747,-4.4489,22.359,30.3872,46.8269,44.2926,47.41,47.41,47.41,-9.8502,-9.8502,-9.8502
APD,281.760009765625,281.76,2026-09-25,False,281.3999938964844,284.8900146484375,-0.96,7.9,ALTO,62743879680.0,,19.52,4.52,0.02,4.73,25.54,-0.38,-2.39,17.78,1.1,1.08,,YAHOO,-0.0255,-0.0292,-0.023,0.05606,5.2949,-2.352,96.0,2026-11-05,41,,,yahoo,0.0,0.0,1.0,1.0,0.0,0.0,0.0,0.0,0.0,-0.8516,-3.3181,-3.7869,2.0592,29.8503,19.3828,309.46,314.19,314.19,-8.9511,-10.3218,-10.3218
APH,84.08999633789062,84.09,2026-09-25,False,83.4800033569336,85.00499725341797,1.22,37.5,ALTO,207363145728.0,42.05,25.63,13.38,38.12,14.47,29.78,17.73,1.84,23.34,1.2,1.89,,YAHOO,-0.0255,-0.0292,-0.023,0.05606,5.2949,-2.352,96.0,2026-10-28,33,,,yahoo,1.0,1.0,1.0,1.0,0.0,1.0,0.0,1.0,0.0,8.6014,0.358,17.0948,2.8835,23.1935,41.4275,84.09,85.9866,88.0235,0.0,-2.2057,-4.4687
APO,121.69000244140625,121.69,2026-09-25,False,120.24500274658203,122.41500091552734,0.83,-10.07,ALTO,71863197696.0,43.31,11.34,3.57,11.41,0.94,21.95,5.27,,,1.01,1.95,,YAHOO,-0.0255,-0.0292,-0.023,0.05606,5.2949,-2.352,96.0,2026-11-03,39,,,yahoo,1.0,0.0,1.0,1.0,0.0,0.0,0.0,0.0,1.0,-3.3516,-5.652,-1.9937,3.3088,31.8546,33.786,136.58,142.9761,150.8032,-10.902,-14.8879,-19.3054
APP,310.75,310.75,2026-09-25,False,308.3299865722656,316.0,-0.55,-52.38,ALTO,104393203712.0,23.9,14.81,32.94,203.69,46.46,77.68,64.58,3.05,19.4,1.11,4.3,,YAHOO,-0.0255,-0.0292,-0.023,0.05606,5.2949,-2.352,96.0,2026-11-04,40,,,yahoo,1.0,1.0,1.0,1.0,1.0,1.0,1.0,1.0,1.0,0.8732,-4.0777,-25.697,-34.8642,27.7669,63.4681,334.24,543.79,733.6,-7.0279,-42.8548,-57.6404
APTV,44.790000915527344,44.79,2026-09-25,False,43.68000030517578,45.06999969482422,2.78,-48.07,ALTO,9299897344.0,20.27,6.84,1.07,5.16,6.72,12.68,1.07,17.38,4.4,0.65,2.02,,YAHOO,-0.0255,-0.0292,-0.023,0.05606,5.2949,-2.352,96.0,2026-10-29,34,,,yahoo,1.0,0.0,1.0,1.0,1.0,1.0,1.0,1.0,1.0,2.7529,-1.6469,-24.596,-25.746,46.0746,48.6158,47.95,60.57,88.67,-6.5902,-26.0525,-49.4869
ARE,49.93000030517578,49.93,2026-09-25,False,49.380001068115234,50.60499954223633,-1.09,-38.0,ALTO,8592717824.0,,-61.64,0.55,-4.08,0.93,17.28,-36.08,15.65,14.04,0.69,2.35,,YAHOO,-0.0255,-0.0292,-0.023,0.05606,5.2949,-2.352,96.0,2026-10-26,31,,,yahoo,0.0,0.0,1.0,1.0,0.0,1.0,1.0,0.0,1.0,-6.3227,-2.3661,-7.537,-8.3934,32.1552,45.2317,56.34,56.34,80.243,-11.3774,-11.3774,-37.7765
ARES,122.01000213623047,122.01,2026-09-25,False,119.6500015258789,124.02230072021484,1.58,-23.14,ALTO,40479981568.0,55.71,16.97,11.06,14.94,2.59,19.38,10.63,5.34,32.78,1.72,0.54,,YAHOO,-0.0255,-0.0292,-0.023,0.05606,5.2949,-2.352,96.0,2026-11-02,38,,,yahoo,1.0,0.0,1.0,1.0,1.0,0.0,0.0,0.0,1.0,-1.4459,-6.3359,-3.5971,12.9839,28.2509,37.4304,141.6729,147.8872,171.1987,-13.8791,-17.4979,-28.732
ATO,157.2100067138672,157.21,2026-09-25,False,155.38999938964844,157.47999572753906,0.51,-4.31,ALTO,26566692864.0,18.76,17.43,1.74,9.79,3.89,37.22,28.5,-8.36,13.86,0.68,0.81,,YAHOO,-0.0255,-0.0292,-0.023,0.05606,5.2949,-2.352,96.0,2026-11-04,40,,,yahoo,1.0,1.0,1.0,1.0,0.0,0.0,0.0,1.0,1.0,-1.9276,-3.6644,-11.8308,-9.7118,9.1255,15.4829,169.12,178.4242,190.0626,-7.0423,-11.8897,-17.2851
AWK,130.91000366210938,130.91,2026-09-25,False,129.8000030517578,131.71499633789062,-0.47,-1.4,ALTO,26015612928.0,22.69,19.94,2.23,10.1,3.52,40.66,21.35,-6.86,14.37,1.38,0.52,,YAHOO,-0.0255,-0.0292,-0.023,0.05606,5.2949,-2.352,96.0,2026-10-28,33,,,yahoo,1.0,0.0,1.0,1.0,1.0,1.0,0.0,1.0,1.0,-3.6718,-4.9241,-4.5344,-0.6777,6.8319,21.3918,140.89,140.89,141.5679,-7.0835,-7.0835,-7.5285
AXON,430.1099853515625,430.11,2026-09-25,False,429.5570068359375,449.67999267578125,-3.35,-40.54,ALTO,34941022208.0,179.21,40.76,9.51,6.22,0.51,5.17,6.19,0.64,218.64,0.5,2.15,,YAHOO,-0.0255,-0.0292,-0.023,0.05606,5.2949,-2.352,96.0,2026-11-03,39,,,yahoo,1.0,0.0,1.0,1.0,0.0,1.0,0.0,0.0,0.0,-3.9418,-10.2704,-21.4626,-7.4694,33.0001,70.8468,600.73,645.72,759.44,-28.4021,-33.3906,-43.3648
AZO,2872.159912109375,2872.1599,2026-09-25,False,2860.320068359375,2916.416748046875,0.36,-31.5,ALTO,46451441664.0,19.76,14.77,-18.56,,11.35,19.97,12.65,,13.59,,0.9,,YAHOO,-0.0255,-0.0292,-0.023,0.05606,5.2949,-2.352,96.0,2026-12-08,74,2026-09-22,3.0,yahoo,1.0,0.0,1.0,1.0,1.0,1.0,1.0,0.0,0.0,0.5901,-0.1596,-7.9082,-8.1996,32.7788,30.49,2991.24,3159.28,4290.2402,-3.981,-9.0882,-33.0536
BAX,23.3700008392334,23.37,2026-09-25,False,23.200000762939453,23.704999923706055,-0.47,6.92,ALTO,12082196480.0,,11.48,1.95,-14.37,2.85,14.43,-9.27,8.28,10.39,1.56,1.95,,YAHOO,-0.0255,-0.0292,-0.023,0.05606,5.2949,-2.352,96.0,2026-10-29,34,,,yahoo,0.0,0.0,1.0,1.0,0.0,1.0,0.0,0.0,1.0,2.5,-1.8067,-4.0664,6.0754,29.8473,39.4402,26.13,28.3391,28.3391,-10.5626,-17.5343,-17.5343
BBY,90.51000213623047,90.51,2026-09-25,False,88.62999725341797,91.19999694824219,-0.54,27.56,ALTO,18982453248.0,15.06,12.55,5.98,43.13,7.25,3.9,3.01,7.39,7.95,1.3,1.12,,YAHOO,-0.0255,-0.0292,-0.023,0.05606,5.2949,-2.352,96.0,2026-11-24,60,2026-08-27,29.0,yahoo,1.0,1.0,1.0,1.0,0.0,1.0,1.0,0.0,1.0,-2.5202,0.7266,2.2239,17.6936,40.2017,36.8109,94.82,94.82,94.82,-4.5455,-4.5455,-4.5455
BDX,183.82000732421875,183.82,2026-09-25,False,177.8699951171875,183.9199981689453,2.56,31.77,ALTO,50070147072.0,31.86,13.83,2.05,6.61,4.34,15.73,4.19,8.94,10.81,0.69,0.86,,YAHOO,-0.0255,-0.0292,-0.023,0.05606,5.2949,-2.352,96.0,2026-11-05,41,,,yahoo,1.0,1.0,1.0,1.0,0.0,0.0,1.0,1.0,1.0,1.5917,3.3568,11.1603,18.589,30.0,27.4907,188.4089,190.8744,190.8744,-2.4356,-3.6958,-3.6958
BEN,33.02000045776367,33.02,2026-09-25,False,32.529998779296875,33.224998474121094,1.44,47.69,ALTO,16776698880.0,22.46,10.35,1.43,7.89,2.64,12.98,8.72,-17.83,11.31,0.25,5.49,,YAHOO,-0.0255,-0.0292,-0.023,0.05606,5.2949,-2.352,96.0,2026-11-06,42,,,yahoo,1.0,1.0,1.0,1.0,0.0,0.0,1.0,1.0,1.0,0.0303,-1.8722,-0.9301,0.4258,21.285,23.9136,34.73,35.77,35.77,-4.9237,-7.688,-7.688
BLDR,59.16999816894531,59.17,2026-09-25,False,57.415000915527344,59.9900016784668,1.53,-50.33,ALTO,6366481920.0,64.32,13.38,1.59,2.51,2.39,3.33,0.71,7.3,11.29,1.31,1.79,,YAHOO,-0.0255,-0.0292,-0.023,0.05606,5.2949,-2.352,96.0,2026-10-29,34,,,yahoo,1.0,0.0,1.0,1.0,0.0,0.0,1.0,0.0,0.0,1.8066,-1.9877,-19.6933,-33.6213,48.6483,51.2467,67.72,84.69,129.54,-12.6255,-30.1334,-54.323
BLK,1086.31005859375,1086.3101,2026-09-25,False,1066.5250244140625,1087.81005859375,1.2,-4.23,ALTO,176499523584.0,26.01,16.9,2.92,12.28,3.74,35.08,24.09,4.29,15.68,0.23,2.45,,YAHOO,-0.0255,-0.0292,-0.023,0.05606,5.2949,-2.352,96.0,2026-10-14,19,,,yahoo,1.0,0.0,1.0,0.0,1.0,0.0,0.0,0.0,0.0,1.5452,0.6169,-0.5162,13.1827,25.5848,27.5518,1158.5345,1176.8008,1177.4276,-6.2341,-7.6896,-7.7387
BR,163.77000427246094,163.77,2026-09-25,False,161.6699981689453,165.76499938964844,0.68,-29.62,ALTO,18673350656.0,17.06,14.15,6.57,40.92,9.29,24.61,15.04,6.4,11.97,1.24,1.24,,YAHOO,-0.0255,-0.0292,-0.023,0.05606,5.2949,-2.352,96.0,2026-11-03,39,,,yahoo,1.0,1.0,1.0,1.0,0.0,1.0,1.0,1.0,1.0,0.3923,-2.3668,4.1716,19.4655,11.7682,33.8408,182.5158,184.3148,232.8484,-10.2708,-11.1466,-29.6667
BRO,60.81999969482422,60.82,2026-09-25,False,60.13999938964844,61.709999084472656,0.81,-34.66,ALTO,20351002624.0,19.43,12.6,1.6,10.02,5.38,41.84,18.08,8.07,9.52,0.64,1.13,,YAHOO,-0.0255,-0.0292,-0.023,0.05606,5.2949,-2.352,96.0,2026-10-26,31,,,yahoo,1.0,0.0,1.0,1.0,0.0,0.0,0.0,1.0,0.0,-6.4595,-8.113,-17.2291,-5.0751,25.6591,32.4412,73.31,74.6971,95.0407,-17.0372,-18.5778,-36.0064
BSX,43.91999816894531,43.92,2026-09-25,False,43.32500076293945,44.81999969482422,-1.7,-56.19,ALTO,63650160640.0,17.78,12.86,2.55,15.34,6.19,22.9,17.5,3.85,13.3,0.5,1.24,,YAHOO,-0.0255,-0.0292,-0.023,0.05606,5.2949,-2.352,96.0,2026-10-28,33,,,yahoo,1.0,1.0,1.0,1.0,0.0,1.0,0.0,1.0,1.0,1.3383,2.1871,-4.6461,-0.7009,30.1559,35.7446,48.37,52.01,104.98,-9.1999,-15.5547,-58.1635
BXP,63.400001525878906,63.4,2026-09-25,False,61.9901008605957,63.584999084472656,1.81,-13.06,ALTO,11467628544.0,34.09,28.52,1.96,5.31,1.68,28.75,9.3,7.68,17.55,2.12,0.51,,YAHOO,-0.0255,-0.0292,-0.023,0.05606,5.2949,-2.352,96.0,2026-10-27,32,,,yahoo,1.0,1.0,1.0,1.0,0.0,0.0,0.0,0.0,1.0,0.3641,-2.0093,-9.3768,-4.9426,32.1364,26.6544,69.32,72.97,73.7504,-8.5401,-13.115,-14.0343
CAG,14.319999694824219,14.32,2026-09-25,False,14.220000267028809,14.685600280761719,-2.39,-15.47,ALTO,6853059584.0,,9.2,1.08,-25.06,4.4,13.77,-16.98,12.53,8.1,1.18,0.9,,YAHOO,-0.0255,-0.0292,-0.023,0.05606,5.2949,-2.352,96.0,2026-09-30,5,,,yahoo,0.0,0.0,1.0,1.0,0.0,1.0,0.0,0.0,1.0,-5.3536,-1.9178,-6.134,2.8659,16.3221,30.7747,16.18,16.67,19.3071,-11.4957,-14.0972,-25.8305
CARR,56.369998931884766,56.37,2026-09-25,False,55.220001220703125,56.78499984741211,2.73,-3.51,ALTO,46467203072.0,40.26,17.04,3.54,8.97,2.98,13.07,5.52,1.85,18.3,0.92,1.02,,YAHOO,-0.0255,-0.0292,-0.023,0.05606,5.2949,-2.352,96.0,2026-10-27,32,,,yahoo,1.0,0.0,1.0,1.0,0.0,0.0,1.0,0.0,0.0,4.6214,-1.897,-10.7505,-23.1245,23.4505,32.1746,59.71,69.8488,75.7277,-5.5937,-19.2971,-25.5622
CB,333.3699951171875,333.37,2026-09-25,False,332.79998779296875,335.544189453125,-0.44,19.94,ALTO,128614105088.0,11.81,11.45,1.71,14.82,3.36,23.53,18.07,8.15,10.15,0.31,0.41,,YAHOO,-0.0255,-0.0292,-0.023,0.05606,5.2949,-2.352,96.0,2026-10-27,32,,,yahoo,1.0,1.0,1.0,1.0,1.0,0.0,1.0,0.0,0.0,-2.1342,-1.4427,-8.0118,-2.0686,2.7904,20.7079,347.2011,362.4052,362.4052,-3.9836,-8.0118,-8.0118
CBOE,258.0299987792969,258.03,2026-09-25,False,253.4499969482422,267.9949951171875,-3.57,5.59,ALTO,26946334720.0,20.1,16.95,4.8,26.3,11.58,34.63,26.73,2.52,14.07,0.28,1.56,,YAHOO,-0.0255,-0.0292,-0.023,0.05606,5.2949,-2.352,96.0,2026-10-30,35,,,yahoo,1.0,1.0,1.0,1.0,1.0,1.0,1.0,1.0,0.0,-5.435,-8.1874,-12.9941,6.8274,29.278,37.0487,309.59,313.0803,364.9193,-16.6543,-17.5835,-29.2912
CCI,67.83999633789062,67.84,2026-09-25,False,66.83999633789062,68.08999633789062,0.31,-25.04,ALTO,29646077952.0,27.69,23.5,-8.84,,4.72,46.83,20.72,3.5,19.01,,0.52,,YAHOO,-0.0255,-0.0292,-0.023,0.05606,5.2949,-2.352,96.0,2026-10-21,26,,,yahoo,1.0,1.0,1.0,1.0,1.0,0.0,0.0,0.0,0.0,-7.1448,-8.9839,-9.14,-16.6952,28.685,29.0085,76.1527,78.6957,94.028,-10.9159,-13.7946,-27.8513
CDNS,326.1300048828125,326.13,2026-09-25,False,322.7799987792969,330.80999755859375,1.28,-8.04,ALTO,89813917696.0,64.97,34.12,13.1,23.23,10.61,28.57,23.61,1.79,42.18,0.39,1.74,,YAHOO,-0.0255,-0.0292,-0.023,0.05606,5.2949,-2.352,96.0,2026-10-26,31,,,yahoo,1.0,0.0,1.0,1.0,1.0,0.0,1.0,1.0,1.0,15.281,12.7035,-5.3928,-13.5553,19.5687,41.6845,340.39,385.95,416.39,-4.1893,-15.4994,-21.6768
CDW,135.42999267578125,135.43,2026-09-25,False,135.3300018310547,141.44500732421875,-2.89,-12.9,ALTO,16931108864.0,16.28,11.27,6.95,44.01,6.59,7.34,4.6,4.0,11.44,2.63,1.17,,YAHOO,-0.0255,-0.0292,-0.023,0.05606,5.2949,-2.352,96.0,2026-11-03,39,,,yahoo,1.0,0.0,1.0,1.0,1.0,0.0,1.0,0.0,0.0,-7.3603,-11.9384,-5.5218,2.0832,36.6657,49.55,153.92,153.92,161.0898,-12.0127,-12.0127,-15.9289
CF,114.66999816894531,114.67,2026-09-25,False,114.3949966430664,117.87999725341797,-3.18,29.53,ALTO,17353943040.0,8.51,10.71,3.02,29.87,12.93,49.33,27.12,7.36,5.59,0.41,4.86,,YAHOO,-0.0255,-0.0292,-0.023,0.05606,5.2949,-2.352,96.0,2026-11-04,40,,,yahoo,1.0,1.0,1.0,1.0,0.0,1.0,1.0,1.0,1.0,-10.2036,-13.8273,-6.231,9.0452,21.3833,40.8123,139.27,139.27,139.27,-17.6635,-17.6635,-17.6635
CFG,65.52999877929688,65.53,2026-09-25,False,64.70999908447266,65.7699966430664,1.24,26.69,ALTO,27599714304.0,14.28,10.03,1.15,8.27,0.94,35.13,26.05,,,,,,YAHOO,-0.0255,-0.0292,-0.023,0.05606,5.2949,-2.352,96.0,2026-10-16,21,,,yahoo,1.0,1.0,1.0,1.0,1.0,0.0,1.0,0.0,1.0,-2.2524,-7.0233,-9.5757,-6.3133,27.8812,25.725,70.83,74.73,74.73,-7.4827,-12.311,-12.311
CHD,96.37999725341797,96.38,2026-09-25,False,94.9000015258789,96.77999877929688,1.1,12.79,ALTO,22861711360.0,30.89,23.88,5.26,17.04,7.87,18.07,11.96,4.11,18.3,0.56,1.15,,YAHOO,-0.0255,-0.0292,-0.023,0.05606,5.2949,-2.352,96.0,2026-10-30,35,,,yahoo,1.0,1.0,1.0,1.0,1.0,0.0,1.0,0.0,1.0,1.7203,2.3686,-3.2584,-2.9184,12.8162,21.317,101.26,103.3249,104.5985,-4.8193,-6.7215,-7.8572
CHRW,147.10000610351562,147.1,2026-09-25,False,145.39999389648438,147.5449981689453,0.62,10.65,ALTO,17188820992.0,28.13,19.61,10.58,37.12,9.96,5.34,3.73,2.8,20.27,1.21,1.58,,YAHOO,-0.0255,-0.0292,-0.023,0.05606,5.2949,-2.352,96.0,2026-10-28,33,,,yahoo,1.0,1.0,1.0,1.0,0.0,1.0,1.0,1.0,0.0,-3.8499,-3.7178,-12.7587,-17.6186,23.9028,48.9805,157.63,208.5206,208.5206,-6.6802,-29.4554,-29.4554
CHTR,112.91000366210938,112.91,2026-09-25,False,112.5,116.4000015258789,-3.95,-59.21,ALTO,14673513472.0,2.94,2.7,0.79,27.2,5.31,23.5,9.05,14.98,5.25,4.42,0.36,,YAHOO,-0.0255,-0.0292,-0.023,0.05606,5.2949,-2.352,96.0,2026-10-30,35,,,yahoo,1.0,0.0,1.0,1.0,1.0,1.0,1.0,1.0,0.0,-11.9061,-22.5424,-19.3327,-15.5118,43.2639,55.6624,158.97,158.97,282.74,-28.974,-28.974,-60.0658
CI,272.010009765625,272.01,2026-09-25,False,265.3500061035156,273.3450012207031,2.45,-3.01,ALTO,71876059136.0,11.24,8.14,1.68,16.76,4.46,3.98,2.27,11.1,7.45,0.74,0.85,,YAHOO,-0.0255,-0.0292,-0.023,0.05606,5.2949,-2.352,96.0,2026-11-05,41,,,yahoo,1.0,1.0,1.0,1.0,0.0,1.0,1.0,0.0,1.0,-1.1879,-3.1165,-9.1476,-3.2779,30.3471,28.3741,290.05,302.8186,304.1076,-6.2196,-10.174,-10.5547
CINF,162.5399932861328,162.54,2026-09-25,False,161.1699981689453,163.3249969482422,0.13,6.69,ALTO,24946321408.0,7.67,18.0,1.5,21.48,6.41,37.2,23.84,11.97,5.48,0.05,1.15,,YAHOO,-0.0255,-0.0292,-0.023,0.05606,5.2949,-2.352,96.0,2026-10-26,31,,,yahoo,1.0,0.0,1.0,1.0,1.0,0.0,1.0,0.0,0.0,-3.2742,-3.7299,-10.493,-11.1981,10.6685,22.7181,173.7296,190.9415,190.9415,-6.4408,-14.8744,-14.8744
CLX,83.80000305175781,83.8,2026-09-25,False,81.5999984741211,84.12000274658203,2.44,-29.46,ALTO,10134019072.0,17.87,13.39,112.63,163.76,8.32,12.88,8.73,1.09,13.82,22.21,0.66,,YAHOO,-0.0255,-0.0292,-0.023,0.05606,5.2949,-2.352,96.0,2026-11-03,39,,,yahoo,1.0,0.0,1.0,1.0,0.0,0.0,1.0,0.0,0.0,0.8424,-4.5123,-15.4915,-13.0829,52.5593,32.936,102.53,107.9,124.127,-18.2678,-22.3355,-32.4885
CMCSA,21.90999984741211,21.91,2026-09-25,False,21.40999984741211,21.975000381469727,-0.99,-23.42,ALTO,77750632448.0,7.02,6.13,0.87,11.49,4.31,17.23,8.97,16.33,4.74,1.0,0.8,,YAHOO,-0.0255,-0.0292,-0.023,0.05606,5.2949,-2.352,96.0,2026-10-22,27,,,yahoo,1.0,1.0,1.0,1.0,1.0,1.0,1.0,1.0,0.0,-3.65,-13.0556,-9.4254,-4.1496,19.8181,35.5246,27.06,27.2,31.6751,-19.0318,-19.4485,-30.8289
CME,264.4800109863281,264.48,2026-09-25,False,258.8695068359375,270.7699890136719,-1.65,1.3,ALTO,95101526016.0,22.45,20.46,3.58,15.8,1.48,65.04,63.44,3.06,20.27,0.15,1.02,,YAHOO,-0.0255,-0.0292,-0.023,0.05606,5.2949,-2.352,96.0,2026-10-21,26,,,yahoo,1.0,0.0,1.0,1.0,1.0,1.0,1.0,0.0,0.0,-4.1774,-4.0139,2.2006,20.236,29.1002,23.5878,285.1116,285.1116,315.7113,-7.2363,-7.2363,-16.2273
CMG,31.329999923706055,31.33,2026-09-25,False,31.299999237060547,32.178001403808594,-2.12,-21.28,ALTO,39645544448.0,29.01,22.87,18.06,49.56,13.08,16.11,11.43,2.82,19.51,2.46,0.71,,YAHOO,-0.0255,-0.0292,-0.023,0.05606,5.2949,-2.352,96.0,2026-10-28,33,,,yahoo,1.0,1.0,1.0,1.0,0.0,0.0,1.0,0.0,1.0,-6.2818,-13.453,-6.5055,-6.0288,17.8608,49.9286,38.52,38.52,42.36,-18.6656,-18.6656,-26.0387
CMI,525.0599975585938,525.06,2026-09-25,False,520.0,529.469970703125,0.77,27.73,ALTO,72282112000.0,26.87,15.16,5.63,21.11,7.0,11.9,7.82,3.08,15.37,0.6,1.73,,YAHOO,-0.0255,-0.0292,-0.023,0.05606,5.2949,-2.352,96.0,2026-11-05,41,,,yahoo,1.0,0.0,1.0,1.0,0.0,1.0,0.0,1.0,0.0,-1.3472,-5.692,-17.8593,-23.1612,15.6706,28.4986,564.85,675.7248,724.8918,-7.0443,-22.2968,-27.5671
CMS,62.95000076293945,62.95,2026-09-25,False,62.380001068115234,63.150001525878906,0.29,-9.48,ALTO,19739682816.0,18.9,15.15,2.07,9.16,2.97,17.17,11.64,-11.14,13.14,1.86,0.94,,YAHOO,-0.0255,-0.0292,-0.023,0.05606,5.2949,-2.352,96.0,2026-10-29,34,,,yahoo,1.0,0.0,1.0,1.0,0.0,1.0,0.0,0.0,1.0,-3.6578,-6.2547,-14.6726,-19.4797,13.187,15.0376,68.79,77.1077,78.6889,-8.4896,-18.361,-20.0014
CNC,61.81999969482422,61.82,2026-09-25,False,61.72999954223633,63.66999816894531,-0.16,78.82,ALTO,30538770432.0,,11.56,1.35,-20.36,2.48,3.76,-2.83,31.57,4.27,0.71,1.15,,YAHOO,-0.0255,-0.0292,-0.023,0.05606,5.2949,-2.352,96.0,2026-10-27,32,,,yahoo,0.0,0.0,1.0,1.0,0.0,0.0,1.0,0.0,1.0,-5.053,-6.9256,-3.2702,-5.9486,19.3362,35.8009,69.41,69.41,69.41,-10.935,-10.935,-10.935
CNP,36.84000015258789,36.84,2026-09-25,False,36.48500061035156,36.89500045776367,0.05,-2.59,ALTO,24267253760.0,21.93,17.65,2.07,9.83,3.0,24.49,11.61,-21.39,12.57,2.1,1.12,,YAHOO,-0.0255,-0.0292,-0.023,0.05606,5.2949,-2.352,96.0,2026-10-22,27,,,yahoo,1.0,0.0,1.0,1.0,1.0,0.0,0.0,0.0,1.0,-3.6107,-5.8041,-15.9634,-17.7172,12.8648,18.3818,40.12,44.345,44.7724,-8.1755,-16.9241,-17.7172
COF,200.1999969482422,200.2,2026-09-25,False,195.39999389648438,201.68499755859375,1.83,-9.55,ALTO,122819665920.0,10.99,8.31,1.19,9.03,1.52,33.63,21.87,,,,,,YAHOO,-0.0255,-0.0292,-0.023,0.05606,5.2949,-2.352,96.0,2026-10-20,25,,,yahoo,1.0,0.0,1.0,1.0,1.0,0.0,0.0,0.0,1.0,-1.1016,-3.8886,-5.4155,-1.5162,31.2018,28.1418,220.5,226.54,254.9582,-9.2064,-11.6271,-21.4773
COO,55.380001068115234,55.38,2026-09-25,False,55.02009963989258,56.17599868774414,0.0,-18.15,ALTO,10530800640.0,19.03,11.8,1.26,6.84,2.73,20.82,13.46,5.15,14.14,0.34,1.22,,YAHOO,-0.0255,-0.0292,-0.023,0.05606,5.2949,-2.352,96.0,2026-12-02,68,2026-09-09,16.0,finnhub,1.0,0.0,1.0,1.0,1.0,0.0,1.0,0.0,1.0,0.1628,2.7268,-23.1474,-22.022,23.9121,42.0872,71.17,76.82,84.32,-22.1863,-27.9094,-34.3216
COR,306.9200134277344,306.92,2026-09-25,False,304.30999755859375,310.8900146484375,-0.95,2.56,ALTO,58568675328.0,22.77,15.48,19.2,96.87,3.56,1.41,0.79,3.49,12.69,4.47,0.94,,YAHOO,-0.0255,-0.0292,-0.023,0.05606,5.2949,-2.352,96.0,2026-11-04,40,,,yahoo,1.0,0.0,1.0,1.0,0.0,1.0,1.0,1.0,0.0,-0.6024,-4.5558,-3.7752,7.4739,2.1423,27.3546,337.22,337.22,372.5275,-8.9852,-8.9852,-17.6114
CPB,19.3700008392334,19.37,2026-09-25,False,19.260000228881836,19.920000076293945,-2.42,-36.98,ALTO,5776806400.0,14.79,10.55,1.5,10.05,4.94,10.2,4.14,10.98,8.11,1.79,0.81,,YAHOO,-0.0255,-0.0292,-0.023,0.05606,5.2949,-2.352,96.0,2026-12-07,73,2026-09-03,22.0,finnhub,,,,,,,,,,-6.3799,-7.7619,-15.0811,-13.3422,31.8911,34.8786,23.78,24.16,30.4131,-18.545,-19.8262,-36.3103
CPRT,27.59000015258789,27.59,2026-09-25,False,27.540000915527344,27.985000610351562,-1.6,-39.48,ALTO,25543137280.0,17.8,15.58,2.81,16.16,10.27,32.01,31.81,3.47,11.48,0.01,7.91,,YAHOO,-0.0255,-0.0292,-0.023,0.05606,5.2949,-2.352,96.0,2026-11-19,55,2026-09-10,15.0,yahoo,1.0,0.0,1.0,1.0,0.0,1.0,0.0,1.0,0.0,-5.7719,-7.8798,-10.101,-9.689,21.9104,41.0284,33.72,34.33,45.76,-18.1791,-19.633,-39.7072
CPT,98.12000274658203,98.12,2026-09-25,False,96.88999938964844,98.51000213623047,0.73,-4.65,ALTO,11355680768.0,32.38,90.02,2.65,7.89,1.87,16.1,20.62,1.23,16.66,1.26,0.35,,YAHOO,-0.0255,-0.0292,-0.023,0.05606,5.2949,-2.352,96.0,2026-11-05,41,,,yahoo,1.0,1.0,1.0,1.0,0.0,1.0,1.0,1.0,0.0,-1.0089,-4.7471,-14.7079,-14.8662,16.9677,18.1883,106.35,117.58,117.58,-7.7386,-16.5504,-16.5504
CRH,85.04000091552734,85.04,2026-09-25,False,83.55999755859375,85.83999633789062,1.29,-24.01,ALTO,56575791104.0,15.02,13.09,2.36,15.81,6.06,19.02,9.94,3.57,9.68,0.78,1.58,,YAHOO,-0.0255,-0.0292,-0.023,0.05606,5.2949,-2.352,96.0,2026-10-29,34,,,yahoo,1.0,0.0,1.0,1.0,0.0,1.0,1.0,1.0,0.0,-1.2885,-3.9639,-17.4267,-23.9843,33.9647,29.518,95.86,107.1506,129.9237,-11.2873,-20.635,-34.5462
CRL,292.8399963378906,292.84,2026-09-25,False,287.8900146484375,295.22760009765625,-0.54,100.23,ALTO,14105437184.0,,23.07,4.92,-7.52,4.11,15.11,-5.96,3.32,19.96,1.05,1.35,,YAHOO,-0.0255,-0.0292,-0.023,0.05606,5.2949,-2.352,96.0,2026-11-04,40,,,yahoo,0.0,0.0,1.0,1.0,0.0,0.0,1.0,1.0,1.0,5.3154,5.2397,21.7984,35.7312,60.8802,41.5857,294.44,298.58,298.58,-0.5434,-1.9224,-1.9224
CSGP,28.09000015258789,28.09,2026-09-25,False,27.600000381469727,28.6200008392334,0.83,-67.13,ALTO,11382000640.0,156.06,15.84,1.43,0.89,0.47,8.22,2.08,3.63,28.4,0.15,2.21,,YAHOO,-0.0255,-0.0292,-0.023,0.05606,5.2949,-2.352,96.0,2026-10-27,32,,,yahoo,1.0,0.0,1.0,1.0,1.0,0.0,0.0,0.0,1.0,-3.4376,-7.7807,-7.3854,-7.1405,18.289,47.4727,32.22,33.73,84.8,-12.8181,-16.721,-66.875
CSX,46.779998779296875,46.78,2026-09-25,False,46.540000915527344,47.025001525878906,-0.36,39.33,ALTO,86658768896.0,27.36,20.58,6.15,24.36,7.38,38.42,22.21,2.25,15.33,1.38,0.82,,YAHOO,-0.0255,-0.0292,-0.023,0.05606,5.2949,-2.352,96.0,2026-10-21,26,,,yahoo,1.0,0.0,1.0,1.0,1.0,0.0,1.0,0.0,0.0,-0.6794,-4.4331,-7.7339,-1.5777,15.8988,21.6831,51.14,53.0847,53.0847,-8.5256,-11.8766,-11.8766
CTAS,199.91000366210938,199.91,2026-09-25,False,198.22000122070312,200.5449981689453,1.13,-1.0,ALTO,79867445248.0,39.51,32.46,15.35,41.38,16.66,24.1,17.82,2.03,26.52,0.52,1.45,,YAHOO,-0.0255,-0.0292,-0.023,0.05606,5.2949,-2.352,96.0,2026-12-17,83,2026-09-23,2.0,yahoo,1.0,1.0,1.0,1.0,1.0,0.0,1.0,1.0,1.0,1.1486,-0.7891,-6.7337,16.5965,43.1834,27.3652,204.18,215.969,215.969,-2.0913,-7.4358,-7.4358
CTSH,57.33000183105469,57.33,2026-09-25,False,57.0,58.279998779296875,0.28,-13.01,ALTO,25823967232.0,12.3,9.05,1.79,14.92,10.73,17.48,10.26,8.58,6.66,0.14,2.18,,YAHOO,-0.0255,-0.0292,-0.023,0.05606,5.2949,-2.352,96.0,2026-10-28,33,,,yahoo,1.0,0.0,1.0,1.0,1.0,1.0,1.0,0.0,1.0,-4.2425,-4.45,14.6217,44.0574,29.285,47.9663,64.64,64.64,85.1577,-11.3088,-11.3088,-32.6779
CTVA,78.5199966430664,78.52,2026-09-25,False,77.3550033569336,78.9800033569336,-1.17,17.22,ALTO,52388229120.0,47.59,19.04,2.08,4.26,4.55,30.13,5.66,4.61,12.9,0.19,1.52,,YAHOO,-0.0255,-0.0292,-0.023,0.05606,5.2949,-2.352,96.0,2026-11-03,39,,,yahoo,1.0,1.0,1.0,1.0,1.0,0.0,1.0,1.0,0.0,-2.496,-6.4124,-11.5375,-4.7599,20.7422,35.0349,89.97,90.3175,90.3175,-12.7265,-13.0623,-13.0623
CVNA,65.05999755859375,65.06,2026-09-25,False,63.40999984741211,65.4800033569336,1.37,-13.35,ALTO,72116649984.0,34.24,28.76,11.61,58.77,11.7,9.22,6.26,0.59,20.12,1.11,3.93,,YAHOO,-0.0255,-0.0292,-0.023,0.05606,5.2949,-2.352,96.0,2026-10-28,33,,,yahoo,1.0,1.0,1.0,0.0,1.0,1.0,0.0,0.0,0.0,-0.0768,-5.9283,-1.5287,4.3464,31.0628,56.1107,74.72,75.77,95.69,-12.9283,-14.1349,-32.0096
D,60.68000030517578,60.68,2026-09-25,False,60.14500045776367,61.0,0.46,5.1,ALTO,53369634816.0,21.29,15.91,1.91,8.28,3.04,29.22,13.98,-17.2,13.51,1.6,0.81,,YAHOO,-0.0255,-0.0292,-0.023,0.05606,5.2949,-2.352,96.0,2026-10-30,35,,,yahoo,1.0,1.0,1.0,1.0,0.0,1.0,0.0,1.0,1.0,-4.5612,-5.7178,-13.2073,-11.6688,16.6736,14.3404,66.22,70.973,70.973,-8.3661,-14.5027,-14.5027
DASH,193.36000061035156,193.36,2026-09-25,False,187.52999877929688,193.6699981689453,3.11,-27.16,ALTO,83782492160.0,101.24,23.74,8.44,8.89,2.97,3.86,5.29,6.14,55.17,0.33,1.37,,YAHOO,-0.0255,-0.0292,-0.023,0.05606,5.2949,-2.352,96.0,2026-11-04,40,,,yahoo,1.0,1.0,1.0,1.0,0.0,0.0,0.0,1.0,0.0,0.2177,-4.2535,-1.1047,5.6093,33.7253,38.9895,236.74,236.93,281.74,-18.3239,-18.3894,-31.3693
DDOG,268.1300048828125,268.13,2026-09-25,False,261.0,280.70001220703125,4.36,95.35,ALTO,96278781952.0,547.2,90.17,22.04,4.7,0.18,0.67,4.48,1.09,1116.7,0.29,3.21,,YAHOO,-0.0255,-0.0292,-0.023,0.05606,5.2949,-2.352,96.0,2026-11-05,41,,,yahoo,1.0,0.0,1.0,1.0,1.0,1.0,0.0,0.0,1.0,16.6188,21.2106,6.8758,11.828,23.2802,67.8552,268.13,288.15,288.15,0.0,-6.9478,-6.9478
DG,124.83999633789062,124.84,2026-09-25,False,122.30000305175781,125.75499725341797,1.89,22.91,ALTO,27541798912.0,16.23,15.08,2.97,19.69,4.89,6.81,3.9,6.31,11.65,1.7,1.21,,YAHOO,-0.0255,-0.0292,-0.023,0.05606,5.2949,-2.352,96.0,2026-12-02,68,2026-08-27,29.0,finnhub,1.0,1.0,1.0,1.0,1.0,0.0,0.0,1.0,1.0,1.9851,0.2087,-0.897,4.9926,25.497,34.4417,133.21,133.21,154.7135,-6.2833,-6.2833,-19.3089
DGX,236.32000732421875,236.32,2026-09-25,False,235.69000244140625,238.2449951171875,-0.11,28.77,ALTO,26083432448.0,25.09,19.6,3.46,14.6,6.4,15.25,9.19,3.49,14.23,0.81,1.59,,YAHOO,-0.0255,-0.0292,-0.023,0.05606,5.2949,-2.352,96.0,2026-10-22,27,,,yahoo,1.0,1.0,1.0,1.0,1.0,0.0,1.0,1.0,1.0,-4.1104,0.5531,0.1611,13.0555,37.8359,27.2899,247.45,247.45,247.45,-4.4979,-4.4979,-4.4979
DHI,141.50999450683594,141.51,2026-09-25,False,139.72000122070312,142.1999969482422,0.83,-14.14,ALTO,39580528640.0,13.48,12.17,1.67,12.63,6.88,12.99,9.15,6.1,10.97,0.29,6.01,,YAHOO,-0.0255,-0.0292,-0.023,0.05606,5.2949,-2.352,96.0,2026-10-29,34,,,yahoo,1.0,0.0,1.0,0.0,0.0,1.0,1.0,0.0,0.0,2.5286,2.6253,-6.105,-14.6481,40.6002,33.3493,147.39,158.0988,172.875,-3.9894,-10.4927,-18.1432
DLR,178.61000061035156,178.61,2026-09-25,False,178.36000061035156,183.1300048828125,-1.32,6.28,ALTO,67454517248.0,87.13,64.67,2.47,2.91,1.48,25.88,11.82,5.59,27.13,0.68,0.89,,YAHOO,-0.0255,-0.0292,-0.023,0.05606,5.2949,-2.352,96.0,2026-10-22,27,,,yahoo,1.0,1.0,1.0,1.0,0.0,0.0,0.0,1.0,1.0,-1.9273,-4.6374,-6.9082,-6.8214,14.9348,34.5257,188.2094,198.7869,201.18,-5.1004,-10.15,-11.2188
DLTR,114.06999969482422,114.07,2026-09-25,False,112.66000366210938,114.81999969482422,0.5,20.37,ALTO,21402988544.0,13.98,14.42,6.25,46.03,8.26,6.21,8.04,4.9,11.15,2.24,1.13,,YAHOO,-0.0255,-0.0292,-0.023,0.05606,5.2949,-2.352,96.0,2026-12-01,67,2026-08-27,29.0,finnhub,1.0,1.0,1.0,1.0,0.0,1.0,1.0,1.0,1.0,1.8846,-3.4696,-10.011,-7.9115,26.2587,33.8508,131.91,136.75,141.21,-13.5244,-16.585,-19.2196
DOC,20.309999465942383,20.31,2026-09-25,False,19.950000762939453,20.329999923706055,0.2,16.12,ALTO,14398718976.0,58.03,145.07,1.79,3.04,1.51,15.99,8.25,11.43,15.49,1.09,2.29,,YAHOO,-0.0255,-0.0292,-0.023,0.05606,5.2949,-2.352,96.0,2026-10-22,27,,,yahoo,1.0,0.0,1.0,1.0,0.0,0.0,1.0,0.0,1.0,-0.0984,0.5545,-10.1086,-4.3778,8.0703,18.6149,20.9243,22.5939,22.5939,-2.936,-10.1086,-10.1086
DOV,191.8800048828125,191.88,2026-09-25,False,187.88999938964844,192.7449951171875,2.12,16.12,ALTO,25842442240.0,23.37,16.5,3.35,14.91,7.06,18.69,13.48,3.51,14.32,0.42,1.98,,YAHOO,-0.0255,-0.0292,-0.023,0.05606,5.2949,-2.352,96.0,2026-10-22,27,,,yahoo,1.0,0.0,1.0,1.0,1.0,0.0,1.0,1.0,0.0,2.3797,1.497,-5.2647,-14.8573,19.0395,25.9112,198.155,216.9352,231.5927,-3.1667,-11.5496,-17.1476
DPZ,292.1400146484375,292.14,2026-09-25,False,287.4800109863281,294.2200012207031,-0.3,-30.34,ALTO,9664498688.0,16.56,14.0,-2.43,,33.89,19.08,11.86,5.5,14.29,,1.54,,YAHOO,-0.0255,-0.0292,-0.023,0.05606,5.2949,-2.352,96.0,2026-10-13,18,,,yahoo,1.0,1.0,1.0,1.0,0.0,1.0,1.0,1.0,1.0,-0.7002,-5.6654,-16.1279,-1.4197,10.0751,36.702,347.8488,365.3704,430.8719,-16.0152,-20.0428,-32.1979
DRI,199.75,199.75,2026-09-25,False,198.05999755859375,207.1699981689453,-3.61,9.26,ALTO,22679965696.0,19.13,16.11,10.32,55.43,7.65,9.85,8.85,4.5,14.49,4.14,0.3,,YAHOO,-0.0255,-0.0292,-0.023,0.05606,5.2949,-2.352,96.0,2026-12-24,90,2026-09-24,1.0,yahoo,1.0,1.0,1.0,1.0,1.0,0.0,1.0,0.0,1.0,-4.5537,-4.8311,-3.4931,-5.7807,36.3266,30.9917,220.03,227.68,227.68,-9.2169,-12.2672,-12.2672
DTE,121.44000244140625,121.44,2026-09-25,False,120.23999786376953,121.46499633789062,0.21,-9.68,ALTO,25270214656.0,19.18,14.52,2.08,11.03,2.77,13.62,8.0,-10.28,14.67,2.29,0.8,,YAHOO,-0.0255,-0.0292,-0.023,0.05606,5.2949,-2.352,96.0,2026-10-29,34,,,yahoo,1.0,0.0,1.0,1.0,0.0,1.0,0.0,0.0,1.0,-4.6445,-7.5646,-16.107,-20.6431,15.3821,16.0759,136.0158,152.6635,153.0301,-10.7162,-20.4525,-20.6431
DUK,113.3499984741211,113.35,2026-09-25,False,112.5199966430664,113.61000061035156,0.11,-5.02,ALTO,88379244544.0,17.07,15.81,1.64,9.86,2.84,27.5,16.0,-5.07,11.01,1.62,0.66,,YAHOO,-0.0255,-0.0292,-0.023,0.05606,5.2949,-2.352,96.0,2026-11-05,41,,,yahoo,1.0,1.0,1.0,1.0,1.0,0.0,0.0,1.0,1.0,-3.5565,-5.0829,-11.5238,-10.945,13.1872,16.8772,121.4,129.3824,131.1634,-6.631,-12.3915,-13.5811
DVA,178.47000122070312,178.47,2026-09-25,False,174.6699981689453,179.10000610351562,2.18,36.06,ALTO,11386386432.0,15.11,10.41,-14.92,88.48,7.51,16.06,6.05,9.16,9.18,12.42,1.47,,YAHOO,-0.0255,-0.0292,-0.023,0.05606,5.2949,-2.352,96.0,2026-10-28,33,,,yahoo,1.0,0.0,1.0,1.0,0.0,1.0,1.0,0.0,1.0,-2.9316,-1.6965,-25.4698,-17.7709,46.5412,45.2584,193.86,240.96,240.96,-7.9387,-25.9338,-25.9338
DVN,47.04999923706055,47.05,2026-09-25,False,47.0099983215332,48.130001068115234,-3.78,33.99,ALTO,51754999808.0,10.23,8.74,1.3,11.52,5.91,41.08,17.46,1.51,7.03,0.28,0.72,,YAHOO,-0.0255,-0.0292,-0.023,0.05606,5.2949,-2.352,96.0,2026-11-04,40,,,yahoo,1.0,0.0,1.0,1.0,1.0,0.0,1.0,0.0,1.0,-3.2092,-5.7242,11.005,12.1884,45.6217,35.9335,51.33,51.33,51.3696,-8.3382,-8.3382,-8.4088
DXCM,86.62000274658203,86.62,2026-09-25,False,86.36000061035156,87.63999938964844,-0.97,25.88,ALTO,32686991360.0,34.24,27.73,12.47,38.49,10.33,24.33,20.12,3.12,23.13,0.53,1.73,,YAHOO,-0.0255,-0.0292,-0.023,0.05606,5.2949,-2.352,96.0,2026-10-29,34,,,yahoo,1.0,1.0,1.0,1.0,0.0,1.0,1.0,0.0,1.0,-3.0554,4.3237,15.7248,23.4959,16.3206,41.199,91.06,92.34,92.34,-4.8759,-6.1945,-6.1945
ED,103.0999984741211,103.1,2026-09-25,False,102.08000183105469,103.27999877929688,0.38,7.37,ALTO,38129332224.0,16.93,15.89,1.48,8.96,3.24,16.54,12.53,-2.22,10.54,1.1,1.27,,YAHOO,-0.0255,-0.0292,-0.023,0.05606,5.2949,-2.352,96.0,2026-11-05,41,,,yahoo,1.0,1.0,1.0,1.0,1.0,0.0,0.0,0.0,1.0,-2.21,-3.1561,-7.1749,-7.2411,10.9412,15.7785,108.75,113.0627,113.5694,-5.1954,-8.8117,-9.2185
EIX,52.650001525878906,52.65,2026-09-25,False,52.29499816894531,52.91999816894531,0.21,1.84,ALTO,20260456448.0,5.43,8.1,1.16,19.73,4.09,26.9,19.28,0.41,7.3,2.28,0.66,,YAHOO,-0.0255,-0.0292,-0.023,0.05606,5.2949,-2.352,96.0,2026-10-27,32,,,yahoo,1.0,1.0,1.0,1.0,1.0,0.0,0.0,1.0,0.0,-4.8093,-5.9821,-34.0143,-29.5956,23.7925,61.8521,70.17,80.38,80.38,-24.9679,-34.4986,-34.4986
EL,94.47000122070312,94.47,2026-09-25,False,93.88999938964844,96.2300033569336,-0.94,13.14,ALTO,34179110912.0,188.94,24.12,8.98,4.75,5.23,7.0,1.21,5.3,16.4,2.43,1.22,,YAHOO,-0.0255,-0.0292,-0.023,0.05606,5.2949,-2.352,96.0,2026-11-02,38,,,yahoo,1.0,1.0,1.0,1.0,1.0,0.0,0.0,1.0,1.0,1.1131,-2.7286,11.8477,17.6942,51.2485,46.0543,103.86,105.8504,118.3745,-9.041,-10.7514,-20.194
EME,762.2100219726562,762.21,2026-09-25,False,747.864990234375,763.6599731445312,1.36,21.26,ALTO,33621008384.0,23.74,20.74,8.27,40.35,12.03,10.62,7.74,2.91,16.7,0.13,1.28,,YAHOO,-0.0255,-0.0292,-0.023,0.05606,5.2949,-2.352,96.0,2026-10-29,34,,,yahoo,1.0,1.0,1.0,1.0,0.0,0.0,1.0,1.0,0.0,1.6158,-2.3634,7.9893,-4.4476,13.529,52.6433,780.66,862.54,943.2628,-2.3634,-11.6319,-19.1943
EMR,158.22999572753906,158.23,2026-09-25,False,156.6750030517578,159.8699951171875,1.34,22.58,ALTO,88260689920.0,34.62,21.79,4.33,12.8,6.9,26.92,13.83,4.2,16.49,0.68,0.9,,YAHOO,-0.0255,-0.0292,-0.023,0.05606,5.2949,-2.352,96.0,2026-11-04,40,,,yahoo,1.0,1.0,1.0,1.0,0.0,0.0,1.0,1.0,1.0,5.543,3.9687,4.5824,10.6465,9.3664,28.7599,158.23,163.8244,163.8244,0.0,-3.4149,-3.4149
EOG,140.35000610351562,140.35,2026-09-25,False,139.68499755859375,141.78500366210938,-1.76,22.87,ALTO,73617670144.0,10.93,9.41,2.31,22.51,11.02,40.72,25.73,6.08,5.31,0.26,1.85,,YAHOO,-0.0255,-0.0292,-0.023,0.05606,5.2949,-2.352,96.0,2026-11-05,41,,,yahoo,1.0,0.0,1.0,1.0,0.0,0.0,1.0,0.0,0.0,-2.6901,-4.7571,0.5085,6.6302,25.8916,34.8758,153.74,153.74,153.74,-8.7095,-8.7095,-8.7095
EPAM,108.2300033569336,108.23,2026-09-25,False,106.4000015258789,109.38500213623047,1.16,-28.78,ALTO,5583259136.0,14.69,7.7,1.59,11.18,8.45,10.94,7.15,11.64,6.57,0.04,2.75,,YAHOO,-0.0255,-0.0292,-0.023,0.05606,5.2949,-2.352,96.0,2026-11-05,41,,,yahoo,1.0,0.0,1.0,1.0,1.0,0.0,1.0,0.0,1.0,-5.0614,-8.2097,7.7988,34.1473,26.0869,54.6186,123.61,123.61,221.4,-12.4424,-12.4424,-51.1156
EQIX,1008.0800170898438,1008.08,2026-09-25,False,1005.9400024414062,1049.1099853515625,-2.58,30.58,ALTO,99468959744.0,64.95,54.14,6.92,10.73,3.68,27.02,15.48,3.8,26.84,1.62,1.13,,YAHOO,-0.0255,-0.0292,-0.023,0.05606,5.2949,-2.352,96.0,2026-10-28,33,,,yahoo,1.0,1.0,1.0,1.0,0.0,0.0,0.0,1.0,0.0,-1.2983,-2.8563,-2.1223,-7.1844,21.2567,28.4309,1059.26,1096.8591,1110.6332,-4.8317,-8.0939,-9.2338
EQT,50.810001373291016,50.81,2026-09-25,False,50.61000061035156,51.790000915527344,-2.04,-5.61,ALTO,31782469632.0,11.79,13.3,1.26,11.08,6.63,23.37,29.18,7.74,5.95,0.2,0.67,,YAHOO,-0.0255,-0.0292,-0.023,0.05606,5.2949,-2.352,96.0,2026-10-20,25,,,yahoo,1.0,1.0,1.0,1.0,1.0,1.0,0.0,1.0,1.0,1.62,-6.0292,-1.3369,-3.2839,26.3901,29.2632,55.75,55.75,67.5273,-8.861,-8.861,-24.7564
ERIE,222.86000061035156,222.86,2026-09-25,False,217.4499969482422,226.3000030517578,1.78,-28.22,ALTO,11653319680.0,20.24,15.91,4.72,24.81,14.15,19.1,14.01,4.13,13.42,0.03,1.25,,YAHOO,-0.0255,-0.0292,-0.023,0.05606,5.2949,-2.352,96.0,2026-10-29,34,,,yahoo,1.0,0.0,1.0,1.0,0.0,0.0,1.0,0.0,0.0,-6.7726,-9.0479,-8.0724,-6.1056,39.3575,48.1419,260.4,268.64,324.5125,-14.4163,-17.0414,-31.3247
ES,63.66999816894531,63.67,2026-09-25,False,63.14500045776367,63.9900016784668,-0.2,-3.69,ALTO,23982880768.0,16.54,12.95,1.47,9.02,3.3,23.92,10.35,3.39,10.57,1.81,0.8,,YAHOO,-0.0255,-0.0292,-0.023,0.05606,5.2949,-2.352,96.0,2026-11-04,40,,,yahoo,1.0,1.0,1.0,1.0,1.0,0.0,0.0,1.0,1.0,-4.8736,-5.9842,-14.5515,-12.3304,14.4079,18.3203,70.6581,74.5127,74.5127,-9.8901,-14.5515,-14.5515
ESS,271.6099853515625,271.61,2026-09-25,False,269.6050109863281,272.1700134277344,-0.01,6.18,ALTO,18722861056.0,42.37,43.12,3.28,7.71,2.96,33.98,20.89,5.58,19.77,1.22,0.25,,YAHOO,-0.0255,-0.0292,-0.023,0.05606,5.2949,-2.352,96.0,2026-10-27,32,,,yahoo,1.0,0.0,1.0,1.0,0.0,1.0,0.0,0.0,1.0,0.5777,-0.4764,-7.7788,-7.2228,13.6046,19.0436,284.03,298.33,298.33,-4.3728,-8.9565,-8.9565
ETN,439.9800109863281,439.98,2026-09-25,False,436.17510986328125,447.3299865722656,-0.0,21.04,ALTO,170888232960.0,44.85,27.3,8.44,19.68,7.05,16.56,12.75,1.82,28.85,1.05,1.24,,YAHOO,-0.0255,-0.0292,-0.023,0.05606,5.2949,-2.352,96.0,2026-11-03,39,,,yahoo,1.0,1.0,1.0,1.0,1.0,0.0,1.0,0.0,1.0,3.5808,3.4347,14.188,9.5318,16.2415,45.4659,442.49,459.96,459.96,-0.5672,-4.3439,-4.3439
ETR,98.56999969482422,98.57,2026-09-25,False,97.0250015258789,98.75,0.42,10.9,ALTO,47094525952.0,25.21,19.31,2.52,10.25,2.68,24.46,13.33,-9.34,13.88,1.87,0.91,,YAHOO,-0.0255,-0.0292,-0.023,0.05606,5.2949,-2.352,96.0,2026-10-29,34,,,yahoo,1.0,1.0,1.0,1.0,1.0,1.0,0.0,0.0,0.0,-3.3722,-6.4179,-11.7179,-14.4522,15.6751,17.6973,108.53,115.2619,116.6636,-9.1772,-14.4817,-15.5092
EVRG,78.04000091552734,78.04,2026-09-25,False,77.11000061035156,78.16999816894531,0.49,8.93,ALTO,17993461760.0,19.86,17.1,1.76,9.25,2.91,25.24,15.19,-8.02,12.15,1.61,0.36,,YAHOO,-0.0255,-0.0292,-0.023,0.05606,5.2949,-2.352,96.0,2026-11-05,41,,,yahoo,1.0,0.0,1.0,1.0,0.0,0.0,0.0,1.0,0.0,-2.181,-4.3862,-8.1349,-9.7677,12.076,15.1888,82.24,87.4002,87.4002,-5.107,-10.7096,-10.7096
EW,86.29000091552734,86.29,2026-09-25,False,84.92500305175781,87.11000061035156,0.65,13.7,ALTO,49737555968.0,51.36,25.55,4.69,9.18,8.37,29.84,15.43,2.48,23.18,0.07,4.52,,YAHOO,-0.0255,-0.0292,-0.023,0.05606,5.2949,-2.352,96.0,2026-10-29,34,,,yahoo,1.0,0.0,1.0,1.0,1.0,0.0,1.0,0.0,1.0,-2.232,2.2757,3.119,-4.946,22.0511,23.4268,90.82,95.18,95.18,-4.9879,-9.3402,-9.3402
EXC,40.34000015258789,40.34,2026-09-25,False,39.72999954223633,40.375,0.35,-5.41,ALTO,41560444928.0,14.83,13.28,1.4,9.71,2.81,16.59,10.99,-6.46,11.05,1.77,1.09,,YAHOO,-0.0255,-0.0292,-0.023,0.05606,5.2949,-2.352,96.0,2026-11-03,39,,,yahoo,1.0,1.0,1.0,1.0,0.0,1.0,0.0,1.0,0.0,-4.1122,-6.5338,-13.9207,-14.0842,20.3409,18.0424,44.11,47.4284,49.3516,-8.5468,-14.9455,-18.2599
EXPD,187.4600067138672,187.46,2026-09-25,False,183.7050018310547,188.39500427246094,2.07,55.31,ALTO,24368044032.0,27.29,23.65,11.5,42.67,15.23,10.71,7.63,3.27,18.92,0.27,1.57,,YAHOO,-0.0255,-0.0292,-0.023,0.05606,5.2949,-2.352,96.0,2026-11-03,39,,,yahoo,1.0,0.0,1.0,1.0,1.0,1.0,1.0,1.0,1.0,-1.8226,-2.6687,9.3571,16.6304,34.4875,25.6272,193.9,193.9,193.9,-3.3213,-3.3213,-3.3213
EXPE,264.1700134277344,264.17,2026-09-25,False,261.0799865722656,269.260009765625,0.92,22.73,ALTO,31706234880.0,16.6,10.8,26.22,89.49,6.11,18.98,12.97,10.83,10.81,2.3,0.8,,YAHOO,-0.0255,-0.0292,-0.023,0.05606,5.2949,-2.352,96.0,2026-11-05,41,,,yahoo,1.0,0.0,1.0,1.0,1.0,1.0,1.0,1.0,0.0,-5.434,-5.9324,-10.5613,0.6662,66.6741,45.4054,329.44,338.6418,338.6418,-19.8124,-21.9913,-21.9913
EXR,133.35000610351562,133.35,2026-09-25,False,131.52999877929688,133.3699951171875,0.85,0.47,ALTO,29430685696.0,29.37,27.71,2.13,6.95,3.36,45.88,27.28,5.09,18.53,1.02,0.89,,YAHOO,-0.0255,-0.0292,-0.023,0.05606,5.2949,-2.352,96.0,2026-10-28,33,,,yahoo,1.0,1.0,1.0,1.0,0.0,1.0,1.0,0.0,1.0,-2.4578,-1.9777,-11.3607,-9.5785,18.0112,19.9373,141.2492,151.0737,151.0737,-5.5924,-11.7318,-11.7318
FANG,186.6699981689453,186.67,2026-09-25,False,185.50999450683594,187.77000427246094,-1.24,30.19,ALTO,52271292416.0,34.89,9.95,1.38,3.49,1.31,48.47,9.03,9.63,5.99,0.29,0.47,,YAHOO,-0.0255,-0.0292,-0.023,0.05606,5.2949,-2.352,96.0,2026-11-02,38,,,yahoo,1.0,0.0,1.0,1.0,0.0,0.0,1.0,0.0,1.0,-2.9883,-8.9281,-1.3725,4.3288,30.548,37.1789,211.53,211.53,211.53,-11.7525,-11.7525,-11.7525
FAST,50.43000030517578,50.43,2026-09-25,False,50.255001068115234,51.04999923706055,-0.59,6.74,ALTO,57868304384.0,43.1,35.95,14.22,34.33,21.52,21.02,15.45,1.58,29.9,0.11,4.18,,YAHOO,-0.0255,-0.0292,-0.023,0.05606,5.2949,-2.352,96.0,2026-10-14,19,,,yahoo,1.0,1.0,1.0,1.0,1.0,1.0,0.0,0.0,1.0,2.8974,2.2506,4.8441,7.6576,18.4126,22.8762,50.99,52.38,52.38,-1.0983,-3.7228,-3.7228
FDS,273.0799865722656,273.08,2026-09-25,False,269.3800048828125,276.57501220703125,0.67,-3.01,ALTO,9712238592.0,17.98,13.84,4.81,27.03,11.08,30.54,23.21,6.4,11.77,0.77,0.68,,YAHOO,-0.0255,-0.0292,-0.023,0.05606,5.2949,-2.352,96.0,2026-09-30,5,,,yahoo,1.0,1.0,1.0,1.0,0.0,1.0,1.0,0.0,0.0,-3.7875,5.148,-3.4385,18.283,34.0218,47.4605,313.55,313.55,313.55,-12.907,-12.907,-12.907
FE,43.29999923706055,43.3,2026-09-25,False,42.83000183105469,43.36899948120117,0.25,0.87,ALTO,25055109120.0,23.41,14.68,1.94,9.49,3.68,19.3,6.94,-8.04,10.23,2.01,0.54,,YAHOO,-0.0255,-0.0292,-0.023,0.05606,5.2949,-2.352,96.0,2026-10-21,26,,,yahoo,1.0,0.0,1.0,1.0,0.0,1.0,0.0,0.0,1.0,-4.3305,-6.1348,-11.925,-9.7808,17.8176,15.4021,47.04,49.43,50.8757,-7.9507,-12.4013,-14.8906
FFIV,443.05999755859375,443.06,2026-09-25,False,441.8599853515625,452.17120361328125,-0.78,35.81,ALTO,25089239040.0,36.08,24.51,6.53,19.83,7.98,24.65,21.95,2.86,25.71,0.07,1.67,,YAHOO,-0.0255,-0.0292,-0.023,0.05606,5.2949,-2.352,96.0,2026-10-26,31,,,yahoo,1.0,1.0,1.0,1.0,0.0,1.0,1.0,1.0,0.0,2.5531,7.6146,9.8151,12.3007,20.8138,36.9326,455.99,455.99,455.99,-2.8356,-2.8356,-2.8356
FICO,863.0900268554688,863.09,2026-09-25,False,848.6389770507812,869.5700073242188,0.77,-45.2,ALTO,18640703488.0,25.0,16.28,-4.55,,39.98,53.79,34.05,4.15,18.99,,1.18,,YAHOO,-0.0255,-0.0292,-0.023,0.05606,5.2949,-2.352,96.0,2026-11-04,40,,,yahoo,1.0,1.0,1.0,1.0,0.0,0.0,1.0,1.0,1.0,-9.1178,-12.4113,-35.4081,-27.0293,31.5006,65.7451,1153.5699,1373.08,1879.55,-25.181,-37.142,-54.08
FIS,35.40999984741211,35.41,2026-09-25,False,34.92499923706055,35.60499954223633,1.2,-43.31,ALTO,18261145600.0,5.39,5.28,1.14,22.35,4.28,20.67,27.65,14.53,11.0,1.33,0.54,,YAHOO,-0.0255,-0.0292,-0.023,0.05606,5.2949,-2.352,96.0,2026-11-04,40,,,yahoo,1.0,0.0,1.0,1.0,1.0,0.0,1.0,0.0,1.0,-0.5896,-7.1578,-20.2779,-7.1321,16.6633,36.2639,41.7971,46.2753,66.0466,-15.2811,-23.4797,-46.3864
FITB,52.099998474121094,52.1,2026-09-25,False,51.45000076293945,52.279998779296875,1.24,18.03,ALTO,47249100800.0,17.54,10.52,1.46,8.44,0.92,39.08,23.24,,,,,,YAHOO,-0.0255,-0.0292,-0.023,0.05606,5.2949,-2.352,96.0,2026-10-19,24,,,yahoo,1.0,1.0,1.0,1.0,1.0,0.0,1.0,0.0,1.0,-1.5309,-4.788,-9.8616,-6.82,21.7739,21.5236,54.97,59.37,59.37,-5.221,-12.2452,-12.2452
FIX,1658.9100341796875,1658.91,2026-09-25,False,1625.010009765625,1671.635009765625,0.94,111.67,ALTO,58384224256.0,40.87,27.57,18.12,55.29,17.04,17.06,12.78,3.15,28.34,0.11,1.21,,YAHOO,-0.0255,-0.0292,-0.023,0.05606,5.2949,-2.352,96.0,2026-10-22,27,,,yahoo,1.0,1.0,1.0,1.0,0.0,1.0,1.0,1.0,0.0,0.4566,-1.8872,2.0567,-10.4874,11.6351,55.3452,1690.8199,1881.1801,2065.4404,-1.8872,-11.8155,-19.6825
FOX,56.540000915527344,56.54,2026-09-25,False,56.04999923706055,57.16999816894531,-1.15,3.95,ALTO,23841427456.0,14.72,9.84,2.04,14.29,9.5,25.21,9.84,2.33,7.02,0.64,3.17,,YAHOO,-0.0255,-0.0292,-0.023,0.05606,5.2949,-2.352,96.0,2026-10-29,34,,,yahoo,1.0,0.0,1.0,1.0,0.0,1.0,1.0,0.0,1.0,-2.0783,-3.2677,10.0506,23.762,11.2687,32.2559,61.14,62.382,67.0667,-7.5237,-9.3649,-15.6958
FOXA,63.06999969482422,63.07,2026-09-25,False,62.619998931884766,63.4900016784668,-1.21,4.76,ALTO,26594955264.0,16.42,10.79,2.28,14.29,9.5,25.21,9.84,2.09,7.73,0.64,3.17,,YAHOO,-0.0255,-0.0292,-0.023,0.05606,5.2949,-2.352,96.0,2026-10-29,34,,,yahoo,1.0,0.0,1.0,1.0,0.0,1.0,1.0,0.0,1.0,-2.1412,-4.3524,9.7516,26.4444,7.0677,32.2682,68.53,70.0207,75.4053,-7.9673,-9.9266,-16.3587
FRT,110.5199966430664,110.52,2026-09-25,False,109.33000183105469,110.6050033569336,0.15,15.43,ALTO,9661473792.0,22.33,34.64,3.0,12.55,3.26,35.03,32.66,4.72,17.59,1.34,0.56,,YAHOO,-0.0255,-0.0292,-0.023,0.05606,5.2949,-2.352,96.0,2026-10-30,35,,,yahoo,1.0,1.0,1.0,1.0,0.0,0.0,0.0,0.0,0.0,-0.3516,-3.3578,-12.3692,-10.8242,12.1375,13.674,117.94,127.13,127.13,-6.2913,-13.0654,-13.0654
FTNT,173.4600067138672,173.46,2026-09-25,False,172.8300018310547,177.77999877929688,-2.92,107.52,ALTO,127269978112.0,61.51,45.92,82.05,117.44,14.17,33.6,28.17,1.78,47.68,0.36,1.28,,YAHOO,-0.0255,-0.0292,-0.023,0.05606,5.2949,-2.352,96.0,2026-11-04,40,,,yahoo,1.0,0.0,1.0,1.0,1.0,0.0,1.0,0.0,1.0,2.1314,11.1424,15.6554,14.6085,35.7329,46.298,178.74,178.74,178.74,-2.954,-2.954,-2.954
FTV,56.09000015258789,56.09,2026-09-25,False,55.41999816894531,56.439998626708984,1.17,17.25,ALTO,16940136448.0,29.68,17.27,2.8,7.32,3.29,19.14,12.38,5.54,16.18,0.59,1.24,,YAHOO,-0.0255,-0.0292,-0.023,0.05606,5.2949,-2.352,96.0,2026-10-28,33,,,yahoo,1.0,1.0,1.0,1.0,0.0,0.0,1.0,0.0,1.0,1.9818,2.5599,-12.3759,-8.656,21.309,26.6467,59.6174,64.0121,64.0121,-5.9168,-12.3759,-12.3759
GD,336.7200012207031,336.72,2026-09-25,False,335.0,339.989990234375,0.13,4.68,ALTO,91102011392.0,20.52,18.12,3.39,17.8,6.08,10.38,8.18,4.83,14.49,0.35,1.44,,YAHOO,-0.0255,-0.0292,-0.023,0.05606,5.2949,-2.352,96.0,2026-10-28,33,,,yahoo,1.0,1.0,1.0,1.0,1.0,1.0,0.0,0.0,1.0,-4.6254,-5.3892,-14.362,-2.4539,24.2729,17.2747,379.32,395.97,395.97,-11.2306,-14.9633,-14.9633
GDDY,97.13999938964844,97.14,2026-09-25,False,96.32969665527344,100.37000274658203,-3.64,-32.14,ALTO,12302558208.0,14.43,8.81,1832.83,442.86,9.88,27.06,17.83,9.79,10.84,573.34,0.63,,YAHOO,-0.0255,-0.0292,-0.023,0.05606,5.2949,-2.352,96.0,2026-10-29,34,,,yahoo,1.0,0.0,1.0,1.0,0.0,0.0,1.0,0.0,1.0,-0.3283,-0.9483,-5.616,14.8906,73.2975,67.1919,104.77,105.1,141.67,-7.2826,-7.5737,-31.4322
GEHC,66.62999725341797,66.63,2026-09-25,False,65.7699966430664,67.01000213623047,0.38,-7.57,ALTO,30095853568.0,15.35,12.31,2.74,19.38,5.13,14.98,9.33,5.23,10.77,0.94,1.26,,YAHOO,-0.0255,-0.0292,-0.023,0.05606,5.2949,-2.352,96.0,2026-10-28,33,,,yahoo,1.0,0.0,1.0,0.0,0.0,1.0,1.0,0.0,0.0,3.8983,4.2234,3.9307,1.3802,17.2145,38.1172,71.725,74.82,88.0324,-7.1035,-10.9463,-24.312
GIS,33.63999938964844,33.64,2026-09-25,False,33.599998474121094,34.88999938964844,-3.42,-28.65,ALTO,17986875392.0,,10.65,2.44,-10.49,5.65,15.24,-4.89,7.24,9.13,1.82,0.7,,YAHOO,-0.0255,-0.0292,-0.023,0.05606,5.2949,-2.352,96.0,2026-12-23,89,2026-09-15,10.0,yahoo,0.0,0.0,1.0,1.0,0.0,1.0,1.0,0.0,1.0,-7.3789,-6.1646,-10.6507,-4.9644,34.4206,32.7794,41.55,41.55,47.9468,-19.0373,-19.0373,-29.839
GNRC,208.13999938964844,208.14,2026-09-25,False,199.84249877929688,208.90370178222656,5.09,25.78,ALTO,12293567488.0,47.85,16.73,4.27,9.49,4.72,17.93,5.82,2.35,21.09,0.49,2.04,,YAHOO,-0.0255,-0.0292,-0.023,0.05606,5.2949,-2.352,96.0,2026-10-28,33,,,yahoo,1.0,0.0,1.0,1.0,1.0,1.0,1.0,0.0,0.0,0.3374,11.3108,6.411,-25.2961,55.5624,59.5954,208.14,257.81,295.54,0.0,-19.2661,-29.573
GOOG,341.0799865722656,341.08,2026-09-25,False,337.9100036621094,343.6000061035156,0.61,37.75,ALTO,4171386060800.0,17.11,22.89,6.7,48.68,12.96,34.03,54.77,0.54,23.49,0.19,2.72,,YAHOO,-0.0255,-0.0292,-0.023,0.05606,5.2949,-2.352,96.0,2026-10-28,33,,,yahoo,1.0,0.0,1.0,1.0,0.0,1.0,1.0,1.0,0.0,-0.9669,1.6783,2.6162,1.9754,33.927,34.2721,350.87,375.1065,398.5413,-2.7902,-9.0712,-14.4179
GPC,129.61000061035156,129.61,2026-09-25,False,128.33880615234375,131.08999633789062,0.27,-2.37,ALTO,17868003328.0,518.44,15.61,3.95,0.71,4.48,6.56,0.13,5.13,11.66,1.46,1.16,,YAHOO,-0.0255,-0.0292,-0.023,0.05606,5.2949,-2.352,96.0,2026-10-20,25,,,yahoo,1.0,0.0,1.0,1.0,1.0,0.0,1.0,1.0,0.0,1.1946,-3.0446,0.7007,12.5831,20.9716,27.3741,138.08,138.4126,145.181,-6.1341,-6.3597,-10.7252
GPN,86.48999786376953,86.49,2026-09-25,False,84.96499633789062,86.74500274658203,1.38,2.27,ALTO,22886844416.0,40.99,5.4,0.99,2.43,2.33,16.11,-9.15,34.38,9.35,0.98,0.82,,YAHOO,-0.0255,-0.0292,-0.023,0.05606,5.2949,-2.352,96.0,2026-11-03,39,,,yahoo,1.0,0.0,1.0,1.0,0.0,1.0,1.0,0.0,0.0,1.6812,-2.0387,-0.8291,24.262,20.5795,38.0562,92.548,94.5623,94.5623,-6.5458,-8.5365,-8.5365
GWW,1243.0699462890625,1243.0699,2026-09-25,False,1237.469970703125,1263.27001953125,-2.84,30.76,ALTO,58549768192.0,31.65,24.39,14.17,46.09,19.93,16.07,9.92,2.13,19.01,0.62,2.81,,YAHOO,-0.0255,-0.0292,-0.023,0.05606,5.2949,-2.352,96.0,2026-11-04,40,,,yahoo,1.0,0.0,1.0,1.0,0.0,1.0,1.0,0.0,1.0,-1.8585,-2.8852,-10.9659,-7.987,24.7297,21.9473,1324.49,1399.2974,1399.2974,-6.1473,-11.1647,-11.1647
HAS,88.08999633789062,88.09,2026-09-25,False,86.56999969482422,88.30000305175781,1.47,21.02,ALTO,12424606720.0,15.62,13.52,17.65,159.56,13.08,22.16,15.97,5.54,11.5,5.31,1.66,,YAHOO,-0.0255,-0.0292,-0.023,0.05606,5.2949,-2.352,96.0,2026-10-22,27,,,yahoo,0.0,0.0,1.0,1.0,1.0,0.0,0.0,0.0,1.0,0.5938,-3.7688,-7.8773,4.0091,16.6307,31.3644,94.23,96.74,103.5827,-6.516,-8.9415,-14.9568
HBAN,15.640000343322754,15.64,2026-09-25,False,15.3149995803833,15.739999771118164,2.16,-7.17,ALTO,31599288320.0,12.12,8.81,1.06,9.0,0.98,41.93,26.13,,,,,,YAHOO,-0.0255,-0.0292,-0.023,0.05606,5.2949,-2.352,96.0,2026-10-22,27,,,yahoo,1.0,1.0,1.0,1.0,1.0,0.0,0.0,0.0,0.0,-1.5113,-6.3182,-8.7008,-11.2156,31.76,25.192,16.8928,18.3782,18.72,-7.4164,-14.899,-16.4529
HCA,435.6099853515625,435.61,2026-09-25,False,420.0,435.7699890136719,2.86,4.77,ALTO,94310219776.0,14.61,13.61,-14.29,,12.29,15.16,8.77,3.96,9.41,,0.99,,YAHOO,-0.0255,-0.0292,-0.023,0.05606,5.2949,-2.352,96.0,2026-10-23,28,,,yahoo,1.0,1.0,1.0,1.0,0.0,0.0,1.0,1.0,1.0,1.847,2.2188,4.3576,11.4208,44.8568,36.8811,438.12,438.12,542.2319,-0.5729,-0.5729,-19.6635
HIG,124.2300033569336,124.23,2026-09-25,False,124.08999633789062,125.9000015258789,-1.16,-4.82,ALTO,33650429952.0,8.64,9.08,1.75,22.06,3.85,17.61,14.89,16.37,6.15,0.22,1.77,,YAHOO,-0.0255,-0.0292,-0.023,0.05606,5.2949,-2.352,96.0,2026-10-29,34,,,yahoo,1.0,1.0,1.0,1.0,1.0,0.0,1.0,0.0,1.0,-5.8079,-8.8956,-13.0003,-6.8079,6.7707,19.3193,140.0,145.0437,145.0437,-11.2643,-14.35,-14.35
HII,264.0199890136719,264.02,2026-09-25,False,261.7099914550781,266.04998779296875,-0.74,-1.99,ALTO,10403602432.0,15.73,12.67,1.96,12.97,4.28,7.08,5.01,-2.89,11.39,0.55,1.23,,YAHOO,-0.0255,-0.0292,-0.023,0.05606,5.2949,-2.352,96.0,2026-10-29,34,,,yahoo,1.0,1.0,1.0,1.0,1.0,1.0,0.0,1.0,1.0,-3.2398,-5.6026,-11.5534,-5.9359,10.3008,39.6737,294.21,329.2744,449.6816,-10.2614,-19.8176,-41.2874
HLT,313.9599914550781,313.96,2026-09-25,False,310.3500061035156,315.2803039550781,0.59,19.46,ALTO,70661373952.0,46.17,30.03,-11.24,,11.03,62.99,31.03,1.97,27.11,,0.65,,YAHOO,-0.0255,-0.0292,-0.023,0.05606,5.2949,-2.352,96.0,2026-10-28,33,,,yahoo,1.0,0.0,1.0,1.0,0.0,0.0,1.0,1.0,1.0,2.6919,2.5376,-2.5826,-5.6351,12.9787,22.5649,321.85,340.9648,350.0606,-2.4515,-7.9201,-10.3127
HPE,62.939998626708984,62.94,2026-09-25,False,62.880001068115234,65.6500015258789,-0.91,163.73,ALTO,83550633984.0,32.44,13.69,3.15,10.94,2.64,12.56,6.67,5.67,14.18,0.76,1.11,,YAHOO,-0.0255,-0.0292,-0.023,0.05606,5.2949,-2.352,96.0,2026-12-02,68,2026-09-02,23.0,finnhub,1.0,0.0,1.0,1.0,0.0,0.0,0.0,0.0,1.0,3.5879,1.6254,38.4058,44.3587,28.1223,66.4877,63.52,63.52,63.52,-0.9131,-0.9131,-0.9131
HRL,19.709999084472656,19.71,2026-09-25,False,19.420000076293945,19.96109962463379,-0.66,-15.96,ALTO,10847413248.0,31.79,12.69,1.38,4.29,4.63,8.62,2.82,5.73,10.16,0.36,1.88,,YAHOO,-0.0255,-0.0292,-0.023,0.05606,5.2949,-2.352,96.0,2026-12-02,68,2026-08-27,29.0,finnhub,1.0,0.0,1.0,1.0,0.0,1.0,0.0,0.0,1.0,-5.3769,-4.1808,-22.8873,-24.7593,11.6741,28.4485,22.05,26.05,26.1959,-10.6122,-24.3378,-24.7593
HSIC,86.37000274658203,86.37,2026-09-25,False,85.43000030517578,86.58000183105469,0.98,30.64,ALTO,9625637888.0,25.18,14.4,3.06,8.85,4.39,5.76,2.96,4.63,13.75,0.81,1.32,,YAHOO,-0.0255,-0.0292,-0.023,0.05606,5.2949,-2.352,96.0,2026-11-03,39,,,yahoo,1.0,0.0,1.0,1.0,0.0,0.0,1.0,0.0,0.0,1.8034,-2.2521,0.77,1.6716,35.5253,20.0186,90.86,90.86,90.86,-4.9417,-4.9417,-4.9417
HUBB,466.6199951171875,466.62,2026-09-25,False,461.4200134277344,471.2799987792969,0.16,11.4,ALTO,24652734464.0,27.59,20.36,6.3,24.44,8.43,21.67,14.49,2.01,19.68,1.42,1.61,,YAHOO,-0.0255,-0.0292,-0.023,0.05606,5.2949,-2.352,96.0,2026-10-27,32,,,yahoo,1.0,0.0,1.0,1.0,0.0,0.0,1.0,1.0,0.0,4.4079,1.351,-3.2242,-9.4685,6.3185,30.5165,466.62,518.0148,554.4603,0.0,-9.9215,-15.8425
HUM,397.92999267578125,397.93,2026-09-25,False,386.70721435546875,413.57000732421875,4.63,57.72,ALTO,47783555072.0,37.65,24.02,2.49,6.89,3.9,3.46,0.88,4.06,10.77,0.76,1.74,,YAHOO,-0.0255,-0.0292,-0.023,0.05606,5.2949,-2.352,96.0,2026-11-06,42,,,yahoo,1.0,0.0,1.0,0.0,0.0,0.0,1.0,0.0,1.0,3.0319,-2.8965,2.3719,3.6708,41.6549,33.8829,409.8,409.8,409.8,-2.8965,-2.8965,-2.8965
ICE,154.30999755859375,154.31,2026-09-25,False,152.9499969482422,158.0800018310547,-1.67,-7.46,ALTO,86628786176.0,21.76,17.53,2.93,14.09,2.17,52.63,38.25,4.19,15.82,0.69,1.01,,YAHOO,-0.0255,-0.0292,-0.023,0.05606,5.2949,-2.352,96.0,2026-10-29,34,,,yahoo,1.0,1.0,1.0,1.0,0.0,1.0,1.0,1.0,1.0,-0.7461,-1.6372,1.3771,24.9985,29.4033,22.2434,164.0445,164.0445,173.314,-5.9341,-5.9341,-10.9651
IDXX,519.260009765625,519.26,2026-09-25,False,507.010009765625,520.1599731445312,1.14,-16.94,ALTO,40907886592.0,37.04,31.02,25.4,74.21,27.08,34.98,25.03,2.22,25.78,0.68,1.17,,YAHOO,-0.0255,-0.0292,-0.023,0.05606,5.2949,-2.352,96.0,2026-11-02,38,,,yahoo,1.0,1.0,1.0,1.0,1.0,0.0,1.0,1.0,1.0,1.4873,2.8849,-8.8282,-5.8459,21.1807,27.0743,556.69,595.76,766.68,-6.7237,-12.8407,-32.2716
IEX,230.0800018310547,230.08,2026-09-25,False,228.75999450683594,231.7899932861328,0.69,45.66,ALTO,16961473536.0,33.25,23.9,4.25,12.96,6.84,22.17,14.49,3.28,18.83,0.47,3.05,,YAHOO,-0.0255,-0.0292,-0.023,0.05606,5.2949,-2.352,96.0,2026-10-28,33,,,yahoo,1.0,0.0,1.0,1.0,1.0,1.0,1.0,1.0,1.0,2.8428,2.6181,2.4171,1.6035,15.9596,18.6512,230.28,240.52,240.52,-0.0868,-4.3406,-4.3406
INCY,123.88999938964844,123.89,2026-09-25,False,123.08000183105469,125.98999786376953,-0.44,50.78,ALTO,25112223744.0,15.78,13.94,3.92,30.67,16.83,41.9,27.71,4.7,10.61,0.01,4.59,,YAHOO,-0.0255,-0.0292,-0.023,0.05606,5.2949,-2.352,96.0,2026-10-27,32,,,yahoo,1.0,1.0,1.0,1.0,1.0,1.0,0.0,1.0,0.0,-1.1332,1.9923,-4.6487,8.9143,23.7912,31.4582,128.83,129.93,129.93,-3.8345,-4.6487,-4.6487
INTU,275.7900085449219,275.79,2026-09-25,False,271.44000244140625,277.3900146484375,-0.48,-60.68,ALTO,73701015552.0,16.76,10.19,3.9,23.6,10.47,17.64,21.29,8.62,10.94,0.44,1.51,,YAHOO,-0.0255,-0.0292,-0.023,0.05606,5.2949,-2.352,96.0,2026-11-19,55,,,yahoo,1.0,1.0,1.0,1.0,0.0,1.0,1.0,1.0,1.0,-9.0372,-14.2364,-11.8854,3.4707,24.3005,47.163,359.3,369.92,690.5029,-23.2424,-25.446,-60.0595
INVH,26.6200008392334,26.62,2026-09-25,False,26.19499969482422,26.655000686645508,0.45,-4.63,ALTO,15722390528.0,24.88,37.45,1.74,7.05,2.48,25.11,23.2,7.43,16.15,0.94,0.43,,YAHOO,-0.0255,-0.0292,-0.023,0.05606,5.2949,-2.352,96.0,2026-10-28,33,,,yahoo,1.0,1.0,1.0,1.0,0.0,1.0,1.0,0.0,1.0,0.0367,-2.2517,-10.4163,-11.6222,9.1874,16.6546,28.9143,30.1899,30.2492,-7.9347,-11.8248,-11.9977
IQV,270.3699951171875,270.37,2026-09-25,False,269.5299987792969,274.8999938964844,-1.69,52.08,ALTO,44502900736.0,33.67,18.7,7.21,22.82,5.06,13.03,8.1,4.83,19.29,2.58,0.71,,YAHOO,-0.0255,-0.0292,-0.023,0.05606,5.2949,-2.352,96.0,2026-11-03,39,,,yahoo,1.0,0.0,1.0,1.0,1.0,0.0,1.0,0.0,0.0,1.4826,3.2853,11.2909,41.4513,29.949,39.7902,275.02,275.02,275.02,-1.6908,-1.6908,-1.6908
IR,76.08000183105469,76.08,2026-09-25,False,74.98999786376953,76.77999877929688,1.74,-6.33,ALTO,29518997504.0,31.44,19.42,2.9,9.47,5.1,16.88,12.08,3.75,16.53,0.48,1.62,,YAHOO,-0.0255,-0.0292,-0.023,0.05606,5.2949,-2.352,96.0,2026-10-29,34,,,yahoo,1.0,0.0,1.0,1.0,1.0,0.0,1.0,0.0,1.0,5.9167,4.3192,-12.0255,-6.4791,35.1363,31.0556,78.58,89.9788,98.6875,-3.1815,-15.4467,-22.9081
IRM,111.37999725341797,111.38,2026-09-25,False,110.72000122070312,114.5,-2.38,13.28,ALTO,33158137856.0,78.99,40.8,-25.88,,4.63,19.06,5.54,-1.32,20.89,,0.73,,YAHOO,-0.0255,-0.0292,-0.023,0.05606,5.2949,-2.352,96.0,2026-11-04,40,,,yahoo,1.0,0.0,1.0,1.0,0.0,1.0,0.0,0.0,0.0,-2.5888,-2.5478,-10.7037,-15.2481,26.7022,29.2423,118.13,128.8984,132.0341,-5.714,-13.5909,-15.643
IT,187.89999389648438,187.9,2026-09-25,False,178.50999450683594,189.13999938964844,4.78,-29.33,ALTO,11865692160.0,16.9,11.49,-72.32,113.58,10.17,22.62,12.0,8.87,9.9,,0.88,,YAHOO,-0.0255,-0.0292,-0.023,0.05606,5.2949,-2.352,96.0,2026-11-03,39,,,yahoo,1.0,0.0,1.0,1.0,0.0,0.0,1.0,1.0,1.0,1.1411,4.6272,20.5724,39.2264,48.1681,74.0697,198.39,202.78,264.09,-5.2876,-7.338,-28.85
ITW,274.32000732421875,274.32,2026-09-25,False,271.7200012207031,276.3500061035156,0.85,8.12,ALTO,78126342144.0,24.85,22.12,26.99,104.62,16.92,26.9,19.39,3.11,18.1,3.35,1.11,,YAHOO,-0.0255,-0.0292,-0.023,0.05606,5.2949,-2.352,96.0,2026-10-23,28,,,yahoo,1.0,0.0,1.0,1.0,1.0,0.0,1.0,0.0,0.0,1.8187,2.2971,-7.0606,3.0896,12.3182,20.9328,280.1,297.32,297.32,-2.0635,-7.7358,-7.7358
IVZ,30.920000076293945,30.92,2026-09-25,False,30.415000915527344,31.110000610351562,0.78,41.74,ALTO,13651173376.0,,9.48,1.37,-0.57,2.92,19.95,-0.93,8.36,12.37,0.12,0.71,,YAHOO,-0.0255,-0.0292,-0.023,0.05606,5.2949,-2.352,96.0,2026-10-27,32,,,yahoo,0.0,0.0,1.0,1.0,0.0,1.0,1.0,1.0,1.0,1.2774,-4.2131,5.7656,18.9863,16.1318,33.6021,33.07,33.31,33.31,-6.5014,-7.175,-7.175
JBHT,225.4600067138672,225.46,2026-09-25,False,224.38499450683594,231.64999389648438,-1.61,70.74,ALTO,21174063104.0,32.07,22.5,5.79,18.45,7.38,7.42,5.31,4.26,13.48,0.38,1.25,,YAHOO,-0.0255,-0.0292,-0.023,0.05606,5.2949,-2.352,96.0,2026-10-15,20,,,yahoo,1.0,1.0,1.0,1.0,1.0,0.0,1.0,1.0,1.0,-3.7524,-16.6352,-18.6513,-19.4291,19.2767,42.4218,274.99,297.9075,297.9075,-18.0116,-24.3188,-24.3188
JBL,316.739990234375,316.74,2026-09-25,False,316.0849914550781,331.5799865722656,1.95,49.92,ALTO,33190260736.0,39.69,18.77,25.1,65.88,5.01,5.21,2.57,3.65,14.93,2.97,0.98,,YAHOO,-0.0255,-0.0292,-0.023,0.05606,5.2949,-2.352,96.0,2026-09-30,5,,,yahoo,1.0,0.0,1.0,1.0,1.0,0.0,1.0,0.0,0.0,5.7315,-0.4213,4.5745,-11.6541,15.1563,47.0679,318.08,370.28,385.5467,-0.4213,-14.4593,-17.8465
JKHY,147.7899932861328,147.79,2026-09-25,False,146.52000427246094,148.30499267578125,0.03,0.13,ALTO,10361942016.0,21.23,18.82,5.05,24.04,12.99,22.5,19.76,3.4,14.85,0.04,1.17,,YAHOO,-0.0255,-0.0292,-0.023,0.05606,5.2949,-2.352,96.0,2026-11-03,39,,,yahoo,1.0,1.0,1.0,1.0,0.0,0.0,1.0,1.0,1.0,-4.5593,-8.2733,-5.782,9.8721,11.1798,33.5991,169.1151,172.991,190.3516,-12.6098,-14.5678,-22.3595
KEY,20.610000610351562,20.61,2026-09-25,False,20.304000854492188,20.670000076293945,1.78,13.14,ALTO,21993521152.0,12.05,9.65,1.28,10.33,1.08,34.71,27.54,,,,,,YAHOO,-0.0255,-0.0292,-0.023,0.05606,5.2949,-2.352,96.0,2026-10-20,25,,,yahoo,1.0,1.0,1.0,1.0,1.0,0.0,1.0,0.0,1.0,-0.9611,-5.6319,-8.054,-10.5443,25.3665,21.9427,22.18,23.7624,23.7624,-7.0784,-13.2664,-13.2664
KEYS,362.1499938964844,362.15,2026-09-25,False,358.70001220703125,366.8818054199219,1.29,109.21,ALTO,61654134784.0,48.94,26.11,9.39,20.9,7.23,25.68,19.14,3.03,36.41,0.42,2.02,,YAHOO,-0.0255,-0.0292,-0.023,0.05606,5.2949,-2.352,96.0,2026-11-24,60,,,yahoo,1.0,1.0,1.0,1.0,0.0,0.0,1.0,0.0,0.0,8.1045,6.9425,18.6716,10.1899,3.9904,39.868,362.15,362.15,373.34,0.0,0.0,-2.9973
KHC,23.6299991607666,23.63,2026-09-25,False,23.479999542236328,23.93000030517578,-0.96,-3.12,ALTO,28021014528.0,,11.32,0.78,-8.76,3.63,15.49,-13.64,11.6,8.1,0.53,1.06,,YAHOO,-0.0255,-0.0292,-0.023,0.05606,5.2949,-2.352,96.0,2026-10-28,33,,,yahoo,0.0,0.0,1.0,1.0,0.0,1.0,1.0,0.0,1.0,-3.2747,-3.9431,-12.0594,1.2986,12.0934,28.6357,25.8468,27.1854,27.1854,-8.5766,-13.0783,-13.0783
KIM,22.440000534057617,22.44,2026-09-25,False,22.065000534057617,22.450000762939453,0.85,8.52,ALTO,15052514304.0,26.09,25.5,1.47,5.81,2.37,36.56,27.76,5.79,17.54,0.85,0.97,,YAHOO,-0.0255,-0.0292,-0.023,0.05606,5.2949,-2.352,96.0,2026-10-29,34,,,yahoo,1.0,1.0,1.0,1.0,1.0,0.0,1.0,1.0,1.0,-0.3995,-3.2342,-13.4688,-12.299,15.8503,15.3973,23.8377,26.0712,26.0712,-5.8632,-13.928,-13.928
KMI,30.75,30.75,2026-09-25,False,30.584999084472656,31.270000457763672,-1.6,13.58,ALTO,68474167296.0,19.84,19.91,2.16,10.99,4.45,30.06,19.3,1.57,13.37,0.99,0.46,,YAHOO,-0.0255,-0.0292,-0.023,0.05606,5.2949,-2.352,96.0,2026-10-28,33,,,yahoo,1.0,1.0,1.0,1.0,0.0,1.0,0.0,0.0,1.0,-3.4234,-0.3565,-1.8114,-6.4856,14.3383,21.2283,32.24,32.87,33.9923,-4.6216,-6.4496,-9.5383
KR,58.7400016784668,58.74,2026-09-25,False,57.69499969482422,58.974998474121094,-0.31,-9.21,ALTO,34691178496.0,31.75,10.66,5.99,14.44,5.8,2.98,0.73,7.31,7.11,4.13,0.7,,YAHOO,-0.0255,-0.0292,-0.023,0.05606,5.2949,-2.352,96.0,2026-12-03,69,2026-09-11,14.0,yahoo,1.0,0.0,1.0,1.0,1.0,0.0,1.0,1.0,1.0,-2.1,0.4274,-0.0793,2.4477,29.6659,26.6332,62.25,62.25,74.6913,-5.6386,-5.6386,-21.3563
KVUE,17.799999237060547,17.8,2026-09-25,False,17.55500030517578,17.84000015258789,1.08,15.82,ALTO,34189766656.0,20.94,14.36,3.24,15.58,6.99,19.42,10.76,5.58,11.98,0.82,1.0,,YAHOO,-0.0255,-0.0292,-0.023,0.05606,5.2949,-2.352,96.0,2026-11-05,41,,,yahoo,1.0,1.0,1.0,1.0,1.0,0.0,0.0,1.0,0.0,1.1364,1.307,-7.7815,-4.7927,16.9652,20.7059,18.944,19.3802,19.3802,-6.0387,-8.1535,-8.1535
L,104.81999969482422,104.82,2026-09-25,False,103.91500091552734,105.18000030517578,-0.24,5.16,ALTO,21428113408.0,12.86,36.14,1.12,9.31,1.91,14.53,9.02,5.89,7.69,0.45,0.51,,YAHOO,-0.0255,-0.0292,-0.023,0.05606,5.2949,-2.352,96.0,2026-11-02,38,,,yahoo,1.0,1.0,1.0,1.0,1.0,0.0,1.0,0.0,1.0,-2.7373,-3.6492,-12.1618,-7.3918,6.6432,12.692,110.04,119.3331,119.3331,-4.7437,-12.1618,-12.1618
LDOS,123.61000061035156,123.61,2026-09-25,False,122.2699966430664,124.95999908447266,0.21,-32.37,ALTO,15512091648.0,11.54,9.69,2.94,27.78,8.91,11.72,7.8,7.39,8.98,1.23,1.63,,YAHOO,-0.0255,-0.0292,-0.023,0.05606,5.2949,-2.352,96.0,2026-11-03,39,,,yahoo,1.0,1.0,1.0,1.0,0.0,1.0,1.0,1.0,0.0,-3.1952,-3.7627,4.7748,21.8666,34.2515,38.1759,140.2047,145.8363,197.2656,-11.836,-15.2406,-37.3383
LH,309.6400146484375,309.64,2026-09-25,False,306.5470886230469,312.2900085449219,0.22,12.33,ALTO,25111805952.0,25.17,15.6,2.91,11.73,5.53,12.24,6.99,3.55,13.71,0.79,1.8,,YAHOO,-0.0255,-0.0292,-0.023,0.05606,5.2949,-2.352,96.0,2026-10-27,32,,,yahoo,1.0,1.0,1.0,1.0,1.0,0.0,1.0,1.0,1.0,-3.4517,-0.6099,-1.2494,14.305,34.5305,25.5945,335.11,338.614,338.614,-7.6005,-8.5566,-8.5566
LII,373.7699890136719,373.77,2026-09-25,False,366.06500244140625,377.7850036621094,1.63,-27.77,ALTO,12917743616.0,16.6,14.3,9.96,71.76,15.99,22.86,14.87,2.15,12.72,1.56,1.57,,YAHOO,-0.0255,-0.0292,-0.023,0.05606,5.2949,-2.352,96.0,2026-10-28,33,,,yahoo,1.0,0.0,1.0,0.0,0.0,1.0,1.0,1.0,0.0,4.0475,2.1118,-31.3062,-33.5546,24.4605,51.3323,393.39,570.03,572.95,-4.9874,-34.4298,-34.7639
LNT,63.599998474121094,63.6,2026-09-25,False,62.70000076293945,63.650001525878906,0.46,-0.36,ALTO,16490507264.0,20.25,17.26,2.19,11.13,2.45,19.05,18.45,-6.9,15.63,1.61,0.47,,YAHOO,-0.0255,-0.0292,-0.023,0.05606,5.2949,-2.352,96.0,2026-11-05,41,,,yahoo,1.0,1.0,1.0,1.0,0.0,1.0,0.0,1.0,0.0,-3.0636,-5.4416,-13.154,-17.0438,12.3216,16.4084,68.61,77.4411,77.4411,-7.3021,-17.8731,-17.8731
LOW,189.27999877929688,189.28,2026-09-25,False,187.14500427246094,190.57000732421875,0.42,-25.34,ALTO,106196303872.0,15.99,14.53,-14.28,,12.52,13.36,7.35,4.35,11.4,,1.1,,YAHOO,-0.0255,-0.0292,-0.023,0.05606,5.2949,-2.352,96.0,2026-11-18,54,,,yahoo,1.0,0.0,1.0,1.0,1.0,0.0,0.0,1.0,0.0,-1.6676,-3.8309,-13.2698,-14.3969,35.7132,26.3048,208.05,226.1026,284.2603,-9.0219,-16.2858,-33.4131
LULU,101.30000305175781,101.3,2026-09-25,False,99.42469787597656,103.80000305175781,-0.33,-42.05,ALTO,11214925824.0,8.34,11.72,2.36,30.9,14.4,13.21,12.78,10.24,5.02,0.45,2.19,,YAHOO,-0.0255,-0.0292,-0.023,0.05606,5.2949,-2.352,96.0,2026-12-09,75,2026-09-03,22.0,finnhub,1.0,0.0,1.0,1.0,0.0,1.0,1.0,0.0,0.0,3.3041,2.3543,-15.8078,-13.8386,26.2632,50.9126,121.77,128.58,215.88,-16.8104,-21.2164,-53.0758
LUV,42.68000030517578,42.68,2026-09-25,False,41.189998626708984,42.77000045776367,2.72,35.11,ALTO,20879405056.0,26.35,9.06,2.95,11.1,2.32,3.38,2.78,-4.0,10.26,0.97,0.49,,YAHOO,-0.0255,-0.0292,-0.023,0.05606,5.2949,-2.352,96.0,2026-10-21,26,,,yahoo,1.0,1.0,1.0,1.0,0.0,0.0,1.0,1.0,1.0,4.1484,8.7666,-7.4068,-17.3957,34.7226,35.1029,42.68,50.5731,54.0738,0.0,-15.6074,-21.0708
LW,43.58000183105469,43.58,2026-09-25,False,43.54999923706055,44.459999084472656,-1.78,-15.89,ALTO,5991516160.0,20.95,12.92,3.28,16.28,6.03,9.77,4.39,7.56,9.02,2.21,1.42,,YAHOO,-0.0255,-0.0292,-0.023,0.05606,5.2949,-2.352,96.0,2026-10-06,11,,,yahoo,1.0,0.0,1.0,1.0,1.0,1.0,1.0,0.0,1.0,-6.6209,-8.9237,-19.6256,-2.789,9.293,30.4163,54.98,55.36,64.5724,-20.7348,-21.2789,-32.5098
LYB,60.18000030517578,60.18,2026-09-24,False,60.130001068115234,61.59000015258789,0.35,23.59,ALTO,18781425664.0,,9.13,1.76,-2.27,4.11,17.92,-1.13,6.54,8.57,1.33,1.64,,YAHOO,-0.0255,-0.0292,-0.023,0.05606,5.2949,-2.352,96.0,2026-10-30,35,,,yahoo,0.0,0.0,1.0,1.0,0.0,0.0,1.0,0.0,0.0,-6.3346,-6.4075,3.721,8.8848,28.8004,34.5946,66.57,67.4042,80.6941,-9.5989,-10.7177,-25.4221
LYV,171.05999755859375,171.06,2026-09-24,False,166.11000061035156,171.41000366210938,1.2,4.6,ALTO,39805788160.0,,90.5,478.63,17.68,2.1,6.7,0.51,4.26,28.21,6.2,0.85,,YAHOO,-0.0255,-0.0292,-0.023,0.05606,5.2949,-2.352,96.0,2026-11-03,39,,,yahoo,1.0,0.0,1.0,1.0,0.0,1.0,0.0,1.0,0.0,1.6158,0.5762,-4.6488,-2.3128,12.8459,24.0881,181.65,188.46,188.46,-5.8299,-9.2327,-9.2327
MAA,117.26000213623047,117.26,2026-09-24,False,116.68000030517578,118.62999725341797,-0.44,-13.47,ALTO,14079364096.0,34.61,36.09,2.53,7.05,3.13,25.36,18.17,6.54,15.79,1.02,0.05,,YAHOO,-0.0255,-0.0292,-0.023,0.05606,5.2949,-2.352,96.0,2026-10-28,33,,,yahoo,1.0,0.0,1.0,1.0,1.0,1.0,1.0,0.0,0.0,-3.2269,-5.8001,-12.1385,-14.095,9.5496,18.2437,129.61,140.5626,140.5626,-9.5286,-16.5781,-16.5781
MAR,351.510009765625,351.51,2026-09-24,False,349.6700134277344,354.6300048828125,-0.04,34.27,ALTO,91797553152.0,36.4,26.76,-20.37,,9.76,65.28,35.03,2.24,22.66,,0.54,,YAHOO,-0.0255,-0.0292,-0.023,0.05606,5.2949,-2.352,96.0,2026-11-03,39,,,yahoo,1.0,1.0,1.0,1.0,0.0,1.0,1.0,1.0,0.0,5.2425,6.8192,-8.0498,-7.0427,10.8584,26.8359,353.87,382.7422,401.7236,-0.6669,-8.1601,-12.4995
MAS,67.30999755859375,67.31,2026-09-24,False,67.02999877929688,68.66000366210938,-1.25,-5.15,ALTO,13576353792.0,16.05,14.79,-37.2,5862.5,15.86,23.64,11.61,6.61,11.12,,1.86,,YAHOO,-0.0255,-0.0292,-0.023,0.05606,5.2949,-2.352,96.0,2026-10-29,34,,,yahoo,1.0,0.0,1.0,1.0,1.0,1.0,1.0,0.0,0.0,-1.3484,-0.4879,-16.7014,-15.1967,39.8234,37.7589,73.25,82.4086,82.4086,-8.1092,-18.3216,-18.3216
MCHP,74.69000244140625,74.69,2026-09-24,False,73.12999725341797,74.75,-1.11,15.46,ALTO,42729357312.0,115.72,17.17,6.62,7.19,3.54,23.96,9.34,3.19,31.75,0.84,1.92,,YAHOO,-0.0255,-0.0292,-0.023,0.05606,5.2949,-2.352,96.0,2026-11-05,41,,,yahoo,1.0,1.0,1.0,1.0,0.0,0.0,0.0,1.0,1.0,5.4646,4.3448,-3.5438,-20.1664,23.5583,53.3448,75.82,88.1596,102.0957,-1.4904,-15.2786,-26.8432
MCK,869.3599853515625,869.36,2026-09-24,False,866.5900268554688,896.5999755859375,-1.27,13.81,ALTO,101041872896.0,23.57,17.17,-23.71,,4.74,1.35,1.12,6.73,15.64,,0.89,,YAHOO,-0.0255,-0.0292,-0.023,0.05606,5.2949,-2.352,96.0,2026-11-04,40,,,yahoo,1.0,1.0,1.0,1.0,0.0,0.0,1.0,0.0,1.0,-1.1608,-1.3055,2.3791,13.9399,20.6582,32.2486,924.78,924.78,993.5343,-5.9928,-5.9928,-12.4982
MCO,467.3500061035156,467.35,2026-09-24,False,463.8900146484375,479.0899963378906,-1.37,-1.65,ALTO,81169932288.0,30.12,24.77,26.83,76.93,15.62,49.47,34.25,3.18,21.57,2.41,1.19,,YAHOO,-0.0255,-0.0292,-0.023,0.05606,5.2949,-2.352,96.0,2026-10-21,26,,,yahoo,1.0,1.0,1.0,1.0,0.0,1.0,1.0,1.0,1.0,1.1843,-0.0021,-3.6263,6.7193,16.1404,26.4742,514.95,517.9255,536.0316,-9.2436,-9.765,-12.813
MET,97.25,97.25,2026-09-24,False,97.05999755859375,98.18000030517578,0.05,23.1,ALTO,62086094848.0,18.72,8.94,2.27,13.09,0.45,5.52,4.57,-33.75,14.17,1.8,2.03,,YAHOO,-0.0255,-0.0292,-0.023,0.05606,5.2949,-2.352,96.0,2026-11-09,45,,,yahoo,1.0,0.0,1.0,1.0,1.0,0.0,1.0,0.0,0.0,-0.1027,0.4856,2.797,15.6239,14.4778,20.5943,99.23,99.95,99.95,-1.9954,-2.7013,-2.7013
MGM,33.689998626708984,33.69,2026-09-24,False,33.43000030517578,34.540000915527344,-10.99,-3.43,ALTO,8335633408.0,19.75,15.77,3.26,18.92,1.77,6.79,2.4,10.54,16.29,8.93,1.33,,YAHOO,-0.0255,-0.0292,-0.023,0.05606,5.2949,-2.352,96.0,2026-10-28,33,,,yahoo,1.0,0.0,1.0,1.0,1.0,0.0,1.0,0.0,1.0,-12.0595,-17.2846,-27.2354,-28.6229,93.8877,29.0305,42.97,47.52,50.69,-21.5965,-29.1035,-33.5372
MKC,47.81999969482422,47.82,2026-09-24,False,47.7599983215332,49.5,-2.59,-25.23,ALTO,12888742912.0,7.98,14.55,1.84,24.73,5.14,17.42,21.91,5.54,12.45,0.65,0.78,,YAHOO,-0.0255,-0.0292,-0.023,0.05606,5.2949,-2.352,96.0,2026-10-01,6,,,yahoo,1.0,0.0,1.0,1.0,1.0,0.0,0.0,0.0,1.0,-3.7827,-6.4188,-5.5127,-0.1999,25.2767,25.8354,55.33,56.48,70.3792,-13.5731,-15.3329,-32.0538
MLM,480.1000061035156,480.1,2026-09-24,False,477.3999938964844,490.07000732421875,-2.11,-21.37,ALTO,34394685440.0,31.53,22.69,2.52,8.89,4.57,20.18,36.74,1.73,16.62,0.55,1.41,,YAHOO,-0.0255,-0.0292,-0.023,0.05606,5.2949,-2.352,96.0,2026-11-03,39,,,yahoo,1.0,0.0,1.0,1.0,1.0,1.0,1.0,1.0,1.0,-2.9003,-4.452,-15.9347,-23.5414,28.8302,29.81,530.19,604.3197,705.0884,-9.4476,-20.5553,-31.9092
MNST,42.66999816894531,42.67,2026-09-24,False,42.61000061035156,44.18000030517578,-2.82,30.5,ALTO,84454719488.0,39.92,32.93,9.02,25.7,17.48,29.18,23.08,1.99,27.66,0.01,3.73,,YAHOO,-0.0255,-0.0292,-0.023,0.05606,5.2949,-2.352,96.0,2026-11-05,41,,,yahoo,1.0,0.0,1.0,1.0,0.0,1.0,0.0,1.0,0.0,-4.1339,-0.9747,-10.4794,-10.9465,22.8538,24.8511,46.86,49.97,49.97,-8.9415,-14.6088,-14.6088
MOH,193.30999755859375,193.31,2026-09-24,False,188.02000427246094,194.74000549316406,2.08,0.43,ALTO,9962892288.0,1272.4,19.59,2.38,-0.16,1.16,1.4,-0.02,7.03,12.82,0.95,1.68,,YAHOO,-0.0255,-0.0292,-0.023,0.05606,5.2949,-2.352,96.0,2026-10-21,26,,,yahoo,1.0,0.0,0.0,0.0,0.0,1.0,1.0,0.0,1.0,-5.7438,-3.4801,-3.093,-10.5212,35.7244,39.0835,214.07,242.88,242.88,-9.6978,-20.4093,-20.4093
MPC,390.95001220703125,390.95,2026-09-24,False,387.739990234375,401.0899963378906,0.66,104.9,ALTO,110510161920.0,13.64,8.35,5.84,42.1,8.74,13.56,5.55,8.37,9.33,1.33,1.25,,YAHOO,-0.0255,-0.0292,-0.023,0.05606,5.2949,-2.352,96.0,2026-11-03,39,,,yahoo,1.0,1.0,1.0,1.0,0.0,1.0,1.0,1.0,0.0,-7.349,-0.3746,25.5068,54.6066,43.057,35.2483,424.89,424.89,424.89,-7.988,-7.988,-7.988
MPWR,1335.550048828125,1335.55,2026-09-24,False,1313.0899658203125,1349.6400146484375,-1.47,47.1,ALTO,67199614976.0,83.23,39.21,17.25,21.98,13.57,30.99,24.5,0.66,65.79,0.0,4.97,,YAHOO,-0.0255,-0.0292,-0.023,0.05606,5.2949,-2.352,96.0,2026-10-29,34,,,yahoo,1.0,0.0,1.0,1.0,0.0,1.0,0.0,0.0,1.0,14.1906,12.602,-0.2636,-7.0022,77.2972,54.6666,1380.62,1426.03,1687.3154,-3.2645,-6.3449,-20.8476
MSCI,556.0800170898438,556.08,2026-09-24,False,552.030029296875,563.27001953125,0.07,-1.35,ALTO,40083869696.0,30.13,24.5,-14.9,,21.13,56.3,40.73,2.98,23.58,,0.89,,YAHOO,-0.0255,-0.0292,-0.023,0.05606,5.2949,-2.352,96.0,2026-10-20,25,,,yahoo,1.0,1.0,1.0,1.0,0.0,1.0,1.0,1.0,1.0,1.203,1.5486,-2.2698,2.4807,22.3215,32.147,574.65,634.9691,641.5356,-3.2315,-12.4241,-13.3205
MTB,218.66000366210938,218.66,2026-09-24,False,217.2100067138672,220.74000549316406,-0.42,11.84,ALTO,31943432192.0,11.71,10.49,1.26,10.74,1.41,45.11,32.09,,,,,,YAHOO,-0.0255,-0.0292,-0.023,0.05606,5.2949,-2.352,96.0,2026-10-16,21,,,yahoo,1.0,1.0,1.0,1.0,1.0,0.0,1.0,0.0,1.0,-3.4017,-8.5181,-11.3617,-7.0528,12.559,20.2737,240.06,252.4608,252.4608,-8.9144,-13.3885,-13.3885
MTCH,40.79999923706055,40.8,2026-09-24,False,40.40999984741211,41.47999954223633,0.79,14.7,ALTO,9458957312.0,14.38,8.86,-39.33,,17.36,28.77,20.17,9.84,10.42,,1.72,,YAHOO,-0.0255,-0.0292,-0.023,0.05606,5.2949,-2.352,96.0,2026-11-03,39,,,yahoo,1.0,1.0,1.0,1.0,1.0,0.0,1.0,1.0,1.0,-6.7855,-2.439,5.1546,17.3949,32.7221,34.7514,44.4,44.4,44.4,-8.1081,-8.1081,-8.1081
MTD,1519.1500244140625,1519.15,2026-09-24,False,1478.18994140625,1541.02001953125,1.8,21.35,ALTO,30288066560.0,34.08,29.24,2361.94,,21.1,31.2,21.91,2.29,25.38,166.68,1.12,,YAHOO,-0.0255,-0.0292,-0.023,0.05606,5.2949,-2.352,96.0,2026-11-05,41,,,yahoo,1.0,0.0,1.0,1.0,1.0,1.0,1.0,0.0,0.0,7.7075,18.6298,13.6842,22.1751,27.3485,27.259,1519.15,1519.15,1519.15,0.0,0.0,0.0
NCLH,14.1899995803833,14.19,2026-09-24,False,13.970000267028809,14.550000190734863,0.07,-44.7,ALTO,6708733952.0,8.85,8.63,2.61,36.73,4.25,14.04,7.49,-25.05,8.66,6.21,0.2,,YAHOO,-0.0255,-0.0292,-0.023,0.05606,5.2949,-2.352,96.0,2026-11-04,40,,,yahoo,1.0,0.0,1.0,1.0,0.0,1.0,0.0,1.0,0.0,-1.3899,-2.6081,-29.1563,-32.3642,8.0106,45.0727,16.65,21.22,25.23,-14.7748,-33.1291,-43.7574
NDAQ,94.55000305175781,94.55,2026-09-24,False,94.36000061035156,95.77999877929688,-0.93,8.99,ALTO,52292333568.0,27.27,19.99,4.39,16.52,5.85,49.33,35.04,3.23,18.21,0.78,1.01,,YAHOO,-0.0255,-0.0292,-0.023,0.05606,5.2949,-2.352,96.0,2026-10-22,27,,,yahoo,1.0,1.0,1.0,1.0,1.0,1.0,1.0,1.0,1.0,3.5484,3.108,0.9896,22.176,16.1714,25.0402,99.0153,99.1349,99.9635,-4.5097,-4.6249,-5.4155
NDSN,323.260009765625,323.26,2026-09-24,False,319.2099914550781,324.989990234375,0.57,45.75,ALTO,18145181696.0,32.94,25.09,5.55,17.76,8.47,27.4,18.63,3.38,20.72,0.56,1.82,,YAHOO,-0.0255,-0.0292,-0.023,0.05606,5.2949,-2.352,96.0,2026-12-08,74,2026-08-19,37.0,finnhub,1.0,1.0,1.0,1.0,1.0,0.0,1.0,0.0,1.0,3.6954,5.1423,9.0255,6.4308,8.4835,25.1431,329.8494,333.6978,333.6978,-1.9977,-3.1279,-3.1279
NI,39.119998931884766,39.12,2026-09-24,False,38.95000076293945,39.540000915527344,-0.33,-6.16,ALTO,18904258560.0,21.08,17.5,1.97,8.55,3.24,17.16,13.15,-9.38,12.76,1.47,0.5,,YAHOO,-0.0255,-0.0292,-0.023,0.05606,5.2949,-2.352,96.0,2026-10-28,33,,,yahoo,1.0,1.0,1.0,1.0,0.0,1.0,0.0,0.0,1.0,-4.3755,-5.5529,-14.0316,-17.6278,12.3393,18.1593,41.9,47.5017,48.7533,-6.6349,-17.6451,-19.7593
NOC,508.9800109863281,508.98,2026-09-24,False,508.42999267578125,518.8099975585938,-1.06,-12.71,ALTO,72526012416.0,16.23,16.77,4.06,26.96,7.15,11.6,10.48,3.42,12.03,0.95,1.17,,YAHOO,-0.0255,-0.0292,-0.023,0.05606,5.2949,-2.352,96.0,2026-10-20,25,,,yahoo,1.0,0.0,1.0,1.0,1.0,1.0,1.0,0.0,0.0,-2.8664,-1.9212,-6.6265,2.3962,27.595,26.0353,543.1,586.4728,761.1927,-6.2824,-13.2134,-33.1339
NRG,97.8499984741211,97.85,2026-09-24,False,97.5,100.16000366210938,-2.85,-41.11,ALTO,21098825728.0,26.14,8.97,5.02,23.77,4.06,12.77,2.56,3.66,13.85,4.83,0.97,,YAHOO,-0.0255,-0.0292,-0.023,0.05606,5.2949,-2.352,96.0,2026-11-05,41,,,yahoo,1.0,0.0,1.0,1.0,0.0,1.0,1.0,0.0,0.0,-7.8885,-12.3601,-28.0606,-33.249,18.97,55.8096,119.64,142.4842,182.8192,-18.213,-31.3257,-46.4772
NSC,313.1700134277344,313.17,2026-09-24,False,313.0199890136719,316.8399963378906,-0.58,7.71,ALTO,70302416896.0,26.87,21.87,4.33,16.98,5.95,35.3,21.02,1.97,15.25,1.06,0.83,,YAHOO,-0.0255,-0.0292,-0.023,0.05606,5.2949,-2.352,96.0,2026-10-22,27,,,yahoo,1.0,1.0,1.0,1.0,1.0,0.0,1.0,0.0,0.0,-1.8183,-3.1333,-8.4289,0.7529,21.6758,20.8393,348.68,352.98,352.98,-10.1841,-11.2783,-11.2783
NTAP,197.24000549316406,197.24,2026-09-24,False,192.9600067138672,203.91000366210938,0.46,61.9,ALTO,39508701184.0,28.41,18.09,26.37,114.82,11.66,26.67,19.18,2.96,18.36,1.69,1.24,,YAHOO,-0.0255,-0.0292,-0.023,0.05606,5.2949,-2.352,96.0,2026-12-01,67,2026-09-02,23.0,yahoo,1.0,1.0,1.0,1.0,0.0,1.0,1.0,1.0,1.0,0.1625,7.4292,16.1602,27.9766,29.5159,44.2976,199.28,207.08,207.08,-1.0237,-4.7518,-4.7518
NTRS,174.5,174.5,2026-09-24,False,172.64999389648438,175.3800048828125,0.29,36.65,ALTO,32150794240.0,15.1,13.82,2.57,17.07,1.28,42.5,24.67,,,,,,YAHOO,-0.0255,-0.0292,-0.023,0.05606,5.2949,-2.352,96.0,2026-10-21,26,,,yahoo,1.0,0.0,1.0,1.0,1.0,0.0,1.0,0.0,0.0,-1.379,-6.7792,-3.9431,-0.3676,27.949,22.4502,189.19,190.5711,190.5711,-7.7647,-8.4331,-8.4331
NVR,6235.490234375,6235.4902,2026-09-24,False,6195.85986328125,6295.47021484375,-0.1,-23.35,ALTO,16865936384.0,16.37,15.72,4.97,31.54,16.55,13.89,11.85,5.44,10.81,0.32,5.67,,YAHOO,-0.0255,-0.0292,-0.023,0.05606,5.2949,-2.352,96.0,2026-10-21,26,,,yahoo,1.0,0.0,1.0,0.0,0.0,1.0,1.0,0.0,1.0,-0.108,2.4179,-1.2049,-8.4959,26.1302,26.7948,6396.27,6750.79,8178.0,-2.5136,-7.6332,-23.7529
NWS,31.559999465942383,31.56,2026-09-24,False,31.299999237060547,31.790000915527344,1.09,-6.35,ALTO,17135744000.0,30.83,21.0,2.02,7.98,4.66,12.54,6.35,6.1,13.98,0.32,1.62,,YAHOO,-0.0255,-0.0292,-0.023,0.05606,5.2949,-2.352,96.0,2026-11-05,41,,,yahoo,1.0,0.0,1.0,1.0,0.0,0.0,1.0,0.0,1.0,-5.424,-3.7218,2.3769,11.6971,33.7515,29.3445,35.2141,35.2141,35.2141,-10.3767,-10.3767,-10.3767
NWSA,28.440000534057617,28.44,2026-09-24,False,28.190000534057617,28.75,1.14,-6.15,ALTO,15376294912.0,27.66,18.85,1.82,7.98,4.66,12.54,6.35,6.8,12.66,0.32,1.62,,YAHOO,-0.0255,-0.0292,-0.023,0.05606,5.2949,-2.352,96.0,2026-11-05,41,,,yahoo,1.0,0.0,1.0,1.0,0.0,0.0,1.0,0.0,1.0,-5.7654,-3.1995,4.5647,14.006,33.6807,27.8198,31.0854,31.0854,31.0854,-8.5101,-8.5101,-8.5101
NXPI,230.16000366210938,230.16,2026-09-24,False,229.36000061035156,233.25,-2.24,1.95,ALTO,60035248128.0,20.31,13.16,5.27,27.92,10.46,30.41,22.56,5.92,13.45,0.93,2.04,,YAHOO,-0.0255,-0.0292,-0.023,0.05606,5.2949,-2.352,96.0,2026-10-26,31,,,yahoo,1.0,0.0,1.0,1.0,1.0,0.0,1.0,0.0,0.0,0.9695,2.0867,-13.6266,-22.5838,34.6111,41.1496,237.57,290.9507,330.0601,-3.1191,-20.8938,-30.2672
ODFL,174.92999267578125,174.93,2026-09-24,False,174.5,178.57000732421875,-1.57,23.84,ALTO,36040904704.0,33.33,26.06,7.91,24.82,15.78,28.84,19.44,2.69,19.89,0.0,1.89,,YAHOO,-0.0255,-0.0292,-0.023,0.05606,5.2949,-2.352,96.0,2026-10-28,33,,,yahoo,1.0,0.0,1.0,1.0,1.0,1.0,1.0,0.0,0.0,-0.0914,-3.1127,-22.7404,-20.4063,21.0839,30.5611,199.7498,236.7822,248.3443,-12.4254,-26.122,-29.5615
OKE,91.18000030517578,91.18,2026-09-24,False,90.37000274658203,92.16000366210938,0.71,29.55,ALTO,55873167360.0,15.2,14.21,2.44,16.28,5.77,13.25,9.29,1.61,11.59,1.43,0.74,,YAHOO,-0.0255,-0.0292,-0.023,0.05606,5.2949,-2.352,96.0,2026-10-27,32,,,yahoo,1.0,1.0,1.0,1.0,1.0,0.0,0.0,0.0,1.0,-2.1884,-4.743,3.1379,3.0688,22.2516,25.7443,97.51,97.51,97.51,-6.4916,-6.4916,-6.4916
OMC,74.69999694824219,74.7,2026-09-24,False,74.44000244140625,76.33999633789062,-1.05,0.01,ALTO,20891445248.0,205.81,6.53,2.16,6.05,5.09,15.38,1.74,20.39,8.13,1.08,0.92,,YAHOO,-0.0255,-0.0292,-0.023,0.05606,5.2949,-2.352,96.0,2026-10-20,25,,,yahoo,0.0,0.0,1.0,1.0,1.0,0.0,0.0,0.0,0.0,-3.9846,-5.0118,-8.4236,2.7756,10.7347,35.1,87.3815,88.0348,88.0348,-14.5128,-15.1472,-15.1472
ON,73.1500015258789,73.15,2026-09-24,False,71.79000091552734,73.30000305175781,-1.28,42.66,ALTO,30055397376.0,51.13,17.05,4.16,8.31,6.75,19.53,10.17,5.51,14.79,0.65,3.46,,YAHOO,-0.0255,-0.0292,-0.023,0.05606,5.2949,-2.352,96.0,2026-11-02,38,,,yahoo,1.0,0.0,1.0,1.0,0.0,0.0,1.0,0.0,0.0,7.101,4.2468,-17.8459,-38.3948,29.1055,54.7072,76.14,97.87,133.93,-3.927,-25.258,-45.3819
OTIS,66.68000030517578,66.68,2026-09-24,False,66.57499694824219,68.36499786376953,-2.4,-24.17,ALTO,25101336576.0,16.95,14.52,-4.37,,14.25,15.13,10.17,5.72,12.66,,0.83,,YAHOO,-0.0255,-0.0292,-0.023,0.05606,5.2949,-2.352,96.0,2026-10-28,33,,,yahoo,1.0,0.0,1.0,1.0,0.0,0.0,1.0,1.0,1.0,-2.9403,-1.7823,-8.3424,-8.8902,37.0635,23.9201,71.74,74.5481,92.4955,-7.0532,-10.5544,-27.91
PAYC,220.80999755859375,220.81,2026-09-24,False,220.35000610351562,227.02999877929688,-0.39,1.58,ALTO,9936489472.0,23.33,15.8,16.78,41.09,8.78,31.72,22.78,4.26,14.35,1.72,1.07,,YAHOO,-0.0255,-0.0292,-0.023,0.05606,5.2949,-2.352,96.0,2026-11-04,40,,,yahoo,1.0,0.0,1.0,1.0,0.0,0.0,1.0,1.0,0.0,-2.3224,2.2079,46.1811,77.6768,8.6594,62.4553,240.52,240.52,240.52,-8.1947,-8.1947,-8.1947
PAYX,101.58999633789062,101.59,2026-09-24,False,101.48999786376953,107.5999984741211,-2.78,-18.25,ALTO,36085743616.0,20.11,15.86,9.65,47.05,10.19,38.5,27.35,5.23,12.92,1.25,1.28,,YAHOO,-0.0255,-0.0292,-0.023,0.05606,5.2949,-2.352,96.0,2026-12-18,84,2026-09-23,2.0,yahoo,1.0,1.0,1.0,1.0,0.0,0.0,1.0,1.0,1.0,-12.8058,-11.7989,-11.1121,6.1288,60.6993,35.606,127.34,127.34,127.34,-20.2215,-20.2215,-20.2215
PCG,12.319999694824219,12.32,2026-09-24,False,12.020000457763672,12.510000228881836,-0.73,-16.01,ALTO,37049208832.0,8.88,6.85,0.84,9.32,2.57,24.79,11.83,-16.6,8.87,1.89,1.22,,YAHOO,-0.0255,-0.0292,-0.023,0.05606,5.2949,-2.352,96.0,2026-10-22,27,,,yahoo,1.0,1.0,1.0,1.0,0.0,0.0,0.0,1.0,0.0,-7.9223,-12.1882,-30.0,-27.659,23.096,55.7218,17.95,18.36,19.0001,-31.3649,-32.8976,-35.1581
PEG,66.55999755859375,66.56,2026-09-24,False,66.5,67.58999633789062,-1.11,-17.39,ALTO,33404108800.0,16.67,14.34,1.93,11.83,3.24,18.87,16.04,0.32,12.97,1.42,0.88,,YAHOO,-0.0255,-0.0292,-0.023,0.05606,5.2949,-2.352,96.0,2026-11-02,38,,,yahoo,1.0,1.0,1.0,1.0,0.0,1.0,1.0,1.0,1.0,-6.2271,-8.1678,-15.205,-18.7146,16.3053,15.6619,73.57,81.0519,84.7417,-9.5283,-17.8797,-21.4554
PFG,114.1500015258789,114.15,2026-09-24,False,113.41999816894531,114.94000244140625,0.2,43.35,ALTO,24572788736.0,16.35,11.05,2.03,12.95,0.35,12.34,9.93,4.3,10.92,0.35,1.59,,YAHOO,-0.0255,-0.0292,-0.023,0.05606,5.2949,-2.352,96.0,2026-10-26,31,,,yahoo,1.0,0.0,1.0,1.0,1.0,0.0,1.0,0.0,0.0,-1.5439,-0.7046,3.3498,9.0838,20.5541,23.5893,118.51,118.51,118.51,-3.679,-3.679,-3.679
PGR,202.1699981689453,202.17,2026-09-24,False,200.9600067138672,205.0800018310547,-0.47,-11.23,ALTO,119272202240.0,10.31,0.2,3.48,34.94,7.84,18.21,12.85,12.67,8.16,0.24,0.29,,YAHOO,-0.0255,-0.0292,-0.023,0.05606,5.2949,-2.352,96.0,2026-10-14,19,,,yahoo,1.0,1.0,1.0,1.0,1.0,0.0,0.0,0.0,0.0,-6.5283,-6.485,-6.2987,-6.1614,15.6577,32.4218,223.87,234.48,234.48,-9.6931,-13.7794,-13.7794
PH,974.97998046875,974.98,2026-09-24,False,959.4500122070312,979.489990234375,0.39,30.36,ALTO,123379564544.0,34.36,24.84,8.01,25.08,9.79,23.46,16.97,2.4,23.23,0.57,1.26,,YAHOO,-0.0255,-0.0292,-0.023,0.05606,5.2949,-2.352,96.0,2026-11-05,41,,,yahoo,1.0,0.0,1.0,1.0,1.0,1.0,1.0,1.0,1.0,5.3702,4.3496,-1.05,-1.3099,7.9956,26.3128,1009.1675,1071.7115,1071.7115,-3.3877,-9.0259,-9.0259
PHM,118.18000030517578,118.18,2026-09-24,False,117.51000213623047,119.19000244140625,-0.45,-9.89,ALTO,22829789184.0,12.24,10.87,1.73,14.9,9.21,15.69,11.62,4.72,8.57,0.19,7.27,,YAHOO,-0.0255,-0.0292,-0.023,0.05606,5.2949,-2.352,96.0,2026-10-22,27,,,yahoo,1.0,0.0,1.0,0.0,1.0,1.0,1.0,0.0,0.0,-0.5554,1.7429,-9.3048,-12.7907,39.4125,31.3245,128.269,134.4554,141.6452,-7.8655,-12.1047,-16.5662
PKG,238.11000061035156,238.11,2026-09-24,False,235.72999572753906,241.9199981689453,-1.19,12.45,ALTO,21132333056.0,30.84,18.08,4.51,14.89,8.28,13.12,7.26,2.05,12.41,0.94,2.94,,YAHOO,-0.0255,-0.0292,-0.023,0.05606,5.2949,-2.352,96.0,2026-10-21,26,,,yahoo,1.0,0.0,1.0,1.0,0.0,0.0,1.0,0.0,0.0,1.0782,3.1157,-5.0398,-0.5968,24.3916,28.8116,242.1229,255.7746,255.7746,-1.6574,-6.9063,-6.9063
PNC,223.33999633789062,223.34,2026-09-24,False,220.64999389648438,225.1199951171875,-0.31,12.1,ALTO,90017652736.0,12.43,10.53,1.55,12.62,1.31,38.69,31.37,,,,,,YAHOO,-0.0255,-0.0292,-0.023,0.05606,5.2949,-2.352,96.0,2026-10-15,20,,,yahoo,1.0,1.0,1.0,0.0,1.0,0.0,1.0,0.0,1.0,-3.7369,-8.083,-10.5352,-8.2189,17.5409,18.1476,245.6,256.97,256.97,-9.0635,-13.0871,-13.0871
PNR,53.029998779296875,53.03,2026-09-24,False,52.63999938964844,55.06999969482422,-4.02,-51.69,ALTO,8564135936.0,13.83,10.38,2.28,17.13,8.66,23.44,16.24,6.52,9.89,0.47,1.45,,YAHOO,-0.0255,-0.0292,-0.023,0.05606,5.2949,-2.352,96.0,2026-10-20,25,,,yahoo,1.0,0.0,1.0,1.0,1.0,1.0,1.0,1.0,0.0,-4.8277,-6.5221,-16.0652,-29.9188,28.7658,42.0644,62.1,76.3863,111.0011,-14.6055,-30.5765,-52.2257
PNW,91.08000183105469,91.08,2026-09-24,False,91.02999877929688,92.41999816894531,-1.05,7.63,ALTO,11118633984.0,17.61,16.48,1.58,9.37,2.33,21.34,11.53,-8.36,12.87,2.33,0.59,,YAHOO,-0.0255,-0.0292,-0.023,0.05606,5.2949,-2.352,96.0,2026-11-03,39,,,yahoo,1.0,0.0,1.0,1.0,1.0,0.0,0.0,0.0,0.0,-4.7181,-5.7045,-12.7841,-14.3287,7.3546,16.3885,98.04,108.3845,108.3845,-7.0991,-15.9658,-15.9658
PODD,135.77999877929688,135.78,2026-09-24,False,134.5500030517578,139.35000610351562,-0.52,-59.41,ALTO,9441187840.0,25.59,17.66,6.64,26.02,9.71,16.18,12.29,2.51,16.03,0.67,2.48,,YAHOO,-0.0255,-0.0292,-0.023,0.05606,5.2949,-2.352,96.0,2026-11-05,41,,,yahoo,1.0,0.0,1.0,1.0,1.0,0.0,0.0,1.0,1.0,-4.0763,0.8168,-17.7091,-11.728,13.7356,53.7428,150.58,170.62,346.36,-9.8287,-20.4196,-60.798
POOL,161.7100067138672,161.71,2026-09-24,False,160.3800048828125,167.82000732421875,-2.94,-47.58,ALTO,5992952832.0,15.16,13.96,4.76,31.25,9.9,15.14,7.41,3.55,11.91,1.35,2.67,,YAHOO,-0.0255,-0.0292,-0.023,0.05606,5.2949,-2.352,96.0,2026-10-22,27,,,yahoo,1.0,0.0,1.0,0.0,0.0,1.0,1.0,1.0,0.0,-3.5431,-7.9938,-11.8297,-21.5107,23.741,35.5272,188.07,218.0392,304.39,-14.0161,-25.8344,-46.8741
PPG,106.31999969482422,106.32,2026-09-24,False,105.38999938964844,107.38999938964844,-0.82,2.5,ALTO,23901696000.0,15.43,12.41,2.83,19.3,6.05,14.02,9.57,4.62,11.09,0.87,1.58,,YAHOO,-0.0255,-0.0292,-0.023,0.05606,5.2949,-2.352,96.0,2026-10-27,32,,,yahoo,1.0,1.0,1.0,1.0,0.0,1.0,1.0,0.0,0.0,0.825,1.2089,-9.6976,-12.597,25.3797,29.6917,114.22,124.5553,129.1576,-6.9165,-14.6403,-17.682
PPL,31.969999313354492,31.97,2026-09-24,False,31.90999984741211,32.38999938964844,-0.87,-10.51,ALTO,24104009728.0,18.95,15.12,1.6,8.63,3.2,23.59,13.47,-8.04,11.74,1.35,0.91,,YAHOO,-0.0255,-0.0292,-0.023,0.05606,5.2949,-2.352,96.0,2026-11-04,40,,,yahoo,1.0,1.0,1.0,1.0,0.0,1.0,0.0,1.0,0.0,-4.8512,-6.5478,-10.4807,-12.8759,9.6222,18.4201,34.8204,36.5857,39.1669,-8.186,-12.6161,-18.3749
PRU,118.75,118.75,2026-09-24,False,118.16999816894531,119.6500015258789,0.99,20.08,ALTO,41210249216.0,10.83,8.04,1.31,12.01,0.43,7.52,6.01,18.27,11.87,1.64,0.78,,YAHOO,-0.0255,-0.0292,-0.023,0.05606,5.2949,-2.352,96.0,2026-10-28,33,,,yahoo,1.0,1.0,1.0,1.0,1.0,0.0,1.0,0.0,0.0,0.6953,0.2279,-1.4514,12.2311,11.242,19.6979,123.2,123.7019,123.7019,-3.612,-4.0031,-4.0031
PSA,284.55999755859375,284.56,2026-09-24,False,284.239990234375,288.20001220703125,-0.76,4.63,ALTO,53807853568.0,27.5,28.16,10.45,21.93,6.98,45.7,41.63,4.34,18.9,1.1,0.22,,YAHOO,-0.0255,-0.0292,-0.023,0.05606,5.2949,-2.352,96.0,2026-10-28,33,,,yahoo,1.0,0.0,1.0,1.0,0.0,0.0,0.0,0.0,1.0,-5.3864,-2.417,-11.2772,-10.3699,16.2136,21.7834,310.3261,327.1138,327.1138,-8.3029,-13.0089,-13.0089
PTC,137.41000366210938,137.41,2026-09-24,False,136.39999389648438,141.0500030517578,-2.13,-33.45,ALTO,14986885120.0,13.4,15.47,4.41,35.05,11.54,28.23,41.43,6.88,12.73,0.46,1.02,,YAHOO,-0.0255,-0.0292,-0.023,0.05606,5.2949,-2.352,96.0,2026-11-11,47,,,yahoo,1.0,1.0,1.0,1.0,1.0,1.0,1.0,1.0,1.0,2.2092,6.7511,9.7436,22.088,37.3801,43.8893,158.95,158.95,205.87,-13.5514,-13.5514,-33.254
PWR,643.5,643.5,2026-09-24,False,626.4099731445312,650.6900024414062,1.35,58.93,ALTO,97592410112.0,74.19,32.93,10.12,15.34,5.23,7.22,4.03,2.0,34.09,0.68,1.1,,YAHOO,-0.0255,-0.0292,-0.023,0.05606,5.2949,-2.352,96.0,2026-10-29,34,,,yahoo,1.0,0.0,1.0,1.0,1.0,0.0,0.0,1.0,0.0,4.3728,4.0034,3.7435,-10.4359,17.9786,51.6404,650.58,722.31,785.1201,-1.0883,-10.9108,-18.038
Q,122.30999755859375,122.31,2026-09-24,False,120.05000305175781,123.44999694824219,-1.76,27.73,ALTO,26086213632.0,44.53,23.18,3.6,6.72,5.3,22.32,11.25,2.96,19.62,0.6,2.01,,YAHOO,-0.0255,-0.0292,-0.023,0.05606,5.2949,-2.352,96.0,2026-11-16,52,,,yahoo,1.0,0.0,1.0,1.0,0.0,1.0,0.0,1.0,0.0,4.4224,-0.819,-7.9556,-26.9261,29.9163,47.9114,126.4,153.268,,-3.2358,-20.1986,
RCL,238.97999572753906,238.98,2026-09-24,False,232.0,243.17999267578125,3.77,-26.17,ALTO,64910618624.0,15.0,11.97,6.34,44.67,7.68,27.07,23.54,-2.34,12.67,2.25,0.21,,YAHOO,-0.0255,-0.0292,-0.023,0.05606,5.2949,-2.352,96.0,2026-10-27,32,,,yahoo,1.0,1.0,1.0,1.0,1.0,1.0,0.0,1.0,0.0,-4.3085,-7.185,-21.1906,-25.492,69.4235,33.375,283.1176,325.4858,342.3655,-15.5898,-26.5775,-30.1974
REGN,796.02001953125,796.02,2026-09-24,False,789.3900146484375,807.2100219726562,-0.72,37.73,ALTO,81132650496.0,19.49,12.94,2.49,14.04,6.53,33.11,27.87,3.78,15.61,0.09,3.33,,YAHOO,-0.0255,-0.0292,-0.023,0.05606,5.2949,-2.352,96.0,2026-10-30,35,,,yahoo,1.0,0.0,1.0,1.0,1.0,0.0,1.0,0.0,0.0,0.8322,0.3479,19.4522,28.5112,17.079,30.957,852.03,852.03,852.03,-6.5737,-6.5737,-6.5737
RF,27.260000228881836,27.26,2026-09-24,False,27.079999923706055,27.510000228881836,-0.47,5.45,ALTO,23530295296.0,11.23,9.7,1.35,11.87,1.39,39.31,30.84,,,,,,YAHOO,-0.0255,-0.0292,-0.023,0.05606,5.2949,-2.352,96.0,2026-10-16,21,,,yahoo,1.0,1.0,1.0,1.0,1.0,0.0,1.0,0.0,1.0,-4.2837,-8.9816,-10.4214,-8.1505,18.1082,21.5798,30.44,32.0747,32.0747,-10.4468,-15.0109,-15.0109
RJF,158.75999450683594,158.76,2026-09-24,False,155.5399932861328,159.0500030517578,0.33,-7.33,ALTO,30711025664.0,13.95,11.26,2.42,18.42,2.58,19.3,15.13,,,0.48,2.11,,YAHOO,-0.0255,-0.0292,-0.023,0.05606,5.2949,-2.352,96.0,2026-10-28,33,,,yahoo,1.0,0.0,1.0,1.0,0.0,0.0,1.0,0.0,1.0,-3.0592,-8.5115,-8.5484,5.8503,28.5953,22.646,181.1,181.18,181.18,-12.3357,-12.3744,-12.3744
RL,351.8599853515625,351.86,2026-09-24,False,336.989990234375,354.1600036621094,4.26,13.05,ALTO,21276817408.0,22.5,17.07,7.82,37.54,11.0,18.39,11.76,4.14,14.02,1.1,2.04,,YAHOO,-0.0255,-0.0292,-0.023,0.05606,5.2949,-2.352,96.0,2026-11-05,41,,,yahoo,1.0,1.0,1.0,1.0,0.0,1.0,1.0,1.0,1.0,5.6383,4.5118,-7.3906,-13.9938,44.3188,31.5123,354.04,406.89,413.2399,-0.6158,-13.5245,-14.8533
RMD,221.88999938964844,221.89,2026-09-24,False,220.38999938964844,224.5,-0.18,-19.16,ALTO,32024010752.0,21.28,16.78,4.86,24.27,14.0,30.86,26.95,2.93,14.97,0.13,3.1,,YAHOO,-0.0255,-0.0292,-0.023,0.05606,5.2949,-2.352,96.0,2026-10-29,34,,,yahoo,1.0,0.0,1.0,1.0,1.0,0.0,1.0,1.0,1.0,-2.8588,1.052,9.5759,12.0477,6.4311,36.098,240.33,240.33,280.3143,-7.6728,-7.6728,-20.8424
ROK,432.92999267578125,432.93,2026-09-24,False,426.0,434.45001220703125,0.01,27.16,ALTO,48309583872.0,40.61,29.19,13.8,30.63,9.99,20.97,13.39,2.7,24.55,1.03,1.07,,YAHOO,-0.0255,-0.0292,-0.023,0.05606,5.2949,-2.352,96.0,2026-11-05,41,,,yahoo,1.0,0.0,1.0,1.0,0.0,1.0,1.0,1.0,1.0,5.5798,2.7434,-6.8104,-9.4133,15.3755,27.7328,433.81,481.3871,493.5596,-0.2029,-10.0661,-12.2842
ROL,30.399999618530273,30.4,2026-09-24,False,30.1200008392334,31.579999923706055,-6.43,-45.97,ALTO,14448796672.0,27.3,23.2,10.11,37.01,14.06,18.8,13.55,3.47,17.87,0.78,0.63,,YAHOO,-0.0255,-0.0292,-0.023,0.05606,5.2949,-2.352,96.0,2026-10-28,33,,,yahoo,1.0,1.0,1.0,1.0,0.0,0.0,1.0,1.0,0.0,-7.8788,-12.037,-21.8118,-28.6259,54.6035,32.6495,36.38,45.2396,64.8632,-16.4376,-32.8022,-53.1321
ROP,364.0199890136719,364.02,2026-09-24,False,361.8599853515625,372.70001220703125,-0.64,-28.32,ALTO,35461898240.0,14.95,14.71,1.9,13.07,4.23,27.73,30.24,6.39,14.34,0.61,0.55,,YAHOO,-0.0255,-0.0292,-0.023,0.05606,5.2949,-2.352,96.0,2026-10-22,27,,,yahoo,1.0,0.0,1.0,1.0,0.0,1.0,1.0,0.0,1.0,-2.8658,-6.3204,-2.9332,9.7807,17.317,33.6304,426.2,426.2,516.3225,-14.5894,-14.5894,-29.4976
RSG,212.72000122070312,212.72,2026-09-24,False,212.69000244140625,216.0399932861328,-0.18,-6.32,ALTO,64947777536.0,30.04,26.32,5.39,18.15,6.17,20.43,12.94,2.99,15.05,1.19,0.64,,YAHOO,-0.0255,-0.0292,-0.023,0.05606,5.2949,-2.352,96.0,2026-10-29,34,,,yahoo,1.0,0.0,1.0,1.0,0.0,1.0,1.0,1.0,0.0,-2.8365,-3.7814,-1.9272,-0.0745,13.7498,20.299,225.85,225.85,230.9379,-5.8136,-5.8136,-7.8887
SBAC,166.1199951171875,166.12,2026-09-24,False,164.77999877929688,170.67999267578125,-2.59,-13.68,ALTO,17626540032.0,17.92,20.3,-3.81,,8.41,52.16,34.51,4.27,17.78,,0.17,,YAHOO,-0.0255,-0.0292,-0.023,0.05606,5.2949,-2.352,96.0,2026-11-02,38,,,yahoo,1.0,1.0,1.0,1.0,1.0,0.0,1.0,0.0,1.0,-8.2869,-8.4335,-3.0959,-7.5623,20.0074,31.0829,191.52,191.52,220.8819,-13.2623,-13.2623,-24.7924
SJM,121.66000366210938,121.66,2026-09-24,False,121.56999969482422,124.12000274658203,-0.61,13.88,ALTO,12925604864.0,56.81,11.09,2.25,3.93,6.26,17.9,2.51,11.33,8.76,1.21,0.87,,YAHOO,-0.0255,-0.0292,-0.023,0.05606,5.2949,-2.352,96.0,2026-11-24,60,,,yahoo,0.0,1.0,1.0,1.0,1.0,0.0,0.0,0.0,1.0,-1.6889,0.4873,1.4458,9.1557,26.8149,28.6015,132.34,132.34,132.34,-8.0701,-8.0701,-8.0701
SMCI,41.5099983215332,41.51,2026-09-24,False,39.849998474121094,42.279998779296875,0.17,-11.09,ALTO,28420321280.0,13.27,8.12,2.77,21.47,7.88,13.38,5.71,-29.02,12.17,0.64,3.87,,YAHOO,-0.0255,-0.0292,-0.023,0.05606,5.2949,-2.352,96.0,2026-11-03,39,,,yahoo,1.0,0.0,0.0,0.0,1.0,0.0,0.0,0.0,0.0,2.8748,11.0487,39.2486,31.029,41.4407,89.0821,41.54,41.54,58.68,-0.0722,-0.0722,-29.2604
SNPS,424.9100036621094,424.91,2026-09-24,False,407.0199890136719,425.9700012207031,2.87,-10.16,ALTO,81591214080.0,74.17,24.06,2.62,3.66,1.35,14.52,11.43,4.2,42.8,0.35,1.34,,YAHOO,-0.0255,-0.0292,-0.023,0.05606,5.2949,-2.352,96.0,2026-12-08,74,2026-08-26,30.0,finnhub,1.0,0.0,1.0,1.0,0.0,0.0,0.0,0.0,0.0,11.4752,6.9844,9.2342,-6.6173,23.5086,48.7758,464.89,464.89,534.56,-8.5999,-8.5999,-20.5122
SO,82.88999938964844,82.89,2026-09-24,False,82.83999633789062,83.9800033569336,-0.69,-10.24,ALTO,95342084096.0,19.97,16.83,2.41,11.48,3.27,29.61,15.43,-4.1,12.08,1.82,0.79,,YAHOO,-0.0255,-0.0292,-0.023,0.05606,5.2949,-2.352,96.0,2026-11-05,41,,,yahoo,1.0,0.0,1.0,1.0,0.0,0.0,0.0,0.0,1.0,-4.4606,-5.5385,-13.3764,-12.8616,13.308,16.3864,89.05,97.1776,97.4911,-6.9175,-14.7025,-14.9769
SOLV,88.58999633789062,88.59,2026-09-24,False,88.12000274658203,89.03500366210938,0.25,22.41,ALTO,15235023872.0,10.94,12.38,3.17,33.96,2.7,9.78,17.26,3.21,17.67,1.1,1.02,,YAHOO,-0.0255,-0.0292,-0.023,0.05606,5.2949,-2.352,96.0,2026-11-05,41,,,yahoo,1.0,1.0,1.0,0.0,1.0,1.0,0.0,0.0,1.0,1.211,1.0724,10.0907,13.6935,4.4514,30.258,92.44,92.44,92.44,-4.1649,-4.1649,-4.1649
SPG,204.6999969482422,204.7,2026-09-24,False,203.41000366210938,205.60000610351562,0.26,16.02,ALTO,77754482688.0,14.45,30.14,15.08,120.51,5.63,46.02,66.57,3.34,18.76,5.04,0.27,,YAHOO,-0.0255,-0.0292,-0.023,0.05606,5.2949,-2.352,96.0,2026-11-02,38,,,yahoo,1.0,1.0,1.0,0.0,1.0,0.0,1.0,0.0,0.0,0.1125,0.0147,-10.6932,-8.2456,9.4123,17.2313,212.608,234.1864,234.1864,-3.7195,-12.591,-12.591
SRE,77.73999786376953,77.74,2026-09-24,False,77.66999816894531,78.83000183105469,-0.77,-8.52,ALTO,50958454784.0,22.59,14.08,1.56,6.68,1.96,28.33,16.82,-54.28,16.72,0.85,1.64,,YAHOO,-0.0255,-0.0292,-0.023,0.05606,5.2949,-2.352,96.0,2026-11-04,40,,,yahoo,1.0,0.0,1.0,1.0,1.0,1.0,0.0,1.0,0.0,-4.6082,-6.6751,-14.0899,-16.0945,16.8621,23.007,84.7581,94.536,98.2173,-8.2802,-17.7668,-20.8489
STE,208.77000427246094,208.77,2026-09-24,False,208.57000732421875,211.4499969482422,-0.58,-15.34,ALTO,20370698240.0,25.54,17.06,2.83,11.39,6.8,19.15,13.33,3.92,13.38,0.28,1.91,,YAHOO,-0.0255,-0.0292,-0.023,0.05606,5.2949,-2.352,96.0,2026-11-04,40,,,yahoo,1.0,1.0,1.0,1.0,1.0,1.0,1.0,1.0,1.0,0.3509,-1.7322,-4.1177,-0.5665,11.1995,27.1199,233.0689,238.1833,266.3608,-10.4256,-12.349,-21.6213
STLD,235.1999969482422,235.2,2026-09-24,False,233.2899932861328,237.75999450683594,0.39,73.6,ALTO,33490042880.0,21.18,11.94,3.56,17.57,7.87,11.5,7.83,0.7,13.93,0.47,3.18,,YAHOO,-0.0255,-0.0292,-0.023,0.05606,5.2949,-2.352,96.0,2026-10-19,24,,,yahoo,1.0,0.0,1.0,1.0,0.0,1.0,1.0,0.0,0.0,-4.137,-0.793,-6.0215,-6.0823,26.261,36.9005,247.64,268.6,282.1202,-5.0234,-12.4349,-16.6313
STT,181.08999633789062,181.09,2026-09-24,False,179.08999633789062,182.1699981689453,0.63,63.5,ALTO,49814417408.0,15.99,11.84,2.08,12.44,0.87,34.31,23.0,,,,,,YAHOO,-0.0255,-0.0292,-0.023,0.05606,5.2949,-2.352,96.0,2026-10-14,19,,,yahoo,1.0,1.0,1.0,1.0,0.0,0.0,1.0,0.0,1.0,-1.0816,-5.3372,-1.9333,7.3632,22.3935,23.5969,194.26,194.26,194.26,-6.7796,-6.7796,-6.7796
STX,905.9199829101562,905.92,2026-09-24,False,898.7999877929688,926.010009765625,-1.86,307.7,ALTO,208480731136.0,66.15,16.56,95.95,371.53,29.35,43.07,26.11,0.93,46.64,1.8,1.67,,YAHOO,-0.0255,-0.0292,-0.023,0.05606,5.2949,-2.352,96.0,2026-10-27,32,,,yahoo,1.0,1.0,1.0,1.0,1.0,1.0,0.0,1.0,1.0,12.8891,5.1391,10.974,-11.5778,44.9209,77.9158,923.12,993.9932,1092.3849,-1.8632,-8.8605,-17.0695
STZ,114.20999908447266,114.21,2026-09-24,False,114.12000274658203,117.94000244140625,-2.02,-12.81,ALTO,19408498688.0,10.82,9.25,2.36,23.69,8.57,35.93,20.14,11.39,8.72,1.23,0.91,,YAHOO,-0.0255,-0.0292,-0.023,0.05606,5.2949,-2.352,96.0,2026-10-06,11,,,yahoo,1.0,1.0,1.0,1.0,0.0,1.0,1.0,0.0,0.0,-6.7293,-7.7538,-11.256,-20.3116,10.9763,29.2145,131.43,139.18,164.2807,-13.102,-17.9408,-30.4788
SW,46.0,46.0,2026-09-24,False,44.93000030517578,46.67499923706055,-1.05,8.58,ALTO,24343107584.0,49.37,13.53,1.35,2.71,2.62,5.47,1.59,4.99,8.27,0.78,1.45,,YAHOO,-0.0255,-0.0292,-0.023,0.05606,5.2949,-2.352,96.0,2026-10-28,33,,,yahoo,1.0,1.0,1.0,1.0,0.0,1.0,0.0,0.0,1.0,1.1434,8.9789,-7.3279,-0.8978,27.1374,44.158,48.63,50.341,50.7913,-5.4082,-8.6231,-9.4334
SWK,90.16999816894531,90.17,2026-09-24,False,89.1500015258789,91.76000213623047,-1.73,24.3,ALTO,13802920960.0,22.35,14.33,1.54,6.89,3.8,8.44,4.07,10.28,10.29,0.58,1.43,,YAHOO,-0.0255,-0.0292,-0.023,0.05606,5.2949,-2.352,96.0,2026-11-04,40,,,yahoo,1.0,1.0,1.0,1.0,1.0,0.0,0.0,1.0,1.0,1.1782,1.0535,-3.4143,-1.4682,40.1254,31.4169,98.3838,103.1027,103.1027,-8.3487,-12.5435,-12.5435
SYK,269.75,269.75,2026-09-24,False,269.7300109863281,275.7099914550781,-1.34,-27.53,ALTO,104469954560.0,28.19,16.29,4.36,16.51,8.16,27.02,14.43,3.93,15.79,0.64,2.16,,YAHOO,-0.0255,-0.0292,-0.023,0.05606,5.2949,-2.352,96.0,2026-10-29,34,,,yahoo,1.0,0.0,1.0,1.0,0.0,0.0,0.0,1.0,0.0,-3.7054,-0.0963,-19.8937,-14.438,10.9298,39.8737,330.69,352.25,385.3856,-18.4281,-23.4209,-30.0052
TAP,36.349998474121094,36.35,2026-09-24,False,36.279998779296875,37.29999923706055,-0.74,-17.1,ALTO,6703019008.0,,7.35,0.66,-19.47,3.79,11.3,-20.81,13.95,5.64,0.76,0.88,,YAHOO,-0.0255,-0.0292,-0.023,0.05606,5.2949,-2.352,96.0,2026-11-03,39,,,yahoo,0.0,0.0,1.0,1.0,1.0,0.0,1.0,0.0,1.0,-6.9857,-5.437,-10.5915,-9.2903,12.3238,30.8794,41.46,42.8703,52.5761,-12.3251,-15.2094,-30.8622
TDG,1105.280029296875,1105.28,2026-09-24,False,1096.8599853515625,1115.06005859375,0.0,-15.92,ALTO,61699653632.0,33.89,23.08,-6.65,,11.82,46.01,21.28,2.36,18.15,,3.02,,YAHOO,-0.0255,-0.0292,-0.023,0.05606,5.2949,-2.352,96.0,2026-11-05,41,,,yahoo,1.0,1.0,1.0,0.0,0.0,1.0,0.0,1.0,1.0,2.7202,-1.9168,-14.0709,-17.0559,19.2325,25.5648,1186.48,1348.49,1450.0,-6.8438,-18.0357,-23.7738
TDY,612.02001953125,612.02,2026-09-24,False,610.010009765625,623.8499755859375,-1.45,7.59,ALTO,28469338112.0,29.68,22.94,2.61,9.15,5.14,20.2,15.29,3.21,18.94,0.19,2.18,,YAHOO,-0.0255,-0.0292,-0.023,0.05606,5.2949,-2.352,96.0,2026-10-21,26,,,yahoo,1.0,1.0,1.0,1.0,1.0,0.0,1.0,0.0,1.0,1.6678,2.6018,-6.0815,-2.4187,19.8005,20.306,626.5,691.3,691.3,-2.3112,-11.4682,-11.4682
TECH,72.56999969482422,72.57,2026-09-24,False,72.51000213623047,72.62999725341797,0.07,41.55,ALTO,11386572800.0,62.59,31.48,5.38,9.03,6.67,27.87,14.97,2.02,34.15,0.14,4.55,,YAHOO,-0.0255,-0.0292,-0.023,0.05606,5.2949,-2.352,96.0,2026-11-09,45,,,yahoo,1.0,1.0,1.0,1.0,1.0,1.0,0.0,1.0,0.0,0.221,0.6798,1.4386,2.7587,1.2526,3.7485,72.57,72.57,72.57,0.0,0.0,0.0
TEL,213.6699981689453,213.67,2026-09-24,False,208.75999450683594,215.77999877929688,-0.34,-0.74,ALTO,63284690944.0,21.41,16.92,4.78,23.29,9.69,20.77,15.61,3.69,13.74,0.43,1.88,,YAHOO,-0.0255,-0.0292,-0.023,0.05606,5.2949,-2.352,96.0,2026-10-28,33,,,yahoo,1.0,0.0,1.0,1.0,0.0,0.0,1.0,1.0,0.0,3.4221,4.4177,3.3357,7.2146,18.4737,31.7209,214.39,217.8394,246.3216,-0.3358,-1.914,-13.2557
TER,387.70001220703125,387.7,2026-09-24,False,376.0199890136719,388.5400085449219,-0.37,190.67,ALTO,62283030528.0,54.65,34.19,19.84,36.46,19.75,33.16,25.77,0.7,41.24,0.03,2.12,,YAHOO,-0.0255,-0.0292,-0.023,0.05606,5.2949,-2.352,96.0,2026-10-21,26,,,yahoo,1.0,0.0,1.0,1.0,0.0,0.0,1.0,0.0,1.0,9.7896,4.73,15.8553,-17.8217,48.9272,82.7308,398.69,442.9698,483.6542,-2.7565,-12.4771,-19.8394
TKO,185.05999755859375,185.06,2026-09-24,False,180.0,186.82000732421875,-2.13,-4.92,ALTO,34573897728.0,64.09,39.02,4.0,7.06,4.5,32.39,4.33,2.48,14.0,0.59,1.28,,YAHOO,-0.0255,-0.0292,-0.023,0.05606,5.2949,-2.352,96.0,2026-11-04,40,,,yahoo,1.0,1.0,1.0,1.0,0.0,1.0,1.0,1.0,0.0,-2.2398,-2.0155,1.6175,-8.8235,21.8124,29.4598,194.5235,201.6045,222.2776,-4.865,-8.2064,-16.7438
TPL,338.25,338.25,2026-09-24,False,334.1300048828125,342.6700134277344,0.75,8.26,ALTO,23525193728.0,43.45,4.66,14.07,36.57,25.81,78.18,60.32,-0.14,31.41,0.01,4.55,,YAHOO,-0.0255,-0.0292,-0.023,0.05606,5.2949,-2.352,96.0,2026-11-04,40,,,yahoo,1.0,0.0,1.0,1.0,0.0,0.0,0.0,0.0,0.0,-2.5778,-7.6072,-14.5799,-13.361,66.6599,43.3441,381.9,432.4058,538.102,-11.4297,-21.7749,-37.1402
TRGP,283.1499938964844,283.15,2026-09-24,False,281.4100036621094,285.79998779296875,0.05,67.04,ALTO,59577516032.0,26.59,23.0,16.29,70.84,9.24,27.8,13.54,0.11,14.4,5.16,0.77,,YAHOO,-0.0255,-0.0292,-0.023,0.05606,5.2949,-2.352,96.0,2026-11-05,41,,,yahoo,1.0,1.0,1.0,1.0,0.0,0.0,1.0,1.0,0.0,-0.6735,-3.0009,6.2902,4.0319,20.143,31.5009,296.06,302.25,302.25,-4.3606,-6.3193,-6.3193
TRMB,57.689998626708984,57.69,2026-09-24,False,57.58000183105469,59.349998474121094,-2.75,-28.72,ALTO,13489453056.0,,14.03,2.38,-1.94,4.8,15.13,-2.77,5.09,16.74,0.29,0.95,,YAHOO,-0.0255,-0.0292,-0.023,0.05606,5.2949,-2.352,96.0,2026-11-04,40,,,yahoo,1.0,0.0,1.0,0.0,0.0,0.0,1.0,1.0,0.0,0.6279,1.4954,3.4427,14.8288,35.3088,33.9973,61.54,61.54,83.52,-6.2561,-6.2561,-30.9267
TROW,104.2699966430664,104.27,2026-09-24,False,102.9800033569336,104.9000015258789,-0.29,5.16,ALTO,22506956800.0,10.59,10.22,2.05,19.4,10.66,28.69,29.26,8.99,7.05,0.04,4.04,,YAHOO,-0.0255,-0.0292,-0.023,0.05606,5.2949,-2.352,96.0,2026-10-30,35,,,yahoo,1.0,0.0,1.0,0.0,0.0,1.0,1.0,0.0,0.0,1.3905,-1.8437,-11.4444,-0.7268,7.2381,24.1362,110.9794,120.1849,120.1849,-6.0456,-13.242,-13.242
TRV,362.3900146484375,362.39,2026-09-24,False,361.8500061035156,366.489990234375,0.55,32.05,ALTO,75721080832.0,9.75,11.99,2.29,26.51,4.78,23.7,16.95,19.51,6.95,0.27,0.32,,YAHOO,-0.0255,-0.0292,-0.023,0.05606,5.2949,-2.352,96.0,2026-10-16,21,,,yahoo,1.0,1.0,1.0,1.0,0.0,0.0,1.0,0.0,0.0,-4.506,-1.4066,-6.8454,14.2446,19.9174,28.2917,379.49,395.8665,395.8665,-4.506,-8.4565,-8.4565
TSCO,31.440000534057617,31.44,2026-09-24,False,31.40999984741211,32.779998779296875,-2.63,-44.8,ALTO,16813965312.0,16.81,15.76,6.42,39.51,7.82,12.07,6.42,0.61,11.97,2.49,1.33,,YAHOO,-0.0255,-0.0292,-0.023,0.05606,5.2949,-2.352,96.0,2026-10-22,27,,,yahoo,1.0,0.0,1.0,1.0,1.0,0.0,1.0,1.0,0.0,-4.2048,-6.2053,-0.449,2.9503,30.3595,31.3049,35.29,36.18,56.0017,-10.9096,-13.1013,-43.8589
TSN,51.13999938964844,51.14,2026-09-24,False,50.939998626708984,51.790000915527344,-0.43,-3.73,ALTO,17913731072.0,31.43,12.34,0.99,3.26,2.56,2.71,1.03,6.65,9.12,0.44,1.43,,YAHOO,-0.0255,-0.0292,-0.023,0.05606,5.2949,-2.352,96.0,2026-11-16,52,,,yahoo,1.0,0.0,1.0,1.0,1.0,0.0,1.0,0.0,1.0,-2.1431,-2.5162,-14.9771,-10.6965,7.6841,26.9401,55.81,60.6141,67.5448,-8.3677,-15.6302,-24.2873
TTD,12.630000114440918,12.63,2026-09-24,False,12.489999771118164,12.850000381469727,-0.39,-73.99,ALTO,5957218304.0,0.15,12.48,2.3,15.44,6.25,14.21,13.61,9.79,6.98,0.17,1.72,,YAHOO,-0.0255,-0.0292,-0.023,0.05606,5.2949,-2.352,96.0,2026-11-05,41,,,yahoo,1.0,1.0,1.0,1.0,0.0,0.0,1.0,0.0,1.0,-11.4306,-9.592,-29.3624,-27.1206,38.2454,65.712,15.09,19.79,54.13,-16.3022,-36.1799,-76.6673
TTWO,202.97999572753906,202.98,2026-09-24,False,202.3699951171875,209.39999389648438,-1.62,-17.79,ALTO,37665341440.0,,19.57,10.64,-9.04,-0.62,0.51,-4.79,3.33,50.6,0.82,1.06,,YAHOO,-0.0255,-0.0292,-0.023,0.05606,5.2949,-2.352,96.0,2026-11-09,45,,,yahoo,0.0,1.0,1.0,1.0,1.0,1.0,0.0,1.0,1.0,-3.6274,-6.4436,-16.7944,-14.9715,31.1412,34.4425,235.39,258.41,262.29,-13.7686,-21.4504,-22.6124
TYL,326.8500061035156,326.85,2026-09-24,False,325.8900146484375,338.260009765625,-1.71,-38.43,ALTO,13332831232.0,42.73,21.21,4.39,9.73,4.18,14.74,13.36,4.46,30.14,0.48,1.55,,YAHOO,-0.0255,-0.0292,-0.023,0.05606,5.2949,-2.352,96.0,2026-10-28,33,,,yahoo,1.0,1.0,1.0,1.0,0.0,0.0,0.0,1.0,1.0,-4.3095,-2.5724,3.4728,16.2795,15.8791,44.8603,379.27,379.27,529.72,-13.8213,-13.8213,-38.2976
UDR,33.54999923706055,33.55,2026-09-24,False,33.400001525878906,34.02000045776367,-0.71,-6.02,ALTO,12431605760.0,21.42,60.43,3.75,13.74,2.24,20.18,29.56,6.27,17.11,1.56,0.18,,YAHOO,-0.0255,-0.0292,-0.023,0.05606,5.2949,-2.352,96.0,2026-10-28,33,,,yahoo,1.0,1.0,1.0,1.0,1.0,0.0,1.0,1.0,1.0,-1.9293,-4.1317,-13.885,-13.2004,11.0399,18.2614,36.9678,40.7677,40.7677,-9.2454,-17.7045,-17.7045
UHS,176.99000549316406,176.99,2026-09-24,False,176.6699981689453,184.8800048828125,-2.43,-11.92,ALTO,10541385728.0,7.48,7.45,1.4,20.95,8.32,11.14,8.42,4.73,5.86,0.69,1.12,,YAHOO,-0.0255,-0.0292,-0.023,0.05606,5.2949,-2.352,96.0,2026-10-26,31,,,yahoo,1.0,1.0,1.0,1.0,1.0,0.0,1.0,1.0,1.0,-2.0802,2.4722,11.2285,22.6624,35.7781,32.5397,181.39,181.39,243.1212,-2.4257,-2.4257,-27.2009
ULTA,548.780029296875,548.78,2026-09-24,False,542.1799926757812,551.8599853515625,0.91,1.52,ALTO,23311374336.0,19.87,17.0,8.59,46.12,14.84,12.51,9.34,3.92,13.25,0.95,1.34,,YAHOO,-0.0255,-0.0292,-0.023,0.05606,5.2949,-2.352,96.0,2026-12-03,69,2026-08-27,29.0,yahoo,1.0,0.0,1.0,1.0,1.0,0.0,1.0,0.0,0.0,0.9288,2.4551,14.2078,13.0293,34.0637,33.2042,564.12,565.15,706.82,-2.7193,-2.8966,-22.3593
UPS,92.05000305175781,92.05,2026-09-24,False,91.62999725341797,95.69999694824219,-3.93,15.98,ALTO,79939436544.0,17.46,11.64,5.31,29.6,7.28,9.05,5.08,7.0,8.61,1.9,1.18,,YAHOO,-0.0255,-0.0292,-0.023,0.05606,5.2949,-2.352,96.0,2026-10-27,32,,,yahoo,1.0,0.0,1.0,1.0,0.0,1.0,1.0,1.0,0.0,-8.1062,-7.9224,-17.2044,-14.4473,43.9642,29.9403,105.68,115.8725,115.8725,-12.8974,-20.5593,-20.5593
URI,1021.6699829101562,1021.67,2026-09-24,False,1006.2000122070312,1028.5400390625,-1.0,9.13,ALTO,65171623936.0,25.43,18.27,7.08,28.89,8.77,25.99,15.67,2.62,17.15,1.67,0.76,,YAHOO,-0.0255,-0.0292,-0.023,0.05606,5.2949,-2.352,96.0,2026-10-21,26,,,yahoo,1.0,0.0,1.0,1.0,1.0,0.0,1.0,0.0,0.0,1.9092,3.295,-9.2629,-10.1866,22.6012,36.7996,1043.04,1164.8199,1164.8199,-2.0488,-12.2894,-12.2894
VICI,23.270000457763672,23.27,2026-09-24,False,23.18000030517578,23.6200008392334,-1.81,-22.85,ALTO,25886332928.0,9.11,7.86,0.89,9.85,4.82,70.18,67.5,1.03,12.05,0.6,11.24,,YAHOO,-0.0255,-0.0292,-0.023,0.05606,5.2949,-2.352,96.0,2026-10-29,34,,,yahoo,1.0,1.0,1.0,0.0,1.0,0.0,0.0,1.0,1.0,-3.484,-4.1055,-11.3469,-10.6117,22.0539,19.791,25.3849,26.6801,30.7538,-8.3312,-12.7815,-24.3347
VLO,382.8599853515625,382.86,2026-09-24,False,373.1700134277344,393.0,1.87,127.93,ALTO,111479750656.0,16.15,10.18,4.46,27.64,10.56,12.27,5.45,7.55,8.84,0.4,1.64,,YAHOO,-0.0255,-0.0292,-0.023,0.05606,5.2949,-2.352,96.0,2026-10-22,27,,,yahoo,1.0,0.0,1.0,1.0,0.0,1.0,1.0,1.0,0.0,-7.1922,-0.6668,26.0419,50.686,50.2897,35.1259,413.28,413.28,413.28,-7.3606,-7.3606,-7.3606
VLTO,96.19999694824219,96.2,2026-09-24,False,95.53500366210938,97.57499694824219,0.33,-9.38,ALTO,23682084864.0,24.41,20.36,7.66,34.31,10.31,21.37,17.35,3.41,18.1,1.16,1.77,,YAHOO,-0.0255,-0.0292,-0.023,0.05606,5.2949,-2.352,96.0,2026-10-21,26,,,yahoo,1.0,0.0,1.0,1.0,1.0,0.0,0.0,1.0,0.0,0.9974,2.9428,2.0365,9.4918,4.6305,23.4895,98.57,100.1,106.6836,-2.4044,-3.8961,-9.8268
VMC,241.6999969482422,241.7,2026-09-24,False,241.19000244140625,245.13999938964844,-1.1,-18.06,ALTO,31746789376.0,29.2,23.0,3.75,13.23,6.04,21.61,13.75,2.66,15.6,0.58,1.76,,YAHOO,-0.0255,-0.0292,-0.023,0.05606,5.2949,-2.352,96.0,2026-10-29,34,,,yahoo,1.0,1.0,1.0,1.0,1.0,1.0,1.0,1.0,1.0,-1.1452,-3.5515,-14.8831,-22.6287,26.8331,29.2177,274.51,304.2746,328.4807,-11.9522,-20.5652,-26.4188
VRSK,168.64999389648438,168.65,2026-09-24,False,167.6199951171875,175.1300048828125,-1.83,-30.82,ALTO,22023700480.0,25.99,19.45,-18.98,,18.96,45.11,28.24,4.79,17.21,,1.0,,YAHOO,-0.0255,-0.0292,-0.023,0.05606,5.2949,-2.352,96.0,2026-10-28,33,,,yahoo,1.0,0.0,1.0,1.0,1.0,1.0,1.0,1.0,0.0,-4.4368,-3.8428,-18.1738,-4.4837,16.6863,39.7468,193.8304,212.5802,249.0066,-12.991,-20.6652,-32.2709
VRSN,291.8800048828125,291.88,2026-09-24,False,291.5299987792969,298.1300048828125,-0.48,2.66,ALTO,25967400960.0,31.32,25.97,-11.52,,45.12,68.18,49.77,3.21,22.97,,0.59,,YAHOO,-0.0255,-0.0292,-0.023,0.05606,5.2949,-2.352,96.0,2026-10-22,27,,,yahoo,1.0,1.0,1.0,1.0,0.0,1.0,1.0,1.0,1.0,-3.367,1.049,6.5195,16.698,31.5827,29.9644,308.18,308.18,309.0927,-5.2891,-5.2891,-5.5688
VTR,86.83000183105469,86.83,2026-09-24,False,86.7300033569336,88.48999786376953,0.22,29.11,ALTO,44416024576.0,157.44,109.61,3.03,2.01,2.17,14.81,4.09,3.35,24.23,0.85,0.29,,YAHOO,-0.0255,-0.0292,-0.023,0.05606,5.2949,-2.352,96.0,2026-10-27,32,,,yahoo,1.0,1.0,1.0,1.0,1.0,0.0,0.0,0.0,1.0,-1.0033,-3.9916,-13.2654,-0.1046,4.9997,25.8333,92.89,100.53,100.53,-6.5238,-13.6278,-13.6278
VTRS,17.420000076293945,17.42,2026-09-24,False,17.0,17.450000762939453,1.75,84.82,ALTO,20479375360.0,,6.67,1.42,-2.75,2.67,12.55,-2.79,13.07,7.59,0.96,1.58,,YAHOO,-0.0255,-0.0292,-0.023,0.05606,5.2949,-2.352,96.0,2026-11-05,41,,,yahoo,0.0,0.0,1.0,1.0,1.0,0.0,1.0,0.0,1.0,1.6929,6.3492,-0.5065,9.2137,13.8873,28.3402,17.42,17.727,17.727,0.0,-1.7321,-1.7321
WAB,290.2300109863281,290.23,2026-09-24,False,287.3500061035156,292.0899963378906,-0.68,50.69,ALTO,48646324224.0,38.76,23.12,4.34,11.55,6.17,19.19,10.59,2.26,20.73,0.62,1.12,,YAHOO,-0.0255,-0.0292,-0.023,0.05606,5.2949,-2.352,96.0,2026-10-21,26,,,yahoo,1.0,0.0,1.0,1.0,0.0,0.0,1.0,1.0,0.0,4.0922,3.5537,-3.4465,2.8605,19.0691,29.1443,297.28,305.4747,305.4747,-2.3715,-4.9905,-4.9905
WAT,430.29998779296875,430.3,2026-09-24,False,418.0,436.3399963378906,2.31,46.1,ALTO,42567495680.0,109.48,26.2,2.8,1.92,3.56,9.42,3.59,-0.33,32.73,0.36,1.86,,YAHOO,-0.0255,-0.0292,-0.023,0.05606,5.2949,-2.352,96.0,2026-10-30,35,,,yahoo,1.0,0.0,1.0,1.0,1.0,0.0,0.0,0.0,0.0,0.135,7.1357,15.9213,14.1712,22.8825,27.1607,430.3,430.3,430.3,0.0,0.0,0.0
WDAY,190.99000549316406,190.99,2026-09-24,False,189.7100067138672,195.74000549316406,-0.72,-21.86,ALTO,45657448448.0,38.9,14.32,7.06,16.01,4.51,11.82,12.32,6.67,29.02,0.58,0.91,,YAHOO,-0.0255,-0.0292,-0.023,0.05606,5.2949,-2.352,96.0,2026-11-23,59,2026-08-27,29.0,finnhub,1.0,1.0,1.0,1.0,1.0,0.0,1.0,1.0,1.0,-4.16,3.1876,29.4497,67.8738,28.3505,66.4525,206.92,206.92,247.69,-7.6986,-7.6986,-22.8915
WEC,100.9000015258789,100.9,2026-09-24,False,100.86000061035156,102.18000030517578,-0.27,-7.78,ALTO,33057417216.0,19.7,16.91,,11.99,3.03,21.8,16.69,-7.12,14.24,1.58,0.53,,YAHOO,-0.0255,-0.0292,-0.023,0.05606,5.2949,-2.352,96.0,2026-10-29,34,,,yahoo,1.0,0.0,1.0,1.0,1.0,0.0,0.0,0.0,1.0,-3.657,-4.224,-10.5785,-13.0609,12.7733,17.1889,107.06,117.8031,117.8229,-5.7538,-14.3486,-14.363
WM,207.9600067138672,207.96,2026-09-24,False,207.58999633789062,210.24000549316406,0.04,-4.58,ALTO,82673098752.0,29.25,22.69,8.33,29.84,6.57,18.99,11.12,2.84,13.57,2.35,0.91,,YAHOO,-0.0255,-0.0292,-0.023,0.05606,5.2949,-2.352,96.0,2026-10-27,32,,,yahoo,1.0,0.0,1.0,1.0,1.0,1.0,0.0,1.0,1.0,-2.5172,-2.7429,-12.1988,-6.3658,16.5434,21.5263,220.7444,241.1841,243.3986,-5.7915,-13.7754,-14.5599
WMB,70.58000183105469,70.58,2026-09-24,False,70.29000091552734,71.44999694824219,-0.75,14.76,ALTO,84716584960.0,27.59,26.86,6.44,21.5,5.03,39.54,24.94,-1.79,16.71,2.0,0.48,,YAHOO,-0.0255,-0.0292,-0.023,0.05606,5.2949,-2.352,96.0,2026-11-02,38,,,yahoo,1.0,1.0,1.0,1.0,0.0,1.0,0.0,1.0,1.0,-1.7128,-2.3722,0.4274,-8.3032,7.769,25.9291,75.2833,75.4322,78.2497,-6.2475,-6.4326,-9.8016
WSM,228.66000366210938,228.66,2026-09-24,False,225.8000030517578,229.82000732421875,0.36,14.78,ALTO,27312990208.0,23.81,22.06,14.6,54.96,16.64,17.27,14.73,3.92,16.76,0.71,1.45,,YAHOO,-0.0255,-0.0292,-0.023,0.05606,5.2949,-2.352,96.0,2026-11-18,54,,,yahoo,1.0,0.0,1.0,1.0,0.0,0.0,1.0,0.0,0.0,4.4491,2.199,-2.4446,-4.4308,30.5818,28.3205,238.4,251.78,251.78,-4.0856,-9.1826,-9.1826
WST,373.6000061035156,373.6,2026-09-24,False,370.7099914550781,382.7099914550781,-0.6,43.24,ALTO,26069997568.0,47.43,37.11,8.72,19.09,11.38,22.47,16.98,1.07,28.45,0.11,2.82,,YAHOO,-0.0255,-0.0292,-0.023,0.05606,5.2949,-2.352,96.0,2026-10-22,27,,,yahoo,1.0,0.0,1.0,1.0,1.0,1.0,1.0,1.0,0.0,1.9094,8.5258,12.8586,7.8728,22.9086,25.1354,375.87,375.87,375.87,-0.6039,-0.6039,-0.6039
WTW,293.6300048828125,293.63,2026-09-24,False,293.1199951171875,303.9800109863281,-1.79,-14.39,ALTO,27303419904.0,18.2,12.86,3.56,19.76,5.08,17.56,15.49,5.18,11.66,0.91,1.1,,YAHOO,-0.0255,-0.0292,-0.023,0.05606,5.2949,-2.352,96.0,2026-10-29,34,,,yahoo,1.0,1.0,1.0,1.0,0.0,1.0,1.0,0.0,0.0,-5.5822,-6.9053,-2.9771,14.3617,7.0749,30.0492,343.75,350.75,350.75,-14.5804,-16.2851,-16.2851
WY,20.139999389648438,20.14,2026-09-24,False,20.1299991607666,21.229999542236328,-4.87,-16.12,ALTO,14421927936.0,30.32,29.76,1.53,4.97,0.67,8.03,6.89,0.09,28.12,0.58,1.82,,YAHOO,-0.0255,-0.0292,-0.023,0.05606,5.2949,-2.352,96.0,2026-10-29,34,,,yahoo,1.0,0.0,1.0,1.0,0.0,0.0,1.0,0.0,0.0,-7.0175,-8.4129,-14.9927,-21.0976,48.1406,30.6853,23.484,25.6045,26.396,-14.2394,-21.3419,-23.7006
WYNN,80.19000244140625,80.19,2026-09-24,False,77.05999755859375,81.2699966430664,-1.55,-36.66,ALTO,8353242112.0,19.45,15.74,-48.78,,5.73,16.54,6.05,5.7,9.8,,0.91,,YAHOO,-0.0255,-0.0292,-0.023,0.05606,5.2949,-2.352,96.0,2026-11-05,41,,,yahoo,1.0,0.0,1.0,1.0,1.0,0.0,1.0,0.0,0.0,-3.339,-9.3078,-19.3718,-19.1122,26.2668,24.369,95.26,104.5341,132.129,-15.8199,-23.2882,-39.3093
XEL,69.55999755859375,69.56,2026-09-24,False,69.54000091552734,70.88999938964844,-1.56,-8.91,ALTO,43599474688.0,19.39,15.37,1.81,9.92,2.37,22.7,15.28,-18.14,13.59,1.73,0.7,,YAHOO,-0.0255,-0.0292,-0.023,0.05606,5.2949,-2.352,96.0,2026-10-29,34,,,yahoo,1.0,0.0,1.0,1.0,0.0,1.0,0.0,1.0,0.0,-5.5276,-7.0141,-13.1202,-14.2255,15.8856,18.1402,76.543,81.3046,82.0098,-9.123,-14.4452,-15.1809
XYL,102.66000366210938,102.66,2026-09-24,False,102.25,108.12000274658203,-5.5,-27.35,ALTO,23962750976.0,24.44,16.43,2.18,9.18,5.11,17.0,11.15,4.94,13.14,0.29,1.61,,YAHOO,-0.0255,-0.0292,-0.023,0.05606,5.2949,-2.352,96.0,2026-11-03,39,,,yahoo,1.0,1.0,1.0,1.0,1.0,0.0,0.0,1.0,0.0,-4.5911,-3.6509,-14.2388,-11.9225,46.8978,28.1284,112.65,124.825,150.8356,-8.8682,-17.7568,-31.9391
YUM,137.33999633789062,137.34,2026-09-24,False,137.25,140.6199951171875,-2.34,-7.26,ALTO,37832278016.0,17.86,20.01,-5.24,,22.69,32.78,25.41,2.2,16.48,,0.59,,YAHOO,-0.0255,-0.0292,-0.023,0.05606,5.2949,-2.352,96.0,2026-11-03,39,,,yahoo,1.0,0.0,1.0,1.0,1.0,0.0,1.0,0.0,0.0,1.1713,-4.5521,-6.6086,-8.6725,24.0337,30.3383,153.0882,166.6498,166.6498,-10.287,-17.5877,-17.5877
ZBH,89.69000244140625,89.69,2026-09-24,False,89.0199966430664,92.51000213623047,-1.31,-9.37,ALTO,17364760576.0,22.42,10.04,1.37,6.41,3.88,17.96,9.48,6.17,9.71,0.6,1.69,,YAHOO,-0.0255,-0.0292,-0.023,0.05606,5.2949,-2.352,96.0,2026-11-05,41,,,yahoo,1.0,0.0,1.0,1.0,0.0,1.0,1.0,0.0,0.0,-4.8382,-2.9749,-2.585,-1.3962,19.9465,31.3341,100.91,101.38,103.1494,-11.1188,-11.5309,-13.0485
ZBRA,365.1000061035156,365.1,2026-09-24,False,362.760009765625,370.6400146484375,-1.6,17.42,ALTO,17506836480.0,33.89,16.67,5.11,15.29,7.32,21.26,9.22,3.29,17.16,0.86,0.52,,YAHOO,-0.0255,-0.0292,-0.023,0.05606,5.2949,-2.352,96.0,2026-11-03,39,,,yahoo,1.0,0.0,1.0,1.0,0.0,0.0,1.0,0.0,1.0,4.9711,6.1306,37.9871,50.0062,33.3209,62.8662,371.02,383.06,383.06,-1.5956,-4.6886,-4.6886
ZTS,70.2699966430664,70.27,2026-09-24,False,69.93000030517578,72.37999725341797,-1.87,-50.38,ALTO,29359538176.0,11.59,10.88,,64.91,15.35,40.72,27.68,6.87,9.09,2.94,3.08,,YAHOO,-0.0255,-0.0292,-0.023,0.05606,5.2949,-2.352,96.0,2026-11-05,41,,,yahoo,1.0,0.0,1.0,1.0,0.0,1.0,1.0,1.0,0.0,-3.7661,-3.5548,-8.6453,-9.0724,29.6454,31.044,77.34,77.93,144.75,-9.1415,-9.8293,-51.4542
